1,1,0,1,0,1018,1031,5,2,2,-11,3,0,0,0,0,0,0,0,0,0,0,0,0,0,0,0,0,0,0,0,0,0,0,0,20645
1,1,0,1,2,1017,1029,2,-2,1,-11,3,0,0,0,0,0,0,0,0,0,0,0,0,0,0,0,0,0,0,0,0,0,0,0,20655
1,1,0,1,1,1018,1032,-5,1,2,-10,2,-3,0,0,0,0,0,0,0,0,0,0,0,0,0,0,0,0,0,0,0,0,0,0,20675
1,1,0,1,-4,1015,1034,-3,3,2,-11,2,-3,0,0,0,0,0,0,0,0,0,0,0,0,0,0,0,0,0,0,0,0,0,0,20685
1,1,0,1,2,1016,1034,-3,3,3,-13,3,1,0,0,0,0,0,0,0,0,0,0,0,0,0,0,0,0,0,0,0,0,0,0,20695
1,1,0,1,-1,1015,1035,-3,-1,1,-12,5,1,0,0,0,0,0,0,0,0,0,0,0,0,0,0,0,0,0,0,0,0,0,0,20705
1,1,0,1,4,1014,1031,3,5,5,-10,3,0,0,0,0,0,0,0,0,0,0,0,0,0,0,0,0,0,0,0,0,0,0,0,20715
1,1,0,1,2,1019,1028,2,2,2,-9,2,-1,0,0,0,0,0,0,0,0,0,0,0,0,0,0,0,0,0,0,0,0,0,0,20725
1,1,0,1,1,1016,1032,2,-2,1,-10,1,3,0,0,0,0,0,0,0,0,0,0,0,0,0,0,0,0,0,0,0,0,0,0,20735
1,1,0,1,1,1015,1028,3,-6,2,-9,2,-1,0,0,0,0,0,0,0,0,0,0,0,0,0,0,0,0,0,0,0,0,0,0,20745
1,1,0,1,-2,1016,1029,5,-2,2,-9,2,2,0,0,0,0,0,0,0,0,0,0,0,0,0,0,0,0,0,0,0,0,0,0,20755
1,1,0,1,-3,1011,1034,8,0,2,-9,2,2,0,0,0,0,0,0,0,0,0,0,0,0,0,0,0,0,0,0,0,0,0,0,20765
1,1,0,1,2,1017,1032,8,-1,1,-11,2,1,0,0,0,0,0,0,0,0,0,0,0,0,0,0,0,0,0,0,0,0,0,0,20775
1,1,0,1,0,1018,1038,9,-4,3,-11,2,3,0,0,0,0,0,0,0,0,0,0,0,0,0,0,0,0,0,0,0,0,0,0,20785
1,1,0,1,3,1019,1035,11,-3,4,-9,2,1,0,0,0,0,0,0,0,0,0,0,0,0,0,0,0,0,0,0,0,0,0,0,20795
1,1,0,1,2,1017,1028,14,2,3,-9,2,-7,0,0,0,0,0,0,0,0,0,0,0,0,0,0,0,0,0,0,0,0,0,0,20805
1,1,0,1,0,1018,1031,15,2,3,-9,2,0,0,0,0,0,0,0,0,0,0,0,0,0,0,0,0,0,0,0,0,0,0,0,20815
1,1,0,1,2,1016,1028,14,-2,2,-9,2,-1,0,0,0,0,0,0,0,0,0,0,0,0,0,0,0,0,0,0,0,0,0,0,20825
1,1,0,1,-2,1016,1036,14,-2,3,-7,2,-4,0,0,0,0,0,0,0,0,0,0,0,0,0,0,0,0,0,0,0,0,0,0,20835
1,1,0,1,2,1015,1036,8,-5,0,-8,2,-3,0,0,0,0,0,0,0,0,0,0,0,0,0,0,0,0,0,0,0,0,0,0,20845
1,1,0,1,1,1016,1035,7,-1,1,-10,1,-2,0,0,0,0,0,0,0,0,0,0,0,0,0,0,0,0,0,0,0,0,0,0,20855
1,1,0,1,3,1018,1031,6,-1,3,-8,1,0,0,0,0,0,0,0,0,0,0,0,0,0,0,0,0,0,0,0,0,0,0,0,20865
1,1,0,1,1,1014,1029,1,-3,1,-10,2,0,0,0,0,0,0,0,0,0,0,0,0,0,0,0,0,0,0,0,0,0,0,0,20875
1,1,0,1,1,1018,1032,-1,1,2,-8,2,-1,0,0,0,0,0,0,0,0,0,0,0,0,0,0,0,0,0,0,0,0,0,0,20885
1,1,0,1,1,1019,1032,-6,-7,1,-8,2,0,0,0,0,0,0,0,0,0,0,0,0,0,0,0,0,0,0,0,0,0,0,0,20895
1,1,0,1,2,1019,1027,-6,-5,2,-9,3,-1,0,0,0,0,0,0,0,0,0,0,0,0,0,0,0,0,0,0,0,0,0,0,20905
1,1,0,1,1,1017,1029,-7,-3,1,-10,1,-2,0,0,0,0,0,0,0,0,0,0,0,0,0,0,0,0,0,0,0,0,0,0,20915
1,1,0,1,3,1015,1033,-10,-5,2,-10,3,-2,0,0,0,0,0,0,0,0,0,0,0,0,0,0,0,0,0,0,0,0,0,0,20925
1,1,0,1,0,1014,1032,-7,0,3,-11,3,-1,0,0,0,0,0,0,0,0,0,0,0,0,0,0,0,0,0,0,0,0,0,0,20935
1,1,0,1,1,1014,1034,-3,-1,4,-9,2,-3,0,0,0,0,0,0,0,0,0,0,0,0,0,0,0,0,0,0,0,0,0,0,20945
1,1,0,1,-2,1013,1030,0,1,3,-9,3,-4,0,0,0,0,0,0,0,0,0,0,0,0,0,0,0,0,0,0,0,0,0,0,20955
1,1,0,1,4,1018,1037,2,0,4,-10,3,2,0,0,0,0,0,0,0,0,0,0,0,0,0,0,0,0,0,0,0,0,0,0,20965
1,1,0,1,3,1018,1030,5,0,3,-12,5,2,0,0,0,0,0,0,0,0,0,0,0,0,0,0,0,0,0,0,0,0,0,0,20975
1,1,0,1,0,1015,1033,10,-5,2,-10,3,-2,0,0,0,0,0,0,0,0,0,0,0,0,0,0,0,0,0,0,0,0,0,0,20985
1,1,0,1,2,1018,1031,10,-4,2,-13,7,-2,0,0,0,0,0,0,0,0,0,0,0,0,0,0,0,0,0,0,0,0,0,0,20995
1,1,0,1,0,1015,1029,16,-4,3,-14,7,1,0,0,0,0,0,0,0,0,0,0,0,0,0,0,0,0,0,0,0,0,0,0,21005
1,1,0,1,3,1015,1033,20,3,3,-10,4,-1,0,0,0,0,0,0,0,0,0,0,0,0,0,0,0,0,0,0,0,0,0,0,21015
1,1,0,1,2,1016,1027,20,3,2,-11,2,-2,0,0,0,0,0,0,0,0,0,0,0,0,0,0,0,0,0,0,0,0,0,0,21025
1,1,0,1,2,1016,1027,22,5,2,-9,3,1,0,0,0,0,0,0,0,0,0,0,0,0,0,0,0,0,0,0,0,0,0,0,21035
1,1,0,1,1,1016,1034,17,-2,2,-7,2,-2,0,0,0,0,0,0,0,0,0,0,0,0,0,0,0,0,0,0,0,0,0,0,21045
1,1,0,1,2,1014,1026,15,-2,3,-8,2,-3,0,0,0,0,0,0,0,0,0,0,0,0,0,0,0,0,0,0,0,0,0,0,21055
1,1,0,1,1,1014,1025,12,2,1,-7,2,1,0,0,0,0,0,0,0,0,0,0,0,0,0,0,0,0,0,0,0,0,0,0,21065
1,1,0,1,1,1018,1029,7,2,2,-10,2,5,0,0,0,0,0,0,0,0,0,0,0,0,0,0,0,0,0,0,0,0,0,0,21075
1,1,0,1,-2,1017,1028,4,1,2,-8,1,-4,0,0,0,0,0,0,0,0,0,0,0,0,0,0,0,0,0,0,0,0,0,0,21085
1,1,0,1,-2,1014,1025,-3,1,3,-10,2,-5,0,0,0,0,0,0,0,0,0,0,0,0,0,0,0,0,0,0,0,0,0,0,21095
1,1,0,1,1,1016,1035,-8,-3,1,-10,2,-2,0,0,0,0,0,0,0,0,0,0,0,0,0,0,0,0,0,0,0,0,0,0,21105
1,1,0,1,2,1017,1028,-9,1,2,-8,2,1,0,0,0,0,0,0,0,0,0,0,0,0,0,0,0,0,0,0,0,0,0,0,21115
1,1,0,1,1,1013,1029,-8,2,3,-8,2,-2,0,0,0,0,0,0,0,0,0,0,0,0,0,0,0,0,0,0,0,0,0,0,21125
1,1,0,1,0,1015,1032,-10,2,1,-9,3,-1,0,0,0,0,0,0,0,0,0,0,0,0,0,0,0,0,0,0,0,0,0,0,21135
1,1,0,1,0,1017,1032,-7,0,1,-10,3,-1,0,0,0,0,0,0,0,0,0,0,0,0,0,0,0,0,0,0,0,0,0,0,21145
1,1,0,1,2,1016,1034,-1,6,3,-11,2,-2,0,0,0,0,0,0,0,0,0,0,0,0,0,0,0,0,0,0,0,0,0,0,21155
1,1,0,1,4,1017,1031,6,6,4,-13,2,0,0,0,0,0,0,0,0,0,0,0,0,0,0,0,0,0,0,0,0,0,0,0,21165
1,1,0,1,1,1018,1037,5,-2,1,-13,2,-3,0,0,0,0,0,0,0,0,0,0,0,0,0,0,0,0,0,0,0,0,0,0,21175
1,1,0,1,0,1015,1037,5,-7,0,-9,2,0,0,0,0,0,0,0,0,0,0,0,0,0,0,0,0,0,0,0,0,0,0,0,21185
1,1,0,1,-5,1019,1036,12,-2,1,-12,2,1,0,0,0,0,0,0,0,0,0,0,0,0,0,0,0,0,0,0,0,0,0,0,21195
1,1,0,1,4,1018,1036,18,5,1,-11,2,0,0,0,0,0,0,0,0,0,0,0,0,0,0,0,0,0,0,0,0,0,0,0,21205
1,1,0,1,2,1016,1031,26,4,2,-9,2,-1,0,0,0,0,0,0,0,0,0,0,0,0,0,0,0,0,0,0,0,0,0,0,21215
1,1,0,1,-1,1019,1031,26,-1,1,-9,2,-2,0,0,0,0,0,0,0,0,0,0,0,0,0,0,0,0,0,0,0,0,0,0,21225
1,1,0,1,2,1018,1026,28,1,0,-11,2,-2,0,0,0,0,0,0,0,0,0,0,0,0,0,0,0,0,0,0,0,0,0,0,21235
1,1,0,1,1,1021,1028,27,-3,0,-11,3,0,0,0,0,0,0,0,0,0,0,0,0,0,0,0,0,0,0,0,0,0,0,0,21245
1,1,0,1,0,1017,1031,22,-6,0,-12,5,1,0,0,0,0,0,0,0,0,0,0,0,0,0,0,0,0,0,0,0,0,0,0,21255
1,1,0,1,6,1013,1025,15,-3,0,-11,-1,-1,0,0,0,0,0,0,0,0,0,0,0,0,0,0,0,0,0,0,0,0,0,0,21265
1,1,0,1,4,1013,1027,9,0,1,-15,5,2,0,0,0,0,0,0,0,0,0,0,0,0,0,0,0,0,0,0,0,0,0,0,21275
1,1,0,1,4,1013,1024,-1,-5,1,-13,2,1,0,0,0,0,0,0,0,0,0,0,0,0,0,0,0,0,0,0,0,0,0,0,21285
1,1,0,1,2,1013,1025,-10,-6,2,-10,2,2,0,0,0,0,0,0,0,0,0,0,0,0,0,0,0,0,0,0,0,0,0,0,21295
1,1,0,1,-1,1015,1031,-19,-1,2,-10,4,0,0,0,0,0,0,0,0,0,0,0,0,0,0,0,0,0,0,0,0,0,0,0,21305
1,1,0,1,1,1019,1026,-22,4,1,-12,5,0,0,0,0,0,0,0,0,0,0,0,0,0,0,0,0,0,0,0,0,0,0,0,21315
1,1,0,1,-2,1018,1034,-21,0,3,-12,5,2,0,0,0,0,0,0,0,0,0,0,0,0,0,0,0,0,0,0,0,0,0,0,21325
1,1,0,1,-2,1017,1033,-18,-2,2,-11,3,2,0,0,0,0,0,0,0,0,0,0,0,0,0,0,0,0,0,0,0,0,0,0,21335
1,1,0,1,-2,1017,1024,-15,-5,1,-10,4,1,0,0,0,0,0,0,0,0,0,0,0,0,0,0,0,0,0,0,0,0,0,0,21345
1,1,0,1,-2,1017,1032,-11,-6,2,-8,1,-2,0,0,0,0,0,0,0,0,0,0,0,0,0,0,0,0,0,0,0,0,0,0,21355
1,1,0,1,1,1015,1030,-3,0,2,-9,2,2,0,0,0,0,0,0,0,0,0,0,0,0,0,0,0,0,0,0,0,0,0,0,21365
1,1,0,1,0,1012,1033,-3,-4,1,-10,2,-2,0,0,0,0,0,0,0,0,0,0,0,0,0,0,0,0,0,0,0,0,0,0,21375
1,1,0,1,2,1011,1029,2,-4,3,-11,2,-1,0,0,0,0,0,0,0,0,0,0,0,0,0,0,0,0,0,0,0,0,0,0,21385
1,1,0,1,-1,1013,1035,11,2,2,-13,2,-2,0,0,0,0,0,0,0,0,0,0,0,0,0,0,0,0,0,0,0,0,0,0,21395
1,1,0,1,2,1019,1037,20,7,4,-11,2,-2,0,0,0,0,0,0,0,0,0,0,0,0,0,0,0,0,0,0,0,0,0,0,21405
1,1,0,1,3,1017,1031,20,-3,1,-11,2,-3,0,0,0,0,0,0,0,0,0,0,0,0,0,0,0,0,0,0,0,0,0,0,21415
1,1,0,1,-1,1014,1027,26,-2,3,-6,2,0,0,0,0,0,0,0,0,0,0,0,0,0,0,0,0,0,0,0,0,0,0,0,21425
1,1,0,1,-2,1015,1030,28,2,3,-9,2,-2,0,0,0,0,0,0,0,0,0,0,0,0,0,0,0,0,0,0,0,0,0,0,21435
1,1,0,1,0,1014,1031,27,-8,1,-8,2,-3,0,0,0,0,0,0,0,0,0,0,0,0,0,0,0,0,0,0,0,0,0,0,21445
1,1,0,1,2,1019,1031,26,1,2,-10,2,-2,0,0,0,0,0,0,0,0,0,0,0,0,0,0,0,0,0,0,0,0,0,0,21455
1,1,0,1,2,1020,1032,16,-5,1,-8,2,1,0,0,0,0,0,0,0,0,0,0,0,0,0,0,0,0,0,0,0,0,0,0,21465
1,1,0,1,0,1012,1030,6,-1,1,-9,2,-4,0,0,0,0,0,0,0,0,0,0,0,0,0,0,0,0,0,0,0,0,0,0,21485
1,1,0,1,-1,1014,1031,-1,-2,2,-8,2,0,0,0,0,0,0,0,0,0,0,0,0,0,0,0,0,0,0,0,0,0,0,0,21495
1,1,0,1,-1,1021,1035,-7,3,3,-7,1,-3,0,0,0,0,0,0,0,0,0,0,0,0,0,0,0,0,0,0,0,0,0,0,21505
1,1,0,1,-1,1017,1032,-7,4,3,-7,2,-2,0,0,0,0,0,0,0,0,0,0,0,0,0,0,0,0,0,0,0,0,0,0,21515
1,1,0,1,1,1019,1022,-8,3,2,-7,1,-1,0,0,0,0,0,0,0,0,0,0,0,0,0,0,0,0,0,0,0,0,0,0,21525
1,1,0,1,-1,1020,1031,-10,1,1,-9,3,-1,0,0,0,0,0,0,0,0,0,0,0,0,0,0,0,0,0,0,0,0,0,0,21535
1,1,0,1,-2,1020,1032,-6,-1,2,-8,3,-3,0,0,0,0,0,0,0,0,0,0,0,0,0,0,0,0,0,0,0,0,0,0,21545
1,1,0,1,-3,1017,1033,-4,3,2,-8,1,-1,0,0,0,0,0,0,0,0,0,0,0,0,0,0,0,0,0,0,0,0,0,0,21555
1,1,0,1,-1,1018,1034,-5,0,1,-9,4,-3,0,0,0,0,0,0,0,0,0,0,0,0,0,0,0,0,0,0,0,0,0,0,21565
1,1,0,1,0,1011,1034,-9,-4,3,-9,1,-3,0,0,0,0,0,0,0,0,0,0,0,0,0,0,0,0,0,0,0,0,0,0,21575
1,1,0,1,-1,1015,1033,-5,3,3,-8,1,-2,0,0,0,0,0,0,0,0,0,0,0,0,0,0,0,0,0,0,0,0,0,0,21585
1,1,0,1,1,1014,1035,-5,-3,2,-9,3,-6,0,0,0,0,0,0,0,0,0,0,0,0,0,0,0,0,0,0,0,0,0,0,21595
1,1,0,1,5,1013,1034,4,3,3,-8,1,-2,0,0,0,0,0,0,0,0,0,0,0,0,0,0,0,0,0,0,0,0,0,0,21605
1,1,0,1,2,1016,1034,10,0,2,-9,0,-3,0,0,0,0,0,0,0,0,0,0,0,0,0,0,0,0,0,0,0,0,0,0,21615
1,1,0,1,2,1016,1033,11,-3,2,-10,3,3,0,0,0,0,0,0,0,0,0,0,0,0,0,0,0,0,0,0,0,0,0,0,21625
1,1,0,1,-4,1016,1031,17,-2,2,-6,1,2,0,0,0,0,0,0,0,0,0,0,0,0,0,0,0,0,0,0,0,0,0,0,21635
1,1,0,1,-2,1014,1035,20,0,2,-9,2,4,0,0,0,0,0,0,0,0,0,0,0,0,0,0,0,0,0,0,0,0,0,0,21645
1,1,0,1,-1,1017,1035,18,-3,2,-8,2,-1,0,0,0,0,0,0,0,0,0,0,0,0,0,0,0,0,0,0,0,0,0,0,21655
1,1,0,1,-2,1014,1034,16,-4,2,-8,2,0,0,0,0,0,0,0,0,0,0,0,0,0,0,0,0,0,0,0,0,0,0,0,21665
1,1,0,1,0,1019,1028,17,1,2,-10,3,-3,0,0,0,0,0,0,0,0,0,0,0,0,0,0,0,0,0,0,0,0,0,0,21675
1,1,0,1,2,1016,1034,14,-4,1,-9,2,-3,0,0,0,0,0,0,0,0,0,0,0,0,0,0,0,0,0,0,0,0,0,0,21695
1,1,0,1,0,1019,1026,13,4,4,-9,1,-1,0,0,0,0,0,0,0,0,0,0,0,0,0,0,0,0,0,0,0,0,0,0,21705
1,1,0,1,-4,1019,1029,8,3,2,-11,2,-2,0,0,0,0,0,0,0,0,0,0,0,0,0,0,0,0,0,0,0,0,0,0,21715
1,1,0,1,-1,1025,1014,-58,3,4,-1,1,-3,0,0,0,0,0,0,0,0,0,0,0,0,0,0,0,0,0,0,0,0,0,0,21725
1,1,0,1,-9,981,1158,396,73,58,2,2,-2,0,0,0,0,0,0,0,0,0,0,0,0,0,0,0,0,0,0,0,0,0,0,21735
1,1,0,1,-28,1001,1199,1406,231,221,2,0,-9,0,0,0,0,0,0,0,0,0,0,0,0,0,0,0,0,0,0,0,0,0,0,21745
1,1,0,1,-32,1092,1000,1717,497,396,-5,-1,-10,0,0,0,0,0,0,0,0,0,0,0,0,0,0,0,0,0,0,0,0,0,0,21755
1,1,0,1,-99,1122,846,1362,793,609,-8,-1,-7,0,0,0,0,0,0,0,0,0,0,0,0,0,0,0,0,0,0,0,0,0,0,21765
1,1,0,1,-103,1211,749,872,1050,766,-7,-2,-8,0,0,0,0,0,0,0,0,0,0,0,0,0,0,0,0,0,0,0,0,0,0,21775
1,1,0,1,36,1178,870,801,1339,860,-4,-1,-14,0,0,0,0,0,0,0,0,0,0,0,0,0,0,0,0,0,0,0,0,0,0,21785
1,1,0,1,100,1153,1028,1021,1563,1049,-8,-1,-5,0,0,0,0,0,0,0,0,0,0,0,0,0,0,0,0,0,0,0,0,0,0,21795
1,1,0,1,99,1024,1026,954,1705,1196,-5,-2,-6,0,0,0,0,0,0,0,0,0,0,0,0,0,0,0,0,0,0,0,0,0,0,21805
1,1,0,1,70,991,1120,626,1966,1284,-6,1,-2,0,0,0,0,0,0,0,0,0,0,0,0,0,0,0,0,0,0,0,0,0,0,21815
1,1,0,1,63,1180,992,682,1991,1224,-10,3,2,0,0,0,0,0,0,0,0,0,0,0,0,0,0,0,0,0,0,0,0,0,0,21825
1,1,0,1,116,1045,956,494,1497,745,-13,4,7,0,0,0,0,0,0,0,0,0,0,0,0,0,0,0,0,0,0,0,0,0,0,21835
1,1,0,1,-146,925,1103,50,901,326,-8,4,4,0,0,0,0,0,0,0,0,0,0,0,0,0,0,0,0,0,0,0,0,0,0,21845
1,1,0,1,-97,1322,1123,541,658,-72,3,2,10,0,0,0,0,0,0,0,0,0,0,0,0,0,0,0,0,0,0,0,0,0,0,21855
1,1,0,1,17,1378,906,1475,593,-255,0,2,3,0,0,0,0,0,0,0,0,0,0,0,0,0,0,0,0,0,0,0,0,0,0,21865
1,1,0,1,-173,1249,954,1627,633,-219,-6,8,3,0,0,0,0,0,0,0,0,0,0,0,0,0,0,0,0,0,0,0,0,0,0,21875
1,1,0,1,-267,1323,1203,1335,741,-39,-11,2,-9,0,0,0,0,0,0,0,0,0,0,0,0,0,0,0,0,0,0,0,0,0,0,21885
1,1,0,1,-81,1468,1319,545,800,469,-13,0,-3,0,0,0,0,0,0,0,0,0,0,0,0,0,0,0,0,0,0,0,0,0,0,21895
1,1,0,1,107,1736,1417,-203,899,1144,-14,-1,-14,0,0,0,0,0,0,0,0,0,0,0,0,0,0,0,0,0,0,0,0,0,0,21905
1,1,0,1,215,1905,1475,-907,948,1875,-20,6,-18,0,0,0,0,0,0,0,0,0,0,0,0,0,0,0,0,0,0,0,0,0,0,21915
1,1,0,1,192,1995,1377,-1358,842,2591,-15,7,-19,0,0,0,0,0,0,0,0,0,0,0,0,0,0,0,0,0,0,0,0,0,0,21925
1,1,0,1,134,2006,1067,-1161,537,3207,-8,5,-19,0,0,0,0,0,0,0,0,0,0,0,0,0,0,0,0,0,0,0,0,0,0,21935
1,1,0,1,75,1959,542,-577,346,3692,-3,2,-19,0,0,0,0,0,0,0,0,0,0,0,0,0,0,0,0,0,0,0,0,0,0,21945
1,1,0,1,18,1801,147,51,527,4041,-2,0,-19,0,0,0,0,0,0,0,0,0,0,0,0,0,0,0,0,0,0,0,0,0,0,21955
1,1,0,1,-196,1453,127,397,833,4176,-5,-1,-20,0,0,0,0,0,0,0,0,0,0,0,0,0,0,0,0,0,0,0,0,0,0,21965
1,1,0,1,-279,967,362,629,1266,4136,-4,0,-19,0,0,0,0,0,0,0,0,0,0,0,0,0,0,0,0,0,0,0,0,0,0,21975
1,1,0,1,-126,740,818,838,1552,3779,-7,1,-14,0,0,0,0,0,0,0,0,0,0,0,0,0,0,0,0,0,0,0,0,0,0,21985
1,1,0,1,182,793,1091,662,1472,3138,-11,2,-8,0,0,0,0,0,0,0,0,0,0,0,0,0,0,0,0,0,0,0,0,0,0,21995
1,1,0,1,286,1055,1300,44,1144,2403,-15,4,-7,0,0,0,0,0,0,0,0,0,0,0,0,0,0,0,0,0,0,0,0,0,0,22005
1,1,0,1,412,1038,1492,-634,802,1783,-19,4,-9,0,0,0,0,0,0,0,0,0,0,0,0,0,0,0,0,0,0,0,0,0,0,22015
1,1,0,1,603,1228,1194,-1270,710,1595,-16,3,-16,0,0,0,0,0,0,0,0,0,0,0,0,0,0,0,0,0,0,0,0,0,0,22025
1,1,0,1,680,1617,681,-1295,718,1852,-13,2,-18,0,0,0,0,0,0,0,0,0,0,0,0,0,0,0,0,0,0,0,0,0,0,22035
1,1,0,1,699,1704,408,-1061,847,2359,-9,2,-19,0,0,0,0,0,0,0,0,0,0,0,0,0,0,0,0,0,0,0,0,0,0,22045
1,1,0,1,636,1705,381,-615,1020,2888,-11,2,-19,0,0,0,0,0,0,0,0,0,0,0,0,0,0,0,0,0,0,0,0,0,0,22055
1,1,0,1,399,1621,409,-355,1079,3272,-9,1,-20,0,0,0,0,0,0,0,0,0,0,0,0,0,0,0,0,0,0,0,0,0,0,22065
1,1,0,1,122,1434,335,-235,1052,3377,-7,0,-19,0,0,0,0,0,0,0,0,0,0,0,0,0,0,0,0,0,0,0,0,0,0,22075
1,1,0,1,79,1175,224,110,1083,3204,-6,1,-19,0,0,0,0,0,0,0,0,0,0,0,0,0,0,0,0,0,0,0,0,0,0,22085
1,1,0,1,91,855,352,517,1094,2827,-9,1,-19,0,0,0,0,0,0,0,0,0,0,0,0,0,0,0,0,0,0,0,0,0,0,22095
1,1,0,1,219,576,714,328,963,2243,-11,1,-18,0,0,0,0,0,0,0,0,0,0,0,0,0,0,0,0,0,0,0,0,0,0,22105
1,1,0,1,423,382,1047,-93,810,1687,-13,2,-3,0,0,0,0,0,0,0,0,0,0,0,0,0,0,0,0,0,0,0,0,0,0,22115
1,1,0,1,693,393,1260,-486,628,951,-12,2,-9,0,0,0,0,0,0,0,0,0,0,0,0,0,0,0,0,0,0,0,0,0,0,22125
1,1,0,1,833,560,1392,-878,442,426,-8,3,0,0,0,0,0,0,0,0,0,0,0,0,0,0,0,0,0,0,0,0,0,0,0,22135
1,1,0,1,734,774,1412,-698,215,205,-1,4,-6,0,0,0,0,0,0,0,0,0,0,0,0,0,0,0,0,0,0,0,0,0,0,22145
1,1,0,1,636,917,1348,78,-25,285,2,2,-7,0,0,0,0,0,0,0,0,0,0,0,0,0,0,0,0,0,0,0,0,0,0,22155
1,1,0,1,379,1083,1201,1323,-269,555,3,6,-9,0,0,0,0,0,0,0,0,0,0,0,0,0,0,0,0,0,0,0,0,0,0,22165
1,1,0,1,256,1131,919,2331,-402,828,5,4,-8,0,0,0,0,0,0,0,0,0,0,0,0,0,0,0,0,0,0,0,0,0,0,22175
1,1,0,1,419,1132,729,2842,-336,950,1,1,-12,0,0,0,0,0,0,0,0,0,0,0,0,0,0,0,0,0,0,0,0,0,0,22185
1,1,0,1,691,729,711,2446,-176,1028,-8,3,-10,0,0,0,0,0,0,0,0,0,0,0,0,0,0,0,0,0,0,0,0,0,0,22195
1,1,0,1,933,561,782,1541,35,1105,-7,1,-8,0,0,0,0,0,0,0,0,0,0,0,0,0,0,0,0,0,0,0,0,0,0,22205
1,1,0,1,934,622,656,1022,360,1073,-10,-1,-6,0,0,0,0,0,0,0,0,0,0,0,0,0,0,0,0,0,0,0,0,0,0,22215
1,1,0,1,850,571,621,166,672,965,-12,-5,-9,0,0,0,0,0,0,0,0,0,0,0,0,0,0,0,0,0,0,0,0,0,0,22225
1,1,0,1,952,731,728,-475,904,923,-13,-1,-8,0,0,0,0,0,0,0,0,0,0,0,0,0,0,0,0,0,0,0,0,0,0,22235
1,1,0,1,987,799,764,-886,964,1062,-13,1,-9,0,0,0,0,0,0,0,0,0,0,0,0,0,0,0,0,0,0,0,0,0,0,22245
1,1,0,1,943,1040,928,-1077,891,1252,-9,2,-14,0,0,0,0,0,0,0,0,0,0,0,0,0,0,0,0,0,0,0,0,0,0,22255
1,1,0,1,839,1130,906,-918,681,1437,-10,2,-19,0,0,0,0,0,0,0,0,0,0,0,0,0,0,0,0,0,0,0,0,0,0,22265
1,1,0,1,961,877,897,-636,413,1548,-10,2,-13,0,0,0,0,0,0,0,0,0,0,0,0,0,0,0,0,0,0,0,0,0,0,22275
1,1,0,1,925,812,929,-568,184,1558,-8,2,-8,0,0,0,0,0,0,0,0,0,0,0,0,0,0,0,0,0,0,0,0,0,0,22285
1,1,0,1,799,800,910,-248,61,1369,-10,2,-5,0,0,0,0,0,0,0,0,0,0,0,0,0,0,0,0,0,0,0,0,0,0,22295
1,1,0,1,965,626,910,-224,-11,1168,-14,2,-9,0,0,0,0,0,0,0,0,0,0,0,0,0,0,0,0,0,0,0,0,0,0,22305
1,1,0,1,993,700,910,-534,-22,1032,-16,2,-11,0,0,0,0,0,0,0,0,0,0,0,0,0,0,0,0,0,0,0,0,0,0,22315
1,1,0,1,906,879,847,-836,78,996,-20,1,-10,0,0,0,0,0,0,0,0,0,0,0,0,0,0,0,0,0,0,0,0,0,0,22325
1,1,0,1,932,993,750,-1532,223,1025,-16,1,-12,0,0,0,0,0,0,0,0,0,0,0,0,0,0,0,0,0,0,0,0,0,0,22335
1,1,0,1,983,1283,729,-1655,346,1218,-14,1,-20,0,0,0,0,0,0,0,0,0,0,0,0,0,0,0,0,0,0,0,0,0,0,22345
1,1,0,1,977,1357,775,-1281,412,1576,-16,2,-19,0,0,0,0,0,0,0,0,0,0,0,0,0,0,0,0,0,0,0,0,0,0,22355
1,1,0,1,1002,1314,796,-1320,347,1865,-22,2,-19,0,0,0,0,0,0,0,0,0,0,0,0,0,0,0,0,0,0,0,0,0,0,22365
1,1,0,1,864,1154,870,-1758,206,2053,-25,3,-18,0,0,0,0,0,0,0,0,0,0,0,0,0,0,0,0,0,0,0,0,0,0,22375
1,1,0,1,769,985,924,-2283,33,2171,-24,4,-18,0,0,0,0,0,0,0,0,0,0,0,0,0,0,0,0,0,0,0,0,0,0,22385
1,1,0,1,812,834,1000,-2590,-83,2236,-20,4,-19,0,0,0,0,0,0,0,0,0,0,0,0,0,0,0,0,0,0,0,0,0,0,22395
1,1,0,1,889,742,1045,-2350,-171,2311,-15,3,-19,0,0,0,0,0,0,0,0,0,0,0,0,0,0,0,0,0,0,0,0,0,0,22405
1,1,0,1,970,659,1123,-2003,-204,2353,-10,4,-19,0,0,0,0,0,0,0,0,0,0,0,0,0,0,0,0,0,0,0,0,0,0,22415
1,1,0,1,1165,424,1339,-1360,-212,2417,1,4,-19,0,0,0,0,0,0,0,0,0,0,0,0,0,0,0,0,0,0,0,0,0,0,22425
1,1,0,1,1451,161,1397,44,-245,2453,0,3,-17,0,0,0,0,0,0,0,0,0,0,0,0,0,0,0,0,0,0,0,0,0,0,22435
1,1,0,1,1575,-19,1313,1090,-337,2206,-4,3,-8,0,0,0,0,0,0,0,0,0,0,0,0,0,0,0,0,0,0,0,0,0,0,22445
1,1,0,1,1539,-104,1221,1275,-460,1691,-4,3,-8,0,0,0,0,0,0,0,0,0,0,0,0,0,0,0,0,0,0,0,0,0,0,22455
1,1,0,1,1460,-68,1109,1473,-520,1131,-7,5,2,0,0,0,0,0,0,0,0,0,0,0,0,0,0,0,0,0,0,0,0,0,0,22465
1,1,0,1,1290,-123,1034,1461,-492,627,-10,2,3,0,0,0,0,0,0,0,0,0,0,0,0,0,0,0,0,0,0,0,0,0,0,22475
1,1,0,1,1090,8,876,975,-248,312,-13,-2,3,0,0,0,0,0,0,0,0,0,0,0,0,0,0,0,0,0,0,0,0,0,0,22485
1,1,0,1,1152,231,768,437,267,295,-17,4,-3,0,0,0,0,0,0,0,0,0,0,0,0,0,0,0,0,0,0,0,0,0,0,22495
1,1,0,1,1246,539,634,-83,879,501,-21,-1,-10,0,0,0,0,0,0,0,0,0,0,0,0,0,0,0,0,0,0,0,0,0,0,22505
1,1,0,1,1115,660,641,-728,1451,878,-25,2,-8,0,0,0,0,0,0,0,0,0,0,0,0,0,0,0,0,0,0,0,0,0,0,22515
1,1,0,1,1219,584,814,-1595,1794,1295,-38,4,-14,0,0,0,0,0,0,0,0,0,0,0,0,0,0,0,0,0,0,0,0,0,0,22525
1,1,0,1,1338,455,1165,-2790,1955,1766,-10,3,-14,0,0,0,0,0,0,0,0,0,0,0,0,0,0,0,0,0,0,0,0,0,0,22535
1,1,0,1,1347,1179,1096,-1403,1539,1879,-9,6,-11,0,0,0,0,0,0,0,0,0,0,0,0,0,0,0,0,0,0,0,0,0,0,22545
1,1,0,1,1448,408,1295,-364,967,1832,-11,4,-3,0,0,0,0,0,0,0,0,0,0,0,0,0,0,0,0,0,0,0,0,0,0,22555
1,1,0,1,1306,148,1416,-421,663,1680,-8,5,4,0,0,0,0,0,0,0,0,0,0,0,0,0,0,0,0,0,0,0,0,0,0,22565
1,1,0,1,1438,1,1273,-110,289,1355,-7,4,3,0,0,0,0,0,0,0,0,0,0,0,0,0,0,0,0,0,0,0,0,0,0,22575
1,1,0,1,1224,50,1125,94,136,1144,-12,5,1,0,0,0,0,0,0,0,0,0,0,0,0,0,0,0,0,0,0,0,0,0,0,22585
1,1,0,1,1089,240,987,-27,240,1192,-12,2,-2,0,0,0,0,0,0,0,0,0,0,0,0,0,0,0,0,0,0,0,0,0,0,22595
1,1,0,1,1191,314,1009,-349,513,1401,-14,2,-7,0,0,0,0,0,0,0,0,0,0,0,0,0,0,0,0,0,0,0,0,0,0,22605
1,1,0,1,1163,459,1081,-645,760,1655,-11,2,-9,0,0,0,0,0,0,0,0,0,0,0,0,0,0,0,0,0,0,0,0,0,0,22615
1,1,0,1,1126,537,1172,-628,855,1925,-10,3,-15,0,0,0,0,0,0,0,0,0,0,0,0,0,0,0,0,0,0,0,0,0,0,22625
1,1,0,1,1145,406,1215,-469,728,2139,-8,4,-17,0,0,0,0,0,0,0,0,0,0,0,0,0,0,0,0,0,0,0,0,0,0,22635
1,1,0,1,1111,289,1190,-179,525,2242,-8,3,-19,0,0,0,0,0,0,0,0,0,0,0,0,0,0,0,0,0,0,0,0,0,0,22645
1,1,0,1,993,161,1143,122,394,2304,-9,3,-19,0,0,0,0,0,0,0,0,0,0,0,0,0,0,0,0,0,0,0,0,0,0,22655
1,1,0,1,939,-51,1193,242,297,2324,-9,4,-15,0,0,0,0,0,0,0,0,0,0,0,0,0,0,0,0,0,0,0,0,0,0,22665
1,1,1,1,919,-331,1278,193,196,2251,-11,3,-14,0,0,0,0,0,0,0,0,0,0,0,0,0,0,0,0,0,0,0,0,0,0,22675
1,1,1,1,902,-571,1346,-59,156,2040,-12,2,-14,0,0,0,0,0,0,0,0,0,0,0,0,0,0,0,0,0,0,0,0,0,0,22685
1,1,1,1,922,-671,1339,-457,206,1737,-17,3,-14,0,0,0,0,0,0,0,0,0,0,0,0,0,0,0,0,0,0,0,0,0,0,22695
1,1,1,1,927,-598,1189,-783,337,1483,-11,2,-8,0,0,0,0,0,0,0,0,0,0,0,0,0,0,0,0,0,0,0,0,0,0,22705
1,1,1,1,832,-301,978,-687,462,1398,-10,2,-9,0,0,0,0,0,0,0,0,0,0,0,0,0,0,0,0,0,0,0,0,0,0,22715
1,1,1,1,778,-182,893,-250,580,1402,-10,4,-7,0,0,0,0,0,0,0,0,0,0,0,0,0,0,0,0,0,0,0,0,0,0,22725
1,1,1,1,919,-329,1021,-4,622,1403,-10,3,-5,0,0,0,0,0,0,0,0,0,0,0,0,0,0,0,0,0,0,0,0,0,0,22735
1,1,1,1,1054,-559,1256,-187,581,1347,-15,4,-5,0,0,0,0,0,0,0,0,0,0,0,0,0,0,0,0,0,0,0,0,0,0,22745
1,1,1,1,1032,-465,1442,-262,454,1272,-17,5,-7,0,0,0,0,0,0,0,0,0,0,0,0,0,0,0,0,0,0,0,0,0,0,22755
1,1,1,1,1034,-476,1488,-372,278,1312,-18,9,-4,0,0,0,0,0,0,0,0,0,0,0,0,0,0,0,0,0,0,0,0,0,0,22765
1,1,1,1,1067,-500,1463,-476,88,1344,-14,4,-9,0,0,0,0,0,0,0,0,0,0,0,0,0,0,0,0,0,0,0,0,0,0,22775
1,1,1,1,1012,-382,1367,-433,-41,1332,-16,5,-6,0,0,0,0,0,0,0,0,0,0,0,0,0,0,0,0,0,0,0,0,0,0,22785
1,1,1,1,997,-427,1283,-390,-97,1328,-15,6,-5,0,0,0,0,0,0,0,0,0,0,0,0,0,0,0,0,0,0,0,0,0,0,22795
1,1,1,1,941,-412,1222,-244,-68,1332,-14,6,-5,0,0,0,0,0,0,0,0,0,0,0,0,0,0,0,0,0,0,0,0,0,0,22805
1,1,1,1,959,-480,1214,-193,-8,1310,-13,7,-2,0,0,0,0,0,0,0,0,0,0,0,0,0,0,0,0,0,0,0,0,0,0,22815
1,1,1,1,1038,-587,1302,-161,-25,1156,-13,3,-5,0,0,0,0,0,0,0,0,0,0,0,0,0,0,0,0,0,0,0,0,0,0,22825
1,1,1,1,1061,-633,1346,-169,-4,1051,-12,4,-4,0,0,0,0,0,0,0,0,0,0,0,0,0,0,0,0,0,0,0,0,0,0,22835
1,1,1,1,1082,-580,1334,-224,37,1035,-13,3,-2,0,0,0,0,0,0,0,0,0,0,0,0,0,0,0,0,0,0,0,0,0,0,22845
1,1,1,1,1091,-627,1321,-348,49,1028,-11,4,-4,0,0,0,0,0,0,0,0,0,0,0,0,0,0,0,0,0,0,0,0,0,0,22855
1,1,1,1,1112,-704,1400,-355,1,920,-11,4,-3,0,0,0,0,0,0,0,0,0,0,0,0,0,0,0,0,0,0,0,0,0,0,22865
1,1,1,1,1055,-690,1407,-288,-41,866,-12,4,1,0,0,0,0,0,0,0,0,0,0,0,0,0,0,0,0,0,0,0,0,0,0,22875
1,1,1,1,1078,-613,1367,-252,-75,867,-11,4,0,0,0,0,0,0,0,0,0,0,0,0,0,0,0,0,0,0,0,0,0,0,0,22885
1,1,1,1,1111,-631,1377,-227,-110,819,-12,5,0,0,0,0,0,0,0,0,0,0,0,0,0,0,0,0,0,0,0,0,0,0,0,22895
1,1,1,1,1078,-668,1368,-117,-148,749,-10,5,0,0,0,0,0,0,0,0,0,0,0,0,0,0,0,0,0,0,0,0,0,0,0,22905
1,1,1,1,1064,-664,1323,11,-184,685,-10,4,-6,0,0,0,0,0,0,0,0,0,0,0,0,0,0,0,0,0,0,0,0,0,0,22915
1,1,1,1,1097,-645,1307,53,-148,646,-11,5,-4,0,0,0,0,0,0,0,0,0,0,0,0,0,0,0,0,0,0,0,0,0,0,22925
1,1,1,1,1100,-650,1398,-91,-97,681,-11,4,-5,0,0,0,0,0,0,0,0,0,0,0,0,0,0,0,0,0,0,0,0,0,0,22935
1,1,1,1,1115,-678,1453,-278,-71,724,-10,4,-3,0,0,0,0,0,0,0,0,0,0,0,0,0,0,0,0,0,0,0,0,0,0,22945
1,1,1,1,1112,-713,1398,-358,-74,702,-10,4,-2,0,0,0,0,0,0,0,0,0,0,0,0,0,0,0,0,0,0,0,0,0,0,22955
1,1,1,1,1125,-655,1284,-242,-69,653,-13,5,-3,0,0,0,0,0,0,0,0,0,0,0,0,0,0,0,0,0,0,0,0,0,0,22965
1,1,1,1,1098,-696,1236,-117,-44,610,-13,6,2,0,0,0,0,0,0,0,0,0,0,0,0,0,0,0,0,0,0,0,0,0,0,22975
1,1,1,1,1070,-813,1330,-78,-45,512,-10,7,2,0,0,0,0,0,0,0,0,0,0,0,0,0,0,0,0,0,0,0,0,0,0,22985
1,1,1,1,1040,-779,1379,-39,-80,453,-12,8,2,0,0,0,0,0,0,0,0,0,0,0,0,0,0,0,0,0,0,0,0,0,0,22995
1,1,1,1,1033,-707,1385,-46,-105,505,-11,9,0,0,0,0,0,0,0,0,0,0,0,0,0,0,0,0,0,0,0,0,0,0,0,23005
1,1,1,1,1054,-707,1372,-108,-110,567,-14,8,4,0,0,0,0,0,0,0,0,0,0,0,0,0,0,0,0,0,0,0,0,0,0,23015
1,1,1,1,1071,-757,1342,-183,-89,589,-15,5,0,0,0,0,0,0,0,0,0,0,0,0,0,0,0,0,0,0,0,0,0,0,0,23025
1,1,1,1,1121,-657,1408,-328,-79,733,-12,5,-14,0,0,0,0,0,0,0,0,0,0,0,0,0,0,0,0,0,0,0,0,0,0,23035
1,1,1,1,1170,-745,1695,-445,-191,876,-11,6,0,0,0,0,0,0,0,0,0,0,0,0,0,0,0,0,0,0,0,0,0,0,0,23045
1,1,1,1,1164,-836,1667,-613,-474,807,-14,8,0,0,0,0,0,0,0,0,0,0,0,0,0,0,0,0,0,0,0,0,0,0,0,23055
1,1,1,1,1045,-944,1441,-289,-701,533,-11,7,0,0,0,0,0,0,0,0,0,0,0,0,0,0,0,0,0,0,0,0,0,0,0,23065
1,1,1,1,999,-888,1229,-38,-754,370,-13,8,4,0,0,0,0,0,0,0,0,0,0,0,0,0,0,0,0,0,0,0,0,0,0,23075
1,1,1,1,993,-866,1079,6,-608,322,-11,2,-6,0,0,0,0,0,0,0,0,0,0,0,0,0,0,0,0,0,0,0,0,0,0,23085
1,1,1,1,1008,-941,1010,-46,-380,304,-12,3,0,0,0,0,0,0,0,0,0,0,0,0,0,0,0,0,0,0,0,0,0,0,0,23095
1,1,1,1,1013,-1036,963,-103,-129,220,-12,3,1,0,0,0,0,0,0,0,0,0,0,0,0,0,0,0,0,0,0,0,0,0,0,23105
1,1,1,1,1092,-1020,971,-186,112,114,-12,1,2,0,0,0,0,0,0,0,0,0,0,0,0,0,0,0,0,0,0,0,0,0,0,23115
1,1,1,1,1144,-947,1050,-249,283,70,-11,2,3,0,0,0,0,0,0,0,0,0,0,0,0,0,0,0,0,0,0,0,0,0,0,23125
1,1,1,1,1199,-857,1101,-245,372,63,-11,3,1,0,0,0,0,0,0,0,0,0,0,0,0,0,0,0,0,0,0,0,0,0,0,23135
1,1,1,1,1240,-876,1214,-283,416,92,-13,3,1,0,0,0,0,0,0,0,0,0,0,0,0,0,0,0,0,0,0,0,0,0,0,23145
1,1,1,1,1235,-898,1347,-351,389,98,-10,3,1,0,0,0,0,0,0,0,0,0,0,0,0,0,0,0,0,0,0,0,0,0,0,23155
1,1,1,1,1214,-890,1338,-315,330,83,-10,6,0,0,0,0,0,0,0,0,0,0,0,0,0,0,0,0,0,0,0,0,0,0,0,23165
1,1,1,1,1176,-858,1304,-208,254,61,-10,3,2,0,0,0,0,0,0,0,0,0,0,0,0,0,0,0,0,0,0,0,0,0,0,23175
1,1,1,1,1123,-876,1301,-151,227,45,-11,3,1,0,0,0,0,0,0,0,0,0,0,0,0,0,0,0,0,0,0,0,0,0,0,23185
1,1,1,1,1072,-863,1255,-106,245,9,-10,3,-1,0,0,0,0,0,0,0,0,0,0,0,0,0,0,0,0,0,0,0,0,0,0,23195
1,1,1,1,1088,-785,1310,-83,277,42,-8,1,-1,0,0,0,0,0,0,0,0,0,0,0,0,0,0,0,0,0,0,0,0,0,0,23205
1,1,1,1,1104,-760,1374,-106,335,122,-10,2,-10,0,0,0,0,0,0,0,0,0,0,0,0,0,0,0,0,0,0,0,0,0,0,23215
1,1,1,1,1177,-737,1426,-236,292,152,-9,1,-15,0,0,0,0,0,0,0,0,0,0,0,0,0,0,0,0,0,0,0,0,0,0,23225
1,1,1,1,1144,-801,1470,-164,199,107,-7,3,-14,0,0,0,0,0,0,0,0,0,0,0,0,0,0,0,0,0,0,0,0,0,0,23235
1,1,1,1,1128,-807,1505,-127,79,91,-6,2,-16,0,0,0,0,0,0,0,0,0,0,0,0,0,0,0,0,0,0,0,0,0,0,23245
1,1,1,1,1126,-759,1432,-118,3,96,-7,1,-13,0,0,0,0,0,0,0,0,0,0,0,0,0,0,0,0,0,0,0,0,0,0,23255
1,1,1,1,1077,-804,1360,-95,-24,131,-7,1,-14,0,0,0,0,0,0,0,0,0,0,0,0,0,0,0,0,0,0,0,0,0,0,23265
1,1,1,1,1032,-944,1336,-96,-25,77,-9,-1,-17,0,0,0,0,0,0,0,0,0,0,0,0,0,0,0,0,0,0,0,0,0,0,23275
1,1,1,1,1063,-957,1285,-160,22,-18,-11,0,-13,0,0,0,0,0,0,0,0,0,0,0,0,0,0,0,0,0,0,0,0,0,0,23285
1,1,1,1,1067,-929,1274,-311,97,-34,-11,0,-15,0,0,0,0,0,0,0,0,0,0,0,0,0,0,0,0,0,0,0,0,0,0,23295
1,1,1,1,1068,-909,1273,-426,157,-42,-11,0,-14,0,0,0,0,0,0,0,0,0,0,0,0,0,0,0,0,0,0,0,0,0,0,23305
1,1,1,1,1072,-900,1246,-443,197,-61,-9,-1,-19,0,0,0,0,0,0,0,0,0,0,0,0,0,0,0,0,0,0,0,0,0,0,23315
1,1,1,1,1056,-910,1263,-433,219,-84,-8,-1,-20,0,0,0,0,0,0,0,0,0,0,0,0,0,0,0,0,0,0,0,0,0,0,23325
1,1,1,1,1063,-907,1302,-448,241,-124,-8,-1,-19,0,0,0,0,0,0,0,0,0,0,0,0,0,0,0,0,0,0,0,0,0,0,23335
1,1,1,1,1076,-792,1267,-415,247,-127,-8,-1,-18,0,0,0,0,0,0,0,0,0,0,0,0,0,0,0,0,0,0,0,0,0,0,23345
1,1,1,1,1092,-785,1241,-327,246,-47,-11,1,-15,0,0,0,0,0,0,0,0,0,0,0,0,0,0,0,0,0,0,0,0,0,0,23355
1,1,1,1,1083,-907,1335,-342,229,16,-9,-1,-19,0,0,0,0,0,0,0,0,0,0,0,0,0,0,0,0,0,0,0,0,0,0,23365
1,1,1,1,1046,-1012,1376,-403,178,-14,-10,0,-20,0,0,0,0,0,0,0,0,0,0,0,0,0,0,0,0,0,0,0,0,0,0,23375
1,1,1,1,1038,-974,1306,-426,147,-60,-9,-2,-20,0,0,0,0,0,0,0,0,0,0,0,0,0,0,0,0,0,0,0,0,0,0,23385
1,1,1,1,1033,-973,1284,-464,156,-38,-10,-2,-19,0,0,0,0,0,0,0,0,0,0,0,0,0,0,0,0,0,0,0,0,0,0,23395
1,1,1,1,1001,-1065,1330,-530,126,-32,-10,-4,-20,0,0,0,0,0,0,0,0,0,0,0,0,0,0,0,0,0,0,0,0,0,0,23405
1,1,1,1,1039,-1056,1313,-556,97,-84,-13,1,-19,0,0,0,0,0,0,0,0,0,0,0,0,0,0,0,0,0,0,0,0,0,0,23415
1,1,1,1,1052,-925,1261,-524,105,-95,-11,2,-12,0,0,0,0,0,0,0,0,0,0,0,0,0,0,0,0,0,0,0,0,0,0,23425
1,1,1,1,1052,-925,1261,-359,88,-41,-7,2,-15,0,0,0,0,0,0,0,0,0,0,0,0,0,0,0,0,0,0,0,0,0,0,23435
1,1,1,1,1019,-896,1227,-240,57,46,-7,2,-14,0,0,0,0,0,0,0,0,0,0,0,0,0,0,0,0,0,0,0,0,0,0,23445
1,1,1,1,993,-1028,1242,-230,57,62,-7,2,-14,0,0,0,0,0,0,0,0,0,0,0,0,0,0,0,0,0,0,0,0,0,0,23455
1,1,1,1,995,-1076,1226,-225,69,19,-4,0,-19,0,0,0,0,0,0,0,0,0,0,0,0,0,0,0,0,0,0,0,0,0,0,23465
1,1,1,1,999,-1062,1228,-214,74,11,-6,1,-18,0,0,0,0,0,0,0,0,0,0,0,0,0,0,0,0,0,0,0,0,0,0,23475
1,1,1,1,1095,-953,1292,-252,63,33,-8,2,-18,0,0,0,0,0,0,0,0,0,0,0,0,0,0,0,0,0,0,0,0,0,0,23485
1,1,1,1,1108,-1018,1432,-362,-8,44,-8,2,-18,0,0,0,0,0,0,0,0,0,0,0,0,0,0,0,0,0,0,0,0,0,0,23495
1,1,1,1,1053,-1027,1420,-474,-28,49,-8,1,-20,0,0,0,0,0,0,0,0,0,0,0,0,0,0,0,0,0,0,0,0,0,0,23505
1,1,1,1,1010,-1067,1324,-578,32,43,-8,0,-20,0,0,0,0,0,0,0,0,0,0,0,0,0,0,0,0,0,0,0,0,0,0,23515
1,1,1,1,986,-1026,1301,-582,77,23,-6,0,-20,0,0,0,0,0,0,0,0,0,0,0,0,0,0,0,0,0,0,0,0,0,0,23525
1,1,1,1,1033,-1006,1297,-476,100,-17,-3,-1,-20,0,0,0,0,0,0,0,0,0,0,0,0,0,0,0,0,0,0,0,0,0,0,23535
1,1,1,1,1006,-1058,1267,-402,109,-45,-4,-1,-19,0,0,0,0,0,0,0,0,0,0,0,0,0,0,0,0,0,0,0,0,0,0,23545
1,1,1,1,987,-1109,1261,-415,158,-53,-6,-1,-20,0,0,0,0,0,0,0,0,0,0,0,0,0,0,0,0,0,0,0,0,0,0,23555
1,1,1,1,1023,-1188,1288,-467,206,-112,-6,-1,-20,0,0,0,0,0,0,0,0,0,0,0,0,0,0,0,0,0,0,0,0,0,0,23565
1,1,1,1,1027,-1161,1284,-487,219,-150,-7,-2,-20,0,0,0,0,0,0,0,0,0,0,0,0,0,0,0,0,0,0,0,0,0,0,23575
1,1,1,1,1090,-1059,1307,-539,234,-115,-9,-1,-20,0,0,0,0,0,0,0,0,0,0,0,0,0,0,0,0,0,0,0,0,0,0,23585
1,1,1,1,1142,-1113,1416,-647,210,-81,-10,-1,-16,0,0,0,0,0,0,0,0,0,0,0,0,0,0,0,0,0,0,0,0,0,0,23595
1,1,1,1,1128,-1165,1449,-757,157,-60,-11,-3,-20,0,0,0,0,0,0,0,0,0,0,0,0,0,0,0,0,0,0,0,0,0,0,23605
1,1,1,1,1158,-1190,1378,-795,146,-54,-9,-5,-19,0,0,0,0,0,0,0,0,0,0,0,0,0,0,0,0,0,0,0,0,0,0,23615
1,1,1,1,1161,-1090,1253,-696,148,-50,-9,-6,-19,0,0,0,0,0,0,0,0,0,0,0,0,0,0,0,0,0,0,0,0,0,0,23625
1,1,1,1,1189,-1046,1194,-498,145,-4,-8,-6,-20,0,0,0,0,0,0,0,0,0,0,0,0,0,0,0,0,0,0,0,0,0,0,23635
1,1,1,1,1161,-1153,1212,-343,113,21,-8,-7,-18,0,0,0,0,0,0,0,0,0,0,0,0,0,0,0,0,0,0,0,0,0,0,23645
1,1,1,1,1114,-1181,1179,-181,72,3,-9,-7,-19,0,0,0,0,0,0,0,0,0,0,0,0,0,0,0,0,0,0,0,0,0,0,23655
1,1,1,1,1075,-1102,1144,3,43,-1,-8,-8,-19,0,0,0,0,0,0,0,0,0,0,0,0,0,0,0,0,0,0,0,0,0,0,23665
1,1,1,1,1036,-1094,1115,141,36,-3,-11,-2,-19,0,0,0,0,0,0,0,0,0,0,0,0,0,0,0,0,0,0,0,0,0,0,23675
1,1,1,1,953,-1113,1152,163,41,18,-11,-4,-14,0,0,0,0,0,0,0,0,0,0,0,0,0,0,0,0,0,0,0,0,0,0,23685
1,1,1,1,885,-1170,1212,124,10,16,-13,1,-9,0,0,0,0,0,0,0,0,0,0,0,0,0,0,0,0,0,0,0,0,0,0,23695
1,1,1,1,777,-1147,1188,89,-16,46,-11,-3,-12,0,0,0,0,0,0,0,0,0,0,0,0,0,0,0,0,0,0,0,0,0,0,23705
1,1,1,1,739,-1153,1173,54,-27,109,-13,-2,-6,0,0,0,0,0,0,0,0,0,0,0,0,0,0,0,0,0,0,0,0,0,0,23715
1,1,1,1,715,-1241,1244,-20,-66,120,-11,-5,-11,0,0,0,0,0,0,0,0,0,0,0,0,0,0,0,0,0,0,0,0,0,0,23725
1,1,1,1,772,-1202,1240,-13,-105,96,-9,-3,1,0,0,0,0,0,0,0,0,0,0,0,0,0,0,0,0,0,0,0,0,0,0,23735
1,1,1,1,854,-1121,1185,86,-147,84,-11,-2,-3,0,0,0,0,0,0,0,0,0,0,0,0,0,0,0,0,0,0,0,0,0,0,23745
1,1,1,1,932,-1092,1204,207,-177,62,-10,-1,1,0,0,0,0,0,0,0,0,0,0,0,0,0,0,0,0,0,0,0,0,0,0,23755
1,1,1,1,998,-1050,1208,346,-210,22,-9,-1,2,0,0,0,0,0,0,0,0,0,0,0,0,0,0,0,0,0,0,0,0,0,0,23765
1,1,1,1,1042,-993,1195,453,-230,21,-9,-1,4,0,0,0,0,0,0,0,0,0,0,0,0,0,0,0,0,0,0,0,0,0,0,23775
1,1,1,1,1059,-1084,1254,491,-249,25,-13,0,6,0,0,0,0,0,0,0,0,0,0,0,0,0,0,0,0,0,0,0,0,0,0,23785
1,1,1,1,1059,-1119,1299,438,-254,-12,-14,0,8,0,0,0,0,0,0,0,0,0,0,0,0,0,0,0,0,0,0,0,0,0,0,23795
1,1,1,1,1119,-1094,1312,371,-251,-15,-15,1,9,0,0,0,0,0,0,0,0,0,0,0,0,0,0,0,0,0,0,0,0,0,0,23805
1,1,1,1,1137,-1126,1326,267,-216,-10,-18,1,12,0,0,0,0,0,0,0,0,0,0,0,0,0,0,0,0,0,0,0,0,0,0,23815
1,1,1,1,1125,-1187,1375,141,-206,-12,-19,1,14,0,0,0,0,0,0,0,0,0,0,0,0,0,0,0,0,0,0,0,0,0,0,23825
1,1,1,1,1168,-1109,1380,32,-180,-5,-20,1,14,0,0,0,0,0,0,0,0,0,0,0,0,0,0,0,0,0,0,0,0,0,0,23835
1,1,1,1,1177,-1133,1393,-106,-119,17,-21,2,20,0,0,0,0,0,0,0,0,0,0,0,0,0,0,0,0,0,0,0,0,0,0,23845
1,1,1,1,1114,-1185,1408,-221,-77,16,-22,3,20,0,0,0,0,0,0,0,0,0,0,0,0,0,0,0,0,0,0,0,0,0,0,23855
1,1,1,1,1106,-1165,1335,-187,-66,16,-25,2,26,0,0,0,0,0,0,0,0,0,0,0,0,0,0,0,0,0,0,0,0,0,0,23865
1,1,1,1,1155,-1104,1281,-75,-56,32,-28,3,31,0,0,0,0,0,0,0,0,0,0,0,0,0,0,0,0,0,0,0,0,0,0,23875
1,1,1,1,1140,-1215,1332,-141,-31,67,-31,2,34,0,0,0,0,0,0,0,0,0,0,0,0,0,0,0,0,0,0,0,0,0,0,23885
1,1,1,1,1095,-1310,1365,-250,-45,98,-30,3,34,0,0,0,0,0,0,0,0,0,0,0,0,0,0,0,0,0,0,0,0,0,0,23895
1,1,1,1,1169,-1169,1311,-174,-114,123,-32,2,38,0,0,0,0,0,0,0,0,0,0,0,0,0,0,0,0,0,0,0,0,0,0,23905
1,1,1,1,1194,-1131,1239,-72,-171,155,-34,2,42,0,0,0,0,0,0,0,0,0,0,0,0,0,0,0,0,0,0,0,0,0,0,23915
1,1,1,1,1158,-1166,1261,-39,-201,176,-35,2,48,0,0,0,0,0,0,0,0,0,0,0,0,0,0,0,0,0,0,0,0,0,0,23925
1,1,1,1,1158,-1111,1262,47,-275,186,-40,2,55,0,0,0,0,0,0,0,0,0,0,0,0,0,0,0,0,0,0,0,0,0,0,23935
1,1,1,1,1098,-1087,1168,160,-320,184,-45,5,61,0,0,0,0,0,0,0,0,0,0,0,0,0,0,0,0,0,0,0,0,0,0,23945
1,1,1,1,1016,-1145,1157,150,-316,207,-46,6,65,0,0,0,0,0,0,0,0,0,0,0,0,0,0,0,0,0,0,0,0,0,0,23955
1,1,1,1,984,-1139,1171,210,-355,202,-49,9,67,0,0,0,0,0,0,0,0,0,0,0,0,0,0,0,0,0,0,0,0,0,0,23965
1,1,1,1,944,-1069,1118,348,-408,187,-50,8,72,0,0,0,0,0,0,0,0,0,0,0,0,0,0,0,0,0,0,0,0,0,0,23975
1,1,1,1,912,-1121,1126,379,-416,185,-50,6,80,0,0,0,0,0,0,0,0,0,0,0,0,0,0,0,0,0,0,0,0,0,0,23985
1,1,1,1,930,-1063,1120,287,-358,216,-53,18,93,0,0,0,0,0,0,0,0,0,0,0,0,0,0,0,0,0,0,0,0,0,0,23995
1,1,1,1,1015,-1089,1209,272,-344,203,-54,22,100,0,0,0,0,0,0,0,0,0,0,0,0,0,0,0,0,0,0,0,0,0,0,24005
1,1,1,1,990,-1153,1278,221,-409,171,-50,27,106,0,0,0,0,0,0,0,0,0,0,0,0,0,0,0,0,0,0,0,0,0,0,24015
1,1,1,1,1009,-1191,1241,119,-423,168,-46,28,114,0,0,0,0,0,0,0,0,0,0,0,0,0,0,0,0,0,0,0,0,0,0,24025
1,1,1,1,1052,-1124,1191,112,-422,170,-44,35,124,0,0,0,0,0,0,0,0,0,0,0,0,0,0,0,0,0,0,0,0,0,0,24035
1,1,1,1,1119,-1072,1122,217,-420,175,-42,36,127,0,0,0,0,0,0,0,0,0,0,0,0,0,0,0,0,0,0,0,0,0,0,24045
1,1,1,1,1167,-1073,1117,251,-387,180,-40,37,127,0,0,0,0,0,0,0,0,0,0,0,0,0,0,0,0,0,0,0,0,0,0,24055
1,1,1,1,1238,-1093,1167,238,-366,161,-42,41,130,0,0,0,0,0,0,0,0,0,0,0,0,0,0,0,0,0,0,0,0,0,0,24065
1,1,1,1,1284,-1015,1164,277,-354,151,-40,40,131,0,0,0,0,0,0,0,0,0,0,0,0,0,0,0,0,0,0,0,0,0,0,24075
1,1,1,1,1300,-1070,1179,349,-355,135,-39,42,131,0,0,0,0,0,0,0,0,0,0,0,0,0,0,0,0,0,0,0,0,0,0,24085
1,1,1,1,1261,-1061,1188,408,-372,112,-40,44,133,0,0,0,0,0,0,0,0,0,0,0,0,0,0,0,0,0,0,0,0,0,0,24095
1,1,1,1,1255,-1058,1143,497,-371,101,-40,45,133,0,0,0,0,0,0,0,0,0,0,0,0,0,0,0,0,0,0,0,0,0,0,24105
1,1,1,1,1216,-1129,1203,458,-348,96,-40,46,134,0,0,0,0,0,0,0,0,0,0,0,0,0,0,0,0,0,0,0,0,0,0,24115
1,1,1,1,1178,-1131,1248,374,-332,100,-36,48,131,0,0,0,0,0,0,0,0,0,0,0,0,0,0,0,0,0,0,0,0,0,0,24125
1,1,1,1,1176,-1084,1221,360,-316,107,-35,48,128,0,0,0,0,0,0,0,0,0,0,0,0,0,0,0,0,0,0,0,0,0,0,24135
1,1,1,1,1169,-1058,1222,363,-283,115,-35,49,128,0,0,0,0,0,0,0,0,0,0,0,0,0,0,0,0,0,0,0,0,0,0,24145
1,1,1,1,1183,-1117,1278,283,-272,108,-36,51,126,0,0,0,0,0,0,0,0,0,0,0,0,0,0,0,0,0,0,0,0,0,0,24155
1,1,1,1,1193,-1053,1281,211,-249,98,-34,50,125,0,0,0,0,0,0,0,0,0,0,0,0,0,0,0,0,0,0,0,0,0,0,24165
1,1,1,1,1203,-1030,1212,211,-224,74,-35,52,125,0,0,0,0,0,0,0,0,0,0,0,0,0,0,0,0,0,0,0,0,0,0,24175
1,1,1,1,1185,-1035,1208,235,-186,53,-35,53,126,0,0,0,0,0,0,0,0,0,0,0,0,0,0,0,0,0,0,0,0,0,0,24185
1,1,1,1,1201,-1052,1258,214,-152,32,-32,53,127,0,0,0,0,0,0,0,0,0,0,0,0,0,0,0,0,0,0,0,0,0,0,24195
1,1,1,1,1198,-1037,1254,202,-132,13,-31,54,124,0,0,0,0,0,0,0,0,0,0,0,0,0,0,0,0,0,0,0,0,0,0,24205
1,1,1,1,1187,-1038,1225,206,-90,7,-31,54,123,0,0,0,0,0,0,0,0,0,0,0,0,0,0,0,0,0,0,0,0,0,0,24215
1,1,1,1,1173,-1063,1229,170,-61,1,-30,55,124,0,0,0,0,0,0,0,0,0,0,0,0,0,0,0,0,0,0,0,0,0,0,24225
1,1,1,1,1210,-1044,1248,152,-52,2,-31,56,122,0,0,0,0,0,0,0,0,0,0,0,0,0,0,0,0,0,0,0,0,0,0,24235
1,1,1,1,1223,-1023,1216,184,-61,1,-29,55,121,0,0,0,0,0,0,0,0,0,0,0,0,0,0,0,0,0,0,0,0,0,0,24245
1,1,1,1,1209,-1026,1172,223,-47,5,-29,52,118,0,0,0,0,0,0,0,0,0,0,0,0,0,0,0,0,0,0,0,0,0,0,24255
1,1,1,1,1216,-1067,1216,188,-8,9,-31,56,120,0,0,0,0,0,0,0,0,0,0,0,0,0,0,0,0,0,0,0,0,0,0,24265
1,1,1,1,1241,-1014,1244,157,3,8,-28,53,115,0,0,0,0,0,0,0,0,0,0,0,0,0,0,0,0,0,0,0,0,0,0,24275
1,1,1,1,1251,-1035,1226,172,3,-2,-30,55,115,0,0,0,0,0,0,0,0,0,0,0,0,0,0,0,0,0,0,0,0,0,0,24285
1,1,1,1,1228,-1055,1223,163,33,-17,-30,53,113,0,0,0,0,0,0,0,0,0,0,0,0,0,0,0,0,0,0,0,0,0,0,24295
1,1,1,1,1247,-1039,1253,113,61,-27,-28,52,108,0,0,0,0,0,0,0,0,0,0,0,0,0,0,0,0,0,0,0,0,0,0,24305
1,1,1,1,1228,-1053,1294,30,58,-42,-30,55,109,0,0,0,0,0,0,0,0,0,0,0,0,0,0,0,0,0,0,0,0,0,0,24315
1,1,1,1,1224,-1013,1282,-29,78,-45,-26,52,105,0,0,0,0,0,0,0,0,0,0,0,0,0,0,0,0,0,0,0,0,0,0,24325
1,1,1,1,1216,-1006,1270,-33,95,-36,-27,50,104,0,0,0,0,0,0,0,0,0,0,0,0,0,0,0,0,0,0,0,0,0,0,24335
1,1,1,1,1180,-1016,1262,-22,90,-23,-25,50,102,0,0,0,0,0,0,0,0,0,0,0,0,0,0,0,0,0,0,0,0,0,0,24345
1,1,1,1,1174,-1001,1245,-43,95,2,-27,52,105,0,0,0,0,0,0,0,0,0,0,0,0,0,0,0,0,0,0,0,0,0,0,24355
1,1,1,1,1148,-1053,1246,-84,108,14,-25,49,105,0,0,0,0,0,0,0,0,0,0,0,0,0,0,0,0,0,0,0,0,0,0,24365
1,1,1,1,1176,-1035,1224,-107,108,18,-26,49,104,0,0,0,0,0,0,0,0,0,0,0,0,0,0,0,0,0,0,0,0,0,0,24375
1,1,1,1,1215,-990,1192,-99,114,23,-25,49,104,0,0,0,0,0,0,0,0,0,0,0,0,0,0,0,0,0,0,0,0,0,0,24385
1,1,1,1,1215,-1010,1200,-79,127,23,-25,48,101,0,0,0,0,0,0,0,0,0,0,0,0,0,0,0,0,0,0,0,0,0,0,24395
1,1,1,1,1181,-1017,1233,-85,133,22,-27,48,100,0,0,0,0,0,0,0,0,0,0,0,0,0,0,0,0,0,0,0,0,0,0,24405
1,1,1,1,1153,-1023,1242,-110,126,24,-25,49,102,0,0,0,0,0,0,0,0,0,0,0,0,0,0,0,0,0,0,0,0,0,0,24415
1,1,1,1,1111,-1035,1245,-114,113,18,-26,48,102,0,0,0,0,0,0,0,0,0,0,0,0,0,0,0,0,0,0,0,0,0,0,24425
1,1,1,1,1081,-1013,1223,-85,90,15,-26,48,103,0,0,0,0,0,0,0,0,0,0,0,0,0,0,0,0,0,0,0,0,0,0,24435
1,1,1,1,1090,-1033,1219,-70,81,17,-26,49,106,0,0,0,0,0,0,0,0,0,0,0,0,0,0,0,0,0,0,0,0,0,0,24445
1,1,1,1,1100,-1022,1212,-57,62,16,-25,49,105,0,0,0,0,0,0,0,0,0,0,0,0,0,0,0,0,0,0,0,0,0,0,24455
1,1,1,1,1128,-1003,1190,-23,52,14,-26,49,106,0,0,0,0,0,0,0,0,0,0,0,0,0,0,0,0,0,0,0,0,0,0,24465
1,1,1,1,1142,-1011,1197,17,44,7,-29,51,107,0,0,0,0,0,0,0,0,0,0,0,0,0,0,0,0,0,0,0,0,0,0,24475
1,1,1,1,1165,-1039,1191,51,36,-6,-30,51,107,0,0,0,0,0,0,0,0,0,0,0,0,0,0,0,0,0,0,0,0,0,0,24485
1,1,1,1,1194,-1057,1187,81,29,-12,-30,50,108,0,0,0,0,0,0,0,0,0,0,0,0,0,0,0,0,0,0,0,0,0,0,24495
1,1,1,1,1204,-1073,1181,99,19,-15,-31,51,109,0,0,0,0,0,0,0,0,0,0,0,0,0,0,0,0,0,0,0,0,0,0,24505
1,1,1,1,1221,-1067,1193,99,22,-5,-29,52,110,0,0,0,0,0,0,0,0,0,0,0,0,0,0,0,0,0,0,0,0,0,0,24515
1,1,1,1,1208,-1104,1236,60,14,5,-30,54,112,0,0,0,0,0,0,0,0,0,0,0,0,0,0,0,0,0,0,0,0,0,0,24525
1,1,1,1,1207,-1095,1236,2,2,21,-31,53,112,0,0,0,0,0,0,0,0,0,0,0,0,0,0,0,0,0,0,0,0,0,0,24535
1,1,1,1,1214,-1073,1195,-1,-20,39,-30,53,112,0,0,0,0,0,0,0,0,0,0,0,0,0,0,0,0,0,0,0,0,0,0,24545
1,1,1,1,1217,-1100,1185,19,-38,51,-30,54,114,0,0,0,0,0,0,0,0,0,0,0,0,0,0,0,0,0,0,0,0,0,0,24555
1,1,1,1,1208,-1103,1197,28,-46,66,-32,54,113,0,0,0,0,0,0,0,0,0,0,0,0,0,0,0,0,0,0,0,0,0,0,24565
1,1,1,1,1198,-1096,1166,69,-64,76,-31,55,116,0,0,0,0,0,0,0,0,0,0,0,0,0,0,0,0,0,0,0,0,0,0,24575
1,1,1,1,1194,-1055,1167,133,-81,79,-29,56,116,0,0,0,0,0,0,0,0,0,0,0,0,0,0,0,0,0,0,0,0,0,0,24585
1,1,1,1,1212,-1016,1168,197,-92,88,-30,54,119,0,0,0,0,0,0,0,0,0,0,0,0,0,0,0,0,0,0,0,0,0,0,24595
1,1,1,1,1222,-1003,1182,245,-96,95,-28,53,115,0,0,0,0,0,0,0,0,0,0,0,0,0,0,0,0,0,0,0,0,0,0,24605
1,1,1,1,1201,-1033,1206,230,-96,105,-29,55,117,0,0,0,0,0,0,0,0,0,0,0,0,0,0,0,0,0,0,0,0,0,0,24615
1,1,1,1,1191,-1051,1240,178,-93,108,-31,57,117,0,0,0,0,0,0,0,0,0,0,0,0,0,0,0,0,0,0,0,0,0,0,24625
1,1,1,1,1183,-1056,1250,107,-89,108,-31,57,116,0,0,0,0,0,0,0,0,0,0,0,0,0,0,0,0,0,0,0,0,0,0,24635
1,1,1,1,1185,-1033,1242,46,-71,111,-31,58,116,0,0,0,0,0,0,0,0,0,0,0,0,0,0,0,0,0,0,0,0,0,0,24645
1,1,1,1,1169,-1023,1259,11,-69,107,-28,56,118,0,0,0,0,0,0,0,0,0,0,0,0,0,0,0,0,0,0,0,0,0,0,24655
1,1,1,1,1140,-1025,1250,5,-57,90,-25,56,118,0,0,0,0,0,0,0,0,0,0,0,0,0,0,0,0,0,0,0,0,0,0,24665
1,1,1,1,1136,-980,1235,31,-52,75,-27,58,119,0,0,0,0,0,0,0,0,0,0,0,0,0,0,0,0,0,0,0,0,0,0,24675
1,1,1,1,1130,-982,1232,55,-45,62,-31,57,121,0,0,0,0,0,0,0,0,0,0,0,0,0,0,0,0,0,0,0,0,0,0,24685
1,1,1,1,1160,-1000,1239,54,-39,49,-31,57,121,0,0,0,0,0,0,0,0,0,0,0,0,0,0,0,0,0,0,0,0,0,0,24695
1,1,1,1,1172,-1007,1232,66,-32,39,-31,58,122,0,0,0,0,0,0,0,0,0,0,0,0,0,0,0,0,0,0,0,0,0,0,24705
1,1,1,1,1176,-1020,1199,82,-42,30,-32,58,121,0,0,0,0,0,0,0,0,0,0,0,0,0,0,0,0,0,0,0,0,0,0,24715
1,1,1,1,1195,-1026,1198,66,-37,29,-33,59,122,0,0,0,0,0,0,0,0,0,0,0,0,0,0,0,0,0,0,0,0,0,0,24725
1,1,1,1,1197,-1044,1213,33,-27,29,-32,59,119,0,0,0,0,0,0,0,0,0,0,0,0,0,0,0,0,0,0,0,0,0,0,24735
1,1,1,1,1203,-1051,1217,11,-26,32,-29,58,119,0,0,0,0,0,0,0,0,0,0,0,0,0,0,0,0,0,0,0,0,0,0,24745
1,1,1,1,1203,-1043,1218,21,-28,33,-31,59,120,0,0,0,0,0,0,0,0,0,0,0,0,0,0,0,0,0,0,0,0,0,0,24755
1,1,1,1,1214,-1038,1199,53,-31,34,-30,58,119,0,0,0,0,0,0,0,0,0,0,0,0,0,0,0,0,0,0,0,0,0,0,24765
1,1,1,1,1216,-1062,1219,60,-29,33,-30,58,121,0,0,0,0,0,0,0,0,0,0,0,0,0,0,0,0,0,0,0,0,0,0,24775
1,1,1,1,1212,-1053,1222,57,-33,37,-29,59,122,0,0,0,0,0,0,0,0,0,0,0,0,0,0,0,0,0,0,0,0,0,0,24785
1,1,1,1,1205,-1043,1213,77,-29,39,-29,59,121,0,0,0,0,0,0,0,0,0,0,0,0,0,0,0,0,0,0,0,0,0,0,24795
1,1,1,1,1203,-1048,1223,93,-11,47,-30,59,121,0,0,0,0,0,0,0,0,0,0,0,0,0,0,0,0,0,0,0,0,0,0,24805
1,1,1,1,1200,-1054,1240,84,-5,53,-30,58,122,0,0,0,0,0,0,0,0,0,0,0,0,0,0,0,0,0,0,0,0,0,0,24815
1,1,1,1,1199,-1071,1247,65,2,57,-29,60,122,0,0,0,0,0,0,0,0,0,0,0,0,0,0,0,0,0,0,0,0,0,0,24825
1,1,1,1,1200,-1090,1253,44,13,62,-27,59,124,0,0,0,0,0,0,0,0,0,0,0,0,0,0,0,0,0,0,0,0,0,0,24835
1,1,1,1,1198,-1086,1247,17,19,72,-29,59,121,0,0,0,0,0,0,0,0,0,0,0,0,0,0,0,0,0,0,0,0,0,0,24845
1,1,1,1,1193,-1085,1228,1,28,86,-30,58,125,0,0,0,0,0,0,0,0,0,0,0,0,0,0,0,0,0,0,0,0,0,0,24855
1,1,1,1,1196,-1086,1223,-3,32,95,-32,59,124,0,0,0,0,0,0,0,0,0,0,0,0,0,0,0,0,0,0,0,0,0,0,24865
1,1,1,1,1204,-1067,1219,11,33,103,-34,62,124,0,0,0,0,0,0,0,0,0,0,0,0,0,0,0,0,0,0,0,0,0,0,24875
1,1,1,1,1216,-1037,1213,42,21,110,-33,59,123,0,0,0,0,0,0,0,0,0,0,0,0,0,0,0,0,0,0,0,0,0,0,24885
1,1,1,1,1196,-1050,1211,72,27,115,-30,59,123,0,0,0,0,0,0,0,0,0,0,0,0,0,0,0,0,0,0,0,0,0,0,24895
1,1,1,1,1202,-1052,1217,87,28,121,-33,59,124,0,0,0,0,0,0,0,0,0,0,0,0,0,0,0,0,0,0,0,0,0,0,24905
1,1,1,1,1189,-1076,1232,86,18,122,-34,62,124,0,0,0,0,0,0,0,0,0,0,0,0,0,0,0,0,0,0,0,0,0,0,24915
1,1,1,1,1189,-1056,1227,100,21,124,-32,58,123,0,0,0,0,0,0,0,0,0,0,0,0,0,0,0,0,0,0,0,0,0,0,24925
1,1,1,1,1196,-1058,1239,86,23,126,-33,60,124,0,0,0,0,0,0,0,0,0,0,0,0,0,0,0,0,0,0,0,0,0,0,24935
1,1,1,1,1183,-1070,1270,50,27,131,-32,57,123,0,0,0,0,0,0,0,0,0,0,0,0,0,0,0,0,0,0,0,0,0,0,24945
1,1,1,1,1174,-1060,1238,37,28,129,-30,59,122,0,0,0,0,0,0,0,0,0,0,0,0,0,0,0,0,0,0,0,0,0,0,24955
1,1,1,1,1174,-1044,1227,46,32,131,-30,59,122,0,0,0,0,0,0,0,0,0,0,0,0,0,0,0,0,0,0,0,0,0,0,24965
1,1,1,1,1181,-1050,1235,36,39,132,-29,59,124,0,0,0,0,0,0,0,0,0,0,0,0,0,0,0,0,0,0,0,0,0,0,24975
1,1,1,1,1188,-1072,1247,14,44,128,-30,59,123,0,0,0,0,0,0,0,0,0,0,0,0,0,0,0,0,0,0,0,0,0,0,24985
1,1,1,1,1194,-1068,1238,5,46,129,-31,59,125,0,0,0,0,0,0,0,0,0,0,0,0,0,0,0,0,0,0,0,0,0,0,24995
1,1,1,1,1198,-1048,1211,22,57,135,-31,60,125,0,0,0,0,0,0,0,0,0,0,0,0,0,0,0,0,0,0,0,0,0,0,25005
1,1,1,1,1193,-1070,1229,16,60,142,-31,59,122,0,0,0,0,0,0,0,0,0,0,0,0,0,0,0,0,0,0,0,0,0,0,25015
1,1,1,1,1171,-1067,1240,-7,54,147,-30,60,122,0,0,0,0,0,0,0,0,0,0,0,0,0,0,0,0,0,0,0,0,0,0,25025
1,1,1,1,1160,-1051,1226,-2,63,154,-30,59,120,0,0,0,0,0,0,0,0,0,0,0,0,0,0,0,0,0,0,0,0,0,0,25035
1,1,1,1,1142,-1053,1223,3,62,149,-30,60,121,0,0,0,0,0,0,0,0,0,0,0,0,0,0,0,0,0,0,0,0,0,0,25045
1,1,1,1,1137,-1042,1236,4,59,140,-29,58,116,0,0,0,0,0,0,0,0,0,0,0,0,0,0,0,0,0,0,0,0,0,0,25055
1,1,1,1,1150,-1015,1229,-8,63,135,-28,57,115,0,0,0,0,0,0,0,0,0,0,0,0,0,0,0,0,0,0,0,0,0,0,25065
1,1,1,1,1151,-1027,1240,-31,56,128,-30,57,115,0,0,0,0,0,0,0,0,0,0,0,0,0,0,0,0,0,0,0,0,0,0,25075
1,1,1,1,1142,-1042,1233,-47,53,120,-29,57,113,0,0,0,0,0,0,0,0,0,0,0,0,0,0,0,0,0,0,0,0,0,0,25085
1,1,1,1,1141,-1043,1226,-42,45,114,-28,57,115,0,0,0,0,0,0,0,0,0,0,0,0,0,0,0,0,0,0,0,0,0,0,25095
1,1,1,1,1145,-1039,1211,-17,35,111,-27,57,112,0,0,0,0,0,0,0,0,0,0,0,0,0,0,0,0,0,0,0,0,0,0,25105
1,1,1,1,1139,-1053,1220,-19,28,113,-28,57,111,0,0,0,0,0,0,0,0,0,0,0,0,0,0,0,0,0,0,0,0,0,0,25115
1,1,1,1,1142,-1042,1235,-21,19,119,-28,55,112,0,0,0,0,0,0,0,0,0,0,0,0,0,0,0,0,0,0,0,0,0,0,25125
1,1,1,1,1122,-1042,1220,-18,25,124,-28,56,111,0,0,0,0,0,0,0,0,0,0,0,0,0,0,0,0,0,0,0,0,0,0,25135
1,1,1,1,1110,-1070,1229,-30,21,128,-27,56,110,0,0,0,0,0,0,0,0,0,0,0,0,0,0,0,0,0,0,0,0,0,0,25145
1,1,1,1,1113,-1037,1218,-41,21,130,-28,57,111,0,0,0,0,0,0,0,0,0,0,0,0,0,0,0,0,0,0,0,0,0,0,25155
1,1,1,1,1134,-1032,1198,-20,6,122,-27,51,110,0,0,0,0,0,0,0,0,0,0,0,0,0,0,0,0,0,0,0,0,0,0,25165
1,1,1,1,1142,-1031,1206,-10,8,113,-27,54,109,0,0,0,0,0,0,0,0,0,0,0,0,0,0,0,0,0,0,0,0,0,0,25175
1,1,1,1,1146,-1037,1226,-29,16,100,-31,58,110,0,0,0,0,0,0,0,0,0,0,0,0,0,0,0,0,0,0,0,0,0,0,25185
1,1,1,1,1135,-1044,1222,-49,11,90,-27,55,108,0,0,0,0,0,0,0,0,0,0,0,0,0,0,0,0,0,0,0,0,0,0,25195
1,1,1,1,1121,-1038,1217,-42,5,88,-27,53,108,0,0,0,0,0,0,0,0,0,0,0,0,0,0,0,0,0,0,0,0,0,0,25205
1,1,1,1,1110,-1039,1204,-15,-3,88,-29,54,105,0,0,0,0,0,0,0,0,0,0,0,0,0,0,0,0,0,0,0,0,0,0,25215
1,1,1,1,1105,-1039,1193,18,-14,87,-30,57,110,0,0,0,0,0,0,0,0,0,0,0,0,0,0,0,0,0,0,0,0,0,0,25225
1,1,1,1,1087,-1073,1207,41,-12,85,-31,59,107,0,0,0,0,0,0,0,0,0,0,0,0,0,0,0,0,0,0,0,0,0,0,25235
1,1,1,1,1099,-1053,1234,39,-3,89,-28,54,107,0,0,0,0,0,0,0,0,0,0,0,0,0,0,0,0,0,0,0,0,0,0,25245
1,1,1,1,1114,-1056,1243,19,-14,85,-26,56,108,0,0,0,0,0,0,0,0,0,0,0,0,0,0,0,0,0,0,0,0,0,0,25255
1,1,1,1,1109,-1042,1225,15,-9,84,-23,55,109,0,0,0,0,0,0,0,0,0,0,0,0,0,0,0,0,0,0,0,0,0,0,25265
1,1,1,1,1111,-1058,1241,-9,-18,75,-26,56,109,0,0,0,0,0,0,0,0,0,0,0,0,0,0,0,0,0,0,0,0,0,0,25275
1,1,1,1,1124,-1040,1238,-23,-14,69,-24,54,110,0,0,0,0,0,0,0,0,0,0,0,0,0,0,0,0,0,0,0,0,0,0,25285
1,1,1,1,1133,-1036,1221,-13,-7,60,-22,53,108,0,0,0,0,0,0,0,0,0,0,0,0,0,0,0,0,0,0,0,0,0,0,25295
1,1,1,1,1137,-1029,1211,11,-11,52,-26,54,107,0,0,0,0,0,0,0,0,0,0,0,0,0,0,0,0,0,0,0,0,0,0,25305
1,1,1,1,1118,-1048,1217,23,-12,42,-24,54,110,0,0,0,0,0,0,0,0,0,0,0,0,0,0,0,0,0,0,0,0,0,0,25315
1,1,1,1,1121,-1058,1224,20,-16,34,-25,54,108,0,0,0,0,0,0,0,0,0,0,0,0,0,0,0,0,0,0,0,0,0,0,25325
1,1,1,1,1115,-1060,1231,22,-4,28,-25,54,109,0,0,0,0,0,0,0,0,0,0,0,0,0,0,0,0,0,0,0,0,0,0,25335
1,1,1,1,1103,-1061,1244,21,-2,23,-24,54,107,0,0,0,0,0,0,0,0,0,0,0,0,0,0,0,0,0,0,0,0,0,0,25345
1,1,1,1,1092,-1071,1251,-2,-11,16,-23,55,107,0,0,0,0,0,0,0,0,0,0,0,0,0,0,0,0,0,0,0,0,0,0,25355
1,1,1,1,1105,-1068,1236,-24,-6,8,-24,54,106,0,0,0,0,0,0,0,0,0,0,0,0,0,0,0,0,0,0,0,0,0,0,25365
1,1,1,1,1129,-1058,1228,-29,-6,5,-25,54,108,0,0,0,0,0,0,0,0,0,0,0,0,0,0,0,0,0,0,0,0,0,0,25375
1,1,1,1,1136,-1055,1207,-16,-2,1,-28,54,109,0,0,0,0,0,0,0,0,0,0,0,0,0,0,0,0,0,0,0,0,0,0,25385
1,1,1,1,1128,-1074,1215,-10,-4,-5,-26,54,109,0,0,0,0,0,0,0,0,0,0,0,0,0,0,0,0,0,0,0,0,0,0,25395
1,1,1,1,1124,-1074,1221,6,-13,-9,-25,54,109,0,0,0,0,0,0,0,0,0,0,0,0,0,0,0,0,0,0,0,0,0,0,25405
1,1,1,1,1116,-1084,1221,11,-15,-10,-25,54,107,0,0,0,0,0,0,0,0,0,0,0,0,0,0,0,0,0,0,0,0,0,0,25415
1,1,1,1,1122,-1074,1219,31,-12,-17,-24,55,108,0,0,0,0,0,0,0,0,0,0,0,0,0,0,0,0,0,0,0,0,0,0,25425
1,1,1,1,1126,-1068,1218,37,-16,-23,-26,55,108,0,0,0,0,0,0,0,0,0,0,0,0,0,0,0,0,0,0,0,0,0,0,25435
1,1,1,1,1142,-1055,1242,35,-22,-28,-24,54,106,0,0,0,0,0,0,0,0,0,0,0,0,0,0,0,0,0,0,0,0,0,0,25445
1,1,1,1,1142,-1066,1253,15,-22,-33,-22,54,108,0,0,0,0,0,0,0,0,0,0,0,0,0,0,0,0,0,0,0,0,0,0,25455
1,1,1,1,1138,-1080,1240,-5,-21,-38,-25,54,107,0,0,0,0,0,0,0,0,0,0,0,0,0,0,0,0,0,0,0,0,0,0,25465
1,1,1,1,1137,-1100,1231,-14,-15,-41,-25,53,106,0,0,0,0,0,0,0,0,0,0,0,0,0,0,0,0,0,0,0,0,0,0,25475
1,1,1,1,1143,-1105,1220,-7,-14,-38,-27,56,105,0,0,0,0,0,0,0,0,0,0,0,0,0,0,0,0,0,0,0,0,0,0,25485
1,1,1,1,1143,-1116,1214,6,-21,-33,-28,53,105,0,0,0,0,0,0,0,0,0,0,0,0,0,0,0,0,0,0,0,0,0,0,25495
1,1,1,1,1140,-1094,1213,31,-32,-24,-27,58,107,0,0,0,0,0,0,0,0,0,0,0,0,0,0,0,0,0,0,0,0,0,0,25505
1,1,1,1,1140,-1088,1204,56,-30,-12,-27,56,109,0,0,0,0,0,0,0,0,0,0,0,0,0,0,0,0,0,0,0,0,0,0,25515
1,1,1,1,1134,-1084,1217,77,-34,-9,-24,51,104,0,0,0,0,0,0,0,0,0,0,0,0,0,0,0,0,0,0,0,0,0,0,25525
1,1,1,1,1143,-1060,1225,107,-30,-8,-26,54,107,0,0,0,0,0,0,0,0,0,0,0,0,0,0,0,0,0,0,0,0,0,0,25535
1,1,1,1,1156,-1049,1233,113,-28,-10,-26,53,108,0,0,0,0,0,0,0,0,0,0,0,0,0,0,0,0,0,0,0,0,0,0,25545
1,1,1,1,1151,-1073,1253,89,-22,-10,-29,53,108,0,0,0,0,0,0,0,0,0,0,0,0,0,0,0,0,0,0,0,0,0,0,25555
1,1,1,1,1148,-1078,1261,56,-17,-12,-25,56,109,0,0,0,0,0,0,0,0,0,0,0,0,0,0,0,0,0,0,0,0,0,0,25565
1,1,1,1,1147,-1080,1259,28,-10,-12,-23,55,108,0,0,0,0,0,0,0,0,0,0,0,0,0,0,0,0,0,0,0,0,0,0,25575
1,1,1,1,1146,-1070,1251,13,-8,-9,-24,53,107,0,0,0,0,0,0,0,0,0,0,0,0,0,0,0,0,0,0,0,0,0,0,25585
1,1,1,1,1134,-1080,1248,11,-5,-10,-24,53,105,0,0,0,0,0,0,0,0,0,0,0,0,0,0,0,0,0,0,0,0,0,0,25595
1,1,1,1,1139,-1074,1244,13,2,-5,-25,54,105,0,0,0,0,0,0,0,0,0,0,0,0,0,0,0,0,0,0,0,0,0,0,25605
1,1,1,1,1144,-1081,1236,15,4,-4,-24,53,107,0,0,0,0,0,0,0,0,0,0,0,0,0,0,0,0,0,0,0,0,0,0,25615
1,1,1,1,1146,-1064,1223,28,-1,-4,-25,54,106,0,0,0,0,0,0,0,0,0,0,0,0,0,0,0,0,0,0,0,0,0,0,25625
1,1,1,1,1147,-1070,1231,40,8,-3,-24,53,104,0,0,0,0,0,0,0,0,0,0,0,0,0,0,0,0,0,0,0,0,0,0,25635
1,1,1,1,1137,-1057,1246,44,10,-7,-23,54,105,0,0,0,0,0,0,0,0,0,0,0,0,0,0,0,0,0,0,0,0,0,0,25645
1,1,1,1,1137,-1037,1230,60,13,-9,-24,54,104,0,0,0,0,0,0,0,0,0,0,0,0,0,0,0,0,0,0,0,0,0,0,25655
1,1,1,1,1135,-1048,1263,53,15,-17,-25,55,104,0,0,0,0,0,0,0,0,0,0,0,0,0,0,0,0,0,0,0,0,0,0,25665
1,1,1,1,1135,-1043,1262,33,12,-22,-25,54,107,0,0,0,0,0,0,0,0,0,0,0,0,0,0,0,0,0,0,0,0,0,0,25675
1,1,1,1,1136,-1055,1262,19,15,-29,-25,54,105,0,0,0,0,0,0,0,0,0,0,0,0,0,0,0,0,0,0,0,0,0,0,25685
1,1,1,1,1138,-1060,1251,25,16,-30,-24,53,107,0,0,0,0,0,0,0,0,0,0,0,0,0,0,0,0,0,0,0,0,0,0,25695
1,1,1,1,1139,-1061,1243,31,21,-28,-26,54,105,0,0,0,0,0,0,0,0,0,0,0,0,0,0,0,0,0,0,0,0,0,0,25705
1,1,1,1,1140,-1077,1252,34,26,-26,-25,53,105,0,0,0,0,0,0,0,0,0,0,0,0,0,0,0,0,0,0,0,0,0,0,25715
1,1,1,1,1143,-1068,1251,35,24,-22,-25,53,106,0,0,0,0,0,0,0,0,0,0,0,0,0,0,0,0,0,0,0,0,0,0,25725
1,1,1,1,1142,-1066,1250,32,21,-21,-25,54,106,0,0,0,0,0,0,0,0,0,0,0,0,0,0,0,0,0,0,0,0,0,0,25735
1,1,1,1,1137,-1057,1258,27,29,-18,-25,53,106,0,0,0,0,0,0,0,0,0,0,0,0,0,0,0,0,0,0,0,0,0,0,25745
1,1,1,1,1138,-1061,1252,16,36,-17,-27,54,107,0,0,0,0,0,0,0,0,0,0,0,0,0,0,0,0,0,0,0,0,0,0,25755
1,1,1,1,1145,-1053,1247,10,33,-18,-26,54,107,0,0,0,0,0,0,0,0,0,0,0,0,0,0,0,0,0,0,0,0,0,0,25765
1,1,1,1,1144,-1049,1253,4,37,-26,-26,55,106,0,0,0,0,0,0,0,0,0,0,0,0,0,0,0,0,0,0,0,0,0,0,25775
1,1,1,1,1149,-1049,1237,22,38,-33,-26,54,106,0,0,0,0,0,0,0,0,0,0,0,0,0,0,0,0,0,0,0,0,0,0,25785
1,1,1,1,1138,-1066,1233,35,42,-37,-26,55,108,0,0,0,0,0,0,0,0,0,0,0,0,0,0,0,0,0,0,0,0,0,0,25795
1,1,1,1,1137,-1071,1243,38,40,-38,-25,53,106,0,0,0,0,0,0,0,0,0,0,0,0,0,0,0,0,0,0,0,0,0,0,25805
1,1,1,1,1140,-1068,1239,43,47,-32,-25,54,106,0,0,0,0,0,0,0,0,0,0,0,0,0,0,0,0,0,0,0,0,0,0,25815
1,1,1,1,1142,-1071,1256,30,52,-25,-26,52,104,0,0,0,0,0,0,0,0,0,0,0,0,0,0,0,0,0,0,0,0,0,0,25825
1,1,1,1,1135,-1064,1257,7,46,-21,-27,56,108,0,0,0,0,0,0,0,0,0,0,0,0,0,0,0,0,0,0,0,0,0,0,25835
1,1,1,1,1132,-1050,1258,-2,54,-11,-26,54,106,0,0,0,0,0,0,0,0,0,0,0,0,0,0,0,0,0,0,0,0,0,0,25845
1,1,1,1,1120,-1064,1273,-28,57,-3,-24,51,108,0,0,0,0,0,0,0,0,0,0,0,0,0,0,0,0,0,0,0,0,0,0,25855
1,1,1,1,1121,-1043,1260,-33,62,-2,-25,52,109,0,0,0,0,0,0,0,0,0,0,0,0,0,0,0,0,0,0,0,0,0,0,25865
1,1,1,1,1122,-1044,1258,-39,68,-10,-25,54,110,0,0,0,0,0,0,0,0,0,0,0,0,0,0,0,0,0,0,0,0,0,0,25875
1,1,1,1,1132,-1040,1240,-38,68,-14,-25,53,110,0,0,0,0,0,0,0,0,0,0,0,0,0,0,0,0,0,0,0,0,0,0,25885
1,1,1,1,1136,-1041,1232,-33,76,-26,-25,53,108,0,0,0,0,0,0,0,0,0,0,0,0,0,0,0,0,0,0,0,0,0,0,25895
1,1,1,1,1135,-1040,1229,-11,74,-34,-26,53,107,0,0,0,0,0,0,0,0,0,0,0,0,0,0,0,0,0,0,0,0,0,0,25905
1,1,1,1,1127,-1050,1229,4,70,-38,-26,54,107,0,0,0,0,0,0,0,0,0,0,0,0,0,0,0,0,0,0,0,0,0,0,25915
1,1,1,1,1138,-1062,1245,0,61,-40,-28,54,108,0,0,0,0,0,0,0,0,0,0,0,0,0,0,0,0,0,0,0,0,0,0,25925
1,1,1,1,1133,-1076,1236,-7,53,-38,-26,55,109,0,0,0,0,0,0,0,0,0,0,0,0,0,0,0,0,0,0,0,0,0,0,25935
1,1,1,1,1125,-1080,1231,2,43,-31,-26,54,107,0,0,0,0,0,0,0,0,0,0,0,0,0,0,0,0,0,0,0,0,0,0,25945
1,1,1,1,1115,-1077,1230,15,46,-21,-25,54,108,0,0,0,0,0,0,0,0,0,0,0,0,0,0,0,0,0,0,0,0,0,0,25955
1,1,1,1,1107,-1077,1238,22,23,-21,-27,55,109,0,0,0,0,0,0,0,0,0,0,0,0,0,0,0,0,0,0,0,0,0,0,25965
1,1,1,1,1114,-1064,1243,25,24,-18,-28,55,109,0,0,0,0,0,0,0,0,0,0,0,0,0,0,0,0,0,0,0,0,0,0,25975
1,1,1,1,1119,-1062,1251,20,22,-21,-28,54,108,0,0,0,0,0,0,0,0,0,0,0,0,0,0,0,0,0,0,0,0,0,0,25985
1,1,1,1,1135,-1048,1257,18,17,-23,-27,55,108,0,0,0,0,0,0,0,0,0,0,0,0,0,0,0,0,0,0,0,0,0,0,25995
1,1,1,1,1129,-1060,1257,27,17,-25,-28,55,108,0,0,0,0,0,0,0,0,0,0,0,0,0,0,0,0,0,0,0,0,0,0,26005
1,1,1,1,1118,-1063,1264,24,21,-25,-27,55,111,0,0,0,0,0,0,0,0,0,0,0,0,0,0,0,0,0,0,0,0,0,0,26015
1,1,1,1,1110,-1078,1275,4,12,-24,-24,54,109,0,0,0,0,0,0,0,0,0,0,0,0,0,0,0,0,0,0,0,0,0,0,26025
1,1,1,1,1112,-1056,1264,6,7,-15,-23,54,110,0,0,0,0,0,0,0,0,0,0,0,0,0,0,0,0,0,0,0,0,0,0,26035
1,1,1,1,1106,-1067,1264,9,10,-11,-25,55,109,0,0,0,0,0,0,0,0,0,0,0,0,0,0,0,0,0,0,0,0,0,0,26045
1,1,1,1,1114,-1066,1255,15,16,-3,-25,54,109,0,0,0,0,0,0,0,0,0,0,0,0,0,0,0,0,0,0,0,0,0,0,26055
1,1,1,1,1122,-1062,1249,28,13,1,-27,55,108,0,0,0,0,0,0,0,0,0,0,0,0,0,0,0,0,0,0,0,0,0,0,26065
1,1,1,1,1127,-1062,1244,33,11,3,-30,58,110,0,0,0,0,0,0,0,0,0,0,0,0,0,0,0,0,0,0,0,0,0,0,26075
1,1,1,1,1133,-1049,1254,34,12,2,-26,55,109,0,0,0,0,0,0,0,0,0,0,0,0,0,0,0,0,0,0,0,0,0,0,26085
1,1,1,1,1126,-1055,1265,26,10,-2,-26,56,111,0,0,0,0,0,0,0,0,0,0,0,0,0,0,0,0,0,0,0,0,0,0,26095
1,1,1,1,1120,-1054,1265,15,14,-5,-27,56,111,0,0,0,0,0,0,0,0,0,0,0,0,0,0,0,0,0,0,0,0,0,0,26105
1,1,1,1,1120,-1028,1268,15,13,-4,-27,54,108,0,0,0,0,0,0,0,0,0,0,0,0,0,0,0,0,0,0,0,0,0,0,26115
1,1,1,1,1098,-1040,1256,23,20,-2,-30,58,110,0,0,0,0,0,0,0,0,0,0,0,0,0,0,0,0,0,0,0,0,0,0,26125
1,1,1,1,1095,-1041,1250,29,18,-4,-29,58,112,0,0,0,0,0,0,0,0,0,0,0,0,0,0,0,0,0,0,0,0,0,0,26135
1,1,1,1,1104,-1031,1261,38,23,-6,-28,53,113,0,0,0,0,0,0,0,0,0,0,0,0,0,0,0,0,0,0,0,0,0,0,26145
1,1,1,1,1113,-1025,1261,55,12,-9,-25,55,114,0,0,0,0,0,0,0,0,0,0,0,0,0,0,0,0,0,0,0,0,0,0,26155
1,1,1,1,1118,-1027,1243,76,11,-13,-25,55,113,0,0,0,0,0,0,0,0,0,0,0,0,0,0,0,0,0,0,0,0,0,0,26165
1,1,1,1,1115,-1048,1244,88,12,-13,-26,56,115,0,0,0,0,0,0,0,0,0,0,0,0,0,0,0,0,0,0,0,0,0,0,26175
1,1,1,1,1122,-1057,1251,74,9,-13,-26,57,114,0,0,0,0,0,0,0,0,0,0,0,0,0,0,0,0,0,0,0,0,0,0,26185
1,1,1,1,1117,-1058,1255,63,2,-13,-25,57,115,0,0,0,0,0,0,0,0,0,0,0,0,0,0,0,0,0,0,0,0,0,0,26195
1,1,1,1,1123,-1052,1244,54,-6,-11,-26,57,114,0,0,0,0,0,0,0,0,0,0,0,0,0,0,0,0,0,0,0,0,0,0,26205
1,1,1,1,1121,-1031,1243,48,-4,-8,-28,57,115,0,0,0,0,0,0,0,0,0,0,0,0,0,0,0,0,0,0,0,0,0,0,26215
1,1,1,1,1113,-1025,1245,57,8,-7,-28,57,114,0,0,0,0,0,0,0,0,0,0,0,0,0,0,0,0,0,0,0,0,0,0,26225
1,1,1,1,1107,-1033,1269,43,13,-10,-25,56,114,0,0,0,0,0,0,0,0,0,0,0,0,0,0,0,0,0,0,0,0,0,0,26235
1,1,1,1,1108,-1031,1278,36,14,-15,-25,57,116,0,0,0,0,0,0,0,0,0,0,0,0,0,0,0,0,0,0,0,0,0,0,26245
1,1,1,1,1116,-1014,1260,58,15,-23,-26,57,113,0,0,0,0,0,0,0,0,0,0,0,0,0,0,0,0,0,0,0,0,0,0,26255
1,1,1,1,1123,-1029,1261,66,14,-29,-26,58,112,0,0,0,0,0,0,0,0,0,0,0,0,0,0,0,0,0,0,0,0,0,0,26265
1,1,1,1,1117,-1042,1272,54,18,-27,-26,56,113,0,0,0,0,0,0,0,0,0,0,0,0,0,0,0,0,0,0,0,0,0,0,26275
1,1,1,1,1111,-1029,1260,57,16,-24,-27,57,113,0,0,0,0,0,0,0,0,0,0,0,0,0,0,0,0,0,0,0,0,0,0,26285
1,1,1,1,1117,-1021,1263,61,7,-20,-29,59,115,0,0,0,0,0,0,0,0,0,0,0,0,0,0,0,0,0,0,0,0,0,0,26295
1,1,1,1,1116,-1015,1272,55,5,-17,-30,57,113,0,0,0,0,0,0,0,0,0,0,0,0,0,0,0,0,0,0,0,0,0,0,26305
1,1,1,1,1119,-1012,1265,55,2,-17,-27,57,114,0,0,0,0,0,0,0,0,0,0,0,0,0,0,0,0,0,0,0,0,0,0,26315
1,1,1,1,1123,-1022,1275,53,6,-18,-27,59,114,0,0,0,0,0,0,0,0,0,0,0,0,0,0,0,0,0,0,0,0,0,0,26325
1,1,1,1,1121,-1026,1274,51,2,-17,-26,58,115,0,0,0,0,0,0,0,0,0,0,0,0,0,0,0,0,0,0,0,0,0,0,26335
1,1,1,1,1129,-1018,1273,60,3,-16,-24,56,113,0,0,0,0,0,0,0,0,0,0,0,0,0,0,0,0,0,0,0,0,0,0,26345
1,1,1,1,1126,-1031,1281,56,7,-17,-24,57,114,0,0,0,0,0,0,0,0,0,0,0,0,0,0,0,0,0,0,0,0,0,0,26355
1,1,1,1,1122,-1036,1291,39,4,-15,-26,57,114,0,0,0,0,0,0,0,0,0,0,0,0,0,0,0,0,0,0,0,0,0,0,26365
1,1,1,1,1119,-1037,1275,36,10,-11,-27,59,115,0,0,0,0,0,0,0,0,0,0,0,0,0,0,0,0,0,0,0,0,0,0,26375
1,1,1,1,1122,-1030,1271,37,15,-7,-27,59,114,0,0,0,0,0,0,0,0,0,0,0,0,0,0,0,0,0,0,0,0,0,0,26385
1,1,1,1,1118,-1032,1284,20,9,-6,-27,59,114,0,0,0,0,0,0,0,0,0,0,0,0,0,0,0,0,0,0,0,0,0,0,26395
1,1,1,1,1120,-1015,1273,9,17,-1,-27,57,115,0,0,0,0,0,0,0,0,0,0,0,0,0,0,0,0,0,0,0,0,0,0,26405
1,1,1,1,1124,-1013,1273,8,24,1,-28,57,114,0,0,0,0,0,0,0,0,0,0,0,0,0,0,0,0,0,0,0,0,0,0,26415
1,1,1,1,1120,-1021,1270,-7,17,2,-29,57,114,0,0,0,0,0,0,0,0,0,0,0,0,0,0,0,0,0,0,0,0,0,0,26425
1,1,1,1,1117,-1022,1259,-6,13,3,-31,59,114,0,0,0,0,0,0,0,0,0,0,0,0,0,0,0,0,0,0,0,0,0,0,26435
1,1,1,1,1117,-1020,1254,7,10,0,-30,58,115,0,0,0,0,0,0,0,0,0,0,0,0,0,0,0,0,0,0,0,0,0,0,26445
1,1,1,1,1122,-1010,1250,17,4,1,-27,58,116,0,0,0,0,0,0,0,0,0,0,0,0,0,0,0,0,0,0,0,0,0,0,26455
1,1,1,1,1117,-1009,1257,21,7,3,-27,59,115,0,0,0,0,0,0,0,0,0,0,0,0,0,0,0,0,0,0,0,0,0,0,26465
1,1,1,1,1111,-1021,1261,16,-1,1,-26,58,113,0,0,0,0,0,0,0,0,0,0,0,0,0,0,0,0,0,0,0,0,0,0,26475
1,1,1,1,1119,-1012,1263,26,-2,1,-24,57,113,0,0,0,0,0,0,0,0,0,0,0,0,0,0,0,0,0,0,0,0,0,0,26485
1,1,1,1,1113,-1014,1261,33,-7,0,-25,57,114,0,0,0,0,0,0,0,0,0,0,0,0,0,0,0,0,0,0,0,0,0,0,26495
1,1,1,1,1108,-1016,1270,37,-4,-3,-25,58,115,0,0,0,0,0,0,0,0,0,0,0,0,0,0,0,0,0,0,0,0,0,0,26505
1,1,1,1,1116,-1023,1285,32,-2,-5,-27,57,115,0,0,0,0,0,0,0,0,0,0,0,0,0,0,0,0,0,0,0,0,0,0,26515
1,1,1,1,1111,-1023,1286,20,0,-7,-26,57,113,0,0,0,0,0,0,0,0,0,0,0,0,0,0,0,0,0,0,0,0,0,0,26525
1,1,1,1,1113,-1013,1284,15,-3,-10,-26,57,113,0,0,0,0,0,0,0,0,0,0,0,0,0,0,0,0,0,0,0,0,0,0,26535
1,1,1,1,1112,-1015,1266,25,4,-12,-27,57,113,0,0,0,0,0,0,0,0,0,0,0,0,0,0,0,0,0,0,0,0,0,0,26545
1,1,1,1,1115,-1019,1261,20,1,-14,-26,58,112,0,0,0,0,0,0,0,0,0,0,0,0,0,0,0,0,0,0,0,0,0,0,26555
1,1,1,1,1121,-1014,1260,11,1,-12,-27,58,112,0,0,0,0,0,0,0,0,0,0,0,0,0,0,0,0,0,0,0,0,0,0,26565
1,1,1,1,1116,-1016,1255,3,5,-10,-29,58,111,0,0,0,0,0,0,0,0,0,0,0,0,0,0,0,0,0,0,0,0,0,0,26575
1,1,1,1,1115,-1015,1263,0,-1,-11,-29,57,111,0,0,0,0,0,0,0,0,0,0,0,0,0,0,0,0,0,0,0,0,0,0,26585
1,1,1,1,1111,-999,1254,14,-11,-11,-28,57,111,0,0,0,0,0,0,0,0,0,0,0,0,0,0,0,0,0,0,0,0,0,0,26595
1,1,1,1,1099,-1018,1254,35,-15,-14,-29,57,111,0,0,0,0,0,0,0,0,0,0,0,0,0,0,0,0,0,0,0,0,0,0,26605
1,1,1,1,1105,-1020,1267,36,-13,-13,-29,58,111,0,0,0,0,0,0,0,0,0,0,0,0,0,0,0,0,0,0,0,0,0,0,26615
1,1,1,1,1106,-1035,1272,27,-21,-14,-30,57,112,0,0,0,0,0,0,0,0,0,0,0,0,0,0,0,0,0,0,0,0,0,0,26625
1,1,1,1,1112,-1026,1255,29,-18,-9,-28,57,108,0,0,0,0,0,0,0,0,0,0,0,0,0,0,0,0,0,0,0,0,0,0,26635
1,1,1,1,1121,-1035,1274,24,-17,-4,-27,57,110,0,0,0,0,0,0,0,0,0,0,0,0,0,0,0,0,0,0,0,0,0,0,26645
1,1,1,1,1112,-1033,1276,10,-24,0,-27,57,111,0,0,0,0,0,0,0,0,0,0,0,0,0,0,0,0,0,0,0,0,0,0,26655
1,1,1,1,1106,-1025,1277,9,-24,7,-26,56,108,0,0,0,0,0,0,0,0,0,0,0,0,0,0,0,0,0,0,0,0,0,0,26665
1,1,1,1,1101,-1020,1279,6,-25,13,-25,56,109,0,0,0,0,0,0,0,0,0,0,0,0,0,0,0,0,0,0,0,0,0,0,26675
1,1,1,1,1100,-1017,1276,4,-21,16,-27,58,108,0,0,0,0,0,0,0,0,0,0,0,0,0,0,0,0,0,0,0,0,0,0,26685
1,1,1,1,1113,-1015,1287,-4,-15,17,-28,57,105,0,0,0,0,0,0,0,0,0,0,0,0,0,0,0,0,0,0,0,0,0,0,26695
1,1,1,1,1119,-999,1273,-5,-14,13,-30,59,108,0,0,0,0,0,0,0,0,0,0,0,0,0,0,0,0,0,0,0,0,0,0,26705
1,1,1,1,1123,-990,1261,8,-16,7,-32,60,111,0,0,0,0,0,0,0,0,0,0,0,0,0,0,0,0,0,0,0,0,0,0,26715
1,1,1,1,1118,-1009,1276,6,-17,2,-28,55,109,0,0,0,0,0,0,0,0,0,0,0,0,0,0,0,0,0,0,0,0,0,0,26725
1,1,1,1,1119,-1006,1266,13,-10,0,-28,55,108,0,0,0,0,0,0,0,0,0,0,0,0,0,0,0,0,0,0,0,0,0,0,26735
1,1,1,1,1113,-1009,1264,39,-10,-3,-29,57,109,0,0,0,0,0,0,0,0,0,0,0,0,0,0,0,0,0,0,0,0,0,0,26745
1,1,1,1,1113,-1011,1273,43,-8,-3,-27,58,111,0,0,0,0,0,0,0,0,0,0,0,0,0,0,0,0,0,0,0,0,0,0,26755
1,1,1,1,1111,-1019,1281,44,-5,-1,-25,55,106,0,0,0,0,0,0,0,0,0,0,0,0,0,0,0,0,0,0,0,0,0,0,26765
1,1,1,1,1104,-1020,1270,38,-14,-1,-27,56,109,0,0,0,0,0,0,0,0,0,0,0,0,0,0,0,0,0,0,0,0,0,0,26775
1,1,1,1,1121,-1000,1273,15,-11,6,-26,58,108,0,0,0,0,0,0,0,0,0,0,0,0,0,0,0,0,0,0,0,0,0,0,26785
1,1,1,1,1111,-1014,1280,3,-8,11,-27,56,108,0,0,0,0,0,0,0,0,0,0,0,0,0,0,0,0,0,0,0,0,0,0,26795
1,1,1,1,1120,-1006,1272,-6,-10,10,-24,56,108,0,0,0,0,0,0,0,0,0,0,0,0,0,0,0,0,0,0,0,0,0,0,26805
1,1,1,1,1133,-999,1279,-9,-11,7,-25,56,109,0,0,0,0,0,0,0,0,0,0,0,0,0,0,0,0,0,0,0,0,0,0,26815
1,1,1,1,1123,-998,1287,-15,-17,3,-24,56,108,0,0,0,0,0,0,0,0,0,0,0,0,0,0,0,0,0,0,0,0,0,0,26825
1,1,1,1,1129,-1001,1289,-13,-7,0,-26,57,109,0,0,0,0,0,0,0,0,0,0,0,0,0,0,0,0,0,0,0,0,0,0,26835
1,1,1,1,1124,-1008,1293,-10,-6,-1,-26,56,108,0,0,0,0,0,0,0,0,0,0,0,0,0,0,0,0,0,0,0,0,0,0,26845
1,1,1,1,1113,-1021,1284,-9,-7,7,-25,57,106,0,0,0,0,0,0,0,0,0,0,0,0,0,0,0,0,0,0,0,0,0,0,26855
1,1,1,1,1110,-1038,1303,-17,-11,14,-27,56,105,0,0,0,0,0,0,0,0,0,0,0,0,0,0,0,0,0,0,0,0,0,0,26865
1,1,1,1,1113,-1038,1294,-29,-21,22,-25,56,106,0,0,0,0,0,0,0,0,0,0,0,0,0,0,0,0,0,0,0,0,0,0,26875
1,1,1,1,1118,-1023,1272,-25,-26,26,-25,56,106,0,0,0,0,0,0,0,0,0,0,0,0,0,0,0,0,0,0,0,0,0,0,26885
1,1,1,1,1127,-1025,1276,-27,-32,29,-25,57,106,0,0,0,0,0,0,0,0,0,0,0,0,0,0,0,0,0,0,0,0,0,0,26895
1,1,1,1,1132,-1018,1283,-42,-39,26,-27,56,108,0,0,0,0,0,0,0,0,0,0,0,0,0,0,0,0,0,0,0,0,0,0,26905
1,1,1,1,1127,-1025,1279,-63,-38,26,-27,56,108,0,0,0,0,0,0,0,0,0,0,0,0,0,0,0,0,0,0,0,0,0,0,26915
1,1,1,1,1119,-1014,1277,-66,-38,25,-25,56,106,0,0,0,0,0,0,0,0,0,0,0,0,0,0,0,0,0,0,0,0,0,0,26925
1,1,1,1,1122,-999,1258,-43,-50,23,-25,57,106,0,0,0,0,0,0,0,0,0,0,0,0,0,0,0,0,0,0,0,0,0,0,26935
1,1,1,1,1116,-1020,1268,-39,-45,24,-26,57,107,0,0,0,0,0,0,0,0,0,0,0,0,0,0,0,0,0,0,0,0,0,0,26945
1,1,1,1,1122,-1005,1278,-41,-38,27,-25,57,106,0,0,0,0,0,0,0,0,0,0,0,0,0,0,0,0,0,0,0,0,0,0,26955
1,1,1,1,1110,-1013,1270,-47,-33,28,-26,57,107,0,0,0,0,0,0,0,0,0,0,0,0,0,0,0,0,0,0,0,0,0,0,26965
1,1,1,1,1111,-1018,1279,-57,-28,27,-28,56,106,0,0,0,0,0,0,0,0,0,0,0,0,0,0,0,0,0,0,0,0,0,0,26975
1,1,1,1,1113,-998,1262,-50,-16,24,-26,58,107,0,0,0,0,0,0,0,0,0,0,0,0,0,0,0,0,0,0,0,0,0,0,26985
1,1,1,1,1120,-1005,1273,-41,-11,15,-25,57,106,0,0,0,0,0,0,0,0,0,0,0,0,0,0,0,0,0,0,0,0,0,0,26995
1,1,1,1,1123,-1025,1285,-56,-6,11,-29,57,108,0,0,0,0,0,0,0,0,0,0,0,0,0,0,0,0,0,0,0,0,0,0,27005
1,1,1,1,1127,-1023,1248,-67,1,7,-28,57,109,0,0,0,0,0,0,0,0,0,0,0,0,0,0,0,0,0,0,0,0,0,0,27015
1,1,1,1,1131,-1024,1244,-56,2,7,-26,56,108,0,0,0,0,0,0,0,0,0,0,0,0,0,0,0,0,0,0,0,0,0,0,27025
1,1,1,1,1126,-1028,1240,-53,4,7,-28,59,110,0,0,0,0,0,0,0,0,0,0,0,0,0,0,0,0,0,0,0,0,0,0,27035
1,1,1,1,1123,-1011,1228,-39,-5,11,-27,56,110,0,0,0,0,0,0,0,0,0,0,0,0,0,0,0,0,0,0,0,0,0,0,27045
1,1,1,1,1121,-1018,1232,-7,-1,11,-28,59,108,0,0,0,0,0,0,0,0,0,0,0,0,0,0,0,0,0,0,0,0,0,0,27055
1,1,1,1,1119,-1023,1234,-4,7,10,-28,56,109,0,0,0,0,0,0,0,0,0,0,0,0,0,0,0,0,0,0,0,0,0,0,27065
1,1,1,1,1126,-1024,1257,-13,8,6,-25,55,106,0,0,0,0,0,0,0,0,0,0,0,0,0,0,0,0,0,0,0,0,0,0,27075
1,1,1,1,1122,-1024,1255,-4,17,0,-23,57,110,0,0,0,0,0,0,0,0,0,0,0,0,0,0,0,0,0,0,0,0,0,0,27085
1,1,1,1,1130,-1015,1255,2,12,-5,-24,58,107,0,0,0,0,0,0,0,0,0,0,0,0,0,0,0,0,0,0,0,0,0,0,27095
1,1,1,1,1123,-1033,1260,-5,12,-9,-25,57,106,0,0,0,0,0,0,0,0,0,0,0,0,0,0,0,0,0,0,0,0,0,0,27105
1,1,1,1,1125,-1034,1250,-8,14,-6,-26,56,108,0,0,0,0,0,0,0,0,0,0,0,0,0,0,0,0,0,0,0,0,0,0,27115
1,1,1,1,1128,-1037,1250,-19,12,-5,-26,56,109,0,0,0,0,0,0,0,0,0,0,0,0,0,0,0,0,0,0,0,0,0,0,27125
1,1,1,1,1132,-1034,1245,-25,11,-1,-26,56,106,0,0,0,0,0,0,0,0,0,0,0,0,0,0,0,0,0,0,0,0,0,0,27135
1,1,1,1,1129,-1020,1248,-22,13,3,-27,56,107,0,0,0,0,0,0,0,0,0,0,0,0,0,0,0,0,0,0,0,0,0,0,27145
1,1,1,1,1130,-1025,1251,-12,9,3,-25,56,107,0,0,0,0,0,0,0,0,0,0,0,0,0,0,0,0,0,0,0,0,0,0,27155
1,1,1,1,1134,-1021,1246,8,3,-1,-24,55,106,0,0,0,0,0,0,0,0,0,0,0,0,0,0,0,0,0,0,0,0,0,0,27165
1,1,1,1,1130,-1034,1249,29,4,0,-23,56,103,0,0,0,0,0,0,0,0,0,0,0,0,0,0,0,0,0,0,0,0,0,0,27175
1,1,1,1,1131,-1032,1255,35,7,3,-23,55,105,0,0,0,0,0,0,0,0,0,0,0,0,0,0,0,0,0,0,0,0,0,0,27185
1,1,1,1,1132,-1038,1256,30,-7,-5,-23,56,105,0,0,0,0,0,0,0,0,0,0,0,0,0,0,0,0,0,0,0,0,0,0,27195
1,1,1,1,1127,-1031,1259,25,-5,-2,-25,55,107,0,0,0,0,0,0,0,0,0,0,0,0,0,0,0,0,0,0,0,0,0,0,27205
1,1,1,1,1121,-1044,1281,13,-2,-6,-25,56,105,0,0,0,0,0,0,0,0,0,0,0,0,0,0,0,0,0,0,0,0,0,0,27215
1,1,1,1,1120,-1031,1275,-3,-2,-8,-26,55,106,0,0,0,0,0,0,0,0,0,0,0,0,0,0,0,0,0,0,0,0,0,0,27225
1,1,1,1,1129,-1033,1277,-2,1,-8,-26,56,105,0,0,0,0,0,0,0,0,0,0,0,0,0,0,0,0,0,0,0,0,0,0,27235
1,1,1,1,1125,-1029,1260,0,-7,-10,-25,56,105,0,0,0,0,0,0,0,0,0,0,0,0,0,0,0,0,0,0,0,0,0,0,27245
1,1,1,1,1118,-1034,1264,3,-5,-9,-24,56,105,0,0,0,0,0,0,0,0,0,0,0,0,0,0,0,0,0,0,0,0,0,0,27255
1,1,1,1,1114,-1036,1265,9,0,-2,-24,56,106,0,0,0,0,0,0,0,0,0,0,0,0,0,0,0,0,0,0,0,0,0,0,27265
1,1,1,1,1121,-1032,1268,6,-2,2,-25,56,105,0,0,0,0,0,0,0,0,0,0,0,0,0,0,0,0,0,0,0,0,0,0,27275
1,1,1,1,1126,-1039,1270,7,-1,3,-28,58,103,0,0,0,0,0,0,0,0,0,0,0,0,0,0,0,0,0,0,0,0,0,0,27285
1,1,1,1,1128,-1035,1253,15,1,1,-27,58,105,0,0,0,0,0,0,0,0,0,0,0,0,0,0,0,0,0,0,0,0,0,0,27295
1,1,1,1,1134,-1040,1265,21,3,-3,-25,56,106,0,0,0,0,0,0,0,0,0,0,0,0,0,0,0,0,0,0,0,0,0,0,27305
1,1,1,1,1134,-1018,1245,33,8,-5,-26,57,104,0,0,0,0,0,0,0,0,0,0,0,0,0,0,0,0,0,0,0,0,0,0,27315
1,1,1,1,1129,-1033,1259,29,13,-8,-30,60,105,0,0,0,0,0,0,0,0,0,0,0,0,0,0,0,0,0,0,0,0,0,0,27325
1,1,1,1,1118,-1036,1273,17,15,-14,-26,55,102,0,0,0,0,0,0,0,0,0,0,0,0,0,0,0,0,0,0,0,0,0,0,27335
1,1,1,1,1112,-1024,1260,23,24,-14,-27,57,107,0,0,0,0,0,0,0,0,0,0,0,0,0,0,0,0,0,0,0,0,0,0,27345
1,1,1,1,1110,-1031,1262,16,20,-14,-28,57,104,0,0,0,0,0,0,0,0,0,0,0,0,0,0,0,0,0,0,0,0,0,0,27355
1,1,1,1,1105,-1046,1276,1,17,-17,-27,56,107,0,0,0,0,0,0,0,0,0,0,0,0,0,0,0,0,0,0,0,0,0,0,27365
1,1,1,1,1113,-1022,1263,8,15,-13,-24,55,104,0,0,0,0,0,0,0,0,0,0,0,0,0,0,0,0,0,0,0,0,0,0,27375
1,1,1,1,1112,-1017,1249,32,19,-12,-25,57,107,0,0,0,0,0,0,0,0,0,0,0,0,0,0,0,0,0,0,0,0,0,0,27385
1,1,1,1,1113,-1026,1267,39,19,-10,-25,56,107,0,0,0,0,0,0,0,0,0,0,0,0,0,0,0,0,0,0,0,0,0,0,27395
1,1,1,1,1104,-1040,1268,39,21,-11,-25,55,108,0,0,0,0,0,0,0,0,0,0,0,0,0,0,0,0,0,0,0,0,0,0,27405
1,1,1,1,1116,-1020,1256,57,20,-16,-26,56,107,0,0,0,0,0,0,0,0,0,0,0,0,0,0,0,0,0,0,0,0,0,0,27415
1,1,1,1,1121,-1012,1249,74,17,-20,-27,58,105,0,0,0,0,0,0,0,0,0,0,0,0,0,0,0,0,0,0,0,0,0,0,27425
1,1,1,1,1122,-1024,1263,74,16,-25,-26,56,106,0,0,0,0,0,0,0,0,0,0,0,0,0,0,0,0,0,0,0,0,0,0,27435
1,1,1,1,1137,-1002,1273,62,22,-26,-24,57,107,0,0,0,0,0,0,0,0,0,0,0,0,0,0,0,0,0,0,0,0,0,0,27445
1,1,1,1,1113,-1041,1281,44,25,-30,-25,57,105,0,0,0,0,0,0,0,0,0,0,0,0,0,0,0,0,0,0,0,0,0,0,27455
1,1,1,1,1105,-1026,1272,34,21,-26,-24,56,102,0,0,0,0,0,0,0,0,0,0,0,0,0,0,0,0,0,0,0,0,0,0,27465
1,1,1,1,1109,-1032,1284,27,35,-21,-23,57,103,0,0,0,0,0,0,0,0,0,0,0,0,0,0,0,0,0,0,0,0,0,0,27475
1,1,1,1,1110,-1024,1272,30,41,-19,-23,55,104,0,0,0,0,0,0,0,0,0,0,0,0,0,0,0,0,0,0,0,0,0,0,27485
1,1,1,1,1104,-1022,1264,32,33,-16,-24,56,104,0,0,0,0,0,0,0,0,0,0,0,0,0,0,0,0,0,0,0,0,0,0,27495
1,1,1,1,1114,-1019,1266,28,32,-12,-24,56,103,0,0,0,0,0,0,0,0,0,0,0,0,0,0,0,0,0,0,0,0,0,0,27505
1,1,1,1,1112,-1024,1264,40,24,-12,-24,56,102,0,0,0,0,0,0,0,0,0,0,0,0,0,0,0,0,0,0,0,0,0,0,27515
1,1,1,1,1116,-1018,1256,49,19,-10,-27,57,102,0,0,0,0,0,0,0,0,0,0,0,0,0,0,0,0,0,0,0,0,0,0,27525
1,1,1,1,1121,-1013,1276,33,16,-9,-24,56,104,0,0,0,0,0,0,0,0,0,0,0,0,0,0,0,0,0,0,0,0,0,0,27535
1,1,1,1,1110,-1013,1275,32,8,-9,-23,56,103,0,0,0,0,0,0,0,0,0,0,0,0,0,0,0,0,0,0,0,0,0,0,27545
1,1,1,1,1106,-1008,1257,52,1,-8,-24,56,102,0,0,0,0,0,0,0,0,0,0,0,0,0,0,0,0,0,0,0,0,0,0,27555
1,1,1,1,1111,-1023,1266,64,1,-10,-23,56,105,0,0,0,0,0,0,0,0,0,0,0,0,0,0,0,0,0,0,0,0,0,0,27565
1,1,1,1,1126,-1019,1269,61,8,-12,-23,56,106,0,0,0,0,0,0,0,0,0,0,0,0,0,0,0,0,0,0,0,0,0,0,27575
1,1,1,1,1128,-1015,1276,42,12,-13,-26,57,103,0,0,0,0,0,0,0,0,0,0,0,0,0,0,0,0,0,0,0,0,0,0,27585
1,1,1,1,1125,-1008,1285,34,19,-12,-25,55,106,0,0,0,0,0,0,0,0,0,0,0,0,0,0,0,0,0,0,0,0,0,0,27595
1,1,1,1,1106,-1009,1267,39,21,-9,-25,56,101,0,0,0,0,0,0,0,0,0,0,0,0,0,0,0,0,0,0,0,0,0,0,27605
1,1,1,1,1099,-1023,1284,34,16,-6,-25,54,102,0,0,0,0,0,0,0,0,0,0,0,0,0,0,0,0,0,0,0,0,0,0,27615
1,1,1,1,1098,-1017,1283,30,17,-5,-25,54,100,0,0,0,0,0,0,0,0,0,0,0,0,0,0,0,0,0,0,0,0,0,0,27625
1,1,1,1,1107,-995,1268,41,8,-1,-25,56,104,0,0,0,0,0,0,0,0,0,0,0,0,0,0,0,0,0,0,0,0,0,0,27635
1,1,1,1,1108,-999,1263,52,14,3,-25,54,102,0,0,0,0,0,0,0,0,0,0,0,0,0,0,0,0,0,0,0,0,0,0,27645
1,1,1,1,1099,-1008,1284,46,13,1,-25,57,100,0,0,0,0,0,0,0,0,0,0,0,0,0,0,0,0,0,0,0,0,0,0,27655
1,1,1,1,1105,-988,1270,64,9,-3,-23,56,103,0,0,0,0,0,0,0,0,0,0,0,0,0,0,0,0,0,0,0,0,0,0,27665
1,1,1,1,1113,-990,1274,70,20,-10,-21,54,103,0,0,0,0,0,0,0,0,0,0,0,0,0,0,0,0,0,0,0,0,0,0,27675
1,1,1,1,1115,-1006,1300,52,26,-12,-22,57,102,0,0,0,0,0,0,0,0,0,0,0,0,0,0,0,0,0,0,0,0,0,0,27685
1,1,1,1,1114,-1001,1297,43,24,-15,-21,56,102,0,0,0,0,0,0,0,0,0,0,0,0,0,0,0,0,0,0,0,0,0,0,27695
1,1,1,1,1105,-995,1265,64,19,-16,-22,56,107,0,0,0,0,0,0,0,0,0,0,0,0,0,0,0,0,0,0,0,0,0,0,27705
1,1,1,1,1109,-1005,1264,92,19,-17,-25,56,103,0,0,0,0,0,0,0,0,0,0,0,0,0,0,0,0,0,0,0,0,0,0,27715
1,1,1,1,1118,-1013,1289,65,21,-8,-25,59,104,0,0,0,0,0,0,0,0,0,0,0,0,0,0,0,0,0,0,0,0,0,0,27725
1,1,1,1,1107,-1016,1293,38,20,-2,-24,57,105,0,0,0,0,0,0,0,0,0,0,0,0,0,0,0,0,0,0,0,0,0,0,27735
1,1,1,1,1095,-979,1264,45,14,4,-24,56,103,0,0,0,0,0,0,0,0,0,0,0,0,0,0,0,0,0,0,0,0,0,0,27745
1,1,1,1,1103,-986,1258,69,19,6,-23,56,102,0,0,0,0,0,0,0,0,0,0,0,0,0,0,0,0,0,0,0,0,0,0,27755
1,1,1,1,1098,-986,1279,61,6,1,-22,56,103,0,0,0,0,0,0,0,0,0,0,0,0,0,0,0,0,0,0,0,0,0,0,27765
1,1,1,1,1104,-969,1287,55,13,-2,-22,56,102,0,0,0,0,0,0,0,0,0,0,0,0,0,0,0,0,0,0,0,0,0,0,27775
1,1,1,1,1097,-978,1304,39,13,-7,-22,55,102,0,0,0,0,0,0,0,0,0,0,0,0,0,0,0,0,0,0,0,0,0,0,27785
1,1,1,1,1085,-986,1306,27,14,-12,-23,56,103,0,0,0,0,0,0,0,0,0,0,0,0,0,0,0,0,0,0,0,0,0,0,27795
1,1,1,1,1099,-957,1293,34,12,-14,-23,56,103,0,0,0,0,0,0,0,0,0,0,0,0,0,0,0,0,0,0,0,0,0,0,27805
1,1,1,1,1084,-991,1295,35,20,-17,-23,55,103,0,0,0,0,0,0,0,0,0,0,0,0,0,0,0,0,0,0,0,0,0,0,27815
1,1,1,1,1098,-993,1303,19,25,-18,-24,55,103,0,0,0,0,0,0,0,0,0,0,0,0,0,0,0,0,0,0,0,0,0,0,27825
1,1,1,1,1112,-978,1297,14,25,-18,-22,56,106,0,0,0,0,0,0,0,0,0,0,0,0,0,0,0,0,0,0,0,0,0,0,27835
1,1,1,1,1110,-952,1259,33,29,-18,-22,56,103,0,0,0,0,0,0,0,0,0,0,0,0,0,0,0,0,0,0,0,0,0,0,27845
1,1,1,1,1101,-975,1272,41,28,-22,-23,56,104,0,0,0,0,0,0,0,0,0,0,0,0,0,0,0,0,0,0,0,0,0,0,27855
1,1,1,1,1092,-993,1295,21,26,-25,-22,55,102,0,0,0,0,0,0,0,0,0,0,0,0,0,0,0,0,0,0,0,0,0,0,27865
1,1,1,1,1098,-996,1303,-13,33,-26,-23,55,103,0,0,0,0,0,0,0,0,0,0,0,0,0,0,0,0,0,0,0,0,0,0,27875
1,1,1,1,1091,-984,1293,-33,26,-31,-26,59,105,0,0,0,0,0,0,0,0,0,0,0,0,0,0,0,0,0,0,0,0,0,0,27885
1,1,1,1,1084,-990,1277,-31,27,-35,-22,53,101,0,0,0,0,0,0,0,0,0,0,0,0,0,0,0,0,0,0,0,0,0,0,27895
1,1,1,1,1095,-980,1288,-28,19,-43,-22,53,102,0,0,0,0,0,0,0,0,0,0,0,0,0,0,0,0,0,0,0,0,0,0,27905
1,1,1,1,1099,-960,1273,-10,20,-42,-23,56,102,0,0,0,0,0,0,0,0,0,0,0,0,0,0,0,0,0,0,0,0,0,0,27915
1,1,1,1,1093,-979,1273,-5,4,-52,-25,58,103,0,0,0,0,0,0,0,0,0,0,0,0,0,0,0,0,0,0,0,0,0,0,27925
1,1,1,1,1104,-961,1281,4,15,-55,-23,54,99,0,0,0,0,0,0,0,0,0,0,0,0,0,0,0,0,0,0,0,0,0,0,27935
1,1,1,1,1108,-956,1290,2,10,-52,-24,53,102,0,0,0,0,0,0,0,0,0,0,0,0,0,0,0,0,0,0,0,0,0,0,27945
1,1,1,1,1083,-993,1295,0,17,-54,-22,52,105,0,0,0,0,0,0,0,0,0,0,0,0,0,0,0,0,0,0,0,0,0,0,27955
1,1,1,1,1099,-986,1302,-6,20,-52,-25,57,101,0,0,0,0,0,0,0,0,0,0,0,0,0,0,0,0,0,0,0,0,0,0,27965
1,1,1,1,1116,-966,1274,2,9,-56,-23,55,102,0,0,0,0,0,0,0,0,0,0,0,0,0,0,0,0,0,0,0,0,0,0,27975
1,1,1,1,1108,-985,1288,21,6,-61,-18,53,100,0,0,0,0,0,0,0,0,0,0,0,0,0,0,0,0,0,0,0,0,0,0,27985
1,1,1,1,1122,-970,1305,21,2,-60,-19,55,101,0,0,0,0,0,0,0,0,0,0,0,0,0,0,0,0,0,0,0,0,0,0,27995
1,1,1,1,1122,-981,1295,25,3,-62,-21,54,103,0,0,0,0,0,0,0,0,0,0,0,0,0,0,0,0,0,0,0,0,0,0,28005
1,1,1,1,1125,-982,1301,29,2,-67,-22,54,101,0,0,0,0,0,0,0,0,0,0,0,0,0,0,0,0,0,0,0,0,0,0,28015
1,1,1,1,1145,-946,1286,42,-3,-71,-24,54,99,0,0,0,0,0,0,0,0,0,0,0,0,0,0,0,0,0,0,0,0,0,0,28025
1,1,1,1,1140,-943,1301,64,7,-70,-23,54,98,0,0,0,0,0,0,0,0,0,0,0,0,0,0,0,0,0,0,0,0,0,0,28035
1,1,1,1,1124,-971,1342,45,18,-64,-22,54,100,0,0,0,0,0,0,0,0,0,0,0,0,0,0,0,0,0,0,0,0,0,0,28045
1,1,1,1,1105,-993,1363,11,18,-58,-23,54,97,0,0,0,0,0,0,0,0,0,0,0,0,0,0,0,0,0,0,0,0,0,0,28055
1,1,1,1,1093,-980,1338,2,15,-50,-21,53,98,0,0,0,0,0,0,0,0,0,0,0,0,0,0,0,0,0,0,0,0,0,0,28065
1,1,1,1,1105,-971,1336,-1,36,-38,-20,53,96,0,0,0,0,0,0,0,0,0,0,0,0,0,0,0,0,0,0,0,0,0,0,28075
1,1,1,1,1120,-967,1337,-7,42,-38,-18,53,97,0,0,0,0,0,0,0,0,0,0,0,0,0,0,0,0,0,0,0,0,0,0,28085
1,1,1,1,1124,-960,1321,10,44,-42,-22,53,95,0,0,0,0,0,0,0,0,0,0,0,0,0,0,0,0,0,0,0,0,0,0,28095
1,1,1,1,1118,-976,1325,20,55,-46,-24,54,97,0,0,0,0,0,0,0,0,0,0,0,0,0,0,0,0,0,0,0,0,0,0,28105
1,1,1,1,1130,-953,1349,-2,70,-51,-23,54,97,0,0,0,0,0,0,0,0,0,0,0,0,0,0,0,0,0,0,0,0,0,0,28115
1,1,1,1,1117,-936,1334,-16,81,-57,-22,53,96,0,0,0,0,0,0,0,0,0,0,0,0,0,0,0,0,0,0,0,0,0,0,28125
1,1,1,1,1100,-939,1321,-29,104,-59,-24,53,96,0,0,0,0,0,0,0,0,0,0,0,0,0,0,0,0,0,0,0,0,0,0,28135
1,1,1,1,1092,-966,1341,-63,123,-67,-23,54,95,0,0,0,0,0,0,0,0,0,0,0,0,0,0,0,0,0,0,0,0,0,0,28145
1,1,1,1,1071,-969,1345,-75,136,-73,-22,52,94,0,0,0,0,0,0,0,0,0,0,0,0,0,0,0,0,0,0,0,0,0,0,28155
1,1,1,1,1066,-1005,1355,-84,138,-83,-22,51,93,0,0,0,0,0,0,0,0,0,0,0,0,0,0,0,0,0,0,0,0,0,0,28165
1,1,1,1,1094,-980,1340,-121,141,-90,-23,51,90,0,0,0,0,0,0,0,0,0,0,0,0,0,0,0,0,0,0,0,0,0,0,28175
1,1,1,1,1101,-964,1329,-124,149,-97,-24,49,86,0,0,0,0,0,0,0,0,0,0,0,0,0,0,0,0,0,0,0,0,0,0,28185
1,1,1,1,1105,-943,1310,-91,151,-104,-25,50,85,0,0,0,0,0,0,0,0,0,0,0,0,0,0,0,0,0,0,0,0,0,0,28195
1,1,1,1,1100,-946,1287,-48,155,-116,-21,46,84,0,0,0,0,0,0,0,0,0,0,0,0,0,0,0,0,0,0,0,0,0,0,28205
1,1,1,1,1078,-942,1261,-1,151,-130,-22,50,85,0,0,0,0,0,0,0,0,0,0,0,0,0,0,0,0,0,0,0,0,0,0,28215
1,1,1,1,1096,-876,1241,130,156,-129,-20,45,79,0,0,0,0,0,0,0,0,0,0,0,0,0,0,0,0,0,0,0,0,0,0,28225
1,1,1,1,1088,-860,1263,232,125,-105,-21,43,76,0,0,0,0,0,0,0,0,0,0,0,0,0,0,0,0,0,0,0,0,0,0,28235
1,1,1,1,1076,-893,1270,162,143,-67,-24,40,76,0,0,0,0,0,0,0,0,0,0,0,0,0,0,0,0,0,0,0,0,0,0,28245
1,1,1,1,1058,-969,1300,10,198,-57,-25,40,72,0,0,0,0,0,0,0,0,0,0,0,0,0,0,0,0,0,0,0,0,0,0,28255
1,1,1,1,1029,-1015,1320,-101,205,-67,-24,38,71,0,0,0,0,0,0,0,0,0,0,0,0,0,0,0,0,0,0,0,0,0,0,28265
1,1,1,1,1031,-1015,1330,-142,206,-76,-21,36,66,0,0,0,0,0,0,0,0,0,0,0,0,0,0,0,0,0,0,0,0,0,0,28275
1,1,1,1,1041,-1009,1318,-217,217,-58,-24,39,66,0,0,0,0,0,0,0,0,0,0,0,0,0,0,0,0,0,0,0,0,0,0,28285
1,1,1,1,1037,-1003,1304,-216,215,-60,-19,35,60,0,0,0,0,0,0,0,0,0,0,0,0,0,0,0,0,0,0,0,0,0,0,28295
1,1,1,1,1080,-909,1283,-167,207,-41,-18,34,55,0,0,0,0,0,0,0,0,0,0,0,0,0,0,0,0,0,0,0,0,0,0,28305
1,1,1,1,1083,-901,1262,-37,179,-39,-16,33,57,0,0,0,0,0,0,0,0,0,0,0,0,0,0,0,0,0,0,0,0,0,0,28315
1,1,1,1,1071,-851,1251,77,163,-24,-18,36,57,0,0,0,0,0,0,0,0,0,0,0,0,0,0,0,0,0,0,0,0,0,0,28325
1,1,1,1,1049,-955,1285,77,171,-27,-19,35,54,0,0,0,0,0,0,0,0,0,0,0,0,0,0,0,0,0,0,0,0,0,0,28335
1,1,1,1,1010,-874,1365,9,143,32,-19,33,52,0,0,0,0,0,0,0,0,0,0,0,0,0,0,0,0,0,0,0,0,0,0,28345
1,1,1,1,1027,-956,1314,-21,153,43,-20,33,49,0,0,0,0,0,0,0,0,0,0,0,0,0,0,0,0,0,0,0,0,0,0,28355
1,1,1,1,966,-986,1355,-28,134,18,-16,32,49,0,0,0,0,0,0,0,0,0,0,0,0,0,0,0,0,0,0,0,0,0,0,28365
1,1,1,1,1002,-985,1365,-59,121,21,-19,31,48,0,0,0,0,0,0,0,0,0,0,0,0,0,0,0,0,0,0,0,0,0,0,28375
1,1,1,1,994,-1069,1398,-129,91,-16,-17,29,44,0,0,0,0,0,0,0,0,0,0,0,0,0,0,0,0,0,0,0,0,0,0,28385
1,1,1,1,1002,-1057,1362,-173,89,-34,-17,29,42,0,0,0,0,0,0,0,0,0,0,0,0,0,0,0,0,0,0,0,0,0,0,28395
1,1,1,1,997,-998,1352,-157,74,-31,-17,27,40,0,0,0,0,0,0,0,0,0,0,0,0,0,0,0,0,0,0,0,0,0,0,28405
1,1,1,1,1023,-980,1343,-86,61,-37,-18,26,38,0,0,0,0,0,0,0,0,0,0,0,0,0,0,0,0,0,0,0,0,0,0,28415
1,1,1,1,997,-974,1333,-35,46,-30,-19,26,37,0,0,0,0,0,0,0,0,0,0,0,0,0,0,0,0,0,0,0,0,0,0,28425
1,1,1,1,1018,-967,1331,17,34,-36,-17,25,35,0,0,0,0,0,0,0,0,0,0,0,0,0,0,0,0,0,0,0,0,0,0,28435
1,1,1,1,1021,-1013,1346,53,11,-76,-17,24,33,0,0,0,0,0,0,0,0,0,0,0,0,0,0,0,0,0,0,0,0,0,0,28445
1,1,1,1,1019,-988,1321,27,29,-84,-16,22,30,0,0,0,0,0,0,0,0,0,0,0,0,0,0,0,0,0,0,0,0,0,0,28455
1,1,1,1,1058,-928,1339,-10,53,-72,-16,22,32,0,0,0,0,0,0,0,0,0,0,0,0,0,0,0,0,0,0,0,0,0,0,28465
1,1,1,1,1070,-951,1406,-62,51,-63,-15,22,29,0,0,0,0,0,0,0,0,0,0,0,0,0,0,0,0,0,0,0,0,0,0,28475
1,1,1,1,1048,-965,1368,-109,40,-57,-21,25,32,0,0,0,0,0,0,0,0,0,0,0,0,0,0,0,0,0,0,0,0,0,0,28485
1,1,1,1,1027,-964,1329,-120,58,-52,-17,23,32,0,0,0,0,0,0,0,0,0,0,0,0,0,0,0,0,0,0,0,0,0,0,28495
1,1,1,1,1017,-953,1338,-108,62,-38,-14,22,27,0,0,0,0,0,0,0,0,0,0,0,0,0,0,0,0,0,0,0,0,0,0,28505
1,1,1,1,1014,-968,1370,-99,47,-26,-14,21,33,0,0,0,0,0,0,0,0,0,0,0,0,0,0,0,0,0,0,0,0,0,0,28515
1,1,1,1,1010,-1025,1376,-90,44,-64,-15,19,31,0,0,0,0,0,0,0,0,0,0,0,0,0,0,0,0,0,0,0,0,0,0,28525
1,1,1,1,980,-1021,1292,-100,72,-109,-19,24,32,0,0,0,0,0,0,0,0,0,0,0,0,0,0,0,0,0,0,0,0,0,0,28535
1,1,1,1,1000,-954,1239,-117,155,-106,-19,23,31,0,0,0,0,0,0,0,0,0,0,0,0,0,0,0,0,0,0,0,0,0,0,28545
1,1,1,1,1010,-899,1349,-168,150,-46,-16,22,26,0,0,0,0,0,0,0,0,0,0,0,0,0,0,0,0,0,0,0,0,0,0,28555
1,1,1,1,1055,-785,1593,-166,-44,119,-15,23,25,0,0,0,0,0,0,0,0,0,0,0,0,0,0,0,0,0,0,0,0,0,0,28565
1,1,1,1,1173,-905,1661,-35,-236,93,-19,16,39,0,0,0,0,0,0,0,0,0,0,0,0,0,0,0,0,0,0,0,0,0,0,28575
1,1,1,1,826,-1458,777,-211,219,-263,-19,21,32,0,0,0,0,0,0,0,0,0,0,0,0,0,0,0,0,0,0,0,0,0,0,28585
1,1,1,1,701,-1061,1266,-370,269,-179,-14,22,30,0,0,0,0,0,0,0,0,0,0,0,0,0,0,0,0,0,0,0,0,0,0,28595
1,1,1,1,1222,-853,1503,-247,168,-106,-10,18,27,0,0,0,0,0,0,0,0,0,0,0,0,0,0,0,0,0,0,0,0,0,0,28605
1,1,1,1,1012,-993,1327,-163,118,-112,-14,19,30,0,0,0,0,0,0,0,0,0,0,0,0,0,0,0,0,0,0,0,0,0,0,28615
1,1,1,1,979,-1091,1212,-149,151,-133,-13,19,31,0,0,0,0,0,0,0,0,0,0,0,0,0,0,0,0,0,0,0,0,0,0,28625
1,1,1,1,1033,-1060,1338,-136,127,-135,-16,19,29,0,0,0,0,0,0,0,0,0,0,0,0,0,0,0,0,0,0,0,0,0,0,28635
1,1,1,1,1068,-996,1330,-148,97,-116,-16,19,30,0,0,0,0,0,0,0,0,0,0,0,0,0,0,0,0,0,0,0,0,0,0,28645
1,1,1,1,1054,-964,1317,-133,80,-81,-15,19,29,0,0,0,0,0,0,0,0,0,0,0,0,0,0,0,0,0,0,0,0,0,0,28655
1,1,1,1,1042,-939,1367,-87,29,-31,-13,20,25,0,0,0,0,0,0,0,0,0,0,0,0,0,0,0,0,0,0,0,0,0,0,28665
1,1,1,1,1083,-954,1359,-42,-20,-4,-16,17,29,0,0,0,0,0,0,0,0,0,0,0,0,0,0,0,0,0,0,0,0,0,0,28675
1,1,1,1,967,-1103,1039,-123,159,-80,-13,20,28,0,0,0,0,0,0,0,0,0,0,0,0,0,0,0,0,0,0,0,0,0,0,28685
1,1,1,1,1040,-967,1457,-73,36,-48,-14,19,26,0,0,0,0,0,0,0,0,0,0,0,0,0,0,0,0,0,0,0,0,0,0,28695
1,1,1,1,1113,-944,1340,27,-15,-48,-17,20,28,0,0,0,0,0,0,0,0,0,0,0,0,0,0,0,0,0,0,0,0,0,0,28705
1,1,1,1,962,-1024,1253,14,24,-35,-13,20,29,0,0,0,0,0,0,0,0,0,0,0,0,0,0,0,0,0,0,0,0,0,0,28715
1,1,1,1,1004,-1042,1391,27,-17,-41,-15,20,28,0,0,0,0,0,0,0,0,0,0,0,0,0,0,0,0,0,0,0,0,0,0,28725
1,1,1,1,986,-1026,1302,23,5,-62,-14,20,28,0,0,0,0,0,0,0,0,0,0,0,0,0,0,0,0,0,0,0,0,0,0,28735
1,1,1,1,978,-1036,1328,30,12,-82,-16,22,26,0,0,0,0,0,0,0,0,0,0,0,0,0,0,0,0,0,0,0,0,0,0,28745
1,1,1,1,971,-1045,1356,0,18,-86,-14,21,28,0,0,0,0,0,0,0,0,0,0,0,0,0,0,0,0,0,0,0,0,0,0,28755
1,1,1,1,990,-1037,1370,-36,28,-83,-14,21,27,0,0,0,0,0,0,0,0,0,0,0,0,0,0,0,0,0,0,0,0,0,0,28765
1,1,1,1,981,-1005,1355,-72,53,-72,-13,22,29,0,0,0,0,0,0,0,0,0,0,0,0,0,0,0,0,0,0,0,0,0,0,28775
1,1,1,1,995,-995,1413,-108,39,-49,-13,23,26,0,0,0,0,0,0,0,0,0,0,0,0,0,0,0,0,0,0,0,0,0,0,28785
1,1,1,1,1010,-988,1422,-111,7,-39,-16,24,30,0,0,0,0,0,0,0,0,0,0,0,0,0,0,0,0,0,0,0,0,0,0,28795
1,1,1,1,1003,-1006,1384,-113,3,-23,-13,21,27,0,0,0,0,0,0,0,0,0,0,0,0,0,0,0,0,0,0,0,0,0,0,28805
1,1,1,1,1012,-1035,1410,-117,-15,-28,-11,20,25,0,0,0,0,0,0,0,0,0,0,0,0,0,0,0,0,0,0,0,0,0,0,28815
1,1,1,1,1037,-1052,1439,-103,-74,-47,-16,28,27,0,0,0,0,0,0,0,0,0,0,0,0,0,0,0,0,0,0,0,0,0,0,28825
1,1,1,1,1064,-999,1478,-89,-158,-20,-11,21,24,0,0,0,0,0,0,0,0,0,0,0,0,0,0,0,0,0,0,0,0,0,0,28835
1,1,1,1,1041,-989,1026,-143,61,18,-18,19,28,0,0,0,0,0,0,0,0,0,0,0,0,0,0,0,0,0,0,0,0,0,0,28845
1,1,1,1,976,-1123,1286,-239,174,-28,-12,21,29,0,0,0,0,0,0,0,0,0,0,0,0,0,0,0,0,0,0,0,0,0,0,28855
1,1,1,1,1184,-1030,1443,-125,72,-80,-18,19,30,0,0,0,0,0,0,0,0,0,0,0,0,0,0,0,0,0,0,0,0,0,0,28865
1,1,1,1,1019,-950,1237,-236,171,-4,-15,20,29,0,0,0,0,0,0,0,0,0,0,0,0,0,0,0,0,0,0,0,0,0,0,28875
1,1,1,1,1095,-1024,1487,-206,55,15,-16,22,27,0,0,0,0,0,0,0,0,0,0,0,0,0,0,0,0,0,0,0,0,0,0,28885
1,1,1,1,1028,-962,1305,-235,51,99,-11,22,21,0,0,0,0,0,0,0,0,0,0,0,0,0,0,0,0,0,0,0,0,0,0,28895
1,1,1,1,1092,-989,1542,-172,-130,165,-12,19,25,0,0,0,0,0,0,0,0,0,0,0,0,0,0,0,0,0,0,0,0,0,0,28905
1,1,1,1,1074,-1023,1391,-105,-196,139,-10,25,26,0,0,0,0,0,0,0,0,0,0,0,0,0,0,0,0,0,0,0,0,0,0,28915
1,1,1,1,1055,-1076,1560,-68,-330,95,-13,23,24,0,0,0,0,0,0,0,0,0,0,0,0,0,0,0,0,0,0,0,0,0,0,28925
1,1,1,1,1041,-961,1421,-11,-434,129,-13,22,26,0,0,0,0,0,0,0,0,0,0,0,0,0,0,0,0,0,0,0,0,0,0,28935
1,1,1,1,997,-909,1249,-72,-364,260,-11,22,22,0,0,0,0,0,0,0,0,0,0,0,0,0,0,0,0,0,0,0,0,0,0,28945
1,1,1,1,980,-1059,1244,-96,-283,283,-11,22,25,0,0,0,0,0,0,0,0,0,0,0,0,0,0,0,0,0,0,0,0,0,0,28955
1,1,1,1,947,-1170,1258,-164,-218,210,-12,22,26,0,0,0,0,0,0,0,0,0,0,0,0,0,0,0,0,0,0,0,0,0,0,28965
1,1,1,1,943,-1150,1192,-232,-114,132,-12,21,25,0,0,0,0,0,0,0,0,0,0,0,0,0,0,0,0,0,0,0,0,0,0,28975
1,1,1,1,931,-1115,1132,-233,-4,89,-11,22,26,0,0,0,0,0,0,0,0,0,0,0,0,0,0,0,0,0,0,0,0,0,0,28985
1,1,1,1,954,-1112,1161,-234,76,63,-12,22,25,0,0,0,0,0,0,0,0,0,0,0,0,0,0,0,0,0,0,0,0,0,0,28995
1,1,1,1,1003,-1107,1235,-246,109,66,-14,23,25,0,0,0,0,0,0,0,0,0,0,0,0,0,0,0,0,0,0,0,0,0,0,29005
1,1,1,1,1028,-1096,1306,-253,72,112,-15,23,25,0,0,0,0,0,0,0,0,0,0,0,0,0,0,0,0,0,0,0,0,0,0,29015
1,1,1,1,1044,-1117,1358,-297,-24,175,-14,23,27,0,0,0,0,0,0,0,0,0,0,0,0,0,0,0,0,0,0,0,0,0,0,29025
1,1,1,1,1035,-1137,1310,-287,-102,207,-14,24,27,0,0,0,0,0,0,0,0,0,0,0,0,0,0,0,0,0,0,0,0,0,0,29035
1,1,1,1,988,-1150,1230,-246,-142,224,-13,23,29,0,0,0,0,0,0,0,0,0,0,0,0,0,0,0,0,0,0,0,0,0,0,29045
1,1,1,1,952,-1200,1171,-205,-128,210,-13,24,27,0,0,0,0,0,0,0,0,0,0,0,0,0,0,0,0,0,0,0,0,0,0,29055
1,1,1,1,957,-1212,1163,-164,-94,174,-13,24,27,0,0,0,0,0,0,0,0,0,0,0,0,0,0,0,0,0,0,0,0,0,0,29065
1,1,1,1,980,-1233,1218,-201,-81,172,-13,24,30,0,0,0,0,0,0,0,0,0,0,0,0,0,0,0,0,0,0,0,0,0,0,29075
1,1,1,1,1006,-1201,1270,-257,-103,180,-12,24,30,0,0,0,0,0,0,0,0,0,0,0,0,0,0,0,0,0,0,0,0,0,0,29085
1,1,1,1,1037,-1115,1230,-192,-166,201,-12,24,29,0,0,0,0,0,0,0,0,0,0,0,0,0,0,0,0,0,0,0,0,0,0,29095
1,1,1,1,1048,-1125,1263,-189,-214,280,-12,23,27,0,0,0,0,0,0,0,0,0,0,0,0,0,0,0,0,0,0,0,0,0,0,29105
1,1,1,1,1055,-1090,1311,-214,-275,350,-11,22,24,0,0,0,0,0,0,0,0,0,0,0,0,0,0,0,0,0,0,0,0,0,0,29115
1,1,1,1,1086,-999,1309,-117,-369,406,-15,25,23,0,0,0,0,0,0,0,0,0,0,0,0,0,0,0,0,0,0,0,0,0,0,29125
1,1,1,1,1092,-971,1373,-29,-495,514,-14,25,24,0,0,0,0,0,0,0,0,0,0,0,0,0,0,0,0,0,0,0,0,0,0,29135
1,1,1,1,1077,-1035,1476,46,-664,564,-12,26,26,0,0,0,0,0,0,0,0,0,0,0,0,0,0,0,0,0,0,0,0,0,0,29145
1,1,1,1,1048,-1060,1526,212,-910,569,-11,24,22,0,0,0,0,0,0,0,0,0,0,0,0,0,0,0,0,0,0,0,0,0,0,29155
1,1,1,1,1002,-1149,1551,231,-1110,590,-13,24,19,0,0,0,0,0,0,0,0,0,0,0,0,0,0,0,0,0,0,0,0,0,0,29165
1,1,1,1,969,-1185,1473,110,-1179,581,-11,22,19,0,0,0,0,0,0,0,0,0,0,0,0,0,0,0,0,0,0,0,0,0,0,29175
1,1,1,1,947,-1248,1229,29,-1066,490,-13,22,22,0,0,0,0,0,0,0,0,0,0,0,0,0,0,0,0,0,0,0,0,0,0,29185
1,1,1,1,926,-1286,1035,-76,-805,362,-12,20,26,0,0,0,0,0,0,0,0,0,0,0,0,0,0,0,0,0,0,0,0,0,0,29195
1,1,1,1,961,-1314,926,-245,-470,255,-12,20,28,0,0,0,0,0,0,0,0,0,0,0,0,0,0,0,0,0,0,0,0,0,0,29205
1,1,1,1,981,-1366,937,-370,-233,186,-11,21,29,0,0,0,0,0,0,0,0,0,0,0,0,0,0,0,0,0,0,0,0,0,0,29215
1,1,1,1,1073,-1271,1002,-363,-26,77,-11,22,24,0,0,0,0,0,0,0,0,0,0,0,0,0,0,0,0,0,0,0,0,0,0,29225
1,1,1,1,1215,-1188,1155,-246,-18,88,-13,22,24,0,0,0,0,0,0,0,0,0,0,0,0,0,0,0,0,0,0,0,0,0,0,29235
1,1,1,1,1237,-1244,1270,-165,-93,94,-12,22,27,0,0,0,0,0,0,0,0,0,0,0,0,0,0,0,0,0,0,0,0,0,0,29245
1,1,1,1,1218,-1277,1261,-104,-211,97,-12,21,25,0,0,0,0,0,0,0,0,0,0,0,0,0,0,0,0,0,0,0,0,0,0,29255
1,1,1,1,1236,-1236,1165,0,-288,71,-12,21,26,0,0,0,0,0,0,0,0,0,0,0,0,0,0,0,0,0,0,0,0,0,0,29265
1,1,1,1,1224,-1222,1068,10,-259,96,-14,21,25,0,0,0,0,0,0,0,0,0,0,0,0,0,0,0,0,0,0,0,0,0,0,29275
1,1,1,1,1227,-1284,1071,-127,-144,145,-13,19,25,0,0,0,0,0,0,0,0,0,0,0,0,0,0,0,0,0,0,0,0,0,0,29285
1,1,1,1,1258,-1255,1059,-189,-41,111,-14,21,26,0,0,0,0,0,0,0,0,0,0,0,0,0,0,0,0,0,0,0,0,0,0,29295
1,1,1,1,1285,-1212,1089,-156,4,76,-13,20,24,0,0,0,0,0,0,0,0,0,0,0,0,0,0,0,0,0,0,0,0,0,0,29305
1,1,1,1,1252,-1226,1187,-158,-10,92,-14,20,26,0,0,0,0,0,0,0,0,0,0,0,0,0,0,0,0,0,0,0,0,0,0,29315
1,1,1,1,1220,-1216,1194,-151,-24,96,-12,20,24,0,0,0,0,0,0,0,0,0,0,0,0,0,0,0,0,0,0,0,0,0,0,29325
1,1,1,1,1207,-1098,1136,-91,-26,128,-11,20,24,0,0,0,0,0,0,0,0,0,0,0,0,0,0,0,0,0,0,0,0,0,0,29335
1,1,1,1,1144,-1139,1152,-71,-7,192,-13,22,23,0,0,0,0,0,0,0,0,0,0,0,0,0,0,0,0,0,0,0,0,0,0,29345
1,1,1,1,1121,-1160,1230,-113,-9,223,-13,22,24,0,0,0,0,0,0,0,0,0,0,0,0,0,0,0,0,0,0,0,0,0,0,29355
1,1,1,1,1137,-1137,1309,-174,-45,267,-15,22,25,0,0,0,0,0,0,0,0,0,0,0,0,0,0,0,0,0,0,0,0,0,0,29365
1,1,1,1,1077,-1239,1319,-342,-100,330,-14,21,28,0,0,0,0,0,0,0,0,0,0,0,0,0,0,0,0,0,0,0,0,0,0,29375
1,1,1,1,1016,-1269,1250,-522,-123,353,-18,20,25,0,0,0,0,0,0,0,0,0,0,0,0,0,0,0,0,0,0,0,0,0,0,29385
1,1,1,1,1024,-1237,1168,-632,-128,378,-17,20,31,0,0,0,0,0,0,0,0,0,0,0,0,0,0,0,0,0,0,0,0,0,0,29395
1,1,1,1,1013,-1422,1027,-687,-83,327,-19,21,31,0,0,0,0,0,0,0,0,0,0,0,0,0,0,0,0,0,0,0,0,0,0,29405
1,1,1,1,972,-1506,972,-728,22,190,-18,16,31,0,0,0,0,0,0,0,0,0,0,0,0,0,0,0,0,0,0,0,0,0,0,29415
1,1,1,1,1116,-1260,1041,-686,3,201,-19,20,30,0,0,0,0,0,0,0,0,0,0,0,0,0,0,0,0,0,0,0,0,0,0,29425
1,1,1,1,1188,-1270,1038,-576,-29,227,-18,20,27,0,0,0,0,0,0,0,0,0,0,0,0,0,0,0,0,0,0,0,0,0,0,29435
1,1,1,1,1170,-1310,1091,-538,-103,275,-19,20,28,0,0,0,0,0,0,0,0,0,0,0,0,0,0,0,0,0,0,0,0,0,0,29445
1,1,1,1,1184,-1348,1055,-495,-153,282,-21,24,30,0,0,0,0,0,0,0,0,0,0,0,0,0,0,0,0,0,0,0,0,0,0,29455
1,1,1,1,1153,-1401,993,-401,-183,250,-17,18,27,0,0,0,0,0,0,0,0,0,0,0,0,0,0,0,0,0,0,0,0,0,0,29465
1,1,1,1,1110,-1457,837,-269,-63,140,-18,20,39,0,0,0,0,0,0,0,0,0,0,0,0,0,0,0,0,0,0,0,0,0,0,29475
1,1,1,1,1042,-1624,823,-253,18,16,-16,24,28,0,0,0,0,0,0,0,0,0,0,0,0,0,0,0,0,0,0,0,0,0,0,29485
1,1,1,1,1111,-1335,1165,-264,-52,144,-14,24,34,0,0,0,0,0,0,0,0,0,0,0,0,0,0,0,0,0,0,0,0,0,0,29495
1,1,1,1,1125,-1562,1060,-196,-53,54,-15,23,31,0,0,0,0,0,0,0,0,0,0,0,0,0,0,0,0,0,0,0,0,0,0,29505
1,1,1,1,1041,-1510,1037,-139,-41,43,-11,21,31,0,0,0,0,0,0,0,0,0,0,0,0,0,0,0,0,0,0,0,0,0,0,29515
1,1,1,1,1107,-1471,1055,-59,-25,53,-10,20,28,0,0,0,0,0,0,0,0,0,0,0,0,0,0,0,0,0,0,0,0,0,0,29525
1,1,1,1,1094,-1555,1082,-28,-7,10,-14,20,28,0,0,0,0,0,0,0,0,0,0,0,0,0,0,0,0,0,0,0,0,0,0,29535
1,1,1,1,1125,-1580,1128,-13,24,-121,-15,17,26,0,0,0,0,0,0,0,0,0,0,0,0,0,0,0,0,0,0,0,0,0,0,29545
1,1,1,1,1123,-1318,926,44,177,-131,-11,19,28,0,0,0,0,0,0,0,0,0,0,0,0,0,0,0,0,0,0,0,0,0,0,29555
1,1,1,1,1146,-1311,966,155,266,-112,-12,19,29,0,0,0,0,0,0,0,0,0,0,0,0,0,0,0,0,0,0,0,0,0,0,29565
1,1,1,1,1123,-1485,1192,31,298,-139,-12,20,24,0,0,0,0,0,0,0,0,0,0,0,0,0,0,0,0,0,0,0,0,0,0,29575
1,1,1,1,1100,-1420,1202,-116,349,-142,-11,20,25,0,0,0,0,0,0,0,0,0,0,0,0,0,0,0,0,0,0,0,0,0,0,29585
1,1,1,1,1097,-1375,1139,-97,380,-142,-11,20,23,0,0,0,0,0,0,0,0,0,0,0,0,0,0,0,0,0,0,0,0,0,0,29595
1,1,1,1,1091,-1436,1163,-85,375,-159,-10,20,24,0,0,0,0,0,0,0,0,0,0,0,0,0,0,0,0,0,0,0,0,0,0,29605
1,1,1,1,1077,-1480,1202,-114,374,-209,-10,20,21,0,0,0,0,0,0,0,0,0,0,0,0,0,0,0,0,0,0,0,0,0,0,29615
1,1,1,1,1116,-1368,1164,-133,384,-220,-11,19,23,0,0,0,0,0,0,0,0,0,0,0,0,0,0,0,0,0,0,0,0,0,0,29625
1,1,1,1,1107,-1270,1173,-93,353,-165,-8,21,24,0,0,0,0,0,0,0,0,0,0,0,0,0,0,0,0,0,0,0,0,0,0,29635
1,1,1,1,1142,-1209,1183,-44,253,-78,-10,20,26,0,0,0,0,0,0,0,0,0,0,0,0,0,0,0,0,0,0,0,0,0,0,29645
1,1,1,1,1113,-1321,1240,-70,174,-24,-11,20,25,0,0,0,0,0,0,0,0,0,0,0,0,0,0,0,0,0,0,0,0,0,0,29655
1,1,1,1,1082,-1316,1172,-55,115,-17,-10,19,28,0,0,0,0,0,0,0,0,0,0,0,0,0,0,0,0,0,0,0,0,0,0,29665
1,1,1,1,1066,-1294,1064,-25,93,38,-14,20,30,0,0,0,0,0,0,0,0,0,0,0,0,0,0,0,0,0,0,0,0,0,0,29675
1,1,1,1,1057,-1417,1082,-80,94,82,-14,21,30,0,0,0,0,0,0,0,0,0,0,0,0,0,0,0,0,0,0,0,0,0,0,29685
1,1,1,1,1081,-1387,1075,-9,41,46,-15,22,28,0,0,0,0,0,0,0,0,0,0,0,0,0,0,0,0,0,0,0,0,0,0,29695
1,1,1,1,1086,-1367,1023,43,12,56,-18,22,35,0,0,0,0,0,0,0,0,0,0,0,0,0,0,0,0,0,0,0,0,0,0,29705
1,1,1,1,975,-1476,917,-65,114,84,-21,24,39,0,0,0,0,0,0,0,0,0,0,0,0,0,0,0,0,0,0,0,0,0,0,29715
1,1,1,1,930,-1588,1009,-65,127,2,-15,17,31,0,0,0,0,0,0,0,0,0,0,0,0,0,0,0,0,0,0,0,0,0,0,29725
1,1,1,1,979,-1462,987,67,51,-25,-19,20,33,0,0,0,0,0,0,0,0,0,0,0,0,0,0,0,0,0,0,0,0,0,0,29735
1,1,1,1,1006,-1429,1011,161,-10,-7,-18,17,31,0,0,0,0,0,0,0,0,0,0,0,0,0,0,0,0,0,0,0,0,0,0,29745
1,1,1,1,1071,-1439,1027,277,-92,8,-18,16,33,0,0,0,0,0,0,0,0,0,0,0,0,0,0,0,0,0,0,0,0,0,0,29755
1,1,1,1,1091,-1407,936,446,-148,9,-18,12,26,0,0,0,0,0,0,0,0,0,0,0,0,0,0,0,0,0,0,0,0,0,0,29765
1,1,1,1,1150,-1298,963,672,-208,4,-19,12,24,0,0,0,0,0,0,0,0,0,0,0,0,0,0,0,0,0,0,0,0,0,0,29775
1,1,1,1,1147,-1324,1025,797,-236,-7,-15,9,22,0,0,0,0,0,0,0,0,0,0,0,0,0,0,0,0,0,0,0,0,0,0,29785
1,1,1,1,1074,-1391,1092,855,-251,-1,-11,6,18,0,0,0,0,0,0,0,0,0,0,0,0,0,0,0,0,0,0,0,0,0,0,29795
1,1,1,1,1097,-1302,1100,920,-249,17,-14,6,16,0,0,0,0,0,0,0,0,0,0,0,0,0,0,0,0,0,0,0,0,0,0,29805
1,1,1,1,1106,-1355,1141,931,-234,11,-15,5,16,0,0,0,0,0,0,0,0,0,0,0,0,0,0,0,0,0,0,0,0,0,0,29815
1,1,1,1,1104,-1427,1213,840,-210,17,-15,3,11,0,0,0,0,0,0,0,0,0,0,0,0,0,0,0,0,0,0,0,0,0,0,29825
1,1,1,1,1079,-1379,1231,704,-152,7,-13,2,8,0,0,0,0,0,0,0,0,0,0,0,0,0,0,0,0,0,0,0,0,0,0,29835
1,1,1,1,1123,-1304,1245,652,-93,-35,-16,2,8,0,0,0,0,0,0,0,0,0,0,0,0,0,0,0,0,0,0,0,0,0,0,29845
1,1,1,1,1093,-1311,1263,590,-57,-59,-16,1,10,0,0,0,0,0,0,0,0,0,0,0,0,0,0,0,0,0,0,0,0,0,0,29855
1,1,1,1,1109,-1276,1249,527,-18,-86,-17,1,8,0,0,0,0,0,0,0,0,0,0,0,0,0,0,0,0,0,0,0,0,0,0,29865
1,1,1,1,1134,-1218,1271,469,-13,-97,-17,1,8,0,0,0,0,0,0,0,0,0,0,0,0,0,0,0,0,0,0,0,0,0,0,29875
1,1,1,1,1070,-1215,1231,390,-10,-76,-18,1,10,0,0,0,0,0,0,0,0,0,0,0,0,0,0,0,0,0,0,0,0,0,0,29885
1,1,1,1,1026,-1205,1171,380,-3,-91,-18,1,15,0,0,0,0,0,0,0,0,0,0,0,0,0,0,0,0,0,0,0,0,0,0,29895
1,1,1,1,992,-1254,1185,352,-12,-102,-20,1,14,0,0,0,0,0,0,0,0,0,0,0,0,0,0,0,0,0,0,0,0,0,0,29905
1,1,1,1,976,-1275,1183,311,-18,-114,-21,2,19,0,0,0,0,0,0,0,0,0,0,0,0,0,0,0,0,0,0,0,0,0,0,29915
1,1,1,1,1017,-1225,1148,353,-49,-125,-24,3,23,0,0,0,0,0,0,0,0,0,0,0,0,0,0,0,0,0,0,0,0,0,0,29925
1,1,1,1,1067,-1226,1095,424,-78,-138,-23,3,26,0,0,0,0,0,0,0,0,0,0,0,0,0,0,0,0,0,0,0,0,0,0,29935
1,1,1,1,1121,-1239,1112,474,-114,-138,-25,4,30,0,0,0,0,0,0,0,0,0,0,0,0,0,0,0,0,0,0,0,0,0,0,29945
1,1,1,1,1141,-1189,1072,584,-166,-145,-24,6,32,0,0,0,0,0,0,0,0,0,0,0,0,0,0,0,0,0,0,0,0,0,0,29955
1,1,1,1,1135,-1201,1058,681,-203,-145,-25,8,34,0,0,0,0,0,0,0,0,0,0,0,0,0,0,0,0,0,0,0,0,0,0,29965
1,1,1,1,1144,-1220,1116,746,-236,-135,-24,10,34,0,0,0,0,0,0,0,0,0,0,0,0,0,0,0,0,0,0,0,0,0,0,29975
1,1,1,1,1149,-1173,1191,758,-255,-96,-23,11,34,0,0,0,0,0,0,0,0,0,0,0,0,0,0,0,0,0,0,0,0,0,0,29985
1,1,1,1,1179,-1074,1219,733,-299,6,-24,12,32,0,0,0,0,0,0,0,0,0,0,0,0,0,0,0,0,0,0,0,0,0,0,29995
1,1,1,1,1212,-1000,1332,693,-384,154,-24,9,35,0,0,0,0,0,0,0,0,0,0,0,0,0,0,0,0,0,0,0,0,0,0,30005
1,1,1,1,1057,-1465,1001,251,-334,-2,-41,13,57,0,0,0,0,0,0,0,0,0,0,0,0,0,0,0,0,0,0,0,0,0,0,30035
1,1,1,1,890,-1448,992,72,-51,-168,-34,12,43,0,0,0,0,0,0,0,0,0,0,0,0,0,0,0,0,0,0,0,0,0,0,30045
1,1,1,1,1270,-1086,1475,-6,-163,-73,-35,8,43,0,0,0,0,0,0,0,0,0,0,0,0,0,0,0,0,0,0,0,0,0,0,30055
1,1,1,1,1106,-1309,1236,-194,-117,-85,-41,13,48,0,0,0,0,0,0,0,0,0,0,0,0,0,0,0,0,0,0,0,0,0,0,30065
1,1,1,1,1139,-1157,1163,-237,-75,-57,-35,9,46,0,0,0,0,0,0,0,0,0,0,0,0,0,0,0,0,0,0,0,0,0,0,30075
1,1,1,1,1247,-1045,1094,-27,-111,-37,-37,8,43,0,0,0,0,0,0,0,0,0,0,0,0,0,0,0,0,0,0,0,0,0,0,30085
1,1,1,1,1197,-1123,1056,105,-158,-26,-35,7,47,0,0,0,0,0,0,0,0,0,0,0,0,0,0,0,0,0,0,0,0,0,0,30095
1,1,1,1,1220,-1073,1074,206,-204,4,-34,5,45,0,0,0,0,0,0,0,0,0,0,0,0,0,0,0,0,0,0,0,0,0,0,30105
1,1,1,1,1184,-1132,1082,270,-220,28,-37,6,49,0,0,0,0,0,0,0,0,0,0,0,0,0,0,0,0,0,0,0,0,0,0,30115
1,1,1,1,1202,-1095,1109,323,-247,40,-39,8,54,0,0,0,0,0,0,0,0,0,0,0,0,0,0,0,0,0,0,0,0,0,0,30125
1,1,1,1,1187,-1086,1076,435,-280,44,-39,7,53,0,0,0,0,0,0,0,0,0,0,0,0,0,0,0,0,0,0,0,0,0,0,30135
1,1,1,1,1179,-1094,1120,540,-295,33,-39,6,54,0,0,0,0,0,0,0,0,0,0,0,0,0,0,0,0,0,0,0,0,0,0,30145
1,1,1,1,1185,-1047,1118,661,-310,27,-38,6,51,0,0,0,0,0,0,0,0,0,0,0,0,0,0,0,0,0,0,0,0,0,0,30155
1,1,1,1,1178,-1094,1150,732,-319,20,-37,5,50,0,0,0,0,0,0,0,0,0,0,0,0,0,0,0,0,0,0,0,0,0,0,30165
1,1,1,1,1188,-1095,1193,715,-323,7,-37,5,49,0,0,0,0,0,0,0,0,0,0,0,0,0,0,0,0,0,0,0,0,0,0,30175
1,1,1,1,1218,-1005,1186,730,-316,-14,-34,4,42,0,0,0,0,0,0,0,0,0,0,0,0,0,0,0,0,0,0,0,0,0,0,30185
1,1,1,1,1255,-980,1185,840,-343,-38,-31,3,41,0,0,0,0,0,0,0,0,0,0,0,0,0,0,0,0,0,0,0,0,0,0,30195
1,1,1,1,1263,-1001,1183,930,-340,-61,-29,2,34,0,0,0,0,0,0,0,0,0,0,0,0,0,0,0,0,0,0,0,0,0,0,30205
1,1,1,1,1282,-976,1190,1000,-361,-87,-27,2,33,0,0,0,0,0,0,0,0,0,0,0,0,0,0,0,0,0,0,0,0,0,0,30215
1,1,1,1,1306,-915,1107,1213,-385,-144,-26,3,29,0,0,0,0,0,0,0,0,0,0,0,0,0,0,0,0,0,0,0,0,0,0,30225
1,1,1,1,1283,-879,1055,1338,-348,-159,-22,3,27,0,0,0,0,0,0,0,0,0,0,0,0,0,0,0,0,0,0,0,0,0,0,30235
1,1,1,1,1241,-958,1219,1355,-326,-165,-21,4,24,0,0,0,0,0,0,0,0,0,0,0,0,0,0,0,0,0,0,0,0,0,0,30245
1,1,1,1,1204,-964,1172,1449,-348,-206,-15,4,22,0,0,0,0,0,0,0,0,0,0,0,0,0,0,0,0,0,0,0,0,0,0,30255
1,1,1,1,1213,-915,1073,1550,-323,-278,-14,4,18,0,0,0,0,0,0,0,0,0,0,0,0,0,0,0,0,0,0,0,0,0,0,30265
1,1,1,1,1213,-969,1176,1563,-310,-327,-13,5,18,0,0,0,0,0,0,0,0,0,0,0,0,0,0,0,0,0,0,0,0,0,0,30275
1,1,1,1,1179,-978,1218,1496,-281,-421,-12,9,19,0,0,0,0,0,0,0,0,0,0,0,0,0,0,0,0,0,0,0,0,0,0,30285
1,1,1,1,1144,-967,1299,1425,-249,-516,-10,13,20,0,0,0,0,0,0,0,0,0,0,0,0,0,0,0,0,0,0,0,0,0,0,30295
1,1,1,1,1116,-777,1378,1451,-308,-570,-13,12,17,0,0,0,0,0,0,0,0,0,0,0,0,0,0,0,0,0,0,0,0,0,0,30305
1,1,1,1,1267,-401,1362,1289,-306,-372,-14,15,16,0,0,0,0,0,0,0,0,0,0,0,0,0,0,0,0,0,0,0,0,0,0,30315
1,1,1,1,1268,-505,1434,940,-180,-69,-12,11,15,0,0,0,0,0,0,0,0,0,0,0,0,0,0,0,0,0,0,0,0,0,0,30325
1,1,1,1,1225,-683,1502,774,-222,16,-15,14,22,0,0,0,0,0,0,0,0,0,0,0,0,0,0,0,0,0,0,0,0,0,0,30335
1,1,1,1,1198,-774,1289,756,-232,-72,-15,12,25,0,0,0,0,0,0,0,0,0,0,0,0,0,0,0,0,0,0,0,0,0,0,30345
1,1,1,1,1213,-753,1123,768,-127,-208,-14,10,28,0,0,0,0,0,0,0,0,0,0,0,0,0,0,0,0,0,0,0,0,0,0,30355
1,1,1,1,1241,-771,1092,893,-49,-378,-15,16,29,0,0,0,0,0,0,0,0,0,0,0,0,0,0,0,0,0,0,0,0,0,0,30365
1,1,1,1,1309,-736,1096,1055,-29,-561,-12,11,25,0,0,0,0,0,0,0,0,0,0,0,0,0,0,0,0,0,0,0,0,0,0,30375
1,1,1,1,1420,-514,1199,901,12,-497,-13,12,21,0,0,0,0,0,0,0,0,0,0,0,0,0,0,0,0,0,0,0,0,0,0,30385
1,1,1,1,1496,-413,1357,685,-9,-281,-13,15,23,0,0,0,0,0,0,0,0,0,0,0,0,0,0,0,0,0,0,0,0,0,0,30395
1,1,1,1,1478,-459,1395,689,-169,-196,-10,16,25,0,0,0,0,0,0,0,0,0,0,0,0,0,0,0,0,0,0,0,0,0,0,30405
1,1,1,1,1436,-469,1243,719,-243,-140,-11,15,25,0,0,0,0,0,0,0,0,0,0,0,0,0,0,0,0,0,0,0,0,0,0,30415
1,1,1,1,1357,-554,1102,717,-213,-145,-10,15,26,0,0,0,0,0,0,0,0,0,0,0,0,0,0,0,0,0,0,0,0,0,0,30425
1,1,1,1,1343,-585,1074,764,-147,-250,-10,16,27,0,0,0,0,0,0,0,0,0,0,0,0,0,0,0,0,0,0,0,0,0,0,30435
1,1,1,1,1337,-551,1108,745,-41,-331,-13,17,28,0,0,0,0,0,0,0,0,0,0,0,0,0,0,0,0,0,0,0,0,0,0,30445
1,1,1,1,1346,-456,1177,583,82,-306,-11,17,25,0,0,0,0,0,0,0,0,0,0,0,0,0,0,0,0,0,0,0,0,0,0,30455
1,1,1,1,1382,-377,1258,386,172,-205,-11,18,23,0,0,0,0,0,0,0,0,0,0,0,0,0,0,0,0,0,0,0,0,0,0,30465
1,1,1,1,1395,-348,1379,313,140,-92,-11,19,24,0,0,0,0,0,0,0,0,0,0,0,0,0,0,0,0,0,0,0,0,0,0,30475
1,1,1,1,1389,-341,1467,361,-42,-43,-9,19,21,0,0,0,0,0,0,0,0,0,0,0,0,0,0,0,0,0,0,0,0,0,0,30485
1,1,1,1,1393,-222,1463,338,-182,92,-10,19,22,0,0,0,0,0,0,0,0,0,0,0,0,0,0,0,0,0,0,0,0,0,0,30495
1,1,1,1,1367,-348,1407,227,-236,235,-14,19,24,0,0,0,0,0,0,0,0,0,0,0,0,0,0,0,0,0,0,0,0,0,0,30505
1,1,1,1,1230,-402,1332,138,-247,262,-14,20,40,0,0,0,0,0,0,0,0,0,0,0,0,0,0,0,0,0,0,0,0,0,0,30515
1,1,1,1,1240,-724,1076,95,-138,141,-23,22,42,0,0,0,0,0,0,0,0,0,0,0,0,0,0,0,0,0,0,0,0,0,0,30525
1,1,1,1,1129,-769,1130,-124,19,3,-22,23,45,0,0,0,0,0,0,0,0,0,0,0,0,0,0,0,0,0,0,0,0,0,0,30535
1,1,1,1,1337,-621,1268,-287,53,-43,-20,23,41,0,0,0,0,0,0,0,0,0,0,0,0,0,0,0,0,0,0,0,0,0,0,30545
1,1,1,1,1398,-451,1250,-294,2,-9,-17,23,44,0,0,0,0,0,0,0,0,0,0,0,0,0,0,0,0,0,0,0,0,0,0,30555
1,1,1,1,1366,-391,1096,-211,8,38,-19,24,42,0,0,0,0,0,0,0,0,0,0,0,0,0,0,0,0,0,0,0,0,0,0,30565
1,1,1,1,1380,-406,1066,-176,49,91,-20,25,46,0,0,0,0,0,0,0,0,0,0,0,0,0,0,0,0,0,0,0,0,0,0,30575
1,1,1,1,1422,-450,1204,-211,68,177,-20,26,51,0,0,0,0,0,0,0,0,0,0,0,0,0,0,0,0,0,0,0,0,0,0,30585
1,1,1,1,1339,-522,1193,-263,46,214,-23,28,56,0,0,0,0,0,0,0,0,0,0,0,0,0,0,0,0,0,0,0,0,0,0,30595
1,1,1,1,1299,-556,1104,-232,40,195,-25,30,56,0,0,0,0,0,0,0,0,0,0,0,0,0,0,0,0,0,0,0,0,0,0,30605
1,1,1,1,1312,-520,1182,-217,29,200,-24,31,61,0,0,0,0,0,0,0,0,0,0,0,0,0,0,0,0,0,0,0,0,0,0,30615
1,1,1,1,1357,-470,1268,-239,-27,234,-26,32,60,0,0,0,0,0,0,0,0,0,0,0,0,0,0,0,0,0,0,0,0,0,0,30625
1,1,1,1,1391,-429,1282,-313,-69,312,-25,32,57,0,0,0,0,0,0,0,0,0,0,0,0,0,0,0,0,0,0,0,0,0,0,30635
1,1,1,1,1365,-544,1193,-343,-3,256,-26,33,66,0,0,0,0,0,0,0,0,0,0,0,0,0,0,0,0,0,0,0,0,0,0,30645
1,1,1,1,1170,-738,1070,-292,77,65,-23,33,63,0,0,0,0,0,0,0,0,0,0,0,0,0,0,0,0,0,0,0,0,0,0,30655
1,1,1,1,1345,-438,1228,-261,73,110,-25,33,61,0,0,0,0,0,0,0,0,0,0,0,0,0,0,0,0,0,0,0,0,0,0,30665
1,1,1,1,1339,-583,1293,-342,89,106,-24,33,62,0,0,0,0,0,0,0,0,0,0,0,0,0,0,0,0,0,0,0,0,0,0,30675
1,1,1,1,1316,-590,1289,-368,79,95,-24,35,65,0,0,0,0,0,0,0,0,0,0,0,0,0,0,0,0,0,0,0,0,0,0,30685
1,1,1,1,1338,-590,1268,-278,20,68,-22,32,66,0,0,0,0,0,0,0,0,0,0,0,0,0,0,0,0,0,0,0,0,0,0,30695
1,1,1,1,1355,-612,1242,-269,-8,74,-23,32,67,0,0,0,0,0,0,0,0,0,0,0,0,0,0,0,0,0,0,0,0,0,0,30705
1,1,1,1,1395,-580,1232,-274,-13,96,-22,32,71,0,0,0,0,0,0,0,0,0,0,0,0,0,0,0,0,0,0,0,0,0,0,30715
1,1,1,1,1379,-513,1159,-229,-25,135,-19,32,70,0,0,0,0,0,0,0,0,0,0,0,0,0,0,0,0,0,0,0,0,0,0,30725
1,1,1,1,1468,-465,1150,-116,-57,218,-23,32,73,0,0,0,0,0,0,0,0,0,0,0,0,0,0,0,0,0,0,0,0,0,0,30735
1,1,1,1,1394,-618,1116,-37,-48,175,-24,31,74,0,0,0,0,0,0,0,0,0,0,0,0,0,0,0,0,0,0,0,0,0,0,30745
1,1,1,1,1349,-623,1079,-39,32,141,-23,32,74,0,0,0,0,0,0,0,0,0,0,0,0,0,0,0,0,0,0,0,0,0,0,30755
1,1,1,1,1349,-638,1230,-45,42,118,-21,32,73,0,0,0,0,0,0,0,0,0,0,0,0,0,0,0,0,0,0,0,0,0,0,30765
1,1,1,1,1292,-656,1230,-36,29,84,-22,32,72,0,0,0,0,0,0,0,0,0,0,0,0,0,0,0,0,0,0,0,0,0,0,30775
1,1,1,1,1246,-631,1208,-31,27,67,-23,33,71,0,0,0,0,0,0,0,0,0,0,0,0,0,0,0,0,0,0,0,0,0,0,30785
1,1,1,1,1248,-617,1252,-53,41,68,-24,32,72,0,0,0,0,0,0,0,0,0,0,0,0,0,0,0,0,0,0,0,0,0,0,30795
1,1,1,1,1246,-616,1267,-165,53,85,-23,32,76,0,0,0,0,0,0,0,0,0,0,0,0,0,0,0,0,0,0,0,0,0,0,30805
1,1,1,1,1232,-597,1272,-197,36,99,-25,33,76,0,0,0,0,0,0,0,0,0,0,0,0,0,0,0,0,0,0,0,0,0,0,30815
1,1,1,1,1215,-592,1196,-165,21,97,-26,33,80,0,0,0,0,0,0,0,0,0,0,0,0,0,0,0,0,0,0,0,0,0,0,30825
1,1,1,1,1222,-608,1170,-110,11,81,-26,33,83,0,0,0,0,0,0,0,0,0,0,0,0,0,0,0,0,0,0,0,0,0,0,30835
1,1,1,1,1254,-663,1134,-29,-5,29,-28,33,85,0,0,0,0,0,0,0,0,0,0,0,0,0,0,0,0,0,0,0,0,0,0,30845
1,1,1,1,1316,-658,1132,22,-19,-11,-28,33,84,0,0,0,0,0,0,0,0,0,0,0,0,0,0,0,0,0,0,0,0,0,0,30855
1,1,1,1,1375,-635,1102,61,-22,-25,-27,33,83,0,0,0,0,0,0,0,0,0,0,0,0,0,0,0,0,0,0,0,0,0,0,30865
1,1,1,1,1399,-581,1096,113,-22,-9,-26,33,83,0,0,0,0,0,0,0,0,0,0,0,0,0,0,0,0,0,0,0,0,0,0,30875
1,1,1,1,1384,-626,1122,173,-47,-1,-27,34,85,0,0,0,0,0,0,0,0,0,0,0,0,0,0,0,0,0,0,0,0,0,0,30885
1,1,1,1,1344,-654,1186,136,-59,22,-27,34,84,0,0,0,0,0,0,0,0,0,0,0,0,0,0,0,0,0,0,0,0,0,0,30895
1,1,1,1,1311,-625,1190,148,-71,43,-27,33,88,0,0,0,0,0,0,0,0,0,0,0,0,0,0,0,0,0,0,0,0,0,0,30905
1,1,1,1,1250,-710,1228,73,-64,17,-30,37,92,0,0,0,0,0,0,0,0,0,0,0,0,0,0,0,0,0,0,0,0,0,0,30925
1,1,1,1,1246,-678,1225,17,-52,-13,-31,36,89,0,0,0,0,0,0,0,0,0,0,0,0,0,0,0,0,0,0,0,0,0,0,30935
1,1,1,1,1307,-624,1251,-27,-52,-2,-34,36,92,0,0,0,0,0,0,0,0,0,0,0,0,0,0,0,0,0,0,0,0,0,0,30945
1,1,1,1,1306,-639,1190,-17,-62,-21,-34,35,93,0,0,0,0,0,0,0,0,0,0,0,0,0,0,0,0,0,0,0,0,0,0,30955
1,1,1,1,1343,-591,1165,51,-77,-26,-35,32,93,0,0,0,0,0,0,0,0,0,0,0,0,0,0,0,0,0,0,0,0,0,0,30965
1,1,1,1,1347,-599,1150,91,-72,-21,-36,34,97,0,0,0,0,0,0,0,0,0,0,0,0,0,0,0,0,0,0,0,0,0,0,30975
1,1,1,1,1323,-615,1172,104,-66,-16,-35,33,99,0,0,0,0,0,0,0,0,0,0,0,0,0,0,0,0,0,0,0,0,0,0,30985
1,1,1,1,1314,-581,1175,146,-70,-7,-36,34,98,0,0,0,0,0,0,0,0,0,0,0,0,0,0,0,0,0,0,0,0,0,0,30995
1,1,1,1,1300,-583,1161,218,-84,-4,-37,33,101,0,0,0,0,0,0,0,0,0,0,0,0,0,0,0,0,0,0,0,0,0,0,31005
1,1,1,1,1286,-625,1161,191,-81,-8,-39,33,99,0,0,0,0,0,0,0,0,0,0,0,0,0,0,0,0,0,0,0,0,0,0,31015
1,1,1,1,1291,-627,1194,133,-72,-6,-40,34,101,0,0,0,0,0,0,0,0,0,0,0,0,0,0,0,0,0,0,0,0,0,0,31025
1,1,1,1,1305,-576,1168,108,-77,-10,-40,33,104,0,0,0,0,0,0,0,0,0,0,0,0,0,0,0,0,0,0,0,0,0,0,31035
1,1,1,1,1301,-573,1132,148,-90,-25,-39,33,100,0,0,0,0,0,0,0,0,0,0,0,0,0,0,0,0,0,0,0,0,0,0,31045
1,1,1,1,1332,-592,1172,148,-92,-38,-40,33,101,0,0,0,0,0,0,0,0,0,0,0,0,0,0,0,0,0,0,0,0,0,0,31055
1,1,1,1,1360,-567,1183,137,-102,-42,-41,33,102,0,0,0,0,0,0,0,0,0,0,0,0,0,0,0,0,0,0,0,0,0,0,31065
1,1,1,1,1341,-559,1156,183,-115,-54,-41,32,105,0,0,0,0,0,0,0,0,0,0,0,0,0,0,0,0,0,0,0,0,0,0,31075
1,1,1,1,1349,-572,1171,214,-124,-54,-38,33,106,0,0,0,0,0,0,0,0,0,0,0,0,0,0,0,0,0,0,0,0,0,0,31085
1,1,1,1,1329,-590,1180,213,-140,-55,-40,32,105,0,0,0,0,0,0,0,0,0,0,0,0,0,0,0,0,0,0,0,0,0,0,31095
1,1,1,1,1325,-606,1174,233,-144,-52,-42,31,103,0,0,0,0,0,0,0,0,0,0,0,0,0,0,0,0,0,0,0,0,0,0,31105
1,1,1,1,1352,-575,1141,222,-132,-43,-44,31,104,0,0,0,0,0,0,0,0,0,0,0,0,0,0,0,0,0,0,0,0,0,0,31115
1,1,1,1,1377,-550,1179,245,-155,-45,-43,30,105,0,0,0,0,0,0,0,0,0,0,0,0,0,0,0,0,0,0,0,0,0,0,31125
1,1,1,1,1378,-547,1143,256,-152,-40,-44,29,101,0,0,0,0,0,0,0,0,0,0,0,0,0,0,0,0,0,0,0,0,0,0,31135
1,1,1,1,1386,-525,1191,287,-178,-21,-45,29,104,0,0,0,0,0,0,0,0,0,0,0,0,0,0,0,0,0,0,0,0,0,0,31145
1,1,1,1,1337,-555,1133,319,-185,-18,-47,29,105,0,0,0,0,0,0,0,0,0,0,0,0,0,0,0,0,0,0,0,0,0,0,31155
1,1,1,1,1332,-562,1160,305,-186,-16,-46,29,105,0,0,0,0,0,0,0,0,0,0,0,0,0,0,0,0,0,0,0,0,0,0,31165
1,1,1,1,1333,-551,1177,290,-189,-15,-44,28,105,0,0,0,0,0,0,0,0,0,0,0,0,0,0,0,0,0,0,0,0,0,0,31175
1,1,1,1,1343,-535,1163,283,-183,-19,-46,27,107,0,0,0,0,0,0,0,0,0,0,0,0,0,0,0,0,0,0,0,0,0,0,31185
1,1,1,1,1385,-524,1190,237,-169,-20,-49,27,104,0,0,0,0,0,0,0,0,0,0,0,0,0,0,0,0,0,0,0,0,0,0,31195
1,1,1,1,1382,-541,1221,136,-156,-32,-50,27,105,0,0,0,0,0,0,0,0,0,0,0,0,0,0,0,0,0,0,0,0,0,0,31205
1,1,1,1,1370,-492,1203,91,-142,-49,-48,26,102,0,0,0,0,0,0,0,0,0,0,0,0,0,0,0,0,0,0,0,0,0,0,31215
1,1,1,1,1384,-466,1191,91,-125,-60,-50,28,101,0,0,0,0,0,0,0,0,0,0,0,0,0,0,0,0,0,0,0,0,0,0,31225
1,1,1,1,1382,-483,1203,89,-111,-66,-50,26,102,0,0,0,0,0,0,0,0,0,0,0,0,0,0,0,0,0,0,0,0,0,0,31235
1,1,1,1,1374,-484,1171,95,-98,-72,-53,29,103,0,0,0,0,0,0,0,0,0,0,0,0,0,0,0,0,0,0,0,0,0,0,31245
1,1,1,1,1377,-519,1189,81,-96,-68,-54,28,106,0,0,0,0,0,0,0,0,0,0,0,0,0,0,0,0,0,0,0,0,0,0,31255
1,1,1,1,1368,-533,1145,109,-93,-67,-55,29,108,0,0,0,0,0,0,0,0,0,0,0,0,0,0,0,0,0,0,0,0,0,0,31265
1,1,1,1,1399,-511,1124,162,-96,-54,-53,22,106,0,0,0,0,0,0,0,0,0,0,0,0,0,0,0,0,0,0,0,0,0,0,31275
1,1,1,1,1401,-539,1135,154,-95,-44,-54,22,105,0,0,0,0,0,0,0,0,0,0,0,0,0,0,0,0,0,0,0,0,0,0,31285
1,1,1,1,1400,-521,1129,149,-103,-35,-53,23,103,0,0,0,0,0,0,0,0,0,0,0,0,0,0,0,0,0,0,0,0,0,0,31295
1,1,1,1,1408,-507,1124,151,-108,-25,-55,24,104,0,0,0,0,0,0,0,0,0,0,0,0,0,0,0,0,0,0,0,0,0,0,31305
1,1,1,1,1416,-513,1136,118,-104,-12,-53,22,102,0,0,0,0,0,0,0,0,0,0,0,0,0,0,0,0,0,0,0,0,0,0,31315
1,1,1,1,1415,-523,1173,69,-89,-4,-54,21,102,0,0,0,0,0,0,0,0,0,0,0,0,0,0,0,0,0,0,0,0,0,0,31325
1,1,1,1,1413,-503,1180,23,-65,3,-56,21,100,0,0,0,0,0,0,0,0,0,0,0,0,0,0,0,0,0,0,0,0,0,0,31335
1,1,1,1,1411,-478,1182,15,-42,12,-55,20,98,0,0,0,0,0,0,0,0,0,0,0,0,0,0,0,0,0,0,0,0,0,0,31345
1,1,1,1,1407,-490,1185,30,-32,19,-55,20,99,0,0,0,0,0,0,0,0,0,0,0,0,0,0,0,0,0,0,0,0,0,0,31355
1,1,1,1,1404,-479,1172,61,-27,26,-57,18,99,0,0,0,0,0,0,0,0,0,0,0,0,0,0,0,0,0,0,0,0,0,0,31365
1,1,1,1,1388,-493,1162,93,-37,26,-58,18,97,0,0,0,0,0,0,0,0,0,0,0,0,0,0,0,0,0,0,0,0,0,0,31375
1,1,1,1,1405,-498,1159,100,-37,27,-55,16,96,0,0,0,0,0,0,0,0,0,0,0,0,0,0,0,0,0,0,0,0,0,0,31385
1,1,1,1,1408,-492,1148,101,-46,24,-56,17,94,0,0,0,0,0,0,0,0,0,0,0,0,0,0,0,0,0,0,0,0,0,0,31395
1,1,1,1,1409,-495,1142,99,-49,24,-57,17,94,0,0,0,0,0,0,0,0,0,0,0,0,0,0,0,0,0,0,0,0,0,0,31405
1,1,1,1,1415,-497,1142,98,-49,27,-57,17,92,0,0,0,0,0,0,0,0,0,0,0,0,0,0,0,0,0,0,0,0,0,0,31415
1,1,1,1,1415,-505,1157,82,-54,33,-58,16,93,0,0,0,0,0,0,0,0,0,0,0,0,0,0,0,0,0,0,0,0,0,0,31425
1,1,1,1,1407,-520,1162,67,-36,44,-59,15,90,0,0,0,0,0,0,0,0,0,0,0,0,0,0,0,0,0,0,0,0,0,0,31435
1,1,1,1,1417,-519,1165,45,-34,54,-58,14,91,0,0,0,0,0,0,0,0,0,0,0,0,0,0,0,0,0,0,0,0,0,0,31445
1,1,1,1,1409,-520,1164,31,-26,64,-58,14,90,0,0,0,0,0,0,0,0,0,0,0,0,0,0,0,0,0,0,0,0,0,0,31455
1,1,1,1,1405,-492,1154,64,-32,74,-55,11,88,0,0,0,0,0,0,0,0,0,0,0,0,0,0,0,0,0,0,0,0,0,0,31465
1,1,1,1,1413,-486,1133,116,-29,74,-55,11,86,0,0,0,0,0,0,0,0,0,0,0,0,0,0,0,0,0,0,0,0,0,0,31475
1,1,1,1,1417,-497,1157,124,-32,74,-57,11,85,0,0,0,0,0,0,0,0,0,0,0,0,0,0,0,0,0,0,0,0,0,0,31485
1,1,1,1,1417,-498,1123,138,-51,75,-57,10,82,0,0,0,0,0,0,0,0,0,0,0,0,0,0,0,0,0,0,0,0,0,0,31495
1,1,1,1,1432,-498,1110,146,-56,71,-58,9,82,0,0,0,0,0,0,0,0,0,0,0,0,0,0,0,0,0,0,0,0,0,0,31505
1,1,1,1,1427,-502,1119,134,-62,75,-58,7,79,0,0,0,0,0,0,0,0,0,0,0,0,0,0,0,0,0,0,0,0,0,0,31515
1,1,1,1,1421,-483,1102,159,-77,77,-60,12,82,0,0,0,0,0,0,0,0,0,0,0,0,0,0,0,0,0,0,0,0,0,0,31525
1,1,1,1,1430,-462,1101,193,-81,82,-58,9,81,0,0,0,0,0,0,0,0,0,0,0,0,0,0,0,0,0,0,0,0,0,0,31535
1,1,1,1,1414,-493,1158,164,-72,88,-58,10,79,0,0,0,0,0,0,0,0,0,0,0,0,0,0,0,0,0,0,0,0,0,0,31545
1,1,1,1,1394,-480,1161,131,-70,93,-59,9,82,0,0,0,0,0,0,0,0,0,0,0,0,0,0,0,0,0,0,0,0,0,0,31555
1,1,1,1,1401,-453,1135,156,-70,93,-62,11,83,0,0,0,0,0,0,0,0,0,0,0,0,0,0,0,0,0,0,0,0,0,0,31565
1,1,1,1,1421,-457,1139,180,-65,89,-60,10,84,0,0,0,0,0,0,0,0,0,0,0,0,0,0,0,0,0,0,0,0,0,0,31575
1,1,1,1,1417,-480,1145,177,-64,86,-59,7,84,0,0,0,0,0,0,0,0,0,0,0,0,0,0,0,0,0,0,0,0,0,0,31585
1,1,1,1,1425,-486,1148,149,-55,80,-58,8,85,0,0,0,0,0,0,0,0,0,0,0,0,0,0,0,0,0,0,0,0,0,0,31595
1,1,1,1,1426,-485,1142,119,-42,83,-59,9,84,0,0,0,0,0,0,0,0,0,0,0,0,0,0,0,0,0,0,0,0,0,0,31605
1,1,1,1,1433,-459,1133,98,-25,87,-56,9,83,0,0,0,0,0,0,0,0,0,0,0,0,0,0,0,0,0,0,0,0,0,0,31615
1,1,1,1,1424,-468,1140,85,-28,89,-55,7,82,0,0,0,0,0,0,0,0,0,0,0,0,0,0,0,0,0,0,0,0,0,0,31625
1,1,1,1,1427,-451,1129,88,-24,92,-57,7,81,0,0,0,0,0,0,0,0,0,0,0,0,0,0,0,0,0,0,0,0,0,0,31635
1,1,1,1,1419,-457,1127,107,-17,95,-58,7,82,0,0,0,0,0,0,0,0,0,0,0,0,0,0,0,0,0,0,0,0,0,0,31645
1,1,1,1,1417,-458,1133,103,-20,92,-57,6,80,0,0,0,0,0,0,0,0,0,0,0,0,0,0,0,0,0,0,0,0,0,0,31655
1,1,1,1,1418,-447,1133,103,-13,88,-58,6,82,0,0,0,0,0,0,0,0,0,0,0,0,0,0,0,0,0,0,0,0,0,0,31665
1,1,1,1,1421,-445,1127,104,-6,75,-59,6,79,0,0,0,0,0,0,0,0,0,0,0,0,0,0,0,0,0,0,0,0,0,0,31675
1,1,1,1,1434,-436,1132,78,-8,62,-61,7,80,0,0,0,0,0,0,0,0,0,0,0,0,0,0,0,0,0,0,0,0,0,0,31685
1,1,1,1,1422,-427,1123,64,4,50,-57,7,79,0,0,0,0,0,0,0,0,0,0,0,0,0,0,0,0,0,0,0,0,0,0,31695
1,1,1,1,1417,-434,1126,49,7,43,-55,6,80,0,0,0,0,0,0,0,0,0,0,0,0,0,0,0,0,0,0,0,0,0,0,31705
1,1,1,1,1417,-437,1111,59,20,43,-54,6,81,0,0,0,0,0,0,0,0,0,0,0,0,0,0,0,0,0,0,0,0,0,0,31715
1,1,1,1,1418,-436,1086,108,14,46,-56,6,82,0,0,0,0,0,0,0,0,0,0,0,0,0,0,0,0,0,0,0,0,0,0,31725
1,1,1,1,1427,-447,1093,126,-1,46,-55,7,82,0,0,0,0,0,0,0,0,0,0,0,0,0,0,0,0,0,0,0,0,0,0,31735
1,1,1,1,1416,-461,1124,115,6,51,-55,6,81,0,0,0,0,0,0,0,0,0,0,0,0,0,0,0,0,0,0,0,0,0,0,31745
1,1,1,1,1407,-454,1115,105,-9,54,-56,8,82,0,0,0,0,0,0,0,0,0,0,0,0,0,0,0,0,0,0,0,0,0,0,31755
1,1,1,1,1405,-449,1113,105,-9,53,-55,7,80,0,0,0,0,0,0,0,0,0,0,0,0,0,0,0,0,0,0,0,0,0,0,31765
1,1,1,1,1413,-453,1103,100,-6,51,-54,8,80,0,0,0,0,0,0,0,0,0,0,0,0,0,0,0,0,0,0,0,0,0,0,31775
1,1,1,1,1422,-439,1107,103,-8,48,-55,8,84,0,0,0,0,0,0,0,0,0,0,0,0,0,0,0,0,0,0,0,0,0,0,31785
1,1,1,1,1425,-431,1088,124,-9,45,-58,9,84,0,0,0,0,0,0,0,0,0,0,0,0,0,0,0,0,0,0,0,0,0,0,31795
1,1,1,1,1421,-436,1111,139,-19,42,-57,8,82,0,0,0,0,0,0,0,0,0,0,0,0,0,0,0,0,0,0,0,0,0,0,31805
1,1,1,1,1412,-448,1127,112,-14,40,-57,9,86,0,0,0,0,0,0,0,0,0,0,0,0,0,0,0,0,0,0,0,0,0,0,31815
1,1,1,1,1413,-446,1139,89,-8,36,-58,7,81,0,0,0,0,0,0,0,0,0,0,0,0,0,0,0,0,0,0,0,0,0,0,31825
1,1,1,1,1408,-445,1138,85,-20,33,-58,9,83,0,0,0,0,0,0,0,0,0,0,0,0,0,0,0,0,0,0,0,0,0,0,31835
1,1,1,1,1411,-434,1115,99,-24,32,-57,10,84,0,0,0,0,0,0,0,0,0,0,0,0,0,0,0,0,0,0,0,0,0,0,31845
1,1,1,1,1415,-451,1131,82,-15,35,-57,8,82,0,0,0,0,0,0,0,0,0,0,0,0,0,0,0,0,0,0,0,0,0,0,31855
1,1,1,1,1408,-458,1141,55,-16,37,-59,9,83,0,0,0,0,0,0,0,0,0,0,0,0,0,0,0,0,0,0,0,0,0,0,31865
1,1,1,1,1416,-445,1131,36,-10,40,-62,13,84,0,0,0,0,0,0,0,0,0,0,0,0,0,0,0,0,0,0,0,0,0,0,31875
1,1,1,1,1422,-427,1123,44,-7,42,-60,11,84,0,0,0,0,0,0,0,0,0,0,0,0,0,0,0,0,0,0,0,0,0,0,31885
1,1,1,1,1430,-421,1111,47,-15,36,-59,8,84,0,0,0,0,0,0,0,0,0,0,0,0,0,0,0,0,0,0,0,0,0,0,31895
1,1,1,1,1433,-437,1134,30,-6,39,-56,7,84,0,0,0,0,0,0,0,0,0,0,0,0,0,0,0,0,0,0,0,0,0,0,31905
1,1,1,1,1429,-417,1119,39,-20,36,-57,7,82,0,0,0,0,0,0,0,0,0,0,0,0,0,0,0,0,0,0,0,0,0,0,31915
1,1,1,1,1421,-435,1119,53,-22,33,-58,9,82,0,0,0,0,0,0,0,0,0,0,0,0,0,0,0,0,0,0,0,0,0,0,31925
1,1,1,1,1421,-444,1142,44,-14,36,-57,8,85,0,0,0,0,0,0,0,0,0,0,0,0,0,0,0,0,0,0,0,0,0,0,31935
1,1,1,1,1414,-443,1133,37,-12,43,-57,9,84,0,0,0,0,0,0,0,0,0,0,0,0,0,0,0,0,0,0,0,0,0,0,31945
1,1,1,1,1409,-441,1131,41,-17,46,-58,8,85,0,0,0,0,0,0,0,0,0,0,0,0,0,0,0,0,0,0,0,0,0,0,31955
1,1,1,1,1410,-462,1134,33,-12,51,-60,8,82,0,0,0,0,0,0,0,0,0,0,0,0,0,0,0,0,0,0,0,0,0,0,31965
1,1,1,1,1408,-469,1137,17,2,57,-59,9,82,0,0,0,0,0,0,0,0,0,0,0,0,0,0,0,0,0,0,0,0,0,0,31975
1,1,1,1,1417,-451,1112,27,0,60,-61,8,87,0,0,0,0,0,0,0,0,0,0,0,0,0,0,0,0,0,0,0,0,0,0,31985
1,1,1,1,1417,-455,1108,53,-14,55,-62,8,85,0,0,0,0,0,0,0,0,0,0,0,0,0,0,0,0,0,0,0,0,0,0,31995
1,1,1,1,1427,-455,1120,66,-18,56,-60,7,84,0,0,0,0,0,0,0,0,0,0,0,0,0,0,0,0,0,0,0,0,0,0,32005
1,1,1,1,1420,-461,1123,55,-21,57,-59,6,82,0,0,0,0,0,0,0,0,0,0,0,0,0,0,0,0,0,0,0,0,0,0,32015
1,1,1,1,1412,-453,1127,65,-26,58,-60,6,84,0,0,0,0,0,0,0,0,0,0,0,0,0,0,0,0,0,0,0,0,0,0,32025
1,1,1,1,1415,-445,1108,91,-22,60,-61,5,80,0,0,0,0,0,0,0,0,0,0,0,0,0,0,0,0,0,0,0,0,0,0,32035
1,1,1,1,1417,-449,1120,96,-27,60,-62,4,79,0,0,0,0,0,0,0,0,0,0,0,0,0,0,0,0,0,0,0,0,0,0,32045
1,1,1,1,1418,-423,1111,135,-28,62,-61,3,80,0,0,0,0,0,0,0,0,0,0,0,0,0,0,0,0,0,0,0,0,0,0,32055
1,1,1,1,1405,-446,1126,146,-21,64,-62,5,80,0,0,0,0,0,0,0,0,0,0,0,0,0,0,0,0,0,0,0,0,0,0,32065
1,1,1,1,1409,-466,1164,79,-13,69,-62,4,80,0,0,0,0,0,0,0,0,0,0,0,0,0,0,0,0,0,0,0,0,0,0,32075
1,1,1,1,1402,-460,1155,37,-10,65,-63,5,81,0,0,0,0,0,0,0,0,0,0,0,0,0,0,0,0,0,0,0,0,0,0,32085
1,1,1,1,1405,-436,1131,28,-11,59,-62,4,80,0,0,0,0,0,0,0,0,0,0,0,0,0,0,0,0,0,0,0,0,0,0,32095
1,1,1,1,1409,-437,1132,23,-11,51,-61,4,78,0,0,0,0,0,0,0,0,0,0,0,0,0,0,0,0,0,0,0,0,0,0,32105
1,1,1,1,1411,-439,1135,13,-15,44,-60,4,80,0,0,0,0,0,0,0,0,0,0,0,0,0,0,0,0,0,0,0,0,0,0,32115
1,1,1,1,1406,-443,1121,21,-15,39,-62,5,78,0,0,0,0,0,0,0,0,0,0,0,0,0,0,0,0,0,0,0,0,0,0,32125
1,1,1,1,1411,-444,1120,32,-2,38,-60,3,77,0,0,0,0,0,0,0,0,0,0,0,0,0,0,0,0,0,0,0,0,0,0,32135
1,1,1,1,1408,-434,1105,58,-9,43,-60,3,73,0,0,0,0,0,0,0,0,0,0,0,0,0,0,0,0,0,0,0,0,0,0,32145
1,1,1,1,1399,-443,1113,83,-5,45,-57,0,74,0,0,0,0,0,0,0,0,0,0,0,0,0,0,0,0,0,0,0,0,0,0,32155
1,1,1,1,1405,-459,1139,51,1,48,-59,2,77,0,0,0,0,0,0,0,0,0,0,0,0,0,0,0,0,0,0,0,0,0,0,32165
1,1,1,1,1406,-453,1138,13,-7,41,-60,1,75,0,0,0,0,0,0,0,0,0,0,0,0,0,0,0,0,0,0,0,0,0,0,32175
1,1,1,1,1409,-429,1115,17,0,38,-58,1,72,0,0,0,0,0,0,0,0,0,0,0,0,0,0,0,0,0,0,0,0,0,0,32185
1,1,1,1,1411,-431,1122,6,-6,32,-59,3,73,0,0,0,0,0,0,0,0,0,0,0,0,0,0,0,0,0,0,0,0,0,0,32195
1,1,1,1,1407,-432,1117,7,-3,30,-55,-2,72,0,0,0,0,0,0,0,0,0,0,0,0,0,0,0,0,0,0,0,0,0,0,32205
1,1,1,1,1409,-441,1123,3,-1,24,-55,0,73,0,0,0,0,0,0,0,0,0,0,0,0,0,0,0,0,0,0,0,0,0,0,32215
1,1,1,1,1402,-443,1121,19,-2,17,-55,0,75,0,0,0,0,0,0,0,0,0,0,0,0,0,0,0,0,0,0,0,0,0,0,32225
1,1,1,1,1406,-450,1120,39,-3,14,-54,-1,73,0,0,0,0,0,0,0,0,0,0,0,0,0,0,0,0,0,0,0,0,0,0,32235
1,1,1,1,1406,-450,1140,54,0,18,-55,-1,75,0,0,0,0,0,0,0,0,0,0,0,0,0,0,0,0,0,0,0,0,0,0,32245
1,1,1,1,1410,-453,1139,40,1,22,-57,-1,71,0,0,0,0,0,0,0,0,0,0,0,0,0,0,0,0,0,0,0,0,0,0,32255
1,1,1,1,1406,-448,1137,31,4,26,-57,-1,72,0,0,0,0,0,0,0,0,0,0,0,0,0,0,0,0,0,0,0,0,0,0,32265
1,1,1,1,1410,-444,1133,23,8,31,-57,-1,72,0,0,0,0,0,0,0,0,0,0,0,0,0,0,0,0,0,0,0,0,0,0,32275
1,1,1,1,1407,-448,1142,10,7,36,-54,-2,71,0,0,0,0,0,0,0,0,0,0,0,0,0,0,0,0,0,0,0,0,0,0,32285
1,1,1,1,1411,-437,1126,21,14,42,-54,-3,70,0,0,0,0,0,0,0,0,0,0,0,0,0,0,0,0,0,0,0,0,0,0,32295
1,1,1,1,1413,-445,1113,34,-4,39,-57,-3,69,0,0,0,0,0,0,0,0,0,0,0,0,0,0,0,0,0,0,0,0,0,0,32305
1,1,1,1,1415,-444,1108,45,-6,42,-55,-3,67,0,0,0,0,0,0,0,0,0,0,0,0,0,0,0,0,0,0,0,0,0,0,32315
1,1,1,1,1412,-445,1108,58,-19,42,-55,-4,70,0,0,0,0,0,0,0,0,0,0,0,0,0,0,0,0,0,0,0,0,0,0,32325
1,1,1,1,1414,-435,1115,53,-19,36,-56,-3,68,0,0,0,0,0,0,0,0,0,0,0,0,0,0,0,0,0,0,0,0,0,0,32335
1,1,1,1,1411,-439,1125,49,-26,32,-55,-3,70,0,0,0,0,0,0,0,0,0,0,0,0,0,0,0,0,0,0,0,0,0,0,32345
1,1,1,1,1405,-426,1122,63,-37,28,-55,-3,70,0,0,0,0,0,0,0,0,0,0,0,0,0,0,0,0,0,0,0,0,0,0,32355
1,1,1,1,1410,-428,1111,80,-38,23,-53,-3,70,0,0,0,0,0,0,0,0,0,0,0,0,0,0,0,0,0,0,0,0,0,0,32365
1,1,1,1,1406,-441,1141,67,-27,26,-53,-2,69,0,0,0,0,0,0,0,0,0,0,0,0,0,0,0,0,0,0,0,0,0,0,32375
1,1,1,1,1394,-457,1144,52,-23,27,-55,-2,71,0,0,0,0,0,0,0,0,0,0,0,0,0,0,0,0,0,0,0,0,0,0,32385
1,1,1,1,1400,-445,1143,33,-15,26,-54,-2,71,0,0,0,0,0,0,0,0,0,0,0,0,0,0,0,0,0,0,0,0,0,0,32395
1,1,1,1,1397,-435,1136,19,-6,27,-54,-2,69,0,0,0,0,0,0,0,0,0,0,0,0,0,0,0,0,0,0,0,0,0,0,32405
1,1,1,1,1396,-431,1126,27,-11,25,-54,-3,69,0,0,0,0,0,0,0,0,0,0,0,0,0,0,0,0,0,0,0,0,0,0,32415
1,1,1,1,1398,-445,1144,3,-5,28,-54,-5,66,0,0,0,0,0,0,0,0,0,0,0,0,0,0,0,0,0,0,0,0,0,0,32425
1,1,1,1,1395,-441,1129,-10,-4,31,-49,-12,65,0,0,0,0,0,0,0,0,0,0,0,0,0,0,0,0,0,0,0,0,0,0,32435
1,1,1,1,1405,-434,1091,20,-14,24,-53,-7,65,0,0,0,0,0,0,0,0,0,0,0,0,0,0,0,0,0,0,0,0,0,0,32445
1,1,1,1,1415,-448,1095,28,-32,19,-58,-4,66,0,0,0,0,0,0,0,0,0,0,0,0,0,0,0,0,0,0,0,0,0,0,32455
1,1,1,1,1411,-447,1098,35,-44,17,-59,0,66,0,0,0,0,0,0,0,0,0,0,0,0,0,0,0,0,0,0,0,0,0,0,32465
1,1,1,1,1416,-431,1094,60,-55,20,-54,-7,66,0,0,0,0,0,0,0,0,0,0,0,0,0,0,0,0,0,0,0,0,0,0,32475
1,1,1,1,1418,-436,1102,65,-60,26,-57,-5,68,0,0,0,0,0,0,0,0,0,0,0,0,0,0,0,0,0,0,0,0,0,0,32485
1,1,1,1,1415,-434,1118,57,-67,29,-53,-5,69,0,0,0,0,0,0,0,0,0,0,0,0,0,0,0,0,0,0,0,0,0,0,32495
1,1,1,1,1409,-426,1105,71,-70,27,-51,-5,70,0,0,0,0,0,0,0,0,0,0,0,0,0,0,0,0,0,0,0,0,0,0,32505
1,1,1,1,1415,-416,1120,82,-73,25,-50,-6,70,0,0,0,0,0,0,0,0,0,0,0,0,0,0,0,0,0,0,0,0,0,0,32515
1,1,1,1,1403,-436,1124,101,-65,22,-52,0,71,0,0,0,0,0,0,0,0,0,0,0,0,0,0,0,0,0,0,0,0,0,0,32525
1,1,1,1,1407,-454,1125,101,-66,22,-51,-3,71,0,0,0,0,0,0,0,0,0,0,0,0,0,0,0,0,0,0,0,0,0,0,32535
1,1,1,1,1413,-448,1095,117,-77,23,-51,-2,71,0,0,0,0,0,0,0,0,0,0,0,0,0,0,0,0,0,0,0,0,0,0,32545
1,1,1,1,1421,-436,1080,152,-94,27,-51,-3,70,0,0,0,0,0,0,0,0,0,0,0,0,0,0,0,0,0,0,0,0,0,0,32555
1,1,1,1,1424,-455,1098,144,-106,35,-52,-2,70,0,0,0,0,0,0,0,0,0,0,0,0,0,0,0,0,0,0,0,0,0,0,32565
1,1,1,1,1421,-462,1122,111,-111,44,-53,-3,72,0,0,0,0,0,0,0,0,0,0,0,0,0,0,0,0,0,0,0,0,0,0,32575
1,1,1,1,1430,-418,1073,143,-117,51,-51,-2,69,0,0,0,0,0,0,0,0,0,0,0,0,0,0,0,0,0,0,0,0,0,0,32585
1,1,1,1,1432,-412,1067,192,-139,47,-51,-1,72,0,0,0,0,0,0,0,0,0,0,0,0,0,0,0,0,0,0,0,0,0,0,32595
1,1,1,1,1433,-394,1086,235,-152,43,-49,-1,69,0,0,0,0,0,0,0,0,0,0,0,0,0,0,0,0,0,0,0,0,0,0,32605
1,1,1,1,1436,-417,1106,226,-153,32,-48,0,72,0,0,0,0,0,0,0,0,0,0,0,0,0,0,0,0,0,0,0,0,0,0,32615
1,1,1,1,1436,-400,1133,212,-149,32,-48,1,71,0,0,0,0,0,0,0,0,0,0,0,0,0,0,0,0,0,0,0,0,0,0,32625
1,1,1,1,1432,-402,1090,262,-146,22,-46,2,72,0,0,0,0,0,0,0,0,0,0,0,0,0,0,0,0,0,0,0,0,0,0,32635
1,1,1,1,1447,-396,1081,326,-149,11,-47,2,74,0,0,0,0,0,0,0,0,0,0,0,0,0,0,0,0,0,0,0,0,0,0,32645
1,1,1,1,1450,-410,1079,360,-141,4,-47,3,73,0,0,0,0,0,0,0,0,0,0,0,0,0,0,0,0,0,0,0,0,0,0,32655
1,1,1,1,1453,-420,1135,303,-129,8,-45,4,74,0,0,0,0,0,0,0,0,0,0,0,0,0,0,0,0,0,0,0,0,0,0,32665
1,1,1,1,1429,-434,1156,224,-125,10,-44,4,75,0,0,0,0,0,0,0,0,0,0,0,0,0,0,0,0,0,0,0,0,0,0,32675
1,1,1,1,1444,-407,1137,182,-116,10,-41,4,74,0,0,0,0,0,0,0,0,0,0,0,0,0,0,0,0,0,0,0,0,0,0,32685
1,1,1,1,1448,-385,1098,174,-100,0,-43,5,73,0,0,0,0,0,0,0,0,0,0,0,0,0,0,0,0,0,0,0,0,0,0,32695
1,1,1,1,1454,-372,1079,201,-94,-9,-43,5,73,0,0,0,0,0,0,0,0,0,0,0,0,0,0,0,0,0,0,0,0,0,0,32705
1,1,1,1,1450,-388,1100,177,-83,-14,-44,5,75,0,0,0,0,0,0,0,0,0,0,0,0,0,0,0,0,0,0,0,0,0,0,32715
1,1,1,1,1452,-395,1096,123,-73,-18,-44,6,74,0,0,0,0,0,0,0,0,0,0,0,0,0,0,0,0,0,0,0,0,0,0,32725
1,1,1,1,1469,-386,1088,88,-57,-15,-45,8,76,0,0,0,0,0,0,0,0,0,0,0,0,0,0,0,0,0,0,0,0,0,0,32735
1,1,1,1,1469,-395,1101,43,-50,-13,-42,4,71,0,0,0,0,0,0,0,0,0,0,0,0,0,0,0,0,0,0,0,0,0,0,32745
1,1,1,1,1455,-358,1073,62,-46,-12,-44,7,73,0,0,0,0,0,0,0,0,0,0,0,0,0,0,0,0,0,0,0,0,0,0,32755
1,1,1,1,1463,-357,1028,170,-56,-24,-44,5,73,0,0,0,0,0,0,0,0,0,0,0,0,0,0,0,0,0,0,0,0,0,0,32765
1,1,1,1,1480,-380,1077,199,-64,-31,-44,8,74,0,0,0,0,0,0,0,0,0,0,0,0,0,0,0,0,0,0,0,0,0,0,32775
1,1,1,1,1457,-395,1097,190,-66,-30,-44,7,73,0,0,0,0,0,0,0,0,0,0,0,0,0,0,0,0,0,0,0,0,0,0,32785
1,1,1,1,1455,-367,1050,218,-67,-29,-42,6,73,0,0,0,0,0,0,0,0,0,0,0,0,0,0,0,0,0,0,0,0,0,0,32795
1,1,1,1,1471,-378,1051,186,-70,-30,-40,5,74,0,0,0,0,0,0,0,0,0,0,0,0,0,0,0,0,0,0,0,0,0,0,32805
1,1,1,1,1472,-391,1063,130,-69,-30,-40,5,74,0,0,0,0,0,0,0,0,0,0,0,0,0,0,0,0,0,0,0,0,0,0,32815
1,1,1,1,1485,-376,1043,111,-72,-34,-39,5,72,0,0,0,0,0,0,0,0,0,0,0,0,0,0,0,0,0,0,0,0,0,0,32825
1,1,1,1,1489,-366,1047,102,-68,-34,-39,5,71,0,0,0,0,0,0,0,0,0,0,0,0,0,0,0,0,0,0,0,0,0,0,32835
1,1,1,1,1478,-377,1090,80,-60,-31,-40,6,73,0,0,0,0,0,0,0,0,0,0,0,0,0,0,0,0,0,0,0,0,0,0,32845
1,1,1,1,1469,-338,1071,87,-57,-31,-40,6,71,0,0,0,0,0,0,0,0,0,0,0,0,0,0,0,0,0,0,0,0,0,0,32855
1,1,1,1,1476,-334,1067,126,-55,-36,-41,6,72,0,0,0,0,0,0,0,0,0,0,0,0,0,0,0,0,0,0,0,0,0,0,32865
1,1,1,1,1483,-344,1075,136,-47,-42,-41,6,72,0,0,0,0,0,0,0,0,0,0,0,0,0,0,0,0,0,0,0,0,0,0,32875
1,1,1,1,1495,-348,1063,117,-34,-49,-41,5,70,0,0,0,0,0,0,0,0,0,0,0,0,0,0,0,0,0,0,0,0,0,0,32885
1,1,1,1,1502,-348,1069,82,-20,-50,-40,4,73,0,0,0,0,0,0,0,0,0,0,0,0,0,0,0,0,0,0,0,0,0,0,32895
1,1,1,1,1496,-362,1044,57,-1,-49,-41,5,70,0,0,0,0,0,0,0,0,0,0,0,0,0,0,0,0,0,0,0,0,0,0,32905
1,1,1,1,1503,-364,1025,58,6,-44,-41,5,68,0,0,0,0,0,0,0,0,0,0,0,0,0,0,0,0,0,0,0,0,0,0,32915
1,1,1,1,1514,-343,1022,59,24,-22,-41,4,69,0,0,0,0,0,0,0,0,0,0,0,0,0,0,0,0,0,0,0,0,0,0,32925
1,1,1,1,1510,-343,1044,49,42,10,-44,4,70,0,0,0,0,0,0,0,0,0,0,0,0,0,0,0,0,0,0,0,0,0,0,32935
1,1,1,1,1490,-355,1050,35,55,27,-43,2,68,0,0,0,0,0,0,0,0,0,0,0,0,0,0,0,0,0,0,0,0,0,0,32945
1,1,1,1,1484,-334,1028,58,68,32,-43,1,63,0,0,0,0,0,0,0,0,0,0,0,0,0,0,0,0,0,0,0,0,0,0,32955
1,1,1,1,1488,-335,1056,66,68,30,-44,-1,62,0,0,0,0,0,0,0,0,0,0,0,0,0,0,0,0,0,0,0,0,0,0,32965
1,1,1,1,1475,-323,1063,70,72,28,-42,-2,60,0,0,0,0,0,0,0,0,0,0,0,0,0,0,0,0,0,0,0,0,0,0,32975
1,1,1,1,1472,-320,1069,98,54,20,-40,-3,59,0,0,0,0,0,0,0,0,0,0,0,0,0,0,0,0,0,0,0,0,0,0,32985
1,1,1,1,1460,-337,1069,117,41,13,-41,-3,57,0,0,0,0,0,0,0,0,0,0,0,0,0,0,0,0,0,0,0,0,0,0,32995
1,1,1,1,1457,-328,1102,135,25,11,-39,-5,59,0,0,0,0,0,0,0,0,0,0,0,0,0,0,0,0,0,0,0,0,0,0,33005
1,1,1,1,1436,-348,1157,112,22,11,-40,-4,56,0,0,0,0,0,0,0,0,0,0,0,0,0,0,0,0,0,0,0,0,0,0,33015
1,1,1,1,1420,-339,1161,75,25,10,-40,-5,53,0,0,0,0,0,0,0,0,0,0,0,0,0,0,0,0,0,0,0,0,0,0,33025
1,1,1,1,1417,-340,1164,38,25,6,-41,-5,53,0,0,0,0,0,0,0,0,0,0,0,0,0,0,0,0,0,0,0,0,0,0,33035
1,1,1,1,1414,-364,1183,-8,28,-4,-41,-5,54,0,0,0,0,0,0,0,0,0,0,0,0,0,0,0,0,0,0,0,0,0,0,33045
1,1,1,1,1417,-341,1156,-13,27,-14,-41,-5,53,0,0,0,0,0,0,0,0,0,0,0,0,0,0,0,0,0,0,0,0,0,0,33055
1,1,1,1,1434,-337,1131,10,22,-25,-40,-6,49,0,0,0,0,0,0,0,0,0,0,0,0,0,0,0,0,0,0,0,0,0,0,33065
1,1,1,1,1452,-314,1129,21,20,-28,-42,-6,51,0,0,0,0,0,0,0,0,0,0,0,0,0,0,0,0,0,0,0,0,0,0,33075
1,1,1,1,1457,-308,1110,38,21,-25,-45,-3,54,0,0,0,0,0,0,0,0,0,0,0,0,0,0,0,0,0,0,0,0,0,0,33085
1,1,1,1,1467,-311,1101,44,25,-18,-44,-6,55,0,0,0,0,0,0,0,0,0,0,0,0,0,0,0,0,0,0,0,0,0,0,33095
1,1,1,1,1460,-318,1094,61,40,-16,-43,-3,55,0,0,0,0,0,0,0,0,0,0,0,0,0,0,0,0,0,0,0,0,0,0,33105
1,1,1,1,1431,-353,1120,33,43,-25,-42,-7,55,0,0,0,0,0,0,0,0,0,0,0,0,0,0,0,0,0,0,0,0,0,0,33115
1,1,1,1,1416,-374,1162,-36,62,-17,-41,-4,53,0,0,0,0,0,0,0,0,0,0,0,0,0,0,0,0,0,0,0,0,0,0,33125
1,1,1,1,1423,-361,1138,-78,71,-10,-41,-7,52,0,0,0,0,0,0,0,0,0,0,0,0,0,0,0,0,0,0,0,0,0,0,33135
1,1,1,1,1435,-341,1089,-85,82,-4,-42,-7,56,0,0,0,0,0,0,0,0,0,0,0,0,0,0,0,0,0,0,0,0,0,0,33145
1,1,1,1,1446,-338,1084,-92,87,2,-42,-7,56,0,0,0,0,0,0,0,0,0,0,0,0,0,0,0,0,0,0,0,0,0,0,33155
1,1,1,1,1456,-317,1062,-83,83,0,-43,-7,55,0,0,0,0,0,0,0,0,0,0,0,0,0,0,0,0,0,0,0,0,0,0,33165
1,1,1,1,1451,-305,1029,-24,71,-7,-43,-7,55,0,0,0,0,0,0,0,0,0,0,0,0,0,0,0,0,0,0,0,0,0,0,33175
1,1,1,1,1452,-323,1060,-1,62,-9,-42,-7,55,0,0,0,0,0,0,0,0,0,0,0,0,0,0,0,0,0,0,0,0,0,0,33185
1,1,1,1,1442,-333,1082,-3,49,-15,-42,-7,55,0,0,0,0,0,0,0,0,0,0,0,0,0,0,0,0,0,0,0,0,0,0,33195
1,1,1,1,1439,-322,1070,7,34,-11,-43,-6,54,0,0,0,0,0,0,0,0,0,0,0,0,0,0,0,0,0,0,0,0,0,0,33205
1,1,1,1,1428,-336,1095,-25,25,-2,-44,-7,53,0,0,0,0,0,0,0,0,0,0,0,0,0,0,0,0,0,0,0,0,0,0,33215
1,1,1,1,1421,-336,1105,-62,27,10,-44,-6,55,0,0,0,0,0,0,0,0,0,0,0,0,0,0,0,0,0,0,0,0,0,0,33225
1,1,1,1,1427,-308,1074,-40,22,17,-45,-7,55,0,0,0,0,0,0,0,0,0,0,0,0,0,0,0,0,0,0,0,0,0,0,33235
1,1,1,1,1433,-313,1063,-11,16,16,-46,-7,54,0,0,0,0,0,0,0,0,0,0,0,0,0,0,0,0,0,0,0,0,0,0,33245
1,1,1,1,1432,-342,1084,-22,10,12,-48,-6,56,0,0,0,0,0,0,0,0,0,0,0,0,0,0,0,0,0,0,0,0,0,0,33255
1,1,1,1,1424,-357,1094,-34,8,5,-46,-5,55,0,0,0,0,0,0,0,0,0,0,0,0,0,0,0,0,0,0,0,0,0,0,33265
1,1,1,1,1424,-356,1086,-26,-3,-1,-45,-6,56,0,0,0,0,0,0,0,0,0,0,0,0,0,0,0,0,0,0,0,0,0,0,33275
1,1,1,1,1438,-346,1060,-8,-13,3,-45,-6,57,0,0,0,0,0,0,0,0,0,0,0,0,0,0,0,0,0,0,0,0,0,0,33285
1,1,1,1,1446,-368,1073,-25,-8,6,-45,-6,57,0,0,0,0,0,0,0,0,0,0,0,0,0,0,0,0,0,0,0,0,0,0,33295
1,1,1,1,1455,-365,1069,-50,2,15,-46,-7,57,0,0,0,0,0,0,0,0,0,0,0,0,0,0,0,0,0,0,0,0,0,0,33305
1,1,1,1,1454,-360,1063,-47,14,29,-45,-6,58,0,0,0,0,0,0,0,0,0,0,0,0,0,0,0,0,0,0,0,0,0,0,33315
1,1,1,1,1448,-359,1058,-40,14,41,-46,-7,57,0,0,0,0,0,0,0,0,0,0,0,0,0,0,0,0,0,0,0,0,0,0,33325
1,1,1,1,1439,-355,1062,-16,11,50,-44,-7,55,0,0,0,0,0,0,0,0,0,0,0,0,0,0,0,0,0,0,0,0,0,0,33335
1,1,1,1,1430,-362,1077,4,6,52,-46,-6,59,0,0,0,0,0,0,0,0,0,0,0,0,0,0,0,0,0,0,0,0,0,0,33345
1,1,1,1,1430,-350,1097,17,3,48,-44,-7,58,0,0,0,0,0,0,0,0,0,0,0,0,0,0,0,0,0,0,0,0,0,0,33355
1,1,1,1,1428,-345,1099,20,-5,40,-44,-6,58,0,0,0,0,0,0,0,0,0,0,0,0,0,0,0,0,0,0,0,0,0,0,33365
1,1,1,1,1438,-336,1092,17,-6,35,-48,-5,59,0,0,0,0,0,0,0,0,0,0,0,0,0,0,0,0,0,0,0,0,0,0,33375
1,1,1,1,1443,-329,1093,18,-10,33,-47,-6,58,0,0,0,0,0,0,0,0,0,0,0,0,0,0,0,0,0,0,0,0,0,0,33385
1,1,1,1,1450,-323,1068,40,-8,30,-46,-9,58,0,0,0,0,0,0,0,0,0,0,0,0,0,0,0,0,0,0,0,0,0,0,33395
1,1,1,1,1452,-341,1064,38,-7,21,-46,-7,58,0,0,0,0,0,0,0,0,0,0,0,0,0,0,0,0,0,0,0,0,0,0,33405
1,1,1,1,1444,-345,1082,24,-4,15,-44,-8,60,0,0,0,0,0,0,0,0,0,0,0,0,0,0,0,0,0,0,0,0,0,0,33415
1,1,1,1,1437,-349,1092,16,-2,11,-46,-5,61,0,0,0,0,0,0,0,0,0,0,0,0,0,0,0,0,0,0,0,0,0,0,33425
1,1,1,1,1432,-348,1109,1,-2,11,-45,-6,61,0,0,0,0,0,0,0,0,0,0,0,0,0,0,0,0,0,0,0,0,0,0,33435
1,1,1,1,1428,-363,1116,-33,0,11,-42,-8,58,0,0,0,0,0,0,0,0,0,0,0,0,0,0,0,0,0,0,0,0,0,0,33445
1,1,1,1,1442,-348,1113,-61,6,13,-46,-7,57,0,0,0,0,0,0,0,0,0,0,0,0,0,0,0,0,0,0,0,0,0,0,33455
1,1,1,1,1450,-334,1086,-52,5,12,-47,-7,57,0,0,0,0,0,0,0,0,0,0,0,0,0,0,0,0,0,0,0,0,0,0,33465
1,1,1,1,1450,-324,1083,-30,1,13,-45,-8,61,0,0,0,0,0,0,0,0,0,0,0,0,0,0,0,0,0,0,0,0,0,0,33475
1,1,1,1,1446,-322,1089,1,6,19,-45,-8,59,0,0,0,0,0,0,0,0,0,0,0,0,0,0,0,0,0,0,0,0,0,0,33485
1,1,1,1,1447,-338,1083,11,6,18,-44,-8,59,0,0,0,0,0,0,0,0,0,0,0,0,0,0,0,0,0,0,0,0,0,0,33495
1,1,1,1,1449,-346,1088,10,-5,11,-43,-8,58,0,0,0,0,0,0,0,0,0,0,0,0,0,0,0,0,0,0,0,0,0,0,33505
1,1,1,1,1444,-357,1094,7,0,11,-43,-9,55,0,0,0,0,0,0,0,0,0,0,0,0,0,0,0,0,0,0,0,0,0,0,33515
1,1,1,1,1436,-358,1118,-12,5,12,-42,-8,57,0,0,0,0,0,0,0,0,0,0,0,0,0,0,0,0,0,0,0,0,0,0,33525
1,1,1,1,1428,-349,1109,-15,3,13,-42,-9,59,0,0,0,0,0,0,0,0,0,0,0,0,0,0,0,0,0,0,0,0,0,0,33535
1,1,1,1,1432,-361,1105,-13,5,10,-45,-9,56,0,0,0,0,0,0,0,0,0,0,0,0,0,0,0,0,0,0,0,0,0,0,33545
1,1,1,1,1449,-348,1104,-24,8,9,-46,-8,57,0,0,0,0,0,0,0,0,0,0,0,0,0,0,0,0,0,0,0,0,0,0,33555
1,1,1,1,1448,-343,1104,-26,8,9,-44,-9,56,0,0,0,0,0,0,0,0,0,0,0,0,0,0,0,0,0,0,0,0,0,0,33565
1,1,1,1,1449,-343,1099,-13,19,8,-43,-9,54,0,0,0,0,0,0,0,0,0,0,0,0,0,0,0,0,0,0,0,0,0,0,33575
1,1,1,1,1453,-348,1115,-33,19,8,-45,-9,57,0,0,0,0,0,0,0,0,0,0,0,0,0,0,0,0,0,0,0,0,0,0,33585
1,1,1,1,1452,-343,1109,-45,26,10,-43,-10,56,0,0,0,0,0,0,0,0,0,0,0,0,0,0,0,0,0,0,0,0,0,0,33595
1,1,1,1,1449,-344,1093,-34,36,9,-42,-9,55,0,0,0,0,0,0,0,0,0,0,0,0,0,0,0,0,0,0,0,0,0,0,33605
1,1,1,1,1439,-351,1090,-13,28,6,-43,-10,58,0,0,0,0,0,0,0,0,0,0,0,0,0,0,0,0,0,0,0,0,0,0,33615
1,1,1,1,1434,-359,1090,14,16,4,-43,-10,57,0,0,0,0,0,0,0,0,0,0,0,0,0,0,0,0,0,0,0,0,0,0,33625
1,1,1,1,1432,-379,1110,4,15,3,-43,-9,56,0,0,0,0,0,0,0,0,0,0,0,0,0,0,0,0,0,0,0,0,0,0,33635
1,1,1,1,1430,-370,1117,-18,14,6,-44,-10,56,0,0,0,0,0,0,0,0,0,0,0,0,0,0,0,0,0,0,0,0,0,0,33645
1,1,1,1,1423,-363,1122,-29,11,6,-43,-11,54,0,0,0,0,0,0,0,0,0,0,0,0,0,0,0,0,0,0,0,0,0,0,33655
1,1,1,1,1417,-355,1122,-29,18,6,-42,-11,54,0,0,0,0,0,0,0,0,0,0,0,0,0,0,0,0,0,0,0,0,0,0,33665
1,1,1,1,1426,-349,1101,-20,21,2,-46,-8,56,0,0,0,0,0,0,0,0,0,0,0,0,0,0,0,0,0,0,0,0,0,0,33675
1,1,1,1,1437,-356,1104,-35,23,-3,-44,-9,55,0,0,0,0,0,0,0,0,0,0,0,0,0,0,0,0,0,0,0,0,0,0,33685
1,1,1,1,1435,-362,1110,-53,31,-6,-45,-9,55,0,0,0,0,0,0,0,0,0,0,0,0,0,0,0,0,0,0,0,0,0,0,33695
1,1,1,1,1426,-360,1094,-46,36,-6,-44,-11,56,0,0,0,0,0,0,0,0,0,0,0,0,0,0,0,0,0,0,0,0,0,0,33705
1,1,1,1,1428,-367,1096,-34,33,-4,-43,-10,56,0,0,0,0,0,0,0,0,0,0,0,0,0,0,0,0,0,0,0,0,0,0,33715
1,1,1,1,1423,-371,1085,-22,29,1,-41,-12,57,0,0,0,0,0,0,0,0,0,0,0,0,0,0,0,0,0,0,0,0,0,0,33725
1,1,1,1,1423,-379,1085,-13,16,5,-43,-11,57,0,0,0,0,0,0,0,0,0,0,0,0,0,0,0,0,0,0,0,0,0,0,33735
1,1,1,1,1422,-381,1102,-12,12,12,-41,-10,56,0,0,0,0,0,0,0,0,0,0,0,0,0,0,0,0,0,0,0,0,0,0,33745
1,1,1,1,1412,-387,1101,-17,9,20,-42,-10,57,0,0,0,0,0,0,0,0,0,0,0,0,0,0,0,0,0,0,0,0,0,0,33755
1,1,1,1,1424,-368,1097,-16,-1,23,-42,-11,56,0,0,0,0,0,0,0,0,0,0,0,0,0,0,0,0,0,0,0,0,0,0,33765
1,1,1,1,1416,-365,1083,1,-11,21,-44,-9,57,0,0,0,0,0,0,0,0,0,0,0,0,0,0,0,0,0,0,0,0,0,0,33775
1,1,1,1,1427,-357,1090,13,-8,20,-45,-9,55,0,0,0,0,0,0,0,0,0,0,0,0,0,0,0,0,0,0,0,0,0,0,33785
1,1,1,1,1426,-372,1109,-6,-5,16,-43,-9,56,0,0,0,0,0,0,0,0,0,0,0,0,0,0,0,0,0,0,0,0,0,0,33795
1,1,1,1,1422,-366,1113,-20,0,12,-43,-9,56,0,0,0,0,0,0,0,0,0,0,0,0,0,0,0,0,0,0,0,0,0,0,33805
1,1,1,1,1422,-370,1108,-27,6,9,-43,-9,55,0,0,0,0,0,0,0,0,0,0,0,0,0,0,0,0,0,0,0,0,0,0,33815
1,1,1,1,1421,-377,1117,-43,12,10,-41,-9,52,0,0,0,0,0,0,0,0,0,0,0,0,0,0,0,0,0,0,0,0,0,0,33825
1,1,1,1,1420,-374,1110,-46,13,14,-43,-9,53,0,0,0,0,0,0,0,0,0,0,0,0,0,0,0,0,0,0,0,0,0,0,33835
1,1,1,1,1417,-359,1092,-18,5,18,-44,-9,57,0,0,0,0,0,0,0,0,0,0,0,0,0,0,0,0,0,0,0,0,0,0,33845
1,1,1,1,1415,-375,1096,4,0,22,-47,-8,55,0,0,0,0,0,0,0,0,0,0,0,0,0,0,0,0,0,0,0,0,0,0,33855
1,1,1,1,1419,-380,1098,6,-2,23,-43,-9,54,0,0,0,0,0,0,0,0,0,0,0,0,0,0,0,0,0,0,0,0,0,0,33865
1,1,1,1,1422,-375,1095,-2,-2,22,-43,-9,55,0,0,0,0,0,0,0,0,0,0,0,0,0,0,0,0,0,0,0,0,0,0,33875
1,1,1,1,1424,-372,1102,-8,1,20,-42,-9,56,0,0,0,0,0,0,0,0,0,0,0,0,0,0,0,0,0,0,0,0,0,0,33885
1,1,1,1,1420,-363,1090,-6,-4,18,-43,-9,57,0,0,0,0,0,0,0,0,0,0,0,0,0,0,0,0,0,0,0,0,0,0,33895
1,1,1,1,1430,-361,1087,2,-5,12,-41,-9,57,0,0,0,0,0,0,0,0,0,0,0,0,0,0,0,0,0,0,0,0,0,0,33905
1,1,1,1,1422,-372,1106,-3,-4,8,-41,-10,57,0,0,0,0,0,0,0,0,0,0,0,0,0,0,0,0,0,0,0,0,0,0,33915
1,1,1,1,1417,-377,1111,-5,8,9,-43,-8,57,0,0,0,0,0,0,0,0,0,0,0,0,0,0,0,0,0,0,0,0,0,0,33925
1,1,1,1,1417,-371,1114,-5,6,12,-42,-10,54,0,0,0,0,0,0,0,0,0,0,0,0,0,0,0,0,0,0,0,0,0,0,33935
1,1,1,1,1419,-366,1115,-13,3,11,-45,-8,57,0,0,0,0,0,0,0,0,0,0,0,0,0,0,0,0,0,0,0,0,0,0,33945
1,1,1,1,1416,-372,1117,-5,13,12,-45,-7,54,0,0,0,0,0,0,0,0,0,0,0,0,0,0,0,0,0,0,0,0,0,0,33955
1,1,1,1,1416,-379,1112,-8,11,3,-45,-8,58,0,0,0,0,0,0,0,0,0,0,0,0,0,0,0,0,0,0,0,0,0,0,33965
1,1,1,1,1415,-376,1123,-16,21,0,-43,-10,54,0,0,0,0,0,0,0,0,0,0,0,0,0,0,0,0,0,0,0,0,0,0,33975
1,1,1,1,1423,-366,1112,-12,30,-2,-44,-9,54,0,0,0,0,0,0,0,0,0,0,0,0,0,0,0,0,0,0,0,0,0,0,33985
1,1,1,1,1431,-366,1095,-12,22,-7,-48,-6,56,0,0,0,0,0,0,0,0,0,0,0,0,0,0,0,0,0,0,0,0,0,0,33995
1,1,1,1,1429,-365,1095,-7,14,-8,-47,-7,55,0,0,0,0,0,0,0,0,0,0,0,0,0,0,0,0,0,0,0,0,0,0,34005
1,1,1,1,1426,-364,1097,20,3,-7,-45,-9,56,0,0,0,0,0,0,0,0,0,0,0,0,0,0,0,0,0,0,0,0,0,0,34015
1,1,1,1,1421,-369,1105,21,8,0,-43,-8,54,0,0,0,0,0,0,0,0,0,0,0,0,0,0,0,0,0,0,0,0,0,0,34025
1,1,1,1,1408,-379,1128,-3,13,3,-42,-8,56,0,0,0,0,0,0,0,0,0,0,0,0,0,0,0,0,0,0,0,0,0,0,34035
1,1,1,1,1407,-380,1129,-11,12,3,-42,-7,55,0,0,0,0,0,0,0,0,0,0,0,0,0,0,0,0,0,0,0,0,0,0,34045
1,1,1,1,1405,-381,1136,-27,17,1,-43,-8,55,0,0,0,0,0,0,0,0,0,0,0,0,0,0,0,0,0,0,0,0,0,0,34055
1,1,1,1,1411,-372,1131,-45,19,-1,-42,-8,55,0,0,0,0,0,0,0,0,0,0,0,0,0,0,0,0,0,0,0,0,0,0,34065
1,1,1,1,1421,-351,1105,-39,19,-12,-44,-8,55,0,0,0,0,0,0,0,0,0,0,0,0,0,0,0,0,0,0,0,0,0,0,34075
1,1,1,1,1435,-364,1111,-48,25,-22,-44,-9,52,0,0,0,0,0,0,0,0,0,0,0,0,0,0,0,0,0,0,0,0,0,0,34085
1,1,1,1,1435,-356,1117,-68,38,-23,-42,-8,52,0,0,0,0,0,0,0,0,0,0,0,0,0,0,0,0,0,0,0,0,0,0,34095
1,1,1,1,1427,-344,1081,-28,29,-22,-42,-8,54,0,0,0,0,0,0,0,0,0,0,0,0,0,0,0,0,0,0,0,0,0,0,34105
1,1,1,1,1428,-359,1103,-6,21,-24,-43,-8,51,0,0,0,0,0,0,0,0,0,0,0,0,0,0,0,0,0,0,0,0,0,0,34115
1,1,1,1,1411,-392,1138,-35,20,-18,-40,-8,54,0,0,0,0,0,0,0,0,0,0,0,0,0,0,0,0,0,0,0,0,0,0,34125
1,1,1,1,1411,-378,1112,-36,13,-12,-41,-8,51,0,0,0,0,0,0,0,0,0,0,0,0,0,0,0,0,0,0,0,0,0,0,34135
1,1,1,1,1424,-369,1080,-13,-7,-12,-45,-7,50,0,0,0,0,0,0,0,0,0,0,0,0,0,0,0,0,0,0,0,0,0,0,34145
1,1,1,1,1420,-389,1111,-28,3,-7,-44,-7,53,0,0,0,0,0,0,0,0,0,0,0,0,0,0,0,0,0,0,0,0,0,0,34155
1,1,1,1,1422,-375,1112,-48,5,1,-43,-8,53,0,0,0,0,0,0,0,0,0,0,0,0,0,0,0,0,0,0,0,0,0,0,34165
1,1,1,1,1421,-361,1093,-34,6,-4,-43,-7,51,0,0,0,0,0,0,0,0,0,0,0,0,0,0,0,0,0,0,0,0,0,0,34175
1,1,1,1,1420,-357,1102,-19,13,-7,-43,-7,54,0,0,0,0,0,0,0,0,0,0,0,0,0,0,0,0,0,0,0,0,0,0,34185
1,1,1,1,1409,-361,1127,-27,15,-12,-41,-7,51,0,0,0,0,0,0,0,0,0,0,0,0,0,0,0,0,0,0,0,0,0,0,34195
1,1,1,1,1417,-344,1126,-21,19,-16,-41,-8,53,0,0,0,0,0,0,0,0,0,0,0,0,0,0,0,0,0,0,0,0,0,0,34205
1,1,1,1,1412,-371,1129,-7,18,-23,-42,-7,54,0,0,0,0,0,0,0,0,0,0,0,0,0,0,0,0,0,0,0,0,0,0,34215
1,1,1,1,1412,-392,1153,-35,27,-26,-43,-8,52,0,0,0,0,0,0,0,0,0,0,0,0,0,0,0,0,0,0,0,0,0,0,34225
1,1,1,1,1411,-393,1147,-77,33,-30,-44,-6,49,0,0,0,0,0,0,0,0,0,0,0,0,0,0,0,0,0,0,0,0,0,0,34235
1,1,1,1,1414,-375,1134,-86,28,-26,-40,-12,51,0,0,0,0,0,0,0,0,0,0,0,0,0,0,0,0,0,0,0,0,0,0,34245
1,1,1,1,1419,-373,1102,-62,28,-24,-45,-5,50,0,0,0,0,0,0,0,0,0,0,0,0,0,0,0,0,0,0,0,0,0,0,34255
1,1,1,1,1429,-374,1107,-75,22,-21,-44,-5,52,0,0,0,0,0,0,0,0,0,0,0,0,0,0,0,0,0,0,0,0,0,0,34265
1,1,1,1,1423,-368,1108,-63,25,-16,-41,-8,51,0,0,0,0,0,0,0,0,0,0,0,0,0,0,0,0,0,0,0,0,0,0,34275
1,1,1,1,1423,-347,1100,-5,9,-12,-44,-5,54,0,0,0,0,0,0,0,0,0,0,0,0,0,0,0,0,0,0,0,0,0,0,34285
1,1,1,1,1409,-380,1105,13,-2,-11,-42,-6,53,0,0,0,0,0,0,0,0,0,0,0,0,0,0,0,0,0,0,0,0,0,0,34295
1,1,1,1,1403,-392,1138,-2,0,-13,-42,-6,52,0,0,0,0,0,0,0,0,0,0,0,0,0,0,0,0,0,0,0,0,0,0,34305
1,1,1,1,1403,-387,1131,-24,11,-16,-41,-6,52,0,0,0,0,0,0,0,0,0,0,0,0,0,0,0,0,0,0,0,0,0,0,34315
1,1,1,1,1399,-387,1141,-47,12,-19,-40,-7,51,0,0,0,0,0,0,0,0,0,0,0,0,0,0,0,0,0,0,0,0,0,0,34325
1,1,1,1,1395,-375,1124,-58,14,-26,-39,-7,52,0,0,0,0,0,0,0,0,0,0,0,0,0,0,0,0,0,0,0,0,0,0,34335
1,1,1,1,1403,-391,1139,-105,35,-35,-39,-6,51,0,0,0,0,0,0,0,0,0,0,0,0,0,0,0,0,0,0,0,0,0,0,34345
1,1,1,1,1405,-392,1151,-144,56,-33,-39,-5,49,0,0,0,0,0,0,0,0,0,0,0,0,0,0,0,0,0,0,0,0,0,0,34355
1,1,1,1,1411,-363,1149,-167,71,-32,-40,-5,50,0,0,0,0,0,0,0,0,0,0,0,0,0,0,0,0,0,0,0,0,0,0,34365
1,1,1,1,1403,-367,1148,-163,71,-29,-40,-5,47,0,0,0,0,0,0,0,0,0,0,0,0,0,0,0,0,0,0,0,0,0,0,34375
1,1,1,1,1388,-399,1143,-166,72,-29,-40,-6,44,0,0,0,0,0,0,0,0,0,0,0,0,0,0,0,0,0,0,0,0,0,0,34385
1,1,1,1,1395,-416,1157,-202,89,-22,-40,-5,44,0,0,0,0,0,0,0,0,0,0,0,0,0,0,0,0,0,0,0,0,0,0,34395
1,1,1,1,1388,-407,1130,-200,97,-21,-38,-6,45,0,0,0,0,0,0,0,0,0,0,0,0,0,0,0,0,0,0,0,0,0,0,34405
1,1,1,1,1396,-420,1133,-221,110,-21,-37,-6,41,0,0,0,0,0,0,0,0,0,0,0,0,0,0,0,0,0,0,0,0,0,0,34415
1,1,1,1,1401,-406,1163,-281,127,-23,-38,-4,39,0,0,0,0,0,0,0,0,0,0,0,0,0,0,0,0,0,0,0,0,0,0,34425
1,1,1,1,1391,-412,1162,-310,122,-31,-36,-3,39,0,0,0,0,0,0,0,0,0,0,0,0,0,0,0,0,0,0,0,0,0,0,34435
1,1,1,1,1395,-408,1171,-361,140,-39,-35,-2,37,0,0,0,0,0,0,0,0,0,0,0,0,0,0,0,0,0,0,0,0,0,0,34445
1,1,1,1,1391,-414,1223,-434,149,-51,-34,-2,35,0,0,0,0,0,0,0,0,0,0,0,0,0,0,0,0,0,0,0,0,0,0,34455
1,1,1,1,1391,-366,1185,-390,143,-59,-32,-1,35,0,0,0,0,0,0,0,0,0,0,0,0,0,0,0,0,0,0,0,0,0,0,34465
1,1,1,1,1387,-375,1128,-280,117,-69,-32,0,35,0,0,0,0,0,0,0,0,0,0,0,0,0,0,0,0,0,0,0,0,0,0,34475
1,1,1,1,1393,-400,1135,-199,101,-66,-30,0,33,0,0,0,0,0,0,0,0,0,0,0,0,0,0,0,0,0,0,0,0,0,0,34485
1,1,1,1,1363,-482,1128,-190,102,-77,-32,1,35,0,0,0,0,0,0,0,0,0,0,0,0,0,0,0,0,0,0,0,0,0,0,34495
1,1,1,1,1340,-575,1118,-212,117,-134,-30,5,40,0,0,0,0,0,0,0,0,0,0,0,0,0,0,0,0,0,0,0,0,0,0,34505
1,1,1,1,1300,-640,1163,-257,110,-235,-31,6,35,0,0,0,0,0,0,0,0,0,0,0,0,0,0,0,0,0,0,0,0,0,0,34515
1,1,1,1,1283,-483,1107,-365,167,-170,-29,9,36,0,0,0,0,0,0,0,0,0,0,0,0,0,0,0,0,0,0,0,0,0,0,34525
1,1,1,1,1315,-529,1153,-440,214,-153,-29,11,39,0,0,0,0,0,0,0,0,0,0,0,0,0,0,0,0,0,0,0,0,0,0,34535
1,1,1,1,1282,-544,1159,-500,231,-210,-31,14,38,0,0,0,0,0,0,0,0,0,0,0,0,0,0,0,0,0,0,0,0,0,0,34545
1,1,1,1,1229,-560,1087,-576,335,-257,-27,15,39,0,0,0,0,0,0,0,0,0,0,0,0,0,0,0,0,0,0,0,0,0,0,34555
1,1,1,1,1188,-542,963,-580,515,-314,-18,31,41,0,0,0,0,0,0,0,0,0,0,0,0,0,0,0,0,0,0,0,0,0,0,34565
1,1,1,1,1315,-444,1193,-399,429,-360,-11,27,40,0,0,0,0,0,0,0,0,0,0,0,0,0,0,0,0,0,0,0,0,0,0,34575
1,1,1,1,1392,-405,1389,-189,162,-359,-10,29,40,0,0,0,0,0,0,0,0,0,0,0,0,0,0,0,0,0,0,0,0,0,0,34585
1,1,1,1,1375,-304,1226,-97,56,-227,-10,28,39,0,0,0,0,0,0,0,0,0,0,0,0,0,0,0,0,0,0,0,0,0,0,34595
1,1,1,1,1421,-363,1173,-109,48,-124,-12,31,44,0,0,0,0,0,0,0,0,0,0,0,0,0,0,0,0,0,0,0,0,0,0,34605
1,1,1,1,1426,-456,1183,-150,38,-104,-11,32,38,0,0,0,0,0,0,0,0,0,0,0,0,0,0,0,0,0,0,0,0,0,0,34615
1,1,1,1,1425,-458,1147,-208,67,-106,-9,29,37,0,0,0,0,0,0,0,0,0,0,0,0,0,0,0,0,0,0,0,0,0,0,34625
1,1,1,1,1439,-432,1152,-329,136,-85,-9,27,36,0,0,0,0,0,0,0,0,0,0,0,0,0,0,0,0,0,0,0,0,0,0,34635
1,1,1,1,1428,-445,1218,-397,164,-68,-7,29,37,0,0,0,0,0,0,0,0,0,0,0,0,0,0,0,0,0,0,0,0,0,0,34645
1,1,1,1,1409,-456,1235,-389,144,-81,-8,28,36,0,0,0,0,0,0,0,0,0,0,0,0,0,0,0,0,0,0,0,0,0,0,34655
1,1,1,1,1396,-408,1195,-256,106,-97,-6,27,34,0,0,0,0,0,0,0,0,0,0,0,0,0,0,0,0,0,0,0,0,0,0,34665
1,1,1,1,1424,-350,1198,-82,44,-38,-7,28,34,0,0,0,0,0,0,0,0,0,0,0,0,0,0,0,0,0,0,0,0,0,0,34675
1,1,1,1,1456,-350,1248,15,-40,46,-8,27,32,0,0,0,0,0,0,0,0,0,0,0,0,0,0,0,0,0,0,0,0,0,0,34685
1,1,1,1,1446,-438,1240,56,-110,104,-8,26,31,0,0,0,0,0,0,0,0,0,0,0,0,0,0,0,0,0,0,0,0,0,0,34695
1,1,1,1,1396,-523,1180,44,-102,94,-6,26,31,0,0,0,0,0,0,0,0,0,0,0,0,0,0,0,0,0,0,0,0,0,0,34705
1,1,1,1,1339,-586,1080,-31,9,19,-7,25,30,0,0,0,0,0,0,0,0,0,0,0,0,0,0,0,0,0,0,0,0,0,0,34715
1,1,1,1,1315,-566,1001,-115,183,-61,-6,25,30,0,0,0,0,0,0,0,0,0,0,0,0,0,0,0,0,0,0,0,0,0,0,34725
1,1,1,1,1326,-555,1047,-159,301,-101,-7,25,30,0,0,0,0,0,0,0,0,0,0,0,0,0,0,0,0,0,0,0,0,0,0,34735
1,1,1,1,1324,-571,1143,-202,348,-135,-8,26,31,0,0,0,0,0,0,0,0,0,0,0,0,0,0,0,0,0,0,0,0,0,0,34745
1,1,1,1,1258,-548,1126,-209,376,-161,-7,24,32,0,0,0,0,0,0,0,0,0,0,0,0,0,0,0,0,0,0,0,0,0,0,34755
1,1,1,1,1211,-551,1101,-183,425,-175,-8,24,32,0,0,0,0,0,0,0,0,0,0,0,0,0,0,0,0,0,0,0,0,0,0,34765
1,1,1,1,1208,-546,1124,-115,447,-214,-7,25,35,0,0,0,0,0,0,0,0,0,0,0,0,0,0,0,0,0,0,0,0,0,0,34775
1,1,1,1,1214,-536,1173,-58,436,-231,-7,26,32,0,0,0,0,0,0,0,0,0,0,0,0,0,0,0,0,0,0,0,0,0,0,34785
1,1,1,1,1225,-556,1251,-55,400,-235,-5,24,32,0,0,0,0,0,0,0,0,0,0,0,0,0,0,0,0,0,0,0,0,0,0,34795
1,1,1,1,1246,-553,1303,-51,325,-253,-6,25,31,0,0,0,0,0,0,0,0,0,0,0,0,0,0,0,0,0,0,0,0,0,0,34805
1,1,1,1,1251,-559,1345,-85,253,-253,-6,24,30,0,0,0,0,0,0,0,0,0,0,0,0,0,0,0,0,0,0,0,0,0,0,34815
1,1,1,1,1260,-574,1332,-191,236,-257,-6,24,32,0,0,0,0,0,0,0,0,0,0,0,0,0,0,0,0,0,0,0,0,0,0,34825
1,1,1,1,1246,-551,1275,-259,268,-280,-9,24,32,0,0,0,0,0,0,0,0,0,0,0,0,0,0,0,0,0,0,0,0,0,0,34835
1,1,1,1,1253,-542,1266,-277,299,-312,-8,20,29,0,0,0,0,0,0,0,0,0,0,0,0,0,0,0,0,0,0,0,0,0,0,34845
1,1,1,1,1284,-450,1298,-246,277,-316,-6,23,28,0,0,0,0,0,0,0,0,0,0,0,0,0,0,0,0,0,0,0,0,0,0,34855
1,1,1,1,1319,-378,1277,-166,252,-289,-5,21,27,0,0,0,0,0,0,0,0,0,0,0,0,0,0,0,0,0,0,0,0,0,0,34865
1,1,1,1,1350,-373,1301,-126,221,-259,-8,26,31,0,0,0,0,0,0,0,0,0,0,0,0,0,0,0,0,0,0,0,0,0,0,34875
1,1,1,1,1355,-376,1281,-96,199,-228,-9,27,31,0,0,0,0,0,0,0,0,0,0,0,0,0,0,0,0,0,0,0,0,0,0,34885
1,1,1,1,1366,-377,1249,-87,226,-195,-9,26,32,0,0,0,0,0,0,0,0,0,0,0,0,0,0,0,0,0,0,0,0,0,0,34895
1,1,1,1,1363,-411,1280,-154,256,-159,-10,26,32,0,0,0,0,0,0,0,0,0,0,0,0,0,0,0,0,0,0,0,0,0,0,34905
1,1,1,1,1354,-482,1318,-233,270,-172,-8,23,29,0,0,0,0,0,0,0,0,0,0,0,0,0,0,0,0,0,0,0,0,0,0,34915
1,1,1,1,1305,-543,1322,-319,283,-227,-9,23,30,0,0,0,0,0,0,0,0,0,0,0,0,0,0,0,0,0,0,0,0,0,0,34925
1,1,1,1,1227,-572,1280,-440,358,-297,-8,23,33,0,0,0,0,0,0,0,0,0,0,0,0,0,0,0,0,0,0,0,0,0,0,34935
1,1,1,1,1153,-552,1181,-517,492,-365,-6,22,32,0,0,0,0,0,0,0,0,0,0,0,0,0,0,0,0,0,0,0,0,0,0,34945
1,1,1,1,1097,-567,1157,-543,595,-409,-6,22,34,0,0,0,0,0,0,0,0,0,0,0,0,0,0,0,0,0,0,0,0,0,0,34955
1,1,1,1,1096,-584,1191,-526,674,-479,-8,21,31,0,0,0,0,0,0,0,0,0,0,0,0,0,0,0,0,0,0,0,0,0,0,34965
1,1,1,1,1133,-453,1312,-504,659,-445,-7,22,28,0,0,0,0,0,0,0,0,0,0,0,0,0,0,0,0,0,0,0,0,0,0,34975
1,1,1,1,1242,-295,1406,-374,510,-319,-6,22,23,0,0,0,0,0,0,0,0,0,0,0,0,0,0,0,0,0,0,0,0,0,0,34985
1,1,1,1,1263,-273,1465,-217,312,-178,-6,20,22,0,0,0,0,0,0,0,0,0,0,0,0,0,0,0,0,0,0,0,0,0,0,34995
1,1,1,1,1276,-311,1511,-193,155,-49,-5,20,18,0,0,0,0,0,0,0,0,0,0,0,0,0,0,0,0,0,0,0,0,0,0,35005
1,1,1,1,1222,-396,1487,-271,66,10,-6,19,16,0,0,0,0,0,0,0,0,0,0,0,0,0,0,0,0,0,0,0,0,0,0,35015
1,1,1,1,1186,-438,1411,-381,66,28,-8,19,16,0,0,0,0,0,0,0,0,0,0,0,0,0,0,0,0,0,0,0,0,0,0,35025
1,1,1,1,1136,-541,1389,-477,87,-3,-6,18,16,0,0,0,0,0,0,0,0,0,0,0,0,0,0,0,0,0,0,0,0,0,0,35035
1,1,1,1,1113,-560,1316,-486,97,-95,-6,18,15,0,0,0,0,0,0,0,0,0,0,0,0,0,0,0,0,0,0,0,0,0,0,35045
1,1,1,1,1108,-533,1236,-476,153,-146,-6,18,15,0,0,0,0,0,0,0,0,0,0,0,0,0,0,0,0,0,0,0,0,0,0,35055
1,1,1,1,1121,-505,1224,-464,218,-139,-6,18,14,0,0,0,0,0,0,0,0,0,0,0,0,0,0,0,0,0,0,0,0,0,0,35065
1,1,1,1,1143,-508,1253,-392,228,-101,-6,19,14,0,0,0,0,0,0,0,0,0,0,0,0,0,0,0,0,0,0,0,0,0,0,35075
1,1,1,1,1160,-580,1343,-361,181,-77,-5,19,12,0,0,0,0,0,0,0,0,0,0,0,0,0,0,0,0,0,0,0,0,0,0,35085
1,1,1,1,1139,-654,1379,-388,141,-81,-7,17,12,0,0,0,0,0,0,0,0,0,0,0,0,0,0,0,0,0,0,0,0,0,0,35095
1,1,1,1,1111,-731,1348,-473,143,-108,-6,16,13,0,0,0,0,0,0,0,0,0,0,0,0,0,0,0,0,0,0,0,0,0,0,35105
1,1,1,1,1123,-836,1427,-728,204,-170,-9,15,7,0,0,0,0,0,0,0,0,0,0,0,0,0,0,0,0,0,0,0,0,0,0,35115
1,1,1,1,1141,-857,1525,-1022,227,-261,-9,12,3,0,0,0,0,0,0,0,0,0,0,0,0,0,0,0,0,0,0,0,0,0,0,35125
1,1,1,1,1125,-800,1558,-1261,194,-348,-12,14,4,0,0,0,0,0,0,0,0,0,0,0,0,0,0,0,0,0,0,0,0,0,0,35135
1,1,1,1,1117,-644,1460,-1293,147,-440,-5,6,-4,0,0,0,0,0,0,0,0,0,0,0,0,0,0,0,0,0,0,0,0,0,0,35145
1,1,1,1,1142,-491,1306,-1140,131,-470,-8,10,-14,0,0,0,0,0,0,0,0,0,0,0,0,0,0,0,0,0,0,0,0,0,0,35155
1,1,1,1,1163,-412,1213,-972,173,-399,-3,4,-14,0,0,0,0,0,0,0,0,0,0,0,0,0,0,0,0,0,0,0,0,0,0,35165
1,1,1,1,1163,-472,1175,-814,224,-322,-7,10,-8,0,0,0,0,0,0,0,0,0,0,0,0,0,0,0,0,0,0,0,0,0,0,35175
1,1,1,1,1164,-685,1269,-798,272,-290,-6,6,-14,0,0,0,0,0,0,0,0,0,0,0,0,0,0,0,0,0,0,0,0,0,0,35185
1,1,1,1,1153,-823,1347,-910,284,-337,-6,5,-19,0,0,0,0,0,0,0,0,0,0,0,0,0,0,0,0,0,0,0,0,0,0,35195
1,1,1,1,1180,-747,1323,-1041,315,-370,-5,4,-18,0,0,0,0,0,0,0,0,0,0,0,0,0,0,0,0,0,0,0,0,0,0,35205
1,1,1,1,1165,-686,1310,-1163,362,-323,-1,3,-19,0,0,0,0,0,0,0,0,0,0,0,0,0,0,0,0,0,0,0,0,0,0,35215
1,1,1,1,1128,-713,1324,-1143,353,-278,-1,3,-18,0,0,0,0,0,0,0,0,0,0,0,0,0,0,0,0,0,0,0,0,0,0,35225
1,1,1,1,1093,-799,1315,-1051,300,-285,2,1,-19,0,0,0,0,0,0,0,0,0,0,0,0,0,0,0,0,0,0,0,0,0,0,35235
1,1,1,1,1058,-827,1272,-914,207,-322,4,-2,-24,0,0,0,0,0,0,0,0,0,0,0,0,0,0,0,0,0,0,0,0,0,0,35245
1,1,1,1,1042,-804,1194,-770,175,-338,4,-2,-28,0,0,0,0,0,0,0,0,0,0,0,0,0,0,0,0,0,0,0,0,0,0,35255
1,1,1,1,1058,-694,1126,-551,188,-294,5,-3,-24,0,0,0,0,0,0,0,0,0,0,0,0,0,0,0,0,0,0,0,0,0,0,35265
1,1,1,1,1065,-695,1192,-393,213,-207,7,-2,-24,0,0,0,0,0,0,0,0,0,0,0,0,0,0,0,0,0,0,0,0,0,0,35275
1,1,1,1,1028,-849,1319,-376,207,-166,5,-1,-29,0,0,0,0,0,0,0,0,0,0,0,0,0,0,0,0,0,0,0,0,0,0,35285
1,1,1,1,1034,-872,1368,-449,200,-180,5,1,-19,0,0,0,0,0,0,0,0,0,0,0,0,0,0,0,0,0,0,0,0,0,0,35295
1,1,1,1,1037,-797,1381,-512,181,-150,7,2,-25,0,0,0,0,0,0,0,0,0,0,0,0,0,0,0,0,0,0,0,0,0,0,35305
1,1,1,1,997,-812,1386,-503,138,-84,11,4,-23,0,0,0,0,0,0,0,0,0,0,0,0,0,0,0,0,0,0,0,0,0,0,35315
1,1,1,1,991,-810,1325,-367,57,-57,9,4,-23,0,0,0,0,0,0,0,0,0,0,0,0,0,0,0,0,0,0,0,0,0,0,35325
1,1,1,1,973,-825,1283,-201,7,-29,9,6,-23,0,0,0,0,0,0,0,0,0,0,0,0,0,0,0,0,0,0,0,0,0,0,35335
1,1,1,1,946,-926,1309,-140,1,-6,7,6,-19,0,0,0,0,0,0,0,0,0,0,0,0,0,0,0,0,0,0,0,0,0,0,35345
1,1,1,1,960,-920,1289,-82,-20,-2,7,5,-19,0,0,0,0,0,0,0,0,0,0,0,0,0,0,0,0,0,0,0,0,0,0,35355
1,1,1,1,984,-886,1299,-40,-35,26,7,5,-19,0,0,0,0,0,0,0,0,0,0,0,0,0,0,0,0,0,0,0,0,0,0,35365
1,1,1,1,1009,-876,1330,-104,-32,66,3,6,-19,0,0,0,0,0,0,0,0,0,0,0,0,0,0,0,0,0,0,0,0,0,0,35375
1,1,1,1,996,-943,1390,-276,-4,97,2,8,-19,0,0,0,0,0,0,0,0,0,0,0,0,0,0,0,0,0,0,0,0,0,0,35385
1,1,1,1,970,-982,1468,-447,5,82,2,8,-19,0,0,0,0,0,0,0,0,0,0,0,0,0,0,0,0,0,0,0,0,0,0,35395
1,1,1,1,996,-883,1461,-534,13,65,1,10,-19,0,0,0,0,0,0,0,0,0,0,0,0,0,0,0,0,0,0,0,0,0,0,35405
1,1,1,1,999,-858,1454,-672,60,82,0,12,-11,0,0,0,0,0,0,0,0,0,0,0,0,0,0,0,0,0,0,0,0,0,0,35415
1,1,1,1,974,-940,1467,-829,115,83,2,14,-8,0,0,0,0,0,0,0,0,0,0,0,0,0,0,0,0,0,0,0,0,0,0,35425
1,1,1,1,990,-876,1404,-787,118,40,0,15,-5,0,0,0,0,0,0,0,0,0,0,0,0,0,0,0,0,0,0,0,0,0,0,35435
1,1,1,1,1059,-785,1297,-556,95,30,-1,16,2,0,0,0,0,0,0,0,0,0,0,0,0,0,0,0,0,0,0,0,0,0,0,35445
1,1,1,1,1059,-912,1302,-478,99,51,0,17,5,0,0,0,0,0,0,0,0,0,0,0,0,0,0,0,0,0,0,0,0,0,0,35455
1,1,1,1,1059,-968,1296,-444,82,58,-3,20,13,0,0,0,0,0,0,0,0,0,0,0,0,0,0,0,0,0,0,0,0,0,0,35465
1,1,1,1,1101,-937,1243,-371,53,84,-4,22,19,0,0,0,0,0,0,0,0,0,0,0,0,0,0,0,0,0,0,0,0,0,0,35475
1,1,1,1,1083,-974,1245,-330,4,112,-9,27,29,0,0,0,0,0,0,0,0,0,0,0,0,0,0,0,0,0,0,0,0,0,0,35485
1,1,1,1,1054,-987,1226,-381,-7,141,-11,30,35,0,0,0,0,0,0,0,0,0,0,0,0,0,0,0,0,0,0,0,0,0,0,35495
1,1,1,1,996,-1112,1275,-651,62,185,-10,35,38,0,0,0,0,0,0,0,0,0,0,0,0,0,0,0,0,0,0,0,0,0,0,35505
1,1,1,1,1017,-1049,1342,-721,43,194,-6,36,44,0,0,0,0,0,0,0,0,0,0,0,0,0,0,0,0,0,0,0,0,0,0,35515
1,1,1,1,1035,-964,1232,-465,-17,172,-5,40,48,0,0,0,0,0,0,0,0,0,0,0,0,0,0,0,0,0,0,0,0,0,0,35525
1,1,1,1,1064,-945,1191,-151,-74,160,-6,41,48,0,0,0,0,0,0,0,0,0,0,0,0,0,0,0,0,0,0,0,0,0,0,35535
1,1,1,1,1086,-1044,1275,-108,-69,148,-3,42,53,0,0,0,0,0,0,0,0,0,0,0,0,0,0,0,0,0,0,0,0,0,0,35545
1,1,1,1,1061,-1094,1331,-109,-74,117,1,41,54,0,0,0,0,0,0,0,0,0,0,0,0,0,0,0,0,0,0,0,0,0,0,35555
1,1,1,1,1071,-1015,1325,-11,-116,100,-4,45,56,0,0,0,0,0,0,0,0,0,0,0,0,0,0,0,0,0,0,0,0,0,0,35565
1,1,1,1,1078,-958,1312,103,-150,126,-6,45,62,0,0,0,0,0,0,0,0,0,0,0,0,0,0,0,0,0,0,0,0,0,0,35575
1,1,1,1,1011,-1063,1333,74,-161,137,-8,46,67,0,0,0,0,0,0,0,0,0,0,0,0,0,0,0,0,0,0,0,0,0,0,35585
1,1,1,1,939,-1120,1286,-19,-131,112,-6,46,67,0,0,0,0,0,0,0,0,0,0,0,0,0,0,0,0,0,0,0,0,0,0,35595
1,1,1,1,1036,-1016,1333,-50,-129,132,-7,46,69,0,0,0,0,0,0,0,0,0,0,0,0,0,0,0,0,0,0,0,0,0,0,35605
1,1,1,1,1096,-1020,1316,-13,-159,132,-8,48,73,0,0,0,0,0,0,0,0,0,0,0,0,0,0,0,0,0,0,0,0,0,0,35615
1,1,1,1,1111,-1040,1288,-3,-164,126,-9,50,78,0,0,0,0,0,0,0,0,0,0,0,0,0,0,0,0,0,0,0,0,0,0,35625
1,1,1,1,1124,-1053,1276,77,-195,110,-9,51,82,0,0,0,0,0,0,0,0,0,0,0,0,0,0,0,0,0,0,0,0,0,0,35635
1,1,1,1,1188,-993,1243,264,-230,85,-10,52,87,0,0,0,0,0,0,0,0,0,0,0,0,0,0,0,0,0,0,0,0,0,0,35645
1,1,1,1,1209,-978,1258,430,-280,80,-14,52,94,0,0,0,0,0,0,0,0,0,0,0,0,0,0,0,0,0,0,0,0,0,0,35655
1,1,1,1,1126,-997,1175,526,-256,81,-19,55,99,0,0,0,0,0,0,0,0,0,0,0,0,0,0,0,0,0,0,0,0,0,0,35665
1,1,1,1,1137,-997,1232,453,-204,108,-20,57,101,0,0,0,0,0,0,0,0,0,0,0,0,0,0,0,0,0,0,0,0,0,0,35675
1,1,1,1,1128,-1074,1366,283,-190,103,-23,57,105,0,0,0,0,0,0,0,0,0,0,0,0,0,0,0,0,0,0,0,0,0,0,35685
1,1,1,1,1090,-1088,1376,157,-198,77,-24,57,107,0,0,0,0,0,0,0,0,0,0,0,0,0,0,0,0,0,0,0,0,0,0,35695
1,1,1,1,1096,-1038,1335,44,-162,83,-24,56,110,0,0,0,0,0,0,0,0,0,0,0,0,0,0,0,0,0,0,0,0,0,0,35705
1,1,1,1,1080,-1063,1376,-48,-134,81,-25,56,111,0,0,0,0,0,0,0,0,0,0,0,0,0,0,0,0,0,0,0,0,0,0,35715
1,1,1,1,1092,-1047,1405,-102,-131,60,-26,56,113,0,0,0,0,0,0,0,0,0,0,0,0,0,0,0,0,0,0,0,0,0,0,35725
1,1,1,1,1137,-974,1367,-58,-154,40,-28,55,116,0,0,0,0,0,0,0,0,0,0,0,0,0,0,0,0,0,0,0,0,0,0,35735
1,1,1,1,1134,-914,1271,35,-134,43,-30,55,117,0,0,0,0,0,0,0,0,0,0,0,0,0,0,0,0,0,0,0,0,0,0,35745
1,1,1,1,1098,-992,1288,61,-81,50,-31,53,119,0,0,0,0,0,0,0,0,0,0,0,0,0,0,0,0,0,0,0,0,0,0,35755
1,1,1,1,1086,-1036,1356,-1,-57,49,-33,56,120,0,0,0,0,0,0,0,0,0,0,0,0,0,0,0,0,0,0,0,0,0,0,35765
1,1,1,1,1084,-1023,1332,-14,-72,45,-35,56,124,0,0,0,0,0,0,0,0,0,0,0,0,0,0,0,0,0,0,0,0,0,0,35775
1,1,1,1,1064,-1045,1289,13,-99,34,-37,53,125,0,0,0,0,0,0,0,0,0,0,0,0,0,0,0,0,0,0,0,0,0,0,35785
1,1,1,1,1077,-1050,1264,15,-111,35,-41,55,125,0,0,0,0,0,0,0,0,0,0,0,0,0,0,0,0,0,0,0,0,0,0,35795
1,1,1,1,1100,-1057,1275,-5,-132,31,-45,54,124,0,0,0,0,0,0,0,0,0,0,0,0,0,0,0,0,0,0,0,0,0,0,35805
1,1,1,1,1125,-1009,1235,-58,-110,50,-45,52,125,0,0,0,0,0,0,0,0,0,0,0,0,0,0,0,0,0,0,0,0,0,0,35815
1,1,1,1,1119,-1068,1252,-138,-86,58,-42,49,122,0,0,0,0,0,0,0,0,0,0,0,0,0,0,0,0,0,0,0,0,0,0,35825
1,1,1,1,1118,-1054,1287,-152,-102,40,-40,50,119,0,0,0,0,0,0,0,0,0,0,0,0,0,0,0,0,0,0,0,0,0,0,35835
1,1,1,1,1146,-946,1245,-102,-89,63,-41,48,121,0,0,0,0,0,0,0,0,0,0,0,0,0,0,0,0,0,0,0,0,0,0,35845
1,1,1,1,1103,-973,1193,-66,-45,79,-39,51,120,0,0,0,0,0,0,0,0,0,0,0,0,0,0,0,0,0,0,0,0,0,0,35855
1,1,1,1,1114,-1034,1289,-8,-45,63,-40,50,123,0,0,0,0,0,0,0,0,0,0,0,0,0,0,0,0,0,0,0,0,0,0,35865
1,1,1,1,1151,-996,1290,3,-40,61,-41,51,124,0,0,0,0,0,0,0,0,0,0,0,0,0,0,0,0,0,0,0,0,0,0,35875
1,1,1,1,1134,-1021,1313,-48,-17,65,-42,53,121,0,0,0,0,0,0,0,0,0,0,0,0,0,0,0,0,0,0,0,0,0,0,35885
1,1,1,1,1108,-1011,1309,-69,-1,58,-40,51,122,0,0,0,0,0,0,0,0,0,0,0,0,0,0,0,0,0,0,0,0,0,0,35895
1,1,1,1,1098,-1000,1289,-80,14,57,-40,52,121,0,0,0,0,0,0,0,0,0,0,0,0,0,0,0,0,0,0,0,0,0,0,35905
1,1,1,1,1101,-1020,1305,-108,21,50,-39,52,123,0,0,0,0,0,0,0,0,0,0,0,0,0,0,0,0,0,0,0,0,0,0,35915
1,1,1,1,1080,-1034,1272,-114,24,30,-39,51,120,0,0,0,0,0,0,0,0,0,0,0,0,0,0,0,0,0,0,0,0,0,0,35925
1,1,1,1,1104,-1002,1232,-71,23,30,-39,52,120,0,0,0,0,0,0,0,0,0,0,0,0,0,0,0,0,0,0,0,0,0,0,35935
1,1,1,1,1108,-1027,1217,-28,15,31,-38,52,122,0,0,0,0,0,0,0,0,0,0,0,0,0,0,0,0,0,0,0,0,0,0,35945
1,1,1,1,1098,-1056,1232,-16,4,26,-38,52,120,0,0,0,0,0,0,0,0,0,0,0,0,0,0,0,0,0,0,0,0,0,0,35955
1,1,1,1,1106,-1045,1205,52,-5,26,-38,52,121,0,0,0,0,0,0,0,0,0,0,0,0,0,0,0,0,0,0,0,0,0,0,35965
1,1,1,1,1118,-1023,1192,117,-21,37,-39,52,121,0,0,0,0,0,0,0,0,0,0,0,0,0,0,0,0,0,0,0,0,0,0,35975
1,1,1,1,1091,-1069,1211,141,-37,40,-37,53,124,0,0,0,0,0,0,0,0,0,0,0,0,0,0,0,0,0,0,0,0,0,0,35985
1,1,1,1,1085,-1072,1238,138,-47,50,-37,54,122,0,0,0,0,0,0,0,0,0,0,0,0,0,0,0,0,0,0,0,0,0,0,35995
1,1,1,1,1101,-1067,1237,135,-57,57,-37,53,123,0,0,0,0,0,0,0,0,0,0,0,0,0,0,0,0,0,0,0,0,0,0,36005
1,1,1,1,1121,-1044,1244,132,-56,62,-37,53,123,0,0,0,0,0,0,0,0,0,0,0,0,0,0,0,0,0,0,0,0,0,0,36015
1,1,1,1,1118,-1061,1285,91,-42,68,-38,54,120,0,0,0,0,0,0,0,0,0,0,0,0,0,0,0,0,0,0,0,0,0,0,36025
1,1,1,1,1119,-1061,1292,58,-38,70,-37,53,118,0,0,0,0,0,0,0,0,0,0,0,0,0,0,0,0,0,0,0,0,0,0,36035
1,1,1,1,1124,-1051,1277,53,-22,62,-39,52,117,0,0,0,0,0,0,0,0,0,0,0,0,0,0,0,0,0,0,0,0,0,0,36045
1,1,1,1,1149,-1026,1278,56,7,62,-38,55,115,0,0,0,0,0,0,0,0,0,0,0,0,0,0,0,0,0,0,0,0,0,0,36055
1,1,1,1,1131,-1053,1296,53,26,60,-39,52,114,0,0,0,0,0,0,0,0,0,0,0,0,0,0,0,0,0,0,0,0,0,0,36065
1,1,1,1,1102,-1070,1296,36,41,61,-36,52,112,0,0,0,0,0,0,0,0,0,0,0,0,0,0,0,0,0,0,0,0,0,0,36075
1,1,1,1,1086,-1071,1305,32,62,74,-35,51,109,0,0,0,0,0,0,0,0,0,0,0,0,0,0,0,0,0,0,0,0,0,0,36085
1,1,1,1,1078,-1098,1326,-46,102,122,-34,47,102,0,0,0,0,0,0,0,0,0,0,0,0,0,0,0,0,0,0,0,0,0,0,36105
1,1,1,1,1068,-1094,1338,-116,125,147,-34,48,98,0,0,0,0,0,0,0,0,0,0,0,0,0,0,0,0,0,0,0,0,0,0,36115
1,1,1,1,1062,-1110,1349,-174,142,165,-31,48,95,0,0,0,0,0,0,0,0,0,0,0,0,0,0,0,0,0,0,0,0,0,0,36125
1,1,1,1,1059,-1125,1346,-213,149,179,-31,46,96,0,0,0,0,0,0,0,0,0,0,0,0,0,0,0,0,0,0,0,0,0,0,36135
1,1,1,1,1070,-1127,1318,-233,160,189,-29,44,89,0,0,0,0,0,0,0,0,0,0,0,0,0,0,0,0,0,0,0,0,0,0,36145
1,1,1,1,1094,-1100,1285,-229,168,193,-30,43,88,0,0,0,0,0,0,0,0,0,0,0,0,0,0,0,0,0,0,0,0,0,0,36155
1,1,1,1,1102,-1082,1265,-192,168,199,-28,39,83,0,0,0,0,0,0,0,0,0,0,0,0,0,0,0,0,0,0,0,0,0,0,36165
1,1,1,1,1104,-1076,1249,-139,166,207,-29,34,73,0,0,0,0,0,0,0,0,0,0,0,0,0,0,0,0,0,0,0,0,0,0,36175
1,1,1,1,1096,-1112,1249,-119,163,213,-30,29,65,0,0,0,0,0,0,0,0,0,0,0,0,0,0,0,0,0,0,0,0,0,0,36185
1,1,1,1,1091,-1110,1267,-112,151,226,-31,23,54,0,0,0,0,0,0,0,0,0,0,0,0,0,0,0,0,0,0,0,0,0,0,36195
1,1,1,1,1094,-1103,1262,-117,137,251,-32,17,45,0,0,0,0,0,0,0,0,0,0,0,0,0,0,0,0,0,0,0,0,0,0,36205
1,1,1,1,1092,-1136,1272,-162,135,280,-35,11,36,0,0,0,0,0,0,0,0,0,0,0,0,0,0,0,0,0,0,0,0,0,0,36215
1,1,1,1,1072,-1118,1270,-189,125,299,-33,6,30,0,0,0,0,0,0,0,0,0,0,0,0,0,0,0,0,0,0,0,0,0,0,36225
1,1,1,1,1091,-1063,1251,-172,125,318,-33,3,26,0,0,0,0,0,0,0,0,0,0,0,0,0,0,0,0,0,0,0,0,0,0,36235
1,1,1,1,1057,-1122,1283,-181,109,334,-33,-1,21,0,0,0,0,0,0,0,0,0,0,0,0,0,0,0,0,0,0,0,0,0,0,36245
1,1,1,1,1010,-1142,1263,-185,100,310,-36,-5,13,0,0,0,0,0,0,0,0,0,0,0,0,0,0,0,0,0,0,0,0,0,0,36255
1,1,1,1,1057,-1077,1231,-132,94,298,-35,-9,13,0,0,0,0,0,0,0,0,0,0,0,0,0,0,0,0,0,0,0,0,0,0,36265
1,1,1,1,1073,-1055,1225,-22,48,283,-34,-11,9,0,0,0,0,0,0,0,0,0,0,0,0,0,0,0,0,0,0,0,0,0,0,36275
1,1,1,1,1030,-1100,1240,19,37,253,-34,-12,3,0,0,0,0,0,0,0,0,0,0,0,0,0,0,0,0,0,0,0,0,0,0,36285
1,1,1,1,1013,-1100,1216,85,-2,223,-33,-14,1,0,0,0,0,0,0,0,0,0,0,0,0,0,0,0,0,0,0,0,0,0,0,36295
1,1,1,1,1037,-1057,1189,142,-30,201,-32,-12,2,0,0,0,0,0,0,0,0,0,0,0,0,0,0,0,0,0,0,0,0,0,0,36305
1,1,1,1,1025,-1083,1266,143,-58,189,-33,-10,10,0,0,0,0,0,0,0,0,0,0,0,0,0,0,0,0,0,0,0,0,0,0,36315
1,1,1,1,977,-1094,1236,91,-60,177,-30,-8,13,0,0,0,0,0,0,0,0,0,0,0,0,0,0,0,0,0,0,0,0,0,0,36325
1,1,1,1,988,-1072,1236,114,-77,156,-26,-6,17,0,0,0,0,0,0,0,0,0,0,0,0,0,0,0,0,0,0,0,0,0,0,36335
1,1,1,1,984,-1087,1226,221,-136,134,-27,-3,17,0,0,0,0,0,0,0,0,0,0,0,0,0,0,0,0,0,0,0,0,0,0,36345
1,1,1,1,1009,-1057,1217,355,-218,131,-22,-2,21,0,0,0,0,0,0,0,0,0,0,0,0,0,0,0,0,0,0,0,0,0,0,36355
1,1,1,1,969,-1116,1152,444,-259,145,-25,6,34,0,0,0,0,0,0,0,0,0,0,0,0,0,0,0,0,0,0,0,0,0,0,36365
1,1,1,1,995,-1141,1155,463,-253,148,-24,6,38,0,0,0,0,0,0,0,0,0,0,0,0,0,0,0,0,0,0,0,0,0,0,36375
1,1,1,1,1084,-1089,1188,489,-254,149,-22,8,38,0,0,0,0,0,0,0,0,0,0,0,0,0,0,0,0,0,0,0,0,0,0,36385
1,1,1,1,1117,-1057,1250,484,-264,157,-23,12,46,0,0,0,0,0,0,0,0,0,0,0,0,0,0,0,0,0,0,0,0,0,0,36395
1,1,1,1,1084,-1083,1297,409,-237,156,-21,10,45,0,0,0,0,0,0,0,0,0,0,0,0,0,0,0,0,0,0,0,0,0,0,36405
1,1,1,1,1024,-1084,1315,318,-179,150,-21,14,49,0,0,0,0,0,0,0,0,0,0,0,0,0,0,0,0,0,0,0,0,0,0,36415
1,1,1,1,1024,-1071,1393,248,-178,140,-23,17,50,0,0,0,0,0,0,0,0,0,0,0,0,0,0,0,0,0,0,0,0,0,0,36425
1,1,1,1,1019,-1061,1416,155,-158,139,-22,17,51,0,0,0,0,0,0,0,0,0,0,0,0,0,0,0,0,0,0,0,0,0,0,36435
1,1,1,1,996,-1079,1396,82,-126,128,-23,18,55,0,0,0,0,0,0,0,0,0,0,0,0,0,0,0,0,0,0,0,0,0,0,36445
1,1,1,1,1033,-1017,1350,100,-112,111,-20,18,54,0,0,0,0,0,0,0,0,0,0,0,0,0,0,0,0,0,0,0,0,0,0,36455
1,1,1,1,1049,-1024,1350,133,-110,94,-20,18,54,0,0,0,0,0,0,0,0,0,0,0,0,0,0,0,0,0,0,0,0,0,0,36465
1,1,1,1,1035,-1054,1378,139,-102,70,-21,19,55,0,0,0,0,0,0,0,0,0,0,0,0,0,0,0,0,0,0,0,0,0,0,36475
1,1,1,1,1046,-1030,1392,132,-112,54,-21,21,59,0,0,0,0,0,0,0,0,0,0,0,0,0,0,0,0,0,0,0,0,0,0,36485
1,1,1,1,1048,-1002,1348,157,-122,49,-23,23,62,0,0,0,0,0,0,0,0,0,0,0,0,0,0,0,0,0,0,0,0,0,0,36495
1,1,1,1,1056,-1012,1282,153,-81,46,-23,25,62,0,0,0,0,0,0,0,0,0,0,0,0,0,0,0,0,0,0,0,0,0,0,36505
1,1,1,1,1054,-1083,1331,92,-39,27,-22,25,64,0,0,0,0,0,0,0,0,0,0,0,0,0,0,0,0,0,0,0,0,0,0,36515
1,1,1,1,1071,-1060,1322,35,-34,25,-21,28,65,0,0,0,0,0,0,0,0,0,0,0,0,0,0,0,0,0,0,0,0,0,0,36525
1,1,1,1,1066,-1069,1306,-6,-15,17,-21,28,66,0,0,0,0,0,0,0,0,0,0,0,0,0,0,0,0,0,0,0,0,0,0,36535
1,1,1,1,1061,-1069,1287,-21,-4,0,-20,30,68,0,0,0,0,0,0,0,0,0,0,0,0,0,0,0,0,0,0,0,0,0,0,36545
1,1,1,1,1069,-1034,1269,-14,1,-12,-20,30,69,0,0,0,0,0,0,0,0,0,0,0,0,0,0,0,0,0,0,0,0,0,0,36555
1,1,1,1,1063,-1039,1293,16,-2,-16,-20,32,71,0,0,0,0,0,0,0,0,0,0,0,0,0,0,0,0,0,0,0,0,0,0,36565
1,1,1,1,1056,-1051,1319,49,-24,-15,-19,34,76,0,0,0,0,0,0,0,0,0,0,0,0,0,0,0,0,0,0,0,0,0,0,36575
1,1,1,1,1045,-1065,1295,78,-25,-15,-21,36,76,0,0,0,0,0,0,0,0,0,0,0,0,0,0,0,0,0,0,0,0,0,0,36585
1,1,1,1,1057,-1058,1277,78,-18,-12,-21,38,79,0,0,0,0,0,0,0,0,0,0,0,0,0,0,0,0,0,0,0,0,0,0,36595
1,1,1,1,1073,-1064,1250,60,5,-12,-20,39,83,0,0,0,0,0,0,0,0,0,0,0,0,0,0,0,0,0,0,0,0,0,0,36605
1,1,1,1,1069,-1083,1262,40,17,-14,-20,41,84,0,0,0,0,0,0,0,0,0,0,0,0,0,0,0,0,0,0,0,0,0,0,36615
1,1,1,1,1065,-1065,1243,36,19,-12,-18,43,87,0,0,0,0,0,0,0,0,0,0,0,0,0,0,0,0,0,0,0,0,0,0,36625
1,1,1,1,1060,-1076,1240,57,2,-14,-19,44,86,0,0,0,0,0,0,0,0,0,0,0,0,0,0,0,0,0,0,0,0,0,0,36635
1,1,1,1,1073,-1082,1238,46,1,-9,-21,45,88,0,0,0,0,0,0,0,0,0,0,0,0,0,0,0,0,0,0,0,0,0,0,36645
1,1,1,1,1078,-1085,1281,24,-16,-5,-19,45,88,0,0,0,0,0,0,0,0,0,0,0,0,0,0,0,0,0,0,0,0,0,0,36655
1,1,1,1,1059,-1061,1255,47,-23,-7,-16,45,91,0,0,0,0,0,0,0,0,0,0,0,0,0,0,0,0,0,0,0,0,0,0,36665
1,1,1,1,1056,-1050,1256,112,-24,-13,-18,47,89,0,0,0,0,0,0,0,0,0,0,0,0,0,0,0,0,0,0,0,0,0,0,36675
1,1,1,1,1056,-1040,1266,157,-36,-15,-19,48,89,0,0,0,0,0,0,0,0,0,0,0,0,0,0,0,0,0,0,0,0,0,0,36685
1,1,1,1,1067,-1044,1297,178,-48,-18,-21,52,93,0,0,0,0,0,0,0,0,0,0,0,0,0,0,0,0,0,0,0,0,0,0,36695
1,1,1,1,1066,-1047,1281,188,-47,-18,-19,51,92,0,0,0,0,0,0,0,0,0,0,0,0,0,0,0,0,0,0,0,0,0,0,36705
1,1,1,1,1074,-1063,1292,168,-38,-19,-18,52,93,0,0,0,0,0,0,0,0,0,0,0,0,0,0,0,0,0,0,0,0,0,0,36715
1,1,1,1,1069,-1083,1306,123,-26,-19,-19,54,96,0,0,0,0,0,0,0,0,0,0,0,0,0,0,0,0,0,0,0,0,0,0,36725
1,1,1,1,1063,-1086,1319,75,-25,-16,-17,51,93,0,0,0,0,0,0,0,0,0,0,0,0,0,0,0,0,0,0,0,0,0,0,36735
1,1,1,1,1058,-1081,1306,48,-20,-14,-17,52,98,0,0,0,0,0,0,0,0,0,0,0,0,0,0,0,0,0,0,0,0,0,0,36745
1,1,1,1,1060,-1076,1306,19,-15,-8,-16,52,95,0,0,0,0,0,0,0,0,0,0,0,0,0,0,0,0,0,0,0,0,0,0,36755
1,1,1,1,1069,-1057,1298,20,-22,-5,-16,52,96,0,0,0,0,0,0,0,0,0,0,0,0,0,0,0,0,0,0,0,0,0,0,36765
1,1,1,1,1056,-1025,1293,46,-41,7,-16,53,96,0,0,0,0,0,0,0,0,0,0,0,0,0,0,0,0,0,0,0,0,0,0,36775
1,1,1,1,1054,-1046,1294,60,-52,11,-16,53,99,0,0,0,0,0,0,0,0,0,0,0,0,0,0,0,0,0,0,0,0,0,0,36785
1,1,1,1,1059,-1046,1287,52,-44,4,-16,55,95,0,0,0,0,0,0,0,0,0,0,0,0,0,0,0,0,0,0,0,0,0,0,36795
1,1,1,1,1072,-1049,1315,30,-41,1,-16,55,98,0,0,0,0,0,0,0,0,0,0,0,0,0,0,0,0,0,0,0,0,0,0,36805
1,1,1,1,1078,-1059,1289,21,-24,-6,-15,56,98,0,0,0,0,0,0,0,0,0,0,0,0,0,0,0,0,0,0,0,0,0,0,36815
1,1,1,1,1083,-1051,1292,12,-17,-11,-16,56,95,0,0,0,0,0,0,0,0,0,0,0,0,0,0,0,0,0,0,0,0,0,0,36825
1,1,1,1,1083,-1060,1303,-11,-4,-7,-15,58,98,0,0,0,0,0,0,0,0,0,0,0,0,0,0,0,0,0,0,0,0,0,0,36835
1,1,1,1,1063,-1071,1302,-36,-1,-2,-15,58,98,0,0,0,0,0,0,0,0,0,0,0,0,0,0,0,0,0,0,0,0,0,0,36845
1,1,1,1,1060,-1056,1298,-48,-1,1,-18,59,97,0,0,0,0,0,0,0,0,0,0,0,0,0,0,0,0,0,0,0,0,0,0,36855
1,1,1,1,1064,-1035,1267,-25,9,4,-18,58,99,0,0,0,0,0,0,0,0,0,0,0,0,0,0,0,0,0,0,0,0,0,0,36865
1,1,1,1,1058,-1037,1264,22,11,0,-17,59,99,0,0,0,0,0,0,0,0,0,0,0,0,0,0,0,0,0,0,0,0,0,0,36875
1,1,1,1,1052,-1039,1269,49,7,-5,-17,60,99,0,0,0,0,0,0,0,0,0,0,0,0,0,0,0,0,0,0,0,0,0,0,36885
1,1,1,1,1059,-1025,1308,61,-10,0,-17,59,102,0,0,0,0,0,0,0,0,0,0,0,0,0,0,0,0,0,0,0,0,0,0,36895
1,1,1,1,1038,-1060,1301,44,-15,-8,-17,60,101,0,0,0,0,0,0,0,0,0,0,0,0,0,0,0,0,0,0,0,0,0,0,36905
1,1,1,1,1051,-1046,1288,27,-7,-10,-17,61,103,0,0,0,0,0,0,0,0,0,0,0,0,0,0,0,0,0,0,0,0,0,0,36915
1,1,1,1,1070,-1042,1289,26,-8,-12,-15,62,104,0,0,0,0,0,0,0,0,0,0,0,0,0,0,0,0,0,0,0,0,0,0,36925
1,1,1,1,1082,-1046,1263,19,4,-14,-15,63,103,0,0,0,0,0,0,0,0,0,0,0,0,0,0,0,0,0,0,0,0,0,0,36935
1,1,1,1,1078,-1070,1272,5,14,-24,-16,63,106,0,0,0,0,0,0,0,0,0,0,0,0,0,0,0,0,0,0,0,0,0,0,36945
1,1,1,1,1076,-1061,1222,-8,65,-35,-15,65,105,0,0,0,0,0,0,0,0,0,0,0,0,0,0,0,0,0,0,0,0,0,0,36955
1,1,1,1,1082,-1036,1257,-7,98,-30,-13,65,109,0,0,0,0,0,0,0,0,0,0,0,0,0,0,0,0,0,0,0,0,0,0,36965
1,1,1,1,1117,-995,1322,36,34,-19,-16,71,110,0,0,0,0,0,0,0,0,0,0,0,0,0,0,0,0,0,0,0,0,0,0,36975
1,1,1,1,1074,-1029,1306,69,-1,-10,-17,68,113,0,0,0,0,0,0,0,0,0,0,0,0,0,0,0,0,0,0,0,0,0,0,36985
1,1,1,1,1021,-1044,1283,83,-12,4,-15,71,114,0,0,0,0,0,0,0,0,0,0,0,0,0,0,0,0,0,0,0,0,0,0,36995
1,1,1,1,1017,-1064,1302,93,-33,6,-16,70,116,0,0,0,0,0,0,0,0,0,0,0,0,0,0,0,0,0,0,0,0,0,0,37005
1,1,1,1,1035,-1050,1309,93,-59,9,-16,72,117,0,0,0,0,0,0,0,0,0,0,0,0,0,0,0,0,0,0,0,0,0,0,37015
1,1,1,1,1054,-1057,1308,59,-56,12,-14,72,118,0,0,0,0,0,0,0,0,0,0,0,0,0,0,0,0,0,0,0,0,0,0,37025
1,1,1,1,1057,-1046,1310,24,-49,10,-14,70,116,0,0,0,0,0,0,0,0,0,0,0,0,0,0,0,0,0,0,0,0,0,0,37035
1,1,1,1,1063,-1047,1308,8,-40,8,-14,72,118,0,0,0,0,0,0,0,0,0,0,0,0,0,0,0,0,0,0,0,0,0,0,37045
1,1,1,1,1065,-1044,1325,-22,-34,6,-16,72,118,0,0,0,0,0,0,0,0,0,0,0,0,0,0,0,0,0,0,0,0,0,0,37055
1,1,1,1,1070,-1039,1319,-34,-33,7,-15,72,118,0,0,0,0,0,0,0,0,0,0,0,0,0,0,0,0,0,0,0,0,0,0,37065
1,1,1,1,1063,-1041,1303,-45,-25,5,-12,73,117,0,0,0,0,0,0,0,0,0,0,0,0,0,0,0,0,0,0,0,0,0,0,37075
1,1,1,1,1079,-1002,1280,-20,-13,13,-16,72,119,0,0,0,0,0,0,0,0,0,0,0,0,0,0,0,0,0,0,0,0,0,0,37085
1,1,1,1,1072,-1020,1278,17,-6,22,-16,72,117,0,0,0,0,0,0,0,0,0,0,0,0,0,0,0,0,0,0,0,0,0,0,37095
1,1,1,1,1071,-1025,1268,57,-12,25,-16,72,115,0,0,0,0,0,0,0,0,0,0,0,0,0,0,0,0,0,0,0,0,0,0,37105
1,1,1,1,1076,-1027,1269,73,-20,30,-15,72,117,0,0,0,0,0,0,0,0,0,0,0,0,0,0,0,0,0,0,0,0,0,0,37115
1,1,1,1,1073,-1047,1302,50,-21,38,-16,71,115,0,0,0,0,0,0,0,0,0,0,0,0,0,0,0,0,0,0,0,0,0,0,37125
1,1,1,1,1055,-1061,1311,35,-34,38,-16,71,116,0,0,0,0,0,0,0,0,0,0,0,0,0,0,0,0,0,0,0,0,0,0,37135
1,1,1,1,1049,-1042,1283,48,-46,32,-14,71,115,0,0,0,0,0,0,0,0,0,0,0,0,0,0,0,0,0,0,0,0,0,0,37145
1,1,1,1,1051,-1032,1284,59,-32,29,-15,72,116,0,0,0,0,0,0,0,0,0,0,0,0,0,0,0,0,0,0,0,0,0,0,37155
1,1,1,1,1052,-1053,1312,37,-33,25,-17,70,116,0,0,0,0,0,0,0,0,0,0,0,0,0,0,0,0,0,0,0,0,0,0,37165
1,1,1,1,1069,-1034,1318,18,-31,22,-17,70,117,0,0,0,0,0,0,0,0,0,0,0,0,0,0,0,0,0,0,0,0,0,0,37175
1,1,1,1,1086,-1005,1305,43,-38,23,-17,71,115,0,0,0,0,0,0,0,0,0,0,0,0,0,0,0,0,0,0,0,0,0,0,37185
1,1,1,1,1091,-1006,1296,60,-28,23,-17,71,114,0,0,0,0,0,0,0,0,0,0,0,0,0,0,0,0,0,0,0,0,0,0,37195
1,1,1,1,1096,-1008,1324,64,-17,27,-16,72,117,0,0,0,0,0,0,0,0,0,0,0,0,0,0,0,0,0,0,0,0,0,0,37205
1,1,1,1,1103,-1002,1335,83,-26,28,-17,72,117,0,0,0,0,0,0,0,0,0,0,0,0,0,0,0,0,0,0,0,0,0,0,37215
1,1,1,1,1070,-1024,1283,121,-50,17,-17,71,118,0,0,0,0,0,0,0,0,0,0,0,0,0,0,0,0,0,0,0,0,0,0,37225
1,1,1,1,1064,-1033,1267,140,-45,20,-18,72,119,0,0,0,0,0,0,0,0,0,0,0,0,0,0,0,0,0,0,0,0,0,0,37235
1,1,1,1,1074,-1050,1296,134,-37,22,-17,72,119,0,0,0,0,0,0,0,0,0,0,0,0,0,0,0,0,0,0,0,0,0,0,37245
1,1,1,1,1063,-1046,1300,104,-42,25,-18,72,118,0,0,0,0,0,0,0,0,0,0,0,0,0,0,0,0,0,0,0,0,0,0,37255
1,1,1,1,1063,-1046,1306,71,-40,24,-17,69,117,0,0,0,0,0,0,0,0,0,0,0,0,0,0,0,0,0,0,0,0,0,0,37265
1,1,1,1,1058,-1034,1327,33,-33,33,-20,73,119,0,0,0,0,0,0,0,0,0,0,0,0,0,0,0,0,0,0,0,0,0,0,37275
1,1,1,1,1069,-1033,1323,3,-36,38,-20,70,120,0,0,0,0,0,0,0,0,0,0,0,0,0,0,0,0,0,0,0,0,0,0,37285
1,1,1,1,1080,-1012,1313,-9,-28,41,-20,69,119,0,0,0,0,0,0,0,0,0,0,0,0,0,0,0,0,0,0,0,0,0,0,37295
1,1,1,1,1099,-978,1300,31,-22,45,-18,70,119,0,0,0,0,0,0,0,0,0,0,0,0,0,0,0,0,0,0,0,0,0,0,37305
1,1,1,1,1094,-993,1294,70,-10,48,-19,73,120,0,0,0,0,0,0,0,0,0,0,0,0,0,0,0,0,0,0,0,0,0,0,37315
1,1,1,1,1106,-1001,1325,65,-7,53,-19,71,119,0,0,0,0,0,0,0,0,0,0,0,0,0,0,0,0,0,0,0,0,0,0,37325
1,1,1,1,1097,-1007,1314,74,-20,54,-15,69,121,0,0,0,0,0,0,0,0,0,0,0,0,0,0,0,0,0,0,0,0,0,0,37335
1,1,1,1,1071,-1020,1279,74,-9,56,-17,71,123,0,0,0,0,0,0,0,0,0,0,0,0,0,0,0,0,0,0,0,0,0,0,37345
1,1,1,1,1053,-1049,1304,31,-12,52,-19,73,124,0,0,0,0,0,0,0,0,0,0,0,0,0,0,0,0,0,0,0,0,0,0,37355
1,1,1,1,1048,-1042,1298,11,-23,49,-18,72,123,0,0,0,0,0,0,0,0,0,0,0,0,0,0,0,0,0,0,0,0,0,0,37365
1,1,1,1,1048,-1016,1250,35,-37,49,-18,72,124,0,0,0,0,0,0,0,0,0,0,0,0,0,0,0,0,0,0,0,0,0,0,37375
1,1,1,1,1062,-1019,1260,47,-42,48,-19,72,123,0,0,0,0,0,0,0,0,0,0,0,0,0,0,0,0,0,0,0,0,0,0,37385
1,1,1,1,1081,-1005,1273,37,-52,49,-18,72,121,0,0,0,0,0,0,0,0,0,0,0,0,0,0,0,0,0,0,0,0,0,0,37395
1,1,1,1,1081,-1001,1267,55,-54,46,-18,71,123,0,0,0,0,0,0,0,0,0,0,0,0,0,0,0,0,0,0,0,0,0,0,37405
1,1,1,1,1073,-994,1269,85,-56,41,-17,72,119,0,0,0,0,0,0,0,0,0,0,0,0,0,0,0,0,0,0,0,0,0,0,37415
1,1,1,1,1075,-998,1288,92,-56,39,-18,71,121,0,0,0,0,0,0,0,0,0,0,0,0,0,0,0,0,0,0,0,0,0,0,37425
1,1,1,1,1075,-992,1294,92,-60,34,-18,71,121,0,0,0,0,0,0,0,0,0,0,0,0,0,0,0,0,0,0,0,0,0,0,37435
1,1,1,1,1079,-1003,1301,84,-68,35,-18,72,119,0,0,0,0,0,0,0,0,0,0,0,0,0,0,0,0,0,0,0,0,0,0,37445
1,1,1,1,1062,-1035,1318,45,-59,38,-19,73,121,0,0,0,0,0,0,0,0,0,0,0,0,0,0,0,0,0,0,0,0,0,0,37455
1,1,1,1,1055,-1041,1302,30,-61,41,-19,72,121,0,0,0,0,0,0,0,0,0,0,0,0,0,0,0,0,0,0,0,0,0,0,37465
1,1,1,1,1065,-1037,1305,14,-68,45,-19,71,120,0,0,0,0,0,0,0,0,0,0,0,0,0,0,0,0,0,0,0,0,0,0,37475
1,1,1,1,1075,-1024,1292,11,-65,46,-20,71,121,0,0,0,0,0,0,0,0,0,0,0,0,0,0,0,0,0,0,0,0,0,0,37485
1,1,1,1,1095,-1015,1288,11,-74,47,-17,72,122,0,0,0,0,0,0,0,0,0,0,0,0,0,0,0,0,0,0,0,0,0,0,37495
1,1,1,1,1109,-1003,1282,17,-66,44,-19,71,121,0,0,0,0,0,0,0,0,0,0,0,0,0,0,0,0,0,0,0,0,0,0,37505
1,1,1,1,1116,-990,1273,33,-69,39,-18,72,119,0,0,0,0,0,0,0,0,0,0,0,0,0,0,0,0,0,0,0,0,0,0,37515
1,1,1,1,1092,-1009,1292,29,-69,33,-18,70,121,0,0,0,0,0,0,0,0,0,0,0,0,0,0,0,0,0,0,0,0,0,0,37525
1,1,1,1,1076,-1011,1301,19,-63,27,-18,71,120,0,0,0,0,0,0,0,0,0,0,0,0,0,0,0,0,0,0,0,0,0,0,37535
1,1,1,1,1078,-989,1279,39,-66,27,-19,70,121,0,0,0,0,0,0,0,0,0,0,0,0,0,0,0,0,0,0,0,0,0,0,37545
1,1,1,1,1086,-996,1284,65,-61,24,-18,71,119,0,0,0,0,0,0,0,0,0,0,0,0,0,0,0,0,0,0,0,0,0,0,37555
1,1,1,1,1089,-1011,1308,57,-64,22,-17,68,118,0,0,0,0,0,0,0,0,0,0,0,0,0,0,0,0,0,0,0,0,0,0,37565
1,1,1,1,1082,-1018,1305,42,-70,23,-18,71,121,0,0,0,0,0,0,0,0,0,0,0,0,0,0,0,0,0,0,0,0,0,0,37575
1,1,1,1,1083,-1030,1301,27,-59,27,-19,72,119,0,0,0,0,0,0,0,0,0,0,0,0,0,0,0,0,0,0,0,0,0,0,37585
1,1,1,1,1094,-1021,1309,23,-56,31,-19,70,120,0,0,0,0,0,0,0,0,0,0,0,0,0,0,0,0,0,0,0,0,0,0,37595
1,1,1,1,1087,-1025,1287,32,-58,28,-20,71,120,0,0,0,0,0,0,0,0,0,0,0,0,0,0,0,0,0,0,0,0,0,0,37605
1,1,1,1,1101,-1032,1293,20,-50,23,-21,71,121,0,0,0,0,0,0,0,0,0,0,0,0,0,0,0,0,0,0,0,0,0,0,37615
1,1,1,1,1126,-1005,1285,24,-43,17,-19,71,120,0,0,0,0,0,0,0,0,0,0,0,0,0,0,0,0,0,0,0,0,0,0,37625
1,1,1,1,1124,-992,1270,38,-45,15,-18,69,121,0,0,0,0,0,0,0,0,0,0,0,0,0,0,0,0,0,0,0,0,0,0,37635
1,1,1,1,1111,-1011,1287,37,-33,15,-18,73,122,0,0,0,0,0,0,0,0,0,0,0,0,0,0,0,0,0,0,0,0,0,0,37645
1,1,1,1,1093,-1003,1296,33,-30,15,-16,72,122,0,0,0,0,0,0,0,0,0,0,0,0,0,0,0,0,0,0,0,0,0,0,37655
1,1,1,1,1086,-1023,1295,28,-17,9,-19,72,123,0,0,0,0,0,0,0,0,0,0,0,0,0,0,0,0,0,0,0,0,0,0,37665
1,1,1,1,1092,-1002,1298,19,-17,7,-17,72,123,0,0,0,0,0,0,0,0,0,0,0,0,0,0,0,0,0,0,0,0,0,0,37675
1,1,1,1,1088,-1003,1279,32,-28,1,-17,72,123,0,0,0,0,0,0,0,0,0,0,0,0,0,0,0,0,0,0,0,0,0,0,37685
1,1,1,1,1082,-1002,1270,52,-30,-7,-18,73,124,0,0,0,0,0,0,0,0,0,0,0,0,0,0,0,0,0,0,0,0,0,0,37695
1,1,1,1,1083,-1010,1272,52,-37,-5,-20,73,121,0,0,0,0,0,0,0,0,0,0,0,0,0,0,0,0,0,0,0,0,0,0,37705
1,1,1,1,1091,-989,1259,75,-35,-3,-18,72,122,0,0,0,0,0,0,0,0,0,0,0,0,0,0,0,0,0,0,0,0,0,0,37715
1,1,1,1,1097,-1000,1291,65,-44,3,-16,72,122,0,0,0,0,0,0,0,0,0,0,0,0,0,0,0,0,0,0,0,0,0,0,37725
1,1,1,1,1088,-1013,1281,53,-43,9,-17,73,121,0,0,0,0,0,0,0,0,0,0,0,0,0,0,0,0,0,0,0,0,0,0,37735
1,1,1,1,1088,-1017,1295,42,-37,10,-16,73,122,0,0,0,0,0,0,0,0,0,0,0,0,0,0,0,0,0,0,0,0,0,0,37745
1,1,1,1,1090,-1013,1294,33,-36,10,-16,73,124,0,0,0,0,0,0,0,0,0,0,0,0,0,0,0,0,0,0,0,0,0,0,37755
1,1,1,1,1097,-993,1283,30,-32,6,-17,74,126,0,0,0,0,0,0,0,0,0,0,0,0,0,0,0,0,0,0,0,0,0,0,37765
1,1,1,1,1100,-998,1283,32,-31,0,-19,74,122,0,0,0,0,0,0,0,0,0,0,0,0,0,0,0,0,0,0,0,0,0,0,37775
1,1,1,1,1099,-998,1290,10,-24,-1,-19,73,125,0,0,0,0,0,0,0,0,0,0,0,0,0,0,0,0,0,0,0,0,0,0,37785
1,1,1,1,1105,-971,1264,20,-30,-4,-17,74,123,0,0,0,0,0,0,0,0,0,0,0,0,0,0,0,0,0,0,0,0,0,0,37795
1,1,1,1,1118,-974,1248,46,-31,-8,-17,73,122,0,0,0,0,0,0,0,0,0,0,0,0,0,0,0,0,0,0,0,0,0,0,37805
1,1,1,1,1119,-990,1267,45,-41,-8,-17,75,124,0,0,0,0,0,0,0,0,0,0,0,0,0,0,0,0,0,0,0,0,0,0,37815
1,1,1,1,1111,-995,1268,41,-45,-11,-17,75,126,0,0,0,0,0,0,0,0,0,0,0,0,0,0,0,0,0,0,0,0,0,0,37825
1,1,1,1,1112,-993,1272,55,-57,-5,-17,75,128,0,0,0,0,0,0,0,0,0,0,0,0,0,0,0,0,0,0,0,0,0,0,37835
1,1,1,1,1101,-1003,1259,86,-66,-2,-16,75,130,0,0,0,0,0,0,0,0,0,0,0,0,0,0,0,0,0,0,0,0,0,0,37845
1,1,1,1,1092,-1009,1266,86,-57,4,-18,76,131,0,0,0,0,0,0,0,0,0,0,0,0,0,0,0,0,0,0,0,0,0,0,37855
1,1,1,1,1103,-1038,1310,51,-65,6,-18,77,131,0,0,0,0,0,0,0,0,0,0,0,0,0,0,0,0,0,0,0,0,0,0,37865
1,1,1,1,1118,-971,1309,10,-42,15,-20,78,130,0,0,0,0,0,0,0,0,0,0,0,0,0,0,0,0,0,0,0,0,0,0,37895
1,1,1,1,1112,-982,1304,9,-33,9,-18,77,129,0,0,0,0,0,0,0,0,0,0,0,0,0,0,0,0,0,0,0,0,0,0,37905
1,1,1,1,1119,-979,1319,2,-18,0,-19,75,132,0,0,0,0,0,0,0,0,0,0,0,0,0,0,0,0,0,0,0,0,0,0,37915
1,1,1,1,1128,-970,1309,3,-2,-9,-20,78,131,0,0,0,0,0,0,0,0,0,0,0,0,0,0,0,0,0,0,0,0,0,0,37925
1,1,1,1,1119,-975,1294,11,1,-25,-19,78,134,0,0,0,0,0,0,0,0,0,0,0,0,0,0,0,0,0,0,0,0,0,0,37935
1,1,1,1,1117,-970,1288,41,6,-30,-18,77,133,0,0,0,0,0,0,0,0,0,0,0,0,0,0,0,0,0,0,0,0,0,0,37945
1,1,1,1,1117,-984,1274,56,12,-26,-15,78,132,0,0,0,0,0,0,0,0,0,0,0,0,0,0,0,0,0,0,0,0,0,0,37955
1,1,1,1,1111,-1004,1282,49,4,-26,-17,79,134,0,0,0,0,0,0,0,0,0,0,0,0,0,0,0,0,0,0,0,0,0,0,37965
1,1,1,1,1102,-1007,1289,29,-7,-23,-16,78,132,0,0,0,0,0,0,0,0,0,0,0,0,0,0,0,0,0,0,0,0,0,0,37975
1,1,1,1,1105,-983,1280,17,-17,-19,-17,79,133,0,0,0,0,0,0,0,0,0,0,0,0,0,0,0,0,0,0,0,0,0,0,37985
1,1,1,1,1103,-978,1262,42,-4,-18,-16,78,135,0,0,0,0,0,0,0,0,0,0,0,0,0,0,0,0,0,0,0,0,0,0,37995
1,1,1,1,1107,-977,1281,45,-6,-21,-18,78,134,0,0,0,0,0,0,0,0,0,0,0,0,0,0,0,0,0,0,0,0,0,0,38005
1,1,1,1,1113,-971,1289,39,-10,-27,-18,79,133,0,0,0,0,0,0,0,0,0,0,0,0,0,0,0,0,0,0,0,0,0,0,38015
1,1,1,1,1114,-971,1294,43,-10,-30,-16,79,132,0,0,0,0,0,0,0,0,0,0,0,0,0,0,0,0,0,0,0,0,0,0,38025
1,1,1,1,1117,-975,1305,34,3,-28,-16,80,135,0,0,0,0,0,0,0,0,0,0,0,0,0,0,0,0,0,0,0,0,0,0,38035
1,1,1,1,1110,-968,1291,28,-7,-29,-16,80,133,0,0,0,0,0,0,0,0,0,0,0,0,0,0,0,0,0,0,0,0,0,0,38045
1,1,1,1,1096,-979,1285,37,0,-27,-17,80,135,0,0,0,0,0,0,0,0,0,0,0,0,0,0,0,0,0,0,0,0,0,0,38055
1,1,1,1,1090,-996,1279,33,-7,-24,-18,81,133,0,0,0,0,0,0,0,0,0,0,0,0,0,0,0,0,0,0,0,0,0,0,38065
1,1,1,1,1091,-1004,1273,32,-1,-19,-20,81,136,0,0,0,0,0,0,0,0,0,0,0,0,0,0,0,0,0,0,0,0,0,0,38075
1,1,1,1,1109,-1002,1281,16,-13,-13,-21,81,135,0,0,0,0,0,0,0,0,0,0,0,0,0,0,0,0,0,0,0,0,0,0,38085
1,1,1,1,1115,-997,1281,4,-12,-7,-19,80,135,0,0,0,0,0,0,0,0,0,0,0,0,0,0,0,0,0,0,0,0,0,0,38095
1,1,1,1,1113,-988,1274,9,-18,2,-19,81,133,0,0,0,0,0,0,0,0,0,0,0,0,0,0,0,0,0,0,0,0,0,0,38105
1,1,1,1,1108,-990,1283,15,-14,8,-18,80,134,0,0,0,0,0,0,0,0,0,0,0,0,0,0,0,0,0,0,0,0,0,0,38115
1,1,1,1,1111,-962,1274,19,-16,12,-18,80,132,0,0,0,0,0,0,0,0,0,0,0,0,0,0,0,0,0,0,0,0,0,0,38125
1,1,1,1,1113,-957,1283,32,-24,10,-18,81,134,0,0,0,0,0,0,0,0,0,0,0,0,0,0,0,0,0,0,0,0,0,0,38135
1,1,1,1,1111,-962,1296,30,-26,6,-18,81,137,0,0,0,0,0,0,0,0,0,0,0,0,0,0,0,0,0,0,0,0,0,0,38145
1,1,1,1,1103,-980,1307,19,-19,-2,-18,78,135,0,0,0,0,0,0,0,0,0,0,0,0,0,0,0,0,0,0,0,0,0,0,38155
1,1,1,1,1107,-977,1303,16,-8,-10,-18,80,136,0,0,0,0,0,0,0,0,0,0,0,0,0,0,0,0,0,0,0,0,0,0,38165
1,1,1,1,1109,-986,1291,25,-2,-15,-17,80,135,0,0,0,0,0,0,0,0,0,0,0,0,0,0,0,0,0,0,0,0,0,0,38175
1,1,1,1,1111,-991,1298,9,-9,-13,-19,81,137,0,0,0,0,0,0,0,0,0,0,0,0,0,0,0,0,0,0,0,0,0,0,38185
1,1,1,1,1114,-991,1307,-5,-4,-9,-22,83,138,0,0,0,0,0,0,0,0,0,0,0,0,0,0,0,0,0,0,0,0,0,0,38195
1,1,1,1,1121,-987,1285,-9,-6,-1,-21,80,134,0,0,0,0,0,0,0,0,0,0,0,0,0,0,0,0,0,0,0,0,0,0,38205
1,1,1,1,1120,-975,1281,-7,-7,7,-22,84,137,0,0,0,0,0,0,0,0,0,0,0,0,0,0,0,0,0,0,0,0,0,0,38215
1,1,1,1,1123,-977,1281,-5,-16,10,-22,83,137,0,0,0,0,0,0,0,0,0,0,0,0,0,0,0,0,0,0,0,0,0,0,38225
1,1,1,1,1126,-969,1277,4,-6,12,-22,81,135,0,0,0,0,0,0,0,0,0,0,0,0,0,0,0,0,0,0,0,0,0,0,38235
1,1,1,1,1125,-977,1285,1,-7,7,-20,79,134,0,0,0,0,0,0,0,0,0,0,0,0,0,0,0,0,0,0,0,0,0,0,38245
1,1,1,1,1132,-958,1288,3,-6,5,-19,81,139,0,0,0,0,0,0,0,0,0,0,0,0,0,0,0,0,0,0,0,0,0,0,38255
1,1,1,1,1123,-964,1277,23,0,-3,-18,81,137,0,0,0,0,0,0,0,0,0,0,0,0,0,0,0,0,0,0,0,0,0,0,38265
1,1,1,1,1124,-975,1290,27,5,-9,-19,81,137,0,0,0,0,0,0,0,0,0,0,0,0,0,0,0,0,0,0,0,0,0,0,38275
1,1,1,1,1121,-970,1280,40,4,-10,-21,81,138,0,0,0,0,0,0,0,0,0,0,0,0,0,0,0,0,0,0,0,0,0,0,38285
1,1,1,1,1117,-983,1282,45,9,-8,-21,82,138,0,0,0,0,0,0,0,0,0,0,0,0,0,0,0,0,0,0,0,0,0,0,38295
1,1,1,1,1116,-974,1282,47,-4,-3,-22,82,141,0,0,0,0,0,0,0,0,0,0,0,0,0,0,0,0,0,0,0,0,0,0,38305
1,1,1,1,1103,-975,1247,53,-8,-5,-21,82,141,0,0,0,0,0,0,0,0,0,0,0,0,0,0,0,0,0,0,0,0,0,0,38315
1,1,1,1,1093,-982,1266,60,-7,-9,-18,82,140,0,0,0,0,0,0,0,0,0,0,0,0,0,0,0,0,0,0,0,0,0,0,38325
1,1,1,1,1105,-966,1272,60,-20,-10,-17,82,139,0,0,0,0,0,0,0,0,0,0,0,0,0,0,0,0,0,0,0,0,0,0,38335
1,1,1,1,1107,-958,1278,57,-18,-13,-18,82,140,0,0,0,0,0,0,0,0,0,0,0,0,0,0,0,0,0,0,0,0,0,0,38345
1,1,1,1,1111,-953,1288,48,-21,-16,-16,81,139,0,0,0,0,0,0,0,0,0,0,0,0,0,0,0,0,0,0,0,0,0,0,38355
1,1,1,1,1102,-959,1295,43,-23,-29,-17,83,142,0,0,0,0,0,0,0,0,0,0,0,0,0,0,0,0,0,0,0,0,0,0,38365
1,1,1,1,1104,-967,1289,34,-23,-27,-19,82,143,0,0,0,0,0,0,0,0,0,0,0,0,0,0,0,0,0,0,0,0,0,0,38375
1,1,1,1,1103,-961,1276,47,-22,-32,-19,83,142,0,0,0,0,0,0,0,0,0,0,0,0,0,0,0,0,0,0,0,0,0,0,38385
1,1,1,1,1116,-971,1282,43,-12,-31,-20,83,144,0,0,0,0,0,0,0,0,0,0,0,0,0,0,0,0,0,0,0,0,0,0,38395
1,1,1,1,1119,-976,1294,32,-15,-27,-19,84,145,0,0,0,0,0,0,0,0,0,0,0,0,0,0,0,0,0,0,0,0,0,0,38405
1,1,1,1,1142,-951,1287,48,-28,-17,-20,85,148,0,0,0,0,0,0,0,0,0,0,0,0,0,0,0,0,0,0,0,0,0,0,38415
1,1,1,1,1138,-962,1284,57,-40,-12,-19,85,148,0,0,0,0,0,0,0,0,0,0,0,0,0,0,0,0,0,0,0,0,0,0,38425
1,1,1,1,1123,-979,1283,48,-40,-7,-19,87,149,0,0,0,0,0,0,0,0,0,0,0,0,0,0,0,0,0,0,0,0,0,0,38435
1,1,1,1,1130,-969,1286,52,-39,-1,-19,86,151,0,0,0,0,0,0,0,0,0,0,0,0,0,0,0,0,0,0,0,0,0,0,38445
1,1,1,1,1130,-970,1283,53,-42,4,-20,86,155,0,0,0,0,0,0,0,0,0,0,0,0,0,0,0,0,0,0,0,0,0,0,38455
1,1,1,1,1110,-991,1274,34,-34,5,-21,87,153,0,0,0,0,0,0,0,0,0,0,0,0,0,0,0,0,0,0,0,0,0,0,38465
1,1,1,1,1109,-985,1294,20,-33,4,-20,88,154,0,0,0,0,0,0,0,0,0,0,0,0,0,0,0,0,0,0,0,0,0,0,38475
1,1,1,1,1115,-971,1288,33,-50,7,-20,89,154,0,0,0,0,0,0,0,0,0,0,0,0,0,0,0,0,0,0,0,0,0,0,38485
1,1,1,1,1113,-945,1268,78,-59,10,-24,93,156,0,0,0,0,0,0,0,0,0,0,0,0,0,0,0,0,0,0,0,0,0,0,38495
1,1,1,1,1127,-950,1268,120,-62,11,-22,92,158,0,0,0,0,0,0,0,0,0,0,0,0,0,0,0,0,0,0,0,0,0,0,38505
1,1,1,1,1135,-964,1298,94,-60,11,-23,90,159,0,0,0,0,0,0,0,0,0,0,0,0,0,0,0,0,0,0,0,0,0,0,38515
1,1,1,1,1135,-940,1297,87,-58,7,-21,90,158,0,0,0,0,0,0,0,0,0,0,0,0,0,0,0,0,0,0,0,0,0,0,38525
1,1,1,1,1129,-953,1299,81,-58,2,-20,89,158,0,0,0,0,0,0,0,0,0,0,0,0,0,0,0,0,0,0,0,0,0,0,38535
1,1,1,1,1137,-962,1312,48,-51,0,-22,93,161,0,0,0,0,0,0,0,0,0,0,0,0,0,0,0,0,0,0,0,0,0,0,38545
1,1,1,1,1136,-937,1279,46,-49,-7,-21,92,163,0,0,0,0,0,0,0,0,0,0,0,0,0,0,0,0,0,0,0,0,0,0,38555
1,1,1,1,1132,-930,1270,70,-37,-6,-20,93,164,0,0,0,0,0,0,0,0,0,0,0,0,0,0,0,0,0,0,0,0,0,0,38565
1,1,1,1,1124,-949,1292,75,-32,-8,-21,93,162,0,0,0,0,0,0,0,0,0,0,0,0,0,0,0,0,0,0,0,0,0,0,38575
1,1,1,1,1129,-933,1270,74,-29,-7,-21,94,165,0,0,0,0,0,0,0,0,0,0,0,0,0,0,0,0,0,0,0,0,0,0,38585
1,1,1,1,1119,-950,1267,73,-31,-8,-21,94,165,0,0,0,0,0,0,0,0,0,0,0,0,0,0,0,0,0,0,0,0,0,0,38595
1,1,1,1,1132,-934,1263,76,-27,-9,-24,94,166,0,0,0,0,0,0,0,0,0,0,0,0,0,0,0,0,0,0,0,0,0,0,38605
1,1,1,1,1138,-924,1273,73,-24,-13,-22,95,167,0,0,0,0,0,0,0,0,0,0,0,0,0,0,0,0,0,0,0,0,0,0,38615
1,1,1,1,1133,-953,1291,46,-26,-24,-20,95,165,0,0,0,0,0,0,0,0,0,0,0,0,0,0,0,0,0,0,0,0,0,0,38625
1,1,1,1,1117,-935,1297,25,-25,-29,-19,96,168,0,0,0,0,0,0,0,0,0,0,0,0,0,0,0,0,0,0,0,0,0,0,38635
1,1,1,1,1106,-946,1302,3,-25,-27,-20,97,165,0,0,0,0,0,0,0,0,0,0,0,0,0,0,0,0,0,0,0,0,0,0,38645
1,1,1,1,1094,-941,1306,-28,-13,-23,-21,97,168,0,0,0,0,0,0,0,0,0,0,0,0,0,0,0,0,0,0,0,0,0,0,38655
1,1,1,1,1085,-920,1301,-41,-11,-23,-22,98,166,0,0,0,0,0,0,0,0,0,0,0,0,0,0,0,0,0,0,0,0,0,0,38665
1,1,1,1,1082,-918,1292,-15,0,-27,-23,99,169,0,0,0,0,0,0,0,0,0,0,0,0,0,0,0,0,0,0,0,0,0,0,38675
1,1,1,1,1087,-945,1296,3,1,-36,-25,99,167,0,0,0,0,0,0,0,0,0,0,0,0,0,0,0,0,0,0,0,0,0,0,38685
1,1,1,1,1128,-958,1314,-2,11,-34,-22,97,168,0,0,0,0,0,0,0,0,0,0,0,0,0,0,0,0,0,0,0,0,0,0,38695
1,1,1,1,1161,-950,1310,-1,17,-33,-23,98,167,0,0,0,0,0,0,0,0,0,0,0,0,0,0,0,0,0,0,0,0,0,0,38705
1,1,1,1,1191,-949,1307,0,2,-28,-24,97,164,0,0,0,0,0,0,0,0,0,0,0,0,0,0,0,0,0,0,0,0,0,0,38715
1,1,1,1,1190,-967,1292,-29,10,-24,-22,97,163,0,0,0,0,0,0,0,0,0,0,0,0,0,0,0,0,0,0,0,0,0,0,38725
1,1,1,1,1200,-951,1292,-68,22,-12,-21,97,166,0,0,0,0,0,0,0,0,0,0,0,0,0,0,0,0,0,0,0,0,0,0,38735
1,1,1,1,1187,-948,1292,-95,18,-2,-23,97,163,0,0,0,0,0,0,0,0,0,0,0,0,0,0,0,0,0,0,0,0,0,0,38745
1,1,1,1,1168,-929,1255,-89,22,7,-23,97,164,0,0,0,0,0,0,0,0,0,0,0,0,0,0,0,0,0,0,0,0,0,0,38755
1,1,1,1,1139,-952,1266,-53,31,13,-25,97,164,0,0,0,0,0,0,0,0,0,0,0,0,0,0,0,0,0,0,0,0,0,0,38765
1,1,1,1,1127,-942,1278,-24,18,17,-24,95,163,0,0,0,0,0,0,0,0,0,0,0,0,0,0,0,0,0,0,0,0,0,0,38775
1,1,1,1,1127,-940,1267,6,15,15,-23,96,163,0,0,0,0,0,0,0,0,0,0,0,0,0,0,0,0,0,0,0,0,0,0,38785
1,1,1,1,1136,-942,1277,36,12,10,-25,98,161,0,0,0,0,0,0,0,0,0,0,0,0,0,0,0,0,0,0,0,0,0,0,38795
1,1,1,1,1140,-949,1279,44,0,9,-26,98,162,0,0,0,0,0,0,0,0,0,0,0,0,0,0,0,0,0,0,0,0,0,0,38805
1,1,1,1,1140,-953,1295,26,3,13,-26,96,160,0,0,0,0,0,0,0,0,0,0,0,0,0,0,0,0,0,0,0,0,0,0,38815
1,1,1,1,1139,-953,1323,-25,1,21,-27,97,162,0,0,0,0,0,0,0,0,0,0,0,0,0,0,0,0,0,0,0,0,0,0,38825
1,1,1,1,1136,-926,1318,-51,15,33,-26,97,161,0,0,0,0,0,0,0,0,0,0,0,0,0,0,0,0,0,0,0,0,0,0,38835
1,1,1,1,1112,-941,1295,-38,20,31,-25,95,161,0,0,0,0,0,0,0,0,0,0,0,0,0,0,0,0,0,0,0,0,0,0,38845
1,1,1,1,1108,-931,1308,-45,33,27,-23,94,160,0,0,0,0,0,0,0,0,0,0,0,0,0,0,0,0,0,0,0,0,0,0,38855
1,1,1,1,1109,-931,1292,-39,29,11,-23,95,161,0,0,0,0,0,0,0,0,0,0,0,0,0,0,0,0,0,0,0,0,0,0,38865
1,1,1,1,1113,-936,1264,-22,38,-2,-22,95,163,0,0,0,0,0,0,0,0,0,0,0,0,0,0,0,0,0,0,0,0,0,0,38875
1,1,1,1,1106,-939,1278,-14,38,-20,-23,95,160,0,0,0,0,0,0,0,0,0,0,0,0,0,0,0,0,0,0,0,0,0,0,38885
1,1,1,1,1099,-936,1273,-5,31,-33,-24,95,161,0,0,0,0,0,0,0,0,0,0,0,0,0,0,0,0,0,0,0,0,0,0,38895
1,1,1,1,1104,-924,1276,10,18,-33,-24,94,158,0,0,0,0,0,0,0,0,0,0,0,0,0,0,0,0,0,0,0,0,0,0,38905
1,1,1,1,1093,-960,1262,2,3,-31,-23,94,156,0,0,0,0,0,0,0,0,0,0,0,0,0,0,0,0,0,0,0,0,0,0,38915
1,1,1,1,1084,-965,1267,-12,-1,-24,-23,94,162,0,0,0,0,0,0,0,0,0,0,0,0,0,0,0,0,0,0,0,0,0,0,38925
1,1,1,1,1088,-973,1273,-33,-2,-11,-21,92,159,0,0,0,0,0,0,0,0,0,0,0,0,0,0,0,0,0,0,0,0,0,0,38935
1,1,1,1,1086,-966,1258,-23,-2,-2,-21,94,161,0,0,0,0,0,0,0,0,0,0,0,0,0,0,0,0,0,0,0,0,0,0,38945
1,1,1,1,1089,-971,1262,-6,-4,-1,-21,92,155,0,0,0,0,0,0,0,0,0,0,0,0,0,0,0,0,0,0,0,0,0,0,38955
1,1,1,1,1118,-949,1274,-1,-15,-4,-21,92,155,0,0,0,0,0,0,0,0,0,0,0,0,0,0,0,0,0,0,0,0,0,0,38965
1,1,1,1,1151,-908,1263,20,-15,-5,-22,92,157,0,0,0,0,0,0,0,0,0,0,0,0,0,0,0,0,0,0,0,0,0,0,38975
1,1,1,1,1160,-914,1256,58,-19,-13,-23,91,156,0,0,0,0,0,0,0,0,0,0,0,0,0,0,0,0,0,0,0,0,0,0,38985
1,1,1,1,1177,-926,1270,85,-27,-20,-22,92,155,0,0,0,0,0,0,0,0,0,0,0,0,0,0,0,0,0,0,0,0,0,0,38995
1,1,1,1,1177,-926,1270,62,-13,-19,-22,91,152,0,0,0,0,0,0,0,0,0,0,0,0,0,0,0,0,0,0,0,0,0,0,39005
1,1,1,1,1169,-963,1326,24,-10,-17,-21,90,153,0,0,0,0,0,0,0,0,0,0,0,0,0,0,0,0,0,0,0,0,0,0,39015
1,1,1,1,1141,-975,1307,14,-2,-8,-21,90,153,0,0,0,0,0,0,0,0,0,0,0,0,0,0,0,0,0,0,0,0,0,0,39025
1,1,1,1,1131,-979,1299,4,1,-1,-24,91,152,0,0,0,0,0,0,0,0,0,0,0,0,0,0,0,0,0,0,0,0,0,0,39035
1,1,1,1,1134,-963,1301,-11,4,10,-21,90,154,0,0,0,0,0,0,0,0,0,0,0,0,0,0,0,0,0,0,0,0,0,0,39045
1,1,1,1,1145,-947,1296,-2,3,22,-24,91,153,0,0,0,0,0,0,0,0,0,0,0,0,0,0,0,0,0,0,0,0,0,0,39055
1,1,1,1,1151,-953,1286,11,7,29,-24,92,154,0,0,0,0,0,0,0,0,0,0,0,0,0,0,0,0,0,0,0,0,0,0,39065
1,1,1,1,1142,-971,1284,22,6,25,-25,91,154,0,0,0,0,0,0,0,0,0,0,0,0,0,0,0,0,0,0,0,0,0,0,39075
1,1,1,1,1143,-973,1297,27,18,25,-23,91,150,0,0,0,0,0,0,0,0,0,0,0,0,0,0,0,0,0,0,0,0,0,0,39085
1,1,1,1,1154,-952,1312,22,19,31,-21,89,154,0,0,0,0,0,0,0,0,0,0,0,0,0,0,0,0,0,0,0,0,0,0,39095
1,1,1,1,1146,-962,1302,8,11,32,-21,90,148,0,0,0,0,0,0,0,0,0,0,0,0,0,0,0,0,0,0,0,0,0,0,39105
1,1,1,1,1164,-958,1305,-7,18,36,-23,91,152,0,0,0,0,0,0,0,0,0,0,0,0,0,0,0,0,0,0,0,0,0,0,39115
1,1,1,1,1149,-936,1287,-3,13,38,-24,94,157,0,0,0,0,0,0,0,0,0,0,0,0,0,0,0,0,0,0,0,0,0,0,39125
1,1,1,1,1160,-938,1268,8,-1,35,-23,90,156,0,0,0,0,0,0,0,0,0,0,0,0,0,0,0,0,0,0,0,0,0,0,39135
1,1,1,1,1175,-945,1268,3,-11,40,-26,94,158,0,0,0,0,0,0,0,0,0,0,0,0,0,0,0,0,0,0,0,0,0,0,39145
1,1,1,1,1159,-955,1247,15,-21,39,-22,94,156,0,0,0,0,0,0,0,0,0,0,0,0,0,0,0,0,0,0,0,0,0,0,39155
1,1,1,1,1149,-952,1247,37,-32,40,-20,94,158,0,0,0,0,0,0,0,0,0,0,0,0,0,0,0,0,0,0,0,0,0,0,39165
1,1,1,1,1148,-928,1242,72,-32,46,-17,92,157,0,0,0,0,0,0,0,0,0,0,0,0,0,0,0,0,0,0,0,0,0,0,39175
1,1,1,1,1113,-941,1241,94,-32,44,-19,92,159,0,0,0,0,0,0,0,0,0,0,0,0,0,0,0,0,0,0,0,0,0,0,39185
1,1,1,1,1081,-957,1277,93,-32,39,-20,93,156,0,0,0,0,0,0,0,0,0,0,0,0,0,0,0,0,0,0,0,0,0,0,39195
1,1,1,1,1068,-937,1308,72,-38,38,-22,92,156,0,0,0,0,0,0,0,0,0,0,0,0,0,0,0,0,0,0,0,0,0,0,39205
1,1,1,1,1076,-922,1320,55,-37,36,-21,92,156,0,0,0,0,0,0,0,0,0,0,0,0,0,0,0,0,0,0,0,0,0,0,39215
1,1,1,1,1049,-943,1326,27,-29,26,-23,93,156,0,0,0,0,0,0,0,0,0,0,0,0,0,0,0,0,0,0,0,0,0,0,39225
1,1,1,1,1035,-946,1326,4,-25,13,-22,93,156,0,0,0,0,0,0,0,0,0,0,0,0,0,0,0,0,0,0,0,0,0,0,39235
1,1,1,1,1063,-933,1337,-6,-12,8,-21,92,157,0,0,0,0,0,0,0,0,0,0,0,0,0,0,0,0,0,0,0,0,0,0,39245
1,1,1,1,1106,-926,1315,-15,-7,4,-20,91,154,0,0,0,0,0,0,0,0,0,0,0,0,0,0,0,0,0,0,0,0,0,0,39255
1,1,1,1,1123,-934,1310,-27,1,-6,-22,92,154,0,0,0,0,0,0,0,0,0,0,0,0,0,0,0,0,0,0,0,0,0,0,39265
1,1,1,1,1142,-931,1303,-24,-1,-13,-23,92,153,0,0,0,0,0,0,0,0,0,0,0,0,0,0,0,0,0,0,0,0,0,0,39275
1,1,1,1,1148,-921,1278,-1,-3,-15,-23,92,155,0,0,0,0,0,0,0,0,0,0,0,0,0,0,0,0,0,0,0,0,0,0,39285
1,1,1,1,1136,-926,1271,13,4,-12,-22,92,156,0,0,0,0,0,0,0,0,0,0,0,0,0,0,0,0,0,0,0,0,0,0,39295
1,1,1,1,1117,-954,1283,22,4,-9,-22,92,153,0,0,0,0,0,0,0,0,0,0,0,0,0,0,0,0,0,0,0,0,0,0,39305
1,1,1,1,1124,-950,1285,15,0,-4,-22,92,154,0,0,0,0,0,0,0,0,0,0,0,0,0,0,0,0,0,0,0,0,0,0,39315
1,1,1,1,1124,-944,1288,16,-3,-5,-20,92,153,0,0,0,0,0,0,0,0,0,0,0,0,0,0,0,0,0,0,0,0,0,0,39325
1,1,1,1,1126,-941,1295,19,-3,-7,-20,91,153,0,0,0,0,0,0,0,0,0,0,0,0,0,0,0,0,0,0,0,0,0,0,39335
1,1,1,1,1123,-933,1295,23,4,-6,-21,91,156,0,0,0,0,0,0,0,0,0,0,0,0,0,0,0,0,0,0,0,0,0,0,39345
1,1,1,1,1120,-932,1302,20,6,-8,-20,92,155,0,0,0,0,0,0,0,0,0,0,0,0,0,0,0,0,0,0,0,0,0,0,39355
1,1,1,1,1116,-931,1305,14,7,-8,-23,92,156,0,0,0,0,0,0,0,0,0,0,0,0,0,0,0,0,0,0,0,0,0,0,39365
1,1,1,1,1112,-931,1302,22,19,-8,-19,92,153,0,0,0,0,0,0,0,0,0,0,0,0,0,0,0,0,0,0,0,0,0,0,39375
1,1,1,1,1117,-918,1295,14,15,-13,-20,90,155,0,0,0,0,0,0,0,0,0,0,0,0,0,0,0,0,0,0,0,0,0,0,39385
1,1,1,1,1115,-925,1309,10,26,-21,-22,93,154,0,0,0,0,0,0,0,0,0,0,0,0,0,0,0,0,0,0,0,0,0,0,39395
1,1,1,1,1127,-914,1299,-6,27,-26,-25,97,157,0,0,0,0,0,0,0,0,0,0,0,0,0,0,0,0,0,0,0,0,0,0,39405
1,1,1,1,1133,-932,1292,-9,26,-35,-22,90,155,0,0,0,0,0,0,0,0,0,0,0,0,0,0,0,0,0,0,0,0,0,0,39415
1,1,1,1,1126,-939,1283,-12,24,-35,-22,89,157,0,0,0,0,0,0,0,0,0,0,0,0,0,0,0,0,0,0,0,0,0,0,39425
1,1,1,1,1124,-960,1285,-21,16,-29,-23,94,156,0,0,0,0,0,0,0,0,0,0,0,0,0,0,0,0,0,0,0,0,0,0,39435
1,1,1,1,1127,-955,1266,-21,-3,-23,-22,91,158,0,0,0,0,0,0,0,0,0,0,0,0,0,0,0,0,0,0,0,0,0,0,39445
1,1,1,1,1133,-939,1239,14,-15,-13,-20,90,156,0,0,0,0,0,0,0,0,0,0,0,0,0,0,0,0,0,0,0,0,0,0,39455
1,1,1,1,1128,-948,1242,55,-19,-6,-20,92,156,0,0,0,0,0,0,0,0,0,0,0,0,0,0,0,0,0,0,0,0,0,0,39465
1,1,1,1,1139,-938,1255,72,-34,1,-18,93,159,0,0,0,0,0,0,0,0,0,0,0,0,0,0,0,0,0,0,0,0,0,0,39475
1,1,1,1,1135,-923,1277,84,-38,5,-22,92,157,0,0,0,0,0,0,0,0,0,0,0,0,0,0,0,0,0,0,0,0,0,0,39485
1,1,1,1,1122,-936,1277,113,-39,9,-21,92,156,0,0,0,0,0,0,0,0,0,0,0,0,0,0,0,0,0,0,0,0,0,0,39495
1,1,1,1,1117,-961,1321,90,-35,10,-20,92,154,0,0,0,0,0,0,0,0,0,0,0,0,0,0,0,0,0,0,0,0,0,0,39505
1,1,1,1,1127,-956,1338,48,-32,14,-21,92,156,0,0,0,0,0,0,0,0,0,0,0,0,0,0,0,0,0,0,0,0,0,0,39515
1,1,1,1,1128,-920,1288,92,-24,9,-23,92,154,0,0,0,0,0,0,0,0,0,0,0,0,0,0,0,0,0,0,0,0,0,0,39525
1,1,1,1,1139,-925,1285,128,-24,-1,-22,92,156,0,0,0,0,0,0,0,0,0,0,0,0,0,0,0,0,0,0,0,0,0,0,39535
1,1,1,1,1157,-970,1328,69,-14,6,-22,92,156,0,0,0,0,0,0,0,0,0,0,0,0,0,0,0,0,0,0,0,0,0,0,39545
1,1,1,1,1143,-923,1296,45,-10,15,-23,93,156,0,0,0,0,0,0,0,0,0,0,0,0,0,0,0,0,0,0,0,0,0,0,39565
1,1,1,1,1124,-921,1278,67,-12,15,-22,92,155,0,0,0,0,0,0,0,0,0,0,0,0,0,0,0,0,0,0,0,0,0,0,39575
1,1,1,1,1119,-928,1292,63,-2,9,-22,92,155,0,0,0,0,0,0,0,0,0,0,0,0,0,0,0,0,0,0,0,0,0,0,39585
1,1,1,1,1117,-918,1303,56,0,9,-24,92,155,0,0,0,0,0,0,0,0,0,0,0,0,0,0,0,0,0,0,0,0,0,0,39595
1,1,1,1,1118,-923,1310,33,4,5,-24,92,154,0,0,0,0,0,0,0,0,0,0,0,0,0,0,0,0,0,0,0,0,0,0,39605
1,1,1,1,1121,-924,1320,8,2,3,-22,92,154,0,0,0,0,0,0,0,0,0,0,0,0,0,0,0,0,0,0,0,0,0,0,39615
1,1,1,1,1112,-911,1296,-1,-3,1,-22,91,154,0,0,0,0,0,0,0,0,0,0,0,0,0,0,0,0,0,0,0,0,0,0,39625
1,1,1,1,1107,-906,1278,21,-5,-3,-20,92,155,0,0,0,0,0,0,0,0,0,0,0,0,0,0,0,0,0,0,0,0,0,0,39635
1,1,1,1,1109,-909,1266,45,-8,-8,-20,92,155,0,0,0,0,0,0,0,0,0,0,0,0,0,0,0,0,0,0,0,0,0,0,39645
1,1,1,1,1122,-916,1254,90,-14,-14,-23,92,153,0,0,0,0,0,0,0,0,0,0,0,0,0,0,0,0,0,0,0,0,0,0,39655
1,1,1,1,1134,-920,1273,96,-15,-16,-21,92,153,0,0,0,0,0,0,0,0,0,0,0,0,0,0,0,0,0,0,0,0,0,0,39665
1,1,1,1,1141,-917,1303,54,-17,-17,-25,95,155,0,0,0,0,0,0,0,0,0,0,0,0,0,0,0,0,0,0,0,0,0,0,39675
1,1,1,1,1113,-925,1315,32,-14,-21,-22,93,150,0,0,0,0,0,0,0,0,0,0,0,0,0,0,0,0,0,0,0,0,0,0,39685
1,1,1,1,1115,-914,1325,8,-5,-24,-22,90,148,0,0,0,0,0,0,0,0,0,0,0,0,0,0,0,0,0,0,0,0,0,0,39695
1,1,1,1,1110,-919,1327,-23,2,-28,-23,91,147,0,0,0,0,0,0,0,0,0,0,0,0,0,0,0,0,0,0,0,0,0,0,39705
1,1,1,1,1105,-935,1310,-37,16,-37,-24,91,145,0,0,0,0,0,0,0,0,0,0,0,0,0,0,0,0,0,0,0,0,0,0,39715
1,1,1,1,1113,-943,1325,-72,41,-43,-25,89,142,0,0,0,0,0,0,0,0,0,0,0,0,0,0,0,0,0,0,0,0,0,0,39725
1,1,1,1,1117,-918,1310,-95,40,-52,-25,91,140,0,0,0,0,0,0,0,0,0,0,0,0,0,0,0,0,0,0,0,0,0,0,39735
1,1,1,1,1126,-893,1285,-50,65,-54,-23,86,132,0,0,0,0,0,0,0,0,0,0,0,0,0,0,0,0,0,0,0,0,0,0,39745
1,1,1,1,1130,-875,1268,6,67,-64,-20,82,130,0,0,0,0,0,0,0,0,0,0,0,0,0,0,0,0,0,0,0,0,0,0,39755
1,1,1,1,1136,-890,1297,-11,74,-64,-22,86,131,0,0,0,0,0,0,0,0,0,0,0,0,0,0,0,0,0,0,0,0,0,0,39765
1,1,1,1,1117,-908,1340,-55,83,-62,-23,85,129,0,0,0,0,0,0,0,0,0,0,0,0,0,0,0,0,0,0,0,0,0,0,39775
1,1,1,1,1108,-897,1334,-78,85,-60,-20,84,127,0,0,0,0,0,0,0,0,0,0,0,0,0,0,0,0,0,0,0,0,0,0,39785
1,1,1,1,1091,-927,1321,-74,78,-57,-22,84,125,0,0,0,0,0,0,0,0,0,0,0,0,0,0,0,0,0,0,0,0,0,0,39795
1,1,1,1,1093,-941,1299,-36,68,-61,-22,83,123,0,0,0,0,0,0,0,0,0,0,0,0,0,0,0,0,0,0,0,0,0,0,39805
1,1,1,1,1106,-947,1286,-20,56,-58,-23,84,126,0,0,0,0,0,0,0,0,0,0,0,0,0,0,0,0,0,0,0,0,0,0,39815
1,1,1,1,1118,-945,1270,-6,40,-53,-24,83,123,0,0,0,0,0,0,0,0,0,0,0,0,0,0,0,0,0,0,0,0,0,0,39825
1,1,1,1,1144,-926,1239,44,25,-49,-25,82,122,0,0,0,0,0,0,0,0,0,0,0,0,0,0,0,0,0,0,0,0,0,0,39835
1,1,1,1,1174,-892,1236,96,21,-41,-22,81,119,0,0,0,0,0,0,0,0,0,0,0,0,0,0,0,0,0,0,0,0,0,0,39845
1,1,1,1,1163,-909,1266,130,4,-43,-21,80,117,0,0,0,0,0,0,0,0,0,0,0,0,0,0,0,0,0,0,0,0,0,0,39855
1,1,1,1,1175,-832,1282,104,10,-39,-21,81,117,0,0,0,0,0,0,0,0,0,0,0,0,0,0,0,0,0,0,0,0,0,0,39865
1,1,1,1,1149,-887,1337,55,31,-35,-20,80,115,0,0,0,0,0,0,0,0,0,0,0,0,0,0,0,0,0,0,0,0,0,0,39875
1,1,1,1,1096,-897,1306,97,24,-44,-21,80,115,0,0,0,0,0,0,0,0,0,0,0,0,0,0,0,0,0,0,0,0,0,0,39885
1,1,1,1,1078,-935,1336,88,31,-54,-22,79,113,0,0,0,0,0,0,0,0,0,0,0,0,0,0,0,0,0,0,0,0,0,0,39895
1,1,1,1,1099,-915,1346,73,46,-54,-21,77,112,0,0,0,0,0,0,0,0,0,0,0,0,0,0,0,0,0,0,0,0,0,0,39905
1,1,1,1,1124,-876,1304,118,51,-53,-20,78,113,0,0,0,0,0,0,0,0,0,0,0,0,0,0,0,0,0,0,0,0,0,0,39915
1,1,1,1,1116,-890,1338,144,50,-46,-21,76,111,0,0,0,0,0,0,0,0,0,0,0,0,0,0,0,0,0,0,0,0,0,0,39925
1,1,1,1,1098,-908,1353,122,58,-37,-20,75,107,0,0,0,0,0,0,0,0,0,0,0,0,0,0,0,0,0,0,0,0,0,0,39935
1,1,1,1,1098,-868,1334,63,73,-9,-20,72,103,0,0,0,0,0,0,0,0,0,0,0,0,0,0,0,0,0,0,0,0,0,0,39945
1,1,1,1,1124,-860,1339,-13,79,22,-24,71,101,0,0,0,0,0,0,0,0,0,0,0,0,0,0,0,0,0,0,0,0,0,0,39955
1,1,1,1,1118,-956,1400,-240,110,50,-27,69,99,0,0,0,0,0,0,0,0,0,0,0,0,0,0,0,0,0,0,0,0,0,0,39965
1,1,1,1,1077,-968,1437,-519,143,46,-27,68,97,0,0,0,0,0,0,0,0,0,0,0,0,0,0,0,0,0,0,0,0,0,0,39975
1,1,1,1,1097,-922,1378,-736,173,49,-27,68,94,0,0,0,0,0,0,0,0,0,0,0,0,0,0,0,0,0,0,0,0,0,0,39985
1,1,1,1,1075,-896,1289,-765,176,49,-25,66,93,0,0,0,0,0,0,0,0,0,0,0,0,0,0,0,0,0,0,0,0,0,0,39995
1,1,1,1,1038,-862,1185,-607,171,26,-24,64,93,0,0,0,0,0,0,0,0,0,0,0,0,0,0,0,0,0,0,0,0,0,0,40005
1,1,1,1,1021,-842,1160,-411,161,16,-23,59,88,0,0,0,0,0,0,0,0,0,0,0,0,0,0,0,0,0,0,0,0,0,0,40015
1,1,1,1,1017,-924,1210,-235,101,12,-24,60,83,0,0,0,0,0,0,0,0,0,0,0,0,0,0,0,0,0,0,0,0,0,0,40025
1,1,1,1,1003,-945,1203,-146,42,30,-24,57,82,0,0,0,0,0,0,0,0,0,0,0,0,0,0,0,0,0,0,0,0,0,0,40035
1,1,1,1,968,-982,1232,-260,27,70,-25,57,75,0,0,0,0,0,0,0,0,0,0,0,0,0,0,0,0,0,0,0,0,0,0,40045
1,1,1,1,1040,-1082,1371,-506,-16,113,-26,55,74,0,0,0,0,0,0,0,0,0,0,0,0,0,0,0,0,0,0,0,0,0,0,40055
1,1,1,1,1103,-1123,1447,-875,-81,116,-26,53,73,0,0,0,0,0,0,0,0,0,0,0,0,0,0,0,0,0,0,0,0,0,0,40065
1,1,1,1,1045,-1049,1338,-1131,-110,104,-25,53,70,0,0,0,0,0,0,0,0,0,0,0,0,0,0,0,0,0,0,0,0,0,0,40075
1,1,1,1,1057,-1025,1252,-1159,-132,85,-22,50,68,0,0,0,0,0,0,0,0,0,0,0,0,0,0,0,0,0,0,0,0,0,0,40085
1,1,1,1,1016,-977,1140,-1040,-130,28,-23,47,62,0,0,0,0,0,0,0,0,0,0,0,0,0,0,0,0,0,0,0,0,0,0,40095
1,1,1,1,1045,-922,1204,-907,-151,-1,-25,43,54,0,0,0,0,0,0,0,0,0,0,0,0,0,0,0,0,0,0,0,0,0,0,40105
1,1,1,1,952,-1096,1190,-997,-197,17,-22,43,56,0,0,0,0,0,0,0,0,0,0,0,0,0,0,0,0,0,0,0,0,0,0,40115
1,1,1,1,1088,-1314,1099,-815,-158,-69,-23,42,54,0,0,0,0,0,0,0,0,0,0,0,0,0,0,0,0,0,0,0,0,0,0,40125
1,1,1,1,1329,-1669,1366,-999,-212,-339,-34,35,41,0,0,0,0,0,0,0,0,0,0,0,0,0,0,0,0,0,0,0,0,0,0,40135
1,1,1,1,789,-1505,1308,-2004,-244,-180,-40,20,22,0,0,0,0,0,0,0,0,0,0,0,0,0,0,0,0,0,0,0,0,0,0,40145
1,1,1,1,1369,-700,1153,-3142,-183,-70,-25,21,23,0,0,0,0,0,0,0,0,0,0,0,0,0,0,0,0,0,0,0,0,0,0,40155
1,1,1,1,1172,-754,1184,-3388,-160,85,-21,18,-13,0,0,0,0,0,0,0,0,0,0,0,0,0,0,0,0,0,0,0,0,0,0,40165
1,1,1,1,1207,-948,1280,-1714,-235,346,-20,21,32,0,0,0,0,0,0,0,0,0,0,0,0,0,0,0,0,0,0,0,0,0,0,40175
1,1,1,1,1406,-1894,877,-1462,-42,-363,-31,20,11,0,0,0,0,0,0,0,0,0,0,0,0,0,0,0,0,0,0,0,0,0,0,40185
1,1,1,1,1095,-1273,1238,-1820,-135,-206,-29,18,22,0,0,0,0,0,0,0,0,0,0,0,0,0,0,0,0,0,0,0,0,0,0,40195
1,1,1,1,1014,-1371,1016,-2037,-154,-200,-27,18,18,0,0,0,0,0,0,0,0,0,0,0,0,0,0,0,0,0,0,0,0,0,0,40205
1,1,1,1,1014,-1371,1016,-1733,-145,-276,-28,17,21,0,0,0,0,0,0,0,0,0,0,0,0,0,0,0,0,0,0,0,0,0,0,40215
1,1,1,1,1019,-1270,1087,-1754,-192,-207,-31,17,23,0,0,0,0,0,0,0,0,0,0,0,0,0,0,0,0,0,0,0,0,0,0,40225
1,1,1,1,1022,-1433,953,-1845,-138,-186,-36,14,13,0,0,0,0,0,0,0,0,0,0,0,0,0,0,0,0,0,0,0,0,0,0,40235
1,1,1,1,988,-1386,937,-2331,-159,46,-36,12,7,0,0,0,0,0,0,0,0,0,0,0,0,0,0,0,0,0,0,0,0,0,0,40245
1,1,1,1,1079,-1394,1062,-2755,-309,254,-33,8,21,0,0,0,0,0,0,0,0,0,0,0,0,0,0,0,0,0,0,0,0,0,0,40255
1,1,1,1,1190,-1754,836,-2454,-242,84,-30,15,-4,0,0,0,0,0,0,0,0,0,0,0,0,0,0,0,0,0,0,0,0,0,0,40265
1,1,1,1,1193,-1498,1123,-2318,-456,373,-36,8,-7,0,0,0,0,0,0,0,0,0,0,0,0,0,0,0,0,0,0,0,0,0,0,40275
1,1,1,1,1300,-1266,1474,-3081,-1101,810,-36,20,2,0,0,0,0,0,0,0,0,0,0,0,0,0,0,0,0,0,0,0,0,0,0,40285
1,1,1,1,1416,-1711,1315,-3285,-1527,533,-22,26,26,0,0,0,0,0,0,0,0,0,0,0,0,0,0,0,0,0,0,0,0,0,0,40295
1,1,1,1,1342,-2138,933,-2810,-1598,-93,-34,21,29,0,0,0,0,0,0,0,0,0,0,0,0,0,0,0,0,0,0,0,0,0,0,40305
1,1,1,1,1094,-1953,131,-3131,-962,-272,-38,22,24,0,0,0,0,0,0,0,0,0,0,0,0,0,0,0,0,0,0,0,0,0,0,40315
1,1,1,1,879,-1751,530,-3320,-527,-373,-23,19,26,0,0,0,0,0,0,0,0,0,0,0,0,0,0,0,0,0,0,0,0,0,0,40325
1,1,1,1,931,-1554,726,-2594,-272,-458,-32,25,24,0,0,0,0,0,0,0,0,0,0,0,0,0,0,0,0,0,0,0,0,0,0,40335
1,1,1,1,1106,-1886,652,-2781,-210,-272,-35,22,22,0,0,0,0,0,0,0,0,0,0,0,0,0,0,0,0,0,0,0,0,0,0,40345
1,1,1,1,1312,-2288,637,-3500,-467,-160,-41,24,24,0,0,0,0,0,0,0,0,0,0,0,0,0,0,0,0,0,0,0,0,0,0,40355
1,1,1,1,1593,-2276,532,-4669,-1260,-428,-31,24,22,0,0,0,0,0,0,0,0,0,0,0,0,0,0,0,0,0,0,0,0,0,0,40375
1,1,1,1,1552,-1901,602,-3853,-1371,-788,-10,24,29,0,0,0,0,0,0,0,0,0,0,0,0,0,0,0,0,0,0,0,0,0,0,40385
1,1,1,1,1319,-1515,746,-2322,-1342,-1221,-14,24,27,0,0,0,0,0,0,0,0,0,0,0,0,0,0,0,0,0,0,0,0,0,0,40395
1,1,1,1,1497,-2050,474,-1489,-1455,-1557,-10,45,29,0,0,0,0,0,0,0,0,0,0,0,0,0,0,0,0,0,0,0,0,0,0,40405
1,1,1,1,1641,-1242,305,-1957,-1562,-755,-27,25,33,0,0,0,0,0,0,0,0,0,0,0,0,0,0,0,0,0,0,0,0,0,0,40415
1,1,1,1,1342,-1516,213,-2787,-1386,187,-25,13,-2,0,0,0,0,0,0,0,0,0,0,0,0,0,0,0,0,0,0,0,0,0,0,40425
1,1,1,1,1486,-2958,-301,-2585,-828,-588,-51,-25,-89,0,0,0,0,0,0,0,0,0,0,0,0,0,0,0,0,0,0,0,0,0,0,40435
1,1,1,1,1255,-1119,-791,-3864,-318,372,-30,13,9,0,0,0,0,0,0,0,0,0,0,0,0,0,0,0,0,0,0,0,0,0,0,40445
1,1,1,1,1340,-2716,-315,-4858,-486,12,-30,15,7,0,0,0,0,0,0,0,0,0,0,0,0,0,0,0,0,0,0,0,0,0,0,40455
1,1,1,1,1222,-1726,-218,-4480,-691,-76,-23,18,-3,0,0,0,0,0,0,0,0,0,0,0,0,0,0,0,0,0,0,0,0,0,0,40465
1,1,1,1,1218,-1512,1,-3837,-871,123,-22,16,-1,0,0,0,0,0,0,0,0,0,0,0,0,0,0,0,0,0,0,0,0,0,0,40475
1,1,1,1,1177,-1855,-153,-3312,-1020,124,-25,15,7,0,0,0,0,0,0,0,0,0,0,0,0,0,0,0,0,0,0,0,0,0,0,40485
1,1,1,1,994,-2058,-358,-3258,-928,57,-23,16,11,0,0,0,0,0,0,0,0,0,0,0,0,0,0,0,0,0,0,0,0,0,0,40495
1,1,1,1,1135,-2205,-768,-2884,-501,9,-27,14,9,0,0,0,0,0,0,0,0,0,0,0,0,0,0,0,0,0,0,0,0,0,0,40505
1,1,1,1,1417,-2208,-1221,-2788,52,63,-22,18,12,0,0,0,0,0,0,0,0,0,0,0,0,0,0,0,0,0,0,0,0,0,0,40515
1,1,1,1,1454,-2483,-277,-2849,-321,-196,-24,8,-13,0,0,0,0,0,0,0,0,0,0,0,0,0,0,0,0,0,0,0,0,0,0,40525
1,1,1,1,1559,-1865,-418,-2525,-251,75,-25,15,6,0,0,0,0,0,0,0,0,0,0,0,0,0,0,0,0,0,0,0,0,0,0,40535
1,1,1,1,1611,-2089,-437,-2414,-383,40,-22,11,13,0,0,0,0,0,0,0,0,0,0,0,0,0,0,0,0,0,0,0,0,0,0,40545
1,1,1,1,1516,-1827,-665,-2175,-382,-46,-29,5,6,0,0,0,0,0,0,0,0,0,0,0,0,0,0,0,0,0,0,0,0,0,0,40555
1,1,1,1,1433,-1556,-701,-1908,-481,-132,-34,6,12,0,0,0,0,0,0,0,0,0,0,0,0,0,0,0,0,0,0,0,0,0,0,40565
1,1,1,1,1409,-1662,-724,-2253,-575,-209,-40,8,11,0,0,0,0,0,0,0,0,0,0,0,0,0,0,0,0,0,0,0,0,0,0,40575
1,1,1,1,1384,-2002,-683,-2946,-772,-153,-37,8,5,0,0,0,0,0,0,0,0,0,0,0,0,0,0,0,0,0,0,0,0,0,0,40585
1,1,1,1,1371,-2221,-596,-3513,-1214,-6,-40,17,16,0,0,0,0,0,0,0,0,0,0,0,0,0,0,0,0,0,0,0,0,0,0,40595
1,1,1,1,1001,-2053,-1009,-3846,-1198,195,-50,-5,7,0,0,0,0,0,0,0,0,0,0,0,0,0,0,0,0,0,0,0,0,0,0,40605
1,1,1,1,952,-2221,-1357,-4153,-893,22,-55,-2,3,0,0,0,0,0,0,0,0,0,0,0,0,0,0,0,0,0,0,0,0,0,0,40615
1,1,1,1,1024,-2029,-619,-5207,-1225,-216,-54,28,45,0,0,0,0,0,0,0,0,0,0,0,0,0,0,0,0,0,0,0,0,0,0,40625
1,1,1,1,1320,-2429,-476,-6001,-1779,-890,-76,-34,-32,0,0,0,0,0,0,0,0,0,0,0,0,0,0,0,0,0,0,0,0,0,0,40635
1,1,1,1,1468,-914,-1357,-6025,-1285,206,-42,22,60,0,0,0,0,0,0,0,0,0,0,0,0,0,0,0,0,0,0,0,0,0,0,40645
1,1,1,1,1539,-2265,-1335,-5289,-1595,-692,-44,10,31,0,0,0,0,0,0,0,0,0,0,0,0,0,0,0,0,0,0,0,0,0,0,40655
1,1,1,1,1168,-1878,-1610,-4802,-1052,-955,-43,-5,10,0,0,0,0,0,0,0,0,0,0,0,0,0,0,0,0,0,0,0,0,0,0,40665
1,1,1,1,1363,-646,-2327,-3700,-212,-420,-32,-7,0,0,0,0,0,0,0,0,0,0,0,0,0,0,0,0,0,0,0,0,0,0,0,40675
1,1,1,1,1402,-889,-2073,-2536,51,-61,-27,2,-1,0,0,0,0,0,0,0,0,0,0,0,0,0,0,0,0,0,0,0,0,0,0,40685
1,1,1,1,1242,-1402,-1647,-2171,-144,59,-26,5,4,0,0,0,0,0,0,0,0,0,0,0,0,0,0,0,0,0,0,0,0,0,0,40695
1,1,1,1,1206,-1529,-1812,-1944,-226,-126,-28,7,7,0,0,0,0,0,0,0,0,0,0,0,0,0,0,0,0,0,0,0,0,0,0,40705
1,1,1,1,1368,-1334,-1624,-2083,-288,-172,-27,6,3,0,0,0,0,0,0,0,0,0,0,0,0,0,0,0,0,0,0,0,0,0,0,40715
1,1,1,1,1380,-1304,-1666,-2150,-167,-148,-21,9,2,0,0,0,0,0,0,0,0,0,0,0,0,0,0,0,0,0,0,0,0,0,0,40725
1,1,1,1,1528,-1078,-1640,-1752,-96,-15,-21,12,9,0,0,0,0,0,0,0,0,0,0,0,0,0,0,0,0,0,0,0,0,0,0,40735
1,1,1,1,1547,-1173,-1709,-1456,-165,-1,-19,14,9,0,0,0,0,0,0,0,0,0,0,0,0,0,0,0,0,0,0,0,0,0,0,40745
1,1,1,1,1405,-1315,-1716,-1400,-172,-65,-19,14,8,0,0,0,0,0,0,0,0,0,0,0,0,0,0,0,0,0,0,0,0,0,0,40755
1,1,1,1,1435,-1261,-1736,-1469,-230,-64,-21,14,9,0,0,0,0,0,0,0,0,0,0,0,0,0,0,0,0,0,0,0,0,0,0,40765
1,1,1,1,1320,-1356,-1840,-1634,-324,-130,-23,13,11,0,0,0,0,0,0,0,0,0,0,0,0,0,0,0,0,0,0,0,0,0,0,40775
1,1,1,1,1183,-1243,-1873,-1767,-343,-147,-20,13,10,0,0,0,0,0,0,0,0,0,0,0,0,0,0,0,0,0,0,0,0,0,0,40785
1,1,1,1,1115,-1089,-1820,-1612,-279,-128,-21,13,13,0,0,0,0,0,0,0,0,0,0,0,0,0,0,0,0,0,0,0,0,0,0,40795
1,1,1,1,1161,-1071,-1804,-1546,-233,-135,-21,14,16,0,0,0,0,0,0,0,0,0,0,0,0,0,0,0,0,0,0,0,0,0,0,40805
1,1,1,1,1140,-1108,-2029,-1397,-245,-157,-22,14,20,0,0,0,0,0,0,0,0,0,0,0,0,0,0,0,0,0,0,0,0,0,0,40815
1,1,1,1,1147,-1074,-2131,-1120,-239,-195,-20,15,20,0,0,0,0,0,0,0,0,0,0,0,0,0,0,0,0,0,0,0,0,0,0,40825
1,1,1,1,1297,-996,-1995,-830,-223,-224,-19,14,21,0,0,0,0,0,0,0,0,0,0,0,0,0,0,0,0,0,0,0,0,0,0,40835
1,1,1,1,1271,-1075,-2015,-700,-231,-271,-19,14,16,0,0,0,0,0,0,0,0,0,0,0,0,0,0,0,0,0,0,0,0,0,0,40845
1,1,1,1,1129,-1031,-2012,-647,-302,-310,-19,11,13,0,0,0,0,0,0,0,0,0,0,0,0,0,0,0,0,0,0,0,0,0,0,40855
1,1,1,1,1118,-915,-1962,-596,-296,-295,-20,11,13,0,0,0,0,0,0,0,0,0,0,0,0,0,0,0,0,0,0,0,0,0,0,40865
1,1,1,1,1192,-789,-1949,-535,-248,-210,-25,13,12,0,0,0,0,0,0,0,0,0,0,0,0,0,0,0,0,0,0,0,0,0,0,40885
1,1,1,1,1243,-933,-2014,-755,-292,-154,-28,10,14,0,0,0,0,0,0,0,0,0,0,0,0,0,0,0,0,0,0,0,0,0,0,40895
1,1,1,1,1161,-1534,-2107,-1889,-367,-222,-24,9,9,0,0,0,0,0,0,0,0,0,0,0,0,0,0,0,0,0,0,0,0,0,0,40905
1,1,1,1,1222,-1036,-1761,-2423,-492,-453,-22,5,2,0,0,0,0,0,0,0,0,0,0,0,0,0,0,0,0,0,0,0,0,0,0,40915
1,1,1,1,1354,-269,-1585,-1596,-446,-419,-17,5,2,0,0,0,0,0,0,0,0,0,0,0,0,0,0,0,0,0,0,0,0,0,0,40925
1,1,1,1,1473,-737,-1994,-794,-294,-415,-28,8,-1,0,0,0,0,0,0,0,0,0,0,0,0,0,0,0,0,0,0,0,0,0,0,40935
1,1,1,1,1274,-874,-2039,-1020,-296,-492,-24,0,-6,0,0,0,0,0,0,0,0,0,0,0,0,0,0,0,0,0,0,0,0,0,0,40945
1,1,1,1,1297,-665,-1941,-921,-255,-560,-24,-1,-14,0,0,0,0,0,0,0,0,0,0,0,0,0,0,0,0,0,0,0,0,0,0,40955
1,1,1,1,1344,-625,-1954,-1031,-219,-595,-27,-4,-15,0,0,0,0,0,0,0,0,0,0,0,0,0,0,0,0,0,0,0,0,0,0,40965
1,1,1,1,1331,-746,-2077,-1486,-259,-574,-30,-7,-18,0,0,0,0,0,0,0,0,0,0,0,0,0,0,0,0,0,0,0,0,0,0,40975
1,1,1,1,1284,-726,-2081,-1867,-214,-576,-27,-9,-19,0,0,0,0,0,0,0,0,0,0,0,0,0,0,0,0,0,0,0,0,0,0,40985
1,1,1,1,1279,-673,-2019,-1991,-160,-585,-24,-11,-20,0,0,0,0,0,0,0,0,0,0,0,0,0,0,0,0,0,0,0,0,0,0,40995
1,1,1,1,1158,-612,-2014,-1942,-96,-584,-22,-13,-19,0,0,0,0,0,0,0,0,0,0,0,0,0,0,0,0,0,0,0,0,0,0,41005
1,1,1,1,1133,-606,-2042,-1784,-65,-547,-25,-11,-18,0,0,0,0,0,0,0,0,0,0,0,0,0,0,0,0,0,0,0,0,0,0,41015
1,1,1,1,1252,-689,-2055,-1841,-35,-525,-24,-13,-18,0,0,0,0,0,0,0,0,0,0,0,0,0,0,0,0,0,0,0,0,0,0,41025
1,1,1,1,1285,-734,-2074,-1854,-43,-531,-20,-15,-20,0,0,0,0,0,0,0,0,0,0,0,0,0,0,0,0,0,0,0,0,0,0,41035
1,1,1,1,1144,-656,-2026,-1557,-5,-577,-18,-18,-28,0,0,0,0,0,0,0,0,0,0,0,0,0,0,0,0,0,0,0,0,0,0,41045
1,1,1,1,1114,-561,-2034,-1189,43,-623,-21,-21,-38,0,0,0,0,0,0,0,0,0,0,0,0,0,0,0,0,0,0,0,0,0,0,41055
1,1,1,1,1093,-551,-2123,-1264,43,-613,-21,-25,-45,0,0,0,0,0,0,0,0,0,0,0,0,0,0,0,0,0,0,0,0,0,0,41065
1,1,1,1,1060,-309,-2118,-1217,134,-574,-16,-26,-51,0,0,0,0,0,0,0,0,0,0,0,0,0,0,0,0,0,0,0,0,0,0,41075
1,1,1,1,1171,-162,-2109,-924,227,-474,-17,-26,-52,0,0,0,0,0,0,0,0,0,0,0,0,0,0,0,0,0,0,0,0,0,0,41085
1,1,1,1,1248,-330,-2161,-995,224,-349,-15,-25,-51,0,0,0,0,0,0,0,0,0,0,0,0,0,0,0,0,0,0,0,0,0,0,41095
1,1,1,1,1255,-393,-2142,-989,218,-277,-13,-23,-53,0,0,0,0,0,0,0,0,0,0,0,0,0,0,0,0,0,0,0,0,0,0,41105
1,1,1,1,1204,-392,-2085,-758,201,-238,-12,-23,-54,0,0,0,0,0,0,0,0,0,0,0,0,0,0,0,0,0,0,0,0,0,0,41115
1,1,1,1,1152,-466,-2131,-815,132,-164,-14,-22,-54,0,0,0,0,0,0,0,0,0,0,0,0,0,0,0,0,0,0,0,0,0,0,41125
1,1,1,1,1180,-419,-2128,-1030,62,-65,-9,-22,-54,0,0,0,0,0,0,0,0,0,0,0,0,0,0,0,0,0,0,0,0,0,0,41135
1,1,1,1,1226,-176,-1796,-961,42,-96,-4,-25,-58,0,0,0,0,0,0,0,0,0,0,0,0,0,0,0,0,0,0,0,0,0,0,41145
1,1,1,1,1283,-58,-1644,-594,67,-281,-7,-26,-62,0,0,0,0,0,0,0,0,0,0,0,0,0,0,0,0,0,0,0,0,0,0,41155
1,1,1,1,1160,-179,-1988,-504,73,-315,-9,-27,-61,0,0,0,0,0,0,0,0,0,0,0,0,0,0,0,0,0,0,0,0,0,0,41165
1,1,1,1,1189,-181,-2074,-654,73,-238,-8,-26,-61,0,0,0,0,0,0,0,0,0,0,0,0,0,0,0,0,0,0,0,0,0,0,41175
1,1,1,1,1297,-194,-1944,-720,54,-188,-12,-22,-60,0,0,0,0,0,0,0,0,0,0,0,0,0,0,0,0,0,0,0,0,0,0,41185
1,1,1,1,1305,-265,-1906,-713,-30,-177,-12,-31,-65,0,0,0,0,0,0,0,0,0,0,0,0,0,0,0,0,0,0,0,0,0,0,41195
1,1,1,1,1235,-317,-1994,-864,-149,-131,-16,-27,-66,0,0,0,0,0,0,0,0,0,0,0,0,0,0,0,0,0,0,0,0,0,0,41205
1,1,1,1,1135,-241,-2085,-965,-236,-1,-18,-27,-67,0,0,0,0,0,0,0,0,0,0,0,0,0,0,0,0,0,0,0,0,0,0,41215
1,1,1,1,1049,-49,-2117,-979,-189,86,-18,-29,-63,0,0,0,0,0,0,0,0,0,0,0,0,0,0,0,0,0,0,0,0,0,0,41225
1,1,1,1,1066,-19,-2137,-823,-4,73,-15,-28,-60,0,0,0,0,0,0,0,0,0,0,0,0,0,0,0,0,0,0,0,0,0,0,41235
1,1,1,1,1169,-137,-2124,-730,125,-10,-12,-27,-59,0,0,0,0,0,0,0,0,0,0,0,0,0,0,0,0,0,0,0,0,0,0,41245
1,1,1,1,1254,-20,-1878,-617,58,-47,-11,-29,-61,0,0,0,0,0,0,0,0,0,0,0,0,0,0,0,0,0,0,0,0,0,0,41255
1,1,1,1,1262,-75,-1933,-608,-15,-46,-10,-27,-60,0,0,0,0,0,0,0,0,0,0,0,0,0,0,0,0,0,0,0,0,0,0,41265
1,1,1,1,1283,-119,-2021,-696,-45,-32,-11,-26,-55,0,0,0,0,0,0,0,0,0,0,0,0,0,0,0,0,0,0,0,0,0,0,41275
1,1,1,1,1329,-136,-2039,-740,-12,-41,-11,-26,-52,0,0,0,0,0,0,0,0,0,0,0,0,0,0,0,0,0,0,0,0,0,0,41285
1,1,1,1,1373,-157,-1944,-779,-50,-41,-12,-27,-52,0,0,0,0,0,0,0,0,0,0,0,0,0,0,0,0,0,0,0,0,0,0,41295
1,1,1,1,1267,-85,-1959,-787,-111,-40,-12,-27,-54,0,0,0,0,0,0,0,0,0,0,0,0,0,0,0,0,0,0,0,0,0,0,41305
1,1,1,1,1214,27,-2026,-842,-99,6,-14,-26,-48,0,0,0,0,0,0,0,0,0,0,0,0,0,0,0,0,0,0,0,0,0,0,41315
1,1,1,1,1220,8,-2040,-890,-47,43,-13,-23,-45,0,0,0,0,0,0,0,0,0,0,0,0,0,0,0,0,0,0,0,0,0,0,41325
1,1,1,1,1209,99,-1970,-888,-16,27,-11,-23,-38,0,0,0,0,0,0,0,0,0,0,0,0,0,0,0,0,0,0,0,0,0,0,41335
1,1,1,1,1169,182,-1949,-817,26,11,-12,-20,-31,0,0,0,0,0,0,0,0,0,0,0,0,0,0,0,0,0,0,0,0,0,0,41345
1,1,1,1,1183,158,-2013,-823,74,-8,-13,-15,-23,0,0,0,0,0,0,0,0,0,0,0,0,0,0,0,0,0,0,0,0,0,0,41355
1,1,1,1,1160,113,-2034,-991,98,7,-14,-11,-23,0,0,0,0,0,0,0,0,0,0,0,0,0,0,0,0,0,0,0,0,0,0,41365
1,1,1,1,1215,19,-1956,-986,110,-12,-10,-7,-19,0,0,0,0,0,0,0,0,0,0,0,0,0,0,0,0,0,0,0,0,0,0,41375
1,1,1,1,1279,60,-1875,-955,96,-66,-10,-8,-19,0,0,0,0,0,0,0,0,0,0,0,0,0,0,0,0,0,0,0,0,0,0,41385
1,1,1,1,1269,160,-1754,-796,21,-86,-11,-8,-19,0,0,0,0,0,0,0,0,0,0,0,0,0,0,0,0,0,0,0,0,0,0,41395
1,1,1,1,1251,120,-1847,-730,-13,-107,-14,-8,-19,0,0,0,0,0,0,0,0,0,0,0,0,0,0,0,0,0,0,0,0,0,0,41405
1,1,1,1,1247,96,-1982,-727,-21,-120,-11,-9,-19,0,0,0,0,0,0,0,0,0,0,0,0,0,0,0,0,0,0,0,0,0,0,41415
1,1,1,1,1229,144,-1959,-620,-5,-125,-11,-9,-19,0,0,0,0,0,0,0,0,0,0,0,0,0,0,0,0,0,0,0,0,0,0,41425
1,1,1,1,1192,203,-1954,-610,-16,-111,-10,-10,-19,0,0,0,0,0,0,0,0,0,0,0,0,0,0,0,0,0,0,0,0,0,0,41435
1,1,1,1,1165,181,-2007,-630,-3,-104,-11,-9,-19,0,0,0,0,0,0,0,0,0,0,0,0,0,0,0,0,0,0,0,0,0,0,41445
1,1,1,1,1167,192,-2008,-654,38,-91,-9,-8,-19,0,0,0,0,0,0,0,0,0,0,0,0,0,0,0,0,0,0,0,0,0,0,41455
1,1,1,1,1167,203,-1975,-697,66,-78,-7,-6,-19,0,0,0,0,0,0,0,0,0,0,0,0,0,0,0,0,0,0,0,0,0,0,41465
1,1,1,1,1193,226,-1888,-673,89,-87,-8,-5,-20,0,0,0,0,0,0,0,0,0,0,0,0,0,0,0,0,0,0,0,0,0,0,41475
1,1,1,1,1258,199,-1812,-564,77,-109,-7,-7,-19,0,0,0,0,0,0,0,0,0,0,0,0,0,0,0,0,0,0,0,0,0,0,41485
1,1,1,1,1274,186,-1832,-453,46,-118,-5,-9,-19,0,0,0,0,0,0,0,0,0,0,0,0,0,0,0,0,0,0,0,0,0,0,41495
1,1,1,1,1257,275,-1856,-389,57,-104,-10,-4,-19,0,0,0,0,0,0,0,0,0,0,0,0,0,0,0,0,0,0,0,0,0,0,41505
1,1,1,1,1265,240,-1943,-397,69,-88,-8,-3,-19,0,0,0,0,0,0,0,0,0,0,0,0,0,0,0,0,0,0,0,0,0,0,41515
1,1,1,1,1255,198,-1995,-493,64,-58,-10,-2,-19,0,0,0,0,0,0,0,0,0,0,0,0,0,0,0,0,0,0,0,0,0,0,41525
1,1,1,1,1248,180,-2035,-635,49,-18,-11,-2,-19,0,0,0,0,0,0,0,0,0,0,0,0,0,0,0,0,0,0,0,0,0,0,41535
1,1,1,1,1204,234,-2046,-687,58,29,-10,4,-18,0,0,0,0,0,0,0,0,0,0,0,0,0,0,0,0,0,0,0,0,0,0,41545
1,1,1,1,1143,314,-2025,-701,91,99,-7,6,-18,0,0,0,0,0,0,0,0,0,0,0,0,0,0,0,0,0,0,0,0,0,0,41555
1,1,1,1,1155,270,-1980,-776,91,167,-8,12,-10,0,0,0,0,0,0,0,0,0,0,0,0,0,0,0,0,0,0,0,0,0,0,41565
1,1,1,1,1207,181,-1950,-857,58,175,-1,14,-7,0,0,0,0,0,0,0,0,0,0,0,0,0,0,0,0,0,0,0,0,0,0,41575
1,1,1,1,1286,208,-1790,-832,0,131,0,17,-2,0,0,0,0,0,0,0,0,0,0,0,0,0,0,0,0,0,0,0,0,0,0,41585
1,1,1,1,1323,260,-1759,-802,-5,84,4,19,-7,0,0,0,0,0,0,0,0,0,0,0,0,0,0,0,0,0,0,0,0,0,0,41595
1,1,1,1,1324,356,-1687,-741,-40,49,3,18,-8,0,0,0,0,0,0,0,0,0,0,0,0,0,0,0,0,0,0,0,0,0,0,41605
1,1,1,1,1333,464,-1695,-629,2,2,2,20,-2,0,0,0,0,0,0,0,0,0,0,0,0,0,0,0,0,0,0,0,0,0,0,41615
1,1,1,1,1378,451,-1680,-516,47,-39,1,21,-1,0,0,0,0,0,0,0,0,0,0,0,0,0,0,0,0,0,0,0,0,0,0,41625
1,1,1,1,1362,364,-1724,-499,43,-70,2,21,-5,0,0,0,0,0,0,0,0,0,0,0,0,0,0,0,0,0,0,0,0,0,0,41635
1,1,1,1,1366,410,-1742,-461,68,-107,4,22,-2,0,0,0,0,0,0,0,0,0,0,0,0,0,0,0,0,0,0,0,0,0,0,41645
1,1,1,1,1339,437,-1724,-390,98,-130,4,22,-2,0,0,0,0,0,0,0,0,0,0,0,0,0,0,0,0,0,0,0,0,0,0,41655
1,1,1,1,1301,386,-1765,-380,99,-147,3,24,2,0,0,0,0,0,0,0,0,0,0,0,0,0,0,0,0,0,0,0,0,0,0,41665
1,1,1,1,1304,256,-1832,-482,49,-161,5,23,-3,0,0,0,0,0,0,0,0,0,0,0,0,0,0,0,0,0,0,0,0,0,0,41675
1,1,1,1,1236,182,-1919,-594,-4,-144,4,23,-4,0,0,0,0,0,0,0,0,0,0,0,0,0,0,0,0,0,0,0,0,0,0,41685
1,1,1,1,1105,402,-1892,-623,-22,-116,7,24,-1,0,0,0,0,0,0,0,0,0,0,0,0,0,0,0,0,0,0,0,0,0,0,41695
1,1,1,1,1112,629,-1784,-439,22,-113,7,25,2,0,0,0,0,0,0,0,0,0,0,0,0,0,0,0,0,0,0,0,0,0,0,41705
1,1,1,1,1187,580,-1729,-269,50,-116,8,27,-3,0,0,0,0,0,0,0,0,0,0,0,0,0,0,0,0,0,0,0,0,0,0,41715
1,1,1,1,1225,404,-1797,-246,51,-118,6,27,0,0,0,0,0,0,0,0,0,0,0,0,0,0,0,0,0,0,0,0,0,0,0,41725
1,1,1,1,1229,326,-1827,-362,7,-94,6,27,1,0,0,0,0,0,0,0,0,0,0,0,0,0,0,0,0,0,0,0,0,0,0,41735
1,1,1,1,1251,287,-1836,-495,-27,-67,7,27,2,0,0,0,0,0,0,0,0,0,0,0,0,0,0,0,0,0,0,0,0,0,0,41745
1,1,1,1,1225,339,-1794,-554,-43,-47,8,26,-3,0,0,0,0,0,0,0,0,0,0,0,0,0,0,0,0,0,0,0,0,0,0,41755
1,1,1,1,1224,417,-1736,-592,-52,-35,9,24,0,0,0,0,0,0,0,0,0,0,0,0,0,0,0,0,0,0,0,0,0,0,0,41765
1,1,1,1,1203,536,-1655,-554,-53,-36,9,22,-4,0,0,0,0,0,0,0,0,0,0,0,0,0,0,0,0,0,0,0,0,0,0,41775
1,1,1,1,1158,675,-1625,-383,-1,-47,7,28,2,0,0,0,0,0,0,0,0,0,0,0,0,0,0,0,0,0,0,0,0,0,0,41785
1,1,1,1,1171,610,-1654,-265,61,-53,10,25,0,0,0,0,0,0,0,0,0,0,0,0,0,0,0,0,0,0,0,0,0,0,0,41795
1,1,1,1,1188,489,-1712,-281,103,-39,7,29,0,0,0,0,0,0,0,0,0,0,0,0,0,0,0,0,0,0,0,0,0,0,0,41805
1,1,1,1,1183,442,-1734,-365,116,-21,9,26,1,0,0,0,0,0,0,0,0,0,0,0,0,0,0,0,0,0,0,0,0,0,0,41815
1,1,1,1,1233,419,-1683,-435,159,-21,6,27,-1,0,0,0,0,0,0,0,0,0,0,0,0,0,0,0,0,0,0,0,0,0,0,41825
1,1,1,1,1215,335,-1677,-705,138,-22,3,23,-7,0,0,0,0,0,0,0,0,0,0,0,0,0,0,0,0,0,0,0,0,0,0,41845
1,1,1,1,1129,419,-1709,-864,141,11,3,23,-7,0,0,0,0,0,0,0,0,0,0,0,0,0,0,0,0,0,0,0,0,0,0,41855
1,1,1,1,1091,794,-1594,-725,228,16,7,19,-6,0,0,0,0,0,0,0,0,0,0,0,0,0,0,0,0,0,0,0,0,0,0,41865
1,1,1,1,1175,860,-1496,-489,286,18,9,20,-7,0,0,0,0,0,0,0,0,0,0,0,0,0,0,0,0,0,0,0,0,0,0,41875
1,1,1,1,1285,584,-1564,-428,286,-15,7,20,-3,0,0,0,0,0,0,0,0,0,0,0,0,0,0,0,0,0,0,0,0,0,0,41885
1,1,1,1,1321,475,-1640,-490,257,-24,7,19,-4,0,0,0,0,0,0,0,0,0,0,0,0,0,0,0,0,0,0,0,0,0,0,41895
1,1,1,1,1320,488,-1699,-581,238,-5,4,19,-3,0,0,0,0,0,0,0,0,0,0,0,0,0,0,0,0,0,0,0,0,0,0,41905
1,1,1,1,1329,391,-1753,-797,189,41,-1,19,1,0,0,0,0,0,0,0,0,0,0,0,0,0,0,0,0,0,0,0,0,0,0,41915
1,1,1,1,1317,389,-1771,-1003,126,82,-2,19,0,0,0,0,0,0,0,0,0,0,0,0,0,0,0,0,0,0,0,0,0,0,0,41925
1,1,1,1,1297,469,-1728,-1120,68,99,-2,18,2,0,0,0,0,0,0,0,0,0,0,0,0,0,0,0,0,0,0,0,0,0,0,41935
1,1,1,1,1242,706,-1627,-1105,28,81,-1,16,4,0,0,0,0,0,0,0,0,0,0,0,0,0,0,0,0,0,0,0,0,0,0,41945
1,1,1,1,1185,962,-1592,-883,67,64,-2,19,10,0,0,0,0,0,0,0,0,0,0,0,0,0,0,0,0,0,0,0,0,0,0,41955
1,1,1,1,1235,822,-1601,-737,94,29,-4,19,14,0,0,0,0,0,0,0,0,0,0,0,0,0,0,0,0,0,0,0,0,0,0,41965
1,1,1,1,1295,538,-1693,-819,53,16,-6,21,12,0,0,0,0,0,0,0,0,0,0,0,0,0,0,0,0,0,0,0,0,0,0,41975
1,1,1,1,1284,540,-1694,-875,0,22,-3,20,13,0,0,0,0,0,0,0,0,0,0,0,0,0,0,0,0,0,0,0,0,0,0,41985
1,1,1,1,1268,698,-1604,-845,-18,3,-6,20,18,0,0,0,0,0,0,0,0,0,0,0,0,0,0,0,0,0,0,0,0,0,0,41995
1,1,1,1,1306,794,-1528,-730,-23,-30,-8,20,18,0,0,0,0,0,0,0,0,0,0,0,0,0,0,0,0,0,0,0,0,0,0,42005
1,1,1,1,1317,741,-1541,-673,-3,-77,-9,20,18,0,0,0,0,0,0,0,0,0,0,0,0,0,0,0,0,0,0,0,0,0,0,42015
1,1,1,1,1272,743,-1507,-695,-19,-76,-7,19,21,0,0,0,0,0,0,0,0,0,0,0,0,0,0,0,0,0,0,0,0,0,0,42025
1,1,1,1,1285,788,-1543,-674,11,-83,-15,19,24,0,0,0,0,0,0,0,0,0,0,0,0,0,0,0,0,0,0,0,0,0,0,42035
1,1,1,1,1345,773,-1482,-985,55,-137,-7,21,25,0,0,0,0,0,0,0,0,0,0,0,0,0,0,0,0,0,0,0,0,0,0,42045
1,1,1,1,1277,881,-1385,-874,87,-156,-9,21,29,0,0,0,0,0,0,0,0,0,0,0,0,0,0,0,0,0,0,0,0,0,0,42055
1,1,1,1,1271,857,-1386,-717,142,-208,-11,22,30,0,0,0,0,0,0,0,0,0,0,0,0,0,0,0,0,0,0,0,0,0,0,42065
1,1,1,1,1261,806,-1366,-692,173,-229,-11,22,34,0,0,0,0,0,0,0,0,0,0,0,0,0,0,0,0,0,0,0,0,0,0,42075
1,1,1,1,1247,789,-1354,-613,203,-268,-9,17,32,0,0,0,0,0,0,0,0,0,0,0,0,0,0,0,0,0,0,0,0,0,0,42085
1,1,1,1,1215,860,-1373,-529,234,-280,-9,19,37,0,0,0,0,0,0,0,0,0,0,0,0,0,0,0,0,0,0,0,0,0,0,42095
1,1,1,1,1279,843,-1394,-513,261,-278,-14,23,39,0,0,0,0,0,0,0,0,0,0,0,0,0,0,0,0,0,0,0,0,0,0,42105
1,1,1,1,1365,869,-1408,-413,304,-296,-13,22,41,0,0,0,0,0,0,0,0,0,0,0,0,0,0,0,0,0,0,0,0,0,0,42115
1,1,1,1,1375,951,-1350,-189,354,-335,-14,26,45,0,0,0,0,0,0,0,0,0,0,0,0,0,0,0,0,0,0,0,0,0,0,42125
1,1,1,1,1369,1002,-1342,42,408,-365,-14,26,49,0,0,0,0,0,0,0,0,0,0,0,0,0,0,0,0,0,0,0,0,0,0,42135
1,1,1,1,1408,842,-1384,91,435,-396,-15,31,54,0,0,0,0,0,0,0,0,0,0,0,0,0,0,0,0,0,0,0,0,0,0,42145
1,1,1,1,1382,726,-1417,32,425,-403,-15,28,54,0,0,0,0,0,0,0,0,0,0,0,0,0,0,0,0,0,0,0,0,0,0,42155
1,1,1,1,1302,774,-1417,23,428,-425,-11,31,58,0,0,0,0,0,0,0,0,0,0,0,0,0,0,0,0,0,0,0,0,0,0,42165
1,1,1,1,1232,929,-1367,108,430,-406,-10,29,58,0,0,0,0,0,0,0,0,0,0,0,0,0,0,0,0,0,0,0,0,0,0,42175
1,1,1,1,1265,805,-1393,97,421,-407,-13,32,63,0,0,0,0,0,0,0,0,0,0,0,0,0,0,0,0,0,0,0,0,0,0,42185
1,1,1,1,1247,857,-1405,114,394,-408,-13,37,72,0,0,0,0,0,0,0,0,0,0,0,0,0,0,0,0,0,0,0,0,0,0,42205
1,1,1,1,1258,885,-1374,218,415,-410,-13,36,72,0,0,0,0,0,0,0,0,0,0,0,0,0,0,0,0,0,0,0,0,0,0,42215
1,1,1,1,1255,904,-1284,285,430,-409,-14,35,73,0,0,0,0,0,0,0,0,0,0,0,0,0,0,0,0,0,0,0,0,0,0,42225
1,1,1,1,1301,762,-1364,255,439,-413,-13,37,71,0,0,0,0,0,0,0,0,0,0,0,0,0,0,0,0,0,0,0,0,0,0,42235
1,1,1,1,1293,698,-1388,195,424,-422,-14,38,74,0,0,0,0,0,0,0,0,0,0,0,0,0,0,0,0,0,0,0,0,0,0,42245
1,1,1,1,1238,793,-1367,211,410,-399,-14,38,74,0,0,0,0,0,0,0,0,0,0,0,0,0,0,0,0,0,0,0,0,0,0,42255
1,1,1,1,1185,801,-1360,205,381,-389,-13,39,77,0,0,0,0,0,0,0,0,0,0,0,0,0,0,0,0,0,0,0,0,0,0,42265
1,1,1,1,1193,732,-1439,180,349,-347,-14,39,81,0,0,0,0,0,0,0,0,0,0,0,0,0,0,0,0,0,0,0,0,0,0,42275
1,1,1,1,1174,728,-1442,93,316,-327,-16,40,84,0,0,0,0,0,0,0,0,0,0,0,0,0,0,0,0,0,0,0,0,0,0,42285
1,1,1,1,1224,869,-1396,147,299,-292,-17,41,86,0,0,0,0,0,0,0,0,0,0,0,0,0,0,0,0,0,0,0,0,0,0,42295
1,1,1,1,1288,865,-1356,256,297,-296,-19,42,86,0,0,0,0,0,0,0,0,0,0,0,0,0,0,0,0,0,0,0,0,0,0,42305
1,1,1,1,1282,850,-1347,304,277,-282,-21,42,88,0,0,0,0,0,0,0,0,0,0,0,0,0,0,0,0,0,0,0,0,0,0,42315
1,1,1,1,1269,721,-1423,248,241,-237,-20,42,89,0,0,0,0,0,0,0,0,0,0,0,0,0,0,0,0,0,0,0,0,0,0,42325
1,1,1,1,1246,693,-1428,179,207,-182,-23,43,93,0,0,0,0,0,0,0,0,0,0,0,0,0,0,0,0,0,0,0,0,0,0,42335
1,1,1,1,1209,700,-1361,104,165,-158,-24,42,93,0,0,0,0,0,0,0,0,0,0,0,0,0,0,0,0,0,0,0,0,0,0,42345
1,1,1,1,1201,771,-1371,71,136,-125,-24,41,92,0,0,0,0,0,0,0,0,0,0,0,0,0,0,0,0,0,0,0,0,0,0,42355
1,1,1,1,1204,768,-1373,60,112,-106,-24,40,92,0,0,0,0,0,0,0,0,0,0,0,0,0,0,0,0,0,0,0,0,0,0,42365
1,1,1,1,1207,810,-1377,74,72,-81,-28,39,95,0,0,0,0,0,0,0,0,0,0,0,0,0,0,0,0,0,0,0,0,0,0,42375
1,1,1,1,1223,862,-1416,114,71,-60,-27,39,97,0,0,0,0,0,0,0,0,0,0,0,0,0,0,0,0,0,0,0,0,0,0,42385
1,1,1,1,1261,899,-1451,208,81,-12,-33,43,97,0,0,0,0,0,0,0,0,0,0,0,0,0,0,0,0,0,0,0,0,0,0,42395
1,1,1,1,1206,835,-1411,174,61,28,-29,38,96,0,0,0,0,0,0,0,0,0,0,0,0,0,0,0,0,0,0,0,0,0,0,42405
1,1,1,1,1256,849,-1440,142,52,61,-31,41,97,0,0,0,0,0,0,0,0,0,0,0,0,0,0,0,0,0,0,0,0,0,0,42415
1,1,1,1,1268,816,-1414,109,37,93,-32,42,95,0,0,0,0,0,0,0,0,0,0,0,0,0,0,0,0,0,0,0,0,0,0,42425
1,1,1,1,1302,792,-1376,73,-8,91,-33,39,98,0,0,0,0,0,0,0,0,0,0,0,0,0,0,0,0,0,0,0,0,0,0,42435
1,1,1,1,1300,789,-1369,19,-63,76,-34,38,96,0,0,0,0,0,0,0,0,0,0,0,0,0,0,0,0,0,0,0,0,0,0,42445
1,1,1,1,1282,886,-1393,-6,-87,80,-32,37,100,0,0,0,0,0,0,0,0,0,0,0,0,0,0,0,0,0,0,0,0,0,0,42455
1,1,1,1,1299,909,-1380,32,-75,87,-34,40,99,0,0,0,0,0,0,0,0,0,0,0,0,0,0,0,0,0,0,0,0,0,0,42465
1,1,1,1,1333,910,-1373,69,-81,83,-33,40,106,0,0,0,0,0,0,0,0,0,0,0,0,0,0,0,0,0,0,0,0,0,0,42475
1,1,1,1,1331,904,-1378,110,-76,70,-31,39,103,0,0,0,0,0,0,0,0,0,0,0,0,0,0,0,0,0,0,0,0,0,0,42485
1,1,1,1,1329,917,-1358,124,-85,67,-30,39,103,0,0,0,0,0,0,0,0,0,0,0,0,0,0,0,0,0,0,0,0,0,0,42495
1,1,1,1,1359,858,-1362,119,-97,65,-30,40,108,0,0,0,0,0,0,0,0,0,0,0,0,0,0,0,0,0,0,0,0,0,0,42505
1,1,1,1,1306,810,-1392,85,-118,61,-32,39,111,0,0,0,0,0,0,0,0,0,0,0,0,0,0,0,0,0,0,0,0,0,0,42515
1,1,1,1,1205,846,-1415,50,-122,56,-36,40,115,0,0,0,0,0,0,0,0,0,0,0,0,0,0,0,0,0,0,0,0,0,0,42525
1,1,1,1,1178,892,-1396,31,-115,41,-33,41,116,0,0,0,0,0,0,0,0,0,0,0,0,0,0,0,0,0,0,0,0,0,0,42535
1,1,1,1,1147,930,-1392,41,-99,26,-34,42,118,0,0,0,0,0,0,0,0,0,0,0,0,0,0,0,0,0,0,0,0,0,0,42545
1,1,1,1,1142,854,-1438,30,-86,17,-35,41,116,0,0,0,0,0,0,0,0,0,0,0,0,0,0,0,0,0,0,0,0,0,0,42555
1,1,1,1,1163,813,-1445,-10,-85,17,-32,41,117,0,0,0,0,0,0,0,0,0,0,0,0,0,0,0,0,0,0,0,0,0,0,42565
1,1,1,1,1181,808,-1439,-66,-104,14,-33,42,115,0,0,0,0,0,0,0,0,0,0,0,0,0,0,0,0,0,0,0,0,0,0,42575
1,1,1,1,1193,828,-1421,-105,-118,6,-29,41,114,0,0,0,0,0,0,0,0,0,0,0,0,0,0,0,0,0,0,0,0,0,0,42585
1,1,1,1,1219,855,-1397,-109,-132,-3,-30,42,112,0,0,0,0,0,0,0,0,0,0,0,0,0,0,0,0,0,0,0,0,0,0,42595
1,1,1,1,1219,855,-1397,-88,-136,-5,-32,42,113,0,0,0,0,0,0,0,0,0,0,0,0,0,0,0,0,0,0,0,0,0,0,42605
1,1,1,1,1238,873,-1386,-64,-131,1,-32,42,114,0,0,0,0,0,0,0,0,0,0,0,0,0,0,0,0,0,0,0,0,0,0,42615
1,1,1,1,1248,829,-1406,-101,-146,21,-31,43,115,0,0,0,0,0,0,0,0,0,0,0,0,0,0,0,0,0,0,0,0,0,0,42625
1,1,1,1,1255,778,-1435,-187,-162,62,-30,44,114,0,0,0,0,0,0,0,0,0,0,0,0,0,0,0,0,0,0,0,0,0,0,42635
1,1,1,1,1265,825,-1407,-201,-153,88,-28,44,115,0,0,0,0,0,0,0,0,0,0,0,0,0,0,0,0,0,0,0,0,0,0,42645
1,1,1,1,1285,856,-1342,-172,-136,74,-25,46,114,0,0,0,0,0,0,0,0,0,0,0,0,0,0,0,0,0,0,0,0,0,0,42655
1,1,1,1,1273,840,-1301,-165,-126,51,-26,47,116,0,0,0,0,0,0,0,0,0,0,0,0,0,0,0,0,0,0,0,0,0,0,42665
1,1,1,1,1204,823,-1356,-186,-99,33,-28,48,117,0,0,0,0,0,0,0,0,0,0,0,0,0,0,0,0,0,0,0,0,0,0,42675
1,1,1,1,1219,804,-1338,-235,-100,19,-29,48,120,0,0,0,0,0,0,0,0,0,0,0,0,0,0,0,0,0,0,0,0,0,0,42685
1,1,1,1,1249,806,-1339,-279,-92,2,-29,47,119,0,0,0,0,0,0,0,0,0,0,0,0,0,0,0,0,0,0,0,0,0,0,42695
1,1,1,1,1264,863,-1343,-281,-74,-4,-29,47,118,0,0,0,0,0,0,0,0,0,0,0,0,0,0,0,0,0,0,0,0,0,0,42705
1,1,1,1,1263,910,-1344,-228,-56,-7,-28,48,119,0,0,0,0,0,0,0,0,0,0,0,0,0,0,0,0,0,0,0,0,0,0,42715
1,1,1,1,1253,931,-1339,-167,-30,-7,-25,47,121,0,0,0,0,0,0,0,0,0,0,0,0,0,0,0,0,0,0,0,0,0,0,42725
1,1,1,1,1270,874,-1331,-145,-7,-3,-25,48,120,0,0,0,0,0,0,0,0,0,0,0,0,0,0,0,0,0,0,0,0,0,0,42735
1,1,1,1,1240,864,-1310,-137,9,8,-25,48,122,0,0,0,0,0,0,0,0,0,0,0,0,0,0,0,0,0,0,0,0,0,0,42745
1,1,1,1,1183,868,-1301,-86,38,1,-28,51,121,0,0,0,0,0,0,0,0,0,0,0,0,0,0,0,0,0,0,0,0,0,0,42755
1,1,1,1,1141,876,-1289,-35,67,-9,-27,50,118,0,0,0,0,0,0,0,0,0,0,0,0,0,0,0,0,0,0,0,0,0,0,42765
1,1,1,1,1158,865,-1277,14,92,-20,-23,49,120,0,0,0,0,0,0,0,0,0,0,0,0,0,0,0,0,0,0,0,0,0,0,42775
1,1,1,1,1191,861,-1273,32,104,-16,-23,49,121,0,0,0,0,0,0,0,0,0,0,0,0,0,0,0,0,0,0,0,0,0,0,42785
1,1,1,1,1185,840,-1321,33,119,1,-23,49,119,0,0,0,0,0,0,0,0,0,0,0,0,0,0,0,0,0,0,0,0,0,0,42795
1,1,1,1,1197,868,-1328,52,130,52,-26,50,119,0,0,0,0,0,0,0,0,0,0,0,0,0,0,0,0,0,0,0,0,0,0,42815
1,1,1,1,1216,813,-1362,14,106,77,-25,49,119,0,0,0,0,0,0,0,0,0,0,0,0,0,0,0,0,0,0,0,0,0,0,42825
1,1,1,1,1206,806,-1395,-18,86,105,-25,49,118,0,0,0,0,0,0,0,0,0,0,0,0,0,0,0,0,0,0,0,0,0,0,42835
1,1,1,1,1210,829,-1396,-25,64,121,-26,50,116,0,0,0,0,0,0,0,0,0,0,0,0,0,0,0,0,0,0,0,0,0,0,42845
1,1,1,1,1216,844,-1392,-6,49,127,-26,50,116,0,0,0,0,0,0,0,0,0,0,0,0,0,0,0,0,0,0,0,0,0,0,42855
1,1,1,1,1228,843,-1393,9,32,129,-25,50,115,0,0,0,0,0,0,0,0,0,0,0,0,0,0,0,0,0,0,0,0,0,0,42865
1,1,1,1,1217,881,-1391,47,22,132,-24,50,114,0,0,0,0,0,0,0,0,0,0,0,0,0,0,0,0,0,0,0,0,0,0,42875
1,1,1,1,1198,936,-1373,107,16,132,-26,51,113,0,0,0,0,0,0,0,0,0,0,0,0,0,0,0,0,0,0,0,0,0,0,42885
1,1,1,1,1230,888,-1361,114,-3,137,-27,51,110,0,0,0,0,0,0,0,0,0,0,0,0,0,0,0,0,0,0,0,0,0,0,42895
1,1,1,1,1254,836,-1385,84,-24,139,-26,51,109,0,0,0,0,0,0,0,0,0,0,0,0,0,0,0,0,0,0,0,0,0,0,42905
1,1,1,1,1264,838,-1374,50,-41,149,-26,51,109,0,0,0,0,0,0,0,0,0,0,0,0,0,0,0,0,0,0,0,0,0,0,42915
1,1,1,1,1297,826,-1351,8,-83,162,-26,51,109,0,0,0,0,0,0,0,0,0,0,0,0,0,0,0,0,0,0,0,0,0,0,42925
1,1,1,1,1302,838,-1379,-5,-94,165,-27,51,108,0,0,0,0,0,0,0,0,0,0,0,0,0,0,0,0,0,0,0,0,0,0,42935
1,1,1,1,1278,896,-1369,-1,-89,167,-28,51,107,0,0,0,0,0,0,0,0,0,0,0,0,0,0,0,0,0,0,0,0,0,0,42945
1,1,1,1,1299,931,-1343,10,-101,167,-26,50,109,0,0,0,0,0,0,0,0,0,0,0,0,0,0,0,0,0,0,0,0,0,0,42955
1,1,1,1,1317,895,-1351,12,-102,154,-28,51,106,0,0,0,0,0,0,0,0,0,0,0,0,0,0,0,0,0,0,0,0,0,0,42965
1,1,1,1,1313,915,-1343,14,-97,140,-27,50,105,0,0,0,0,0,0,0,0,0,0,0,0,0,0,0,0,0,0,0,0,0,0,42975
1,1,1,1,1310,929,-1330,46,-81,119,-25,50,105,0,0,0,0,0,0,0,0,0,0,0,0,0,0,0,0,0,0,0,0,0,0,42985
1,1,1,1,1314,927,-1298,76,-60,85,-27,50,101,0,0,0,0,0,0,0,0,0,0,0,0,0,0,0,0,0,0,0,0,0,0,42995
1,1,1,1,1291,888,-1301,71,-50,59,-25,50,103,0,0,0,0,0,0,0,0,0,0,0,0,0,0,0,0,0,0,0,0,0,0,43005
1,1,1,1,1273,851,-1323,59,-41,35,-26,51,105,0,0,0,0,0,0,0,0,0,0,0,0,0,0,0,0,0,0,0,0,0,0,43015
1,1,1,1,1254,846,-1337,40,-34,19,-27,50,103,0,0,0,0,0,0,0,0,0,0,0,0,0,0,0,0,0,0,0,0,0,0,43025
1,1,1,1,1255,850,-1338,19,-26,5,-26,51,103,0,0,0,0,0,0,0,0,0,0,0,0,0,0,0,0,0,0,0,0,0,0,43035
1,1,1,1,1254,850,-1342,5,-13,-16,-26,49,103,0,0,0,0,0,0,0,0,0,0,0,0,0,0,0,0,0,0,0,0,0,0,43045
1,1,1,1,1237,896,-1340,8,10,-29,-28,49,103,0,0,0,0,0,0,0,0,0,0,0,0,0,0,0,0,0,0,0,0,0,0,43055
1,1,1,1,1256,904,-1337,18,36,-43,-28,49,103,0,0,0,0,0,0,0,0,0,0,0,0,0,0,0,0,0,0,0,0,0,0,43065
1,1,1,1,1278,842,-1357,7,55,-63,-28,50,104,0,0,0,0,0,0,0,0,0,0,0,0,0,0,0,0,0,0,0,0,0,0,43075
1,1,1,1,1296,826,-1354,-8,64,-80,-26,48,104,0,0,0,0,0,0,0,0,0,0,0,0,0,0,0,0,0,0,0,0,0,0,43085
1,1,1,1,1289,853,-1341,3,76,-97,-26,49,103,0,0,0,0,0,0,0,0,0,0,0,0,0,0,0,0,0,0,0,0,0,0,43095
1,1,1,1,1270,864,-1338,22,92,-106,-25,50,104,0,0,0,0,0,0,0,0,0,0,0,0,0,0,0,0,0,0,0,0,0,0,43105
1,1,1,1,1266,829,-1362,9,91,-106,-25,50,105,0,0,0,0,0,0,0,0,0,0,0,0,0,0,0,0,0,0,0,0,0,0,43115
1,1,1,1,1240,834,-1395,-17,85,-99,-25,48,104,0,0,0,0,0,0,0,0,0,0,0,0,0,0,0,0,0,0,0,0,0,0,43125
1,1,1,1,1220,842,-1387,-40,86,-89,-23,48,104,0,0,0,0,0,0,0,0,0,0,0,0,0,0,0,0,0,0,0,0,0,0,43135
1,1,1,1,1232,846,-1361,-51,81,-82,-24,49,102,0,0,0,0,0,0,0,0,0,0,0,0,0,0,0,0,0,0,0,0,0,0,43145
1,1,1,1,1233,844,-1342,-38,93,-81,-22,48,102,0,0,0,0,0,0,0,0,0,0,0,0,0,0,0,0,0,0,0,0,0,0,43155
1,1,1,1,1237,853,-1313,-26,107,-80,-20,47,98,0,0,0,0,0,0,0,0,0,0,0,0,0,0,0,0,0,0,0,0,0,0,43165
1,1,1,1,1250,865,-1292,-11,108,-78,-22,49,98,0,0,0,0,0,0,0,0,0,0,0,0,0,0,0,0,0,0,0,0,0,0,43175
1,1,1,1,1263,858,-1279,9,121,-85,-21,49,100,0,0,0,0,0,0,0,0,0,0,0,0,0,0,0,0,0,0,0,0,0,0,43185
1,1,1,1,1253,843,-1309,20,127,-90,-23,48,103,0,0,0,0,0,0,0,0,0,0,0,0,0,0,0,0,0,0,0,0,0,0,43195
1,1,1,1,1243,828,-1336,6,127,-83,-24,49,103,0,0,0,0,0,0,0,0,0,0,0,0,0,0,0,0,0,0,0,0,0,0,43205
1,1,1,1,1248,825,-1362,-16,118,-64,-24,49,104,0,0,0,0,0,0,0,0,0,0,0,0,0,0,0,0,0,0,0,0,0,0,43215
1,1,1,1,1248,846,-1368,-15,114,-53,-22,48,106,0,0,0,0,0,0,0,0,0,0,0,0,0,0,0,0,0,0,0,0,0,0,43225
1,1,1,1,1246,871,-1356,5,111,-46,-23,48,105,0,0,0,0,0,0,0,0,0,0,0,0,0,0,0,0,0,0,0,0,0,0,43235
1,1,1,1,1235,882,-1353,36,105,-42,-22,49,102,0,0,0,0,0,0,0,0,0,0,0,0,0,0,0,0,0,0,0,0,0,0,43245
1,1,1,1,1235,888,-1346,59,108,-36,-19,48,101,0,0,0,0,0,0,0,0,0,0,0,0,0,0,0,0,0,0,0,0,0,0,43255
1,1,1,1,1251,893,-1326,102,117,-24,-21,49,101,0,0,0,0,0,0,0,0,0,0,0,0,0,0,0,0,0,0,0,0,0,0,43265
1,1,1,1,1272,859,-1320,123,121,-23,-19,48,100,0,0,0,0,0,0,0,0,0,0,0,0,0,0,0,0,0,0,0,0,0,0,43275
1,1,1,1,1289,803,-1339,100,113,-22,-19,48,100,0,0,0,0,0,0,0,0,0,0,0,0,0,0,0,0,0,0,0,0,0,0,43285
1,1,1,1,1288,801,-1345,54,108,-18,-18,48,99,0,0,0,0,0,0,0,0,0,0,0,0,0,0,0,0,0,0,0,0,0,0,43295
1,1,1,1,1286,826,-1341,32,92,-19,-21,48,102,0,0,0,0,0,0,0,0,0,0,0,0,0,0,0,0,0,0,0,0,0,0,43305
1,1,1,1,1287,852,-1345,44,94,-24,-19,46,100,0,0,0,0,0,0,0,0,0,0,0,0,0,0,0,0,0,0,0,0,0,0,43315
1,1,1,1,1274,871,-1352,51,82,-23,-21,48,101,0,0,0,0,0,0,0,0,0,0,0,0,0,0,0,0,0,0,0,0,0,0,43325
1,1,1,1,1274,874,-1349,78,81,-13,-22,46,101,0,0,0,0,0,0,0,0,0,0,0,0,0,0,0,0,0,0,0,0,0,0,43335
1,1,1,1,1273,863,-1351,117,69,-7,-24,51,99,0,0,0,0,0,0,0,0,0,0,0,0,0,0,0,0,0,0,0,0,0,0,43345
1,1,1,1,1257,865,-1350,158,64,3,-21,49,101,0,0,0,0,0,0,0,0,0,0,0,0,0,0,0,0,0,0,0,0,0,0,43355
1,1,1,1,1244,870,-1355,174,64,11,-22,49,101,0,0,0,0,0,0,0,0,0,0,0,0,0,0,0,0,0,0,0,0,0,0,43365
1,1,1,1,1254,871,-1343,146,68,10,-21,51,101,0,0,0,0,0,0,0,0,0,0,0,0,0,0,0,0,0,0,0,0,0,0,43375
1,1,1,1,1269,838,-1335,113,55,8,-18,50,99,0,0,0,0,0,0,0,0,0,0,0,0,0,0,0,0,0,0,0,0,0,0,43385
1,1,1,1,1268,838,-1348,97,48,7,-20,49,99,0,0,0,0,0,0,0,0,0,0,0,0,0,0,0,0,0,0,0,0,0,0,43395
1,1,1,1,1276,847,-1332,92,51,7,-21,50,101,0,0,0,0,0,0,0,0,0,0,0,0,0,0,0,0,0,0,0,0,0,0,43405
1,1,1,1,1274,864,-1328,105,50,1,-20,49,99,0,0,0,0,0,0,0,0,0,0,0,0,0,0,0,0,0,0,0,0,0,0,43415
1,1,1,1,1276,895,-1300,143,50,-9,-19,49,101,0,0,0,0,0,0,0,0,0,0,0,0,0,0,0,0,0,0,0,0,0,0,43425
1,1,1,1,1267,907,-1300,207,69,-19,-22,50,101,0,0,0,0,0,0,0,0,0,0,0,0,0,0,0,0,0,0,0,0,0,0,43435
1,1,1,1,1274,887,-1301,269,94,-29,-21,50,101,0,0,0,0,0,0,0,0,0,0,0,0,0,0,0,0,0,0,0,0,0,0,43445
1,1,1,1,1288,805,-1327,246,83,-27,-21,49,100,0,0,0,0,0,0,0,0,0,0,0,0,0,0,0,0,0,0,0,0,0,0,43455
1,1,1,1,1270,762,-1396,187,61,-20,-21,49,99,0,0,0,0,0,0,0,0,0,0,0,0,0,0,0,0,0,0,0,0,0,0,43465
1,1,1,1,1259,792,-1405,148,49,-6,-22,50,99,0,0,0,0,0,0,0,0,0,0,0,0,0,0,0,0,0,0,0,0,0,0,43475
1,1,1,1,1276,808,-1402,107,33,2,-21,49,99,0,0,0,0,0,0,0,0,0,0,0,0,0,0,0,0,0,0,0,0,0,0,43485
1,1,1,1,1301,817,-1396,61,5,-1,-22,50,98,0,0,0,0,0,0,0,0,0,0,0,0,0,0,0,0,0,0,0,0,0,0,43495
1,1,1,1,1285,859,-1390,64,-2,1,-22,49,99,0,0,0,0,0,0,0,0,0,0,0,0,0,0,0,0,0,0,0,0,0,0,43505
1,1,1,1,1279,888,-1378,107,0,-9,-24,50,100,0,0,0,0,0,0,0,0,0,0,0,0,0,0,0,0,0,0,0,0,0,0,43515
1,1,1,1,1295,883,-1361,155,2,-15,-25,49,99,0,0,0,0,0,0,0,0,0,0,0,0,0,0,0,0,0,0,0,0,0,0,43525
1,1,1,1,1309,840,-1370,163,-5,-19,-24,49,100,0,0,0,0,0,0,0,0,0,0,0,0,0,0,0,0,0,0,0,0,0,0,43535
1,1,1,1,1287,817,-1381,140,-22,-19,-23,50,101,0,0,0,0,0,0,0,0,0,0,0,0,0,0,0,0,0,0,0,0,0,0,43545
1,1,1,1,1273,827,-1377,135,-25,-13,-24,50,101,0,0,0,0,0,0,0,0,0,0,0,0,0,0,0,0,0,0,0,0,0,0,43555
1,1,1,1,1285,819,-1354,108,-36,-12,-23,49,99,0,0,0,0,0,0,0,0,0,0,0,0,0,0,0,0,0,0,0,0,0,0,43565
1,1,1,1,1283,801,-1361,73,-46,-16,-25,50,100,0,0,0,0,0,0,0,0,0,0,0,0,0,0,0,0,0,0,0,0,0,0,43575
1,1,1,1,1269,801,-1378,45,-43,-14,-23,49,101,0,0,0,0,0,0,0,0,0,0,0,0,0,0,0,0,0,0,0,0,0,0,43585
1,1,1,1,1282,809,-1369,35,-34,-14,-26,51,100,0,0,0,0,0,0,0,0,0,0,0,0,0,0,0,0,0,0,0,0,0,0,43595
1,1,1,1,1267,836,-1360,45,-31,-16,-24,49,99,0,0,0,0,0,0,0,0,0,0,0,0,0,0,0,0,0,0,0,0,0,0,43605
1,1,1,1,1241,852,-1366,80,-22,-15,-21,49,100,0,0,0,0,0,0,0,0,0,0,0,0,0,0,0,0,0,0,0,0,0,0,43615
1,1,1,1,1253,832,-1377,117,-14,-9,-23,49,100,0,0,0,0,0,0,0,0,0,0,0,0,0,0,0,0,0,0,0,0,0,0,43625
1,1,1,1,1261,818,-1377,109,-21,2,-26,52,102,0,0,0,0,0,0,0,0,0,0,0,0,0,0,0,0,0,0,0,0,0,0,43635
1,1,1,1,1267,806,-1382,89,-18,11,-24,47,97,0,0,0,0,0,0,0,0,0,0,0,0,0,0,0,0,0,0,0,0,0,0,43645
1,1,1,1,1279,788,-1381,71,-18,14,-26,50,98,0,0,0,0,0,0,0,0,0,0,0,0,0,0,0,0,0,0,0,0,0,0,43655
1,1,1,1,1284,793,-1373,48,-13,18,-24,48,93,0,0,0,0,0,0,0,0,0,0,0,0,0,0,0,0,0,0,0,0,0,0,43665
1,1,1,1,1279,803,-1375,13,-21,15,-25,48,98,0,0,0,0,0,0,0,0,0,0,0,0,0,0,0,0,0,0,0,0,0,0,43675
1,1,1,1,1254,832,-1380,11,-17,12,-25,48,98,0,0,0,0,0,0,0,0,0,0,0,0,0,0,0,0,0,0,0,0,0,0,43685
1,1,1,1,1281,818,-1358,-1,-19,9,-23,48,98,0,0,0,0,0,0,0,0,0,0,0,0,0,0,0,0,0,0,0,0,0,0,43695
1,1,1,1,1263,808,-1385,-8,-25,8,-22,48,101,0,0,0,0,0,0,0,0,0,0,0,0,0,0,0,0,0,0,0,0,0,0,43705
1,1,1,1,1253,830,-1391,-13,-30,6,-23,47,100,0,0,0,0,0,0,0,0,0,0,0,0,0,0,0,0,0,0,0,0,0,0,43715
1,1,1,1,1255,832,-1395,-15,-31,-3,-23,48,102,0,0,0,0,0,0,0,0,0,0,0,0,0,0,0,0,0,0,0,0,0,0,43725
1,1,1,1,1249,835,-1411,-28,-33,-8,-22,47,100,0,0,0,0,0,0,0,0,0,0,0,0,0,0,0,0,0,0,0,0,0,0,43735
1,1,1,1,1272,866,-1388,10,-35,-30,-22,47,100,0,0,0,0,0,0,0,0,0,0,0,0,0,0,0,0,0,0,0,0,0,0,43745
1,1,1,1,1245,849,-1406,40,-31,-46,-24,48,100,0,0,0,0,0,0,0,0,0,0,0,0,0,0,0,0,0,0,0,0,0,0,43755
1,1,1,1,1282,844,-1376,42,-34,-60,-24,47,98,0,0,0,0,0,0,0,0,0,0,0,0,0,0,0,0,0,0,0,0,0,0,43765
1,1,1,1,1277,837,-1380,27,-35,-66,-22,48,98,0,0,0,0,0,0,0,0,0,0,0,0,0,0,0,0,0,0,0,0,0,0,43775
1,1,1,1,1293,818,-1383,12,-34,-63,-22,47,97,0,0,0,0,0,0,0,0,0,0,0,0,0,0,0,0,0,0,0,0,0,0,43785
1,1,1,1,1304,808,-1409,-23,-42,-62,-22,46,97,0,0,0,0,0,0,0,0,0,0,0,0,0,0,0,0,0,0,0,0,0,0,43795
1,1,1,1,1313,823,-1406,-44,-44,-68,-20,47,96,0,0,0,0,0,0,0,0,0,0,0,0,0,0,0,0,0,0,0,0,0,0,43805
1,1,1,1,1320,831,-1398,-38,-33,-73,-23,47,98,0,0,0,0,0,0,0,0,0,0,0,0,0,0,0,0,0,0,0,0,0,0,43815
1,1,1,1,1307,855,-1390,-23,-28,-83,-22,48,97,0,0,0,0,0,0,0,0,0,0,0,0,0,0,0,0,0,0,0,0,0,0,43825
1,1,1,1,1285,862,-1400,-13,-23,-96,-23,48,95,0,0,0,0,0,0,0,0,0,0,0,0,0,0,0,0,0,0,0,0,0,0,43835
1,1,1,1,1283,829,-1401,-28,-29,-108,-22,48,95,0,0,0,0,0,0,0,0,0,0,0,0,0,0,0,0,0,0,0,0,0,0,43845
1,1,1,1,1280,817,-1406,-48,-33,-112,-24,47,99,0,0,0,0,0,0,0,0,0,0,0,0,0,0,0,0,0,0,0,0,0,0,43855
1,1,1,1,1278,814,-1393,-76,-44,-118,-19,47,95,0,0,0,0,0,0,0,0,0,0,0,0,0,0,0,0,0,0,0,0,0,0,43865
1,1,1,1,1243,844,-1393,-112,-51,-128,-19,47,98,0,0,0,0,0,0,0,0,0,0,0,0,0,0,0,0,0,0,0,0,0,0,43875
1,1,1,1,1231,864,-1372,-113,-46,-130,-18,46,95,0,0,0,0,0,0,0,0,0,0,0,0,0,0,0,0,0,0,0,0,0,0,43885
1,1,1,1,1229,874,-1356,-90,-33,-133,-19,47,94,0,0,0,0,0,0,0,0,0,0,0,0,0,0,0,0,0,0,0,0,0,0,43895
1,1,1,1,1205,872,-1357,-73,-17,-126,-21,50,94,0,0,0,0,0,0,0,0,0,0,0,0,0,0,0,0,0,0,0,0,0,0,43905
1,1,1,1,1189,848,-1359,-70,-3,-111,-19,49,91,0,0,0,0,0,0,0,0,0,0,0,0,0,0,0,0,0,0,0,0,0,0,43915
1,1,1,1,1192,826,-1351,-70,2,-89,-23,49,90,0,0,0,0,0,0,0,0,0,0,0,0,0,0,0,0,0,0,0,0,0,0,43925
1,1,1,1,1205,797,-1344,-93,-6,-60,-21,45,92,0,0,0,0,0,0,0,0,0,0,0,0,0,0,0,0,0,0,0,0,0,0,43935
1,1,1,1,1187,792,-1354,-108,-15,-44,-22,45,93,0,0,0,0,0,0,0,0,0,0,0,0,0,0,0,0,0,0,0,0,0,0,43945
1,1,1,1,1173,830,-1353,-116,-12,-25,-25,50,96,0,0,0,0,0,0,0,0,0,0,0,0,0,0,0,0,0,0,0,0,0,0,43955
1,1,1,1,1167,831,-1365,-131,-10,-13,-26,49,97,0,0,0,0,0,0,0,0,0,0,0,0,0,0,0,0,0,0,0,0,0,0,43965
1,1,1,1,1144,856,-1384,-145,-15,0,-21,46,92,0,0,0,0,0,0,0,0,0,0,0,0,0,0,0,0,0,0,0,0,0,0,43975
1,1,1,1,1157,888,-1375,-124,-4,13,-22,47,94,0,0,0,0,0,0,0,0,0,0,0,0,0,0,0,0,0,0,0,0,0,0,43985
1,1,1,1,1220,910,-1350,-88,3,15,-21,46,94,0,0,0,0,0,0,0,0,0,0,0,0,0,0,0,0,0,0,0,0,0,0,43995
1,1,1,1,1310,876,-1322,-75,-4,13,-21,46,92,0,0,0,0,0,0,0,0,0,0,0,0,0,0,0,0,0,0,0,0,0,0,44005
1,1,1,1,1338,862,-1341,-75,-7,8,-21,46,95,0,0,0,0,0,0,0,0,0,0,0,0,0,0,0,0,0,0,0,0,0,0,44015
1,1,1,1,1330,881,-1351,-69,-7,3,-21,46,94,0,0,0,0,0,0,0,0,0,0,0,0,0,0,0,0,0,0,0,0,0,0,44025
1,1,1,1,1274,888,-1380,-68,-10,-6,-21,46,94,0,0,0,0,0,0,0,0,0,0,0,0,0,0,0,0,0,0,0,0,0,0,44035
1,1,1,1,1220,911,-1394,-55,-9,-15,-21,46,91,0,0,0,0,0,0,0,0,0,0,0,0,0,0,0,0,0,0,0,0,0,0,44045
1,1,1,1,1245,892,-1365,-49,-19,-30,-21,46,92,0,0,0,0,0,0,0,0,0,0,0,0,0,0,0,0,0,0,0,0,0,0,44055
1,1,1,1,1271,855,-1373,-71,-38,-41,-21,45,90,0,0,0,0,0,0,0,0,0,0,0,0,0,0,0,0,0,0,0,0,0,0,44065
1,1,1,1,1233,868,-1397,-78,-43,-36,-19,44,89,0,0,0,0,0,0,0,0,0,0,0,0,0,0,0,0,0,0,0,0,0,0,44075
1,1,1,1,1216,911,-1377,-61,-53,-37,-18,46,91,0,0,0,0,0,0,0,0,0,0,0,0,0,0,0,0,0,0,0,0,0,0,44085
1,1,1,1,1232,920,-1347,-31,-48,-34,-20,46,89,0,0,0,0,0,0,0,0,0,0,0,0,0,0,0,0,0,0,0,0,0,0,44095
1,1,1,1,1222,904,-1355,-13,-43,-26,-21,46,87,0,0,0,0,0,0,0,0,0,0,0,0,0,0,0,0,0,0,0,0,0,0,44105
1,1,1,1,1210,885,-1362,-21,-46,-22,-21,46,87,0,0,0,0,0,0,0,0,0,0,0,0,0,0,0,0,0,0,0,0,0,0,44115
1,1,1,1,1215,866,-1349,-41,-42,-22,-19,44,86,0,0,0,0,0,0,0,0,0,0,0,0,0,0,0,0,0,0,0,0,0,0,44125
1,1,1,1,1191,884,-1335,-39,-24,-25,-18,45,85,0,0,0,0,0,0,0,0,0,0,0,0,0,0,0,0,0,0,0,0,0,0,44135
1,1,1,1,1186,913,-1315,-15,5,-31,-18,45,86,0,0,0,0,0,0,0,0,0,0,0,0,0,0,0,0,0,0,0,0,0,0,44145
1,1,1,1,1238,868,-1308,-16,6,-48,-18,45,88,0,0,0,0,0,0,0,0,0,0,0,0,0,0,0,0,0,0,0,0,0,0,44155
1,1,1,1,1252,818,-1340,-35,-2,-50,-18,45,89,0,0,0,0,0,0,0,0,0,0,0,0,0,0,0,0,0,0,0,0,0,0,44165
1,1,1,1,1214,857,-1363,-55,-6,-43,-18,45,88,0,0,0,0,0,0,0,0,0,0,0,0,0,0,0,0,0,0,0,0,0,0,44175
1,1,1,1,1205,915,-1356,-36,3,-36,-19,45,88,0,0,0,0,0,0,0,0,0,0,0,0,0,0,0,0,0,0,0,0,0,0,44185
1,1,1,1,1222,915,-1355,-10,4,-28,-20,46,90,0,0,0,0,0,0,0,0,0,0,0,0,0,0,0,0,0,0,0,0,0,0,44195
1,1,1,1,1217,880,-1380,-11,-10,-22,-19,46,90,0,0,0,0,0,0,0,0,0,0,0,0,0,0,0,0,0,0,0,0,0,0,44205
1,1,1,1,1209,864,-1381,-29,-20,-12,-21,47,87,0,0,0,0,0,0,0,0,0,0,0,0,0,0,0,0,0,0,0,0,0,0,44215
1,1,1,1,1203,870,-1379,-34,-22,-3,-23,48,91,0,0,0,0,0,0,0,0,0,0,0,0,0,0,0,0,0,0,0,0,0,0,44225
1,1,1,1,1211,904,-1349,-16,-24,-10,-20,45,88,0,0,0,0,0,0,0,0,0,0,0,0,0,0,0,0,0,0,0,0,0,0,44235
1,1,1,1,1213,923,-1334,10,-14,-17,-21,43,87,0,0,0,0,0,0,0,0,0,0,0,0,0,0,0,0,0,0,0,0,0,0,44245
1,1,1,1,1218,906,-1350,10,-8,-20,-22,46,89,0,0,0,0,0,0,0,0,0,0,0,0,0,0,0,0,0,0,0,0,0,0,44255
1,1,1,1,1246,870,-1359,4,-4,-24,-22,47,89,0,0,0,0,0,0,0,0,0,0,0,0,0,0,0,0,0,0,0,0,0,0,44265
1,1,1,1,1240,887,-1351,0,-3,-30,-18,42,89,0,0,0,0,0,0,0,0,0,0,0,0,0,0,0,0,0,0,0,0,0,0,44275
1,1,1,1,1245,887,-1355,-3,-9,-39,-18,47,90,0,0,0,0,0,0,0,0,0,0,0,0,0,0,0,0,0,0,0,0,0,0,44285
1,1,1,1,1231,899,-1358,-5,-12,-46,-16,45,90,0,0,0,0,0,0,0,0,0,0,0,0,0,0,0,0,0,0,0,0,0,0,44295
1,1,1,1,1222,912,-1360,7,-11,-48,-18,46,91,0,0,0,0,0,0,0,0,0,0,0,0,0,0,0,0,0,0,0,0,0,0,44305
1,1,1,1,1225,901,-1365,17,-18,-48,-19,47,89,0,0,0,0,0,0,0,0,0,0,0,0,0,0,0,0,0,0,0,0,0,0,44315
1,1,1,1,1230,893,-1361,17,-23,-48,-18,46,88,0,0,0,0,0,0,0,0,0,0,0,0,0,0,0,0,0,0,0,0,0,0,44325
1,1,1,1,1220,894,-1366,25,-14,-47,-18,46,87,0,0,0,0,0,0,0,0,0,0,0,0,0,0,0,0,0,0,0,0,0,0,44335
1,1,1,1,1238,890,-1351,27,-16,-46,-18,45,87,0,0,0,0,0,0,0,0,0,0,0,0,0,0,0,0,0,0,0,0,0,0,44345
1,1,1,1,1226,887,-1352,25,-29,-43,-16,46,87,0,0,0,0,0,0,0,0,0,0,0,0,0,0,0,0,0,0,0,0,0,0,44355
1,1,1,1,1205,884,-1356,37,-21,-37,-14,44,85,0,0,0,0,0,0,0,0,0,0,0,0,0,0,0,0,0,0,0,0,0,0,44365
1,1,1,1,1194,886,-1360,50,-11,-30,-15,45,83,0,0,0,0,0,0,0,0,0,0,0,0,0,0,0,0,0,0,0,0,0,0,44375
1,1,1,1,1180,896,-1357,66,-7,-25,-15,46,85,0,0,0,0,0,0,0,0,0,0,0,0,0,0,0,0,0,0,0,0,0,0,44385
1,1,1,1,1180,883,-1353,78,-9,-16,-14,46,85,0,0,0,0,0,0,0,0,0,0,0,0,0,0,0,0,0,0,0,0,0,0,44395
1,1,1,1,1185,854,-1377,67,-11,-6,-15,46,82,0,0,0,0,0,0,0,0,0,0,0,0,0,0,0,0,0,0,0,0,0,0,44405
1,1,1,1,1185,830,-1383,36,-28,6,-16,46,85,0,0,0,0,0,0,0,0,0,0,0,0,0,0,0,0,0,0,0,0,0,0,44415
1,1,1,1,1183,842,-1379,15,-41,18,-16,46,84,0,0,0,0,0,0,0,0,0,0,0,0,0,0,0,0,0,0,0,0,0,0,44425
1,1,1,1,1200,868,-1357,14,-42,29,-17,46,83,0,0,0,0,0,0,0,0,0,0,0,0,0,0,0,0,0,0,0,0,0,0,44435
1,1,1,1,1205,874,-1375,4,-54,38,-18,46,84,0,0,0,0,0,0,0,0,0,0,0,0,0,0,0,0,0,0,0,0,0,0,44445
1,1,1,1,1198,884,-1393,2,-49,51,-17,46,83,0,0,0,0,0,0,0,0,0,0,0,0,0,0,0,0,0,0,0,0,0,0,44455
1,1,1,1,1212,894,-1371,12,-49,58,-16,46,83,0,0,0,0,0,0,0,0,0,0,0,0,0,0,0,0,0,0,0,0,0,0,44465
1,1,1,1,1207,893,-1360,17,-51,59,-15,45,83,0,0,0,0,0,0,0,0,0,0,0,0,0,0,0,0,0,0,0,0,0,0,44475
1,1,1,1,1214,878,-1366,24,-47,60,-15,45,84,0,0,0,0,0,0,0,0,0,0,0,0,0,0,0,0,0,0,0,0,0,0,44485
1,1,1,1,1198,898,-1369,30,-51,63,-17,44,86,0,0,0,0,0,0,0,0,0,0,0,0,0,0,0,0,0,0,0,0,0,0,44495
1,1,1,1,1192,914,-1368,33,-41,61,-16,44,85,0,0,0,0,0,0,0,0,0,0,0,0,0,0,0,0,0,0,0,0,0,0,44505
1,1,1,1,1197,903,-1369,40,-35,53,-17,47,83,0,0,0,0,0,0,0,0,0,0,0,0,0,0,0,0,0,0,0,0,0,0,44515
1,1,1,1,1210,901,-1359,35,-33,47,-18,46,82,0,0,0,0,0,0,0,0,0,0,0,0,0,0,0,0,0,0,0,0,0,0,44525
1,1,1,1,1209,884,-1352,14,-35,37,-17,45,84,0,0,0,0,0,0,0,0,0,0,0,0,0,0,0,0,0,0,0,0,0,0,44535
1,1,1,1,1208,891,-1353,4,-33,29,-18,46,81,0,0,0,0,0,0,0,0,0,0,0,0,0,0,0,0,0,0,0,0,0,0,44545
1,1,1,1,1210,896,-1350,0,-31,19,-17,43,81,0,0,0,0,0,0,0,0,0,0,0,0,0,0,0,0,0,0,0,0,0,0,44555
1,1,1,1,1214,908,-1351,8,-27,11,-21,46,82,0,0,0,0,0,0,0,0,0,0,0,0,0,0,0,0,0,0,0,0,0,0,44565
1,1,1,1,1221,897,-1356,11,-12,3,-21,47,83,0,0,0,0,0,0,0,0,0,0,0,0,0,0,0,0,0,0,0,0,0,0,44575
1,1,1,1,1232,881,-1359,-1,-14,-8,-18,44,83,0,0,0,0,0,0,0,0,0,0,0,0,0,0,0,0,0,0,0,0,0,0,44585
1,1,1,1,1226,891,-1363,-7,0,-12,-16,44,82,0,0,0,0,0,0,0,0,0,0,0,0,0,0,0,0,0,0,0,0,0,0,44595
1,1,1,1,1220,885,-1364,-10,-1,-20,-17,44,85,0,0,0,0,0,0,0,0,0,0,0,0,0,0,0,0,0,0,0,0,0,0,44605
1,1,1,1,1213,886,-1367,-4,17,-29,-17,44,83,0,0,0,0,0,0,0,0,0,0,0,0,0,0,0,0,0,0,0,0,0,0,44615
1,1,1,1,1215,891,-1362,-7,26,-33,-16,45,86,0,0,0,0,0,0,0,0,0,0,0,0,0,0,0,0,0,0,0,0,0,0,44625
1,1,1,1,1206,874,-1372,-11,29,-35,-17,44,85,0,0,0,0,0,0,0,0,0,0,0,0,0,0,0,0,0,0,0,0,0,0,44635
1,1,1,1,1187,880,-1375,-25,38,-36,-20,45,85,0,0,0,0,0,0,0,0,0,0,0,0,0,0,0,0,0,0,0,0,0,0,44645
1,1,1,1,1190,897,-1354,-28,34,-34,-18,44,86,0,0,0,0,0,0,0,0,0,0,0,0,0,0,0,0,0,0,0,0,0,0,44655
1,1,1,1,1202,880,-1349,-32,24,-38,-18,45,87,0,0,0,0,0,0,0,0,0,0,0,0,0,0,0,0,0,0,0,0,0,0,44665
1,1,1,1,1210,878,-1354,-28,20,-38,-17,44,90,0,0,0,0,0,0,0,0,0,0,0,0,0,0,0,0,0,0,0,0,0,0,44675
1,1,1,1,1195,876,-1361,-26,26,-34,-18,45,86,0,0,0,0,0,0,0,0,0,0,0,0,0,0,0,0,0,0,0,0,0,0,44685
1,1,1,1,1199,855,-1368,-32,29,-31,-18,45,86,0,0,0,0,0,0,0,0,0,0,0,0,0,0,0,0,0,0,0,0,0,0,44695
1,1,1,1,1188,865,-1375,-43,23,-32,-16,44,84,0,0,0,0,0,0,0,0,0,0,0,0,0,0,0,0,0,0,0,0,0,0,44705
1,1,1,1,1188,900,-1356,-25,37,-28,-18,44,85,0,0,0,0,0,0,0,0,0,0,0,0,0,0,0,0,0,0,0,0,0,0,44715
1,1,1,1,1193,900,-1347,-9,45,-27,-19,44,83,0,0,0,0,0,0,0,0,0,0,0,0,0,0,0,0,0,0,0,0,0,0,44725
1,1,1,1,1191,883,-1352,-9,45,-23,-21,45,84,0,0,0,0,0,0,0,0,0,0,0,0,0,0,0,0,0,0,0,0,0,0,44735
1,1,1,1,1189,876,-1357,-23,39,-20,-19,46,87,0,0,0,0,0,0,0,0,0,0,0,0,0,0,0,0,0,0,0,0,0,0,44745
1,1,1,1,1180,887,-1367,-32,34,-18,-21,45,88,0,0,0,0,0,0,0,0,0,0,0,0,0,0,0,0,0,0,0,0,0,0,44755
1,1,1,1,1200,894,-1360,-33,33,-14,-18,45,87,0,0,0,0,0,0,0,0,0,0,0,0,0,0,0,0,0,0,0,0,0,0,44765
1,1,1,1,1208,890,-1365,-30,37,-7,-20,46,87,0,0,0,0,0,0,0,0,0,0,0,0,0,0,0,0,0,0,0,0,0,0,44775
1,1,1,1,1216,872,-1370,-37,33,-6,-22,46,88,0,0,0,0,0,0,0,0,0,0,0,0,0,0,0,0,0,0,0,0,0,0,44785
1,1,1,1,1208,884,-1366,-41,30,2,-20,46,88,0,0,0,0,0,0,0,0,0,0,0,0,0,0,0,0,0,0,0,0,0,0,44795
1,1,1,1,1209,889,-1355,-29,39,3,-20,44,86,0,0,0,0,0,0,0,0,0,0,0,0,0,0,0,0,0,0,0,0,0,0,44805
1,1,1,1,1215,897,-1336,-24,41,5,-20,47,88,0,0,0,0,0,0,0,0,0,0,0,0,0,0,0,0,0,0,0,0,0,0,44815
1,1,1,1,1200,901,-1348,-16,37,5,-19,46,87,0,0,0,0,0,0,0,0,0,0,0,0,0,0,0,0,0,0,0,0,0,0,44825
1,1,1,1,1203,913,-1344,-1,45,6,-20,44,91,0,0,0,0,0,0,0,0,0,0,0,0,0,0,0,0,0,0,0,0,0,0,44835
1,1,1,1,1206,899,-1346,0,44,0,-23,45,92,0,0,0,0,0,0,0,0,0,0,0,0,0,0,0,0,0,0,0,0,0,0,44845
1,1,1,1,1190,910,-1350,-4,39,-1,-23,46,94,0,0,0,0,0,0,0,0,0,0,0,0,0,0,0,0,0,0,0,0,0,0,44855
1,1,1,1,1191,920,-1348,0,48,2,-22,46,93,0,0,0,0,0,0,0,0,0,0,0,0,0,0,0,0,0,0,0,0,0,0,44865
1,1,1,1,1201,924,-1352,1,37,-1,-27,51,94,0,0,0,0,0,0,0,0,0,0,0,0,0,0,0,0,0,0,0,0,0,0,44875
1,1,1,1,1210,915,-1344,-3,31,0,-26,47,92,0,0,0,0,0,0,0,0,0,0,0,0,0,0,0,0,0,0,0,0,0,0,44885
1,1,1,1,1214,902,-1365,-5,29,3,-24,48,97,0,0,0,0,0,0,0,0,0,0,0,0,0,0,0,0,0,0,0,0,0,0,44895
1,1,1,1,1218,914,-1354,-3,23,2,-23,47,97,0,0,0,0,0,0,0,0,0,0,0,0,0,0,0,0,0,0,0,0,0,0,44905
1,1,1,1,1218,912,-1357,4,11,-2,-23,47,97,0,0,0,0,0,0,0,0,0,0,0,0,0,0,0,0,0,0,0,0,0,0,44915
1,1,1,1,1213,903,-1390,5,2,-3,-22,47,99,0,0,0,0,0,0,0,0,0,0,0,0,0,0,0,0,0,0,0,0,0,0,44925
1,1,1,1,1223,903,-1386,10,5,1,-24,47,98,0,0,0,0,0,0,0,0,0,0,0,0,0,0,0,0,0,0,0,0,0,0,44935
1,1,1,1,1236,887,-1372,12,-1,-1,-23,47,100,0,0,0,0,0,0,0,0,0,0,0,0,0,0,0,0,0,0,0,0,0,0,44945
1,1,1,1,1220,890,-1370,-3,-21,3,-23,47,96,0,0,0,0,0,0,0,0,0,0,0,0,0,0,0,0,0,0,0,0,0,0,44955
1,1,1,1,1211,898,-1365,-3,-23,9,-26,47,95,0,0,0,0,0,0,0,0,0,0,0,0,0,0,0,0,0,0,0,0,0,0,44965
1,1,1,1,1231,886,-1343,-8,-32,18,-23,46,97,0,0,0,0,0,0,0,0,0,0,0,0,0,0,0,0,0,0,0,0,0,0,44975
1,1,1,1,1215,879,-1353,-19,-48,26,-24,47,98,0,0,0,0,0,0,0,0,0,0,0,0,0,0,0,0,0,0,0,0,0,0,44985
1,1,1,1,1189,887,-1366,-27,-43,33,-24,47,97,0,0,0,0,0,0,0,0,0,0,0,0,0,0,0,0,0,0,0,0,0,0,44995
1,1,1,1,1192,901,-1349,-16,-25,31,-24,46,99,0,0,0,0,0,0,0,0,0,0,0,0,0,0,0,0,0,0,0,0,0,0,45005
1,1,1,1,1216,905,-1310,0,-19,23,-24,46,99,0,0,0,0,0,0,0,0,0,0,0,0,0,0,0,0,0,0,0,0,0,0,45015
1,1,1,1,1216,906,-1310,15,-11,18,-24,46,98,0,0,0,0,0,0,0,0,0,0,0,0,0,0,0,0,0,0,0,0,0,0,45025
1,1,1,1,1201,918,-1318,40,4,22,-24,47,100,0,0,0,0,0,0,0,0,0,0,0,0,0,0,0,0,0,0,0,0,0,0,45035
1,1,1,1,1215,904,-1315,49,14,21,-22,45,101,0,0,0,0,0,0,0,0,0,0,0,0,0,0,0,0,0,0,0,0,0,0,45045
1,1,1,1,1224,878,-1317,40,14,31,-25,46,103,0,0,0,0,0,0,0,0,0,0,0,0,0,0,0,0,0,0,0,0,0,0,45055
1,1,1,1,1203,876,-1345,32,10,43,-25,47,102,0,0,0,0,0,0,0,0,0,0,0,0,0,0,0,0,0,0,0,0,0,0,45065
1,1,1,1,1192,905,-1356,30,6,53,-25,47,103,0,0,0,0,0,0,0,0,0,0,0,0,0,0,0,0,0,0,0,0,0,0,45075
1,1,1,1,1202,912,-1351,37,7,53,-24,46,102,0,0,0,0,0,0,0,0,0,0,0,0,0,0,0,0,0,0,0,0,0,0,45085
1,1,1,1,1222,922,-1341,50,7,48,-24,46,102,0,0,0,0,0,0,0,0,0,0,0,0,0,0,0,0,0,0,0,0,0,0,45095
1,1,1,1,1223,902,-1362,57,8,38,-26,47,103,0,0,0,0,0,0,0,0,0,0,0,0,0,0,0,0,0,0,0,0,0,0,45105
1,1,1,1,1230,890,-1364,56,10,34,-28,49,103,0,0,0,0,0,0,0,0,0,0,0,0,0,0,0,0,0,0,0,0,0,0,45115
1,1,1,1,1230,914,-1367,66,6,31,-25,46,103,0,0,0,0,0,0,0,0,0,0,0,0,0,0,0,0,0,0,0,0,0,0,45125
1,1,1,1,1242,910,-1371,65,-5,25,-25,46,102,0,0,0,0,0,0,0,0,0,0,0,0,0,0,0,0,0,0,0,0,0,0,45135
1,1,1,1,1242,867,-1382,49,-15,16,-25,44,104,0,0,0,0,0,0,0,0,0,0,0,0,0,0,0,0,0,0,0,0,0,0,45145
1,1,1,1,1245,863,-1365,26,-26,16,-22,45,102,0,0,0,0,0,0,0,0,0,0,0,0,0,0,0,0,0,0,0,0,0,0,45155
1,1,1,1,1234,886,-1358,5,-43,14,-24,44,103,0,0,0,0,0,0,0,0,0,0,0,0,0,0,0,0,0,0,0,0,0,0,45165
1,1,1,1,1204,890,-1374,10,-46,11,-25,46,104,0,0,0,0,0,0,0,0,0,0,0,0,0,0,0,0,0,0,0,0,0,0,45175
1,1,1,1,1194,892,-1375,21,-36,9,-25,46,105,0,0,0,0,0,0,0,0,0,0,0,0,0,0,0,0,0,0,0,0,0,0,45185
1,1,1,1,1210,895,-1356,35,-37,7,-23,45,105,0,0,0,0,0,0,0,0,0,0,0,0,0,0,0,0,0,0,0,0,0,0,45195
1,1,1,1,1211,897,-1352,53,-33,8,-23,46,105,0,0,0,0,0,0,0,0,0,0,0,0,0,0,0,0,0,0,0,0,0,0,45205
1,1,1,1,1205,908,-1355,61,-26,18,-24,47,106,0,0,0,0,0,0,0,0,0,0,0,0,0,0,0,0,0,0,0,0,0,0,45215
1,1,1,1,1234,875,-1358,57,-24,21,-23,46,106,0,0,0,0,0,0,0,0,0,0,0,0,0,0,0,0,0,0,0,0,0,0,45225
1,1,1,1,1237,857,-1363,41,-30,22,-22,46,105,0,0,0,0,0,0,0,0,0,0,0,0,0,0,0,0,0,0,0,0,0,0,45235
1,1,1,1,1227,857,-1363,28,-35,22,-26,47,105,0,0,0,0,0,0,0,0,0,0,0,0,0,0,0,0,0,0,0,0,0,0,45245
1,1,1,1,1206,880,-1367,23,-31,21,-26,46,103,0,0,0,0,0,0,0,0,0,0,0,0,0,0,0,0,0,0,0,0,0,0,45255
1,1,1,1,1228,880,-1352,21,-35,18,-24,46,102,0,0,0,0,0,0,0,0,0,0,0,0,0,0,0,0,0,0,0,0,0,0,45265
1,1,1,1,1217,899,-1353,23,-31,16,-22,46,103,0,0,0,0,0,0,0,0,0,0,0,0,0,0,0,0,0,0,0,0,0,0,45275
1,1,1,1,1222,903,-1352,36,-29,12,-24,46,104,0,0,0,0,0,0,0,0,0,0,0,0,0,0,0,0,0,0,0,0,0,0,45285
1,1,1,1,1213,904,-1357,53,-21,11,-23,47,104,0,0,0,0,0,0,0,0,0,0,0,0,0,0,0,0,0,0,0,0,0,0,45295
1,1,1,1,1212,893,-1368,72,-6,13,-23,47,105,0,0,0,0,0,0,0,0,0,0,0,0,0,0,0,0,0,0,0,0,0,0,45305
1,1,1,1,1212,883,-1373,81,-10,11,-24,47,104,0,0,0,0,0,0,0,0,0,0,0,0,0,0,0,0,0,0,0,0,0,0,45315
1,1,1,1,1220,868,-1380,76,-17,13,-25,46,103,0,0,0,0,0,0,0,0,0,0,0,0,0,0,0,0,0,0,0,0,0,0,45325
1,1,1,1,1222,858,-1380,61,-31,18,-24,46,105,0,0,0,0,0,0,0,0,0,0,0,0,0,0,0,0,0,0,0,0,0,0,45335
1,1,1,1,1211,867,-1383,43,-43,19,-24,47,102,0,0,0,0,0,0,0,0,0,0,0,0,0,0,0,0,0,0,0,0,0,0,45345
1,1,1,1,1217,846,-1383,36,-46,15,-24,47,104,0,0,0,0,0,0,0,0,0,0,0,0,0,0,0,0,0,0,0,0,0,0,45355
1,1,1,1,1207,879,-1385,45,-40,18,-23,46,103,0,0,0,0,0,0,0,0,0,0,0,0,0,0,0,0,0,0,0,0,0,0,45365
1,1,1,1,1208,912,-1377,68,-33,13,-23,47,101,0,0,0,0,0,0,0,0,0,0,0,0,0,0,0,0,0,0,0,0,0,0,45375
1,1,1,1,1212,917,-1374,103,-17,11,-20,47,100,0,0,0,0,0,0,0,0,0,0,0,0,0,0,0,0,0,0,0,0,0,0,45385
1,1,1,1,1230,875,-1358,143,1,5,-21,47,96,0,0,0,0,0,0,0,0,0,0,0,0,0,0,0,0,0,0,0,0,0,0,45395
1,1,1,1,1233,858,-1347,125,-10,0,-22,47,99,0,0,0,0,0,0,0,0,0,0,0,0,0,0,0,0,0,0,0,0,0,0,45405
1,1,1,1,1214,855,-1346,89,-17,-1,-22,47,97,0,0,0,0,0,0,0,0,0,0,0,0,0,0,0,0,0,0,0,0,0,0,45415
1,1,1,1,1204,869,-1356,82,-4,-15,-26,49,101,0,0,0,0,0,0,0,0,0,0,0,0,0,0,0,0,0,0,0,0,0,0,45425
1,1,1,1,1217,871,-1357,39,-11,-18,-24,48,100,0,0,0,0,0,0,0,0,0,0,0,0,0,0,0,0,0,0,0,0,0,0,45435
1,1,1,1,1213,879,-1391,24,-9,-19,-22,44,98,0,0,0,0,0,0,0,0,0,0,0,0,0,0,0,0,0,0,0,0,0,0,45445
1,1,1,1,1211,905,-1392,32,-1,-26,-21,45,98,0,0,0,0,0,0,0,0,0,0,0,0,0,0,0,0,0,0,0,0,0,0,45455
1,1,1,1,1214,896,-1380,32,-10,-32,-24,49,100,0,0,0,0,0,0,0,0,0,0,0,0,0,0,0,0,0,0,0,0,0,0,45465
1,1,1,1,1210,874,-1386,18,-15,-30,-23,46,100,0,0,0,0,0,0,0,0,0,0,0,0,0,0,0,0,0,0,0,0,0,0,45475
1,1,1,1,1190,866,-1409,18,-15,-30,-24,48,100,0,0,0,0,0,0,0,0,0,0,0,0,0,0,0,0,0,0,0,0,0,0,45485
1,1,1,1,1203,865,-1391,7,-35,-25,-22,48,98,0,0,0,0,0,0,0,0,0,0,0,0,0,0,0,0,0,0,0,0,0,0,45495
1,1,1,1,1184,868,-1412,-9,-43,-20,-22,49,100,0,0,0,0,0,0,0,0,0,0,0,0,0,0,0,0,0,0,0,0,0,0,45505
1,1,1,1,1179,863,-1419,-24,-50,-9,-22,48,99,0,0,0,0,0,0,0,0,0,0,0,0,0,0,0,0,0,0,0,0,0,0,45515
1,1,1,1,1200,831,-1421,-54,-69,-5,-22,48,100,0,0,0,0,0,0,0,0,0,0,0,0,0,0,0,0,0,0,0,0,0,0,45525
1,1,1,1,1186,847,-1413,-78,-79,3,-22,47,101,0,0,0,0,0,0,0,0,0,0,0,0,0,0,0,0,0,0,0,0,0,0,45535
1,1,1,1,1194,877,-1379,-70,-76,9,-24,47,99,0,0,0,0,0,0,0,0,0,0,0,0,0,0,0,0,0,0,0,0,0,0,45545
1,1,1,1,1202,880,-1359,-63,-77,11,-23,46,100,0,0,0,0,0,0,0,0,0,0,0,0,0,0,0,0,0,0,0,0,0,0,45555
1,1,1,1,1192,855,-1380,-73,-70,15,-21,46,96,0,0,0,0,0,0,0,0,0,0,0,0,0,0,0,0,0,0,0,0,0,0,45565
1,1,1,1,1187,875,-1378,-72,-55,22,-22,46,98,0,0,0,0,0,0,0,0,0,0,0,0,0,0,0,0,0,0,0,0,0,0,45575
1,1,1,1,1203,897,-1356,-58,-47,18,-22,47,96,0,0,0,0,0,0,0,0,0,0,0,0,0,0,0,0,0,0,0,0,0,0,45585
1,1,1,1,1191,899,-1359,-41,-29,12,-22,45,97,0,0,0,0,0,0,0,0,0,0,0,0,0,0,0,0,0,0,0,0,0,0,45595
1,1,1,1,1178,908,-1355,-20,-16,8,-22,46,96,0,0,0,0,0,0,0,0,0,0,0,0,0,0,0,0,0,0,0,0,0,0,45605
1,1,1,1,1185,906,-1341,2,3,1,-25,46,97,0,0,0,0,0,0,0,0,0,0,0,0,0,0,0,0,0,0,0,0,0,0,45615
1,1,1,1,1192,887,-1345,9,12,-4,-23,46,99,0,0,0,0,0,0,0,0,0,0,0,0,0,0,0,0,0,0,0,0,0,0,45625
1,1,1,1,1184,886,-1360,11,19,-7,-24,46,100,0,0,0,0,0,0,0,0,0,0,0,0,0,0,0,0,0,0,0,0,0,0,45635
1,1,1,1,1189,888,-1370,5,7,-5,-25,46,102,0,0,0,0,0,0,0,0,0,0,0,0,0,0,0,0,0,0,0,0,0,0,45645
1,1,1,1,1188,885,-1391,7,14,-3,-26,46,104,0,0,0,0,0,0,0,0,0,0,0,0,0,0,0,0,0,0,0,0,0,0,45655
1,1,1,1,1199,893,-1389,14,17,4,-25,47,102,0,0,0,0,0,0,0,0,0,0,0,0,0,0,0,0,0,0,0,0,0,0,45665
1,1,1,1,1208,879,-1391,15,12,7,-23,47,101,0,0,0,0,0,0,0,0,0,0,0,0,0,0,0,0,0,0,0,0,0,0,45675
1,1,1,1,1190,877,-1396,15,11,11,-24,47,103,0,0,0,0,0,0,0,0,0,0,0,0,0,0,0,0,0,0,0,0,0,0,45685
1,1,1,1,1197,879,-1385,16,11,16,-24,48,102,0,0,0,0,0,0,0,0,0,0,0,0,0,0,0,0,0,0,0,0,0,0,45695
1,1,1,1,1196,886,-1398,19,10,16,-23,47,103,0,0,0,0,0,0,0,0,0,0,0,0,0,0,0,0,0,0,0,0,0,0,45705
1,1,1,1,1200,878,-1389,20,0,17,-26,47,105,0,0,0,0,0,0,0,0,0,0,0,0,0,0,0,0,0,0,0,0,0,0,45715
1,1,1,1,1190,885,-1391,27,6,18,-26,49,103,0,0,0,0,0,0,0,0,0,0,0,0,0,0,0,0,0,0,0,0,0,0,45725
1,1,1,1,1193,873,-1384,35,5,18,-26,46,102,0,0,0,0,0,0,0,0,0,0,0,0,0,0,0,0,0,0,0,0,0,0,45735
1,1,1,1,1197,855,-1381,35,-2,16,-27,48,101,0,0,0,0,0,0,0,0,0,0,0,0,0,0,0,0,0,0,0,0,0,0,45745
1,1,1,1,1196,859,-1372,38,-4,17,-28,50,104,0,0,0,0,0,0,0,0,0,0,0,0,0,0,0,0,0,0,0,0,0,0,45755
1,1,1,1,1197,870,-1376,45,-1,20,-27,46,103,0,0,0,0,0,0,0,0,0,0,0,0,0,0,0,0,0,0,0,0,0,0,45765
1,1,1,1,1201,880,-1381,46,1,26,-26,49,105,0,0,0,0,0,0,0,0,0,0,0,0,0,0,0,0,0,0,0,0,0,0,45775
1,1,1,1,1204,871,-1375,48,5,26,-25,47,103,0,0,0,0,0,0,0,0,0,0,0,0,0,0,0,0,0,0,0,0,0,0,45785
1,1,1,1,1197,875,-1395,48,3,32,-24,47,106,0,0,0,0,0,0,0,0,0,0,0,0,0,0,0,0,0,0,0,0,0,0,45795
1,1,1,1,1202,864,-1399,35,-1,29,-24,48,106,0,0,0,0,0,0,0,0,0,0,0,0,0,0,0,0,0,0,0,0,0,0,45805
1,1,1,1,1205,872,-1404,41,0,26,-21,47,104,0,0,0,0,0,0,0,0,0,0,0,0,0,0,0,0,0,0,0,0,0,0,45815
1,1,1,1,1208,886,-1403,54,3,22,-22,48,103,0,0,0,0,0,0,0,0,0,0,0,0,0,0,0,0,0,0,0,0,0,0,45825
1,1,1,1,1220,869,-1399,54,-2,16,-21,47,103,0,0,0,0,0,0,0,0,0,0,0,0,0,0,0,0,0,0,0,0,0,0,45835
1,1,1,1,1221,864,-1392,50,-10,10,-21,47,102,0,0,0,0,0,0,0,0,0,0,0,0,0,0,0,0,0,0,0,0,0,0,45845
1,1,1,1,1223,860,-1389,35,-18,7,-23,47,103,0,0,0,0,0,0,0,0,0,0,0,0,0,0,0,0,0,0,0,0,0,0,45855
1,1,1,1,1215,873,-1382,30,-12,7,-25,47,104,0,0,0,0,0,0,0,0,0,0,0,0,0,0,0,0,0,0,0,0,0,0,45865
1,1,1,1,1211,879,-1386,40,-8,1,-22,47,104,0,0,0,0,0,0,0,0,0,0,0,0,0,0,0,0,0,0,0,0,0,0,45875
1,1,1,1,1213,894,-1381,59,5,-6,-19,47,103,0,0,0,0,0,0,0,0,0,0,0,0,0,0,0,0,0,0,0,0,0,0,45885
1,1,1,1,1214,903,-1377,88,28,-13,-20,48,103,0,0,0,0,0,0,0,0,0,0,0,0,0,0,0,0,0,0,0,0,0,0,45895
1,1,1,1,1215,881,-1384,79,23,-20,-20,48,100,0,0,0,0,0,0,0,0,0,0,0,0,0,0,0,0,0,0,0,0,0,0,45905
1,1,1,1,1210,869,-1380,69,28,-24,-21,48,101,0,0,0,0,0,0,0,0,0,0,0,0,0,0,0,0,0,0,0,0,0,0,45915
1,1,1,1,1219,877,-1363,70,31,-25,-20,48,99,0,0,0,0,0,0,0,0,0,0,0,0,0,0,0,0,0,0,0,0,0,0,45925
1,1,1,1,1226,842,-1372,52,21,-24,-20,48,99,0,0,0,0,0,0,0,0,0,0,0,0,0,0,0,0,0,0,0,0,0,0,45935
1,1,1,1,1212,827,-1412,15,8,-13,-22,47,102,0,0,0,0,0,0,0,0,0,0,0,0,0,0,0,0,0,0,0,0,0,0,45945
1,1,1,1,1192,856,-1427,-3,4,-12,-23,48,102,0,0,0,0,0,0,0,0,0,0,0,0,0,0,0,0,0,0,0,0,0,0,45955
1,1,1,1,1193,899,-1414,2,-5,-18,-22,48,102,0,0,0,0,0,0,0,0,0,0,0,0,0,0,0,0,0,0,0,0,0,0,45965
1,1,1,1,1188,900,-1412,16,-5,-24,-22,48,102,0,0,0,0,0,0,0,0,0,0,0,0,0,0,0,0,0,0,0,0,0,0,45975
1,1,1,1,1197,873,-1411,17,-7,-23,-21,48,101,0,0,0,0,0,0,0,0,0,0,0,0,0,0,0,0,0,0,0,0,0,0,45985
1,1,1,1,1207,839,-1404,1,-19,-20,-23,48,99,0,0,0,0,0,0,0,0,0,0,0,0,0,0,0,0,0,0,0,0,0,0,45995
1,1,1,1,1208,831,-1397,-26,-31,-15,-25,48,98,0,0,0,0,0,0,0,0,0,0,0,0,0,0,0,0,0,0,0,0,0,0,46005
1,1,1,1,1189,863,-1390,-44,-31,-7,-25,49,101,0,0,0,0,0,0,0,0,0,0,0,0,0,0,0,0,0,0,0,0,0,0,46015
1,1,1,1,1207,875,-1386,-52,-29,-1,-24,50,97,0,0,0,0,0,0,0,0,0,0,0,0,0,0,0,0,0,0,0,0,0,0,46025
1,1,1,1,1207,844,-1404,-65,-31,3,-22,48,99,0,0,0,0,0,0,0,0,0,0,0,0,0,0,0,0,0,0,0,0,0,0,46035
1,1,1,1,1207,846,-1410,-88,-34,7,-24,50,99,0,0,0,0,0,0,0,0,0,0,0,0,0,0,0,0,0,0,0,0,0,0,46045
1,1,1,1,1203,872,-1405,-84,-38,6,-25,49,101,0,0,0,0,0,0,0,0,0,0,0,0,0,0,0,0,0,0,0,0,0,0,46055
1,1,1,1,1200,890,-1395,-61,-29,4,-23,46,96,0,0,0,0,0,0,0,0,0,0,0,0,0,0,0,0,0,0,0,0,0,0,46065
1,1,1,1,1210,871,-1386,-50,-34,4,-24,46,96,0,0,0,0,0,0,0,0,0,0,0,0,0,0,0,0,0,0,0,0,0,0,46075
1,1,1,1,1208,853,-1394,-49,-32,9,-24,47,98,0,0,0,0,0,0,0,0,0,0,0,0,0,0,0,0,0,0,0,0,0,0,46085
1,1,1,1,1198,869,-1383,-48,-33,12,-23,44,97,0,0,0,0,0,0,0,0,0,0,0,0,0,0,0,0,0,0,0,0,0,0,46095
1,1,1,1,1201,884,-1367,-50,-34,13,-22,47,96,0,0,0,0,0,0,0,0,0,0,0,0,0,0,0,0,0,0,0,0,0,0,46105
1,1,1,1,1203,906,-1366,-29,-19,13,-20,43,98,0,0,0,0,0,0,0,0,0,0,0,0,0,0,0,0,0,0,0,0,0,0,46115
1,1,1,1,1215,901,-1367,-12,0,7,-24,46,98,0,0,0,0,0,0,0,0,0,0,0,0,0,0,0,0,0,0,0,0,0,0,46125
1,1,1,1,1221,882,-1370,-2,9,2,-24,45,97,0,0,0,0,0,0,0,0,0,0,0,0,0,0,0,0,0,0,0,0,0,0,46135
1,1,1,1,1211,875,-1374,4,17,-4,-21,45,100,0,0,0,0,0,0,0,0,0,0,0,0,0,0,0,0,0,0,0,0,0,0,46145
1,1,1,1,1212,856,-1373,0,13,-5,-22,46,101,0,0,0,0,0,0,0,0,0,0,0,0,0,0,0,0,0,0,0,0,0,0,46155
1,1,1,1,1210,844,-1392,-13,5,-6,-23,46,101,0,0,0,0,0,0,0,0,0,0,0,0,0,0,0,0,0,0,0,0,0,0,46165
1,1,1,1,1210,844,-1392,-12,0,0,-25,46,102,0,0,0,0,0,0,0,0,0,0,0,0,0,0,0,0,0,0,0,0,0,0,46175
1,1,1,1,1194,889,-1393,0,10,4,-26,47,104,0,0,0,0,0,0,0,0,0,0,0,0,0,0,0,0,0,0,0,0,0,0,46185
1,1,1,1,1210,890,-1397,4,10,4,-27,47,105,0,0,0,0,0,0,0,0,0,0,0,0,0,0,0,0,0,0,0,0,0,0,46195
1,1,1,1,1223,896,-1398,8,5,12,-24,46,106,0,0,0,0,0,0,0,0,0,0,0,0,0,0,0,0,0,0,0,0,0,0,46205
1,1,1,1,1205,902,-1408,13,4,16,-26,48,104,0,0,0,0,0,0,0,0,0,0,0,0,0,0,0,0,0,0,0,0,0,0,46215
1,1,1,1,1218,889,-1402,13,-6,16,-23,47,105,0,0,0,0,0,0,0,0,0,0,0,0,0,0,0,0,0,0,0,0,0,0,46225
1,1,1,1,1209,867,-1399,-1,-20,12,-27,47,104,0,0,0,0,0,0,0,0,0,0,0,0,0,0,0,0,0,0,0,0,0,0,46235
1,1,1,1,1196,880,-1390,-9,-28,15,-27,47,102,0,0,0,0,0,0,0,0,0,0,0,0,0,0,0,0,0,0,0,0,0,0,46245
1,1,1,1,1201,881,-1392,-20,-40,16,-26,47,104,0,0,0,0,0,0,0,0,0,0,0,0,0,0,0,0,0,0,0,0,0,0,46255
1,1,1,1,1199,885,-1393,-15,-38,14,-27,48,106,0,0,0,0,0,0,0,0,0,0,0,0,0,0,0,0,0,0,0,0,0,0,46265
1,1,1,1,1209,890,-1371,-5,-36,6,-26,48,104,0,0,0,0,0,0,0,0,0,0,0,0,0,0,0,0,0,0,0,0,0,0,46275
1,1,1,1,1204,892,-1382,2,-35,3,-24,46,103,0,0,0,0,0,0,0,0,0,0,0,0,0,0,0,0,0,0,0,0,0,0,46285
1,1,1,1,1215,884,-1376,8,-28,4,-23,47,102,0,0,0,0,0,0,0,0,0,0,0,0,0,0,0,0,0,0,0,0,0,0,46295
1,1,1,1,1214,888,-1374,27,-15,0,-24,47,104,0,0,0,0,0,0,0,0,0,0,0,0,0,0,0,0,0,0,0,0,0,0,46305
1,1,1,1,1210,872,-1372,31,-12,-6,-24,47,103,0,0,0,0,0,0,0,0,0,0,0,0,0,0,0,0,0,0,0,0,0,0,46315
1,1,1,1,1200,870,-1374,13,-20,-10,-25,50,104,0,0,0,0,0,0,0,0,0,0,0,0,0,0,0,0,0,0,0,0,0,0,46325
1,1,1,1,1188,883,-1375,5,-16,-8,-24,45,103,0,0,0,0,0,0,0,0,0,0,0,0,0,0,0,0,0,0,0,0,0,0,46335
1,1,1,1,1196,898,-1369,11,-13,-7,-26,47,103,0,0,0,0,0,0,0,0,0,0,0,0,0,0,0,0,0,0,0,0,0,0,46345
1,1,1,1,1182,904,-1370,21,-11,-9,-27,48,106,0,0,0,0,0,0,0,0,0,0,0,0,0,0,0,0,0,0,0,0,0,0,46355
1,1,1,1,1176,902,-1375,37,-1,-10,-26,48,103,0,0,0,0,0,0,0,0,0,0,0,0,0,0,0,0,0,0,0,0,0,0,46365
1,1,1,1,1183,892,-1374,47,4,-6,-28,47,102,0,0,0,0,0,0,0,0,0,0,0,0,0,0,0,0,0,0,0,0,0,0,46375
1,1,1,1,1187,857,-1400,36,-9,-3,-24,48,104,0,0,0,0,0,0,0,0,0,0,0,0,0,0,0,0,0,0,0,0,0,0,46386
1,1,1,1,1192,854,-1407,27,-15,4,-24,45,102,0,0,0,0,0,0,0,0,0,0,0,0,0,0,0,0,0,0,0,0,0,0,46395
1,1,1,1,1195,864,-1395,22,-17,12,-24,48,103,0,0,0,0,0,0,0,0,0,0,0,0,0,0,0,0,0,0,0,0,0,0,46405
1,1,1,1,1198,855,-1393,9,-17,17,-22,46,102,0,0,0,0,0,0,0,0,0,0,0,0,0,0,0,0,0,0,0,0,0,0,46415
1,1,1,1,1191,858,-1393,2,-11,19,-23,47,103,0,0,0,0,0,0,0,0,0,0,0,0,0,0,0,0,0,0,0,0,0,0,46425
1,1,1,1,1185,884,-1384,0,-11,15,-24,47,104,0,0,0,0,0,0,0,0,0,0,0,0,0,0,0,0,0,0,0,0,0,0,46435
1,1,1,1,1186,917,-1376,16,-5,6,-26,48,105,0,0,0,0,0,0,0,0,0,0,0,0,0,0,0,0,0,0,0,0,0,0,46445
1,1,1,1,1194,922,-1373,48,12,-3,-26,47,102,0,0,0,0,0,0,0,0,0,0,0,0,0,0,0,0,0,0,0,0,0,0,46455
1,1,1,1,1205,917,-1369,90,27,-19,-24,48,104,0,0,0,0,0,0,0,0,0,0,0,0,0,0,0,0,0,0,0,0,0,0,46465
1,1,1,1,1205,908,-1357,151,41,-37,-23,48,103,0,0,0,0,0,0,0,0,0,0,0,0,0,0,0,0,0,0,0,0,0,0,46475
1,1,1,1,1187,908,-1349,214,61,-52,-23,48,103,0,0,0,0,0,0,0,0,0,0,0,0,0,0,0,0,0,0,0,0,0,0,46485
1,1,1,1,1173,875,-1371,237,62,-49,-23,49,103,0,0,0,0,0,0,0,0,0,0,0,0,0,0,0,0,0,0,0,0,0,0,46495
1,1,1,1,1198,818,-1402,209,50,-36,-24,49,105,0,0,0,0,0,0,0,0,0,0,0,0,0,0,0,0,0,0,0,0,0,0,46505
1,1,1,1,1170,830,-1439,230,61,-31,-23,48,104,0,0,0,0,0,0,0,0,0,0,0,0,0,0,0,0,0,0,0,0,0,0,46515
1,1,1,1,1170,889,-1408,311,88,-39,-24,48,104,0,0,0,0,0,0,0,0,0,0,0,0,0,0,0,0,0,0,0,0,0,0,46526
1,1,1,1,1204,871,-1395,400,102,-59,-24,49,106,0,0,0,0,0,0,0,0,0,0,0,0,0,0,0,0,0,0,0,0,0,0,46536
1,1,1,1,1187,859,-1412,513,141,-87,-22,49,103,0,0,0,0,0,0,0,0,0,0,0,0,0,0,0,0,0,0,0,0,0,0,46546
1,1,1,1,1158,886,-1378,724,198,-130,-19,49,103,0,0,0,0,0,0,0,0,0,0,0,0,0,0,0,0,0,0,0,0,0,0,46556
1,1,1,1,1109,908,-1371,959,275,-161,-19,50,96,0,0,0,0,0,0,0,0,0,0,0,0,0,0,0,0,0,0,0,0,0,0,46566
1,1,1,1,1085,902,-1362,1126,331,-181,-18,50,92,0,0,0,0,0,0,0,0,0,0,0,0,0,0,0,0,0,0,0,0,0,0,46576
1,1,1,1,1236,879,-1238,1156,340,-186,-19,50,93,0,0,0,0,0,0,0,0,0,0,0,0,0,0,0,0,0,0,0,0,0,0,46586
1,1,1,1,1318,784,-1288,1017,314,-215,-23,49,95,0,0,0,0,0,0,0,0,0,0,0,0,0,0,0,0,0,0,0,0,0,0,46596
1,1,1,1,1205,750,-1432,763,272,-210,-24,49,95,0,0,0,0,0,0,0,0,0,0,0,0,0,0,0,0,0,0,0,0,0,0,46606
1,1,1,1,1162,735,-1523,669,277,-184,-24,48,95,0,0,0,0,0,0,0,0,0,0,0,0,0,0,0,0,0,0,0,0,0,0,46616
1,1,1,1,1183,798,-1522,619,271,-163,-25,51,91,0,0,0,0,0,0,0,0,0,0,0,0,0,0,0,0,0,0,0,0,0,0,46626
1,1,1,1,1201,895,-1480,755,273,-140,-21,48,89,0,0,0,0,0,0,0,0,0,0,0,0,0,0,0,0,0,0,0,0,0,0,46636
1,1,1,1,1218,873,-1509,918,294,-145,-16,44,83,0,0,0,0,0,0,0,0,0,0,0,0,0,0,0,0,0,0,0,0,0,0,46646
1,1,1,1,1171,820,-1561,1088,314,-108,-18,47,82,0,0,0,0,0,0,0,0,0,0,0,0,0,0,0,0,0,0,0,0,0,0,46656
1,1,1,1,1200,772,-1524,1243,310,-58,-17,46,77,0,0,0,0,0,0,0,0,0,0,0,0,0,0,0,0,0,0,0,0,0,0,46666
1,1,1,1,1311,741,-1426,1353,267,-22,-21,48,77,0,0,0,0,0,0,0,0,0,0,0,0,0,0,0,0,0,0,0,0,0,0,46676
1,1,1,1,1372,683,-1511,1109,177,-8,-20,45,76,0,0,0,0,0,0,0,0,0,0,0,0,0,0,0,0,0,0,0,0,0,0,46686
1,1,1,1,1275,538,-1663,793,83,-3,-23,47,79,0,0,0,0,0,0,0,0,0,0,0,0,0,0,0,0,0,0,0,0,0,0,46696
1,1,1,1,1192,543,-1761,640,30,27,-21,45,80,0,0,0,0,0,0,0,0,0,0,0,0,0,0,0,0,0,0,0,0,0,0,46706
1,1,1,1,1176,652,-1754,596,4,55,-19,46,79,0,0,0,0,0,0,0,0,0,0,0,0,0,0,0,0,0,0,0,0,0,0,46716
1,1,1,1,1189,759,-1659,711,-14,37,-16,44,72,0,0,0,0,0,0,0,0,0,0,0,0,0,0,0,0,0,0,0,0,0,0,46726
1,1,1,1,1178,811,-1631,871,-12,17,-13,43,71,0,0,0,0,0,0,0,0,0,0,0,0,0,0,0,0,0,0,0,0,0,0,46736
1,1,1,1,1147,771,-1592,1155,3,7,-11,43,64,0,0,0,0,0,0,0,0,0,0,0,0,0,0,0,0,0,0,0,0,0,0,46746
1,1,1,1,1249,669,-1511,1436,8,43,-12,42,62,0,0,0,0,0,0,0,0,0,0,0,0,0,0,0,0,0,0,0,0,0,0,46756
1,1,1,1,1410,473,-1530,1505,-20,59,-14,41,62,0,0,0,0,0,0,0,0,0,0,0,0,0,0,0,0,0,0,0,0,0,0,46766
1,1,1,1,1313,477,-1657,1346,-69,61,-18,38,57,0,0,0,0,0,0,0,0,0,0,0,0,0,0,0,0,0,0,0,0,0,0,46776
1,1,1,1,1151,544,-1753,1091,-110,75,-19,37,54,0,0,0,0,0,0,0,0,0,0,0,0,0,0,0,0,0,0,0,0,0,0,46786
1,1,1,1,1114,615,-1837,771,-146,76,-13,36,50,0,0,0,0,0,0,0,0,0,0,0,0,0,0,0,0,0,0,0,0,0,0,46796
1,1,1,1,1078,644,-1674,852,-183,77,-9,35,46,0,0,0,0,0,0,0,0,0,0,0,0,0,0,0,0,0,0,0,0,0,0,46806
1,1,1,1,1082,709,-1740,1147,-127,61,-5,35,44,0,0,0,0,0,0,0,0,0,0,0,0,0,0,0,0,0,0,0,0,0,0,46816
1,1,1,1,1045,825,-1711,1611,-40,83,1,35,38,0,0,0,0,0,0,0,0,0,0,0,0,0,0,0,0,0,0,0,0,0,0,46826
1,1,1,1,1062,782,-1618,2136,54,101,2,36,39,0,0,0,0,0,0,0,0,0,0,0,0,0,0,0,0,0,0,0,0,0,0,46836
1,1,1,1,1241,527,-1505,2462,53,137,0,38,38,0,0,0,0,0,0,0,0,0,0,0,0,0,0,0,0,0,0,0,0,0,0,46846
1,1,1,1,1428,167,-1530,2604,-4,149,-4,38,39,0,0,0,0,0,0,0,0,0,0,0,0,0,0,0,0,0,0,0,0,0,0,46856
1,1,1,1,1449,-54,-1614,2356,-187,224,-5,35,41,0,0,0,0,0,0,0,0,0,0,0,0,0,0,0,0,0,0,0,0,0,0,46866
1,1,1,1,1369,-30,-1850,2108,-247,332,-5,33,38,0,0,0,0,0,0,0,0,0,0,0,0,0,0,0,0,0,0,0,0,0,0,46876
1,1,1,1,1226,204,-1966,2064,-227,424,-2,31,34,0,0,0,0,0,0,0,0,0,0,0,0,0,0,0,0,0,0,0,0,0,0,46886
1,1,1,1,1062,368,-1963,2211,-190,542,-1,30,33,0,0,0,0,0,0,0,0,0,0,0,0,0,0,0,0,0,0,0,0,0,0,46896
1,1,1,1,1056,394,-2010,2400,-134,576,-1,29,31,0,0,0,0,0,0,0,0,0,0,0,0,0,0,0,0,0,0,0,0,0,0,46906
1,1,1,1,1043,494,-2029,2605,-23,513,-5,28,29,0,0,0,0,0,0,0,0,0,0,0,0,0,0,0,0,0,0,0,0,0,0,46916
1,1,1,1,1130,490,-2024,2491,22,488,-5,30,25,0,0,0,0,0,0,0,0,0,0,0,0,0,0,0,0,0,0,0,0,0,0,46926
1,1,1,1,1394,168,-1949,2029,-20,482,-6,29,27,0,0,0,0,0,0,0,0,0,0,0,0,0,0,0,0,0,0,0,0,0,0,46936
1,1,1,1,1431,-170,-1838,1704,-69,502,-7,31,30,0,0,0,0,0,0,0,0,0,0,0,0,0,0,0,0,0,0,0,0,0,0,46946
1,1,1,1,1350,-339,-1781,1749,-82,533,-8,31,32,0,0,0,0,0,0,0,0,0,0,0,0,0,0,0,0,0,0,0,0,0,0,46956
1,1,1,1,1246,-219,-1941,1862,-36,597,-6,21,25,0,0,0,0,0,0,0,0,0,0,0,0,0,0,0,0,0,0,0,0,0,0,46966
1,1,1,1,1086,7,-2034,2032,32,670,-8,20,25,0,0,0,0,0,0,0,0,0,0,0,0,0,0,0,0,0,0,0,0,0,0,46976
1,1,1,1,997,98,-2013,2268,82,682,-2,21,20,0,0,0,0,0,0,0,0,0,0,0,0,0,0,0,0,0,0,0,0,0,0,46986
1,1,1,1,1083,199,-2000,2852,144,715,0,22,21,0,0,0,0,0,0,0,0,0,0,0,0,0,0,0,0,0,0,0,0,0,0,46996
1,1,1,1,1085,257,-2128,3339,293,768,-2,20,15,0,0,0,0,0,0,0,0,0,0,0,0,0,0,0,0,0,0,0,0,0,0,47006
1,1,1,1,1159,-38,-2143,2907,265,878,-8,27,24,0,0,0,0,0,0,0,0,0,0,0,0,0,0,0,0,0,0,0,0,0,0,47016
1,1,1,1,1420,-887,-1929,1578,-81,696,-5,25,24,0,0,0,0,0,0,0,0,0,0,0,0,0,0,0,0,0,0,0,0,0,0,47026
1,1,1,1,1557,-653,-2162,1114,-88,762,-3,27,22,0,0,0,0,0,0,0,0,0,0,0,0,0,0,0,0,0,0,0,0,0,0,47036
1,1,1,1,1285,-455,-1953,1052,38,1170,-4,17,16,0,0,0,0,0,0,0,0,0,0,0,0,0,0,0,0,0,0,0,0,0,0,47046
1,1,1,1,1250,-408,-2212,1166,271,1345,-2,21,20,0,0,0,0,0,0,0,0,0,0,0,0,0,0,0,0,0,0,0,0,0,0,47056
1,1,1,1,1232,-599,-1770,1341,47,939,-1,18,19,0,0,0,0,0,0,0,0,0,0,0,0,0,0,0,0,0,0,0,0,0,0,47066
1,1,1,1,1299,-372,-2088,1718,27,577,2,18,11,0,0,0,0,0,0,0,0,0,0,0,0,0,0,0,0,0,0,0,0,0,0,47076
1,1,1,1,1264,-105,-2165,2076,163,603,7,17,9,0,0,0,0,0,0,0,0,0,0,0,0,0,0,0,0,0,0,0,0,0,0,47086
1,1,1,1,1237,-52,-2214,2553,372,657,5,18,8,0,0,0,0,0,0,0,0,0,0,0,0,0,0,0,0,0,0,0,0,0,0,47096
1,1,1,1,1224,-185,-2281,2689,579,633,-3,19,3,0,0,0,0,0,0,0,0,0,0,0,0,0,0,0,0,0,0,0,0,0,0,47106
1,1,1,1,1372,-445,-2222,1969,684,791,-5,22,-2,0,0,0,0,0,0,0,0,0,0,0,0,0,0,0,0,0,0,0,0,0,0,47116
1,1,1,1,1560,-789,-1370,1066,284,1126,3,17,-4,0,0,0,0,0,0,0,0,0,0,0,0,0,0,0,0,0,0,0,0,0,0,47126
1,1,1,1,1617,-810,-1277,999,-180,1309,2,19,-1,0,0,0,0,0,0,0,0,0,0,0,0,0,0,0,0,0,0,0,0,0,0,47136
1,1,1,1,1412,-760,-1763,1502,150,1468,7,19,11,0,0,0,0,0,0,0,0,0,0,0,0,0,0,0,0,0,0,0,0,0,0,47146
1,1,1,1,1218,-829,-1661,2052,161,1200,12,18,9,0,0,0,0,0,0,0,0,0,0,0,0,0,0,0,0,0,0,0,0,0,0,47156
1,1,1,1,1193,-602,-1896,3157,381,948,14,18,12,0,0,0,0,0,0,0,0,0,0,0,0,0,0,0,0,0,0,0,0,0,0,47166
1,1,1,1,1133,-602,-2041,4019,611,707,15,19,9,0,0,0,0,0,0,0,0,0,0,0,0,0,0,0,0,0,0,0,0,0,0,47176
1,1,1,1,1036,-657,-2126,4516,789,596,4,19,7,0,0,0,0,0,0,0,0,0,0,0,0,0,0,0,0,0,0,0,0,0,0,47186
1,1,1,1,1096,-1115,-2226,4165,876,642,-2,19,4,0,0,0,0,0,0,0,0,0,0,0,0,0,0,0,0,0,0,0,0,0,0,47196
1,1,1,1,1316,-1575,-1998,2934,898,879,-1,22,6,0,0,0,0,0,0,0,0,0,0,0,0,0,0,0,0,0,0,0,0,0,0,47206
1,1,1,1,1367,-1618,-1514,2097,834,1131,-1,22,7,0,0,0,0,0,0,0,0,0,0,0,0,0,0,0,0,0,0,0,0,0,0,47216
1,1,1,1,1413,-1686,-1357,1659,614,1155,0,22,9,0,0,0,0,0,0,0,0,0,0,0,0,0,0,0,0,0,0,0,0,0,0,47226
1,1,1,1,1411,-1483,-1476,1694,392,990,5,24,12,0,0,0,0,0,0,0,0,0,0,0,0,0,0,0,0,0,0,0,0,0,0,47236
1,1,1,1,1282,-1261,-1744,2300,341,764,4,26,14,0,0,0,0,0,0,0,0,0,0,0,0,0,0,0,0,0,0,0,0,0,0,47246
1,1,1,1,1187,-1125,-2190,3019,529,569,12,20,8,0,0,0,0,0,0,0,0,0,0,0,0,0,0,0,0,0,0,0,0,0,0,47256
1,1,1,1,1218,-1070,-2363,3780,922,390,11,20,14,0,0,0,0,0,0,0,0,0,0,0,0,0,0,0,0,0,0,0,0,0,0,47266
1,1,1,1,1152,-1299,-2351,4158,1413,248,4,18,10,0,0,0,0,0,0,0,0,0,0,0,0,0,0,0,0,0,0,0,0,0,0,47276
1,1,1,1,1336,-1757,-2064,3580,1777,262,4,18,11,0,0,0,0,0,0,0,0,0,0,0,0,0,0,0,0,0,0,0,0,0,0,47286
1,1,1,1,1468,-1638,-1248,3435,1873,275,5,19,13,0,0,0,0,0,0,0,0,0,0,0,0,0,0,0,0,0,0,0,0,0,0,47296
1,1,1,1,1547,-1646,-714,3144,1487,226,1,22,9,0,0,0,0,0,0,0,0,0,0,0,0,0,0,0,0,0,0,0,0,0,0,47306
1,1,1,1,1524,-1784,-539,2311,758,337,-2,23,11,0,0,0,0,0,0,0,0,0,0,0,0,0,0,0,0,0,0,0,0,0,0,47316
1,1,1,1,1507,-1878,-669,1763,248,526,3,21,11,0,0,0,0,0,0,0,0,0,0,0,0,0,0,0,0,0,0,0,0,0,0,47326
1,1,1,1,1315,-1763,-1027,1816,141,602,5,19,12,0,0,0,0,0,0,0,0,0,0,0,0,0,0,0,0,0,0,0,0,0,0,47336
1,1,1,1,1338,-1721,-1453,2047,235,547,6,18,13,0,0,0,0,0,0,0,0,0,0,0,0,0,0,0,0,0,0,0,0,0,0,47346
1,1,1,1,1279,-1803,-1618,2305,526,435,3,17,9,0,0,0,0,0,0,0,0,0,0,0,0,0,0,0,0,0,0,0,0,0,0,47356
1,1,1,1,1201,-2045,-1517,2293,891,405,-4,18,13,0,0,0,0,0,0,0,0,0,0,0,0,0,0,0,0,0,0,0,0,0,0,47366
1,1,1,1,1539,-2302,-948,1624,1028,515,-8,21,12,0,0,0,0,0,0,0,0,0,0,0,0,0,0,0,0,0,0,0,0,0,0,47376
1,1,1,1,1506,-2285,-301,996,709,611,-3,23,14,0,0,0,0,0,0,0,0,0,0,0,0,0,0,0,0,0,0,0,0,0,0,47386
1,1,1,1,1417,-2057,-213,1003,170,509,-4,23,13,0,0,0,0,0,0,0,0,0,0,0,0,0,0,0,0,0,0,0,0,0,0,47396
1,1,1,1,1470,-2026,-563,1253,-158,321,5,20,16,0,0,0,0,0,0,0,0,0,0,0,0,0,0,0,0,0,0,0,0,0,0,47406
1,1,1,1,1458,-2028,-700,1754,-122,159,6,19,12,0,0,0,0,0,0,0,0,0,0,0,0,0,0,0,0,0,0,0,0,0,0,47416
1,1,1,1,1225,-1831,-1294,2337,176,83,8,19,14,0,0,0,0,0,0,0,0,0,0,0,0,0,0,0,0,0,0,0,0,0,0,47426
1,1,1,1,1332,-1706,-1452,2879,552,69,9,18,11,0,0,0,0,0,0,0,0,0,0,0,0,0,0,0,0,0,0,0,0,0,0,47436
1,1,1,1,1391,-1792,-1298,3170,864,65,5,18,11,0,0,0,0,0,0,0,0,0,0,0,0,0,0,0,0,0,0,0,0,0,0,47446
1,1,1,1,1364,-1862,-1071,3140,1101,171,-2,27,3,0,0,0,0,0,0,0,0,0,0,0,0,0,0,0,0,0,0,0,0,0,0,47456
1,1,1,1,1505,-1989,-534,2047,743,601,1,21,7,0,0,0,0,0,0,0,0,0,0,0,0,0,0,0,0,0,0,0,0,0,0,47466
1,1,1,1,1587,-1857,-210,1294,588,932,-9,18,4,0,0,0,0,0,0,0,0,0,0,0,0,0,0,0,0,0,0,0,0,0,0,47476
1,1,1,1,1450,-2257,-1077,1111,795,971,-5,22,10,0,0,0,0,0,0,0,0,0,0,0,0,0,0,0,0,0,0,0,0,0,0,47486
1,1,1,1,1380,-2129,-600,462,572,970,-3,21,8,0,0,0,0,0,0,0,0,0,0,0,0,0,0,0,0,0,0,0,0,0,0,47496
1,1,1,1,1445,-2013,-536,651,414,819,-1,21,14,0,0,0,0,0,0,0,0,0,0,0,0,0,0,0,0,0,0,0,0,0,0,47506
1,1,1,1,1416,-2167,-557,914,307,584,1,22,13,0,0,0,0,0,0,0,0,0,0,0,0,0,0,0,0,0,0,0,0,0,0,47516
1,1,1,1,1408,-2197,-621,1132,282,334,-3,26,13,0,0,0,0,0,0,0,0,0,0,0,0,0,0,0,0,0,0,0,0,0,0,47526
1,1,1,1,1414,-2123,-592,1339,307,175,-3,25,12,0,0,0,0,0,0,0,0,0,0,0,0,0,0,0,0,0,0,0,0,0,0,47536
1,1,1,1,1412,-2202,-466,1110,238,160,-6,22,9,0,0,0,0,0,0,0,0,0,0,0,0,0,0,0,0,0,0,0,0,0,0,47546
1,1,1,1,1351,-2253,-358,646,196,292,-5,21,4,0,0,0,0,0,0,0,0,0,0,0,0,0,0,0,0,0,0,0,0,0,0,47556
1,1,1,1,1249,-1976,-374,618,256,431,-1,18,5,0,0,0,0,0,0,0,0,0,0,0,0,0,0,0,0,0,0,0,0,0,0,47566
1,1,1,1,1177,-1859,-511,864,339,502,-3,20,9,0,0,0,0,0,0,0,0,0,0,0,0,0,0,0,0,0,0,0,0,0,0,47576
1,1,1,1,1196,-2022,-485,968,346,555,-5,24,14,0,0,0,0,0,0,0,0,0,0,0,0,0,0,0,0,0,0,0,0,0,0,47586
1,1,1,1,1134,-2024,-410,1180,334,523,-1,22,11,0,0,0,0,0,0,0,0,0,0,0,0,0,0,0,0,0,0,0,0,0,0,47596
1,1,1,1,1204,-2064,-501,1320,311,447,1,21,11,0,0,0,0,0,0,0,0,0,0,0,0,0,0,0,0,0,0,0,0,0,0,47606
1,1,1,1,1154,-2109,-472,1497,348,335,0,22,15,0,0,0,0,0,0,0,0,0,0,0,0,0,0,0,0,0,0,0,0,0,0,47616
1,1,1,1,1132,-2161,-556,1420,392,289,-1,20,13,0,0,0,0,0,0,0,0,0,0,0,0,0,0,0,0,0,0,0,0,0,0,47626
1,1,1,1,1223,-2198,-420,1084,411,381,-6,22,7,0,0,0,0,0,0,0,0,0,0,0,0,0,0,0,0,0,0,0,0,0,0,47636
1,1,1,1,1302,-2261,-204,655,330,492,-2,22,12,0,0,0,0,0,0,0,0,0,0,0,0,0,0,0,0,0,0,0,0,0,0,47646
1,1,1,1,1180,-2035,-132,575,198,536,-1,22,16,0,0,0,0,0,0,0,0,0,0,0,0,0,0,0,0,0,0,0,0,0,0,47656
1,1,1,1,1105,-2010,-258,871,149,483,2,20,15,0,0,0,0,0,0,0,0,0,0,0,0,0,0,0,0,0,0,0,0,0,0,47666
1,1,1,1,1043,-2045,-447,1121,237,444,1,21,16,0,0,0,0,0,0,0,0,0,0,0,0,0,0,0,0,0,0,0,0,0,0,47676
1,1,1,1,1010,-1973,-503,1629,456,381,9,21,16,0,0,0,0,0,0,0,0,0,0,0,0,0,0,0,0,0,0,0,0,0,0,47686
1,1,1,1,1057,-1947,-424,2505,599,191,9,21,16,0,0,0,0,0,0,0,0,0,0,0,0,0,0,0,0,0,0,0,0,0,0,47696
1,1,1,1,1086,-2000,-218,3207,676,16,0,23,13,0,0,0,0,0,0,0,0,0,0,0,0,0,0,0,0,0,0,0,0,0,0,47706
1,1,1,1,1170,-2291,-42,2406,626,117,0,23,13,0,0,0,0,0,0,0,0,0,0,0,0,0,0,0,0,0,0,0,0,0,0,47716
1,1,1,1,1215,-2298,93,1795,489,138,0,23,11,0,0,0,0,0,0,0,0,0,0,0,0,0,0,0,0,0,0,0,0,0,0,47726
1,1,1,1,1311,-2282,25,1359,411,183,-3,23,14,0,0,0,0,0,0,0,0,0,0,0,0,0,0,0,0,0,0,0,0,0,0,47736
1,1,1,1,1259,-2238,-60,1044,433,204,-4,23,16,0,0,0,0,0,0,0,0,0,0,0,0,0,0,0,0,0,0,0,0,0,0,47746
1,1,1,1,1149,-2124,-127,958,473,153,-3,22,18,0,0,0,0,0,0,0,0,0,0,0,0,0,0,0,0,0,0,0,0,0,0,47756
1,1,1,1,1182,-2059,-156,1001,530,90,-2,24,18,0,0,0,0,0,0,0,0,0,0,0,0,0,0,0,0,0,0,0,0,0,0,47766
1,1,1,1,1160,-1989,-99,1097,583,51,1,23,14,0,0,0,0,0,0,0,0,0,0,0,0,0,0,0,0,0,0,0,0,0,0,47776
1,1,1,1,1239,-1987,-17,1108,582,39,2,24,15,0,0,0,0,0,0,0,0,0,0,0,0,0,0,0,0,0,0,0,0,0,0,47786
1,1,1,1,1252,-2066,45,1031,554,35,0,26,16,0,0,0,0,0,0,0,0,0,0,0,0,0,0,0,0,0,0,0,0,0,0,47796
1,1,1,1,1226,-2053,121,988,484,17,1,26,14,0,0,0,0,0,0,0,0,0,0,0,0,0,0,0,0,0,0,0,0,0,0,47806
1,1,1,1,1261,-2119,219,976,338,-20,2,26,18,0,0,0,0,0,0,0,0,0,0,0,0,0,0,0,0,0,0,0,0,0,0,47816
1,1,1,1,1244,-2158,243,850,175,-67,0,26,14,0,0,0,0,0,0,0,0,0,0,0,0,0,0,0,0,0,0,0,0,0,0,47826
1,1,1,1,1209,-2013,203,935,125,-114,-1,26,13,0,0,0,0,0,0,0,0,0,0,0,0,0,0,0,0,0,0,0,0,0,0,47836
1,1,1,1,1144,-2056,158,915,110,-111,-3,24,12,0,0,0,0,0,0,0,0,0,0,0,0,0,0,0,0,0,0,0,0,0,0,47846
1,1,1,1,1120,-2053,114,790,132,-66,-1,26,13,0,0,0,0,0,0,0,0,0,0,0,0,0,0,0,0,0,0,0,0,0,0,47856
1,1,1,1,1115,-1948,145,907,170,-86,0,25,12,0,0,0,0,0,0,0,0,0,0,0,0,0,0,0,0,0,0,0,0,0,0,47866
1,1,1,1,1164,-1998,193,1099,161,-167,0,23,10,0,0,0,0,0,0,0,0,0,0,0,0,0,0,0,0,0,0,0,0,0,0,47876
1,1,1,1,1181,-2074,231,1126,134,-244,0,22,11,0,0,0,0,0,0,0,0,0,0,0,0,0,0,0,0,0,0,0,0,0,0,47886
1,1,1,1,1176,-2008,294,1173,107,-290,2,23,9,0,0,0,0,0,0,0,0,0,0,0,0,0,0,0,0,0,0,0,0,0,0,47896
1,1,1,1,1203,-1958,351,1236,50,-289,2,22,7,0,0,0,0,0,0,0,0,0,0,0,0,0,0,0,0,0,0,0,0,0,0,47906
1,1,1,1,1199,-1994,380,1195,-7,-277,2,24,9,0,0,0,0,0,0,0,0,0,0,0,0,0,0,0,0,0,0,0,0,0,0,47916
1,1,1,1,1163,-1960,359,1241,4,-297,5,22,7,0,0,0,0,0,0,0,0,0,0,0,0,0,0,0,0,0,0,0,0,0,0,47926
1,1,1,1,1125,-1969,283,1306,50,-323,7,20,3,0,0,0,0,0,0,0,0,0,0,0,0,0,0,0,0,0,0,0,0,0,0,47936
1,1,1,1,1165,-1993,286,1306,147,-327,7,21,3,0,0,0,0,0,0,0,0,0,0,0,0,0,0,0,0,0,0,0,0,0,0,47946
1,1,1,1,1182,-1979,331,1319,210,-373,10,21,3,0,0,0,0,0,0,0,0,0,0,0,0,0,0,0,0,0,0,0,0,0,0,47956
1,1,1,1,1184,-1856,382,1503,232,-467,9,19,-1,0,0,0,0,0,0,0,0,0,0,0,0,0,0,0,0,0,0,0,0,0,0,47966
1,1,1,1,1222,-1856,448,1608,219,-500,7,19,-5,0,0,0,0,0,0,0,0,0,0,0,0,0,0,0,0,0,0,0,0,0,0,47976
1,1,1,1,1227,-1826,533,1511,193,-434,6,20,-8,0,0,0,0,0,0,0,0,0,0,0,0,0,0,0,0,0,0,0,0,0,0,47986
1,1,1,1,1213,-1817,593,1375,204,-319,5,20,-5,0,0,0,0,0,0,0,0,0,0,0,0,0,0,0,0,0,0,0,0,0,0,47996
1,1,1,1,1184,-1898,611,1194,196,-227,5,20,-9,0,0,0,0,0,0,0,0,0,0,0,0,0,0,0,0,0,0,0,0,0,0,48006
1,1,1,1,1127,-1955,546,1050,242,-204,5,20,-9,0,0,0,0,0,0,0,0,0,0,0,0,0,0,0,0,0,0,0,0,0,0,48016
1,1,1,1,1121,-1909,530,943,325,-179,6,20,-4,0,0,0,0,0,0,0,0,0,0,0,0,0,0,0,0,0,0,0,0,0,0,48026
1,1,1,1,1156,-1912,595,860,359,-152,4,21,-10,0,0,0,0,0,0,0,0,0,0,0,0,0,0,0,0,0,0,0,0,0,0,48036
1,1,1,1,1181,-1883,678,773,342,-135,6,20,-12,0,0,0,0,0,0,0,0,0,0,0,0,0,0,0,0,0,0,0,0,0,0,48046
1,1,1,1,1171,-1811,696,831,289,-134,4,21,-11,0,0,0,0,0,0,0,0,0,0,0,0,0,0,0,0,0,0,0,0,0,0,48056
1,1,1,1,1193,-1827,715,881,224,-140,5,20,-12,0,0,0,0,0,0,0,0,0,0,0,0,0,0,0,0,0,0,0,0,0,0,48066
1,1,1,1,1150,-1823,695,948,178,-194,4,19,-14,0,0,0,0,0,0,0,0,0,0,0,0,0,0,0,0,0,0,0,0,0,0,48076
1,1,1,1,1147,-1816,640,920,234,-205,5,19,-13,0,0,0,0,0,0,0,0,0,0,0,0,0,0,0,0,0,0,0,0,0,0,48086
1,1,1,1,1173,-1764,647,815,305,-151,4,20,-18,0,0,0,0,0,0,0,0,0,0,0,0,0,0,0,0,0,0,0,0,0,0,48096
1,1,1,1,1186,-1784,690,672,345,-77,3,22,-19,0,0,0,0,0,0,0,0,0,0,0,0,0,0,0,0,0,0,0,0,0,0,48106
1,1,1,1,1204,-1855,731,561,330,-73,4,22,-19,0,0,0,0,0,0,0,0,0,0,0,0,0,0,0,0,0,0,0,0,0,0,48116
1,1,1,1,1243,-1807,767,490,284,-94,5,21,-10,0,0,0,0,0,0,0,0,0,0,0,0,0,0,0,0,0,0,0,0,0,0,48126
1,1,1,1,1205,-1741,782,519,224,-109,8,18,-20,0,0,0,0,0,0,0,0,0,0,0,0,0,0,0,0,0,0,0,0,0,0,48136
1,1,1,1,1192,-1714,792,501,170,-77,7,18,-15,0,0,0,0,0,0,0,0,0,0,0,0,0,0,0,0,0,0,0,0,0,0,48146
1,1,1,1,1170,-1717,804,391,155,0,7,16,-14,0,0,0,0,0,0,0,0,0,0,0,0,0,0,0,0,0,0,0,0,0,0,48156
1,1,1,1,1140,-1731,813,369,151,29,3,21,-9,0,0,0,0,0,0,0,0,0,0,0,0,0,0,0,0,0,0,0,0,0,0,48166
1,1,1,1,1122,-1786,783,308,149,13,6,15,-14,0,0,0,0,0,0,0,0,0,0,0,0,0,0,0,0,0,0,0,0,0,0,48176
1,1,1,1,1096,-1718,704,356,205,-57,4,20,-14,0,0,0,0,0,0,0,0,0,0,0,0,0,0,0,0,0,0,0,0,0,0,48186
1,1,1,1,1137,-1627,709,466,256,-114,3,21,-9,0,0,0,0,0,0,0,0,0,0,0,0,0,0,0,0,0,0,0,0,0,0,48196
1,1,1,1,1181,-1603,761,494,278,-99,6,21,-15,0,0,0,0,0,0,0,0,0,0,0,0,0,0,0,0,0,0,0,0,0,0,48206
1,1,1,1,1231,-1602,831,428,265,-41,7,21,-15,0,0,0,0,0,0,0,0,0,0,0,0,0,0,0,0,0,0,0,0,0,0,48216
1,1,1,1,1251,-1604,873,417,221,-8,8,20,-17,0,0,0,0,0,0,0,0,0,0,0,0,0,0,0,0,0,0,0,0,0,0,48226
1,1,1,1,1252,-1654,892,380,153,2,6,21,-19,0,0,0,0,0,0,0,0,0,0,0,0,0,0,0,0,0,0,0,0,0,0,48236
1,1,1,1,1228,-1708,880,290,123,16,6,19,-19,0,0,0,0,0,0,0,0,0,0,0,0,0,0,0,0,0,0,0,0,0,0,48246
1,1,1,1,1171,-1727,813,154,133,21,7,20,-18,0,0,0,0,0,0,0,0,0,0,0,0,0,0,0,0,0,0,0,0,0,0,48256
1,1,1,1,1126,-1677,753,157,162,-27,6,19,-18,0,0,0,0,0,0,0,0,0,0,0,0,0,0,0,0,0,0,0,0,0,0,48266
1,1,1,1,1127,-1567,746,306,170,-82,7,20,-18,0,0,0,0,0,0,0,0,0,0,0,0,0,0,0,0,0,0,0,0,0,0,48276
1,1,1,1,1169,-1575,786,424,169,-103,7,19,-19,0,0,0,0,0,0,0,0,0,0,0,0,0,0,0,0,0,0,0,0,0,0,48286
1,1,1,1,1222,-1631,851,394,144,-85,7,20,-19,0,0,0,0,0,0,0,0,0,0,0,0,0,0,0,0,0,0,0,0,0,0,48296
1,1,1,1,1194,-1632,882,363,102,-79,8,20,-20,0,0,0,0,0,0,0,0,0,0,0,0,0,0,0,0,0,0,0,0,0,0,48306
1,1,1,1,1210,-1596,881,376,87,-75,7,20,-20,0,0,0,0,0,0,0,0,0,0,0,0,0,0,0,0,0,0,0,0,0,0,48316
1,1,1,1,1227,-1608,920,270,88,-19,7,19,-19,0,0,0,0,0,0,0,0,0,0,0,0,0,0,0,0,0,0,0,0,0,0,48326
1,1,1,1,1189,-1590,907,175,102,47,8,20,-19,0,0,0,0,0,0,0,0,0,0,0,0,0,0,0,0,0,0,0,0,0,0,48336
1,1,1,1,1181,-1602,901,173,108,69,8,19,-20,0,0,0,0,0,0,0,0,0,0,0,0,0,0,0,0,0,0,0,0,0,0,48346
1,1,1,1,1186,-1632,949,152,110,92,8,19,-19,0,0,0,0,0,0,0,0,0,0,0,0,0,0,0,0,0,0,0,0,0,0,48356
1,1,1,1,1175,-1677,989,101,84,112,9,18,-19,0,0,0,0,0,0,0,0,0,0,0,0,0,0,0,0,0,0,0,0,0,0,48366
1,1,1,1,1139,-1654,968,116,43,95,8,17,-19,0,0,0,0,0,0,0,0,0,0,0,0,0,0,0,0,0,0,0,0,0,0,48376
1,1,1,1,1110,-1649,934,171,38,73,9,15,-19,0,0,0,0,0,0,0,0,0,0,0,0,0,0,0,0,0,0,0,0,0,0,48386
1,1,1,1,1058,-1663,913,167,57,65,7,15,-18,0,0,0,0,0,0,0,0,0,0,0,0,0,0,0,0,0,0,0,0,0,0,48396
1,1,1,1,1041,-1627,902,99,129,96,7,15,-19,0,0,0,0,0,0,0,0,0,0,0,0,0,0,0,0,0,0,0,0,0,0,48406
1,1,1,1,1086,-1584,958,-43,225,185,5,16,-20,0,0,0,0,0,0,0,0,0,0,0,0,0,0,0,0,0,0,0,0,0,0,48416
1,1,1,1,1103,-1554,1015,-91,267,244,5,15,-19,0,0,0,0,0,0,0,0,0,0,0,0,0,0,0,0,0,0,0,0,0,0,48426
1,1,1,1,1159,-1594,1049,-93,268,257,4,16,-19,0,0,0,0,0,0,0,0,0,0,0,0,0,0,0,0,0,0,0,0,0,0,48436
1,1,1,1,1163,-1641,1051,-130,259,249,3,19,-19,0,0,0,0,0,0,0,0,0,0,0,0,0,0,0,0,0,0,0,0,0,0,48446
1,1,1,1,1106,-1609,1004,-51,235,180,6,17,-19,0,0,0,0,0,0,0,0,0,0,0,0,0,0,0,0,0,0,0,0,0,0,48456
1,1,1,1,1108,-1567,949,118,214,106,7,9,-19,0,0,0,0,0,0,0,0,0,0,0,0,0,0,0,0,0,0,0,0,0,0,48466
1,1,1,1,1141,-1602,973,194,187,75,1,15,-19,0,0,0,0,0,0,0,0,0,0,0,0,0,0,0,0,0,0,0,0,0,0,48476
1,1,1,1,1116,-1614,960,209,154,50,-1,13,-19,0,0,0,0,0,0,0,0,0,0,0,0,0,0,0,0,0,0,0,0,0,0,48486
1,1,1,1,1104,-1647,913,171,159,53,1,8,-19,0,0,0,0,0,0,0,0,0,0,0,0,0,0,0,0,0,0,0,0,0,0,48496
1,1,1,1,1074,-1706,849,32,233,77,1,8,-19,0,0,0,0,0,0,0,0,0,0,0,0,0,0,0,0,0,0,0,0,0,0,48506
1,1,1,1,1043,-1654,862,-17,312,74,0,10,-19,0,0,0,0,0,0,0,0,0,0,0,0,0,0,0,0,0,0,0,0,0,0,48516
1,1,1,1,1080,-1584,916,23,319,73,-1,12,-19,0,0,0,0,0,0,0,0,0,0,0,0,0,0,0,0,0,0,0,0,0,0,48526
1,1,1,1,1147,-1603,979,24,281,93,2,8,-19,0,0,0,0,0,0,0,0,0,0,0,0,0,0,0,0,0,0,0,0,0,0,48536
1,1,1,1,1130,-1564,984,24,184,123,0,9,-19,0,0,0,0,0,0,0,0,0,0,0,0,0,0,0,0,0,0,0,0,0,0,48556
1,1,1,1,1105,-1536,953,135,124,125,-2,7,-19,0,0,0,0,0,0,0,0,0,0,0,0,0,0,0,0,0,0,0,0,0,0,48566
1,1,1,1,1105,-1536,953,181,101,129,-7,7,-19,0,0,0,0,0,0,0,0,0,0,0,0,0,0,0,0,0,0,0,0,0,0,48576
1,1,1,1,998,-1686,856,74,144,140,-7,4,-19,0,0,0,0,0,0,0,0,0,0,0,0,0,0,0,0,0,0,0,0,0,0,48586
1,1,1,1,996,-1651,793,65,203,121,-5,5,-19,0,0,0,0,0,0,0,0,0,0,0,0,0,0,0,0,0,0,0,0,0,0,48596
1,1,1,1,1060,-1650,857,85,231,107,-5,5,-19,0,0,0,0,0,0,0,0,0,0,0,0,0,0,0,0,0,0,0,0,0,0,48606
1,1,1,1,1082,-1653,891,50,167,122,-5,5,-21,0,0,0,0,0,0,0,0,0,0,0,0,0,0,0,0,0,0,0,0,0,0,48616
1,1,1,1,1118,-1638,992,81,105,130,-4,4,-20,0,0,0,0,0,0,0,0,0,0,0,0,0,0,0,0,0,0,0,0,0,0,48626
1,1,1,1,1100,-1533,917,175,95,128,-6,5,-19,0,0,0,0,0,0,0,0,0,0,0,0,0,0,0,0,0,0,0,0,0,0,48636
1,1,1,1,1106,-1558,927,226,92,130,-9,5,-19,0,0,0,0,0,0,0,0,0,0,0,0,0,0,0,0,0,0,0,0,0,0,48646
1,1,1,1,1107,-1544,995,246,41,171,-11,7,-17,0,0,0,0,0,0,0,0,0,0,0,0,0,0,0,0,0,0,0,0,0,0,48656
1,1,1,1,1097,-1500,1015,332,-31,177,-12,9,7,0,0,0,0,0,0,0,0,0,0,0,0,0,0,0,0,0,0,0,0,0,0,48666
1,1,1,1,1008,-1856,757,458,86,-67,-16,9,4,0,0,0,0,0,0,0,0,0,0,0,0,0,0,0,0,0,0,0,0,0,0,48676
1,1,1,1,886,-1580,892,265,117,38,-15,13,12,0,0,0,0,0,0,0,0,0,0,0,0,0,0,0,0,0,0,0,0,0,0,48686
1,1,1,1,1008,-1690,841,196,163,60,-12,15,14,0,0,0,0,0,0,0,0,0,0,0,0,0,0,0,0,0,0,0,0,0,0,48696
1,1,1,1,998,-1608,979,251,125,38,-12,17,19,0,0,0,0,0,0,0,0,0,0,0,0,0,0,0,0,0,0,0,0,0,0,48706
1,1,1,1,1043,-1635,980,315,81,47,-12,18,21,0,0,0,0,0,0,0,0,0,0,0,0,0,0,0,0,0,0,0,0,0,0,48716
1,1,1,1,987,-1632,992,369,42,42,-11,16,21,0,0,0,0,0,0,0,0,0,0,0,0,0,0,0,0,0,0,0,0,0,0,48726
1,1,1,1,977,-1609,975,440,30,49,-13,18,24,0,0,0,0,0,0,0,0,0,0,0,0,0,0,0,0,0,0,0,0,0,0,48736
1,1,1,1,990,-1635,1000,467,16,63,-14,21,24,0,0,0,0,0,0,0,0,0,0,0,0,0,0,0,0,0,0,0,0,0,0,48746
1,1,1,1,1008,-1626,1051,482,-15,75,-14,19,25,0,0,0,0,0,0,0,0,0,0,0,0,0,0,0,0,0,0,0,0,0,0,48756
1,1,1,1,1049,-1652,1106,487,-63,81,-17,21,31,0,0,0,0,0,0,0,0,0,0,0,0,0,0,0,0,0,0,0,0,0,0,48766
1,1,1,1,1033,-1690,1091,438,-99,81,-20,26,35,0,0,0,0,0,0,0,0,0,0,0,0,0,0,0,0,0,0,0,0,0,0,48776
1,1,1,1,1002,-1666,1042,318,-63,128,-18,20,37,0,0,0,0,0,0,0,0,0,0,0,0,0,0,0,0,0,0,0,0,0,0,48786
1,1,1,1,1008,-1627,1019,262,-1,159,-19,23,36,0,0,0,0,0,0,0,0,0,0,0,0,0,0,0,0,0,0,0,0,0,0,48796
1,1,1,1,1045,-1566,1047,296,28,176,-19,25,40,0,0,0,0,0,0,0,0,0,0,0,0,0,0,0,0,0,0,0,0,0,0,48806
1,1,1,1,1086,-1558,1088,308,45,191,-17,26,43,0,0,0,0,0,0,0,0,0,0,0,0,0,0,0,0,0,0,0,0,0,0,48816
1,1,1,1,1056,-1574,1089,322,50,186,-17,27,40,0,0,0,0,0,0,0,0,0,0,0,0,0,0,0,0,0,0,0,0,0,0,48826
1,1,1,1,1027,-1527,1078,405,37,182,-15,25,43,0,0,0,0,0,0,0,0,0,0,0,0,0,0,0,0,0,0,0,0,0,0,48836
1,1,1,1,1014,-1565,1086,451,25,179,-15,25,46,0,0,0,0,0,0,0,0,0,0,0,0,0,0,0,0,0,0,0,0,0,0,48846
1,1,1,1,998,-1606,1098,442,11,191,-18,26,46,0,0,0,0,0,0,0,0,0,0,0,0,0,0,0,0,0,0,0,0,0,0,48856
1,1,1,1,987,-1600,1099,419,-8,205,-17,26,45,0,0,0,0,0,0,0,0,0,0,0,0,0,0,0,0,0,0,0,0,0,0,48866
1,1,1,1,978,-1618,1128,376,-35,214,-19,27,48,0,0,0,0,0,0,0,0,0,0,0,0,0,0,0,0,0,0,0,0,0,0,48876
1,1,1,1,965,-1622,1116,280,-38,232,-21,26,45,0,0,0,0,0,0,0,0,0,0,0,0,0,0,0,0,0,0,0,0,0,0,48886
1,1,1,1,960,-1623,1118,161,-31,236,-21,29,50,0,0,0,0,0,0,0,0,0,0,0,0,0,0,0,0,0,0,0,0,0,0,48896
1,1,1,1,929,-1506,1024,131,31,242,-18,31,49,0,0,0,0,0,0,0,0,0,0,0,0,0,0,0,0,0,0,0,0,0,0,48906
1,1,1,1,966,-1450,1029,232,85,215,-17,34,54,0,0,0,0,0,0,0,0,0,0,0,0,0,0,0,0,0,0,0,0,0,0,48916
1,1,1,1,1037,-1513,1102,247,89,192,-16,35,55,0,0,0,0,0,0,0,0,0,0,0,0,0,0,0,0,0,0,0,0,0,0,48926
1,1,1,1,1005,-1543,1102,221,92,168,-19,36,59,0,0,0,0,0,0,0,0,0,0,0,0,0,0,0,0,0,0,0,0,0,0,48936
1,1,1,1,981,-1548,1097,194,104,159,-18,36,60,0,0,0,0,0,0,0,0,0,0,0,0,0,0,0,0,0,0,0,0,0,0,48946
1,1,1,1,953,-1565,1085,155,104,151,-18,36,59,0,0,0,0,0,0,0,0,0,0,0,0,0,0,0,0,0,0,0,0,0,0,48956
1,1,1,1,924,-1530,1067,129,110,153,-18,36,59,0,0,0,0,0,0,0,0,0,0,0,0,0,0,0,0,0,0,0,0,0,0,48966
1,1,1,1,939,-1486,1071,152,90,151,-18,35,60,0,0,0,0,0,0,0,0,0,0,0,0,0,0,0,0,0,0,0,0,0,0,48976
1,1,1,1,960,-1513,1076,159,51,141,-17,34,59,0,0,0,0,0,0,0,0,0,0,0,0,0,0,0,0,0,0,0,0,0,0,48986
1,1,1,1,931,-1486,1057,171,25,127,-16,33,59,0,0,0,0,0,0,0,0,0,0,0,0,0,0,0,0,0,0,0,0,0,0,48996
1,1,1,1,944,-1431,1024,212,21,110,-17,33,62,0,0,0,0,0,0,0,0,0,0,0,0,0,0,0,0,0,0,0,0,0,0,49006
1,1,1,1,976,-1444,1032,249,3,91,-18,34,64,0,0,0,0,0,0,0,0,0,0,0,0,0,0,0,0,0,0,0,0,0,0,49016
1,1,1,1,961,-1465,1035,261,-21,79,-20,35,68,0,0,0,0,0,0,0,0,0,0,0,0,0,0,0,0,0,0,0,0,0,0,49026
1,1,1,1,930,-1488,1019,271,-26,63,-22,37,69,0,0,0,0,0,0,0,0,0,0,0,0,0,0,0,0,0,0,0,0,0,0,49036
1,1,1,1,902,-1480,1020,299,-49,50,-19,38,73,0,0,0,0,0,0,0,0,0,0,0,0,0,0,0,0,0,0,0,0,0,0,49046
1,1,1,1,916,-1491,1022,353,-62,48,-20,37,74,0,0,0,0,0,0,0,0,0,0,0,0,0,0,0,0,0,0,0,0,0,0,49056
1,1,1,1,948,-1522,1061,352,-86,66,-19,37,72,0,0,0,0,0,0,0,0,0,0,0,0,0,0,0,0,0,0,0,0,0,0,49066
1,1,1,1,949,-1503,1072,354,-128,90,-20,33,74,0,0,0,0,0,0,0,0,0,0,0,0,0,0,0,0,0,0,0,0,0,0,49076
1,1,1,1,965,-1479,1069,398,-147,109,-21,37,75,0,0,0,0,0,0,0,0,0,0,0,0,0,0,0,0,0,0,0,0,0,0,49086
1,1,1,1,992,-1474,1106,399,-183,126,-20,37,80,0,0,0,0,0,0,0,0,0,0,0,0,0,0,0,0,0,0,0,0,0,0,49096
1,1,1,1,965,-1476,1119,395,-204,136,-21,40,85,0,0,0,0,0,0,0,0,0,0,0,0,0,0,0,0,0,0,0,0,0,0,49106
1,1,1,1,953,-1485,1132,402,-224,136,-20,39,86,0,0,0,0,0,0,0,0,0,0,0,0,0,0,0,0,0,0,0,0,0,0,49116
1,1,1,1,938,-1457,1100,424,-226,135,-24,41,90,0,0,0,0,0,0,0,0,0,0,0,0,0,0,0,0,0,0,0,0,0,0,49126
1,1,1,1,958,-1492,1094,375,-212,144,-21,42,91,0,0,0,0,0,0,0,0,0,0,0,0,0,0,0,0,0,0,0,0,0,0,49136
1,1,1,1,957,-1482,1138,346,-231,143,-21,42,94,0,0,0,0,0,0,0,0,0,0,0,0,0,0,0,0,0,0,0,0,0,0,49146
1,1,1,1,953,-1408,1121,378,-240,140,-24,44,95,0,0,0,0,0,0,0,0,0,0,0,0,0,0,0,0,0,0,0,0,0,0,49156
1,1,1,1,983,-1454,1148,409,-243,148,-24,44,95,0,0,0,0,0,0,0,0,0,0,0,0,0,0,0,0,0,0,0,0,0,0,49166
1,1,1,1,969,-1524,1144,374,-232,157,-23,45,97,0,0,0,0,0,0,0,0,0,0,0,0,0,0,0,0,0,0,0,0,0,0,49176
1,1,1,1,973,-1518,1163,345,-224,171,-25,44,100,0,0,0,0,0,0,0,0,0,0,0,0,0,0,0,0,0,0,0,0,0,0,49186
1,1,1,1,998,-1511,1201,318,-211,200,-26,46,95,0,0,0,0,0,0,0,0,0,0,0,0,0,0,0,0,0,0,0,0,0,0,49196
1,1,1,1,973,-1521,1207,258,-198,240,-25,46,97,0,0,0,0,0,0,0,0,0,0,0,0,0,0,0,0,0,0,0,0,0,0,49206
1,1,1,1,994,-1528,1218,192,-190,266,-26,46,96,0,0,0,0,0,0,0,0,0,0,0,0,0,0,0,0,0,0,0,0,0,0,49216
1,1,1,1,983,-1446,1202,201,-188,291,-25,46,97,0,0,0,0,0,0,0,0,0,0,0,0,0,0,0,0,0,0,0,0,0,0,49226
1,1,1,1,991,-1408,1179,254,-174,297,-24,47,98,0,0,0,0,0,0,0,0,0,0,0,0,0,0,0,0,0,0,0,0,0,0,49236
1,1,1,1,1017,-1419,1198,262,-192,300,-25,47,94,0,0,0,0,0,0,0,0,0,0,0,0,0,0,0,0,0,0,0,0,0,0,49246
1,1,1,1,984,-1444,1185,268,-184,276,-27,48,98,0,0,0,0,0,0,0,0,0,0,0,0,0,0,0,0,0,0,0,0,0,0,49256
1,1,1,1,952,-1419,1214,255,-167,278,-27,47,98,0,0,0,0,0,0,0,0,0,0,0,0,0,0,0,0,0,0,0,0,0,0,49266
1,1,1,1,930,-1464,1229,236,-171,259,-25,48,98,0,0,0,0,0,0,0,0,0,0,0,0,0,0,0,0,0,0,0,0,0,0,49276
1,1,1,1,899,-1453,1204,229,-144,248,-26,48,97,0,0,0,0,0,0,0,0,0,0,0,0,0,0,0,0,0,0,0,0,0,0,49286
1,1,1,1,936,-1440,1198,223,-129,256,-25,48,97,0,0,0,0,0,0,0,0,0,0,0,0,0,0,0,0,0,0,0,0,0,0,49296
1,1,1,1,1001,-1491,1208,171,-118,264,-24,47,94,0,0,0,0,0,0,0,0,0,0,0,0,0,0,0,0,0,0,0,0,0,0,49306
1,1,1,1,998,-1494,1190,81,-95,281,-24,47,97,0,0,0,0,0,0,0,0,0,0,0,0,0,0,0,0,0,0,0,0,0,0,49316
1,1,1,1,994,-1451,1163,14,-77,305,-25,46,92,0,0,0,0,0,0,0,0,0,0,0,0,0,0,0,0,0,0,0,0,0,0,49326
1,1,1,1,1006,-1407,1161,-11,-74,314,-27,47,93,0,0,0,0,0,0,0,0,0,0,0,0,0,0,0,0,0,0,0,0,0,0,49336
1,1,1,1,1000,-1372,1149,-10,-67,323,-28,47,93,0,0,0,0,0,0,0,0,0,0,0,0,0,0,0,0,0,0,0,0,0,0,49346
1,1,1,1,1011,-1386,1165,-25,-63,322,-28,47,94,0,0,0,0,0,0,0,0,0,0,0,0,0,0,0,0,0,0,0,0,0,0,49356
1,1,1,1,980,-1327,1148,1,-59,302,-26,46,93,0,0,0,0,0,0,0,0,0,0,0,0,0,0,0,0,0,0,0,0,0,0,49366
1,1,1,1,947,-1339,1140,31,-31,262,-27,47,97,0,0,0,0,0,0,0,0,0,0,0,0,0,0,0,0,0,0,0,0,0,0,49376
1,1,1,1,939,-1369,1166,24,-16,222,-28,48,101,0,0,0,0,0,0,0,0,0,0,0,0,0,0,0,0,0,0,0,0,0,0,49386
1,1,1,1,927,-1358,1147,28,-7,180,-25,48,103,0,0,0,0,0,0,0,0,0,0,0,0,0,0,0,0,0,0,0,0,0,0,49396
1,1,1,1,943,-1351,1129,52,-6,145,-31,56,102,0,0,0,0,0,0,0,0,0,0,0,0,0,0,0,0,0,0,0,0,0,0,49406
1,1,1,1,963,-1407,1128,29,-14,124,-30,51,103,0,0,0,0,0,0,0,0,0,0,0,0,0,0,0,0,0,0,0,0,0,0,49416
1,1,1,1,971,-1430,1104,-14,-30,98,-28,51,106,0,0,0,0,0,0,0,0,0,0,0,0,0,0,0,0,0,0,0,0,0,0,49426
1,1,1,1,962,-1398,1086,-14,-19,85,-27,51,108,0,0,0,0,0,0,0,0,0,0,0,0,0,0,0,0,0,0,0,0,0,0,49436
1,1,1,1,989,-1343,1084,21,-41,73,-27,51,105,0,0,0,0,0,0,0,0,0,0,0,0,0,0,0,0,0,0,0,0,0,0,49446
1,1,1,1,983,-1343,1093,51,-58,66,-26,52,105,0,0,0,0,0,0,0,0,0,0,0,0,0,0,0,0,0,0,0,0,0,0,49456
1,1,1,1,962,-1354,1101,69,-66,61,-28,52,105,0,0,0,0,0,0,0,0,0,0,0,0,0,0,0,0,0,0,0,0,0,0,49466
1,1,1,1,968,-1361,1136,76,-77,50,-29,52,107,0,0,0,0,0,0,0,0,0,0,0,0,0,0,0,0,0,0,0,0,0,0,49476
1,1,1,1,954,-1349,1136,104,-88,32,-27,52,106,0,0,0,0,0,0,0,0,0,0,0,0,0,0,0,0,0,0,0,0,0,0,49486
1,1,1,1,969,-1389,1170,104,-90,18,-25,51,104,0,0,0,0,0,0,0,0,0,0,0,0,0,0,0,0,0,0,0,0,0,0,49496
1,1,1,1,954,-1424,1183,75,-89,8,-25,51,105,0,0,0,0,0,0,0,0,0,0,0,0,0,0,0,0,0,0,0,0,0,0,49506
1,1,1,1,952,-1438,1177,38,-100,-1,-26,51,102,0,0,0,0,0,0,0,0,0,0,0,0,0,0,0,0,0,0,0,0,0,0,49516
1,1,1,1,952,-1433,1156,6,-107,-8,-25,50,100,0,0,0,0,0,0,0,0,0,0,0,0,0,0,0,0,0,0,0,0,0,0,49526
1,1,1,1,966,-1395,1152,11,-106,-11,-25,49,98,0,0,0,0,0,0,0,0,0,0,0,0,0,0,0,0,0,0,0,0,0,0,49536
1,1,1,1,984,-1379,1157,25,-125,-22,-26,49,95,0,0,0,0,0,0,0,0,0,0,0,0,0,0,0,0,0,0,0,0,0,0,49546
1,1,1,1,990,-1374,1143,24,-131,-26,-29,48,95,0,0,0,0,0,0,0,0,0,0,0,0,0,0,0,0,0,0,0,0,0,0,49556
1,1,1,1,1016,-1374,1168,12,-146,-35,-27,48,94,0,0,0,0,0,0,0,0,0,0,0,0,0,0,0,0,0,0,0,0,0,0,49566
1,1,1,1,1017,-1365,1171,56,-165,-58,-25,48,96,0,0,0,0,0,0,0,0,0,0,0,0,0,0,0,0,0,0,0,0,0,0,49576
1,1,1,1,998,-1364,1153,101,-172,-80,-26,49,94,0,0,0,0,0,0,0,0,0,0,0,0,0,0,0,0,0,0,0,0,0,0,49586
1,1,1,1,1011,-1402,1191,81,-167,-61,-26,49,92,0,0,0,0,0,0,0,0,0,0,0,0,0,0,0,0,0,0,0,0,0,0,49596
1,1,1,1,1006,-1400,1182,46,-152,-29,-25,48,94,0,0,0,0,0,0,0,0,0,0,0,0,0,0,0,0,0,0,0,0,0,0,49606
1,1,1,1,1022,-1432,1203,32,-135,-23,-26,49,94,0,0,0,0,0,0,0,0,0,0,0,0,0,0,0,0,0,0,0,0,0,0,49616
1,1,1,1,1048,-1432,1213,-1,-132,0,-26,48,91,0,0,0,0,0,0,0,0,0,0,0,0,0,0,0,0,0,0,0,0,0,0,49626
1,1,1,1,1062,-1446,1187,-24,-129,-8,-26,48,93,0,0,0,0,0,0,0,0,0,0,0,0,0,0,0,0,0,0,0,0,0,0,49636
1,1,1,1,1064,-1469,1199,-52,-108,-14,-27,48,91,0,0,0,0,0,0,0,0,0,0,0,0,0,0,0,0,0,0,0,0,0,0,49646
1,1,1,1,1037,-1455,1208,-70,-102,-30,-25,46,90,0,0,0,0,0,0,0,0,0,0,0,0,0,0,0,0,0,0,0,0,0,0,49656
1,1,1,1,1018,-1426,1199,-37,-102,-49,-23,46,89,0,0,0,0,0,0,0,0,0,0,0,0,0,0,0,0,0,0,0,0,0,0,49666
1,1,1,1,1022,-1408,1209,13,-119,-63,-26,48,92,0,0,0,0,0,0,0,0,0,0,0,0,0,0,0,0,0,0,0,0,0,0,49676
1,1,1,1,1010,-1432,1174,19,-89,-66,-28,49,90,0,0,0,0,0,0,0,0,0,0,0,0,0,0,0,0,0,0,0,0,0,0,49686
1,1,1,1,1036,-1446,1183,-29,-74,-62,-30,50,92,0,0,0,0,0,0,0,0,0,0,0,0,0,0,0,0,0,0,0,0,0,0,49696
1,1,1,1,1041,-1426,1173,-65,-67,-59,-25,45,88,0,0,0,0,0,0,0,0,0,0,0,0,0,0,0,0,0,0,0,0,0,0,49706
1,1,1,1,1034,-1411,1155,-40,-55,-65,-29,50,90,0,0,0,0,0,0,0,0,0,0,0,0,0,0,0,0,0,0,0,0,0,0,49716
1,1,1,1,1034,-1411,1156,-40,-49,-54,-26,48,89,0,0,0,0,0,0,0,0,0,0,0,0,0,0,0,0,0,0,0,0,0,0,49726
1,1,1,1,1049,-1436,1165,-63,-52,-42,-25,47,92,0,0,0,0,0,0,0,0,0,0,0,0,0,0,0,0,0,0,0,0,0,0,49736
1,1,1,1,1060,-1433,1151,-70,-34,-32,-25,47,93,0,0,0,0,0,0,0,0,0,0,0,0,0,0,0,0,0,0,0,0,0,0,49746
1,1,1,1,1056,-1402,1134,-36,-27,-34,-26,47,93,0,0,0,0,0,0,0,0,0,0,0,0,0,0,0,0,0,0,0,0,0,0,49756
1,1,1,1,1058,-1419,1103,31,-21,-55,-27,48,94,0,0,0,0,0,0,0,0,0,0,0,0,0,0,0,0,0,0,0,0,0,0,49766
1,1,1,1,1058,-1419,1103,40,-16,-58,-28,48,93,0,0,0,0,0,0,0,0,0,0,0,0,0,0,0,0,0,0,0,0,0,0,49776
1,1,1,1,1077,-1432,1132,48,-18,-52,-28,48,94,0,0,0,0,0,0,0,0,0,0,0,0,0,0,0,0,0,0,0,0,0,0,49786
1,1,1,1,1059,-1398,1123,74,-9,-49,-27,48,95,0,0,0,0,0,0,0,0,0,0,0,0,0,0,0,0,0,0,0,0,0,0,49796
1,1,1,1,1073,-1413,1147,62,-8,-40,-27,47,96,0,0,0,0,0,0,0,0,0,0,0,0,0,0,0,0,0,0,0,0,0,0,49806
1,1,1,1,1052,-1413,1128,62,-2,-45,-26,48,97,0,0,0,0,0,0,0,0,0,0,0,0,0,0,0,0,0,0,0,0,0,0,49816
1,1,1,1,1054,-1373,1128,115,-9,-58,-27,48,93,0,0,0,0,0,0,0,0,0,0,0,0,0,0,0,0,0,0,0,0,0,0,49826
1,1,1,1,1068,-1388,1134,119,-22,-52,-26,48,95,0,0,0,0,0,0,0,0,0,0,0,0,0,0,0,0,0,0,0,0,0,0,49836
1,1,1,1,1044,-1448,1151,87,-22,-42,-26,49,96,0,0,0,0,0,0,0,0,0,0,0,0,0,0,0,0,0,0,0,0,0,0,49846
1,1,1,1,1010,-1403,1124,91,-22,-34,-26,49,97,0,0,0,0,0,0,0,0,0,0,0,0,0,0,0,0,0,0,0,0,0,0,49856
1,1,1,1,1041,-1374,1130,141,-31,-41,-28,48,96,0,0,0,0,0,0,0,0,0,0,0,0,0,0,0,0,0,0,0,0,0,0,49866
1,1,1,1,1063,-1395,1111,167,-45,-48,-26,48,95,0,0,0,0,0,0,0,0,0,0,0,0,0,0,0,0,0,0,0,0,0,0,49876
1,1,1,1,1056,-1393,1083,174,-45,-44,-27,49,94,0,0,0,0,0,0,0,0,0,0,0,0,0,0,0,0,0,0,0,0,0,0,49886
1,1,1,1,1075,-1390,1091,152,-62,-36,-25,48,92,0,0,0,0,0,0,0,0,0,0,0,0,0,0,0,0,0,0,0,0,0,0,49896
1,1,1,1,1086,-1380,1100,156,-77,-31,-25,49,95,0,0,0,0,0,0,0,0,0,0,0,0,0,0,0,0,0,0,0,0,0,0,49906
1,1,1,1,1066,-1376,1104,189,-91,-25,-25,48,93,0,0,0,0,0,0,0,0,0,0,0,0,0,0,0,0,0,0,0,0,0,0,49916
1,1,1,1,1061,-1425,1122,186,-105,-28,-25,46,92,0,0,0,0,0,0,0,0,0,0,0,0,0,0,0,0,0,0,0,0,0,0,49926
1,1,1,1,1053,-1425,1140,150,-106,-28,-28,45,90,0,0,0,0,0,0,0,0,0,0,0,0,0,0,0,0,0,0,0,0,0,0,49936
1,1,1,1,1040,-1390,1162,156,-96,-34,-24,44,88,0,0,0,0,0,0,0,0,0,0,0,0,0,0,0,0,0,0,0,0,0,0,49946
1,1,1,1,1036,-1353,1201,175,-93,-36,-27,44,88,0,0,0,0,0,0,0,0,0,0,0,0,0,0,0,0,0,0,0,0,0,0,49956
1,1,1,1,1043,-1386,1219,138,-76,-33,-27,44,86,0,0,0,0,0,0,0,0,0,0,0,0,0,0,0,0,0,0,0,0,0,0,49966
1,1,1,1,1035,-1414,1221,61,-58,-31,-27,49,89,0,0,0,0,0,0,0,0,0,0,0,0,0,0,0,0,0,0,0,0,0,0,49976
1,1,1,1,1045,-1370,1208,37,-33,-23,-28,49,87,0,0,0,0,0,0,0,0,0,0,0,0,0,0,0,0,0,0,0,0,0,0,49986
1,1,1,1,1062,-1372,1219,27,-26,-19,-30,50,89,0,0,0,0,0,0,0,0,0,0,0,0,0,0,0,0,0,0,0,0,0,0,49996
1,1,1,1,1043,-1378,1183,27,-7,-24,-29,47,89,0,0,0,0,0,0,0,0,0,0,0,0,0,0,0,0,0,0,0,0,0,0,50006
1,1,1,1,1045,-1388,1162,-3,17,-19,-27,45,87,0,0,0,0,0,0,0,0,0,0,0,0,0,0,0,0,0,0,0,0,0,0,50016
1,1,1,1,1046,-1413,1179,-50,30,-23,-27,46,89,0,0,0,0,0,0,0,0,0,0,0,0,0,0,0,0,0,0,0,0,0,0,50026
1,1,1,1,1031,-1396,1175,-71,41,-28,-27,46,88,0,0,0,0,0,0,0,0,0,0,0,0,0,0,0,0,0,0,0,0,0,0,50036
1,1,1,1,1034,-1370,1167,-46,50,-36,-25,46,90,0,0,0,0,0,0,0,0,0,0,0,0,0,0,0,0,0,0,0,0,0,0,50046
1,1,1,1,1039,-1374,1139,-47,58,-35,-25,45,89,0,0,0,0,0,0,0,0,0,0,0,0,0,0,0,0,0,0,0,0,0,0,50056
1,1,1,1,1054,-1383,1143,-48,55,-37,-25,44,89,0,0,0,0,0,0,0,0,0,0,0,0,0,0,0,0,0,0,0,0,0,0,50066
1,1,1,1,1065,-1392,1128,-34,49,-30,-26,44,90,0,0,0,0,0,0,0,0,0,0,0,0,0,0,0,0,0,0,0,0,0,0,50076
1,1,1,1,1043,-1413,1112,-16,41,-36,-26,44,88,0,0,0,0,0,0,0,0,0,0,0,0,0,0,0,0,0,0,0,0,0,0,50086
1,1,1,1,1029,-1409,1102,3,29,-46,-28,43,89,0,0,0,0,0,0,0,0,0,0,0,0,0,0,0,0,0,0,0,0,0,0,50096
1,1,1,1,1036,-1387,1106,24,10,-48,-27,42,89,0,0,0,0,0,0,0,0,0,0,0,0,0,0,0,0,0,0,0,0,0,0,50106
1,1,1,1,1040,-1368,1094,43,-13,-53,-27,43,87,0,0,0,0,0,0,0,0,0,0,0,0,0,0,0,0,0,0,0,0,0,0,50116
1,1,1,1,1050,-1382,1099,35,-11,-52,-26,43,87,0,0,0,0,0,0,0,0,0,0,0,0,0,0,0,0,0,0,0,0,0,0,50126
1,1,1,1,1059,-1382,1126,24,-22,-51,-27,44,88,0,0,0,0,0,0,0,0,0,0,0,0,0,0,0,0,0,0,0,0,0,0,50136
1,1,1,1,1050,-1374,1114,36,-41,-71,-27,44,86,0,0,0,0,0,0,0,0,0,0,0,0,0,0,0,0,0,0,0,0,0,0,50146
1,1,1,1,1046,-1364,1137,58,-43,-76,-27,44,88,0,0,0,0,0,0,0,0,0,0,0,0,0,0,0,0,0,0,0,0,0,0,50156
1,1,1,1,1035,-1376,1158,61,-58,-83,-27,43,90,0,0,0,0,0,0,0,0,0,0,0,0,0,0,0,0,0,0,0,0,0,0,50166
1,1,1,1,1022,-1365,1163,62,-54,-83,-29,44,89,0,0,0,0,0,0,0,0,0,0,0,0,0,0,0,0,0,0,0,0,0,0,50176
1,1,1,1,1028,-1397,1184,32,-51,-76,-28,43,90,0,0,0,0,0,0,0,0,0,0,0,0,0,0,0,0,0,0,0,0,0,0,50186
1,1,1,1,1023,-1368,1160,28,-46,-71,-26,42,91,0,0,0,0,0,0,0,0,0,0,0,0,0,0,0,0,0,0,0,0,0,0,50196
1,1,1,1,1041,-1348,1130,45,-43,-79,-25,42,89,0,0,0,0,0,0,0,0,0,0,0,0,0,0,0,0,0,0,0,0,0,0,50206
1,1,1,1,1080,-1371,1126,62,-41,-85,-25,43,88,0,0,0,0,0,0,0,0,0,0,0,0,0,0,0,0,0,0,0,0,0,0,50216
1,1,1,1,1081,-1410,1113,47,-34,-89,-25,42,90,0,0,0,0,0,0,0,0,0,0,0,0,0,0,0,0,0,0,0,0,0,0,50226
1,1,1,1,1085,-1410,1130,14,-59,-82,-27,43,94,0,0,0,0,0,0,0,0,0,0,0,0,0,0,0,0,0,0,0,0,0,0,50236
1,1,1,1,1066,-1424,1141,-14,-72,-68,-28,43,91,0,0,0,0,0,0,0,0,0,0,0,0,0,0,0,0,0,0,0,0,0,0,50246
1,1,1,1,1014,-1367,1108,-14,-64,-46,-27,42,89,0,0,0,0,0,0,0,0,0,0,0,0,0,0,0,0,0,0,0,0,0,0,50256
1,1,1,1,1046,-1370,1126,6,-61,-40,-26,42,89,0,0,0,0,0,0,0,0,0,0,0,0,0,0,0,0,0,0,0,0,0,0,50266
1,1,1,1,1084,-1316,1138,51,-62,-48,-27,41,93,0,0,0,0,0,0,0,0,0,0,0,0,0,0,0,0,0,0,0,0,0,0,50276
1,1,1,1,1092,-1336,1122,75,-62,-59,-29,43,92,0,0,0,0,0,0,0,0,0,0,0,0,0,0,0,0,0,0,0,0,0,0,50286
1,1,1,1,1074,-1377,1142,59,-63,-61,-28,43,94,0,0,0,0,0,0,0,0,0,0,0,0,0,0,0,0,0,0,0,0,0,0,50296
1,1,1,1,1055,-1366,1143,58,-58,-64,-31,47,96,0,0,0,0,0,0,0,0,0,0,0,0,0,0,0,0,0,0,0,0,0,0,50306
1,1,1,1,1066,-1344,1164,88,-59,-64,-28,43,93,0,0,0,0,0,0,0,0,0,0,0,0,0,0,0,0,0,0,0,0,0,0,50316
1,1,1,1,1059,-1388,1181,77,-66,-59,-28,43,94,0,0,0,0,0,0,0,0,0,0,0,0,0,0,0,0,0,0,0,0,0,0,50326
1,1,1,1,1033,-1394,1163,54,-45,-53,-27,43,95,0,0,0,0,0,0,0,0,0,0,0,0,0,0,0,0,0,0,0,0,0,0,50336
1,1,1,1,1065,-1377,1170,29,-47,-45,-26,43,95,0,0,0,0,0,0,0,0,0,0,0,0,0,0,0,0,0,0,0,0,0,0,50346
1,1,1,1,1083,-1375,1158,3,-40,-47,-24,43,96,0,0,0,0,0,0,0,0,0,0,0,0,0,0,0,0,0,0,0,0,0,0,50356
1,1,1,1,1095,-1343,1148,4,-26,-50,-26,42,98,0,0,0,0,0,0,0,0,0,0,0,0,0,0,0,0,0,0,0,0,0,0,50366
1,1,1,1,1112,-1320,1145,19,-16,-54,-27,44,98,0,0,0,0,0,0,0,0,0,0,0,0,0,0,0,0,0,0,0,0,0,0,50376
1,1,1,1,1126,-1332,1164,11,-6,-54,-28,44,99,0,0,0,0,0,0,0,0,0,0,0,0,0,0,0,0,0,0,0,0,0,0,50386
1,1,1,1,1107,-1332,1157,13,-4,-50,-27,44,98,0,0,0,0,0,0,0,0,0,0,0,0,0,0,0,0,0,0,0,0,0,0,50396
1,1,1,1,1073,-1341,1139,35,-3,-59,-27,43,98,0,0,0,0,0,0,0,0,0,0,0,0,0,0,0,0,0,0,0,0,0,0,50406
1,1,1,1,1058,-1360,1136,39,2,-62,-30,45,97,0,0,0,0,0,0,0,0,0,0,0,0,0,0,0,0,0,0,0,0,0,0,50416
1,1,1,1,1074,-1379,1172,9,12,-50,-29,44,97,0,0,0,0,0,0,0,0,0,0,0,0,0,0,0,0,0,0,0,0,0,0,50426
1,1,1,1,1066,-1363,1182,-15,11,-39,-28,44,94,0,0,0,0,0,0,0,0,0,0,0,0,0,0,0,0,0,0,0,0,0,0,50436
1,1,1,1,1071,-1345,1169,-21,21,-30,-28,44,96,0,0,0,0,0,0,0,0,0,0,0,0,0,0,0,0,0,0,0,0,0,0,50446
1,1,1,1,1088,-1348,1170,-38,24,-28,-28,44,99,0,0,0,0,0,0,0,0,0,0,0,0,0,0,0,0,0,0,0,0,0,0,50456
1,1,1,1,1090,-1328,1171,-41,29,-32,-27,43,98,0,0,0,0,0,0,0,0,0,0,0,0,0,0,0,0,0,0,0,0,0,0,50466
1,1,1,1,1097,-1313,1166,-4,50,-34,-28,43,99,0,0,0,0,0,0,0,0,0,0,0,0,0,0,0,0,0,0,0,0,0,0,50476
1,1,1,1,1099,-1309,1157,18,50,-38,-28,43,100,0,0,0,0,0,0,0,0,0,0,0,0,0,0,0,0,0,0,0,0,0,0,50486
1,1,1,1,1087,-1330,1148,23,64,-43,-30,44,101,0,0,0,0,0,0,0,0,0,0,0,0,0,0,0,0,0,0,0,0,0,0,50496
1,1,1,1,1072,-1358,1153,-6,76,-50,-28,44,99,0,0,0,0,0,0,0,0,0,0,0,0,0,0,0,0,0,0,0,0,0,0,50506
1,1,1,1,1070,-1339,1137,-19,83,-53,-29,45,101,0,0,0,0,0,0,0,0,0,0,0,0,0,0,0,0,0,0,0,0,0,0,50516
1,1,1,1,1092,-1340,1145,-34,90,-48,-30,44,102,0,0,0,0,0,0,0,0,0,0,0,0,0,0,0,0,0,0,0,0,0,0,50526
1,1,1,1,1095,-1350,1140,-58,87,-41,-32,44,102,0,0,0,0,0,0,0,0,0,0,0,0,0,0,0,0,0,0,0,0,0,0,50536
1,1,1,1,1086,-1330,1139,-51,87,-35,-30,45,102,0,0,0,0,0,0,0,0,0,0,0,0,0,0,0,0,0,0,0,0,0,0,50546
1,1,1,1,1081,-1314,1128,-10,80,-43,-28,41,102,0,0,0,0,0,0,0,0,0,0,0,0,0,0,0,0,0,0,0,0,0,0,50556
1,1,1,1,1099,-1315,1142,15,63,-49,-32,48,104,0,0,0,0,0,0,0,0,0,0,0,0,0,0,0,0,0,0,0,0,0,0,50566
1,1,1,1,1098,-1313,1145,27,64,-49,-31,44,101,0,0,0,0,0,0,0,0,0,0,0,0,0,0,0,0,0,0,0,0,0,0,50576
1,1,1,1,1075,-1348,1144,30,74,-56,-32,46,106,0,0,0,0,0,0,0,0,0,0,0,0,0,0,0,0,0,0,0,0,0,0,50586
1,1,1,1,1068,-1349,1156,14,75,-61,-33,48,106,0,0,0,0,0,0,0,0,0,0,0,0,0,0,0,0,0,0,0,0,0,0,50596
1,1,1,1,1073,-1343,1155,17,79,-55,-31,45,103,0,0,0,0,0,0,0,0,0,0,0,0,0,0,0,0,0,0,0,0,0,0,50606
1,1,1,1,1068,-1351,1156,10,75,-52,-29,45,106,0,0,0,0,0,0,0,0,0,0,0,0,0,0,0,0,0,0,0,0,0,0,50616
1,1,1,1,1061,-1354,1154,6,61,-44,-31,45,106,0,0,0,0,0,0,0,0,0,0,0,0,0,0,0,0,0,0,0,0,0,0,50626
1,1,1,1,1054,-1344,1139,22,57,-38,-31,45,107,0,0,0,0,0,0,0,0,0,0,0,0,0,0,0,0,0,0,0,0,0,0,50636
1,1,1,1,1062,-1345,1140,32,52,-27,-29,47,107,0,0,0,0,0,0,0,0,0,0,0,0,0,0,0,0,0,0,0,0,0,0,50646
1,1,1,1,1073,-1351,1150,23,47,-18,-29,45,108,0,0,0,0,0,0,0,0,0,0,0,0,0,0,0,0,0,0,0,0,0,0,50656
1,1,1,1,1089,-1342,1154,-3,42,-9,-30,45,107,0,0,0,0,0,0,0,0,0,0,0,0,0,0,0,0,0,0,0,0,0,0,50666
1,1,1,1,1082,-1306,1155,16,34,-8,-29,45,104,0,0,0,0,0,0,0,0,0,0,0,0,0,0,0,0,0,0,0,0,0,0,50676
1,1,1,1,1078,-1326,1163,42,24,-10,-31,46,104,0,0,0,0,0,0,0,0,0,0,0,0,0,0,0,0,0,0,0,0,0,0,50686
1,1,1,1,1063,-1344,1165,51,15,-9,-29,45,105,0,0,0,0,0,0,0,0,0,0,0,0,0,0,0,0,0,0,0,0,0,0,50696
1,1,1,1,1048,-1359,1161,33,17,-9,-29,46,104,0,0,0,0,0,0,0,0,0,0,0,0,0,0,0,0,0,0,0,0,0,0,50706
1,1,1,1,1054,-1354,1179,15,16,-7,-28,45,102,0,0,0,0,0,0,0,0,0,0,0,0,0,0,0,0,0,0,0,0,0,0,50716
1,1,1,1,1053,-1320,1167,18,19,-8,-28,44,102,0,0,0,0,0,0,0,0,0,0,0,0,0,0,0,0,0,0,0,0,0,0,50726
1,1,1,1,1076,-1322,1184,28,34,-12,-28,45,101,0,0,0,0,0,0,0,0,0,0,0,0,0,0,0,0,0,0,0,0,0,0,50736
1,1,1,1,1082,-1322,1176,16,50,-15,-29,45,100,0,0,0,0,0,0,0,0,0,0,0,0,0,0,0,0,0,0,0,0,0,0,50746
1,1,1,1,1082,-1314,1174,26,54,-27,-29,44,102,0,0,0,0,0,0,0,0,0,0,0,0,0,0,0,0,0,0,0,0,0,0,50756
1,1,1,1,1087,-1318,1163,48,62,-31,-27,44,104,0,0,0,0,0,0,0,0,0,0,0,0,0,0,0,0,0,0,0,0,0,0,50766
1,1,1,1,1078,-1359,1182,16,56,-30,-28,45,104,0,0,0,0,0,0,0,0,0,0,0,0,0,0,0,0,0,0,0,0,0,0,50776
1,1,1,1,1036,-1331,1168,24,57,-37,-31,45,102,0,0,0,0,0,0,0,0,0,0,0,0,0,0,0,0,0,0,0,0,0,0,50786
1,1,1,1,1050,-1323,1168,38,51,-31,-29,44,104,0,0,0,0,0,0,0,0,0,0,0,0,0,0,0,0,0,0,0,0,0,0,50796
1,1,1,1,1060,-1373,1185,2,55,-19,-29,45,104,0,0,0,0,0,0,0,0,0,0,0,0,0,0,0,0,0,0,0,0,0,0,50806
1,1,1,1,1051,-1332,1156,-9,58,-15,-28,44,105,0,0,0,0,0,0,0,0,0,0,0,0,0,0,0,0,0,0,0,0,0,0,50816
1,1,1,1,1078,-1305,1162,13,43,-13,-28,45,105,0,0,0,0,0,0,0,0,0,0,0,0,0,0,0,0,0,0,0,0,0,0,50826
1,1,1,1,1064,-1341,1172,1,42,-2,-29,45,103,0,0,0,0,0,0,0,0,0,0,0,0,0,0,0,0,0,0,0,0,0,0,50836
1,1,1,1,1042,-1335,1176,-13,46,6,-31,47,101,0,0,0,0,0,0,0,0,0,0,0,0,0,0,0,0,0,0,0,0,0,0,50846
1,1,1,1,1046,-1310,1163,21,40,4,-28,44,105,0,0,0,0,0,0,0,0,0,0,0,0,0,0,0,0,0,0,0,0,0,0,50856
1,1,1,1,1059,-1353,1185,13,32,0,-28,42,102,0,0,0,0,0,0,0,0,0,0,0,0,0,0,0,0,0,0,0,0,0,0,50866
1,1,1,1,1058,-1342,1190,-4,48,-1,-27,46,103,0,0,0,0,0,0,0,0,0,0,0,0,0,0,0,0,0,0,0,0,0,0,50876
1,1,1,1,1056,-1297,1187,23,50,-12,-28,45,104,0,0,0,0,0,0,0,0,0,0,0,0,0,0,0,0,0,0,0,0,0,0,50886
1,1,1,1,1065,-1286,1185,64,47,-26,-27,44,103,0,0,0,0,0,0,0,0,0,0,0,0,0,0,0,0,0,0,0,0,0,0,50896
1,1,1,1,1067,-1316,1172,85,48,-29,-27,42,102,0,0,0,0,0,0,0,0,0,0,0,0,0,0,0,0,0,0,0,0,0,0,50906
1,1,1,1,1059,-1350,1171,56,49,-27,-27,45,105,0,0,0,0,0,0,0,0,0,0,0,0,0,0,0,0,0,0,0,0,0,0,50916
1,1,1,1,1058,-1342,1183,35,63,-17,-29,48,105,0,0,0,0,0,0,0,0,0,0,0,0,0,0,0,0,0,0,0,0,0,0,50926
1,1,1,1,1058,-1324,1196,27,54,-11,-27,45,103,0,0,0,0,0,0,0,0,0,0,0,0,0,0,0,0,0,0,0,0,0,0,50936
1,1,1,1,1046,-1323,1194,27,60,-6,-26,43,106,0,0,0,0,0,0,0,0,0,0,0,0,0,0,0,0,0,0,0,0,0,0,50946
1,1,1,1,1038,-1326,1191,17,49,-6,-28,46,105,0,0,0,0,0,0,0,0,0,0,0,0,0,0,0,0,0,0,0,0,0,0,50956
1,1,1,1,1030,-1311,1193,16,49,-8,-26,44,108,0,0,0,0,0,0,0,0,0,0,0,0,0,0,0,0,0,0,0,0,0,0,50966
1,1,1,1,1030,-1311,1193,24,57,-10,-27,44,107,0,0,0,0,0,0,0,0,0,0,0,0,0,0,0,0,0,0,0,0,0,0,50976
1,1,1,1,1051,-1326,1170,15,59,-13,-29,45,104,0,0,0,0,0,0,0,0,0,0,0,0,0,0,0,0,0,0,0,0,0,0,50986
1,1,1,1,1050,-1315,1166,4,54,-15,-31,45,104,0,0,0,0,0,0,0,0,0,0,0,0,0,0,0,0,0,0,0,0,0,0,50996
1,1,1,1,1049,-1307,1166,22,49,-20,-28,44,105,0,0,0,0,0,0,0,0,0,0,0,0,0,0,0,0,0,0,0,0,0,0,51006
1,1,1,1,1039,-1330,1166,34,50,-22,-28,45,104,0,0,0,0,0,0,0,0,0,0,0,0,0,0,0,0,0,0,0,0,0,0,51016
1,1,1,1,1047,-1310,1171,36,39,-23,-28,46,104,0,0,0,0,0,0,0,0,0,0,0,0,0,0,0,0,0,0,0,0,0,0,51026
1,1,1,1,1045,-1302,1180,56,26,-24,-28,46,104,0,0,0,0,0,0,0,0,0,0,0,0,0,0,0,0,0,0,0,0,0,0,51036
1,1,1,1,1034,-1293,1168,97,29,-29,-27,46,105,0,0,0,0,0,0,0,0,0,0,0,0,0,0,0,0,0,0,0,0,0,0,51046
1,1,1,1,1040,-1270,1163,150,16,-38,-26,46,107,0,0,0,0,0,0,0,0,0,0,0,0,0,0,0,0,0,0,0,0,0,0,51056
1,1,1,1,1054,-1319,1170,118,16,-29,-29,46,105,0,0,0,0,0,0,0,0,0,0,0,0,0,0,0,0,0,0,0,0,0,0,51066
1,1,1,1,1040,-1373,1197,48,17,-20,-28,46,106,0,0,0,0,0,0,0,0,0,0,0,0,0,0,0,0,0,0,0,0,0,0,51076
1,1,1,1,1031,-1347,1215,14,24,-9,-28,46,105,0,0,0,0,0,0,0,0,0,0,0,0,0,0,0,0,0,0,0,0,0,0,51086
1,1,1,1,1027,-1330,1217,1,19,-4,-27,46,108,0,0,0,0,0,0,0,0,0,0,0,0,0,0,0,0,0,0,0,0,0,0,51096
1,1,1,1,1030,-1327,1217,-13,25,3,-28,47,106,0,0,0,0,0,0,0,0,0,0,0,0,0,0,0,0,0,0,0,0,0,0,51106
1,1,1,1,1035,-1325,1213,-27,38,8,-26,46,108,0,0,0,0,0,0,0,0,0,0,0,0,0,0,0,0,0,0,0,0,0,0,51116
1,1,1,1,1042,-1271,1216,1,38,1,-28,46,109,0,0,0,0,0,0,0,0,0,0,0,0,0,0,0,0,0,0,0,0,0,0,51126
1,1,1,1,1050,-1268,1202,42,39,-15,-28,47,108,0,0,0,0,0,0,0,0,0,0,0,0,0,0,0,0,0,0,0,0,0,0,51136
1,1,1,1,1052,-1277,1204,66,48,-27,-26,47,109,0,0,0,0,0,0,0,0,0,0,0,0,0,0,0,0,0,0,0,0,0,0,51146
1,1,1,1,1049,-1271,1186,109,40,-40,-27,49,108,0,0,0,0,0,0,0,0,0,0,0,0,0,0,0,0,0,0,0,0,0,0,51156
1,1,1,1,1057,-1309,1192,116,29,-41,-29,51,114,0,0,0,0,0,0,0,0,0,0,0,0,0,0,0,0,0,0,0,0,0,0,51166
1,1,1,1,1038,-1348,1183,78,33,-40,-29,50,112,0,0,0,0,0,0,0,0,0,0,0,0,0,0,0,0,0,0,0,0,0,0,51176
1,1,1,1,1036,-1346,1172,31,38,-29,-25,46,110,0,0,0,0,0,0,0,0,0,0,0,0,0,0,0,0,0,0,0,0,0,0,51186
1,1,1,1,1057,-1337,1211,-22,26,-7,-32,53,115,0,0,0,0,0,0,0,0,0,0,0,0,0,0,0,0,0,0,0,0,0,0,51196
1,1,1,1,1038,-1338,1202,-69,20,11,-30,47,111,0,0,0,0,0,0,0,0,0,0,0,0,0,0,0,0,0,0,0,0,0,0,51206
1,1,1,1,1031,-1304,1204,-69,7,15,-32,51,116,0,0,0,0,0,0,0,0,0,0,0,0,0,0,0,0,0,0,0,0,0,0,51216
1,1,1,1,1023,-1264,1180,-5,9,-2,-31,49,118,0,0,0,0,0,0,0,0,0,0,0,0,0,0,0,0,0,0,0,0,0,0,51226
1,1,1,1,1029,-1251,1156,50,12,-14,-27,47,117,0,0,0,0,0,0,0,0,0,0,0,0,0,0,0,0,0,0,0,0,0,0,51236
1,1,1,1,1051,-1298,1201,61,8,-17,-29,52,118,0,0,0,0,0,0,0,0,0,0,0,0,0,0,0,0,0,0,0,0,0,0,51246
1,1,1,1,1016,-1287,1187,82,8,-20,-27,50,120,0,0,0,0,0,0,0,0,0,0,0,0,0,0,0,0,0,0,0,0,0,0,51256
1,1,1,1,1027,-1279,1205,101,-8,-20,-29,50,119,0,0,0,0,0,0,0,0,0,0,0,0,0,0,0,0,0,0,0,0,0,0,51266
1,1,1,1,1033,-1315,1206,78,-15,-16,-28,51,120,0,0,0,0,0,0,0,0,0,0,0,0,0,0,0,0,0,0,0,0,0,0,51276
1,1,1,1,1026,-1307,1196,49,-12,-16,-31,51,120,0,0,0,0,0,0,0,0,0,0,0,0,0,0,0,0,0,0,0,0,0,0,51286
1,1,1,1,1045,-1279,1191,51,-19,-18,-29,51,121,0,0,0,0,0,0,0,0,0,0,0,0,0,0,0,0,0,0,0,0,0,0,51296
1,1,1,1,1055,-1302,1199,25,-28,-18,-30,52,122,0,0,0,0,0,0,0,0,0,0,0,0,0,0,0,0,0,0,0,0,0,0,51306
1,1,1,1,1041,-1311,1190,8,-36,-22,-30,52,123,0,0,0,0,0,0,0,0,0,0,0,0,0,0,0,0,0,0,0,0,0,0,51316
1,1,1,1,1026,-1284,1167,25,-39,-31,-26,51,124,0,0,0,0,0,0,0,0,0,0,0,0,0,0,0,0,0,0,0,0,0,0,51326
1,1,1,1,1050,-1271,1174,46,-44,-37,-26,52,122,0,0,0,0,0,0,0,0,0,0,0,0,0,0,0,0,0,0,0,0,0,0,51336
1,1,1,1,1043,-1284,1178,60,-39,-35,-28,52,121,0,0,0,0,0,0,0,0,0,0,0,0,0,0,0,0,0,0,0,0,0,0,51346
1,1,1,1,1049,-1302,1208,44,-58,-32,-27,52,123,0,0,0,0,0,0,0,0,0,0,0,0,0,0,0,0,0,0,0,0,0,0,51356
1,1,1,1,1038,-1316,1207,7,-54,-17,-27,53,118,0,0,0,0,0,0,0,0,0,0,0,0,0,0,0,0,0,0,0,0,0,0,51366
1,1,1,1,1037,-1304,1197,-15,-54,-17,-28,53,121,0,0,0,0,0,0,0,0,0,0,0,0,0,0,0,0,0,0,0,0,0,0,51376
1,1,1,1,1043,-1299,1208,-39,-50,-21,-28,53,120,0,0,0,0,0,0,0,0,0,0,0,0,0,0,0,0,0,0,0,0,0,0,51386
1,1,1,1,1045,-1292,1204,-50,-37,-30,-28,53,118,0,0,0,0,0,0,0,0,0,0,0,0,0,0,0,0,0,0,0,0,0,0,51396
1,1,1,1,1052,-1253,1190,-41,-32,-40,-25,54,118,0,0,0,0,0,0,0,0,0,0,0,0,0,0,0,0,0,0,0,0,0,0,51406
1,1,1,1,1051,-1273,1203,-41,-29,-48,-29,55,119,0,0,0,0,0,0,0,0,0,0,0,0,0,0,0,0,0,0,0,0,0,0,51416
1,1,1,1,1035,-1318,1206,-92,-16,-52,-29,54,116,0,0,0,0,0,0,0,0,0,0,0,0,0,0,0,0,0,0,0,0,0,0,51426
1,1,1,1,1032,-1311,1210,-163,2,-63,-29,56,114,0,0,0,0,0,0,0,0,0,0,0,0,0,0,0,0,0,0,0,0,0,0,51436
1,1,1,1,1041,-1301,1213,-207,27,-75,-32,56,113,0,0,0,0,0,0,0,0,0,0,0,0,0,0,0,0,0,0,0,0,0,0,51446
1,1,1,1,1054,-1373,1251,-327,44,-83,-30,56,106,0,0,0,0,0,0,0,0,0,0,0,0,0,0,0,0,0,0,0,0,0,0,51456
1,1,1,1,1029,-1433,1255,-556,96,-65,-29,53,105,0,0,0,0,0,0,0,0,0,0,0,0,0,0,0,0,0,0,0,0,0,0,51466
1,1,1,1,1032,-1492,1266,-870,151,-41,-32,55,100,0,0,0,0,0,0,0,0,0,0,0,0,0,0,0,0,0,0,0,0,0,0,51476
1,1,1,1,1057,-1471,1282,-1176,190,2,-32,55,94,0,0,0,0,0,0,0,0,0,0,0,0,0,0,0,0,0,0,0,0,0,0,51486
1,1,1,1,1093,-1428,1289,-1384,189,43,-28,54,88,0,0,0,0,0,0,0,0,0,0,0,0,0,0,0,0,0,0,0,0,0,0,51496
1,1,1,1,1007,-1239,1238,-1270,153,37,-25,53,86,0,0,0,0,0,0,0,0,0,0,0,0,0,0,0,0,0,0,0,0,0,0,51506
1,1,1,1,941,-1111,1074,-892,169,2,-26,53,84,0,0,0,0,0,0,0,0,0,0,0,0,0,0,0,0,0,0,0,0,0,0,51516
1,1,1,1,1006,-1230,1083,-702,172,11,-23,51,82,0,0,0,0,0,0,0,0,0,0,0,0,0,0,0,0,0,0,0,0,0,0,51526
1,1,1,1,1021,-1370,1104,-660,166,10,-24,50,79,0,0,0,0,0,0,0,0,0,0,0,0,0,0,0,0,0,0,0,0,0,0,51536
1,1,1,1,1022,-1369,1031,-657,183,15,-24,50,72,0,0,0,0,0,0,0,0,0,0,0,0,0,0,0,0,0,0,0,0,0,0,51546
1,1,1,1,1059,-1432,1004,-747,221,30,-23,50,69,0,0,0,0,0,0,0,0,0,0,0,0,0,0,0,0,0,0,0,0,0,0,51556
1,1,1,1,1098,-1461,1060,-861,211,43,-20,49,68,0,0,0,0,0,0,0,0,0,0,0,0,0,0,0,0,0,0,0,0,0,0,51566
1,1,1,1,1107,-1554,1121,-1053,172,52,-22,51,65,0,0,0,0,0,0,0,0,0,0,0,0,0,0,0,0,0,0,0,0,0,0,51576
1,1,1,1,1055,-1618,1173,-1249,127,52,-19,51,64,0,0,0,0,0,0,0,0,0,0,0,0,0,0,0,0,0,0,0,0,0,0,51586
1,1,1,1,952,-1497,1153,-1336,95,68,-16,47,63,0,0,0,0,0,0,0,0,0,0,0,0,0,0,0,0,0,0,0,0,0,0,51596
1,1,1,1,848,-1248,1069,-1020,101,47,-15,46,58,0,0,0,0,0,0,0,0,0,0,0,0,0,0,0,0,0,0,0,0,0,0,51606
1,1,1,1,861,-1211,1009,-544,107,5,-15,46,56,0,0,0,0,0,0,0,0,0,0,0,0,0,0,0,0,0,0,0,0,0,0,51616
1,1,1,1,1026,-1442,1036,-317,102,-19,-15,45,55,0,0,0,0,0,0,0,0,0,0,0,0,0,0,0,0,0,0,0,0,0,0,51626
1,1,1,1,1064,-1550,1060,-332,80,-24,-15,44,52,0,0,0,0,0,0,0,0,0,0,0,0,0,0,0,0,0,0,0,0,0,0,51636
1,1,1,1,1062,-1578,1016,-467,100,23,-19,43,49,0,0,0,0,0,0,0,0,0,0,0,0,0,0,0,0,0,0,0,0,0,0,51646
1,1,1,1,1106,-1771,1016,-821,154,77,-20,42,44,0,0,0,0,0,0,0,0,0,0,0,0,0,0,0,0,0,0,0,0,0,0,51656
1,1,1,1,1103,-1789,1052,-1276,194,135,-20,42,41,0,0,0,0,0,0,0,0,0,0,0,0,0,0,0,0,0,0,0,0,0,0,51666
1,1,1,1,1120,-1847,1104,-1748,187,177,-22,43,45,0,0,0,0,0,0,0,0,0,0,0,0,0,0,0,0,0,0,0,0,0,0,51676
1,1,1,1,1185,-1923,1178,-2234,84,164,-20,40,40,0,0,0,0,0,0,0,0,0,0,0,0,0,0,0,0,0,0,0,0,0,0,51686
1,1,1,1,1137,-1621,1189,-2360,-46,119,-18,40,43,0,0,0,0,0,0,0,0,0,0,0,0,0,0,0,0,0,0,0,0,0,0,51696
1,1,1,1,944,-1375,1037,-2069,-96,17,-19,38,48,0,0,0,0,0,0,0,0,0,0,0,0,0,0,0,0,0,0,0,0,0,0,51706
1,1,1,1,887,-1451,934,-1779,-73,-79,-21,36,49,0,0,0,0,0,0,0,0,0,0,0,0,0,0,0,0,0,0,0,0,0,0,51716
1,1,1,1,859,-1632,765,-1657,18,-145,-22,36,44,0,0,0,0,0,0,0,0,0,0,0,0,0,0,0,0,0,0,0,0,0,0,51726
1,1,1,1,879,-1798,726,-1720,193,-283,-27,35,42,0,0,0,0,0,0,0,0,0,0,0,0,0,0,0,0,0,0,0,0,0,0,51736
1,1,1,1,913,-1733,948,-2115,73,-205,-27,37,43,0,0,0,0,0,0,0,0,0,0,0,0,0,0,0,0,0,0,0,0,0,0,51746
1,1,1,1,997,-2001,759,-2494,87,-255,-27,34,41,0,0,0,0,0,0,0,0,0,0,0,0,0,0,0,0,0,0,0,0,0,0,51756
1,1,1,1,991,-1954,656,-2736,97,-259,-29,36,39,0,0,0,0,0,0,0,0,0,0,0,0,0,0,0,0,0,0,0,0,0,0,51766
1,1,1,1,908,-1973,639,-3097,102,-215,-30,32,32,0,0,0,0,0,0,0,0,0,0,0,0,0,0,0,0,0,0,0,0,0,0,51776
1,1,1,1,822,-1934,663,-3535,76,-115,-30,29,28,0,0,0,0,0,0,0,0,0,0,0,0,0,0,0,0,0,0,0,0,0,0,51786
1,1,1,1,858,-1837,649,-3688,-4,-105,-27,33,32,0,0,0,0,0,0,0,0,0,0,0,0,0,0,0,0,0,0,0,0,0,0,51796
1,1,1,1,932,-1717,601,-3297,-63,-201,-29,34,31,0,0,0,0,0,0,0,0,0,0,0,0,0,0,0,0,0,0,0,0,0,0,51806
1,1,1,1,975,-1760,642,-2812,-53,-248,-21,30,33,0,0,0,0,0,0,0,0,0,0,0,0,0,0,0,0,0,0,0,0,0,0,51816
1,1,1,1,985,-1868,530,-2185,-2,-331,-29,32,33,0,0,0,0,0,0,0,0,0,0,0,0,0,0,0,0,0,0,0,0,0,0,51826
1,1,1,1,876,-2077,389,-2627,-30,-253,-32,33,35,0,0,0,0,0,0,0,0,0,0,0,0,0,0,0,0,0,0,0,0,0,0,51836
1,1,1,1,975,-2475,297,-3593,-175,-226,-32,33,34,0,0,0,0,0,0,0,0,0,0,0,0,0,0,0,0,0,0,0,0,0,0,51846
1,1,1,1,1079,-2324,223,-4158,-183,-184,-26,35,32,0,0,0,0,0,0,0,0,0,0,0,0,0,0,0,0,0,0,0,0,0,0,51856
1,1,1,1,1032,-2007,284,-3865,-75,-218,-20,35,30,0,0,0,0,0,0,0,0,0,0,0,0,0,0,0,0,0,0,0,0,0,0,51866
1,1,1,1,1112,-1871,224,-3430,57,-165,-18,35,36,0,0,0,0,0,0,0,0,0,0,0,0,0,0,0,0,0,0,0,0,0,0,51876
1,1,1,1,1128,-2099,300,-2975,94,-179,-15,36,36,0,0,0,0,0,0,0,0,0,0,0,0,0,0,0,0,0,0,0,0,0,0,51886
1,1,1,1,1101,-2167,322,-2548,-3,-266,-15,36,36,0,0,0,0,0,0,0,0,0,0,0,0,0,0,0,0,0,0,0,0,0,0,51896
1,1,1,1,1065,-2274,114,-2187,-161,-255,-25,36,38,0,0,0,0,0,0,0,0,0,0,0,0,0,0,0,0,0,0,0,0,0,0,51906
1,1,1,1,1124,-2360,-62,-2505,-275,-205,-33,35,40,0,0,0,0,0,0,0,0,0,0,0,0,0,0,0,0,0,0,0,0,0,0,51916
1,1,1,1,1193,-2525,-286,-3663,-350,-141,-40,35,42,0,0,0,0,0,0,0,0,0,0,0,0,0,0,0,0,0,0,0,0,0,0,51926
1,1,1,1,1134,-2662,-496,-4592,-401,-97,-24,34,39,0,0,0,0,0,0,0,0,0,0,0,0,0,0,0,0,0,0,0,0,0,0,51936
1,1,1,1,851,-2023,-265,-4217,-260,-69,-26,33,33,0,0,0,0,0,0,0,0,0,0,0,0,0,0,0,0,0,0,0,0,0,0,51946
1,1,1,1,839,-1836,-236,-3664,-93,-42,-22,33,37,0,0,0,0,0,0,0,0,0,0,0,0,0,0,0,0,0,0,0,0,0,0,51956
1,1,1,1,1073,-2052,-317,-3378,-3,-109,-26,33,39,0,0,0,0,0,0,0,0,0,0,0,0,0,0,0,0,0,0,0,0,0,0,51966
1,1,1,1,1253,-2333,-481,-3335,-44,-301,-35,33,39,0,0,0,0,0,0,0,0,0,0,0,0,0,0,0,0,0,0,0,0,0,0,51976
1,1,1,1,1367,-2494,-660,-4267,-273,-418,-52,33,37,0,0,0,0,0,0,0,0,0,0,0,0,0,0,0,0,0,0,0,0,0,0,51986
1,1,1,1,1430,-2660,-948,-6447,-562,-567,-59,33,34,0,0,0,0,0,0,0,0,0,0,0,0,0,0,0,0,0,0,0,0,0,0,51996
1,1,1,1,1385,-2500,-1207,-8584,-775,-673,-51,31,32,0,0,0,0,0,0,0,0,0,0,0,0,0,0,0,0,0,0,0,0,0,0,52006
1,1,1,1,1058,-2078,-1155,-8556,-581,-553,-9,28,22,0,0,0,0,0,0,0,0,0,0,0,0,0,0,0,0,0,0,0,0,0,0,52016
1,1,1,1,359,-1780,-893,-2907,806,84,-13,29,27,0,0,0,0,0,0,0,0,0,0,0,0,0,0,0,0,0,0,0,0,0,0,52036
1,1,1,1,1168,-2145,-1115,-2038,1117,-59,-15,32,27,0,0,0,0,0,0,0,0,0,0,0,0,0,0,0,0,0,0,0,0,0,0,52046
1,1,1,1,1669,-2096,-801,-1988,976,-310,-15,34,29,0,0,0,0,0,0,0,0,0,0,0,0,0,0,0,0,0,0,0,0,0,0,52056
1,1,1,1,1604,-1899,-572,-1877,587,-409,-13,37,9,0,0,0,0,0,0,0,0,0,0,0,0,0,0,0,0,0,0,0,0,0,0,52066
1,1,1,1,1479,-1675,-582,-2126,-93,-189,-28,34,41,0,0,0,0,0,0,0,0,0,0,0,0,0,0,0,0,0,0,0,0,0,0,52076
1,1,1,1,1395,-2315,-1690,-3139,-13,-653,-23,32,18,0,0,0,0,0,0,0,0,0,0,0,0,0,0,0,0,0,0,0,0,0,0,52086
1,1,1,1,1162,-1595,-1455,-3777,-224,-402,-36,34,27,0,0,0,0,0,0,0,0,0,0,0,0,0,0,0,0,0,0,0,0,0,0,52096
1,1,1,1,1252,-2088,-1546,-4478,-481,-342,-25,36,39,0,0,0,0,0,0,0,0,0,0,0,0,0,0,0,0,0,0,0,0,0,0,52106
1,1,1,1,966,-1993,-1299,-3580,-604,-483,-18,33,33,0,0,0,0,0,0,0,0,0,0,0,0,0,0,0,0,0,0,0,0,0,0,52116
1,1,1,1,835,-1824,-1188,-2529,-700,-371,-21,31,32,0,0,0,0,0,0,0,0,0,0,0,0,0,0,0,0,0,0,0,0,0,0,52126
1,1,1,1,851,-1795,-1410,-2478,-771,-320,-20,30,30,0,0,0,0,0,0,0,0,0,0,0,0,0,0,0,0,0,0,0,0,0,0,52136
1,1,1,1,1099,-1628,-1650,-2299,-815,-273,-21,29,34,0,0,0,0,0,0,0,0,0,0,0,0,0,0,0,0,0,0,0,0,0,0,52146
1,1,1,1,1236,-1777,-1990,-2286,-566,-295,-31,25,32,0,0,0,0,0,0,0,0,0,0,0,0,0,0,0,0,0,0,0,0,0,0,52156
1,1,1,1,1236,-1777,-1990,-2816,-205,-247,-18,26,29,0,0,0,0,0,0,0,0,0,0,0,0,0,0,0,0,0,0,0,0,0,0,52166
1,1,1,1,1294,-1620,-2041,-2646,-216,-75,-28,26,31,0,0,0,0,0,0,0,0,0,0,0,0,0,0,0,0,0,0,0,0,0,0,52176
1,1,1,1,1467,-1675,-1781,-2820,-249,-132,-27,24,24,0,0,0,0,0,0,0,0,0,0,0,0,0,0,0,0,0,0,0,0,0,0,52186
1,1,1,1,1138,-1450,-1736,-3087,-290,-111,-29,23,24,0,0,0,0,0,0,0,0,0,0,0,0,0,0,0,0,0,0,0,0,0,0,52196
1,1,1,1,985,-1439,-1872,-3126,-273,-53,-28,23,25,0,0,0,0,0,0,0,0,0,0,0,0,0,0,0,0,0,0,0,0,0,0,52206
1,1,1,1,907,-1426,-1929,-3104,-233,13,-30,23,24,0,0,0,0,0,0,0,0,0,0,0,0,0,0,0,0,0,0,0,0,0,0,52216
1,1,1,1,1029,-1404,-1923,-3344,-242,5,-29,23,25,0,0,0,0,0,0,0,0,0,0,0,0,0,0,0,0,0,0,0,0,0,0,52226
1,1,1,1,1119,-1269,-1914,-3428,-210,-7,-29,23,25,0,0,0,0,0,0,0,0,0,0,0,0,0,0,0,0,0,0,0,0,0,0,52236
1,1,1,1,1141,-1180,-1840,-3394,-130,59,-30,22,23,0,0,0,0,0,0,0,0,0,0,0,0,0,0,0,0,0,0,0,0,0,0,52246
1,1,1,1,1173,-1202,-2004,-3495,-44,154,-28,23,20,0,0,0,0,0,0,0,0,0,0,0,0,0,0,0,0,0,0,0,0,0,0,52256
1,1,1,1,1147,-1224,-2043,-3578,-4,298,-29,22,18,0,0,0,0,0,0,0,0,0,0,0,0,0,0,0,0,0,0,0,0,0,0,52266
1,1,1,1,1065,-1171,-1876,-3825,95,404,-34,22,17,0,0,0,0,0,0,0,0,0,0,0,0,0,0,0,0,0,0,0,0,0,0,52276
1,1,1,1,979,-1081,-1740,-4277,124,486,-19,24,19,0,0,0,0,0,0,0,0,0,0,0,0,0,0,0,0,0,0,0,0,0,0,52286
1,1,1,1,932,-691,-1824,-3634,54,463,-20,25,19,0,0,0,0,0,0,0,0,0,0,0,0,0,0,0,0,0,0,0,0,0,0,52296
1,1,1,1,1020,-686,-1812,-2970,48,393,-21,26,24,0,0,0,0,0,0,0,0,0,0,0,0,0,0,0,0,0,0,0,0,0,0,52306
1,1,1,1,1153,-832,-1836,-2941,53,358,-21,26,24,0,0,0,0,0,0,0,0,0,0,0,0,0,0,0,0,0,0,0,0,0,0,52316
1,1,1,1,1197,-813,-2023,-2804,67,377,-20,26,26,0,0,0,0,0,0,0,0,0,0,0,0,0,0,0,0,0,0,0,0,0,0,52326
1,1,1,1,1195,-864,-2166,-2814,171,422,-24,27,26,0,0,0,0,0,0,0,0,0,0,0,0,0,0,0,0,0,0,0,0,0,0,52336
1,1,1,1,1186,-820,-2294,-3134,264,383,-24,28,27,0,0,0,0,0,0,0,0,0,0,0,0,0,0,0,0,0,0,0,0,0,0,52346
1,1,1,1,1017,-795,-2271,-3537,356,313,-23,29,25,0,0,0,0,0,0,0,0,0,0,0,0,0,0,0,0,0,0,0,0,0,0,52356
1,1,1,1,966,-641,-2134,-3786,416,249,-23,32,26,0,0,0,0,0,0,0,0,0,0,0,0,0,0,0,0,0,0,0,0,0,0,52366
1,1,1,1,936,-475,-1996,-3890,407,226,-19,30,23,0,0,0,0,0,0,0,0,0,0,0,0,0,0,0,0,0,0,0,0,0,0,52376
1,1,1,1,878,-291,-1843,-3534,416,263,-17,30,25,0,0,0,0,0,0,0,0,0,0,0,0,0,0,0,0,0,0,0,0,0,0,52386
1,1,1,1,1095,-130,-1712,-3071,231,168,-18,33,30,0,0,0,0,0,0,0,0,0,0,0,0,0,0,0,0,0,0,0,0,0,0,52396
1,1,1,1,1236,-83,-1918,-2794,18,-1,-18,31,33,0,0,0,0,0,0,0,0,0,0,0,0,0,0,0,0,0,0,0,0,0,0,52406
1,1,1,1,1199,-192,-2249,-2648,66,-69,-18,33,32,0,0,0,0,0,0,0,0,0,0,0,0,0,0,0,0,0,0,0,0,0,0,52416
1,1,1,1,1413,-220,-2280,-2464,-51,-142,-22,32,33,0,0,0,0,0,0,0,0,0,0,0,0,0,0,0,0,0,0,0,0,0,0,52426
1,1,1,1,1460,-308,-2410,-2684,-195,-168,-24,28,32,0,0,0,0,0,0,0,0,0,0,0,0,0,0,0,0,0,0,0,0,0,0,52436
1,1,1,1,1351,-472,-2345,-3136,-341,-105,-25,33,34,0,0,0,0,0,0,0,0,0,0,0,0,0,0,0,0,0,0,0,0,0,0,52446
1,1,1,1,1224,-394,-2261,-3321,-482,-128,-19,30,36,0,0,0,0,0,0,0,0,0,0,0,0,0,0,0,0,0,0,0,0,0,0,52456
1,1,1,1,1112,-12,-2202,-3098,-643,-355,-21,26,35,0,0,0,0,0,0,0,0,0,0,0,0,0,0,0,0,0,0,0,0,0,0,52466
1,1,1,1,928,299,-1901,-3087,-664,-492,-21,25,28,0,0,0,0,0,0,0,0,0,0,0,0,0,0,0,0,0,0,0,0,0,0,52476
1,1,1,1,876,359,-1653,-3058,-506,-515,-5,25,27,0,0,0,0,0,0,0,0,0,0,0,0,0,0,0,0,0,0,0,0,0,0,52486
1,1,1,1,1048,824,-1878,-1717,-293,-471,-10,23,25,0,0,0,0,0,0,0,0,0,0,0,0,0,0,0,0,0,0,0,0,0,0,52496
1,1,1,1,1066,767,-1955,-810,-183,-319,-15,25,26,0,0,0,0,0,0,0,0,0,0,0,0,0,0,0,0,0,0,0,0,0,0,52506
1,1,1,1,1135,425,-2000,-744,-56,-198,-17,24,29,0,0,0,0,0,0,0,0,0,0,0,0,0,0,0,0,0,0,0,0,0,0,52516
1,1,1,1,1083,162,-2087,-904,-19,-251,-14,24,28,0,0,0,0,0,0,0,0,0,0,0,0,0,0,0,0,0,0,0,0,0,0,52526
1,1,1,1,1017,188,-1958,-1069,65,-297,-13,25,28,0,0,0,0,0,0,0,0,0,0,0,0,0,0,0,0,0,0,0,0,0,0,52536
1,1,1,1,1094,379,-1944,-893,181,-310,-11,25,28,0,0,0,0,0,0,0,0,0,0,0,0,0,0,0,0,0,0,0,0,0,0,52546
1,1,1,1,1017,484,-2011,-641,390,-258,-10,24,28,0,0,0,0,0,0,0,0,0,0,0,0,0,0,0,0,0,0,0,0,0,0,52556
1,1,1,1,1017,551,-1975,-479,573,-160,-14,26,27,0,0,0,0,0,0,0,0,0,0,0,0,0,0,0,0,0,0,0,0,0,0,52566
1,1,1,1,1089,410,-1914,-546,657,-21,-10,27,30,0,0,0,0,0,0,0,0,0,0,0,0,0,0,0,0,0,0,0,0,0,0,52576
1,1,1,1,1159,349,-1868,-380,657,55,-15,26,28,0,0,0,0,0,0,0,0,0,0,0,0,0,0,0,0,0,0,0,0,0,0,52586
1,1,1,1,1157,187,-1957,-476,630,68,-16,27,29,0,0,0,0,0,0,0,0,0,0,0,0,0,0,0,0,0,0,0,0,0,0,52596
1,1,1,1,1178,122,-2051,-749,601,46,-18,28,27,0,0,0,0,0,0,0,0,0,0,0,0,0,0,0,0,0,0,0,0,0,0,52606
1,1,1,1,1180,89,-2039,-1013,591,31,-16,27,27,0,0,0,0,0,0,0,0,0,0,0,0,0,0,0,0,0,0,0,0,0,0,52616
1,1,1,1,1170,191,-1980,-1034,648,12,-10,26,26,0,0,0,0,0,0,0,0,0,0,0,0,0,0,0,0,0,0,0,0,0,0,52626
1,1,1,1,1129,387,-1790,-739,741,-83,-10,28,27,0,0,0,0,0,0,0,0,0,0,0,0,0,0,0,0,0,0,0,0,0,0,52636
1,1,1,1,1223,380,-1564,-453,650,-215,-11,28,23,0,0,0,0,0,0,0,0,0,0,0,0,0,0,0,0,0,0,0,0,0,0,52646
1,1,1,1,1241,400,-1438,-483,346,-268,-12,27,24,0,0,0,0,0,0,0,0,0,0,0,0,0,0,0,0,0,0,0,0,0,0,52656
1,1,1,1,1230,594,-1697,-406,208,-157,-10,25,22,0,0,0,0,0,0,0,0,0,0,0,0,0,0,0,0,0,0,0,0,0,0,52666
1,1,1,1,1202,602,-1857,-205,269,-59,-9,25,25,0,0,0,0,0,0,0,0,0,0,0,0,0,0,0,0,0,0,0,0,0,0,52676
1,1,1,1,1186,461,-1935,-134,377,-43,-16,30,28,0,0,0,0,0,0,0,0,0,0,0,0,0,0,0,0,0,0,0,0,0,0,52686
1,1,1,1,1145,340,-1880,-272,364,-88,-15,32,28,0,0,0,0,0,0,0,0,0,0,0,0,0,0,0,0,0,0,0,0,0,0,52696
1,1,1,1,1191,360,-1754,-529,217,-107,-15,31,27,0,0,0,0,0,0,0,0,0,0,0,0,0,0,0,0,0,0,0,0,0,0,52706
1,1,1,1,1209,429,-1787,-547,123,-96,-13,30,30,0,0,0,0,0,0,0,0,0,0,0,0,0,0,0,0,0,0,0,0,0,0,52716
1,1,1,1,1142,544,-1823,-324,171,-103,-11,29,32,0,0,0,0,0,0,0,0,0,0,0,0,0,0,0,0,0,0,0,0,0,0,52726
1,1,1,1,1119,647,-1783,-17,255,-119,-10,32,31,0,0,0,0,0,0,0,0,0,0,0,0,0,0,0,0,0,0,0,0,0,0,52736
1,1,1,1,1159,596,-1772,129,254,-105,-8,31,37,0,0,0,0,0,0,0,0,0,0,0,0,0,0,0,0,0,0,0,0,0,0,52746
1,1,1,1,1185,462,-1861,191,265,-126,-9,32,42,0,0,0,0,0,0,0,0,0,0,0,0,0,0,0,0,0,0,0,0,0,0,52756
1,1,1,1,1236,431,-1834,173,207,-141,-11,35,44,0,0,0,0,0,0,0,0,0,0,0,0,0,0,0,0,0,0,0,0,0,0,52766
1,1,1,1,1260,339,-1826,97,162,-159,-12,33,44,0,0,0,0,0,0,0,0,0,0,0,0,0,0,0,0,0,0,0,0,0,0,52776
1,1,1,1,1230,332,-1876,-117,93,-158,-15,33,43,0,0,0,0,0,0,0,0,0,0,0,0,0,0,0,0,0,0,0,0,0,0,52786
1,1,1,1,1186,420,-1959,-349,-6,-91,-16,32,43,0,0,0,0,0,0,0,0,0,0,0,0,0,0,0,0,0,0,0,0,0,0,52796
1,1,1,1,1202,359,-1946,-704,-137,2,-16,32,41,0,0,0,0,0,0,0,0,0,0,0,0,0,0,0,0,0,0,0,0,0,0,52806
1,1,1,1,1233,346,-1942,-725,-128,-37,-13,31,36,0,0,0,0,0,0,0,0,0,0,0,0,0,0,0,0,0,0,0,0,0,0,52816
1,1,1,1,1171,675,-1718,-452,-122,64,-11,31,41,0,0,0,0,0,0,0,0,0,0,0,0,0,0,0,0,0,0,0,0,0,0,52826
1,1,1,1,1115,684,-1597,-256,-200,113,-10,33,38,0,0,0,0,0,0,0,0,0,0,0,0,0,0,0,0,0,0,0,0,0,0,52836
1,1,1,1,1142,735,-1576,-98,-320,213,-9,34,37,0,0,0,0,0,0,0,0,0,0,0,0,0,0,0,0,0,0,0,0,0,0,52846
1,1,1,1,1091,792,-1504,-59,-539,413,-20,38,74,0,0,0,0,0,0,0,0,0,0,0,0,0,0,0,0,0,0,0,0,0,0,52856
1,1,1,1,994,-287,-2044,-383,-404,-178,-3,40,36,0,0,0,0,0,0,0,0,0,0,0,0,0,0,0,0,0,0,0,0,0,0,52866
1,1,1,1,1587,606,-1941,-30,-304,-17,-20,43,70,0,0,0,0,0,0,0,0,0,0,0,0,0,0,0,0,0,0,0,0,0,0,52876
1,1,1,1,1008,137,-1984,-446,-370,44,-20,38,44,0,0,0,0,0,0,0,0,0,0,0,0,0,0,0,0,0,0,0,0,0,0,52886
1,1,1,1,1204,734,-1988,-801,-491,323,-18,36,47,0,0,0,0,0,0,0,0,0,0,0,0,0,0,0,0,0,0,0,0,0,0,52896
1,1,1,1,979,514,-1982,-913,-436,471,-11,37,55,0,0,0,0,0,0,0,0,0,0,0,0,0,0,0,0,0,0,0,0,0,0,52906
1,1,1,1,1131,175,-2026,-671,-147,121,-11,39,49,0,0,0,0,0,0,0,0,0,0,0,0,0,0,0,0,0,0,0,0,0,0,52916
1,1,1,1,1137,502,-1745,-437,-37,63,-11,41,49,0,0,0,0,0,0,0,0,0,0,0,0,0,0,0,0,0,0,0,0,0,0,52926
1,1,1,1,1084,634,-1623,-411,-99,140,-12,43,55,0,0,0,0,0,0,0,0,0,0,0,0,0,0,0,0,0,0,0,0,0,0,52936
1,1,1,1,1154,483,-1824,-385,-80,129,-14,44,54,0,0,0,0,0,0,0,0,0,0,0,0,0,0,0,0,0,0,0,0,0,0,52946
1,1,1,1,1173,408,-1810,-397,-65,125,-16,44,54,0,0,0,0,0,0,0,0,0,0,0,0,0,0,0,0,0,0,0,0,0,0,52956
1,1,1,1,1148,374,-1859,-581,-78,149,-13,46,51,0,0,0,0,0,0,0,0,0,0,0,0,0,0,0,0,0,0,0,0,0,0,52966
1,1,1,1,1213,228,-1929,-753,-74,136,-9,37,42,0,0,0,0,0,0,0,0,0,0,0,0,0,0,0,0,0,0,0,0,0,0,52976
1,1,1,1,1152,343,-1876,-910,-69,131,-12,41,38,0,0,0,0,0,0,0,0,0,0,0,0,0,0,0,0,0,0,0,0,0,0,52986
1,1,1,1,1052,249,-1940,-935,116,-46,-10,36,49,0,0,0,0,0,0,0,0,0,0,0,0,0,0,0,0,0,0,0,0,0,0,52996
1,1,1,1,1029,298,-2429,-660,751,-422,-6,29,42,0,0,0,0,0,0,0,0,0,0,0,0,0,0,0,0,0,0,0,0,0,0,53006
1,1,1,1,1025,806,-2376,-175,1408,-416,-7,27,25,0,0,0,0,0,0,0,0,0,0,0,0,0,0,0,0,0,0,0,0,0,0,53016
1,1,1,1,1000,1186,-1401,-322,1109,-92,-6,40,27,0,0,0,0,0,0,0,0,0,0,0,0,0,0,0,0,0,0,0,0,0,0,53026
1,1,1,1,1255,891,-550,-633,139,26,-3,42,31,0,0,0,0,0,0,0,0,0,0,0,0,0,0,0,0,0,0,0,0,0,0,53036
1,1,1,1,1361,800,-981,-530,-358,28,-4,36,37,0,0,0,0,0,0,0,0,0,0,0,0,0,0,0,0,0,0,0,0,0,0,53046
1,1,1,1,1168,793,-1692,-214,-194,-41,-4,31,25,0,0,0,0,0,0,0,0,0,0,0,0,0,0,0,0,0,0,0,0,0,0,53056
1,1,1,1,1125,907,-1734,-53,-25,39,-4,32,28,0,0,0,0,0,0,0,0,0,0,0,0,0,0,0,0,0,0,0,0,0,0,53066
1,1,1,1,1165,645,-1503,-124,-43,-9,-3,32,29,0,0,0,0,0,0,0,0,0,0,0,0,0,0,0,0,0,0,0,0,0,0,53076
1,1,1,1,1255,686,-1476,-74,-46,-41,-3,31,33,0,0,0,0,0,0,0,0,0,0,0,0,0,0,0,0,0,0,0,0,0,0,53086
1,1,1,1,1316,707,-1503,224,33,-60,-3,29,32,0,0,0,0,0,0,0,0,0,0,0,0,0,0,0,0,0,0,0,0,0,0,53096
1,1,1,1,1263,799,-1450,487,61,-55,-4,29,30,0,0,0,0,0,0,0,0,0,0,0,0,0,0,0,0,0,0,0,0,0,0,53106
1,1,1,1,1257,760,-1490,605,14,-16,-6,27,33,0,0,0,0,0,0,0,0,0,0,0,0,0,0,0,0,0,0,0,0,0,0,53116
1,1,1,1,1230,520,-1732,615,32,-76,-4,25,38,0,0,0,0,0,0,0,0,0,0,0,0,0,0,0,0,0,0,0,0,0,0,53126
1,1,1,1,1261,449,-1901,751,218,-215,-5,23,26,0,0,0,0,0,0,0,0,0,0,0,0,0,0,0,0,0,0,0,0,0,0,53136
1,1,1,1,1240,674,-1641,846,221,-127,-5,23,25,0,0,0,0,0,0,0,0,0,0,0,0,0,0,0,0,0,0,0,0,0,0,53146
1,1,1,1,1168,540,-1604,845,149,-163,0,21,25,0,0,0,0,0,0,0,0,0,0,0,0,0,0,0,0,0,0,0,0,0,0,53156
1,1,1,1,1234,575,-1616,1214,173,-167,0,18,17,0,0,0,0,0,0,0,0,0,0,0,0,0,0,0,0,0,0,0,0,0,0,53166
1,1,1,1,1172,678,-1572,1502,193,-164,-1,18,18,0,0,0,0,0,0,0,0,0,0,0,0,0,0,0,0,0,0,0,0,0,0,53176
1,1,1,1,1105,632,-1622,1761,214,-140,0,17,16,0,0,0,0,0,0,0,0,0,0,0,0,0,0,0,0,0,0,0,0,0,0,53186
1,1,1,1,1138,531,-1677,2212,298,-87,0,18,17,0,0,0,0,0,0,0,0,0,0,0,0,0,0,0,0,0,0,0,0,0,0,53196
1,1,1,1,1140,486,-1605,2616,333,-8,1,18,12,0,0,0,0,0,0,0,0,0,0,0,0,0,0,0,0,0,0,0,0,0,0,53206
1,1,1,1,1140,296,-1621,2814,287,-11,-4,15,10,0,0,0,0,0,0,0,0,0,0,0,0,0,0,0,0,0,0,0,0,0,0,53216
1,1,1,1,1080,188,-1705,2635,61,-40,-7,12,1,0,0,0,0,0,0,0,0,0,0,0,0,0,0,0,0,0,0,0,0,0,0,53226
1,1,1,1,1069,285,-1813,2316,-194,-1,-7,8,-5,0,0,0,0,0,0,0,0,0,0,0,0,0,0,0,0,0,0,0,0,0,0,53236
1,1,1,1,1103,347,-1859,1944,-456,85,-5,-6,12,0,0,0,0,0,0,0,0,0,0,0,0,0,0,0,0,0,0,0,0,0,0,53246
1,1,1,1,973,131,-2347,2406,-234,37,-4,3,-6,0,0,0,0,0,0,0,0,0,0,0,0,0,0,0,0,0,0,0,0,0,0,53256
1,1,1,1,1236,426,-2042,3178,192,-89,-6,-1,-9,0,0,0,0,0,0,0,0,0,0,0,0,0,0,0,0,0,0,0,0,0,0,53266
1,1,1,1,990,567,-1804,3298,-32,124,-7,-2,-10,0,0,0,0,0,0,0,0,0,0,0,0,0,0,0,0,0,0,0,0,0,0,53276
1,1,1,1,1166,324,-2211,3351,98,120,-11,-3,-5,0,0,0,0,0,0,0,0,0,0,0,0,0,0,0,0,0,0,0,0,0,0,53286
1,1,1,1,1279,111,-2219,3020,138,152,-17,-4,-8,0,0,0,0,0,0,0,0,0,0,0,0,0,0,0,0,0,0,0,0,0,0,53296
1,1,1,1,1375,-185,-2143,2112,-76,124,-23,-4,-2,0,0,0,0,0,0,0,0,0,0,0,0,0,0,0,0,0,0,0,0,0,0,53306
1,1,1,1,1332,-268,-2262,1484,-199,39,-23,-6,-2,0,0,0,0,0,0,0,0,0,0,0,0,0,0,0,0,0,0,0,0,0,0,53316
1,1,1,1,1283,-131,-2189,1407,-208,19,-26,-9,-7,0,0,0,0,0,0,0,0,0,0,0,0,0,0,0,0,0,0,0,0,0,0,53326
1,1,1,1,1219,-27,-2069,1241,-298,-49,-28,-19,-15,0,0,0,0,0,0,0,0,0,0,0,0,0,0,0,0,0,0,0,0,0,0,53336
1,1,1,1,1242,202,-2259,1373,-181,28,-33,-29,-14,0,0,0,0,0,0,0,0,0,0,0,0,0,0,0,0,0,0,0,0,0,0,53346
1,1,1,1,1164,-77,-2042,1774,-95,-42,-29,-30,-18,0,0,0,0,0,0,0,0,0,0,0,0,0,0,0,0,0,0,0,0,0,0,53356
1,1,1,1,1224,20,-1998,2207,-66,-48,-30,-27,-18,0,0,0,0,0,0,0,0,0,0,0,0,0,0,0,0,0,0,0,0,0,0,53366
1,1,1,1,1350,-255,-2171,1527,-175,15,-45,-24,-7,0,0,0,0,0,0,0,0,0,0,0,0,0,0,0,0,0,0,0,0,0,0,53386
1,1,1,1,1313,-481,-2284,783,-262,17,-52,-28,-8,0,0,0,0,0,0,0,0,0,0,0,0,0,0,0,0,0,0,0,0,0,0,53396
1,1,1,1,1303,-372,-2335,185,-327,5,-57,-29,-6,0,0,0,0,0,0,0,0,0,0,0,0,0,0,0,0,0,0,0,0,0,0,53406
1,1,1,1,1195,-194,-2272,-203,-369,1,-57,-30,-9,0,0,0,0,0,0,0,0,0,0,0,0,0,0,0,0,0,0,0,0,0,0,53416
1,1,1,1,1129,-116,-2191,-422,-421,10,-51,-27,-3,0,0,0,0,0,0,0,0,0,0,0,0,0,0,0,0,0,0,0,0,0,0,53426
1,1,1,1,1162,-227,-2048,-172,-398,6,-48,-26,-6,0,0,0,0,0,0,0,0,0,0,0,0,0,0,0,0,0,0,0,0,0,0,53436
1,1,1,1,1199,-138,-2037,167,-346,6,-46,-25,-10,0,0,0,0,0,0,0,0,0,0,0,0,0,0,0,0,0,0,0,0,0,0,53446
1,1,1,1,1151,-129,-2024,367,-339,21,-43,-24,-7,0,0,0,0,0,0,0,0,0,0,0,0,0,0,0,0,0,0,0,0,0,0,53456
1,1,1,1,1191,-231,-2014,590,-282,-4,-44,-23,-9,0,0,0,0,0,0,0,0,0,0,0,0,0,0,0,0,0,0,0,0,0,0,53466
1,1,1,1,1106,-175,-2020,474,-325,31,-47,-24,-8,0,0,0,0,0,0,0,0,0,0,0,0,0,0,0,0,0,0,0,0,0,0,53476
1,1,1,1,1101,-270,-2117,203,-355,39,-48,-24,-3,0,0,0,0,0,0,0,0,0,0,0,0,0,0,0,0,0,0,0,0,0,0,53486
1,1,1,1,1151,-299,-2196,45,-308,26,-47,-22,-3,0,0,0,0,0,0,0,0,0,0,0,0,0,0,0,0,0,0,0,0,0,0,53496
1,1,1,1,1130,-222,-2060,-71,-325,52,-48,-22,-3,0,0,0,0,0,0,0,0,0,0,0,0,0,0,0,0,0,0,0,0,0,0,53506
1,1,1,1,1110,-176,-2066,-133,-329,107,-45,-22,-2,0,0,0,0,0,0,0,0,0,0,0,0,0,0,0,0,0,0,0,0,0,0,53516
1,1,1,1,1128,-264,-2027,-20,-303,106,-45,-22,3,0,0,0,0,0,0,0,0,0,0,0,0,0,0,0,0,0,0,0,0,0,0,53526
1,1,1,1,1100,-284,-2068,93,-264,74,-40,-23,3,0,0,0,0,0,0,0,0,0,0,0,0,0,0,0,0,0,0,0,0,0,0,53536
1,1,1,1,991,-246,-2125,234,-177,26,-39,-21,-3,0,0,0,0,0,0,0,0,0,0,0,0,0,0,0,0,0,0,0,0,0,0,53546
1,1,1,1,1010,-186,-2030,321,-145,43,-37,-21,2,0,0,0,0,0,0,0,0,0,0,0,0,0,0,0,0,0,0,0,0,0,0,53556
1,1,1,1,1023,-230,-2043,307,-144,44,-41,-20,2,0,0,0,0,0,0,0,0,0,0,0,0,0,0,0,0,0,0,0,0,0,0,53566
1,1,1,1,1062,-261,-2103,211,-125,42,-41,-15,3,0,0,0,0,0,0,0,0,0,0,0,0,0,0,0,0,0,0,0,0,0,0,53576
1,1,1,1,1078,-261,-2091,67,-132,50,-40,-18,6,0,0,0,0,0,0,0,0,0,0,0,0,0,0,0,0,0,0,0,0,0,0,53586
1,1,1,1,1096,-280,-2102,-39,-119,43,-37,-18,9,0,0,0,0,0,0,0,0,0,0,0,0,0,0,0,0,0,0,0,0,0,0,53596
1,1,1,1,1102,-312,-2092,4,-87,10,-39,-15,11,0,0,0,0,0,0,0,0,0,0,0,0,0,0,0,0,0,0,0,0,0,0,53606
1,1,1,1,1051,-246,-2044,160,-52,0,-40,-13,10,0,0,0,0,0,0,0,0,0,0,0,0,0,0,0,0,0,0,0,0,0,0,53616
1,1,1,1,1030,-208,-2073,242,-31,0,-39,-15,10,0,0,0,0,0,0,0,0,0,0,0,0,0,0,0,0,0,0,0,0,0,0,53626
1,1,1,1,1042,-220,-2100,279,-1,-6,-37,-15,10,0,0,0,0,0,0,0,0,0,0,0,0,0,0,0,0,0,0,0,0,0,0,53636
1,1,1,1,1063,-202,-2050,371,26,7,-37,-12,9,0,0,0,0,0,0,0,0,0,0,0,0,0,0,0,0,0,0,0,0,0,0,53646
1,1,1,1,1077,-268,-2086,355,43,1,-37,-13,15,0,0,0,0,0,0,0,0,0,0,0,0,0,0,0,0,0,0,0,0,0,0,53656
1,1,1,1,1066,-298,-2154,142,18,3,-41,-8,19,0,0,0,0,0,0,0,0,0,0,0,0,0,0,0,0,0,0,0,0,0,0,53666
1,1,1,1,1060,-323,-2171,-120,-25,13,-39,-10,22,0,0,0,0,0,0,0,0,0,0,0,0,0,0,0,0,0,0,0,0,0,0,53676
1,1,1,1,1075,-318,-2221,-217,-17,18,-37,-8,23,0,0,0,0,0,0,0,0,0,0,0,0,0,0,0,0,0,0,0,0,0,0,53686
1,1,1,1,1068,-340,-2140,-221,-9,37,-34,-7,27,0,0,0,0,0,0,0,0,0,0,0,0,0,0,0,0,0,0,0,0,0,0,53696
1,1,1,1,1091,-313,-2057,-19,9,41,-36,-7,27,0,0,0,0,0,0,0,0,0,0,0,0,0,0,0,0,0,0,0,0,0,0,53706
1,1,1,1,1098,-292,-2101,154,28,3,-36,-6,29,0,0,0,0,0,0,0,0,0,0,0,0,0,0,0,0,0,0,0,0,0,0,53716
1,1,1,1,1079,-255,-2155,207,37,3,-37,-4,30,0,0,0,0,0,0,0,0,0,0,0,0,0,0,0,0,0,0,0,0,0,0,53726
1,1,1,1,1081,-285,-2121,240,46,-10,-36,-3,30,0,0,0,0,0,0,0,0,0,0,0,0,0,0,0,0,0,0,0,0,0,0,53736
1,1,1,1,1073,-264,-2120,159,13,-8,-38,-3,34,0,0,0,0,0,0,0,0,0,0,0,0,0,0,0,0,0,0,0,0,0,0,53746
1,1,1,1,1077,-317,-2227,-13,-2,-19,-40,-3,35,0,0,0,0,0,0,0,0,0,0,0,0,0,0,0,0,0,0,0,0,0,0,53756
1,1,1,1,1083,-329,-2267,-206,-32,-34,-41,-3,33,0,0,0,0,0,0,0,0,0,0,0,0,0,0,0,0,0,0,0,0,0,0,53766
1,1,1,1,1075,-323,-2241,-351,-56,-22,-39,-3,34,0,0,0,0,0,0,0,0,0,0,0,0,0,0,0,0,0,0,0,0,0,0,53776
1,1,1,1,1069,-284,-2196,-373,-77,-14,-39,-2,33,0,0,0,0,0,0,0,0,0,0,0,0,0,0,0,0,0,0,0,0,0,0,53786
1,1,1,1,1088,-251,-2113,-261,-74,-4,-40,-1,36,0,0,0,0,0,0,0,0,0,0,0,0,0,0,0,0,0,0,0,0,0,0,53796
1,1,1,1,1097,-278,-2132,-167,-56,-11,-38,2,36,0,0,0,0,0,0,0,0,0,0,0,0,0,0,0,0,0,0,0,0,0,0,53806
1,1,1,1,1083,-245,-2111,-131,-73,-2,-38,5,44,0,0,0,0,0,0,0,0,0,0,0,0,0,0,0,0,0,0,0,0,0,0,53816
1,1,1,1,1081,-243,-2085,-40,-54,-3,-40,6,47,0,0,0,0,0,0,0,0,0,0,0,0,0,0,0,0,0,0,0,0,0,0,53826
1,1,1,1,1070,-244,-2094,4,-47,-5,-39,6,49,0,0,0,0,0,0,0,0,0,0,0,0,0,0,0,0,0,0,0,0,0,0,53836
1,1,1,1,1062,-305,-2160,-58,-52,-13,-39,7,54,0,0,0,0,0,0,0,0,0,0,0,0,0,0,0,0,0,0,0,0,0,0,53846
1,1,1,1,1038,-292,-2201,-204,-64,-15,-41,7,55,0,0,0,0,0,0,0,0,0,0,0,0,0,0,0,0,0,0,0,0,0,0,53856
1,1,1,1,1029,-271,-2200,-297,-66,-18,-43,7,56,0,0,0,0,0,0,0,0,0,0,0,0,0,0,0,0,0,0,0,0,0,0,53866
1,1,1,1,1022,-246,-2178,-364,-69,-12,-44,8,57,0,0,0,0,0,0,0,0,0,0,0,0,0,0,0,0,0,0,0,0,0,0,53876
1,1,1,1,1030,-236,-2172,-339,-52,-13,-41,8,55,0,0,0,0,0,0,0,0,0,0,0,0,0,0,0,0,0,0,0,0,0,0,53886
1,1,1,1,1048,-196,-2099,-177,-22,-6,-39,10,59,0,0,0,0,0,0,0,0,0,0,0,0,0,0,0,0,0,0,0,0,0,0,53896
1,1,1,1,1058,-213,-2080,-80,-18,0,-39,11,63,0,0,0,0,0,0,0,0,0,0,0,0,0,0,0,0,0,0,0,0,0,0,53906
1,1,1,1,1081,-231,-2142,-62,-16,14,-40,10,66,0,0,0,0,0,0,0,0,0,0,0,0,0,0,0,0,0,0,0,0,0,0,53916
1,1,1,1,1102,-277,-2140,-28,-6,16,-39,13,63,0,0,0,0,0,0,0,0,0,0,0,0,0,0,0,0,0,0,0,0,0,0,53926
1,1,1,1,1092,-259,-2130,-76,-21,35,-42,14,68,0,0,0,0,0,0,0,0,0,0,0,0,0,0,0,0,0,0,0,0,0,0,53936
1,1,1,1,1086,-276,-2172,-208,-48,54,-40,11,66,0,0,0,0,0,0,0,0,0,0,0,0,0,0,0,0,0,0,0,0,0,0,53946
1,1,1,1,1073,-275,-2210,-348,-84,69,-42,10,68,0,0,0,0,0,0,0,0,0,0,0,0,0,0,0,0,0,0,0,0,0,0,53956
1,1,1,1,1052,-268,-2249,-446,-87,63,-43,10,66,0,0,0,0,0,0,0,0,0,0,0,0,0,0,0,0,0,0,0,0,0,0,53966
1,1,1,1,1028,-207,-2209,-484,-98,73,-41,9,64,0,0,0,0,0,0,0,0,0,0,0,0,0,0,0,0,0,0,0,0,0,0,53976
1,1,1,1,1041,-162,-2158,-427,-94,84,-39,10,67,0,0,0,0,0,0,0,0,0,0,0,0,0,0,0,0,0,0,0,0,0,0,53986
1,1,1,1,1077,-168,-2114,-278,-77,86,-39,11,65,0,0,0,0,0,0,0,0,0,0,0,0,0,0,0,0,0,0,0,0,0,0,53996
1,1,1,1,1092,-209,-2123,-193,-76,89,-39,11,64,0,0,0,0,0,0,0,0,0,0,0,0,0,0,0,0,0,0,0,0,0,0,54006
1,1,1,1,1095,-189,-2075,-102,-71,102,-39,10,61,0,0,0,0,0,0,0,0,0,0,0,0,0,0,0,0,0,0,0,0,0,0,54016
1,1,1,1,1095,-173,-2040,-73,-106,137,-39,9,62,0,0,0,0,0,0,0,0,0,0,0,0,0,0,0,0,0,0,0,0,0,0,54026
1,1,1,1,1088,-215,-2156,-151,-123,170,-40,9,65,0,0,0,0,0,0,0,0,0,0,0,0,0,0,0,0,0,0,0,0,0,0,54036
1,1,1,1,1082,-246,-2203,-223,-122,182,-40,9,62,0,0,0,0,0,0,0,0,0,0,0,0,0,0,0,0,0,0,0,0,0,0,54046
1,1,1,1,1066,-227,-2175,-289,-143,196,-42,7,63,0,0,0,0,0,0,0,0,0,0,0,0,0,0,0,0,0,0,0,0,0,0,54056
1,1,1,1,1051,-183,-2212,-346,-164,203,-42,6,63,0,0,0,0,0,0,0,0,0,0,0,0,0,0,0,0,0,0,0,0,0,0,54066
1,1,1,1,1056,-150,-2192,-350,-164,205,-43,7,60,0,0,0,0,0,0,0,0,0,0,0,0,0,0,0,0,0,0,0,0,0,0,54076
1,1,1,1,1069,-112,-2145,-309,-172,211,-41,7,60,0,0,0,0,0,0,0,0,0,0,0,0,0,0,0,0,0,0,0,0,0,0,54086
1,1,1,1,1089,-129,-2077,-140,-160,198,-42,8,59,0,0,0,0,0,0,0,0,0,0,0,0,0,0,0,0,0,0,0,0,0,0,54096
1,1,1,1,1072,-96,-2068,-17,-152,189,-42,8,60,0,0,0,0,0,0,0,0,0,0,0,0,0,0,0,0,0,0,0,0,0,0,54106
1,1,1,1,1051,-118,-2084,26,-145,186,-40,8,60,0,0,0,0,0,0,0,0,0,0,0,0,0,0,0,0,0,0,0,0,0,0,54116
1,1,1,1,1050,-176,-2126,13,-137,166,-41,8,62,0,0,0,0,0,0,0,0,0,0,0,0,0,0,0,0,0,0,0,0,0,0,54126
1,1,1,1,1025,-183,-2144,-29,-125,152,-41,8,61,0,0,0,0,0,0,0,0,0,0,0,0,0,0,0,0,0,0,0,0,0,0,54136
1,1,1,1,998,-149,-2133,-95,-124,142,-43,8,65,0,0,0,0,0,0,0,0,0,0,0,0,0,0,0,0,0,0,0,0,0,0,54146
1,1,1,1,995,-157,-2160,-106,-107,116,-45,7,64,0,0,0,0,0,0,0,0,0,0,0,0,0,0,0,0,0,0,0,0,0,0,54156
1,1,1,1,985,-128,-2158,-115,-99,89,-48,10,65,0,0,0,0,0,0,0,0,0,0,0,0,0,0,0,0,0,0,0,0,0,0,54166
1,1,1,1,992,-129,-2165,-98,-86,73,-48,11,67,0,0,0,0,0,0,0,0,0,0,0,0,0,0,0,0,0,0,0,0,0,0,54176
1,1,1,1,1020,-146,-2114,7,-51,42,-46,10,65,0,0,0,0,0,0,0,0,0,0,0,0,0,0,0,0,0,0,0,0,0,0,54186
1,1,1,1,1014,-130,-2145,35,-54,37,-46,10,67,0,0,0,0,0,0,0,0,0,0,0,0,0,0,0,0,0,0,0,0,0,0,54196
1,1,1,1,1032,-174,-2166,30,-47,34,-44,7,67,0,0,0,0,0,0,0,0,0,0,0,0,0,0,0,0,0,0,0,0,0,0,54206
1,1,1,1,1050,-220,-2155,2,-50,32,-47,11,69,0,0,0,0,0,0,0,0,0,0,0,0,0,0,0,0,0,0,0,0,0,0,54216
1,1,1,1,1034,-218,-2180,-34,-40,28,-47,12,67,0,0,0,0,0,0,0,0,0,0,0,0,0,0,0,0,0,0,0,0,0,0,54226
1,1,1,1,1020,-165,-2113,-20,-29,32,-44,10,66,0,0,0,0,0,0,0,0,0,0,0,0,0,0,0,0,0,0,0,0,0,0,54236
1,1,1,1,1017,-135,-2098,-59,-42,49,-41,7,67,0,0,0,0,0,0,0,0,0,0,0,0,0,0,0,0,0,0,0,0,0,0,54246
1,1,1,1,1012,-153,-2163,-48,-16,34,-42,8,67,0,0,0,0,0,0,0,0,0,0,0,0,0,0,0,0,0,0,0,0,0,0,54256
1,1,1,1,989,-119,-2104,-37,-12,25,-41,8,66,0,0,0,0,0,0,0,0,0,0,0,0,0,0,0,0,0,0,0,0,0,0,54266
1,1,1,1,973,-95,-2105,33,8,15,-40,6,69,0,0,0,0,0,0,0,0,0,0,0,0,0,0,0,0,0,0,0,0,0,0,54276
1,1,1,1,1007,-128,-2079,127,27,-6,-40,6,65,0,0,0,0,0,0,0,0,0,0,0,0,0,0,0,0,0,0,0,0,0,0,54286
1,1,1,1,1013,-119,-2128,170,41,-18,-45,6,66,0,0,0,0,0,0,0,0,0,0,0,0,0,0,0,0,0,0,0,0,0,0,54296
1,1,1,1,1030,-157,-2167,130,40,-16,-46,6,67,0,0,0,0,0,0,0,0,0,0,0,0,0,0,0,0,0,0,0,0,0,0,54306
1,1,1,1,1059,-204,-2161,110,47,-33,-46,6,67,0,0,0,0,0,0,0,0,0,0,0,0,0,0,0,0,0,0,0,0,0,0,54316
1,1,1,1,1051,-211,-2149,76,44,-47,-48,5,67,0,0,0,0,0,0,0,0,0,0,0,0,0,0,0,0,0,0,0,0,0,0,54326
1,1,1,1,1025,-209,-2167,50,47,-62,-47,5,65,0,0,0,0,0,0,0,0,0,0,0,0,0,0,0,0,0,0,0,0,0,0,54336
1,1,1,1,1002,-180,-2148,13,44,-75,-49,3,62,0,0,0,0,0,0,0,0,0,0,0,0,0,0,0,0,0,0,0,0,0,0,54346
1,1,1,1,974,-119,-2158,-101,21,-62,-49,2,65,0,0,0,0,0,0,0,0,0,0,0,0,0,0,0,0,0,0,0,0,0,0,54356
1,1,1,1,984,-109,-2163,-78,49,-74,-50,2,62,0,0,0,0,0,0,0,0,0,0,0,0,0,0,0,0,0,0,0,0,0,0,54366
1,1,1,1,1007,-74,-2098,-6,66,-82,-51,2,62,0,0,0,0,0,0,0,0,0,0,0,0,0,0,0,0,0,0,0,0,0,0,54376
1,1,1,1,1043,-108,-2122,33,78,-90,-51,3,66,0,0,0,0,0,0,0,0,0,0,0,0,0,0,0,0,0,0,0,0,0,0,54386
1,1,1,1,1077,-177,-2110,132,101,-118,-50,4,64,0,0,0,0,0,0,0,0,0,0,0,0,0,0,0,0,0,0,0,0,0,0,54396
1,1,1,1,1056,-168,-2140,156,107,-131,-53,4,65,0,0,0,0,0,0,0,0,0,0,0,0,0,0,0,0,0,0,0,0,0,0,54406
1,1,1,1,1028,-168,-2175,81,92,-125,-53,5,65,0,0,0,0,0,0,0,0,0,0,0,0,0,0,0,0,0,0,0,0,0,0,54416
1,1,1,1,1052,-194,-2152,30,79,-122,-55,5,66,0,0,0,0,0,0,0,0,0,0,0,0,0,0,0,0,0,0,0,0,0,0,54426
1,1,1,1,1050,-165,-2153,8,77,-112,-51,4,66,0,0,0,0,0,0,0,0,0,0,0,0,0,0,0,0,0,0,0,0,0,0,54436
1,1,1,1,1047,-180,-2112,43,81,-115,-51,3,65,0,0,0,0,0,0,0,0,0,0,0,0,0,0,0,0,0,0,0,0,0,0,54446
1,1,1,1,1041,-115,-2107,68,75,-100,-56,2,68,0,0,0,0,0,0,0,0,0,0,0,0,0,0,0,0,0,0,0,0,0,0,54456
1,1,1,1,1060,-159,-2146,90,76,-89,-54,1,68,0,0,0,0,0,0,0,0,0,0,0,0,0,0,0,0,0,0,0,0,0,0,54466
1,1,1,1,1062,-157,-2113,157,90,-99,-59,3,69,0,0,0,0,0,0,0,0,0,0,0,0,0,0,0,0,0,0,0,0,0,0,54476
1,1,1,1,1044,-134,-2145,168,84,-97,-57,-3,67,0,0,0,0,0,0,0,0,0,0,0,0,0,0,0,0,0,0,0,0,0,0,54486
1,1,1,1,1036,-137,-2199,92,67,-89,-62,2,69,0,0,0,0,0,0,0,0,0,0,0,0,0,0,0,0,0,0,0,0,0,0,54496
1,1,1,1,1053,-180,-2184,56,66,-98,-62,2,69,0,0,0,0,0,0,0,0,0,0,0,0,0,0,0,0,0,0,0,0,0,0,54506
1,1,1,1,1044,-176,-2197,-16,57,-93,-64,2,69,0,0,0,0,0,0,0,0,0,0,0,0,0,0,0,0,0,0,0,0,0,0,54516
1,1,1,1,1054,-200,-2183,-45,46,-98,-62,1,68,0,0,0,0,0,0,0,0,0,0,0,0,0,0,0,0,0,0,0,0,0,0,54526
1,1,1,1,1043,-151,-2157,-29,35,-88,-62,-1,67,0,0,0,0,0,0,0,0,0,0,0,0,0,0,0,0,0,0,0,0,0,0,54536
1,1,1,1,1047,-159,-2158,5,36,-73,-63,2,69,0,0,0,0,0,0,0,0,0,0,0,0,0,0,0,0,0,0,0,0,0,0,54546
1,1,1,1,1047,-159,-2158,44,41,-68,-59,-2,69,0,0,0,0,0,0,0,0,0,0,0,0,0,0,0,0,0,0,0,0,0,0,54556
1,1,1,1,1048,-155,-2136,62,46,-56,-60,3,72,0,0,0,0,0,0,0,0,0,0,0,0,0,0,0,0,0,0,0,0,0,0,54566
1,1,1,1,1045,-179,-2143,74,45,-56,-57,2,70,0,0,0,0,0,0,0,0,0,0,0,0,0,0,0,0,0,0,0,0,0,0,54576
1,1,1,1,1047,-196,-2138,92,50,-68,-56,1,69,0,0,0,0,0,0,0,0,0,0,0,0,0,0,0,0,0,0,0,0,0,0,54586
1,1,1,1,1027,-160,-2163,67,54,-61,-57,1,68,0,0,0,0,0,0,0,0,0,0,0,0,0,0,0,0,0,0,0,0,0,0,54596
1,1,1,1,1037,-175,-2155,22,51,-56,-58,2,69,0,0,0,0,0,0,0,0,0,0,0,0,0,0,0,0,0,0,0,0,0,0,54606
1,1,1,1,1044,-168,-2154,-20,48,-53,-58,1,68,0,0,0,0,0,0,0,0,0,0,0,0,0,0,0,0,0,0,0,0,0,0,54616
1,1,1,1,1040,-144,-2150,-43,44,-47,-58,1,68,0,0,0,0,0,0,0,0,0,0,0,0,0,0,0,0,0,0,0,0,0,0,54626
1,1,1,1,1063,-161,-2114,-2,54,-49,-58,1,68,0,0,0,0,0,0,0,0,0,0,0,0,0,0,0,0,0,0,0,0,0,0,54636
1,1,1,1,1079,-165,-2126,16,52,-47,-57,0,68,0,0,0,0,0,0,0,0,0,0,0,0,0,0,0,0,0,0,0,0,0,0,54646
1,1,1,1,1072,-159,-2139,51,62,-40,-56,1,67,0,0,0,0,0,0,0,0,0,0,0,0,0,0,0,0,0,0,0,0,0,0,54656
1,1,1,1,1079,-158,-2142,54,53,-29,-54,0,66,0,0,0,0,0,0,0,0,0,0,0,0,0,0,0,0,0,0,0,0,0,0,54666
1,1,1,1,1067,-153,-2141,5,28,-2,-54,1,65,0,0,0,0,0,0,0,0,0,0,0,0,0,0,0,0,0,0,0,0,0,0,54676
1,1,1,1,1074,-189,-2164,4,31,5,-55,1,65,0,0,0,0,0,0,0,0,0,0,0,0,0,0,0,0,0,0,0,0,0,0,54686
1,1,1,1,1062,-176,-2137,17,28,12,-55,-1,64,0,0,0,0,0,0,0,0,0,0,0,0,0,0,0,0,0,0,0,0,0,0,54696
1,1,1,1,1049,-144,-2107,39,31,19,-57,0,64,0,0,0,0,0,0,0,0,0,0,0,0,0,0,0,0,0,0,0,0,0,0,54706
1,1,1,1,1054,-123,-2116,42,26,20,-56,-2,66,0,0,0,0,0,0,0,0,0,0,0,0,0,0,0,0,0,0,0,0,0,0,54716
1,1,1,1,1056,-120,-2115,64,38,8,-58,-1,65,0,0,0,0,0,0,0,0,0,0,0,0,0,0,0,0,0,0,0,0,0,0,54726
1,1,1,1,1052,-110,-2104,85,45,-1,-55,0,64,0,0,0,0,0,0,0,0,0,0,0,0,0,0,0,0,0,0,0,0,0,0,54736
1,1,1,1,1069,-150,-2093,93,46,-16,-55,-1,63,0,0,0,0,0,0,0,0,0,0,0,0,0,0,0,0,0,0,0,0,0,0,54746
1,1,1,1,1065,-168,-2132,66,49,-27,-55,0,66,0,0,0,0,0,0,0,0,0,0,0,0,0,0,0,0,0,0,0,0,0,0,54756
1,1,1,1,1064,-166,-2122,54,53,-31,-54,-1,63,0,0,0,0,0,0,0,0,0,0,0,0,0,0,0,0,0,0,0,0,0,0,54766
1,1,1,1,1073,-156,-2140,34,49,-24,-58,1,67,0,0,0,0,0,0,0,0,0,0,0,0,0,0,0,0,0,0,0,0,0,0,54776
1,1,1,1,1065,-157,-2150,-8,34,-8,-54,-2,64,0,0,0,0,0,0,0,0,0,0,0,0,0,0,0,0,0,0,0,0,0,0,54786
1,1,1,1,1061,-174,-2137,8,40,-9,-54,2,65,0,0,0,0,0,0,0,0,0,0,0,0,0,0,0,0,0,0,0,0,0,0,54796
1,1,1,1,1054,-150,-2117,43,45,-9,-54,3,68,0,0,0,0,0,0,0,0,0,0,0,0,0,0,0,0,0,0,0,0,0,0,54806
1,1,1,1,1057,-135,-2098,77,48,-2,-52,1,63,0,0,0,0,0,0,0,0,0,0,0,0,0,0,0,0,0,0,0,0,0,0,54816
1,1,1,1,1010,-28,-2109,92,34,89,-53,1,60,0,0,0,0,0,0,0,0,0,0,0,0,0,0,0,0,0,0,0,0,0,0,54826
1,1,1,1,967,-161,-2049,91,-6,36,-52,-4,67,0,0,0,0,0,0,0,0,0,0,0,0,0,0,0,0,0,0,0,0,0,0,54836
1,1,1,1,1191,-394,-2321,162,148,-106,-54,7,69,0,0,0,0,0,0,0,0,0,0,0,0,0,0,0,0,0,0,0,0,0,0,54846
1,1,1,1,1055,-95,-1983,39,17,-16,-53,2,68,0,0,0,0,0,0,0,0,0,0,0,0,0,0,0,0,0,0,0,0,0,0,54856
1,1,1,1,1112,-251,-2207,81,72,-44,-52,1,65,0,0,0,0,0,0,0,0,0,0,0,0,0,0,0,0,0,0,0,0,0,0,54866
1,1,1,1,1106,-220,-2153,-32,33,-23,-49,0,69,0,0,0,0,0,0,0,0,0,0,0,0,0,0,0,0,0,0,0,0,0,0,54876
1,1,1,1,1105,-233,-2182,-23,44,-31,-51,1,71,0,0,0,0,0,0,0,0,0,0,0,0,0,0,0,0,0,0,0,0,0,0,54886
1,1,1,1,1116,-222,-2159,-12,50,-36,-50,1,67,0,0,0,0,0,0,0,0,0,0,0,0,0,0,0,0,0,0,0,0,0,0,54896
1,1,1,1,1101,-175,-2142,-9,27,-21,-51,1,68,0,0,0,0,0,0,0,0,0,0,0,0,0,0,0,0,0,0,0,0,0,0,54906
1,1,1,1,1102,-151,-2153,64,42,-13,-50,1,64,0,0,0,0,0,0,0,0,0,0,0,0,0,0,0,0,0,0,0,0,0,0,54916
1,1,1,1,1116,-164,-2122,53,17,0,-51,1,67,0,0,0,0,0,0,0,0,0,0,0,0,0,0,0,0,0,0,0,0,0,0,54926
1,1,1,1,1104,-152,-2169,12,8,5,-53,1,66,0,0,0,0,0,0,0,0,0,0,0,0,0,0,0,0,0,0,0,0,0,0,54936
1,1,1,1,1080,-130,-2145,7,7,11,-52,2,66,0,0,0,0,0,0,0,0,0,0,0,0,0,0,0,0,0,0,0,0,0,0,54946
1,1,1,1,1079,-168,-2132,6,-6,9,-51,2,67,0,0,0,0,0,0,0,0,0,0,0,0,0,0,0,0,0,0,0,0,0,0,54956
1,1,1,1,1090,-206,-2113,50,-5,-8,-52,2,65,0,0,0,0,0,0,0,0,0,0,0,0,0,0,0,0,0,0,0,0,0,0,54966
1,1,1,1,1079,-181,-2115,51,-7,-9,-51,2,66,0,0,0,0,0,0,0,0,0,0,0,0,0,0,0,0,0,0,0,0,0,0,54976
1,1,1,1,1087,-193,-2150,57,2,-12,-50,1,67,0,0,0,0,0,0,0,0,0,0,0,0,0,0,0,0,0,0,0,0,0,0,54986
1,1,1,1,1088,-190,-2120,81,3,-11,-52,2,65,0,0,0,0,0,0,0,0,0,0,0,0,0,0,0,0,0,0,0,0,0,0,54996
1,1,1,1,1070,-158,-2115,66,-19,3,-51,2,65,0,0,0,0,0,0,0,0,0,0,0,0,0,0,0,0,0,0,0,0,0,0,55006
1,1,1,1,1084,-172,-2149,80,-11,7,-51,3,68,0,0,0,0,0,0,0,0,0,0,0,0,0,0,0,0,0,0,0,0,0,0,55016
1,1,1,1,1085,-177,-2138,77,-12,9,-54,2,67,0,0,0,0,0,0,0,0,0,0,0,0,0,0,0,0,0,0,0,0,0,0,55026
1,1,1,1,1082,-195,-2145,22,-30,9,-52,1,65,0,0,0,0,0,0,0,0,0,0,0,0,0,0,0,0,0,0,0,0,0,0,55036
1,1,1,1,1091,-196,-2144,-8,-22,-1,-50,2,66,0,0,0,0,0,0,0,0,0,0,0,0,0,0,0,0,0,0,0,0,0,0,55056
1,1,1,1,1093,-192,-2151,-6,-21,1,-50,2,65,0,0,0,0,0,0,0,0,0,0,0,0,0,0,0,0,0,0,0,0,0,0,55066
1,1,1,1,1085,-171,-2114,3,-24,9,-50,2,67,0,0,0,0,0,0,0,0,0,0,0,0,0,0,0,0,0,0,0,0,0,0,55076
1,1,1,1,1078,-195,-2103,39,-24,13,-49,0,65,0,0,0,0,0,0,0,0,0,0,0,0,0,0,0,0,0,0,0,0,0,0,55086
1,1,1,1,1074,-194,-2114,83,-6,7,-51,5,62,0,0,0,0,0,0,0,0,0,0,0,0,0,0,0,0,0,0,0,0,0,0,55096
1,1,1,1,1060,-186,-2102,97,-5,9,-47,0,63,0,0,0,0,0,0,0,0,0,0,0,0,0,0,0,0,0,0,0,0,0,0,55106
1,1,1,1,1069,-191,-2085,125,14,10,-52,5,63,0,0,0,0,0,0,0,0,0,0,0,0,0,0,0,0,0,0,0,0,0,0,55116
1,1,1,1,1068,-190,-2092,107,12,11,-52,6,66,0,0,0,0,0,0,0,0,0,0,0,0,0,0,0,0,0,0,0,0,0,0,55126
1,1,1,1,1076,-208,-2112,81,16,3,-53,3,64,0,0,0,0,0,0,0,0,0,0,0,0,0,0,0,0,0,0,0,0,0,0,55136
1,1,1,1,1069,-198,-2116,73,25,-4,-55,6,65,0,0,0,0,0,0,0,0,0,0,0,0,0,0,0,0,0,0,0,0,0,0,55146
1,1,1,1,1075,-200,-2100,46,20,-7,-53,4,63,0,0,0,0,0,0,0,0,0,0,0,0,0,0,0,0,0,0,0,0,0,0,55156
1,1,1,1,1070,-185,-2144,46,32,-9,-53,6,65,0,0,0,0,0,0,0,0,0,0,0,0,0,0,0,0,0,0,0,0,0,0,55166
1,1,1,1,1076,-191,-2108,76,44,-13,-48,2,62,0,0,0,0,0,0,0,0,0,0,0,0,0,0,0,0,0,0,0,0,0,0,55176
1,1,1,1,1074,-182,-2114,124,56,-19,-49,3,63,0,0,0,0,0,0,0,0,0,0,0,0,0,0,0,0,0,0,0,0,0,0,55186
1,1,1,1,1067,-165,-2103,161,60,-20,-50,3,66,0,0,0,0,0,0,0,0,0,0,0,0,0,0,0,0,0,0,0,0,0,0,55196
1,1,1,1,1070,-179,-2096,218,74,-31,-50,3,63,0,0,0,0,0,0,0,0,0,0,0,0,0,0,0,0,0,0,0,0,0,0,55206
1,1,1,1,1064,-182,-2104,228,77,-32,-51,3,65,0,0,0,0,0,0,0,0,0,0,0,0,0,0,0,0,0,0,0,0,0,0,55216
1,1,1,1,1081,-211,-2110,163,45,-25,-52,2,64,0,0,0,0,0,0,0,0,0,0,0,0,0,0,0,0,0,0,0,0,0,0,55226
1,1,1,1,1100,-247,-2170,116,52,-42,-53,3,67,0,0,0,0,0,0,0,0,0,0,0,0,0,0,0,0,0,0,0,0,0,0,55236
1,1,1,1,1087,-210,-2160,45,50,-29,-52,2,66,0,0,0,0,0,0,0,0,0,0,0,0,0,0,0,0,0,0,0,0,0,0,55246
1,1,1,1,1090,-214,-2182,-15,39,-16,-54,3,65,0,0,0,0,0,0,0,0,0,0,0,0,0,0,0,0,0,0,0,0,0,0,55256
1,1,1,1,1097,-220,-2186,-48,26,-10,-52,3,67,0,0,0,0,0,0,0,0,0,0,0,0,0,0,0,0,0,0,0,0,0,0,55266
1,1,1,1,1112,-267,-2148,-18,25,-17,-53,3,65,0,0,0,0,0,0,0,0,0,0,0,0,0,0,0,0,0,0,0,0,0,0,55276
1,1,1,1,1089,-224,-2157,16,31,-12,-54,3,65,0,0,0,0,0,0,0,0,0,0,0,0,0,0,0,0,0,0,0,0,0,0,55286
1,1,1,1,1093,-236,-2128,22,16,-13,-56,3,65,0,0,0,0,0,0,0,0,0,0,0,0,0,0,0,0,0,0,0,0,0,0,55296
1,1,1,1,1091,-210,-2128,-1,5,-6,-56,3,66,0,0,0,0,0,0,0,0,0,0,0,0,0,0,0,0,0,0,0,0,0,0,55306
1,1,1,1,1097,-220,-2133,-8,10,-9,-55,3,67,0,0,0,0,0,0,0,0,0,0,0,0,0,0,0,0,0,0,0,0,0,0,55316
1,1,1,1,1086,-193,-2128,12,8,-14,-53,2,66,0,0,0,0,0,0,0,0,0,0,0,0,0,0,0,0,0,0,0,0,0,0,55326
1,1,1,1,1080,-186,-2122,28,14,-17,-53,2,66,0,0,0,0,0,0,0,0,0,0,0,0,0,0,0,0,0,0,0,0,0,0,55336
1,1,1,1,1086,-191,-2123,40,18,-17,-51,1,67,0,0,0,0,0,0,0,0,0,0,0,0,0,0,0,0,0,0,0,0,0,0,55346
1,1,1,1,1085,-204,-2111,96,27,-27,-51,2,68,0,0,0,0,0,0,0,0,0,0,0,0,0,0,0,0,0,0,0,0,0,0,55356
1,1,1,1,1096,-202,-2107,131,32,-23,-55,2,66,0,0,0,0,0,0,0,0,0,0,0,0,0,0,0,0,0,0,0,0,0,0,55366
1,1,1,1,1108,-213,-2121,74,21,-21,-58,3,68,0,0,0,0,0,0,0,0,0,0,0,0,0,0,0,0,0,0,0,0,0,0,55376
1,1,1,1,1116,-234,-2137,0,12,-17,-57,2,67,0,0,0,0,0,0,0,0,0,0,0,0,0,0,0,0,0,0,0,0,0,0,55386
1,1,1,1,1107,-231,-2124,3,30,-28,-53,1,65,0,0,0,0,0,0,0,0,0,0,0,0,0,0,0,0,0,0,0,0,0,0,55396
1,1,1,1,1096,-222,-2101,29,35,-31,-56,1,67,0,0,0,0,0,0,0,0,0,0,0,0,0,0,0,0,0,0,0,0,0,0,55406
1,1,1,1,1087,-209,-2134,48,41,-34,-54,-1,66,0,0,0,0,0,0,0,0,0,0,0,0,0,0,0,0,0,0,0,0,0,0,55416
1,1,1,1,1089,-205,-2128,72,43,-31,-53,-3,66,0,0,0,0,0,0,0,0,0,0,0,0,0,0,0,0,0,0,0,0,0,0,55426
1,1,1,1,1094,-195,-2125,114,60,-33,-55,0,67,0,0,0,0,0,0,0,0,0,0,0,0,0,0,0,0,0,0,0,0,0,0,55436
1,1,1,1,1101,-204,-2105,127,66,-30,-55,1,66,0,0,0,0,0,0,0,0,0,0,0,0,0,0,0,0,0,0,0,0,0,0,55446
1,1,1,1,1113,-209,-2089,126,57,-24,-55,0,64,0,0,0,0,0,0,0,0,0,0,0,0,0,0,0,0,0,0,0,0,0,0,55456
1,1,1,1,1118,-203,-2091,82,37,-6,-54,-2,64,0,0,0,0,0,0,0,0,0,0,0,0,0,0,0,0,0,0,0,0,0,0,55466
1,1,1,1,1125,-260,-2145,44,51,-13,-56,2,65,0,0,0,0,0,0,0,0,0,0,0,0,0,0,0,0,0,0,0,0,0,0,55476
1,1,1,1,1120,-248,-2125,-7,41,-8,-54,-1,64,0,0,0,0,0,0,0,0,0,0,0,0,0,0,0,0,0,0,0,0,0,0,55486
1,1,1,1,1118,-252,-2151,-41,32,-1,-56,-2,62,0,0,0,0,0,0,0,0,0,0,0,0,0,0,0,0,0,0,0,0,0,0,55496
1,1,1,1,1107,-229,-2138,-41,29,3,-55,-3,62,0,0,0,0,0,0,0,0,0,0,0,0,0,0,0,0,0,0,0,0,0,0,55506
1,1,1,1,1100,-198,-2126,-20,22,10,-55,-4,62,0,0,0,0,0,0,0,0,0,0,0,0,0,0,0,0,0,0,0,0,0,0,55516
1,1,1,1,1113,-196,-2120,-24,15,13,-55,-6,58,0,0,0,0,0,0,0,0,0,0,0,0,0,0,0,0,0,0,0,0,0,0,55526
1,1,1,1,1125,-204,-2103,-18,7,7,-55,-6,57,0,0,0,0,0,0,0,0,0,0,0,0,0,0,0,0,0,0,0,0,0,0,55536
1,1,1,1,1117,-183,-2096,-8,15,-3,-53,-6,57,0,0,0,0,0,0,0,0,0,0,0,0,0,0,0,0,0,0,0,0,0,0,55546
1,1,1,1,1118,-202,-2091,11,24,-14,-53,-6,54,0,0,0,0,0,0,0,0,0,0,0,0,0,0,0,0,0,0,0,0,0,0,55556
1,1,1,1,1111,-198,-2090,24,30,-25,-54,-6,54,0,0,0,0,0,0,0,0,0,0,0,0,0,0,0,0,0,0,0,0,0,0,55566
1,1,1,1,1118,-205,-2089,21,38,-33,-54,-7,57,0,0,0,0,0,0,0,0,0,0,0,0,0,0,0,0,0,0,0,0,0,0,55576
1,1,1,1,1121,-193,-2097,-8,31,-29,-54,-8,57,0,0,0,0,0,0,0,0,0,0,0,0,0,0,0,0,0,0,0,0,0,0,55586
1,1,1,1,1130,-211,-2116,-28,32,-24,-54,-9,55,0,0,0,0,0,0,0,0,0,0,0,0,0,0,0,0,0,0,0,0,0,0,55596
1,1,1,1,1130,-213,-2114,-15,42,-20,-55,-9,53,0,0,0,0,0,0,0,0,0,0,0,0,0,0,0,0,0,0,0,0,0,0,55606
1,1,1,1,1113,-197,-2129,-3,42,-15,-57,-10,55,0,0,0,0,0,0,0,0,0,0,0,0,0,0,0,0,0,0,0,0,0,0,55616
1,1,1,1,1112,-204,-2125,12,49,-17,-54,-9,54,0,0,0,0,0,0,0,0,0,0,0,0,0,0,0,0,0,0,0,0,0,0,55626
1,1,1,1,1114,-201,-2130,16,43,-18,-53,-10,54,0,0,0,0,0,0,0,0,0,0,0,0,0,0,0,0,0,0,0,0,0,0,55636
1,1,1,1,1111,-196,-2123,33,46,-20,-53,-8,54,0,0,0,0,0,0,0,0,0,0,0,0,0,0,0,0,0,0,0,0,0,0,55646
1,1,1,1,1115,-202,-2112,52,38,-16,-52,-9,52,0,0,0,0,0,0,0,0,0,0,0,0,0,0,0,0,0,0,0,0,0,0,55656
1,1,1,1,1125,-247,-2125,47,27,-23,-54,-9,52,0,0,0,0,0,0,0,0,0,0,0,0,0,0,0,0,0,0,0,0,0,0,55666
1,1,1,1,1119,-217,-2115,22,23,-22,-55,-9,50,0,0,0,0,0,0,0,0,0,0,0,0,0,0,0,0,0,0,0,0,0,0,55676
1,1,1,1,1119,-219,-2098,8,14,-9,-54,-9,51,0,0,0,0,0,0,0,0,0,0,0,0,0,0,0,0,0,0,0,0,0,0,55686
1,1,1,1,1123,-214,-2099,15,15,-9,-56,-10,50,0,0,0,0,0,0,0,0,0,0,0,0,0,0,0,0,0,0,0,0,0,0,55696
1,1,1,1,1118,-207,-2092,15,10,-5,-55,-11,49,0,0,0,0,0,0,0,0,0,0,0,0,0,0,0,0,0,0,0,0,0,0,55706
1,1,1,1,1114,-192,-2092,39,11,-7,-52,-12,49,0,0,0,0,0,0,0,0,0,0,0,0,0,0,0,0,0,0,0,0,0,0,55716
1,1,1,1,1109,-170,-2093,45,13,3,-53,-11,49,0,0,0,0,0,0,0,0,0,0,0,0,0,0,0,0,0,0,0,0,0,0,55726
1,1,1,1,1120,-195,-2099,44,14,1,-56,-11,49,0,0,0,0,0,0,0,0,0,0,0,0,0,0,0,0,0,0,0,0,0,0,55736
1,1,1,1,1116,-203,-2086,70,15,-5,-54,-10,52,0,0,0,0,0,0,0,0,0,0,0,0,0,0,0,0,0,0,0,0,0,0,55746
1,1,1,1,1116,-214,-2099,85,31,-14,-55,-9,55,0,0,0,0,0,0,0,0,0,0,0,0,0,0,0,0,0,0,0,0,0,0,55756
1,1,1,1,1116,-214,-2099,64,23,-15,-56,-11,55,0,0,0,0,0,0,0,0,0,0,0,0,0,0,0,0,0,0,0,0,0,0,55766
1,1,1,1,1114,-211,-2113,54,28,-17,-54,-11,53,0,0,0,0,0,0,0,0,0,0,0,0,0,0,0,0,0,0,0,0,0,0,55776
1,1,1,1,1122,-225,-2131,26,16,-24,-52,-11,51,0,0,0,0,0,0,0,0,0,0,0,0,0,0,0,0,0,0,0,0,0,0,55786
1,1,1,1,1120,-221,-2109,48,25,-27,-52,-12,52,0,0,0,0,0,0,0,0,0,0,0,0,0,0,0,0,0,0,0,0,0,0,55796
1,1,1,1,1118,-210,-2101,65,27,-29,-52,-12,51,0,0,0,0,0,0,0,0,0,0,0,0,0,0,0,0,0,0,0,0,0,0,55806
1,1,1,1,1125,-207,-2111,48,16,-27,-53,-11,51,0,0,0,0,0,0,0,0,0,0,0,0,0,0,0,0,0,0,0,0,0,0,55816
1,1,1,1,1133,-220,-2109,27,11,-23,-56,-12,52,0,0,0,0,0,0,0,0,0,0,0,0,0,0,0,0,0,0,0,0,0,0,55826
1,1,1,1,1132,-242,-2103,43,18,-27,-55,-13,49,0,0,0,0,0,0,0,0,0,0,0,0,0,0,0,0,0,0,0,0,0,0,55836
1,1,1,1,1128,-224,-2097,34,16,-21,-55,-13,49,0,0,0,0,0,0,0,0,0,0,0,0,0,0,0,0,0,0,0,0,0,0,55846
1,1,1,1,1115,-213,-2118,16,26,-19,-55,-15,49,0,0,0,0,0,0,0,0,0,0,0,0,0,0,0,0,0,0,0,0,0,0,55856
1,1,1,1,1122,-206,-2116,-2,22,-27,-55,-15,49,0,0,0,0,0,0,0,0,0,0,0,0,0,0,0,0,0,0,0,0,0,0,55866
1,1,1,1,1126,-207,-2125,-28,20,-28,-55,-16,46,0,0,0,0,0,0,0,0,0,0,0,0,0,0,0,0,0,0,0,0,0,0,55876
1,1,1,1,1130,-200,-2108,-35,25,-31,-56,-15,48,0,0,0,0,0,0,0,0,0,0,0,0,0,0,0,0,0,0,0,0,0,0,55886
1,1,1,1,1141,-218,-2098,-32,25,-40,-58,-15,49,0,0,0,0,0,0,0,0,0,0,0,0,0,0,0,0,0,0,0,0,0,0,55896
1,1,1,1,1142,-219,-2100,-22,25,-47,-55,-15,50,0,0,0,0,0,0,0,0,0,0,0,0,0,0,0,0,0,0,0,0,0,0,55906
1,1,1,1,1133,-215,-2091,13,25,-46,-58,-15,48,0,0,0,0,0,0,0,0,0,0,0,0,0,0,0,0,0,0,0,0,0,0,55916
1,1,1,1,1126,-210,-2104,51,34,-45,-57,-15,49,0,0,0,0,0,0,0,0,0,0,0,0,0,0,0,0,0,0,0,0,0,0,55926
1,1,1,1,1128,-227,-2103,69,34,-47,-55,-15,47,0,0,0,0,0,0,0,0,0,0,0,0,0,0,0,0,0,0,0,0,0,0,55936
1,1,1,1,1128,-208,-2102,72,41,-46,-54,-14,48,0,0,0,0,0,0,0,0,0,0,0,0,0,0,0,0,0,0,0,0,0,0,55946
1,1,1,1,1133,-225,-2090,61,39,-46,-55,-13,47,0,0,0,0,0,0,0,0,0,0,0,0,0,0,0,0,0,0,0,0,0,0,55956
1,1,1,1,1137,-217,-2098,35,38,-44,-54,-14,45,0,0,0,0,0,0,0,0,0,0,0,0,0,0,0,0,0,0,0,0,0,0,55966
1,1,1,1,1143,-224,-2089,6,36,-41,-56,-14,48,0,0,0,0,0,0,0,0,0,0,0,0,0,0,0,0,0,0,0,0,0,0,55976
1,1,1,1,1150,-227,-2090,-15,35,-36,-56,-13,46,0,0,0,0,0,0,0,0,0,0,0,0,0,0,0,0,0,0,0,0,0,0,55986
1,1,1,1,1141,-214,-2096,-17,36,-30,-57,-12,48,0,0,0,0,0,0,0,0,0,0,0,0,0,0,0,0,0,0,0,0,0,0,55996
1,1,1,1,1145,-223,-2070,1,47,-25,-54,-17,45,0,0,0,0,0,0,0,0,0,0,0,0,0,0,0,0,0,0,0,0,0,0,56006
1,1,1,1,1137,-200,-2075,19,58,-19,-55,-15,47,0,0,0,0,0,0,0,0,0,0,0,0,0,0,0,0,0,0,0,0,0,0,56016
1,1,1,1,1140,-214,-2066,38,64,-21,-53,-16,49,0,0,0,0,0,0,0,0,0,0,0,0,0,0,0,0,0,0,0,0,0,0,56026
1,1,1,1,1138,-223,-2083,22,59,-24,-55,-16,50,0,0,0,0,0,0,0,0,0,0,0,0,0,0,0,0,0,0,0,0,0,0,56036
1,1,1,1,1137,-231,-2106,22,61,-20,-59,-15,48,0,0,0,0,0,0,0,0,0,0,0,0,0,0,0,0,0,0,0,0,0,0,56046
1,1,1,1,1139,-218,-2093,37,60,-21,-56,-16,48,0,0,0,0,0,0,0,0,0,0,0,0,0,0,0,0,0,0,0,0,0,0,56056
1,1,1,1,1139,-215,-2111,15,39,-20,-55,-16,50,0,0,0,0,0,0,0,0,0,0,0,0,0,0,0,0,0,0,0,0,0,0,56066
1,1,1,1,1141,-238,-2133,0,35,-18,-55,-18,48,0,0,0,0,0,0,0,0,0,0,0,0,0,0,0,0,0,0,0,0,0,0,56076
1,1,1,1,1137,-225,-2122,-1,21,-11,-56,-17,48,0,0,0,0,0,0,0,0,0,0,0,0,0,0,0,0,0,0,0,0,0,0,56086
1,1,1,1,1141,-220,-2141,-11,13,-7,-55,-18,45,0,0,0,0,0,0,0,0,0,0,0,0,0,0,0,0,0,0,0,0,0,0,56096
1,1,1,1,1147,-221,-2125,-9,11,1,-55,-18,48,0,0,0,0,0,0,0,0,0,0,0,0,0,0,0,0,0,0,0,0,0,0,56106
1,1,1,1,1150,-216,-2115,-6,2,10,-56,-17,47,0,0,0,0,0,0,0,0,0,0,0,0,0,0,0,0,0,0,0,0,0,0,56116
1,1,1,1,1157,-230,-2108,-21,-8,9,-57,-17,46,0,0,0,0,0,0,0,0,0,0,0,0,0,0,0,0,0,0,0,0,0,0,56126
1,1,1,1,1156,-219,-2105,-23,-8,7,-55,-17,44,0,0,0,0,0,0,0,0,0,0,0,0,0,0,0,0,0,0,0,0,0,0,56136
1,1,1,1,1156,-199,-2082,-16,-6,9,-55,-17,46,0,0,0,0,0,0,0,0,0,0,0,0,0,0,0,0,0,0,0,0,0,0,56146
1,1,1,1,1157,-198,-2065,-7,-4,5,-55,-16,46,0,0,0,0,0,0,0,0,0,0,0,0,0,0,0,0,0,0,0,0,0,0,56156
1,1,1,1,1146,-189,-2074,-11,5,2,-55,-16,46,0,0,0,0,0,0,0,0,0,0,0,0,0,0,0,0,0,0,0,0,0,0,56166
1,1,1,1,1141,-206,-2080,-22,12,-6,-55,-18,45,0,0,0,0,0,0,0,0,0,0,0,0,0,0,0,0,0,0,0,0,0,0,56176
1,1,1,1,1137,-203,-2079,0,25,-8,-55,-17,43,0,0,0,0,0,0,0,0,0,0,0,0,0,0,0,0,0,0,0,0,0,0,56186
1,1,1,1,1140,-208,-2088,8,17,-7,-57,-16,45,0,0,0,0,0,0,0,0,0,0,0,0,0,0,0,0,0,0,0,0,0,0,56196
1,1,1,1,1140,-212,-2103,9,19,-7,-56,-16,48,0,0,0,0,0,0,0,0,0,0,0,0,0,0,0,0,0,0,0,0,0,0,56206
1,1,1,1,1148,-214,-2102,-2,13,-6,-55,-17,46,0,0,0,0,0,0,0,0,0,0,0,0,0,0,0,0,0,0,0,0,0,0,56216
1,1,1,1,1148,-213,-2103,19,17,-3,-55,-16,46,0,0,0,0,0,0,0,0,0,0,0,0,0,0,0,0,0,0,0,0,0,0,56226
1,1,1,1,1157,-209,-2087,1,5,-1,-56,-16,47,0,0,0,0,0,0,0,0,0,0,0,0,0,0,0,0,0,0,0,0,0,0,56236
1,1,1,1,1156,-210,-2092,-25,-4,1,-55,-16,43,0,0,0,0,0,0,0,0,0,0,0,0,0,0,0,0,0,0,0,0,0,0,56246
1,1,1,1,1142,-177,-2075,-31,0,6,-54,-15,44,0,0,0,0,0,0,0,0,0,0,0,0,0,0,0,0,0,0,0,0,0,0,56256
1,1,1,1,1139,-183,-2062,3,18,3,-55,-15,45,0,0,0,0,0,0,0,0,0,0,0,0,0,0,0,0,0,0,0,0,0,0,56266
1,1,1,1,1140,-180,-2048,28,28,-6,-54,-15,45,0,0,0,0,0,0,0,0,0,0,0,0,0,0,0,0,0,0,0,0,0,0,56276
1,1,1,1,1143,-173,-2037,45,46,-13,-56,-12,46,0,0,0,0,0,0,0,0,0,0,0,0,0,0,0,0,0,0,0,0,0,0,56286
1,1,1,1,1149,-169,-2045,67,61,-22,-55,-14,49,0,0,0,0,0,0,0,0,0,0,0,0,0,0,0,0,0,0,0,0,0,0,56296
1,1,1,1,1150,-182,-2061,65,75,-34,-52,-17,46,0,0,0,0,0,0,0,0,0,0,0,0,0,0,0,0,0,0,0,0,0,0,56306
1,1,1,1,1153,-190,-2072,43,68,-42,-55,-13,49,0,0,0,0,0,0,0,0,0,0,0,0,0,0,0,0,0,0,0,0,0,0,56316
1,1,1,1,1156,-190,-2091,26,72,-43,-56,-16,48,0,0,0,0,0,0,0,0,0,0,0,0,0,0,0,0,0,0,0,0,0,0,56326
1,1,1,1,1161,-190,-2096,21,57,-43,-54,-15,50,0,0,0,0,0,0,0,0,0,0,0,0,0,0,0,0,0,0,0,0,0,0,56336
1,1,1,1,1165,-198,-2108,20,43,-44,-53,-15,48,0,0,0,0,0,0,0,0,0,0,0,0,0,0,0,0,0,0,0,0,0,0,56346
1,1,1,1,1168,-222,-2091,68,47,-46,-54,-16,45,0,0,0,0,0,0,0,0,0,0,0,0,0,0,0,0,0,0,0,0,0,0,56356
1,1,1,1,1154,-199,-2114,84,36,-40,-52,-15,51,0,0,0,0,0,0,0,0,0,0,0,0,0,0,0,0,0,0,0,0,0,0,56366
1,1,1,1,1150,-211,-2130,79,18,-36,-52,-14,50,0,0,0,0,0,0,0,0,0,0,0,0,0,0,0,0,0,0,0,0,0,0,56376
1,1,1,1,1153,-218,-2128,45,-12,-33,-53,-14,50,0,0,0,0,0,0,0,0,0,0,0,0,0,0,0,0,0,0,0,0,0,0,56386
1,1,1,1,1163,-243,-2135,26,-26,-28,-53,-15,48,0,0,0,0,0,0,0,0,0,0,0,0,0,0,0,0,0,0,0,0,0,0,56396
1,1,1,1,1170,-241,-2110,9,-34,-19,-52,-13,48,0,0,0,0,0,0,0,0,0,0,0,0,0,0,0,0,0,0,0,0,0,0,56406
1,1,1,1,1169,-232,-2118,-36,-59,-11,-53,-15,48,0,0,0,0,0,0,0,0,0,0,0,0,0,0,0,0,0,0,0,0,0,0,56416
1,1,1,1,1166,-221,-2116,-57,-69,-4,-55,-14,49,0,0,0,0,0,0,0,0,0,0,0,0,0,0,0,0,0,0,0,0,0,0,56426
1,1,1,1,1165,-196,-2080,2,-54,2,-55,-15,50,0,0,0,0,0,0,0,0,0,0,0,0,0,0,0,0,0,0,0,0,0,0,56436
1,1,1,1,1155,-207,-2089,48,-47,6,-54,-15,51,0,0,0,0,0,0,0,0,0,0,0,0,0,0,0,0,0,0,0,0,0,0,56446
1,1,1,1,1150,-211,-2097,75,-37,4,-53,-14,52,0,0,0,0,0,0,0,0,0,0,0,0,0,0,0,0,0,0,0,0,0,0,56456
1,1,1,1,1153,-221,-2091,96,-31,3,-53,-14,52,0,0,0,0,0,0,0,0,0,0,0,0,0,0,0,0,0,0,0,0,0,0,56466
1,1,1,1,1155,-226,-2091,94,-30,3,-54,-13,51,0,0,0,0,0,0,0,0,0,0,0,0,0,0,0,0,0,0,0,0,0,0,56476
1,1,1,1,1158,-227,-2104,31,-49,9,-54,-13,50,0,0,0,0,0,0,0,0,0,0,0,0,0,0,0,0,0,0,0,0,0,0,56486
1,1,1,1,1155,-226,-2111,-7,-53,14,-53,-14,52,0,0,0,0,0,0,0,0,0,0,0,0,0,0,0,0,0,0,0,0,0,0,56496
1,1,1,1,1156,-234,-2092,-1,-54,13,-55,-15,51,0,0,0,0,0,0,0,0,0,0,0,0,0,0,0,0,0,0,0,0,0,0,56506
1,1,1,1,1157,-226,-2100,10,-55,18,-56,-14,55,0,0,0,0,0,0,0,0,0,0,0,0,0,0,0,0,0,0,0,0,0,0,56516
1,1,1,1,1162,-231,-2106,14,-63,23,-56,-13,55,0,0,0,0,0,0,0,0,0,0,0,0,0,0,0,0,0,0,0,0,0,0,56526
1,1,1,1,1166,-249,-2100,38,-56,28,-57,-13,55,0,0,0,0,0,0,0,0,0,0,0,0,0,0,0,0,0,0,0,0,0,0,56536
1,1,1,1,1156,-219,-2087,38,-63,36,-58,-14,54,0,0,0,0,0,0,0,0,0,0,0,0,0,0,0,0,0,0,0,0,0,0,56546
1,1,1,1,1161,-227,-2083,17,-70,41,-53,-14,53,0,0,0,0,0,0,0,0,0,0,0,0,0,0,0,0,0,0,0,0,0,0,56556
1,1,1,1,1158,-217,-2076,22,-63,41,-53,-14,54,0,0,0,0,0,0,0,0,0,0,0,0,0,0,0,0,0,0,0,0,0,0,56566
1,1,1,1,1151,-205,-2055,41,-60,42,-58,-11,54,0,0,0,0,0,0,0,0,0,0,0,0,0,0,0,0,0,0,0,0,0,0,56576
1,1,1,1,1154,-216,-2057,61,-47,33,-54,-13,55,0,0,0,0,0,0,0,0,0,0,0,0,0,0,0,0,0,0,0,0,0,0,56586
1,1,1,1,1148,-235,-2056,80,-36,25,-59,-12,57,0,0,0,0,0,0,0,0,0,0,0,0,0,0,0,0,0,0,0,0,0,0,56596
1,1,1,1,1148,-229,-2061,72,-32,22,-56,-12,60,0,0,0,0,0,0,0,0,0,0,0,0,0,0,0,0,0,0,0,0,0,0,56606
1,1,1,1,1150,-231,-2075,48,-27,26,-57,-11,62,0,0,0,0,0,0,0,0,0,0,0,0,0,0,0,0,0,0,0,0,0,0,56616
1,1,1,1,1157,-237,-2063,62,-36,21,-58,-12,62,0,0,0,0,0,0,0,0,0,0,0,0,0,0,0,0,0,0,0,0,0,0,56626
1,1,1,1,1161,-252,-2103,46,-45,24,-58,-11,63,0,0,0,0,0,0,0,0,0,0,0,0,0,0,0,0,0,0,0,0,0,0,56636
1,1,1,1,1165,-243,-2111,25,-55,27,-61,-11,64,0,0,0,0,0,0,0,0,0,0,0,0,0,0,0,0,0,0,0,0,0,0,56646
1,1,1,1,1160,-229,-2114,27,-61,38,-63,-11,66,0,0,0,0,0,0,0,0,0,0,0,0,0,0,0,0,0,0,0,0,0,0,56656
1,1,1,1,1156,-261,-2146,0,-70,44,-60,-10,67,0,0,0,0,0,0,0,0,0,0,0,0,0,0,0,0,0,0,0,0,0,0,56666
1,1,1,1,1153,-278,-2138,-28,-87,43,-59,-12,67,0,0,0,0,0,0,0,0,0,0,0,0,0,0,0,0,0,0,0,0,0,0,56676
1,1,1,1,1143,-258,-2120,-19,-85,38,-59,-9,68,0,0,0,0,0,0,0,0,0,0,0,0,0,0,0,0,0,0,0,0,0,0,56686
1,1,1,1,1145,-228,-2090,-13,-84,40,-57,-10,66,0,0,0,0,0,0,0,0,0,0,0,0,0,0,0,0,0,0,0,0,0,0,56696
1,1,1,1,1146,-224,-2080,6,-78,32,-59,-11,67,0,0,0,0,0,0,0,0,0,0,0,0,0,0,0,0,0,0,0,0,0,0,56706
1,1,1,1,1151,-221,-2063,31,-61,24,-59,-11,70,0,0,0,0,0,0,0,0,0,0,0,0,0,0,0,0,0,0,0,0,0,0,56716
1,1,1,1,1152,-196,-2039,101,-32,14,-60,-10,71,0,0,0,0,0,0,0,0,0,0,0,0,0,0,0,0,0,0,0,0,0,0,56726
1,1,1,1,1148,-195,-2044,137,-14,10,-60,-10,72,0,0,0,0,0,0,0,0,0,0,0,0,0,0,0,0,0,0,0,0,0,0,56736
1,1,1,1,1153,-219,-2083,115,-12,5,-61,-11,72,0,0,0,0,0,0,0,0,0,0,0,0,0,0,0,0,0,0,0,0,0,0,56746
1,1,1,1,1150,-226,-2081,71,-17,7,-60,-10,75,0,0,0,0,0,0,0,0,0,0,0,0,0,0,0,0,0,0,0,0,0,0,56756
1,1,1,1,1147,-241,-2109,59,-15,13,-59,-9,76,0,0,0,0,0,0,0,0,0,0,0,0,0,0,0,0,0,0,0,0,0,0,56766
1,1,1,1,1135,-259,-2122,60,-6,20,-58,-9,74,0,0,0,0,0,0,0,0,0,0,0,0,0,0,0,0,0,0,0,0,0,0,56776
1,1,1,1,1131,-264,-2125,61,-15,24,-58,-9,72,0,0,0,0,0,0,0,0,0,0,0,0,0,0,0,0,0,0,0,0,0,0,56786
1,1,1,1,1132,-263,-2143,42,-28,27,-60,-9,73,0,0,0,0,0,0,0,0,0,0,0,0,0,0,0,0,0,0,0,0,0,0,56796
1,1,1,1,1132,-273,-2140,58,-30,31,-59,-10,72,0,0,0,0,0,0,0,0,0,0,0,0,0,0,0,0,0,0,0,0,0,0,56806
1,1,1,1,1127,-263,-2128,90,-28,39,-59,-10,75,0,0,0,0,0,0,0,0,0,0,0,0,0,0,0,0,0,0,0,0,0,0,56816
1,1,1,1,1130,-245,-2111,97,-38,52,-60,-10,76,0,0,0,0,0,0,0,0,0,0,0,0,0,0,0,0,0,0,0,0,0,0,56826
1,1,1,1,1138,-260,-2126,70,-34,56,-59,-10,74,0,0,0,0,0,0,0,0,0,0,0,0,0,0,0,0,0,0,0,0,0,0,56836
1,1,1,1,1131,-257,-2101,55,-26,59,-58,-9,73,0,0,0,0,0,0,0,0,0,0,0,0,0,0,0,0,0,0,0,0,0,0,56846
1,1,1,1,1129,-259,-2074,64,-25,50,-61,-9,77,0,0,0,0,0,0,0,0,0,0,0,0,0,0,0,0,0,0,0,0,0,0,56856
1,1,1,1,1128,-244,-2074,64,-31,45,-60,-9,76,0,0,0,0,0,0,0,0,0,0,0,0,0,0,0,0,0,0,0,0,0,0,56866
1,1,1,1,1136,-268,-2119,20,-31,42,-60,-11,74,0,0,0,0,0,0,0,0,0,0,0,0,0,0,0,0,0,0,0,0,0,0,56876
1,1,1,1,1131,-247,-2099,-5,-35,40,-60,-10,74,0,0,0,0,0,0,0,0,0,0,0,0,0,0,0,0,0,0,0,0,0,0,56886
1,1,1,1,1126,-258,-2100,6,-25,41,-57,-10,64,0,0,0,0,0,0,0,0,0,0,0,0,0,0,0,0,0,0,0,0,0,0,56896
1,1,1,1,1122,-248,-2100,33,-32,41,-58,-13,66,0,0,0,0,0,0,0,0,0,0,0,0,0,0,0,0,0,0,0,0,0,0,56906
1,1,1,1,1134,-262,-2128,15,-41,43,-60,-13,65,0,0,0,0,0,0,0,0,0,0,0,0,0,0,0,0,0,0,0,0,0,0,56916
1,1,1,1,1127,-261,-2146,20,-35,48,-58,-16,66,0,0,0,0,0,0,0,0,0,0,0,0,0,0,0,0,0,0,0,0,0,0,56926
1,1,1,1,1132,-271,-2102,53,-39,48,-59,-17,64,0,0,0,0,0,0,0,0,0,0,0,0,0,0,0,0,0,0,0,0,0,0,56936
1,1,1,1,1138,-282,-2134,28,-57,50,-60,-14,66,0,0,0,0,0,0,0,0,0,0,0,0,0,0,0,0,0,0,0,0,0,0,56946
1,1,1,1,1138,-282,-2134,2,-65,49,-59,-14,64,0,0,0,0,0,0,0,0,0,0,0,0,0,0,0,0,0,0,0,0,0,0,56956
1,1,1,1,1118,-262,-2116,19,-62,55,-58,-14,65,0,0,0,0,0,0,0,0,0,0,0,0,0,0,0,0,0,0,0,0,0,0,56966
1,1,1,1,1111,-239,-2101,14,-66,61,-57,-17,65,0,0,0,0,0,0,0,0,0,0,0,0,0,0,0,0,0,0,0,0,0,0,56976
1,1,1,1,1132,-254,-2096,-13,-68,63,-58,-15,66,0,0,0,0,0,0,0,0,0,0,0,0,0,0,0,0,0,0,0,0,0,0,56986
1,1,1,1,1135,-302,-2112,-12,-58,53,-57,-17,65,0,0,0,0,0,0,0,0,0,0,0,0,0,0,0,0,0,0,0,0,0,0,56996
1,1,1,1,1128,-266,-2104,10,-31,50,-51,-15,65,0,0,0,0,0,0,0,0,0,0,0,0,0,0,0,0,0,0,0,0,0,0,57006
1,1,1,1,1129,-257,-2104,25,-29,54,-58,-20,62,0,0,0,0,0,0,0,0,0,0,0,0,0,0,0,0,0,0,0,0,0,0,57016
1,1,1,1,1137,-275,-2115,34,-29,53,-58,-15,61,0,0,0,0,0,0,0,0,0,0,0,0,0,0,0,0,0,0,0,0,0,0,57026
1,1,1,1,1138,-291,-2156,38,-15,52,-56,-16,60,0,0,0,0,0,0,0,0,0,0,0,0,0,0,0,0,0,0,0,0,0,0,57036
1,1,1,1,1135,-282,-2118,90,1,56,-56,-16,59,0,0,0,0,0,0,0,0,0,0,0,0,0,0,0,0,0,0,0,0,0,0,57046
1,1,1,1,1133,-273,-2119,153,16,61,-54,-14,58,0,0,0,0,0,0,0,0,0,0,0,0,0,0,0,0,0,0,0,0,0,0,57056
1,1,1,1,1114,-294,-2129,297,59,54,-49,-12,54,0,0,0,0,0,0,0,0,0,0,0,0,0,0,0,0,0,0,0,0,0,0,57066
1,1,1,1,1101,-272,-2097,508,120,41,-44,-10,47,0,0,0,0,0,0,0,0,0,0,0,0,0,0,0,0,0,0,0,0,0,0,57076
1,1,1,1,1099,-218,-2051,648,152,52,-43,-7,42,0,0,0,0,0,0,0,0,0,0,0,0,0,0,0,0,0,0,0,0,0,0,57086
1,1,1,1,1117,-190,-1983,730,161,73,-39,-8,36,0,0,0,0,0,0,0,0,0,0,0,0,0,0,0,0,0,0,0,0,0,0,57096
1,1,1,1,1135,-175,-1944,787,182,83,-38,-6,33,0,0,0,0,0,0,0,0,0,0,0,0,0,0,0,0,0,0,0,0,0,0,57106
1,1,1,1,1145,-285,-2075,861,227,26,-35,-6,33,0,0,0,0,0,0,0,0,0,0,0,0,0,0,0,0,0,0,0,0,0,0,57116
1,1,1,1,1156,-315,-1989,991,242,2,-30,-4,29,0,0,0,0,0,0,0,0,0,0,0,0,0,0,0,0,0,0,0,0,0,0,57126
1,1,1,1,1170,-310,-2011,1211,273,-24,-31,-4,24,0,0,0,0,0,0,0,0,0,0,0,0,0,0,0,0,0,0,0,0,0,0,57136
1,1,1,1,1146,-385,-2097,1723,277,0,-22,-1,21,0,0,0,0,0,0,0,0,0,0,0,0,0,0,0,0,0,0,0,0,0,0,57146
1,1,1,1,1123,-482,-2098,2661,318,41,-18,3,17,0,0,0,0,0,0,0,0,0,0,0,0,0,0,0,0,0,0,0,0,0,0,57156
1,1,1,1,1174,-541,-1864,2507,372,40,-15,6,20,0,0,0,0,0,0,0,0,0,0,0,0,0,0,0,0,0,0,0,0,0,0,57166
1,1,1,1,1163,-340,-2089,2521,372,52,12,16,21,0,0,0,0,0,0,0,0,0,0,0,0,0,0,0,0,0,0,0,0,0,0,57176
1,1,1,1,1190,-772,-2037,3759,466,64,-28,20,21,0,0,0,0,0,0,0,0,0,0,0,0,0,0,0,0,0,0,0,0,0,0,57196
1,1,1,1,1171,-1023,-1884,1668,364,-3,-20,14,21,0,0,0,0,0,0,0,0,0,0,0,0,0,0,0,0,0,0,0,0,0,0,57206
1,1,1,1,1244,-393,-1934,2450,444,56,8,18,29,0,0,0,0,0,0,0,0,0,0,0,0,0,0,0,0,0,0,0,0,0,0,57216
1,1,1,1,1086,-642,-2006,4265,602,55,-21,29,33,0,0,0,0,0,0,0,0,0,0,0,0,0,0,0,0,0,0,0,0,0,0,57226
1,1,1,1,1369,-1092,-1593,2288,500,-89,-5,24,30,0,0,0,0,0,0,0,0,0,0,0,0,0,0,0,0,0,0,0,0,0,0,57236
1,1,1,1,1238,-452,-2562,2855,510,-52,-12,24,34,0,0,0,0,0,0,0,0,0,0,0,0,0,0,0,0,0,0,0,0,0,0,57246
1,1,1,1,1263,-1214,-2070,2076,388,-128,-13,23,28,0,0,0,0,0,0,0,0,0,0,0,0,0,0,0,0,0,0,0,0,0,0,57256
1,1,1,1,1216,-945,-2227,1319,316,-39,-14,25,30,0,0,0,0,0,0,0,0,0,0,0,0,0,0,0,0,0,0,0,0,0,0,57266
1,1,1,1,1274,-1091,-2241,675,214,-14,-19,25,30,0,0,0,0,0,0,0,0,0,0,0,0,0,0,0,0,0,0,0,0,0,0,57276
1,1,1,1,1297,-1178,-2183,-39,113,40,-16,25,24,0,0,0,0,0,0,0,0,0,0,0,0,0,0,0,0,0,0,0,0,0,0,57286
1,1,1,1,1265,-1043,-2139,-365,55,88,-13,19,20,0,0,0,0,0,0,0,0,0,0,0,0,0,0,0,0,0,0,0,0,0,0,57296
1,1,1,1,1267,-986,-1950,-563,54,101,-17,18,18,0,0,0,0,0,0,0,0,0,0,0,0,0,0,0,0,0,0,0,0,0,0,57306
1,1,1,1,1287,-915,-1877,-732,76,91,-23,19,21,0,0,0,0,0,0,0,0,0,0,0,0,0,0,0,0,0,0,0,0,0,0,57316
1,1,1,1,1295,-904,-1979,-1141,86,65,-28,21,25,0,0,0,0,0,0,0,0,0,0,0,0,0,0,0,0,0,0,0,0,0,0,57326
1,1,1,1,1305,-867,-2110,-1846,28,65,-19,23,26,0,0,0,0,0,0,0,0,0,0,0,0,0,0,0,0,0,0,0,0,0,0,57336
1,1,1,1,1204,-985,-2109,-1818,-4,45,-19,25,25,0,0,0,0,0,0,0,0,0,0,0,0,0,0,0,0,0,0,0,0,0,0,57346
1,1,1,1,1265,-1210,-1832,-1419,-17,48,-15,17,20,0,0,0,0,0,0,0,0,0,0,0,0,0,0,0,0,0,0,0,0,0,0,57356
1,1,1,1,1252,-908,-2267,-832,-8,104,-23,18,12,0,0,0,0,0,0,0,0,0,0,0,0,0,0,0,0,0,0,0,0,0,0,57366
1,1,1,1,1243,-1033,-2279,-964,-114,165,-22,15,0,0,0,0,0,0,0,0,0,0,0,0,0,0,0,0,0,0,0,0,0,0,0,57376
1,1,1,1,1268,-1015,-2134,-1537,-210,203,-20,16,-4,0,0,0,0,0,0,0,0,0,0,0,0,0,0,0,0,0,0,0,0,0,0,57386
1,1,1,1,1241,-830,-1979,-1599,-210,216,-17,15,-2,0,0,0,0,0,0,0,0,0,0,0,0,0,0,0,0,0,0,0,0,0,0,57396
1,1,1,1,1250,-701,-1934,-1544,-154,201,-17,18,-5,0,0,0,0,0,0,0,0,0,0,0,0,0,0,0,0,0,0,0,0,0,0,57406
1,1,1,1,1250,-513,-1912,-1441,-152,172,-22,18,2,0,0,0,0,0,0,0,0,0,0,0,0,0,0,0,0,0,0,0,0,0,0,57416
1,1,1,1,1203,-617,-2091,-1801,-169,126,-18,23,7,0,0,0,0,0,0,0,0,0,0,0,0,0,0,0,0,0,0,0,0,0,0,57426
1,1,1,1,1211,-557,-2082,-1813,-182,79,-5,25,13,0,0,0,0,0,0,0,0,0,0,0,0,0,0,0,0,0,0,0,0,0,0,57436
1,1,1,1,1272,-664,-1868,-777,-138,99,1,24,9,0,0,0,0,0,0,0,0,0,0,0,0,0,0,0,0,0,0,0,0,0,0,57446
1,1,1,1,1228,-808,-1986,292,-72,174,-9,25,10,0,0,0,0,0,0,0,0,0,0,0,0,0,0,0,0,0,0,0,0,0,0,57456
1,1,1,1,1273,-770,-2133,471,-88,203,-8,24,8,0,0,0,0,0,0,0,0,0,0,0,0,0,0,0,0,0,0,0,0,0,0,57466
1,1,1,1,1156,-570,-2220,91,-155,210,-7,26,16,0,0,0,0,0,0,0,0,0,0,0,0,0,0,0,0,0,0,0,0,0,0,57476
1,1,1,1,1158,-618,-2012,190,-164,194,-10,28,15,0,0,0,0,0,0,0,0,0,0,0,0,0,0,0,0,0,0,0,0,0,0,57486
1,1,1,1,1199,-712,-1984,92,-127,180,-11,25,14,0,0,0,0,0,0,0,0,0,0,0,0,0,0,0,0,0,0,0,0,0,0,57496
1,1,1,1,1196,-614,-2151,-327,-147,138,-9,28,15,0,0,0,0,0,0,0,0,0,0,0,0,0,0,0,0,0,0,0,0,0,0,57506
1,1,1,1,1084,-472,-2219,-551,-166,50,-6,32,20,0,0,0,0,0,0,0,0,0,0,0,0,0,0,0,0,0,0,0,0,0,0,57516
1,1,1,1,1169,-555,-1982,-487,-220,33,0,33,22,0,0,0,0,0,0,0,0,0,0,0,0,0,0,0,0,0,0,0,0,0,0,57526
1,1,1,1,1291,-855,-1857,117,-140,56,0,36,23,0,0,0,0,0,0,0,0,0,0,0,0,0,0,0,0,0,0,0,0,0,0,57536
1,1,1,1,1536,-622,-2161,1275,-349,23,19,29,27,0,0,0,0,0,0,0,0,0,0,0,0,0,0,0,0,0,0,0,0,0,0,57546
1,1,1,1,1361,24,-3079,3199,-502,-195,-2,24,24,0,0,0,0,0,0,0,0,0,0,0,0,0,0,0,0,0,0,0,0,0,0,57556
1,1,1,1,792,-1040,-1737,2670,-307,-80,-9,25,19,0,0,0,0,0,0,0,0,0,0,0,0,0,0,0,0,0,0,0,0,0,0,57566
1,1,1,1,1083,-741,-1971,2277,-456,29,8,24,25,0,0,0,0,0,0,0,0,0,0,0,0,0,0,0,0,0,0,0,0,0,0,57576
1,1,1,1,898,-264,-2337,3152,-474,-103,-1,21,27,0,0,0,0,0,0,0,0,0,0,0,0,0,0,0,0,0,0,0,0,0,0,57586
1,1,1,1,809,-401,-2354,3252,-546,-145,-4,21,30,0,0,0,0,0,0,0,0,0,0,0,0,0,0,0,0,0,0,0,0,0,0,57596
1,1,1,1,785,-787,-2272,3016,-561,-172,-5,23,30,0,0,0,0,0,0,0,0,0,0,0,0,0,0,0,0,0,0,0,0,0,0,57606
1,1,1,1,977,-1122,-1785,2666,-754,-199,-8,23,28,0,0,0,0,0,0,0,0,0,0,0,0,0,0,0,0,0,0,0,0,0,0,57616
1,1,1,1,1298,-1373,-1500,2476,-652,-120,-11,21,30,0,0,0,0,0,0,0,0,0,0,0,0,0,0,0,0,0,0,0,0,0,0,57626
1,1,1,1,1582,-1576,-1617,2028,-477,34,-15,22,31,0,0,0,0,0,0,0,0,0,0,0,0,0,0,0,0,0,0,0,0,0,0,57636
1,1,1,1,1547,-1577,-1834,1683,-339,199,-13,22,32,0,0,0,0,0,0,0,0,0,0,0,0,0,0,0,0,0,0,0,0,0,0,57646
1,1,1,1,1347,-1274,-2148,1756,-274,298,-6,21,32,0,0,0,0,0,0,0,0,0,0,0,0,0,0,0,0,0,0,0,0,0,0,57656
1,1,1,1,1234,-1068,-2198,2211,-260,327,-9,20,29,0,0,0,0,0,0,0,0,0,0,0,0,0,0,0,0,0,0,0,0,0,0,57666
1,1,1,1,1030,-1203,-1929,2223,-203,336,-13,20,27,0,0,0,0,0,0,0,0,0,0,0,0,0,0,0,0,0,0,0,0,0,0,57676
1,1,1,1,848,-1224,-1763,1756,-151,282,-11,19,25,0,0,0,0,0,0,0,0,0,0,0,0,0,0,0,0,0,0,0,0,0,0,57686
1,1,1,1,804,-1096,-1704,1253,-71,156,-5,19,20,0,0,0,0,0,0,0,0,0,0,0,0,0,0,0,0,0,0,0,0,0,0,57696
1,1,1,1,1128,-994,-1810,1501,-48,124,-1,19,22,0,0,0,0,0,0,0,0,0,0,0,0,0,0,0,0,0,0,0,0,0,0,57706
1,1,1,1,1362,-1043,-1753,2041,-33,75,-9,18,21,0,0,0,0,0,0,0,0,0,0,0,0,0,0,0,0,0,0,0,0,0,0,57716
1,1,1,1,1380,-1364,-1567,2015,115,1,-7,18,20,0,0,0,0,0,0,0,0,0,0,0,0,0,0,0,0,0,0,0,0,0,0,57726
1,1,1,1,1234,-1435,-1682,1981,261,-67,-3,17,19,0,0,0,0,0,0,0,0,0,0,0,0,0,0,0,0,0,0,0,0,0,0,57736
1,1,1,1,1119,-1452,-1801,2143,408,-206,1,16,18,0,0,0,0,0,0,0,0,0,0,0,0,0,0,0,0,0,0,0,0,0,0,57746
1,1,1,1,1142,-1556,-1639,2311,561,-346,1,23,-3,0,0,0,0,0,0,0,0,0,0,0,0,0,0,0,0,0,0,0,0,0,0,57756
1,1,1,1,1229,-1432,-1348,2270,307,-234,6,19,15,0,0,0,0,0,0,0,0,0,0,0,0,0,0,0,0,0,0,0,0,0,0,57766
1,1,1,1,882,-1463,-1883,1940,380,-124,3,22,11,0,0,0,0,0,0,0,0,0,0,0,0,0,0,0,0,0,0,0,0,0,0,57776
1,1,1,1,1148,-1562,-1547,2209,397,-215,4,25,14,0,0,0,0,0,0,0,0,0,0,0,0,0,0,0,0,0,0,0,0,0,0,57786
1,1,1,1,1110,-1535,-1545,1919,442,-224,2,25,11,0,0,0,0,0,0,0,0,0,0,0,0,0,0,0,0,0,0,0,0,0,0,57796
1,1,1,1,1148,-1471,-1612,1848,466,-290,1,26,12,0,0,0,0,0,0,0,0,0,0,0,0,0,0,0,0,0,0,0,0,0,0,57806
1,1,1,1,1127,-1455,-1614,1690,454,-327,12,26,13,0,0,0,0,0,0,0,0,0,0,0,0,0,0,0,0,0,0,0,0,0,0,57816
1,1,1,1,1191,-1526,-1418,2233,500,-374,14,26,12,0,0,0,0,0,0,0,0,0,0,0,0,0,0,0,0,0,0,0,0,0,0,57826
1,1,1,1,1112,-1568,-1311,2843,529,-281,14,23,6,0,0,0,0,0,0,0,0,0,0,0,0,0,0,0,0,0,0,0,0,0,0,57836
1,1,1,1,1026,-1786,-1455,3566,663,-95,13,28,18,0,0,0,0,0,0,0,0,0,0,0,0,0,0,0,0,0,0,0,0,0,0,57846
1,1,1,1,1214,-2183,-1316,4099,496,-146,8,22,12,0,0,0,0,0,0,0,0,0,0,0,0,0,0,0,0,0,0,0,0,0,0,57856
1,1,1,1,1099,-1959,-1471,4273,445,-37,2,18,11,0,0,0,0,0,0,0,0,0,0,0,0,0,0,0,0,0,0,0,0,0,0,57866
1,1,1,1,1194,-2143,-1490,3915,372,6,-4,13,15,0,0,0,0,0,0,0,0,0,0,0,0,0,0,0,0,0,0,0,0,0,0,57876
1,1,1,1,1098,-2025,-1650,3440,362,26,-3,18,17,0,0,0,0,0,0,0,0,0,0,0,0,0,0,0,0,0,0,0,0,0,0,57886
1,1,1,1,1006,-2100,-1498,3154,252,40,-4,12,7,0,0,0,0,0,0,0,0,0,0,0,0,0,0,0,0,0,0,0,0,0,0,57896
1,1,1,1,1145,-2136,-1532,2584,247,104,-4,14,7,0,0,0,0,0,0,0,0,0,0,0,0,0,0,0,0,0,0,0,0,0,0,57906
1,1,1,1,1212,-2196,-1175,2254,211,141,4,16,2,0,0,0,0,0,0,0,0,0,0,0,0,0,0,0,0,0,0,0,0,0,0,57916
1,1,1,1,1194,-2025,-949,2181,117,181,10,16,4,0,0,0,0,0,0,0,0,0,0,0,0,0,0,0,0,0,0,0,0,0,0,57926
1,1,1,1,1364,-1827,-909,2688,210,146,5,17,3,0,0,0,0,0,0,0,0,0,0,0,0,0,0,0,0,0,0,0,0,0,0,57936
1,1,1,1,1387,-1925,-884,2787,151,145,7,16,5,0,0,0,0,0,0,0,0,0,0,0,0,0,0,0,0,0,0,0,0,0,0,57946
1,1,1,1,1186,-1918,-881,3151,235,46,11,17,2,0,0,0,0,0,0,0,0,0,0,0,0,0,0,0,0,0,0,0,0,0,0,57956
1,1,1,1,1277,-1719,-659,3796,253,26,7,15,3,0,0,0,0,0,0,0,0,0,0,0,0,0,0,0,0,0,0,0,0,0,0,57966
1,1,1,1,1333,-1924,-883,3853,264,-19,2,17,8,0,0,0,0,0,0,0,0,0,0,0,0,0,0,0,0,0,0,0,0,0,0,57976
1,1,1,1,1344,-2192,-965,3427,244,-59,-4,18,10,0,0,0,0,0,0,0,0,0,0,0,0,0,0,0,0,0,0,0,0,0,0,57986
1,1,1,1,1305,-2365,-951,2502,223,-42,-7,19,13,0,0,0,0,0,0,0,0,0,0,0,0,0,0,0,0,0,0,0,0,0,0,57996
1,1,1,1,1236,-2409,-847,1685,174,13,-4,21,16,0,0,0,0,0,0,0,0,0,0,0,0,0,0,0,0,0,0,0,0,0,0,58006
1,1,1,1,1258,-2271,-625,1574,176,15,0,20,15,0,0,0,0,0,0,0,0,0,0,0,0,0,0,0,0,0,0,0,0,0,0,58016
1,1,1,1,1168,-2029,-359,1711,115,28,0,17,16,0,0,0,0,0,0,0,0,0,0,0,0,0,0,0,0,0,0,0,0,0,0,58026
1,1,1,1,1135,-1936,-631,2124,139,3,-4,18,19,0,0,0,0,0,0,0,0,0,0,0,0,0,0,0,0,0,0,0,0,0,0,58036
1,1,1,1,1121,-1977,-556,2197,124,-34,1,17,18,0,0,0,0,0,0,0,0,0,0,0,0,0,0,0,0,0,0,0,0,0,0,58046
1,1,1,1,1029,-1964,-549,2557,142,-124,-2,16,19,0,0,0,0,0,0,0,0,0,0,0,0,0,0,0,0,0,0,0,0,0,0,58056
1,1,1,1,1152,-2034,-585,2618,140,-147,-2,14,13,0,0,0,0,0,0,0,0,0,0,0,0,0,0,0,0,0,0,0,0,0,0,58066
1,1,1,1,1271,-2209,-529,2342,130,-168,-5,14,8,0,0,0,0,0,0,0,0,0,0,0,0,0,0,0,0,0,0,0,0,0,0,58076
1,1,1,1,1277,-2167,-266,2030,64,-148,-4,14,12,0,0,0,0,0,0,0,0,0,0,0,0,0,0,0,0,0,0,0,0,0,0,58086
1,1,1,1,1325,-2215,-370,1864,73,-148,-4,13,8,0,0,0,0,0,0,0,0,0,0,0,0,0,0,0,0,0,0,0,0,0,0,58096
1,1,1,1,1322,-2195,-274,1621,21,-138,-3,11,2,0,0,0,0,0,0,0,0,0,0,0,0,0,0,0,0,0,0,0,0,0,0,58106
1,1,1,1,1228,-2108,-354,1559,27,-158,0,13,6,0,0,0,0,0,0,0,0,0,0,0,0,0,0,0,0,0,0,0,0,0,0,58116
1,1,1,1,1232,-1822,-201,2064,34,-198,17,10,8,0,0,0,0,0,0,0,0,0,0,0,0,0,0,0,0,0,0,0,0,0,0,58126
1,1,1,1,1186,-1594,-66,3279,10,-340,1,15,5,0,0,0,0,0,0,0,0,0,0,0,0,0,0,0,0,0,0,0,0,0,0,58136
1,1,1,1,1234,-2212,-218,3022,-123,-433,3,17,12,0,0,0,0,0,0,0,0,0,0,0,0,0,0,0,0,0,0,0,0,0,0,58146
1,1,1,1,1298,-2374,-19,2828,-156,-476,5,13,13,0,0,0,0,0,0,0,0,0,0,0,0,0,0,0,0,0,0,0,0,0,0,58156
1,1,1,1,1249,-2344,227,2670,-261,-483,1,16,15,0,0,0,0,0,0,0,0,0,0,0,0,0,0,0,0,0,0,0,0,0,0,58166
1,1,1,1,1311,-2258,101,2162,-328,-417,-3,16,14,0,0,0,0,0,0,0,0,0,0,0,0,0,0,0,0,0,0,0,0,0,0,58176
1,1,1,1,1281,-2030,19,1779,-263,-234,3,15,10,0,0,0,0,0,0,0,0,0,0,0,0,0,0,0,0,0,0,0,0,0,0,58186
1,1,1,1,1246,-1995,20,1699,-94,-3,-1,17,10,0,0,0,0,0,0,0,0,0,0,0,0,0,0,0,0,0,0,0,0,0,0,58196
1,1,1,1,1233,-1966,-64,1329,84,252,-2,17,9,0,0,0,0,0,0,0,0,0,0,0,0,0,0,0,0,0,0,0,0,0,0,58206
1,1,1,1,1303,-1934,4,1372,196,305,13,17,18,0,0,0,0,0,0,0,0,0,0,0,0,0,0,0,0,0,0,0,0,0,0,58216
1,1,1,1,1146,-1861,112,2511,299,40,4,17,19,0,0,0,0,0,0,0,0,0,0,0,0,0,0,0,0,0,0,0,0,0,0,58226
1,1,1,1,826,-2181,-3,2512,343,-168,4,18,20,0,0,0,0,0,0,0,0,0,0,0,0,0,0,0,0,0,0,0,0,0,0,58236
1,1,1,1,1028,-2107,278,2674,321,-456,9,18,19,0,0,0,0,0,0,0,0,0,0,0,0,0,0,0,0,0,0,0,0,0,0,58246
1,1,1,1,1218,-2040,207,3065,238,-668,9,20,19,0,0,0,0,0,0,0,0,0,0,0,0,0,0,0,0,0,0,0,0,0,0,58256
1,1,1,1,1353,-1944,395,3455,177,-886,10,20,18,0,0,0,0,0,0,0,0,0,0,0,0,0,0,0,0,0,0,0,0,0,0,58266
1,1,1,1,1435,-1967,601,3346,54,-787,4,16,-12,0,0,0,0,0,0,0,0,0,0,0,0,0,0,0,0,0,0,0,0,0,0,58276
1,1,1,1,1583,-1347,919,2703,-194,-65,8,20,19,0,0,0,0,0,0,0,0,0,0,0,0,0,0,0,0,0,0,0,0,0,0,58286
1,1,1,1,1358,-2285,466,2459,-110,-285,1,21,18,0,0,0,0,0,0,0,0,0,0,0,0,0,0,0,0,0,0,0,0,0,0,58296
1,1,1,1,1355,-2183,579,2294,-156,-282,4,22,16,0,0,0,0,0,0,0,0,0,0,0,0,0,0,0,0,0,0,0,0,0,0,58306
1,1,1,1,1415,-1721,628,2137,-216,-190,1,22,13,0,0,0,0,0,0,0,0,0,0,0,0,0,0,0,0,0,0,0,0,0,0,58316
1,1,1,1,1367,-1690,549,2007,-215,-41,-1,22,17,0,0,0,0,0,0,0,0,0,0,0,0,0,0,0,0,0,0,0,0,0,0,58326
1,1,1,1,1374,-1698,512,1825,-159,39,1,21,17,0,0,0,0,0,0,0,0,0,0,0,0,0,0,0,0,0,0,0,0,0,0,58336
1,1,1,1,1335,-1694,442,1874,1,-5,5,19,17,0,0,0,0,0,0,0,0,0,0,0,0,0,0,0,0,0,0,0,0,0,0,58346
1,1,1,1,1283,-1505,484,2194,193,-95,19,21,21,0,0,0,0,0,0,0,0,0,0,0,0,0,0,0,0,0,0,0,0,0,0,58356
1,1,1,1,1352,-1156,590,2965,272,-212,3,22,16,0,0,0,0,0,0,0,0,0,0,0,0,0,0,0,0,0,0,0,0,0,0,58366
1,1,1,1,1424,-1413,734,3539,184,-195,-5,20,10,0,0,0,0,0,0,0,0,0,0,0,0,0,0,0,0,0,0,0,0,0,0,58376
1,1,1,1,1371,-1491,1002,2194,215,364,3,23,11,0,0,0,0,0,0,0,0,0,0,0,0,0,0,0,0,0,0,0,0,0,0,58386
1,1,1,1,1408,-1152,829,1940,86,592,1,23,14,0,0,0,0,0,0,0,0,0,0,0,0,0,0,0,0,0,0,0,0,0,0,58396
1,1,1,1,1441,-1347,912,2262,-156,579,1,25,18,0,0,0,0,0,0,0,0,0,0,0,0,0,0,0,0,0,0,0,0,0,0,58406
1,1,1,1,1447,-1647,1022,2249,-388,438,-1,23,15,0,0,0,0,0,0,0,0,0,0,0,0,0,0,0,0,0,0,0,0,0,0,58416
1,1,1,1,1477,-1836,1006,1908,-568,296,-2,22,17,0,0,0,0,0,0,0,0,0,0,0,0,0,0,0,0,0,0,0,0,0,0,58426
1,1,1,1,1410,-1710,939,1717,-674,159,-5,24,16,0,0,0,0,0,0,0,0,0,0,0,0,0,0,0,0,0,0,0,0,0,0,58436
1,1,1,1,1326,-1599,835,1613,-665,79,-3,21,14,0,0,0,0,0,0,0,0,0,0,0,0,0,0,0,0,0,0,0,0,0,0,58446
1,1,1,1,1272,-1432,758,1532,-539,109,-8,24,17,0,0,0,0,0,0,0,0,0,0,0,0,0,0,0,0,0,0,0,0,0,0,58456
1,1,1,1,1227,-1242,674,1455,-355,269,0,19,15,0,0,0,0,0,0,0,0,0,0,0,0,0,0,0,0,0,0,0,0,0,0,58466
1,1,1,1,1140,-1044,611,1665,-153,416,0,19,13,0,0,0,0,0,0,0,0,0,0,0,0,0,0,0,0,0,0,0,0,0,0,58476
1,1,1,1,1157,-1217,606,1796,13,444,-1,19,15,0,0,0,0,0,0,0,0,0,0,0,0,0,0,0,0,0,0,0,0,0,0,58486
1,1,1,1,1290,-1614,622,1746,144,246,2,18,19,0,0,0,0,0,0,0,0,0,0,0,0,0,0,0,0,0,0,0,0,0,0,58496
1,1,1,1,1300,-1648,755,1927,156,-50,3,21,21,0,0,0,0,0,0,0,0,0,0,0,0,0,0,0,0,0,0,0,0,0,0,58506
1,1,1,1,1319,-1497,917,2038,52,-234,-1,20,20,0,0,0,0,0,0,0,0,0,0,0,0,0,0,0,0,0,0,0,0,0,0,58516
1,1,1,1,1378,-1439,933,1952,-25,-290,-2,20,19,0,0,0,0,0,0,0,0,0,0,0,0,0,0,0,0,0,0,0,0,0,0,58526
1,1,1,1,1350,-1404,935,1769,-69,-310,-4,19,20,0,0,0,0,0,0,0,0,0,0,0,0,0,0,0,0,0,0,0,0,0,0,58536
1,1,1,1,1319,-1426,909,1481,-57,-299,-3,18,18,0,0,0,0,0,0,0,0,0,0,0,0,0,0,0,0,0,0,0,0,0,0,58546
1,1,1,1,1305,-1374,912,1250,-13,-319,-1,18,16,0,0,0,0,0,0,0,0,0,0,0,0,0,0,0,0,0,0,0,0,0,0,58556
1,1,1,1,1292,-1150,841,1343,100,-364,-1,19,17,0,0,0,0,0,0,0,0,0,0,0,0,0,0,0,0,0,0,0,0,0,0,58566
1,1,1,1,1279,-1037,839,1550,166,-400,0,18,15,0,0,0,0,0,0,0,0,0,0,0,0,0,0,0,0,0,0,0,0,0,0,58576
1,1,1,1,1382,-1041,943,1595,173,-389,0,20,15,0,0,0,0,0,0,0,0,0,0,0,0,0,0,0,0,0,0,0,0,0,0,58586
1,1,1,1,1434,-978,1087,1574,110,-315,0,20,14,0,0,0,0,0,0,0,0,0,0,0,0,0,0,0,0,0,0,0,0,0,0,58596
1,1,1,1,1493,-928,1206,1480,-16,-188,-2,21,14,0,0,0,0,0,0,0,0,0,0,0,0,0,0,0,0,0,0,0,0,0,0,58606
1,1,1,1,1491,-846,1247,1433,-184,-70,-3,20,13,0,0,0,0,0,0,0,0,0,0,0,0,0,0,0,0,0,0,0,0,0,0,58616
1,1,1,1,1463,-846,1237,1348,-292,42,-3,21,12,0,0,0,0,0,0,0,0,0,0,0,0,0,0,0,0,0,0,0,0,0,0,58626
1,1,1,1,1427,-910,1234,1183,-344,137,-3,20,14,0,0,0,0,0,0,0,0,0,0,0,0,0,0,0,0,0,0,0,0,0,0,58636
1,1,1,1,1335,-916,1210,1114,-375,164,-5,20,16,0,0,0,0,0,0,0,0,0,0,0,0,0,0,0,0,0,0,0,0,0,0,58646
1,1,1,1,1317,-1002,1137,1042,-355,136,-6,19,15,0,0,0,0,0,0,0,0,0,0,0,0,0,0,0,0,0,0,0,0,0,0,58656
1,1,1,1,1326,-1037,1135,904,-302,113,-7,19,17,0,0,0,0,0,0,0,0,0,0,0,0,0,0,0,0,0,0,0,0,0,0,58666
1,1,1,1,1299,-978,1128,825,-279,109,-9,19,13,0,0,0,0,0,0,0,0,0,0,0,0,0,0,0,0,0,0,0,0,0,0,58676
1,1,1,1,1347,-969,1084,681,-232,139,-9,19,18,0,0,0,0,0,0,0,0,0,0,0,0,0,0,0,0,0,0,0,0,0,0,58686
1,1,1,1,1322,-916,1100,590,-205,176,-9,19,21,0,0,0,0,0,0,0,0,0,0,0,0,0,0,0,0,0,0,0,0,0,0,58696
1,1,1,1,1465,-873,1053,668,-167,75,-11,18,21,0,0,0,0,0,0,0,0,0,0,0,0,0,0,0,0,0,0,0,0,0,0,58736
1,1,1,1,1449,-852,1086,590,-197,118,-13,19,19,0,0,0,0,0,0,0,0,0,0,0,0,0,0,0,0,0,0,0,0,0,0,58746
1,1,1,1,1474,-795,1109,477,-232,214,-13,17,21,0,0,0,0,0,0,0,0,0,0,0,0,0,0,0,0,0,0,0,0,0,0,58756
1,1,1,1,1443,-1009,982,541,-165,104,-14,22,31,0,0,0,0,0,0,0,0,0,0,0,0,0,0,0,0,0,0,0,0,0,0,58766
1,1,1,1,1319,-970,1018,599,-139,-22,-13,20,26,0,0,0,0,0,0,0,0,0,0,0,0,0,0,0,0,0,0,0,0,0,0,58776
1,1,1,1,1425,-830,1105,410,-126,96,-15,23,28,0,0,0,0,0,0,0,0,0,0,0,0,0,0,0,0,0,0,0,0,0,0,58786
1,1,1,1,1387,-947,1136,324,-109,89,-14,22,28,0,0,0,0,0,0,0,0,0,0,0,0,0,0,0,0,0,0,0,0,0,0,58796
1,1,1,1,1329,-852,1097,288,-93,92,-13,23,28,0,0,0,0,0,0,0,0,0,0,0,0,0,0,0,0,0,0,0,0,0,0,58806
1,1,1,1,1342,-798,1070,297,-64,95,-13,23,30,0,0,0,0,0,0,0,0,0,0,0,0,0,0,0,0,0,0,0,0,0,0,58816
1,1,1,1,1385,-774,1087,306,-38,97,-12,23,30,0,0,0,0,0,0,0,0,0,0,0,0,0,0,0,0,0,0,0,0,0,0,58826
1,1,1,1,1375,-814,1118,318,-34,74,-14,24,33,0,0,0,0,0,0,0,0,0,0,0,0,0,0,0,0,0,0,0,0,0,0,58836
1,1,1,1,1361,-817,1104,341,-54,19,-14,24,37,0,0,0,0,0,0,0,0,0,0,0,0,0,0,0,0,0,0,0,0,0,0,58846
1,1,1,1,1377,-737,1060,391,-47,14,-13,25,35,0,0,0,0,0,0,0,0,0,0,0,0,0,0,0,0,0,0,0,0,0,0,58856
1,1,1,1,1390,-774,1038,414,-33,15,-13,24,37,0,0,0,0,0,0,0,0,0,0,0,0,0,0,0,0,0,0,0,0,0,0,58866
1,1,1,1,1399,-811,1074,321,7,42,-13,25,34,0,0,0,0,0,0,0,0,0,0,0,0,0,0,0,0,0,0,0,0,0,0,58876
1,1,1,1,1401,-833,1122,233,35,56,-13,24,35,0,0,0,0,0,0,0,0,0,0,0,0,0,0,0,0,0,0,0,0,0,0,58886
1,1,1,1,1419,-861,1154,108,40,61,-16,25,32,0,0,0,0,0,0,0,0,0,0,0,0,0,0,0,0,0,0,0,0,0,0,58896
1,1,1,1,1421,-859,1162,-78,65,88,-15,25,35,0,0,0,0,0,0,0,0,0,0,0,0,0,0,0,0,0,0,0,0,0,0,58906
1,1,1,1,1386,-856,1181,-170,68,79,-16,24,34,0,0,0,0,0,0,0,0,0,0,0,0,0,0,0,0,0,0,0,0,0,0,58916
1,1,1,1,1333,-779,1122,-99,33,33,-16,25,38,0,0,0,0,0,0,0,0,0,0,0,0,0,0,0,0,0,0,0,0,0,0,58926
1,1,1,1,1356,-721,1069,-8,31,22,-17,24,38,0,0,0,0,0,0,0,0,0,0,0,0,0,0,0,0,0,0,0,0,0,0,58936
1,1,1,1,1421,-743,1077,14,35,57,-16,25,38,0,0,0,0,0,0,0,0,0,0,0,0,0,0,0,0,0,0,0,0,0,0,58946
1,1,1,1,1460,-801,1104,38,26,62,-15,24,39,0,0,0,0,0,0,0,0,0,0,0,0,0,0,0,0,0,0,0,0,0,0,58956
1,1,1,1,1453,-822,1123,91,9,33,-14,24,38,0,0,0,0,0,0,0,0,0,0,0,0,0,0,0,0,0,0,0,0,0,0,58966
1,1,1,1,1452,-806,1114,208,-13,-31,-14,25,36,0,0,0,0,0,0,0,0,0,0,0,0,0,0,0,0,0,0,0,0,0,0,58976
1,1,1,1,1489,-840,1143,230,-28,-52,-17,24,36,0,0,0,0,0,0,0,0,0,0,0,0,0,0,0,0,0,0,0,0,0,0,58986
1,1,1,1,1473,-811,1122,128,-6,-13,-16,25,37,0,0,0,0,0,0,0,0,0,0,0,0,0,0,0,0,0,0,0,0,0,0,58996
1,1,1,1,1459,-761,1116,100,15,54,-16,25,35,0,0,0,0,0,0,0,0,0,0,0,0,0,0,0,0,0,0,0,0,0,0,59006
1,1,1,1,1467,-870,1142,101,-1,49,-17,27,38,0,0,0,0,0,0,0,0,0,0,0,0,0,0,0,0,0,0,0,0,0,0,59016
1,1,1,1,1454,-893,1138,119,-8,0,-18,25,38,0,0,0,0,0,0,0,0,0,0,0,0,0,0,0,0,0,0,0,0,0,0,59026
1,1,1,1,1466,-754,1137,138,-34,3,-15,23,38,0,0,0,0,0,0,0,0,0,0,0,0,0,0,0,0,0,0,0,0,0,0,59036
1,1,1,1,1513,-736,1126,163,-35,44,-19,25,38,0,0,0,0,0,0,0,0,0,0,0,0,0,0,0,0,0,0,0,0,0,0,59046
1,1,1,1,1516,-734,1195,181,-77,73,-20,25,44,0,0,0,0,0,0,0,0,0,0,0,0,0,0,0,0,0,0,0,0,0,0,59056
1,1,1,1,1455,-828,1024,205,-43,16,-21,24,44,0,0,0,0,0,0,0,0,0,0,0,0,0,0,0,0,0,0,0,0,0,0,59066
1,1,1,1,1370,-772,987,193,47,-17,-20,23,46,0,0,0,0,0,0,0,0,0,0,0,0,0,0,0,0,0,0,0,0,0,0,59076
1,1,1,1,1449,-752,1110,178,34,3,-20,26,48,0,0,0,0,0,0,0,0,0,0,0,0,0,0,0,0,0,0,0,0,0,0,59086
1,1,1,1,1440,-812,1133,142,15,13,-17,24,47,0,0,0,0,0,0,0,0,0,0,0,0,0,0,0,0,0,0,0,0,0,0,59096
1,1,1,1,1380,-796,1111,148,-8,18,-18,24,52,0,0,0,0,0,0,0,0,0,0,0,0,0,0,0,0,0,0,0,0,0,0,59106
1,1,1,1,1371,-805,1107,165,-12,19,-18,23,52,0,0,0,0,0,0,0,0,0,0,0,0,0,0,0,0,0,0,0,0,0,0,59116
1,1,1,1,1378,-795,1122,137,-23,47,-22,25,56,0,0,0,0,0,0,0,0,0,0,0,0,0,0,0,0,0,0,0,0,0,0,59126
1,1,1,1,1356,-798,1091,109,-35,66,-23,25,59,0,0,0,0,0,0,0,0,0,0,0,0,0,0,0,0,0,0,0,0,0,0,59136
1,1,1,1,1317,-795,1075,128,-43,54,-26,26,58,0,0,0,0,0,0,0,0,0,0,0,0,0,0,0,0,0,0,0,0,0,0,59146
1,1,1,1,1341,-766,1084,126,-52,46,-25,26,61,0,0,0,0,0,0,0,0,0,0,0,0,0,0,0,0,0,0,0,0,0,0,59156
1,1,1,1,1375,-734,1072,139,-55,42,-22,26,63,0,0,0,0,0,0,0,0,0,0,0,0,0,0,0,0,0,0,0,0,0,0,59166
1,1,1,1,1396,-646,1047,236,-82,38,-23,27,61,0,0,0,0,0,0,0,0,0,0,0,0,0,0,0,0,0,0,0,0,0,0,59176
1,1,1,1,1412,-720,1045,280,-93,46,-23,26,61,0,0,0,0,0,0,0,0,0,0,0,0,0,0,0,0,0,0,0,0,0,0,59186
1,1,1,1,1411,-736,1094,219,-91,73,-23,27,61,0,0,0,0,0,0,0,0,0,0,0,0,0,0,0,0,0,0,0,0,0,0,59196
1,1,1,1,1411,-706,1086,152,-109,125,-27,27,65,0,0,0,0,0,0,0,0,0,0,0,0,0,0,0,0,0,0,0,0,0,0,59206
1,1,1,1,1429,-759,1103,82,-105,158,-29,28,65,0,0,0,0,0,0,0,0,0,0,0,0,0,0,0,0,0,0,0,0,0,0,59216
1,1,1,1,1426,-781,1133,2,-120,178,-28,27,67,0,0,0,0,0,0,0,0,0,0,0,0,0,0,0,0,0,0,0,0,0,0,59226
1,1,1,1,1417,-860,1077,-41,-111,139,-28,26,69,0,0,0,0,0,0,0,0,0,0,0,0,0,0,0,0,0,0,0,0,0,0,59236
1,1,1,1,1376,-750,1057,38,-125,96,-29,27,69,0,0,0,0,0,0,0,0,0,0,0,0,0,0,0,0,0,0,0,0,0,0,59246
1,1,1,1,1445,-710,1034,68,-123,128,-27,26,70,0,0,0,0,0,0,0,0,0,0,0,0,0,0,0,0,0,0,0,0,0,0,59256
1,1,1,1,1498,-724,1045,117,-128,143,-29,27,69,0,0,0,0,0,0,0,0,0,0,0,0,0,0,0,0,0,0,0,0,0,0,59266
1,1,1,1,1467,-728,1021,197,-142,121,-27,27,70,0,0,0,0,0,0,0,0,0,0,0,0,0,0,0,0,0,0,0,0,0,0,59276
1,1,1,1,1488,-785,1033,176,-141,143,-27,26,71,0,0,0,0,0,0,0,0,0,0,0,0,0,0,0,0,0,0,0,0,0,0,59286
1,1,1,1,1474,-839,1078,121,-139,135,-28,26,72,0,0,0,0,0,0,0,0,0,0,0,0,0,0,0,0,0,0,0,0,0,0,59296
1,1,1,1,1445,-794,1076,112,-141,109,-31,28,72,0,0,0,0,0,0,0,0,0,0,0,0,0,0,0,0,0,0,0,0,0,0,59306
1,1,1,1,1439,-810,1092,50,-127,120,-30,25,71,0,0,0,0,0,0,0,0,0,0,0,0,0,0,0,0,0,0,0,0,0,0,59316
1,1,1,1,1392,-810,1129,-10,-124,115,-30,26,73,0,0,0,0,0,0,0,0,0,0,0,0,0,0,0,0,0,0,0,0,0,0,59326
1,1,1,1,1399,-753,1137,14,-148,122,-29,25,76,0,0,0,0,0,0,0,0,0,0,0,0,0,0,0,0,0,0,0,0,0,0,59336
1,1,1,1,1359,-710,1087,160,-183,111,-34,27,79,0,0,0,0,0,0,0,0,0,0,0,0,0,0,0,0,0,0,0,0,0,0,59346
1,1,1,1,1368,-766,1071,232,-194,113,-35,26,80,0,0,0,0,0,0,0,0,0,0,0,0,0,0,0,0,0,0,0,0,0,0,59356
1,1,1,1,1377,-789,1082,192,-202,119,-37,26,85,0,0,0,0,0,0,0,0,0,0,0,0,0,0,0,0,0,0,0,0,0,0,59366
1,1,1,1,1417,-770,1035,148,-173,115,-39,25,87,0,0,0,0,0,0,0,0,0,0,0,0,0,0,0,0,0,0,0,0,0,0,59376
1,1,1,1,1474,-720,1030,120,-152,105,-41,27,88,0,0,0,0,0,0,0,0,0,0,0,0,0,0,0,0,0,0,0,0,0,0,59386
1,1,1,1,1503,-739,1063,70,-128,88,-37,24,84,0,0,0,0,0,0,0,0,0,0,0,0,0,0,0,0,0,0,0,0,0,0,59396
1,1,1,1,1494,-722,1086,47,-136,75,-36,25,86,0,0,0,0,0,0,0,0,0,0,0,0,0,0,0,0,0,0,0,0,0,0,59406
1,1,1,1,1451,-718,1071,57,-131,66,-37,25,87,0,0,0,0,0,0,0,0,0,0,0,0,0,0,0,0,0,0,0,0,0,0,59416
1,1,1,1,1429,-765,1095,44,-130,66,-36,25,88,0,0,0,0,0,0,0,0,0,0,0,0,0,0,0,0,0,0,0,0,0,0,59426
1,1,1,1,1418,-741,1119,57,-158,72,-38,25,90,0,0,0,0,0,0,0,0,0,0,0,0,0,0,0,0,0,0,0,0,0,0,59436
1,1,1,1,1393,-781,1066,77,-153,64,-43,25,92,0,0,0,0,0,0,0,0,0,0,0,0,0,0,0,0,0,0,0,0,0,0,59446
1,1,1,1,1426,-794,1058,47,-132,60,-44,25,92,0,0,0,0,0,0,0,0,0,0,0,0,0,0,0,0,0,0,0,0,0,0,59456
1,1,1,1,1485,-752,1051,24,-118,62,-47,25,92,0,0,0,0,0,0,0,0,0,0,0,0,0,0,0,0,0,0,0,0,0,0,59466
1,1,1,1,1502,-734,1026,3,-96,62,-46,25,93,0,0,0,0,0,0,0,0,0,0,0,0,0,0,0,0,0,0,0,0,0,0,59476
1,1,1,1,1511,-758,1042,-57,-73,66,-44,25,90,0,0,0,0,0,0,0,0,0,0,0,0,0,0,0,0,0,0,0,0,0,0,59486
1,1,1,1,1486,-743,1061,-73,-64,64,-44,26,92,0,0,0,0,0,0,0,0,0,0,0,0,0,0,0,0,0,0,0,0,0,0,59496
1,1,1,1,1442,-725,1028,-14,-58,57,-44,25,92,0,0,0,0,0,0,0,0,0,0,0,0,0,0,0,0,0,0,0,0,0,0,59506
1,1,1,1,1457,-766,1061,-17,-70,63,-42,24,93,0,0,0,0,0,0,0,0,0,0,0,0,0,0,0,0,0,0,0,0,0,0,59516
1,1,1,1,1427,-801,1058,-17,-78,54,-45,24,93,0,0,0,0,0,0,0,0,0,0,0,0,0,0,0,0,0,0,0,0,0,0,59526
1,1,1,1,1436,-780,1044,-25,-80,58,-45,25,92,0,0,0,0,0,0,0,0,0,0,0,0,0,0,0,0,0,0,0,0,0,0,59536
1,1,1,1,1447,-785,1068,-13,-97,43,-47,24,93,0,0,0,0,0,0,0,0,0,0,0,0,0,0,0,0,0,0,0,0,0,0,59546
1,1,1,1,1448,-759,1002,-12,-76,36,-46,24,95,0,0,0,0,0,0,0,0,0,0,0,0,0,0,0,0,0,0,0,0,0,0,59556
1,1,1,1,1484,-704,1009,41,-83,37,-47,23,96,0,0,0,0,0,0,0,0,0,0,0,0,0,0,0,0,0,0,0,0,0,0,59566
1,1,1,1,1478,-724,1002,69,-79,32,-45,24,93,0,0,0,0,0,0,0,0,0,0,0,0,0,0,0,0,0,0,0,0,0,0,59576
1,1,1,1,1467,-782,1037,50,-77,29,-45,23,92,0,0,0,0,0,0,0,0,0,0,0,0,0,0,0,0,0,0,0,0,0,0,59586
1,1,1,1,1454,-772,1046,33,-88,32,-46,23,92,0,0,0,0,0,0,0,0,0,0,0,0,0,0,0,0,0,0,0,0,0,0,59596
1,1,1,1,1456,-757,1031,38,-98,29,-46,23,93,0,0,0,0,0,0,0,0,0,0,0,0,0,0,0,0,0,0,0,0,0,0,59606
1,1,1,1,1463,-788,1039,12,-110,29,-47,22,92,0,0,0,0,0,0,0,0,0,0,0,0,0,0,0,0,0,0,0,0,0,0,59616
1,1,1,1,1471,-815,1029,-42,-107,34,-47,23,92,0,0,0,0,0,0,0,0,0,0,0,0,0,0,0,0,0,0,0,0,0,0,59626
1,1,1,1,1476,-779,1009,-42,-118,28,-47,21,93,0,0,0,0,0,0,0,0,0,0,0,0,0,0,0,0,0,0,0,0,0,0,59636
1,1,1,1,1495,-783,997,-20,-116,33,-47,20,91,0,0,0,0,0,0,0,0,0,0,0,0,0,0,0,0,0,0,0,0,0,0,59646
1,1,1,1,1498,-768,1008,22,-119,33,-48,22,91,0,0,0,0,0,0,0,0,0,0,0,0,0,0,0,0,0,0,0,0,0,0,59656
1,1,1,1,1481,-773,1005,74,-116,34,-51,22,92,0,0,0,0,0,0,0,0,0,0,0,0,0,0,0,0,0,0,0,0,0,0,59666
1,1,1,1,1483,-801,1031,53,-104,41,-52,23,93,0,0,0,0,0,0,0,0,0,0,0,0,0,0,0,0,0,0,0,0,0,0,59676
1,1,1,1,1471,-812,1055,4,-89,52,-54,24,92,0,0,0,0,0,0,0,0,0,0,0,0,0,0,0,0,0,0,0,0,0,0,59686
1,1,1,1,1484,-787,1058,-44,-89,58,-51,24,93,0,0,0,0,0,0,0,0,0,0,0,0,0,0,0,0,0,0,0,0,0,0,59696
1,1,1,1,1478,-778,1042,-62,-66,53,-49,21,93,0,0,0,0,0,0,0,0,0,0,0,0,0,0,0,0,0,0,0,0,0,0,59706
1,1,1,1,1492,-764,1039,-64,-47,41,-51,23,95,0,0,0,0,0,0,0,0,0,0,0,0,0,0,0,0,0,0,0,0,0,0,59716
1,1,1,1,1520,-773,1055,-68,-45,32,-50,23,96,0,0,0,0,0,0,0,0,0,0,0,0,0,0,0,0,0,0,0,0,0,0,59726
1,1,1,1,1509,-787,1054,-64,-29,26,-49,21,93,0,0,0,0,0,0,0,0,0,0,0,0,0,0,0,0,0,0,0,0,0,0,59736
1,1,1,1,1485,-774,1059,-50,-23,26,-49,22,94,0,0,0,0,0,0,0,0,0,0,0,0,0,0,0,0,0,0,0,0,0,0,59746
1,1,1,1,1475,-782,1055,-25,-27,22,-51,21,94,0,0,0,0,0,0,0,0,0,0,0,0,0,0,0,0,0,0,0,0,0,0,59756
1,1,1,1,1476,-797,1046,-33,-19,27,-52,22,91,0,0,0,0,0,0,0,0,0,0,0,0,0,0,0,0,0,0,0,0,0,0,59766
1,1,1,1,1493,-770,1043,-33,-12,35,-52,19,91,0,0,0,0,0,0,0,0,0,0,0,0,0,0,0,0,0,0,0,0,0,0,59776
1,1,1,1,1494,-757,1027,-24,-4,43,-51,18,90,0,0,0,0,0,0,0,0,0,0,0,0,0,0,0,0,0,0,0,0,0,0,59786
1,1,1,1,1503,-788,1026,-46,12,42,-53,18,88,0,0,0,0,0,0,0,0,0,0,0,0,0,0,0,0,0,0,0,0,0,0,59796
1,1,1,1,1507,-812,1025,-93,31,34,-52,17,89,0,0,0,0,0,0,0,0,0,0,0,0,0,0,0,0,0,0,0,0,0,0,59806
1,1,1,1,1505,-782,1027,-103,53,23,-50,16,89,0,0,0,0,0,0,0,0,0,0,0,0,0,0,0,0,0,0,0,0,0,0,59816
1,1,1,1,1502,-769,1024,-82,50,4,-51,16,87,0,0,0,0,0,0,0,0,0,0,0,0,0,0,0,0,0,0,0,0,0,0,59826
1,1,1,1,1505,-785,1021,-60,50,-13,-52,16,86,0,0,0,0,0,0,0,0,0,0,0,0,0,0,0,0,0,0,0,0,0,0,59836
1,1,1,1,1502,-786,1031,-27,47,-27,-54,15,85,0,0,0,0,0,0,0,0,0,0,0,0,0,0,0,0,0,0,0,0,0,0,59846
1,1,1,1,1477,-753,1014,28,37,-37,-52,15,86,0,0,0,0,0,0,0,0,0,0,0,0,0,0,0,0,0,0,0,0,0,0,59856
1,1,1,1,1480,-779,1041,34,41,-36,-54,14,83,0,0,0,0,0,0,0,0,0,0,0,0,0,0,0,0,0,0,0,0,0,0,59866
1,1,1,1,1474,-814,1043,-17,51,-38,-52,13,85,0,0,0,0,0,0,0,0,0,0,0,0,0,0,0,0,0,0,0,0,0,0,59876
1,1,1,1,1484,-800,1035,-58,59,-30,-53,13,82,0,0,0,0,0,0,0,0,0,0,0,0,0,0,0,0,0,0,0,0,0,0,59886
1,1,1,1,1486,-800,1042,-95,57,-26,-53,11,82,0,0,0,0,0,0,0,0,0,0,0,0,0,0,0,0,0,0,0,0,0,0,59896
1,1,1,1,1485,-792,1015,-108,68,-27,-55,12,80,0,0,0,0,0,0,0,0,0,0,0,0,0,0,0,0,0,0,0,0,0,0,59906
1,1,1,1,1505,-798,1030,-104,68,-28,-58,16,82,0,0,0,0,0,0,0,0,0,0,0,0,0,0,0,0,0,0,0,0,0,0,59916
1,1,1,1,1507,-798,1032,-95,58,-30,-55,9,79,0,0,0,0,0,0,0,0,0,0,0,0,0,0,0,0,0,0,0,0,0,0,59926
1,1,1,1,1486,-796,1034,-56,73,-26,-53,11,79,0,0,0,0,0,0,0,0,0,0,0,0,0,0,0,0,0,0,0,0,0,0,59936
1,1,1,1,1488,-806,1054,-28,62,-25,-52,9,77,0,0,0,0,0,0,0,0,0,0,0,0,0,0,0,0,0,0,0,0,0,0,59946
1,1,1,1,1484,-787,1027,28,64,-26,-57,13,78,0,0,0,0,0,0,0,0,0,0,0,0,0,0,0,0,0,0,0,0,0,0,59956
1,1,1,1,1497,-826,1033,7,71,-14,-55,12,80,0,0,0,0,0,0,0,0,0,0,0,0,0,0,0,0,0,0,0,0,0,0,59966
1,1,1,1,1492,-850,1057,-54,90,-11,-54,8,77,0,0,0,0,0,0,0,0,0,0,0,0,0,0,0,0,0,0,0,0,0,0,59976
1,1,1,1,1488,-798,1035,-59,100,-16,-53,8,74,0,0,0,0,0,0,0,0,0,0,0,0,0,0,0,0,0,0,0,0,0,0,59986
1,1,1,1,1494,-774,1051,-50,101,-19,-51,6,73,0,0,0,0,0,0,0,0,0,0,0,0,0,0,0,0,0,0,0,0,0,0,59996
1,1,1,1,1481,-787,1089,-53,113,-21,-50,5,69,0,0,0,0,0,0,0,0,0,0,0,0,0,0,0,0,0,0,0,0,0,0,60006
1,1,1,1,1454,-796,1102,-70,127,-26,-48,5,71,0,0,0,0,0,0,0,0,0,0,0,0,0,0,0,0,0,0,0,0,0,0,60016
1,1,1,1,1467,-796,1123,-96,139,-23,-51,6,72,0,0,0,0,0,0,0,0,0,0,0,0,0,0,0,0,0,0,0,0,0,0,60026
1,1,1,1,1455,-797,1099,-102,149,-25,-50,4,72,0,0,0,0,0,0,0,0,0,0,0,0,0,0,0,0,0,0,0,0,0,0,60036
1,1,1,1,1472,-799,1076,-90,156,-26,-51,5,74,0,0,0,0,0,0,0,0,0,0,0,0,0,0,0,0,0,0,0,0,0,0,60046
1,1,1,1,1483,-849,1073,-114,159,-22,-51,3,72,0,0,0,0,0,0,0,0,0,0,0,0,0,0,0,0,0,0,0,0,0,0,60056
1,1,1,1,1467,-832,1052,-115,175,-9,-52,1,69,0,0,0,0,0,0,0,0,0,0,0,0,0,0,0,0,0,0,0,0,0,0,60066
1,1,1,1,1471,-827,1043,-88,167,5,-51,1,67,0,0,0,0,0,0,0,0,0,0,0,0,0,0,0,0,0,0,0,0,0,0,60076
1,1,1,1,1461,-877,1050,-108,162,17,-51,0,62,0,0,0,0,0,0,0,0,0,0,0,0,0,0,0,0,0,0,0,0,0,0,60086
1,1,1,1,1455,-871,1061,-131,163,28,-49,-2,59,0,0,0,0,0,0,0,0,0,0,0,0,0,0,0,0,0,0,0,0,0,0,60096
1,1,1,1,1451,-837,1045,-132,149,35,-52,-3,58,0,0,0,0,0,0,0,0,0,0,0,0,0,0,0,0,0,0,0,0,0,0,60106
1,1,1,1,1464,-796,1014,-95,151,32,-51,-5,55,0,0,0,0,0,0,0,0,0,0,0,0,0,0,0,0,0,0,0,0,0,0,60116
1,1,1,1,1490,-750,1023,-26,131,30,-50,-7,55,0,0,0,0,0,0,0,0,0,0,0,0,0,0,0,0,0,0,0,0,0,0,60126
1,1,1,1,1459,-791,1029,23,130,23,-52,-8,56,0,0,0,0,0,0,0,0,0,0,0,0,0,0,0,0,0,0,0,0,0,0,60136
1,1,1,1,1458,-818,1072,-6,128,32,-51,-8,55,0,0,0,0,0,0,0,0,0,0,0,0,0,0,0,0,0,0,0,0,0,0,60146
1,1,1,1,1437,-848,1094,-46,137,47,-53,-8,53,0,0,0,0,0,0,0,0,0,0,0,0,0,0,0,0,0,0,0,0,0,0,60156
1,1,1,1,1425,-812,1079,-42,129,48,-52,-9,55,0,0,0,0,0,0,0,0,0,0,0,0,0,0,0,0,0,0,0,0,0,0,60166
1,1,1,1,1435,-817,1078,-31,118,48,-51,-9,54,0,0,0,0,0,0,0,0,0,0,0,0,0,0,0,0,0,0,0,0,0,0,60176
1,1,1,1,1433,-835,1069,-24,116,43,-53,-9,53,0,0,0,0,0,0,0,0,0,0,0,0,0,0,0,0,0,0,0,0,0,0,60186
1,1,1,1,1445,-814,1070,-19,120,41,-51,-10,51,0,0,0,0,0,0,0,0,0,0,0,0,0,0,0,0,0,0,0,0,0,0,60196
1,1,1,1,1448,-827,1072,-57,130,39,-51,-11,49,0,0,0,0,0,0,0,0,0,0,0,0,0,0,0,0,0,0,0,0,0,0,60206
1,1,1,1,1434,-803,1080,-95,132,35,-52,-10,50,0,0,0,0,0,0,0,0,0,0,0,0,0,0,0,0,0,0,0,0,0,0,60216
1,1,1,1,1404,-758,1073,-47,132,29,-52,-10,51,0,0,0,0,0,0,0,0,0,0,0,0,0,0,0,0,0,0,0,0,0,0,60226
1,1,1,1,1401,-805,1088,-28,125,22,-54,-9,51,0,0,0,0,0,0,0,0,0,0,0,0,0,0,0,0,0,0,0,0,0,0,60236
1,1,1,1,1391,-834,1090,-53,125,21,-54,-10,51,0,0,0,0,0,0,0,0,0,0,0,0,0,0,0,0,0,0,0,0,0,0,60246
1,1,1,1,1395,-810,1065,-42,121,17,-55,-9,52,0,0,0,0,0,0,0,0,0,0,0,0,0,0,0,0,0,0,0,0,0,0,60256
1,1,1,1,1416,-829,1061,-42,100,19,-56,-11,53,0,0,0,0,0,0,0,0,0,0,0,0,0,0,0,0,0,0,0,0,0,0,60266
1,1,1,1,1404,-839,1037,-38,96,26,-56,-9,53,0,0,0,0,0,0,0,0,0,0,0,0,0,0,0,0,0,0,0,0,0,0,60276
1,1,1,1,1407,-839,1025,-28,80,26,-55,-13,50,0,0,0,0,0,0,0,0,0,0,0,0,0,0,0,0,0,0,0,0,0,0,60286
1,1,1,1,1402,-818,1024,6,79,28,-53,-11,54,0,0,0,0,0,0,0,0,0,0,0,0,0,0,0,0,0,0,0,0,0,0,60296
1,1,1,1,1407,-827,1032,24,66,23,-53,-10,54,0,0,0,0,0,0,0,0,0,0,0,0,0,0,0,0,0,0,0,0,0,0,60306
1,1,1,1,1396,-821,1053,28,71,28,-53,-10,52,0,0,0,0,0,0,0,0,0,0,0,0,0,0,0,0,0,0,0,0,0,0,60316
1,1,1,1,1406,-829,1069,16,63,28,-51,-10,52,0,0,0,0,0,0,0,0,0,0,0,0,0,0,0,0,0,0,0,0,0,0,60326
1,1,1,1,1385,-830,1059,5,53,19,-52,-10,51,0,0,0,0,0,0,0,0,0,0,0,0,0,0,0,0,0,0,0,0,0,0,60336
1,1,1,1,1399,-794,1038,36,52,11,-54,-11,53,0,0,0,0,0,0,0,0,0,0,0,0,0,0,0,0,0,0,0,0,0,0,60346
1,1,1,1,1399,-815,1020,60,51,0,-54,-12,54,0,0,0,0,0,0,0,0,0,0,0,0,0,0,0,0,0,0,0,0,0,0,60356
1,1,1,1,1399,-842,1036,29,58,-9,-53,-11,53,0,0,0,0,0,0,0,0,0,0,0,0,0,0,0,0,0,0,0,0,0,0,60366
1,1,1,1,1392,-816,1047,7,50,-16,-51,-10,55,0,0,0,0,0,0,0,0,0,0,0,0,0,0,0,0,0,0,0,0,0,0,60376
1,1,1,1,1387,-785,1038,46,43,-26,-50,-10,54,0,0,0,0,0,0,0,0,0,0,0,0,0,0,0,0,0,0,0,0,0,0,60386
1,1,1,1,1399,-789,1059,71,19,-31,-50,-10,56,0,0,0,0,0,0,0,0,0,0,0,0,0,0,0,0,0,0,0,0,0,0,60396
1,1,1,1,1389,-826,1064,97,21,-28,-51,-10,55,0,0,0,0,0,0,0,0,0,0,0,0,0,0,0,0,0,0,0,0,0,0,60406
1,1,1,1,1389,-851,1082,73,8,-22,-50,-10,55,0,0,0,0,0,0,0,0,0,0,0,0,0,0,0,0,0,0,0,0,0,0,60416
1,1,1,1,1391,-853,1089,38,5,-15,-50,-11,54,0,0,0,0,0,0,0,0,0,0,0,0,0,0,0,0,0,0,0,0,0,0,60426
1,1,1,1,1395,-836,1091,14,-5,-7,-51,-10,54,0,0,0,0,0,0,0,0,0,0,0,0,0,0,0,0,0,0,0,0,0,0,60436
1,1,1,1,1393,-846,1092,-12,2,-5,-50,-11,51,0,0,0,0,0,0,0,0,0,0,0,0,0,0,0,0,0,0,0,0,0,0,60446
1,1,1,1,1394,-809,1075,5,-3,-14,-48,-11,56,0,0,0,0,0,0,0,0,0,0,0,0,0,0,0,0,0,0,0,0,0,0,60456
1,1,1,1,1415,-792,1067,28,-2,-21,-51,-9,55,0,0,0,0,0,0,0,0,0,0,0,0,0,0,0,0,0,0,0,0,0,0,60466
1,1,1,1,1414,-782,1074,45,-5,-23,-52,-10,55,0,0,0,0,0,0,0,0,0,0,0,0,0,0,0,0,0,0,0,0,0,0,60476
1,1,1,1,1403,-797,1080,62,-13,-28,-50,-9,55,0,0,0,0,0,0,0,0,0,0,0,0,0,0,0,0,0,0,0,0,0,0,60486
1,1,1,1,1415,-808,1077,43,-17,-32,-50,-9,54,0,0,0,0,0,0,0,0,0,0,0,0,0,0,0,0,0,0,0,0,0,0,60496
1,1,1,1,1415,-801,1074,40,-22,-34,-53,-8,55,0,0,0,0,0,0,0,0,0,0,0,0,0,0,0,0,0,0,0,0,0,0,60506
1,1,1,1,1410,-811,1089,36,-26,-32,-53,-7,53,0,0,0,0,0,0,0,0,0,0,0,0,0,0,0,0,0,0,0,0,0,0,60516
1,1,1,1,1406,-833,1104,15,-33,-25,-53,-8,53,0,0,0,0,0,0,0,0,0,0,0,0,0,0,0,0,0,0,0,0,0,0,60526
1,1,1,1,1408,-832,1091,3,-37,-22,-51,-10,54,0,0,0,0,0,0,0,0,0,0,0,0,0,0,0,0,0,0,0,0,0,0,60536
1,1,1,1,1410,-840,1082,5,-51,-18,-55,-7,57,0,0,0,0,0,0,0,0,0,0,0,0,0,0,0,0,0,0,0,0,0,0,60546
1,1,1,1,1415,-844,1076,16,-53,-16,-56,-9,56,0,0,0,0,0,0,0,0,0,0,0,0,0,0,0,0,0,0,0,0,0,0,60556
1,1,1,1,1418,-817,1075,50,-48,-8,-55,-5,58,0,0,0,0,0,0,0,0,0,0,0,0,0,0,0,0,0,0,0,0,0,0,60566
1,1,1,1,1412,-805,1098,73,-50,-4,-54,-9,56,0,0,0,0,0,0,0,0,0,0,0,0,0,0,0,0,0,0,0,0,0,0,60576
1,1,1,1,1415,-830,1117,49,-42,-1,-54,-8,55,0,0,0,0,0,0,0,0,0,0,0,0,0,0,0,0,0,0,0,0,0,0,60586
1,1,1,1,1408,-823,1130,23,-21,2,-52,-9,56,0,0,0,0,0,0,0,0,0,0,0,0,0,0,0,0,0,0,0,0,0,0,60596
1,1,1,1,1416,-802,1123,24,-18,-2,-54,-7,57,0,0,0,0,0,0,0,0,0,0,0,0,0,0,0,0,0,0,0,0,0,0,60606
1,1,1,1,1416,-776,1108,36,-23,-9,-52,-7,55,0,0,0,0,0,0,0,0,0,0,0,0,0,0,0,0,0,0,0,0,0,0,60616
1,1,1,1,1411,-798,1112,35,-17,-6,-52,-6,61,0,0,0,0,0,0,0,0,0,0,0,0,0,0,0,0,0,0,0,0,0,0,60626
1,1,1,1,1405,-815,1117,24,-16,-7,-52,-7,56,0,0,0,0,0,0,0,0,0,0,0,0,0,0,0,0,0,0,0,0,0,0,60636
1,1,1,1,1400,-812,1107,31,-20,-14,-52,-6,57,0,0,0,0,0,0,0,0,0,0,0,0,0,0,0,0,0,0,0,0,0,0,60646
1,1,1,1,1404,-816,1104,23,-17,-14,-55,-8,58,0,0,0,0,0,0,0,0,0,0,0,0,0,0,0,0,0,0,0,0,0,0,60656
1,1,1,1,1407,-818,1110,4,-15,-16,-55,-7,58,0,0,0,0,0,0,0,0,0,0,0,0,0,0,0,0,0,0,0,0,0,0,60666
1,1,1,1,1408,-800,1110,2,-20,-19,-52,-7,58,0,0,0,0,0,0,0,0,0,0,0,0,0,0,0,0,0,0,0,0,0,0,60676
1,1,1,1,1412,-794,1100,1,-5,-19,-54,-7,57,0,0,0,0,0,0,0,0,0,0,0,0,0,0,0,0,0,0,0,0,0,0,60686
1,1,1,1,1410,-815,1115,-19,-4,-11,-53,-7,58,0,0,0,0,0,0,0,0,0,0,0,0,0,0,0,0,0,0,0,0,0,0,60696
1,1,1,1,1394,-805,1100,-7,-9,-11,-54,-6,57,0,0,0,0,0,0,0,0,0,0,0,0,0,0,0,0,0,0,0,0,0,0,60706
1,1,1,1,1410,-769,1091,30,-9,-6,-52,-7,55,0,0,0,0,0,0,0,0,0,0,0,0,0,0,0,0,0,0,0,0,0,0,60716
1,1,1,1,1403,-794,1088,59,-14,-5,-51,-6,58,0,0,0,0,0,0,0,0,0,0,0,0,0,0,0,0,0,0,0,0,0,0,60726
1,1,1,1,1403,-797,1090,91,-19,-13,-54,-7,58,0,0,0,0,0,0,0,0,0,0,0,0,0,0,0,0,0,0,0,0,0,0,60736
1,1,1,1,1414,-817,1094,71,-12,-14,-55,-7,60,0,0,0,0,0,0,0,0,0,0,0,0,0,0,0,0,0,0,0,0,0,0,60746
1,1,1,1,1413,-822,1103,61,-8,-15,-54,-7,62,0,0,0,0,0,0,0,0,0,0,0,0,0,0,0,0,0,0,0,0,0,0,60756
1,1,1,1,1413,-809,1084,44,-14,-11,-52,-7,59,0,0,0,0,0,0,0,0,0,0,0,0,0,0,0,0,0,0,0,0,0,0,60766
1,1,1,1,1418,-843,1104,-2,-13,-5,-53,-6,60,0,0,0,0,0,0,0,0,0,0,0,0,0,0,0,0,0,0,0,0,0,0,60776
1,1,1,1,1422,-824,1092,-34,-12,8,-55,-7,57,0,0,0,0,0,0,0,0,0,0,0,0,0,0,0,0,0,0,0,0,0,0,60786
1,1,1,1,1415,-785,1074,-10,-21,9,-54,-7,57,0,0,0,0,0,0,0,0,0,0,0,0,0,0,0,0,0,0,0,0,0,0,60796
1,1,1,1,1412,-794,1077,17,-22,9,-56,-7,59,0,0,0,0,0,0,0,0,0,0,0,0,0,0,0,0,0,0,0,0,0,0,60806
1,1,1,1,1411,-821,1100,-3,-19,2,-54,-8,59,0,0,0,0,0,0,0,0,0,0,0,0,0,0,0,0,0,0,0,0,0,0,60816
1,1,1,1,1414,-787,1099,-9,-17,2,-53,-6,59,0,0,0,0,0,0,0,0,0,0,0,0,0,0,0,0,0,0,0,0,0,0,60826
1,1,1,1,1406,-769,1080,37,-26,-11,-54,-7,61,0,0,0,0,0,0,0,0,0,0,0,0,0,0,0,0,0,0,0,0,0,0,60836
1,1,1,1,1409,-746,1053,112,-38,-28,-54,-8,57,0,0,0,0,0,0,0,0,0,0,0,0,0,0,0,0,0,0,0,0,0,0,60846
1,1,1,1,1423,-809,1076,103,-42,-27,-54,-6,60,0,0,0,0,0,0,0,0,0,0,0,0,0,0,0,0,0,0,0,0,0,0,60856
1,1,1,1,1415,-826,1090,69,-39,-12,-58,-5,58,0,0,0,0,0,0,0,0,0,0,0,0,0,0,0,0,0,0,0,0,0,0,60866
1,1,1,1,1407,-834,1097,28,-40,1,-59,-1,61,0,0,0,0,0,0,0,0,0,0,0,0,0,0,0,0,0,0,0,0,0,0,60876
1,1,1,1,1405,-833,1109,-3,-33,14,-55,-5,63,0,0,0,0,0,0,0,0,0,0,0,0,0,0,0,0,0,0,0,0,0,0,60886
1,1,1,1,1397,-797,1094,26,-39,15,-53,-8,61,0,0,0,0,0,0,0,0,0,0,0,0,0,0,0,0,0,0,0,0,0,0,60896
1,1,1,1,1410,-801,1086,36,-37,18,-55,-6,61,0,0,0,0,0,0,0,0,0,0,0,0,0,0,0,0,0,0,0,0,0,0,60906
1,1,1,1,1414,-828,1114,9,-17,25,-55,-6,62,0,0,0,0,0,0,0,0,0,0,0,0,0,0,0,0,0,0,0,0,0,0,60916
1,1,1,1,1400,-812,1101,-2,-22,24,-57,-2,63,0,0,0,0,0,0,0,0,0,0,0,0,0,0,0,0,0,0,0,0,0,0,60926
1,1,1,1,1407,-811,1115,-13,-19,24,-56,-5,63,0,0,0,0,0,0,0,0,0,0,0,0,0,0,0,0,0,0,0,0,0,0,60936
1,1,1,1,1397,-810,1107,-18,-2,28,-55,-6,63,0,0,0,0,0,0,0,0,0,0,0,0,0,0,0,0,0,0,0,0,0,0,60946
1,1,1,1,1407,-789,1088,11,0,23,-57,-5,59,0,0,0,0,0,0,0,0,0,0,0,0,0,0,0,0,0,0,0,0,0,0,60956
1,1,1,1,1418,-804,1082,19,1,19,-56,-5,61,0,0,0,0,0,0,0,0,0,0,0,0,0,0,0,0,0,0,0,0,0,0,60966
1,1,1,1,1409,-811,1093,16,8,16,-54,-6,60,0,0,0,0,0,0,0,0,0,0,0,0,0,0,0,0,0,0,0,0,0,0,60976
1,1,1,1,1409,-795,1101,22,5,18,-56,-5,59,0,0,0,0,0,0,0,0,0,0,0,0,0,0,0,0,0,0,0,0,0,0,60986
1,1,1,1,1409,-804,1086,13,12,12,-55,-6,60,0,0,0,0,0,0,0,0,0,0,0,0,0,0,0,0,0,0,0,0,0,0,60996
1,1,1,1,1414,-815,1104,-22,15,11,-54,-5,59,0,0,0,0,0,0,0,0,0,0,0,0,0,0,0,0,0,0,0,0,0,0,61006
1,1,1,1,1407,-798,1091,-34,12,10,-54,-5,58,0,0,0,0,0,0,0,0,0,0,0,0,0,0,0,0,0,0,0,0,0,0,61016
1,1,1,1,1411,-765,1096,-12,-1,10,-55,-6,58,0,0,0,0,0,0,0,0,0,0,0,0,0,0,0,0,0,0,0,0,0,0,61026
1,1,1,1,1391,-783,1091,23,2,8,-54,-6,58,0,0,0,0,0,0,0,0,0,0,0,0,0,0,0,0,0,0,0,0,0,0,61036
1,1,1,1,1401,-784,1089,53,8,5,-56,-6,60,0,0,0,0,0,0,0,0,0,0,0,0,0,0,0,0,0,0,0,0,0,0,61046
1,1,1,1,1406,-807,1093,50,3,-1,-56,-6,59,0,0,0,0,0,0,0,0,0,0,0,0,0,0,0,0,0,0,0,0,0,0,61056
1,1,1,1,1400,-815,1095,52,2,-3,-54,-7,60,0,0,0,0,0,0,0,0,0,0,0,0,0,0,0,0,0,0,0,0,0,0,61066
1,1,1,1,1405,-804,1088,61,4,-7,-53,-6,58,0,0,0,0,0,0,0,0,0,0,0,0,0,0,0,0,0,0,0,0,0,0,61076
1,1,1,1,1408,-806,1090,65,10,-14,-51,-7,57,0,0,0,0,0,0,0,0,0,0,0,0,0,0,0,0,0,0,0,0,0,0,61086
1,1,1,1,1401,-801,1103,49,15,-13,-54,-6,58,0,0,0,0,0,0,0,0,0,0,0,0,0,0,0,0,0,0,0,0,0,0,61096
1,1,1,1,1389,-793,1106,40,10,-13,-54,-6,58,0,0,0,0,0,0,0,0,0,0,0,0,0,0,0,0,0,0,0,0,0,0,61106
1,1,1,1,1401,-804,1118,5,8,-14,-56,-4,59,0,0,0,0,0,0,0,0,0,0,0,0,0,0,0,0,0,0,0,0,0,0,61116
1,1,1,1,1400,-791,1113,-6,5,-17,-55,-7,57,0,0,0,0,0,0,0,0,0,0,0,0,0,0,0,0,0,0,0,0,0,0,61126
1,1,1,1,1416,-766,1095,9,11,-18,-58,-3,61,0,0,0,0,0,0,0,0,0,0,0,0,0,0,0,0,0,0,0,0,0,0,61136
1,1,1,1,1411,-773,1092,32,2,-22,-55,-10,57,0,0,0,0,0,0,0,0,0,0,0,0,0,0,0,0,0,0,0,0,0,0,61146
1,1,1,1,1416,-779,1066,52,2,-23,-58,-3,58,0,0,0,0,0,0,0,0,0,0,0,0,0,0,0,0,0,0,0,0,0,0,61156
1,1,1,1,1420,-794,1082,44,3,-16,-55,-9,62,0,0,0,0,0,0,0,0,0,0,0,0,0,0,0,0,0,0,0,0,0,0,61166
1,1,1,1,1412,-788,1081,65,-9,-13,-56,-8,59,0,0,0,0,0,0,0,0,0,0,0,0,0,0,0,0,0,0,0,0,0,0,61176
1,1,1,1,1417,-793,1084,63,-30,-7,-55,-9,59,0,0,0,0,0,0,0,0,0,0,0,0,0,0,0,0,0,0,0,0,0,0,61186
1,1,1,1,1406,-817,1097,52,-25,-2,-52,-11,58,0,0,0,0,0,0,0,0,0,0,0,0,0,0,0,0,0,0,0,0,0,0,61196
1,1,1,1,1397,-785,1095,66,-30,5,-55,-7,58,0,0,0,0,0,0,0,0,0,0,0,0,0,0,0,0,0,0,0,0,0,0,61206
1,1,1,1,1403,-800,1097,68,-36,7,-54,-8,57,0,0,0,0,0,0,0,0,0,0,0,0,0,0,0,0,0,0,0,0,0,0,61216
1,1,1,1,1411,-811,1100,50,-29,13,-55,-7,60,0,0,0,0,0,0,0,0,0,0,0,0,0,0,0,0,0,0,0,0,0,0,61226
1,1,1,1,1410,-786,1104,44,-23,16,-57,-6,60,0,0,0,0,0,0,0,0,0,0,0,0,0,0,0,0,0,0,0,0,0,0,61236
1,1,1,1,1404,-799,1117,32,-27,21,-54,-9,61,0,0,0,0,0,0,0,0,0,0,0,0,0,0,0,0,0,0,0,0,0,0,61246
1,1,1,1,1409,-784,1105,35,-32,13,-56,-7,61,0,0,0,0,0,0,0,0,0,0,0,0,0,0,0,0,0,0,0,0,0,0,61256
1,1,1,1,1421,-791,1100,25,-22,15,-60,-7,62,0,0,0,0,0,0,0,0,0,0,0,0,0,0,0,0,0,0,0,0,0,0,61266
1,1,1,1,1417,-788,1093,14,-19,18,-58,-7,62,0,0,0,0,0,0,0,0,0,0,0,0,0,0,0,0,0,0,0,0,0,0,61276
1,1,1,1,1413,-786,1088,18,-31,19,-56,-6,57,0,0,0,0,0,0,0,0,0,0,0,0,0,0,0,0,0,0,0,0,0,0,61286
1,1,1,1,1410,-792,1073,18,-39,23,-57,-7,59,0,0,0,0,0,0,0,0,0,0,0,0,0,0,0,0,0,0,0,0,0,0,61296
1,1,1,1,1409,-782,1065,43,-48,19,-57,-6,59,0,0,0,0,0,0,0,0,0,0,0,0,0,0,0,0,0,0,0,0,0,0,61306
1,1,1,1,1420,-794,1067,50,-53,22,-56,-7,57,0,0,0,0,0,0,0,0,0,0,0,0,0,0,0,0,0,0,0,0,0,0,61316
1,1,1,1,1409,-784,1070,60,-54,23,-56,-7,59,0,0,0,0,0,0,0,0,0,0,0,0,0,0,0,0,0,0,0,0,0,0,61326
1,1,1,1,1408,-769,1067,80,-68,25,-56,-7,57,0,0,0,0,0,0,0,0,0,0,0,0,0,0,0,0,0,0,0,0,0,0,61336
1,1,1,1,1405,-779,1079,93,-54,25,-57,-6,57,0,0,0,0,0,0,0,0,0,0,0,0,0,0,0,0,0,0,0,0,0,0,61346
1,1,1,1,1412,-773,1068,104,-56,12,-56,-7,57,0,0,0,0,0,0,0,0,0,0,0,0,0,0,0,0,0,0,0,0,0,0,61356
1,1,1,1,1416,-784,1098,87,-55,8,-56,-6,56,0,0,0,0,0,0,0,0,0,0,0,0,0,0,0,0,0,0,0,0,0,0,61366
1,1,1,1,1399,-791,1110,54,-44,7,-55,-5,57,0,0,0,0,0,0,0,0,0,0,0,0,0,0,0,0,0,0,0,0,0,0,61376
1,1,1,1,1396,-787,1120,33,-43,5,-53,-5,56,0,0,0,0,0,0,0,0,0,0,0,0,0,0,0,0,0,0,0,0,0,0,61386
1,1,1,1,1406,-781,1135,-21,-36,9,-52,-7,55,0,0,0,0,0,0,0,0,0,0,0,0,0,0,0,0,0,0,0,0,0,0,61396
1,1,1,1,1395,-761,1129,-22,-23,2,-53,-7,55,0,0,0,0,0,0,0,0,0,0,0,0,0,0,0,0,0,0,0,0,0,0,61406
1,1,1,1,1408,-740,1114,9,-14,0,-53,-7,56,0,0,0,0,0,0,0,0,0,0,0,0,0,0,0,0,0,0,0,0,0,0,61416
1,1,1,1,1409,-772,1113,3,-15,1,-54,-6,57,0,0,0,0,0,0,0,0,0,0,0,0,0,0,0,0,0,0,0,0,0,0,61426
1,1,1,1,1413,-774,1100,-3,-14,-1,-54,-6,55,0,0,0,0,0,0,0,0,0,0,0,0,0,0,0,0,0,0,0,0,0,0,61436
1,1,1,1,1421,-785,1080,-16,-17,3,-55,-5,55,0,0,0,0,0,0,0,0,0,0,0,0,0,0,0,0,0,0,0,0,0,0,61446
1,1,1,1,1417,-778,1062,-8,-12,4,-53,-7,54,0,0,0,0,0,0,0,0,0,0,0,0,0,0,0,0,0,0,0,0,0,0,61456
1,1,1,1,1424,-759,1045,38,-27,-5,-54,-7,58,0,0,0,0,0,0,0,0,0,0,0,0,0,0,0,0,0,0,0,0,0,0,61466
1,1,1,1,1430,-801,1071,28,-26,-5,-52,-7,54,0,0,0,0,0,0,0,0,0,0,0,0,0,0,0,0,0,0,0,0,0,0,61476
1,1,1,1,1421,-803,1097,9,-29,-12,-53,-7,54,0,0,0,0,0,0,0,0,0,0,0,0,0,0,0,0,0,0,0,0,0,0,61486
1,1,1,1,1411,-784,1101,1,-22,-13,-50,-7,54,0,0,0,0,0,0,0,0,0,0,0,0,0,0,0,0,0,0,0,0,0,0,61496
1,1,1,1,1402,-801,1126,-31,-10,-11,-51,-8,54,0,0,0,0,0,0,0,0,0,0,0,0,0,0,0,0,0,0,0,0,0,0,61506
1,1,1,1,1402,-774,1121,-58,-12,-9,-49,-7,53,0,0,0,0,0,0,0,0,0,0,0,0,0,0,0,0,0,0,0,0,0,0,61516
1,1,1,1,1410,-743,1119,-33,-12,-1,-49,-7,55,0,0,0,0,0,0,0,0,0,0,0,0,0,0,0,0,0,0,0,0,0,0,61526
1,1,1,1,1407,-780,1102,-16,-8,-7,-50,-7,56,0,0,0,0,0,0,0,0,0,0,0,0,0,0,0,0,0,0,0,0,0,0,61536
1,1,1,1,1422,-771,1094,-4,-13,-8,-52,-7,56,0,0,0,0,0,0,0,0,0,0,0,0,0,0,0,0,0,0,0,0,0,0,61546
1,1,1,1,1427,-785,1073,4,-4,-9,-53,-7,55,0,0,0,0,0,0,0,0,0,0,0,0,0,0,0,0,0,0,0,0,0,0,61556
1,1,1,1,1431,-796,1071,-9,2,-7,-51,-8,56,0,0,0,0,0,0,0,0,0,0,0,0,0,0,0,0,0,0,0,0,0,0,61566
1,1,1,1,1431,-799,1090,-27,6,-8,-50,-8,53,0,0,0,0,0,0,0,0,0,0,0,0,0,0,0,0,0,0,0,0,0,0,61576
1,1,1,1,1422,-796,1095,-29,6,-8,-50,-8,50,0,0,0,0,0,0,0,0,0,0,0,0,0,0,0,0,0,0,0,0,0,0,61586
1,1,1,1,1416,-779,1085,-23,5,-4,-49,-7,53,0,0,0,0,0,0,0,0,0,0,0,0,0,0,0,0,0,0,0,0,0,0,61596
1,1,1,1,1400,-778,1084,3,-7,-5,-47,-7,54,0,0,0,0,0,0,0,0,0,0,0,0,0,0,0,0,0,0,0,0,0,0,61606
1,1,1,1,1405,-779,1081,30,-10,-9,-49,-8,52,0,0,0,0,0,0,0,0,0,0,0,0,0,0,0,0,0,0,0,0,0,0,61616
1,1,1,1,1416,-793,1084,24,-3,-7,-50,-8,55,0,0,0,0,0,0,0,0,0,0,0,0,0,0,0,0,0,0,0,0,0,0,61626
1,1,1,1,1426,-790,1084,10,2,-10,-51,-9,55,0,0,0,0,0,0,0,0,0,0,0,0,0,0,0,0,0,0,0,0,0,0,61636
1,1,1,1,1423,-779,1083,5,-1,-10,-51,-8,54,0,0,0,0,0,0,0,0,0,0,0,0,0,0,0,0,0,0,0,0,0,0,61646
1,1,1,1,1418,-780,1086,17,-2,-10,-51,-8,54,0,0,0,0,0,0,0,0,0,0,0,0,0,0,0,0,0,0,0,0,0,0,61656
1,1,1,1,1411,-791,1100,9,-8,-5,-52,-7,52,0,0,0,0,0,0,0,0,0,0,0,0,0,0,0,0,0,0,0,0,0,0,61666
1,1,1,1,1405,-799,1104,-10,-13,0,-51,-8,55,0,0,0,0,0,0,0,0,0,0,0,0,0,0,0,0,0,0,0,0,0,0,61676
1,1,1,1,1412,-796,1100,-16,-8,6,-53,-8,51,0,0,0,0,0,0,0,0,0,0,0,0,0,0,0,0,0,0,0,0,0,0,61686
1,1,1,1,1414,-775,1083,-13,-4,5,-51,-8,50,0,0,0,0,0,0,0,0,0,0,0,0,0,0,0,0,0,0,0,0,0,0,61696
1,1,1,1,1422,-765,1079,4,-8,5,-52,-8,53,0,0,0,0,0,0,0,0,0,0,0,0,0,0,0,0,0,0,0,0,0,0,61706
1,1,1,1,1416,-785,1088,21,-7,2,-54,-8,52,0,0,0,0,0,0,0,0,0,0,0,0,0,0,0,0,0,0,0,0,0,0,61716
1,1,1,1,1417,-788,1100,4,-11,6,-54,-8,52,0,0,0,0,0,0,0,0,0,0,0,0,0,0,0,0,0,0,0,0,0,0,61726
1,1,1,1,1404,-759,1084,22,-22,-1,-55,-9,52,0,0,0,0,0,0,0,0,0,0,0,0,0,0,0,0,0,0,0,0,0,0,61736
1,1,1,1,1404,-774,1075,24,-32,-1,-55,-7,52,0,0,0,0,0,0,0,0,0,0,0,0,0,0,0,0,0,0,0,0,0,0,61766
1,1,1,1,1415,-792,1082,14,-29,-1,-54,-9,51,0,0,0,0,0,0,0,0,0,0,0,0,0,0,0,0,0,0,0,0,0,0,61776
1,1,1,1,1417,-783,1078,7,-29,-3,-54,-10,52,0,0,0,0,0,0,0,0,0,0,0,0,0,0,0,0,0,0,0,0,0,0,61786
1,1,1,1,1420,-773,1088,-3,-27,-1,-53,-9,51,0,0,0,0,0,0,0,0,0,0,0,0,0,0,0,0,0,0,0,0,0,0,61796
1,1,1,1,1413,-782,1093,-8,-36,-13,-55,-9,54,0,0,0,0,0,0,0,0,0,0,0,0,0,0,0,0,0,0,0,0,0,0,61806
1,1,1,1,1420,-742,1098,13,-34,-9,-52,-8,53,0,0,0,0,0,0,0,0,0,0,0,0,0,0,0,0,0,0,0,0,0,0,61816
1,1,1,1,1417,-782,1092,3,-28,-7,-53,-10,52,0,0,0,0,0,0,0,0,0,0,0,0,0,0,0,0,0,0,0,0,0,0,61826
1,1,1,1,1424,-788,1101,-10,-30,-4,-52,-9,54,0,0,0,0,0,0,0,0,0,0,0,0,0,0,0,0,0,0,0,0,0,0,61836
1,1,1,1,1419,-751,1079,35,-35,-2,-52,-9,54,0,0,0,0,0,0,0,0,0,0,0,0,0,0,0,0,0,0,0,0,0,0,61846
1,1,1,1,1430,-781,1081,45,-41,0,-54,-9,55,0,0,0,0,0,0,0,0,0,0,0,0,0,0,0,0,0,0,0,0,0,0,61856
1,1,1,1,1432,-828,1094,-14,-39,3,-54,-9,54,0,0,0,0,0,0,0,0,0,0,0,0,0,0,0,0,0,0,0,0,0,0,61866
1,1,1,1,1431,-776,1077,-10,-33,1,-54,-8,54,0,0,0,0,0,0,0,0,0,0,0,0,0,0,0,0,0,0,0,0,0,0,61876
1,1,1,1,1443,-759,1081,-8,-40,-1,-56,-9,54,0,0,0,0,0,0,0,0,0,0,0,0,0,0,0,0,0,0,0,0,0,0,61886
1,1,1,1,1436,-793,1103,-49,-35,5,-54,-8,52,0,0,0,0,0,0,0,0,0,0,0,0,0,0,0,0,0,0,0,0,0,0,61896
1,1,1,1,1429,-761,1100,-43,-40,12,-53,-9,51,0,0,0,0,0,0,0,0,0,0,0,0,0,0,0,0,0,0,0,0,0,0,61906
1,1,1,1,1432,-766,1070,-21,-39,15,-54,-8,53,0,0,0,0,0,0,0,0,0,0,0,0,0,0,0,0,0,0,0,0,0,0,61916
1,1,1,1,1447,-798,1084,-43,-38,21,-52,-8,54,0,0,0,0,0,0,0,0,0,0,0,0,0,0,0,0,0,0,0,0,0,0,61926
1,1,1,1,1435,-789,1076,-31,-43,23,-54,-9,52,0,0,0,0,0,0,0,0,0,0,0,0,0,0,0,0,0,0,0,0,0,0,61936
1,1,1,1,1434,-755,1067,15,-42,18,-57,-8,54,0,0,0,0,0,0,0,0,0,0,0,0,0,0,0,0,0,0,0,0,0,0,61946
1,1,1,1,1443,-783,1070,13,-44,17,-57,-9,55,0,0,0,0,0,0,0,0,0,0,0,0,0,0,0,0,0,0,0,0,0,0,61956
1,1,1,1,1438,-814,1092,-24,-43,22,-56,-9,54,0,0,0,0,0,0,0,0,0,0,0,0,0,0,0,0,0,0,0,0,0,0,61966
1,1,1,1,1426,-807,1088,-26,-42,22,-54,-9,53,0,0,0,0,0,0,0,0,0,0,0,0,0,0,0,0,0,0,0,0,0,0,61976
1,1,1,1,1427,-765,1069,6,-49,23,-55,-8,56,0,0,0,0,0,0,0,0,0,0,0,0,0,0,0,0,0,0,0,0,0,0,61986
1,1,1,1,1444,-795,1073,2,-37,25,-55,-8,54,0,0,0,0,0,0,0,0,0,0,0,0,0,0,0,0,0,0,0,0,0,0,61996
1,1,1,1,1441,-811,1092,-35,-21,32,-54,-9,53,0,0,0,0,0,0,0,0,0,0,0,0,0,0,0,0,0,0,0,0,0,0,62006
1,1,1,1,1433,-778,1095,-39,-23,31,-54,-9,51,0,0,0,0,0,0,0,0,0,0,0,0,0,0,0,0,0,0,0,0,0,0,62016
1,1,1,1,1430,-778,1087,-39,-20,31,-55,-9,53,0,0,0,0,0,0,0,0,0,0,0,0,0,0,0,0,0,0,0,0,0,0,62026
1,1,1,1,1432,-797,1100,-76,-7,31,-53,-14,53,0,0,0,0,0,0,0,0,0,0,0,0,0,0,0,0,0,0,0,0,0,0,62036
1,1,1,1,1422,-784,1097,-84,-3,31,-53,-14,53,0,0,0,0,0,0,0,0,0,0,0,0,0,0,0,0,0,0,0,0,0,0,62046
1,1,1,1,1425,-745,1075,-24,-5,28,-55,-12,50,0,0,0,0,0,0,0,0,0,0,0,0,0,0,0,0,0,0,0,0,0,0,62056
1,1,1,1,1432,-776,1053,10,-4,19,-54,-15,51,0,0,0,0,0,0,0,0,0,0,0,0,0,0,0,0,0,0,0,0,0,0,62066
1,1,1,1,1428,-814,1076,-13,-11,15,-57,-12,54,0,0,0,0,0,0,0,0,0,0,0,0,0,0,0,0,0,0,0,0,0,0,62076
1,1,1,1,1421,-806,1085,-30,-8,17,-57,-12,52,0,0,0,0,0,0,0,0,0,0,0,0,0,0,0,0,0,0,0,0,0,0,62086
1,1,1,1,1425,-808,1087,-64,-5,16,-56,-13,50,0,0,0,0,0,0,0,0,0,0,0,0,0,0,0,0,0,0,0,0,0,0,62096
1,1,1,1,1424,-814,1087,-107,7,10,-55,-13,50,0,0,0,0,0,0,0,0,0,0,0,0,0,0,0,0,0,0,0,0,0,0,62106
1,1,1,1,1428,-775,1097,-144,28,-3,-55,-12,48,0,0,0,0,0,0,0,0,0,0,0,0,0,0,0,0,0,0,0,0,0,0,62126
1,1,1,1,1422,-783,1080,-156,30,-13,-54,-14,46,0,0,0,0,0,0,0,0,0,0,0,0,0,0,0,0,0,0,0,0,0,0,62136
1,1,1,1,1422,-841,1108,-206,48,-19,-55,-16,44,0,0,0,0,0,0,0,0,0,0,0,0,0,0,0,0,0,0,0,0,0,0,62146
1,1,1,1,1422,-848,1118,-295,79,-27,-54,-17,43,0,0,0,0,0,0,0,0,0,0,0,0,0,0,0,0,0,0,0,0,0,0,62156
1,1,1,1,1420,-843,1112,-370,104,-49,-52,-17,40,0,0,0,0,0,0,0,0,0,0,0,0,0,0,0,0,0,0,0,0,0,0,62166
1,1,1,1,1425,-800,1109,-393,103,-74,-52,-17,38,0,0,0,0,0,0,0,0,0,0,0,0,0,0,0,0,0,0,0,0,0,0,62176
1,1,1,1,1402,-734,1062,-333,108,-67,-53,-17,34,0,0,0,0,0,0,0,0,0,0,0,0,0,0,0,0,0,0,0,0,0,0,62186
1,1,1,1,1419,-855,1077,-383,123,-57,-51,-17,34,0,0,0,0,0,0,0,0,0,0,0,0,0,0,0,0,0,0,0,0,0,0,62196
1,1,1,1,1404,-923,1082,-513,135,-58,-48,-18,33,0,0,0,0,0,0,0,0,0,0,0,0,0,0,0,0,0,0,0,0,0,0,62206
1,1,1,1,1413,-927,1067,-662,156,-63,-51,-16,27,0,0,0,0,0,0,0,0,0,0,0,0,0,0,0,0,0,0,0,0,0,0,62216
1,1,1,1,1420,-982,1087,-873,200,-90,-51,-16,25,0,0,0,0,0,0,0,0,0,0,0,0,0,0,0,0,0,0,0,0,0,0,62226
1,1,1,1,1395,-1151,1164,-1254,272,-132,-52,-14,28,0,0,0,0,0,0,0,0,0,0,0,0,0,0,0,0,0,0,0,0,0,0,62236
1,1,1,1,1306,-1325,1269,-1785,381,-208,-50,-13,10,0,0,0,0,0,0,0,0,0,0,0,0,0,0,0,0,0,0,0,0,0,0,62246
1,1,1,1,1386,-1035,1321,-2430,514,-11,-42,-11,4,0,0,0,0,0,0,0,0,0,0,0,0,0,0,0,0,0,0,0,0,0,0,62256
1,1,1,1,1405,-969,1401,-2887,544,90,-39,-11,-5,0,0,0,0,0,0,0,0,0,0,0,0,0,0,0,0,0,0,0,0,0,0,62266
1,1,1,1,1409,-906,1257,-2909,580,70,-34,-7,-5,0,0,0,0,0,0,0,0,0,0,0,0,0,0,0,0,0,0,0,0,0,0,62276
1,1,1,1,1399,-762,1229,-2797,582,82,-31,-5,-3,0,0,0,0,0,0,0,0,0,0,0,0,0,0,0,0,0,0,0,0,0,0,62286
1,1,1,1,1353,-858,1139,-2588,583,36,-14,1,2,0,0,0,0,0,0,0,0,0,0,0,0,0,0,0,0,0,0,0,0,0,0,62296
1,1,1,1,1343,-938,1032,-2487,624,11,-20,1,5,0,0,0,0,0,0,0,0,0,0,0,0,0,0,0,0,0,0,0,0,0,0,62306
1,1,1,1,1382,-1185,1065,-2425,616,-11,-31,2,7,0,0,0,0,0,0,0,0,0,0,0,0,0,0,0,0,0,0,0,0,0,0,62316
1,1,1,1,1337,-1328,1036,-2698,637,-4,-26,5,7,0,0,0,0,0,0,0,0,0,0,0,0,0,0,0,0,0,0,0,0,0,0,62326
1,1,1,1,1347,-1531,1057,-3209,643,36,-33,11,8,0,0,0,0,0,0,0,0,0,0,0,0,0,0,0,0,0,0,0,0,0,0,62336
1,1,1,1,1314,-1723,1086,-3932,661,85,-26,12,5,0,0,0,0,0,0,0,0,0,0,0,0,0,0,0,0,0,0,0,0,0,0,62346
1,1,1,1,1163,-1724,866,-4174,794,-40,-24,23,22,0,0,0,0,0,0,0,0,0,0,0,0,0,0,0,0,0,0,0,0,0,0,62356
1,1,1,1,1033,-1456,783,-3806,922,-270,-17,21,14,0,0,0,0,0,0,0,0,0,0,0,0,0,0,0,0,0,0,0,0,0,0,62366
1,1,1,1,1073,-907,942,-3151,792,-180,-14,22,13,0,0,0,0,0,0,0,0,0,0,0,0,0,0,0,0,0,0,0,0,0,0,62376
1,1,1,1,1184,-979,1051,-2610,492,-52,-15,24,12,0,0,0,0,0,0,0,0,0,0,0,0,0,0,0,0,0,0,0,0,0,0,62386
1,1,1,1,1277,-1310,1100,-2335,226,22,-16,21,13,0,0,0,0,0,0,0,0,0,0,0,0,0,0,0,0,0,0,0,0,0,0,62396
1,1,1,1,1282,-1647,1003,-2455,54,36,-22,22,15,0,0,0,0,0,0,0,0,0,0,0,0,0,0,0,0,0,0,0,0,0,0,62406
1,1,1,1,1268,-2045,445,-3120,327,-48,-22,17,13,0,0,0,0,0,0,0,0,0,0,0,0,0,0,0,0,0,0,0,0,0,0,62416
1,1,1,1,1215,-2112,222,-3752,674,-152,-28,21,12,0,0,0,0,0,0,0,0,0,0,0,0,0,0,0,0,0,0,0,0,0,0,62426
1,1,1,1,1137,-1968,430,-4502,913,-181,-18,17,14,0,0,0,0,0,0,0,0,0,0,0,0,0,0,0,0,0,0,0,0,0,0,62436
1,1,1,1,1241,-1628,288,-4281,1298,-162,-14,16,17,0,0,0,0,0,0,0,0,0,0,0,0,0,0,0,0,0,0,0,0,0,0,62446
1,1,1,1,1256,-1526,280,-3352,1713,-184,-17,17,16,0,0,0,0,0,0,0,0,0,0,0,0,0,0,0,0,0,0,0,0,0,0,62456
1,1,1,1,1116,-1504,390,-3111,1940,-196,-14,18,14,0,0,0,0,0,0,0,0,0,0,0,0,0,0,0,0,0,0,0,0,0,0,62466
1,1,1,1,1256,-1470,586,-2778,1904,-108,-19,18,10,0,0,0,0,0,0,0,0,0,0,0,0,0,0,0,0,0,0,0,0,0,0,62476
1,1,1,1,1448,-1611,846,-2793,1634,77,-20,21,9,0,0,0,0,0,0,0,0,0,0,0,0,0,0,0,0,0,0,0,0,0,0,62486
1,1,1,1,1511,-1720,992,-3020,1215,289,-19,21,4,0,0,0,0,0,0,0,0,0,0,0,0,0,0,0,0,0,0,0,0,0,0,62496
1,1,1,1,1464,-1857,1000,-3135,745,408,-19,21,7,0,0,0,0,0,0,0,0,0,0,0,0,0,0,0,0,0,0,0,0,0,0,62506
1,1,1,1,1387,-2017,859,-3328,378,432,-13,21,4,0,0,0,0,0,0,0,0,0,0,0,0,0,0,0,0,0,0,0,0,0,0,62516
1,1,1,1,1207,-1873,433,-2306,228,120,-9,19,9,0,0,0,0,0,0,0,0,0,0,0,0,0,0,0,0,0,0,0,0,0,0,62536
1,1,1,1,1204,-1900,327,-1889,295,-8,-10,19,8,0,0,0,0,0,0,0,0,0,0,0,0,0,0,0,0,0,0,0,0,0,0,62546
1,1,1,1,1221,-1952,404,-1612,271,-33,-12,21,10,0,0,0,0,0,0,0,0,0,0,0,0,0,0,0,0,0,0,0,0,0,0,62556
1,1,1,1,1283,-2042,615,-1574,56,-33,-15,21,10,0,0,0,0,0,0,0,0,0,0,0,0,0,0,0,0,0,0,0,0,0,0,62566
1,1,1,1,1289,-2125,588,-1796,-257,25,-18,21,8,0,0,0,0,0,0,0,0,0,0,0,0,0,0,0,0,0,0,0,0,0,0,62576
1,1,1,1,1246,-2252,462,-2273,-490,134,-11,20,3,0,0,0,0,0,0,0,0,0,0,0,0,0,0,0,0,0,0,0,0,0,0,62586
1,1,1,1,1143,-2175,343,-2339,-551,168,-10,20,8,0,0,0,0,0,0,0,0,0,0,0,0,0,0,0,0,0,0,0,0,0,0,62596
1,1,1,1,1053,-2145,199,-2081,-511,111,-14,19,10,0,0,0,0,0,0,0,0,0,0,0,0,0,0,0,0,0,0,0,0,0,0,62606
1,1,1,1,1047,-2274,-38,-2018,-397,45,-16,20,12,0,0,0,0,0,0,0,0,0,0,0,0,0,0,0,0,0,0,0,0,0,0,62616
1,1,1,1,1063,-2149,-184,-2084,-166,25,-15,19,9,0,0,0,0,0,0,0,0,0,0,0,0,0,0,0,0,0,0,0,0,0,0,62626
1,1,1,1,1030,-2017,-176,-2056,88,83,-16,23,0,0,0,0,0,0,0,0,0,0,0,0,0,0,0,0,0,0,0,0,0,0,0,62636
1,1,1,1,987,-1750,182,-2115,0,422,-15,19,9,0,0,0,0,0,0,0,0,0,0,0,0,0,0,0,0,0,0,0,0,0,0,62646
1,1,1,1,1194,-2087,-233,-2085,121,540,-19,20,8,0,0,0,0,0,0,0,0,0,0,0,0,0,0,0,0,0,0,0,0,0,0,62656
1,1,1,1,1117,-2229,-322,-2442,345,627,-23,20,4,0,0,0,0,0,0,0,0,0,0,0,0,0,0,0,0,0,0,0,0,0,0,62666
1,1,1,1,1087,-2373,-65,-2972,145,685,-23,27,14,0,0,0,0,0,0,0,0,0,0,0,0,0,0,0,0,0,0,0,0,0,0,62676
1,1,1,1,1102,-2463,147,-2807,-170,500,-12,26,19,0,0,0,0,0,0,0,0,0,0,0,0,0,0,0,0,0,0,0,0,0,0,62686
1,1,1,1,1051,-2453,121,-2121,-446,187,-9,26,18,0,0,0,0,0,0,0,0,0,0,0,0,0,0,0,0,0,0,0,0,0,0,62696
1,1,1,1,976,-2164,-207,-1554,-459,98,-10,25,15,0,0,0,0,0,0,0,0,0,0,0,0,0,0,0,0,0,0,0,0,0,0,62706
1,1,1,1,1082,-2067,-462,-1226,-332,302,-11,25,13,0,0,0,0,0,0,0,0,0,0,0,0,0,0,0,0,0,0,0,0,0,0,62716
1,1,1,1,985,-2334,-465,-1507,-247,426,-14,26,21,0,0,0,0,0,0,0,0,0,0,0,0,0,0,0,0,0,0,0,0,0,0,62726
1,1,1,1,811,-2419,-411,-1944,-154,338,-10,28,20,0,0,0,0,0,0,0,0,0,0,0,0,0,0,0,0,0,0,0,0,0,0,62736
1,1,1,1,1078,-2420,-398,-1998,-170,357,-17,30,21,0,0,0,0,0,0,0,0,0,0,0,0,0,0,0,0,0,0,0,0,0,0,62746
1,1,1,1,1099,-2561,-487,-2456,-337,380,-22,31,24,0,0,0,0,0,0,0,0,0,0,0,0,0,0,0,0,0,0,0,0,0,0,62756
1,1,1,1,1095,-2548,-570,-3321,-522,388,-19,30,21,0,0,0,0,0,0,0,0,0,0,0,0,0,0,0,0,0,0,0,0,0,0,62766
1,1,1,1,820,-2129,-362,-3374,-460,404,1,28,25,0,0,0,0,0,0,0,0,0,0,0,0,0,0,0,0,0,0,0,0,0,0,62776
1,1,1,1,606,-1766,-259,-1471,-121,308,-9,27,23,0,0,0,0,0,0,0,0,0,0,0,0,0,0,0,0,0,0,0,0,0,0,62786
1,1,1,1,865,-2229,-606,-971,6,251,-11,26,23,0,0,0,0,0,0,0,0,0,0,0,0,0,0,0,0,0,0,0,0,0,0,62796
1,1,1,1,999,-2311,-767,-1068,-20,222,-6,25,19,0,0,0,0,0,0,0,0,0,0,0,0,0,0,0,0,0,0,0,0,0,0,62806
1,1,1,1,977,-2109,-754,-833,14,213,-9,23,16,0,0,0,0,0,0,0,0,0,0,0,0,0,0,0,0,0,0,0,0,0,0,62816
1,1,1,1,1014,-2127,-816,-941,11,254,-13,24,15,0,0,0,0,0,0,0,0,0,0,0,0,0,0,0,0,0,0,0,0,0,0,62826
1,1,1,1,1079,-2301,-869,-1477,-40,282,-14,25,17,0,0,0,0,0,0,0,0,0,0,0,0,0,0,0,0,0,0,0,0,0,0,62836
1,1,1,1,1122,-2319,-928,-1949,-137,242,-12,25,17,0,0,0,0,0,0,0,0,0,0,0,0,0,0,0,0,0,0,0,0,0,0,62846
1,1,1,1,1069,-2075,-751,-1923,-126,180,-3,24,16,0,0,0,0,0,0,0,0,0,0,0,0,0,0,0,0,0,0,0,0,0,0,62856
1,1,1,1,908,-1869,-685,-1010,-15,52,-6,23,13,0,0,0,0,0,0,0,0,0,0,0,0,0,0,0,0,0,0,0,0,0,0,62866
1,1,1,1,882,-1933,-851,-489,86,-25,-4,22,17,0,0,0,0,0,0,0,0,0,0,0,0,0,0,0,0,0,0,0,0,0,0,62876
1,1,1,1,903,-2032,-923,-162,170,-76,-2,22,14,0,0,0,0,0,0,0,0,0,0,0,0,0,0,0,0,0,0,0,0,0,0,62886
1,1,1,1,893,-2026,-921,41,224,-95,-4,23,14,0,0,0,0,0,0,0,0,0,0,0,0,0,0,0,0,0,0,0,0,0,0,62896
1,1,1,1,1022,-2201,-825,94,250,-81,-7,24,13,0,0,0,0,0,0,0,0,0,0,0,0,0,0,0,0,0,0,0,0,0,0,62906
1,1,1,1,1060,-2397,-839,-292,191,-38,-5,24,17,0,0,0,0,0,0,0,0,0,0,0,0,0,0,0,0,0,0,0,0,0,0,62916
1,1,1,1,1043,-2387,-776,-495,78,-72,-9,25,17,0,0,0,0,0,0,0,0,0,0,0,0,0,0,0,0,0,0,0,0,0,0,62926
1,1,1,1,954,-2242,-764,-400,13,-139,-6,23,17,0,0,0,0,0,0,0,0,0,0,0,0,0,0,0,0,0,0,0,0,0,0,62936
1,1,1,1,954,-2242,-764,-233,7,-99,-6,24,19,0,0,0,0,0,0,0,0,0,0,0,0,0,0,0,0,0,0,0,0,0,0,62946
1,1,1,1,822,-2076,-912,-31,60,-88,-3,21,15,0,0,0,0,0,0,0,0,0,0,0,0,0,0,0,0,0,0,0,0,0,0,62956
1,1,1,1,839,-2048,-922,190,110,-81,-6,20,17,0,0,0,0,0,0,0,0,0,0,0,0,0,0,0,0,0,0,0,0,0,0,62966
1,1,1,1,932,-2151,-997,165,123,-65,-5,22,13,0,0,0,0,0,0,0,0,0,0,0,0,0,0,0,0,0,0,0,0,0,0,62976
1,1,1,1,931,-2186,-961,103,90,-35,-9,22,8,0,0,0,0,0,0,0,0,0,0,0,0,0,0,0,0,0,0,0,0,0,0,62986
1,1,1,1,928,-2184,-914,-87,4,2,-6,22,13,0,0,0,0,0,0,0,0,0,0,0,0,0,0,0,0,0,0,0,0,0,0,62996
1,1,1,1,973,-2309,-938,-56,11,-14,-8,23,10,0,0,0,0,0,0,0,0,0,0,0,0,0,0,0,0,0,0,0,0,0,0,63006
1,1,1,1,927,-2222,-808,-108,-23,3,-6,22,11,0,0,0,0,0,0,0,0,0,0,0,0,0,0,0,0,0,0,0,0,0,0,63016
1,1,1,1,992,-2294,-898,-202,-16,-4,-8,22,12,0,0,0,0,0,0,0,0,0,0,0,0,0,0,0,0,0,0,0,0,0,0,63026
1,1,1,1,945,-2321,-929,-352,-37,8,-7,22,12,0,0,0,0,0,0,0,0,0,0,0,0,0,0,0,0,0,0,0,0,0,0,63036
1,1,1,1,880,-2227,-951,-379,-34,13,-4,19,7,0,0,0,0,0,0,0,0,0,0,0,0,0,0,0,0,0,0,0,0,0,0,63046
1,1,1,1,941,-2163,-962,-398,-36,16,-4,20,6,0,0,0,0,0,0,0,0,0,0,0,0,0,0,0,0,0,0,0,0,0,0,63056
1,1,1,1,966,-2131,-908,-322,-34,0,-2,21,6,0,0,0,0,0,0,0,0,0,0,0,0,0,0,0,0,0,0,0,0,0,0,63066
1,1,1,1,962,-2118,-919,-173,-23,-27,-5,21,6,0,0,0,0,0,0,0,0,0,0,0,0,0,0,0,0,0,0,0,0,0,0,63076
1,1,1,1,997,-2163,-982,-247,-33,-10,-7,22,7,0,0,0,0,0,0,0,0,0,0,0,0,0,0,0,0,0,0,0,0,0,0,63086
1,1,1,1,1060,-2238,-943,-343,-21,0,-7,24,8,0,0,0,0,0,0,0,0,0,0,0,0,0,0,0,0,0,0,0,0,0,0,63096
1,1,1,1,1091,-2263,-888,-403,-16,7,-8,24,7,0,0,0,0,0,0,0,0,0,0,0,0,0,0,0,0,0,0,0,0,0,0,63106
1,1,1,1,1072,-2307,-966,-592,-7,51,-12,24,7,0,0,0,0,0,0,0,0,0,0,0,0,0,0,0,0,0,0,0,0,0,0,63116
1,1,1,1,1077,-2390,-1032,-992,-6,109,-13,25,4,0,0,0,0,0,0,0,0,0,0,0,0,0,0,0,0,0,0,0,0,0,0,63126
1,1,1,1,1076,-2304,-1028,-1225,-13,156,-12,23,10,0,0,0,0,0,0,0,0,0,0,0,0,0,0,0,0,0,0,0,0,0,0,63136
1,1,1,1,985,-2149,-938,-1217,-30,126,-12,25,8,0,0,0,0,0,0,0,0,0,0,0,0,0,0,0,0,0,0,0,0,0,0,63146
1,1,1,1,870,-2026,-901,-1177,-67,138,-8,21,14,0,0,0,0,0,0,0,0,0,0,0,0,0,0,0,0,0,0,0,0,0,0,63156
1,1,1,1,1089,-2055,-1084,-1051,124,111,-9,21,16,0,0,0,0,0,0,0,0,0,0,0,0,0,0,0,0,0,0,0,0,0,0,63166
1,1,1,1,937,-2130,-1135,-890,317,64,-14,21,13,0,0,0,0,0,0,0,0,0,0,0,0,0,0,0,0,0,0,0,0,0,0,63176
1,1,1,1,866,-1988,-815,-1228,107,202,-10,20,16,0,0,0,0,0,0,0,0,0,0,0,0,0,0,0,0,0,0,0,0,0,0,63186
1,1,1,1,993,-2192,-1223,-1273,276,171,-15,20,11,0,0,0,0,0,0,0,0,0,0,0,0,0,0,0,0,0,0,0,0,0,0,63196
1,1,1,1,958,-2129,-1091,-1277,357,278,-19,19,9,0,0,0,0,0,0,0,0,0,0,0,0,0,0,0,0,0,0,0,0,0,0,63206
1,1,1,1,970,-2274,-1123,-1701,304,365,-19,21,14,0,0,0,0,0,0,0,0,0,0,0,0,0,0,0,0,0,0,0,0,0,0,63216
1,1,1,1,990,-2393,-1086,-2200,132,301,-16,21,12,0,0,0,0,0,0,0,0,0,0,0,0,0,0,0,0,0,0,0,0,0,0,63226
1,1,1,1,849,-2164,-961,-2113,-41,146,-14,22,14,0,0,0,0,0,0,0,0,0,0,0,0,0,0,0,0,0,0,0,0,0,0,63236
1,1,1,1,890,-1925,-914,-1797,-190,28,-17,21,14,0,0,0,0,0,0,0,0,0,0,0,0,0,0,0,0,0,0,0,0,0,0,63246
1,1,1,1,1002,-1926,-1135,-1817,-313,-139,-19,17,16,0,0,0,0,0,0,0,0,0,0,0,0,0,0,0,0,0,0,0,0,0,0,63256
1,1,1,1,808,-1991,-1262,-2171,-243,-207,-22,17,18,0,0,0,0,0,0,0,0,0,0,0,0,0,0,0,0,0,0,0,0,0,0,63266
1,1,1,1,677,-2060,-1281,-2401,-35,-28,-16,19,12,0,0,0,0,0,0,0,0,0,0,0,0,0,0,0,0,0,0,0,0,0,0,63276
1,1,1,1,988,-2017,-1527,-2015,-30,272,-16,22,13,0,0,0,0,0,0,0,0,0,0,0,0,0,0,0,0,0,0,0,0,0,0,63286
1,1,1,1,1280,-1900,-1465,-1527,-134,301,-23,22,13,0,0,0,0,0,0,0,0,0,0,0,0,0,0,0,0,0,0,0,0,0,0,63296
1,1,1,1,1130,-2130,-1350,-1922,-203,238,-25,24,20,0,0,0,0,0,0,0,0,0,0,0,0,0,0,0,0,0,0,0,0,0,0,63306
1,1,1,1,999,-2178,-1436,-2315,-262,136,-27,19,16,0,0,0,0,0,0,0,0,0,0,0,0,0,0,0,0,0,0,0,0,0,0,63316
1,1,1,1,915,-2196,-1563,-2668,-252,104,-22,21,17,0,0,0,0,0,0,0,0,0,0,0,0,0,0,0,0,0,0,0,0,0,0,63326
1,1,1,1,776,-2214,-1548,-2245,-191,204,-12,22,24,0,0,0,0,0,0,0,0,0,0,0,0,0,0,0,0,0,0,0,0,0,0,63336
1,1,1,1,789,-1963,-1514,-1145,-51,254,-13,20,19,0,0,0,0,0,0,0,0,0,0,0,0,0,0,0,0,0,0,0,0,0,0,63346
1,1,1,1,1055,-1636,-1355,-887,3,281,-18,19,21,0,0,0,0,0,0,0,0,0,0,0,0,0,0,0,0,0,0,0,0,0,0,63356
1,1,1,1,973,-1529,-1587,-1009,30,120,-19,20,22,0,0,0,0,0,0,0,0,0,0,0,0,0,0,0,0,0,0,0,0,0,0,63366
1,1,1,1,733,-1598,-1758,-997,-53,47,-20,19,22,0,0,0,0,0,0,0,0,0,0,0,0,0,0,0,0,0,0,0,0,0,0,63376
1,1,1,1,729,-1777,-1857,-1127,-36,23,-25,20,21,0,0,0,0,0,0,0,0,0,0,0,0,0,0,0,0,0,0,0,0,0,0,63386
1,1,1,1,921,-1840,-1742,-1556,-68,20,-24,19,22,0,0,0,0,0,0,0,0,0,0,0,0,0,0,0,0,0,0,0,0,0,0,63396
1,1,1,1,986,-1978,-1606,-1955,-102,-40,-19,19,21,0,0,0,0,0,0,0,0,0,0,0,0,0,0,0,0,0,0,0,0,0,0,63406
1,1,1,1,1001,-1888,-1665,-1988,-104,-91,-19,18,19,0,0,0,0,0,0,0,0,0,0,0,0,0,0,0,0,0,0,0,0,0,0,63416
1,1,1,1,961,-1793,-1814,-1789,-56,-145,-13,17,15,0,0,0,0,0,0,0,0,0,0,0,0,0,0,0,0,0,0,0,0,0,0,63426
1,1,1,1,938,-1640,-1875,-1196,65,-191,-7,17,17,0,0,0,0,0,0,0,0,0,0,0,0,0,0,0,0,0,0,0,0,0,0,63436
1,1,1,1,960,-1510,-1601,-478,175,-147,-10,18,15,0,0,0,0,0,0,0,0,0,0,0,0,0,0,0,0,0,0,0,0,0,0,63446
1,1,1,1,988,-1459,-1582,-151,284,-49,-10,18,13,0,0,0,0,0,0,0,0,0,0,0,0,0,0,0,0,0,0,0,0,0,0,63456
1,1,1,1,982,-1436,-1851,215,372,25,-8,18,14,0,0,0,0,0,0,0,0,0,0,0,0,0,0,0,0,0,0,0,0,0,0,63466
1,1,1,1,994,-1495,-1919,632,416,57,-10,19,13,0,0,0,0,0,0,0,0,0,0,0,0,0,0,0,0,0,0,0,0,0,0,63476
1,1,1,1,1038,-1639,-1833,546,415,39,-15,20,15,0,0,0,0,0,0,0,0,0,0,0,0,0,0,0,0,0,0,0,0,0,0,63486
1,1,1,1,1117,-1869,-1735,24,224,66,-13,21,16,0,0,0,0,0,0,0,0,0,0,0,0,0,0,0,0,0,0,0,0,0,0,63496
1,1,1,1,1084,-1884,-1709,-161,32,129,-12,20,17,0,0,0,0,0,0,0,0,0,0,0,0,0,0,0,0,0,0,0,0,0,0,63506
1,1,1,1,980,-1787,-1726,-238,-63,118,-10,19,17,0,0,0,0,0,0,0,0,0,0,0,0,0,0,0,0,0,0,0,0,0,0,63516
1,1,1,1,873,-1643,-1739,-251,-39,44,-12,19,16,0,0,0,0,0,0,0,0,0,0,0,0,0,0,0,0,0,0,0,0,0,0,63526
1,1,1,1,826,-1490,-1769,-168,-20,90,-13,20,18,0,0,0,0,0,0,0,0,0,0,0,0,0,0,0,0,0,0,0,0,0,0,63536
1,1,1,1,809,-1525,-1749,5,26,133,-11,18,20,0,0,0,0,0,0,0,0,0,0,0,0,0,0,0,0,0,0,0,0,0,0,63546
1,1,1,1,840,-1662,-1776,132,124,77,-13,21,20,0,0,0,0,0,0,0,0,0,0,0,0,0,0,0,0,0,0,0,0,0,0,63556
1,1,1,1,942,-1766,-1816,7,50,40,-18,23,22,0,0,0,0,0,0,0,0,0,0,0,0,0,0,0,0,0,0,0,0,0,0,63566
1,1,1,1,906,-1842,-1820,-201,-49,-4,-17,23,24,0,0,0,0,0,0,0,0,0,0,0,0,0,0,0,0,0,0,0,0,0,0,63576
1,1,1,1,905,-1788,-1773,-294,-118,-74,-17,21,24,0,0,0,0,0,0,0,0,0,0,0,0,0,0,0,0,0,0,0,0,0,0,63586
1,1,1,1,850,-1699,-1799,-409,-156,-115,-17,18,24,0,0,0,0,0,0,0,0,0,0,0,0,0,0,0,0,0,0,0,0,0,0,63596
1,1,1,1,806,-1657,-1874,-549,-133,-94,-19,21,28,0,0,0,0,0,0,0,0,0,0,0,0,0,0,0,0,0,0,0,0,0,0,63606
1,1,1,1,812,-1634,-1875,-570,-100,-56,-16,19,23,0,0,0,0,0,0,0,0,0,0,0,0,0,0,0,0,0,0,0,0,0,0,63616
1,1,1,1,857,-1554,-1739,-431,-59,-58,-11,19,26,0,0,0,0,0,0,0,0,0,0,0,0,0,0,0,0,0,0,0,0,0,0,63626
1,1,1,1,947,-1481,-1590,-197,-23,-108,-11,19,25,0,0,0,0,0,0,0,0,0,0,0,0,0,0,0,0,0,0,0,0,0,0,63636
1,1,1,1,980,-1540,-1706,-59,6,-169,-13,16,25,0,0,0,0,0,0,0,0,0,0,0,0,0,0,0,0,0,0,0,0,0,0,63646
1,1,1,1,939,-1587,-1802,-27,7,-194,-14,18,29,0,0,0,0,0,0,0,0,0,0,0,0,0,0,0,0,0,0,0,0,0,0,63656
1,1,1,1,934,-1538,-1761,76,47,-218,-15,19,26,0,0,0,0,0,0,0,0,0,0,0,0,0,0,0,0,0,0,0,0,0,0,63666
1,1,1,1,908,-1501,-1760,107,61,-208,-17,18,28,0,0,0,0,0,0,0,0,0,0,0,0,0,0,0,0,0,0,0,0,0,0,63676
1,1,1,1,931,-1603,-1837,1,51,-210,-18,19,32,0,0,0,0,0,0,0,0,0,0,0,0,0,0,0,0,0,0,0,0,0,0,63686
1,1,1,1,997,-1704,-1764,-56,52,-247,-18,19,29,0,0,0,0,0,0,0,0,0,0,0,0,0,0,0,0,0,0,0,0,0,0,63696
1,1,1,1,1012,-1717,-1757,-135,2,-291,-20,19,31,0,0,0,0,0,0,0,0,0,0,0,0,0,0,0,0,0,0,0,0,0,0,63706
1,1,1,1,918,-1687,-1812,-210,-12,-310,-17,18,30,0,0,0,0,0,0,0,0,0,0,0,0,0,0,0,0,0,0,0,0,0,0,63716
1,1,1,1,854,-1619,-1846,-147,26,-289,-14,17,30,0,0,0,0,0,0,0,0,0,0,0,0,0,0,0,0,0,0,0,0,0,0,63726
1,1,1,1,866,-1557,-1802,30,75,-294,-16,16,30,0,0,0,0,0,0,0,0,0,0,0,0,0,0,0,0,0,0,0,0,0,0,63736
1,1,1,1,897,-1543,-1739,244,113,-334,-17,16,27,0,0,0,0,0,0,0,0,0,0,0,0,0,0,0,0,0,0,0,0,0,0,63746
1,1,1,1,928,-1546,-1770,359,161,-341,-18,15,25,0,0,0,0,0,0,0,0,0,0,0,0,0,0,0,0,0,0,0,0,0,0,63756
1,1,1,1,962,-1527,-1823,263,177,-258,-23,17,31,0,0,0,0,0,0,0,0,0,0,0,0,0,0,0,0,0,0,0,0,0,0,63766
1,1,1,1,982,-1631,-1834,177,181,-223,-24,17,32,0,0,0,0,0,0,0,0,0,0,0,0,0,0,0,0,0,0,0,0,0,0,63776
1,1,1,1,1041,-1727,-1785,-17,127,-219,-22,17,38,0,0,0,0,0,0,0,0,0,0,0,0,0,0,0,0,0,0,0,0,0,0,63786
1,1,1,1,1093,-1841,-1858,-209,82,-226,-25,17,38,0,0,0,0,0,0,0,0,0,0,0,0,0,0,0,0,0,0,0,0,0,0,63796
1,1,1,1,1014,-1791,-1829,-332,41,-226,-24,16,35,0,0,0,0,0,0,0,0,0,0,0,0,0,0,0,0,0,0,0,0,0,0,63806
1,1,1,1,892,-1541,-1726,-322,-62,-167,-22,16,37,0,0,0,0,0,0,0,0,0,0,0,0,0,0,0,0,0,0,0,0,0,0,63816
1,1,1,1,930,-1441,-1736,-154,2,-169,-23,17,42,0,0,0,0,0,0,0,0,0,0,0,0,0,0,0,0,0,0,0,0,0,0,63826
1,1,1,1,1008,-1533,-1739,45,22,-206,-26,20,44,0,0,0,0,0,0,0,0,0,0,0,0,0,0,0,0,0,0,0,0,0,0,63836
1,1,1,1,998,-1568,-1815,128,49,-205,-27,19,46,0,0,0,0,0,0,0,0,0,0,0,0,0,0,0,0,0,0,0,0,0,0,63846
1,1,1,1,1009,-1543,-1814,172,47,-219,-29,21,45,0,0,0,0,0,0,0,0,0,0,0,0,0,0,0,0,0,0,0,0,0,0,63856
1,1,1,1,1023,-1588,-1855,134,29,-229,-27,18,48,0,0,0,0,0,0,0,0,0,0,0,0,0,0,0,0,0,0,0,0,0,0,63866
1,1,1,1,1026,-1756,-1858,-392,-63,-154,-33,20,51,0,0,0,0,0,0,0,0,0,0,0,0,0,0,0,0,0,0,0,0,0,0,63896
1,1,1,1,995,-1688,-1891,-500,-99,-112,-33,21,52,0,0,0,0,0,0,0,0,0,0,0,0,0,0,0,0,0,0,0,0,0,0,63906
1,1,1,1,992,-1575,-1788,-418,-98,-97,-30,19,51,0,0,0,0,0,0,0,0,0,0,0,0,0,0,0,0,0,0,0,0,0,0,63916
1,1,1,1,1031,-1529,-1717,-262,-77,-113,-33,20,52,0,0,0,0,0,0,0,0,0,0,0,0,0,0,0,0,0,0,0,0,0,0,63926
1,1,1,1,1008,-1586,-1857,-288,-71,-104,-34,20,55,0,0,0,0,0,0,0,0,0,0,0,0,0,0,0,0,0,0,0,0,0,0,63936
1,1,1,1,998,-1630,-1880,-399,-91,-98,-31,20,58,0,0,0,0,0,0,0,0,0,0,0,0,0,0,0,0,0,0,0,0,0,0,63946
1,1,1,1,1008,-1579,-1818,-422,-87,-97,-31,21,57,0,0,0,0,0,0,0,0,0,0,0,0,0,0,0,0,0,0,0,0,0,0,63956
1,1,1,1,1016,-1571,-1819,-471,-80,-81,-36,21,55,0,0,0,0,0,0,0,0,0,0,0,0,0,0,0,0,0,0,0,0,0,0,63966
1,1,1,1,1046,-1563,-1846,-638,-110,-62,-35,19,57,0,0,0,0,0,0,0,0,0,0,0,0,0,0,0,0,0,0,0,0,0,0,63976
1,1,1,1,1053,-1560,-1786,-780,-140,-60,-36,20,57,0,0,0,0,0,0,0,0,0,0,0,0,0,0,0,0,0,0,0,0,0,0,63986
1,1,1,1,1022,-1453,-1783,-736,-143,-104,-35,19,59,0,0,0,0,0,0,0,0,0,0,0,0,0,0,0,0,0,0,0,0,0,0,63996
1,1,1,1,928,-1345,-1847,-644,-127,-106,-35,19,60,0,0,0,0,0,0,0,0,0,0,0,0,0,0,0,0,0,0,0,0,0,0,64006
1,1,1,1,927,-1426,-1892,-604,-129,-112,-34,19,61,0,0,0,0,0,0,0,0,0,0,0,0,0,0,0,0,0,0,0,0,0,0,64016
1,1,1,1,954,-1526,-1868,-484,-93,-138,-35,20,62,0,0,0,0,0,0,0,0,0,0,0,0,0,0,0,0,0,0,0,0,0,0,64026
1,1,1,1,972,-1576,-1831,-472,-117,-133,-37,19,64,0,0,0,0,0,0,0,0,0,0,0,0,0,0,0,0,0,0,0,0,0,0,64036
1,1,1,1,923,-1609,-1940,-609,-145,-136,-38,20,65,0,0,0,0,0,0,0,0,0,0,0,0,0,0,0,0,0,0,0,0,0,0,64046
1,1,1,1,905,-1499,-1884,-550,-139,-129,-39,20,68,0,0,0,0,0,0,0,0,0,0,0,0,0,0,0,0,0,0,0,0,0,0,64056
1,1,1,1,938,-1427,-1876,-461,-138,-129,-41,21,68,0,0,0,0,0,0,0,0,0,0,0,0,0,0,0,0,0,0,0,0,0,0,64066
1,1,1,1,949,-1436,-1943,-512,-134,-86,-41,21,69,0,0,0,0,0,0,0,0,0,0,0,0,0,0,0,0,0,0,0,0,0,0,64076
1,1,1,1,1062,-1461,-1930,-537,-114,-59,-43,20,69,0,0,0,0,0,0,0,0,0,0,0,0,0,0,0,0,0,0,0,0,0,0,64086
1,1,1,1,1136,-1466,-1890,-536,-89,-54,-42,21,71,0,0,0,0,0,0,0,0,0,0,0,0,0,0,0,0,0,0,0,0,0,0,64096
1,1,1,1,1095,-1416,-1886,-621,-83,-21,-43,21,76,0,0,0,0,0,0,0,0,0,0,0,0,0,0,0,0,0,0,0,0,0,0,64106
1,1,1,1,1070,-1415,-1983,-652,-57,-21,-43,22,74,0,0,0,0,0,0,0,0,0,0,0,0,0,0,0,0,0,0,0,0,0,0,64116
1,1,1,1,1069,-1303,-1885,-523,-40,-37,-43,21,76,0,0,0,0,0,0,0,0,0,0,0,0,0,0,0,0,0,0,0,0,0,0,64126
1,1,1,1,1069,-1303,-1885,-407,-12,-39,-44,22,75,0,0,0,0,0,0,0,0,0,0,0,0,0,0,0,0,0,0,0,0,0,0,64136
1,1,1,1,996,-1273,-1998,-365,-8,-40,-43,23,76,0,0,0,0,0,0,0,0,0,0,0,0,0,0,0,0,0,0,0,0,0,0,64146
1,1,1,1,1008,-1285,-2015,-335,-9,-35,-43,20,76,0,0,0,0,0,0,0,0,0,0,0,0,0,0,0,0,0,0,0,0,0,0,64156
1,1,1,1,1035,-1203,-1940,-256,-7,-23,-45,23,76,0,0,0,0,0,0,0,0,0,0,0,0,0,0,0,0,0,0,0,0,0,0,64166
1,1,1,1,1065,-1225,-1934,-288,-16,-20,-49,23,77,0,0,0,0,0,0,0,0,0,0,0,0,0,0,0,0,0,0,0,0,0,0,64176
1,1,1,1,1059,-1345,-1959,-445,-48,17,-49,21,78,0,0,0,0,0,0,0,0,0,0,0,0,0,0,0,0,0,0,0,0,0,0,64186
1,1,1,1,1072,-1365,-1968,-498,-34,35,-49,21,79,0,0,0,0,0,0,0,0,0,0,0,0,0,0,0,0,0,0,0,0,0,0,64196
1,1,1,1,1085,-1344,-1924,-467,-9,35,-51,19,81,0,0,0,0,0,0,0,0,0,0,0,0,0,0,0,0,0,0,0,0,0,0,64206
1,1,1,1,1053,-1250,-1920,-409,-4,34,-51,23,82,0,0,0,0,0,0,0,0,0,0,0,0,0,0,0,0,0,0,0,0,0,0,64216
1,1,1,1,1041,-1209,-1948,-329,-3,28,-51,20,83,0,0,0,0,0,0,0,0,0,0,0,0,0,0,0,0,0,0,0,0,0,0,64226
1,1,1,1,1060,-1254,-1967,-361,-36,41,-52,20,84,0,0,0,0,0,0,0,0,0,0,0,0,0,0,0,0,0,0,0,0,0,0,64236
1,1,1,1,1049,-1370,-2074,-463,-12,48,-53,18,82,0,0,0,0,0,0,0,0,0,0,0,0,0,0,0,0,0,0,0,0,0,0,64246
1,1,1,1,1016,-1347,-2043,-509,-27,49,-53,18,83,0,0,0,0,0,0,0,0,0,0,0,0,0,0,0,0,0,0,0,0,0,0,64256
1,1,1,1,946,-1206,-2057,-521,-44,74,-54,16,81,0,0,0,0,0,0,0,0,0,0,0,0,0,0,0,0,0,0,0,0,0,0,64266
1,1,1,1,894,-1159,-2056,-477,-42,82,-52,16,79,0,0,0,0,0,0,0,0,0,0,0,0,0,0,0,0,0,0,0,0,0,0,64276
1,1,1,1,903,-1141,-2053,-478,-40,73,-50,16,77,0,0,0,0,0,0,0,0,0,0,0,0,0,0,0,0,0,0,0,0,0,0,64286
1,1,1,1,909,-1142,-2079,-492,-35,48,-51,18,77,0,0,0,0,0,0,0,0,0,0,0,0,0,0,0,0,0,0,0,0,0,0,64296
1,1,1,1,969,-1084,-2065,-468,12,28,-49,19,77,0,0,0,0,0,0,0,0,0,0,0,0,0,0,0,0,0,0,0,0,0,0,64306
1,1,1,1,1001,-1100,-2040,-503,25,-14,-47,19,76,0,0,0,0,0,0,0,0,0,0,0,0,0,0,0,0,0,0,0,0,0,0,64316
1,1,1,1,1131,-1247,-2025,-649,3,-42,-50,19,76,0,0,0,0,0,0,0,0,0,0,0,0,0,0,0,0,0,0,0,0,0,0,64326
1,1,1,1,1129,-1319,-2077,-790,19,-45,-46,19,75,0,0,0,0,0,0,0,0,0,0,0,0,0,0,0,0,0,0,0,0,0,0,64336
1,1,1,1,1069,-1215,-1984,-773,24,-45,-47,19,75,0,0,0,0,0,0,0,0,0,0,0,0,0,0,0,0,0,0,0,0,0,0,64346
1,1,1,1,1112,-1065,-1977,-717,19,-54,-48,20,76,0,0,0,0,0,0,0,0,0,0,0,0,0,0,0,0,0,0,0,0,0,0,64356
1,1,1,1,1008,-1079,-2056,-741,-32,-35,-47,19,79,0,0,0,0,0,0,0,0,0,0,0,0,0,0,0,0,0,0,0,0,0,0,64366
1,1,1,1,1000,-1095,-2097,-566,-11,-53,-44,19,78,0,0,0,0,0,0,0,0,0,0,0,0,0,0,0,0,0,0,0,0,0,0,64376
1,1,1,1,1028,-1004,-1935,-352,-5,-70,-45,19,79,0,0,0,0,0,0,0,0,0,0,0,0,0,0,0,0,0,0,0,0,0,0,64386
1,1,1,1,991,-1079,-2009,-380,-37,-45,-46,19,82,0,0,0,0,0,0,0,0,0,0,0,0,0,0,0,0,0,0,0,0,0,0,64396
1,1,1,1,997,-1243,-2160,-373,-40,-46,-46,20,83,0,0,0,0,0,0,0,0,0,0,0,0,0,0,0,0,0,0,0,0,0,0,64406
1,1,1,1,1014,-1190,-2079,-234,-26,-43,-47,18,80,0,0,0,0,0,0,0,0,0,0,0,0,0,0,0,0,0,0,0,0,0,0,64416
1,1,1,1,974,-1157,-2045,-218,-33,-2,-49,20,84,0,0,0,0,0,0,0,0,0,0,0,0,0,0,0,0,0,0,0,0,0,0,64426
1,1,1,1,964,-1196,-2128,-262,-65,35,-47,20,87,0,0,0,0,0,0,0,0,0,0,0,0,0,0,0,0,0,0,0,0,0,0,64436
1,1,1,1,986,-1161,-2195,-227,-61,61,-49,22,87,0,0,0,0,0,0,0,0,0,0,0,0,0,0,0,0,0,0,0,0,0,0,64446
1,1,1,1,958,-1089,-2102,-170,-68,91,-50,23,85,0,0,0,0,0,0,0,0,0,0,0,0,0,0,0,0,0,0,0,0,0,0,64456
1,1,1,1,993,-1091,-2103,-252,-116,139,-46,18,84,0,0,0,0,0,0,0,0,0,0,0,0,0,0,0,0,0,0,0,0,0,0,64466
1,1,1,1,1061,-1188,-2177,-255,-98,131,-50,21,86,0,0,0,0,0,0,0,0,0,0,0,0,0,0,0,0,0,0,0,0,0,0,64476
1,1,1,1,1056,-1126,-2091,-208,-91,126,-49,20,87,0,0,0,0,0,0,0,0,0,0,0,0,0,0,0,0,0,0,0,0,0,0,64486
1,1,1,1,1059,-1075,-2050,-132,-84,116,-47,19,87,0,0,0,0,0,0,0,0,0,0,0,0,0,0,0,0,0,0,0,0,0,0,64496
1,1,1,1,999,-1067,-2051,-6,-45,85,-50,21,86,0,0,0,0,0,0,0,0,0,0,0,0,0,0,0,0,0,0,0,0,0,0,64506
1,1,1,1,973,-1061,-2064,-90,-65,120,-49,21,85,0,0,0,0,0,0,0,0,0,0,0,0,0,0,0,0,0,0,0,0,0,0,64516
1,1,1,1,1002,-1175,-2102,-171,-61,108,-45,20,85,0,0,0,0,0,0,0,0,0,0,0,0,0,0,0,0,0,0,0,0,0,0,64526
1,1,1,1,919,-1100,-2121,-249,-75,125,-49,21,86,0,0,0,0,0,0,0,0,0,0,0,0,0,0,0,0,0,0,0,0,0,0,64536
1,1,1,1,911,-1082,-2182,-371,-104,142,-48,22,85,0,0,0,0,0,0,0,0,0,0,0,0,0,0,0,0,0,0,0,0,0,0,64546
1,1,1,1,924,-1084,-2176,-356,-92,125,-46,21,83,0,0,0,0,0,0,0,0,0,0,0,0,0,0,0,0,0,0,0,0,0,0,64556
1,1,1,1,893,-919,-2143,-279,-67,173,-44,21,80,0,0,0,0,0,0,0,0,0,0,0,0,0,0,0,0,0,0,0,0,0,0,64566
1,1,1,1,904,-858,-2155,-206,-38,246,-44,19,69,0,0,0,0,0,0,0,0,0,0,0,0,0,0,0,0,0,0,0,0,0,0,64576
1,1,1,1,905,-557,-2139,-317,-6,604,-48,21,67,0,0,0,0,0,0,0,0,0,0,0,0,0,0,0,0,0,0,0,0,0,0,64586
1,1,1,1,820,-621,-2179,-542,-46,993,-44,19,65,0,0,0,0,0,0,0,0,0,0,0,0,0,0,0,0,0,0,0,0,0,0,64596
1,1,1,1,975,-1138,-2261,-642,37,789,-39,19,63,0,0,0,0,0,0,0,0,0,0,0,0,0,0,0,0,0,0,0,0,0,0,64606
1,1,1,1,1013,-1456,-2135,-659,79,355,-34,21,57,0,0,0,0,0,0,0,0,0,0,0,0,0,0,0,0,0,0,0,0,0,0,64616
1,1,1,1,1235,-1564,-1945,-618,-19,-205,-32,17,43,0,0,0,0,0,0,0,0,0,0,0,0,0,0,0,0,0,0,0,0,0,0,64626
1,1,1,1,1122,-995,-1871,-737,-1,-220,-31,16,35,0,0,0,0,0,0,0,0,0,0,0,0,0,0,0,0,0,0,0,0,0,0,64636
1,1,1,1,1159,-863,-1940,-1113,96,-307,-45,14,30,0,0,0,0,0,0,0,0,0,0,0,0,0,0,0,0,0,0,0,0,0,0,64646
1,1,1,1,1393,-705,-2341,-2446,106,-405,-26,16,28,0,0,0,0,0,0,0,0,0,0,0,0,0,0,0,0,0,0,0,0,0,0,64656
1,1,1,1,567,-914,-1915,-1783,41,-448,-27,13,29,0,0,0,0,0,0,0,0,0,0,0,0,0,0,0,0,0,0,0,0,0,0,64666
1,1,1,1,839,-1039,-2159,-1612,84,-460,-32,14,26,0,0,0,0,0,0,0,0,0,0,0,0,0,0,0,0,0,0,0,0,0,0,64676
1,1,1,1,953,-1028,-2332,-2287,-4,-598,-27,14,24,0,0,0,0,0,0,0,0,0,0,0,0,0,0,0,0,0,0,0,0,0,0,64686
1,1,1,1,879,-878,-2097,-2464,-65,-756,-22,13,17,0,0,0,0,0,0,0,0,0,0,0,0,0,0,0,0,0,0,0,0,0,0,64696
1,1,1,1,869,-711,-1984,-2091,33,-721,-21,14,16,0,0,0,0,0,0,0,0,0,0,0,0,0,0,0,0,0,0,0,0,0,0,64706
1,1,1,1,1038,-758,-2222,-1913,140,-654,-25,15,11,0,0,0,0,0,0,0,0,0,0,0,0,0,0,0,0,0,0,0,0,0,0,64716
1,1,1,1,1204,-989,-2295,-2424,73,-710,-21,15,12,0,0,0,0,0,0,0,0,0,0,0,0,0,0,0,0,0,0,0,0,0,0,64726
1,1,1,1,1172,-829,-2274,-2819,31,-785,-23,15,10,0,0,0,0,0,0,0,0,0,0,0,0,0,0,0,0,0,0,0,0,0,0,64736
1,1,1,1,1164,-600,-2127,-2751,98,-821,-19,18,8,0,0,0,0,0,0,0,0,0,0,0,0,0,0,0,0,0,0,0,0,0,0,64746
1,1,1,1,804,-326,-2021,-1238,97,-476,-17,13,3,0,0,0,0,0,0,0,0,0,0,0,0,0,0,0,0,0,0,0,0,0,0,64766
1,1,1,1,893,-248,-2210,-1115,-6,-275,-13,14,5,0,0,0,0,0,0,0,0,0,0,0,0,0,0,0,0,0,0,0,0,0,0,64776
1,1,1,1,941,-365,-2368,-665,101,-198,-9,10,6,0,0,0,0,0,0,0,0,0,0,0,0,0,0,0,0,0,0,0,0,0,0,64786
1,1,1,1,998,-479,-2344,-347,211,-269,-11,13,9,0,0,0,0,0,0,0,0,0,0,0,0,0,0,0,0,0,0,0,0,0,0,64796
1,1,1,1,965,-594,-2341,-196,286,-370,-12,12,4,0,0,0,0,0,0,0,0,0,0,0,0,0,0,0,0,0,0,0,0,0,0,64806
1,1,1,1,1008,-599,-2420,-408,277,-438,-14,12,1,0,0,0,0,0,0,0,0,0,0,0,0,0,0,0,0,0,0,0,0,0,0,64816
1,1,1,1,1041,-452,-2408,-802,260,-458,-16,13,-3,0,0,0,0,0,0,0,0,0,0,0,0,0,0,0,0,0,0,0,0,0,0,64826
1,1,1,1,1073,-311,-2276,-1220,221,-440,-12,11,-2,0,0,0,0,0,0,0,0,0,0,0,0,0,0,0,0,0,0,0,0,0,0,64836
1,1,1,1,1085,-221,-2084,-1319,75,-289,-6,10,-5,0,0,0,0,0,0,0,0,0,0,0,0,0,0,0,0,0,0,0,0,0,0,64846
1,1,1,1,1076,-143,-2005,-890,30,-92,-8,13,-2,0,0,0,0,0,0,0,0,0,0,0,0,0,0,0,0,0,0,0,0,0,0,64856
1,1,1,1,1100,-169,-2041,-755,4,-3,-9,14,0,0,0,0,0,0,0,0,0,0,0,0,0,0,0,0,0,0,0,0,0,0,0,64866
1,1,1,1,1160,-347,-1916,-690,-121,-9,-8,13,7,0,0,0,0,0,0,0,0,0,0,0,0,0,0,0,0,0,0,0,0,0,0,64876
1,1,1,1,1290,-561,-2103,-533,-183,-200,-11,11,2,0,0,0,0,0,0,0,0,0,0,0,0,0,0,0,0,0,0,0,0,0,0,64886
1,1,1,1,1059,-320,-2299,-525,-171,-260,-14,7,-3,0,0,0,0,0,0,0,0,0,0,0,0,0,0,0,0,0,0,0,0,0,0,64896
1,1,1,1,974,-145,-2359,-656,-178,-154,-11,6,-5,0,0,0,0,0,0,0,0,0,0,0,0,0,0,0,0,0,0,0,0,0,0,64906
1,1,1,1,951,-122,-2341,-584,-123,-88,-11,4,-9,0,0,0,0,0,0,0,0,0,0,0,0,0,0,0,0,0,0,0,0,0,0,64916
1,1,1,1,959,-63,-2203,-336,-23,-86,-11,3,-5,0,0,0,0,0,0,0,0,0,0,0,0,0,0,0,0,0,0,0,0,0,0,64926
1,1,1,1,966,-59,-2144,-286,-31,-77,-14,4,-14,0,0,0,0,0,0,0,0,0,0,0,0,0,0,0,0,0,0,0,0,0,0,64936
1,1,1,1,954,-44,-2135,-389,-99,-14,-15,4,-3,0,0,0,0,0,0,0,0,0,0,0,0,0,0,0,0,0,0,0,0,0,0,64946
1,1,1,1,992,-196,-2198,-465,-117,-20,-16,4,-4,0,0,0,0,0,0,0,0,0,0,0,0,0,0,0,0,0,0,0,0,0,0,64956
1,1,1,1,952,-194,-2179,-334,-92,-45,-16,3,-1,0,0,0,0,0,0,0,0,0,0,0,0,0,0,0,0,0,0,0,0,0,0,64966
1,1,1,1,1019,-199,-2099,-146,-82,-55,-18,2,-3,0,0,0,0,0,0,0,0,0,0,0,0,0,0,0,0,0,0,0,0,0,0,64976
1,1,1,1,1004,-268,-2191,-176,-120,-75,-20,-2,-4,0,0,0,0,0,0,0,0,0,0,0,0,0,0,0,0,0,0,0,0,0,0,64986
1,1,1,1,871,-198,-2314,-226,-120,-52,-22,-4,-12,0,0,0,0,0,0,0,0,0,0,0,0,0,0,0,0,0,0,0,0,0,0,64996
1,1,1,1,863,-113,-2243,-247,-126,-20,-27,-7,-11,0,0,0,0,0,0,0,0,0,0,0,0,0,0,0,0,0,0,0,0,0,0,65006
1,1,1,1,918,-205,-2224,-439,-194,3,-25,-9,-14,0,0,0,0,0,0,0,0,0,0,0,0,0,0,0,0,0,0,0,0,0,0,65016
1,1,1,1,891,-150,-2281,-530,-182,6,-27,-11,-18,0,0,0,0,0,0,0,0,0,0,0,0,0,0,0,0,0,0,0,0,0,0,65026
1,1,1,1,864,-51,-2259,-454,-116,47,-30,-11,-11,0,0,0,0,0,0,0,0,0,0,0,0,0,0,0,0,0,0,0,0,0,0,65036
1,1,1,1,957,-168,-2203,-603,-135,43,-33,-5,-12,0,0,0,0,0,0,0,0,0,0,0,0,0,0,0,0,0,0,0,0,0,0,65046
1,1,1,1,1001,-228,-2253,-772,-194,32,-29,-9,-10,0,0,0,0,0,0,0,0,0,0,0,0,0,0,0,0,0,0,0,0,0,0,65056
1,1,1,1,1046,-174,-2207,-786,-186,59,-27,-12,-19,0,0,0,0,0,0,0,0,0,0,0,0,0,0,0,0,0,0,0,0,0,0,65066
1,1,1,1,1098,-175,-2077,-858,-225,85,-32,-6,-14,0,0,0,0,0,0,0,0,0,0,0,0,0,0,0,0,0,0,0,0,0,0,65076
1,1,1,1,1085,-170,-2123,-1039,-270,75,-32,-12,-13,0,0,0,0,0,0,0,0,0,0,0,0,0,0,0,0,0,0,0,0,0,0,65086
1,1,1,1,1056,-97,-2211,-1022,-247,80,-33,-14,-9,0,0,0,0,0,0,0,0,0,0,0,0,0,0,0,0,0,0,0,0,0,0,65096
1,1,1,1,976,-108,-2179,-1169,-256,71,-35,-15,-19,0,0,0,0,0,0,0,0,0,0,0,0,0,0,0,0,0,0,0,0,0,0,65106
1,1,1,1,920,32,-2204,-1223,-261,63,-35,-18,-19,0,0,0,0,0,0,0,0,0,0,0,0,0,0,0,0,0,0,0,0,0,0,65116
1,1,1,1,886,142,-2160,-1066,-166,82,-31,-19,-18,0,0,0,0,0,0,0,0,0,0,0,0,0,0,0,0,0,0,0,0,0,0,65126
1,1,1,1,868,93,-2117,-1124,-139,74,-30,-16,-19,0,0,0,0,0,0,0,0,0,0,0,0,0,0,0,0,0,0,0,0,0,0,65136
1,1,1,1,858,100,-2173,-1282,-135,92,-31,-16,-19,0,0,0,0,0,0,0,0,0,0,0,0,0,0,0,0,0,0,0,0,0,0,65146
1,1,1,1,909,39,-2192,-1458,-74,88,-27,-12,-19,0,0,0,0,0,0,0,0,0,0,0,0,0,0,0,0,0,0,0,0,0,0,65156
1,1,1,1,966,68,-2125,-1548,-34,97,-23,-5,-19,0,0,0,0,0,0,0,0,0,0,0,0,0,0,0,0,0,0,0,0,0,0,65166
1,1,1,1,1027,91,-2075,-1535,7,131,-17,-1,-10,0,0,0,0,0,0,0,0,0,0,0,0,0,0,0,0,0,0,0,0,0,0,65176
1,1,1,1,1045,204,-1945,-1434,37,114,-15,2,-7,0,0,0,0,0,0,0,0,0,0,0,0,0,0,0,0,0,0,0,0,0,0,65186
1,1,1,1,1084,237,-1881,-1317,76,50,-13,3,-15,0,0,0,0,0,0,0,0,0,0,0,0,0,0,0,0,0,0,0,0,0,0,65196
1,1,1,1,1096,189,-1988,-1057,100,-42,-13,4,-15,0,0,0,0,0,0,0,0,0,0,0,0,0,0,0,0,0,0,0,0,0,0,65206
1,1,1,1,1056,254,-1946,-893,99,-122,-11,3,-14,0,0,0,0,0,0,0,0,0,0,0,0,0,0,0,0,0,0,0,0,0,0,65216
1,1,1,1,976,339,-1982,-846,90,-119,-9,2,-15,0,0,0,0,0,0,0,0,0,0,0,0,0,0,0,0,0,0,0,0,0,0,65226
1,1,1,1,937,368,-2038,-726,123,-76,-7,3,-17,0,0,0,0,0,0,0,0,0,0,0,0,0,0,0,0,0,0,0,0,0,0,65236
1,1,1,1,952,380,-2033,-452,248,-49,-9,2,-20,0,0,0,0,0,0,0,0,0,0,0,0,0,0,0,0,0,0,0,0,0,0,65246
1,1,1,1,983,321,-1974,-291,299,-20,-11,3,-19,0,0,0,0,0,0,0,0,0,0,0,0,0,0,0,0,0,0,0,0,0,0,65256
1,1,1,1,944,187,-2045,-414,209,3,-11,2,-19,0,0,0,0,0,0,0,0,0,0,0,0,0,0,0,0,0,0,0,0,0,0,65266
1,1,1,1,860,224,-2175,-521,208,37,-7,3,-16,0,0,0,0,0,0,0,0,0,0,0,0,0,0,0,0,0,0,0,0,0,0,65276
1,1,1,1,868,327,-2221,-360,373,48,-9,4,-17,0,0,0,0,0,0,0,0,0,0,0,0,0,0,0,0,0,0,0,0,0,0,65286
1,1,1,1,863,440,-2061,-187,504,-28,-7,4,-13,0,0,0,0,0,0,0,0,0,0,0,0,0,0,0,0,0,0,0,0,0,0,65296
1,1,1,1,995,385,-1966,-18,544,-83,-5,5,-9,0,0,0,0,0,0,0,0,0,0,0,0,0,0,0,0,0,0,0,0,0,0,65306
1,1,1,1,1015,248,-2046,115,550,-147,-9,6,-12,0,0,0,0,0,0,0,0,0,0,0,0,0,0,0,0,0,0,0,0,0,0,65316
1,1,1,1,1015,248,-2046,225,551,-227,-9,6,-13,0,0,0,0,0,0,0,0,0,0,0,0,0,0,0,0,0,0,0,0,0,0,65326
1,1,1,1,1038,411,-1952,179,458,-201,-12,6,-4,0,0,0,0,0,0,0,0,0,0,0,0,0,0,0,0,0,0,0,0,0,0,65336
1,1,1,1,1038,411,-1952,-43,199,-86,-10,6,-7,0,0,0,0,0,0,0,0,0,0,0,0,0,0,0,0,0,0,0,0,0,0,65346
1,1,1,1,1093,262,-1869,-161,-27,-59,-10,5,-6,0,0,0,0,0,0,0,0,0,0,0,0,0,0,0,0,0,0,0,0,0,0,65356
1,1,1,1,1102,315,-1865,-75,-127,-84,-10,3,-5,0,0,0,0,0,0,0,0,0,0,0,0,0,0,0,0,0,0,0,0,0,0,65366
1,1,1,1,989,323,-1957,-55,-155,-108,-12,3,-8,0,0,0,0,0,0,0,0,0,0,0,0,0,0,0,0,0,0,0,0,0,0,65376
1,1,1,1,916,384,-2019,32,-114,-110,-12,1,-9,0,0,0,0,0,0,0,0,0,0,0,0,0,0,0,0,0,0,0,0,0,0,65386
1,1,1,1,902,570,-1900,416,-19,-127,-10,2,-8,0,0,0,0,0,0,0,0,0,0,0,0,0,0,0,0,0,0,0,0,0,0,65396
1,1,1,1,938,585,-1729,797,3,-162,-10,-2,-10,0,0,0,0,0,0,0,0,0,0,0,0,0,0,0,0,0,0,0,0,0,0,65406
1,1,1,1,941,442,-1690,1066,-50,-211,-13,-3,-12,0,0,0,0,0,0,0,0,0,0,0,0,0,0,0,0,0,0,0,0,0,0,65416
1,1,1,1,948,379,-1828,1303,-85,-209,-16,-10,-11,0,0,0,0,0,0,0,0,0,0,0,0,0,0,0,0,0,0,0,0,0,0,65426
1,1,1,1,845,269,-2006,1226,-55,-151,-24,-12,-4,0,0,0,0,0,0,0,0,0,0,0,0,0,0,0,0,0,0,0,0,0,0,65436
1,1,1,1,776,157,-2528,1275,319,-137,-30,-19,-11,0,0,0,0,0,0,0,0,0,0,0,0,0,0,0,0,0,0,0,0,0,0,65446
1,1,1,1,877,163,-2217,949,251,-81,-28,-20,-14,0,0,0,0,0,0,0,0,0,0,0,0,0,0,0,0,0,0,0,0,0,0,65456
1,1,1,1,904,212,-2072,807,151,-36,-29,-20,-17,0,0,0,0,0,0,0,0,0,0,0,0,0,0,0,0,0,0,0,0,0,0,65466
1,1,1,1,1095,238,-2089,941,162,-47,-30,-21,-14,0,0,0,0,0,0,0,0,0,0,0,0,0,0,0,0,0,0,0,0,0,0,65476
1,1,1,1,1098,274,-2028,1172,156,-77,-32,-20,-9,0,0,0,0,0,0,0,0,0,0,0,0,0,0,0,0,0,0,0,0,0,0,65486
1,1,1,1,1158,251,-1999,1255,139,-77,-33,-19,-2,0,0,0,0,0,0,0,0,0,0,0,0,0,0,0,0,0,0,0,0,0,0,65496
1,1,1,1,1190,67,-2161,1165,127,-127,-32,-19,-3,0,0,0,0,0,0,0,0,0,0,0,0,0,0,0,0,0,0,0,0,0,0,65506
1,1,1,1,1185,62,-2171,1095,82,-152,-34,-19,-7,0,0,0,0,0,0,0,0,0,0,0,0,0,0,0,0,0,0,0,0,0,0,65516
1,1,1,1,1136,-61,-2206,780,-13,-154,-36,-20,-11,0,0,0,0,0,0,0,0,0,0,0,0,0,0,0,0,0,0,0,0,0,0,65526
1,1,1,1,1098,18,-2155,617,-107,-94,-33,-24,-10,0,0,0,0,0,0,0,0,0,0,0,0,0,0,0,0,0,0,0,0,0,0,65536
1,1,1,1,1116,80,-2068,870,-67,-120,-33,-27,-20,0,0,0,0,0,0,0,0,0,0,0,0,0,0,0,0,0,0,0,0,0,0,65546
1,1,1,1,1016,244,-2065,1179,22,-84,-35,-29,-15,0,0,0,0,0,0,0,0,0,0,0,0,0,0,0,0,0,0,0,0,0,0,65556
1,1,1,1,915,290,-2069,1790,219,-38,-34,-25,-12,0,0,0,0,0,0,0,0,0,0,0,0,0,0,0,0,0,0,0,0,0,0,65576
1,1,1,1,971,173,-2045,1909,303,-48,-35,-22,-10,0,0,0,0,0,0,0,0,0,0,0,0,0,0,0,0,0,0,0,0,0,0,65586
1,1,1,1,939,-78,-2209,1583,280,-22,-35,-19,-8,0,0,0,0,0,0,0,0,0,0,0,0,0,0,0,0,0,0,0,0,0,0,65596
1,1,1,1,1013,-363,-2234,1124,157,5,-35,-18,-8,0,0,0,0,0,0,0,0,0,0,0,0,0,0,0,0,0,0,0,0,0,0,65606
1,1,1,1,1139,-415,-2139,903,21,21,-33,-20,-6,0,0,0,0,0,0,0,0,0,0,0,0,0,0,0,0,0,0,0,0,0,0,65616
1,1,1,1,1071,-215,-2121,848,-93,36,-36,-22,-6,0,0,0,0,0,0,0,0,0,0,0,0,0,0,0,0,0,0,0,0,0,0,65626
1,1,1,1,987,-84,-2135,925,-109,65,-34,-23,-10,0,0,0,0,0,0,0,0,0,0,0,0,0,0,0,0,0,0,0,0,0,0,65636
1,1,1,1,999,-60,-2089,1196,-81,23,-36,-21,-4,0,0,0,0,0,0,0,0,0,0,0,0,0,0,0,0,0,0,0,0,0,0,65646
1,1,1,1,970,7,-2181,1670,43,58,-32,-22,-2,0,0,0,0,0,0,0,0,0,0,0,0,0,0,0,0,0,0,0,0,0,0,65656
1,1,1,1,985,50,-2136,2072,189,123,-33,-17,2,0,0,0,0,0,0,0,0,0,0,0,0,0,0,0,0,0,0,0,0,0,0,65666
1,1,1,1,1005,-130,-2118,2039,235,142,-33,-14,4,0,0,0,0,0,0,0,0,0,0,0,0,0,0,0,0,0,0,0,0,0,0,65676
1,1,1,1,1022,-537,-2308,1433,123,162,-39,-6,8,0,0,0,0,0,0,0,0,0,0,0,0,0,0,0,0,0,0,0,0,0,0,65686
1,1,1,1,1172,-820,-2314,691,-190,169,-36,-8,10,0,0,0,0,0,0,0,0,0,0,0,0,0,0,0,0,0,0,0,0,0,0,65696
1,1,1,1,1189,-533,-2166,525,-338,152,-37,-10,14,0,0,0,0,0,0,0,0,0,0,0,0,0,0,0,0,0,0,0,0,0,0,65706
1,1,1,1,1043,-443,-2246,483,-298,62,-37,-10,16,0,0,0,0,0,0,0,0,0,0,0,0,0,0,0,0,0,0,0,0,0,0,65716
1,1,1,1,990,-285,-2285,591,-207,91,-38,-10,12,0,0,0,0,0,0,0,0,0,0,0,0,0,0,0,0,0,0,0,0,0,0,65726
1,1,1,1,987,-296,-2200,628,-212,145,-32,-12,14,0,0,0,0,0,0,0,0,0,0,0,0,0,0,0,0,0,0,0,0,0,0,65736
1,1,1,1,1044,-309,-2154,848,-160,137,-30,-13,14,0,0,0,0,0,0,0,0,0,0,0,0,0,0,0,0,0,0,0,0,0,0,65746
1,1,1,1,1045,-323,-2182,1090,-57,126,-32,-9,13,0,0,0,0,0,0,0,0,0,0,0,0,0,0,0,0,0,0,0,0,0,0,65756
1,1,1,1,1030,-423,-2183,1007,-57,140,-34,-7,14,0,0,0,0,0,0,0,0,0,0,0,0,0,0,0,0,0,0,0,0,0,0,65766
1,1,1,1,1134,-640,-2240,616,-155,133,-36,-7,18,0,0,0,0,0,0,0,0,0,0,0,0,0,0,0,0,0,0,0,0,0,0,65776
1,1,1,1,1132,-586,-2288,418,-212,116,-37,-9,17,0,0,0,0,0,0,0,0,0,0,0,0,0,0,0,0,0,0,0,0,0,0,65786
1,1,1,1,1063,-460,-2234,340,-182,84,-38,-10,15,0,0,0,0,0,0,0,0,0,0,0,0,0,0,0,0,0,0,0,0,0,0,65796
1,1,1,1,996,-428,-2200,159,-211,65,-38,-11,18,0,0,0,0,0,0,0,0,0,0,0,0,0,0,0,0,0,0,0,0,0,0,65806
1,1,1,1,978,-418,-2231,103,-211,47,-38,-11,19,0,0,0,0,0,0,0,0,0,0,0,0,0,0,0,0,0,0,0,0,0,0,65816
1,1,1,1,967,-382,-2202,168,-158,32,-38,-10,19,0,0,0,0,0,0,0,0,0,0,0,0,0,0,0,0,0,0,0,0,0,0,65826
1,1,1,1,931,-358,-2186,266,-94,48,-35,-7,22,0,0,0,0,0,0,0,0,0,0,0,0,0,0,0,0,0,0,0,0,0,0,65836
1,1,1,1,987,-458,-2132,201,-104,52,-36,-6,24,0,0,0,0,0,0,0,0,0,0,0,0,0,0,0,0,0,0,0,0,0,0,65846
1,1,1,1,1036,-585,-2209,78,-129,28,-36,-6,25,0,0,0,0,0,0,0,0,0,0,0,0,0,0,0,0,0,0,0,0,0,0,65856
1,1,1,1,1035,-580,-2203,-1,-146,5,-38,-6,26,0,0,0,0,0,0,0,0,0,0,0,0,0,0,0,0,0,0,0,0,0,0,65866
1,1,1,1,978,-493,-2198,-91,-161,5,-40,-7,29,0,0,0,0,0,0,0,0,0,0,0,0,0,0,0,0,0,0,0,0,0,0,65876
1,1,1,1,946,-469,-2236,-191,-156,14,-42,-6,30,0,0,0,0,0,0,0,0,0,0,0,0,0,0,0,0,0,0,0,0,0,0,65886
1,1,1,1,942,-474,-2259,-231,-148,15,-40,-6,28,0,0,0,0,0,0,0,0,0,0,0,0,0,0,0,0,0,0,0,0,0,0,65896
1,1,1,1,944,-368,-2147,-47,-94,7,-39,-5,33,0,0,0,0,0,0,0,0,0,0,0,0,0,0,0,0,0,0,0,0,0,0,65906
1,1,1,1,991,-344,-2070,51,-60,8,-38,-4,35,0,0,0,0,0,0,0,0,0,0,0,0,0,0,0,0,0,0,0,0,0,0,65916
1,1,1,1,991,-403,-2164,37,-62,27,-41,-2,38,0,0,0,0,0,0,0,0,0,0,0,0,0,0,0,0,0,0,0,0,0,0,65926
1,1,1,1,991,-461,-2205,-16,-54,34,-40,-2,40,0,0,0,0,0,0,0,0,0,0,0,0,0,0,0,0,0,0,0,0,0,0,65936
1,1,1,1,1008,-505,-2200,-40,-30,10,-43,0,42,0,0,0,0,0,0,0,0,0,0,0,0,0,0,0,0,0,0,0,0,0,0,65946
1,1,1,1,1002,-512,-2187,-136,-50,15,-43,1,42,0,0,0,0,0,0,0,0,0,0,0,0,0,0,0,0,0,0,0,0,0,0,65956
1,1,1,1,986,-496,-2180,-176,-73,27,-43,2,45,0,0,0,0,0,0,0,0,0,0,0,0,0,0,0,0,0,0,0,0,0,0,65966
1,1,1,1,965,-474,-2225,-100,-38,28,-39,0,39,0,0,0,0,0,0,0,0,0,0,0,0,0,0,0,0,0,0,0,0,0,0,65976
1,1,1,1,952,-464,-2124,-59,-34,17,-41,-1,42,0,0,0,0,0,0,0,0,0,0,0,0,0,0,0,0,0,0,0,0,0,0,65986
1,1,1,1,975,-429,-2095,-7,-26,-18,-42,0,44,0,0,0,0,0,0,0,0,0,0,0,0,0,0,0,0,0,0,0,0,0,0,65996
1,1,1,1,921,-425,-2201,7,-11,-22,-43,2,45,0,0,0,0,0,0,0,0,0,0,0,0,0,0,0,0,0,0,0,0,0,0,66006
1,1,1,1,924,-398,-2203,49,20,-13,-43,3,49,0,0,0,0,0,0,0,0,0,0,0,0,0,0,0,0,0,0,0,0,0,0,66016
1,1,1,1,931,-436,-2209,-31,7,5,-46,3,51,0,0,0,0,0,0,0,0,0,0,0,0,0,0,0,0,0,0,0,0,0,0,66026
1,1,1,1,953,-485,-2316,-139,-8,20,-45,3,53,0,0,0,0,0,0,0,0,0,0,0,0,0,0,0,0,0,0,0,0,0,0,66036
1,1,1,1,964,-511,-2318,-239,-21,39,-42,3,50,0,0,0,0,0,0,0,0,0,0,0,0,0,0,0,0,0,0,0,0,0,0,66046
1,1,1,1,981,-524,-2289,-259,-30,48,-41,5,47,0,0,0,0,0,0,0,0,0,0,0,0,0,0,0,0,0,0,0,0,0,0,66056
1,1,1,1,1001,-495,-2163,-195,-42,26,-38,5,47,0,0,0,0,0,0,0,0,0,0,0,0,0,0,0,0,0,0,0,0,0,0,66066
1,1,1,1,968,-390,-2126,-127,-32,16,-36,4,44,0,0,0,0,0,0,0,0,0,0,0,0,0,0,0,0,0,0,0,0,0,0,66076
1,1,1,1,965,-373,-2178,-60,4,13,-37,4,46,0,0,0,0,0,0,0,0,0,0,0,0,0,0,0,0,0,0,0,0,0,0,66086
1,1,1,1,981,-401,-2191,-31,22,-2,-39,3,41,0,0,0,0,0,0,0,0,0,0,0,0,0,0,0,0,0,0,0,0,0,0,66096
1,1,1,1,959,-378,-2198,-62,18,3,-39,4,41,0,0,0,0,0,0,0,0,0,0,0,0,0,0,0,0,0,0,0,0,0,0,66106
1,1,1,1,962,-380,-2205,-94,21,-4,-39,4,43,0,0,0,0,0,0,0,0,0,0,0,0,0,0,0,0,0,0,0,0,0,0,66116
1,1,1,1,957,-367,-2220,-134,25,-3,-38,5,44,0,0,0,0,0,0,0,0,0,0,0,0,0,0,0,0,0,0,0,0,0,0,66126
1,1,1,1,957,-390,-2246,-147,45,-1,-37,6,42,0,0,0,0,0,0,0,0,0,0,0,0,0,0,0,0,0,0,0,0,0,0,66136
1,1,1,1,982,-431,-2219,-157,40,-7,-36,8,44,0,0,0,0,0,0,0,0,0,0,0,0,0,0,0,0,0,0,0,0,0,0,66146
1,1,1,1,966,-436,-2202,-239,11,-3,-34,8,43,0,0,0,0,0,0,0,0,0,0,0,0,0,0,0,0,0,0,0,0,0,0,66156
1,1,1,1,980,-408,-2160,-234,-3,8,-33,9,44,0,0,0,0,0,0,0,0,0,0,0,0,0,0,0,0,0,0,0,0,0,0,66166
1,1,1,1,956,-374,-2180,-149,25,6,-32,9,42,0,0,0,0,0,0,0,0,0,0,0,0,0,0,0,0,0,0,0,0,0,0,66176
1,1,1,1,937,-358,-2202,-72,72,21,-35,10,45,0,0,0,0,0,0,0,0,0,0,0,0,0,0,0,0,0,0,0,0,0,0,66186
1,1,1,1,970,-378,-2191,-62,88,29,-33,11,47,0,0,0,0,0,0,0,0,0,0,0,0,0,0,0,0,0,0,0,0,0,0,66196
1,1,1,1,975,-420,-2211,-124,89,26,-32,12,46,0,0,0,0,0,0,0,0,0,0,0,0,0,0,0,0,0,0,0,0,0,0,66206
1,1,1,1,963,-370,-2193,-159,84,37,-31,13,45,0,0,0,0,0,0,0,0,0,0,0,0,0,0,0,0,0,0,0,0,0,0,66216
1,1,1,1,959,-380,-2148,-188,65,45,-30,15,50,0,0,0,0,0,0,0,0,0,0,0,0,0,0,0,0,0,0,0,0,0,0,66226
1,1,1,1,1026,-488,-2177,-246,30,-21,-31,16,49,0,0,0,0,0,0,0,0,0,0,0,0,0,0,0,0,0,0,0,0,0,0,66236
1,1,1,1,950,-422,-2251,-237,35,-23,-32,16,47,0,0,0,0,0,0,0,0,0,0,0,0,0,0,0,0,0,0,0,0,0,0,66246
1,1,1,1,952,-431,-2229,-268,3,-18,-33,18,45,0,0,0,0,0,0,0,0,0,0,0,0,0,0,0,0,0,0,0,0,0,0,66256
1,1,1,1,941,-416,-2259,-245,8,-13,-30,18,41,0,0,0,0,0,0,0,0,0,0,0,0,0,0,0,0,0,0,0,0,0,0,66266
1,1,1,1,949,-362,-2227,-251,0,21,-28,17,40,0,0,0,0,0,0,0,0,0,0,0,0,0,0,0,0,0,0,0,0,0,0,66276
1,1,1,1,1015,-362,-2174,-232,7,52,-28,19,43,0,0,0,0,0,0,0,0,0,0,0,0,0,0,0,0,0,0,0,0,0,0,66286
1,1,1,1,1034,-383,-2219,-283,-4,71,-28,26,48,0,0,0,0,0,0,0,0,0,0,0,0,0,0,0,0,0,0,0,0,0,0,66296
1,1,1,1,997,-368,-2215,-358,-20,80,-24,28,55,0,0,0,0,0,0,0,0,0,0,0,0,0,0,0,0,0,0,0,0,0,0,66306
1,1,1,1,1023,-345,-2121,-261,-7,52,-22,32,55,0,0,0,0,0,0,0,0,0,0,0,0,0,0,0,0,0,0,0,0,0,0,66316
1,1,1,1,970,-321,-2171,-184,7,22,-23,33,55,0,0,0,0,0,0,0,0,0,0,0,0,0,0,0,0,0,0,0,0,0,0,66326
1,1,1,1,940,-369,-2226,-268,-8,10,-21,31,54,0,0,0,0,0,0,0,0,0,0,0,0,0,0,0,0,0,0,0,0,0,0,66336
1,1,1,1,983,-367,-2218,-261,2,-5,-18,28,50,0,0,0,0,0,0,0,0,0,0,0,0,0,0,0,0,0,0,0,0,0,0,66346
1,1,1,1,939,-336,-2241,-247,11,0,-18,29,46,0,0,0,0,0,0,0,0,0,0,0,0,0,0,0,0,0,0,0,0,0,0,66356
1,1,1,1,950,-321,-2225,-264,16,4,-19,29,45,0,0,0,0,0,0,0,0,0,0,0,0,0,0,0,0,0,0,0,0,0,0,66366
1,1,1,1,974,-262,-2179,-251,29,13,-17,31,49,0,0,0,0,0,0,0,0,0,0,0,0,0,0,0,0,0,0,0,0,0,0,66376
1,1,1,1,1019,-299,-2182,-250,35,34,-16,35,53,0,0,0,0,0,0,0,0,0,0,0,0,0,0,0,0,0,0,0,0,0,0,66386
1,1,1,1,1017,-341,-2257,-320,21,50,-15,39,58,0,0,0,0,0,0,0,0,0,0,0,0,0,0,0,0,0,0,0,0,0,0,66396
1,1,1,1,984,-313,-2210,-327,21,51,-14,43,61,0,0,0,0,0,0,0,0,0,0,0,0,0,0,0,0,0,0,0,0,0,0,66406
1,1,1,1,1003,-296,-2138,-211,28,26,-13,43,58,0,0,0,0,0,0,0,0,0,0,0,0,0,0,0,0,0,0,0,0,0,0,66416
1,1,1,1,959,-294,-2208,-144,29,19,-12,42,61,0,0,0,0,0,0,0,0,0,0,0,0,0,0,0,0,0,0,0,0,0,0,66426
1,1,1,1,969,-313,-2188,-128,26,4,-10,41,60,0,0,0,0,0,0,0,0,0,0,0,0,0,0,0,0,0,0,0,0,0,0,66436
1,1,1,1,984,-244,-2154,-5,42,-14,-10,40,55,0,0,0,0,0,0,0,0,0,0,0,0,0,0,0,0,0,0,0,0,0,0,66446
1,1,1,1,947,-265,-2217,1,38,1,-13,40,55,0,0,0,0,0,0,0,0,0,0,0,0,0,0,0,0,0,0,0,0,0,0,66456
1,1,1,1,1001,-336,-2240,-56,42,2,-13,39,55,0,0,0,0,0,0,0,0,0,0,0,0,0,0,0,0,0,0,0,0,0,0,66466
1,1,1,1,999,-339,-2266,-100,44,9,-14,38,53,0,0,0,0,0,0,0,0,0,0,0,0,0,0,0,0,0,0,0,0,0,0,66476
1,1,1,1,993,-330,-2237,-138,49,35,-15,38,54,0,0,0,0,0,0,0,0,0,0,0,0,0,0,0,0,0,0,0,0,0,0,66486
1,1,1,1,1020,-315,-2194,-136,43,53,-15,37,52,0,0,0,0,0,0,0,0,0,0,0,0,0,0,0,0,0,0,0,0,0,0,66496
1,1,1,1,1002,-314,-2187,-130,38,69,-14,36,49,0,0,0,0,0,0,0,0,0,0,0,0,0,0,0,0,0,0,0,0,0,0,66506
1,1,1,1,971,-304,-2222,-150,29,73,-13,37,51,0,0,0,0,0,0,0,0,0,0,0,0,0,0,0,0,0,0,0,0,0,0,66516
1,1,1,1,971,-304,-2222,-145,25,69,-12,35,51,0,0,0,0,0,0,0,0,0,0,0,0,0,0,0,0,0,0,0,0,0,0,66526
1,1,1,1,992,-246,-2139,-119,18,74,-15,36,51,0,0,0,0,0,0,0,0,0,0,0,0,0,0,0,0,0,0,0,0,0,0,66536
1,1,1,1,994,-273,-2181,-121,14,76,-13,35,52,0,0,0,0,0,0,0,0,0,0,0,0,0,0,0,0,0,0,0,0,0,0,66546
1,1,1,1,1014,-279,-2165,-74,25,51,-15,35,48,0,0,0,0,0,0,0,0,0,0,0,0,0,0,0,0,0,0,0,0,0,0,66556
1,1,1,1,1010,-268,-2166,-62,20,44,-18,34,48,0,0,0,0,0,0,0,0,0,0,0,0,0,0,0,0,0,0,0,0,0,0,66566
1,1,1,1,989,-305,-2221,-154,-16,53,-17,33,50,0,0,0,0,0,0,0,0,0,0,0,0,0,0,0,0,0,0,0,0,0,0,66576
1,1,1,1,985,-296,-2230,-199,-31,52,-18,32,48,0,0,0,0,0,0,0,0,0,0,0,0,0,0,0,0,0,0,0,0,0,0,66586
1,1,1,1,994,-273,-2204,-190,-24,50,-20,33,50,0,0,0,0,0,0,0,0,0,0,0,0,0,0,0,0,0,0,0,0,0,0,66596
1,1,1,1,997,-273,-2203,-181,-27,52,-21,34,49,0,0,0,0,0,0,0,0,0,0,0,0,0,0,0,0,0,0,0,0,0,0,66606
1,1,1,1,1056,-284,-2204,-144,-35,53,-17,35,49,0,0,0,0,0,0,0,0,0,0,0,0,0,0,0,0,0,0,0,0,0,0,66636
1,1,1,1,1044,-270,-2209,-157,-44,56,-17,35,49,0,0,0,0,0,0,0,0,0,0,0,0,0,0,0,0,0,0,0,0,0,0,66646
1,1,1,1,1035,-245,-2187,-151,-44,52,-17,34,48,0,0,0,0,0,0,0,0,0,0,0,0,0,0,0,0,0,0,0,0,0,0,66656
1,1,1,1,1026,-212,-2162,-136,-41,53,-16,35,49,0,0,0,0,0,0,0,0,0,0,0,0,0,0,0,0,0,0,0,0,0,0,66666
1,1,1,1,1030,-237,-2184,-142,-55,44,-15,35,50,0,0,0,0,0,0,0,0,0,0,0,0,0,0,0,0,0,0,0,0,0,0,66676
1,1,1,1,1026,-225,-2201,-111,-42,22,-13,33,48,0,0,0,0,0,0,0,0,0,0,0,0,0,0,0,0,0,0,0,0,0,0,66686
1,1,1,1,1002,-189,-2164,-71,-19,7,-15,35,50,0,0,0,0,0,0,0,0,0,0,0,0,0,0,0,0,0,0,0,0,0,0,66696
1,1,1,1,1014,-204,-2145,-30,0,-10,-15,35,50,0,0,0,0,0,0,0,0,0,0,0,0,0,0,0,0,0,0,0,0,0,0,66706
1,1,1,1,1055,-231,-2119,6,6,-28,-16,35,51,0,0,0,0,0,0,0,0,0,0,0,0,0,0,0,0,0,0,0,0,0,0,66716
1,1,1,1,1052,-242,-2154,55,18,-41,-16,34,49,0,0,0,0,0,0,0,0,0,0,0,0,0,0,0,0,0,0,0,0,0,0,66726
1,1,1,1,1033,-223,-2154,102,37,-47,-15,34,48,0,0,0,0,0,0,0,0,0,0,0,0,0,0,0,0,0,0,0,0,0,0,66736
1,1,1,1,1025,-262,-2181,62,28,-39,-17,34,49,0,0,0,0,0,0,0,0,0,0,0,0,0,0,0,0,0,0,0,0,0,0,66746
1,1,1,1,1016,-277,-2229,23,9,-33,-18,33,48,0,0,0,0,0,0,0,0,0,0,0,0,0,0,0,0,0,0,0,0,0,0,66756
1,1,1,1,986,-233,-2242,12,5,-21,-17,34,50,0,0,0,0,0,0,0,0,0,0,0,0,0,0,0,0,0,0,0,0,0,0,66766
1,1,1,1,1010,-245,-2227,17,-4,-17,-18,34,49,0,0,0,0,0,0,0,0,0,0,0,0,0,0,0,0,0,0,0,0,0,0,66776
1,1,1,1,1012,-261,-2230,12,-25,-15,-16,34,49,0,0,0,0,0,0,0,0,0,0,0,0,0,0,0,0,0,0,0,0,0,0,66786
1,1,1,1,1019,-257,-2205,56,-22,-17,-17,34,50,0,0,0,0,0,0,0,0,0,0,0,0,0,0,0,0,0,0,0,0,0,0,66796
1,1,1,1,1025,-235,-2164,62,-38,-9,-18,35,51,0,0,0,0,0,0,0,0,0,0,0,0,0,0,0,0,0,0,0,0,0,0,66806
1,1,1,1,1027,-262,-2195,17,-60,-4,-18,35,51,0,0,0,0,0,0,0,0,0,0,0,0,0,0,0,0,0,0,0,0,0,0,66816
1,1,1,1,1023,-280,-2216,6,-48,-9,-17,35,54,0,0,0,0,0,0,0,0,0,0,0,0,0,0,0,0,0,0,0,0,0,0,66826
1,1,1,1,997,-251,-2187,-9,-48,-2,-18,35,53,0,0,0,0,0,0,0,0,0,0,0,0,0,0,0,0,0,0,0,0,0,0,66836
1,1,1,1,998,-256,-2191,2,-48,1,-18,35,53,0,0,0,0,0,0,0,0,0,0,0,0,0,0,0,0,0,0,0,0,0,0,66846
1,1,1,1,1010,-261,-2199,24,-40,-2,-18,35,53,0,0,0,0,0,0,0,0,0,0,0,0,0,0,0,0,0,0,0,0,0,0,66856
1,1,1,1,996,-244,-2197,13,-44,12,-16,35,51,0,0,0,0,0,0,0,0,0,0,0,0,0,0,0,0,0,0,0,0,0,0,66866
1,1,1,1,1005,-244,-2178,-5,-55,11,-18,33,47,0,0,0,0,0,0,0,0,0,0,0,0,0,0,0,0,0,0,0,0,0,0,66876
1,1,1,1,986,-243,-2178,12,-58,9,-18,35,53,0,0,0,0,0,0,0,0,0,0,0,0,0,0,0,0,0,0,0,0,0,0,66886
1,1,1,1,1006,-247,-2127,112,-42,-6,-19,36,50,0,0,0,0,0,0,0,0,0,0,0,0,0,0,0,0,0,0,0,0,0,0,66896
1,1,1,1,991,-229,-2136,144,-43,-2,-22,34,49,0,0,0,0,0,0,0,0,0,0,0,0,0,0,0,0,0,0,0,0,0,0,66906
1,1,1,1,987,-284,-2244,73,-55,2,-24,35,52,0,0,0,0,0,0,0,0,0,0,0,0,0,0,0,0,0,0,0,0,0,0,66916
1,1,1,1,980,-277,-2237,27,-62,3,-23,36,52,0,0,0,0,0,0,0,0,0,0,0,0,0,0,0,0,0,0,0,0,0,0,66926
1,1,1,1,974,-248,-2199,25,-70,15,-21,31,52,0,0,0,0,0,0,0,0,0,0,0,0,0,0,0,0,0,0,0,0,0,0,66936
1,1,1,1,962,-275,-2244,-21,-80,17,-21,35,53,0,0,0,0,0,0,0,0,0,0,0,0,0,0,0,0,0,0,0,0,0,0,66946
1,1,1,1,968,-273,-2261,-51,-79,37,-17,31,53,0,0,0,0,0,0,0,0,0,0,0,0,0,0,0,0,0,0,0,0,0,0,66956
1,1,1,1,982,-265,-2227,-58,-82,48,-16,34,53,0,0,0,0,0,0,0,0,0,0,0,0,0,0,0,0,0,0,0,0,0,0,66966
1,1,1,1,985,-253,-2198,-30,-77,47,-16,36,51,0,0,0,0,0,0,0,0,0,0,0,0,0,0,0,0,0,0,0,0,0,0,66976
1,1,1,1,989,-224,-2161,24,-61,46,-15,35,50,0,0,0,0,0,0,0,0,0,0,0,0,0,0,0,0,0,0,0,0,0,0,66986
1,1,1,1,994,-236,-2178,66,-48,33,-17,36,50,0,0,0,0,0,0,0,0,0,0,0,0,0,0,0,0,0,0,0,0,0,0,66996
1,1,1,1,983,-232,-2177,65,-50,24,-17,35,54,0,0,0,0,0,0,0,0,0,0,0,0,0,0,0,0,0,0,0,0,0,0,67006
1,1,1,1,982,-229,-2170,61,-36,19,-17,37,52,0,0,0,0,0,0,0,0,0,0,0,0,0,0,0,0,0,0,0,0,0,0,67016
1,1,1,1,984,-240,-2163,48,-33,11,-18,36,50,0,0,0,0,0,0,0,0,0,0,0,0,0,0,0,0,0,0,0,0,0,0,67026
1,1,1,1,966,-259,-2209,-13,-47,11,-16,35,52,0,0,0,0,0,0,0,0,0,0,0,0,0,0,0,0,0,0,0,0,0,0,67036
1,1,1,1,931,-235,-2219,4,-26,5,-16,37,49,0,0,0,0,0,0,0,0,0,0,0,0,0,0,0,0,0,0,0,0,0,0,67046
1,1,1,1,936,-220,-2154,62,-11,1,-16,36,51,0,0,0,0,0,0,0,0,0,0,0,0,0,0,0,0,0,0,0,0,0,0,67056
1,1,1,1,946,-242,-2190,93,5,4,-16,36,48,0,0,0,0,0,0,0,0,0,0,0,0,0,0,0,0,0,0,0,0,0,0,67066
1,1,1,1,943,-257,-2203,90,1,5,-17,36,49,0,0,0,0,0,0,0,0,0,0,0,0,0,0,0,0,0,0,0,0,0,0,67076
1,1,1,1,956,-257,-2187,96,10,5,-15,36,49,0,0,0,0,0,0,0,0,0,0,0,0,0,0,0,0,0,0,0,0,0,0,67086
1,1,1,1,959,-267,-2196,125,28,-5,-17,36,46,0,0,0,0,0,0,0,0,0,0,0,0,0,0,0,0,0,0,0,0,0,0,67096
1,1,1,1,924,-273,-2215,80,9,0,-17,36,43,0,0,0,0,0,0,0,0,0,0,0,0,0,0,0,0,0,0,0,0,0,0,67106
1,1,1,1,895,-272,-2229,21,8,10,-17,35,43,0,0,0,0,0,0,0,0,0,0,0,0,0,0,0,0,0,0,0,0,0,0,67116
1,1,1,1,910,-286,-2211,-2,13,10,-16,34,43,0,0,0,0,0,0,0,0,0,0,0,0,0,0,0,0,0,0,0,0,0,0,67126
1,1,1,1,885,-255,-2209,-20,24,14,-16,33,39,0,0,0,0,0,0,0,0,0,0,0,0,0,0,0,0,0,0,0,0,0,0,67136
1,1,1,1,871,-248,-2216,-28,48,22,-17,32,40,0,0,0,0,0,0,0,0,0,0,0,0,0,0,0,0,0,0,0,0,0,0,67146
1,1,1,1,874,-264,-2228,-71,74,24,-15,32,37,0,0,0,0,0,0,0,0,0,0,0,0,0,0,0,0,0,0,0,0,0,0,67156
1,1,1,1,885,-234,-2189,-53,111,18,-16,35,37,0,0,0,0,0,0,0,0,0,0,0,0,0,0,0,0,0,0,0,0,0,0,67166
1,1,1,1,922,-226,-2134,19,146,3,-14,31,31,0,0,0,0,0,0,0,0,0,0,0,0,0,0,0,0,0,0,0,0,0,0,67176
1,1,1,1,966,-257,-2107,57,151,-17,-13,29,28,0,0,0,0,0,0,0,0,0,0,0,0,0,0,0,0,0,0,0,0,0,0,67186
1,1,1,1,953,-279,-2123,9,125,-22,-14,25,21,0,0,0,0,0,0,0,0,0,0,0,0,0,0,0,0,0,0,0,0,0,0,67196
1,1,1,1,927,-233,-2101,-39,92,-13,-14,27,23,0,0,0,0,0,0,0,0,0,0,0,0,0,0,0,0,0,0,0,0,0,0,67206
1,1,1,1,974,-291,-2144,-41,127,-40,-14,26,24,0,0,0,0,0,0,0,0,0,0,0,0,0,0,0,0,0,0,0,0,0,0,67216
1,1,1,1,962,-369,-2249,-106,199,-88,-14,21,19,0,0,0,0,0,0,0,0,0,0,0,0,0,0,0,0,0,0,0,0,0,0,67226
1,1,1,1,942,-381,-2257,-186,261,-154,-16,25,23,0,0,0,0,0,0,0,0,0,0,0,0,0,0,0,0,0,0,0,0,0,0,67236
1,1,1,1,957,-331,-2204,-213,325,-212,-14,24,23,0,0,0,0,0,0,0,0,0,0,0,0,0,0,0,0,0,0,0,0,0,0,67246
1,1,1,1,958,-313,-2181,-203,384,-267,-12,22,25,0,0,0,0,0,0,0,0,0,0,0,0,0,0,0,0,0,0,0,0,0,0,67256
1,1,1,1,966,-307,-2206,-247,414,-304,-16,23,25,0,0,0,0,0,0,0,0,0,0,0,0,0,0,0,0,0,0,0,0,0,0,67266
1,1,1,1,942,-284,-2242,-313,418,-309,-14,22,23,0,0,0,0,0,0,0,0,0,0,0,0,0,0,0,0,0,0,0,0,0,0,67276
1,1,1,1,975,-215,-2186,-365,419,-276,-15,22,23,0,0,0,0,0,0,0,0,0,0,0,0,0,0,0,0,0,0,0,0,0,0,67286
1,1,1,1,1068,-194,-2105,-337,364,-220,-16,23,24,0,0,0,0,0,0,0,0,0,0,0,0,0,0,0,0,0,0,0,0,0,0,67296
1,1,1,1,1053,-194,-2100,-368,258,-169,-16,23,21,0,0,0,0,0,0,0,0,0,0,0,0,0,0,0,0,0,0,0,0,0,0,67306
1,1,1,1,1056,-155,-2119,-383,192,-109,-14,21,22,0,0,0,0,0,0,0,0,0,0,0,0,0,0,0,0,0,0,0,0,0,0,67316
1,1,1,1,1169,-215,-2099,-320,143,-98,-13,22,23,0,0,0,0,0,0,0,0,0,0,0,0,0,0,0,0,0,0,0,0,0,0,67326
1,1,1,1,1142,-303,-2140,-369,109,-169,-14,21,21,0,0,0,0,0,0,0,0,0,0,0,0,0,0,0,0,0,0,0,0,0,0,67336
1,1,1,1,1139,-240,-2172,-380,158,-224,-13,22,21,0,0,0,0,0,0,0,0,0,0,0,0,0,0,0,0,0,0,0,0,0,0,67346
1,1,1,1,1114,-184,-2196,-328,240,-248,-12,21,20,0,0,0,0,0,0,0,0,0,0,0,0,0,0,0,0,0,0,0,0,0,0,67356
1,1,1,1,1107,-162,-2168,-318,286,-249,-13,21,21,0,0,0,0,0,0,0,0,0,0,0,0,0,0,0,0,0,0,0,0,0,0,67366
1,1,1,1,1090,-138,-2137,-348,275,-247,-12,21,22,0,0,0,0,0,0,0,0,0,0,0,0,0,0,0,0,0,0,0,0,0,0,67376
1,1,1,1,1082,-111,-2124,-387,242,-227,-15,21,23,0,0,0,0,0,0,0,0,0,0,0,0,0,0,0,0,0,0,0,0,0,0,67386
1,1,1,1,1058,-109,-2068,-436,144,-208,-13,22,22,0,0,0,0,0,0,0,0,0,0,0,0,0,0,0,0,0,0,0,0,0,0,67406
1,1,1,1,1092,-127,-2079,-495,115,-235,-15,21,23,0,0,0,0,0,0,0,0,0,0,0,0,0,0,0,0,0,0,0,0,0,0,67416
1,1,1,1,1091,-154,-2131,-543,112,-269,-14,21,22,0,0,0,0,0,0,0,0,0,0,0,0,0,0,0,0,0,0,0,0,0,0,67426
1,1,1,1,1076,-138,-2156,-605,132,-338,-15,20,21,0,0,0,0,0,0,0,0,0,0,0,0,0,0,0,0,0,0,0,0,0,0,67436
1,1,1,1,1057,-33,-2168,-564,220,-373,-12,21,20,0,0,0,0,0,0,0,0,0,0,0,0,0,0,0,0,0,0,0,0,0,0,67446
1,1,1,1,1031,52,-2165,-422,319,-330,-15,19,21,0,0,0,0,0,0,0,0,0,0,0,0,0,0,0,0,0,0,0,0,0,0,67456
1,1,1,1,1046,37,-2121,-346,348,-269,-13,19,18,0,0,0,0,0,0,0,0,0,0,0,0,0,0,0,0,0,0,0,0,0,0,67466
1,1,1,1,1056,0,-2108,-381,324,-241,-14,20,22,0,0,0,0,0,0,0,0,0,0,0,0,0,0,0,0,0,0,0,0,0,0,67476
1,1,1,1,1087,-88,-2119,-480,304,-269,-15,23,20,0,0,0,0,0,0,0,0,0,0,0,0,0,0,0,0,0,0,0,0,0,0,67486
1,1,1,1,1123,-128,-2127,-541,329,-379,-17,22,23,0,0,0,0,0,0,0,0,0,0,0,0,0,0,0,0,0,0,0,0,0,0,67496
1,1,1,1,1161,-95,-2132,-528,394,-496,-15,19,21,0,0,0,0,0,0,0,0,0,0,0,0,0,0,0,0,0,0,0,0,0,0,67506
1,1,1,1,1119,-28,-2099,-502,446,-577,-18,22,22,0,0,0,0,0,0,0,0,0,0,0,0,0,0,0,0,0,0,0,0,0,0,67516
1,1,1,1,1125,70,-2067,-506,451,-582,-17,21,22,0,0,0,0,0,0,0,0,0,0,0,0,0,0,0,0,0,0,0,0,0,0,67526
1,1,1,1,1147,159,-1963,-604,314,-486,-13,25,10,0,0,0,0,0,0,0,0,0,0,0,0,0,0,0,0,0,0,0,0,0,0,67536
1,1,1,1,1194,582,-1438,-708,-227,-102,-19,20,27,0,0,0,0,0,0,0,0,0,0,0,0,0,0,0,0,0,0,0,0,0,0,67546
1,1,1,1,1027,-90,-2055,-832,-209,-227,-10,19,23,0,0,0,0,0,0,0,0,0,0,0,0,0,0,0,0,0,0,0,0,0,0,67556
1,1,1,1,1289,93,-2323,-544,124,-368,-12,20,24,0,0,0,0,0,0,0,0,0,0,0,0,0,0,0,0,0,0,0,0,0,0,67566
1,1,1,1,1004,55,-2296,-499,346,-429,-9,19,24,0,0,0,0,0,0,0,0,0,0,0,0,0,0,0,0,0,0,0,0,0,0,67576
1,1,1,1,1188,258,-1966,-389,487,-482,-7,21,-7,0,0,0,0,0,0,0,0,0,0,0,0,0,0,0,0,0,0,0,0,0,0,67586
1,1,1,1,1096,670,-1279,-399,-63,-107,-12,14,14,0,0,0,0,0,0,0,0,0,0,0,0,0,0,0,0,0,0,0,0,0,0,67596
1,1,1,1,1020,-361,-2114,-730,-82,-375,-15,16,17,0,0,0,0,0,0,0,0,0,0,0,0,0,0,0,0,0,0,0,0,0,0,67606
1,1,1,1,1354,-40,-2243,-762,215,-752,-15,17,10,0,0,0,0,0,0,0,0,0,0,0,0,0,0,0,0,0,0,0,0,0,0,67616
1,1,1,1,944,193,-2179,-709,338,-744,-13,16,8,0,0,0,0,0,0,0,0,0,0,0,0,0,0,0,0,0,0,0,0,0,0,67626
1,1,1,1,1018,308,-2049,-795,380,-723,-12,15,5,0,0,0,0,0,0,0,0,0,0,0,0,0,0,0,0,0,0,0,0,0,0,67636
1,1,1,1,1098,390,-1927,-689,317,-630,-12,15,3,0,0,0,0,0,0,0,0,0,0,0,0,0,0,0,0,0,0,0,0,0,0,67646
1,1,1,1,1092,319,-1939,-695,195,-549,-11,14,2,0,0,0,0,0,0,0,0,0,0,0,0,0,0,0,0,0,0,0,0,0,0,67656
1,1,1,1,1144,367,-1988,-521,201,-477,-11,13,-3,0,0,0,0,0,0,0,0,0,0,0,0,0,0,0,0,0,0,0,0,0,0,67666
1,1,1,1,1104,321,-2047,-417,248,-452,-14,12,-3,0,0,0,0,0,0,0,0,0,0,0,0,0,0,0,0,0,0,0,0,0,0,67676
1,1,1,1,1134,280,-2002,-500,251,-470,-15,12,-2,0,0,0,0,0,0,0,0,0,0,0,0,0,0,0,0,0,0,0,0,0,0,67686
1,1,1,1,1170,267,-1976,-590,203,-493,-11,10,-2,0,0,0,0,0,0,0,0,0,0,0,0,0,0,0,0,0,0,0,0,0,0,67696
1,1,1,1,1178,347,-1945,-620,168,-513,-11,9,-12,0,0,0,0,0,0,0,0,0,0,0,0,0,0,0,0,0,0,0,0,0,0,67706
1,1,1,1,1227,403,-1964,-550,185,-498,-8,8,-15,0,0,0,0,0,0,0,0,0,0,0,0,0,0,0,0,0,0,0,0,0,0,67716
1,1,1,1,1227,403,-1964,-493,192,-498,-7,7,-19,0,0,0,0,0,0,0,0,0,0,0,0,0,0,0,0,0,0,0,0,0,0,67726
1,1,1,1,1239,371,-1947,-444,207,-532,-6,5,-19,0,0,0,0,0,0,0,0,0,0,0,0,0,0,0,0,0,0,0,0,0,0,67736
1,1,1,1,1155,443,-1961,-363,230,-540,-7,4,-19,0,0,0,0,0,0,0,0,0,0,0,0,0,0,0,0,0,0,0,0,0,0,67746
1,1,1,1,1118,491,-1925,-341,230,-507,-9,6,-19,0,0,0,0,0,0,0,0,0,0,0,0,0,0,0,0,0,0,0,0,0,0,67756
1,1,1,1,1071,545,-1881,-336,195,-454,-9,8,-20,0,0,0,0,0,0,0,0,0,0,0,0,0,0,0,0,0,0,0,0,0,0,67766
1,1,1,1,1049,573,-1861,-267,173,-389,-5,1,-20,0,0,0,0,0,0,0,0,0,0,0,0,0,0,0,0,0,0,0,0,0,0,67776
1,1,1,1,1101,481,-1870,-176,180,-372,-2,-4,-20,0,0,0,0,0,0,0,0,0,0,0,0,0,0,0,0,0,0,0,0,0,0,67786
1,1,1,1,1117,416,-1920,-144,206,-425,-6,-2,-20,0,0,0,0,0,0,0,0,0,0,0,0,0,0,0,0,0,0,0,0,0,0,67796
1,1,1,1,1087,384,-2039,-213,319,-537,-6,-3,-28,0,0,0,0,0,0,0,0,0,0,0,0,0,0,0,0,0,0,0,0,0,0,67816
1,1,1,1,1060,452,-1999,-265,337,-553,-6,-7,-32,0,0,0,0,0,0,0,0,0,0,0,0,0,0,0,0,0,0,0,0,0,0,67826
1,1,1,1,977,578,-1957,-280,303,-492,-3,-7,-30,0,0,0,0,0,0,0,0,0,0,0,0,0,0,0,0,0,0,0,0,0,0,67836
1,1,1,1,947,651,-1877,-238,274,-401,-1,-7,-36,0,0,0,0,0,0,0,0,0,0,0,0,0,0,0,0,0,0,0,0,0,0,67846
1,1,1,1,980,631,-1866,-183,277,-346,1,-6,-34,0,0,0,0,0,0,0,0,0,0,0,0,0,0,0,0,0,0,0,0,0,0,67856
1,1,1,1,995,558,-1910,-239,286,-323,1,-6,-32,0,0,0,0,0,0,0,0,0,0,0,0,0,0,0,0,0,0,0,0,0,0,67866
1,1,1,1,1030,568,-1899,-202,309,-320,2,-5,-32,0,0,0,0,0,0,0,0,0,0,0,0,0,0,0,0,0,0,0,0,0,0,67876
1,1,1,1,1076,584,-1837,-122,338,-318,2,-5,-32,0,0,0,0,0,0,0,0,0,0,0,0,0,0,0,0,0,0,0,0,0,0,67886
1,1,1,1,1116,540,-1787,-57,338,-322,2,-3,-34,0,0,0,0,0,0,0,0,0,0,0,0,0,0,0,0,0,0,0,0,0,0,67896
1,1,1,1,1139,498,-1793,-101,277,-326,1,-3,-32,0,0,0,0,0,0,0,0,0,0,0,0,0,0,0,0,0,0,0,0,0,0,67906
1,1,1,1,1150,484,-1795,-155,216,-318,-1,-3,-35,0,0,0,0,0,0,0,0,0,0,0,0,0,0,0,0,0,0,0,0,0,0,67916
1,1,1,1,1160,459,-1798,-230,182,-314,0,-4,-38,0,0,0,0,0,0,0,0,0,0,0,0,0,0,0,0,0,0,0,0,0,0,67926
1,1,1,1,1136,536,-1757,-280,143,-307,2,-3,-37,0,0,0,0,0,0,0,0,0,0,0,0,0,0,0,0,0,0,0,0,0,0,67936
1,1,1,1,1093,632,-1695,-287,89,-264,2,-1,-31,0,0,0,0,0,0,0,0,0,0,0,0,0,0,0,0,0,0,0,0,0,0,67946
1,1,1,1,1085,637,-1688,-272,51,-210,3,1,-27,0,0,0,0,0,0,0,0,0,0,0,0,0,0,0,0,0,0,0,0,0,0,67956
1,1,1,1,1106,603,-1746,-193,52,-191,5,2,-24,0,0,0,0,0,0,0,0,0,0,0,0,0,0,0,0,0,0,0,0,0,0,67966
1,1,1,1,1150,560,-1786,-69,86,-194,3,4,-23,0,0,0,0,0,0,0,0,0,0,0,0,0,0,0,0,0,0,0,0,0,0,67976
1,1,1,1,1175,453,-1790,-116,70,-228,0,6,-19,0,0,0,0,0,0,0,0,0,0,0,0,0,0,0,0,0,0,0,0,0,0,67986
1,1,1,1,1213,420,-1765,-230,30,-280,2,6,-19,0,0,0,0,0,0,0,0,0,0,0,0,0,0,0,0,0,0,0,0,0,0,67996
1,1,1,1,1190,503,-1778,-230,26,-290,1,6,-19,0,0,0,0,0,0,0,0,0,0,0,0,0,0,0,0,0,0,0,0,0,0,68006
1,1,1,1,1114,573,-1755,-227,20,-286,4,6,-22,0,0,0,0,0,0,0,0,0,0,0,0,0,0,0,0,0,0,0,0,0,0,68016
1,1,1,1,1102,586,-1751,-246,10,-294,4,7,-21,0,0,0,0,0,0,0,0,0,0,0,0,0,0,0,0,0,0,0,0,0,0,68026
1,1,1,1,1064,599,-1769,-262,-1,-287,5,7,-19,0,0,0,0,0,0,0,0,0,0,0,0,0,0,0,0,0,0,0,0,0,0,68036
1,1,1,1,1049,667,-1737,-207,0,-247,5,8,-19,0,0,0,0,0,0,0,0,0,0,0,0,0,0,0,0,0,0,0,0,0,0,68046
1,1,1,1,1074,637,-1729,-122,9,-219,3,9,-19,0,0,0,0,0,0,0,0,0,0,0,0,0,0,0,0,0,0,0,0,0,0,68056
1,1,1,1,1082,577,-1737,-123,-3,-214,1,10,-19,0,0,0,0,0,0,0,0,0,0,0,0,0,0,0,0,0,0,0,0,0,0,68066
1,1,1,1,1037,582,-1766,-170,-32,-211,2,12,-20,0,0,0,0,0,0,0,0,0,0,0,0,0,0,0,0,0,0,0,0,0,0,68076
1,1,1,1,1015,596,-1741,-161,-36,-206,5,9,-20,0,0,0,0,0,0,0,0,0,0,0,0,0,0,0,0,0,0,0,0,0,0,68086
1,1,1,1,1010,611,-1727,-151,-37,-203,3,13,-19,0,0,0,0,0,0,0,0,0,0,0,0,0,0,0,0,0,0,0,0,0,0,68096
1,1,1,1,982,636,-1749,-134,-29,-193,0,15,-19,0,0,0,0,0,0,0,0,0,0,0,0,0,0,0,0,0,0,0,0,0,0,68106
1,1,1,1,973,672,-1760,-118,-8,-177,1,11,-19,0,0,0,0,0,0,0,0,0,0,0,0,0,0,0,0,0,0,0,0,0,0,68116
1,1,1,1,1005,687,-1727,-109,-1,-174,3,7,-19,0,0,0,0,0,0,0,0,0,0,0,0,0,0,0,0,0,0,0,0,0,0,68126
1,1,1,1,1015,715,-1725,-69,43,-171,4,10,-19,0,0,0,0,0,0,0,0,0,0,0,0,0,0,0,0,0,0,0,0,0,0,68136
1,1,1,1,1015,744,-1729,-36,72,-158,5,8,-18,0,0,0,0,0,0,0,0,0,0,0,0,0,0,0,0,0,0,0,0,0,0,68146
1,1,1,1,1030,713,-1753,-28,108,-158,1,13,-19,0,0,0,0,0,0,0,0,0,0,0,0,0,0,0,0,0,0,0,0,0,0,68156
1,1,1,1,1064,669,-1745,-28,117,-180,4,13,-18,0,0,0,0,0,0,0,0,0,0,0,0,0,0,0,0,0,0,0,0,0,0,68166
1,1,1,1,1084,666,-1703,-37,89,-201,4,13,-13,0,0,0,0,0,0,0,0,0,0,0,0,0,0,0,0,0,0,0,0,0,0,68176
1,1,1,1,1095,628,-1746,-50,73,-230,1,12,-19,0,0,0,0,0,0,0,0,0,0,0,0,0,0,0,0,0,0,0,0,0,0,68186
1,1,1,1,1099,645,-1756,-54,48,-266,1,11,-18,0,0,0,0,0,0,0,0,0,0,0,0,0,0,0,0,0,0,0,0,0,0,68196
1,1,1,1,1021,709,-1750,-77,32,-274,1,11,-19,0,0,0,0,0,0,0,0,0,0,0,0,0,0,0,0,0,0,0,0,0,0,68206
1,1,1,1,996,773,-1708,-87,25,-277,-1,10,-19,0,0,0,0,0,0,0,0,0,0,0,0,0,0,0,0,0,0,0,0,0,0,68216
1,1,1,1,949,835,-1712,-69,47,-282,-2,11,-13,0,0,0,0,0,0,0,0,0,0,0,0,0,0,0,0,0,0,0,0,0,0,68226
1,1,1,1,942,829,-1747,-19,113,-304,-1,13,-12,0,0,0,0,0,0,0,0,0,0,0,0,0,0,0,0,0,0,0,0,0,0,68236
1,1,1,1,968,807,-1721,3,156,-329,-1,15,-3,0,0,0,0,0,0,0,0,0,0,0,0,0,0,0,0,0,0,0,0,0,0,68246
1,1,1,1,1008,753,-1729,43,203,-354,-2,17,0,0,0,0,0,0,0,0,0,0,0,0,0,0,0,0,0,0,0,0,0,0,0,68256
1,1,1,1,1031,713,-1714,72,207,-383,-2,18,1,0,0,0,0,0,0,0,0,0,0,0,0,0,0,0,0,0,0,0,0,0,0,68266
1,1,1,1,1001,714,-1717,116,231,-408,-2,18,-3,0,0,0,0,0,0,0,0,0,0,0,0,0,0,0,0,0,0,0,0,0,0,68276
1,1,1,1,967,709,-1726,110,227,-419,-4,16,-1,0,0,0,0,0,0,0,0,0,0,0,0,0,0,0,0,0,0,0,0,0,0,68286
1,1,1,1,895,737,-1736,93,217,-412,-3,16,-4,0,0,0,0,0,0,0,0,0,0,0,0,0,0,0,0,0,0,0,0,0,0,68296
1,1,1,1,855,780,-1759,146,227,-380,-5,16,2,0,0,0,0,0,0,0,0,0,0,0,0,0,0,0,0,0,0,0,0,0,0,68306
1,1,1,1,824,719,-1792,149,208,-392,-4,17,1,0,0,0,0,0,0,0,0,0,0,0,0,0,0,0,0,0,0,0,0,0,0,68316
1,1,1,1,821,761,-1763,55,187,-392,-4,17,2,0,0,0,0,0,0,0,0,0,0,0,0,0,0,0,0,0,0,0,0,0,0,68326
1,1,1,1,935,777,-1717,15,225,-403,-6,19,6,0,0,0,0,0,0,0,0,0,0,0,0,0,0,0,0,0,0,0,0,0,0,68336
1,1,1,1,1054,644,-1715,-34,283,-409,2,19,7,0,0,0,0,0,0,0,0,0,0,0,0,0,0,0,0,0,0,0,0,0,0,68346
1,1,1,1,1108,721,-1689,63,329,-421,-1,19,5,0,0,0,0,0,0,0,0,0,0,0,0,0,0,0,0,0,0,0,0,0,0,68356
1,1,1,1,1078,769,-1623,266,348,-376,-4,20,8,0,0,0,0,0,0,0,0,0,0,0,0,0,0,0,0,0,0,0,0,0,0,68366
1,1,1,1,1095,549,-1821,2,324,-376,-11,20,9,0,0,0,0,0,0,0,0,0,0,0,0,0,0,0,0,0,0,0,0,0,0,68376
1,1,1,1,1106,482,-1936,-409,251,-421,-1,18,4,0,0,0,0,0,0,0,0,0,0,0,0,0,0,0,0,0,0,0,0,0,0,68386
1,1,1,1,1072,924,-1580,-45,301,-419,-2,15,3,0,0,0,0,0,0,0,0,0,0,0,0,0,0,0,0,0,0,0,0,0,0,68396
1,1,1,1,884,773,-1707,67,337,-394,-8,18,2,0,0,0,0,0,0,0,0,0,0,0,0,0,0,0,0,0,0,0,0,0,0,68406
1,1,1,1,866,742,-1920,-162,284,-397,-9,16,4,0,0,0,0,0,0,0,0,0,0,0,0,0,0,0,0,0,0,0,0,0,0,68416
1,1,1,1,810,786,-1904,-372,235,-394,-7,18,8,0,0,0,0,0,0,0,0,0,0,0,0,0,0,0,0,0,0,0,0,0,0,68426
1,1,1,1,864,887,-1698,-285,279,-411,-7,19,11,0,0,0,0,0,0,0,0,0,0,0,0,0,0,0,0,0,0,0,0,0,0,68436
1,1,1,1,868,890,-1649,-150,307,-437,-7,18,10,0,0,0,0,0,0,0,0,0,0,0,0,0,0,0,0,0,0,0,0,0,0,68446
1,1,1,1,841,823,-1627,-264,281,-458,-7,20,17,0,0,0,0,0,0,0,0,0,0,0,0,0,0,0,0,0,0,0,0,0,0,68456
1,1,1,1,934,781,-1646,-389,259,-507,-7,18,16,0,0,0,0,0,0,0,0,0,0,0,0,0,0,0,0,0,0,0,0,0,0,68466
1,1,1,1,978,805,-1729,-392,262,-539,-4,20,16,0,0,0,0,0,0,0,0,0,0,0,0,0,0,0,0,0,0,0,0,0,0,68476
1,1,1,1,1057,893,-1763,-179,271,-515,-4,19,18,0,0,0,0,0,0,0,0,0,0,0,0,0,0,0,0,0,0,0,0,0,0,68486
1,1,1,1,1084,745,-1806,-19,284,-500,-7,19,21,0,0,0,0,0,0,0,0,0,0,0,0,0,0,0,0,0,0,0,0,0,0,68496
1,1,1,1,1078,680,-1773,-106,238,-484,-10,18,14,0,0,0,0,0,0,0,0,0,0,0,0,0,0,0,0,0,0,0,0,0,0,68506
1,1,1,1,978,743,-1698,-189,187,-439,-9,17,14,0,0,0,0,0,0,0,0,0,0,0,0,0,0,0,0,0,0,0,0,0,0,68516
1,1,1,1,871,834,-1664,-98,166,-394,-9,15,12,0,0,0,0,0,0,0,0,0,0,0,0,0,0,0,0,0,0,0,0,0,0,68526
1,1,1,1,855,888,-1534,68,145,-367,-11,17,15,0,0,0,0,0,0,0,0,0,0,0,0,0,0,0,0,0,0,0,0,0,0,68536
1,1,1,1,867,889,-1531,137,184,-403,-9,18,17,0,0,0,0,0,0,0,0,0,0,0,0,0,0,0,0,0,0,0,0,0,0,68546
1,1,1,1,973,899,-1657,353,205,-388,-8,19,19,0,0,0,0,0,0,0,0,0,0,0,0,0,0,0,0,0,0,0,0,0,0,68556
1,1,1,1,1060,835,-1697,501,216,-346,-10,21,24,0,0,0,0,0,0,0,0,0,0,0,0,0,0,0,0,0,0,0,0,0,0,68566
1,1,1,1,1102,753,-1802,437,206,-346,-13,22,25,0,0,0,0,0,0,0,0,0,0,0,0,0,0,0,0,0,0,0,0,0,0,68576
1,1,1,1,1049,677,-1881,202,121,-331,-13,22,24,0,0,0,0,0,0,0,0,0,0,0,0,0,0,0,0,0,0,0,0,0,0,68586
1,1,1,1,1076,746,-1812,92,85,-314,-10,21,26,0,0,0,0,0,0,0,0,0,0,0,0,0,0,0,0,0,0,0,0,0,0,68596
1,1,1,1,979,794,-1608,134,79,-310,-9,20,28,0,0,0,0,0,0,0,0,0,0,0,0,0,0,0,0,0,0,0,0,0,0,68606
1,1,1,1,938,808,-1502,188,112,-301,-13,22,28,0,0,0,0,0,0,0,0,0,0,0,0,0,0,0,0,0,0,0,0,0,0,68616
1,1,1,1,937,763,-1512,-48,151,-285,-6,24,30,0,0,0,0,0,0,0,0,0,0,0,0,0,0,0,0,0,0,0,0,0,0,68626
1,1,1,1,1000,984,-1472,-192,132,-290,-6,27,41,0,0,0,0,0,0,0,0,0,0,0,0,0,0,0,0,0,0,0,0,0,0,68636
1,1,1,1,1028,1048,-1652,318,262,-299,-12,30,50,0,0,0,0,0,0,0,0,0,0,0,0,0,0,0,0,0,0,0,0,0,0,68646
1,1,1,1,1005,887,-1552,406,251,-292,-13,33,54,0,0,0,0,0,0,0,0,0,0,0,0,0,0,0,0,0,0,0,0,0,0,68656
1,1,1,1,1016,886,-1591,510,262,-305,-18,36,61,0,0,0,0,0,0,0,0,0,0,0,0,0,0,0,0,0,0,0,0,0,0,68666
1,1,1,1,1077,736,-1654,399,231,-308,-21,38,65,0,0,0,0,0,0,0,0,0,0,0,0,0,0,0,0,0,0,0,0,0,0,68676
1,1,1,1,1101,658,-1721,170,176,-283,-22,39,68,0,0,0,0,0,0,0,0,0,0,0,0,0,0,0,0,0,0,0,0,0,0,68686
1,1,1,1,1069,604,-1765,44,143,-207,-22,35,69,0,0,0,0,0,0,0,0,0,0,0,0,0,0,0,0,0,0,0,0,0,0,68696
1,1,1,1,899,637,-1716,-55,90,-119,-24,38,73,0,0,0,0,0,0,0,0,0,0,0,0,0,0,0,0,0,0,0,0,0,0,68706
1,1,1,1,879,742,-1718,15,48,-14,-26,38,73,0,0,0,0,0,0,0,0,0,0,0,0,0,0,0,0,0,0,0,0,0,0,68716
1,1,1,1,881,775,-1742,110,17,37,-27,37,77,0,0,0,0,0,0,0,0,0,0,0,0,0,0,0,0,0,0,0,0,0,0,68726
1,1,1,1,879,816,-1769,92,-47,75,-27,38,78,0,0,0,0,0,0,0,0,0,0,0,0,0,0,0,0,0,0,0,0,0,0,68736
1,1,1,1,936,855,-1807,60,-114,95,-28,38,81,0,0,0,0,0,0,0,0,0,0,0,0,0,0,0,0,0,0,0,0,0,0,68746
1,1,1,1,1050,855,-1754,40,-152,90,-25,37,80,0,0,0,0,0,0,0,0,0,0,0,0,0,0,0,0,0,0,0,0,0,0,68756
1,1,1,1,1155,824,-1690,-4,-137,110,-29,42,80,0,0,0,0,0,0,0,0,0,0,0,0,0,0,0,0,0,0,0,0,0,0,68766
1,1,1,1,1207,762,-1678,-117,-121,117,-29,40,81,0,0,0,0,0,0,0,0,0,0,0,0,0,0,0,0,0,0,0,0,0,0,68776
1,1,1,1,1155,767,-1703,-204,-129,118,-26,40,80,0,0,0,0,0,0,0,0,0,0,0,0,0,0,0,0,0,0,0,0,0,0,68786
1,1,1,1,1107,765,-1654,-289,-160,130,-23,40,79,0,0,0,0,0,0,0,0,0,0,0,0,0,0,0,0,0,0,0,0,0,0,68796
1,1,1,1,1052,758,-1642,-332,-182,150,-26,40,77,0,0,0,0,0,0,0,0,0,0,0,0,0,0,0,0,0,0,0,0,0,0,68806
1,1,1,1,944,795,-1620,-325,-203,191,-24,39,72,0,0,0,0,0,0,0,0,0,0,0,0,0,0,0,0,0,0,0,0,0,0,68816
1,1,1,1,953,803,-1571,-281,-222,210,-24,39,74,0,0,0,0,0,0,0,0,0,0,0,0,0,0,0,0,0,0,0,0,0,0,68826
1,1,1,1,1029,816,-1536,-169,-169,227,-25,38,70,0,0,0,0,0,0,0,0,0,0,0,0,0,0,0,0,0,0,0,0,0,0,68836
1,1,1,1,1025,896,-1486,-126,-113,232,-21,38,67,0,0,0,0,0,0,0,0,0,0,0,0,0,0,0,0,0,0,0,0,0,0,68846
1,1,1,1,1064,884,-1477,-96,-60,205,-20,39,66,0,0,0,0,0,0,0,0,0,0,0,0,0,0,0,0,0,0,0,0,0,0,68856
1,1,1,1,1098,893,-1455,-36,-11,182,-21,38,68,0,0,0,0,0,0,0,0,0,0,0,0,0,0,0,0,0,0,0,0,0,0,68866
1,1,1,1,1052,895,-1490,29,45,151,-20,39,70,0,0,0,0,0,0,0,0,0,0,0,0,0,0,0,0,0,0,0,0,0,0,68876
1,1,1,1,1069,841,-1548,58,79,125,-19,39,72,0,0,0,0,0,0,0,0,0,0,0,0,0,0,0,0,0,0,0,0,0,0,68886
1,1,1,1,1073,790,-1629,20,77,94,-22,38,72,0,0,0,0,0,0,0,0,0,0,0,0,0,0,0,0,0,0,0,0,0,0,68896
1,1,1,1,1038,807,-1669,-27,62,78,-23,38,69,0,0,0,0,0,0,0,0,0,0,0,0,0,0,0,0,0,0,0,0,0,0,68906
1,1,1,1,1017,840,-1660,-56,39,68,-21,38,69,0,0,0,0,0,0,0,0,0,0,0,0,0,0,0,0,0,0,0,0,0,0,68916
1,1,1,1,1014,852,-1664,-54,23,67,-21,38,70,0,0,0,0,0,0,0,0,0,0,0,0,0,0,0,0,0,0,0,0,0,0,68926
1,1,1,1,957,898,-1664,-33,19,82,-21,37,68,0,0,0,0,0,0,0,0,0,0,0,0,0,0,0,0,0,0,0,0,0,0,68936
1,1,1,1,1012,902,-1640,-15,11,101,-21,37,68,0,0,0,0,0,0,0,0,0,0,0,0,0,0,0,0,0,0,0,0,0,0,68946
1,1,1,1,1047,894,-1646,-31,-6,96,-23,37,67,0,0,0,0,0,0,0,0,0,0,0,0,0,0,0,0,0,0,0,0,0,0,68956
1,1,1,1,1037,918,-1694,-24,-30,61,-23,38,67,0,0,0,0,0,0,0,0,0,0,0,0,0,0,0,0,0,0,0,0,0,0,68966
1,1,1,1,1043,916,-1716,-41,-49,39,-20,36,67,0,0,0,0,0,0,0,0,0,0,0,0,0,0,0,0,0,0,0,0,0,0,68976
1,1,1,1,1062,881,-1721,-82,-89,19,-23,36,69,0,0,0,0,0,0,0,0,0,0,0,0,0,0,0,0,0,0,0,0,0,0,68986
1,1,1,1,1014,884,-1719,-118,-135,6,-22,33,66,0,0,0,0,0,0,0,0,0,0,0,0,0,0,0,0,0,0,0,0,0,0,68996
1,1,1,1,982,877,-1703,-131,-157,8,-24,36,65,0,0,0,0,0,0,0,0,0,0,0,0,0,0,0,0,0,0,0,0,0,0,69006
1,1,1,1,986,835,-1657,-131,-171,12,-23,35,66,0,0,0,0,0,0,0,0,0,0,0,0,0,0,0,0,0,0,0,0,0,0,69016
1,1,1,1,993,831,-1635,-115,-178,8,-26,37,66,0,0,0,0,0,0,0,0,0,0,0,0,0,0,0,0,0,0,0,0,0,0,69026
1,1,1,1,977,883,-1617,-95,-164,9,-24,37,68,0,0,0,0,0,0,0,0,0,0,0,0,0,0,0,0,0,0,0,0,0,0,69036
1,1,1,1,978,927,-1617,-80,-144,10,-24,36,64,0,0,0,0,0,0,0,0,0,0,0,0,0,0,0,0,0,0,0,0,0,0,69046
1,1,1,1,997,942,-1614,-57,-115,21,-23,36,66,0,0,0,0,0,0,0,0,0,0,0,0,0,0,0,0,0,0,0,0,0,0,69056
1,1,1,1,1005,913,-1605,-38,-83,5,-22,37,66,0,0,0,0,0,0,0,0,0,0,0,0,0,0,0,0,0,0,0,0,0,0,69066
1,1,1,1,998,877,-1612,-45,-75,-14,-19,37,67,0,0,0,0,0,0,0,0,0,0,0,0,0,0,0,0,0,0,0,0,0,0,69076
1,1,1,1,981,845,-1631,-51,-71,-21,-19,35,67,0,0,0,0,0,0,0,0,0,0,0,0,0,0,0,0,0,0,0,0,0,0,69086
1,1,1,1,962,824,-1640,-59,-48,-12,-19,37,66,0,0,0,0,0,0,0,0,0,0,0,0,0,0,0,0,0,0,0,0,0,0,69096
1,1,1,1,955,810,-1615,-74,-49,-7,-22,36,64,0,0,0,0,0,0,0,0,0,0,0,0,0,0,0,0,0,0,0,0,0,0,69106
1,1,1,1,943,836,-1603,-67,-67,-6,-20,35,63,0,0,0,0,0,0,0,0,0,0,0,0,0,0,0,0,0,0,0,0,0,0,69116
1,1,1,1,936,851,-1592,-25,-57,-3,-21,35,66,0,0,0,0,0,0,0,0,0,0,0,0,0,0,0,0,0,0,0,0,0,0,69126
1,1,1,1,934,853,-1581,-11,-43,-2,-24,35,63,0,0,0,0,0,0,0,0,0,0,0,0,0,0,0,0,0,0,0,0,0,0,69136
1,1,1,1,928,874,-1617,-15,-44,4,-21,37,62,0,0,0,0,0,0,0,0,0,0,0,0,0,0,0,0,0,0,0,0,0,0,69146
1,1,1,1,925,882,-1608,4,-27,14,-20,36,68,0,0,0,0,0,0,0,0,0,0,0,0,0,0,0,0,0,0,0,0,0,0,69156
1,1,1,1,914,877,-1587,25,-10,22,-20,37,70,0,0,0,0,0,0,0,0,0,0,0,0,0,0,0,0,0,0,0,0,0,0,69166
1,1,1,1,905,873,-1595,38,-11,24,-21,37,70,0,0,0,0,0,0,0,0,0,0,0,0,0,0,0,0,0,0,0,0,0,0,69176
1,1,1,1,900,861,-1605,49,-5,31,-22,37,70,0,0,0,0,0,0,0,0,0,0,0,0,0,0,0,0,0,0,0,0,0,0,69186
1,1,1,1,909,848,-1621,20,-2,35,-21,37,67,0,0,0,0,0,0,0,0,0,0,0,0,0,0,0,0,0,0,0,0,0,0,69196
1,1,1,1,938,834,-1658,-34,-13,16,-23,37,69,0,0,0,0,0,0,0,0,0,0,0,0,0,0,0,0,0,0,0,0,0,0,69206
1,1,1,1,947,824,-1665,-88,-40,5,-23,39,71,0,0,0,0,0,0,0,0,0,0,0,0,0,0,0,0,0,0,0,0,0,0,69216
1,1,1,1,937,866,-1642,-81,-55,13,-24,38,69,0,0,0,0,0,0,0,0,0,0,0,0,0,0,0,0,0,0,0,0,0,0,69226
1,1,1,1,937,890,-1629,-23,-35,27,-23,38,70,0,0,0,0,0,0,0,0,0,0,0,0,0,0,0,0,0,0,0,0,0,0,69236
1,1,1,1,954,889,-1600,6,-29,32,-23,38,67,0,0,0,0,0,0,0,0,0,0,0,0,0,0,0,0,0,0,0,0,0,0,69246
1,1,1,1,964,862,-1623,2,-26,27,-22,38,70,0,0,0,0,0,0,0,0,0,0,0,0,0,0,0,0,0,0,0,0,0,0,69256
1,1,1,1,967,855,-1640,11,-14,18,-23,39,71,0,0,0,0,0,0,0,0,0,0,0,0,0,0,0,0,0,0,0,0,0,0,69266
1,1,1,1,944,840,-1638,3,-11,7,-24,39,74,0,0,0,0,0,0,0,0,0,0,0,0,0,0,0,0,0,0,0,0,0,0,69276
1,1,1,1,930,837,-1645,-10,-13,7,-24,37,71,0,0,0,0,0,0,0,0,0,0,0,0,0,0,0,0,0,0,0,0,0,0,69286
1,1,1,1,933,837,-1663,-23,-19,-1,-26,40,72,0,0,0,0,0,0,0,0,0,0,0,0,0,0,0,0,0,0,0,0,0,0,69296
1,1,1,1,942,836,-1655,-52,-40,-3,-27,43,74,0,0,0,0,0,0,0,0,0,0,0,0,0,0,0,0,0,0,0,0,0,0,69306
1,1,1,1,966,852,-1635,-59,-50,-11,-26,42,75,0,0,0,0,0,0,0,0,0,0,0,0,0,0,0,0,0,0,0,0,0,0,69316
1,1,1,1,972,890,-1627,-28,-41,-12,-25,40,76,0,0,0,0,0,0,0,0,0,0,0,0,0,0,0,0,0,0,0,0,0,0,69326
1,1,1,1,972,902,-1636,-1,-18,-4,-26,41,74,0,0,0,0,0,0,0,0,0,0,0,0,0,0,0,0,0,0,0,0,0,0,69336
1,1,1,1,987,868,-1652,-8,-15,-6,-23,38,74,0,0,0,0,0,0,0,0,0,0,0,0,0,0,0,0,0,0,0,0,0,0,69346
1,1,1,1,987,846,-1668,-12,-5,-8,-24,41,77,0,0,0,0,0,0,0,0,0,0,0,0,0,0,0,0,0,0,0,0,0,0,69356
1,1,1,1,942,858,-1675,-21,-6,-1,-22,40,75,0,0,0,0,0,0,0,0,0,0,0,0,0,0,0,0,0,0,0,0,0,0,69366
1,1,1,1,922,858,-1666,-32,-15,15,-22,39,74,0,0,0,0,0,0,0,0,0,0,0,0,0,0,0,0,0,0,0,0,0,0,69376
1,1,1,1,932,844,-1660,-29,-24,28,-22,39,74,0,0,0,0,0,0,0,0,0,0,0,0,0,0,0,0,0,0,0,0,0,0,69386
1,1,1,1,948,841,-1656,-39,-30,33,-22,39,74,0,0,0,0,0,0,0,0,0,0,0,0,0,0,0,0,0,0,0,0,0,0,69396
1,1,1,1,977,836,-1680,-57,-49,26,-21,38,73,0,0,0,0,0,0,0,0,0,0,0,0,0,0,0,0,0,0,0,0,0,0,69406
1,1,1,1,978,865,-1670,-65,-65,20,-22,39,74,0,0,0,0,0,0,0,0,0,0,0,0,0,0,0,0,0,0,0,0,0,0,69416
1,1,1,1,955,887,-1667,-69,-65,31,-21,38,73,0,0,0,0,0,0,0,0,0,0,0,0,0,0,0,0,0,0,0,0,0,0,69426
1,1,1,1,963,893,-1643,-64,-72,37,-23,38,71,0,0,0,0,0,0,0,0,0,0,0,0,0,0,0,0,0,0,0,0,0,0,69436
1,1,1,1,963,912,-1622,-29,-61,41,-23,38,69,0,0,0,0,0,0,0,0,0,0,0,0,0,0,0,0,0,0,0,0,0,0,69446
1,1,1,1,943,907,-1618,-16,-61,45,-21,39,68,0,0,0,0,0,0,0,0,0,0,0,0,0,0,0,0,0,0,0,0,0,0,69456
1,1,1,1,941,897,-1632,-10,-58,51,-22,39,68,0,0,0,0,0,0,0,0,0,0,0,0,0,0,0,0,0,0,0,0,0,0,69466
1,1,1,1,937,892,-1625,-10,-46,55,-23,38,70,0,0,0,0,0,0,0,0,0,0,0,0,0,0,0,0,0,0,0,0,0,0,69476
1,1,1,1,951,853,-1624,-34,-53,47,-26,39,70,0,0,0,0,0,0,0,0,0,0,0,0,0,0,0,0,0,0,0,0,0,0,69486
1,1,1,1,1002,813,-1645,-64,-54,26,-25,38,71,0,0,0,0,0,0,0,0,0,0,0,0,0,0,0,0,0,0,0,0,0,0,69496
1,1,1,1,989,828,-1643,-96,-70,12,-27,39,69,0,0,0,0,0,0,0,0,0,0,0,0,0,0,0,0,0,0,0,0,0,0,69506
1,1,1,1,967,864,-1641,-121,-86,10,-26,38,69,0,0,0,0,0,0,0,0,0,0,0,0,0,0,0,0,0,0,0,0,0,0,69516
1,1,1,1,953,890,-1644,-127,-95,9,-24,37,68,0,0,0,0,0,0,0,0,0,0,0,0,0,0,0,0,0,0,0,0,0,0,69526
1,1,1,1,946,918,-1633,-115,-79,20,-23,37,67,0,0,0,0,0,0,0,0,0,0,0,0,0,0,0,0,0,0,0,0,0,0,69536
1,1,1,1,949,928,-1604,-51,-35,32,-22,37,67,0,0,0,0,0,0,0,0,0,0,0,0,0,0,0,0,0,0,0,0,0,0,69546
1,1,1,1,945,906,-1581,0,-10,31,-24,37,67,0,0,0,0,0,0,0,0,0,0,0,0,0,0,0,0,0,0,0,0,0,0,69556
1,1,1,1,932,895,-1613,11,-2,30,-27,37,67,0,0,0,0,0,0,0,0,0,0,0,0,0,0,0,0,0,0,0,0,0,0,69566
1,1,1,1,928,884,-1634,1,-3,26,-25,38,65,0,0,0,0,0,0,0,0,0,0,0,0,0,0,0,0,0,0,0,0,0,0,69576
1,1,1,1,937,859,-1632,-22,-6,24,-27,37,68,0,0,0,0,0,0,0,0,0,0,0,0,0,0,0,0,0,0,0,0,0,0,69586
1,1,1,1,932,869,-1626,-20,-5,21,-27,40,64,0,0,0,0,0,0,0,0,0,0,0,0,0,0,0,0,0,0,0,0,0,0,69596
1,1,1,1,919,877,-1612,-15,-7,22,-22,35,63,0,0,0,0,0,0,0,0,0,0,0,0,0,0,0,0,0,0,0,0,0,0,69606
1,1,1,1,934,890,-1633,-4,0,22,-25,35,63,0,0,0,0,0,0,0,0,0,0,0,0,0,0,0,0,0,0,0,0,0,0,69616
1,1,1,1,938,906,-1627,21,10,30,-24,36,62,0,0,0,0,0,0,0,0,0,0,0,0,0,0,0,0,0,0,0,0,0,0,69626
1,1,1,1,969,894,-1604,61,29,21,-22,36,62,0,0,0,0,0,0,0,0,0,0,0,0,0,0,0,0,0,0,0,0,0,0,69636
1,1,1,1,987,883,-1584,85,32,11,-23,35,60,0,0,0,0,0,0,0,0,0,0,0,0,0,0,0,0,0,0,0,0,0,0,69646
1,1,1,1,976,853,-1612,74,37,6,-23,39,66,0,0,0,0,0,0,0,0,0,0,0,0,0,0,0,0,0,0,0,0,0,0,69656
1,1,1,1,978,833,-1660,61,42,-1,-23,39,63,0,0,0,0,0,0,0,0,0,0,0,0,0,0,0,0,0,0,0,0,0,0,69666
1,1,1,1,930,842,-1652,32,27,-4,-24,38,65,0,0,0,0,0,0,0,0,0,0,0,0,0,0,0,0,0,0,0,0,0,0,69676
1,1,1,1,893,847,-1659,11,21,4,-23,37,63,0,0,0,0,0,0,0,0,0,0,0,0,0,0,0,0,0,0,0,0,0,0,69686
1,1,1,1,894,856,-1663,1,18,9,-23,37,64,0,0,0,0,0,0,0,0,0,0,0,0,0,0,0,0,0,0,0,0,0,0,69696
1,1,1,1,912,860,-1671,-20,2,14,-24,36,62,0,0,0,0,0,0,0,0,0,0,0,0,0,0,0,0,0,0,0,0,0,0,69706
1,1,1,1,921,872,-1684,-40,-10,19,-24,37,64,0,0,0,0,0,0,0,0,0,0,0,0,0,0,0,0,0,0,0,0,0,0,69716
1,1,1,1,959,871,-1682,-40,-14,25,-25,37,65,0,0,0,0,0,0,0,0,0,0,0,0,0,0,0,0,0,0,0,0,0,0,69726
1,1,1,1,978,865,-1663,-52,-21,24,-21,36,64,0,0,0,0,0,0,0,0,0,0,0,0,0,0,0,0,0,0,0,0,0,0,69736
1,1,1,1,985,858,-1640,-50,-12,20,-22,37,63,0,0,0,0,0,0,0,0,0,0,0,0,0,0,0,0,0,0,0,0,0,0,69746
1,1,1,1,974,855,-1618,-39,-13,11,-22,37,63,0,0,0,0,0,0,0,0,0,0,0,0,0,0,0,0,0,0,0,0,0,0,69756
1,1,1,1,950,863,-1602,-24,-8,3,-21,37,62,0,0,0,0,0,0,0,0,0,0,0,0,0,0,0,0,0,0,0,0,0,0,69766
1,1,1,1,948,868,-1603,-14,1,-3,-20,36,64,0,0,0,0,0,0,0,0,0,0,0,0,0,0,0,0,0,0,0,0,0,0,69776
1,1,1,1,947,883,-1608,-3,14,-8,-21,38,63,0,0,0,0,0,0,0,0,0,0,0,0,0,0,0,0,0,0,0,0,0,0,69786
1,1,1,1,967,866,-1600,-9,17,-11,-22,36,62,0,0,0,0,0,0,0,0,0,0,0,0,0,0,0,0,0,0,0,0,0,0,69796
1,1,1,1,963,864,-1628,-5,20,-11,-24,37,65,0,0,0,0,0,0,0,0,0,0,0,0,0,0,0,0,0,0,0,0,0,0,69806
1,1,1,1,936,880,-1634,-9,11,-2,-24,38,64,0,0,0,0,0,0,0,0,0,0,0,0,0,0,0,0,0,0,0,0,0,0,69816
1,1,1,1,944,887,-1636,4,3,7,-23,38,63,0,0,0,0,0,0,0,0,0,0,0,0,0,0,0,0,0,0,0,0,0,0,69826
1,1,1,1,954,878,-1631,11,-2,12,-21,37,64,0,0,0,0,0,0,0,0,0,0,0,0,0,0,0,0,0,0,0,0,0,0,69836
1,1,1,1,971,873,-1639,15,-6,13,-21,37,63,0,0,0,0,0,0,0,0,0,0,0,0,0,0,0,0,0,0,0,0,0,0,69846
1,1,1,1,972,883,-1631,21,-4,15,-21,37,62,0,0,0,0,0,0,0,0,0,0,0,0,0,0,0,0,0,0,0,0,0,0,69856
1,1,1,1,967,883,-1641,8,-4,12,-21,38,63,0,0,0,0,0,0,0,0,0,0,0,0,0,0,0,0,0,0,0,0,0,0,69866
1,1,1,1,980,880,-1659,-6,-6,2,-22,38,63,0,0,0,0,0,0,0,0,0,0,0,0,0,0,0,0,0,0,0,0,0,0,69876
1,1,1,1,980,863,-1651,-30,-12,-5,-21,34,62,0,0,0,0,0,0,0,0,0,0,0,0,0,0,0,0,0,0,0,0,0,0,69886
1,1,1,1,956,883,-1645,-50,-11,-12,-22,38,62,0,0,0,0,0,0,0,0,0,0,0,0,0,0,0,0,0,0,0,0,0,0,69896
1,1,1,1,952,889,-1645,-65,-16,-20,-22,36,63,0,0,0,0,0,0,0,0,0,0,0,0,0,0,0,0,0,0,0,0,0,0,69906
1,1,1,1,945,902,-1655,-60,-20,-17,-21,36,64,0,0,0,0,0,0,0,0,0,0,0,0,0,0,0,0,0,0,0,0,0,0,69916
1,1,1,1,956,914,-1597,-23,-10,-12,-22,38,64,0,0,0,0,0,0,0,0,0,0,0,0,0,0,0,0,0,0,0,0,0,0,69926
1,1,1,1,979,898,-1573,5,2,-17,-21,40,65,0,0,0,0,0,0,0,0,0,0,0,0,0,0,0,0,0,0,0,0,0,0,69936
1,1,1,1,982,892,-1586,31,12,-18,-24,38,64,0,0,0,0,0,0,0,0,0,0,0,0,0,0,0,0,0,0,0,0,0,0,69946
1,1,1,1,958,890,-1565,47,18,-19,-21,37,65,0,0,0,0,0,0,0,0,0,0,0,0,0,0,0,0,0,0,0,0,0,0,69956
1,1,1,1,959,871,-1574,39,19,-21,-22,38,67,0,0,0,0,0,0,0,0,0,0,0,0,0,0,0,0,0,0,0,0,0,0,69966
1,1,1,1,949,862,-1606,10,13,-28,-22,39,69,0,0,0,0,0,0,0,0,0,0,0,0,0,0,0,0,0,0,0,0,0,0,69976
1,1,1,1,937,872,-1612,-8,13,-20,-23,38,72,0,0,0,0,0,0,0,0,0,0,0,0,0,0,0,0,0,0,0,0,0,0,69986
1,1,1,1,944,882,-1611,-12,17,-18,-22,39,73,0,0,0,0,0,0,0,0,0,0,0,0,0,0,0,0,0,0,0,0,0,0,69996
1,1,1,1,954,889,-1632,-19,18,-25,-24,39,76,0,0,0,0,0,0,0,0,0,0,0,0,0,0,0,0,0,0,0,0,0,0,70006
1,1,1,1,955,890,-1640,-26,18,-33,-24,40,78,0,0,0,0,0,0,0,0,0,0,0,0,0,0,0,0,0,0,0,0,0,0,70016
1,1,1,1,938,912,-1630,-23,9,-33,-24,40,76,0,0,0,0,0,0,0,0,0,0,0,0,0,0,0,0,0,0,0,0,0,0,70026
1,1,1,1,950,908,-1623,-13,-1,-29,-23,42,77,0,0,0,0,0,0,0,0,0,0,0,0,0,0,0,0,0,0,0,0,0,0,70036
1,1,1,1,945,905,-1628,10,-2,-26,-23,41,79,0,0,0,0,0,0,0,0,0,0,0,0,0,0,0,0,0,0,0,0,0,0,70046
1,1,1,1,936,914,-1599,34,11,-20,-24,42,80,0,0,0,0,0,0,0,0,0,0,0,0,0,0,0,0,0,0,0,0,0,0,70056
1,1,1,1,982,857,-1601,14,15,-25,-26,43,82,0,0,0,0,0,0,0,0,0,0,0,0,0,0,0,0,0,0,0,0,0,0,70066
1,1,1,1,976,836,-1636,-59,-7,-40,-22,42,83,0,0,0,0,0,0,0,0,0,0,0,0,0,0,0,0,0,0,0,0,0,0,70076
1,1,1,1,950,868,-1612,-101,-5,-28,-25,44,86,0,0,0,0,0,0,0,0,0,0,0,0,0,0,0,0,0,0,0,0,0,0,70086
1,1,1,1,950,868,-1612,-94,21,-18,-28,45,87,0,0,0,0,0,0,0,0,0,0,0,0,0,0,0,0,0,0,0,0,0,0,70096
1,1,1,1,944,874,-1566,-89,42,-10,-28,45,90,0,0,0,0,0,0,0,0,0,0,0,0,0,0,0,0,0,0,0,0,0,0,70106
1,1,1,1,952,872,-1571,-78,58,-10,-28,46,92,0,0,0,0,0,0,0,0,0,0,0,0,0,0,0,0,0,0,0,0,0,0,70116
1,1,1,1,945,909,-1573,-28,83,-4,-25,45,92,0,0,0,0,0,0,0,0,0,0,0,0,0,0,0,0,0,0,0,0,0,0,70126
1,1,1,1,925,926,-1583,31,100,-6,-26,47,94,0,0,0,0,0,0,0,0,0,0,0,0,0,0,0,0,0,0,0,0,0,0,70136
1,1,1,1,927,924,-1584,76,116,-5,-27,48,96,0,0,0,0,0,0,0,0,0,0,0,0,0,0,0,0,0,0,0,0,0,0,70146
1,1,1,1,961,931,-1565,113,127,-7,-29,49,100,0,0,0,0,0,0,0,0,0,0,0,0,0,0,0,0,0,0,0,0,0,0,70156
1,1,1,1,967,902,-1616,100,116,-20,-29,49,100,0,0,0,0,0,0,0,0,0,0,0,0,0,0,0,0,0,0,0,0,0,0,70166
1,1,1,1,987,853,-1648,44,89,-34,-30,48,102,0,0,0,0,0,0,0,0,0,0,0,0,0,0,0,0,0,0,0,0,0,0,70176
1,1,1,1,971,843,-1670,-12,69,-37,-30,47,102,0,0,0,0,0,0,0,0,0,0,0,0,0,0,0,0,0,0,0,0,0,0,70186
1,1,1,1,924,879,-1652,-37,55,-20,-29,50,104,0,0,0,0,0,0,0,0,0,0,0,0,0,0,0,0,0,0,0,0,0,0,70196
1,1,1,1,926,891,-1625,-36,33,-6,-29,50,104,0,0,0,0,0,0,0,0,0,0,0,0,0,0,0,0,0,0,0,0,0,0,70206
1,1,1,1,935,906,-1613,-21,20,13,-30,50,105,0,0,0,0,0,0,0,0,0,0,0,0,0,0,0,0,0,0,0,0,0,0,70216
1,1,1,1,940,917,-1617,17,22,38,-31,49,108,0,0,0,0,0,0,0,0,0,0,0,0,0,0,0,0,0,0,0,0,0,0,70226
1,1,1,1,964,911,-1600,66,31,49,-32,52,106,0,0,0,0,0,0,0,0,0,0,0,0,0,0,0,0,0,0,0,0,0,0,70236
1,1,1,1,958,909,-1590,86,12,51,-30,48,108,0,0,0,0,0,0,0,0,0,0,0,0,0,0,0,0,0,0,0,0,0,0,70246
1,1,1,1,950,919,-1611,96,7,52,-32,51,110,0,0,0,0,0,0,0,0,0,0,0,0,0,0,0,0,0,0,0,0,0,0,70256
1,1,1,1,967,884,-1626,73,-5,43,-30,50,111,0,0,0,0,0,0,0,0,0,0,0,0,0,0,0,0,0,0,0,0,0,0,70266
1,1,1,1,970,865,-1646,42,-13,35,-30,49,115,0,0,0,0,0,0,0,0,0,0,0,0,0,0,0,0,0,0,0,0,0,0,70276
1,1,1,1,963,864,-1654,-5,-39,27,-28,50,112,0,0,0,0,0,0,0,0,0,0,0,0,0,0,0,0,0,0,0,0,0,0,70286
1,1,1,1,951,891,-1661,-20,-43,31,-29,49,112,0,0,0,0,0,0,0,0,0,0,0,0,0,0,0,0,0,0,0,0,0,0,70296
1,1,1,1,958,903,-1625,-17,-45,36,-32,51,113,0,0,0,0,0,0,0,0,0,0,0,0,0,0,0,0,0,0,0,0,0,0,70306
1,1,1,1,980,889,-1625,-27,-61,26,-30,50,114,0,0,0,0,0,0,0,0,0,0,0,0,0,0,0,0,0,0,0,0,0,0,70316
1,1,1,1,969,898,-1636,-26,-72,23,-32,49,114,0,0,0,0,0,0,0,0,0,0,0,0,0,0,0,0,0,0,0,0,0,0,70326
1,1,1,1,974,895,-1604,1,-63,18,-32,50,114,0,0,0,0,0,0,0,0,0,0,0,0,0,0,0,0,0,0,0,0,0,0,70336
1,1,1,1,958,913,-1559,60,-39,20,-31,50,113,0,0,0,0,0,0,0,0,0,0,0,0,0,0,0,0,0,0,0,0,0,0,70346
1,1,1,1,963,893,-1551,91,-23,17,-30,50,114,0,0,0,0,0,0,0,0,0,0,0,0,0,0,0,0,0,0,0,0,0,0,70356
1,1,1,1,968,878,-1595,86,-20,10,-30,51,114,0,0,0,0,0,0,0,0,0,0,0,0,0,0,0,0,0,0,0,0,0,0,70366
1,1,1,1,952,880,-1589,71,-11,12,-27,50,116,0,0,0,0,0,0,0,0,0,0,0,0,0,0,0,0,0,0,0,0,0,0,70376
1,1,1,1,960,879,-1590,54,1,14,-32,52,117,0,0,0,0,0,0,0,0,0,0,0,0,0,0,0,0,0,0,0,0,0,0,70386
1,1,1,1,959,861,-1600,27,3,5,-29,50,116,0,0,0,0,0,0,0,0,0,0,0,0,0,0,0,0,0,0,0,0,0,0,70396
1,1,1,1,959,866,-1631,-9,-5,-1,-31,50,117,0,0,0,0,0,0,0,0,0,0,0,0,0,0,0,0,0,0,0,0,0,0,70406
1,1,1,1,936,888,-1630,-21,-4,1,-32,51,114,0,0,0,0,0,0,0,0,0,0,0,0,0,0,0,0,0,0,0,0,0,0,70416
1,1,1,1,955,900,-1583,-6,7,4,-34,50,116,0,0,0,0,0,0,0,0,0,0,0,0,0,0,0,0,0,0,0,0,0,0,70426
1,1,1,1,957,916,-1592,26,11,10,-32,51,116,0,0,0,0,0,0,0,0,0,0,0,0,0,0,0,0,0,0,0,0,0,0,70436
1,1,1,1,951,905,-1619,59,16,14,-33,52,116,0,0,0,0,0,0,0,0,0,0,0,0,0,0,0,0,0,0,0,0,0,0,70446
1,1,1,1,952,893,-1621,99,34,14,-31,52,115,0,0,0,0,0,0,0,0,0,0,0,0,0,0,0,0,0,0,0,0,0,0,70456
1,1,1,1,948,879,-1614,108,24,14,-31,52,116,0,0,0,0,0,0,0,0,0,0,0,0,0,0,0,0,0,0,0,0,0,0,70466
1,1,1,1,957,861,-1637,78,11,14,-34,52,116,0,0,0,0,0,0,0,0,0,0,0,0,0,0,0,0,0,0,0,0,0,0,70476
1,1,1,1,967,836,-1648,22,-9,7,-31,52,113,0,0,0,0,0,0,0,0,0,0,0,0,0,0,0,0,0,0,0,0,0,0,70486
1,1,1,1,954,848,-1656,-24,-17,4,-31,50,114,0,0,0,0,0,0,0,0,0,0,0,0,0,0,0,0,0,0,0,0,0,0,70496
1,1,1,1,950,867,-1633,-51,-31,-2,-34,51,114,0,0,0,0,0,0,0,0,0,0,0,0,0,0,0,0,0,0,0,0,0,0,70506
1,1,1,1,953,884,-1642,-59,-26,-6,-35,54,117,0,0,0,0,0,0,0,0,0,0,0,0,0,0,0,0,0,0,0,0,0,0,70516
1,1,1,1,964,902,-1600,-28,-9,-1,-34,52,113,0,0,0,0,0,0,0,0,0,0,0,0,0,0,0,0,0,0,0,0,0,0,70526
1,1,1,1,966,889,-1577,-14,-7,-5,-34,50,115,0,0,0,0,0,0,0,0,0,0,0,0,0,0,0,0,0,0,0,0,0,0,70536
1,1,1,1,945,882,-1605,2,5,3,-35,51,114,0,0,0,0,0,0,0,0,0,0,0,0,0,0,0,0,0,0,0,0,0,0,70546
1,1,1,1,948,871,-1595,30,19,9,-33,54,113,0,0,0,0,0,0,0,0,0,0,0,0,0,0,0,0,0,0,0,0,0,0,70556
1,1,1,1,959,862,-1577,50,32,8,-31,51,115,0,0,0,0,0,0,0,0,0,0,0,0,0,0,0,0,0,0,0,0,0,0,70566
1,1,1,1,939,880,-1595,57,37,13,-30,49,114,0,0,0,0,0,0,0,0,0,0,0,0,0,0,0,0,0,0,0,0,0,0,70576
1,1,1,1,954,862,-1612,33,36,10,-30,50,115,0,0,0,0,0,0,0,0,0,0,0,0,0,0,0,0,0,0,0,0,0,0,70586
1,1,1,1,963,857,-1620,13,29,7,-30,51,114,0,0,0,0,0,0,0,0,0,0,0,0,0,0,0,0,0,0,0,0,0,0,70596
1,1,1,1,957,871,-1633,6,25,5,-32,50,115,0,0,0,0,0,0,0,0,0,0,0,0,0,0,0,0,0,0,0,0,0,0,70606
1,1,1,1,955,874,-1654,-11,22,6,-35,51,116,0,0,0,0,0,0,0,0,0,0,0,0,0,0,0,0,0,0,0,0,0,0,70616
1,1,1,1,967,882,-1650,-27,6,3,-33,51,113,0,0,0,0,0,0,0,0,0,0,0,0,0,0,0,0,0,0,0,0,0,0,70626
1,1,1,1,952,894,-1648,-27,-6,2,-33,51,114,0,0,0,0,0,0,0,0,0,0,0,0,0,0,0,0,0,0,0,0,0,0,70636
1,1,1,1,948,899,-1632,-5,-12,4,-32,51,114,0,0,0,0,0,0,0,0,0,0,0,0,0,0,0,0,0,0,0,0,0,0,70646
1,1,1,1,955,900,-1623,10,-13,3,-32,52,114,0,0,0,0,0,0,0,0,0,0,0,0,0,0,0,0,0,0,0,0,0,0,70656
1,1,1,1,949,892,-1633,23,-10,9,-31,51,112,0,0,0,0,0,0,0,0,0,0,0,0,0,0,0,0,0,0,0,0,0,0,70666
1,1,1,1,959,868,-1615,21,-14,6,-29,51,113,0,0,0,0,0,0,0,0,0,0,0,0,0,0,0,0,0,0,0,0,0,0,70676
1,1,1,1,954,859,-1620,16,-14,11,-31,51,113,0,0,0,0,0,0,0,0,0,0,0,0,0,0,0,0,0,0,0,0,0,0,70686
1,1,1,1,959,855,-1608,-1,-14,12,-32,51,112,0,0,0,0,0,0,0,0,0,0,0,0,0,0,0,0,0,0,0,0,0,0,70696
1,1,1,1,966,850,-1611,-14,-7,7,-33,52,113,0,0,0,0,0,0,0,0,0,0,0,0,0,0,0,0,0,0,0,0,0,0,70706
1,1,1,1,966,867,-1609,-28,-10,7,-30,51,115,0,0,0,0,0,0,0,0,0,0,0,0,0,0,0,0,0,0,0,0,0,0,70716
1,1,1,1,965,883,-1604,-33,-4,7,-30,51,113,0,0,0,0,0,0,0,0,0,0,0,0,0,0,0,0,0,0,0,0,0,0,70726
1,1,1,1,957,902,-1606,-12,3,13,-29,51,114,0,0,0,0,0,0,0,0,0,0,0,0,0,0,0,0,0,0,0,0,0,0,70736
1,1,1,1,961,892,-1585,5,8,15,-29,50,114,0,0,0,0,0,0,0,0,0,0,0,0,0,0,0,0,0,0,0,0,0,0,70746
1,1,1,1,951,896,-1610,34,20,23,-27,51,115,0,0,0,0,0,0,0,0,0,0,0,0,0,0,0,0,0,0,0,0,0,0,70756
1,1,1,1,950,880,-1610,54,20,29,-30,53,115,0,0,0,0,0,0,0,0,0,0,0,0,0,0,0,0,0,0,0,0,0,0,70766
1,1,1,1,969,837,-1609,44,18,18,-31,52,113,0,0,0,0,0,0,0,0,0,0,0,0,0,0,0,0,0,0,0,0,0,0,70776
1,1,1,1,963,839,-1628,8,6,7,-29,52,116,0,0,0,0,0,0,0,0,0,0,0,0,0,0,0,0,0,0,0,0,0,0,70786
1,1,1,1,952,865,-1615,-3,6,9,-29,50,115,0,0,0,0,0,0,0,0,0,0,0,0,0,0,0,0,0,0,0,0,0,0,70796
1,1,1,1,952,897,-1604,-5,10,15,-31,50,113,0,0,0,0,0,0,0,0,0,0,0,0,0,0,0,0,0,0,0,0,0,0,70806
1,1,1,1,964,906,-1619,-12,15,15,-32,51,115,0,0,0,0,0,0,0,0,0,0,0,0,0,0,0,0,0,0,0,0,0,0,70816
1,1,1,1,974,900,-1629,-19,9,12,-29,49,116,0,0,0,0,0,0,0,0,0,0,0,0,0,0,0,0,0,0,0,0,0,0,70826
1,1,1,1,967,907,-1618,-7,20,11,-31,51,116,0,0,0,0,0,0,0,0,0,0,0,0,0,0,0,0,0,0,0,0,0,0,70836
1,1,1,1,971,893,-1617,2,12,12,-32,53,118,0,0,0,0,0,0,0,0,0,0,0,0,0,0,0,0,0,0,0,0,0,0,70846
1,1,1,1,985,864,-1627,8,19,11,-30,53,116,0,0,0,0,0,0,0,0,0,0,0,0,0,0,0,0,0,0,0,0,0,0,70856
1,1,1,1,970,859,-1628,9,11,10,-29,53,114,0,0,0,0,0,0,0,0,0,0,0,0,0,0,0,0,0,0,0,0,0,0,70866
1,1,1,1,959,861,-1615,19,10,16,-30,54,118,0,0,0,0,0,0,0,0,0,0,0,0,0,0,0,0,0,0,0,0,0,0,70876
1,1,1,1,976,861,-1611,13,8,15,-27,52,115,0,0,0,0,0,0,0,0,0,0,0,0,0,0,0,0,0,0,0,0,0,0,70886
1,1,1,1,960,877,-1648,1,6,18,-29,52,116,0,0,0,0,0,0,0,0,0,0,0,0,0,0,0,0,0,0,0,0,0,0,70896
1,1,1,1,957,894,-1625,-3,3,24,-30,52,115,0,0,0,0,0,0,0,0,0,0,0,0,0,0,0,0,0,0,0,0,0,0,70906
1,1,1,1,961,900,-1619,6,7,23,-28,51,114,0,0,0,0,0,0,0,0,0,0,0,0,0,0,0,0,0,0,0,0,0,0,70916
1,1,1,1,976,885,-1613,3,4,22,-30,52,115,0,0,0,0,0,0,0,0,0,0,0,0,0,0,0,0,0,0,0,0,0,0,70926
1,1,1,1,976,882,-1619,-8,-8,12,-31,52,115,0,0,0,0,0,0,0,0,0,0,0,0,0,0,0,0,0,0,0,0,0,0,70936
1,1,1,1,969,878,-1617,-11,-17,10,-30,52,116,0,0,0,0,0,0,0,0,0,0,0,0,0,0,0,0,0,0,0,0,0,0,70946
1,1,1,1,968,882,-1611,-10,-21,13,-30,53,113,0,0,0,0,0,0,0,0,0,0,0,0,0,0,0,0,0,0,0,0,0,0,70956
1,1,1,1,974,869,-1612,-13,-20,12,-29,52,113,0,0,0,0,0,0,0,0,0,0,0,0,0,0,0,0,0,0,0,0,0,0,70966
1,1,1,1,977,868,-1628,-24,-29,12,-29,52,112,0,0,0,0,0,0,0,0,0,0,0,0,0,0,0,0,0,0,0,0,0,0,70976
1,1,1,1,969,882,-1606,-17,-29,11,-28,52,112,0,0,0,0,0,0,0,0,0,0,0,0,0,0,0,0,0,0,0,0,0,0,70986
1,1,1,1,971,896,-1589,-4,-28,8,-29,52,112,0,0,0,0,0,0,0,0,0,0,0,0,0,0,0,0,0,0,0,0,0,0,70996
1,1,1,1,970,907,-1589,7,-11,8,-31,53,109,0,0,0,0,0,0,0,0,0,0,0,0,0,0,0,0,0,0,0,0,0,0,71006
1,1,1,1,977,900,-1567,15,0,5,-33,52,110,0,0,0,0,0,0,0,0,0,0,0,0,0,0,0,0,0,0,0,0,0,0,71016
1,1,1,1,965,899,-1566,25,10,-2,-31,53,113,0,0,0,0,0,0,0,0,0,0,0,0,0,0,0,0,0,0,0,0,0,0,71026
1,1,1,1,949,901,-1580,41,24,-2,-32,53,112,0,0,0,0,0,0,0,0,0,0,0,0,0,0,0,0,0,0,0,0,0,0,71036
1,1,1,1,953,888,-1595,43,22,-4,-29,52,111,0,0,0,0,0,0,0,0,0,0,0,0,0,0,0,0,0,0,0,0,0,0,71046
1,1,1,1,962,868,-1614,39,23,-3,-29,52,111,0,0,0,0,0,0,0,0,0,0,0,0,0,0,0,0,0,0,0,0,0,0,71056
1,1,1,1,964,866,-1623,37,18,0,-31,52,111,0,0,0,0,0,0,0,0,0,0,0,0,0,0,0,0,0,0,0,0,0,0,71066
1,1,1,1,980,858,-1628,20,7,3,-33,52,111,0,0,0,0,0,0,0,0,0,0,0,0,0,0,0,0,0,0,0,0,0,0,71076
1,1,1,1,993,853,-1613,6,-3,8,-33,51,109,0,0,0,0,0,0,0,0,0,0,0,0,0,0,0,0,0,0,0,0,0,0,71086
1,1,1,1,992,861,-1617,-7,-9,4,-33,55,110,0,0,0,0,0,0,0,0,0,0,0,0,0,0,0,0,0,0,0,0,0,0,71096
1,1,1,1,977,876,-1626,-6,-12,4,-30,50,109,0,0,0,0,0,0,0,0,0,0,0,0,0,0,0,0,0,0,0,0,0,0,71106
1,1,1,1,974,875,-1606,6,0,10,-30,49,108,0,0,0,0,0,0,0,0,0,0,0,0,0,0,0,0,0,0,0,0,0,0,71116
1,1,1,1,971,888,-1598,24,-5,11,-31,51,109,0,0,0,0,0,0,0,0,0,0,0,0,0,0,0,0,0,0,0,0,0,0,71126
1,1,1,1,971,896,-1602,46,16,16,-32,51,108,0,0,0,0,0,0,0,0,0,0,0,0,0,0,0,0,0,0,0,0,0,0,71136
1,1,1,1,970,894,-1600,58,26,14,-32,52,107,0,0,0,0,0,0,0,0,0,0,0,0,0,0,0,0,0,0,0,0,0,0,71146
1,1,1,1,970,878,-1598,76,43,13,-30,51,104,0,0,0,0,0,0,0,0,0,0,0,0,0,0,0,0,0,0,0,0,0,0,71156
1,1,1,1,971,878,-1600,99,51,9,-30,51,105,0,0,0,0,0,0,0,0,0,0,0,0,0,0,0,0,0,0,0,0,0,0,71166
1,1,1,1,975,870,-1617,111,64,5,-26,52,101,0,0,0,0,0,0,0,0,0,0,0,0,0,0,0,0,0,0,0,0,0,0,71176
1,1,1,1,984,866,-1603,153,90,3,-29,52,100,0,0,0,0,0,0,0,0,0,0,0,0,0,0,0,0,0,0,0,0,0,0,71186
1,1,1,1,995,866,-1583,197,124,1,-25,50,95,0,0,0,0,0,0,0,0,0,0,0,0,0,0,0,0,0,0,0,0,0,0,71196
1,1,1,1,983,867,-1545,233,146,0,-21,49,87,0,0,0,0,0,0,0,0,0,0,0,0,0,0,0,0,0,0,0,0,0,0,71206
1,1,1,1,1003,825,-1500,255,184,4,-22,49,83,0,0,0,0,0,0,0,0,0,0,0,0,0,0,0,0,0,0,0,0,0,0,71216
1,1,1,1,1024,800,-1504,256,199,3,-21,47,80,0,0,0,0,0,0,0,0,0,0,0,0,0,0,0,0,0,0,0,0,0,0,71226
1,1,1,1,980,820,-1539,273,229,-1,-21,47,77,0,0,0,0,0,0,0,0,0,0,0,0,0,0,0,0,0,0,0,0,0,0,71236
1,1,1,1,989,836,-1571,252,253,3,-22,47,76,0,0,0,0,0,0,0,0,0,0,0,0,0,0,0,0,0,0,0,0,0,0,71246
1,1,1,1,1016,855,-1580,185,235,7,-20,46,76,0,0,0,0,0,0,0,0,0,0,0,0,0,0,0,0,0,0,0,0,0,0,71256
1,1,1,1,1004,876,-1617,174,236,11,-21,46,73,0,0,0,0,0,0,0,0,0,0,0,0,0,0,0,0,0,0,0,0,0,0,71266
1,1,1,1,1017,823,-1605,95,201,8,-20,46,74,0,0,0,0,0,0,0,0,0,0,0,0,0,0,0,0,0,0,0,0,0,0,71276
1,1,1,1,1025,833,-1688,32,151,-4,-21,46,73,0,0,0,0,0,0,0,0,0,0,0,0,0,0,0,0,0,0,0,0,0,0,71286
1,1,1,1,992,870,-1722,15,129,-5,-21,47,78,0,0,0,0,0,0,0,0,0,0,0,0,0,0,0,0,0,0,0,0,0,0,71296
1,1,1,1,1036,847,-1703,-68,52,-22,-26,47,81,0,0,0,0,0,0,0,0,0,0,0,0,0,0,0,0,0,0,0,0,0,0,71306
1,1,1,1,1021,853,-1811,-121,-8,-41,-25,47,80,0,0,0,0,0,0,0,0,0,0,0,0,0,0,0,0,0,0,0,0,0,0,71316
1,1,1,1,975,908,-1812,-125,-54,-31,-25,47,81,0,0,0,0,0,0,0,0,0,0,0,0,0,0,0,0,0,0,0,0,0,0,71326
1,1,1,1,968,918,-1788,-178,-119,-39,-24,48,83,0,0,0,0,0,0,0,0,0,0,0,0,0,0,0,0,0,0,0,0,0,0,71336
1,1,1,1,1029,875,-1797,-238,-158,-50,-24,48,83,0,0,0,0,0,0,0,0,0,0,0,0,0,0,0,0,0,0,0,0,0,0,71346
1,1,1,1,1015,852,-1826,-300,-205,-56,-21,47,81,0,0,0,0,0,0,0,0,0,0,0,0,0,0,0,0,0,0,0,0,0,0,71356
1,1,1,1,987,831,-1791,-366,-251,-59,-23,48,83,0,0,0,0,0,0,0,0,0,0,0,0,0,0,0,0,0,0,0,0,0,0,71366
1,1,1,1,959,853,-1702,-369,-269,-49,-20,47,82,0,0,0,0,0,0,0,0,0,0,0,0,0,0,0,0,0,0,0,0,0,0,71376
1,1,1,1,953,884,-1608,-308,-272,-38,-22,47,81,0,0,0,0,0,0,0,0,0,0,0,0,0,0,0,0,0,0,0,0,0,0,71386
1,1,1,1,965,900,-1541,-225,-241,-11,-23,46,80,0,0,0,0,0,0,0,0,0,0,0,0,0,0,0,0,0,0,0,0,0,0,71396
1,1,1,1,984,908,-1480,-169,-215,8,-23,47,83,0,0,0,0,0,0,0,0,0,0,0,0,0,0,0,0,0,0,0,0,0,0,71406
1,1,1,1,979,925,-1495,-132,-171,14,-23,46,85,0,0,0,0,0,0,0,0,0,0,0,0,0,0,0,0,0,0,0,0,0,0,71416
1,1,1,1,976,888,-1528,-117,-126,24,-23,47,84,0,0,0,0,0,0,0,0,0,0,0,0,0,0,0,0,0,0,0,0,0,0,71426
1,1,1,1,1001,844,-1511,-100,-87,18,-25,49,84,0,0,0,0,0,0,0,0,0,0,0,0,0,0,0,0,0,0,0,0,0,0,71436
1,1,1,1,983,838,-1494,-69,-49,19,-23,45,84,0,0,0,0,0,0,0,0,0,0,0,0,0,0,0,0,0,0,0,0,0,0,71446
1,1,1,1,981,832,-1492,2,8,28,-22,44,83,0,0,0,0,0,0,0,0,0,0,0,0,0,0,0,0,0,0,0,0,0,0,71456
1,1,1,1,998,841,-1470,37,51,29,-21,45,82,0,0,0,0,0,0,0,0,0,0,0,0,0,0,0,0,0,0,0,0,0,0,71466
1,1,1,1,1018,835,-1518,31,75,26,-21,45,81,0,0,0,0,0,0,0,0,0,0,0,0,0,0,0,0,0,0,0,0,0,0,71476
1,1,1,1,989,873,-1560,42,102,36,-19,46,79,0,0,0,0,0,0,0,0,0,0,0,0,0,0,0,0,0,0,0,0,0,0,71486
1,1,1,1,972,894,-1552,80,135,43,-19,45,78,0,0,0,0,0,0,0,0,0,0,0,0,0,0,0,0,0,0,0,0,0,0,71496
1,1,1,1,974,894,-1547,148,169,51,-19,45,78,0,0,0,0,0,0,0,0,0,0,0,0,0,0,0,0,0,0,0,0,0,0,71506
1,1,1,1,1018,881,-1520,251,218,49,-17,45,74,0,0,0,0,0,0,0,0,0,0,0,0,0,0,0,0,0,0,0,0,0,0,71516
1,1,1,1,1015,864,-1522,319,240,47,-18,45,74,0,0,0,0,0,0,0,0,0,0,0,0,0,0,0,0,0,0,0,0,0,0,71526
1,1,1,1,1017,846,-1561,384,269,53,-18,44,73,0,0,0,0,0,0,0,0,0,0,0,0,0,0,0,0,0,0,0,0,0,0,71536
1,1,1,1,1066,813,-1642,392,260,42,-20,44,69,0,0,0,0,0,0,0,0,0,0,0,0,0,0,0,0,0,0,0,0,0,0,71546
1,1,1,1,1092,774,-1660,258,195,10,-19,42,68,0,0,0,0,0,0,0,0,0,0,0,0,0,0,0,0,0,0,0,0,0,0,71556
1,1,1,1,1025,848,-1685,149,152,1,-18,43,67,0,0,0,0,0,0,0,0,0,0,0,0,0,0,0,0,0,0,0,0,0,0,71566
1,1,1,1,869,948,-1689,106,148,46,-19,44,64,0,0,0,0,0,0,0,0,0,0,0,0,0,0,0,0,0,0,0,0,0,0,71576
1,1,1,1,857,956,-1680,75,115,73,-19,43,65,0,0,0,0,0,0,0,0,0,0,0,0,0,0,0,0,0,0,0,0,0,0,71586
1,1,1,1,959,924,-1705,43,60,41,-20,44,64,0,0,0,0,0,0,0,0,0,0,0,0,0,0,0,0,0,0,0,0,0,0,71596
1,1,1,1,974,907,-1755,-11,2,31,-22,43,67,0,0,0,0,0,0,0,0,0,0,0,0,0,0,0,0,0,0,0,0,0,0,71606
1,1,1,1,1008,916,-1731,-58,-79,4,-22,43,71,0,0,0,0,0,0,0,0,0,0,0,0,0,0,0,0,0,0,0,0,0,0,71616
1,1,1,1,996,942,-1746,-82,-126,-4,-24,44,72,0,0,0,0,0,0,0,0,0,0,0,0,0,0,0,0,0,0,0,0,0,0,71626
1,1,1,1,1009,904,-1730,-134,-187,-23,-23,45,74,0,0,0,0,0,0,0,0,0,0,0,0,0,0,0,0,0,0,0,0,0,0,71636
1,1,1,1,1010,853,-1762,-194,-261,-44,-21,44,72,0,0,0,0,0,0,0,0,0,0,0,0,0,0,0,0,0,0,0,0,0,0,71646
1,1,1,1,1004,822,-1754,-253,-299,-47,-21,44,72,0,0,0,0,0,0,0,0,0,0,0,0,0,0,0,0,0,0,0,0,0,0,71656
1,1,1,1,991,815,-1741,-340,-336,-35,-22,44,75,0,0,0,0,0,0,0,0,0,0,0,0,0,0,0,0,0,0,0,0,0,0,71666
1,1,1,1,964,859,-1662,-416,-374,-11,-22,45,77,0,0,0,0,0,0,0,0,0,0,0,0,0,0,0,0,0,0,0,0,0,0,71676
1,1,1,1,991,880,-1581,-408,-373,9,-24,49,77,0,0,0,0,0,0,0,0,0,0,0,0,0,0,0,0,0,0,0,0,0,0,71686
1,1,1,1,983,906,-1555,-344,-345,-1,-23,47,79,0,0,0,0,0,0,0,0,0,0,0,0,0,0,0,0,0,0,0,0,0,0,71696
1,1,1,1,939,921,-1557,-256,-301,1,-22,47,80,0,0,0,0,0,0,0,0,0,0,0,0,0,0,0,0,0,0,0,0,0,0,71706
1,1,1,1,951,920,-1522,-169,-251,-2,-23,46,79,0,0,0,0,0,0,0,0,0,0,0,0,0,0,0,0,0,0,0,0,0,0,71716
1,1,1,1,972,900,-1500,-112,-215,-13,-18,43,78,0,0,0,0,0,0,0,0,0,0,0,0,0,0,0,0,0,0,0,0,0,0,71726
1,1,1,1,972,900,-1496,-83,-183,-20,-21,48,80,0,0,0,0,0,0,0,0,0,0,0,0,0,0,0,0,0,0,0,0,0,0,71736
1,1,1,1,965,905,-1491,-48,-139,-25,-22,48,83,0,0,0,0,0,0,0,0,0,0,0,0,0,0,0,0,0,0,0,0,0,0,71746
1,1,1,1,966,893,-1482,-33,-107,-39,-23,45,84,0,0,0,0,0,0,0,0,0,0,0,0,0,0,0,0,0,0,0,0,0,0,71756
1,1,1,1,963,886,-1505,-33,-77,-46,-23,46,86,0,0,0,0,0,0,0,0,0,0,0,0,0,0,0,0,0,0,0,0,0,0,71766
1,1,1,1,961,896,-1527,-42,-55,-56,-21,44,86,0,0,0,0,0,0,0,0,0,0,0,0,0,0,0,0,0,0,0,0,0,0,71776
1,1,1,1,947,914,-1544,-35,-31,-60,-22,46,91,0,0,0,0,0,0,0,0,0,0,0,0,0,0,0,0,0,0,0,0,0,0,71786
1,1,1,1,905,955,-1533,-5,-13,-47,-20,46,90,0,0,0,0,0,0,0,0,0,0,0,0,0,0,0,0,0,0,0,0,0,0,71796
1,1,1,1,911,961,-1520,33,-1,-40,-25,49,95,0,0,0,0,0,0,0,0,0,0,0,0,0,0,0,0,0,0,0,0,0,0,71806
1,1,1,1,946,940,-1556,90,35,-49,-23,47,98,0,0,0,0,0,0,0,0,0,0,0,0,0,0,0,0,0,0,0,0,0,0,71816
1,1,1,1,960,930,-1589,157,85,-50,-24,48,100,0,0,0,0,0,0,0,0,0,0,0,0,0,0,0,0,0,0,0,0,0,0,71826
1,1,1,1,931,938,-1590,181,74,-52,-23,49,100,0,0,0,0,0,0,0,0,0,0,0,0,0,0,0,0,0,0,0,0,0,0,71836
1,1,1,1,926,909,-1638,173,65,-51,-25,50,98,0,0,0,0,0,0,0,0,0,0,0,0,0,0,0,0,0,0,0,0,0,0,71846
1,1,1,1,964,852,-1671,123,51,-61,-24,50,101,0,0,0,0,0,0,0,0,0,0,0,0,0,0,0,0,0,0,0,0,0,0,71856
1,1,1,1,965,843,-1672,64,14,-65,-26,50,99,0,0,0,0,0,0,0,0,0,0,0,0,0,0,0,0,0,0,0,0,0,0,71866
1,1,1,1,925,864,-1697,20,-19,-62,-25,49,99,0,0,0,0,0,0,0,0,0,0,0,0,0,0,0,0,0,0,0,0,0,0,71876
1,1,1,1,919,870,-1683,-8,-45,-51,-25,52,97,0,0,0,0,0,0,0,0,0,0,0,0,0,0,0,0,0,0,0,0,0,0,71886
1,1,1,1,923,882,-1662,-1,-62,-37,-25,50,97,0,0,0,0,0,0,0,0,0,0,0,0,0,0,0,0,0,0,0,0,0,0,71896
1,1,1,1,929,897,-1630,17,-71,-21,-26,50,98,0,0,0,0,0,0,0,0,0,0,0,0,0,0,0,0,0,0,0,0,0,0,71906
1,1,1,1,935,909,-1612,54,-60,-10,-24,49,99,0,0,0,0,0,0,0,0,0,0,0,0,0,0,0,0,0,0,0,0,0,0,71916
1,1,1,1,918,908,-1608,79,-59,-7,-23,49,96,0,0,0,0,0,0,0,0,0,0,0,0,0,0,0,0,0,0,0,0,0,0,71926
1,1,1,1,926,891,-1583,103,-37,-4,-25,50,97,0,0,0,0,0,0,0,0,0,0,0,0,0,0,0,0,0,0,0,0,0,0,71936
1,1,1,1,942,847,-1557,87,-37,-4,-24,51,101,0,0,0,0,0,0,0,0,0,0,0,0,0,0,0,0,0,0,0,0,0,0,71946
1,1,1,1,954,833,-1589,39,-49,-3,-24,51,99,0,0,0,0,0,0,0,0,0,0,0,0,0,0,0,0,0,0,0,0,0,0,71956
1,1,1,1,921,846,-1604,20,-45,6,-24,51,98,0,0,0,0,0,0,0,0,0,0,0,0,0,0,0,0,0,0,0,0,0,0,71966
1,1,1,1,916,845,-1583,32,-33,18,-24,50,101,0,0,0,0,0,0,0,0,0,0,0,0,0,0,0,0,0,0,0,0,0,0,71976
1,1,1,1,918,845,-1575,70,-21,32,-24,50,98,0,0,0,0,0,0,0,0,0,0,0,0,0,0,0,0,0,0,0,0,0,0,71986
1,1,1,1,912,855,-1567,122,2,48,-24,47,97,0,0,0,0,0,0,0,0,0,0,0,0,0,0,0,0,0,0,0,0,0,0,71996
1,1,1,1,907,854,-1556,179,36,66,-22,49,95,0,0,0,0,0,0,0,0,0,0,0,0,0,0,0,0,0,0,0,0,0,0,72006
1,1,1,1,904,852,-1568,242,77,88,-22,50,94,0,0,0,0,0,0,0,0,0,0,0,0,0,0,0,0,0,0,0,0,0,0,72016
1,1,1,1,924,842,-1586,320,123,104,-21,48,90,0,0,0,0,0,0,0,0,0,0,0,0,0,0,0,0,0,0,0,0,0,0,72026
1,1,1,1,964,833,-1603,412,164,108,-20,48,88,0,0,0,0,0,0,0,0,0,0,0,0,0,0,0,0,0,0,0,0,0,0,72036
1,1,1,1,983,821,-1619,443,210,118,-22,52,80,0,0,0,0,0,0,0,0,0,0,0,0,0,0,0,0,0,0,0,0,0,0,72046
1,1,1,1,996,762,-1566,292,178,139,-19,46,77,0,0,0,0,0,0,0,0,0,0,0,0,0,0,0,0,0,0,0,0,0,0,72056
1,1,1,1,1060,718,-1522,181,148,125,-18,45,74,0,0,0,0,0,0,0,0,0,0,0,0,0,0,0,0,0,0,0,0,0,0,72066
1,1,1,1,1033,748,-1547,180,202,135,-20,45,72,0,0,0,0,0,0,0,0,0,0,0,0,0,0,0,0,0,0,0,0,0,0,72076
1,1,1,1,933,774,-1572,151,222,168,-17,44,67,0,0,0,0,0,0,0,0,0,0,0,0,0,0,0,0,0,0,0,0,0,0,72086
1,1,1,1,904,754,-1583,213,205,187,-17,44,66,0,0,0,0,0,0,0,0,0,0,0,0,0,0,0,0,0,0,0,0,0,0,72096
1,1,1,1,942,753,-1592,314,203,206,-18,44,64,0,0,0,0,0,0,0,0,0,0,0,0,0,0,0,0,0,0,0,0,0,0,72106
1,1,1,1,943,836,-1714,256,181,214,-18,42,60,0,0,0,0,0,0,0,0,0,0,0,0,0,0,0,0,0,0,0,0,0,0,72116
1,1,1,1,888,856,-1712,163,123,225,-18,41,56,0,0,0,0,0,0,0,0,0,0,0,0,0,0,0,0,0,0,0,0,0,0,72126
1,1,1,1,917,902,-1662,119,121,243,-19,42,51,0,0,0,0,0,0,0,0,0,0,0,0,0,0,0,0,0,0,0,0,0,0,72136
1,1,1,1,930,856,-1526,3,73,256,-18,39,49,0,0,0,0,0,0,0,0,0,0,0,0,0,0,0,0,0,0,0,0,0,0,72146
1,1,1,1,975,841,-1473,-80,12,239,-18,41,53,0,0,0,0,0,0,0,0,0,0,0,0,0,0,0,0,0,0,0,0,0,0,72156
1,1,1,1,996,890,-1491,-120,-80,186,-19,40,52,0,0,0,0,0,0,0,0,0,0,0,0,0,0,0,0,0,0,0,0,0,0,72166
1,1,1,1,901,896,-1588,-153,-158,177,-18,42,48,0,0,0,0,0,0,0,0,0,0,0,0,0,0,0,0,0,0,0,0,0,0,72176
1,1,1,1,902,838,-1530,-218,-298,199,-17,42,49,0,0,0,0,0,0,0,0,0,0,0,0,0,0,0,0,0,0,0,0,0,0,72186
1,1,1,1,998,839,-1524,-265,-457,220,-17,41,43,0,0,0,0,0,0,0,0,0,0,0,0,0,0,0,0,0,0,0,0,0,0,72196
1,1,1,1,938,848,-1566,-289,-594,314,-15,39,40,0,0,0,0,0,0,0,0,0,0,0,0,0,0,0,0,0,0,0,0,0,0,72206
1,1,1,1,942,893,-1601,-229,-615,364,-13,35,28,0,0,0,0,0,0,0,0,0,0,0,0,0,0,0,0,0,0,0,0,0,0,72216
1,1,1,1,999,1049,-1642,-141,-539,533,-14,32,29,0,0,0,0,0,0,0,0,0,0,0,0,0,0,0,0,0,0,0,0,0,0,72226
1,1,1,1,870,985,-1645,-5,-371,526,-8,28,10,0,0,0,0,0,0,0,0,0,0,0,0,0,0,0,0,0,0,0,0,0,0,72236
1,1,1,1,975,1276,-1530,248,-302,701,-10,22,4,0,0,0,0,0,0,0,0,0,0,0,0,0,0,0,0,0,0,0,0,0,0,72246
1,1,1,1,913,1137,-1491,331,-288,968,-10,18,9,0,0,0,0,0,0,0,0,0,0,0,0,0,0,0,0,0,0,0,0,0,0,72256
1,1,1,1,909,733,-1617,287,-101,648,-12,19,7,0,0,0,0,0,0,0,0,0,0,0,0,0,0,0,0,0,0,0,0,0,0,72266
1,1,1,1,1063,712,-1708,274,165,281,-12,18,10,0,0,0,0,0,0,0,0,0,0,0,0,0,0,0,0,0,0,0,0,0,0,72276
1,1,1,1,1223,675,-1765,210,357,149,-12,20,9,0,0,0,0,0,0,0,0,0,0,0,0,0,0,0,0,0,0,0,0,0,0,72286
1,1,1,1,1291,686,-1675,150,339,99,-13,20,11,0,0,0,0,0,0,0,0,0,0,0,0,0,0,0,0,0,0,0,0,0,0,72296
1,1,1,1,1290,690,-1616,93,204,3,-13,19,12,0,0,0,0,0,0,0,0,0,0,0,0,0,0,0,0,0,0,0,0,0,0,72306
1,1,1,1,1258,760,-1626,84,110,-53,-11,20,12,0,0,0,0,0,0,0,0,0,0,0,0,0,0,0,0,0,0,0,0,0,0,72316
1,1,1,1,1213,851,-1674,136,25,-17,-13,22,11,0,0,0,0,0,0,0,0,0,0,0,0,0,0,0,0,0,0,0,0,0,0,72326
1,1,1,1,1149,889,-1754,205,-2,43,-12,21,13,0,0,0,0,0,0,0,0,0,0,0,0,0,0,0,0,0,0,0,0,0,0,72336
1,1,1,1,1114,914,-1778,261,0,171,-11,20,9,0,0,0,0,0,0,0,0,0,0,0,0,0,0,0,0,0,0,0,0,0,0,72346
1,1,1,1,1104,943,-1689,309,-67,321,-11,21,9,0,0,0,0,0,0,0,0,0,0,0,0,0,0,0,0,0,0,0,0,0,0,72356
1,1,1,1,1052,847,-1698,323,-145,377,-11,22,10,0,0,0,0,0,0,0,0,0,0,0,0,0,0,0,0,0,0,0,0,0,0,72366
1,1,1,1,1024,786,-1709,309,-208,362,-12,21,11,0,0,0,0,0,0,0,0,0,0,0,0,0,0,0,0,0,0,0,0,0,0,72376
1,1,1,1,1076,683,-1753,238,-277,308,-11,22,14,0,0,0,0,0,0,0,0,0,0,0,0,0,0,0,0,0,0,0,0,0,0,72386
1,1,1,1,1138,572,-1818,163,-341,211,-10,22,13,0,0,0,0,0,0,0,0,0,0,0,0,0,0,0,0,0,0,0,0,0,0,72396
1,1,1,1,1083,599,-1831,99,-334,118,-11,20,15,0,0,0,0,0,0,0,0,0,0,0,0,0,0,0,0,0,0,0,0,0,0,72406
1,1,1,1,1024,695,-1826,65,-316,92,-11,21,11,0,0,0,0,0,0,0,0,0,0,0,0,0,0,0,0,0,0,0,0,0,0,72416
1,1,1,1,1000,758,-1829,73,-292,129,-10,20,11,0,0,0,0,0,0,0,0,0,0,0,0,0,0,0,0,0,0,0,0,0,0,72426
1,1,1,1,988,788,-1841,139,-219,229,-11,20,10,0,0,0,0,0,0,0,0,0,0,0,0,0,0,0,0,0,0,0,0,0,0,72436
1,1,1,1,1022,758,-1842,241,-107,323,-11,20,12,0,0,0,0,0,0,0,0,0,0,0,0,0,0,0,0,0,0,0,0,0,0,72446
1,1,1,1,1049,672,-1854,275,-5,323,-12,21,15,0,0,0,0,0,0,0,0,0,0,0,0,0,0,0,0,0,0,0,0,0,0,72456
1,1,1,1,1062,618,-1859,253,44,276,-12,21,15,0,0,0,0,0,0,0,0,0,0,0,0,0,0,0,0,0,0,0,0,0,0,72466
1,1,1,1,1084,588,-1855,228,23,260,-13,21,11,0,0,0,0,0,0,0,0,0,0,0,0,0,0,0,0,0,0,0,0,0,0,72476
1,1,1,1,1085,548,-1830,173,-23,237,-12,22,14,0,0,0,0,0,0,0,0,0,0,0,0,0,0,0,0,0,0,0,0,0,0,72486
1,1,1,1,1078,553,-1793,141,-81,219,-11,22,14,0,0,0,0,0,0,0,0,0,0,0,0,0,0,0,0,0,0,0,0,0,0,72496
1,1,1,1,1077,568,-1778,145,-166,232,-14,22,15,0,0,0,0,0,0,0,0,0,0,0,0,0,0,0,0,0,0,0,0,0,0,72506
1,1,1,1,993,674,-1798,134,-237,271,-12,20,13,0,0,0,0,0,0,0,0,0,0,0,0,0,0,0,0,0,0,0,0,0,0,72516
1,1,1,1,941,704,-1820,134,-277,341,-11,20,8,0,0,0,0,0,0,0,0,0,0,0,0,0,0,0,0,0,0,0,0,0,0,72526
1,1,1,1,927,716,-1825,203,-258,430,-11,19,11,0,0,0,0,0,0,0,0,0,0,0,0,0,0,0,0,0,0,0,0,0,0,72536
1,1,1,1,959,671,-1823,304,-170,463,-12,19,10,0,0,0,0,0,0,0,0,0,0,0,0,0,0,0,0,0,0,0,0,0,0,72546
1,1,1,1,949,607,-1811,324,-118,448,-11,19,6,0,0,0,0,0,0,0,0,0,0,0,0,0,0,0,0,0,0,0,0,0,0,72556
1,1,1,1,962,593,-1793,295,-119,429,-11,19,9,0,0,0,0,0,0,0,0,0,0,0,0,0,0,0,0,0,0,0,0,0,0,72566
1,1,1,1,1046,513,-1802,257,-131,389,-9,18,7,0,0,0,0,0,0,0,0,0,0,0,0,0,0,0,0,0,0,0,0,0,0,72576
1,1,1,1,1094,466,-1773,221,-143,320,-12,18,6,0,0,0,0,0,0,0,0,0,0,0,0,0,0,0,0,0,0,0,0,0,0,72586
1,1,1,1,1109,531,-1766,208,-175,293,-11,16,4,0,0,0,0,0,0,0,0,0,0,0,0,0,0,0,0,0,0,0,0,0,0,72596
1,1,1,1,1079,575,-1813,199,-193,300,-10,14,2,0,0,0,0,0,0,0,0,0,0,0,0,0,0,0,0,0,0,0,0,0,0,72606
1,1,1,1,1065,568,-1861,158,-184,289,-12,17,1,0,0,0,0,0,0,0,0,0,0,0,0,0,0,0,0,0,0,0,0,0,0,72616
1,1,1,1,1060,612,-1885,123,-163,300,-11,12,1,0,0,0,0,0,0,0,0,0,0,0,0,0,0,0,0,0,0,0,0,0,0,72626
1,1,1,1,1073,624,-1869,121,-130,323,-14,15,0,0,0,0,0,0,0,0,0,0,0,0,0,0,0,0,0,0,0,0,0,0,0,72636
1,1,1,1,1157,534,-1867,130,-83,272,-15,16,7,0,0,0,0,0,0,0,0,0,0,0,0,0,0,0,0,0,0,0,0,0,0,72646
1,1,1,1,1222,484,-1875,103,-64,188,-18,20,13,0,0,0,0,0,0,0,0,0,0,0,0,0,0,0,0,0,0,0,0,0,0,72656
1,1,1,1,1239,466,-1870,61,-77,120,-14,20,12,0,0,0,0,0,0,0,0,0,0,0,0,0,0,0,0,0,0,0,0,0,0,72666
1,1,1,1,1237,446,-1887,-2,-79,46,-14,19,16,0,0,0,0,0,0,0,0,0,0,0,0,0,0,0,0,0,0,0,0,0,0,72676
1,1,1,1,1211,461,-1884,-101,-90,-10,-14,19,12,0,0,0,0,0,0,0,0,0,0,0,0,0,0,0,0,0,0,0,0,0,0,72686
1,1,1,1,1139,548,-1875,-224,-184,24,-16,18,11,0,0,0,0,0,0,0,0,0,0,0,0,0,0,0,0,0,0,0,0,0,0,72696
1,1,1,1,1081,622,-1880,-259,-211,103,-10,16,15,0,0,0,0,0,0,0,0,0,0,0,0,0,0,0,0,0,0,0,0,0,0,72706
1,1,1,1,1065,612,-1852,-221,-168,119,-11,18,13,0,0,0,0,0,0,0,0,0,0,0,0,0,0,0,0,0,0,0,0,0,0,72716
1,1,1,1,1060,592,-1825,-178,-108,105,-12,18,14,0,0,0,0,0,0,0,0,0,0,0,0,0,0,0,0,0,0,0,0,0,0,72726
1,1,1,1,1051,596,-1818,-163,-91,115,-15,19,13,0,0,0,0,0,0,0,0,0,0,0,0,0,0,0,0,0,0,0,0,0,0,72736
1,1,1,1,1050,592,-1833,-198,-108,129,-14,18,11,0,0,0,0,0,0,0,0,0,0,0,0,0,0,0,0,0,0,0,0,0,0,72746
1,1,1,1,1045,574,-1863,-270,-92,151,-12,17,13,0,0,0,0,0,0,0,0,0,0,0,0,0,0,0,0,0,0,0,0,0,0,72756
1,1,1,1,1091,565,-1870,-304,-41,162,-12,18,14,0,0,0,0,0,0,0,0,0,0,0,0,0,0,0,0,0,0,0,0,0,0,72766
1,1,1,1,1112,516,-1865,-351,20,121,-12,18,13,0,0,0,0,0,0,0,0,0,0,0,0,0,0,0,0,0,0,0,0,0,0,72776
1,1,1,1,1128,498,-1810,-408,44,91,-12,18,13,0,0,0,0,0,0,0,0,0,0,0,0,0,0,0,0,0,0,0,0,0,0,72786
1,1,1,1,1129,539,-1765,-471,15,97,-13,18,10,0,0,0,0,0,0,0,0,0,0,0,0,0,0,0,0,0,0,0,0,0,0,72796
1,1,1,1,1105,563,-1754,-543,-20,93,-15,18,13,0,0,0,0,0,0,0,0,0,0,0,0,0,0,0,0,0,0,0,0,0,0,72806
1,1,1,1,1012,607,-1806,-709,-36,150,-15,18,11,0,0,0,0,0,0,0,0,0,0,0,0,0,0,0,0,0,0,0,0,0,0,72826
1,1,1,1,1005,646,-1803,-802,-22,197,-16,18,12,0,0,0,0,0,0,0,0,0,0,0,0,0,0,0,0,0,0,0,0,0,0,72836
1,1,1,1,990,610,-1792,-846,-14,165,-15,20,13,0,0,0,0,0,0,0,0,0,0,0,0,0,0,0,0,0,0,0,0,0,0,72846
1,1,1,1,1006,572,-1669,-873,-71,84,-13,20,12,0,0,0,0,0,0,0,0,0,0,0,0,0,0,0,0,0,0,0,0,0,0,72856
1,1,1,1,1087,616,-1599,-839,-114,53,-13,21,11,0,0,0,0,0,0,0,0,0,0,0,0,0,0,0,0,0,0,0,0,0,0,72866
1,1,1,1,1058,659,-1648,-785,-122,85,-13,19,11,0,0,0,0,0,0,0,0,0,0,0,0,0,0,0,0,0,0,0,0,0,0,72876
1,1,1,1,1026,661,-1679,-798,-131,111,-13,20,13,0,0,0,0,0,0,0,0,0,0,0,0,0,0,0,0,0,0,0,0,0,0,72886
1,1,1,1,1023,664,-1697,-846,-162,101,-14,17,13,0,0,0,0,0,0,0,0,0,0,0,0,0,0,0,0,0,0,0,0,0,0,72896
1,1,1,1,1022,695,-1696,-879,-160,106,-13,16,10,0,0,0,0,0,0,0,0,0,0,0,0,0,0,0,0,0,0,0,0,0,0,72906
1,1,1,1,1026,716,-1709,-906,-128,119,-15,20,12,0,0,0,0,0,0,0,0,0,0,0,0,0,0,0,0,0,0,0,0,0,0,72916
1,1,1,1,1041,717,-1694,-969,-134,123,-15,22,11,0,0,0,0,0,0,0,0,0,0,0,0,0,0,0,0,0,0,0,0,0,0,72926
1,1,1,1,1074,722,-1690,-973,-128,138,-16,23,10,0,0,0,0,0,0,0,0,0,0,0,0,0,0,0,0,0,0,0,0,0,0,72936
1,1,1,1,1124,687,-1683,-885,-50,91,-14,19,11,0,0,0,0,0,0,0,0,0,0,0,0,0,0,0,0,0,0,0,0,0,0,72946
1,1,1,1,1099,699,-1653,-806,48,19,-13,16,10,0,0,0,0,0,0,0,0,0,0,0,0,0,0,0,0,0,0,0,0,0,0,72956
1,1,1,1,1083,811,-1611,-691,141,9,-14,17,9,0,0,0,0,0,0,0,0,0,0,0,0,0,0,0,0,0,0,0,0,0,0,72966
1,1,1,1,1097,859,-1581,-582,211,24,-11,17,8,0,0,0,0,0,0,0,0,0,0,0,0,0,0,0,0,0,0,0,0,0,0,72976
1,1,1,1,1082,869,-1567,-485,298,35,-9,17,7,0,0,0,0,0,0,0,0,0,0,0,0,0,0,0,0,0,0,0,0,0,0,72986
1,1,1,1,1087,893,-1538,-371,381,69,-9,19,10,0,0,0,0,0,0,0,0,0,0,0,0,0,0,0,0,0,0,0,0,0,0,72996
1,1,1,1,1138,846,-1464,-271,427,75,-8,18,14,0,0,0,0,0,0,0,0,0,0,0,0,0,0,0,0,0,0,0,0,0,0,73006
1,1,1,1,1165,810,-1455,-205,453,39,-6,19,13,0,0,0,0,0,0,0,0,0,0,0,0,0,0,0,0,0,0,0,0,0,0,73016
1,1,1,1,1140,874,-1429,-113,440,37,-11,19,13,0,0,0,0,0,0,0,0,0,0,0,0,0,0,0,0,0,0,0,0,0,0,73026
1,1,1,1,1075,877,-1450,-128,355,76,-9,19,12,0,0,0,0,0,0,0,0,0,0,0,0,0,0,0,0,0,0,0,0,0,0,73036
1,1,1,1,1031,910,-1456,-126,235,126,-11,20,13,0,0,0,0,0,0,0,0,0,0,0,0,0,0,0,0,0,0,0,0,0,0,73046
1,1,1,1,1004,883,-1461,-79,171,121,-8,20,17,0,0,0,0,0,0,0,0,0,0,0,0,0,0,0,0,0,0,0,0,0,0,73056
1,1,1,1,1033,872,-1526,17,235,100,-8,22,15,0,0,0,0,0,0,0,0,0,0,0,0,0,0,0,0,0,0,0,0,0,0,73066
1,1,1,1,1004,867,-1532,85,301,147,-7,22,21,0,0,0,0,0,0,0,0,0,0,0,0,0,0,0,0,0,0,0,0,0,0,73076
1,1,1,1,1087,818,-1528,144,374,172,-7,25,26,0,0,0,0,0,0,0,0,0,0,0,0,0,0,0,0,0,0,0,0,0,0,73086
1,1,1,1,1201,718,-1500,156,361,149,-7,28,31,0,0,0,0,0,0,0,0,0,0,0,0,0,0,0,0,0,0,0,0,0,0,73096
1,1,1,1,1259,630,-1464,76,241,72,-9,28,36,0,0,0,0,0,0,0,0,0,0,0,0,0,0,0,0,0,0,0,0,0,0,73106
1,1,1,1,1263,692,-1520,60,202,30,-9,28,33,0,0,0,0,0,0,0,0,0,0,0,0,0,0,0,0,0,0,0,0,0,0,73116
1,1,1,1,1177,767,-1539,51,198,70,-13,30,36,0,0,0,0,0,0,0,0,0,0,0,0,0,0,0,0,0,0,0,0,0,0,73126
1,1,1,1,1093,776,-1611,-69,156,112,-14,31,38,0,0,0,0,0,0,0,0,0,0,0,0,0,0,0,0,0,0,0,0,0,0,73136
1,1,1,1,1122,730,-1684,-213,111,119,-16,34,42,0,0,0,0,0,0,0,0,0,0,0,0,0,0,0,0,0,0,0,0,0,0,73146
1,1,1,1,1175,672,-1667,-378,24,140,-17,36,45,0,0,0,0,0,0,0,0,0,0,0,0,0,0,0,0,0,0,0,0,0,0,73156
1,1,1,1,1197,701,-1664,-450,-10,185,-16,37,50,0,0,0,0,0,0,0,0,0,0,0,0,0,0,0,0,0,0,0,0,0,0,73166
1,1,1,1,1247,713,-1592,-464,-30,201,-17,37,50,0,0,0,0,0,0,0,0,0,0,0,0,0,0,0,0,0,0,0,0,0,0,73176
1,1,1,1,1190,729,-1598,-531,-65,212,-17,36,51,0,0,0,0,0,0,0,0,0,0,0,0,0,0,0,0,0,0,0,0,0,0,73186
1,1,1,1,1137,746,-1644,-683,-112,231,-18,38,49,0,0,0,0,0,0,0,0,0,0,0,0,0,0,0,0,0,0,0,0,0,0,73196
1,1,1,1,1180,775,-1593,-727,-104,236,-18,38,50,0,0,0,0,0,0,0,0,0,0,0,0,0,0,0,0,0,0,0,0,0,0,73206
1,1,1,1,1178,813,-1428,-703,-98,237,-14,36,52,0,0,0,0,0,0,0,0,0,0,0,0,0,0,0,0,0,0,0,0,0,0,73216
1,1,1,1,1183,844,-1345,-647,-62,235,-15,38,55,0,0,0,0,0,0,0,0,0,0,0,0,0,0,0,0,0,0,0,0,0,0,73226
1,1,1,1,1199,815,-1383,-597,-16,223,-16,40,54,0,0,0,0,0,0,0,0,0,0,0,0,0,0,0,0,0,0,0,0,0,0,73236
1,1,1,1,1185,774,-1427,-653,-7,227,-14,36,52,0,0,0,0,0,0,0,0,0,0,0,0,0,0,0,0,0,0,0,0,0,0,73246
1,1,1,1,1182,752,-1453,-745,-8,245,-16,41,58,0,0,0,0,0,0,0,0,0,0,0,0,0,0,0,0,0,0,0,0,0,0,73256
1,1,1,1,1189,737,-1448,-865,3,263,-17,40,56,0,0,0,0,0,0,0,0,0,0,0,0,0,0,0,0,0,0,0,0,0,0,73266
1,1,1,1,1215,768,-1392,-925,4,268,-16,40,57,0,0,0,0,0,0,0,0,0,0,0,0,0,0,0,0,0,0,0,0,0,0,73276
1,1,1,1,1185,823,-1328,-901,21,248,-14,40,59,0,0,0,0,0,0,0,0,0,0,0,0,0,0,0,0,0,0,0,0,0,0,73286
1,1,1,1,1191,868,-1289,-837,37,215,-15,41,59,0,0,0,0,0,0,0,0,0,0,0,0,0,0,0,0,0,0,0,0,0,0,73296
1,1,1,1,1208,886,-1332,-796,57,197,-12,39,57,0,0,0,0,0,0,0,0,0,0,0,0,0,0,0,0,0,0,0,0,0,0,73306
1,1,1,1,1165,953,-1368,-752,68,208,-15,39,57,0,0,0,0,0,0,0,0,0,0,0,0,0,0,0,0,0,0,0,0,0,0,73316
1,1,1,1,1175,996,-1333,-687,84,211,-16,42,59,0,0,0,0,0,0,0,0,0,0,0,0,0,0,0,0,0,0,0,0,0,0,73326
1,1,1,1,1181,979,-1316,-654,76,208,-15,40,64,0,0,0,0,0,0,0,0,0,0,0,0,0,0,0,0,0,0,0,0,0,0,73336
1,1,1,1,1223,930,-1379,-626,66,184,-16,41,64,0,0,0,0,0,0,0,0,0,0,0,0,0,0,0,0,0,0,0,0,0,0,73346
1,1,1,1,1280,887,-1370,-557,77,150,-18,41,67,0,0,0,0,0,0,0,0,0,0,0,0,0,0,0,0,0,0,0,0,0,0,73356
1,1,1,1,1306,856,-1359,-526,61,127,-19,41,64,0,0,0,0,0,0,0,0,0,0,0,0,0,0,0,0,0,0,0,0,0,0,73366
1,1,1,1,1246,899,-1348,-547,16,119,-19,40,62,0,0,0,0,0,0,0,0,0,0,0,0,0,0,0,0,0,0,0,0,0,0,73376
1,1,1,1,1184,972,-1333,-524,-4,130,-17,41,65,0,0,0,0,0,0,0,0,0,0,0,0,0,0,0,0,0,0,0,0,0,0,73386
1,1,1,1,1208,984,-1272,-437,1,119,-17,40,63,0,0,0,0,0,0,0,0,0,0,0,0,0,0,0,0,0,0,0,0,0,0,73396
1,1,1,1,1204,967,-1255,-343,8,121,-17,40,65,0,0,0,0,0,0,0,0,0,0,0,0,0,0,0,0,0,0,0,0,0,0,73406
1,1,1,1,1244,951,-1281,-233,32,117,-19,41,66,0,0,0,0,0,0,0,0,0,0,0,0,0,0,0,0,0,0,0,0,0,0,73416
1,1,1,1,1231,923,-1271,-122,40,113,-19,41,70,0,0,0,0,0,0,0,0,0,0,0,0,0,0,0,0,0,0,0,0,0,0,73436
1,1,1,1,1212,905,-1255,-52,51,104,-20,41,70,0,0,0,0,0,0,0,0,0,0,0,0,0,0,0,0,0,0,0,0,0,0,73446
1,1,1,1,1182,908,-1258,-33,41,108,-18,40,69,0,0,0,0,0,0,0,0,0,0,0,0,0,0,0,0,0,0,0,0,0,0,73456
1,1,1,1,1167,919,-1307,-53,29,128,-19,42,69,0,0,0,0,0,0,0,0,0,0,0,0,0,0,0,0,0,0,0,0,0,0,73466
1,1,1,1,1216,923,-1313,-75,18,150,-19,41,69,0,0,0,0,0,0,0,0,0,0,0,0,0,0,0,0,0,0,0,0,0,0,73476
1,1,1,1,1305,925,-1231,-35,21,159,-19,41,69,0,0,0,0,0,0,0,0,0,0,0,0,0,0,0,0,0,0,0,0,0,0,73486
1,1,1,1,1336,905,-1235,-11,18,150,-19,41,70,0,0,0,0,0,0,0,0,0,0,0,0,0,0,0,0,0,0,0,0,0,0,73496
1,1,1,1,1324,920,-1280,29,33,159,-19,41,69,0,0,0,0,0,0,0,0,0,0,0,0,0,0,0,0,0,0,0,0,0,0,73506
1,1,1,1,1313,901,-1265,80,63,161,-19,42,71,0,0,0,0,0,0,0,0,0,0,0,0,0,0,0,0,0,0,0,0,0,0,73516
1,1,1,1,1273,872,-1257,85,77,143,-20,40,71,0,0,0,0,0,0,0,0,0,0,0,0,0,0,0,0,0,0,0,0,0,0,73526
1,1,1,1,1223,891,-1241,91,84,141,-21,43,72,0,0,0,0,0,0,0,0,0,0,0,0,0,0,0,0,0,0,0,0,0,0,73536
1,1,1,1,1214,903,-1212,119,101,147,-20,43,72,0,0,0,0,0,0,0,0,0,0,0,0,0,0,0,0,0,0,0,0,0,0,73546
1,1,1,1,1233,884,-1232,134,113,159,-22,44,73,0,0,0,0,0,0,0,0,0,0,0,0,0,0,0,0,0,0,0,0,0,0,73556
1,1,1,1,1272,864,-1228,138,127,159,-20,40,73,0,0,0,0,0,0,0,0,0,0,0,0,0,0,0,0,0,0,0,0,0,0,73566
1,1,1,1,1281,868,-1231,137,142,163,-21,44,74,0,0,0,0,0,0,0,0,0,0,0,0,0,0,0,0,0,0,0,0,0,0,73576
1,1,1,1,1289,866,-1253,121,150,164,-21,43,74,0,0,0,0,0,0,0,0,0,0,0,0,0,0,0,0,0,0,0,0,0,0,73586
1,1,1,1,1301,845,-1257,95,163,171,-19,43,78,0,0,0,0,0,0,0,0,0,0,0,0,0,0,0,0,0,0,0,0,0,0,73596
1,1,1,1,1307,808,-1258,68,171,168,-19,43,75,0,0,0,0,0,0,0,0,0,0,0,0,0,0,0,0,0,0,0,0,0,0,73606
1,1,1,1,1294,807,-1241,58,180,168,-18,42,77,0,0,0,0,0,0,0,0,0,0,0,0,0,0,0,0,0,0,0,0,0,0,73616
1,1,1,1,1237,843,-1219,37,190,189,-19,42,76,0,0,0,0,0,0,0,0,0,0,0,0,0,0,0,0,0,0,0,0,0,0,73626
1,1,1,1,1267,849,-1196,67,211,212,-20,43,78,0,0,0,0,0,0,0,0,0,0,0,0,0,0,0,0,0,0,0,0,0,0,73636
1,1,1,1,1292,837,-1222,90,223,235,-19,43,81,0,0,0,0,0,0,0,0,0,0,0,0,0,0,0,0,0,0,0,0,0,0,73646
1,1,1,1,1337,821,-1264,112,244,252,-20,43,80,0,0,0,0,0,0,0,0,0,0,0,0,0,0,0,0,0,0,0,0,0,0,73656
1,1,1,1,1380,793,-1241,134,264,243,-21,43,80,0,0,0,0,0,0,0,0,0,0,0,0,0,0,0,0,0,0,0,0,0,0,73666
1,1,1,1,1359,813,-1236,149,282,223,-21,44,81,0,0,0,0,0,0,0,0,0,0,0,0,0,0,0,0,0,0,0,0,0,0,73676
1,1,1,1,1313,828,-1233,132,283,214,-21,44,80,0,0,0,0,0,0,0,0,0,0,0,0,0,0,0,0,0,0,0,0,0,0,73686
1,1,1,1,1313,828,-1233,103,278,209,-21,44,80,0,0,0,0,0,0,0,0,0,0,0,0,0,0,0,0,0,0,0,0,0,0,73696
1,1,1,1,1312,831,-1255,87,274,205,-24,44,82,0,0,0,0,0,0,0,0,0,0,0,0,0,0,0,0,0,0,0,0,0,0,73706
1,1,1,1,1348,820,-1256,62,260,197,-25,44,83,0,0,0,0,0,0,0,0,0,0,0,0,0,0,0,0,0,0,0,0,0,0,73716
1,1,1,1,1334,829,-1302,8,229,199,-24,45,85,0,0,0,0,0,0,0,0,0,0,0,0,0,0,0,0,0,0,0,0,0,0,73726
1,1,1,1,1348,835,-1342,-31,211,195,-24,44,86,0,0,0,0,0,0,0,0,0,0,0,0,0,0,0,0,0,0,0,0,0,0,73736
1,1,1,1,1406,827,-1304,-28,201,172,-25,45,86,0,0,0,0,0,0,0,0,0,0,0,0,0,0,0,0,0,0,0,0,0,0,73746
1,1,1,1,1384,850,-1259,-19,203,164,-26,45,85,0,0,0,0,0,0,0,0,0,0,0,0,0,0,0,0,0,0,0,0,0,0,73756
1,1,1,1,1385,849,-1270,-12,208,159,-23,45,87,0,0,0,0,0,0,0,0,0,0,0,0,0,0,0,0,0,0,0,0,0,0,73766
1,1,1,1,1396,824,-1246,-26,206,158,-24,45,83,0,0,0,0,0,0,0,0,0,0,0,0,0,0,0,0,0,0,0,0,0,0,73776
1,1,1,1,1379,838,-1235,-10,217,163,-23,45,87,0,0,0,0,0,0,0,0,0,0,0,0,0,0,0,0,0,0,0,0,0,0,73786
1,1,1,1,1370,835,-1201,5,243,175,-24,46,89,0,0,0,0,0,0,0,0,0,0,0,0,0,0,0,0,0,0,0,0,0,0,73796
1,1,1,1,1368,798,-1209,-22,253,187,-27,48,86,0,0,0,0,0,0,0,0,0,0,0,0,0,0,0,0,0,0,0,0,0,0,73806
1,1,1,1,1398,754,-1206,-50,253,195,-24,45,86,0,0,0,0,0,0,0,0,0,0,0,0,0,0,0,0,0,0,0,0,0,0,73816
1,1,1,1,1411,714,-1186,-67,262,181,-25,45,88,0,0,0,0,0,0,0,0,0,0,0,0,0,0,0,0,0,0,0,0,0,0,73826
1,1,1,1,1402,711,-1191,-87,264,167,-26,46,86,0,0,0,0,0,0,0,0,0,0,0,0,0,0,0,0,0,0,0,0,0,0,73836
1,1,1,1,1361,740,-1192,-120,268,162,-26,44,87,0,0,0,0,0,0,0,0,0,0,0,0,0,0,0,0,0,0,0,0,0,0,73846
1,1,1,1,1321,770,-1169,-146,258,151,-27,46,86,0,0,0,0,0,0,0,0,0,0,0,0,0,0,0,0,0,0,0,0,0,0,73856
1,1,1,1,1306,836,-1176,-110,258,173,-26,45,84,0,0,0,0,0,0,0,0,0,0,0,0,0,0,0,0,0,0,0,0,0,0,73866
1,1,1,1,1325,842,-1156,-43,269,194,-25,45,87,0,0,0,0,0,0,0,0,0,0,0,0,0,0,0,0,0,0,0,0,0,0,73876
1,1,1,1,1383,826,-1166,15,287,224,-24,46,86,0,0,0,0,0,0,0,0,0,0,0,0,0,0,0,0,0,0,0,0,0,0,73886
1,1,1,1,1401,784,-1156,0,282,246,-25,46,85,0,0,0,0,0,0,0,0,0,0,0,0,0,0,0,0,0,0,0,0,0,0,73896
1,1,1,1,1491,725,-1174,-70,288,225,-24,47,85,0,0,0,0,0,0,0,0,0,0,0,0,0,0,0,0,0,0,0,0,0,0,73916
1,1,1,1,1477,746,-1182,-98,287,212,-23,46,85,0,0,0,0,0,0,0,0,0,0,0,0,0,0,0,0,0,0,0,0,0,0,73926
1,1,1,1,1452,766,-1175,-109,291,192,-24,46,82,0,0,0,0,0,0,0,0,0,0,0,0,0,0,0,0,0,0,0,0,0,0,73936
1,1,1,1,1415,808,-1159,-114,263,171,-25,45,81,0,0,0,0,0,0,0,0,0,0,0,0,0,0,0,0,0,0,0,0,0,0,73946
1,1,1,1,1394,860,-1155,-81,250,175,-24,45,81,0,0,0,0,0,0,0,0,0,0,0,0,0,0,0,0,0,0,0,0,0,0,73956
1,1,1,1,1426,865,-1167,-37,252,184,-24,46,81,0,0,0,0,0,0,0,0,0,0,0,0,0,0,0,0,0,0,0,0,0,0,73966
1,1,1,1,1494,817,-1174,-13,258,184,-23,45,80,0,0,0,0,0,0,0,0,0,0,0,0,0,0,0,0,0,0,0,0,0,0,73976
1,1,1,1,1530,763,-1152,-13,258,162,-22,45,82,0,0,0,0,0,0,0,0,0,0,0,0,0,0,0,0,0,0,0,0,0,0,73986
1,1,1,1,1561,742,-1136,-7,267,146,-22,46,77,0,0,0,0,0,0,0,0,0,0,0,0,0,0,0,0,0,0,0,0,0,0,73996
1,1,1,1,1543,721,-1099,-20,272,138,-20,44,77,0,0,0,0,0,0,0,0,0,0,0,0,0,0,0,0,0,0,0,0,0,0,74006
1,1,1,1,1524,722,-1101,-59,264,129,-23,45,74,0,0,0,0,0,0,0,0,0,0,0,0,0,0,0,0,0,0,0,0,0,0,74016
1,1,1,1,1515,742,-1103,-57,266,119,-22,45,75,0,0,0,0,0,0,0,0,0,0,0,0,0,0,0,0,0,0,0,0,0,0,74026
1,1,1,1,1450,814,-1082,-31,266,126,-21,43,77,0,0,0,0,0,0,0,0,0,0,0,0,0,0,0,0,0,0,0,0,0,0,74036
1,1,1,1,1401,875,-1101,23,289,141,-21,44,75,0,0,0,0,0,0,0,0,0,0,0,0,0,0,0,0,0,0,0,0,0,0,74046
1,1,1,1,1415,857,-1118,51,276,155,-23,44,79,0,0,0,0,0,0,0,0,0,0,0,0,0,0,0,0,0,0,0,0,0,0,74056
1,1,1,1,1465,820,-1144,52,268,156,-23,45,77,0,0,0,0,0,0,0,0,0,0,0,0,0,0,0,0,0,0,0,0,0,0,74066
1,1,1,1,1546,772,-1135,35,243,142,-21,45,77,0,0,0,0,0,0,0,0,0,0,0,0,0,0,0,0,0,0,0,0,0,0,74076
1,1,1,1,1587,769,-1176,6,223,134,-21,46,78,0,0,0,0,0,0,0,0,0,0,0,0,0,0,0,0,0,0,0,0,0,0,74086
1,1,1,1,1628,743,-1189,-9,226,118,-22,44,78,0,0,0,0,0,0,0,0,0,0,0,0,0,0,0,0,0,0,0,0,0,0,74096
1,1,1,1,1691,700,-1206,-11,239,82,-22,45,74,0,0,0,0,0,0,0,0,0,0,0,0,0,0,0,0,0,0,0,0,0,0,74106
1,1,1,1,1652,738,-1176,-56,210,61,-21,45,73,0,0,0,0,0,0,0,0,0,0,0,0,0,0,0,0,0,0,0,0,0,0,74116
1,1,1,1,1562,830,-1170,-78,184,68,-22,46,74,0,0,0,0,0,0,0,0,0,0,0,0,0,0,0,0,0,0,0,0,0,0,74126
1,1,1,1,1533,845,-1130,-52,171,73,-22,45,73,0,0,0,0,0,0,0,0,0,0,0,0,0,0,0,0,0,0,0,0,0,0,74136
1,1,1,1,1525,790,-1098,-39,154,69,-22,45,73,0,0,0,0,0,0,0,0,0,0,0,0,0,0,0,0,0,0,0,0,0,0,74146
1,1,1,1,1515,794,-1080,-15,143,66,-21,45,76,0,0,0,0,0,0,0,0,0,0,0,0,0,0,0,0,0,0,0,0,0,0,74156
1,1,1,1,1512,788,-1058,7,130,60,-21,46,75,0,0,0,0,0,0,0,0,0,0,0,0,0,0,0,0,0,0,0,0,0,0,74166
1,1,1,1,1542,747,-1071,35,131,53,-20,46,77,0,0,0,0,0,0,0,0,0,0,0,0,0,0,0,0,0,0,0,0,0,0,74176
1,1,1,1,1574,705,-1081,20,109,39,-19,47,76,0,0,0,0,0,0,0,0,0,0,0,0,0,0,0,0,0,0,0,0,0,0,74186
1,1,1,1,1564,706,-1129,-23,69,35,-18,48,75,0,0,0,0,0,0,0,0,0,0,0,0,0,0,0,0,0,0,0,0,0,0,74196
1,1,1,1,1546,749,-1128,-19,70,51,-15,47,76,0,0,0,0,0,0,0,0,0,0,0,0,0,0,0,0,0,0,0,0,0,0,74206
1,1,1,1,1559,761,-1066,6,64,49,-16,45,75,0,0,0,0,0,0,0,0,0,0,0,0,0,0,0,0,0,0,0,0,0,0,74216
1,1,1,1,1549,763,-1060,14,47,45,-14,45,73,0,0,0,0,0,0,0,0,0,0,0,0,0,0,0,0,0,0,0,0,0,0,74226
1,1,1,1,1538,765,-1091,15,38,43,-16,47,74,0,0,0,0,0,0,0,0,0,0,0,0,0,0,0,0,0,0,0,0,0,0,74236
1,1,1,1,1551,749,-1079,26,38,38,-16,46,76,0,0,0,0,0,0,0,0,0,0,0,0,0,0,0,0,0,0,0,0,0,0,74246
1,1,1,1,1552,730,-1072,22,22,25,-19,47,76,0,0,0,0,0,0,0,0,0,0,0,0,0,0,0,0,0,0,0,0,0,0,74256
1,1,1,1,1542,717,-1081,4,-4,22,-15,47,76,0,0,0,0,0,0,0,0,0,0,0,0,0,0,0,0,0,0,0,0,0,0,74266
1,1,1,1,1563,699,-1095,-1,-10,14,-16,47,71,0,0,0,0,0,0,0,0,0,0,0,0,0,0,0,0,0,0,0,0,0,0,74276
1,1,1,1,1533,716,-1080,-2,-19,19,-15,48,70,0,0,0,0,0,0,0,0,0,0,0,0,0,0,0,0,0,0,0,0,0,0,74286
1,1,1,1,1517,740,-1063,-6,-21,33,-17,48,71,0,0,0,0,0,0,0,0,0,0,0,0,0,0,0,0,0,0,0,0,0,0,74296
1,1,1,1,1532,749,-1056,-3,-13,44,-15,48,70,0,0,0,0,0,0,0,0,0,0,0,0,0,0,0,0,0,0,0,0,0,0,74306
1,1,1,1,1562,729,-1044,7,6,50,-15,47,68,0,0,0,0,0,0,0,0,0,0,0,0,0,0,0,0,0,0,0,0,0,0,74316
1,1,1,1,1590,709,-1032,14,23,39,-14,47,70,0,0,0,0,0,0,0,0,0,0,0,0,0,0,0,0,0,0,0,0,0,0,74326
1,1,1,1,1553,735,-1013,16,27,37,-13,47,70,0,0,0,0,0,0,0,0,0,0,0,0,0,0,0,0,0,0,0,0,0,0,74336
1,1,1,1,1521,751,-1016,20,34,38,-13,48,70,0,0,0,0,0,0,0,0,0,0,0,0,0,0,0,0,0,0,0,0,0,0,74346
1,1,1,1,1534,736,-1012,21,37,34,-11,48,69,0,0,0,0,0,0,0,0,0,0,0,0,0,0,0,0,0,0,0,0,0,0,74356
1,1,1,1,1531,753,-1023,20,29,33,-11,48,70,0,0,0,0,0,0,0,0,0,0,0,0,0,0,0,0,0,0,0,0,0,0,74366
1,1,1,1,1536,747,-1036,28,34,38,-12,50,70,0,0,0,0,0,0,0,0,0,0,0,0,0,0,0,0,0,0,0,0,0,0,74376
1,1,1,1,1564,720,-1049,26,41,37,-11,49,71,0,0,0,0,0,0,0,0,0,0,0,0,0,0,0,0,0,0,0,0,0,0,74386
1,1,1,1,1556,729,-1048,14,26,36,-12,50,71,0,0,0,0,0,0,0,0,0,0,0,0,0,0,0,0,0,0,0,0,0,0,74396
1,1,1,1,1539,744,-1067,23,31,42,-12,49,73,0,0,0,0,0,0,0,0,0,0,0,0,0,0,0,0,0,0,0,0,0,0,74406
1,1,1,1,1541,733,-1055,30,33,46,-10,53,72,0,0,0,0,0,0,0,0,0,0,0,0,0,0,0,0,0,0,0,0,0,0,74416
1,1,1,1,1540,737,-1052,40,46,46,-13,52,73,0,0,0,0,0,0,0,0,0,0,0,0,0,0,0,0,0,0,0,0,0,0,74426
1,1,1,1,1545,735,-1048,53,46,49,-12,52,71,0,0,0,0,0,0,0,0,0,0,0,0,0,0,0,0,0,0,0,0,0,0,74436
1,1,1,1,1562,709,-1046,41,34,45,-12,51,72,0,0,0,0,0,0,0,0,0,0,0,0,0,0,0,0,0,0,0,0,0,0,74446
1,1,1,1,1586,677,-1057,13,24,33,-15,58,73,0,0,0,0,0,0,0,0,0,0,0,0,0,0,0,0,0,0,0,0,0,0,74456
1,1,1,1,1552,719,-1077,-21,-3,31,-12,50,72,0,0,0,0,0,0,0,0,0,0,0,0,0,0,0,0,0,0,0,0,0,0,74466
1,1,1,1,1540,745,-1079,-30,-6,32,-12,51,72,0,0,0,0,0,0,0,0,0,0,0,0,0,0,0,0,0,0,0,0,0,0,74476
1,1,1,1,1545,747,-1069,-32,-11,32,-9,52,73,0,0,0,0,0,0,0,0,0,0,0,0,0,0,0,0,0,0,0,0,0,0,74486
1,1,1,1,1538,769,-1039,-20,-23,36,-8,54,74,0,0,0,0,0,0,0,0,0,0,0,0,0,0,0,0,0,0,0,0,0,0,74496
1,1,1,1,1537,773,-1041,13,-6,41,-6,54,73,0,0,0,0,0,0,0,0,0,0,0,0,0,0,0,0,0,0,0,0,0,0,74506
1,1,1,1,1550,756,-1039,30,-1,40,-7,53,72,0,0,0,0,0,0,0,0,0,0,0,0,0,0,0,0,0,0,0,0,0,0,74516
1,1,1,1,1572,719,-1046,43,10,35,-7,56,74,0,0,0,0,0,0,0,0,0,0,0,0,0,0,0,0,0,0,0,0,0,0,74526
1,1,1,1,1585,697,-1054,32,17,28,-7,55,74,0,0,0,0,0,0,0,0,0,0,0,0,0,0,0,0,0,0,0,0,0,0,74536
1,1,1,1,1587,695,-1036,7,-1,18,-6,55,76,0,0,0,0,0,0,0,0,0,0,0,0,0,0,0,0,0,0,0,0,0,0,74546
1,1,1,1,1575,707,-1027,8,-5,9,-5,55,75,0,0,0,0,0,0,0,0,0,0,0,0,0,0,0,0,0,0,0,0,0,0,74556
1,1,1,1,1563,723,-1021,17,-8,3,-7,55,74,0,0,0,0,0,0,0,0,0,0,0,0,0,0,0,0,0,0,0,0,0,0,74566
1,1,1,1,1557,748,-1035,36,6,3,-6,56,72,0,0,0,0,0,0,0,0,0,0,0,0,0,0,0,0,0,0,0,0,0,0,74576
1,1,1,1,1556,763,-1033,67,25,10,-6,55,72,0,0,0,0,0,0,0,0,0,0,0,0,0,0,0,0,0,0,0,0,0,0,74586
1,1,1,1,1573,749,-1035,93,36,3,-7,57,74,0,0,0,0,0,0,0,0,0,0,0,0,0,0,0,0,0,0,0,0,0,0,74596
1,1,1,1,1569,733,-1069,70,32,-2,-3,56,73,0,0,0,0,0,0,0,0,0,0,0,0,0,0,0,0,0,0,0,0,0,0,74606
1,1,1,1,1561,725,-1104,44,12,-6,-5,57,73,0,0,0,0,0,0,0,0,0,0,0,0,0,0,0,0,0,0,0,0,0,0,74616
1,1,1,1,1567,730,-1094,53,8,-2,-4,56,73,0,0,0,0,0,0,0,0,0,0,0,0,0,0,0,0,0,0,0,0,0,0,74626
1,1,1,1,1572,699,-1084,48,-6,-14,-5,57,73,0,0,0,0,0,0,0,0,0,0,0,0,0,0,0,0,0,0,0,0,0,0,74636
1,1,1,1,1558,701,-1091,14,-46,-19,-4,56,73,0,0,0,0,0,0,0,0,0,0,0,0,0,0,0,0,0,0,0,0,0,0,74647
1,1,1,1,1553,717,-1095,18,-55,-17,-7,57,71,0,0,0,0,0,0,0,0,0,0,0,0,0,0,0,0,0,0,0,0,0,0,74657
1,1,1,1,1555,727,-1069,23,-64,-18,-5,58,70,0,0,0,0,0,0,0,0,0,0,0,0,0,0,0,0,0,0,0,0,0,0,74667
1,1,1,1,1557,718,-1066,4,-82,-13,-2,57,73,0,0,0,0,0,0,0,0,0,0,0,0,0,0,0,0,0,0,0,0,0,0,74677
1,1,1,1,1565,724,-1084,11,-79,-8,-2,58,73,0,0,0,0,0,0,0,0,0,0,0,0,0,0,0,0,0,0,0,0,0,0,74687
1,1,1,1,1564,719,-1073,26,-75,-1,-4,58,71,0,0,0,0,0,0,0,0,0,0,0,0,0,0,0,0,0,0,0,0,0,0,74697
1,1,1,1,1562,718,-1069,38,-76,4,-7,59,73,0,0,0,0,0,0,0,0,0,0,0,0,0,0,0,0,0,0,0,0,0,0,74707
1,1,1,1,1553,709,-1090,30,-78,8,-6,57,72,0,0,0,0,0,0,0,0,0,0,0,0,0,0,0,0,0,0,0,0,0,0,74717
1,1,1,1,1557,692,-1102,3,-77,8,-4,60,72,0,0,0,0,0,0,0,0,0,0,0,0,0,0,0,0,0,0,0,0,0,0,74727
1,1,1,1,1556,683,-1083,-21,-79,4,-3,59,68,0,0,0,0,0,0,0,0,0,0,0,0,0,0,0,0,0,0,0,0,0,0,74737
1,1,1,1,1542,706,-1048,-47,-82,3,-4,59,71,0,0,0,0,0,0,0,0,0,0,0,0,0,0,0,0,0,0,0,0,0,0,74747
1,1,1,1,1544,715,-1021,-45,-82,10,-4,59,70,0,0,0,0,0,0,0,0,0,0,0,0,0,0,0,0,0,0,0,0,0,0,74757
1,1,1,1,1556,699,-1019,-21,-63,14,-4,60,70,0,0,0,0,0,0,0,0,0,0,0,0,0,0,0,0,0,0,0,0,0,0,74767
1,1,1,1,1552,708,-1009,-1,-50,16,-3,59,69,0,0,0,0,0,0,0,0,0,0,0,0,0,0,0,0,0,0,0,0,0,0,74777
1,1,1,1,1541,723,-1031,21,-22,29,-3,58,73,0,0,0,0,0,0,0,0,0,0,0,0,0,0,0,0,0,0,0,0,0,0,74787
1,1,1,1,1534,732,-1049,39,14,49,-2,62,71,0,0,0,0,0,0,0,0,0,0,0,0,0,0,0,0,0,0,0,0,0,0,74797
1,1,1,1,1553,735,-1048,56,42,63,-1,60,71,0,0,0,0,0,0,0,0,0,0,0,0,0,0,0,0,0,0,0,0,0,0,74807
1,1,1,1,1543,726,-1081,50,81,81,-1,61,72,0,0,0,0,0,0,0,0,0,0,0,0,0,0,0,0,0,0,0,0,0,0,74817
1,1,1,1,1525,726,-1120,34,112,97,-1,60,73,0,0,0,0,0,0,0,0,0,0,0,0,0,0,0,0,0,0,0,0,0,0,74827
1,1,1,1,1518,728,-1114,22,151,117,-2,60,70,0,0,0,0,0,0,0,0,0,0,0,0,0,0,0,0,0,0,0,0,0,0,74837
1,1,1,1,1495,743,-1105,23,180,142,-2,60,71,0,0,0,0,0,0,0,0,0,0,0,0,0,0,0,0,0,0,0,0,0,0,74847
1,1,1,1,1473,738,-1116,29,214,165,-1,58,68,0,0,0,0,0,0,0,0,0,0,0,0,0,0,0,0,0,0,0,0,0,0,74857
1,1,1,1,1417,793,-1232,61,356,222,-2,54,61,0,0,0,0,0,0,0,0,0,0,0,0,0,0,0,0,0,0,0,0,0,0,74867
1,1,1,1,1338,837,-1245,97,525,328,-2,63,77,0,0,0,0,0,0,0,0,0,0,0,0,0,0,0,0,0,0,0,0,0,0,74877
1,1,1,1,1338,837,-1245,-71,42,-25,1,59,78,0,0,0,0,0,0,0,0,0,0,0,0,0,0,0,0,0,0,0,0,0,0,74887
1,1,1,1,2032,490,-716,-108,-187,45,-2,58,68,0,0,0,0,0,0,0,0,0,0,0,0,0,0,0,0,0,0,0,0,0,0,74897
1,1,1,1,1546,748,-1150,-21,-9,40,-3,57,63,0,0,0,0,0,0,0,0,0,0,0,0,0,0,0,0,0,0,0,0,0,0,74907
1,1,1,1,1672,619,-989,-132,-63,30,-1,55,63,0,0,0,0,0,0,0,0,0,0,0,0,0,0,0,0,0,0,0,0,0,0,74917
1,1,1,1,1767,504,-1074,-79,42,-18,-2,54,66,0,0,0,0,0,0,0,0,0,0,0,0,0,0,0,0,0,0,0,0,0,0,74927
1,1,1,1,1739,438,-1093,84,281,-122,-4,54,67,0,0,0,0,0,0,0,0,0,0,0,0,0,0,0,0,0,0,0,0,0,0,74937
1,1,1,1,1726,529,-979,267,445,-211,-8,55,63,0,0,0,0,0,0,0,0,0,0,0,0,0,0,0,0,0,0,0,0,0,0,74947
1,1,1,1,1522,680,-669,188,196,-230,-8,50,66,0,0,0,0,0,0,0,0,0,0,0,0,0,0,0,0,0,0,0,0,0,0,74957
1,1,1,1,1577,651,-646,260,45,-316,-9,44,58,0,0,0,0,0,0,0,0,0,0,0,0,0,0,0,0,0,0,0,0,0,0,74967
1,1,1,1,1592,690,-709,428,66,-389,-12,36,47,0,0,0,0,0,0,0,0,0,0,0,0,0,0,0,0,0,0,0,0,0,0,74977
1,1,1,1,1514,764,-672,537,-39,-419,-19,29,37,0,0,0,0,0,0,0,0,0,0,0,0,0,0,0,0,0,0,0,0,0,0,74987
1,1,1,1,1435,698,-833,384,-262,-419,-20,26,37,0,0,0,0,0,0,0,0,0,0,0,0,0,0,0,0,0,0,0,0,0,0,74997
1,1,1,1,1413,852,-1235,331,-143,-252,-21,24,37,0,0,0,0,0,0,0,0,0,0,0,0,0,0,0,0,0,0,0,0,0,0,75007
1,1,1,1,1254,950,-1428,359,204,-38,-22,24,36,0,0,0,0,0,0,0,0,0,0,0,0,0,0,0,0,0,0,0,0,0,0,75017
1,1,1,1,1218,1022,-1193,246,269,174,-24,25,42,0,0,0,0,0,0,0,0,0,0,0,0,0,0,0,0,0,0,0,0,0,0,75027
1,1,1,1,1378,840,-1144,92,231,189,-26,29,49,0,0,0,0,0,0,0,0,0,0,0,0,0,0,0,0,0,0,0,0,0,0,75037
1,1,1,1,1433,821,-1244,9,195,226,-25,30,52,0,0,0,0,0,0,0,0,0,0,0,0,0,0,0,0,0,0,0,0,0,0,75047
1,1,1,1,1547,773,-1269,7,175,244,-26,31,56,0,0,0,0,0,0,0,0,0,0,0,0,0,0,0,0,0,0,0,0,0,0,75057
1,1,1,1,1704,646,-1182,-18,92,193,-25,30,55,0,0,0,0,0,0,0,0,0,0,0,0,0,0,0,0,0,0,0,0,0,0,75067
1,1,1,1,1823,537,-1171,-66,-28,79,-25,32,55,0,0,0,0,0,0,0,0,0,0,0,0,0,0,0,0,0,0,0,0,0,0,75077
1,1,1,1,1794,619,-1153,-114,-127,6,-26,33,58,0,0,0,0,0,0,0,0,0,0,0,0,0,0,0,0,0,0,0,0,0,0,75087
1,1,1,1,1743,737,-1162,-91,-124,4,-23,32,55,0,0,0,0,0,0,0,0,0,0,0,0,0,0,0,0,0,0,0,0,0,0,75097
1,1,1,1,1677,755,-1098,-89,-135,1,-23,32,55,0,0,0,0,0,0,0,0,0,0,0,0,0,0,0,0,0,0,0,0,0,0,75107
1,1,1,1,1627,765,-1084,-83,-129,-3,-20,32,52,0,0,0,0,0,0,0,0,0,0,0,0,0,0,0,0,0,0,0,0,0,0,75117
1,1,1,1,1563,771,-1064,-95,-127,-3,-20,32,54,0,0,0,0,0,0,0,0,0,0,0,0,0,0,0,0,0,0,0,0,0,0,75127
1,1,1,1,1519,771,-1057,-112,-108,5,-21,32,53,0,0,0,0,0,0,0,0,0,0,0,0,0,0,0,0,0,0,0,0,0,0,75137
1,1,1,1,1496,756,-1010,-119,-107,12,-22,33,55,0,0,0,0,0,0,0,0,0,0,0,0,0,0,0,0,0,0,0,0,0,0,75147
1,1,1,1,1506,723,-1006,-97,-99,2,-21,33,56,0,0,0,0,0,0,0,0,0,0,0,0,0,0,0,0,0,0,0,0,0,0,75157
1,1,1,1,1549,654,-999,-59,-91,-18,-21,34,58,0,0,0,0,0,0,0,0,0,0,0,0,0,0,0,0,0,0,0,0,0,0,75167
1,1,1,1,1588,640,-973,-17,-95,-51,-21,33,57,0,0,0,0,0,0,0,0,0,0,0,0,0,0,0,0,0,0,0,0,0,0,75177
1,1,1,1,1552,691,-966,14,-89,-49,-21,33,59,0,0,0,0,0,0,0,0,0,0,0,0,0,0,0,0,0,0,0,0,0,0,75187
1,1,1,1,1560,713,-1007,69,-63,-31,-22,34,61,0,0,0,0,0,0,0,0,0,0,0,0,0,0,0,0,0,0,0,0,0,0,75197
1,1,1,1,1570,698,-994,83,-65,-20,-21,35,64,0,0,0,0,0,0,0,0,0,0,0,0,0,0,0,0,0,0,0,0,0,0,75207
1,1,1,1,1568,686,-1064,67,-56,-11,-23,35,66,0,0,0,0,0,0,0,0,0,0,0,0,0,0,0,0,0,0,0,0,0,0,75217
1,1,1,1,1538,706,-1090,24,-58,12,-24,36,65,0,0,0,0,0,0,0,0,0,0,0,0,0,0,0,0,0,0,0,0,0,0,75227
1,1,1,1,1550,719,-1071,10,-55,18,-26,37,66,0,0,0,0,0,0,0,0,0,0,0,0,0,0,0,0,0,0,0,0,0,0,75237
1,1,1,1,1552,698,-1101,-16,-66,19,-26,37,69,0,0,0,0,0,0,0,0,0,0,0,0,0,0,0,0,0,0,0,0,0,0,75257
1,1,1,1,1595,663,-1101,-48,-79,3,-23,36,68,0,0,0,0,0,0,0,0,0,0,0,0,0,0,0,0,0,0,0,0,0,0,75267
1,1,1,1,1592,671,-1080,-63,-85,-9,-24,36,67,0,0,0,0,0,0,0,0,0,0,0,0,0,0,0,0,0,0,0,0,0,0,75277
1,1,1,1,1590,692,-1049,-50,-85,-19,-21,36,68,0,0,0,0,0,0,0,0,0,0,0,0,0,0,0,0,0,0,0,0,0,0,75287
1,1,1,1,1558,704,-1038,-28,-72,-27,-24,36,67,0,0,0,0,0,0,0,0,0,0,0,0,0,0,0,0,0,0,0,0,0,0,75297
1,1,1,1,1515,744,-1024,8,-50,-18,-25,36,67,0,0,0,0,0,0,0,0,0,0,0,0,0,0,0,0,0,0,0,0,0,0,75307
1,1,1,1,1503,744,-1026,22,-40,-3,-27,37,68,0,0,0,0,0,0,0,0,0,0,0,0,0,0,0,0,0,0,0,0,0,0,75317
1,1,1,1,1543,700,-1054,21,-39,2,-24,38,67,0,0,0,0,0,0,0,0,0,0,0,0,0,0,0,0,0,0,0,0,0,0,75327
1,1,1,1,1561,674,-1079,-12,-49,4,-26,39,67,0,0,0,0,0,0,0,0,0,0,0,0,0,0,0,0,0,0,0,0,0,0,75337
1,1,1,1,1563,677,-1101,-52,-59,9,-26,36,68,0,0,0,0,0,0,0,0,0,0,0,0,0,0,0,0,0,0,0,0,0,0,75347
1,1,1,1,1558,696,-1079,-78,-68,12,-25,36,66,0,0,0,0,0,0,0,0,0,0,0,0,0,0,0,0,0,0,0,0,0,0,75357
1,1,1,1,1556,702,-1068,-82,-64,11,-26,39,68,0,0,0,0,0,0,0,0,0,0,0,0,0,0,0,0,0,0,0,0,0,0,75367
1,1,1,1,1558,698,-1065,-83,-65,4,-25,39,67,0,0,0,0,0,0,0,0,0,0,0,0,0,0,0,0,0,0,0,0,0,0,75377
1,1,1,1,1553,709,-1023,-40,-46,-3,-23,37,65,0,0,0,0,0,0,0,0,0,0,0,0,0,0,0,0,0,0,0,0,0,0,75387
1,1,1,1,1540,730,-1009,20,-21,-1,-21,37,67,0,0,0,0,0,0,0,0,0,0,0,0,0,0,0,0,0,0,0,0,0,0,75397
1,1,1,1,1526,727,-1021,55,11,7,-20,37,69,0,0,0,0,0,0,0,0,0,0,0,0,0,0,0,0,0,0,0,0,0,0,75407
1,1,1,1,1548,709,-1019,67,20,3,-20,36,68,0,0,0,0,0,0,0,0,0,0,0,0,0,0,0,0,0,0,0,0,0,0,75417
1,1,1,1,1557,686,-1033,49,10,2,-21,36,70,0,0,0,0,0,0,0,0,0,0,0,0,0,0,0,0,0,0,0,0,0,0,75427
1,1,1,1,1563,686,-1064,28,10,-1,-23,36,70,0,0,0,0,0,0,0,0,0,0,0,0,0,0,0,0,0,0,0,0,0,0,75437
1,1,1,1,1568,684,-1084,0,1,-7,-23,36,71,0,0,0,0,0,0,0,0,0,0,0,0,0,0,0,0,0,0,0,0,0,0,75447
1,1,1,1,1557,695,-1109,-32,-15,-17,-23,36,69,0,0,0,0,0,0,0,0,0,0,0,0,0,0,0,0,0,0,0,0,0,0,75457
1,1,1,1,1545,723,-1102,-39,-16,-13,-24,36,67,0,0,0,0,0,0,0,0,0,0,0,0,0,0,0,0,0,0,0,0,0,0,75467
1,1,1,1,1554,732,-1084,-31,-15,-10,-23,36,68,0,0,0,0,0,0,0,0,0,0,0,0,0,0,0,0,0,0,0,0,0,0,75477
1,1,1,1,1562,734,-1096,-30,-28,-11,-22,35,68,0,0,0,0,0,0,0,0,0,0,0,0,0,0,0,0,0,0,0,0,0,0,75487
1,1,1,1,1564,740,-1097,-28,-29,-14,-22,36,65,0,0,0,0,0,0,0,0,0,0,0,0,0,0,0,0,0,0,0,0,0,0,75497
1,1,1,1,1559,735,-1078,-29,-29,-13,-23,36,65,0,0,0,0,0,0,0,0,0,0,0,0,0,0,0,0,0,0,0,0,0,0,75507
1,1,1,1,1551,736,-1072,-26,-29,-10,-23,36,64,0,0,0,0,0,0,0,0,0,0,0,0,0,0,0,0,0,0,0,0,0,0,75517
1,1,1,1,1542,717,-1066,-47,-42,-4,-22,36,66,0,0,0,0,0,0,0,0,0,0,0,0,0,0,0,0,0,0,0,0,0,0,75527
1,1,1,1,1538,711,-1081,-57,-45,0,-24,36,66,0,0,0,0,0,0,0,0,0,0,0,0,0,0,0,0,0,0,0,0,0,0,75537
1,1,1,1,1553,693,-1091,-68,-55,-8,-23,35,66,0,0,0,0,0,0,0,0,0,0,0,0,0,0,0,0,0,0,0,0,0,0,75547
1,1,1,1,1570,669,-1096,-72,-56,-18,-21,36,64,0,0,0,0,0,0,0,0,0,0,0,0,0,0,0,0,0,0,0,0,0,0,75557
1,1,1,1,1567,675,-1075,-70,-56,-21,-20,35,61,0,0,0,0,0,0,0,0,0,0,0,0,0,0,0,0,0,0,0,0,0,0,75567
1,1,1,1,1544,704,-1059,-59,-62,-21,-20,35,60,0,0,0,0,0,0,0,0,0,0,0,0,0,0,0,0,0,0,0,0,0,0,75577
1,1,1,1,1537,725,-1057,-49,-58,-19,-19,35,66,0,0,0,0,0,0,0,0,0,0,0,0,0,0,0,0,0,0,0,0,0,0,75587
1,1,1,1,1527,741,-1047,-49,-54,-8,-19,35,64,0,0,0,0,0,0,0,0,0,0,0,0,0,0,0,0,0,0,0,0,0,0,75597
1,1,1,1,1532,742,-1056,-31,-45,-2,-20,35,61,0,0,0,0,0,0,0,0,0,0,0,0,0,0,0,0,0,0,0,0,0,0,75607
1,1,1,1,1538,729,-1043,-16,-40,1,-20,34,60,0,0,0,0,0,0,0,0,0,0,0,0,0,0,0,0,0,0,0,0,0,0,75617
1,1,1,1,1538,729,-1056,-9,-36,3,-18,32,58,0,0,0,0,0,0,0,0,0,0,0,0,0,0,0,0,0,0,0,0,0,0,75627
1,1,1,1,1535,722,-1059,-9,-28,5,-22,39,62,0,0,0,0,0,0,0,0,0,0,0,0,0,0,0,0,0,0,0,0,0,0,75637
1,1,1,1,1556,686,-1086,-39,-46,-3,-23,41,63,0,0,0,0,0,0,0,0,0,0,0,0,0,0,0,0,0,0,0,0,0,0,75647
1,1,1,1,1554,670,-1118,-96,-67,-16,-24,38,62,0,0,0,0,0,0,0,0,0,0,0,0,0,0,0,0,0,0,0,0,0,0,75657
1,1,1,1,1543,682,-1109,-146,-83,-32,-19,31,58,0,0,0,0,0,0,0,0,0,0,0,0,0,0,0,0,0,0,0,0,0,0,75667
1,1,1,1,1525,711,-1113,-163,-98,-33,-22,34,58,0,0,0,0,0,0,0,0,0,0,0,0,0,0,0,0,0,0,0,0,0,0,75677
1,1,1,1,1506,730,-1098,-167,-123,-33,-23,35,57,0,0,0,0,0,0,0,0,0,0,0,0,0,0,0,0,0,0,0,0,0,0,75687
1,1,1,1,1518,760,-1054,-124,-111,-12,-20,31,51,0,0,0,0,0,0,0,0,0,0,0,0,0,0,0,0,0,0,0,0,0,0,75697
1,1,1,1,1542,770,-1013,-91,-91,-16,-20,34,53,0,0,0,0,0,0,0,0,0,0,0,0,0,0,0,0,0,0,0,0,0,0,75707
1,1,1,1,1542,771,-1037,-44,-75,12,-19,33,52,0,0,0,0,0,0,0,0,0,0,0,0,0,0,0,0,0,0,0,0,0,0,75717
1,1,1,1,1567,755,-1059,-41,-71,18,-17,30,52,0,0,0,0,0,0,0,0,0,0,0,0,0,0,0,0,0,0,0,0,0,0,75727
1,1,1,1,1558,717,-1095,-84,-75,6,-18,33,50,0,0,0,0,0,0,0,0,0,0,0,0,0,0,0,0,0,0,0,0,0,0,75737
1,1,1,1,1575,701,-1136,-101,-76,14,-19,33,51,0,0,0,0,0,0,0,0,0,0,0,0,0,0,0,0,0,0,0,0,0,0,75747
1,1,1,1,1548,702,-1121,-152,-103,-4,-18,32,52,0,0,0,0,0,0,0,0,0,0,0,0,0,0,0,0,0,0,0,0,0,0,75757
1,1,1,1,1537,712,-1083,-184,-119,-10,-19,32,49,0,0,0,0,0,0,0,0,0,0,0,0,0,0,0,0,0,0,0,0,0,0,75767
1,1,1,1,1531,739,-1027,-185,-124,-20,-18,32,49,0,0,0,0,0,0,0,0,0,0,0,0,0,0,0,0,0,0,0,0,0,0,75777
1,1,1,1,1494,793,-981,-199,-117,-34,-17,31,50,0,0,0,0,0,0,0,0,0,0,0,0,0,0,0,0,0,0,0,0,0,0,75787
1,1,1,1,1502,806,-1014,-179,-92,-39,-18,32,47,0,0,0,0,0,0,0,0,0,0,0,0,0,0,0,0,0,0,0,0,0,0,75797
1,1,1,1,1509,813,-1019,-158,-71,-38,-18,32,48,0,0,0,0,0,0,0,0,0,0,0,0,0,0,0,0,0,0,0,0,0,0,75807
1,1,1,1,1547,776,-1052,-137,-52,-23,-19,33,47,0,0,0,0,0,0,0,0,0,0,0,0,0,0,0,0,0,0,0,0,0,0,75817
1,1,1,1,1577,717,-1041,-168,-26,-15,-18,32,44,0,0,0,0,0,0,0,0,0,0,0,0,0,0,0,0,0,0,0,0,0,0,75827
1,1,1,1,1592,670,-1016,-258,-16,17,-17,32,46,0,0,0,0,0,0,0,0,0,0,0,0,0,0,0,0,0,0,0,0,0,0,75837
1,1,1,1,1520,751,-1111,-138,-33,-39,-19,32,44,0,0,0,0,0,0,0,0,0,0,0,0,0,0,0,0,0,0,0,0,0,0,75847
1,1,1,1,1477,794,-1015,-150,-48,-34,-20,32,47,0,0,0,0,0,0,0,0,0,0,0,0,0,0,0,0,0,0,0,0,0,0,75857
1,1,1,1,1492,764,-1039,-114,-43,-42,-20,32,49,0,0,0,0,0,0,0,0,0,0,0,0,0,0,0,0,0,0,0,0,0,0,75867
1,1,1,1,1528,738,-1038,-90,-36,-40,-18,32,47,0,0,0,0,0,0,0,0,0,0,0,0,0,0,0,0,0,0,0,0,0,0,75877
1,1,1,1,1529,772,-1052,-67,-34,-24,-17,31,50,0,0,0,0,0,0,0,0,0,0,0,0,0,0,0,0,0,0,0,0,0,0,75887
1,1,1,1,1527,795,-1074,-3,-33,-20,-18,32,49,0,0,0,0,0,0,0,0,0,0,0,0,0,0,0,0,0,0,0,0,0,0,75897
1,1,1,1,1544,753,-1040,7,-34,-17,-16,32,48,0,0,0,0,0,0,0,0,0,0,0,0,0,0,0,0,0,0,0,0,0,0,75907
1,1,1,1,1547,725,-1044,-23,-34,-15,-18,32,49,0,0,0,0,0,0,0,0,0,0,0,0,0,0,0,0,0,0,0,0,0,0,75917
1,1,1,1,1536,728,-1065,-41,-28,-11,-21,33,53,0,0,0,0,0,0,0,0,0,0,0,0,0,0,0,0,0,0,0,0,0,0,75927
1,1,1,1,1522,725,-1051,-43,-22,-7,-20,34,51,0,0,0,0,0,0,0,0,0,0,0,0,0,0,0,0,0,0,0,0,0,0,75937
1,1,1,1,1511,724,-1040,-47,-30,2,-19,32,51,0,0,0,0,0,0,0,0,0,0,0,0,0,0,0,0,0,0,0,0,0,0,75947
1,1,1,1,1481,754,-1028,-51,-47,12,-19,31,50,0,0,0,0,0,0,0,0,0,0,0,0,0,0,0,0,0,0,0,0,0,0,75957
1,1,1,1,1516,752,-1031,-22,-27,39,-20,31,49,0,0,0,0,0,0,0,0,0,0,0,0,0,0,0,0,0,0,0,0,0,0,75967
1,1,1,1,1536,730,-1025,-19,-19,42,-19,33,53,0,0,0,0,0,0,0,0,0,0,0,0,0,0,0,0,0,0,0,0,0,0,75977
1,1,1,1,1545,736,-1040,-14,8,36,-19,32,51,0,0,0,0,0,0,0,0,0,0,0,0,0,0,0,0,0,0,0,0,0,0,75987
1,1,1,1,1549,734,-1027,-14,19,36,-19,31,51,0,0,0,0,0,0,0,0,0,0,0,0,0,0,0,0,0,0,0,0,0,0,75997
1,1,1,1,1532,739,-1040,-26,22,39,-18,32,55,0,0,0,0,0,0,0,0,0,0,0,0,0,0,0,0,0,0,0,0,0,0,76007
1,1,1,1,1523,745,-1058,-7,24,32,-17,32,55,0,0,0,0,0,0,0,0,0,0,0,0,0,0,0,0,0,0,0,0,0,0,76017
1,1,1,1,1495,753,-1039,-7,23,28,-18,31,55,0,0,0,0,0,0,0,0,0,0,0,0,0,0,0,0,0,0,0,0,0,0,76027
1,1,1,1,1504,760,-1029,-21,18,31,-18,33,58,0,0,0,0,0,0,0,0,0,0,0,0,0,0,0,0,0,0,0,0,0,0,76037
1,1,1,1,1516,755,-1060,-22,13,37,-20,33,57,0,0,0,0,0,0,0,0,0,0,0,0,0,0,0,0,0,0,0,0,0,0,76047
1,1,1,1,1527,759,-1066,-21,4,37,-21,33,58,0,0,0,0,0,0,0,0,0,0,0,0,0,0,0,0,0,0,0,0,0,0,76057
1,1,1,1,1541,757,-1056,-11,12,31,-20,34,59,0,0,0,0,0,0,0,0,0,0,0,0,0,0,0,0,0,0,0,0,0,0,76067
1,1,1,1,1542,755,-1064,-11,9,24,-20,33,58,0,0,0,0,0,0,0,0,0,0,0,0,0,0,0,0,0,0,0,0,0,0,76077
1,1,1,1,1542,755,-1064,-9,12,17,-21,34,58,0,0,0,0,0,0,0,0,0,0,0,0,0,0,0,0,0,0,0,0,0,0,76087
1,1,1,1,1541,746,-1054,-24,3,10,-20,34,57,0,0,0,0,0,0,0,0,0,0,0,0,0,0,0,0,0,0,0,0,0,0,76097
1,1,1,1,1517,754,-1070,-46,-19,-2,-18,34,54,0,0,0,0,0,0,0,0,0,0,0,0,0,0,0,0,0,0,0,0,0,0,76107
1,1,1,1,1512,753,-1053,-37,-28,3,-20,32,53,0,0,0,0,0,0,0,0,0,0,0,0,0,0,0,0,0,0,0,0,0,0,76117
1,1,1,1,1520,748,-1035,-24,-28,10,-17,32,54,0,0,0,0,0,0,0,0,0,0,0,0,0,0,0,0,0,0,0,0,0,0,76127
1,1,1,1,1528,729,-1029,-25,-29,14,-17,31,53,0,0,0,0,0,0,0,0,0,0,0,0,0,0,0,0,0,0,0,0,0,0,76137
1,1,1,1,1528,734,-1031,-39,-39,15,-17,32,53,0,0,0,0,0,0,0,0,0,0,0,0,0,0,0,0,0,0,0,0,0,0,76147
1,1,1,1,1516,746,-1041,-34,-18,24,-18,32,52,0,0,0,0,0,0,0,0,0,0,0,0,0,0,0,0,0,0,0,0,0,0,76157
1,1,1,1,1519,751,-1033,-46,-17,17,-16,32,51,0,0,0,0,0,0,0,0,0,0,0,0,0,0,0,0,0,0,0,0,0,0,76167
1,1,1,1,1504,766,-1071,-45,-13,14,-19,33,48,0,0,0,0,0,0,0,0,0,0,0,0,0,0,0,0,0,0,0,0,0,0,76177
1,1,1,1,1522,755,-1061,-64,-26,12,-18,31,48,0,0,0,0,0,0,0,0,0,0,0,0,0,0,0,0,0,0,0,0,0,0,76187
1,1,1,1,1557,731,-1099,-116,-54,5,-18,33,47,0,0,0,0,0,0,0,0,0,0,0,0,0,0,0,0,0,0,0,0,0,0,76197
1,1,1,1,1547,731,-1099,-161,-75,6,-17,31,43,0,0,0,0,0,0,0,0,0,0,0,0,0,0,0,0,0,0,0,0,0,0,76207
1,1,1,1,1543,743,-1042,-228,-93,6,-18,32,42,0,0,0,0,0,0,0,0,0,0,0,0,0,0,0,0,0,0,0,0,0,0,76217
1,1,1,1,1543,745,-1035,-304,-97,0,-19,30,42,0,0,0,0,0,0,0,0,0,0,0,0,0,0,0,0,0,0,0,0,0,0,76227
1,1,1,1,1548,751,-1031,-337,-75,20,-20,31,40,0,0,0,0,0,0,0,0,0,0,0,0,0,0,0,0,0,0,0,0,0,0,76237
1,1,1,1,1537,776,-971,-312,-49,30,-16,28,38,0,0,0,0,0,0,0,0,0,0,0,0,0,0,0,0,0,0,0,0,0,0,76247
1,1,1,1,1545,791,-997,-271,-46,8,-17,27,38,0,0,0,0,0,0,0,0,0,0,0,0,0,0,0,0,0,0,0,0,0,0,76257
1,1,1,1,1522,780,-1017,-227,-34,17,-14,27,37,0,0,0,0,0,0,0,0,0,0,0,0,0,0,0,0,0,0,0,0,0,0,76267
1,1,1,1,1512,812,-1017,-165,-15,20,-14,27,33,0,0,0,0,0,0,0,0,0,0,0,0,0,0,0,0,0,0,0,0,0,0,76277
1,1,1,1,1509,833,-1005,-132,-33,-10,-15,28,34,0,0,0,0,0,0,0,0,0,0,0,0,0,0,0,0,0,0,0,0,0,0,76287
1,1,1,1,1506,797,-1023,-186,-49,-30,-17,30,36,0,0,0,0,0,0,0,0,0,0,0,0,0,0,0,0,0,0,0,0,0,0,76297
1,1,1,1,1490,791,-1075,-254,-43,-14,-15,29,36,0,0,0,0,0,0,0,0,0,0,0,0,0,0,0,0,0,0,0,0,0,0,76307
1,1,1,1,1535,811,-1068,-254,-67,-45,-14,27,32,0,0,0,0,0,0,0,0,0,0,0,0,0,0,0,0,0,0,0,0,0,0,76317
1,1,1,1,1551,806,-1061,-227,-74,-54,-11,27,32,0,0,0,0,0,0,0,0,0,0,0,0,0,0,0,0,0,0,0,0,0,0,76327
1,1,1,1,1531,778,-1047,-218,-74,-55,-11,27,29,0,0,0,0,0,0,0,0,0,0,0,0,0,0,0,0,0,0,0,0,0,0,76337
1,1,1,1,1545,782,-1001,-188,-82,-54,-11,27,27,0,0,0,0,0,0,0,0,0,0,0,0,0,0,0,0,0,0,0,0,0,0,76347
1,1,1,1,1515,801,-960,-148,-67,-38,-11,26,30,0,0,0,0,0,0,0,0,0,0,0,0,0,0,0,0,0,0,0,0,0,0,76357
1,1,1,1,1494,823,-968,-81,-40,-26,-12,27,31,0,0,0,0,0,0,0,0,0,0,0,0,0,0,0,0,0,0,0,0,0,0,76367
1,1,1,1,1470,769,-915,-119,-34,-39,-11,25,27,0,0,0,0,0,0,0,0,0,0,0,0,0,0,0,0,0,0,0,0,0,0,76377
1,1,1,1,1505,758,-919,-179,-26,-44,-12,25,27,0,0,0,0,0,0,0,0,0,0,0,0,0,0,0,0,0,0,0,0,0,0,76387
1,1,1,1,1551,666,-980,-330,-32,-53,-14,26,28,0,0,0,0,0,0,0,0,0,0,0,0,0,0,0,0,0,0,0,0,0,0,76397
1,1,1,1,1528,624,-1037,-610,-109,-98,-20,25,27,0,0,0,0,0,0,0,0,0,0,0,0,0,0,0,0,0,0,0,0,0,0,76407
1,1,1,1,1473,521,-1043,-1183,-126,-143,-31,23,20,0,0,0,0,0,0,0,0,0,0,0,0,0,0,0,0,0,0,0,0,0,0,76417
1,1,1,1,1267,197,-864,-2686,-142,-172,-15,21,17,0,0,0,0,0,0,0,0,0,0,0,0,0,0,0,0,0,0,0,0,0,0,76427
1,1,1,1,1429,949,-830,-2727,-222,-165,-7,18,11,0,0,0,0,0,0,0,0,0,0,0,0,0,0,0,0,0,0,0,0,0,0,76437
1,1,1,1,1730,1373,-1098,-1360,-189,-54,-9,18,13,0,0,0,0,0,0,0,0,0,0,0,0,0,0,0,0,0,0,0,0,0,0,76447
1,1,1,1,1522,1135,-1048,-635,-46,96,-13,19,13,0,0,0,0,0,0,0,0,0,0,0,0,0,0,0,0,0,0,0,0,0,0,76457
1,1,1,1,1446,931,-845,-521,13,115,-13,19,14,0,0,0,0,0,0,0,0,0,0,0,0,0,0,0,0,0,0,0,0,0,0,76467
1,1,1,1,1456,839,-725,-600,47,59,-14,19,11,0,0,0,0,0,0,0,0,0,0,0,0,0,0,0,0,0,0,0,0,0,0,76477
1,1,1,1,1486,740,-703,-714,108,75,-15,19,9,0,0,0,0,0,0,0,0,0,0,0,0,0,0,0,0,0,0,0,0,0,0,76487
1,1,1,1,1545,670,-806,-957,187,138,-15,20,9,0,0,0,0,0,0,0,0,0,0,0,0,0,0,0,0,0,0,0,0,0,0,76497
1,1,1,1,1471,609,-1064,-1388,86,187,-14,20,14,0,0,0,0,0,0,0,0,0,0,0,0,0,0,0,0,0,0,0,0,0,0,76507
1,1,1,1,1500,794,-930,-1486,-47,192,-9,19,10,0,0,0,0,0,0,0,0,0,0,0,0,0,0,0,0,0,0,0,0,0,0,76517
1,1,1,1,1984,997,-843,-1119,-79,54,-9,21,11,0,0,0,0,0,0,0,0,0,0,0,0,0,0,0,0,0,0,0,0,0,0,76527
1,1,1,1,1824,1061,-956,-497,-221,104,-12,20,13,0,0,0,0,0,0,0,0,0,0,0,0,0,0,0,0,0,0,0,0,0,0,76537
1,1,1,1,1535,1023,-864,-295,-191,67,-15,22,10,0,0,0,0,0,0,0,0,0,0,0,0,0,0,0,0,0,0,0,0,0,0,76547
1,1,1,1,1437,948,-730,-414,-219,99,-17,22,15,0,0,0,0,0,0,0,0,0,0,0,0,0,0,0,0,0,0,0,0,0,0,76557
1,1,1,1,1480,850,-722,-598,-195,75,-16,20,15,0,0,0,0,0,0,0,0,0,0,0,0,0,0,0,0,0,0,0,0,0,0,76567
1,1,1,1,1543,860,-716,-669,-185,48,-16,21,14,0,0,0,0,0,0,0,0,0,0,0,0,0,0,0,0,0,0,0,0,0,0,76577
1,1,1,1,1496,970,-761,-585,-199,30,-13,17,17,0,0,0,0,0,0,0,0,0,0,0,0,0,0,0,0,0,0,0,0,0,0,76587
1,1,1,1,1421,1026,-760,-426,-208,-32,-13,19,14,0,0,0,0,0,0,0,0,0,0,0,0,0,0,0,0,0,0,0,0,0,0,76597
1,1,1,1,1453,1006,-760,-237,-192,-59,-11,19,16,0,0,0,0,0,0,0,0,0,0,0,0,0,0,0,0,0,0,0,0,0,0,76607
1,1,1,1,1509,845,-751,-164,-184,-44,-13,21,16,0,0,0,0,0,0,0,0,0,0,0,0,0,0,0,0,0,0,0,0,0,0,76637
1,1,1,1,1502,954,-812,-119,-195,-49,-9,19,17,0,0,0,0,0,0,0,0,0,0,0,0,0,0,0,0,0,0,0,0,0,0,76647
1,1,1,1,1474,992,-714,19,-216,-80,-11,19,17,0,0,0,0,0,0,0,0,0,0,0,0,0,0,0,0,0,0,0,0,0,0,76657
1,1,1,1,1436,932,-664,-1,-157,-64,-12,18,18,0,0,0,0,0,0,0,0,0,0,0,0,0,0,0,0,0,0,0,0,0,0,76667
1,1,1,1,1430,913,-652,0,-102,-44,-12,20,18,0,0,0,0,0,0,0,0,0,0,0,0,0,0,0,0,0,0,0,0,0,0,76677
1,1,1,1,1447,915,-680,12,-77,-70,-10,20,22,0,0,0,0,0,0,0,0,0,0,0,0,0,0,0,0,0,0,0,0,0,0,76687
1,1,1,1,1482,899,-740,23,-81,-107,-14,21,20,0,0,0,0,0,0,0,0,0,0,0,0,0,0,0,0,0,0,0,0,0,0,76697
1,1,1,1,1504,864,-820,-63,-98,-119,-13,21,23,0,0,0,0,0,0,0,0,0,0,0,0,0,0,0,0,0,0,0,0,0,0,76707
1,1,1,1,1545,888,-870,-85,-123,-122,-13,21,19,0,0,0,0,0,0,0,0,0,0,0,0,0,0,0,0,0,0,0,0,0,0,76717
1,1,1,1,1548,900,-856,-36,-129,-104,-12,21,18,0,0,0,0,0,0,0,0,0,0,0,0,0,0,0,0,0,0,0,0,0,0,76727
1,1,1,1,1544,885,-771,-51,-150,-95,-11,21,20,0,0,0,0,0,0,0,0,0,0,0,0,0,0,0,0,0,0,0,0,0,0,76737
1,1,1,1,1525,861,-730,-129,-172,-113,-10,21,22,0,0,0,0,0,0,0,0,0,0,0,0,0,0,0,0,0,0,0,0,0,0,76747
1,1,1,1,1493,930,-727,-62,-128,-94,-9,21,17,0,0,0,0,0,0,0,0,0,0,0,0,0,0,0,0,0,0,0,0,0,0,76757
1,1,1,1,1499,906,-709,49,-99,-80,-9,21,20,0,0,0,0,0,0,0,0,0,0,0,0,0,0,0,0,0,0,0,0,0,0,76767
1,1,1,1,1489,963,-733,165,-83,-99,-14,21,21,0,0,0,0,0,0,0,0,0,0,0,0,0,0,0,0,0,0,0,0,0,0,76777
1,1,1,1,1420,972,-751,149,-81,-115,-15,22,25,0,0,0,0,0,0,0,0,0,0,0,0,0,0,0,0,0,0,0,0,0,0,76787
1,1,1,1,1425,962,-806,90,-98,-132,-14,23,25,0,0,0,0,0,0,0,0,0,0,0,0,0,0,0,0,0,0,0,0,0,0,76797
1,1,1,1,1480,913,-829,39,-117,-145,-15,22,27,0,0,0,0,0,0,0,0,0,0,0,0,0,0,0,0,0,0,0,0,0,0,76807
1,1,1,1,1513,869,-836,-100,-166,-170,-17,22,28,0,0,0,0,0,0,0,0,0,0,0,0,0,0,0,0,0,0,0,0,0,0,76817
1,1,1,1,1511,879,-862,-206,-197,-171,-17,19,26,0,0,0,0,0,0,0,0,0,0,0,0,0,0,0,0,0,0,0,0,0,0,76827
1,1,1,1,1540,904,-847,-226,-200,-144,-16,22,27,0,0,0,0,0,0,0,0,0,0,0,0,0,0,0,0,0,0,0,0,0,0,76837
1,1,1,1,1507,931,-827,-228,-205,-139,-16,22,26,0,0,0,0,0,0,0,0,0,0,0,0,0,0,0,0,0,0,0,0,0,0,76847
1,1,1,1,1478,993,-809,-139,-189,-129,-12,16,25,0,0,0,0,0,0,0,0,0,0,0,0,0,0,0,0,0,0,0,0,0,0,76857
1,1,1,1,1463,933,-743,-150,-156,-121,-17,23,26,0,0,0,0,0,0,0,0,0,0,0,0,0,0,0,0,0,0,0,0,0,0,76867
1,1,1,1,1455,938,-741,-133,-134,-107,-11,18,23,0,0,0,0,0,0,0,0,0,0,0,0,0,0,0,0,0,0,0,0,0,0,76877
1,1,1,1,1447,908,-723,-145,-121,-106,-14,20,27,0,0,0,0,0,0,0,0,0,0,0,0,0,0,0,0,0,0,0,0,0,0,76887
1,1,1,1,1413,914,-701,-171,-104,-131,-16,23,30,0,0,0,0,0,0,0,0,0,0,0,0,0,0,0,0,0,0,0,0,0,0,76897
1,1,1,1,1397,941,-740,-265,-127,-154,-14,20,28,0,0,0,0,0,0,0,0,0,0,0,0,0,0,0,0,0,0,0,0,0,0,76907
1,1,1,1,1417,958,-817,-336,-136,-156,-17,22,34,0,0,0,0,0,0,0,0,0,0,0,0,0,0,0,0,0,0,0,0,0,0,76917
1,1,1,1,1431,988,-805,-278,-112,-144,-12,21,31,0,0,0,0,0,0,0,0,0,0,0,0,0,0,0,0,0,0,0,0,0,0,76927
1,1,1,1,1465,906,-767,-233,-115,-136,-13,23,30,0,0,0,0,0,0,0,0,0,0,0,0,0,0,0,0,0,0,0,0,0,0,76937
1,1,1,1,1496,923,-767,-174,-109,-135,-15,22,33,0,0,0,0,0,0,0,0,0,0,0,0,0,0,0,0,0,0,0,0,0,0,76947
1,1,1,1,1455,926,-763,-173,-119,-142,-15,24,35,0,0,0,0,0,0,0,0,0,0,0,0,0,0,0,0,0,0,0,0,0,0,76957
1,1,1,1,1458,957,-780,-171,-113,-131,-18,24,34,0,0,0,0,0,0,0,0,0,0,0,0,0,0,0,0,0,0,0,0,0,0,76967
1,1,1,1,1428,946,-720,-97,-90,-114,-16,23,33,0,0,0,0,0,0,0,0,0,0,0,0,0,0,0,0,0,0,0,0,0,0,76977
1,1,1,1,1391,934,-659,-83,-59,-111,-17,23,31,0,0,0,0,0,0,0,0,0,0,0,0,0,0,0,0,0,0,0,0,0,0,76987
1,1,1,1,1368,938,-721,-189,-61,-135,-17,22,32,0,0,0,0,0,0,0,0,0,0,0,0,0,0,0,0,0,0,0,0,0,0,76997
1,1,1,1,1408,983,-778,-209,-40,-117,-14,22,32,0,0,0,0,0,0,0,0,0,0,0,0,0,0,0,0,0,0,0,0,0,0,77007
1,1,1,1,1406,943,-728,-226,-19,-101,-16,23,32,0,0,0,0,0,0,0,0,0,0,0,0,0,0,0,0,0,0,0,0,0,0,77017
1,1,1,1,1393,929,-701,-251,-4,-75,-16,23,32,0,0,0,0,0,0,0,0,0,0,0,0,0,0,0,0,0,0,0,0,0,0,77027
1,1,1,1,1437,938,-707,-159,41,-51,-14,22,33,0,0,0,0,0,0,0,0,0,0,0,0,0,0,0,0,0,0,0,0,0,0,77037
1,1,1,1,1454,901,-745,-147,60,-33,-15,22,32,0,0,0,0,0,0,0,0,0,0,0,0,0,0,0,0,0,0,0,0,0,0,77047
1,1,1,1,1430,924,-740,-141,67,-2,-16,22,34,0,0,0,0,0,0,0,0,0,0,0,0,0,0,0,0,0,0,0,0,0,0,77057
1,1,1,1,1433,942,-686,-71,97,19,-14,21,31,0,0,0,0,0,0,0,0,0,0,0,0,0,0,0,0,0,0,0,0,0,0,77067
1,1,1,1,1440,900,-718,-91,95,22,-18,22,34,0,0,0,0,0,0,0,0,0,0,0,0,0,0,0,0,0,0,0,0,0,0,77077
1,1,1,1,1440,886,-833,-346,39,-32,-17,22,28,0,0,0,0,0,0,0,0,0,0,0,0,0,0,0,0,0,0,0,0,0,0,77087
1,1,1,1,1433,1013,-877,-473,0,-30,-16,22,26,0,0,0,0,0,0,0,0,0,0,0,0,0,0,0,0,0,0,0,0,0,0,77097
1,1,1,1,1428,1039,-750,-473,-7,11,-16,21,27,0,0,0,0,0,0,0,0,0,0,0,0,0,0,0,0,0,0,0,0,0,0,77107
1,1,1,1,1397,1078,-650,-403,1,18,-14,22,27,0,0,0,0,0,0,0,0,0,0,0,0,0,0,0,0,0,0,0,0,0,0,77117
1,1,1,1,1338,1126,-625,-309,33,16,-21,23,28,0,0,0,0,0,0,0,0,0,0,0,0,0,0,0,0,0,0,0,0,0,0,77127
1,1,1,1,1357,1078,-601,-376,54,-20,-18,21,29,0,0,0,0,0,0,0,0,0,0,0,0,0,0,0,0,0,0,0,0,0,0,77137
1,1,1,1,1439,1046,-671,-277,100,-38,-15,24,27,0,0,0,0,0,0,0,0,0,0,0,0,0,0,0,0,0,0,0,0,0,0,77147
1,1,1,1,1493,1025,-613,-23,133,-9,-12,20,26,0,0,0,0,0,0,0,0,0,0,0,0,0,0,0,0,0,0,0,0,0,0,77157
1,1,1,1,1526,906,-681,300,153,11,-13,22,26,0,0,0,0,0,0,0,0,0,0,0,0,0,0,0,0,0,0,0,0,0,0,77167
1,1,1,1,1588,788,-672,369,147,4,-12,21,25,0,0,0,0,0,0,0,0,0,0,0,0,0,0,0,0,0,0,0,0,0,0,77177
1,1,1,1,1520,834,-736,396,134,15,-12,21,23,0,0,0,0,0,0,0,0,0,0,0,0,0,0,0,0,0,0,0,0,0,0,77187
1,1,1,1,1399,876,-706,322,124,18,-13,19,18,0,0,0,0,0,0,0,0,0,0,0,0,0,0,0,0,0,0,0,0,0,0,77197
1,1,1,1,1357,921,-638,128,135,-1,-11,17,16,0,0,0,0,0,0,0,0,0,0,0,0,0,0,0,0,0,0,0,0,0,0,77207
1,1,1,1,1355,974,-571,-158,155,-63,-14,18,17,0,0,0,0,0,0,0,0,0,0,0,0,0,0,0,0,0,0,0,0,0,0,77217
1,1,1,1,1328,1019,-536,-553,167,-96,-14,16,8,0,0,0,0,0,0,0,0,0,0,0,0,0,0,0,0,0,0,0,0,0,0,77227
1,1,1,1,1461,1063,-456,-1264,155,-5,-47,15,2,0,0,0,0,0,0,0,0,0,0,0,0,0,0,0,0,0,0,0,0,0,0,77237
1,1,1,1,1697,1249,-385,-2987,216,74,-28,17,13,0,0,0,0,0,0,0,0,0,0,0,0,0,0,0,0,0,0,0,0,0,0,77247
1,1,1,1,1272,955,-735,-3642,292,94,-12,19,19,0,0,0,0,0,0,0,0,0,0,0,0,0,0,0,0,0,0,0,0,0,0,77257
1,1,1,1,1127,819,-819,-1970,214,64,-10,19,16,0,0,0,0,0,0,0,0,0,0,0,0,0,0,0,0,0,0,0,0,0,0,77267
1,1,1,1,1348,987,-622,-916,177,50,-15,17,13,0,0,0,0,0,0,0,0,0,0,0,0,0,0,0,0,0,0,0,0,0,0,77277
1,1,1,1,1447,1042,-518,-866,210,103,-14,18,11,0,0,0,0,0,0,0,0,0,0,0,0,0,0,0,0,0,0,0,0,0,0,77287
1,1,1,1,1421,1086,-468,-674,282,168,-12,18,7,0,0,0,0,0,0,0,0,0,0,0,0,0,0,0,0,0,0,0,0,0,0,77297
1,1,1,1,1406,1106,-449,-410,283,224,-12,19,10,0,0,0,0,0,0,0,0,0,0,0,0,0,0,0,0,0,0,0,0,0,0,77307
1,1,1,1,1539,977,-440,-465,174,139,-18,18,14,0,0,0,0,0,0,0,0,0,0,0,0,0,0,0,0,0,0,0,0,0,0,77317
1,1,1,1,1576,930,-531,-813,121,-47,-20,17,13,0,0,0,0,0,0,0,0,0,0,0,0,0,0,0,0,0,0,0,0,0,0,77327
1,1,1,1,1611,1015,-498,-1466,179,-142,-24,17,7,0,0,0,0,0,0,0,0,0,0,0,0,0,0,0,0,0,0,0,0,0,0,77337
1,1,1,1,1624,1107,-509,-2239,331,-112,-27,15,6,0,0,0,0,0,0,0,0,0,0,0,0,0,0,0,0,0,0,0,0,0,0,77347
1,1,1,1,1582,1153,-525,-2981,429,31,-18,14,-7,0,0,0,0,0,0,0,0,0,0,0,0,0,0,0,0,0,0,0,0,0,0,77357
1,1,1,1,1443,1161,-517,-2569,353,294,-11,12,-6,0,0,0,0,0,0,0,0,0,0,0,0,0,0,0,0,0,0,0,0,0,0,77367
1,1,1,1,1248,1020,-582,-1352,322,300,-10,11,0,0,0,0,0,0,0,0,0,0,0,0,0,0,0,0,0,0,0,0,0,0,0,77377
1,1,1,1,1160,974,-600,-482,400,163,-9,11,-3,0,0,0,0,0,0,0,0,0,0,0,0,0,0,0,0,0,0,0,0,0,0,77387
1,1,1,1,1258,998,-455,-39,409,60,-14,10,1,0,0,0,0,0,0,0,0,0,0,0,0,0,0,0,0,0,0,0,0,0,0,77397
1,1,1,1,1388,1080,-235,-146,357,12,-17,12,-3,0,0,0,0,0,0,0,0,0,0,0,0,0,0,0,0,0,0,0,0,0,0,77407
1,1,1,1,1494,1132,-106,-774,211,-48,-19,12,-3,0,0,0,0,0,0,0,0,0,0,0,0,0,0,0,0,0,0,0,0,0,0,77417
1,1,1,1,1522,1044,-74,-1325,84,-135,-20,11,-2,0,0,0,0,0,0,0,0,0,0,0,0,0,0,0,0,0,0,0,0,0,0,77427
1,1,1,1,1564,940,-37,-1722,38,-272,-25,15,2,0,0,0,0,0,0,0,0,0,0,0,0,0,0,0,0,0,0,0,0,0,0,77437
1,1,1,1,1590,847,35,-2160,12,-455,-21,14,2,0,0,0,0,0,0,0,0,0,0,0,0,0,0,0,0,0,0,0,0,0,0,77447
1,1,1,1,1534,844,14,-1968,-90,-588,-11,12,2,0,0,0,0,0,0,0,0,0,0,0,0,0,0,0,0,0,0,0,0,0,0,77457
1,1,1,1,1438,891,9,-1196,-299,-691,-9,9,1,0,0,0,0,0,0,0,0,0,0,0,0,0,0,0,0,0,0,0,0,0,0,77467
1,1,1,1,1417,928,39,-831,-458,-806,-12,12,-9,0,0,0,0,0,0,0,0,0,0,0,0,0,0,0,0,0,0,0,0,0,0,77477
1,1,1,1,1567,1110,-69,-729,-527,-738,-13,11,-13,0,0,0,0,0,0,0,0,0,0,0,0,0,0,0,0,0,0,0,0,0,0,77487
1,1,1,1,1589,1271,-156,-576,-483,-543,-11,9,-14,0,0,0,0,0,0,0,0,0,0,0,0,0,0,0,0,0,0,0,0,0,0,77497
1,1,1,1,1456,1186,-126,-477,-238,-392,-11,5,-18,0,0,0,0,0,0,0,0,0,0,0,0,0,0,0,0,0,0,0,0,0,0,77507
1,1,1,1,1410,1045,-64,-666,43,-290,-16,4,-13,0,0,0,0,0,0,0,0,0,0,0,0,0,0,0,0,0,0,0,0,0,0,77517
1,1,1,1,1335,852,-17,-1347,186,-249,-14,8,-9,0,0,0,0,0,0,0,0,0,0,0,0,0,0,0,0,0,0,0,0,0,0,77527
1,1,1,1,1368,914,-73,-1615,139,-372,-15,6,-13,0,0,0,0,0,0,0,0,0,0,0,0,0,0,0,0,0,0,0,0,0,0,77537
1,1,1,1,1440,786,-19,-1856,33,-410,-30,8,-18,0,0,0,0,0,0,0,0,0,0,0,0,0,0,0,0,0,0,0,0,0,0,77547
1,1,1,1,1119,543,144,-3094,-248,-222,-21,8,-14,0,0,0,0,0,0,0,0,0,0,0,0,0,0,0,0,0,0,0,0,0,0,77557
1,1,1,1,1259,1050,280,-3264,-435,-216,-17,8,-18,0,0,0,0,0,0,0,0,0,0,0,0,0,0,0,0,0,0,0,0,0,0,77567
1,1,1,1,1513,1110,207,-2783,-656,-380,-15,10,-9,0,0,0,0,0,0,0,0,0,0,0,0,0,0,0,0,0,0,0,0,0,0,77577
1,1,1,1,1481,1012,325,-2296,-946,-506,-11,9,-9,0,0,0,0,0,0,0,0,0,0,0,0,0,0,0,0,0,0,0,0,0,0,77587
1,1,1,1,1375,1129,394,-1859,-1237,-682,-8,9,-6,0,0,0,0,0,0,0,0,0,0,0,0,0,0,0,0,0,0,0,0,0,0,77597
1,1,1,1,1367,1239,383,-1053,-1369,-871,-8,8,-15,0,0,0,0,0,0,0,0,0,0,0,0,0,0,0,0,0,0,0,0,0,0,77607
1,1,1,1,1316,981,234,-966,-1388,-968,-12,8,-17,0,0,0,0,0,0,0,0,0,0,0,0,0,0,0,0,0,0,0,0,0,0,77617
1,1,1,1,1299,908,30,-1282,-1338,-997,-13,5,-9,0,0,0,0,0,0,0,0,0,0,0,0,0,0,0,0,0,0,0,0,0,0,77627
1,1,1,1,1253,1005,-174,-1481,-878,-936,-15,-1,-20,0,0,0,0,0,0,0,0,0,0,0,0,0,0,0,0,0,0,0,0,0,0,77637
1,1,1,1,1343,1353,-320,-1288,-277,-534,-11,0,-20,0,0,0,0,0,0,0,0,0,0,0,0,0,0,0,0,0,0,0,0,0,0,77647
1,1,1,1,1509,1285,-6,-923,-153,-205,-13,2,-17,0,0,0,0,0,0,0,0,0,0,0,0,0,0,0,0,0,0,0,0,0,0,77657
1,1,1,1,1525,987,215,-817,-261,-239,-12,3,-17,0,0,0,0,0,0,0,0,0,0,0,0,0,0,0,0,0,0,0,0,0,0,77667
1,1,1,1,1358,793,331,-839,-401,-371,-12,3,-19,0,0,0,0,0,0,0,0,0,0,0,0,0,0,0,0,0,0,0,0,0,0,77677
1,1,1,1,1307,838,366,-712,-427,-417,-10,2,-19,0,0,0,0,0,0,0,0,0,0,0,0,0,0,0,0,0,0,0,0,0,0,77687
1,1,1,1,1295,971,235,-487,-320,-345,-12,1,-19,0,0,0,0,0,0,0,0,0,0,0,0,0,0,0,0,0,0,0,0,0,0,77697
1,1,1,1,1213,885,225,-539,-89,-228,-10,2,-19,0,0,0,0,0,0,0,0,0,0,0,0,0,0,0,0,0,0,0,0,0,0,77707
1,1,1,1,1278,1075,214,-631,10,-381,-10,1,-19,0,0,0,0,0,0,0,0,0,0,0,0,0,0,0,0,0,0,0,0,0,0,77717
1,1,1,1,1306,1016,215,-678,-32,-583,-11,1,-20,0,0,0,0,0,0,0,0,0,0,0,0,0,0,0,0,0,0,0,0,0,0,77727
1,1,1,1,1225,860,343,-808,-67,-619,-12,1,-19,0,0,0,0,0,0,0,0,0,0,0,0,0,0,0,0,0,0,0,0,0,0,77737
1,1,1,1,1168,837,463,-882,-99,-603,-10,-1,-19,0,0,0,0,0,0,0,0,0,0,0,0,0,0,0,0,0,0,0,0,0,0,77747
1,1,1,1,1139,878,485,-922,-128,-567,-11,2,-19,0,0,0,0,0,0,0,0,0,0,0,0,0,0,0,0,0,0,0,0,0,0,77757
1,1,1,1,1206,943,411,-897,-146,-506,-9,5,-19,0,0,0,0,0,0,0,0,0,0,0,0,0,0,0,0,0,0,0,0,0,0,77767
1,1,1,1,1297,1119,315,-563,-169,-412,-11,3,-19,0,0,0,0,0,0,0,0,0,0,0,0,0,0,0,0,0,0,0,0,0,0,77777
1,1,1,1,1224,1020,282,-651,-94,-284,-13,6,-18,0,0,0,0,0,0,0,0,0,0,0,0,0,0,0,0,0,0,0,0,0,0,77787
1,1,1,1,1250,1099,282,-656,-99,-179,-12,4,-19,0,0,0,0,0,0,0,0,0,0,0,0,0,0,0,0,0,0,0,0,0,0,77797
1,1,1,1,1263,1093,288,-536,-61,-116,-12,0,-19,0,0,0,0,0,0,0,0,0,0,0,0,0,0,0,0,0,0,0,0,0,0,77807
1,1,1,1,1215,929,330,-760,-64,-140,-13,3,-20,0,0,0,0,0,0,0,0,0,0,0,0,0,0,0,0,0,0,0,0,0,0,77817
1,1,1,1,1219,946,445,-837,-161,-221,-11,3,-18,0,0,0,0,0,0,0,0,0,0,0,0,0,0,0,0,0,0,0,0,0,0,77827
1,1,1,1,1187,834,535,-1016,-267,-286,-8,3,-19,0,0,0,0,0,0,0,0,0,0,0,0,0,0,0,0,0,0,0,0,0,0,77837
1,1,1,1,1215,898,589,-862,-301,-281,-10,3,-19,0,0,0,0,0,0,0,0,0,0,0,0,0,0,0,0,0,0,0,0,0,0,77847
1,1,1,1,1203,901,620,-573,-332,-269,-11,3,-18,0,0,0,0,0,0,0,0,0,0,0,0,0,0,0,0,0,0,0,0,0,0,77857
1,1,1,1,1243,958,388,-529,-274,-203,-14,3,-19,0,0,0,0,0,0,0,0,0,0,0,0,0,0,0,0,0,0,0,0,0,0,77867
1,1,1,1,1285,1128,211,-495,-92,-85,-13,3,-18,0,0,0,0,0,0,0,0,0,0,0,0,0,0,0,0,0,0,0,0,0,0,77877
1,1,1,1,1261,1187,253,-566,-11,5,-14,3,-14,0,0,0,0,0,0,0,0,0,0,0,0,0,0,0,0,0,0,0,0,0,0,77887
1,1,1,1,1223,1130,374,-628,-48,42,-12,4,-19,0,0,0,0,0,0,0,0,0,0,0,0,0,0,0,0,0,0,0,0,0,0,77897
1,1,1,1,1211,1050,351,-583,-15,73,-12,4,-9,0,0,0,0,0,0,0,0,0,0,0,0,0,0,0,0,0,0,0,0,0,0,77907
1,1,1,1,1236,907,437,-523,3,54,-11,4,-17,0,0,0,0,0,0,0,0,0,0,0,0,0,0,0,0,0,0,0,0,0,0,77917
1,1,1,1,1240,829,604,-414,-106,36,-12,4,-8,0,0,0,0,0,0,0,0,0,0,0,0,0,0,0,0,0,0,0,0,0,0,77927
1,1,1,1,1224,686,510,-446,-90,-136,-11,5,-13,0,0,0,0,0,0,0,0,0,0,0,0,0,0,0,0,0,0,0,0,0,0,77937
1,1,1,1,1260,846,553,-479,-161,-202,-12,4,-11,0,0,0,0,0,0,0,0,0,0,0,0,0,0,0,0,0,0,0,0,0,0,77947
1,1,1,1,1195,909,516,-477,-168,-211,-12,4,-11,0,0,0,0,0,0,0,0,0,0,0,0,0,0,0,0,0,0,0,0,0,0,77957
1,1,1,1,1189,1011,483,-495,-137,-161,-14,4,-13,0,0,0,0,0,0,0,0,0,0,0,0,0,0,0,0,0,0,0,0,0,0,77967
1,1,1,1,1238,1013,400,-518,-86,-125,-17,5,-6,0,0,0,0,0,0,0,0,0,0,0,0,0,0,0,0,0,0,0,0,0,0,77977
1,1,1,1,1203,1032,428,-591,-65,-112,-16,5,0,0,0,0,0,0,0,0,0,0,0,0,0,0,0,0,0,0,0,0,0,0,0,77987
1,1,1,1,1177,943,533,-657,-93,-132,-13,5,1,0,0,0,0,0,0,0,0,0,0,0,0,0,0,0,0,0,0,0,0,0,0,77997
1,1,1,1,1174,875,594,-655,-122,-154,-16,7,3,0,0,0,0,0,0,0,0,0,0,0,0,0,0,0,0,0,0,0,0,0,0,78007
1,1,1,1,1219,751,636,-600,-150,-170,-17,7,5,0,0,0,0,0,0,0,0,0,0,0,0,0,0,0,0,0,0,0,0,0,0,78017
1,1,1,1,1266,752,611,-513,-196,-190,-17,5,9,0,0,0,0,0,0,0,0,0,0,0,0,0,0,0,0,0,0,0,0,0,0,78027
1,1,1,1,1272,822,484,-368,-168,-132,-18,2,-2,0,0,0,0,0,0,0,0,0,0,0,0,0,0,0,0,0,0,0,0,0,0,78037
1,1,1,1,1318,868,432,-228,-103,-37,-18,1,-2,0,0,0,0,0,0,0,0,0,0,0,0,0,0,0,0,0,0,0,0,0,0,78047
1,1,1,1,1280,919,426,-148,-60,30,-16,0,-3,0,0,0,0,0,0,0,0,0,0,0,0,0,0,0,0,0,0,0,0,0,0,78057
1,1,1,1,1191,931,506,-183,-66,36,-20,1,0,0,0,0,0,0,0,0,0,0,0,0,0,0,0,0,0,0,0,0,0,0,0,78067
1,1,1,1,1140,938,565,-304,-120,1,-22,3,1,0,0,0,0,0,0,0,0,0,0,0,0,0,0,0,0,0,0,0,0,0,0,78077
1,1,1,1,1107,899,577,-464,-170,-50,-23,-2,0,0,0,0,0,0,0,0,0,0,0,0,0,0,0,0,0,0,0,0,0,0,0,78087
1,1,1,1,1195,859,581,-523,-201,-86,-26,1,1,0,0,0,0,0,0,0,0,0,0,0,0,0,0,0,0,0,0,0,0,0,0,78097
1,1,1,1,1215,885,579,-420,-167,-45,-26,-1,0,0,0,0,0,0,0,0,0,0,0,0,0,0,0,0,0,0,0,0,0,0,0,78107
1,1,1,1,1224,821,610,-321,-159,-27,-25,-5,2,0,0,0,0,0,0,0,0,0,0,0,0,0,0,0,0,0,0,0,0,0,0,78117
1,1,1,1,1280,848,587,-287,-155,-28,-24,-6,1,0,0,0,0,0,0,0,0,0,0,0,0,0,0,0,0,0,0,0,0,0,0,78127
1,1,1,1,1290,955,474,-204,-78,27,-24,-7,0,0,0,0,0,0,0,0,0,0,0,0,0,0,0,0,0,0,0,0,0,0,0,78137
1,1,1,1,1276,956,511,-187,-63,35,-24,-7,1,0,0,0,0,0,0,0,0,0,0,0,0,0,0,0,0,0,0,0,0,0,0,78147
1,1,1,1,1226,911,582,-255,-88,6,-24,-6,1,0,0,0,0,0,0,0,0,0,0,0,0,0,0,0,0,0,0,0,0,0,0,78157
1,1,1,1,1195,911,602,-311,-98,-21,-24,-7,4,0,0,0,0,0,0,0,0,0,0,0,0,0,0,0,0,0,0,0,0,0,0,78167
1,1,1,1,1232,855,623,-301,-98,-18,-25,-7,6,0,0,0,0,0,0,0,0,0,0,0,0,0,0,0,0,0,0,0,0,0,0,78177
1,1,1,1,1279,853,582,-233,-75,-1,-26,-6,5,0,0,0,0,0,0,0,0,0,0,0,0,0,0,0,0,0,0,0,0,0,0,78187
1,1,1,1,1230,851,586,-208,-49,16,-26,-5,7,0,0,0,0,0,0,0,0,0,0,0,0,0,0,0,0,0,0,0,0,0,0,78197
1,1,1,1,1254,861,590,-216,-52,20,-25,-6,6,0,0,0,0,0,0,0,0,0,0,0,0,0,0,0,0,0,0,0,0,0,0,78207
1,1,1,1,1278,886,551,-168,-35,43,-27,-5,6,0,0,0,0,0,0,0,0,0,0,0,0,0,0,0,0,0,0,0,0,0,0,78217
1,1,1,1,1245,838,567,-181,-30,36,-27,-5,10,0,0,0,0,0,0,0,0,0,0,0,0,0,0,0,0,0,0,0,0,0,0,78227
1,1,1,1,1243,892,575,-227,-32,35,-28,-5,12,0,0,0,0,0,0,0,0,0,0,0,0,0,0,0,0,0,0,0,0,0,0,78237
1,1,1,1,1233,900,572,-270,-58,40,-30,-4,15,0,0,0,0,0,0,0,0,0,0,0,0,0,0,0,0,0,0,0,0,0,0,78247
1,1,1,1,1198,847,634,-382,-96,5,-32,-4,20,0,0,0,0,0,0,0,0,0,0,0,0,0,0,0,0,0,0,0,0,0,0,78257
1,1,1,1,1224,780,615,-412,-101,6,-34,-4,20,0,0,0,0,0,0,0,0,0,0,0,0,0,0,0,0,0,0,0,0,0,0,78267
1,1,1,1,1254,748,631,-363,-104,36,-35,-3,23,0,0,0,0,0,0,0,0,0,0,0,0,0,0,0,0,0,0,0,0,0,0,78277
1,1,1,1,1248,738,635,-305,-110,60,-36,-3,27,0,0,0,0,0,0,0,0,0,0,0,0,0,0,0,0,0,0,0,0,0,0,78287
1,1,1,1,1233,742,635,-229,-107,93,-36,-3,24,0,0,0,0,0,0,0,0,0,0,0,0,0,0,0,0,0,0,0,0,0,0,78297
1,1,1,1,1275,771,582,-167,-88,125,-36,-5,26,0,0,0,0,0,0,0,0,0,0,0,0,0,0,0,0,0,0,0,0,0,0,78307
1,1,1,1,1284,788,531,-93,-43,183,-37,-3,27,0,0,0,0,0,0,0,0,0,0,0,0,0,0,0,0,0,0,0,0,0,0,78317
1,1,1,1,1186,757,603,-96,-48,191,-37,-3,26,0,0,0,0,0,0,0,0,0,0,0,0,0,0,0,0,0,0,0,0,0,0,78327
1,1,1,1,1183,761,645,-117,-73,196,-41,-3,27,0,0,0,0,0,0,0,0,0,0,0,0,0,0,0,0,0,0,0,0,0,0,78337
1,1,1,1,1246,746,604,-130,-80,207,-42,-5,33,0,0,0,0,0,0,0,0,0,0,0,0,0,0,0,0,0,0,0,0,0,0,78347
1,1,1,1,1278,765,591,-174,-93,205,-43,-4,28,0,0,0,0,0,0,0,0,0,0,0,0,0,0,0,0,0,0,0,0,0,0,78357
1,1,1,1,1302,784,632,-180,-104,220,-44,-5,32,0,0,0,0,0,0,0,0,0,0,0,0,0,0,0,0,0,0,0,0,0,0,78367
1,1,1,1,1321,752,646,-167,-102,227,-48,-2,35,0,0,0,0,0,0,0,0,0,0,0,0,0,0,0,0,0,0,0,0,0,0,78377
1,1,1,1,1320,786,632,-156,-106,224,-49,-4,34,0,0,0,0,0,0,0,0,0,0,0,0,0,0,0,0,0,0,0,0,0,0,78387
1,1,1,1,1301,841,606,-136,-88,236,-49,-5,33,0,0,0,0,0,0,0,0,0,0,0,0,0,0,0,0,0,0,0,0,0,0,78397
1,1,1,1,1282,828,609,-133,-72,239,-50,-6,35,0,0,0,0,0,0,0,0,0,0,0,0,0,0,0,0,0,0,0,0,0,0,78407
1,1,1,1,1265,818,633,-157,-78,224,-48,-6,32,0,0,0,0,0,0,0,0,0,0,0,0,0,0,0,0,0,0,0,0,0,0,78417
1,1,1,1,1259,807,640,-180,-82,212,-47,-5,35,0,0,0,0,0,0,0,0,0,0,0,0,0,0,0,0,0,0,0,0,0,0,78427
1,1,1,1,1292,789,629,-231,-89,194,-47,-5,37,0,0,0,0,0,0,0,0,0,0,0,0,0,0,0,0,0,0,0,0,0,0,78437
1,1,1,1,1328,753,623,-249,-86,187,-46,-6,39,0,0,0,0,0,0,0,0,0,0,0,0,0,0,0,0,0,0,0,0,0,0,78447
1,1,1,1,1319,702,670,-228,-84,197,-50,-5,40,0,0,0,0,0,0,0,0,0,0,0,0,0,0,0,0,0,0,0,0,0,0,78457
1,1,1,1,1298,687,669,-221,-80,221,-48,-5,39,0,0,0,0,0,0,0,0,0,0,0,0,0,0,0,0,0,0,0,0,0,0,78467
1,1,1,1,1298,687,669,-193,-67,253,-50,-5,43,0,0,0,0,0,0,0,0,0,0,0,0,0,0,0,0,0,0,0,0,0,0,78477
1,1,1,1,1312,664,658,-112,-59,290,-50,-5,41,0,0,0,0,0,0,0,0,0,0,0,0,0,0,0,0,0,0,0,0,0,0,78487
1,1,1,1,1339,692,621,-50,-48,311,-50,-5,41,0,0,0,0,0,0,0,0,0,0,0,0,0,0,0,0,0,0,0,0,0,0,78497
1,1,1,1,1315,767,623,-47,-55,316,-48,-4,43,0,0,0,0,0,0,0,0,0,0,0,0,0,0,0,0,0,0,0,0,0,0,78507
1,1,1,1,1288,749,637,-93,-78,307,-48,-4,41,0,0,0,0,0,0,0,0,0,0,0,0,0,0,0,0,0,0,0,0,0,0,78517
1,1,1,1,1319,732,642,-133,-90,286,-48,-4,40,0,0,0,0,0,0,0,0,0,0,0,0,0,0,0,0,0,0,0,0,0,0,78527
1,1,1,1,1337,727,648,-126,-97,288,-50,-3,42,0,0,0,0,0,0,0,0,0,0,0,0,0,0,0,0,0,0,0,0,0,0,78537
1,1,1,1,1349,695,686,-80,-100,293,-47,-4,45,0,0,0,0,0,0,0,0,0,0,0,0,0,0,0,0,0,0,0,0,0,0,78547
1,1,1,1,1379,706,667,-36,-85,295,-49,-4,45,0,0,0,0,0,0,0,0,0,0,0,0,0,0,0,0,0,0,0,0,0,0,78557
1,1,1,1,1367,728,656,-49,-82,280,-48,-4,47,0,0,0,0,0,0,0,0,0,0,0,0,0,0,0,0,0,0,0,0,0,0,78567
1,1,1,1,1359,741,658,-87,-80,257,-51,-4,47,0,0,0,0,0,0,0,0,0,0,0,0,0,0,0,0,0,0,0,0,0,0,78577
1,1,1,1,1355,748,650,-107,-82,240,-49,-3,48,0,0,0,0,0,0,0,0,0,0,0,0,0,0,0,0,0,0,0,0,0,0,78587
1,1,1,1,1354,717,673,-108,-78,230,-49,-4,48,0,0,0,0,0,0,0,0,0,0,0,0,0,0,0,0,0,0,0,0,0,0,78597
1,1,1,1,1346,707,674,-129,-81,217,-47,-3,47,0,0,0,0,0,0,0,0,0,0,0,0,0,0,0,0,0,0,0,0,0,0,78607
1,1,1,1,1358,735,647,-174,-79,205,-48,-3,49,0,0,0,0,0,0,0,0,0,0,0,0,0,0,0,0,0,0,0,0,0,0,78617
1,1,1,1,1386,678,651,-209,-73,190,-47,-3,51,0,0,0,0,0,0,0,0,0,0,0,0,0,0,0,0,0,0,0,0,0,0,78627
1,1,1,1,1391,658,669,-162,-65,207,-47,-5,49,0,0,0,0,0,0,0,0,0,0,0,0,0,0,0,0,0,0,0,0,0,0,78637
1,1,1,1,1382,619,670,-101,-65,232,-47,-3,50,0,0,0,0,0,0,0,0,0,0,0,0,0,0,0,0,0,0,0,0,0,0,78647
1,1,1,1,1390,598,657,-36,-56,258,-45,-2,47,0,0,0,0,0,0,0,0,0,0,0,0,0,0,0,0,0,0,0,0,0,0,78657
1,1,1,1,1398,597,656,53,-44,285,-48,0,52,0,0,0,0,0,0,0,0,0,0,0,0,0,0,0,0,0,0,0,0,0,0,78667
1,1,1,1,1386,654,652,141,-12,299,-48,0,49,0,0,0,0,0,0,0,0,0,0,0,0,0,0,0,0,0,0,0,0,0,0,78687
1,1,1,1,1382,700,640,76,-13,262,-47,-3,47,0,0,0,0,0,0,0,0,0,0,0,0,0,0,0,0,0,0,0,0,0,0,78697
1,1,1,1,1380,737,642,8,-28,224,-46,-1,45,0,0,0,0,0,0,0,0,0,0,0,0,0,0,0,0,0,0,0,0,0,0,78707
1,1,1,1,1391,733,654,-17,-22,194,-46,0,45,0,0,0,0,0,0,0,0,0,0,0,0,0,0,0,0,0,0,0,0,0,0,78717
1,1,1,1,1404,713,658,-47,-20,152,-44,-1,46,0,0,0,0,0,0,0,0,0,0,0,0,0,0,0,0,0,0,0,0,0,0,78727
1,1,1,1,1414,735,666,-53,-24,120,-44,-1,43,0,0,0,0,0,0,0,0,0,0,0,0,0,0,0,0,0,0,0,0,0,0,78737
1,1,1,1,1420,721,665,-30,-21,93,-43,-1,45,0,0,0,0,0,0,0,0,0,0,0,0,0,0,0,0,0,0,0,0,0,0,78747
1,1,1,1,1417,693,677,-7,-19,73,-42,-1,46,0,0,0,0,0,0,0,0,0,0,0,0,0,0,0,0,0,0,0,0,0,0,78757
1,1,1,1,1387,679,688,27,-11,59,-44,-1,47,0,0,0,0,0,0,0,0,0,0,0,0,0,0,0,0,0,0,0,0,0,0,78767
1,1,1,1,1387,668,673,43,-8,50,-46,-1,45,0,0,0,0,0,0,0,0,0,0,0,0,0,0,0,0,0,0,0,0,0,0,78777
1,1,1,1,1397,661,653,34,-3,40,-46,-1,47,0,0,0,0,0,0,0,0,0,0,0,0,0,0,0,0,0,0,0,0,0,0,78787
1,1,1,1,1395,653,639,9,0,37,-45,-1,51,0,0,0,0,0,0,0,0,0,0,0,0,0,0,0,0,0,0,0,0,0,0,78797
1,1,1,1,1411,655,619,-32,1,19,-47,0,49,0,0,0,0,0,0,0,0,0,0,0,0,0,0,0,0,0,0,0,0,0,0,78807
1,1,1,1,1414,661,628,-59,3,9,-45,-1,46,0,0,0,0,0,0,0,0,0,0,0,0,0,0,0,0,0,0,0,0,0,0,78817
1,1,1,1,1430,642,637,-51,-6,4,-43,-1,46,0,0,0,0,0,0,0,0,0,0,0,0,0,0,0,0,0,0,0,0,0,0,78827
1,1,1,1,1439,641,633,-36,-3,0,-42,0,46,0,0,0,0,0,0,0,0,0,0,0,0,0,0,0,0,0,0,0,0,0,0,78837
1,1,1,1,1431,634,653,-13,-5,-6,-44,-2,45,0,0,0,0,0,0,0,0,0,0,0,0,0,0,0,0,0,0,0,0,0,0,78847
1,1,1,1,1427,603,671,33,-1,7,-45,0,46,0,0,0,0,0,0,0,0,0,0,0,0,0,0,0,0,0,0,0,0,0,0,78857
1,1,1,1,1429,596,663,74,-6,14,-45,-1,49,0,0,0,0,0,0,0,0,0,0,0,0,0,0,0,0,0,0,0,0,0,0,78867
1,1,1,1,1417,591,660,109,-6,32,-46,0,49,0,0,0,0,0,0,0,0,0,0,0,0,0,0,0,0,0,0,0,0,0,0,78877
1,1,1,1,1394,598,664,120,4,57,-46,-1,49,0,0,0,0,0,0,0,0,0,0,0,0,0,0,0,0,0,0,0,0,0,0,78887
1,1,1,1,1404,603,630,92,8,65,-47,0,50,0,0,0,0,0,0,0,0,0,0,0,0,0,0,0,0,0,0,0,0,0,0,78897
1,1,1,1,1428,619,602,65,15,68,-46,1,51,0,0,0,0,0,0,0,0,0,0,0,0,0,0,0,0,0,0,0,0,0,0,78907
1,1,1,1,1421,603,612,26,12,65,-46,1,50,0,0,0,0,0,0,0,0,0,0,0,0,0,0,0,0,0,0,0,0,0,0,78917
1,1,1,1,1418,613,636,15,-1,62,-45,1,53,0,0,0,0,0,0,0,0,0,0,0,0,0,0,0,0,0,0,0,0,0,0,78927
1,1,1,1,1426,622,640,37,-5,72,-49,2,52,0,0,0,0,0,0,0,0,0,0,0,0,0,0,0,0,0,0,0,0,0,0,78937
1,1,1,1,1434,634,618,35,-1,76,-49,3,51,0,0,0,0,0,0,0,0,0,0,0,0,0,0,0,0,0,0,0,0,0,0,78947
1,1,1,1,1412,635,645,17,-10,75,-45,0,49,0,0,0,0,0,0,0,0,0,0,0,0,0,0,0,0,0,0,0,0,0,0,78957
1,1,1,1,1404,621,669,21,-3,85,-47,2,54,0,0,0,0,0,0,0,0,0,0,0,0,0,0,0,0,0,0,0,0,0,0,78967
1,1,1,1,1410,616,653,20,2,92,-45,0,52,0,0,0,0,0,0,0,0,0,0,0,0,0,0,0,0,0,0,0,0,0,0,78977
1,1,1,1,1432,611,634,20,7,98,-47,1,52,0,0,0,0,0,0,0,0,0,0,0,0,0,0,0,0,0,0,0,0,0,0,78987
1,1,1,1,1425,592,640,16,16,100,-44,-2,51,0,0,0,0,0,0,0,0,0,0,0,0,0,0,0,0,0,0,0,0,0,0,78997
1,1,1,1,1415,607,635,0,10,110,-45,2,51,0,0,0,0,0,0,0,0,0,0,0,0,0,0,0,0,0,0,0,0,0,0,79007
1,1,1,1,1405,626,659,-10,-6,141,-47,1,51,0,0,0,0,0,0,0,0,0,0,0,0,0,0,0,0,0,0,0,0,0,0,79017
1,1,1,1,1403,669,655,4,-18,197,-45,1,52,0,0,0,0,0,0,0,0,0,0,0,0,0,0,0,0,0,0,0,0,0,0,79027
1,1,1,1,1417,692,660,35,-15,273,-44,1,52,0,0,0,0,0,0,0,0,0,0,0,0,0,0,0,0,0,0,0,0,0,0,79037
1,1,1,1,1423,787,653,83,-31,432,-42,0,49,0,0,0,0,0,0,0,0,0,0,0,0,0,0,0,0,0,0,0,0,0,0,79047
1,1,1,1,1421,863,630,143,-27,592,-45,1,48,0,0,0,0,0,0,0,0,0,0,0,0,0,0,0,0,0,0,0,0,0,0,79057
1,1,1,1,1424,845,629,161,-15,755,-43,-2,36,0,0,0,0,0,0,0,0,0,0,0,0,0,0,0,0,0,0,0,0,0,0,79067
1,1,1,1,1413,1130,641,252,-53,1127,-44,-5,26,0,0,0,0,0,0,0,0,0,0,0,0,0,0,0,0,0,0,0,0,0,0,79077
1,1,1,1,1515,-1066,618,-472,44,-290,-45,-4,39,0,0,0,0,0,0,0,0,0,0,0,0,0,0,0,0,0,0,0,0,0,0,79097
1,1,1,1,1883,929,250,-244,56,-113,-40,3,38,0,0,0,0,0,0,0,0,0,0,0,0,0,0,0,0,0,0,0,0,0,0,79107
1,1,1,1,1222,580,921,-266,-26,-54,-42,-2,41,0,0,0,0,0,0,0,0,0,0,0,0,0,0,0,0,0,0,0,0,0,0,79117
1,1,1,1,1537,368,500,-483,-19,-171,-39,-2,37,0,0,0,0,0,0,0,0,0,0,0,0,0,0,0,0,0,0,0,0,0,0,79127
1,1,1,1,1512,448,675,-345,-17,-110,-37,-4,29,0,0,0,0,0,0,0,0,0,0,0,0,0,0,0,0,0,0,0,0,0,0,79137
1,1,1,1,1439,465,746,-135,-36,-40,-38,-5,25,0,0,0,0,0,0,0,0,0,0,0,0,0,0,0,0,0,0,0,0,0,0,79147
1,1,1,1,1485,342,640,-4,-5,34,-37,-8,22,0,0,0,0,0,0,0,0,0,0,0,0,0,0,0,0,0,0,0,0,0,0,79157
1,1,1,1,1485,480,576,79,-6,24,-37,-14,10,0,0,0,0,0,0,0,0,0,0,0,0,0,0,0,0,0,0,0,0,0,0,79167
1,1,1,1,1453,546,613,135,-8,11,-37,-26,-14,0,0,0,0,0,0,0,0,0,0,0,0,0,0,0,0,0,0,0,0,0,0,79177
1,1,1,1,1423,583,675,180,-12,6,-40,-33,-17,0,0,0,0,0,0,0,0,0,0,0,0,0,0,0,0,0,0,0,0,0,0,79187
1,1,1,1,1404,518,724,177,-54,-42,-44,-42,-19,0,0,0,0,0,0,0,0,0,0,0,0,0,0,0,0,0,0,0,0,0,0,79197
1,1,1,1,1426,716,582,175,-36,34,-44,-40,-22,0,0,0,0,0,0,0,0,0,0,0,0,0,0,0,0,0,0,0,0,0,0,79207
1,1,1,1,1457,702,572,196,8,140,-46,-37,-19,0,0,0,0,0,0,0,0,0,0,0,0,0,0,0,0,0,0,0,0,0,0,79217
1,1,1,1,1439,556,598,54,-13,51,-43,-35,-19,0,0,0,0,0,0,0,0,0,0,0,0,0,0,0,0,0,0,0,0,0,0,79227
1,1,1,1,1512,603,672,76,-16,72,-43,-33,-19,0,0,0,0,0,0,0,0,0,0,0,0,0,0,0,0,0,0,0,0,0,0,79237
1,1,1,1,1429,552,708,74,-34,73,-45,-29,-19,0,0,0,0,0,0,0,0,0,0,0,0,0,0,0,0,0,0,0,0,0,0,79247
1,1,1,1,1582,593,605,75,-11,64,-40,-33,-19,0,0,0,0,0,0,0,0,0,0,0,0,0,0,0,0,0,0,0,0,0,0,79257
1,1,1,1,1575,589,555,107,33,75,-37,-33,-19,0,0,0,0,0,0,0,0,0,0,0,0,0,0,0,0,0,0,0,0,0,0,79267
1,1,1,1,1508,554,626,108,38,68,-34,-28,-19,0,0,0,0,0,0,0,0,0,0,0,0,0,0,0,0,0,0,0,0,0,0,79277
1,1,1,1,1462,512,674,163,42,66,-31,-28,-19,0,0,0,0,0,0,0,0,0,0,0,0,0,0,0,0,0,0,0,0,0,0,79287
1,1,1,1,1435,567,672,199,18,36,-28,-29,-20,0,0,0,0,0,0,0,0,0,0,0,0,0,0,0,0,0,0,0,0,0,0,79307
1,1,1,1,1461,593,642,181,17,6,-30,-29,-23,0,0,0,0,0,0,0,0,0,0,0,0,0,0,0,0,0,0,0,0,0,0,79317
1,1,1,1,1475,586,644,119,14,-50,-30,-30,-19,0,0,0,0,0,0,0,0,0,0,0,0,0,0,0,0,0,0,0,0,0,0,79327
1,1,1,1,1494,598,650,92,16,-58,-31,-31,-20,0,0,0,0,0,0,0,0,0,0,0,0,0,0,0,0,0,0,0,0,0,0,79337
1,1,1,1,1494,603,629,76,6,-44,-31,-30,-21,0,0,0,0,0,0,0,0,0,0,0,0,0,0,0,0,0,0,0,0,0,0,79347
1,1,1,1,1483,593,591,46,19,-51,-32,-32,-19,0,0,0,0,0,0,0,0,0,0,0,0,0,0,0,0,0,0,0,0,0,0,79357
1,1,1,1,1461,577,613,18,34,-53,-29,-30,-19,0,0,0,0,0,0,0,0,0,0,0,0,0,0,0,0,0,0,0,0,0,0,79367
1,1,1,1,1467,536,637,49,40,-35,-29,-29,-18,0,0,0,0,0,0,0,0,0,0,0,0,0,0,0,0,0,0,0,0,0,0,79377
1,1,1,1,1430,503,688,83,43,-44,-29,-29,-20,0,0,0,0,0,0,0,0,0,0,0,0,0,0,0,0,0,0,0,0,0,0,79387
1,1,1,1,1429,557,679,99,40,-37,-30,-31,-23,0,0,0,0,0,0,0,0,0,0,0,0,0,0,0,0,0,0,0,0,0,0,79397
1,1,1,1,1462,587,654,111,25,-15,-28,-32,-23,0,0,0,0,0,0,0,0,0,0,0,0,0,0,0,0,0,0,0,0,0,0,79407
1,1,1,1,1478,560,626,95,19,-17,-31,-33,-28,0,0,0,0,0,0,0,0,0,0,0,0,0,0,0,0,0,0,0,0,0,0,79417
1,1,1,1,1488,590,603,59,22,-28,-32,-36,-24,0,0,0,0,0,0,0,0,0,0,0,0,0,0,0,0,0,0,0,0,0,0,79427
1,1,1,1,1479,607,584,16,22,-50,-32,-37,-28,0,0,0,0,0,0,0,0,0,0,0,0,0,0,0,0,0,0,0,0,0,0,79437
1,1,1,1,1474,618,574,-33,20,-78,-31,-37,-34,0,0,0,0,0,0,0,0,0,0,0,0,0,0,0,0,0,0,0,0,0,0,79447
1,1,1,1,1417,601,639,-40,14,-79,-32,-35,-31,0,0,0,0,0,0,0,0,0,0,0,0,0,0,0,0,0,0,0,0,0,0,79457
1,1,1,1,1404,597,670,-9,-5,-49,-31,-37,-30,0,0,0,0,0,0,0,0,0,0,0,0,0,0,0,0,0,0,0,0,0,0,79467
1,1,1,1,1428,576,672,17,-21,-32,-32,-37,-27,0,0,0,0,0,0,0,0,0,0,0,0,0,0,0,0,0,0,0,0,0,0,79477
1,1,1,1,1449,559,664,38,-24,-29,-31,-39,-24,0,0,0,0,0,0,0,0,0,0,0,0,0,0,0,0,0,0,0,0,0,0,79487
1,1,1,1,1468,559,647,47,-26,-23,-35,-42,-29,0,0,0,0,0,0,0,0,0,0,0,0,0,0,0,0,0,0,0,0,0,0,79497
1,1,1,1,1483,579,617,49,-26,-16,-35,-44,-34,0,0,0,0,0,0,0,0,0,0,0,0,0,0,0,0,0,0,0,0,0,0,79507
1,1,1,1,1467,568,613,41,-19,-20,-37,-45,-39,0,0,0,0,0,0,0,0,0,0,0,0,0,0,0,0,0,0,0,0,0,0,79517
1,1,1,1,1440,600,615,8,-15,-38,-38,-48,-37,0,0,0,0,0,0,0,0,0,0,0,0,0,0,0,0,0,0,0,0,0,0,79527
1,1,1,1,1429,645,612,-25,-27,-47,-41,-45,-39,0,0,0,0,0,0,0,0,0,0,0,0,0,0,0,0,0,0,0,0,0,0,79537
1,1,1,1,1430,625,635,-39,-30,-54,-41,-46,-37,0,0,0,0,0,0,0,0,0,0,0,0,0,0,0,0,0,0,0,0,0,0,79547
1,1,1,1,1437,587,661,-29,-33,-66,-41,-49,-40,0,0,0,0,0,0,0,0,0,0,0,0,0,0,0,0,0,0,0,0,0,0,79557
1,1,1,1,1460,589,654,7,-34,-63,-42,-49,-37,0,0,0,0,0,0,0,0,0,0,0,0,0,0,0,0,0,0,0,0,0,0,79567
1,1,1,1,1466,552,655,65,-17,-44,-41,-55,-43,0,0,0,0,0,0,0,0,0,0,0,0,0,0,0,0,0,0,0,0,0,0,79577
1,1,1,1,1464,579,652,105,-19,-47,-46,-54,-44,0,0,0,0,0,0,0,0,0,0,0,0,0,0,0,0,0,0,0,0,0,0,79587
1,1,1,1,1468,597,620,106,-12,-41,-50,-57,-48,0,0,0,0,0,0,0,0,0,0,0,0,0,0,0,0,0,0,0,0,0,0,79597
1,1,1,1,1470,600,604,75,-19,-52,-49,-62,-49,0,0,0,0,0,0,0,0,0,0,0,0,0,0,0,0,0,0,0,0,0,0,79607
1,1,1,1,1465,602,602,48,-14,-63,-47,-66,-54,0,0,0,0,0,0,0,0,0,0,0,0,0,0,0,0,0,0,0,0,0,0,79617
1,1,1,1,1439,622,614,28,-11,-63,-47,-63,-54,0,0,0,0,0,0,0,0,0,0,0,0,0,0,0,0,0,0,0,0,0,0,79627
1,1,1,1,1427,589,638,29,-16,-53,-45,-67,-55,0,0,0,0,0,0,0,0,0,0,0,0,0,0,0,0,0,0,0,0,0,0,79637
1,1,1,1,1442,577,636,39,-25,-50,-45,-66,-55,0,0,0,0,0,0,0,0,0,0,0,0,0,0,0,0,0,0,0,0,0,0,79647
1,1,1,1,1458,580,611,47,-18,-40,-47,-66,-53,0,0,0,0,0,0,0,0,0,0,0,0,0,0,0,0,0,0,0,0,0,0,79657
1,1,1,1,1457,568,629,70,-16,-30,-47,-67,-54,0,0,0,0,0,0,0,0,0,0,0,0,0,0,0,0,0,0,0,0,0,0,79667
1,1,1,1,1457,568,629,105,-23,-32,-47,-70,-58,0,0,0,0,0,0,0,0,0,0,0,0,0,0,0,0,0,0,0,0,0,0,79677
1,1,1,1,1457,575,642,117,-21,-33,-48,-73,-61,0,0,0,0,0,0,0,0,0,0,0,0,0,0,0,0,0,0,0,0,0,0,79687
1,1,1,1,1451,585,624,98,-18,-47,-50,-75,-62,0,0,0,0,0,0,0,0,0,0,0,0,0,0,0,0,0,0,0,0,0,0,79697
1,1,1,1,1484,567,581,52,-5,-90,-48,-76,-62,0,0,0,0,0,0,0,0,0,0,0,0,0,0,0,0,0,0,0,0,0,0,79707
1,1,1,1,1483,562,575,-10,1,-182,-46,-76,-61,0,0,0,0,0,0,0,0,0,0,0,0,0,0,0,0,0,0,0,0,0,0,79717
1,1,1,1,1467,548,576,-63,6,-263,-45,-74,-61,0,0,0,0,0,0,0,0,0,0,0,0,0,0,0,0,0,0,0,0,0,0,79727
1,1,1,1,1449,589,614,-37,13,-279,-45,-71,-57,0,0,0,0,0,0,0,0,0,0,0,0,0,0,0,0,0,0,0,0,0,0,79737
1,1,1,1,1412,504,702,-11,-32,-318,-44,-70,-54,0,0,0,0,0,0,0,0,0,0,0,0,0,0,0,0,0,0,0,0,0,0,79747
1,1,1,1,1424,590,671,79,-31,-256,-43,-70,-55,0,0,0,0,0,0,0,0,0,0,0,0,0,0,0,0,0,0,0,0,0,0,79757
1,1,1,1,1449,606,643,158,-29,-150,-46,-70,-55,0,0,0,0,0,0,0,0,0,0,0,0,0,0,0,0,0,0,0,0,0,0,79767
1,1,1,1,1433,680,640,230,-39,-17,-49,-70,-53,0,0,0,0,0,0,0,0,0,0,0,0,0,0,0,0,0,0,0,0,0,0,79777
1,1,1,1,1433,647,596,241,-10,44,-46,-68,-50,0,0,0,0,0,0,0,0,0,0,0,0,0,0,0,0,0,0,0,0,0,0,79787
1,1,1,1,1463,711,500,212,34,100,-45,-66,-47,0,0,0,0,0,0,0,0,0,0,0,0,0,0,0,0,0,0,0,0,0,0,79797
1,1,1,1,1389,725,596,137,18,89,-42,-65,-44,0,0,0,0,0,0,0,0,0,0,0,0,0,0,0,0,0,0,0,0,0,0,79807
1,1,1,1,1408,717,605,18,-9,36,-45,-63,-45,0,0,0,0,0,0,0,0,0,0,0,0,0,0,0,0,0,0,0,0,0,0,79817
1,1,1,1,1429,732,606,-46,-22,3,-43,-62,-43,0,0,0,0,0,0,0,0,0,0,0,0,0,0,0,0,0,0,0,0,0,0,79827
1,1,1,1,1411,701,664,-71,-38,-12,-45,-61,-36,0,0,0,0,0,0,0,0,0,0,0,0,0,0,0,0,0,0,0,0,0,0,79837
1,1,1,1,1457,639,672,-46,-39,-27,-45,-65,-41,0,0,0,0,0,0,0,0,0,0,0,0,0,0,0,0,0,0,0,0,0,0,79847
1,1,1,1,1445,654,651,-14,-43,-27,-47,-61,-38,0,0,0,0,0,0,0,0,0,0,0,0,0,0,0,0,0,0,0,0,0,0,79857
1,1,1,1,1462,689,584,-13,-31,-33,-48,-62,-40,0,0,0,0,0,0,0,0,0,0,0,0,0,0,0,0,0,0,0,0,0,0,79867
1,1,1,1,1419,683,595,-24,-33,-42,-49,-60,-32,0,0,0,0,0,0,0,0,0,0,0,0,0,0,0,0,0,0,0,0,0,0,79877
1,1,1,1,1395,672,602,-26,-23,-42,-49,-60,-32,0,0,0,0,0,0,0,0,0,0,0,0,0,0,0,0,0,0,0,0,0,0,79887
1,1,1,1,1409,656,593,-64,-26,-53,-51,-58,-23,0,0,0,0,0,0,0,0,0,0,0,0,0,0,0,0,0,0,0,0,0,0,79897
1,1,1,1,1441,585,612,-144,-42,-70,-51,-59,-24,0,0,0,0,0,0,0,0,0,0,0,0,0,0,0,0,0,0,0,0,0,0,79917
1,1,1,1,1452,543,624,-134,-39,-62,-50,-61,-24,0,0,0,0,0,0,0,0,0,0,0,0,0,0,0,0,0,0,0,0,0,0,79927
1,1,1,1,1425,572,657,-52,-39,-22,-49,-60,-19,0,0,0,0,0,0,0,0,0,0,0,0,0,0,0,0,0,0,0,0,0,0,79937
1,1,1,1,1442,589,614,18,-11,10,-46,-61,-22,0,0,0,0,0,0,0,0,0,0,0,0,0,0,0,0,0,0,0,0,0,0,79947
1,1,1,1,1438,640,566,18,-15,12,-48,-60,-19,0,0,0,0,0,0,0,0,0,0,0,0,0,0,0,0,0,0,0,0,0,0,79957
1,1,1,1,1395,658,607,14,-20,16,-48,-58,-19,0,0,0,0,0,0,0,0,0,0,0,0,0,0,0,0,0,0,0,0,0,0,79967
1,1,1,1,1418,641,607,25,-10,28,-48,-59,-17,0,0,0,0,0,0,0,0,0,0,0,0,0,0,0,0,0,0,0,0,0,0,79977
1,1,1,1,1419,626,610,14,-10,15,-47,-58,-19,0,0,0,0,0,0,0,0,0,0,0,0,0,0,0,0,0,0,0,0,0,0,79987
1,1,1,1,1430,618,605,-22,-11,-4,-50,-57,-19,0,0,0,0,0,0,0,0,0,0,0,0,0,0,0,0,0,0,0,0,0,0,79997
1,1,1,1,1428,618,620,-28,-11,-3,-47,-58,-19,0,0,0,0,0,0,0,0,0,0,0,0,0,0,0,0,0,0,0,0,0,0,80007
1,1,1,1,1423,615,633,-10,-22,0,-48,-58,-19,0,0,0,0,0,0,0,0,0,0,0,0,0,0,0,0,0,0,0,0,0,0,80017
1,1,1,1,1428,621,627,-4,-24,2,-47,-57,-19,0,0,0,0,0,0,0,0,0,0,0,0,0,0,0,0,0,0,0,0,0,0,80027
1,1,1,1,1412,664,625,-14,-28,4,-48,-57,-20,0,0,0,0,0,0,0,0,0,0,0,0,0,0,0,0,0,0,0,0,0,0,80037
1,1,1,1,1422,669,615,-36,-41,-9,-47,-58,-19,0,0,0,0,0,0,0,0,0,0,0,0,0,0,0,0,0,0,0,0,0,0,80047
1,1,1,1,1436,673,600,-37,-34,-10,-48,-57,-19,0,0,0,0,0,0,0,0,0,0,0,0,0,0,0,0,0,0,0,0,0,0,80057
1,1,1,1,1428,673,614,-49,-30,-23,-49,-57,-20,0,0,0,0,0,0,0,0,0,0,0,0,0,0,0,0,0,0,0,0,0,0,80067
1,1,1,1,1438,648,616,-62,-32,-32,-48,-56,-19,0,0,0,0,0,0,0,0,0,0,0,0,0,0,0,0,0,0,0,0,0,0,80077
1,1,1,1,1440,618,628,-57,-32,-41,-47,-55,-19,0,0,0,0,0,0,0,0,0,0,0,0,0,0,0,0,0,0,0,0,0,0,80087
1,1,1,1,1427,620,627,-27,-24,-26,-47,-56,-19,0,0,0,0,0,0,0,0,0,0,0,0,0,0,0,0,0,0,0,0,0,0,80097
1,1,1,1,1419,596,643,10,-19,-16,-47,-56,-19,0,0,0,0,0,0,0,0,0,0,0,0,0,0,0,0,0,0,0,0,0,0,80107
1,1,1,1,1424,609,634,16,-18,-4,-47,-55,-19,0,0,0,0,0,0,0,0,0,0,0,0,0,0,0,0,0,0,0,0,0,0,80127
1,1,1,1,1430,639,630,9,-16,-7,-49,-56,-19,0,0,0,0,0,0,0,0,0,0,0,0,0,0,0,0,0,0,0,0,0,0,80137
1,1,1,1,1433,657,616,-15,-15,-10,-49,-55,-20,0,0,0,0,0,0,0,0,0,0,0,0,0,0,0,0,0,0,0,0,0,0,80147
1,1,1,1,1425,647,612,-42,-21,-19,-50,-56,-19,0,0,0,0,0,0,0,0,0,0,0,0,0,0,0,0,0,0,0,0,0,0,80157
1,1,1,1,1422,632,627,-54,-19,-21,-49,-55,-20,0,0,0,0,0,0,0,0,0,0,0,0,0,0,0,0,0,0,0,0,0,0,80167
1,1,1,1,1422,624,636,-44,-16,-17,-48,-55,-18,0,0,0,0,0,0,0,0,0,0,0,0,0,0,0,0,0,0,0,0,0,0,80177
1,1,1,1,1433,627,628,-23,-14,-8,-51,-53,-14,0,0,0,0,0,0,0,0,0,0,0,0,0,0,0,0,0,0,0,0,0,0,80187
1,1,1,1,1440,606,619,-10,-3,-3,-50,-56,-17,0,0,0,0,0,0,0,0,0,0,0,0,0,0,0,0,0,0,0,0,0,0,80197
1,1,1,1,1428,611,634,16,-11,8,-51,-54,-19,0,0,0,0,0,0,0,0,0,0,0,0,0,0,0,0,0,0,0,0,0,0,80207
1,1,1,1,1422,611,635,44,-9,24,-52,-53,-14,0,0,0,0,0,0,0,0,0,0,0,0,0,0,0,0,0,0,0,0,0,0,80217
1,1,1,1,1425,616,613,36,-9,23,-52,-52,-14,0,0,0,0,0,0,0,0,0,0,0,0,0,0,0,0,0,0,0,0,0,0,80227
1,1,1,1,1440,630,591,14,-1,18,-50,-52,-14,0,0,0,0,0,0,0,0,0,0,0,0,0,0,0,0,0,0,0,0,0,0,80237
1,1,1,1,1423,634,600,-6,-11,11,-51,-52,-12,0,0,0,0,0,0,0,0,0,0,0,0,0,0,0,0,0,0,0,0,0,0,80247
1,1,1,1,1421,643,607,-22,-15,5,-49,-52,-8,0,0,0,0,0,0,0,0,0,0,0,0,0,0,0,0,0,0,0,0,0,0,80257
1,1,1,1,1418,637,610,-44,-17,-4,-49,-52,-12,0,0,0,0,0,0,0,0,0,0,0,0,0,0,0,0,0,0,0,0,0,0,80267
1,1,1,1,1428,632,611,-70,-19,-14,-52,-51,-7,0,0,0,0,0,0,0,0,0,0,0,0,0,0,0,0,0,0,0,0,0,0,80277
1,1,1,1,1412,635,637,-66,-21,-8,-49,-51,-12,0,0,0,0,0,0,0,0,0,0,0,0,0,0,0,0,0,0,0,0,0,0,80287
1,1,1,1,1412,629,639,-40,-21,-2,-52,-50,-10,0,0,0,0,0,0,0,0,0,0,0,0,0,0,0,0,0,0,0,0,0,0,80297
1,1,1,1,1414,618,640,-12,-31,4,-53,-51,-9,0,0,0,0,0,0,0,0,0,0,0,0,0,0,0,0,0,0,0,0,0,0,80307
1,1,1,1,1418,616,625,-2,-37,9,-51,-51,-7,0,0,0,0,0,0,0,0,0,0,0,0,0,0,0,0,0,0,0,0,0,0,80317
1,1,1,1,1428,621,603,-12,-33,15,-50,-51,-12,0,0,0,0,0,0,0,0,0,0,0,0,0,0,0,0,0,0,0,0,0,0,80327
1,1,1,1,1432,628,598,-30,-25,16,-52,-51,-11,0,0,0,0,0,0,0,0,0,0,0,0,0,0,0,0,0,0,0,0,0,0,80337
1,1,1,1,1424,613,618,-53,-34,8,-50,-50,-9,0,0,0,0,0,0,0,0,0,0,0,0,0,0,0,0,0,0,0,0,0,0,80347
1,1,1,1,1436,590,637,-43,-39,13,-50,-50,-8,0,0,0,0,0,0,0,0,0,0,0,0,0,0,0,0,0,0,0,0,0,0,80357
1,1,1,1,1439,577,647,-17,-43,13,-50,-50,-4,0,0,0,0,0,0,0,0,0,0,0,0,0,0,0,0,0,0,0,0,0,0,80367
1,1,1,1,1432,605,641,4,-36,22,-52,-50,-3,0,0,0,0,0,0,0,0,0,0,0,0,0,0,0,0,0,0,0,0,0,0,80377
1,1,1,1,1424,624,638,19,-30,34,-51,-50,-6,0,0,0,0,0,0,0,0,0,0,0,0,0,0,0,0,0,0,0,0,0,0,80387
1,1,1,1,1428,624,635,20,-31,37,-50,-50,1,0,0,0,0,0,0,0,0,0,0,0,0,0,0,0,0,0,0,0,0,0,0,80397
1,1,1,1,1427,638,624,10,-25,42,-51,-50,0,0,0,0,0,0,0,0,0,0,0,0,0,0,0,0,0,0,0,0,0,0,0,80407
1,1,1,1,1432,646,613,-6,-21,37,-49,-50,1,0,0,0,0,0,0,0,0,0,0,0,0,0,0,0,0,0,0,0,0,0,0,80417
1,1,1,1,1429,651,621,-25,-17,28,-47,-48,0,0,0,0,0,0,0,0,0,0,0,0,0,0,0,0,0,0,0,0,0,0,0,80427
1,1,1,1,1435,646,631,-40,-17,15,-49,-48,3,0,0,0,0,0,0,0,0,0,0,0,0,0,0,0,0,0,0,0,0,0,0,80437
1,1,1,1,1443,638,640,-52,-22,6,-49,-49,-7,0,0,0,0,0,0,0,0,0,0,0,0,0,0,0,0,0,0,0,0,0,0,80447
1,1,1,1,1444,614,649,-41,-22,6,-47,-50,-2,0,0,0,0,0,0,0,0,0,0,0,0,0,0,0,0,0,0,0,0,0,0,80457
1,1,1,1,1433,596,664,-3,-21,11,-49,-49,0,0,0,0,0,0,0,0,0,0,0,0,0,0,0,0,0,0,0,0,0,0,0,80467
1,1,1,1,1439,596,636,14,-12,15,-50,-50,2,0,0,0,0,0,0,0,0,0,0,0,0,0,0,0,0,0,0,0,0,0,0,80477
1,1,1,1,1443,605,616,5,-15,18,-50,-48,2,0,0,0,0,0,0,0,0,0,0,0,0,0,0,0,0,0,0,0,0,0,0,80487
1,1,1,1,1438,596,631,16,-20,25,-50,-51,2,0,0,0,0,0,0,0,0,0,0,0,0,0,0,0,0,0,0,0,0,0,0,80497
1,1,1,1,1447,621,609,9,-13,27,-53,-46,4,0,0,0,0,0,0,0,0,0,0,0,0,0,0,0,0,0,0,0,0,0,0,80507
1,1,1,1,1438,653,599,-28,-19,19,-52,-47,4,0,0,0,0,0,0,0,0,0,0,0,0,0,0,0,0,0,0,0,0,0,0,80517
1,1,1,1,1437,640,626,-31,-19,14,-50,-50,3,0,0,0,0,0,0,0,0,0,0,0,0,0,0,0,0,0,0,0,0,0,0,80527
1,1,1,1,1430,621,638,-10,-15,16,-48,-47,2,0,0,0,0,0,0,0,0,0,0,0,0,0,0,0,0,0,0,0,0,0,0,80537
1,1,1,1,1428,621,647,-10,-19,10,-47,-47,3,0,0,0,0,0,0,0,0,0,0,0,0,0,0,0,0,0,0,0,0,0,0,80547
1,1,1,1,1433,636,638,-15,-19,5,-48,-47,0,0,0,0,0,0,0,0,0,0,0,0,0,0,0,0,0,0,0,0,0,0,0,80557
1,1,1,1,1432,628,639,-8,-16,-1,-48,-47,7,0,0,0,0,0,0,0,0,0,0,0,0,0,0,0,0,0,0,0,0,0,0,80567
1,1,1,1,1435,621,632,-3,-12,-7,-50,-46,3,0,0,0,0,0,0,0,0,0,0,0,0,0,0,0,0,0,0,0,0,0,0,80577
1,1,1,1,1430,619,638,-4,-16,-12,-51,-46,2,0,0,0,0,0,0,0,0,0,0,0,0,0,0,0,0,0,0,0,0,0,0,80587
1,1,1,1,1442,639,621,-1,-11,-12,-50,-48,5,0,0,0,0,0,0,0,0,0,0,0,0,0,0,0,0,0,0,0,0,0,0,80597
1,1,1,1,1443,634,611,-12,-12,-21,-49,-47,6,0,0,0,0,0,0,0,0,0,0,0,0,0,0,0,0,0,0,0,0,0,0,80607
1,1,1,1,1431,647,616,-24,-17,-24,-50,-46,8,0,0,0,0,0,0,0,0,0,0,0,0,0,0,0,0,0,0,0,0,0,0,80617
1,1,1,1,1435,625,622,-46,-26,-28,-51,-46,9,0,0,0,0,0,0,0,0,0,0,0,0,0,0,0,0,0,0,0,0,0,0,80627
1,1,1,1,1441,617,616,-55,-25,-31,-49,-46,8,0,0,0,0,0,0,0,0,0,0,0,0,0,0,0,0,0,0,0,0,0,0,80637
1,1,1,1,1439,601,626,-41,-26,-28,-49,-46,4,0,0,0,0,0,0,0,0,0,0,0,0,0,0,0,0,0,0,0,0,0,0,80647
1,1,1,1,1434,601,641,-19,-30,-18,-48,-46,9,0,0,0,0,0,0,0,0,0,0,0,0,0,0,0,0,0,0,0,0,0,0,80657
1,1,1,1,1428,599,642,-8,-31,-11,-49,-46,8,0,0,0,0,0,0,0,0,0,0,0,0,0,0,0,0,0,0,0,0,0,0,80667
1,1,1,1,1436,604,637,5,-25,-3,-49,-46,7,0,0,0,0,0,0,0,0,0,0,0,0,0,0,0,0,0,0,0,0,0,0,80677
1,1,1,1,1434,603,641,22,-36,0,-48,-47,7,0,0,0,0,0,0,0,0,0,0,0,0,0,0,0,0,0,0,0,0,0,0,80687
1,1,1,1,1443,608,625,24,-24,2,-48,-46,9,0,0,0,0,0,0,0,0,0,0,0,0,0,0,0,0,0,0,0,0,0,0,80697
1,1,1,1,1439,623,616,5,-32,-6,-49,-46,9,0,0,0,0,0,0,0,0,0,0,0,0,0,0,0,0,0,0,0,0,0,0,80707
1,1,1,1,1444,614,614,-10,-30,-16,-47,-47,7,0,0,0,0,0,0,0,0,0,0,0,0,0,0,0,0,0,0,0,0,0,0,80717
1,1,1,1,1436,625,629,-12,-28,-19,-47,-45,9,0,0,0,0,0,0,0,0,0,0,0,0,0,0,0,0,0,0,0,0,0,0,80727
1,1,1,1,1433,609,638,-9,-32,-21,-49,-45,9,0,0,0,0,0,0,0,0,0,0,0,0,0,0,0,0,0,0,0,0,0,0,80737
1,1,1,1,1434,626,630,-7,-33,-23,-47,-45,9,0,0,0,0,0,0,0,0,0,0,0,0,0,0,0,0,0,0,0,0,0,0,80747
1,1,1,1,1427,630,635,-12,-29,-23,-49,-45,8,0,0,0,0,0,0,0,0,0,0,0,0,0,0,0,0,0,0,0,0,0,0,80757
1,1,1,1,1422,624,646,-13,-25,-25,-49,-44,9,0,0,0,0,0,0,0,0,0,0,0,0,0,0,0,0,0,0,0,0,0,0,80767
1,1,1,1,1428,616,639,-14,-16,-26,-50,-43,8,0,0,0,0,0,0,0,0,0,0,0,0,0,0,0,0,0,0,0,0,0,0,80777
1,1,1,1,1425,635,641,-26,-22,-27,-51,-42,10,0,0,0,0,0,0,0,0,0,0,0,0,0,0,0,0,0,0,0,0,0,0,80787
1,1,1,1,1429,641,626,-33,-20,-30,-55,-41,13,0,0,0,0,0,0,0,0,0,0,0,0,0,0,0,0,0,0,0,0,0,0,80797
1,1,1,1,1433,638,627,-30,-14,-34,-53,-41,10,0,0,0,0,0,0,0,0,0,0,0,0,0,0,0,0,0,0,0,0,0,0,80807
1,1,1,1,1426,633,635,-23,-13,-39,-52,-44,9,0,0,0,0,0,0,0,0,0,0,0,0,0,0,0,0,0,0,0,0,0,0,80817
1,1,1,1,1434,613,622,-13,-21,-36,-51,-43,11,0,0,0,0,0,0,0,0,0,0,0,0,0,0,0,0,0,0,0,0,0,0,80827
1,1,1,1,1438,617,616,-19,-21,-40,-52,-41,11,0,0,0,0,0,0,0,0,0,0,0,0,0,0,0,0,0,0,0,0,0,0,80837
1,1,1,1,1424,617,620,-27,-23,-39,-48,-45,9,0,0,0,0,0,0,0,0,0,0,0,0,0,0,0,0,0,0,0,0,0,0,80847
1,1,1,1,1420,602,638,-25,-26,-34,-48,-44,11,0,0,0,0,0,0,0,0,0,0,0,0,0,0,0,0,0,0,0,0,0,0,80857
1,1,1,1,1427,586,636,-15,-24,-23,-46,-44,11,0,0,0,0,0,0,0,0,0,0,0,0,0,0,0,0,0,0,0,0,0,0,80867
1,1,1,1,1426,584,634,-2,-19,-11,-48,-43,13,0,0,0,0,0,0,0,0,0,0,0,0,0,0,0,0,0,0,0,0,0,0,80877
1,1,1,1,1422,586,644,15,-18,-1,-48,-43,10,0,0,0,0,0,0,0,0,0,0,0,0,0,0,0,0,0,0,0,0,0,0,80887
1,1,1,1,1426,594,635,30,-12,8,-50,-43,7,0,0,0,0,0,0,0,0,0,0,0,0,0,0,0,0,0,0,0,0,0,0,80897
1,1,1,1,1428,597,631,30,-15,11,-47,-44,10,0,0,0,0,0,0,0,0,0,0,0,0,0,0,0,0,0,0,0,0,0,0,80907
1,1,1,1,1431,628,621,16,-17,6,-46,-44,9,0,0,0,0,0,0,0,0,0,0,0,0,0,0,0,0,0,0,0,0,0,0,80917
1,1,1,1,1430,628,639,-8,-31,-2,-47,-43,10,0,0,0,0,0,0,0,0,0,0,0,0,0,0,0,0,0,0,0,0,0,0,80937
1,1,1,1,1438,616,642,6,-22,2,-47,-44,10,0,0,0,0,0,0,0,0,0,0,0,0,0,0,0,0,0,0,0,0,0,0,80947
1,1,1,1,1438,611,643,17,-24,4,-46,-43,7,0,0,0,0,0,0,0,0,0,0,0,0,0,0,0,0,0,0,0,0,0,0,80957
1,1,1,1,1429,623,632,24,-20,5,-45,-43,8,0,0,0,0,0,0,0,0,0,0,0,0,0,0,0,0,0,0,0,0,0,0,80967
1,1,1,1,1421,615,636,31,-25,9,-46,-43,9,0,0,0,0,0,0,0,0,0,0,0,0,0,0,0,0,0,0,0,0,0,0,80977
1,1,1,1,1425,627,636,32,-24,9,-47,-43,12,0,0,0,0,0,0,0,0,0,0,0,0,0,0,0,0,0,0,0,0,0,0,80987
1,1,1,1,1429,632,626,11,-21,-1,-47,-42,11,0,0,0,0,0,0,0,0,0,0,0,0,0,0,0,0,0,0,0,0,0,0,80997
1,1,1,1,1423,624,640,5,-10,-1,-46,-42,11,0,0,0,0,0,0,0,0,0,0,0,0,0,0,0,0,0,0,0,0,0,0,81007
1,1,1,1,1420,636,642,1,-15,-4,-46,-42,10,0,0,0,0,0,0,0,0,0,0,0,0,0,0,0,0,0,0,0,0,0,0,81017
1,1,1,1,1425,641,633,-13,-12,-15,-45,-42,11,0,0,0,0,0,0,0,0,0,0,0,0,0,0,0,0,0,0,0,0,0,0,81027
1,1,1,1,1419,644,648,-16,-7,-19,-46,-41,10,0,0,0,0,0,0,0,0,0,0,0,0,0,0,0,0,0,0,0,0,0,0,81037
1,1,1,1,1424,605,655,-1,-4,-13,-46,-45,9,0,0,0,0,0,0,0,0,0,0,0,0,0,0,0,0,0,0,0,0,0,0,81047
1,1,1,1,1435,599,643,14,-6,-12,-45,-43,10,0,0,0,0,0,0,0,0,0,0,0,0,0,0,0,0,0,0,0,0,0,0,81057
1,1,1,1,1422,621,643,14,-4,-7,-46,-41,12,0,0,0,0,0,0,0,0,0,0,0,0,0,0,0,0,0,0,0,0,0,0,81067
1,1,1,1,1431,603,633,23,-2,-4,-50,-37,11,0,0,0,0,0,0,0,0,0,0,0,0,0,0,0,0,0,0,0,0,0,0,81077
1,1,1,1,1440,605,620,37,-6,-3,-47,-44,10,0,0,0,0,0,0,0,0,0,0,0,0,0,0,0,0,0,0,0,0,0,0,81087
1,1,1,1,1433,603,630,54,-6,5,-50,-41,10,0,0,0,0,0,0,0,0,0,0,0,0,0,0,0,0,0,0,0,0,0,0,81097
1,1,1,1,1428,600,613,55,-4,9,-51,-41,13,0,0,0,0,0,0,0,0,0,0,0,0,0,0,0,0,0,0,0,0,0,0,81107
1,1,1,1,1424,609,618,36,-13,8,-51,-41,12,0,0,0,0,0,0,0,0,0,0,0,0,0,0,0,0,0,0,0,0,0,0,81117
1,1,1,1,1429,617,612,21,-13,8,-50,-39,13,0,0,0,0,0,0,0,0,0,0,0,0,0,0,0,0,0,0,0,0,0,0,81127
1,1,1,1,1425,616,635,20,-15,12,-49,-42,12,0,0,0,0,0,0,0,0,0,0,0,0,0,0,0,0,0,0,0,0,0,0,81137
1,1,1,1,1423,620,637,27,-8,14,-47,-42,8,0,0,0,0,0,0,0,0,0,0,0,0,0,0,0,0,0,0,0,0,0,0,81147
1,1,1,1,1423,625,636,33,-18,14,-47,-41,11,0,0,0,0,0,0,0,0,0,0,0,0,0,0,0,0,0,0,0,0,0,0,81157
1,1,1,1,1418,629,636,32,-17,11,-50,-38,14,0,0,0,0,0,0,0,0,0,0,0,0,0,0,0,0,0,0,0,0,0,0,81167
1,1,1,1,1422,639,626,19,-17,5,-49,-41,11,0,0,0,0,0,0,0,0,0,0,0,0,0,0,0,0,0,0,0,0,0,0,81177
1,1,1,1,1410,648,639,18,-17,2,-49,-41,10,0,0,0,0,0,0,0,0,0,0,0,0,0,0,0,0,0,0,0,0,0,0,81187
1,1,1,1,1430,640,634,28,-10,1,-49,-41,12,0,0,0,0,0,0,0,0,0,0,0,0,0,0,0,0,0,0,0,0,0,0,81197
1,1,1,1,1429,633,625,12,-15,-3,-50,-41,13,0,0,0,0,0,0,0,0,0,0,0,0,0,0,0,0,0,0,0,0,0,0,81207
1,1,1,1,1424,631,631,8,-11,-8,-51,-41,13,0,0,0,0,0,0,0,0,0,0,0,0,0,0,0,0,0,0,0,0,0,0,81217
1,1,1,1,1430,612,635,4,-18,-10,-49,-42,13,0,0,0,0,0,0,0,0,0,0,0,0,0,0,0,0,0,0,0,0,0,0,81227
1,1,1,1,1432,619,640,12,-13,-4,-48,-42,15,0,0,0,0,0,0,0,0,0,0,0,0,0,0,0,0,0,0,0,0,0,0,81237
1,1,1,1,1435,614,628,12,-8,4,-47,-41,14,0,0,0,0,0,0,0,0,0,0,0,0,0,0,0,0,0,0,0,0,0,0,81247
1,1,1,1,1440,608,634,17,-12,9,-48,-41,12,0,0,0,0,0,0,0,0,0,0,0,0,0,0,0,0,0,0,0,0,0,0,81257
1,1,1,1,1432,612,635,39,-10,27,-49,-42,12,0,0,0,0,0,0,0,0,0,0,0,0,0,0,0,0,0,0,0,0,0,0,81267
1,1,1,1,1441,633,638,55,-8,38,-49,-41,13,0,0,0,0,0,0,0,0,0,0,0,0,0,0,0,0,0,0,0,0,0,0,81277
1,1,1,1,1426,632,620,50,0,31,-50,-41,12,0,0,0,0,0,0,0,0,0,0,0,0,0,0,0,0,0,0,0,0,0,0,81287
1,1,1,1,1417,669,608,14,-11,13,-48,-41,12,0,0,0,0,0,0,0,0,0,0,0,0,0,0,0,0,0,0,0,0,0,0,81307
1,1,1,1,1404,645,612,-30,-16,-5,-49,-40,12,0,0,0,0,0,0,0,0,0,0,0,0,0,0,0,0,0,0,0,0,0,0,81317
1,1,1,1,1416,623,621,-38,-19,-10,-49,-40,14,0,0,0,0,0,0,0,0,0,0,0,0,0,0,0,0,0,0,0,0,0,0,81327
1,1,1,1,1420,608,642,-36,-16,-11,-48,-40,10,0,0,0,0,0,0,0,0,0,0,0,0,0,0,0,0,0,0,0,0,0,0,81337
1,1,1,1,1436,582,656,20,-6,15,-49,-40,12,0,0,0,0,0,0,0,0,0,0,0,0,0,0,0,0,0,0,0,0,0,0,81357
1,1,1,1,1443,596,631,39,0,24,-50,-39,13,0,0,0,0,0,0,0,0,0,0,0,0,0,0,0,0,0,0,0,0,0,0,81367
1,1,1,1,1440,602,617,44,-7,26,-49,-42,12,0,0,0,0,0,0,0,0,0,0,0,0,0,0,0,0,0,0,0,0,0,0,81377
1,1,1,1,1432,629,615,38,-5,22,-48,-40,12,0,0,0,0,0,0,0,0,0,0,0,0,0,0,0,0,0,0,0,0,0,0,81387
1,1,1,1,1428,644,611,18,-9,18,-49,-40,14,0,0,0,0,0,0,0,0,0,0,0,0,0,0,0,0,0,0,0,0,0,0,81397
1,1,1,1,1435,633,610,-1,-11,10,-49,-42,10,0,0,0,0,0,0,0,0,0,0,0,0,0,0,0,0,0,0,0,0,0,0,81407
1,1,1,1,1425,638,618,-6,-22,8,-49,-41,11,0,0,0,0,0,0,0,0,0,0,0,0,0,0,0,0,0,0,0,0,0,0,81417
1,1,1,1,1424,622,627,-3,-19,7,-51,-39,17,0,0,0,0,0,0,0,0,0,0,0,0,0,0,0,0,0,0,0,0,0,0,81427
1,1,1,1,1429,639,627,-7,-20,2,-48,-39,16,0,0,0,0,0,0,0,0,0,0,0,0,0,0,0,0,0,0,0,0,0,0,81437
1,1,1,1,1423,645,635,6,-22,0,-47,-40,13,0,0,0,0,0,0,0,0,0,0,0,0,0,0,0,0,0,0,0,0,0,0,81447
1,1,1,1,1430,628,633,16,-23,-4,-49,-40,12,0,0,0,0,0,0,0,0,0,0,0,0,0,0,0,0,0,0,0,0,0,0,81457
1,1,1,1,1425,638,630,13,-20,-8,-47,-41,12,0,0,0,0,0,0,0,0,0,0,0,0,0,0,0,0,0,0,0,0,0,0,81467
1,1,1,1,1434,631,625,9,-16,-12,-47,-40,12,0,0,0,0,0,0,0,0,0,0,0,0,0,0,0,0,0,0,0,0,0,0,81477
1,1,1,1,1430,628,629,0,-11,-17,-48,-40,14,0,0,0,0,0,0,0,0,0,0,0,0,0,0,0,0,0,0,0,0,0,0,81487
1,1,1,1,1429,627,624,-3,-9,-16,-50,-39,15,0,0,0,0,0,0,0,0,0,0,0,0,0,0,0,0,0,0,0,0,0,0,81497
1,1,1,1,1435,614,631,1,-14,-10,-47,-40,11,0,0,0,0,0,0,0,0,0,0,0,0,0,0,0,0,0,0,0,0,0,0,81507
1,1,1,1,1432,593,642,24,-16,-1,-47,-40,12,0,0,0,0,0,0,0,0,0,0,0,0,0,0,0,0,0,0,0,0,0,0,81517
1,1,1,1,1434,596,638,31,-12,9,-45,-40,14,0,0,0,0,0,0,0,0,0,0,0,0,0,0,0,0,0,0,0,0,0,0,81527
1,1,1,1,1433,608,636,41,-15,19,-46,-40,13,0,0,0,0,0,0,0,0,0,0,0,0,0,0,0,0,0,0,0,0,0,0,81537
1,1,1,1,1438,614,622,42,-12,21,-47,-41,15,0,0,0,0,0,0,0,0,0,0,0,0,0,0,0,0,0,0,0,0,0,0,81547
1,1,1,1,1428,643,625,32,0,20,-48,-40,14,0,0,0,0,0,0,0,0,0,0,0,0,0,0,0,0,0,0,0,0,0,0,81567
1,1,1,1,1430,658,615,17,-9,11,-49,-40,16,0,0,0,0,0,0,0,0,0,0,0,0,0,0,0,0,0,0,0,0,0,0,81577
1,1,1,1,1430,654,621,-8,-7,-1,-48,-39,17,0,0,0,0,0,0,0,0,0,0,0,0,0,0,0,0,0,0,0,0,0,0,81587
1,1,1,1,1429,640,639,-15,-13,-9,-49,-38,15,0,0,0,0,0,0,0,0,0,0,0,0,0,0,0,0,0,0,0,0,0,0,81597
1,1,1,1,1419,632,650,-8,-8,-6,-50,-39,16,0,0,0,0,0,0,0,0,0,0,0,0,0,0,0,0,0,0,0,0,0,0,81607
1,1,1,1,1419,621,641,-11,-14,-5,-48,-38,16,0,0,0,0,0,0,0,0,0,0,0,0,0,0,0,0,0,0,0,0,0,0,81617
1,1,1,1,1420,615,634,-7,-15,-1,-47,-40,13,0,0,0,0,0,0,0,0,0,0,0,0,0,0,0,0,0,0,0,0,0,0,81627
1,1,1,1,1432,604,629,-1,-10,5,-48,-39,15,0,0,0,0,0,0,0,0,0,0,0,0,0,0,0,0,0,0,0,0,0,0,81637
1,1,1,1,1434,603,628,8,-3,12,-46,-40,17,0,0,0,0,0,0,0,0,0,0,0,0,0,0,0,0,0,0,0,0,0,0,81647
1,1,1,1,1428,606,621,13,-4,17,-48,-40,16,0,0,0,0,0,0,0,0,0,0,0,0,0,0,0,0,0,0,0,0,0,0,81657
1,1,1,1,1431,617,617,18,2,25,-48,-40,17,0,0,0,0,0,0,0,0,0,0,0,0,0,0,0,0,0,0,0,0,0,0,81667
1,1,1,1,1420,633,619,11,-2,22,-49,-37,16,0,0,0,0,0,0,0,0,0,0,0,0,0,0,0,0,0,0,0,0,0,0,81677
1,1,1,1,1416,640,633,7,-10,16,-50,-36,15,0,0,0,0,0,0,0,0,0,0,0,0,0,0,0,0,0,0,0,0,0,0,81687
1,1,1,1,1421,632,636,13,-16,10,-46,-41,10,0,0,0,0,0,0,0,0,0,0,0,0,0,0,0,0,0,0,0,0,0,0,81697
1,1,1,1,1418,633,639,15,-28,7,-51,-36,10,0,0,0,0,0,0,0,0,0,0,0,0,0,0,0,0,0,0,0,0,0,0,81707
1,1,1,1,1416,641,634,8,-31,4,-51,-38,14,0,0,0,0,0,0,0,0,0,0,0,0,0,0,0,0,0,0,0,0,0,0,81717
1,1,1,1,1423,625,633,6,-19,0,-49,-42,11,0,0,0,0,0,0,0,0,0,0,0,0,0,0,0,0,0,0,0,0,0,0,81727
1,1,1,1,1418,616,641,10,-21,3,-49,-40,13,0,0,0,0,0,0,0,0,0,0,0,0,0,0,0,0,0,0,0,0,0,0,81737
1,1,1,1,1426,622,626,19,-12,7,-46,-40,14,0,0,0,0,0,0,0,0,0,0,0,0,0,0,0,0,0,0,0,0,0,0,81747
1,1,1,1,1420,621,621,14,-15,7,-48,-39,14,0,0,0,0,0,0,0,0,0,0,0,0,0,0,0,0,0,0,0,0,0,0,81757
1,1,1,1,1421,636,622,8,-22,9,-48,-39,16,0,0,0,0,0,0,0,0,0,0,0,0,0,0,0,0,0,0,0,0,0,0,81767
1,1,1,1,1427,645,612,-2,-22,8,-47,-39,16,0,0,0,0,0,0,0,0,0,0,0,0,0,0,0,0,0,0,0,0,0,0,81777
1,1,1,1,1431,635,622,-16,-28,3,-48,-39,18,0,0,0,0,0,0,0,0,0,0,0,0,0,0,0,0,0,0,0,0,0,0,81787
1,1,1,1,1424,625,639,-13,-39,4,-50,-39,17,0,0,0,0,0,0,0,0,0,0,0,0,0,0,0,0,0,0,0,0,0,0,81797
1,1,1,1,1435,607,646,-3,-40,8,-50,-38,15,0,0,0,0,0,0,0,0,0,0,0,0,0,0,0,0,0,0,0,0,0,0,81807
1,1,1,1,1439,608,637,7,-45,9,-51,-39,16,0,0,0,0,0,0,0,0,0,0,0,0,0,0,0,0,0,0,0,0,0,0,81817
1,1,1,1,1436,622,633,15,-35,11,-51,-39,14,0,0,0,0,0,0,0,0,0,0,0,0,0,0,0,0,0,0,0,0,0,0,81827
1,1,1,1,1442,611,630,9,-27,9,-49,-38,17,0,0,0,0,0,0,0,0,0,0,0,0,0,0,0,0,0,0,0,0,0,0,81837
1,1,1,1,1435,619,640,9,-23,10,-49,-39,13,0,0,0,0,0,0,0,0,0,0,0,0,0,0,0,0,0,0,0,0,0,0,81847
1,1,1,1,1433,640,633,7,-18,8,-49,-39,13,0,0,0,0,0,0,0,0,0,0,0,0,0,0,0,0,0,0,0,0,0,0,81857
1,1,1,1,1431,649,629,-8,-20,1,-49,-38,15,0,0,0,0,0,0,0,0,0,0,0,0,0,0,0,0,0,0,0,0,0,0,81867
1,1,1,1,1426,639,639,0,-16,4,-50,-38,12,0,0,0,0,0,0,0,0,0,0,0,0,0,0,0,0,0,0,0,0,0,0,81877
1,1,1,1,1427,638,635,3,-26,3,-50,-39,14,0,0,0,0,0,0,0,0,0,0,0,0,0,0,0,0,0,0,0,0,0,0,81887
1,1,1,1,1423,640,632,-2,-15,2,-48,-39,16,0,0,0,0,0,0,0,0,0,0,0,0,0,0,0,0,0,0,0,0,0,0,81897
1,1,1,1,1426,625,643,-8,-5,2,-51,-38,17,0,0,0,0,0,0,0,0,0,0,0,0,0,0,0,0,0,0,0,0,0,0,81907
1,1,1,1,1428,608,637,4,-4,8,-50,-38,17,0,0,0,0,0,0,0,0,0,0,0,0,0,0,0,0,0,0,0,0,0,0,81917
1,1,1,1,1435,613,634,5,-7,9,-49,-38,16,0,0,0,0,0,0,0,0,0,0,0,0,0,0,0,0,0,0,0,0,0,0,81927
1,1,1,1,1435,612,620,-4,-11,9,-48,-38,16,0,0,0,0,0,0,0,0,0,0,0,0,0,0,0,0,0,0,0,0,0,0,81937
1,1,1,1,1437,617,620,-11,-6,11,-49,-38,15,0,0,0,0,0,0,0,0,0,0,0,0,0,0,0,0,0,0,0,0,0,0,81947
1,1,1,1,1430,618,626,-9,-5,14,-48,-38,15,0,0,0,0,0,0,0,0,0,0,0,0,0,0,0,0,0,0,0,0,0,0,81957
1,1,1,1,1427,618,629,2,-14,16,-50,-36,12,0,0,0,0,0,0,0,0,0,0,0,0,0,0,0,0,0,0,0,0,0,0,81977
1,1,1,1,1418,626,630,15,-10,15,-48,-39,11,0,0,0,0,0,0,0,0,0,0,0,0,0,0,0,0,0,0,0,0,0,0,81987
1,1,1,1,1423,621,626,11,-24,10,-51,-37,16,0,0,0,0,0,0,0,0,0,0,0,0,0,0,0,0,0,0,0,0,0,0,81997
1,1,1,1,1428,620,621,8,-19,8,-53,-35,16,0,0,0,0,0,0,0,0,0,0,0,0,0,0,0,0,0,0,0,0,0,0,82007
1,1,1,1,1430,626,622,6,-21,4,-51,-39,13,0,0,0,0,0,0,0,0,0,0,0,0,0,0,0,0,0,0,0,0,0,0,82017
1,1,1,1,1429,633,622,8,-16,4,-51,-37,14,0,0,0,0,0,0,0,0,0,0,0,0,0,0,0,0,0,0,0,0,0,0,82027
1,1,1,1,1424,626,630,3,-17,3,-51,-37,15,0,0,0,0,0,0,0,0,0,0,0,0,0,0,0,0,0,0,0,0,0,0,82037
1,1,1,1,1429,619,618,0,-22,5,-49,-34,19,0,0,0,0,0,0,0,0,0,0,0,0,0,0,0,0,0,0,0,0,0,0,82047
1,1,1,1,1421,620,618,-12,-17,6,-48,-37,14,0,0,0,0,0,0,0,0,0,0,0,0,0,0,0,0,0,0,0,0,0,0,82057
1,1,1,1,1425,605,631,-13,-25,12,-47,-38,14,0,0,0,0,0,0,0,0,0,0,0,0,0,0,0,0,0,0,0,0,0,0,82067
1,1,1,1,1428,594,639,-11,-27,11,-47,-37,17,0,0,0,0,0,0,0,0,0,0,0,0,0,0,0,0,0,0,0,0,0,0,82077
1,1,1,1,1432,613,636,-6,-23,13,-47,-37,18,0,0,0,0,0,0,0,0,0,0,0,0,0,0,0,0,0,0,0,0,0,0,82087
1,1,1,1,1433,605,647,3,-24,14,-48,-37,16,0,0,0,0,0,0,0,0,0,0,0,0,0,0,0,0,0,0,0,0,0,0,82097
1,1,1,1,1441,607,638,20,-19,21,-48,-37,15,0,0,0,0,0,0,0,0,0,0,0,0,0,0,0,0,0,0,0,0,0,0,82107
1,1,1,1,1438,619,635,18,-20,20,-48,-38,14,0,0,0,0,0,0,0,0,0,0,0,0,0,0,0,0,0,0,0,0,0,0,82117
1,1,1,1,1436,623,630,16,-16,19,-48,-38,16,0,0,0,0,0,0,0,0,0,0,0,0,0,0,0,0,0,0,0,0,0,0,82127
1,1,1,1,1431,632,633,13,-20,16,-47,-37,14,0,0,0,0,0,0,0,0,0,0,0,0,0,0,0,0,0,0,0,0,0,0,82137
1,1,1,1,1436,645,619,6,-14,13,-45,-38,16,0,0,0,0,0,0,0,0,0,0,0,0,0,0,0,0,0,0,0,0,0,0,82147
1,1,1,1,1431,642,615,-19,-19,5,-46,-37,15,0,0,0,0,0,0,0,0,0,0,0,0,0,0,0,0,0,0,0,0,0,0,82157
1,1,1,1,1424,619,630,-19,-22,2,-44,-37,15,0,0,0,0,0,0,0,0,0,0,0,0,0,0,0,0,0,0,0,0,0,0,82167
1,1,1,1,1423,612,640,-14,-16,4,-47,-36,14,0,0,0,0,0,0,0,0,0,0,0,0,0,0,0,0,0,0,0,0,0,0,82177
1,1,1,1,1427,617,634,-16,-18,4,-45,-37,16,0,0,0,0,0,0,0,0,0,0,0,0,0,0,0,0,0,0,0,0,0,0,82187
1,1,1,1,1425,607,644,-11,-10,3,-47,-36,16,0,0,0,0,0,0,0,0,0,0,0,0,0,0,0,0,0,0,0,0,0,0,82197
1,1,1,1,1431,609,641,-3,-4,10,-44,-35,16,0,0,0,0,0,0,0,0,0,0,0,0,0,0,0,0,0,0,0,0,0,0,82207
1,1,1,1,1432,616,639,-10,0,7,-46,-35,17,0,0,0,0,0,0,0,0,0,0,0,0,0,0,0,0,0,0,0,0,0,0,82217
1,1,1,1,1432,626,642,-10,-4,0,-44,-35,14,0,0,0,0,0,0,0,0,0,0,0,0,0,0,0,0,0,0,0,0,0,0,82227
1,1,1,1,1439,621,622,-12,-5,-2,-45,-33,15,0,0,0,0,0,0,0,0,0,0,0,0,0,0,0,0,0,0,0,0,0,0,82237
1,1,1,1,1440,622,615,-21,-6,-12,-43,-34,16,0,0,0,0,0,0,0,0,0,0,0,0,0,0,0,0,0,0,0,0,0,0,82247
1,1,1,1,1442,627,614,-33,-1,-17,-45,-32,17,0,0,0,0,0,0,0,0,0,0,0,0,0,0,0,0,0,0,0,0,0,0,82257
1,1,1,1,1453,608,590,-45,12,-21,-42,-32,13,0,0,0,0,0,0,0,0,0,0,0,0,0,0,0,0,0,0,0,0,0,0,82267
1,1,1,1,1428,628,615,-82,1,-33,-44,-29,15,0,0,0,0,0,0,0,0,0,0,0,0,0,0,0,0,0,0,0,0,0,0,82277
1,1,1,1,1425,642,618,-87,16,0,-42,-27,12,0,0,0,0,0,0,0,0,0,0,0,0,0,0,0,0,0,0,0,0,0,0,82287
1,1,1,1,1439,721,615,-45,38,124,-41,-30,4,0,0,0,0,0,0,0,0,0,0,0,0,0,0,0,0,0,0,0,0,0,0,82297
1,1,1,1,1420,718,623,-46,56,199,-42,-25,7,0,0,0,0,0,0,0,0,0,0,0,0,0,0,0,0,0,0,0,0,0,0,82307
1,1,1,1,1404,688,619,-124,93,196,-39,-25,4,0,0,0,0,0,0,0,0,0,0,0,0,0,0,0,0,0,0,0,0,0,0,82317
1,1,1,1,1404,798,648,-131,115,290,-35,-21,1,0,0,0,0,0,0,0,0,0,0,0,0,0,0,0,0,0,0,0,0,0,0,82327
1,1,1,1,1342,927,698,-73,113,457,-32,-14,23,0,0,0,0,0,0,0,0,0,0,0,0,0,0,0,0,0,0,0,0,0,0,82337
1,1,1,1,1242,234,751,-286,120,-5,-23,-8,17,0,0,0,0,0,0,0,0,0,0,0,0,0,0,0,0,0,0,0,0,0,0,82347
1,1,1,1,1463,583,688,-214,80,11,-24,-5,14,0,0,0,0,0,0,0,0,0,0,0,0,0,0,0,0,0,0,0,0,0,0,82357
1,1,1,1,1392,814,642,-75,86,204,-16,6,36,0,0,0,0,0,0,0,0,0,0,0,0,0,0,0,0,0,0,0,0,0,0,82367
1,1,1,1,1397,144,694,-257,127,-231,-8,16,22,0,0,0,0,0,0,0,0,0,0,0,0,0,0,0,0,0,0,0,0,0,0,82377
1,1,1,1,1444,544,599,-305,116,-236,-6,20,24,0,0,0,0,0,0,0,0,0,0,0,0,0,0,0,0,0,0,0,0,0,0,82387
1,1,1,1,1380,673,627,-135,140,-45,-1,28,24,0,0,0,0,0,0,0,0,0,0,0,0,0,0,0,0,0,0,0,0,0,0,82397
1,1,1,1,1235,594,720,-165,108,26,3,30,22,0,0,0,0,0,0,0,0,0,0,0,0,0,0,0,0,0,0,0,0,0,0,82407
1,1,1,1,1335,641,675,-101,71,188,3,34,31,0,0,0,0,0,0,0,0,0,0,0,0,0,0,0,0,0,0,0,0,0,0,82417
1,1,1,1,1348,427,654,-46,104,186,8,34,14,0,0,0,0,0,0,0,0,0,0,0,0,0,0,0,0,0,0,0,0,0,0,82427
1,1,1,1,1338,846,765,32,-5,475,6,32,11,0,0,0,0,0,0,0,0,0,0,0,0,0,0,0,0,0,0,0,0,0,0,82437
1,1,1,1,1281,700,631,114,22,660,6,31,13,0,0,0,0,0,0,0,0,0,0,0,0,0,0,0,0,0,0,0,0,0,0,82447
1,1,1,1,1372,653,593,51,87,716,6,30,12,0,0,0,0,0,0,0,0,0,0,0,0,0,0,0,0,0,0,0,0,0,0,82457
1,1,1,1,1461,506,554,-14,129,635,5,29,12,0,0,0,0,0,0,0,0,0,0,0,0,0,0,0,0,0,0,0,0,0,0,82467
1,1,1,1,1534,382,582,-46,176,435,4,28,13,0,0,0,0,0,0,0,0,0,0,0,0,0,0,0,0,0,0,0,0,0,0,82477
1,1,1,1,1576,353,612,-92,194,219,3,28,16,0,0,0,0,0,0,0,0,0,0,0,0,0,0,0,0,0,0,0,0,0,0,82487
1,1,1,1,1600,348,607,-177,221,-6,3,27,17,0,0,0,0,0,0,0,0,0,0,0,0,0,0,0,0,0,0,0,0,0,0,82497
1,1,1,1,1623,398,591,-244,277,-172,1,27,16,0,0,0,0,0,0,0,0,0,0,0,0,0,0,0,0,0,0,0,0,0,0,82507
1,1,1,1,1660,456,616,-243,343,-211,2,28,14,0,0,0,0,0,0,0,0,0,0,0,0,0,0,0,0,0,0,0,0,0,0,82517
1,1,1,1,1661,488,654,-183,395,-166,4,26,10,0,0,0,0,0,0,0,0,0,0,0,0,0,0,0,0,0,0,0,0,0,0,82527
1,1,1,1,1631,495,706,-75,423,-50,3,26,9,0,0,0,0,0,0,0,0,0,0,0,0,0,0,0,0,0,0,0,0,0,0,82537
1,1,1,1,1579,520,772,3,404,95,3,26,9,0,0,0,0,0,0,0,0,0,0,0,0,0,0,0,0,0,0,0,0,0,0,82547
1,1,1,1,1495,564,829,28,354,193,1,26,8,0,0,0,0,0,0,0,0,0,0,0,0,0,0,0,0,0,0,0,0,0,0,82557
1,1,1,1,1414,637,848,-38,280,259,1,27,9,0,0,0,0,0,0,0,0,0,0,0,0,0,0,0,0,0,0,0,0,0,0,82567
1,1,1,1,1398,665,791,-68,259,366,0,26,5,0,0,0,0,0,0,0,0,0,0,0,0,0,0,0,0,0,0,0,0,0,0,82577
1,1,1,1,1428,614,772,-24,268,469,0,28,8,0,0,0,0,0,0,0,0,0,0,0,0,0,0,0,0,0,0,0,0,0,0,82587
1,1,1,1,1456,558,810,9,248,469,0,27,8,0,0,0,0,0,0,0,0,0,0,0,0,0,0,0,0,0,0,0,0,0,0,82597
1,1,1,1,1395,522,833,15,220,403,-2,29,12,0,0,0,0,0,0,0,0,0,0,0,0,0,0,0,0,0,0,0,0,0,0,82607
1,1,1,1,1433,505,818,10,216,313,0,26,6,0,0,0,0,0,0,0,0,0,0,0,0,0,0,0,0,0,0,0,0,0,0,82617
1,1,1,1,1417,513,771,-16,216,265,0,24,4,0,0,0,0,0,0,0,0,0,0,0,0,0,0,0,0,0,0,0,0,0,0,82627
1,1,1,1,1424,544,749,-15,224,269,0,22,6,0,0,0,0,0,0,0,0,0,0,0,0,0,0,0,0,0,0,0,0,0,0,82637
1,1,1,1,1394,545,754,-14,240,304,2,24,3,0,0,0,0,0,0,0,0,0,0,0,0,0,0,0,0,0,0,0,0,0,0,82647
1,1,1,1,1367,512,772,-12,233,345,1,24,7,0,0,0,0,0,0,0,0,0,0,0,0,0,0,0,0,0,0,0,0,0,0,82657
1,1,1,1,1403,512,786,8,215,382,1,22,-1,0,0,0,0,0,0,0,0,0,0,0,0,0,0,0,0,0,0,0,0,0,0,82667
1,1,1,1,1398,557,717,-8,247,427,1,21,-4,0,0,0,0,0,0,0,0,0,0,0,0,0,0,0,0,0,0,0,0,0,0,82677
1,1,1,1,1370,576,688,-35,294,489,2,22,1,0,0,0,0,0,0,0,0,0,0,0,0,0,0,0,0,0,0,0,0,0,0,82687
1,1,1,1,1378,470,742,-27,329,541,-3,26,27,0,0,0,0,0,0,0,0,0,0,0,0,0,0,0,0,0,0,0,0,0,0,82697
1,1,1,1,1398,-197,811,-140,366,40,3,32,18,0,0,0,0,0,0,0,0,0,0,0,0,0,0,0,0,0,0,0,0,0,0,82707
1,1,1,1,1480,19,1207,-217,22,-301,1,29,17,0,0,0,0,0,0,0,0,0,0,0,0,0,0,0,0,0,0,0,0,0,0,82717
1,1,1,1,1275,261,827,-143,49,-289,4,27,7,0,0,0,0,0,0,0,0,0,0,0,0,0,0,0,0,0,0,0,0,0,0,82727
1,1,1,1,1421,563,749,-18,169,-83,2,28,12,0,0,0,0,0,0,0,0,0,0,0,0,0,0,0,0,0,0,0,0,0,0,82737
1,1,1,1,1426,402,841,11,95,49,5,29,15,0,0,0,0,0,0,0,0,0,0,0,0,0,0,0,0,0,0,0,0,0,0,82747
1,1,1,1,1404,239,861,-5,68,-27,4,30,17,0,0,0,0,0,0,0,0,0,0,0,0,0,0,0,0,0,0,0,0,0,0,82757
1,1,1,1,1446,300,855,41,33,-46,9,30,13,0,0,0,0,0,0,0,0,0,0,0,0,0,0,0,0,0,0,0,0,0,0,82767
1,1,1,1,1445,388,791,121,55,-6,5,30,12,0,0,0,0,0,0,0,0,0,0,0,0,0,0,0,0,0,0,0,0,0,0,82777
1,1,1,1,1445,356,727,72,118,-33,3,29,13,0,0,0,0,0,0,0,0,0,0,0,0,0,0,0,0,0,0,0,0,0,0,82787
1,1,1,1,1399,393,730,-1,164,-81,5,29,10,0,0,0,0,0,0,0,0,0,0,0,0,0,0,0,0,0,0,0,0,0,0,82797
1,1,1,1,1392,429,754,-7,227,-48,4,29,12,0,0,0,0,0,0,0,0,0,0,0,0,0,0,0,0,0,0,0,0,0,0,82807
1,1,1,1,1405,486,796,26,233,42,4,29,15,0,0,0,0,0,0,0,0,0,0,0,0,0,0,0,0,0,0,0,0,0,0,82817
1,1,1,1,1375,492,774,6,260,96,5,29,14,0,0,0,0,0,0,0,0,0,0,0,0,0,0,0,0,0,0,0,0,0,0,82827
1,1,1,1,1404,545,826,-11,269,143,5,29,8,0,0,0,0,0,0,0,0,0,0,0,0,0,0,0,0,0,0,0,0,0,0,82837
1,1,1,1,1382,611,978,73,174,256,3,29,14,0,0,0,0,0,0,0,0,0,0,0,0,0,0,0,0,0,0,0,0,0,0,82847
1,1,1,1,1318,442,932,39,118,204,2,29,18,0,0,0,0,0,0,0,0,0,0,0,0,0,0,0,0,0,0,0,0,0,0,82857
1,1,1,1,1444,422,872,-50,73,86,4,28,14,0,0,0,0,0,0,0,0,0,0,0,0,0,0,0,0,0,0,0,0,0,0,82867
1,1,1,1,1449,465,758,-78,114,42,0,32,14,0,0,0,0,0,0,0,0,0,0,0,0,0,0,0,0,0,0,0,0,0,0,82877
1,1,1,1,1421,515,778,-58,191,79,-1,33,9,0,0,0,0,0,0,0,0,0,0,0,0,0,0,0,0,0,0,0,0,0,0,82887
1,1,1,1,1416,484,882,-56,179,93,3,29,12,0,0,0,0,0,0,0,0,0,0,0,0,0,0,0,0,0,0,0,0,0,0,82897
1,1,1,1,1422,438,883,-65,167,82,2,27,13,0,0,0,0,0,0,0,0,0,0,0,0,0,0,0,0,0,0,0,0,0,0,82907
1,1,1,1,1465,493,875,-71,177,105,3,24,6,0,0,0,0,0,0,0,0,0,0,0,0,0,0,0,0,0,0,0,0,0,0,82917
1,1,1,1,1446,490,831,-80,224,133,1,25,6,0,0,0,0,0,0,0,0,0,0,0,0,0,0,0,0,0,0,0,0,0,0,82927
1,1,1,1,1477,408,800,-127,285,120,1,29,10,0,0,0,0,0,0,0,0,0,0,0,0,0,0,0,0,0,0,0,0,0,0,82937
1,1,1,1,1451,402,803,-171,356,74,1,28,7,0,0,0,0,0,0,0,0,0,0,0,0,0,0,0,0,0,0,0,0,0,0,82947
1,1,1,1,1399,443,885,-155,364,77,2,31,10,0,0,0,0,0,0,0,0,0,0,0,0,0,0,0,0,0,0,0,0,0,0,82957
1,1,1,1,1323,403,1071,-105,245,67,5,30,12,0,0,0,0,0,0,0,0,0,0,0,0,0,0,0,0,0,0,0,0,0,0,82967
1,1,1,1,1231,330,1032,-148,173,-2,4,31,11,0,0,0,0,0,0,0,0,0,0,0,0,0,0,0,0,0,0,0,0,0,0,82977
1,1,1,1,1386,486,840,-126,261,13,3,29,11,0,0,0,0,0,0,0,0,0,0,0,0,0,0,0,0,0,0,0,0,0,0,82987
1,1,1,1,1413,498,849,-113,270,99,2,29,10,0,0,0,0,0,0,0,0,0,0,0,0,0,0,0,0,0,0,0,0,0,0,82997
1,1,1,1,1379,458,883,-140,308,155,2,30,15,0,0,0,0,0,0,0,0,0,0,0,0,0,0,0,0,0,0,0,0,0,0,83007
1,1,1,1,1427,355,908,-137,306,155,1,30,12,0,0,0,0,0,0,0,0,0,0,0,0,0,0,0,0,0,0,0,0,0,0,83017
1,1,1,1,1466,408,861,-103,334,190,1,30,16,0,0,0,0,0,0,0,0,0,0,0,0,0,0,0,0,0,0,0,0,0,0,83027
1,1,1,1,1397,343,898,-121,344,159,1,31,11,0,0,0,0,0,0,0,0,0,0,0,0,0,0,0,0,0,0,0,0,0,0,83037
1,1,1,1,1326,361,986,-181,295,93,4,30,12,0,0,0,0,0,0,0,0,0,0,0,0,0,0,0,0,0,0,0,0,0,0,83047
1,1,1,1,1334,436,884,-156,351,165,1,30,9,0,0,0,0,0,0,0,0,0,0,0,0,0,0,0,0,0,0,0,0,0,0,83057
1,1,1,1,1334,453,884,-142,425,246,2,31,10,0,0,0,0,0,0,0,0,0,0,0,0,0,0,0,0,0,0,0,0,0,0,83067
1,1,1,1,1384,346,1073,-140,377,207,1,34,18,0,0,0,0,0,0,0,0,0,0,0,0,0,0,0,0,0,0,0,0,0,0,83077
1,1,1,1,1294,256,1071,-196,307,-8,2,32,14,0,0,0,0,0,0,0,0,0,0,0,0,0,0,0,0,0,0,0,0,0,0,83087
1,1,1,1,1428,537,976,-131,360,113,2,33,20,0,0,0,0,0,0,0,0,0,0,0,0,0,0,0,0,0,0,0,0,0,0,83097
1,1,1,1,1308,398,1039,-193,338,62,2,34,20,0,0,0,0,0,0,0,0,0,0,0,0,0,0,0,0,0,0,0,0,0,0,83107
1,1,1,1,1336,474,1010,-204,348,106,4,32,14,0,0,0,0,0,0,0,0,0,0,0,0,0,0,0,0,0,0,0,0,0,0,83117
1,1,1,1,1329,644,1015,-111,345,363,4,30,11,0,0,0,0,0,0,0,0,0,0,0,0,0,0,0,0,0,0,0,0,0,0,83127
1,1,1,1,1262,700,998,-27,361,649,-3,32,36,0,0,0,0,0,0,0,0,0,0,0,0,0,0,0,0,0,0,0,0,0,0,83137
1,1,1,1,1174,-143,896,-151,478,404,0,35,32,0,0,0,0,0,0,0,0,0,0,0,0,0,0,0,0,0,0,0,0,0,0,83147
1,1,1,1,1550,-86,1199,-368,391,-91,-3,32,33,0,0,0,0,0,0,0,0,0,0,0,0,0,0,0,0,0,0,0,0,0,0,83157
1,1,1,1,1407,148,1119,-111,182,-115,-3,31,32,0,0,0,0,0,0,0,0,0,0,0,0,0,0,0,0,0,0,0,0,0,0,83167
1,1,1,1,1324,353,931,-83,241,-30,-5,32,31,0,0,0,0,0,0,0,0,0,0,0,0,0,0,0,0,0,0,0,0,0,0,83177
1,1,1,1,1379,333,836,-20,317,128,-7,33,36,0,0,0,0,0,0,0,0,0,0,0,0,0,0,0,0,0,0,0,0,0,0,83187
1,1,1,1,1369,214,936,-11,348,181,-9,36,41,0,0,0,0,0,0,0,0,0,0,0,0,0,0,0,0,0,0,0,0,0,0,83197
1,1,1,1,1326,119,1101,56,267,180,-5,31,43,0,0,0,0,0,0,0,0,0,0,0,0,0,0,0,0,0,0,0,0,0,0,83207
1,1,1,1,1331,89,1111,145,163,142,-6,34,42,0,0,0,0,0,0,0,0,0,0,0,0,0,0,0,0,0,0,0,0,0,0,83217
1,1,1,1,1285,177,1038,187,89,131,-11,32,43,0,0,0,0,0,0,0,0,0,0,0,0,0,0,0,0,0,0,0,0,0,0,83227
1,1,1,1,1229,329,907,200,125,210,-11,30,46,0,0,0,0,0,0,0,0,0,0,0,0,0,0,0,0,0,0,0,0,0,0,83237
1,1,1,1,1210,430,808,141,194,294,-16,31,47,0,0,0,0,0,0,0,0,0,0,0,0,0,0,0,0,0,0,0,0,0,0,83247
1,1,1,1,1181,385,837,87,247,327,-15,33,48,0,0,0,0,0,0,0,0,0,0,0,0,0,0,0,0,0,0,0,0,0,0,83257
1,1,1,1,1196,301,921,85,242,322,-15,34,51,0,0,0,0,0,0,0,0,0,0,0,0,0,0,0,0,0,0,0,0,0,0,83267
1,1,1,1,1188,323,947,98,216,305,-15,34,51,0,0,0,0,0,0,0,0,0,0,0,0,0,0,0,0,0,0,0,0,0,0,83277
1,1,1,1,1160,389,961,93,196,306,-14,33,52,0,0,0,0,0,0,0,0,0,0,0,0,0,0,0,0,0,0,0,0,0,0,83287
1,1,1,1,1147,336,1000,53,148,265,-16,34,53,0,0,0,0,0,0,0,0,0,0,0,0,0,0,0,0,0,0,0,0,0,0,83297
1,1,1,1,1214,340,1013,29,94,228,-17,34,56,0,0,0,0,0,0,0,0,0,0,0,0,0,0,0,0,0,0,0,0,0,0,83307
1,1,1,1,1232,359,998,20,86,218,-17,34,57,0,0,0,0,0,0,0,0,0,0,0,0,0,0,0,0,0,0,0,0,0,0,83317
1,1,1,1,1270,342,907,-47,74,170,-14,34,57,0,0,0,0,0,0,0,0,0,0,0,0,0,0,0,0,0,0,0,0,0,0,83327
1,1,1,1,1308,352,893,-99,51,148,-14,34,54,0,0,0,0,0,0,0,0,0,0,0,0,0,0,0,0,0,0,0,0,0,0,83337
1,1,1,1,1278,325,927,-100,46,153,-11,35,51,0,0,0,0,0,0,0,0,0,0,0,0,0,0,0,0,0,0,0,0,0,0,83347
1,1,1,1,1252,300,976,-57,49,160,-13,35,50,0,0,0,0,0,0,0,0,0,0,0,0,0,0,0,0,0,0,0,0,0,0,83357
1,1,1,1,1261,218,1072,-20,-8,134,-11,35,51,0,0,0,0,0,0,0,0,0,0,0,0,0,0,0,0,0,0,0,0,0,0,83367
1,1,1,1,1235,211,1118,37,-64,116,-9,35,53,0,0,0,0,0,0,0,0,0,0,0,0,0,0,0,0,0,0,0,0,0,0,83377
1,1,1,1,1299,172,1089,85,-89,92,-12,35,52,0,0,0,0,0,0,0,0,0,0,0,0,0,0,0,0,0,0,0,0,0,0,83387
1,1,1,1,1319,223,1033,114,-101,104,-16,37,54,0,0,0,0,0,0,0,0,0,0,0,0,0,0,0,0,0,0,0,0,0,0,83397
1,1,1,1,1322,223,1021,105,-82,119,-13,36,57,0,0,0,0,0,0,0,0,0,0,0,0,0,0,0,0,0,0,0,0,0,0,83407
1,1,1,1,1344,253,989,57,-75,114,-14,36,57,0,0,0,0,0,0,0,0,0,0,0,0,0,0,0,0,0,0,0,0,0,0,83417
1,1,1,1,1374,286,986,38,-55,112,-14,37,57,0,0,0,0,0,0,0,0,0,0,0,0,0,0,0,0,0,0,0,0,0,0,83427
1,1,1,1,1357,269,1022,41,-44,104,-13,36,59,0,0,0,0,0,0,0,0,0,0,0,0,0,0,0,0,0,0,0,0,0,0,83437
1,1,1,1,1360,280,1062,30,-49,67,-13,36,61,0,0,0,0,0,0,0,0,0,0,0,0,0,0,0,0,0,0,0,0,0,0,83447
1,1,1,1,1373,354,1016,29,-30,41,-13,36,63,0,0,0,0,0,0,0,0,0,0,0,0,0,0,0,0,0,0,0,0,0,0,83457
1,1,1,1,1376,374,973,43,14,24,-14,37,62,0,0,0,0,0,0,0,0,0,0,0,0,0,0,0,0,0,0,0,0,0,0,83467
1,1,1,1,1353,336,1020,25,20,-9,-15,39,62,0,0,0,0,0,0,0,0,0,0,0,0,0,0,0,0,0,0,0,0,0,0,83477
1,1,1,1,1301,338,1068,-10,6,-30,-14,34,59,0,0,0,0,0,0,0,0,0,0,0,0,0,0,0,0,0,0,0,0,0,0,83487
1,1,1,1,1283,296,1086,-28,-18,-54,-14,36,62,0,0,0,0,0,0,0,0,0,0,0,0,0,0,0,0,0,0,0,0,0,0,83497
1,1,1,1,1301,280,1072,-30,-27,-66,-18,40,66,0,0,0,0,0,0,0,0,0,0,0,0,0,0,0,0,0,0,0,0,0,0,83507
1,1,1,1,1299,278,1062,-57,-40,-72,-17,41,66,0,0,0,0,0,0,0,0,0,0,0,0,0,0,0,0,0,0,0,0,0,0,83517
1,1,1,1,1317,263,1040,-91,-51,-83,-16,36,67,0,0,0,0,0,0,0,0,0,0,0,0,0,0,0,0,0,0,0,0,0,0,83527
1,1,1,1,1332,258,1006,-82,-50,-65,-14,36,70,0,0,0,0,0,0,0,0,0,0,0,0,0,0,0,0,0,0,0,0,0,0,83537
1,1,1,1,1359,242,955,-64,-12,-44,-15,38,71,0,0,0,0,0,0,0,0,0,0,0,0,0,0,0,0,0,0,0,0,0,0,83547
1,1,1,1,1349,225,984,-31,17,-16,-15,40,74,0,0,0,0,0,0,0,0,0,0,0,0,0,0,0,0,0,0,0,0,0,0,83557
1,1,1,1,1326,185,1027,-7,10,8,-14,36,71,0,0,0,0,0,0,0,0,0,0,0,0,0,0,0,0,0,0,0,0,0,0,83567
1,1,1,1,1327,171,1040,20,-11,30,-15,39,70,0,0,0,0,0,0,0,0,0,0,0,0,0,0,0,0,0,0,0,0,0,0,83577
1,1,1,1,1312,212,1042,36,-20,43,-15,39,73,0,0,0,0,0,0,0,0,0,0,0,0,0,0,0,0,0,0,0,0,0,0,83587
1,1,1,1,1288,238,1054,42,-30,47,-15,40,74,0,0,0,0,0,0,0,0,0,0,0,0,0,0,0,0,0,0,0,0,0,0,83597
1,1,1,1,1296,234,1041,64,-43,48,-19,39,74,0,0,0,0,0,0,0,0,0,0,0,0,0,0,0,0,0,0,0,0,0,0,83607
1,1,1,1,1309,252,1020,27,-54,32,-20,39,77,0,0,0,0,0,0,0,0,0,0,0,0,0,0,0,0,0,0,0,0,0,0,83617
1,1,1,1,1284,321,1016,-24,-62,16,-20,39,77,0,0,0,0,0,0,0,0,0,0,0,0,0,0,0,0,0,0,0,0,0,0,83627
1,1,1,1,1311,334,973,-70,-44,12,-18,40,78,0,0,0,0,0,0,0,0,0,0,0,0,0,0,0,0,0,0,0,0,0,0,83637
1,1,1,1,1327,327,973,-118,-35,1,-17,39,76,0,0,0,0,0,0,0,0,0,0,0,0,0,0,0,0,0,0,0,0,0,0,83647
1,1,1,1,1318,318,1015,-143,-43,-9,-18,40,76,0,0,0,0,0,0,0,0,0,0,0,0,0,0,0,0,0,0,0,0,0,0,83657
1,1,1,1,1303,245,1077,-106,-63,-13,-16,40,76,0,0,0,0,0,0,0,0,0,0,0,0,0,0,0,0,0,0,0,0,0,0,83667
1,1,1,1,1328,221,1067,-43,-63,-7,-17,40,79,0,0,0,0,0,0,0,0,0,0,0,0,0,0,0,0,0,0,0,0,0,0,83677
1,1,1,1,1337,237,1019,-6,-56,4,-18,40,78,0,0,0,0,0,0,0,0,0,0,0,0,0,0,0,0,0,0,0,0,0,0,83687
1,1,1,1,1347,259,1000,-15,-41,15,-19,40,80,0,0,0,0,0,0,0,0,0,0,0,0,0,0,0,0,0,0,0,0,0,0,83697
1,1,1,1,1333,251,989,-12,-24,44,-19,40,79,0,0,0,0,0,0,0,0,0,0,0,0,0,0,0,0,0,0,0,0,0,0,83707
1,1,1,1,1314,192,1027,-7,-24,61,-18,40,80,0,0,0,0,0,0,0,0,0,0,0,0,0,0,0,0,0,0,0,0,0,0,83717
1,1,1,1,1285,207,1036,-12,-29,74,-16,40,82,0,0,0,0,0,0,0,0,0,0,0,0,0,0,0,0,0,0,0,0,0,0,83727
1,1,1,1,1286,236,1028,-19,-26,86,-16,40,80,0,0,0,0,0,0,0,0,0,0,0,0,0,0,0,0,0,0,0,0,0,0,83737
1,1,1,1,1278,264,1034,-18,-32,90,-18,41,83,0,0,0,0,0,0,0,0,0,0,0,0,0,0,0,0,0,0,0,0,0,0,83747
1,1,1,1,1293,253,1035,-14,-42,96,-20,41,82,0,0,0,0,0,0,0,0,0,0,0,0,0,0,0,0,0,0,0,0,0,0,83757
1,1,1,1,1322,266,1017,-6,-40,91,-21,43,81,0,0,0,0,0,0,0,0,0,0,0,0,0,0,0,0,0,0,0,0,0,0,83767
1,1,1,1,1336,263,1007,9,-34,84,-19,42,83,0,0,0,0,0,0,0,0,0,0,0,0,0,0,0,0,0,0,0,0,0,0,83777
1,1,1,1,1354,237,1022,12,-35,81,-19,41,84,0,0,0,0,0,0,0,0,0,0,0,0,0,0,0,0,0,0,0,0,0,0,83787
1,1,1,1,1345,243,1023,-8,-38,79,-21,41,86,0,0,0,0,0,0,0,0,0,0,0,0,0,0,0,0,0,0,0,0,0,0,83797
1,1,1,1,1324,240,1031,-35,-41,85,-21,41,84,0,0,0,0,0,0,0,0,0,0,0,0,0,0,0,0,0,0,0,0,0,0,83807
1,1,1,1,1329,214,1053,-14,-33,96,-18,39,87,0,0,0,0,0,0,0,0,0,0,0,0,0,0,0,0,0,0,0,0,0,0,83817
1,1,1,1,1317,227,1032,-33,-39,92,-19,40,87,0,0,0,0,0,0,0,0,0,0,0,0,0,0,0,0,0,0,0,0,0,0,83827
1,1,1,1,1318,251,1027,-62,-49,85,-23,43,91,0,0,0,0,0,0,0,0,0,0,0,0,0,0,0,0,0,0,0,0,0,0,83837
1,1,1,1,1309,292,1026,-66,-41,97,-24,43,92,0,0,0,0,0,0,0,0,0,0,0,0,0,0,0,0,0,0,0,0,0,0,83847
1,1,1,1,1319,284,1018,-84,-44,97,-21,43,93,0,0,0,0,0,0,0,0,0,0,0,0,0,0,0,0,0,0,0,0,0,0,83857
1,1,1,1,1352,267,1021,-76,-52,93,-20,44,95,0,0,0,0,0,0,0,0,0,0,0,0,0,0,0,0,0,0,0,0,0,0,83867
1,1,1,1,1348,242,1024,-71,-21,81,-20,44,95,0,0,0,0,0,0,0,0,0,0,0,0,0,0,0,0,0,0,0,0,0,0,83897
1,1,1,1,1316,231,1050,-42,-15,91,-19,44,95,0,0,0,0,0,0,0,0,0,0,0,0,0,0,0,0,0,0,0,0,0,0,83907
1,1,1,1,1314,194,1061,-6,-22,96,-18,43,95,0,0,0,0,0,0,0,0,0,0,0,0,0,0,0,0,0,0,0,0,0,0,83917
1,1,1,1,1342,199,1054,17,-24,102,-20,45,94,0,0,0,0,0,0,0,0,0,0,0,0,0,0,0,0,0,0,0,0,0,0,83927
1,1,1,1,1345,232,1042,10,-17,100,-20,44,94,0,0,0,0,0,0,0,0,0,0,0,0,0,0,0,0,0,0,0,0,0,0,83937
1,1,1,1,1350,239,1056,-6,-13,96,-19,44,97,0,0,0,0,0,0,0,0,0,0,0,0,0,0,0,0,0,0,0,0,0,0,83947
1,1,1,1,1352,247,1059,-15,-7,82,-19,46,96,0,0,0,0,0,0,0,0,0,0,0,0,0,0,0,0,0,0,0,0,0,0,83957
1,1,1,1,1351,252,1061,-28,-10,59,-19,44,98,0,0,0,0,0,0,0,0,0,0,0,0,0,0,0,0,0,0,0,0,0,0,83967
1,1,1,1,1348,279,1043,-62,-8,41,-20,44,98,0,0,0,0,0,0,0,0,0,0,0,0,0,0,0,0,0,0,0,0,0,0,83977
1,1,1,1,1363,284,1014,-86,5,25,-23,46,100,0,0,0,0,0,0,0,0,0,0,0,0,0,0,0,0,0,0,0,0,0,0,83987
1,1,1,1,1369,263,1007,-90,10,5,-23,45,100,0,0,0,0,0,0,0,0,0,0,0,0,0,0,0,0,0,0,0,0,0,0,83997
1,1,1,1,1355,238,1036,-60,23,4,-23,46,102,0,0,0,0,0,0,0,0,0,0,0,0,0,0,0,0,0,0,0,0,0,0,84007
1,1,1,1,1350,205,1041,-41,31,3,-23,47,102,0,0,0,0,0,0,0,0,0,0,0,0,0,0,0,0,0,0,0,0,0,0,84017
1,1,1,1,1322,200,1051,-22,33,14,-20,47,100,0,0,0,0,0,0,0,0,0,0,0,0,0,0,0,0,0,0,0,0,0,0,84027
1,1,1,1,1312,183,1073,7,28,32,-23,47,101,0,0,0,0,0,0,0,0,0,0,0,0,0,0,0,0,0,0,0,0,0,0,84037
1,1,1,1,1333,176,1048,28,26,35,-23,47,101,0,0,0,0,0,0,0,0,0,0,0,0,0,0,0,0,0,0,0,0,0,0,84047
1,1,1,1,1351,223,1008,31,26,34,-24,47,104,0,0,0,0,0,0,0,0,0,0,0,0,0,0,0,0,0,0,0,0,0,0,84057
1,1,1,1,1342,250,1008,19,30,19,-21,47,102,0,0,0,0,0,0,0,0,0,0,0,0,0,0,0,0,0,0,0,0,0,0,84067
1,1,1,1,1312,277,1035,7,30,-11,-25,49,101,0,0,0,0,0,0,0,0,0,0,0,0,0,0,0,0,0,0,0,0,0,0,84077
1,1,1,1,1310,301,1052,-2,25,-44,-20,46,103,0,0,0,0,0,0,0,0,0,0,0,0,0,0,0,0,0,0,0,0,0,0,84087
1,1,1,1,1325,291,1034,-28,21,-74,-22,48,105,0,0,0,0,0,0,0,0,0,0,0,0,0,0,0,0,0,0,0,0,0,0,84097
1,1,1,1,1336,315,1045,-66,21,-111,-25,49,107,0,0,0,0,0,0,0,0,0,0,0,0,0,0,0,0,0,0,0,0,0,0,84107
1,1,1,1,1337,310,1062,-71,15,-131,-22,45,103,0,0,0,0,0,0,0,0,0,0,0,0,0,0,0,0,0,0,0,0,0,0,84117
1,1,1,1,1342,227,1044,-79,33,-155,-25,46,107,0,0,0,0,0,0,0,0,0,0,0,0,0,0,0,0,0,0,0,0,0,0,84127
1,1,1,1,1361,227,1041,-82,44,-153,-24,52,109,0,0,0,0,0,0,0,0,0,0,0,0,0,0,0,0,0,0,0,0,0,0,84137
1,1,1,1,1340,200,1076,-56,53,-141,-22,48,106,0,0,0,0,0,0,0,0,0,0,0,0,0,0,0,0,0,0,0,0,0,0,84147
1,1,1,1,1329,166,1091,1,57,-132,-22,50,108,0,0,0,0,0,0,0,0,0,0,0,0,0,0,0,0,0,0,0,0,0,0,84157
1,1,1,1,1351,181,1075,74,62,-106,-19,48,108,0,0,0,0,0,0,0,0,0,0,0,0,0,0,0,0,0,0,0,0,0,0,84167
1,1,1,1,1342,191,1036,81,84,-108,-22,49,109,0,0,0,0,0,0,0,0,0,0,0,0,0,0,0,0,0,0,0,0,0,0,84177
1,1,1,1,1339,266,1038,51,88,-103,-20,50,111,0,0,0,0,0,0,0,0,0,0,0,0,0,0,0,0,0,0,0,0,0,0,84187
1,1,1,1,1332,228,1074,50,99,-115,-23,51,111,0,0,0,0,0,0,0,0,0,0,0,0,0,0,0,0,0,0,0,0,0,0,84207
1,1,1,1,1302,255,1074,49,104,-117,-24,50,111,0,0,0,0,0,0,0,0,0,0,0,0,0,0,0,0,0,0,0,0,0,0,84217
1,1,1,1,1296,231,1089,30,93,-117,-25,49,112,0,0,0,0,0,0,0,0,0,0,0,0,0,0,0,0,0,0,0,0,0,0,84227
1,1,1,1,1323,206,1075,42,100,-115,-24,49,112,0,0,0,0,0,0,0,0,0,0,0,0,0,0,0,0,0,0,0,0,0,0,84237
1,1,1,1,1319,209,1083,70,103,-108,-24,51,113,0,0,0,0,0,0,0,0,0,0,0,0,0,0,0,0,0,0,0,0,0,0,84247
1,1,1,1,1312,201,1076,104,100,-84,-25,50,111,0,0,0,0,0,0,0,0,0,0,0,0,0,0,0,0,0,0,0,0,0,0,84257
1,1,1,1,1314,200,1049,150,103,-72,-23,50,111,0,0,0,0,0,0,0,0,0,0,0,0,0,0,0,0,0,0,0,0,0,0,84267
1,1,1,1,1293,249,1041,181,110,-55,-24,50,112,0,0,0,0,0,0,0,0,0,0,0,0,0,0,0,0,0,0,0,0,0,0,84277
1,1,1,1,1279,275,1036,170,100,-65,-24,50,113,0,0,0,0,0,0,0,0,0,0,0,0,0,0,0,0,0,0,0,0,0,0,84287
1,1,1,1,1304,296,1019,142,89,-74,-25,50,114,0,0,0,0,0,0,0,0,0,0,0,0,0,0,0,0,0,0,0,0,0,0,84297
1,1,1,1,1302,329,1017,92,74,-93,-26,51,114,0,0,0,0,0,0,0,0,0,0,0,0,0,0,0,0,0,0,0,0,0,0,84307
1,1,1,1,1300,336,1026,58,75,-105,-26,51,111,0,0,0,0,0,0,0,0,0,0,0,0,0,0,0,0,0,0,0,0,0,0,84317
1,1,1,1,1294,287,1060,43,67,-122,-25,51,108,0,0,0,0,0,0,0,0,0,0,0,0,0,0,0,0,0,0,0,0,0,0,84327
1,1,1,1,1290,259,1063,43,69,-126,-25,51,111,0,0,0,0,0,0,0,0,0,0,0,0,0,0,0,0,0,0,0,0,0,0,84337
1,1,1,1,1293,227,1064,43,64,-121,-26,51,111,0,0,0,0,0,0,0,0,0,0,0,0,0,0,0,0,0,0,0,0,0,0,84347
1,1,1,1,1284,241,1071,67,58,-104,-26,51,110,0,0,0,0,0,0,0,0,0,0,0,0,0,0,0,0,0,0,0,0,0,0,84357
1,1,1,1,1273,270,1054,73,54,-85,-23,51,112,0,0,0,0,0,0,0,0,0,0,0,0,0,0,0,0,0,0,0,0,0,0,84367
1,1,1,1,1296,266,1021,64,51,-81,-24,51,111,0,0,0,0,0,0,0,0,0,0,0,0,0,0,0,0,0,0,0,0,0,0,84377
1,1,1,1,1295,275,1025,65,57,-79,-24,49,111,0,0,0,0,0,0,0,0,0,0,0,0,0,0,0,0,0,0,0,0,0,0,84387
1,1,1,1,1279,276,1053,57,57,-72,-26,52,110,0,0,0,0,0,0,0,0,0,0,0,0,0,0,0,0,0,0,0,0,0,0,84397
1,1,1,1,1295,272,1041,64,47,-65,-25,54,112,0,0,0,0,0,0,0,0,0,0,0,0,0,0,0,0,0,0,0,0,0,0,84407
1,1,1,1,1302,281,1027,74,60,-71,-26,53,112,0,0,0,0,0,0,0,0,0,0,0,0,0,0,0,0,0,0,0,0,0,0,84417
1,1,1,1,1271,289,1050,76,70,-73,-24,47,109,0,0,0,0,0,0,0,0,0,0,0,0,0,0,0,0,0,0,0,0,0,0,84427
1,1,1,1,1264,291,1042,78,66,-79,-27,51,111,0,0,0,0,0,0,0,0,0,0,0,0,0,0,0,0,0,0,0,0,0,0,84437
1,1,1,1,1258,292,1037,68,74,-95,-26,50,108,0,0,0,0,0,0,0,0,0,0,0,0,0,0,0,0,0,0,0,0,0,0,84447
1,1,1,1,1254,319,1048,52,75,-112,-22,50,107,0,0,0,0,0,0,0,0,0,0,0,0,0,0,0,0,0,0,0,0,0,0,84457
1,1,1,1,1225,367,1076,49,70,-119,-25,52,111,0,0,0,0,0,0,0,0,0,0,0,0,0,0,0,0,0,0,0,0,0,0,84467
1,1,1,1,1245,358,1054,31,70,-142,-21,48,109,0,0,0,0,0,0,0,0,0,0,0,0,0,0,0,0,0,0,0,0,0,0,84477
1,1,1,1,1290,338,1022,17,66,-166,-21,49,108,0,0,0,0,0,0,0,0,0,0,0,0,0,0,0,0,0,0,0,0,0,0,84487
1,1,1,1,1287,316,1042,8,61,-184,-22,50,106,0,0,0,0,0,0,0,0,0,0,0,0,0,0,0,0,0,0,0,0,0,0,84497
1,1,1,1,1269,291,1090,10,37,-204,-22,50,109,0,0,0,0,0,0,0,0,0,0,0,0,0,0,0,0,0,0,0,0,0,0,84507
1,1,1,1,1271,296,1063,45,39,-184,-22,51,107,0,0,0,0,0,0,0,0,0,0,0,0,0,0,0,0,0,0,0,0,0,0,84517
1,1,1,1,1271,250,1047,43,29,-181,-21,50,106,0,0,0,0,0,0,0,0,0,0,0,0,0,0,0,0,0,0,0,0,0,0,84527
1,1,1,1,1277,260,1044,52,35,-151,-23,50,103,0,0,0,0,0,0,0,0,0,0,0,0,0,0,0,0,0,0,0,0,0,0,84537
1,1,1,1,1264,250,1047,52,44,-126,-20,50,100,0,0,0,0,0,0,0,0,0,0,0,0,0,0,0,0,0,0,0,0,0,0,84547
1,1,1,1,1254,288,1068,53,24,-81,-21,50,103,0,0,0,0,0,0,0,0,0,0,0,0,0,0,0,0,0,0,0,0,0,0,84557
1,1,1,1,1190,284,1096,59,35,-88,-21,51,102,0,0,0,0,0,0,0,0,0,0,0,0,0,0,0,0,0,0,0,0,0,0,84567
1,1,1,1,1265,253,1063,83,48,-107,-20,50,101,0,0,0,0,0,0,0,0,0,0,0,0,0,0,0,0,0,0,0,0,0,0,84577
1,1,1,1,1226,323,1074,114,65,-78,-20,50,101,0,0,0,0,0,0,0,0,0,0,0,0,0,0,0,0,0,0,0,0,0,0,84587
1,1,1,1,1206,335,1075,111,60,-74,-19,50,98,0,0,0,0,0,0,0,0,0,0,0,0,0,0,0,0,0,0,0,0,0,0,84597
1,1,1,1,1237,321,1062,148,85,-43,-21,50,97,0,0,0,0,0,0,0,0,0,0,0,0,0,0,0,0,0,0,0,0,0,0,84617
1,1,1,1,1258,350,1044,120,84,-44,-24,50,99,0,0,0,0,0,0,0,0,0,0,0,0,0,0,0,0,0,0,0,0,0,0,84627
1,1,1,1,1242,376,1058,82,84,-37,-21,50,101,0,0,0,0,0,0,0,0,0,0,0,0,0,0,0,0,0,0,0,0,0,0,84637
1,1,1,1,1245,344,1059,68,84,-35,-19,49,100,0,0,0,0,0,0,0,0,0,0,0,0,0,0,0,0,0,0,0,0,0,0,84647
1,1,1,1,1231,339,1054,56,81,-29,-21,49,99,0,0,0,0,0,0,0,0,0,0,0,0,0,0,0,0,0,0,0,0,0,0,84657
1,1,1,1,1222,347,1046,38,81,-18,-23,50,98,0,0,0,0,0,0,0,0,0,0,0,0,0,0,0,0,0,0,0,0,0,0,84667
1,1,1,1,1226,336,1040,28,85,-11,-21,50,99,0,0,0,0,0,0,0,0,0,0,0,0,0,0,0,0,0,0,0,0,0,0,84677
1,1,1,1,1233,360,1053,17,75,-10,-21,48,98,0,0,0,0,0,0,0,0,0,0,0,0,0,0,0,0,0,0,0,0,0,0,84687
1,1,1,1,1215,372,1063,-10,65,-2,-24,52,99,0,0,0,0,0,0,0,0,0,0,0,0,0,0,0,0,0,0,0,0,0,0,84697
1,1,1,1,1241,354,1054,-16,47,4,-25,52,100,0,0,0,0,0,0,0,0,0,0,0,0,0,0,0,0,0,0,0,0,0,0,84707
1,1,1,1,1258,360,1032,5,51,10,-24,49,99,0,0,0,0,0,0,0,0,0,0,0,0,0,0,0,0,0,0,0,0,0,0,84717
1,1,1,1,1239,353,1017,-2,45,10,-24,48,102,0,0,0,0,0,0,0,0,0,0,0,0,0,0,0,0,0,0,0,0,0,0,84727
1,1,1,1,1220,340,1018,-12,25,15,-24,51,105,0,0,0,0,0,0,0,0,0,0,0,0,0,0,0,0,0,0,0,0,0,0,84737
1,1,1,1,1231,313,1016,-13,18,20,-26,49,103,0,0,0,0,0,0,0,0,0,0,0,0,0,0,0,0,0,0,0,0,0,0,84747
1,1,1,1,1231,309,1023,-16,20,28,-26,52,100,0,0,0,0,0,0,0,0,0,0,0,0,0,0,0,0,0,0,0,0,0,0,84757
1,1,1,1,1231,297,1041,-7,21,38,-24,49,103,0,0,0,0,0,0,0,0,0,0,0,0,0,0,0,0,0,0,0,0,0,0,84767
1,1,1,1,1238,323,1032,-8,18,46,-24,50,104,0,0,0,0,0,0,0,0,0,0,0,0,0,0,0,0,0,0,0,0,0,0,84777
1,1,1,1,1230,339,1043,-15,9,47,-24,49,103,0,0,0,0,0,0,0,0,0,0,0,0,0,0,0,0,0,0,0,0,0,0,84787
1,1,1,1,1245,321,1043,-6,5,47,-28,50,105,0,0,0,0,0,0,0,0,0,0,0,0,0,0,0,0,0,0,0,0,0,0,84797
1,1,1,1,1250,327,1036,5,0,41,-28,50,105,0,0,0,0,0,0,0,0,0,0,0,0,0,0,0,0,0,0,0,0,0,0,84807
1,1,1,1,1242,351,1029,-16,-5,33,-27,51,103,0,0,0,0,0,0,0,0,0,0,0,0,0,0,0,0,0,0,0,0,0,0,84817
1,1,1,1,1236,347,1026,-23,-9,19,-29,50,104,0,0,0,0,0,0,0,0,0,0,0,0,0,0,0,0,0,0,0,0,0,0,84827
1,1,1,1,1234,359,1031,-30,-12,4,-27,50,105,0,0,0,0,0,0,0,0,0,0,0,0,0,0,0,0,0,0,0,0,0,0,84837
1,1,1,1,1223,373,1038,-55,-21,-8,-26,50,106,0,0,0,0,0,0,0,0,0,0,0,0,0,0,0,0,0,0,0,0,0,0,84847
1,1,1,1,1225,366,1062,-66,-31,-19,-26,51,105,0,0,0,0,0,0,0,0,0,0,0,0,0,0,0,0,0,0,0,0,0,0,84857
1,1,1,1,1246,379,1072,-69,-38,-29,-28,50,103,0,0,0,0,0,0,0,0,0,0,0,0,0,0,0,0,0,0,0,0,0,0,84867
1,1,1,1,1260,367,1066,-73,-31,-37,-28,49,103,0,0,0,0,0,0,0,0,0,0,0,0,0,0,0,0,0,0,0,0,0,0,84877
1,1,1,1,1266,351,1075,-70,-33,-40,-28,51,104,0,0,0,0,0,0,0,0,0,0,0,0,0,0,0,0,0,0,0,0,0,0,84887
1,1,1,1,1275,338,1075,-61,-26,-49,-31,50,106,0,0,0,0,0,0,0,0,0,0,0,0,0,0,0,0,0,0,0,0,0,0,84897
1,1,1,1,1263,346,1069,-69,-28,-54,-30,50,105,0,0,0,0,0,0,0,0,0,0,0,0,0,0,0,0,0,0,0,0,0,0,84907
1,1,1,1,1234,323,1076,-57,-12,-55,-29,50,107,0,0,0,0,0,0,0,0,0,0,0,0,0,0,0,0,0,0,0,0,0,0,84917
1,1,1,1,1242,311,1071,-47,-13,-52,-27,49,105,0,0,0,0,0,0,0,0,0,0,0,0,0,0,0,0,0,0,0,0,0,0,84927
1,1,1,1,1250,305,1075,-51,-14,-55,-29,50,104,0,0,0,0,0,0,0,0,0,0,0,0,0,0,0,0,0,0,0,0,0,0,84937
1,1,1,1,1255,307,1082,-45,-7,-47,-29,50,105,0,0,0,0,0,0,0,0,0,0,0,0,0,0,0,0,0,0,0,0,0,0,84947
1,1,1,1,1261,302,1086,-42,-11,-38,-30,51,107,0,0,0,0,0,0,0,0,0,0,0,0,0,0,0,0,0,0,0,0,0,0,84957
1,1,1,1,1272,317,1074,-35,-13,-28,-29,49,107,0,0,0,0,0,0,0,0,0,0,0,0,0,0,0,0,0,0,0,0,0,0,84967
1,1,1,1,1271,321,1077,-25,-17,-19,-28,49,106,0,0,0,0,0,0,0,0,0,0,0,0,0,0,0,0,0,0,0,0,0,0,84977
1,1,1,1,1252,335,1064,-20,-20,-15,-30,50,106,0,0,0,0,0,0,0,0,0,0,0,0,0,0,0,0,0,0,0,0,0,0,84987
1,1,1,1,1244,321,1070,-16,-25,-16,-28,49,105,0,0,0,0,0,0,0,0,0,0,0,0,0,0,0,0,0,0,0,0,0,0,84997
1,1,1,1,1249,338,1065,-19,-20,-15,-28,49,105,0,0,0,0,0,0,0,0,0,0,0,0,0,0,0,0,0,0,0,0,0,0,85007
1,1,1,1,1245,336,1077,-19,-17,-19,-30,48,106,0,0,0,0,0,0,0,0,0,0,0,0,0,0,0,0,0,0,0,0,0,0,85017
1,1,1,1,1251,332,1073,-20,-19,-22,-32,52,107,0,0,0,0,0,0,0,0,0,0,0,0,0,0,0,0,0,0,0,0,0,0,85027
1,1,1,1,1243,323,1073,-18,-17,-25,-31,51,109,0,0,0,0,0,0,0,0,0,0,0,0,0,0,0,0,0,0,0,0,0,0,85037
1,1,1,1,1234,337,1085,-22,-15,-31,-29,51,107,0,0,0,0,0,0,0,0,0,0,0,0,0,0,0,0,0,0,0,0,0,0,85047
1,1,1,1,1231,339,1085,-27,-19,-34,-31,49,107,0,0,0,0,0,0,0,0,0,0,0,0,0,0,0,0,0,0,0,0,0,0,85057
1,1,1,1,1240,332,1071,-22,-22,-41,-30,51,108,0,0,0,0,0,0,0,0,0,0,0,0,0,0,0,0,0,0,0,0,0,0,85067
1,1,1,1,1242,343,1063,-35,-19,-53,-27,49,105,0,0,0,0,0,0,0,0,0,0,0,0,0,0,0,0,0,0,0,0,0,0,85077
1,1,1,1,1239,353,1069,-34,-19,-63,-27,49,108,0,0,0,0,0,0,0,0,0,0,0,0,0,0,0,0,0,0,0,0,0,0,85087
1,1,1,1,1222,355,1066,-30,-19,-71,-26,50,107,0,0,0,0,0,0,0,0,0,0,0,0,0,0,0,0,0,0,0,0,0,0,85097
1,1,1,1,1209,335,1070,-37,-26,-81,-27,49,108,0,0,0,0,0,0,0,0,0,0,0,0,0,0,0,0,0,0,0,0,0,0,85107
1,1,1,1,1200,328,1073,-33,-32,-80,-28,49,107,0,0,0,0,0,0,0,0,0,0,0,0,0,0,0,0,0,0,0,0,0,0,85117
1,1,1,1,1211,320,1053,-26,-26,-78,-27,50,106,0,0,0,0,0,0,0,0,0,0,0,0,0,0,0,0,0,0,0,0,0,0,85127
1,1,1,1,1214,325,1065,-18,-21,-71,-27,50,107,0,0,0,0,0,0,0,0,0,0,0,0,0,0,0,0,0,0,0,0,0,0,85137
1,1,1,1,1228,313,1063,-12,-24,-69,-27,49,107,0,0,0,0,0,0,0,0,0,0,0,0,0,0,0,0,0,0,0,0,0,0,85147
1,1,1,1,1236,317,1062,-9,-34,-65,-29,50,104,0,0,0,0,0,0,0,0,0,0,0,0,0,0,0,0,0,0,0,0,0,0,85157
1,1,1,1,1229,336,1065,-8,-29,-64,-27,51,103,0,0,0,0,0,0,0,0,0,0,0,0,0,0,0,0,0,0,0,0,0,0,85167
1,1,1,1,1217,351,1067,-20,-44,-78,-26,49,103,0,0,0,0,0,0,0,0,0,0,0,0,0,0,0,0,0,0,0,0,0,0,85177
1,1,1,1,1210,373,1066,-36,-45,-94,-25,50,100,0,0,0,0,0,0,0,0,0,0,0,0,0,0,0,0,0,0,0,0,0,0,85187
1,1,1,1,1203,375,1091,-47,-43,-109,-26,49,99,0,0,0,0,0,0,0,0,0,0,0,0,0,0,0,0,0,0,0,0,0,0,85197
1,1,1,1,1197,357,1114,-64,-51,-118,-24,49,102,0,0,0,0,0,0,0,0,0,0,0,0,0,0,0,0,0,0,0,0,0,0,85207
1,1,1,1,1218,345,1104,-61,-21,-116,-28,50,102,0,0,0,0,0,0,0,0,0,0,0,0,0,0,0,0,0,0,0,0,0,0,85217
1,1,1,1,1237,322,1105,-66,-25,-126,-24,49,100,0,0,0,0,0,0,0,0,0,0,0,0,0,0,0,0,0,0,0,0,0,0,85227
1,1,1,1,1212,330,1116,-50,-9,-120,-24,50,100,0,0,0,0,0,0,0,0,0,0,0,0,0,0,0,0,0,0,0,0,0,0,85237
1,1,1,1,1211,329,1109,-39,-3,-119,-24,50,102,0,0,0,0,0,0,0,0,0,0,0,0,0,0,0,0,0,0,0,0,0,0,85247
1,1,1,1,1210,332,1104,-26,-2,-116,-26,50,102,0,0,0,0,0,0,0,0,0,0,0,0,0,0,0,0,0,0,0,0,0,0,85257
1,1,1,1,1205,347,1082,-37,-7,-130,-26,50,102,0,0,0,0,0,0,0,0,0,0,0,0,0,0,0,0,0,0,0,0,0,0,85267
1,1,1,1,1194,351,1075,-55,-14,-145,-28,52,103,0,0,0,0,0,0,0,0,0,0,0,0,0,0,0,0,0,0,0,0,0,0,85277
1,1,1,1,1179,360,1087,-68,-22,-157,-26,47,100,0,0,0,0,0,0,0,0,0,0,0,0,0,0,0,0,0,0,0,0,0,0,85287
1,1,1,1,1172,370,1080,-88,-35,-176,-28,49,101,0,0,0,0,0,0,0,0,0,0,0,0,0,0,0,0,0,0,0,0,0,0,85297
1,1,1,1,1196,375,1067,-97,-28,-175,-27,47,102,0,0,0,0,0,0,0,0,0,0,0,0,0,0,0,0,0,0,0,0,0,0,85307
1,1,1,1,1201,377,1099,-97,-29,-171,-30,51,102,0,0,0,0,0,0,0,0,0,0,0,0,0,0,0,0,0,0,0,0,0,0,85317
1,1,1,1,1208,339,1111,-92,-21,-162,-30,51,102,0,0,0,0,0,0,0,0,0,0,0,0,0,0,0,0,0,0,0,0,0,0,85327
1,1,1,1,1223,326,1090,-80,-16,-148,-29,51,102,0,0,0,0,0,0,0,0,0,0,0,0,0,0,0,0,0,0,0,0,0,0,85337
1,1,1,1,1216,317,1075,-73,-3,-129,-27,47,98,0,0,0,0,0,0,0,0,0,0,0,0,0,0,0,0,0,0,0,0,0,0,85347
1,1,1,1,1206,305,1075,-59,-3,-109,-26,47,100,0,0,0,0,0,0,0,0,0,0,0,0,0,0,0,0,0,0,0,0,0,0,85357
1,1,1,1,1184,310,1100,-50,4,-82,-26,50,100,0,0,0,0,0,0,0,0,0,0,0,0,0,0,0,0,0,0,0,0,0,0,85367
1,1,1,1,1176,276,1099,-32,15,-68,-25,50,101,0,0,0,0,0,0,0,0,0,0,0,0,0,0,0,0,0,0,0,0,0,0,85377
1,1,1,1,1186,266,1090,-6,11,-46,-26,50,101,0,0,0,0,0,0,0,0,0,0,0,0,0,0,0,0,0,0,0,0,0,0,85387
1,1,1,1,1160,294,1092,10,12,-26,-24,50,104,0,0,0,0,0,0,0,0,0,0,0,0,0,0,0,0,0,0,0,0,0,0,85397
1,1,1,1,1170,311,1096,14,17,-20,-25,50,103,0,0,0,0,0,0,0,0,0,0,0,0,0,0,0,0,0,0,0,0,0,0,85407
1,1,1,1,1175,331,1104,24,21,-11,-25,49,102,0,0,0,0,0,0,0,0,0,0,0,0,0,0,0,0,0,0,0,0,0,0,85417
1,1,1,1,1183,345,1107,18,6,-13,-26,50,102,0,0,0,0,0,0,0,0,0,0,0,0,0,0,0,0,0,0,0,0,0,0,85427
1,1,1,1,1189,357,1094,15,11,-10,-26,49,103,0,0,0,0,0,0,0,0,0,0,0,0,0,0,0,0,0,0,0,0,0,0,85437
1,1,1,1,1186,350,1092,7,7,-8,-25,49,100,0,0,0,0,0,0,0,0,0,0,0,0,0,0,0,0,0,0,0,0,0,0,85447
1,1,1,1,1179,352,1088,4,3,-5,-26,49,103,0,0,0,0,0,0,0,0,0,0,0,0,0,0,0,0,0,0,0,0,0,0,85457
1,1,1,1,1166,372,1087,2,8,-2,-26,49,102,0,0,0,0,0,0,0,0,0,0,0,0,0,0,0,0,0,0,0,0,0,0,85467
1,1,1,1,1176,373,1088,4,4,0,-27,49,100,0,0,0,0,0,0,0,0,0,0,0,0,0,0,0,0,0,0,0,0,0,0,85477
1,1,1,1,1191,367,1080,8,4,3,-26,49,102,0,0,0,0,0,0,0,0,0,0,0,0,0,0,0,0,0,0,0,0,0,0,85487
1,1,1,1,1199,358,1078,6,12,2,-26,49,102,0,0,0,0,0,0,0,0,0,0,0,0,0,0,0,0,0,0,0,0,0,0,85497
1,1,1,1,1188,360,1094,9,2,-1,-27,48,101,0,0,0,0,0,0,0,0,0,0,0,0,0,0,0,0,0,0,0,0,0,0,85507
1,1,1,1,1190,362,1093,21,1,-2,-28,50,100,0,0,0,0,0,0,0,0,0,0,0,0,0,0,0,0,0,0,0,0,0,0,85517
1,1,1,1,1190,368,1089,23,10,-4,-27,49,100,0,0,0,0,0,0,0,0,0,0,0,0,0,0,0,0,0,0,0,0,0,0,85527
1,1,1,1,1184,371,1090,20,6,-4,-28,49,102,0,0,0,0,0,0,0,0,0,0,0,0,0,0,0,0,0,0,0,0,0,0,85537
1,1,1,1,1194,353,1082,18,5,0,-26,49,102,0,0,0,0,0,0,0,0,0,0,0,0,0,0,0,0,0,0,0,0,0,0,85547
1,1,1,1,1198,338,1085,20,4,9,-27,49,103,0,0,0,0,0,0,0,0,0,0,0,0,0,0,0,0,0,0,0,0,0,0,85557
1,1,1,1,1203,344,1077,7,4,19,-27,48,101,0,0,0,0,0,0,0,0,0,0,0,0,0,0,0,0,0,0,0,0,0,0,85567
1,1,1,1,1202,347,1082,5,6,26,-26,48,101,0,0,0,0,0,0,0,0,0,0,0,0,0,0,0,0,0,0,0,0,0,0,85577
1,1,1,1,1206,364,1063,-7,3,30,-28,50,105,0,0,0,0,0,0,0,0,0,0,0,0,0,0,0,0,0,0,0,0,0,0,85587
1,1,1,1,1210,369,1059,-17,-1,32,-28,49,103,0,0,0,0,0,0,0,0,0,0,0,0,0,0,0,0,0,0,0,0,0,0,85597
1,1,1,1,1205,351,1067,2,-8,33,-28,49,104,0,0,0,0,0,0,0,0,0,0,0,0,0,0,0,0,0,0,0,0,0,0,85607
1,1,1,1,1200,368,1062,21,-4,33,-31,50,105,0,0,0,0,0,0,0,0,0,0,0,0,0,0,0,0,0,0,0,0,0,0,85617
1,1,1,1,1195,389,1047,19,-11,32,-32,51,105,0,0,0,0,0,0,0,0,0,0,0,0,0,0,0,0,0,0,0,0,0,0,85627
1,1,1,1,1196,371,1054,26,-13,33,-32,51,104,0,0,0,0,0,0,0,0,0,0,0,0,0,0,0,0,0,0,0,0,0,0,85637
1,1,1,1,1197,346,1052,6,-30,30,-33,51,107,0,0,0,0,0,0,0,0,0,0,0,0,0,0,0,0,0,0,0,0,0,0,85647
1,1,1,1,1189,342,1078,2,-38,35,-32,49,104,0,0,0,0,0,0,0,0,0,0,0,0,0,0,0,0,0,0,0,0,0,0,85657
1,1,1,1,1209,335,1071,6,-42,44,-29,48,104,0,0,0,0,0,0,0,0,0,0,0,0,0,0,0,0,0,0,0,0,0,0,85667
1,1,1,1,1220,343,1055,9,-41,49,-27,45,105,0,0,0,0,0,0,0,0,0,0,0,0,0,0,0,0,0,0,0,0,0,0,85677
1,1,1,1,1217,353,1067,13,-39,54,-27,49,103,0,0,0,0,0,0,0,0,0,0,0,0,0,0,0,0,0,0,0,0,0,0,85687
1,1,1,1,1217,336,1070,26,-35,55,-26,48,104,0,0,0,0,0,0,0,0,0,0,0,0,0,0,0,0,0,0,0,0,0,0,85697
1,1,1,1,1217,346,1072,49,-30,57,-28,49,106,0,0,0,0,0,0,0,0,0,0,0,0,0,0,0,0,0,0,0,0,0,0,85707
1,1,1,1,1206,358,1072,48,-23,55,-27,48,106,0,0,0,0,0,0,0,0,0,0,0,0,0,0,0,0,0,0,0,0,0,0,85717
1,1,1,1,1197,367,1076,38,-18,41,-28,49,109,0,0,0,0,0,0,0,0,0,0,0,0,0,0,0,0,0,0,0,0,0,0,85727
1,1,1,1,1202,373,1079,24,-12,39,-28,49,107,0,0,0,0,0,0,0,0,0,0,0,0,0,0,0,0,0,0,0,0,0,0,85737
1,1,1,1,1210,355,1082,10,-8,30,-28,48,105,0,0,0,0,0,0,0,0,0,0,0,0,0,0,0,0,0,0,0,0,0,0,85747
1,1,1,1,1212,368,1089,-9,-8,26,-27,48,104,0,0,0,0,0,0,0,0,0,0,0,0,0,0,0,0,0,0,0,0,0,0,85757
1,1,1,1,1214,362,1104,-32,-11,26,-27,49,107,0,0,0,0,0,0,0,0,0,0,0,0,0,0,0,0,0,0,0,0,0,0,85767
1,1,1,1,1224,353,1105,-39,-10,26,-27,48,105,0,0,0,0,0,0,0,0,0,0,0,0,0,0,0,0,0,0,0,0,0,0,85777
1,1,1,1,1225,351,1098,-45,-14,30,-29,49,107,0,0,0,0,0,0,0,0,0,0,0,0,0,0,0,0,0,0,0,0,0,0,85787
1,1,1,1,1216,340,1100,-19,-14,42,-29,48,109,0,0,0,0,0,0,0,0,0,0,0,0,0,0,0,0,0,0,0,0,0,0,85797
1,1,1,1,1226,319,1093,15,-14,51,-29,48,109,0,0,0,0,0,0,0,0,0,0,0,0,0,0,0,0,0,0,0,0,0,0,85807
1,1,1,1,1231,326,1065,30,-5,59,-31,47,109,0,0,0,0,0,0,0,0,0,0,0,0,0,0,0,0,0,0,0,0,0,0,85817
1,1,1,1,1210,334,1056,13,0,60,-29,48,109,0,0,0,0,0,0,0,0,0,0,0,0,0,0,0,0,0,0,0,0,0,0,85827
1,1,1,1,1194,342,1063,2,1,62,-29,48,109,0,0,0,0,0,0,0,0,0,0,0,0,0,0,0,0,0,0,0,0,0,0,85837
1,1,1,1,1183,337,1081,-1,1,59,-27,48,107,0,0,0,0,0,0,0,0,0,0,0,0,0,0,0,0,0,0,0,0,0,0,85847
1,1,1,1,1186,350,1098,-2,5,57,-28,49,109,0,0,0,0,0,0,0,0,0,0,0,0,0,0,0,0,0,0,0,0,0,0,85857
1,1,1,1,1203,350,1110,-2,9,43,-27,48,107,0,0,0,0,0,0,0,0,0,0,0,0,0,0,0,0,0,0,0,0,0,0,85867
1,1,1,1,1211,364,1119,-10,11,33,-28,49,108,0,0,0,0,0,0,0,0,0,0,0,0,0,0,0,0,0,0,0,0,0,0,85877
1,1,1,1,1203,366,1148,-18,18,22,-30,48,110,0,0,0,0,0,0,0,0,0,0,0,0,0,0,0,0,0,0,0,0,0,0,85887
1,1,1,1,1211,344,1130,-13,21,19,-28,48,109,0,0,0,0,0,0,0,0,0,0,0,0,0,0,0,0,0,0,0,0,0,0,85897
1,1,1,1,1215,326,1120,16,38,13,-29,50,107,0,0,0,0,0,0,0,0,0,0,0,0,0,0,0,0,0,0,0,0,0,0,85907
1,1,1,1,1189,352,1115,23,45,11,-29,49,110,0,0,0,0,0,0,0,0,0,0,0,0,0,0,0,0,0,0,0,0,0,0,85917
1,1,1,1,1183,349,1093,13,59,10,-29,47,109,0,0,0,0,0,0,0,0,0,0,0,0,0,0,0,0,0,0,0,0,0,0,85927
1,1,1,1,1193,330,1092,16,59,10,-31,48,110,0,0,0,0,0,0,0,0,0,0,0,0,0,0,0,0,0,0,0,0,0,0,85937
1,1,1,1,1188,318,1099,35,66,14,-31,48,110,0,0,0,0,0,0,0,0,0,0,0,0,0,0,0,0,0,0,0,0,0,0,85947
1,1,1,1,1189,320,1104,38,62,11,-33,50,115,0,0,0,0,0,0,0,0,0,0,0,0,0,0,0,0,0,0,0,0,0,0,85957
1,1,1,1,1173,353,1109,25,64,8,-33,51,114,0,0,0,0,0,0,0,0,0,0,0,0,0,0,0,0,0,0,0,0,0,0,85967
1,1,1,1,1180,338,1108,14,49,2,-31,49,108,0,0,0,0,0,0,0,0,0,0,0,0,0,0,0,0,0,0,0,0,0,0,85977
1,1,1,1,1187,328,1105,20,44,8,-30,49,111,0,0,0,0,0,0,0,0,0,0,0,0,0,0,0,0,0,0,0,0,0,0,85987
1,1,1,1,1194,318,1096,41,47,21,-29,47,113,0,0,0,0,0,0,0,0,0,0,0,0,0,0,0,0,0,0,0,0,0,0,85997
1,1,1,1,1187,299,1093,54,38,32,-30,49,112,0,0,0,0,0,0,0,0,0,0,0,0,0,0,0,0,0,0,0,0,0,0,86007
1,1,1,1,1179,301,1097,78,22,50,-31,49,112,0,0,0,0,0,0,0,0,0,0,0,0,0,0,0,0,0,0,0,0,0,0,86017
1,1,1,1,1186,288,1064,97,21,60,-31,48,111,0,0,0,0,0,0,0,0,0,0,0,0,0,0,0,0,0,0,0,0,0,0,86027
1,1,1,1,1180,306,1063,117,22,70,-32,48,113,0,0,0,0,0,0,0,0,0,0,0,0,0,0,0,0,0,0,0,0,0,0,86037
1,1,1,1,1171,328,1076,110,14,73,-30,49,114,0,0,0,0,0,0,0,0,0,0,0,0,0,0,0,0,0,0,0,0,0,0,86047
1,1,1,1,1180,326,1078,101,4,75,-31,49,114,0,0,0,0,0,0,0,0,0,0,0,0,0,0,0,0,0,0,0,0,0,0,86057
1,1,1,1,1176,331,1077,108,-16,69,-31,50,114,0,0,0,0,0,0,0,0,0,0,0,0,0,0,0,0,0,0,0,0,0,0,86067
1,1,1,1,1183,347,1082,109,-25,69,-30,49,111,0,0,0,0,0,0,0,0,0,0,0,0,0,0,0,0,0,0,0,0,0,0,86077
1,1,1,1,1214,340,1051,87,-28,61,-31,50,112,0,0,0,0,0,0,0,0,0,0,0,0,0,0,0,0,0,0,0,0,0,0,86087
1,1,1,1,1204,347,1065,74,-24,53,-31,50,112,0,0,0,0,0,0,0,0,0,0,0,0,0,0,0,0,0,0,0,0,0,0,86097
1,1,1,1,1193,372,1075,57,-35,41,-32,50,113,0,0,0,0,0,0,0,0,0,0,0,0,0,0,0,0,0,0,0,0,0,0,86107
1,1,1,1,1210,372,1058,43,-38,25,-32,50,114,0,0,0,0,0,0,0,0,0,0,0,0,0,0,0,0,0,0,0,0,0,0,86117
1,1,1,1,1223,351,1059,43,-23,13,-32,50,115,0,0,0,0,0,0,0,0,0,0,0,0,0,0,0,0,0,0,0,0,0,0,86127
1,1,1,1,1196,352,1077,40,-35,-3,-32,50,115,0,0,0,0,0,0,0,0,0,0,0,0,0,0,0,0,0,0,0,0,0,0,86137
1,1,1,1,1189,371,1073,40,-40,-2,-31,51,118,0,0,0,0,0,0,0,0,0,0,0,0,0,0,0,0,0,0,0,0,0,0,86147
1,1,1,1,1211,363,1057,32,-37,-6,-31,50,120,0,0,0,0,0,0,0,0,0,0,0,0,0,0,0,0,0,0,0,0,0,0,86157
1,1,1,1,1226,363,1047,28,-28,-12,-30,51,117,0,0,0,0,0,0,0,0,0,0,0,0,0,0,0,0,0,0,0,0,0,0,86167
1,1,1,1,1221,354,1054,23,-25,-14,-32,51,119,0,0,0,0,0,0,0,0,0,0,0,0,0,0,0,0,0,0,0,0,0,0,86177
1,1,1,1,1217,351,1054,24,-24,-19,-31,51,120,0,0,0,0,0,0,0,0,0,0,0,0,0,0,0,0,0,0,0,0,0,0,86187
1,1,1,1,1212,342,1063,21,-32,-30,-31,51,119,0,0,0,0,0,0,0,0,0,0,0,0,0,0,0,0,0,0,0,0,0,0,86197
1,1,1,1,1211,370,1071,26,-28,-36,-34,52,120,0,0,0,0,0,0,0,0,0,0,0,0,0,0,0,0,0,0,0,0,0,0,86207
1,1,1,1,1211,378,1069,9,-35,-42,-33,55,120,0,0,0,0,0,0,0,0,0,0,0,0,0,0,0,0,0,0,0,0,0,0,86217
1,1,1,1,1215,370,1065,-7,-43,-50,-32,51,120,0,0,0,0,0,0,0,0,0,0,0,0,0,0,0,0,0,0,0,0,0,0,86227
1,1,1,1,1224,352,1069,-10,-30,-56,-35,53,123,0,0,0,0,0,0,0,0,0,0,0,0,0,0,0,0,0,0,0,0,0,0,86237
1,1,1,1,1224,370,1080,-9,-30,-50,-33,52,121,0,0,0,0,0,0,0,0,0,0,0,0,0,0,0,0,0,0,0,0,0,0,86247
1,1,1,1,1228,359,1081,-20,-23,-60,-33,51,122,0,0,0,0,0,0,0,0,0,0,0,0,0,0,0,0,0,0,0,0,0,0,86257
1,1,1,1,1228,359,1096,3,-6,-47,-32,53,123,0,0,0,0,0,0,0,0,0,0,0,0,0,0,0,0,0,0,0,0,0,0,86267
1,1,1,1,1233,358,1097,-3,-7,-42,-31,52,121,0,0,0,0,0,0,0,0,0,0,0,0,0,0,0,0,0,0,0,0,0,0,86277
1,1,1,1,1249,346,1072,-22,-7,-40,-34,54,125,0,0,0,0,0,0,0,0,0,0,0,0,0,0,0,0,0,0,0,0,0,0,86287
1,1,1,1,1235,329,1081,-5,4,-32,-32,53,124,0,0,0,0,0,0,0,0,0,0,0,0,0,0,0,0,0,0,0,0,0,0,86297
1,1,1,1,1215,335,1090,10,1,-24,-31,52,124,0,0,0,0,0,0,0,0,0,0,0,0,0,0,0,0,0,0,0,0,0,0,86307
1,1,1,1,1212,347,1066,18,-8,-16,-32,53,128,0,0,0,0,0,0,0,0,0,0,0,0,0,0,0,0,0,0,0,0,0,0,86317
1,1,1,1,1207,361,1084,23,-10,-11,-34,53,126,0,0,0,0,0,0,0,0,0,0,0,0,0,0,0,0,0,0,0,0,0,0,86327
1,1,1,1,1221,367,1077,30,-14,-7,-34,53,126,0,0,0,0,0,0,0,0,0,0,0,0,0,0,0,0,0,0,0,0,0,0,86337
1,1,1,1,1230,373,1065,30,-13,-13,-35,53,126,0,0,0,0,0,0,0,0,0,0,0,0,0,0,0,0,0,0,0,0,0,0,86347
1,1,1,1,1227,376,1067,15,-13,-20,-31,54,127,0,0,0,0,0,0,0,0,0,0,0,0,0,0,0,0,0,0,0,0,0,0,86357
1,1,1,1,1227,378,1081,14,-15,-17,-30,53,125,0,0,0,0,0,0,0,0,0,0,0,0,0,0,0,0,0,0,0,0,0,0,86367
1,1,1,1,1231,365,1083,20,-11,-18,-31,53,121,0,0,0,0,0,0,0,0,0,0,0,0,0,0,0,0,0,0,0,0,0,0,86377
1,1,1,1,1224,381,1074,29,2,-10,-30,53,123,0,0,0,0,0,0,0,0,0,0,0,0,0,0,0,0,0,0,0,0,0,0,86387
1,1,1,1,1205,382,1088,35,2,-13,-31,53,122,0,0,0,0,0,0,0,0,0,0,0,0,0,0,0,0,0,0,0,0,0,0,86397
1,1,1,1,1202,379,1084,28,3,-13,-31,53,121,0,0,0,0,0,0,0,0,0,0,0,0,0,0,0,0,0,0,0,0,0,0,86407
1,1,1,1,1196,381,1085,21,-9,-20,-32,53,121,0,0,0,0,0,0,0,0,0,0,0,0,0,0,0,0,0,0,0,0,0,0,86417
1,1,1,1,1201,384,1071,5,-7,-25,-29,53,120,0,0,0,0,0,0,0,0,0,0,0,0,0,0,0,0,0,0,0,0,0,0,86427
1,1,1,1,1197,368,1070,1,-8,-25,-30,53,120,0,0,0,0,0,0,0,0,0,0,0,0,0,0,0,0,0,0,0,0,0,0,86437
1,1,1,1,1212,345,1054,7,-1,-20,-28,54,118,0,0,0,0,0,0,0,0,0,0,0,0,0,0,0,0,0,0,0,0,0,0,86447
1,1,1,1,1215,353,1051,-2,0,-22,-32,53,121,0,0,0,0,0,0,0,0,0,0,0,0,0,0,0,0,0,0,0,0,0,0,86457
1,1,1,1,1200,380,1065,-18,-8,-27,-31,54,120,0,0,0,0,0,0,0,0,0,0,0,0,0,0,0,0,0,0,0,0,0,0,86467
1,1,1,1,1196,383,1062,-23,-9,-31,-32,53,121,0,0,0,0,0,0,0,0,0,0,0,0,0,0,0,0,0,0,0,0,0,0,86477
1,1,1,1,1198,395,1048,-10,-5,-32,-32,53,122,0,0,0,0,0,0,0,0,0,0,0,0,0,0,0,0,0,0,0,0,0,0,86487
1,1,1,1,1188,388,1059,-16,-9,-36,-31,53,122,0,0,0,0,0,0,0,0,0,0,0,0,0,0,0,0,0,0,0,0,0,0,86497
1,1,1,1,1178,374,1076,-26,-16,-36,-33,52,118,0,0,0,0,0,0,0,0,0,0,0,0,0,0,0,0,0,0,0,0,0,0,86507
1,1,1,1,1196,371,1067,-15,-13,-29,-34,51,120,0,0,0,0,0,0,0,0,0,0,0,0,0,0,0,0,0,0,0,0,0,0,86517
1,1,1,1,1198,369,1066,-10,-14,-36,-38,56,122,0,0,0,0,0,0,0,0,0,0,0,0,0,0,0,0,0,0,0,0,0,0,86527
1,1,1,1,1189,378,1062,-13,-11,-29,-34,52,120,0,0,0,0,0,0,0,0,0,0,0,0,0,0,0,0,0,0,0,0,0,0,86537
1,1,1,1,1188,356,1081,-13,-12,-27,-35,55,121,0,0,0,0,0,0,0,0,0,0,0,0,0,0,0,0,0,0,0,0,0,0,86547
1,1,1,1,1200,341,1090,-4,-3,-15,-35,54,119,0,0,0,0,0,0,0,0,0,0,0,0,0,0,0,0,0,0,0,0,0,0,86557
1,1,1,1,1201,341,1088,-2,2,-11,-34,54,122,0,0,0,0,0,0,0,0,0,0,0,0,0,0,0,0,0,0,0,0,0,0,86567
1,1,1,1,1208,357,1072,-2,-1,-4,-36,55,119,0,0,0,0,0,0,0,0,0,0,0,0,0,0,0,0,0,0,0,0,0,0,86577
1,1,1,1,1199,376,1061,8,4,4,-31,53,121,0,0,0,0,0,0,0,0,0,0,0,0,0,0,0,0,0,0,0,0,0,0,86587
1,1,1,1,1190,364,1079,3,-3,6,-33,54,120,0,0,0,0,0,0,0,0,0,0,0,0,0,0,0,0,0,0,0,0,0,0,86597
1,1,1,1,1195,377,1070,1,-3,6,-34,53,123,0,0,0,0,0,0,0,0,0,0,0,0,0,0,0,0,0,0,0,0,0,0,86607
1,1,1,1,1187,390,1074,-18,-8,2,-34,54,120,0,0,0,0,0,0,0,0,0,0,0,0,0,0,0,0,0,0,0,0,0,0,86617
1,1,1,1,1196,393,1089,-18,-10,-5,-33,55,121,0,0,0,0,0,0,0,0,0,0,0,0,0,0,0,0,0,0,0,0,0,0,86627
1,1,1,1,1192,401,1088,-13,-3,-15,-33,54,121,0,0,0,0,0,0,0,0,0,0,0,0,0,0,0,0,0,0,0,0,0,0,86637
1,1,1,1,1197,390,1090,-11,-3,-18,-32,54,122,0,0,0,0,0,0,0,0,0,0,0,0,0,0,0,0,0,0,0,0,0,0,86647
1,1,1,1,1199,360,1089,-8,-11,-19,-33,54,120,0,0,0,0,0,0,0,0,0,0,0,0,0,0,0,0,0,0,0,0,0,0,86657
1,1,1,1,1204,365,1060,-20,-4,-18,-32,54,119,0,0,0,0,0,0,0,0,0,0,0,0,0,0,0,0,0,0,0,0,0,0,86667
1,1,1,1,1190,377,1084,-26,-8,-15,-31,54,121,0,0,0,0,0,0,0,0,0,0,0,0,0,0,0,0,0,0,0,0,0,0,86677
1,1,1,1,1195,358,1083,-17,-21,-13,-30,54,122,0,0,0,0,0,0,0,0,0,0,0,0,0,0,0,0,0,0,0,0,0,0,86687
1,1,1,1,1194,377,1055,-7,-15,-10,-32,53,118,0,0,0,0,0,0,0,0,0,0,0,0,0,0,0,0,0,0,0,0,0,0,86697
1,1,1,1,1195,383,1055,-24,-20,-12,-34,54,121,0,0,0,0,0,0,0,0,0,0,0,0,0,0,0,0,0,0,0,0,0,0,86707
1,1,1,1,1194,375,1067,-43,-26,-20,-34,54,120,0,0,0,0,0,0,0,0,0,0,0,0,0,0,0,0,0,0,0,0,0,0,86717
1,1,1,1,1188,396,1079,-23,-23,-21,-34,53,117,0,0,0,0,0,0,0,0,0,0,0,0,0,0,0,0,0,0,0,0,0,0,86727
1,1,1,1,1205,366,1084,-26,-36,-27,-32,53,119,0,0,0,0,0,0,0,0,0,0,0,0,0,0,0,0,0,0,0,0,0,0,86737
1,1,1,1,1203,367,1084,-21,-26,-29,-31,54,120,0,0,0,0,0,0,0,0,0,0,0,0,0,0,0,0,0,0,0,0,0,0,86747
1,1,1,1,1196,369,1092,-22,-26,-25,-31,54,119,0,0,0,0,0,0,0,0,0,0,0,0,0,0,0,0,0,0,0,0,0,0,86757
1,1,1,1,1205,354,1078,-15,-21,-20,-34,54,121,0,0,0,0,0,0,0,0,0,0,0,0,0,0,0,0,0,0,0,0,0,0,86767
1,1,1,1,1213,359,1070,-10,-7,-14,-34,54,121,0,0,0,0,0,0,0,0,0,0,0,0,0,0,0,0,0,0,0,0,0,0,86777
1,1,1,1,1207,343,1075,-15,-4,-7,-34,55,118,0,0,0,0,0,0,0,0,0,0,0,0,0,0,0,0,0,0,0,0,0,0,86787
1,1,1,1,1208,342,1069,12,-6,-3,-35,56,123,0,0,0,0,0,0,0,0,0,0,0,0,0,0,0,0,0,0,0,0,0,0,86797
1,1,1,1,1214,350,1055,15,-14,0,-32,51,120,0,0,0,0,0,0,0,0,0,0,0,0,0,0,0,0,0,0,0,0,0,0,86807
1,1,1,1,1210,349,1055,10,-22,-2,-32,52,120,0,0,0,0,0,0,0,0,0,0,0,0,0,0,0,0,0,0,0,0,0,0,86817
1,1,1,1,1203,355,1062,22,-31,2,-34,57,122,0,0,0,0,0,0,0,0,0,0,0,0,0,0,0,0,0,0,0,0,0,0,86827
1,1,1,1,1213,361,1058,54,-36,-3,-34,57,122,0,0,0,0,0,0,0,0,0,0,0,0,0,0,0,0,0,0,0,0,0,0,86837
1,1,1,1,1213,361,1058,79,-44,-7,-37,58,122,0,0,0,0,0,0,0,0,0,0,0,0,0,0,0,0,0,0,0,0,0,0,86847
1,1,1,1,1195,386,1095,104,-52,-7,-34,53,123,0,0,0,0,0,0,0,0,0,0,0,0,0,0,0,0,0,0,0,0,0,0,86857
1,1,1,1,1195,386,1095,117,-66,-15,-34,56,125,0,0,0,0,0,0,0,0,0,0,0,0,0,0,0,0,0,0,0,0,0,0,86867
1,1,1,1,1221,407,1045,115,-62,-29,-33,55,126,0,0,0,0,0,0,0,0,0,0,0,0,0,0,0,0,0,0,0,0,0,0,86877
1,1,1,1,1215,404,1036,102,-67,-45,-32,55,127,0,0,0,0,0,0,0,0,0,0,0,0,0,0,0,0,0,0,0,0,0,0,86887
1,1,1,1,1226,385,1041,117,-60,-54,-34,56,126,0,0,0,0,0,0,0,0,0,0,0,0,0,0,0,0,0,0,0,0,0,0,86897
1,1,1,1,1235,349,1020,130,-46,-53,-30,58,122,0,0,0,0,0,0,0,0,0,0,0,0,0,0,0,0,0,0,0,0,0,0,86907
1,1,1,1,1225,342,1026,210,-46,-49,-28,57,121,0,0,0,0,0,0,0,0,0,0,0,0,0,0,0,0,0,0,0,0,0,0,86917
1,1,1,1,1227,338,986,299,-35,-40,-28,58,118,0,0,0,0,0,0,0,0,0,0,0,0,0,0,0,0,0,0,0,0,0,0,86927
1,1,1,1,1252,348,979,422,-33,-22,-25,58,114,0,0,0,0,0,0,0,0,0,0,0,0,0,0,0,0,0,0,0,0,0,0,86937
1,1,1,1,1244,366,977,554,-15,-2,-25,60,112,0,0,0,0,0,0,0,0,0,0,0,0,0,0,0,0,0,0,0,0,0,0,86947
1,1,1,1,1231,417,1010,640,-14,4,-22,58,108,0,0,0,0,0,0,0,0,0,0,0,0,0,0,0,0,0,0,0,0,0,0,86957
1,1,1,1,1235,475,1009,696,-18,3,-22,60,103,0,0,0,0,0,0,0,0,0,0,0,0,0,0,0,0,0,0,0,0,0,0,86967
1,1,1,1,1241,475,1020,697,-7,1,-20,62,105,0,0,0,0,0,0,0,0,0,0,0,0,0,0,0,0,0,0,0,0,0,0,86977
1,1,1,1,1171,458,1136,667,-51,-39,-16,63,102,0,0,0,0,0,0,0,0,0,0,0,0,0,0,0,0,0,0,0,0,0,0,86987
1,1,1,1,1067,526,1137,717,-57,-71,-15,66,104,0,0,0,0,0,0,0,0,0,0,0,0,0,0,0,0,0,0,0,0,0,0,86997
1,1,1,1,1201,533,1029,791,-46,-93,-19,66,101,0,0,0,0,0,0,0,0,0,0,0,0,0,0,0,0,0,0,0,0,0,0,87007
1,1,1,1,1193,570,1010,734,-73,-136,-18,65,101,0,0,0,0,0,0,0,0,0,0,0,0,0,0,0,0,0,0,0,0,0,0,87017
1,1,1,1,1219,599,986,642,-94,-149,-17,66,101,0,0,0,0,0,0,0,0,0,0,0,0,0,0,0,0,0,0,0,0,0,0,87027
1,1,1,1,1265,550,1010,671,-94,-163,-18,65,99,0,0,0,0,0,0,0,0,0,0,0,0,0,0,0,0,0,0,0,0,0,0,87037
1,1,1,1,1265,517,1010,643,-85,-174,-18,65,97,0,0,0,0,0,0,0,0,0,0,0,0,0,0,0,0,0,0,0,0,0,0,87047
1,1,1,1,1226,523,1030,554,-58,-162,-16,66,96,0,0,0,0,0,0,0,0,0,0,0,0,0,0,0,0,0,0,0,0,0,0,87057
1,1,1,1,1215,486,1043,492,-39,-146,-16,65,95,0,0,0,0,0,0,0,0,0,0,0,0,0,0,0,0,0,0,0,0,0,0,87067
1,1,1,1,1219,531,977,500,-19,-129,-18,65,91,0,0,0,0,0,0,0,0,0,0,0,0,0,0,0,0,0,0,0,0,0,0,87077
1,1,1,1,1197,462,1040,407,-3,-112,-16,65,91,0,0,0,0,0,0,0,0,0,0,0,0,0,0,0,0,0,0,0,0,0,0,87087
1,1,1,1,1143,480,1049,368,3,-49,-15,60,88,0,0,0,0,0,0,0,0,0,0,0,0,0,0,0,0,0,0,0,0,0,0,87097
1,1,1,1,1126,476,1053,363,12,6,-20,66,91,0,0,0,0,0,0,0,0,0,0,0,0,0,0,0,0,0,0,0,0,0,0,87107
1,1,1,1,1164,468,1051,321,37,16,-18,62,93,0,0,0,0,0,0,0,0,0,0,0,0,0,0,0,0,0,0,0,0,0,0,87117
1,1,1,1,1218,540,1012,213,57,35,-20,62,94,0,0,0,0,0,0,0,0,0,0,0,0,0,0,0,0,0,0,0,0,0,0,87127
1,1,1,1,1259,583,903,113,66,24,-21,63,94,0,0,0,0,0,0,0,0,0,0,0,0,0,0,0,0,0,0,0,0,0,0,87137
1,1,1,1,1260,644,847,44,45,0,-21,60,95,0,0,0,0,0,0,0,0,0,0,0,0,0,0,0,0,0,0,0,0,0,0,87147
1,1,1,1,1208,595,915,-60,25,-18,-22,65,91,0,0,0,0,0,0,0,0,0,0,0,0,0,0,0,0,0,0,0,0,0,0,87157
1,1,1,1,1183,568,960,-57,47,4,-21,61,90,0,0,0,0,0,0,0,0,0,0,0,0,0,0,0,0,0,0,0,0,0,0,87167
1,1,1,1,1162,527,984,-17,56,9,-18,59,91,0,0,0,0,0,0,0,0,0,0,0,0,0,0,0,0,0,0,0,0,0,0,87177
1,1,1,1,1170,559,968,-8,56,18,-19,62,93,0,0,0,0,0,0,0,0,0,0,0,0,0,0,0,0,0,0,0,0,0,0,87187
1,1,1,1,1171,583,956,-5,52,16,-18,58,92,0,0,0,0,0,0,0,0,0,0,0,0,0,0,0,0,0,0,0,0,0,0,87197
1,1,1,1,1183,571,965,2,51,10,-19,60,93,0,0,0,0,0,0,0,0,0,0,0,0,0,0,0,0,0,0,0,0,0,0,87207
1,1,1,1,1190,573,958,18,50,4,-22,59,94,0,0,0,0,0,0,0,0,0,0,0,0,0,0,0,0,0,0,0,0,0,0,87217
1,1,1,1,1182,595,933,1,43,-1,-23,60,95,0,0,0,0,0,0,0,0,0,0,0,0,0,0,0,0,0,0,0,0,0,0,87227
1,1,1,1,1167,591,936,-51,35,-5,-23,58,97,0,0,0,0,0,0,0,0,0,0,0,0,0,0,0,0,0,0,0,0,0,0,87237
1,1,1,1,1182,585,899,-98,30,-21,-22,59,98,0,0,0,0,0,0,0,0,0,0,0,0,0,0,0,0,0,0,0,0,0,0,87247
1,1,1,1,1172,581,904,-111,14,-32,-22,59,95,0,0,0,0,0,0,0,0,0,0,0,0,0,0,0,0,0,0,0,0,0,0,87257
1,1,1,1,1177,567,919,-88,14,-32,-24,58,96,0,0,0,0,0,0,0,0,0,0,0,0,0,0,0,0,0,0,0,0,0,0,87267
1,1,1,1,1176,573,942,-62,15,-40,-24,58,96,0,0,0,0,0,0,0,0,0,0,0,0,0,0,0,0,0,0,0,0,0,0,87277
1,1,1,1,1159,593,944,-21,-8,-48,-22,59,97,0,0,0,0,0,0,0,0,0,0,0,0,0,0,0,0,0,0,0,0,0,0,87287
1,1,1,1,1187,565,941,40,-14,-51,-24,59,97,0,0,0,0,0,0,0,0,0,0,0,0,0,0,0,0,0,0,0,0,0,0,87297
1,1,1,1,1179,553,957,89,-11,-50,-24,60,102,0,0,0,0,0,0,0,0,0,0,0,0,0,0,0,0,0,0,0,0,0,0,87307
1,1,1,1,1163,541,959,168,-28,-31,-25,58,106,0,0,0,0,0,0,0,0,0,0,0,0,0,0,0,0,0,0,0,0,0,0,87317
1,1,1,1,1178,502,908,294,-38,-6,-23,60,110,0,0,0,0,0,0,0,0,0,0,0,0,0,0,0,0,0,0,0,0,0,0,87327
1,1,1,1,1185,522,854,486,-60,22,-23,60,112,0,0,0,0,0,0,0,0,0,0,0,0,0,0,0,0,0,0,0,0,0,0,87337
1,1,1,1,1183,528,826,691,-72,51,-22,61,115,0,0,0,0,0,0,0,0,0,0,0,0,0,0,0,0,0,0,0,0,0,0,87347
1,1,1,1,1224,582,774,780,-78,55,-25,64,115,0,0,0,0,0,0,0,0,0,0,0,0,0,0,0,0,0,0,0,0,0,0,87357
1,1,1,1,1175,690,823,860,-107,39,-25,64,115,0,0,0,0,0,0,0,0,0,0,0,0,0,0,0,0,0,0,0,0,0,0,87367
1,1,1,1,1169,643,862,797,-126,-4,-22,65,113,0,0,0,0,0,0,0,0,0,0,0,0,0,0,0,0,0,0,0,0,0,0,87377
1,1,1,1,1173,725,812,792,-154,-15,-20,65,111,0,0,0,0,0,0,0,0,0,0,0,0,0,0,0,0,0,0,0,0,0,0,87387
1,1,1,1,1153,697,824,841,-188,-42,-22,66,109,0,0,0,0,0,0,0,0,0,0,0,0,0,0,0,0,0,0,0,0,0,0,87397
1,1,1,1,1185,684,868,870,-192,-55,-22,68,109,0,0,0,0,0,0,0,0,0,0,0,0,0,0,0,0,0,0,0,0,0,0,87407
1,1,1,1,1200,708,905,816,-196,-56,-20,64,107,0,0,0,0,0,0,0,0,0,0,0,0,0,0,0,0,0,0,0,0,0,0,87417
1,1,1,1,1220,683,919,718,-195,-61,-24,70,107,0,0,0,0,0,0,0,0,0,0,0,0,0,0,0,0,0,0,0,0,0,0,87427
1,1,1,1,1220,671,886,744,-184,-47,-21,68,105,0,0,0,0,0,0,0,0,0,0,0,0,0,0,0,0,0,0,0,0,0,0,87437
1,1,1,1,1213,659,850,796,-178,-34,-22,65,103,0,0,0,0,0,0,0,0,0,0,0,0,0,0,0,0,0,0,0,0,0,0,87447
1,1,1,1,1207,694,819,857,-171,-8,-19,61,100,0,0,0,0,0,0,0,0,0,0,0,0,0,0,0,0,0,0,0,0,0,0,87457
1,1,1,1,1162,656,761,1062,-154,13,-20,66,100,0,0,0,0,0,0,0,0,0,0,0,0,0,0,0,0,0,0,0,0,0,0,87467
1,1,1,1,1195,581,675,1278,-134,15,-12,64,94,0,0,0,0,0,0,0,0,0,0,0,0,0,0,0,0,0,0,0,0,0,0,87477
1,1,1,1,1252,793,673,1616,-147,51,-18,63,93,0,0,0,0,0,0,0,0,0,0,0,0,0,0,0,0,0,0,0,0,0,0,87487
1,1,1,1,1213,734,720,1520,-115,36,-14,59,84,0,0,0,0,0,0,0,0,0,0,0,0,0,0,0,0,0,0,0,0,0,0,87497
1,1,1,1,1265,855,771,1257,-96,24,-12,56,80,0,0,0,0,0,0,0,0,0,0,0,0,0,0,0,0,0,0,0,0,0,0,87507
1,1,1,1,1234,980,754,1232,-77,-4,-15,52,72,0,0,0,0,0,0,0,0,0,0,0,0,0,0,0,0,0,0,0,0,0,0,87517
1,1,1,1,1254,967,723,1183,-49,-30,-14,48,69,0,0,0,0,0,0,0,0,0,0,0,0,0,0,0,0,0,0,0,0,0,0,87527
1,1,1,1,1306,954,594,1345,-24,-68,8,43,63,0,0,0,0,0,0,0,0,0,0,0,0,0,0,0,0,0,0,0,0,0,0,87537
1,1,1,1,1261,732,71,2878,-76,-50,-8,45,57,0,0,0,0,0,0,0,0,0,0,0,0,0,0,0,0,0,0,0,0,0,0,87547
1,1,1,1,1129,927,896,3037,-169,-85,-8,36,47,0,0,0,0,0,0,0,0,0,0,0,0,0,0,0,0,0,0,0,0,0,0,87557
1,1,1,1,1247,1025,774,2793,-146,-103,-7,36,44,0,0,0,0,0,0,0,0,0,0,0,0,0,0,0,0,0,0,0,0,0,0,87567
1,1,1,1,1276,900,315,2893,-121,-177,-5,27,28,0,0,0,0,0,0,0,0,0,0,0,0,0,0,0,0,0,0,0,0,0,0,87577
1,1,1,1,1167,1318,539,2834,-231,-243,-12,21,20,0,0,0,0,0,0,0,0,0,0,0,0,0,0,0,0,0,0,0,0,0,0,87587
1,1,1,1,1166,1168,618,2653,-201,-240,-3,23,28,0,0,0,0,0,0,0,0,0,0,0,0,0,0,0,0,0,0,0,0,0,0,87597
1,1,1,1,1278,928,508,3538,-210,-180,2,22,24,0,0,0,0,0,0,0,0,0,0,0,0,0,0,0,0,0,0,0,0,0,0,87607
1,1,1,1,1299,845,438,4952,-239,-113,1,21,26,0,0,0,0,0,0,0,0,0,0,0,0,0,0,0,0,0,0,0,0,0,0,87617
1,1,1,1,1409,889,422,5661,-303,-98,-8,22,27,0,0,0,0,0,0,0,0,0,0,0,0,0,0,0,0,0,0,0,0,0,0,87627
1,1,1,1,1388,783,306,5264,-415,-191,-6,21,21,0,0,0,0,0,0,0,0,0,0,0,0,0,0,0,0,0,0,0,0,0,0,87637
1,1,1,1,1217,1352,165,4652,-423,-152,-12,17,9,0,0,0,0,0,0,0,0,0,0,0,0,0,0,0,0,0,0,0,0,0,0,87647
1,1,1,1,1223,1863,100,3676,-203,215,-15,18,17,0,0,0,0,0,0,0,0,0,0,0,0,0,0,0,0,0,0,0,0,0,0,87657
1,1,1,1,1208,1463,-95,2522,133,245,-8,19,16,0,0,0,0,0,0,0,0,0,0,0,0,0,0,0,0,0,0,0,0,0,0,87667
1,1,1,1,1178,1615,-180,1918,499,371,-10,21,15,0,0,0,0,0,0,0,0,0,0,0,0,0,0,0,0,0,0,0,0,0,0,87677
1,1,1,1,1154,1391,-224,1577,730,538,-5,23,15,0,0,0,0,0,0,0,0,0,0,0,0,0,0,0,0,0,0,0,0,0,0,87687
1,1,1,1,1247,1204,-178,1382,845,623,-5,31,31,0,0,0,0,0,0,0,0,0,0,0,0,0,0,0,0,0,0,0,0,0,0,87697
1,1,1,1,1255,-7,-202,1134,840,96,0,50,56,0,0,0,0,0,0,0,0,0,0,0,0,0,0,0,0,0,0,0,0,0,0,87707
1,1,1,1,1325,649,-369,1247,814,-262,11,49,28,0,0,0,0,0,0,0,0,0,0,0,0,0,0,0,0,0,0,0,0,0,0,87717
1,1,1,1,1296,1570,-92,2257,577,64,17,40,19,0,0,0,0,0,0,0,0,0,0,0,0,0,0,0,0,0,0,0,0,0,0,87727
1,1,1,1,1104,1395,-142,2711,584,341,-7,48,31,0,0,0,0,0,0,0,0,0,0,0,0,0,0,0,0,0,0,0,0,0,0,87737
1,1,1,1,1101,685,-223,1190,322,175,-15,45,32,0,0,0,0,0,0,0,0,0,0,0,0,0,0,0,0,0,0,0,0,0,0,87747
1,1,1,1,1298,964,-350,231,10,-54,13,40,26,0,0,0,0,0,0,0,0,0,0,0,0,0,0,0,0,0,0,0,0,0,0,87757
1,1,1,1,1070,1473,-200,1464,123,43,7,39,25,0,0,0,0,0,0,0,0,0,0,0,0,0,0,0,0,0,0,0,0,0,0,87767
1,1,1,1,1170,1255,-384,1318,111,92,3,40,28,0,0,0,0,0,0,0,0,0,0,0,0,0,0,0,0,0,0,0,0,0,0,87777
1,1,1,1,1181,1130,-410,1238,34,60,6,40,29,0,0,0,0,0,0,0,0,0,0,0,0,0,0,0,0,0,0,0,0,0,0,87787
1,1,1,1,1215,1115,-424,1337,-92,-27,4,42,28,0,0,0,0,0,0,0,0,0,0,0,0,0,0,0,0,0,0,0,0,0,0,87797
1,1,1,1,1254,1210,-376,1431,-283,-115,2,41,33,0,0,0,0,0,0,0,0,0,0,0,0,0,0,0,0,0,0,0,0,0,0,87807
1,1,1,1,1230,1269,-417,1512,-424,-135,6,36,25,0,0,0,0,0,0,0,0,0,0,0,0,0,0,0,0,0,0,0,0,0,0,87817
1,1,1,1,1178,1327,-520,1711,-535,-128,2,34,28,0,0,0,0,0,0,0,0,0,0,0,0,0,0,0,0,0,0,0,0,0,0,87827
1,1,1,1,1062,1353,-635,1908,-541,-176,29,33,28,0,0,0,0,0,0,0,0,0,0,0,0,0,0,0,0,0,0,0,0,0,0,87837
1,1,1,1,951,1597,-649,3638,-334,-229,-8,35,28,0,0,0,0,0,0,0,0,0,0,0,0,0,0,0,0,0,0,0,0,0,0,87847
1,1,1,1,1485,880,-743,2732,-421,-84,9,35,29,0,0,0,0,0,0,0,0,0,0,0,0,0,0,0,0,0,0,0,0,0,0,87857
1,1,1,1,1056,1353,-677,2889,-469,38,9,35,27,0,0,0,0,0,0,0,0,0,0,0,0,0,0,0,0,0,0,0,0,0,0,87867
1,1,1,1,882,1387,-780,3983,-465,186,33,32,30,0,0,0,0,0,0,0,0,0,0,0,0,0,0,0,0,0,0,0,0,0,0,87877
1,1,1,1,229,1720,-1188,5730,-210,127,18,34,31,0,0,0,0,0,0,0,0,0,0,0,0,0,0,0,0,0,0,0,0,0,0,87887
1,1,1,1,821,550,-1261,6433,78,-113,2,34,32,0,0,0,0,0,0,0,0,0,0,0,0,0,0,0,0,0,0,0,0,0,0,87897
1,1,1,1,1512,90,-1133,4769,95,-288,2,34,33,0,0,0,0,0,0,0,0,0,0,0,0,0,0,0,0,0,0,0,0,0,0,87907
1,1,1,1,1509,796,-1097,3806,-69,-478,11,35,31,0,0,0,0,0,0,0,0,0,0,0,0,0,0,0,0,0,0,0,0,0,0,87917
1,1,1,1,1177,1526,-1106,4259,-338,-392,19,26,-1,0,0,0,0,0,0,0,0,0,0,0,0,0,0,0,0,0,0,0,0,0,0,87927
1,1,1,1,1056,1833,-1106,5405,-421,452,26,28,20,0,0,0,0,0,0,0,0,0,0,0,0,0,0,0,0,0,0,0,0,0,0,87937
1,1,1,1,1076,1301,-1470,7262,-231,381,37,29,22,0,0,0,0,0,0,0,0,0,0,0,0,0,0,0,0,0,0,0,0,0,0,87947
1,1,1,1,1143,1254,-1769,9377,-50,178,44,29,19,0,0,0,0,0,0,0,0,0,0,0,0,0,0,0,0,0,0,0,0,0,0,87957
1,1,1,1,1157,908,-1766,10978,137,11,26,29,22,0,0,0,0,0,0,0,0,0,0,0,0,0,0,0,0,0,0,0,0,0,0,87967
1,1,1,1,1139,172,-1175,11568,409,-237,-66,26,18,0,0,0,0,0,0,0,0,0,0,0,0,0,0,0,0,0,0,0,0,0,0,87977
1,1,1,1,1316,-994,-636,4473,354,-332,1,26,16,0,0,0,0,0,0,0,0,0,0,0,0,0,0,0,0,0,0,0,0,0,0,87987
1,1,1,1,1614,1246,-1828,276,26,-228,10,23,14,0,0,0,0,0,0,0,0,0,0,0,0,0,0,0,0,0,0,0,0,0,0,87997
1,1,1,1,1208,1226,-1630,2472,-123,4,1,22,13,0,0,0,0,0,0,0,0,0,0,0,0,0,0,0,0,0,0,0,0,0,0,88007
1,1,1,1,1082,549,-1613,2282,-64,210,-1,28,22,0,0,0,0,0,0,0,0,0,0,0,0,0,0,0,0,0,0,0,0,0,0,88017
1,1,1,1,1258,510,-1790,2441,163,226,-1,27,24,0,0,0,0,0,0,0,0,0,0,0,0,0,0,0,0,0,0,0,0,0,0,88027
1,1,1,1,1335,2,-1942,2495,346,116,0,42,40,0,0,0,0,0,0,0,0,0,0,0,0,0,0,0,0,0,0,0,0,0,0,88037
1,1,1,1,1573,-372,-1713,2646,-97,-559,-3,30,26,0,0,0,0,0,0,0,0,0,0,0,0,0,0,0,0,0,0,0,0,0,0,88047
1,1,1,1,1207,103,-2136,2778,354,-682,0,26,28,0,0,0,0,0,0,0,0,0,0,0,0,0,0,0,0,0,0,0,0,0,0,88057
1,1,1,1,1147,158,-1845,2963,620,-654,-1,35,26,0,0,0,0,0,0,0,0,0,0,0,0,0,0,0,0,0,0,0,0,0,0,88067
1,1,1,1,1281,145,-1701,2928,443,-709,17,27,19,0,0,0,0,0,0,0,0,0,0,0,0,0,0,0,0,0,0,0,0,0,0,88077
1,1,1,1,953,248,-1778,3541,784,-530,11,37,9,0,0,0,0,0,0,0,0,0,0,0,0,0,0,0,0,0,0,0,0,0,0,88087
1,1,1,1,1500,-78,-1018,2587,238,-87,5,32,12,0,0,0,0,0,0,0,0,0,0,0,0,0,0,0,0,0,0,0,0,0,0,88097
1,1,1,1,1690,315,-1907,2053,425,-37,4,37,34,0,0,0,0,0,0,0,0,0,0,0,0,0,0,0,0,0,0,0,0,0,0,88107
1,1,1,1,1151,-216,-1669,2515,451,-288,14,34,29,0,0,0,0,0,0,0,0,0,0,0,0,0,0,0,0,0,0,0,0,0,0,88117
1,1,1,1,1352,-93,-1940,2772,554,-158,7,41,35,0,0,0,0,0,0,0,0,0,0,0,0,0,0,0,0,0,0,0,0,0,0,88127
1,1,1,1,1260,-472,-1900,2893,488,-160,18,39,35,0,0,0,0,0,0,0,0,0,0,0,0,0,0,0,0,0,0,0,0,0,0,88137
1,1,1,1,1206,-418,-1923,3889,543,5,22,39,31,0,0,0,0,0,0,0,0,0,0,0,0,0,0,0,0,0,0,0,0,0,0,88147
1,1,1,1,1246,-335,-1855,5212,509,42,16,38,28,0,0,0,0,0,0,0,0,0,0,0,0,0,0,0,0,0,0,0,0,0,0,88157
1,1,1,1,1314,-293,-2015,5529,335,234,6,33,14,0,0,0,0,0,0,0,0,0,0,0,0,0,0,0,0,0,0,0,0,0,0,88167
1,1,1,1,1337,-323,-2071,4788,84,633,2,27,4,0,0,0,0,0,0,0,0,0,0,0,0,0,0,0,0,0,0,0,0,0,0,88177
1,1,1,1,1294,-423,-2247,4022,-52,998,9,28,15,0,0,0,0,0,0,0,0,0,0,0,0,0,0,0,0,0,0,0,0,0,0,88187
1,1,1,1,1062,-527,-2055,4363,-82,963,15,27,25,0,0,0,0,0,0,0,0,0,0,0,0,0,0,0,0,0,0,0,0,0,0,88197
1,1,1,1,1097,-792,-2124,5102,211,543,6,28,36,0,0,0,0,0,0,0,0,0,0,0,0,0,0,0,0,0,0,0,0,0,0,88207
1,1,1,1,1222,-1220,-2483,5093,619,-51,10,30,28,0,0,0,0,0,0,0,0,0,0,0,0,0,0,0,0,0,0,0,0,0,0,88217
1,1,1,1,1295,-1163,-2109,5035,593,-335,8,29,26,0,0,0,0,0,0,0,0,0,0,0,0,0,0,0,0,0,0,0,0,0,0,88227
1,1,1,1,1243,-1178,-1882,5060,582,-535,8,29,24,0,0,0,0,0,0,0,0,0,0,0,0,0,0,0,0,0,0,0,0,0,0,88237
1,1,1,1,1286,-1266,-1805,4700,471,-678,1,29,21,0,0,0,0,0,0,0,0,0,0,0,0,0,0,0,0,0,0,0,0,0,0,88247
1,1,1,1,1400,-1244,-1707,3885,153,-549,-3,30,18,0,0,0,0,0,0,0,0,0,0,0,0,0,0,0,0,0,0,0,0,0,0,88257
1,1,1,1,1442,-1107,-1600,3189,-140,-239,1,29,16,0,0,0,0,0,0,0,0,0,0,0,0,0,0,0,0,0,0,0,0,0,0,88267
1,1,1,1,1418,-957,-1630,2722,-358,180,5,27,17,0,0,0,0,0,0,0,0,0,0,0,0,0,0,0,0,0,0,0,0,0,0,88277
1,1,1,1,1308,-942,-1868,2933,-236,407,7,25,20,0,0,0,0,0,0,0,0,0,0,0,0,0,0,0,0,0,0,0,0,0,0,88287
1,1,1,1,1244,-1078,-1969,3439,3,413,9,25,28,0,0,0,0,0,0,0,0,0,0,0,0,0,0,0,0,0,0,0,0,0,0,88297
1,1,1,1,1390,-1515,-1658,3758,126,-187,-11,26,21,0,0,0,0,0,0,0,0,0,0,0,0,0,0,0,0,0,0,0,0,0,0,88317
1,1,1,1,1362,-1960,-1749,2573,8,-293,-17,19,13,0,0,0,0,0,0,0,0,0,0,0,0,0,0,0,0,0,0,0,0,0,0,88327
1,1,1,1,1368,-1915,-1808,1635,-44,-321,-12,13,13,0,0,0,0,0,0,0,0,0,0,0,0,0,0,0,0,0,0,0,0,0,0,88337
1,1,1,1,1301,-1610,-1685,1456,-49,-379,-10,11,11,0,0,0,0,0,0,0,0,0,0,0,0,0,0,0,0,0,0,0,0,0,0,88347
1,1,1,1,1264,-1561,-1559,1502,-103,-443,-9,11,10,0,0,0,0,0,0,0,0,0,0,0,0,0,0,0,0,0,0,0,0,0,0,88357
1,1,1,1,1224,-1476,-1482,1778,-192,-418,-6,14,0,0,0,0,0,0,0,0,0,0,0,0,0,0,0,0,0,0,0,0,0,0,0,88367
1,1,1,1,1159,-1112,-1380,2425,-189,-227,-5,14,5,0,0,0,0,0,0,0,0,0,0,0,0,0,0,0,0,0,0,0,0,0,0,88377
1,1,1,1,1208,-1182,-1642,3047,-36,-101,-9,15,13,0,0,0,0,0,0,0,0,0,0,0,0,0,0,0,0,0,0,0,0,0,0,88387
1,1,1,1,1323,-1440,-1563,3020,-32,2,-15,15,15,0,0,0,0,0,0,0,0,0,0,0,0,0,0,0,0,0,0,0,0,0,0,88397
1,1,1,1,1554,-1871,-1480,2200,-102,97,-22,17,21,0,0,0,0,0,0,0,0,0,0,0,0,0,0,0,0,0,0,0,0,0,0,88407
1,1,1,1,1466,-2178,-1528,1365,-164,156,-22,17,21,0,0,0,0,0,0,0,0,0,0,0,0,0,0,0,0,0,0,0,0,0,0,88417
1,1,1,1,1375,-1953,-1471,703,-215,245,-21,17,21,0,0,0,0,0,0,0,0,0,0,0,0,0,0,0,0,0,0,0,0,0,0,88427
1,1,1,1,1297,-1823,-1458,540,-193,307,-22,17,21,0,0,0,0,0,0,0,0,0,0,0,0,0,0,0,0,0,0,0,0,0,0,88437
1,1,1,1,1316,-1851,-1537,397,-158,344,-19,18,22,0,0,0,0,0,0,0,0,0,0,0,0,0,0,0,0,0,0,0,0,0,0,88447
1,1,1,1,1282,-1792,-1499,459,-113,351,-15,18,23,0,0,0,0,0,0,0,0,0,0,0,0,0,0,0,0,0,0,0,0,0,0,88457
1,1,1,1,1309,-1615,-1428,781,-115,326,-14,18,18,0,0,0,0,0,0,0,0,0,0,0,0,0,0,0,0,0,0,0,0,0,0,88467
1,1,1,1,1320,-1631,-1444,1099,-83,301,-13,18,17,0,0,0,0,0,0,0,0,0,0,0,0,0,0,0,0,0,0,0,0,0,0,88477
1,1,1,1,1268,-1664,-1430,1291,-82,271,-12,18,13,0,0,0,0,0,0,0,0,0,0,0,0,0,0,0,0,0,0,0,0,0,0,88487
1,1,1,1,1310,-1710,-1377,1299,-88,266,-14,18,10,0,0,0,0,0,0,0,0,0,0,0,0,0,0,0,0,0,0,0,0,0,0,88497
1,1,1,1,1342,-1834,-1337,1063,-125,301,-15,18,13,0,0,0,0,0,0,0,0,0,0,0,0,0,0,0,0,0,0,0,0,0,0,88507
1,1,1,1,1295,-1861,-1423,792,-140,319,-13,18,13,0,0,0,0,0,0,0,0,0,0,0,0,0,0,0,0,0,0,0,0,0,0,88517
1,1,1,1,1257,-1840,-1421,663,-109,309,-15,20,12,0,0,0,0,0,0,0,0,0,0,0,0,0,0,0,0,0,0,0,0,0,0,88527
1,1,1,1,1340,-1894,-1331,305,-126,386,-15,21,19,0,0,0,0,0,0,0,0,0,0,0,0,0,0,0,0,0,0,0,0,0,0,88537
1,1,1,1,1366,-1989,-1265,29,-186,371,-12,21,18,0,0,0,0,0,0,0,0,0,0,0,0,0,0,0,0,0,0,0,0,0,0,88547
1,1,1,1,1251,-1863,-1167,194,-290,265,-8,20,16,0,0,0,0,0,0,0,0,0,0,0,0,0,0,0,0,0,0,0,0,0,0,88557
1,1,1,1,1205,-1742,-1212,461,-314,216,-10,20,13,0,0,0,0,0,0,0,0,0,0,0,0,0,0,0,0,0,0,0,0,0,0,88567
1,1,1,1,1236,-1713,-1290,699,-257,229,-10,19,16,0,0,0,0,0,0,0,0,0,0,0,0,0,0,0,0,0,0,0,0,0,0,88577
1,1,1,1,1184,-1798,-1377,758,-163,248,-10,19,16,0,0,0,0,0,0,0,0,0,0,0,0,0,0,0,0,0,0,0,0,0,0,88587
1,1,1,1,1187,-1838,-1301,685,-98,274,-13,20,14,0,0,0,0,0,0,0,0,0,0,0,0,0,0,0,0,0,0,0,0,0,0,88597
1,1,1,1,1174,-1887,-1261,544,-68,293,-13,21,18,0,0,0,0,0,0,0,0,0,0,0,0,0,0,0,0,0,0,0,0,0,0,88607
1,1,1,1,1131,-1919,-1300,426,-32,296,-14,21,22,0,0,0,0,0,0,0,0,0,0,0,0,0,0,0,0,0,0,0,0,0,0,88617
1,1,1,1,1063,-2009,-1322,101,3,295,-16,22,21,0,0,0,0,0,0,0,0,0,0,0,0,0,0,0,0,0,0,0,0,0,0,88637
1,1,1,1,1090,-1956,-1324,-35,30,299,-12,21,19,0,0,0,0,0,0,0,0,0,0,0,0,0,0,0,0,0,0,0,0,0,0,88647
1,1,1,1,1126,-1845,-1257,29,20,273,-13,21,17,0,0,0,0,0,0,0,0,0,0,0,0,0,0,0,0,0,0,0,0,0,0,88657
1,1,1,1,1209,-1786,-1246,180,35,242,-12,25,22,0,0,0,0,0,0,0,0,0,0,0,0,0,0,0,0,0,0,0,0,0,0,88667
1,1,1,1,1264,-1810,-1254,231,62,243,-12,28,26,0,0,0,0,0,0,0,0,0,0,0,0,0,0,0,0,0,0,0,0,0,0,88677
1,1,1,1,1268,-1836,-1232,270,63,217,-11,27,27,0,0,0,0,0,0,0,0,0,0,0,0,0,0,0,0,0,0,0,0,0,0,88687
1,1,1,1,1275,-1849,-1207,245,45,197,-9,29,29,0,0,0,0,0,0,0,0,0,0,0,0,0,0,0,0,0,0,0,0,0,0,88697
1,1,1,1,1258,-1913,-1191,171,18,179,-11,31,33,0,0,0,0,0,0,0,0,0,0,0,0,0,0,0,0,0,0,0,0,0,0,88707
1,1,1,1,1214,-1993,-1193,60,-25,143,-11,32,38,0,0,0,0,0,0,0,0,0,0,0,0,0,0,0,0,0,0,0,0,0,0,88717
1,1,1,1,1176,-2004,-1203,-89,-70,111,-10,33,40,0,0,0,0,0,0,0,0,0,0,0,0,0,0,0,0,0,0,0,0,0,0,88727
1,1,1,1,1087,-1938,-1274,-134,-59,100,-14,33,46,0,0,0,0,0,0,0,0,0,0,0,0,0,0,0,0,0,0,0,0,0,0,88737
1,1,1,1,1045,-1865,-1263,-82,-49,108,-16,35,48,0,0,0,0,0,0,0,0,0,0,0,0,0,0,0,0,0,0,0,0,0,0,88747
1,1,1,1,1059,-1868,-1272,-34,-7,110,-16,36,52,0,0,0,0,0,0,0,0,0,0,0,0,0,0,0,0,0,0,0,0,0,0,88757
1,1,1,1,1074,-1909,-1247,-145,18,153,-15,37,55,0,0,0,0,0,0,0,0,0,0,0,0,0,0,0,0,0,0,0,0,0,0,88767
1,1,1,1,1102,-1896,-1196,-189,39,147,-14,38,60,0,0,0,0,0,0,0,0,0,0,0,0,0,0,0,0,0,0,0,0,0,0,88777
1,1,1,1,1165,-1880,-1192,-74,56,68,-13,37,60,0,0,0,0,0,0,0,0,0,0,0,0,0,0,0,0,0,0,0,0,0,0,88787
1,1,1,1,1190,-1900,-1222,-39,39,31,-16,39,65,0,0,0,0,0,0,0,0,0,0,0,0,0,0,0,0,0,0,0,0,0,0,88797
1,1,1,1,1147,-1965,-1277,-139,24,-11,-19,38,69,0,0,0,0,0,0,0,0,0,0,0,0,0,0,0,0,0,0,0,0,0,0,88807
1,1,1,1,1153,-1912,-1316,-232,24,-33,-19,38,69,0,0,0,0,0,0,0,0,0,0,0,0,0,0,0,0,0,0,0,0,0,0,88817
1,1,1,1,1186,-1799,-1295,-252,49,-25,-21,38,71,0,0,0,0,0,0,0,0,0,0,0,0,0,0,0,0,0,0,0,0,0,0,88827
1,1,1,1,1208,-1745,-1289,-220,83,0,-20,39,73,0,0,0,0,0,0,0,0,0,0,0,0,0,0,0,0,0,0,0,0,0,0,88837
1,1,1,1,1211,-1784,-1285,-199,114,3,-19,38,72,0,0,0,0,0,0,0,0,0,0,0,0,0,0,0,0,0,0,0,0,0,0,88847
1,1,1,1,1231,-1799,-1222,-152,98,-22,-20,40,76,0,0,0,0,0,0,0,0,0,0,0,0,0,0,0,0,0,0,0,0,0,0,88857
1,1,1,1,1190,-1781,-1250,-47,117,-60,-20,40,78,0,0,0,0,0,0,0,0,0,0,0,0,0,0,0,0,0,0,0,0,0,0,88867
1,1,1,1,1203,-1807,-1248,-19,113,-73,-19,39,80,0,0,0,0,0,0,0,0,0,0,0,0,0,0,0,0,0,0,0,0,0,0,88877
1,1,1,1,1202,-1839,-1269,8,111,-104,-22,40,79,0,0,0,0,0,0,0,0,0,0,0,0,0,0,0,0,0,0,0,0,0,0,88887
1,1,1,1,1196,-1843,-1289,-47,121,-94,-21,36,80,0,0,0,0,0,0,0,0,0,0,0,0,0,0,0,0,0,0,0,0,0,0,88897
1,1,1,1,1199,-1843,-1271,-85,130,-90,-23,41,80,0,0,0,0,0,0,0,0,0,0,0,0,0,0,0,0,0,0,0,0,0,0,88907
1,1,1,1,1238,-1858,-1266,-117,119,-99,-20,40,78,0,0,0,0,0,0,0,0,0,0,0,0,0,0,0,0,0,0,0,0,0,0,88917
1,1,1,1,1250,-1905,-1251,-223,112,-78,-21,41,79,0,0,0,0,0,0,0,0,0,0,0,0,0,0,0,0,0,0,0,0,0,0,88927
1,1,1,1,1244,-1891,-1219,-217,84,-101,-21,42,84,0,0,0,0,0,0,0,0,0,0,0,0,0,0,0,0,0,0,0,0,0,0,88937
1,1,1,1,1225,-1856,-1276,-166,79,-112,-23,42,82,0,0,0,0,0,0,0,0,0,0,0,0,0,0,0,0,0,0,0,0,0,0,88947
1,1,1,1,1245,-1838,-1235,-113,63,-105,-25,48,91,0,0,0,0,0,0,0,0,0,0,0,0,0,0,0,0,0,0,0,0,0,0,88957
1,1,1,1,1235,-1866,-1279,-51,72,-118,-24,43,88,0,0,0,0,0,0,0,0,0,0,0,0,0,0,0,0,0,0,0,0,0,0,88967
1,1,1,1,1252,-1878,-1258,-93,76,-89,-25,46,91,0,0,0,0,0,0,0,0,0,0,0,0,0,0,0,0,0,0,0,0,0,0,88977
1,1,1,1,1264,-1943,-1263,-227,74,-54,-23,44,93,0,0,0,0,0,0,0,0,0,0,0,0,0,0,0,0,0,0,0,0,0,0,88987
1,1,1,1,1243,-1976,-1281,-335,71,-61,-22,44,94,0,0,0,0,0,0,0,0,0,0,0,0,0,0,0,0,0,0,0,0,0,0,88997
1,1,1,1,1231,-1895,-1275,-320,71,-79,-23,46,93,0,0,0,0,0,0,0,0,0,0,0,0,0,0,0,0,0,0,0,0,0,0,89007
1,1,1,1,1250,-1873,-1290,-291,62,-85,-22,46,94,0,0,0,0,0,0,0,0,0,0,0,0,0,0,0,0,0,0,0,0,0,0,89017
1,1,1,1,1267,-1899,-1292,-293,44,-90,-25,47,96,0,0,0,0,0,0,0,0,0,0,0,0,0,0,0,0,0,0,0,0,0,0,89027
1,1,1,1,1220,-1846,-1345,-262,33,-103,-25,46,97,0,0,0,0,0,0,0,0,0,0,0,0,0,0,0,0,0,0,0,0,0,0,89037
1,1,1,1,1226,-1801,-1341,-184,10,-118,-27,46,99,0,0,0,0,0,0,0,0,0,0,0,0,0,0,0,0,0,0,0,0,0,0,89047
1,1,1,1,1236,-1798,-1354,-160,3,-126,-28,45,99,0,0,0,0,0,0,0,0,0,0,0,0,0,0,0,0,0,0,0,0,0,0,89057
1,1,1,1,1254,-1786,-1316,-165,11,-114,-27,46,99,0,0,0,0,0,0,0,0,0,0,0,0,0,0,0,0,0,0,0,0,0,0,89067
1,1,1,1,1255,-1806,-1293,-121,0,-112,-25,47,100,0,0,0,0,0,0,0,0,0,0,0,0,0,0,0,0,0,0,0,0,0,0,89077
1,1,1,1,1233,-1848,-1317,-68,-11,-121,-25,47,102,0,0,0,0,0,0,0,0,0,0,0,0,0,0,0,0,0,0,0,0,0,0,89087
1,1,1,1,1232,-1884,-1297,-125,-16,-106,-25,47,103,0,0,0,0,0,0,0,0,0,0,0,0,0,0,0,0,0,0,0,0,0,0,89097
1,1,1,1,1226,-1862,-1307,-160,-8,-97,-26,48,102,0,0,0,0,0,0,0,0,0,0,0,0,0,0,0,0,0,0,0,0,0,0,89107
1,1,1,1,1224,-1828,-1302,-110,-9,-100,-27,47,103,0,0,0,0,0,0,0,0,0,0,0,0,0,0,0,0,0,0,0,0,0,0,89117
1,1,1,1,1205,-1839,-1306,-72,1,-101,-28,48,105,0,0,0,0,0,0,0,0,0,0,0,0,0,0,0,0,0,0,0,0,0,0,89127
1,1,1,1,1196,-1828,-1313,-53,-1,-93,-30,48,107,0,0,0,0,0,0,0,0,0,0,0,0,0,0,0,0,0,0,0,0,0,0,89137
1,1,1,1,1207,-1842,-1304,-45,19,-80,-30,49,106,0,0,0,0,0,0,0,0,0,0,0,0,0,0,0,0,0,0,0,0,0,0,89147
1,1,1,1,1241,-1871,-1278,-94,23,-66,-31,50,110,0,0,0,0,0,0,0,0,0,0,0,0,0,0,0,0,0,0,0,0,0,0,89157
1,1,1,1,1262,-1873,-1266,-127,9,-64,-28,49,109,0,0,0,0,0,0,0,0,0,0,0,0,0,0,0,0,0,0,0,0,0,0,89167
1,1,1,1,1213,-1859,-1325,-179,12,-51,-30,51,111,0,0,0,0,0,0,0,0,0,0,0,0,0,0,0,0,0,0,0,0,0,0,89177
1,1,1,1,1199,-1861,-1326,-234,8,-46,-28,50,112,0,0,0,0,0,0,0,0,0,0,0,0,0,0,0,0,0,0,0,0,0,0,89187
1,1,1,1,1204,-1820,-1336,-179,2,-85,-30,49,111,0,0,0,0,0,0,0,0,0,0,0,0,0,0,0,0,0,0,0,0,0,0,89197
1,1,1,1,1192,-1781,-1358,-153,8,-108,-32,50,110,0,0,0,0,0,0,0,0,0,0,0,0,0,0,0,0,0,0,0,0,0,0,89207
1,1,1,1,1219,-1759,-1317,-171,-3,-108,-30,48,108,0,0,0,0,0,0,0,0,0,0,0,0,0,0,0,0,0,0,0,0,0,0,89217
1,1,1,1,1217,-1774,-1332,-226,-9,-103,-34,51,113,0,0,0,0,0,0,0,0,0,0,0,0,0,0,0,0,0,0,0,0,0,0,89227
1,1,1,1,1239,-1704,-1380,-282,67,-66,-33,53,117,0,0,0,0,0,0,0,0,0,0,0,0,0,0,0,0,0,0,0,0,0,0,89257
1,1,1,1,1335,-1730,-1268,-193,60,-90,-33,53,115,0,0,0,0,0,0,0,0,0,0,0,0,0,0,0,0,0,0,0,0,0,0,89267
1,1,1,1,1340,-1804,-1308,-129,29,-143,-34,55,119,0,0,0,0,0,0,0,0,0,0,0,0,0,0,0,0,0,0,0,0,0,0,89277
1,1,1,1,1311,-1804,-1367,-91,23,-158,-32,52,115,0,0,0,0,0,0,0,0,0,0,0,0,0,0,0,0,0,0,0,0,0,0,89287
1,1,1,1,1367,-1794,-1365,-70,31,-163,-31,53,115,0,0,0,0,0,0,0,0,0,0,0,0,0,0,0,0,0,0,0,0,0,0,89297
1,1,1,1,1380,-1819,-1334,-117,30,-154,-29,52,116,0,0,0,0,0,0,0,0,0,0,0,0,0,0,0,0,0,0,0,0,0,0,89307
1,1,1,1,1329,-1816,-1320,-129,6,-145,-29,53,115,0,0,0,0,0,0,0,0,0,0,0,0,0,0,0,0,0,0,0,0,0,0,89317
1,1,1,1,1271,-1833,-1351,-126,-5,-151,-31,54,117,0,0,0,0,0,0,0,0,0,0,0,0,0,0,0,0,0,0,0,0,0,0,89327
1,1,1,1,1222,-1806,-1396,-154,2,-136,-29,51,117,0,0,0,0,0,0,0,0,0,0,0,0,0,0,0,0,0,0,0,0,0,0,89337
1,1,1,1,1235,-1774,-1405,-159,8,-123,-30,52,116,0,0,0,0,0,0,0,0,0,0,0,0,0,0,0,0,0,0,0,0,0,0,89347
1,1,1,1,1294,-1768,-1349,-153,-11,-114,-30,52,117,0,0,0,0,0,0,0,0,0,0,0,0,0,0,0,0,0,0,0,0,0,0,89357
1,1,1,1,1295,-1754,-1378,-80,-15,-125,-29,52,115,0,0,0,0,0,0,0,0,0,0,0,0,0,0,0,0,0,0,0,0,0,0,89367
1,1,1,1,1279,-1722,-1380,3,3,-120,-28,52,116,0,0,0,0,0,0,0,0,0,0,0,0,0,0,0,0,0,0,0,0,0,0,89377
1,1,1,1,1284,-1740,-1365,29,13,-105,-28,52,115,0,0,0,0,0,0,0,0,0,0,0,0,0,0,0,0,0,0,0,0,0,0,89387
1,1,1,1,1261,-1761,-1385,49,25,-108,-29,52,113,0,0,0,0,0,0,0,0,0,0,0,0,0,0,0,0,0,0,0,0,0,0,89397
1,1,1,1,1272,-1777,-1385,17,37,-94,-28,52,112,0,0,0,0,0,0,0,0,0,0,0,0,0,0,0,0,0,0,0,0,0,0,89407
1,1,1,1,1278,-1809,-1363,-75,49,-73,-29,52,110,0,0,0,0,0,0,0,0,0,0,0,0,0,0,0,0,0,0,0,0,0,0,89417
1,1,1,1,1283,-1826,-1328,-152,42,-64,-30,52,111,0,0,0,0,0,0,0,0,0,0,0,0,0,0,0,0,0,0,0,0,0,0,89427
1,1,1,1,1270,-1817,-1338,-204,28,-67,-30,52,112,0,0,0,0,0,0,0,0,0,0,0,0,0,0,0,0,0,0,0,0,0,0,89437
1,1,1,1,1262,-1784,-1344,-215,21,-60,-30,52,113,0,0,0,0,0,0,0,0,0,0,0,0,0,0,0,0,0,0,0,0,0,0,89447
1,1,1,1,1226,-1734,-1374,-129,29,-59,-31,53,114,0,0,0,0,0,0,0,0,0,0,0,0,0,0,0,0,0,0,0,0,0,0,89457
1,1,1,1,1247,-1678,-1394,-7,43,-57,-30,52,112,0,0,0,0,0,0,0,0,0,0,0,0,0,0,0,0,0,0,0,0,0,0,89467
1,1,1,1,1292,-1697,-1418,20,61,-44,-30,53,111,0,0,0,0,0,0,0,0,0,0,0,0,0,0,0,0,0,0,0,0,0,0,89477
1,1,1,1,1345,-1716,-1390,25,69,-35,-28,52,112,0,0,0,0,0,0,0,0,0,0,0,0,0,0,0,0,0,0,0,0,0,0,89487
1,1,1,1,1392,-1735,-1351,11,61,-33,-30,52,113,0,0,0,0,0,0,0,0,0,0,0,0,0,0,0,0,0,0,0,0,0,0,89497
1,1,1,1,1393,-1769,-1359,-30,41,-41,-28,52,112,0,0,0,0,0,0,0,0,0,0,0,0,0,0,0,0,0,0,0,0,0,0,89507
1,1,1,1,1371,-1772,-1348,-65,26,-47,-27,51,109,0,0,0,0,0,0,0,0,0,0,0,0,0,0,0,0,0,0,0,0,0,0,89517
1,1,1,1,1326,-1750,-1378,-109,24,-22,-29,52,113,0,0,0,0,0,0,0,0,0,0,0,0,0,0,0,0,0,0,0,0,0,0,89527
1,1,1,1,1301,-1767,-1377,-116,14,-7,-28,53,113,0,0,0,0,0,0,0,0,0,0,0,0,0,0,0,0,0,0,0,0,0,0,89537
1,1,1,1,1293,-1763,-1355,-74,1,-19,-28,53,114,0,0,0,0,0,0,0,0,0,0,0,0,0,0,0,0,0,0,0,0,0,0,89547
1,1,1,1,1289,-1739,-1363,-50,5,-9,-29,50,114,0,0,0,0,0,0,0,0,0,0,0,0,0,0,0,0,0,0,0,0,0,0,89557
1,1,1,1,1283,-1717,-1385,-23,15,-2,-33,56,116,0,0,0,0,0,0,0,0,0,0,0,0,0,0,0,0,0,0,0,0,0,0,89567
1,1,1,1,1315,-1717,-1350,-7,15,5,-30,53,118,0,0,0,0,0,0,0,0,0,0,0,0,0,0,0,0,0,0,0,0,0,0,89577
1,1,1,1,1324,-1742,-1348,-34,32,18,-29,53,117,0,0,0,0,0,0,0,0,0,0,0,0,0,0,0,0,0,0,0,0,0,0,89587
1,1,1,1,1312,-1745,-1372,-75,30,28,-29,52,116,0,0,0,0,0,0,0,0,0,0,0,0,0,0,0,0,0,0,0,0,0,0,89597
1,1,1,1,1295,-1758,-1406,-92,30,27,-28,52,115,0,0,0,0,0,0,0,0,0,0,0,0,0,0,0,0,0,0,0,0,0,0,89607
1,1,1,1,1304,-1751,-1399,-95,24,21,-29,53,116,0,0,0,0,0,0,0,0,0,0,0,0,0,0,0,0,0,0,0,0,0,0,89617
1,1,1,1,1326,-1739,-1387,-95,17,17,-29,54,113,0,0,0,0,0,0,0,0,0,0,0,0,0,0,0,0,0,0,0,0,0,0,89627
1,1,1,1,1319,-1708,-1391,-75,7,15,-27,53,114,0,0,0,0,0,0,0,0,0,0,0,0,0,0,0,0,0,0,0,0,0,0,89637
1,1,1,1,1303,-1703,-1386,-49,-4,16,-28,53,115,0,0,0,0,0,0,0,0,0,0,0,0,0,0,0,0,0,0,0,0,0,0,89647
1,1,1,1,1291,-1683,-1387,-15,-2,12,-28,53,116,0,0,0,0,0,0,0,0,0,0,0,0,0,0,0,0,0,0,0,0,0,0,89657
1,1,1,1,1298,-1685,-1363,-5,-4,17,-28,53,115,0,0,0,0,0,0,0,0,0,0,0,0,0,0,0,0,0,0,0,0,0,0,89667
1,1,1,1,1309,-1721,-1354,-29,-7,8,-27,53,114,0,0,0,0,0,0,0,0,0,0,0,0,0,0,0,0,0,0,0,0,0,0,89677
1,1,1,1,1285,-1697,-1384,-22,14,12,-28,54,116,0,0,0,0,0,0,0,0,0,0,0,0,0,0,0,0,0,0,0,0,0,0,89687
1,1,1,1,1305,-1708,-1381,-24,11,17,-28,53,115,0,0,0,0,0,0,0,0,0,0,0,0,0,0,0,0,0,0,0,0,0,0,89697
1,1,1,1,1319,-1744,-1379,-49,13,15,-28,54,117,0,0,0,0,0,0,0,0,0,0,0,0,0,0,0,0,0,0,0,0,0,0,89707
1,1,1,1,1315,-1726,-1404,-44,3,9,-29,54,115,0,0,0,0,0,0,0,0,0,0,0,0,0,0,0,0,0,0,0,0,0,0,89717
1,1,1,1,1318,-1720,-1398,-59,6,18,-29,53,114,0,0,0,0,0,0,0,0,0,0,0,0,0,0,0,0,0,0,0,0,0,0,89727
1,1,1,1,1305,-1746,-1408,-63,4,11,-29,53,118,0,0,0,0,0,0,0,0,0,0,0,0,0,0,0,0,0,0,0,0,0,0,89737
1,1,1,1,1295,-1692,-1416,-32,0,15,-31,54,117,0,0,0,0,0,0,0,0,0,0,0,0,0,0,0,0,0,0,0,0,0,0,89747
1,1,1,1,1317,-1694,-1384,-24,4,19,-30,53,117,0,0,0,0,0,0,0,0,0,0,0,0,0,0,0,0,0,0,0,0,0,0,89757
1,1,1,1,1313,-1706,-1376,-21,-3,10,-29,53,117,0,0,0,0,0,0,0,0,0,0,0,0,0,0,0,0,0,0,0,0,0,0,89767
1,1,1,1,1310,-1695,-1377,-9,-1,7,-29,54,116,0,0,0,0,0,0,0,0,0,0,0,0,0,0,0,0,0,0,0,0,0,0,89777
1,1,1,1,1295,-1698,-1379,13,8,-1,-30,55,118,0,0,0,0,0,0,0,0,0,0,0,0,0,0,0,0,0,0,0,0,0,0,89787
1,1,1,1,1289,-1720,-1370,21,15,-3,-30,54,118,0,0,0,0,0,0,0,0,0,0,0,0,0,0,0,0,0,0,0,0,0,0,89797
1,1,1,1,1297,-1737,-1370,9,19,5,-32,54,118,0,0,0,0,0,0,0,0,0,0,0,0,0,0,0,0,0,0,0,0,0,0,89807
1,1,1,1,1295,-1724,-1378,11,9,9,-31,55,118,0,0,0,0,0,0,0,0,0,0,0,0,0,0,0,0,0,0,0,0,0,0,89817
1,1,1,1,1307,-1734,-1386,6,3,14,-32,55,119,0,0,0,0,0,0,0,0,0,0,0,0,0,0,0,0,0,0,0,0,0,0,89827
1,1,1,1,1301,-1754,-1394,-18,-2,14,-28,47,115,0,0,0,0,0,0,0,0,0,0,0,0,0,0,0,0,0,0,0,0,0,0,89837
1,1,1,1,1306,-1726,-1383,-38,-5,21,-31,55,119,0,0,0,0,0,0,0,0,0,0,0,0,0,0,0,0,0,0,0,0,0,0,89847
1,1,1,1,1298,-1712,-1413,-29,-4,19,-32,52,121,0,0,0,0,0,0,0,0,0,0,0,0,0,0,0,0,0,0,0,0,0,0,89857
1,1,1,1,1295,-1708,-1390,-20,0,28,-33,54,119,0,0,0,0,0,0,0,0,0,0,0,0,0,0,0,0,0,0,0,0,0,0,89867
1,1,1,1,1289,-1726,-1385,-17,-5,27,-35,58,121,0,0,0,0,0,0,0,0,0,0,0,0,0,0,0,0,0,0,0,0,0,0,89877
1,1,1,1,1287,-1709,-1378,-3,-7,28,-34,56,119,0,0,0,0,0,0,0,0,0,0,0,0,0,0,0,0,0,0,0,0,0,0,89887
1,1,1,1,1290,-1744,-1373,-35,-2,36,-30,53,119,0,0,0,0,0,0,0,0,0,0,0,0,0,0,0,0,0,0,0,0,0,0,89897
1,1,1,1,1274,-1756,-1388,-31,4,31,-30,54,117,0,0,0,0,0,0,0,0,0,0,0,0,0,0,0,0,0,0,0,0,0,0,89907
1,1,1,1,1277,-1738,-1376,-29,0,38,-31,54,116,0,0,0,0,0,0,0,0,0,0,0,0,0,0,0,0,0,0,0,0,0,0,89917
1,1,1,1,1285,-1763,-1371,-56,-5,46,-29,55,114,0,0,0,0,0,0,0,0,0,0,0,0,0,0,0,0,0,0,0,0,0,0,89927
1,1,1,1,1286,-1748,-1376,-102,-3,69,-28,55,115,0,0,0,0,0,0,0,0,0,0,0,0,0,0,0,0,0,0,0,0,0,0,89937
1,1,1,1,1290,-1750,-1366,-86,-2,79,-30,54,115,0,0,0,0,0,0,0,0,0,0,0,0,0,0,0,0,0,0,0,0,0,0,89947
1,1,1,1,1290,-1760,-1391,-95,-3,96,-30,54,113,0,0,0,0,0,0,0,0,0,0,0,0,0,0,0,0,0,0,0,0,0,0,89957
1,1,1,1,1296,-1785,-1389,-140,1,117,-29,54,110,0,0,0,0,0,0,0,0,0,0,0,0,0,0,0,0,0,0,0,0,0,0,89967
1,1,1,1,1289,-1751,-1397,-105,3,113,-30,53,110,0,0,0,0,0,0,0,0,0,0,0,0,0,0,0,0,0,0,0,0,0,0,89977
1,1,1,1,1293,-1734,-1414,-62,10,115,-28,54,110,0,0,0,0,0,0,0,0,0,0,0,0,0,0,0,0,0,0,0,0,0,0,89987
1,1,1,1,1288,-1746,-1411,-40,10,99,-27,54,110,0,0,0,0,0,0,0,0,0,0,0,0,0,0,0,0,0,0,0,0,0,0,89997
1,1,1,1,1295,-1728,-1393,-40,-2,86,-29,55,107,0,0,0,0,0,0,0,0,0,0,0,0,0,0,0,0,0,0,0,0,0,0,90007
1,1,1,1,1312,-1711,-1362,-79,-4,89,-28,54,107,0,0,0,0,0,0,0,0,0,0,0,0,0,0,0,0,0,0,0,0,0,0,90017
1,1,1,1,1312,-1702,-1388,-111,-14,81,-29,53,110,0,0,0,0,0,0,0,0,0,0,0,0,0,0,0,0,0,0,0,0,0,0,90027
1,1,1,1,1323,-1697,-1352,-147,-19,81,-30,53,109,0,0,0,0,0,0,0,0,0,0,0,0,0,0,0,0,0,0,0,0,0,0,90037
1,1,1,1,1308,-1710,-1400,-157,-25,69,-29,54,106,0,0,0,0,0,0,0,0,0,0,0,0,0,0,0,0,0,0,0,0,0,0,90047
1,1,1,1,1306,-1692,-1400,-111,-11,60,-29,53,107,0,0,0,0,0,0,0,0,0,0,0,0,0,0,0,0,0,0,0,0,0,0,90057
1,1,1,1,1303,-1700,-1406,-58,-7,50,-31,53,109,0,0,0,0,0,0,0,0,0,0,0,0,0,0,0,0,0,0,0,0,0,0,90067
1,1,1,1,1293,-1697,-1412,-14,-5,39,-29,54,109,0,0,0,0,0,0,0,0,0,0,0,0,0,0,0,0,0,0,0,0,0,0,90077
1,1,1,1,1294,-1700,-1411,12,-4,35,-30,54,108,0,0,0,0,0,0,0,0,0,0,0,0,0,0,0,0,0,0,0,0,0,0,90087
1,1,1,1,1289,-1688,-1433,15,1,37,-29,54,108,0,0,0,0,0,0,0,0,0,0,0,0,0,0,0,0,0,0,0,0,0,0,90097
1,1,1,1,1296,-1712,-1425,0,-3,29,-31,55,109,0,0,0,0,0,0,0,0,0,0,0,0,0,0,0,0,0,0,0,0,0,0,90107
1,1,1,1,1297,-1700,-1406,-14,-13,16,-30,55,113,0,0,0,0,0,0,0,0,0,0,0,0,0,0,0,0,0,0,0,0,0,0,90117
1,1,1,1,1294,-1710,-1399,-23,-13,5,-30,58,110,0,0,0,0,0,0,0,0,0,0,0,0,0,0,0,0,0,0,0,0,0,0,90127
1,1,1,1,1290,-1717,-1408,-31,-20,-4,-29,54,111,0,0,0,0,0,0,0,0,0,0,0,0,0,0,0,0,0,0,0,0,0,0,90137
1,1,1,1,1288,-1721,-1403,-17,-11,-8,-29,52,109,0,0,0,0,0,0,0,0,0,0,0,0,0,0,0,0,0,0,0,0,0,0,90147
1,1,1,1,1289,-1734,-1401,-11,-20,-9,-30,52,110,0,0,0,0,0,0,0,0,0,0,0,0,0,0,0,0,0,0,0,0,0,0,90157
1,1,1,1,1291,-1735,-1391,-10,-22,-2,-28,51,111,0,0,0,0,0,0,0,0,0,0,0,0,0,0,0,0,0,0,0,0,0,0,90167
1,1,1,1,1291,-1736,-1399,-16,-12,17,-30,53,114,0,0,0,0,0,0,0,0,0,0,0,0,0,0,0,0,0,0,0,0,0,0,90177
1,1,1,1,1288,-1741,-1395,-10,-18,19,-30,55,113,0,0,0,0,0,0,0,0,0,0,0,0,0,0,0,0,0,0,0,0,0,0,90187
1,1,1,1,1275,-1737,-1423,2,-15,23,-30,54,112,0,0,0,0,0,0,0,0,0,0,0,0,0,0,0,0,0,0,0,0,0,0,90197
1,1,1,1,1270,-1730,-1427,-5,-12,25,-29,54,111,0,0,0,0,0,0,0,0,0,0,0,0,0,0,0,0,0,0,0,0,0,0,90207
1,1,1,1,1275,-1716,-1422,2,-22,21,-29,53,109,0,0,0,0,0,0,0,0,0,0,0,0,0,0,0,0,0,0,0,0,0,0,90217
1,1,1,1,1272,-1710,-1425,6,-18,15,-27,54,108,0,0,0,0,0,0,0,0,0,0,0,0,0,0,0,0,0,0,0,0,0,0,90227
1,1,1,1,1278,-1698,-1399,2,-22,10,-26,55,112,0,0,0,0,0,0,0,0,0,0,0,0,0,0,0,0,0,0,0,0,0,0,90237
1,1,1,1,1275,-1712,-1395,-3,-28,5,-28,54,112,0,0,0,0,0,0,0,0,0,0,0,0,0,0,0,0,0,0,0,0,0,0,90247
1,1,1,1,1269,-1715,-1403,-4,-7,6,-28,55,109,0,0,0,0,0,0,0,0,0,0,0,0,0,0,0,0,0,0,0,0,0,0,90257
1,1,1,1,1277,-1719,-1396,-17,-6,9,-28,54,111,0,0,0,0,0,0,0,0,0,0,0,0,0,0,0,0,0,0,0,0,0,0,90267
1,1,1,1,1270,-1709,-1407,6,-14,2,-27,54,108,0,0,0,0,0,0,0,0,0,0,0,0,0,0,0,0,0,0,0,0,0,0,90277
1,1,1,1,1256,-1740,-1412,8,-15,14,-27,55,107,0,0,0,0,0,0,0,0,0,0,0,0,0,0,0,0,0,0,0,0,0,0,90287
1,1,1,1,1257,-1754,-1404,13,-14,12,-26,54,108,0,0,0,0,0,0,0,0,0,0,0,0,0,0,0,0,0,0,0,0,0,0,90297
1,1,1,1,1256,-1750,-1417,17,-7,21,-26,54,105,0,0,0,0,0,0,0,0,0,0,0,0,0,0,0,0,0,0,0,0,0,0,90307
1,1,1,1,1273,-1758,-1400,9,-5,36,-27,55,105,0,0,0,0,0,0,0,0,0,0,0,0,0,0,0,0,0,0,0,0,0,0,90317
1,1,1,1,1272,-1748,-1404,-4,-15,39,-28,54,103,0,0,0,0,0,0,0,0,0,0,0,0,0,0,0,0,0,0,0,0,0,0,90327
1,1,1,1,1273,-1754,-1417,-10,-6,48,-28,54,105,0,0,0,0,0,0,0,0,0,0,0,0,0,0,0,0,0,0,0,0,0,0,90337
1,1,1,1,1280,-1752,-1412,-38,-8,56,-27,54,103,0,0,0,0,0,0,0,0,0,0,0,0,0,0,0,0,0,0,0,0,0,0,90347
1,1,1,1,1278,-1732,-1424,-46,1,62,-27,54,103,0,0,0,0,0,0,0,0,0,0,0,0,0,0,0,0,0,0,0,0,0,0,90357
1,1,1,1,1278,-1723,-1415,-44,2,62,-26,54,103,0,0,0,0,0,0,0,0,0,0,0,0,0,0,0,0,0,0,0,0,0,0,90367
1,1,1,1,1279,-1720,-1405,-50,0,60,-25,54,105,0,0,0,0,0,0,0,0,0,0,0,0,0,0,0,0,0,0,0,0,0,0,90377
1,1,1,1,1270,-1721,-1415,-44,-4,52,-27,54,103,0,0,0,0,0,0,0,0,0,0,0,0,0,0,0,0,0,0,0,0,0,0,90387
1,1,1,1,1272,-1708,-1424,-52,-6,50,-26,54,103,0,0,0,0,0,0,0,0,0,0,0,0,0,0,0,0,0,0,0,0,0,0,90397
1,1,1,1,1280,-1710,-1419,-53,-3,40,-26,53,103,0,0,0,0,0,0,0,0,0,0,0,0,0,0,0,0,0,0,0,0,0,0,90407
1,1,1,1,1282,-1684,-1413,-17,-5,29,-25,53,104,0,0,0,0,0,0,0,0,0,0,0,0,0,0,0,0,0,0,0,0,0,0,90417
1,1,1,1,1283,-1693,-1405,-4,-8,27,-25,52,105,0,0,0,0,0,0,0,0,0,0,0,0,0,0,0,0,0,0,0,0,0,0,90427
1,1,1,1,1271,-1707,-1421,-13,-7,19,-29,57,104,0,0,0,0,0,0,0,0,0,0,0,0,0,0,0,0,0,0,0,0,0,0,90437
1,1,1,1,1269,-1691,-1423,-3,-10,16,-29,55,105,0,0,0,0,0,0,0,0,0,0,0,0,0,0,0,0,0,0,0,0,0,0,90447
1,1,1,1,1265,-1697,-1441,27,-1,10,-28,54,106,0,0,0,0,0,0,0,0,0,0,0,0,0,0,0,0,0,0,0,0,0,0,90457
1,1,1,1,1275,-1709,-1425,24,3,13,-26,52,101,0,0,0,0,0,0,0,0,0,0,0,0,0,0,0,0,0,0,0,0,0,0,90467
1,1,1,1,1270,-1714,-1424,22,5,11,-28,52,101,0,0,0,0,0,0,0,0,0,0,0,0,0,0,0,0,0,0,0,0,0,0,90477
1,1,1,1,1278,-1715,-1420,-2,0,19,-27,55,106,0,0,0,0,0,0,0,0,0,0,0,0,0,0,0,0,0,0,0,0,0,0,90487
1,1,1,1,1283,-1741,-1401,-11,4,20,-27,54,106,0,0,0,0,0,0,0,0,0,0,0,0,0,0,0,0,0,0,0,0,0,0,90497
1,1,1,1,1278,-1736,-1404,-1,2,23,-25,53,105,0,0,0,0,0,0,0,0,0,0,0,0,0,0,0,0,0,0,0,0,0,0,90507
1,1,1,1,1273,-1765,-1408,-5,-2,30,-25,54,103,0,0,0,0,0,0,0,0,0,0,0,0,0,0,0,0,0,0,0,0,0,0,90517
1,1,1,1,1274,-1765,-1409,-9,2,33,-25,54,104,0,0,0,0,0,0,0,0,0,0,0,0,0,0,0,0,0,0,0,0,0,0,90527
1,1,1,1,1270,-1755,-1428,-12,1,35,-24,53,104,0,0,0,0,0,0,0,0,0,0,0,0,0,0,0,0,0,0,0,0,0,0,90537
1,1,1,1,1272,-1738,-1427,-11,3,40,-26,53,105,0,0,0,0,0,0,0,0,0,0,0,0,0,0,0,0,0,0,0,0,0,0,90547
1,1,1,1,1269,-1721,-1439,-16,12,44,-26,53,102,0,0,0,0,0,0,0,0,0,0,0,0,0,0,0,0,0,0,0,0,0,0,90557
1,1,1,1,1267,-1700,-1435,-15,11,44,-26,53,101,0,0,0,0,0,0,0,0,0,0,0,0,0,0,0,0,0,0,0,0,0,0,90567
1,1,1,1,1273,-1715,-1424,-22,5,37,-25,53,101,0,0,0,0,0,0,0,0,0,0,0,0,0,0,0,0,0,0,0,0,0,0,90577
1,1,1,1,1277,-1718,-1400,-44,1,38,-23,53,99,0,0,0,0,0,0,0,0,0,0,0,0,0,0,0,0,0,0,0,0,0,0,90587
1,1,1,1,1275,-1692,-1409,-9,3,34,-25,54,100,0,0,0,0,0,0,0,0,0,0,0,0,0,0,0,0,0,0,0,0,0,0,90597
1,1,1,1,1271,-1701,-1409,2,-9,28,-23,53,100,0,0,0,0,0,0,0,0,0,0,0,0,0,0,0,0,0,0,0,0,0,0,90607
1,1,1,1,1270,-1703,-1411,4,-11,23,-22,53,99,0,0,0,0,0,0,0,0,0,0,0,0,0,0,0,0,0,0,0,0,0,0,90617
1,1,1,1,1274,-1691,-1421,37,-12,14,-21,53,99,0,0,0,0,0,0,0,0,0,0,0,0,0,0,0,0,0,0,0,0,0,0,90627
1,1,1,1,1268,-1711,-1423,36,-4,17,-25,53,101,0,0,0,0,0,0,0,0,0,0,0,0,0,0,0,0,0,0,0,0,0,0,90637
1,1,1,1,1278,-1750,-1416,1,-10,12,-25,53,101,0,0,0,0,0,0,0,0,0,0,0,0,0,0,0,0,0,0,0,0,0,0,90647
1,1,1,1,1266,-1746,-1427,-5,-4,10,-27,52,100,0,0,0,0,0,0,0,0,0,0,0,0,0,0,0,0,0,0,0,0,0,0,90657
1,1,1,1,1266,-1746,-1419,-8,-14,17,-25,53,100,0,0,0,0,0,0,0,0,0,0,0,0,0,0,0,0,0,0,0,0,0,0,90667
1,1,1,1,1265,-1748,-1416,-4,-19,20,-23,53,101,0,0,0,0,0,0,0,0,0,0,0,0,0,0,0,0,0,0,0,0,0,0,90677
1,1,1,1,1263,-1734,-1424,6,-18,25,-23,53,98,0,0,0,0,0,0,0,0,0,0,0,0,0,0,0,0,0,0,0,0,0,0,90687
1,1,1,1,1263,-1726,-1425,24,-18,25,-23,53,98,0,0,0,0,0,0,0,0,0,0,0,0,0,0,0,0,0,0,0,0,0,0,90697
1,1,1,1,1262,-1719,-1423,39,-20,26,-24,54,98,0,0,0,0,0,0,0,0,0,0,0,0,0,0,0,0,0,0,0,0,0,0,90707
1,1,1,1,1269,-1724,-1405,43,-24,26,-26,54,98,0,0,0,0,0,0,0,0,0,0,0,0,0,0,0,0,0,0,0,0,0,0,90717
1,1,1,1,1264,-1708,-1425,49,-21,26,-26,52,99,0,0,0,0,0,0,0,0,0,0,0,0,0,0,0,0,0,0,0,0,0,0,90727
1,1,1,1,1263,-1713,-1426,41,-17,29,-23,53,97,0,0,0,0,0,0,0,0,0,0,0,0,0,0,0,0,0,0,0,0,0,0,90737
1,1,1,1,1264,-1731,-1425,31,-13,15,-24,55,96,0,0,0,0,0,0,0,0,0,0,0,0,0,0,0,0,0,0,0,0,0,0,90747
1,1,1,1,1269,-1714,-1397,7,-20,19,-25,58,98,0,0,0,0,0,0,0,0,0,0,0,0,0,0,0,0,0,0,0,0,0,0,90757
1,1,1,1,1268,-1735,-1398,-5,-18,11,-23,49,95,0,0,0,0,0,0,0,0,0,0,0,0,0,0,0,0,0,0,0,0,0,0,90767
1,1,1,1,1267,-1710,-1409,14,-12,7,-24,53,95,0,0,0,0,0,0,0,0,0,0,0,0,0,0,0,0,0,0,0,0,0,0,90777
1,1,1,1,1271,-1720,-1402,37,-21,3,-24,52,95,0,0,0,0,0,0,0,0,0,0,0,0,0,0,0,0,0,0,0,0,0,0,90787
1,1,1,1,1263,-1739,-1414,57,-17,1,-22,52,95,0,0,0,0,0,0,0,0,0,0,0,0,0,0,0,0,0,0,0,0,0,0,90797
1,1,1,1,1262,-1744,-1412,44,-28,7,-23,53,97,0,0,0,0,0,0,0,0,0,0,0,0,0,0,0,0,0,0,0,0,0,0,90807
1,1,1,1,1266,-1745,-1414,3,-28,30,-21,52,98,0,0,0,0,0,0,0,0,0,0,0,0,0,0,0,0,0,0,0,0,0,0,90817
1,1,1,1,1261,-1762,-1433,-1,-11,34,-22,52,97,0,0,0,0,0,0,0,0,0,0,0,0,0,0,0,0,0,0,0,0,0,0,90827
1,1,1,1,1252,-1752,-1438,-17,-13,33,-21,53,96,0,0,0,0,0,0,0,0,0,0,0,0,0,0,0,0,0,0,0,0,0,0,90837
1,1,1,1,1253,-1730,-1430,-13,-19,33,-20,52,96,0,0,0,0,0,0,0,0,0,0,0,0,0,0,0,0,0,0,0,0,0,0,90847
1,1,1,1,1259,-1729,-1411,0,-20,27,-18,52,93,0,0,0,0,0,0,0,0,0,0,0,0,0,0,0,0,0,0,0,0,0,0,90857
1,1,1,1,1262,-1712,-1404,21,-15,21,-22,52,94,0,0,0,0,0,0,0,0,0,0,0,0,0,0,0,0,0,0,0,0,0,0,90867
1,1,1,1,1263,-1712,-1416,31,-12,16,-23,53,95,0,0,0,0,0,0,0,0,0,0,0,0,0,0,0,0,0,0,0,0,0,0,90877
1,1,1,1,1267,-1721,-1404,30,-23,5,-23,53,95,0,0,0,0,0,0,0,0,0,0,0,0,0,0,0,0,0,0,0,0,0,0,90887
1,1,1,1,1260,-1722,-1415,35,-18,0,-22,52,94,0,0,0,0,0,0,0,0,0,0,0,0,0,0,0,0,0,0,0,0,0,0,90897
1,1,1,1,1262,-1718,-1421,44,-6,-5,-20,53,95,0,0,0,0,0,0,0,0,0,0,0,0,0,0,0,0,0,0,0,0,0,0,90907
1,1,1,1,1260,-1727,-1413,45,-7,-3,-20,52,94,0,0,0,0,0,0,0,0,0,0,0,0,0,0,0,0,0,0,0,0,0,0,90917
1,1,1,1,1257,-1727,-1420,71,-13,-13,-22,51,95,0,0,0,0,0,0,0,0,0,0,0,0,0,0,0,0,0,0,0,0,0,0,90927
1,1,1,1,1259,-1734,-1417,67,-14,-9,-23,52,91,0,0,0,0,0,0,0,0,0,0,0,0,0,0,0,0,0,0,0,0,0,0,90937
1,1,1,1,1256,-1760,-1430,31,-17,0,-25,53,93,0,0,0,0,0,0,0,0,0,0,0,0,0,0,0,0,0,0,0,0,0,0,90947
1,1,1,1,1261,-1762,-1410,14,-24,12,-25,53,92,0,0,0,0,0,0,0,0,0,0,0,0,0,0,0,0,0,0,0,0,0,0,90957
1,1,1,1,1263,-1772,-1406,-1,-24,21,-24,53,95,0,0,0,0,0,0,0,0,0,0,0,0,0,0,0,0,0,0,0,0,0,0,90967
1,1,1,1,1266,-1763,-1397,-4,-20,27,-22,54,93,0,0,0,0,0,0,0,0,0,0,0,0,0,0,0,0,0,0,0,0,0,0,90977
1,1,1,1,1262,-1747,-1407,0,-19,31,-23,53,95,0,0,0,0,0,0,0,0,0,0,0,0,0,0,0,0,0,0,0,0,0,0,90987
1,1,1,1,1262,-1744,-1410,5,-20,25,-22,53,92,0,0,0,0,0,0,0,0,0,0,0,0,0,0,0,0,0,0,0,0,0,0,90997
1,1,1,1,1259,-1724,-1430,29,-6,16,-24,52,94,0,0,0,0,0,0,0,0,0,0,0,0,0,0,0,0,0,0,0,0,0,0,91007
1,1,1,1,1262,-1723,-1430,32,-6,9,-24,52,92,0,0,0,0,0,0,0,0,0,0,0,0,0,0,0,0,0,0,0,0,0,0,91017
1,1,1,1,1262,-1719,-1418,28,-17,0,-25,57,94,0,0,0,0,0,0,0,0,0,0,0,0,0,0,0,0,0,0,0,0,0,0,91027
1,1,1,1,1254,-1734,-1407,30,-15,-3,-21,49,91,0,0,0,0,0,0,0,0,0,0,0,0,0,0,0,0,0,0,0,0,0,0,91037
1,1,1,1,1255,-1727,-1397,22,-15,-3,-24,55,95,0,0,0,0,0,0,0,0,0,0,0,0,0,0,0,0,0,0,0,0,0,0,91047
1,1,1,1,1256,-1744,-1397,8,-17,-2,-22,53,94,0,0,0,0,0,0,0,0,0,0,0,0,0,0,0,0,0,0,0,0,0,0,91057
1,1,1,1,1252,-1750,-1397,3,-12,-2,-24,53,92,0,0,0,0,0,0,0,0,0,0,0,0,0,0,0,0,0,0,0,0,0,0,91067
1,1,1,1,1247,-1753,-1415,4,-1,2,-25,56,93,0,0,0,0,0,0,0,0,0,0,0,0,0,0,0,0,0,0,0,0,0,0,91077
1,1,1,1,1247,-1740,-1419,23,-5,-2,-23,53,92,0,0,0,0,0,0,0,0,0,0,0,0,0,0,0,0,0,0,0,0,0,0,91087
1,1,1,1,1251,-1746,-1408,6,6,10,-22,51,92,0,0,0,0,0,0,0,0,0,0,0,0,0,0,0,0,0,0,0,0,0,0,91097
1,1,1,1,1254,-1752,-1415,-15,6,12,-23,53,94,0,0,0,0,0,0,0,0,0,0,0,0,0,0,0,0,0,0,0,0,0,0,91107
1,1,1,1,1264,-1719,-1410,2,-4,11,-20,52,95,0,0,0,0,0,0,0,0,0,0,0,0,0,0,0,0,0,0,0,0,0,0,91117
1,1,1,1,1271,-1735,-1400,-1,-10,10,-21,53,94,0,0,0,0,0,0,0,0,0,0,0,0,0,0,0,0,0,0,0,0,0,0,91127
1,1,1,1,1260,-1750,-1408,-10,-11,7,-19,51,92,0,0,0,0,0,0,0,0,0,0,0,0,0,0,0,0,0,0,0,0,0,0,91137
1,1,1,1,1254,-1731,-1412,-1,-7,4,-20,52,94,0,0,0,0,0,0,0,0,0,0,0,0,0,0,0,0,0,0,0,0,0,0,91147
1,1,1,1,1253,-1731,-1422,16,-6,-2,-21,52,96,0,0,0,0,0,0,0,0,0,0,0,0,0,0,0,0,0,0,0,0,0,0,91157
1,1,1,1,1255,-1742,-1418,2,-8,-2,-22,51,95,0,0,0,0,0,0,0,0,0,0,0,0,0,0,0,0,0,0,0,0,0,0,91167
1,1,1,1,1260,-1722,-1416,-4,-12,1,-21,53,92,0,0,0,0,0,0,0,0,0,0,0,0,0,0,0,0,0,0,0,0,0,0,91177
1,1,1,1,1260,-1740,-1407,6,-8,-2,-20,52,93,0,0,0,0,0,0,0,0,0,0,0,0,0,0,0,0,0,0,0,0,0,0,91187
1,1,1,1,1254,-1736,-1417,3,-11,-3,-19,51,90,0,0,0,0,0,0,0,0,0,0,0,0,0,0,0,0,0,0,0,0,0,0,91197
1,1,1,1,1259,-1743,-1408,1,-15,2,-20,53,92,0,0,0,0,0,0,0,0,0,0,0,0,0,0,0,0,0,0,0,0,0,0,91207
1,1,1,1,1253,-1756,-1412,-20,-1,10,-19,53,90,0,0,0,0,0,0,0,0,0,0,0,0,0,0,0,0,0,0,0,0,0,0,91217
1,1,1,1,1255,-1744,-1413,-19,-9,10,-21,53,92,0,0,0,0,0,0,0,0,0,0,0,0,0,0,0,0,0,0,0,0,0,0,91227
1,1,1,1,1252,-1739,-1412,14,1,7,-22,53,93,0,0,0,0,0,0,0,0,0,0,0,0,0,0,0,0,0,0,0,0,0,0,91237
1,1,1,1,1255,-1746,-1431,6,2,12,-19,52,96,0,0,0,0,0,0,0,0,0,0,0,0,0,0,0,0,0,0,0,0,0,0,91247
1,1,1,1,1262,-1741,-1411,-12,-13,10,-19,52,93,0,0,0,0,0,0,0,0,0,0,0,0,0,0,0,0,0,0,0,0,0,0,91257
1,1,1,1,1260,-1729,-1424,-6,-15,6,-19,52,93,0,0,0,0,0,0,0,0,0,0,0,0,0,0,0,0,0,0,0,0,0,0,91267
1,1,1,1,1262,-1722,-1419,10,3,5,-19,52,93,0,0,0,0,0,0,0,0,0,0,0,0,0,0,0,0,0,0,0,0,0,0,91277
1,1,1,1,1266,-1734,-1399,7,-4,6,-20,52,95,0,0,0,0,0,0,0,0,0,0,0,0,0,0,0,0,0,0,0,0,0,0,91287
1,1,1,1,1259,-1747,-1422,-6,-14,-2,-20,52,94,0,0,0,0,0,0,0,0,0,0,0,0,0,0,0,0,0,0,0,0,0,0,91297
1,1,1,1,1258,-1731,-1410,8,-15,-5,-19,52,94,0,0,0,0,0,0,0,0,0,0,0,0,0,0,0,0,0,0,0,0,0,0,91307
1,1,1,1,1255,-1749,-1423,15,-4,-4,-20,52,95,0,0,0,0,0,0,0,0,0,0,0,0,0,0,0,0,0,0,0,0,0,0,91317
1,1,1,1,1248,-1743,-1426,25,2,-1,-21,54,92,0,0,0,0,0,0,0,0,0,0,0,0,0,0,0,0,0,0,0,0,0,0,91327
1,1,1,1,1251,-1736,-1428,26,0,4,-20,54,94,0,0,0,0,0,0,0,0,0,0,0,0,0,0,0,0,0,0,0,0,0,0,91337
1,1,1,1,1252,-1749,-1427,24,-1,5,-19,54,92,0,0,0,0,0,0,0,0,0,0,0,0,0,0,0,0,0,0,0,0,0,0,91347
1,1,1,1,1263,-1746,-1407,-5,-13,5,-21,55,94,0,0,0,0,0,0,0,0,0,0,0,0,0,0,0,0,0,0,0,0,0,0,91357
1,1,1,1,1262,-1736,-1404,-20,-5,16,-23,54,93,0,0,0,0,0,0,0,0,0,0,0,0,0,0,0,0,0,0,0,0,0,0,91367
1,1,1,1,1258,-1735,-1410,-17,-7,11,-20,51,93,0,0,0,0,0,0,0,0,0,0,0,0,0,0,0,0,0,0,0,0,0,0,91377
1,1,1,1,1261,-1747,-1393,-21,-12,10,-22,54,96,0,0,0,0,0,0,0,0,0,0,0,0,0,0,0,0,0,0,0,0,0,0,91387
1,1,1,1,1250,-1734,-1421,-14,-6,11,-24,56,97,0,0,0,0,0,0,0,0,0,0,0,0,0,0,0,0,0,0,0,0,0,0,91397
1,1,1,1,1253,-1734,-1414,-7,-1,12,-22,53,96,0,0,0,0,0,0,0,0,0,0,0,0,0,0,0,0,0,0,0,0,0,0,91407
1,1,1,1,1252,-1732,-1428,-14,4,12,-18,52,97,0,0,0,0,0,0,0,0,0,0,0,0,0,0,0,0,0,0,0,0,0,0,91417
1,1,1,1,1255,-1718,-1430,4,9,6,-19,54,94,0,0,0,0,0,0,0,0,0,0,0,0,0,0,0,0,0,0,0,0,0,0,91427
1,1,1,1,1256,-1713,-1436,13,4,2,-18,53,94,0,0,0,0,0,0,0,0,0,0,0,0,0,0,0,0,0,0,0,0,0,0,91437
1,1,1,1,1255,-1731,-1422,17,-4,-4,-18,52,97,0,0,0,0,0,0,0,0,0,0,0,0,0,0,0,0,0,0,0,0,0,0,91447
1,1,1,1,1254,-1732,-1421,29,-6,-8,-18,53,92,0,0,0,0,0,0,0,0,0,0,0,0,0,0,0,0,0,0,0,0,0,0,91457
1,1,1,1,1256,-1743,-1419,23,-3,-8,-20,53,93,0,0,0,0,0,0,0,0,0,0,0,0,0,0,0,0,0,0,0,0,0,0,91467
1,1,1,1,1261,-1748,-1407,7,-4,-3,-19,52,93,0,0,0,0,0,0,0,0,0,0,0,0,0,0,0,0,0,0,0,0,0,0,91477
1,1,1,1,1267,-1746,-1404,-12,-8,9,-18,51,95,0,0,0,0,0,0,0,0,0,0,0,0,0,0,0,0,0,0,0,0,0,0,91487
1,1,1,1,1264,-1759,-1402,-31,-4,20,-17,52,94,0,0,0,0,0,0,0,0,0,0,0,0,0,0,0,0,0,0,0,0,0,0,91497
1,1,1,1,1250,-1761,-1418,-43,2,24,-18,53,96,0,0,0,0,0,0,0,0,0,0,0,0,0,0,0,0,0,0,0,0,0,0,91507
1,1,1,1,1247,-1746,-1432,-35,-1,18,-19,52,96,0,0,0,0,0,0,0,0,0,0,0,0,0,0,0,0,0,0,0,0,0,0,91517
1,1,1,1,1247,-1731,-1433,-7,4,16,-17,53,96,0,0,0,0,0,0,0,0,0,0,0,0,0,0,0,0,0,0,0,0,0,0,91527
1,1,1,1,1250,-1737,-1436,3,8,19,-19,52,95,0,0,0,0,0,0,0,0,0,0,0,0,0,0,0,0,0,0,0,0,0,0,91537
1,1,1,1,1256,-1733,-1423,16,9,12,-18,52,95,0,0,0,0,0,0,0,0,0,0,0,0,0,0,0,0,0,0,0,0,0,0,91547
1,1,1,1,1257,-1726,-1420,16,7,15,-20,52,95,0,0,0,0,0,0,0,0,0,0,0,0,0,0,0,0,0,0,0,0,0,0,91557
1,1,1,1,1261,-1718,-1416,0,-3,16,-19,52,93,0,0,0,0,0,0,0,0,0,0,0,0,0,0,0,0,0,0,0,0,0,0,91567
1,1,1,1,1268,-1711,-1400,7,-7,11,-19,52,94,0,0,0,0,0,0,0,0,0,0,0,0,0,0,0,0,0,0,0,0,0,0,91577
1,1,1,1,1264,-1724,-1421,-11,-5,14,-20,53,95,0,0,0,0,0,0,0,0,0,0,0,0,0,0,0,0,0,0,0,0,0,0,91587
1,1,1,1,1258,-1728,-1413,-32,-5,21,-19,53,96,0,0,0,0,0,0,0,0,0,0,0,0,0,0,0,0,0,0,0,0,0,0,91597
1,1,1,1,1253,-1735,-1425,-29,-11,17,-18,52,94,0,0,0,0,0,0,0,0,0,0,0,0,0,0,0,0,0,0,0,0,0,0,91607
1,1,1,1,1253,-1735,-1425,-29,-12,14,-20,52,98,0,0,0,0,0,0,0,0,0,0,0,0,0,0,0,0,0,0,0,0,0,0,91617
1,1,1,1,1239,-1741,-1431,-9,5,11,-21,54,94,0,0,0,0,0,0,0,0,0,0,0,0,0,0,0,0,0,0,0,0,0,0,91627
1,1,1,1,1244,-1741,-1422,-1,3,17,-18,49,94,0,0,0,0,0,0,0,0,0,0,0,0,0,0,0,0,0,0,0,0,0,0,91637
1,1,1,1,1248,-1751,-1425,8,13,17,-18,51,93,0,0,0,0,0,0,0,0,0,0,0,0,0,0,0,0,0,0,0,0,0,0,91647
1,1,1,1,1259,-1734,-1424,7,9,24,-19,51,97,0,0,0,0,0,0,0,0,0,0,0,0,0,0,0,0,0,0,0,0,0,0,91657
1,1,1,1,1264,-1744,-1411,-13,6,27,-21,52,94,0,0,0,0,0,0,0,0,0,0,0,0,0,0,0,0,0,0,0,0,0,0,91667
1,1,1,1,1261,-1729,-1412,-30,-2,28,-25,59,96,0,0,0,0,0,0,0,0,0,0,0,0,0,0,0,0,0,0,0,0,0,0,91677
1,1,1,1,1262,-1718,-1414,-13,-7,19,-21,53,95,0,0,0,0,0,0,0,0,0,0,0,0,0,0,0,0,0,0,0,0,0,0,91687
1,1,1,1,1261,-1722,-1411,6,-13,9,-20,52,96,0,0,0,0,0,0,0,0,0,0,0,0,0,0,0,0,0,0,0,0,0,0,91697
1,1,1,1,1256,-1729,-1429,6,-5,11,-21,52,96,0,0,0,0,0,0,0,0,0,0,0,0,0,0,0,0,0,0,0,0,0,0,91707
1,1,1,1,1253,-1727,-1426,11,-3,11,-18,52,97,0,0,0,0,0,0,0,0,0,0,0,0,0,0,0,0,0,0,0,0,0,0,91717
1,1,1,1,1251,-1730,-1431,11,-10,10,-22,58,99,0,0,0,0,0,0,0,0,0,0,0,0,0,0,0,0,0,0,0,0,0,0,91727
1,1,1,1,1250,-1736,-1441,7,-8,10,-19,53,96,0,0,0,0,0,0,0,0,0,0,0,0,0,0,0,0,0,0,0,0,0,0,91737
1,1,1,1,1250,-1745,-1430,3,-4,12,-19,53,97,0,0,0,0,0,0,0,0,0,0,0,0,0,0,0,0,0,0,0,0,0,0,91747
1,1,1,1,1252,-1742,-1429,25,-7,3,-20,53,97,0,0,0,0,0,0,0,0,0,0,0,0,0,0,0,0,0,0,0,0,0,0,91757
1,1,1,1,1251,-1736,-1433,23,-10,2,-20,53,95,0,0,0,0,0,0,0,0,0,0,0,0,0,0,0,0,0,0,0,0,0,0,91767
1,1,1,1,1256,-1742,-1415,15,-7,3,-20,52,95,0,0,0,0,0,0,0,0,0,0,0,0,0,0,0,0,0,0,0,0,0,0,91777
1,1,1,1,1254,-1735,-1422,10,-5,5,-19,52,94,0,0,0,0,0,0,0,0,0,0,0,0,0,0,0,0,0,0,0,0,0,0,91787
1,1,1,1,1256,-1730,-1404,22,-9,-1,-17,52,93,0,0,0,0,0,0,0,0,0,0,0,0,0,0,0,0,0,0,0,0,0,0,91797
1,1,1,1,1259,-1732,-1406,24,-9,-1,-17,52,93,0,0,0,0,0,0,0,0,0,0,0,0,0,0,0,0,0,0,0,0,0,0,91807
1,1,1,1,1255,-1731,-1410,29,-2,0,-18,53,94,0,0,0,0,0,0,0,0,0,0,0,0,0,0,0,0,0,0,0,0,0,0,91817
1,1,1,1,1256,-1747,-1420,11,-3,5,-20,53,95,0,0,0,0,0,0,0,0,0,0,0,0,0,0,0,0,0,0,0,0,0,0,91827
1,1,1,1,1251,-1745,-1432,17,5,5,-19,53,93,0,0,0,0,0,0,0,0,0,0,0,0,0,0,0,0,0,0,0,0,0,0,91837
1,1,1,1,1256,-1736,-1431,13,-4,11,-21,53,96,0,0,0,0,0,0,0,0,0,0,0,0,0,0,0,0,0,0,0,0,0,0,91847
1,1,1,1,1261,-1749,-1430,7,-8,14,-20,52,96,0,0,0,0,0,0,0,0,0,0,0,0,0,0,0,0,0,0,0,0,0,0,91857
1,1,1,1,1244,-1750,-1434,10,-5,18,-18,53,94,0,0,0,0,0,0,0,0,0,0,0,0,0,0,0,0,0,0,0,0,0,0,91867
1,1,1,1,1238,-1757,-1416,1,-4,22,-21,54,95,0,0,0,0,0,0,0,0,0,0,0,0,0,0,0,0,0,0,0,0,0,0,91877
1,1,1,1,1249,-1755,-1410,-13,-11,29,-18,53,95,0,0,0,0,0,0,0,0,0,0,0,0,0,0,0,0,0,0,0,0,0,0,91887
1,1,1,1,1256,-1754,-1403,-15,-16,26,-18,52,93,0,0,0,0,0,0,0,0,0,0,0,0,0,0,0,0,0,0,0,0,0,0,91897
1,1,1,1,1256,-1740,-1400,-5,-13,26,-18,52,95,0,0,0,0,0,0,0,0,0,0,0,0,0,0,0,0,0,0,0,0,0,0,91907
1,1,1,1,1255,-1728,-1415,12,-13,21,-19,53,92,0,0,0,0,0,0,0,0,0,0,0,0,0,0,0,0,0,0,0,0,0,0,91917
1,1,1,1,1249,-1725,-1422,15,-4,21,-23,55,92,0,0,0,0,0,0,0,0,0,0,0,0,0,0,0,0,0,0,0,0,0,0,91927
1,1,1,1,1257,-1719,-1434,3,-4,20,-17,52,93,0,0,0,0,0,0,0,0,0,0,0,0,0,0,0,0,0,0,0,0,0,0,91937
1,1,1,1,1254,-1725,-1435,2,-7,8,-20,51,92,0,0,0,0,0,0,0,0,0,0,0,0,0,0,0,0,0,0,0,0,0,0,91947
1,1,1,1,1254,-1728,-1432,11,-15,-1,-19,55,94,0,0,0,0,0,0,0,0,0,0,0,0,0,0,0,0,0,0,0,0,0,0,91957
1,1,1,1,1260,-1749,-1416,-15,-22,-1,-19,52,92,0,0,0,0,0,0,0,0,0,0,0,0,0,0,0,0,0,0,0,0,0,0,91967
1,1,1,1,1260,-1769,-1414,-36,-24,7,-22,57,94,0,0,0,0,0,0,0,0,0,0,0,0,0,0,0,0,0,0,0,0,0,0,91977
1,1,1,1,1253,-1748,-1411,-14,-23,10,-19,52,92,0,0,0,0,0,0,0,0,0,0,0,0,0,0,0,0,0,0,0,0,0,0,91987
1,1,1,1,1244,-1759,-1420,-16,-29,13,-20,51,95,0,0,0,0,0,0,0,0,0,0,0,0,0,0,0,0,0,0,0,0,0,0,91997
1,1,1,1,1242,-1763,-1431,-16,-21,20,-18,51,95,0,0,0,0,0,0,0,0,0,0,0,0,0,0,0,0,0,0,0,0,0,0,92007
1,1,1,1,1240,-1740,-1444,17,-7,13,-18,54,96,0,0,0,0,0,0,0,0,0,0,0,0,0,0,0,0,0,0,0,0,0,0,92017
1,1,1,1,1245,-1738,-1433,22,2,17,-17,52,92,0,0,0,0,0,0,0,0,0,0,0,0,0,0,0,0,0,0,0,0,0,0,92027
1,1,1,1,1259,-1736,-1409,-18,-4,30,-16,53,95,0,0,0,0,0,0,0,0,0,0,0,0,0,0,0,0,0,0,0,0,0,0,92037
1,1,1,1,1264,-1750,-1399,-34,-11,30,-16,52,93,0,0,0,0,0,0,0,0,0,0,0,0,0,0,0,0,0,0,0,0,0,0,92047
1,1,1,1,1252,-1733,-1426,-20,-9,25,-18,53,95,0,0,0,0,0,0,0,0,0,0,0,0,0,0,0,0,0,0,0,0,0,0,92057
1,1,1,1,1248,-1736,-1414,-8,-7,23,-17,52,93,0,0,0,0,0,0,0,0,0,0,0,0,0,0,0,0,0,0,0,0,0,0,92067
1,1,1,1,1249,-1746,-1415,-16,-5,18,-15,52,93,0,0,0,0,0,0,0,0,0,0,0,0,0,0,0,0,0,0,0,0,0,0,92077
1,1,1,1,1247,-1730,-1433,-10,-10,13,-18,52,93,0,0,0,0,0,0,0,0,0,0,0,0,0,0,0,0,0,0,0,0,0,0,92087
1,1,1,1,1245,-1731,-1426,4,-16,10,-17,52,92,0,0,0,0,0,0,0,0,0,0,0,0,0,0,0,0,0,0,0,0,0,0,92097
1,1,1,1,1243,-1731,-1426,22,-23,1,-19,52,94,0,0,0,0,0,0,0,0,0,0,0,0,0,0,0,0,0,0,0,0,0,0,92107
1,1,1,1,1241,-1727,-1432,15,-23,5,-18,52,92,0,0,0,0,0,0,0,0,0,0,0,0,0,0,0,0,0,0,0,0,0,0,92117
1,1,1,1,1249,-1746,-1433,2,-7,14,-18,52,92,0,0,0,0,0,0,0,0,0,0,0,0,0,0,0,0,0,0,0,0,0,0,92127
1,1,1,1,1247,-1745,-1419,-1,-4,15,-18,52,95,0,0,0,0,0,0,0,0,0,0,0,0,0,0,0,0,0,0,0,0,0,0,92137
1,1,1,1,1238,-1755,-1418,-10,-3,14,-19,52,92,0,0,0,0,0,0,0,0,0,0,0,0,0,0,0,0,0,0,0,0,0,0,92147
1,1,1,1,1240,-1761,-1423,-26,-4,11,-19,52,91,0,0,0,0,0,0,0,0,0,0,0,0,0,0,0,0,0,0,0,0,0,0,92157
1,1,1,1,1245,-1745,-1422,-15,1,10,-18,52,91,0,0,0,0,0,0,0,0,0,0,0,0,0,0,0,0,0,0,0,0,0,0,92167
1,1,1,1,1243,-1744,-1426,-29,5,19,-18,52,92,0,0,0,0,0,0,0,0,0,0,0,0,0,0,0,0,0,0,0,0,0,0,92177
1,1,1,1,1247,-1736,-1412,-34,0,17,-15,51,93,0,0,0,0,0,0,0,0,0,0,0,0,0,0,0,0,0,0,0,0,0,0,92187
1,1,1,1,1244,-1731,-1422,-22,-2,11,-17,52,91,0,0,0,0,0,0,0,0,0,0,0,0,0,0,0,0,0,0,0,0,0,0,92197
1,1,1,1,1249,-1719,-1427,-3,-3,9,-16,52,94,0,0,0,0,0,0,0,0,0,0,0,0,0,0,0,0,0,0,0,0,0,0,92207
1,1,1,1,1253,-1717,-1434,5,-8,5,-18,51,92,0,0,0,0,0,0,0,0,0,0,0,0,0,0,0,0,0,0,0,0,0,0,92217
1,1,1,1,1243,-1739,-1439,5,-4,7,-18,51,93,0,0,0,0,0,0,0,0,0,0,0,0,0,0,0,0,0,0,0,0,0,0,92227
1,1,1,1,1234,-1733,-1448,10,-10,3,-20,55,95,0,0,0,0,0,0,0,0,0,0,0,0,0,0,0,0,0,0,0,0,0,0,92237
1,1,1,1,1236,-1738,-1441,11,-7,5,-20,54,93,0,0,0,0,0,0,0,0,0,0,0,0,0,0,0,0,0,0,0,0,0,0,92247
1,1,1,1,1238,-1746,-1440,-4,-4,7,-19,54,95,0,0,0,0,0,0,0,0,0,0,0,0,0,0,0,0,0,0,0,0,0,0,92257
1,1,1,1,1242,-1746,-1424,-4,-14,2,-24,57,96,0,0,0,0,0,0,0,0,0,0,0,0,0,0,0,0,0,0,0,0,0,0,92267
1,1,1,1,1245,-1741,-1418,2,-6,5,-22,55,93,0,0,0,0,0,0,0,0,0,0,0,0,0,0,0,0,0,0,0,0,0,0,92277
1,1,1,1,1249,-1748,-1410,-4,-5,11,-22,54,91,0,0,0,0,0,0,0,0,0,0,0,0,0,0,0,0,0,0,0,0,0,0,92287
1,1,1,1,1241,-1739,-1410,8,-12,9,-19,53,94,0,0,0,0,0,0,0,0,0,0,0,0,0,0,0,0,0,0,0,0,0,0,92297
1,1,1,1,1236,-1736,-1420,10,-6,16,-19,52,94,0,0,0,0,0,0,0,0,0,0,0,0,0,0,0,0,0,0,0,0,0,0,92307
1,1,1,1,1242,-1739,-1414,13,4,18,-21,54,96,0,0,0,0,0,0,0,0,0,0,0,0,0,0,0,0,0,0,0,0,0,0,92317
1,1,1,1,1238,-1741,-1445,10,11,15,-16,51,92,0,0,0,0,0,0,0,0,0,0,0,0,0,0,0,0,0,0,0,0,0,0,92327
1,1,1,1,1246,-1728,-1430,8,2,16,-17,52,94,0,0,0,0,0,0,0,0,0,0,0,0,0,0,0,0,0,0,0,0,0,0,92337
1,1,1,1,1251,-1735,-1425,8,-4,13,-18,53,93,0,0,0,0,0,0,0,0,0,0,0,0,0,0,0,0,0,0,0,0,0,0,92347
1,1,1,1,1246,-1741,-1444,0,0,10,-16,53,94,0,0,0,0,0,0,0,0,0,0,0,0,0,0,0,0,0,0,0,0,0,0,92357
1,1,1,1,1243,-1730,-1450,7,2,9,-19,53,92,0,0,0,0,0,0,0,0,0,0,0,0,0,0,0,0,0,0,0,0,0,0,92367
1,1,1,1,1251,-1729,-1435,13,0,8,-18,54,91,0,0,0,0,0,0,0,0,0,0,0,0,0,0,0,0,0,0,0,0,0,0,92377
1,1,1,1,1247,-1729,-1428,7,-22,6,-18,53,91,0,0,0,0,0,0,0,0,0,0,0,0,0,0,0,0,0,0,0,0,0,0,92387
1,1,1,1,1244,-1738,-1425,0,-22,16,-15,53,90,0,0,0,0,0,0,0,0,0,0,0,0,0,0,0,0,0,0,0,0,0,0,92397
1,1,1,1,1242,-1739,-1416,6,-23,13,-15,54,89,0,0,0,0,0,0,0,0,0,0,0,0,0,0,0,0,0,0,0,0,0,0,92407
1,1,1,1,1238,-1735,-1418,21,-14,18,-16,54,91,0,0,0,0,0,0,0,0,0,0,0,0,0,0,0,0,0,0,0,0,0,0,92417
1,1,1,1,1232,-1746,-1430,21,-10,13,-15,53,92,0,0,0,0,0,0,0,0,0,0,0,0,0,0,0,0,0,0,0,0,0,0,92427
1,1,1,1,1234,-1731,-1433,24,-10,9,-14,53,92,0,0,0,0,0,0,0,0,0,0,0,0,0,0,0,0,0,0,0,0,0,0,92437
1,1,1,1,1243,-1738,-1429,36,-1,5,-18,53,91,0,0,0,0,0,0,0,0,0,0,0,0,0,0,0,0,0,0,0,0,0,0,92447
1,1,1,1,1245,-1734,-1441,50,2,-3,-16,53,93,0,0,0,0,0,0,0,0,0,0,0,0,0,0,0,0,0,0,0,0,0,0,92457
1,1,1,1,1255,-1735,-1428,36,4,1,-17,53,92,0,0,0,0,0,0,0,0,0,0,0,0,0,0,0,0,0,0,0,0,0,0,92467
1,1,1,1,1261,-1747,-1416,38,6,-6,-17,53,93,0,0,0,0,0,0,0,0,0,0,0,0,0,0,0,0,0,0,0,0,0,0,92477
1,1,1,1,1257,-1742,-1420,29,-1,-5,-15,54,93,0,0,0,0,0,0,0,0,0,0,0,0,0,0,0,0,0,0,0,0,0,0,92487
1,1,1,1,1251,-1752,-1433,29,-4,-8,-18,53,95,0,0,0,0,0,0,0,0,0,0,0,0,0,0,0,0,0,0,0,0,0,0,92497
1,1,1,1,1250,-1749,-1431,21,-3,-3,-18,53,94,0,0,0,0,0,0,0,0,0,0,0,0,0,0,0,0,0,0,0,0,0,0,92507
1,1,1,1,1251,-1754,-1432,22,-8,-1,-16,53,93,0,0,0,0,0,0,0,0,0,0,0,0,0,0,0,0,0,0,0,0,0,0,92517
1,1,1,1,1246,-1760,-1445,15,-8,4,-20,55,95,0,0,0,0,0,0,0,0,0,0,0,0,0,0,0,0,0,0,0,0,0,0,92527
1,1,1,1,1257,-1753,-1439,10,-2,6,-18,51,91,0,0,0,0,0,0,0,0,0,0,0,0,0,0,0,0,0,0,0,0,0,0,92537
1,1,1,1,1260,-1739,-1439,10,8,12,-17,51,94,0,0,0,0,0,0,0,0,0,0,0,0,0,0,0,0,0,0,0,0,0,0,92547
1,1,1,1,1264,-1745,-1434,-4,3,13,-18,49,94,0,0,0,0,0,0,0,0,0,0,0,0,0,0,0,0,0,0,0,0,0,0,92557
1,1,1,1,1260,-1732,-1415,-1,-7,12,-20,54,95,0,0,0,0,0,0,0,0,0,0,0,0,0,0,0,0,0,0,0,0,0,0,92567
1,1,1,1,1255,-1745,-1423,13,-10,9,-21,52,94,0,0,0,0,0,0,0,0,0,0,0,0,0,0,0,0,0,0,0,0,0,0,92577
1,1,1,1,1233,-1750,-1424,10,-13,9,-22,54,96,0,0,0,0,0,0,0,0,0,0,0,0,0,0,0,0,0,0,0,0,0,0,92587
1,1,1,1,1235,-1741,-1417,12,-14,12,-25,57,98,0,0,0,0,0,0,0,0,0,0,0,0,0,0,0,0,0,0,0,0,0,0,92597
1,1,1,1,1238,-1739,-1415,22,-14,10,-22,55,95,0,0,0,0,0,0,0,0,0,0,0,0,0,0,0,0,0,0,0,0,0,0,92607
1,1,1,1,1233,-1736,-1414,37,-2,9,-19,54,97,0,0,0,0,0,0,0,0,0,0,0,0,0,0,0,0,0,0,0,0,0,0,92617
1,1,1,1,1229,-1739,-1417,40,-3,5,-20,51,97,0,0,0,0,0,0,0,0,0,0,0,0,0,0,0,0,0,0,0,0,0,0,92627
1,1,1,1,1229,-1737,-1425,35,2,5,-20,51,98,0,0,0,0,0,0,0,0,0,0,0,0,0,0,0,0,0,0,0,0,0,0,92637
1,1,1,1,1242,-1726,-1419,25,-2,8,-20,52,97,0,0,0,0,0,0,0,0,0,0,0,0,0,0,0,0,0,0,0,0,0,0,92647
1,1,1,1,1240,-1758,-1435,22,7,12,-21,53,98,0,0,0,0,0,0,0,0,0,0,0,0,0,0,0,0,0,0,0,0,0,0,92667
1,1,1,1,1237,-1751,-1423,37,0,6,-21,53,97,0,0,0,0,0,0,0,0,0,0,0,0,0,0,0,0,0,0,0,0,0,0,92677
1,1,1,1,1240,-1763,-1419,24,-5,10,-21,53,97,0,0,0,0,0,0,0,0,0,0,0,0,0,0,0,0,0,0,0,0,0,0,92687
1,1,1,1,1246,-1774,-1411,-14,6,20,-22,52,95,0,0,0,0,0,0,0,0,0,0,0,0,0,0,0,0,0,0,0,0,0,0,92697
1,1,1,1,1258,-1765,-1406,-7,3,13,-22,52,93,0,0,0,0,0,0,0,0,0,0,0,0,0,0,0,0,0,0,0,0,0,0,92707
1,1,1,1,1264,-1696,-1442,21,13,36,-20,52,92,0,0,0,0,0,0,0,0,0,0,0,0,0,0,0,0,0,0,0,0,0,0,92717
1,1,1,1,1300,-1746,-1424,-21,12,50,-21,51,92,0,0,0,0,0,0,0,0,0,0,0,0,0,0,0,0,0,0,0,0,0,0,92727
1,1,1,1,1285,-1683,-1462,27,36,64,-21,50,90,0,0,0,0,0,0,0,0,0,0,0,0,0,0,0,0,0,0,0,0,0,0,92737
1,1,1,1,1235,-1630,-1557,34,108,149,-23,49,90,0,0,0,0,0,0,0,0,0,0,0,0,0,0,0,0,0,0,0,0,0,0,92747
1,1,1,1,1142,-1603,-1536,34,173,279,-21,50,91,0,0,0,0,0,0,0,0,0,0,0,0,0,0,0,0,0,0,0,0,0,0,92757
1,1,1,1,1213,-1927,-1315,72,70,160,-19,50,89,0,0,0,0,0,0,0,0,0,0,0,0,0,0,0,0,0,0,0,0,0,0,92767
1,1,1,1,1187,-1904,-1334,12,-21,36,-19,49,85,0,0,0,0,0,0,0,0,0,0,0,0,0,0,0,0,0,0,0,0,0,0,92777
1,1,1,1,1155,-1740,-1455,-20,12,85,-17,50,85,0,0,0,0,0,0,0,0,0,0,0,0,0,0,0,0,0,0,0,0,0,0,92787
1,1,1,1,1239,-1766,-1344,5,30,102,-15,49,86,0,0,0,0,0,0,0,0,0,0,0,0,0,0,0,0,0,0,0,0,0,0,92797
1,1,1,1,1239,-1766,-1344,23,-20,63,-19,50,83,0,0,0,0,0,0,0,0,0,0,0,0,0,0,0,0,0,0,0,0,0,0,92807
1,1,1,1,1288,-1847,-1318,-16,3,61,-17,49,82,0,0,0,0,0,0,0,0,0,0,0,0,0,0,0,0,0,0,0,0,0,0,92817
1,1,1,1,1270,-1762,-1385,-14,26,83,-16,49,85,0,0,0,0,0,0,0,0,0,0,0,0,0,0,0,0,0,0,0,0,0,0,92827
1,1,1,1,1259,-1803,-1401,-13,23,70,-17,52,86,0,0,0,0,0,0,0,0,0,0,0,0,0,0,0,0,0,0,0,0,0,0,92837
1,1,1,1,1258,-1799,-1400,-31,20,67,-18,51,86,0,0,0,0,0,0,0,0,0,0,0,0,0,0,0,0,0,0,0,0,0,0,92847
1,1,1,1,1244,-1794,-1422,-14,21,52,-18,48,84,0,0,0,0,0,0,0,0,0,0,0,0,0,0,0,0,0,0,0,0,0,0,92857
1,1,1,1,1220,-1801,-1439,-59,28,70,-18,48,82,0,0,0,0,0,0,0,0,0,0,0,0,0,0,0,0,0,0,0,0,0,0,92877
1,1,1,1,1225,-1802,-1426,-113,23,85,-17,46,79,0,0,0,0,0,0,0,0,0,0,0,0,0,0,0,0,0,0,0,0,0,0,92887
1,1,1,1,1228,-1764,-1436,-123,30,90,-17,48,80,0,0,0,0,0,0,0,0,0,0,0,0,0,0,0,0,0,0,0,0,0,0,92897
1,1,1,1,1242,-1737,-1425,-104,24,79,-19,47,79,0,0,0,0,0,0,0,0,0,0,0,0,0,0,0,0,0,0,0,0,0,0,92907
1,1,1,1,1275,-1721,-1364,-64,1,58,-18,50,81,0,0,0,0,0,0,0,0,0,0,0,0,0,0,0,0,0,0,0,0,0,0,92917
1,1,1,1,1263,-1734,-1391,-70,-10,60,-16,44,79,0,0,0,0,0,0,0,0,0,0,0,0,0,0,0,0,0,0,0,0,0,0,92927
1,1,1,1,1248,-1734,-1430,-56,-1,67,-15,49,80,0,0,0,0,0,0,0,0,0,0,0,0,0,0,0,0,0,0,0,0,0,0,92937
1,1,1,1,1244,-1748,-1427,-29,-6,61,-18,49,84,0,0,0,0,0,0,0,0,0,0,0,0,0,0,0,0,0,0,0,0,0,0,92947
1,1,1,1,1228,-1758,-1449,-21,-2,58,-17,48,85,0,0,0,0,0,0,0,0,0,0,0,0,0,0,0,0,0,0,0,0,0,0,92957
1,1,1,1,1209,-1761,-1449,-14,7,57,-17,48,81,0,0,0,0,0,0,0,0,0,0,0,0,0,0,0,0,0,0,0,0,0,0,92967
1,1,1,1,1197,-1757,-1455,3,4,48,-17,49,82,0,0,0,0,0,0,0,0,0,0,0,0,0,0,0,0,0,0,0,0,0,0,92977
1,1,1,1,1213,-1736,-1402,27,2,43,-20,49,80,0,0,0,0,0,0,0,0,0,0,0,0,0,0,0,0,0,0,0,0,0,0,92987
1,1,1,1,1232,-1750,-1400,-4,-5,43,-17,48,83,0,0,0,0,0,0,0,0,0,0,0,0,0,0,0,0,0,0,0,0,0,0,92997
1,1,1,1,1237,-1728,-1403,-14,-16,48,-17,49,84,0,0,0,0,0,0,0,0,0,0,0,0,0,0,0,0,0,0,0,0,0,0,93007
1,1,1,1,1246,-1759,-1401,-3,-13,38,-18,49,84,0,0,0,0,0,0,0,0,0,0,0,0,0,0,0,0,0,0,0,0,0,0,93017
1,1,1,1,1224,-1790,-1434,-18,-10,27,-18,49,85,0,0,0,0,0,0,0,0,0,0,0,0,0,0,0,0,0,0,0,0,0,0,93027
1,1,1,1,1218,-1763,-1429,2,3,22,-19,48,86,0,0,0,0,0,0,0,0,0,0,0,0,0,0,0,0,0,0,0,0,0,0,93037
1,1,1,1,1218,-1762,-1449,-7,17,35,-20,49,86,0,0,0,0,0,0,0,0,0,0,0,0,0,0,0,0,0,0,0,0,0,0,93047
1,1,1,1,1224,-1759,-1437,11,27,35,-19,47,85,0,0,0,0,0,0,0,0,0,0,0,0,0,0,0,0,0,0,0,0,0,0,93057
1,1,1,1,1211,-1754,-1429,52,22,22,-20,48,86,0,0,0,0,0,0,0,0,0,0,0,0,0,0,0,0,0,0,0,0,0,0,93067
1,1,1,1,1199,-1746,-1420,74,16,17,-18,48,86,0,0,0,0,0,0,0,0,0,0,0,0,0,0,0,0,0,0,0,0,0,0,93087
1,1,1,1,1208,-1770,-1403,59,1,7,-18,48,88,0,0,0,0,0,0,0,0,0,0,0,0,0,0,0,0,0,0,0,0,0,0,93097
1,1,1,1,1200,-1754,-1428,31,10,23,-18,47,89,0,0,0,0,0,0,0,0,0,0,0,0,0,0,0,0,0,0,0,0,0,0,93107
1,1,1,1,1210,-1726,-1447,37,33,54,-20,49,87,0,0,0,0,0,0,0,0,0,0,0,0,0,0,0,0,0,0,0,0,0,0,93117
1,1,1,1,1207,-1777,-1434,21,46,83,-22,48,88,0,0,0,0,0,0,0,0,0,0,0,0,0,0,0,0,0,0,0,0,0,0,93127
1,1,1,1,1206,-1830,-1418,-1,43,85,-20,47,90,0,0,0,0,0,0,0,0,0,0,0,0,0,0,0,0,0,0,0,0,0,0,93137
1,1,1,1,1200,-1837,-1433,1,46,72,-21,48,89,0,0,0,0,0,0,0,0,0,0,0,0,0,0,0,0,0,0,0,0,0,0,93147
1,1,1,1,1204,-1808,-1453,-6,59,93,-20,48,86,0,0,0,0,0,0,0,0,0,0,0,0,0,0,0,0,0,0,0,0,0,0,93157
1,1,1,1,1220,-1819,-1450,-7,70,109,-22,51,88,0,0,0,0,0,0,0,0,0,0,0,0,0,0,0,0,0,0,0,0,0,0,93167
1,1,1,1,1236,-1798,-1455,1,84,109,-21,50,84,0,0,0,0,0,0,0,0,0,0,0,0,0,0,0,0,0,0,0,0,0,0,93177
1,1,1,1,1224,-1746,-1473,50,86,90,-20,51,81,0,0,0,0,0,0,0,0,0,0,0,0,0,0,0,0,0,0,0,0,0,0,93187
1,1,1,1,1226,-1715,-1466,128,106,62,-16,50,78,0,0,0,0,0,0,0,0,0,0,0,0,0,0,0,0,0,0,0,0,0,0,93197
1,1,1,1,1222,-1711,-1486,183,111,22,-15,49,75,0,0,0,0,0,0,0,0,0,0,0,0,0,0,0,0,0,0,0,0,0,0,93207
1,1,1,1,1215,-1702,-1503,210,141,-13,-12,50,68,0,0,0,0,0,0,0,0,0,0,0,0,0,0,0,0,0,0,0,0,0,0,93217
1,1,1,1,1212,-1733,-1498,160,166,-30,-11,49,62,0,0,0,0,0,0,0,0,0,0,0,0,0,0,0,0,0,0,0,0,0,0,93227
1,1,1,1,1196,-1738,-1471,89,186,-25,-6,48,55,0,0,0,0,0,0,0,0,0,0,0,0,0,0,0,0,0,0,0,0,0,0,93237
1,1,1,1,1202,-1704,-1480,77,231,-27,-4,46,48,0,0,0,0,0,0,0,0,0,0,0,0,0,0,0,0,0,0,0,0,0,0,93247
1,1,1,1,1220,-1641,-1541,47,369,20,-5,46,37,0,0,0,0,0,0,0,0,0,0,0,0,0,0,0,0,0,0,0,0,0,0,93257
1,1,1,1,1163,-1529,-1547,3,505,234,-1,42,33,0,0,0,0,0,0,0,0,0,0,0,0,0,0,0,0,0,0,0,0,0,0,93267
1,1,1,1,1259,-1461,-1355,141,565,432,-3,42,31,0,0,0,0,0,0,0,0,0,0,0,0,0,0,0,0,0,0,0,0,0,0,93277
1,1,1,1,1334,-1584,-1137,344,350,512,-4,40,38,0,0,0,0,0,0,0,0,0,0,0,0,0,0,0,0,0,0,0,0,0,0,93287
1,1,1,1,1246,-1892,-1427,405,281,377,-4,40,31,0,0,0,0,0,0,0,0,0,0,0,0,0,0,0,0,0,0,0,0,0,0,93297
1,1,1,1,1231,-1857,-1287,397,157,276,-3,38,29,0,0,0,0,0,0,0,0,0,0,0,0,0,0,0,0,0,0,0,0,0,0,93307
1,1,1,1,1258,-1906,-1336,408,108,145,-2,38,32,0,0,0,0,0,0,0,0,0,0,0,0,0,0,0,0,0,0,0,0,0,0,93317
1,1,1,1,1225,-1947,-1403,343,172,32,-2,37,29,0,0,0,0,0,0,0,0,0,0,0,0,0,0,0,0,0,0,0,0,0,0,93327
1,1,1,1,1219,-1951,-1288,156,201,39,-5,36,28,0,0,0,0,0,0,0,0,0,0,0,0,0,0,0,0,0,0,0,0,0,0,93337
1,1,1,1,1205,-1949,-1342,-21,240,89,-4,35,27,0,0,0,0,0,0,0,0,0,0,0,0,0,0,0,0,0,0,0,0,0,0,93347
1,1,1,1,1251,-1937,-1348,-135,333,143,-5,35,27,0,0,0,0,0,0,0,0,0,0,0,0,0,0,0,0,0,0,0,0,0,0,93357
1,1,1,1,1246,-1958,-1313,-209,421,195,-8,34,25,0,0,0,0,0,0,0,0,0,0,0,0,0,0,0,0,0,0,0,0,0,0,93367
1,1,1,1,1277,-1944,-1321,-219,526,223,-8,34,24,0,0,0,0,0,0,0,0,0,0,0,0,0,0,0,0,0,0,0,0,0,0,93377
1,1,1,1,1328,-1912,-1282,-171,584,235,-5,35,26,0,0,0,0,0,0,0,0,0,0,0,0,0,0,0,0,0,0,0,0,0,0,93387
1,1,1,1,1344,-1896,-1228,-21,561,192,-3,34,27,0,0,0,0,0,0,0,0,0,0,0,0,0,0,0,0,0,0,0,0,0,0,93397
1,1,1,1,1367,-1891,-1215,148,519,101,-2,33,27,0,0,0,0,0,0,0,0,0,0,0,0,0,0,0,0,0,0,0,0,0,0,93407
1,1,1,1,1327,-1925,-1225,310,452,-53,-5,32,28,0,0,0,0,0,0,0,0,0,0,0,0,0,0,0,0,0,0,0,0,0,0,93417
1,1,1,1,1313,-1964,-1253,276,436,-163,-8,33,25,0,0,0,0,0,0,0,0,0,0,0,0,0,0,0,0,0,0,0,0,0,0,93427
1,1,1,1,1286,-1977,-1176,52,397,-179,-6,30,24,0,0,0,0,0,0,0,0,0,0,0,0,0,0,0,0,0,0,0,0,0,0,93437
1,1,1,1,1306,-1943,-1086,-248,306,-102,-10,33,24,0,0,0,0,0,0,0,0,0,0,0,0,0,0,0,0,0,0,0,0,0,0,93447
1,1,1,1,1249,-1872,-1133,-467,233,36,-11,31,19,0,0,0,0,0,0,0,0,0,0,0,0,0,0,0,0,0,0,0,0,0,0,93457
1,1,1,1,1189,-1844,-1296,-613,306,185,-12,33,19,0,0,0,0,0,0,0,0,0,0,0,0,0,0,0,0,0,0,0,0,0,0,93467
1,1,1,1,1153,-1768,-1357,-654,465,352,-10,33,15,0,0,0,0,0,0,0,0,0,0,0,0,0,0,0,0,0,0,0,0,0,0,93477
1,1,1,1,1139,-1708,-1366,-555,585,500,-9,28,15,0,0,0,0,0,0,0,0,0,0,0,0,0,0,0,0,0,0,0,0,0,0,93487
1,1,1,1,1144,-1723,-1390,-440,681,592,-9,30,18,0,0,0,0,0,0,0,0,0,0,0,0,0,0,0,0,0,0,0,0,0,0,93497
1,1,1,1,1112,-1740,-1481,-326,836,625,-6,28,18,0,0,0,0,0,0,0,0,0,0,0,0,0,0,0,0,0,0,0,0,0,0,93507
1,1,1,1,1098,-1720,-1556,-179,1044,603,-7,29,17,0,0,0,0,0,0,0,0,0,0,0,0,0,0,0,0,0,0,0,0,0,0,93517
1,1,1,1,1266,-1804,-995,-144,694,514,7,68,30,0,0,0,0,0,0,0,0,0,0,0,0,0,0,0,0,0,0,0,0,0,0,93527
1,1,1,1,1782,-2184,3,-122,-274,140,5,37,22,0,0,0,0,0,0,0,0,0,0,0,0,0,0,0,0,0,0,0,0,0,0,93537
1,1,1,1,1209,-1938,-1557,-20,187,-35,-2,35,17,0,0,0,0,0,0,0,0,0,0,0,0,0,0,0,0,0,0,0,0,0,0,93547
1,1,1,1,1255,-1925,-1231,-403,56,84,2,46,22,0,0,0,0,0,0,0,0,0,0,0,0,0,0,0,0,0,0,0,0,0,0,93557
1,1,1,1,1371,-1994,-1020,-441,31,55,0,41,24,0,0,0,0,0,0,0,0,0,0,0,0,0,0,0,0,0,0,0,0,0,0,93567
1,1,1,1,1353,-1923,-1246,-390,62,39,1,40,22,0,0,0,0,0,0,0,0,0,0,0,0,0,0,0,0,0,0,0,0,0,0,93577
1,1,1,1,1316,-1875,-1243,-437,91,107,1,42,21,0,0,0,0,0,0,0,0,0,0,0,0,0,0,0,0,0,0,0,0,0,0,93587
1,1,1,1,1340,-1828,-1223,-408,104,191,1,42,22,0,0,0,0,0,0,0,0,0,0,0,0,0,0,0,0,0,0,0,0,0,0,93597
1,1,1,1,1336,-1757,-1251,-285,105,256,3,40,20,0,0,0,0,0,0,0,0,0,0,0,0,0,0,0,0,0,0,0,0,0,0,93607
1,1,1,1,1240,-1675,-1318,-125,131,346,2,39,16,0,0,0,0,0,0,0,0,0,0,0,0,0,0,0,0,0,0,0,0,0,0,93617
1,1,1,1,1180,-1612,-1378,-37,204,503,-2,33,14,0,0,0,0,0,0,0,0,0,0,0,0,0,0,0,0,0,0,0,0,0,0,93627
1,1,1,1,1113,-1506,-1567,-32,453,757,-5,31,9,0,0,0,0,0,0,0,0,0,0,0,0,0,0,0,0,0,0,0,0,0,0,93637
1,1,1,1,1079,-1516,-1412,-230,496,1100,-9,32,13,0,0,0,0,0,0,0,0,0,0,0,0,0,0,0,0,0,0,0,0,0,0,93647
1,1,1,1,1099,-1596,-1342,-363,492,1336,-8,33,15,0,0,0,0,0,0,0,0,0,0,0,0,0,0,0,0,0,0,0,0,0,0,93657
1,1,1,1,1159,-1964,-1245,-296,401,1108,-6,39,40,0,0,0,0,0,0,0,0,0,0,0,0,0,0,0,0,0,0,0,0,0,0,93667
1,1,1,1,1138,-2331,-1287,109,321,380,-3,39,44,0,0,0,0,0,0,0,0,0,0,0,0,0,0,0,0,0,0,0,0,0,0,93677
1,1,1,1,1203,-2157,-892,381,-91,-99,-6,39,44,0,0,0,0,0,0,0,0,0,0,0,0,0,0,0,0,0,0,0,0,0,0,93687
1,1,1,1,1155,-2009,-1210,564,-197,-296,-6,36,42,0,0,0,0,0,0,0,0,0,0,0,0,0,0,0,0,0,0,0,0,0,0,93697
1,1,1,1,1070,-1911,-1334,566,-224,-262,-9,36,42,0,0,0,0,0,0,0,0,0,0,0,0,0,0,0,0,0,0,0,0,0,0,93707
1,1,1,1,1083,-1927,-1436,496,-141,-161,-8,35,37,0,0,0,0,0,0,0,0,0,0,0,0,0,0,0,0,0,0,0,0,0,0,93717
1,1,1,1,1117,-1930,-1374,316,-13,-7,-10,36,37,0,0,0,0,0,0,0,0,0,0,0,0,0,0,0,0,0,0,0,0,0,0,93727
1,1,1,1,1210,-2006,-1268,100,36,118,-8,35,32,0,0,0,0,0,0,0,0,0,0,0,0,0,0,0,0,0,0,0,0,0,0,93737
1,1,1,1,1214,-2037,-1228,41,52,99,-5,33,31,0,0,0,0,0,0,0,0,0,0,0,0,0,0,0,0,0,0,0,0,0,0,93747
1,1,1,1,1246,-2023,-1162,24,6,50,-5,35,26,0,0,0,0,0,0,0,0,0,0,0,0,0,0,0,0,0,0,0,0,0,0,93757
1,1,1,1,1217,-2027,-1216,-37,-16,17,-4,35,28,0,0,0,0,0,0,0,0,0,0,0,0,0,0,0,0,0,0,0,0,0,0,93767
1,1,1,1,1200,-1965,-1246,-44,5,-9,-5,33,23,0,0,0,0,0,0,0,0,0,0,0,0,0,0,0,0,0,0,0,0,0,0,93777
1,1,1,1,1214,-1911,-1230,-10,15,-25,-2,35,21,0,0,0,0,0,0,0,0,0,0,0,0,0,0,0,0,0,0,0,0,0,0,93787
1,1,1,1,1220,-1903,-1268,43,53,-56,-3,32,22,0,0,0,0,0,0,0,0,0,0,0,0,0,0,0,0,0,0,0,0,0,0,93797
1,1,1,1,1212,-1882,-1314,90,124,-94,-2,33,22,0,0,0,0,0,0,0,0,0,0,0,0,0,0,0,0,0,0,0,0,0,0,93807
1,1,1,1,1248,-1867,-1311,129,199,-114,0,32,20,0,0,0,0,0,0,0,0,0,0,0,0,0,0,0,0,0,0,0,0,0,0,93817
1,1,1,1,1250,-1841,-1204,159,185,-112,-2,35,22,0,0,0,0,0,0,0,0,0,0,0,0,0,0,0,0,0,0,0,0,0,0,93827
1,1,1,1,1261,-1865,-1181,109,162,-75,1,33,20,0,0,0,0,0,0,0,0,0,0,0,0,0,0,0,0,0,0,0,0,0,0,93837
1,1,1,1,1260,-1858,-1194,34,167,2,0,35,21,0,0,0,0,0,0,0,0,0,0,0,0,0,0,0,0,0,0,0,0,0,0,93847
1,1,1,1,1273,-1845,-1112,3,133,63,1,35,23,0,0,0,0,0,0,0,0,0,0,0,0,0,0,0,0,0,0,0,0,0,0,93857
1,1,1,1,1255,-1916,-1132,28,120,61,0,38,26,0,0,0,0,0,0,0,0,0,0,0,0,0,0,0,0,0,0,0,0,0,0,93867
1,1,1,1,1203,-1929,-1117,64,59,28,4,37,25,0,0,0,0,0,0,0,0,0,0,0,0,0,0,0,0,0,0,0,0,0,0,93877
1,1,1,1,1133,-1913,-1183,129,43,-5,3,36,26,0,0,0,0,0,0,0,0,0,0,0,0,0,0,0,0,0,0,0,0,0,0,93887
1,1,1,1,1072,-1930,-1286,140,108,-8,2,36,27,0,0,0,0,0,0,0,0,0,0,0,0,0,0,0,0,0,0,0,0,0,0,93897
1,1,1,1,1048,-1915,-1282,154,183,0,3,37,27,0,0,0,0,0,0,0,0,0,0,0,0,0,0,0,0,0,0,0,0,0,0,93907
1,1,1,1,1083,-1903,-1247,163,242,22,2,38,26,0,0,0,0,0,0,0,0,0,0,0,0,0,0,0,0,0,0,0,0,0,0,93917
1,1,1,1,1149,-1914,-1161,70,275,93,2,40,28,0,0,0,0,0,0,0,0,0,0,0,0,0,0,0,0,0,0,0,0,0,0,93927
1,1,1,1,1185,-1945,-1117,-78,265,197,1,43,33,0,0,0,0,0,0,0,0,0,0,0,0,0,0,0,0,0,0,0,0,0,0,93937
1,1,1,1,1197,-2020,-1118,-190,251,230,0,45,38,0,0,0,0,0,0,0,0,0,0,0,0,0,0,0,0,0,0,0,0,0,0,93947
1,1,1,1,1227,-2061,-1106,-216,239,182,-2,47,38,0,0,0,0,0,0,0,0,0,0,0,0,0,0,0,0,0,0,0,0,0,0,93957
1,1,1,1,1241,-2057,-1072,-263,208,138,-1,45,37,0,0,0,0,0,0,0,0,0,0,0,0,0,0,0,0,0,0,0,0,0,0,93967
1,1,1,1,1218,-1987,-1157,-308,205,123,-1,44,35,0,0,0,0,0,0,0,0,0,0,0,0,0,0,0,0,0,0,0,0,0,0,93977
1,1,1,1,1231,-1920,-1269,-317,288,144,0,43,33,0,0,0,0,0,0,0,0,0,0,0,0,0,0,0,0,0,0,0,0,0,0,93987
1,1,1,1,1231,-1920,-1269,-321,366,176,3,44,36,0,0,0,0,0,0,0,0,0,0,0,0,0,0,0,0,0,0,0,0,0,0,93997
1,1,1,1,1271,-1880,-1252,-317,390,192,2,44,35,0,0,0,0,0,0,0,0,0,0,0,0,0,0,0,0,0,0,0,0,0,0,94007
1,1,1,1,1297,-1873,-1200,-346,455,185,4,44,33,0,0,0,0,0,0,0,0,0,0,0,0,0,0,0,0,0,0,0,0,0,0,94017
1,1,1,1,1356,-1865,-1193,-372,470,182,4,46,35,0,0,0,0,0,0,0,0,0,0,0,0,0,0,0,0,0,0,0,0,0,0,94027
1,1,1,1,1372,-1852,-1158,-367,394,168,2,46,39,0,0,0,0,0,0,0,0,0,0,0,0,0,0,0,0,0,0,0,0,0,0,94037
1,1,1,1,1363,-1924,-1029,-336,275,91,-2,47,40,0,0,0,0,0,0,0,0,0,0,0,0,0,0,0,0,0,0,0,0,0,0,94047
1,1,1,1,1266,-1904,-1138,-265,212,24,-1,48,37,0,0,0,0,0,0,0,0,0,0,0,0,0,0,0,0,0,0,0,0,0,0,94057
1,1,1,1,1178,-1834,-1190,-185,181,38,-1,44,40,0,0,0,0,0,0,0,0,0,0,0,0,0,0,0,0,0,0,0,0,0,0,94067
1,1,1,1,1115,-1880,-1261,-149,172,61,-1,45,43,0,0,0,0,0,0,0,0,0,0,0,0,0,0,0,0,0,0,0,0,0,0,94077
1,1,1,1,1061,-1922,-1323,-131,183,58,-3,45,43,0,0,0,0,0,0,0,0,0,0,0,0,0,0,0,0,0,0,0,0,0,0,94087
1,1,1,1,1086,-1857,-1266,-54,156,59,-4,46,47,0,0,0,0,0,0,0,0,0,0,0,0,0,0,0,0,0,0,0,0,0,0,94097
1,1,1,1,1080,-1868,-1298,-33,147,69,-3,46,46,0,0,0,0,0,0,0,0,0,0,0,0,0,0,0,0,0,0,0,0,0,0,94107
1,1,1,1,1097,-1871,-1313,-1,149,67,-1,43,46,0,0,0,0,0,0,0,0,0,0,0,0,0,0,0,0,0,0,0,0,0,0,94117
1,1,1,1,1184,-1861,-1172,64,104,49,-6,49,50,0,0,0,0,0,0,0,0,0,0,0,0,0,0,0,0,0,0,0,0,0,0,94127
1,1,1,1,1148,-1890,-1248,39,76,52,-2,48,51,0,0,0,0,0,0,0,0,0,0,0,0,0,0,0,0,0,0,0,0,0,0,94137
1,1,1,1,1163,-1894,-1246,9,75,71,-4,49,58,0,0,0,0,0,0,0,0,0,0,0,0,0,0,0,0,0,0,0,0,0,0,94147
1,1,1,1,1182,-1936,-1204,-3,51,66,-2,47,58,0,0,0,0,0,0,0,0,0,0,0,0,0,0,0,0,0,0,0,0,0,0,94157
1,1,1,1,1152,-1930,-1201,-22,22,67,-6,48,55,0,0,0,0,0,0,0,0,0,0,0,0,0,0,0,0,0,0,0,0,0,0,94167
1,1,1,1,1175,-1902,-1213,-61,23,122,-4,49,65,0,0,0,0,0,0,0,0,0,0,0,0,0,0,0,0,0,0,0,0,0,0,94177
1,1,1,1,1215,-2031,-1146,-18,10,48,-5,49,69,0,0,0,0,0,0,0,0,0,0,0,0,0,0,0,0,0,0,0,0,0,0,94187
1,1,1,1,1205,-1956,-1138,92,-48,0,-9,49,69,0,0,0,0,0,0,0,0,0,0,0,0,0,0,0,0,0,0,0,0,0,0,94197
1,1,1,1,1165,-1922,-1270,72,-9,64,-10,50,71,0,0,0,0,0,0,0,0,0,0,0,0,0,0,0,0,0,0,0,0,0,0,94207
1,1,1,1,1198,-2003,-1265,-13,22,104,-10,49,71,0,0,0,0,0,0,0,0,0,0,0,0,0,0,0,0,0,0,0,0,0,0,94217
1,1,1,1,1237,-1989,-1195,-68,-4,110,-12,51,71,0,0,0,0,0,0,0,0,0,0,0,0,0,0,0,0,0,0,0,0,0,0,94227
1,1,1,1,1195,-1980,-1279,-186,43,164,-11,49,67,0,0,0,0,0,0,0,0,0,0,0,0,0,0,0,0,0,0,0,0,0,0,94237
1,1,1,1,1217,-1950,-1250,-337,78,254,-10,51,69,0,0,0,0,0,0,0,0,0,0,0,0,0,0,0,0,0,0,0,0,0,0,94247
1,1,1,1,1299,-1937,-1153,-357,40,263,-10,51,71,0,0,0,0,0,0,0,0,0,0,0,0,0,0,0,0,0,0,0,0,0,0,94257
1,1,1,1,1308,-1964,-1132,-250,-11,164,-10,50,72,0,0,0,0,0,0,0,0,0,0,0,0,0,0,0,0,0,0,0,0,0,0,94267
1,1,1,1,1299,-1909,-1151,-77,-62,62,-9,49,74,0,0,0,0,0,0,0,0,0,0,0,0,0,0,0,0,0,0,0,0,0,0,94277
1,1,1,1,1289,-1843,-1190,56,-83,29,-11,50,77,0,0,0,0,0,0,0,0,0,0,0,0,0,0,0,0,0,0,0,0,0,0,94287
1,1,1,1,1257,-1866,-1239,140,-81,-6,-13,50,79,0,0,0,0,0,0,0,0,0,0,0,0,0,0,0,0,0,0,0,0,0,0,94297
1,1,1,1,1235,-1859,-1218,224,-89,-38,-14,51,82,0,0,0,0,0,0,0,0,0,0,0,0,0,0,0,0,0,0,0,0,0,0,94307
1,1,1,1,1226,-1850,-1221,191,-80,-15,-14,51,84,0,0,0,0,0,0,0,0,0,0,0,0,0,0,0,0,0,0,0,0,0,0,94317
1,1,1,1,1235,-1871,-1223,128,-45,21,-14,51,84,0,0,0,0,0,0,0,0,0,0,0,0,0,0,0,0,0,0,0,0,0,0,94327
1,1,1,1,1233,-1935,-1178,129,-37,1,-18,54,89,0,0,0,0,0,0,0,0,0,0,0,0,0,0,0,0,0,0,0,0,0,0,94337
1,1,1,1,1250,-2020,-1141,33,-59,-24,-18,53,89,0,0,0,0,0,0,0,0,0,0,0,0,0,0,0,0,0,0,0,0,0,0,94347
1,1,1,1,1195,-2066,-1183,-96,-73,-35,-17,51,91,0,0,0,0,0,0,0,0,0,0,0,0,0,0,0,0,0,0,0,0,0,0,94357
1,1,1,1,1174,-2010,-1192,-136,-66,-21,-14,45,86,0,0,0,0,0,0,0,0,0,0,0,0,0,0,0,0,0,0,0,0,0,0,94367
1,1,1,1,1209,-1968,-1128,-66,-114,-20,-21,54,95,0,0,0,0,0,0,0,0,0,0,0,0,0,0,0,0,0,0,0,0,0,0,94377
1,1,1,1,1184,-1967,-1189,55,-107,-55,-21,52,96,0,0,0,0,0,0,0,0,0,0,0,0,0,0,0,0,0,0,0,0,0,0,94387
1,1,1,1,1181,-1925,-1223,46,-87,-32,-23,50,97,0,0,0,0,0,0,0,0,0,0,0,0,0,0,0,0,0,0,0,0,0,0,94397
1,1,1,1,1213,-1872,-1198,41,-68,19,-23,49,97,0,0,0,0,0,0,0,0,0,0,0,0,0,0,0,0,0,0,0,0,0,0,94407
1,1,1,1,1232,-1858,-1174,127,-75,14,-23,49,102,0,0,0,0,0,0,0,0,0,0,0,0,0,0,0,0,0,0,0,0,0,0,94417
1,1,1,1,1176,-1918,-1257,105,-38,13,-25,48,103,0,0,0,0,0,0,0,0,0,0,0,0,0,0,0,0,0,0,0,0,0,0,94427
1,1,1,1,1171,-1951,-1272,-20,1,47,-24,49,102,0,0,0,0,0,0,0,0,0,0,0,0,0,0,0,0,0,0,0,0,0,0,94437
1,1,1,1,1191,-1949,-1220,-54,1,33,-22,50,103,0,0,0,0,0,0,0,0,0,0,0,0,0,0,0,0,0,0,0,0,0,0,94447
1,1,1,1,1195,-1936,-1211,-59,-8,15,-22,49,101,0,0,0,0,0,0,0,0,0,0,0,0,0,0,0,0,0,0,0,0,0,0,94457
1,1,1,1,1195,-1935,-1188,-102,-34,23,-24,51,90,0,0,0,0,0,0,0,0,0,0,0,0,0,0,0,0,0,0,0,0,0,0,94467
1,1,1,1,1172,-1715,-1075,-140,-129,217,-25,48,102,0,0,0,0,0,0,0,0,0,0,0,0,0,0,0,0,0,0,0,0,0,0,94477
1,1,1,1,1210,-1950,-1282,-114,-57,225,-25,47,104,0,0,0,0,0,0,0,0,0,0,0,0,0,0,0,0,0,0,0,0,0,0,94487
1,1,1,1,1156,-2099,-1145,20,-109,-1,-28,47,105,0,0,0,0,0,0,0,0,0,0,0,0,0,0,0,0,0,0,0,0,0,0,94497
1,1,1,1,1132,-1955,-1214,17,-141,-39,-30,46,105,0,0,0,0,0,0,0,0,0,0,0,0,0,0,0,0,0,0,0,0,0,0,94507
1,1,1,1,1115,-1868,-1242,-6,-140,70,-29,46,107,0,0,0,0,0,0,0,0,0,0,0,0,0,0,0,0,0,0,0,0,0,0,94517
1,1,1,1,1130,-1994,-1363,-11,-68,43,-29,47,107,0,0,0,0,0,0,0,0,0,0,0,0,0,0,0,0,0,0,0,0,0,0,94527
1,1,1,1,1121,-1965,-1231,-32,-74,28,-30,47,106,0,0,0,0,0,0,0,0,0,0,0,0,0,0,0,0,0,0,0,0,0,0,94537
1,1,1,1,1156,-1977,-1305,-126,-37,36,-31,47,107,0,0,0,0,0,0,0,0,0,0,0,0,0,0,0,0,0,0,0,0,0,0,94547
1,1,1,1,1176,-1961,-1253,-146,-13,24,-29,48,103,0,0,0,0,0,0,0,0,0,0,0,0,0,0,0,0,0,0,0,0,0,0,94557
1,1,1,1,1252,-1946,-1180,-193,-27,30,-30,48,102,0,0,0,0,0,0,0,0,0,0,0,0,0,0,0,0,0,0,0,0,0,0,94567
1,1,1,1,1280,-1963,-1176,-196,-39,11,-29,48,98,0,0,0,0,0,0,0,0,0,0,0,0,0,0,0,0,0,0,0,0,0,0,94577
1,1,1,1,1308,-1918,-1158,-125,-56,-10,-30,48,102,0,0,0,0,0,0,0,0,0,0,0,0,0,0,0,0,0,0,0,0,0,0,94587
1,1,1,1,1276,-1946,-1198,-93,-67,-33,-31,48,104,0,0,0,0,0,0,0,0,0,0,0,0,0,0,0,0,0,0,0,0,0,0,94597
1,1,1,1,1218,-1927,-1214,-52,-72,-53,-32,48,109,0,0,0,0,0,0,0,0,0,0,0,0,0,0,0,0,0,0,0,0,0,0,94607
1,1,1,1,1157,-1914,-1249,2,-90,-81,-34,47,110,0,0,0,0,0,0,0,0,0,0,0,0,0,0,0,0,0,0,0,0,0,0,94617
1,1,1,1,1107,-1889,-1293,-35,-90,-52,-39,48,112,0,0,0,0,0,0,0,0,0,0,0,0,0,0,0,0,0,0,0,0,0,0,94627
1,1,1,1,1100,-1895,-1317,-73,-63,-17,-38,47,111,0,0,0,0,0,0,0,0,0,0,0,0,0,0,0,0,0,0,0,0,0,0,94637
1,1,1,1,1132,-1907,-1293,-54,-45,-29,-38,48,110,0,0,0,0,0,0,0,0,0,0,0,0,0,0,0,0,0,0,0,0,0,0,94647
1,1,1,1,1168,-1884,-1283,-25,-33,-34,-33,46,108,0,0,0,0,0,0,0,0,0,0,0,0,0,0,0,0,0,0,0,0,0,0,94657
1,1,1,1,1214,-1914,-1245,-16,-42,-37,-32,48,109,0,0,0,0,0,0,0,0,0,0,0,0,0,0,0,0,0,0,0,0,0,0,94667
1,1,1,1,1238,-1941,-1225,-37,-52,-42,-35,48,112,0,0,0,0,0,0,0,0,0,0,0,0,0,0,0,0,0,0,0,0,0,0,94677
1,1,1,1,1224,-1949,-1221,-49,-63,-45,-35,46,110,0,0,0,0,0,0,0,0,0,0,0,0,0,0,0,0,0,0,0,0,0,0,94687
1,1,1,1,1223,-1941,-1194,-24,-94,-58,-36,46,113,0,0,0,0,0,0,0,0,0,0,0,0,0,0,0,0,0,0,0,0,0,0,94697
1,1,1,1,1173,-1984,-1251,-7,-101,-80,-39,46,115,0,0,0,0,0,0,0,0,0,0,0,0,0,0,0,0,0,0,0,0,0,0,94707
1,1,1,1,1148,-1945,-1276,6,-93,-81,-38,45,117,0,0,0,0,0,0,0,0,0,0,0,0,0,0,0,0,0,0,0,0,0,0,94717
1,1,1,1,1146,-1916,-1288,13,-88,-57,-38,47,121,0,0,0,0,0,0,0,0,0,0,0,0,0,0,0,0,0,0,0,0,0,0,94727
1,1,1,1,1130,-1895,-1318,36,-43,-25,-36,45,117,0,0,0,0,0,0,0,0,0,0,0,0,0,0,0,0,0,0,0,0,0,0,94737
1,1,1,1,1160,-1882,-1305,6,-8,32,-35,45,118,0,0,0,0,0,0,0,0,0,0,0,0,0,0,0,0,0,0,0,0,0,0,94747
1,1,1,1,1183,-1952,-1283,-57,16,56,-34,46,115,0,0,0,0,0,0,0,0,0,0,0,0,0,0,0,0,0,0,0,0,0,0,94757
1,1,1,1,1213,-1923,-1234,-80,8,56,-36,47,116,0,0,0,0,0,0,0,0,0,0,0,0,0,0,0,0,0,0,0,0,0,0,94767
1,1,1,1,1201,-1906,-1239,-70,5,60,-37,46,122,0,0,0,0,0,0,0,0,0,0,0,0,0,0,0,0,0,0,0,0,0,0,94777
1,1,1,1,1187,-1909,-1224,-39,-4,48,-37,46,122,0,0,0,0,0,0,0,0,0,0,0,0,0,0,0,0,0,0,0,0,0,0,94787
1,1,1,1,1160,-1889,-1232,-4,-10,34,-38,46,120,0,0,0,0,0,0,0,0,0,0,0,0,0,0,0,0,0,0,0,0,0,0,94797
1,1,1,1,1142,-1857,-1252,29,-29,35,-38,45,125,0,0,0,0,0,0,0,0,0,0,0,0,0,0,0,0,0,0,0,0,0,0,94807
1,1,1,1,1104,-1860,-1303,92,-28,27,-36,46,123,0,0,0,0,0,0,0,0,0,0,0,0,0,0,0,0,0,0,0,0,0,0,94817
1,1,1,1,1096,-1861,-1305,164,-23,8,-35,46,123,0,0,0,0,0,0,0,0,0,0,0,0,0,0,0,0,0,0,0,0,0,0,94827
1,1,1,1,1104,-1870,-1291,191,-7,2,-36,46,123,0,0,0,0,0,0,0,0,0,0,0,0,0,0,0,0,0,0,0,0,0,0,94837
1,1,1,1,1143,-1885,-1251,130,-13,22,-37,46,125,0,0,0,0,0,0,0,0,0,0,0,0,0,0,0,0,0,0,0,0,0,0,94847
1,1,1,1,1183,-1934,-1213,87,-29,10,-37,46,126,0,0,0,0,0,0,0,0,0,0,0,0,0,0,0,0,0,0,0,0,0,0,94857
1,1,1,1,1151,-1959,-1272,57,-26,-23,-38,46,128,0,0,0,0,0,0,0,0,0,0,0,0,0,0,0,0,0,0,0,0,0,0,94867
1,1,1,1,1143,-1925,-1271,29,-17,-8,-38,46,129,0,0,0,0,0,0,0,0,0,0,0,0,0,0,0,0,0,0,0,0,0,0,94877
1,1,1,1,1169,-1933,-1263,27,-2,-7,-37,46,127,0,0,0,0,0,0,0,0,0,0,0,0,0,0,0,0,0,0,0,0,0,0,94887
1,1,1,1,1215,-1943,-1189,7,-28,-14,-37,45,126,0,0,0,0,0,0,0,0,0,0,0,0,0,0,0,0,0,0,0,0,0,0,94897
1,1,1,1,1198,-1955,-1233,-25,-46,-8,-37,45,130,0,0,0,0,0,0,0,0,0,0,0,0,0,0,0,0,0,0,0,0,0,0,94907
1,1,1,1,1169,-1934,-1270,-35,-39,11,-37,47,129,0,0,0,0,0,0,0,0,0,0,0,0,0,0,0,0,0,0,0,0,0,0,94917
1,1,1,1,1189,-1945,-1262,2,-45,24,-39,45,132,0,0,0,0,0,0,0,0,0,0,0,0,0,0,0,0,0,0,0,0,0,0,94927
1,1,1,1,1171,-1976,-1287,24,-56,26,-39,46,128,0,0,0,0,0,0,0,0,0,0,0,0,0,0,0,0,0,0,0,0,0,0,94937
1,1,1,1,1157,-1975,-1296,21,-65,26,-41,47,131,0,0,0,0,0,0,0,0,0,0,0,0,0,0,0,0,0,0,0,0,0,0,94947
1,1,1,1,1205,-1942,-1295,-70,-68,53,-36,45,129,0,0,0,0,0,0,0,0,0,0,0,0,0,0,0,0,0,0,0,0,0,0,94967
1,1,1,1,1244,-1891,-1278,-58,-57,63,-37,46,127,0,0,0,0,0,0,0,0,0,0,0,0,0,0,0,0,0,0,0,0,0,0,94977
1,1,1,1,1240,-1873,-1264,-6,-45,56,-38,48,129,0,0,0,0,0,0,0,0,0,0,0,0,0,0,0,0,0,0,0,0,0,0,94987
1,1,1,1,1250,-1875,-1229,47,-50,40,-38,48,128,0,0,0,0,0,0,0,0,0,0,0,0,0,0,0,0,0,0,0,0,0,0,94997
1,1,1,1,1222,-1932,-1223,56,-76,15,-41,48,132,0,0,0,0,0,0,0,0,0,0,0,0,0,0,0,0,0,0,0,0,0,0,95007
1,1,1,1,1131,-1949,-1295,44,-85,6,-42,48,133,0,0,0,0,0,0,0,0,0,0,0,0,0,0,0,0,0,0,0,0,0,0,95017
1,1,1,1,1082,-1939,-1312,48,-97,19,-43,48,134,0,0,0,0,0,0,0,0,0,0,0,0,0,0,0,0,0,0,0,0,0,0,95027
1,1,1,1,1065,-1943,-1334,56,-118,30,-37,46,137,0,0,0,0,0,0,0,0,0,0,0,0,0,0,0,0,0,0,0,0,0,0,95037
1,1,1,1,1077,-1925,-1324,74,-110,46,-39,49,133,0,0,0,0,0,0,0,0,0,0,0,0,0,0,0,0,0,0,0,0,0,0,95047
1,1,1,1,1131,-1909,-1295,72,-103,63,-39,49,132,0,0,0,0,0,0,0,0,0,0,0,0,0,0,0,0,0,0,0,0,0,0,95057
1,1,1,1,1190,-1937,-1248,54,-113,83,-38,49,133,0,0,0,0,0,0,0,0,0,0,0,0,0,0,0,0,0,0,0,0,0,0,95067
1,1,1,1,1192,-1971,-1242,68,-116,50,-35,47,132,0,0,0,0,0,0,0,0,0,0,0,0,0,0,0,0,0,0,0,0,0,0,95077
1,1,1,1,1190,-1944,-1227,79,-114,20,-37,48,133,0,0,0,0,0,0,0,0,0,0,0,0,0,0,0,0,0,0,0,0,0,0,95087
1,1,1,1,1139,-1957,-1250,54,-96,16,-39,48,132,0,0,0,0,0,0,0,0,0,0,0,0,0,0,0,0,0,0,0,0,0,0,95097
1,1,1,1,1104,-1939,-1253,-2,-60,22,-39,47,131,0,0,0,0,0,0,0,0,0,0,0,0,0,0,0,0,0,0,0,0,0,0,95107
1,1,1,1,1118,-1932,-1188,-48,-44,15,-39,47,131,0,0,0,0,0,0,0,0,0,0,0,0,0,0,0,0,0,0,0,0,0,0,95117
1,1,1,1,1099,-1911,-1213,-63,-30,-13,-39,48,130,0,0,0,0,0,0,0,0,0,0,0,0,0,0,0,0,0,0,0,0,0,0,95127
1,1,1,1,1116,-1855,-1201,-39,-5,-22,-39,47,129,0,0,0,0,0,0,0,0,0,0,0,0,0,0,0,0,0,0,0,0,0,0,95137
1,1,1,1,1134,-1848,-1214,26,27,-49,-40,47,131,0,0,0,0,0,0,0,0,0,0,0,0,0,0,0,0,0,0,0,0,0,0,95147
1,1,1,1,1166,-1828,-1189,114,30,-73,-38,46,129,0,0,0,0,0,0,0,0,0,0,0,0,0,0,0,0,0,0,0,0,0,0,95157
1,1,1,1,1158,-1886,-1198,150,38,-108,-41,45,127,0,0,0,0,0,0,0,0,0,0,0,0,0,0,0,0,0,0,0,0,0,0,95167
1,1,1,1,1141,-1889,-1200,110,39,-117,-40,45,126,0,0,0,0,0,0,0,0,0,0,0,0,0,0,0,0,0,0,0,0,0,0,95177
1,1,1,1,1115,-1909,-1208,100,43,-126,-41,45,128,0,0,0,0,0,0,0,0,0,0,0,0,0,0,0,0,0,0,0,0,0,0,95187
1,1,1,1,1102,-1937,-1224,102,42,-143,-41,44,128,0,0,0,0,0,0,0,0,0,0,0,0,0,0,0,0,0,0,0,0,0,0,95197
1,1,1,1,1103,-1944,-1239,79,49,-132,-39,44,131,0,0,0,0,0,0,0,0,0,0,0,0,0,0,0,0,0,0,0,0,0,0,95207
1,1,1,1,1128,-1955,-1233,61,58,-114,-40,44,127,0,0,0,0,0,0,0,0,0,0,0,0,0,0,0,0,0,0,0,0,0,0,95217
1,1,1,1,1160,-1982,-1255,35,82,-94,-40,44,129,0,0,0,0,0,0,0,0,0,0,0,0,0,0,0,0,0,0,0,0,0,0,95227
1,1,1,1,1202,-1994,-1218,17,84,-71,-39,43,127,0,0,0,0,0,0,0,0,0,0,0,0,0,0,0,0,0,0,0,0,0,0,95237
1,1,1,1,1214,-1999,-1215,-4,75,-47,-40,43,127,0,0,0,0,0,0,0,0,0,0,0,0,0,0,0,0,0,0,0,0,0,0,95247
1,1,1,1,1196,-1979,-1223,10,71,-29,-38,42,125,0,0,0,0,0,0,0,0,0,0,0,0,0,0,0,0,0,0,0,0,0,0,95257
1,1,1,1,1194,-1967,-1231,29,65,-15,-41,45,127,0,0,0,0,0,0,0,0,0,0,0,0,0,0,0,0,0,0,0,0,0,0,95267
1,1,1,1,1182,-1946,-1249,56,62,-10,-39,43,125,0,0,0,0,0,0,0,0,0,0,0,0,0,0,0,0,0,0,0,0,0,0,95277
1,1,1,1,1173,-1930,-1257,59,55,-13,-40,40,123,0,0,0,0,0,0,0,0,0,0,0,0,0,0,0,0,0,0,0,0,0,0,95287
1,1,1,1,1186,-1908,-1246,60,51,-11,-44,48,125,0,0,0,0,0,0,0,0,0,0,0,0,0,0,0,0,0,0,0,0,0,0,95297
1,1,1,1,1213,-1927,-1219,32,30,-26,-43,45,125,0,0,0,0,0,0,0,0,0,0,0,0,0,0,0,0,0,0,0,0,0,0,95307
1,1,1,1,1205,-1930,-1240,-2,32,-28,-42,43,125,0,0,0,0,0,0,0,0,0,0,0,0,0,0,0,0,0,0,0,0,0,0,95317
1,1,1,1,1213,-1930,-1238,-28,16,-27,-42,44,127,0,0,0,0,0,0,0,0,0,0,0,0,0,0,0,0,0,0,0,0,0,0,95327
1,1,1,1,1228,-1946,-1228,-27,15,-29,-38,40,126,0,0,0,0,0,0,0,0,0,0,0,0,0,0,0,0,0,0,0,0,0,0,95337
1,1,1,1,1219,-1950,-1243,-9,26,-23,-38,42,126,0,0,0,0,0,0,0,0,0,0,0,0,0,0,0,0,0,0,0,0,0,0,95347
1,1,1,1,1223,-1951,-1224,16,20,-26,-37,40,124,0,0,0,0,0,0,0,0,0,0,0,0,0,0,0,0,0,0,0,0,0,0,95357
1,1,1,1,1219,-1966,-1225,19,17,-25,-38,42,126,0,0,0,0,0,0,0,0,0,0,0,0,0,0,0,0,0,0,0,0,0,0,95367
1,1,1,1,1203,-1962,-1244,4,21,-19,-36,40,123,0,0,0,0,0,0,0,0,0,0,0,0,0,0,0,0,0,0,0,0,0,0,95377
1,1,1,1,1214,-1945,-1229,1,13,-11,-39,41,123,0,0,0,0,0,0,0,0,0,0,0,0,0,0,0,0,0,0,0,0,0,0,95387
1,1,1,1,1212,-1945,-1246,-8,12,-4,-40,41,126,0,0,0,0,0,0,0,0,0,0,0,0,0,0,0,0,0,0,0,0,0,0,95397
1,1,1,1,1221,-1929,-1248,-23,17,2,-39,39,124,0,0,0,0,0,0,0,0,0,0,0,0,0,0,0,0,0,0,0,0,0,0,95407
1,1,1,1,1217,-1918,-1265,-28,21,5,-39,40,122,0,0,0,0,0,0,0,0,0,0,0,0,0,0,0,0,0,0,0,0,0,0,95417
1,1,1,1,1223,-1905,-1245,-30,17,4,-38,41,124,0,0,0,0,0,0,0,0,0,0,0,0,0,0,0,0,0,0,0,0,0,0,95427
1,1,1,1,1219,-1904,-1242,-17,11,-4,-37,41,121,0,0,0,0,0,0,0,0,0,0,0,0,0,0,0,0,0,0,0,0,0,0,95437
1,1,1,1,1202,-1904,-1248,-13,18,-1,-38,41,119,0,0,0,0,0,0,0,0,0,0,0,0,0,0,0,0,0,0,0,0,0,0,95447
1,1,1,1,1209,-1913,-1239,2,19,-6,-38,40,121,0,0,0,0,0,0,0,0,0,0,0,0,0,0,0,0,0,0,0,0,0,0,95457
1,1,1,1,1211,-1918,-1223,8,21,0,-38,40,121,0,0,0,0,0,0,0,0,0,0,0,0,0,0,0,0,0,0,0,0,0,0,95467
1,1,1,1,1196,-1926,-1244,20,18,7,-39,41,120,0,0,0,0,0,0,0,0,0,0,0,0,0,0,0,0,0,0,0,0,0,0,95477
1,1,1,1,1182,-1934,-1260,27,21,7,-39,41,122,0,0,0,0,0,0,0,0,0,0,0,0,0,0,0,0,0,0,0,0,0,0,95487
1,1,1,1,1185,-1928,-1234,13,8,13,-38,41,124,0,0,0,0,0,0,0,0,0,0,0,0,0,0,0,0,0,0,0,0,0,0,95497
1,1,1,1,1183,-1927,-1237,4,-3,10,-39,41,121,0,0,0,0,0,0,0,0,0,0,0,0,0,0,0,0,0,0,0,0,0,0,95507
1,1,1,1,1179,-1905,-1243,-5,1,11,-40,41,125,0,0,0,0,0,0,0,0,0,0,0,0,0,0,0,0,0,0,0,0,0,0,95517
1,1,1,1,1190,-1921,-1230,-41,1,14,-40,42,123,0,0,0,0,0,0,0,0,0,0,0,0,0,0,0,0,0,0,0,0,0,0,95527
1,1,1,1,1184,-1906,-1252,-56,5,8,-39,42,122,0,0,0,0,0,0,0,0,0,0,0,0,0,0,0,0,0,0,0,0,0,0,95537
1,1,1,1,1183,-1881,-1250,-36,14,-3,-39,40,125,0,0,0,0,0,0,0,0,0,0,0,0,0,0,0,0,0,0,0,0,0,0,95547
1,1,1,1,1179,-1874,-1257,0,23,-18,-37,41,122,0,0,0,0,0,0,0,0,0,0,0,0,0,0,0,0,0,0,0,0,0,0,95557
1,1,1,1,1189,-1873,-1251,48,30,-34,-40,42,125,0,0,0,0,0,0,0,0,0,0,0,0,0,0,0,0,0,0,0,0,0,0,95567
1,1,1,1,1196,-1882,-1244,81,27,-45,-37,42,123,0,0,0,0,0,0,0,0,0,0,0,0,0,0,0,0,0,0,0,0,0,0,95577
1,1,1,1,1203,-1902,-1231,86,24,-48,-38,39,122,0,0,0,0,0,0,0,0,0,0,0,0,0,0,0,0,0,0,0,0,0,0,95587
1,1,1,1,1211,-1911,-1231,83,16,-49,-38,41,121,0,0,0,0,0,0,0,0,0,0,0,0,0,0,0,0,0,0,0,0,0,0,95597
1,1,1,1,1216,-1939,-1225,50,9,-45,-41,41,123,0,0,0,0,0,0,0,0,0,0,0,0,0,0,0,0,0,0,0,0,0,0,95607
1,1,1,1,1197,-1951,-1251,16,5,-52,-41,40,124,0,0,0,0,0,0,0,0,0,0,0,0,0,0,0,0,0,0,0,0,0,0,95617
1,1,1,1,1200,-1932,-1243,1,12,-36,-40,41,124,0,0,0,0,0,0,0,0,0,0,0,0,0,0,0,0,0,0,0,0,0,0,95627
1,1,1,1,1190,-1964,-1259,-19,23,-24,-39,41,123,0,0,0,0,0,0,0,0,0,0,0,0,0,0,0,0,0,0,0,0,0,0,95637
1,1,1,1,1193,-1968,-1248,-53,35,-7,-39,39,122,0,0,0,0,0,0,0,0,0,0,0,0,0,0,0,0,0,0,0,0,0,0,95647
1,1,1,1,1199,-1970,-1238,-64,43,8,-36,41,121,0,0,0,0,0,0,0,0,0,0,0,0,0,0,0,0,0,0,0,0,0,0,95657
1,1,1,1,1205,-1961,-1232,-46,48,12,-36,41,123,0,0,0,0,0,0,0,0,0,0,0,0,0,0,0,0,0,0,0,0,0,0,95667
1,1,1,1,1200,-1942,-1223,-15,52,25,-39,40,125,0,0,0,0,0,0,0,0,0,0,0,0,0,0,0,0,0,0,0,0,0,0,95677
1,1,1,1,1192,-1954,-1241,-27,47,28,-38,41,123,0,0,0,0,0,0,0,0,0,0,0,0,0,0,0,0,0,0,0,0,0,0,95687
1,1,1,1,1190,-1923,-1228,-21,25,27,-38,40,121,0,0,0,0,0,0,0,0,0,0,0,0,0,0,0,0,0,0,0,0,0,0,95697
1,1,1,1,1184,-1932,-1250,-39,10,25,-40,40,119,0,0,0,0,0,0,0,0,0,0,0,0,0,0,0,0,0,0,0,0,0,0,95707
1,1,1,1,1191,-1901,-1250,-45,6,36,-37,40,120,0,0,0,0,0,0,0,0,0,0,0,0,0,0,0,0,0,0,0,0,0,0,95717
1,1,1,1,1194,-1920,-1260,-28,-2,36,-37,40,120,0,0,0,0,0,0,0,0,0,0,0,0,0,0,0,0,0,0,0,0,0,0,95727
1,1,1,1,1195,-1926,-1248,-28,0,40,-38,41,120,0,0,0,0,0,0,0,0,0,0,0,0,0,0,0,0,0,0,0,0,0,0,95737
1,1,1,1,1208,-1928,-1226,-45,-9,50,-37,41,119,0,0,0,0,0,0,0,0,0,0,0,0,0,0,0,0,0,0,0,0,0,0,95747
1,1,1,1,1205,-1941,-1224,-65,-10,55,-36,41,121,0,0,0,0,0,0,0,0,0,0,0,0,0,0,0,0,0,0,0,0,0,0,95757
1,1,1,1,1209,-1942,-1215,-72,6,68,-38,43,122,0,0,0,0,0,0,0,0,0,0,0,0,0,0,0,0,0,0,0,0,0,0,95767
1,1,1,1,1226,-1947,-1208,-75,14,73,-40,42,122,0,0,0,0,0,0,0,0,0,0,0,0,0,0,0,0,0,0,0,0,0,0,95777
1,1,1,1,1220,-1933,-1229,-91,26,85,-39,42,119,0,0,0,0,0,0,0,0,0,0,0,0,0,0,0,0,0,0,0,0,0,0,95787
1,1,1,1,1225,-1923,-1215,-101,12,87,-39,42,119,0,0,0,0,0,0,0,0,0,0,0,0,0,0,0,0,0,0,0,0,0,0,95797
1,1,1,1,1207,-1919,-1259,-95,14,86,-38,43,119,0,0,0,0,0,0,0,0,0,0,0,0,0,0,0,0,0,0,0,0,0,0,95807
1,1,1,1,1201,-1901,-1249,-85,8,79,-36,41,120,0,0,0,0,0,0,0,0,0,0,0,0,0,0,0,0,0,0,0,0,0,0,95817
1,1,1,1,1189,-1872,-1269,-52,-1,69,-39,42,121,0,0,0,0,0,0,0,0,0,0,0,0,0,0,0,0,0,0,0,0,0,0,95827
1,1,1,1,1187,-1885,-1274,-26,-4,52,-39,42,122,0,0,0,0,0,0,0,0,0,0,0,0,0,0,0,0,0,0,0,0,0,0,95837
1,1,1,1,1198,-1917,-1256,-29,-14,25,-41,45,120,0,0,0,0,0,0,0,0,0,0,0,0,0,0,0,0,0,0,0,0,0,0,95847
1,1,1,1,1200,-1877,-1260,-14,-5,11,-38,44,120,0,0,0,0,0,0,0,0,0,0,0,0,0,0,0,0,0,0,0,0,0,0,95857
1,1,1,1,1212,-1874,-1238,12,-19,-4,-38,46,121,0,0,0,0,0,0,0,0,0,0,0,0,0,0,0,0,0,0,0,0,0,0,95867
1,1,1,1,1207,-1887,-1261,25,-28,-22,-36,42,116,0,0,0,0,0,0,0,0,0,0,0,0,0,0,0,0,0,0,0,0,0,0,95877
1,1,1,1,1216,-1892,-1238,28,-47,-27,-37,45,119,0,0,0,0,0,0,0,0,0,0,0,0,0,0,0,0,0,0,0,0,0,0,95887
1,1,1,1,1209,-1934,-1262,27,-56,-31,-36,44,118,0,0,0,0,0,0,0,0,0,0,0,0,0,0,0,0,0,0,0,0,0,0,95897
1,1,1,1,1203,-1952,-1260,27,-59,-12,-37,43,119,0,0,0,0,0,0,0,0,0,0,0,0,0,0,0,0,0,0,0,0,0,0,95907
1,1,1,1,1209,-2006,-1250,-4,-59,22,-41,48,122,0,0,0,0,0,0,0,0,0,0,0,0,0,0,0,0,0,0,0,0,0,0,95917
1,1,1,1,1209,-2052,-1258,-15,-51,32,-38,47,117,0,0,0,0,0,0,0,0,0,0,0,0,0,0,0,0,0,0,0,0,0,0,95927
1,1,1,1,1208,-2056,-1251,-44,-45,61,-36,46,119,0,0,0,0,0,0,0,0,0,0,0,0,0,0,0,0,0,0,0,0,0,0,95937
1,1,1,1,1200,-2123,-1233,-91,-39,93,-34,46,119,0,0,0,0,0,0,0,0,0,0,0,0,0,0,0,0,0,0,0,0,0,0,95947
1,1,1,1,1189,-2126,-1215,-145,-34,129,-34,46,116,0,0,0,0,0,0,0,0,0,0,0,0,0,0,0,0,0,0,0,0,0,0,95957
1,1,1,1,1170,-2087,-1199,-165,-30,156,-37,49,119,0,0,0,0,0,0,0,0,0,0,0,0,0,0,0,0,0,0,0,0,0,0,95967
1,1,1,1,1155,-2053,-1195,-171,-30,177,-38,46,116,0,0,0,0,0,0,0,0,0,0,0,0,0,0,0,0,0,0,0,0,0,0,95977
1,1,1,1,1141,-2026,-1207,-234,-27,203,-38,46,115,0,0,0,0,0,0,0,0,0,0,0,0,0,0,0,0,0,0,0,0,0,0,95987
1,1,1,1,1138,-1973,-1228,-280,-31,216,-37,45,116,0,0,0,0,0,0,0,0,0,0,0,0,0,0,0,0,0,0,0,0,0,0,95997
1,1,1,1,1120,-1894,-1267,-255,-31,206,-38,46,116,0,0,0,0,0,0,0,0,0,0,0,0,0,0,0,0,0,0,0,0,0,0,96007
1,1,1,1,1116,-1879,-1265,-216,-20,181,-37,47,113,0,0,0,0,0,0,0,0,0,0,0,0,0,0,0,0,0,0,0,0,0,0,96017
1,1,1,1,1112,-1857,-1253,-171,-24,144,-36,47,114,0,0,0,0,0,0,0,0,0,0,0,0,0,0,0,0,0,0,0,0,0,0,96027
1,1,1,1,1110,-1843,-1228,-119,-26,114,-34,46,112,0,0,0,0,0,0,0,0,0,0,0,0,0,0,0,0,0,0,0,0,0,0,96037
1,1,1,1,1109,-1878,-1236,-107,-25,89,-34,46,112,0,0,0,0,0,0,0,0,0,0,0,0,0,0,0,0,0,0,0,0,0,0,96047
1,1,1,1,1122,-1884,-1226,-108,-13,72,-35,46,113,0,0,0,0,0,0,0,0,0,0,0,0,0,0,0,0,0,0,0,0,0,0,96057
1,1,1,1,1113,-1860,-1251,-76,-3,56,-36,46,115,0,0,0,0,0,0,0,0,0,0,0,0,0,0,0,0,0,0,0,0,0,0,96067
1,1,1,1,1106,-1867,-1280,-46,11,36,-37,47,114,0,0,0,0,0,0,0,0,0,0,0,0,0,0,0,0,0,0,0,0,0,0,96077
1,1,1,1,1098,-1884,-1318,-56,23,20,-37,47,113,0,0,0,0,0,0,0,0,0,0,0,0,0,0,0,0,0,0,0,0,0,0,96087
1,1,1,1,1097,-1869,-1340,-77,25,10,-34,47,113,0,0,0,0,0,0,0,0,0,0,0,0,0,0,0,0,0,0,0,0,0,0,96097
1,1,1,1,1122,-1873,-1317,-98,19,7,-34,49,117,0,0,0,0,0,0,0,0,0,0,0,0,0,0,0,0,0,0,0,0,0,0,96107
1,1,1,1,1131,-1872,-1331,-91,15,-5,-32,47,115,0,0,0,0,0,0,0,0,0,0,0,0,0,0,0,0,0,0,0,0,0,0,96117
1,1,1,1,1147,-1817,-1347,-60,-1,-12,-31,48,115,0,0,0,0,0,0,0,0,0,0,0,0,0,0,0,0,0,0,0,0,0,0,96127
1,1,1,1,1151,-1820,-1339,-26,-8,-15,-31,48,114,0,0,0,0,0,0,0,0,0,0,0,0,0,0,0,0,0,0,0,0,0,0,96137
1,1,1,1,1157,-1838,-1306,-2,-11,-15,-32,48,112,0,0,0,0,0,0,0,0,0,0,0,0,0,0,0,0,0,0,0,0,0,0,96147
1,1,1,1,1178,-1844,-1273,-14,1,-8,-33,48,112,0,0,0,0,0,0,0,0,0,0,0,0,0,0,0,0,0,0,0,0,0,0,96157
1,1,1,1,1201,-1844,-1228,-38,18,5,-32,48,115,0,0,0,0,0,0,0,0,0,0,0,0,0,0,0,0,0,0,0,0,0,0,96167
1,1,1,1,1214,-1859,-1207,-41,34,12,-33,48,113,0,0,0,0,0,0,0,0,0,0,0,0,0,0,0,0,0,0,0,0,0,0,96177
1,1,1,1,1206,-1855,-1238,-67,44,17,-34,48,114,0,0,0,0,0,0,0,0,0,0,0,0,0,0,0,0,0,0,0,0,0,0,96187
1,1,1,1,1198,-1852,-1275,-91,52,28,-34,48,113,0,0,0,0,0,0,0,0,0,0,0,0,0,0,0,0,0,0,0,0,0,0,96197
1,1,1,1,1206,-1860,-1297,-100,44,39,-36,49,113,0,0,0,0,0,0,0,0,0,0,0,0,0,0,0,0,0,0,0,0,0,0,96207
1,1,1,1,1199,-1835,-1347,-103,27,49,-34,47,111,0,0,0,0,0,0,0,0,0,0,0,0,0,0,0,0,0,0,0,0,0,0,96217
1,1,1,1,1206,-1833,-1355,-60,14,48,-34,46,111,0,0,0,0,0,0,0,0,0,0,0,0,0,0,0,0,0,0,0,0,0,0,96227
1,1,1,1,1226,-1831,-1357,-4,-8,43,-32,47,114,0,0,0,0,0,0,0,0,0,0,0,0,0,0,0,0,0,0,0,0,0,0,96237
1,1,1,1,1245,-1845,-1343,41,-26,44,-32,47,112,0,0,0,0,0,0,0,0,0,0,0,0,0,0,0,0,0,0,0,0,0,0,96247
1,1,1,1,1251,-1876,-1323,62,-45,41,-30,47,112,0,0,0,0,0,0,0,0,0,0,0,0,0,0,0,0,0,0,0,0,0,0,96257
1,1,1,1,1255,-1892,-1301,68,-56,44,-30,48,112,0,0,0,0,0,0,0,0,0,0,0,0,0,0,0,0,0,0,0,0,0,0,96267
1,1,1,1,1257,-1936,-1284,45,-71,46,-30,47,113,0,0,0,0,0,0,0,0,0,0,0,0,0,0,0,0,0,0,0,0,0,0,96277
1,1,1,1,1232,-1964,-1296,-12,-82,45,-32,48,112,0,0,0,0,0,0,0,0,0,0,0,0,0,0,0,0,0,0,0,0,0,0,96287
1,1,1,1,1221,-1940,-1284,-47,-77,47,-33,47,114,0,0,0,0,0,0,0,0,0,0,0,0,0,0,0,0,0,0,0,0,0,0,96297
1,1,1,1,1193,-1937,-1311,-63,-85,46,-33,46,114,0,0,0,0,0,0,0,0,0,0,0,0,0,0,0,0,0,0,0,0,0,0,96307
1,1,1,1,1170,-1946,-1315,-86,-84,49,-32,45,112,0,0,0,0,0,0,0,0,0,0,0,0,0,0,0,0,0,0,0,0,0,0,96317
1,1,1,1,1157,-1939,-1329,-83,-95,41,-31,46,110,0,0,0,0,0,0,0,0,0,0,0,0,0,0,0,0,0,0,0,0,0,0,96327
1,1,1,1,1166,-1886,-1315,-46,-105,34,-31,47,111,0,0,0,0,0,0,0,0,0,0,0,0,0,0,0,0,0,0,0,0,0,0,96337
1,1,1,1,1162,-1867,-1320,-8,-105,31,-31,46,109,0,0,0,0,0,0,0,0,0,0,0,0,0,0,0,0,0,0,0,0,0,0,96347
1,1,1,1,1159,-1878,-1310,8,-106,20,-30,47,109,0,0,0,0,0,0,0,0,0,0,0,0,0,0,0,0,0,0,0,0,0,0,96357
1,1,1,1,1163,-1871,-1301,17,-102,9,-33,47,112,0,0,0,0,0,0,0,0,0,0,0,0,0,0,0,0,0,0,0,0,0,0,96367
1,1,1,1,1166,-1872,-1288,-20,-118,4,-32,46,110,0,0,0,0,0,0,0,0,0,0,0,0,0,0,0,0,0,0,0,0,0,0,96377
1,1,1,1,1145,-1872,-1315,-34,-120,-3,-34,47,107,0,0,0,0,0,0,0,0,0,0,0,0,0,0,0,0,0,0,0,0,0,0,96387
1,1,1,1,1138,-1860,-1317,-17,-109,-1,-32,46,108,0,0,0,0,0,0,0,0,0,0,0,0,0,0,0,0,0,0,0,0,0,0,96397
1,1,1,1,1128,-1899,-1316,-23,-116,-6,-32,45,110,0,0,0,0,0,0,0,0,0,0,0,0,0,0,0,0,0,0,0,0,0,0,96407
1,1,1,1,1115,-1888,-1332,-11,-110,-5,-31,45,110,0,0,0,0,0,0,0,0,0,0,0,0,0,0,0,0,0,0,0,0,0,0,96417
1,1,1,1,1110,-1890,-1337,2,-114,-6,-31,46,110,0,0,0,0,0,0,0,0,0,0,0,0,0,0,0,0,0,0,0,0,0,0,96427
1,1,1,1,1097,-1898,-1347,-4,-111,-8,-30,46,110,0,0,0,0,0,0,0,0,0,0,0,0,0,0,0,0,0,0,0,0,0,0,96437
1,1,1,1,1087,-1893,-1355,-1,-104,-5,-32,47,109,0,0,0,0,0,0,0,0,0,0,0,0,0,0,0,0,0,0,0,0,0,0,96447
1,1,1,1,1090,-1894,-1364,6,-105,-11,-34,48,108,0,0,0,0,0,0,0,0,0,0,0,0,0,0,0,0,0,0,0,0,0,0,96457
1,1,1,1,1108,-1863,-1356,24,-104,-8,-32,47,109,0,0,0,0,0,0,0,0,0,0,0,0,0,0,0,0,0,0,0,0,0,0,96467
1,1,1,1,1134,-1847,-1341,61,-105,-15,-30,44,108,0,0,0,0,0,0,0,0,0,0,0,0,0,0,0,0,0,0,0,0,0,0,96477
1,1,1,1,1139,-1854,-1351,76,-106,-17,-31,44,108,0,0,0,0,0,0,0,0,0,0,0,0,0,0,0,0,0,0,0,0,0,0,96487
1,1,1,1,1134,-1860,-1352,106,-105,-21,-34,46,111,0,0,0,0,0,0,0,0,0,0,0,0,0,0,0,0,0,0,0,0,0,0,96497
1,1,1,1,1123,-1893,-1342,96,-106,-18,-34,48,110,0,0,0,0,0,0,0,0,0,0,0,0,0,0,0,0,0,0,0,0,0,0,96507
1,1,1,1,1116,-1934,-1327,68,-103,-13,-34,49,111,0,0,0,0,0,0,0,0,0,0,0,0,0,0,0,0,0,0,0,0,0,0,96517
1,1,1,1,1092,-1938,-1340,36,-103,-7,-31,47,111,0,0,0,0,0,0,0,0,0,0,0,0,0,0,0,0,0,0,0,0,0,0,96527
1,1,1,1,1084,-1943,-1355,6,-94,-1,-31,48,110,0,0,0,0,0,0,0,0,0,0,0,0,0,0,0,0,0,0,0,0,0,0,96537
1,1,1,1,1086,-1944,-1343,-10,-88,-1,-29,47,112,0,0,0,0,0,0,0,0,0,0,0,0,0,0,0,0,0,0,0,0,0,0,96547
1,1,1,1,1091,-1924,-1336,-12,-89,4,-28,45,109,0,0,0,0,0,0,0,0,0,0,0,0,0,0,0,0,0,0,0,0,0,0,96557
1,1,1,1,1104,-1907,-1324,5,-86,3,-28,48,107,0,0,0,0,0,0,0,0,0,0,0,0,0,0,0,0,0,0,0,0,0,0,96567
1,1,1,1,1107,-1896,-1322,21,-79,0,-28,47,107,0,0,0,0,0,0,0,0,0,0,0,0,0,0,0,0,0,0,0,0,0,0,96577
1,1,1,1,1105,-1895,-1318,56,-82,-15,-30,48,107,0,0,0,0,0,0,0,0,0,0,0,0,0,0,0,0,0,0,0,0,0,0,96587
1,1,1,1,1093,-1900,-1313,85,-79,-25,-30,49,113,0,0,0,0,0,0,0,0,0,0,0,0,0,0,0,0,0,0,0,0,0,0,96597
1,1,1,1,1083,-1931,-1319,83,-81,-29,-29,48,108,0,0,0,0,0,0,0,0,0,0,0,0,0,0,0,0,0,0,0,0,0,0,96607
1,1,1,1,1068,-1943,-1336,76,-69,-36,-31,49,106,0,0,0,0,0,0,0,0,0,0,0,0,0,0,0,0,0,0,0,0,0,0,96617
1,1,1,1,1083,-1950,-1312,71,-60,-28,-29,49,105,0,0,0,0,0,0,0,0,0,0,0,0,0,0,0,0,0,0,0,0,0,0,96627
1,1,1,1,1087,-1987,-1332,25,-61,-18,-28,48,106,0,0,0,0,0,0,0,0,0,0,0,0,0,0,0,0,0,0,0,0,0,0,96637
1,1,1,1,1099,-1984,-1339,-12,-45,-5,-29,49,106,0,0,0,0,0,0,0,0,0,0,0,0,0,0,0,0,0,0,0,0,0,0,96647
1,1,1,1,1091,-1985,-1347,-40,-42,6,-28,48,103,0,0,0,0,0,0,0,0,0,0,0,0,0,0,0,0,0,0,0,0,0,0,96657
1,1,1,1,1087,-1971,-1347,-61,-32,20,-27,48,104,0,0,0,0,0,0,0,0,0,0,0,0,0,0,0,0,0,0,0,0,0,0,96667
1,1,1,1,1091,-1944,-1344,-46,-20,28,-28,48,101,0,0,0,0,0,0,0,0,0,0,0,0,0,0,0,0,0,0,0,0,0,0,96677
1,1,1,1,1110,-1918,-1320,-13,-13,39,-29,47,102,0,0,0,0,0,0,0,0,0,0,0,0,0,0,0,0,0,0,0,0,0,0,96687
1,1,1,1,1105,-1907,-1329,10,-6,43,-27,48,101,0,0,0,0,0,0,0,0,0,0,0,0,0,0,0,0,0,0,0,0,0,0,96697
1,1,1,1,1099,-1891,-1334,27,3,41,-26,48,102,0,0,0,0,0,0,0,0,0,0,0,0,0,0,0,0,0,0,0,0,0,0,96707
1,1,1,1,1095,-1879,-1326,52,7,34,-27,47,102,0,0,0,0,0,0,0,0,0,0,0,0,0,0,0,0,0,0,0,0,0,0,96717
1,1,1,1,1097,-1864,-1327,65,7,27,-27,47,104,0,0,0,0,0,0,0,0,0,0,0,0,0,0,0,0,0,0,0,0,0,0,96727
1,1,1,1,1102,-1899,-1326,48,13,17,-28,47,105,0,0,0,0,0,0,0,0,0,0,0,0,0,0,0,0,0,0,0,0,0,0,96737
1,1,1,1,1098,-1912,-1351,17,35,8,-30,46,107,0,0,0,0,0,0,0,0,0,0,0,0,0,0,0,0,0,0,0,0,0,0,96747
1,1,1,1,1123,-1900,-1345,-17,50,7,-32,46,107,0,0,0,0,0,0,0,0,0,0,0,0,0,0,0,0,0,0,0,0,0,0,96757
1,1,1,1,1132,-1912,-1359,-46,61,9,-32,42,104,0,0,0,0,0,0,0,0,0,0,0,0,0,0,0,0,0,0,0,0,0,0,96767
1,1,1,1,1131,-1903,-1377,-55,76,16,-33,46,107,0,0,0,0,0,0,0,0,0,0,0,0,0,0,0,0,0,0,0,0,0,0,96777
1,1,1,1,1132,-1894,-1374,-25,75,10,-32,44,105,0,0,0,0,0,0,0,0,0,0,0,0,0,0,0,0,0,0,0,0,0,0,96787
1,1,1,1,1128,-1879,-1381,6,67,9,-33,47,105,0,0,0,0,0,0,0,0,0,0,0,0,0,0,0,0,0,0,0,0,0,0,96797
1,1,1,1,1119,-1884,-1378,35,67,6,-33,46,106,0,0,0,0,0,0,0,0,0,0,0,0,0,0,0,0,0,0,0,0,0,0,96807
1,1,1,1,1110,-1875,-1378,68,62,1,-33,46,104,0,0,0,0,0,0,0,0,0,0,0,0,0,0,0,0,0,0,0,0,0,0,96817
1,1,1,1,1115,-1874,-1351,99,49,-5,-33,45,103,0,0,0,0,0,0,0,0,0,0,0,0,0,0,0,0,0,0,0,0,0,0,96827
1,1,1,1,1128,-1887,-1315,99,34,-10,-32,44,105,0,0,0,0,0,0,0,0,0,0,0,0,0,0,0,0,0,0,0,0,0,0,96837
1,1,1,1,1122,-1919,-1326,70,30,-14,-30,46,104,0,0,0,0,0,0,0,0,0,0,0,0,0,0,0,0,0,0,0,0,0,0,96847
1,1,1,1,1130,-1911,-1318,63,27,-13,-29,45,105,0,0,0,0,0,0,0,0,0,0,0,0,0,0,0,0,0,0,0,0,0,0,96857
1,1,1,1,1136,-1921,-1317,62,33,-6,-26,44,104,0,0,0,0,0,0,0,0,0,0,0,0,0,0,0,0,0,0,0,0,0,0,96867
1,1,1,1,1147,-1942,-1314,49,35,-3,-28,44,106,0,0,0,0,0,0,0,0,0,0,0,0,0,0,0,0,0,0,0,0,0,0,96877
1,1,1,1,1147,-1929,-1331,58,44,4,-29,44,106,0,0,0,0,0,0,0,0,0,0,0,0,0,0,0,0,0,0,0,0,0,0,96887
1,1,1,1,1153,-1925,-1330,54,46,17,-30,43,107,0,0,0,0,0,0,0,0,0,0,0,0,0,0,0,0,0,0,0,0,0,0,96897
1,1,1,1,1137,-1926,-1348,34,50,26,-31,43,107,0,0,0,0,0,0,0,0,0,0,0,0,0,0,0,0,0,0,0,0,0,0,96907
1,1,1,1,1138,-1912,-1350,36,54,31,-32,43,105,0,0,0,0,0,0,0,0,0,0,0,0,0,0,0,0,0,0,0,0,0,0,96917
1,1,1,1,1139,-1913,-1351,24,43,29,-29,43,107,0,0,0,0,0,0,0,0,0,0,0,0,0,0,0,0,0,0,0,0,0,0,96927
1,1,1,1,1130,-1913,-1347,19,42,16,-29,43,104,0,0,0,0,0,0,0,0,0,0,0,0,0,0,0,0,0,0,0,0,0,0,96937
1,1,1,1,1127,-1897,-1342,22,41,7,-31,44,106,0,0,0,0,0,0,0,0,0,0,0,0,0,0,0,0,0,0,0,0,0,0,96947
1,1,1,1,1155,-1898,-1318,39,47,1,-32,45,105,0,0,0,0,0,0,0,0,0,0,0,0,0,0,0,0,0,0,0,0,0,0,96957
1,1,1,1,1157,-1903,-1298,46,42,-1,-30,44,106,0,0,0,0,0,0,0,0,0,0,0,0,0,0,0,0,0,0,0,0,0,0,96967
1,1,1,1,1147,-1921,-1286,62,39,-10,-30,44,105,0,0,0,0,0,0,0,0,0,0,0,0,0,0,0,0,0,0,0,0,0,0,96977
1,1,1,1,1127,-1939,-1293,71,30,-17,-34,43,103,0,0,0,0,0,0,0,0,0,0,0,0,0,0,0,0,0,0,0,0,0,0,96987
1,1,1,1,1097,-1950,-1323,82,28,-21,-33,43,105,0,0,0,0,0,0,0,0,0,0,0,0,0,0,0,0,0,0,0,0,0,0,96997
1,1,1,1,1100,-1958,-1315,68,11,-25,-32,44,106,0,0,0,0,0,0,0,0,0,0,0,0,0,0,0,0,0,0,0,0,0,0,97007
1,1,1,1,1113,-1971,-1287,73,4,-37,-31,43,106,0,0,0,0,0,0,0,0,0,0,0,0,0,0,0,0,0,0,0,0,0,0,97017
1,1,1,1,1131,-1975,-1276,71,-4,-41,-30,44,103,0,0,0,0,0,0,0,0,0,0,0,0,0,0,0,0,0,0,0,0,0,0,97027
1,1,1,1,1140,-1992,-1286,43,-10,-36,-31,44,108,0,0,0,0,0,0,0,0,0,0,0,0,0,0,0,0,0,0,0,0,0,0,97037
1,1,1,1,1142,-1985,-1299,28,-17,-28,-33,44,107,0,0,0,0,0,0,0,0,0,0,0,0,0,0,0,0,0,0,0,0,0,0,97047
1,1,1,1,1134,-1982,-1314,9,-18,-14,-34,47,110,0,0,0,0,0,0,0,0,0,0,0,0,0,0,0,0,0,0,0,0,0,0,97057
1,1,1,1,1132,-1982,-1311,-8,-15,-2,-32,43,106,0,0,0,0,0,0,0,0,0,0,0,0,0,0,0,0,0,0,0,0,0,0,97067
1,1,1,1,1119,-1959,-1312,-15,-12,1,-32,45,105,0,0,0,0,0,0,0,0,0,0,0,0,0,0,0,0,0,0,0,0,0,0,97077
1,1,1,1,1121,-1947,-1287,-16,5,7,-29,44,106,0,0,0,0,0,0,0,0,0,0,0,0,0,0,0,0,0,0,0,0,0,0,97087
1,1,1,1,1128,-1946,-1262,-23,-1,-3,-29,45,105,0,0,0,0,0,0,0,0,0,0,0,0,0,0,0,0,0,0,0,0,0,0,97097
1,1,1,1,1114,-1925,-1277,-13,-4,-14,-29,46,107,0,0,0,0,0,0,0,0,0,0,0,0,0,0,0,0,0,0,0,0,0,0,97107
1,1,1,1,1118,-1911,-1276,8,1,-21,-29,47,107,0,0,0,0,0,0,0,0,0,0,0,0,0,0,0,0,0,0,0,0,0,0,97117
1,1,1,1,1124,-1912,-1266,12,1,-25,-31,46,108,0,0,0,0,0,0,0,0,0,0,0,0,0,0,0,0,0,0,0,0,0,0,97127
1,1,1,1,1131,-1901,-1301,3,-3,-29,-30,46,107,0,0,0,0,0,0,0,0,0,0,0,0,0,0,0,0,0,0,0,0,0,0,97137
1,1,1,1,1147,-1888,-1308,-1,6,-18,-30,47,108,0,0,0,0,0,0,0,0,0,0,0,0,0,0,0,0,0,0,0,0,0,0,97147
1,1,1,1,1169,-1883,-1341,-16,6,-1,-28,43,103,0,0,0,0,0,0,0,0,0,0,0,0,0,0,0,0,0,0,0,0,0,0,97157
1,1,1,1,1182,-1871,-1344,-15,8,12,-28,44,105,0,0,0,0,0,0,0,0,0,0,0,0,0,0,0,0,0,0,0,0,0,0,97167
1,1,1,1,1186,-1861,-1357,-12,-3,18,-29,45,107,0,0,0,0,0,0,0,0,0,0,0,0,0,0,0,0,0,0,0,0,0,0,97177
1,1,1,1,1190,-1856,-1361,2,-20,19,-31,46,105,0,0,0,0,0,0,0,0,0,0,0,0,0,0,0,0,0,0,0,0,0,0,97187
1,1,1,1,1198,-1859,-1350,12,-34,27,-28,45,106,0,0,0,0,0,0,0,0,0,0,0,0,0,0,0,0,0,0,0,0,0,0,97197
1,1,1,1,1182,-1878,-1354,9,-38,31,-32,46,106,0,0,0,0,0,0,0,0,0,0,0,0,0,0,0,0,0,0,0,0,0,0,97207
1,1,1,1,1166,-1879,-1335,13,-52,33,-30,45,106,0,0,0,0,0,0,0,0,0,0,0,0,0,0,0,0,0,0,0,0,0,0,97217
1,1,1,1,1150,-1901,-1314,30,-59,30,-31,46,103,0,0,0,0,0,0,0,0,0,0,0,0,0,0,0,0,0,0,0,0,0,0,97227
1,1,1,1,1135,-1928,-1318,28,-54,23,-29,47,106,0,0,0,0,0,0,0,0,0,0,0,0,0,0,0,0,0,0,0,0,0,0,97237
1,1,1,1,1128,-1946,-1308,37,-52,13,-28,47,106,0,0,0,0,0,0,0,0,0,0,0,0,0,0,0,0,0,0,0,0,0,0,97247
1,1,1,1,1125,-1959,-1302,32,-45,3,-30,46,102,0,0,0,0,0,0,0,0,0,0,0,0,0,0,0,0,0,0,0,0,0,0,97257
1,1,1,1,1124,-1971,-1303,38,-36,-5,-30,46,104,0,0,0,0,0,0,0,0,0,0,0,0,0,0,0,0,0,0,0,0,0,0,97267
1,1,1,1,1120,-1983,-1310,36,-26,-8,-31,46,101,0,0,0,0,0,0,0,0,0,0,0,0,0,0,0,0,0,0,0,0,0,0,97277
1,1,1,1,1125,-1998,-1305,-5,-23,-1,-30,46,102,0,0,0,0,0,0,0,0,0,0,0,0,0,0,0,0,0,0,0,0,0,0,97287
1,1,1,1,1134,-2005,-1288,-52,-28,11,-29,46,101,0,0,0,0,0,0,0,0,0,0,0,0,0,0,0,0,0,0,0,0,0,0,97297
1,1,1,1,1120,-2005,-1288,-58,-35,10,-29,46,101,0,0,0,0,0,0,0,0,0,0,0,0,0,0,0,0,0,0,0,0,0,0,97307
1,1,1,1,1113,-1974,-1306,-47,-31,20,-29,46,100,0,0,0,0,0,0,0,0,0,0,0,0,0,0,0,0,0,0,0,0,0,0,97317
1,1,1,1,1111,-1962,-1307,-32,-32,23,-29,45,100,0,0,0,0,0,0,0,0,0,0,0,0,0,0,0,0,0,0,0,0,0,0,97327
1,1,1,1,1106,-1952,-1304,-31,-39,26,-27,45,101,0,0,0,0,0,0,0,0,0,0,0,0,0,0,0,0,0,0,0,0,0,0,97337
1,1,1,1,1094,-1951,-1305,-28,-39,24,-28,45,104,0,0,0,0,0,0,0,0,0,0,0,0,0,0,0,0,0,0,0,0,0,0,97347
1,1,1,1,1079,-1935,-1322,-8,-28,15,-33,49,104,0,0,0,0,0,0,0,0,0,0,0,0,0,0,0,0,0,0,0,0,0,0,97357
1,1,1,1,1091,-1939,-1307,-24,-26,10,-31,44,101,0,0,0,0,0,0,0,0,0,0,0,0,0,0,0,0,0,0,0,0,0,0,97367
1,1,1,1,1112,-1935,-1296,-39,-21,4,-30,46,101,0,0,0,0,0,0,0,0,0,0,0,0,0,0,0,0,0,0,0,0,0,0,97377
1,1,1,1,1130,-1918,-1281,-34,-9,0,-29,47,104,0,0,0,0,0,0,0,0,0,0,0,0,0,0,0,0,0,0,0,0,0,0,97387
1,1,1,1,1141,-1930,-1284,-44,-12,-3,-31,48,105,0,0,0,0,0,0,0,0,0,0,0,0,0,0,0,0,0,0,0,0,0,0,97397
1,1,1,1,1134,-1919,-1296,-33,-7,-3,-33,49,105,0,0,0,0,0,0,0,0,0,0,0,0,0,0,0,0,0,0,0,0,0,0,97407
1,1,1,1,1136,-1924,-1303,-42,-4,-1,-30,45,106,0,0,0,0,0,0,0,0,0,0,0,0,0,0,0,0,0,0,0,0,0,0,97417
1,1,1,1,1129,-1918,-1312,-68,-9,10,-34,48,105,0,0,0,0,0,0,0,0,0,0,0,0,0,0,0,0,0,0,0,0,0,0,97427
1,1,1,1,1106,-1898,-1345,-76,-2,19,-29,45,105,0,0,0,0,0,0,0,0,0,0,0,0,0,0,0,0,0,0,0,0,0,0,97437
1,1,1,1,1093,-1884,-1347,-52,-7,12,-31,46,104,0,0,0,0,0,0,0,0,0,0,0,0,0,0,0,0,0,0,0,0,0,0,97447
1,1,1,1,1093,-1870,-1338,-27,-14,2,-29,45,102,0,0,0,0,0,0,0,0,0,0,0,0,0,0,0,0,0,0,0,0,0,0,97457
1,1,1,1,1100,-1863,-1338,-13,-22,-9,-28,45,104,0,0,0,0,0,0,0,0,0,0,0,0,0,0,0,0,0,0,0,0,0,0,97467
1,1,1,1,1116,-1863,-1328,-5,-27,-20,-27,46,105,0,0,0,0,0,0,0,0,0,0,0,0,0,0,0,0,0,0,0,0,0,0,97477
1,1,1,1,1132,-1859,-1314,-2,-37,-29,-26,44,104,0,0,0,0,0,0,0,0,0,0,0,0,0,0,0,0,0,0,0,0,0,0,97487
1,1,1,1,1159,-1874,-1298,-12,-39,-30,-28,46,105,0,0,0,0,0,0,0,0,0,0,0,0,0,0,0,0,0,0,0,0,0,0,97497
1,1,1,1,1182,-1888,-1316,-46,-28,-16,-28,45,103,0,0,0,0,0,0,0,0,0,0,0,0,0,0,0,0,0,0,0,0,0,0,97507
1,1,1,1,1177,-1900,-1345,-65,-26,-4,-27,45,104,0,0,0,0,0,0,0,0,0,0,0,0,0,0,0,0,0,0,0,0,0,0,97517
1,1,1,1,1168,-1905,-1364,-53,-20,5,-28,45,103,0,0,0,0,0,0,0,0,0,0,0,0,0,0,0,0,0,0,0,0,0,0,97527
1,1,1,1,1154,-1895,-1375,-9,-17,12,-29,45,100,0,0,0,0,0,0,0,0,0,0,0,0,0,0,0,0,0,0,0,0,0,0,97537
1,1,1,1,1132,-1911,-1387,9,-20,20,-27,45,101,0,0,0,0,0,0,0,0,0,0,0,0,0,0,0,0,0,0,0,0,0,0,97547
1,1,1,1,1114,-1913,-1373,14,-22,21,-25,45,100,0,0,0,0,0,0,0,0,0,0,0,0,0,0,0,0,0,0,0,0,0,0,97557
1,1,1,1,1111,-1907,-1360,37,-28,19,-25,44,101,0,0,0,0,0,0,0,0,0,0,0,0,0,0,0,0,0,0,0,0,0,0,97567
1,1,1,1,1109,-1939,-1345,0,-27,28,-28,44,101,0,0,0,0,0,0,0,0,0,0,0,0,0,0,0,0,0,0,0,0,0,0,97577
1,1,1,1,1103,-1944,-1353,-37,-19,35,-28,45,101,0,0,0,0,0,0,0,0,0,0,0,0,0,0,0,0,0,0,0,0,0,0,97587
1,1,1,1,1104,-1931,-1353,-44,-20,37,-28,45,100,0,0,0,0,0,0,0,0,0,0,0,0,0,0,0,0,0,0,0,0,0,0,97597
1,1,1,1,1108,-1937,-1335,-47,-12,41,-30,44,102,0,0,0,0,0,0,0,0,0,0,0,0,0,0,0,0,0,0,0,0,0,0,97607
1,1,1,1,1106,-1950,-1334,-77,0,56,-28,44,101,0,0,0,0,0,0,0,0,0,0,0,0,0,0,0,0,0,0,0,0,0,0,97617
1,1,1,1,1095,-1939,-1347,-79,4,53,-28,45,102,0,0,0,0,0,0,0,0,0,0,0,0,0,0,0,0,0,0,0,0,0,0,97627
1,1,1,1,1092,-1905,-1330,-39,7,47,-28,45,101,0,0,0,0,0,0,0,0,0,0,0,0,0,0,0,0,0,0,0,0,0,0,97637
1,1,1,1,1085,-1921,-1345,-54,19,58,-28,45,102,0,0,0,0,0,0,0,0,0,0,0,0,0,0,0,0,0,0,0,0,0,0,97647
1,1,1,1,1078,-1949,-1353,-89,30,61,-28,45,102,0,0,0,0,0,0,0,0,0,0,0,0,0,0,0,0,0,0,0,0,0,0,97657
1,1,1,1,1068,-1912,-1353,-64,38,50,-29,45,103,0,0,0,0,0,0,0,0,0,0,0,0,0,0,0,0,0,0,0,0,0,0,97667
1,1,1,1,1065,-1917,-1361,-58,53,53,-32,48,103,0,0,0,0,0,0,0,0,0,0,0,0,0,0,0,0,0,0,0,0,0,0,97677
1,1,1,1,1058,-1933,-1367,-86,63,57,-30,45,103,0,0,0,0,0,0,0,0,0,0,0,0,0,0,0,0,0,0,0,0,0,0,97687
1,1,1,1,1060,-1910,-1356,-62,66,41,-29,44,104,0,0,0,0,0,0,0,0,0,0,0,0,0,0,0,0,0,0,0,0,0,0,97697
1,1,1,1,1071,-1885,-1345,-35,69,35,-30,44,102,0,0,0,0,0,0,0,0,0,0,0,0,0,0,0,0,0,0,0,0,0,0,97707
1,1,1,1,1077,-1894,-1332,-41,70,38,-32,47,104,0,0,0,0,0,0,0,0,0,0,0,0,0,0,0,0,0,0,0,0,0,0,97717
1,1,1,1,1069,-1896,-1371,-37,79,39,-33,46,104,0,0,0,0,0,0,0,0,0,0,0,0,0,0,0,0,0,0,0,0,0,0,97727
1,1,1,1,1081,-1910,-1365,-48,91,46,-32,44,102,0,0,0,0,0,0,0,0,0,0,0,0,0,0,0,0,0,0,0,0,0,0,97737
1,1,1,1,1085,-1899,-1364,-53,101,62,-31,44,104,0,0,0,0,0,0,0,0,0,0,0,0,0,0,0,0,0,0,0,0,0,0,97747
1,1,1,1,1092,-1915,-1362,-95,103,77,-29,43,104,0,0,0,0,0,0,0,0,0,0,0,0,0,0,0,0,0,0,0,0,0,0,97757
1,1,1,1,1077,-1938,-1360,-120,119,83,-29,43,102,0,0,0,0,0,0,0,0,0,0,0,0,0,0,0,0,0,0,0,0,0,0,97767
1,1,1,1,1069,-1916,-1344,-118,126,89,-28,43,101,0,0,0,0,0,0,0,0,0,0,0,0,0,0,0,0,0,0,0,0,0,0,97777
1,1,1,1,1078,-1905,-1325,-110,138,94,-27,42,103,0,0,0,0,0,0,0,0,0,0,0,0,0,0,0,0,0,0,0,0,0,0,97787
1,1,1,1,1083,-1898,-1332,-96,152,99,-28,43,104,0,0,0,0,0,0,0,0,0,0,0,0,0,0,0,0,0,0,0,0,0,0,97797
1,1,1,1,1081,-1892,-1337,-51,166,93,-29,43,101,0,0,0,0,0,0,0,0,0,0,0,0,0,0,0,0,0,0,0,0,0,0,97807
1,1,1,1,1093,-1865,-1336,-21,168,99,-29,43,101,0,0,0,0,0,0,0,0,0,0,0,0,0,0,0,0,0,0,0,0,0,0,97817
1,1,1,1,1088,-1885,-1359,-32,171,106,-29,42,101,0,0,0,0,0,0,0,0,0,0,0,0,0,0,0,0,0,0,0,0,0,0,97827
1,1,1,1,1094,-1869,-1354,-9,168,101,-28,42,101,0,0,0,0,0,0,0,0,0,0,0,0,0,0,0,0,0,0,0,0,0,0,97837
1,1,1,1,1103,-1845,-1355,14,170,105,-27,42,100,0,0,0,0,0,0,0,0,0,0,0,0,0,0,0,0,0,0,0,0,0,0,97847
1,1,1,1,1111,-1881,-1360,-36,163,116,-27,43,103,0,0,0,0,0,0,0,0,0,0,0,0,0,0,0,0,0,0,0,0,0,0,97857
1,1,1,1,1101,-1922,-1363,-75,175,119,-28,41,101,0,0,0,0,0,0,0,0,0,0,0,0,0,0,0,0,0,0,0,0,0,0,97867
1,1,1,1,1103,-1892,-1360,-62,178,126,-26,41,101,0,0,0,0,0,0,0,0,0,0,0,0,0,0,0,0,0,0,0,0,0,0,97877
1,1,1,1,1099,-1912,-1357,-55,186,131,-28,41,100,0,0,0,0,0,0,0,0,0,0,0,0,0,0,0,0,0,0,0,0,0,0,97887
1,1,1,1,1094,-1923,-1357,-63,200,142,-26,41,101,0,0,0,0,0,0,0,0,0,0,0,0,0,0,0,0,0,0,0,0,0,0,97897
1,1,1,1,1104,-1904,-1351,-34,202,136,-27,42,104,0,0,0,0,0,0,0,0,0,0,0,0,0,0,0,0,0,0,0,0,0,0,97907
1,1,1,1,1103,-1904,-1352,-13,195,129,-26,43,102,0,0,0,0,0,0,0,0,0,0,0,0,0,0,0,0,0,0,0,0,0,0,97917
1,1,1,1,1122,-1873,-1304,-10,211,142,-26,42,100,0,0,0,0,0,0,0,0,0,0,0,0,0,0,0,0,0,0,0,0,0,0,97927
1,1,1,1,1126,-1912,-1289,-18,206,134,-25,43,98,0,0,0,0,0,0,0,0,0,0,0,0,0,0,0,0,0,0,0,0,0,0,97937
1,1,1,1,1101,-1881,-1328,-4,208,128,-26,42,99,0,0,0,0,0,0,0,0,0,0,0,0,0,0,0,0,0,0,0,0,0,0,97947
1,1,1,1,1108,-1888,-1316,7,213,126,-26,41,99,0,0,0,0,0,0,0,0,0,0,0,0,0,0,0,0,0,0,0,0,0,0,97957
1,1,1,1,1099,-1878,-1332,23,217,120,-27,41,101,0,0,0,0,0,0,0,0,0,0,0,0,0,0,0,0,0,0,0,0,0,0,97967
1,1,1,1,1092,-1878,-1354,23,218,119,-28,41,99,0,0,0,0,0,0,0,0,0,0,0,0,0,0,0,0,0,0,0,0,0,0,97977
1,1,1,1,1100,-1895,-1337,30,221,115,-29,46,100,0,0,0,0,0,0,0,0,0,0,0,0,0,0,0,0,0,0,0,0,0,0,97987
1,1,1,1,1103,-1881,-1340,57,220,110,-25,40,99,0,0,0,0,0,0,0,0,0,0,0,0,0,0,0,0,0,0,0,0,0,0,97997
1,1,1,1,1118,-1886,-1327,82,212,114,-28,44,101,0,0,0,0,0,0,0,0,0,0,0,0,0,0,0,0,0,0,0,0,0,0,98007
1,1,1,1,1138,-1901,-1297,108,210,125,-30,44,102,0,0,0,0,0,0,0,0,0,0,0,0,0,0,0,0,0,0,0,0,0,0,98017
1,1,1,1,1147,-1944,-1294,49,194,161,-28,42,102,0,0,0,0,0,0,0,0,0,0,0,0,0,0,0,0,0,0,0,0,0,0,98027
1,1,1,1,1166,-1967,-1283,7,203,184,-29,40,101,0,0,0,0,0,0,0,0,0,0,0,0,0,0,0,0,0,0,0,0,0,0,98037
1,1,1,1,1190,-1977,-1276,-25,212,206,-28,41,101,0,0,0,0,0,0,0,0,0,0,0,0,0,0,0,0,0,0,0,0,0,0,98047
1,1,1,1,1192,-1963,-1289,-63,211,221,-28,42,98,0,0,0,0,0,0,0,0,0,0,0,0,0,0,0,0,0,0,0,0,0,0,98057
1,1,1,1,1227,-1931,-1262,-64,199,228,-28,42,101,0,0,0,0,0,0,0,0,0,0,0,0,0,0,0,0,0,0,0,0,0,0,98067
1,1,1,1,1229,-1911,-1281,-46,184,222,-26,40,99,0,0,0,0,0,0,0,0,0,0,0,0,0,0,0,0,0,0,0,0,0,0,98077
1,1,1,1,1211,-1904,-1290,0,166,199,-27,41,101,0,0,0,0,0,0,0,0,0,0,0,0,0,0,0,0,0,0,0,0,0,0,98087
1,1,1,1,1177,-1920,-1306,41,160,167,-28,39,102,0,0,0,0,0,0,0,0,0,0,0,0,0,0,0,0,0,0,0,0,0,0,98097
1,1,1,1,1147,-1930,-1308,88,145,122,-28,39,100,0,0,0,0,0,0,0,0,0,0,0,0,0,0,0,0,0,0,0,0,0,0,98107
1,1,1,1,1141,-1914,-1286,150,130,88,-27,39,100,0,0,0,0,0,0,0,0,0,0,0,0,0,0,0,0,0,0,0,0,0,0,98117
1,1,1,1,1146,-1968,-1261,164,134,74,-28,39,102,0,0,0,0,0,0,0,0,0,0,0,0,0,0,0,0,0,0,0,0,0,0,98127
1,1,1,1,1150,-2013,-1242,138,127,48,-28,39,100,0,0,0,0,0,0,0,0,0,0,0,0,0,0,0,0,0,0,0,0,0,0,98137
1,1,1,1,1165,-1990,-1230,121,115,43,-28,40,101,0,0,0,0,0,0,0,0,0,0,0,0,0,0,0,0,0,0,0,0,0,0,98147
1,1,1,1,1167,-2008,-1241,88,99,42,-29,39,102,0,0,0,0,0,0,0,0,0,0,0,0,0,0,0,0,0,0,0,0,0,0,98157
1,1,1,1,1156,-2031,-1254,18,71,45,-28,39,102,0,0,0,0,0,0,0,0,0,0,0,0,0,0,0,0,0,0,0,0,0,0,98167
1,1,1,1,1147,-2008,-1248,30,52,30,-31,39,104,0,0,0,0,0,0,0,0,0,0,0,0,0,0,0,0,0,0,0,0,0,0,98177
1,1,1,1,1157,-1971,-1253,80,24,15,-31,40,104,0,0,0,0,0,0,0,0,0,0,0,0,0,0,0,0,0,0,0,0,0,0,98187
1,1,1,1,1167,-1977,-1247,100,1,0,-28,40,106,0,0,0,0,0,0,0,0,0,0,0,0,0,0,0,0,0,0,0,0,0,0,98197
1,1,1,1,1172,-1973,-1239,114,-4,-16,-29,41,105,0,0,0,0,0,0,0,0,0,0,0,0,0,0,0,0,0,0,0,0,0,0,98207
1,1,1,1,1191,-1968,-1213,107,-22,-26,-29,41,107,0,0,0,0,0,0,0,0,0,0,0,0,0,0,0,0,0,0,0,0,0,0,98217
1,1,1,1,1188,-1970,-1214,77,-30,-35,-29,41,106,0,0,0,0,0,0,0,0,0,0,0,0,0,0,0,0,0,0,0,0,0,0,98227
1,1,1,1,1170,-1964,-1236,60,-32,-42,-27,40,104,0,0,0,0,0,0,0,0,0,0,0,0,0,0,0,0,0,0,0,0,0,0,98237
1,1,1,1,1150,-1952,-1243,64,-34,-54,-29,40,109,0,0,0,0,0,0,0,0,0,0,0,0,0,0,0,0,0,0,0,0,0,0,98247
1,1,1,1,1147,-1976,-1239,45,-37,-54,-29,40,106,0,0,0,0,0,0,0,0,0,0,0,0,0,0,0,0,0,0,0,0,0,0,98257
1,1,1,1,1138,-2000,-1240,22,-39,-59,-32,41,108,0,0,0,0,0,0,0,0,0,0,0,0,0,0,0,0,0,0,0,0,0,0,98267
1,1,1,1,1126,-1984,-1247,36,-39,-60,-31,39,107,0,0,0,0,0,0,0,0,0,0,0,0,0,0,0,0,0,0,0,0,0,0,98277
1,1,1,1,1131,-1974,-1234,67,-45,-60,-31,43,107,0,0,0,0,0,0,0,0,0,0,0,0,0,0,0,0,0,0,0,0,0,0,98287
1,1,1,1,1127,-1985,-1224,68,-53,-54,-30,39,106,0,0,0,0,0,0,0,0,0,0,0,0,0,0,0,0,0,0,0,0,0,0,98297
1,1,1,1,1121,-1996,-1232,52,-52,-43,-33,43,111,0,0,0,0,0,0,0,0,0,0,0,0,0,0,0,0,0,0,0,0,0,0,98307
1,1,1,1,1115,-1995,-1224,62,-57,-39,-34,44,111,0,0,0,0,0,0,0,0,0,0,0,0,0,0,0,0,0,0,0,0,0,0,98317
1,1,1,1,1101,-1995,-1251,57,-57,-36,-33,42,109,0,0,0,0,0,0,0,0,0,0,0,0,0,0,0,0,0,0,0,0,0,0,98327
1,1,1,1,1114,-1976,-1238,25,-56,-22,-33,43,109,0,0,0,0,0,0,0,0,0,0,0,0,0,0,0,0,0,0,0,0,0,0,98337
1,1,1,1,1116,-1972,-1255,3,-59,-23,-30,41,109,0,0,0,0,0,0,0,0,0,0,0,0,0,0,0,0,0,0,0,0,0,0,98347
1,1,1,1,1112,-1952,-1267,12,-61,-33,-29,40,107,0,0,0,0,0,0,0,0,0,0,0,0,0,0,0,0,0,0,0,0,0,0,98357
1,1,1,1,1118,-1939,-1265,45,-57,-41,-31,44,109,0,0,0,0,0,0,0,0,0,0,0,0,0,0,0,0,0,0,0,0,0,0,98367
1,1,1,1,1123,-1932,-1268,84,-52,-49,-30,42,107,0,0,0,0,0,0,0,0,0,0,0,0,0,0,0,0,0,0,0,0,0,0,98377
1,1,1,1,1130,-1938,-1261,110,-51,-58,-29,42,109,0,0,0,0,0,0,0,0,0,0,0,0,0,0,0,0,0,0,0,0,0,0,98387
1,1,1,1,1134,-1935,-1248,161,-51,-66,-27,43,111,0,0,0,0,0,0,0,0,0,0,0,0,0,0,0,0,0,0,0,0,0,0,98397
1,1,1,1,1121,-1944,-1250,211,-40,-65,-31,43,111,0,0,0,0,0,0,0,0,0,0,0,0,0,0,0,0,0,0,0,0,0,0,98407
1,1,1,1,1126,-1987,-1224,194,-39,-48,-30,43,112,0,0,0,0,0,0,0,0,0,0,0,0,0,0,0,0,0,0,0,0,0,0,98417
1,1,1,1,1118,-2031,-1240,127,-34,-27,-30,43,111,0,0,0,0,0,0,0,0,0,0,0,0,0,0,0,0,0,0,0,0,0,0,98427
1,1,1,1,1102,-2046,-1234,82,-22,-15,-29,43,109,0,0,0,0,0,0,0,0,0,0,0,0,0,0,0,0,0,0,0,0,0,0,98437
1,1,1,1,1089,-2028,-1238,67,-23,-2,-28,43,110,0,0,0,0,0,0,0,0,0,0,0,0,0,0,0,0,0,0,0,0,0,0,98447
1,1,1,1,1085,-2016,-1238,95,-15,3,-28,44,110,0,0,0,0,0,0,0,0,0,0,0,0,0,0,0,0,0,0,0,0,0,0,98457
1,1,1,1,1097,-2004,-1224,124,-15,14,-27,43,108,0,0,0,0,0,0,0,0,0,0,0,0,0,0,0,0,0,0,0,0,0,0,98467
1,1,1,1,1100,-1997,-1223,168,-11,20,-27,44,108,0,0,0,0,0,0,0,0,0,0,0,0,0,0,0,0,0,0,0,0,0,0,98477
1,1,1,1,1102,-2001,-1228,221,11,23,-27,45,110,0,0,0,0,0,0,0,0,0,0,0,0,0,0,0,0,0,0,0,0,0,0,98487
1,1,1,1,1126,-1947,-1197,314,25,18,-28,45,111,0,0,0,0,0,0,0,0,0,0,0,0,0,0,0,0,0,0,0,0,0,0,98497
1,1,1,1,1129,-1961,-1193,338,24,19,-29,46,107,0,0,0,0,0,0,0,0,0,0,0,0,0,0,0,0,0,0,0,0,0,0,98507
1,1,1,1,1109,-1988,-1210,288,19,10,-29,46,109,0,0,0,0,0,0,0,0,0,0,0,0,0,0,0,0,0,0,0,0,0,0,98517
1,1,1,1,1111,-1956,-1209,276,25,3,-28,46,106,0,0,0,0,0,0,0,0,0,0,0,0,0,0,0,0,0,0,0,0,0,0,98527
1,1,1,1,1100,-1936,-1225,285,28,-9,-28,46,106,0,0,0,0,0,0,0,0,0,0,0,0,0,0,0,0,0,0,0,0,0,0,98537
1,1,1,1,1108,-1938,-1219,303,25,-27,-29,47,107,0,0,0,0,0,0,0,0,0,0,0,0,0,0,0,0,0,0,0,0,0,0,98547
1,1,1,1,1115,-1961,-1198,302,21,-37,-28,46,107,0,0,0,0,0,0,0,0,0,0,0,0,0,0,0,0,0,0,0,0,0,0,98557
1,1,1,1,1120,-1968,-1194,314,16,-51,-28,46,105,0,0,0,0,0,0,0,0,0,0,0,0,0,0,0,0,0,0,0,0,0,0,98567
1,1,1,1,1130,-1964,-1171,356,12,-61,-27,47,108,0,0,0,0,0,0,0,0,0,0,0,0,0,0,0,0,0,0,0,0,0,0,98577
1,1,1,1,1145,-2009,-1181,355,12,-61,-29,48,108,0,0,0,0,0,0,0,0,0,0,0,0,0,0,0,0,0,0,0,0,0,0,98587
1,1,1,1,1142,-2019,-1175,301,23,-55,-30,48,106,0,0,0,0,0,0,0,0,0,0,0,0,0,0,0,0,0,0,0,0,0,0,98597
1,1,1,1,1151,-2013,-1155,277,12,-52,-31,49,112,0,0,0,0,0,0,0,0,0,0,0,0,0,0,0,0,0,0,0,0,0,0,98607
1,1,1,1,1143,-2033,-1192,241,22,-43,-30,47,108,0,0,0,0,0,0,0,0,0,0,0,0,0,0,0,0,0,0,0,0,0,0,98617
1,1,1,1,1133,-2065,-1183,176,13,-35,-30,46,106,0,0,0,0,0,0,0,0,0,0,0,0,0,0,0,0,0,0,0,0,0,0,98627
1,1,1,1,1142,-2099,-1147,83,6,-16,-31,48,106,0,0,0,0,0,0,0,0,0,0,0,0,0,0,0,0,0,0,0,0,0,0,98637
1,1,1,1,1138,-2064,-1142,64,8,-5,-29,48,107,0,0,0,0,0,0,0,0,0,0,0,0,0,0,0,0,0,0,0,0,0,0,98647
1,1,1,1,1135,-2026,-1144,89,3,2,-28,46,105,0,0,0,0,0,0,0,0,0,0,0,0,0,0,0,0,0,0,0,0,0,0,98657
1,1,1,1,1138,-2040,-1138,42,-1,23,-29,47,108,0,0,0,0,0,0,0,0,0,0,0,0,0,0,0,0,0,0,0,0,0,0,98667
1,1,1,1,1130,-2022,-1141,37,-6,15,-28,46,108,0,0,0,0,0,0,0,0,0,0,0,0,0,0,0,0,0,0,0,0,0,0,98677
1,1,1,1,1126,-1977,-1158,61,-1,10,-28,45,107,0,0,0,0,0,0,0,0,0,0,0,0,0,0,0,0,0,0,0,0,0,0,98687
1,1,1,1,1129,-1981,-1152,76,-6,1,-27,47,108,0,0,0,0,0,0,0,0,0,0,0,0,0,0,0,0,0,0,0,0,0,0,98697
1,1,1,1,1139,-1971,-1141,113,-18,-14,-29,46,108,0,0,0,0,0,0,0,0,0,0,0,0,0,0,0,0,0,0,0,0,0,0,98707
1,1,1,1,1144,-2001,-1150,125,-21,-17,-29,46,106,0,0,0,0,0,0,0,0,0,0,0,0,0,0,0,0,0,0,0,0,0,0,98717
1,1,1,1,1143,-2030,-1151,95,-20,-18,-30,45,108,0,0,0,0,0,0,0,0,0,0,0,0,0,0,0,0,0,0,0,0,0,0,98727
1,1,1,1,1140,-2019,-1150,70,-27,-13,-28,45,108,0,0,0,0,0,0,0,0,0,0,0,0,0,0,0,0,0,0,0,0,0,0,98737
1,1,1,1,1148,-2030,-1160,55,-26,-6,-27,46,108,0,0,0,0,0,0,0,0,0,0,0,0,0,0,0,0,0,0,0,0,0,0,98747
1,1,1,1,1140,-2050,-1158,34,-22,4,-27,45,107,0,0,0,0,0,0,0,0,0,0,0,0,0,0,0,0,0,0,0,0,0,0,98757
1,1,1,1,1140,-2050,-1158,32,-30,9,-27,46,106,0,0,0,0,0,0,0,0,0,0,0,0,0,0,0,0,0,0,0,0,0,0,98767
1,1,1,1,1131,-2045,-1139,21,-30,14,-28,45,108,0,0,0,0,0,0,0,0,0,0,0,0,0,0,0,0,0,0,0,0,0,0,98777
1,1,1,1,1131,-2045,-1139,-7,-33,17,-29,45,107,0,0,0,0,0,0,0,0,0,0,0,0,0,0,0,0,0,0,0,0,0,0,98787
1,1,1,1,1135,-2016,-1138,-1,-18,19,-30,45,109,0,0,0,0,0,0,0,0,0,0,0,0,0,0,0,0,0,0,0,0,0,0,98797
1,1,1,1,1132,-1990,-1148,11,-19,5,-31,45,107,0,0,0,0,0,0,0,0,0,0,0,0,0,0,0,0,0,0,0,0,0,0,98807
1,1,1,1,1137,-1975,-1139,22,-14,-6,-30,45,107,0,0,0,0,0,0,0,0,0,0,0,0,0,0,0,0,0,0,0,0,0,0,98817
1,1,1,1,1132,-1975,-1137,19,-21,-9,-29,46,110,0,0,0,0,0,0,0,0,0,0,0,0,0,0,0,0,0,0,0,0,0,0,98827
1,1,1,1,1124,-1983,-1154,31,-15,-19,-30,45,111,0,0,0,0,0,0,0,0,0,0,0,0,0,0,0,0,0,0,0,0,0,0,98837
1,1,1,1,1117,-1986,-1172,48,-17,-25,-29,46,108,0,0,0,0,0,0,0,0,0,0,0,0,0,0,0,0,0,0,0,0,0,0,98847
1,1,1,1,1119,-1995,-1168,62,-23,-28,-29,45,109,0,0,0,0,0,0,0,0,0,0,0,0,0,0,0,0,0,0,0,0,0,0,98857
1,1,1,1,1134,-2005,-1151,66,-25,-24,-29,47,110,0,0,0,0,0,0,0,0,0,0,0,0,0,0,0,0,0,0,0,0,0,0,98867
1,1,1,1,1142,-2022,-1144,65,-28,-18,-33,48,110,0,0,0,0,0,0,0,0,0,0,0,0,0,0,0,0,0,0,0,0,0,0,98877
1,1,1,1,1126,-2020,-1149,95,-24,-13,-33,50,112,0,0,0,0,0,0,0,0,0,0,0,0,0,0,0,0,0,0,0,0,0,0,98887
1,1,1,1,1128,-2032,-1161,117,-17,-6,-31,51,108,0,0,0,0,0,0,0,0,0,0,0,0,0,0,0,0,0,0,0,0,0,0,98897
1,1,1,1,1133,-2042,-1162,112,-16,2,-33,48,109,0,0,0,0,0,0,0,0,0,0,0,0,0,0,0,0,0,0,0,0,0,0,98907
1,1,1,1,1142,-2022,-1135,126,-7,9,-31,45,107,0,0,0,0,0,0,0,0,0,0,0,0,0,0,0,0,0,0,0,0,0,0,98917
1,1,1,1,1137,-2031,-1140,138,2,10,-32,49,107,0,0,0,0,0,0,0,0,0,0,0,0,0,0,0,0,0,0,0,0,0,0,98927
1,1,1,1,1142,-2013,-1127,172,2,8,-30,48,108,0,0,0,0,0,0,0,0,0,0,0,0,0,0,0,0,0,0,0,0,0,0,98937
1,1,1,1,1138,-2005,-1127,218,15,7,-28,44,105,0,0,0,0,0,0,0,0,0,0,0,0,0,0,0,0,0,0,0,0,0,0,98947
1,1,1,1,1137,-2016,-1134,257,27,-3,-24,45,105,0,0,0,0,0,0,0,0,0,0,0,0,0,0,0,0,0,0,0,0,0,0,98957
1,1,1,1,1131,-1986,-1146,325,24,-20,-26,48,107,0,0,0,0,0,0,0,0,0,0,0,0,0,0,0,0,0,0,0,0,0,0,98967
1,1,1,1,1150,-2000,-1112,287,10,-17,-28,48,107,0,0,0,0,0,0,0,0,0,0,0,0,0,0,0,0,0,0,0,0,0,0,98977
1,1,1,1,1136,-2047,-1138,240,6,-19,-27,50,107,0,0,0,0,0,0,0,0,0,0,0,0,0,0,0,0,0,0,0,0,0,0,98987
1,1,1,1,1123,-2004,-1147,242,3,-26,-25,48,107,0,0,0,0,0,0,0,0,0,0,0,0,0,0,0,0,0,0,0,0,0,0,98997
1,1,1,1,1139,-1971,-1127,327,5,-35,-25,48,107,0,0,0,0,0,0,0,0,0,0,0,0,0,0,0,0,0,0,0,0,0,0,99007
1,1,1,1,1132,-1969,-1123,455,26,-48,-25,50,106,0,0,0,0,0,0,0,0,0,0,0,0,0,0,0,0,0,0,0,0,0,0,99017
1,1,1,1,1134,-1972,-1096,594,39,-64,-25,50,108,0,0,0,0,0,0,0,0,0,0,0,0,0,0,0,0,0,0,0,0,0,0,99027
1,1,1,1,1141,-1958,-1083,744,61,-80,-23,51,106,0,0,0,0,0,0,0,0,0,0,0,0,0,0,0,0,0,0,0,0,0,0,99037
1,1,1,1,1188,-2008,-1007,748,62,-76,-22,52,103,0,0,0,0,0,0,0,0,0,0,0,0,0,0,0,0,0,0,0,0,0,0,99047
1,1,1,1,1161,-2102,-1018,669,59,-85,-22,52,101,0,0,0,0,0,0,0,0,0,0,0,0,0,0,0,0,0,0,0,0,0,0,99057
1,1,1,1,1130,-2053,-1066,670,69,-88,-23,51,98,0,0,0,0,0,0,0,0,0,0,0,0,0,0,0,0,0,0,0,0,0,0,99067
1,1,1,1,1167,-2058,-1026,662,58,-87,-21,51,98,0,0,0,0,0,0,0,0,0,0,0,0,0,0,0,0,0,0,0,0,0,0,99077
1,1,1,1,1154,-2140,-1034,592,45,-85,-19,52,97,0,0,0,0,0,0,0,0,0,0,0,0,0,0,0,0,0,0,0,0,0,0,99087
1,1,1,1,1132,-2084,-1032,627,47,-80,-18,51,97,0,0,0,0,0,0,0,0,0,0,0,0,0,0,0,0,0,0,0,0,0,0,99097
1,1,1,1,1167,-1981,-1000,817,45,-87,-19,51,95,0,0,0,0,0,0,0,0,0,0,0,0,0,0,0,0,0,0,0,0,0,0,99107
1,1,1,1,1196,-2036,-983,904,43,-87,-20,51,94,0,0,0,0,0,0,0,0,0,0,0,0,0,0,0,0,0,0,0,0,0,0,99117
1,1,1,1,1175,-2116,-1004,859,33,-82,-19,51,90,0,0,0,0,0,0,0,0,0,0,0,0,0,0,0,0,0,0,0,0,0,0,99127
1,1,1,1,1167,-2074,-963,852,31,-72,-20,51,89,0,0,0,0,0,0,0,0,0,0,0,0,0,0,0,0,0,0,0,0,0,0,99137
1,1,1,1,1171,-2105,-919,840,26,-63,-20,50,88,0,0,0,0,0,0,0,0,0,0,0,0,0,0,0,0,0,0,0,0,0,0,99147
1,1,1,1,1151,-2149,-927,778,27,-58,-19,49,85,0,0,0,0,0,0,0,0,0,0,0,0,0,0,0,0,0,0,0,0,0,0,99157
1,1,1,1,1146,-2139,-915,700,31,-47,-18,48,84,0,0,0,0,0,0,0,0,0,0,0,0,0,0,0,0,0,0,0,0,0,0,99167
1,1,1,1,1194,-2153,-933,601,41,-33,-19,49,81,0,0,0,0,0,0,0,0,0,0,0,0,0,0,0,0,0,0,0,0,0,0,99177
1,1,1,1,1211,-2128,-866,544,47,-35,-17,50,79,0,0,0,0,0,0,0,0,0,0,0,0,0,0,0,0,0,0,0,0,0,0,99187
1,1,1,1,1186,-2021,-852,615,60,-28,-14,47,76,0,0,0,0,0,0,0,0,0,0,0,0,0,0,0,0,0,0,0,0,0,0,99197
1,1,1,1,1198,-2005,-813,795,87,-35,-15,49,72,0,0,0,0,0,0,0,0,0,0,0,0,0,0,0,0,0,0,0,0,0,0,99207
1,1,1,1,1195,-2045,-777,953,98,-49,-15,47,69,0,0,0,0,0,0,0,0,0,0,0,0,0,0,0,0,0,0,0,0,0,0,99217
1,1,1,1,1204,-2082,-819,1089,116,-59,-2,48,71,0,0,0,0,0,0,0,0,0,0,0,0,0,0,0,0,0,0,0,0,0,0,99227
1,1,1,1,1197,-1927,-695,1729,148,-98,-14,48,68,0,0,0,0,0,0,0,0,0,0,0,0,0,0,0,0,0,0,0,0,0,0,99237
1,1,1,1,1156,-2202,-880,1361,164,-108,-13,47,68,0,0,0,0,0,0,0,0,0,0,0,0,0,0,0,0,0,0,0,0,0,0,99247
1,1,1,1,1261,-2144,-600,1185,128,-95,-13,46,66,0,0,0,0,0,0,0,0,0,0,0,0,0,0,0,0,0,0,0,0,0,0,99257
1,1,1,1,1159,-2046,-783,1249,171,-106,-16,47,65,0,0,0,0,0,0,0,0,0,0,0,0,0,0,0,0,0,0,0,0,0,0,99267
1,1,1,1,1216,-2135,-621,1107,137,-107,-12,48,67,0,0,0,0,0,0,0,0,0,0,0,0,0,0,0,0,0,0,0,0,0,0,99277
1,1,1,1,1150,-2218,-744,943,143,-100,-13,47,65,0,0,0,0,0,0,0,0,0,0,0,0,0,0,0,0,0,0,0,0,0,0,99287
1,1,1,1,1161,-2060,-700,918,153,-92,-4,46,63,0,0,0,0,0,0,0,0,0,0,0,0,0,0,0,0,0,0,0,0,0,0,99297
1,1,1,1,1185,-1978,-645,1394,187,-114,-14,46,60,0,0,0,0,0,0,0,0,0,0,0,0,0,0,0,0,0,0,0,0,0,0,99307
1,1,1,1,1340,-2280,-583,1157,160,-84,-12,45,60,0,0,0,0,0,0,0,0,0,0,0,0,0,0,0,0,0,0,0,0,0,0,99317
1,1,1,1,1133,-2303,-594,792,197,-48,-10,45,54,0,0,0,0,0,0,0,0,0,0,0,0,0,0,0,0,0,0,0,0,0,0,99327
1,1,1,1,1154,-2302,-496,731,204,-18,-10,43,53,0,0,0,0,0,0,0,0,0,0,0,0,0,0,0,0,0,0,0,0,0,0,99337
1,1,1,1,1122,-2216,-468,743,229,31,-10,43,51,0,0,0,0,0,0,0,0,0,0,0,0,0,0,0,0,0,0,0,0,0,0,99347
1,1,1,1,1159,-2223,-458,810,251,64,-15,42,45,0,0,0,0,0,0,0,0,0,0,0,0,0,0,0,0,0,0,0,0,0,0,99357
1,1,1,1,1207,-2469,-467,357,236,115,-12,43,43,0,0,0,0,0,0,0,0,0,0,0,0,0,0,0,0,0,0,0,0,0,0,99367
1,1,1,1,1091,-2306,-447,70,214,173,-14,41,40,0,0,0,0,0,0,0,0,0,0,0,0,0,0,0,0,0,0,0,0,0,0,99377
1,1,1,1,1165,-2220,-521,34,211,203,-13,40,41,0,0,0,0,0,0,0,0,0,0,0,0,0,0,0,0,0,0,0,0,0,0,99387
1,1,1,1,1237,-2181,-571,-11,184,219,-9,40,42,0,0,0,0,0,0,0,0,0,0,0,0,0,0,0,0,0,0,0,0,0,0,99397
1,1,1,1,1145,-2102,-527,252,186,161,-4,39,36,0,0,0,0,0,0,0,0,0,0,0,0,0,0,0,0,0,0,0,0,0,0,99407
1,1,1,1,1110,-1919,-445,747,228,177,-3,37,37,0,0,0,0,0,0,0,0,0,0,0,0,0,0,0,0,0,0,0,0,0,0,99417
1,1,1,1,1069,-1938,-490,1106,295,227,0,36,33,0,0,0,0,0,0,0,0,0,0,0,0,0,0,0,0,0,0,0,0,0,0,99427
1,1,1,1,1100,-2129,-610,1330,383,214,-1,36,33,0,0,0,0,0,0,0,0,0,0,0,0,0,0,0,0,0,0,0,0,0,0,99437
1,1,1,1,1205,-2242,-503,1378,485,185,-2,35,27,0,0,0,0,0,0,0,0,0,0,0,0,0,0,0,0,0,0,0,0,0,0,99447
1,1,1,1,1205,-2231,-388,1091,533,163,2,35,20,0,0,0,0,0,0,0,0,0,0,0,0,0,0,0,0,0,0,0,0,0,0,99457
1,1,1,1,1315,-1971,-213,1165,504,250,8,34,23,0,0,0,0,0,0,0,0,0,0,0,0,0,0,0,0,0,0,0,0,0,0,99467
1,1,1,1,1145,-1908,-368,1832,538,212,-2,34,12,0,0,0,0,0,0,0,0,0,0,0,0,0,0,0,0,0,0,0,0,0,0,99477
1,1,1,1,1430,-2549,-326,1147,425,200,-3,37,16,0,0,0,0,0,0,0,0,0,0,0,0,0,0,0,0,0,0,0,0,0,0,99487
1,1,1,1,1137,-2389,-258,784,514,255,0,30,12,0,0,0,0,0,0,0,0,0,0,0,0,0,0,0,0,0,0,0,0,0,0,99497
1,1,1,1,1127,-2258,-204,523,525,251,-2,31,6,0,0,0,0,0,0,0,0,0,0,0,0,0,0,0,0,0,0,0,0,0,0,99507
1,1,1,1,1122,-2143,-156,140,471,294,-3,32,6,0,0,0,0,0,0,0,0,0,0,0,0,0,0,0,0,0,0,0,0,0,0,99517
1,1,1,1,963,-2101,-113,49,451,347,0,33,9,0,0,0,0,0,0,0,0,0,0,0,0,0,0,0,0,0,0,0,0,0,0,99527
1,1,1,1,882,-2137,-139,176,466,325,-3,34,13,0,0,0,0,0,0,0,0,0,0,0,0,0,0,0,0,0,0,0,0,0,0,99537
1,1,1,1,837,-2336,-254,369,582,269,-1,34,16,0,0,0,0,0,0,0,0,0,0,0,0,0,0,0,0,0,0,0,0,0,0,99547
1,1,1,1,858,-2285,-197,377,515,299,1,31,13,0,0,0,0,0,0,0,0,0,0,0,0,0,0,0,0,0,0,0,0,0,0,99557
1,1,1,1,789,-2161,-182,471,500,387,3,30,11,0,0,0,0,0,0,0,0,0,0,0,0,0,0,0,0,0,0,0,0,0,0,99567
1,1,1,1,823,-2163,-225,550,535,479,2,30,8,0,0,0,0,0,0,0,0,0,0,0,0,0,0,0,0,0,0,0,0,0,0,99577
1,1,1,1,828,-2182,-235,553,528,595,0,32,12,0,0,0,0,0,0,0,0,0,0,0,0,0,0,0,0,0,0,0,0,0,0,99587
1,1,1,1,937,-2235,-186,453,569,593,4,33,14,0,0,0,0,0,0,0,0,0,0,0,0,0,0,0,0,0,0,0,0,0,0,99597
1,1,1,1,996,-2268,-123,452,722,375,6,32,15,0,0,0,0,0,0,0,0,0,0,0,0,0,0,0,0,0,0,0,0,0,0,99607
1,1,1,1,971,-2253,-66,641,818,84,6,33,16,0,0,0,0,0,0,0,0,0,0,0,0,0,0,0,0,0,0,0,0,0,0,99617
1,1,1,1,1048,-2230,-6,792,855,-218,6,33,13,0,0,0,0,0,0,0,0,0,0,0,0,0,0,0,0,0,0,0,0,0,0,99627
1,1,1,1,1115,-2175,87,894,782,-382,4,32,14,0,0,0,0,0,0,0,0,0,0,0,0,0,0,0,0,0,0,0,0,0,0,99637
1,1,1,1,1148,-2143,122,873,636,-387,7,33,13,0,0,0,0,0,0,0,0,0,0,0,0,0,0,0,0,0,0,0,0,0,0,99647
1,1,1,1,1162,-2138,132,822,532,-315,6,31,12,0,0,0,0,0,0,0,0,0,0,0,0,0,0,0,0,0,0,0,0,0,0,99657
1,1,1,1,1169,-2222,44,745,530,-253,5,31,13,0,0,0,0,0,0,0,0,0,0,0,0,0,0,0,0,0,0,0,0,0,0,99667
1,1,1,1,1096,-2203,-17,654,611,-213,7,29,11,0,0,0,0,0,0,0,0,0,0,0,0,0,0,0,0,0,0,0,0,0,0,99677
1,1,1,1,1057,-2096,-95,704,813,-197,4,29,8,0,0,0,0,0,0,0,0,0,0,0,0,0,0,0,0,0,0,0,0,0,0,99687
1,1,1,1,1186,-1972,-13,680,882,-16,8,30,1,0,0,0,0,0,0,0,0,0,0,0,0,0,0,0,0,0,0,0,0,0,0,99697
1,1,1,1,1256,-1976,96,717,821,235,7,29,14,0,0,0,0,0,0,0,0,0,0,0,0,0,0,0,0,0,0,0,0,0,0,99707
1,1,1,1,1037,-2245,-42,884,1152,-126,4,30,12,0,0,0,0,0,0,0,0,0,0,0,0,0,0,0,0,0,0,0,0,0,0,99717
1,1,1,1,1107,-2045,171,1015,1109,-189,9,30,13,0,0,0,0,0,0,0,0,0,0,0,0,0,0,0,0,0,0,0,0,0,0,99727
1,1,1,1,1137,-1948,200,1293,988,-121,10,29,16,0,0,0,0,0,0,0,0,0,0,0,0,0,0,0,0,0,0,0,0,0,0,99737
1,1,1,1,1066,-1973,132,1561,937,-109,8,29,13,0,0,0,0,0,0,0,0,0,0,0,0,0,0,0,0,0,0,0,0,0,0,99747
1,1,1,1,999,-2034,99,1722,895,-100,4,28,10,0,0,0,0,0,0,0,0,0,0,0,0,0,0,0,0,0,0,0,0,0,0,99757
1,1,1,1,1001,-2113,118,1485,987,40,-1,27,4,0,0,0,0,0,0,0,0,0,0,0,0,0,0,0,0,0,0,0,0,0,0,99767
1,1,1,1,986,-2060,120,1033,1170,347,-1,28,8,0,0,0,0,0,0,0,0,0,0,0,0,0,0,0,0,0,0,0,0,0,0,99777
1,1,1,1,965,-2058,73,771,1356,620,-2,29,9,0,0,0,0,0,0,0,0,0,0,0,0,0,0,0,0,0,0,0,0,0,0,99787
1,1,1,1,996,-2137,164,642,1508,713,5,22,11,0,0,0,0,0,0,0,0,0,0,0,0,0,0,0,0,0,0,0,0,0,0,99797
1,1,1,1,1049,-2287,421,832,1490,585,8,25,16,0,0,0,0,0,0,0,0,0,0,0,0,0,0,0,0,0,0,0,0,0,0,99807
1,1,1,1,1104,-2431,560,1208,1277,169,4,30,22,0,0,0,0,0,0,0,0,0,0,0,0,0,0,0,0,0,0,0,0,0,0,99817
1,1,1,1,1076,-2341,601,1540,1011,-178,6,32,20,0,0,0,0,0,0,0,0,0,0,0,0,0,0,0,0,0,0,0,0,0,0,99827
1,1,1,1,943,-2195,627,1807,834,-329,7,30,19,0,0,0,0,0,0,0,0,0,0,0,0,0,0,0,0,0,0,0,0,0,0,99837
1,1,1,1,891,-2050,692,1938,753,-257,3,30,19,0,0,0,0,0,0,0,0,0,0,0,0,0,0,0,0,0,0,0,0,0,0,99847
1,1,1,1,960,-2061,640,1795,713,-102,1,29,20,0,0,0,0,0,0,0,0,0,0,0,0,0,0,0,0,0,0,0,0,0,0,99857
1,1,1,1,1004,-2219,616,1549,761,-105,2,29,22,0,0,0,0,0,0,0,0,0,0,0,0,0,0,0,0,0,0,0,0,0,0,99867
1,1,1,1,1007,-2384,672,1313,791,-270,1,30,23,0,0,0,0,0,0,0,0,0,0,0,0,0,0,0,0,0,0,0,0,0,0,99877
1,1,1,1,1116,-2458,707,1080,726,-474,4,27,24,0,0,0,0,0,0,0,0,0,0,0,0,0,0,0,0,0,0,0,0,0,0,99887
1,1,1,1,1092,-2300,793,988,665,-621,1,28,21,0,0,0,0,0,0,0,0,0,0,0,0,0,0,0,0,0,0,0,0,0,0,99897
1,1,1,1,1141,-2018,782,933,638,-662,0,28,20,0,0,0,0,0,0,0,0,0,0,0,0,0,0,0,0,0,0,0,0,0,0,99907
1,1,1,1,1085,-1821,771,894,652,-549,3,28,21,0,0,0,0,0,0,0,0,0,0,0,0,0,0,0,0,0,0,0,0,0,0,99917
1,1,1,1,1033,-1576,775,1002,738,-454,4,27,18,0,0,0,0,0,0,0,0,0,0,0,0,0,0,0,0,0,0,0,0,0,0,99927
1,1,1,1,1048,-1518,751,1123,787,-279,2,27,16,0,0,0,0,0,0,0,0,0,0,0,0,0,0,0,0,0,0,0,0,0,0,99937
1,1,1,1,1026,-1626,844,1195,801,-148,3,28,18,0,0,0,0,0,0,0,0,0,0,0,0,0,0,0,0,0,0,0,0,0,0,99947
1,1,1,1,1003,-1749,916,1285,763,-184,1,29,17,0,0,0,0,0,0,0,0,0,0,0,0,0,0,0,0,0,0,0,0,0,0,99957
1,1,1,1,1037,-1896,1023,1113,655,-165,-2,30,19,0,0,0,0,0,0,0,0,0,0,0,0,0,0,0,0,0,0,0,0,0,0,99967
1,1,1,1,1037,-1896,1023,793,489,-106,-2,29,17,0,0,0,0,0,0,0,0,0,0,0,0,0,0,0,0,0,0,0,0,0,0,99977
1,1,1,1,984,-2018,1041,621,316,-169,-1,30,19,0,0,0,0,0,0,0,0,0,0,0,0,0,0,0,0,0,0,0,0,0,0,99987
1,1,1,1,954,-1977,1047,589,145,-267,0,29,19,0,0,0,0,0,0,0,0,0,0,0,0,0,0,0,0,0,0,0,0,0,0,99997
1,1,1,1,869,-1853,999,711,36,-369,1,28,20,0,0,0,0,0,0,0,0,0,0,0,0,0,0,0,0,0,0,0,0,0,0,100007
1,1,1,1,829,-1744,918,959,8,-470,2,29,21,0,0,0,0,0,0,0,0,0,0,0,0,0,0,0,0,0,0,0,0,0,0,100017
1,1,1,1,774,-1692,847,1145,51,-555,1,29,20,0,0,0,0,0,0,0,0,0,0,0,0,0,0,0,0,0,0,0,0,0,0,100027
1,1,1,1,772,-1662,759,1164,200,-555,1,27,20,0,0,0,0,0,0,0,0,0,0,0,0,0,0,0,0,0,0,0,0,0,0,100037
1,1,1,1,753,-1668,727,1088,368,-507,1,27,20,0,0,0,0,0,0,0,0,0,0,0,0,0,0,0,0,0,0,0,0,0,0,100047
1,1,1,1,743,-1710,741,904,600,-424,-2,26,19,0,0,0,0,0,0,0,0,0,0,0,0,0,0,0,0,0,0,0,0,0,0,100057
1,1,1,1,767,-1783,836,589,800,-326,-4,27,19,0,0,0,0,0,0,0,0,0,0,0,0,0,0,0,0,0,0,0,0,0,0,100067
1,1,1,1,826,-1810,957,226,911,-212,-3,25,17,0,0,0,0,0,0,0,0,0,0,0,0,0,0,0,0,0,0,0,0,0,0,100077
1,1,1,1,822,-1753,1062,124,903,-215,-1,25,24,0,0,0,0,0,0,0,0,0,0,0,0,0,0,0,0,0,0,0,0,0,0,100087
1,1,1,1,798,-1673,1110,245,839,-296,1,28,20,0,0,0,0,0,0,0,0,0,0,0,0,0,0,0,0,0,0,0,0,0,0,100097
1,1,1,1,774,-1588,1084,401,803,-347,0,28,20,0,0,0,0,0,0,0,0,0,0,0,0,0,0,0,0,0,0,0,0,0,0,100107
1,1,1,1,700,-1577,1069,615,843,-419,-1,28,22,0,0,0,0,0,0,0,0,0,0,0,0,0,0,0,0,0,0,0,0,0,0,100117
1,1,1,1,652,-1608,994,763,944,-532,0,24,23,0,0,0,0,0,0,0,0,0,0,0,0,0,0,0,0,0,0,0,0,0,0,100127
1,1,1,1,646,-1584,946,770,1114,-594,-7,29,22,0,0,0,0,0,0,0,0,0,0,0,0,0,0,0,0,0,0,0,0,0,0,100137
1,1,1,1,716,-1549,1080,444,1235,-395,-7,28,17,0,0,0,0,0,0,0,0,0,0,0,0,0,0,0,0,0,0,0,0,0,0,100147
1,1,1,1,831,-1537,1225,84,1216,-170,-6,28,20,0,0,0,0,0,0,0,0,0,0,0,0,0,0,0,0,0,0,0,0,0,0,100157
1,1,1,1,846,-1569,1323,37,1126,-200,-2,27,19,0,0,0,0,0,0,0,0,0,0,0,0,0,0,0,0,0,0,0,0,0,0,100167
1,1,1,1,850,-1550,1353,119,1009,-288,-1,27,23,0,0,0,0,0,0,0,0,0,0,0,0,0,0,0,0,0,0,0,0,0,0,100177
1,1,1,1,811,-1488,1345,217,914,-331,1,26,22,0,0,0,0,0,0,0,0,0,0,0,0,0,0,0,0,0,0,0,0,0,0,100187
1,1,1,1,737,-1439,1296,346,887,-369,2,27,23,0,0,0,0,0,0,0,0,0,0,0,0,0,0,0,0,0,0,0,0,0,0,100197
1,1,1,1,694,-1428,1181,497,914,-439,-1,27,20,0,0,0,0,0,0,0,0,0,0,0,0,0,0,0,0,0,0,0,0,0,0,100207
1,1,1,1,713,-1424,1181,448,990,-387,-4,27,20,0,0,0,0,0,0,0,0,0,0,0,0,0,0,0,0,0,0,0,0,0,0,100217
1,1,1,1,756,-1498,1265,265,1034,-261,-1,27,23,0,0,0,0,0,0,0,0,0,0,0,0,0,0,0,0,0,0,0,0,0,0,100227
1,1,1,1,793,-1546,1347,196,972,-256,-3,28,23,0,0,0,0,0,0,0,0,0,0,0,0,0,0,0,0,0,0,0,0,0,0,100237
1,1,1,1,836,-1556,1412,199,864,-291,-2,28,22,0,0,0,0,0,0,0,0,0,0,0,0,0,0,0,0,0,0,0,0,0,0,100247
1,1,1,1,806,-1492,1433,285,730,-337,-2,28,19,0,0,0,0,0,0,0,0,0,0,0,0,0,0,0,0,0,0,0,0,0,0,100257
1,1,1,1,763,-1402,1383,421,624,-367,-1,28,19,0,0,0,0,0,0,0,0,0,0,0,0,0,0,0,0,0,0,0,0,0,0,100267
1,1,1,1,693,-1299,1316,501,601,-321,1,27,18,0,0,0,0,0,0,0,0,0,0,0,0,0,0,0,0,0,0,0,0,0,0,100277
1,1,1,1,635,-1273,1244,541,670,-231,1,26,17,0,0,0,0,0,0,0,0,0,0,0,0,0,0,0,0,0,0,0,0,0,0,100287
1,1,1,1,596,-1291,1207,604,781,-176,2,25,17,0,0,0,0,0,0,0,0,0,0,0,0,0,0,0,0,0,0,0,0,0,0,100297
1,1,1,1,585,-1335,1186,669,896,-175,2,25,18,0,0,0,0,0,0,0,0,0,0,0,0,0,0,0,0,0,0,0,0,0,0,100307
1,1,1,1,622,-1426,1237,615,982,-161,-1,25,17,0,0,0,0,0,0,0,0,0,0,0,0,0,0,0,0,0,0,0,0,0,0,100317
1,1,1,1,724,-1533,1319,370,1004,-87,-3,26,17,0,0,0,0,0,0,0,0,0,0,0,0,0,0,0,0,0,0,0,0,0,0,100327
1,1,1,1,811,-1616,1436,82,939,-14,-3,27,16,0,0,0,0,0,0,0,0,0,0,0,0,0,0,0,0,0,0,0,0,0,0,100337
1,1,1,1,875,-1675,1551,-93,817,2,-1,28,20,0,0,0,0,0,0,0,0,0,0,0,0,0,0,0,0,0,0,0,0,0,0,100347
1,1,1,1,855,-1652,1593,-128,585,-84,-1,29,18,0,0,0,0,0,0,0,0,0,0,0,0,0,0,0,0,0,0,0,0,0,0,100357
1,1,1,1,773,-1532,1532,11,379,-182,-2,28,18,0,0,0,0,0,0,0,0,0,0,0,0,0,0,0,0,0,0,0,0,0,0,100367
1,1,1,1,680,-1393,1436,131,249,-153,-1,28,17,0,0,0,0,0,0,0,0,0,0,0,0,0,0,0,0,0,0,0,0,0,0,100377
1,1,1,1,616,-1316,1331,260,194,-88,-4,32,17,0,0,0,0,0,0,0,0,0,0,0,0,0,0,0,0,0,0,0,0,0,0,100387
1,1,1,1,597,-1304,1243,374,191,-29,-2,27,19,0,0,0,0,0,0,0,0,0,0,0,0,0,0,0,0,0,0,0,0,0,0,100397
1,1,1,1,580,-1349,1203,440,246,22,-1,28,17,0,0,0,0,0,0,0,0,0,0,0,0,0,0,0,0,0,0,0,0,0,0,100407
1,1,1,1,550,-1422,1201,457,337,19,-3,27,17,0,0,0,0,0,0,0,0,0,0,0,0,0,0,0,0,0,0,0,0,0,0,100417
1,1,1,1,575,-1485,1228,318,418,46,-5,27,18,0,0,0,0,0,0,0,0,0,0,0,0,0,0,0,0,0,0,0,0,0,0,100427
1,1,1,1,619,-1553,1294,105,467,90,-6,26,18,0,0,0,0,0,0,0,0,0,0,0,0,0,0,0,0,0,0,0,0,0,0,100437
1,1,1,1,635,-1583,1357,-40,470,67,-6,27,18,0,0,0,0,0,0,0,0,0,0,0,0,0,0,0,0,0,0,0,0,0,0,100447
1,1,1,1,638,-1550,1396,-115,402,31,-5,29,16,0,0,0,0,0,0,0,0,0,0,0,0,0,0,0,0,0,0,0,0,0,0,100457
1,1,1,1,602,-1493,1407,-96,311,3,-3,27,19,0,0,0,0,0,0,0,0,0,0,0,0,0,0,0,0,0,0,0,0,0,0,100467
1,1,1,1,558,-1432,1403,10,209,-17,-1,28,16,0,0,0,0,0,0,0,0,0,0,0,0,0,0,0,0,0,0,0,0,0,0,100477
1,1,1,1,508,-1354,1344,141,150,-1,0,28,15,0,0,0,0,0,0,0,0,0,0,0,0,0,0,0,0,0,0,0,0,0,0,100487
1,1,1,1,482,-1322,1297,214,147,37,-1,27,14,0,0,0,0,0,0,0,0,0,0,0,0,0,0,0,0,0,0,0,0,0,0,100497
1,1,1,1,492,-1356,1292,306,157,65,-2,27,16,0,0,0,0,0,0,0,0,0,0,0,0,0,0,0,0,0,0,0,0,0,0,100507
1,1,1,1,519,-1411,1327,291,150,98,-2,26,15,0,0,0,0,0,0,0,0,0,0,0,0,0,0,0,0,0,0,0,0,0,0,100517
1,1,1,1,540,-1464,1363,174,146,147,-3,26,15,0,0,0,0,0,0,0,0,0,0,0,0,0,0,0,0,0,0,0,0,0,0,100527
1,1,1,1,553,-1508,1401,91,122,135,-3,26,16,0,0,0,0,0,0,0,0,0,0,0,0,0,0,0,0,0,0,0,0,0,0,100537
1,1,1,1,535,-1511,1411,9,90,94,-4,26,17,0,0,0,0,0,0,0,0,0,0,0,0,0,0,0,0,0,0,0,0,0,0,100547
1,1,1,1,518,-1495,1413,-107,65,91,-3,27,14,0,0,0,0,0,0,0,0,0,0,0,0,0,0,0,0,0,0,0,0,0,0,100557
1,1,1,1,486,-1459,1410,-146,34,76,-1,28,16,0,0,0,0,0,0,0,0,0,0,0,0,0,0,0,0,0,0,0,0,0,0,100567
1,1,1,1,477,-1402,1404,-81,-24,39,-1,27,13,0,0,0,0,0,0,0,0,0,0,0,0,0,0,0,0,0,0,0,0,0,0,100577
1,1,1,1,468,-1363,1412,9,-83,41,-4,28,15,0,0,0,0,0,0,0,0,0,0,0,0,0,0,0,0,0,0,0,0,0,0,100587
1,1,1,1,456,-1353,1356,122,-108,34,-4,27,36,0,0,0,0,0,0,0,0,0,0,0,0,0,0,0,0,0,0,0,0,0,0,100597
1,1,1,1,304,-1583,1109,250,39,-145,-9,26,19,0,0,0,0,0,0,0,0,0,0,0,0,0,0,0,0,0,0,0,0,0,0,100607
1,1,1,1,329,-1365,1278,-16,113,66,-12,28,28,0,0,0,0,0,0,0,0,0,0,0,0,0,0,0,0,0,0,0,0,0,0,100617
1,1,1,1,336,-1700,1030,-54,394,-84,-10,29,29,0,0,0,0,0,0,0,0,0,0,0,0,0,0,0,0,0,0,0,0,0,0,100627
1,1,1,1,294,-1699,1308,-305,406,-115,-8,29,24,0,0,0,0,0,0,0,0,0,0,0,0,0,0,0,0,0,0,0,0,0,0,100637
1,1,1,1,577,-1528,1445,-444,370,-21,-7,29,26,0,0,0,0,0,0,0,0,0,0,0,0,0,0,0,0,0,0,0,0,0,0,100647
1,1,1,1,517,-1530,1503,-391,226,-68,-7,30,27,0,0,0,0,0,0,0,0,0,0,0,0,0,0,0,0,0,0,0,0,0,0,100657
1,1,1,1,458,-1444,1401,-263,100,-125,-9,29,31,0,0,0,0,0,0,0,0,0,0,0,0,0,0,0,0,0,0,0,0,0,0,100667
1,1,1,1,340,-1416,1262,-169,98,-105,-10,29,34,0,0,0,0,0,0,0,0,0,0,0,0,0,0,0,0,0,0,0,0,0,0,100677
1,1,1,1,284,-1400,1204,-135,157,-68,-13,32,33,0,0,0,0,0,0,0,0,0,0,0,0,0,0,0,0,0,0,0,0,0,0,100687
1,1,1,1,328,-1420,1268,-130,214,-18,-12,32,32,0,0,0,0,0,0,0,0,0,0,0,0,0,0,0,0,0,0,0,0,0,0,100697
1,1,1,1,364,-1439,1370,-47,180,-46,-10,30,33,0,0,0,0,0,0,0,0,0,0,0,0,0,0,0,0,0,0,0,0,0,0,100707
1,1,1,1,398,-1404,1387,57,137,-70,-10,31,33,0,0,0,0,0,0,0,0,0,0,0,0,0,0,0,0,0,0,0,0,0,0,100717
1,1,1,1,418,-1443,1388,81,130,-71,-14,34,33,0,0,0,0,0,0,0,0,0,0,0,0,0,0,0,0,0,0,0,0,0,0,100727
1,1,1,1,418,-1499,1432,89,82,-122,-13,31,33,0,0,0,0,0,0,0,0,0,0,0,0,0,0,0,0,0,0,0,0,0,0,100737
1,1,1,1,458,-1463,1445,44,48,-129,-15,32,35,0,0,0,0,0,0,0,0,0,0,0,0,0,0,0,0,0,0,0,0,0,0,100747
1,1,1,1,466,-1472,1436,-66,47,-98,-15,32,35,0,0,0,0,0,0,0,0,0,0,0,0,0,0,0,0,0,0,0,0,0,0,100757
1,1,1,1,443,-1506,1424,-140,56,-110,-15,26,33,0,0,0,0,0,0,0,0,0,0,0,0,0,0,0,0,0,0,0,0,0,0,100767
1,1,1,1,463,-1457,1415,-193,74,-98,-16,25,30,0,0,0,0,0,0,0,0,0,0,0,0,0,0,0,0,0,0,0,0,0,0,100777
1,1,1,1,489,-1407,1398,-245,111,-55,-14,23,29,0,0,0,0,0,0,0,0,0,0,0,0,0,0,0,0,0,0,0,0,0,0,100787
1,1,1,1,481,-1404,1409,-244,126,-54,-16,22,24,0,0,0,0,0,0,0,0,0,0,0,0,0,0,0,0,0,0,0,0,0,0,100797
1,1,1,1,486,-1375,1407,-224,135,-64,-15,20,25,0,0,0,0,0,0,0,0,0,0,0,0,0,0,0,0,0,0,0,0,0,0,100807
1,1,1,1,483,-1366,1408,-228,158,-32,-17,20,23,0,0,0,0,0,0,0,0,0,0,0,0,0,0,0,0,0,0,0,0,0,0,100817
1,1,1,1,458,-1429,1414,-217,156,-29,-19,21,29,0,0,0,0,0,0,0,0,0,0,0,0,0,0,0,0,0,0,0,0,0,0,100827
1,1,1,1,425,-1445,1379,-191,139,-57,-19,19,28,0,0,0,0,0,0,0,0,0,0,0,0,0,0,0,0,0,0,0,0,0,0,100837
1,1,1,1,397,-1454,1322,-217,173,-43,-20,20,31,0,0,0,0,0,0,0,0,0,0,0,0,0,0,0,0,0,0,0,0,0,0,100847
1,1,1,1,374,-1464,1295,-256,244,-26,-20,20,31,0,0,0,0,0,0,0,0,0,0,0,0,0,0,0,0,0,0,0,0,0,0,100857
1,1,1,1,428,-1472,1368,-262,262,-40,-21,21,31,0,0,0,0,0,0,0,0,0,0,0,0,0,0,0,0,0,0,0,0,0,0,100867
1,1,1,1,470,-1512,1438,-307,239,-37,-22,21,35,0,0,0,0,0,0,0,0,0,0,0,0,0,0,0,0,0,0,0,0,0,0,100877
1,1,1,1,465,-1566,1484,-420,191,-41,-26,22,39,0,0,0,0,0,0,0,0,0,0,0,0,0,0,0,0,0,0,0,0,0,0,100887
1,1,1,1,430,-1620,1475,-574,170,-35,-26,23,42,0,0,0,0,0,0,0,0,0,0,0,0,0,0,0,0,0,0,0,0,0,0,100897
1,1,1,1,362,-1621,1462,-636,134,-102,-28,22,45,0,0,0,0,0,0,0,0,0,0,0,0,0,0,0,0,0,0,0,0,0,0,100907
1,1,1,1,354,-1514,1397,-621,122,-152,-28,22,48,0,0,0,0,0,0,0,0,0,0,0,0,0,0,0,0,0,0,0,0,0,0,100917
1,1,1,1,310,-1461,1324,-518,182,-179,-28,22,50,0,0,0,0,0,0,0,0,0,0,0,0,0,0,0,0,0,0,0,0,0,0,100927
1,1,1,1,287,-1431,1277,-419,222,-208,-29,23,51,0,0,0,0,0,0,0,0,0,0,0,0,0,0,0,0,0,0,0,0,0,0,100937
1,1,1,1,331,-1420,1272,-355,288,-193,-30,24,52,0,0,0,0,0,0,0,0,0,0,0,0,0,0,0,0,0,0,0,0,0,0,100947
1,1,1,1,365,-1432,1325,-337,311,-156,-30,23,55,0,0,0,0,0,0,0,0,0,0,0,0,0,0,0,0,0,0,0,0,0,0,100957
1,1,1,1,363,-1566,1326,-337,322,-156,-30,24,58,0,0,0,0,0,0,0,0,0,0,0,0,0,0,0,0,0,0,0,0,0,0,100967
1,1,1,1,357,-1575,1340,-330,292,-217,-34,27,60,0,0,0,0,0,0,0,0,0,0,0,0,0,0,0,0,0,0,0,0,0,0,100977
1,1,1,1,371,-1504,1255,-306,284,-225,-33,25,63,0,0,0,0,0,0,0,0,0,0,0,0,0,0,0,0,0,0,0,0,0,0,100987
1,1,1,1,368,-1459,1204,-197,302,-244,-34,25,64,0,0,0,0,0,0,0,0,0,0,0,0,0,0,0,0,0,0,0,0,0,0,100997
1,1,1,1,401,-1448,1144,-67,302,-242,-33,25,65,0,0,0,0,0,0,0,0,0,0,0,0,0,0,0,0,0,0,0,0,0,0,101007
1,1,1,1,425,-1545,1162,20,285,-242,-33,26,66,0,0,0,0,0,0,0,0,0,0,0,0,0,0,0,0,0,0,0,0,0,0,101017
1,1,1,1,474,-1688,1258,2,243,-207,-37,31,69,0,0,0,0,0,0,0,0,0,0,0,0,0,0,0,0,0,0,0,0,0,0,101027
1,1,1,1,432,-1791,1298,-68,184,-190,-33,28,70,0,0,0,0,0,0,0,0,0,0,0,0,0,0,0,0,0,0,0,0,0,0,101037
1,1,1,1,361,-1704,1258,-83,141,-154,-34,31,72,0,0,0,0,0,0,0,0,0,0,0,0,0,0,0,0,0,0,0,0,0,0,101047
1,1,1,1,395,-1663,1255,-46,99,-108,-31,30,70,0,0,0,0,0,0,0,0,0,0,0,0,0,0,0,0,0,0,0,0,0,0,101057
1,1,1,1,401,-1688,1267,-8,51,-79,-31,32,76,0,0,0,0,0,0,0,0,0,0,0,0,0,0,0,0,0,0,0,0,0,0,101067
1,1,1,1,408,-1678,1268,15,-1,-43,-30,31,76,0,0,0,0,0,0,0,0,0,0,0,0,0,0,0,0,0,0,0,0,0,0,101077
1,1,1,1,409,-1668,1271,42,-31,-6,-31,30,79,0,0,0,0,0,0,0,0,0,0,0,0,0,0,0,0,0,0,0,0,0,0,101087
1,1,1,1,420,-1683,1290,70,-66,18,-30,31,80,0,0,0,0,0,0,0,0,0,0,0,0,0,0,0,0,0,0,0,0,0,0,101097
1,1,1,1,400,-1621,1287,150,-96,15,-32,32,80,0,0,0,0,0,0,0,0,0,0,0,0,0,0,0,0,0,0,0,0,0,0,101107
1,1,1,1,414,-1522,1216,267,-106,40,-33,33,87,0,0,0,0,0,0,0,0,0,0,0,0,0,0,0,0,0,0,0,0,0,0,101117
1,1,1,1,410,-1557,1208,389,-78,58,-34,35,91,0,0,0,0,0,0,0,0,0,0,0,0,0,0,0,0,0,0,0,0,0,0,101127
1,1,1,1,445,-1606,1256,493,-86,52,-35,37,93,0,0,0,0,0,0,0,0,0,0,0,0,0,0,0,0,0,0,0,0,0,0,101137
1,1,1,1,441,-1637,1259,486,-90,77,-34,38,94,0,0,0,0,0,0,0,0,0,0,0,0,0,0,0,0,0,0,0,0,0,0,101147
1,1,1,1,440,-1630,1314,458,-106,97,-31,40,98,0,0,0,0,0,0,0,0,0,0,0,0,0,0,0,0,0,0,0,0,0,0,101157
1,1,1,1,415,-1563,1306,543,-141,98,-30,41,100,0,0,0,0,0,0,0,0,0,0,0,0,0,0,0,0,0,0,0,0,0,0,101167
1,1,1,1,405,-1543,1292,619,-138,111,-32,45,100,0,0,0,0,0,0,0,0,0,0,0,0,0,0,0,0,0,0,0,0,0,0,101177
1,1,1,1,365,-1492,1244,720,-124,109,-28,46,101,0,0,0,0,0,0,0,0,0,0,0,0,0,0,0,0,0,0,0,0,0,0,101187
1,1,1,1,354,-1429,1303,907,-139,78,-26,48,104,0,0,0,0,0,0,0,0,0,0,0,0,0,0,0,0,0,0,0,0,0,0,101197
1,1,1,1,338,-1385,1265,1084,-133,72,-25,49,107,0,0,0,0,0,0,0,0,0,0,0,0,0,0,0,0,0,0,0,0,0,0,101207
1,1,1,1,327,-1436,1264,1235,-133,40,-26,50,105,0,0,0,0,0,0,0,0,0,0,0,0,0,0,0,0,0,0,0,0,0,0,101217
1,1,1,1,328,-1429,1272,1301,-134,17,-23,50,104,0,0,0,0,0,0,0,0,0,0,0,0,0,0,0,0,0,0,0,0,0,0,101227
1,1,1,1,411,-1435,1340,1363,-121,44,-26,51,101,0,0,0,0,0,0,0,0,0,0,0,0,0,0,0,0,0,0,0,0,0,0,101237
1,1,1,1,435,-1537,1463,1134,-118,78,-23,50,101,0,0,0,0,0,0,0,0,0,0,0,0,0,0,0,0,0,0,0,0,0,0,101247
1,1,1,1,468,-1608,1584,899,-134,97,-22,51,100,0,0,0,0,0,0,0,0,0,0,0,0,0,0,0,0,0,0,0,0,0,0,101257
1,1,1,1,418,-1503,1557,723,-171,88,-23,51,103,0,0,0,0,0,0,0,0,0,0,0,0,0,0,0,0,0,0,0,0,0,0,101267
1,1,1,1,329,-1210,1334,886,-157,78,-22,52,108,0,0,0,0,0,0,0,0,0,0,0,0,0,0,0,0,0,0,0,0,0,0,101287
1,1,1,1,333,-1241,1306,1073,-164,53,-23,54,107,0,0,0,0,0,0,0,0,0,0,0,0,0,0,0,0,0,0,0,0,0,0,101297
1,1,1,1,310,-1265,1296,1194,-173,29,-18,53,108,0,0,0,0,0,0,0,0,0,0,0,0,0,0,0,0,0,0,0,0,0,0,101307
1,1,1,1,344,-1250,1295,1517,-157,52,-18,51,106,0,0,0,0,0,0,0,0,0,0,0,0,0,0,0,0,0,0,0,0,0,0,101317
1,1,1,1,332,-1267,1350,1532,-129,72,-21,58,103,0,0,0,0,0,0,0,0,0,0,0,0,0,0,0,0,0,0,0,0,0,0,101327
1,1,1,1,461,-1358,1519,1320,-140,112,-21,58,100,0,0,0,0,0,0,0,0,0,0,0,0,0,0,0,0,0,0,0,0,0,0,101337
1,1,1,1,485,-1360,1609,1108,-171,115,-21,56,97,0,0,0,0,0,0,0,0,0,0,0,0,0,0,0,0,0,0,0,0,0,0,101347
1,1,1,1,466,-1190,1526,956,-167,137,-23,56,101,0,0,0,0,0,0,0,0,0,0,0,0,0,0,0,0,0,0,0,0,0,0,101357
1,1,1,1,486,-1105,1512,901,-164,139,-21,55,101,0,0,0,0,0,0,0,0,0,0,0,0,0,0,0,0,0,0,0,0,0,0,101367
1,1,1,1,472,-1110,1518,878,-184,128,-19,55,98,0,0,0,0,0,0,0,0,0,0,0,0,0,0,0,0,0,0,0,0,0,0,101377
1,1,1,1,413,-1126,1473,882,-184,114,-20,56,102,0,0,0,0,0,0,0,0,0,0,0,0,0,0,0,0,0,0,0,0,0,0,101387
1,1,1,1,378,-1095,1456,926,-166,110,-16,56,101,0,0,0,0,0,0,0,0,0,0,0,0,0,0,0,0,0,0,0,0,0,0,101397
1,1,1,1,363,-1069,1471,997,-174,94,-15,56,103,0,0,0,0,0,0,0,0,0,0,0,0,0,0,0,0,0,0,0,0,0,0,101407
1,1,1,1,339,-1036,1456,1066,-166,79,-24,56,102,0,0,0,0,0,0,0,0,0,0,0,0,0,0,0,0,0,0,0,0,0,0,101417
1,1,1,1,299,-1022,1474,822,-168,20,-16,55,97,0,0,0,0,0,0,0,0,0,0,0,0,0,0,0,0,0,0,0,0,0,0,101427
1,1,1,1,473,-909,1515,898,-156,61,-16,55,94,0,0,0,0,0,0,0,0,0,0,0,0,0,0,0,0,0,0,0,0,0,0,101437
1,1,1,1,516,-1086,1609,876,-133,73,-19,55,93,0,0,0,0,0,0,0,0,0,0,0,0,0,0,0,0,0,0,0,0,0,0,101447
1,1,1,1,466,-1083,1631,669,-154,72,-17,55,92,0,0,0,0,0,0,0,0,0,0,0,0,0,0,0,0,0,0,0,0,0,0,101457
1,1,1,1,439,-986,1562,579,-157,73,-14,55,92,0,0,0,0,0,0,0,0,0,0,0,0,0,0,0,0,0,0,0,0,0,0,101467
1,1,1,1,377,-926,1521,586,-150,71,-15,56,91,0,0,0,0,0,0,0,0,0,0,0,0,0,0,0,0,0,0,0,0,0,0,101477
1,1,1,1,359,-901,1486,656,-149,71,-16,55,89,0,0,0,0,0,0,0,0,0,0,0,0,0,0,0,0,0,0,0,0,0,0,101487
1,1,1,1,396,-951,1538,649,-164,89,-17,56,92,0,0,0,0,0,0,0,0,0,0,0,0,0,0,0,0,0,0,0,0,0,0,101497
1,1,1,1,390,-1014,1606,644,-198,92,-16,56,90,0,0,0,0,0,0,0,0,0,0,0,0,0,0,0,0,0,0,0,0,0,0,101507
1,1,1,1,364,-998,1583,604,-201,110,-17,57,91,0,0,0,0,0,0,0,0,0,0,0,0,0,0,0,0,0,0,0,0,0,0,101517
1,1,1,1,391,-976,1600,580,-203,106,-18,59,94,0,0,0,0,0,0,0,0,0,0,0,0,0,0,0,0,0,0,0,0,0,0,101527
1,1,1,1,409,-945,1627,494,-223,87,-24,58,100,0,0,0,0,0,0,0,0,0,0,0,0,0,0,0,0,0,0,0,0,0,0,101537
1,1,1,1,331,-853,1606,289,-230,-8,-14,58,97,0,0,0,0,0,0,0,0,0,0,0,0,0,0,0,0,0,0,0,0,0,0,101547
1,1,1,1,432,-578,1539,564,-213,16,-19,59,97,0,0,0,0,0,0,0,0,0,0,0,0,0,0,0,0,0,0,0,0,0,0,101557
1,1,1,1,429,-713,1497,843,-168,-47,-16,58,94,0,0,0,0,0,0,0,0,0,0,0,0,0,0,0,0,0,0,0,0,0,0,101567
1,1,1,1,375,-704,1554,875,-121,-78,-16,56,91,0,0,0,0,0,0,0,0,0,0,0,0,0,0,0,0,0,0,0,0,0,0,101577
1,1,1,1,405,-721,1585,950,-89,-127,-16,56,89,0,0,0,0,0,0,0,0,0,0,0,0,0,0,0,0,0,0,0,0,0,0,101587
1,1,1,1,396,-668,1579,1002,-38,-135,-16,56,85,0,0,0,0,0,0,0,0,0,0,0,0,0,0,0,0,0,0,0,0,0,0,101597
1,1,1,1,527,-749,1693,766,42,-76,-19,56,82,0,0,0,0,0,0,0,0,0,0,0,0,0,0,0,0,0,0,0,0,0,0,101607
1,1,1,1,780,-981,1927,460,35,-33,-19,58,85,0,0,0,0,0,0,0,0,0,0,0,0,0,0,0,0,0,0,0,0,0,0,101617
1,1,1,1,757,-1047,2005,324,-56,-34,-20,54,85,0,0,0,0,0,0,0,0,0,0,0,0,0,0,0,0,0,0,0,0,0,0,101627
1,1,1,1,607,-985,1831,43,10,33,-25,59,90,0,0,0,0,0,0,0,0,0,0,0,0,0,0,0,0,0,0,0,0,0,0,101637
1,1,1,1,441,-867,1844,-219,45,38,-27,61,93,0,0,0,0,0,0,0,0,0,0,0,0,0,0,0,0,0,0,0,0,0,0,101647
1,1,1,1,397,-670,1774,-150,60,41,-24,58,97,0,0,0,0,0,0,0,0,0,0,0,0,0,0,0,0,0,0,0,0,0,0,101657
1,1,1,1,376,-627,1682,-27,65,45,-24,59,99,0,0,0,0,0,0,0,0,0,0,0,0,0,0,0,0,0,0,0,0,0,0,101667
1,1,1,1,368,-679,1614,123,110,38,-21,57,99,0,0,0,0,0,0,0,0,0,0,0,0,0,0,0,0,0,0,0,0,0,0,101677
1,1,1,1,376,-703,1572,260,152,36,-21,58,102,0,0,0,0,0,0,0,0,0,0,0,0,0,0,0,0,0,0,0,0,0,0,101687
1,1,1,1,416,-688,1564,384,206,34,-20,59,100,0,0,0,0,0,0,0,0,0,0,0,0,0,0,0,0,0,0,0,0,0,0,101697
1,1,1,1,477,-641,1591,474,232,29,-20,57,98,0,0,0,0,0,0,0,0,0,0,0,0,0,0,0,0,0,0,0,0,0,0,101707
1,1,1,1,530,-606,1620,557,256,11,-20,57,94,0,0,0,0,0,0,0,0,0,0,0,0,0,0,0,0,0,0,0,0,0,0,101717
1,1,1,1,541,-592,1647,540,297,-5,-21,57,92,0,0,0,0,0,0,0,0,0,0,0,0,0,0,0,0,0,0,0,0,0,0,101727
1,1,1,1,577,-631,1687,480,351,-33,-21,56,91,0,0,0,0,0,0,0,0,0,0,0,0,0,0,0,0,0,0,0,0,0,0,101737
1,1,1,1,522,-597,1725,299,372,-70,-26,56,92,0,0,0,0,0,0,0,0,0,0,0,0,0,0,0,0,0,0,0,0,0,0,101747
1,1,1,1,379,-459,1747,5,384,-158,-19,55,87,0,0,0,0,0,0,0,0,0,0,0,0,0,0,0,0,0,0,0,0,0,0,101757
1,1,1,1,640,-435,1680,314,398,-87,-15,54,84,0,0,0,0,0,0,0,0,0,0,0,0,0,0,0,0,0,0,0,0,0,0,101767
1,1,1,1,510,-697,1749,314,389,-116,-16,54,81,0,0,0,0,0,0,0,0,0,0,0,0,0,0,0,0,0,0,0,0,0,0,101777
1,1,1,1,485,-833,1766,137,417,-58,-13,54,82,0,0,0,0,0,0,0,0,0,0,0,0,0,0,0,0,0,0,0,0,0,0,101787
1,1,1,1,488,-879,1783,74,416,-9,-16,54,79,0,0,0,0,0,0,0,0,0,0,0,0,0,0,0,0,0,0,0,0,0,0,101797
1,1,1,1,414,-815,1732,4,409,44,-17,54,80,0,0,0,0,0,0,0,0,0,0,0,0,0,0,0,0,0,0,0,0,0,0,101807
1,1,1,1,394,-732,1688,-74,400,92,-19,55,82,0,0,0,0,0,0,0,0,0,0,0,0,0,0,0,0,0,0,0,0,0,0,101817
1,1,1,1,402,-682,1687,-77,360,118,-21,56,83,0,0,0,0,0,0,0,0,0,0,0,0,0,0,0,0,0,0,0,0,0,0,101827
1,1,1,1,384,-643,1646,-102,334,155,-21,56,86,0,0,0,0,0,0,0,0,0,0,0,0,0,0,0,0,0,0,0,0,0,0,101837
1,1,1,1,386,-667,1614,-174,322,181,-21,56,86,0,0,0,0,0,0,0,0,0,0,0,0,0,0,0,0,0,0,0,0,0,0,101847
1,1,1,1,416,-664,1631,-215,305,185,-22,56,89,0,0,0,0,0,0,0,0,0,0,0,0,0,0,0,0,0,0,0,0,0,0,101857
1,1,1,1,425,-650,1600,-249,269,190,-23,57,89,0,0,0,0,0,0,0,0,0,0,0,0,0,0,0,0,0,0,0,0,0,0,101867
1,1,1,1,392,-628,1548,-299,227,194,-22,57,89,0,0,0,0,0,0,0,0,0,0,0,0,0,0,0,0,0,0,0,0,0,0,101877
1,1,1,1,333,-610,1504,-326,185,185,-23,56,89,0,0,0,0,0,0,0,0,0,0,0,0,0,0,0,0,0,0,0,0,0,0,101887
1,1,1,1,349,-604,1476,-342,158,200,-20,57,90,0,0,0,0,0,0,0,0,0,0,0,0,0,0,0,0,0,0,0,0,0,0,101897
1,1,1,1,413,-645,1518,-178,108,176,-23,60,90,0,0,0,0,0,0,0,0,0,0,0,0,0,0,0,0,0,0,0,0,0,0,101907
1,1,1,1,285,-616,1530,-191,55,207,-22,57,90,0,0,0,0,0,0,0,0,0,0,0,0,0,0,0,0,0,0,0,0,0,0,101917
1,1,1,1,304,-706,1522,-190,34,199,-20,57,88,0,0,0,0,0,0,0,0,0,0,0,0,0,0,0,0,0,0,0,0,0,0,101927
1,1,1,1,272,-699,1571,-172,-12,181,-22,58,91,0,0,0,0,0,0,0,0,0,0,0,0,0,0,0,0,0,0,0,0,0,0,101937
1,1,1,1,309,-694,1582,-162,-48,164,-19,55,88,0,0,0,0,0,0,0,0,0,0,0,0,0,0,0,0,0,0,0,0,0,0,101947
1,1,1,1,338,-674,1557,-169,-85,149,-20,55,86,0,0,0,0,0,0,0,0,0,0,0,0,0,0,0,0,0,0,0,0,0,0,101957
1,1,1,1,383,-664,1496,-180,-118,144,-24,59,92,0,0,0,0,0,0,0,0,0,0,0,0,0,0,0,0,0,0,0,0,0,0,101967
1,1,1,1,392,-673,1482,-136,-139,135,-20,56,90,0,0,0,0,0,0,0,0,0,0,0,0,0,0,0,0,0,0,0,0,0,0,101977
1,1,1,1,389,-695,1490,-81,-164,127,-18,55,87,0,0,0,0,0,0,0,0,0,0,0,0,0,0,0,0,0,0,0,0,0,0,101987
1,1,1,1,373,-699,1517,-21,-176,127,-16,57,86,0,0,0,0,0,0,0,0,0,0,0,0,0,0,0,0,0,0,0,0,0,0,101997
1,1,1,1,347,-723,1583,23,-189,129,-15,56,83,0,0,0,0,0,0,0,0,0,0,0,0,0,0,0,0,0,0,0,0,0,0,102007
1,1,1,1,342,-748,1606,68,-210,128,-16,56,87,0,0,0,0,0,0,0,0,0,0,0,0,0,0,0,0,0,0,0,0,0,0,102017
1,1,1,1,313,-738,1604,101,-218,130,-18,55,83,0,0,0,0,0,0,0,0,0,0,0,0,0,0,0,0,0,0,0,0,0,0,102027
1,1,1,1,288,-727,1580,121,-210,118,-18,54,83,0,0,0,0,0,0,0,0,0,0,0,0,0,0,0,0,0,0,0,0,0,0,102037
1,1,1,1,305,-694,1580,134,-185,108,-17,54,82,0,0,0,0,0,0,0,0,0,0,0,0,0,0,0,0,0,0,0,0,0,0,102047
1,1,1,1,330,-661,1612,146,-172,95,-17,55,81,0,0,0,0,0,0,0,0,0,0,0,0,0,0,0,0,0,0,0,0,0,0,102057
1,1,1,1,354,-668,1631,144,-161,87,-17,54,78,0,0,0,0,0,0,0,0,0,0,0,0,0,0,0,0,0,0,0,0,0,0,102067
1,1,1,1,392,-702,1663,108,-152,70,-15,54,76,0,0,0,0,0,0,0,0,0,0,0,0,0,0,0,0,0,0,0,0,0,0,102077
1,1,1,1,416,-709,1697,70,-149,51,-13,54,77,0,0,0,0,0,0,0,0,0,0,0,0,0,0,0,0,0,0,0,0,0,0,102087
1,1,1,1,346,-691,1685,7,-157,37,-15,54,77,0,0,0,0,0,0,0,0,0,0,0,0,0,0,0,0,0,0,0,0,0,0,102097
1,1,1,1,395,-721,1623,-34,-118,28,-18,55,78,0,0,0,0,0,0,0,0,0,0,0,0,0,0,0,0,0,0,0,0,0,0,102107
1,1,1,1,377,-680,1657,39,-91,2,-17,54,77,0,0,0,0,0,0,0,0,0,0,0,0,0,0,0,0,0,0,0,0,0,0,102117
1,1,1,1,303,-698,1698,33,-114,10,-17,54,81,0,0,0,0,0,0,0,0,0,0,0,0,0,0,0,0,0,0,0,0,0,0,102127
1,1,1,1,290,-733,1705,3,-113,-3,-16,54,80,0,0,0,0,0,0,0,0,0,0,0,0,0,0,0,0,0,0,0,0,0,0,102137
1,1,1,1,279,-709,1705,5,-124,-11,-17,54,82,0,0,0,0,0,0,0,0,0,0,0,0,0,0,0,0,0,0,0,0,0,0,102147
1,1,1,1,309,-702,1679,-10,-133,-16,-18,54,82,0,0,0,0,0,0,0,0,0,0,0,0,0,0,0,0,0,0,0,0,0,0,102157
1,1,1,1,329,-683,1642,-18,-150,-21,-16,53,84,0,0,0,0,0,0,0,0,0,0,0,0,0,0,0,0,0,0,0,0,0,0,102167
1,1,1,1,390,-696,1600,19,-101,-42,-17,53,83,0,0,0,0,0,0,0,0,0,0,0,0,0,0,0,0,0,0,0,0,0,0,102177
1,1,1,1,531,-695,1736,54,88,-48,-19,53,76,0,0,0,0,0,0,0,0,0,0,0,0,0,0,0,0,0,0,0,0,0,0,102187
1,1,1,1,662,-764,2071,-149,249,-8,-14,54,80,0,0,0,0,0,0,0,0,0,0,0,0,0,0,0,0,0,0,0,0,0,0,102197
1,1,1,1,643,-756,2051,-202,117,-65,-17,57,78,0,0,0,0,0,0,0,0,0,0,0,0,0,0,0,0,0,0,0,0,0,0,102207
1,1,1,1,156,-627,1655,-89,-21,-79,-18,51,86,0,0,0,0,0,0,0,0,0,0,0,0,0,0,0,0,0,0,0,0,0,0,102217
1,1,1,1,112,-728,1351,-81,84,-60,-20,55,86,0,0,0,0,0,0,0,0,0,0,0,0,0,0,0,0,0,0,0,0,0,0,102227
1,1,1,1,259,-641,1510,-23,72,-72,-20,57,83,0,0,0,0,0,0,0,0,0,0,0,0,0,0,0,0,0,0,0,0,0,0,102237
1,1,1,1,382,-654,1601,72,-33,-63,-20,54,83,0,0,0,0,0,0,0,0,0,0,0,0,0,0,0,0,0,0,0,0,0,0,102247
1,1,1,1,342,-742,1590,116,-56,-76,-20,53,83,0,0,0,0,0,0,0,0,0,0,0,0,0,0,0,0,0,0,0,0,0,0,102257
1,1,1,1,415,-755,1622,128,22,-83,-17,54,81,0,0,0,0,0,0,0,0,0,0,0,0,0,0,0,0,0,0,0,0,0,0,102267
1,1,1,1,566,-703,1754,79,60,-72,-17,52,79,0,0,0,0,0,0,0,0,0,0,0,0,0,0,0,0,0,0,0,0,0,0,102277
1,1,1,1,593,-671,1765,77,-17,-86,-16,52,80,0,0,0,0,0,0,0,0,0,0,0,0,0,0,0,0,0,0,0,0,0,0,102287
1,1,1,1,436,-706,1621,54,-19,-104,-19,55,85,0,0,0,0,0,0,0,0,0,0,0,0,0,0,0,0,0,0,0,0,0,0,102297
1,1,1,1,359,-705,1598,-1,0,-135,-20,54,84,0,0,0,0,0,0,0,0,0,0,0,0,0,0,0,0,0,0,0,0,0,0,102307
1,1,1,1,379,-621,1635,-2,-3,-146,-18,54,88,0,0,0,0,0,0,0,0,0,0,0,0,0,0,0,0,0,0,0,0,0,0,102317
1,1,1,1,379,-614,1681,-9,-5,-135,-21,54,88,0,0,0,0,0,0,0,0,0,0,0,0,0,0,0,0,0,0,0,0,0,0,102327
1,1,1,1,370,-672,1719,-60,-6,-122,-22,54,86,0,0,0,0,0,0,0,0,0,0,0,0,0,0,0,0,0,0,0,0,0,0,102337
1,1,1,1,363,-699,1712,-106,-5,-118,-22,54,88,0,0,0,0,0,0,0,0,0,0,0,0,0,0,0,0,0,0,0,0,0,0,102347
1,1,1,1,347,-728,1623,-103,-26,-110,-22,54,90,0,0,0,0,0,0,0,0,0,0,0,0,0,0,0,0,0,0,0,0,0,0,102357
1,1,1,1,354,-751,1555,-56,-9,-100,-20,54,90,0,0,0,0,0,0,0,0,0,0,0,0,0,0,0,0,0,0,0,0,0,0,102367
1,1,1,1,424,-793,1530,-18,12,-89,-21,55,90,0,0,0,0,0,0,0,0,0,0,0,0,0,0,0,0,0,0,0,0,0,0,102377
1,1,1,1,446,-794,1537,30,2,-77,-19,55,88,0,0,0,0,0,0,0,0,0,0,0,0,0,0,0,0,0,0,0,0,0,0,102387
1,1,1,1,507,-723,1533,71,1,-58,-21,56,89,0,0,0,0,0,0,0,0,0,0,0,0,0,0,0,0,0,0,0,0,0,0,102397
1,1,1,1,442,-679,1552,106,-2,-43,-21,55,87,0,0,0,0,0,0,0,0,0,0,0,0,0,0,0,0,0,0,0,0,0,0,102407
1,1,1,1,431,-656,1581,106,18,-25,-20,55,84,0,0,0,0,0,0,0,0,0,0,0,0,0,0,0,0,0,0,0,0,0,0,102417
1,1,1,1,431,-665,1654,82,17,-16,-20,55,85,0,0,0,0,0,0,0,0,0,0,0,0,0,0,0,0,0,0,0,0,0,0,102427
1,1,1,1,424,-677,1676,54,4,-3,-19,56,84,0,0,0,0,0,0,0,0,0,0,0,0,0,0,0,0,0,0,0,0,0,0,102437
1,1,1,1,378,-690,1651,71,8,6,-20,56,84,0,0,0,0,0,0,0,0,0,0,0,0,0,0,0,0,0,0,0,0,0,0,102447
1,1,1,1,325,-714,1616,74,20,13,-18,55,83,0,0,0,0,0,0,0,0,0,0,0,0,0,0,0,0,0,0,0,0,0,0,102457
1,1,1,1,312,-707,1615,77,27,16,-18,55,83,0,0,0,0,0,0,0,0,0,0,0,0,0,0,0,0,0,0,0,0,0,0,102467
1,1,1,1,299,-671,1661,64,39,27,-18,54,80,0,0,0,0,0,0,0,0,0,0,0,0,0,0,0,0,0,0,0,0,0,0,102477
1,1,1,1,274,-632,1696,54,52,38,-17,55,80,0,0,0,0,0,0,0,0,0,0,0,0,0,0,0,0,0,0,0,0,0,0,102487
1,1,1,1,253,-656,1728,-5,49,26,-20,55,79,0,0,0,0,0,0,0,0,0,0,0,0,0,0,0,0,0,0,0,0,0,0,102497
1,1,1,1,265,-669,1760,-88,58,16,-18,53,79,0,0,0,0,0,0,0,0,0,0,0,0,0,0,0,0,0,0,0,0,0,0,102507
1,1,1,1,300,-661,1770,-144,30,0,-17,52,79,0,0,0,0,0,0,0,0,0,0,0,0,0,0,0,0,0,0,0,0,0,0,102517
1,1,1,1,331,-677,1706,-186,20,-12,-18,51,81,0,0,0,0,0,0,0,0,0,0,0,0,0,0,0,0,0,0,0,0,0,0,102527
1,1,1,1,354,-726,1660,-227,20,-22,-20,52,80,0,0,0,0,0,0,0,0,0,0,0,0,0,0,0,0,0,0,0,0,0,0,102537
1,1,1,1,379,-742,1644,-236,23,-29,-18,51,81,0,0,0,0,0,0,0,0,0,0,0,0,0,0,0,0,0,0,0,0,0,0,102547
1,1,1,1,384,-746,1637,-227,11,-23,-20,55,83,0,0,0,0,0,0,0,0,0,0,0,0,0,0,0,0,0,0,0,0,0,0,102557
1,1,1,1,381,-773,1607,-211,-3,-16,-17,52,82,0,0,0,0,0,0,0,0,0,0,0,0,0,0,0,0,0,0,0,0,0,0,102567
1,1,1,1,382,-793,1587,-192,6,-2,-19,53,82,0,0,0,0,0,0,0,0,0,0,0,0,0,0,0,0,0,0,0,0,0,0,102577
1,1,1,1,409,-796,1593,-147,1,9,-18,54,81,0,0,0,0,0,0,0,0,0,0,0,0,0,0,0,0,0,0,0,0,0,0,102587
1,1,1,1,417,-811,1583,-117,-9,24,-19,54,81,0,0,0,0,0,0,0,0,0,0,0,0,0,0,0,0,0,0,0,0,0,0,102597
1,1,1,1,410,-807,1566,-97,-10,36,-16,53,79,0,0,0,0,0,0,0,0,0,0,0,0,0,0,0,0,0,0,0,0,0,0,102607
1,1,1,1,388,-799,1580,-64,-6,47,-17,53,79,0,0,0,0,0,0,0,0,0,0,0,0,0,0,0,0,0,0,0,0,0,0,102617
1,1,1,1,376,-804,1627,-46,-9,50,-16,53,78,0,0,0,0,0,0,0,0,0,0,0,0,0,0,0,0,0,0,0,0,0,0,102627
1,1,1,1,357,-789,1667,-38,-22,47,-17,52,77,0,0,0,0,0,0,0,0,0,0,0,0,0,0,0,0,0,0,0,0,0,0,102637
1,1,1,1,356,-778,1668,-45,-8,41,-19,52,78,0,0,0,0,0,0,0,0,0,0,0,0,0,0,0,0,0,0,0,0,0,0,102647
1,1,1,1,347,-759,1660,-68,-12,30,-18,51,79,0,0,0,0,0,0,0,0,0,0,0,0,0,0,0,0,0,0,0,0,0,0,102657
1,1,1,1,337,-758,1632,-89,-11,17,-18,51,78,0,0,0,0,0,0,0,0,0,0,0,0,0,0,0,0,0,0,0,0,0,0,102667
1,1,1,1,366,-751,1618,-99,0,11,-18,52,79,0,0,0,0,0,0,0,0,0,0,0,0,0,0,0,0,0,0,0,0,0,0,102677
1,1,1,1,394,-775,1620,-102,0,-2,-16,52,78,0,0,0,0,0,0,0,0,0,0,0,0,0,0,0,0,0,0,0,0,0,0,102687
1,1,1,1,410,-775,1614,-111,-7,-10,-17,51,80,0,0,0,0,0,0,0,0,0,0,0,0,0,0,0,0,0,0,0,0,0,0,102697
1,1,1,1,398,-797,1637,-77,5,-19,-18,50,78,0,0,0,0,0,0,0,0,0,0,0,0,0,0,0,0,0,0,0,0,0,0,102737
1,1,1,1,388,-804,1636,-74,-4,-27,-17,51,78,0,0,0,0,0,0,0,0,0,0,0,0,0,0,0,0,0,0,0,0,0,0,102747
1,1,1,1,375,-795,1602,-68,1,-27,-18,51,82,0,0,0,0,0,0,0,0,0,0,0,0,0,0,0,0,0,0,0,0,0,0,102757
1,1,1,1,362,-809,1571,-69,21,-31,-18,51,80,0,0,0,0,0,0,0,0,0,0,0,0,0,0,0,0,0,0,0,0,0,0,102767
1,1,1,1,369,-814,1606,-89,34,-43,-18,50,81,0,0,0,0,0,0,0,0,0,0,0,0,0,0,0,0,0,0,0,0,0,0,102778
1,1,1,1,387,-798,1643,-96,18,-55,-16,51,79,0,0,0,0,0,0,0,0,0,0,0,0,0,0,0,0,0,0,0,0,0,0,102788
1,1,1,1,373,-761,1637,-90,9,-49,-19,52,82,0,0,0,0,0,0,0,0,0,0,0,0,0,0,0,0,0,0,0,0,0,0,102798
1,1,1,1,354,-762,1607,-79,4,-41,-16,48,78,0,0,0,0,0,0,0,0,0,0,0,0,0,0,0,0,0,0,0,0,0,0,102808
1,1,1,1,344,-768,1619,-86,28,-25,-17,51,79,0,0,0,0,0,0,0,0,0,0,0,0,0,0,0,0,0,0,0,0,0,0,102818
1,1,1,1,368,-759,1647,-74,14,-4,-20,51,80,0,0,0,0,0,0,0,0,0,0,0,0,0,0,0,0,0,0,0,0,0,0,102828
1,1,1,1,377,-793,1647,-57,12,7,-20,53,80,0,0,0,0,0,0,0,0,0,0,0,0,0,0,0,0,0,0,0,0,0,0,102838
1,1,1,1,370,-842,1619,-55,-9,-1,-20,52,83,0,0,0,0,0,0,0,0,0,0,0,0,0,0,0,0,0,0,0,0,0,0,102848
1,1,1,1,396,-843,1628,-57,-10,-9,-18,50,84,0,0,0,0,0,0,0,0,0,0,0,0,0,0,0,0,0,0,0,0,0,0,102858
1,1,1,1,445,-772,1643,-46,-13,13,-21,54,84,0,0,0,0,0,0,0,0,0,0,0,0,0,0,0,0,0,0,0,0,0,0,102868
1,1,1,1,472,-804,1608,-32,-21,11,-22,53,85,0,0,0,0,0,0,0,0,0,0,0,0,0,0,0,0,0,0,0,0,0,0,102878
1,1,1,1,477,-841,1565,-54,2,-11,-19,52,87,0,0,0,0,0,0,0,0,0,0,0,0,0,0,0,0,0,0,0,0,0,0,102888
1,1,1,1,500,-857,1541,-79,30,-37,-17,53,89,0,0,0,0,0,0,0,0,0,0,0,0,0,0,0,0,0,0,0,0,0,0,102898
1,1,1,1,514,-832,1513,-78,50,-47,-16,53,89,0,0,0,0,0,0,0,0,0,0,0,0,0,0,0,0,0,0,0,0,0,0,102908
1,1,1,1,511,-799,1561,-55,22,-46,-14,53,87,0,0,0,0,0,0,0,0,0,0,0,0,0,0,0,0,0,0,0,0,0,0,102918
1,1,1,1,525,-860,1580,-22,7,-41,-16,54,83,0,0,0,0,0,0,0,0,0,0,0,0,0,0,0,0,0,0,0,0,0,0,102928
1,1,1,1,467,-908,1585,-6,6,-34,-16,54,84,0,0,0,0,0,0,0,0,0,0,0,0,0,0,0,0,0,0,0,0,0,0,102938
1,1,1,1,398,-865,1531,32,10,-14,-13,53,84,0,0,0,0,0,0,0,0,0,0,0,0,0,0,0,0,0,0,0,0,0,0,102948
1,1,1,1,322,-832,1531,101,28,20,-12,53,81,0,0,0,0,0,0,0,0,0,0,0,0,0,0,0,0,0,0,0,0,0,0,102958
1,1,1,1,315,-812,1578,163,27,57,-12,53,77,0,0,0,0,0,0,0,0,0,0,0,0,0,0,0,0,0,0,0,0,0,0,102968
1,1,1,1,314,-823,1626,188,29,80,-12,53,75,0,0,0,0,0,0,0,0,0,0,0,0,0,0,0,0,0,0,0,0,0,0,102978
1,1,1,1,347,-775,1650,175,32,99,-10,53,74,0,0,0,0,0,0,0,0,0,0,0,0,0,0,0,0,0,0,0,0,0,0,102988
1,1,1,1,397,-738,1638,183,19,115,-9,52,75,0,0,0,0,0,0,0,0,0,0,0,0,0,0,0,0,0,0,0,0,0,0,102998
1,1,1,1,409,-764,1615,179,25,111,-9,51,75,0,0,0,0,0,0,0,0,0,0,0,0,0,0,0,0,0,0,0,0,0,0,103008
1,1,1,1,397,-730,1598,160,33,107,-9,52,72,0,0,0,0,0,0,0,0,0,0,0,0,0,0,0,0,0,0,0,0,0,0,103018
1,1,1,1,385,-677,1630,140,38,107,-11,52,72,0,0,0,0,0,0,0,0,0,0,0,0,0,0,0,0,0,0,0,0,0,0,103028
1,1,1,1,338,-681,1670,120,50,111,-11,52,72,0,0,0,0,0,0,0,0,0,0,0,0,0,0,0,0,0,0,0,0,0,0,103038
1,1,1,1,265,-706,1697,77,58,96,-11,53,75,0,0,0,0,0,0,0,0,0,0,0,0,0,0,0,0,0,0,0,0,0,0,103048
1,1,1,1,224,-728,1739,35,55,78,-12,52,72,0,0,0,0,0,0,0,0,0,0,0,0,0,0,0,0,0,0,0,0,0,0,103058
1,1,1,1,237,-773,1778,-16,35,57,-12,52,73,0,0,0,0,0,0,0,0,0,0,0,0,0,0,0,0,0,0,0,0,0,0,103068
1,1,1,1,272,-809,1820,-72,0,32,-11,51,73,0,0,0,0,0,0,0,0,0,0,0,0,0,0,0,0,0,0,0,0,0,0,103078
1,1,1,1,284,-804,1724,-91,-16,13,-12,51,76,0,0,0,0,0,0,0,0,0,0,0,0,0,0,0,0,0,0,0,0,0,0,103088
1,1,1,1,289,-767,1606,-91,-17,7,-15,51,77,0,0,0,0,0,0,0,0,0,0,0,0,0,0,0,0,0,0,0,0,0,0,103098
1,1,1,1,321,-737,1571,-44,-20,4,-16,51,80,0,0,0,0,0,0,0,0,0,0,0,0,0,0,0,0,0,0,0,0,0,0,103108
1,1,1,1,358,-757,1583,-10,-22,-2,-13,50,78,0,0,0,0,0,0,0,0,0,0,0,0,0,0,0,0,0,0,0,0,0,0,103118
1,1,1,1,368,-775,1613,-5,-25,-15,-16,56,80,0,0,0,0,0,0,0,0,0,0,0,0,0,0,0,0,0,0,0,0,0,0,103128
1,1,1,1,385,-755,1611,-12,-22,-16,-15,55,78,0,0,0,0,0,0,0,0,0,0,0,0,0,0,0,0,0,0,0,0,0,0,103138
1,1,1,1,381,-767,1635,-11,-21,-18,-12,50,79,0,0,0,0,0,0,0,0,0,0,0,0,0,0,0,0,0,0,0,0,0,0,103148
1,1,1,1,389,-804,1644,-33,-25,-21,-14,53,80,0,0,0,0,0,0,0,0,0,0,0,0,0,0,0,0,0,0,0,0,0,0,103158
1,1,1,1,399,-826,1649,-52,-37,-19,-13,49,79,0,0,0,0,0,0,0,0,0,0,0,0,0,0,0,0,0,0,0,0,0,0,103168
1,1,1,1,410,-829,1631,-66,-30,-2,-13,51,81,0,0,0,0,0,0,0,0,0,0,0,0,0,0,0,0,0,0,0,0,0,0,103178
1,1,1,1,418,-845,1638,-93,-27,19,-13,52,83,0,0,0,0,0,0,0,0,0,0,0,0,0,0,0,0,0,0,0,0,0,0,103188
1,1,1,1,414,-852,1649,-92,-39,29,-14,53,84,0,0,0,0,0,0,0,0,0,0,0,0,0,0,0,0,0,0,0,0,0,0,103198
1,1,1,1,381,-821,1597,-53,-49,35,-15,55,83,0,0,0,0,0,0,0,0,0,0,0,0,0,0,0,0,0,0,0,0,0,0,103208
1,1,1,1,361,-788,1547,-36,-41,47,-15,55,87,0,0,0,0,0,0,0,0,0,0,0,0,0,0,0,0,0,0,0,0,0,0,103218
1,1,1,1,382,-755,1557,-8,-31,65,-16,56,86,0,0,0,0,0,0,0,0,0,0,0,0,0,0,0,0,0,0,0,0,0,0,103228
1,1,1,1,376,-769,1593,29,-28,66,-16,55,88,0,0,0,0,0,0,0,0,0,0,0,0,0,0,0,0,0,0,0,0,0,0,103238
1,1,1,1,341,-782,1601,33,-23,57,-17,55,89,0,0,0,0,0,0,0,0,0,0,0,0,0,0,0,0,0,0,0,0,0,0,103248
1,1,1,1,323,-774,1632,18,-19,50,-17,56,87,0,0,0,0,0,0,0,0,0,0,0,0,0,0,0,0,0,0,0,0,0,0,103258
1,1,1,1,319,-774,1679,11,-17,41,-17,56,85,0,0,0,0,0,0,0,0,0,0,0,0,0,0,0,0,0,0,0,0,0,0,103268
1,1,1,1,302,-787,1656,12,-16,32,-17,56,88,0,0,0,0,0,0,0,0,0,0,0,0,0,0,0,0,0,0,0,0,0,0,103278
1,1,1,1,327,-805,1643,1,-16,28,-18,56,88,0,0,0,0,0,0,0,0,0,0,0,0,0,0,0,0,0,0,0,0,0,0,103288
1,1,1,1,353,-813,1637,2,-11,30,-19,57,91,0,0,0,0,0,0,0,0,0,0,0,0,0,0,0,0,0,0,0,0,0,0,103298
1,1,1,1,391,-832,1638,-30,-13,30,-18,55,89,0,0,0,0,0,0,0,0,0,0,0,0,0,0,0,0,0,0,0,0,0,0,103308
1,1,1,1,422,-814,1640,-53,-27,30,-17,55,91,0,0,0,0,0,0,0,0,0,0,0,0,0,0,0,0,0,0,0,0,0,0,103318
1,1,1,1,409,-789,1598,-27,-43,28,-19,55,91,0,0,0,0,0,0,0,0,0,0,0,0,0,0,0,0,0,0,0,0,0,0,103328
1,1,1,1,387,-777,1572,-22,-33,33,-20,57,91,0,0,0,0,0,0,0,0,0,0,0,0,0,0,0,0,0,0,0,0,0,0,103338
1,1,1,1,363,-762,1595,-6,-19,30,-18,57,91,0,0,0,0,0,0,0,0,0,0,0,0,0,0,0,0,0,0,0,0,0,0,103348
1,1,1,1,327,-774,1621,3,-14,20,-17,56,95,0,0,0,0,0,0,0,0,0,0,0,0,0,0,0,0,0,0,0,0,0,0,103358
1,1,1,1,309,-776,1619,-10,-7,16,-17,57,92,0,0,0,0,0,0,0,0,0,0,0,0,0,0,0,0,0,0,0,0,0,0,103368
1,1,1,1,315,-784,1635,-4,-1,15,-16,56,92,0,0,0,0,0,0,0,0,0,0,0,0,0,0,0,0,0,0,0,0,0,0,103378
1,1,1,1,344,-822,1642,-3,5,14,-18,58,93,0,0,0,0,0,0,0,0,0,0,0,0,0,0,0,0,0,0,0,0,0,0,103388
1,1,1,1,357,-839,1623,13,3,17,-19,57,94,0,0,0,0,0,0,0,0,0,0,0,0,0,0,0,0,0,0,0,0,0,0,103398
1,1,1,1,362,-846,1584,35,0,25,-18,56,92,0,0,0,0,0,0,0,0,0,0,0,0,0,0,0,0,0,0,0,0,0,0,103408
1,1,1,1,385,-844,1593,53,-12,24,-17,58,94,0,0,0,0,0,0,0,0,0,0,0,0,0,0,0,0,0,0,0,0,0,0,103418
1,1,1,1,414,-822,1635,58,-33,31,-15,54,90,0,0,0,0,0,0,0,0,0,0,0,0,0,0,0,0,0,0,0,0,0,0,103428
1,1,1,1,401,-811,1648,60,-37,39,-20,60,94,0,0,0,0,0,0,0,0,0,0,0,0,0,0,0,0,0,0,0,0,0,0,103438
1,1,1,1,359,-786,1637,45,-28,39,-19,57,93,0,0,0,0,0,0,0,0,0,0,0,0,0,0,0,0,0,0,0,0,0,0,103448
1,1,1,1,344,-766,1625,36,-34,35,-21,59,93,0,0,0,0,0,0,0,0,0,0,0,0,0,0,0,0,0,0,0,0,0,0,103458
1,1,1,1,346,-746,1595,41,-19,42,-19,57,92,0,0,0,0,0,0,0,0,0,0,0,0,0,0,0,0,0,0,0,0,0,0,103468
1,1,1,1,365,-789,1622,40,-22,32,-17,58,93,0,0,0,0,0,0,0,0,0,0,0,0,0,0,0,0,0,0,0,0,0,0,103478
1,1,1,1,383,-829,1664,10,-16,26,-18,57,92,0,0,0,0,0,0,0,0,0,0,0,0,0,0,0,0,0,0,0,0,0,0,103488
1,1,1,1,396,-841,1668,-24,-21,19,-16,56,91,0,0,0,0,0,0,0,0,0,0,0,0,0,0,0,0,0,0,0,0,0,0,103498
1,1,1,1,413,-831,1637,-32,-39,14,-17,57,91,0,0,0,0,0,0,0,0,0,0,0,0,0,0,0,0,0,0,0,0,0,0,103508
1,1,1,1,394,-800,1595,-13,-41,22,-17,58,93,0,0,0,0,0,0,0,0,0,0,0,0,0,0,0,0,0,0,0,0,0,0,103518
1,1,1,1,361,-783,1567,39,-44,37,-14,58,94,0,0,0,0,0,0,0,0,0,0,0,0,0,0,0,0,0,0,0,0,0,0,103528
1,1,1,1,361,-783,1567,102,-44,43,-18,59,93,0,0,0,0,0,0,0,0,0,0,0,0,0,0,0,0,0,0,0,0,0,0,103538
1,1,1,1,376,-813,1619,131,-47,43,-19,59,89,0,0,0,0,0,0,0,0,0,0,0,0,0,0,0,0,0,0,0,0,0,0,103548
1,1,1,1,377,-811,1658,98,-52,36,-17,56,91,0,0,0,0,0,0,0,0,0,0,0,0,0,0,0,0,0,0,0,0,0,0,103558
1,1,1,1,379,-760,1619,99,-40,32,-14,58,90,0,0,0,0,0,0,0,0,0,0,0,0,0,0,0,0,0,0,0,0,0,0,103568
1,1,1,1,410,-781,1653,37,-55,22,-12,56,84,0,0,0,0,0,0,0,0,0,0,0,0,0,0,0,0,0,0,0,0,0,0,103578
1,1,1,1,404,-726,1572,45,-46,39,-15,55,82,0,0,0,0,0,0,0,0,0,0,0,0,0,0,0,0,0,0,0,0,0,0,103588
1,1,1,1,333,-725,1460,196,7,40,-14,54,79,0,0,0,0,0,0,0,0,0,0,0,0,0,0,0,0,0,0,0,0,0,0,103598
1,1,1,1,322,-772,1338,163,123,73,-11,54,73,0,0,0,0,0,0,0,0,0,0,0,0,0,0,0,0,0,0,0,0,0,0,103608
1,1,1,1,592,-906,1753,-10,81,61,-13,53,71,0,0,0,0,0,0,0,0,0,0,0,0,0,0,0,0,0,0,0,0,0,0,103618
1,1,1,1,731,-882,1579,-99,60,11,-11,51,66,0,0,0,0,0,0,0,0,0,0,0,0,0,0,0,0,0,0,0,0,0,0,103628
1,1,1,1,108,-569,1686,8,84,188,-11,52,69,0,0,0,0,0,0,0,0,0,0,0,0,0,0,0,0,0,0,0,0,0,0,103638
1,1,1,1,231,-847,1447,126,135,144,-12,50,63,0,0,0,0,0,0,0,0,0,0,0,0,0,0,0,0,0,0,0,0,0,0,103648
1,1,1,1,564,-678,1520,38,226,209,-12,52,67,0,0,0,0,0,0,0,0,0,0,0,0,0,0,0,0,0,0,0,0,0,0,103658
1,1,1,1,448,-820,1660,-40,225,242,-8,53,62,0,0,0,0,0,0,0,0,0,0,0,0,0,0,0,0,0,0,0,0,0,0,103668
1,1,1,1,572,-716,1669,18,163,237,-10,52,60,0,0,0,0,0,0,0,0,0,0,0,0,0,0,0,0,0,0,0,0,0,0,103678
1,1,1,1,631,-742,1728,109,39,225,-10,51,54,0,0,0,0,0,0,0,0,0,0,0,0,0,0,0,0,0,0,0,0,0,0,103688
1,1,1,1,644,-827,1752,-11,-56,218,-12,49,52,0,0,0,0,0,0,0,0,0,0,0,0,0,0,0,0,0,0,0,0,0,0,103698
1,1,1,1,672,-791,1803,-148,-117,240,-11,49,49,0,0,0,0,0,0,0,0,0,0,0,0,0,0,0,0,0,0,0,0,0,0,103708
1,1,1,1,551,-717,1833,-220,-194,255,-12,53,51,0,0,0,0,0,0,0,0,0,0,0,0,0,0,0,0,0,0,0,0,0,0,103718
1,1,1,1,360,-819,1635,-169,-198,236,-10,46,50,0,0,0,0,0,0,0,0,0,0,0,0,0,0,0,0,0,0,0,0,0,0,103728
1,1,1,1,264,-865,1551,-122,-137,247,-14,48,46,0,0,0,0,0,0,0,0,0,0,0,0,0,0,0,0,0,0,0,0,0,0,103738
1,1,1,1,255,-974,1753,-256,-130,295,-15,49,45,0,0,0,0,0,0,0,0,0,0,0,0,0,0,0,0,0,0,0,0,0,0,103748
1,1,1,1,318,-1090,1853,-459,-137,276,-15,48,44,0,0,0,0,0,0,0,0,0,0,0,0,0,0,0,0,0,0,0,0,0,0,103758
1,1,1,1,370,-1027,1965,-673,-179,252,-14,45,41,0,0,0,0,0,0,0,0,0,0,0,0,0,0,0,0,0,0,0,0,0,0,103768
1,1,1,1,336,-922,1868,-758,-176,238,-14,44,42,0,0,0,0,0,0,0,0,0,0,0,0,0,0,0,0,0,0,0,0,0,0,103778
1,1,1,1,272,-862,1731,-788,-129,259,-10,41,42,0,0,0,0,0,0,0,0,0,0,0,0,0,0,0,0,0,0,0,0,0,0,103788
1,1,1,1,261,-806,1647,-668,-107,267,-11,43,41,0,0,0,0,0,0,0,0,0,0,0,0,0,0,0,0,0,0,0,0,0,0,103798
1,1,1,1,299,-843,1645,-485,-127,255,-10,42,41,0,0,0,0,0,0,0,0,0,0,0,0,0,0,0,0,0,0,0,0,0,0,103808
1,1,1,1,441,-974,1581,-387,-189,231,-8,42,44,0,0,0,0,0,0,0,0,0,0,0,0,0,0,0,0,0,0,0,0,0,0,103818
1,1,1,1,464,-963,1498,46,-244,181,-8,42,38,0,0,0,0,0,0,0,0,0,0,0,0,0,0,0,0,0,0,0,0,0,0,103828
1,1,1,1,515,-947,1440,338,-318,206,-8,40,37,0,0,0,0,0,0,0,0,0,0,0,0,0,0,0,0,0,0,0,0,0,0,103838
1,1,1,1,506,-943,1446,50,-308,306,-5,39,34,0,0,0,0,0,0,0,0,0,0,0,0,0,0,0,0,0,0,0,0,0,0,103848
1,1,1,1,140,-748,1347,435,-258,269,16,40,28,0,0,0,0,0,0,0,0,0,0,0,0,0,0,0,0,0,0,0,0,0,0,103858
1,1,1,1,345,-306,981,3395,-424,362,29,40,26,0,0,0,0,0,0,0,0,0,0,0,0,0,0,0,0,0,0,0,0,0,0,103868
1,1,1,1,118,-475,1142,7103,-458,863,-21,39,36,0,0,0,0,0,0,0,0,0,0,0,0,0,0,0,0,0,0,0,0,0,0,103878
1,1,1,1,694,-1019,1573,3107,-153,491,10,39,25,0,0,0,0,0,0,0,0,0,0,0,0,0,0,0,0,0,0,0,0,0,0,103888
1,1,1,1,517,-432,1130,3423,-59,525,2,38,27,0,0,0,0,0,0,0,0,0,0,0,0,0,0,0,0,0,0,0,0,0,0,103898
1,1,1,1,341,-687,1411,3090,221,458,-1,39,29,0,0,0,0,0,0,0,0,0,0,0,0,0,0,0,0,0,0,0,0,0,0,103908
1,1,1,1,353,-954,1451,2218,322,182,-3,38,33,0,0,0,0,0,0,0,0,0,0,0,0,0,0,0,0,0,0,0,0,0,0,103918
1,1,1,1,337,-1197,1755,1709,374,-143,-5,37,35,0,0,0,0,0,0,0,0,0,0,0,0,0,0,0,0,0,0,0,0,0,0,103928
1,1,1,1,261,-1142,1944,1044,489,-440,-6,36,39,0,0,0,0,0,0,0,0,0,0,0,0,0,0,0,0,0,0,0,0,0,0,103938
1,1,1,1,-2,-902,1771,624,570,-736,-3,38,37,0,0,0,0,0,0,0,0,0,0,0,0,0,0,0,0,0,0,0,0,0,0,103948
1,1,1,1,-84,-741,1561,829,622,-937,-1,38,36,0,0,0,0,0,0,0,0,0,0,0,0,0,0,0,0,0,0,0,0,0,0,103958
1,1,1,1,-77,-479,1464,993,662,-1020,3,37,36,0,0,0,0,0,0,0,0,0,0,0,0,0,0,0,0,0,0,0,0,0,0,103968
1,1,1,1,24,-140,1448,1340,658,-1098,5,38,36,0,0,0,0,0,0,0,0,0,0,0,0,0,0,0,0,0,0,0,0,0,0,103978
1,1,1,1,203,159,1304,1877,478,-1159,14,39,36,0,0,0,0,0,0,0,0,0,0,0,0,0,0,0,0,0,0,0,0,0,0,103988
1,1,1,1,354,355,1193,2879,191,-1147,20,40,35,0,0,0,0,0,0,0,0,0,0,0,0,0,0,0,0,0,0,0,0,0,0,103998
1,1,1,1,417,393,1171,4395,-106,-1012,27,38,32,0,0,0,0,0,0,0,0,0,0,0,0,0,0,0,0,0,0,0,0,0,0,104008
1,1,1,1,385,332,1027,6853,-435,-482,28,41,20,0,0,0,0,0,0,0,0,0,0,0,0,0,0,0,0,0,0,0,0,0,0,104018
1,1,1,1,303,-151,1498,6634,-527,576,-37,39,19,0,0,0,0,0,0,0,0,0,0,0,0,0,0,0,0,0,0,0,0,0,0,104028
1,1,1,1,37,311,2068,851,-401,1234,-17,39,19,0,0,0,0,0,0,0,0,0,0,0,0,0,0,0,0,0,0,0,0,0,0,104038
1,1,1,1,529,768,1604,143,-447,1556,8,38,18,0,0,0,0,0,0,0,0,0,0,0,0,0,0,0,0,0,0,0,0,0,0,104048
1,1,1,1,639,162,1146,1980,-393,1922,-8,38,10,0,0,0,0,0,0,0,0,0,0,0,0,0,0,0,0,0,0,0,0,0,0,104058
1,1,1,1,158,37,1321,926,-347,2603,-15,38,8,0,0,0,0,0,0,0,0,0,0,0,0,0,0,0,0,0,0,0,0,0,0,104068
1,1,1,1,124,423,1384,-330,-270,3026,-12,37,15,0,0,0,0,0,0,0,0,0,0,0,0,0,0,0,0,0,0,0,0,0,0,104078
1,1,1,1,428,565,1490,-522,19,3052,-9,36,18,0,0,0,0,0,0,0,0,0,0,0,0,0,0,0,0,0,0,0,0,0,0,104088
1,1,1,1,658,946,1714,-165,411,2654,-2,36,25,0,0,0,0,0,0,0,0,0,0,0,0,0,0,0,0,0,0,0,0,0,0,104098
1,1,1,1,1085,890,1343,483,611,1998,-3,37,31,0,0,0,0,0,0,0,0,0,0,0,0,0,0,0,0,0,0,0,0,0,0,104108
1,1,1,1,992,553,1404,485,618,1363,-6,38,35,0,0,0,0,0,0,0,0,0,0,0,0,0,0,0,0,0,0,0,0,0,0,104118
1,1,1,1,637,229,1775,552,516,942,-6,39,38,0,0,0,0,0,0,0,0,0,0,0,0,0,0,0,0,0,0,0,0,0,0,104128
1,1,1,1,420,-86,1697,504,187,447,-11,41,40,0,0,0,0,0,0,0,0,0,0,0,0,0,0,0,0,0,0,0,0,0,0,104138
1,1,1,1,270,-162,1362,203,-305,-96,-8,40,47,0,0,0,0,0,0,0,0,0,0,0,0,0,0,0,0,0,0,0,0,0,0,104148
1,1,1,1,274,-17,1260,289,-779,-700,-7,39,49,0,0,0,0,0,0,0,0,0,0,0,0,0,0,0,0,0,0,0,0,0,0,104158
1,1,1,1,370,219,1289,636,-1077,-1174,-2,38,45,0,0,0,0,0,0,0,0,0,0,0,0,0,0,0,0,0,0,0,0,0,0,104168
1,1,1,1,474,463,1401,992,-1192,-1261,-4,38,38,0,0,0,0,0,0,0,0,0,0,0,0,0,0,0,0,0,0,0,0,0,0,104178
1,1,1,1,673,656,1578,1032,-1211,-1007,-3,37,33,0,0,0,0,0,0,0,0,0,0,0,0,0,0,0,0,0,0,0,0,0,0,104188
1,1,1,1,969,818,1766,1044,-1272,-715,-1,38,31,0,0,0,0,0,0,0,0,0,0,0,0,0,0,0,0,0,0,0,0,0,0,104198
1,1,1,1,1177,825,1838,1161,-1431,-547,-1,37,34,0,0,0,0,0,0,0,0,0,0,0,0,0,0,0,0,0,0,0,0,0,0,104208
1,1,1,1,1154,833,1861,1281,-1683,-455,-3,38,31,0,0,0,0,0,0,0,0,0,0,0,0,0,0,0,0,0,0,0,0,0,0,104218
1,1,1,1,978,630,1867,1318,-2059,-320,-7,37,30,0,0,0,0,0,0,0,0,0,0,0,0,0,0,0,0,0,0,0,0,0,0,104228
1,1,1,1,625,292,1744,1159,-2437,-175,-6,37,32,0,0,0,0,0,0,0,0,0,0,0,0,0,0,0,0,0,0,0,0,0,0,104238
1,1,1,1,371,118,1564,914,-2654,-357,-8,34,38,0,0,0,0,0,0,0,0,0,0,0,0,0,0,0,0,0,0,0,0,0,0,104248
1,1,1,1,264,39,1271,819,-2608,-987,-4,32,42,0,0,0,0,0,0,0,0,0,0,0,0,0,0,0,0,0,0,0,0,0,0,104258
1,1,1,1,281,197,1043,985,-2232,-1629,4,31,36,0,0,0,0,0,0,0,0,0,0,0,0,0,0,0,0,0,0,0,0,0,0,104268
1,1,1,1,385,528,848,1553,-1733,-1786,6,29,25,0,0,0,0,0,0,0,0,0,0,0,0,0,0,0,0,0,0,0,0,0,0,104278
1,1,1,1,546,958,860,2313,-887,-1369,14,27,14,0,0,0,0,0,0,0,0,0,0,0,0,0,0,0,0,0,0,0,0,0,0,104288
1,1,1,1,870,1598,988,3334,-160,-419,4,28,2,0,0,0,0,0,0,0,0,0,0,0,0,0,0,0,0,0,0,0,0,0,0,104298
1,1,1,1,537,1269,1094,3087,419,726,8,29,6,0,0,0,0,0,0,0,0,0,0,0,0,0,0,0,0,0,0,0,0,0,0,104308
1,1,1,1,646,1295,1275,3136,717,1576,8,30,3,0,0,0,0,0,0,0,0,0,0,0,0,0,0,0,0,0,0,0,0,0,0,104318
1,1,1,1,722,1090,1512,3493,549,1906,6,32,7,0,0,0,0,0,0,0,0,0,0,0,0,0,0,0,0,0,0,0,0,0,0,104328
1,1,1,1,759,747,1768,3403,142,1853,3,34,12,0,0,0,0,0,0,0,0,0,0,0,0,0,0,0,0,0,0,0,0,0,0,104338
1,1,1,1,804,433,1910,2990,-197,1550,-1,29,14,0,0,0,0,0,0,0,0,0,0,0,0,0,0,0,0,0,0,0,0,0,0,104348
1,1,1,1,704,273,1739,2329,-368,1026,-2,31,18,0,0,0,0,0,0,0,0,0,0,0,0,0,0,0,0,0,0,0,0,0,0,104358
1,1,1,1,659,182,1155,1865,-366,343,-5,29,25,0,0,0,0,0,0,0,0,0,0,0,0,0,0,0,0,0,0,0,0,0,0,104368
1,1,1,1,626,53,573,1209,-73,-328,-6,27,28,0,0,0,0,0,0,0,0,0,0,0,0,0,0,0,0,0,0,0,0,0,0,104378
1,1,1,1,622,286,342,552,516,-664,-7,25,21,0,0,0,0,0,0,0,0,0,0,0,0,0,0,0,0,0,0,0,0,0,0,104388
1,1,1,1,735,661,507,63,1081,-510,-7,25,14,0,0,0,0,0,0,0,0,0,0,0,0,0,0,0,0,0,0,0,0,0,0,104398
1,1,1,1,923,1028,783,-108,1333,-98,-6,28,12,0,0,0,0,0,0,0,0,0,0,0,0,0,0,0,0,0,0,0,0,0,0,104408
1,1,1,1,997,1336,1066,-60,1301,305,-3,27,10,0,0,0,0,0,0,0,0,0,0,0,0,0,0,0,0,0,0,0,0,0,0,104418
1,1,1,1,978,1288,1380,-134,1235,548,-7,27,10,0,0,0,0,0,0,0,0,0,0,0,0,0,0,0,0,0,0,0,0,0,0,104428
1,1,1,1,972,1141,1312,-338,1104,748,-2,28,10,0,0,0,0,0,0,0,0,0,0,0,0,0,0,0,0,0,0,0,0,0,0,104438
1,1,1,1,907,1088,920,-84,935,830,-1,27,10,0,0,0,0,0,0,0,0,0,0,0,0,0,0,0,0,0,0,0,0,0,0,104448
1,1,1,1,870,991,621,518,904,954,0,26,8,0,0,0,0,0,0,0,0,0,0,0,0,0,0,0,0,0,0,0,0,0,0,104458
1,1,1,1,881,755,460,885,1026,1106,-1,26,11,0,0,0,0,0,0,0,0,0,0,0,0,0,0,0,0,0,0,0,0,0,0,104468
1,1,1,1,892,490,458,953,1169,1129,-1,26,9,0,0,0,0,0,0,0,0,0,0,0,0,0,0,0,0,0,0,0,0,0,0,104478
1,1,1,1,901,465,523,1125,1203,1016,-1,27,9,0,0,0,0,0,0,0,0,0,0,0,0,0,0,0,0,0,0,0,0,0,0,104488
1,1,1,1,912,687,834,1188,1111,900,-3,28,8,0,0,0,0,0,0,0,0,0,0,0,0,0,0,0,0,0,0,0,0,0,0,104498
1,1,1,1,965,834,1081,1045,981,871,-4,27,5,0,0,0,0,0,0,0,0,0,0,0,0,0,0,0,0,0,0,0,0,0,0,104508
1,1,1,1,952,1001,1061,856,899,895,-4,27,5,0,0,0,0,0,0,0,0,0,0,0,0,0,0,0,0,0,0,0,0,0,0,104518
1,1,1,1,896,1091,989,548,973,1014,1,25,6,0,0,0,0,0,0,0,0,0,0,0,0,0,0,0,0,0,0,0,0,0,0,104528
1,1,1,1,760,1244,795,550,1101,1237,2,25,2,0,0,0,0,0,0,0,0,0,0,0,0,0,0,0,0,0,0,0,0,0,0,104538
1,1,1,1,743,1046,560,1002,1168,1441,2,26,6,0,0,0,0,0,0,0,0,0,0,0,0,0,0,0,0,0,0,0,0,0,0,104548
1,1,1,1,843,557,647,1161,1153,1438,3,27,9,0,0,0,0,0,0,0,0,0,0,0,0,0,0,0,0,0,0,0,0,0,0,104558
1,1,1,1,890,645,853,1297,951,1213,-1,28,12,0,0,0,0,0,0,0,0,0,0,0,0,0,0,0,0,0,0,0,0,0,0,104568
1,1,1,1,1011,767,1123,1205,724,1040,-4,28,8,0,0,0,0,0,0,0,0,0,0,0,0,0,0,0,0,0,0,0,0,0,0,104578
1,1,1,1,1074,908,1191,813,470,941,-2,28,7,0,0,0,0,0,0,0,0,0,0,0,0,0,0,0,0,0,0,0,0,0,0,104588
1,1,1,1,1071,1128,1028,584,285,1038,-1,28,4,0,0,0,0,0,0,0,0,0,0,0,0,0,0,0,0,0,0,0,0,0,0,104598
1,1,1,1,1106,1289,818,592,236,1297,-4,28,2,0,0,0,0,0,0,0,0,0,0,0,0,0,0,0,0,0,0,0,0,0,0,104608
1,1,1,1,1052,1304,762,609,342,1627,-1,24,-7,0,0,0,0,0,0,0,0,0,0,0,0,0,0,0,0,0,0,0,0,0,0,104618
1,1,1,1,990,1269,777,683,421,1904,0,26,-9,0,0,0,0,0,0,0,0,0,0,0,0,0,0,0,0,0,0,0,0,0,0,104628
1,1,1,1,943,1132,743,1022,347,2007,4,28,-2,0,0,0,0,0,0,0,0,0,0,0,0,0,0,0,0,0,0,0,0,0,0,104638
1,1,1,1,1027,936,781,1409,161,1930,1,32,2,0,0,0,0,0,0,0,0,0,0,0,0,0,0,0,0,0,0,0,0,0,0,104648
1,1,1,1,1110,940,741,1611,17,1808,-1,28,-1,0,0,0,0,0,0,0,0,0,0,0,0,0,0,0,0,0,0,0,0,0,0,104658
1,1,1,1,1095,1020,699,1596,34,1758,0,26,-2,0,0,0,0,0,0,0,0,0,0,0,0,0,0,0,0,0,0,0,0,0,0,104668
1,1,1,1,1061,1016,730,1464,75,1714,-1,29,-1,0,0,0,0,0,0,0,0,0,0,0,0,0,0,0,0,0,0,0,0,0,0,104678
1,1,1,1,1066,1000,730,1258,123,1618,-1,25,1,0,0,0,0,0,0,0,0,0,0,0,0,0,0,0,0,0,0,0,0,0,0,104688
1,1,1,1,1072,1007,809,934,177,1561,-4,27,4,0,0,0,0,0,0,0,0,0,0,0,0,0,0,0,0,0,0,0,0,0,0,104698
1,1,1,1,1093,983,835,519,233,1520,-3,26,5,0,0,0,0,0,0,0,0,0,0,0,0,0,0,0,0,0,0,0,0,0,0,104708
1,1,1,1,1004,952,783,225,322,1449,-5,27,9,0,0,0,0,0,0,0,0,0,0,0,0,0,0,0,0,0,0,0,0,0,0,104718
1,1,1,1,1004,952,783,143,359,1346,-2,28,10,0,0,0,0,0,0,0,0,0,0,0,0,0,0,0,0,0,0,0,0,0,0,104728
1,1,1,1,984,799,653,344,307,1168,-2,29,9,0,0,0,0,0,0,0,0,0,0,0,0,0,0,0,0,0,0,0,0,0,0,104738
1,1,1,1,983,797,627,743,192,1041,0,28,8,0,0,0,0,0,0,0,0,0,0,0,0,0,0,0,0,0,0,0,0,0,0,104748
1,1,1,1,1113,801,645,1020,120,1026,-1,29,8,0,0,0,0,0,0,0,0,0,0,0,0,0,0,0,0,0,0,0,0,0,0,104758
1,1,1,1,1180,851,599,1178,72,1071,-2,27,6,0,0,0,0,0,0,0,0,0,0,0,0,0,0,0,0,0,0,0,0,0,0,104768
1,1,1,1,1245,925,549,1117,133,1147,-3,27,7,0,0,0,0,0,0,0,0,0,0,0,0,0,0,0,0,0,0,0,0,0,0,104778
1,1,1,1,1250,914,599,889,257,1246,-6,29,7,0,0,0,0,0,0,0,0,0,0,0,0,0,0,0,0,0,0,0,0,0,0,104788
1,1,1,1,1260,853,606,594,349,1233,-7,28,10,0,0,0,0,0,0,0,0,0,0,0,0,0,0,0,0,0,0,0,0,0,0,104798
1,1,1,1,1199,777,660,279,424,1118,-7,29,11,0,0,0,0,0,0,0,0,0,0,0,0,0,0,0,0,0,0,0,0,0,0,104808
1,1,1,1,1145,702,704,78,414,945,-7,30,10,0,0,0,0,0,0,0,0,0,0,0,0,0,0,0,0,0,0,0,0,0,0,104818
1,1,1,1,1129,675,679,107,326,817,-4,29,10,0,0,0,0,0,0,0,0,0,0,0,0,0,0,0,0,0,0,0,0,0,0,104828
1,1,1,1,1121,667,567,371,295,762,0,29,11,0,0,0,0,0,0,0,0,0,0,0,0,0,0,0,0,0,0,0,0,0,0,104838
1,1,1,1,1194,695,572,710,233,814,0,30,10,0,0,0,0,0,0,0,0,0,0,0,0,0,0,0,0,0,0,0,0,0,0,104848
1,1,1,1,1221,741,485,1018,245,952,-1,29,12,0,0,0,0,0,0,0,0,0,0,0,0,0,0,0,0,0,0,0,0,0,0,104858
1,1,1,1,1270,778,474,1089,308,1049,-4,30,14,0,0,0,0,0,0,0,0,0,0,0,0,0,0,0,0,0,0,0,0,0,0,104868
1,1,1,1,1275,801,527,1006,346,1086,-3,27,14,0,0,0,0,0,0,0,0,0,0,0,0,0,0,0,0,0,0,0,0,0,0,104878
1,1,1,1,1315,788,500,708,472,1077,-5,28,9,0,0,0,0,0,0,0,0,0,0,0,0,0,0,0,0,0,0,0,0,0,0,104888
1,1,1,1,1323,833,555,347,607,1049,-5,29,9,0,0,0,0,0,0,0,0,0,0,0,0,0,0,0,0,0,0,0,0,0,0,104898
1,1,1,1,1334,824,646,210,537,987,-5,29,13,0,0,0,0,0,0,0,0,0,0,0,0,0,0,0,0,0,0,0,0,0,0,104908
1,1,1,1,1247,726,603,286,421,824,-4,29,16,0,0,0,0,0,0,0,0,0,0,0,0,0,0,0,0,0,0,0,0,0,0,104918
1,1,1,1,1220,625,526,605,304,611,-3,32,16,0,0,0,0,0,0,0,0,0,0,0,0,0,0,0,0,0,0,0,0,0,0,104928
1,1,1,1,1253,567,539,894,241,410,-1,28,16,0,0,0,0,0,0,0,0,0,0,0,0,0,0,0,0,0,0,0,0,0,0,104938
1,1,1,1,1317,624,647,1108,116,337,0,29,15,0,0,0,0,0,0,0,0,0,0,0,0,0,0,0,0,0,0,0,0,0,0,104948
1,1,1,1,1352,724,681,1241,-49,367,1,26,12,0,0,0,0,0,0,0,0,0,0,0,0,0,0,0,0,0,0,0,0,0,0,104958
1,1,1,1,1369,848,602,1090,18,467,-6,30,12,0,0,0,0,0,0,0,0,0,0,0,0,0,0,0,0,0,0,0,0,0,0,104968
1,1,1,1,1340,966,574,833,275,696,-5,30,9,0,0,0,0,0,0,0,0,0,0,0,0,0,0,0,0,0,0,0,0,0,0,104978
1,1,1,1,1374,992,631,819,288,1011,0,27,6,0,0,0,0,0,0,0,0,0,0,0,0,0,0,0,0,0,0,0,0,0,0,104988
1,1,1,1,1361,988,615,939,211,1327,-1,28,4,0,0,0,0,0,0,0,0,0,0,0,0,0,0,0,0,0,0,0,0,0,0,104998
1,1,1,1,1333,925,599,982,171,1517,-2,32,8,0,0,0,0,0,0,0,0,0,0,0,0,0,0,0,0,0,0,0,0,0,0,105008
1,1,1,1,1321,827,625,943,66,1484,1,29,10,0,0,0,0,0,0,0,0,0,0,0,0,0,0,0,0,0,0,0,0,0,0,105018
1,1,1,1,1286,688,570,924,-8,1330,-1,28,17,0,0,0,0,0,0,0,0,0,0,0,0,0,0,0,0,0,0,0,0,0,0,105028
1,1,1,1,1288,518,449,857,-1,965,-3,29,18,0,0,0,0,0,0,0,0,0,0,0,0,0,0,0,0,0,0,0,0,0,0,105038
1,1,1,1,1384,543,380,786,42,664,-4,27,22,0,0,0,0,0,0,0,0,0,0,0,0,0,0,0,0,0,0,0,0,0,0,105048
1,1,1,1,1437,622,361,701,159,543,-6,28,17,0,0,0,0,0,0,0,0,0,0,0,0,0,0,0,0,0,0,0,0,0,0,105058
1,1,1,1,1536,758,408,714,180,648,-5,29,18,0,0,0,0,0,0,0,0,0,0,0,0,0,0,0,0,0,0,0,0,0,0,105068
1,1,1,1,1446,761,309,847,284,847,-4,29,22,0,0,0,0,0,0,0,0,0,0,0,0,0,0,0,0,0,0,0,0,0,0,105078
1,1,1,1,1391,649,372,996,321,935,-3,31,26,0,0,0,0,0,0,0,0,0,0,0,0,0,0,0,0,0,0,0,0,0,0,105088
1,1,1,1,1323,584,495,1001,273,909,-5,32,31,0,0,0,0,0,0,0,0,0,0,0,0,0,0,0,0,0,0,0,0,0,0,105098
1,1,1,1,1308,578,532,909,182,786,-9,32,30,0,0,0,0,0,0,0,0,0,0,0,0,0,0,0,0,0,0,0,0,0,0,105108
1,1,1,1,1386,667,518,766,84,663,-9,32,32,0,0,0,0,0,0,0,0,0,0,0,0,0,0,0,0,0,0,0,0,0,0,105118
1,1,1,1,1438,714,411,696,24,572,-9,32,36,0,0,0,0,0,0,0,0,0,0,0,0,0,0,0,0,0,0,0,0,0,0,105128
1,1,1,1,1506,761,352,722,9,542,-11,33,33,0,0,0,0,0,0,0,0,0,0,0,0,0,0,0,0,0,0,0,0,0,0,105138
1,1,1,1,1523,760,342,797,-25,537,-12,32,38,0,0,0,0,0,0,0,0,0,0,0,0,0,0,0,0,0,0,0,0,0,0,105148
1,1,1,1,1537,720,311,944,-57,536,-13,32,42,0,0,0,0,0,0,0,0,0,0,0,0,0,0,0,0,0,0,0,0,0,0,105158
1,1,1,1,1564,702,228,1094,-10,570,-11,33,41,0,0,0,0,0,0,0,0,0,0,0,0,0,0,0,0,0,0,0,0,0,0,105168
1,1,1,1,1621,694,203,1146,50,616,-13,33,45,0,0,0,0,0,0,0,0,0,0,0,0,0,0,0,0,0,0,0,0,0,0,105178
1,1,1,1,1609,649,227,1184,124,655,-14,35,46,0,0,0,0,0,0,0,0,0,0,0,0,0,0,0,0,0,0,0,0,0,0,105188
1,1,1,1,1576,623,272,1166,141,623,-15,34,45,0,0,0,0,0,0,0,0,0,0,0,0,0,0,0,0,0,0,0,0,0,0,105198
1,1,1,1,1573,680,327,1056,135,589,-17,36,44,0,0,0,0,0,0,0,0,0,0,0,0,0,0,0,0,0,0,0,0,0,0,105208
1,1,1,1,1553,715,344,985,112,585,-15,34,44,0,0,0,0,0,0,0,0,0,0,0,0,0,0,0,0,0,0,0,0,0,0,105218
1,1,1,1,1538,655,254,1057,47,555,-15,36,44,0,0,0,0,0,0,0,0,0,0,0,0,0,0,0,0,0,0,0,0,0,0,105228
1,1,1,1,1619,655,207,1158,10,551,-14,34,45,0,0,0,0,0,0,0,0,0,0,0,0,0,0,0,0,0,0,0,0,0,0,105238
1,1,1,1,1672,666,229,1221,-52,546,-15,36,46,0,0,0,0,0,0,0,0,0,0,0,0,0,0,0,0,0,0,0,0,0,0,105248
1,1,1,1,1696,673,206,1208,-39,544,-15,34,43,0,0,0,0,0,0,0,0,0,0,0,0,0,0,0,0,0,0,0,0,0,0,105258
1,1,1,1,1723,697,194,1158,-30,557,-18,36,45,0,0,0,0,0,0,0,0,0,0,0,0,0,0,0,0,0,0,0,0,0,0,105268
1,1,1,1,1718,702,190,1040,44,579,-18,36,43,0,0,0,0,0,0,0,0,0,0,0,0,0,0,0,0,0,0,0,0,0,0,105278
1,1,1,1,1664,677,229,890,90,576,-17,37,45,0,0,0,0,0,0,0,0,0,0,0,0,0,0,0,0,0,0,0,0,0,0,105288
1,1,1,1,1579,667,266,779,83,569,-14,38,46,0,0,0,0,0,0,0,0,0,0,0,0,0,0,0,0,0,0,0,0,0,0,105298
1,1,1,1,1523,621,209,801,43,553,-12,36,47,0,0,0,0,0,0,0,0,0,0,0,0,0,0,0,0,0,0,0,0,0,0,105308
1,1,1,1,1570,594,103,879,16,523,-13,36,45,0,0,0,0,0,0,0,0,0,0,0,0,0,0,0,0,0,0,0,0,0,0,105318
1,1,1,1,1659,657,107,927,7,524,-14,35,47,0,0,0,0,0,0,0,0,0,0,0,0,0,0,0,0,0,0,0,0,0,0,105328
1,1,1,1,1684,671,128,948,-11,553,-12,36,48,0,0,0,0,0,0,0,0,0,0,0,0,0,0,0,0,0,0,0,0,0,0,105338
1,1,1,1,1700,607,142,918,3,553,-16,37,50,0,0,0,0,0,0,0,0,0,0,0,0,0,0,0,0,0,0,0,0,0,0,105348
1,1,1,1,1706,577,150,893,-25,530,-14,36,48,0,0,0,0,0,0,0,0,0,0,0,0,0,0,0,0,0,0,0,0,0,0,105358
1,1,1,1,1714,576,150,874,-63,520,-16,36,47,0,0,0,0,0,0,0,0,0,0,0,0,0,0,0,0,0,0,0,0,0,0,105368
1,1,1,1,1703,596,171,780,-80,513,-18,36,47,0,0,0,0,0,0,0,0,0,0,0,0,0,0,0,0,0,0,0,0,0,0,105378
1,1,1,1,1694,637,176,610,-77,474,-16,35,41,0,0,0,0,0,0,0,0,0,0,0,0,0,0,0,0,0,0,0,0,0,0,105388
1,1,1,1,1684,695,126,440,-54,457,-13,34,41,0,0,0,0,0,0,0,0,0,0,0,0,0,0,0,0,0,0,0,0,0,0,105398
1,1,1,1,1706,748,-12,399,34,486,-11,35,42,0,0,0,0,0,0,0,0,0,0,0,0,0,0,0,0,0,0,0,0,0,0,105408
1,1,1,1,1725,726,-10,441,82,521,-13,36,44,0,0,0,0,0,0,0,0,0,0,0,0,0,0,0,0,0,0,0,0,0,0,105418
1,1,1,1,1704,626,-18,578,17,482,-13,36,44,0,0,0,0,0,0,0,0,0,0,0,0,0,0,0,0,0,0,0,0,0,0,105428
1,1,1,1,1720,631,3,677,-24,447,-13,36,43,0,0,0,0,0,0,0,0,0,0,0,0,0,0,0,0,0,0,0,0,0,0,105438
1,1,1,1,1688,700,78,634,3,440,-17,37,47,0,0,0,0,0,0,0,0,0,0,0,0,0,0,0,0,0,0,0,0,0,0,105448
1,1,1,1,1657,637,200,473,-24,387,-18,38,46,0,0,0,0,0,0,0,0,0,0,0,0,0,0,0,0,0,0,0,0,0,0,105458
1,1,1,1,1625,624,223,308,-77,311,-18,38,50,0,0,0,0,0,0,0,0,0,0,0,0,0,0,0,0,0,0,0,0,0,0,105468
1,1,1,1,1652,625,237,84,-127,231,-20,36,52,0,0,0,0,0,0,0,0,0,0,0,0,0,0,0,0,0,0,0,0,0,0,105478
1,1,1,1,1676,641,204,-104,-110,188,-21,36,50,0,0,0,0,0,0,0,0,0,0,0,0,0,0,0,0,0,0,0,0,0,0,105488
1,1,1,1,1798,677,-63,-236,45,148,-24,39,52,0,0,0,0,0,0,0,0,0,0,0,0,0,0,0,0,0,0,0,0,0,0,105518
1,1,1,1,1779,642,-55,-160,58,155,-18,35,50,0,0,0,0,0,0,0,0,0,0,0,0,0,0,0,0,0,0,0,0,0,0,105528
1,1,1,1,1784,595,17,-104,40,142,-19,41,50,0,0,0,0,0,0,0,0,0,0,0,0,0,0,0,0,0,0,0,0,0,0,105538
1,1,1,1,1759,550,35,-57,20,140,-18,37,53,0,0,0,0,0,0,0,0,0,0,0,0,0,0,0,0,0,0,0,0,0,0,105548
1,1,1,1,1759,507,97,-16,-29,125,-18,36,51,0,0,0,0,0,0,0,0,0,0,0,0,0,0,0,0,0,0,0,0,0,0,105558
1,1,1,1,1779,515,130,-59,-15,130,-19,39,53,0,0,0,0,0,0,0,0,0,0,0,0,0,0,0,0,0,0,0,0,0,0,105568
1,1,1,1,1779,523,171,-182,6,141,-18,38,54,0,0,0,0,0,0,0,0,0,0,0,0,0,0,0,0,0,0,0,0,0,0,105578
1,1,1,1,1726,498,219,-258,-27,146,-23,40,58,0,0,0,0,0,0,0,0,0,0,0,0,0,0,0,0,0,0,0,0,0,0,105588
1,1,1,1,1719,455,193,-291,-40,116,-21,36,59,0,0,0,0,0,0,0,0,0,0,0,0,0,0,0,0,0,0,0,0,0,0,105598
1,1,1,1,1768,478,162,-334,-74,79,-22,39,63,0,0,0,0,0,0,0,0,0,0,0,0,0,0,0,0,0,0,0,0,0,0,105608
1,1,1,1,1750,493,159,-341,-128,31,-21,38,64,0,0,0,0,0,0,0,0,0,0,0,0,0,0,0,0,0,0,0,0,0,0,105618
1,1,1,1,1716,530,21,-285,-93,14,-20,37,63,0,0,0,0,0,0,0,0,0,0,0,0,0,0,0,0,0,0,0,0,0,0,105628
1,1,1,1,1797,590,-77,-185,-38,44,-19,37,63,0,0,0,0,0,0,0,0,0,0,0,0,0,0,0,0,0,0,0,0,0,0,105638
1,1,1,1,1826,592,-50,-80,7,80,-19,37,63,0,0,0,0,0,0,0,0,0,0,0,0,0,0,0,0,0,0,0,0,0,0,105648
1,1,1,1,1774,580,40,-43,28,82,-19,38,61,0,0,0,0,0,0,0,0,0,0,0,0,0,0,0,0,0,0,0,0,0,0,105658
1,1,1,1,1751,587,94,-43,37,95,-21,38,62,0,0,0,0,0,0,0,0,0,0,0,0,0,0,0,0,0,0,0,0,0,0,105668
1,1,1,1,1752,578,144,-115,41,84,-20,39,62,0,0,0,0,0,0,0,0,0,0,0,0,0,0,0,0,0,0,0,0,0,0,105678
1,1,1,1,1705,552,218,-270,69,68,-20,41,64,0,0,0,0,0,0,0,0,0,0,0,0,0,0,0,0,0,0,0,0,0,0,105688
1,1,1,1,1681,501,258,-408,52,17,-21,40,64,0,0,0,0,0,0,0,0,0,0,0,0,0,0,0,0,0,0,0,0,0,0,105698
1,1,1,1,1690,478,176,-464,7,-46,-23,39,65,0,0,0,0,0,0,0,0,0,0,0,0,0,0,0,0,0,0,0,0,0,0,105708
1,1,1,1,1773,518,118,-466,-8,-69,-22,39,68,0,0,0,0,0,0,0,0,0,0,0,0,0,0,0,0,0,0,0,0,0,0,105718
1,1,1,1,1819,548,66,-467,-6,-69,-23,39,69,0,0,0,0,0,0,0,0,0,0,0,0,0,0,0,0,0,0,0,0,0,0,105728
1,1,1,1,1829,543,44,-448,32,-58,-25,40,67,0,0,0,0,0,0,0,0,0,0,0,0,0,0,0,0,0,0,0,0,0,0,105738
1,1,1,1,1819,533,85,-455,43,-44,-21,40,68,0,0,0,0,0,0,0,0,0,0,0,0,0,0,0,0,0,0,0,0,0,0,105748
1,1,1,1,1789,530,45,-385,73,-2,-19,39,66,0,0,0,0,0,0,0,0,0,0,0,0,0,0,0,0,0,0,0,0,0,0,105758
1,1,1,1,1832,519,45,-334,104,51,-19,41,65,0,0,0,0,0,0,0,0,0,0,0,0,0,0,0,0,0,0,0,0,0,0,105768
1,1,1,1,1795,503,125,-339,116,77,-19,41,69,0,0,0,0,0,0,0,0,0,0,0,0,0,0,0,0,0,0,0,0,0,0,105778
1,1,1,1,1730,450,186,-380,102,37,-20,42,70,0,0,0,0,0,0,0,0,0,0,0,0,0,0,0,0,0,0,0,0,0,0,105788
1,1,1,1,1736,508,191,-409,71,22,-20,43,69,0,0,0,0,0,0,0,0,0,0,0,0,0,0,0,0,0,0,0,0,0,0,105798
1,1,1,1,1726,471,169,-354,45,24,-20,43,73,0,0,0,0,0,0,0,0,0,0,0,0,0,0,0,0,0,0,0,0,0,0,105808
1,1,1,1,1743,468,193,-314,28,27,-22,44,73,0,0,0,0,0,0,0,0,0,0,0,0,0,0,0,0,0,0,0,0,0,0,105818
1,1,1,1,1720,445,201,-311,41,34,-24,46,75,0,0,0,0,0,0,0,0,0,0,0,0,0,0,0,0,0,0,0,0,0,0,105828
1,1,1,1,1727,438,198,-307,60,44,-24,45,74,0,0,0,0,0,0,0,0,0,0,0,0,0,0,0,0,0,0,0,0,0,0,105838
1,1,1,1,1740,435,171,-272,55,67,-23,45,74,0,0,0,0,0,0,0,0,0,0,0,0,0,0,0,0,0,0,0,0,0,0,105848
1,1,1,1,1762,457,129,-247,88,88,-24,45,73,0,0,0,0,0,0,0,0,0,0,0,0,0,0,0,0,0,0,0,0,0,0,105858
1,1,1,1,1767,462,149,-220,105,117,-21,44,75,0,0,0,0,0,0,0,0,0,0,0,0,0,0,0,0,0,0,0,0,0,0,105868
1,1,1,1,1741,426,166,-189,111,130,-20,44,74,0,0,0,0,0,0,0,0,0,0,0,0,0,0,0,0,0,0,0,0,0,0,105878
1,1,1,1,1769,421,159,-160,106,155,-21,41,74,0,0,0,0,0,0,0,0,0,0,0,0,0,0,0,0,0,0,0,0,0,0,105888
1,1,1,1,1785,387,183,-132,97,175,-18,44,75,0,0,0,0,0,0,0,0,0,0,0,0,0,0,0,0,0,0,0,0,0,0,105898
1,1,1,1,1760,373,194,-64,74,179,-19,46,74,0,0,0,0,0,0,0,0,0,0,0,0,0,0,0,0,0,0,0,0,0,0,105908
1,1,1,1,1781,389,200,-6,47,205,-15,43,76,0,0,0,0,0,0,0,0,0,0,0,0,0,0,0,0,0,0,0,0,0,0,105918
1,1,1,1,1781,389,200,73,48,235,-16,44,78,0,0,0,0,0,0,0,0,0,0,0,0,0,0,0,0,0,0,0,0,0,0,105928
1,1,1,1,1782,393,163,98,42,231,-18,45,79,0,0,0,0,0,0,0,0,0,0,0,0,0,0,0,0,0,0,0,0,0,0,105938
1,1,1,1,1780,448,207,64,37,255,-20,45,80,0,0,0,0,0,0,0,0,0,0,0,0,0,0,0,0,0,0,0,0,0,0,105948
1,1,1,1,1783,438,205,-31,72,257,-20,45,80,0,0,0,0,0,0,0,0,0,0,0,0,0,0,0,0,0,0,0,0,0,0,105958
1,1,1,1,1785,455,212,-115,84,240,-19,45,77,0,0,0,0,0,0,0,0,0,0,0,0,0,0,0,0,0,0,0,0,0,0,105968
1,1,1,1,1772,446,164,-54,79,258,-19,45,75,0,0,0,0,0,0,0,0,0,0,0,0,0,0,0,0,0,0,0,0,0,0,105978
1,1,1,1,1785,410,157,12,66,249,-20,46,74,0,0,0,0,0,0,0,0,0,0,0,0,0,0,0,0,0,0,0,0,0,0,105988
1,1,1,1,1792,435,196,-22,61,231,-17,46,74,0,0,0,0,0,0,0,0,0,0,0,0,0,0,0,0,0,0,0,0,0,0,105998
1,1,1,1,1762,443,229,-42,46,229,-17,46,75,0,0,0,0,0,0,0,0,0,0,0,0,0,0,0,0,0,0,0,0,0,0,106008
1,1,1,1,1756,407,204,-39,42,194,-16,46,74,0,0,0,0,0,0,0,0,0,0,0,0,0,0,0,0,0,0,0,0,0,0,106018
1,1,1,1,1784,442,199,-61,45,171,-18,46,73,0,0,0,0,0,0,0,0,0,0,0,0,0,0,0,0,0,0,0,0,0,0,106028
1,1,1,1,1738,449,250,-75,26,159,-17,45,74,0,0,0,0,0,0,0,0,0,0,0,0,0,0,0,0,0,0,0,0,0,0,106038
1,1,1,1,1707,419,254,-102,20,130,-19,45,75,0,0,0,0,0,0,0,0,0,0,0,0,0,0,0,0,0,0,0,0,0,0,106048
1,1,1,1,1746,424,253,-198,22,90,-20,47,73,0,0,0,0,0,0,0,0,0,0,0,0,0,0,0,0,0,0,0,0,0,0,106058
1,1,1,1,1767,437,267,-261,28,75,-18,47,75,0,0,0,0,0,0,0,0,0,0,0,0,0,0,0,0,0,0,0,0,0,0,106068
1,1,1,1,1770,407,217,-230,29,58,-19,47,73,0,0,0,0,0,0,0,0,0,0,0,0,0,0,0,0,0,0,0,0,0,0,106078
1,1,1,1,1846,420,133,-157,33,39,-18,46,73,0,0,0,0,0,0,0,0,0,0,0,0,0,0,0,0,0,0,0,0,0,0,106088
1,1,1,1,1876,442,144,-157,75,66,-16,47,73,0,0,0,0,0,0,0,0,0,0,0,0,0,0,0,0,0,0,0,0,0,0,106098
1,1,1,1,1820,429,181,-147,109,99,-17,47,71,0,0,0,0,0,0,0,0,0,0,0,0,0,0,0,0,0,0,0,0,0,0,106108
1,1,1,1,1811,403,213,-147,147,125,-17,47,71,0,0,0,0,0,0,0,0,0,0,0,0,0,0,0,0,0,0,0,0,0,0,106118
1,1,1,1,1800,407,205,-170,191,150,-20,48,69,0,0,0,0,0,0,0,0,0,0,0,0,0,0,0,0,0,0,0,0,0,0,106128
1,1,1,1,1845,474,212,-235,252,204,-19,46,69,0,0,0,0,0,0,0,0,0,0,0,0,0,0,0,0,0,0,0,0,0,0,106138
1,1,1,1,1844,522,271,-320,286,262,-17,43,68,0,0,0,0,0,0,0,0,0,0,0,0,0,0,0,0,0,0,0,0,0,0,106148
1,1,1,1,1791,515,320,-389,255,246,-17,42,70,0,0,0,0,0,0,0,0,0,0,0,0,0,0,0,0,0,0,0,0,0,0,106158
1,1,1,1,1745,481,345,-357,180,186,-18,44,72,0,0,0,0,0,0,0,0,0,0,0,0,0,0,0,0,0,0,0,0,0,0,106168
1,1,1,1,1725,431,339,-349,137,114,-21,47,71,0,0,0,0,0,0,0,0,0,0,0,0,0,0,0,0,0,0,0,0,0,0,106178
1,1,1,1,1733,374,361,-428,125,45,-21,47,71,0,0,0,0,0,0,0,0,0,0,0,0,0,0,0,0,0,0,0,0,0,0,106188
1,1,1,1,1710,325,379,-454,91,8,-17,46,71,0,0,0,0,0,0,0,0,0,0,0,0,0,0,0,0,0,0,0,0,0,0,106198
1,1,1,1,1675,247,326,-397,73,-30,-14,42,71,0,0,0,0,0,0,0,0,0,0,0,0,0,0,0,0,0,0,0,0,0,0,106208
1,1,1,1,1665,161,317,-285,27,-98,-13,44,73,0,0,0,0,0,0,0,0,0,0,0,0,0,0,0,0,0,0,0,0,0,0,106218
1,1,1,1,1630,122,329,-142,-34,-125,-14,45,74,0,0,0,0,0,0,0,0,0,0,0,0,0,0,0,0,0,0,0,0,0,0,106228
1,1,1,1,1695,180,269,-28,-46,-72,-17,45,82,0,0,0,0,0,0,0,0,0,0,0,0,0,0,0,0,0,0,0,0,0,0,106238
1,1,1,1,1780,221,200,48,-26,2,-19,45,80,0,0,0,0,0,0,0,0,0,0,0,0,0,0,0,0,0,0,0,0,0,0,106248
1,1,1,1,1762,226,274,63,-26,36,-19,45,83,0,0,0,0,0,0,0,0,0,0,0,0,0,0,0,0,0,0,0,0,0,0,106258
1,1,1,1,1721,232,315,77,-35,38,-20,45,87,0,0,0,0,0,0,0,0,0,0,0,0,0,0,0,0,0,0,0,0,0,0,106268
1,1,1,1,1754,284,324,70,-38,27,-21,45,88,0,0,0,0,0,0,0,0,0,0,0,0,0,0,0,0,0,0,0,0,0,0,106278
1,1,1,1,1780,333,328,60,-23,36,-20,45,92,0,0,0,0,0,0,0,0,0,0,0,0,0,0,0,0,0,0,0,0,0,0,106288
1,1,1,1,1797,353,321,49,-17,26,-23,46,93,0,0,0,0,0,0,0,0,0,0,0,0,0,0,0,0,0,0,0,0,0,0,106298
1,1,1,1,1801,344,308,59,-18,2,-24,47,95,0,0,0,0,0,0,0,0,0,0,0,0,0,0,0,0,0,0,0,0,0,0,106308
1,1,1,1,1792,321,300,99,-39,-24,-25,47,97,0,0,0,0,0,0,0,0,0,0,0,0,0,0,0,0,0,0,0,0,0,0,106318
1,1,1,1,1835,343,256,137,-52,-14,-28,47,101,0,0,0,0,0,0,0,0,0,0,0,0,0,0,0,0,0,0,0,0,0,0,106328
1,1,1,1,1845,343,235,170,-41,6,-30,47,98,0,0,0,0,0,0,0,0,0,0,0,0,0,0,0,0,0,0,0,0,0,0,106338
1,1,1,1,1842,354,261,157,-22,37,-31,47,98,0,0,0,0,0,0,0,0,0,0,0,0,0,0,0,0,0,0,0,0,0,0,106348
1,1,1,1,1828,367,278,93,-6,64,-29,48,97,0,0,0,0,0,0,0,0,0,0,0,0,0,0,0,0,0,0,0,0,0,0,106358
1,1,1,1,1803,383,289,86,10,89,-27,47,99,0,0,0,0,0,0,0,0,0,0,0,0,0,0,0,0,0,0,0,0,0,0,106368
1,1,1,1,1795,385,286,73,13,74,-29,48,97,0,0,0,0,0,0,0,0,0,0,0,0,0,0,0,0,0,0,0,0,0,0,106378
1,1,1,1,1797,428,292,35,20,57,-29,48,96,0,0,0,0,0,0,0,0,0,0,0,0,0,0,0,0,0,0,0,0,0,0,106388
1,1,1,1,1801,452,296,-2,36,49,-28,48,95,0,0,0,0,0,0,0,0,0,0,0,0,0,0,0,0,0,0,0,0,0,0,106398
1,1,1,1,1784,439,295,8,26,26,-24,47,95,0,0,0,0,0,0,0,0,0,0,0,0,0,0,0,0,0,0,0,0,0,0,106408
1,1,1,1,1762,416,301,24,12,-7,-27,47,97,0,0,0,0,0,0,0,0,0,0,0,0,0,0,0,0,0,0,0,0,0,0,106418
1,1,1,1,1759,379,299,30,-6,-39,-27,49,95,0,0,0,0,0,0,0,0,0,0,0,0,0,0,0,0,0,0,0,0,0,0,106428
1,1,1,1,1774,355,286,15,-8,-51,-29,49,98,0,0,0,0,0,0,0,0,0,0,0,0,0,0,0,0,0,0,0,0,0,0,106438
1,1,1,1,1792,325,288,-30,-10,-48,-26,46,97,0,0,0,0,0,0,0,0,0,0,0,0,0,0,0,0,0,0,0,0,0,0,106448
1,1,1,1,1767,293,293,-39,-5,-45,-27,47,95,0,0,0,0,0,0,0,0,0,0,0,0,0,0,0,0,0,0,0,0,0,0,106458
1,1,1,1,1769,274,277,-15,-5,-42,-32,51,97,0,0,0,0,0,0,0,0,0,0,0,0,0,0,0,0,0,0,0,0,0,0,106468
1,1,1,1,1800,305,280,-43,-5,-48,-27,46,93,0,0,0,0,0,0,0,0,0,0,0,0,0,0,0,0,0,0,0,0,0,0,106478
1,1,1,1,1792,336,282,-53,5,-41,-28,48,93,0,0,0,0,0,0,0,0,0,0,0,0,0,0,0,0,0,0,0,0,0,0,106488
1,1,1,1,1771,346,282,-31,7,-32,-25,45,92,0,0,0,0,0,0,0,0,0,0,0,0,0,0,0,0,0,0,0,0,0,0,106498
1,1,1,1,1758,349,291,-13,15,-18,-26,46,93,0,0,0,0,0,0,0,0,0,0,0,0,0,0,0,0,0,0,0,0,0,0,106508
1,1,1,1,1748,332,289,2,15,-15,-26,46,94,0,0,0,0,0,0,0,0,0,0,0,0,0,0,0,0,0,0,0,0,0,0,106518
1,1,1,1,1741,323,302,5,9,-19,-25,49,94,0,0,0,0,0,0,0,0,0,0,0,0,0,0,0,0,0,0,0,0,0,0,106528
1,1,1,1,1739,312,314,-1,2,-23,-24,46,95,0,0,0,0,0,0,0,0,0,0,0,0,0,0,0,0,0,0,0,0,0,0,106538
1,1,1,1,1750,323,307,3,-8,-24,-23,46,97,0,0,0,0,0,0,0,0,0,0,0,0,0,0,0,0,0,0,0,0,0,0,106548
1,1,1,1,1779,332,292,9,-12,-23,-26,46,96,0,0,0,0,0,0,0,0,0,0,0,0,0,0,0,0,0,0,0,0,0,0,106558
1,1,1,1,1800,351,299,-16,0,-16,-28,47,97,0,0,0,0,0,0,0,0,0,0,0,0,0,0,0,0,0,0,0,0,0,0,106568
1,1,1,1,1803,364,300,-36,15,-7,-29,45,97,0,0,0,0,0,0,0,0,0,0,0,0,0,0,0,0,0,0,0,0,0,0,106578
1,1,1,1,1809,374,296,-56,15,-7,-31,47,99,0,0,0,0,0,0,0,0,0,0,0,0,0,0,0,0,0,0,0,0,0,0,106588
1,1,1,1,1827,384,272,-92,35,-6,-30,48,95,0,0,0,0,0,0,0,0,0,0,0,0,0,0,0,0,0,0,0,0,0,0,106598
1,1,1,1,1806,371,280,-103,50,-3,-29,46,96,0,0,0,0,0,0,0,0,0,0,0,0,0,0,0,0,0,0,0,0,0,0,106608
1,1,1,1,1769,352,289,-102,43,-17,-27,47,95,0,0,0,0,0,0,0,0,0,0,0,0,0,0,0,0,0,0,0,0,0,0,106618
1,1,1,1,1760,365,287,-106,43,-14,-28,47,97,0,0,0,0,0,0,0,0,0,0,0,0,0,0,0,0,0,0,0,0,0,0,106628
1,1,1,1,1738,361,311,-96,30,-4,-27,45,95,0,0,0,0,0,0,0,0,0,0,0,0,0,0,0,0,0,0,0,0,0,0,106638
1,1,1,1,1739,365,297,-72,14,2,-30,47,97,0,0,0,0,0,0,0,0,0,0,0,0,0,0,0,0,0,0,0,0,0,0,106648
1,1,1,1,1762,350,295,-42,3,9,-30,46,98,0,0,0,0,0,0,0,0,0,0,0,0,0,0,0,0,0,0,0,0,0,0,106658
1,1,1,1,1769,379,329,-40,5,43,-31,46,100,0,0,0,0,0,0,0,0,0,0,0,0,0,0,0,0,0,0,0,0,0,0,106668
1,1,1,1,1766,355,351,-94,23,58,-30,47,100,0,0,0,0,0,0,0,0,0,0,0,0,0,0,0,0,0,0,0,0,0,0,106678
1,1,1,1,1764,317,349,-148,39,41,-31,46,103,0,0,0,0,0,0,0,0,0,0,0,0,0,0,0,0,0,0,0,0,0,0,106688
1,1,1,1,1781,316,325,-214,52,25,-31,47,105,0,0,0,0,0,0,0,0,0,0,0,0,0,0,0,0,0,0,0,0,0,0,106698
1,1,1,1,1787,302,288,-227,59,23,-29,46,105,0,0,0,0,0,0,0,0,0,0,0,0,0,0,0,0,0,0,0,0,0,0,106708
1,1,1,1,1768,289,285,-174,53,19,-28,46,105,0,0,0,0,0,0,0,0,0,0,0,0,0,0,0,0,0,0,0,0,0,0,106718
1,1,1,1,1750,299,304,-130,36,30,-28,45,109,0,0,0,0,0,0,0,0,0,0,0,0,0,0,0,0,0,0,0,0,0,0,106728
1,1,1,1,1751,289,291,-88,25,28,-28,44,108,0,0,0,0,0,0,0,0,0,0,0,0,0,0,0,0,0,0,0,0,0,0,106738
1,1,1,1,1774,327,305,-65,3,42,-29,45,108,0,0,0,0,0,0,0,0,0,0,0,0,0,0,0,0,0,0,0,0,0,0,106748
1,1,1,1,1773,356,339,-70,-17,40,-34,45,113,0,0,0,0,0,0,0,0,0,0,0,0,0,0,0,0,0,0,0,0,0,0,106768
1,1,1,1,1803,367,324,-84,-10,45,-32,44,112,0,0,0,0,0,0,0,0,0,0,0,0,0,0,0,0,0,0,0,0,0,0,106778
1,1,1,1,1812,350,301,-50,3,48,-32,45,112,0,0,0,0,0,0,0,0,0,0,0,0,0,0,0,0,0,0,0,0,0,0,106788
1,1,1,1,1816,333,318,-68,19,46,-31,45,113,0,0,0,0,0,0,0,0,0,0,0,0,0,0,0,0,0,0,0,0,0,0,106798
1,1,1,1,1789,312,328,-97,20,31,-33,46,115,0,0,0,0,0,0,0,0,0,0,0,0,0,0,0,0,0,0,0,0,0,0,106808
1,1,1,1,1788,288,314,-71,20,30,-30,45,115,0,0,0,0,0,0,0,0,0,0,0,0,0,0,0,0,0,0,0,0,0,0,106818
1,1,1,1,1787,273,300,-23,11,18,-31,47,116,0,0,0,0,0,0,0,0,0,0,0,0,0,0,0,0,0,0,0,0,0,0,106828
1,1,1,1,1776,281,304,16,-8,20,-31,47,116,0,0,0,0,0,0,0,0,0,0,0,0,0,0,0,0,0,0,0,0,0,0,106838
1,1,1,1,1767,283,327,30,-12,22,-32,47,117,0,0,0,0,0,0,0,0,0,0,0,0,0,0,0,0,0,0,0,0,0,0,106848
1,1,1,1,1765,297,321,46,-12,34,-31,47,117,0,0,0,0,0,0,0,0,0,0,0,0,0,0,0,0,0,0,0,0,0,0,106858
1,1,1,1,1798,306,302,46,-18,50,-32,47,117,0,0,0,0,0,0,0,0,0,0,0,0,0,0,0,0,0,0,0,0,0,0,106868
1,1,1,1,1797,302,319,34,-13,54,-30,47,114,0,0,0,0,0,0,0,0,0,0,0,0,0,0,0,0,0,0,0,0,0,0,106878
1,1,1,1,1768,310,336,33,-13,47,-32,48,116,0,0,0,0,0,0,0,0,0,0,0,0,0,0,0,0,0,0,0,0,0,0,106888
1,1,1,1,1758,327,342,15,-9,32,-30,48,113,0,0,0,0,0,0,0,0,0,0,0,0,0,0,0,0,0,0,0,0,0,0,106898
1,1,1,1,1757,341,332,3,-6,18,-31,48,113,0,0,0,0,0,0,0,0,0,0,0,0,0,0,0,0,0,0,0,0,0,0,106908
1,1,1,1,1751,349,344,-13,-6,7,-30,48,113,0,0,0,0,0,0,0,0,0,0,0,0,0,0,0,0,0,0,0,0,0,0,106918
1,1,1,1,1745,349,349,-39,-10,-16,-31,48,115,0,0,0,0,0,0,0,0,0,0,0,0,0,0,0,0,0,0,0,0,0,0,106928
1,1,1,1,1761,348,335,-62,3,-39,-30,47,113,0,0,0,0,0,0,0,0,0,0,0,0,0,0,0,0,0,0,0,0,0,0,106938
1,1,1,1,1785,342,333,-75,4,-54,-31,48,114,0,0,0,0,0,0,0,0,0,0,0,0,0,0,0,0,0,0,0,0,0,0,106948
1,1,1,1,1801,336,311,-50,-1,-32,-30,47,115,0,0,0,0,0,0,0,0,0,0,0,0,0,0,0,0,0,0,0,0,0,0,106958
1,1,1,1,1801,308,305,-41,13,-23,-31,47,111,0,0,0,0,0,0,0,0,0,0,0,0,0,0,0,0,0,0,0,0,0,0,106968
1,1,1,1,1774,287,328,-60,17,-25,-29,48,114,0,0,0,0,0,0,0,0,0,0,0,0,0,0,0,0,0,0,0,0,0,0,106978
1,1,1,1,1752,286,329,-54,14,-21,-29,48,109,0,0,0,0,0,0,0,0,0,0,0,0,0,0,0,0,0,0,0,0,0,0,106988
1,1,1,1,1744,282,334,-39,6,-11,-28,48,108,0,0,0,0,0,0,0,0,0,0,0,0,0,0,0,0,0,0,0,0,0,0,106998
1,1,1,1,1747,286,321,3,0,-6,-29,48,110,0,0,0,0,0,0,0,0,0,0,0,0,0,0,0,0,0,0,0,0,0,0,107008
1,1,1,1,1768,292,323,26,-11,-12,-29,49,108,0,0,0,0,0,0,0,0,0,0,0,0,0,0,0,0,0,0,0,0,0,0,107018
1,1,1,1,1777,321,334,26,-14,-3,-29,48,109,0,0,0,0,0,0,0,0,0,0,0,0,0,0,0,0,0,0,0,0,0,0,107028
1,1,1,1,1776,308,327,47,-13,14,-30,48,109,0,0,0,0,0,0,0,0,0,0,0,0,0,0,0,0,0,0,0,0,0,0,107038
1,1,1,1,1781,314,344,33,-13,-5,-31,51,108,0,0,0,0,0,0,0,0,0,0,0,0,0,0,0,0,0,0,0,0,0,0,107048
1,1,1,1,1765,338,348,24,-4,-10,-34,51,110,0,0,0,0,0,0,0,0,0,0,0,0,0,0,0,0,0,0,0,0,0,0,107058
1,1,1,1,1761,351,343,-4,12,-10,-33,52,110,0,0,0,0,0,0,0,0,0,0,0,0,0,0,0,0,0,0,0,0,0,0,107068
1,1,1,1,1757,366,354,-71,37,-6,-32,47,111,0,0,0,0,0,0,0,0,0,0,0,0,0,0,0,0,0,0,0,0,0,0,107078
1,1,1,1,1743,353,365,-130,58,-3,-34,50,111,0,0,0,0,0,0,0,0,0,0,0,0,0,0,0,0,0,0,0,0,0,0,107088
1,1,1,1,1755,327,339,-156,51,-25,-32,49,111,0,0,0,0,0,0,0,0,0,0,0,0,0,0,0,0,0,0,0,0,0,0,107098
1,1,1,1,1775,319,338,-175,55,-42,-32,49,111,0,0,0,0,0,0,0,0,0,0,0,0,0,0,0,0,0,0,0,0,0,0,107108
1,1,1,1,1773,314,336,-161,44,-63,-30,51,111,0,0,0,0,0,0,0,0,0,0,0,0,0,0,0,0,0,0,0,0,0,0,107118
1,1,1,1,1773,314,336,-117,29,-65,-32,50,113,0,0,0,0,0,0,0,0,0,0,0,0,0,0,0,0,0,0,0,0,0,0,107128
1,1,1,1,1797,316,313,-100,32,-52,-30,50,113,0,0,0,0,0,0,0,0,0,0,0,0,0,0,0,0,0,0,0,0,0,0,107138
1,1,1,1,1778,313,351,-125,40,-37,-30,50,112,0,0,0,0,0,0,0,0,0,0,0,0,0,0,0,0,0,0,0,0,0,0,107148
1,1,1,1,1744,309,396,-179,41,-23,-32,50,114,0,0,0,0,0,0,0,0,0,0,0,0,0,0,0,0,0,0,0,0,0,0,107158
1,1,1,1,1742,305,364,-236,58,-52,-34,49,114,0,0,0,0,0,0,0,0,0,0,0,0,0,0,0,0,0,0,0,0,0,0,107178
1,1,1,1,1744,311,367,-254,54,-75,-33,50,116,0,0,0,0,0,0,0,0,0,0,0,0,0,0,0,0,0,0,0,0,0,0,107188
1,1,1,1,1723,297,384,-260,40,-106,-31,50,114,0,0,0,0,0,0,0,0,0,0,0,0,0,0,0,0,0,0,0,0,0,0,107198
1,1,1,1,1709,295,391,-252,21,-130,-31,50,114,0,0,0,0,0,0,0,0,0,0,0,0,0,0,0,0,0,0,0,0,0,0,107208
1,1,1,1,1710,267,379,-222,-32,-162,-31,51,116,0,0,0,0,0,0,0,0,0,0,0,0,0,0,0,0,0,0,0,0,0,0,107218
1,1,1,1,1693,247,385,-156,-108,-198,-30,52,116,0,0,0,0,0,0,0,0,0,0,0,0,0,0,0,0,0,0,0,0,0,0,107228
1,1,1,1,1669,218,415,-119,-190,-238,-29,53,113,0,0,0,0,0,0,0,0,0,0,0,0,0,0,0,0,0,0,0,0,0,0,107238
1,1,1,1,1640,222,475,-120,-306,-260,-30,53,108,0,0,0,0,0,0,0,0,0,0,0,0,0,0,0,0,0,0,0,0,0,0,107248
1,1,1,1,1628,274,444,-85,-343,-195,-28,54,109,0,0,0,0,0,0,0,0,0,0,0,0,0,0,0,0,0,0,0,0,0,0,107258
1,1,1,1,1805,363,341,30,-367,-99,-31,53,110,0,0,0,0,0,0,0,0,0,0,0,0,0,0,0,0,0,0,0,0,0,0,107268
1,1,1,1,1856,339,201,29,-222,-62,-31,50,106,0,0,0,0,0,0,0,0,0,0,0,0,0,0,0,0,0,0,0,0,0,0,107278
1,1,1,1,1926,440,274,22,-164,5,-31,51,106,0,0,0,0,0,0,0,0,0,0,0,0,0,0,0,0,0,0,0,0,0,0,107288
1,1,1,1,1897,403,233,-40,-35,25,-29,52,106,0,0,0,0,0,0,0,0,0,0,0,0,0,0,0,0,0,0,0,0,0,0,107298
1,1,1,1,1955,464,181,-106,91,30,-27,52,101,0,0,0,0,0,0,0,0,0,0,0,0,0,0,0,0,0,0,0,0,0,0,107308
1,1,1,1,1915,387,114,-120,210,1,-25,50,90,0,0,0,0,0,0,0,0,0,0,0,0,0,0,0,0,0,0,0,0,0,0,107318
1,1,1,1,1898,349,170,-186,345,-20,-21,48,88,0,0,0,0,0,0,0,0,0,0,0,0,0,0,0,0,0,0,0,0,0,0,107328
1,1,1,1,1952,382,196,-115,457,78,-20,52,83,0,0,0,0,0,0,0,0,0,0,0,0,0,0,0,0,0,0,0,0,0,0,107338
1,1,1,1,1915,330,286,25,452,141,-17,48,77,0,0,0,0,0,0,0,0,0,0,0,0,0,0,0,0,0,0,0,0,0,0,107348
1,1,1,1,1855,334,385,123,418,237,-18,49,71,0,0,0,0,0,0,0,0,0,0,0,0,0,0,0,0,0,0,0,0,0,0,107358
1,1,1,1,1787,317,447,201,356,323,-16,47,69,0,0,0,0,0,0,0,0,0,0,0,0,0,0,0,0,0,0,0,0,0,0,107368
1,1,1,1,1679,300,503,234,299,347,-15,47,67,0,0,0,0,0,0,0,0,0,0,0,0,0,0,0,0,0,0,0,0,0,0,107378
1,1,1,1,1568,294,600,197,188,275,-17,47,71,0,0,0,0,0,0,0,0,0,0,0,0,0,0,0,0,0,0,0,0,0,0,107388
1,1,1,1,1452,260,640,72,80,102,-21,48,76,0,0,0,0,0,0,0,0,0,0,0,0,0,0,0,0,0,0,0,0,0,0,107398
1,1,1,1,1400,266,613,-30,-21,-76,-19,45,77,0,0,0,0,0,0,0,0,0,0,0,0,0,0,0,0,0,0,0,0,0,0,107408
1,1,1,1,1478,325,512,-96,-81,-152,-21,47,81,0,0,0,0,0,0,0,0,0,0,0,0,0,0,0,0,0,0,0,0,0,0,107418
1,1,1,1,1594,357,384,-52,-109,-151,-20,46,85,0,0,0,0,0,0,0,0,0,0,0,0,0,0,0,0,0,0,0,0,0,0,107428
1,1,1,1,1661,295,305,3,-120,-154,-21,48,86,0,0,0,0,0,0,0,0,0,0,0,0,0,0,0,0,0,0,0,0,0,0,107438
1,1,1,1,1749,312,259,42,-100,-107,-20,48,88,0,0,0,0,0,0,0,0,0,0,0,0,0,0,0,0,0,0,0,0,0,0,107448
1,1,1,1,1813,255,251,76,-62,-41,-21,48,87,0,0,0,0,0,0,0,0,0,0,0,0,0,0,0,0,0,0,0,0,0,0,107458
1,1,1,1,1825,196,310,126,-61,-30,-20,48,87,0,0,0,0,0,0,0,0,0,0,0,0,0,0,0,0,0,0,0,0,0,0,107468
1,1,1,1,1841,230,350,179,-70,1,-20,48,88,0,0,0,0,0,0,0,0,0,0,0,0,0,0,0,0,0,0,0,0,0,0,107478
1,1,1,1,1849,244,379,216,-71,35,-21,48,88,0,0,0,0,0,0,0,0,0,0,0,0,0,0,0,0,0,0,0,0,0,0,107488
1,1,1,1,1856,268,392,201,-67,42,-21,49,86,0,0,0,0,0,0,0,0,0,0,0,0,0,0,0,0,0,0,0,0,0,0,107498
1,1,1,1,1855,328,418,124,-41,54,-22,49,89,0,0,0,0,0,0,0,0,0,0,0,0,0,0,0,0,0,0,0,0,0,0,107508
1,1,1,1,1818,347,429,49,-22,38,-22,49,88,0,0,0,0,0,0,0,0,0,0,0,0,0,0,0,0,0,0,0,0,0,0,107518
1,1,1,1,1783,366,428,-20,-15,3,-21,48,87,0,0,0,0,0,0,0,0,0,0,0,0,0,0,0,0,0,0,0,0,0,0,107528
1,1,1,1,1752,391,411,-79,-16,-28,-21,48,91,0,0,0,0,0,0,0,0,0,0,0,0,0,0,0,0,0,0,0,0,0,0,107538
1,1,1,1,1736,375,403,-103,-15,-63,-23,49,90,0,0,0,0,0,0,0,0,0,0,0,0,0,0,0,0,0,0,0,0,0,0,107548
1,1,1,1,1719,378,370,-83,-15,-74,-22,49,90,0,0,0,0,0,0,0,0,0,0,0,0,0,0,0,0,0,0,0,0,0,0,107558
1,1,1,1,1755,389,303,-44,-3,-42,-22,49,89,0,0,0,0,0,0,0,0,0,0,0,0,0,0,0,0,0,0,0,0,0,0,107568
1,1,1,1,1761,329,313,-11,6,-27,-21,49,88,0,0,0,0,0,0,0,0,0,0,0,0,0,0,0,0,0,0,0,0,0,0,107578
1,1,1,1,1728,286,340,38,3,-10,-21,49,88,0,0,0,0,0,0,0,0,0,0,0,0,0,0,0,0,0,0,0,0,0,0,107588
1,1,1,1,1738,267,349,58,-4,9,-21,49,90,0,0,0,0,0,0,0,0,0,0,0,0,0,0,0,0,0,0,0,0,0,0,107598
1,1,1,1,1736,256,365,64,-12,23,-22,49,87,0,0,0,0,0,0,0,0,0,0,0,0,0,0,0,0,0,0,0,0,0,0,107608
1,1,1,1,1737,268,365,61,-17,35,-22,50,91,0,0,0,0,0,0,0,0,0,0,0,0,0,0,0,0,0,0,0,0,0,0,107618
1,1,1,1,1745,288,346,84,-26,37,-23,49,90,0,0,0,0,0,0,0,0,0,0,0,0,0,0,0,0,0,0,0,0,0,0,107628
1,1,1,1,1747,320,354,92,-26,25,-22,51,93,0,0,0,0,0,0,0,0,0,0,0,0,0,0,0,0,0,0,0,0,0,0,107638
1,1,1,1,1754,370,373,42,-19,10,-23,48,91,0,0,0,0,0,0,0,0,0,0,0,0,0,0,0,0,0,0,0,0,0,0,107648
1,1,1,1,1762,405,379,-16,4,4,-23,49,92,0,0,0,0,0,0,0,0,0,0,0,0,0,0,0,0,0,0,0,0,0,0,107658
1,1,1,1,1764,391,349,-11,15,-8,-25,51,90,0,0,0,0,0,0,0,0,0,0,0,0,0,0,0,0,0,0,0,0,0,0,107668
1,1,1,1,1778,376,353,-6,22,-15,-23,51,88,0,0,0,0,0,0,0,0,0,0,0,0,0,0,0,0,0,0,0,0,0,0,107678
1,1,1,1,1757,358,372,4,17,1,-23,50,90,0,0,0,0,0,0,0,0,0,0,0,0,0,0,0,0,0,0,0,0,0,0,107688
1,1,1,1,1732,325,380,7,19,4,-24,50,90,0,0,0,0,0,0,0,0,0,0,0,0,0,0,0,0,0,0,0,0,0,0,107698
1,1,1,1,1733,306,370,31,11,11,-20,50,89,0,0,0,0,0,0,0,0,0,0,0,0,0,0,0,0,0,0,0,0,0,0,107708
1,1,1,1,1736,281,369,30,-5,11,-21,49,90,0,0,0,0,0,0,0,0,0,0,0,0,0,0,0,0,0,0,0,0,0,0,107718
1,1,1,1,1736,290,383,12,-4,5,-20,51,89,0,0,0,0,0,0,0,0,0,0,0,0,0,0,0,0,0,0,0,0,0,0,107728
1,1,1,1,1724,308,377,16,-15,12,-20,50,91,0,0,0,0,0,0,0,0,0,0,0,0,0,0,0,0,0,0,0,0,0,0,107738
1,1,1,1,1731,303,359,39,-27,6,-20,49,94,0,0,0,0,0,0,0,0,0,0,0,0,0,0,0,0,0,0,0,0,0,0,107748
1,1,1,1,1764,336,345,53,-28,5,-20,49,92,0,0,0,0,0,0,0,0,0,0,0,0,0,0,0,0,0,0,0,0,0,0,107758
1,1,1,1,1761,347,370,18,-18,-1,-23,49,93,0,0,0,0,0,0,0,0,0,0,0,0,0,0,0,0,0,0,0,0,0,0,107768
1,1,1,1,1745,359,388,-21,-9,-5,-23,50,91,0,0,0,0,0,0,0,0,0,0,0,0,0,0,0,0,0,0,0,0,0,0,107778
1,1,1,1,1760,342,366,-4,9,11,-24,50,92,0,0,0,0,0,0,0,0,0,0,0,0,0,0,0,0,0,0,0,0,0,0,107788
1,1,1,1,1758,310,358,18,11,6,-22,49,90,0,0,0,0,0,0,0,0,0,0,0,0,0,0,0,0,0,0,0,0,0,0,107798
1,1,1,1,1755,312,375,2,14,10,-19,49,90,0,0,0,0,0,0,0,0,0,0,0,0,0,0,0,0,0,0,0,0,0,0,107808
1,1,1,1,1737,294,381,7,14,10,-20,49,90,0,0,0,0,0,0,0,0,0,0,0,0,0,0,0,0,0,0,0,0,0,0,107818
1,1,1,1,1731,289,366,56,-1,14,-20,50,91,0,0,0,0,0,0,0,0,0,0,0,0,0,0,0,0,0,0,0,0,0,0,107828
1,1,1,1,1746,287,357,95,-15,17,-21,50,89,0,0,0,0,0,0,0,0,0,0,0,0,0,0,0,0,0,0,0,0,0,0,107838
1,1,1,1,1760,309,363,100,-18,23,-21,49,91,0,0,0,0,0,0,0,0,0,0,0,0,0,0,0,0,0,0,0,0,0,0,107848
1,1,1,1,1767,330,374,57,-9,14,-22,49,90,0,0,0,0,0,0,0,0,0,0,0,0,0,0,0,0,0,0,0,0,0,0,107858
1,1,1,1,1778,369,359,18,8,13,-22,50,90,0,0,0,0,0,0,0,0,0,0,0,0,0,0,0,0,0,0,0,0,0,0,107868
1,1,1,1,1777,348,357,20,13,7,-20,49,89,0,0,0,0,0,0,0,0,0,0,0,0,0,0,0,0,0,0,0,0,0,0,107878
1,1,1,1,1762,355,396,-9,25,10,-21,49,86,0,0,0,0,0,0,0,0,0,0,0,0,0,0,0,0,0,0,0,0,0,0,107888
1,1,1,1,1732,332,419,-36,26,5,-20,49,88,0,0,0,0,0,0,0,0,0,0,0,0,0,0,0,0,0,0,0,0,0,0,107898
1,1,1,1,1725,320,401,-38,20,-7,-19,49,87,0,0,0,0,0,0,0,0,0,0,0,0,0,0,0,0,0,0,0,0,0,0,107908
1,1,1,1,1733,293,368,6,8,-6,-20,48,89,0,0,0,0,0,0,0,0,0,0,0,0,0,0,0,0,0,0,0,0,0,0,107918
1,1,1,1,1740,298,369,23,0,-5,-21,50,87,0,0,0,0,0,0,0,0,0,0,0,0,0,0,0,0,0,0,0,0,0,0,107928
1,1,1,1,1740,313,378,6,3,-2,-20,48,86,0,0,0,0,0,0,0,0,0,0,0,0,0,0,0,0,0,0,0,0,0,0,107938
1,1,1,1,1751,319,361,-3,2,-2,-22,50,90,0,0,0,0,0,0,0,0,0,0,0,0,0,0,0,0,0,0,0,0,0,0,107948
1,1,1,1,1753,324,337,37,3,1,-22,50,90,0,0,0,0,0,0,0,0,0,0,0,0,0,0,0,0,0,0,0,0,0,0,107958
1,1,1,1,1762,320,339,91,-8,3,-21,46,88,0,0,0,0,0,0,0,0,0,0,0,0,0,0,0,0,0,0,0,0,0,0,107968
1,1,1,1,1758,330,370,71,-8,3,-22,48,90,0,0,0,0,0,0,0,0,0,0,0,0,0,0,0,0,0,0,0,0,0,0,107978
1,1,1,1,1739,342,418,-6,0,-3,-23,49,91,0,0,0,0,0,0,0,0,0,0,0,0,0,0,0,0,0,0,0,0,0,0,107988
1,1,1,1,1731,344,395,-62,3,-15,-22,49,93,0,0,0,0,0,0,0,0,0,0,0,0,0,0,0,0,0,0,0,0,0,0,107998
1,1,1,1,1752,344,356,-31,12,-10,-21,49,91,0,0,0,0,0,0,0,0,0,0,0,0,0,0,0,0,0,0,0,0,0,0,108008
1,1,1,1,1764,331,344,16,6,-9,-20,48,92,0,0,0,0,0,0,0,0,0,0,0,0,0,0,0,0,0,0,0,0,0,0,108018
1,1,1,1,1763,325,363,6,15,-8,-21,49,92,0,0,0,0,0,0,0,0,0,0,0,0,0,0,0,0,0,0,0,0,0,0,108028
1,1,1,1,1747,317,371,9,8,1,-21,50,94,0,0,0,0,0,0,0,0,0,0,0,0,0,0,0,0,0,0,0,0,0,0,108038
1,1,1,1,1748,310,345,36,5,10,-19,49,91,0,0,0,0,0,0,0,0,0,0,0,0,0,0,0,0,0,0,0,0,0,0,108048
1,1,1,1,1756,302,346,53,1,19,-21,50,91,0,0,0,0,0,0,0,0,0,0,0,0,0,0,0,0,0,0,0,0,0,0,108058
1,1,1,1,1747,306,360,53,0,21,-23,51,92,0,0,0,0,0,0,0,0,0,0,0,0,0,0,0,0,0,0,0,0,0,0,108068
1,1,1,1,1736,316,397,39,-6,15,-20,49,89,0,0,0,0,0,0,0,0,0,0,0,0,0,0,0,0,0,0,0,0,0,0,108078
1,1,1,1,1736,349,395,6,-9,8,-21,49,90,0,0,0,0,0,0,0,0,0,0,0,0,0,0,0,0,0,0,0,0,0,0,108088
1,1,1,1,1747,350,385,-26,-1,-4,-21,49,90,0,0,0,0,0,0,0,0,0,0,0,0,0,0,0,0,0,0,0,0,0,0,108098
1,1,1,1,1744,357,386,-37,0,-19,-20,49,90,0,0,0,0,0,0,0,0,0,0,0,0,0,0,0,0,0,0,0,0,0,0,108108
1,1,1,1,1744,360,402,-85,6,-35,-20,49,91,0,0,0,0,0,0,0,0,0,0,0,0,0,0,0,0,0,0,0,0,0,0,108118
1,1,1,1,1736,363,380,-113,13,-42,-21,49,89,0,0,0,0,0,0,0,0,0,0,0,0,0,0,0,0,0,0,0,0,0,0,108128
1,1,1,1,1741,344,352,-96,11,-40,-21,50,90,0,0,0,0,0,0,0,0,0,0,0,0,0,0,0,0,0,0,0,0,0,0,108138
1,1,1,1,1753,312,349,-65,12,-35,-21,49,88,0,0,0,0,0,0,0,0,0,0,0,0,0,0,0,0,0,0,0,0,0,0,108148
1,1,1,1,1748,296,363,-30,5,-24,-22,49,92,0,0,0,0,0,0,0,0,0,0,0,0,0,0,0,0,0,0,0,0,0,0,108158
1,1,1,1,1749,295,365,-1,1,-16,-24,50,92,0,0,0,0,0,0,0,0,0,0,0,0,0,0,0,0,0,0,0,0,0,0,108168
1,1,1,1,1765,304,352,12,3,-6,-24,50,91,0,0,0,0,0,0,0,0,0,0,0,0,0,0,0,0,0,0,0,0,0,0,108178
1,1,1,1,1767,323,355,26,3,2,-22,50,93,0,0,0,0,0,0,0,0,0,0,0,0,0,0,0,0,0,0,0,0,0,0,108188
1,1,1,1,1749,337,365,20,5,10,-22,50,94,0,0,0,0,0,0,0,0,0,0,0,0,0,0,0,0,0,0,0,0,0,0,108198
1,1,1,1,1739,345,399,-21,10,8,-23,50,89,0,0,0,0,0,0,0,0,0,0,0,0,0,0,0,0,0,0,0,0,0,0,108208
1,1,1,1,1724,345,397,-50,9,0,-23,50,89,0,0,0,0,0,0,0,0,0,0,0,0,0,0,0,0,0,0,0,0,0,0,108218
1,1,1,1,1740,348,389,-65,13,-13,-24,50,92,0,0,0,0,0,0,0,0,0,0,0,0,0,0,0,0,0,0,0,0,0,0,108228
1,1,1,1,1744,349,367,-66,17,-23,-26,53,92,0,0,0,0,0,0,0,0,0,0,0,0,0,0,0,0,0,0,0,0,0,0,108238
1,1,1,1,1724,332,392,-56,12,-35,-23,51,92,0,0,0,0,0,0,0,0,0,0,0,0,0,0,0,0,0,0,0,0,0,0,108248
1,1,1,1,1716,337,400,-51,5,-30,-21,50,94,0,0,0,0,0,0,0,0,0,0,0,0,0,0,0,0,0,0,0,0,0,0,108258
1,1,1,1,1759,312,331,-17,-5,-35,-24,49,93,0,0,0,0,0,0,0,0,0,0,0,0,0,0,0,0,0,0,0,0,0,0,108268
1,1,1,1,1772,325,320,41,8,-21,-25,53,93,0,0,0,0,0,0,0,0,0,0,0,0,0,0,0,0,0,0,0,0,0,0,108278
1,1,1,1,1705,320,392,23,1,-3,-24,50,94,0,0,0,0,0,0,0,0,0,0,0,0,0,0,0,0,0,0,0,0,0,0,108288
1,1,1,1,1712,306,405,-23,-9,-15,-24,49,93,0,0,0,0,0,0,0,0,0,0,0,0,0,0,0,0,0,0,0,0,0,0,108298
1,1,1,1,1791,328,351,-37,3,-11,-22,50,93,0,0,0,0,0,0,0,0,0,0,0,0,0,0,0,0,0,0,0,0,0,0,108308
1,1,1,1,1791,330,367,-33,5,-11,-20,49,90,0,0,0,0,0,0,0,0,0,0,0,0,0,0,0,0,0,0,0,0,0,0,108318
1,1,1,1,1728,363,420,-25,15,10,-22,50,91,0,0,0,0,0,0,0,0,0,0,0,0,0,0,0,0,0,0,0,0,0,0,108328
1,1,1,1,1702,327,451,-52,7,-15,-21,49,91,0,0,0,0,0,0,0,0,0,0,0,0,0,0,0,0,0,0,0,0,0,0,108338
1,1,1,1,1776,321,408,-81,3,-33,-20,50,91,0,0,0,0,0,0,0,0,0,0,0,0,0,0,0,0,0,0,0,0,0,0,108348
1,1,1,1,1828,326,344,-70,19,-24,-21,49,93,0,0,0,0,0,0,0,0,0,0,0,0,0,0,0,0,0,0,0,0,0,0,108358
1,1,1,1,1753,307,364,-2,24,-4,-23,50,93,0,0,0,0,0,0,0,0,0,0,0,0,0,0,0,0,0,0,0,0,0,0,108368
1,1,1,1,1687,297,411,19,15,7,-22,49,93,0,0,0,0,0,0,0,0,0,0,0,0,0,0,0,0,0,0,0,0,0,0,108378
1,1,1,1,1696,297,421,-24,6,-3,-22,49,94,0,0,0,0,0,0,0,0,0,0,0,0,0,0,0,0,0,0,0,0,0,0,108388
1,1,1,1,1753,325,363,-29,-5,0,-24,50,92,0,0,0,0,0,0,0,0,0,0,0,0,0,0,0,0,0,0,0,0,0,0,108398
1,1,1,1,1756,333,345,12,7,17,-21,50,93,0,0,0,0,0,0,0,0,0,0,0,0,0,0,0,0,0,0,0,0,0,0,108408
1,1,1,1,1724,334,389,25,3,9,-21,50,93,0,0,0,0,0,0,0,0,0,0,0,0,0,0,0,0,0,0,0,0,0,0,108418
1,1,1,1,1746,351,396,-9,3,-2,-20,50,93,0,0,0,0,0,0,0,0,0,0,0,0,0,0,0,0,0,0,0,0,0,0,108428
1,1,1,1,1777,350,368,-32,11,-15,-21,49,90,0,0,0,0,0,0,0,0,0,0,0,0,0,0,0,0,0,0,0,0,0,0,108438
1,1,1,1,1747,358,366,-14,9,-13,-23,49,92,0,0,0,0,0,0,0,0,0,0,0,0,0,0,0,0,0,0,0,0,0,0,108448
1,1,1,1,1686,351,417,-29,6,-18,-23,50,91,0,0,0,0,0,0,0,0,0,0,0,0,0,0,0,0,0,0,0,0,0,0,108458
1,1,1,1,1681,333,430,-44,-1,-31,-23,49,91,0,0,0,0,0,0,0,0,0,0,0,0,0,0,0,0,0,0,0,0,0,0,108468
1,1,1,1,1731,334,392,-39,-7,-36,-22,49,92,0,0,0,0,0,0,0,0,0,0,0,0,0,0,0,0,0,0,0,0,0,0,108478
1,1,1,1,1751,328,365,-15,-15,-38,-21,49,92,0,0,0,0,0,0,0,0,0,0,0,0,0,0,0,0,0,0,0,0,0,0,108488
1,1,1,1,1743,320,382,-12,-16,-37,-20,49,91,0,0,0,0,0,0,0,0,0,0,0,0,0,0,0,0,0,0,0,0,0,0,108498
1,1,1,1,1748,312,383,-2,-14,-24,-20,48,93,0,0,0,0,0,0,0,0,0,0,0,0,0,0,0,0,0,0,0,0,0,0,108508
1,1,1,1,1774,296,355,34,-11,-13,-22,49,91,0,0,0,0,0,0,0,0,0,0,0,0,0,0,0,0,0,0,0,0,0,0,108518
1,1,1,1,1795,318,352,33,10,8,-22,49,90,0,0,0,0,0,0,0,0,0,0,0,0,0,0,0,0,0,0,0,0,0,0,108528
1,1,1,1,1725,305,411,21,5,16,-24,50,90,0,0,0,0,0,0,0,0,0,0,0,0,0,0,0,0,0,0,0,0,0,0,108538
1,1,1,1,1701,323,429,-5,-9,15,-21,48,88,0,0,0,0,0,0,0,0,0,0,0,0,0,0,0,0,0,0,0,0,0,0,108548
1,1,1,1,1741,347,391,-22,0,17,-19,47,89,0,0,0,0,0,0,0,0,0,0,0,0,0,0,0,0,0,0,0,0,0,0,108558
1,1,1,1,1754,333,377,-17,-3,3,-22,50,89,0,0,0,0,0,0,0,0,0,0,0,0,0,0,0,0,0,0,0,0,0,0,108568
1,1,1,1,1740,339,398,-8,-7,-4,-24,49,88,0,0,0,0,0,0,0,0,0,0,0,0,0,0,0,0,0,0,0,0,0,0,108578
1,1,1,1,1740,333,401,-5,-1,-8,-25,51,90,0,0,0,0,0,0,0,0,0,0,0,0,0,0,0,0,0,0,0,0,0,0,108588
1,1,1,1,1754,313,376,16,-13,-14,-23,49,91,0,0,0,0,0,0,0,0,0,0,0,0,0,0,0,0,0,0,0,0,0,0,108598
1,1,1,1,1755,311,379,32,-9,-21,-22,47,93,0,0,0,0,0,0,0,0,0,0,0,0,0,0,0,0,0,0,0,0,0,0,108608
1,1,1,1,1734,342,398,22,1,-17,-23,50,90,0,0,0,0,0,0,0,0,0,0,0,0,0,0,0,0,0,0,0,0,0,0,108618
1,1,1,1,1720,357,401,-7,1,-17,-20,49,90,0,0,0,0,0,0,0,0,0,0,0,0,0,0,0,0,0,0,0,0,0,0,108628
1,1,1,1,1728,365,391,-11,-4,-14,-20,48,89,0,0,0,0,0,0,0,0,0,0,0,0,0,0,0,0,0,0,0,0,0,0,108638
1,1,1,1,1730,348,386,-15,-2,-17,-21,49,88,0,0,0,0,0,0,0,0,0,0,0,0,0,0,0,0,0,0,0,0,0,0,108648
1,1,1,1,1725,341,402,-30,-11,-28,-18,49,90,0,0,0,0,0,0,0,0,0,0,0,0,0,0,0,0,0,0,0,0,0,0,108658
1,1,1,1,1744,339,378,-33,-10,-25,-19,49,91,0,0,0,0,0,0,0,0,0,0,0,0,0,0,0,0,0,0,0,0,0,0,108668
1,1,1,1,1744,313,357,35,-12,-9,-20,48,90,0,0,0,0,0,0,0,0,0,0,0,0,0,0,0,0,0,0,0,0,0,0,108678
1,1,1,1,1751,288,376,66,-16,-3,-19,48,89,0,0,0,0,0,0,0,0,0,0,0,0,0,0,0,0,0,0,0,0,0,0,108688
1,1,1,1,1736,311,395,57,-8,3,-19,49,91,0,0,0,0,0,0,0,0,0,0,0,0,0,0,0,0,0,0,0,0,0,0,108698
1,1,1,1,1725,335,385,37,-2,8,-21,50,90,0,0,0,0,0,0,0,0,0,0,0,0,0,0,0,0,0,0,0,0,0,0,108708
1,1,1,1,1720,342,391,18,-4,5,-19,49,92,0,0,0,0,0,0,0,0,0,0,0,0,0,0,0,0,0,0,0,0,0,0,108718
1,1,1,1,1720,342,404,-12,-5,-5,-21,50,92,0,0,0,0,0,0,0,0,0,0,0,0,0,0,0,0,0,0,0,0,0,0,108728
1,1,1,1,1722,350,408,-41,4,-18,-20,50,89,0,0,0,0,0,0,0,0,0,0,0,0,0,0,0,0,0,0,0,0,0,0,108738
1,1,1,1,1737,340,394,-40,5,-21,-21,49,91,0,0,0,0,0,0,0,0,0,0,0,0,0,0,0,0,0,0,0,0,0,0,108748
1,1,1,1,1743,338,370,0,-7,-10,-23,49,91,0,0,0,0,0,0,0,0,0,0,0,0,0,0,0,0,0,0,0,0,0,0,108758
1,1,1,1,1736,299,373,54,-14,-8,-23,49,90,0,0,0,0,0,0,0,0,0,0,0,0,0,0,0,0,0,0,0,0,0,0,108768
1,1,1,1,1746,317,377,57,-11,-1,-22,49,92,0,0,0,0,0,0,0,0,0,0,0,0,0,0,0,0,0,0,0,0,0,0,108778
1,1,1,1,1746,329,374,50,-10,3,-22,50,91,0,0,0,0,0,0,0,0,0,0,0,0,0,0,0,0,0,0,0,0,0,0,108788
1,1,1,1,1725,337,391,54,-8,9,-19,49,91,0,0,0,0,0,0,0,0,0,0,0,0,0,0,0,0,0,0,0,0,0,0,108798
1,1,1,1,1725,342,392,48,-13,11,-19,50,93,0,0,0,0,0,0,0,0,0,0,0,0,0,0,0,0,0,0,0,0,0,0,108808
1,1,1,1,1740,340,375,52,-17,10,-19,49,90,0,0,0,0,0,0,0,0,0,0,0,0,0,0,0,0,0,0,0,0,0,0,108818
1,1,1,1,1748,347,381,42,-10,9,-21,50,91,0,0,0,0,0,0,0,0,0,0,0,0,0,0,0,0,0,0,0,0,0,0,108828
1,1,1,1,1741,354,389,16,-3,3,-20,49,92,0,0,0,0,0,0,0,0,0,0,0,0,0,0,0,0,0,0,0,0,0,0,108838
1,1,1,1,1732,354,408,-5,-9,-5,-19,47,89,0,0,0,0,0,0,0,0,0,0,0,0,0,0,0,0,0,0,0,0,0,0,108848
1,1,1,1,1742,366,397,-32,0,-19,-21,49,91,0,0,0,0,0,0,0,0,0,0,0,0,0,0,0,0,0,0,0,0,0,0,108858
1,1,1,1,1742,365,385,-29,1,-16,-21,46,90,0,0,0,0,0,0,0,0,0,0,0,0,0,0,0,0,0,0,0,0,0,0,108868
1,1,1,1,1729,338,389,-18,-11,-29,-19,46,91,0,0,0,0,0,0,0,0,0,0,0,0,0,0,0,0,0,0,0,0,0,0,108878
1,1,1,1,1716,343,399,-32,-13,-43,-21,49,93,0,0,0,0,0,0,0,0,0,0,0,0,0,0,0,0,0,0,0,0,0,0,108888
1,1,1,1,1716,343,379,-10,-14,-37,-23,51,93,0,0,0,0,0,0,0,0,0,0,0,0,0,0,0,0,0,0,0,0,0,0,108898
1,1,1,1,1740,330,358,35,-10,-17,-24,50,91,0,0,0,0,0,0,0,0,0,0,0,0,0,0,0,0,0,0,0,0,0,0,108908
1,1,1,1,1758,308,368,46,-10,-9,-24,49,93,0,0,0,0,0,0,0,0,0,0,0,0,0,0,0,0,0,0,0,0,0,0,108918
1,1,1,1,1760,314,383,33,-15,-6,-24,52,94,0,0,0,0,0,0,0,0,0,0,0,0,0,0,0,0,0,0,0,0,0,0,108928
1,1,1,1,1752,345,399,2,-4,-3,-20,49,90,0,0,0,0,0,0,0,0,0,0,0,0,0,0,0,0,0,0,0,0,0,0,108938
1,1,1,1,1730,357,401,0,-8,-4,-21,50,92,0,0,0,0,0,0,0,0,0,0,0,0,0,0,0,0,0,0,0,0,0,0,108948
1,1,1,1,1731,369,408,-27,0,-15,-23,50,91,0,0,0,0,0,0,0,0,0,0,0,0,0,0,0,0,0,0,0,0,0,0,108958
1,1,1,1,1725,378,409,-65,8,-34,-24,50,90,0,0,0,0,0,0,0,0,0,0,0,0,0,0,0,0,0,0,0,0,0,0,108968
1,1,1,1,1723,376,388,-77,-11,-62,-22,50,90,0,0,0,0,0,0,0,0,0,0,0,0,0,0,0,0,0,0,0,0,0,0,108978
1,1,1,1,1745,379,370,-50,-7,-68,-23,50,90,0,0,0,0,0,0,0,0,0,0,0,0,0,0,0,0,0,0,0,0,0,0,108988
1,1,1,1,1750,355,350,6,-4,-59,-22,50,89,0,0,0,0,0,0,0,0,0,0,0,0,0,0,0,0,0,0,0,0,0,0,108998
1,1,1,1,1744,326,391,8,-12,-67,-21,50,89,0,0,0,0,0,0,0,0,0,0,0,0,0,0,0,0,0,0,0,0,0,0,109008
1,1,1,1,1720,342,405,-23,-9,-63,-21,50,90,0,0,0,0,0,0,0,0,0,0,0,0,0,0,0,0,0,0,0,0,0,0,109018
1,1,1,1,1712,334,398,-42,-9,-51,-19,50,88,0,0,0,0,0,0,0,0,0,0,0,0,0,0,0,0,0,0,0,0,0,0,109028
1,1,1,1,1721,329,376,-42,-6,-44,-22,51,85,0,0,0,0,0,0,0,0,0,0,0,0,0,0,0,0,0,0,0,0,0,0,109038
1,1,1,1,1745,341,377,-74,10,-31,-21,50,90,0,0,0,0,0,0,0,0,0,0,0,0,0,0,0,0,0,0,0,0,0,0,109048
1,1,1,1,1717,336,367,-54,10,-21,-21,50,88,0,0,0,0,0,0,0,0,0,0,0,0,0,0,0,0,0,0,0,0,0,0,109058
1,1,1,1,1716,318,373,-20,4,-15,-22,50,88,0,0,0,0,0,0,0,0,0,0,0,0,0,0,0,0,0,0,0,0,0,0,109068
1,1,1,1,1720,336,367,24,3,-3,-22,50,88,0,0,0,0,0,0,0,0,0,0,0,0,0,0,0,0,0,0,0,0,0,0,109078
1,1,1,1,1730,328,370,75,2,14,-22,50,87,0,0,0,0,0,0,0,0,0,0,0,0,0,0,0,0,0,0,0,0,0,0,109088
1,1,1,1,1729,333,394,94,-3,22,-21,51,91,0,0,0,0,0,0,0,0,0,0,0,0,0,0,0,0,0,0,0,0,0,0,109098
1,1,1,1,1728,329,398,136,-7,31,-20,49,90,0,0,0,0,0,0,0,0,0,0,0,0,0,0,0,0,0,0,0,0,0,0,109108
1,1,1,1,1743,353,402,105,0,24,-22,50,89,0,0,0,0,0,0,0,0,0,0,0,0,0,0,0,0,0,0,0,0,0,0,109118
1,1,1,1,1737,380,410,13,9,13,-22,51,89,0,0,0,0,0,0,0,0,0,0,0,0,0,0,0,0,0,0,0,0,0,0,109128
1,1,1,1,1731,386,412,-39,17,-1,-25,50,90,0,0,0,0,0,0,0,0,0,0,0,0,0,0,0,0,0,0,0,0,0,0,109138
1,1,1,1,1728,384,401,-50,14,-16,-24,50,89,0,0,0,0,0,0,0,0,0,0,0,0,0,0,0,0,0,0,0,0,0,0,109148
1,1,1,1,1730,391,404,-93,7,-31,-24,52,90,0,0,0,0,0,0,0,0,0,0,0,0,0,0,0,0,0,0,0,0,0,0,109158
1,1,1,1,1728,374,394,-98,9,-28,-24,49,88,0,0,0,0,0,0,0,0,0,0,0,0,0,0,0,0,0,0,0,0,0,0,109168
1,1,1,1,1732,352,364,-74,7,-20,-24,52,88,0,0,0,0,0,0,0,0,0,0,0,0,0,0,0,0,0,0,0,0,0,0,109178
1,1,1,1,1734,340,348,-20,5,-5,-23,51,87,0,0,0,0,0,0,0,0,0,0,0,0,0,0,0,0,0,0,0,0,0,0,109188
1,1,1,1,1725,319,369,36,-11,1,-24,49,87,0,0,0,0,0,0,0,0,0,0,0,0,0,0,0,0,0,0,0,0,0,0,109198
1,1,1,1,1724,328,396,54,-13,8,-23,49,90,0,0,0,0,0,0,0,0,0,0,0,0,0,0,0,0,0,0,0,0,0,0,109208
1,1,1,1,1737,340,394,38,-13,14,-22,49,88,0,0,0,0,0,0,0,0,0,0,0,0,0,0,0,0,0,0,0,0,0,0,109218
1,1,1,1,1738,351,401,3,3,12,-21,49,89,0,0,0,0,0,0,0,0,0,0,0,0,0,0,0,0,0,0,0,0,0,0,109228
1,1,1,1,1725,359,416,-24,10,12,-21,50,87,0,0,0,0,0,0,0,0,0,0,0,0,0,0,0,0,0,0,0,0,0,0,109238
1,1,1,1,1719,359,416,-31,17,9,-22,49,90,0,0,0,0,0,0,0,0,0,0,0,0,0,0,0,0,0,0,0,0,0,0,109248
1,1,1,1,1729,355,407,-33,11,6,-20,48,89,0,0,0,0,0,0,0,0,0,0,0,0,0,0,0,0,0,0,0,0,0,0,109258
1,1,1,1,1731,343,398,-26,0,-2,-21,49,89,0,0,0,0,0,0,0,0,0,0,0,0,0,0,0,0,0,0,0,0,0,0,109268
1,1,1,1,1734,342,391,-21,-2,-9,-21,48,88,0,0,0,0,0,0,0,0,0,0,0,0,0,0,0,0,0,0,0,0,0,0,109278
1,1,1,1,1725,350,379,-10,0,-6,-21,48,89,0,0,0,0,0,0,0,0,0,0,0,0,0,0,0,0,0,0,0,0,0,0,109288
1,1,1,1,1718,342,385,12,-3,-6,-22,49,89,0,0,0,0,0,0,0,0,0,0,0,0,0,0,0,0,0,0,0,0,0,0,109298
1,1,1,1,1723,355,379,31,-5,7,-22,49,90,0,0,0,0,0,0,0,0,0,0,0,0,0,0,0,0,0,0,0,0,0,0,109308
1,1,1,1,1735,341,367,47,-3,16,-20,49,88,0,0,0,0,0,0,0,0,0,0,0,0,0,0,0,0,0,0,0,0,0,0,109318
1,1,1,1,1735,335,374,64,-19,22,-21,49,88,0,0,0,0,0,0,0,0,0,0,0,0,0,0,0,0,0,0,0,0,0,0,109328
1,1,1,1,1724,329,385,77,-15,26,-21,49,91,0,0,0,0,0,0,0,0,0,0,0,0,0,0,0,0,0,0,0,0,0,0,109338
1,1,1,1,1729,349,397,57,-15,20,-23,50,88,0,0,0,0,0,0,0,0,0,0,0,0,0,0,0,0,0,0,0,0,0,0,109348
1,1,1,1,1731,360,400,30,-8,17,-19,50,89,0,0,0,0,0,0,0,0,0,0,0,0,0,0,0,0,0,0,0,0,0,0,109358
1,1,1,1,1717,355,407,15,-8,5,-22,49,89,0,0,0,0,0,0,0,0,0,0,0,0,0,0,0,0,0,0,0,0,0,0,109368
1,1,1,1,1722,367,408,7,3,2,-23,50,89,0,0,0,0,0,0,0,0,0,0,0,0,0,0,0,0,0,0,0,0,0,0,109378
1,1,1,1,1723,362,395,2,5,4,-23,49,89,0,0,0,0,0,0,0,0,0,0,0,0,0,0,0,0,0,0,0,0,0,0,109388
1,1,1,1,1724,354,388,6,6,-2,-23,50,89,0,0,0,0,0,0,0,0,0,0,0,0,0,0,0,0,0,0,0,0,0,0,109398
1,1,1,1,1736,363,380,2,11,3,-22,50,90,0,0,0,0,0,0,0,0,0,0,0,0,0,0,0,0,0,0,0,0,0,0,109408
1,1,1,1,1730,348,376,32,3,8,-20,49,90,0,0,0,0,0,0,0,0,0,0,0,0,0,0,0,0,0,0,0,0,0,0,109418
1,1,1,1,1739,342,381,45,-7,14,-21,50,89,0,0,0,0,0,0,0,0,0,0,0,0,0,0,0,0,0,0,0,0,0,0,109428
1,1,1,1,1732,338,381,50,-8,23,-24,50,88,0,0,0,0,0,0,0,0,0,0,0,0,0,0,0,0,0,0,0,0,0,0,109438
1,1,1,1,1726,326,388,70,-18,27,-23,52,88,0,0,0,0,0,0,0,0,0,0,0,0,0,0,0,0,0,0,0,0,0,0,109448
1,1,1,1,1728,342,390,60,-21,30,-23,50,90,0,0,0,0,0,0,0,0,0,0,0,0,0,0,0,0,0,0,0,0,0,0,109458
1,1,1,1,1717,342,391,66,-21,29,-22,47,89,0,0,0,0,0,0,0,0,0,0,0,0,0,0,0,0,0,0,0,0,0,0,109468
1,1,1,1,1730,349,381,81,-29,25,-25,49,90,0,0,0,0,0,0,0,0,0,0,0,0,0,0,0,0,0,0,0,0,0,0,109478
1,1,1,1,1730,349,381,80,-15,26,-25,50,91,0,0,0,0,0,0,0,0,0,0,0,0,0,0,0,0,0,0,0,0,0,0,109488
1,1,1,1,1729,354,393,85,-15,25,-24,49,92,0,0,0,0,0,0,0,0,0,0,0,0,0,0,0,0,0,0,0,0,0,0,109498
1,1,1,1,1729,367,398,66,0,22,-25,52,92,0,0,0,0,0,0,0,0,0,0,0,0,0,0,0,0,0,0,0,0,0,0,109508
1,1,1,1,1729,378,392,46,-4,22,-25,52,93,0,0,0,0,0,0,0,0,0,0,0,0,0,0,0,0,0,0,0,0,0,0,109518
1,1,1,1,1736,371,370,48,-1,17,-22,49,92,0,0,0,0,0,0,0,0,0,0,0,0,0,0,0,0,0,0,0,0,0,0,109528
1,1,1,1,1737,364,377,32,-4,10,-20,48,93,0,0,0,0,0,0,0,0,0,0,0,0,0,0,0,0,0,0,0,0,0,0,109538
1,1,1,1,1730,354,399,28,-9,4,-22,50,91,0,0,0,0,0,0,0,0,0,0,0,0,0,0,0,0,0,0,0,0,0,0,109548
1,1,1,1,1735,349,394,33,-20,5,-20,50,91,0,0,0,0,0,0,0,0,0,0,0,0,0,0,0,0,0,0,0,0,0,0,109558
1,1,1,1,1734,342,384,60,-24,12,-21,50,94,0,0,0,0,0,0,0,0,0,0,0,0,0,0,0,0,0,0,0,0,0,0,109568
1,1,1,1,1732,330,378,88,-24,11,-21,49,95,0,0,0,0,0,0,0,0,0,0,0,0,0,0,0,0,0,0,0,0,0,0,109578
1,1,1,1,1736,357,383,73,-28,2,-23,50,93,0,0,0,0,0,0,0,0,0,0,0,0,0,0,0,0,0,0,0,0,0,0,109588
1,1,1,1,1726,376,398,29,-24,-6,-24,50,94,0,0,0,0,0,0,0,0,0,0,0,0,0,0,0,0,0,0,0,0,0,0,109598
1,1,1,1,1726,384,388,10,-20,-6,-23,51,93,0,0,0,0,0,0,0,0,0,0,0,0,0,0,0,0,0,0,0,0,0,0,109608
1,1,1,1,1721,359,384,25,-31,-33,-22,50,90,0,0,0,0,0,0,0,0,0,0,0,0,0,0,0,0,0,0,0,0,0,0,109618
1,1,1,1,1722,371,397,12,-42,-58,-20,49,89,0,0,0,0,0,0,0,0,0,0,0,0,0,0,0,0,0,0,0,0,0,0,109628
1,1,1,1,1720,380,398,2,-52,-91,-21,50,91,0,0,0,0,0,0,0,0,0,0,0,0,0,0,0,0,0,0,0,0,0,0,109638
1,1,1,1,1727,377,415,2,-63,-120,-20,50,92,0,0,0,0,0,0,0,0,0,0,0,0,0,0,0,0,0,0,0,0,0,0,109648
1,1,1,1,1733,372,420,-5,-79,-155,-22,50,91,0,0,0,0,0,0,0,0,0,0,0,0,0,0,0,0,0,0,0,0,0,0,109658
1,1,1,1,1739,371,418,4,-104,-198,-25,51,93,0,0,0,0,0,0,0,0,0,0,0,0,0,0,0,0,0,0,0,0,0,0,109668
1,1,1,1,1769,410,407,-37,-94,-217,-24,50,96,0,0,0,0,0,0,0,0,0,0,0,0,0,0,0,0,0,0,0,0,0,0,109678
1,1,1,1,1788,448,360,-98,-60,-250,-24,51,93,0,0,0,0,0,0,0,0,0,0,0,0,0,0,0,0,0,0,0,0,0,0,109688
1,1,1,1,1789,492,358,-145,-38,-292,-23,50,96,0,0,0,0,0,0,0,0,0,0,0,0,0,0,0,0,0,0,0,0,0,0,109698
1,1,1,1,1779,518,397,-257,-27,-348,-23,50,94,0,0,0,0,0,0,0,0,0,0,0,0,0,0,0,0,0,0,0,0,0,0,109708
1,1,1,1,1760,573,440,-460,-28,-448,-23,49,92,0,0,0,0,0,0,0,0,0,0,0,0,0,0,0,0,0,0,0,0,0,0,109718
1,1,1,1,1751,589,451,-631,-29,-565,-27,50,92,0,0,0,0,0,0,0,0,0,0,0,0,0,0,0,0,0,0,0,0,0,0,109728
1,1,1,1,1758,574,488,-826,-20,-686,-25,50,93,0,0,0,0,0,0,0,0,0,0,0,0,0,0,0,0,0,0,0,0,0,0,109738
1,1,1,1,1735,571,556,-1095,-26,-828,-27,52,93,0,0,0,0,0,0,0,0,0,0,0,0,0,0,0,0,0,0,0,0,0,0,109748
1,1,1,1,1712,519,550,-1290,-78,-1017,-28,51,95,0,0,0,0,0,0,0,0,0,0,0,0,0,0,0,0,0,0,0,0,0,0,109758
1,1,1,1,1736,509,545,-1378,-146,-1207,-27,50,95,0,0,0,0,0,0,0,0,0,0,0,0,0,0,0,0,0,0,0,0,0,0,109768
1,1,1,1,1783,519,526,-1434,-259,-1412,-29,50,94,0,0,0,0,0,0,0,0,0,0,0,0,0,0,0,0,0,0,0,0,0,0,109778
1,1,1,1,1784,583,500,-1735,-244,-1538,-36,50,90,0,0,0,0,0,0,0,0,0,0,0,0,0,0,0,0,0,0,0,0,0,0,109788
1,1,1,1,1824,764,431,-2237,-39,-1548,-39,52,88,0,0,0,0,0,0,0,0,0,0,0,0,0,0,0,0,0,0,0,0,0,0,109798
1,1,1,1,1827,838,425,-2706,108,-1598,-34,49,80,0,0,0,0,0,0,0,0,0,0,0,0,0,0,0,0,0,0,0,0,0,0,109808
1,1,1,1,1746,736,461,-2972,150,-1648,-31,47,79,0,0,0,0,0,0,0,0,0,0,0,0,0,0,0,0,0,0,0,0,0,0,109818
1,1,1,1,1666,655,448,-2991,147,-1712,-29,48,77,0,0,0,0,0,0,0,0,0,0,0,0,0,0,0,0,0,0,0,0,0,0,109828
1,1,1,1,1583,631,380,-2878,181,-1790,-23,47,72,0,0,0,0,0,0,0,0,0,0,0,0,0,0,0,0,0,0,0,0,0,0,109838
1,1,1,1,1540,694,368,-2628,182,-1803,-21,45,66,0,0,0,0,0,0,0,0,0,0,0,0,0,0,0,0,0,0,0,0,0,0,109848
1,1,1,1,1464,573,508,-2571,186,-1822,-21,43,65,0,0,0,0,0,0,0,0,0,0,0,0,0,0,0,0,0,0,0,0,0,0,109858
1,1,1,1,1456,476,634,-2705,209,-1903,-21,43,61,0,0,0,0,0,0,0,0,0,0,0,0,0,0,0,0,0,0,0,0,0,0,109868
1,1,1,1,1386,474,645,-2772,226,-1938,-19,42,57,0,0,0,0,0,0,0,0,0,0,0,0,0,0,0,0,0,0,0,0,0,0,109878
1,1,1,1,1382,451,632,-2702,257,-1906,-21,40,53,0,0,0,0,0,0,0,0,0,0,0,0,0,0,0,0,0,0,0,0,0,0,109888
1,1,1,1,1413,438,641,-2589,267,-1858,-21,38,45,0,0,0,0,0,0,0,0,0,0,0,0,0,0,0,0,0,0,0,0,0,0,109898
1,1,1,1,1391,463,627,-2568,361,-1781,-18,37,43,0,0,0,0,0,0,0,0,0,0,0,0,0,0,0,0,0,0,0,0,0,0,109908
1,1,1,1,1374,493,733,-2687,484,-1697,-15,36,38,0,0,0,0,0,0,0,0,0,0,0,0,0,0,0,0,0,0,0,0,0,0,109918
1,1,1,1,1415,508,769,-2600,497,-1670,-14,36,40,0,0,0,0,0,0,0,0,0,0,0,0,0,0,0,0,0,0,0,0,0,0,109928
1,1,1,1,1345,404,696,-2372,507,-1762,-16,34,40,0,0,0,0,0,0,0,0,0,0,0,0,0,0,0,0,0,0,0,0,0,0,109938
1,1,1,1,1306,275,727,-2262,610,-1920,-11,33,12,0,0,0,0,0,0,0,0,0,0,0,0,0,0,0,0,0,0,0,0,0,0,109948
1,1,1,1,1622,591,1128,-2057,282,-1688,-13,30,32,0,0,0,0,0,0,0,0,0,0,0,0,0,0,0,0,0,0,0,0,0,0,109958
1,1,1,1,1322,180,785,-2003,325,-1780,-17,30,35,0,0,0,0,0,0,0,0,0,0,0,0,0,0,0,0,0,0,0,0,0,0,109968
1,1,1,1,1224,102,671,-1870,631,-2117,-9,33,25,0,0,0,0,0,0,0,0,0,0,0,0,0,0,0,0,0,0,0,0,0,0,109978
1,1,1,1,1482,375,1099,-1830,400,-1994,-13,32,27,0,0,0,0,0,0,0,0,0,0,0,0,0,0,0,0,0,0,0,0,0,0,109988
1,1,1,1,1355,401,813,-1694,503,-1789,-10,30,21,0,0,0,0,0,0,0,0,0,0,0,0,0,0,0,0,0,0,0,0,0,0,109998
1,1,1,1,1405,629,789,-1477,544,-1430,-9,32,19,0,0,0,0,0,0,0,0,0,0,0,0,0,0,0,0,0,0,0,0,0,0,110008
1,1,1,1,1373,559,916,-1240,484,-960,-7,31,22,0,0,0,0,0,0,0,0,0,0,0,0,0,0,0,0,0,0,0,0,0,0,110018
1,1,1,1,1241,505,954,-994,404,-674,-10,31,20,0,0,0,0,0,0,0,0,0,0,0,0,0,0,0,0,0,0,0,0,0,0,110028
1,1,1,1,1173,420,939,-654,290,-528,-11,31,26,0,0,0,0,0,0,0,0,0,0,0,0,0,0,0,0,0,0,0,0,0,0,110038
1,1,1,1,1067,220,1110,-568,253,-610,-13,40,38,0,0,0,0,0,0,0,0,0,0,0,0,0,0,0,0,0,0,0,0,0,0,110048
1,1,1,1,910,35,1248,-729,150,-1124,-16,30,22,0,0,0,0,0,0,0,0,0,0,0,0,0,0,0,0,0,0,0,0,0,0,110058
1,1,1,1,925,357,1053,-872,407,-1118,-10,34,28,0,0,0,0,0,0,0,0,0,0,0,0,0,0,0,0,0,0,0,0,0,0,110068
1,1,1,1,1147,208,1239,-857,327,-1332,-12,31,26,0,0,0,0,0,0,0,0,0,0,0,0,0,0,0,0,0,0,0,0,0,0,110078
1,1,1,1,1024,295,1262,-864,224,-1372,-11,28,25,0,0,0,0,0,0,0,0,0,0,0,0,0,0,0,0,0,0,0,0,0,0,110088
1,1,1,1,1195,332,1319,-875,57,-1332,-14,31,25,0,0,0,0,0,0,0,0,0,0,0,0,0,0,0,0,0,0,0,0,0,0,110098
1,1,1,1,1211,401,1262,-891,-56,-1172,-14,31,20,0,0,0,0,0,0,0,0,0,0,0,0,0,0,0,0,0,0,0,0,0,0,110108
1,1,1,1,1190,428,1162,-798,-95,-985,-13,28,22,0,0,0,0,0,0,0,0,0,0,0,0,0,0,0,0,0,0,0,0,0,0,110118
1,1,1,1,1162,353,1167,-705,-141,-936,-12,30,25,0,0,0,0,0,0,0,0,0,0,0,0,0,0,0,0,0,0,0,0,0,0,110128
1,1,1,1,1130,259,1133,-724,-113,-1034,-11,29,28,0,0,0,0,0,0,0,0,0,0,0,0,0,0,0,0,0,0,0,0,0,0,110138
1,1,1,1,1097,269,1077,-777,46,-1179,-9,27,29,0,0,0,0,0,0,0,0,0,0,0,0,0,0,0,0,0,0,0,0,0,0,110148
1,1,1,1,1118,301,1085,-818,156,-1261,-10,28,28,0,0,0,0,0,0,0,0,0,0,0,0,0,0,0,0,0,0,0,0,0,0,110158
1,1,1,1,1122,295,1154,-905,249,-1346,-13,27,30,0,0,0,0,0,0,0,0,0,0,0,0,0,0,0,0,0,0,0,0,0,0,110168
1,1,1,1,1116,357,1163,-981,307,-1367,-12,28,28,0,0,0,0,0,0,0,0,0,0,0,0,0,0,0,0,0,0,0,0,0,0,110178
1,1,1,1,1118,440,1123,-915,316,-1269,-12,27,22,0,0,0,0,0,0,0,0,0,0,0,0,0,0,0,0,0,0,0,0,0,0,110188
1,1,1,1,1082,524,1138,-799,346,-1036,-9,27,18,0,0,0,0,0,0,0,0,0,0,0,0,0,0,0,0,0,0,0,0,0,0,110198
1,1,1,1,1060,494,1200,-693,364,-781,-9,28,21,0,0,0,0,0,0,0,0,0,0,0,0,0,0,0,0,0,0,0,0,0,0,110208
1,1,1,1,1036,418,1303,-619,297,-632,-11,28,23,0,0,0,0,0,0,0,0,0,0,0,0,0,0,0,0,0,0,0,0,0,0,110218
1,1,1,1,988,303,1355,-677,212,-646,-12,29,24,0,0,0,0,0,0,0,0,0,0,0,0,0,0,0,0,0,0,0,0,0,0,110228
1,1,1,1,956,216,1280,-761,239,-798,-12,28,23,0,0,0,0,0,0,0,0,0,0,0,0,0,0,0,0,0,0,0,0,0,0,110238
1,1,1,1,924,258,1271,-803,305,-887,-12,28,24,0,0,0,0,0,0,0,0,0,0,0,0,0,0,0,0,0,0,0,0,0,0,110248
1,1,1,1,914,321,1283,-797,343,-887,-11,28,21,0,0,0,0,0,0,0,0,0,0,0,0,0,0,0,0,0,0,0,0,0,0,110258
1,1,1,1,896,338,1294,-814,368,-858,-11,27,22,0,0,0,0,0,0,0,0,0,0,0,0,0,0,0,0,0,0,0,0,0,0,110268
1,1,1,1,863,352,1324,-825,356,-781,-11,28,20,0,0,0,0,0,0,0,0,0,0,0,0,0,0,0,0,0,0,0,0,0,0,110278
1,1,1,1,850,318,1306,-800,373,-718,-10,28,20,0,0,0,0,0,0,0,0,0,0,0,0,0,0,0,0,0,0,0,0,0,0,110288
1,1,1,1,819,305,1276,-728,413,-673,-8,27,19,0,0,0,0,0,0,0,0,0,0,0,0,0,0,0,0,0,0,0,0,0,0,110298
1,1,1,1,808,291,1329,-650,417,-643,-8,28,23,0,0,0,0,0,0,0,0,0,0,0,0,0,0,0,0,0,0,0,0,0,0,110308
1,1,1,1,784,213,1442,-596,355,-661,-8,29,24,0,0,0,0,0,0,0,0,0,0,0,0,0,0,0,0,0,0,0,0,0,0,110318
1,1,1,1,735,184,1518,-537,205,-741,-8,29,23,0,0,0,0,0,0,0,0,0,0,0,0,0,0,0,0,0,0,0,0,0,0,110328
1,1,1,1,654,150,1497,-519,97,-838,-10,27,21,0,0,0,0,0,0,0,0,0,0,0,0,0,0,0,0,0,0,0,0,0,0,110338
1,1,1,1,685,189,1427,-602,128,-903,-9,25,18,0,0,0,0,0,0,0,0,0,0,0,0,0,0,0,0,0,0,0,0,0,0,110348
1,1,1,1,777,348,1341,-699,262,-879,-10,28,20,0,0,0,0,0,0,0,0,0,0,0,0,0,0,0,0,0,0,0,0,0,0,110358
1,1,1,1,784,411,1380,-750,335,-775,-8,25,17,0,0,0,0,0,0,0,0,0,0,0,0,0,0,0,0,0,0,0,0,0,0,110368
1,1,1,1,801,364,1438,-731,311,-689,-6,24,20,0,0,0,0,0,0,0,0,0,0,0,0,0,0,0,0,0,0,0,0,0,0,110378
1,1,1,1,751,228,1425,-680,278,-742,-11,31,27,0,0,0,0,0,0,0,0,0,0,0,0,0,0,0,0,0,0,0,0,0,0,110388
1,1,1,1,704,152,1462,-696,290,-852,-10,29,24,0,0,0,0,0,0,0,0,0,0,0,0,0,0,0,0,0,0,0,0,0,0,110398
1,1,1,1,720,206,1458,-671,288,-885,-10,28,23,0,0,0,0,0,0,0,0,0,0,0,0,0,0,0,0,0,0,0,0,0,0,110408
1,1,1,1,743,188,1391,-594,326,-879,-10,27,23,0,0,0,0,0,0,0,0,0,0,0,0,0,0,0,0,0,0,0,0,0,0,110418
1,1,1,1,771,200,1392,-544,371,-874,-9,28,22,0,0,0,0,0,0,0,0,0,0,0,0,0,0,0,0,0,0,0,0,0,0,110428
1,1,1,1,728,211,1396,-551,419,-909,-9,29,23,0,0,0,0,0,0,0,0,0,0,0,0,0,0,0,0,0,0,0,0,0,0,110438
1,1,1,1,786,281,1365,-624,515,-942,-9,28,22,0,0,0,0,0,0,0,0,0,0,0,0,0,0,0,0,0,0,0,0,0,0,110448
1,1,1,1,753,240,1393,-732,652,-939,-7,27,23,0,0,0,0,0,0,0,0,0,0,0,0,0,0,0,0,0,0,0,0,0,0,110458
1,1,1,1,722,220,1451,-818,747,-897,-8,27,25,0,0,0,0,0,0,0,0,0,0,0,0,0,0,0,0,0,0,0,0,0,0,110468
1,1,1,1,697,154,1448,-766,726,-935,-9,28,26,0,0,0,0,0,0,0,0,0,0,0,0,0,0,0,0,0,0,0,0,0,0,110478
1,1,1,1,655,100,1444,-745,768,-955,-12,28,28,0,0,0,0,0,0,0,0,0,0,0,0,0,0,0,0,0,0,0,0,0,0,110488
1,1,1,1,608,83,1461,-760,812,-940,-12,28,25,0,0,0,0,0,0,0,0,0,0,0,0,0,0,0,0,0,0,0,0,0,0,110498
1,1,1,1,559,35,1461,-689,758,-1003,-12,28,28,0,0,0,0,0,0,0,0,0,0,0,0,0,0,0,0,0,0,0,0,0,0,110508
1,1,1,1,517,19,1476,-662,677,-1045,-9,28,27,0,0,0,0,0,0,0,0,0,0,0,0,0,0,0,0,0,0,0,0,0,0,110518
1,1,1,1,487,70,1564,-617,628,-965,-7,27,24,0,0,0,0,0,0,0,0,0,0,0,0,0,0,0,0,0,0,0,0,0,0,110528
1,1,1,1,511,126,1510,-613,620,-911,-8,27,24,0,0,0,0,0,0,0,0,0,0,0,0,0,0,0,0,0,0,0,0,0,0,110538
1,1,1,1,538,166,1529,-692,672,-806,-10,27,23,0,0,0,0,0,0,0,0,0,0,0,0,0,0,0,0,0,0,0,0,0,0,110548
1,1,1,1,562,228,1555,-708,673,-629,-7,27,20,0,0,0,0,0,0,0,0,0,0,0,0,0,0,0,0,0,0,0,0,0,0,110558
1,1,1,1,567,282,1521,-620,651,-443,-9,28,21,0,0,0,0,0,0,0,0,0,0,0,0,0,0,0,0,0,0,0,0,0,0,110568
1,1,1,1,508,230,1545,-543,627,-291,-9,27,23,0,0,0,0,0,0,0,0,0,0,0,0,0,0,0,0,0,0,0,0,0,0,110578
1,1,1,1,466,202,1560,-480,559,-239,-8,28,24,0,0,0,0,0,0,0,0,0,0,0,0,0,0,0,0,0,0,0,0,0,0,110588
1,1,1,1,406,106,1583,-425,449,-334,-8,28,26,0,0,0,0,0,0,0,0,0,0,0,0,0,0,0,0,0,0,0,0,0,0,110598
1,1,1,1,385,62,1561,-472,427,-508,-8,29,26,0,0,0,0,0,0,0,0,0,0,0,0,0,0,0,0,0,0,0,0,0,0,110608
1,1,1,1,369,87,1555,-550,465,-566,-9,28,21,0,0,0,0,0,0,0,0,0,0,0,0,0,0,0,0,0,0,0,0,0,0,110618
1,1,1,1,361,116,1576,-653,503,-554,-10,30,23,0,0,0,0,0,0,0,0,0,0,0,0,0,0,0,0,0,0,0,0,0,0,110628
1,1,1,1,353,166,1614,-677,476,-479,-9,31,22,0,0,0,0,0,0,0,0,0,0,0,0,0,0,0,0,0,0,0,0,0,0,110638
1,1,1,1,274,99,1635,-639,386,-375,-12,31,30,0,0,0,0,0,0,0,0,0,0,0,0,0,0,0,0,0,0,0,0,0,0,110648
1,1,1,1,110,-238,1514,-694,466,-541,-15,36,37,0,0,0,0,0,0,0,0,0,0,0,0,0,0,0,0,0,0,0,0,0,0,110658
1,1,1,1,92,-142,1657,-776,511,-727,-11,35,32,0,0,0,0,0,0,0,0,0,0,0,0,0,0,0,0,0,0,0,0,0,0,110668
1,1,1,1,191,-35,1614,-696,388,-634,-12,33,34,0,0,0,0,0,0,0,0,0,0,0,0,0,0,0,0,0,0,0,0,0,0,110678
1,1,1,1,191,-35,1614,-580,396,-622,-11,29,34,0,0,0,0,0,0,0,0,0,0,0,0,0,0,0,0,0,0,0,0,0,0,110688
1,1,1,1,141,-152,1600,-560,403,-579,-14,33,37,0,0,0,0,0,0,0,0,0,0,0,0,0,0,0,0,0,0,0,0,0,0,110698
1,1,1,1,141,-152,1600,-568,359,-548,-15,34,40,0,0,0,0,0,0,0,0,0,0,0,0,0,0,0,0,0,0,0,0,0,0,110708
1,1,1,1,144,-173,1601,-554,343,-543,-16,36,41,0,0,0,0,0,0,0,0,0,0,0,0,0,0,0,0,0,0,0,0,0,0,110718
1,1,1,1,167,-133,1618,-555,315,-501,-16,34,44,0,0,0,0,0,0,0,0,0,0,0,0,0,0,0,0,0,0,0,0,0,0,110728
1,1,1,1,198,-108,1577,-539,320,-483,-16,34,42,0,0,0,0,0,0,0,0,0,0,0,0,0,0,0,0,0,0,0,0,0,0,110738
1,1,1,1,234,-130,1591,-567,343,-435,-15,34,45,0,0,0,0,0,0,0,0,0,0,0,0,0,0,0,0,0,0,0,0,0,0,110748
1,1,1,1,178,-182,1614,-580,311,-435,-16,35,48,0,0,0,0,0,0,0,0,0,0,0,0,0,0,0,0,0,0,0,0,0,0,110758
1,1,1,1,175,-170,1563,-524,289,-443,-14,36,47,0,0,0,0,0,0,0,0,0,0,0,0,0,0,0,0,0,0,0,0,0,0,110768
1,1,1,1,203,-157,1577,-464,289,-399,-15,34,47,0,0,0,0,0,0,0,0,0,0,0,0,0,0,0,0,0,0,0,0,0,0,110778
1,1,1,1,222,-161,1593,-454,273,-379,-16,35,47,0,0,0,0,0,0,0,0,0,0,0,0,0,0,0,0,0,0,0,0,0,0,110788
1,1,1,1,216,-138,1574,-426,257,-366,-17,34,46,0,0,0,0,0,0,0,0,0,0,0,0,0,0,0,0,0,0,0,0,0,0,110798
1,1,1,1,221,-138,1611,-461,269,-344,-15,35,47,0,0,0,0,0,0,0,0,0,0,0,0,0,0,0,0,0,0,0,0,0,0,110808
1,1,1,1,199,-100,1596,-459,267,-331,-16,35,48,0,0,0,0,0,0,0,0,0,0,0,0,0,0,0,0,0,0,0,0,0,0,110818
1,1,1,1,201,-77,1590,-500,298,-322,-19,35,52,0,0,0,0,0,0,0,0,0,0,0,0,0,0,0,0,0,0,0,0,0,0,110828
1,1,1,1,178,-125,1667,-709,332,-319,-19,36,52,0,0,0,0,0,0,0,0,0,0,0,0,0,0,0,0,0,0,0,0,0,0,110838
1,1,1,1,113,-193,1601,-763,332,-364,-15,36,52,0,0,0,0,0,0,0,0,0,0,0,0,0,0,0,0,0,0,0,0,0,0,110848
1,1,1,1,126,-212,1483,-584,358,-320,-14,36,50,0,0,0,0,0,0,0,0,0,0,0,0,0,0,0,0,0,0,0,0,0,0,110858
1,1,1,1,172,-180,1522,-403,384,-211,-16,36,50,0,0,0,0,0,0,0,0,0,0,0,0,0,0,0,0,0,0,0,0,0,0,110868
1,1,1,1,138,-254,1615,-387,409,-192,-15,38,50,0,0,0,0,0,0,0,0,0,0,0,0,0,0,0,0,0,0,0,0,0,0,110878
1,1,1,1,59,-278,1667,-372,297,-265,-16,37,50,0,0,0,0,0,0,0,0,0,0,0,0,0,0,0,0,0,0,0,0,0,0,110888
1,1,1,1,81,-320,1660,-382,258,-280,-18,38,51,0,0,0,0,0,0,0,0,0,0,0,0,0,0,0,0,0,0,0,0,0,0,110898
1,1,1,1,72,-328,1732,-506,227,-283,-15,37,53,0,0,0,0,0,0,0,0,0,0,0,0,0,0,0,0,0,0,0,0,0,0,110908
1,1,1,1,22,-332,1735,-630,207,-335,-19,37,61,0,0,0,0,0,0,0,0,0,0,0,0,0,0,0,0,0,0,0,0,0,0,110918
1,1,1,1,59,-282,1774,-858,201,-344,-21,38,63,0,0,0,0,0,0,0,0,0,0,0,0,0,0,0,0,0,0,0,0,0,0,110928
1,1,1,1,43,-366,1650,-1041,219,-367,-19,38,64,0,0,0,0,0,0,0,0,0,0,0,0,0,0,0,0,0,0,0,0,0,0,110938
1,1,1,1,97,-423,1429,-793,216,-347,-18,38,64,0,0,0,0,0,0,0,0,0,0,0,0,0,0,0,0,0,0,0,0,0,0,110948
1,1,1,1,208,-372,1479,-390,178,-208,-20,37,63,0,0,0,0,0,0,0,0,0,0,0,0,0,0,0,0,0,0,0,0,0,0,110958
1,1,1,1,133,-414,1576,-284,194,-153,-17,39,65,0,0,0,0,0,0,0,0,0,0,0,0,0,0,0,0,0,0,0,0,0,0,110968
1,1,1,1,73,-447,1627,-226,153,-179,-17,40,64,0,0,0,0,0,0,0,0,0,0,0,0,0,0,0,0,0,0,0,0,0,0,110978
1,1,1,1,132,-387,1646,-195,108,-175,-20,39,67,0,0,0,0,0,0,0,0,0,0,0,0,0,0,0,0,0,0,0,0,0,0,110988
1,1,1,1,96,-350,1711,-355,128,-160,-21,40,68,0,0,0,0,0,0,0,0,0,0,0,0,0,0,0,0,0,0,0,0,0,0,110998
1,1,1,1,26,-341,1773,-588,148,-201,-22,36,68,0,0,0,0,0,0,0,0,0,0,0,0,0,0,0,0,0,0,0,0,0,0,111008
1,1,1,1,-15,-377,1792,-825,158,-263,-24,39,72,0,0,0,0,0,0,0,0,0,0,0,0,0,0,0,0,0,0,0,0,0,0,111018
1,1,1,1,-34,-371,1755,-932,176,-280,-23,39,75,0,0,0,0,0,0,0,0,0,0,0,0,0,0,0,0,0,0,0,0,0,0,111028
1,1,1,1,-49,-406,1633,-858,207,-295,-21,41,78,0,0,0,0,0,0,0,0,0,0,0,0,0,0,0,0,0,0,0,0,0,0,111038
1,1,1,1,34,-444,1583,-612,199,-248,-19,38,78,0,0,0,0,0,0,0,0,0,0,0,0,0,0,0,0,0,0,0,0,0,0,111048
1,1,1,1,13,-536,1622,-458,195,-191,-20,38,81,0,0,0,0,0,0,0,0,0,0,0,0,0,0,0,0,0,0,0,0,0,0,111058
1,1,1,1,-43,-596,1674,-439,179,-205,-24,39,83,0,0,0,0,0,0,0,0,0,0,0,0,0,0,0,0,0,0,0,0,0,0,111068
1,1,1,1,-52,-636,1700,-465,123,-270,-27,39,85,0,0,0,0,0,0,0,0,0,0,0,0,0,0,0,0,0,0,0,0,0,0,111078
1,1,1,1,-18,-615,1713,-560,92,-302,-32,39,91,0,0,0,0,0,0,0,0,0,0,0,0,0,0,0,0,0,0,0,0,0,0,111088
1,1,1,1,-11,-555,1717,-681,75,-305,-34,40,96,0,0,0,0,0,0,0,0,0,0,0,0,0,0,0,0,0,0,0,0,0,0,111098
1,1,1,1,-12,-604,1722,-842,43,-334,-34,40,98,0,0,0,0,0,0,0,0,0,0,0,0,0,0,0,0,0,0,0,0,0,0,111108
1,1,1,1,14,-624,1634,-928,32,-349,-31,41,99,0,0,0,0,0,0,0,0,0,0,0,0,0,0,0,0,0,0,0,0,0,0,111118
1,1,1,1,106,-620,1511,-653,25,-243,-33,42,101,0,0,0,0,0,0,0,0,0,0,0,0,0,0,0,0,0,0,0,0,0,0,111128
1,1,1,1,107,-690,1537,-370,18,-111,-36,42,104,0,0,0,0,0,0,0,0,0,0,0,0,0,0,0,0,0,0,0,0,0,0,111138
1,1,1,1,70,-683,1614,-268,9,-69,-32,43,104,0,0,0,0,0,0,0,0,0,0,0,0,0,0,0,0,0,0,0,0,0,0,111148
1,1,1,1,37,-678,1646,-187,-31,-65,-30,44,105,0,0,0,0,0,0,0,0,0,0,0,0,0,0,0,0,0,0,0,0,0,0,111158
1,1,1,1,69,-665,1655,-79,-104,-73,-33,44,104,0,0,0,0,0,0,0,0,0,0,0,0,0,0,0,0,0,0,0,0,0,0,111168
1,1,1,1,0,-654,1727,-70,-174,-125,-32,45,108,0,0,0,0,0,0,0,0,0,0,0,0,0,0,0,0,0,0,0,0,0,0,111178
1,1,1,1,-37,-623,1798,-129,-270,-240,-31,47,107,0,0,0,0,0,0,0,0,0,0,0,0,0,0,0,0,0,0,0,0,0,0,111188
1,1,1,1,-30,-539,1859,-241,-372,-293,-34,49,109,0,0,0,0,0,0,0,0,0,0,0,0,0,0,0,0,0,0,0,0,0,0,111198
1,1,1,1,-86,-536,1920,-372,-470,-318,-30,50,107,0,0,0,0,0,0,0,0,0,0,0,0,0,0,0,0,0,0,0,0,0,0,111208
1,1,1,1,-189,-572,1883,-393,-549,-354,-27,51,105,0,0,0,0,0,0,0,0,0,0,0,0,0,0,0,0,0,0,0,0,0,0,111218
1,1,1,1,-163,-600,1787,-367,-465,-280,-30,50,110,0,0,0,0,0,0,0,0,0,0,0,0,0,0,0,0,0,0,0,0,0,0,111228
1,1,1,1,-162,-641,1816,-310,-447,-207,-29,50,106,0,0,0,0,0,0,0,0,0,0,0,0,0,0,0,0,0,0,0,0,0,0,111238
1,1,1,1,-136,-614,1757,-329,-340,-168,-34,53,112,0,0,0,0,0,0,0,0,0,0,0,0,0,0,0,0,0,0,0,0,0,0,111248
1,1,1,1,143,-483,1645,-418,-175,-112,-33,52,114,0,0,0,0,0,0,0,0,0,0,0,0,0,0,0,0,0,0,0,0,0,0,111258
1,1,1,1,260,-430,1553,-517,-50,-116,-32,51,113,0,0,0,0,0,0,0,0,0,0,0,0,0,0,0,0,0,0,0,0,0,0,111268
1,1,1,1,340,-529,1349,-499,199,-171,-27,51,110,0,0,0,0,0,0,0,0,0,0,0,0,0,0,0,0,0,0,0,0,0,0,111278
1,1,1,1,432,-586,1313,-307,365,-207,-25,53,109,0,0,0,0,0,0,0,0,0,0,0,0,0,0,0,0,0,0,0,0,0,0,111288
1,1,1,1,255,-711,1372,-101,427,-216,-24,58,106,0,0,0,0,0,0,0,0,0,0,0,0,0,0,0,0,0,0,0,0,0,0,111298
1,1,1,1,208,-807,1459,-58,506,-150,-19,55,101,0,0,0,0,0,0,0,0,0,0,0,0,0,0,0,0,0,0,0,0,0,0,111308
1,1,1,1,143,-843,1604,-76,452,-48,-17,58,99,0,0,0,0,0,0,0,0,0,0,0,0,0,0,0,0,0,0,0,0,0,0,111318
1,1,1,1,65,-831,1666,-5,245,7,-20,60,97,0,0,0,0,0,0,0,0,0,0,0,0,0,0,0,0,0,0,0,0,0,0,111328
1,1,1,1,70,-878,1690,66,91,47,-16,57,97,0,0,0,0,0,0,0,0,0,0,0,0,0,0,0,0,0,0,0,0,0,0,111338
1,1,1,1,2,-865,1739,65,-1,73,-14,57,97,0,0,0,0,0,0,0,0,0,0,0,0,0,0,0,0,0,0,0,0,0,0,111348
1,1,1,1,6,-787,1761,70,-98,74,-16,55,98,0,0,0,0,0,0,0,0,0,0,0,0,0,0,0,0,0,0,0,0,0,0,111358
1,1,1,1,8,-756,1722,61,-115,82,-17,57,100,0,0,0,0,0,0,0,0,0,0,0,0,0,0,0,0,0,0,0,0,0,0,111368
1,1,1,1,72,-700,1665,101,-90,91,-20,56,99,0,0,0,0,0,0,0,0,0,0,0,0,0,0,0,0,0,0,0,0,0,0,111378
1,1,1,1,131,-596,1683,185,-87,110,-21,56,102,0,0,0,0,0,0,0,0,0,0,0,0,0,0,0,0,0,0,0,0,0,0,111388
1,1,1,1,136,-556,1673,193,-63,103,-23,55,103,0,0,0,0,0,0,0,0,0,0,0,0,0,0,0,0,0,0,0,0,0,0,111398
1,1,1,1,137,-537,1699,120,-28,67,-21,56,101,0,0,0,0,0,0,0,0,0,0,0,0,0,0,0,0,0,0,0,0,0,0,111408
1,1,1,1,118,-537,1696,32,-7,17,-19,56,103,0,0,0,0,0,0,0,0,0,0,0,0,0,0,0,0,0,0,0,0,0,0,111418
1,1,1,1,102,-563,1708,-20,25,-18,-18,57,101,0,0,0,0,0,0,0,0,0,0,0,0,0,0,0,0,0,0,0,0,0,0,111428
1,1,1,1,28,-611,1742,-73,15,-45,-19,57,101,0,0,0,0,0,0,0,0,0,0,0,0,0,0,0,0,0,0,0,0,0,0,111438
1,1,1,1,6,-646,1716,-68,9,-68,-17,57,101,0,0,0,0,0,0,0,0,0,0,0,0,0,0,0,0,0,0,0,0,0,0,111448
1,1,1,1,15,-685,1716,-58,8,-66,-17,57,104,0,0,0,0,0,0,0,0,0,0,0,0,0,0,0,0,0,0,0,0,0,0,111458
1,1,1,1,-20,-725,1710,-62,0,-72,-18,58,102,0,0,0,0,0,0,0,0,0,0,0,0,0,0,0,0,0,0,0,0,0,0,111468
1,1,1,1,14,-734,1657,9,-14,-71,-18,58,104,0,0,0,0,0,0,0,0,0,0,0,0,0,0,0,0,0,0,0,0,0,0,111478
1,1,1,1,57,-744,1627,129,-41,-55,-18,57,104,0,0,0,0,0,0,0,0,0,0,0,0,0,0,0,0,0,0,0,0,0,0,111488
1,1,1,1,104,-711,1609,206,-19,-22,-19,59,106,0,0,0,0,0,0,0,0,0,0,0,0,0,0,0,0,0,0,0,0,0,0,111498
1,1,1,1,140,-660,1614,235,-26,10,-18,58,102,0,0,0,0,0,0,0,0,0,0,0,0,0,0,0,0,0,0,0,0,0,0,111508
1,1,1,1,158,-619,1579,256,-11,28,-16,57,101,0,0,0,0,0,0,0,0,0,0,0,0,0,0,0,0,0,0,0,0,0,0,111518
1,1,1,1,86,-648,1631,247,21,48,-16,59,100,0,0,0,0,0,0,0,0,0,0,0,0,0,0,0,0,0,0,0,0,0,0,111528
1,1,1,1,-10,-664,1760,113,12,45,-16,59,103,0,0,0,0,0,0,0,0,0,0,0,0,0,0,0,0,0,0,0,0,0,0,111538
1,1,1,1,-18,-667,1745,-20,-12,13,-17,59,102,0,0,0,0,0,0,0,0,0,0,0,0,0,0,0,0,0,0,0,0,0,0,111548
1,1,1,1,16,-688,1703,-57,-6,14,-14,59,101,0,0,0,0,0,0,0,0,0,0,0,0,0,0,0,0,0,0,0,0,0,0,111558
1,1,1,1,35,-712,1667,55,-39,10,-13,58,101,0,0,0,0,0,0,0,0,0,0,0,0,0,0,0,0,0,0,0,0,0,0,111568
1,1,1,1,95,-697,1631,259,-61,22,-13,59,101,0,0,0,0,0,0,0,0,0,0,0,0,0,0,0,0,0,0,0,0,0,0,111578
1,1,1,1,99,-604,1635,696,-64,95,-17,60,103,0,0,0,0,0,0,0,0,0,0,0,0,0,0,0,0,0,0,0,0,0,0,111608
1,1,1,1,64,-552,1705,473,-23,80,-20,63,105,0,0,0,0,0,0,0,0,0,0,0,0,0,0,0,0,0,0,0,0,0,0,111618
1,1,1,1,49,-548,1736,214,-11,45,-16,59,105,0,0,0,0,0,0,0,0,0,0,0,0,0,0,0,0,0,0,0,0,0,0,111628
1,1,1,1,36,-574,1741,15,-16,17,-16,59,102,0,0,0,0,0,0,0,0,0,0,0,0,0,0,0,0,0,0,0,0,0,0,111638
1,1,1,1,33,-578,1729,-87,-26,-3,-13,60,102,0,0,0,0,0,0,0,0,0,0,0,0,0,0,0,0,0,0,0,0,0,0,111648
1,1,1,1,31,-614,1710,-66,-32,-13,-11,59,102,0,0,0,0,0,0,0,0,0,0,0,0,0,0,0,0,0,0,0,0,0,0,111658
1,1,1,1,53,-602,1656,43,-27,-8,-10,61,105,0,0,0,0,0,0,0,0,0,0,0,0,0,0,0,0,0,0,0,0,0,0,111668
1,1,1,1,74,-612,1643,195,-10,-2,-12,61,106,0,0,0,0,0,0,0,0,0,0,0,0,0,0,0,0,0,0,0,0,0,0,111678
1,1,1,1,91,-591,1649,304,5,8,-13,60,103,0,0,0,0,0,0,0,0,0,0,0,0,0,0,0,0,0,0,0,0,0,0,111688
1,1,1,1,87,-623,1635,400,7,24,-12,61,103,0,0,0,0,0,0,0,0,0,0,0,0,0,0,0,0,0,0,0,0,0,0,111698
1,1,1,1,98,-577,1622,454,16,45,-14,59,100,0,0,0,0,0,0,0,0,0,0,0,0,0,0,0,0,0,0,0,0,0,0,111708
1,1,1,1,109,-526,1651,335,52,76,-15,59,101,0,0,0,0,0,0,0,0,0,0,0,0,0,0,0,0,0,0,0,0,0,0,111718
1,1,1,1,57,-545,1675,142,79,63,-12,59,97,0,0,0,0,0,0,0,0,0,0,0,0,0,0,0,0,0,0,0,0,0,0,111728
1,1,1,1,76,-525,1682,31,75,79,-12,60,97,0,0,0,0,0,0,0,0,0,0,0,0,0,0,0,0,0,0,0,0,0,0,111738
1,1,1,1,48,-560,1644,-8,96,98,-11,59,95,0,0,0,0,0,0,0,0,0,0,0,0,0,0,0,0,0,0,0,0,0,0,111748
1,1,1,1,59,-573,1629,35,120,124,-12,58,98,0,0,0,0,0,0,0,0,0,0,0,0,0,0,0,0,0,0,0,0,0,0,111758
1,1,1,1,76,-582,1622,120,115,144,-13,58,97,0,0,0,0,0,0,0,0,0,0,0,0,0,0,0,0,0,0,0,0,0,0,111768
1,1,1,1,88,-554,1593,177,142,172,-15,58,95,0,0,0,0,0,0,0,0,0,0,0,0,0,0,0,0,0,0,0,0,0,0,111778
1,1,1,1,131,-459,1554,206,244,261,-16,56,97,0,0,0,0,0,0,0,0,0,0,0,0,0,0,0,0,0,0,0,0,0,0,111788
1,1,1,1,191,-413,1631,338,259,463,-16,56,95,0,0,0,0,0,0,0,0,0,0,0,0,0,0,0,0,0,0,0,0,0,0,111808
1,1,1,1,169,-383,1730,266,153,501,-16,55,98,0,0,0,0,0,0,0,0,0,0,0,0,0,0,0,0,0,0,0,0,0,0,111818
1,1,1,1,34,-492,1782,145,65,457,-17,55,99,0,0,0,0,0,0,0,0,0,0,0,0,0,0,0,0,0,0,0,0,0,0,111828
1,1,1,1,-94,-610,1768,39,6,313,-19,56,98,0,0,0,0,0,0,0,0,0,0,0,0,0,0,0,0,0,0,0,0,0,0,111838
1,1,1,1,-301,-689,1930,-60,-45,136,-19,56,101,0,0,0,0,0,0,0,0,0,0,0,0,0,0,0,0,0,0,0,0,0,0,111848
1,1,1,1,-409,-709,1930,-181,-95,6,-23,56,105,0,0,0,0,0,0,0,0,0,0,0,0,0,0,0,0,0,0,0,0,0,0,111858
1,1,1,1,-300,-732,1813,-226,-11,-75,-19,52,101,0,0,0,0,0,0,0,0,0,0,0,0,0,0,0,0,0,0,0,0,0,0,111868
1,1,1,1,-211,-708,1741,-142,25,-33,-19,51,101,0,0,0,0,0,0,0,0,0,0,0,0,0,0,0,0,0,0,0,0,0,0,111878
1,1,1,1,-211,-708,1741,1,8,-20,-26,54,103,0,0,0,0,0,0,0,0,0,0,0,0,0,0,0,0,0,0,0,0,0,0,111888
1,1,1,1,-11,-610,1669,46,4,6,-24,54,108,0,0,0,0,0,0,0,0,0,0,0,0,0,0,0,0,0,0,0,0,0,0,111898
1,1,1,1,64,-539,1657,67,-12,40,-28,58,107,0,0,0,0,0,0,0,0,0,0,0,0,0,0,0,0,0,0,0,0,0,0,111908
1,1,1,1,149,-459,1611,87,-11,80,-26,52,107,0,0,0,0,0,0,0,0,0,0,0,0,0,0,0,0,0,0,0,0,0,0,111918
1,1,1,1,210,-375,1585,95,-10,132,-29,56,110,0,0,0,0,0,0,0,0,0,0,0,0,0,0,0,0,0,0,0,0,0,0,111928
1,1,1,1,188,-356,1616,57,4,147,-25,57,110,0,0,0,0,0,0,0,0,0,0,0,0,0,0,0,0,0,0,0,0,0,0,111938
1,1,1,1,103,-410,1686,24,-12,101,-26,56,109,0,0,0,0,0,0,0,0,0,0,0,0,0,0,0,0,0,0,0,0,0,0,111948
1,1,1,1,42,-444,1717,-29,-17,39,-26,58,110,0,0,0,0,0,0,0,0,0,0,0,0,0,0,0,0,0,0,0,0,0,0,111958
1,1,1,1,-3,-474,1750,-110,6,-16,-24,55,108,0,0,0,0,0,0,0,0,0,0,0,0,0,0,0,0,0,0,0,0,0,0,111968
1,1,1,1,-9,-490,1734,-137,22,-68,-25,56,109,0,0,0,0,0,0,0,0,0,0,0,0,0,0,0,0,0,0,0,0,0,0,111978
1,1,1,1,1,-543,1691,-60,22,-84,-25,56,109,0,0,0,0,0,0,0,0,0,0,0,0,0,0,0,0,0,0,0,0,0,0,111988
1,1,1,1,-1,-582,1693,12,33,-80,-25,57,108,0,0,0,0,0,0,0,0,0,0,0,0,0,0,0,0,0,0,0,0,0,0,111998
1,1,1,1,14,-563,1688,60,34,-42,-27,56,109,0,0,0,0,0,0,0,0,0,0,0,0,0,0,0,0,0,0,0,0,0,0,112018
1,1,1,1,18,-548,1680,-10,37,-33,-28,57,108,0,0,0,0,0,0,0,0,0,0,0,0,0,0,0,0,0,0,0,0,0,0,112028
1,1,1,1,18,-533,1696,-121,23,-23,-27,56,107,0,0,0,0,0,0,0,0,0,0,0,0,0,0,0,0,0,0,0,0,0,0,112038
1,1,1,1,14,-577,1653,-142,12,-39,-28,57,107,0,0,0,0,0,0,0,0,0,0,0,0,0,0,0,0,0,0,0,0,0,0,112048
1,1,1,1,63,-533,1638,-123,-6,-8,-28,57,108,0,0,0,0,0,0,0,0,0,0,0,0,0,0,0,0,0,0,0,0,0,0,112058
1,1,1,1,40,-562,1605,-55,-15,7,-28,56,108,0,0,0,0,0,0,0,0,0,0,0,0,0,0,0,0,0,0,0,0,0,0,112068
1,1,1,1,37,-573,1618,47,-19,19,-26,56,109,0,0,0,0,0,0,0,0,0,0,0,0,0,0,0,0,0,0,0,0,0,0,112078
1,1,1,1,26,-568,1638,136,-37,34,-27,56,109,0,0,0,0,0,0,0,0,0,0,0,0,0,0,0,0,0,0,0,0,0,0,112088
1,1,1,1,-21,-591,1677,167,-44,22,-28,59,110,0,0,0,0,0,0,0,0,0,0,0,0,0,0,0,0,0,0,0,0,0,0,112098
1,1,1,1,-30,-571,1710,149,-52,8,-27,57,110,0,0,0,0,0,0,0,0,0,0,0,0,0,0,0,0,0,0,0,0,0,0,112108
1,1,1,1,-12,-535,1721,98,-50,2,-29,57,110,0,0,0,0,0,0,0,0,0,0,0,0,0,0,0,0,0,0,0,0,0,0,112118
1,1,1,1,-14,-513,1725,38,-38,-13,-27,57,112,0,0,0,0,0,0,0,0,0,0,0,0,0,0,0,0,0,0,0,0,0,0,112128
1,1,1,1,-3,-473,1732,-62,-20,-26,-27,56,114,0,0,0,0,0,0,0,0,0,0,0,0,0,0,0,0,0,0,0,0,0,0,112138
1,1,1,1,14,-472,1702,-121,-5,-46,-27,57,110,0,0,0,0,0,0,0,0,0,0,0,0,0,0,0,0,0,0,0,0,0,0,112148
1,1,1,1,45,-469,1684,-143,14,-44,-30,58,110,0,0,0,0,0,0,0,0,0,0,0,0,0,0,0,0,0,0,0,0,0,0,112158
1,1,1,1,66,-502,1627,-68,21,-41,-28,58,111,0,0,0,0,0,0,0,0,0,0,0,0,0,0,0,0,0,0,0,0,0,0,112168
1,1,1,1,94,-533,1629,60,8,-23,-28,59,108,0,0,0,0,0,0,0,0,0,0,0,0,0,0,0,0,0,0,0,0,0,0,112178
1,1,1,1,78,-535,1644,128,7,-9,-27,57,108,0,0,0,0,0,0,0,0,0,0,0,0,0,0,0,0,0,0,0,0,0,0,112188
1,1,1,1,33,-554,1694,131,-2,-19,-27,55,107,0,0,0,0,0,0,0,0,0,0,0,0,0,0,0,0,0,0,0,0,0,0,112198
1,1,1,1,-11,-561,1729,67,-16,-38,-29,58,108,0,0,0,0,0,0,0,0,0,0,0,0,0,0,0,0,0,0,0,0,0,0,112208
1,1,1,1,-11,-531,1731,-15,16,-41,-31,57,108,0,0,0,0,0,0,0,0,0,0,0,0,0,0,0,0,0,0,0,0,0,0,112218
1,1,1,1,-12,-502,1728,-97,32,-49,-30,57,108,0,0,0,0,0,0,0,0,0,0,0,0,0,0,0,0,0,0,0,0,0,0,112228
1,1,1,1,-14,-507,1710,-163,42,-65,-31,58,111,0,0,0,0,0,0,0,0,0,0,0,0,0,0,0,0,0,0,0,0,0,0,112238
1,1,1,1,-7,-527,1679,-173,48,-78,-28,56,110,0,0,0,0,0,0,0,0,0,0,0,0,0,0,0,0,0,0,0,0,0,0,112248
1,1,1,1,7,-534,1661,-140,48,-63,-25,56,109,0,0,0,0,0,0,0,0,0,0,0,0,0,0,0,0,0,0,0,0,0,0,112258
1,1,1,1,-2,-581,1648,-71,56,-60,-24,55,109,0,0,0,0,0,0,0,0,0,0,0,0,0,0,0,0,0,0,0,0,0,0,112268
1,1,1,1,11,-587,1654,-2,49,-59,-24,56,110,0,0,0,0,0,0,0,0,0,0,0,0,0,0,0,0,0,0,0,0,0,0,112278
1,1,1,1,27,-589,1642,85,34,-45,-25,57,112,0,0,0,0,0,0,0,0,0,0,0,0,0,0,0,0,0,0,0,0,0,0,112288
1,1,1,1,40,-593,1646,162,11,-43,-25,56,112,0,0,0,0,0,0,0,0,0,0,0,0,0,0,0,0,0,0,0,0,0,0,112298
1,1,1,1,67,-514,1666,160,12,-7,-29,57,109,0,0,0,0,0,0,0,0,0,0,0,0,0,0,0,0,0,0,0,0,0,0,112308
1,1,1,1,34,-505,1704,29,30,14,-29,56,109,0,0,0,0,0,0,0,0,0,0,0,0,0,0,0,0,0,0,0,0,0,0,112318
1,1,1,1,-21,-524,1735,-125,43,-15,-29,56,108,0,0,0,0,0,0,0,0,0,0,0,0,0,0,0,0,0,0,0,0,0,0,112328
1,1,1,1,-61,-544,1748,-236,60,-43,-29,55,109,0,0,0,0,0,0,0,0,0,0,0,0,0,0,0,0,0,0,0,0,0,0,112338
1,1,1,1,-69,-557,1737,-280,68,-60,-30,57,107,0,0,0,0,0,0,0,0,0,0,0,0,0,0,0,0,0,0,0,0,0,0,112348
1,1,1,1,-39,-575,1687,-190,59,-60,-29,56,107,0,0,0,0,0,0,0,0,0,0,0,0,0,0,0,0,0,0,0,0,0,0,112358
1,1,1,1,-9,-604,1658,-59,49,-55,-27,56,112,0,0,0,0,0,0,0,0,0,0,0,0,0,0,0,0,0,0,0,0,0,0,112368
1,1,1,1,36,-588,1659,61,45,-42,-29,56,111,0,0,0,0,0,0,0,0,0,0,0,0,0,0,0,0,0,0,0,0,0,0,112378
1,1,1,1,29,-593,1670,107,40,-46,-33,57,111,0,0,0,0,0,0,0,0,0,0,0,0,0,0,0,0,0,0,0,0,0,0,112388
1,1,1,1,7,-591,1707,86,9,-78,-32,56,111,0,0,0,0,0,0,0,0,0,0,0,0,0,0,0,0,0,0,0,0,0,0,112398
1,1,1,1,19,-515,1708,-8,26,-61,-32,56,111,0,0,0,0,0,0,0,0,0,0,0,0,0,0,0,0,0,0,0,0,0,0,112408
1,1,1,1,1,-490,1730,-168,55,-44,-30,57,112,0,0,0,0,0,0,0,0,0,0,0,0,0,0,0,0,0,0,0,0,0,0,112418
1,1,1,1,-19,-527,1706,-211,54,-61,-30,55,114,0,0,0,0,0,0,0,0,0,0,0,0,0,0,0,0,0,0,0,0,0,0,112428
1,1,1,1,8,-521,1690,-217,50,-54,-30,56,113,0,0,0,0,0,0,0,0,0,0,0,0,0,0,0,0,0,0,0,0,0,0,112438
1,1,1,1,-5,-578,1665,-188,64,-61,-32,57,113,0,0,0,0,0,0,0,0,0,0,0,0,0,0,0,0,0,0,0,0,0,0,112448
1,1,1,1,50,-580,1625,-56,44,-62,-31,55,114,0,0,0,0,0,0,0,0,0,0,0,0,0,0,0,0,0,0,0,0,0,0,112458
1,1,1,1,98,-556,1617,29,65,-23,-33,53,115,0,0,0,0,0,0,0,0,0,0,0,0,0,0,0,0,0,0,0,0,0,0,112468
1,1,1,1,75,-583,1647,0,86,-23,-32,54,113,0,0,0,0,0,0,0,0,0,0,0,0,0,0,0,0,0,0,0,0,0,0,112478
1,1,1,1,34,-600,1661,-16,69,-33,-32,55,116,0,0,0,0,0,0,0,0,0,0,0,0,0,0,0,0,0,0,0,0,0,0,112488
1,1,1,1,25,-606,1660,-29,67,-25,-32,53,114,0,0,0,0,0,0,0,0,0,0,0,0,0,0,0,0,0,0,0,0,0,0,112498
1,1,1,1,-31,-631,1688,-79,62,-29,-33,56,115,0,0,0,0,0,0,0,0,0,0,0,0,0,0,0,0,0,0,0,0,0,0,112508
1,1,1,1,-48,-610,1696,-107,41,-39,-35,58,118,0,0,0,0,0,0,0,0,0,0,0,0,0,0,0,0,0,0,0,0,0,0,112518
1,1,1,1,-30,-584,1686,-103,45,-15,-33,52,115,0,0,0,0,0,0,0,0,0,0,0,0,0,0,0,0,0,0,0,0,0,0,112528
1,1,1,1,-44,-613,1683,-112,52,-21,-32,56,118,0,0,0,0,0,0,0,0,0,0,0,0,0,0,0,0,0,0,0,0,0,0,112538
1,1,1,1,-26,-585,1673,-56,42,-25,-30,53,115,0,0,0,0,0,0,0,0,0,0,0,0,0,0,0,0,0,0,0,0,0,0,112548
1,1,1,1,-10,-550,1653,-20,52,-3,-31,55,117,0,0,0,0,0,0,0,0,0,0,0,0,0,0,0,0,0,0,0,0,0,0,112558
1,1,1,1,-19,-571,1670,-22,53,-6,-32,54,118,0,0,0,0,0,0,0,0,0,0,0,0,0,0,0,0,0,0,0,0,0,0,112568
1,1,1,1,-44,-585,1691,-36,44,-17,-32,56,120,0,0,0,0,0,0,0,0,0,0,0,0,0,0,0,0,0,0,0,0,0,0,112578
1,1,1,1,-34,-594,1679,-33,28,-34,-31,55,118,0,0,0,0,0,0,0,0,0,0,0,0,0,0,0,0,0,0,0,0,0,0,112588
1,1,1,1,-20,-583,1685,-51,18,-33,-32,54,118,0,0,0,0,0,0,0,0,0,0,0,0,0,0,0,0,0,0,0,0,0,0,112598
1,1,1,1,-39,-610,1686,-93,10,-50,-31,54,116,0,0,0,0,0,0,0,0,0,0,0,0,0,0,0,0,0,0,0,0,0,0,112608
1,1,1,1,-5,-589,1644,-46,-8,-53,-32,55,118,0,0,0,0,0,0,0,0,0,0,0,0,0,0,0,0,0,0,0,0,0,0,112618
1,1,1,1,9,-565,1632,-33,-12,-16,-33,55,116,0,0,0,0,0,0,0,0,0,0,0,0,0,0,0,0,0,0,0,0,0,0,112628
1,1,1,1,-31,-593,1647,-37,0,-8,-32,54,117,0,0,0,0,0,0,0,0,0,0,0,0,0,0,0,0,0,0,0,0,0,0,112638
1,1,1,1,-43,-592,1654,-12,-15,-4,-31,55,115,0,0,0,0,0,0,0,0,0,0,0,0,0,0,0,0,0,0,0,0,0,0,112648
1,1,1,1,-70,-607,1657,-12,-12,8,-31,54,116,0,0,0,0,0,0,0,0,0,0,0,0,0,0,0,0,0,0,0,0,0,0,112658
1,1,1,1,-89,-609,1693,-23,-19,1,-33,55,117,0,0,0,0,0,0,0,0,0,0,0,0,0,0,0,0,0,0,0,0,0,0,112668
1,1,1,1,-81,-627,1681,-15,-31,-12,-33,55,117,0,0,0,0,0,0,0,0,0,0,0,0,0,0,0,0,0,0,0,0,0,0,112678
1,1,1,1,-28,-599,1656,7,-41,-15,-34,55,116,0,0,0,0,0,0,0,0,0,0,0,0,0,0,0,0,0,0,0,0,0,0,112688
1,1,1,1,4,-585,1656,4,-41,-4,-34,55,119,0,0,0,0,0,0,0,0,0,0,0,0,0,0,0,0,0,0,0,0,0,0,112698
1,1,1,1,2,-611,1671,-42,-39,-21,-32,53,118,0,0,0,0,0,0,0,0,0,0,0,0,0,0,0,0,0,0,0,0,0,0,112708
1,1,1,1,12,-609,1669,-63,-45,-24,-34,55,121,0,0,0,0,0,0,0,0,0,0,0,0,0,0,0,0,0,0,0,0,0,0,112718
1,1,1,1,8,-624,1654,-58,-44,-23,-32,55,119,0,0,0,0,0,0,0,0,0,0,0,0,0,0,0,0,0,0,0,0,0,0,112728
1,1,1,1,-17,-626,1685,-38,-48,-13,-34,55,119,0,0,0,0,0,0,0,0,0,0,0,0,0,0,0,0,0,0,0,0,0,0,112738
1,1,1,1,-18,-633,1673,-2,-49,-21,-32,55,122,0,0,0,0,0,0,0,0,0,0,0,0,0,0,0,0,0,0,0,0,0,0,112748
1,1,1,1,30,-598,1665,58,-44,-6,-32,56,119,0,0,0,0,0,0,0,0,0,0,0,0,0,0,0,0,0,0,0,0,0,0,112758
1,1,1,1,44,-583,1670,67,-15,10,-34,55,119,0,0,0,0,0,0,0,0,0,0,0,0,0,0,0,0,0,0,0,0,0,0,112768
1,1,1,1,42,-575,1671,55,1,13,-30,52,118,0,0,0,0,0,0,0,0,0,0,0,0,0,0,0,0,0,0,0,0,0,0,112778
1,1,1,1,31,-573,1669,64,12,32,-35,54,120,0,0,0,0,0,0,0,0,0,0,0,0,0,0,0,0,0,0,0,0,0,0,112788
1,1,1,1,-6,-586,1704,14,27,39,-34,53,118,0,0,0,0,0,0,0,0,0,0,0,0,0,0,0,0,0,0,0,0,0,0,112798
1,1,1,1,-68,-611,1737,-80,12,8,-36,57,119,0,0,0,0,0,0,0,0,0,0,0,0,0,0,0,0,0,0,0,0,0,0,112808
1,1,1,1,-71,-618,1730,-129,-1,-21,-35,55,117,0,0,0,0,0,0,0,0,0,0,0,0,0,0,0,0,0,0,0,0,0,0,112818
1,1,1,1,-60,-638,1697,-133,1,-22,-35,54,120,0,0,0,0,0,0,0,0,0,0,0,0,0,0,0,0,0,0,0,0,0,0,112828
1,1,1,1,-38,-661,1661,-66,-14,-31,-33,53,115,0,0,0,0,0,0,0,0,0,0,0,0,0,0,0,0,0,0,0,0,0,0,112838
1,1,1,1,28,-624,1633,46,-29,-9,-34,52,120,0,0,0,0,0,0,0,0,0,0,0,0,0,0,0,0,0,0,0,0,0,0,112848
1,1,1,1,51,-617,1625,78,-19,15,-33,54,123,0,0,0,0,0,0,0,0,0,0,0,0,0,0,0,0,0,0,0,0,0,0,112858
1,1,1,1,44,-616,1637,98,-19,18,-35,55,123,0,0,0,0,0,0,0,0,0,0,0,0,0,0,0,0,0,0,0,0,0,0,112868
1,1,1,1,37,-579,1656,94,-27,33,-33,55,121,0,0,0,0,0,0,0,0,0,0,0,0,0,0,0,0,0,0,0,0,0,0,112878
1,1,1,1,-18,-588,1696,32,-25,20,-33,55,122,0,0,0,0,0,0,0,0,0,0,0,0,0,0,0,0,0,0,0,0,0,0,112888
1,1,1,1,-40,-590,1719,-10,-32,7,-35,55,122,0,0,0,0,0,0,0,0,0,0,0,0,0,0,0,0,0,0,0,0,0,0,112898
1,1,1,1,-47,-585,1715,-42,-30,8,-36,54,122,0,0,0,0,0,0,0,0,0,0,0,0,0,0,0,0,0,0,0,0,0,0,112908
1,1,1,1,-53,-617,1715,-83,-34,0,-34,53,124,0,0,0,0,0,0,0,0,0,0,0,0,0,0,0,0,0,0,0,0,0,0,112918
1,1,1,1,-40,-631,1689,-88,-43,-8,-32,54,122,0,0,0,0,0,0,0,0,0,0,0,0,0,0,0,0,0,0,0,0,0,0,112928
1,1,1,1,-6,-619,1657,-29,-39,-1,-33,54,123,0,0,0,0,0,0,0,0,0,0,0,0,0,0,0,0,0,0,0,0,0,0,112938
1,1,1,1,9,-616,1672,18,-33,11,-32,54,124,0,0,0,0,0,0,0,0,0,0,0,0,0,0,0,0,0,0,0,0,0,0,112948
1,1,1,1,-1,-619,1678,46,-29,-6,-32,54,122,0,0,0,0,0,0,0,0,0,0,0,0,0,0,0,0,0,0,0,0,0,0,112958
1,1,1,1,29,-593,1677,98,-47,-8,-33,55,126,0,0,0,0,0,0,0,0,0,0,0,0,0,0,0,0,0,0,0,0,0,0,112968
1,1,1,1,40,-565,1693,80,-32,5,-35,54,126,0,0,0,0,0,0,0,0,0,0,0,0,0,0,0,0,0,0,0,0,0,0,112978
1,1,1,1,21,-565,1707,-23,-13,-1,-35,55,125,0,0,0,0,0,0,0,0,0,0,0,0,0,0,0,0,0,0,0,0,0,0,112988
1,1,1,1,28,-563,1692,-83,-5,-3,-34,55,124,0,0,0,0,0,0,0,0,0,0,0,0,0,0,0,0,0,0,0,0,0,0,112998
1,1,1,1,2,-611,1686,-106,-2,-2,-35,54,121,0,0,0,0,0,0,0,0,0,0,0,0,0,0,0,0,0,0,0,0,0,0,113008
1,1,1,1,-21,-623,1691,-122,-11,-9,-37,55,125,0,0,0,0,0,0,0,0,0,0,0,0,0,0,0,0,0,0,0,0,0,0,113018
1,1,1,1,-31,-630,1684,-104,-13,-5,-32,53,121,0,0,0,0,0,0,0,0,0,0,0,0,0,0,0,0,0,0,0,0,0,0,113028
1,1,1,1,-9,-635,1652,-44,-8,-5,-31,54,124,0,0,0,0,0,0,0,0,0,0,0,0,0,0,0,0,0,0,0,0,0,0,113038
1,1,1,1,19,-613,1660,50,-13,11,-30,54,126,0,0,0,0,0,0,0,0,0,0,0,0,0,0,0,0,0,0,0,0,0,0,113048
1,1,1,1,10,-611,1666,65,-6,8,-31,51,122,0,0,0,0,0,0,0,0,0,0,0,0,0,0,0,0,0,0,0,0,0,0,113058
1,1,1,1,36,-597,1655,88,-16,16,-32,55,126,0,0,0,0,0,0,0,0,0,0,0,0,0,0,0,0,0,0,0,0,0,0,113068
1,1,1,1,33,-598,1659,117,-23,33,-36,57,126,0,0,0,0,0,0,0,0,0,0,0,0,0,0,0,0,0,0,0,0,0,0,113078
1,1,1,1,6,-592,1683,73,-17,29,-37,56,123,0,0,0,0,0,0,0,0,0,0,0,0,0,0,0,0,0,0,0,0,0,0,113088
1,1,1,1,0,-586,1692,-17,-19,23,-37,58,126,0,0,0,0,0,0,0,0,0,0,0,0,0,0,0,0,0,0,0,0,0,0,113098
1,1,1,1,-35,-598,1703,-66,-13,5,-36,53,123,0,0,0,0,0,0,0,0,0,0,0,0,0,0,0,0,0,0,0,0,0,0,113108
1,1,1,1,-32,-601,1713,-75,-24,1,-35,56,123,0,0,0,0,0,0,0,0,0,0,0,0,0,0,0,0,0,0,0,0,0,0,113118
1,1,1,1,-31,-612,1690,-62,-14,-1,-37,56,124,0,0,0,0,0,0,0,0,0,0,0,0,0,0,0,0,0,0,0,0,0,0,113128
1,1,1,1,-9,-620,1681,-19,-4,4,-35,56,122,0,0,0,0,0,0,0,0,0,0,0,0,0,0,0,0,0,0,0,0,0,0,113138
1,1,1,1,5,-628,1663,55,-15,0,-34,54,123,0,0,0,0,0,0,0,0,0,0,0,0,0,0,0,0,0,0,0,0,0,0,113148
1,1,1,1,37,-615,1672,90,-24,3,-31,54,123,0,0,0,0,0,0,0,0,0,0,0,0,0,0,0,0,0,0,0,0,0,0,113158
1,1,1,1,37,-605,1676,89,-7,2,-31,53,124,0,0,0,0,0,0,0,0,0,0,0,0,0,0,0,0,0,0,0,0,0,0,113168
1,1,1,1,36,-568,1698,73,1,16,-33,54,123,0,0,0,0,0,0,0,0,0,0,0,0,0,0,0,0,0,0,0,0,0,0,113178
1,1,1,1,-1,-587,1718,13,2,9,-32,54,122,0,0,0,0,0,0,0,0,0,0,0,0,0,0,0,0,0,0,0,0,0,0,113188
1,1,1,1,-24,-591,1723,-50,3,-8,-32,53,121,0,0,0,0,0,0,0,0,0,0,0,0,0,0,0,0,0,0,0,0,0,0,113198
1,1,1,1,-25,-596,1702,-77,8,-18,-33,53,123,0,0,0,0,0,0,0,0,0,0,0,0,0,0,0,0,0,0,0,0,0,0,113208
1,1,1,1,-26,-615,1687,-80,5,-23,-32,52,122,0,0,0,0,0,0,0,0,0,0,0,0,0,0,0,0,0,0,0,0,0,0,113218
1,1,1,1,0,-634,1665,-43,3,-17,-33,53,123,0,0,0,0,0,0,0,0,0,0,0,0,0,0,0,0,0,0,0,0,0,0,113228
1,1,1,1,25,-640,1633,19,-2,-3,-31,52,123,0,0,0,0,0,0,0,0,0,0,0,0,0,0,0,0,0,0,0,0,0,0,113238
1,1,1,1,35,-636,1628,97,-7,9,-31,54,123,0,0,0,0,0,0,0,0,0,0,0,0,0,0,0,0,0,0,0,0,0,0,113248
1,1,1,1,24,-637,1653,123,-16,21,-30,53,121,0,0,0,0,0,0,0,0,0,0,0,0,0,0,0,0,0,0,0,0,0,0,113258
1,1,1,1,16,-592,1666,123,-4,38,-32,54,119,0,0,0,0,0,0,0,0,0,0,0,0,0,0,0,0,0,0,0,0,0,0,113268
1,1,1,1,-3,-588,1700,73,8,42,-31,53,120,0,0,0,0,0,0,0,0,0,0,0,0,0,0,0,0,0,0,0,0,0,0,113278
1,1,1,1,-34,-611,1711,10,-11,13,-33,53,120,0,0,0,0,0,0,0,0,0,0,0,0,0,0,0,0,0,0,0,0,0,0,113288
1,1,1,1,-29,-586,1715,-41,-7,8,-33,53,119,0,0,0,0,0,0,0,0,0,0,0,0,0,0,0,0,0,0,0,0,0,0,113298
1,1,1,1,-22,-605,1691,-66,-15,-9,-32,52,119,0,0,0,0,0,0,0,0,0,0,0,0,0,0,0,0,0,0,0,0,0,0,113308
1,1,1,1,9,-594,1673,-36,-11,4,-32,53,121,0,0,0,0,0,0,0,0,0,0,0,0,0,0,0,0,0,0,0,0,0,0,113318
1,1,1,1,11,-630,1645,9,-6,-2,-31,53,121,0,0,0,0,0,0,0,0,0,0,0,0,0,0,0,0,0,0,0,0,0,0,113328
1,1,1,1,24,-615,1650,62,-11,11,-32,54,122,0,0,0,0,0,0,0,0,0,0,0,0,0,0,0,0,0,0,0,0,0,0,113338
1,1,1,1,1,-632,1670,91,-18,6,-30,54,122,0,0,0,0,0,0,0,0,0,0,0,0,0,0,0,0,0,0,0,0,0,0,113348
1,1,1,1,17,-582,1683,112,-19,6,-32,54,120,0,0,0,0,0,0,0,0,0,0,0,0,0,0,0,0,0,0,0,0,0,0,113358
1,1,1,1,17,-575,1686,98,1,19,-35,55,122,0,0,0,0,0,0,0,0,0,0,0,0,0,0,0,0,0,0,0,0,0,0,113368
1,1,1,1,2,-582,1701,43,6,13,-33,53,120,0,0,0,0,0,0,0,0,0,0,0,0,0,0,0,0,0,0,0,0,0,0,113378
1,1,1,1,-6,-608,1697,-16,1,0,-30,52,120,0,0,0,0,0,0,0,0,0,0,0,0,0,0,0,0,0,0,0,0,0,0,113388
1,1,1,1,-6,-613,1680,-53,-10,-7,-31,50,118,0,0,0,0,0,0,0,0,0,0,0,0,0,0,0,0,0,0,0,0,0,0,113398
1,1,1,1,-6,-607,1665,-58,-7,4,-31,52,120,0,0,0,0,0,0,0,0,0,0,0,0,0,0,0,0,0,0,0,0,0,0,113408
1,1,1,1,-30,-624,1666,-33,-17,11,-32,54,123,0,0,0,0,0,0,0,0,0,0,0,0,0,0,0,0,0,0,0,0,0,0,113418
1,1,1,1,-25,-637,1668,20,-24,12,-30,52,120,0,0,0,0,0,0,0,0,0,0,0,0,0,0,0,0,0,0,0,0,0,0,113428
1,1,1,1,-8,-625,1666,72,-27,12,-32,54,120,0,0,0,0,0,0,0,0,0,0,0,0,0,0,0,0,0,0,0,0,0,0,113438
1,1,1,1,11,-614,1674,71,-33,5,-31,53,122,0,0,0,0,0,0,0,0,0,0,0,0,0,0,0,0,0,0,0,0,0,0,113448
1,1,1,1,36,-589,1671,77,-30,13,-31,55,123,0,0,0,0,0,0,0,0,0,0,0,0,0,0,0,0,0,0,0,0,0,0,113458
1,1,1,1,42,-575,1661,78,-24,24,-30,54,122,0,0,0,0,0,0,0,0,0,0,0,0,0,0,0,0,0,0,0,0,0,0,113468
1,1,1,1,22,-578,1674,56,-23,30,-29,53,122,0,0,0,0,0,0,0,0,0,0,0,0,0,0,0,0,0,0,0,0,0,0,113478
1,1,1,1,-4,-591,1690,49,-24,31,-30,53,121,0,0,0,0,0,0,0,0,0,0,0,0,0,0,0,0,0,0,0,0,0,0,113488
1,1,1,1,-19,-597,1713,19,-27,24,-29,53,122,0,0,0,0,0,0,0,0,0,0,0,0,0,0,0,0,0,0,0,0,0,0,113498
1,1,1,1,-20,-606,1706,-16,-21,14,-32,54,123,0,0,0,0,0,0,0,0,0,0,0,0,0,0,0,0,0,0,0,0,0,0,113508
1,1,1,1,11,-602,1689,-26,-19,10,-33,52,124,0,0,0,0,0,0,0,0,0,0,0,0,0,0,0,0,0,0,0,0,0,0,113518
1,1,1,1,25,-595,1677,-21,-24,3,-32,53,123,0,0,0,0,0,0,0,0,0,0,0,0,0,0,0,0,0,0,0,0,0,0,113528
1,1,1,1,35,-587,1666,12,-15,2,-29,53,123,0,0,0,0,0,0,0,0,0,0,0,0,0,0,0,0,0,0,0,0,0,0,113538
1,1,1,1,40,-586,1666,55,-9,7,-30,53,124,0,0,0,0,0,0,0,0,0,0,0,0,0,0,0,0,0,0,0,0,0,0,113548
1,1,1,1,34,-576,1679,81,5,12,-30,54,122,0,0,0,0,0,0,0,0,0,0,0,0,0,0,0,0,0,0,0,0,0,0,113558
1,1,1,1,20,-565,1687,73,10,21,-31,54,122,0,0,0,0,0,0,0,0,0,0,0,0,0,0,0,0,0,0,0,0,0,0,113568
1,1,1,1,-6,-576,1709,26,10,12,-32,54,122,0,0,0,0,0,0,0,0,0,0,0,0,0,0,0,0,0,0,0,0,0,0,113578
1,1,1,1,-30,-575,1724,-33,7,1,-32,54,122,0,0,0,0,0,0,0,0,0,0,0,0,0,0,0,0,0,0,0,0,0,0,113588
1,1,1,1,-34,-580,1703,-65,14,-6,-33,54,120,0,0,0,0,0,0,0,0,0,0,0,0,0,0,0,0,0,0,0,0,0,0,113598
1,1,1,1,-16,-584,1678,-64,11,-2,-31,53,122,0,0,0,0,0,0,0,0,0,0,0,0,0,0,0,0,0,0,0,0,0,0,113608
1,1,1,1,-15,-608,1658,-25,4,0,-31,53,124,0,0,0,0,0,0,0,0,0,0,0,0,0,0,0,0,0,0,0,0,0,0,113618
1,1,1,1,-2,-602,1643,5,-3,1,-30,54,123,0,0,0,0,0,0,0,0,0,0,0,0,0,0,0,0,0,0,0,0,0,0,113628
1,1,1,1,17,-598,1648,46,-13,2,-31,54,123,0,0,0,0,0,0,0,0,0,0,0,0,0,0,0,0,0,0,0,0,0,0,113638
1,1,1,1,33,-596,1660,81,-6,7,-31,54,123,0,0,0,0,0,0,0,0,0,0,0,0,0,0,0,0,0,0,0,0,0,0,113648
1,1,1,1,38,-581,1671,98,-1,19,-32,55,123,0,0,0,0,0,0,0,0,0,0,0,0,0,0,0,0,0,0,0,0,0,0,113658
1,1,1,1,23,-574,1696,94,-19,21,-33,55,124,0,0,0,0,0,0,0,0,0,0,0,0,0,0,0,0,0,0,0,0,0,0,113668
1,1,1,1,8,-569,1702,71,-1,19,-32,53,122,0,0,0,0,0,0,0,0,0,0,0,0,0,0,0,0,0,0,0,0,0,0,113678
1,1,1,1,-2,-577,1710,28,-8,14,-33,55,124,0,0,0,0,0,0,0,0,0,0,0,0,0,0,0,0,0,0,0,0,0,0,113688
1,1,1,1,-11,-591,1716,-25,-6,-5,-32,55,122,0,0,0,0,0,0,0,0,0,0,0,0,0,0,0,0,0,0,0,0,0,0,113698
1,1,1,1,4,-577,1697,-42,-2,-6,-32,53,125,0,0,0,0,0,0,0,0,0,0,0,0,0,0,0,0,0,0,0,0,0,0,113708
1,1,1,1,7,-585,1687,-21,7,-9,-32,53,120,0,0,0,0,0,0,0,0,0,0,0,0,0,0,0,0,0,0,0,0,0,0,113718
1,1,1,1,13,-586,1687,-7,-11,-15,-34,57,124,0,0,0,0,0,0,0,0,0,0,0,0,0,0,0,0,0,0,0,0,0,0,113728
1,1,1,1,34,-590,1657,46,-7,-12,-32,55,126,0,0,0,0,0,0,0,0,0,0,0,0,0,0,0,0,0,0,0,0,0,0,113738
1,1,1,1,32,-599,1676,75,-8,-3,-32,56,126,0,0,0,0,0,0,0,0,0,0,0,0,0,0,0,0,0,0,0,0,0,0,113748
1,1,1,1,26,-587,1684,51,-4,3,-34,57,123,0,0,0,0,0,0,0,0,0,0,0,0,0,0,0,0,0,0,0,0,0,0,113758
1,1,1,1,17,-573,1705,23,14,21,-30,55,122,0,0,0,0,0,0,0,0,0,0,0,0,0,0,0,0,0,0,0,0,0,0,113768
1,1,1,1,-21,-582,1701,-8,14,16,-32,55,124,0,0,0,0,0,0,0,0,0,0,0,0,0,0,0,0,0,0,0,0,0,0,113778
1,1,1,1,-31,-579,1707,-42,9,8,-32,54,124,0,0,0,0,0,0,0,0,0,0,0,0,0,0,0,0,0,0,0,0,0,0,113788
1,1,1,1,-26,-590,1699,-55,15,0,-33,54,124,0,0,0,0,0,0,0,0,0,0,0,0,0,0,0,0,0,0,0,0,0,0,113798
1,1,1,1,-3,-586,1673,-58,6,-1,-33,54,125,0,0,0,0,0,0,0,0,0,0,0,0,0,0,0,0,0,0,0,0,0,0,113808
1,1,1,1,20,-589,1643,-20,-2,-4,-33,54,127,0,0,0,0,0,0,0,0,0,0,0,0,0,0,0,0,0,0,0,0,0,0,113818
1,1,1,1,54,-593,1625,37,-1,10,-35,54,122,0,0,0,0,0,0,0,0,0,0,0,0,0,0,0,0,0,0,0,0,0,0,113828
1,1,1,1,54,-593,1616,92,-11,18,-32,54,124,0,0,0,0,0,0,0,0,0,0,0,0,0,0,0,0,0,0,0,0,0,0,113838
1,1,1,1,43,-582,1635,151,-25,33,-32,55,124,0,0,0,0,0,0,0,0,0,0,0,0,0,0,0,0,0,0,0,0,0,0,113848
1,1,1,1,7,-581,1681,162,-23,43,-33,55,126,0,0,0,0,0,0,0,0,0,0,0,0,0,0,0,0,0,0,0,0,0,0,113858
1,1,1,1,-22,-559,1727,84,-23,32,-33,55,122,0,0,0,0,0,0,0,0,0,0,0,0,0,0,0,0,0,0,0,0,0,0,113868
1,1,1,1,-44,-562,1745,-29,-14,7,-31,55,124,0,0,0,0,0,0,0,0,0,0,0,0,0,0,0,0,0,0,0,0,0,0,113878
1,1,1,1,-32,-572,1727,-74,4,-5,-33,54,125,0,0,0,0,0,0,0,0,0,0,0,0,0,0,0,0,0,0,0,0,0,0,113888
1,1,1,1,-22,-593,1706,-70,0,-5,-33,54,124,0,0,0,0,0,0,0,0,0,0,0,0,0,0,0,0,0,0,0,0,0,0,113898
1,1,1,1,-5,-601,1686,-33,2,-7,-34,53,125,0,0,0,0,0,0,0,0,0,0,0,0,0,0,0,0,0,0,0,0,0,0,113908
1,1,1,1,30,-597,1665,5,1,-3,-33,55,124,0,0,0,0,0,0,0,0,0,0,0,0,0,0,0,0,0,0,0,0,0,0,113918
1,1,1,1,37,-594,1665,34,11,-3,-34,55,126,0,0,0,0,0,0,0,0,0,0,0,0,0,0,0,0,0,0,0,0,0,0,113928
1,1,1,1,33,-566,1685,48,9,0,-32,54,125,0,0,0,0,0,0,0,0,0,0,0,0,0,0,0,0,0,0,0,0,0,0,113938
1,1,1,1,22,-568,1692,39,19,6,-31,55,123,0,0,0,0,0,0,0,0,0,0,0,0,0,0,0,0,0,0,0,0,0,0,113948
1,1,1,1,13,-573,1708,-1,23,-4,-34,54,126,0,0,0,0,0,0,0,0,0,0,0,0,0,0,0,0,0,0,0,0,0,0,113958
1,1,1,1,22,-568,1698,-58,24,-6,-33,54,124,0,0,0,0,0,0,0,0,0,0,0,0,0,0,0,0,0,0,0,0,0,0,113968
1,1,1,1,10,-590,1677,-81,36,-4,-32,53,123,0,0,0,0,0,0,0,0,0,0,0,0,0,0,0,0,0,0,0,0,0,0,113978
1,1,1,1,-5,-605,1667,-53,30,0,-31,51,122,0,0,0,0,0,0,0,0,0,0,0,0,0,0,0,0,0,0,0,0,0,0,113988
1,1,1,1,-15,-614,1662,-8,12,4,-33,55,121,0,0,0,0,0,0,0,0,0,0,0,0,0,0,0,0,0,0,0,0,0,0,113998
1,1,1,1,-17,-611,1667,38,9,3,-34,54,125,0,0,0,0,0,0,0,0,0,0,0,0,0,0,0,0,0,0,0,0,0,0,114008
1,1,1,1,-3,-592,1680,61,0,-1,-36,57,125,0,0,0,0,0,0,0,0,0,0,0,0,0,0,0,0,0,0,0,0,0,0,114018
1,1,1,1,10,-575,1679,50,7,-3,-37,56,124,0,0,0,0,0,0,0,0,0,0,0,0,0,0,0,0,0,0,0,0,0,0,114028
1,1,1,1,31,-564,1683,32,13,1,-35,58,124,0,0,0,0,0,0,0,0,0,0,0,0,0,0,0,0,0,0,0,0,0,0,114038
1,1,1,1,22,-573,1681,10,16,5,-39,61,127,0,0,0,0,0,0,0,0,0,0,0,0,0,0,0,0,0,0,0,0,0,0,114048
1,1,1,1,11,-578,1690,-29,21,0,-34,56,126,0,0,0,0,0,0,0,0,0,0,0,0,0,0,0,0,0,0,0,0,0,0,114058
1,1,1,1,8,-578,1671,-40,25,6,-32,54,125,0,0,0,0,0,0,0,0,0,0,0,0,0,0,0,0,0,0,0,0,0,0,114068
1,1,1,1,-9,-590,1670,-27,11,3,-31,54,126,0,0,0,0,0,0,0,0,0,0,0,0,0,0,0,0,0,0,0,0,0,0,114078
1,1,1,1,-15,-596,1671,-12,7,2,-32,54,126,0,0,0,0,0,0,0,0,0,0,0,0,0,0,0,0,0,0,0,0,0,0,114088
1,1,1,1,-5,-597,1652,32,1,1,-32,55,127,0,0,0,0,0,0,0,0,0,0,0,0,0,0,0,0,0,0,0,0,0,0,114098
1,1,1,1,9,-594,1655,75,-12,2,-36,55,128,0,0,0,0,0,0,0,0,0,0,0,0,0,0,0,0,0,0,0,0,0,0,114108
1,1,1,1,17,-586,1657,90,-13,11,-34,55,128,0,0,0,0,0,0,0,0,0,0,0,0,0,0,0,0,0,0,0,0,0,0,114118
1,1,1,1,18,-569,1684,71,-6,21,-33,54,127,0,0,0,0,0,0,0,0,0,0,0,0,0,0,0,0,0,0,0,0,0,0,114128
1,1,1,1,-4,-589,1702,13,-5,13,-33,55,126,0,0,0,0,0,0,0,0,0,0,0,0,0,0,0,0,0,0,0,0,0,0,114138
1,1,1,1,-10,-567,1689,-17,-7,9,-32,56,127,0,0,0,0,0,0,0,0,0,0,0,0,0,0,0,0,0,0,0,0,0,0,114148
1,1,1,1,-23,-581,1702,-18,-1,10,-31,55,123,0,0,0,0,0,0,0,0,0,0,0,0,0,0,0,0,0,0,0,0,0,0,114158
1,1,1,1,-27,-578,1694,-8,-8,4,-31,55,124,0,0,0,0,0,0,0,0,0,0,0,0,0,0,0,0,0,0,0,0,0,0,114168
1,1,1,1,-20,-583,1692,3,-13,-3,-33,56,125,0,0,0,0,0,0,0,0,0,0,0,0,0,0,0,0,0,0,0,0,0,0,114178
1,1,1,1,1,-575,1679,11,-14,-8,-33,55,124,0,0,0,0,0,0,0,0,0,0,0,0,0,0,0,0,0,0,0,0,0,0,114188
1,1,1,1,17,-583,1674,21,-15,-5,-34,56,126,0,0,0,0,0,0,0,0,0,0,0,0,0,0,0,0,0,0,0,0,0,0,114198
1,1,1,1,27,-584,1673,15,-2,5,-34,54,126,0,0,0,0,0,0,0,0,0,0,0,0,0,0,0,0,0,0,0,0,0,0,114208
1,1,1,1,21,-590,1669,-12,-9,5,-35,55,127,0,0,0,0,0,0,0,0,0,0,0,0,0,0,0,0,0,0,0,0,0,0,114218
1,1,1,1,12,-583,1685,-30,7,16,-34,55,128,0,0,0,0,0,0,0,0,0,0,0,0,0,0,0,0,0,0,0,0,0,0,114228
1,1,1,1,-16,-594,1692,-44,1,17,-33,57,128,0,0,0,0,0,0,0,0,0,0,0,0,0,0,0,0,0,0,0,0,0,0,114238
1,1,1,1,-14,-576,1683,-36,-9,9,-34,55,128,0,0,0,0,0,0,0,0,0,0,0,0,0,0,0,0,0,0,0,0,0,0,114248
1,1,1,1,2,-570,1682,-10,-8,15,-33,55,127,0,0,0,0,0,0,0,0,0,0,0,0,0,0,0,0,0,0,0,0,0,0,114258
1,1,1,1,9,-584,1672,11,-20,5,-34,57,127,0,0,0,0,0,0,0,0,0,0,0,0,0,0,0,0,0,0,0,0,0,0,114268
1,1,1,1,31,-570,1660,40,-16,5,-37,60,126,0,0,0,0,0,0,0,0,0,0,0,0,0,0,0,0,0,0,0,0,0,0,114278
1,1,1,1,34,-580,1645,59,-31,-3,-32,54,128,0,0,0,0,0,0,0,0,0,0,0,0,0,0,0,0,0,0,0,0,0,0,114288
1,1,1,1,39,-590,1641,92,-36,-6,-32,56,123,0,0,0,0,0,0,0,0,0,0,0,0,0,0,0,0,0,0,0,0,0,0,114298
1,1,1,1,31,-574,1645,113,-34,3,-35,59,126,0,0,0,0,0,0,0,0,0,0,0,0,0,0,0,0,0,0,0,0,0,0,114308
1,1,1,1,5,-555,1675,61,-37,8,-32,52,125,0,0,0,0,0,0,0,0,0,0,0,0,0,0,0,0,0,0,0,0,0,0,114318
1,1,1,1,-14,-545,1693,14,-26,13,-35,58,124,0,0,0,0,0,0,0,0,0,0,0,0,0,0,0,0,0,0,0,0,0,0,114328
1,1,1,1,-27,-570,1695,-39,-12,1,-31,55,120,0,0,0,0,0,0,0,0,0,0,0,0,0,0,0,0,0,0,0,0,0,0,114338
1,1,1,1,-33,-575,1700,-95,-11,-12,-30,55,117,0,0,0,0,0,0,0,0,0,0,0,0,0,0,0,0,0,0,0,0,0,0,114348
1,1,1,1,-15,-579,1644,-69,-19,-7,-28,55,111,0,0,0,0,0,0,0,0,0,0,0,0,0,0,0,0,0,0,0,0,0,0,114358
1,1,1,1,12,-593,1564,108,-11,48,-26,56,107,0,0,0,0,0,0,0,0,0,0,0,0,0,0,0,0,0,0,0,0,0,0,114368
1,1,1,1,13,-646,1587,204,-38,102,-26,54,102,0,0,0,0,0,0,0,0,0,0,0,0,0,0,0,0,0,0,0,0,0,0,114378
1,1,1,1,-47,-727,1655,202,-83,99,-22,52,98,0,0,0,0,0,0,0,0,0,0,0,0,0,0,0,0,0,0,0,0,0,0,114388
1,1,1,1,-71,-742,1640,240,-154,93,-23,52,96,0,0,0,0,0,0,0,0,0,0,0,0,0,0,0,0,0,0,0,0,0,0,114398
1,1,1,1,-85,-730,1645,312,-224,108,-25,53,94,0,0,0,0,0,0,0,0,0,0,0,0,0,0,0,0,0,0,0,0,0,0,114408
1,1,1,1,-110,-705,1688,339,-316,92,-21,53,92,0,0,0,0,0,0,0,0,0,0,0,0,0,0,0,0,0,0,0,0,0,0,114418
1,1,1,1,-116,-681,1676,351,-379,18,-24,51,85,0,0,0,0,0,0,0,0,0,0,0,0,0,0,0,0,0,0,0,0,0,0,114428
1,1,1,1,-75,-527,1703,175,-391,49,-25,50,80,0,0,0,0,0,0,0,0,0,0,0,0,0,0,0,0,0,0,0,0,0,0,114438
1,1,1,1,38,-397,1645,-16,-321,206,-23,50,77,0,0,0,0,0,0,0,0,0,0,0,0,0,0,0,0,0,0,0,0,0,0,114448
1,1,1,1,131,-371,1547,26,-242,334,-30,49,74,0,0,0,0,0,0,0,0,0,0,0,0,0,0,0,0,0,0,0,0,0,0,114458
1,1,1,1,181,-385,1499,-473,-95,513,-44,48,73,0,0,0,0,0,0,0,0,0,0,0,0,0,0,0,0,0,0,0,0,0,0,114468
1,1,1,1,141,-393,1411,-1638,199,673,-23,50,74,0,0,0,0,0,0,0,0,0,0,0,0,0,0,0,0,0,0,0,0,0,0,114478
1,1,1,1,2,-753,1753,-1138,184,666,-23,51,65,0,0,0,0,0,0,0,0,0,0,0,0,0,0,0,0,0,0,0,0,0,0,114488
1,1,1,1,261,-645,1800,-573,-96,679,-30,49,70,0,0,0,0,0,0,0,0,0,0,0,0,0,0,0,0,0,0,0,0,0,0,114498
1,1,1,1,255,-801,1591,-1049,-89,615,-30,50,70,0,0,0,0,0,0,0,0,0,0,0,0,0,0,0,0,0,0,0,0,0,0,114508
1,1,1,1,263,-934,1919,-1420,-229,524,-26,50,64,0,0,0,0,0,0,0,0,0,0,0,0,0,0,0,0,0,0,0,0,0,0,114518
1,1,1,1,193,-621,1732,-1392,-337,352,-28,48,64,0,0,0,0,0,0,0,0,0,0,0,0,0,0,0,0,0,0,0,0,0,0,114528
1,1,1,1,24,-985,1524,-1891,-349,112,-9,49,49,0,0,0,0,0,0,0,0,0,0,0,0,0,0,0,0,0,0,0,0,0,0,114538
1,1,1,1,-53,-906,1883,-3239,-452,73,-18,48,59,0,0,0,0,0,0,0,0,0,0,0,0,0,0,0,0,0,0,0,0,0,0,114548
1,1,1,1,29,209,2264,-659,-745,205,-25,47,64,0,0,0,0,0,0,0,0,0,0,0,0,0,0,0,0,0,0,0,0,0,0,114558
1,1,1,1,-161,-1390,1462,-1576,-550,-52,-16,51,55,0,0,0,0,0,0,0,0,0,0,0,0,0,0,0,0,0,0,0,0,0,0,114568
1,1,1,1,-15,-520,1820,-869,-723,-34,-17,48,57,0,0,0,0,0,0,0,0,0,0,0,0,0,0,0,0,0,0,0,0,0,0,114578
1,1,1,1,-62,-915,1425,-420,-781,-72,-16,44,56,0,0,0,0,0,0,0,0,0,0,0,0,0,0,0,0,0,0,0,0,0,0,114588
1,1,1,1,41,-959,1532,-368,-664,-97,-19,47,50,0,0,0,0,0,0,0,0,0,0,0,0,0,0,0,0,0,0,0,0,0,0,114598
1,1,1,1,314,-859,1725,-540,-718,67,-21,44,49,0,0,0,0,0,0,0,0,0,0,0,0,0,0,0,0,0,0,0,0,0,0,114608
1,1,1,1,250,-1023,1571,-871,-704,111,-23,45,52,0,0,0,0,0,0,0,0,0,0,0,0,0,0,0,0,0,0,0,0,0,0,114618
1,1,1,1,179,-1054,1430,-1116,-563,103,-25,46,52,0,0,0,0,0,0,0,0,0,0,0,0,0,0,0,0,0,0,0,0,0,0,114628
1,1,1,1,229,-1115,1425,-1453,-417,157,-22,41,46,0,0,0,0,0,0,0,0,0,0,0,0,0,0,0,0,0,0,0,0,0,0,114638
1,1,1,1,238,-1045,1412,-1562,-351,192,-21,42,45,0,0,0,0,0,0,0,0,0,0,0,0,0,0,0,0,0,0,0,0,0,0,114648
1,1,1,1,250,-1012,1470,-1503,-385,175,-20,43,44,0,0,0,0,0,0,0,0,0,0,0,0,0,0,0,0,0,0,0,0,0,0,114658
1,1,1,1,179,-1017,1487,-1302,-441,160,-19,42,43,0,0,0,0,0,0,0,0,0,0,0,0,0,0,0,0,0,0,0,0,0,0,114668
1,1,1,1,169,-1158,1492,-1328,-470,189,-20,40,42,0,0,0,0,0,0,0,0,0,0,0,0,0,0,0,0,0,0,0,0,0,0,114678
1,1,1,1,224,-1287,1559,-1497,-488,215,-24,41,41,0,0,0,0,0,0,0,0,0,0,0,0,0,0,0,0,0,0,0,0,0,0,114688
1,1,1,1,321,-1373,1649,-1986,-554,274,-23,40,38,0,0,0,0,0,0,0,0,0,0,0,0,0,0,0,0,0,0,0,0,0,0,114698
1,1,1,1,294,-1313,1647,-2354,-656,305,-22,41,41,0,0,0,0,0,0,0,0,0,0,0,0,0,0,0,0,0,0,0,0,0,0,114708
1,1,1,1,253,-1071,1577,-2255,-760,270,-11,40,41,0,0,0,0,0,0,0,0,0,0,0,0,0,0,0,0,0,0,0,0,0,0,114718
1,1,1,1,296,-870,1649,-1493,-897,188,-18,40,42,0,0,0,0,0,0,0,0,0,0,0,0,0,0,0,0,0,0,0,0,0,0,114728
1,1,1,1,281,-1119,1390,-1152,-924,133,-16,39,43,0,0,0,0,0,0,0,0,0,0,0,0,0,0,0,0,0,0,0,0,0,0,114738
1,1,1,1,216,-1157,1382,-918,-856,151,-16,39,41,0,0,0,0,0,0,0,0,0,0,0,0,0,0,0,0,0,0,0,0,0,0,114748
1,1,1,1,287,-1327,1440,-855,-868,123,-18,40,42,0,0,0,0,0,0,0,0,0,0,0,0,0,0,0,0,0,0,0,0,0,0,114758
1,1,1,1,364,-1546,1593,-1064,-998,60,-18,41,41,0,0,0,0,0,0,0,0,0,0,0,0,0,0,0,0,0,0,0,0,0,0,114768
1,1,1,1,385,-1553,1726,-1238,-1290,-85,-18,41,39,0,0,0,0,0,0,0,0,0,0,0,0,0,0,0,0,0,0,0,0,0,0,114778
1,1,1,1,434,-1431,1780,-1274,-1664,-98,-12,37,19,0,0,0,0,0,0,0,0,0,0,0,0,0,0,0,0,0,0,0,0,0,0,114788
1,1,1,1,488,-1169,1738,-1062,-2022,91,-10,34,25,0,0,0,0,0,0,0,0,0,0,0,0,0,0,0,0,0,0,0,0,0,0,114798
1,1,1,1,429,-1289,1349,-845,-1889,-57,-12,32,25,0,0,0,0,0,0,0,0,0,0,0,0,0,0,0,0,0,0,0,0,0,0,114808
1,1,1,1,344,-1414,1231,-792,-1412,-238,-13,31,23,0,0,0,0,0,0,0,0,0,0,0,0,0,0,0,0,0,0,0,0,0,0,114818
1,1,1,1,422,-1502,1117,-889,-790,-199,-10,28,16,0,0,0,0,0,0,0,0,0,0,0,0,0,0,0,0,0,0,0,0,0,0,114828
1,1,1,1,519,-1391,1036,-980,-243,106,-11,32,18,0,0,0,0,0,0,0,0,0,0,0,0,0,0,0,0,0,0,0,0,0,0,114838
1,1,1,1,677,-1638,1262,-1143,-195,209,-10,32,17,0,0,0,0,0,0,0,0,0,0,0,0,0,0,0,0,0,0,0,0,0,0,114848
1,1,1,1,736,-1624,1351,-1293,-379,238,-11,33,20,0,0,0,0,0,0,0,0,0,0,0,0,0,0,0,0,0,0,0,0,0,0,114858
1,1,1,1,709,-1614,1318,-1339,-678,154,-13,33,20,0,0,0,0,0,0,0,0,0,0,0,0,0,0,0,0,0,0,0,0,0,0,114868
1,1,1,1,721,-1621,1233,-1303,-937,17,-13,33,22,0,0,0,0,0,0,0,0,0,0,0,0,0,0,0,0,0,0,0,0,0,0,114878
1,1,1,1,686,-1557,1218,-1289,-1092,-40,-11,33,19,0,0,0,0,0,0,0,0,0,0,0,0,0,0,0,0,0,0,0,0,0,0,114888
1,1,1,1,603,-1387,1159,-1053,-1147,39,-13,36,19,0,0,0,0,0,0,0,0,0,0,0,0,0,0,0,0,0,0,0,0,0,0,114898
1,1,1,1,593,-1344,1149,-739,-1137,222,-8,33,16,0,0,0,0,0,0,0,0,0,0,0,0,0,0,0,0,0,0,0,0,0,0,114908
1,1,1,1,580,-1352,1199,-385,-1109,390,-10,33,16,0,0,0,0,0,0,0,0,0,0,0,0,0,0,0,0,0,0,0,0,0,0,114918
1,1,1,1,580,-1621,1229,-262,-1065,469,-9,30,17,0,0,0,0,0,0,0,0,0,0,0,0,0,0,0,0,0,0,0,0,0,0,114928
1,1,1,1,650,-1883,1080,-459,-917,393,-12,31,21,0,0,0,0,0,0,0,0,0,0,0,0,0,0,0,0,0,0,0,0,0,0,114938
1,1,1,1,611,-1883,1010,-681,-707,231,-11,30,23,0,0,0,0,0,0,0,0,0,0,0,0,0,0,0,0,0,0,0,0,0,0,114948
1,1,1,1,482,-1722,966,-531,-535,37,-7,30,18,0,0,0,0,0,0,0,0,0,0,0,0,0,0,0,0,0,0,0,0,0,0,114958
1,1,1,1,539,-1722,944,-342,-432,-99,-6,30,19,0,0,0,0,0,0,0,0,0,0,0,0,0,0,0,0,0,0,0,0,0,0,114968
1,1,1,1,612,-1745,983,-217,-377,-115,-7,30,20,0,0,0,0,0,0,0,0,0,0,0,0,0,0,0,0,0,0,0,0,0,0,114978
1,1,1,1,693,-1808,1074,-288,-388,-69,-7,31,21,0,0,0,0,0,0,0,0,0,0,0,0,0,0,0,0,0,0,0,0,0,0,114988
1,1,1,1,745,-1716,1216,-390,-473,15,-4,30,17,0,0,0,0,0,0,0,0,0,0,0,0,0,0,0,0,0,0,0,0,0,0,114998
1,1,1,1,696,-1690,1305,-341,-610,39,-8,31,21,0,0,0,0,0,0,0,0,0,0,0,0,0,0,0,0,0,0,0,0,0,0,115008
1,1,1,1,696,-1775,1302,-371,-739,-58,-9,30,20,0,0,0,0,0,0,0,0,0,0,0,0,0,0,0,0,0,0,0,0,0,0,115018
1,1,1,1,722,-1768,1272,-402,-795,-124,-11,31,20,0,0,0,0,0,0,0,0,0,0,0,0,0,0,0,0,0,0,0,0,0,0,115028
1,1,1,1,734,-1787,1261,-463,-814,-70,-9,30,22,0,0,0,0,0,0,0,0,0,0,0,0,0,0,0,0,0,0,0,0,0,0,115038
1,1,1,1,696,-1843,1103,-437,-780,-46,-10,30,22,0,0,0,0,0,0,0,0,0,0,0,0,0,0,0,0,0,0,0,0,0,0,115048
1,1,1,1,701,-1909,977,-565,-657,-118,-9,29,20,0,0,0,0,0,0,0,0,0,0,0,0,0,0,0,0,0,0,0,0,0,0,115058
1,1,1,1,685,-1893,886,-711,-448,-161,-12,30,19,0,0,0,0,0,0,0,0,0,0,0,0,0,0,0,0,0,0,0,0,0,0,115068
1,1,1,1,730,-1887,802,-908,-185,-125,-11,29,20,0,0,0,0,0,0,0,0,0,0,0,0,0,0,0,0,0,0,0,0,0,0,115078
1,1,1,1,734,-1832,764,-1097,25,-30,-12,28,21,0,0,0,0,0,0,0,0,0,0,0,0,0,0,0,0,0,0,0,0,0,0,115088
1,1,1,1,774,-1813,804,-1129,122,18,-13,29,22,0,0,0,0,0,0,0,0,0,0,0,0,0,0,0,0,0,0,0,0,0,0,115098
1,1,1,1,832,-1841,929,-1163,84,46,-12,30,22,0,0,0,0,0,0,0,0,0,0,0,0,0,0,0,0,0,0,0,0,0,0,115108
1,1,1,1,869,-1807,1017,-1236,-91,94,-14,31,20,0,0,0,0,0,0,0,0,0,0,0,0,0,0,0,0,0,0,0,0,0,0,115118
1,1,1,1,971,-1769,1101,-1288,-389,190,-12,33,18,0,0,0,0,0,0,0,0,0,0,0,0,0,0,0,0,0,0,0,0,0,0,115128
1,1,1,1,961,-1783,1176,-1294,-684,272,-9,33,18,0,0,0,0,0,0,0,0,0,0,0,0,0,0,0,0,0,0,0,0,0,0,115138
1,1,1,1,899,-1760,976,-1098,-1076,322,-8,32,19,0,0,0,0,0,0,0,0,0,0,0,0,0,0,0,0,0,0,0,0,0,0,115148
1,1,1,1,901,-1807,594,-767,-1255,296,-7,30,20,0,0,0,0,0,0,0,0,0,0,0,0,0,0,0,0,0,0,0,0,0,0,115158
1,1,1,1,821,-1871,492,-556,-1168,230,-10,30,23,0,0,0,0,0,0,0,0,0,0,0,0,0,0,0,0,0,0,0,0,0,0,115168
1,1,1,1,721,-2005,526,-552,-938,118,-10,28,21,0,0,0,0,0,0,0,0,0,0,0,0,0,0,0,0,0,0,0,0,0,0,115178
1,1,1,1,749,-2062,561,-742,-633,34,-13,28,21,0,0,0,0,0,0,0,0,0,0,0,0,0,0,0,0,0,0,0,0,0,0,115188
1,1,1,1,863,-2018,734,-940,-368,45,-12,29,17,0,0,0,0,0,0,0,0,0,0,0,0,0,0,0,0,0,0,0,0,0,0,115198
1,1,1,1,930,-1985,986,-1170,-289,127,-14,29,16,0,0,0,0,0,0,0,0,0,0,0,0,0,0,0,0,0,0,0,0,0,0,115208
1,1,1,1,966,-1895,1205,-1360,-467,217,-12,32,17,0,0,0,0,0,0,0,0,0,0,0,0,0,0,0,0,0,0,0,0,0,0,115218
1,1,1,1,992,-1861,1218,-1209,-786,287,-11,34,19,0,0,0,0,0,0,0,0,0,0,0,0,0,0,0,0,0,0,0,0,0,0,115228
1,1,1,1,955,-1967,1001,-843,-1087,253,-13,32,21,0,0,0,0,0,0,0,0,0,0,0,0,0,0,0,0,0,0,0,0,0,0,115238
1,1,1,1,869,-2003,739,-628,-1275,160,-9,34,22,0,0,0,0,0,0,0,0,0,0,0,0,0,0,0,0,0,0,0,0,0,0,115248
1,1,1,1,873,-2056,537,-397,-1320,56,-10,31,24,0,0,0,0,0,0,0,0,0,0,0,0,0,0,0,0,0,0,0,0,0,0,115258
1,1,1,1,875,-2077,400,-321,-1182,-105,-9,29,29,0,0,0,0,0,0,0,0,0,0,0,0,0,0,0,0,0,0,0,0,0,0,115268
1,1,1,1,763,-2142,389,-204,-874,-371,-8,31,28,0,0,0,0,0,0,0,0,0,0,0,0,0,0,0,0,0,0,0,0,0,0,115278
1,1,1,1,722,-2287,444,-259,-712,-429,-9,30,24,0,0,0,0,0,0,0,0,0,0,0,0,0,0,0,0,0,0,0,0,0,0,115288
1,1,1,1,885,-2145,380,-428,-545,-387,-12,30,23,0,0,0,0,0,0,0,0,0,0,0,0,0,0,0,0,0,0,0,0,0,0,115298
1,1,1,1,1104,-1990,457,-615,-383,-299,-16,31,21,0,0,0,0,0,0,0,0,0,0,0,0,0,0,0,0,0,0,0,0,0,0,115308
1,1,1,1,1175,-2044,694,-960,-342,-87,-14,30,17,0,0,0,0,0,0,0,0,0,0,0,0,0,0,0,0,0,0,0,0,0,0,115318
1,1,1,1,1046,-2120,757,-1300,-443,163,-16,32,18,0,0,0,0,0,0,0,0,0,0,0,0,0,0,0,0,0,0,0,0,0,0,115328
1,1,1,1,969,-2134,673,-1509,-632,368,-17,32,17,0,0,0,0,0,0,0,0,0,0,0,0,0,0,0,0,0,0,0,0,0,0,115338
1,1,1,1,962,-2096,441,-1539,-907,458,-12,35,35,0,0,0,0,0,0,0,0,0,0,0,0,0,0,0,0,0,0,0,0,0,0,115348
1,1,1,1,776,-2140,220,-1220,-1184,33,-14,32,17,0,0,0,0,0,0,0,0,0,0,0,0,0,0,0,0,0,0,0,0,0,0,115358
1,1,1,1,985,-1972,30,-993,-1310,-45,-11,34,24,0,0,0,0,0,0,0,0,0,0,0,0,0,0,0,0,0,0,0,0,0,0,115368
1,1,1,1,941,-2273,13,-1066,-1367,0,-14,34,17,0,0,0,0,0,0,0,0,0,0,0,0,0,0,0,0,0,0,0,0,0,0,115378
1,1,1,1,889,-2133,100,-1020,-1362,-26,-16,34,21,0,0,0,0,0,0,0,0,0,0,0,0,0,0,0,0,0,0,0,0,0,0,115388
1,1,1,1,1002,-2144,64,-1361,-1421,10,-20,33,20,0,0,0,0,0,0,0,0,0,0,0,0,0,0,0,0,0,0,0,0,0,0,115398
1,1,1,1,947,-2290,402,-1744,-1421,43,-22,35,21,0,0,0,0,0,0,0,0,0,0,0,0,0,0,0,0,0,0,0,0,0,0,115408
1,1,1,1,843,-2439,700,-2243,-1312,124,-22,33,20,0,0,0,0,0,0,0,0,0,0,0,0,0,0,0,0,0,0,0,0,0,0,115418
1,1,1,1,837,-2207,517,-2565,-1265,97,-20,32,18,0,0,0,0,0,0,0,0,0,0,0,0,0,0,0,0,0,0,0,0,0,0,115428
1,1,1,1,837,-2207,517,-2806,-1165,45,-23,33,23,0,0,0,0,0,0,0,0,0,0,0,0,0,0,0,0,0,0,0,0,0,0,115438
1,1,1,1,841,-2013,298,-2853,-1098,-4,18,34,30,0,0,0,0,0,0,0,0,0,0,0,0,0,0,0,0,0,0,0,0,0,0,115448
1,1,1,1,1066,-1605,308,-683,-1188,-100,0,34,25,0,0,0,0,0,0,0,0,0,0,0,0,0,0,0,0,0,0,0,0,0,0,115458
1,1,1,1,1352,-2107,-110,1805,-1106,-142,-26,33,23,0,0,0,0,0,0,0,0,0,0,0,0,0,0,0,0,0,0,0,0,0,0,115468
1,1,1,1,1209,-3271,-317,-48,-1282,137,-24,33,24,0,0,0,0,0,0,0,0,0,0,0,0,0,0,0,0,0,0,0,0,0,0,115478
1,1,1,1,1170,-2958,-150,-1732,-1426,333,-17,33,23,0,0,0,0,0,0,0,0,0,0,0,0,0,0,0,0,0,0,0,0,0,0,115488
1,1,1,1,1081,-2254,-42,-1589,-1497,376,-18,31,19,0,0,0,0,0,0,0,0,0,0,0,0,0,0,0,0,0,0,0,0,0,0,115498
1,1,1,1,1154,-2282,-105,-1616,-1325,393,-18,32,18,0,0,0,0,0,0,0,0,0,0,0,0,0,0,0,0,0,0,0,0,0,0,115508
1,1,1,1,1305,-2271,-181,-1681,-1043,495,-16,32,15,0,0,0,0,0,0,0,0,0,0,0,0,0,0,0,0,0,0,0,0,0,0,115518
1,1,1,1,1269,-2188,-328,-1382,-914,625,-13,32,22,0,0,0,0,0,0,0,0,0,0,0,0,0,0,0,0,0,0,0,0,0,0,115528
1,1,1,1,1242,-2275,-401,-1224,-882,579,-17,33,20,0,0,0,0,0,0,0,0,0,0,0,0,0,0,0,0,0,0,0,0,0,0,115538
1,1,1,1,1227,-2414,-287,-1636,-891,609,-22,35,19,0,0,0,0,0,0,0,0,0,0,0,0,0,0,0,0,0,0,0,0,0,0,115548
1,1,1,1,1242,-2526,-124,-2333,-1078,668,-32,37,28,0,0,0,0,0,0,0,0,0,0,0,0,0,0,0,0,0,0,0,0,0,0,115558
1,1,1,1,1390,-2975,-220,-3678,-1413,492,-27,35,21,0,0,0,0,0,0,0,0,0,0,0,0,0,0,0,0,0,0,0,0,0,0,115568
1,1,1,1,1253,-2746,-433,-4060,-1539,415,-14,32,25,0,0,0,0,0,0,0,0,0,0,0,0,0,0,0,0,0,0,0,0,0,0,115578
1,1,1,1,950,-1966,-578,-3061,-1412,337,-19,33,23,0,0,0,0,0,0,0,0,0,0,0,0,0,0,0,0,0,0,0,0,0,0,115588
1,1,1,1,736,-2099,-649,-2937,-1404,382,-18,32,24,0,0,0,0,0,0,0,0,0,0,0,0,0,0,0,0,0,0,0,0,0,0,115598
1,1,1,1,729,-2173,-794,-2830,-1337,437,-21,32,26,0,0,0,0,0,0,0,0,0,0,0,0,0,0,0,0,0,0,0,0,0,0,115608
1,1,1,1,642,-2149,-920,-2699,-1224,315,-16,32,24,0,0,0,0,0,0,0,0,0,0,0,0,0,0,0,0,0,0,0,0,0,0,115618
1,1,1,1,625,-1884,-1081,-2498,-1083,295,-20,32,24,0,0,0,0,0,0,0,0,0,0,0,0,0,0,0,0,0,0,0,0,0,0,115628
1,1,1,1,611,-2120,-1002,-2410,-1064,361,-21,33,26,0,0,0,0,0,0,0,0,0,0,0,0,0,0,0,0,0,0,0,0,0,0,115638
1,1,1,1,768,-2517,-776,-2656,-1189,264,-25,32,26,0,0,0,0,0,0,0,0,0,0,0,0,0,0,0,0,0,0,0,0,0,0,115648
1,1,1,1,776,-2537,-956,-3205,-1239,-3,-19,31,22,0,0,0,0,0,0,0,0,0,0,0,0,0,0,0,0,0,0,0,0,0,0,115658
1,1,1,1,753,-2081,-859,-3049,-1181,-118,-19,31,16,0,0,0,0,0,0,0,0,0,0,0,0,0,0,0,0,0,0,0,0,0,0,115668
1,1,1,1,836,-1925,-885,-2862,-1147,135,-16,31,19,0,0,0,0,0,0,0,0,0,0,0,0,0,0,0,0,0,0,0,0,0,0,115678
1,1,1,1,778,-1928,-952,-2521,-1102,297,-11,31,26,0,0,0,0,0,0,0,0,0,0,0,0,0,0,0,0,0,0,0,0,0,0,115688
1,1,1,1,642,-1886,-1162,-1826,-964,124,-17,33,26,0,0,0,0,0,0,0,0,0,0,0,0,0,0,0,0,0,0,0,0,0,0,115698
1,1,1,1,752,-2129,-1161,-1661,-1040,-98,-21,34,32,0,0,0,0,0,0,0,0,0,0,0,0,0,0,0,0,0,0,0,0,0,0,115708
1,1,1,1,943,-2388,-1202,-2049,-1185,-406,-27,34,34,0,0,0,0,0,0,0,0,0,0,0,0,0,0,0,0,0,0,0,0,0,0,115718
1,1,1,1,1023,-2282,-1198,-2344,-1364,-693,-21,33,37,0,0,0,0,0,0,0,0,0,0,0,0,0,0,0,0,0,0,0,0,0,0,115728
1,1,1,1,971,-2099,-1225,-2196,-1403,-889,-18,32,37,0,0,0,0,0,0,0,0,0,0,0,0,0,0,0,0,0,0,0,0,0,0,115738
1,1,1,1,959,-1872,-1307,-1749,-1307,-876,-17,31,33,0,0,0,0,0,0,0,0,0,0,0,0,0,0,0,0,0,0,0,0,0,0,115748
1,1,1,1,966,-1821,-1345,-1440,-1180,-611,-16,32,35,0,0,0,0,0,0,0,0,0,0,0,0,0,0,0,0,0,0,0,0,0,0,115758
1,1,1,1,963,-1700,-1390,-1226,-1035,-248,-16,34,46,0,0,0,0,0,0,0,0,0,0,0,0,0,0,0,0,0,0,0,0,0,0,115768
1,1,1,1,698,-1811,-1464,-752,-935,-120,-21,36,49,0,0,0,0,0,0,0,0,0,0,0,0,0,0,0,0,0,0,0,0,0,0,115778
1,1,1,1,506,-1953,-1656,-538,-852,-149,-24,36,52,0,0,0,0,0,0,0,0,0,0,0,0,0,0,0,0,0,0,0,0,0,0,115788
1,1,1,1,493,-1925,-1749,-609,-740,-106,-24,33,53,0,0,0,0,0,0,0,0,0,0,0,0,0,0,0,0,0,0,0,0,0,0,115798
1,1,1,1,553,-1936,-1762,-615,-562,-88,-29,36,54,0,0,0,0,0,0,0,0,0,0,0,0,0,0,0,0,0,0,0,0,0,0,115808
1,1,1,1,724,-2005,-1658,-735,-433,-90,-22,27,51,0,0,0,0,0,0,0,0,0,0,0,0,0,0,0,0,0,0,0,0,0,0,115818
1,1,1,1,956,-1964,-1610,-785,-395,-117,-27,35,52,0,0,0,0,0,0,0,0,0,0,0,0,0,0,0,0,0,0,0,0,0,0,115828
1,1,1,1,1055,-1881,-1582,-839,-422,-93,-26,31,49,0,0,0,0,0,0,0,0,0,0,0,0,0,0,0,0,0,0,0,0,0,0,115838
1,1,1,1,1039,-1868,-1579,-874,-363,21,-26,33,53,0,0,0,0,0,0,0,0,0,0,0,0,0,0,0,0,0,0,0,0,0,0,115848
1,1,1,1,931,-1967,-1525,-870,-362,50,-25,33,53,0,0,0,0,0,0,0,0,0,0,0,0,0,0,0,0,0,0,0,0,0,0,115858
1,1,1,1,814,-1869,-1605,-768,-425,-12,-25,35,59,0,0,0,0,0,0,0,0,0,0,0,0,0,0,0,0,0,0,0,0,0,0,115868
1,1,1,1,657,-1727,-1699,-550,-478,-57,-27,33,59,0,0,0,0,0,0,0,0,0,0,0,0,0,0,0,0,0,0,0,0,0,0,115878
1,1,1,1,542,-1800,-1792,-552,-427,-38,-27,31,59,0,0,0,0,0,0,0,0,0,0,0,0,0,0,0,0,0,0,0,0,0,0,115888
1,1,1,1,456,-1788,-1816,-556,-349,-28,-28,31,60,0,0,0,0,0,0,0,0,0,0,0,0,0,0,0,0,0,0,0,0,0,0,115898
1,1,1,1,537,-1749,-1765,-512,-288,-33,-31,32,58,0,0,0,0,0,0,0,0,0,0,0,0,0,0,0,0,0,0,0,0,0,0,115908
1,1,1,1,703,-1804,-1686,-547,-245,-21,-29,31,59,0,0,0,0,0,0,0,0,0,0,0,0,0,0,0,0,0,0,0,0,0,0,115918
1,1,1,1,751,-1821,-1620,-554,-226,-34,-30,32,58,0,0,0,0,0,0,0,0,0,0,0,0,0,0,0,0,0,0,0,0,0,0,115928
1,1,1,1,731,-1787,-1687,-500,-216,-81,-30,31,60,0,0,0,0,0,0,0,0,0,0,0,0,0,0,0,0,0,0,0,0,0,0,115938
1,1,1,1,747,-1662,-1827,-424,-198,-108,-28,31,62,0,0,0,0,0,0,0,0,0,0,0,0,0,0,0,0,0,0,0,0,0,0,115948
1,1,1,1,716,-1600,-1884,-277,-154,-134,-27,31,62,0,0,0,0,0,0,0,0,0,0,0,0,0,0,0,0,0,0,0,0,0,0,115958
1,1,1,1,762,-1616,-1833,-163,-140,-170,-27,32,65,0,0,0,0,0,0,0,0,0,0,0,0,0,0,0,0,0,0,0,0,0,0,115968
1,1,1,1,755,-1625,-1795,-59,-154,-238,-26,32,66,0,0,0,0,0,0,0,0,0,0,0,0,0,0,0,0,0,0,0,0,0,0,115978
1,1,1,1,716,-1608,-1786,43,-166,-277,-31,32,67,0,0,0,0,0,0,0,0,0,0,0,0,0,0,0,0,0,0,0,0,0,0,115988
1,1,1,1,693,-1712,-1709,22,-173,-303,-31,30,68,0,0,0,0,0,0,0,0,0,0,0,0,0,0,0,0,0,0,0,0,0,0,115998
1,1,1,1,635,-1790,-1663,-53,-168,-326,-36,29,70,0,0,0,0,0,0,0,0,0,0,0,0,0,0,0,0,0,0,0,0,0,0,116008
1,1,1,1,587,-1809,-1680,-134,-120,-338,-37,28,70,0,0,0,0,0,0,0,0,0,0,0,0,0,0,0,0,0,0,0,0,0,0,116018
1,1,1,1,619,-1788,-1731,-228,-49,-309,-38,27,70,0,0,0,0,0,0,0,0,0,0,0,0,0,0,0,0,0,0,0,0,0,0,116028
1,1,1,1,690,-1712,-1859,-203,65,-286,-38,26,69,0,0,0,0,0,0,0,0,0,0,0,0,0,0,0,0,0,0,0,0,0,0,116038
1,1,1,1,755,-1614,-1924,-115,128,-266,-37,26,72,0,0,0,0,0,0,0,0,0,0,0,0,0,0,0,0,0,0,0,0,0,0,116048
1,1,1,1,924,-1645,-1848,11,77,-318,-38,26,71,0,0,0,0,0,0,0,0,0,0,0,0,0,0,0,0,0,0,0,0,0,0,116058
1,1,1,1,799,-1752,-1780,38,101,-278,-37,26,73,0,0,0,0,0,0,0,0,0,0,0,0,0,0,0,0,0,0,0,0,0,0,116068
1,1,1,1,758,-1837,-1740,-17,117,-248,-40,22,73,0,0,0,0,0,0,0,0,0,0,0,0,0,0,0,0,0,0,0,0,0,0,116078
1,1,1,1,752,-1789,-1769,-55,141,-219,-42,25,72,0,0,0,0,0,0,0,0,0,0,0,0,0,0,0,0,0,0,0,0,0,0,116088
1,1,1,1,769,-1768,-1759,-76,140,-179,-42,23,70,0,0,0,0,0,0,0,0,0,0,0,0,0,0,0,0,0,0,0,0,0,0,116098
1,1,1,1,743,-1754,-1808,-75,152,-134,-46,25,77,0,0,0,0,0,0,0,0,0,0,0,0,0,0,0,0,0,0,0,0,0,0,116108
1,1,1,1,734,-1747,-1868,-15,147,-131,-45,22,76,0,0,0,0,0,0,0,0,0,0,0,0,0,0,0,0,0,0,0,0,0,0,116118
1,1,1,1,740,-1706,-1898,70,132,-143,-48,25,76,0,0,0,0,0,0,0,0,0,0,0,0,0,0,0,0,0,0,0,0,0,0,116128
1,1,1,1,771,-1654,-1921,182,102,-180,-46,22,77,0,0,0,0,0,0,0,0,0,0,0,0,0,0,0,0,0,0,0,0,0,0,116138
1,1,1,1,774,-1666,-1896,279,80,-193,-48,24,80,0,0,0,0,0,0,0,0,0,0,0,0,0,0,0,0,0,0,0,0,0,0,116148
1,1,1,1,834,-1707,-1863,293,36,-231,-51,24,83,0,0,0,0,0,0,0,0,0,0,0,0,0,0,0,0,0,0,0,0,0,0,116158
1,1,1,1,821,-1710,-1835,271,6,-253,-51,24,83,0,0,0,0,0,0,0,0,0,0,0,0,0,0,0,0,0,0,0,0,0,0,116168
1,1,1,1,803,-1741,-1793,192,-3,-251,-51,22,84,0,0,0,0,0,0,0,0,0,0,0,0,0,0,0,0,0,0,0,0,0,0,116178
1,1,1,1,779,-1729,-1773,137,3,-256,-50,22,87,0,0,0,0,0,0,0,0,0,0,0,0,0,0,0,0,0,0,0,0,0,0,116188
1,1,1,1,767,-1626,-1835,183,7,-284,-50,20,86,0,0,0,0,0,0,0,0,0,0,0,0,0,0,0,0,0,0,0,0,0,0,116198
1,1,1,1,750,-1586,-1850,246,0,-306,-56,22,90,0,0,0,0,0,0,0,0,0,0,0,0,0,0,0,0,0,0,0,0,0,0,116208
1,1,1,1,812,-1570,-1861,321,-33,-355,-54,21,91,0,0,0,0,0,0,0,0,0,0,0,0,0,0,0,0,0,0,0,0,0,0,116218
1,1,1,1,771,-1463,-1952,511,-75,-445,-51,22,91,0,0,0,0,0,0,0,0,0,0,0,0,0,0,0,0,0,0,0,0,0,0,116228
1,1,1,1,763,-1417,-1977,830,-132,-587,-52,22,89,0,0,0,0,0,0,0,0,0,0,0,0,0,0,0,0,0,0,0,0,0,0,116238
1,1,1,1,724,-1498,-1905,1055,-185,-716,-51,22,85,0,0,0,0,0,0,0,0,0,0,0,0,0,0,0,0,0,0,0,0,0,0,116248
1,1,1,1,811,-1748,-1721,1004,-187,-758,-50,22,84,0,0,0,0,0,0,0,0,0,0,0,0,0,0,0,0,0,0,0,0,0,0,116258
1,1,1,1,877,-1839,-1645,857,-101,-674,-52,23,85,0,0,0,0,0,0,0,0,0,0,0,0,0,0,0,0,0,0,0,0,0,0,116268
1,1,1,1,954,-1774,-1648,824,-110,-614,-54,23,87,0,0,0,0,0,0,0,0,0,0,0,0,0,0,0,0,0,0,0,0,0,0,116278
1,1,1,1,1044,-1697,-1779,901,-132,-603,-55,24,93,0,0,0,0,0,0,0,0,0,0,0,0,0,0,0,0,0,0,0,0,0,0,116288
1,1,1,1,1123,-1759,-1728,965,-167,-581,-55,26,99,0,0,0,0,0,0,0,0,0,0,0,0,0,0,0,0,0,0,0,0,0,0,116298
1,1,1,1,1015,-1853,-1728,1060,-162,-555,-56,29,103,0,0,0,0,0,0,0,0,0,0,0,0,0,0,0,0,0,0,0,0,0,0,116308
1,1,1,1,924,-1826,-1775,1228,-145,-548,-51,32,104,0,0,0,0,0,0,0,0,0,0,0,0,0,0,0,0,0,0,0,0,0,0,116318
1,1,1,1,885,-1747,-1792,1409,-152,-560,-51,34,101,0,0,0,0,0,0,0,0,0,0,0,0,0,0,0,0,0,0,0,0,0,0,116328
1,1,1,1,854,-1898,-1656,1341,-136,-528,-46,36,99,0,0,0,0,0,0,0,0,0,0,0,0,0,0,0,0,0,0,0,0,0,0,116338
1,1,1,1,883,-2126,-1364,1119,-120,-458,-46,36,95,0,0,0,0,0,0,0,0,0,0,0,0,0,0,0,0,0,0,0,0,0,0,116348
1,1,1,1,888,-2152,-1326,816,-103,-353,-45,38,102,0,0,0,0,0,0,0,0,0,0,0,0,0,0,0,0,0,0,0,0,0,0,116358
1,1,1,1,863,-1959,-1514,742,-88,-318,-39,37,103,0,0,0,0,0,0,0,0,0,0,0,0,0,0,0,0,0,0,0,0,0,0,116368
1,1,1,1,849,-1809,-1631,894,-75,-315,-34,41,108,0,0,0,0,0,0,0,0,0,0,0,0,0,0,0,0,0,0,0,0,0,0,116378
1,1,1,1,838,-1769,-1694,1175,-42,-327,-33,44,107,0,0,0,0,0,0,0,0,0,0,0,0,0,0,0,0,0,0,0,0,0,0,116388
1,1,1,1,821,-1751,-1751,1504,-23,-379,-29,39,106,0,0,0,0,0,0,0,0,0,0,0,0,0,0,0,0,0,0,0,0,0,0,116398
1,1,1,1,785,-1670,-1801,1926,9,-447,-31,47,105,0,0,0,0,0,0,0,0,0,0,0,0,0,0,0,0,0,0,0,0,0,0,116408
1,1,1,1,795,-1832,-1670,2025,66,-461,-29,44,97,0,0,0,0,0,0,0,0,0,0,0,0,0,0,0,0,0,0,0,0,0,0,116418
1,1,1,1,1066,-2288,-1156,1496,85,-344,-32,47,93,0,0,0,0,0,0,0,0,0,0,0,0,0,0,0,0,0,0,0,0,0,0,116428
1,1,1,1,1201,-2389,-975,946,44,-213,-32,43,94,0,0,0,0,0,0,0,0,0,0,0,0,0,0,0,0,0,0,0,0,0,0,116438
1,1,1,1,1023,-2161,-1285,732,67,-142,-33,48,100,0,0,0,0,0,0,0,0,0,0,0,0,0,0,0,0,0,0,0,0,0,0,116448
1,1,1,1,945,-1937,-1505,815,60,-131,-31,48,106,0,0,0,0,0,0,0,0,0,0,0,0,0,0,0,0,0,0,0,0,0,0,116458
1,1,1,1,934,-1926,-1592,884,54,-139,-31,49,107,0,0,0,0,0,0,0,0,0,0,0,0,0,0,0,0,0,0,0,0,0,0,116468
1,1,1,1,917,-1944,-1503,1015,50,-150,-29,49,108,0,0,0,0,0,0,0,0,0,0,0,0,0,0,0,0,0,0,0,0,0,0,116478
1,1,1,1,908,-1930,-1454,1205,44,-156,-28,50,109,0,0,0,0,0,0,0,0,0,0,0,0,0,0,0,0,0,0,0,0,0,0,116488
1,1,1,1,938,-2050,-1400,1196,55,-164,-30,51,108,0,0,0,0,0,0,0,0,0,0,0,0,0,0,0,0,0,0,0,0,0,0,116498
1,1,1,1,1036,-2181,-1198,914,75,-117,-31,51,110,0,0,0,0,0,0,0,0,0,0,0,0,0,0,0,0,0,0,0,0,0,0,116508
1,1,1,1,1023,-2237,-1133,646,90,-18,-31,53,109,0,0,0,0,0,0,0,0,0,0,0,0,0,0,0,0,0,0,0,0,0,0,116518
1,1,1,1,958,-2158,-1244,521,85,13,-30,53,112,0,0,0,0,0,0,0,0,0,0,0,0,0,0,0,0,0,0,0,0,0,0,116528
1,1,1,1,896,-2054,-1316,569,99,35,-29,54,112,0,0,0,0,0,0,0,0,0,0,0,0,0,0,0,0,0,0,0,0,0,0,116538
1,1,1,1,919,-2065,-1340,725,122,59,-29,55,113,0,0,0,0,0,0,0,0,0,0,0,0,0,0,0,0,0,0,0,0,0,0,116548
1,1,1,1,942,-2045,-1381,913,135,64,-22,57,113,0,0,0,0,0,0,0,0,0,0,0,0,0,0,0,0,0,0,0,0,0,0,116558
1,1,1,1,953,-1923,-1417,1243,114,22,-22,57,115,0,0,0,0,0,0,0,0,0,0,0,0,0,0,0,0,0,0,0,0,0,0,116568
1,1,1,1,964,-1990,-1399,1375,97,-28,-24,59,111,0,0,0,0,0,0,0,0,0,0,0,0,0,0,0,0,0,0,0,0,0,0,116578
1,1,1,1,1027,-2265,-1102,954,93,6,-23,59,113,0,0,0,0,0,0,0,0,0,0,0,0,0,0,0,0,0,0,0,0,0,0,116588
1,1,1,1,978,-2127,-1033,825,89,51,-22,60,115,0,0,0,0,0,0,0,0,0,0,0,0,0,0,0,0,0,0,0,0,0,0,116598
1,1,1,1,937,-2005,-1189,877,104,46,-25,61,117,0,0,0,0,0,0,0,0,0,0,0,0,0,0,0,0,0,0,0,0,0,0,116608
1,1,1,1,924,-2056,-1152,860,101,39,-25,63,119,0,0,0,0,0,0,0,0,0,0,0,0,0,0,0,0,0,0,0,0,0,0,116618
1,1,1,1,949,-2107,-1132,853,87,29,-22,64,117,0,0,0,0,0,0,0,0,0,0,0,0,0,0,0,0,0,0,0,0,0,0,116628
1,1,1,1,949,-2107,-1132,999,52,-12,-19,64,118,0,0,0,0,0,0,0,0,0,0,0,0,0,0,0,0,0,0,0,0,0,0,116638
1,1,1,1,926,-1976,-1232,1193,33,-68,-18,63,124,0,0,0,0,0,0,0,0,0,0,0,0,0,0,0,0,0,0,0,0,0,0,116648
1,1,1,1,990,-1967,-1281,1322,13,-150,-21,66,123,0,0,0,0,0,0,0,0,0,0,0,0,0,0,0,0,0,0,0,0,0,0,116658
1,1,1,1,1018,-2155,-1120,1055,35,-133,-19,73,127,0,0,0,0,0,0,0,0,0,0,0,0,0,0,0,0,0,0,0,0,0,0,116668
1,1,1,1,1030,-2219,-934,839,37,-90,-19,75,131,0,0,0,0,0,0,0,0,0,0,0,0,0,0,0,0,0,0,0,0,0,0,116678
1,1,1,1,1007,-2196,-988,763,32,-89,-18,74,131,0,0,0,0,0,0,0,0,0,0,0,0,0,0,0,0,0,0,0,0,0,0,116688
1,1,1,1,949,-2250,-978,630,59,-70,-17,78,132,0,0,0,0,0,0,0,0,0,0,0,0,0,0,0,0,0,0,0,0,0,0,116698
1,1,1,1,926,-2299,-956,562,72,-48,-18,79,131,0,0,0,0,0,0,0,0,0,0,0,0,0,0,0,0,0,0,0,0,0,0,116708
1,1,1,1,972,-2249,-986,610,58,-44,-18,82,133,0,0,0,0,0,0,0,0,0,0,0,0,0,0,0,0,0,0,0,0,0,0,116718
1,1,1,1,986,-2210,-1030,687,75,-33,-15,78,134,0,0,0,0,0,0,0,0,0,0,0,0,0,0,0,0,0,0,0,0,0,0,116728
1,1,1,1,996,-2193,-1019,778,69,-31,-18,81,135,0,0,0,0,0,0,0,0,0,0,0,0,0,0,0,0,0,0,0,0,0,0,116738
1,1,1,1,1021,-2210,-1001,803,28,-59,-17,83,138,0,0,0,0,0,0,0,0,0,0,0,0,0,0,0,0,0,0,0,0,0,0,116748
1,1,1,1,1025,-2117,-969,811,-2,-54,-20,82,137,0,0,0,0,0,0,0,0,0,0,0,0,0,0,0,0,0,0,0,0,0,0,116758
1,1,1,1,1055,-2309,-840,465,22,2,-19,84,137,0,0,0,0,0,0,0,0,0,0,0,0,0,0,0,0,0,0,0,0,0,0,116768
1,1,1,1,1016,-2382,-744,181,38,66,-19,82,137,0,0,0,0,0,0,0,0,0,0,0,0,0,0,0,0,0,0,0,0,0,0,116778
1,1,1,1,984,-2321,-864,1,44,87,-17,83,138,0,0,0,0,0,0,0,0,0,0,0,0,0,0,0,0,0,0,0,0,0,0,116788
1,1,1,1,943,-2221,-908,-42,68,112,-18,82,137,0,0,0,0,0,0,0,0,0,0,0,0,0,0,0,0,0,0,0,0,0,0,116798
1,1,1,1,944,-2243,-942,-14,104,119,-19,84,136,0,0,0,0,0,0,0,0,0,0,0,0,0,0,0,0,0,0,0,0,0,0,116808
1,1,1,1,1034,-2210,-939,33,79,106,-19,83,137,0,0,0,0,0,0,0,0,0,0,0,0,0,0,0,0,0,0,0,0,0,0,116818
1,1,1,1,1012,-2202,-971,21,56,97,-20,83,135,0,0,0,0,0,0,0,0,0,0,0,0,0,0,0,0,0,0,0,0,0,0,116828
1,1,1,1,1002,-2223,-927,-50,62,100,-22,82,131,0,0,0,0,0,0,0,0,0,0,0,0,0,0,0,0,0,0,0,0,0,0,116838
1,1,1,1,1001,-2201,-919,-137,54,109,-21,81,134,0,0,0,0,0,0,0,0,0,0,0,0,0,0,0,0,0,0,0,0,0,0,116848
1,1,1,1,978,-2242,-919,-236,53,94,-19,82,132,0,0,0,0,0,0,0,0,0,0,0,0,0,0,0,0,0,0,0,0,0,0,116858
1,1,1,1,985,-2214,-902,-297,30,80,-20,82,131,0,0,0,0,0,0,0,0,0,0,0,0,0,0,0,0,0,0,0,0,0,0,116868
1,1,1,1,1023,-2184,-916,-345,15,86,-18,81,130,0,0,0,0,0,0,0,0,0,0,0,0,0,0,0,0,0,0,0,0,0,0,116878
1,1,1,1,985,-2191,-944,-348,31,100,-18,82,129,0,0,0,0,0,0,0,0,0,0,0,0,0,0,0,0,0,0,0,0,0,0,116888
1,1,1,1,969,-2097,-998,-182,9,80,-18,81,130,0,0,0,0,0,0,0,0,0,0,0,0,0,0,0,0,0,0,0,0,0,0,116898
1,1,1,1,938,-2053,-1051,19,7,51,-19,83,131,0,0,0,0,0,0,0,0,0,0,0,0,0,0,0,0,0,0,0,0,0,0,116908
1,1,1,1,951,-2138,-1000,87,10,30,-20,82,134,0,0,0,0,0,0,0,0,0,0,0,0,0,0,0,0,0,0,0,0,0,0,116918
1,1,1,1,949,-2169,-983,102,-13,-3,-20,83,135,0,0,0,0,0,0,0,0,0,0,0,0,0,0,0,0,0,0,0,0,0,0,116928
1,1,1,1,946,-2118,-1011,116,-2,-23,-19,84,137,0,0,0,0,0,0,0,0,0,0,0,0,0,0,0,0,0,0,0,0,0,0,116938
1,1,1,1,948,-2143,-983,99,12,-32,-18,84,136,0,0,0,0,0,0,0,0,0,0,0,0,0,0,0,0,0,0,0,0,0,0,116948
1,1,1,1,953,-2155,-938,69,10,-23,-17,84,137,0,0,0,0,0,0,0,0,0,0,0,0,0,0,0,0,0,0,0,0,0,0,116958
1,1,1,1,976,-2218,-911,35,3,-11,-15,86,138,0,0,0,0,0,0,0,0,0,0,0,0,0,0,0,0,0,0,0,0,0,0,116968
1,1,1,1,966,-2219,-939,25,3,-9,-18,89,141,0,0,0,0,0,0,0,0,0,0,0,0,0,0,0,0,0,0,0,0,0,0,116978
1,1,1,1,996,-2217,-959,63,-6,-12,-18,89,141,0,0,0,0,0,0,0,0,0,0,0,0,0,0,0,0,0,0,0,0,0,0,116988
1,1,1,1,991,-2241,-936,129,4,-7,-14,85,139,0,0,0,0,0,0,0,0,0,0,0,0,0,0,0,0,0,0,0,0,0,0,116998
1,1,1,1,949,-2225,-962,223,4,-12,-20,94,146,0,0,0,0,0,0,0,0,0,0,0,0,0,0,0,0,0,0,0,0,0,0,117008
1,1,1,1,954,-2193,-993,281,19,-11,-19,91,144,0,0,0,0,0,0,0,0,0,0,0,0,0,0,0,0,0,0,0,0,0,0,117018
1,1,1,1,1000,-2241,-931,226,34,10,-20,89,145,0,0,0,0,0,0,0,0,0,0,0,0,0,0,0,0,0,0,0,0,0,0,117028
1,1,1,1,993,-2287,-891,138,57,28,-17,91,145,0,0,0,0,0,0,0,0,0,0,0,0,0,0,0,0,0,0,0,0,0,0,117038
1,1,1,1,996,-2242,-906,63,45,25,-18,89,144,0,0,0,0,0,0,0,0,0,0,0,0,0,0,0,0,0,0,0,0,0,0,117048
1,1,1,1,995,-2172,-909,102,35,32,-18,90,146,0,0,0,0,0,0,0,0,0,0,0,0,0,0,0,0,0,0,0,0,0,0,117058
1,1,1,1,975,-2190,-953,83,22,34,-18,91,150,0,0,0,0,0,0,0,0,0,0,0,0,0,0,0,0,0,0,0,0,0,0,117068
1,1,1,1,972,-2155,-954,123,24,31,-16,90,150,0,0,0,0,0,0,0,0,0,0,0,0,0,0,0,0,0,0,0,0,0,0,117078
1,1,1,1,973,-2222,-946,153,13,17,-18,93,149,0,0,0,0,0,0,0,0,0,0,0,0,0,0,0,0,0,0,0,0,0,0,117088
1,1,1,1,989,-2230,-924,161,6,2,-15,91,153,0,0,0,0,0,0,0,0,0,0,0,0,0,0,0,0,0,0,0,0,0,0,117098
1,1,1,1,973,-2220,-941,171,10,-10,-15,91,154,0,0,0,0,0,0,0,0,0,0,0,0,0,0,0,0,0,0,0,0,0,0,117108
1,1,1,1,985,-2185,-916,193,7,-19,-18,91,152,0,0,0,0,0,0,0,0,0,0,0,0,0,0,0,0,0,0,0,0,0,0,117118
1,1,1,1,996,-2246,-881,114,20,-14,-20,92,152,0,0,0,0,0,0,0,0,0,0,0,0,0,0,0,0,0,0,0,0,0,0,117128
1,1,1,1,989,-2256,-866,26,42,-1,-20,91,153,0,0,0,0,0,0,0,0,0,0,0,0,0,0,0,0,0,0,0,0,0,0,117138
1,1,1,1,973,-2231,-919,-41,39,-11,-19,91,151,0,0,0,0,0,0,0,0,0,0,0,0,0,0,0,0,0,0,0,0,0,0,117148
1,1,1,1,956,-2214,-924,-71,44,-24,-18,91,151,0,0,0,0,0,0,0,0,0,0,0,0,0,0,0,0,0,0,0,0,0,0,117158
1,1,1,1,955,-2187,-938,-65,42,-40,-19,91,152,0,0,0,0,0,0,0,0,0,0,0,0,0,0,0,0,0,0,0,0,0,0,117168
1,1,1,1,969,-2128,-958,3,13,-57,-19,92,151,0,0,0,0,0,0,0,0,0,0,0,0,0,0,0,0,0,0,0,0,0,0,117178
1,1,1,1,960,-2134,-956,77,-4,-76,-20,91,149,0,0,0,0,0,0,0,0,0,0,0,0,0,0,0,0,0,0,0,0,0,0,117188
1,1,1,1,982,-2164,-927,121,-6,-81,-20,91,147,0,0,0,0,0,0,0,0,0,0,0,0,0,0,0,0,0,0,0,0,0,0,117198
1,1,1,1,1002,-2217,-880,75,17,-62,-23,92,151,0,0,0,0,0,0,0,0,0,0,0,0,0,0,0,0,0,0,0,0,0,0,117208
1,1,1,1,990,-2246,-852,10,28,-33,-22,90,150,0,0,0,0,0,0,0,0,0,0,0,0,0,0,0,0,0,0,0,0,0,0,117218
1,1,1,1,981,-2241,-874,-48,34,-16,-22,91,148,0,0,0,0,0,0,0,0,0,0,0,0,0,0,0,0,0,0,0,0,0,0,117228
1,1,1,1,981,-2240,-875,-85,40,-6,-22,90,147,0,0,0,0,0,0,0,0,0,0,0,0,0,0,0,0,0,0,0,0,0,0,117238
1,1,1,1,973,-2235,-878,-106,43,7,-19,89,147,0,0,0,0,0,0,0,0,0,0,0,0,0,0,0,0,0,0,0,0,0,0,117248
1,1,1,1,979,-2208,-905,-81,52,16,-18,90,145,0,0,0,0,0,0,0,0,0,0,0,0,0,0,0,0,0,0,0,0,0,0,117258
1,1,1,1,989,-2197,-933,-12,44,16,-18,90,142,0,0,0,0,0,0,0,0,0,0,0,0,0,0,0,0,0,0,0,0,0,0,117268
1,1,1,1,980,-2215,-916,10,42,18,-17,89,142,0,0,0,0,0,0,0,0,0,0,0,0,0,0,0,0,0,0,0,0,0,0,117278
1,1,1,1,1007,-2194,-906,12,19,13,-18,88,141,0,0,0,0,0,0,0,0,0,0,0,0,0,0,0,0,0,0,0,0,0,0,117288
1,1,1,1,996,-2167,-914,33,11,7,-17,88,140,0,0,0,0,0,0,0,0,0,0,0,0,0,0,0,0,0,0,0,0,0,0,117298
1,1,1,1,998,-2170,-892,30,2,-1,-19,90,142,0,0,0,0,0,0,0,0,0,0,0,0,0,0,0,0,0,0,0,0,0,0,117308
1,1,1,1,989,-2185,-875,4,1,-1,-17,86,136,0,0,0,0,0,0,0,0,0,0,0,0,0,0,0,0,0,0,0,0,0,0,117318
1,1,1,1,978,-2177,-889,6,-11,-4,-19,89,138,0,0,0,0,0,0,0,0,0,0,0,0,0,0,0,0,0,0,0,0,0,0,117328
1,1,1,1,985,-2182,-921,24,-18,-13,-20,88,136,0,0,0,0,0,0,0,0,0,0,0,0,0,0,0,0,0,0,0,0,0,0,117338
1,1,1,1,986,-2194,-920,51,-32,-27,-22,90,141,0,0,0,0,0,0,0,0,0,0,0,0,0,0,0,0,0,0,0,0,0,0,117348
1,1,1,1,994,-2200,-938,62,-41,-37,-20,91,141,0,0,0,0,0,0,0,0,0,0,0,0,0,0,0,0,0,0,0,0,0,0,117358
1,1,1,1,1000,-2188,-923,74,-43,-39,-18,88,137,0,0,0,0,0,0,0,0,0,0,0,0,0,0,0,0,0,0,0,0,0,0,117368
1,1,1,1,1013,-2191,-917,85,-44,-36,-19,90,141,0,0,0,0,0,0,0,0,0,0,0,0,0,0,0,0,0,0,0,0,0,0,117378
1,1,1,1,1009,-2215,-889,74,-44,-30,-17,89,140,0,0,0,0,0,0,0,0,0,0,0,0,0,0,0,0,0,0,0,0,0,0,117388
1,1,1,1,1003,-2232,-880,44,-21,-16,-15,88,137,0,0,0,0,0,0,0,0,0,0,0,0,0,0,0,0,0,0,0,0,0,0,117398
1,1,1,1,1004,-2258,-850,-2,-10,0,-17,88,138,0,0,0,0,0,0,0,0,0,0,0,0,0,0,0,0,0,0,0,0,0,0,117408
1,1,1,1,1000,-2260,-842,-61,5,20,-18,89,138,0,0,0,0,0,0,0,0,0,0,0,0,0,0,0,0,0,0,0,0,0,0,117418
1,1,1,1,989,-2224,-870,-68,10,31,-17,88,140,0,0,0,0,0,0,0,0,0,0,0,0,0,0,0,0,0,0,0,0,0,0,117428
1,1,1,1,983,-2180,-925,-8,10,29,-18,88,140,0,0,0,0,0,0,0,0,0,0,0,0,0,0,0,0,0,0,0,0,0,0,117438
1,1,1,1,998,-2180,-925,46,0,21,-21,89,139,0,0,0,0,0,0,0,0,0,0,0,0,0,0,0,0,0,0,0,0,0,0,117448
1,1,1,1,1004,-2187,-922,55,-13,17,-22,89,144,0,0,0,0,0,0,0,0,0,0,0,0,0,0,0,0,0,0,0,0,0,0,117458
1,1,1,1,992,-2183,-936,64,-14,9,-21,89,142,0,0,0,0,0,0,0,0,0,0,0,0,0,0,0,0,0,0,0,0,0,0,117468
1,1,1,1,1006,-2182,-925,67,-28,-7,-17,88,137,0,0,0,0,0,0,0,0,0,0,0,0,0,0,0,0,0,0,0,0,0,0,117478
1,1,1,1,999,-2209,-894,34,-32,-5,-19,89,140,0,0,0,0,0,0,0,0,0,0,0,0,0,0,0,0,0,0,0,0,0,0,117488
1,1,1,1,996,-2227,-871,-13,-34,-6,-20,89,138,0,0,0,0,0,0,0,0,0,0,0,0,0,0,0,0,0,0,0,0,0,0,117498
1,1,1,1,984,-2208,-883,-28,-25,-1,-20,89,139,0,0,0,0,0,0,0,0,0,0,0,0,0,0,0,0,0,0,0,0,0,0,117508
1,1,1,1,975,-2200,-882,-35,-16,3,-22,89,140,0,0,0,0,0,0,0,0,0,0,0,0,0,0,0,0,0,0,0,0,0,0,117518
1,1,1,1,982,-2207,-890,-32,-9,8,-21,89,138,0,0,0,0,0,0,0,0,0,0,0,0,0,0,0,0,0,0,0,0,0,0,117528
1,1,1,1,986,-2182,-920,13,-5,11,-21,88,142,0,0,0,0,0,0,0,0,0,0,0,0,0,0,0,0,0,0,0,0,0,0,117538
1,1,1,1,985,-2162,-954,83,-19,-4,-20,89,141,0,0,0,0,0,0,0,0,0,0,0,0,0,0,0,0,0,0,0,0,0,0,117548
1,1,1,1,1003,-2182,-928,104,-26,-1,-22,90,143,0,0,0,0,0,0,0,0,0,0,0,0,0,0,0,0,0,0,0,0,0,0,117558
1,1,1,1,1009,-2210,-892,79,-20,10,-20,89,141,0,0,0,0,0,0,0,0,0,0,0,0,0,0,0,0,0,0,0,0,0,0,117568
1,1,1,1,1003,-2208,-893,53,-22,17,-23,90,141,0,0,0,0,0,0,0,0,0,0,0,0,0,0,0,0,0,0,0,0,0,0,117578
1,1,1,1,982,-2226,-878,20,-18,22,-22,89,142,0,0,0,0,0,0,0,0,0,0,0,0,0,0,0,0,0,0,0,0,0,0,117588
1,1,1,1,966,-2230,-868,-18,-8,26,-23,92,141,0,0,0,0,0,0,0,0,0,0,0,0,0,0,0,0,0,0,0,0,0,0,117598
1,1,1,1,957,-2208,-886,-26,0,24,-19,85,138,0,0,0,0,0,0,0,0,0,0,0,0,0,0,0,0,0,0,0,0,0,0,117608
1,1,1,1,976,-2183,-913,10,6,15,-22,93,139,0,0,0,0,0,0,0,0,0,0,0,0,0,0,0,0,0,0,0,0,0,0,117618
1,1,1,1,970,-2168,-929,53,-5,-2,-23,93,142,0,0,0,0,0,0,0,0,0,0,0,0,0,0,0,0,0,0,0,0,0,0,117628
1,1,1,1,980,-2187,-907,75,-5,-11,-22,91,139,0,0,0,0,0,0,0,0,0,0,0,0,0,0,0,0,0,0,0,0,0,0,117638
1,1,1,1,990,-2178,-902,94,3,-11,-24,90,138,0,0,0,0,0,0,0,0,0,0,0,0,0,0,0,0,0,0,0,0,0,0,117648
1,1,1,1,1006,-2201,-890,81,3,-8,-22,90,142,0,0,0,0,0,0,0,0,0,0,0,0,0,0,0,0,0,0,0,0,0,0,117658
1,1,1,1,1003,-2219,-870,52,-6,-5,-23,90,143,0,0,0,0,0,0,0,0,0,0,0,0,0,0,0,0,0,0,0,0,0,0,117668
1,1,1,1,997,-2231,-873,30,-1,0,-20,88,141,0,0,0,0,0,0,0,0,0,0,0,0,0,0,0,0,0,0,0,0,0,0,117678
1,1,1,1,990,-2229,-878,17,-4,6,-20,86,139,0,0,0,0,0,0,0,0,0,0,0,0,0,0,0,0,0,0,0,0,0,0,117688
1,1,1,1,999,-2240,-878,-11,-4,12,-22,88,140,0,0,0,0,0,0,0,0,0,0,0,0,0,0,0,0,0,0,0,0,0,0,117698
1,1,1,1,990,-2231,-881,-27,2,24,-22,89,142,0,0,0,0,0,0,0,0,0,0,0,0,0,0,0,0,0,0,0,0,0,0,117708
1,1,1,1,994,-2205,-901,-15,8,28,-19,88,142,0,0,0,0,0,0,0,0,0,0,0,0,0,0,0,0,0,0,0,0,0,0,117718
1,1,1,1,983,-2181,-901,15,1,30,-22,88,141,0,0,0,0,0,0,0,0,0,0,0,0,0,0,0,0,0,0,0,0,0,0,117728
1,1,1,1,987,-2189,-902,33,-10,27,-21,88,141,0,0,0,0,0,0,0,0,0,0,0,0,0,0,0,0,0,0,0,0,0,0,117738
1,1,1,1,989,-2183,-896,35,-10,29,-21,88,142,0,0,0,0,0,0,0,0,0,0,0,0,0,0,0,0,0,0,0,0,0,0,117748
1,1,1,1,989,-2188,-891,38,-4,23,-22,89,140,0,0,0,0,0,0,0,0,0,0,0,0,0,0,0,0,0,0,0,0,0,0,117758
1,1,1,1,988,-2177,-899,27,-18,13,-19,87,141,0,0,0,0,0,0,0,0,0,0,0,0,0,0,0,0,0,0,0,0,0,0,117768
1,1,1,1,982,-2177,-900,31,-27,-1,-19,88,140,0,0,0,0,0,0,0,0,0,0,0,0,0,0,0,0,0,0,0,0,0,0,117778
1,1,1,1,988,-2187,-884,22,-26,-7,-21,88,141,0,0,0,0,0,0,0,0,0,0,0,0,0,0,0,0,0,0,0,0,0,0,117788
1,1,1,1,995,-2199,-882,17,-20,-5,-22,89,139,0,0,0,0,0,0,0,0,0,0,0,0,0,0,0,0,0,0,0,0,0,0,117798
1,1,1,1,983,-2200,-887,10,-25,-2,-22,88,141,0,0,0,0,0,0,0,0,0,0,0,0,0,0,0,0,0,0,0,0,0,0,117808
1,1,1,1,1001,-2209,-889,7,-29,2,-22,88,144,0,0,0,0,0,0,0,0,0,0,0,0,0,0,0,0,0,0,0,0,0,0,117818
1,1,1,1,997,-2226,-886,7,-25,7,-22,88,141,0,0,0,0,0,0,0,0,0,0,0,0,0,0,0,0,0,0,0,0,0,0,117828
1,1,1,1,994,-2229,-886,11,-15,12,-20,88,143,0,0,0,0,0,0,0,0,0,0,0,0,0,0,0,0,0,0,0,0,0,0,117838
1,1,1,1,991,-2232,-888,18,-8,18,-19,88,143,0,0,0,0,0,0,0,0,0,0,0,0,0,0,0,0,0,0,0,0,0,0,117848
1,1,1,1,997,-2236,-877,18,-8,18,-20,88,143,0,0,0,0,0,0,0,0,0,0,0,0,0,0,0,0,0,0,0,0,0,0,117858
1,1,1,1,993,-2234,-872,15,-11,21,-20,88,145,0,0,0,0,0,0,0,0,0,0,0,0,0,0,0,0,0,0,0,0,0,0,117868
1,1,1,1,991,-2230,-872,31,-13,29,-22,88,143,0,0,0,0,0,0,0,0,0,0,0,0,0,0,0,0,0,0,0,0,0,0,117878
1,1,1,1,992,-2218,-886,34,-9,35,-21,87,141,0,0,0,0,0,0,0,0,0,0,0,0,0,0,0,0,0,0,0,0,0,0,117888
1,1,1,1,980,-2211,-886,30,-11,35,-24,89,141,0,0,0,0,0,0,0,0,0,0,0,0,0,0,0,0,0,0,0,0,0,0,117898
1,1,1,1,974,-2199,-895,21,-6,36,-21,86,140,0,0,0,0,0,0,0,0,0,0,0,0,0,0,0,0,0,0,0,0,0,0,117908
1,1,1,1,982,-2180,-897,-10,-27,12,-22,87,141,0,0,0,0,0,0,0,0,0,0,0,0,0,0,0,0,0,0,0,0,0,0,117938
1,1,1,1,972,-2171,-909,15,-37,-2,-25,90,145,0,0,0,0,0,0,0,0,0,0,0,0,0,0,0,0,0,0,0,0,0,0,117948
1,1,1,1,975,-2156,-923,58,-34,-15,-22,87,145,0,0,0,0,0,0,0,0,0,0,0,0,0,0,0,0,0,0,0,0,0,0,117958
1,1,1,1,992,-2175,-908,77,-37,-22,-24,89,146,0,0,0,0,0,0,0,0,0,0,0,0,0,0,0,0,0,0,0,0,0,0,117968
1,1,1,1,989,-2193,-889,85,-33,-17,-21,89,145,0,0,0,0,0,0,0,0,0,0,0,0,0,0,0,0,0,0,0,0,0,0,117978
1,1,1,1,987,-2217,-886,80,-30,-24,-20,88,144,0,0,0,0,0,0,0,0,0,0,0,0,0,0,0,0,0,0,0,0,0,0,117988
1,1,1,1,974,-2232,-872,48,-36,-21,-17,86,144,0,0,0,0,0,0,0,0,0,0,0,0,0,0,0,0,0,0,0,0,0,0,117998
1,1,1,1,984,-2228,-852,29,-37,-14,-18,88,144,0,0,0,0,0,0,0,0,0,0,0,0,0,0,0,0,0,0,0,0,0,0,118008
1,1,1,1,980,-2216,-868,17,-24,-1,-21,88,144,0,0,0,0,0,0,0,0,0,0,0,0,0,0,0,0,0,0,0,0,0,0,118018
1,1,1,1,996,-2218,-869,-2,-25,6,-22,89,145,0,0,0,0,0,0,0,0,0,0,0,0,0,0,0,0,0,0,0,0,0,0,118028
1,1,1,1,979,-2209,-870,1,-6,26,-24,88,142,0,0,0,0,0,0,0,0,0,0,0,0,0,0,0,0,0,0,0,0,0,0,118048
1,1,1,1,979,-2196,-893,29,-8,23,-22,89,142,0,0,0,0,0,0,0,0,0,0,0,0,0,0,0,0,0,0,0,0,0,0,118058
1,1,1,1,962,-2207,-884,31,-7,27,-22,89,143,0,0,0,0,0,0,0,0,0,0,0,0,0,0,0,0,0,0,0,0,0,0,118068
1,1,1,1,968,-2205,-880,25,-5,21,-21,89,143,0,0,0,0,0,0,0,0,0,0,0,0,0,0,0,0,0,0,0,0,0,0,118078
1,1,1,1,972,-2188,-900,36,-2,14,-21,88,142,0,0,0,0,0,0,0,0,0,0,0,0,0,0,0,0,0,0,0,0,0,0,118088
1,1,1,1,977,-2188,-902,50,-6,6,-19,88,142,0,0,0,0,0,0,0,0,0,0,0,0,0,0,0,0,0,0,0,0,0,0,118098
1,1,1,1,989,-2195,-888,50,-17,1,-21,88,144,0,0,0,0,0,0,0,0,0,0,0,0,0,0,0,0,0,0,0,0,0,0,118108
1,1,1,1,987,-2215,-883,33,-13,3,-22,89,144,0,0,0,0,0,0,0,0,0,0,0,0,0,0,0,0,0,0,0,0,0,0,118118
1,1,1,1,988,-2222,-892,14,-17,-1,-20,89,144,0,0,0,0,0,0,0,0,0,0,0,0,0,0,0,0,0,0,0,0,0,0,118128
1,1,1,1,986,-2211,-893,14,-23,-10,-19,88,141,0,0,0,0,0,0,0,0,0,0,0,0,0,0,0,0,0,0,0,0,0,0,118138
1,1,1,1,984,-2200,-897,28,-20,-14,-19,88,144,0,0,0,0,0,0,0,0,0,0,0,0,0,0,0,0,0,0,0,0,0,0,118148
1,1,1,1,985,-2198,-884,27,-21,-14,-21,89,145,0,0,0,0,0,0,0,0,0,0,0,0,0,0,0,0,0,0,0,0,0,0,118158
1,1,1,1,986,-2192,-885,39,-22,-15,-18,89,145,0,0,0,0,0,0,0,0,0,0,0,0,0,0,0,0,0,0,0,0,0,0,118168
1,1,1,1,988,-2197,-891,51,-15,-11,-20,88,146,0,0,0,0,0,0,0,0,0,0,0,0,0,0,0,0,0,0,0,0,0,0,118178
1,1,1,1,976,-2211,-881,53,-20,-11,-21,88,144,0,0,0,0,0,0,0,0,0,0,0,0,0,0,0,0,0,0,0,0,0,0,118188
1,1,1,1,974,-2214,-878,48,-13,-7,-22,88,144,0,0,0,0,0,0,0,0,0,0,0,0,0,0,0,0,0,0,0,0,0,0,118198
1,1,1,1,984,-2223,-862,39,-2,6,-20,90,144,0,0,0,0,0,0,0,0,0,0,0,0,0,0,0,0,0,0,0,0,0,0,118208
1,1,1,1,996,-2225,-866,41,0,6,-20,89,144,0,0,0,0,0,0,0,0,0,0,0,0,0,0,0,0,0,0,0,0,0,0,118218
1,1,1,1,1004,-2209,-874,50,-6,6,-20,87,143,0,0,0,0,0,0,0,0,0,0,0,0,0,0,0,0,0,0,0,0,0,0,118228
1,1,1,1,992,-2213,-871,55,-12,7,-22,90,146,0,0,0,0,0,0,0,0,0,0,0,0,0,0,0,0,0,0,0,0,0,0,118238
1,1,1,1,986,-2208,-882,43,-8,8,-21,88,146,0,0,0,0,0,0,0,0,0,0,0,0,0,0,0,0,0,0,0,0,0,0,118258
1,1,1,1,978,-2209,-889,37,3,2,-22,88,144,0,0,0,0,0,0,0,0,0,0,0,0,0,0,0,0,0,0,0,0,0,0,118268
1,1,1,1,986,-2221,-882,9,-2,4,-20,85,147,0,0,0,0,0,0,0,0,0,0,0,0,0,0,0,0,0,0,0,0,0,0,118278
1,1,1,1,995,-2217,-878,3,7,3,-19,89,144,0,0,0,0,0,0,0,0,0,0,0,0,0,0,0,0,0,0,0,0,0,0,118288
1,1,1,1,986,-2203,-887,3,1,-3,-20,88,145,0,0,0,0,0,0,0,0,0,0,0,0,0,0,0,0,0,0,0,0,0,0,118298
1,1,1,1,989,-2189,-883,19,-5,1,-20,88,146,0,0,0,0,0,0,0,0,0,0,0,0,0,0,0,0,0,0,0,0,0,0,118308
1,1,1,1,991,-2197,-880,22,-12,-2,-20,89,145,0,0,0,0,0,0,0,0,0,0,0,0,0,0,0,0,0,0,0,0,0,0,118318
1,1,1,1,997,-2179,-886,33,-25,-10,-21,88,147,0,0,0,0,0,0,0,0,0,0,0,0,0,0,0,0,0,0,0,0,0,0,118328
1,1,1,1,987,-2178,-893,58,-31,-19,-20,88,145,0,0,0,0,0,0,0,0,0,0,0,0,0,0,0,0,0,0,0,0,0,0,118338
1,1,1,1,985,-2198,-875,64,-29,-22,-21,87,147,0,0,0,0,0,0,0,0,0,0,0,0,0,0,0,0,0,0,0,0,0,0,118348
1,1,1,1,995,-2203,-862,67,-27,-18,-20,87,146,0,0,0,0,0,0,0,0,0,0,0,0,0,0,0,0,0,0,0,0,0,0,118358
1,1,1,1,990,-2209,-867,71,-28,-20,-20,87,147,0,0,0,0,0,0,0,0,0,0,0,0,0,0,0,0,0,0,0,0,0,0,118368
1,1,1,1,983,-2224,-865,55,-22,-19,-20,89,147,0,0,0,0,0,0,0,0,0,0,0,0,0,0,0,0,0,0,0,0,0,0,118378
1,1,1,1,987,-2231,-856,42,-13,-12,-20,89,146,0,0,0,0,0,0,0,0,0,0,0,0,0,0,0,0,0,0,0,0,0,0,118388
1,1,1,1,994,-2236,-859,38,-5,-5,-21,88,144,0,0,0,0,0,0,0,0,0,0,0,0,0,0,0,0,0,0,0,0,0,0,118398
1,1,1,1,994,-2240,-869,30,-4,-1,-22,88,147,0,0,0,0,0,0,0,0,0,0,0,0,0,0,0,0,0,0,0,0,0,0,118408
1,1,1,1,994,-2231,-857,29,-6,4,-22,88,147,0,0,0,0,0,0,0,0,0,0,0,0,0,0,0,0,0,0,0,0,0,0,118418
1,1,1,1,994,-2223,-853,28,-4,7,-23,88,144,0,0,0,0,0,0,0,0,0,0,0,0,0,0,0,0,0,0,0,0,0,0,118428
1,1,1,1,986,-2209,-860,33,2,8,-22,88,146,0,0,0,0,0,0,0,0,0,0,0,0,0,0,0,0,0,0,0,0,0,0,118438
1,1,1,1,987,-2201,-856,27,-1,11,-22,88,148,0,0,0,0,0,0,0,0,0,0,0,0,0,0,0,0,0,0,0,0,0,0,118448
1,1,1,1,986,-2206,-853,19,-3,13,-23,89,146,0,0,0,0,0,0,0,0,0,0,0,0,0,0,0,0,0,0,0,0,0,0,118458
1,1,1,1,989,-2205,-860,16,0,14,-21,88,145,0,0,0,0,0,0,0,0,0,0,0,0,0,0,0,0,0,0,0,0,0,0,118468
1,1,1,1,991,-2199,-870,22,-1,13,-22,89,145,0,0,0,0,0,0,0,0,0,0,0,0,0,0,0,0,0,0,0,0,0,0,118478
1,1,1,1,1005,-2197,-865,26,-5,10,-25,90,144,0,0,0,0,0,0,0,0,0,0,0,0,0,0,0,0,0,0,0,0,0,0,118488
1,1,1,1,1000,-2208,-856,21,-11,9,-24,91,147,0,0,0,0,0,0,0,0,0,0,0,0,0,0,0,0,0,0,0,0,0,0,118498
1,1,1,1,986,-2202,-872,25,-18,1,-21,88,146,0,0,0,0,0,0,0,0,0,0,0,0,0,0,0,0,0,0,0,0,0,0,118508
1,1,1,1,986,-2198,-877,35,-17,-4,-23,91,144,0,0,0,0,0,0,0,0,0,0,0,0,0,0,0,0,0,0,0,0,0,0,118518
1,1,1,1,987,-2204,-870,43,-20,-7,-20,86,146,0,0,0,0,0,0,0,0,0,0,0,0,0,0,0,0,0,0,0,0,0,0,118528
1,1,1,1,982,-2201,-866,43,-23,-11,-23,89,146,0,0,0,0,0,0,0,0,0,0,0,0,0,0,0,0,0,0,0,0,0,0,118538
1,1,1,1,997,-2216,-851,39,-19,-11,-23,87,145,0,0,0,0,0,0,0,0,0,0,0,0,0,0,0,0,0,0,0,0,0,0,118548
1,1,1,1,990,-2208,-862,46,-8,-12,-25,89,147,0,0,0,0,0,0,0,0,0,0,0,0,0,0,0,0,0,0,0,0,0,0,118558
1,1,1,1,990,-2218,-864,40,-15,-15,-24,88,148,0,0,0,0,0,0,0,0,0,0,0,0,0,0,0,0,0,0,0,0,0,0,118568
1,1,1,1,1003,-2229,-844,9,-21,-11,-23,87,148,0,0,0,0,0,0,0,0,0,0,0,0,0,0,0,0,0,0,0,0,0,0,118578
1,1,1,1,995,-2198,-851,10,-11,-4,-22,89,150,0,0,0,0,0,0,0,0,0,0,0,0,0,0,0,0,0,0,0,0,0,0,118588
1,1,1,1,997,-2192,-863,23,-15,-8,-20,86,147,0,0,0,0,0,0,0,0,0,0,0,0,0,0,0,0,0,0,0,0,0,0,118598
1,1,1,1,994,-2203,-847,24,-6,0,-20,89,148,0,0,0,0,0,0,0,0,0,0,0,0,0,0,0,0,0,0,0,0,0,0,118608
1,1,1,1,993,-2205,-846,27,-6,3,-21,88,145,0,0,0,0,0,0,0,0,0,0,0,0,0,0,0,0,0,0,0,0,0,0,118618
1,1,1,1,988,-2206,-864,44,-15,-3,-24,89,147,0,0,0,0,0,0,0,0,0,0,0,0,0,0,0,0,0,0,0,0,0,0,118628
1,1,1,1,993,-2216,-872,54,-15,-6,-22,88,147,0,0,0,0,0,0,0,0,0,0,0,0,0,0,0,0,0,0,0,0,0,0,118638
1,1,1,1,1000,-2222,-864,48,-20,-6,-22,88,147,0,0,0,0,0,0,0,0,0,0,0,0,0,0,0,0,0,0,0,0,0,0,118648
1,1,1,1,998,-2218,-852,38,-22,-4,-24,88,146,0,0,0,0,0,0,0,0,0,0,0,0,0,0,0,0,0,0,0,0,0,0,118658
1,1,1,1,1005,-2224,-853,30,-19,-3,-24,89,146,0,0,0,0,0,0,0,0,0,0,0,0,0,0,0,0,0,0,0,0,0,0,118668
1,1,1,1,1006,-2228,-839,23,-15,2,-21,89,146,0,0,0,0,0,0,0,0,0,0,0,0,0,0,0,0,0,0,0,0,0,0,118678
1,1,1,1,1010,-2239,-829,7,-22,4,-21,88,146,0,0,0,0,0,0,0,0,0,0,0,0,0,0,0,0,0,0,0,0,0,0,118688
1,1,1,1,1001,-2229,-840,10,-15,6,-22,89,145,0,0,0,0,0,0,0,0,0,0,0,0,0,0,0,0,0,0,0,0,0,0,118698
1,1,1,1,990,-2229,-852,11,-10,7,-24,89,144,0,0,0,0,0,0,0,0,0,0,0,0,0,0,0,0,0,0,0,0,0,0,118708
1,1,1,1,986,-2213,-860,25,-9,6,-23,88,145,0,0,0,0,0,0,0,0,0,0,0,0,0,0,0,0,0,0,0,0,0,0,118718
1,1,1,1,987,-2186,-877,45,-14,1,-22,87,143,0,0,0,0,0,0,0,0,0,0,0,0,0,0,0,0,0,0,0,0,0,0,118728
1,1,1,1,988,-2192,-866,54,-18,-3,-22,89,148,0,0,0,0,0,0,0,0,0,0,0,0,0,0,0,0,0,0,0,0,0,0,118738
1,1,1,1,987,-2193,-857,54,-21,-12,-21,88,148,0,0,0,0,0,0,0,0,0,0,0,0,0,0,0,0,0,0,0,0,0,0,118748
1,1,1,1,993,-2177,-871,62,-19,-24,-23,88,148,0,0,0,0,0,0,0,0,0,0,0,0,0,0,0,0,0,0,0,0,0,0,118758
1,1,1,1,999,-2198,-852,53,-29,-26,-23,89,145,0,0,0,0,0,0,0,0,0,0,0,0,0,0,0,0,0,0,0,0,0,0,118768
1,1,1,1,993,-2218,-826,17,-34,-17,-24,89,146,0,0,0,0,0,0,0,0,0,0,0,0,0,0,0,0,0,0,0,0,0,0,118778
1,1,1,1,1007,-2209,-841,8,-30,-15,-23,89,145,0,0,0,0,0,0,0,0,0,0,0,0,0,0,0,0,0,0,0,0,0,0,118788
1,1,1,1,1000,-2211,-849,16,-31,-11,-23,86,145,0,0,0,0,0,0,0,0,0,0,0,0,0,0,0,0,0,0,0,0,0,0,118798
1,1,1,1,992,-2223,-831,34,-17,-7,-23,89,144,0,0,0,0,0,0,0,0,0,0,0,0,0,0,0,0,0,0,0,0,0,0,118808
1,1,1,1,990,-2227,-824,28,-17,1,-23,87,143,0,0,0,0,0,0,0,0,0,0,0,0,0,0,0,0,0,0,0,0,0,0,118818
1,1,1,1,990,-2229,-833,20,-20,-1,-24,91,143,0,0,0,0,0,0,0,0,0,0,0,0,0,0,0,0,0,0,0,0,0,0,118828
1,1,1,1,980,-2221,-836,18,-8,5,-25,91,144,0,0,0,0,0,0,0,0,0,0,0,0,0,0,0,0,0,0,0,0,0,0,118838
1,1,1,1,984,-2215,-838,5,-5,7,-26,89,143,0,0,0,0,0,0,0,0,0,0,0,0,0,0,0,0,0,0,0,0,0,0,118848
1,1,1,1,996,-2215,-852,9,4,10,-26,89,145,0,0,0,0,0,0,0,0,0,0,0,0,0,0,0,0,0,0,0,0,0,0,118858
1,1,1,1,998,-2215,-853,1,3,8,-24,88,143,0,0,0,0,0,0,0,0,0,0,0,0,0,0,0,0,0,0,0,0,0,0,118868
1,1,1,1,1004,-2212,-846,-11,-2,9,-25,87,146,0,0,0,0,0,0,0,0,0,0,0,0,0,0,0,0,0,0,0,0,0,0,118878
1,1,1,1,1003,-2211,-844,-23,0,13,-25,89,145,0,0,0,0,0,0,0,0,0,0,0,0,0,0,0,0,0,0,0,0,0,0,118888
1,1,1,1,992,-2215,-852,-22,0,14,-21,87,144,0,0,0,0,0,0,0,0,0,0,0,0,0,0,0,0,0,0,0,0,0,0,118898
1,1,1,1,987,-2192,-862,-1,-6,9,-20,87,145,0,0,0,0,0,0,0,0,0,0,0,0,0,0,0,0,0,0,0,0,0,0,118908
1,1,1,1,994,-2187,-873,19,-12,2,-20,87,146,0,0,0,0,0,0,0,0,0,0,0,0,0,0,0,0,0,0,0,0,0,0,118918
1,1,1,1,994,-2193,-870,35,-13,-5,-21,87,144,0,0,0,0,0,0,0,0,0,0,0,0,0,0,0,0,0,0,0,0,0,0,118928
1,1,1,1,1004,-2196,-852,42,-22,-7,-25,88,146,0,0,0,0,0,0,0,0,0,0,0,0,0,0,0,0,0,0,0,0,0,0,118938
1,1,1,1,1002,-2219,-842,29,-27,-10,-21,88,145,0,0,0,0,0,0,0,0,0,0,0,0,0,0,0,0,0,0,0,0,0,0,118948
1,1,1,1,1003,-2226,-840,3,-19,-8,-23,88,144,0,0,0,0,0,0,0,0,0,0,0,0,0,0,0,0,0,0,0,0,0,0,118958
1,1,1,1,994,-2219,-846,-6,-20,-10,-23,88,146,0,0,0,0,0,0,0,0,0,0,0,0,0,0,0,0,0,0,0,0,0,0,118968
1,1,1,1,990,-2216,-854,-2,-14,-8,-22,88,145,0,0,0,0,0,0,0,0,0,0,0,0,0,0,0,0,0,0,0,0,0,0,118978
1,1,1,1,992,-2215,-861,5,-14,-7,-22,88,146,0,0,0,0,0,0,0,0,0,0,0,0,0,0,0,0,0,0,0,0,0,0,118988
1,1,1,1,1005,-2221,-854,10,-15,-1,-23,89,142,0,0,0,0,0,0,0,0,0,0,0,0,0,0,0,0,0,0,0,0,0,0,118998
1,1,1,1,1002,-2227,-841,15,-5,5,-23,87,142,0,0,0,0,0,0,0,0,0,0,0,0,0,0,0,0,0,0,0,0,0,0,119008
1,1,1,1,1003,-2220,-841,11,-6,13,-22,87,144,0,0,0,0,0,0,0,0,0,0,0,0,0,0,0,0,0,0,0,0,0,0,119018
1,1,1,1,999,-2216,-838,9,-1,18,-24,88,144,0,0,0,0,0,0,0,0,0,0,0,0,0,0,0,0,0,0,0,0,0,0,119028
1,1,1,1,999,-2216,-841,3,-10,22,-24,88,143,0,0,0,0,0,0,0,0,0,0,0,0,0,0,0,0,0,0,0,0,0,0,119038
1,1,1,1,993,-2215,-856,0,-5,23,-24,88,143,0,0,0,0,0,0,0,0,0,0,0,0,0,0,0,0,0,0,0,0,0,0,119048
1,1,1,1,994,-2209,-857,-4,0,20,-24,89,142,0,0,0,0,0,0,0,0,0,0,0,0,0,0,0,0,0,0,0,0,0,0,119058
1,1,1,1,994,-2195,-869,2,1,19,-22,88,142,0,0,0,0,0,0,0,0,0,0,0,0,0,0,0,0,0,0,0,0,0,0,119068
1,1,1,1,997,-2194,-871,10,-7,10,-21,87,143,0,0,0,0,0,0,0,0,0,0,0,0,0,0,0,0,0,0,0,0,0,0,119078
1,1,1,1,1003,-2200,-860,15,-10,8,-21,87,144,0,0,0,0,0,0,0,0,0,0,0,0,0,0,0,0,0,0,0,0,0,0,119088
1,1,1,1,1000,-2204,-853,16,-6,2,-22,88,144,0,0,0,0,0,0,0,0,0,0,0,0,0,0,0,0,0,0,0,0,0,0,119098
1,1,1,1,999,-2208,-849,12,-13,-1,-23,87,142,0,0,0,0,0,0,0,0,0,0,0,0,0,0,0,0,0,0,0,0,0,0,119108
1,1,1,1,993,-2198,-856,11,-18,-2,-21,86,145,0,0,0,0,0,0,0,0,0,0,0,0,0,0,0,0,0,0,0,0,0,0,119118
1,1,1,1,1000,-2202,-843,21,-19,-2,-22,86,141,0,0,0,0,0,0,0,0,0,0,0,0,0,0,0,0,0,0,0,0,0,0,119128
1,1,1,1,989,-2206,-860,33,-12,-2,-22,86,146,0,0,0,0,0,0,0,0,0,0,0,0,0,0,0,0,0,0,0,0,0,0,119138
1,1,1,1,999,-2210,-858,43,-15,-8,-25,89,146,0,0,0,0,0,0,0,0,0,0,0,0,0,0,0,0,0,0,0,0,0,0,119148
1,1,1,1,1009,-2225,-850,32,-24,-6,-23,88,148,0,0,0,0,0,0,0,0,0,0,0,0,0,0,0,0,0,0,0,0,0,0,119158
1,1,1,1,1001,-2219,-844,24,-13,-1,-25,91,146,0,0,0,0,0,0,0,0,0,0,0,0,0,0,0,0,0,0,0,0,0,0,119168
1,1,1,1,991,-2212,-857,13,-15,2,-22,87,144,0,0,0,0,0,0,0,0,0,0,0,0,0,0,0,0,0,0,0,0,0,0,119178
1,1,1,1,1004,-2214,-849,8,-25,1,-21,87,145,0,0,0,0,0,0,0,0,0,0,0,0,0,0,0,0,0,0,0,0,0,0,119188
1,1,1,1,999,-2218,-856,12,-16,7,-20,87,145,0,0,0,0,0,0,0,0,0,0,0,0,0,0,0,0,0,0,0,0,0,0,119198
1,1,1,1,1001,-2211,-845,30,-19,0,-21,87,143,0,0,0,0,0,0,0,0,0,0,0,0,0,0,0,0,0,0,0,0,0,0,119208
1,1,1,1,998,-2201,-857,41,-24,-2,-23,88,143,0,0,0,0,0,0,0,0,0,0,0,0,0,0,0,0,0,0,0,0,0,0,119218
1,1,1,1,992,-2210,-845,38,-22,3,-24,88,143,0,0,0,0,0,0,0,0,0,0,0,0,0,0,0,0,0,0,0,0,0,0,119228
1,1,1,1,993,-2209,-839,33,-17,5,-24,87,144,0,0,0,0,0,0,0,0,0,0,0,0,0,0,0,0,0,0,0,0,0,0,119238
1,1,1,1,996,-2209,-848,27,-16,9,-24,88,146,0,0,0,0,0,0,0,0,0,0,0,0,0,0,0,0,0,0,0,0,0,0,119248
1,1,1,1,997,-2215,-834,13,-21,4,-24,87,143,0,0,0,0,0,0,0,0,0,0,0,0,0,0,0,0,0,0,0,0,0,0,119268
1,1,1,1,991,-2215,-834,7,-21,1,-22,88,143,0,0,0,0,0,0,0,0,0,0,0,0,0,0,0,0,0,0,0,0,0,0,119278
1,1,1,1,992,-2200,-852,26,-15,0,-20,88,140,0,0,0,0,0,0,0,0,0,0,0,0,0,0,0,0,0,0,0,0,0,0,119288
1,1,1,1,1001,-2206,-838,37,-17,-1,-22,88,141,0,0,0,0,0,0,0,0,0,0,0,0,0,0,0,0,0,0,0,0,0,0,119298
1,1,1,1,992,-2217,-840,38,-3,4,-24,88,138,0,0,0,0,0,0,0,0,0,0,0,0,0,0,0,0,0,0,0,0,0,0,119308
1,1,1,1,996,-2217,-843,17,-6,7,-24,87,139,0,0,0,0,0,0,0,0,0,0,0,0,0,0,0,0,0,0,0,0,0,0,119318
1,1,1,1,1002,-2216,-847,11,-7,5,-23,87,141,0,0,0,0,0,0,0,0,0,0,0,0,0,0,0,0,0,0,0,0,0,0,119328
1,1,1,1,997,-2214,-850,12,-10,2,-24,88,141,0,0,0,0,0,0,0,0,0,0,0,0,0,0,0,0,0,0,0,0,0,0,119338
1,1,1,1,999,-2219,-838,-1,-6,11,-24,88,143,0,0,0,0,0,0,0,0,0,0,0,0,0,0,0,0,0,0,0,0,0,0,119348
1,1,1,1,1000,-2213,-836,-6,-15,9,-23,88,142,0,0,0,0,0,0,0,0,0,0,0,0,0,0,0,0,0,0,0,0,0,0,119358
1,1,1,1,1003,-2196,-851,5,-16,6,-22,88,141,0,0,0,0,0,0,0,0,0,0,0,0,0,0,0,0,0,0,0,0,0,0,119368
1,1,1,1,1007,-2193,-848,17,-12,7,-22,88,142,0,0,0,0,0,0,0,0,0,0,0,0,0,0,0,0,0,0,0,0,0,0,119378
1,1,1,1,1006,-2181,-856,44,-14,2,-23,88,143,0,0,0,0,0,0,0,0,0,0,0,0,0,0,0,0,0,0,0,0,0,0,119388
1,1,1,1,996,-2187,-870,71,-23,-10,-25,88,142,0,0,0,0,0,0,0,0,0,0,0,0,0,0,0,0,0,0,0,0,0,0,119398
1,1,1,1,983,-2201,-866,70,-29,-20,-24,88,143,0,0,0,0,0,0,0,0,0,0,0,0,0,0,0,0,0,0,0,0,0,0,119408
1,1,1,1,994,-2216,-831,44,-16,-15,-21,86,143,0,0,0,0,0,0,0,0,0,0,0,0,0,0,0,0,0,0,0,0,0,0,119418
1,1,1,1,1004,-2227,-829,27,-8,-12,-26,92,145,0,0,0,0,0,0,0,0,0,0,0,0,0,0,0,0,0,0,0,0,0,0,119428
1,1,1,1,1004,-2222,-841,21,-4,-10,-24,86,143,0,0,0,0,0,0,0,0,0,0,0,0,0,0,0,0,0,0,0,0,0,0,119438
1,1,1,1,1014,-2245,-833,4,-8,-7,-24,86,144,0,0,0,0,0,0,0,0,0,0,0,0,0,0,0,0,0,0,0,0,0,0,119448
1,1,1,1,1025,-2229,-825,3,-13,1,-25,87,144,0,0,0,0,0,0,0,0,0,0,0,0,0,0,0,0,0,0,0,0,0,0,119458
1,1,1,1,1022,-2231,-841,10,-21,1,-24,87,142,0,0,0,0,0,0,0,0,0,0,0,0,0,0,0,0,0,0,0,0,0,0,119468
1,1,1,1,1004,-2225,-837,29,-23,-3,-23,84,146,0,0,0,0,0,0,0,0,0,0,0,0,0,0,0,0,0,0,0,0,0,0,119478
1,1,1,1,1000,-2207,-846,52,-29,-5,-22,84,142,0,0,0,0,0,0,0,0,0,0,0,0,0,0,0,0,0,0,0,0,0,0,119488
1,1,1,1,1000,-2211,-839,56,-24,-2,-23,85,143,0,0,0,0,0,0,0,0,0,0,0,0,0,0,0,0,0,0,0,0,0,0,119498
1,1,1,1,1001,-2211,-837,51,-26,-8,-23,89,148,0,0,0,0,0,0,0,0,0,0,0,0,0,0,0,0,0,0,0,0,0,0,119508
1,1,1,1,1002,-2227,-824,27,-27,-3,-22,87,145,0,0,0,0,0,0,0,0,0,0,0,0,0,0,0,0,0,0,0,0,0,0,119518
1,1,1,1,998,-2219,-824,0,-27,-1,-22,87,146,0,0,0,0,0,0,0,0,0,0,0,0,0,0,0,0,0,0,0,0,0,0,119528
1,1,1,1,1001,-2203,-842,1,-23,0,-25,88,144,0,0,0,0,0,0,0,0,0,0,0,0,0,0,0,0,0,0,0,0,0,0,119538
1,1,1,1,992,-2209,-844,12,-19,-2,-25,88,143,0,0,0,0,0,0,0,0,0,0,0,0,0,0,0,0,0,0,0,0,0,0,119548
1,1,1,1,999,-2203,-851,29,-13,-6,-24,87,143,0,0,0,0,0,0,0,0,0,0,0,0,0,0,0,0,0,0,0,0,0,0,119558
1,1,1,1,1011,-2198,-840,48,-13,-8,-24,87,142,0,0,0,0,0,0,0,0,0,0,0,0,0,0,0,0,0,0,0,0,0,0,119568
1,1,1,1,1001,-2200,-841,56,-13,-7,-23,86,142,0,0,0,0,0,0,0,0,0,0,0,0,0,0,0,0,0,0,0,0,0,0,119578
1,1,1,1,1005,-2221,-835,24,-6,-4,-23,86,142,0,0,0,0,0,0,0,0,0,0,0,0,0,0,0,0,0,0,0,0,0,0,119588
1,1,1,1,1004,-2232,-831,1,-16,2,-22,87,143,0,0,0,0,0,0,0,0,0,0,0,0,0,0,0,0,0,0,0,0,0,0,119598
1,1,1,1,1000,-2211,-847,-8,-13,0,-23,87,144,0,0,0,0,0,0,0,0,0,0,0,0,0,0,0,0,0,0,0,0,0,0,119608
1,1,1,1,995,-2205,-855,1,-21,-7,-24,87,143,0,0,0,0,0,0,0,0,0,0,0,0,0,0,0,0,0,0,0,0,0,0,119618
1,1,1,1,1018,-2201,-857,15,-36,-13,-25,87,143,0,0,0,0,0,0,0,0,0,0,0,0,0,0,0,0,0,0,0,0,0,0,119628
1,1,1,1,1003,-2193,-858,27,-38,-12,-26,88,142,0,0,0,0,0,0,0,0,0,0,0,0,0,0,0,0,0,0,0,0,0,0,119638
1,1,1,1,1002,-2207,-834,31,-30,-7,-24,87,142,0,0,0,0,0,0,0,0,0,0,0,0,0,0,0,0,0,0,0,0,0,0,119648
1,1,1,1,998,-2212,-824,16,-22,3,-24,88,141,0,0,0,0,0,0,0,0,0,0,0,0,0,0,0,0,0,0,0,0,0,0,119658
1,1,1,1,994,-2217,-808,9,-15,8,-23,87,142,0,0,0,0,0,0,0,0,0,0,0,0,0,0,0,0,0,0,0,0,0,0,119668
1,1,1,1,988,-2221,-813,8,-6,13,-23,87,143,0,0,0,0,0,0,0,0,0,0,0,0,0,0,0,0,0,0,0,0,0,0,119678
1,1,1,1,990,-2244,-800,-10,5,23,-24,87,143,0,0,0,0,0,0,0,0,0,0,0,0,0,0,0,0,0,0,0,0,0,0,119688
1,1,1,1,993,-2230,-816,-17,10,28,-24,86,143,0,0,0,0,0,0,0,0,0,0,0,0,0,0,0,0,0,0,0,0,0,0,119698
1,1,1,1,989,-2214,-848,-9,14,26,-25,86,142,0,0,0,0,0,0,0,0,0,0,0,0,0,0,0,0,0,0,0,0,0,0,119708
1,1,1,1,1006,-2197,-860,12,3,17,-25,87,142,0,0,0,0,0,0,0,0,0,0,0,0,0,0,0,0,0,0,0,0,0,0,119718
1,1,1,1,1003,-2203,-853,23,0,10,-26,86,141,0,0,0,0,0,0,0,0,0,0,0,0,0,0,0,0,0,0,0,0,0,0,119728
1,1,1,1,1007,-2194,-853,23,-5,1,-26,86,140,0,0,0,0,0,0,0,0,0,0,0,0,0,0,0,0,0,0,0,0,0,0,119738
1,1,1,1,1013,-2197,-838,16,-5,2,-26,87,142,0,0,0,0,0,0,0,0,0,0,0,0,0,0,0,0,0,0,0,0,0,0,119748
1,1,1,1,1007,-2204,-835,4,-16,2,-22,83,141,0,0,0,0,0,0,0,0,0,0,0,0,0,0,0,0,0,0,0,0,0,0,119758
1,1,1,1,999,-2208,-837,12,-21,-5,-25,88,141,0,0,0,0,0,0,0,0,0,0,0,0,0,0,0,0,0,0,0,0,0,0,119768
1,1,1,1,993,-2198,-846,36,-24,-16,-24,88,143,0,0,0,0,0,0,0,0,0,0,0,0,0,0,0,0,0,0,0,0,0,0,119778
1,1,1,1,988,-2217,-842,36,-25,-16,-23,86,143,0,0,0,0,0,0,0,0,0,0,0,0,0,0,0,0,0,0,0,0,0,0,119788
1,1,1,1,1004,-2231,-829,23,-21,-12,-24,89,144,0,0,0,0,0,0,0,0,0,0,0,0,0,0,0,0,0,0,0,0,0,0,119798
1,1,1,1,1007,-2220,-824,18,-12,-1,-21,87,146,0,0,0,0,0,0,0,0,0,0,0,0,0,0,0,0,0,0,0,0,0,0,119808
1,1,1,1,1006,-2200,-824,28,-8,13,-20,86,145,0,0,0,0,0,0,0,0,0,0,0,0,0,0,0,0,0,0,0,0,0,0,119818
1,1,1,1,998,-2219,-836,27,2,21,-23,87,144,0,0,0,0,0,0,0,0,0,0,0,0,0,0,0,0,0,0,0,0,0,0,119828
1,1,1,1,995,-2233,-821,6,10,26,-22,87,143,0,0,0,0,0,0,0,0,0,0,0,0,0,0,0,0,0,0,0,0,0,0,119838
1,1,1,1,998,-2222,-837,-9,8,23,-22,86,145,0,0,0,0,0,0,0,0,0,0,0,0,0,0,0,0,0,0,0,0,0,0,119848
1,1,1,1,997,-2208,-848,5,9,17,-21,86,143,0,0,0,0,0,0,0,0,0,0,0,0,0,0,0,0,0,0,0,0,0,0,119858
1,1,1,1,1004,-2213,-837,18,1,6,-22,86,141,0,0,0,0,0,0,0,0,0,0,0,0,0,0,0,0,0,0,0,0,0,0,119868
1,1,1,1,1014,-2189,-834,31,1,6,-23,86,141,0,0,0,0,0,0,0,0,0,0,0,0,0,0,0,0,0,0,0,0,0,0,119878
1,1,1,1,1020,-2196,-835,27,-7,7,-21,87,140,0,0,0,0,0,0,0,0,0,0,0,0,0,0,0,0,0,0,0,0,0,0,119888
1,1,1,1,1010,-2212,-826,9,-13,5,-22,86,141,0,0,0,0,0,0,0,0,0,0,0,0,0,0,0,0,0,0,0,0,0,0,119898
1,1,1,1,998,-2204,-830,8,-21,0,-22,86,141,0,0,0,0,0,0,0,0,0,0,0,0,0,0,0,0,0,0,0,0,0,0,119908
1,1,1,1,994,-2220,-831,14,-11,1,-25,87,143,0,0,0,0,0,0,0,0,0,0,0,0,0,0,0,0,0,0,0,0,0,0,119918
1,1,1,1,1000,-2218,-838,19,-8,-2,-23,86,142,0,0,0,0,0,0,0,0,0,0,0,0,0,0,0,0,0,0,0,0,0,0,119928
1,1,1,1,1001,-2226,-835,11,-7,3,-26,87,143,0,0,0,0,0,0,0,0,0,0,0,0,0,0,0,0,0,0,0,0,0,0,119938
1,1,1,1,1012,-2223,-838,1,-2,8,-23,86,143,0,0,0,0,0,0,0,0,0,0,0,0,0,0,0,0,0,0,0,0,0,0,119948
1,1,1,1,1011,-2208,-851,8,1,9,-25,87,143,0,0,0,0,0,0,0,0,0,0,0,0,0,0,0,0,0,0,0,0,0,0,119958
1,1,1,1,1008,-2203,-847,13,-5,12,-22,87,144,0,0,0,0,0,0,0,0,0,0,0,0,0,0,0,0,0,0,0,0,0,0,119968
1,1,1,1,1011,-2212,-838,15,-7,13,-22,87,144,0,0,0,0,0,0,0,0,0,0,0,0,0,0,0,0,0,0,0,0,0,0,119978
1,1,1,1,1006,-2216,-835,18,-9,12,-19,86,145,0,0,0,0,0,0,0,0,0,0,0,0,0,0,0,0,0,0,0,0,0,0,119988
1,1,1,1,1005,-2213,-835,17,-10,4,-24,87,144,0,0,0,0,0,0,0,0,0,0,0,0,0,0,0,0,0,0,0,0,0,0,119998
1,1,1,1,999,-2211,-826,6,-18,1,-24,88,144,0,0,0,0,0,0,0,0,0,0,0,0,0,0,0,0,0,0,0,0,0,0,120008
1,1,1,1,1001,-2206,-830,2,-7,7,-22,86,144,0,0,0,0,0,0,0,0,0,0,0,0,0,0,0,0,0,0,0,0,0,0,120018
1,1,1,1,1009,-2221,-830,8,0,2,-20,86,142,0,0,0,0,0,0,0,0,0,0,0,0,0,0,0,0,0,0,0,0,0,0,120028
1,1,1,1,1005,-2227,-839,6,-10,-8,-25,83,142,0,0,0,0,0,0,0,0,0,0,0,0,0,0,0,0,0,0,0,0,0,0,120038
1,1,1,1,1009,-2221,-833,12,-5,-13,-25,85,138,0,0,0,0,0,0,0,0,0,0,0,0,0,0,0,0,0,0,0,0,0,0,120048
1,1,1,1,1001,-2233,-826,-6,-7,-9,-25,87,141,0,0,0,0,0,0,0,0,0,0,0,0,0,0,0,0,0,0,0,0,0,0,120058
1,1,1,1,997,-2226,-827,-3,-4,-2,-25,90,141,0,0,0,0,0,0,0,0,0,0,0,0,0,0,0,0,0,0,0,0,0,0,120078
1,1,1,1,1009,-2218,-830,10,-11,-4,-24,87,141,0,0,0,0,0,0,0,0,0,0,0,0,0,0,0,0,0,0,0,0,0,0,120088
1,1,1,1,1022,-2211,-827,9,-3,4,-23,85,141,0,0,0,0,0,0,0,0,0,0,0,0,0,0,0,0,0,0,0,0,0,0,120098
1,1,1,1,1025,-2222,-828,-1,-5,6,-24,87,144,0,0,0,0,0,0,0,0,0,0,0,0,0,0,0,0,0,0,0,0,0,0,120108
1,1,1,1,1016,-2212,-851,-3,-10,10,-25,87,145,0,0,0,0,0,0,0,0,0,0,0,0,0,0,0,0,0,0,0,0,0,0,120118
1,1,1,1,1017,-2212,-849,-2,-7,8,-23,85,146,0,0,0,0,0,0,0,0,0,0,0,0,0,0,0,0,0,0,0,0,0,0,120128
1,1,1,1,1019,-2220,-845,5,-5,7,-26,87,147,0,0,0,0,0,0,0,0,0,0,0,0,0,0,0,0,0,0,0,0,0,0,120138
1,1,1,1,1013,-2216,-842,12,-17,-1,-25,86,147,0,0,0,0,0,0,0,0,0,0,0,0,0,0,0,0,0,0,0,0,0,0,120148
1,1,1,1,1020,-2217,-840,18,-20,-8,-26,86,146,0,0,0,0,0,0,0,0,0,0,0,0,0,0,0,0,0,0,0,0,0,0,120158
1,1,1,1,1047,-2205,-840,34,-4,-9,-26,86,140,0,0,0,0,0,0,0,0,0,0,0,0,0,0,0,0,0,0,0,0,0,0,120168
1,1,1,1,1047,-2205,-836,55,3,-14,-24,87,140,0,0,0,0,0,0,0,0,0,0,0,0,0,0,0,0,0,0,0,0,0,0,120178
1,1,1,1,1052,-2209,-821,72,15,-13,-23,87,139,0,0,0,0,0,0,0,0,0,0,0,0,0,0,0,0,0,0,0,0,0,0,120188
1,1,1,1,1055,-2229,-792,46,26,2,-24,86,137,0,0,0,0,0,0,0,0,0,0,0,0,0,0,0,0,0,0,0,0,0,0,120198
1,1,1,1,1055,-2229,-792,3,24,19,-23,88,139,0,0,0,0,0,0,0,0,0,0,0,0,0,0,0,0,0,0,0,0,0,0,120208
1,1,1,1,986,-2254,-812,-4,32,18,-24,86,139,0,0,0,0,0,0,0,0,0,0,0,0,0,0,0,0,0,0,0,0,0,0,120218
1,1,1,1,994,-2271,-807,-13,43,10,-24,86,141,0,0,0,0,0,0,0,0,0,0,0,0,0,0,0,0,0,0,0,0,0,0,120228
1,1,1,1,1005,-2263,-808,-15,54,16,-26,87,137,0,0,0,0,0,0,0,0,0,0,0,0,0,0,0,0,0,0,0,0,0,0,120238
1,1,1,1,1028,-2251,-811,4,74,19,-26,86,137,0,0,0,0,0,0,0,0,0,0,0,0,0,0,0,0,0,0,0,0,0,0,120248
1,1,1,1,1028,-2256,-838,26,87,13,-26,86,138,0,0,0,0,0,0,0,0,0,0,0,0,0,0,0,0,0,0,0,0,0,0,120258
1,1,1,1,1048,-2239,-847,61,87,-2,-23,85,137,0,0,0,0,0,0,0,0,0,0,0,0,0,0,0,0,0,0,0,0,0,0,120268
1,1,1,1,1061,-2216,-861,93,100,-16,-22,86,135,0,0,0,0,0,0,0,0,0,0,0,0,0,0,0,0,0,0,0,0,0,0,120278
1,1,1,1,1067,-2190,-865,140,100,-31,-19,84,131,0,0,0,0,0,0,0,0,0,0,0,0,0,0,0,0,0,0,0,0,0,0,120288
1,1,1,1,1031,-2189,-882,194,109,-65,-20,84,126,0,0,0,0,0,0,0,0,0,0,0,0,0,0,0,0,0,0,0,0,0,0,120298
1,1,1,1,1014,-2194,-885,212,169,-99,-20,83,122,0,0,0,0,0,0,0,0,0,0,0,0,0,0,0,0,0,0,0,0,0,0,120308
1,1,1,1,1016,-2253,-825,146,240,-129,-20,81,118,0,0,0,0,0,0,0,0,0,0,0,0,0,0,0,0,0,0,0,0,0,0,120318
1,1,1,1,1027,-2266,-771,67,275,-167,-18,79,113,0,0,0,0,0,0,0,0,0,0,0,0,0,0,0,0,0,0,0,0,0,0,120328
1,1,1,1,1079,-2162,-774,88,256,-206,-18,80,108,0,0,0,0,0,0,0,0,0,0,0,0,0,0,0,0,0,0,0,0,0,0,120338
1,1,1,1,1090,-2121,-795,101,180,-246,-22,78,108,0,0,0,0,0,0,0,0,0,0,0,0,0,0,0,0,0,0,0,0,0,0,120348
1,1,1,1,981,-2119,-819,62,156,-307,-22,78,107,0,0,0,0,0,0,0,0,0,0,0,0,0,0,0,0,0,0,0,0,0,0,120358
1,1,1,1,976,-2021,-860,179,136,-374,-21,71,101,0,0,0,0,0,0,0,0,0,0,0,0,0,0,0,0,0,0,0,0,0,0,120368
1,1,1,1,1053,-1928,-930,395,93,-448,-20,72,101,0,0,0,0,0,0,0,0,0,0,0,0,0,0,0,0,0,0,0,0,0,0,120378
1,1,1,1,1023,-1888,-968,646,123,-548,-18,66,97,0,0,0,0,0,0,0,0,0,0,0,0,0,0,0,0,0,0,0,0,0,0,120388
1,1,1,1,973,-1905,-948,854,210,-620,-19,60,90,0,0,0,0,0,0,0,0,0,0,0,0,0,0,0,0,0,0,0,0,0,0,120398
1,1,1,1,993,-2160,-801,692,382,-600,-19,58,83,0,0,0,0,0,0,0,0,0,0,0,0,0,0,0,0,0,0,0,0,0,0,120408
1,1,1,1,939,-2192,-584,637,567,-598,-16,56,77,0,0,0,0,0,0,0,0,0,0,0,0,0,0,0,0,0,0,0,0,0,0,120418
1,1,1,1,1030,-2148,-506,637,607,-589,-17,53,73,0,0,0,0,0,0,0,0,0,0,0,0,0,0,0,0,0,0,0,0,0,0,120428
1,1,1,1,1046,-2254,-496,481,596,-563,-15,50,71,0,0,0,0,0,0,0,0,0,0,0,0,0,0,0,0,0,0,0,0,0,0,120438
1,1,1,1,981,-2144,-466,537,569,-627,-16,49,65,0,0,0,0,0,0,0,0,0,0,0,0,0,0,0,0,0,0,0,0,0,0,120448
1,1,1,1,1157,-2056,-436,748,359,-666,-18,46,62,0,0,0,0,0,0,0,0,0,0,0,0,0,0,0,0,0,0,0,0,0,0,120458
1,1,1,1,1182,-2134,-299,756,-48,-740,-18,42,56,0,0,0,0,0,0,0,0,0,0,0,0,0,0,0,0,0,0,0,0,0,0,120468
1,1,1,1,1058,-2261,-403,748,-326,-916,-16,39,57,0,0,0,0,0,0,0,0,0,0,0,0,0,0,0,0,0,0,0,0,0,0,120478
1,1,1,1,969,-2424,-636,890,-381,-1384,-14,35,59,0,0,0,0,0,0,0,0,0,0,0,0,0,0,0,0,0,0,0,0,0,0,120488
1,1,1,1,826,-2376,-777,1117,-250,-1952,-12,33,55,0,0,0,0,0,0,0,0,0,0,0,0,0,0,0,0,0,0,0,0,0,0,120498
1,1,1,1,955,-2197,-980,1084,141,-1926,-37,-32,-61,0,0,0,0,0,0,0,0,0,0,0,0,0,0,0,0,0,0,0,0,0,0,120508
1,1,1,1,1185,-1060,-1051,623,966,-151,-16,4,15,0,0,0,0,0,0,0,0,0,0,0,0,0,0,0,0,0,0,0,0,0,0,120518
1,1,1,1,807,-2756,-1093,943,1737,-853,-23,6,1,0,0,0,0,0,0,0,0,0,0,0,0,0,0,0,0,0,0,0,0,0,0,120528
1,1,1,1,985,-2019,-692,962,1877,-740,-18,11,19,0,0,0,0,0,0,0,0,0,0,0,0,0,0,0,0,0,0,0,0,0,0,120538
1,1,1,1,837,-2299,-424,1084,1769,-1114,-17,12,18,0,0,0,0,0,0,0,0,0,0,0,0,0,0,0,0,0,0,0,0,0,0,120548
1,1,1,1,1290,-1880,-167,985,1200,-937,-19,12,2,0,0,0,0,0,0,0,0,0,0,0,0,0,0,0,0,0,0,0,0,0,0,120558
1,1,1,1,1556,-1367,90,814,541,-444,-14,16,26,0,0,0,0,0,0,0,0,0,0,0,0,0,0,0,0,0,0,0,0,0,0,120568
1,1,1,1,1394,-2132,-467,1339,686,-853,-18,17,17,0,0,0,0,0,0,0,0,0,0,0,0,0,0,0,0,0,0,0,0,0,0,120578
1,1,1,1,1165,-1901,-50,1034,568,-772,-17,17,12,0,0,0,0,0,0,0,0,0,0,0,0,0,0,0,0,0,0,0,0,0,0,120588
1,1,1,1,1244,-1716,-114,837,544,-444,-15,16,13,0,0,0,0,0,0,0,0,0,0,0,0,0,0,0,0,0,0,0,0,0,0,120598
1,1,1,1,1312,-1681,-237,939,763,-187,-16,14,12,0,0,0,0,0,0,0,0,0,0,0,0,0,0,0,0,0,0,0,0,0,0,120608
1,1,1,1,1160,-1734,-317,1032,1169,88,-16,13,8,0,0,0,0,0,0,0,0,0,0,0,0,0,0,0,0,0,0,0,0,0,0,120618
1,1,1,1,1083,-1835,-326,1109,1586,296,-13,10,9,0,0,0,0,0,0,0,0,0,0,0,0,0,0,0,0,0,0,0,0,0,0,120628
1,1,1,1,1027,-2080,-304,1098,1801,238,-17,13,14,0,0,0,0,0,0,0,0,0,0,0,0,0,0,0,0,0,0,0,0,0,0,120638
1,1,1,1,1089,-2440,-251,840,1814,-65,-19,16,21,0,0,0,0,0,0,0,0,0,0,0,0,0,0,0,0,0,0,0,0,0,0,120648
1,1,1,1,1126,-2437,-78,804,1712,-563,-14,15,24,0,0,0,0,0,0,0,0,0,0,0,0,0,0,0,0,0,0,0,0,0,0,120658
1,1,1,1,1282,-2235,96,1076,1508,-1117,-14,16,25,0,0,0,0,0,0,0,0,0,0,0,0,0,0,0,0,0,0,0,0,0,0,120668
1,1,1,1,1535,-1919,259,1289,963,-1736,-15,19,31,0,0,0,0,0,0,0,0,0,0,0,0,0,0,0,0,0,0,0,0,0,0,120688
1,1,1,1,1555,-1798,280,1396,825,-1903,-12,19,31,0,0,0,0,0,0,0,0,0,0,0,0,0,0,0,0,0,0,0,0,0,0,120698
1,1,1,1,1484,-1729,282,1536,960,-2056,-11,18,34,0,0,0,0,0,0,0,0,0,0,0,0,0,0,0,0,0,0,0,0,0,0,120708
1,1,1,1,1346,-1665,202,1696,1309,-2250,-10,16,35,0,0,0,0,0,0,0,0,0,0,0,0,0,0,0,0,0,0,0,0,0,0,120718
1,1,1,1,1197,-1770,140,1647,1620,-2398,-15,16,36,0,0,0,0,0,0,0,0,0,0,0,0,0,0,0,0,0,0,0,0,0,0,120728
1,1,1,1,1121,-1795,247,1376,1941,-2549,-12,15,40,0,0,0,0,0,0,0,0,0,0,0,0,0,0,0,0,0,0,0,0,0,0,120738
1,1,1,1,1172,-1588,370,1550,2155,-2822,-13,16,42,0,0,0,0,0,0,0,0,0,0,0,0,0,0,0,0,0,0,0,0,0,0,120748
1,1,1,1,1408,-1579,423,1706,2227,-3166,-10,17,41,0,0,0,0,0,0,0,0,0,0,0,0,0,0,0,0,0,0,0,0,0,0,120758
1,1,1,1,1710,-1469,573,1776,2060,-3363,-8,18,43,0,0,0,0,0,0,0,0,0,0,0,0,0,0,0,0,0,0,0,0,0,0,120768
1,1,1,1,1744,-1241,669,1830,1709,-3472,-8,19,40,0,0,0,0,0,0,0,0,0,0,0,0,0,0,0,0,0,0,0,0,0,0,120778
1,1,1,1,1822,-950,664,2104,1300,-3522,-8,19,41,0,0,0,0,0,0,0,0,0,0,0,0,0,0,0,0,0,0,0,0,0,0,120788
1,1,1,1,1919,-760,653,2350,968,-3514,-5,18,40,0,0,0,0,0,0,0,0,0,0,0,0,0,0,0,0,0,0,0,0,0,0,120798
1,1,1,1,1682,-715,564,2567,799,-3608,-6,18,44,0,0,0,0,0,0,0,0,0,0,0,0,0,0,0,0,0,0,0,0,0,0,120808
1,1,1,1,1498,-1027,492,2463,770,-3775,-13,17,45,0,0,0,0,0,0,0,0,0,0,0,0,0,0,0,0,0,0,0,0,0,0,120818
1,1,1,1,1372,-1278,545,1884,899,-4019,-14,17,52,0,0,0,0,0,0,0,0,0,0,0,0,0,0,0,0,0,0,0,0,0,0,120828
1,1,1,1,1233,-1162,570,1588,1134,-4532,-10,17,56,0,0,0,0,0,0,0,0,0,0,0,0,0,0,0,0,0,0,0,0,0,0,120838
1,1,1,1,1189,-997,550,1761,1377,-5244,-13,18,58,0,0,0,0,0,0,0,0,0,0,0,0,0,0,0,0,0,0,0,0,0,0,120848
1,1,1,1,1284,-968,443,1728,1533,-5919,-10,16,64,0,0,0,0,0,0,0,0,0,0,0,0,0,0,0,0,0,0,0,0,0,0,120858
1,1,1,1,1384,-651,389,2024,1589,-6550,-3,18,63,0,0,0,0,0,0,0,0,0,0,0,0,0,0,0,0,0,0,0,0,0,0,120868
1,1,1,1,1725,-389,510,2586,1532,-6959,-9,19,63,0,0,0,0,0,0,0,0,0,0,0,0,0,0,0,0,0,0,0,0,0,0,120878
1,1,1,1,2049,82,921,2935,1099,-7619,-7,19,62,0,0,0,0,0,0,0,0,0,0,0,0,0,0,0,0,0,0,0,0,0,0,120898
1,1,1,1,1602,692,1020,3142,720,-7620,-8,21,52,0,0,0,0,0,0,0,0,0,0,0,0,0,0,0,0,0,0,0,0,0,0,120908
1,1,1,1,1232,960,1026,2755,275,-7092,-14,20,46,0,0,0,0,0,0,0,0,0,0,0,0,0,0,0,0,0,0,0,0,0,0,120918
1,1,1,1,1083,960,1033,2252,-56,-6224,-16,22,41,0,0,0,0,0,0,0,0,0,0,0,0,0,0,0,0,0,0,0,0,0,0,120928
1,1,1,1,1077,874,917,1468,-277,-5310,-20,18,39,0,0,0,0,0,0,0,0,0,0,0,0,0,0,0,0,0,0,0,0,0,0,120938
1,1,1,1,1174,791,765,609,-295,-4501,-22,21,33,0,0,0,0,0,0,0,0,0,0,0,0,0,0,0,0,0,0,0,0,0,0,120948
1,1,1,1,1317,821,610,95,-120,-3911,-20,22,37,0,0,0,0,0,0,0,0,0,0,0,0,0,0,0,0,0,0,0,0,0,0,120958
1,1,1,1,1549,962,554,16,98,-3561,-16,19,34,0,0,0,0,0,0,0,0,0,0,0,0,0,0,0,0,0,0,0,0,0,0,120968
1,1,1,1,1773,1150,594,254,223,-3327,-16,19,34,0,0,0,0,0,0,0,0,0,0,0,0,0,0,0,0,0,0,0,0,0,0,120978
1,1,1,1,1688,1284,674,520,92,-3102,-11,21,31,0,0,0,0,0,0,0,0,0,0,0,0,0,0,0,0,0,0,0,0,0,0,120988
1,1,1,1,1503,1442,771,978,-247,-2925,-8,22,34,0,0,0,0,0,0,0,0,0,0,0,0,0,0,0,0,0,0,0,0,0,0,120998
1,1,1,1,1417,1482,893,1704,-675,-2855,-4,25,33,0,0,0,0,0,0,0,0,0,0,0,0,0,0,0,0,0,0,0,0,0,0,121008
1,1,1,1,1233,1308,896,2338,-1074,-2794,-3,20,32,0,0,0,0,0,0,0,0,0,0,0,0,0,0,0,0,0,0,0,0,0,0,121018
1,1,1,1,947,1097,858,2447,-1252,-2753,-6,21,32,0,0,0,0,0,0,0,0,0,0,0,0,0,0,0,0,0,0,0,0,0,0,121028
1,1,1,1,832,919,775,2297,-1322,-2697,-10,20,31,0,0,0,0,0,0,0,0,0,0,0,0,0,0,0,0,0,0,0,0,0,0,121038
1,1,1,1,873,856,492,1991,-1273,-2566,-6,20,27,0,0,0,0,0,0,0,0,0,0,0,0,0,0,0,0,0,0,0,0,0,0,121048
1,1,1,1,1036,1220,254,2372,-1135,-2372,2,20,30,0,0,0,0,0,0,0,0,0,0,0,0,0,0,0,0,0,0,0,0,0,0,121058
1,1,1,1,1007,1267,94,3996,-1020,-2341,-2,20,31,0,0,0,0,0,0,0,0,0,0,0,0,0,0,0,0,0,0,0,0,0,0,121068
1,1,1,1,840,959,-247,4176,-940,-2454,-21,18,28,0,0,0,0,0,0,0,0,0,0,0,0,0,0,0,0,0,0,0,0,0,0,121078
1,1,1,1,1003,736,243,2145,-596,-2263,-14,19,19,0,0,0,0,0,0,0,0,0,0,0,0,0,0,0,0,0,0,0,0,0,0,121088
1,1,1,1,1053,1247,130,1365,-488,-1637,-10,20,18,0,0,0,0,0,0,0,0,0,0,0,0,0,0,0,0,0,0,0,0,0,0,121098
1,1,1,1,1198,1672,52,1415,-763,-1085,-13,21,16,0,0,0,0,0,0,0,0,0,0,0,0,0,0,0,0,0,0,0,0,0,0,121108
1,1,1,1,1226,1463,174,1131,-1059,-748,-13,21,16,0,0,0,0,0,0,0,0,0,0,0,0,0,0,0,0,0,0,0,0,0,0,121118
1,1,1,1,1154,1267,344,891,-1425,-564,-15,22,18,0,0,0,0,0,0,0,0,0,0,0,0,0,0,0,0,0,0,0,0,0,0,121128
1,1,1,1,954,1215,514,894,-1783,-585,-19,22,19,0,0,0,0,0,0,0,0,0,0,0,0,0,0,0,0,0,0,0,0,0,0,121138
1,1,1,1,750,1045,603,468,-2061,-702,-27,22,22,0,0,0,0,0,0,0,0,0,0,0,0,0,0,0,0,0,0,0,0,0,0,121148
1,1,1,1,594,974,470,-320,-2197,-849,-31,21,22,0,0,0,0,0,0,0,0,0,0,0,0,0,0,0,0,0,0,0,0,0,0,121158
1,1,1,1,596,949,182,-1316,-2135,-945,-26,19,21,0,0,0,0,0,0,0,0,0,0,0,0,0,0,0,0,0,0,0,0,0,0,121168
1,1,1,1,734,1131,-115,-1691,-1938,-962,-24,19,20,0,0,0,0,0,0,0,0,0,0,0,0,0,0,0,0,0,0,0,0,0,0,121178
1,1,1,1,820,1263,-380,-1597,-1491,-947,-18,18,20,0,0,0,0,0,0,0,0,0,0,0,0,0,0,0,0,0,0,0,0,0,0,121188
1,1,1,1,814,1304,-541,-1157,-952,-909,-19,18,21,0,0,0,0,0,0,0,0,0,0,0,0,0,0,0,0,0,0,0,0,0,0,121198
1,1,1,1,889,1375,-507,-883,-491,-895,-22,15,19,0,0,0,0,0,0,0,0,0,0,0,0,0,0,0,0,0,0,0,0,0,0,121208
1,1,1,1,938,1473,-337,-771,-231,-927,-17,18,21,0,0,0,0,0,0,0,0,0,0,0,0,0,0,0,0,0,0,0,0,0,0,121218
1,1,1,1,637,1639,118,40,-140,-933,-6,20,25,0,0,0,0,0,0,0,0,0,0,0,0,0,0,0,0,0,0,0,0,0,0,121228
1,1,1,1,446,1441,404,1182,-197,-865,-17,25,22,0,0,0,0,0,0,0,0,0,0,0,0,0,0,0,0,0,0,0,0,0,0,121238
1,1,1,1,827,1210,231,1014,-429,-862,-16,21,22,0,0,0,0,0,0,0,0,0,0,0,0,0,0,0,0,0,0,0,0,0,0,121248
1,1,1,1,920,1449,147,900,-556,-869,-12,23,22,0,0,0,0,0,0,0,0,0,0,0,0,0,0,0,0,0,0,0,0,0,0,121258
1,1,1,1,817,1770,-8,1537,-522,-654,-6,19,16,0,0,0,0,0,0,0,0,0,0,0,0,0,0,0,0,0,0,0,0,0,0,121268
1,1,1,1,741,1871,-137,1942,-417,-304,-11,13,10,0,0,0,0,0,0,0,0,0,0,0,0,0,0,0,0,0,0,0,0,0,0,121278
1,1,1,1,767,1771,-227,1330,-280,-65,-12,17,15,0,0,0,0,0,0,0,0,0,0,0,0,0,0,0,0,0,0,0,0,0,0,121288
1,1,1,1,912,1655,-318,1268,-268,-59,-9,19,19,0,0,0,0,0,0,0,0,0,0,0,0,0,0,0,0,0,0,0,0,0,0,121298
1,1,1,1,1016,1608,-243,1581,-325,-210,-5,18,17,0,0,0,0,0,0,0,0,0,0,0,0,0,0,0,0,0,0,0,0,0,0,121308
1,1,1,1,808,1789,-183,2018,-427,-316,-3,20,20,0,0,0,0,0,0,0,0,0,0,0,0,0,0,0,0,0,0,0,0,0,0,121318
1,1,1,1,592,1691,-50,2487,-509,-273,0,20,16,0,0,0,0,0,0,0,0,0,0,0,0,0,0,0,0,0,0,0,0,0,0,121328
1,1,1,1,538,1752,-147,3313,-526,-107,-3,19,15,0,0,0,0,0,0,0,0,0,0,0,0,0,0,0,0,0,0,0,0,0,0,121338
1,1,1,1,552,1707,-274,3691,-361,70,-11,18,14,0,0,0,0,0,0,0,0,0,0,0,0,0,0,0,0,0,0,0,0,0,0,121348
1,1,1,1,645,1631,-340,3051,11,122,-9,17,18,0,0,0,0,0,0,0,0,0,0,0,0,0,0,0,0,0,0,0,0,0,0,121358
1,1,1,1,830,1613,-230,2670,361,65,-3,18,14,0,0,0,0,0,0,0,0,0,0,0,0,0,0,0,0,0,0,0,0,0,0,121368
1,1,1,1,889,1724,-300,3122,441,80,-3,19,11,0,0,0,0,0,0,0,0,0,0,0,0,0,0,0,0,0,0,0,0,0,0,121378
1,1,1,1,830,1727,-451,3340,273,284,-9,19,7,0,0,0,0,0,0,0,0,0,0,0,0,0,0,0,0,0,0,0,0,0,0,121388
1,1,1,1,788,1606,-542,2879,3,594,-17,19,8,0,0,0,0,0,0,0,0,0,0,0,0,0,0,0,0,0,0,0,0,0,0,121398
1,1,1,1,788,1606,-542,1791,-153,794,-13,18,12,0,0,0,0,0,0,0,0,0,0,0,0,0,0,0,0,0,0,0,0,0,0,121408
1,1,1,1,618,1553,-585,1139,-204,721,-11,18,16,0,0,0,0,0,0,0,0,0,0,0,0,0,0,0,0,0,0,0,0,0,0,121418
1,1,1,1,498,1472,-728,1007,-293,385,-13,20,17,0,0,0,0,0,0,0,0,0,0,0,0,0,0,0,0,0,0,0,0,0,0,121428
1,1,1,1,523,1296,-883,962,-522,4,-12,19,17,0,0,0,0,0,0,0,0,0,0,0,0,0,0,0,0,0,0,0,0,0,0,121438
1,1,1,1,506,1207,-977,1114,-706,-219,-11,19,17,0,0,0,0,0,0,0,0,0,0,0,0,0,0,0,0,0,0,0,0,0,0,121448
1,1,1,1,543,1275,-969,1415,-663,-280,-12,19,16,0,0,0,0,0,0,0,0,0,0,0,0,0,0,0,0,0,0,0,0,0,0,121458
1,1,1,1,635,1343,-1087,1518,-440,-313,-11,18,17,0,0,0,0,0,0,0,0,0,0,0,0,0,0,0,0,0,0,0,0,0,0,121468
1,1,1,1,771,1341,-1125,1536,-222,-288,-11,19,14,0,0,0,0,0,0,0,0,0,0,0,0,0,0,0,0,0,0,0,0,0,0,121478
1,1,1,1,778,1416,-1029,1617,-185,-184,-9,20,14,0,0,0,0,0,0,0,0,0,0,0,0,0,0,0,0,0,0,0,0,0,0,121488
1,1,1,1,679,1416,-863,1742,-341,13,-15,20,15,0,0,0,0,0,0,0,0,0,0,0,0,0,0,0,0,0,0,0,0,0,0,121498
1,1,1,1,664,1300,-765,1585,-611,156,-18,19,16,0,0,0,0,0,0,0,0,0,0,0,0,0,0,0,0,0,0,0,0,0,0,121508
1,1,1,1,656,1120,-850,950,-685,120,-22,19,18,0,0,0,0,0,0,0,0,0,0,0,0,0,0,0,0,0,0,0,0,0,0,121518
1,1,1,1,552,1084,-998,393,-508,-70,-21,18,19,0,0,0,0,0,0,0,0,0,0,0,0,0,0,0,0,0,0,0,0,0,0,121528
1,1,1,1,483,1082,-1124,241,-288,-303,-14,16,21,0,0,0,0,0,0,0,0,0,0,0,0,0,0,0,0,0,0,0,0,0,0,121538
1,1,1,1,452,1126,-1174,505,-240,-563,-14,21,24,0,0,0,0,0,0,0,0,0,0,0,0,0,0,0,0,0,0,0,0,0,0,121548
1,1,1,1,503,1136,-1200,934,-369,-827,-11,16,21,0,0,0,0,0,0,0,0,0,0,0,0,0,0,0,0,0,0,0,0,0,0,121558
1,1,1,1,642,1171,-1231,1145,-466,-906,-19,21,23,0,0,0,0,0,0,0,0,0,0,0,0,0,0,0,0,0,0,0,0,0,0,121568
1,1,1,1,744,1214,-1179,877,-433,-817,-23,20,19,0,0,0,0,0,0,0,0,0,0,0,0,0,0,0,0,0,0,0,0,0,0,121578
1,1,1,1,767,1289,-1092,221,-292,-673,-23,20,16,0,0,0,0,0,0,0,0,0,0,0,0,0,0,0,0,0,0,0,0,0,0,121588
1,1,1,1,674,1390,-1122,-370,-134,-476,-19,17,13,0,0,0,0,0,0,0,0,0,0,0,0,0,0,0,0,0,0,0,0,0,0,121598
1,1,1,1,28,1621,-1213,-200,-57,-175,-13,19,15,0,0,0,0,0,0,0,0,0,0,0,0,0,0,0,0,0,0,0,0,0,0,121608
1,1,1,1,605,1498,-1461,31,59,-147,-26,17,17,0,0,0,0,0,0,0,0,0,0,0,0,0,0,0,0,0,0,0,0,0,0,121618
1,1,1,1,829,1126,-1252,-700,271,-301,-22,19,16,0,0,0,0,0,0,0,0,0,0,0,0,0,0,0,0,0,0,0,0,0,0,121628
1,1,1,1,885,1133,-1161,-609,336,-369,-19,19,19,0,0,0,0,0,0,0,0,0,0,0,0,0,0,0,0,0,0,0,0,0,0,121638
1,1,1,1,673,1110,-1117,-608,179,-496,-21,18,18,0,0,0,0,0,0,0,0,0,0,0,0,0,0,0,0,0,0,0,0,0,0,121648
1,1,1,1,526,1307,-843,-777,3,-601,-23,18,19,0,0,0,0,0,0,0,0,0,0,0,0,0,0,0,0,0,0,0,0,0,0,121658
1,1,1,1,502,1447,-669,-959,-108,-624,-25,19,16,0,0,0,0,0,0,0,0,0,0,0,0,0,0,0,0,0,0,0,0,0,0,121668
1,1,1,1,562,1482,-696,-1303,-231,-552,-25,20,16,0,0,0,0,0,0,0,0,0,0,0,0,0,0,0,0,0,0,0,0,0,0,121678
1,1,1,1,576,1500,-777,-1489,-328,-439,-24,19,15,0,0,0,0,0,0,0,0,0,0,0,0,0,0,0,0,0,0,0,0,0,0,121688
1,1,1,1,484,1483,-935,-1498,-343,-370,-25,18,16,0,0,0,0,0,0,0,0,0,0,0,0,0,0,0,0,0,0,0,0,0,0,121698
1,1,1,1,385,1343,-1133,-1702,-192,-350,-24,18,15,0,0,0,0,0,0,0,0,0,0,0,0,0,0,0,0,0,0,0,0,0,0,121708
1,1,1,1,416,1242,-1046,-1803,16,-417,-27,18,18,0,0,0,0,0,0,0,0,0,0,0,0,0,0,0,0,0,0,0,0,0,0,121718
1,1,1,1,436,1302,-906,-1927,91,-566,-26,18,20,0,0,0,0,0,0,0,0,0,0,0,0,0,0,0,0,0,0,0,0,0,0,121728
1,1,1,1,315,1379,-764,-2053,125,-708,-28,18,17,0,0,0,0,0,0,0,0,0,0,0,0,0,0,0,0,0,0,0,0,0,0,121738
1,1,1,1,343,1355,-658,-2328,126,-825,-30,19,17,0,0,0,0,0,0,0,0,0,0,0,0,0,0,0,0,0,0,0,0,0,0,121748
1,1,1,1,353,1516,-619,-2540,105,-955,-29,18,18,0,0,0,0,0,0,0,0,0,0,0,0,0,0,0,0,0,0,0,0,0,0,121758
1,1,1,1,381,1525,-528,-2656,70,-1060,-31,18,21,0,0,0,0,0,0,0,0,0,0,0,0,0,0,0,0,0,0,0,0,0,0,121768
1,1,1,1,370,1443,-467,-2901,59,-1147,-30,18,19,0,0,0,0,0,0,0,0,0,0,0,0,0,0,0,0,0,0,0,0,0,0,121778
1,1,1,1,321,1458,-458,-3235,81,-1257,-29,18,20,0,0,0,0,0,0,0,0,0,0,0,0,0,0,0,0,0,0,0,0,0,0,121788
1,1,1,1,293,1526,-475,-3213,119,-1238,-41,18,17,0,0,0,0,0,0,0,0,0,0,0,0,0,0,0,0,0,0,0,0,0,0,121798
1,1,1,1,186,1135,-504,-3740,145,-1091,-33,18,21,0,0,0,0,0,0,0,0,0,0,0,0,0,0,0,0,0,0,0,0,0,0,121808
1,1,1,1,292,1889,-524,-3961,104,-1202,-7,21,12,0,0,0,0,0,0,0,0,0,0,0,0,0,0,0,0,0,0,0,0,0,0,121818
1,1,1,1,414,3475,-518,-1515,-247,-1166,-21,19,7,0,0,0,0,0,0,0,0,0,0,0,0,0,0,0,0,0,0,0,0,0,0,121828
1,1,1,1,-52,2744,131,-786,-540,-143,-15,18,-4,0,0,0,0,0,0,0,0,0,0,0,0,0,0,0,0,0,0,0,0,0,0,121838
1,1,1,1,220,2573,-110,-639,-788,430,-16,15,1,0,0,0,0,0,0,0,0,0,0,0,0,0,0,0,0,0,0,0,0,0,0,121848
1,1,1,1,406,1611,-373,-458,-802,454,-22,17,10,0,0,0,0,0,0,0,0,0,0,0,0,0,0,0,0,0,0,0,0,0,0,121858
1,1,1,1,161,1188,-582,-711,-587,174,-23,18,13,0,0,0,0,0,0,0,0,0,0,0,0,0,0,0,0,0,0,0,0,0,0,121868
1,1,1,1,103,1111,-583,-738,-364,-118,-23,14,13,0,0,0,0,0,0,0,0,0,0,0,0,0,0,0,0,0,0,0,0,0,0,121878
1,1,1,1,91,1124,-526,-851,-205,-405,-26,19,14,0,0,0,0,0,0,0,0,0,0,0,0,0,0,0,0,0,0,0,0,0,0,121888
1,1,1,1,213,1177,-345,-1258,-17,-626,-28,18,18,0,0,0,0,0,0,0,0,0,0,0,0,0,0,0,0,0,0,0,0,0,0,121898
1,1,1,1,209,1341,-224,-1722,158,-734,-29,17,14,0,0,0,0,0,0,0,0,0,0,0,0,0,0,0,0,0,0,0,0,0,0,121908
1,1,1,1,287,1500,-161,-2160,275,-719,-31,18,14,0,0,0,0,0,0,0,0,0,0,0,0,0,0,0,0,0,0,0,0,0,0,121918
1,1,1,1,320,1548,-77,-2737,404,-614,-33,17,14,0,0,0,0,0,0,0,0,0,0,0,0,0,0,0,0,0,0,0,0,0,0,121928
1,1,1,1,270,1429,38,-3320,472,-565,-43,16,17,0,0,0,0,0,0,0,0,0,0,0,0,0,0,0,0,0,0,0,0,0,0,121938
1,1,1,1,126,1057,92,-4456,500,-646,-29,18,20,0,0,0,0,0,0,0,0,0,0,0,0,0,0,0,0,0,0,0,0,0,0,121948
1,1,1,1,4,1542,58,-4299,440,-844,-27,18,17,0,0,0,0,0,0,0,0,0,0,0,0,0,0,0,0,0,0,0,0,0,0,121958
1,1,1,1,-38,1734,176,-3520,316,-839,-23,19,19,0,0,0,0,0,0,0,0,0,0,0,0,0,0,0,0,0,0,0,0,0,0,121968
1,1,1,1,-170,1689,318,-2904,256,-684,-22,18,17,0,0,0,0,0,0,0,0,0,0,0,0,0,0,0,0,0,0,0,0,0,0,121978
1,1,1,1,-211,1628,472,-2277,252,-555,-21,19,16,0,0,0,0,0,0,0,0,0,0,0,0,0,0,0,0,0,0,0,0,0,0,121988
1,1,1,1,-132,1489,550,-1965,242,-430,-24,19,14,0,0,0,0,0,0,0,0,0,0,0,0,0,0,0,0,0,0,0,0,0,0,121998
1,1,1,1,96,1385,576,-1888,178,-362,-23,19,15,0,0,0,0,0,0,0,0,0,0,0,0,0,0,0,0,0,0,0,0,0,0,122008
1,1,1,1,234,1354,556,-1688,108,-417,-20,19,18,0,0,0,0,0,0,0,0,0,0,0,0,0,0,0,0,0,0,0,0,0,0,122018
1,1,1,1,200,1341,582,-1405,48,-527,-22,19,17,0,0,0,0,0,0,0,0,0,0,0,0,0,0,0,0,0,0,0,0,0,0,122028
1,1,1,1,106,1324,662,-1368,15,-565,-22,19,16,0,0,0,0,0,0,0,0,0,0,0,0,0,0,0,0,0,0,0,0,0,0,122038
1,1,1,1,-9,1482,709,-1359,1,-504,-23,18,15,0,0,0,0,0,0,0,0,0,0,0,0,0,0,0,0,0,0,0,0,0,0,122048
1,1,1,1,-89,1498,655,-1369,34,-354,-24,18,15,0,0,0,0,0,0,0,0,0,0,0,0,0,0,0,0,0,0,0,0,0,0,122058
1,1,1,1,-120,1363,487,-1538,182,-261,-27,17,11,0,0,0,0,0,0,0,0,0,0,0,0,0,0,0,0,0,0,0,0,0,0,122068
1,1,1,1,-156,1249,338,-1980,473,-207,-29,16,10,0,0,0,0,0,0,0,0,0,0,0,0,0,0,0,0,0,0,0,0,0,0,122078
1,1,1,1,-174,1132,306,-2507,767,-126,-35,15,11,0,0,0,0,0,0,0,0,0,0,0,0,0,0,0,0,0,0,0,0,0,0,122088
1,1,1,1,-152,1046,359,-3230,1192,-15,-31,16,10,0,0,0,0,0,0,0,0,0,0,0,0,0,0,0,0,0,0,0,0,0,0,122098
1,1,1,1,-28,982,506,-3678,1585,71,-31,16,11,0,0,0,0,0,0,0,0,0,0,0,0,0,0,0,0,0,0,0,0,0,0,122108
1,1,1,1,91,854,744,-3874,1787,92,-35,18,14,0,0,0,0,0,0,0,0,0,0,0,0,0,0,0,0,0,0,0,0,0,0,122118
1,1,1,1,67,767,972,-4198,1679,88,-30,16,16,0,0,0,0,0,0,0,0,0,0,0,0,0,0,0,0,0,0,0,0,0,0,122128
1,1,1,1,-232,2079,2570,-3773,216,1031,-9,-11,-44,0,0,0,0,0,0,0,0,0,0,0,0,0,0,0,0,0,0,0,0,0,0,122138
1,1,1,1,-146,7,641,-1778,-452,1013,-44,33,29,0,0,0,0,0,0,0,0,0,0,0,0,0,0,0,0,0,0,0,0,0,0,122148
1,1,1,1,1,1469,1556,-364,-1005,396,19,17,4,0,0,0,0,0,0,0,0,0,0,0,0,0,0,0,0,0,0,0,0,0,0,122168
1,1,1,1,142,1500,1594,2482,-1007,22,-26,25,18,0,0,0,0,0,0,0,0,0,0,0,0,0,0,0,0,0,0,0,0,0,0,122178
1,1,1,1,-98,527,753,412,-855,-293,-5,19,5,0,0,0,0,0,0,0,0,0,0,0,0,0,0,0,0,0,0,0,0,0,0,122188
1,1,1,1,-8,1312,956,1082,-694,-501,-5,22,19,0,0,0,0,0,0,0,0,0,0,0,0,0,0,0,0,0,0,0,0,0,0,122198
1,1,1,1,214,1061,952,1495,-611,-633,-6,21,11,0,0,0,0,0,0,0,0,0,0,0,0,0,0,0,0,0,0,0,0,0,0,122208
1,1,1,1,213,1274,1404,992,-688,-675,-20,22,11,0,0,0,0,0,0,0,0,0,0,0,0,0,0,0,0,0,0,0,0,0,0,122218
1,1,1,1,270,797,1105,100,-758,-657,-12,23,18,0,0,0,0,0,0,0,0,0,0,0,0,0,0,0,0,0,0,0,0,0,0,122228
1,1,1,1,122,1019,1073,199,-779,-620,-7,21,8,0,0,0,0,0,0,0,0,0,0,0,0,0,0,0,0,0,0,0,0,0,0,122238
1,1,1,1,-107,994,1093,456,-773,-559,-9,19,14,0,0,0,0,0,0,0,0,0,0,0,0,0,0,0,0,0,0,0,0,0,0,122248
1,1,1,1,-231,944,1094,367,-573,-624,-11,21,9,0,0,0,0,0,0,0,0,0,0,0,0,0,0,0,0,0,0,0,0,0,0,122258
1,1,1,1,-228,1002,1064,418,-456,-530,-12,21,4,0,0,0,0,0,0,0,0,0,0,0,0,0,0,0,0,0,0,0,0,0,0,122268
1,1,1,1,-140,968,1059,317,-425,-317,-12,20,7,0,0,0,0,0,0,0,0,0,0,0,0,0,0,0,0,0,0,0,0,0,0,122278
1,1,1,1,-64,994,1060,228,-297,-201,-10,18,9,0,0,0,0,0,0,0,0,0,0,0,0,0,0,0,0,0,0,0,0,0,0,122288
1,1,1,1,12,996,1035,150,-85,-183,-9,20,4,0,0,0,0,0,0,0,0,0,0,0,0,0,0,0,0,0,0,0,0,0,0,122298
1,1,1,1,53,995,1064,149,-24,-35,-10,21,2,0,0,0,0,0,0,0,0,0,0,0,0,0,0,0,0,0,0,0,0,0,0,122308
1,1,1,1,30,951,1105,143,0,128,-12,19,5,0,0,0,0,0,0,0,0,0,0,0,0,0,0,0,0,0,0,0,0,0,0,122318
1,1,1,1,-52,991,1047,76,166,143,-9,20,0,0,0,0,0,0,0,0,0,0,0,0,0,0,0,0,0,0,0,0,0,0,0,122328
1,1,1,1,-92,1058,982,4,272,234,-13,19,-1,0,0,0,0,0,0,0,0,0,0,0,0,0,0,0,0,0,0,0,0,0,0,122338
1,1,1,1,-113,1103,932,-87,320,350,-15,19,1,0,0,0,0,0,0,0,0,0,0,0,0,0,0,0,0,0,0,0,0,0,0,122348
1,1,1,1,-61,1098,898,-343,417,341,-13,18,2,0,0,0,0,0,0,0,0,0,0,0,0,0,0,0,0,0,0,0,0,0,0,122358
1,1,1,1,-6,1150,899,-380,392,390,-13,19,1,0,0,0,0,0,0,0,0,0,0,0,0,0,0,0,0,0,0,0,0,0,0,122368
1,1,1,1,-11,1079,962,-312,375,318,-10,19,3,0,0,0,0,0,0,0,0,0,0,0,0,0,0,0,0,0,0,0,0,0,0,122378
1,1,1,1,-33,1098,979,-225,271,307,-12,20,5,0,0,0,0,0,0,0,0,0,0,0,0,0,0,0,0,0,0,0,0,0,0,122388
1,1,1,1,-18,1023,1013,-188,202,154,-11,20,7,0,0,0,0,0,0,0,0,0,0,0,0,0,0,0,0,0,0,0,0,0,0,122398
1,1,1,1,8,967,1089,-236,11,42,-14,21,8,0,0,0,0,0,0,0,0,0,0,0,0,0,0,0,0,0,0,0,0,0,0,122408
1,1,1,1,-21,891,1154,-286,-115,-128,-17,24,11,0,0,0,0,0,0,0,0,0,0,0,0,0,0,0,0,0,0,0,0,0,0,122418
1,1,1,1,-115,911,1161,-246,-260,-219,-9,19,7,0,0,0,0,0,0,0,0,0,0,0,0,0,0,0,0,0,0,0,0,0,0,122428
1,1,1,1,-2,1002,1069,-27,-271,-253,-14,22,9,0,0,0,0,0,0,0,0,0,0,0,0,0,0,0,0,0,0,0,0,0,0,122438
1,1,1,1,3,1006,1044,1,-260,-250,-10,17,8,0,0,0,0,0,0,0,0,0,0,0,0,0,0,0,0,0,0,0,0,0,0,122448
1,1,1,1,0,1003,1059,62,-274,-260,-12,21,9,0,0,0,0,0,0,0,0,0,0,0,0,0,0,0,0,0,0,0,0,0,0,122458
1,1,1,1,3,1007,1051,122,-280,-263,-14,23,8,0,0,0,0,0,0,0,0,0,0,0,0,0,0,0,0,0,0,0,0,0,0,122468
1,1,1,1,2,1007,1051,172,-283,-267,-14,19,6,0,0,0,0,0,0,0,0,0,0,0,0,0,0,0,0,0,0,0,0,0,0,122478
1,1,1,1,5,1011,1045,198,-306,-291,-14,23,9,0,0,0,0,0,0,0,0,0,0,0,0,0,0,0,0,0,0,0,0,0,0,122488
1,1,1,1,1,1014,1041,226,-335,-319,-12,21,11,0,0,0,0,0,0,0,0,0,0,0,0,0,0,0,0,0,0,0,0,0,0,122498
1,1,1,1,1,1016,1041,274,-344,-325,-11,21,10,0,0,0,0,0,0,0,0,0,0,0,0,0,0,0,0,0,0,0,0,0,0,122508
1,1,1,1,-5,1019,1043,340,-344,-325,-11,21,10,0,0,0,0,0,0,0,0,0,0,0,0,0,0,0,0,0,0,0,0,0,0,122518
1,1,1,1,8,1029,1030,392,-366,-342,-9,21,11,0,0,0,0,0,0,0,0,0,0,0,0,0,0,0,0,0,0,0,0,0,0,122528
1,1,1,1,8,1034,1022,419,-384,-356,-8,21,9,0,0,0,0,0,0,0,0,0,0,0,0,0,0,0,0,0,0,0,0,0,0,122538
1,1,1,1,1,1030,1018,420,-391,-358,-9,20,8,0,0,0,0,0,0,0,0,0,0,0,0,0,0,0,0,0,0,0,0,0,0,122548
1,1,1,1,0,1044,1004,376,-400,-359,-9,20,7,0,0,0,0,0,0,0,0,0,0,0,0,0,0,0,0,0,0,0,0,0,0,122558
1,1,1,1,-5,1057,994,395,-384,-348,-11,20,7,0,0,0,0,0,0,0,0,0,0,0,0,0,0,0,0,0,0,0,0,0,0,122568
1,1,1,1,3,1062,979,353,-389,-343,-11,21,8,0,0,0,0,0,0,0,0,0,0,0,0,0,0,0,0,0,0,0,0,0,0,122578
1,1,1,1,-2,1069,952,244,-385,-338,-12,20,9,0,0,0,0,0,0,0,0,0,0,0,0,0,0,0,0,0,0,0,0,0,0,122588
1,1,1,1,-5,1073,931,50,-366,-318,-13,21,8,0,0,0,0,0,0,0,0,0,0,0,0,0,0,0,0,0,0,0,0,0,0,122598
1,1,1,1,-3,1076,923,-174,-348,-307,-11,20,7,0,0,0,0,0,0,0,0,0,0,0,0,0,0,0,0,0,0,0,0,0,0,122608
1,1,1,1,-3,1078,929,-310,-343,-293,-12,20,8,0,0,0,0,0,0,0,0,0,0,0,0,0,0,0,0,0,0,0,0,0,0,122618
1,1,1,1,-6,1069,960,-404,-338,-302,-15,21,9,0,0,0,0,0,0,0,0,0,0,0,0,0,0,0,0,0,0,0,0,0,0,122628
1,1,1,1,-3,1058,970,-513,-335,-305,-16,20,9,0,0,0,0,0,0,0,0,0,0,0,0,0,0,0,0,0,0,0,0,0,0,122638
1,1,1,1,0,1048,984,-638,-326,-301,-17,21,9,0,0,0,0,0,0,0,0,0,0,0,0,0,0,0,0,0,0,0,0,0,0,122648
1,1,1,1,-3,1039,1001,-765,-314,-281,-19,20,8,0,0,0,0,0,0,0,0,0,0,0,0,0,0,0,0,0,0,0,0,0,0,122658
1,1,1,1,-7,1000,1029,-963,-289,-261,-16,21,8,0,0,0,0,0,0,0,0,0,0,0,0,0,0,0,0,0,0,0,0,0,0,122668
1,1,1,1,-2,1028,1029,-929,-248,-237,-17,20,7,0,0,0,0,0,0,0,0,0,0,0,0,0,0,0,0,0,0,0,0,0,0,122678
1,1,1,1,1,1012,1048,-861,-224,-213,-13,21,7,0,0,0,0,0,0,0,0,0,0,0,0,0,0,0,0,0,0,0,0,0,0,122688
1,1,1,1,-2,979,1075,-867,-182,-191,-17,21,7,0,0,0,0,0,0,0,0,0,0,0,0,0,0,0,0,0,0,0,0,0,0,122698
1,1,1,1,-3,974,1090,-764,-143,-145,-14,20,5,0,0,0,0,0,0,0,0,0,0,0,0,0,0,0,0,0,0,0,0,0,0,122708
1,1,1,1,-8,952,1109,-664,-104,-105,-13,20,7,0,0,0,0,0,0,0,0,0,0,0,0,0,0,0,0,0,0,0,0,0,0,122718
1,1,1,1,-5,938,1122,-533,-65,-70,-12,20,7,0,0,0,0,0,0,0,0,0,0,0,0,0,0,0,0,0,0,0,0,0,0,122728
1,1,1,1,-5,928,1135,-421,-20,-29,-10,18,5,0,0,0,0,0,0,0,0,0,0,0,0,0,0,0,0,0,0,0,0,0,0,122738
1,1,1,1,-1,919,1136,-312,4,2,-11,20,7,0,0,0,0,0,0,0,0,0,0,0,0,0,0,0,0,0,0,0,0,0,0,122748
1,1,1,1,-1,915,1149,-190,-7,2,-10,19,6,0,0,0,0,0,0,0,0,0,0,0,0,0,0,0,0,0,0,0,0,0,0,122758
1,1,1,1,0,910,1149,-80,-4,-1,-12,20,8,0,0,0,0,0,0,0,0,0,0,0,0,0,0,0,0,0,0,0,0,0,0,122768
1,1,1,1,0,912,1147,22,-4,3,-9,20,6,0,0,0,0,0,0,0,0,0,0,0,0,0,0,0,0,0,0,0,0,0,0,122778
1,1,1,1,1,910,1148,116,0,2,-9,17,7,0,0,0,0,0,0,0,0,0,0,0,0,0,0,0,0,0,0,0,0,0,0,122788
1,1,1,1,-1,916,1146,201,-4,3,-12,20,8,0,0,0,0,0,0,0,0,0,0,0,0,0,0,0,0,0,0,0,0,0,0,122798
1,1,1,1,-1,922,1137,278,1,4,-10,19,7,0,0,0,0,0,0,0,0,0,0,0,0,0,0,0,0,0,0,0,0,0,0,122808
1,1,1,1,1,924,1140,358,1,7,-8,20,10,0,0,0,0,0,0,0,0,0,0,0,0,0,0,0,0,0,0,0,0,0,0,122818
1,1,1,1,3,933,1131,438,8,17,-9,21,9,0,0,0,0,0,0,0,0,0,0,0,0,0,0,0,0,0,0,0,0,0,0,122828
1,1,1,1,-3,943,1121,502,23,25,-8,20,8,0,0,0,0,0,0,0,0,0,0,0,0,0,0,0,0,0,0,0,0,0,0,122838
1,1,1,1,-4,945,1110,547,33,32,-9,21,10,0,0,0,0,0,0,0,0,0,0,0,0,0,0,0,0,0,0,0,0,0,0,122848
1,1,1,1,0,958,1102,603,37,38,-9,21,9,0,0,0,0,0,0,0,0,0,0,0,0,0,0,0,0,0,0,0,0,0,0,122858
1,1,1,1,0,962,1093,642,33,40,-10,20,9,0,0,0,0,0,0,0,0,0,0,0,0,0,0,0,0,0,0,0,0,0,0,122868
1,1,1,1,0,973,1086,682,22,29,-10,20,9,0,0,0,0,0,0,0,0,0,0,0,0,0,0,0,0,0,0,0,0,0,0,122878
1,1,1,1,0,985,1073,720,9,7,-9,20,8,0,0,0,0,0,0,0,0,0,0,0,0,0,0,0,0,0,0,0,0,0,0,122888
1,1,1,1,2,999,1050,737,7,1,-11,20,8,0,0,0,0,0,0,0,0,0,0,0,0,0,0,0,0,0,0,0,0,0,0,122898
1,1,1,1,2,1009,1030,719,8,4,-9,21,8,0,0,0,0,0,0,0,0,0,0,0,0,0,0,0,0,0,0,0,0,0,0,122908
1,1,1,1,-3,1029,1020,678,8,6,-7,20,7,0,0,0,0,0,0,0,0,0,0,0,0,0,0,0,0,0,0,0,0,0,0,122918
1,1,1,1,3,1039,1001,601,9,6,-10,20,8,0,0,0,0,0,0,0,0,0,0,0,0,0,0,0,0,0,0,0,0,0,0,122928
1,1,1,1,-2,1044,988,506,2,10,-11,20,5,0,0,0,0,0,0,0,0,0,0,0,0,0,0,0,0,0,0,0,0,0,0,122938
1,1,1,1,-3,1054,981,406,8,8,-12,20,6,0,0,0,0,0,0,0,0,0,0,0,0,0,0,0,0,0,0,0,0,0,0,122948
1,1,1,1,-3,1059,969,296,10,10,-11,19,11,0,0,0,0,0,0,0,0,0,0,0,0,0,0,0,0,0,0,0,0,0,0,122958
1,1,1,1,0,1067,964,183,4,5,-11,20,6,0,0,0,0,0,0,0,0,0,0,0,0,0,0,0,0,0,0,0,0,0,0,122968
1,1,1,1,-2,1067,963,57,-2,4,-11,20,4,0,0,0,0,0,0,0,0,0,0,0,0,0,0,0,0,0,0,0,0,0,0,122978
1,1,1,1,-5,1071,958,-39,0,2,-9,20,7,0,0,0,0,0,0,0,0,0,0,0,0,0,0,0,0,0,0,0,0,0,0,122988
1,1,1,1,0,1064,959,-160,-3,-1,-11,19,8,0,0,0,0,0,0,0,0,0,0,0,0,0,0,0,0,0,0,0,0,0,0,122998
1,1,1,1,1,1062,962,-272,-5,-3,-13,19,7,0,0,0,0,0,0,0,0,0,0,0,0,0,0,0,0,0,0,0,0,0,0,123008
1,1,1,1,-3,1060,970,-376,2,-4,-11,19,7,0,0,0,0,0,0,0,0,0,0,0,0,0,0,0,0,0,0,0,0,0,0,123018
1,1,1,1,0,1052,987,-468,-1,-4,-12,19,10,0,0,0,0,0,0,0,0,0,0,0,0,0,0,0,0,0,0,0,0,0,0,123028
1,1,1,1,-2,1044,995,-529,0,-5,-14,22,11,0,0,0,0,0,0,0,0,0,0,0,0,0,0,0,0,0,0,0,0,0,0,123038
1,1,1,1,-1,1035,1019,-548,-3,0,-13,21,8,0,0,0,0,0,0,0,0,0,0,0,0,0,0,0,0,0,0,0,0,0,0,123048
1,1,1,1,0,1019,1037,-504,-2,-1,-12,20,5,0,0,0,0,0,0,0,0,0,0,0,0,0,0,0,0,0,0,0,0,0,0,123058
1,1,1,1,0,1014,1055,-425,-5,1,-12,20,8,0,0,0,0,0,0,0,0,0,0,0,0,0,0,0,0,0,0,0,0,0,0,123068
1,1,1,1,-2,1001,1066,-330,-8,4,-15,21,7,0,0,0,0,0,0,0,0,0,0,0,0,0,0,0,0,0,0,0,0,0,0,123078
1,1,1,1,4,996,1068,-222,-7,1,-13,22,11,0,0,0,0,0,0,0,0,0,0,0,0,0,0,0,0,0,0,0,0,0,0,123088
1,1,1,1,-2,992,1075,-100,-3,2,-8,18,11,0,0,0,0,0,0,0,0,0,0,0,0,0,0,0,0,0,0,0,0,0,0,123098
1,1,1,1,0,994,1066,137,1,2,-8,20,9,0,0,0,0,0,0,0,0,0,0,0,0,0,0,0,0,0,0,0,0,0,0,123118
1,1,1,1,-2,997,1071,211,-5,1,-8,19,11,0,0,0,0,0,0,0,0,0,0,0,0,0,0,0,0,0,0,0,0,0,0,123128
1,1,1,1,-2,1000,1054,250,0,-1,-8,20,12,0,0,0,0,0,0,0,0,0,0,0,0,0,0,0,0,0,0,0,0,0,0,123138
1,1,1,1,-1,1009,1045,290,2,0,-8,20,11,0,0,0,0,0,0,0,0,0,0,0,0,0,0,0,0,0,0,0,0,0,0,123148
1,1,1,1,2,1010,1042,330,0,0,-9,20,11,0,0,0,0,0,0,0,0,0,0,0,0,0,0,0,0,0,0,0,0,0,0,123158
1,1,1,1,5,1013,1039,380,0,2,-10,20,8,0,0,0,0,0,0,0,0,0,0,0,0,0,0,0,0,0,0,0,0,0,0,123168
1,1,1,1,0,1026,1033,409,4,3,-11,20,9,0,0,0,0,0,0,0,0,0,0,0,0,0,0,0,0,0,0,0,0,0,0,123178
1,1,1,1,-3,1033,1020,410,3,3,-11,20,9,0,0,0,0,0,0,0,0,0,0,0,0,0,0,0,0,0,0,0,0,0,0,123188
1,1,1,1,-4,1040,1007,391,1,1,-9,20,6,0,0,0,0,0,0,0,0,0,0,0,0,0,0,0,0,0,0,0,0,0,0,123198
1,1,1,1,-3,1044,997,358,-6,6,-8,19,7,0,0,0,0,0,0,0,0,0,0,0,0,0,0,0,0,0,0,0,0,0,0,123208
1,1,1,1,1,1050,996,324,6,6,-7,20,6,0,0,0,0,0,0,0,0,0,0,0,0,0,0,0,0,0,0,0,0,0,0,123218
1,1,1,1,0,1056,988,284,-8,8,-9,19,8,0,0,0,0,0,0,0,0,0,0,0,0,0,0,0,0,0,0,0,0,0,0,123228
1,1,1,1,0,1053,999,326,9,22,-6,19,7,0,0,0,0,0,0,0,0,0,0,0,0,0,0,0,0,0,0,0,0,0,0,123238
1,1,1,1,-9,1069,1009,479,59,59,-7,20,4,0,0,0,0,0,0,0,0,0,0,0,0,0,0,0,0,0,0,0,0,0,0,123248
1,1,1,1,-12,1079,989,623,128,122,-9,19,6,0,0,0,0,0,0,0,0,0,0,0,0,0,0,0,0,0,0,0,0,0,0,123258
1,1,1,1,-13,1086,966,663,203,175,-12,19,7,0,0,0,0,0,0,0,0,0,0,0,0,0,0,0,0,0,0,0,0,0,0,123268
1,1,1,1,-15,1071,951,532,263,217,-10,20,5,0,0,0,0,0,0,0,0,0,0,0,0,0,0,0,0,0,0,0,0,0,0,123278
1,1,1,1,4,1090,922,394,284,237,-8,18,6,0,0,0,0,0,0,0,0,0,0,0,0,0,0,0,0,0,0,0,0,0,0,123288
1,1,1,1,-1,1110,892,227,305,254,-11,19,3,0,0,0,0,0,0,0,0,0,0,0,0,0,0,0,0,0,0,0,0,0,0,123298
1,1,1,1,-3,1110,886,32,329,275,-12,19,6,0,0,0,0,0,0,0,0,0,0,0,0,0,0,0,0,0,0,0,0,0,0,123308
1,1,1,1,-6,1106,899,-347,388,328,-16,19,1,0,0,0,0,0,0,0,0,0,0,0,0,0,0,0,0,0,0,0,0,0,0,123328
1,1,1,1,-8,1094,917,-517,426,365,-16,19,5,0,0,0,0,0,0,0,0,0,0,0,0,0,0,0,0,0,0,0,0,0,0,123338
1,1,1,1,-3,1089,931,-673,471,401,-15,19,5,0,0,0,0,0,0,0,0,0,0,0,0,0,0,0,0,0,0,0,0,0,0,123348
1,1,1,1,-7,1088,950,-788,495,434,-13,18,2,0,0,0,0,0,0,0,0,0,0,0,0,0,0,0,0,0,0,0,0,0,0,123358
1,1,1,1,-5,1076,960,-883,513,454,-19,22,6,0,0,0,0,0,0,0,0,0,0,0,0,0,0,0,0,0,0,0,0,0,0,123368
1,1,1,1,-5,1060,975,-973,519,471,-21,20,8,0,0,0,0,0,0,0,0,0,0,0,0,0,0,0,0,0,0,0,0,0,0,123378
1,1,1,1,3,1050,1002,-1030,502,474,-22,22,8,0,0,0,0,0,0,0,0,0,0,0,0,0,0,0,0,0,0,0,0,0,0,123388
1,1,1,1,4,994,1048,-1135,483,473,-17,20,5,0,0,0,0,0,0,0,0,0,0,0,0,0,0,0,0,0,0,0,0,0,0,123398
1,1,1,1,3,1000,1061,-1133,469,456,-17,22,9,0,0,0,0,0,0,0,0,0,0,0,0,0,0,0,0,0,0,0,0,0,0,123408
1,1,1,1,2,1004,1072,-1033,446,447,-13,19,2,0,0,0,0,0,0,0,0,0,0,0,0,0,0,0,0,0,0,0,0,0,0,123418
1,1,1,1,3,979,1091,-930,423,437,-11,19,10,0,0,0,0,0,0,0,0,0,0,0,0,0,0,0,0,0,0,0,0,0,0,123428
1,1,1,1,0,945,1115,-885,410,426,-10,19,9,0,0,0,0,0,0,0,0,0,0,0,0,0,0,0,0,0,0,0,0,0,0,123438
1,1,1,1,7,946,1130,-757,398,414,-10,20,9,0,0,0,0,0,0,0,0,0,0,0,0,0,0,0,0,0,0,0,0,0,0,123448
1,1,1,1,9,962,1129,-523,378,404,-12,20,5,0,0,0,0,0,0,0,0,0,0,0,0,0,0,0,0,0,0,0,0,0,0,123458
1,1,1,1,-11,910,1157,-304,360,397,-10,20,9,0,0,0,0,0,0,0,0,0,0,0,0,0,0,0,0,0,0,0,0,0,0,123468
1,1,1,1,6,899,1167,-152,358,389,-9,20,6,0,0,0,0,0,0,0,0,0,0,0,0,0,0,0,0,0,0,0,0,0,0,123478
1,1,1,1,-3,902,1169,21,342,377,-9,20,9,0,0,0,0,0,0,0,0,0,0,0,0,0,0,0,0,0,0,0,0,0,0,123488
1,1,1,1,5,899,1166,193,334,363,-10,20,6,0,0,0,0,0,0,0,0,0,0,0,0,0,0,0,0,0,0,0,0,0,0,123498
1,1,1,1,0,906,1160,375,321,357,-9,21,7,0,0,0,0,0,0,0,0,0,0,0,0,0,0,0,0,0,0,0,0,0,0,123508
1,1,1,1,-1,912,1152,547,325,345,-8,20,1,0,0,0,0,0,0,0,0,0,0,0,0,0,0,0,0,0,0,0,0,0,0,123518
1,1,1,1,-2,910,1146,660,308,320,-8,20,8,0,0,0,0,0,0,0,0,0,0,0,0,0,0,0,0,0,0,0,0,0,0,123538
1,1,1,1,-5,962,1112,758,295,319,-10,20,5,0,0,0,0,0,0,0,0,0,0,0,0,0,0,0,0,0,0,0,0,0,0,123548
1,1,1,1,4,963,1093,828,298,300,-7,19,4,0,0,0,0,0,0,0,0,0,0,0,0,0,0,0,0,0,0,0,0,0,0,123558
1,1,1,1,1,987,1071,882,279,278,-7,20,6,0,0,0,0,0,0,0,0,0,0,0,0,0,0,0,0,0,0,0,0,0,0,123568
1,1,1,1,7,989,1065,882,273,259,-8,20,8,0,0,0,0,0,0,0,0,0,0,0,0,0,0,0,0,0,0,0,0,0,0,123578
1,1,1,1,3,1007,1047,851,248,244,-7,20,7,0,0,0,0,0,0,0,0,0,0,0,0,0,0,0,0,0,0,0,0,0,0,123588
1,1,1,1,4,1022,1027,819,238,223,-8,20,9,0,0,0,0,0,0,0,0,0,0,0,0,0,0,0,0,0,0,0,0,0,0,123598
1,1,1,1,8,1041,1004,773,218,197,-9,21,7,0,0,0,0,0,0,0,0,0,0,0,0,0,0,0,0,0,0,0,0,0,0,123608
1,1,1,1,-2,1052,991,723,190,170,-7,19,8,0,0,0,0,0,0,0,0,0,0,0,0,0,0,0,0,0,0,0,0,0,0,123618
1,1,1,1,2,1071,971,676,168,145,-14,21,8,0,0,0,0,0,0,0,0,0,0,0,0,0,0,0,0,0,0,0,0,0,0,123628
1,1,1,1,-9,1075,957,600,147,136,-14,22,11,0,0,0,0,0,0,0,0,0,0,0,0,0,0,0,0,0,0,0,0,0,0,123638
1,1,1,1,5,1077,943,487,136,116,-11,20,8,0,0,0,0,0,0,0,0,0,0,0,0,0,0,0,0,0,0,0,0,0,0,123648
1,1,1,1,-1,1092,934,340,106,98,-14,22,10,0,0,0,0,0,0,0,0,0,0,0,0,0,0,0,0,0,0,0,0,0,0,123658
1,1,1,1,8,1089,920,179,74,64,-12,20,10,0,0,0,0,0,0,0,0,0,0,0,0,0,0,0,0,0,0,0,0,0,0,123668
1,1,1,1,0,1096,920,23,53,42,-14,20,5,0,0,0,0,0,0,0,0,0,0,0,0,0,0,0,0,0,0,0,0,0,0,123678
1,1,1,1,7,1094,922,-122,13,15,-12,18,8,0,0,0,0,0,0,0,0,0,0,0,0,0,0,0,0,0,0,0,0,0,0,123688
1,1,1,1,1,1091,924,-253,-8,-7,-13,20,11,0,0,0,0,0,0,0,0,0,0,0,0,0,0,0,0,0,0,0,0,0,0,123698
1,1,1,1,0,1086,931,-376,-7,0,-13,19,9,0,0,0,0,0,0,0,0,0,0,0,0,0,0,0,0,0,0,0,0,0,0,123708
1,1,1,1,-2,1081,945,-481,-8,-3,-13,21,9,0,0,0,0,0,0,0,0,0,0,0,0,0,0,0,0,0,0,0,0,0,0,123718
1,1,1,1,1,1071,962,-551,-8,-3,-13,20,11,0,0,0,0,0,0,0,0,0,0,0,0,0,0,0,0,0,0,0,0,0,0,123728
1,1,1,1,-1,1061,983,-594,-11,0,-12,20,12,0,0,0,0,0,0,0,0,0,0,0,0,0,0,0,0,0,0,0,0,0,0,123738
1,1,1,1,-1,1050,994,-610,-13,3,-12,21,12,0,0,0,0,0,0,0,0,0,0,0,0,0,0,0,0,0,0,0,0,0,0,123748
1,1,1,1,-1,1040,1007,-623,-4,-2,-13,20,12,0,0,0,0,0,0,0,0,0,0,0,0,0,0,0,0,0,0,0,0,0,0,123758
1,1,1,1,2,1029,1020,-617,-6,-4,-14,21,11,0,0,0,0,0,0,0,0,0,0,0,0,0,0,0,0,0,0,0,0,0,0,123768
1,1,1,1,2,1029,1020,-593,-3,-2,-14,20,14,0,0,0,0,0,0,0,0,0,0,0,0,0,0,0,0,0,0,0,0,0,0,123778
1,1,1,1,-1,1011,1042,-559,-8,-3,-14,20,10,0,0,0,0,0,0,0,0,0,0,0,0,0,0,0,0,0,0,0,0,0,0,123788
1,1,1,1,-2,1001,1060,-495,-1,-3,-12,21,10,0,0,0,0,0,0,0,0,0,0,0,0,0,0,0,0,0,0,0,0,0,0,123798
1,1,1,1,-2,994,1070,-416,-3,-1,-11,20,11,0,0,0,0,0,0,0,0,0,0,0,0,0,0,0,0,0,0,0,0,0,0,123808
1,1,1,1,-1,993,1069,-327,-5,-2,-10,20,10,0,0,0,0,0,0,0,0,0,0,0,0,0,0,0,0,0,0,0,0,0,0,123818
1,1,1,1,-4,983,1080,-242,-2,-1,-11,20,11,0,0,0,0,0,0,0,0,0,0,0,0,0,0,0,0,0,0,0,0,0,0,123828
1,1,1,1,-2,980,1083,-171,-4,3,-9,20,11,0,0,0,0,0,0,0,0,0,0,0,0,0,0,0,0,0,0,0,0,0,0,123838
1,1,1,1,-5,974,1081,-110,-4,2,-10,20,9,0,0,0,0,0,0,0,0,0,0,0,0,0,0,0,0,0,0,0,0,0,0,123848
1,1,1,1,1,975,1076,-59,-1,1,-10,19,9,0,0,0,0,0,0,0,0,0,0,0,0,0,0,0,0,0,0,0,0,0,0,123858
1,1,1,1,-2,979,1077,-14,0,2,-10,19,9,0,0,0,0,0,0,0,0,0,0,0,0,0,0,0,0,0,0,0,0,0,0,123868
1,1,1,1,-1,981,1083,25,0,2,-8,20,7,0,0,0,0,0,0,0,0,0,0,0,0,0,0,0,0,0,0,0,0,0,0,123878
1,1,1,1,-5,975,1081,67,8,3,-8,20,9,0,0,0,0,0,0,0,0,0,0,0,0,0,0,0,0,0,0,0,0,0,0,123888
1,1,1,1,-1,980,1077,94,7,3,-6,20,9,0,0,0,0,0,0,0,0,0,0,0,0,0,0,0,0,0,0,0,0,0,0,123898
1,1,1,1,0,979,1080,128,1,4,-9,20,8,0,0,0,0,0,0,0,0,0,0,0,0,0,0,0,0,0,0,0,0,0,0,123908
1,1,1,1,1,980,1078,162,1,3,-10,20,10,0,0,0,0,0,0,0,0,0,0,0,0,0,0,0,0,0,0,0,0,0,0,123918
1,1,1,1,-2,983,1078,198,0,4,-12,24,12,0,0,0,0,0,0,0,0,0,0,0,0,0,0,0,0,0,0,0,0,0,0,123928
1,1,1,1,-3,987,1071,233,2,5,-7,19,10,0,0,0,0,0,0,0,0,0,0,0,0,0,0,0,0,0,0,0,0,0,0,123938
1,1,1,1,-1,991,1066,263,3,3,-8,19,10,0,0,0,0,0,0,0,0,0,0,0,0,0,0,0,0,0,0,0,0,0,0,123948
1,1,1,1,-5,1000,1063,283,-5,4,-8,20,9,0,0,0,0,0,0,0,0,0,0,0,0,0,0,0,0,0,0,0,0,0,0,123958
1,1,1,1,-1,1001,1053,295,0,6,-12,23,12,0,0,0,0,0,0,0,0,0,0,0,0,0,0,0,0,0,0,0,0,0,0,123968
1,1,1,1,-2,1007,1045,290,6,6,-10,21,10,0,0,0,0,0,0,0,0,0,0,0,0,0,0,0,0,0,0,0,0,0,0,123978
1,1,1,1,2,1009,1037,267,2,2,-11,20,8,0,0,0,0,0,0,0,0,0,0,0,0,0,0,0,0,0,0,0,0,0,0,123988
1,1,1,1,2,1019,1030,232,-2,2,-11,20,10,0,0,0,0,0,0,0,0,0,0,0,0,0,0,0,0,0,0,0,0,0,0,123998
1,1,1,1,-1,1024,1025,192,-3,3,-11,19,12,0,0,0,0,0,0,0,0,0,0,0,0,0,0,0,0,0,0,0,0,0,0,124008
1,1,1,1,-1,1024,1019,149,-2,4,-10,20,9,0,0,0,0,0,0,0,0,0,0,0,0,0,0,0,0,0,0,0,0,0,0,124018
1,1,1,1,-1,1021,1013,103,3,3,-11,22,11,0,0,0,0,0,0,0,0,0,0,0,0,0,0,0,0,0,0,0,0,0,0,124028
1,1,1,1,-2,1028,1014,50,-3,2,-9,20,7,0,0,0,0,0,0,0,0,0,0,0,0,0,0,0,0,0,0,0,0,0,0,124038
1,1,1,1,2,1029,1011,12,0,4,-10,20,12,0,0,0,0,0,0,0,0,0,0,0,0,0,0,0,0,0,0,0,0,0,0,124048
1,1,1,1,1,1026,1012,-44,0,3,-10,19,10,0,0,0,0,0,0,0,0,0,0,0,0,0,0,0,0,0,0,0,0,0,0,124058
1,1,1,1,1,1030,1010,-104,-11,-2,-11,20,10,0,0,0,0,0,0,0,0,0,0,0,0,0,0,0,0,0,0,0,0,0,0,124068
1,1,1,1,4,1027,1017,-155,-2,0,-12,20,9,0,0,0,0,0,0,0,0,0,0,0,0,0,0,0,0,0,0,0,0,0,0,124078
1,1,1,1,4,1018,1021,-202,3,1,-14,21,10,0,0,0,0,0,0,0,0,0,0,0,0,0,0,0,0,0,0,0,0,0,0,124088
1,1,1,1,1,1020,1026,-246,-6,1,-14,20,11,0,0,0,0,0,0,0,0,0,0,0,0,0,0,0,0,0,0,0,0,0,0,124098
1,1,1,1,3,1014,1033,-269,2,2,-15,21,8,0,0,0,0,0,0,0,0,0,0,0,0,0,0,0,0,0,0,0,0,0,0,124108
1,1,1,1,-1,1006,1042,-275,1,1,-13,20,9,0,0,0,0,0,0,0,0,0,0,0,0,0,0,0,0,0,0,0,0,0,0,124118
1,1,1,1,0,1002,1051,-261,2,1,-12,21,10,0,0,0,0,0,0,0,0,0,0,0,0,0,0,0,0,0,0,0,0,0,0,124128
1,1,1,1,-2,998,1057,-236,-4,0,-11,20,9,0,0,0,0,0,0,0,0,0,0,0,0,0,0,0,0,0,0,0,0,0,0,124138
1,1,1,1,-5,991,1059,-193,-6,1,-11,20,8,0,0,0,0,0,0,0,0,0,0,0,0,0,0,0,0,0,0,0,0,0,0,124148
1,1,1,1,-1,990,1072,-142,-3,-1,-11,20,10,0,0,0,0,0,0,0,0,0,0,0,0,0,0,0,0,0,0,0,0,0,0,124158
1,1,1,1,0,985,1073,-98,-7,0,-12,20,11,0,0,0,0,0,0,0,0,0,0,0,0,0,0,0,0,0,0,0,0,0,0,124168
1,1,1,1,2,989,1066,-44,0,2,-11,21,10,0,0,0,0,0,0,0,0,0,0,0,0,0,0,0,0,0,0,0,0,0,0,124178
1,1,1,1,1,987,1075,4,-5,3,-10,20,9,0,0,0,0,0,0,0,0,0,0,0,0,0,0,0,0,0,0,0,0,0,0,124188
1,1,1,1,1,985,1073,46,-12,0,-10,20,11,0,0,0,0,0,0,0,0,0,0,0,0,0,0,0,0,0,0,0,0,0,0,124198
1,1,1,1,3,990,1066,84,-7,2,-10,20,11,0,0,0,0,0,0,0,0,0,0,0,0,0,0,0,0,0,0,0,0,0,0,124208
1,1,1,1,-2,988,1071,130,4,4,-11,21,12,0,0,0,0,0,0,0,0,0,0,0,0,0,0,0,0,0,0,0,0,0,0,124218
1,1,1,1,-1,991,1069,168,-6,2,-12,21,10,0,0,0,0,0,0,0,0,0,0,0,0,0,0,0,0,0,0,0,0,0,0,124228
1,1,1,1,-1,992,1067,209,-3,2,-12,21,11,0,0,0,0,0,0,0,0,0,0,0,0,0,0,0,0,0,0,0,0,0,0,124238
1,1,1,1,-3,998,1060,254,7,6,-9,20,8,0,0,0,0,0,0,0,0,0,0,0,0,0,0,0,0,0,0,0,0,0,0,124248
1,1,1,1,4,1001,1052,290,3,6,-9,20,7,0,0,0,0,0,0,0,0,0,0,0,0,0,0,0,0,0,0,0,0,0,0,124258
1,1,1,1,-3,1004,1052,316,-2,5,-9,20,11,0,0,0,0,0,0,0,0,0,0,0,0,0,0,0,0,0,0,0,0,0,0,124268
1,1,1,1,2,1010,1041,327,1,4,-8,19,9,0,0,0,0,0,0,0,0,0,0,0,0,0,0,0,0,0,0,0,0,0,0,124278
1,1,1,1,0,1018,1037,331,3,4,-13,22,11,0,0,0,0,0,0,0,0,0,0,0,0,0,0,0,0,0,0,0,0,0,0,124288
1,1,1,1,-1,1019,1028,335,4,4,-8,21,10,0,0,0,0,0,0,0,0,0,0,0,0,0,0,0,0,0,0,0,0,0,0,124298
1,1,1,1,-2,1026,1024,343,2,5,-8,19,11,0,0,0,0,0,0,0,0,0,0,0,0,0,0,0,0,0,0,0,0,0,0,124308
1,1,1,1,1,1029,1018,342,5,5,-8,19,10,0,0,0,0,0,0,0,0,0,0,0,0,0,0,0,0,0,0,0,0,0,0,124318
1,1,1,1,3,1038,1011,331,-4,3,-9,20,10,0,0,0,0,0,0,0,0,0,0,0,0,0,0,0,0,0,0,0,0,0,0,124328
1,1,1,1,1,1042,1003,313,0,1,-8,20,10,0,0,0,0,0,0,0,0,0,0,0,0,0,0,0,0,0,0,0,0,0,0,124338
1,1,1,1,-1,1045,996,296,-2,0,-9,20,11,0,0,0,0,0,0,0,0,0,0,0,0,0,0,0,0,0,0,0,0,0,0,124348
1,1,1,1,0,1053,992,267,-3,2,-8,20,11,0,0,0,0,0,0,0,0,0,0,0,0,0,0,0,0,0,0,0,0,0,0,124358
1,1,1,1,0,1055,987,230,4,2,-11,21,13,0,0,0,0,0,0,0,0,0,0,0,0,0,0,0,0,0,0,0,0,0,0,124368
1,1,1,1,-4,1062,983,183,3,2,-10,19,11,0,0,0,0,0,0,0,0,0,0,0,0,0,0,0,0,0,0,0,0,0,0,124378
1,1,1,1,2,1063,976,128,1,0,-11,19,10,0,0,0,0,0,0,0,0,0,0,0,0,0,0,0,0,0,0,0,0,0,0,124388
1,1,1,1,-1,1068,972,68,-4,2,-9,19,7,0,0,0,0,0,0,0,0,0,0,0,0,0,0,0,0,0,0,0,0,0,0,124398
1,1,1,1,-3,1069,972,3,3,2,-11,20,7,0,0,0,0,0,0,0,0,0,0,0,0,0,0,0,0,0,0,0,0,0,0,124408
1,1,1,1,1,1068,971,-69,-11,2,-11,20,10,0,0,0,0,0,0,0,0,0,0,0,0,0,0,0,0,0,0,0,0,0,0,124418
1,1,1,1,1,1063,973,-140,-5,1,-11,20,7,0,0,0,0,0,0,0,0,0,0,0,0,0,0,0,0,0,0,0,0,0,0,124428
1,1,1,1,-4,1057,976,-206,-5,0,-12,20,9,0,0,0,0,0,0,0,0,0,0,0,0,0,0,0,0,0,0,0,0,0,0,124438
1,1,1,1,-2,1059,977,-272,-10,0,-12,20,7,0,0,0,0,0,0,0,0,0,0,0,0,0,0,0,0,0,0,0,0,0,0,124448
1,1,1,1,-5,1053,982,-332,-8,2,-16,21,9,0,0,0,0,0,0,0,0,0,0,0,0,0,0,0,0,0,0,0,0,0,0,124458
1,1,1,1,-1,1051,985,-388,-4,1,-14,21,10,0,0,0,0,0,0,0,0,0,0,0,0,0,0,0,0,0,0,0,0,0,0,124468
1,1,1,1,-1,1039,1000,-440,-5,-2,-15,20,11,0,0,0,0,0,0,0,0,0,0,0,0,0,0,0,0,0,0,0,0,0,0,124478
1,1,1,1,-4,1037,1007,-476,-3,0,-15,21,8,0,0,0,0,0,0,0,0,0,0,0,0,0,0,0,0,0,0,0,0,0,0,124488
1,1,1,1,-1,1027,1015,-502,0,-2,-15,20,9,0,0,0,0,0,0,0,0,0,0,0,0,0,0,0,0,0,0,0,0,0,0,124498
1,1,1,1,1,1017,1028,-531,-2,0,-15,21,9,0,0,0,0,0,0,0,0,0,0,0,0,0,0,0,0,0,0,0,0,0,0,124508
1,1,1,1,2,1008,1042,-543,-1,-2,-13,21,11,0,0,0,0,0,0,0,0,0,0,0,0,0,0,0,0,0,0,0,0,0,0,124518
1,1,1,1,-2,999,1057,-524,-3,-2,-16,21,11,0,0,0,0,0,0,0,0,0,0,0,0,0,0,0,0,0,0,0,0,0,0,124528
1,1,1,1,0,990,1067,-485,6,-2,-14,21,8,0,0,0,0,0,0,0,0,0,0,0,0,0,0,0,0,0,0,0,0,0,0,124538
1,1,1,1,1,982,1074,-440,-3,-2,-13,21,12,0,0,0,0,0,0,0,0,0,0,0,0,0,0,0,0,0,0,0,0,0,0,124548
1,1,1,1,3,975,1084,-393,-4,-1,-12,21,11,0,0,0,0,0,0,0,0,0,0,0,0,0,0,0,0,0,0,0,0,0,0,124558
1,1,1,1,1,962,1088,-334,-1,-1,-14,22,10,0,0,0,0,0,0,0,0,0,0,0,0,0,0,0,0,0,0,0,0,0,0,124568
1,1,1,1,1,964,1094,-267,-3,1,-14,21,12,0,0,0,0,0,0,0,0,0,0,0,0,0,0,0,0,0,0,0,0,0,0,124578
1,1,1,1,0,961,1108,-194,-6,0,-13,23,12,0,0,0,0,0,0,0,0,0,0,0,0,0,0,0,0,0,0,0,0,0,0,124588
1,1,1,1,0,960,1112,-110,-2,1,-13,20,12,0,0,0,0,0,0,0,0,0,0,0,0,0,0,0,0,0,0,0,0,0,0,124598
1,1,1,1,0,954,1110,-21,2,1,-10,20,8,0,0,0,0,0,0,0,0,0,0,0,0,0,0,0,0,0,0,0,0,0,0,124608
1,1,1,1,-4,954,1109,69,3,3,-9,21,9,0,0,0,0,0,0,0,0,0,0,0,0,0,0,0,0,0,0,0,0,0,0,124618
1,1,1,1,-1,952,1105,154,3,3,-8,21,11,0,0,0,0,0,0,0,0,0,0,0,0,0,0,0,0,0,0,0,0,0,0,124628
1,1,1,1,-3,957,1107,226,-4,1,-7,20,12,0,0,0,0,0,0,0,0,0,0,0,0,0,0,0,0,0,0,0,0,0,0,124638
1,1,1,1,3,959,1102,277,-2,1,-7,21,11,0,0,0,0,0,0,0,0,0,0,0,0,0,0,0,0,0,0,0,0,0,0,124648
1,1,1,1,3,964,1092,336,3,5,-6,20,10,0,0,0,0,0,0,0,0,0,0,0,0,0,0,0,0,0,0,0,0,0,0,124658
1,1,1,1,-1,968,1081,381,7,5,-8,20,9,0,0,0,0,0,0,0,0,0,0,0,0,0,0,0,0,0,0,0,0,0,0,124668
1,1,1,1,-3,981,1078,421,9,8,-8,20,12,0,0,0,0,0,0,0,0,0,0,0,0,0,0,0,0,0,0,0,0,0,0,124678
1,1,1,1,-3,988,1070,454,9,8,-7,20,12,0,0,0,0,0,0,0,0,0,0,0,0,0,0,0,0,0,0,0,0,0,0,124688
1,1,1,1,-5,994,1064,479,4,4,-9,20,9,0,0,0,0,0,0,0,0,0,0,0,0,0,0,0,0,0,0,0,0,0,0,124698
1,1,1,1,-2,1005,1047,493,5,7,-8,19,12,0,0,0,0,0,0,0,0,0,0,0,0,0,0,0,0,0,0,0,0,0,0,124708
1,1,1,1,1,1015,1036,477,3,8,-7,20,12,0,0,0,0,0,0,0,0,0,0,0,0,0,0,0,0,0,0,0,0,0,0,124718
1,1,1,1,0,1025,1026,442,4,6,-6,20,8,0,0,0,0,0,0,0,0,0,0,0,0,0,0,0,0,0,0,0,0,0,0,124728
1,1,1,1,3,1030,1016,391,1,6,-7,19,10,0,0,0,0,0,0,0,0,0,0,0,0,0,0,0,0,0,0,0,0,0,0,124738
1,1,1,1,2,1035,1007,335,8,3,-9,20,9,0,0,0,0,0,0,0,0,0,0,0,0,0,0,0,0,0,0,0,0,0,0,124748
1,1,1,1,0,1037,1002,270,0,3,-10,20,10,0,0,0,0,0,0,0,0,0,0,0,0,0,0,0,0,0,0,0,0,0,0,124758
1,1,1,1,0,1047,998,199,2,3,-8,19,10,0,0,0,0,0,0,0,0,0,0,0,0,0,0,0,0,0,0,0,0,0,0,124768
1,1,1,1,4,1050,995,127,0,3,-11,20,8,0,0,0,0,0,0,0,0,0,0,0,0,0,0,0,0,0,0,0,0,0,0,124778
1,1,1,1,1,1048,990,52,2,4,-10,20,11,0,0,0,0,0,0,0,0,0,0,0,0,0,0,0,0,0,0,0,0,0,0,124788
1,1,1,1,-2,1049,994,-6,1,3,-8,20,11,0,0,0,0,0,0,0,0,0,0,0,0,0,0,0,0,0,0,0,0,0,0,124798
1,1,1,1,0,1048,991,-73,1,3,-9,19,10,0,0,0,0,0,0,0,0,0,0,0,0,0,0,0,0,0,0,0,0,0,0,124808
1,1,1,1,2,1042,994,-138,-2,1,-11,19,11,0,0,0,0,0,0,0,0,0,0,0,0,0,0,0,0,0,0,0,0,0,0,124818
1,1,1,1,1,1038,1000,-188,-2,2,-10,20,10,0,0,0,0,0,0,0,0,0,0,0,0,0,0,0,0,0,0,0,0,0,0,124828
1,1,1,1,3,1035,1004,-229,-7,1,-12,20,11,0,0,0,0,0,0,0,0,0,0,0,0,0,0,0,0,0,0,0,0,0,0,124838
1,1,1,1,-1,1034,1011,-258,4,1,-13,21,12,0,0,0,0,0,0,0,0,0,0,0,0,0,0,0,0,0,0,0,0,0,0,124848
1,1,1,1,-3,1028,1021,-283,-6,-1,-14,21,10,0,0,0,0,0,0,0,0,0,0,0,0,0,0,0,0,0,0,0,0,0,0,124858
1,1,1,1,0,1025,1023,-290,-4,1,-14,22,12,0,0,0,0,0,0,0,0,0,0,0,0,0,0,0,0,0,0,0,0,0,0,124868
1,1,1,1,3,1023,1029,-284,0,1,-11,20,9,0,0,0,0,0,0,0,0,0,0,0,0,0,0,0,0,0,0,0,0,0,0,124878
1,1,1,1,-1,1011,1039,-269,0,0,-12,19,11,0,0,0,0,0,0,0,0,0,0,0,0,0,0,0,0,0,0,0,0,0,0,124888
1,1,1,1,0,1005,1049,-245,-1,-1,-13,20,6,0,0,0,0,0,0,0,0,0,0,0,0,0,0,0,0,0,0,0,0,0,0,124898
1,1,1,1,-3,1005,1055,-199,-1,0,-14,22,12,0,0,0,0,0,0,0,0,0,0,0,0,0,0,0,0,0,0,0,0,0,0,124908
1,1,1,1,2,999,1056,-144,-3,-1,-13,22,15,0,0,0,0,0,0,0,0,0,0,0,0,0,0,0,0,0,0,0,0,0,0,124918
1,1,1,1,3,994,1065,-81,-5,0,-10,20,10,0,0,0,0,0,0,0,0,0,0,0,0,0,0,0,0,0,0,0,0,0,0,124928
1,1,1,1,5,996,1064,-18,-1,3,-10,20,8,0,0,0,0,0,0,0,0,0,0,0,0,0,0,0,0,0,0,0,0,0,0,124938
1,1,1,1,-1,995,1064,45,-3,2,-10,21,9,0,0,0,0,0,0,0,0,0,0,0,0,0,0,0,0,0,0,0,0,0,0,124948
1,1,1,1,-1,1002,1064,89,-3,2,-11,21,10,0,0,0,0,0,0,0,0,0,0,0,0,0,0,0,0,0,0,0,0,0,0,124958
1,1,1,1,0,1002,1062,145,-1,2,-9,21,9,0,0,0,0,0,0,0,0,0,0,0,0,0,0,0,0,0,0,0,0,0,0,124968
1,1,1,1,0,1002,1062,195,-3,3,-10,20,9,0,0,0,0,0,0,0,0,0,0,0,0,0,0,0,0,0,0,0,0,0,0,124978
1,1,1,1,-3,997,1056,232,-1,4,-12,21,8,0,0,0,0,0,0,0,0,0,0,0,0,0,0,0,0,0,0,0,0,0,0,124988
1,1,1,1,3,1008,1046,250,6,6,-11,21,10,0,0,0,0,0,0,0,0,0,0,0,0,0,0,0,0,0,0,0,0,0,0,124998
1,1,1,1,0,1013,1041,244,-7,2,-9,20,12,0,0,0,0,0,0,0,0,0,0,0,0,0,0,0,0,0,0,0,0,0,0,125008
1,1,1,1,-1,1018,1034,247,2,6,-9,21,10,0,0,0,0,0,0,0,0,0,0,0,0,0,0,0,0,0,0,0,0,0,0,125018
1,1,1,1,5,1020,1027,240,1,4,-11,20,8,0,0,0,0,0,0,0,0,0,0,0,0,0,0,0,0,0,0,0,0,0,0,125028
1,1,1,1,4,1023,1019,231,4,5,-10,20,10,0,0,0,0,0,0,0,0,0,0,0,0,0,0,0,0,0,0,0,0,0,0,125038
1,1,1,1,1,1032,1015,209,3,3,-11,21,10,0,0,0,0,0,0,0,0,0,0,0,0,0,0,0,0,0,0,0,0,0,0,125048
1,1,1,1,-3,1036,1012,181,5,4,-8,19,8,0,0,0,0,0,0,0,0,0,0,0,0,0,0,0,0,0,0,0,0,0,0,125058
1,1,1,1,1,1038,1008,145,0,4,-8,19,10,0,0,0,0,0,0,0,0,0,0,0,0,0,0,0,0,0,0,0,0,0,0,125068
1,1,1,1,-4,1037,1004,98,-8,3,-7,19,11,0,0,0,0,0,0,0,0,0,0,0,0,0,0,0,0,0,0,0,0,0,0,125078
1,1,1,1,-5,1040,995,46,1,3,-10,20,13,0,0,0,0,0,0,0,0,0,0,0,0,0,0,0,0,0,0,0,0,0,0,125088
1,1,1,1,-6,1044,1002,-13,3,2,-9,20,11,0,0,0,0,0,0,0,0,0,0,0,0,0,0,0,0,0,0,0,0,0,0,125098
1,1,1,1,0,1045,1000,-65,1,0,-11,20,10,0,0,0,0,0,0,0,0,0,0,0,0,0,0,0,0,0,0,0,0,0,0,125108
1,1,1,1,-1,1037,1003,-131,2,1,-11,20,10,0,0,0,0,0,0,0,0,0,0,0,0,0,0,0,0,0,0,0,0,0,0,125118
1,1,1,1,3,1040,1003,-194,-2,1,-10,20,8,0,0,0,0,0,0,0,0,0,0,0,0,0,0,0,0,0,0,0,0,0,0,125128
1,1,1,1,4,1036,1005,-255,-5,0,-12,19,6,0,0,0,0,0,0,0,0,0,0,0,0,0,0,0,0,0,0,0,0,0,0,125138
1,1,1,1,-2,1031,1013,-301,-3,1,-14,22,13,0,0,0,0,0,0,0,0,0,0,0,0,0,0,0,0,0,0,0,0,0,0,125148
1,1,1,1,-1,1026,1018,-343,-5,-1,-13,20,12,0,0,0,0,0,0,0,0,0,0,0,0,0,0,0,0,0,0,0,0,0,0,125158
1,1,1,1,-2,1020,1025,-375,-3,0,-13,20,9,0,0,0,0,0,0,0,0,0,0,0,0,0,0,0,0,0,0,0,0,0,0,125168
1,1,1,1,1,1015,1036,-394,2,1,-15,22,12,0,0,0,0,0,0,0,0,0,0,0,0,0,0,0,0,0,0,0,0,0,0,125178
1,1,1,1,1,1008,1046,-391,-6,-3,-12,21,11,0,0,0,0,0,0,0,0,0,0,0,0,0,0,0,0,0,0,0,0,0,0,125188
1,1,1,1,-1,999,1056,-368,-3,1,-16,23,11,0,0,0,0,0,0,0,0,0,0,0,0,0,0,0,0,0,0,0,0,0,0,125198
1,1,1,1,-3,991,1064,-331,1,0,-13,18,12,0,0,0,0,0,0,0,0,0,0,0,0,0,0,0,0,0,0,0,0,0,0,125208
1,1,1,1,3,984,1067,-287,3,0,-12,21,12,0,0,0,0,0,0,0,0,0,0,0,0,0,0,0,0,0,0,0,0,0,0,125218
1,1,1,1,4,981,1067,-248,1,2,-10,21,11,0,0,0,0,0,0,0,0,0,0,0,0,0,0,0,0,0,0,0,0,0,0,125228
1,1,1,1,2,977,1074,-213,-4,0,-8,19,8,0,0,0,0,0,0,0,0,0,0,0,0,0,0,0,0,0,0,0,0,0,0,125238
1,1,1,1,1,972,1085,-169,4,1,-11,21,13,0,0,0,0,0,0,0,0,0,0,0,0,0,0,0,0,0,0,0,0,0,0,125248
1,1,1,1,-2,972,1089,-134,5,1,-10,20,12,0,0,0,0,0,0,0,0,0,0,0,0,0,0,0,0,0,0,0,0,0,0,125258
1,1,1,1,-4,953,1073,-79,0,4,-11,21,14,0,0,0,0,0,0,0,0,0,0,0,0,0,0,0,0,0,0,0,0,0,0,125268
1,1,1,1,14,978,1095,-23,-9,7,-11,20,14,0,0,0,0,0,0,0,0,0,0,0,0,0,0,0,0,0,0,0,0,0,0,125278
1,1,1,1,11,994,1117,38,4,-8,-9,19,10,0,0,0,0,0,0,0,0,0,0,0,0,0,0,0,0,0,0,0,0,0,0,125288
1,1,1,1,-25,956,1075,97,-5,5,-11,20,11,0,0,0,0,0,0,0,0,0,0,0,0,0,0,0,0,0,0,0,0,0,0,125298
1,1,1,1,-11,963,1081,149,2,2,-9,20,13,0,0,0,0,0,0,0,0,0,0,0,0,0,0,0,0,0,0,0,0,0,0,125308
1,1,1,1,-2,978,1090,199,5,3,-9,20,11,0,0,0,0,0,0,0,0,0,0,0,0,0,0,0,0,0,0,0,0,0,0,125318
1,1,1,1,2,973,1073,248,-4,5,-10,21,10,0,0,0,0,0,0,0,0,0,0,0,0,0,0,0,0,0,0,0,0,0,0,125328
1,1,1,1,17,977,1078,295,5,3,-9,21,10,0,0,0,0,0,0,0,0,0,0,0,0,0,0,0,0,0,0,0,0,0,0,125338
1,1,1,1,15,988,1070,338,-7,7,-8,20,9,0,0,0,0,0,0,0,0,0,0,0,0,0,0,0,0,0,0,0,0,0,0,125348
1,1,1,1,2,982,1059,368,-5,4,-8,20,13,0,0,0,0,0,0,0,0,0,0,0,0,0,0,0,0,0,0,0,0,0,0,125358
1,1,1,1,-8,996,1064,388,-1,5,-11,20,10,0,0,0,0,0,0,0,0,0,0,0,0,0,0,0,0,0,0,0,0,0,0,125368
1,1,1,1,-16,1012,1054,392,3,9,-11,21,10,0,0,0,0,0,0,0,0,0,0,0,0,0,0,0,0,0,0,0,0,0,0,125378
1,1,1,1,-15,1008,1037,377,-1,4,-13,21,13,0,0,0,0,0,0,0,0,0,0,0,0,0,0,0,0,0,0,0,0,0,0,125388
1,1,1,1,-5,1014,1028,348,1,7,-10,21,12,0,0,0,0,0,0,0,0,0,0,0,0,0,0,0,0,0,0,0,0,0,0,125398
1,1,1,1,6,1022,1021,322,-4,4,-10,22,11,0,0,0,0,0,0,0,0,0,0,0,0,0,0,0,0,0,0,0,0,0,0,125408
1,1,1,1,11,1028,1020,290,-5,3,-9,20,8,0,0,0,0,0,0,0,0,0,0,0,0,0,0,0,0,0,0,0,0,0,0,125418
1,1,1,1,9,1029,1015,262,4,5,-10,20,8,0,0,0,0,0,0,0,0,0,0,0,0,0,0,0,0,0,0,0,0,0,0,125428
1,1,1,1,3,1030,1000,221,2,2,-14,25,10,0,0,0,0,0,0,0,0,0,0,0,0,0,0,0,0,0,0,0,0,0,0,125438
1,1,1,1,-6,1035,1007,177,-2,3,-11,21,12,0,0,0,0,0,0,0,0,0,0,0,0,0,0,0,0,0,0,0,0,0,0,125448
1,1,1,1,-5,1050,1008,133,-3,1,-11,21,11,0,0,0,0,0,0,0,0,0,0,0,0,0,0,0,0,0,0,0,0,0,0,125458
1,1,1,1,-6,1046,1001,91,-2,3,-12,22,12,0,0,0,0,0,0,0,0,0,0,0,0,0,0,0,0,0,0,0,0,0,0,125468
1,1,1,1,-1,1041,996,52,1,3,-11,18,9,0,0,0,0,0,0,0,0,0,0,0,0,0,0,0,0,0,0,0,0,0,0,125478
1,1,1,1,5,1050,993,17,7,4,-12,20,10,0,0,0,0,0,0,0,0,0,0,0,0,0,0,0,0,0,0,0,0,0,0,125488
1,1,1,1,2,1046,999,-18,5,2,-11,18,11,0,0,0,0,0,0,0,0,0,0,0,0,0,0,0,0,0,0,0,0,0,0,125498
1,1,1,1,2,1046,997,-49,-6,1,-12,21,12,0,0,0,0,0,0,0,0,0,0,0,0,0,0,0,0,0,0,0,0,0,0,125508
1,1,1,1,-1,1046,1000,-77,1,1,-13,22,9,0,0,0,0,0,0,0,0,0,0,0,0,0,0,0,0,0,0,0,0,0,0,125518
1,1,1,1,-3,1041,1004,-103,3,1,-11,20,11,0,0,0,0,0,0,0,0,0,0,0,0,0,0,0,0,0,0,0,0,0,0,125528
1,1,1,1,-3,1041,1009,-123,1,2,-9,20,12,0,0,0,0,0,0,0,0,0,0,0,0,0,0,0,0,0,0,0,0,0,0,125538
1,1,1,1,-3,1042,1009,-142,-7,0,-10,20,11,0,0,0,0,0,0,0,0,0,0,0,0,0,0,0,0,0,0,0,0,0,0,125548
1,1,1,1,2,1035,1009,-153,-3,-1,-10,21,11,0,0,0,0,0,0,0,0,0,0,0,0,0,0,0,0,0,0,0,0,0,0,125558
1,1,1,1,2,1032,1014,-158,0,2,-11,20,12,0,0,0,0,0,0,0,0,0,0,0,0,0,0,0,0,0,0,0,0,0,0,125568
1,1,1,1,2,1027,1014,-164,-4,1,-9,20,11,0,0,0,0,0,0,0,0,0,0,0,0,0,0,0,0,0,0,0,0,0,0,125578
1,1,1,1,3,1028,1020,-167,0,1,-12,20,12,0,0,0,0,0,0,0,0,0,0,0,0,0,0,0,0,0,0,0,0,0,0,125588
1,1,1,1,2,1026,1026,-171,0,1,-10,19,12,0,0,0,0,0,0,0,0,0,0,0,0,0,0,0,0,0,0,0,0,0,0,125598
1,1,1,1,-3,1020,1029,-172,-1,1,-9,20,10,0,0,0,0,0,0,0,0,0,0,0,0,0,0,0,0,0,0,0,0,0,0,125608
1,1,1,1,0,1016,1034,-175,-5,2,-10,20,12,0,0,0,0,0,0,0,0,0,0,0,0,0,0,0,0,0,0,0,0,0,0,125618
1,1,1,1,0,1017,1040,-176,-2,0,-10,20,11,0,0,0,0,0,0,0,0,0,0,0,0,0,0,0,0,0,0,0,0,0,0,125628
1,1,1,1,0,1014,1033,-168,0,1,-9,20,8,0,0,0,0,0,0,0,0,0,0,0,0,0,0,0,0,0,0,0,0,0,0,125638
1,1,1,1,3,1014,1040,-150,10,3,-9,21,9,0,0,0,0,0,0,0,0,0,0,0,0,0,0,0,0,0,0,0,0,0,0,125648
1,1,1,1,1,1003,1046,-132,1,2,-11,21,10,0,0,0,0,0,0,0,0,0,0,0,0,0,0,0,0,0,0,0,0,0,0,125658
1,1,1,1,1,1004,1047,-110,-1,-1,-11,21,11,0,0,0,0,0,0,0,0,0,0,0,0,0,0,0,0,0,0,0,0,0,0,125668
1,1,1,1,3,1007,1053,-83,-2,2,-10,21,12,0,0,0,0,0,0,0,0,0,0,0,0,0,0,0,0,0,0,0,0,0,0,125678
1,1,1,1,-2,1002,1051,-57,-4,3,-9,20,8,0,0,0,0,0,0,0,0,0,0,0,0,0,0,0,0,0,0,0,0,0,0,125688
1,1,1,1,1,1000,1055,-33,-2,2,-9,20,11,0,0,0,0,0,0,0,0,0,0,0,0,0,0,0,0,0,0,0,0,0,0,125698
1,1,1,1,2,1000,1057,-15,3,2,-7,20,11,0,0,0,0,0,0,0,0,0,0,0,0,0,0,0,0,0,0,0,0,0,0,125708
1,1,1,1,-1,999,1056,7,1,1,-9,20,8,0,0,0,0,0,0,0,0,0,0,0,0,0,0,0,0,0,0,0,0,0,0,125718
1,1,1,1,4,1000,1052,29,1,3,-11,20,9,0,0,0,0,0,0,0,0,0,0,0,0,0,0,0,0,0,0,0,0,0,0,125728
1,1,1,1,4,1003,1047,58,-5,3,-10,21,12,0,0,0,0,0,0,0,0,0,0,0,0,0,0,0,0,0,0,0,0,0,0,125748
1,1,1,1,-2,999,1051,68,6,4,-9,19,7,0,0,0,0,0,0,0,0,0,0,0,0,0,0,0,0,0,0,0,0,0,0,125758
1,1,1,1,-2,1009,1049,68,7,4,-10,19,12,0,0,0,0,0,0,0,0,0,0,0,0,0,0,0,0,0,0,0,0,0,0,125768
1,1,1,1,-5,1004,1049,63,-1,2,-12,22,9,0,0,0,0,0,0,0,0,0,0,0,0,0,0,0,0,0,0,0,0,0,0,125778
1,1,1,1,0,1007,1045,51,-2,1,-11,19,12,0,0,0,0,0,0,0,0,0,0,0,0,0,0,0,0,0,0,0,0,0,0,125788
1,1,1,1,0,1009,1040,39,0,2,-16,22,12,0,0,0,0,0,0,0,0,0,0,0,0,0,0,0,0,0,0,0,0,0,0,125798
1,1,1,1,2,1005,1042,26,-2,1,-14,20,14,0,0,0,0,0,0,0,0,0,0,0,0,0,0,0,0,0,0,0,0,0,0,125808
1,1,1,1,0,1008,1045,16,2,3,-12,20,12,0,0,0,0,0,0,0,0,0,0,0,0,0,0,0,0,0,0,0,0,0,0,125818
1,1,1,1,1,1006,1041,0,-4,1,-11,19,13,0,0,0,0,0,0,0,0,0,0,0,0,0,0,0,0,0,0,0,0,0,0,125828
1,1,1,1,-4,1010,1040,-14,-11,1,-7,20,12,0,0,0,0,0,0,0,0,0,0,0,0,0,0,0,0,0,0,0,0,0,0,125838
1,1,1,1,-2,1012,1042,-22,-3,3,-10,20,13,0,0,0,0,0,0,0,0,0,0,0,0,0,0,0,0,0,0,0,0,0,0,125848
1,1,1,1,-2,1006,1042,-28,0,2,-10,20,9,0,0,0,0,0,0,0,0,0,0,0,0,0,0,0,0,0,0,0,0,0,0,125858
1,1,1,1,3,1003,1043,-36,-1,1,-12,20,11,0,0,0,0,0,0,0,0,0,0,0,0,0,0,0,0,0,0,0,0,0,0,125868
1,1,1,1,7,1005,1044,-38,0,1,-11,20,11,0,0,0,0,0,0,0,0,0,0,0,0,0,0,0,0,0,0,0,0,0,0,125878
1,1,1,1,5,1007,1041,-41,-7,0,-11,20,10,0,0,0,0,0,0,0,0,0,0,0,0,0,0,0,0,0,0,0,0,0,0,125888
1,1,1,1,1,1000,1048,-36,-2,1,-11,20,11,0,0,0,0,0,0,0,0,0,0,0,0,0,0,0,0,0,0,0,0,0,0,125898
1,1,1,1,2,1001,1052,-28,-3,2,-10,20,10,0,0,0,0,0,0,0,0,0,0,0,0,0,0,0,0,0,0,0,0,0,0,125908
1,1,1,1,-1,1004,1047,-21,-3,2,-11,20,9,0,0,0,0,0,0,0,0,0,0,0,0,0,0,0,0,0,0,0,0,0,0,125918
1,1,1,1,-3,1002,1052,-10,-6,2,-11,20,8,0,0,0,0,0,0,0,0,0,0,0,0,0,0,0,0,0,0,0,0,0,0,125928
1,1,1,1,-3,1003,1049,12,5,1,-10,20,8,0,0,0,0,0,0,0,0,0,0,0,0,0,0,0,0,0,0,0,0,0,0,125938
1,1,1,1,-3,1001,1050,27,0,2,-12,20,10,0,0,0,0,0,0,0,0,0,0,0,0,0,0,0,0,0,0,0,0,0,0,125948
1,1,1,1,-3,1000,1050,45,0,2,-9,19,10,0,0,0,0,0,0,0,0,0,0,0,0,0,0,0,0,0,0,0,0,0,0,125958
1,1,1,1,1,1003,1045,63,0,3,-10,20,13,0,0,0,0,0,0,0,0,0,0,0,0,0,0,0,0,0,0,0,0,0,0,125968
1,1,1,1,1,1005,1049,79,-1,4,-9,20,13,0,0,0,0,0,0,0,0,0,0,0,0,0,0,0,0,0,0,0,0,0,0,125978
1,1,1,1,5,1010,1048,92,4,4,-10,20,13,0,0,0,0,0,0,0,0,0,0,0,0,0,0,0,0,0,0,0,0,0,0,125988
1,1,1,1,2,1011,1045,94,0,3,-10,20,9,0,0,0,0,0,0,0,0,0,0,0,0,0,0,0,0,0,0,0,0,0,0,125998
1,1,1,1,0,1007,1045,94,-1,2,-8,20,11,0,0,0,0,0,0,0,0,0,0,0,0,0,0,0,0,0,0,0,0,0,0,126008
