1,1,0,1,-4,1032,1015,11,-1,-1,2,0,1,0,0,0,0,0,0,0,0,0,0,0,0,0,0,0,0,0,0,0,0,0,0,32525
1,1,0,1,1,1035,1017,14,-1,0,3,0,1,0,0,0,0,0,0,0,0,0,0,0,0,0,0,0,0,0,0,0,0,0,0,32535
1,1,0,1,-4,1033,1014,18,-4,0,3,0,1,0,0,0,0,0,0,0,0,0,0,0,0,0,0,0,0,0,0,0,0,0,0,32545
1,1,0,1,0,1029,1013,4,-1,-1,0,1,1,0,0,0,0,0,0,0,0,0,0,0,0,0,0,0,0,0,0,0,0,0,0,32555
1,1,0,1,-4,1037,1011,3,-2,0,0,1,0,0,0,0,0,0,0,0,0,0,0,0,0,0,0,0,0,0,0,0,0,0,0,32565
1,1,0,1,-6,1033,1013,8,2,1,-1,1,1,0,0,0,0,0,0,0,0,0,0,0,0,0,0,0,0,0,0,0,0,0,0,32575
1,1,0,1,-5,1035,1017,5,3,1,1,0,1,0,0,0,0,0,0,0,0,0,0,0,0,0,0,0,0,0,0,0,0,0,0,32585
1,1,0,1,-7,1039,1018,12,-3,1,1,1,0,0,0,0,0,0,0,0,0,0,0,0,0,0,0,0,0,0,0,0,0,0,0,32595
1,1,0,1,-1,1030,1008,11,-5,-2,0,1,1,0,0,0,0,0,0,0,0,0,0,0,0,0,0,0,0,0,0,0,0,0,0,32605
1,1,0,1,-3,1034,1015,2,-1,0,1,0,1,0,0,0,0,0,0,0,0,0,0,0,0,0,0,0,0,0,0,0,0,0,0,32615
1,1,0,1,-2,1040,1009,0,-7,-1,1,0,1,0,0,0,0,0,0,0,0,0,0,0,0,0,0,0,0,0,0,0,0,0,0,32625
1,1,0,1,-2,1036,1007,-3,3,0,0,0,1,0,0,0,0,0,0,0,0,0,0,0,0,0,0,0,0,0,0,0,0,0,0,32635
1,1,0,1,-2,1034,1009,-7,3,1,1,0,1,0,0,0,0,0,0,0,0,0,0,0,0,0,0,0,0,0,0,0,0,0,0,32645
1,1,0,1,-4,1036,1010,3,-3,-1,-1,1,1,0,0,0,0,0,0,0,0,0,0,0,0,0,0,0,0,0,0,0,0,0,0,32655
1,1,0,1,-5,1034,1011,2,-10,-1,0,1,1,0,0,0,0,0,0,0,0,0,0,0,0,0,0,0,0,0,0,0,0,0,0,32665
1,1,0,1,-8,1035,1009,6,6,2,1,0,1,0,0,0,0,0,0,0,0,0,0,0,0,0,0,0,0,0,0,0,0,0,0,32675
1,1,0,1,-5,1036,1012,11,4,1,1,0,1,0,0,0,0,0,0,0,0,0,0,0,0,0,0,0,0,0,0,0,0,0,0,32685
1,1,0,1,-4,1034,1016,4,0,0,2,-1,1,0,0,0,0,0,0,0,0,0,0,0,0,0,0,0,0,0,0,0,0,0,0,32695
1,1,0,1,-4,1034,1016,-7,-4,0,4,0,1,0,0,0,0,0,0,0,0,0,0,0,0,0,0,0,0,0,0,0,0,0,0,32705
1,1,0,1,-2,1036,1011,-2,-7,-2,0,1,1,0,0,0,0,0,0,0,0,0,0,0,0,0,0,0,0,0,0,0,0,0,0,32715
1,1,0,1,-4,1033,1012,12,1,1,0,0,1,0,0,0,0,0,0,0,0,0,0,0,0,0,0,0,0,0,0,0,0,0,0,32745
1,1,0,1,2,1025,1015,-10,-3,-1,1,0,1,0,0,0,0,0,0,0,0,0,0,0,0,0,0,0,0,0,0,0,0,0,0,32755
1,1,0,1,3,1031,1016,-22,-5,-2,-1,0,1,0,0,0,0,0,0,0,0,0,0,0,0,0,0,0,0,0,0,0,0,0,0,32765
1,1,0,1,1,1035,1012,-4,1,2,1,0,1,0,0,0,0,0,0,0,0,0,0,0,0,0,0,0,0,0,0,0,0,0,0,32775
1,1,0,1,-6,1035,1017,7,1,2,1,-1,1,0,0,0,0,0,0,0,0,0,0,0,0,0,0,0,0,0,0,0,0,0,0,32785
1,1,0,1,-5,1035,1013,30,-1,4,0,-2,1,0,0,0,0,0,0,0,0,0,0,0,0,0,0,0,0,0,0,0,0,0,0,32795
1,1,0,1,-5,1035,1008,42,-3,-3,0,1,1,0,0,0,0,0,0,0,0,0,0,0,0,0,0,0,0,0,0,0,0,0,0,32805
1,1,0,1,-6,1026,1011,34,-5,0,1,0,1,0,0,0,0,0,0,0,0,0,0,0,0,0,0,0,0,0,0,0,0,0,0,32815
1,1,0,1,-3,1032,1013,19,-5,0,2,0,1,0,0,0,0,0,0,0,0,0,0,0,0,0,0,0,0,0,0,0,0,0,0,32825
1,1,0,1,0,1030,1013,6,-2,-1,1,1,1,0,0,0,0,0,0,0,0,0,0,0,0,0,0,0,0,0,0,0,0,0,0,32835
1,1,0,1,-6,1028,1017,-9,1,1,2,1,1,0,0,0,0,0,0,0,0,0,0,0,0,0,0,0,0,0,0,0,0,0,0,32845
1,1,0,1,-6,1038,1011,-14,0,1,1,0,1,0,0,0,0,0,0,0,0,0,0,0,0,0,0,0,0,0,0,0,0,0,0,32855
1,1,0,1,-7,1038,1011,-2,-7,-1,1,1,1,0,0,0,0,0,0,0,0,0,0,0,0,0,0,0,0,0,0,0,0,0,0,32865
1,1,0,1,-8,1032,1011,3,-1,0,-1,1,1,0,0,0,0,0,0,0,0,0,0,0,0,0,0,0,0,0,0,0,0,0,0,32875
1,1,0,1,-4,1034,1010,11,-2,0,1,0,0,0,0,0,0,0,0,0,0,0,0,0,0,0,0,0,0,0,0,0,0,0,0,32885
1,1,0,1,-6,1031,1010,12,-7,-1,-1,1,0,0,0,0,0,0,0,0,0,0,0,0,0,0,0,0,0,0,0,0,0,0,0,32895
1,1,0,1,1,1029,1012,-6,-1,-1,0,1,0,0,0,0,0,0,0,0,0,0,0,0,0,0,0,0,0,0,0,0,0,0,0,32905
1,1,0,1,1,1034,1013,-7,0,0,-1,1,0,0,0,0,0,0,0,0,0,0,0,0,0,0,0,0,0,0,0,0,0,0,0,32915
1,1,0,1,-3,1037,1011,-10,-1,0,-2,1,0,0,0,0,0,0,0,0,0,0,0,0,0,0,0,0,0,0,0,0,0,0,0,32925
1,1,0,1,-4,1033,1005,-16,0,0,0,1,0,0,0,0,0,0,0,0,0,0,0,0,0,0,0,0,0,0,0,0,0,0,0,32935
1,1,0,1,-4,1039,1010,3,5,-1,-1,1,1,0,0,0,0,0,0,0,0,0,0,0,0,0,0,0,0,0,0,0,0,0,0,32945
1,1,0,1,-6,1040,1013,13,-6,-1,0,0,1,0,0,0,0,0,0,0,0,0,0,0,0,0,0,0,0,0,0,0,0,0,0,32955
1,1,0,1,-3,1032,1010,14,1,1,1,0,1,0,0,0,0,0,0,0,0,0,0,0,0,0,0,0,0,0,0,0,0,0,0,32965
1,1,0,1,-5,1036,1011,20,-1,0,1,0,1,0,0,0,0,0,0,0,0,0,0,0,0,0,0,0,0,0,0,0,0,0,0,32975
1,1,0,1,-5,1030,1017,11,1,0,0,0,1,0,0,0,0,0,0,0,0,0,0,0,0,0,0,0,0,0,0,0,0,0,0,32985
1,1,0,1,-3,1027,1015,-3,0,1,0,0,1,0,0,0,0,0,0,0,0,0,0,0,0,0,0,0,0,0,0,0,0,0,0,32995
1,1,0,1,-2,1040,1011,-3,-4,0,1,1,1,0,0,0,0,0,0,0,0,0,0,0,0,0,0,0,0,0,0,0,0,0,0,33005
1,1,0,1,-4,1030,1011,-1,-5,0,0,1,1,0,0,0,0,0,0,0,0,0,0,0,0,0,0,0,0,0,0,0,0,0,0,33015
1,1,0,1,-5,1037,1011,-6,-5,0,0,0,1,0,0,0,0,0,0,0,0,0,0,0,0,0,0,0,0,0,0,0,0,0,0,33025
1,1,0,1,-10,1039,1008,10,-3,0,-1,5,1,0,0,0,0,0,0,0,0,0,0,0,0,0,0,0,0,0,0,0,0,0,0,33035
1,1,0,1,-7,1033,1014,14,3,2,1,0,1,0,0,0,0,0,0,0,0,0,0,0,0,0,0,0,0,0,0,0,0,0,0,33045
1,1,0,1,-2,1030,1015,7,0,2,-1,0,1,0,0,0,0,0,0,0,0,0,0,0,0,0,0,0,0,0,0,0,0,0,0,33055
1,1,0,1,-6,1038,1008,9,1,-1,1,-2,1,0,0,0,0,0,0,0,0,0,0,0,0,0,0,0,0,0,0,0,0,0,0,33065
1,1,0,1,-6,1031,1012,-5,-3,1,-2,0,2,0,0,0,0,0,0,0,0,0,0,0,0,0,0,0,0,0,0,0,0,0,0,33075
1,1,0,1,-2,1038,1011,-13,0,0,-1,1,1,0,0,0,0,0,0,0,0,0,0,0,0,0,0,0,0,0,0,0,0,0,0,33085
1,1,0,1,0,1037,1014,-5,0,0,-1,1,1,0,0,0,0,0,0,0,0,0,0,0,0,0,0,0,0,0,0,0,0,0,0,33095
1,1,0,1,-4,1033,1011,-3,4,1,0,0,1,0,0,0,0,0,0,0,0,0,0,0,0,0,0,0,0,0,0,0,0,0,0,33105
1,1,0,1,-1,1037,1012,6,6,1,-1,0,1,0,0,0,0,0,0,0,0,0,0,0,0,0,0,0,0,0,0,0,0,0,0,33115
1,1,0,1,-4,1036,1013,12,-9,-1,0,2,1,0,0,0,0,0,0,0,0,0,0,0,0,0,0,0,0,0,0,0,0,0,0,33125
1,1,0,1,-2,1037,1016,8,-3,1,0,0,2,0,0,0,0,0,0,0,0,0,0,0,0,0,0,0,0,0,0,0,0,0,0,33135
1,1,0,1,-3,1030,1010,4,1,2,-1,1,1,0,0,0,0,0,0,0,0,0,0,0,0,0,0,0,0,0,0,0,0,0,0,33145
1,1,0,1,-5,1032,1012,6,1,1,0,1,1,0,0,0,0,0,0,0,0,0,0,0,0,0,0,0,0,0,0,0,0,0,0,33155
1,1,0,1,1,1031,1009,-6,2,1,0,1,1,0,0,0,0,0,0,0,0,0,0,0,0,0,0,0,0,0,0,0,0,0,0,33165
1,1,0,1,-1,1033,1012,-4,3,2,2,0,1,0,0,0,0,0,0,0,0,0,0,0,0,0,0,0,0,0,0,0,0,0,0,33175
1,1,0,1,-5,1037,1013,6,-2,-1,-1,1,1,0,0,0,0,0,0,0,0,0,0,0,0,0,0,0,0,0,0,0,0,0,0,33185
1,1,0,1,-4,1034,1014,7,-8,-2,-1,0,-1,0,0,0,0,0,0,0,0,0,0,0,0,0,0,0,0,0,0,0,0,0,0,33195
1,1,0,1,-1,1038,1014,17,1,1,-1,1,0,0,0,0,0,0,0,0,0,0,0,0,0,0,0,0,0,0,0,0,0,0,0,33205
1,1,0,1,-4,1039,1012,26,0,1,1,1,0,0,0,0,0,0,0,0,0,0,0,0,0,0,0,0,0,0,0,0,0,0,0,33215
1,1,0,1,-3,1028,1012,10,-2,-1,3,0,0,0,0,0,0,0,0,0,0,0,0,0,0,0,0,0,0,0,0,0,0,0,0,33225
1,1,0,1,-3,1036,1008,8,-3,-1,1,0,1,0,0,0,0,0,0,0,0,0,0,0,0,0,0,0,0,0,0,0,0,0,0,33235
1,1,0,1,-7,1034,1014,4,-2,-1,-1,1,0,0,0,0,0,0,0,0,0,0,0,0,0,0,0,0,0,0,0,0,0,0,0,33245
1,1,0,1,0,1032,1012,-10,-3,0,0,0,1,0,0,0,0,0,0,0,0,0,0,0,0,0,0,0,0,0,0,0,0,0,0,33255
1,1,0,1,-1,1037,1013,-2,-4,1,-1,0,1,0,0,0,0,0,0,0,0,0,0,0,0,0,0,0,0,0,0,0,0,0,0,33265
1,1,0,1,-2,1038,1013,1,0,0,0,1,1,0,0,0,0,0,0,0,0,0,0,0,0,0,0,0,0,0,0,0,0,0,0,33275
1,1,0,1,1,1034,1009,-6,2,0,0,1,0,0,0,0,0,0,0,0,0,0,0,0,0,0,0,0,0,0,0,0,0,0,0,33285
1,1,0,1,-3,1036,1011,-1,0,0,0,1,1,0,0,0,0,0,0,0,0,0,0,0,0,0,0,0,0,0,0,0,0,0,0,33295
1,1,0,1,-2,1033,1015,-2,-1,-1,0,1,1,0,0,0,0,0,0,0,0,0,0,0,0,0,0,0,0,0,0,0,0,0,0,33305
1,1,0,1,1,1034,1017,-15,-4,-1,0,1,1,0,0,0,0,0,0,0,0,0,0,0,0,0,0,0,0,0,0,0,0,0,0,33315
1,1,0,1,-1,1037,1011,-7,-4,-1,-1,0,1,0,0,0,0,0,0,0,0,0,0,0,0,0,0,0,0,0,0,0,0,0,0,33325
1,1,0,1,-5,1033,1012,-1,5,1,0,-1,0,0,0,0,0,0,0,0,0,0,0,0,0,0,0,0,0,0,0,0,0,0,0,33335
1,1,0,1,-3,1030,1013,-5,1,1,-1,-1,1,0,0,0,0,0,0,0,0,0,0,0,0,0,0,0,0,0,0,0,0,0,0,33345
1,1,0,1,-2,1037,1010,12,4,-1,0,-1,1,0,0,0,0,0,0,0,0,0,0,0,0,0,0,0,0,0,0,0,0,0,0,33355
1,1,0,1,-6,1030,1016,14,-1,0,-1,0,0,0,0,0,0,0,0,0,0,0,0,0,0,0,0,0,0,0,0,0,0,0,0,33365
1,1,0,1,-3,1035,1016,15,-4,1,-3,1,1,0,0,0,0,0,0,0,0,0,0,0,0,0,0,0,0,0,0,0,0,0,0,33375
1,1,0,1,-8,1035,1012,27,-2,1,-1,0,1,0,0,0,0,0,0,0,0,0,0,0,0,0,0,0,0,0,0,0,0,0,0,33385
1,1,0,1,-4,1033,1011,22,-1,1,-2,-1,0,0,0,0,0,0,0,0,0,0,0,0,0,0,0,0,0,0,0,0,0,0,0,33395
1,1,0,1,2,1035,1013,18,-3,0,-3,-1,1,0,0,0,0,0,0,0,0,0,0,0,0,0,0,0,0,0,0,0,0,0,0,33405
1,1,0,1,-2,1040,1006,25,-7,-1,0,1,1,0,0,0,0,0,0,0,0,0,0,0,0,0,0,0,0,0,0,0,0,0,0,33415
1,1,0,1,-8,1035,1007,30,-2,1,1,1,1,0,0,0,0,0,0,0,0,0,0,0,0,0,0,0,0,0,0,0,0,0,0,33425
1,1,0,1,-4,1049,1013,46,1,2,2,-1,1,0,0,0,0,0,0,0,0,0,0,0,0,0,0,0,0,0,0,0,0,0,0,33435
1,1,0,1,3,1041,1012,40,-2,0,-1,2,1,0,0,0,0,0,0,0,0,0,0,0,0,0,0,0,0,0,0,0,0,0,0,33445
1,1,0,1,4,1024,1014,-9,-4,-1,1,0,1,0,0,0,0,0,0,0,0,0,0,0,0,0,0,0,0,0,0,0,0,0,0,33455
1,1,0,1,6,1025,1008,-63,3,1,-1,1,1,0,0,0,0,0,0,0,0,0,0,0,0,0,0,0,0,0,0,0,0,0,0,33465
1,1,0,1,1,1033,1009,-75,2,0,-3,1,1,0,0,0,0,0,0,0,0,0,0,0,0,0,0,0,0,0,0,0,0,0,0,33475
1,1,0,1,-7,1040,1015,-65,-2,0,-3,0,1,0,0,0,0,0,0,0,0,0,0,0,0,0,0,0,0,0,0,0,0,0,0,33485
1,1,0,1,-12,1047,1010,-17,-3,-1,0,0,1,0,0,0,0,0,0,0,0,0,0,0,0,0,0,0,0,0,0,0,0,0,0,33495
1,1,0,1,-10,1041,1011,37,-1,1,2,2,-1,0,0,0,0,0,0,0,0,0,0,0,0,0,0,0,0,0,0,0,0,0,0,33505
1,1,0,1,-6,1030,1016,46,-2,0,0,0,1,0,0,0,0,0,0,0,0,0,0,0,0,0,0,0,0,0,0,0,0,0,0,33515
1,1,0,1,-4,1032,1017,28,-4,0,2,0,1,0,0,0,0,0,0,0,0,0,0,0,0,0,0,0,0,0,0,0,0,0,0,33525
1,1,0,1,-4,1024,1017,-6,-2,0,1,1,0,0,0,0,0,0,0,0,0,0,0,0,0,0,0,0,0,0,0,0,0,0,0,33535
1,1,0,1,-3,1024,1010,-54,-5,-2,0,0,1,0,0,0,0,0,0,0,0,0,0,0,0,0,0,0,0,0,0,0,0,0,0,33545
1,1,0,1,-6,1032,1016,-56,-1,-1,1,1,2,0,0,0,0,0,0,0,0,0,0,0,0,0,0,0,0,0,0,0,0,0,0,33555
1,1,0,1,-5,1043,1016,-28,-3,1,-2,0,1,0,0,0,0,0,0,0,0,0,0,0,0,0,0,0,0,0,0,0,0,0,0,33565
1,1,0,1,-7,1042,1013,14,1,2,0,0,2,0,0,0,0,0,0,0,0,0,0,0,0,0,0,0,0,0,0,0,0,0,0,33575
1,1,0,1,-8,1042,1011,61,-4,0,1,0,1,0,0,0,0,0,0,0,0,0,0,0,0,0,0,0,0,0,0,0,0,0,0,33585
1,1,0,1,-2,1034,1014,73,-3,2,0,0,1,0,0,0,0,0,0,0,0,0,0,0,0,0,0,0,0,0,0,0,0,0,0,33595
1,1,0,1,1,1032,1017,56,-4,0,1,0,1,0,0,0,0,0,0,0,0,0,0,0,0,0,0,0,0,0,0,0,0,0,0,33605
1,1,0,1,2,1032,1019,31,-1,-1,2,0,1,0,0,0,0,0,0,0,0,0,0,0,0,0,0,0,0,0,0,0,0,0,0,33615
1,1,0,1,-1,1031,1008,4,-1,-1,3,0,1,0,0,0,0,0,0,0,0,0,0,0,0,0,0,0,0,0,0,0,0,0,0,33625
1,1,0,1,-3,1037,1010,-17,-1,1,1,1,1,0,0,0,0,0,0,0,0,0,0,0,0,0,0,0,0,0,0,0,0,0,0,33635
1,1,0,1,-4,1045,1010,-4,-1,0,1,0,1,0,0,0,0,0,0,0,0,0,0,0,0,0,0,0,0,0,0,0,0,0,0,33645
1,1,0,1,-6,1040,1014,12,-4,1,-2,4,1,0,0,0,0,0,0,0,0,0,0,0,0,0,0,0,0,0,0,0,0,0,0,33655
1,1,0,1,-8,1037,1009,14,-1,1,1,0,1,0,0,0,0,0,0,0,0,0,0,0,0,0,0,0,0,0,0,0,0,0,0,33665
1,1,0,1,-7,1036,1006,15,3,1,-1,-1,1,0,0,0,0,0,0,0,0,0,0,0,0,0,0,0,0,0,0,0,0,0,0,33675
1,1,0,1,-2,1030,1014,-11,0,1,-1,-1,1,0,0,0,0,0,0,0,0,0,0,0,0,0,0,0,0,0,0,0,0,0,0,33685
1,1,0,1,3,1029,1013,-42,-2,0,1,-1,1,0,0,0,0,0,0,0,0,0,0,0,0,0,0,0,0,0,0,0,0,0,0,33695
1,1,0,1,-1,1038,1014,-48,-2,-1,-1,3,2,0,0,0,0,0,0,0,0,0,0,0,0,0,0,0,0,0,0,0,0,0,0,33705
1,1,0,1,-2,1033,1017,-48,-2,-1,0,4,1,0,0,0,0,0,0,0,0,0,0,0,0,0,0,0,0,0,0,0,0,0,0,33715
1,1,0,1,-1,1037,1015,-27,-1,-1,3,0,2,0,0,0,0,0,0,0,0,0,0,0,0,0,0,0,0,0,0,0,0,0,0,33725
1,1,0,1,3,1040,1013,11,-2,2,3,0,1,0,0,0,0,0,0,0,0,0,0,0,0,0,0,0,0,0,0,0,0,0,0,33735
1,1,0,1,0,1029,1018,27,-4,1,5,-1,1,0,0,0,0,0,0,0,0,0,0,0,0,0,0,0,0,0,0,0,0,0,0,33745
1,1,0,1,-1,1031,1013,32,0,2,5,0,1,0,0,0,0,0,0,0,0,0,0,0,0,0,0,0,0,0,0,0,0,0,0,33755
1,1,0,1,-2,1033,1012,37,6,2,3,0,1,0,0,0,0,0,0,0,0,0,0,0,0,0,0,0,0,0,0,0,0,0,0,33765
1,1,0,1,1,1024,1020,18,3,2,2,0,1,0,0,0,0,0,0,0,0,0,0,0,0,0,0,0,0,0,0,0,0,0,0,33775
1,1,0,1,-1,1032,1013,0,-4,-1,0,0,1,0,0,0,0,0,0,0,0,0,0,0,0,0,0,0,0,0,0,0,0,0,0,33785
1,1,0,1,-2,1037,1011,12,3,4,0,0,0,0,0,0,0,0,0,0,0,0,0,0,0,0,0,0,0,0,0,0,0,0,0,33795
1,1,0,1,-8,1037,1016,11,-3,0,0,0,0,0,0,0,0,0,0,0,0,0,0,0,0,0,0,0,0,0,0,0,0,0,0,33805
1,1,0,1,-10,1038,1006,25,-4,2,2,1,0,0,0,0,0,0,0,0,0,0,0,0,0,0,0,0,0,0,0,0,0,0,0,33815
1,1,0,1,-8,1037,1011,43,2,0,3,1,-1,0,0,0,0,0,0,0,0,0,0,0,0,0,0,0,0,0,0,0,0,0,0,33825
1,1,0,1,-5,1034,1011,30,2,1,2,1,0,0,0,0,0,0,0,0,0,0,0,0,0,0,0,0,0,0,0,0,0,0,0,33835
1,1,0,1,0,1031,1008,10,-6,-1,1,0,0,0,0,0,0,0,0,0,0,0,0,0,0,0,0,0,0,0,0,0,0,0,0,33845
1,1,0,1,-4,1031,1009,-4,-2,1,1,1,1,0,0,0,0,0,0,0,0,0,0,0,0,0,0,0,0,0,0,0,0,0,0,33855
1,1,0,1,-2,1030,1017,-27,1,0,1,0,1,0,0,0,0,0,0,0,0,0,0,0,0,0,0,0,0,0,0,0,0,0,0,33865
1,1,0,1,-2,1039,1010,-32,-7,-1,1,0,2,0,0,0,0,0,0,0,0,0,0,0,0,0,0,0,0,0,0,0,0,0,0,33875
1,1,0,1,-3,1032,1009,-24,-3,1,1,0,2,0,0,0,0,0,0,0,0,0,0,0,0,0,0,0,0,0,0,0,0,0,0,33885
1,1,0,1,-1,1035,1015,-22,-8,-1,2,0,1,0,0,0,0,0,0,0,0,0,0,0,0,0,0,0,0,0,0,0,0,0,0,33895
1,1,0,1,1,1038,1012,-13,-4,0,5,-1,1,0,0,0,0,0,0,0,0,0,0,0,0,0,0,0,0,0,0,0,0,0,0,33905
1,1,0,1,1,1033,1015,-3,1,0,2,0,1,0,0,0,0,0,0,0,0,0,0,0,0,0,0,0,0,0,0,0,0,0,0,33915
1,1,0,1,0,1032,1017,-14,-6,0,2,0,1,0,0,0,0,0,0,0,0,0,0,0,0,0,0,0,0,0,0,0,0,0,0,33925
1,1,0,1,0,1032,1017,-12,0,0,2,1,2,0,0,0,0,0,0,0,0,0,0,0,0,0,0,0,0,0,0,0,0,0,0,33935
1,1,0,1,-2,1032,1015,-6,1,1,3,0,1,0,0,0,0,0,0,0,0,0,0,0,0,0,0,0,0,0,0,0,0,0,0,33955
1,1,0,1,-7,1037,1011,17,1,3,2,0,1,0,0,0,0,0,0,0,0,0,0,0,0,0,0,0,0,0,0,0,0,0,0,33965
1,1,0,1,-7,1038,1008,33,-4,-1,2,-3,1,0,0,0,0,0,0,0,0,0,0,0,0,0,0,0,0,0,0,0,0,0,0,33975
1,1,0,1,-4,1036,1014,41,2,1,0,-2,1,0,0,0,0,0,0,0,0,0,0,0,0,0,0,0,0,0,0,0,0,0,0,33985
1,1,0,1,-6,1041,1015,52,2,1,-1,3,1,0,0,0,0,0,0,0,0,0,0,0,0,0,0,0,0,0,0,0,0,0,0,33995
1,1,0,1,-3,1034,1008,34,-8,-1,0,-1,1,0,0,0,0,0,0,0,0,0,0,0,0,0,0,0,0,0,0,0,0,0,0,34005
1,1,0,1,-4,1033,1014,9,-3,1,3,-1,0,0,0,0,0,0,0,0,0,0,0,0,0,0,0,0,0,0,0,0,0,0,0,34015
1,1,0,1,-1,1038,1010,0,-4,1,2,0,1,0,0,0,0,0,0,0,0,0,0,0,0,0,0,0,0,0,0,0,0,0,0,34025
1,1,0,1,-1,1033,1011,-10,-1,0,1,1,2,0,0,0,0,0,0,0,0,0,0,0,0,0,0,0,0,0,0,0,0,0,0,34035
1,1,0,1,-4,1037,1012,-13,-2,0,3,0,0,0,0,0,0,0,0,0,0,0,0,0,0,0,0,0,0,0,0,0,0,0,0,34045
1,1,0,1,-3,1040,1009,1,-1,0,1,1,2,0,0,0,0,0,0,0,0,0,0,0,0,0,0,0,0,0,0,0,0,0,0,34055
1,1,0,1,-4,1038,1012,6,5,1,2,0,2,0,0,0,0,0,0,0,0,0,0,0,0,0,0,0,0,0,0,0,0,0,0,34065
1,1,0,1,-1,1037,1009,-3,1,1,2,0,1,0,0,0,0,0,0,0,0,0,0,0,0,0,0,0,0,0,0,0,0,0,0,34075
1,1,0,1,1,1038,1010,-6,0,-1,0,0,0,0,0,0,0,0,0,0,0,0,0,0,0,0,0,0,0,0,0,0,0,0,0,34085
1,1,0,1,1,1030,1014,-21,0,1,1,0,1,0,0,0,0,0,0,0,0,0,0,0,0,0,0,0,0,0,0,0,0,0,0,34095
1,1,0,1,-4,1033,1019,-33,4,0,2,0,1,0,0,0,0,0,0,0,0,0,0,0,0,0,0,0,0,0,0,0,0,0,0,34105
1,1,0,1,-3,1034,1012,-21,1,0,0,0,1,0,0,0,0,0,0,0,0,0,0,0,0,0,0,0,0,0,0,0,0,0,0,34115
1,1,0,1,-4,1030,1016,-14,2,3,1,0,0,0,0,0,0,0,0,0,0,0,0,0,0,0,0,0,0,0,0,0,0,0,0,34125
1,1,0,1,-3,1036,1014,1,-4,1,-1,1,0,0,0,0,0,0,0,0,0,0,0,0,0,0,0,0,0,0,0,0,0,0,0,34135
1,1,0,1,-3,1038,1015,23,3,1,-2,1,1,0,0,0,0,0,0,0,0,0,0,0,0,0,0,0,0,0,0,0,0,0,0,34145
1,1,0,1,-5,1032,1013,9,-2,2,0,0,1,0,0,0,0,0,0,0,0,0,0,0,0,0,0,0,0,0,0,0,0,0,0,34165
1,1,0,1,-3,1031,1014,9,-1,1,0,0,1,0,0,0,0,0,0,0,0,0,0,0,0,0,0,0,0,0,0,0,0,0,0,34175
1,1,0,1,-2,1031,1018,0,1,1,2,0,1,0,0,0,0,0,0,0,0,0,0,0,0,0,0,0,0,0,0,0,0,0,0,34185
1,1,0,1,-7,1039,1011,10,-3,0,2,1,0,0,0,0,0,0,0,0,0,0,0,0,0,0,0,0,0,0,0,0,0,0,0,34195
1,1,0,1,-5,1037,1011,18,-6,-1,2,1,1,0,0,0,0,0,0,0,0,0,0,0,0,0,0,0,0,0,0,0,0,0,0,34205
1,1,0,1,-4,1035,1013,20,-1,0,1,0,1,0,0,0,0,0,0,0,0,0,0,0,0,0,0,0,0,0,0,0,0,0,0,34215
1,1,0,1,-1,1034,1007,26,-1,1,0,0,0,0,0,0,0,0,0,0,0,0,0,0,0,0,0,0,0,0,0,0,0,0,0,34225
1,1,0,1,-5,1035,1011,26,-3,1,0,1,1,0,0,0,0,0,0,0,0,0,0,0,0,0,0,0,0,0,0,0,0,0,0,34235
1,1,0,1,-1,1030,1017,9,-2,3,-3,2,6,0,0,0,0,0,0,0,0,0,0,0,0,0,0,0,0,0,0,0,0,0,0,34245
1,1,0,1,-1,1037,1009,-1,-4,0,2,-1,1,0,0,0,0,0,0,0,0,0,0,0,0,0,0,0,0,0,0,0,0,0,0,34255
1,1,0,1,-1,1036,1007,-3,5,1,1,-1,1,0,0,0,0,0,0,0,0,0,0,0,0,0,0,0,0,0,0,0,0,0,0,34265
1,1,0,1,1,1037,997,-77,-2,-1,-2,1,1,0,0,0,0,0,0,0,0,0,0,0,0,0,0,0,0,0,0,0,0,0,0,34275
1,1,0,1,-1,1048,976,-233,0,-3,-2,-2,1,0,0,0,0,0,0,0,0,0,0,0,0,0,0,0,0,0,0,0,0,0,0,34285
1,1,0,1,-7,1041,981,-409,4,-6,-5,3,1,0,0,0,0,0,0,0,0,0,0,0,0,0,0,0,0,0,0,0,0,0,0,34295
1,1,0,1,-5,1030,992,-576,-1,-9,-5,2,1,0,0,0,0,0,0,0,0,0,0,0,0,0,0,0,0,0,0,0,0,0,0,34305
1,1,0,1,-2,1031,1008,-683,-5,-10,-3,0,1,0,0,0,0,0,0,0,0,0,0,0,0,0,0,0,0,0,0,0,0,0,0,34315
1,1,0,1,-30,1064,996,-634,-10,-22,2,0,1,0,0,0,0,0,0,0,0,0,0,0,0,0,0,0,0,0,0,0,0,0,0,34325
1,1,0,1,-67,1160,942,-219,-45,-60,5,-1,1,0,0,0,0,0,0,0,0,0,0,0,0,0,0,0,0,0,0,0,0,0,0,34335
1,1,0,1,-43,1137,946,95,-82,-97,2,-1,1,0,0,0,0,0,0,0,0,0,0,0,0,0,0,0,0,0,0,0,0,0,0,34345
1,1,0,1,4,1003,1027,24,-95,-109,0,0,1,0,0,0,0,0,0,0,0,0,0,0,0,0,0,0,0,0,0,0,0,0,0,34355
1,1,0,1,33,866,1145,-271,-102,-112,-1,0,1,0,0,0,0,0,0,0,0,0,0,0,0,0,0,0,0,0,0,0,0,0,0,34365
1,1,0,1,32,763,1298,-303,-60,-62,5,1,1,0,0,0,0,0,0,0,0,0,0,0,0,0,0,0,0,0,0,0,0,0,0,34375
1,1,0,1,24,832,1320,416,16,18,8,1,1,0,0,0,0,0,0,0,0,0,0,0,0,0,0,0,0,0,0,0,0,0,0,34385
1,1,0,1,1,904,1248,1263,45,59,-1,0,0,0,0,0,0,0,0,0,0,0,0,0,0,0,0,0,0,0,0,0,0,0,0,34395
1,1,0,1,-79,806,1159,841,142,156,-9,0,0,0,0,0,0,0,0,0,0,0,0,0,0,0,0,0,0,0,0,0,0,0,0,34405
1,1,0,1,-64,876,1023,-407,177,189,-2,1,0,0,0,0,0,0,0,0,0,0,0,0,0,0,0,0,0,0,0,0,0,0,0,34415
1,1,0,1,34,1174,898,-399,123,135,0,1,0,0,0,0,0,0,0,0,0,0,0,0,0,0,0,0,0,0,0,0,0,0,0,34425
1,1,0,1,105,1126,935,-303,18,24,1,1,1,0,0,0,0,0,0,0,0,0,0,0,0,0,0,0,0,0,0,0,0,0,0,34435
1,1,0,1,109,1050,1014,-339,-92,-114,2,1,0,0,0,0,0,0,0,0,0,0,0,0,0,0,0,0,0,0,0,0,0,0,0,34445
1,1,0,1,105,986,1166,-31,-153,-243,13,2,1,0,0,0,0,0,0,0,0,0,0,0,0,0,0,0,0,0,0,0,0,0,0,34455
1,1,0,1,242,963,1194,1020,-226,-233,-3,1,3,0,0,0,0,0,0,0,0,0,0,0,0,0,0,0,0,0,0,0,0,0,0,34465
1,1,0,1,-36,1120,1218,736,-222,-492,2,1,1,0,0,0,0,0,0,0,0,0,0,0,0,0,0,0,0,0,0,0,0,0,0,34475
1,1,0,1,-225,828,1244,491,-210,-610,4,1,1,0,0,0,0,0,0,0,0,0,0,0,0,0,0,0,0,0,0,0,0,0,0,34485
1,1,0,1,-316,974,1117,694,-253,-522,4,1,0,0,0,0,0,0,0,0,0,0,0,0,0,0,0,0,0,0,0,0,0,0,0,34495
1,1,0,1,-208,1155,1089,634,-341,-269,4,2,1,0,0,0,0,0,0,0,0,0,0,0,0,0,0,0,0,0,0,0,0,0,0,34505
1,1,0,1,-79,1240,1125,606,-424,29,5,1,1,0,0,0,0,0,0,0,0,0,0,0,0,0,0,0,0,0,0,0,0,0,0,34515
1,1,0,1,-8,1289,1170,603,-509,419,1,2,1,0,0,0,0,0,0,0,0,0,0,0,0,0,0,0,0,0,0,0,0,0,0,34525
1,1,0,1,99,1285,1154,484,-546,741,1,0,1,0,0,0,0,0,0,0,0,0,0,0,0,0,0,0,0,0,0,0,0,0,0,34535
1,1,0,1,144,1290,1095,292,-536,991,-4,2,1,0,0,0,0,0,0,0,0,0,0,0,0,0,0,0,0,0,0,0,0,0,0,34545
1,1,0,1,94,1250,1040,64,-445,1173,-2,-2,1,0,0,0,0,0,0,0,0,0,0,0,0,0,0,0,0,0,0,0,0,0,0,34555
1,1,0,1,24,1083,1074,-382,-172,1257,-3,-2,1,0,0,0,0,0,0,0,0,0,0,0,0,0,0,0,0,0,0,0,0,0,0,34575
1,1,0,1,62,1000,1037,-491,-97,1197,-4,1,1,0,0,0,0,0,0,0,0,0,0,0,0,0,0,0,0,0,0,0,0,0,0,34585
1,1,0,1,-19,987,991,-434,-74,1072,-2,0,1,0,0,0,0,0,0,0,0,0,0,0,0,0,0,0,0,0,0,0,0,0,0,34595
1,1,0,1,-45,992,935,-327,-59,885,0,-1,1,0,0,0,0,0,0,0,0,0,0,0,0,0,0,0,0,0,0,0,0,0,0,34605
1,1,0,1,-3,1056,891,-175,-22,651,1,1,1,0,0,0,0,0,0,0,0,0,0,0,0,0,0,0,0,0,0,0,0,0,0,34615
1,1,0,1,41,1119,854,86,50,433,2,0,1,0,0,0,0,0,0,0,0,0,0,0,0,0,0,0,0,0,0,0,0,0,0,34625
1,1,0,1,99,1185,847,326,174,285,3,-2,1,0,0,0,0,0,0,0,0,0,0,0,0,0,0,0,0,0,0,0,0,0,0,34635
1,1,0,1,142,1214,880,337,322,242,1,-1,2,0,0,0,0,0,0,0,0,0,0,0,0,0,0,0,0,0,0,0,0,0,0,34645
1,1,0,1,175,1218,909,255,456,307,0,-1,1,0,0,0,0,0,0,0,0,0,0,0,0,0,0,0,0,0,0,0,0,0,0,34655
1,1,0,1,172,1188,910,198,554,407,0,-1,1,0,0,0,0,0,0,0,0,0,0,0,0,0,0,0,0,0,0,0,0,0,0,34665
1,1,0,1,127,1117,917,104,685,561,4,-1,1,0,0,0,0,0,0,0,0,0,0,0,0,0,0,0,0,0,0,0,0,0,0,34675
1,1,0,1,109,1060,939,60,767,654,1,-2,1,0,0,0,0,0,0,0,0,0,0,0,0,0,0,0,0,0,0,0,0,0,0,34685
1,1,0,1,142,1016,994,5,777,640,1,0,1,0,0,0,0,0,0,0,0,0,0,0,0,0,0,0,0,0,0,0,0,0,0,34695
1,1,0,1,181,1060,1039,55,713,555,3,0,1,0,0,0,0,0,0,0,0,0,0,0,0,0,0,0,0,0,0,0,0,0,0,34705
1,1,0,1,223,1159,1027,234,548,452,5,1,1,0,0,0,0,0,0,0,0,0,0,0,0,0,0,0,0,0,0,0,0,0,0,34715
1,1,0,1,280,1186,1037,266,381,383,-6,-1,1,0,0,0,0,0,0,0,0,0,0,0,0,0,0,0,0,0,0,0,0,0,0,34725
1,1,0,1,247,1189,1180,-303,456,377,10,0,0,0,0,0,0,0,0,0,0,0,0,0,0,0,0,0,0,0,0,0,0,0,0,34735
1,1,0,1,168,1423,703,453,618,436,-1,-1,1,0,0,0,0,0,0,0,0,0,0,0,0,0,0,0,0,0,0,0,0,0,0,34745
1,1,0,1,137,1074,810,356,627,550,1,0,1,0,0,0,0,0,0,0,0,0,0,0,0,0,0,0,0,0,0,0,0,0,0,34755
1,1,0,1,170,1148,1199,107,645,673,-1,0,2,0,0,0,0,0,0,0,0,0,0,0,0,0,0,0,0,0,0,0,0,0,0,34765
1,1,0,1,223,1116,1278,116,600,775,0,1,1,0,0,0,0,0,0,0,0,0,0,0,0,0,0,0,0,0,0,0,0,0,0,34775
1,1,0,1,241,1124,1264,-99,472,871,3,0,1,0,0,0,0,0,0,0,0,0,0,0,0,0,0,0,0,0,0,0,0,0,0,34785
1,1,0,1,262,1267,1215,19,322,981,6,0,1,0,0,0,0,0,0,0,0,0,0,0,0,0,0,0,0,0,0,0,0,0,0,34795
1,1,0,1,259,1341,1131,330,170,1100,9,0,1,0,0,0,0,0,0,0,0,0,0,0,0,0,0,0,0,0,0,0,0,0,0,34805
1,1,0,1,212,1393,1011,605,79,1175,11,0,0,0,0,0,0,0,0,0,0,0,0,0,0,0,0,0,0,0,0,0,0,0,0,34815
1,1,0,1,165,1377,930,927,49,1252,9,0,1,0,0,0,0,0,0,0,0,0,0,0,0,0,0,0,0,0,0,0,0,0,0,34825
1,1,0,1,136,1383,891,1148,133,1288,9,-1,1,0,0,0,0,0,0,0,0,0,0,0,0,0,0,0,0,0,0,0,0,0,0,34835
1,1,0,1,67,1352,865,1149,327,1286,4,0,0,0,0,0,0,0,0,0,0,0,0,0,0,0,0,0,0,0,0,0,0,0,0,34845
1,1,0,1,58,1259,867,953,565,1272,4,-2,1,0,0,0,0,0,0,0,0,0,0,0,0,0,0,0,0,0,0,0,0,0,0,34855
1,1,0,1,141,1161,842,627,766,1272,1,-1,1,0,0,0,0,0,0,0,0,0,0,0,0,0,0,0,0,0,0,0,0,0,0,34865
1,1,0,1,208,1094,868,246,927,1312,-4,0,1,0,0,0,0,0,0,0,0,0,0,0,0,0,0,0,0,0,0,0,0,0,0,34875
1,1,0,1,252,1028,893,-146,1068,1387,-1,-4,-5,0,0,0,0,0,0,0,0,0,0,0,0,0,0,0,0,0,0,0,0,0,0,34885
1,1,0,1,309,1012,888,-334,1173,1488,1,-2,-4,0,0,0,0,0,0,0,0,0,0,0,0,0,0,0,0,0,0,0,0,0,0,34895
1,1,0,1,362,1027,853,-150,1255,1589,0,1,1,0,0,0,0,0,0,0,0,0,0,0,0,0,0,0,0,0,0,0,0,0,0,34905
1,1,0,1,377,988,899,121,1327,1666,3,2,1,0,0,0,0,0,0,0,0,0,0,0,0,0,0,0,0,0,0,0,0,0,0,34915
1,1,0,1,393,990,924,605,1385,1707,8,-3,1,0,0,0,0,0,0,0,0,0,0,0,0,0,0,0,0,0,0,0,0,0,0,34925
1,1,0,1,387,984,896,1072,1403,1688,7,-2,1,0,0,0,0,0,0,0,0,0,0,0,0,0,0,0,0,0,0,0,0,0,0,34935
1,1,0,1,354,963,852,1092,1385,1632,4,-2,1,0,0,0,0,0,0,0,0,0,0,0,0,0,0,0,0,0,0,0,0,0,0,34945
1,1,0,1,348,959,776,888,1307,1550,5,-2,2,0,0,0,0,0,0,0,0,0,0,0,0,0,0,0,0,0,0,0,0,0,0,34955
1,1,0,1,358,995,716,764,1225,1484,1,0,-2,0,0,0,0,0,0,0,0,0,0,0,0,0,0,0,0,0,0,0,0,0,0,34965
1,1,0,1,348,1042,674,547,1070,1347,-1,0,2,0,0,0,0,0,0,0,0,0,0,0,0,0,0,0,0,0,0,0,0,0,0,34975
1,1,0,1,373,960,638,191,877,1169,-2,0,1,0,0,0,0,0,0,0,0,0,0,0,0,0,0,0,0,0,0,0,0,0,0,34985
1,1,0,1,440,944,616,-160,698,1043,-1,0,1,0,0,0,0,0,0,0,0,0,0,0,0,0,0,0,0,0,0,0,0,0,0,34995
1,1,0,1,494,1018,680,-305,547,1001,1,0,0,0,0,0,0,0,0,0,0,0,0,0,0,0,0,0,0,0,0,0,0,0,0,35005
1,1,0,1,505,1082,763,-112,419,1021,5,0,0,0,0,0,0,0,0,0,0,0,0,0,0,0,0,0,0,0,0,0,0,0,0,35015
1,1,0,1,536,1100,805,201,304,1079,4,1,1,0,0,0,0,0,0,0,0,0,0,0,0,0,0,0,0,0,0,0,0,0,0,35025
1,1,0,1,574,1079,864,438,207,1158,4,1,1,0,0,0,0,0,0,0,0,0,0,0,0,0,0,0,0,0,0,0,0,0,0,35035
1,1,0,1,502,1026,970,617,134,1229,4,1,1,0,0,0,0,0,0,0,0,0,0,0,0,0,0,0,0,0,0,0,0,0,0,35045
1,1,0,1,444,900,955,718,122,1246,4,1,1,0,0,0,0,0,0,0,0,0,0,0,0,0,0,0,0,0,0,0,0,0,0,35055
1,1,0,1,455,768,876,520,163,1216,0,0,1,0,0,0,0,0,0,0,0,0,0,0,0,0,0,0,0,0,0,0,0,0,0,35065
1,1,0,1,485,734,911,192,229,1181,2,0,1,0,0,0,0,0,0,0,0,0,0,0,0,0,0,0,0,0,0,0,0,0,0,35075
1,1,0,1,488,804,952,61,322,1093,1,0,1,0,0,0,0,0,0,0,0,0,0,0,0,0,0,0,0,0,0,0,0,0,0,35085
1,1,0,1,543,802,943,112,383,1023,1,0,1,0,0,0,0,0,0,0,0,0,0,0,0,0,0,0,0,0,0,0,0,0,0,35095
1,1,0,1,610,872,1000,50,405,966,4,1,1,0,0,0,0,0,0,0,0,0,0,0,0,0,0,0,0,0,0,0,0,0,0,35105
1,1,0,1,698,946,969,158,390,920,3,1,1,0,0,0,0,0,0,0,0,0,0,0,0,0,0,0,0,0,0,0,0,0,0,35115
1,1,0,1,731,900,936,343,305,860,5,2,1,0,0,0,0,0,0,0,0,0,0,0,0,0,0,0,0,0,0,0,0,0,0,35125
1,1,0,1,669,901,930,462,169,788,0,1,1,0,0,0,0,0,0,0,0,0,0,0,0,0,0,0,0,0,0,0,0,0,0,35135
1,1,0,1,495,813,819,333,82,758,-13,1,1,0,0,0,0,0,0,0,0,0,0,0,0,0,0,0,0,0,0,0,0,0,0,35145
1,1,0,1,495,813,819,-569,33,739,-4,-1,1,0,0,0,0,0,0,0,0,0,0,0,0,0,0,0,0,0,0,0,0,0,0,35155
1,1,0,1,365,694,907,-816,-68,762,0,3,1,0,0,0,0,0,0,0,0,0,0,0,0,0,0,0,0,0,0,0,0,0,0,35165
1,1,0,1,935,962,543,-319,-84,904,-3,0,1,0,0,0,0,0,0,0,0,0,0,0,0,0,0,0,0,0,0,0,0,0,0,35175
1,1,0,1,871,1001,697,-405,28,1043,-3,-2,1,0,0,0,0,0,0,0,0,0,0,0,0,0,0,0,0,0,0,0,0,0,0,35185
1,1,0,1,962,1205,818,-516,148,1271,-4,1,1,0,0,0,0,0,0,0,0,0,0,0,0,0,0,0,0,0,0,0,0,0,0,35195
1,1,0,1,1028,1265,900,-458,211,1534,-3,2,1,0,0,0,0,0,0,0,0,0,0,0,0,0,0,0,0,0,0,0,0,0,0,35205
1,1,0,1,1088,1313,996,-236,222,1765,-1,2,1,0,0,0,0,0,0,0,0,0,0,0,0,0,0,0,0,0,0,0,0,0,0,35215
1,1,0,1,994,1334,1084,22,223,1939,-1,1,1,0,0,0,0,0,0,0,0,0,0,0,0,0,0,0,0,0,0,0,0,0,0,35225
1,1,0,1,795,1316,1173,200,249,2125,2,1,1,0,0,0,0,0,0,0,0,0,0,0,0,0,0,0,0,0,0,0,0,0,0,35235
1,1,0,1,670,1324,1034,288,276,2339,0,0,1,0,0,0,0,0,0,0,0,0,0,0,0,0,0,0,0,0,0,0,0,0,0,35245
1,1,0,1,727,1220,841,-71,330,2542,-2,0,1,0,0,0,0,0,0,0,0,0,0,0,0,0,0,0,0,0,0,0,0,0,0,35255
1,1,0,1,811,1205,717,-274,393,2700,0,0,-1,0,0,0,0,0,0,0,0,0,0,0,0,0,0,0,0,0,0,0,0,0,0,35265
1,1,0,1,886,1342,675,-367,521,2975,-2,0,-10,0,0,0,0,0,0,0,0,0,0,0,0,0,0,0,0,0,0,0,0,0,0,35275
1,1,0,1,1021,1439,699,-359,654,3329,2,0,-13,0,0,0,0,0,0,0,0,0,0,0,0,0,0,0,0,0,0,0,0,0,0,35285
1,1,0,1,1259,1342,910,-170,647,3665,1,2,-15,0,0,0,0,0,0,0,0,0,0,0,0,0,0,0,0,0,0,0,0,0,0,35295
1,1,0,1,1366,1291,1070,173,486,3854,-1,1,-14,0,0,0,0,0,0,0,0,0,0,0,0,0,0,0,0,0,0,0,0,0,0,35305
1,1,0,1,1344,1205,1050,-2,252,3899,-5,2,-15,0,0,0,0,0,0,0,0,0,0,0,0,0,0,0,0,0,0,0,0,0,0,35315
1,1,0,1,1244,1143,1092,-657,88,3882,-2,0,-15,0,0,0,0,0,0,0,0,0,0,0,0,0,0,0,0,0,0,0,0,0,0,35325
1,1,0,1,1058,1216,974,-865,148,3816,-4,-1,-14,0,0,0,0,0,0,0,0,0,0,0,0,0,0,0,0,0,0,0,0,0,0,35335
1,1,0,1,968,956,748,-981,385,3681,-1,0,-11,0,0,0,0,0,0,0,0,0,0,0,0,0,0,0,0,0,0,0,0,0,0,35345
1,1,0,1,915,637,770,-953,665,3494,2,0,-6,0,0,0,0,0,0,0,0,0,0,0,0,0,0,0,0,0,0,0,0,0,0,35355
1,1,0,1,827,325,847,-564,799,3178,-4,2,0,0,0,0,0,0,0,0,0,0,0,0,0,0,0,0,0,0,0,0,0,0,0,35365
1,1,0,1,1037,141,907,-538,659,2756,-3,2,1,0,0,0,0,0,0,0,0,0,0,0,0,0,0,0,0,0,0,0,0,0,0,35375
1,1,0,1,1157,233,1034,-556,347,2427,-2,4,1,0,0,0,0,0,0,0,0,0,0,0,0,0,0,0,0,0,0,0,0,0,0,35385
1,1,0,1,1178,261,1136,-365,98,2313,-1,4,1,0,0,0,0,0,0,0,0,0,0,0,0,0,0,0,0,0,0,0,0,0,0,35395
1,1,0,1,1232,262,990,-312,-83,2278,3,2,0,0,0,0,0,0,0,0,0,0,0,0,0,0,0,0,0,0,0,0,0,0,0,35405
1,1,0,1,1248,354,858,-197,-141,2194,3,3,1,0,0,0,0,0,0,0,0,0,0,0,0,0,0,0,0,0,0,0,0,0,0,35415
1,1,0,1,1245,216,769,133,-89,2091,1,2,1,0,0,0,0,0,0,0,0,0,0,0,0,0,0,0,0,0,0,0,0,0,0,35425
1,1,0,1,1217,56,777,132,22,2142,-3,2,1,0,0,0,0,0,0,0,0,0,0,0,0,0,0,0,0,0,0,0,0,0,0,35435
1,1,0,1,1192,-67,915,-27,106,2136,-1,1,1,0,0,0,0,0,0,0,0,0,0,0,0,0,0,0,0,0,0,0,0,0,0,35445
1,1,0,1,1179,-128,1041,-119,167,1971,-2,2,1,0,0,0,0,0,0,0,0,0,0,0,0,0,0,0,0,0,0,0,0,0,0,35455
1,1,0,1,1212,-210,1082,-181,242,1674,0,-2,1,0,0,0,0,0,0,0,0,0,0,0,0,0,0,0,0,0,0,0,0,0,0,35465
1,1,0,1,1225,-252,1088,-212,264,1447,-1,1,0,0,0,0,0,0,0,0,0,0,0,0,0,0,0,0,0,0,0,0,0,0,0,35475
1,1,0,1,1264,-174,1107,-163,252,1387,-2,3,1,0,0,0,0,0,0,0,0,0,0,0,0,0,0,0,0,0,0,0,0,0,0,35485
1,1,0,1,1356,-22,1062,-122,296,1469,-4,2,1,0,0,0,0,0,0,0,0,0,0,0,0,0,0,0,0,0,0,0,0,0,0,35495
1,1,0,1,1503,100,1011,-186,413,1707,-3,-1,-4,0,0,0,0,0,0,0,0,0,0,0,0,0,0,0,0,0,0,0,0,0,0,35505
1,1,0,1,1565,71,1016,-311,481,2006,-3,-2,1,0,0,0,0,0,0,0,0,0,0,0,0,0,0,0,0,0,0,0,0,0,0,35515
1,1,0,1,1484,-76,987,-430,441,2215,-3,2,1,0,0,0,0,0,0,0,0,0,0,0,0,0,0,0,0,0,0,0,0,0,0,35525
1,1,0,1,1453,-216,938,-447,397,2231,-1,2,1,0,0,0,0,0,0,0,0,0,0,0,0,0,0,0,0,0,0,0,0,0,0,35535
1,1,0,1,1418,-317,881,-385,376,2075,-1,1,1,0,0,0,0,0,0,0,0,0,0,0,0,0,0,0,0,0,0,0,0,0,0,35545
1,1,0,1,1366,-340,917,-464,387,1902,-8,2,1,0,0,0,0,0,0,0,0,0,0,0,0,0,0,0,0,0,0,0,0,0,0,35555
1,1,0,1,1429,-365,1091,-811,325,1898,-2,1,-1,0,0,0,0,0,0,0,0,0,0,0,0,0,0,0,0,0,0,0,0,0,0,35565
1,1,0,1,1407,-359,1124,-899,263,1992,-5,2,1,0,0,0,0,0,0,0,0,0,0,0,0,0,0,0,0,0,0,0,0,0,0,35575
1,1,0,1,1324,-477,1016,-970,244,2047,-5,1,1,0,0,0,0,0,0,0,0,0,0,0,0,0,0,0,0,0,0,0,0,0,0,35585
1,1,0,1,1315,-503,1015,-1034,261,1949,-5,1,1,0,0,0,0,0,0,0,0,0,0,0,0,0,0,0,0,0,0,0,0,0,0,35595
1,1,0,1,1270,-534,1021,-860,300,1766,-3,0,1,0,0,0,0,0,0,0,0,0,0,0,0,0,0,0,0,0,0,0,0,0,0,35605
1,1,0,1,1226,-622,1029,-673,333,1547,-1,1,0,0,0,0,0,0,0,0,0,0,0,0,0,0,0,0,0,0,0,0,0,0,0,35615
1,1,0,1,1335,-681,1132,-613,350,1351,0,0,1,0,0,0,0,0,0,0,0,0,0,0,0,0,0,0,0,0,0,0,0,0,0,35625
1,1,0,1,1446,-641,1292,-506,379,1249,-3,1,0,0,0,0,0,0,0,0,0,0,0,0,0,0,0,0,0,0,0,0,0,0,0,35635
1,1,0,1,1397,-581,1427,-534,298,1262,-4,3,1,0,0,0,0,0,0,0,0,0,0,0,0,0,0,0,0,0,0,0,0,0,0,35645
1,1,0,1,1248,-621,1433,-789,104,1316,-3,2,1,0,0,0,0,0,0,0,0,0,0,0,0,0,0,0,0,0,0,0,0,0,0,35655
1,1,0,1,1130,-607,1272,-832,-49,1328,-3,1,1,0,0,0,0,0,0,0,0,0,0,0,0,0,0,0,0,0,0,0,0,0,0,35665
1,1,0,1,1025,-595,755,-792,66,1318,-6,1,1,0,0,0,0,0,0,0,0,0,0,0,0,0,0,0,0,0,0,0,0,0,0,35675
1,1,0,1,1241,-867,855,-1080,255,1261,-6,0,1,0,0,0,0,0,0,0,0,0,0,0,0,0,0,0,0,0,0,0,0,0,0,35685
1,1,0,1,1331,-855,877,-1095,410,1161,-9,1,1,0,0,0,0,0,0,0,0,0,0,0,0,0,0,0,0,0,0,0,0,0,0,35695
1,1,0,1,1410,-974,1028,-1587,407,1096,-12,3,1,0,0,0,0,0,0,0,0,0,0,0,0,0,0,0,0,0,0,0,0,0,0,35705
1,1,0,1,1360,-868,1175,-2019,308,1157,-10,3,1,0,0,0,0,0,0,0,0,0,0,0,0,0,0,0,0,0,0,0,0,0,0,35715
1,1,0,1,1286,-741,1281,-2163,212,1281,-8,4,1,0,0,0,0,0,0,0,0,0,0,0,0,0,0,0,0,0,0,0,0,0,0,35725
1,1,0,1,1191,-714,1264,-2166,51,1492,-6,4,1,0,0,0,0,0,0,0,0,0,0,0,0,0,0,0,0,0,0,0,0,0,0,35735
1,1,0,1,1131,-777,1192,-1954,-141,1677,-7,4,1,0,0,0,0,0,0,0,0,0,0,0,0,0,0,0,0,0,0,0,0,0,0,35745
1,1,0,1,1177,-1009,1102,-1744,-322,1771,-8,3,1,0,0,0,0,0,0,0,0,0,0,0,0,0,0,0,0,0,0,0,0,0,0,35755
1,1,0,1,1165,-1249,1048,-1595,-412,1723,-8,6,1,0,0,0,0,0,0,0,0,0,0,0,0,0,0,0,0,0,0,0,0,0,0,35765
1,1,1,1,1180,-1427,1039,-1590,-391,1571,-7,4,1,0,0,0,0,0,0,0,0,0,0,0,0,0,0,0,0,0,0,0,0,0,0,35775
1,1,1,1,1270,-1522,1064,-1623,-329,1408,-9,5,1,0,0,0,0,0,0,0,0,0,0,0,0,0,0,0,0,0,0,0,0,0,0,35785
1,1,1,1,1298,-1484,1055,-1612,-268,1292,-7,2,1,0,0,0,0,0,0,0,0,0,0,0,0,0,0,0,0,0,0,0,0,0,0,35795
1,1,1,1,1322,-1418,1004,-1604,-172,1207,-6,-1,1,0,0,0,0,0,0,0,0,0,0,0,0,0,0,0,0,0,0,0,0,0,0,35805
1,1,1,1,1361,-1359,970,-1505,-24,1131,-4,4,1,0,0,0,0,0,0,0,0,0,0,0,0,0,0,0,0,0,0,0,0,0,0,35815
1,1,1,1,1164,-1356,877,-1154,46,1097,-3,0,1,0,0,0,0,0,0,0,0,0,0,0,0,0,0,0,0,0,0,0,0,0,0,35825
1,1,1,1,1086,-1491,798,-995,-41,1064,-2,3,1,0,0,0,0,0,0,0,0,0,0,0,0,0,0,0,0,0,0,0,0,0,0,35835
1,1,1,1,1112,-1460,851,-801,-208,1014,-2,3,1,0,0,0,0,0,0,0,0,0,0,0,0,0,0,0,0,0,0,0,0,0,0,35845
1,1,1,1,1121,-1479,916,-733,-336,1028,-2,2,1,0,0,0,0,0,0,0,0,0,0,0,0,0,0,0,0,0,0,0,0,0,0,35855
1,1,1,1,1143,-1541,999,-713,-317,1100,2,3,1,0,0,0,0,0,0,0,0,0,0,0,0,0,0,0,0,0,0,0,0,0,0,35865
1,1,1,1,1276,-1402,1000,-457,-222,1133,-6,2,1,0,0,0,0,0,0,0,0,0,0,0,0,0,0,0,0,0,0,0,0,0,0,35875
1,1,1,1,1466,-1464,953,-645,-32,1237,-3,1,1,0,0,0,0,0,0,0,0,0,0,0,0,0,0,0,0,0,0,0,0,0,0,35885
1,1,1,1,894,-1260,777,-722,123,1256,-3,3,1,0,0,0,0,0,0,0,0,0,0,0,0,0,0,0,0,0,0,0,0,0,0,35895
1,1,1,1,1002,-1165,739,-679,40,984,-2,3,1,0,0,0,0,0,0,0,0,0,0,0,0,0,0,0,0,0,0,0,0,0,0,35905
1,1,1,1,1400,-1318,811,-508,-48,767,-4,3,1,0,0,0,0,0,0,0,0,0,0,0,0,0,0,0,0,0,0,0,0,0,0,35915
1,1,1,1,1319,-1481,852,-348,31,785,-3,3,1,0,0,0,0,0,0,0,0,0,0,0,0,0,0,0,0,0,0,0,0,0,0,35925
1,1,1,1,1262,-1545,864,-392,22,826,-2,4,1,0,0,0,0,0,0,0,0,0,0,0,0,0,0,0,0,0,0,0,0,0,0,35935
1,1,1,1,1283,-1639,834,-431,-129,780,-1,4,0,0,0,0,0,0,0,0,0,0,0,0,0,0,0,0,0,0,0,0,0,0,0,35945
1,1,1,1,1253,-1761,854,-364,-227,676,1,3,1,0,0,0,0,0,0,0,0,0,0,0,0,0,0,0,0,0,0,0,0,0,0,35955
1,1,1,1,1218,-1819,851,-312,-247,499,1,4,1,0,0,0,0,0,0,0,0,0,0,0,0,0,0,0,0,0,0,0,0,0,0,35965
1,1,1,1,1254,-1728,908,-195,-266,364,-2,4,1,0,0,0,0,0,0,0,0,0,0,0,0,0,0,0,0,0,0,0,0,0,0,35975
1,1,1,1,1313,-1625,995,-136,-321,387,-3,5,1,0,0,0,0,0,0,0,0,0,0,0,0,0,0,0,0,0,0,0,0,0,0,35985
1,1,1,1,1345,-1624,1001,-254,-457,509,-2,5,0,0,0,0,0,0,0,0,0,0,0,0,0,0,0,0,0,0,0,0,0,0,0,35995
1,1,1,1,1333,-1569,966,-285,-604,599,2,4,1,0,0,0,0,0,0,0,0,0,0,0,0,0,0,0,0,0,0,0,0,0,0,36005
1,1,1,1,1358,-1459,861,-172,-644,635,3,4,2,0,0,0,0,0,0,0,0,0,0,0,0,0,0,0,0,0,0,0,0,0,0,36015
1,1,1,1,1339,-1590,764,-89,-635,634,3,3,1,0,0,0,0,0,0,0,0,0,0,0,0,0,0,0,0,0,0,0,0,0,0,36025
1,1,1,1,1265,-1690,732,-16,-602,601,1,3,0,0,0,0,0,0,0,0,0,0,0,0,0,0,0,0,0,0,0,0,0,0,0,36035
1,1,1,1,1269,-1687,765,-71,-545,625,1,3,1,0,0,0,0,0,0,0,0,0,0,0,0,0,0,0,0,0,0,0,0,0,0,36045
1,1,1,1,1270,-1624,804,-162,-488,719,-2,3,2,0,0,0,0,0,0,0,0,0,0,0,0,0,0,0,0,0,0,0,0,0,0,36055
1,1,1,1,1242,-1634,799,-318,-466,833,-3,5,0,0,0,0,0,0,0,0,0,0,0,0,0,0,0,0,0,0,0,0,0,0,0,36065
1,1,1,1,1156,-1657,773,-378,-455,886,-3,3,1,0,0,0,0,0,0,0,0,0,0,0,0,0,0,0,0,0,0,0,0,0,0,36075
1,1,1,1,1107,-1686,714,-304,-435,884,-2,3,1,0,0,0,0,0,0,0,0,0,0,0,0,0,0,0,0,0,0,0,0,0,0,36085
1,1,1,1,1043,-1813,679,-343,-413,868,-2,4,2,0,0,0,0,0,0,0,0,0,0,0,0,0,0,0,0,0,0,0,0,0,0,36095
1,1,1,1,888,-1886,659,-317,-366,825,-3,3,6,0,0,0,0,0,0,0,0,0,0,0,0,0,0,0,0,0,0,0,0,0,0,36105
1,1,1,1,859,-1968,610,-270,-261,733,-4,8,1,0,0,0,0,0,0,0,0,0,0,0,0,0,0,0,0,0,0,0,0,0,0,36115
1,1,1,1,820,-2030,627,-252,-157,641,-3,4,1,0,0,0,0,0,0,0,0,0,0,0,0,0,0,0,0,0,0,0,0,0,0,36125
1,1,1,1,797,-2031,611,-242,-108,581,-3,5,1,0,0,0,0,0,0,0,0,0,0,0,0,0,0,0,0,0,0,0,0,0,0,36135
1,1,1,1,787,-2041,596,-286,-86,529,-2,4,2,0,0,0,0,0,0,0,0,0,0,0,0,0,0,0,0,0,0,0,0,0,0,36145
1,1,1,1,793,-2050,573,-291,-27,441,1,1,1,0,0,0,0,0,0,0,0,0,0,0,0,0,0,0,0,0,0,0,0,0,0,36155
1,1,1,1,821,-2007,551,-150,113,283,0,1,-1,0,0,0,0,0,0,0,0,0,0,0,0,0,0,0,0,0,0,0,0,0,0,36165
1,1,1,1,858,-1876,621,-71,199,218,-1,2,1,0,0,0,0,0,0,0,0,0,0,0,0,0,0,0,0,0,0,0,0,0,0,36175
1,1,1,1,892,-1787,706,-135,256,243,0,2,1,0,0,0,0,0,0,0,0,0,0,0,0,0,0,0,0,0,0,0,0,0,0,36185
1,1,1,1,901,-1759,717,-198,297,311,-2,1,1,0,0,0,0,0,0,0,0,0,0,0,0,0,0,0,0,0,0,0,0,0,0,36195
1,1,1,1,894,-1773,709,-270,339,342,1,2,1,0,0,0,0,0,0,0,0,0,0,0,0,0,0,0,0,0,0,0,0,0,0,36205
1,1,1,1,934,-1778,809,-379,283,400,-1,2,0,0,0,0,0,0,0,0,0,0,0,0,0,0,0,0,0,0,0,0,0,0,0,36215
1,1,1,1,990,-1835,876,-538,174,456,3,3,0,0,0,0,0,0,0,0,0,0,0,0,0,0,0,0,0,0,0,0,0,0,0,36225
1,1,1,1,996,-1949,879,-677,69,418,2,7,0,0,0,0,0,0,0,0,0,0,0,0,0,0,0,0,0,0,0,0,0,0,0,36235
1,1,1,1,964,-2008,790,-780,-56,329,5,6,1,0,0,0,0,0,0,0,0,0,0,0,0,0,0,0,0,0,0,0,0,0,0,36245
1,1,1,1,932,-1988,736,-851,-92,262,4,7,1,0,0,0,0,0,0,0,0,0,0,0,0,0,0,0,0,0,0,0,0,0,0,36255
1,1,1,1,907,-1987,697,-954,-75,248,4,9,1,0,0,0,0,0,0,0,0,0,0,0,0,0,0,0,0,0,0,0,0,0,0,36265
1,1,1,1,931,-1851,722,-955,-57,317,6,9,1,0,0,0,0,0,0,0,0,0,0,0,0,0,0,0,0,0,0,0,0,0,0,36275
1,1,1,1,963,-1669,744,-864,-40,466,3,12,1,0,0,0,0,0,0,0,0,0,0,0,0,0,0,0,0,0,0,0,0,0,0,36285
1,1,1,1,951,-1733,783,-1009,-30,655,6,15,0,0,0,0,0,0,0,0,0,0,0,0,0,0,0,0,0,0,0,0,0,0,0,36295
1,1,1,1,862,-1823,831,-1032,15,696,11,18,4,0,0,0,0,0,0,0,0,0,0,0,0,0,0,0,0,0,0,0,0,0,0,36305
1,1,1,1,860,-1889,707,-653,33,605,17,23,6,0,0,0,0,0,0,0,0,0,0,0,0,0,0,0,0,0,0,0,0,0,0,36315
1,1,1,1,897,-1917,645,-254,34,519,25,26,14,0,0,0,0,0,0,0,0,0,0,0,0,0,0,0,0,0,0,0,0,0,0,36325
1,1,1,1,916,-1736,749,562,4,464,19,28,20,0,0,0,0,0,0,0,0,0,0,0,0,0,0,0,0,0,0,0,0,0,0,36335
1,1,1,1,862,-1980,570,859,-12,486,12,34,31,0,0,0,0,0,0,0,0,0,0,0,0,0,0,0,0,0,0,0,0,0,0,36345
1,1,1,1,820,-2268,447,506,76,502,10,36,34,0,0,0,0,0,0,0,0,0,0,0,0,0,0,0,0,0,0,0,0,0,0,36355
1,1,1,1,727,-2447,339,-138,145,450,13,41,39,0,0,0,0,0,0,0,0,0,0,0,0,0,0,0,0,0,0,0,0,0,0,36365
1,1,1,1,727,-2447,339,-394,232,444,17,42,35,0,0,0,0,0,0,0,0,0,0,0,0,0,0,0,0,0,0,0,0,0,0,36375
1,1,1,1,877,-1945,709,-366,211,466,18,39,34,0,0,0,0,0,0,0,0,0,0,0,0,0,0,0,0,0,0,0,0,0,0,36385
1,1,1,1,899,-2056,760,-352,117,464,14,43,33,0,0,0,0,0,0,0,0,0,0,0,0,0,0,0,0,0,0,0,0,0,0,36395
1,1,1,1,929,-2174,753,-428,52,405,14,40,29,0,0,0,0,0,0,0,0,0,0,0,0,0,0,0,0,0,0,0,0,0,0,36405
1,1,1,1,946,-2178,757,-438,20,283,16,39,31,0,0,0,0,0,0,0,0,0,0,0,0,0,0,0,0,0,0,0,0,0,0,36415
1,1,1,1,936,-2153,574,-457,76,165,14,37,25,0,0,0,0,0,0,0,0,0,0,0,0,0,0,0,0,0,0,0,0,0,0,36425
1,1,1,1,972,-1971,523,-762,124,256,10,37,23,0,0,0,0,0,0,0,0,0,0,0,0,0,0,0,0,0,0,0,0,0,0,36435
1,1,1,1,1169,-1905,628,-1276,80,415,21,40,32,0,0,0,0,0,0,0,0,0,0,0,0,0,0,0,0,0,0,0,0,0,0,36445
1,1,1,1,856,-1731,575,-613,50,342,16,41,38,0,0,0,0,0,0,0,0,0,0,0,0,0,0,0,0,0,0,0,0,0,0,36455
1,1,1,1,816,-2134,671,-521,36,230,16,39,35,0,0,0,0,0,0,0,0,0,0,0,0,0,0,0,0,0,0,0,0,0,0,36465
1,1,1,1,816,-2019,707,-566,-8,187,15,40,42,0,0,0,0,0,0,0,0,0,0,0,0,0,0,0,0,0,0,0,0,0,0,36475
1,1,1,1,707,-2039,648,-429,-24,110,12,38,43,0,0,0,0,0,0,0,0,0,0,0,0,0,0,0,0,0,0,0,0,0,0,36485
1,1,1,1,666,-2153,641,-508,-50,97,9,36,47,0,0,0,0,0,0,0,0,0,0,0,0,0,0,0,0,0,0,0,0,0,0,36495
1,1,1,1,631,-2187,595,-493,-4,19,9,35,49,0,0,0,0,0,0,0,0,0,0,0,0,0,0,0,0,0,0,0,0,0,0,36505
1,1,1,1,663,-2140,636,-457,-55,-29,6,32,49,0,0,0,0,0,0,0,0,0,0,0,0,0,0,0,0,0,0,0,0,0,0,36515
1,1,1,1,687,-2159,587,-399,-125,-35,2,30,47,0,0,0,0,0,0,0,0,0,0,0,0,0,0,0,0,0,0,0,0,0,0,36525
1,1,1,1,766,-2170,620,-462,-228,-32,-5,29,56,0,0,0,0,0,0,0,0,0,0,0,0,0,0,0,0,0,0,0,0,0,0,36535
1,1,1,1,742,-2297,520,-642,-196,-114,-2,29,52,0,0,0,0,0,0,0,0,0,0,0,0,0,0,0,0,0,0,0,0,0,0,36545
1,1,1,1,684,-2142,537,-644,-238,-60,-5,28,53,0,0,0,0,0,0,0,0,0,0,0,0,0,0,0,0,0,0,0,0,0,0,36555
1,1,1,1,722,-2056,283,-494,-185,-57,-7,28,58,0,0,0,0,0,0,0,0,0,0,0,0,0,0,0,0,0,0,0,0,0,0,36565
1,1,1,1,794,-1898,343,-366,-176,83,-8,27,62,0,0,0,0,0,0,0,0,0,0,0,0,0,0,0,0,0,0,0,0,0,0,36575
1,1,1,1,850,-1984,392,-201,-74,123,-11,28,66,0,0,0,0,0,0,0,0,0,0,0,0,0,0,0,0,0,0,0,0,0,0,36585
1,1,1,1,934,-2110,463,-251,-44,151,-12,30,72,0,0,0,0,0,0,0,0,0,0,0,0,0,0,0,0,0,0,0,0,0,0,36595
1,1,1,1,980,-2118,464,-207,-41,123,-10,29,74,0,0,0,0,0,0,0,0,0,0,0,0,0,0,0,0,0,0,0,0,0,0,36605
1,1,1,1,959,-2055,462,-81,-73,93,-14,31,75,0,0,0,0,0,0,0,0,0,0,0,0,0,0,0,0,0,0,0,0,0,0,36615
1,1,1,1,1019,-2092,433,-61,-82,74,-15,30,78,0,0,0,0,0,0,0,0,0,0,0,0,0,0,0,0,0,0,0,0,0,0,36625
1,1,1,1,953,-2152,417,-89,-58,71,-12,31,81,0,0,0,0,0,0,0,0,0,0,0,0,0,0,0,0,0,0,0,0,0,0,36635
1,1,1,1,854,-2161,408,-88,-48,73,-13,32,85,0,0,0,0,0,0,0,0,0,0,0,0,0,0,0,0,0,0,0,0,0,0,36645
1,1,1,1,838,-2143,354,41,-50,34,-14,34,88,0,0,0,0,0,0,0,0,0,0,0,0,0,0,0,0,0,0,0,0,0,0,36655
1,1,1,1,823,-2097,382,190,-58,20,-16,35,90,0,0,0,0,0,0,0,0,0,0,0,0,0,0,0,0,0,0,0,0,0,0,36665
1,1,1,1,880,-2150,481,66,-60,65,-16,33,90,0,0,0,0,0,0,0,0,0,0,0,0,0,0,0,0,0,0,0,0,0,0,36675
1,1,1,1,831,-2171,522,-99,-37,127,-16,36,96,0,0,0,0,0,0,0,0,0,0,0,0,0,0,0,0,0,0,0,0,0,0,36685
1,1,1,1,832,-2116,480,-107,-29,156,-14,38,97,0,0,0,0,0,0,0,0,0,0,0,0,0,0,0,0,0,0,0,0,0,0,36695
1,1,1,1,794,-2127,410,-9,-9,138,-17,40,106,0,0,0,0,0,0,0,0,0,0,0,0,0,0,0,0,0,0,0,0,0,0,36705
1,1,1,1,778,-2190,403,69,-1,98,-19,41,108,0,0,0,0,0,0,0,0,0,0,0,0,0,0,0,0,0,0,0,0,0,0,36715
1,1,1,1,803,-2165,456,72,-26,89,-22,45,114,0,0,0,0,0,0,0,0,0,0,0,0,0,0,0,0,0,0,0,0,0,0,36725
1,1,1,1,771,-2207,423,78,-14,55,-22,43,118,0,0,0,0,0,0,0,0,0,0,0,0,0,0,0,0,0,0,0,0,0,0,36736
1,1,1,1,782,-2170,454,8,-15,63,-22,44,123,0,0,0,0,0,0,0,0,0,0,0,0,0,0,0,0,0,0,0,0,0,0,36746
1,1,1,1,791,-2148,396,12,3,56,-23,43,126,0,0,0,0,0,0,0,0,0,0,0,0,0,0,0,0,0,0,0,0,0,0,36756
1,1,1,1,818,-2113,367,30,3,56,-25,45,129,0,0,0,0,0,0,0,0,0,0,0,0,0,0,0,0,0,0,0,0,0,0,36766
1,1,1,1,855,-2113,413,74,11,42,-25,46,134,0,0,0,0,0,0,0,0,0,0,0,0,0,0,0,0,0,0,0,0,0,0,36776
1,1,1,1,898,-2094,476,87,5,47,-27,48,139,0,0,0,0,0,0,0,0,0,0,0,0,0,0,0,0,0,0,0,0,0,0,36786
1,1,1,1,870,-2152,421,27,14,61,-29,48,144,0,0,0,0,0,0,0,0,0,0,0,0,0,0,0,0,0,0,0,0,0,0,36796
1,1,1,1,847,-2194,431,-54,34,66,-31,50,147,0,0,0,0,0,0,0,0,0,0,0,0,0,0,0,0,0,0,0,0,0,0,36806
1,1,1,1,839,-2176,451,-70,38,87,-34,51,148,0,0,0,0,0,0,0,0,0,0,0,0,0,0,0,0,0,0,0,0,0,0,36816
1,1,1,1,847,-2215,405,-98,64,81,-32,51,151,0,0,0,0,0,0,0,0,0,0,0,0,0,0,0,0,0,0,0,0,0,0,36826
1,1,1,1,830,-2214,434,-112,66,65,-35,52,155,0,0,0,0,0,0,0,0,0,0,0,0,0,0,0,0,0,0,0,0,0,0,36836
1,1,1,1,727,-2279,427,-276,101,72,-26,53,157,0,0,0,0,0,0,0,0,0,0,0,0,0,0,0,0,0,0,0,0,0,0,36846
1,1,1,1,962,-2141,459,-122,24,16,-36,52,159,0,0,0,0,0,0,0,0,0,0,0,0,0,0,0,0,0,0,0,0,0,0,36856
1,1,1,1,771,-2212,310,-47,61,27,-33,53,161,0,0,0,0,0,0,0,0,0,0,0,0,0,0,0,0,0,0,0,0,0,0,36866
1,1,1,1,828,-2178,522,-118,48,36,-36,52,162,0,0,0,0,0,0,0,0,0,0,0,0,0,0,0,0,0,0,0,0,0,0,36876
1,1,1,1,825,-2211,428,-152,16,38,-37,52,162,0,0,0,0,0,0,0,0,0,0,0,0,0,0,0,0,0,0,0,0,0,0,36886
1,1,1,1,807,-2194,416,-149,14,31,-37,53,165,0,0,0,0,0,0,0,0,0,0,0,0,0,0,0,0,0,0,0,0,0,0,36896
1,1,1,1,807,-2134,388,-55,-10,26,-37,53,169,0,0,0,0,0,0,0,0,0,0,0,0,0,0,0,0,0,0,0,0,0,0,36906
1,1,1,1,782,-2152,350,-7,-20,20,-38,53,171,0,0,0,0,0,0,0,0,0,0,0,0,0,0,0,0,0,0,0,0,0,0,36916
1,1,1,1,800,-2142,365,56,-24,10,-39,53,171,0,0,0,0,0,0,0,0,0,0,0,0,0,0,0,0,0,0,0,0,0,0,36926
1,1,1,1,811,-2167,362,99,-33,-7,-37,53,173,0,0,0,0,0,0,0,0,0,0,0,0,0,0,0,0,0,0,0,0,0,0,36936
1,1,1,1,815,-2154,375,143,-41,-29,-37,54,173,0,0,0,0,0,0,0,0,0,0,0,0,0,0,0,0,0,0,0,0,0,0,36946
1,1,1,1,832,-2149,393,175,-46,-33,-38,53,173,0,0,0,0,0,0,0,0,0,0,0,0,0,0,0,0,0,0,0,0,0,0,36956
1,1,1,1,820,-2180,387,186,-48,-34,-41,55,173,0,0,0,0,0,0,0,0,0,0,0,0,0,0,0,0,0,0,0,0,0,0,36966
1,1,1,1,842,-2209,422,147,-56,-36,-39,51,174,0,0,0,0,0,0,0,0,0,0,0,0,0,0,0,0,0,0,0,0,0,0,36976
1,1,1,1,852,-2226,465,65,-74,-39,-41,52,172,0,0,0,0,0,0,0,0,0,0,0,0,0,0,0,0,0,0,0,0,0,0,36986
1,1,1,1,832,-2198,435,13,-81,-31,-43,55,179,0,0,0,0,0,0,0,0,0,0,0,0,0,0,0,0,0,0,0,0,0,0,36996
1,1,1,1,811,-2190,407,6,-64,-22,-45,57,176,0,0,0,0,0,0,0,0,0,0,0,0,0,0,0,0,0,0,0,0,0,0,37006
1,1,1,1,818,-2176,400,30,-52,-11,-43,55,178,0,0,0,0,0,0,0,0,0,0,0,0,0,0,0,0,0,0,0,0,0,0,37016
1,1,1,1,834,-2152,398,81,-44,-4,-44,54,180,0,0,0,0,0,0,0,0,0,0,0,0,0,0,0,0,0,0,0,0,0,0,37026
1,1,1,1,846,-2159,388,132,-41,-3,-43,55,181,0,0,0,0,0,0,0,0,0,0,0,0,0,0,0,0,0,0,0,0,0,0,37036
1,1,1,1,853,-2186,406,173,-61,-15,-42,56,182,0,0,0,0,0,0,0,0,0,0,0,0,0,0,0,0,0,0,0,0,0,0,37046
1,1,1,1,840,-2205,409,207,-81,-32,-41,56,182,0,0,0,0,0,0,0,0,0,0,0,0,0,0,0,0,0,0,0,0,0,0,37056
1,1,1,1,845,-2204,421,180,-96,-34,-41,55,184,0,0,0,0,0,0,0,0,0,0,0,0,0,0,0,0,0,0,0,0,0,0,37066
1,1,1,1,835,-2222,444,118,-98,-28,-41,56,184,0,0,0,0,0,0,0,0,0,0,0,0,0,0,0,0,0,0,0,0,0,0,37076
1,1,1,1,835,-2225,455,86,-99,-30,-40,56,187,0,0,0,0,0,0,0,0,0,0,0,0,0,0,0,0,0,0,0,0,0,0,37086
1,1,1,1,844,-2197,444,69,-102,-27,-42,57,187,0,0,0,0,0,0,0,0,0,0,0,0,0,0,0,0,0,0,0,0,0,0,37096
1,1,1,1,861,-2192,448,38,-91,-8,-44,55,183,0,0,0,0,0,0,0,0,0,0,0,0,0,0,0,0,0,0,0,0,0,0,37106
1,1,1,1,848,-2188,449,26,-73,9,-44,56,184,0,0,0,0,0,0,0,0,0,0,0,0,0,0,0,0,0,0,0,0,0,0,37116
1,1,1,1,872,-2175,466,55,-75,7,-43,55,182,0,0,0,0,0,0,0,0,0,0,0,0,0,0,0,0,0,0,0,0,0,0,37126
1,1,1,1,841,-2176,441,87,-69,5,-43,58,186,0,0,0,0,0,0,0,0,0,0,0,0,0,0,0,0,0,0,0,0,0,0,37136
1,1,1,1,834,-2167,426,110,-44,9,-43,58,186,0,0,0,0,0,0,0,0,0,0,0,0,0,0,0,0,0,0,0,0,0,0,37146
1,1,1,1,831,-2176,439,127,-43,2,-43,58,185,0,0,0,0,0,0,0,0,0,0,0,0,0,0,0,0,0,0,0,0,0,0,37156
1,1,1,1,806,-2186,417,116,-32,-1,-43,58,184,0,0,0,0,0,0,0,0,0,0,0,0,0,0,0,0,0,0,0,0,0,0,37166
1,1,1,1,808,-2180,443,95,-26,1,-45,58,187,0,0,0,0,0,0,0,0,0,0,0,0,0,0,0,0,0,0,0,0,0,0,37176
1,1,1,1,810,-2186,471,54,-31,5,-45,58,184,0,0,0,0,0,0,0,0,0,0,0,0,0,0,0,0,0,0,0,0,0,0,37186
1,1,1,1,819,-2175,471,13,-33,9,-45,56,185,0,0,0,0,0,0,0,0,0,0,0,0,0,0,0,0,0,0,0,0,0,0,37196
1,1,1,1,820,-2180,460,-1,-7,14,-44,58,187,0,0,0,0,0,0,0,0,0,0,0,0,0,0,0,0,0,0,0,0,0,0,37206
1,1,1,1,827,-2161,486,-5,-3,17,-44,56,184,0,0,0,0,0,0,0,0,0,0,0,0,0,0,0,0,0,0,0,0,0,0,37216
1,1,1,1,826,-2177,464,-5,3,17,-45,59,185,0,0,0,0,0,0,0,0,0,0,0,0,0,0,0,0,0,0,0,0,0,0,37226
1,1,1,1,841,-2165,458,-1,2,20,-45,58,186,0,0,0,0,0,0,0,0,0,0,0,0,0,0,0,0,0,0,0,0,0,0,37236
1,1,1,1,845,-2156,433,19,-2,15,-45,57,185,0,0,0,0,0,0,0,0,0,0,0,0,0,0,0,0,0,0,0,0,0,0,37246
1,1,1,1,838,-2141,420,36,5,13,-46,56,188,0,0,0,0,0,0,0,0,0,0,0,0,0,0,0,0,0,0,0,0,0,0,37256
1,1,1,1,833,-2145,419,25,-1,10,-46,58,190,0,0,0,0,0,0,0,0,0,0,0,0,0,0,0,0,0,0,0,0,0,0,37266
1,1,1,1,818,-2130,383,11,2,11,-48,58,189,0,0,0,0,0,0,0,0,0,0,0,0,0,0,0,0,0,0,0,0,0,0,37276
1,1,1,1,814,-2106,372,38,3,14,-45,59,188,0,0,0,0,0,0,0,0,0,0,0,0,0,0,0,0,0,0,0,0,0,0,37286
1,1,1,1,818,-2143,392,40,-9,5,-48,58,187,0,0,0,0,0,0,0,0,0,0,0,0,0,0,0,0,0,0,0,0,0,0,37296
1,1,1,1,828,-2141,422,37,-31,0,-44,56,189,0,0,0,0,0,0,0,0,0,0,0,0,0,0,0,0,0,0,0,0,0,0,37306
1,1,1,1,826,-2141,417,52,-36,1,-46,60,190,0,0,0,0,0,0,0,0,0,0,0,0,0,0,0,0,0,0,0,0,0,0,37316
1,1,1,1,831,-2157,419,61,-39,1,-48,59,191,0,0,0,0,0,0,0,0,0,0,0,0,0,0,0,0,0,0,0,0,0,0,37326
1,1,1,1,833,-2155,437,68,-45,-1,-47,59,187,0,0,0,0,0,0,0,0,0,0,0,0,0,0,0,0,0,0,0,0,0,0,37336
1,1,1,1,839,-2151,441,78,-39,3,-47,59,188,0,0,0,0,0,0,0,0,0,0,0,0,0,0,0,0,0,0,0,0,0,0,37346
1,1,1,1,846,-2155,440,86,-32,8,-47,61,191,0,0,0,0,0,0,0,0,0,0,0,0,0,0,0,0,0,0,0,0,0,0,37356
1,1,1,1,845,-2161,436,86,-29,6,-46,60,187,0,0,0,0,0,0,0,0,0,0,0,0,0,0,0,0,0,0,0,0,0,0,37366
1,1,1,1,860,-2158,456,73,-30,14,-45,60,187,0,0,0,0,0,0,0,0,0,0,0,0,0,0,0,0,0,0,0,0,0,0,37376
1,1,1,1,852,-2168,461,68,-35,14,-44,58,191,0,0,0,0,0,0,0,0,0,0,0,0,0,0,0,0,0,0,0,0,0,0,37386
1,1,1,1,852,-2160,458,63,-38,13,-45,59,192,0,0,0,0,0,0,0,0,0,0,0,0,0,0,0,0,0,0,0,0,0,0,37396
1,1,1,1,861,-2164,467,54,-34,18,-46,58,192,0,0,0,0,0,0,0,0,0,0,0,0,0,0,0,0,0,0,0,0,0,0,37406
1,1,1,1,842,-2168,461,44,-22,19,-48,61,191,0,0,0,0,0,0,0,0,0,0,0,0,0,0,0,0,0,0,0,0,0,0,37416
1,1,1,1,846,-2155,463,50,-20,18,-45,58,192,0,0,0,0,0,0,0,0,0,0,0,0,0,0,0,0,0,0,0,0,0,0,37426
1,1,1,1,851,-2161,473,49,-15,16,-45,60,192,0,0,0,0,0,0,0,0,0,0,0,0,0,0,0,0,0,0,0,0,0,0,37436
1,1,1,1,840,-2170,474,39,-8,16,-44,58,190,0,0,0,0,0,0,0,0,0,0,0,0,0,0,0,0,0,0,0,0,0,0,37446
1,1,1,1,841,-2167,466,30,-6,10,-45,59,191,0,0,0,0,0,0,0,0,0,0,0,0,0,0,0,0,0,0,0,0,0,0,37456
1,1,1,1,833,-2170,454,20,-2,7,-46,58,193,0,0,0,0,0,0,0,0,0,0,0,0,0,0,0,0,0,0,0,0,0,0,37466
1,1,1,1,832,-2167,453,1,-7,5,-45,59,194,0,0,0,0,0,0,0,0,0,0,0,0,0,0,0,0,0,0,0,0,0,0,37476
1,1,1,1,832,-2136,444,21,-7,5,-45,58,192,0,0,0,0,0,0,0,0,0,0,0,0,0,0,0,0,0,0,0,0,0,0,37486
1,1,1,1,838,-2139,441,44,-20,3,-47,60,196,0,0,0,0,0,0,0,0,0,0,0,0,0,0,0,0,0,0,0,0,0,0,37496
1,1,1,1,825,-2158,458,41,-18,3,-45,60,196,0,0,0,0,0,0,0,0,0,0,0,0,0,0,0,0,0,0,0,0,0,0,37506
1,1,1,1,828,-2166,472,22,-24,8,-45,63,198,0,0,0,0,0,0,0,0,0,0,0,0,0,0,0,0,0,0,0,0,0,0,37516
1,1,1,1,830,-2154,478,16,-22,11,-45,61,197,0,0,0,0,0,0,0,0,0,0,0,0,0,0,0,0,0,0,0,0,0,0,37526
1,1,1,1,833,-2164,483,7,-8,21,-48,63,197,0,0,0,0,0,0,0,0,0,0,0,0,0,0,0,0,0,0,0,0,0,0,37536
1,1,1,1,846,-2162,483,-3,-6,27,-46,62,199,0,0,0,0,0,0,0,0,0,0,0,0,0,0,0,0,0,0,0,0,0,0,37546
1,1,1,1,837,-2178,477,-31,7,32,-46,62,200,0,0,0,0,0,0,0,0,0,0,0,0,0,0,0,0,0,0,0,0,0,0,37556
1,1,1,1,842,-2168,466,-48,15,36,-47,64,203,0,0,0,0,0,0,0,0,0,0,0,0,0,0,0,0,0,0,0,0,0,0,37566
1,1,1,1,841,-2168,457,-40,8,29,-49,63,202,0,0,0,0,0,0,0,0,0,0,0,0,0,0,0,0,0,0,0,0,0,0,37576
1,1,1,1,829,-2164,441,-37,13,25,-50,66,201,0,0,0,0,0,0,0,0,0,0,0,0,0,0,0,0,0,0,0,0,0,0,37586
1,1,1,1,843,-2155,456,-34,21,27,-51,69,205,0,0,0,0,0,0,0,0,0,0,0,0,0,0,0,0,0,0,0,0,0,0,37596
1,1,1,1,844,-2162,471,-50,20,25,-48,62,204,0,0,0,0,0,0,0,0,0,0,0,0,0,0,0,0,0,0,0,0,0,0,37606
1,1,1,1,834,-2163,461,-61,17,20,-49,65,202,0,0,0,0,0,0,0,0,0,0,0,0,0,0,0,0,0,0,0,0,0,0,37616
1,1,1,1,832,-2144,449,-42,23,20,-50,66,208,0,0,0,0,0,0,0,0,0,0,0,0,0,0,0,0,0,0,0,0,0,0,37626
1,1,1,1,830,-2154,446,-41,21,18,-50,66,208,0,0,0,0,0,0,0,0,0,0,0,0,0,0,0,0,0,0,0,0,0,0,37636
1,1,1,1,843,-2147,457,-34,22,16,-49,67,207,0,0,0,0,0,0,0,0,0,0,0,0,0,0,0,0,0,0,0,0,0,0,37646
1,1,1,1,844,-2144,448,-30,25,17,-48,65,208,0,0,0,0,0,0,0,0,0,0,0,0,0,0,0,0,0,0,0,0,0,0,37656
1,1,1,1,838,-2151,441,-32,25,14,-48,65,212,0,0,0,0,0,0,0,0,0,0,0,0,0,0,0,0,0,0,0,0,0,0,37666
1,1,1,1,831,-2158,424,-31,30,9,-47,67,211,0,0,0,0,0,0,0,0,0,0,0,0,0,0,0,0,0,0,0,0,0,0,37676
1,1,1,1,828,-2154,438,-37,20,10,-49,67,212,0,0,0,0,0,0,0,0,0,0,0,0,0,0,0,0,0,0,0,0,0,0,37686
1,1,1,1,811,-2172,428,-42,20,6,-47,64,202,0,0,0,0,0,0,0,0,0,0,0,0,0,0,0,0,0,0,0,0,0,0,37696
1,1,1,1,819,-2159,405,-22,8,-1,-42,63,203,0,0,0,0,0,0,0,0,0,0,0,0,0,0,0,0,0,0,0,0,0,0,37706
1,1,1,1,828,-2147,413,3,8,2,-48,65,206,0,0,0,0,0,0,0,0,0,0,0,0,0,0,0,0,0,0,0,0,0,0,37716
1,1,1,1,840,-2151,417,29,5,4,-48,64,205,0,0,0,0,0,0,0,0,0,0,0,0,0,0,0,0,0,0,0,0,0,0,37726
1,1,1,1,847,-2162,444,27,-4,7,-47,64,206,0,0,0,0,0,0,0,0,0,0,0,0,0,0,0,0,0,0,0,0,0,0,37736
1,1,1,1,840,-2162,448,22,-5,12,-47,65,207,0,0,0,0,0,0,0,0,0,0,0,0,0,0,0,0,0,0,0,0,0,0,37746
1,1,1,1,837,-2177,443,13,-3,13,-46,64,204,0,0,0,0,0,0,0,0,0,0,0,0,0,0,0,0,0,0,0,0,0,0,37756
1,1,1,1,831,-2187,457,3,1,15,-45,65,203,0,0,0,0,0,0,0,0,0,0,0,0,0,0,0,0,0,0,0,0,0,0,37766
1,1,1,1,834,-2170,445,12,-1,18,-45,66,203,0,0,0,0,0,0,0,0,0,0,0,0,0,0,0,0,0,0,0,0,0,0,37776
1,1,1,1,841,-2174,446,17,0,22,-47,65,204,0,0,0,0,0,0,0,0,0,0,0,0,0,0,0,0,0,0,0,0,0,0,37786
1,1,1,1,839,-2180,450,6,-6,23,-46,64,204,0,0,0,0,0,0,0,0,0,0,0,0,0,0,0,0,0,0,0,0,0,0,37796
1,1,1,1,841,-2172,443,-1,-10,24,-47,64,207,0,0,0,0,0,0,0,0,0,0,0,0,0,0,0,0,0,0,0,0,0,0,37806
1,1,1,1,844,-2169,448,-3,-5,27,-48,65,203,0,0,0,0,0,0,0,0,0,0,0,0,0,0,0,0,0,0,0,0,0,0,37816
1,1,1,1,848,-2173,446,-12,-8,26,-48,66,206,0,0,0,0,0,0,0,0,0,0,0,0,0,0,0,0,0,0,0,0,0,0,37826
1,1,1,1,838,-2179,447,-13,7,27,-49,65,208,0,0,0,0,0,0,0,0,0,0,0,0,0,0,0,0,0,0,0,0,0,0,37836
1,1,1,1,837,-2170,450,-13,6,28,-48,65,205,0,0,0,0,0,0,0,0,0,0,0,0,0,0,0,0,0,0,0,0,0,0,37846
1,1,1,1,821,-2163,442,-33,-8,25,-48,65,205,0,0,0,0,0,0,0,0,0,0,0,0,0,0,0,0,0,0,0,0,0,0,37866
1,1,1,1,823,-2153,431,-28,-14,26,-49,66,207,0,0,0,0,0,0,0,0,0,0,0,0,0,0,0,0,0,0,0,0,0,0,37876
1,1,1,1,826,-2150,422,-19,-17,30,-50,67,206,0,0,0,0,0,0,0,0,0,0,0,0,0,0,0,0,0,0,0,0,0,0,37886
1,1,1,1,833,-2157,423,-10,-24,30,-47,65,205,0,0,0,0,0,0,0,0,0,0,0,0,0,0,0,0,0,0,0,0,0,0,37896
1,1,1,1,838,-2153,424,2,-27,28,-48,66,205,0,0,0,0,0,0,0,0,0,0,0,0,0,0,0,0,0,0,0,0,0,0,37906
1,1,1,1,834,-2160,418,17,-30,24,-48,68,210,0,0,0,0,0,0,0,0,0,0,0,0,0,0,0,0,0,0,0,0,0,0,37916
1,1,1,1,833,-2163,425,38,-33,12,-49,64,206,0,0,0,0,0,0,0,0,0,0,0,0,0,0,0,0,0,0,0,0,0,0,37926
1,1,1,1,835,-2166,434,47,-25,8,-50,64,208,0,0,0,0,0,0,0,0,0,0,0,0,0,0,0,0,0,0,0,0,0,0,37936
1,1,1,1,831,-2166,444,45,-32,7,-49,67,208,0,0,0,0,0,0,0,0,0,0,0,0,0,0,0,0,0,0,0,0,0,0,37946
1,1,1,1,826,-2171,454,39,-22,12,-50,69,208,0,0,0,0,0,0,0,0,0,0,0,0,0,0,0,0,0,0,0,0,0,0,37956
1,1,1,1,830,-2172,464,16,-17,18,-48,67,208,0,0,0,0,0,0,0,0,0,0,0,0,0,0,0,0,0,0,0,0,0,0,37966
1,1,1,1,822,-2174,457,-9,-9,22,-46,66,210,0,0,0,0,0,0,0,0,0,0,0,0,0,0,0,0,0,0,0,0,0,0,37976
1,1,1,1,812,-2165,440,5,-5,24,-46,65,210,0,0,0,0,0,0,0,0,0,0,0,0,0,0,0,0,0,0,0,0,0,0,37996
1,1,1,1,807,-2173,439,6,-4,19,-47,66,210,0,0,0,0,0,0,0,0,0,0,0,0,0,0,0,0,0,0,0,0,0,0,38006
1,1,1,1,819,-2172,446,7,1,18,-49,67,209,0,0,0,0,0,0,0,0,0,0,0,0,0,0,0,0,0,0,0,0,0,0,38016
1,1,1,1,829,-2171,451,-3,7,20,-48,66,209,0,0,0,0,0,0,0,0,0,0,0,0,0,0,0,0,0,0,0,0,0,0,38026
1,1,1,1,830,-2181,451,-20,12,24,-47,66,207,0,0,0,0,0,0,0,0,0,0,0,0,0,0,0,0,0,0,0,0,0,0,38036
1,1,1,1,834,-2174,453,-24,28,29,-47,66,209,0,0,0,0,0,0,0,0,0,0,0,0,0,0,0,0,0,0,0,0,0,0,38046
1,1,1,1,832,-2184,452,-38,23,32,-48,66,209,0,0,0,0,0,0,0,0,0,0,0,0,0,0,0,0,0,0,0,0,0,0,38056
1,1,1,1,821,-2186,452,-45,19,36,-49,66,208,0,0,0,0,0,0,0,0,0,0,0,0,0,0,0,0,0,0,0,0,0,0,38066
1,1,1,1,819,-2173,439,-47,22,40,-49,66,208,0,0,0,0,0,0,0,0,0,0,0,0,0,0,0,0,0,0,0,0,0,0,38076
1,1,1,1,820,-2174,434,-41,38,44,-49,67,209,0,0,0,0,0,0,0,0,0,0,0,0,0,0,0,0,0,0,0,0,0,0,38086
1,1,1,1,814,-2169,434,-33,35,49,-50,66,207,0,0,0,0,0,0,0,0,0,0,0,0,0,0,0,0,0,0,0,0,0,0,38096
1,1,1,1,823,-2168,439,-27,28,52,-49,66,208,0,0,0,0,0,0,0,0,0,0,0,0,0,0,0,0,0,0,0,0,0,0,38106
1,1,1,1,820,-2182,441,-35,35,56,-50,67,209,0,0,0,0,0,0,0,0,0,0,0,0,0,0,0,0,0,0,0,0,0,0,38116
1,1,1,1,820,-2185,432,-36,36,57,-51,66,208,0,0,0,0,0,0,0,0,0,0,0,0,0,0,0,0,0,0,0,0,0,0,38126
1,1,1,1,828,-2186,433,-46,39,58,-48,65,210,0,0,0,0,0,0,0,0,0,0,0,0,0,0,0,0,0,0,0,0,0,0,38136
1,1,1,1,838,-2177,438,-53,41,59,-46,65,207,0,0,0,0,0,0,0,0,0,0,0,0,0,0,0,0,0,0,0,0,0,0,38146
1,1,1,1,834,-2176,421,-39,38,55,-48,66,208,0,0,0,0,0,0,0,0,0,0,0,0,0,0,0,0,0,0,0,0,0,0,38156
1,1,1,1,831,-2163,415,-23,44,54,-48,66,207,0,0,0,0,0,0,0,0,0,0,0,0,0,0,0,0,0,0,0,0,0,0,38166
1,1,1,1,819,-2162,415,-5,41,50,-48,65,206,0,0,0,0,0,0,0,0,0,0,0,0,0,0,0,0,0,0,0,0,0,0,38176
1,1,1,1,808,-2173,410,4,26,38,-47,62,204,0,0,0,0,0,0,0,0,0,0,0,0,0,0,0,0,0,0,0,0,0,0,38186
1,1,1,1,807,-2167,416,13,27,35,-47,64,208,0,0,0,0,0,0,0,0,0,0,0,0,0,0,0,0,0,0,0,0,0,0,38196
1,1,1,1,805,-2180,422,10,25,31,-47,63,208,0,0,0,0,0,0,0,0,0,0,0,0,0,0,0,0,0,0,0,0,0,0,38206
1,1,1,1,798,-2187,427,-7,14,25,-47,64,209,0,0,0,0,0,0,0,0,0,0,0,0,0,0,0,0,0,0,0,0,0,0,38216
1,1,1,1,806,-2187,432,-20,16,26,-48,66,209,0,0,0,0,0,0,0,0,0,0,0,0,0,0,0,0,0,0,0,0,0,0,38226
1,1,1,1,813,-2190,442,-39,15,30,-50,67,208,0,0,0,0,0,0,0,0,0,0,0,0,0,0,0,0,0,0,0,0,0,0,38236
1,1,1,1,817,-2185,442,-46,15,33,-50,67,209,0,0,0,0,0,0,0,0,0,0,0,0,0,0,0,0,0,0,0,0,0,0,38246
1,1,1,1,810,-2186,433,-49,13,34,-45,64,207,0,0,0,0,0,0,0,0,0,0,0,0,0,0,0,0,0,0,0,0,0,0,38256
1,1,1,1,806,-2186,419,-39,15,34,-46,65,209,0,0,0,0,0,0,0,0,0,0,0,0,0,0,0,0,0,0,0,0,0,0,38266
1,1,1,1,807,-2181,417,-26,24,28,-47,67,208,0,0,0,0,0,0,0,0,0,0,0,0,0,0,0,0,0,0,0,0,0,0,38276
1,1,1,1,805,-2182,417,-16,24,22,-46,64,207,0,0,0,0,0,0,0,0,0,0,0,0,0,0,0,0,0,0,0,0,0,0,38286
1,1,1,1,802,-2170,410,-7,22,14,-46,65,210,0,0,0,0,0,0,0,0,0,0,0,0,0,0,0,0,0,0,0,0,0,0,38296
1,1,1,1,801,-2170,416,0,20,11,-48,65,209,0,0,0,0,0,0,0,0,0,0,0,0,0,0,0,0,0,0,0,0,0,0,38306
1,1,1,1,800,-2181,417,0,13,9,-48,65,209,0,0,0,0,0,0,0,0,0,0,0,0,0,0,0,0,0,0,0,0,0,0,38316
1,1,1,1,806,-2175,405,-3,-1,7,-49,64,210,0,0,0,0,0,0,0,0,0,0,0,0,0,0,0,0,0,0,0,0,0,0,38326
1,1,1,1,807,-2170,409,-6,-8,12,-49,66,206,0,0,0,0,0,0,0,0,0,0,0,0,0,0,0,0,0,0,0,0,0,0,38336
1,1,1,1,807,-2183,425,-8,-12,14,-47,65,207,0,0,0,0,0,0,0,0,0,0,0,0,0,0,0,0,0,0,0,0,0,0,38346
1,1,1,1,803,-2191,428,-18,-13,15,-47,65,206,0,0,0,0,0,0,0,0,0,0,0,0,0,0,0,0,0,0,0,0,0,0,38356
1,1,1,1,808,-2186,432,-17,-15,20,-46,64,204,0,0,0,0,0,0,0,0,0,0,0,0,0,0,0,0,0,0,0,0,0,0,38366
1,1,1,1,807,-2182,426,-9,-13,20,-45,65,207,0,0,0,0,0,0,0,0,0,0,0,0,0,0,0,0,0,0,0,0,0,0,38376
1,1,1,1,818,-2183,428,-2,-2,19,-45,65,204,0,0,0,0,0,0,0,0,0,0,0,0,0,0,0,0,0,0,0,0,0,0,38386
1,1,1,1,815,-2189,427,-4,-7,15,-45,65,203,0,0,0,0,0,0,0,0,0,0,0,0,0,0,0,0,0,0,0,0,0,0,38396
1,1,1,1,818,-2183,429,0,6,18,-48,66,203,0,0,0,0,0,0,0,0,0,0,0,0,0,0,0,0,0,0,0,0,0,0,38406
1,1,1,1,817,-2180,422,1,5,18,-47,65,207,0,0,0,0,0,0,0,0,0,0,0,0,0,0,0,0,0,0,0,0,0,0,38416
1,1,1,1,818,-2183,424,5,1,18,-46,65,206,0,0,0,0,0,0,0,0,0,0,0,0,0,0,0,0,0,0,0,0,0,0,38426
1,1,1,1,813,-2183,424,6,5,21,-47,65,207,0,0,0,0,0,0,0,0,0,0,0,0,0,0,0,0,0,0,0,0,0,0,38436
1,1,1,1,804,-2191,423,7,3,23,-47,65,208,0,0,0,0,0,0,0,0,0,0,0,0,0,0,0,0,0,0,0,0,0,0,38446
1,1,1,1,795,-2202,431,-3,1,28,-46,65,205,0,0,0,0,0,0,0,0,0,0,0,0,0,0,0,0,0,0,0,0,0,0,38456
1,1,1,1,787,-2209,435,-18,1,28,-46,65,206,0,0,0,0,0,0,0,0,0,0,0,0,0,0,0,0,0,0,0,0,0,0,38466
1,1,1,1,795,-2185,439,-17,-6,29,-48,65,205,0,0,0,0,0,0,0,0,0,0,0,0,0,0,0,0,0,0,0,0,0,0,38476
1,1,1,1,799,-2183,435,-14,-1,32,-45,60,206,0,0,0,0,0,0,0,0,0,0,0,0,0,0,0,0,0,0,0,0,0,0,38486
1,1,1,1,807,-2189,444,-20,8,32,-49,66,206,0,0,0,0,0,0,0,0,0,0,0,0,0,0,0,0,0,0,0,0,0,0,38496
1,1,1,1,805,-2181,439,-7,9,36,-47,64,206,0,0,0,0,0,0,0,0,0,0,0,0,0,0,0,0,0,0,0,0,0,0,38506
1,1,1,1,796,-2195,415,-2,19,35,-48,66,208,0,0,0,0,0,0,0,0,0,0,0,0,0,0,0,0,0,0,0,0,0,0,38516
1,1,1,1,798,-2185,414,-1,15,32,-46,64,206,0,0,0,0,0,0,0,0,0,0,0,0,0,0,0,0,0,0,0,0,0,0,38526
1,1,1,1,797,-2178,404,16,15,31,-48,66,208,0,0,0,0,0,0,0,0,0,0,0,0,0,0,0,0,0,0,0,0,0,0,38536
1,1,1,1,799,-2177,410,21,2,28,-50,65,205,0,0,0,0,0,0,0,0,0,0,0,0,0,0,0,0,0,0,0,0,0,0,38546
1,1,1,1,796,-2178,407,28,-12,29,-51,68,205,0,0,0,0,0,0,0,0,0,0,0,0,0,0,0,0,0,0,0,0,0,0,38556
1,1,1,1,795,-2168,407,49,-14,28,-45,63,203,0,0,0,0,0,0,0,0,0,0,0,0,0,0,0,0,0,0,0,0,0,0,38566
1,1,1,1,792,-2181,411,55,-25,23,-45,64,203,0,0,0,0,0,0,0,0,0,0,0,0,0,0,0,0,0,0,0,0,0,0,38576
1,1,1,1,799,-2198,423,56,-19,22,-46,65,204,0,0,0,0,0,0,0,0,0,0,0,0,0,0,0,0,0,0,0,0,0,0,38586
1,1,1,1,801,-2187,430,49,-28,20,-47,65,203,0,0,0,0,0,0,0,0,0,0,0,0,0,0,0,0,0,0,0,0,0,0,38596
1,1,1,1,805,-2194,428,47,-29,20,-47,64,204,0,0,0,0,0,0,0,0,0,0,0,0,0,0,0,0,0,0,0,0,0,0,38606
1,1,1,1,798,-2194,437,40,-21,22,-45,65,207,0,0,0,0,0,0,0,0,0,0,0,0,0,0,0,0,0,0,0,0,0,0,38616
1,1,1,1,797,-2189,431,33,-19,23,-47,66,209,0,0,0,0,0,0,0,0,0,0,0,0,0,0,0,0,0,0,0,0,0,0,38626
1,1,1,1,795,-2194,432,36,-16,24,-48,64,206,0,0,0,0,0,0,0,0,0,0,0,0,0,0,0,0,0,0,0,0,0,0,38636
1,1,1,1,792,-2197,436,29,-10,27,-48,66,205,0,0,0,0,0,0,0,0,0,0,0,0,0,0,0,0,0,0,0,0,0,0,38646
1,1,1,1,797,-2194,440,21,-9,26,-48,66,207,0,0,0,0,0,0,0,0,0,0,0,0,0,0,0,0,0,0,0,0,0,0,38656
1,1,1,1,804,-2180,436,22,-16,22,-46,65,204,0,0,0,0,0,0,0,0,0,0,0,0,0,0,0,0,0,0,0,0,0,0,38666
1,1,1,1,802,-2177,440,32,-13,19,-48,66,205,0,0,0,0,0,0,0,0,0,0,0,0,0,0,0,0,0,0,0,0,0,0,38676
1,1,1,1,797,-2176,440,36,-9,19,-48,66,204,0,0,0,0,0,0,0,0,0,0,0,0,0,0,0,0,0,0,0,0,0,0,38686
1,1,1,1,801,-2177,446,34,-7,21,-49,66,208,0,0,0,0,0,0,0,0,0,0,0,0,0,0,0,0,0,0,0,0,0,0,38696
1,1,1,1,802,-2185,434,31,-16,19,-48,65,202,0,0,0,0,0,0,0,0,0,0,0,0,0,0,0,0,0,0,0,0,0,0,38706
1,1,1,1,795,-2193,432,28,-6,20,-48,66,203,0,0,0,0,0,0,0,0,0,0,0,0,0,0,0,0,0,0,0,0,0,0,38716
1,1,1,1,790,-2209,435,9,-4,22,-49,65,202,0,0,0,0,0,0,0,0,0,0,0,0,0,0,0,0,0,0,0,0,0,0,38726
1,1,1,1,786,-2203,429,2,-7,22,-49,66,205,0,0,0,0,0,0,0,0,0,0,0,0,0,0,0,0,0,0,0,0,0,0,38736
1,1,1,1,792,-2191,428,8,0,29,-46,65,204,0,0,0,0,0,0,0,0,0,0,0,0,0,0,0,0,0,0,0,0,0,0,38746
1,1,1,1,793,-2188,432,9,-2,34,-46,66,204,0,0,0,0,0,0,0,0,0,0,0,0,0,0,0,0,0,0,0,0,0,0,38756
1,1,1,1,791,-2189,440,3,-2,33,-45,65,202,0,0,0,0,0,0,0,0,0,0,0,0,0,0,0,0,0,0,0,0,0,0,38766
1,1,1,1,790,-2187,442,4,1,27,-44,65,203,0,0,0,0,0,0,0,0,0,0,0,0,0,0,0,0,0,0,0,0,0,0,38776
1,1,1,1,791,-2184,439,4,4,26,-48,66,204,0,0,0,0,0,0,0,0,0,0,0,0,0,0,0,0,0,0,0,0,0,0,38786
1,1,1,1,797,-2179,445,5,11,27,-47,66,202,0,0,0,0,0,0,0,0,0,0,0,0,0,0,0,0,0,0,0,0,0,0,38796
1,1,1,1,792,-2183,440,7,7,27,-45,65,204,0,0,0,0,0,0,0,0,0,0,0,0,0,0,0,0,0,0,0,0,0,0,38806
1,1,1,1,794,-2181,437,12,5,27,-46,67,204,0,0,0,0,0,0,0,0,0,0,0,0,0,0,0,0,0,0,0,0,0,0,38816
1,1,1,1,791,-2180,429,21,5,27,-44,62,201,0,0,0,0,0,0,0,0,0,0,0,0,0,0,0,0,0,0,0,0,0,0,38826
1,1,1,1,788,-2182,433,30,6,26,-47,66,204,0,0,0,0,0,0,0,0,0,0,0,0,0,0,0,0,0,0,0,0,0,0,38836
1,1,1,1,790,-2186,437,23,5,25,-46,66,204,0,0,0,0,0,0,0,0,0,0,0,0,0,0,0,0,0,0,0,0,0,0,38846
1,1,1,1,789,-2180,441,14,9,26,-46,67,204,0,0,0,0,0,0,0,0,0,0,0,0,0,0,0,0,0,0,0,0,0,0,38856
1,1,1,1,791,-2178,443,9,10,29,-47,65,203,0,0,0,0,0,0,0,0,0,0,0,0,0,0,0,0,0,0,0,0,0,0,38866
1,1,1,1,788,-2188,447,-4,7,29,-46,65,204,0,0,0,0,0,0,0,0,0,0,0,0,0,0,0,0,0,0,0,0,0,0,38876
1,1,1,1,788,-2190,451,-25,8,29,-45,66,203,0,0,0,0,0,0,0,0,0,0,0,0,0,0,0,0,0,0,0,0,0,0,38886
1,1,1,1,787,-2194,434,-26,20,26,-46,65,205,0,0,0,0,0,0,0,0,0,0,0,0,0,0,0,0,0,0,0,0,0,0,38896
1,1,1,1,787,-2185,422,-22,14,23,-44,66,206,0,0,0,0,0,0,0,0,0,0,0,0,0,0,0,0,0,0,0,0,0,0,38906
1,1,1,1,790,-2180,427,-15,10,21,-44,65,203,0,0,0,0,0,0,0,0,0,0,0,0,0,0,0,0,0,0,0,0,0,0,38916
1,1,1,1,787,-2188,426,0,10,20,-45,65,204,0,0,0,0,0,0,0,0,0,0,0,0,0,0,0,0,0,0,0,0,0,0,38926
1,1,1,1,788,-2188,427,3,4,19,-47,66,203,0,0,0,0,0,0,0,0,0,0,0,0,0,0,0,0,0,0,0,0,0,0,38936
1,1,1,1,796,-2189,432,4,7,20,-46,65,203,0,0,0,0,0,0,0,0,0,0,0,0,0,0,0,0,0,0,0,0,0,0,38946
1,1,1,1,788,-2189,437,-5,6,21,-45,65,201,0,0,0,0,0,0,0,0,0,0,0,0,0,0,0,0,0,0,0,0,0,0,38956
1,1,1,1,789,-2198,443,-18,9,26,-46,65,203,0,0,0,0,0,0,0,0,0,0,0,0,0,0,0,0,0,0,0,0,0,0,38966
1,1,1,1,787,-2192,440,-25,18,27,-46,66,200,0,0,0,0,0,0,0,0,0,0,0,0,0,0,0,0,0,0,0,0,0,0,38976
1,1,1,1,789,-2195,439,-29,17,25,-46,65,201,0,0,0,0,0,0,0,0,0,0,0,0,0,0,0,0,0,0,0,0,0,0,38986
1,1,1,1,788,-2189,443,-30,16,21,-47,66,201,0,0,0,0,0,0,0,0,0,0,0,0,0,0,0,0,0,0,0,0,0,0,38996
1,1,1,1,783,-2191,434,-39,10,18,-48,66,202,0,0,0,0,0,0,0,0,0,0,0,0,0,0,0,0,0,0,0,0,0,0,39006
1,1,1,1,787,-2182,440,-28,16,16,-50,66,199,0,0,0,0,0,0,0,0,0,0,0,0,0,0,0,0,0,0,0,0,0,0,39016
1,1,1,1,787,-2183,433,-30,15,15,-49,66,200,0,0,0,0,0,0,0,0,0,0,0,0,0,0,0,0,0,0,0,0,0,0,39026
1,1,1,1,783,-2194,424,-30,22,13,-48,66,201,0,0,0,0,0,0,0,0,0,0,0,0,0,0,0,0,0,0,0,0,0,0,39036
1,1,1,1,780,-2192,428,-37,20,12,-47,66,199,0,0,0,0,0,0,0,0,0,0,0,0,0,0,0,0,0,0,0,0,0,0,39046
1,1,1,1,778,-2194,438,-50,19,11,-47,66,201,0,0,0,0,0,0,0,0,0,0,0,0,0,0,0,0,0,0,0,0,0,0,39056
1,1,1,1,777,-2198,427,-55,9,10,-46,66,199,0,0,0,0,0,0,0,0,0,0,0,0,0,0,0,0,0,0,0,0,0,0,39066
1,1,1,1,776,-2188,417,-39,10,8,-46,65,199,0,0,0,0,0,0,0,0,0,0,0,0,0,0,0,0,0,0,0,0,0,0,39076
1,1,1,1,780,-2186,429,-35,14,11,-47,67,200,0,0,0,0,0,0,0,0,0,0,0,0,0,0,0,0,0,0,0,0,0,0,39086
1,1,1,1,771,-2190,427,-29,10,11,-48,67,200,0,0,0,0,0,0,0,0,0,0,0,0,0,0,0,0,0,0,0,0,0,0,39096
1,1,1,1,773,-2187,423,-21,22,12,-46,67,199,0,0,0,0,0,0,0,0,0,0,0,0,0,0,0,0,0,0,0,0,0,0,39106
1,1,1,1,775,-2188,430,-27,14,8,-48,68,202,0,0,0,0,0,0,0,0,0,0,0,0,0,0,0,0,0,0,0,0,0,0,39116
1,1,1,1,775,-2190,430,-33,12,5,-43,62,199,0,0,0,0,0,0,0,0,0,0,0,0,0,0,0,0,0,0,0,0,0,0,39126
1,1,1,1,772,-2188,426,-32,17,4,-47,66,201,0,0,0,0,0,0,0,0,0,0,0,0,0,0,0,0,0,0,0,0,0,0,39136
1,1,1,1,772,-2190,416,-29,12,1,-48,68,198,0,0,0,0,0,0,0,0,0,0,0,0,0,0,0,0,0,0,0,0,0,0,39146
1,1,1,1,779,-2179,416,-23,14,0,-46,67,198,0,0,0,0,0,0,0,0,0,0,0,0,0,0,0,0,0,0,0,0,0,0,39156
1,1,1,1,786,-2181,417,-23,6,1,-45,64,198,0,0,0,0,0,0,0,0,0,0,0,0,0,0,0,0,0,0,0,0,0,0,39166
1,1,1,1,782,-2188,416,-25,7,-2,-46,65,196,0,0,0,0,0,0,0,0,0,0,0,0,0,0,0,0,0,0,0,0,0,0,39176
1,1,1,1,783,-2184,413,-19,7,-1,-45,66,197,0,0,0,0,0,0,0,0,0,0,0,0,0,0,0,0,0,0,0,0,0,0,39186
1,1,1,1,782,-2202,411,-15,2,-7,-44,64,197,0,0,0,0,0,0,0,0,0,0,0,0,0,0,0,0,0,0,0,0,0,0,39206
1,1,1,1,781,-2201,417,-23,2,-1,-44,65,197,0,0,0,0,0,0,0,0,0,0,0,0,0,0,0,0,0,0,0,0,0,0,39216
1,1,1,1,782,-2198,423,-31,3,1,-46,65,198,0,0,0,0,0,0,0,0,0,0,0,0,0,0,0,0,0,0,0,0,0,0,39226
1,1,1,1,788,-2197,424,-24,-1,2,-45,64,198,0,0,0,0,0,0,0,0,0,0,0,0,0,0,0,0,0,0,0,0,0,0,39236
1,1,1,1,789,-2206,421,-25,5,3,-45,65,196,0,0,0,0,0,0,0,0,0,0,0,0,0,0,0,0,0,0,0,0,0,0,39246
1,1,1,1,788,-2205,421,-25,6,4,-45,65,195,0,0,0,0,0,0,0,0,0,0,0,0,0,0,0,0,0,0,0,0,0,0,39256
1,1,1,1,790,-2197,424,-22,-1,7,-44,65,197,0,0,0,0,0,0,0,0,0,0,0,0,0,0,0,0,0,0,0,0,0,0,39266
1,1,1,1,780,-2204,417,-16,-1,9,-43,65,196,0,0,0,0,0,0,0,0,0,0,0,0,0,0,0,0,0,0,0,0,0,0,39276
1,1,1,1,776,-2210,411,-13,7,9,-43,65,198,0,0,0,0,0,0,0,0,0,0,0,0,0,0,0,0,0,0,0,0,0,0,39286
1,1,1,1,777,-2204,405,-8,1,7,-45,65,196,0,0,0,0,0,0,0,0,0,0,0,0,0,0,0,0,0,0,0,0,0,0,39296
1,1,1,1,779,-2203,411,-6,-5,5,-45,66,196,0,0,0,0,0,0,0,0,0,0,0,0,0,0,0,0,0,0,0,0,0,0,39306
1,1,1,1,783,-2198,413,-13,-13,-2,-44,65,196,0,0,0,0,0,0,0,0,0,0,0,0,0,0,0,0,0,0,0,0,0,0,39316
1,1,1,1,783,-2200,419,-23,-12,-3,-43,64,199,0,0,0,0,0,0,0,0,0,0,0,0,0,0,0,0,0,0,0,0,0,0,39326
1,1,1,1,784,-2210,416,-19,-1,-10,-42,64,195,0,0,0,0,0,0,0,0,0,0,0,0,0,0,0,0,0,0,0,0,0,0,39336
1,1,1,1,791,-2193,412,-14,-2,-12,-44,65,195,0,0,0,0,0,0,0,0,0,0,0,0,0,0,0,0,0,0,0,0,0,0,39346
1,1,1,1,790,-2197,420,-12,7,-7,-42,64,197,0,0,0,0,0,0,0,0,0,0,0,0,0,0,0,0,0,0,0,0,0,0,39356
1,1,1,1,783,-2190,410,-1,2,-7,-43,65,196,0,0,0,0,0,0,0,0,0,0,0,0,0,0,0,0,0,0,0,0,0,0,39366
1,1,1,1,783,-2192,415,8,-8,-3,-42,65,195,0,0,0,0,0,0,0,0,0,0,0,0,0,0,0,0,0,0,0,0,0,0,39376
1,1,1,1,774,-2205,419,2,-14,1,-43,64,194,0,0,0,0,0,0,0,0,0,0,0,0,0,0,0,0,0,0,0,0,0,0,39386
1,1,1,1,776,-2200,413,-2,-19,5,-44,67,197,0,0,0,0,0,0,0,0,0,0,0,0,0,0,0,0,0,0,0,0,0,0,39396
1,1,1,1,774,-2215,409,-7,-16,8,-43,60,194,0,0,0,0,0,0,0,0,0,0,0,0,0,0,0,0,0,0,0,0,0,0,39406
1,1,1,1,781,-2216,414,-19,-12,8,-43,65,194,0,0,0,0,0,0,0,0,0,0,0,0,0,0,0,0,0,0,0,0,0,0,39416
1,1,1,1,785,-2212,408,-29,-8,10,-42,66,193,0,0,0,0,0,0,0,0,0,0,0,0,0,0,0,0,0,0,0,0,0,0,39426
1,1,1,1,785,-2205,412,-28,-11,7,-43,62,191,0,0,0,0,0,0,0,0,0,0,0,0,0,0,0,0,0,0,0,0,0,0,39436
1,1,1,1,788,-2200,403,-20,-2,6,-46,64,192,0,0,0,0,0,0,0,0,0,0,0,0,0,0,0,0,0,0,0,0,0,0,39446
1,1,1,1,793,-2189,407,-11,1,4,-42,63,195,0,0,0,0,0,0,0,0,0,0,0,0,0,0,0,0,0,0,0,0,0,0,39456
1,1,1,1,786,-2195,401,-8,-2,-3,-45,63,194,0,0,0,0,0,0,0,0,0,0,0,0,0,0,0,0,0,0,0,0,0,0,39466
1,1,1,1,788,-2188,408,9,-3,-4,-44,64,191,0,0,0,0,0,0,0,0,0,0,0,0,0,0,0,0,0,0,0,0,0,0,39476
1,1,1,1,786,-2196,422,-5,-1,0,-45,65,192,0,0,0,0,0,0,0,0,0,0,0,0,0,0,0,0,0,0,0,0,0,0,39486
1,1,1,1,780,-2206,420,-15,-6,0,-44,65,197,0,0,0,0,0,0,0,0,0,0,0,0,0,0,0,0,0,0,0,0,0,0,39496
1,1,1,1,781,-2197,407,-3,-3,4,-43,65,196,0,0,0,0,0,0,0,0,0,0,0,0,0,0,0,0,0,0,0,0,0,0,39506
1,1,1,1,776,-2214,408,-5,3,4,-44,64,196,0,0,0,0,0,0,0,0,0,0,0,0,0,0,0,0,0,0,0,0,0,0,39516
1,1,1,1,779,-2214,416,-20,-3,4,-45,65,193,0,0,0,0,0,0,0,0,0,0,0,0,0,0,0,0,0,0,0,0,0,0,39526
1,1,1,1,778,-2213,411,-24,-5,5,-44,64,192,0,0,0,0,0,0,0,0,0,0,0,0,0,0,0,0,0,0,0,0,0,0,39536
1,1,1,1,785,-2208,408,-23,1,8,-43,65,192,0,0,0,0,0,0,0,0,0,0,0,0,0,0,0,0,0,0,0,0,0,0,39546
1,1,1,1,783,-2207,407,-27,2,8,-44,64,191,0,0,0,0,0,0,0,0,0,0,0,0,0,0,0,0,0,0,0,0,0,0,39556
1,1,1,1,786,-2201,404,-19,17,9,-44,65,193,0,0,0,0,0,0,0,0,0,0,0,0,0,0,0,0,0,0,0,0,0,0,39566
1,1,1,1,786,-2195,409,-23,12,10,-43,64,192,0,0,0,0,0,0,0,0,0,0,0,0,0,0,0,0,0,0,0,0,0,0,39576
1,1,1,1,787,-2204,406,-32,7,8,-41,64,193,0,0,0,0,0,0,0,0,0,0,0,0,0,0,0,0,0,0,0,0,0,0,39586
1,1,1,1,788,-2192,403,-30,-4,6,-42,64,191,0,0,0,0,0,0,0,0,0,0,0,0,0,0,0,0,0,0,0,0,0,0,39596
1,1,1,1,783,-2193,388,-7,-6,-4,-44,64,192,0,0,0,0,0,0,0,0,0,0,0,0,0,0,0,0,0,0,0,0,0,0,39616
1,1,1,1,783,-2198,390,4,-9,-3,-44,63,193,0,0,0,0,0,0,0,0,0,0,0,0,0,0,0,0,0,0,0,0,0,0,39626
1,1,1,1,779,-2204,401,8,-3,-2,-42,63,194,0,0,0,0,0,0,0,0,0,0,0,0,0,0,0,0,0,0,0,0,0,0,39636
1,1,1,1,775,-2215,401,8,-12,-6,-43,64,196,0,0,0,0,0,0,0,0,0,0,0,0,0,0,0,0,0,0,0,0,0,0,39646
1,1,1,1,780,-2211,401,13,-8,-7,-44,64,193,0,0,0,0,0,0,0,0,0,0,0,0,0,0,0,0,0,0,0,0,0,0,39656
1,1,1,1,788,-2207,402,14,-4,-5,-42,63,189,0,0,0,0,0,0,0,0,0,0,0,0,0,0,0,0,0,0,0,0,0,0,39666
1,1,1,1,793,-2210,409,2,-6,-2,-42,64,192,0,0,0,0,0,0,0,0,0,0,0,0,0,0,0,0,0,0,0,0,0,0,39676
1,1,1,1,792,-2205,399,-4,-6,-2,-43,64,190,0,0,0,0,0,0,0,0,0,0,0,0,0,0,0,0,0,0,0,0,0,0,39686
1,1,1,1,792,-2204,393,1,0,-1,-43,65,192,0,0,0,0,0,0,0,0,0,0,0,0,0,0,0,0,0,0,0,0,0,0,39696
1,1,1,1,791,-2201,403,1,-2,-4,-43,65,192,0,0,0,0,0,0,0,0,0,0,0,0,0,0,0,0,0,0,0,0,0,0,39706
1,1,1,1,794,-2206,410,5,13,-3,-46,67,193,0,0,0,0,0,0,0,0,0,0,0,0,0,0,0,0,0,0,0,0,0,0,39716
1,1,1,1,793,-2207,403,3,15,-3,-43,65,193,0,0,0,0,0,0,0,0,0,0,0,0,0,0,0,0,0,0,0,0,0,0,39726
1,1,1,1,794,-2203,413,-8,9,-2,-43,63,191,0,0,0,0,0,0,0,0,0,0,0,0,0,0,0,0,0,0,0,0,0,0,39736
1,1,1,1,788,-2215,411,-18,4,2,-43,64,192,0,0,0,0,0,0,0,0,0,0,0,0,0,0,0,0,0,0,0,0,0,0,39746
1,1,1,1,789,-2201,402,-16,8,5,-45,65,192,0,0,0,0,0,0,0,0,0,0,0,0,0,0,0,0,0,0,0,0,0,0,39756
1,1,1,1,787,-2206,392,-13,3,4,-43,64,188,0,0,0,0,0,0,0,0,0,0,0,0,0,0,0,0,0,0,0,0,0,0,39766
1,1,1,1,786,-2210,396,-1,3,7,-43,65,191,0,0,0,0,0,0,0,0,0,0,0,0,0,0,0,0,0,0,0,0,0,0,39776
1,1,1,1,787,-2207,395,-1,-7,7,-43,63,193,0,0,0,0,0,0,0,0,0,0,0,0,0,0,0,0,0,0,0,0,0,0,39786
1,1,1,1,788,-2209,399,-4,-10,8,-44,67,191,0,0,0,0,0,0,0,0,0,0,0,0,0,0,0,0,0,0,0,0,0,0,39796
1,1,1,1,788,-2209,400,-7,-8,8,-41,64,190,0,0,0,0,0,0,0,0,0,0,0,0,0,0,0,0,0,0,0,0,0,0,39806
1,1,1,1,789,-2201,404,-4,-6,8,-42,64,191,0,0,0,0,0,0,0,0,0,0,0,0,0,0,0,0,0,0,0,0,0,0,39816
1,1,1,1,796,-2203,406,3,1,8,-42,65,191,0,0,0,0,0,0,0,0,0,0,0,0,0,0,0,0,0,0,0,0,0,0,39826
1,1,1,1,793,-2209,413,6,12,7,-44,65,192,0,0,0,0,0,0,0,0,0,0,0,0,0,0,0,0,0,0,0,0,0,0,39836
1,1,1,1,791,-2208,409,8,21,9,-44,64,191,0,0,0,0,0,0,0,0,0,0,0,0,0,0,0,0,0,0,0,0,0,0,39846
1,1,1,1,787,-2209,419,-6,22,9,-45,64,191,0,0,0,0,0,0,0,0,0,0,0,0,0,0,0,0,0,0,0,0,0,0,39856
1,1,1,1,783,-2206,401,-16,18,9,-43,65,185,0,0,0,0,0,0,0,0,0,0,0,0,0,0,0,0,0,0,0,0,0,0,39866
1,1,1,1,774,-2205,392,-12,10,8,-42,64,189,0,0,0,0,0,0,0,0,0,0,0,0,0,0,0,0,0,0,0,0,0,0,39876
1,1,1,1,773,-2203,388,-6,15,7,-41,65,187,0,0,0,0,0,0,0,0,0,0,0,0,0,0,0,0,0,0,0,0,0,0,39886
1,1,1,1,770,-2203,398,-7,6,6,-41,65,185,0,0,0,0,0,0,0,0,0,0,0,0,0,0,0,0,0,0,0,0,0,0,39896
1,1,1,1,768,-2207,391,-8,4,2,-41,63,189,0,0,0,0,0,0,0,0,0,0,0,0,0,0,0,0,0,0,0,0,0,0,39906
1,1,1,1,774,-2197,393,7,4,-2,-43,65,190,0,0,0,0,0,0,0,0,0,0,0,0,0,0,0,0,0,0,0,0,0,0,39916
1,1,1,1,774,-2202,398,13,14,0,-42,64,191,0,0,0,0,0,0,0,0,0,0,0,0,0,0,0,0,0,0,0,0,0,0,39926
1,1,1,1,789,-2204,405,11,6,-6,-42,65,187,0,0,0,0,0,0,0,0,0,0,0,0,0,0,0,0,0,0,0,0,0,0,39936
1,1,1,1,798,-2192,392,12,6,-12,-42,64,189,0,0,0,0,0,0,0,0,0,0,0,0,0,0,0,0,0,0,0,0,0,0,39946
1,1,1,1,802,-2198,397,14,2,-14,-43,64,191,0,0,0,0,0,0,0,0,0,0,0,0,0,0,0,0,0,0,0,0,0,0,39956
1,1,1,1,802,-2197,397,12,1,-15,-41,64,188,0,0,0,0,0,0,0,0,0,0,0,0,0,0,0,0,0,0,0,0,0,0,39966
1,1,1,1,791,-2197,390,11,2,-13,-40,63,187,0,0,0,0,0,0,0,0,0,0,0,0,0,0,0,0,0,0,0,0,0,0,39976
1,1,1,1,790,-2199,394,7,0,-12,-42,65,185,0,0,0,0,0,0,0,0,0,0,0,0,0,0,0,0,0,0,0,0,0,0,39986
1,1,1,1,788,-2209,403,4,-6,-14,-43,65,184,0,0,0,0,0,0,0,0,0,0,0,0,0,0,0,0,0,0,0,0,0,0,39996
1,1,1,1,792,-2211,411,-4,2,-8,-42,63,183,0,0,0,0,0,0,0,0,0,0,0,0,0,0,0,0,0,0,0,0,0,0,40006
1,1,1,1,790,-2212,404,-4,-6,-8,-43,65,187,0,0,0,0,0,0,0,0,0,0,0,0,0,0,0,0,0,0,0,0,0,0,40016
1,1,1,1,796,-2213,410,-5,-3,-4,-42,64,183,0,0,0,0,0,0,0,0,0,0,0,0,0,0,0,0,0,0,0,0,0,0,40026
1,1,1,1,795,-2216,415,-8,-2,4,-41,62,186,0,0,0,0,0,0,0,0,0,0,0,0,0,0,0,0,0,0,0,0,0,0,40036
1,1,1,1,799,-2211,409,-4,9,10,-43,65,187,0,0,0,0,0,0,0,0,0,0,0,0,0,0,0,0,0,0,0,0,0,0,40046
1,1,1,1,793,-2211,401,-6,5,9,-45,65,188,0,0,0,0,0,0,0,0,0,0,0,0,0,0,0,0,0,0,0,0,0,0,40056
1,1,1,1,793,-2209,392,-9,5,10,-43,64,186,0,0,0,0,0,0,0,0,0,0,0,0,0,0,0,0,0,0,0,0,0,0,40066
1,1,1,1,790,-2209,392,-2,10,11,-44,65,187,0,0,0,0,0,0,0,0,0,0,0,0,0,0,0,0,0,0,0,0,0,0,40076
1,1,1,1,793,-2200,394,3,11,13,-44,64,187,0,0,0,0,0,0,0,0,0,0,0,0,0,0,0,0,0,0,0,0,0,0,40086
1,1,1,1,787,-2210,387,0,10,11,-43,64,187,0,0,0,0,0,0,0,0,0,0,0,0,0,0,0,0,0,0,0,0,0,0,40096
1,1,1,1,792,-2205,397,-2,3,10,-41,63,187,0,0,0,0,0,0,0,0,0,0,0,0,0,0,0,0,0,0,0,0,0,0,40106
1,1,1,1,787,-2209,393,-8,-1,10,-43,64,187,0,0,0,0,0,0,0,0,0,0,0,0,0,0,0,0,0,0,0,0,0,0,40116
1,1,1,1,786,-2208,401,-12,-6,12,-43,65,188,0,0,0,0,0,0,0,0,0,0,0,0,0,0,0,0,0,0,0,0,0,0,40126
1,1,1,1,782,-2217,403,-25,3,15,-43,65,187,0,0,0,0,0,0,0,0,0,0,0,0,0,0,0,0,0,0,0,0,0,0,40136
1,1,1,1,783,-2206,404,-19,1,13,-42,64,185,0,0,0,0,0,0,0,0,0,0,0,0,0,0,0,0,0,0,0,0,0,0,40146
1,1,1,1,787,-2200,396,-6,0,13,-42,63,189,0,0,0,0,0,0,0,0,0,0,0,0,0,0,0,0,0,0,0,0,0,0,40156
1,1,1,1,783,-2211,398,-9,-2,13,-41,64,187,0,0,0,0,0,0,0,0,0,0,0,0,0,0,0,0,0,0,0,0,0,0,40166
1,1,1,1,784,-2208,398,-11,-7,15,-42,65,187,0,0,0,0,0,0,0,0,0,0,0,0,0,0,0,0,0,0,0,0,0,0,40176
1,1,1,1,786,-2212,393,-27,-8,13,-43,65,185,0,0,0,0,0,0,0,0,0,0,0,0,0,0,0,0,0,0,0,0,0,0,40186
1,1,1,1,783,-2224,404,-50,-5,17,-43,64,186,0,0,0,0,0,0,0,0,0,0,0,0,0,0,0,0,0,0,0,0,0,0,40196
1,1,1,1,784,-2222,402,-79,-7,21,-43,64,188,0,0,0,0,0,0,0,0,0,0,0,0,0,0,0,0,0,0,0,0,0,0,40206
1,1,1,1,784,-2213,395,-76,-8,21,-43,64,187,0,0,0,0,0,0,0,0,0,0,0,0,0,0,0,0,0,0,0,0,0,0,40216
1,1,1,1,790,-2215,379,-57,6,22,-43,65,186,0,0,0,0,0,0,0,0,0,0,0,0,0,0,0,0,0,0,0,0,0,0,40226
1,1,1,1,788,-2208,378,-40,12,22,-44,64,187,0,0,0,0,0,0,0,0,0,0,0,0,0,0,0,0,0,0,0,0,0,0,40236
1,1,1,1,796,-2197,383,-23,-5,19,-40,64,185,0,0,0,0,0,0,0,0,0,0,0,0,0,0,0,0,0,0,0,0,0,0,40246
1,1,1,1,785,-2197,366,10,-3,11,-43,63,188,0,0,0,0,0,0,0,0,0,0,0,0,0,0,0,0,0,0,0,0,0,0,40256
1,1,1,1,788,-2196,372,29,-5,5,-43,65,184,0,0,0,0,0,0,0,0,0,0,0,0,0,0,0,0,0,0,0,0,0,0,40266
1,1,1,1,790,-2201,378,30,-4,3,-43,64,186,0,0,0,0,0,0,0,0,0,0,0,0,0,0,0,0,0,0,0,0,0,0,40276
1,1,1,1,787,-2213,395,8,-7,3,-40,64,186,0,0,0,0,0,0,0,0,0,0,0,0,0,0,0,0,0,0,0,0,0,0,40286
1,1,1,1,789,-2212,394,-8,-13,4,-44,65,186,0,0,0,0,0,0,0,0,0,0,0,0,0,0,0,0,0,0,0,0,0,0,40296
1,1,1,1,787,-2220,400,-24,-3,14,-43,65,185,0,0,0,0,0,0,0,0,0,0,0,0,0,0,0,0,0,0,0,0,0,0,40306
1,1,1,1,781,-2214,400,-22,-1,17,-44,65,187,0,0,0,0,0,0,0,0,0,0,0,0,0,0,0,0,0,0,0,0,0,0,40316
1,1,1,1,780,-2211,385,-6,-5,15,-43,65,188,0,0,0,0,0,0,0,0,0,0,0,0,0,0,0,0,0,0,0,0,0,0,40326
1,1,1,1,780,-2220,394,-11,2,17,-41,63,182,0,0,0,0,0,0,0,0,0,0,0,0,0,0,0,0,0,0,0,0,0,0,40336
1,1,1,1,773,-2240,386,-23,7,15,-48,70,187,0,0,0,0,0,0,0,0,0,0,0,0,0,0,0,0,0,0,0,0,0,0,40346
1,1,1,1,770,-2238,389,-48,11,15,-44,66,183,0,0,0,0,0,0,0,0,0,0,0,0,0,0,0,0,0,0,0,0,0,0,40356
1,1,1,1,787,-2226,408,-79,9,21,-44,64,182,0,0,0,0,0,0,0,0,0,0,0,0,0,0,0,0,0,0,0,0,0,0,40366
1,1,1,1,782,-2217,420,-100,17,30,-43,63,184,0,0,0,0,0,0,0,0,0,0,0,0,0,0,0,0,0,0,0,0,0,0,40376
1,1,1,1,774,-2220,387,-105,17,27,-42,64,186,0,0,0,0,0,0,0,0,0,0,0,0,0,0,0,0,0,0,0,0,0,0,40386
1,1,1,1,779,-2207,379,-94,11,27,-41,63,185,0,0,0,0,0,0,0,0,0,0,0,0,0,0,0,0,0,0,0,0,0,0,40396
1,1,1,1,779,-2220,371,-79,22,22,-38,63,183,0,0,0,0,0,0,0,0,0,0,0,0,0,0,0,0,0,0,0,0,0,0,40406
1,1,1,1,772,-2208,359,-58,22,16,-40,64,183,0,0,0,0,0,0,0,0,0,0,0,0,0,0,0,0,0,0,0,0,0,0,40416
1,1,1,1,776,-2210,350,-55,20,12,-41,64,183,0,0,0,0,0,0,0,0,0,0,0,0,0,0,0,0,0,0,0,0,0,0,40426
1,1,1,1,771,-2209,353,-60,19,5,-44,65,185,0,0,0,0,0,0,0,0,0,0,0,0,0,0,0,0,0,0,0,0,0,0,40436
1,1,1,1,768,-2205,340,-40,11,-1,-42,64,185,0,0,0,0,0,0,0,0,0,0,0,0,0,0,0,0,0,0,0,0,0,0,40446
1,1,1,1,775,-2199,353,-31,4,-1,-41,65,182,0,0,0,0,0,0,0,0,0,0,0,0,0,0,0,0,0,0,0,0,0,0,40456
1,1,1,1,777,-2199,372,-24,0,5,-41,64,182,0,0,0,0,0,0,0,0,0,0,0,0,0,0,0,0,0,0,0,0,0,0,40466
1,1,1,1,757,-2229,365,-33,0,5,-41,64,181,0,0,0,0,0,0,0,0,0,0,0,0,0,0,0,0,0,0,0,0,0,0,40476
1,1,1,1,752,-2242,363,-52,0,5,-39,63,181,0,0,0,0,0,0,0,0,0,0,0,0,0,0,0,0,0,0,0,0,0,0,40486
1,1,1,1,735,-2253,369,-76,1,13,-41,62,178,0,0,0,0,0,0,0,0,0,0,0,0,0,0,0,0,0,0,0,0,0,0,40496
1,1,1,1,683,-2275,320,-88,-10,12,-39,59,176,0,0,0,0,0,0,0,0,0,0,0,0,0,0,0,0,0,0,0,0,0,0,40506
1,1,1,1,653,-2274,262,-70,-39,9,-41,58,167,0,0,0,0,0,0,0,0,0,0,0,0,0,0,0,0,0,0,0,0,0,0,40516
1,1,1,1,677,-2250,243,-39,-69,24,-41,57,161,0,0,0,0,0,0,0,0,0,0,0,0,0,0,0,0,0,0,0,0,0,0,40526
1,1,1,1,715,-2252,209,52,-105,13,-41,55,150,0,0,0,0,0,0,0,0,0,0,0,0,0,0,0,0,0,0,0,0,0,0,40536
1,1,1,1,748,-2259,181,118,-139,8,-38,52,138,0,0,0,0,0,0,0,0,0,0,0,0,0,0,0,0,0,0,0,0,0,0,40546
1,1,1,1,739,-2250,200,145,-165,20,-35,51,125,0,0,0,0,0,0,0,0,0,0,0,0,0,0,0,0,0,0,0,0,0,0,40556
1,1,1,1,769,-2208,273,156,-235,61,-30,49,113,0,0,0,0,0,0,0,0,0,0,0,0,0,0,0,0,0,0,0,0,0,0,40566
1,1,1,1,771,-2232,316,160,-295,96,-25,47,100,0,0,0,0,0,0,0,0,0,0,0,0,0,0,0,0,0,0,0,0,0,0,40576
1,1,1,1,698,-2310,320,147,-346,122,-23,45,88,0,0,0,0,0,0,0,0,0,0,0,0,0,0,0,0,0,0,0,0,0,0,40586
1,1,1,1,686,-2297,391,105,-422,146,-22,45,76,0,0,0,0,0,0,0,0,0,0,0,0,0,0,0,0,0,0,0,0,0,0,40596
1,1,1,1,607,-2309,395,83,-496,160,-19,44,69,0,0,0,0,0,0,0,0,0,0,0,0,0,0,0,0,0,0,0,0,0,0,40606
1,1,1,1,618,-2287,461,-322,-651,272,-11,39,49,0,0,0,0,0,0,0,0,0,0,0,0,0,0,0,0,0,0,0,0,0,0,40626
1,1,1,1,501,-2318,309,-416,-634,259,-9,35,49,0,0,0,0,0,0,0,0,0,0,0,0,0,0,0,0,0,0,0,0,0,0,40636
1,1,1,1,496,-2357,338,-555,-668,214,-10,39,38,0,0,0,0,0,0,0,0,0,0,0,0,0,0,0,0,0,0,0,0,0,0,40646
1,1,1,1,587,-2264,418,-801,-807,342,-4,36,36,0,0,0,0,0,0,0,0,0,0,0,0,0,0,0,0,0,0,0,0,0,0,40656
1,1,1,1,730,-2323,325,-580,-820,265,0,38,33,0,0,0,0,0,0,0,0,0,0,0,0,0,0,0,0,0,0,0,0,0,0,40666
1,1,1,1,740,-2266,394,-357,-831,167,4,33,25,0,0,0,0,0,0,0,0,0,0,0,0,0,0,0,0,0,0,0,0,0,0,40676
1,1,1,1,836,-2270,498,-261,-888,202,-1,35,27,0,0,0,0,0,0,0,0,0,0,0,0,0,0,0,0,0,0,0,0,0,0,40686
1,1,1,1,953,-2375,447,-542,-904,234,3,33,23,0,0,0,0,0,0,0,0,0,0,0,0,0,0,0,0,0,0,0,0,0,0,40696
1,1,1,1,810,-1989,172,-445,-734,437,2,30,16,0,0,0,0,0,0,0,0,0,0,0,0,0,0,0,0,0,0,0,0,0,0,40706
1,1,1,1,929,-2074,307,-639,-659,553,8,33,25,0,0,0,0,0,0,0,0,0,0,0,0,0,0,0,0,0,0,0,0,0,0,40716
1,1,1,1,985,-2461,333,-537,-675,313,4,29,18,0,0,0,0,0,0,0,0,0,0,0,0,0,0,0,0,0,0,0,0,0,0,40726
1,1,1,1,986,-2263,216,-455,-571,270,3,32,20,0,0,0,0,0,0,0,0,0,0,0,0,0,0,0,0,0,0,0,0,0,0,40736
1,1,1,1,948,-2250,216,-538,-573,305,6,30,24,0,0,0,0,0,0,0,0,0,0,0,0,0,0,0,0,0,0,0,0,0,0,40746
1,1,1,1,974,-2276,112,-317,-518,210,7,30,22,0,0,0,0,0,0,0,0,0,0,0,0,0,0,0,0,0,0,0,0,0,0,40756
1,1,1,1,992,-2279,113,-200,-479,164,8,29,22,0,0,0,0,0,0,0,0,0,0,0,0,0,0,0,0,0,0,0,0,0,0,40766
1,1,1,1,993,-2237,143,-67,-488,152,5,30,20,0,0,0,0,0,0,0,0,0,0,0,0,0,0,0,0,0,0,0,0,0,0,40776
1,1,1,1,997,-2270,116,-11,-478,158,7,29,20,0,0,0,0,0,0,0,0,0,0,0,0,0,0,0,0,0,0,0,0,0,0,40786
1,1,1,1,968,-2291,143,9,-436,174,7,29,17,0,0,0,0,0,0,0,0,0,0,0,0,0,0,0,0,0,0,0,0,0,0,40796
1,1,1,1,963,-2301,164,51,-376,195,8,28,18,0,0,0,0,0,0,0,0,0,0,0,0,0,0,0,0,0,0,0,0,0,0,40806
1,1,1,1,932,-2337,137,48,-335,207,6,28,22,0,0,0,0,0,0,0,0,0,0,0,0,0,0,0,0,0,0,0,0,0,0,40816
1,1,1,1,912,-2314,140,114,-302,209,5,28,21,0,0,0,0,0,0,0,0,0,0,0,0,0,0,0,0,0,0,0,0,0,0,40826
1,1,1,1,889,-2323,129,181,-304,204,5,28,19,0,0,0,0,0,0,0,0,0,0,0,0,0,0,0,0,0,0,0,0,0,0,40836
1,1,1,1,889,-2335,143,223,-322,199,5,27,23,0,0,0,0,0,0,0,0,0,0,0,0,0,0,0,0,0,0,0,0,0,0,40846
1,1,1,1,875,-2348,152,267,-356,174,3,28,25,0,0,0,0,0,0,0,0,0,0,0,0,0,0,0,0,0,0,0,0,0,0,40856
1,1,1,1,882,-2357,151,286,-402,148,4,26,27,0,0,0,0,0,0,0,0,0,0,0,0,0,0,0,0,0,0,0,0,0,0,40866
1,1,1,1,853,-2364,142,242,-431,150,4,26,22,0,0,0,0,0,0,0,0,0,0,0,0,0,0,0,0,0,0,0,0,0,0,40876
1,1,1,1,842,-2319,149,232,-439,166,4,26,24,0,0,0,0,0,0,0,0,0,0,0,0,0,0,0,0,0,0,0,0,0,0,40886
1,1,1,1,839,-2256,156,265,-456,220,1,26,24,0,0,0,0,0,0,0,0,0,0,0,0,0,0,0,0,0,0,0,0,0,0,40896
1,1,1,1,817,-2258,134,239,-486,310,3,25,22,0,0,0,0,0,0,0,0,0,0,0,0,0,0,0,0,0,0,0,0,0,0,40906
1,1,1,1,793,-2287,112,189,-478,389,0,27,22,0,0,0,0,0,0,0,0,0,0,0,0,0,0,0,0,0,0,0,0,0,0,40916
1,1,1,1,816,-2296,80,148,-462,445,0,27,25,0,0,0,0,0,0,0,0,0,0,0,0,0,0,0,0,0,0,0,0,0,0,40926
1,1,1,1,836,-2285,76,113,-449,497,0,23,21,0,0,0,0,0,0,0,0,0,0,0,0,0,0,0,0,0,0,0,0,0,0,40936
1,1,1,1,847,-2281,83,123,-419,526,-3,26,22,0,0,0,0,0,0,0,0,0,0,0,0,0,0,0,0,0,0,0,0,0,0,40946
1,1,1,1,827,-2259,109,158,-407,547,-3,28,23,0,0,0,0,0,0,0,0,0,0,0,0,0,0,0,0,0,0,0,0,0,0,40956
1,1,1,1,825,-2252,147,203,-436,567,-2,26,24,0,0,0,0,0,0,0,0,0,0,0,0,0,0,0,0,0,0,0,0,0,0,40966
1,1,1,1,816,-2291,185,196,-511,583,-3,28,28,0,0,0,0,0,0,0,0,0,0,0,0,0,0,0,0,0,0,0,0,0,0,40976
1,1,1,1,748,-2332,212,169,-597,575,-1,26,29,0,0,0,0,0,0,0,0,0,0,0,0,0,0,0,0,0,0,0,0,0,0,40986
1,1,1,1,666,-2412,161,160,-617,504,0,27,26,0,0,0,0,0,0,0,0,0,0,0,0,0,0,0,0,0,0,0,0,0,0,40996
1,1,1,1,662,-2451,81,186,-584,387,2,26,28,0,0,0,0,0,0,0,0,0,0,0,0,0,0,0,0,0,0,0,0,0,0,41006
1,1,1,1,653,-2402,53,203,-576,296,2,26,27,0,0,0,0,0,0,0,0,0,0,0,0,0,0,0,0,0,0,0,0,0,0,41016
1,1,1,1,670,-2329,75,195,-566,276,0,26,23,0,0,0,0,0,0,0,0,0,0,0,0,0,0,0,0,0,0,0,0,0,0,41026
1,1,1,1,707,-2215,125,201,-573,311,-3,26,24,0,0,0,0,0,0,0,0,0,0,0,0,0,0,0,0,0,0,0,0,0,0,41036
1,1,1,1,709,-2158,163,248,-613,390,-1,26,25,0,0,0,0,0,0,0,0,0,0,0,0,0,0,0,0,0,0,0,0,0,0,41046
1,1,1,1,735,-2164,164,266,-643,486,-1,25,27,0,0,0,0,0,0,0,0,0,0,0,0,0,0,0,0,0,0,0,0,0,0,41056
1,1,1,1,718,-2196,172,268,-681,565,-2,26,26,0,0,0,0,0,0,0,0,0,0,0,0,0,0,0,0,0,0,0,0,0,0,41066
1,1,1,1,655,-2268,151,268,-712,604,-3,27,28,0,0,0,0,0,0,0,0,0,0,0,0,0,0,0,0,0,0,0,0,0,0,41076
1,1,1,1,571,-2362,110,233,-688,590,-1,26,29,0,0,0,0,0,0,0,0,0,0,0,0,0,0,0,0,0,0,0,0,0,0,41086
1,1,1,1,516,-2416,72,183,-629,527,-1,26,28,0,0,0,0,0,0,0,0,0,0,0,0,0,0,0,0,0,0,0,0,0,0,41096
1,1,1,1,502,-2404,63,160,-562,454,-2,25,28,0,0,0,0,0,0,0,0,0,0,0,0,0,0,0,0,0,0,0,0,0,0,41106
1,1,1,1,487,-2374,70,151,-514,403,-2,25,24,0,0,0,0,0,0,0,0,0,0,0,0,0,0,0,0,0,0,0,0,0,0,41116
1,1,1,1,476,-2365,77,150,-505,348,-2,24,27,0,0,0,0,0,0,0,0,0,0,0,0,0,0,0,0,0,0,0,0,0,0,41126
1,1,1,1,493,-2343,85,176,-480,293,0,25,26,0,0,0,0,0,0,0,0,0,0,0,0,0,0,0,0,0,0,0,0,0,0,41136
1,1,1,1,510,-2307,95,194,-465,274,-1,26,27,0,0,0,0,0,0,0,0,0,0,0,0,0,0,0,0,0,0,0,0,0,0,41146
1,1,1,1,518,-2299,115,176,-450,289,-3,24,32,0,0,0,0,0,0,0,0,0,0,0,0,0,0,0,0,0,0,0,0,0,0,41156
1,1,1,1,497,-2437,-47,221,-246,176,-5,25,37,0,0,0,0,0,0,0,0,0,0,0,0,0,0,0,0,0,0,0,0,0,0,41166
1,1,1,1,405,-2426,-46,197,-61,101,-2,25,39,0,0,0,0,0,0,0,0,0,0,0,0,0,0,0,0,0,0,0,0,0,0,41176
1,1,1,1,473,-2277,105,78,-40,216,-5,26,42,0,0,0,0,0,0,0,0,0,0,0,0,0,0,0,0,0,0,0,0,0,0,41186
1,1,1,1,507,-2354,85,81,-5,221,-9,26,43,0,0,0,0,0,0,0,0,0,0,0,0,0,0,0,0,0,0,0,0,0,0,41196
1,1,1,1,499,-2348,118,59,-1,225,-7,25,45,0,0,0,0,0,0,0,0,0,0,0,0,0,0,0,0,0,0,0,0,0,0,41206
1,1,1,1,527,-2331,131,129,1,187,-7,27,46,0,0,0,0,0,0,0,0,0,0,0,0,0,0,0,0,0,0,0,0,0,0,41216
1,1,1,1,530,-2334,129,163,-19,177,-10,28,46,0,0,0,0,0,0,0,0,0,0,0,0,0,0,0,0,0,0,0,0,0,0,41226
1,1,1,1,524,-2323,130,145,-47,196,-12,26,48,0,0,0,0,0,0,0,0,0,0,0,0,0,0,0,0,0,0,0,0,0,0,41236
1,1,1,1,541,-2341,91,116,-16,224,-8,20,45,0,0,0,0,0,0,0,0,0,0,0,0,0,0,0,0,0,0,0,0,0,0,41246
1,1,1,1,551,-2338,152,75,16,250,-11,23,51,0,0,0,0,0,0,0,0,0,0,0,0,0,0,0,0,0,0,0,0,0,0,41256
1,1,1,1,576,-2372,173,58,21,249,-12,25,53,0,0,0,0,0,0,0,0,0,0,0,0,0,0,0,0,0,0,0,0,0,0,41266
1,1,1,1,585,-2405,205,73,-1,189,-12,21,55,0,0,0,0,0,0,0,0,0,0,0,0,0,0,0,0,0,0,0,0,0,0,41276
1,1,1,1,572,-2386,203,16,-32,189,-12,22,55,0,0,0,0,0,0,0,0,0,0,0,0,0,0,0,0,0,0,0,0,0,0,41286
1,1,1,1,542,-2427,144,11,1,129,-12,23,59,0,0,0,0,0,0,0,0,0,0,0,0,0,0,0,0,0,0,0,0,0,0,41296
1,1,1,1,542,-2378,198,-6,-47,106,-16,27,62,0,0,0,0,0,0,0,0,0,0,0,0,0,0,0,0,0,0,0,0,0,0,41306
1,1,1,1,542,-2378,198,-25,-44,98,-14,23,65,0,0,0,0,0,0,0,0,0,0,0,0,0,0,0,0,0,0,0,0,0,0,41316
1,1,1,1,508,-2411,77,-29,-23,70,-16,23,63,0,0,0,0,0,0,0,0,0,0,0,0,0,0,0,0,0,0,0,0,0,0,41326
1,1,1,1,507,-2394,98,-53,-54,73,-18,24,69,0,0,0,0,0,0,0,0,0,0,0,0,0,0,0,0,0,0,0,0,0,0,41336
1,1,1,1,526,-2390,73,-52,-58,57,-17,24,68,0,0,0,0,0,0,0,0,0,0,0,0,0,0,0,0,0,0,0,0,0,0,41346
1,1,1,1,525,-2388,65,-26,-53,40,-17,24,66,0,0,0,0,0,0,0,0,0,0,0,0,0,0,0,0,0,0,0,0,0,0,41356
1,1,1,1,600,-2322,109,14,-62,50,-19,23,70,0,0,0,0,0,0,0,0,0,0,0,0,0,0,0,0,0,0,0,0,0,0,41366
1,1,1,1,630,-2334,123,13,-42,63,-18,24,72,0,0,0,0,0,0,0,0,0,0,0,0,0,0,0,0,0,0,0,0,0,0,41376
1,1,1,1,615,-2423,165,-14,-35,31,-19,25,76,0,0,0,0,0,0,0,0,0,0,0,0,0,0,0,0,0,0,0,0,0,0,41386
1,1,1,1,598,-2418,199,-41,-59,29,-21,26,76,0,0,0,0,0,0,0,0,0,0,0,0,0,0,0,0,0,0,0,0,0,0,41396
1,1,1,1,567,-2374,161,-61,-55,57,-21,25,81,0,0,0,0,0,0,0,0,0,0,0,0,0,0,0,0,0,0,0,0,0,0,41406
1,1,1,1,538,-2439,136,-23,-34,19,-23,27,82,0,0,0,0,0,0,0,0,0,0,0,0,0,0,0,0,0,0,0,0,0,0,41416
1,1,1,1,495,-2433,144,-27,-67,12,-23,26,85,0,0,0,0,0,0,0,0,0,0,0,0,0,0,0,0,0,0,0,0,0,0,41426
1,1,1,1,506,-2415,116,-12,-102,-1,-26,26,89,0,0,0,0,0,0,0,0,0,0,0,0,0,0,0,0,0,0,0,0,0,0,41436
1,1,1,1,492,-2391,122,-30,-109,24,-28,27,94,0,0,0,0,0,0,0,0,0,0,0,0,0,0,0,0,0,0,0,0,0,0,41446
1,1,1,1,507,-2436,127,-111,-118,43,-31,29,97,0,0,0,0,0,0,0,0,0,0,0,0,0,0,0,0,0,0,0,0,0,0,41456
1,1,1,1,492,-2475,149,-198,-136,50,-32,29,99,0,0,0,0,0,0,0,0,0,0,0,0,0,0,0,0,0,0,0,0,0,0,41466
1,1,1,1,495,-2477,118,-233,-149,49,-31,30,102,0,0,0,0,0,0,0,0,0,0,0,0,0,0,0,0,0,0,0,0,0,0,41476
1,1,1,1,491,-2440,85,-226,-164,59,-29,29,107,0,0,0,0,0,0,0,0,0,0,0,0,0,0,0,0,0,0,0,0,0,0,41486
1,1,1,1,548,-2432,67,-194,-176,63,-33,31,106,0,0,0,0,0,0,0,0,0,0,0,0,0,0,0,0,0,0,0,0,0,0,41496
1,1,1,1,598,-2435,109,-201,-177,68,-34,32,111,0,0,0,0,0,0,0,0,0,0,0,0,0,0,0,0,0,0,0,0,0,0,41506
1,1,1,1,633,-2416,144,-230,-171,78,-36,32,115,0,0,0,0,0,0,0,0,0,0,0,0,0,0,0,0,0,0,0,0,0,0,41516
1,1,1,1,640,-2417,144,-252,-162,82,-35,29,116,0,0,0,0,0,0,0,0,0,0,0,0,0,0,0,0,0,0,0,0,0,0,41526
1,1,1,1,610,-2411,92,-248,-140,82,-36,31,119,0,0,0,0,0,0,0,0,0,0,0,0,0,0,0,0,0,0,0,0,0,0,41536
1,1,1,1,603,-2386,59,-229,-127,85,-35,32,122,0,0,0,0,0,0,0,0,0,0,0,0,0,0,0,0,0,0,0,0,0,0,41546
1,1,1,1,583,-2381,63,-196,-127,80,-40,35,127,0,0,0,0,0,0,0,0,0,0,0,0,0,0,0,0,0,0,0,0,0,0,41556
1,1,1,1,544,-2411,73,-189,-146,59,-41,36,128,0,0,0,0,0,0,0,0,0,0,0,0,0,0,0,0,0,0,0,0,0,0,41566
1,1,1,1,511,-2391,54,-163,-153,40,-39,34,135,0,0,0,0,0,0,0,0,0,0,0,0,0,0,0,0,0,0,0,0,0,0,41576
1,1,1,1,487,-2406,48,-180,-156,32,-40,37,137,0,0,0,0,0,0,0,0,0,0,0,0,0,0,0,0,0,0,0,0,0,0,41586
1,1,1,1,474,-2429,67,-270,-155,32,-41,38,139,0,0,0,0,0,0,0,0,0,0,0,0,0,0,0,0,0,0,0,0,0,0,41596
1,1,1,1,491,-2414,48,-311,-150,27,-41,39,144,0,0,0,0,0,0,0,0,0,0,0,0,0,0,0,0,0,0,0,0,0,0,41606
1,1,1,1,528,-2369,17,-261,-164,17,-39,39,146,0,0,0,0,0,0,0,0,0,0,0,0,0,0,0,0,0,0,0,0,0,0,41616
1,1,1,1,581,-2338,-45,-114,-146,18,-40,41,149,0,0,0,0,0,0,0,0,0,0,0,0,0,0,0,0,0,0,0,0,0,0,41636
1,1,1,1,595,-2341,-37,-48,-119,22,-40,42,151,0,0,0,0,0,0,0,0,0,0,0,0,0,0,0,0,0,0,0,0,0,0,41646
1,1,1,1,606,-2361,-18,17,-133,11,-40,42,152,0,0,0,0,0,0,0,0,0,0,0,0,0,0,0,0,0,0,0,0,0,0,41656
1,1,1,1,584,-2365,-15,58,-139,2,-40,42,152,0,0,0,0,0,0,0,0,0,0,0,0,0,0,0,0,0,0,0,0,0,0,41666
1,1,1,1,574,-2368,34,72,-127,8,-42,44,153,0,0,0,0,0,0,0,0,0,0,0,0,0,0,0,0,0,0,0,0,0,0,41676
1,1,1,1,552,-2404,63,29,-122,14,-40,45,156,0,0,0,0,0,0,0,0,0,0,0,0,0,0,0,0,0,0,0,0,0,0,41686
1,1,1,1,546,-2417,108,-13,-125,20,-40,44,157,0,0,0,0,0,0,0,0,0,0,0,0,0,0,0,0,0,0,0,0,0,0,41696
1,1,1,1,514,-2461,104,-30,-131,13,-41,46,157,0,0,0,0,0,0,0,0,0,0,0,0,0,0,0,0,0,0,0,0,0,0,41706
1,1,1,1,473,-2463,86,-52,-120,7,-40,46,157,0,0,0,0,0,0,0,0,0,0,0,0,0,0,0,0,0,0,0,0,0,0,41716
1,1,1,1,482,-2421,71,-34,-111,11,-41,47,160,0,0,0,0,0,0,0,0,0,0,0,0,0,0,0,0,0,0,0,0,0,0,41726
1,1,1,1,483,-2418,50,-8,-93,10,-42,46,159,0,0,0,0,0,0,0,0,0,0,0,0,0,0,0,0,0,0,0,0,0,0,41736
1,1,1,1,499,-2403,27,10,-77,12,-43,48,161,0,0,0,0,0,0,0,0,0,0,0,0,0,0,0,0,0,0,0,0,0,0,41746
1,1,1,1,537,-2398,50,3,-74,17,-43,48,161,0,0,0,0,0,0,0,0,0,0,0,0,0,0,0,0,0,0,0,0,0,0,41756
1,1,1,1,544,-2401,45,-17,-62,21,-43,48,159,0,0,0,0,0,0,0,0,0,0,0,0,0,0,0,0,0,0,0,0,0,0,41766
1,1,1,1,560,-2395,57,-44,-39,29,-43,49,163,0,0,0,0,0,0,0,0,0,0,0,0,0,0,0,0,0,0,0,0,0,0,41776
1,1,1,1,568,-2415,84,-51,-44,23,-43,49,164,0,0,0,0,0,0,0,0,0,0,0,0,0,0,0,0,0,0,0,0,0,0,41786
1,1,1,1,544,-2411,72,-71,-36,21,-45,49,167,0,0,0,0,0,0,0,0,0,0,0,0,0,0,0,0,0,0,0,0,0,0,41796
1,1,1,1,546,-2414,77,-92,-13,32,-41,49,167,0,0,0,0,0,0,0,0,0,0,0,0,0,0,0,0,0,0,0,0,0,0,41806
1,1,1,1,529,-2421,63,-106,-7,29,-45,49,168,0,0,0,0,0,0,0,0,0,0,0,0,0,0,0,0,0,0,0,0,0,0,41816
1,1,1,1,530,-2398,56,-105,7,29,-44,50,169,0,0,0,0,0,0,0,0,0,0,0,0,0,0,0,0,0,0,0,0,0,0,41826
1,1,1,1,542,-2396,43,-79,16,18,-44,48,170,0,0,0,0,0,0,0,0,0,0,0,0,0,0,0,0,0,0,0,0,0,0,41836
1,1,1,1,553,-2392,40,-78,7,3,-43,48,169,0,0,0,0,0,0,0,0,0,0,0,0,0,0,0,0,0,0,0,0,0,0,41846
1,1,1,1,545,-2390,49,-83,12,0,-44,47,171,0,0,0,0,0,0,0,0,0,0,0,0,0,0,0,0,0,0,0,0,0,0,41856
1,1,1,1,521,-2418,41,-77,-3,-24,-47,52,173,0,0,0,0,0,0,0,0,0,0,0,0,0,0,0,0,0,0,0,0,0,0,41866
1,1,1,1,505,-2410,41,-74,-2,-35,-47,53,176,0,0,0,0,0,0,0,0,0,0,0,0,0,0,0,0,0,0,0,0,0,0,41876
1,1,1,1,490,-2407,1,-59,2,-47,-50,51,176,0,0,0,0,0,0,0,0,0,0,0,0,0,0,0,0,0,0,0,0,0,0,41886
1,1,1,1,504,-2386,-17,-36,16,-51,-44,51,170,0,0,0,0,0,0,0,0,0,0,0,0,0,0,0,0,0,0,0,0,0,0,41896
1,1,1,1,552,-2383,7,-23,19,-48,-43,52,176,0,0,0,0,0,0,0,0,0,0,0,0,0,0,0,0,0,0,0,0,0,0,41906
1,1,1,1,553,-2404,-11,-22,21,-52,-42,49,173,0,0,0,0,0,0,0,0,0,0,0,0,0,0,0,0,0,0,0,0,0,0,41916
1,1,1,1,579,-2381,5,-15,12,-49,-43,51,179,0,0,0,0,0,0,0,0,0,0,0,0,0,0,0,0,0,0,0,0,0,0,41926
1,1,1,1,568,-2417,4,-23,13,-46,-45,52,177,0,0,0,0,0,0,0,0,0,0,0,0,0,0,0,0,0,0,0,0,0,0,41936
1,1,1,1,586,-2407,32,-29,-2,-40,-43,52,178,0,0,0,0,0,0,0,0,0,0,0,0,0,0,0,0,0,0,0,0,0,0,41946
1,1,1,1,570,-2427,4,-36,1,-37,-45,53,181,0,0,0,0,0,0,0,0,0,0,0,0,0,0,0,0,0,0,0,0,0,0,41956
1,1,1,1,567,-2422,8,-30,6,-25,-46,53,179,0,0,0,0,0,0,0,0,0,0,0,0,0,0,0,0,0,0,0,0,0,0,41966
1,1,1,1,570,-2427,1,-11,24,-12,-45,53,179,0,0,0,0,0,0,0,0,0,0,0,0,0,0,0,0,0,0,0,0,0,0,41976
1,1,1,1,571,-2410,-30,28,23,-5,-44,54,181,0,0,0,0,0,0,0,0,0,0,0,0,0,0,0,0,0,0,0,0,0,0,41986
1,1,1,1,592,-2399,-28,67,23,2,-42,54,179,0,0,0,0,0,0,0,0,0,0,0,0,0,0,0,0,0,0,0,0,0,0,41996
1,1,1,1,590,-2407,0,67,7,6,-43,55,181,0,0,0,0,0,0,0,0,0,0,0,0,0,0,0,0,0,0,0,0,0,0,42006
1,1,1,1,569,-2423,6,61,-4,2,-44,56,181,0,0,0,0,0,0,0,0,0,0,0,0,0,0,0,0,0,0,0,0,0,0,42016
1,1,1,1,547,-2432,26,40,5,1,-45,55,181,0,0,0,0,0,0,0,0,0,0,0,0,0,0,0,0,0,0,0,0,0,0,42026
1,1,1,1,548,-2438,48,-9,-7,-4,-45,55,179,0,0,0,0,0,0,0,0,0,0,0,0,0,0,0,0,0,0,0,0,0,0,42036
1,1,1,1,544,-2429,30,-23,-3,0,-44,54,182,0,0,0,0,0,0,0,0,0,0,0,0,0,0,0,0,0,0,0,0,0,0,42046
1,1,1,1,537,-2438,29,-6,12,-1,-44,56,180,0,0,0,0,0,0,0,0,0,0,0,0,0,0,0,0,0,0,0,0,0,0,42056
1,1,1,1,544,-2431,8,7,18,-1,-44,54,180,0,0,0,0,0,0,0,0,0,0,0,0,0,0,0,0,0,0,0,0,0,0,42066
1,1,1,1,559,-2419,-15,35,19,-3,-43,55,180,0,0,0,0,0,0,0,0,0,0,0,0,0,0,0,0,0,0,0,0,0,0,42076
1,1,1,1,567,-2402,-27,68,16,-8,-42,54,180,0,0,0,0,0,0,0,0,0,0,0,0,0,0,0,0,0,0,0,0,0,0,42086
1,1,1,1,577,-2394,-23,97,7,-10,-42,55,182,0,0,0,0,0,0,0,0,0,0,0,0,0,0,0,0,0,0,0,0,0,0,42096
1,1,1,1,578,-2380,6,100,-12,-11,-43,55,178,0,0,0,0,0,0,0,0,0,0,0,0,0,0,0,0,0,0,0,0,0,0,42106
1,1,1,1,569,-2409,29,59,-21,-5,-46,58,177,0,0,0,0,0,0,0,0,0,0,0,0,0,0,0,0,0,0,0,0,0,0,42116
1,1,1,1,550,-2413,23,29,-23,-1,-43,54,177,0,0,0,0,0,0,0,0,0,0,0,0,0,0,0,0,0,0,0,0,0,0,42126
1,1,1,1,550,-2415,21,32,-13,5,-43,58,177,0,0,0,0,0,0,0,0,0,0,0,0,0,0,0,0,0,0,0,0,0,0,42136
1,1,1,1,551,-2425,32,30,-9,5,-42,56,179,0,0,0,0,0,0,0,0,0,0,0,0,0,0,0,0,0,0,0,0,0,0,42146
1,1,1,1,561,-2422,31,33,-4,8,-44,57,176,0,0,0,0,0,0,0,0,0,0,0,0,0,0,0,0,0,0,0,0,0,0,42156
1,1,1,1,566,-2420,35,38,-17,9,-44,58,178,0,0,0,0,0,0,0,0,0,0,0,0,0,0,0,0,0,0,0,0,0,0,42166
1,1,1,1,554,-2424,19,54,-17,6,-42,55,176,0,0,0,0,0,0,0,0,0,0,0,0,0,0,0,0,0,0,0,0,0,0,42176
1,1,1,1,547,-2408,11,68,-6,6,-42,56,177,0,0,0,0,0,0,0,0,0,0,0,0,0,0,0,0,0,0,0,0,0,0,42186
1,1,1,1,561,-2389,26,80,-15,11,-42,57,178,0,0,0,0,0,0,0,0,0,0,0,0,0,0,0,0,0,0,0,0,0,0,42196
1,1,1,1,555,-2404,22,60,-23,10,-42,55,179,0,0,0,0,0,0,0,0,0,0,0,0,0,0,0,0,0,0,0,0,0,0,42206
1,1,1,1,551,-2394,25,54,-19,11,-41,57,180,0,0,0,0,0,0,0,0,0,0,0,0,0,0,0,0,0,0,0,0,0,0,42216
1,1,1,1,546,-2410,6,55,-12,11,-41,56,178,0,0,0,0,0,0,0,0,0,0,0,0,0,0,0,0,0,0,0,0,0,0,42226
1,1,1,1,548,-2412,11,59,0,10,-41,56,181,0,0,0,0,0,0,0,0,0,0,0,0,0,0,0,0,0,0,0,0,0,0,42236
1,1,1,1,549,-2413,17,65,-5,7,-41,56,178,0,0,0,0,0,0,0,0,0,0,0,0,0,0,0,0,0,0,0,0,0,0,42246
1,1,1,1,543,-2429,21,62,-4,-2,-42,56,176,0,0,0,0,0,0,0,0,0,0,0,0,0,0,0,0,0,0,0,0,0,0,42256
1,1,1,1,551,-2413,39,52,-3,-1,-41,56,177,0,0,0,0,0,0,0,0,0,0,0,0,0,0,0,0,0,0,0,0,0,0,42266
1,1,1,1,547,-2414,42,31,9,5,-42,57,180,0,0,0,0,0,0,0,0,0,0,0,0,0,0,0,0,0,0,0,0,0,0,42276
1,1,1,1,553,-2411,44,19,12,5,-41,55,176,0,0,0,0,0,0,0,0,0,0,0,0,0,0,0,0,0,0,0,0,0,0,42286
1,1,1,1,562,-2407,48,15,10,8,-40,55,179,0,0,0,0,0,0,0,0,0,0,0,0,0,0,0,0,0,0,0,0,0,0,42296
1,1,1,1,564,-2406,26,17,20,10,-39,55,181,0,0,0,0,0,0,0,0,0,0,0,0,0,0,0,0,0,0,0,0,0,0,42306
1,1,1,1,548,-2406,14,36,4,0,-43,57,180,0,0,0,0,0,0,0,0,0,0,0,0,0,0,0,0,0,0,0,0,0,0,42336
1,1,1,1,542,-2414,25,50,-17,-6,-42,57,179,0,0,0,0,0,0,0,0,0,0,0,0,0,0,0,0,0,0,0,0,0,0,42346
1,1,1,1,534,-2408,20,59,-23,-6,-42,56,177,0,0,0,0,0,0,0,0,0,0,0,0,0,0,0,0,0,0,0,0,0,0,42356
1,1,1,1,551,-2407,23,62,-29,-5,-42,56,178,0,0,0,0,0,0,0,0,0,0,0,0,0,0,0,0,0,0,0,0,0,0,42366
1,1,1,1,558,-2410,15,52,-32,2,-42,57,176,0,0,0,0,0,0,0,0,0,0,0,0,0,0,0,0,0,0,0,0,0,0,42376
1,1,1,1,569,-2416,28,35,-36,12,-39,56,175,0,0,0,0,0,0,0,0,0,0,0,0,0,0,0,0,0,0,0,0,0,0,42386
1,1,1,1,563,-2412,16,38,-30,16,-42,57,177,0,0,0,0,0,0,0,0,0,0,0,0,0,0,0,0,0,0,0,0,0,0,42396
1,1,1,1,568,-2405,21,52,-23,26,-43,56,180,0,0,0,0,0,0,0,0,0,0,0,0,0,0,0,0,0,0,0,0,0,0,42406
1,1,1,1,564,-2413,28,63,-25,28,-42,55,177,0,0,0,0,0,0,0,0,0,0,0,0,0,0,0,0,0,0,0,0,0,0,42416
1,1,1,1,551,-2420,36,61,-16,32,-43,56,179,0,0,0,0,0,0,0,0,0,0,0,0,0,0,0,0,0,0,0,0,0,0,42426
1,1,1,1,546,-2420,40,57,-17,29,-40,54,180,0,0,0,0,0,0,0,0,0,0,0,0,0,0,0,0,0,0,0,0,0,0,42436
1,1,1,1,549,-2403,46,64,-23,31,-43,57,179,0,0,0,0,0,0,0,0,0,0,0,0,0,0,0,0,0,0,0,0,0,0,42446
1,1,1,1,535,-2408,36,77,-14,29,-43,58,181,0,0,0,0,0,0,0,0,0,0,0,0,0,0,0,0,0,0,0,0,0,0,42456
1,1,1,1,546,-2403,37,74,-11,25,-42,55,178,0,0,0,0,0,0,0,0,0,0,0,0,0,0,0,0,0,0,0,0,0,0,42466
1,1,1,1,553,-2401,44,67,-9,27,-46,60,178,0,0,0,0,0,0,0,0,0,0,0,0,0,0,0,0,0,0,0,0,0,0,42476
1,1,1,1,562,-2405,52,45,-10,26,-41,53,178,0,0,0,0,0,0,0,0,0,0,0,0,0,0,0,0,0,0,0,0,0,0,42486
1,1,1,1,568,-2394,49,50,-18,30,-42,55,175,0,0,0,0,0,0,0,0,0,0,0,0,0,0,0,0,0,0,0,0,0,0,42496
1,1,1,1,541,-2409,25,62,-16,25,-41,54,178,0,0,0,0,0,0,0,0,0,0,0,0,0,0,0,0,0,0,0,0,0,0,42506
1,1,1,1,542,-2413,36,87,-24,23,-42,57,179,0,0,0,0,0,0,0,0,0,0,0,0,0,0,0,0,0,0,0,0,0,0,42516
1,1,1,1,545,-2413,22,105,-24,19,-40,56,180,0,0,0,0,0,0,0,0,0,0,0,0,0,0,0,0,0,0,0,0,0,0,42526
1,1,1,1,545,-2413,22,111,-33,18,-40,57,181,0,0,0,0,0,0,0,0,0,0,0,0,0,0,0,0,0,0,0,0,0,0,42536
1,1,1,1,552,-2411,33,115,-34,17,-40,57,178,0,0,0,0,0,0,0,0,0,0,0,0,0,0,0,0,0,0,0,0,0,0,42546
1,1,1,1,558,-2401,48,97,-25,26,-41,57,178,0,0,0,0,0,0,0,0,0,0,0,0,0,0,0,0,0,0,0,0,0,0,42556
1,1,1,1,567,-2397,69,91,-33,33,-42,57,181,0,0,0,0,0,0,0,0,0,0,0,0,0,0,0,0,0,0,0,0,0,0,42566
1,1,1,1,564,-2400,69,98,-22,32,-41,56,179,0,0,0,0,0,0,0,0,0,0,0,0,0,0,0,0,0,0,0,0,0,0,42576
1,1,1,1,557,-2406,82,84,-11,36,-41,57,181,0,0,0,0,0,0,0,0,0,0,0,0,0,0,0,0,0,0,0,0,0,0,42586
1,1,1,1,552,-2411,72,83,-5,32,-41,56,179,0,0,0,0,0,0,0,0,0,0,0,0,0,0,0,0,0,0,0,0,0,0,42596
1,1,1,1,562,-2387,54,99,8,28,-40,56,178,0,0,0,0,0,0,0,0,0,0,0,0,0,0,0,0,0,0,0,0,0,0,42606
1,1,1,1,551,-2408,52,96,0,21,-39,56,180,0,0,0,0,0,0,0,0,0,0,0,0,0,0,0,0,0,0,0,0,0,0,42616
1,1,1,1,549,-2393,53,104,-5,17,-40,55,176,0,0,0,0,0,0,0,0,0,0,0,0,0,0,0,0,0,0,0,0,0,0,42626
1,1,1,1,551,-2398,66,80,-9,18,-42,58,179,0,0,0,0,0,0,0,0,0,0,0,0,0,0,0,0,0,0,0,0,0,0,42636
1,1,1,1,548,-2402,80,65,-8,21,-42,55,181,0,0,0,0,0,0,0,0,0,0,0,0,0,0,0,0,0,0,0,0,0,0,42646
1,1,1,1,550,-2388,78,54,-19,23,-40,56,178,0,0,0,0,0,0,0,0,0,0,0,0,0,0,0,0,0,0,0,0,0,0,42656
1,1,1,1,548,-2401,81,70,-31,15,-39,56,180,0,0,0,0,0,0,0,0,0,0,0,0,0,0,0,0,0,0,0,0,0,0,42666
1,1,1,1,558,-2381,72,94,-16,19,-42,58,180,0,0,0,0,0,0,0,0,0,0,0,0,0,0,0,0,0,0,0,0,0,0,42676
1,1,1,1,572,-2370,77,128,-21,23,-43,58,182,0,0,0,0,0,0,0,0,0,0,0,0,0,0,0,0,0,0,0,0,0,0,42686
1,1,1,1,550,-2390,72,130,-21,21,-41,58,182,0,0,0,0,0,0,0,0,0,0,0,0,0,0,0,0,0,0,0,0,0,0,42696
1,1,1,1,534,-2414,78,108,-7,16,-42,56,180,0,0,0,0,0,0,0,0,0,0,0,0,0,0,0,0,0,0,0,0,0,0,42706
1,1,1,1,534,-2392,67,111,-10,11,-43,56,180,0,0,0,0,0,0,0,0,0,0,0,0,0,0,0,0,0,0,0,0,0,0,42716
1,1,1,1,528,-2401,65,105,-6,4,-42,53,179,0,0,0,0,0,0,0,0,0,0,0,0,0,0,0,0,0,0,0,0,0,0,42726
1,1,1,1,535,-2403,94,85,4,2,-40,55,174,0,0,0,0,0,0,0,0,0,0,0,0,0,0,0,0,0,0,0,0,0,0,42736
1,1,1,1,547,-2393,96,66,5,5,-43,57,176,0,0,0,0,0,0,0,0,0,0,0,0,0,0,0,0,0,0,0,0,0,0,42746
1,1,1,1,553,-2390,98,70,0,3,-43,58,176,0,0,0,0,0,0,0,0,0,0,0,0,0,0,0,0,0,0,0,0,0,0,42756
1,1,1,1,548,-2396,90,55,4,2,-41,55,179,0,0,0,0,0,0,0,0,0,0,0,0,0,0,0,0,0,0,0,0,0,0,42766
1,1,1,1,558,-2396,99,42,-2,0,-42,58,181,0,0,0,0,0,0,0,0,0,0,0,0,0,0,0,0,0,0,0,0,0,0,42776
1,1,1,1,551,-2386,94,60,-1,0,-44,58,179,0,0,0,0,0,0,0,0,0,0,0,0,0,0,0,0,0,0,0,0,0,0,42786
1,1,1,1,532,-2408,85,46,13,1,-44,56,178,0,0,0,0,0,0,0,0,0,0,0,0,0,0,0,0,0,0,0,0,0,0,42796
1,1,1,1,535,-2417,104,22,7,0,-41,56,179,0,0,0,0,0,0,0,0,0,0,0,0,0,0,0,0,0,0,0,0,0,0,42806
1,1,1,1,545,-2401,87,23,7,-3,-40,58,181,0,0,0,0,0,0,0,0,0,0,0,0,0,0,0,0,0,0,0,0,0,0,42816
1,1,1,1,550,-2399,84,26,12,-3,-41,56,182,0,0,0,0,0,0,0,0,0,0,0,0,0,0,0,0,0,0,0,0,0,0,42826
1,1,1,1,557,-2391,96,27,0,-3,-41,57,178,0,0,0,0,0,0,0,0,0,0,0,0,0,0,0,0,0,0,0,0,0,0,42836
1,1,1,1,547,-2396,91,17,4,0,-41,56,181,0,0,0,0,0,0,0,0,0,0,0,0,0,0,0,0,0,0,0,0,0,0,42846
1,1,1,1,552,-2399,101,7,4,4,-42,57,184,0,0,0,0,0,0,0,0,0,0,0,0,0,0,0,0,0,0,0,0,0,0,42856
1,1,1,1,546,-2408,90,-6,11,8,-42,57,182,0,0,0,0,0,0,0,0,0,0,0,0,0,0,0,0,0,0,0,0,0,0,42866
1,1,1,1,558,-2405,93,-5,9,8,-41,56,181,0,0,0,0,0,0,0,0,0,0,0,0,0,0,0,0,0,0,0,0,0,0,42876
1,1,1,1,554,-2404,85,14,2,9,-41,55,181,0,0,0,0,0,0,0,0,0,0,0,0,0,0,0,0,0,0,0,0,0,0,42886
1,1,1,1,551,-2414,85,28,4,13,-40,56,182,0,0,0,0,0,0,0,0,0,0,0,0,0,0,0,0,0,0,0,0,0,0,42896
1,1,1,1,543,-2418,88,26,1,11,-43,56,182,0,0,0,0,0,0,0,0,0,0,0,0,0,0,0,0,0,0,0,0,0,0,42906
1,1,1,1,554,-2403,93,20,0,18,-40,56,180,0,0,0,0,0,0,0,0,0,0,0,0,0,0,0,0,0,0,0,0,0,0,42916
1,1,1,1,554,-2405,103,-5,-3,20,-39,58,180,0,0,0,0,0,0,0,0,0,0,0,0,0,0,0,0,0,0,0,0,0,0,42926
1,1,1,1,542,-2413,106,-36,3,19,-38,57,180,0,0,0,0,0,0,0,0,0,0,0,0,0,0,0,0,0,0,0,0,0,0,42936
1,1,1,1,543,-2399,91,-36,17,18,-39,56,178,0,0,0,0,0,0,0,0,0,0,0,0,0,0,0,0,0,0,0,0,0,0,42946
1,1,1,1,541,-2389,92,-24,16,17,-40,58,181,0,0,0,0,0,0,0,0,0,0,0,0,0,0,0,0,0,0,0,0,0,0,42956
1,1,1,1,531,-2395,84,-13,23,10,-40,57,179,0,0,0,0,0,0,0,0,0,0,0,0,0,0,0,0,0,0,0,0,0,0,42966
1,1,1,1,528,-2376,73,13,13,6,-39,57,178,0,0,0,0,0,0,0,0,0,0,0,0,0,0,0,0,0,0,0,0,0,0,42976
1,1,1,1,525,-2382,66,26,4,3,-40,57,181,0,0,0,0,0,0,0,0,0,0,0,0,0,0,0,0,0,0,0,0,0,0,42986
1,1,1,1,531,-2393,81,19,12,1,-40,58,181,0,0,0,0,0,0,0,0,0,0,0,0,0,0,0,0,0,0,0,0,0,0,42996
1,1,1,1,540,-2398,93,6,10,-3,-39,58,181,0,0,0,0,0,0,0,0,0,0,0,0,0,0,0,0,0,0,0,0,0,0,43006
1,1,1,1,549,-2397,92,-1,3,-4,-39,58,180,0,0,0,0,0,0,0,0,0,0,0,0,0,0,0,0,0,0,0,0,0,0,43016
1,1,1,1,558,-2391,98,18,10,-4,-41,58,181,0,0,0,0,0,0,0,0,0,0,0,0,0,0,0,0,0,0,0,0,0,0,43026
1,1,1,1,551,-2397,84,34,11,-3,-40,58,181,0,0,0,0,0,0,0,0,0,0,0,0,0,0,0,0,0,0,0,0,0,0,43036
1,1,1,1,551,-2400,89,36,5,-6,-41,58,182,0,0,0,0,0,0,0,0,0,0,0,0,0,0,0,0,0,0,0,0,0,0,43046
1,1,1,1,551,-2401,91,29,0,-6,-42,58,178,0,0,0,0,0,0,0,0,0,0,0,0,0,0,0,0,0,0,0,0,0,0,43056
1,1,1,1,548,-2402,92,13,-4,-5,-41,56,182,0,0,0,0,0,0,0,0,0,0,0,0,0,0,0,0,0,0,0,0,0,0,43066
1,1,1,1,556,-2384,88,19,-6,-3,-41,58,182,0,0,0,0,0,0,0,0,0,0,0,0,0,0,0,0,0,0,0,0,0,0,43076
1,1,1,1,551,-2393,68,26,-12,-5,-43,59,182,0,0,0,0,0,0,0,0,0,0,0,0,0,0,0,0,0,0,0,0,0,0,43086
1,1,1,1,561,-2400,85,27,-10,-5,-45,59,182,0,0,0,0,0,0,0,0,0,0,0,0,0,0,0,0,0,0,0,0,0,0,43096
1,1,1,1,562,-2401,96,18,-12,-1,-42,60,181,0,0,0,0,0,0,0,0,0,0,0,0,0,0,0,0,0,0,0,0,0,0,43106
1,1,1,1,552,-2406,96,10,-2,-1,-40,59,180,0,0,0,0,0,0,0,0,0,0,0,0,0,0,0,0,0,0,0,0,0,0,43116
1,1,1,1,545,-2406,97,18,3,0,-39,56,181,0,0,0,0,0,0,0,0,0,0,0,0,0,0,0,0,0,0,0,0,0,0,43126
1,1,1,1,557,-2400,115,8,-2,2,-38,58,180,0,0,0,0,0,0,0,0,0,0,0,0,0,0,0,0,0,0,0,0,0,0,43136
1,1,1,1,539,-2417,104,-9,-2,0,-37,57,181,0,0,0,0,0,0,0,0,0,0,0,0,0,0,0,0,0,0,0,0,0,0,43146
1,1,1,1,549,-2397,107,-4,3,2,-38,57,182,0,0,0,0,0,0,0,0,0,0,0,0,0,0,0,0,0,0,0,0,0,0,43156
1,1,1,1,547,-2409,99,0,11,2,-39,57,178,0,0,0,0,0,0,0,0,0,0,0,0,0,0,0,0,0,0,0,0,0,0,43166
1,1,1,1,552,-2402,95,-2,21,2,-41,60,180,0,0,0,0,0,0,0,0,0,0,0,0,0,0,0,0,0,0,0,0,0,0,43176
1,1,1,1,556,-2389,110,6,15,1,-41,58,181,0,0,0,0,0,0,0,0,0,0,0,0,0,0,0,0,0,0,0,0,0,0,43186
1,1,1,1,547,-2389,97,4,9,5,-39,59,181,0,0,0,0,0,0,0,0,0,0,0,0,0,0,0,0,0,0,0,0,0,0,43196
1,1,1,1,547,-2393,98,7,14,7,-39,58,181,0,0,0,0,0,0,0,0,0,0,0,0,0,0,0,0,0,0,0,0,0,0,43206
1,1,1,1,543,-2391,90,20,4,1,-40,58,178,0,0,0,0,0,0,0,0,0,0,0,0,0,0,0,0,0,0,0,0,0,0,43216
1,1,1,1,544,-2384,89,25,10,2,-40,58,180,0,0,0,0,0,0,0,0,0,0,0,0,0,0,0,0,0,0,0,0,0,0,43226
1,1,1,1,552,-2391,99,15,4,3,-40,58,180,0,0,0,0,0,0,0,0,0,0,0,0,0,0,0,0,0,0,0,0,0,0,43236
1,1,1,1,549,-2375,85,16,8,6,-39,57,181,0,0,0,0,0,0,0,0,0,0,0,0,0,0,0,0,0,0,0,0,0,0,43246
1,1,1,1,549,-2380,84,32,3,1,-40,57,182,0,0,0,0,0,0,0,0,0,0,0,0,0,0,0,0,0,0,0,0,0,0,43256
1,1,1,1,546,-2389,79,38,7,-6,-41,58,181,0,0,0,0,0,0,0,0,0,0,0,0,0,0,0,0,0,0,0,0,0,0,43266
1,1,1,1,546,-2387,80,41,8,-11,-40,58,180,0,0,0,0,0,0,0,0,0,0,0,0,0,0,0,0,0,0,0,0,0,0,43276
1,1,1,1,559,-2378,100,16,0,-5,-39,58,180,0,0,0,0,0,0,0,0,0,0,0,0,0,0,0,0,0,0,0,0,0,0,43286
1,1,1,1,557,-2397,114,-11,4,-3,-40,58,179,0,0,0,0,0,0,0,0,0,0,0,0,0,0,0,0,0,0,0,0,0,0,43296
1,1,1,1,560,-2374,103,-9,-2,-4,-38,57,182,0,0,0,0,0,0,0,0,0,0,0,0,0,0,0,0,0,0,0,0,0,0,43306
1,1,1,1,562,-2389,99,11,-2,-5,-39,58,179,0,0,0,0,0,0,0,0,0,0,0,0,0,0,0,0,0,0,0,0,0,0,43316
1,1,1,1,559,-2406,112,13,5,-3,-41,58,181,0,0,0,0,0,0,0,0,0,0,0,0,0,0,0,0,0,0,0,0,0,0,43326
1,1,1,1,557,-2416,106,11,3,-6,-41,60,178,0,0,0,0,0,0,0,0,0,0,0,0,0,0,0,0,0,0,0,0,0,0,43336
1,1,1,1,550,-2409,108,9,14,-1,-38,56,175,0,0,0,0,0,0,0,0,0,0,0,0,0,0,0,0,0,0,0,0,0,0,43346
1,1,1,1,556,-2407,121,0,13,4,-41,58,177,0,0,0,0,0,0,0,0,0,0,0,0,0,0,0,0,0,0,0,0,0,0,43356
1,1,1,1,547,-2412,121,-4,25,10,-42,60,177,0,0,0,0,0,0,0,0,0,0,0,0,0,0,0,0,0,0,0,0,0,0,43366
1,1,1,1,545,-2407,109,5,21,12,-42,60,180,0,0,0,0,0,0,0,0,0,0,0,0,0,0,0,0,0,0,0,0,0,0,43376
1,1,1,1,550,-2400,112,3,28,15,-40,54,175,0,0,0,0,0,0,0,0,0,0,0,0,0,0,0,0,0,0,0,0,0,0,43386
1,1,1,1,550,-2407,107,-5,19,12,-43,57,178,0,0,0,0,0,0,0,0,0,0,0,0,0,0,0,0,0,0,0,0,0,0,43396
1,1,1,1,553,-2398,98,-8,35,15,-43,60,177,0,0,0,0,0,0,0,0,0,0,0,0,0,0,0,0,0,0,0,0,0,0,43406
1,1,1,1,561,-2393,93,-5,27,11,-40,58,176,0,0,0,0,0,0,0,0,0,0,0,0,0,0,0,0,0,0,0,0,0,0,43416
1,1,1,1,570,-2380,81,13,21,8,-40,59,176,0,0,0,0,0,0,0,0,0,0,0,0,0,0,0,0,0,0,0,0,0,0,43426
1,1,1,1,567,-2381,92,15,9,8,-39,58,178,0,0,0,0,0,0,0,0,0,0,0,0,0,0,0,0,0,0,0,0,0,0,43436
1,1,1,1,553,-2392,95,14,0,6,-36,55,176,0,0,0,0,0,0,0,0,0,0,0,0,0,0,0,0,0,0,0,0,0,0,43446
1,1,1,1,550,-2384,90,18,5,8,-40,59,176,0,0,0,0,0,0,0,0,0,0,0,0,0,0,0,0,0,0,0,0,0,0,43456
1,1,1,1,558,-2391,107,25,0,9,-39,58,177,0,0,0,0,0,0,0,0,0,0,0,0,0,0,0,0,0,0,0,0,0,0,43466
1,1,1,1,553,-2388,101,39,-2,10,-43,57,178,0,0,0,0,0,0,0,0,0,0,0,0,0,0,0,0,0,0,0,0,0,0,43476
1,1,1,1,553,-2399,107,28,-4,12,-41,58,178,0,0,0,0,0,0,0,0,0,0,0,0,0,0,0,0,0,0,0,0,0,0,43486
1,1,1,1,553,-2403,105,15,-11,12,-41,58,177,0,0,0,0,0,0,0,0,0,0,0,0,0,0,0,0,0,0,0,0,0,0,43496
1,1,1,1,560,-2390,103,12,1,15,-40,57,176,0,0,0,0,0,0,0,0,0,0,0,0,0,0,0,0,0,0,0,0,0,0,43506
1,1,1,1,553,-2403,107,13,8,19,-40,58,178,0,0,0,0,0,0,0,0,0,0,0,0,0,0,0,0,0,0,0,0,0,0,43516
1,1,1,1,544,-2393,96,6,1,17,-39,57,178,0,0,0,0,0,0,0,0,0,0,0,0,0,0,0,0,0,0,0,0,0,0,43526
1,1,1,1,545,-2385,93,26,0,17,-43,59,175,0,0,0,0,0,0,0,0,0,0,0,0,0,0,0,0,0,0,0,0,0,0,43536
1,1,1,1,542,-2398,99,25,0,19,-42,58,178,0,0,0,0,0,0,0,0,0,0,0,0,0,0,0,0,0,0,0,0,0,0,43546
1,1,1,1,537,-2396,91,1,1,18,-42,58,177,0,0,0,0,0,0,0,0,0,0,0,0,0,0,0,0,0,0,0,0,0,0,43556
1,1,1,1,545,-2390,100,-12,11,19,-43,58,180,0,0,0,0,0,0,0,0,0,0,0,0,0,0,0,0,0,0,0,0,0,0,43566
1,1,1,1,542,-2385,102,-18,7,14,-43,58,177,0,0,0,0,0,0,0,0,0,0,0,0,0,0,0,0,0,0,0,0,0,0,43576
1,1,1,1,550,-2386,108,-20,-3,14,-41,59,178,0,0,0,0,0,0,0,0,0,0,0,0,0,0,0,0,0,0,0,0,0,0,43586
1,1,1,1,546,-2387,110,-11,-8,9,-43,59,179,0,0,0,0,0,0,0,0,0,0,0,0,0,0,0,0,0,0,0,0,0,0,43596
1,1,1,1,550,-2386,101,4,-14,6,-41,58,178,0,0,0,0,0,0,0,0,0,0,0,0,0,0,0,0,0,0,0,0,0,0,43606
1,1,1,1,546,-2397,97,12,-17,6,-41,58,180,0,0,0,0,0,0,0,0,0,0,0,0,0,0,0,0,0,0,0,0,0,0,43616
1,1,1,1,541,-2402,93,17,-20,4,-41,58,181,0,0,0,0,0,0,0,0,0,0,0,0,0,0,0,0,0,0,0,0,0,0,43626
1,1,1,1,539,-2392,84,31,-19,0,-44,61,177,0,0,0,0,0,0,0,0,0,0,0,0,0,0,0,0,0,0,0,0,0,0,43636
1,1,1,1,551,-2391,97,44,-27,-1,-44,58,178,0,0,0,0,0,0,0,0,0,0,0,0,0,0,0,0,0,0,0,0,0,0,43646
1,1,1,1,551,-2405,105,27,-26,2,-42,58,181,0,0,0,0,0,0,0,0,0,0,0,0,0,0,0,0,0,0,0,0,0,0,43656
1,1,1,1,555,-2407,118,0,-19,2,-41,58,178,0,0,0,0,0,0,0,0,0,0,0,0,0,0,0,0,0,0,0,0,0,0,43666
1,1,1,1,553,-2408,115,-20,-13,7,-40,56,181,0,0,0,0,0,0,0,0,0,0,0,0,0,0,0,0,0,0,0,0,0,0,43676
1,1,1,1,546,-2407,112,-24,-7,8,-45,56,180,0,0,0,0,0,0,0,0,0,0,0,0,0,0,0,0,0,0,0,0,0,0,43686
1,1,1,1,542,-2402,111,-23,-1,10,-43,59,182,0,0,0,0,0,0,0,0,0,0,0,0,0,0,0,0,0,0,0,0,0,0,43696
1,1,1,1,543,-2397,108,-21,-4,9,-45,60,182,0,0,0,0,0,0,0,0,0,0,0,0,0,0,0,0,0,0,0,0,0,0,43706
1,1,1,1,547,-2379,111,-2,-3,17,-43,56,179,0,0,0,0,0,0,0,0,0,0,0,0,0,0,0,0,0,0,0,0,0,0,43716
1,1,1,1,539,-2396,101,12,0,19,-42,59,180,0,0,0,0,0,0,0,0,0,0,0,0,0,0,0,0,0,0,0,0,0,0,43726
1,1,1,1,551,-2387,113,7,-7,19,-42,58,179,0,0,0,0,0,0,0,0,0,0,0,0,0,0,0,0,0,0,0,0,0,0,43736
1,1,1,1,553,-2393,103,3,-9,21,-40,58,178,0,0,0,0,0,0,0,0,0,0,0,0,0,0,0,0,0,0,0,0,0,0,43746
1,1,1,1,560,-2385,111,2,-6,25,-41,59,181,0,0,0,0,0,0,0,0,0,0,0,0,0,0,0,0,0,0,0,0,0,0,43756
1,1,1,1,551,-2391,95,4,-6,27,-41,58,179,0,0,0,0,0,0,0,0,0,0,0,0,0,0,0,0,0,0,0,0,0,0,43766
1,1,1,1,545,-2398,100,-4,-3,24,-43,59,181,0,0,0,0,0,0,0,0,0,0,0,0,0,0,0,0,0,0,0,0,0,0,43776
1,1,1,1,539,-2394,98,-5,0,15,-42,58,181,0,0,0,0,0,0,0,0,0,0,0,0,0,0,0,0,0,0,0,0,0,0,43786
1,1,1,1,539,-2394,98,-3,-1,9,-40,58,182,0,0,0,0,0,0,0,0,0,0,0,0,0,0,0,0,0,0,0,0,0,0,43796
1,1,1,1,532,-2384,98,9,13,4,-41,58,181,0,0,0,0,0,0,0,0,0,0,0,0,0,0,0,0,0,0,0,0,0,0,43806
1,1,1,1,529,-2391,104,2,15,-2,-41,58,179,0,0,0,0,0,0,0,0,0,0,0,0,0,0,0,0,0,0,0,0,0,0,43816
1,1,1,1,529,-2399,113,-14,22,-4,-38,58,178,0,0,0,0,0,0,0,0,0,0,0,0,0,0,0,0,0,0,0,0,0,0,43826
1,1,1,1,544,-2388,113,-15,24,2,-42,59,179,0,0,0,0,0,0,0,0,0,0,0,0,0,0,0,0,0,0,0,0,0,0,43836
1,1,1,1,549,-2406,100,-21,22,7,-41,57,180,0,0,0,0,0,0,0,0,0,0,0,0,0,0,0,0,0,0,0,0,0,0,43846
1,1,1,1,551,-2403,96,-14,19,7,-42,59,180,0,0,0,0,0,0,0,0,0,0,0,0,0,0,0,0,0,0,0,0,0,0,43856
1,1,1,1,561,-2396,96,1,13,13,-43,59,177,0,0,0,0,0,0,0,0,0,0,0,0,0,0,0,0,0,0,0,0,0,0,43866
1,1,1,1,565,-2406,93,19,10,12,-42,58,182,0,0,0,0,0,0,0,0,0,0,0,0,0,0,0,0,0,0,0,0,0,0,43876
1,1,1,1,554,-2398,88,30,13,12,-42,57,182,0,0,0,0,0,0,0,0,0,0,0,0,0,0,0,0,0,0,0,0,0,0,43886
1,1,1,1,544,-2404,100,31,15,13,-42,59,181,0,0,0,0,0,0,0,0,0,0,0,0,0,0,0,0,0,0,0,0,0,0,43896
1,1,1,1,542,-2402,103,23,15,12,-42,58,180,0,0,0,0,0,0,0,0,0,0,0,0,0,0,0,0,0,0,0,0,0,0,43906
1,1,1,1,539,-2410,110,12,19,15,-42,58,180,0,0,0,0,0,0,0,0,0,0,0,0,0,0,0,0,0,0,0,0,0,0,43916
1,1,1,1,545,-2406,114,-16,21,17,-41,58,180,0,0,0,0,0,0,0,0,0,0,0,0,0,0,0,0,0,0,0,0,0,0,43926
1,1,1,1,548,-2410,107,-28,30,19,-41,58,178,0,0,0,0,0,0,0,0,0,0,0,0,0,0,0,0,0,0,0,0,0,0,43936
1,1,1,1,550,-2403,102,-27,43,26,-41,58,179,0,0,0,0,0,0,0,0,0,0,0,0,0,0,0,0,0,0,0,0,0,0,43946
1,1,1,1,554,-2396,106,-29,36,29,-43,58,180,0,0,0,0,0,0,0,0,0,0,0,0,0,0,0,0,0,0,0,0,0,0,43956
1,1,1,1,555,-2388,96,-12,29,32,-41,56,176,0,0,0,0,0,0,0,0,0,0,0,0,0,0,0,0,0,0,0,0,0,0,43966
1,1,1,1,551,-2382,81,5,22,31,-42,55,176,0,0,0,0,0,0,0,0,0,0,0,0,0,0,0,0,0,0,0,0,0,0,43976
1,1,1,1,549,-2390,93,9,11,27,-44,58,177,0,0,0,0,0,0,0,0,0,0,0,0,0,0,0,0,0,0,0,0,0,0,43986
1,1,1,1,542,-2386,78,21,12,26,-42,56,178,0,0,0,0,0,0,0,0,0,0,0,0,0,0,0,0,0,0,0,0,0,0,43996
1,1,1,1,544,-2389,79,19,10,23,-45,58,182,0,0,0,0,0,0,0,0,0,0,0,0,0,0,0,0,0,0,0,0,0,0,44006
1,1,1,1,545,-2396,92,7,12,22,-43,58,178,0,0,0,0,0,0,0,0,0,0,0,0,0,0,0,0,0,0,0,0,0,0,44016
1,1,1,1,536,-2397,97,-10,6,18,-41,55,177,0,0,0,0,0,0,0,0,0,0,0,0,0,0,0,0,0,0,0,0,0,0,44026
1,1,1,1,532,-2392,106,-18,9,17,-42,58,178,0,0,0,0,0,0,0,0,0,0,0,0,0,0,0,0,0,0,0,0,0,0,44036
1,1,1,1,528,-2398,115,-28,11,16,-44,58,178,0,0,0,0,0,0,0,0,0,0,0,0,0,0,0,0,0,0,0,0,0,0,44046
1,1,1,1,541,-2399,118,-29,17,20,-42,59,179,0,0,0,0,0,0,0,0,0,0,0,0,0,0,0,0,0,0,0,0,0,0,44056
1,1,1,1,542,-2397,105,-18,22,20,-42,58,179,0,0,0,0,0,0,0,0,0,0,0,0,0,0,0,0,0,0,0,0,0,0,44066
1,1,1,1,542,-2390,94,-7,23,17,-42,58,181,0,0,0,0,0,0,0,0,0,0,0,0,0,0,0,0,0,0,0,0,0,0,44076
1,1,1,1,542,-2390,100,17,13,16,-41,58,181,0,0,0,0,0,0,0,0,0,0,0,0,0,0,0,0,0,0,0,0,0,0,44086
1,1,1,1,528,-2396,77,37,14,10,-42,58,179,0,0,0,0,0,0,0,0,0,0,0,0,0,0,0,0,0,0,0,0,0,0,44096
1,1,1,1,519,-2394,84,34,21,8,-43,58,181,0,0,0,0,0,0,0,0,0,0,0,0,0,0,0,0,0,0,0,0,0,0,44106
1,1,1,1,526,-2400,104,15,11,2,-43,58,181,0,0,0,0,0,0,0,0,0,0,0,0,0,0,0,0,0,0,0,0,0,0,44116
1,1,1,1,531,-2393,99,-12,11,4,-42,59,181,0,0,0,0,0,0,0,0,0,0,0,0,0,0,0,0,0,0,0,0,0,0,44126
1,1,1,1,538,-2403,102,-31,14,6,-43,57,180,0,0,0,0,0,0,0,0,0,0,0,0,0,0,0,0,0,0,0,0,0,0,44136
1,1,1,1,546,-2396,97,-37,21,5,-41,58,181,0,0,0,0,0,0,0,0,0,0,0,0,0,0,0,0,0,0,0,0,0,0,44146
1,1,1,1,556,-2388,100,-29,26,9,-41,57,180,0,0,0,0,0,0,0,0,0,0,0,0,0,0,0,0,0,0,0,0,0,0,44156
1,1,1,1,554,-2394,91,-13,16,5,-41,57,179,0,0,0,0,0,0,0,0,0,0,0,0,0,0,0,0,0,0,0,0,0,0,44166
1,1,1,1,538,-2388,84,10,19,5,-42,58,179,0,0,0,0,0,0,0,0,0,0,0,0,0,0,0,0,0,0,0,0,0,0,44176
1,1,1,1,543,-2392,95,27,6,0,-43,57,179,0,0,0,0,0,0,0,0,0,0,0,0,0,0,0,0,0,0,0,0,0,0,44186
1,1,1,1,532,-2392,81,33,-10,-4,-41,57,182,0,0,0,0,0,0,0,0,0,0,0,0,0,0,0,0,0,0,0,0,0,0,44196
1,1,1,1,539,-2387,74,48,-6,-3,-44,58,182,0,0,0,0,0,0,0,0,0,0,0,0,0,0,0,0,0,0,0,0,0,0,44206
1,1,1,1,536,-2402,82,38,-5,-1,-41,58,181,0,0,0,0,0,0,0,0,0,0,0,0,0,0,0,0,0,0,0,0,0,0,44216
1,1,1,1,543,-2416,98,19,-11,0,-42,58,182,0,0,0,0,0,0,0,0,0,0,0,0,0,0,0,0,0,0,0,0,0,0,44226
1,1,1,1,545,-2415,112,-1,-7,3,-42,58,182,0,0,0,0,0,0,0,0,0,0,0,0,0,0,0,0,0,0,0,0,0,0,44236
1,1,1,1,545,-2425,108,-12,3,5,-44,59,181,0,0,0,0,0,0,0,0,0,0,0,0,0,0,0,0,0,0,0,0,0,0,44246
1,1,1,1,544,-2419,107,-12,11,9,-43,59,180,0,0,0,0,0,0,0,0,0,0,0,0,0,0,0,0,0,0,0,0,0,0,44256
1,1,1,1,548,-2413,115,-9,4,13,-43,61,179,0,0,0,0,0,0,0,0,0,0,0,0,0,0,0,0,0,0,0,0,0,0,44266
1,1,1,1,538,-2398,101,10,0,14,-41,55,179,0,0,0,0,0,0,0,0,0,0,0,0,0,0,0,0,0,0,0,0,0,0,44276
1,1,1,1,536,-2388,90,25,-8,13,-43,57,180,0,0,0,0,0,0,0,0,0,0,0,0,0,0,0,0,0,0,0,0,0,0,44286
1,1,1,1,545,-2395,102,26,-11,10,-44,59,182,0,0,0,0,0,0,0,0,0,0,0,0,0,0,0,0,0,0,0,0,0,0,44296
1,1,1,1,537,-2381,99,38,-12,8,-43,58,182,0,0,0,0,0,0,0,0,0,0,0,0,0,0,0,0,0,0,0,0,0,0,44306
1,1,1,1,536,-2373,108,48,-20,8,-43,59,183,0,0,0,0,0,0,0,0,0,0,0,0,0,0,0,0,0,0,0,0,0,0,44316
1,1,1,1,525,-2398,95,37,-14,6,-43,59,181,0,0,0,0,0,0,0,0,0,0,0,0,0,0,0,0,0,0,0,0,0,0,44326
1,1,1,1,536,-2397,103,23,-12,5,-40,57,184,0,0,0,0,0,0,0,0,0,0,0,0,0,0,0,0,0,0,0,0,0,0,44336
1,1,1,1,535,-2411,100,2,-6,3,-42,60,183,0,0,0,0,0,0,0,0,0,0,0,0,0,0,0,0,0,0,0,0,0,0,44346
1,1,1,1,540,-2395,97,-4,-7,0,-41,57,181,0,0,0,0,0,0,0,0,0,0,0,0,0,0,0,0,0,0,0,0,0,0,44356
1,1,1,1,537,-2401,94,-2,-7,-1,-41,58,183,0,0,0,0,0,0,0,0,0,0,0,0,0,0,0,0,0,0,0,0,0,0,44366
1,1,1,1,544,-2398,107,-3,-2,4,-41,59,181,0,0,0,0,0,0,0,0,0,0,0,0,0,0,0,0,0,0,0,0,0,0,44376
1,1,1,1,532,-2383,103,3,-5,5,-41,57,181,0,0,0,0,0,0,0,0,0,0,0,0,0,0,0,0,0,0,0,0,0,0,44386
1,1,1,1,533,-2384,105,10,-8,7,-43,58,182,0,0,0,0,0,0,0,0,0,0,0,0,0,0,0,0,0,0,0,0,0,0,44396
1,1,1,1,531,-2392,99,9,-3,5,-42,57,181,0,0,0,0,0,0,0,0,0,0,0,0,0,0,0,0,0,0,0,0,0,0,44406
1,1,1,1,544,-2378,96,9,3,7,-43,58,181,0,0,0,0,0,0,0,0,0,0,0,0,0,0,0,0,0,0,0,0,0,0,44416
1,1,1,1,550,-2394,103,0,-1,3,-43,58,182,0,0,0,0,0,0,0,0,0,0,0,0,0,0,0,0,0,0,0,0,0,0,44426
1,1,1,1,542,-2384,97,11,-6,-1,-42,59,181,0,0,0,0,0,0,0,0,0,0,0,0,0,0,0,0,0,0,0,0,0,0,44436
1,1,1,1,541,-2393,88,9,-1,3,-41,59,181,0,0,0,0,0,0,0,0,0,0,0,0,0,0,0,0,0,0,0,0,0,0,44446
1,1,1,1,541,-2394,99,7,-12,-1,-40,59,182,0,0,0,0,0,0,0,0,0,0,0,0,0,0,0,0,0,0,0,0,0,0,44456
1,1,1,1,537,-2391,95,26,-18,-2,-41,58,182,0,0,0,0,0,0,0,0,0,0,0,0,0,0,0,0,0,0,0,0,0,0,44466
1,1,1,1,527,-2403,109,34,-16,-2,-42,59,182,0,0,0,0,0,0,0,0,0,0,0,0,0,0,0,0,0,0,0,0,0,0,44476
1,1,1,1,519,-2400,106,35,-10,-4,-44,60,182,0,0,0,0,0,0,0,0,0,0,0,0,0,0,0,0,0,0,0,0,0,0,44486
1,1,1,1,538,-2394,116,23,-11,-2,-43,59,182,0,0,0,0,0,0,0,0,0,0,0,0,0,0,0,0,0,0,0,0,0,0,44496
1,1,1,1,535,-2409,123,4,-6,-3,-43,59,181,0,0,0,0,0,0,0,0,0,0,0,0,0,0,0,0,0,0,0,0,0,0,44506
1,1,1,1,541,-2394,122,-2,-1,-3,-42,58,181,0,0,0,0,0,0,0,0,0,0,0,0,0,0,0,0,0,0,0,0,0,0,44516
1,1,1,1,548,-2394,123,-7,3,4,-40,58,182,0,0,0,0,0,0,0,0,0,0,0,0,0,0,0,0,0,0,0,0,0,0,44526
1,1,1,1,535,-2418,127,-29,17,8,-41,59,182,0,0,0,0,0,0,0,0,0,0,0,0,0,0,0,0,0,0,0,0,0,0,44536
1,1,1,1,540,-2407,131,-50,20,10,-45,58,183,0,0,0,0,0,0,0,0,0,0,0,0,0,0,0,0,0,0,0,0,0,0,44546
1,1,1,1,530,-2406,99,-43,23,10,-42,58,181,0,0,0,0,0,0,0,0,0,0,0,0,0,0,0,0,0,0,0,0,0,0,44556
1,1,1,1,532,-2391,87,-21,26,10,-45,59,182,0,0,0,0,0,0,0,0,0,0,0,0,0,0,0,0,0,0,0,0,0,0,44566
1,1,1,1,545,-2387,85,-2,18,5,-43,58,179,0,0,0,0,0,0,0,0,0,0,0,0,0,0,0,0,0,0,0,0,0,0,44576
1,1,1,1,553,-2376,78,0,0,1,-46,61,181,0,0,0,0,0,0,0,0,0,0,0,0,0,0,0,0,0,0,0,0,0,0,44586
1,1,1,1,546,-2373,76,14,-8,-5,-46,61,182,0,0,0,0,0,0,0,0,0,0,0,0,0,0,0,0,0,0,0,0,0,0,44596
1,1,1,1,544,-2376,90,32,-7,-6,-42,58,178,0,0,0,0,0,0,0,0,0,0,0,0,0,0,0,0,0,0,0,0,0,0,44606
1,1,1,1,529,-2399,99,19,-11,-9,-44,61,182,0,0,0,0,0,0,0,0,0,0,0,0,0,0,0,0,0,0,0,0,0,0,44616
1,1,1,1,532,-2396,113,14,-9,-8,-41,59,182,0,0,0,0,0,0,0,0,0,0,0,0,0,0,0,0,0,0,0,0,0,0,44626
1,1,1,1,540,-2408,122,1,5,-3,-42,59,182,0,0,0,0,0,0,0,0,0,0,0,0,0,0,0,0,0,0,0,0,0,0,44636
1,1,1,1,534,-2409,121,-12,1,-2,-40,61,182,0,0,0,0,0,0,0,0,0,0,0,0,0,0,0,0,0,0,0,0,0,0,44646
1,1,1,1,543,-2399,112,-13,6,5,-39,59,183,0,0,0,0,0,0,0,0,0,0,0,0,0,0,0,0,0,0,0,0,0,0,44656
1,1,1,1,546,-2413,117,-22,15,10,-40,58,183,0,0,0,0,0,0,0,0,0,0,0,0,0,0,0,0,0,0,0,0,0,0,44666
1,1,1,1,537,-2402,104,-23,21,10,-40,58,182,0,0,0,0,0,0,0,0,0,0,0,0,0,0,0,0,0,0,0,0,0,0,44676
1,1,1,1,540,-2400,104,-21,27,13,-40,58,183,0,0,0,0,0,0,0,0,0,0,0,0,0,0,0,0,0,0,0,0,0,0,44686
1,1,1,1,544,-2396,102,-14,17,12,-43,59,182,0,0,0,0,0,0,0,0,0,0,0,0,0,0,0,0,0,0,0,0,0,0,44696
1,1,1,1,533,-2393,76,-11,17,10,-39,58,183,0,0,0,0,0,0,0,0,0,0,0,0,0,0,0,0,0,0,0,0,0,0,44706
1,1,1,1,540,-2385,81,-7,6,11,-40,58,183,0,0,0,0,0,0,0,0,0,0,0,0,0,0,0,0,0,0,0,0,0,0,44716
1,1,1,1,534,-2392,70,2,9,6,-38,58,183,0,0,0,0,0,0,0,0,0,0,0,0,0,0,0,0,0,0,0,0,0,0,44726
1,1,1,1,539,-2395,81,-3,1,5,-40,58,181,0,0,0,0,0,0,0,0,0,0,0,0,0,0,0,0,0,0,0,0,0,0,44736
1,1,1,1,549,-2398,107,-24,-6,7,-40,59,180,0,0,0,0,0,0,0,0,0,0,0,0,0,0,0,0,0,0,0,0,0,0,44746
1,1,1,1,543,-2404,104,-41,5,7,-40,59,181,0,0,0,0,0,0,0,0,0,0,0,0,0,0,0,0,0,0,0,0,0,0,44756
1,1,1,1,545,-2395,109,-37,14,12,-42,59,182,0,0,0,0,0,0,0,0,0,0,0,0,0,0,0,0,0,0,0,0,0,0,44766
1,1,1,1,549,-2399,111,-29,5,16,-41,59,183,0,0,0,0,0,0,0,0,0,0,0,0,0,0,0,0,0,0,0,0,0,0,44776
1,1,1,1,529,-2406,87,-18,10,12,-39,58,181,0,0,0,0,0,0,0,0,0,0,0,0,0,0,0,0,0,0,0,0,0,0,44786
1,1,1,1,539,-2389,101,-10,-5,12,-41,59,182,0,0,0,0,0,0,0,0,0,0,0,0,0,0,0,0,0,0,0,0,0,0,44796
1,1,1,1,530,-2408,94,-4,-2,8,-41,58,181,0,0,0,0,0,0,0,0,0,0,0,0,0,0,0,0,0,0,0,0,0,0,44806
1,1,1,1,528,-2395,86,-6,0,5,-40,59,180,0,0,0,0,0,0,0,0,0,0,0,0,0,0,0,0,0,0,0,0,0,0,44816
1,1,1,1,536,-2408,95,-18,-6,8,-40,58,182,0,0,0,0,0,0,0,0,0,0,0,0,0,0,0,0,0,0,0,0,0,0,44826
1,1,1,1,535,-2416,95,-33,-5,3,-41,58,182,0,0,0,0,0,0,0,0,0,0,0,0,0,0,0,0,0,0,0,0,0,0,44836
1,1,1,1,551,-2403,94,-38,4,5,-43,60,181,0,0,0,0,0,0,0,0,0,0,0,0,0,0,0,0,0,0,0,0,0,0,44846
1,1,1,1,552,-2402,95,-46,17,8,-42,60,181,0,0,0,0,0,0,0,0,0,0,0,0,0,0,0,0,0,0,0,0,0,0,44856
1,1,1,1,551,-2389,95,-44,15,8,-41,59,181,0,0,0,0,0,0,0,0,0,0,0,0,0,0,0,0,0,0,0,0,0,0,44866
1,1,1,1,551,-2389,80,-30,15,6,-41,58,183,0,0,0,0,0,0,0,0,0,0,0,0,0,0,0,0,0,0,0,0,0,0,44876
1,1,1,1,543,-2381,78,-5,18,0,-42,60,180,0,0,0,0,0,0,0,0,0,0,0,0,0,0,0,0,0,0,0,0,0,0,44886
1,1,1,1,536,-2380,71,15,3,-5,-42,58,184,0,0,0,0,0,0,0,0,0,0,0,0,0,0,0,0,0,0,0,0,0,0,44896
1,1,1,1,531,-2381,74,38,-5,-8,-42,60,185,0,0,0,0,0,0,0,0,0,0,0,0,0,0,0,0,0,0,0,0,0,0,44906
1,1,1,1,528,-2384,80,44,-17,-10,-41,57,184,0,0,0,0,0,0,0,0,0,0,0,0,0,0,0,0,0,0,0,0,0,0,44916
1,1,1,1,532,-2400,96,30,-21,-10,-42,59,181,0,0,0,0,0,0,0,0,0,0,0,0,0,0,0,0,0,0,0,0,0,0,44926
1,1,1,1,544,-2409,109,16,-18,-10,-43,60,183,0,0,0,0,0,0,0,0,0,0,0,0,0,0,0,0,0,0,0,0,0,0,44936
1,1,1,1,556,-2408,117,-8,-6,0,-41,58,183,0,0,0,0,0,0,0,0,0,0,0,0,0,0,0,0,0,0,0,0,0,0,44946
1,1,1,1,541,-2421,113,-19,5,-1,-41,59,184,0,0,0,0,0,0,0,0,0,0,0,0,0,0,0,0,0,0,0,0,0,0,44956
1,1,1,1,538,-2412,105,-19,6,-2,-42,59,183,0,0,0,0,0,0,0,0,0,0,0,0,0,0,0,0,0,0,0,0,0,0,44966
1,1,1,1,538,-2399,102,-18,8,2,-44,60,183,0,0,0,0,0,0,0,0,0,0,0,0,0,0,0,0,0,0,0,0,0,0,44976
1,1,1,1,540,-2393,77,1,11,5,-42,58,184,0,0,0,0,0,0,0,0,0,0,0,0,0,0,0,0,0,0,0,0,0,0,44986
1,1,1,1,532,-2394,61,14,14,5,-42,59,183,0,0,0,0,0,0,0,0,0,0,0,0,0,0,0,0,0,0,0,0,0,0,44996
1,1,1,1,545,-2381,76,30,9,2,-43,58,184,0,0,0,0,0,0,0,0,0,0,0,0,0,0,0,0,0,0,0,0,0,0,45006
1,1,1,1,545,-2381,76,31,9,5,-43,59,183,0,0,0,0,0,0,0,0,0,0,0,0,0,0,0,0,0,0,0,0,0,0,45016
1,1,1,1,537,-2387,96,23,-2,2,-42,60,185,0,0,0,0,0,0,0,0,0,0,0,0,0,0,0,0,0,0,0,0,0,0,45026
1,1,1,1,537,-2387,96,14,-6,7,-41,61,184,0,0,0,0,0,0,0,0,0,0,0,0,0,0,0,0,0,0,0,0,0,0,45036
1,1,1,1,531,-2397,98,-2,-18,3,-42,59,183,0,0,0,0,0,0,0,0,0,0,0,0,0,0,0,0,0,0,0,0,0,0,45046
1,1,1,1,541,-2390,92,-4,-13,5,-42,58,184,0,0,0,0,0,0,0,0,0,0,0,0,0,0,0,0,0,0,0,0,0,0,45056
1,1,1,1,542,-2396,83,9,-15,3,-43,60,183,0,0,0,0,0,0,0,0,0,0,0,0,0,0,0,0,0,0,0,0,0,0,45066
1,1,1,1,550,-2402,70,30,-5,3,-43,58,185,0,0,0,0,0,0,0,0,0,0,0,0,0,0,0,0,0,0,0,0,0,0,45076
1,1,1,1,553,-2412,65,31,-6,-3,-42,59,187,0,0,0,0,0,0,0,0,0,0,0,0,0,0,0,0,0,0,0,0,0,0,45086
1,1,1,1,559,-2404,76,25,-4,-3,-42,58,186,0,0,0,0,0,0,0,0,0,0,0,0,0,0,0,0,0,0,0,0,0,0,45096
1,1,1,1,556,-2415,99,-2,-1,2,-41,59,186,0,0,0,0,0,0,0,0,0,0,0,0,0,0,0,0,0,0,0,0,0,0,45106
1,1,1,1,547,-2402,107,-16,-11,2,-40,59,186,0,0,0,0,0,0,0,0,0,0,0,0,0,0,0,0,0,0,0,0,0,0,45116
1,1,1,1,536,-2400,91,-17,2,8,-39,58,183,0,0,0,0,0,0,0,0,0,0,0,0,0,0,0,0,0,0,0,0,0,0,45126
1,1,1,1,539,-2411,113,-23,11,15,-40,60,186,0,0,0,0,0,0,0,0,0,0,0,0,0,0,0,0,0,0,0,0,0,0,45136
1,1,1,1,544,-2414,118,-29,2,15,-40,58,185,0,0,0,0,0,0,0,0,0,0,0,0,0,0,0,0,0,0,0,0,0,0,45146
1,1,1,1,532,-2407,97,-16,9,16,-42,60,183,0,0,0,0,0,0,0,0,0,0,0,0,0,0,0,0,0,0,0,0,0,0,45156
1,1,1,1,542,-2404,96,1,5,14,-42,60,185,0,0,0,0,0,0,0,0,0,0,0,0,0,0,0,0,0,0,0,0,0,0,45166
1,1,1,1,539,-2391,74,29,10,14,-44,61,187,0,0,0,0,0,0,0,0,0,0,0,0,0,0,0,0,0,0,0,0,0,0,45176
1,1,1,1,544,-2389,71,41,4,11,-45,61,188,0,0,0,0,0,0,0,0,0,0,0,0,0,0,0,0,0,0,0,0,0,0,45186
1,1,1,1,552,-2386,68,36,-7,10,-41,58,186,0,0,0,0,0,0,0,0,0,0,0,0,0,0,0,0,0,0,0,0,0,0,45196
1,1,1,1,554,-2384,63,37,-12,5,-43,58,185,0,0,0,0,0,0,0,0,0,0,0,0,0,0,0,0,0,0,0,0,0,0,45206
1,1,1,1,553,-2391,81,24,-12,2,-44,61,185,0,0,0,0,0,0,0,0,0,0,0,0,0,0,0,0,0,0,0,0,0,0,45216
1,1,1,1,555,-2403,113,-9,-3,12,-42,62,187,0,0,0,0,0,0,0,0,0,0,0,0,0,0,0,0,0,0,0,0,0,0,45226
1,1,1,1,541,-2408,108,-16,1,11,-41,59,184,0,0,0,0,0,0,0,0,0,0,0,0,0,0,0,0,0,0,0,0,0,0,45236
1,1,1,1,537,-2397,107,-6,5,17,-40,59,183,0,0,0,0,0,0,0,0,0,0,0,0,0,0,0,0,0,0,0,0,0,0,45246
1,1,1,1,535,-2392,105,16,3,17,-42,61,184,0,0,0,0,0,0,0,0,0,0,0,0,0,0,0,0,0,0,0,0,0,0,45256
1,1,1,1,525,-2395,77,24,9,18,-40,59,188,0,0,0,0,0,0,0,0,0,0,0,0,0,0,0,0,0,0,0,0,0,0,45266
1,1,1,1,533,-2393,105,27,-5,17,-40,59,185,0,0,0,0,0,0,0,0,0,0,0,0,0,0,0,0,0,0,0,0,0,0,45276
1,1,1,1,517,-2397,80,28,-4,12,-42,60,187,0,0,0,0,0,0,0,0,0,0,0,0,0,0,0,0,0,0,0,0,0,0,45286
1,1,1,1,536,-2396,94,24,8,14,-43,60,185,0,0,0,0,0,0,0,0,0,0,0,0,0,0,0,0,0,0,0,0,0,0,45296
1,1,1,1,548,-2393,108,3,6,16,-42,60,184,0,0,0,0,0,0,0,0,0,0,0,0,0,0,0,0,0,0,0,0,0,0,45306
1,1,1,1,549,-2398,106,-14,8,17,-44,59,183,0,0,0,0,0,0,0,0,0,0,0,0,0,0,0,0,0,0,0,0,0,0,45316
1,1,1,1,554,-2390,101,-11,10,12,-41,59,183,0,0,0,0,0,0,0,0,0,0,0,0,0,0,0,0,0,0,0,0,0,0,45326
1,1,1,1,538,-2401,105,-13,12,15,-41,60,183,0,0,0,0,0,0,0,0,0,0,0,0,0,0,0,0,0,0,0,0,0,0,45336
1,1,1,1,526,-2397,93,-2,10,8,-39,59,181,0,0,0,0,0,0,0,0,0,0,0,0,0,0,0,0,0,0,0,0,0,0,45346
1,1,1,1,523,-2391,90,1,3,6,-41,59,182,0,0,0,0,0,0,0,0,0,0,0,0,0,0,0,0,0,0,0,0,0,0,45356
1,1,1,1,525,-2402,96,1,-7,-3,-42,60,181,0,0,0,0,0,0,0,0,0,0,0,0,0,0,0,0,0,0,0,0,0,0,45366
1,1,1,1,528,-2392,79,12,1,-3,-43,60,184,0,0,0,0,0,0,0,0,0,0,0,0,0,0,0,0,0,0,0,0,0,0,45376
1,1,1,1,544,-2392,86,18,-10,-10,-41,59,182,0,0,0,0,0,0,0,0,0,0,0,0,0,0,0,0,0,0,0,0,0,0,45386
1,1,1,1,547,-2397,84,21,4,-3,-42,61,185,0,0,0,0,0,0,0,0,0,0,0,0,0,0,0,0,0,0,0,0,0,0,45396
1,1,1,1,551,-2406,95,7,-4,0,-43,60,185,0,0,0,0,0,0,0,0,0,0,0,0,0,0,0,0,0,0,0,0,0,0,45406
1,1,1,1,543,-2412,100,-2,-4,1,-41,58,185,0,0,0,0,0,0,0,0,0,0,0,0,0,0,0,0,0,0,0,0,0,0,45416
1,1,1,1,542,-2416,91,-6,3,4,-41,61,181,0,0,0,0,0,0,0,0,0,0,0,0,0,0,0,0,0,0,0,0,0,0,45426
1,1,1,1,543,-2420,100,-20,7,6,-41,62,185,0,0,0,0,0,0,0,0,0,0,0,0,0,0,0,0,0,0,0,0,0,0,45436
1,1,1,1,534,-2411,92,-20,6,6,-40,60,184,0,0,0,0,0,0,0,0,0,0,0,0,0,0,0,0,0,0,0,0,0,0,45446
1,1,1,1,531,-2395,96,-9,0,12,-44,63,184,0,0,0,0,0,0,0,0,0,0,0,0,0,0,0,0,0,0,0,0,0,0,45466
1,1,1,1,518,-2397,75,3,-2,9,-42,62,183,0,0,0,0,0,0,0,0,0,0,0,0,0,0,0,0,0,0,0,0,0,0,45476
1,1,1,1,535,-2393,81,7,-2,9,-43,64,186,0,0,0,0,0,0,0,0,0,0,0,0,0,0,0,0,0,0,0,0,0,0,45486
1,1,1,1,544,-2387,74,9,-10,8,-43,64,186,0,0,0,0,0,0,0,0,0,0,0,0,0,0,0,0,0,0,0,0,0,0,45496
1,1,1,1,545,-2392,87,12,-12,10,-44,61,185,0,0,0,0,0,0,0,0,0,0,0,0,0,0,0,0,0,0,0,0,0,0,45506
1,1,1,1,539,-2396,89,11,-15,15,-45,63,185,0,0,0,0,0,0,0,0,0,0,0,0,0,0,0,0,0,0,0,0,0,0,45516
1,1,1,1,533,-2399,91,4,-11,14,-42,61,184,0,0,0,0,0,0,0,0,0,0,0,0,0,0,0,0,0,0,0,0,0,0,45526
1,1,1,1,545,-2389,98,9,-11,15,-40,59,187,0,0,0,0,0,0,0,0,0,0,0,0,0,0,0,0,0,0,0,0,0,0,45536
1,1,1,1,538,-2402,97,-2,-5,14,-42,61,185,0,0,0,0,0,0,0,0,0,0,0,0,0,0,0,0,0,0,0,0,0,0,45546
1,1,1,1,535,-2410,92,-6,-2,7,-42,61,186,0,0,0,0,0,0,0,0,0,0,0,0,0,0,0,0,0,0,0,0,0,0,45556
1,1,1,1,527,-2398,95,-3,3,10,-42,60,185,0,0,0,0,0,0,0,0,0,0,0,0,0,0,0,0,0,0,0,0,0,0,45566
1,1,1,1,529,-2405,106,-3,3,9,-41,60,183,0,0,0,0,0,0,0,0,0,0,0,0,0,0,0,0,0,0,0,0,0,0,45576
1,1,1,1,524,-2406,83,-1,7,5,-41,58,185,0,0,0,0,0,0,0,0,0,0,0,0,0,0,0,0,0,0,0,0,0,0,45586
1,1,1,1,539,-2403,94,0,5,6,-42,61,185,0,0,0,0,0,0,0,0,0,0,0,0,0,0,0,0,0,0,0,0,0,0,45596
1,1,1,1,533,-2397,70,12,5,1,-38,59,185,0,0,0,0,0,0,0,0,0,0,0,0,0,0,0,0,0,0,0,0,0,0,45606
1,1,1,1,547,-2388,85,23,3,0,-41,61,182,0,0,0,0,0,0,0,0,0,0,0,0,0,0,0,0,0,0,0,0,0,0,45616
1,1,1,1,552,-2393,104,9,3,8,-42,59,183,0,0,0,0,0,0,0,0,0,0,0,0,0,0,0,0,0,0,0,0,0,0,45626
1,1,1,1,541,-2400,83,-3,0,10,-43,62,181,0,0,0,0,0,0,0,0,0,0,0,0,0,0,0,0,0,0,0,0,0,0,45636
1,1,1,1,543,-2386,87,7,-2,10,-42,60,182,0,0,0,0,0,0,0,0,0,0,0,0,0,0,0,0,0,0,0,0,0,0,45646
1,1,1,1,544,-2395,106,-1,-10,13,-44,62,184,0,0,0,0,0,0,0,0,0,0,0,0,0,0,0,0,0,0,0,0,0,0,45656
1,1,1,1,541,-2402,98,-6,-12,10,-41,61,187,0,0,0,0,0,0,0,0,0,0,0,0,0,0,0,0,0,0,0,0,0,0,45666
1,1,1,1,533,-2404,80,-2,-4,10,-43,61,183,0,0,0,0,0,0,0,0,0,0,0,0,0,0,0,0,0,0,0,0,0,0,45676
1,1,1,1,536,-2407,88,2,1,6,-40,59,185,0,0,0,0,0,0,0,0,0,0,0,0,0,0,0,0,0,0,0,0,0,0,45686
1,1,1,1,533,-2402,84,7,1,3,-44,62,184,0,0,0,0,0,0,0,0,0,0,0,0,0,0,0,0,0,0,0,0,0,0,45696
1,1,1,1,532,-2396,81,33,-1,3,-43,61,184,0,0,0,0,0,0,0,0,0,0,0,0,0,0,0,0,0,0,0,0,0,0,45706
1,1,1,1,527,-2406,84,28,8,-1,-43,60,185,0,0,0,0,0,0,0,0,0,0,0,0,0,0,0,0,0,0,0,0,0,0,45716
1,1,1,1,536,-2404,92,19,3,-2,-42,60,187,0,0,0,0,0,0,0,0,0,0,0,0,0,0,0,0,0,0,0,0,0,0,45726
1,1,1,1,533,-2401,81,11,4,1,-42,60,184,0,0,0,0,0,0,0,0,0,0,0,0,0,0,0,0,0,0,0,0,0,0,45736
1,1,1,1,556,-2396,102,8,1,8,-40,58,183,0,0,0,0,0,0,0,0,0,0,0,0,0,0,0,0,0,0,0,0,0,0,45746
1,1,1,1,552,-2405,103,-4,-4,15,-42,60,183,0,0,0,0,0,0,0,0,0,0,0,0,0,0,0,0,0,0,0,0,0,0,45756
1,1,1,1,558,-2394,102,0,1,21,-43,58,186,0,0,0,0,0,0,0,0,0,0,0,0,0,0,0,0,0,0,0,0,0,0,45766
1,1,1,1,550,-2400,93,4,7,24,-45,64,187,0,0,0,0,0,0,0,0,0,0,0,0,0,0,0,0,0,0,0,0,0,0,45776
1,1,1,1,541,-2391,102,13,6,21,-42,58,184,0,0,0,0,0,0,0,0,0,0,0,0,0,0,0,0,0,0,0,0,0,0,45786
1,1,1,1,530,-2395,95,17,5,16,-44,65,185,0,0,0,0,0,0,0,0,0,0,0,0,0,0,0,0,0,0,0,0,0,0,45796
1,1,1,1,527,-2392,105,10,8,13,-43,62,182,0,0,0,0,0,0,0,0,0,0,0,0,0,0,0,0,0,0,0,0,0,0,45806
1,1,1,1,528,-2397,104,-3,9,7,-42,58,183,0,0,0,0,0,0,0,0,0,0,0,0,0,0,0,0,0,0,0,0,0,0,45816
1,1,1,1,532,-2392,94,-8,9,6,-46,61,184,0,0,0,0,0,0,0,0,0,0,0,0,0,0,0,0,0,0,0,0,0,0,45826
1,1,1,1,536,-2385,98,-1,12,9,-43,62,186,0,0,0,0,0,0,0,0,0,0,0,0,0,0,0,0,0,0,0,0,0,0,45836
1,1,1,1,525,-2403,86,-5,9,6,-42,61,184,0,0,0,0,0,0,0,0,0,0,0,0,0,0,0,0,0,0,0,0,0,0,45846
1,1,1,1,534,-2391,88,-7,14,5,-43,61,184,0,0,0,0,0,0,0,0,0,0,0,0,0,0,0,0,0,0,0,0,0,0,45856
1,1,1,1,539,-2400,83,-9,3,3,-41,61,188,0,0,0,0,0,0,0,0,0,0,0,0,0,0,0,0,0,0,0,0,0,0,45866
1,1,1,1,535,-2392,84,1,9,3,-41,59,187,0,0,0,0,0,0,0,0,0,0,0,0,0,0,0,0,0,0,0,0,0,0,45876
1,1,1,1,540,-2400,93,7,15,2,-41,61,186,0,0,0,0,0,0,0,0,0,0,0,0,0,0,0,0,0,0,0,0,0,0,45886
1,1,1,1,544,-2406,95,-3,12,4,-44,61,184,0,0,0,0,0,0,0,0,0,0,0,0,0,0,0,0,0,0,0,0,0,0,45896
1,1,1,1,537,-2402,84,-2,15,5,-44,60,185,0,0,0,0,0,0,0,0,0,0,0,0,0,0,0,0,0,0,0,0,0,0,45906
1,1,1,1,540,-2400,93,-5,13,6,-45,61,188,0,0,0,0,0,0,0,0,0,0,0,0,0,0,0,0,0,0,0,0,0,0,45916
1,1,1,1,531,-2393,89,-8,18,10,-41,60,188,0,0,0,0,0,0,0,0,0,0,0,0,0,0,0,0,0,0,0,0,0,0,45926
1,1,1,1,531,-2392,81,-1,12,7,-42,60,184,0,0,0,0,0,0,0,0,0,0,0,0,0,0,0,0,0,0,0,0,0,0,45936
1,1,1,1,526,-2403,86,-7,14,7,-42,61,185,0,0,0,0,0,0,0,0,0,0,0,0,0,0,0,0,0,0,0,0,0,0,45946
1,1,1,1,538,-2399,87,-15,6,4,-42,61,184,0,0,0,0,0,0,0,0,0,0,0,0,0,0,0,0,0,0,0,0,0,0,45956
1,1,1,1,541,-2393,86,-6,12,4,-43,61,185,0,0,0,0,0,0,0,0,0,0,0,0,0,0,0,0,0,0,0,0,0,0,45966
1,1,1,1,544,-2395,84,5,13,2,-42,60,186,0,0,0,0,0,0,0,0,0,0,0,0,0,0,0,0,0,0,0,0,0,0,45976
1,1,1,1,550,-2395,94,1,2,1,-44,59,187,0,0,0,0,0,0,0,0,0,0,0,0,0,0,0,0,0,0,0,0,0,0,45986
1,1,1,1,538,-2399,84,-3,-5,0,-43,60,183,0,0,0,0,0,0,0,0,0,0,0,0,0,0,0,0,0,0,0,0,0,0,45996
1,1,1,1,534,-2395,83,2,7,6,-42,60,183,0,0,0,0,0,0,0,0,0,0,0,0,0,0,0,0,0,0,0,0,0,0,46006
1,1,1,1,544,-2407,91,-5,0,10,-41,60,182,0,0,0,0,0,0,0,0,0,0,0,0,0,0,0,0,0,0,0,0,0,0,46016
1,1,1,1,531,-2403,79,0,-4,4,-42,60,183,0,0,0,0,0,0,0,0,0,0,0,0,0,0,0,0,0,0,0,0,0,0,46026
1,1,1,1,534,-2400,89,1,0,5,-42,61,181,0,0,0,0,0,0,0,0,0,0,0,0,0,0,0,0,0,0,0,0,0,0,46036
1,1,1,1,533,-2403,90,9,2,6,-41,61,183,0,0,0,0,0,0,0,0,0,0,0,0,0,0,0,0,0,0,0,0,0,0,46046
1,1,1,1,532,-2406,91,5,5,6,-44,63,186,0,0,0,0,0,0,0,0,0,0,0,0,0,0,0,0,0,0,0,0,0,0,46056
1,1,1,1,535,-2411,96,-7,-1,5,-44,59,187,0,0,0,0,0,0,0,0,0,0,0,0,0,0,0,0,0,0,0,0,0,0,46066
1,1,1,1,533,-2407,82,-1,1,4,-43,59,183,0,0,0,0,0,0,0,0,0,0,0,0,0,0,0,0,0,0,0,0,0,0,46076
1,1,1,1,541,-2404,93,-3,8,6,-43,63,182,0,0,0,0,0,0,0,0,0,0,0,0,0,0,0,0,0,0,0,0,0,0,46086
1,1,1,1,537,-2408,84,-3,5,2,-41,57,183,0,0,0,0,0,0,0,0,0,0,0,0,0,0,0,0,0,0,0,0,0,0,46096
1,1,1,1,547,-2389,85,11,2,4,-44,60,186,0,0,0,0,0,0,0,0,0,0,0,0,0,0,0,0,0,0,0,0,0,0,46106
1,1,1,1,547,-2396,90,17,-8,3,-43,58,185,0,0,0,0,0,0,0,0,0,0,0,0,0,0,0,0,0,0,0,0,0,0,46116
1,1,1,1,544,-2391,92,25,-2,8,-44,60,184,0,0,0,0,0,0,0,0,0,0,0,0,0,0,0,0,0,0,0,0,0,0,46126
1,1,1,1,528,-2416,89,16,-6,8,-44,60,185,0,0,0,0,0,0,0,0,0,0,0,0,0,0,0,0,0,0,0,0,0,0,46136
1,1,1,1,530,-2410,91,11,-6,9,-43,62,186,0,0,0,0,0,0,0,0,0,0,0,0,0,0,0,0,0,0,0,0,0,0,46146
1,1,1,1,535,-2411,89,5,10,11,-43,61,183,0,0,0,0,0,0,0,0,0,0,0,0,0,0,0,0,0,0,0,0,0,0,46156
1,1,1,1,538,-2410,85,-4,17,13,-44,62,185,0,0,0,0,0,0,0,0,0,0,0,0,0,0,0,0,0,0,0,0,0,0,46166
1,1,1,1,529,-2400,83,-8,10,7,-41,61,184,0,0,0,0,0,0,0,0,0,0,0,0,0,0,0,0,0,0,0,0,0,0,46176
1,1,1,1,539,-2385,99,-6,11,10,-42,61,183,0,0,0,0,0,0,0,0,0,0,0,0,0,0,0,0,0,0,0,0,0,0,46186
1,1,1,1,524,-2393,89,1,16,12,-43,61,184,0,0,0,0,0,0,0,0,0,0,0,0,0,0,0,0,0,0,0,0,0,0,46196
1,1,1,1,523,-2387,81,10,6,5,-44,61,182,0,0,0,0,0,0,0,0,0,0,0,0,0,0,0,0,0,0,0,0,0,0,46206
1,1,1,1,524,-2396,77,12,4,1,-43,61,181,0,0,0,0,0,0,0,0,0,0,0,0,0,0,0,0,0,0,0,0,0,0,46216
1,1,1,1,527,-2393,70,15,5,2,-41,61,183,0,0,0,0,0,0,0,0,0,0,0,0,0,0,0,0,0,0,0,0,0,0,46226
1,1,1,1,538,-2395,81,7,-5,-2,-40,61,183,0,0,0,0,0,0,0,0,0,0,0,0,0,0,0,0,0,0,0,0,0,0,46236
1,1,1,1,544,-2387,86,5,-15,-5,-39,61,181,0,0,0,0,0,0,0,0,0,0,0,0,0,0,0,0,0,0,0,0,0,0,46246
1,1,1,1,541,-2395,75,3,-6,-4,-40,60,183,0,0,0,0,0,0,0,0,0,0,0,0,0,0,0,0,0,0,0,0,0,0,46256
1,1,1,1,541,-2395,75,8,3,-5,-38,61,181,0,0,0,0,0,0,0,0,0,0,0,0,0,0,0,0,0,0,0,0,0,0,46266
1,1,1,1,530,-2407,81,6,-3,-13,-37,60,180,0,0,0,0,0,0,0,0,0,0,0,0,0,0,0,0,0,0,0,0,0,0,46276
1,1,1,1,523,-2402,74,13,2,-17,-37,61,181,0,0,0,0,0,0,0,0,0,0,0,0,0,0,0,0,0,0,0,0,0,0,46286
1,1,1,1,523,-2403,73,27,29,-19,-38,61,178,0,0,0,0,0,0,0,0,0,0,0,0,0,0,0,0,0,0,0,0,0,0,46296
1,1,1,1,512,-2416,72,25,47,-31,-39,61,176,0,0,0,0,0,0,0,0,0,0,0,0,0,0,0,0,0,0,0,0,0,0,46306
1,1,1,1,502,-2428,69,13,87,-46,-39,61,176,0,0,0,0,0,0,0,0,0,0,0,0,0,0,0,0,0,0,0,0,0,0,46316
1,1,1,1,499,-2440,58,-26,139,-73,-35,61,173,0,0,0,0,0,0,0,0,0,0,0,0,0,0,0,0,0,0,0,0,0,0,46326
1,1,1,1,471,-2489,39,-94,201,-97,-35,59,163,0,0,0,0,0,0,0,0,0,0,0,0,0,0,0,0,0,0,0,0,0,0,46336
1,1,1,1,463,-2499,41,-210,314,-124,-35,61,155,0,0,0,0,0,0,0,0,0,0,0,0,0,0,0,0,0,0,0,0,0,0,46346
1,1,1,1,545,-2421,56,-237,362,-131,-37,59,143,0,0,0,0,0,0,0,0,0,0,0,0,0,0,0,0,0,0,0,0,0,0,46356
1,1,1,1,590,-2328,45,-129,341,-134,-34,57,136,0,0,0,0,0,0,0,0,0,0,0,0,0,0,0,0,0,0,0,0,0,0,46366
1,1,1,1,567,-2268,7,59,276,-148,-31,55,127,0,0,0,0,0,0,0,0,0,0,0,0,0,0,0,0,0,0,0,0,0,0,46376
1,1,1,1,533,-2244,17,251,223,-165,-27,51,118,0,0,0,0,0,0,0,0,0,0,0,0,0,0,0,0,0,0,0,0,0,0,46386
1,1,1,1,535,-2252,79,343,184,-176,-27,51,111,0,0,0,0,0,0,0,0,0,0,0,0,0,0,0,0,0,0,0,0,0,0,46396
1,1,1,1,489,-2309,67,392,169,-196,-30,58,110,0,0,0,0,0,0,0,0,0,0,0,0,0,0,0,0,0,0,0,0,0,0,46406
1,1,1,1,467,-2347,57,371,161,-206,-25,47,101,0,0,0,0,0,0,0,0,0,0,0,0,0,0,0,0,0,0,0,0,0,0,46416
1,1,1,1,485,-2408,104,212,182,-196,-26,51,96,0,0,0,0,0,0,0,0,0,0,0,0,0,0,0,0,0,0,0,0,0,0,46426
1,1,1,1,531,-2417,155,78,188,-190,-23,49,90,0,0,0,0,0,0,0,0,0,0,0,0,0,0,0,0,0,0,0,0,0,0,46436
1,1,1,1,560,-2441,135,12,193,-191,-19,45,82,0,0,0,0,0,0,0,0,0,0,0,0,0,0,0,0,0,0,0,0,0,0,46446
1,1,1,1,570,-2444,120,5,196,-199,-11,42,77,0,0,0,0,0,0,0,0,0,0,0,0,0,0,0,0,0,0,0,0,0,0,46456
1,1,1,1,585,-2430,137,64,185,-230,-11,42,70,0,0,0,0,0,0,0,0,0,0,0,0,0,0,0,0,0,0,0,0,0,0,46466
1,1,1,1,585,-2453,119,137,204,-286,-6,43,60,0,0,0,0,0,0,0,0,0,0,0,0,0,0,0,0,0,0,0,0,0,0,46476
1,1,1,1,568,-2431,83,189,231,-332,-7,38,60,0,0,0,0,0,0,0,0,0,0,0,0,0,0,0,0,0,0,0,0,0,0,46486
1,1,1,1,498,-2525,74,298,293,-491,-2,37,56,0,0,0,0,0,0,0,0,0,0,0,0,0,0,0,0,0,0,0,0,0,0,46496
1,1,1,1,501,-2495,225,317,241,-604,0,37,47,0,0,0,0,0,0,0,0,0,0,0,0,0,0,0,0,0,0,0,0,0,0,46506
1,1,1,1,609,-2395,414,226,93,-592,-2,36,45,0,0,0,0,0,0,0,0,0,0,0,0,0,0,0,0,0,0,0,0,0,0,46516
1,1,1,1,611,-2387,364,118,3,-550,-1,35,43,0,0,0,0,0,0,0,0,0,0,0,0,0,0,0,0,0,0,0,0,0,0,46526
1,1,1,1,582,-2386,261,41,-35,-507,1,34,43,0,0,0,0,0,0,0,0,0,0,0,0,0,0,0,0,0,0,0,0,0,0,46536
1,1,1,1,581,-2415,143,19,42,-509,4,33,41,0,0,0,0,0,0,0,0,0,0,0,0,0,0,0,0,0,0,0,0,0,0,46546
1,1,1,1,567,-2442,69,-17,150,-538,3,33,42,0,0,0,0,0,0,0,0,0,0,0,0,0,0,0,0,0,0,0,0,0,0,46556
1,1,1,1,597,-2403,20,14,264,-580,4,32,42,0,0,0,0,0,0,0,0,0,0,0,0,0,0,0,0,0,0,0,0,0,0,46566
1,1,1,1,625,-2353,5,94,326,-620,5,32,41,0,0,0,0,0,0,0,0,0,0,0,0,0,0,0,0,0,0,0,0,0,0,46576
1,1,1,1,667,-2293,-5,202,369,-640,-3,24,6,0,0,0,0,0,0,0,0,0,0,0,0,0,0,0,0,0,0,0,0,0,0,46586
1,1,1,1,709,-1868,-26,87,450,-228,4,25,35,0,0,0,0,0,0,0,0,0,0,0,0,0,0,0,0,0,0,0,0,0,0,46596
1,1,1,1,850,-2238,-84,197,705,-294,3,24,36,0,0,0,0,0,0,0,0,0,0,0,0,0,0,0,0,0,0,0,0,0,0,46606
1,1,1,1,685,-2353,-13,12,938,-286,4,24,23,0,0,0,0,0,0,0,0,0,0,0,0,0,0,0,0,0,0,0,0,0,0,46616
1,1,1,1,736,-2199,140,-147,944,-95,5,25,20,0,0,0,0,0,0,0,0,0,0,0,0,0,0,0,0,0,0,0,0,0,0,46626
1,1,1,1,829,-2082,197,-60,895,31,4,25,23,0,0,0,0,0,0,0,0,0,0,0,0,0,0,0,0,0,0,0,0,0,0,46636
1,1,1,1,810,-2233,222,-28,825,71,6,25,24,0,0,0,0,0,0,0,0,0,0,0,0,0,0,0,0,0,0,0,0,0,0,46646
1,1,1,1,807,-2325,255,12,728,27,6,26,24,0,0,0,0,0,0,0,0,0,0,0,0,0,0,0,0,0,0,0,0,0,0,46656
1,1,1,1,792,-2329,286,86,588,-45,6,24,27,0,0,0,0,0,0,0,0,0,0,0,0,0,0,0,0,0,0,0,0,0,0,46666
1,1,1,1,797,-2327,312,163,449,-106,3,29,28,0,0,0,0,0,0,0,0,0,0,0,0,0,0,0,0,0,0,0,0,0,0,46676
1,1,1,1,765,-2365,311,184,330,-160,6,25,26,0,0,0,0,0,0,0,0,0,0,0,0,0,0,0,0,0,0,0,0,0,0,46686
1,1,1,1,722,-2400,300,164,277,-218,7,23,27,0,0,0,0,0,0,0,0,0,0,0,0,0,0,0,0,0,0,0,0,0,0,46696
1,1,1,1,672,-2424,283,95,295,-260,3,26,28,0,0,0,0,0,0,0,0,0,0,0,0,0,0,0,0,0,0,0,0,0,0,46706
1,1,1,1,662,-2395,266,23,337,-277,0,28,28,0,0,0,0,0,0,0,0,0,0,0,0,0,0,0,0,0,0,0,0,0,0,46716
1,1,1,1,666,-2329,270,-17,380,-241,3,23,23,0,0,0,0,0,0,0,0,0,0,0,0,0,0,0,0,0,0,0,0,0,0,46726
1,1,1,1,680,-2288,273,-46,394,-193,4,25,25,0,0,0,0,0,0,0,0,0,0,0,0,0,0,0,0,0,0,0,0,0,0,46736
1,1,1,1,700,-2281,270,-54,419,-147,5,24,24,0,0,0,0,0,0,0,0,0,0,0,0,0,0,0,0,0,0,0,0,0,0,46746
1,1,1,1,719,-2267,257,-15,426,-125,7,21,24,0,0,0,0,0,0,0,0,0,0,0,0,0,0,0,0,0,0,0,0,0,0,46756
1,1,1,1,725,-2267,249,56,416,-135,5,25,25,0,0,0,0,0,0,0,0,0,0,0,0,0,0,0,0,0,0,0,0,0,0,46766
1,1,1,1,733,-2281,247,99,393,-161,6,25,22,0,0,0,0,0,0,0,0,0,0,0,0,0,0,0,0,0,0,0,0,0,0,46776
1,1,1,1,713,-2314,246,101,397,-181,4,25,24,0,0,0,0,0,0,0,0,0,0,0,0,0,0,0,0,0,0,0,0,0,0,46786
1,1,1,1,695,-2343,227,92,429,-220,4,24,24,0,0,0,0,0,0,0,0,0,0,0,0,0,0,0,0,0,0,0,0,0,0,46796
1,1,1,1,650,-2349,220,90,480,-262,4,24,27,0,0,0,0,0,0,0,0,0,0,0,0,0,0,0,0,0,0,0,0,0,0,46806
1,1,1,1,633,-2370,217,95,532,-322,5,25,25,0,0,0,0,0,0,0,0,0,0,0,0,0,0,0,0,0,0,0,0,0,0,46816
1,1,1,1,657,-2316,274,128,513,-372,5,26,25,0,0,0,0,0,0,0,0,0,0,0,0,0,0,0,0,0,0,0,0,0,0,46826
1,1,1,1,722,-2231,368,171,445,-366,8,26,21,0,0,0,0,0,0,0,0,0,0,0,0,0,0,0,0,0,0,0,0,0,0,46836
1,1,1,1,757,-2188,418,213,335,-316,11,26,22,0,0,0,0,0,0,0,0,0,0,0,0,0,0,0,0,0,0,0,0,0,0,46846
1,1,1,1,741,-2230,372,287,242,-318,11,27,21,0,0,0,0,0,0,0,0,0,0,0,0,0,0,0,0,0,0,0,0,0,0,46856
1,1,1,1,700,-2301,299,354,221,-387,11,26,17,0,0,0,0,0,0,0,0,0,0,0,0,0,0,0,0,0,0,0,0,0,0,46866
1,1,1,1,696,-2307,259,403,255,-465,11,27,18,0,0,0,0,0,0,0,0,0,0,0,0,0,0,0,0,0,0,0,0,0,0,46876
1,1,1,1,721,-2251,292,404,303,-480,12,27,19,0,0,0,0,0,0,0,0,0,0,0,0,0,0,0,0,0,0,0,0,0,0,46886
1,1,1,1,709,-2248,310,375,352,-471,11,28,19,0,0,0,0,0,0,0,0,0,0,0,0,0,0,0,0,0,0,0,0,0,0,46896
1,1,1,1,739,-2272,360,328,405,-469,11,29,20,0,0,0,0,0,0,0,0,0,0,0,0,0,0,0,0,0,0,0,0,0,0,46906
1,1,1,1,738,-2253,403,291,412,-478,10,20,23,0,0,0,0,0,0,0,0,0,0,0,0,0,0,0,0,0,0,0,0,0,0,46916
1,1,1,1,733,-2263,348,303,422,-507,13,32,18,0,0,0,0,0,0,0,0,0,0,0,0,0,0,0,0,0,0,0,0,0,0,46926
1,1,1,1,749,-2095,461,266,347,-415,15,26,15,0,0,0,0,0,0,0,0,0,0,0,0,0,0,0,0,0,0,0,0,0,0,46936
1,1,1,1,819,-2076,405,235,327,-256,16,28,14,0,0,0,0,0,0,0,0,0,0,0,0,0,0,0,0,0,0,0,0,0,0,46946
1,1,1,1,768,-2298,335,270,429,-339,16,31,20,0,0,0,0,0,0,0,0,0,0,0,0,0,0,0,0,0,0,0,0,0,0,46956
1,1,1,1,705,-2294,377,256,507,-435,16,32,19,0,0,0,0,0,0,0,0,0,0,0,0,0,0,0,0,0,0,0,0,0,0,46966
1,1,1,1,772,-2151,425,237,521,-412,16,35,16,0,0,0,0,0,0,0,0,0,0,0,0,0,0,0,0,0,0,0,0,0,0,46976
1,1,1,1,786,-2110,451,242,503,-335,19,33,19,0,0,0,0,0,0,0,0,0,0,0,0,0,0,0,0,0,0,0,0,0,0,46986
1,1,1,1,804,-2174,454,283,489,-331,20,34,13,0,0,0,0,0,0,0,0,0,0,0,0,0,0,0,0,0,0,0,0,0,0,46996
1,1,1,1,801,-2164,465,340,458,-352,20,33,11,0,0,0,0,0,0,0,0,0,0,0,0,0,0,0,0,0,0,0,0,0,0,47006
1,1,1,1,813,-2167,481,399,404,-387,18,37,16,0,0,0,0,0,0,0,0,0,0,0,0,0,0,0,0,0,0,0,0,0,0,47016
1,1,1,1,856,-2173,547,384,369,-380,13,40,14,0,0,0,0,0,0,0,0,0,0,0,0,0,0,0,0,0,0,0,0,0,0,47026
1,1,1,1,879,-2147,605,285,329,-322,18,34,13,0,0,0,0,0,0,0,0,0,0,0,0,0,0,0,0,0,0,0,0,0,0,47036
1,1,1,1,821,-2172,582,145,345,-238,16,37,15,0,0,0,0,0,0,0,0,0,0,0,0,0,0,0,0,0,0,0,0,0,0,47046
1,1,1,1,779,-2197,494,32,411,-175,18,38,19,0,0,0,0,0,0,0,0,0,0,0,0,0,0,0,0,0,0,0,0,0,0,47056
1,1,1,1,776,-2183,454,26,471,-146,19,41,17,0,0,0,0,0,0,0,0,0,0,0,0,0,0,0,0,0,0,0,0,0,0,47066
1,1,1,1,784,-2185,450,94,477,-151,22,39,19,0,0,0,0,0,0,0,0,0,0,0,0,0,0,0,0,0,0,0,0,0,0,47076
1,1,1,1,797,-2174,482,172,446,-179,25,40,17,0,0,0,0,0,0,0,0,0,0,0,0,0,0,0,0,0,0,0,0,0,0,47086
1,1,1,1,853,-2119,541,305,367,-224,24,40,15,0,0,0,0,0,0,0,0,0,0,0,0,0,0,0,0,0,0,0,0,0,0,47096
1,1,1,1,892,-2106,600,326,276,-199,20,40,20,0,0,0,0,0,0,0,0,0,0,0,0,0,0,0,0,0,0,0,0,0,0,47106
1,1,1,1,858,-2098,643,221,241,-102,19,39,20,0,0,0,0,0,0,0,0,0,0,0,0,0,0,0,0,0,0,0,0,0,0,47116
1,1,1,1,838,-2103,621,129,208,-15,18,39,20,0,0,0,0,0,0,0,0,0,0,0,0,0,0,0,0,0,0,0,0,0,0,47126
1,1,1,1,769,-2142,560,89,180,32,17,39,28,0,0,0,0,0,0,0,0,0,0,0,0,0,0,0,0,0,0,0,0,0,0,47136
1,1,1,1,677,-2199,480,111,217,-7,18,39,30,0,0,0,0,0,0,0,0,0,0,0,0,0,0,0,0,0,0,0,0,0,0,47146
1,1,1,1,658,-2209,452,71,249,-7,16,41,33,0,0,0,0,0,0,0,0,0,0,0,0,0,0,0,0,0,0,0,0,0,0,47156
1,1,1,1,656,-2162,442,73,314,-23,14,42,33,0,0,0,0,0,0,0,0,0,0,0,0,0,0,0,0,0,0,0,0,0,0,47166
1,1,1,1,722,-2024,512,27,308,118,15,43,39,0,0,0,0,0,0,0,0,0,0,0,0,0,0,0,0,0,0,0,0,0,0,47176
1,1,1,1,790,-2013,534,53,287,238,12,46,43,0,0,0,0,0,0,0,0,0,0,0,0,0,0,0,0,0,0,0,0,0,0,47186
1,1,1,1,833,-1997,594,95,225,328,10,48,48,0,0,0,0,0,0,0,0,0,0,0,0,0,0,0,0,0,0,0,0,0,0,47196
1,1,1,1,787,-2061,662,61,101,439,9,50,64,0,0,0,0,0,0,0,0,0,0,0,0,0,0,0,0,0,0,0,0,0,0,47206
1,1,1,1,697,-2269,531,98,46,344,5,51,75,0,0,0,0,0,0,0,0,0,0,0,0,0,0,0,0,0,0,0,0,0,0,47216
1,1,1,1,456,-2390,408,116,115,161,1,53,81,0,0,0,0,0,0,0,0,0,0,0,0,0,0,0,0,0,0,0,0,0,0,47226
1,1,1,1,451,-2276,487,1,93,162,2,53,85,0,0,0,0,0,0,0,0,0,0,0,0,0,0,0,0,0,0,0,0,0,0,47236
1,1,1,1,541,-2212,509,3,69,165,-1,54,88,0,0,0,0,0,0,0,0,0,0,0,0,0,0,0,0,0,0,0,0,0,0,47246
1,1,1,1,536,-2248,459,51,57,105,-1,54,91,0,0,0,0,0,0,0,0,0,0,0,0,0,0,0,0,0,0,0,0,0,0,47256
1,1,1,1,577,-2191,478,99,-8,74,-5,54,95,0,0,0,0,0,0,0,0,0,0,0,0,0,0,0,0,0,0,0,0,0,0,47266
1,1,1,1,672,-2146,542,87,-78,90,-11,54,98,0,0,0,0,0,0,0,0,0,0,0,0,0,0,0,0,0,0,0,0,0,0,47276
1,1,1,1,670,-2179,562,21,-113,115,-14,53,102,0,0,0,0,0,0,0,0,0,0,0,0,0,0,0,0,0,0,0,0,0,0,47286
1,1,1,1,618,-2243,584,-84,-140,107,-15,54,105,0,0,0,0,0,0,0,0,0,0,0,0,0,0,0,0,0,0,0,0,0,0,47296
1,1,1,1,634,-2227,602,-181,-152,87,-16,55,108,0,0,0,0,0,0,0,0,0,0,0,0,0,0,0,0,0,0,0,0,0,0,47306
1,1,1,1,668,-2156,583,-157,-172,59,-19,57,111,0,0,0,0,0,0,0,0,0,0,0,0,0,0,0,0,0,0,0,0,0,0,47316
1,1,1,1,745,-2078,545,-54,-176,45,-17,53,118,0,0,0,0,0,0,0,0,0,0,0,0,0,0,0,0,0,0,0,0,0,0,47326
1,1,1,1,788,-2082,548,59,-155,48,-22,54,125,0,0,0,0,0,0,0,0,0,0,0,0,0,0,0,0,0,0,0,0,0,0,47336
1,1,1,1,758,-2158,494,82,-93,22,-23,54,130,0,0,0,0,0,0,0,0,0,0,0,0,0,0,0,0,0,0,0,0,0,0,47346
1,1,1,1,756,-2126,482,71,-35,22,-23,55,130,0,0,0,0,0,0,0,0,0,0,0,0,0,0,0,0,0,0,0,0,0,0,47356
1,1,1,1,787,-2103,534,96,-42,27,-25,57,138,0,0,0,0,0,0,0,0,0,0,0,0,0,0,0,0,0,0,0,0,0,0,47366
1,1,1,1,751,-2167,490,114,-31,-7,-25,57,136,0,0,0,0,0,0,0,0,0,0,0,0,0,0,0,0,0,0,0,0,0,0,47376
1,1,1,1,720,-2163,491,69,-14,-3,-28,59,141,0,0,0,0,0,0,0,0,0,0,0,0,0,0,0,0,0,0,0,0,0,0,47386
1,1,1,1,749,-2175,567,21,-34,11,-28,58,144,0,0,0,0,0,0,0,0,0,0,0,0,0,0,0,0,0,0,0,0,0,0,47396
1,1,1,1,731,-2239,551,-51,-38,9,-31,58,149,0,0,0,0,0,0,0,0,0,0,0,0,0,0,0,0,0,0,0,0,0,0,47406
1,1,1,1,707,-2206,531,-128,12,18,-31,59,151,0,0,0,0,0,0,0,0,0,0,0,0,0,0,0,0,0,0,0,0,0,0,47416
1,1,1,1,746,-2198,617,-189,-14,51,-34,60,151,0,0,0,0,0,0,0,0,0,0,0,0,0,0,0,0,0,0,0,0,0,0,47426
1,1,1,1,720,-2254,505,-191,16,13,-32,60,152,0,0,0,0,0,0,0,0,0,0,0,0,0,0,0,0,0,0,0,0,0,0,47436
1,1,1,1,737,-2154,518,-137,35,16,-31,59,157,0,0,0,0,0,0,0,0,0,0,0,0,0,0,0,0,0,0,0,0,0,0,47446
1,1,1,1,763,-2156,506,-45,19,3,-32,61,159,0,0,0,0,0,0,0,0,0,0,0,0,0,0,0,0,0,0,0,0,0,0,47456
1,1,1,1,754,-2153,519,-4,13,13,-34,62,165,0,0,0,0,0,0,0,0,0,0,0,0,0,0,0,0,0,0,0,0,0,0,47466
1,1,1,1,741,-2162,525,4,1,24,-35,62,166,0,0,0,0,0,0,0,0,0,0,0,0,0,0,0,0,0,0,0,0,0,0,47476
1,1,1,1,718,-2171,505,-3,-7,33,-35,63,168,0,0,0,0,0,0,0,0,0,0,0,0,0,0,0,0,0,0,0,0,0,0,47486
1,1,1,1,743,-2170,545,-25,-18,44,-37,63,171,0,0,0,0,0,0,0,0,0,0,0,0,0,0,0,0,0,0,0,0,0,0,47496
1,1,1,1,718,-2225,557,-85,-21,32,-36,64,174,0,0,0,0,0,0,0,0,0,0,0,0,0,0,0,0,0,0,0,0,0,0,47506
1,1,1,1,712,-2228,554,-122,-21,34,-38,64,176,0,0,0,0,0,0,0,0,0,0,0,0,0,0,0,0,0,0,0,0,0,0,47516
1,1,1,1,742,-2176,557,-132,-7,44,-37,65,177,0,0,0,0,0,0,0,0,0,0,0,0,0,0,0,0,0,0,0,0,0,0,47526
1,1,1,1,731,-2188,549,-119,7,45,-37,66,182,0,0,0,0,0,0,0,0,0,0,0,0,0,0,0,0,0,0,0,0,0,0,47536
1,1,1,1,733,-2163,540,-87,8,48,-34,66,183,0,0,0,0,0,0,0,0,0,0,0,0,0,0,0,0,0,0,0,0,0,0,47546
1,1,1,1,709,-2199,520,-50,5,36,-38,68,182,0,0,0,0,0,0,0,0,0,0,0,0,0,0,0,0,0,0,0,0,0,0,47556
1,1,1,1,685,-2211,499,-26,9,16,-39,68,182,0,0,0,0,0,0,0,0,0,0,0,0,0,0,0,0,0,0,0,0,0,0,47566
1,1,1,1,701,-2176,488,2,2,13,-37,64,181,0,0,0,0,0,0,0,0,0,0,0,0,0,0,0,0,0,0,0,0,0,0,47576
1,1,1,1,724,-2167,486,-2,-6,20,-41,66,184,0,0,0,0,0,0,0,0,0,0,0,0,0,0,0,0,0,0,0,0,0,0,47586
1,1,1,1,740,-2165,518,-40,-34,34,-40,67,186,0,0,0,0,0,0,0,0,0,0,0,0,0,0,0,0,0,0,0,0,0,0,47596
1,1,1,1,714,-2185,492,-61,-34,31,-42,71,190,0,0,0,0,0,0,0,0,0,0,0,0,0,0,0,0,0,0,0,0,0,0,47606
1,1,1,1,724,-2163,494,-47,-34,25,-43,71,187,0,0,0,0,0,0,0,0,0,0,0,0,0,0,0,0,0,0,0,0,0,0,47616
1,1,1,1,716,-2183,508,-30,-38,16,-45,75,192,0,0,0,0,0,0,0,0,0,0,0,0,0,0,0,0,0,0,0,0,0,0,47626
1,1,1,1,725,-2183,510,-32,-30,18,-43,72,194,0,0,0,0,0,0,0,0,0,0,0,0,0,0,0,0,0,0,0,0,0,0,47636
1,1,1,1,731,-2168,513,0,-25,24,-41,69,191,0,0,0,0,0,0,0,0,0,0,0,0,0,0,0,0,0,0,0,0,0,0,47646
1,1,1,1,746,-2152,513,44,-30,26,-41,68,192,0,0,0,0,0,0,0,0,0,0,0,0,0,0,0,0,0,0,0,0,0,0,47656
1,1,1,1,734,-2170,515,68,-29,24,-41,70,197,0,0,0,0,0,0,0,0,0,0,0,0,0,0,0,0,0,0,0,0,0,0,47666
1,1,1,1,727,-2176,516,80,-22,19,-42,71,198,0,0,0,0,0,0,0,0,0,0,0,0,0,0,0,0,0,0,0,0,0,0,47676
1,1,1,1,710,-2183,522,71,-40,11,-41,70,198,0,0,0,0,0,0,0,0,0,0,0,0,0,0,0,0,0,0,0,0,0,0,47686
1,1,1,1,692,-2184,513,56,-42,12,-41,70,197,0,0,0,0,0,0,0,0,0,0,0,0,0,0,0,0,0,0,0,0,0,0,47696
1,1,1,1,699,-2186,527,39,-45,12,-40,70,202,0,0,0,0,0,0,0,0,0,0,0,0,0,0,0,0,0,0,0,0,0,0,47706
1,1,1,1,698,-2186,521,28,-49,8,-42,69,203,0,0,0,0,0,0,0,0,0,0,0,0,0,0,0,0,0,0,0,0,0,0,47716
1,1,1,1,715,-2181,511,28,-47,7,-45,71,204,0,0,0,0,0,0,0,0,0,0,0,0,0,0,0,0,0,0,0,0,0,0,47726
1,1,1,1,727,-2183,517,44,-51,1,-44,71,204,0,0,0,0,0,0,0,0,0,0,0,0,0,0,0,0,0,0,0,0,0,0,47736
1,1,1,1,719,-2201,513,48,-48,-9,-43,71,203,0,0,0,0,0,0,0,0,0,0,0,0,0,0,0,0,0,0,0,0,0,0,47746
1,1,1,1,735,-2168,531,45,-45,-3,-44,73,203,0,0,0,0,0,0,0,0,0,0,0,0,0,0,0,0,0,0,0,0,0,0,47756
1,1,1,1,729,-2171,528,58,-35,0,-43,72,204,0,0,0,0,0,0,0,0,0,0,0,0,0,0,0,0,0,0,0,0,0,0,47766
1,1,1,1,721,-2166,520,71,-35,2,-43,72,199,0,0,0,0,0,0,0,0,0,0,0,0,0,0,0,0,0,0,0,0,0,0,47776
1,1,1,1,734,-2159,522,82,-29,1,-42,71,206,0,0,0,0,0,0,0,0,0,0,0,0,0,0,0,0,0,0,0,0,0,0,47786
1,1,1,1,732,-2155,515,91,-30,0,-42,71,205,0,0,0,0,0,0,0,0,0,0,0,0,0,0,0,0,0,0,0,0,0,0,47796
1,1,1,1,737,-2158,514,82,-19,2,-45,73,205,0,0,0,0,0,0,0,0,0,0,0,0,0,0,0,0,0,0,0,0,0,0,47806
1,1,1,1,741,-2173,531,59,-12,-4,-45,72,207,0,0,0,0,0,0,0,0,0,0,0,0,0,0,0,0,0,0,0,0,0,0,47816
1,1,1,1,728,-2184,524,39,-8,-13,-44,72,206,0,0,0,0,0,0,0,0,0,0,0,0,0,0,0,0,0,0,0,0,0,0,47826
1,1,1,1,736,-2171,523,40,-7,-15,-41,72,205,0,0,0,0,0,0,0,0,0,0,0,0,0,0,0,0,0,0,0,0,0,0,47836
1,1,1,1,736,-2176,512,54,-2,-13,-42,73,207,0,0,0,0,0,0,0,0,0,0,0,0,0,0,0,0,0,0,0,0,0,0,47846
1,1,1,1,737,-2183,523,66,-8,-10,-42,73,206,0,0,0,0,0,0,0,0,0,0,0,0,0,0,0,0,0,0,0,0,0,0,47856
1,1,1,1,734,-2170,536,73,-19,-8,-40,73,206,0,0,0,0,0,0,0,0,0,0,0,0,0,0,0,0,0,0,0,0,0,0,47866
1,1,1,1,729,-2179,546,84,-15,1,-44,73,204,0,0,0,0,0,0,0,0,0,0,0,0,0,0,0,0,0,0,0,0,0,0,47876
1,1,1,1,725,-2173,552,90,-4,5,-42,72,201,0,0,0,0,0,0,0,0,0,0,0,0,0,0,0,0,0,0,0,0,0,0,47886
1,1,1,1,721,-2171,551,78,-7,6,-43,72,204,0,0,0,0,0,0,0,0,0,0,0,0,0,0,0,0,0,0,0,0,0,0,47896
1,1,1,1,730,-2177,552,69,4,8,-42,73,203,0,0,0,0,0,0,0,0,0,0,0,0,0,0,0,0,0,0,0,0,0,0,47906
1,1,1,1,736,-2171,548,55,-3,4,-43,71,202,0,0,0,0,0,0,0,0,0,0,0,0,0,0,0,0,0,0,0,0,0,0,47916
1,1,1,1,739,-2174,547,45,5,2,-46,73,201,0,0,0,0,0,0,0,0,0,0,0,0,0,0,0,0,0,0,0,0,0,0,47926
1,1,1,1,743,-2165,542,37,9,8,-46,72,201,0,0,0,0,0,0,0,0,0,0,0,0,0,0,0,0,0,0,0,0,0,0,47936
1,1,1,1,738,-2175,544,30,3,13,-43,73,202,0,0,0,0,0,0,0,0,0,0,0,0,0,0,0,0,0,0,0,0,0,0,47946
1,1,1,1,735,-2171,545,22,0,21,-43,74,203,0,0,0,0,0,0,0,0,0,0,0,0,0,0,0,0,0,0,0,0,0,0,47956
1,1,1,1,743,-2162,557,30,-16,24,-43,73,204,0,0,0,0,0,0,0,0,0,0,0,0,0,0,0,0,0,0,0,0,0,0,47966
1,1,1,1,715,-2168,533,33,-7,29,-42,74,202,0,0,0,0,0,0,0,0,0,0,0,0,0,0,0,0,0,0,0,0,0,0,47976
1,1,1,1,708,-2164,548,44,-3,28,-41,73,202,0,0,0,0,0,0,0,0,0,0,0,0,0,0,0,0,0,0,0,0,0,0,47986
1,1,1,1,713,-2179,553,33,-1,24,-41,72,200,0,0,0,0,0,0,0,0,0,0,0,0,0,0,0,0,0,0,0,0,0,0,47996
1,1,1,1,717,-2172,545,31,8,22,-41,72,203,0,0,0,0,0,0,0,0,0,0,0,0,0,0,0,0,0,0,0,0,0,0,48006
1,1,1,1,730,-2154,544,50,14,11,-42,73,202,0,0,0,0,0,0,0,0,0,0,0,0,0,0,0,0,0,0,0,0,0,0,48016
1,1,1,1,747,-2150,549,47,19,7,-43,73,202,0,0,0,0,0,0,0,0,0,0,0,0,0,0,0,0,0,0,0,0,0,0,48026
1,1,1,1,752,-2156,549,24,34,9,-41,73,199,0,0,0,0,0,0,0,0,0,0,0,0,0,0,0,0,0,0,0,0,0,0,48036
1,1,1,1,747,-2148,560,6,32,12,-38,73,198,0,0,0,0,0,0,0,0,0,0,0,0,0,0,0,0,0,0,0,0,0,0,48046
1,1,1,1,732,-2146,564,-7,44,24,-40,73,196,0,0,0,0,0,0,0,0,0,0,0,0,0,0,0,0,0,0,0,0,0,0,48056
1,1,1,1,716,-2157,564,-19,42,29,-39,73,194,0,0,0,0,0,0,0,0,0,0,0,0,0,0,0,0,0,0,0,0,0,0,48066
1,1,1,1,703,-2160,550,-8,53,32,-38,73,194,0,0,0,0,0,0,0,0,0,0,0,0,0,0,0,0,0,0,0,0,0,0,48076
1,1,1,1,699,-2166,551,-9,46,24,-39,72,193,0,0,0,0,0,0,0,0,0,0,0,0,0,0,0,0,0,0,0,0,0,0,48086
1,1,1,1,684,-2174,548,-15,49,18,-40,72,195,0,0,0,0,0,0,0,0,0,0,0,0,0,0,0,0,0,0,0,0,0,0,48096
1,1,1,1,697,-2154,542,-1,42,18,-40,72,196,0,0,0,0,0,0,0,0,0,0,0,0,0,0,0,0,0,0,0,0,0,0,48106
1,1,1,1,706,-2155,540,11,29,19,-41,72,196,0,0,0,0,0,0,0,0,0,0,0,0,0,0,0,0,0,0,0,0,0,0,48116
1,1,1,1,707,-2160,542,12,26,22,-41,72,193,0,0,0,0,0,0,0,0,0,0,0,0,0,0,0,0,0,0,0,0,0,0,48126
1,1,1,1,718,-2151,540,24,17,22,-40,72,194,0,0,0,0,0,0,0,0,0,0,0,0,0,0,0,0,0,0,0,0,0,0,48136
1,1,1,1,718,-2150,529,48,8,23,-38,72,194,0,0,0,0,0,0,0,0,0,0,0,0,0,0,0,0,0,0,0,0,0,0,48146
1,1,1,1,714,-2165,540,46,4,25,-40,73,195,0,0,0,0,0,0,0,0,0,0,0,0,0,0,0,0,0,0,0,0,0,0,48156
1,1,1,1,714,-2179,557,19,3,25,-40,72,194,0,0,0,0,0,0,0,0,0,0,0,0,0,0,0,0,0,0,0,0,0,0,48166
1,1,1,1,709,-2178,562,-8,9,28,-41,72,194,0,0,0,0,0,0,0,0,0,0,0,0,0,0,0,0,0,0,0,0,0,0,48176
1,1,1,1,713,-2176,560,-51,14,28,-41,74,192,0,0,0,0,0,0,0,0,0,0,0,0,0,0,0,0,0,0,0,0,0,0,48196
1,1,1,1,714,-2166,547,-51,12,26,-42,76,197,0,0,0,0,0,0,0,0,0,0,0,0,0,0,0,0,0,0,0,0,0,0,48206
1,1,1,1,712,-2162,538,-22,22,22,-39,70,194,0,0,0,0,0,0,0,0,0,0,0,0,0,0,0,0,0,0,0,0,0,0,48216
1,1,1,1,704,-2169,539,-2,18,18,-41,73,193,0,0,0,0,0,0,0,0,0,0,0,0,0,0,0,0,0,0,0,0,0,0,48226
1,1,1,1,705,-2168,539,1,4,11,-41,73,195,0,0,0,0,0,0,0,0,0,0,0,0,0,0,0,0,0,0,0,0,0,0,48236
1,1,1,1,704,-2170,537,4,15,9,-42,73,196,0,0,0,0,0,0,0,0,0,0,0,0,0,0,0,0,0,0,0,0,0,0,48246
1,1,1,1,715,-2173,540,-10,4,8,-40,72,198,0,0,0,0,0,0,0,0,0,0,0,0,0,0,0,0,0,0,0,0,0,0,48256
1,1,1,1,714,-2174,553,-36,0,13,-42,70,198,0,0,0,0,0,0,0,0,0,0,0,0,0,0,0,0,0,0,0,0,0,0,48266
1,1,1,1,709,-2185,561,-67,11,19,-40,71,196,0,0,0,0,0,0,0,0,0,0,0,0,0,0,0,0,0,0,0,0,0,0,48276
1,1,1,1,709,-2177,558,-103,3,22,-41,71,199,0,0,0,0,0,0,0,0,0,0,0,0,0,0,0,0,0,0,0,0,0,0,48286
1,1,1,1,707,-2172,540,-99,3,23,-39,72,200,0,0,0,0,0,0,0,0,0,0,0,0,0,0,0,0,0,0,0,0,0,0,48296
1,1,1,1,709,-2167,527,-85,9,23,-40,71,199,0,0,0,0,0,0,0,0,0,0,0,0,0,0,0,0,0,0,0,0,0,0,48306
1,1,1,1,718,-2162,512,-64,9,24,-39,72,200,0,0,0,0,0,0,0,0,0,0,0,0,0,0,0,0,0,0,0,0,0,0,48316
1,1,1,1,714,-2147,499,-22,6,17,-41,71,201,0,0,0,0,0,0,0,0,0,0,0,0,0,0,0,0,0,0,0,0,0,0,48326
1,1,1,1,715,-2160,499,22,0,4,-43,71,202,0,0,0,0,0,0,0,0,0,0,0,0,0,0,0,0,0,0,0,0,0,0,48336
1,1,1,1,709,-2157,496,61,-6,-9,-42,72,199,0,0,0,0,0,0,0,0,0,0,0,0,0,0,0,0,0,0,0,0,0,0,48346
1,1,1,1,711,-2162,513,75,-17,-14,-40,72,197,0,0,0,0,0,0,0,0,0,0,0,0,0,0,0,0,0,0,0,0,0,0,48356
1,1,1,1,705,-2174,539,49,-9,-7,-42,71,193,0,0,0,0,0,0,0,0,0,0,0,0,0,0,0,0,0,0,0,0,0,0,48366
1,1,1,1,708,-2186,546,27,-11,2,-42,71,194,0,0,0,0,0,0,0,0,0,0,0,0,0,0,0,0,0,0,0,0,0,0,48376
1,1,1,1,707,-2190,561,-21,-19,10,-42,71,194,0,0,0,0,0,0,0,0,0,0,0,0,0,0,0,0,0,0,0,0,0,0,48386
1,1,1,1,711,-2188,570,-56,-11,22,-39,71,195,0,0,0,0,0,0,0,0,0,0,0,0,0,0,0,0,0,0,0,0,0,0,48396
1,1,1,1,700,-2188,559,-67,0,28,-42,70,196,0,0,0,0,0,0,0,0,0,0,0,0,0,0,0,0,0,0,0,0,0,0,48406
1,1,1,1,703,-2174,540,-50,1,30,-45,71,197,0,0,0,0,0,0,0,0,0,0,0,0,0,0,0,0,0,0,0,0,0,0,48416
1,1,1,1,708,-2167,528,-30,-3,28,-43,71,195,0,0,0,0,0,0,0,0,0,0,0,0,0,0,0,0,0,0,0,0,0,0,48426
1,1,1,1,707,-2169,516,-11,0,23,-42,71,197,0,0,0,0,0,0,0,0,0,0,0,0,0,0,0,0,0,0,0,0,0,0,48436
1,1,1,1,711,-2169,510,9,-7,14,-40,71,196,0,0,0,0,0,0,0,0,0,0,0,0,0,0,0,0,0,0,0,0,0,0,48446
1,1,1,1,714,-2162,510,23,-9,12,-41,71,196,0,0,0,0,0,0,0,0,0,0,0,0,0,0,0,0,0,0,0,0,0,0,48456
1,1,1,1,709,-2168,517,32,-13,10,-39,71,197,0,0,0,0,0,0,0,0,0,0,0,0,0,0,0,0,0,0,0,0,0,0,48466
1,1,1,1,712,-2165,519,42,-19,10,-41,71,202,0,0,0,0,0,0,0,0,0,0,0,0,0,0,0,0,0,0,0,0,0,0,48476
1,1,1,1,709,-2174,524,42,-18,10,-43,74,200,0,0,0,0,0,0,0,0,0,0,0,0,0,0,0,0,0,0,0,0,0,0,48486
1,1,1,1,720,-2175,540,32,-23,10,-42,71,201,0,0,0,0,0,0,0,0,0,0,0,0,0,0,0,0,0,0,0,0,0,0,48496
1,1,1,1,716,-2178,549,25,-16,7,-44,74,201,0,0,0,0,0,0,0,0,0,0,0,0,0,0,0,0,0,0,0,0,0,0,48506
1,1,1,1,714,-2176,551,28,-14,4,-40,72,196,0,0,0,0,0,0,0,0,0,0,0,0,0,0,0,0,0,0,0,0,0,0,48516
1,1,1,1,709,-2179,559,26,3,10,-42,71,199,0,0,0,0,0,0,0,0,0,0,0,0,0,0,0,0,0,0,0,0,0,0,48526
1,1,1,1,696,-2184,552,13,6,9,-43,72,196,0,0,0,0,0,0,0,0,0,0,0,0,0,0,0,0,0,0,0,0,0,0,48536
1,1,1,1,701,-2177,549,13,3,9,-42,72,199,0,0,0,0,0,0,0,0,0,0,0,0,0,0,0,0,0,0,0,0,0,0,48546
1,1,1,1,700,-2179,545,2,10,11,-44,73,199,0,0,0,0,0,0,0,0,0,0,0,0,0,0,0,0,0,0,0,0,0,0,48556
1,1,1,1,702,-2181,545,-11,10,6,-43,71,199,0,0,0,0,0,0,0,0,0,0,0,0,0,0,0,0,0,0,0,0,0,0,48566
1,1,1,1,701,-2185,539,-33,2,4,-42,72,201,0,0,0,0,0,0,0,0,0,0,0,0,0,0,0,0,0,0,0,0,0,0,48576
1,1,1,1,708,-2184,535,-54,-1,6,-42,73,199,0,0,0,0,0,0,0,0,0,0,0,0,0,0,0,0,0,0,0,0,0,0,48586
1,1,1,1,712,-2175,536,-51,2,6,-38,69,198,0,0,0,0,0,0,0,0,0,0,0,0,0,0,0,0,0,0,0,0,0,0,48596
1,1,1,1,708,-2161,527,-32,-2,8,-40,72,200,0,0,0,0,0,0,0,0,0,0,0,0,0,0,0,0,0,0,0,0,0,0,48606
1,1,1,1,709,-2166,527,-9,-1,10,-40,71,199,0,0,0,0,0,0,0,0,0,0,0,0,0,0,0,0,0,0,0,0,0,0,48616
1,1,1,1,714,-2168,528,-4,7,8,-41,72,203,0,0,0,0,0,0,0,0,0,0,0,0,0,0,0,0,0,0,0,0,0,0,48626
1,1,1,1,709,-2166,533,-5,4,8,-41,71,201,0,0,0,0,0,0,0,0,0,0,0,0,0,0,0,0,0,0,0,0,0,0,48636
1,1,1,1,712,-2159,530,5,9,3,-41,72,201,0,0,0,0,0,0,0,0,0,0,0,0,0,0,0,0,0,0,0,0,0,0,48646
1,1,1,1,702,-2164,526,7,16,0,-41,72,201,0,0,0,0,0,0,0,0,0,0,0,0,0,0,0,0,0,0,0,0,0,0,48656
1,1,1,1,708,-2165,527,3,2,-7,-40,71,201,0,0,0,0,0,0,0,0,0,0,0,0,0,0,0,0,0,0,0,0,0,0,48666
1,1,1,1,707,-2165,528,-6,-4,-11,-39,72,199,0,0,0,0,0,0,0,0,0,0,0,0,0,0,0,0,0,0,0,0,0,0,48676
1,1,1,1,704,-2172,524,-5,-3,-10,-41,71,203,0,0,0,0,0,0,0,0,0,0,0,0,0,0,0,0,0,0,0,0,0,0,48686
1,1,1,1,711,-2175,531,-5,-7,-12,-41,72,198,0,0,0,0,0,0,0,0,0,0,0,0,0,0,0,0,0,0,0,0,0,0,48696
1,1,1,1,714,-2166,529,5,-3,-9,-42,72,200,0,0,0,0,0,0,0,0,0,0,0,0,0,0,0,0,0,0,0,0,0,0,48706
1,1,1,1,711,-2183,542,13,-2,-12,-43,72,200,0,0,0,0,0,0,0,0,0,0,0,0,0,0,0,0,0,0,0,0,0,0,48716
1,1,1,1,712,-2182,543,17,5,-11,-42,73,198,0,0,0,0,0,0,0,0,0,0,0,0,0,0,0,0,0,0,0,0,0,0,48726
1,1,1,1,709,-2176,549,17,19,-1,-42,72,198,0,0,0,0,0,0,0,0,0,0,0,0,0,0,0,0,0,0,0,0,0,0,48736
1,1,1,1,706,-2191,559,-17,18,4,-41,73,198,0,0,0,0,0,0,0,0,0,0,0,0,0,0,0,0,0,0,0,0,0,0,48746
1,1,1,1,709,-2181,554,-26,30,6,-41,73,201,0,0,0,0,0,0,0,0,0,0,0,0,0,0,0,0,0,0,0,0,0,0,48756
1,1,1,1,725,-2173,545,-25,36,5,-41,72,198,0,0,0,0,0,0,0,0,0,0,0,0,0,0,0,0,0,0,0,0,0,0,48766
1,1,1,1,725,-2181,543,-48,29,8,-42,73,197,0,0,0,0,0,0,0,0,0,0,0,0,0,0,0,0,0,0,0,0,0,0,48776
1,1,1,1,728,-2173,533,-59,34,16,-43,73,198,0,0,0,0,0,0,0,0,0,0,0,0,0,0,0,0,0,0,0,0,0,0,48786
1,1,1,1,725,-2166,527,-45,25,16,-43,73,196,0,0,0,0,0,0,0,0,0,0,0,0,0,0,0,0,0,0,0,0,0,0,48796
1,1,1,1,726,-2168,524,-38,25,19,-44,73,197,0,0,0,0,0,0,0,0,0,0,0,0,0,0,0,0,0,0,0,0,0,0,48806
1,1,1,1,721,-2167,519,-27,20,21,-43,73,197,0,0,0,0,0,0,0,0,0,0,0,0,0,0,0,0,0,0,0,0,0,0,48816
1,1,1,1,714,-2178,515,-14,21,17,-43,72,197,0,0,0,0,0,0,0,0,0,0,0,0,0,0,0,0,0,0,0,0,0,0,48826
1,1,1,1,707,-2179,516,-13,16,12,-43,71,195,0,0,0,0,0,0,0,0,0,0,0,0,0,0,0,0,0,0,0,0,0,0,48836
1,1,1,1,706,-2174,524,-11,8,9,-43,73,193,0,0,0,0,0,0,0,0,0,0,0,0,0,0,0,0,0,0,0,0,0,0,48846
1,1,1,1,708,-2172,525,-3,7,7,-44,75,200,0,0,0,0,0,0,0,0,0,0,0,0,0,0,0,0,0,0,0,0,0,0,48856
1,1,1,1,704,-2172,537,-5,10,7,-42,71,198,0,0,0,0,0,0,0,0,0,0,0,0,0,0,0,0,0,0,0,0,0,0,48866
1,1,1,1,708,-2185,531,-15,11,3,-44,73,199,0,0,0,0,0,0,0,0,0,0,0,0,0,0,0,0,0,0,0,0,0,0,48876
1,1,1,1,706,-2165,531,-11,-1,5,-41,73,200,0,0,0,0,0,0,0,0,0,0,0,0,0,0,0,0,0,0,0,0,0,0,48886
1,1,1,1,709,-2171,532,-14,-6,9,-39,72,200,0,0,0,0,0,0,0,0,0,0,0,0,0,0,0,0,0,0,0,0,0,0,48896
1,1,1,1,706,-2172,523,-10,-6,13,-39,73,199,0,0,0,0,0,0,0,0,0,0,0,0,0,0,0,0,0,0,0,0,0,0,48906
1,1,1,1,709,-2177,529,-6,1,13,-41,72,197,0,0,0,0,0,0,0,0,0,0,0,0,0,0,0,0,0,0,0,0,0,0,48916
1,1,1,1,711,-2182,531,-5,1,14,-42,73,197,0,0,0,0,0,0,0,0,0,0,0,0,0,0,0,0,0,0,0,0,0,0,48926
1,1,1,1,708,-2176,519,-9,0,13,-42,73,197,0,0,0,0,0,0,0,0,0,0,0,0,0,0,0,0,0,0,0,0,0,0,48936
1,1,1,1,706,-2187,521,-4,9,9,-41,73,198,0,0,0,0,0,0,0,0,0,0,0,0,0,0,0,0,0,0,0,0,0,0,48946
1,1,1,1,714,-2171,518,2,11,7,-40,73,199,0,0,0,0,0,0,0,0,0,0,0,0,0,0,0,0,0,0,0,0,0,0,48956
1,1,1,1,715,-2164,516,5,14,7,-38,72,202,0,0,0,0,0,0,0,0,0,0,0,0,0,0,0,0,0,0,0,0,0,0,48966
1,1,1,1,715,-2167,522,1,9,5,-38,72,194,0,0,0,0,0,0,0,0,0,0,0,0,0,0,0,0,0,0,0,0,0,0,48976
1,1,1,1,721,-2161,534,-4,8,12,-38,73,193,0,0,0,0,0,0,0,0,0,0,0,0,0,0,0,0,0,0,0,0,0,0,48986
1,1,1,1,712,-2169,530,-17,14,21,-40,72,194,0,0,0,0,0,0,0,0,0,0,0,0,0,0,0,0,0,0,0,0,0,0,48996
1,1,1,1,707,-2167,532,-19,5,21,-42,72,193,0,0,0,0,0,0,0,0,0,0,0,0,0,0,0,0,0,0,0,0,0,0,49006
1,1,1,1,712,-2180,531,-20,-3,19,-42,72,195,0,0,0,0,0,0,0,0,0,0,0,0,0,0,0,0,0,0,0,0,0,0,49016
1,1,1,1,706,-2180,533,-18,0,22,-40,72,198,0,0,0,0,0,0,0,0,0,0,0,0,0,0,0,0,0,0,0,0,0,0,49026
1,1,1,1,700,-2196,531,-14,6,17,-42,72,196,0,0,0,0,0,0,0,0,0,0,0,0,0,0,0,0,0,0,0,0,0,0,49036
1,1,1,1,694,-2200,524,-18,6,16,-40,73,194,0,0,0,0,0,0,0,0,0,0,0,0,0,0,0,0,0,0,0,0,0,0,49046
1,1,1,1,687,-2192,523,-20,1,16,-41,72,199,0,0,0,0,0,0,0,0,0,0,0,0,0,0,0,0,0,0,0,0,0,0,49056
1,1,1,1,693,-2190,513,-10,-1,9,-40,72,198,0,0,0,0,0,0,0,0,0,0,0,0,0,0,0,0,0,0,0,0,0,0,49066
1,1,1,1,699,-2188,511,7,5,5,-40,72,198,0,0,0,0,0,0,0,0,0,0,0,0,0,0,0,0,0,0,0,0,0,0,49076
1,1,1,1,702,-2191,515,8,11,1,-40,73,195,0,0,0,0,0,0,0,0,0,0,0,0,0,0,0,0,0,0,0,0,0,0,49086
1,1,1,1,706,-2187,517,1,8,-4,-41,73,194,0,0,0,0,0,0,0,0,0,0,0,0,0,0,0,0,0,0,0,0,0,0,49096
1,1,1,1,706,-2187,518,-12,0,-5,-43,77,197,0,0,0,0,0,0,0,0,0,0,0,0,0,0,0,0,0,0,0,0,0,0,49106
1,1,1,1,703,-2191,537,-35,4,-5,-43,77,196,0,0,0,0,0,0,0,0,0,0,0,0,0,0,0,0,0,0,0,0,0,0,49116
1,1,1,1,703,-2186,527,-46,8,-2,-40,73,194,0,0,0,0,0,0,0,0,0,0,0,0,0,0,0,0,0,0,0,0,0,0,49126
1,1,1,1,707,-2176,522,-43,9,-3,-40,73,196,0,0,0,0,0,0,0,0,0,0,0,0,0,0,0,0,0,0,0,0,0,0,49136
1,1,1,1,703,-2182,532,-37,13,-1,-39,71,194,0,0,0,0,0,0,0,0,0,0,0,0,0,0,0,0,0,0,0,0,0,0,49146
1,1,1,1,699,-2190,521,-30,10,-1,-42,76,199,0,0,0,0,0,0,0,0,0,0,0,0,0,0,0,0,0,0,0,0,0,0,49156
1,1,1,1,703,-2185,507,-16,6,-4,-41,72,197,0,0,0,0,0,0,0,0,0,0,0,0,0,0,0,0,0,0,0,0,0,0,49166
1,1,1,1,708,-2184,504,3,8,-5,-39,73,198,0,0,0,0,0,0,0,0,0,0,0,0,0,0,0,0,0,0,0,0,0,0,49176
1,1,1,1,713,-2177,507,18,3,-11,-38,73,193,0,0,0,0,0,0,0,0,0,0,0,0,0,0,0,0,0,0,0,0,0,0,49186
1,1,1,1,716,-2173,505,20,-1,-16,-39,72,194,0,0,0,0,0,0,0,0,0,0,0,0,0,0,0,0,0,0,0,0,0,0,49196
1,1,1,1,719,-2177,511,22,11,-18,-41,73,196,0,0,0,0,0,0,0,0,0,0,0,0,0,0,0,0,0,0,0,0,0,0,49206
1,1,1,1,708,-2179,519,12,12,-22,-41,74,194,0,0,0,0,0,0,0,0,0,0,0,0,0,0,0,0,0,0,0,0,0,0,49216
1,1,1,1,710,-2182,510,4,7,-22,-40,73,199,0,0,0,0,0,0,0,0,0,0,0,0,0,0,0,0,0,0,0,0,0,0,49226
1,1,1,1,709,-2180,502,5,3,-22,-39,73,196,0,0,0,0,0,0,0,0,0,0,0,0,0,0,0,0,0,0,0,0,0,0,49236
1,1,1,1,711,-2180,508,9,0,-15,-41,73,194,0,0,0,0,0,0,0,0,0,0,0,0,0,0,0,0,0,0,0,0,0,0,49246
1,1,1,1,706,-2190,514,5,-1,-15,-41,74,194,0,0,0,0,0,0,0,0,0,0,0,0,0,0,0,0,0,0,0,0,0,0,49256
1,1,1,1,707,-2190,507,13,1,-19,-39,73,192,0,0,0,0,0,0,0,0,0,0,0,0,0,0,0,0,0,0,0,0,0,0,49266
1,1,1,1,714,-2165,515,47,3,-23,-37,74,193,0,0,0,0,0,0,0,0,0,0,0,0,0,0,0,0,0,0,0,0,0,0,49286
1,1,1,1,715,-2173,507,52,3,-23,-39,74,193,0,0,0,0,0,0,0,0,0,0,0,0,0,0,0,0,0,0,0,0,0,0,49296
1,1,1,1,718,-2183,520,46,5,-23,-39,74,192,0,0,0,0,0,0,0,0,0,0,0,0,0,0,0,0,0,0,0,0,0,0,49306
1,1,1,1,721,-2187,529,16,-8,-20,-38,74,196,0,0,0,0,0,0,0,0,0,0,0,0,0,0,0,0,0,0,0,0,0,0,49316
1,1,1,1,720,-2186,530,-7,-5,-13,-40,73,194,0,0,0,0,0,0,0,0,0,0,0,0,0,0,0,0,0,0,0,0,0,0,49326
1,1,1,1,723,-2183,523,-9,1,-6,-40,74,195,0,0,0,0,0,0,0,0,0,0,0,0,0,0,0,0,0,0,0,0,0,0,49336
1,1,1,1,720,-2177,533,-4,0,1,-38,73,191,0,0,0,0,0,0,0,0,0,0,0,0,0,0,0,0,0,0,0,0,0,0,49346
1,1,1,1,715,-2191,531,-7,-4,2,-39,74,191,0,0,0,0,0,0,0,0,0,0,0,0,0,0,0,0,0,0,0,0,0,0,49356
1,1,1,1,708,-2197,534,-10,-4,1,-39,74,192,0,0,0,0,0,0,0,0,0,0,0,0,0,0,0,0,0,0,0,0,0,0,49366
1,1,1,1,705,-2184,525,4,-3,2,-38,74,194,0,0,0,0,0,0,0,0,0,0,0,0,0,0,0,0,0,0,0,0,0,0,49376
1,1,1,1,705,-2175,508,23,1,6,-37,72,192,0,0,0,0,0,0,0,0,0,0,0,0,0,0,0,0,0,0,0,0,0,0,49386
1,1,1,1,712,-2182,513,24,-6,9,-38,73,193,0,0,0,0,0,0,0,0,0,0,0,0,0,0,0,0,0,0,0,0,0,0,49396
1,1,1,1,712,-2179,512,15,-12,9,-35,71,191,0,0,0,0,0,0,0,0,0,0,0,0,0,0,0,0,0,0,0,0,0,0,49406
1,1,1,1,712,-2172,516,20,-13,7,-38,74,192,0,0,0,0,0,0,0,0,0,0,0,0,0,0,0,0,0,0,0,0,0,0,49416
1,1,1,1,712,-2165,523,34,-8,4,-41,74,192,0,0,0,0,0,0,0,0,0,0,0,0,0,0,0,0,0,0,0,0,0,0,49426
1,1,1,1,707,-2181,535,31,5,5,-39,72,192,0,0,0,0,0,0,0,0,0,0,0,0,0,0,0,0,0,0,0,0,0,0,49436
1,1,1,1,705,-2180,546,7,0,3,-43,75,197,0,0,0,0,0,0,0,0,0,0,0,0,0,0,0,0,0,0,0,0,0,0,49446
1,1,1,1,705,-2182,536,-3,9,4,-38,73,192,0,0,0,0,0,0,0,0,0,0,0,0,0,0,0,0,0,0,0,0,0,0,49456
1,1,1,1,704,-2180,530,-3,16,6,-38,71,191,0,0,0,0,0,0,0,0,0,0,0,0,0,0,0,0,0,0,0,0,0,0,49466
1,1,1,1,710,-2178,522,1,8,-2,-38,73,196,0,0,0,0,0,0,0,0,0,0,0,0,0,0,0,0,0,0,0,0,0,0,49476
1,1,1,1,710,-2176,527,11,16,-1,-39,73,190,0,0,0,0,0,0,0,0,0,0,0,0,0,0,0,0,0,0,0,0,0,0,49486
1,1,1,1,708,-2173,516,21,19,-5,-39,75,195,0,0,0,0,0,0,0,0,0,0,0,0,0,0,0,0,0,0,0,0,0,0,49496
1,1,1,1,714,-2172,508,26,18,-8,-38,74,193,0,0,0,0,0,0,0,0,0,0,0,0,0,0,0,0,0,0,0,0,0,0,49506
1,1,1,1,724,-2175,512,15,9,-10,-37,73,192,0,0,0,0,0,0,0,0,0,0,0,0,0,0,0,0,0,0,0,0,0,0,49516
1,1,1,1,726,-2174,517,11,14,-8,-39,73,191,0,0,0,0,0,0,0,0,0,0,0,0,0,0,0,0,0,0,0,0,0,0,49526
1,1,1,1,728,-2170,511,10,14,-4,-38,73,196,0,0,0,0,0,0,0,0,0,0,0,0,0,0,0,0,0,0,0,0,0,0,49536
1,1,1,1,725,-2159,511,12,4,-3,-39,74,193,0,0,0,0,0,0,0,0,0,0,0,0,0,0,0,0,0,0,0,0,0,0,49546
1,1,1,1,719,-2165,518,13,6,4,-40,73,191,0,0,0,0,0,0,0,0,0,0,0,0,0,0,0,0,0,0,0,0,0,0,49556
1,1,1,1,720,-2180,524,-2,3,4,-40,74,191,0,0,0,0,0,0,0,0,0,0,0,0,0,0,0,0,0,0,0,0,0,0,49566
1,1,1,1,718,-2172,532,-10,5,7,-38,73,193,0,0,0,0,0,0,0,0,0,0,0,0,0,0,0,0,0,0,0,0,0,0,49576
1,1,1,1,718,-2186,530,-17,6,10,-38,74,192,0,0,0,0,0,0,0,0,0,0,0,0,0,0,0,0,0,0,0,0,0,0,49586
1,1,1,1,721,-2193,537,-34,-4,8,-39,73,190,0,0,0,0,0,0,0,0,0,0,0,0,0,0,0,0,0,0,0,0,0,0,49596
1,1,1,1,719,-2189,534,-33,2,8,-39,74,192,0,0,0,0,0,0,0,0,0,0,0,0,0,0,0,0,0,0,0,0,0,0,49606
1,1,1,1,720,-2185,527,-32,11,11,-39,73,191,0,0,0,0,0,0,0,0,0,0,0,0,0,0,0,0,0,0,0,0,0,0,49616
1,1,1,1,714,-2186,530,-29,4,8,-39,73,190,0,0,0,0,0,0,0,0,0,0,0,0,0,0,0,0,0,0,0,0,0,0,49626
1,1,1,1,716,-2181,510,-16,15,7,-38,73,192,0,0,0,0,0,0,0,0,0,0,0,0,0,0,0,0,0,0,0,0,0,0,49636
1,1,1,1,719,-2175,517,-7,7,5,-39,73,190,0,0,0,0,0,0,0,0,0,0,0,0,0,0,0,0,0,0,0,0,0,0,49646
1,1,1,1,715,-2180,507,-1,-1,-3,-38,73,191,0,0,0,0,0,0,0,0,0,0,0,0,0,0,0,0,0,0,0,0,0,0,49656
1,1,1,1,720,-2170,502,6,2,-7,-36,73,193,0,0,0,0,0,0,0,0,0,0,0,0,0,0,0,0,0,0,0,0,0,0,49666
1,1,1,1,718,-2169,509,14,-4,-11,-36,73,190,0,0,0,0,0,0,0,0,0,0,0,0,0,0,0,0,0,0,0,0,0,0,49676
1,1,1,1,722,-2170,522,15,-9,-7,-40,74,192,0,0,0,0,0,0,0,0,0,0,0,0,0,0,0,0,0,0,0,0,0,0,49696
1,1,1,1,724,-2171,527,10,-19,-4,-40,71,192,0,0,0,0,0,0,0,0,0,0,0,0,0,0,0,0,0,0,0,0,0,0,49706
1,1,1,1,718,-2187,548,-5,-12,9,-40,74,192,0,0,0,0,0,0,0,0,0,0,0,0,0,0,0,0,0,0,0,0,0,0,49716
1,1,1,1,708,-2189,543,-33,-5,17,-40,77,191,0,0,0,0,0,0,0,0,0,0,0,0,0,0,0,0,0,0,0,0,0,0,49726
1,1,1,1,711,-2184,527,-22,-1,15,-41,77,194,0,0,0,0,0,0,0,0,0,0,0,0,0,0,0,0,0,0,0,0,0,0,49736
1,1,1,1,705,-2193,529,-12,5,12,-41,75,190,0,0,0,0,0,0,0,0,0,0,0,0,0,0,0,0,0,0,0,0,0,0,49746
1,1,1,1,706,-2172,523,-5,15,11,-40,75,190,0,0,0,0,0,0,0,0,0,0,0,0,0,0,0,0,0,0,0,0,0,0,49756
1,1,1,1,710,-2173,517,4,10,9,-39,70,191,0,0,0,0,0,0,0,0,0,0,0,0,0,0,0,0,0,0,0,0,0,0,49766
1,1,1,1,713,-2178,507,9,5,4,-41,75,188,0,0,0,0,0,0,0,0,0,0,0,0,0,0,0,0,0,0,0,0,0,0,49776
1,1,1,1,717,-2176,500,24,-1,0,-42,74,192,0,0,0,0,0,0,0,0,0,0,0,0,0,0,0,0,0,0,0,0,0,0,49786
1,1,1,1,723,-2168,503,36,-12,-6,-38,74,191,0,0,0,0,0,0,0,0,0,0,0,0,0,0,0,0,0,0,0,0,0,0,49796
1,1,1,1,718,-2175,515,46,-12,-6,-39,73,190,0,0,0,0,0,0,0,0,0,0,0,0,0,0,0,0,0,0,0,0,0,0,49806
1,1,1,1,717,-2184,525,37,-9,-4,-39,74,189,0,0,0,0,0,0,0,0,0,0,0,0,0,0,0,0,0,0,0,0,0,0,49816
1,1,1,1,714,-2184,529,33,-7,0,-39,74,191,0,0,0,0,0,0,0,0,0,0,0,0,0,0,0,0,0,0,0,0,0,0,49826
1,1,1,1,720,-2182,532,38,-4,1,-37,74,189,0,0,0,0,0,0,0,0,0,0,0,0,0,0,0,0,0,0,0,0,0,0,49836
1,1,1,1,721,-2179,547,30,4,6,-39,73,189,0,0,0,0,0,0,0,0,0,0,0,0,0,0,0,0,0,0,0,0,0,0,49846
1,1,1,1,714,-2186,541,10,12,12,-39,73,190,0,0,0,0,0,0,0,0,0,0,0,0,0,0,0,0,0,0,0,0,0,0,49856
1,1,1,1,709,-2193,531,-3,13,13,-37,74,190,0,0,0,0,0,0,0,0,0,0,0,0,0,0,0,0,0,0,0,0,0,0,49866
1,1,1,1,710,-2185,527,-8,21,12,-38,73,189,0,0,0,0,0,0,0,0,0,0,0,0,0,0,0,0,0,0,0,0,0,0,49876
1,1,1,1,712,-2174,525,-17,23,14,-35,73,189,0,0,0,0,0,0,0,0,0,0,0,0,0,0,0,0,0,0,0,0,0,0,49886
1,1,1,1,711,-2170,515,-15,18,10,-39,74,188,0,0,0,0,0,0,0,0,0,0,0,0,0,0,0,0,0,0,0,0,0,0,49896
1,1,1,1,714,-2172,505,-7,13,6,-38,74,187,0,0,0,0,0,0,0,0,0,0,0,0,0,0,0,0,0,0,0,0,0,0,49906
1,1,1,1,705,-2178,504,2,14,5,-36,73,188,0,0,0,0,0,0,0,0,0,0,0,0,0,0,0,0,0,0,0,0,0,0,49916
1,1,1,1,704,-2174,505,5,10,-3,-37,73,191,0,0,0,0,0,0,0,0,0,0,0,0,0,0,0,0,0,0,0,0,0,0,49926
1,1,1,1,707,-2175,509,8,10,-6,-38,73,187,0,0,0,0,0,0,0,0,0,0,0,0,0,0,0,0,0,0,0,0,0,0,49936
1,1,1,1,709,-2183,517,5,13,-6,-37,73,185,0,0,0,0,0,0,0,0,0,0,0,0,0,0,0,0,0,0,0,0,0,0,49946
1,1,1,1,710,-2181,521,8,14,-8,-36,74,190,0,0,0,0,0,0,0,0,0,0,0,0,0,0,0,0,0,0,0,0,0,0,49956
1,1,1,1,711,-2174,525,11,10,-4,-35,73,188,0,0,0,0,0,0,0,0,0,0,0,0,0,0,0,0,0,0,0,0,0,0,49966
1,1,1,1,714,-2186,519,8,11,-3,-37,73,187,0,0,0,0,0,0,0,0,0,0,0,0,0,0,0,0,0,0,0,0,0,0,49976
1,1,1,1,719,-2185,527,11,10,-3,-38,74,187,0,0,0,0,0,0,0,0,0,0,0,0,0,0,0,0,0,0,0,0,0,0,49986
1,1,1,1,723,-2167,530,18,5,0,-37,73,185,0,0,0,0,0,0,0,0,0,0,0,0,0,0,0,0,0,0,0,0,0,0,49996
1,1,1,1,714,-2180,517,26,11,7,-39,75,188,0,0,0,0,0,0,0,0,0,0,0,0,0,0,0,0,0,0,0,0,0,0,50006
1,1,1,1,711,-2187,522,29,12,6,-38,73,186,0,0,0,0,0,0,0,0,0,0,0,0,0,0,0,0,0,0,0,0,0,0,50016
1,1,1,1,712,-2180,510,37,12,10,-38,75,187,0,0,0,0,0,0,0,0,0,0,0,0,0,0,0,0,0,0,0,0,0,0,50026
1,1,1,1,715,-2183,522,34,11,13,-39,77,189,0,0,0,0,0,0,0,0,0,0,0,0,0,0,0,0,0,0,0,0,0,0,50036
1,1,1,1,709,-2185,517,28,13,11,-38,73,187,0,0,0,0,0,0,0,0,0,0,0,0,0,0,0,0,0,0,0,0,0,0,50046
1,1,1,1,718,-2177,508,36,11,11,-39,73,185,0,0,0,0,0,0,0,0,0,0,0,0,0,0,0,0,0,0,0,0,0,0,50056
1,1,1,1,723,-2181,519,44,2,9,-40,75,188,0,0,0,0,0,0,0,0,0,0,0,0,0,0,0,0,0,0,0,0,0,0,50066
1,1,1,1,720,-2185,530,27,4,11,-38,71,187,0,0,0,0,0,0,0,0,0,0,0,0,0,0,0,0,0,0,0,0,0,0,50076
1,1,1,1,706,-2192,535,3,9,11,-42,79,191,0,0,0,0,0,0,0,0,0,0,0,0,0,0,0,0,0,0,0,0,0,0,50086
1,1,1,1,701,-2176,519,11,3,11,-36,74,189,0,0,0,0,0,0,0,0,0,0,0,0,0,0,0,0,0,0,0,0,0,0,50096
1,1,1,1,707,-2180,528,3,5,12,-39,75,190,0,0,0,0,0,0,0,0,0,0,0,0,0,0,0,0,0,0,0,0,0,0,50106
1,1,1,1,710,-2181,531,-12,5,16,-39,74,188,0,0,0,0,0,0,0,0,0,0,0,0,0,0,0,0,0,0,0,0,0,0,50116
1,1,1,1,718,-2167,521,-6,-1,14,-38,74,189,0,0,0,0,0,0,0,0,0,0,0,0,0,0,0,0,0,0,0,0,0,0,50126
1,1,1,1,720,-2161,520,6,-5,16,-38,75,185,0,0,0,0,0,0,0,0,0,0,0,0,0,0,0,0,0,0,0,0,0,0,50136
1,1,1,1,720,-2175,521,9,-2,18,-40,74,187,0,0,0,0,0,0,0,0,0,0,0,0,0,0,0,0,0,0,0,0,0,0,50146
1,1,1,1,718,-2178,526,13,-8,13,-40,74,188,0,0,0,0,0,0,0,0,0,0,0,0,0,0,0,0,0,0,0,0,0,0,50156
1,1,1,1,712,-2180,524,13,-10,9,-38,73,186,0,0,0,0,0,0,0,0,0,0,0,0,0,0,0,0,0,0,0,0,0,0,50166
1,1,1,1,713,-2178,526,13,1,8,-39,74,185,0,0,0,0,0,0,0,0,0,0,0,0,0,0,0,0,0,0,0,0,0,0,50176
1,1,1,1,714,-2179,532,6,5,7,-38,74,185,0,0,0,0,0,0,0,0,0,0,0,0,0,0,0,0,0,0,0,0,0,0,50186
1,1,1,1,709,-2170,538,-2,6,10,-38,75,185,0,0,0,0,0,0,0,0,0,0,0,0,0,0,0,0,0,0,0,0,0,0,50196
1,1,1,1,707,-2170,533,-2,4,9,-39,74,188,0,0,0,0,0,0,0,0,0,0,0,0,0,0,0,0,0,0,0,0,0,0,50206
1,1,1,1,706,-2171,522,9,4,7,-39,74,184,0,0,0,0,0,0,0,0,0,0,0,0,0,0,0,0,0,0,0,0,0,0,50216
1,1,1,1,709,-2172,519,12,-6,7,-40,74,190,0,0,0,0,0,0,0,0,0,0,0,0,0,0,0,0,0,0,0,0,0,0,50226
1,1,1,1,708,-2173,524,20,-4,9,-39,74,184,0,0,0,0,0,0,0,0,0,0,0,0,0,0,0,0,0,0,0,0,0,0,50236
1,1,1,1,710,-2173,529,21,-8,3,-38,74,186,0,0,0,0,0,0,0,0,0,0,0,0,0,0,0,0,0,0,0,0,0,0,50246
1,1,1,1,709,-2180,530,16,-8,-1,-39,74,188,0,0,0,0,0,0,0,0,0,0,0,0,0,0,0,0,0,0,0,0,0,0,50256
1,1,1,1,704,-2177,538,15,-4,-9,-37,73,187,0,0,0,0,0,0,0,0,0,0,0,0,0,0,0,0,0,0,0,0,0,0,50266
1,1,1,1,708,-2172,531,20,2,-12,-38,73,186,0,0,0,0,0,0,0,0,0,0,0,0,0,0,0,0,0,0,0,0,0,0,50276
1,1,1,1,711,-2176,529,19,5,-12,-38,74,188,0,0,0,0,0,0,0,0,0,0,0,0,0,0,0,0,0,0,0,0,0,0,50286
1,1,1,1,716,-2178,531,11,-1,-14,-39,74,185,0,0,0,0,0,0,0,0,0,0,0,0,0,0,0,0,0,0,0,0,0,0,50296
1,1,1,1,721,-2177,534,2,1,-11,-42,78,189,0,0,0,0,0,0,0,0,0,0,0,0,0,0,0,0,0,0,0,0,0,0,50306
1,1,1,1,723,-2169,530,6,3,-5,-36,73,187,0,0,0,0,0,0,0,0,0,0,0,0,0,0,0,0,0,0,0,0,0,0,50316
1,1,1,1,720,-2165,528,14,-5,-4,-36,70,185,0,0,0,0,0,0,0,0,0,0,0,0,0,0,0,0,0,0,0,0,0,0,50326
1,1,1,1,719,-2170,528,13,-11,-4,-37,72,185,0,0,0,0,0,0,0,0,0,0,0,0,0,0,0,0,0,0,0,0,0,0,50336
1,1,1,1,714,-2179,535,9,-3,1,-38,77,187,0,0,0,0,0,0,0,0,0,0,0,0,0,0,0,0,0,0,0,0,0,0,50346
1,1,1,1,709,-2170,536,17,-9,-1,-37,71,187,0,0,0,0,0,0,0,0,0,0,0,0,0,0,0,0,0,0,0,0,0,0,50356
1,1,1,1,713,-2169,536,19,-4,4,-38,74,185,0,0,0,0,0,0,0,0,0,0,0,0,0,0,0,0,0,0,0,0,0,0,50366
1,1,1,1,719,-2169,541,18,-5,8,-37,74,187,0,0,0,0,0,0,0,0,0,0,0,0,0,0,0,0,0,0,0,0,0,0,50376
1,1,1,1,728,-2182,536,2,6,11,-37,73,186,0,0,0,0,0,0,0,0,0,0,0,0,0,0,0,0,0,0,0,0,0,0,50386
1,1,1,1,730,-2183,542,-6,1,12,-36,74,187,0,0,0,0,0,0,0,0,0,0,0,0,0,0,0,0,0,0,0,0,0,0,50396
1,1,1,1,731,-2180,543,-17,10,12,-37,72,184,0,0,0,0,0,0,0,0,0,0,0,0,0,0,0,0,0,0,0,0,0,0,50406
1,1,1,1,722,-2180,545,-17,28,17,-35,74,187,0,0,0,0,0,0,0,0,0,0,0,0,0,0,0,0,0,0,0,0,0,0,50416
1,1,1,1,719,-2171,545,-17,28,19,-38,73,188,0,0,0,0,0,0,0,0,0,0,0,0,0,0,0,0,0,0,0,0,0,0,50426
1,1,1,1,713,-2179,539,-25,27,21,-37,74,183,0,0,0,0,0,0,0,0,0,0,0,0,0,0,0,0,0,0,0,0,0,0,50436
1,1,1,1,710,-2171,526,-28,26,18,-40,72,185,0,0,0,0,0,0,0,0,0,0,0,0,0,0,0,0,0,0,0,0,0,0,50446
1,1,1,1,716,-2154,523,-19,20,19,-39,72,189,0,0,0,0,0,0,0,0,0,0,0,0,0,0,0,0,0,0,0,0,0,0,50456
1,1,1,1,706,-2165,513,-16,11,18,-37,72,187,0,0,0,0,0,0,0,0,0,0,0,0,0,0,0,0,0,0,0,0,0,0,50466
1,1,1,1,707,-2166,506,5,4,10,-35,72,187,0,0,0,0,0,0,0,0,0,0,0,0,0,0,0,0,0,0,0,0,0,0,50476
1,1,1,1,711,-2165,513,16,-11,7,-37,73,188,0,0,0,0,0,0,0,0,0,0,0,0,0,0,0,0,0,0,0,0,0,0,50486
1,1,1,1,714,-2164,516,27,-15,8,-38,74,189,0,0,0,0,0,0,0,0,0,0,0,0,0,0,0,0,0,0,0,0,0,0,50496
1,1,1,1,720,-2167,517,39,-19,6,-38,73,188,0,0,0,0,0,0,0,0,0,0,0,0,0,0,0,0,0,0,0,0,0,0,50506
1,1,1,1,717,-2175,526,35,-24,8,-38,72,186,0,0,0,0,0,0,0,0,0,0,0,0,0,0,0,0,0,0,0,0,0,0,50516
1,1,1,1,716,-2181,532,33,-16,9,-39,73,187,0,0,0,0,0,0,0,0,0,0,0,0,0,0,0,0,0,0,0,0,0,0,50526
1,1,1,1,714,-2181,536,40,-13,11,-38,73,188,0,0,0,0,0,0,0,0,0,0,0,0,0,0,0,0,0,0,0,0,0,0,50536
1,1,1,1,709,-2185,538,39,-10,10,-38,73,188,0,0,0,0,0,0,0,0,0,0,0,0,0,0,0,0,0,0,0,0,0,0,50546
1,1,1,1,707,-2186,548,34,-6,11,-39,73,187,0,0,0,0,0,0,0,0,0,0,0,0,0,0,0,0,0,0,0,0,0,0,50556
1,1,1,1,710,-2177,546,32,4,15,-38,73,189,0,0,0,0,0,0,0,0,0,0,0,0,0,0,0,0,0,0,0,0,0,0,50566
1,1,1,1,704,-2178,548,27,11,16,-40,74,188,0,0,0,0,0,0,0,0,0,0,0,0,0,0,0,0,0,0,0,0,0,0,50576
1,1,1,1,709,-2189,549,11,8,18,-38,73,186,0,0,0,0,0,0,0,0,0,0,0,0,0,0,0,0,0,0,0,0,0,0,50586
1,1,1,1,712,-2178,535,-1,6,19,-36,72,186,0,0,0,0,0,0,0,0,0,0,0,0,0,0,0,0,0,0,0,0,0,0,50596
1,1,1,1,714,-2175,532,9,12,17,-37,72,187,0,0,0,0,0,0,0,0,0,0,0,0,0,0,0,0,0,0,0,0,0,0,50606
1,1,1,1,713,-2169,528,17,13,17,-37,71,190,0,0,0,0,0,0,0,0,0,0,0,0,0,0,0,0,0,0,0,0,0,0,50616
1,1,1,1,713,-2171,524,19,4,20,-39,74,186,0,0,0,0,0,0,0,0,0,0,0,0,0,0,0,0,0,0,0,0,0,0,50626
1,1,1,1,710,-2175,524,20,-1,21,-36,70,188,0,0,0,0,0,0,0,0,0,0,0,0,0,0,0,0,0,0,0,0,0,0,50636
1,1,1,1,711,-2174,541,15,-2,22,-39,72,185,0,0,0,0,0,0,0,0,0,0,0,0,0,0,0,0,0,0,0,0,0,0,50646
1,1,1,1,712,-2170,540,11,-1,24,-38,72,186,0,0,0,0,0,0,0,0,0,0,0,0,0,0,0,0,0,0,0,0,0,0,50656
1,1,1,1,706,-2171,536,16,5,26,-39,75,187,0,0,0,0,0,0,0,0,0,0,0,0,0,0,0,0,0,0,0,0,0,0,50666
1,1,1,1,704,-2173,536,15,-7,26,-39,74,187,0,0,0,0,0,0,0,0,0,0,0,0,0,0,0,0,0,0,0,0,0,0,50676
1,1,1,1,703,-2182,536,9,-12,24,-38,74,186,0,0,0,0,0,0,0,0,0,0,0,0,0,0,0,0,0,0,0,0,0,0,50686
1,1,1,1,701,-2181,542,1,-7,26,-37,73,188,0,0,0,0,0,0,0,0,0,0,0,0,0,0,0,0,0,0,0,0,0,0,50696
1,1,1,1,703,-2180,537,-3,0,31,-37,74,188,0,0,0,0,0,0,0,0,0,0,0,0,0,0,0,0,0,0,0,0,0,0,50706
1,1,1,1,703,-2176,537,-6,-17,31,-35,73,189,0,0,0,0,0,0,0,0,0,0,0,0,0,0,0,0,0,0,0,0,0,0,50716
1,1,1,1,706,-2187,539,-8,-12,33,-37,72,188,0,0,0,0,0,0,0,0,0,0,0,0,0,0,0,0,0,0,0,0,0,0,50726
1,1,1,1,698,-2181,540,0,-5,33,-39,73,189,0,0,0,0,0,0,0,0,0,0,0,0,0,0,0,0,0,0,0,0,0,0,50736
1,1,1,1,708,-2178,529,2,-8,27,-38,73,189,0,0,0,0,0,0,0,0,0,0,0,0,0,0,0,0,0,0,0,0,0,0,50746
1,1,1,1,714,-2174,538,4,-4,27,-38,73,187,0,0,0,0,0,0,0,0,0,0,0,0,0,0,0,0,0,0,0,0,0,0,50756
1,1,1,1,716,-2175,538,-2,-2,24,-39,74,189,0,0,0,0,0,0,0,0,0,0,0,0,0,0,0,0,0,0,0,0,0,0,50766
1,1,1,1,716,-2168,537,-12,-3,24,-37,72,188,0,0,0,0,0,0,0,0,0,0,0,0,0,0,0,0,0,0,0,0,0,0,50776
1,1,1,1,712,-2165,529,-15,4,24,-35,73,186,0,0,0,0,0,0,0,0,0,0,0,0,0,0,0,0,0,0,0,0,0,0,50786
1,1,1,1,706,-2166,535,-20,-6,22,-35,72,186,0,0,0,0,0,0,0,0,0,0,0,0,0,0,0,0,0,0,0,0,0,0,50796
1,1,1,1,701,-2165,526,-12,-5,17,-39,73,185,0,0,0,0,0,0,0,0,0,0,0,0,0,0,0,0,0,0,0,0,0,0,50806
1,1,1,1,701,-2170,532,-3,3,13,-38,73,183,0,0,0,0,0,0,0,0,0,0,0,0,0,0,0,0,0,0,0,0,0,0,50816
1,1,1,1,698,-2169,526,-8,4,13,-37,73,184,0,0,0,0,0,0,0,0,0,0,0,0,0,0,0,0,0,0,0,0,0,0,50826
1,1,1,1,702,-2168,533,-13,-4,8,-37,73,188,0,0,0,0,0,0,0,0,0,0,0,0,0,0,0,0,0,0,0,0,0,0,50836
1,1,1,1,706,-2167,525,-4,-1,5,-37,72,183,0,0,0,0,0,0,0,0,0,0,0,0,0,0,0,0,0,0,0,0,0,0,50846
1,1,1,1,707,-2167,527,4,-5,2,-37,73,188,0,0,0,0,0,0,0,0,0,0,0,0,0,0,0,0,0,0,0,0,0,0,50856
1,1,1,1,704,-2175,528,12,-7,0,-37,73,188,0,0,0,0,0,0,0,0,0,0,0,0,0,0,0,0,0,0,0,0,0,0,50866
1,1,1,1,701,-2175,531,15,-5,4,-37,73,186,0,0,0,0,0,0,0,0,0,0,0,0,0,0,0,0,0,0,0,0,0,0,50876
1,1,1,1,699,-2179,539,7,-8,8,-35,72,187,0,0,0,0,0,0,0,0,0,0,0,0,0,0,0,0,0,0,0,0,0,0,50886
1,1,1,1,703,-2177,529,-4,-13,12,-35,73,185,0,0,0,0,0,0,0,0,0,0,0,0,0,0,0,0,0,0,0,0,0,0,50896
1,1,1,1,710,-2174,524,3,-11,12,-36,73,185,0,0,0,0,0,0,0,0,0,0,0,0,0,0,0,0,0,0,0,0,0,0,50906
1,1,1,1,706,-2179,537,8,-7,18,-41,76,192,0,0,0,0,0,0,0,0,0,0,0,0,0,0,0,0,0,0,0,0,0,0,50916
1,1,1,1,705,-2182,534,1,-16,17,-36,70,183,0,0,0,0,0,0,0,0,0,0,0,0,0,0,0,0,0,0,0,0,0,0,50926
1,1,1,1,709,-2176,524,9,-17,18,-37,73,188,0,0,0,0,0,0,0,0,0,0,0,0,0,0,0,0,0,0,0,0,0,0,50936
1,1,1,1,708,-2177,532,15,-14,24,-37,73,186,0,0,0,0,0,0,0,0,0,0,0,0,0,0,0,0,0,0,0,0,0,0,50946
1,1,1,1,702,-2182,525,14,-11,27,-36,72,185,0,0,0,0,0,0,0,0,0,0,0,0,0,0,0,0,0,0,0,0,0,0,50956
1,1,1,1,704,-2180,532,18,-6,30,-37,71,186,0,0,0,0,0,0,0,0,0,0,0,0,0,0,0,0,0,0,0,0,0,0,50966
1,1,1,1,706,-2186,527,19,-16,30,-38,73,187,0,0,0,0,0,0,0,0,0,0,0,0,0,0,0,0,0,0,0,0,0,0,50976
1,1,1,1,705,-2187,536,15,-6,35,-38,74,186,0,0,0,0,0,0,0,0,0,0,0,0,0,0,0,0,0,0,0,0,0,0,50986
1,1,1,1,706,-2183,541,4,-18,36,-37,74,189,0,0,0,0,0,0,0,0,0,0,0,0,0,0,0,0,0,0,0,0,0,0,50996
1,1,1,1,701,-2189,534,6,-8,39,-36,73,189,0,0,0,0,0,0,0,0,0,0,0,0,0,0,0,0,0,0,0,0,0,0,51006
1,1,1,1,704,-2184,537,5,-13,37,-37,73,187,0,0,0,0,0,0,0,0,0,0,0,0,0,0,0,0,0,0,0,0,0,0,51016
1,1,1,1,705,-2187,536,-3,-15,39,-36,73,187,0,0,0,0,0,0,0,0,0,0,0,0,0,0,0,0,0,0,0,0,0,0,51026
1,1,1,1,695,-2181,524,3,-17,39,-36,72,189,0,0,0,0,0,0,0,0,0,0,0,0,0,0,0,0,0,0,0,0,0,0,51036
1,1,1,1,701,-2178,517,12,-15,42,-36,71,187,0,0,0,0,0,0,0,0,0,0,0,0,0,0,0,0,0,0,0,0,0,0,51046
1,1,1,1,697,-2183,532,16,-11,38,-39,73,187,0,0,0,0,0,0,0,0,0,0,0,0,0,0,0,0,0,0,0,0,0,0,51056
1,1,1,1,712,-2174,534,12,-19,31,-38,72,187,0,0,0,0,0,0,0,0,0,0,0,0,0,0,0,0,0,0,0,0,0,0,51066
1,1,1,1,710,-2168,527,15,-11,27,-38,72,185,0,0,0,0,0,0,0,0,0,0,0,0,0,0,0,0,0,0,0,0,0,0,51076
1,1,1,1,707,-2170,529,18,-8,23,-36,73,187,0,0,0,0,0,0,0,0,0,0,0,0,0,0,0,0,0,0,0,0,0,0,51086
1,1,1,1,695,-2176,532,18,-13,17,-36,74,186,0,0,0,0,0,0,0,0,0,0,0,0,0,0,0,0,0,0,0,0,0,0,51096
1,1,1,1,689,-2171,531,16,-13,16,-36,72,184,0,0,0,0,0,0,0,0,0,0,0,0,0,0,0,0,0,0,0,0,0,0,51106
1,1,1,1,690,-2169,534,12,-5,19,-36,73,186,0,0,0,0,0,0,0,0,0,0,0,0,0,0,0,0,0,0,0,0,0,0,51116
1,1,1,1,685,-2173,534,5,-14,13,-36,73,187,0,0,0,0,0,0,0,0,0,0,0,0,0,0,0,0,0,0,0,0,0,0,51126
1,1,1,1,687,-2169,533,6,-18,8,-37,72,188,0,0,0,0,0,0,0,0,0,0,0,0,0,0,0,0,0,0,0,0,0,0,51136
1,1,1,1,690,-2176,530,10,-20,6,-35,72,185,0,0,0,0,0,0,0,0,0,0,0,0,0,0,0,0,0,0,0,0,0,0,51146
1,1,1,1,700,-2180,536,12,-11,0,-37,72,185,0,0,0,0,0,0,0,0,0,0,0,0,0,0,0,0,0,0,0,0,0,0,51156
1,1,1,1,701,-2171,530,13,-12,-1,-36,73,186,0,0,0,0,0,0,0,0,0,0,0,0,0,0,0,0,0,0,0,0,0,0,51166
1,1,1,1,701,-2166,528,17,-9,2,-38,73,187,0,0,0,0,0,0,0,0,0,0,0,0,0,0,0,0,0,0,0,0,0,0,51176
1,1,1,1,702,-2166,529,22,-14,3,-36,73,188,0,0,0,0,0,0,0,0,0,0,0,0,0,0,0,0,0,0,0,0,0,0,51186
1,1,1,1,705,-2170,518,26,-17,3,-36,73,187,0,0,0,0,0,0,0,0,0,0,0,0,0,0,0,0,0,0,0,0,0,0,51196
1,1,1,1,704,-2172,527,30,-15,4,-37,73,190,0,0,0,0,0,0,0,0,0,0,0,0,0,0,0,0,0,0,0,0,0,0,51206
1,1,1,1,705,-2183,542,20,-17,6,-38,73,188,0,0,0,0,0,0,0,0,0,0,0,0,0,0,0,0,0,0,0,0,0,0,51216
1,1,1,1,703,-2185,547,3,-8,4,-36,69,187,0,0,0,0,0,0,0,0,0,0,0,0,0,0,0,0,0,0,0,0,0,0,51226
1,1,1,1,707,-2177,546,4,-5,7,-39,75,188,0,0,0,0,0,0,0,0,0,0,0,0,0,0,0,0,0,0,0,0,0,0,51236
1,1,1,1,706,-2184,549,-1,1,8,-35,72,187,0,0,0,0,0,0,0,0,0,0,0,0,0,0,0,0,0,0,0,0,0,0,51246
1,1,1,1,702,-2181,540,-8,7,9,-38,75,189,0,0,0,0,0,0,0,0,0,0,0,0,0,0,0,0,0,0,0,0,0,0,51256
1,1,1,1,708,-2178,538,-4,9,15,-38,73,187,0,0,0,0,0,0,0,0,0,0,0,0,0,0,0,0,0,0,0,0,0,0,51266
1,1,1,1,704,-2185,543,-7,2,17,-39,74,187,0,0,0,0,0,0,0,0,0,0,0,0,0,0,0,0,0,0,0,0,0,0,51276
1,1,1,1,697,-2182,534,-2,4,18,-43,78,187,0,0,0,0,0,0,0,0,0,0,0,0,0,0,0,0,0,0,0,0,0,0,51286
1,1,1,1,700,-2182,532,6,1,15,-40,74,189,0,0,0,0,0,0,0,0,0,0,0,0,0,0,0,0,0,0,0,0,0,0,51296
1,1,1,1,699,-2184,532,12,10,17,-36,72,187,0,0,0,0,0,0,0,0,0,0,0,0,0,0,0,0,0,0,0,0,0,0,51306
1,1,1,1,696,-2175,536,11,2,11,-36,72,188,0,0,0,0,0,0,0,0,0,0,0,0,0,0,0,0,0,0,0,0,0,0,51316
1,1,1,1,704,-2168,540,9,1,14,-36,72,189,0,0,0,0,0,0,0,0,0,0,0,0,0,0,0,0,0,0,0,0,0,0,51326
1,1,1,1,704,-2171,541,1,4,16,-35,73,188,0,0,0,0,0,0,0,0,0,0,0,0,0,0,0,0,0,0,0,0,0,0,51336
1,1,1,1,702,-2166,534,-1,3,15,-37,72,189,0,0,0,0,0,0,0,0,0,0,0,0,0,0,0,0,0,0,0,0,0,0,51346
1,1,1,1,702,-2169,532,1,1,15,-38,74,188,0,0,0,0,0,0,0,0,0,0,0,0,0,0,0,0,0,0,0,0,0,0,51356
1,1,1,1,702,-2177,535,-4,5,13,-37,72,185,0,0,0,0,0,0,0,0,0,0,0,0,0,0,0,0,0,0,0,0,0,0,51366
1,1,1,1,695,-2173,530,5,6,10,-38,73,185,0,0,0,0,0,0,0,0,0,0,0,0,0,0,0,0,0,0,0,0,0,0,51376
1,1,1,1,693,-2177,519,17,6,5,-36,73,186,0,0,0,0,0,0,0,0,0,0,0,0,0,0,0,0,0,0,0,0,0,0,51386
1,1,1,1,698,-2183,529,19,7,3,-37,73,186,0,0,0,0,0,0,0,0,0,0,0,0,0,0,0,0,0,0,0,0,0,0,51396
1,1,1,1,692,-2185,520,22,6,0,-36,73,186,0,0,0,0,0,0,0,0,0,0,0,0,0,0,0,0,0,0,0,0,0,0,51406
1,1,1,1,698,-2177,523,21,9,5,-35,73,183,0,0,0,0,0,0,0,0,0,0,0,0,0,0,0,0,0,0,0,0,0,0,51416
1,1,1,1,694,-2176,530,12,-1,9,-37,73,183,0,0,0,0,0,0,0,0,0,0,0,0,0,0,0,0,0,0,0,0,0,0,51426
1,1,1,1,700,-2179,533,10,-6,9,-36,73,187,0,0,0,0,0,0,0,0,0,0,0,0,0,0,0,0,0,0,0,0,0,0,51436
1,1,1,1,695,-2182,539,6,0,13,-37,73,187,0,0,0,0,0,0,0,0,0,0,0,0,0,0,0,0,0,0,0,0,0,0,51446
1,1,1,1,702,-2184,543,1,-5,13,-40,73,188,0,0,0,0,0,0,0,0,0,0,0,0,0,0,0,0,0,0,0,0,0,0,51456
1,1,1,1,701,-2184,534,-2,-6,14,-38,73,187,0,0,0,0,0,0,0,0,0,0,0,0,0,0,0,0,0,0,0,0,0,0,51466
1,1,1,1,694,-2192,535,-1,-5,14,-37,73,187,0,0,0,0,0,0,0,0,0,0,0,0,0,0,0,0,0,0,0,0,0,0,51476
1,1,1,1,696,-2191,537,-4,-7,8,-37,72,187,0,0,0,0,0,0,0,0,0,0,0,0,0,0,0,0,0,0,0,0,0,0,51486
1,1,1,1,698,-2182,534,-2,0,8,-35,72,187,0,0,0,0,0,0,0,0,0,0,0,0,0,0,0,0,0,0,0,0,0,0,51496
1,1,1,1,702,-2178,531,10,11,14,-37,73,189,0,0,0,0,0,0,0,0,0,0,0,0,0,0,0,0,0,0,0,0,0,0,51506
1,1,1,1,704,-2181,544,5,8,16,-36,73,187,0,0,0,0,0,0,0,0,0,0,0,0,0,0,0,0,0,0,0,0,0,0,51516
1,1,1,1,702,-2179,534,-2,11,21,-38,74,187,0,0,0,0,0,0,0,0,0,0,0,0,0,0,0,0,0,0,0,0,0,0,51526
1,1,1,1,700,-2175,537,-1,16,21,-37,73,188,0,0,0,0,0,0,0,0,0,0,0,0,0,0,0,0,0,0,0,0,0,0,51536
1,1,1,1,702,-2178,532,-7,-3,19,-39,73,188,0,0,0,0,0,0,0,0,0,0,0,0,0,0,0,0,0,0,0,0,0,0,51546
1,1,1,1,689,-2185,536,-5,10,23,-38,73,189,0,0,0,0,0,0,0,0,0,0,0,0,0,0,0,0,0,0,0,0,0,0,51556
1,1,1,1,681,-2184,534,0,8,22,-40,75,188,0,0,0,0,0,0,0,0,0,0,0,0,0,0,0,0,0,0,0,0,0,0,51566
1,1,1,1,684,-2180,531,-1,5,20,-37,72,190,0,0,0,0,0,0,0,0,0,0,0,0,0,0,0,0,0,0,0,0,0,0,51576
1,1,1,1,687,-2182,540,-1,3,18,-37,71,188,0,0,0,0,0,0,0,0,0,0,0,0,0,0,0,0,0,0,0,0,0,0,51586
1,1,1,1,692,-2177,541,4,-4,18,-38,72,190,0,0,0,0,0,0,0,0,0,0,0,0,0,0,0,0,0,0,0,0,0,0,51596
1,1,1,1,692,-2177,542,1,-2,21,-37,73,190,0,0,0,0,0,0,0,0,0,0,0,0,0,0,0,0,0,0,0,0,0,0,51606
1,1,1,1,687,-2184,547,-15,0,23,-36,74,190,0,0,0,0,0,0,0,0,0,0,0,0,0,0,0,0,0,0,0,0,0,0,51616
1,1,1,1,672,-2187,540,-22,8,27,-32,71,189,0,0,0,0,0,0,0,0,0,0,0,0,0,0,0,0,0,0,0,0,0,0,51626
1,1,1,1,667,-2187,527,-23,6,24,-37,74,195,0,0,0,0,0,0,0,0,0,0,0,0,0,0,0,0,0,0,0,0,0,0,51636
1,1,1,1,675,-2179,523,-21,10,19,-36,73,193,0,0,0,0,0,0,0,0,0,0,0,0,0,0,0,0,0,0,0,0,0,0,51646
1,1,1,1,684,-2189,530,-31,12,17,-37,74,196,0,0,0,0,0,0,0,0,0,0,0,0,0,0,0,0,0,0,0,0,0,0,51656
1,1,1,1,699,-2170,530,-31,9,13,-37,76,196,0,0,0,0,0,0,0,0,0,0,0,0,0,0,0,0,0,0,0,0,0,0,51666
1,1,1,1,701,-2180,527,-26,6,3,-37,77,198,0,0,0,0,0,0,0,0,0,0,0,0,0,0,0,0,0,0,0,0,0,0,51676
1,1,1,1,704,-2179,531,-11,8,-3,-38,77,198,0,0,0,0,0,0,0,0,0,0,0,0,0,0,0,0,0,0,0,0,0,0,51686
1,1,1,1,704,-2166,519,9,7,-7,-38,78,196,0,0,0,0,0,0,0,0,0,0,0,0,0,0,0,0,0,0,0,0,0,0,51696
1,1,1,1,709,-2172,520,18,1,-5,-36,77,199,0,0,0,0,0,0,0,0,0,0,0,0,0,0,0,0,0,0,0,0,0,0,51706
1,1,1,1,703,-2177,519,17,0,1,-36,77,200,0,0,0,0,0,0,0,0,0,0,0,0,0,0,0,0,0,0,0,0,0,0,51716
1,1,1,1,695,-2182,526,14,-7,2,-36,77,195,0,0,0,0,0,0,0,0,0,0,0,0,0,0,0,0,0,0,0,0,0,0,51726
1,1,1,1,695,-2187,529,6,-8,6,-36,77,198,0,0,0,0,0,0,0,0,0,0,0,0,0,0,0,0,0,0,0,0,0,0,51736
1,1,1,1,695,-2186,540,5,2,18,-39,78,202,0,0,0,0,0,0,0,0,0,0,0,0,0,0,0,0,0,0,0,0,0,0,51746
1,1,1,1,698,-2188,537,-11,-13,23,-38,77,200,0,0,0,0,0,0,0,0,0,0,0,0,0,0,0,0,0,0,0,0,0,0,51756
1,1,1,1,692,-2193,533,-18,-7,26,-36,77,198,0,0,0,0,0,0,0,0,0,0,0,0,0,0,0,0,0,0,0,0,0,0,51766
1,1,1,1,696,-2185,526,-8,0,29,-36,78,199,0,0,0,0,0,0,0,0,0,0,0,0,0,0,0,0,0,0,0,0,0,0,51776
1,1,1,1,696,-2185,525,-5,-10,24,-36,78,199,0,0,0,0,0,0,0,0,0,0,0,0,0,0,0,0,0,0,0,0,0,0,51786
1,1,1,1,688,-2187,523,4,-9,18,-37,78,204,0,0,0,0,0,0,0,0,0,0,0,0,0,0,0,0,0,0,0,0,0,0,51796
1,1,1,1,695,-2182,524,21,-5,13,-35,79,201,0,0,0,0,0,0,0,0,0,0,0,0,0,0,0,0,0,0,0,0,0,0,51806
1,1,1,1,700,-2182,527,18,-1,10,-37,77,201,0,0,0,0,0,0,0,0,0,0,0,0,0,0,0,0,0,0,0,0,0,0,51816
1,1,1,1,698,-2173,530,29,-11,9,-38,79,203,0,0,0,0,0,0,0,0,0,0,0,0,0,0,0,0,0,0,0,0,0,0,51826
1,1,1,1,691,-2184,522,25,-11,13,-36,75,200,0,0,0,0,0,0,0,0,0,0,0,0,0,0,0,0,0,0,0,0,0,0,51836
1,1,1,1,695,-2184,534,15,-10,16,-40,83,200,0,0,0,0,0,0,0,0,0,0,0,0,0,0,0,0,0,0,0,0,0,0,51846
1,1,1,1,692,-2186,542,-1,-16,20,-39,78,204,0,0,0,0,0,0,0,0,0,0,0,0,0,0,0,0,0,0,0,0,0,0,51856
1,1,1,1,690,-2182,545,-11,-19,22,-36,75,202,0,0,0,0,0,0,0,0,0,0,0,0,0,0,0,0,0,0,0,0,0,0,51866
1,1,1,1,688,-2183,543,-8,-19,19,-40,80,201,0,0,0,0,0,0,0,0,0,0,0,0,0,0,0,0,0,0,0,0,0,0,51876
1,1,1,1,686,-2188,541,-7,-4,18,-40,79,201,0,0,0,0,0,0,0,0,0,0,0,0,0,0,0,0,0,0,0,0,0,0,51886
1,1,1,1,687,-2183,533,-1,-3,16,-40,76,203,0,0,0,0,0,0,0,0,0,0,0,0,0,0,0,0,0,0,0,0,0,0,51896
1,1,1,1,683,-2185,524,5,3,17,-36,78,202,0,0,0,0,0,0,0,0,0,0,0,0,0,0,0,0,0,0,0,0,0,0,51906
1,1,1,1,692,-2181,529,1,-2,18,-37,79,204,0,0,0,0,0,0,0,0,0,0,0,0,0,0,0,0,0,0,0,0,0,0,51916
1,1,1,1,685,-2191,522,0,4,17,-38,78,202,0,0,0,0,0,0,0,0,0,0,0,0,0,0,0,0,0,0,0,0,0,0,51926
1,1,1,1,686,-2182,523,1,-5,17,-37,78,203,0,0,0,0,0,0,0,0,0,0,0,0,0,0,0,0,0,0,0,0,0,0,51936
1,1,1,1,683,-2177,522,2,-2,18,-37,78,202,0,0,0,0,0,0,0,0,0,0,0,0,0,0,0,0,0,0,0,0,0,0,51946
1,1,1,1,679,-2175,528,7,2,16,-40,79,203,0,0,0,0,0,0,0,0,0,0,0,0,0,0,0,0,0,0,0,0,0,0,51956
1,1,1,1,680,-2178,522,5,-11,13,-38,77,201,0,0,0,0,0,0,0,0,0,0,0,0,0,0,0,0,0,0,0,0,0,0,51966
1,1,1,1,684,-2181,521,5,-15,7,-39,78,202,0,0,0,0,0,0,0,0,0,0,0,0,0,0,0,0,0,0,0,0,0,0,51976
1,1,1,1,690,-2173,516,11,-12,6,-38,78,203,0,0,0,0,0,0,0,0,0,0,0,0,0,0,0,0,0,0,0,0,0,0,51986
1,1,1,1,701,-2173,522,26,-11,2,-37,78,202,0,0,0,0,0,0,0,0,0,0,0,0,0,0,0,0,0,0,0,0,0,0,51996
1,1,1,1,693,-2177,523,24,-15,-3,-37,78,203,0,0,0,0,0,0,0,0,0,0,0,0,0,0,0,0,0,0,0,0,0,0,52006
1,1,1,1,692,-2174,533,17,-16,-5,-38,78,199,0,0,0,0,0,0,0,0,0,0,0,0,0,0,0,0,0,0,0,0,0,0,52016
1,1,1,1,703,-2174,535,16,-28,-3,-38,78,201,0,0,0,0,0,0,0,0,0,0,0,0,0,0,0,0,0,0,0,0,0,0,52026
1,1,1,1,694,-2179,537,17,-19,2,-39,78,203,0,0,0,0,0,0,0,0,0,0,0,0,0,0,0,0,0,0,0,0,0,0,52036
1,1,1,1,693,-2195,543,7,-15,7,-40,78,205,0,0,0,0,0,0,0,0,0,0,0,0,0,0,0,0,0,0,0,0,0,0,52046
1,1,1,1,688,-2200,550,-9,-2,13,-41,78,205,0,0,0,0,0,0,0,0,0,0,0,0,0,0,0,0,0,0,0,0,0,0,52056
1,1,1,1,686,-2193,545,-14,-3,18,-41,78,203,0,0,0,0,0,0,0,0,0,0,0,0,0,0,0,0,0,0,0,0,0,0,52066
1,1,1,1,693,-2201,544,-19,4,23,-41,79,201,0,0,0,0,0,0,0,0,0,0,0,0,0,0,0,0,0,0,0,0,0,0,52076
1,1,1,1,690,-2194,538,-20,13,21,-38,79,204,0,0,0,0,0,0,0,0,0,0,0,0,0,0,0,0,0,0,0,0,0,0,52086
1,1,1,1,690,-2184,525,-13,14,20,-40,79,199,0,0,0,0,0,0,0,0,0,0,0,0,0,0,0,0,0,0,0,0,0,0,52096
1,1,1,1,693,-2187,522,-10,9,18,-40,79,202,0,0,0,0,0,0,0,0,0,0,0,0,0,0,0,0,0,0,0,0,0,0,52106
1,1,1,1,696,-2181,517,-8,4,14,-41,79,204,0,0,0,0,0,0,0,0,0,0,0,0,0,0,0,0,0,0,0,0,0,0,52116
1,1,1,1,696,-2171,516,-2,1,13,-42,79,200,0,0,0,0,0,0,0,0,0,0,0,0,0,0,0,0,0,0,0,0,0,0,52126
1,1,1,1,694,-2173,521,0,-6,13,-43,81,205,0,0,0,0,0,0,0,0,0,0,0,0,0,0,0,0,0,0,0,0,0,0,52136
1,1,1,1,693,-2177,524,6,-7,10,-42,81,203,0,0,0,0,0,0,0,0,0,0,0,0,0,0,0,0,0,0,0,0,0,0,52146
1,1,1,1,688,-2185,533,-3,-6,12,-41,80,205,0,0,0,0,0,0,0,0,0,0,0,0,0,0,0,0,0,0,0,0,0,0,52156
1,1,1,1,685,-2187,536,-8,-4,12,-39,76,204,0,0,0,0,0,0,0,0,0,0,0,0,0,0,0,0,0,0,0,0,0,0,52166
1,1,1,1,687,-2194,537,-11,-8,8,-39,79,204,0,0,0,0,0,0,0,0,0,0,0,0,0,0,0,0,0,0,0,0,0,0,52176
1,1,1,1,686,-2194,535,-8,-4,8,-42,81,205,0,0,0,0,0,0,0,0,0,0,0,0,0,0,0,0,0,0,0,0,0,0,52186
1,1,1,1,690,-2184,527,-2,6,9,-43,80,204,0,0,0,0,0,0,0,0,0,0,0,0,0,0,0,0,0,0,0,0,0,0,52196
1,1,1,1,699,-2182,528,1,3,14,-41,80,203,0,0,0,0,0,0,0,0,0,0,0,0,0,0,0,0,0,0,0,0,0,0,52206
1,1,1,1,686,-2189,526,-4,8,10,-40,79,203,0,0,0,0,0,0,0,0,0,0,0,0,0,0,0,0,0,0,0,0,0,0,52216
1,1,1,1,688,-2185,521,-4,3,11,-38,79,207,0,0,0,0,0,0,0,0,0,0,0,0,0,0,0,0,0,0,0,0,0,0,52226
1,1,1,1,686,-2187,524,-4,6,14,-39,79,208,0,0,0,0,0,0,0,0,0,0,0,0,0,0,0,0,0,0,0,0,0,0,52236
1,1,1,1,683,-2185,523,-6,4,14,-40,79,206,0,0,0,0,0,0,0,0,0,0,0,0,0,0,0,0,0,0,0,0,0,0,52246
1,1,1,1,682,-2190,521,-11,3,13,-39,79,205,0,0,0,0,0,0,0,0,0,0,0,0,0,0,0,0,0,0,0,0,0,0,52256
1,1,1,1,687,-2187,527,-19,5,10,-42,79,206,0,0,0,0,0,0,0,0,0,0,0,0,0,0,0,0,0,0,0,0,0,0,52266
1,1,1,1,695,-2172,516,-9,0,5,-41,79,205,0,0,0,0,0,0,0,0,0,0,0,0,0,0,0,0,0,0,0,0,0,0,52276
1,1,1,1,693,-2175,515,9,-9,2,-43,79,208,0,0,0,0,0,0,0,0,0,0,0,0,0,0,0,0,0,0,0,0,0,0,52286
1,1,1,1,691,-2183,521,14,-17,2,-42,79,207,0,0,0,0,0,0,0,0,0,0,0,0,0,0,0,0,0,0,0,0,0,0,52296
1,1,1,1,688,-2186,524,6,-15,0,-42,79,205,0,0,0,0,0,0,0,0,0,0,0,0,0,0,0,0,0,0,0,0,0,0,52306
1,1,1,1,686,-2184,525,2,-9,1,-40,79,208,0,0,0,0,0,0,0,0,0,0,0,0,0,0,0,0,0,0,0,0,0,0,52316
1,1,1,1,689,-2183,525,1,-6,2,-41,79,209,0,0,0,0,0,0,0,0,0,0,0,0,0,0,0,0,0,0,0,0,0,0,52326
1,1,1,1,687,-2186,524,0,-17,2,-40,78,206,0,0,0,0,0,0,0,0,0,0,0,0,0,0,0,0,0,0,0,0,0,0,52336
1,1,1,1,688,-2190,521,7,-12,3,-41,80,207,0,0,0,0,0,0,0,0,0,0,0,0,0,0,0,0,0,0,0,0,0,0,52346
1,1,1,1,691,-2191,526,19,-13,1,-41,79,210,0,0,0,0,0,0,0,0,0,0,0,0,0,0,0,0,0,0,0,0,0,0,52356
1,1,1,1,691,-2191,527,31,-17,-1,-42,80,207,0,0,0,0,0,0,0,0,0,0,0,0,0,0,0,0,0,0,0,0,0,0,52366
1,1,1,1,692,-2200,522,25,-12,-1,-40,79,207,0,0,0,0,0,0,0,0,0,0,0,0,0,0,0,0,0,0,0,0,0,0,52376
1,1,1,1,691,-2190,525,11,-16,3,-41,79,209,0,0,0,0,0,0,0,0,0,0,0,0,0,0,0,0,0,0,0,0,0,0,52386
1,1,1,1,688,-2195,529,-2,-4,6,-43,79,208,0,0,0,0,0,0,0,0,0,0,0,0,0,0,0,0,0,0,0,0,0,0,52396
1,1,1,1,688,-2195,529,-18,1,7,-40,79,207,0,0,0,0,0,0,0,0,0,0,0,0,0,0,0,0,0,0,0,0,0,0,52406
1,1,1,1,688,-2190,532,-37,-1,11,-42,78,205,0,0,0,0,0,0,0,0,0,0,0,0,0,0,0,0,0,0,0,0,0,0,52416
1,1,1,1,685,-2188,519,-32,0,6,-43,79,207,0,0,0,0,0,0,0,0,0,0,0,0,0,0,0,0,0,0,0,0,0,0,52426
1,1,1,1,688,-2187,518,-27,-8,0,-44,81,207,0,0,0,0,0,0,0,0,0,0,0,0,0,0,0,0,0,0,0,0,0,0,52436
1,1,1,1,694,-2178,513,-13,-9,-2,-43,80,206,0,0,0,0,0,0,0,0,0,0,0,0,0,0,0,0,0,0,0,0,0,0,52446
1,1,1,1,698,-2176,503,16,-3,-6,-41,78,205,0,0,0,0,0,0,0,0,0,0,0,0,0,0,0,0,0,0,0,0,0,0,52456
1,1,1,1,698,-2170,503,28,-15,-10,-44,79,207,0,0,0,0,0,0,0,0,0,0,0,0,0,0,0,0,0,0,0,0,0,0,52466
1,1,1,1,698,-2174,517,34,-15,-6,-43,82,207,0,0,0,0,0,0,0,0,0,0,0,0,0,0,0,0,0,0,0,0,0,0,52476
1,1,1,1,693,-2188,521,28,-12,-5,-43,79,208,0,0,0,0,0,0,0,0,0,0,0,0,0,0,0,0,0,0,0,0,0,0,52486
1,1,1,1,689,-2197,526,14,-8,1,-43,79,208,0,0,0,0,0,0,0,0,0,0,0,0,0,0,0,0,0,0,0,0,0,0,52496
1,1,1,1,694,-2199,533,-8,-6,2,-43,79,207,0,0,0,0,0,0,0,0,0,0,0,0,0,0,0,0,0,0,0,0,0,0,52506
1,1,1,1,692,-2199,531,-20,-5,4,-42,79,208,0,0,0,0,0,0,0,0,0,0,0,0,0,0,0,0,0,0,0,0,0,0,52516
1,1,1,1,690,-2188,522,-12,-2,2,-40,78,208,0,0,0,0,0,0,0,0,0,0,0,0,0,0,0,0,0,0,0,0,0,0,52526
1,1,1,1,691,-2185,519,-4,-3,2,-41,79,209,0,0,0,0,0,0,0,0,0,0,0,0,0,0,0,0,0,0,0,0,0,0,52536
1,1,1,1,693,-2187,517,4,-9,1,-41,79,210,0,0,0,0,0,0,0,0,0,0,0,0,0,0,0,0,0,0,0,0,0,0,52546
1,1,1,1,696,-2185,502,15,-3,3,-41,79,208,0,0,0,0,0,0,0,0,0,0,0,0,0,0,0,0,0,0,0,0,0,0,52556
1,1,1,1,694,-2180,507,25,-2,3,-39,78,209,0,0,0,0,0,0,0,0,0,0,0,0,0,0,0,0,0,0,0,0,0,0,52566
1,1,1,1,702,-2180,522,20,-9,3,-41,77,208,0,0,0,0,0,0,0,0,0,0,0,0,0,0,0,0,0,0,0,0,0,0,52576
1,1,1,1,704,-2181,518,24,-10,3,-41,78,207,0,0,0,0,0,0,0,0,0,0,0,0,0,0,0,0,0,0,0,0,0,0,52586
1,1,1,1,701,-2184,521,21,0,5,-40,78,209,0,0,0,0,0,0,0,0,0,0,0,0,0,0,0,0,0,0,0,0,0,0,52596
1,1,1,1,702,-2194,527,7,4,4,-40,78,206,0,0,0,0,0,0,0,0,0,0,0,0,0,0,0,0,0,0,0,0,0,0,52606
1,1,1,1,701,-2188,525,5,-5,2,-39,79,205,0,0,0,0,0,0,0,0,0,0,0,0,0,0,0,0,0,0,0,0,0,0,52616
1,1,1,1,695,-2188,521,-2,1,2,-39,79,208,0,0,0,0,0,0,0,0,0,0,0,0,0,0,0,0,0,0,0,0,0,0,52626
1,1,1,1,695,-2185,520,6,0,0,-41,78,207,0,0,0,0,0,0,0,0,0,0,0,0,0,0,0,0,0,0,0,0,0,0,52636
1,1,1,1,695,-2182,514,19,8,1,-41,79,206,0,0,0,0,0,0,0,0,0,0,0,0,0,0,0,0,0,0,0,0,0,0,52646
1,1,1,1,691,-2185,516,26,-4,1,-42,79,206,0,0,0,0,0,0,0,0,0,0,0,0,0,0,0,0,0,0,0,0,0,0,52656
1,1,1,1,697,-2189,526,28,-14,1,-41,78,208,0,0,0,0,0,0,0,0,0,0,0,0,0,0,0,0,0,0,0,0,0,0,52666
1,1,1,1,702,-2190,538,24,-5,6,-41,78,210,0,0,0,0,0,0,0,0,0,0,0,0,0,0,0,0,0,0,0,0,0,0,52676
1,1,1,1,701,-2199,548,12,-1,7,-40,79,207,0,0,0,0,0,0,0,0,0,0,0,0,0,0,0,0,0,0,0,0,0,0,52686
1,1,1,1,691,-2199,536,5,1,8,-42,79,206,0,0,0,0,0,0,0,0,0,0,0,0,0,0,0,0,0,0,0,0,0,0,52696
1,1,1,1,696,-2203,540,-2,0,9,-42,79,209,0,0,0,0,0,0,0,0,0,0,0,0,0,0,0,0,0,0,0,0,0,0,52706
1,1,1,1,694,-2202,526,-11,12,14,-44,79,207,0,0,0,0,0,0,0,0,0,0,0,0,0,0,0,0,0,0,0,0,0,0,52716
1,1,1,1,695,-2191,518,-8,14,13,-43,79,209,0,0,0,0,0,0,0,0,0,0,0,0,0,0,0,0,0,0,0,0,0,0,52726
1,1,1,1,697,-2181,513,-2,9,10,-42,80,208,0,0,0,0,0,0,0,0,0,0,0,0,0,0,0,0,0,0,0,0,0,0,52736
1,1,1,1,694,-2175,515,6,12,16,-44,83,209,0,0,0,0,0,0,0,0,0,0,0,0,0,0,0,0,0,0,0,0,0,0,52746
1,1,1,1,697,-2171,516,11,9,15,-42,82,209,0,0,0,0,0,0,0,0,0,0,0,0,0,0,0,0,0,0,0,0,0,0,52756
1,1,1,1,694,-2172,520,6,5,15,-42,79,207,0,0,0,0,0,0,0,0,0,0,0,0,0,0,0,0,0,0,0,0,0,0,52766
1,1,1,1,693,-2164,523,3,-1,18,-40,75,205,0,0,0,0,0,0,0,0,0,0,0,0,0,0,0,0,0,0,0,0,0,0,52776
1,1,1,1,683,-2177,506,11,-4,13,-42,78,208,0,0,0,0,0,0,0,0,0,0,0,0,0,0,0,0,0,0,0,0,0,0,52786
1,1,1,1,689,-2181,515,14,-12,6,-41,77,206,0,0,0,0,0,0,0,0,0,0,0,0,0,0,0,0,0,0,0,0,0,0,52796
1,1,1,1,690,-2181,512,17,-17,0,-41,81,208,0,0,0,0,0,0,0,0,0,0,0,0,0,0,0,0,0,0,0,0,0,0,52806
1,1,1,1,692,-2182,520,16,-17,-5,-41,80,209,0,0,0,0,0,0,0,0,0,0,0,0,0,0,0,0,0,0,0,0,0,0,52816
1,1,1,1,695,-2188,523,15,-13,-4,-39,78,207,0,0,0,0,0,0,0,0,0,0,0,0,0,0,0,0,0,0,0,0,0,0,52826
1,1,1,1,700,-2184,527,13,-16,-7,-39,77,209,0,0,0,0,0,0,0,0,0,0,0,0,0,0,0,0,0,0,0,0,0,0,52836
1,1,1,1,702,-2183,532,14,-14,-7,-39,79,210,0,0,0,0,0,0,0,0,0,0,0,0,0,0,0,0,0,0,0,0,0,0,52846
1,1,1,1,702,-2184,524,14,-9,-7,-41,79,209,0,0,0,0,0,0,0,0,0,0,0,0,0,0,0,0,0,0,0,0,0,0,52856
1,1,1,1,701,-2183,529,17,-5,-7,-41,79,209,0,0,0,0,0,0,0,0,0,0,0,0,0,0,0,0,0,0,0,0,0,0,52866
1,1,1,1,701,-2186,523,15,1,-4,-41,79,211,0,0,0,0,0,0,0,0,0,0,0,0,0,0,0,0,0,0,0,0,0,0,52876
1,1,1,1,708,-2188,515,8,-5,-5,-42,79,209,0,0,0,0,0,0,0,0,0,0,0,0,0,0,0,0,0,0,0,0,0,0,52886
1,1,1,1,708,-2184,513,12,-14,-6,-41,79,208,0,0,0,0,0,0,0,0,0,0,0,0,0,0,0,0,0,0,0,0,0,0,52896
1,1,1,1,706,-2186,516,18,-6,1,-40,80,209,0,0,0,0,0,0,0,0,0,0,0,0,0,0,0,0,0,0,0,0,0,0,52906
1,1,1,1,701,-2190,522,19,-13,0,-40,79,207,0,0,0,0,0,0,0,0,0,0,0,0,0,0,0,0,0,0,0,0,0,0,52916
1,1,1,1,697,-2193,525,15,-9,3,-39,79,206,0,0,0,0,0,0,0,0,0,0,0,0,0,0,0,0,0,0,0,0,0,0,52926
1,1,1,1,702,-2196,539,6,-13,1,-41,79,206,0,0,0,0,0,0,0,0,0,0,0,0,0,0,0,0,0,0,0,0,0,0,52936
1,1,1,1,698,-2196,540,-6,-11,2,-40,79,205,0,0,0,0,0,0,0,0,0,0,0,0,0,0,0,0,0,0,0,0,0,0,52946
1,1,1,1,701,-2185,539,1,-1,3,-41,80,207,0,0,0,0,0,0,0,0,0,0,0,0,0,0,0,0,0,0,0,0,0,0,52956
1,1,1,1,700,-2188,533,-1,1,0,-40,79,204,0,0,0,0,0,0,0,0,0,0,0,0,0,0,0,0,0,0,0,0,0,0,52966
1,1,1,1,702,-2189,530,1,6,-1,-43,80,206,0,0,0,0,0,0,0,0,0,0,0,0,0,0,0,0,0,0,0,0,0,0,52976
1,1,1,1,707,-2181,527,8,1,0,-42,79,205,0,0,0,0,0,0,0,0,0,0,0,0,0,0,0,0,0,0,0,0,0,0,52986
1,1,1,1,704,-2186,531,-8,-4,3,-38,79,207,0,0,0,0,0,0,0,0,0,0,0,0,0,0,0,0,0,0,0,0,0,0,52996
1,1,1,1,708,-2177,536,-13,-1,9,-38,79,208,0,0,0,0,0,0,0,0,0,0,0,0,0,0,0,0,0,0,0,0,0,0,53006
1,1,1,1,703,-2183,527,-5,5,15,-38,79,206,0,0,0,0,0,0,0,0,0,0,0,0,0,0,0,0,0,0,0,0,0,0,53016
1,1,1,1,701,-2189,525,-9,6,19,-39,80,209,0,0,0,0,0,0,0,0,0,0,0,0,0,0,0,0,0,0,0,0,0,0,53026
1,1,1,1,689,-2195,524,-19,12,19,-40,80,210,0,0,0,0,0,0,0,0,0,0,0,0,0,0,0,0,0,0,0,0,0,0,53036
1,1,1,1,684,-2186,513,-9,3,13,-39,80,208,0,0,0,0,0,0,0,0,0,0,0,0,0,0,0,0,0,0,0,0,0,0,53046
1,1,1,1,693,-2180,515,-2,9,11,-37,77,207,0,0,0,0,0,0,0,0,0,0,0,0,0,0,0,0,0,0,0,0,0,0,53056
1,1,1,1,700,-2170,512,7,6,6,-37,74,206,0,0,0,0,0,0,0,0,0,0,0,0,0,0,0,0,0,0,0,0,0,0,53066
1,1,1,1,708,-2168,514,20,1,1,-41,81,209,0,0,0,0,0,0,0,0,0,0,0,0,0,0,0,0,0,0,0,0,0,0,53076
1,1,1,1,703,-2179,520,27,3,-3,-38,79,208,0,0,0,0,0,0,0,0,0,0,0,0,0,0,0,0,0,0,0,0,0,0,53086
1,1,1,1,698,-2187,523,14,7,-2,-38,77,208,0,0,0,0,0,0,0,0,0,0,0,0,0,0,0,0,0,0,0,0,0,0,53096
1,1,1,1,696,-2187,520,16,1,-3,-38,80,209,0,0,0,0,0,0,0,0,0,0,0,0,0,0,0,0,0,0,0,0,0,0,53106
1,1,1,1,695,-2188,530,16,0,3,-36,77,204,0,0,0,0,0,0,0,0,0,0,0,0,0,0,0,0,0,0,0,0,0,0,53116
1,1,1,1,696,-2187,535,4,0,6,-37,77,208,0,0,0,0,0,0,0,0,0,0,0,0,0,0,0,0,0,0,0,0,0,0,53126
1,1,1,1,702,-2188,531,5,0,6,-37,79,206,0,0,0,0,0,0,0,0,0,0,0,0,0,0,0,0,0,0,0,0,0,0,53136
1,1,1,1,700,-2195,527,4,5,4,-37,79,208,0,0,0,0,0,0,0,0,0,0,0,0,0,0,0,0,0,0,0,0,0,0,53146
1,1,1,1,697,-2194,528,2,9,5,-38,79,206,0,0,0,0,0,0,0,0,0,0,0,0,0,0,0,0,0,0,0,0,0,0,53156
1,1,1,1,700,-2185,521,-1,11,6,-40,79,209,0,0,0,0,0,0,0,0,0,0,0,0,0,0,0,0,0,0,0,0,0,0,53166
1,1,1,1,701,-2185,523,0,14,7,-39,79,209,0,0,0,0,0,0,0,0,0,0,0,0,0,0,0,0,0,0,0,0,0,0,53176
1,1,1,1,700,-2185,517,1,7,2,-40,79,206,0,0,0,0,0,0,0,0,0,0,0,0,0,0,0,0,0,0,0,0,0,0,53186
1,1,1,1,698,-2187,515,1,2,3,-38,79,204,0,0,0,0,0,0,0,0,0,0,0,0,0,0,0,0,0,0,0,0,0,0,53196
1,1,1,1,697,-2185,518,8,8,-1,-38,79,205,0,0,0,0,0,0,0,0,0,0,0,0,0,0,0,0,0,0,0,0,0,0,53206
1,1,1,1,703,-2182,522,11,6,1,-38,80,206,0,0,0,0,0,0,0,0,0,0,0,0,0,0,0,0,0,0,0,0,0,0,53216
1,1,1,1,697,-2184,526,-2,-7,-3,-38,79,203,0,0,0,0,0,0,0,0,0,0,0,0,0,0,0,0,0,0,0,0,0,0,53226
1,1,1,1,696,-2181,531,2,2,0,-38,80,204,0,0,0,0,0,0,0,0,0,0,0,0,0,0,0,0,0,0,0,0,0,0,53236
1,1,1,1,696,-2178,532,-1,-5,-2,-40,80,201,0,0,0,0,0,0,0,0,0,0,0,0,0,0,0,0,0,0,0,0,0,0,53246
1,1,1,1,694,-2177,527,1,-4,-3,-38,79,203,0,0,0,0,0,0,0,0,0,0,0,0,0,0,0,0,0,0,0,0,0,0,53256
1,1,1,1,693,-2180,522,7,-1,1,-40,79,205,0,0,0,0,0,0,0,0,0,0,0,0,0,0,0,0,0,0,0,0,0,0,53266
1,1,1,1,694,-2188,523,2,-5,0,-39,80,202,0,0,0,0,0,0,0,0,0,0,0,0,0,0,0,0,0,0,0,0,0,0,53276
1,1,1,1,694,-2188,520,-1,-2,-1,-38,79,205,0,0,0,0,0,0,0,0,0,0,0,0,0,0,0,0,0,0,0,0,0,0,53286
1,1,1,1,700,-2186,525,-6,4,3,-38,80,203,0,0,0,0,0,0,0,0,0,0,0,0,0,0,0,0,0,0,0,0,0,0,53296
1,1,1,1,701,-2182,518,-7,7,2,-38,79,205,0,0,0,0,0,0,0,0,0,0,0,0,0,0,0,0,0,0,0,0,0,0,53306
1,1,1,1,702,-2173,519,2,2,3,-37,79,203,0,0,0,0,0,0,0,0,0,0,0,0,0,0,0,0,0,0,0,0,0,0,53316
1,1,1,1,702,-2175,527,1,-3,4,-37,78,203,0,0,0,0,0,0,0,0,0,0,0,0,0,0,0,0,0,0,0,0,0,0,53326
1,1,1,1,701,-2181,513,10,-1,4,-39,81,203,0,0,0,0,0,0,0,0,0,0,0,0,0,0,0,0,0,0,0,0,0,0,53336
1,1,1,1,697,-2190,513,11,-3,2,-38,79,202,0,0,0,0,0,0,0,0,0,0,0,0,0,0,0,0,0,0,0,0,0,0,53346
1,1,1,1,699,-2195,524,1,4,2,-36,76,202,0,0,0,0,0,0,0,0,0,0,0,0,0,0,0,0,0,0,0,0,0,0,53356
1,1,1,1,688,-2190,516,-7,2,2,-41,78,202,0,0,0,0,0,0,0,0,0,0,0,0,0,0,0,0,0,0,0,0,0,0,53366
1,1,1,1,698,-2186,517,-6,4,4,-41,81,204,0,0,0,0,0,0,0,0,0,0,0,0,0,0,0,0,0,0,0,0,0,0,53376
1,1,1,1,699,-2189,521,-14,7,5,-38,79,204,0,0,0,0,0,0,0,0,0,0,0,0,0,0,0,0,0,0,0,0,0,0,53386
1,1,1,1,702,-2182,518,-10,0,-3,-37,78,203,0,0,0,0,0,0,0,0,0,0,0,0,0,0,0,0,0,0,0,0,0,0,53396
1,1,1,1,705,-2174,516,-2,5,-2,-39,78,203,0,0,0,0,0,0,0,0,0,0,0,0,0,0,0,0,0,0,0,0,0,0,53406
1,1,1,1,706,-2179,511,4,2,-1,-37,79,204,0,0,0,0,0,0,0,0,0,0,0,0,0,0,0,0,0,0,0,0,0,0,53416
1,1,1,1,709,-2183,518,9,-2,3,-39,79,206,0,0,0,0,0,0,0,0,0,0,0,0,0,0,0,0,0,0,0,0,0,0,53426
1,1,1,1,703,-2182,516,11,-6,5,-37,79,202,0,0,0,0,0,0,0,0,0,0,0,0,0,0,0,0,0,0,0,0,0,0,53436
1,1,1,1,704,-2180,516,12,-19,6,-38,79,204,0,0,0,0,0,0,0,0,0,0,0,0,0,0,0,0,0,0,0,0,0,0,53446
1,1,1,1,702,-2197,514,9,-14,6,-37,79,202,0,0,0,0,0,0,0,0,0,0,0,0,0,0,0,0,0,0,0,0,0,0,53456
1,1,1,1,698,-2199,528,4,-12,6,-39,79,204,0,0,0,0,0,0,0,0,0,0,0,0,0,0,0,0,0,0,0,0,0,0,53466
1,1,1,1,700,-2196,530,0,-7,5,-40,80,207,0,0,0,0,0,0,0,0,0,0,0,0,0,0,0,0,0,0,0,0,0,0,53476
1,1,1,1,701,-2187,534,1,2,6,-40,79,205,0,0,0,0,0,0,0,0,0,0,0,0,0,0,0,0,0,0,0,0,0,0,53486
1,1,1,1,708,-2185,539,0,-6,7,-38,79,206,0,0,0,0,0,0,0,0,0,0,0,0,0,0,0,0,0,0,0,0,0,0,53496
1,1,1,1,701,-2183,528,-5,-6,7,-38,79,201,0,0,0,0,0,0,0,0,0,0,0,0,0,0,0,0,0,0,0,0,0,0,53506
1,1,1,1,705,-2178,519,3,-5,7,-37,80,205,0,0,0,0,0,0,0,0,0,0,0,0,0,0,0,0,0,0,0,0,0,0,53516
1,1,1,1,702,-2184,519,5,0,10,-36,79,205,0,0,0,0,0,0,0,0,0,0,0,0,0,0,0,0,0,0,0,0,0,0,53526
1,1,1,1,703,-2178,521,9,-5,10,-39,80,202,0,0,0,0,0,0,0,0,0,0,0,0,0,0,0,0,0,0,0,0,0,0,53536
1,1,1,1,704,-2188,522,11,-2,9,-37,79,200,0,0,0,0,0,0,0,0,0,0,0,0,0,0,0,0,0,0,0,0,0,0,53546
1,1,1,1,698,-2189,520,6,-7,6,-38,79,202,0,0,0,0,0,0,0,0,0,0,0,0,0,0,0,0,0,0,0,0,0,0,53556
1,1,1,1,698,-2183,523,12,-4,4,-39,80,203,0,0,0,0,0,0,0,0,0,0,0,0,0,0,0,0,0,0,0,0,0,0,53566
1,1,1,1,699,-2186,530,4,-3,3,-40,79,204,0,0,0,0,0,0,0,0,0,0,0,0,0,0,0,0,0,0,0,0,0,0,53576
1,1,1,1,700,-2185,532,3,1,3,-39,79,203,0,0,0,0,0,0,0,0,0,0,0,0,0,0,0,0,0,0,0,0,0,0,53586
1,1,1,1,702,-2192,527,2,2,0,-37,80,202,0,0,0,0,0,0,0,0,0,0,0,0,0,0,0,0,0,0,0,0,0,0,53596
1,1,1,1,701,-2189,529,4,1,-3,-36,80,204,0,0,0,0,0,0,0,0,0,0,0,0,0,0,0,0,0,0,0,0,0,0,53606
1,1,1,1,703,-2183,531,3,5,0,-37,79,204,0,0,0,0,0,0,0,0,0,0,0,0,0,0,0,0,0,0,0,0,0,0,53616
1,1,1,1,700,-2184,524,2,3,1,-38,80,203,0,0,0,0,0,0,0,0,0,0,0,0,0,0,0,0,0,0,0,0,0,0,53626
1,1,1,1,703,-2176,530,5,-2,4,-39,79,204,0,0,0,0,0,0,0,0,0,0,0,0,0,0,0,0,0,0,0,0,0,0,53636
1,1,1,1,693,-2179,519,6,5,7,-41,81,203,0,0,0,0,0,0,0,0,0,0,0,0,0,0,0,0,0,0,0,0,0,0,53646
1,1,1,1,695,-2179,519,2,1,2,-37,79,201,0,0,0,0,0,0,0,0,0,0,0,0,0,0,0,0,0,0,0,0,0,0,53656
1,1,1,1,695,-2188,520,-10,-1,2,-39,79,203,0,0,0,0,0,0,0,0,0,0,0,0,0,0,0,0,0,0,0,0,0,0,53666
1,1,1,1,699,-2183,511,-14,-6,3,-39,81,205,0,0,0,0,0,0,0,0,0,0,0,0,0,0,0,0,0,0,0,0,0,0,53676
1,1,1,1,700,-2176,506,-5,-3,-2,-36,74,200,0,0,0,0,0,0,0,0,0,0,0,0,0,0,0,0,0,0,0,0,0,0,53686
1,1,1,1,707,-2173,508,8,-15,-9,-40,80,205,0,0,0,0,0,0,0,0,0,0,0,0,0,0,0,0,0,0,0,0,0,0,53696
1,1,1,1,709,-2172,515,8,-14,-11,-42,82,204,0,0,0,0,0,0,0,0,0,0,0,0,0,0,0,0,0,0,0,0,0,0,53706
1,1,1,1,709,-2173,518,18,-7,-12,-39,80,203,0,0,0,0,0,0,0,0,0,0,0,0,0,0,0,0,0,0,0,0,0,0,53716
1,1,1,1,703,-2181,518,18,-11,-15,-36,79,201,0,0,0,0,0,0,0,0,0,0,0,0,0,0,0,0,0,0,0,0,0,0,53726
1,1,1,1,703,-2187,524,15,-10,-19,-35,79,203,0,0,0,0,0,0,0,0,0,0,0,0,0,0,0,0,0,0,0,0,0,0,53736
1,1,1,1,700,-2183,513,28,-6,-28,-36,80,204,0,0,0,0,0,0,0,0,0,0,0,0,0,0,0,0,0,0,0,0,0,0,53746
1,1,1,1,713,-2172,503,47,-3,-35,-36,79,202,0,0,0,0,0,0,0,0,0,0,0,0,0,0,0,0,0,0,0,0,0,0,53756
1,1,1,1,716,-2172,497,54,-7,-41,-36,78,200,0,0,0,0,0,0,0,0,0,0,0,0,0,0,0,0,0,0,0,0,0,0,53766
1,1,1,1,718,-2172,504,44,-7,-51,-35,79,200,0,0,0,0,0,0,0,0,0,0,0,0,0,0,0,0,0,0,0,0,0,0,53776
1,1,1,1,711,-2170,495,43,5,-62,-38,80,200,0,0,0,0,0,0,0,0,0,0,0,0,0,0,0,0,0,0,0,0,0,0,53786
1,1,1,1,721,-2157,482,55,12,-79,-35,79,195,0,0,0,0,0,0,0,0,0,0,0,0,0,0,0,0,0,0,0,0,0,0,53796
1,1,1,1,715,-2183,478,43,23,-103,-38,79,189,0,0,0,0,0,0,0,0,0,0,0,0,0,0,0,0,0,0,0,0,0,0,53806
1,1,1,1,710,-2159,464,42,39,-132,-35,78,187,0,0,0,0,0,0,0,0,0,0,0,0,0,0,0,0,0,0,0,0,0,0,53816
1,1,1,1,734,-2158,445,34,50,-165,-37,77,181,0,0,0,0,0,0,0,0,0,0,0,0,0,0,0,0,0,0,0,0,0,0,53826
1,1,1,1,735,-2151,430,4,58,-194,-36,76,174,0,0,0,0,0,0,0,0,0,0,0,0,0,0,0,0,0,0,0,0,0,0,53836
1,1,1,1,745,-2126,412,-27,64,-219,-36,76,169,0,0,0,0,0,0,0,0,0,0,0,0,0,0,0,0,0,0,0,0,0,0,53846
1,1,1,1,747,-2128,406,-85,46,-244,-37,74,160,0,0,0,0,0,0,0,0,0,0,0,0,0,0,0,0,0,0,0,0,0,0,53856
1,1,1,1,743,-2148,418,-176,10,-261,-37,72,150,0,0,0,0,0,0,0,0,0,0,0,0,0,0,0,0,0,0,0,0,0,0,53866
1,1,1,1,717,-2140,431,-324,-36,-265,-32,70,138,0,0,0,0,0,0,0,0,0,0,0,0,0,0,0,0,0,0,0,0,0,0,53876
1,1,1,1,704,-2129,462,-467,-72,-259,-28,68,125,0,0,0,0,0,0,0,0,0,0,0,0,0,0,0,0,0,0,0,0,0,0,53886
1,1,1,1,679,-2122,465,-558,-109,-260,-26,65,115,0,0,0,0,0,0,0,0,0,0,0,0,0,0,0,0,0,0,0,0,0,0,53896
1,1,1,1,621,-2096,463,-592,-100,-256,-24,63,107,0,0,0,0,0,0,0,0,0,0,0,0,0,0,0,0,0,0,0,0,0,0,53906
1,1,1,1,550,-2162,434,-614,-77,-274,-20,60,98,0,0,0,0,0,0,0,0,0,0,0,0,0,0,0,0,0,0,0,0,0,0,53916
1,1,1,1,508,-2276,419,-782,-62,-320,-18,59,84,0,0,0,0,0,0,0,0,0,0,0,0,0,0,0,0,0,0,0,0,0,0,53926
1,1,1,1,563,-2214,491,-1089,-114,-276,-15,59,80,0,0,0,0,0,0,0,0,0,0,0,0,0,0,0,0,0,0,0,0,0,0,53936
1,1,1,1,602,-2203,498,-1231,-166,-305,-13,55,74,0,0,0,0,0,0,0,0,0,0,0,0,0,0,0,0,0,0,0,0,0,0,53946
1,1,1,1,599,-2163,476,-1299,-193,-331,-14,57,69,0,0,0,0,0,0,0,0,0,0,0,0,0,0,0,0,0,0,0,0,0,0,53956
1,1,1,1,598,-2167,382,-1327,-165,-344,-7,50,63,0,0,0,0,0,0,0,0,0,0,0,0,0,0,0,0,0,0,0,0,0,0,53966
1,1,1,1,677,-2107,367,-1325,-181,-318,-7,55,60,0,0,0,0,0,0,0,0,0,0,0,0,0,0,0,0,0,0,0,0,0,0,53976
1,1,1,1,717,-2224,296,-1227,-171,-366,-3,52,48,0,0,0,0,0,0,0,0,0,0,0,0,0,0,0,0,0,0,0,0,0,0,53986
1,1,1,1,802,-2227,387,-1349,-313,-315,-8,52,49,0,0,0,0,0,0,0,0,0,0,0,0,0,0,0,0,0,0,0,0,0,0,53996
1,1,1,1,883,-2347,175,-1647,-299,-386,-9,52,49,0,0,0,0,0,0,0,0,0,0,0,0,0,0,0,0,0,0,0,0,0,0,54006
1,1,1,1,825,-2346,200,-1687,-295,-412,-5,49,41,0,0,0,0,0,0,0,0,0,0,0,0,0,0,0,0,0,0,0,0,0,0,54016
1,1,1,1,848,-2316,249,-1874,-418,-375,-4,49,41,0,0,0,0,0,0,0,0,0,0,0,0,0,0,0,0,0,0,0,0,0,0,54026
1,1,1,1,915,-2244,191,-2146,-555,-286,-7,46,40,0,0,0,0,0,0,0,0,0,0,0,0,0,0,0,0,0,0,0,0,0,0,54036
1,1,1,1,855,-2292,54,-2421,-545,-307,-9,46,46,0,0,0,0,0,0,0,0,0,0,0,0,0,0,0,0,0,0,0,0,0,0,54046
1,1,1,1,792,-2387,-146,-2745,-503,-380,-8,46,45,0,0,0,0,0,0,0,0,0,0,0,0,0,0,0,0,0,0,0,0,0,0,54056
1,1,1,1,721,-2383,6,-3028,-615,-413,-12,46,44,0,0,0,0,0,0,0,0,0,0,0,0,0,0,0,0,0,0,0,0,0,0,54066
1,1,1,1,790,-2321,-130,-3468,-724,-496,-18,45,47,0,0,0,0,0,0,0,0,0,0,0,0,0,0,0,0,0,0,0,0,0,0,54076
1,1,1,1,811,-2347,-291,-3904,-684,-553,-8,44,42,0,0,0,0,0,0,0,0,0,0,0,0,0,0,0,0,0,0,0,0,0,0,54086
1,1,1,1,845,-2271,-378,-3854,-691,-490,-18,36,43,0,0,0,0,0,0,0,0,0,0,0,0,0,0,0,0,0,0,0,0,0,0,54096
1,1,1,1,718,-1988,-561,-3759,-397,-326,-9,41,37,0,0,0,0,0,0,0,0,0,0,0,0,0,0,0,0,0,0,0,0,0,0,54106
1,1,1,1,767,-2199,-44,-3708,-447,-623,-7,38,40,0,0,0,0,0,0,0,0,0,0,0,0,0,0,0,0,0,0,0,0,0,0,54116
1,1,1,1,902,-2042,-407,-2925,-357,-617,-8,40,36,0,0,0,0,0,0,0,0,0,0,0,0,0,0,0,0,0,0,0,0,0,0,54126
1,1,1,1,950,-2303,-300,-2945,-469,-647,-7,40,38,0,0,0,0,0,0,0,0,0,0,0,0,0,0,0,0,0,0,0,0,0,0,54136
1,1,1,1,1035,-2314,-434,-2736,-490,-713,-7,41,39,0,0,0,0,0,0,0,0,0,0,0,0,0,0,0,0,0,0,0,0,0,0,54146
1,1,1,1,1088,-2420,-409,-2607,-550,-911,-7,39,39,0,0,0,0,0,0,0,0,0,0,0,0,0,0,0,0,0,0,0,0,0,0,54156
1,1,1,1,1173,-2351,-615,-2560,-464,-984,-11,39,42,0,0,0,0,0,0,0,0,0,0,0,0,0,0,0,0,0,0,0,0,0,0,54166
1,1,1,1,1148,-2398,-728,-2724,-381,-968,-15,39,45,0,0,0,0,0,0,0,0,0,0,0,0,0,0,0,0,0,0,0,0,0,0,54176
1,1,1,1,1217,-2406,-789,-3040,-277,-933,-13,40,41,0,0,0,0,0,0,0,0,0,0,0,0,0,0,0,0,0,0,0,0,0,0,54186
1,1,1,1,1141,-2276,-696,-3305,-283,-822,-8,39,38,0,0,0,0,0,0,0,0,0,0,0,0,0,0,0,0,0,0,0,0,0,0,54196
1,1,1,1,1015,-2145,-599,-2963,-305,-664,-6,38,40,0,0,0,0,0,0,0,0,0,0,0,0,0,0,0,0,0,0,0,0,0,0,54206
1,1,1,1,1043,-2164,-803,-2477,-273,-592,-11,39,41,0,0,0,0,0,0,0,0,0,0,0,0,0,0,0,0,0,0,0,0,0,0,54216
1,1,1,1,1213,-2276,-989,-2457,-274,-565,-15,37,43,0,0,0,0,0,0,0,0,0,0,0,0,0,0,0,0,0,0,0,0,0,0,54226
1,1,1,1,1359,-2275,-1105,-2871,-292,-593,-14,38,44,0,0,0,0,0,0,0,0,0,0,0,0,0,0,0,0,0,0,0,0,0,0,54236
1,1,1,1,1424,-2153,-1079,-3037,-314,-630,-15,37,43,0,0,0,0,0,0,0,0,0,0,0,0,0,0,0,0,0,0,0,0,0,0,54246
1,1,1,1,1435,-2062,-1014,-3038,-414,-642,-13,39,44,0,0,0,0,0,0,0,0,0,0,0,0,0,0,0,0,0,0,0,0,0,0,54256
1,1,1,1,1427,-1991,-1035,-3010,-531,-652,-18,38,43,0,0,0,0,0,0,0,0,0,0,0,0,0,0,0,0,0,0,0,0,0,0,54266
1,1,1,1,1354,-1956,-1127,-3164,-570,-715,-25,37,46,0,0,0,0,0,0,0,0,0,0,0,0,0,0,0,0,0,0,0,0,0,0,54276
1,1,1,1,1258,-1930,-1147,-3974,-468,-760,-41,32,41,0,0,0,0,0,0,0,0,0,0,0,0,0,0,0,0,0,0,0,0,0,0,54286
1,1,1,1,1168,-1952,-1062,-5739,-1,-777,-33,30,43,0,0,0,0,0,0,0,0,0,0,0,0,0,0,0,0,0,0,0,0,0,0,54296
1,1,1,1,1279,-1744,-1218,-5975,290,-826,-23,32,34,0,0,0,0,0,0,0,0,0,0,0,0,0,0,0,0,0,0,0,0,0,0,54306
1,1,1,1,1177,-2085,-1308,-5668,-73,-661,-2,36,45,0,0,0,0,0,0,0,0,0,0,0,0,0,0,0,0,0,0,0,0,0,0,54316
1,1,1,1,1212,-1574,-1915,-3722,-677,-1153,-8,35,47,0,0,0,0,0,0,0,0,0,0,0,0,0,0,0,0,0,0,0,0,0,0,54326
1,1,1,1,1216,-1672,-1730,-2498,-1094,-1503,-18,31,48,0,0,0,0,0,0,0,0,0,0,0,0,0,0,0,0,0,0,0,0,0,0,54336
1,1,1,1,964,-1761,-1688,-3054,-856,-1512,-22,29,50,0,0,0,0,0,0,0,0,0,0,0,0,0,0,0,0,0,0,0,0,0,0,54346
1,1,1,1,1168,-1506,-1798,-3717,-599,-1637,-22,27,38,0,0,0,0,0,0,0,0,0,0,0,0,0,0,0,0,0,0,0,0,0,0,54356
1,1,1,1,1240,-1245,-1644,-4059,-472,-1408,-17,21,23,0,0,0,0,0,0,0,0,0,0,0,0,0,0,0,0,0,0,0,0,0,0,54366
1,1,1,1,1291,-672,-2019,-3632,-227,-834,-8,17,11,0,0,0,0,0,0,0,0,0,0,0,0,0,0,0,0,0,0,0,0,0,0,54376
1,1,1,1,1348,-577,-2277,-2300,-83,-422,-8,15,11,0,0,0,0,0,0,0,0,0,0,0,0,0,0,0,0,0,0,0,0,0,0,54386
1,1,1,1,1187,-845,-2112,-1342,-33,-436,-14,13,10,0,0,0,0,0,0,0,0,0,0,0,0,0,0,0,0,0,0,0,0,0,0,54396
1,1,1,1,1178,-1031,-1905,-1264,-95,-581,-15,11,9,0,0,0,0,0,0,0,0,0,0,0,0,0,0,0,0,0,0,0,0,0,0,54406
1,1,1,1,1237,-1129,-1939,-1508,-168,-706,-15,9,1,0,0,0,0,0,0,0,0,0,0,0,0,0,0,0,0,0,0,0,0,0,0,54416
1,1,1,1,1249,-1205,-1959,-1776,-113,-700,-21,7,4,0,0,0,0,0,0,0,0,0,0,0,0,0,0,0,0,0,0,0,0,0,0,54426
1,1,1,1,1066,-1433,-1992,-2523,-71,-596,-25,8,3,0,0,0,0,0,0,0,0,0,0,0,0,0,0,0,0,0,0,0,0,0,0,54436
1,1,1,1,1176,-1418,-1955,-3326,-159,-562,-18,3,0,0,0,0,0,0,0,0,0,0,0,0,0,0,0,0,0,0,0,0,0,0,0,54446
1,1,1,1,1622,-923,-2068,-3149,-276,-660,-15,-2,0,0,0,0,0,0,0,0,0,0,0,0,0,0,0,0,0,0,0,0,0,0,0,54456
1,1,1,1,1387,-589,-2213,-2654,-314,-743,-17,-8,-1,0,0,0,0,0,0,0,0,0,0,0,0,0,0,0,0,0,0,0,0,0,0,54466
1,1,1,1,1136,-565,-2179,-2340,-205,-704,-19,-10,-8,0,0,0,0,0,0,0,0,0,0,0,0,0,0,0,0,0,0,0,0,0,0,54476
1,1,1,1,1046,-671,-2055,-2114,-212,-668,-19,-16,-18,0,0,0,0,0,0,0,0,0,0,0,0,0,0,0,0,0,0,0,0,0,0,54486
1,1,1,1,1045,-648,-2056,-2089,-227,-671,-19,-22,-24,0,0,0,0,0,0,0,0,0,0,0,0,0,0,0,0,0,0,0,0,0,0,54496
1,1,1,1,1034,-571,-2081,-2000,-151,-654,-22,-26,-29,0,0,0,0,0,0,0,0,0,0,0,0,0,0,0,0,0,0,0,0,0,0,54506
1,1,1,1,1050,-597,-2086,-2030,-91,-675,-26,-28,-36,0,0,0,0,0,0,0,0,0,0,0,0,0,0,0,0,0,0,0,0,0,0,54516
1,1,1,1,1219,-626,-2047,-2342,-97,-689,-25,-30,-42,0,0,0,0,0,0,0,0,0,0,0,0,0,0,0,0,0,0,0,0,0,0,54526
1,1,1,1,1167,-628,-2045,-2614,-118,-638,-30,-33,-46,0,0,0,0,0,0,0,0,0,0,0,0,0,0,0,0,0,0,0,0,0,0,54536
1,1,1,1,1029,-676,-1989,-2857,-65,-628,-28,-36,-51,0,0,0,0,0,0,0,0,0,0,0,0,0,0,0,0,0,0,0,0,0,0,54546
1,1,1,1,1082,-575,-1900,-3161,-54,-646,-31,-39,-58,0,0,0,0,0,0,0,0,0,0,0,0,0,0,0,0,0,0,0,0,0,0,54556
1,1,1,1,1100,-492,-1870,-3400,-112,-646,-34,-40,-63,0,0,0,0,0,0,0,0,0,0,0,0,0,0,0,0,0,0,0,0,0,0,54566
1,1,1,1,1089,-390,-1926,-3703,-113,-633,-31,-50,-71,0,0,0,0,0,0,0,0,0,0,0,0,0,0,0,0,0,0,0,0,0,0,54576
1,1,1,1,1060,-16,-2086,-3653,-14,-568,-24,-50,-74,0,0,0,0,0,0,0,0,0,0,0,0,0,0,0,0,0,0,0,0,0,0,54586
1,1,1,1,1088,358,-2229,-2792,31,-575,-21,-49,-78,0,0,0,0,0,0,0,0,0,0,0,0,0,0,0,0,0,0,0,0,0,0,54596
1,1,1,1,1071,318,-2164,-1944,53,-572,-19,-53,-83,0,0,0,0,0,0,0,0,0,0,0,0,0,0,0,0,0,0,0,0,0,0,54606
1,1,1,1,1080,257,-2098,-1385,30,-566,-16,-57,-84,0,0,0,0,0,0,0,0,0,0,0,0,0,0,0,0,0,0,0,0,0,0,54616
1,1,1,1,1102,353,-2087,-729,-16,-550,-13,-56,-86,0,0,0,0,0,0,0,0,0,0,0,0,0,0,0,0,0,0,0,0,0,0,54626
1,1,1,1,1111,341,-2081,-83,-23,-478,-13,-59,-85,0,0,0,0,0,0,0,0,0,0,0,0,0,0,0,0,0,0,0,0,0,0,54636
1,1,1,1,1171,255,-2220,199,-41,-449,-11,-59,-83,0,0,0,0,0,0,0,0,0,0,0,0,0,0,0,0,0,0,0,0,0,0,54646
1,1,1,1,1190,105,-2197,344,-60,-480,-12,-54,-82,0,0,0,0,0,0,0,0,0,0,0,0,0,0,0,0,0,0,0,0,0,0,54656
1,1,1,1,1253,42,-2081,436,-137,-481,-12,-54,-80,0,0,0,0,0,0,0,0,0,0,0,0,0,0,0,0,0,0,0,0,0,0,54666
1,1,1,1,1202,61,-2129,468,-166,-491,-13,-55,-76,0,0,0,0,0,0,0,0,0,0,0,0,0,0,0,0,0,0,0,0,0,0,54676
1,1,1,1,1225,130,-2130,469,-194,-454,-17,-53,-77,0,0,0,0,0,0,0,0,0,0,0,0,0,0,0,0,0,0,0,0,0,0,54686
1,1,1,1,1205,24,-2135,202,-208,-446,-17,-52,-71,0,0,0,0,0,0,0,0,0,0,0,0,0,0,0,0,0,0,0,0,0,0,54696
1,1,1,1,1161,-7,-2144,-28,-217,-466,-16,-50,-70,0,0,0,0,0,0,0,0,0,0,0,0,0,0,0,0,0,0,0,0,0,0,54706
1,1,1,1,1157,-50,-2073,20,-231,-489,-13,-49,-71,0,0,0,0,0,0,0,0,0,0,0,0,0,0,0,0,0,0,0,0,0,0,54716
1,1,1,1,1154,-11,-2021,-32,-306,-460,-14,-49,-64,0,0,0,0,0,0,0,0,0,0,0,0,0,0,0,0,0,0,0,0,0,0,54726
1,1,1,1,1073,-12,-2031,-87,-319,-435,-13,-48,-64,0,0,0,0,0,0,0,0,0,0,0,0,0,0,0,0,0,0,0,0,0,0,54736
1,1,1,1,1053,45,-2029,-46,-257,-418,-16,-46,-63,0,0,0,0,0,0,0,0,0,0,0,0,0,0,0,0,0,0,0,0,0,0,54746
1,1,1,1,1065,39,-1988,-112,-281,-375,-17,-46,-57,0,0,0,0,0,0,0,0,0,0,0,0,0,0,0,0,0,0,0,0,0,0,54756
1,1,1,1,1002,50,-1964,-79,-257,-299,-20,-44,-50,0,0,0,0,0,0,0,0,0,0,0,0,0,0,0,0,0,0,0,0,0,0,54766
1,1,1,1,978,72,-1956,-61,-259,-211,-22,-44,-43,0,0,0,0,0,0,0,0,0,0,0,0,0,0,0,0,0,0,0,0,0,0,54776
1,1,1,1,974,-28,-2034,-106,-252,-206,-22,-43,-44,0,0,0,0,0,0,0,0,0,0,0,0,0,0,0,0,0,0,0,0,0,0,54786
1,1,1,1,973,-68,-2152,-221,-226,-205,-26,-43,-37,0,0,0,0,0,0,0,0,0,0,0,0,0,0,0,0,0,0,0,0,0,0,54796
1,1,1,1,945,-97,-2119,-410,-240,-213,-26,-43,-32,0,0,0,0,0,0,0,0,0,0,0,0,0,0,0,0,0,0,0,0,0,0,54806
1,1,1,1,858,39,-2112,-542,-237,-190,-27,-42,-27,0,0,0,0,0,0,0,0,0,0,0,0,0,0,0,0,0,0,0,0,0,0,54816
1,1,1,1,798,99,-2082,-599,-223,-177,-29,-41,-22,0,0,0,0,0,0,0,0,0,0,0,0,0,0,0,0,0,0,0,0,0,0,54826
1,1,1,1,775,175,-2025,-625,-202,-160,-31,-38,-9,0,0,0,0,0,0,0,0,0,0,0,0,0,0,0,0,0,0,0,0,0,0,54836
1,1,1,1,784,212,-2001,-549,-119,-136,-33,-34,1,0,0,0,0,0,0,0,0,0,0,0,0,0,0,0,0,0,0,0,0,0,0,54846
1,1,1,1,784,212,-2001,-457,-34,-111,-33,-34,1,0,0,0,0,0,0,0,0,0,0,0,0,0,0,0,0,0,0,0,0,0,0,54856
1,1,1,1,939,146,-2012,-360,10,-111,-35,-29,2,0,0,0,0,0,0,0,0,0,0,0,0,0,0,0,0,0,0,0,0,0,0,54866
1,1,1,1,991,97,-2123,-325,6,-125,-38,-25,7,0,0,0,0,0,0,0,0,0,0,0,0,0,0,0,0,0,0,0,0,0,0,54876
1,1,1,1,1048,22,-2172,-364,-32,-97,-37,-22,14,0,0,0,0,0,0,0,0,0,0,0,0,0,0,0,0,0,0,0,0,0,0,54886
1,1,1,1,1069,-12,-2182,-366,3,-28,-34,-17,25,0,0,0,0,0,0,0,0,0,0,0,0,0,0,0,0,0,0,0,0,0,0,54896
1,1,1,1,1058,193,-2071,-333,-4,33,-35,-5,42,0,0,0,0,0,0,0,0,0,0,0,0,0,0,0,0,0,0,0,0,0,0,54916
1,1,1,1,1088,158,-2096,-355,-21,31,-32,-3,43,0,0,0,0,0,0,0,0,0,0,0,0,0,0,0,0,0,0,0,0,0,0,54926
1,1,1,1,1052,192,-2069,-370,-66,33,-30,0,50,0,0,0,0,0,0,0,0,0,0,0,0,0,0,0,0,0,0,0,0,0,0,54936
1,1,1,1,1045,194,-1989,-354,-97,6,-28,2,51,0,0,0,0,0,0,0,0,0,0,0,0,0,0,0,0,0,0,0,0,0,0,54946
1,1,1,1,1033,210,-2002,-294,-97,-18,-30,4,59,0,0,0,0,0,0,0,0,0,0,0,0,0,0,0,0,0,0,0,0,0,0,54956
1,1,1,1,1021,217,-1981,-182,-77,-51,-30,5,61,0,0,0,0,0,0,0,0,0,0,0,0,0,0,0,0,0,0,0,0,0,0,54966
1,1,1,1,995,228,-1974,-148,-64,-67,-33,3,65,0,0,0,0,0,0,0,0,0,0,0,0,0,0,0,0,0,0,0,0,0,0,54976
1,1,1,1,989,201,-2034,-196,-72,-94,-36,4,65,0,0,0,0,0,0,0,0,0,0,0,0,0,0,0,0,0,0,0,0,0,0,54986
1,1,1,1,984,205,-2060,-213,-71,-124,-35,3,64,0,0,0,0,0,0,0,0,0,0,0,0,0,0,0,0,0,0,0,0,0,0,54996
1,1,1,1,959,262,-2017,-196,-75,-145,-35,4,68,0,0,0,0,0,0,0,0,0,0,0,0,0,0,0,0,0,0,0,0,0,0,55006
1,1,1,1,961,283,-1979,-160,-82,-155,-36,4,69,0,0,0,0,0,0,0,0,0,0,0,0,0,0,0,0,0,0,0,0,0,0,55016
1,1,1,1,977,277,-1992,-119,-80,-178,-34,5,72,0,0,0,0,0,0,0,0,0,0,0,0,0,0,0,0,0,0,0,0,0,0,55026
1,1,1,1,970,290,-2005,-82,-84,-188,-34,6,77,0,0,0,0,0,0,0,0,0,0,0,0,0,0,0,0,0,0,0,0,0,0,55036
1,1,1,1,979,300,-1980,26,-61,-188,-34,8,80,0,0,0,0,0,0,0,0,0,0,0,0,0,0,0,0,0,0,0,0,0,0,55046
1,1,1,1,993,315,-1990,118,-11,-182,-35,11,84,0,0,0,0,0,0,0,0,0,0,0,0,0,0,0,0,0,0,0,0,0,0,55056
1,1,1,1,1023,252,-2007,105,15,-175,-39,12,86,0,0,0,0,0,0,0,0,0,0,0,0,0,0,0,0,0,0,0,0,0,0,55066
1,1,1,1,1101,142,-2051,-20,13,-173,-36,13,88,0,0,0,0,0,0,0,0,0,0,0,0,0,0,0,0,0,0,0,0,0,0,55076
1,1,1,1,1113,160,-2111,-123,15,-174,-37,14,89,0,0,0,0,0,0,0,0,0,0,0,0,0,0,0,0,0,0,0,0,0,0,55086
1,1,1,1,1056,229,-2093,-186,9,-146,-36,15,91,0,0,0,0,0,0,0,0,0,0,0,0,0,0,0,0,0,0,0,0,0,0,55096
1,1,1,1,1057,219,-2081,-207,10,-123,-34,16,92,0,0,0,0,0,0,0,0,0,0,0,0,0,0,0,0,0,0,0,0,0,0,55106
1,1,1,1,1038,238,-2097,-222,12,-92,-33,18,91,0,0,0,0,0,0,0,0,0,0,0,0,0,0,0,0,0,0,0,0,0,0,55116
1,1,1,1,1019,247,-2088,-235,8,-65,-33,18,91,0,0,0,0,0,0,0,0,0,0,0,0,0,0,0,0,0,0,0,0,0,0,55126
1,1,1,1,1015,235,-2040,-219,-1,-39,-31,19,94,0,0,0,0,0,0,0,0,0,0,0,0,0,0,0,0,0,0,0,0,0,0,55136
1,1,1,1,1016,230,-2009,-187,-14,-31,-32,20,93,0,0,0,0,0,0,0,0,0,0,0,0,0,0,0,0,0,0,0,0,0,0,55146
1,1,1,1,1014,220,-1993,-141,-22,-33,-34,22,94,0,0,0,0,0,0,0,0,0,0,0,0,0,0,0,0,0,0,0,0,0,0,55156
1,1,1,1,969,271,-1993,-101,-30,-31,-31,19,95,0,0,0,0,0,0,0,0,0,0,0,0,0,0,0,0,0,0,0,0,0,0,55166
1,1,1,1,940,304,-2017,-57,-22,-19,-34,24,98,0,0,0,0,0,0,0,0,0,0,0,0,0,0,0,0,0,0,0,0,0,0,55176
1,1,1,1,952,298,-2027,-20,-8,-8,-33,22,98,0,0,0,0,0,0,0,0,0,0,0,0,0,0,0,0,0,0,0,0,0,0,55186
1,1,1,1,976,279,-2023,-3,-5,-1,-31,19,97,0,0,0,0,0,0,0,0,0,0,0,0,0,0,0,0,0,0,0,0,0,0,55196
1,1,1,1,985,279,-2040,-1,3,5,-32,24,98,0,0,0,0,0,0,0,0,0,0,0,0,0,0,0,0,0,0,0,0,0,0,55206
1,1,1,1,1010,254,-2036,-35,-9,10,-35,28,106,0,0,0,0,0,0,0,0,0,0,0,0,0,0,0,0,0,0,0,0,0,0,55216
1,1,1,1,1018,216,-2065,-118,-29,16,-34,28,105,0,0,0,0,0,0,0,0,0,0,0,0,0,0,0,0,0,0,0,0,0,0,55226
1,1,1,1,1002,250,-2076,-153,-27,28,-33,28,107,0,0,0,0,0,0,0,0,0,0,0,0,0,0,0,0,0,0,0,0,0,0,55236
1,1,1,1,1007,267,-2013,-129,-23,30,-31,27,106,0,0,0,0,0,0,0,0,0,0,0,0,0,0,0,0,0,0,0,0,0,0,55246
1,1,1,1,995,290,-1970,-76,-29,30,-31,28,107,0,0,0,0,0,0,0,0,0,0,0,0,0,0,0,0,0,0,0,0,0,0,55256
1,1,1,1,987,308,-1976,-27,-23,30,-31,30,108,0,0,0,0,0,0,0,0,0,0,0,0,0,0,0,0,0,0,0,0,0,0,55266
1,1,1,1,1007,289,-1961,14,-15,25,-31,29,112,0,0,0,0,0,0,0,0,0,0,0,0,0,0,0,0,0,0,0,0,0,0,55276
1,1,1,1,997,301,-1993,25,-5,22,-33,32,114,0,0,0,0,0,0,0,0,0,0,0,0,0,0,0,0,0,0,0,0,0,0,55286
1,1,1,1,989,310,-2007,37,3,29,-34,33,118,0,0,0,0,0,0,0,0,0,0,0,0,0,0,0,0,0,0,0,0,0,0,55296
1,1,1,1,1014,261,-2011,16,2,25,-37,35,121,0,0,0,0,0,0,0,0,0,0,0,0,0,0,0,0,0,0,0,0,0,0,55306
1,1,1,1,1009,234,-2048,-24,-7,7,-34,34,122,0,0,0,0,0,0,0,0,0,0,0,0,0,0,0,0,0,0,0,0,0,0,55316
1,1,1,1,993,247,-2072,-46,-8,4,-35,36,123,0,0,0,0,0,0,0,0,0,0,0,0,0,0,0,0,0,0,0,0,0,0,55326
1,1,1,1,983,266,-2064,-60,-13,8,-32,35,125,0,0,0,0,0,0,0,0,0,0,0,0,0,0,0,0,0,0,0,0,0,0,55336
1,1,1,1,993,272,-2051,-69,-20,8,-35,37,124,0,0,0,0,0,0,0,0,0,0,0,0,0,0,0,0,0,0,0,0,0,0,55346
1,1,1,1,1003,277,-2044,-74,-12,26,-33,37,125,0,0,0,0,0,0,0,0,0,0,0,0,0,0,0,0,0,0,0,0,0,0,55356
1,1,1,1,1010,280,-2019,-99,-21,20,-34,37,123,0,0,0,0,0,0,0,0,0,0,0,0,0,0,0,0,0,0,0,0,0,0,55366
1,1,1,1,1017,296,-1992,-118,-30,16,-34,37,124,0,0,0,0,0,0,0,0,0,0,0,0,0,0,0,0,0,0,0,0,0,0,55376
1,1,1,1,1014,302,-2008,-123,-22,15,-35,38,125,0,0,0,0,0,0,0,0,0,0,0,0,0,0,0,0,0,0,0,0,0,0,55386
1,1,1,1,1011,309,-1996,-102,-13,13,-33,39,129,0,0,0,0,0,0,0,0,0,0,0,0,0,0,0,0,0,0,0,0,0,0,55396
1,1,1,1,1001,310,-1964,-37,0,9,-33,38,129,0,0,0,0,0,0,0,0,0,0,0,0,0,0,0,0,0,0,0,0,0,0,55406
1,1,1,1,998,302,-1961,10,5,4,-32,39,129,0,0,0,0,0,0,0,0,0,0,0,0,0,0,0,0,0,0,0,0,0,0,55416
1,1,1,1,997,286,-1996,18,7,-3,-31,39,132,0,0,0,0,0,0,0,0,0,0,0,0,0,0,0,0,0,0,0,0,0,0,55426
1,1,1,1,1002,272,-2013,9,12,-10,-33,39,133,0,0,0,0,0,0,0,0,0,0,0,0,0,0,0,0,0,0,0,0,0,0,55436
1,1,1,1,994,285,-2008,-3,17,-11,-33,39,132,0,0,0,0,0,0,0,0,0,0,0,0,0,0,0,0,0,0,0,0,0,0,55446
1,1,1,1,987,283,-2022,-17,26,-8,-34,39,133,0,0,0,0,0,0,0,0,0,0,0,0,0,0,0,0,0,0,0,0,0,0,55456
1,1,1,1,987,290,-2024,-38,21,-2,-34,38,130,0,0,0,0,0,0,0,0,0,0,0,0,0,0,0,0,0,0,0,0,0,0,55466
1,1,1,1,984,298,-2031,-59,17,7,-33,39,131,0,0,0,0,0,0,0,0,0,0,0,0,0,0,0,0,0,0,0,0,0,0,55476
1,1,1,1,997,299,-2029,-80,8,14,-33,40,132,0,0,0,0,0,0,0,0,0,0,0,0,0,0,0,0,0,0,0,0,0,0,55486
1,1,1,1,997,308,-2024,-88,9,20,-34,42,134,0,0,0,0,0,0,0,0,0,0,0,0,0,0,0,0,0,0,0,0,0,0,55496
1,1,1,1,997,320,-2015,-80,4,21,-33,40,131,0,0,0,0,0,0,0,0,0,0,0,0,0,0,0,0,0,0,0,0,0,0,55506
1,1,1,1,1008,317,-2000,-56,9,20,-34,41,134,0,0,0,0,0,0,0,0,0,0,0,0,0,0,0,0,0,0,0,0,0,0,55516
1,1,1,1,1018,305,-1997,-39,7,13,-33,38,130,0,0,0,0,0,0,0,0,0,0,0,0,0,0,0,0,0,0,0,0,0,0,55526
1,1,1,1,1005,315,-2012,-40,11,14,-34,41,133,0,0,0,0,0,0,0,0,0,0,0,0,0,0,0,0,0,0,0,0,0,0,55536
1,1,1,1,1002,320,-1999,-39,2,10,-34,41,132,0,0,0,0,0,0,0,0,0,0,0,0,0,0,0,0,0,0,0,0,0,0,55546
1,1,1,1,1006,309,-2008,-43,-10,2,-33,40,132,0,0,0,0,0,0,0,0,0,0,0,0,0,0,0,0,0,0,0,0,0,0,55556
1,1,1,1,1004,312,-2011,-42,-10,5,-33,41,135,0,0,0,0,0,0,0,0,0,0,0,0,0,0,0,0,0,0,0,0,0,0,55566
1,1,1,1,997,319,-2012,-43,-12,7,-31,40,134,0,0,0,0,0,0,0,0,0,0,0,0,0,0,0,0,0,0,0,0,0,0,55576
1,1,1,1,996,318,-2011,-52,-16,9,-32,41,136,0,0,0,0,0,0,0,0,0,0,0,0,0,0,0,0,0,0,0,0,0,0,55586
1,1,1,1,1003,307,-2009,-64,-10,8,-31,40,136,0,0,0,0,0,0,0,0,0,0,0,0,0,0,0,0,0,0,0,0,0,0,55596
1,1,1,1,1004,305,-1998,-69,-19,6,-34,41,136,0,0,0,0,0,0,0,0,0,0,0,0,0,0,0,0,0,0,0,0,0,0,55606
1,1,1,1,1005,303,-2004,-69,-26,1,-34,41,135,0,0,0,0,0,0,0,0,0,0,0,0,0,0,0,0,0,0,0,0,0,0,55616
1,1,1,1,988,321,-2015,-63,-24,3,-33,42,136,0,0,0,0,0,0,0,0,0,0,0,0,0,0,0,0,0,0,0,0,0,0,55626
1,1,1,1,987,325,-1999,-45,-16,9,-33,41,133,0,0,0,0,0,0,0,0,0,0,0,0,0,0,0,0,0,0,0,0,0,0,55636
1,1,1,1,989,323,-1995,-40,-20,11,-34,42,136,0,0,0,0,0,0,0,0,0,0,0,0,0,0,0,0,0,0,0,0,0,0,55646
1,1,1,1,993,310,-2003,-49,-20,16,-33,42,133,0,0,0,0,0,0,0,0,0,0,0,0,0,0,0,0,0,0,0,0,0,0,55656
1,1,1,1,994,313,-2007,-55,-18,16,-33,42,133,0,0,0,0,0,0,0,0,0,0,0,0,0,0,0,0,0,0,0,0,0,0,55666
1,1,1,1,988,325,-2002,-49,-21,18,-34,42,135,0,0,0,0,0,0,0,0,0,0,0,0,0,0,0,0,0,0,0,0,0,0,55676
1,1,1,1,983,317,-2021,-67,-25,25,-33,42,134,0,0,0,0,0,0,0,0,0,0,0,0,0,0,0,0,0,0,0,0,0,0,55716
1,1,1,1,979,325,-2012,-60,-27,29,-33,42,137,0,0,0,0,0,0,0,0,0,0,0,0,0,0,0,0,0,0,0,0,0,0,55726
1,1,1,1,986,323,-1995,-49,-28,31,-32,42,136,0,0,0,0,0,0,0,0,0,0,0,0,0,0,0,0,0,0,0,0,0,0,55736
1,1,1,1,988,327,-1990,-40,-27,32,-33,43,136,0,0,0,0,0,0,0,0,0,0,0,0,0,0,0,0,0,0,0,0,0,0,55746
1,1,1,1,989,324,-1988,-49,-31,32,-32,42,136,0,0,0,0,0,0,0,0,0,0,0,0,0,0,0,0,0,0,0,0,0,0,55756
1,1,1,1,1000,326,-1984,-54,-25,30,-35,42,136,0,0,0,0,0,0,0,0,0,0,0,0,0,0,0,0,0,0,0,0,0,0,55766
1,1,1,1,985,343,-1987,-42,-14,27,-32,43,135,0,0,0,0,0,0,0,0,0,0,0,0,0,0,0,0,0,0,0,0,0,0,55776
1,1,1,1,985,340,-1994,-36,-11,24,-34,43,136,0,0,0,0,0,0,0,0,0,0,0,0,0,0,0,0,0,0,0,0,0,0,55786
1,1,1,1,990,329,-2002,-27,-14,23,-35,45,136,0,0,0,0,0,0,0,0,0,0,0,0,0,0,0,0,0,0,0,0,0,0,55796
1,1,1,1,992,330,-1996,-15,-11,22,-35,45,137,0,0,0,0,0,0,0,0,0,0,0,0,0,0,0,0,0,0,0,0,0,0,55806
1,1,1,1,979,337,-2009,-12,-19,22,-34,43,134,0,0,0,0,0,0,0,0,0,0,0,0,0,0,0,0,0,0,0,0,0,0,55816
1,1,1,1,978,333,-2017,-13,-20,22,-33,42,137,0,0,0,0,0,0,0,0,0,0,0,0,0,0,0,0,0,0,0,0,0,0,55826
1,1,1,1,982,331,-2005,-21,-22,23,-31,41,138,0,0,0,0,0,0,0,0,0,0,0,0,0,0,0,0,0,0,0,0,0,0,55836
1,1,1,1,983,324,-2012,-31,-17,25,-30,41,133,0,0,0,0,0,0,0,0,0,0,0,0,0,0,0,0,0,0,0,0,0,0,55846
1,1,1,1,987,323,-2003,-37,-19,31,-32,43,139,0,0,0,0,0,0,0,0,0,0,0,0,0,0,0,0,0,0,0,0,0,0,55856
1,1,1,1,998,315,-1992,-44,-29,27,-32,44,139,0,0,0,0,0,0,0,0,0,0,0,0,0,0,0,0,0,0,0,0,0,0,55866
1,1,1,1,987,330,-1992,-41,-29,30,-29,42,138,0,0,0,0,0,0,0,0,0,0,0,0,0,0,0,0,0,0,0,0,0,0,55876
1,1,1,1,984,331,-1989,-31,-29,31,-31,42,136,0,0,0,0,0,0,0,0,0,0,0,0,0,0,0,0,0,0,0,0,0,0,55886
1,1,1,1,983,344,-1989,-16,-27,34,-31,42,139,0,0,0,0,0,0,0,0,0,0,0,0,0,0,0,0,0,0,0,0,0,0,55896
1,1,1,1,979,343,-1991,-11,-20,38,-32,42,139,0,0,0,0,0,0,0,0,0,0,0,0,0,0,0,0,0,0,0,0,0,0,55906
1,1,1,1,978,339,-1997,-17,-22,34,-32,42,139,0,0,0,0,0,0,0,0,0,0,0,0,0,0,0,0,0,0,0,0,0,0,55916
1,1,1,1,974,342,-1993,-21,-20,33,-31,43,137,0,0,0,0,0,0,0,0,0,0,0,0,0,0,0,0,0,0,0,0,0,0,55926
1,1,1,1,974,340,-1987,-21,-18,31,-31,43,136,0,0,0,0,0,0,0,0,0,0,0,0,0,0,0,0,0,0,0,0,0,0,55936
1,1,1,1,981,340,-1993,-17,-17,27,-30,43,138,0,0,0,0,0,0,0,0,0,0,0,0,0,0,0,0,0,0,0,0,0,0,55946
1,1,1,1,988,340,-1999,-22,-14,22,-31,43,137,0,0,0,0,0,0,0,0,0,0,0,0,0,0,0,0,0,0,0,0,0,0,55956
1,1,1,1,995,330,-2005,-19,-12,19,-32,43,137,0,0,0,0,0,0,0,0,0,0,0,0,0,0,0,0,0,0,0,0,0,0,55966
1,1,1,1,998,332,-1995,-13,-12,16,-32,43,139,0,0,0,0,0,0,0,0,0,0,0,0,0,0,0,0,0,0,0,0,0,0,55976
1,1,1,1,998,328,-1993,-4,-6,17,-34,43,139,0,0,0,0,0,0,0,0,0,0,0,0,0,0,0,0,0,0,0,0,0,0,55986
1,1,1,1,998,330,-1992,3,-5,15,-33,45,140,0,0,0,0,0,0,0,0,0,0,0,0,0,0,0,0,0,0,0,0,0,0,55996
1,1,1,1,996,331,-1986,7,-1,11,-32,44,138,0,0,0,0,0,0,0,0,0,0,0,0,0,0,0,0,0,0,0,0,0,0,56006
1,1,1,1,994,334,-1997,8,-2,8,-32,43,136,0,0,0,0,0,0,0,0,0,0,0,0,0,0,0,0,0,0,0,0,0,0,56016
1,1,1,1,995,321,-2000,-7,-6,7,-32,43,138,0,0,0,0,0,0,0,0,0,0,0,0,0,0,0,0,0,0,0,0,0,0,56026
1,1,1,1,990,331,-2012,-15,-8,5,-31,43,138,0,0,0,0,0,0,0,0,0,0,0,0,0,0,0,0,0,0,0,0,0,0,56036
1,1,1,1,980,341,-2000,-18,-9,9,-32,44,136,0,0,0,0,0,0,0,0,0,0,0,0,0,0,0,0,0,0,0,0,0,0,56046
1,1,1,1,983,331,-1998,-14,-11,12,-32,44,136,0,0,0,0,0,0,0,0,0,0,0,0,0,0,0,0,0,0,0,0,0,0,56056
1,1,1,1,984,330,-2001,-16,-11,13,-34,43,136,0,0,0,0,0,0,0,0,0,0,0,0,0,0,0,0,0,0,0,0,0,0,56066
1,1,1,1,967,345,-1993,-9,1,17,-32,43,137,0,0,0,0,0,0,0,0,0,0,0,0,0,0,0,0,0,0,0,0,0,0,56076
1,1,1,1,971,340,-1995,-7,-2,22,-33,48,137,0,0,0,0,0,0,0,0,0,0,0,0,0,0,0,0,0,0,0,0,0,0,56086
1,1,1,1,982,335,-1992,-2,5,24,-33,43,136,0,0,0,0,0,0,0,0,0,0,0,0,0,0,0,0,0,0,0,0,0,0,56096
1,1,1,1,989,338,-1988,-2,6,21,-34,45,134,0,0,0,0,0,0,0,0,0,0,0,0,0,0,0,0,0,0,0,0,0,0,56106
1,1,1,1,989,345,-1990,3,10,17,-32,45,137,0,0,0,0,0,0,0,0,0,0,0,0,0,0,0,0,0,0,0,0,0,0,56116
1,1,1,1,984,346,-1988,9,15,13,-32,42,137,0,0,0,0,0,0,0,0,0,0,0,0,0,0,0,0,0,0,0,0,0,0,56126
1,1,1,1,985,346,-1994,21,15,12,-32,43,137,0,0,0,0,0,0,0,0,0,0,0,0,0,0,0,0,0,0,0,0,0,0,56136
1,1,1,1,982,345,-1994,36,23,14,-33,45,137,0,0,0,0,0,0,0,0,0,0,0,0,0,0,0,0,0,0,0,0,0,0,56146
1,1,1,1,988,336,-2005,34,15,12,-32,45,138,0,0,0,0,0,0,0,0,0,0,0,0,0,0,0,0,0,0,0,0,0,0,56156
1,1,1,1,994,322,-2012,19,9,12,-30,44,134,0,0,0,0,0,0,0,0,0,0,0,0,0,0,0,0,0,0,0,0,0,0,56166
1,1,1,1,1002,320,-2007,13,7,15,-31,44,135,0,0,0,0,0,0,0,0,0,0,0,0,0,0,0,0,0,0,0,0,0,0,56176
1,1,1,1,995,331,-2012,11,4,17,-31,44,134,0,0,0,0,0,0,0,0,0,0,0,0,0,0,0,0,0,0,0,0,0,0,56186
1,1,1,1,1008,322,-2015,-1,-2,14,-32,44,137,0,0,0,0,0,0,0,0,0,0,0,0,0,0,0,0,0,0,0,0,0,0,56196
1,1,1,1,1009,322,-2020,-15,-10,9,-32,43,135,0,0,0,0,0,0,0,0,0,0,0,0,0,0,0,0,0,0,0,0,0,0,56206
1,1,1,1,1007,328,-2018,-24,-16,2,-34,44,136,0,0,0,0,0,0,0,0,0,0,0,0,0,0,0,0,0,0,0,0,0,0,56216
1,1,1,1,999,340,-2004,-23,-10,4,-35,45,134,0,0,0,0,0,0,0,0,0,0,0,0,0,0,0,0,0,0,0,0,0,0,56226
1,1,1,1,995,333,-2003,-25,-17,4,-35,44,133,0,0,0,0,0,0,0,0,0,0,0,0,0,0,0,0,0,0,0,0,0,0,56236
1,1,1,1,987,341,-2000,-25,-16,1,-31,43,133,0,0,0,0,0,0,0,0,0,0,0,0,0,0,0,0,0,0,0,0,0,0,56246
1,1,1,1,983,351,-1991,-19,-16,1,-32,44,133,0,0,0,0,0,0,0,0,0,0,0,0,0,0,0,0,0,0,0,0,0,0,56256
1,1,1,1,988,350,-1981,-11,-15,2,-31,43,136,0,0,0,0,0,0,0,0,0,0,0,0,0,0,0,0,0,0,0,0,0,0,56266
1,1,1,1,995,344,-1989,-1,-10,0,-32,43,134,0,0,0,0,0,0,0,0,0,0,0,0,0,0,0,0,0,0,0,0,0,0,56276
1,1,1,1,996,343,-1992,14,-7,-4,-35,45,132,0,0,0,0,0,0,0,0,0,0,0,0,0,0,0,0,0,0,0,0,0,0,56286
1,1,1,1,995,328,-2000,18,-1,-2,-34,43,135,0,0,0,0,0,0,0,0,0,0,0,0,0,0,0,0,0,0,0,0,0,0,56296
1,1,1,1,994,324,-2009,6,-8,-6,-33,44,134,0,0,0,0,0,0,0,0,0,0,0,0,0,0,0,0,0,0,0,0,0,0,56306
1,1,1,1,996,320,-1999,0,-6,-3,-33,43,135,0,0,0,0,0,0,0,0,0,0,0,0,0,0,0,0,0,0,0,0,0,0,56316
1,1,1,1,991,318,-1994,-8,-5,-3,-33,45,135,0,0,0,0,0,0,0,0,0,0,0,0,0,0,0,0,0,0,0,0,0,0,56326
1,1,1,1,992,319,-1993,-24,-11,-3,-32,44,132,0,0,0,0,0,0,0,0,0,0,0,0,0,0,0,0,0,0,0,0,0,0,56336
1,1,1,1,984,331,-2001,-26,-7,-4,-32,44,133,0,0,0,0,0,0,0,0,0,0,0,0,0,0,0,0,0,0,0,0,0,0,56346
1,1,1,1,983,342,-1985,-21,-5,1,-32,44,134,0,0,0,0,0,0,0,0,0,0,0,0,0,0,0,0,0,0,0,0,0,0,56356
1,1,1,1,988,339,-1971,-8,1,3,-35,45,133,0,0,0,0,0,0,0,0,0,0,0,0,0,0,0,0,0,0,0,0,0,0,56366
1,1,1,1,982,348,-1971,5,10,5,-34,44,135,0,0,0,0,0,0,0,0,0,0,0,0,0,0,0,0,0,0,0,0,0,0,56376
1,1,1,1,985,344,-1978,18,18,5,-34,45,137,0,0,0,0,0,0,0,0,0,0,0,0,0,0,0,0,0,0,0,0,0,0,56386
1,1,1,1,993,333,-1984,13,24,4,-31,41,134,0,0,0,0,0,0,0,0,0,0,0,0,0,0,0,0,0,0,0,0,0,0,56396
1,1,1,1,988,333,-2003,5,23,4,-32,43,133,0,0,0,0,0,0,0,0,0,0,0,0,0,0,0,0,0,0,0,0,0,0,56406
1,1,1,1,991,334,-2004,3,14,5,-33,43,133,0,0,0,0,0,0,0,0,0,0,0,0,0,0,0,0,0,0,0,0,0,0,56416
1,1,1,1,1000,333,-2009,3,7,6,-33,42,134,0,0,0,0,0,0,0,0,0,0,0,0,0,0,0,0,0,0,0,0,0,0,56426
1,1,1,1,1002,338,-2019,9,12,8,-35,46,137,0,0,0,0,0,0,0,0,0,0,0,0,0,0,0,0,0,0,0,0,0,0,56436
1,1,1,1,1003,343,-2014,7,1,4,-33,43,133,0,0,0,0,0,0,0,0,0,0,0,0,0,0,0,0,0,0,0,0,0,0,56446
1,1,1,1,999,334,-2019,3,-7,2,-33,43,135,0,0,0,0,0,0,0,0,0,0,0,0,0,0,0,0,0,0,0,0,0,0,56456
1,1,1,1,1004,334,-2014,-2,-9,-1,-32,44,133,0,0,0,0,0,0,0,0,0,0,0,0,0,0,0,0,0,0,0,0,0,0,56466
1,1,1,1,1000,338,-1998,-6,-22,-3,-33,44,136,0,0,0,0,0,0,0,0,0,0,0,0,0,0,0,0,0,0,0,0,0,0,56476
1,1,1,1,994,342,-1997,-3,-17,-6,-31,43,135,0,0,0,0,0,0,0,0,0,0,0,0,0,0,0,0,0,0,0,0,0,0,56486
1,1,1,1,996,332,-1987,1,-11,-7,-32,44,134,0,0,0,0,0,0,0,0,0,0,0,0,0,0,0,0,0,0,0,0,0,0,56496
1,1,1,1,1002,330,-1982,3,-14,-5,-32,43,135,0,0,0,0,0,0,0,0,0,0,0,0,0,0,0,0,0,0,0,0,0,0,56506
1,1,1,1,999,329,-1992,0,-15,-7,-32,43,135,0,0,0,0,0,0,0,0,0,0,0,0,0,0,0,0,0,0,0,0,0,0,56516
1,1,1,1,987,334,-1991,10,-8,-7,-32,44,133,0,0,0,0,0,0,0,0,0,0,0,0,0,0,0,0,0,0,0,0,0,0,56526
1,1,1,1,986,330,-1993,18,-5,-4,-33,43,132,0,0,0,0,0,0,0,0,0,0,0,0,0,0,0,0,0,0,0,0,0,0,56536
1,1,1,1,988,341,-1997,20,-1,-3,-31,44,133,0,0,0,0,0,0,0,0,0,0,0,0,0,0,0,0,0,0,0,0,0,0,56546
1,1,1,1,982,339,-2004,14,-8,0,-30,43,132,0,0,0,0,0,0,0,0,0,0,0,0,0,0,0,0,0,0,0,0,0,0,56556
1,1,1,1,986,333,-1995,20,-2,3,-31,44,134,0,0,0,0,0,0,0,0,0,0,0,0,0,0,0,0,0,0,0,0,0,0,56566
1,1,1,1,987,333,-2001,9,-16,5,-30,43,131,0,0,0,0,0,0,0,0,0,0,0,0,0,0,0,0,0,0,0,0,0,0,56576
1,1,1,1,976,330,-2013,12,-18,12,-30,43,133,0,0,0,0,0,0,0,0,0,0,0,0,0,0,0,0,0,0,0,0,0,0,56586
1,1,1,1,982,330,-2004,11,-26,15,-31,43,131,0,0,0,0,0,0,0,0,0,0,0,0,0,0,0,0,0,0,0,0,0,0,56596
1,1,1,1,987,320,-2010,6,-27,15,-32,44,132,0,0,0,0,0,0,0,0,0,0,0,0,0,0,0,0,0,0,0,0,0,0,56606
1,1,1,1,990,325,-2010,2,-26,12,-29,43,136,0,0,0,0,0,0,0,0,0,0,0,0,0,0,0,0,0,0,0,0,0,0,56616
1,1,1,1,987,330,-2006,-7,-27,9,-28,43,132,0,0,0,0,0,0,0,0,0,0,0,0,0,0,0,0,0,0,0,0,0,0,56626
1,1,1,1,983,332,-2003,-11,-23,6,-28,43,133,0,0,0,0,0,0,0,0,0,0,0,0,0,0,0,0,0,0,0,0,0,0,56636
1,1,1,1,991,341,-1994,-7,-17,7,-30,43,132,0,0,0,0,0,0,0,0,0,0,0,0,0,0,0,0,0,0,0,0,0,0,56646
1,1,1,1,984,347,-1995,0,-9,6,-30,43,132,0,0,0,0,0,0,0,0,0,0,0,0,0,0,0,0,0,0,0,0,0,0,56656
1,1,1,1,984,345,-1994,-1,-7,4,-29,42,132,0,0,0,0,0,0,0,0,0,0,0,0,0,0,0,0,0,0,0,0,0,0,56666
1,1,1,1,987,336,-1987,3,0,3,-31,43,132,0,0,0,0,0,0,0,0,0,0,0,0,0,0,0,0,0,0,0,0,0,0,56676
1,1,1,1,981,344,-1991,5,-1,5,-32,45,135,0,0,0,0,0,0,0,0,0,0,0,0,0,0,0,0,0,0,0,0,0,0,56686
1,1,1,1,973,344,-1993,5,-2,7,-31,47,134,0,0,0,0,0,0,0,0,0,0,0,0,0,0,0,0,0,0,0,0,0,0,56696
1,1,1,1,983,335,-1992,-2,-4,9,-31,44,134,0,0,0,0,0,0,0,0,0,0,0,0,0,0,0,0,0,0,0,0,0,0,56706
1,1,1,1,980,331,-2003,-3,-15,11,-31,42,134,0,0,0,0,0,0,0,0,0,0,0,0,0,0,0,0,0,0,0,0,0,0,56716
1,1,1,1,983,327,-2008,-7,-10,11,-31,42,129,0,0,0,0,0,0,0,0,0,0,0,0,0,0,0,0,0,0,0,0,0,0,56726
1,1,1,1,992,322,-2007,-16,-15,8,-31,42,133,0,0,0,0,0,0,0,0,0,0,0,0,0,0,0,0,0,0,0,0,0,0,56736
1,1,1,1,990,334,-2009,-19,-18,2,-31,41,132,0,0,0,0,0,0,0,0,0,0,0,0,0,0,0,0,0,0,0,0,0,0,56746
1,1,1,1,985,342,-2010,-15,-8,3,-33,45,132,0,0,0,0,0,0,0,0,0,0,0,0,0,0,0,0,0,0,0,0,0,0,56756
1,1,1,1,981,345,-2001,-14,-9,0,-32,43,137,0,0,0,0,0,0,0,0,0,0,0,0,0,0,0,0,0,0,0,0,0,0,56766
1,1,1,1,983,346,-1997,-8,-7,-3,-30,44,134,0,0,0,0,0,0,0,0,0,0,0,0,0,0,0,0,0,0,0,0,0,0,56776
1,1,1,1,984,346,-1989,0,-4,-2,-32,43,134,0,0,0,0,0,0,0,0,0,0,0,0,0,0,0,0,0,0,0,0,0,0,56786
1,1,1,1,981,341,-1992,0,-8,-2,-30,44,135,0,0,0,0,0,0,0,0,0,0,0,0,0,0,0,0,0,0,0,0,0,0,56796
1,1,1,1,979,339,-1990,-3,-12,0,-31,42,131,0,0,0,0,0,0,0,0,0,0,0,0,0,0,0,0,0,0,0,0,0,0,56806
1,1,1,1,977,328,-1999,-5,-3,6,-32,43,133,0,0,0,0,0,0,0,0,0,0,0,0,0,0,0,0,0,0,0,0,0,0,56816
1,1,1,1,974,328,-2003,-13,-3,5,-33,44,132,0,0,0,0,0,0,0,0,0,0,0,0,0,0,0,0,0,0,0,0,0,0,56826
1,1,1,1,973,329,-1999,-24,-7,9,-32,43,131,0,0,0,0,0,0,0,0,0,0,0,0,0,0,0,0,0,0,0,0,0,0,56836
1,1,1,1,985,331,-1995,-31,-6,7,-32,42,131,0,0,0,0,0,0,0,0,0,0,0,0,0,0,0,0,0,0,0,0,0,0,56846
1,1,1,1,994,341,-1994,-33,2,3,-31,43,131,0,0,0,0,0,0,0,0,0,0,0,0,0,0,0,0,0,0,0,0,0,0,56856
1,1,1,1,994,359,-1987,-21,1,-3,-30,43,129,0,0,0,0,0,0,0,0,0,0,0,0,0,0,0,0,0,0,0,0,0,0,56866
1,1,1,1,989,362,-1987,-8,13,-5,-30,42,132,0,0,0,0,0,0,0,0,0,0,0,0,0,0,0,0,0,0,0,0,0,0,56876
1,1,1,1,988,358,-1986,3,11,-7,-33,43,132,0,0,0,0,0,0,0,0,0,0,0,0,0,0,0,0,0,0,0,0,0,0,56886
1,1,1,1,983,357,-1987,14,14,-6,-33,43,131,0,0,0,0,0,0,0,0,0,0,0,0,0,0,0,0,0,0,0,0,0,0,56896
1,1,1,1,977,347,-1990,16,6,-2,-31,43,132,0,0,0,0,0,0,0,0,0,0,0,0,0,0,0,0,0,0,0,0,0,0,56906
1,1,1,1,984,339,-2000,9,1,-1,-32,43,132,0,0,0,0,0,0,0,0,0,0,0,0,0,0,0,0,0,0,0,0,0,0,56916
1,1,1,1,983,338,-2010,-6,-3,0,-31,43,131,0,0,0,0,0,0,0,0,0,0,0,0,0,0,0,0,0,0,0,0,0,0,56926
1,1,1,1,981,335,-2011,-19,-17,-1,-31,43,134,0,0,0,0,0,0,0,0,0,0,0,0,0,0,0,0,0,0,0,0,0,0,56936
1,1,1,1,988,340,-2016,-22,-20,-1,-31,43,133,0,0,0,0,0,0,0,0,0,0,0,0,0,0,0,0,0,0,0,0,0,0,56946
1,1,1,1,990,343,-2003,-21,-17,-3,-32,43,134,0,0,0,0,0,0,0,0,0,0,0,0,0,0,0,0,0,0,0,0,0,0,56956
1,1,1,1,992,354,-1996,-17,-15,-6,-33,43,133,0,0,0,0,0,0,0,0,0,0,0,0,0,0,0,0,0,0,0,0,0,0,56966
1,1,1,1,986,355,-1996,-11,-16,-7,-34,43,131,0,0,0,0,0,0,0,0,0,0,0,0,0,0,0,0,0,0,0,0,0,0,56976
1,1,1,1,985,346,-1993,1,-7,-8,-35,46,131,0,0,0,0,0,0,0,0,0,0,0,0,0,0,0,0,0,0,0,0,0,0,56986
1,1,1,1,977,353,-1996,2,-4,-8,-31,41,130,0,0,0,0,0,0,0,0,0,0,0,0,0,0,0,0,0,0,0,0,0,0,56996
1,1,1,1,975,341,-1996,-7,-11,-6,-33,42,129,0,0,0,0,0,0,0,0,0,0,0,0,0,0,0,0,0,0,0,0,0,0,57006
1,1,1,1,976,347,-1994,-15,-6,-2,-33,43,131,0,0,0,0,0,0,0,0,0,0,0,0,0,0,0,0,0,0,0,0,0,0,57016
1,1,1,1,978,355,-1993,-17,-5,2,-34,42,131,0,0,0,0,0,0,0,0,0,0,0,0,0,0,0,0,0,0,0,0,0,0,57026
1,1,1,1,973,362,-1987,-9,-6,0,-33,42,131,0,0,0,0,0,0,0,0,0,0,0,0,0,0,0,0,0,0,0,0,0,0,57036
1,1,1,1,978,354,-1986,-6,-6,2,-34,45,131,0,0,0,0,0,0,0,0,0,0,0,0,0,0,0,0,0,0,0,0,0,0,57046
1,1,1,1,985,346,-1997,-4,-2,1,-32,44,132,0,0,0,0,0,0,0,0,0,0,0,0,0,0,0,0,0,0,0,0,0,0,57056
1,1,1,1,989,347,-1996,-3,-6,2,-32,43,131,0,0,0,0,0,0,0,0,0,0,0,0,0,0,0,0,0,0,0,0,0,0,57066
1,1,1,1,993,346,-2000,1,-9,6,-33,44,131,0,0,0,0,0,0,0,0,0,0,0,0,0,0,0,0,0,0,0,0,0,0,57076
1,1,1,1,993,342,-2008,0,-10,6,-32,43,133,0,0,0,0,0,0,0,0,0,0,0,0,0,0,0,0,0,0,0,0,0,0,57086
1,1,1,1,997,338,-2008,-10,-12,6,-33,43,131,0,0,0,0,0,0,0,0,0,0,0,0,0,0,0,0,0,0,0,0,0,0,57096
1,1,1,1,991,344,-2003,-17,-10,9,-34,44,133,0,0,0,0,0,0,0,0,0,0,0,0,0,0,0,0,0,0,0,0,0,0,57106
1,1,1,1,985,349,-1991,-15,-11,9,-32,43,132,0,0,0,0,0,0,0,0,0,0,0,0,0,0,0,0,0,0,0,0,0,0,57116
1,1,1,1,985,341,-1993,-4,-6,10,-32,43,130,0,0,0,0,0,0,0,0,0,0,0,0,0,0,0,0,0,0,0,0,0,0,57126
1,1,1,1,977,342,-1993,-3,-3,11,-31,43,130,0,0,0,0,0,0,0,0,0,0,0,0,0,0,0,0,0,0,0,0,0,0,57136
1,1,1,1,971,350,-2001,-2,-10,13,-30,43,130,0,0,0,0,0,0,0,0,0,0,0,0,0,0,0,0,0,0,0,0,0,0,57146
1,1,1,1,975,345,-1991,7,-11,20,-31,43,128,0,0,0,0,0,0,0,0,0,0,0,0,0,0,0,0,0,0,0,0,0,0,57156
1,1,1,1,988,333,-1997,0,-17,19,-32,43,129,0,0,0,0,0,0,0,0,0,0,0,0,0,0,0,0,0,0,0,0,0,0,57166
1,1,1,1,981,346,-2007,-4,-18,24,-31,43,126,0,0,0,0,0,0,0,0,0,0,0,0,0,0,0,0,0,0,0,0,0,0,57176
1,1,1,1,982,360,-2001,4,-15,29,-33,44,128,0,0,0,0,0,0,0,0,0,0,0,0,0,0,0,0,0,0,0,0,0,0,57186
1,1,1,1,994,343,-1994,11,-6,27,-32,43,129,0,0,0,0,0,0,0,0,0,0,0,0,0,0,0,0,0,0,0,0,0,0,57196
1,1,1,1,990,337,-1996,-2,-20,22,-33,43,126,0,0,0,0,0,0,0,0,0,0,0,0,0,0,0,0,0,0,0,0,0,0,57206
1,1,1,1,980,345,-2002,-11,-20,19,-34,43,129,0,0,0,0,0,0,0,0,0,0,0,0,0,0,0,0,0,0,0,0,0,0,57216
1,1,1,1,986,344,-2004,-14,-22,20,-34,43,128,0,0,0,0,0,0,0,0,0,0,0,0,0,0,0,0,0,0,0,0,0,0,57226
1,1,1,1,981,354,-1999,-13,-26,19,-31,44,128,0,0,0,0,0,0,0,0,0,0,0,0,0,0,0,0,0,0,0,0,0,0,57236
1,1,1,1,981,348,-1994,-14,-28,16,-32,42,130,0,0,0,0,0,0,0,0,0,0,0,0,0,0,0,0,0,0,0,0,0,0,57246
1,1,1,1,984,354,-1999,-15,-23,16,-31,44,128,0,0,0,0,0,0,0,0,0,0,0,0,0,0,0,0,0,0,0,0,0,0,57256
1,1,1,1,974,361,-1988,-6,-14,20,-32,44,129,0,0,0,0,0,0,0,0,0,0,0,0,0,0,0,0,0,0,0,0,0,0,57266
1,1,1,1,978,357,-1988,-6,-24,23,-32,43,129,0,0,0,0,0,0,0,0,0,0,0,0,0,0,0,0,0,0,0,0,0,0,57276
1,1,1,1,988,352,-1982,-6,-18,23,-34,45,131,0,0,0,0,0,0,0,0,0,0,0,0,0,0,0,0,0,0,0,0,0,0,57286
1,1,1,1,993,363,-1977,1,-13,17,-34,45,126,0,0,0,0,0,0,0,0,0,0,0,0,0,0,0,0,0,0,0,0,0,0,57296
1,1,1,1,996,364,-1978,14,-2,13,-33,45,126,0,0,0,0,0,0,0,0,0,0,0,0,0,0,0,0,0,0,0,0,0,0,57306
1,1,1,1,996,364,-1978,17,5,1,-33,44,131,0,0,0,0,0,0,0,0,0,0,0,0,0,0,0,0,0,0,0,0,0,0,57316
1,1,1,1,995,353,-1979,21,2,-9,-30,42,125,0,0,0,0,0,0,0,0,0,0,0,0,0,0,0,0,0,0,0,0,0,0,57326
1,1,1,1,986,358,-1986,23,12,-9,-32,44,127,0,0,0,0,0,0,0,0,0,0,0,0,0,0,0,0,0,0,0,0,0,0,57336
1,1,1,1,984,359,-1986,14,16,-11,-34,44,126,0,0,0,0,0,0,0,0,0,0,0,0,0,0,0,0,0,0,0,0,0,0,57346
1,1,1,1,976,361,-2000,5,15,-10,-30,44,126,0,0,0,0,0,0,0,0,0,0,0,0,0,0,0,0,0,0,0,0,0,0,57356
1,1,1,1,971,365,-1992,5,8,-11,-30,45,124,0,0,0,0,0,0,0,0,0,0,0,0,0,0,0,0,0,0,0,0,0,0,57366
1,1,1,1,972,356,-1995,11,7,-13,-28,43,126,0,0,0,0,0,0,0,0,0,0,0,0,0,0,0,0,0,0,0,0,0,0,57376
1,1,1,1,978,357,-2002,13,4,-12,-27,43,127,0,0,0,0,0,0,0,0,0,0,0,0,0,0,0,0,0,0,0,0,0,0,57386
1,1,1,1,985,348,-2009,16,6,-8,-31,44,127,0,0,0,0,0,0,0,0,0,0,0,0,0,0,0,0,0,0,0,0,0,0,57396
1,1,1,1,984,351,-2006,17,6,-5,-31,44,126,0,0,0,0,0,0,0,0,0,0,0,0,0,0,0,0,0,0,0,0,0,0,57406
1,1,1,1,977,341,-2011,10,0,3,-32,44,128,0,0,0,0,0,0,0,0,0,0,0,0,0,0,0,0,0,0,0,0,0,0,57416
1,1,1,1,980,342,-2011,10,-5,11,-33,43,126,0,0,0,0,0,0,0,0,0,0,0,0,0,0,0,0,0,0,0,0,0,0,57426
1,1,1,1,975,350,-2006,19,-9,16,-30,43,125,0,0,0,0,0,0,0,0,0,0,0,0,0,0,0,0,0,0,0,0,0,0,57436
1,1,1,1,977,351,-2009,16,-11,19,-31,43,127,0,0,0,0,0,0,0,0,0,0,0,0,0,0,0,0,0,0,0,0,0,0,57446
1,1,1,1,979,348,-2010,8,-22,19,-31,44,127,0,0,0,0,0,0,0,0,0,0,0,0,0,0,0,0,0,0,0,0,0,0,57456
1,1,1,1,986,341,-1999,3,-18,18,-30,44,125,0,0,0,0,0,0,0,0,0,0,0,0,0,0,0,0,0,0,0,0,0,0,57466
1,1,1,1,995,335,-2000,-5,-21,14,-30,44,123,0,0,0,0,0,0,0,0,0,0,0,0,0,0,0,0,0,0,0,0,0,0,57476
1,1,1,1,998,347,-2002,-2,-29,9,-29,44,125,0,0,0,0,0,0,0,0,0,0,0,0,0,0,0,0,0,0,0,0,0,0,57486
1,1,1,1,991,352,-1997,-1,-32,4,-31,45,123,0,0,0,0,0,0,0,0,0,0,0,0,0,0,0,0,0,0,0,0,0,0,57496
1,1,1,1,981,356,-2000,14,-23,0,-30,43,124,0,0,0,0,0,0,0,0,0,0,0,0,0,0,0,0,0,0,0,0,0,0,57506
1,1,1,1,972,364,-1992,28,-22,-1,-31,45,125,0,0,0,0,0,0,0,0,0,0,0,0,0,0,0,0,0,0,0,0,0,0,57516
1,1,1,1,966,360,-2004,33,-20,-1,-31,45,125,0,0,0,0,0,0,0,0,0,0,0,0,0,0,0,0,0,0,0,0,0,0,57526
1,1,1,1,969,346,-2004,31,-21,-1,-32,44,124,0,0,0,0,0,0,0,0,0,0,0,0,0,0,0,0,0,0,0,0,0,0,57536
1,1,1,1,968,339,-2013,16,-29,0,-30,45,126,0,0,0,0,0,0,0,0,0,0,0,0,0,0,0,0,0,0,0,0,0,0,57546
1,1,1,1,971,339,-2009,8,-33,4,-29,44,124,0,0,0,0,0,0,0,0,0,0,0,0,0,0,0,0,0,0,0,0,0,0,57556
1,1,1,1,969,338,-2008,7,-38,10,-29,44,124,0,0,0,0,0,0,0,0,0,0,0,0,0,0,0,0,0,0,0,0,0,0,57566
1,1,1,1,966,340,-1994,8,-34,14,-31,45,125,0,0,0,0,0,0,0,0,0,0,0,0,0,0,0,0,0,0,0,0,0,0,57576
1,1,1,1,973,344,-1992,17,-30,14,-30,42,123,0,0,0,0,0,0,0,0,0,0,0,0,0,0,0,0,0,0,0,0,0,0,57586
1,1,1,1,970,344,-1995,13,-29,13,-33,45,124,0,0,0,0,0,0,0,0,0,0,0,0,0,0,0,0,0,0,0,0,0,0,57596
1,1,1,1,971,344,-1994,16,-19,10,-31,46,123,0,0,0,0,0,0,0,0,0,0,0,0,0,0,0,0,0,0,0,0,0,0,57606
1,1,1,1,968,345,-1987,18,-13,9,-31,45,125,0,0,0,0,0,0,0,0,0,0,0,0,0,0,0,0,0,0,0,0,0,0,57616
1,1,1,1,968,347,-1996,20,-12,9,-33,42,123,0,0,0,0,0,0,0,0,0,0,0,0,0,0,0,0,0,0,0,0,0,0,57626
1,1,1,1,968,343,-2002,22,-7,11,-34,47,124,0,0,0,0,0,0,0,0,0,0,0,0,0,0,0,0,0,0,0,0,0,0,57636
1,1,1,1,965,349,-2003,22,-10,13,-31,43,124,0,0,0,0,0,0,0,0,0,0,0,0,0,0,0,0,0,0,0,0,0,0,57646
1,1,1,1,963,348,-1998,26,-1,19,-32,43,125,0,0,0,0,0,0,0,0,0,0,0,0,0,0,0,0,0,0,0,0,0,0,57656
1,1,1,1,963,348,-2008,19,-6,18,-31,43,126,0,0,0,0,0,0,0,0,0,0,0,0,0,0,0,0,0,0,0,0,0,0,57666
1,1,1,1,963,341,-2008,10,-7,19,-29,43,125,0,0,0,0,0,0,0,0,0,0,0,0,0,0,0,0,0,0,0,0,0,0,57676
1,1,1,1,972,333,-1994,6,-17,13,-28,42,124,0,0,0,0,0,0,0,0,0,0,0,0,0,0,0,0,0,0,0,0,0,0,57686
1,1,1,1,970,340,-2003,2,-13,11,-27,44,125,0,0,0,0,0,0,0,0,0,0,0,0,0,0,0,0,0,0,0,0,0,0,57696
1,1,1,1,973,336,-1996,-1,-17,8,-28,43,125,0,0,0,0,0,0,0,0,0,0,0,0,0,0,0,0,0,0,0,0,0,0,57706
1,1,1,1,978,336,-2001,-9,-21,8,-30,44,125,0,0,0,0,0,0,0,0,0,0,0,0,0,0,0,0,0,0,0,0,0,0,57716
1,1,1,1,973,340,-2003,-8,-14,10,-33,43,126,0,0,0,0,0,0,0,0,0,0,0,0,0,0,0,0,0,0,0,0,0,0,57726
1,1,1,1,973,341,-2001,-2,-14,8,-33,44,125,0,0,0,0,0,0,0,0,0,0,0,0,0,0,0,0,0,0,0,0,0,0,57736
1,1,1,1,966,344,-2002,7,-10,9,-31,44,127,0,0,0,0,0,0,0,0,0,0,0,0,0,0,0,0,0,0,0,0,0,0,57746
1,1,1,1,965,345,-2010,10,-7,10,-29,43,123,0,0,0,0,0,0,0,0,0,0,0,0,0,0,0,0,0,0,0,0,0,0,57756
1,1,1,1,966,342,-1998,13,-3,11,-29,44,124,0,0,0,0,0,0,0,0,0,0,0,0,0,0,0,0,0,0,0,0,0,0,57766
1,1,1,1,973,343,-1996,6,-7,9,-32,44,123,0,0,0,0,0,0,0,0,0,0,0,0,0,0,0,0,0,0,0,0,0,0,57776
1,1,1,1,971,341,-2004,4,-8,9,-30,44,123,0,0,0,0,0,0,0,0,0,0,0,0,0,0,0,0,0,0,0,0,0,0,57786
1,1,1,1,971,344,-2004,6,-5,10,-30,43,125,0,0,0,0,0,0,0,0,0,0,0,0,0,0,0,0,0,0,0,0,0,0,57796
1,1,1,1,974,346,-2005,1,-5,9,-29,44,126,0,0,0,0,0,0,0,0,0,0,0,0,0,0,0,0,0,0,0,0,0,0,57806
1,1,1,1,976,345,-2003,-9,-15,5,-30,43,124,0,0,0,0,0,0,0,0,0,0,0,0,0,0,0,0,0,0,0,0,0,0,57816
1,1,1,1,976,350,-2002,-6,-20,2,-30,44,124,0,0,0,0,0,0,0,0,0,0,0,0,0,0,0,0,0,0,0,0,0,0,57826
1,1,1,1,975,350,-2002,5,-6,2,-30,44,123,0,0,0,0,0,0,0,0,0,0,0,0,0,0,0,0,0,0,0,0,0,0,57836
1,1,1,1,977,347,-2002,12,-6,3,-26,43,123,0,0,0,0,0,0,0,0,0,0,0,0,0,0,0,0,0,0,0,0,0,0,57846
1,1,1,1,975,342,-2000,14,-1,3,-27,43,124,0,0,0,0,0,0,0,0,0,0,0,0,0,0,0,0,0,0,0,0,0,0,57856
1,1,1,1,969,337,-2002,22,6,1,-27,43,121,0,0,0,0,0,0,0,0,0,0,0,0,0,0,0,0,0,0,0,0,0,0,57866
1,1,1,1,969,340,-2003,23,7,3,-28,43,125,0,0,0,0,0,0,0,0,0,0,0,0,0,0,0,0,0,0,0,0,0,0,57876
1,1,1,1,970,332,-2003,20,9,5,-30,45,124,0,0,0,0,0,0,0,0,0,0,0,0,0,0,0,0,0,0,0,0,0,0,57886
1,1,1,1,968,341,-2015,18,11,5,-30,46,125,0,0,0,0,0,0,0,0,0,0,0,0,0,0,0,0,0,0,0,0,0,0,57896
1,1,1,1,973,341,-2013,8,2,5,-28,45,124,0,0,0,0,0,0,0,0,0,0,0,0,0,0,0,0,0,0,0,0,0,0,57906
1,1,1,1,982,339,-2012,4,4,6,-32,47,126,0,0,0,0,0,0,0,0,0,0,0,0,0,0,0,0,0,0,0,0,0,0,57916
1,1,1,1,981,338,-2016,-7,-7,8,-30,45,123,0,0,0,0,0,0,0,0,0,0,0,0,0,0,0,0,0,0,0,0,0,0,57926
1,1,1,1,977,342,-2015,-7,-13,6,-30,43,127,0,0,0,0,0,0,0,0,0,0,0,0,0,0,0,0,0,0,0,0,0,0,57936
1,1,1,1,982,349,-2012,2,-17,5,-30,43,126,0,0,0,0,0,0,0,0,0,0,0,0,0,0,0,0,0,0,0,0,0,0,57946
1,1,1,1,983,342,-2005,8,-7,3,-31,45,124,0,0,0,0,0,0,0,0,0,0,0,0,0,0,0,0,0,0,0,0,0,0,57956
1,1,1,1,974,348,-2013,15,-8,-3,-32,45,124,0,0,0,0,0,0,0,0,0,0,0,0,0,0,0,0,0,0,0,0,0,0,57966
1,1,1,1,974,342,-2010,16,-8,-4,-28,43,122,0,0,0,0,0,0,0,0,0,0,0,0,0,0,0,0,0,0,0,0,0,0,57976
1,1,1,1,968,334,-2006,19,-6,-6,-28,45,125,0,0,0,0,0,0,0,0,0,0,0,0,0,0,0,0,0,0,0,0,0,0,57986
1,1,1,1,970,331,-2010,17,-2,-1,-26,43,124,0,0,0,0,0,0,0,0,0,0,0,0,0,0,0,0,0,0,0,0,0,0,57996
1,1,1,1,972,326,-2017,9,-3,1,-28,42,121,0,0,0,0,0,0,0,0,0,0,0,0,0,0,0,0,0,0,0,0,0,0,58006
1,1,1,1,963,329,-2017,3,-9,6,-26,42,122,0,0,0,0,0,0,0,0,0,0,0,0,0,0,0,0,0,0,0,0,0,0,58016
1,1,1,1,970,319,-2017,-11,-19,11,-28,44,123,0,0,0,0,0,0,0,0,0,0,0,0,0,0,0,0,0,0,0,0,0,0,58026
1,1,1,1,972,323,-2022,-25,-25,12,-29,44,117,0,0,0,0,0,0,0,0,0,0,0,0,0,0,0,0,0,0,0,0,0,0,58036
1,1,1,1,966,342,-2016,-31,-24,14,-29,44,121,0,0,0,0,0,0,0,0,0,0,0,0,0,0,0,0,0,0,0,0,0,0,58046
1,1,1,1,974,344,-2001,-25,-28,15,-28,44,118,0,0,0,0,0,0,0,0,0,0,0,0,0,0,0,0,0,0,0,0,0,0,58056
1,1,1,1,976,343,-2002,-14,-15,13,-27,43,119,0,0,0,0,0,0,0,0,0,0,0,0,0,0,0,0,0,0,0,0,0,0,58066
1,1,1,1,973,343,-2003,-5,-17,12,-28,44,118,0,0,0,0,0,0,0,0,0,0,0,0,0,0,0,0,0,0,0,0,0,0,58076
1,1,1,1,965,352,-1998,3,-10,9,-26,43,117,0,0,0,0,0,0,0,0,0,0,0,0,0,0,0,0,0,0,0,0,0,0,58086
1,1,1,1,966,343,-2000,3,-10,13,-28,43,118,0,0,0,0,0,0,0,0,0,0,0,0,0,0,0,0,0,0,0,0,0,0,58096
1,1,1,1,971,342,-1989,-5,-16,13,-29,43,116,0,0,0,0,0,0,0,0,0,0,0,0,0,0,0,0,0,0,0,0,0,0,58106
1,1,1,1,970,345,-1995,-7,-10,14,-28,44,117,0,0,0,0,0,0,0,0,0,0,0,0,0,0,0,0,0,0,0,0,0,0,58116
1,1,1,1,981,344,-1993,-6,-5,11,-29,43,117,0,0,0,0,0,0,0,0,0,0,0,0,0,0,0,0,0,0,0,0,0,0,58126
1,1,1,1,981,347,-1989,-12,-8,8,-27,42,117,0,0,0,0,0,0,0,0,0,0,0,0,0,0,0,0,0,0,0,0,0,0,58136
1,1,1,1,979,354,-2001,-8,7,7,-27,44,116,0,0,0,0,0,0,0,0,0,0,0,0,0,0,0,0,0,0,0,0,0,0,58146
1,1,1,1,980,352,-2009,-7,13,6,-27,43,116,0,0,0,0,0,0,0,0,0,0,0,0,0,0,0,0,0,0,0,0,0,0,58156
1,1,1,1,971,349,-2012,-3,7,3,-29,43,116,0,0,0,0,0,0,0,0,0,0,0,0,0,0,0,0,0,0,0,0,0,0,58166
1,1,1,1,971,355,-2009,0,-2,-1,-30,43,116,0,0,0,0,0,0,0,0,0,0,0,0,0,0,0,0,0,0,0,0,0,0,58176
1,1,1,1,974,355,-2011,14,-1,4,-31,43,117,0,0,0,0,0,0,0,0,0,0,0,0,0,0,0,0,0,0,0,0,0,0,58186
1,1,1,1,976,352,-2003,17,-7,7,-32,44,113,0,0,0,0,0,0,0,0,0,0,0,0,0,0,0,0,0,0,0,0,0,0,58196
1,1,1,1,971,354,-2002,15,-10,11,-28,39,115,0,0,0,0,0,0,0,0,0,0,0,0,0,0,0,0,0,0,0,0,0,0,58206
1,1,1,1,971,348,-2006,18,-12,8,-29,44,115,0,0,0,0,0,0,0,0,0,0,0,0,0,0,0,0,0,0,0,0,0,0,58216
1,1,1,1,969,346,-2009,10,-15,3,-30,43,115,0,0,0,0,0,0,0,0,0,0,0,0,0,0,0,0,0,0,0,0,0,0,58226
1,1,1,1,972,342,-2011,7,-12,0,-30,41,116,0,0,0,0,0,0,0,0,0,0,0,0,0,0,0,0,0,0,0,0,0,0,58236
1,1,1,1,977,338,-2020,0,-15,-2,-32,43,114,0,0,0,0,0,0,0,0,0,0,0,0,0,0,0,0,0,0,0,0,0,0,58246
1,1,1,1,971,348,-2023,-4,-17,-1,-32,45,114,0,0,0,0,0,0,0,0,0,0,0,0,0,0,0,0,0,0,0,0,0,0,58256
1,1,1,1,970,349,-2011,-2,-15,0,-30,44,115,0,0,0,0,0,0,0,0,0,0,0,0,0,0,0,0,0,0,0,0,0,0,58266
1,1,1,1,973,349,-2006,-2,-18,3,-29,42,113,0,0,0,0,0,0,0,0,0,0,0,0,0,0,0,0,0,0,0,0,0,0,58276
1,1,1,1,972,345,-2001,0,-18,4,-29,43,115,0,0,0,0,0,0,0,0,0,0,0,0,0,0,0,0,0,0,0,0,0,0,58286
1,1,1,1,964,345,-2003,-2,-21,3,-28,42,114,0,0,0,0,0,0,0,0,0,0,0,0,0,0,0,0,0,0,0,0,0,0,58296
1,1,1,1,956,342,-2007,-1,-16,6,-29,43,113,0,0,0,0,0,0,0,0,0,0,0,0,0,0,0,0,0,0,0,0,0,0,58306
1,1,1,1,958,339,-2012,0,-11,11,-28,43,115,0,0,0,0,0,0,0,0,0,0,0,0,0,0,0,0,0,0,0,0,0,0,58316
1,1,1,1,956,336,-2016,-5,-13,16,-31,42,114,0,0,0,0,0,0,0,0,0,0,0,0,0,0,0,0,0,0,0,0,0,0,58326
1,1,1,1,960,343,-2015,-4,-9,20,-28,43,114,0,0,0,0,0,0,0,0,0,0,0,0,0,0,0,0,0,0,0,0,0,0,58336
1,1,1,1,965,349,-2004,-4,-5,23,-29,42,116,0,0,0,0,0,0,0,0,0,0,0,0,0,0,0,0,0,0,0,0,0,0,58346
1,1,1,1,969,349,-2003,1,-12,23,-29,43,112,0,0,0,0,0,0,0,0,0,0,0,0,0,0,0,0,0,0,0,0,0,0,58356
1,1,1,1,970,345,-2010,-2,-12,20,-28,42,112,0,0,0,0,0,0,0,0,0,0,0,0,0,0,0,0,0,0,0,0,0,0,58366
1,1,1,1,968,330,-2005,-12,-14,7,-25,43,112,0,0,0,0,0,0,0,0,0,0,0,0,0,0,0,0,0,0,0,0,0,0,58376
1,1,1,1,982,331,-2001,-22,-23,-8,-26,42,112,0,0,0,0,0,0,0,0,0,0,0,0,0,0,0,0,0,0,0,0,0,0,58386
1,1,1,1,960,349,-2007,-20,-18,0,-27,41,112,0,0,0,0,0,0,0,0,0,0,0,0,0,0,0,0,0,0,0,0,0,0,58396
1,1,1,1,966,340,-2007,-15,-27,2,-28,41,111,0,0,0,0,0,0,0,0,0,0,0,0,0,0,0,0,0,0,0,0,0,0,58406
1,1,1,1,958,340,-2005,-9,-21,4,-27,40,110,0,0,0,0,0,0,0,0,0,0,0,0,0,0,0,0,0,0,0,0,0,0,58416
1,1,1,1,956,339,-2000,-3,-17,7,-28,41,111,0,0,0,0,0,0,0,0,0,0,0,0,0,0,0,0,0,0,0,0,0,0,58426
1,1,1,1,959,341,-2007,-3,-24,8,-28,41,111,0,0,0,0,0,0,0,0,0,0,0,0,0,0,0,0,0,0,0,0,0,0,58436
1,1,1,1,961,343,-2004,5,-32,9,-27,40,112,0,0,0,0,0,0,0,0,0,0,0,0,0,0,0,0,0,0,0,0,0,0,58446
1,1,1,1,948,344,-2003,15,-29,7,-26,40,110,0,0,0,0,0,0,0,0,0,0,0,0,0,0,0,0,0,0,0,0,0,0,58456
1,1,1,1,942,343,-1998,21,-34,7,-27,40,109,0,0,0,0,0,0,0,0,0,0,0,0,0,0,0,0,0,0,0,0,0,0,58466
1,1,1,1,951,323,-1995,4,-47,-8,-26,40,108,0,0,0,0,0,0,0,0,0,0,0,0,0,0,0,0,0,0,0,0,0,0,58476
1,1,1,1,968,333,-1997,-2,-50,-29,-25,39,109,0,0,0,0,0,0,0,0,0,0,0,0,0,0,0,0,0,0,0,0,0,0,58486
1,1,1,1,969,358,-1993,9,-40,-29,-23,39,110,0,0,0,0,0,0,0,0,0,0,0,0,0,0,0,0,0,0,0,0,0,0,58496
1,1,1,1,972,357,-1996,20,-33,-31,-25,42,109,0,0,0,0,0,0,0,0,0,0,0,0,0,0,0,0,0,0,0,0,0,0,58506
1,1,1,1,967,353,-2005,29,-18,-26,-25,41,107,0,0,0,0,0,0,0,0,0,0,0,0,0,0,0,0,0,0,0,0,0,0,58516
1,1,1,1,959,353,-2010,27,-6,-20,-25,40,105,0,0,0,0,0,0,0,0,0,0,0,0,0,0,0,0,0,0,0,0,0,0,58526
1,1,1,1,953,350,-2018,15,-5,-10,-27,41,107,0,0,0,0,0,0,0,0,0,0,0,0,0,0,0,0,0,0,0,0,0,0,58536
1,1,1,1,950,345,-2010,-1,-10,0,-28,43,105,0,0,0,0,0,0,0,0,0,0,0,0,0,0,0,0,0,0,0,0,0,0,58546
1,1,1,1,959,351,-2011,-3,-10,11,-26,41,108,0,0,0,0,0,0,0,0,0,0,0,0,0,0,0,0,0,0,0,0,0,0,58556
1,1,1,1,962,356,-2009,-4,-17,17,-29,40,107,0,0,0,0,0,0,0,0,0,0,0,0,0,0,0,0,0,0,0,0,0,0,58566
1,1,1,1,962,355,-2007,-11,-25,18,-25,39,108,0,0,0,0,0,0,0,0,0,0,0,0,0,0,0,0,0,0,0,0,0,0,58576
1,1,1,1,966,351,-2009,-15,-34,14,-26,41,108,0,0,0,0,0,0,0,0,0,0,0,0,0,0,0,0,0,0,0,0,0,0,58586
1,1,1,1,961,351,-2002,-8,-27,7,-25,40,108,0,0,0,0,0,0,0,0,0,0,0,0,0,0,0,0,0,0,0,0,0,0,58596
1,1,1,1,968,346,-1996,-1,-23,-1,-25,41,107,0,0,0,0,0,0,0,0,0,0,0,0,0,0,0,0,0,0,0,0,0,0,58606
1,1,1,1,962,353,-1993,3,-19,-7,-24,40,107,0,0,0,0,0,0,0,0,0,0,0,0,0,0,0,0,0,0,0,0,0,0,58616
1,1,1,1,962,354,-1995,7,-14,-13,-27,41,109,0,0,0,0,0,0,0,0,0,0,0,0,0,0,0,0,0,0,0,0,0,0,58626
1,1,1,1,955,361,-1998,11,-10,-9,-26,41,108,0,0,0,0,0,0,0,0,0,0,0,0,0,0,0,0,0,0,0,0,0,0,58636
1,1,1,1,936,364,-2014,18,11,-3,-26,40,109,0,0,0,0,0,0,0,0,0,0,0,0,0,0,0,0,0,0,0,0,0,0,58646
1,1,1,1,940,354,-2014,17,13,-1,-26,40,109,0,0,0,0,0,0,0,0,0,0,0,0,0,0,0,0,0,0,0,0,0,0,58656
1,1,1,1,946,347,-2010,9,1,-2,-25,40,108,0,0,0,0,0,0,0,0,0,0,0,0,0,0,0,0,0,0,0,0,0,0,58666
1,1,1,1,947,348,-2019,7,3,-4,-25,41,109,0,0,0,0,0,0,0,0,0,0,0,0,0,0,0,0,0,0,0,0,0,0,58676
1,1,1,1,947,347,-2019,7,5,-3,-25,41,106,0,0,0,0,0,0,0,0,0,0,0,0,0,0,0,0,0,0,0,0,0,0,58686
1,1,1,1,961,348,-2009,12,3,1,-24,41,108,0,0,0,0,0,0,0,0,0,0,0,0,0,0,0,0,0,0,0,0,0,0,58696
1,1,1,1,969,343,-2006,7,0,3,-29,41,107,0,0,0,0,0,0,0,0,0,0,0,0,0,0,0,0,0,0,0,0,0,0,58706
1,1,1,1,971,343,-2025,2,2,5,-27,41,107,0,0,0,0,0,0,0,0,0,0,0,0,0,0,0,0,0,0,0,0,0,0,58716
1,1,1,1,962,353,-2021,5,8,7,-25,40,108,0,0,0,0,0,0,0,0,0,0,0,0,0,0,0,0,0,0,0,0,0,0,58726
1,1,1,1,965,346,-2012,9,12,10,-27,41,106,0,0,0,0,0,0,0,0,0,0,0,0,0,0,0,0,0,0,0,0,0,0,58736
1,1,1,1,967,345,-2021,2,7,11,-26,40,108,0,0,0,0,0,0,0,0,0,0,0,0,0,0,0,0,0,0,0,0,0,0,58746
1,1,1,1,963,339,-2024,-4,7,12,-25,41,107,0,0,0,0,0,0,0,0,0,0,0,0,0,0,0,0,0,0,0,0,0,0,58756
1,1,1,1,961,349,-2024,-4,9,10,-26,40,108,0,0,0,0,0,0,0,0,0,0,0,0,0,0,0,0,0,0,0,0,0,0,58766
1,1,1,1,961,348,-2011,-5,5,12,-27,40,106,0,0,0,0,0,0,0,0,0,0,0,0,0,0,0,0,0,0,0,0,0,0,58776
1,1,1,1,959,339,-2018,-5,8,11,-27,40,108,0,0,0,0,0,0,0,0,0,0,0,0,0,0,0,0,0,0,0,0,0,0,58786
1,1,1,1,951,353,-2018,-2,3,9,-27,41,110,0,0,0,0,0,0,0,0,0,0,0,0,0,0,0,0,0,0,0,0,0,0,58796
1,1,1,1,951,355,-2017,1,7,11,-25,38,107,0,0,0,0,0,0,0,0,0,0,0,0,0,0,0,0,0,0,0,0,0,0,58806
1,1,1,1,960,352,-2014,9,10,9,-25,41,109,0,0,0,0,0,0,0,0,0,0,0,0,0,0,0,0,0,0,0,0,0,0,58816
1,1,1,1,964,347,-2000,8,8,5,-27,39,109,0,0,0,0,0,0,0,0,0,0,0,0,0,0,0,0,0,0,0,0,0,0,58826
1,1,1,1,970,346,-2017,2,0,5,-27,42,111,0,0,0,0,0,0,0,0,0,0,0,0,0,0,0,0,0,0,0,0,0,0,58836
1,1,1,1,961,345,-2014,11,1,4,-27,39,109,0,0,0,0,0,0,0,0,0,0,0,0,0,0,0,0,0,0,0,0,0,0,58846
1,1,1,1,952,341,-2010,12,-3,0,-26,39,108,0,0,0,0,0,0,0,0,0,0,0,0,0,0,0,0,0,0,0,0,0,0,58856
1,1,1,1,954,342,-2012,14,-4,-2,-24,40,107,0,0,0,0,0,0,0,0,0,0,0,0,0,0,0,0,0,0,0,0,0,0,58866
1,1,1,1,957,342,-2003,13,-7,-1,-26,40,108,0,0,0,0,0,0,0,0,0,0,0,0,0,0,0,0,0,0,0,0,0,0,58876
1,1,1,1,955,342,-2010,13,-5,1,-22,40,108,0,0,0,0,0,0,0,0,0,0,0,0,0,0,0,0,0,0,0,0,0,0,58886
1,1,1,1,952,344,-2011,6,-1,4,-22,40,106,0,0,0,0,0,0,0,0,0,0,0,0,0,0,0,0,0,0,0,0,0,0,58896
1,1,1,1,940,345,-2017,1,5,10,-22,40,110,0,0,0,0,0,0,0,0,0,0,0,0,0,0,0,0,0,0,0,0,0,0,58906
1,1,1,1,950,342,-2013,-3,0,16,-22,40,109,0,0,0,0,0,0,0,0,0,0,0,0,0,0,0,0,0,0,0,0,0,0,58916
1,1,1,1,957,347,-2007,-7,-7,21,-26,40,108,0,0,0,0,0,0,0,0,0,0,0,0,0,0,0,0,0,0,0,0,0,0,58926
1,1,1,1,966,340,-2002,-6,-6,22,-26,40,109,0,0,0,0,0,0,0,0,0,0,0,0,0,0,0,0,0,0,0,0,0,0,58936
1,1,1,1,971,342,-2010,-6,-10,18,-26,40,109,0,0,0,0,0,0,0,0,0,0,0,0,0,0,0,0,0,0,0,0,0,0,58946
1,1,1,1,973,348,-2008,2,-7,12,-26,40,110,0,0,0,0,0,0,0,0,0,0,0,0,0,0,0,0,0,0,0,0,0,0,58956
1,1,1,1,969,342,-2011,13,-5,7,-24,40,108,0,0,0,0,0,0,0,0,0,0,0,0,0,0,0,0,0,0,0,0,0,0,58966
1,1,1,1,978,334,-2014,8,-10,0,-25,40,108,0,0,0,0,0,0,0,0,0,0,0,0,0,0,0,0,0,0,0,0,0,0,58976
1,1,1,1,974,346,-2019,12,-7,-4,-24,40,108,0,0,0,0,0,0,0,0,0,0,0,0,0,0,0,0,0,0,0,0,0,0,58986
1,1,1,1,969,351,-2010,8,-7,-5,-25,39,108,0,0,0,0,0,0,0,0,0,0,0,0,0,0,0,0,0,0,0,0,0,0,58996
1,1,1,1,965,351,-2022,-6,-2,-1,-25,40,108,0,0,0,0,0,0,0,0,0,0,0,0,0,0,0,0,0,0,0,0,0,0,59006
1,1,1,1,950,360,-2023,-4,-1,1,-24,40,107,0,0,0,0,0,0,0,0,0,0,0,0,0,0,0,0,0,0,0,0,0,0,59016
1,1,1,1,951,361,-2009,2,4,4,-25,40,107,0,0,0,0,0,0,0,0,0,0,0,0,0,0,0,0,0,0,0,0,0,0,59026
1,1,1,1,954,349,-2013,1,-11,0,-24,40,109,0,0,0,0,0,0,0,0,0,0,0,0,0,0,0,0,0,0,0,0,0,0,59036
1,1,1,1,956,343,-2015,-3,-5,0,-25,39,108,0,0,0,0,0,0,0,0,0,0,0,0,0,0,0,0,0,0,0,0,0,0,59046
1,1,1,1,971,345,-2013,-9,-3,-2,-25,40,110,0,0,0,0,0,0,0,0,0,0,0,0,0,0,0,0,0,0,0,0,0,0,59056
1,1,1,1,974,347,-2010,-11,-2,-3,-25,40,109,0,0,0,0,0,0,0,0,0,0,0,0,0,0,0,0,0,0,0,0,0,0,59066
1,1,1,1,968,352,-2013,-9,6,-1,-23,39,109,0,0,0,0,0,0,0,0,0,0,0,0,0,0,0,0,0,0,0,0,0,0,59076
1,1,1,1,956,357,-2013,-5,9,4,-26,40,110,0,0,0,0,0,0,0,0,0,0,0,0,0,0,0,0,0,0,0,0,0,0,59086
1,1,1,1,953,353,-2012,3,11,8,-24,39,111,0,0,0,0,0,0,0,0,0,0,0,0,0,0,0,0,0,0,0,0,0,0,59096
1,1,1,1,955,352,-2011,11,11,8,-25,38,109,0,0,0,0,0,0,0,0,0,0,0,0,0,0,0,0,0,0,0,0,0,0,59106
1,1,1,1,961,350,-2006,6,12,8,-28,43,110,0,0,0,0,0,0,0,0,0,0,0,0,0,0,0,0,0,0,0,0,0,0,59116
1,1,1,1,968,338,-2014,1,6,3,-26,40,111,0,0,0,0,0,0,0,0,0,0,0,0,0,0,0,0,0,0,0,0,0,0,59126
1,1,1,1,964,342,-2012,0,11,4,-28,41,112,0,0,0,0,0,0,0,0,0,0,0,0,0,0,0,0,0,0,0,0,0,0,59136
1,1,1,1,953,343,-2018,-8,10,6,-27,40,110,0,0,0,0,0,0,0,0,0,0,0,0,0,0,0,0,0,0,0,0,0,0,59146
1,1,1,1,952,346,-2025,-10,5,5,-27,39,111,0,0,0,0,0,0,0,0,0,0,0,0,0,0,0,0,0,0,0,0,0,0,59156
1,1,1,1,948,348,-2014,-7,3,6,-27,39,112,0,0,0,0,0,0,0,0,0,0,0,0,0,0,0,0,0,0,0,0,0,0,59166
1,1,1,1,951,346,-2013,-8,-4,7,-27,41,112,0,0,0,0,0,0,0,0,0,0,0,0,0,0,0,0,0,0,0,0,0,0,59176
1,1,1,1,952,347,-2012,-1,-4,9,-27,40,112,0,0,0,0,0,0,0,0,0,0,0,0,0,0,0,0,0,0,0,0,0,0,59186
1,1,1,1,957,350,-2011,5,0,11,-27,40,112,0,0,0,0,0,0,0,0,0,0,0,0,0,0,0,0,0,0,0,0,0,0,59196
1,1,1,1,962,341,-2010,-4,-15,9,-27,39,113,0,0,0,0,0,0,0,0,0,0,0,0,0,0,0,0,0,0,0,0,0,0,59206
1,1,1,1,959,344,-2007,-1,-3,8,-28,39,115,0,0,0,0,0,0,0,0,0,0,0,0,0,0,0,0,0,0,0,0,0,0,59216
1,1,1,1,960,349,-2000,2,6,9,-27,39,113,0,0,0,0,0,0,0,0,0,0,0,0,0,0,0,0,0,0,0,0,0,0,59226
1,1,1,1,959,352,-2000,-5,2,7,-29,40,112,0,0,0,0,0,0,0,0,0,0,0,0,0,0,0,0,0,0,0,0,0,0,59236
1,1,1,1,954,350,-2006,-1,5,6,-29,40,113,0,0,0,0,0,0,0,0,0,0,0,0,0,0,0,0,0,0,0,0,0,0,59246
1,1,1,1,962,346,-2023,-9,-4,6,-28,39,111,0,0,0,0,0,0,0,0,0,0,0,0,0,0,0,0,0,0,0,0,0,0,59256
1,1,1,1,959,342,-2021,-7,-2,9,-28,40,111,0,0,0,0,0,0,0,0,0,0,0,0,0,0,0,0,0,0,0,0,0,0,59266
1,1,1,1,957,346,-2015,-5,5,14,-27,40,112,0,0,0,0,0,0,0,0,0,0,0,0,0,0,0,0,0,0,0,0,0,0,59276
1,1,1,1,958,350,-2017,-9,-5,16,-26,39,113,0,0,0,0,0,0,0,0,0,0,0,0,0,0,0,0,0,0,0,0,0,0,59286
1,1,1,1,956,348,-2019,-15,-12,17,-28,40,114,0,0,0,0,0,0,0,0,0,0,0,0,0,0,0,0,0,0,0,0,0,0,59296
1,1,1,1,963,350,-2008,-10,-2,22,-29,40,113,0,0,0,0,0,0,0,0,0,0,0,0,0,0,0,0,0,0,0,0,0,0,59306
1,1,1,1,960,361,-2004,-10,-9,17,-28,40,113,0,0,0,0,0,0,0,0,0,0,0,0,0,0,0,0,0,0,0,0,0,0,59316
1,1,1,1,960,357,-2003,-2,-3,15,-28,39,114,0,0,0,0,0,0,0,0,0,0,0,0,0,0,0,0,0,0,0,0,0,0,59326
1,1,1,1,964,358,-2005,1,0,12,-31,40,118,0,0,0,0,0,0,0,0,0,0,0,0,0,0,0,0,0,0,0,0,0,0,59336
1,1,1,1,960,357,-2008,3,-2,11,-28,39,116,0,0,0,0,0,0,0,0,0,0,0,0,0,0,0,0,0,0,0,0,0,0,59346
1,1,1,1,965,346,-2012,0,-3,7,-28,40,115,0,0,0,0,0,0,0,0,0,0,0,0,0,0,0,0,0,0,0,0,0,0,59356
1,1,1,1,961,343,-2015,-1,-4,8,-27,41,115,0,0,0,0,0,0,0,0,0,0,0,0,0,0,0,0,0,0,0,0,0,0,59366
1,1,1,1,973,335,-2003,-1,0,10,-31,41,115,0,0,0,0,0,0,0,0,0,0,0,0,0,0,0,0,0,0,0,0,0,0,59376
1,1,1,1,967,343,-2013,-3,-5,8,-29,40,115,0,0,0,0,0,0,0,0,0,0,0,0,0,0,0,0,0,0,0,0,0,0,59386
1,1,1,1,959,354,-2004,-5,-5,9,-28,39,117,0,0,0,0,0,0,0,0,0,0,0,0,0,0,0,0,0,0,0,0,0,0,59396
1,1,1,1,961,353,-2000,-1,-3,12,-33,43,116,0,0,0,0,0,0,0,0,0,0,0,0,0,0,0,0,0,0,0,0,0,0,59406
1,1,1,1,958,347,-2003,-10,-4,11,-29,38,115,0,0,0,0,0,0,0,0,0,0,0,0,0,0,0,0,0,0,0,0,0,0,59416
1,1,1,1,952,356,-2003,-10,-3,13,-28,38,118,0,0,0,0,0,0,0,0,0,0,0,0,0,0,0,0,0,0,0,0,0,0,59426
1,1,1,1,948,358,-1999,4,-2,17,-32,42,120,0,0,0,0,0,0,0,0,0,0,0,0,0,0,0,0,0,0,0,0,0,0,59436
1,1,1,1,956,350,-2009,15,2,15,-31,38,118,0,0,0,0,0,0,0,0,0,0,0,0,0,0,0,0,0,0,0,0,0,0,59446
1,1,1,1,953,351,-2016,20,6,14,-30,40,116,0,0,0,0,0,0,0,0,0,0,0,0,0,0,0,0,0,0,0,0,0,0,59456
1,1,1,1,960,352,-2007,22,-1,12,-30,40,118,0,0,0,0,0,0,0,0,0,0,0,0,0,0,0,0,0,0,0,0,0,0,59466
1,1,1,1,960,353,-2002,24,3,14,-31,44,117,0,0,0,0,0,0,0,0,0,0,0,0,0,0,0,0,0,0,0,0,0,0,59476
1,1,1,1,966,346,-2002,8,-4,11,-28,39,115,0,0,0,0,0,0,0,0,0,0,0,0,0,0,0,0,0,0,0,0,0,0,59486
1,1,1,1,968,348,-2004,-2,1,9,-31,42,119,0,0,0,0,0,0,0,0,0,0,0,0,0,0,0,0,0,0,0,0,0,0,59496
1,1,1,1,965,353,-1995,-9,-4,10,-28,40,119,0,0,0,0,0,0,0,0,0,0,0,0,0,0,0,0,0,0,0,0,0,0,59506
1,1,1,1,961,357,-2002,-6,-9,12,-27,39,118,0,0,0,0,0,0,0,0,0,0,0,0,0,0,0,0,0,0,0,0,0,0,59516
1,1,1,1,956,359,-2008,5,-7,13,-28,40,118,0,0,0,0,0,0,0,0,0,0,0,0,0,0,0,0,0,0,0,0,0,0,59526
1,1,1,1,953,359,-2006,14,-1,12,-29,40,117,0,0,0,0,0,0,0,0,0,0,0,0,0,0,0,0,0,0,0,0,0,0,59536
1,1,1,1,955,351,-2014,22,4,12,-28,40,117,0,0,0,0,0,0,0,0,0,0,0,0,0,0,0,0,0,0,0,0,0,0,59546
1,1,1,1,953,347,-2012,22,5,10,-28,40,116,0,0,0,0,0,0,0,0,0,0,0,0,0,0,0,0,0,0,0,0,0,0,59556
1,1,1,1,960,348,-2008,12,1,7,-30,40,118,0,0,0,0,0,0,0,0,0,0,0,0,0,0,0,0,0,0,0,0,0,0,59566
1,1,1,1,967,347,-2012,9,-3,4,-28,41,116,0,0,0,0,0,0,0,0,0,0,0,0,0,0,0,0,0,0,0,0,0,0,59576
1,1,1,1,972,341,-2010,0,-1,2,-29,40,118,0,0,0,0,0,0,0,0,0,0,0,0,0,0,0,0,0,0,0,0,0,0,59586
1,1,1,1,971,340,-2021,-12,-5,1,-28,41,118,0,0,0,0,0,0,0,0,0,0,0,0,0,0,0,0,0,0,0,0,0,0,59596
1,1,1,1,971,340,-2014,-11,-7,6,-28,40,115,0,0,0,0,0,0,0,0,0,0,0,0,0,0,0,0,0,0,0,0,0,0,59606
1,1,1,1,971,343,-2018,-12,-16,9,-31,41,118,0,0,0,0,0,0,0,0,0,0,0,0,0,0,0,0,0,0,0,0,0,0,59616
1,1,1,1,964,349,-2017,-5,-6,13,-31,41,119,0,0,0,0,0,0,0,0,0,0,0,0,0,0,0,0,0,0,0,0,0,0,59626
1,1,1,1,958,354,-2010,4,-7,13,-29,41,120,0,0,0,0,0,0,0,0,0,0,0,0,0,0,0,0,0,0,0,0,0,0,59636
1,1,1,1,958,349,-2006,3,-9,12,-30,41,121,0,0,0,0,0,0,0,0,0,0,0,0,0,0,0,0,0,0,0,0,0,0,59646
1,1,1,1,956,347,-2000,-2,-2,12,-30,41,120,0,0,0,0,0,0,0,0,0,0,0,0,0,0,0,0,0,0,0,0,0,0,59656
1,1,1,1,955,350,-2000,-3,3,13,-29,40,118,0,0,0,0,0,0,0,0,0,0,0,0,0,0,0,0,0,0,0,0,0,0,59666
1,1,1,1,958,349,-2000,-5,1,14,-28,40,118,0,0,0,0,0,0,0,0,0,0,0,0,0,0,0,0,0,0,0,0,0,0,59676
1,1,1,1,968,344,-1999,-6,7,18,-29,41,120,0,0,0,0,0,0,0,0,0,0,0,0,0,0,0,0,0,0,0,0,0,0,59686
1,1,1,1,966,354,-2005,-2,4,20,-30,41,120,0,0,0,0,0,0,0,0,0,0,0,0,0,0,0,0,0,0,0,0,0,0,59696
1,1,1,1,965,348,-2012,1,-4,17,-29,41,121,0,0,0,0,0,0,0,0,0,0,0,0,0,0,0,0,0,0,0,0,0,0,59706
1,1,1,1,960,344,-2020,3,-3,14,-33,43,123,0,0,0,0,0,0,0,0,0,0,0,0,0,0,0,0,0,0,0,0,0,0,59716
1,1,1,1,955,347,-2022,-1,-3,14,-33,43,121,0,0,0,0,0,0,0,0,0,0,0,0,0,0,0,0,0,0,0,0,0,0,59726
1,1,1,1,958,347,-2015,-5,-3,13,-30,39,119,0,0,0,0,0,0,0,0,0,0,0,0,0,0,0,0,0,0,0,0,0,0,59736
1,1,1,1,960,343,-2014,-8,-4,11,-30,42,120,0,0,0,0,0,0,0,0,0,0,0,0,0,0,0,0,0,0,0,0,0,0,59746
1,1,1,1,960,352,-2006,-15,-2,13,-32,42,123,0,0,0,0,0,0,0,0,0,0,0,0,0,0,0,0,0,0,0,0,0,0,59756
1,1,1,1,961,351,-1999,-15,-4,16,-32,42,119,0,0,0,0,0,0,0,0,0,0,0,0,0,0,0,0,0,0,0,0,0,0,59766
1,1,1,1,972,350,-1990,-14,-4,14,-31,40,122,0,0,0,0,0,0,0,0,0,0,0,0,0,0,0,0,0,0,0,0,0,0,59776
1,1,1,1,969,348,-1989,-14,7,14,-31,41,122,0,0,0,0,0,0,0,0,0,0,0,0,0,0,0,0,0,0,0,0,0,0,59786
1,1,1,1,967,359,-1986,-9,10,11,-32,42,120,0,0,0,0,0,0,0,0,0,0,0,0,0,0,0,0,0,0,0,0,0,0,59796
1,1,1,1,964,362,-1987,-5,15,14,-31,41,121,0,0,0,0,0,0,0,0,0,0,0,0,0,0,0,0,0,0,0,0,0,0,59806
1,1,1,1,967,363,-1995,-4,20,11,-30,41,119,0,0,0,0,0,0,0,0,0,0,0,0,0,0,0,0,0,0,0,0,0,0,59816
1,1,1,1,965,361,-2004,1,19,10,-31,41,123,0,0,0,0,0,0,0,0,0,0,0,0,0,0,0,0,0,0,0,0,0,0,59826
1,1,1,1,965,359,-2006,11,14,9,-32,41,122,0,0,0,0,0,0,0,0,0,0,0,0,0,0,0,0,0,0,0,0,0,0,59836
1,1,1,1,967,348,-2012,10,5,11,-32,41,126,0,0,0,0,0,0,0,0,0,0,0,0,0,0,0,0,0,0,0,0,0,0,59846
1,1,1,1,968,347,-2013,8,-1,10,-30,40,123,0,0,0,0,0,0,0,0,0,0,0,0,0,0,0,0,0,0,0,0,0,0,59856
1,1,1,1,971,343,-2012,4,-3,13,-29,40,124,0,0,0,0,0,0,0,0,0,0,0,0,0,0,0,0,0,0,0,0,0,0,59866
1,1,1,1,974,347,-2008,3,-5,14,-28,39,124,0,0,0,0,0,0,0,0,0,0,0,0,0,0,0,0,0,0,0,0,0,0,59876
1,1,1,1,979,345,-2005,3,-6,15,-27,40,125,0,0,0,0,0,0,0,0,0,0,0,0,0,0,0,0,0,0,0,0,0,0,59886
1,1,1,1,972,357,-2005,4,0,13,-27,40,120,0,0,0,0,0,0,0,0,0,0,0,0,0,0,0,0,0,0,0,0,0,0,59896
1,1,1,1,966,354,-2013,7,2,12,-27,39,122,0,0,0,0,0,0,0,0,0,0,0,0,0,0,0,0,0,0,0,0,0,0,59906
1,1,1,1,974,348,-2005,2,-4,7,-29,40,124,0,0,0,0,0,0,0,0,0,0,0,0,0,0,0,0,0,0,0,0,0,0,59916
1,1,1,1,974,358,-2007,12,4,6,-31,40,122,0,0,0,0,0,0,0,0,0,0,0,0,0,0,0,0,0,0,0,0,0,0,59926
1,1,1,1,971,361,-2012,18,-2,4,-32,40,123,0,0,0,0,0,0,0,0,0,0,0,0,0,0,0,0,0,0,0,0,0,0,59936
1,1,1,1,977,348,-2011,17,-8,3,-31,41,123,0,0,0,0,0,0,0,0,0,0,0,0,0,0,0,0,0,0,0,0,0,0,59946
1,1,1,1,973,347,-2017,16,-8,3,-29,41,124,0,0,0,0,0,0,0,0,0,0,0,0,0,0,0,0,0,0,0,0,0,0,59956
1,1,1,1,968,339,-2011,7,-15,6,-28,41,125,0,0,0,0,0,0,0,0,0,0,0,0,0,0,0,0,0,0,0,0,0,0,59966
1,1,1,1,967,340,-2013,-2,-18,8,-28,40,123,0,0,0,0,0,0,0,0,0,0,0,0,0,0,0,0,0,0,0,0,0,0,59976
1,1,1,1,966,346,-2010,-4,-16,8,-29,40,125,0,0,0,0,0,0,0,0,0,0,0,0,0,0,0,0,0,0,0,0,0,0,59986
1,1,1,1,965,353,-2005,-3,-12,9,-30,42,125,0,0,0,0,0,0,0,0,0,0,0,0,0,0,0,0,0,0,0,0,0,0,59996
1,1,1,1,960,364,-2002,10,0,9,-33,42,125,0,0,0,0,0,0,0,0,0,0,0,0,0,0,0,0,0,0,0,0,0,0,60006
1,1,1,1,963,356,-1988,23,-3,7,-33,41,123,0,0,0,0,0,0,0,0,0,0,0,0,0,0,0,0,0,0,0,0,0,0,60016
1,1,1,1,960,358,-1991,33,3,4,-31,42,124,0,0,0,0,0,0,0,0,0,0,0,0,0,0,0,0,0,0,0,0,0,0,60026
1,1,1,1,960,355,-1987,50,14,3,-28,39,122,0,0,0,0,0,0,0,0,0,0,0,0,0,0,0,0,0,0,0,0,0,0,60036
1,1,1,1,965,341,-1994,45,10,6,-32,43,123,0,0,0,0,0,0,0,0,0,0,0,0,0,0,0,0,0,0,0,0,0,0,60046
1,1,1,1,967,331,-2008,30,12,9,-32,43,123,0,0,0,0,0,0,0,0,0,0,0,0,0,0,0,0,0,0,0,0,0,0,60056
1,1,1,1,963,335,-2019,18,6,8,-32,39,121,0,0,0,0,0,0,0,0,0,0,0,0,0,0,0,0,0,0,0,0,0,0,60066
1,1,1,1,960,345,-2018,13,-1,12,-32,41,124,0,0,0,0,0,0,0,0,0,0,0,0,0,0,0,0,0,0,0,0,0,0,60076
1,1,1,1,963,340,-2012,9,-6,13,-32,43,124,0,0,0,0,0,0,0,0,0,0,0,0,0,0,0,0,0,0,0,0,0,0,60086
1,1,1,1,963,352,-2016,11,1,13,-30,41,125,0,0,0,0,0,0,0,0,0,0,0,0,0,0,0,0,0,0,0,0,0,0,60096
1,1,1,1,960,354,-2010,19,5,15,-29,41,125,0,0,0,0,0,0,0,0,0,0,0,0,0,0,0,0,0,0,0,0,0,0,60106
1,1,1,1,961,354,-2006,21,2,13,-29,41,123,0,0,0,0,0,0,0,0,0,0,0,0,0,0,0,0,0,0,0,0,0,0,60116
1,1,1,1,965,352,-2010,18,-1,11,-29,41,124,0,0,0,0,0,0,0,0,0,0,0,0,0,0,0,0,0,0,0,0,0,0,60126
1,1,1,1,968,346,-2013,15,5,7,-28,41,124,0,0,0,0,0,0,0,0,0,0,0,0,0,0,0,0,0,0,0,0,0,0,60136
1,1,1,1,968,337,-2012,5,1,6,-32,41,125,0,0,0,0,0,0,0,0,0,0,0,0,0,0,0,0,0,0,0,0,0,0,60146
1,1,1,1,971,336,-2017,0,-6,6,-33,41,124,0,0,0,0,0,0,0,0,0,0,0,0,0,0,0,0,0,0,0,0,0,0,60156
1,1,1,1,966,341,-2025,1,-7,8,-32,41,123,0,0,0,0,0,0,0,0,0,0,0,0,0,0,0,0,0,0,0,0,0,0,60166
1,1,1,1,960,347,-2021,4,-9,7,-31,42,123,0,0,0,0,0,0,0,0,0,0,0,0,0,0,0,0,0,0,0,0,0,0,60176
1,1,1,1,967,351,-2007,1,-20,6,-32,43,121,0,0,0,0,0,0,0,0,0,0,0,0,0,0,0,0,0,0,0,0,0,0,60186
1,1,1,1,965,353,-1994,8,-5,8,-31,41,121,0,0,0,0,0,0,0,0,0,0,0,0,0,0,0,0,0,0,0,0,0,0,60196
1,1,1,1,964,345,-1999,3,0,7,-30,41,123,0,0,0,0,0,0,0,0,0,0,0,0,0,0,0,0,0,0,0,0,0,0,60206
1,1,1,1,965,348,-2007,-3,0,3,-31,41,123,0,0,0,0,0,0,0,0,0,0,0,0,0,0,0,0,0,0,0,0,0,0,60216
1,1,1,1,965,351,-2002,-8,-3,3,-31,41,124,0,0,0,0,0,0,0,0,0,0,0,0,0,0,0,0,0,0,0,0,0,0,60226
1,1,1,1,966,346,-2002,1,5,1,-33,41,124,0,0,0,0,0,0,0,0,0,0,0,0,0,0,0,0,0,0,0,0,0,0,60236
1,1,1,1,962,347,-2009,8,3,0,-32,42,123,0,0,0,0,0,0,0,0,0,0,0,0,0,0,0,0,0,0,0,0,0,0,60246
1,1,1,1,963,348,-2009,18,10,-2,-32,42,125,0,0,0,0,0,0,0,0,0,0,0,0,0,0,0,0,0,0,0,0,0,0,60256
1,1,1,1,962,344,-2013,16,5,0,-31,42,124,0,0,0,0,0,0,0,0,0,0,0,0,0,0,0,0,0,0,0,0,0,0,60266
1,1,1,1,966,336,-2019,5,-4,-2,-30,42,125,0,0,0,0,0,0,0,0,0,0,0,0,0,0,0,0,0,0,0,0,0,0,60276
1,1,1,1,966,339,-2016,-4,-6,0,-31,41,125,0,0,0,0,0,0,0,0,0,0,0,0,0,0,0,0,0,0,0,0,0,0,60286
1,1,1,1,964,347,-2016,-6,-8,4,-31,41,126,0,0,0,0,0,0,0,0,0,0,0,0,0,0,0,0,0,0,0,0,0,0,60296
1,1,1,1,968,345,-2012,-4,-8,6,-32,42,124,0,0,0,0,0,0,0,0,0,0,0,0,0,0,0,0,0,0,0,0,0,0,60306
1,1,1,1,968,344,-2001,0,-9,6,-31,41,125,0,0,0,0,0,0,0,0,0,0,0,0,0,0,0,0,0,0,0,0,0,0,60316
1,1,1,1,962,347,-1991,-2,-12,3,-30,41,123,0,0,0,0,0,0,0,0,0,0,0,0,0,0,0,0,0,0,0,0,0,0,60326
1,1,1,1,959,347,-1997,0,-6,1,-31,41,123,0,0,0,0,0,0,0,0,0,0,0,0,0,0,0,0,0,0,0,0,0,0,60336
1,1,1,1,960,351,-2002,3,-4,3,-31,40,124,0,0,0,0,0,0,0,0,0,0,0,0,0,0,0,0,0,0,0,0,0,0,60346
1,1,1,1,956,354,-2005,5,7,3,-31,41,125,0,0,0,0,0,0,0,0,0,0,0,0,0,0,0,0,0,0,0,0,0,0,60356
1,1,1,1,953,358,-1994,10,9,5,-30,40,125,0,0,0,0,0,0,0,0,0,0,0,0,0,0,0,0,0,0,0,0,0,0,60366
1,1,1,1,965,348,-1996,14,9,5,-31,42,124,0,0,0,0,0,0,0,0,0,0,0,0,0,0,0,0,0,0,0,0,0,0,60376
1,1,1,1,969,353,-2010,18,13,5,-31,42,124,0,0,0,0,0,0,0,0,0,0,0,0,0,0,0,0,0,0,0,0,0,0,60386
1,1,1,1,964,354,-2006,15,1,4,-31,39,125,0,0,0,0,0,0,0,0,0,0,0,0,0,0,0,0,0,0,0,0,0,0,60396
1,1,1,1,962,354,-2014,23,16,5,-29,41,126,0,0,0,0,0,0,0,0,0,0,0,0,0,0,0,0,0,0,0,0,0,0,60406
1,1,1,1,958,349,-2014,27,8,6,-29,41,127,0,0,0,0,0,0,0,0,0,0,0,0,0,0,0,0,0,0,0,0,0,0,60416
1,1,1,1,967,335,-2013,32,0,7,-32,42,127,0,0,0,0,0,0,0,0,0,0,0,0,0,0,0,0,0,0,0,0,0,0,60426
1,1,1,1,973,333,-2014,31,-3,8,-29,42,128,0,0,0,0,0,0,0,0,0,0,0,0,0,0,0,0,0,0,0,0,0,0,60436
1,1,1,1,977,332,-2001,26,-9,9,-31,42,126,0,0,0,0,0,0,0,0,0,0,0,0,0,0,0,0,0,0,0,0,0,0,60446
1,1,1,1,974,336,-2001,28,0,8,-32,42,127,0,0,0,0,0,0,0,0,0,0,0,0,0,0,0,0,0,0,0,0,0,0,60456
1,1,1,1,971,342,-2006,29,1,10,-31,42,126,0,0,0,0,0,0,0,0,0,0,0,0,0,0,0,0,0,0,0,0,0,0,60466
1,1,1,1,970,346,-2005,30,8,7,-29,41,126,0,0,0,0,0,0,0,0,0,0,0,0,0,0,0,0,0,0,0,0,0,0,60476
1,1,1,1,970,353,-2004,40,13,5,-29,42,126,0,0,0,0,0,0,0,0,0,0,0,0,0,0,0,0,0,0,0,0,0,0,60486
1,1,1,1,970,356,-2007,42,14,0,-29,42,127,0,0,0,0,0,0,0,0,0,0,0,0,0,0,0,0,0,0,0,0,0,0,60496
1,1,1,1,976,354,-2011,42,12,-1,-29,41,127,0,0,0,0,0,0,0,0,0,0,0,0,0,0,0,0,0,0,0,0,0,0,60506
1,1,1,1,983,345,-1997,37,8,-2,-28,42,124,0,0,0,0,0,0,0,0,0,0,0,0,0,0,0,0,0,0,0,0,0,0,60516
1,1,1,1,987,332,-2007,31,9,1,-28,41,125,0,0,0,0,0,0,0,0,0,0,0,0,0,0,0,0,0,0,0,0,0,0,60526
1,1,1,1,989,324,-2017,14,-3,0,-29,42,126,0,0,0,0,0,0,0,0,0,0,0,0,0,0,0,0,0,0,0,0,0,0,60536
1,1,1,1,994,319,-2013,5,-9,0,-30,41,124,0,0,0,0,0,0,0,0,0,0,0,0,0,0,0,0,0,0,0,0,0,0,60546
1,1,1,1,983,325,-2019,-1,-17,4,-27,41,125,0,0,0,0,0,0,0,0,0,0,0,0,0,0,0,0,0,0,0,0,0,0,60556
1,1,1,1,961,339,-2038,16,-14,0,-28,42,123,0,0,0,0,0,0,0,0,0,0,0,0,0,0,0,0,0,0,0,0,0,0,60566
1,1,1,1,948,345,-2025,24,-14,2,-26,41,127,0,0,0,0,0,0,0,0,0,0,0,0,0,0,0,0,0,0,0,0,0,0,60576
1,1,1,1,947,346,-2020,29,-14,1,-26,41,127,0,0,0,0,0,0,0,0,0,0,0,0,0,0,0,0,0,0,0,0,0,0,60586
1,1,1,1,945,355,-2009,35,-8,3,-28,42,126,0,0,0,0,0,0,0,0,0,0,0,0,0,0,0,0,0,0,0,0,0,0,60596
1,1,1,1,958,343,-1991,43,-4,7,-28,41,125,0,0,0,0,0,0,0,0,0,0,0,0,0,0,0,0,0,0,0,0,0,0,60606
1,1,1,1,968,328,-1991,38,-5,3,-27,41,126,0,0,0,0,0,0,0,0,0,0,0,0,0,0,0,0,0,0,0,0,0,0,60616
1,1,1,1,968,324,-1996,22,-9,2,-29,43,127,0,0,0,0,0,0,0,0,0,0,0,0,0,0,0,0,0,0,0,0,0,0,60626
1,1,1,1,970,322,-2003,12,-9,6,-30,40,124,0,0,0,0,0,0,0,0,0,0,0,0,0,0,0,0,0,0,0,0,0,0,60636
1,1,1,1,964,334,-2013,13,-1,5,-29,39,123,0,0,0,0,0,0,0,0,0,0,0,0,0,0,0,0,0,0,0,0,0,0,60646
1,1,1,1,966,330,-2017,13,9,6,-29,42,124,0,0,0,0,0,0,0,0,0,0,0,0,0,0,0,0,0,0,0,0,0,0,60656
1,1,1,1,971,333,-2011,17,13,7,-29,39,125,0,0,0,0,0,0,0,0,0,0,0,0,0,0,0,0,0,0,0,0,0,0,60666
1,1,1,1,969,338,-2005,22,16,7,-28,39,125,0,0,0,0,0,0,0,0,0,0,0,0,0,0,0,0,0,0,0,0,0,0,60676
1,1,1,1,976,329,-2009,23,13,11,-29,42,128,0,0,0,0,0,0,0,0,0,0,0,0,0,0,0,0,0,0,0,0,0,0,60686
1,1,1,1,973,328,-2029,14,5,14,-28,41,124,0,0,0,0,0,0,0,0,0,0,0,0,0,0,0,0,0,0,0,0,0,0,60696
1,1,1,1,974,330,-2032,6,4,16,-25,41,125,0,0,0,0,0,0,0,0,0,0,0,0,0,0,0,0,0,0,0,0,0,0,60706
1,1,1,1,975,336,-2030,1,-8,15,-25,39,126,0,0,0,0,0,0,0,0,0,0,0,0,0,0,0,0,0,0,0,0,0,0,60716
1,1,1,1,977,339,-2023,0,-21,12,-28,40,126,0,0,0,0,0,0,0,0,0,0,0,0,0,0,0,0,0,0,0,0,0,0,60726
1,1,1,1,979,334,-2023,0,-19,11,-25,41,126,0,0,0,0,0,0,0,0,0,0,0,0,0,0,0,0,0,0,0,0,0,0,60736
1,1,1,1,971,338,-2025,1,-16,6,-27,40,126,0,0,0,0,0,0,0,0,0,0,0,0,0,0,0,0,0,0,0,0,0,0,60746
1,1,1,1,969,340,-2010,7,-18,1,-27,41,124,0,0,0,0,0,0,0,0,0,0,0,0,0,0,0,0,0,0,0,0,0,0,60756
1,1,1,1,973,338,-2001,17,-11,1,-28,41,124,0,0,0,0,0,0,0,0,0,0,0,0,0,0,0,0,0,0,0,0,0,0,60766
1,1,1,1,972,340,-1997,29,-7,-4,-26,41,122,0,0,0,0,0,0,0,0,0,0,0,0,0,0,0,0,0,0,0,0,0,0,60776
1,1,1,1,970,343,-1990,51,10,-5,-27,42,124,0,0,0,0,0,0,0,0,0,0,0,0,0,0,0,0,0,0,0,0,0,0,60786
1,1,1,1,971,338,-1981,62,17,-9,-26,43,124,0,0,0,0,0,0,0,0,0,0,0,0,0,0,0,0,0,0,0,0,0,0,60796
1,1,1,1,961,335,-1992,73,28,-9,-25,43,123,0,0,0,0,0,0,0,0,0,0,0,0,0,0,0,0,0,0,0,0,0,0,60806
1,1,1,1,957,335,-1998,75,40,-12,-27,42,124,0,0,0,0,0,0,0,0,0,0,0,0,0,0,0,0,0,0,0,0,0,0,60816
1,1,1,1,955,341,-1997,92,55,-15,-25,42,123,0,0,0,0,0,0,0,0,0,0,0,0,0,0,0,0,0,0,0,0,0,0,60826
1,1,1,1,957,339,-1998,118,67,-17,-25,43,120,0,0,0,0,0,0,0,0,0,0,0,0,0,0,0,0,0,0,0,0,0,0,60836
1,1,1,1,958,318,-2013,142,72,-16,-26,43,120,0,0,0,0,0,0,0,0,0,0,0,0,0,0,0,0,0,0,0,0,0,0,60846
1,1,1,1,968,290,-2028,155,79,-14,-25,43,118,0,0,0,0,0,0,0,0,0,0,0,0,0,0,0,0,0,0,0,0,0,0,60856
1,1,1,1,978,268,-2022,180,96,-23,-21,42,113,0,0,0,0,0,0,0,0,0,0,0,0,0,0,0,0,0,0,0,0,0,0,60866
1,1,1,1,976,252,-1993,245,129,-39,-21,40,106,0,0,0,0,0,0,0,0,0,0,0,0,0,0,0,0,0,0,0,0,0,0,60876
1,1,1,1,966,265,-1937,346,154,-56,-24,39,102,0,0,0,0,0,0,0,0,0,0,0,0,0,0,0,0,0,0,0,0,0,0,60886
1,1,1,1,935,320,-1930,477,185,-85,-21,36,91,0,0,0,0,0,0,0,0,0,0,0,0,0,0,0,0,0,0,0,0,0,0,60896
1,1,1,1,907,324,-1968,581,223,-66,-21,35,84,0,0,0,0,0,0,0,0,0,0,0,0,0,0,0,0,0,0,0,0,0,0,60906
1,1,1,1,937,302,-1946,613,247,-54,-23,37,81,0,0,0,0,0,0,0,0,0,0,0,0,0,0,0,0,0,0,0,0,0,0,60916
1,1,1,1,914,306,-1923,636,288,-19,-20,36,76,0,0,0,0,0,0,0,0,0,0,0,0,0,0,0,0,0,0,0,0,0,0,60926
1,1,1,1,978,300,-1892,662,304,27,-15,33,65,0,0,0,0,0,0,0,0,0,0,0,0,0,0,0,0,0,0,0,0,0,0,60936
1,1,1,1,928,271,-1977,648,323,65,-12,27,59,0,0,0,0,0,0,0,0,0,0,0,0,0,0,0,0,0,0,0,0,0,0,60946
1,1,1,1,899,198,-1869,1003,360,137,8,27,49,0,0,0,0,0,0,0,0,0,0,0,0,0,0,0,0,0,0,0,0,0,0,60956
1,1,1,1,715,239,-1510,2168,616,374,-2,26,45,0,0,0,0,0,0,0,0,0,0,0,0,0,0,0,0,0,0,0,0,0,0,60966
1,1,1,1,1159,411,-2049,1859,699,304,-8,29,44,0,0,0,0,0,0,0,0,0,0,0,0,0,0,0,0,0,0,0,0,0,0,60976
1,1,1,1,1143,-198,-2412,1167,411,210,-7,28,36,0,0,0,0,0,0,0,0,0,0,0,0,0,0,0,0,0,0,0,0,0,0,60986
1,1,1,1,998,-86,-2199,1098,416,268,0,22,28,0,0,0,0,0,0,0,0,0,0,0,0,0,0,0,0,0,0,0,0,0,0,60996
1,1,1,1,998,-86,-2199,1136,469,349,0,23,25,0,0,0,0,0,0,0,0,0,0,0,0,0,0,0,0,0,0,0,0,0,0,61006
1,1,1,1,991,104,-2030,1094,458,404,4,20,8,0,0,0,0,0,0,0,0,0,0,0,0,0,0,0,0,0,0,0,0,0,0,61016
1,1,1,1,959,-40,-2051,1157,483,441,6,18,9,0,0,0,0,0,0,0,0,0,0,0,0,0,0,0,0,0,0,0,0,0,0,61026
1,1,1,1,1047,-23,-2013,1191,496,510,2,16,2,0,0,0,0,0,0,0,0,0,0,0,0,0,0,0,0,0,0,0,0,0,0,61036
1,1,1,1,1081,-54,-2118,1116,481,539,4,14,1,0,0,0,0,0,0,0,0,0,0,0,0,0,0,0,0,0,0,0,0,0,0,61046
1,1,1,1,1064,-57,-2131,920,467,550,5,12,1,0,0,0,0,0,0,0,0,0,0,0,0,0,0,0,0,0,0,0,0,0,0,61056
1,1,1,1,1064,-53,-2025,857,447,598,4,9,1,0,0,0,0,0,0,0,0,0,0,0,0,0,0,0,0,0,0,0,0,0,0,61066
1,1,1,1,1088,-82,-2012,832,446,638,4,4,1,0,0,0,0,0,0,0,0,0,0,0,0,0,0,0,0,0,0,0,0,0,0,61076
1,1,1,1,1056,-73,-2011,878,464,705,16,1,-13,0,0,0,0,0,0,0,0,0,0,0,0,0,0,0,0,0,0,0,0,0,0,61086
1,1,1,1,792,156,-1978,1484,526,860,8,2,-13,0,0,0,0,0,0,0,0,0,0,0,0,0,0,0,0,0,0,0,0,0,0,61096
1,1,1,1,1362,-153,-2010,1512,635,948,8,2,-8,0,0,0,0,0,0,0,0,0,0,0,0,0,0,0,0,0,0,0,0,0,0,61106
1,1,1,1,1272,-263,-1900,1345,615,948,10,6,-4,0,0,0,0,0,0,0,0,0,0,0,0,0,0,0,0,0,0,0,0,0,0,61116
1,1,1,1,1226,-347,-1857,1334,535,798,2,3,-14,0,0,0,0,0,0,0,0,0,0,0,0,0,0,0,0,0,0,0,0,0,0,61126
1,1,1,1,1358,-304,-1986,1086,593,883,7,7,1,0,0,0,0,0,0,0,0,0,0,0,0,0,0,0,0,0,0,0,0,0,0,61136
1,1,1,1,1338,-376,-2182,1206,544,903,4,4,0,0,0,0,0,0,0,0,0,0,0,0,0,0,0,0,0,0,0,0,0,0,0,61146
1,1,1,1,1233,-359,-2202,1110,556,937,4,6,1,0,0,0,0,0,0,0,0,0,0,0,0,0,0,0,0,0,0,0,0,0,0,61156
1,1,1,1,1198,-302,-2077,1184,520,950,4,6,1,0,0,0,0,0,0,0,0,0,0,0,0,0,0,0,0,0,0,0,0,0,0,61166
1,1,1,1,1239,-344,-2082,1236,514,984,7,6,1,0,0,0,0,0,0,0,0,0,0,0,0,0,0,0,0,0,0,0,0,0,0,61176
1,1,1,1,1251,-351,-2146,1381,505,997,6,7,1,0,0,0,0,0,0,0,0,0,0,0,0,0,0,0,0,0,0,0,0,0,0,61186
1,1,1,1,1245,-370,-2092,1487,507,1006,8,6,1,0,0,0,0,0,0,0,0,0,0,0,0,0,0,0,0,0,0,0,0,0,0,61196
1,1,1,1,1221,-407,-1996,1555,512,1049,16,9,1,0,0,0,0,0,0,0,0,0,0,0,0,0,0,0,0,0,0,0,0,0,0,61206
1,1,1,1,1012,-336,-1999,2092,513,1124,12,9,1,0,0,0,0,0,0,0,0,0,0,0,0,0,0,0,0,0,0,0,0,0,0,61216
1,1,1,1,1157,-229,-2113,2794,489,1068,1,4,-9,0,0,0,0,0,0,0,0,0,0,0,0,0,0,0,0,0,0,0,0,0,0,61226
1,1,1,1,1624,-755,-2113,1987,560,1397,5,-3,-16,0,0,0,0,0,0,0,0,0,0,0,0,0,0,0,0,0,0,0,0,0,0,61236
1,1,1,1,1166,-640,-2033,1987,899,1495,4,4,-7,0,0,0,0,0,0,0,0,0,0,0,0,0,0,0,0,0,0,0,0,0,0,61246
1,1,1,1,1273,-835,-1806,1944,727,1166,1,6,1,0,0,0,0,0,0,0,0,0,0,0,0,0,0,0,0,0,0,0,0,0,0,61256
1,1,1,1,1469,-889,-1854,1705,594,1137,5,3,1,0,0,0,0,0,0,0,0,0,0,0,0,0,0,0,0,0,0,0,0,0,0,61266
1,1,1,1,1426,-792,-1923,1797,618,1142,3,2,-4,0,0,0,0,0,0,0,0,0,0,0,0,0,0,0,0,0,0,0,0,0,0,61276
1,1,1,1,1422,-725,-2003,1985,701,1203,4,5,1,0,0,0,0,0,0,0,0,0,0,0,0,0,0,0,0,0,0,0,0,0,0,61286
1,1,1,1,1552,-809,-2028,2281,694,1170,8,7,1,0,0,0,0,0,0,0,0,0,0,0,0,0,0,0,0,0,0,0,0,0,0,61296
1,1,1,1,1588,-869,-1958,2617,573,1071,8,7,1,0,0,0,0,0,0,0,0,0,0,0,0,0,0,0,0,0,0,0,0,0,0,61306
1,1,1,1,1596,-952,-1929,2931,470,933,18,5,1,0,0,0,0,0,0,0,0,0,0,0,0,0,0,0,0,0,0,0,0,0,0,61316
1,1,1,1,1697,-795,-2042,3797,370,759,18,6,0,0,0,0,0,0,0,0,0,0,0,0,0,0,0,0,0,0,0,0,0,0,0,61326
1,1,1,1,1567,-847,-2045,4382,314,672,16,6,1,0,0,0,0,0,0,0,0,0,0,0,0,0,0,0,0,0,0,0,0,0,0,61336
1,1,1,1,1363,-1111,-1832,4533,312,655,11,8,1,0,0,0,0,0,0,0,0,0,0,0,0,0,0,0,0,0,0,0,0,0,0,61346
1,1,1,1,1348,-1308,-1740,4316,302,661,11,8,1,0,0,0,0,0,0,0,0,0,0,0,0,0,0,0,0,0,0,0,0,0,0,61356
1,1,1,1,1397,-1404,-1691,4150,241,619,10,8,0,0,0,0,0,0,0,0,0,0,0,0,0,0,0,0,0,0,0,0,0,0,0,61366
1,1,1,1,1456,-1498,-1674,3992,139,569,10,9,2,0,0,0,0,0,0,0,0,0,0,0,0,0,0,0,0,0,0,0,0,0,0,61376
1,1,1,1,1418,-1626,-1619,3774,56,567,8,10,0,0,0,0,0,0,0,0,0,0,0,0,0,0,0,0,0,0,0,0,0,0,0,61386
1,1,1,1,1322,-1697,-1499,3512,80,613,13,11,0,0,0,0,0,0,0,0,0,0,0,0,0,0,0,0,0,0,0,0,0,0,0,61396
1,1,1,1,1340,-1665,-1512,3563,99,647,15,12,-1,0,0,0,0,0,0,0,0,0,0,0,0,0,0,0,0,0,0,0,0,0,0,61406
1,1,1,1,1366,-1686,-1441,3721,143,627,16,12,1,0,0,0,0,0,0,0,0,0,0,0,0,0,0,0,0,0,0,0,0,0,0,61416
1,1,1,1,1380,-1717,-1285,3670,217,660,10,13,1,0,0,0,0,0,0,0,0,0,0,0,0,0,0,0,0,0,0,0,0,0,0,61426
1,1,1,1,1359,-1805,-1151,3288,340,639,9,14,0,0,0,0,0,0,0,0,0,0,0,0,0,0,0,0,0,0,0,0,0,0,0,61436
1,1,1,1,1359,-1803,-1047,2786,405,631,9,14,0,0,0,0,0,0,0,0,0,0,0,0,0,0,0,0,0,0,0,0,0,0,0,61446
1,1,1,1,1342,-1835,-1114,2478,407,587,11,14,1,0,0,0,0,0,0,0,0,0,0,0,0,0,0,0,0,0,0,0,0,0,0,61456
1,1,1,1,1332,-1841,-1229,2420,392,558,8,15,-1,0,0,0,0,0,0,0,0,0,0,0,0,0,0,0,0,0,0,0,0,0,0,61466
1,1,1,1,1286,-1839,-1198,2396,340,641,11,16,2,0,0,0,0,0,0,0,0,0,0,0,0,0,0,0,0,0,0,0,0,0,0,61476
1,1,1,1,1275,-1819,-1035,2370,332,723,13,17,1,0,0,0,0,0,0,0,0,0,0,0,0,0,0,0,0,0,0,0,0,0,0,61486
1,1,1,1,1312,-2002,-866,2346,247,670,17,19,2,0,0,0,0,0,0,0,0,0,0,0,0,0,0,0,0,0,0,0,0,0,0,61496
1,1,1,1,1383,-2178,-737,2339,94,503,15,19,1,0,0,0,0,0,0,0,0,0,0,0,0,0,0,0,0,0,0,0,0,0,0,61506
1,1,1,1,1238,-2062,-831,2532,10,437,13,19,5,0,0,0,0,0,0,0,0,0,0,0,0,0,0,0,0,0,0,0,0,0,0,61516
1,1,1,1,1195,-2171,-938,2323,11,406,14,16,2,0,0,0,0,0,0,0,0,0,0,0,0,0,0,0,0,0,0,0,0,0,0,61526
1,1,1,1,1210,-2156,-993,2221,26,454,15,18,5,0,0,0,0,0,0,0,0,0,0,0,0,0,0,0,0,0,0,0,0,0,0,61536
1,1,1,1,1154,-2066,-959,2410,65,535,12,24,5,0,0,0,0,0,0,0,0,0,0,0,0,0,0,0,0,0,0,0,0,0,0,61546
1,1,1,1,1129,-2059,-901,2523,138,593,14,20,3,0,0,0,0,0,0,0,0,0,0,0,0,0,0,0,0,0,0,0,0,0,0,61556
1,1,1,1,1078,-2111,-782,2358,226,612,10,20,1,0,0,0,0,0,0,0,0,0,0,0,0,0,0,0,0,0,0,0,0,0,0,61566
1,1,1,1,1118,-2191,-715,1868,381,741,12,21,4,0,0,0,0,0,0,0,0,0,0,0,0,0,0,0,0,0,0,0,0,0,0,61576
1,1,1,1,1154,-2102,-714,1812,523,958,11,23,5,0,0,0,0,0,0,0,0,0,0,0,0,0,0,0,0,0,0,0,0,0,0,61586
1,1,1,1,1228,-2223,-579,1700,438,906,10,25,13,0,0,0,0,0,0,0,0,0,0,0,0,0,0,0,0,0,0,0,0,0,0,61596
1,1,1,1,1303,-2228,-491,1514,334,744,13,29,10,0,0,0,0,0,0,0,0,0,0,0,0,0,0,0,0,0,0,0,0,0,0,61606
1,1,1,1,1281,-2168,-360,1482,211,707,14,27,11,0,0,0,0,0,0,0,0,0,0,0,0,0,0,0,0,0,0,0,0,0,0,61616
1,1,1,1,1219,-2218,-390,1325,118,672,17,25,8,0,0,0,0,0,0,0,0,0,0,0,0,0,0,0,0,0,0,0,0,0,0,61626
1,1,1,1,1101,-2306,-397,1251,27,573,17,28,13,0,0,0,0,0,0,0,0,0,0,0,0,0,0,0,0,0,0,0,0,0,0,61636
1,1,1,1,978,-2345,-442,1181,-43,464,17,27,11,0,0,0,0,0,0,0,0,0,0,0,0,0,0,0,0,0,0,0,0,0,0,61646
1,1,1,1,1027,-2159,-500,1176,9,437,16,26,12,0,0,0,0,0,0,0,0,0,0,0,0,0,0,0,0,0,0,0,0,0,0,61656
1,1,1,1,1104,-2101,-452,1181,140,440,14,26,1,0,0,0,0,0,0,0,0,0,0,0,0,0,0,0,0,0,0,0,0,0,0,61666
1,1,1,1,1172,-2132,-384,1063,137,409,12,25,1,0,0,0,0,0,0,0,0,0,0,0,0,0,0,0,0,0,0,0,0,0,0,61676
1,1,1,1,1243,-2113,-291,848,67,454,12,23,1,0,0,0,0,0,0,0,0,0,0,0,0,0,0,0,0,0,0,0,0,0,0,61686
1,1,1,1,1210,-2068,-555,859,219,524,16,24,11,0,0,0,0,0,0,0,0,0,0,0,0,0,0,0,0,0,0,0,0,0,0,61696
1,1,1,1,1082,-2075,-383,1176,309,503,13,28,7,0,0,0,0,0,0,0,0,0,0,0,0,0,0,0,0,0,0,0,0,0,0,61706
1,1,1,1,1081,-2215,64,1069,-150,321,15,27,7,0,0,0,0,0,0,0,0,0,0,0,0,0,0,0,0,0,0,0,0,0,0,61716
1,1,1,1,1171,-2037,-71,1031,-349,328,15,27,17,0,0,0,0,0,0,0,0,0,0,0,0,0,0,0,0,0,0,0,0,0,0,61726
1,1,1,1,1179,-2083,-182,1256,-272,338,14,26,13,0,0,0,0,0,0,0,0,0,0,0,0,0,0,0,0,0,0,0,0,0,0,61736
1,1,1,1,1111,-2150,-143,1366,-247,396,13,29,12,0,0,0,0,0,0,0,0,0,0,0,0,0,0,0,0,0,0,0,0,0,0,61746
1,1,1,1,1024,-2246,-134,1327,-234,440,12,29,20,0,0,0,0,0,0,0,0,0,0,0,0,0,0,0,0,0,0,0,0,0,0,61756
1,1,1,1,952,-2364,-156,1237,-239,428,11,29,26,0,0,0,0,0,0,0,0,0,0,0,0,0,0,0,0,0,0,0,0,0,0,61766
1,1,1,1,765,-2598,-321,1227,-129,227,10,29,21,0,0,0,0,0,0,0,0,0,0,0,0,0,0,0,0,0,0,0,0,0,0,61776
1,1,1,1,921,-2477,-368,1137,-64,193,7,29,16,0,0,0,0,0,0,0,0,0,0,0,0,0,0,0,0,0,0,0,0,0,0,61786
1,1,1,1,972,-2393,-400,851,-9,241,8,31,21,0,0,0,0,0,0,0,0,0,0,0,0,0,0,0,0,0,0,0,0,0,0,61796
1,1,1,1,906,-2244,-209,512,-89,441,10,29,22,0,0,0,0,0,0,0,0,0,0,0,0,0,0,0,0,0,0,0,0,0,0,61806
1,1,1,1,820,-2350,-247,342,-91,430,12,33,21,0,0,0,0,0,0,0,0,0,0,0,0,0,0,0,0,0,0,0,0,0,0,61816
1,1,1,1,881,-2396,-177,400,-79,276,13,32,22,0,0,0,0,0,0,0,0,0,0,0,0,0,0,0,0,0,0,0,0,0,0,61826
1,1,1,1,1021,-2320,-177,549,3,169,19,32,22,0,0,0,0,0,0,0,0,0,0,0,0,0,0,0,0,0,0,0,0,0,0,61836
1,1,1,1,1035,-2223,-21,944,126,128,16,33,25,0,0,0,0,0,0,0,0,0,0,0,0,0,0,0,0,0,0,0,0,0,0,61846
1,1,1,1,1008,-2220,48,991,72,171,12,38,22,0,0,0,0,0,0,0,0,0,0,0,0,0,0,0,0,0,0,0,0,0,0,61856
1,1,1,1,978,-2193,-46,862,26,280,14,35,22,0,0,0,0,0,0,0,0,0,0,0,0,0,0,0,0,0,0,0,0,0,0,61866
1,1,1,1,975,-2213,-231,866,153,263,15,32,15,0,0,0,0,0,0,0,0,0,0,0,0,0,0,0,0,0,0,0,0,0,0,61876
1,1,1,1,884,-2110,-180,724,180,352,14,36,22,0,0,0,0,0,0,0,0,0,0,0,0,0,0,0,0,0,0,0,0,0,0,61886
1,1,1,1,804,-2241,-154,670,194,362,20,38,30,0,0,0,0,0,0,0,0,0,0,0,0,0,0,0,0,0,0,0,0,0,0,61896
1,1,1,1,849,-2357,-96,816,260,224,18,41,32,0,0,0,0,0,0,0,0,0,0,0,0,0,0,0,0,0,0,0,0,0,0,61906
1,1,1,1,882,-2322,-18,834,270,154,20,42,29,0,0,0,0,0,0,0,0,0,0,0,0,0,0,0,0,0,0,0,0,0,0,61916
1,1,1,1,866,-2253,13,834,284,149,21,41,28,0,0,0,0,0,0,0,0,0,0,0,0,0,0,0,0,0,0,0,0,0,0,61926
1,1,1,1,805,-2216,111,797,215,214,23,43,28,0,0,0,0,0,0,0,0,0,0,0,0,0,0,0,0,0,0,0,0,0,0,61936
1,1,1,1,821,-2260,52,778,205,238,21,45,34,0,0,0,0,0,0,0,0,0,0,0,0,0,0,0,0,0,0,0,0,0,0,61946
1,1,1,1,764,-2283,-6,773,263,199,21,47,36,0,0,0,0,0,0,0,0,0,0,0,0,0,0,0,0,0,0,0,0,0,0,61956
1,1,1,1,754,-2227,-4,790,322,184,20,49,34,0,0,0,0,0,0,0,0,0,0,0,0,0,0,0,0,0,0,0,0,0,0,61966
1,1,1,1,752,-2214,24,780,387,205,20,50,38,0,0,0,0,0,0,0,0,0,0,0,0,0,0,0,0,0,0,0,0,0,0,61976
1,1,1,1,793,-2244,12,773,420,181,19,53,37,0,0,0,0,0,0,0,0,0,0,0,0,0,0,0,0,0,0,0,0,0,0,61986
1,1,1,1,833,-2242,37,682,410,167,23,55,39,0,0,0,0,0,0,0,0,0,0,0,0,0,0,0,0,0,0,0,0,0,0,61996
1,1,1,1,884,-2228,115,611,356,155,25,54,40,0,0,0,0,0,0,0,0,0,0,0,0,0,0,0,0,0,0,0,0,0,0,62006
1,1,1,1,934,-2163,193,601,296,129,25,55,41,0,0,0,0,0,0,0,0,0,0,0,0,0,0,0,0,0,0,0,0,0,0,62016
1,1,1,1,928,-2125,269,705,262,124,25,57,42,0,0,0,0,0,0,0,0,0,0,0,0,0,0,0,0,0,0,0,0,0,0,62026
1,1,1,1,911,-2155,293,834,234,93,25,55,46,0,0,0,0,0,0,0,0,0,0,0,0,0,0,0,0,0,0,0,0,0,0,62036
1,1,1,1,922,-2235,247,858,219,38,21,56,47,0,0,0,0,0,0,0,0,0,0,0,0,0,0,0,0,0,0,0,0,0,0,62046
1,1,1,1,879,-2264,205,771,221,0,18,55,46,0,0,0,0,0,0,0,0,0,0,0,0,0,0,0,0,0,0,0,0,0,0,62056
1,1,1,1,907,-2213,268,673,239,-4,17,54,50,0,0,0,0,0,0,0,0,0,0,0,0,0,0,0,0,0,0,0,0,0,0,62066
1,1,1,1,936,-2172,343,588,239,15,17,52,56,0,0,0,0,0,0,0,0,0,0,0,0,0,0,0,0,0,0,0,0,0,0,62076
1,1,1,1,870,-2237,308,520,243,-1,14,50,58,0,0,0,0,0,0,0,0,0,0,0,0,0,0,0,0,0,0,0,0,0,0,62086
1,1,1,1,791,-2326,211,435,250,-35,12,47,57,0,0,0,0,0,0,0,0,0,0,0,0,0,0,0,0,0,0,0,0,0,0,62096
1,1,1,1,781,-2280,195,305,239,-65,10,46,58,0,0,0,0,0,0,0,0,0,0,0,0,0,0,0,0,0,0,0,0,0,0,62106
1,1,1,1,802,-2196,230,225,177,-52,9,43,57,0,0,0,0,0,0,0,0,0,0,0,0,0,0,0,0,0,0,0,0,0,0,62116
1,1,1,1,843,-2176,233,216,121,-53,5,42,60,0,0,0,0,0,0,0,0,0,0,0,0,0,0,0,0,0,0,0,0,0,0,62126
1,1,1,1,883,-2087,245,292,54,-93,1,44,64,0,0,0,0,0,0,0,0,0,0,0,0,0,0,0,0,0,0,0,0,0,0,62136
1,1,1,1,924,-2046,271,418,-26,-97,-1,42,67,0,0,0,0,0,0,0,0,0,0,0,0,0,0,0,0,0,0,0,0,0,0,62146
1,1,1,1,940,-2140,264,483,-59,-135,-4,42,71,0,0,0,0,0,0,0,0,0,0,0,0,0,0,0,0,0,0,0,0,0,0,62156
1,1,1,1,937,-2110,212,408,-39,-87,-9,43,78,0,0,0,0,0,0,0,0,0,0,0,0,0,0,0,0,0,0,0,0,0,0,62166
1,1,1,1,906,-2144,257,335,16,-36,-7,36,76,0,0,0,0,0,0,0,0,0,0,0,0,0,0,0,0,0,0,0,0,0,0,62176
1,1,1,1,930,-2149,343,237,-14,21,-14,45,88,0,0,0,0,0,0,0,0,0,0,0,0,0,0,0,0,0,0,0,0,0,0,62186
1,1,1,1,880,-2158,325,234,-10,36,-13,42,87,0,0,0,0,0,0,0,0,0,0,0,0,0,0,0,0,0,0,0,0,0,0,62196
1,1,1,1,821,-2132,323,283,-26,56,-15,44,91,0,0,0,0,0,0,0,0,0,0,0,0,0,0,0,0,0,0,0,0,0,0,62206
1,1,1,1,854,-2131,307,305,-26,101,-16,45,95,0,0,0,0,0,0,0,0,0,0,0,0,0,0,0,0,0,0,0,0,0,0,62216
1,1,1,1,882,-2233,329,317,-10,93,-15,44,97,0,0,0,0,0,0,0,0,0,0,0,0,0,0,0,0,0,0,0,0,0,0,62226
1,1,1,1,909,-2251,365,210,-24,78,-20,47,102,0,0,0,0,0,0,0,0,0,0,0,0,0,0,0,0,0,0,0,0,0,0,62236
1,1,1,1,909,-2251,365,127,-41,83,-21,45,106,0,0,0,0,0,0,0,0,0,0,0,0,0,0,0,0,0,0,0,0,0,0,62246
1,1,1,1,942,-2230,360,80,-25,54,-22,46,107,0,0,0,0,0,0,0,0,0,0,0,0,0,0,0,0,0,0,0,0,0,0,62256
1,1,1,1,980,-2191,425,16,-42,37,-23,45,112,0,0,0,0,0,0,0,0,0,0,0,0,0,0,0,0,0,0,0,0,0,0,62266
1,1,1,1,982,-2144,387,-4,-34,47,-26,46,114,0,0,0,0,0,0,0,0,0,0,0,0,0,0,0,0,0,0,0,0,0,0,62276
1,1,1,1,1001,-2112,385,13,-26,67,-28,47,118,0,0,0,0,0,0,0,0,0,0,0,0,0,0,0,0,0,0,0,0,0,0,62286
1,1,1,1,970,-2167,355,40,-30,49,-29,47,120,0,0,0,0,0,0,0,0,0,0,0,0,0,0,0,0,0,0,0,0,0,0,62296
1,1,1,1,945,-2168,362,54,-47,38,-29,47,122,0,0,0,0,0,0,0,0,0,0,0,0,0,0,0,0,0,0,0,0,0,0,62306
1,1,1,1,929,-2163,371,70,-66,47,-31,47,123,0,0,0,0,0,0,0,0,0,0,0,0,0,0,0,0,0,0,0,0,0,0,62316
1,1,1,1,882,-2195,354,67,-68,46,-31,48,128,0,0,0,0,0,0,0,0,0,0,0,0,0,0,0,0,0,0,0,0,0,0,62326
1,1,1,1,870,-2224,364,19,-85,48,-33,47,129,0,0,0,0,0,0,0,0,0,0,0,0,0,0,0,0,0,0,0,0,0,0,62336
1,1,1,1,865,-2234,384,-53,-95,50,-35,48,132,0,0,0,0,0,0,0,0,0,0,0,0,0,0,0,0,0,0,0,0,0,0,62346
1,1,1,1,857,-2218,376,-83,-80,45,-35,49,136,0,0,0,0,0,0,0,0,0,0,0,0,0,0,0,0,0,0,0,0,0,0,62356
1,1,1,1,869,-2169,392,-72,-86,38,-37,49,138,0,0,0,0,0,0,0,0,0,0,0,0,0,0,0,0,0,0,0,0,0,0,62366
1,1,1,1,872,-2158,381,-40,-89,30,-36,48,140,0,0,0,0,0,0,0,0,0,0,0,0,0,0,0,0,0,0,0,0,0,0,62376
1,1,1,1,876,-2149,374,-19,-90,31,-34,49,141,0,0,0,0,0,0,0,0,0,0,0,0,0,0,0,0,0,0,0,0,0,0,62386
1,1,1,1,885,-2142,381,22,-105,26,-35,49,143,0,0,0,0,0,0,0,0,0,0,0,0,0,0,0,0,0,0,0,0,0,0,62396
1,1,1,1,896,-2098,371,98,-105,23,-36,49,149,0,0,0,0,0,0,0,0,0,0,0,0,0,0,0,0,0,0,0,0,0,0,62406
1,1,1,1,887,-2132,333,173,-101,17,-36,50,151,0,0,0,0,0,0,0,0,0,0,0,0,0,0,0,0,0,0,0,0,0,0,62416
1,1,1,1,866,-2160,332,218,-106,1,-34,46,155,0,0,0,0,0,0,0,0,0,0,0,0,0,0,0,0,0,0,0,0,0,0,62426
1,1,1,1,874,-2170,351,205,-106,-7,-47,51,155,0,0,0,0,0,0,0,0,0,0,0,0,0,0,0,0,0,0,0,0,0,0,62436
1,1,1,1,890,-2194,369,176,-101,-1,-36,50,157,0,0,0,0,0,0,0,0,0,0,0,0,0,0,0,0,0,0,0,0,0,0,62446
1,1,1,1,903,-2191,365,108,-74,9,-37,47,152,0,0,0,0,0,0,0,0,0,0,0,0,0,0,0,0,0,0,0,0,0,0,62456
1,1,1,1,905,-2173,382,63,-73,23,-41,47,154,0,0,0,0,0,0,0,0,0,0,0,0,0,0,0,0,0,0,0,0,0,0,62466
1,1,1,1,912,-2189,386,30,-70,26,-37,48,153,0,0,0,0,0,0,0,0,0,0,0,0,0,0,0,0,0,0,0,0,0,0,62476
1,1,1,1,916,-2186,407,-2,-73,28,-37,48,153,0,0,0,0,0,0,0,0,0,0,0,0,0,0,0,0,0,0,0,0,0,0,62486
1,1,1,1,901,-2196,402,-8,-71,18,-40,49,154,0,0,0,0,0,0,0,0,0,0,0,0,0,0,0,0,0,0,0,0,0,0,62496
1,1,1,1,898,-2160,389,30,-68,6,-37,49,152,0,0,0,0,0,0,0,0,0,0,0,0,0,0,0,0,0,0,0,0,0,0,62506
1,1,1,1,891,-2162,385,58,-64,0,-38,49,153,0,0,0,0,0,0,0,0,0,0,0,0,0,0,0,0,0,0,0,0,0,0,62516
1,1,1,1,871,-2170,365,80,-48,-7,-39,48,153,0,0,0,0,0,0,0,0,0,0,0,0,0,0,0,0,0,0,0,0,0,0,62526
1,1,1,1,893,-2156,375,86,-61,-15,-37,48,153,0,0,0,0,0,0,0,0,0,0,0,0,0,0,0,0,0,0,0,0,0,0,62536
1,1,1,1,897,-2162,372,76,-52,-14,-39,47,152,0,0,0,0,0,0,0,0,0,0,0,0,0,0,0,0,0,0,0,0,0,0,62546
1,1,1,1,900,-2152,368,64,-37,-7,-38,48,153,0,0,0,0,0,0,0,0,0,0,0,0,0,0,0,0,0,0,0,0,0,0,62556
1,1,1,1,899,-2152,377,56,-34,-2,-38,47,156,0,0,0,0,0,0,0,0,0,0,0,0,0,0,0,0,0,0,0,0,0,0,62566
1,1,1,1,903,-2152,385,54,-36,-1,-39,47,153,0,0,0,0,0,0,0,0,0,0,0,0,0,0,0,0,0,0,0,0,0,0,62576
1,1,1,1,902,-2157,373,50,-25,5,-39,47,154,0,0,0,0,0,0,0,0,0,0,0,0,0,0,0,0,0,0,0,0,0,0,62586
1,1,1,1,905,-2163,390,51,-13,6,-38,47,155,0,0,0,0,0,0,0,0,0,0,0,0,0,0,0,0,0,0,0,0,0,0,62596
1,1,1,1,901,-2176,377,49,-2,2,-39,48,153,0,0,0,0,0,0,0,0,0,0,0,0,0,0,0,0,0,0,0,0,0,0,62606
1,1,1,1,900,-2162,370,62,8,-5,-38,47,151,0,0,0,0,0,0,0,0,0,0,0,0,0,0,0,0,0,0,0,0,0,0,62616
1,1,1,1,904,-2148,373,88,11,-10,-40,48,153,0,0,0,0,0,0,0,0,0,0,0,0,0,0,0,0,0,0,0,0,0,0,62626
1,1,1,1,898,-2170,372,90,10,-13,-40,48,153,0,0,0,0,0,0,0,0,0,0,0,0,0,0,0,0,0,0,0,0,0,0,62636
1,1,1,1,898,-2164,381,86,-1,-12,-41,49,153,0,0,0,0,0,0,0,0,0,0,0,0,0,0,0,0,0,0,0,0,0,0,62646
1,1,1,1,908,-2151,379,87,-13,-6,-40,48,152,0,0,0,0,0,0,0,0,0,0,0,0,0,0,0,0,0,0,0,0,0,0,62656
1,1,1,1,901,-2171,375,56,-25,5,-39,48,154,0,0,0,0,0,0,0,0,0,0,0,0,0,0,0,0,0,0,0,0,0,0,62676
1,1,1,1,918,-2143,392,64,-20,12,-39,48,152,0,0,0,0,0,0,0,0,0,0,0,0,0,0,0,0,0,0,0,0,0,0,62686
1,1,1,1,910,-2171,382,77,-11,7,-38,49,154,0,0,0,0,0,0,0,0,0,0,0,0,0,0,0,0,0,0,0,0,0,0,62696
1,1,1,1,906,-2171,388,72,-7,7,-40,49,154,0,0,0,0,0,0,0,0,0,0,0,0,0,0,0,0,0,0,0,0,0,0,62706
1,1,1,1,902,-2166,408,61,-3,10,-38,49,155,0,0,0,0,0,0,0,0,0,0,0,0,0,0,0,0,0,0,0,0,0,0,62716
1,1,1,1,884,-2162,401,69,2,13,-37,48,154,0,0,0,0,0,0,0,0,0,0,0,0,0,0,0,0,0,0,0,0,0,0,62726
1,1,1,1,891,-2163,401,85,8,12,-37,49,155,0,0,0,0,0,0,0,0,0,0,0,0,0,0,0,0,0,0,0,0,0,0,62736
1,1,1,1,896,-2152,417,97,-5,12,-39,47,151,0,0,0,0,0,0,0,0,0,0,0,0,0,0,0,0,0,0,0,0,0,0,62746
1,1,1,1,887,-2167,401,99,3,13,-39,51,153,0,0,0,0,0,0,0,0,0,0,0,0,0,0,0,0,0,0,0,0,0,0,62756
1,1,1,1,900,-2167,409,75,8,14,-40,50,153,0,0,0,0,0,0,0,0,0,0,0,0,0,0,0,0,0,0,0,0,0,0,62766
1,1,1,1,910,-2154,428,51,12,22,-40,49,152,0,0,0,0,0,0,0,0,0,0,0,0,0,0,0,0,0,0,0,0,0,0,62776
1,1,1,1,923,-2131,437,44,-2,25,-41,49,155,0,0,0,0,0,0,0,0,0,0,0,0,0,0,0,0,0,0,0,0,0,0,62786
1,1,1,1,917,-2121,432,54,-20,29,-42,51,157,0,0,0,0,0,0,0,0,0,0,0,0,0,0,0,0,0,0,0,0,0,0,62796
1,1,1,1,891,-2160,406,66,-8,23,-43,50,156,0,0,0,0,0,0,0,0,0,0,0,0,0,0,0,0,0,0,0,0,0,0,62806
1,1,1,1,873,-2146,387,62,12,31,-42,49,156,0,0,0,0,0,0,0,0,0,0,0,0,0,0,0,0,0,0,0,0,0,0,62816
1,1,1,1,863,-2162,401,56,18,35,-40,49,155,0,0,0,0,0,0,0,0,0,0,0,0,0,0,0,0,0,0,0,0,0,0,62826
1,1,1,1,868,-2159,415,68,31,34,-39,49,161,0,0,0,0,0,0,0,0,0,0,0,0,0,0,0,0,0,0,0,0,0,0,62836
1,1,1,1,863,-2159,392,68,31,34,-41,49,159,0,0,0,0,0,0,0,0,0,0,0,0,0,0,0,0,0,0,0,0,0,0,62846
1,1,1,1,862,-2173,385,69,38,29,-41,50,159,0,0,0,0,0,0,0,0,0,0,0,0,0,0,0,0,0,0,0,0,0,0,62856
1,1,1,1,884,-2157,402,66,36,27,-43,50,158,0,0,0,0,0,0,0,0,0,0,0,0,0,0,0,0,0,0,0,0,0,0,62866
1,1,1,1,892,-2146,413,49,25,28,-42,50,162,0,0,0,0,0,0,0,0,0,0,0,0,0,0,0,0,0,0,0,0,0,0,62876
1,1,1,1,895,-2147,414,27,21,28,-42,50,158,0,0,0,0,0,0,0,0,0,0,0,0,0,0,0,0,0,0,0,0,0,0,62886
1,1,1,1,890,-2141,403,29,23,23,-42,50,159,0,0,0,0,0,0,0,0,0,0,0,0,0,0,0,0,0,0,0,0,0,0,62896
1,1,1,1,898,-2136,413,38,21,21,-41,50,158,0,0,0,0,0,0,0,0,0,0,0,0,0,0,0,0,0,0,0,0,0,0,62906
1,1,1,1,895,-2137,421,62,16,14,-39,50,159,0,0,0,0,0,0,0,0,0,0,0,0,0,0,0,0,0,0,0,0,0,0,62916
1,1,1,1,890,-2137,402,87,10,7,-37,50,156,0,0,0,0,0,0,0,0,0,0,0,0,0,0,0,0,0,0,0,0,0,0,62926
1,1,1,1,889,-2149,393,87,10,1,-38,51,158,0,0,0,0,0,0,0,0,0,0,0,0,0,0,0,0,0,0,0,0,0,0,62936
1,1,1,1,900,-2149,425,82,13,1,-38,50,158,0,0,0,0,0,0,0,0,0,0,0,0,0,0,0,0,0,0,0,0,0,0,62946
1,1,1,1,892,-2159,426,67,21,4,-38,51,158,0,0,0,0,0,0,0,0,0,0,0,0,0,0,0,0,0,0,0,0,0,0,62956
1,1,1,1,885,-2162,434,28,9,9,-37,49,160,0,0,0,0,0,0,0,0,0,0,0,0,0,0,0,0,0,0,0,0,0,0,62966
1,1,1,1,879,-2156,420,25,11,9,-41,51,161,0,0,0,0,0,0,0,0,0,0,0,0,0,0,0,0,0,0,0,0,0,0,62976
1,1,1,1,886,-2152,413,24,18,13,-41,51,158,0,0,0,0,0,0,0,0,0,0,0,0,0,0,0,0,0,0,0,0,0,0,62986
1,1,1,1,887,-2129,416,32,10,12,-38,51,159,0,0,0,0,0,0,0,0,0,0,0,0,0,0,0,0,0,0,0,0,0,0,62996
1,1,1,1,891,-2114,418,54,2,7,-40,51,158,0,0,0,0,0,0,0,0,0,0,0,0,0,0,0,0,0,0,0,0,0,0,63006
1,1,1,1,883,-2115,408,81,-9,-2,-39,52,157,0,0,0,0,0,0,0,0,0,0,0,0,0,0,0,0,0,0,0,0,0,0,63016
1,1,1,1,882,-2125,411,94,-6,-7,-41,52,156,0,0,0,0,0,0,0,0,0,0,0,0,0,0,0,0,0,0,0,0,0,0,63026
1,1,1,1,890,-2135,424,94,-4,-9,-40,52,157,0,0,0,0,0,0,0,0,0,0,0,0,0,0,0,0,0,0,0,0,0,0,63036
1,1,1,1,883,-2154,431,81,-7,-13,-39,54,157,0,0,0,0,0,0,0,0,0,0,0,0,0,0,0,0,0,0,0,0,0,0,63046
1,1,1,1,878,-2156,446,51,-5,-6,-39,53,158,0,0,0,0,0,0,0,0,0,0,0,0,0,0,0,0,0,0,0,0,0,0,63056
1,1,1,1,870,-2169,451,13,-9,6,-42,54,160,0,0,0,0,0,0,0,0,0,0,0,0,0,0,0,0,0,0,0,0,0,0,63066
1,1,1,1,863,-2159,442,-19,-7,12,-41,53,157,0,0,0,0,0,0,0,0,0,0,0,0,0,0,0,0,0,0,0,0,0,0,63076
1,1,1,1,873,-2151,448,-25,1,16,-41,53,156,0,0,0,0,0,0,0,0,0,0,0,0,0,0,0,0,0,0,0,0,0,0,63086
1,1,1,1,877,-2141,444,-28,7,16,-41,54,155,0,0,0,0,0,0,0,0,0,0,0,0,0,0,0,0,0,0,0,0,0,0,63096
1,1,1,1,888,-2117,428,-5,7,17,-40,53,153,0,0,0,0,0,0,0,0,0,0,0,0,0,0,0,0,0,0,0,0,0,0,63106
1,1,1,1,891,-2133,437,5,11,16,-42,53,154,0,0,0,0,0,0,0,0,0,0,0,0,0,0,0,0,0,0,0,0,0,0,63116
1,1,1,1,890,-2149,435,-6,29,18,-41,54,154,0,0,0,0,0,0,0,0,0,0,0,0,0,0,0,0,0,0,0,0,0,0,63126
1,1,1,1,884,-2144,438,-7,12,8,-39,54,156,0,0,0,0,0,0,0,0,0,0,0,0,0,0,0,0,0,0,0,0,0,0,63136
1,1,1,1,875,-2136,421,5,11,6,-39,55,153,0,0,0,0,0,0,0,0,0,0,0,0,0,0,0,0,0,0,0,0,0,0,63146
1,1,1,1,872,-2144,421,10,22,3,-36,53,153,0,0,0,0,0,0,0,0,0,0,0,0,0,0,0,0,0,0,0,0,0,0,63156
1,1,1,1,878,-2142,431,6,24,1,-38,53,151,0,0,0,0,0,0,0,0,0,0,0,0,0,0,0,0,0,0,0,0,0,0,63166
1,1,1,1,873,-2147,433,-1,22,-2,-37,53,154,0,0,0,0,0,0,0,0,0,0,0,0,0,0,0,0,0,0,0,0,0,0,63176
1,1,1,1,882,-2129,434,9,21,-1,-39,52,154,0,0,0,0,0,0,0,0,0,0,0,0,0,0,0,0,0,0,0,0,0,0,63186
1,1,1,1,888,-2142,439,1,7,6,-38,53,155,0,0,0,0,0,0,0,0,0,0,0,0,0,0,0,0,0,0,0,0,0,0,63196
1,1,1,1,880,-2142,437,-13,7,8,-38,53,153,0,0,0,0,0,0,0,0,0,0,0,0,0,0,0,0,0,0,0,0,0,0,63206
1,1,1,1,885,-2133,422,3,7,8,-39,53,151,0,0,0,0,0,0,0,0,0,0,0,0,0,0,0,0,0,0,0,0,0,0,63216
1,1,1,1,888,-2137,426,13,-4,5,-37,53,152,0,0,0,0,0,0,0,0,0,0,0,0,0,0,0,0,0,0,0,0,0,0,63226
1,1,1,1,884,-2128,421,36,-3,5,-37,54,150,0,0,0,0,0,0,0,0,0,0,0,0,0,0,0,0,0,0,0,0,0,0,63236
1,1,1,1,886,-2140,423,53,-1,7,-35,53,149,0,0,0,0,0,0,0,0,0,0,0,0,0,0,0,0,0,0,0,0,0,0,63246
1,1,1,1,887,-2155,434,43,-7,6,-35,53,151,0,0,0,0,0,0,0,0,0,0,0,0,0,0,0,0,0,0,0,0,0,0,63256
1,1,1,1,891,-2140,454,45,-4,10,-37,55,151,0,0,0,0,0,0,0,0,0,0,0,0,0,0,0,0,0,0,0,0,0,0,63266
1,1,1,1,886,-2156,452,28,2,15,-37,53,151,0,0,0,0,0,0,0,0,0,0,0,0,0,0,0,0,0,0,0,0,0,0,63276
1,1,1,1,877,-2161,444,0,6,19,-37,53,150,0,0,0,0,0,0,0,0,0,0,0,0,0,0,0,0,0,0,0,0,0,0,63286
1,1,1,1,890,-2153,442,-19,4,15,-36,53,152,0,0,0,0,0,0,0,0,0,0,0,0,0,0,0,0,0,0,0,0,0,0,63296
1,1,1,1,891,-2149,443,-25,10,12,-38,53,150,0,0,0,0,0,0,0,0,0,0,0,0,0,0,0,0,0,0,0,0,0,0,63306
1,1,1,1,896,-2135,464,-29,9,18,-38,53,152,0,0,0,0,0,0,0,0,0,0,0,0,0,0,0,0,0,0,0,0,0,0,63316
1,1,1,1,883,-2137,462,-27,2,21,-39,53,153,0,0,0,0,0,0,0,0,0,0,0,0,0,0,0,0,0,0,0,0,0,0,63326
1,1,1,1,881,-2141,442,-25,10,22,-39,53,151,0,0,0,0,0,0,0,0,0,0,0,0,0,0,0,0,0,0,0,0,0,0,63336
1,1,1,1,879,-2146,442,-21,10,23,-39,53,150,0,0,0,0,0,0,0,0,0,0,0,0,0,0,0,0,0,0,0,0,0,0,63346
1,1,1,1,875,-2144,443,-10,6,20,-37,52,151,0,0,0,0,0,0,0,0,0,0,0,0,0,0,0,0,0,0,0,0,0,0,63356
1,1,1,1,879,-2141,449,-2,13,22,-36,51,149,0,0,0,0,0,0,0,0,0,0,0,0,0,0,0,0,0,0,0,0,0,0,63366
1,1,1,1,870,-2153,452,-9,9,29,-40,57,155,0,0,0,0,0,0,0,0,0,0,0,0,0,0,0,0,0,0,0,0,0,0,63376
1,1,1,1,860,-2135,429,-11,3,25,-37,51,151,0,0,0,0,0,0,0,0,0,0,0,0,0,0,0,0,0,0,0,0,0,0,63386
1,1,1,1,872,-2134,422,9,21,29,-39,53,152,0,0,0,0,0,0,0,0,0,0,0,0,0,0,0,0,0,0,0,0,0,0,63396
1,1,1,1,890,-2145,437,9,15,29,-40,53,154,0,0,0,0,0,0,0,0,0,0,0,0,0,0,0,0,0,0,0,0,0,0,63406
1,1,1,1,896,-2145,440,-10,8,28,-40,52,153,0,0,0,0,0,0,0,0,0,0,0,0,0,0,0,0,0,0,0,0,0,0,63416
1,1,1,1,885,-2147,435,-22,9,22,-38,53,153,0,0,0,0,0,0,0,0,0,0,0,0,0,0,0,0,0,0,0,0,0,0,63426
1,1,1,1,878,-2139,429,-21,5,16,-35,51,153,0,0,0,0,0,0,0,0,0,0,0,0,0,0,0,0,0,0,0,0,0,0,63436
1,1,1,1,879,-2142,425,-9,6,12,-36,54,156,0,0,0,0,0,0,0,0,0,0,0,0,0,0,0,0,0,0,0,0,0,0,63446
1,1,1,1,872,-2142,421,0,11,8,-36,53,155,0,0,0,0,0,0,0,0,0,0,0,0,0,0,0,0,0,0,0,0,0,0,63456
1,1,1,1,877,-2136,426,6,14,8,-37,53,155,0,0,0,0,0,0,0,0,0,0,0,0,0,0,0,0,0,0,0,0,0,0,63466
1,1,1,1,877,-2136,426,4,14,13,-38,52,156,0,0,0,0,0,0,0,0,0,0,0,0,0,0,0,0,0,0,0,0,0,0,63476
1,1,1,1,876,-2136,431,10,8,13,-39,53,156,0,0,0,0,0,0,0,0,0,0,0,0,0,0,0,0,0,0,0,0,0,0,63486
1,1,1,1,881,-2136,425,23,7,7,-40,52,155,0,0,0,0,0,0,0,0,0,0,0,0,0,0,0,0,0,0,0,0,0,0,63496
1,1,1,1,887,-2137,427,23,4,4,-37,52,155,0,0,0,0,0,0,0,0,0,0,0,0,0,0,0,0,0,0,0,0,0,0,63506
1,1,1,1,885,-2135,442,29,9,4,-39,52,156,0,0,0,0,0,0,0,0,0,0,0,0,0,0,0,0,0,0,0,0,0,0,63516
1,1,1,1,891,-2140,448,27,-4,5,-37,53,154,0,0,0,0,0,0,0,0,0,0,0,0,0,0,0,0,0,0,0,0,0,0,63526
1,1,1,1,891,-2165,457,12,-12,0,-36,53,155,0,0,0,0,0,0,0,0,0,0,0,0,0,0,0,0,0,0,0,0,0,0,63536
1,1,1,1,876,-2159,441,7,1,4,-38,53,158,0,0,0,0,0,0,0,0,0,0,0,0,0,0,0,0,0,0,0,0,0,0,63546
1,1,1,1,878,-2148,445,-10,-1,9,-40,53,156,0,0,0,0,0,0,0,0,0,0,0,0,0,0,0,0,0,0,0,0,0,0,63556
1,1,1,1,868,-2158,437,-14,13,15,-39,52,156,0,0,0,0,0,0,0,0,0,0,0,0,0,0,0,0,0,0,0,0,0,0,63566
1,1,1,1,869,-2149,440,-26,19,18,-40,53,158,0,0,0,0,0,0,0,0,0,0,0,0,0,0,0,0,0,0,0,0,0,0,63576
1,1,1,1,876,-2151,439,-29,18,19,-38,52,158,0,0,0,0,0,0,0,0,0,0,0,0,0,0,0,0,0,0,0,0,0,0,63586
1,1,1,1,879,-2142,437,-21,27,20,-39,53,159,0,0,0,0,0,0,0,0,0,0,0,0,0,0,0,0,0,0,0,0,0,0,63596
1,1,1,1,867,-2151,421,-30,15,18,-37,52,157,0,0,0,0,0,0,0,0,0,0,0,0,0,0,0,0,0,0,0,0,0,0,63606
1,1,1,1,866,-2158,422,-31,10,17,-39,53,156,0,0,0,0,0,0,0,0,0,0,0,0,0,0,0,0,0,0,0,0,0,0,63616
1,1,1,1,868,-2144,426,-25,10,18,-38,53,158,0,0,0,0,0,0,0,0,0,0,0,0,0,0,0,0,0,0,0,0,0,0,63626
1,1,1,1,860,-2142,414,-15,5,19,-39,52,157,0,0,0,0,0,0,0,0,0,0,0,0,0,0,0,0,0,0,0,0,0,0,63636
1,1,1,1,871,-2140,414,1,7,20,-39,53,156,0,0,0,0,0,0,0,0,0,0,0,0,0,0,0,0,0,0,0,0,0,0,63646
1,1,1,1,873,-2140,421,11,-5,15,-38,51,154,0,0,0,0,0,0,0,0,0,0,0,0,0,0,0,0,0,0,0,0,0,0,63656
1,1,1,1,880,-2145,424,12,-16,7,-38,52,158,0,0,0,0,0,0,0,0,0,0,0,0,0,0,0,0,0,0,0,0,0,0,63666
1,1,1,1,874,-2138,418,30,-10,4,-40,53,157,0,0,0,0,0,0,0,0,0,0,0,0,0,0,0,0,0,0,0,0,0,0,63676
1,1,1,1,874,-2141,416,24,-13,3,-41,50,157,0,0,0,0,0,0,0,0,0,0,0,0,0,0,0,0,0,0,0,0,0,0,63686
1,1,1,1,878,-2132,426,25,-12,3,-42,53,159,0,0,0,0,0,0,0,0,0,0,0,0,0,0,0,0,0,0,0,0,0,0,63696
1,1,1,1,877,-2135,419,41,-19,-1,-40,49,155,0,0,0,0,0,0,0,0,0,0,0,0,0,0,0,0,0,0,0,0,0,0,63706
1,1,1,1,877,-2138,408,41,-24,-2,-41,55,160,0,0,0,0,0,0,0,0,0,0,0,0,0,0,0,0,0,0,0,0,0,0,63716
1,1,1,1,884,-2141,429,40,-20,0,-40,53,158,0,0,0,0,0,0,0,0,0,0,0,0,0,0,0,0,0,0,0,0,0,0,63726
1,1,1,1,874,-2150,431,40,-21,-1,-40,55,160,0,0,0,0,0,0,0,0,0,0,0,0,0,0,0,0,0,0,0,0,0,0,63736
1,1,1,1,882,-2136,440,54,-24,-4,-40,54,161,0,0,0,0,0,0,0,0,0,0,0,0,0,0,0,0,0,0,0,0,0,0,63756
1,1,1,1,880,-2130,431,61,-23,-6,-41,55,158,0,0,0,0,0,0,0,0,0,0,0,0,0,0,0,0,0,0,0,0,0,0,63766
1,1,1,1,892,-2130,431,63,-21,-9,-41,54,159,0,0,0,0,0,0,0,0,0,0,0,0,0,0,0,0,0,0,0,0,0,0,63776
1,1,1,1,888,-2143,443,64,-12,-11,-42,54,159,0,0,0,0,0,0,0,0,0,0,0,0,0,0,0,0,0,0,0,0,0,0,63786
1,1,1,1,884,-2144,437,58,-18,-15,-42,55,159,0,0,0,0,0,0,0,0,0,0,0,0,0,0,0,0,0,0,0,0,0,0,63796
1,1,1,1,876,-2163,444,39,-24,-11,-44,55,159,0,0,0,0,0,0,0,0,0,0,0,0,0,0,0,0,0,0,0,0,0,0,63806
1,1,1,1,869,-2172,445,14,-17,-4,-42,55,160,0,0,0,0,0,0,0,0,0,0,0,0,0,0,0,0,0,0,0,0,0,0,63816
1,1,1,1,881,-2151,449,4,-20,2,-41,55,159,0,0,0,0,0,0,0,0,0,0,0,0,0,0,0,0,0,0,0,0,0,0,63826
1,1,1,1,881,-2153,440,-2,-12,11,-39,55,158,0,0,0,0,0,0,0,0,0,0,0,0,0,0,0,0,0,0,0,0,0,0,63836
1,1,1,1,881,-2147,444,-2,-13,12,-41,56,159,0,0,0,0,0,0,0,0,0,0,0,0,0,0,0,0,0,0,0,0,0,0,63846
1,1,1,1,890,-2132,445,13,-17,13,-40,54,158,0,0,0,0,0,0,0,0,0,0,0,0,0,0,0,0,0,0,0,0,0,0,63856
1,1,1,1,889,-2140,433,20,-18,10,-40,54,157,0,0,0,0,0,0,0,0,0,0,0,0,0,0,0,0,0,0,0,0,0,0,63866
1,1,1,1,888,-2132,438,24,-23,9,-40,55,161,0,0,0,0,0,0,0,0,0,0,0,0,0,0,0,0,0,0,0,0,0,0,63876
1,1,1,1,884,-2135,429,36,-28,3,-41,56,161,0,0,0,0,0,0,0,0,0,0,0,0,0,0,0,0,0,0,0,0,0,0,63886
1,1,1,1,892,-2145,433,38,-32,-8,-43,56,159,0,0,0,0,0,0,0,0,0,0,0,0,0,0,0,0,0,0,0,0,0,0,63896
1,1,1,1,889,-2138,428,33,-34,-3,-43,55,160,0,0,0,0,0,0,0,0,0,0,0,0,0,0,0,0,0,0,0,0,0,0,63906
1,1,1,1,880,-2150,429,18,-28,-1,-41,56,163,0,0,0,0,0,0,0,0,0,0,0,0,0,0,0,0,0,0,0,0,0,0,63916
1,1,1,1,886,-2151,455,13,-37,-3,-41,56,160,0,0,0,0,0,0,0,0,0,0,0,0,0,0,0,0,0,0,0,0,0,0,63926
1,1,1,1,871,-2136,426,17,-28,1,-42,57,158,0,0,0,0,0,0,0,0,0,0,0,0,0,0,0,0,0,0,0,0,0,0,63936
1,1,1,1,882,-2133,444,27,-16,3,-42,56,161,0,0,0,0,0,0,0,0,0,0,0,0,0,0,0,0,0,0,0,0,0,0,63946
1,1,1,1,889,-2135,445,38,-15,-2,-41,60,160,0,0,0,0,0,0,0,0,0,0,0,0,0,0,0,0,0,0,0,0,0,0,63956
1,1,1,1,887,-2135,439,36,-8,-1,-39,55,159,0,0,0,0,0,0,0,0,0,0,0,0,0,0,0,0,0,0,0,0,0,0,63966
1,1,1,1,891,-2141,445,33,-14,0,-42,60,160,0,0,0,0,0,0,0,0,0,0,0,0,0,0,0,0,0,0,0,0,0,0,63976
1,1,1,1,885,-2140,435,28,-7,3,-39,54,159,0,0,0,0,0,0,0,0,0,0,0,0,0,0,0,0,0,0,0,0,0,0,63986
1,1,1,1,887,-2143,439,19,-10,6,-40,55,161,0,0,0,0,0,0,0,0,0,0,0,0,0,0,0,0,0,0,0,0,0,0,63996
1,1,1,1,878,-2143,439,17,-1,8,-41,57,158,0,0,0,0,0,0,0,0,0,0,0,0,0,0,0,0,0,0,0,0,0,0,64006
1,1,1,1,874,-2145,440,10,-4,9,-39,54,158,0,0,0,0,0,0,0,0,0,0,0,0,0,0,0,0,0,0,0,0,0,0,64016
1,1,1,1,874,-2144,442,9,1,15,-39,55,161,0,0,0,0,0,0,0,0,0,0,0,0,0,0,0,0,0,0,0,0,0,0,64026
1,1,1,1,872,-2139,443,8,-3,12,-35,53,160,0,0,0,0,0,0,0,0,0,0,0,0,0,0,0,0,0,0,0,0,0,0,64036
1,1,1,1,874,-2137,442,7,-3,10,-38,57,161,0,0,0,0,0,0,0,0,0,0,0,0,0,0,0,0,0,0,0,0,0,0,64046
1,1,1,1,875,-2144,441,3,3,9,-36,57,159,0,0,0,0,0,0,0,0,0,0,0,0,0,0,0,0,0,0,0,0,0,0,64056
1,1,1,1,879,-2135,436,3,2,7,-37,56,160,0,0,0,0,0,0,0,0,0,0,0,0,0,0,0,0,0,0,0,0,0,0,64066
1,1,1,1,887,-2128,434,15,5,6,-37,55,160,0,0,0,0,0,0,0,0,0,0,0,0,0,0,0,0,0,0,0,0,0,0,64076
1,1,1,1,891,-2132,433,24,6,2,-37,57,162,0,0,0,0,0,0,0,0,0,0,0,0,0,0,0,0,0,0,0,0,0,0,64086
1,1,1,1,895,-2125,432,32,1,-6,-37,56,157,0,0,0,0,0,0,0,0,0,0,0,0,0,0,0,0,0,0,0,0,0,0,64096
1,1,1,1,890,-2132,436,38,1,-6,-37,57,157,0,0,0,0,0,0,0,0,0,0,0,0,0,0,0,0,0,0,0,0,0,0,64106
1,1,1,1,884,-2141,431,31,-7,-9,-35,56,158,0,0,0,0,0,0,0,0,0,0,0,0,0,0,0,0,0,0,0,0,0,0,64116
1,1,1,1,883,-2132,447,28,-3,-8,-36,57,157,0,0,0,0,0,0,0,0,0,0,0,0,0,0,0,0,0,0,0,0,0,0,64126
1,1,1,1,889,-2143,453,20,-2,-1,-36,56,157,0,0,0,0,0,0,0,0,0,0,0,0,0,0,0,0,0,0,0,0,0,0,64136
1,1,1,1,881,-2155,445,6,3,3,-36,58,156,0,0,0,0,0,0,0,0,0,0,0,0,0,0,0,0,0,0,0,0,0,0,64146
1,1,1,1,894,-2149,452,-15,10,9,-38,58,155,0,0,0,0,0,0,0,0,0,0,0,0,0,0,0,0,0,0,0,0,0,0,64166
1,1,1,1,889,-2139,446,-12,10,6,-36,56,154,0,0,0,0,0,0,0,0,0,0,0,0,0,0,0,0,0,0,0,0,0,0,64176
1,1,1,1,891,-2135,442,-5,5,3,-37,56,154,0,0,0,0,0,0,0,0,0,0,0,0,0,0,0,0,0,0,0,0,0,0,64186
1,1,1,1,889,-2131,439,6,15,4,-36,57,155,0,0,0,0,0,0,0,0,0,0,0,0,0,0,0,0,0,0,0,0,0,0,64196
1,1,1,1,894,-2121,442,13,14,6,-35,58,155,0,0,0,0,0,0,0,0,0,0,0,0,0,0,0,0,0,0,0,0,0,0,64206
1,1,1,1,891,-2124,436,12,6,5,-33,56,156,0,0,0,0,0,0,0,0,0,0,0,0,0,0,0,0,0,0,0,0,0,0,64216
1,1,1,1,888,-2110,437,28,-4,6,-35,58,155,0,0,0,0,0,0,0,0,0,0,0,0,0,0,0,0,0,0,0,0,0,0,64226
1,1,1,1,885,-2130,434,40,-12,7,-36,57,154,0,0,0,0,0,0,0,0,0,0,0,0,0,0,0,0,0,0,0,0,0,0,64236
1,1,1,1,883,-2144,431,30,-13,9,-37,58,154,0,0,0,0,0,0,0,0,0,0,0,0,0,0,0,0,0,0,0,0,0,0,64246
1,1,1,1,885,-2140,445,21,-16,8,-38,60,156,0,0,0,0,0,0,0,0,0,0,0,0,0,0,0,0,0,0,0,0,0,0,64256
1,1,1,1,884,-2138,453,10,-12,9,-36,55,153,0,0,0,0,0,0,0,0,0,0,0,0,0,0,0,0,0,0,0,0,0,0,64266
1,1,1,1,882,-2134,457,14,-6,9,-35,58,155,0,0,0,0,0,0,0,0,0,0,0,0,0,0,0,0,0,0,0,0,0,0,64276
1,1,1,1,879,-2141,450,12,-1,9,-37,58,156,0,0,0,0,0,0,0,0,0,0,0,0,0,0,0,0,0,0,0,0,0,0,64286
1,1,1,1,876,-2145,457,4,12,15,-35,55,155,0,0,0,0,0,0,0,0,0,0,0,0,0,0,0,0,0,0,0,0,0,0,64296
1,1,1,1,877,-2147,450,-1,10,13,-33,53,158,0,0,0,0,0,0,0,0,0,0,0,0,0,0,0,0,0,0,0,0,0,0,64306
1,1,1,1,875,-2140,446,-1,11,12,-36,59,155,0,0,0,0,0,0,0,0,0,0,0,0,0,0,0,0,0,0,0,0,0,0,64316
1,1,1,1,883,-2130,442,4,10,8,-35,55,155,0,0,0,0,0,0,0,0,0,0,0,0,0,0,0,0,0,0,0,0,0,0,64326
1,1,1,1,891,-2120,438,22,4,6,-34,59,156,0,0,0,0,0,0,0,0,0,0,0,0,0,0,0,0,0,0,0,0,0,0,64336
1,1,1,1,890,-2125,431,34,-3,6,-34,57,159,0,0,0,0,0,0,0,0,0,0,0,0,0,0,0,0,0,0,0,0,0,0,64346
1,1,1,1,888,-2132,435,33,-6,4,-33,57,156,0,0,0,0,0,0,0,0,0,0,0,0,0,0,0,0,0,0,0,0,0,0,64356
1,1,1,1,884,-2128,433,48,-2,2,-34,57,157,0,0,0,0,0,0,0,0,0,0,0,0,0,0,0,0,0,0,0,0,0,0,64366
1,1,1,1,883,-2132,438,50,-2,4,-35,58,158,0,0,0,0,0,0,0,0,0,0,0,0,0,0,0,0,0,0,0,0,0,0,64376
1,1,1,1,884,-2140,443,40,-9,2,-35,55,156,0,0,0,0,0,0,0,0,0,0,0,0,0,0,0,0,0,0,0,0,0,0,64386
1,1,1,1,886,-2136,446,26,-13,4,-36,56,154,0,0,0,0,0,0,0,0,0,0,0,0,0,0,0,0,0,0,0,0,0,0,64396
1,1,1,1,883,-2148,455,7,-7,10,-34,57,154,0,0,0,0,0,0,0,0,0,0,0,0,0,0,0,0,0,0,0,0,0,0,64406
1,1,1,1,883,-2140,451,2,-9,8,-35,56,156,0,0,0,0,0,0,0,0,0,0,0,0,0,0,0,0,0,0,0,0,0,0,64416
1,1,1,1,880,-2136,447,6,-11,8,-34,57,152,0,0,0,0,0,0,0,0,0,0,0,0,0,0,0,0,0,0,0,0,0,0,64426
1,1,1,1,885,-2132,449,23,4,9,-34,58,152,0,0,0,0,0,0,0,0,0,0,0,0,0,0,0,0,0,0,0,0,0,0,64436
1,1,1,1,890,-2134,460,24,2,7,-34,58,154,0,0,0,0,0,0,0,0,0,0,0,0,0,0,0,0,0,0,0,0,0,0,64446
1,1,1,1,879,-2146,450,21,7,5,-33,58,154,0,0,0,0,0,0,0,0,0,0,0,0,0,0,0,0,0,0,0,0,0,0,64456
1,1,1,1,883,-2131,448,27,2,2,-34,58,152,0,0,0,0,0,0,0,0,0,0,0,0,0,0,0,0,0,0,0,0,0,0,64466
1,1,1,1,887,-2129,449,32,5,7,-33,56,154,0,0,0,0,0,0,0,0,0,0,0,0,0,0,0,0,0,0,0,0,0,0,64476
1,1,1,1,884,-2140,445,27,5,8,-32,58,150,0,0,0,0,0,0,0,0,0,0,0,0,0,0,0,0,0,0,0,0,0,0,64486
1,1,1,1,880,-2130,444,24,-3,8,-32,58,153,0,0,0,0,0,0,0,0,0,0,0,0,0,0,0,0,0,0,0,0,0,0,64496
1,1,1,1,879,-2130,451,29,-7,7,-33,58,153,0,0,0,0,0,0,0,0,0,0,0,0,0,0,0,0,0,0,0,0,0,0,64506
1,1,1,1,883,-2133,454,29,4,17,-32,57,152,0,0,0,0,0,0,0,0,0,0,0,0,0,0,0,0,0,0,0,0,0,0,64516
1,1,1,1,883,-2138,450,23,4,19,-32,57,151,0,0,0,0,0,0,0,0,0,0,0,0,0,0,0,0,0,0,0,0,0,0,64526
1,1,1,1,885,-2136,453,20,-2,15,-32,58,151,0,0,0,0,0,0,0,0,0,0,0,0,0,0,0,0,0,0,0,0,0,0,64536
1,1,1,1,885,-2129,449,20,3,13,-33,58,151,0,0,0,0,0,0,0,0,0,0,0,0,0,0,0,0,0,0,0,0,0,0,64546
1,1,1,1,889,-2122,466,15,-2,14,-35,58,151,0,0,0,0,0,0,0,0,0,0,0,0,0,0,0,0,0,0,0,0,0,0,64556
1,1,1,1,874,-2125,451,-14,10,19,-34,58,153,0,0,0,0,0,0,0,0,0,0,0,0,0,0,0,0,0,0,0,0,0,0,64576
1,1,1,1,876,-2128,448,-9,11,15,-36,58,154,0,0,0,0,0,0,0,0,0,0,0,0,0,0,0,0,0,0,0,0,0,0,64586
1,1,1,1,879,-2120,452,3,6,8,-34,58,152,0,0,0,0,0,0,0,0,0,0,0,0,0,0,0,0,0,0,0,0,0,0,64596
1,1,1,1,882,-2118,440,15,-3,0,-35,58,152,0,0,0,0,0,0,0,0,0,0,0,0,0,0,0,0,0,0,0,0,0,0,64606
1,1,1,1,880,-2134,443,16,-2,-1,-35,58,152,0,0,0,0,0,0,0,0,0,0,0,0,0,0,0,0,0,0,0,0,0,0,64616
1,1,1,1,877,-2134,448,17,-3,-1,-34,57,154,0,0,0,0,0,0,0,0,0,0,0,0,0,0,0,0,0,0,0,0,0,0,64626
1,1,1,1,882,-2138,457,15,-7,2,-35,57,153,0,0,0,0,0,0,0,0,0,0,0,0,0,0,0,0,0,0,0,0,0,0,64636
1,1,1,1,884,-2135,466,6,4,4,-33,58,156,0,0,0,0,0,0,0,0,0,0,0,0,0,0,0,0,0,0,0,0,0,0,64646
1,1,1,1,884,-2125,460,12,3,3,-34,56,151,0,0,0,0,0,0,0,0,0,0,0,0,0,0,0,0,0,0,0,0,0,0,64656
1,1,1,1,883,-2122,450,31,-2,2,-33,58,153,0,0,0,0,0,0,0,0,0,0,0,0,0,0,0,0,0,0,0,0,0,0,64666
1,1,1,1,884,-2138,448,30,-3,0,-34,56,153,0,0,0,0,0,0,0,0,0,0,0,0,0,0,0,0,0,0,0,0,0,0,64676
1,1,1,1,888,-2140,444,29,-2,-3,-34,58,154,0,0,0,0,0,0,0,0,0,0,0,0,0,0,0,0,0,0,0,0,0,0,64686
1,1,1,1,890,-2134,453,23,0,-3,-33,56,153,0,0,0,0,0,0,0,0,0,0,0,0,0,0,0,0,0,0,0,0,0,0,64696
1,1,1,1,890,-2142,454,6,3,2,-33,57,150,0,0,0,0,0,0,0,0,0,0,0,0,0,0,0,0,0,0,0,0,0,0,64706
1,1,1,1,886,-2129,456,0,3,2,-32,57,150,0,0,0,0,0,0,0,0,0,0,0,0,0,0,0,0,0,0,0,0,0,0,64716
1,1,1,1,884,-2114,452,14,-2,-3,-31,55,154,0,0,0,0,0,0,0,0,0,0,0,0,0,0,0,0,0,0,0,0,0,0,64726
1,1,1,1,889,-2132,458,25,5,-3,-32,58,149,0,0,0,0,0,0,0,0,0,0,0,0,0,0,0,0,0,0,0,0,0,0,64736
1,1,1,1,888,-2134,460,20,5,-4,-31,57,150,0,0,0,0,0,0,0,0,0,0,0,0,0,0,0,0,0,0,0,0,0,0,64746
1,1,1,1,889,-2136,465,8,3,-2,-34,57,149,0,0,0,0,0,0,0,0,0,0,0,0,0,0,0,0,0,0,0,0,0,0,64756
1,1,1,1,883,-2135,467,4,6,1,-33,57,147,0,0,0,0,0,0,0,0,0,0,0,0,0,0,0,0,0,0,0,0,0,0,64766
1,1,1,1,877,-2122,464,14,9,4,-34,58,149,0,0,0,0,0,0,0,0,0,0,0,0,0,0,0,0,0,0,0,0,0,0,64776
1,1,1,1,880,-2125,456,28,7,7,-35,57,147,0,0,0,0,0,0,0,0,0,0,0,0,0,0,0,0,0,0,0,0,0,0,64786
1,1,1,1,884,-2121,458,40,13,8,-36,57,150,0,0,0,0,0,0,0,0,0,0,0,0,0,0,0,0,0,0,0,0,0,0,64796
1,1,1,1,885,-2128,457,48,7,9,-34,59,147,0,0,0,0,0,0,0,0,0,0,0,0,0,0,0,0,0,0,0,0,0,0,64806
1,1,1,1,881,-2121,441,58,-4,7,-34,58,148,0,0,0,0,0,0,0,0,0,0,0,0,0,0,0,0,0,0,0,0,0,0,64816
1,1,1,1,886,-2114,441,74,-5,7,-35,58,151,0,0,0,0,0,0,0,0,0,0,0,0,0,0,0,0,0,0,0,0,0,0,64826
1,1,1,1,888,-2121,455,80,-5,5,-35,58,151,0,0,0,0,0,0,0,0,0,0,0,0,0,0,0,0,0,0,0,0,0,0,64836
1,1,1,1,879,-2146,462,55,-2,4,-36,58,149,0,0,0,0,0,0,0,0,0,0,0,0,0,0,0,0,0,0,0,0,0,0,64846
1,1,1,1,872,-2140,469,32,-1,3,-35,57,147,0,0,0,0,0,0,0,0,0,0,0,0,0,0,0,0,0,0,0,0,0,0,64857
1,1,1,1,872,-2128,471,25,1,-1,-35,60,151,0,0,0,0,0,0,0,0,0,0,0,0,0,0,0,0,0,0,0,0,0,0,64867
1,1,1,1,875,-2118,464,31,10,-5,-33,56,149,0,0,0,0,0,0,0,0,0,0,0,0,0,0,0,0,0,0,0,0,0,0,64877
1,1,1,1,888,-2123,466,32,6,-10,-37,61,151,0,0,0,0,0,0,0,0,0,0,0,0,0,0,0,0,0,0,0,0,0,0,64887
1,1,1,1,892,-2109,468,37,6,-11,-36,56,150,0,0,0,0,0,0,0,0,0,0,0,0,0,0,0,0,0,0,0,0,0,0,64897
1,1,1,1,891,-2110,462,41,7,-11,-37,61,150,0,0,0,0,0,0,0,0,0,0,0,0,0,0,0,0,0,0,0,0,0,0,64907
1,1,1,1,890,-2116,462,33,2,-11,-38,58,151,0,0,0,0,0,0,0,0,0,0,0,0,0,0,0,0,0,0,0,0,0,0,64917
1,1,1,1,882,-2120,456,33,-3,-9,-37,57,152,0,0,0,0,0,0,0,0,0,0,0,0,0,0,0,0,0,0,0,0,0,0,64927
1,1,1,1,889,-2124,464,32,-7,-6,-38,57,152,0,0,0,0,0,0,0,0,0,0,0,0,0,0,0,0,0,0,0,0,0,0,64937
1,1,1,1,889,-2134,463,21,-10,-2,-36,57,152,0,0,0,0,0,0,0,0,0,0,0,0,0,0,0,0,0,0,0,0,0,0,64947
1,1,1,1,892,-2132,476,12,-7,6,-34,58,153,0,0,0,0,0,0,0,0,0,0,0,0,0,0,0,0,0,0,0,0,0,0,64957
1,1,1,1,889,-2137,483,2,-4,9,-33,55,149,0,0,0,0,0,0,0,0,0,0,0,0,0,0,0,0,0,0,0,0,0,0,64967
1,1,1,1,884,-2141,477,-7,-2,11,-35,58,151,0,0,0,0,0,0,0,0,0,0,0,0,0,0,0,0,0,0,0,0,0,0,64977
1,1,1,1,890,-2143,478,-8,6,10,-33,58,155,0,0,0,0,0,0,0,0,0,0,0,0,0,0,0,0,0,0,0,0,0,0,64987
1,1,1,1,894,-2137,471,-10,16,11,-35,58,154,0,0,0,0,0,0,0,0,0,0,0,0,0,0,0,0,0,0,0,0,0,0,64997
1,1,1,1,898,-2126,478,-6,13,13,-36,58,152,0,0,0,0,0,0,0,0,0,0,0,0,0,0,0,0,0,0,0,0,0,0,65007
1,1,1,1,899,-2114,475,2,10,15,-35,58,149,0,0,0,0,0,0,0,0,0,0,0,0,0,0,0,0,0,0,0,0,0,0,65017
1,1,1,1,896,-2120,475,-4,13,20,-35,58,152,0,0,0,0,0,0,0,0,0,0,0,0,0,0,0,0,0,0,0,0,0,0,65027
1,1,1,1,890,-2122,468,1,13,20,-36,57,149,0,0,0,0,0,0,0,0,0,0,0,0,0,0,0,0,0,0,0,0,0,0,65037
1,1,1,1,883,-2119,473,14,17,19,-34,56,151,0,0,0,0,0,0,0,0,0,0,0,0,0,0,0,0,0,0,0,0,0,0,65047
1,1,1,1,883,-2133,471,2,13,18,-33,57,151,0,0,0,0,0,0,0,0,0,0,0,0,0,0,0,0,0,0,0,0,0,0,65057
1,1,1,1,881,-2138,475,-7,11,17,-36,57,151,0,0,0,0,0,0,0,0,0,0,0,0,0,0,0,0,0,0,0,0,0,0,65067
1,1,1,1,875,-2129,475,-10,11,21,-35,56,152,0,0,0,0,0,0,0,0,0,0,0,0,0,0,0,0,0,0,0,0,0,0,65077
1,1,1,1,886,-2123,474,-8,6,18,-36,58,152,0,0,0,0,0,0,0,0,0,0,0,0,0,0,0,0,0,0,0,0,0,0,65087
1,1,1,1,883,-2128,467,-5,5,15,-35,58,151,0,0,0,0,0,0,0,0,0,0,0,0,0,0,0,0,0,0,0,0,0,0,65097
1,1,1,1,884,-2123,465,-1,13,16,-35,56,150,0,0,0,0,0,0,0,0,0,0,0,0,0,0,0,0,0,0,0,0,0,0,65107
1,1,1,1,887,-2120,457,11,12,11,-35,56,152,0,0,0,0,0,0,0,0,0,0,0,0,0,0,0,0,0,0,0,0,0,0,65117
1,1,1,1,886,-2126,463,19,15,9,-35,58,152,0,0,0,0,0,0,0,0,0,0,0,0,0,0,0,0,0,0,0,0,0,0,65127
1,1,1,1,884,-2125,470,19,14,13,-35,57,154,0,0,0,0,0,0,0,0,0,0,0,0,0,0,0,0,0,0,0,0,0,0,65137
1,1,1,1,879,-2129,464,10,14,13,-34,58,151,0,0,0,0,0,0,0,0,0,0,0,0,0,0,0,0,0,0,0,0,0,0,65147
1,1,1,1,880,-2127,472,6,14,14,-36,57,150,0,0,0,0,0,0,0,0,0,0,0,0,0,0,0,0,0,0,0,0,0,0,65157
1,1,1,1,881,-2127,474,4,13,18,-37,57,152,0,0,0,0,0,0,0,0,0,0,0,0,0,0,0,0,0,0,0,0,0,0,65167
1,1,1,1,879,-2123,465,-6,8,17,-36,56,152,0,0,0,0,0,0,0,0,0,0,0,0,0,0,0,0,0,0,0,0,0,0,65177
1,1,1,1,882,-2120,462,-2,11,19,-36,58,152,0,0,0,0,0,0,0,0,0,0,0,0,0,0,0,0,0,0,0,0,0,0,65187
1,1,1,1,880,-2125,460,0,4,14,-36,55,152,0,0,0,0,0,0,0,0,0,0,0,0,0,0,0,0,0,0,0,0,0,0,65197
1,1,1,1,881,-2122,464,2,0,11,-40,58,154,0,0,0,0,0,0,0,0,0,0,0,0,0,0,0,0,0,0,0,0,0,0,65207
1,1,1,1,880,-2126,468,7,3,7,-37,55,156,0,0,0,0,0,0,0,0,0,0,0,0,0,0,0,0,0,0,0,0,0,0,65217
1,1,1,1,879,-2125,457,9,-1,3,-36,55,156,0,0,0,0,0,0,0,0,0,0,0,0,0,0,0,0,0,0,0,0,0,0,65227
1,1,1,1,883,-2120,452,14,-1,-1,-37,55,154,0,0,0,0,0,0,0,0,0,0,0,0,0,0,0,0,0,0,0,0,0,0,65237
1,1,1,1,881,-2116,463,18,-3,-1,-36,55,153,0,0,0,0,0,0,0,0,0,0,0,0,0,0,0,0,0,0,0,0,0,0,65247
1,1,1,1,880,-2114,466,18,-6,-3,-36,58,155,0,0,0,0,0,0,0,0,0,0,0,0,0,0,0,0,0,0,0,0,0,0,65257
1,1,1,1,883,-2121,460,15,-7,-5,-37,56,154,0,0,0,0,0,0,0,0,0,0,0,0,0,0,0,0,0,0,0,0,0,0,65267
1,1,1,1,881,-2129,460,10,-4,-7,-36,56,155,0,0,0,0,0,0,0,0,0,0,0,0,0,0,0,0,0,0,0,0,0,0,65277
1,1,1,1,876,-2124,467,5,-9,-7,-37,57,154,0,0,0,0,0,0,0,0,0,0,0,0,0,0,0,0,0,0,0,0,0,0,65287
1,1,1,1,875,-2130,469,4,-16,-6,-37,57,153,0,0,0,0,0,0,0,0,0,0,0,0,0,0,0,0,0,0,0,0,0,0,65297
1,1,1,1,880,-2124,473,1,-15,-4,-37,57,153,0,0,0,0,0,0,0,0,0,0,0,0,0,0,0,0,0,0,0,0,0,0,65307
1,1,1,1,881,-2133,473,-7,-17,-2,-39,57,151,0,0,0,0,0,0,0,0,0,0,0,0,0,0,0,0,0,0,0,0,0,0,65317
1,1,1,1,877,-2135,474,-10,-8,-1,-36,57,152,0,0,0,0,0,0,0,0,0,0,0,0,0,0,0,0,0,0,0,0,0,0,65327
1,1,1,1,883,-2122,474,-5,-2,2,-38,57,154,0,0,0,0,0,0,0,0,0,0,0,0,0,0,0,0,0,0,0,0,0,0,65337
1,1,1,1,890,-2122,462,-2,-6,2,-35,56,153,0,0,0,0,0,0,0,0,0,0,0,0,0,0,0,0,0,0,0,0,0,0,65347
1,1,1,1,888,-2123,471,2,2,2,-35,56,152,0,0,0,0,0,0,0,0,0,0,0,0,0,0,0,0,0,0,0,0,0,0,65357
1,1,1,1,884,-2123,469,-2,-9,1,-34,58,153,0,0,0,0,0,0,0,0,0,0,0,0,0,0,0,0,0,0,0,0,0,0,65367
1,1,1,1,879,-2115,463,4,-5,2,-37,57,153,0,0,0,0,0,0,0,0,0,0,0,0,0,0,0,0,0,0,0,0,0,0,65377
1,1,1,1,883,-2118,463,9,-10,-5,-37,56,153,0,0,0,0,0,0,0,0,0,0,0,0,0,0,0,0,0,0,0,0,0,0,65387
1,1,1,1,882,-2129,462,11,-6,-8,-35,56,154,0,0,0,0,0,0,0,0,0,0,0,0,0,0,0,0,0,0,0,0,0,0,65397
1,1,1,1,887,-2120,471,14,-7,-3,-36,58,154,0,0,0,0,0,0,0,0,0,0,0,0,0,0,0,0,0,0,0,0,0,0,65407
1,1,1,1,880,-2123,471,22,-8,-4,-36,56,153,0,0,0,0,0,0,0,0,0,0,0,0,0,0,0,0,0,0,0,0,0,0,65417
1,1,1,1,883,-2124,468,26,-5,-2,-34,57,152,0,0,0,0,0,0,0,0,0,0,0,0,0,0,0,0,0,0,0,0,0,0,65427
1,1,1,1,885,-2137,473,23,-4,-1,-36,56,151,0,0,0,0,0,0,0,0,0,0,0,0,0,0,0,0,0,0,0,0,0,0,65437
1,1,1,1,885,-2134,477,9,-5,2,-36,57,152,0,0,0,0,0,0,0,0,0,0,0,0,0,0,0,0,0,0,0,0,0,0,65447
1,1,1,1,886,-2129,474,-2,-3,5,-36,58,154,0,0,0,0,0,0,0,0,0,0,0,0,0,0,0,0,0,0,0,0,0,0,65457
1,1,1,1,886,-2118,474,-5,-1,7,-36,56,152,0,0,0,0,0,0,0,0,0,0,0,0,0,0,0,0,0,0,0,0,0,0,65467
1,1,1,1,889,-2116,463,2,7,6,-36,57,153,0,0,0,0,0,0,0,0,0,0,0,0,0,0,0,0,0,0,0,0,0,0,65477
1,1,1,1,887,-2111,459,6,1,4,-34,54,153,0,0,0,0,0,0,0,0,0,0,0,0,0,0,0,0,0,0,0,0,0,0,65487
1,1,1,1,889,-2121,458,1,-7,-1,-36,58,155,0,0,0,0,0,0,0,0,0,0,0,0,0,0,0,0,0,0,0,0,0,0,65497
1,1,1,1,882,-2120,455,2,-1,0,-37,59,153,0,0,0,0,0,0,0,0,0,0,0,0,0,0,0,0,0,0,0,0,0,0,65507
1,1,1,1,879,-2111,455,13,-1,-1,-34,52,151,0,0,0,0,0,0,0,0,0,0,0,0,0,0,0,0,0,0,0,0,0,0,65517
1,1,1,1,890,-2119,455,18,-12,-4,-36,56,151,0,0,0,0,0,0,0,0,0,0,0,0,0,0,0,0,0,0,0,0,0,0,65527
1,1,1,1,889,-2123,469,20,-8,1,-36,55,151,0,0,0,0,0,0,0,0,0,0,0,0,0,0,0,0,0,0,0,0,0,0,65537
1,1,1,1,890,-2136,476,11,-18,5,-36,56,153,0,0,0,0,0,0,0,0,0,0,0,0,0,0,0,0,0,0,0,0,0,0,65547
1,1,1,1,889,-2131,482,9,-3,9,-36,57,153,0,0,0,0,0,0,0,0,0,0,0,0,0,0,0,0,0,0,0,0,0,0,65557
1,1,1,1,886,-2124,484,17,-3,9,-35,56,150,0,0,0,0,0,0,0,0,0,0,0,0,0,0,0,0,0,0,0,0,0,0,65567
1,1,1,1,890,-2125,478,22,1,11,-35,57,153,0,0,0,0,0,0,0,0,0,0,0,0,0,0,0,0,0,0,0,0,0,0,65577
1,1,1,1,885,-2134,476,19,3,13,-35,56,153,0,0,0,0,0,0,0,0,0,0,0,0,0,0,0,0,0,0,0,0,0,0,65587
1,1,1,1,883,-2128,468,21,5,15,-33,57,150,0,0,0,0,0,0,0,0,0,0,0,0,0,0,0,0,0,0,0,0,0,0,65597
1,1,1,1,889,-2134,471,15,12,19,-35,55,152,0,0,0,0,0,0,0,0,0,0,0,0,0,0,0,0,0,0,0,0,0,0,65607
1,1,1,1,889,-2126,470,10,8,19,-36,56,154,0,0,0,0,0,0,0,0,0,0,0,0,0,0,0,0,0,0,0,0,0,0,65617
1,1,1,1,887,-2113,476,14,-1,14,-35,58,151,0,0,0,0,0,0,0,0,0,0,0,0,0,0,0,0,0,0,0,0,0,0,65627
1,1,1,1,888,-2122,477,12,4,14,-35,58,155,0,0,0,0,0,0,0,0,0,0,0,0,0,0,0,0,0,0,0,0,0,0,65637
1,1,1,1,887,-2123,471,16,9,10,-34,56,152,0,0,0,0,0,0,0,0,0,0,0,0,0,0,0,0,0,0,0,0,0,0,65647
1,1,1,1,890,-2116,471,17,4,6,-34,56,154,0,0,0,0,0,0,0,0,0,0,0,0,0,0,0,0,0,0,0,0,0,0,65657
1,1,1,1,888,-2115,471,23,0,6,-35,57,153,0,0,0,0,0,0,0,0,0,0,0,0,0,0,0,0,0,0,0,0,0,0,65667
1,1,1,1,885,-2117,473,29,10,10,-36,56,151,0,0,0,0,0,0,0,0,0,0,0,0,0,0,0,0,0,0,0,0,0,0,65677
1,1,1,1,877,-2124,477,26,5,10,-36,56,153,0,0,0,0,0,0,0,0,0,0,0,0,0,0,0,0,0,0,0,0,0,0,65687
1,1,1,1,870,-2134,480,11,2,12,-35,55,153,0,0,0,0,0,0,0,0,0,0,0,0,0,0,0,0,0,0,0,0,0,0,65697
1,1,1,1,872,-2134,478,2,4,11,-37,57,154,0,0,0,0,0,0,0,0,0,0,0,0,0,0,0,0,0,0,0,0,0,0,65707
1,1,1,1,872,-2120,473,3,6,10,-37,58,153,0,0,0,0,0,0,0,0,0,0,0,0,0,0,0,0,0,0,0,0,0,0,65717
1,1,1,1,882,-2123,472,2,10,12,-34,58,152,0,0,0,0,0,0,0,0,0,0,0,0,0,0,0,0,0,0,0,0,0,0,65727
1,1,1,1,887,-2117,472,-2,8,8,-34,55,151,0,0,0,0,0,0,0,0,0,0,0,0,0,0,0,0,0,0,0,0,0,0,65737
1,1,1,1,888,-2112,461,2,4,4,-35,56,149,0,0,0,0,0,0,0,0,0,0,0,0,0,0,0,0,0,0,0,0,0,0,65747
1,1,1,1,886,-2112,460,4,5,6,-35,57,150,0,0,0,0,0,0,0,0,0,0,0,0,0,0,0,0,0,0,0,0,0,0,65757
1,1,1,1,886,-2108,466,1,0,3,-35,54,150,0,0,0,0,0,0,0,0,0,0,0,0,0,0,0,0,0,0,0,0,0,0,65767
1,1,1,1,888,-2106,465,-1,-9,-1,-35,55,148,0,0,0,0,0,0,0,0,0,0,0,0,0,0,0,0,0,0,0,0,0,0,65777
1,1,1,1,882,-2113,465,8,0,0,-37,59,151,0,0,0,0,0,0,0,0,0,0,0,0,0,0,0,0,0,0,0,0,0,0,65787
1,1,1,1,883,-2122,468,4,-10,-6,-37,57,154,0,0,0,0,0,0,0,0,0,0,0,0,0,0,0,0,0,0,0,0,0,0,65797
1,1,1,1,883,-2124,478,1,-6,-5,-37,56,151,0,0,0,0,0,0,0,0,0,0,0,0,0,0,0,0,0,0,0,0,0,0,65807
1,1,1,1,883,-2126,478,-1,-1,-5,-36,58,150,0,0,0,0,0,0,0,0,0,0,0,0,0,0,0,0,0,0,0,0,0,0,65817
1,1,1,1,889,-2122,482,-3,2,-4,-38,58,151,0,0,0,0,0,0,0,0,0,0,0,0,0,0,0,0,0,0,0,0,0,0,65827
1,1,1,1,893,-2125,475,5,14,5,-36,55,151,0,0,0,0,0,0,0,0,0,0,0,0,0,0,0,0,0,0,0,0,0,0,65837
1,1,1,1,886,-2133,478,2,12,8,-37,58,151,0,0,0,0,0,0,0,0,0,0,0,0,0,0,0,0,0,0,0,0,0,0,65847
1,1,1,1,888,-2127,468,1,6,8,-34,57,148,0,0,0,0,0,0,0,0,0,0,0,0,0,0,0,0,0,0,0,0,0,0,65857
1,1,1,1,889,-2116,465,9,2,8,-35,56,152,0,0,0,0,0,0,0,0,0,0,0,0,0,0,0,0,0,0,0,0,0,0,65867
1,1,1,1,886,-2121,457,13,-9,1,-35,56,150,0,0,0,0,0,0,0,0,0,0,0,0,0,0,0,0,0,0,0,0,0,0,65877
1,1,1,1,882,-2120,468,16,-7,0,-34,58,154,0,0,0,0,0,0,0,0,0,0,0,0,0,0,0,0,0,0,0,0,0,0,65887
1,1,1,1,889,-2120,478,13,-5,1,-33,59,152,0,0,0,0,0,0,0,0,0,0,0,0,0,0,0,0,0,0,0,0,0,0,65897
1,1,1,1,885,-2126,479,7,-6,-1,-35,58,154,0,0,0,0,0,0,0,0,0,0,0,0,0,0,0,0,0,0,0,0,0,0,65907
1,1,1,1,887,-2119,479,8,0,-1,-34,56,154,0,0,0,0,0,0,0,0,0,0,0,0,0,0,0,0,0,0,0,0,0,0,65917
1,1,1,1,888,-2118,488,8,-7,-2,-35,56,150,0,0,0,0,0,0,0,0,0,0,0,0,0,0,0,0,0,0,0,0,0,0,65927
1,1,1,1,881,-2119,484,12,-13,-4,-36,57,149,0,0,0,0,0,0,0,0,0,0,0,0,0,0,0,0,0,0,0,0,0,0,65937
1,1,1,1,882,-2121,476,21,-5,1,-35,56,153,0,0,0,0,0,0,0,0,0,0,0,0,0,0,0,0,0,0,0,0,0,0,65947
1,1,1,1,886,-2133,476,19,-14,5,-33,57,151,0,0,0,0,0,0,0,0,0,0,0,0,0,0,0,0,0,0,0,0,0,0,65957
1,1,1,1,887,-2135,477,11,-2,9,-34,58,150,0,0,0,0,0,0,0,0,0,0,0,0,0,0,0,0,0,0,0,0,0,0,65967
1,1,1,1,884,-2128,471,4,-1,13,-36,58,151,0,0,0,0,0,0,0,0,0,0,0,0,0,0,0,0,0,0,0,0,0,0,65977
1,1,1,1,885,-2127,477,10,-1,12,-36,58,149,0,0,0,0,0,0,0,0,0,0,0,0,0,0,0,0,0,0,0,0,0,0,65987
1,1,1,1,886,-2121,478,8,5,8,-38,57,150,0,0,0,0,0,0,0,0,0,0,0,0,0,0,0,0,0,0,0,0,0,0,65997
1,1,1,1,891,-2120,478,0,5,10,-38,58,150,0,0,0,0,0,0,0,0,0,0,0,0,0,0,0,0,0,0,0,0,0,0,66007
1,1,1,1,887,-2110,485,12,10,9,-35,58,152,0,0,0,0,0,0,0,0,0,0,0,0,0,0,0,0,0,0,0,0,0,0,66017
1,1,1,1,886,-2109,473,20,9,7,-35,57,152,0,0,0,0,0,0,0,0,0,0,0,0,0,0,0,0,0,0,0,0,0,0,66027
1,1,1,1,884,-2118,474,18,6,6,-36,57,153,0,0,0,0,0,0,0,0,0,0,0,0,0,0,0,0,0,0,0,0,0,0,66037
1,1,1,1,885,-2120,476,11,0,8,-35,57,151,0,0,0,0,0,0,0,0,0,0,0,0,0,0,0,0,0,0,0,0,0,0,66047
1,1,1,1,880,-2119,473,16,-5,8,-35,58,152,0,0,0,0,0,0,0,0,0,0,0,0,0,0,0,0,0,0,0,0,0,0,66057
1,1,1,1,885,-2123,480,9,0,10,-35,58,151,0,0,0,0,0,0,0,0,0,0,0,0,0,0,0,0,0,0,0,0,0,0,66067
1,1,1,1,879,-2129,480,3,3,11,-35,58,153,0,0,0,0,0,0,0,0,0,0,0,0,0,0,0,0,0,0,0,0,0,0,66077
1,1,1,1,882,-2121,488,4,-2,11,-35,53,149,0,0,0,0,0,0,0,0,0,0,0,0,0,0,0,0,0,0,0,0,0,0,66087
1,1,1,1,886,-2130,477,-2,-1,9,-38,58,151,0,0,0,0,0,0,0,0,0,0,0,0,0,0,0,0,0,0,0,0,0,0,66097
1,1,1,1,889,-2122,472,-4,0,9,-38,58,151,0,0,0,0,0,0,0,0,0,0,0,0,0,0,0,0,0,0,0,0,0,0,66107
1,1,1,1,893,-2116,477,-1,10,12,-39,56,149,0,0,0,0,0,0,0,0,0,0,0,0,0,0,0,0,0,0,0,0,0,0,66117
1,1,1,1,897,-2126,479,-2,12,11,-38,58,153,0,0,0,0,0,0,0,0,0,0,0,0,0,0,0,0,0,0,0,0,0,0,66127
1,1,1,1,883,-2124,476,-8,12,11,-37,58,151,0,0,0,0,0,0,0,0,0,0,0,0,0,0,0,0,0,0,0,0,0,0,66137
1,1,1,1,881,-2124,483,-8,7,14,-36,58,151,0,0,0,0,0,0,0,0,0,0,0,0,0,0,0,0,0,0,0,0,0,0,66147
1,1,1,1,878,-2128,476,-11,1,12,-37,56,154,0,0,0,0,0,0,0,0,0,0,0,0,0,0,0,0,0,0,0,0,0,0,66157
1,1,1,1,875,-2121,477,-5,-4,13,-34,56,150,0,0,0,0,0,0,0,0,0,0,0,0,0,0,0,0,0,0,0,0,0,0,66167
1,1,1,1,878,-2123,477,1,-3,14,-33,55,151,0,0,0,0,0,0,0,0,0,0,0,0,0,0,0,0,0,0,0,0,0,0,66177
1,1,1,1,874,-2127,468,-1,-5,15,-33,57,152,0,0,0,0,0,0,0,0,0,0,0,0,0,0,0,0,0,0,0,0,0,0,66187
1,1,1,1,873,-2123,468,-4,-3,12,-35,58,152,0,0,0,0,0,0,0,0,0,0,0,0,0,0,0,0,0,0,0,0,0,0,66197
1,1,1,1,879,-2107,472,15,-3,11,-37,58,155,0,0,0,0,0,0,0,0,0,0,0,0,0,0,0,0,0,0,0,0,0,0,66207
1,1,1,1,887,-2106,467,22,-3,10,-37,58,153,0,0,0,0,0,0,0,0,0,0,0,0,0,0,0,0,0,0,0,0,0,0,66217
1,1,1,1,890,-2112,472,16,-2,10,-38,56,154,0,0,0,0,0,0,0,0,0,0,0,0,0,0,0,0,0,0,0,0,0,0,66227
1,1,1,1,885,-2114,472,10,-6,7,-36,57,153,0,0,0,0,0,0,0,0,0,0,0,0,0,0,0,0,0,0,0,0,0,0,66237
1,1,1,1,881,-2115,475,12,4,9,-35,58,153,0,0,0,0,0,0,0,0,0,0,0,0,0,0,0,0,0,0,0,0,0,0,66247
1,1,1,1,882,-2120,472,9,7,7,-35,57,152,0,0,0,0,0,0,0,0,0,0,0,0,0,0,0,0,0,0,0,0,0,0,66257
1,1,1,1,879,-2121,471,9,3,3,-37,59,154,0,0,0,0,0,0,0,0,0,0,0,0,0,0,0,0,0,0,0,0,0,0,66267
1,1,1,1,875,-2117,469,17,9,2,-35,56,153,0,0,0,0,0,0,0,0,0,0,0,0,0,0,0,0,0,0,0,0,0,0,66277
1,1,1,1,879,-2123,472,17,4,0,-36,58,152,0,0,0,0,0,0,0,0,0,0,0,0,0,0,0,0,0,0,0,0,0,0,66287
1,1,1,1,878,-2127,473,11,4,0,-35,57,150,0,0,0,0,0,0,0,0,0,0,0,0,0,0,0,0,0,0,0,0,0,0,66297
1,1,1,1,882,-2126,477,10,1,0,-36,58,151,0,0,0,0,0,0,0,0,0,0,0,0,0,0,0,0,0,0,0,0,0,0,66307
1,1,1,1,882,-2118,481,15,5,1,-35,58,150,0,0,0,0,0,0,0,0,0,0,0,0,0,0,0,0,0,0,0,0,0,0,66317
1,1,1,1,881,-2128,480,17,12,7,-36,57,150,0,0,0,0,0,0,0,0,0,0,0,0,0,0,0,0,0,0,0,0,0,0,66327
1,1,1,1,885,-2132,478,15,13,8,-33,56,150,0,0,0,0,0,0,0,0,0,0,0,0,0,0,0,0,0,0,0,0,0,0,66337
1,1,1,1,887,-2118,483,19,13,11,-31,57,151,0,0,0,0,0,0,0,0,0,0,0,0,0,0,0,0,0,0,0,0,0,0,66347
1,1,1,1,891,-2123,480,25,11,12,-32,58,152,0,0,0,0,0,0,0,0,0,0,0,0,0,0,0,0,0,0,0,0,0,0,66357
1,1,1,1,885,-2125,481,19,8,13,-33,58,152,0,0,0,0,0,0,0,0,0,0,0,0,0,0,0,0,0,0,0,0,0,0,66367
1,1,1,1,887,-2129,479,5,8,16,-34,59,151,0,0,0,0,0,0,0,0,0,0,0,0,0,0,0,0,0,0,0,0,0,0,66377
1,1,1,1,879,-2122,481,-7,5,17,-34,58,150,0,0,0,0,0,0,0,0,0,0,0,0,0,0,0,0,0,0,0,0,0,0,66387
1,1,1,1,885,-2123,482,-18,4,16,-36,55,146,0,0,0,0,0,0,0,0,0,0,0,0,0,0,0,0,0,0,0,0,0,0,66397
1,1,1,1,880,-2117,484,-23,-1,14,-36,58,151,0,0,0,0,0,0,0,0,0,0,0,0,0,0,0,0,0,0,0,0,0,0,66407
1,1,1,1,877,-2118,480,-24,-1,15,-36,58,151,0,0,0,0,0,0,0,0,0,0,0,0,0,0,0,0,0,0,0,0,0,0,66417
1,1,1,1,877,-2120,474,-16,-2,13,-37,58,152,0,0,0,0,0,0,0,0,0,0,0,0,0,0,0,0,0,0,0,0,0,0,66427
1,1,1,1,881,-2109,477,-10,-1,10,-33,54,149,0,0,0,0,0,0,0,0,0,0,0,0,0,0,0,0,0,0,0,0,0,0,66437
1,1,1,1,881,-2110,465,4,1,7,-35,57,148,0,0,0,0,0,0,0,0,0,0,0,0,0,0,0,0,0,0,0,0,0,0,66447
1,1,1,1,882,-2111,469,13,-1,7,-35,56,150,0,0,0,0,0,0,0,0,0,0,0,0,0,0,0,0,0,0,0,0,0,0,66457
1,1,1,1,890,-2121,472,10,-7,7,-35,56,150,0,0,0,0,0,0,0,0,0,0,0,0,0,0,0,0,0,0,0,0,0,0,66467
1,1,1,1,879,-2118,462,12,-6,5,-34,56,150,0,0,0,0,0,0,0,0,0,0,0,0,0,0,0,0,0,0,0,0,0,0,66477
1,1,1,1,883,-2112,472,21,-4,6,-34,58,155,0,0,0,0,0,0,0,0,0,0,0,0,0,0,0,0,0,0,0,0,0,0,66487
1,1,1,1,882,-2125,482,15,-6,6,-34,57,154,0,0,0,0,0,0,0,0,0,0,0,0,0,0,0,0,0,0,0,0,0,0,66497
1,1,1,1,881,-2132,485,-1,-4,6,-35,58,150,0,0,0,0,0,0,0,0,0,0,0,0,0,0,0,0,0,0,0,0,0,0,66507
1,1,1,1,875,-2130,492,-12,-2,7,-35,58,150,0,0,0,0,0,0,0,0,0,0,0,0,0,0,0,0,0,0,0,0,0,0,66517
1,1,1,1,875,-2119,489,-10,-4,5,-35,58,150,0,0,0,0,0,0,0,0,0,0,0,0,0,0,0,0,0,0,0,0,0,0,66527
1,1,1,1,879,-2124,482,-13,1,4,-34,58,151,0,0,0,0,0,0,0,0,0,0,0,0,0,0,0,0,0,0,0,0,0,0,66537
1,1,1,1,875,-2121,477,-8,3,3,-35,57,150,0,0,0,0,0,0,0,0,0,0,0,0,0,0,0,0,0,0,0,0,0,0,66547
1,1,1,1,869,-2118,480,-1,5,4,-34,57,152,0,0,0,0,0,0,0,0,0,0,0,0,0,0,0,0,0,0,0,0,0,0,66557
1,1,1,1,867,-2127,478,-1,3,6,-33,58,150,0,0,0,0,0,0,0,0,0,0,0,0,0,0,0,0,0,0,0,0,0,0,66567
1,1,1,1,874,-2122,475,-4,6,6,-33,56,149,0,0,0,0,0,0,0,0,0,0,0,0,0,0,0,0,0,0,0,0,0,0,66577
1,1,1,1,875,-2111,469,4,12,6,-31,56,149,0,0,0,0,0,0,0,0,0,0,0,0,0,0,0,0,0,0,0,0,0,0,66587
1,1,1,1,881,-2108,463,3,2,3,-33,58,148,0,0,0,0,0,0,0,0,0,0,0,0,0,0,0,0,0,0,0,0,0,0,66597
1,1,1,1,884,-2112,470,7,4,2,-33,56,150,0,0,0,0,0,0,0,0,0,0,0,0,0,0,0,0,0,0,0,0,0,0,66607
1,1,1,1,882,-2112,457,6,-1,-2,-35,56,151,0,0,0,0,0,0,0,0,0,0,0,0,0,0,0,0,0,0,0,0,0,0,66617
1,1,1,1,886,-2111,467,10,-7,-4,-34,57,153,0,0,0,0,0,0,0,0,0,0,0,0,0,0,0,0,0,0,0,0,0,0,66627
1,1,1,1,884,-2119,467,3,-16,-9,-32,58,151,0,0,0,0,0,0,0,0,0,0,0,0,0,0,0,0,0,0,0,0,0,0,66637
1,1,1,1,881,-2120,470,5,-11,-9,-32,58,151,0,0,0,0,0,0,0,0,0,0,0,0,0,0,0,0,0,0,0,0,0,0,66647
1,1,1,1,882,-2123,479,13,-3,-5,-32,58,149,0,0,0,0,0,0,0,0,0,0,0,0,0,0,0,0,0,0,0,0,0,0,66657
1,1,1,1,881,-2133,479,11,-10,-1,-32,58,148,0,0,0,0,0,0,0,0,0,0,0,0,0,0,0,0,0,0,0,0,0,0,66667
1,1,1,1,885,-2133,483,9,-2,0,-34,55,150,0,0,0,0,0,0,0,0,0,0,0,0,0,0,0,0,0,0,0,0,0,0,66677
1,1,1,1,890,-2129,487,5,0,2,-33,55,150,0,0,0,0,0,0,0,0,0,0,0,0,0,0,0,0,0,0,0,0,0,0,66687
1,1,1,1,893,-2131,489,-2,3,8,-32,54,147,0,0,0,0,0,0,0,0,0,0,0,0,0,0,0,0,0,0,0,0,0,0,66697
1,1,1,1,889,-2128,479,-8,8,11,-32,56,148,0,0,0,0,0,0,0,0,0,0,0,0,0,0,0,0,0,0,0,0,0,0,66707
1,1,1,1,888,-2118,471,-3,3,10,-36,58,153,0,0,0,0,0,0,0,0,0,0,0,0,0,0,0,0,0,0,0,0,0,0,66717
1,1,1,1,886,-2125,466,5,4,11,-36,56,152,0,0,0,0,0,0,0,0,0,0,0,0,0,0,0,0,0,0,0,0,0,0,66727
1,1,1,1,890,-2132,477,2,0,10,-37,58,151,0,0,0,0,0,0,0,0,0,0,0,0,0,0,0,0,0,0,0,0,0,0,66737
1,1,1,1,887,-2126,472,5,7,12,-34,57,149,0,0,0,0,0,0,0,0,0,0,0,0,0,0,0,0,0,0,0,0,0,0,66747
1,1,1,1,889,-2129,474,1,0,15,-34,56,149,0,0,0,0,0,0,0,0,0,0,0,0,0,0,0,0,0,0,0,0,0,0,66757
1,1,1,1,887,-2123,479,-5,-7,15,-34,58,149,0,0,0,0,0,0,0,0,0,0,0,0,0,0,0,0,0,0,0,0,0,0,66767
1,1,1,1,889,-2119,476,-1,-4,18,-32,57,152,0,0,0,0,0,0,0,0,0,0,0,0,0,0,0,0,0,0,0,0,0,0,66777
1,1,1,1,889,-2109,477,12,-1,19,-32,56,154,0,0,0,0,0,0,0,0,0,0,0,0,0,0,0,0,0,0,0,0,0,0,66787
1,1,1,1,889,-2117,480,18,3,16,-34,57,149,0,0,0,0,0,0,0,0,0,0,0,0,0,0,0,0,0,0,0,0,0,0,66797
1,1,1,1,884,-2115,481,18,-2,16,-34,57,151,0,0,0,0,0,0,0,0,0,0,0,0,0,0,0,0,0,0,0,0,0,0,66807
1,1,1,1,878,-2119,478,16,-5,14,-34,56,151,0,0,0,0,0,0,0,0,0,0,0,0,0,0,0,0,0,0,0,0,0,0,66817
1,1,1,1,876,-2124,474,19,2,11,-36,56,150,0,0,0,0,0,0,0,0,0,0,0,0,0,0,0,0,0,0,0,0,0,0,66827
1,1,1,1,875,-2122,473,15,3,13,-35,56,148,0,0,0,0,0,0,0,0,0,0,0,0,0,0,0,0,0,0,0,0,0,0,66837
1,1,1,1,872,-2126,468,16,4,11,-35,57,151,0,0,0,0,0,0,0,0,0,0,0,0,0,0,0,0,0,0,0,0,0,0,66847
1,1,1,1,871,-2128,468,11,-1,11,-34,58,151,0,0,0,0,0,0,0,0,0,0,0,0,0,0,0,0,0,0,0,0,0,0,66857
1,1,1,1,879,-2127,479,9,-1,12,-35,58,151,0,0,0,0,0,0,0,0,0,0,0,0,0,0,0,0,0,0,0,0,0,0,66867
1,1,1,1,884,-2125,483,0,7,14,-35,56,149,0,0,0,0,0,0,0,0,0,0,0,0,0,0,0,0,0,0,0,0,0,0,66877
1,1,1,1,883,-2125,491,-13,4,18,-35,57,149,0,0,0,0,0,0,0,0,0,0,0,0,0,0,0,0,0,0,0,0,0,0,66887
1,1,1,1,882,-2121,484,-16,8,19,-35,57,149,0,0,0,0,0,0,0,0,0,0,0,0,0,0,0,0,0,0,0,0,0,0,66897
1,1,1,1,889,-2117,481,-12,16,18,-35,57,150,0,0,0,0,0,0,0,0,0,0,0,0,0,0,0,0,0,0,0,0,0,0,66907
1,1,1,1,879,-2123,486,-9,22,18,-33,57,151,0,0,0,0,0,0,0,0,0,0,0,0,0,0,0,0,0,0,0,0,0,0,66917
1,1,1,1,882,-2130,493,-10,11,11,-34,56,151,0,0,0,0,0,0,0,0,0,0,0,0,0,0,0,0,0,0,0,0,0,0,66927
1,1,1,1,878,-2114,469,-2,18,13,-33,56,150,0,0,0,0,0,0,0,0,0,0,0,0,0,0,0,0,0,0,0,0,0,0,66937
1,1,1,1,876,-2125,466,-1,13,13,-31,56,150,0,0,0,0,0,0,0,0,0,0,0,0,0,0,0,0,0,0,0,0,0,0,66947
1,1,1,1,877,-2123,470,-9,2,12,-34,55,149,0,0,0,0,0,0,0,0,0,0,0,0,0,0,0,0,0,0,0,0,0,0,66957
1,1,1,1,876,-2120,462,-7,2,9,-32,55,151,0,0,0,0,0,0,0,0,0,0,0,0,0,0,0,0,0,0,0,0,0,0,66967
1,1,1,1,881,-2118,468,1,-2,5,-34,57,151,0,0,0,0,0,0,0,0,0,0,0,0,0,0,0,0,0,0,0,0,0,0,66977
1,1,1,1,884,-2126,470,7,-3,4,-35,58,152,0,0,0,0,0,0,0,0,0,0,0,0,0,0,0,0,0,0,0,0,0,0,66987
1,1,1,1,884,-2125,479,0,-7,2,-33,56,149,0,0,0,0,0,0,0,0,0,0,0,0,0,0,0,0,0,0,0,0,0,0,66997
1,1,1,1,877,-2127,478,-1,-3,5,-35,57,150,0,0,0,0,0,0,0,0,0,0,0,0,0,0,0,0,0,0,0,0,0,0,67007
1,1,1,1,874,-2125,474,2,-1,2,-34,55,150,0,0,0,0,0,0,0,0,0,0,0,0,0,0,0,0,0,0,0,0,0,0,67017
1,1,1,1,880,-2127,483,4,5,4,-35,56,151,0,0,0,0,0,0,0,0,0,0,0,0,0,0,0,0,0,0,0,0,0,0,67027
1,1,1,1,873,-2132,488,-5,-1,2,-36,55,149,0,0,0,0,0,0,0,0,0,0,0,0,0,0,0,0,0,0,0,0,0,0,67037
1,1,1,1,872,-2129,480,-2,17,12,-36,60,151,0,0,0,0,0,0,0,0,0,0,0,0,0,0,0,0,0,0,0,0,0,0,67047
1,1,1,1,873,-2128,486,-11,12,12,-34,57,150,0,0,0,0,0,0,0,0,0,0,0,0,0,0,0,0,0,0,0,0,0,0,67057
1,1,1,1,876,-2128,478,-21,16,14,-33,57,147,0,0,0,0,0,0,0,0,0,0,0,0,0,0,0,0,0,0,0,0,0,0,67067
1,1,1,1,876,-2119,468,-15,18,17,-33,56,147,0,0,0,0,0,0,0,0,0,0,0,0,0,0,0,0,0,0,0,0,0,0,67077
1,1,1,1,875,-2127,470,-20,8,15,-32,55,150,0,0,0,0,0,0,0,0,0,0,0,0,0,0,0,0,0,0,0,0,0,0,67087
1,1,1,1,873,-2109,465,-16,6,12,-34,56,152,0,0,0,0,0,0,0,0,0,0,0,0,0,0,0,0,0,0,0,0,0,0,67097
1,1,1,1,876,-2117,465,-3,6,8,-35,55,152,0,0,0,0,0,0,0,0,0,0,0,0,0,0,0,0,0,0,0,0,0,0,67107
1,1,1,1,871,-2119,463,0,5,6,-35,56,152,0,0,0,0,0,0,0,0,0,0,0,0,0,0,0,0,0,0,0,0,0,0,67117
1,1,1,1,877,-2122,469,6,4,2,-35,56,152,0,0,0,0,0,0,0,0,0,0,0,0,0,0,0,0,0,0,0,0,0,0,67127
1,1,1,1,879,-2126,463,13,8,0,-35,57,152,0,0,0,0,0,0,0,0,0,0,0,0,0,0,0,0,0,0,0,0,0,0,67137
1,1,1,1,884,-2128,459,13,6,-2,-35,56,151,0,0,0,0,0,0,0,0,0,0,0,0,0,0,0,0,0,0,0,0,0,0,67147
1,1,1,1,885,-2129,458,13,0,-2,-34,55,151,0,0,0,0,0,0,0,0,0,0,0,0,0,0,0,0,0,0,0,0,0,0,67157
1,1,1,1,888,-2123,462,20,7,5,-35,58,152,0,0,0,0,0,0,0,0,0,0,0,0,0,0,0,0,0,0,0,0,0,0,67167
1,1,1,1,887,-2128,468,15,3,9,-32,56,148,0,0,0,0,0,0,0,0,0,0,0,0,0,0,0,0,0,0,0,0,0,0,67177
1,1,1,1,882,-2121,469,17,-1,11,-35,57,151,0,0,0,0,0,0,0,0,0,0,0,0,0,0,0,0,0,0,0,0,0,0,67187
1,1,1,1,874,-2137,478,13,-8,12,-35,56,150,0,0,0,0,0,0,0,0,0,0,0,0,0,0,0,0,0,0,0,0,0,0,67197
1,1,1,1,872,-2139,482,4,-2,11,-34,55,149,0,0,0,0,0,0,0,0,0,0,0,0,0,0,0,0,0,0,0,0,0,0,67207
1,1,1,1,877,-2125,478,4,6,13,-35,58,152,0,0,0,0,0,0,0,0,0,0,0,0,0,0,0,0,0,0,0,0,0,0,67217
1,1,1,1,874,-2122,477,6,9,11,-35,56,153,0,0,0,0,0,0,0,0,0,0,0,0,0,0,0,0,0,0,0,0,0,0,67227
1,1,1,1,878,-2119,479,10,8,9,-36,57,155,0,0,0,0,0,0,0,0,0,0,0,0,0,0,0,0,0,0,0,0,0,0,67237
1,1,1,1,878,-2112,473,13,2,6,-35,58,151,0,0,0,0,0,0,0,0,0,0,0,0,0,0,0,0,0,0,0,0,0,0,67247
1,1,1,1,882,-2114,475,18,-2,4,-34,58,151,0,0,0,0,0,0,0,0,0,0,0,0,0,0,0,0,0,0,0,0,0,0,67257
1,1,1,1,882,-2125,474,15,0,5,-34,58,149,0,0,0,0,0,0,0,0,0,0,0,0,0,0,0,0,0,0,0,0,0,0,67267
1,1,1,1,882,-2122,476,11,-2,6,-33,56,152,0,0,0,0,0,0,0,0,0,0,0,0,0,0,0,0,0,0,0,0,0,0,67277
1,1,1,1,875,-2128,465,13,-3,7,-35,56,151,0,0,0,0,0,0,0,0,0,0,0,0,0,0,0,0,0,0,0,0,0,0,67287
1,1,1,1,879,-2124,473,17,-4,8,-35,58,149,0,0,0,0,0,0,0,0,0,0,0,0,0,0,0,0,0,0,0,0,0,0,67297
1,1,1,1,881,-2126,475,11,-5,10,-36,56,151,0,0,0,0,0,0,0,0,0,0,0,0,0,0,0,0,0,0,0,0,0,0,67307
1,1,1,1,880,-2134,479,9,2,11,-36,60,152,0,0,0,0,0,0,0,0,0,0,0,0,0,0,0,0,0,0,0,0,0,0,67317
1,1,1,1,878,-2126,489,4,5,14,-36,59,152,0,0,0,0,0,0,0,0,0,0,0,0,0,0,0,0,0,0,0,0,0,0,67327
1,1,1,1,881,-2126,497,-6,8,18,-38,58,154,0,0,0,0,0,0,0,0,0,0,0,0,0,0,0,0,0,0,0,0,0,0,67337
1,1,1,1,878,-2122,498,-4,8,16,-36,56,149,0,0,0,0,0,0,0,0,0,0,0,0,0,0,0,0,0,0,0,0,0,0,67347
1,1,1,1,868,-2121,484,2,17,15,-37,58,152,0,0,0,0,0,0,0,0,0,0,0,0,0,0,0,0,0,0,0,0,0,0,67357
1,1,1,1,865,-2126,479,-5,9,13,-34,56,152,0,0,0,0,0,0,0,0,0,0,0,0,0,0,0,0,0,0,0,0,0,0,67367
1,1,1,1,867,-2119,467,-6,7,12,-33,56,150,0,0,0,0,0,0,0,0,0,0,0,0,0,0,0,0,0,0,0,0,0,0,67377
1,1,1,1,879,-2097,464,9,-4,17,-31,57,153,0,0,0,0,0,0,0,0,0,0,0,0,0,0,0,0,0,0,0,0,0,0,67387
1,1,1,1,890,-2100,466,16,-1,21,-34,55,153,0,0,0,0,0,0,0,0,0,0,0,0,0,0,0,0,0,0,0,0,0,0,67397
1,1,1,1,887,-2114,467,16,-1,22,-32,55,150,0,0,0,0,0,0,0,0,0,0,0,0,0,0,0,0,0,0,0,0,0,0,67407
1,1,1,1,885,-2113,478,19,-7,20,-32,55,151,0,0,0,0,0,0,0,0,0,0,0,0,0,0,0,0,0,0,0,0,0,0,67417
1,1,1,1,871,-2133,474,15,-5,16,-33,55,155,0,0,0,0,0,0,0,0,0,0,0,0,0,0,0,0,0,0,0,0,0,0,67427
1,1,1,1,863,-2127,481,12,-4,16,-33,57,153,0,0,0,0,0,0,0,0,0,0,0,0,0,0,0,0,0,0,0,0,0,0,67437
1,1,1,1,858,-2127,475,12,7,15,-33,56,153,0,0,0,0,0,0,0,0,0,0,0,0,0,0,0,0,0,0,0,0,0,0,67447
1,1,1,1,859,-2121,485,4,3,10,-32,56,152,0,0,0,0,0,0,0,0,0,0,0,0,0,0,0,0,0,0,0,0,0,0,67457
1,1,1,1,862,-2128,475,-5,9,7,-32,56,151,0,0,0,0,0,0,0,0,0,0,0,0,0,0,0,0,0,0,0,0,0,0,67467
1,1,1,1,868,-2109,471,-2,-1,3,-34,57,151,0,0,0,0,0,0,0,0,0,0,0,0,0,0,0,0,0,0,0,0,0,0,67477
1,1,1,1,868,-2115,471,6,-1,-1,-33,57,152,0,0,0,0,0,0,0,0,0,0,0,0,0,0,0,0,0,0,0,0,0,0,67487
1,1,1,1,867,-2130,466,9,-2,-2,-34,57,151,0,0,0,0,0,0,0,0,0,0,0,0,0,0,0,0,0,0,0,0,0,0,67497
1,1,1,1,867,-2131,462,12,-11,-3,-34,57,148,0,0,0,0,0,0,0,0,0,0,0,0,0,0,0,0,0,0,0,0,0,0,67507
1,1,1,1,867,-2132,471,16,-9,-3,-35,56,152,0,0,0,0,0,0,0,0,0,0,0,0,0,0,0,0,0,0,0,0,0,0,67517
1,1,1,1,874,-2133,480,20,-7,-3,-35,57,152,0,0,0,0,0,0,0,0,0,0,0,0,0,0,0,0,0,0,0,0,0,0,67527
1,1,1,1,878,-2140,483,21,-12,-2,-34,58,151,0,0,0,0,0,0,0,0,0,0,0,0,0,0,0,0,0,0,0,0,0,0,67537
1,1,1,1,877,-2130,484,26,-4,-1,-32,56,152,0,0,0,0,0,0,0,0,0,0,0,0,0,0,0,0,0,0,0,0,0,0,67547
1,1,1,1,881,-2133,484,26,1,-1,-34,58,153,0,0,0,0,0,0,0,0,0,0,0,0,0,0,0,0,0,0,0,0,0,0,67557
1,1,1,1,884,-2137,489,19,-1,-1,-34,56,151,0,0,0,0,0,0,0,0,0,0,0,0,0,0,0,0,0,0,0,0,0,0,67567
1,1,1,1,883,-2131,490,14,0,3,-34,57,152,0,0,0,0,0,0,0,0,0,0,0,0,0,0,0,0,0,0,0,0,0,0,67577
1,1,1,1,870,-2134,479,14,6,6,-33,56,153,0,0,0,0,0,0,0,0,0,0,0,0,0,0,0,0,0,0,0,0,0,0,67587
1,1,1,1,865,-2137,482,10,-5,5,-36,58,151,0,0,0,0,0,0,0,0,0,0,0,0,0,0,0,0,0,0,0,0,0,0,67597
1,1,1,1,864,-2136,478,8,-2,8,-34,58,151,0,0,0,0,0,0,0,0,0,0,0,0,0,0,0,0,0,0,0,0,0,0,67607
1,1,1,1,874,-2126,483,4,1,8,-35,57,154,0,0,0,0,0,0,0,0,0,0,0,0,0,0,0,0,0,0,0,0,0,0,67617
1,1,1,1,877,-2130,488,7,4,7,-34,54,151,0,0,0,0,0,0,0,0,0,0,0,0,0,0,0,0,0,0,0,0,0,0,67627
1,1,1,1,870,-2119,487,4,5,5,-38,59,151,0,0,0,0,0,0,0,0,0,0,0,0,0,0,0,0,0,0,0,0,0,0,67637
1,1,1,1,878,-2112,487,9,5,4,-35,55,151,0,0,0,0,0,0,0,0,0,0,0,0,0,0,0,0,0,0,0,0,0,0,67647
1,1,1,1,881,-2112,486,10,-1,5,-38,58,154,0,0,0,0,0,0,0,0,0,0,0,0,0,0,0,0,0,0,0,0,0,0,67657
1,1,1,1,878,-2109,484,16,3,4,-36,58,150,0,0,0,0,0,0,0,0,0,0,0,0,0,0,0,0,0,0,0,0,0,0,67667
1,1,1,1,876,-2114,475,24,-2,2,-34,56,153,0,0,0,0,0,0,0,0,0,0,0,0,0,0,0,0,0,0,0,0,0,0,67677
1,1,1,1,874,-2120,473,17,-7,1,-34,58,153,0,0,0,0,0,0,0,0,0,0,0,0,0,0,0,0,0,0,0,0,0,0,67687
1,1,1,1,865,-2127,474,15,3,2,-33,57,152,0,0,0,0,0,0,0,0,0,0,0,0,0,0,0,0,0,0,0,0,0,0,67697
1,1,1,1,866,-2126,472,12,4,0,-33,55,151,0,0,0,0,0,0,0,0,0,0,0,0,0,0,0,0,0,0,0,0,0,0,67707
1,1,1,1,868,-2126,481,12,6,1,-35,58,153,0,0,0,0,0,0,0,0,0,0,0,0,0,0,0,0,0,0,0,0,0,0,67717
1,1,1,1,874,-2120,485,11,8,2,-37,56,153,0,0,0,0,0,0,0,0,0,0,0,0,0,0,0,0,0,0,0,0,0,0,67727
1,1,1,1,877,-2117,484,5,5,5,-38,58,155,0,0,0,0,0,0,0,0,0,0,0,0,0,0,0,0,0,0,0,0,0,0,67737
1,1,1,1,880,-2111,486,14,6,4,-36,56,153,0,0,0,0,0,0,0,0,0,0,0,0,0,0,0,0,0,0,0,0,0,0,67747
1,1,1,1,879,-2113,484,12,4,7,-36,57,154,0,0,0,0,0,0,0,0,0,0,0,0,0,0,0,0,0,0,0,0,0,0,67757
1,1,1,1,878,-2116,475,18,0,3,-35,57,151,0,0,0,0,0,0,0,0,0,0,0,0,0,0,0,0,0,0,0,0,0,0,67767
1,1,1,1,873,-2115,473,24,-4,-5,-36,57,155,0,0,0,0,0,0,0,0,0,0,0,0,0,0,0,0,0,0,0,0,0,0,67777
1,1,1,1,872,-2111,476,34,-4,-7,-36,58,155,0,0,0,0,0,0,0,0,0,0,0,0,0,0,0,0,0,0,0,0,0,0,67787
1,1,1,1,876,-2119,484,28,-11,-8,-36,57,153,0,0,0,0,0,0,0,0,0,0,0,0,0,0,0,0,0,0,0,0,0,0,67797
1,1,1,1,874,-2124,498,16,-5,-7,-35,58,153,0,0,0,0,0,0,0,0,0,0,0,0,0,0,0,0,0,0,0,0,0,0,67807
1,1,1,1,875,-2125,492,11,-6,-9,-36,56,152,0,0,0,0,0,0,0,0,0,0,0,0,0,0,0,0,0,0,0,0,0,0,67817
1,1,1,1,875,-2131,496,-2,3,-4,-36,58,153,0,0,0,0,0,0,0,0,0,0,0,0,0,0,0,0,0,0,0,0,0,0,67827
1,1,1,1,874,-2134,493,-6,12,0,-35,57,153,0,0,0,0,0,0,0,0,0,0,0,0,0,0,0,0,0,0,0,0,0,0,67837
1,1,1,1,872,-2134,487,-5,15,-1,-35,58,153,0,0,0,0,0,0,0,0,0,0,0,0,0,0,0,0,0,0,0,0,0,0,67847
1,1,1,1,872,-2133,485,-9,15,-1,-37,57,153,0,0,0,0,0,0,0,0,0,0,0,0,0,0,0,0,0,0,0,0,0,0,67857
1,1,1,1,878,-2119,478,-5,7,3,-37,58,153,0,0,0,0,0,0,0,0,0,0,0,0,0,0,0,0,0,0,0,0,0,0,67867
1,1,1,1,879,-2113,473,2,5,1,-35,57,151,0,0,0,0,0,0,0,0,0,0,0,0,0,0,0,0,0,0,0,0,0,0,67877
1,1,1,1,879,-2105,467,13,-3,-1,-36,58,153,0,0,0,0,0,0,0,0,0,0,0,0,0,0,0,0,0,0,0,0,0,0,67887
1,1,1,1,887,-2104,467,17,-5,-3,-37,59,152,0,0,0,0,0,0,0,0,0,0,0,0,0,0,0,0,0,0,0,0,0,0,67897
1,1,1,1,887,-2100,475,13,-10,0,-38,60,153,0,0,0,0,0,0,0,0,0,0,0,0,0,0,0,0,0,0,0,0,0,0,67907
1,1,1,1,891,-2099,491,9,-11,3,-39,58,151,0,0,0,0,0,0,0,0,0,0,0,0,0,0,0,0,0,0,0,0,0,0,67917
1,1,1,1,885,-2109,489,7,-5,2,-38,58,156,0,0,0,0,0,0,0,0,0,0,0,0,0,0,0,0,0,0,0,0,0,0,67927
1,1,1,1,882,-2117,486,0,-7,2,-37,58,154,0,0,0,0,0,0,0,0,0,0,0,0,0,0,0,0,0,0,0,0,0,0,67937
1,1,1,1,883,-2132,492,6,6,-3,-37,58,154,0,0,0,0,0,0,0,0,0,0,0,0,0,0,0,0,0,0,0,0,0,0,67947
1,1,1,1,876,-2118,491,8,13,-2,-40,60,152,0,0,0,0,0,0,0,0,0,0,0,0,0,0,0,0,0,0,0,0,0,0,67957
1,1,1,1,872,-2131,483,9,14,-8,-37,58,150,0,0,0,0,0,0,0,0,0,0,0,0,0,0,0,0,0,0,0,0,0,0,67967
1,1,1,1,869,-2128,469,6,8,-14,-37,57,152,0,0,0,0,0,0,0,0,0,0,0,0,0,0,0,0,0,0,0,0,0,0,67977
1,1,1,1,877,-2105,472,15,5,-14,-36,57,152,0,0,0,0,0,0,0,0,0,0,0,0,0,0,0,0,0,0,0,0,0,0,67987
1,1,1,1,886,-2098,475,17,2,-6,-35,57,151,0,0,0,0,0,0,0,0,0,0,0,0,0,0,0,0,0,0,0,0,0,0,67997
1,1,1,1,873,-2113,480,6,-3,-3,-36,57,151,0,0,0,0,0,0,0,0,0,0,0,0,0,0,0,0,0,0,0,0,0,0,68007
1,1,1,1,871,-2109,477,9,-2,-1,-38,58,153,0,0,0,0,0,0,0,0,0,0,0,0,0,0,0,0,0,0,0,0,0,0,68017
1,1,1,1,872,-2123,473,14,-9,-5,-40,57,155,0,0,0,0,0,0,0,0,0,0,0,0,0,0,0,0,0,0,0,0,0,0,68027
1,1,1,1,864,-2136,473,16,-11,-8,-37,58,153,0,0,0,0,0,0,0,0,0,0,0,0,0,0,0,0,0,0,0,0,0,0,68037
1,1,1,1,869,-2125,467,26,-5,-7,-38,57,155,0,0,0,0,0,0,0,0,0,0,0,0,0,0,0,0,0,0,0,0,0,0,68047
1,1,1,1,881,-2119,468,38,-12,-5,-37,57,154,0,0,0,0,0,0,0,0,0,0,0,0,0,0,0,0,0,0,0,0,0,0,68057
1,1,1,1,887,-2120,469,49,-11,-3,-35,58,153,0,0,0,0,0,0,0,0,0,0,0,0,0,0,0,0,0,0,0,0,0,0,68067
1,1,1,1,890,-2106,471,67,-2,-2,-34,58,154,0,0,0,0,0,0,0,0,0,0,0,0,0,0,0,0,0,0,0,0,0,0,68077
1,1,1,1,902,-2103,488,76,-8,-4,-35,57,151,0,0,0,0,0,0,0,0,0,0,0,0,0,0,0,0,0,0,0,0,0,0,68087
1,1,1,1,898,-2109,490,67,-3,-5,-35,57,150,0,0,0,0,0,0,0,0,0,0,0,0,0,0,0,0,0,0,0,0,0,0,68097
1,1,1,1,896,-2107,499,50,7,-1,-34,59,150,0,0,0,0,0,0,0,0,0,0,0,0,0,0,0,0,0,0,0,0,0,0,68107
1,1,1,1,890,-2107,496,36,10,1,-35,57,149,0,0,0,0,0,0,0,0,0,0,0,0,0,0,0,0,0,0,0,0,0,0,68117
1,1,1,1,891,-2098,493,27,19,3,-36,58,148,0,0,0,0,0,0,0,0,0,0,0,0,0,0,0,0,0,0,0,0,0,0,68127
1,1,1,1,894,-2079,502,32,24,7,-35,58,147,0,0,0,0,0,0,0,0,0,0,0,0,0,0,0,0,0,0,0,0,0,0,68137
1,1,1,1,890,-2073,488,46,32,4,-33,58,147,0,0,0,0,0,0,0,0,0,0,0,0,0,0,0,0,0,0,0,0,0,0,68147
1,1,1,1,882,-2069,462,72,39,-9,-32,57,146,0,0,0,0,0,0,0,0,0,0,0,0,0,0,0,0,0,0,0,0,0,0,68157
1,1,1,1,878,-2069,435,104,41,-25,-31,59,148,0,0,0,0,0,0,0,0,0,0,0,0,0,0,0,0,0,0,0,0,0,0,68167
1,1,1,1,876,-2048,413,167,42,-56,-32,60,145,0,0,0,0,0,0,0,0,0,0,0,0,0,0,0,0,0,0,0,0,0,0,68177
1,1,1,1,875,-2059,418,238,38,-99,-29,58,143,0,0,0,0,0,0,0,0,0,0,0,0,0,0,0,0,0,0,0,0,0,0,68187
1,1,1,1,894,-2077,442,247,44,-134,-30,58,139,0,0,0,0,0,0,0,0,0,0,0,0,0,0,0,0,0,0,0,0,0,0,68197
1,1,1,1,915,-2092,503,156,40,-143,-32,61,136,0,0,0,0,0,0,0,0,0,0,0,0,0,0,0,0,0,0,0,0,0,0,68207
1,1,1,1,902,-2141,523,-28,47,-135,-34,60,134,0,0,0,0,0,0,0,0,0,0,0,0,0,0,0,0,0,0,0,0,0,0,68217
1,1,1,1,866,-2248,449,-388,87,-118,-38,58,127,0,0,0,0,0,0,0,0,0,0,0,0,0,0,0,0,0,0,0,0,0,0,68227
1,1,1,1,887,-2254,427,-862,141,-87,-30,59,121,0,0,0,0,0,0,0,0,0,0,0,0,0,0,0,0,0,0,0,0,0,0,68237
1,1,1,1,1042,-1881,772,-653,30,-143,-33,57,115,0,0,0,0,0,0,0,0,0,0,0,0,0,0,0,0,0,0,0,0,0,0,68247
1,1,1,1,777,-2033,334,-673,117,-110,-32,59,115,0,0,0,0,0,0,0,0,0,0,0,0,0,0,0,0,0,0,0,0,0,0,68257
1,1,1,1,907,-2168,469,-839,159,-132,-29,59,112,0,0,0,0,0,0,0,0,0,0,0,0,0,0,0,0,0,0,0,0,0,0,68267
1,1,1,1,938,-2050,526,-813,132,-177,-28,56,103,0,0,0,0,0,0,0,0,0,0,0,0,0,0,0,0,0,0,0,0,0,0,68277
1,1,1,1,888,-2105,454,-893,141,-191,-24,55,98,0,0,0,0,0,0,0,0,0,0,0,0,0,0,0,0,0,0,0,0,0,0,68287
1,1,1,1,892,-2199,401,-1087,179,-209,-26,56,94,0,0,0,0,0,0,0,0,0,0,0,0,0,0,0,0,0,0,0,0,0,0,68297
1,1,1,1,899,-2205,396,-1316,198,-209,-23,54,89,0,0,0,0,0,0,0,0,0,0,0,0,0,0,0,0,0,0,0,0,0,0,68307
1,1,1,1,908,-2175,407,-1445,217,-213,-20,54,83,0,0,0,0,0,0,0,0,0,0,0,0,0,0,0,0,0,0,0,0,0,0,68317
1,1,1,1,920,-2178,376,-1612,226,-203,-22,54,81,0,0,0,0,0,0,0,0,0,0,0,0,0,0,0,0,0,0,0,0,0,0,68327
1,1,1,1,950,-2159,315,-1762,223,-207,-18,51,76,0,0,0,0,0,0,0,0,0,0,0,0,0,0,0,0,0,0,0,0,0,0,68337
1,1,1,1,967,-2101,312,-1777,194,-218,-20,51,72,0,0,0,0,0,0,0,0,0,0,0,0,0,0,0,0,0,0,0,0,0,0,68347
1,1,1,1,936,-2222,299,-2004,163,-205,-17,48,68,0,0,0,0,0,0,0,0,0,0,0,0,0,0,0,0,0,0,0,0,0,0,68357
1,1,1,1,922,-2249,198,-2360,145,-172,-17,49,64,0,0,0,0,0,0,0,0,0,0,0,0,0,0,0,0,0,0,0,0,0,0,68367
1,1,1,1,1019,-2366,193,-2436,125,-156,-17,48,62,0,0,0,0,0,0,0,0,0,0,0,0,0,0,0,0,0,0,0,0,0,0,68377
1,1,1,1,953,-2349,213,-2737,84,-129,-17,47,60,0,0,0,0,0,0,0,0,0,0,0,0,0,0,0,0,0,0,0,0,0,0,68387
1,1,1,1,871,-2320,144,-2776,80,-112,-16,46,55,0,0,0,0,0,0,0,0,0,0,0,0,0,0,0,0,0,0,0,0,0,0,68397
1,1,1,1,816,-2307,29,-2744,88,-95,-16,44,54,0,0,0,0,0,0,0,0,0,0,0,0,0,0,0,0,0,0,0,0,0,0,68407
1,1,1,1,816,-2307,29,-2791,62,-106,-17,43,54,0,0,0,0,0,0,0,0,0,0,0,0,0,0,0,0,0,0,0,0,0,0,68417
1,1,1,1,807,-2414,-174,-2901,20,-102,-22,43,53,0,0,0,0,0,0,0,0,0,0,0,0,0,0,0,0,0,0,0,0,0,0,68427
1,1,1,1,874,-2434,-263,-3247,-27,-109,-23,43,51,0,0,0,0,0,0,0,0,0,0,0,0,0,0,0,0,0,0,0,0,0,0,68437
1,1,1,1,883,-2402,-313,-3588,-73,-109,-19,42,48,0,0,0,0,0,0,0,0,0,0,0,0,0,0,0,0,0,0,0,0,0,0,68447
1,1,1,1,860,-2373,-319,-3768,-121,-126,-21,42,44,0,0,0,0,0,0,0,0,0,0,0,0,0,0,0,0,0,0,0,0,0,0,68457
1,1,1,1,1019,-2397,-407,-3994,-165,-131,-21,42,48,0,0,0,0,0,0,0,0,0,0,0,0,0,0,0,0,0,0,0,0,0,0,68467
1,1,1,1,989,-2403,-424,-4407,-228,-124,-18,41,43,0,0,0,0,0,0,0,0,0,0,0,0,0,0,0,0,0,0,0,0,0,0,68477
1,1,1,1,894,-2309,-406,-4428,-266,-145,-18,39,45,0,0,0,0,0,0,0,0,0,0,0,0,0,0,0,0,0,0,0,0,0,0,68487
1,1,1,1,814,-2265,-423,-4258,-271,-196,-17,40,44,0,0,0,0,0,0,0,0,0,0,0,0,0,0,0,0,0,0,0,0,0,0,68497
1,1,1,1,690,-2225,-518,-3974,-258,-217,-18,40,43,0,0,0,0,0,0,0,0,0,0,0,0,0,0,0,0,0,0,0,0,0,0,68507
1,1,1,1,718,-2178,-660,-3611,-195,-168,-18,40,43,0,0,0,0,0,0,0,0,0,0,0,0,0,0,0,0,0,0,0,0,0,0,68517
1,1,1,1,848,-2248,-754,-3596,-106,-113,-21,40,42,0,0,0,0,0,0,0,0,0,0,0,0,0,0,0,0,0,0,0,0,0,0,68527
1,1,1,1,907,-2320,-762,-3834,-104,-76,-19,42,38,0,0,0,0,0,0,0,0,0,0,0,0,0,0,0,0,0,0,0,0,0,0,68537
1,1,1,1,1011,-2254,-875,-3791,-125,-8,-17,36,37,0,0,0,0,0,0,0,0,0,0,0,0,0,0,0,0,0,0,0,0,0,0,68547
1,1,1,1,1045,-2282,-904,-3883,-69,9,-17,37,37,0,0,0,0,0,0,0,0,0,0,0,0,0,0,0,0,0,0,0,0,0,0,68557
1,1,1,1,1006,-2298,-965,-4282,24,-48,-38,37,38,0,0,0,0,0,0,0,0,0,0,0,0,0,0,0,0,0,0,0,0,0,0,68567
1,1,1,1,880,-2402,-771,-6112,218,-248,-29,38,37,0,0,0,0,0,0,0,0,0,0,0,0,0,0,0,0,0,0,0,0,0,0,68577
1,1,1,1,1169,-2155,-943,-6873,208,-223,-22,38,36,0,0,0,0,0,0,0,0,0,0,0,0,0,0,0,0,0,0,0,0,0,0,68587
1,1,1,1,988,-2052,-1153,-6495,196,-38,-10,38,36,0,0,0,0,0,0,0,0,0,0,0,0,0,0,0,0,0,0,0,0,0,0,68597
1,1,1,1,863,-1878,-1405,-5112,150,118,-6,38,34,0,0,0,0,0,0,0,0,0,0,0,0,0,0,0,0,0,0,0,0,0,0,68607
1,1,1,1,804,-1814,-1658,-4016,123,188,-4,38,34,0,0,0,0,0,0,0,0,0,0,0,0,0,0,0,0,0,0,0,0,0,0,68617
1,1,1,1,885,-1666,-1727,-3122,61,248,-12,37,32,0,0,0,0,0,0,0,0,0,0,0,0,0,0,0,0,0,0,0,0,0,0,68627
1,1,1,1,989,-1653,-1701,-3018,3,275,-14,36,34,0,0,0,0,0,0,0,0,0,0,0,0,0,0,0,0,0,0,0,0,0,0,68637
1,1,1,1,1020,-1710,-1732,-3196,22,266,-13,36,39,0,0,0,0,0,0,0,0,0,0,0,0,0,0,0,0,0,0,0,0,0,0,68647
1,1,1,1,1053,-1810,-1744,-3392,17,305,-17,36,34,0,0,0,0,0,0,0,0,0,0,0,0,0,0,0,0,0,0,0,0,0,0,68657
1,1,1,1,1005,-1998,-1808,-3658,6,380,-11,37,33,0,0,0,0,0,0,0,0,0,0,0,0,0,0,0,0,0,0,0,0,0,0,68667
1,1,1,1,1031,-1946,-1820,-3718,27,401,-15,37,35,0,0,0,0,0,0,0,0,0,0,0,0,0,0,0,0,0,0,0,0,0,0,68677
1,1,1,1,1128,-1754,-1641,-3864,-29,437,-22,36,34,0,0,0,0,0,0,0,0,0,0,0,0,0,0,0,0,0,0,0,0,0,0,68687
1,1,1,1,964,-1804,-1669,-4563,17,450,-26,37,34,0,0,0,0,0,0,0,0,0,0,0,0,0,0,0,0,0,0,0,0,0,0,68697
1,1,1,1,862,-1612,-1732,-5338,26,429,-26,36,32,0,0,0,0,0,0,0,0,0,0,0,0,0,0,0,0,0,0,0,0,0,0,68707
1,1,1,1,883,-1348,-1798,-5850,-18,398,-23,37,34,0,0,0,0,0,0,0,0,0,0,0,0,0,0,0,0,0,0,0,0,0,0,68717
1,1,1,1,962,-1059,-1904,-5905,-79,350,-22,36,34,0,0,0,0,0,0,0,0,0,0,0,0,0,0,0,0,0,0,0,0,0,0,68727
1,1,1,1,1028,-903,-2074,-5666,-105,261,-16,36,38,0,0,0,0,0,0,0,0,0,0,0,0,0,0,0,0,0,0,0,0,0,0,68737
1,1,1,1,1102,-702,-2217,-5064,-171,226,-13,35,36,0,0,0,0,0,0,0,0,0,0,0,0,0,0,0,0,0,0,0,0,0,0,68747
1,1,1,1,1079,-593,-2315,-4288,-202,208,-11,36,33,0,0,0,0,0,0,0,0,0,0,0,0,0,0,0,0,0,0,0,0,0,0,68757
1,1,1,1,1010,-575,-2374,-3795,-180,209,-11,36,34,0,0,0,0,0,0,0,0,0,0,0,0,0,0,0,0,0,0,0,0,0,0,68767
1,1,1,1,970,-635,-2334,-3349,-111,263,-13,36,29,0,0,0,0,0,0,0,0,0,0,0,0,0,0,0,0,0,0,0,0,0,0,68777
1,1,1,1,944,-728,-2277,-3328,-55,327,-14,35,32,0,0,0,0,0,0,0,0,0,0,0,0,0,0,0,0,0,0,0,0,0,0,68787
1,1,1,1,914,-703,-2279,-3522,-41,389,-15,35,34,0,0,0,0,0,0,0,0,0,0,0,0,0,0,0,0,0,0,0,0,0,0,68797
1,1,1,1,846,-605,-2282,-3700,-37,424,-17,36,35,0,0,0,0,0,0,0,0,0,0,0,0,0,0,0,0,0,0,0,0,0,0,68807
1,1,1,1,729,-380,-2335,-3763,-166,322,-9,35,30,0,0,0,0,0,0,0,0,0,0,0,0,0,0,0,0,0,0,0,0,0,0,68817
1,1,1,1,884,-14,-2277,-2950,-411,13,-3,33,34,0,0,0,0,0,0,0,0,0,0,0,0,0,0,0,0,0,0,0,0,0,0,68827
1,1,1,1,953,104,-2013,-2185,-512,-226,-9,32,32,0,0,0,0,0,0,0,0,0,0,0,0,0,0,0,0,0,0,0,0,0,0,68837
1,1,1,1,819,91,-1958,-2082,-454,-159,-6,28,32,0,0,0,0,0,0,0,0,0,0,0,0,0,0,0,0,0,0,0,0,0,0,68847
1,1,1,1,719,69,-2236,-1712,-337,-100,-7,31,34,0,0,0,0,0,0,0,0,0,0,0,0,0,0,0,0,0,0,0,0,0,0,68857
1,1,1,1,712,-115,-2396,-1324,-179,-139,-8,28,31,0,0,0,0,0,0,0,0,0,0,0,0,0,0,0,0,0,0,0,0,0,0,68867
1,1,1,1,827,-239,-2276,-1342,-178,-100,-10,31,35,0,0,0,0,0,0,0,0,0,0,0,0,0,0,0,0,0,0,0,0,0,0,68877
1,1,1,1,895,-289,-2222,-1659,-216,-162,-11,32,34,0,0,0,0,0,0,0,0,0,0,0,0,0,0,0,0,0,0,0,0,0,0,68887
1,1,1,1,879,-230,-2205,-2031,-271,-212,-11,31,33,0,0,0,0,0,0,0,0,0,0,0,0,0,0,0,0,0,0,0,0,0,0,68897
1,1,1,1,794,-99,-2206,-2177,-273,-220,-10,27,32,0,0,0,0,0,0,0,0,0,0,0,0,0,0,0,0,0,0,0,0,0,0,68907
1,1,1,1,772,-7,-2226,-2220,-254,-213,-10,28,32,0,0,0,0,0,0,0,0,0,0,0,0,0,0,0,0,0,0,0,0,0,0,68917
1,1,1,1,772,-41,-2251,-2334,-254,-200,-11,27,29,0,0,0,0,0,0,0,0,0,0,0,0,0,0,0,0,0,0,0,0,0,0,68927
1,1,1,1,750,69,-2334,-2276,-146,-157,-7,28,28,0,0,0,0,0,0,0,0,0,0,0,0,0,0,0,0,0,0,0,0,0,0,68937
1,1,1,1,814,177,-2151,-1766,-99,-138,-8,26,28,0,0,0,0,0,0,0,0,0,0,0,0,0,0,0,0,0,0,0,0,0,0,68947
1,1,1,1,811,139,-2076,-1672,-90,-183,-3,26,27,0,0,0,0,0,0,0,0,0,0,0,0,0,0,0,0,0,0,0,0,0,0,68957
1,1,1,1,783,265,-2037,-1360,-88,-182,-1,26,26,0,0,0,0,0,0,0,0,0,0,0,0,0,0,0,0,0,0,0,0,0,0,68967
1,1,1,1,793,250,-1958,-745,-100,-145,-3,26,28,0,0,0,0,0,0,0,0,0,0,0,0,0,0,0,0,0,0,0,0,0,0,68977
1,1,1,1,877,127,-2092,-370,-84,-129,-3,26,25,0,0,0,0,0,0,0,0,0,0,0,0,0,0,0,0,0,0,0,0,0,0,68987
1,1,1,1,888,85,-2222,-421,-100,-147,-3,25,28,0,0,0,0,0,0,0,0,0,0,0,0,0,0,0,0,0,0,0,0,0,0,68997
1,1,1,1,846,158,-2215,-500,-92,-177,-1,25,26,0,0,0,0,0,0,0,0,0,0,0,0,0,0,0,0,0,0,0,0,0,0,69007
1,1,1,1,833,255,-2153,-390,-100,-198,-1,25,27,0,0,0,0,0,0,0,0,0,0,0,0,0,0,0,0,0,0,0,0,0,0,69017
1,1,1,1,776,288,-2109,-240,-120,-191,-2,24,29,0,0,0,0,0,0,0,0,0,0,0,0,0,0,0,0,0,0,0,0,0,0,69027
1,1,1,1,710,319,-2107,-123,-163,-189,-2,24,30,0,0,0,0,0,0,0,0,0,0,0,0,0,0,0,0,0,0,0,0,0,0,69037
1,1,1,1,726,337,-2141,-13,-178,-212,0,25,34,0,0,0,0,0,0,0,0,0,0,0,0,0,0,0,0,0,0,0,0,0,0,69047
1,1,1,1,751,336,-2148,92,-179,-236,-2,24,36,0,0,0,0,0,0,0,0,0,0,0,0,0,0,0,0,0,0,0,0,0,0,69057
1,1,1,1,807,329,-2154,140,-124,-195,-4,26,36,0,0,0,0,0,0,0,0,0,0,0,0,0,0,0,0,0,0,0,0,0,0,69067
1,1,1,1,833,256,-2183,126,-67,-175,-4,27,37,0,0,0,0,0,0,0,0,0,0,0,0,0,0,0,0,0,0,0,0,0,0,69077
1,1,1,1,807,189,-2143,111,-47,-164,-11,28,38,0,0,0,0,0,0,0,0,0,0,0,0,0,0,0,0,0,0,0,0,0,0,69087
1,1,1,1,645,86,-2165,-130,-86,-115,-7,28,44,0,0,0,0,0,0,0,0,0,0,0,0,0,0,0,0,0,0,0,0,0,0,69097
1,1,1,1,811,139,-2224,-310,-87,-117,-5,28,43,0,0,0,0,0,0,0,0,0,0,0,0,0,0,0,0,0,0,0,0,0,0,69107
1,1,1,1,855,401,-2048,139,-45,-123,-7,30,47,0,0,0,0,0,0,0,0,0,0,0,0,0,0,0,0,0,0,0,0,0,0,69117
1,1,1,1,629,326,-2134,244,-24,-124,-9,29,48,0,0,0,0,0,0,0,0,0,0,0,0,0,0,0,0,0,0,0,0,0,0,69127
1,1,1,1,704,268,-2210,387,37,-141,-9,29,49,0,0,0,0,0,0,0,0,0,0,0,0,0,0,0,0,0,0,0,0,0,0,69137
1,1,1,1,700,286,-2120,422,31,-108,-7,27,48,0,0,0,0,0,0,0,0,0,0,0,0,0,0,0,0,0,0,0,0,0,0,69147
1,1,1,1,678,244,-2154,406,32,-107,-12,31,54,0,0,0,0,0,0,0,0,0,0,0,0,0,0,0,0,0,0,0,0,0,0,69157
1,1,1,1,715,207,-2194,324,18,-84,-11,30,56,0,0,0,0,0,0,0,0,0,0,0,0,0,0,0,0,0,0,0,0,0,0,69167
1,1,1,1,732,146,-2222,262,7,-87,-12,30,55,0,0,0,0,0,0,0,0,0,0,0,0,0,0,0,0,0,0,0,0,0,0,69177
1,1,1,1,774,124,-2181,206,-8,-83,-12,30,53,0,0,0,0,0,0,0,0,0,0,0,0,0,0,0,0,0,0,0,0,0,0,69187
1,1,1,1,752,143,-2169,191,-21,-68,-9,28,57,0,0,0,0,0,0,0,0,0,0,0,0,0,0,0,0,0,0,0,0,0,0,69197
1,1,1,1,770,168,-2167,152,-20,-62,-10,27,56,0,0,0,0,0,0,0,0,0,0,0,0,0,0,0,0,0,0,0,0,0,0,69207
1,1,1,1,776,202,-2155,61,-32,-52,-10,29,61,0,0,0,0,0,0,0,0,0,0,0,0,0,0,0,0,0,0,0,0,0,0,69217
1,1,1,1,779,165,-2191,35,-26,-59,-12,28,58,0,0,0,0,0,0,0,0,0,0,0,0,0,0,0,0,0,0,0,0,0,0,69227
1,1,1,1,785,185,-2178,79,-4,-20,-13,29,56,0,0,0,0,0,0,0,0,0,0,0,0,0,0,0,0,0,0,0,0,0,0,69237
1,1,1,1,804,180,-2150,91,1,-10,-14,28,61,0,0,0,0,0,0,0,0,0,0,0,0,0,0,0,0,0,0,0,0,0,0,69247
1,1,1,1,764,234,-2178,44,-6,-2,-15,28,61,0,0,0,0,0,0,0,0,0,0,0,0,0,0,0,0,0,0,0,0,0,0,69257
1,1,1,1,767,236,-2184,49,24,17,-15,30,62,0,0,0,0,0,0,0,0,0,0,0,0,0,0,0,0,0,0,0,0,0,0,69267
1,1,1,1,787,165,-2119,105,26,22,-15,30,64,0,0,0,0,0,0,0,0,0,0,0,0,0,0,0,0,0,0,0,0,0,0,69277
1,1,1,1,812,134,-2153,118,12,1,-15,29,64,0,0,0,0,0,0,0,0,0,0,0,0,0,0,0,0,0,0,0,0,0,0,69287
1,1,1,1,790,105,-2168,233,24,10,-17,29,64,0,0,0,0,0,0,0,0,0,0,0,0,0,0,0,0,0,0,0,0,0,0,69297
1,1,1,1,809,161,-2140,225,36,14,-14,28,66,0,0,0,0,0,0,0,0,0,0,0,0,0,0,0,0,0,0,0,0,0,0,69307
1,1,1,1,717,197,-2178,306,54,6,-17,29,66,0,0,0,0,0,0,0,0,0,0,0,0,0,0,0,0,0,0,0,0,0,0,69317
1,1,1,1,713,228,-2191,319,59,23,-16,28,70,0,0,0,0,0,0,0,0,0,0,0,0,0,0,0,0,0,0,0,0,0,0,69327
1,1,1,1,687,221,-2191,304,44,12,-18,28,73,0,0,0,0,0,0,0,0,0,0,0,0,0,0,0,0,0,0,0,0,0,0,69337
1,1,1,1,686,198,-2215,285,51,1,-19,28,74,0,0,0,0,0,0,0,0,0,0,0,0,0,0,0,0,0,0,0,0,0,0,69347
1,1,1,1,695,217,-2218,209,36,-21,-22,28,79,0,0,0,0,0,0,0,0,0,0,0,0,0,0,0,0,0,0,0,0,0,0,69357
1,1,1,1,738,165,-2233,128,21,-51,-22,28,80,0,0,0,0,0,0,0,0,0,0,0,0,0,0,0,0,0,0,0,0,0,0,69367
1,1,1,1,749,159,-2234,109,20,-56,-24,28,84,0,0,0,0,0,0,0,0,0,0,0,0,0,0,0,0,0,0,0,0,0,0,69377
1,1,1,1,768,124,-2211,123,10,-51,-23,27,85,0,0,0,0,0,0,0,0,0,0,0,0,0,0,0,0,0,0,0,0,0,0,69387
1,1,1,1,798,73,-2221,160,-5,-41,-26,28,87,0,0,0,0,0,0,0,0,0,0,0,0,0,0,0,0,0,0,0,0,0,0,69397
1,1,1,1,786,107,-2220,237,0,-18,-28,28,86,0,0,0,0,0,0,0,0,0,0,0,0,0,0,0,0,0,0,0,0,0,0,69407
1,1,1,1,807,125,-2220,232,-16,-8,-28,28,89,0,0,0,0,0,0,0,0,0,0,0,0,0,0,0,0,0,0,0,0,0,0,69417
1,1,1,1,787,135,-2241,181,-36,5,-33,30,91,0,0,0,0,0,0,0,0,0,0,0,0,0,0,0,0,0,0,0,0,0,0,69427
1,1,1,1,781,151,-2236,112,-52,1,-33,27,95,0,0,0,0,0,0,0,0,0,0,0,0,0,0,0,0,0,0,0,0,0,0,69437
1,1,1,1,766,159,-2256,23,-65,-9,-35,27,94,0,0,0,0,0,0,0,0,0,0,0,0,0,0,0,0,0,0,0,0,0,0,69447
1,1,1,1,737,185,-2252,5,-48,-13,-36,27,101,0,0,0,0,0,0,0,0,0,0,0,0,0,0,0,0,0,0,0,0,0,0,69457
1,1,1,1,756,143,-2213,30,-51,0,-37,27,102,0,0,0,0,0,0,0,0,0,0,0,0,0,0,0,0,0,0,0,0,0,0,69467
1,1,1,1,764,92,-2225,122,-41,3,-38,30,106,0,0,0,0,0,0,0,0,0,0,0,0,0,0,0,0,0,0,0,0,0,0,69477
1,1,1,1,777,80,-2205,154,-61,15,-38,29,109,0,0,0,0,0,0,0,0,0,0,0,0,0,0,0,0,0,0,0,0,0,0,69487
1,1,1,1,788,87,-2247,172,-72,29,-55,30,105,0,0,0,0,0,0,0,0,0,0,0,0,0,0,0,0,0,0,0,0,0,0,69497
1,1,1,1,777,116,-2250,201,-61,46,-29,33,104,0,0,0,0,0,0,0,0,0,0,0,0,0,0,0,0,0,0,0,0,0,0,69507
1,1,1,1,759,105,-2231,188,-62,55,-32,25,107,0,0,0,0,0,0,0,0,0,0,0,0,0,0,0,0,0,0,0,0,0,0,69517
1,1,1,1,741,115,-2261,166,-63,54,-40,26,110,0,0,0,0,0,0,0,0,0,0,0,0,0,0,0,0,0,0,0,0,0,0,69527
1,1,1,1,716,130,-2268,128,-52,54,-40,27,112,0,0,0,0,0,0,0,0,0,0,0,0,0,0,0,0,0,0,0,0,0,0,69537
1,1,1,1,710,113,-2241,66,-50,42,-38,27,114,0,0,0,0,0,0,0,0,0,0,0,0,0,0,0,0,0,0,0,0,0,0,69547
1,1,1,1,734,119,-2242,36,-45,36,-41,27,112,0,0,0,0,0,0,0,0,0,0,0,0,0,0,0,0,0,0,0,0,0,0,69557
1,1,1,1,754,92,-2245,20,-41,21,-40,27,113,0,0,0,0,0,0,0,0,0,0,0,0,0,0,0,0,0,0,0,0,0,0,69567
1,1,1,1,778,92,-2210,21,-32,-3,-39,27,114,0,0,0,0,0,0,0,0,0,0,0,0,0,0,0,0,0,0,0,0,0,0,69587
1,1,1,1,778,87,-2219,19,-33,-12,-40,28,113,0,0,0,0,0,0,0,0,0,0,0,0,0,0,0,0,0,0,0,0,0,0,69597
1,1,1,1,778,74,-2213,0,-38,-16,-39,28,115,0,0,0,0,0,0,0,0,0,0,0,0,0,0,0,0,0,0,0,0,0,0,69607
1,1,1,1,759,86,-2237,-43,-52,-22,-39,27,117,0,0,0,0,0,0,0,0,0,0,0,0,0,0,0,0,0,0,0,0,0,0,69617
1,1,1,1,736,120,-2247,-93,-55,-24,-39,27,116,0,0,0,0,0,0,0,0,0,0,0,0,0,0,0,0,0,0,0,0,0,0,69627
1,1,1,1,728,127,-2232,-127,-59,-28,-41,29,117,0,0,0,0,0,0,0,0,0,0,0,0,0,0,0,0,0,0,0,0,0,0,69637
1,1,1,1,725,123,-2230,-142,-69,-30,-40,28,116,0,0,0,0,0,0,0,0,0,0,0,0,0,0,0,0,0,0,0,0,0,0,69647
1,1,1,1,725,109,-2228,-134,-66,-27,-39,29,117,0,0,0,0,0,0,0,0,0,0,0,0,0,0,0,0,0,0,0,0,0,0,69657
1,1,1,1,730,101,-2215,-111,-62,-22,-39,29,118,0,0,0,0,0,0,0,0,0,0,0,0,0,0,0,0,0,0,0,0,0,0,69667
1,1,1,1,733,102,-2213,-87,-58,-13,-38,29,119,0,0,0,0,0,0,0,0,0,0,0,0,0,0,0,0,0,0,0,0,0,0,69677
1,1,1,1,746,101,-2194,-56,-47,-4,-41,30,117,0,0,0,0,0,0,0,0,0,0,0,0,0,0,0,0,0,0,0,0,0,0,69687
1,1,1,1,745,107,-2184,-45,-46,-1,-42,30,116,0,0,0,0,0,0,0,0,0,0,0,0,0,0,0,0,0,0,0,0,0,0,69697
1,1,1,1,751,99,-2191,-60,-52,-3,-40,30,117,0,0,0,0,0,0,0,0,0,0,0,0,0,0,0,0,0,0,0,0,0,0,69707
1,1,1,1,740,99,-2198,-65,-44,-11,-42,30,118,0,0,0,0,0,0,0,0,0,0,0,0,0,0,0,0,0,0,0,0,0,0,69717
1,1,1,1,720,125,-2200,-53,-35,-9,-40,30,115,0,0,0,0,0,0,0,0,0,0,0,0,0,0,0,0,0,0,0,0,0,0,69727
1,1,1,1,723,128,-2196,-35,-24,-9,-40,31,115,0,0,0,0,0,0,0,0,0,0,0,0,0,0,0,0,0,0,0,0,0,0,69737
1,1,1,1,717,126,-2197,-39,-25,-9,-42,30,114,0,0,0,0,0,0,0,0,0,0,0,0,0,0,0,0,0,0,0,0,0,0,69747
1,1,1,1,717,122,-2215,-46,-25,-9,-42,31,115,0,0,0,0,0,0,0,0,0,0,0,0,0,0,0,0,0,0,0,0,0,0,69757
1,1,1,1,712,131,-2206,-33,-16,-5,-43,32,121,0,0,0,0,0,0,0,0,0,0,0,0,0,0,0,0,0,0,0,0,0,0,69767
1,1,1,1,705,127,-2197,-5,-17,-2,-39,30,117,0,0,0,0,0,0,0,0,0,0,0,0,0,0,0,0,0,0,0,0,0,0,69777
1,1,1,1,701,125,-2221,25,-13,2,-41,31,119,0,0,0,0,0,0,0,0,0,0,0,0,0,0,0,0,0,0,0,0,0,0,69787
1,1,1,1,716,130,-2234,-5,-3,4,-39,33,117,0,0,0,0,0,0,0,0,0,0,0,0,0,0,0,0,0,0,0,0,0,0,69797
1,1,1,1,725,108,-2215,1,-6,-5,-37,30,118,0,0,0,0,0,0,0,0,0,0,0,0,0,0,0,0,0,0,0,0,0,0,69807
1,1,1,1,733,126,-2208,-13,6,-12,-36,31,118,0,0,0,0,0,0,0,0,0,0,0,0,0,0,0,0,0,0,0,0,0,0,69817
1,1,1,1,724,129,-2187,-4,7,-15,-36,31,119,0,0,0,0,0,0,0,0,0,0,0,0,0,0,0,0,0,0,0,0,0,0,69827
1,1,1,1,721,115,-2185,19,13,-23,-38,30,120,0,0,0,0,0,0,0,0,0,0,0,0,0,0,0,0,0,0,0,0,0,0,69837
1,1,1,1,705,135,-2207,39,24,-22,-38,31,121,0,0,0,0,0,0,0,0,0,0,0,0,0,0,0,0,0,0,0,0,0,0,69847
1,1,1,1,703,140,-2204,33,17,-20,-39,32,120,0,0,0,0,0,0,0,0,0,0,0,0,0,0,0,0,0,0,0,0,0,0,69857
1,1,1,1,699,138,-2215,28,18,-21,-38,30,123,0,0,0,0,0,0,0,0,0,0,0,0,0,0,0,0,0,0,0,0,0,0,69867
1,1,1,1,701,152,-2217,7,15,-12,-39,31,119,0,0,0,0,0,0,0,0,0,0,0,0,0,0,0,0,0,0,0,0,0,0,69877
1,1,1,1,704,148,-2244,-19,17,-6,-36,30,120,0,0,0,0,0,0,0,0,0,0,0,0,0,0,0,0,0,0,0,0,0,0,69887
1,1,1,1,710,143,-2230,-21,18,-4,-36,30,121,0,0,0,0,0,0,0,0,0,0,0,0,0,0,0,0,0,0,0,0,0,0,69897
1,1,1,1,720,142,-2205,-7,21,-6,-36,30,119,0,0,0,0,0,0,0,0,0,0,0,0,0,0,0,0,0,0,0,0,0,0,69907
1,1,1,1,739,150,-2205,70,33,4,-37,30,123,0,0,0,0,0,0,0,0,0,0,0,0,0,0,0,0,0,0,0,0,0,0,69917
1,1,1,1,742,127,-2203,79,29,0,-37,30,124,0,0,0,0,0,0,0,0,0,0,0,0,0,0,0,0,0,0,0,0,0,0,69927
1,1,1,1,724,126,-2204,60,29,-2,-39,30,123,0,0,0,0,0,0,0,0,0,0,0,0,0,0,0,0,0,0,0,0,0,0,69937
1,1,1,1,716,119,-2227,14,19,-9,-39,30,124,0,0,0,0,0,0,0,0,0,0,0,0,0,0,0,0,0,0,0,0,0,0,69947
1,1,1,1,732,118,-2243,8,14,-4,-37,30,126,0,0,0,0,0,0,0,0,0,0,0,0,0,0,0,0,0,0,0,0,0,0,69957
1,1,1,1,725,100,-2261,-6,22,-10,-38,31,124,0,0,0,0,0,0,0,0,0,0,0,0,0,0,0,0,0,0,0,0,0,0,69967
1,1,1,1,722,135,-2234,-25,5,-11,-36,31,123,0,0,0,0,0,0,0,0,0,0,0,0,0,0,0,0,0,0,0,0,0,0,69977
1,1,1,1,731,122,-2234,-31,-9,-19,-37,31,123,0,0,0,0,0,0,0,0,0,0,0,0,0,0,0,0,0,0,0,0,0,0,69987
1,1,1,1,737,130,-2219,-34,-23,-24,-36,31,123,0,0,0,0,0,0,0,0,0,0,0,0,0,0,0,0,0,0,0,0,0,0,69997
1,1,1,1,739,133,-2204,-32,-34,-31,-36,30,124,0,0,0,0,0,0,0,0,0,0,0,0,0,0,0,0,0,0,0,0,0,0,70007
1,1,1,1,736,144,-2201,-32,-43,-29,-37,31,123,0,0,0,0,0,0,0,0,0,0,0,0,0,0,0,0,0,0,0,0,0,0,70017
1,1,1,1,731,154,-2222,-32,-29,-24,-38,33,124,0,0,0,0,0,0,0,0,0,0,0,0,0,0,0,0,0,0,0,0,0,0,70027
1,1,1,1,726,146,-2203,-35,-28,-23,-36,32,124,0,0,0,0,0,0,0,0,0,0,0,0,0,0,0,0,0,0,0,0,0,0,70037
1,1,1,1,731,144,-2189,-1,-16,-20,-38,33,124,0,0,0,0,0,0,0,0,0,0,0,0,0,0,0,0,0,0,0,0,0,0,70047
1,1,1,1,734,112,-2193,43,-16,-27,-38,33,124,0,0,0,0,0,0,0,0,0,0,0,0,0,0,0,0,0,0,0,0,0,0,70057
1,1,1,1,726,124,-2220,35,-10,-27,-38,32,125,0,0,0,0,0,0,0,0,0,0,0,0,0,0,0,0,0,0,0,0,0,0,70067
1,1,1,1,710,131,-2225,6,-12,-33,-39,34,127,0,0,0,0,0,0,0,0,0,0,0,0,0,0,0,0,0,0,0,0,0,0,70077
1,1,1,1,726,140,-2222,36,6,-27,-37,31,124,0,0,0,0,0,0,0,0,0,0,0,0,0,0,0,0,0,0,0,0,0,0,70087
1,1,1,1,716,126,-2242,35,3,-34,-36,31,129,0,0,0,0,0,0,0,0,0,0,0,0,0,0,0,0,0,0,0,0,0,0,70107
1,1,1,1,716,131,-2236,9,-9,-35,-36,31,129,0,0,0,0,0,0,0,0,0,0,0,0,0,0,0,0,0,0,0,0,0,0,70117
1,1,1,1,704,137,-2248,-2,-14,-29,-35,32,132,0,0,0,0,0,0,0,0,0,0,0,0,0,0,0,0,0,0,0,0,0,0,70127
1,1,1,1,704,134,-2232,2,-18,-23,-37,33,129,0,0,0,0,0,0,0,0,0,0,0,0,0,0,0,0,0,0,0,0,0,0,70137
1,1,1,1,711,131,-2227,3,-21,-19,-38,33,132,0,0,0,0,0,0,0,0,0,0,0,0,0,0,0,0,0,0,0,0,0,0,70147
1,1,1,1,719,136,-2234,12,-16,-15,-38,34,128,0,0,0,0,0,0,0,0,0,0,0,0,0,0,0,0,0,0,0,0,0,0,70157
1,1,1,1,725,138,-2204,9,-22,-11,-37,34,128,0,0,0,0,0,0,0,0,0,0,0,0,0,0,0,0,0,0,0,0,0,0,70167
1,1,1,1,726,136,-2207,20,-20,-5,-36,35,128,0,0,0,0,0,0,0,0,0,0,0,0,0,0,0,0,0,0,0,0,0,0,70177
1,1,1,1,732,128,-2197,24,-19,-6,-38,34,128,0,0,0,0,0,0,0,0,0,0,0,0,0,0,0,0,0,0,0,0,0,0,70187
1,1,1,1,725,125,-2217,18,-20,-10,-36,34,126,0,0,0,0,0,0,0,0,0,0,0,0,0,0,0,0,0,0,0,0,0,0,70197
1,1,1,1,712,127,-2215,22,-17,-10,-36,35,128,0,0,0,0,0,0,0,0,0,0,0,0,0,0,0,0,0,0,0,0,0,0,70207
1,1,1,1,709,119,-2217,23,-14,-12,-38,34,129,0,0,0,0,0,0,0,0,0,0,0,0,0,0,0,0,0,0,0,0,0,0,70217
1,1,1,1,701,119,-2230,21,-10,-10,-38,35,129,0,0,0,0,0,0,0,0,0,0,0,0,0,0,0,0,0,0,0,0,0,0,70227
1,1,1,1,705,110,-2233,17,-14,-9,-37,35,128,0,0,0,0,0,0,0,0,0,0,0,0,0,0,0,0,0,0,0,0,0,0,70237
1,1,1,1,703,118,-2226,19,-11,-7,-37,35,129,0,0,0,0,0,0,0,0,0,0,0,0,0,0,0,0,0,0,0,0,0,0,70247
1,1,1,1,712,115,-2218,10,-11,-6,-36,34,130,0,0,0,0,0,0,0,0,0,0,0,0,0,0,0,0,0,0,0,0,0,0,70257
1,1,1,1,714,121,-2217,-7,-6,-4,-38,36,131,0,0,0,0,0,0,0,0,0,0,0,0,0,0,0,0,0,0,0,0,0,0,70267
1,1,1,1,710,117,-2216,-22,-9,-6,-37,36,127,0,0,0,0,0,0,0,0,0,0,0,0,0,0,0,0,0,0,0,0,0,0,70277
1,1,1,1,706,117,-2236,-32,-10,-8,-36,35,126,0,0,0,0,0,0,0,0,0,0,0,0,0,0,0,0,0,0,0,0,0,0,70287
1,1,1,1,698,127,-2225,-38,-12,-4,-37,36,128,0,0,0,0,0,0,0,0,0,0,0,0,0,0,0,0,0,0,0,0,0,0,70297
1,1,1,1,699,137,-2225,-21,-14,-1,-36,35,129,0,0,0,0,0,0,0,0,0,0,0,0,0,0,0,0,0,0,0,0,0,0,70307
1,1,1,1,703,135,-2225,-6,-4,4,-36,35,127,0,0,0,0,0,0,0,0,0,0,0,0,0,0,0,0,0,0,0,0,0,0,70317
1,1,1,1,706,126,-2220,-6,0,8,-38,39,129,0,0,0,0,0,0,0,0,0,0,0,0,0,0,0,0,0,0,0,0,0,0,70327
1,1,1,1,712,121,-2221,-9,3,9,-36,35,129,0,0,0,0,0,0,0,0,0,0,0,0,0,0,0,0,0,0,0,0,0,0,70337
1,1,1,1,719,118,-2210,-15,-2,10,-36,35,130,0,0,0,0,0,0,0,0,0,0,0,0,0,0,0,0,0,0,0,0,0,0,70347
1,1,1,1,718,121,-2199,-30,-14,12,-37,37,132,0,0,0,0,0,0,0,0,0,0,0,0,0,0,0,0,0,0,0,0,0,0,70357
1,1,1,1,716,120,-2215,-29,-12,12,-38,38,131,0,0,0,0,0,0,0,0,0,0,0,0,0,0,0,0,0,0,0,0,0,0,70367
1,1,1,1,707,131,-2218,-38,-21,10,-36,37,130,0,0,0,0,0,0,0,0,0,0,0,0,0,0,0,0,0,0,0,0,0,0,70377
1,1,1,1,704,132,-2229,-27,-14,8,-36,36,129,0,0,0,0,0,0,0,0,0,0,0,0,0,0,0,0,0,0,0,0,0,0,70387
1,1,1,1,694,141,-2225,-16,-10,9,-37,38,131,0,0,0,0,0,0,0,0,0,0,0,0,0,0,0,0,0,0,0,0,0,0,70407
1,1,1,1,698,131,-2224,-9,-9,8,-33,35,132,0,0,0,0,0,0,0,0,0,0,0,0,0,0,0,0,0,0,0,0,0,0,70417
1,1,1,1,698,138,-2217,-6,-3,10,-33,35,131,0,0,0,0,0,0,0,0,0,0,0,0,0,0,0,0,0,0,0,0,0,0,70427
1,1,1,1,710,131,-2200,-4,-6,7,-34,36,131,0,0,0,0,0,0,0,0,0,0,0,0,0,0,0,0,0,0,0,0,0,0,70437
1,1,1,1,706,134,-2204,9,3,6,-35,36,129,0,0,0,0,0,0,0,0,0,0,0,0,0,0,0,0,0,0,0,0,0,0,70447
1,1,1,1,710,133,-2203,-7,1,8,-35,36,130,0,0,0,0,0,0,0,0,0,0,0,0,0,0,0,0,0,0,0,0,0,0,70457
1,1,1,1,718,133,-2218,-4,7,5,-34,36,130,0,0,0,0,0,0,0,0,0,0,0,0,0,0,0,0,0,0,0,0,0,0,70467
1,1,1,1,711,137,-2210,-10,3,4,-36,36,129,0,0,0,0,0,0,0,0,0,0,0,0,0,0,0,0,0,0,0,0,0,0,70477
1,1,1,1,716,136,-2224,-2,8,8,-34,36,129,0,0,0,0,0,0,0,0,0,0,0,0,0,0,0,0,0,0,0,0,0,0,70487
1,1,1,1,712,138,-2222,12,9,9,-32,36,126,0,0,0,0,0,0,0,0,0,0,0,0,0,0,0,0,0,0,0,0,0,0,70497
1,1,1,1,719,140,-2220,13,10,10,-33,36,128,0,0,0,0,0,0,0,0,0,0,0,0,0,0,0,0,0,0,0,0,0,0,70507
1,1,1,1,717,134,-2227,9,5,7,-33,36,129,0,0,0,0,0,0,0,0,0,0,0,0,0,0,0,0,0,0,0,0,0,0,70517
1,1,1,1,714,137,-2254,-14,2,9,-33,36,129,0,0,0,0,0,0,0,0,0,0,0,0,0,0,0,0,0,0,0,0,0,0,70527
1,1,1,1,706,141,-2244,-17,1,9,-34,36,128,0,0,0,0,0,0,0,0,0,0,0,0,0,0,0,0,0,0,0,0,0,0,70537
1,1,1,1,704,142,-2235,-10,0,10,-32,36,128,0,0,0,0,0,0,0,0,0,0,0,0,0,0,0,0,0,0,0,0,0,0,70547
1,1,1,1,710,140,-2235,-18,-4,9,-33,36,131,0,0,0,0,0,0,0,0,0,0,0,0,0,0,0,0,0,0,0,0,0,0,70557
1,1,1,1,711,138,-2222,-15,-4,8,-32,37,128,0,0,0,0,0,0,0,0,0,0,0,0,0,0,0,0,0,0,0,0,0,0,70567
1,1,1,1,719,134,-2222,-4,-1,4,-33,37,129,0,0,0,0,0,0,0,0,0,0,0,0,0,0,0,0,0,0,0,0,0,0,70577
1,1,1,1,715,141,-2203,-4,-2,1,-33,37,128,0,0,0,0,0,0,0,0,0,0,0,0,0,0,0,0,0,0,0,0,0,0,70587
1,1,1,1,713,144,-2207,9,-2,1,-33,36,129,0,0,0,0,0,0,0,0,0,0,0,0,0,0,0,0,0,0,0,0,0,0,70597
1,1,1,1,700,142,-2226,24,1,-2,-35,37,130,0,0,0,0,0,0,0,0,0,0,0,0,0,0,0,0,0,0,0,0,0,0,70617
1,1,1,1,696,139,-2232,9,-2,-5,-33,37,125,0,0,0,0,0,0,0,0,0,0,0,0,0,0,0,0,0,0,0,0,0,0,70627
1,1,1,1,693,142,-2232,7,9,-2,-32,35,128,0,0,0,0,0,0,0,0,0,0,0,0,0,0,0,0,0,0,0,0,0,0,70637
1,1,1,1,704,133,-2216,9,-2,-1,-33,36,128,0,0,0,0,0,0,0,0,0,0,0,0,0,0,0,0,0,0,0,0,0,0,70647
1,1,1,1,704,132,-2230,1,-1,1,-34,35,126,0,0,0,0,0,0,0,0,0,0,0,0,0,0,0,0,0,0,0,0,0,0,70657
1,1,1,1,710,129,-2218,0,8,2,-33,36,127,0,0,0,0,0,0,0,0,0,0,0,0,0,0,0,0,0,0,0,0,0,0,70667
1,1,1,1,711,134,-2209,-1,9,1,-32,36,129,0,0,0,0,0,0,0,0,0,0,0,0,0,0,0,0,0,0,0,0,0,0,70677
1,1,1,1,709,139,-2205,16,14,4,-31,38,129,0,0,0,0,0,0,0,0,0,0,0,0,0,0,0,0,0,0,0,0,0,0,70687
1,1,1,1,704,133,-2195,31,14,9,-30,36,128,0,0,0,0,0,0,0,0,0,0,0,0,0,0,0,0,0,0,0,0,0,0,70697
1,1,1,1,710,123,-2220,34,13,8,-32,37,132,0,0,0,0,0,0,0,0,0,0,0,0,0,0,0,0,0,0,0,0,0,0,70707
1,1,1,1,708,128,-2231,34,17,11,-31,38,129,0,0,0,0,0,0,0,0,0,0,0,0,0,0,0,0,0,0,0,0,0,0,70717
1,1,1,1,711,127,-2230,36,12,12,-33,38,130,0,0,0,0,0,0,0,0,0,0,0,0,0,0,0,0,0,0,0,0,0,0,70727
1,1,1,1,721,119,-2228,33,13,13,-32,38,130,0,0,0,0,0,0,0,0,0,0,0,0,0,0,0,0,0,0,0,0,0,0,70737
1,1,1,1,722,128,-2222,28,10,17,-33,38,127,0,0,0,0,0,0,0,0,0,0,0,0,0,0,0,0,0,0,0,0,0,0,70747
1,1,1,1,716,136,-2216,31,6,19,-34,39,129,0,0,0,0,0,0,0,0,0,0,0,0,0,0,0,0,0,0,0,0,0,0,70757
1,1,1,1,707,142,-2218,41,15,21,-34,39,127,0,0,0,0,0,0,0,0,0,0,0,0,0,0,0,0,0,0,0,0,0,0,70767
1,1,1,1,711,133,-2220,44,16,15,-32,38,129,0,0,0,0,0,0,0,0,0,0,0,0,0,0,0,0,0,0,0,0,0,0,70777
1,1,1,1,710,132,-2215,31,13,12,-34,39,128,0,0,0,0,0,0,0,0,0,0,0,0,0,0,0,0,0,0,0,0,0,0,70787
1,1,1,1,710,132,-2227,28,11,7,-33,39,128,0,0,0,0,0,0,0,0,0,0,0,0,0,0,0,0,0,0,0,0,0,0,70797
1,1,1,1,710,135,-2226,21,4,3,-31,38,129,0,0,0,0,0,0,0,0,0,0,0,0,0,0,0,0,0,0,0,0,0,0,70807
1,1,1,1,706,141,-2232,8,10,3,-32,38,128,0,0,0,0,0,0,0,0,0,0,0,0,0,0,0,0,0,0,0,0,0,0,70817
1,1,1,1,718,132,-2232,3,9,7,-34,39,128,0,0,0,0,0,0,0,0,0,0,0,0,0,0,0,0,0,0,0,0,0,0,70827
1,1,1,1,723,132,-2218,-2,8,7,-32,38,128,0,0,0,0,0,0,0,0,0,0,0,0,0,0,0,0,0,0,0,0,0,0,70837
1,1,1,1,722,135,-2232,-13,0,3,-35,38,128,0,0,0,0,0,0,0,0,0,0,0,0,0,0,0,0,0,0,0,0,0,0,70847
1,1,1,1,722,135,-2232,-16,-10,3,-34,38,127,0,0,0,0,0,0,0,0,0,0,0,0,0,0,0,0,0,0,0,0,0,0,70857
1,1,1,1,713,127,-2230,-11,-10,4,-33,38,127,0,0,0,0,0,0,0,0,0,0,0,0,0,0,0,0,0,0,0,0,0,0,70867
1,1,1,1,702,138,-2231,-17,-16,5,-32,38,128,0,0,0,0,0,0,0,0,0,0,0,0,0,0,0,0,0,0,0,0,0,0,70877
1,1,1,1,707,141,-2220,-23,-21,7,-33,38,128,0,0,0,0,0,0,0,0,0,0,0,0,0,0,0,0,0,0,0,0,0,0,70887
1,1,1,1,712,138,-2233,-14,-14,11,-32,38,131,0,0,0,0,0,0,0,0,0,0,0,0,0,0,0,0,0,0,0,0,0,0,70897
1,1,1,1,715,139,-2220,-4,-11,15,-30,38,128,0,0,0,0,0,0,0,0,0,0,0,0,0,0,0,0,0,0,0,0,0,0,70907
1,1,1,1,718,132,-2206,2,-9,14,-33,37,128,0,0,0,0,0,0,0,0,0,0,0,0,0,0,0,0,0,0,0,0,0,0,70917
1,1,1,1,717,130,-2215,-1,-17,8,-30,38,130,0,0,0,0,0,0,0,0,0,0,0,0,0,0,0,0,0,0,0,0,0,0,70927
1,1,1,1,712,142,-2232,-7,-12,6,-30,38,127,0,0,0,0,0,0,0,0,0,0,0,0,0,0,0,0,0,0,0,0,0,0,70937
1,1,1,1,711,142,-2214,-3,-9,4,-31,38,127,0,0,0,0,0,0,0,0,0,0,0,0,0,0,0,0,0,0,0,0,0,0,70947
1,1,1,1,709,142,-2225,9,-6,3,-34,41,126,0,0,0,0,0,0,0,0,0,0,0,0,0,0,0,0,0,0,0,0,0,0,70957
1,1,1,1,709,141,-2217,9,-1,4,-31,36,127,0,0,0,0,0,0,0,0,0,0,0,0,0,0,0,0,0,0,0,0,0,0,70967
1,1,1,1,710,143,-2212,13,1,7,-31,37,130,0,0,0,0,0,0,0,0,0,0,0,0,0,0,0,0,0,0,0,0,0,0,70977
1,1,1,1,715,143,-2207,18,1,7,-32,38,127,0,0,0,0,0,0,0,0,0,0,0,0,0,0,0,0,0,0,0,0,0,0,70987
1,1,1,1,716,145,-2208,12,-6,4,-31,38,127,0,0,0,0,0,0,0,0,0,0,0,0,0,0,0,0,0,0,0,0,0,0,70997
1,1,1,1,720,131,-2203,24,-2,4,-32,40,129,0,0,0,0,0,0,0,0,0,0,0,0,0,0,0,0,0,0,0,0,0,0,71007
1,1,1,1,719,121,-2212,23,4,4,-31,41,131,0,0,0,0,0,0,0,0,0,0,0,0,0,0,0,0,0,0,0,0,0,0,71017
1,1,1,1,713,124,-2221,15,3,4,-28,39,127,0,0,0,0,0,0,0,0,0,0,0,0,0,0,0,0,0,0,0,0,0,0,71027
1,1,1,1,704,134,-2225,14,-1,2,-31,38,126,0,0,0,0,0,0,0,0,0,0,0,0,0,0,0,0,0,0,0,0,0,0,71037
1,1,1,1,701,132,-2228,16,3,4,-32,38,129,0,0,0,0,0,0,0,0,0,0,0,0,0,0,0,0,0,0,0,0,0,0,71047
1,1,1,1,705,142,-2233,17,7,9,-32,39,126,0,0,0,0,0,0,0,0,0,0,0,0,0,0,0,0,0,0,0,0,0,0,71057
1,1,1,1,702,133,-2234,1,0,6,-32,39,126,0,0,0,0,0,0,0,0,0,0,0,0,0,0,0,0,0,0,0,0,0,0,71067
1,1,1,1,706,136,-2244,-19,-10,1,-33,38,127,0,0,0,0,0,0,0,0,0,0,0,0,0,0,0,0,0,0,0,0,0,0,71077
1,1,1,1,712,132,-2228,-9,-7,-3,-33,39,125,0,0,0,0,0,0,0,0,0,0,0,0,0,0,0,0,0,0,0,0,0,0,71087
1,1,1,1,714,142,-2211,-12,-10,-4,-33,39,124,0,0,0,0,0,0,0,0,0,0,0,0,0,0,0,0,0,0,0,0,0,0,71097
1,1,1,1,725,139,-2223,-16,-7,-3,-32,40,126,0,0,0,0,0,0,0,0,0,0,0,0,0,0,0,0,0,0,0,0,0,0,71107
1,1,1,1,728,135,-2213,-20,-7,0,-31,39,126,0,0,0,0,0,0,0,0,0,0,0,0,0,0,0,0,0,0,0,0,0,0,71117
1,1,1,1,717,148,-2217,-14,1,7,-31,40,127,0,0,0,0,0,0,0,0,0,0,0,0,0,0,0,0,0,0,0,0,0,0,71127
1,1,1,1,711,139,-2208,-5,5,8,-30,40,126,0,0,0,0,0,0,0,0,0,0,0,0,0,0,0,0,0,0,0,0,0,0,71137
1,1,1,1,701,133,-2206,-1,4,5,-32,40,127,0,0,0,0,0,0,0,0,0,0,0,0,0,0,0,0,0,0,0,0,0,0,71147
1,1,1,1,702,132,-2205,9,16,1,-29,39,126,0,0,0,0,0,0,0,0,0,0,0,0,0,0,0,0,0,0,0,0,0,0,71157
1,1,1,1,696,129,-2202,18,20,-1,-31,40,125,0,0,0,0,0,0,0,0,0,0,0,0,0,0,0,0,0,0,0,0,0,0,71167
1,1,1,1,706,135,-2209,21,22,-3,-31,39,125,0,0,0,0,0,0,0,0,0,0,0,0,0,0,0,0,0,0,0,0,0,0,71177
1,1,1,1,709,132,-2212,14,22,-4,-30,39,125,0,0,0,0,0,0,0,0,0,0,0,0,0,0,0,0,0,0,0,0,0,0,71187
1,1,1,1,713,131,-2221,15,27,-3,-31,39,125,0,0,0,0,0,0,0,0,0,0,0,0,0,0,0,0,0,0,0,0,0,0,71197
1,1,1,1,712,125,-2213,14,19,-2,-31,39,126,0,0,0,0,0,0,0,0,0,0,0,0,0,0,0,0,0,0,0,0,0,0,71207
1,1,1,1,714,127,-2240,3,12,-3,-31,40,126,0,0,0,0,0,0,0,0,0,0,0,0,0,0,0,0,0,0,0,0,0,0,71217
1,1,1,1,710,131,-2236,-8,5,-2,-34,39,125,0,0,0,0,0,0,0,0,0,0,0,0,0,0,0,0,0,0,0,0,0,0,71227
1,1,1,1,710,134,-2223,-8,4,1,-32,38,124,0,0,0,0,0,0,0,0,0,0,0,0,0,0,0,0,0,0,0,0,0,0,71237
1,1,1,1,708,143,-2227,-3,10,4,-31,38,121,0,0,0,0,0,0,0,0,0,0,0,0,0,0,0,0,0,0,0,0,0,0,71247
1,1,1,1,712,145,-2221,7,4,3,-33,38,125,0,0,0,0,0,0,0,0,0,0,0,0,0,0,0,0,0,0,0,0,0,0,71257
1,1,1,1,711,148,-2229,12,7,6,-34,40,127,0,0,0,0,0,0,0,0,0,0,0,0,0,0,0,0,0,0,0,0,0,0,71267
1,1,1,1,714,141,-2223,6,-2,4,-35,43,126,0,0,0,0,0,0,0,0,0,0,0,0,0,0,0,0,0,0,0,0,0,0,71277
1,1,1,1,722,135,-2216,9,-10,4,-35,41,125,0,0,0,0,0,0,0,0,0,0,0,0,0,0,0,0,0,0,0,0,0,0,71287
1,1,1,1,724,122,-2217,19,-4,1,-32,37,126,0,0,0,0,0,0,0,0,0,0,0,0,0,0,0,0,0,0,0,0,0,0,71297
1,1,1,1,727,128,-2223,23,-1,2,-32,41,125,0,0,0,0,0,0,0,0,0,0,0,0,0,0,0,0,0,0,0,0,0,0,71307
1,1,1,1,716,124,-2224,11,-14,1,-31,38,126,0,0,0,0,0,0,0,0,0,0,0,0,0,0,0,0,0,0,0,0,0,0,71317
1,1,1,1,713,122,-2240,14,-11,0,-32,39,125,0,0,0,0,0,0,0,0,0,0,0,0,0,0,0,0,0,0,0,0,0,0,71327
1,1,1,1,710,123,-2233,13,-11,1,-31,39,126,0,0,0,0,0,0,0,0,0,0,0,0,0,0,0,0,0,0,0,0,0,0,71337
1,1,1,1,714,125,-2233,16,-13,1,-31,39,125,0,0,0,0,0,0,0,0,0,0,0,0,0,0,0,0,0,0,0,0,0,0,71347
1,1,1,1,716,125,-2219,27,-10,4,-31,39,126,0,0,0,0,0,0,0,0,0,0,0,0,0,0,0,0,0,0,0,0,0,0,71357
1,1,1,1,716,136,-2209,38,-15,6,-31,38,124,0,0,0,0,0,0,0,0,0,0,0,0,0,0,0,0,0,0,0,0,0,0,71367
1,1,1,1,715,143,-2213,49,-5,7,-32,39,125,0,0,0,0,0,0,0,0,0,0,0,0,0,0,0,0,0,0,0,0,0,0,71377
1,1,1,1,718,146,-2207,62,1,5,-31,40,125,0,0,0,0,0,0,0,0,0,0,0,0,0,0,0,0,0,0,0,0,0,0,71387
1,1,1,1,712,143,-2211,69,3,3,-29,40,124,0,0,0,0,0,0,0,0,0,0,0,0,0,0,0,0,0,0,0,0,0,0,71397
1,1,1,1,712,132,-2215,68,8,2,-30,40,122,0,0,0,0,0,0,0,0,0,0,0,0,0,0,0,0,0,0,0,0,0,0,71407
1,1,1,1,716,120,-2217,58,0,-2,-28,40,123,0,0,0,0,0,0,0,0,0,0,0,0,0,0,0,0,0,0,0,0,0,0,71417
1,1,1,1,705,121,-2223,45,5,0,-29,40,124,0,0,0,0,0,0,0,0,0,0,0,0,0,0,0,0,0,0,0,0,0,0,71427
1,1,1,1,701,110,-2232,41,2,-3,-31,40,124,0,0,0,0,0,0,0,0,0,0,0,0,0,0,0,0,0,0,0,0,0,0,71437
1,1,1,1,702,110,-2237,35,2,-4,-33,40,124,0,0,0,0,0,0,0,0,0,0,0,0,0,0,0,0,0,0,0,0,0,0,71447
1,1,1,1,705,119,-2230,22,5,1,-31,40,124,0,0,0,0,0,0,0,0,0,0,0,0,0,0,0,0,0,0,0,0,0,0,71457
1,1,1,1,705,121,-2232,4,2,4,-31,39,125,0,0,0,0,0,0,0,0,0,0,0,0,0,0,0,0,0,0,0,0,0,0,71467
1,1,1,1,705,125,-2220,11,7,7,-30,40,125,0,0,0,0,0,0,0,0,0,0,0,0,0,0,0,0,0,0,0,0,0,0,71477
1,1,1,1,707,129,-2212,15,1,8,-29,40,124,0,0,0,0,0,0,0,0,0,0,0,0,0,0,0,0,0,0,0,0,0,0,71487
1,1,1,1,715,123,-2214,17,5,8,-31,40,125,0,0,0,0,0,0,0,0,0,0,0,0,0,0,0,0,0,0,0,0,0,0,71497
1,1,1,1,718,115,-2215,23,15,5,-29,40,126,0,0,0,0,0,0,0,0,0,0,0,0,0,0,0,0,0,0,0,0,0,0,71507
1,1,1,1,717,116,-2215,24,15,4,-30,39,125,0,0,0,0,0,0,0,0,0,0,0,0,0,0,0,0,0,0,0,0,0,0,71517
1,1,1,1,714,121,-2222,26,13,4,-32,40,127,0,0,0,0,0,0,0,0,0,0,0,0,0,0,0,0,0,0,0,0,0,0,71527
1,1,1,1,714,122,-2226,29,14,5,-28,37,124,0,0,0,0,0,0,0,0,0,0,0,0,0,0,0,0,0,0,0,0,0,0,71537
1,1,1,1,709,122,-2236,27,12,5,-31,42,127,0,0,0,0,0,0,0,0,0,0,0,0,0,0,0,0,0,0,0,0,0,0,71547
1,1,1,1,716,119,-2234,27,14,4,-30,40,125,0,0,0,0,0,0,0,0,0,0,0,0,0,0,0,0,0,0,0,0,0,0,71557
1,1,1,1,710,119,-2240,18,9,2,-30,40,127,0,0,0,0,0,0,0,0,0,0,0,0,0,0,0,0,0,0,0,0,0,0,71567
1,1,1,1,712,117,-2237,19,10,3,-32,40,126,0,0,0,0,0,0,0,0,0,0,0,0,0,0,0,0,0,0,0,0,0,0,71577
1,1,1,1,714,121,-2230,15,4,4,-32,42,125,0,0,0,0,0,0,0,0,0,0,0,0,0,0,0,0,0,0,0,0,0,0,71587
1,1,1,1,715,116,-2244,8,6,2,-31,41,125,0,0,0,0,0,0,0,0,0,0,0,0,0,0,0,0,0,0,0,0,0,0,71597
1,1,1,1,710,118,-2225,9,3,1,-30,40,125,0,0,0,0,0,0,0,0,0,0,0,0,0,0,0,0,0,0,0,0,0,0,71607
1,1,1,1,712,116,-2231,12,0,-1,-30,40,124,0,0,0,0,0,0,0,0,0,0,0,0,0,0,0,0,0,0,0,0,0,0,71617
1,1,1,1,713,113,-2225,12,1,-2,-29,39,129,0,0,0,0,0,0,0,0,0,0,0,0,0,0,0,0,0,0,0,0,0,0,71627
1,1,1,1,717,117,-2231,11,1,-3,-31,40,124,0,0,0,0,0,0,0,0,0,0,0,0,0,0,0,0,0,0,0,0,0,0,71637
1,1,1,1,714,115,-2227,12,1,-1,-30,41,128,0,0,0,0,0,0,0,0,0,0,0,0,0,0,0,0,0,0,0,0,0,0,71647
1,1,1,1,711,114,-2225,11,3,-1,-32,40,124,0,0,0,0,0,0,0,0,0,0,0,0,0,0,0,0,0,0,0,0,0,0,71657
1,1,1,1,708,110,-2225,11,5,-1,-31,41,124,0,0,0,0,0,0,0,0,0,0,0,0,0,0,0,0,0,0,0,0,0,0,71667
1,1,1,1,707,113,-2234,7,-3,0,-30,40,125,0,0,0,0,0,0,0,0,0,0,0,0,0,0,0,0,0,0,0,0,0,0,71677
1,1,1,1,708,116,-2236,-1,-4,3,-29,40,125,0,0,0,0,0,0,0,0,0,0,0,0,0,0,0,0,0,0,0,0,0,0,71687
1,1,1,1,707,120,-2235,-1,-2,2,-29,39,125,0,0,0,0,0,0,0,0,0,0,0,0,0,0,0,0,0,0,0,0,0,0,71697
1,1,1,1,709,117,-2236,-3,-12,4,-29,39,123,0,0,0,0,0,0,0,0,0,0,0,0,0,0,0,0,0,0,0,0,0,0,71707
1,1,1,1,710,113,-2226,5,-2,6,-30,40,126,0,0,0,0,0,0,0,0,0,0,0,0,0,0,0,0,0,0,0,0,0,0,71717
1,1,1,1,704,118,-2223,9,-1,9,-30,40,125,0,0,0,0,0,0,0,0,0,0,0,0,0,0,0,0,0,0,0,0,0,0,71727
1,1,1,1,712,114,-2215,14,1,8,-32,40,124,0,0,0,0,0,0,0,0,0,0,0,0,0,0,0,0,0,0,0,0,0,0,71737
1,1,1,1,712,119,-2208,22,2,8,-33,40,125,0,0,0,0,0,0,0,0,0,0,0,0,0,0,0,0,0,0,0,0,0,0,71747
1,1,1,1,717,118,-2208,23,7,6,-32,41,124,0,0,0,0,0,0,0,0,0,0,0,0,0,0,0,0,0,0,0,0,0,0,71757
1,1,1,1,715,115,-2215,23,12,7,-32,40,125,0,0,0,0,0,0,0,0,0,0,0,0,0,0,0,0,0,0,0,0,0,0,71767
1,1,1,1,713,120,-2208,26,10,5,-33,41,126,0,0,0,0,0,0,0,0,0,0,0,0,0,0,0,0,0,0,0,0,0,0,71777
1,1,1,1,712,115,-2221,26,10,3,-33,41,124,0,0,0,0,0,0,0,0,0,0,0,0,0,0,0,0,0,0,0,0,0,0,71787
1,1,1,1,708,112,-2238,23,11,3,-33,40,126,0,0,0,0,0,0,0,0,0,0,0,0,0,0,0,0,0,0,0,0,0,0,71797
1,1,1,1,710,115,-2241,18,11,5,-32,40,123,0,0,0,0,0,0,0,0,0,0,0,0,0,0,0,0,0,0,0,0,0,0,71807
1,1,1,1,714,112,-2249,13,12,8,-31,40,123,0,0,0,0,0,0,0,0,0,0,0,0,0,0,0,0,0,0,0,0,0,0,71817
1,1,1,1,716,116,-2244,10,7,8,-33,40,123,0,0,0,0,0,0,0,0,0,0,0,0,0,0,0,0,0,0,0,0,0,0,71827
1,1,1,1,712,119,-2233,8,3,8,-32,40,125,0,0,0,0,0,0,0,0,0,0,0,0,0,0,0,0,0,0,0,0,0,0,71837
1,1,1,1,711,117,-2232,13,4,8,-34,42,129,0,0,0,0,0,0,0,0,0,0,0,0,0,0,0,0,0,0,0,0,0,0,71847
1,1,1,1,713,115,-2227,10,7,6,-30,39,126,0,0,0,0,0,0,0,0,0,0,0,0,0,0,0,0,0,0,0,0,0,0,71857
1,1,1,1,710,124,-2222,9,5,6,-32,40,127,0,0,0,0,0,0,0,0,0,0,0,0,0,0,0,0,0,0,0,0,0,0,71867
1,1,1,1,708,123,-2227,19,8,5,-31,38,125,0,0,0,0,0,0,0,0,0,0,0,0,0,0,0,0,0,0,0,0,0,0,71877
1,1,1,1,708,119,-2226,25,5,4,-30,40,127,0,0,0,0,0,0,0,0,0,0,0,0,0,0,0,0,0,0,0,0,0,0,71887
1,1,1,1,712,110,-2232,33,7,6,-34,42,125,0,0,0,0,0,0,0,0,0,0,0,0,0,0,0,0,0,0,0,0,0,0,71897
1,1,1,1,712,114,-2242,16,3,5,-30,39,124,0,0,0,0,0,0,0,0,0,0,0,0,0,0,0,0,0,0,0,0,0,0,71907
1,1,1,1,709,110,-2243,1,-5,5,-31,39,122,0,0,0,0,0,0,0,0,0,0,0,0,0,0,0,0,0,0,0,0,0,0,71917
1,1,1,1,712,116,-2241,-7,-1,7,-30,40,126,0,0,0,0,0,0,0,0,0,0,0,0,0,0,0,0,0,0,0,0,0,0,71927
1,1,1,1,713,114,-2230,-12,-3,3,-30,40,126,0,0,0,0,0,0,0,0,0,0,0,0,0,0,0,0,0,0,0,0,0,0,71937
1,1,1,1,716,116,-2225,-5,-3,4,-30,40,125,0,0,0,0,0,0,0,0,0,0,0,0,0,0,0,0,0,0,0,0,0,0,71947
1,1,1,1,716,111,-2214,3,4,8,-32,40,126,0,0,0,0,0,0,0,0,0,0,0,0,0,0,0,0,0,0,0,0,0,0,71957
1,1,1,1,718,111,-2212,1,1,7,-33,40,125,0,0,0,0,0,0,0,0,0,0,0,0,0,0,0,0,0,0,0,0,0,0,71967
1,1,1,1,719,115,-2217,-1,1,5,-32,40,126,0,0,0,0,0,0,0,0,0,0,0,0,0,0,0,0,0,0,0,0,0,0,71977
1,1,1,1,711,118,-2208,5,5,5,-31,40,126,0,0,0,0,0,0,0,0,0,0,0,0,0,0,0,0,0,0,0,0,0,0,71987
1,1,1,1,709,112,-2215,10,3,2,-30,40,126,0,0,0,0,0,0,0,0,0,0,0,0,0,0,0,0,0,0,0,0,0,0,71997
1,1,1,1,707,114,-2217,14,5,3,-28,40,125,0,0,0,0,0,0,0,0,0,0,0,0,0,0,0,0,0,0,0,0,0,0,72007
1,1,1,1,704,118,-2224,16,2,3,-29,40,123,0,0,0,0,0,0,0,0,0,0,0,0,0,0,0,0,0,0,0,0,0,0,72017
1,1,1,1,711,113,-2230,21,7,5,-28,39,124,0,0,0,0,0,0,0,0,0,0,0,0,0,0,0,0,0,0,0,0,0,0,72027
1,1,1,1,715,112,-2237,14,13,7,-30,39,123,0,0,0,0,0,0,0,0,0,0,0,0,0,0,0,0,0,0,0,0,0,0,72037
1,1,1,1,718,100,-2226,6,3,8,-29,40,123,0,0,0,0,0,0,0,0,0,0,0,0,0,0,0,0,0,0,0,0,0,0,72047
1,1,1,1,713,109,-2226,3,5,8,-30,39,124,0,0,0,0,0,0,0,0,0,0,0,0,0,0,0,0,0,0,0,0,0,0,72057
1,1,1,1,719,118,-2231,-4,1,8,-31,39,123,0,0,0,0,0,0,0,0,0,0,0,0,0,0,0,0,0,0,0,0,0,0,72067
1,1,1,1,719,124,-2225,-1,3,6,-31,40,127,0,0,0,0,0,0,0,0,0,0,0,0,0,0,0,0,0,0,0,0,0,0,72077
1,1,1,1,719,121,-2228,-2,-2,4,-30,40,123,0,0,0,0,0,0,0,0,0,0,0,0,0,0,0,0,0,0,0,0,0,0,72087
1,1,1,1,718,124,-2227,-1,-4,2,-30,40,125,0,0,0,0,0,0,0,0,0,0,0,0,0,0,0,0,0,0,0,0,0,0,72097
1,1,1,1,714,122,-2225,8,-4,1,-31,40,126,0,0,0,0,0,0,0,0,0,0,0,0,0,0,0,0,0,0,0,0,0,0,72107
1,1,1,1,717,112,-2227,14,-7,3,-32,40,127,0,0,0,0,0,0,0,0,0,0,0,0,0,0,0,0,0,0,0,0,0,0,72117
1,1,1,1,717,112,-2231,9,-11,3,-34,42,126,0,0,0,0,0,0,0,0,0,0,0,0,0,0,0,0,0,0,0,0,0,0,72127
1,1,1,1,709,112,-2236,4,-12,5,-29,39,126,0,0,0,0,0,0,0,0,0,0,0,0,0,0,0,0,0,0,0,0,0,0,72137
1,1,1,1,707,111,-2236,5,-13,9,-31,40,124,0,0,0,0,0,0,0,0,0,0,0,0,0,0,0,0,0,0,0,0,0,0,72147
1,1,1,1,717,104,-2225,1,-10,9,-30,37,124,0,0,0,0,0,0,0,0,0,0,0,0,0,0,0,0,0,0,0,0,0,0,72157
1,1,1,1,719,112,-2229,-1,-15,8,-31,39,123,0,0,0,0,0,0,0,0,0,0,0,0,0,0,0,0,0,0,0,0,0,0,72167
1,1,1,1,719,115,-2222,3,-6,6,-32,40,124,0,0,0,0,0,0,0,0,0,0,0,0,0,0,0,0,0,0,0,0,0,0,72177
1,1,1,1,717,112,-2222,2,0,7,-31,39,124,0,0,0,0,0,0,0,0,0,0,0,0,0,0,0,0,0,0,0,0,0,0,72187
1,1,1,1,716,119,-2218,-7,-13,4,-30,39,123,0,0,0,0,0,0,0,0,0,0,0,0,0,0,0,0,0,0,0,0,0,0,72197
1,1,1,1,711,121,-2227,-4,-6,1,-30,38,123,0,0,0,0,0,0,0,0,0,0,0,0,0,0,0,0,0,0,0,0,0,0,72207
1,1,1,1,717,116,-2220,4,-1,4,-30,40,125,0,0,0,0,0,0,0,0,0,0,0,0,0,0,0,0,0,0,0,0,0,0,72217
1,1,1,1,711,121,-2221,2,-2,6,-30,41,125,0,0,0,0,0,0,0,0,0,0,0,0,0,0,0,0,0,0,0,0,0,0,72227
1,1,1,1,714,108,-2233,12,4,7,-29,39,126,0,0,0,0,0,0,0,0,0,0,0,0,0,0,0,0,0,0,0,0,0,0,72237
1,1,1,1,716,101,-2222,14,3,6,-30,39,127,0,0,0,0,0,0,0,0,0,0,0,0,0,0,0,0,0,0,0,0,0,0,72247
1,1,1,1,713,102,-2229,12,3,6,-28,39,124,0,0,0,0,0,0,0,0,0,0,0,0,0,0,0,0,0,0,0,0,0,0,72257
1,1,1,1,716,107,-2217,6,-7,10,-29,39,124,0,0,0,0,0,0,0,0,0,0,0,0,0,0,0,0,0,0,0,0,0,0,72267
1,1,1,1,716,112,-2216,6,-6,13,-29,39,123,0,0,0,0,0,0,0,0,0,0,0,0,0,0,0,0,0,0,0,0,0,0,72277
1,1,1,1,704,117,-2226,10,-2,12,-30,38,123,0,0,0,0,0,0,0,0,0,0,0,0,0,0,0,0,0,0,0,0,0,0,72287
1,1,1,1,699,113,-2225,7,-1,11,-30,39,124,0,0,0,0,0,0,0,0,0,0,0,0,0,0,0,0,0,0,0,0,0,0,72297
1,1,1,1,704,109,-2236,1,-1,8,-30,39,122,0,0,0,0,0,0,0,0,0,0,0,0,0,0,0,0,0,0,0,0,0,0,72307
1,1,1,1,706,112,-2217,3,1,12,-31,40,122,0,0,0,0,0,0,0,0,0,0,0,0,0,0,0,0,0,0,0,0,0,0,72317
1,1,1,1,710,113,-2224,5,9,15,-30,39,123,0,0,0,0,0,0,0,0,0,0,0,0,0,0,0,0,0,0,0,0,0,0,72327
1,1,1,1,711,110,-2214,-9,-4,10,-29,40,124,0,0,0,0,0,0,0,0,0,0,0,0,0,0,0,0,0,0,0,0,0,0,72337
1,1,1,1,713,118,-2210,-1,7,9,-31,39,123,0,0,0,0,0,0,0,0,0,0,0,0,0,0,0,0,0,0,0,0,0,0,72347
1,1,1,1,709,129,-2199,12,13,6,-31,39,124,0,0,0,0,0,0,0,0,0,0,0,0,0,0,0,0,0,0,0,0,0,0,72357
1,1,1,1,715,122,-2205,20,24,4,-31,40,125,0,0,0,0,0,0,0,0,0,0,0,0,0,0,0,0,0,0,0,0,0,0,72367
1,1,1,1,709,126,-2211,33,31,5,-31,40,126,0,0,0,0,0,0,0,0,0,0,0,0,0,0,0,0,0,0,0,0,0,0,72377
1,1,1,1,708,123,-2226,43,33,8,-32,39,125,0,0,0,0,0,0,0,0,0,0,0,0,0,0,0,0,0,0,0,0,0,0,72387
1,1,1,1,717,117,-2233,33,23,5,-32,39,125,0,0,0,0,0,0,0,0,0,0,0,0,0,0,0,0,0,0,0,0,0,0,72397
1,1,1,1,721,103,-2244,24,20,4,-30,39,126,0,0,0,0,0,0,0,0,0,0,0,0,0,0,0,0,0,0,0,0,0,0,72407
1,1,1,1,723,99,-2246,18,15,5,-31,40,124,0,0,0,0,0,0,0,0,0,0,0,0,0,0,0,0,0,0,0,0,0,0,72417
1,1,1,1,726,92,-2248,15,7,7,-33,40,124,0,0,0,0,0,0,0,0,0,0,0,0,0,0,0,0,0,0,0,0,0,0,72427
1,1,1,1,728,100,-2245,4,-3,9,-33,37,124,0,0,0,0,0,0,0,0,0,0,0,0,0,0,0,0,0,0,0,0,0,0,72437
1,1,1,1,730,104,-2246,0,-11,8,-33,40,125,0,0,0,0,0,0,0,0,0,0,0,0,0,0,0,0,0,0,0,0,0,0,72447
1,1,1,1,722,113,-2229,4,-11,6,-32,39,119,0,0,0,0,0,0,0,0,0,0,0,0,0,0,0,0,0,0,0,0,0,0,72457
1,1,1,1,723,114,-2222,8,-6,5,-32,40,123,0,0,0,0,0,0,0,0,0,0,0,0,0,0,0,0,0,0,0,0,0,0,72467
1,1,1,1,721,117,-2226,1,-9,-1,-31,36,126,0,0,0,0,0,0,0,0,0,0,0,0,0,0,0,0,0,0,0,0,0,0,72477
1,1,1,1,717,118,-2229,2,-11,-5,-35,40,123,0,0,0,0,0,0,0,0,0,0,0,0,0,0,0,0,0,0,0,0,0,0,72487
1,1,1,1,710,118,-2225,7,-9,-3,-32,40,125,0,0,0,0,0,0,0,0,0,0,0,0,0,0,0,0,0,0,0,0,0,0,72497
1,1,1,1,709,113,-2236,10,-7,-1,-30,38,124,0,0,0,0,0,0,0,0,0,0,0,0,0,0,0,0,0,0,0,0,0,0,72507
1,1,1,1,708,116,-2235,10,-3,-3,-31,37,125,0,0,0,0,0,0,0,0,0,0,0,0,0,0,0,0,0,0,0,0,0,0,72517
1,1,1,1,708,114,-2237,12,-3,0,-29,39,124,0,0,0,0,0,0,0,0,0,0,0,0,0,0,0,0,0,0,0,0,0,0,72527
1,1,1,1,715,105,-2235,11,-1,-1,-28,38,125,0,0,0,0,0,0,0,0,0,0,0,0,0,0,0,0,0,0,0,0,0,0,72537
1,1,1,1,714,109,-2236,17,-1,1,-26,38,124,0,0,0,0,0,0,0,0,0,0,0,0,0,0,0,0,0,0,0,0,0,0,72547
1,1,1,1,715,109,-2228,14,0,0,-28,39,123,0,0,0,0,0,0,0,0,0,0,0,0,0,0,0,0,0,0,0,0,0,0,72557
1,1,1,1,721,107,-2226,16,1,0,-29,39,124,0,0,0,0,0,0,0,0,0,0,0,0,0,0,0,0,0,0,0,0,0,0,72567
1,1,1,1,722,102,-2231,17,3,0,-31,39,126,0,0,0,0,0,0,0,0,0,0,0,0,0,0,0,0,0,0,0,0,0,0,72577
1,1,1,1,715,102,-2229,10,-4,1,-31,39,125,0,0,0,0,0,0,0,0,0,0,0,0,0,0,0,0,0,0,0,0,0,0,72587
1,1,1,1,705,102,-2226,11,-9,4,-31,40,124,0,0,0,0,0,0,0,0,0,0,0,0,0,0,0,0,0,0,0,0,0,0,72597
1,1,1,1,702,107,-2225,5,-12,4,-31,39,125,0,0,0,0,0,0,0,0,0,0,0,0,0,0,0,0,0,0,0,0,0,0,72607
1,1,1,1,704,108,-2225,6,-9,5,-31,39,126,0,0,0,0,0,0,0,0,0,0,0,0,0,0,0,0,0,0,0,0,0,0,72617
1,1,1,1,709,109,-2210,13,-3,6,-29,39,125,0,0,0,0,0,0,0,0,0,0,0,0,0,0,0,0,0,0,0,0,0,0,72627
1,1,1,1,715,111,-2213,16,-2,8,-30,39,122,0,0,0,0,0,0,0,0,0,0,0,0,0,0,0,0,0,0,0,0,0,0,72637
1,1,1,1,716,107,-2221,12,-2,5,-30,38,125,0,0,0,0,0,0,0,0,0,0,0,0,0,0,0,0,0,0,0,0,0,0,72647
1,1,1,1,715,110,-2224,19,6,4,-32,40,125,0,0,0,0,0,0,0,0,0,0,0,0,0,0,0,0,0,0,0,0,0,0,72657
1,1,1,1,711,108,-2222,20,7,4,-31,39,125,0,0,0,0,0,0,0,0,0,0,0,0,0,0,0,0,0,0,0,0,0,0,72667
1,1,1,1,709,103,-2234,13,4,4,-29,39,123,0,0,0,0,0,0,0,0,0,0,0,0,0,0,0,0,0,0,0,0,0,0,72677
1,1,1,1,710,105,-2238,18,9,7,-30,38,123,0,0,0,0,0,0,0,0,0,0,0,0,0,0,0,0,0,0,0,0,0,0,72687
1,1,1,1,708,102,-2231,16,12,9,-30,39,124,0,0,0,0,0,0,0,0,0,0,0,0,0,0,0,0,0,0,0,0,0,0,72697
1,1,1,1,710,101,-2237,12,8,10,-30,39,123,0,0,0,0,0,0,0,0,0,0,0,0,0,0,0,0,0,0,0,0,0,0,72707
1,1,1,1,716,98,-2238,6,2,9,-30,39,125,0,0,0,0,0,0,0,0,0,0,0,0,0,0,0,0,0,0,0,0,0,0,72717
1,1,1,1,715,105,-2236,3,3,9,-30,39,124,0,0,0,0,0,0,0,0,0,0,0,0,0,0,0,0,0,0,0,0,0,0,72727
1,1,1,1,710,108,-2235,5,5,6,-30,39,124,0,0,0,0,0,0,0,0,0,0,0,0,0,0,0,0,0,0,0,0,0,0,72737
1,1,1,1,713,108,-2235,8,9,6,-32,39,127,0,0,0,0,0,0,0,0,0,0,0,0,0,0,0,0,0,0,0,0,0,0,72747
1,1,1,1,713,109,-2239,2,3,4,-33,40,125,0,0,0,0,0,0,0,0,0,0,0,0,0,0,0,0,0,0,0,0,0,0,72757
1,1,1,1,712,112,-2239,-1,2,2,-32,40,123,0,0,0,0,0,0,0,0,0,0,0,0,0,0,0,0,0,0,0,0,0,0,72767
1,1,1,1,713,105,-2235,0,1,2,-29,38,123,0,0,0,0,0,0,0,0,0,0,0,0,0,0,0,0,0,0,0,0,0,0,72777
1,1,1,1,715,99,-2241,-8,-2,2,-33,37,123,0,0,0,0,0,0,0,0,0,0,0,0,0,0,0,0,0,0,0,0,0,0,72787
1,1,1,1,715,101,-2244,-7,-3,4,-33,39,122,0,0,0,0,0,0,0,0,0,0,0,0,0,0,0,0,0,0,0,0,0,0,72797
1,1,1,1,710,106,-2234,-10,-5,3,-32,38,124,0,0,0,0,0,0,0,0,0,0,0,0,0,0,0,0,0,0,0,0,0,0,72807
1,1,1,1,708,103,-2239,-14,-4,8,-34,39,126,0,0,0,0,0,0,0,0,0,0,0,0,0,0,0,0,0,0,0,0,0,0,72817
1,1,1,1,709,110,-2231,-17,-3,8,-33,39,125,0,0,0,0,0,0,0,0,0,0,0,0,0,0,0,0,0,0,0,0,0,0,72827
1,1,1,1,712,110,-2236,-5,7,9,-32,40,125,0,0,0,0,0,0,0,0,0,0,0,0,0,0,0,0,0,0,0,0,0,0,72837
1,1,1,1,713,112,-2231,6,3,11,-31,39,123,0,0,0,0,0,0,0,0,0,0,0,0,0,0,0,0,0,0,0,0,0,0,72847
1,1,1,1,712,110,-2231,8,1,10,-31,39,125,0,0,0,0,0,0,0,0,0,0,0,0,0,0,0,0,0,0,0,0,0,0,72857
1,1,1,1,711,105,-2230,8,3,8,-31,39,125,0,0,0,0,0,0,0,0,0,0,0,0,0,0,0,0,0,0,0,0,0,0,72867
1,1,1,1,713,99,-2229,6,3,9,-31,39,124,0,0,0,0,0,0,0,0,0,0,0,0,0,0,0,0,0,0,0,0,0,0,72877
1,1,1,1,714,106,-2229,4,5,9,-31,38,124,0,0,0,0,0,0,0,0,0,0,0,0,0,0,0,0,0,0,0,0,0,0,72887
1,1,1,1,714,111,-2222,8,3,8,-30,38,122,0,0,0,0,0,0,0,0,0,0,0,0,0,0,0,0,0,0,0,0,0,0,72897
1,1,1,1,715,117,-2218,12,1,10,-31,38,123,0,0,0,0,0,0,0,0,0,0,0,0,0,0,0,0,0,0,0,0,0,0,72907
1,1,1,1,720,108,-2219,19,-1,8,-30,39,125,0,0,0,0,0,0,0,0,0,0,0,0,0,0,0,0,0,0,0,0,0,0,72917
1,1,1,1,715,105,-2226,17,-3,6,-31,39,123,0,0,0,0,0,0,0,0,0,0,0,0,0,0,0,0,0,0,0,0,0,0,72927
1,1,1,1,708,107,-2243,12,-3,9,-30,39,124,0,0,0,0,0,0,0,0,0,0,0,0,0,0,0,0,0,0,0,0,0,0,72937
1,1,1,1,714,104,-2228,-3,-7,7,-30,39,123,0,0,0,0,0,0,0,0,0,0,0,0,0,0,0,0,0,0,0,0,0,0,72947
1,1,1,1,714,111,-2242,-11,-7,8,-31,39,126,0,0,0,0,0,0,0,0,0,0,0,0,0,0,0,0,0,0,0,0,0,0,72957
1,1,1,1,709,110,-2222,-7,-8,5,-33,39,124,0,0,0,0,0,0,0,0,0,0,0,0,0,0,0,0,0,0,0,0,0,0,72967
1,1,1,1,716,107,-2225,-1,-11,5,-31,39,124,0,0,0,0,0,0,0,0,0,0,0,0,0,0,0,0,0,0,0,0,0,0,72977
1,1,1,1,714,105,-2226,6,-2,3,-32,39,124,0,0,0,0,0,0,0,0,0,0,0,0,0,0,0,0,0,0,0,0,0,0,72987
1,1,1,1,719,105,-2217,10,1,0,-30,39,125,0,0,0,0,0,0,0,0,0,0,0,0,0,0,0,0,0,0,0,0,0,0,72997
1,1,1,1,714,111,-2222,16,6,1,-33,39,125,0,0,0,0,0,0,0,0,0,0,0,0,0,0,0,0,0,0,0,0,0,0,73007
1,1,1,1,717,102,-2219,14,3,0,-32,39,126,0,0,0,0,0,0,0,0,0,0,0,0,0,0,0,0,0,0,0,0,0,0,73017
1,1,1,1,712,104,-2236,11,5,-2,-32,39,124,0,0,0,0,0,0,0,0,0,0,0,0,0,0,0,0,0,0,0,0,0,0,73027
1,1,1,1,709,109,-2233,12,0,-2,-32,39,122,0,0,0,0,0,0,0,0,0,0,0,0,0,0,0,0,0,0,0,0,0,0,73037
1,1,1,1,711,109,-2232,19,4,-1,-34,41,123,0,0,0,0,0,0,0,0,0,0,0,0,0,0,0,0,0,0,0,0,0,0,73047
1,1,1,1,720,103,-2225,13,4,0,-31,39,123,0,0,0,0,0,0,0,0,0,0,0,0,0,0,0,0,0,0,0,0,0,0,73057
1,1,1,1,717,109,-2235,12,4,3,-31,40,123,0,0,0,0,0,0,0,0,0,0,0,0,0,0,0,0,0,0,0,0,0,0,73067
1,1,1,1,718,110,-2230,13,2,1,-31,39,125,0,0,0,0,0,0,0,0,0,0,0,0,0,0,0,0,0,0,0,0,0,0,73077
1,1,1,1,721,105,-2230,14,4,-1,-32,40,127,0,0,0,0,0,0,0,0,0,0,0,0,0,0,0,0,0,0,0,0,0,0,73087
1,1,1,1,718,102,-2228,20,9,-1,-33,39,126,0,0,0,0,0,0,0,0,0,0,0,0,0,0,0,0,0,0,0,0,0,0,73097
1,1,1,1,716,105,-2226,20,9,-4,-30,39,126,0,0,0,0,0,0,0,0,0,0,0,0,0,0,0,0,0,0,0,0,0,0,73107
1,1,1,1,716,104,-2235,18,7,-6,-32,39,125,0,0,0,0,0,0,0,0,0,0,0,0,0,0,0,0,0,0,0,0,0,0,73117
1,1,1,1,707,104,-2236,23,7,-1,-32,42,127,0,0,0,0,0,0,0,0,0,0,0,0,0,0,0,0,0,0,0,0,0,0,73127
1,1,1,1,707,108,-2239,27,5,4,-30,38,127,0,0,0,0,0,0,0,0,0,0,0,0,0,0,0,0,0,0,0,0,0,0,73137
1,1,1,1,711,92,-2248,11,0,2,-30,38,125,0,0,0,0,0,0,0,0,0,0,0,0,0,0,0,0,0,0,0,0,0,0,73147
1,1,1,1,712,102,-2242,6,-2,4,-31,39,123,0,0,0,0,0,0,0,0,0,0,0,0,0,0,0,0,0,0,0,0,0,0,73157
1,1,1,1,710,100,-2228,13,-6,8,-29,39,127,0,0,0,0,0,0,0,0,0,0,0,0,0,0,0,0,0,0,0,0,0,0,73167
1,1,1,1,713,98,-2232,10,-11,8,-29,39,126,0,0,0,0,0,0,0,0,0,0,0,0,0,0,0,0,0,0,0,0,0,0,73177
1,1,1,1,712,97,-2227,9,-8,12,-32,40,125,0,0,0,0,0,0,0,0,0,0,0,0,0,0,0,0,0,0,0,0,0,0,73187
1,1,1,1,711,99,-2227,16,-2,14,-32,39,125,0,0,0,0,0,0,0,0,0,0,0,0,0,0,0,0,0,0,0,0,0,0,73197
1,1,1,1,713,99,-2224,13,1,12,-29,39,124,0,0,0,0,0,0,0,0,0,0,0,0,0,0,0,0,0,0,0,0,0,0,73207
1,1,1,1,709,96,-2216,5,0,8,-31,40,124,0,0,0,0,0,0,0,0,0,0,0,0,0,0,0,0,0,0,0,0,0,0,73217
1,1,1,1,707,108,-2217,4,0,4,-29,39,122,0,0,0,0,0,0,0,0,0,0,0,0,0,0,0,0,0,0,0,0,0,0,73227
1,1,1,1,699,122,-2221,8,4,1,-29,40,124,0,0,0,0,0,0,0,0,0,0,0,0,0,0,0,0,0,0,0,0,0,0,73237
1,1,1,1,706,121,-2219,15,14,-3,-30,40,123,0,0,0,0,0,0,0,0,0,0,0,0,0,0,0,0,0,0,0,0,0,0,73247
1,1,1,1,709,116,-2220,7,7,-5,-33,40,124,0,0,0,0,0,0,0,0,0,0,0,0,0,0,0,0,0,0,0,0,0,0,73257
1,1,1,1,716,105,-2220,12,19,-6,-33,40,125,0,0,0,0,0,0,0,0,0,0,0,0,0,0,0,0,0,0,0,0,0,0,73267
1,1,1,1,715,103,-2214,20,25,-5,-33,40,123,0,0,0,0,0,0,0,0,0,0,0,0,0,0,0,0,0,0,0,0,0,0,73277
1,1,1,1,722,90,-2215,20,19,-7,-31,39,121,0,0,0,0,0,0,0,0,0,0,0,0,0,0,0,0,0,0,0,0,0,0,73287
1,1,1,1,726,99,-2235,23,20,-6,-32,39,122,0,0,0,0,0,0,0,0,0,0,0,0,0,0,0,0,0,0,0,0,0,0,73297
1,1,1,1,723,103,-2237,23,20,-1,-31,39,125,0,0,0,0,0,0,0,0,0,0,0,0,0,0,0,0,0,0,0,0,0,0,73307
1,1,1,1,723,103,-2237,25,19,-2,-30,39,126,0,0,0,0,0,0,0,0,0,0,0,0,0,0,0,0,0,0,0,0,0,0,73317
1,1,1,1,720,105,-2242,28,14,-2,-29,40,126,0,0,0,0,0,0,0,0,0,0,0,0,0,0,0,0,0,0,0,0,0,0,73327
1,1,1,1,714,105,-2245,22,10,-4,-30,40,126,0,0,0,0,0,0,0,0,0,0,0,0,0,0,0,0,0,0,0,0,0,0,73337
1,1,1,1,713,104,-2246,22,10,-9,-30,39,124,0,0,0,0,0,0,0,0,0,0,0,0,0,0,0,0,0,0,0,0,0,0,73347
1,1,1,1,719,105,-2225,29,8,-13,-29,39,124,0,0,0,0,0,0,0,0,0,0,0,0,0,0,0,0,0,0,0,0,0,0,73357
1,1,1,1,720,98,-2223,37,17,-19,-29,37,125,0,0,0,0,0,0,0,0,0,0,0,0,0,0,0,0,0,0,0,0,0,0,73367
1,1,1,1,719,97,-2205,42,25,-23,-30,39,121,0,0,0,0,0,0,0,0,0,0,0,0,0,0,0,0,0,0,0,0,0,0,73377
1,1,1,1,713,103,-2208,43,24,-24,-34,42,125,0,0,0,0,0,0,0,0,0,0,0,0,0,0,0,0,0,0,0,0,0,0,73387
1,1,1,1,709,106,-2213,56,36,-25,-35,42,125,0,0,0,0,0,0,0,0,0,0,0,0,0,0,0,0,0,0,0,0,0,0,73397
1,1,1,1,711,101,-2219,67,45,-25,-32,40,123,0,0,0,0,0,0,0,0,0,0,0,0,0,0,0,0,0,0,0,0,0,0,73407
1,1,1,1,711,99,-2232,77,56,-24,-35,42,125,0,0,0,0,0,0,0,0,0,0,0,0,0,0,0,0,0,0,0,0,0,0,73417
1,1,1,1,710,102,-2225,82,53,-22,-31,41,124,0,0,0,0,0,0,0,0,0,0,0,0,0,0,0,0,0,0,0,0,0,0,73427
1,1,1,1,710,98,-2218,78,49,-23,-30,41,121,0,0,0,0,0,0,0,0,0,0,0,0,0,0,0,0,0,0,0,0,0,0,73437
1,1,1,1,715,80,-2245,79,51,-29,-32,40,121,0,0,0,0,0,0,0,0,0,0,0,0,0,0,0,0,0,0,0,0,0,0,73447
1,1,1,1,718,76,-2249,68,56,-34,-30,41,123,0,0,0,0,0,0,0,0,0,0,0,0,0,0,0,0,0,0,0,0,0,0,73457
1,1,1,1,731,49,-2236,75,51,-35,-28,41,121,0,0,0,0,0,0,0,0,0,0,0,0,0,0,0,0,0,0,0,0,0,0,73467
1,1,1,1,731,39,-2229,120,54,-26,-29,43,123,0,0,0,0,0,0,0,0,0,0,0,0,0,0,0,0,0,0,0,0,0,0,73477
1,1,1,1,719,45,-2200,194,78,-15,-28,42,120,0,0,0,0,0,0,0,0,0,0,0,0,0,0,0,0,0,0,0,0,0,0,73487
1,1,1,1,713,50,-2220,230,93,-12,-28,44,117,0,0,0,0,0,0,0,0,0,0,0,0,0,0,0,0,0,0,0,0,0,0,73497
1,1,1,1,701,65,-2226,268,129,-20,-23,44,116,0,0,0,0,0,0,0,0,0,0,0,0,0,0,0,0,0,0,0,0,0,0,73507
1,1,1,1,690,42,-2193,382,192,-37,-17,46,108,0,0,0,0,0,0,0,0,0,0,0,0,0,0,0,0,0,0,0,0,0,0,73517
1,1,1,1,645,58,-2151,621,297,-27,-18,44,99,0,0,0,0,0,0,0,0,0,0,0,0,0,0,0,0,0,0,0,0,0,0,73527
1,1,1,1,671,50,-2089,792,361,-14,-17,45,89,0,0,0,0,0,0,0,0,0,0,0,0,0,0,0,0,0,0,0,0,0,0,73537
1,1,1,1,663,43,-2102,814,371,3,-13,42,83,0,0,0,0,0,0,0,0,0,0,0,0,0,0,0,0,0,0,0,0,0,0,73547
1,1,1,1,709,32,-2079,761,355,14,-15,41,79,0,0,0,0,0,0,0,0,0,0,0,0,0,0,0,0,0,0,0,0,0,0,73557
1,1,1,1,739,39,-2105,697,331,0,-4,39,75,0,0,0,0,0,0,0,0,0,0,0,0,0,0,0,0,0,0,0,0,0,0,73567
1,1,1,1,704,18,-2077,1179,386,37,-15,38,73,0,0,0,0,0,0,0,0,0,0,0,0,0,0,0,0,0,0,0,0,0,0,73577
1,1,1,1,768,66,-2058,1238,481,65,-17,39,70,0,0,0,0,0,0,0,0,0,0,0,0,0,0,0,0,0,0,0,0,0,0,73587
1,1,1,1,919,-10,-2559,661,431,-9,-16,39,67,0,0,0,0,0,0,0,0,0,0,0,0,0,0,0,0,0,0,0,0,0,0,73597
1,1,1,1,701,-125,-2364,508,346,7,-12,38,62,0,0,0,0,0,0,0,0,0,0,0,0,0,0,0,0,0,0,0,0,0,0,73607
1,1,1,1,856,-55,-2322,381,354,11,-10,37,55,0,0,0,0,0,0,0,0,0,0,0,0,0,0,0,0,0,0,0,0,0,0,73617
1,1,1,1,847,-58,-2287,298,379,28,-8,38,50,0,0,0,0,0,0,0,0,0,0,0,0,0,0,0,0,0,0,0,0,0,0,73627
1,1,1,1,834,-46,-2296,272,368,53,-1,38,47,0,0,0,0,0,0,0,0,0,0,0,0,0,0,0,0,0,0,0,0,0,0,73637
1,1,1,1,761,-117,-2334,406,318,71,-5,35,46,0,0,0,0,0,0,0,0,0,0,0,0,0,0,0,0,0,0,0,0,0,0,73647
1,1,1,1,824,-170,-2360,322,241,49,3,37,42,0,0,0,0,0,0,0,0,0,0,0,0,0,0,0,0,0,0,0,0,0,0,73657
1,1,1,1,730,-218,-2409,608,177,42,-1,34,36,0,0,0,0,0,0,0,0,0,0,0,0,0,0,0,0,0,0,0,0,0,0,73667
1,1,1,1,872,-118,-2192,456,144,53,-4,37,37,0,0,0,0,0,0,0,0,0,0,0,0,0,0,0,0,0,0,0,0,0,0,73677
1,1,1,1,985,10,-2231,156,157,15,0,34,33,0,0,0,0,0,0,0,0,0,0,0,0,0,0,0,0,0,0,0,0,0,0,73687
1,1,1,1,787,-109,-2244,816,227,71,34,31,30,0,0,0,0,0,0,0,0,0,0,0,0,0,0,0,0,0,0,0,0,0,0,73697
1,1,1,1,713,-93,-1998,2908,443,167,-3,34,29,0,0,0,0,0,0,0,0,0,0,0,0,0,0,0,0,0,0,0,0,0,0,73707
1,1,1,1,892,-327,-2190,1420,189,-42,-5,32,31,0,0,0,0,0,0,0,0,0,0,0,0,0,0,0,0,0,0,0,0,0,0,73717
1,1,1,1,1026,-112,-2383,443,90,-76,5,33,27,0,0,0,0,0,0,0,0,0,0,0,0,0,0,0,0,0,0,0,0,0,0,73727
1,1,1,1,860,-179,-2309,1054,199,47,12,31,27,0,0,0,0,0,0,0,0,0,0,0,0,0,0,0,0,0,0,0,0,0,0,73737
1,1,1,1,923,-73,-2100,1457,159,83,2,33,32,0,0,0,0,0,0,0,0,0,0,0,0,0,0,0,0,0,0,0,0,0,0,73747
1,1,1,1,1059,-345,-2164,1031,134,38,1,30,35,0,0,0,0,0,0,0,0,0,0,0,0,0,0,0,0,0,0,0,0,0,0,73757
1,1,1,1,961,-413,-2331,834,81,7,2,29,33,0,0,0,0,0,0,0,0,0,0,0,0,0,0,0,0,0,0,0,0,0,0,73767
1,1,1,1,980,-415,-2468,832,48,25,0,30,32,0,0,0,0,0,0,0,0,0,0,0,0,0,0,0,0,0,0,0,0,0,0,73777
1,1,1,1,873,-398,-2368,523,20,37,-2,30,34,0,0,0,0,0,0,0,0,0,0,0,0,0,0,0,0,0,0,0,0,0,0,73787
1,1,1,1,970,-422,-2295,409,-47,27,-1,30,34,0,0,0,0,0,0,0,0,0,0,0,0,0,0,0,0,0,0,0,0,0,0,73797
1,1,1,1,924,-404,-2324,323,-71,10,-1,29,34,0,0,0,0,0,0,0,0,0,0,0,0,0,0,0,0,0,0,0,0,0,0,73807
1,1,1,1,851,-349,-2327,445,-80,37,-2,29,34,0,0,0,0,0,0,0,0,0,0,0,0,0,0,0,0,0,0,0,0,0,0,73817
1,1,1,1,809,-363,-2359,544,-74,45,1,28,32,0,0,0,0,0,0,0,0,0,0,0,0,0,0,0,0,0,0,0,0,0,0,73827
1,1,1,1,791,-322,-2344,758,-55,66,18,28,30,0,0,0,0,0,0,0,0,0,0,0,0,0,0,0,0,0,0,0,0,0,0,73837
1,1,1,1,813,-101,-2217,1831,-2,93,4,28,35,0,0,0,0,0,0,0,0,0,0,0,0,0,0,0,0,0,0,0,0,0,0,73847
1,1,1,1,650,-225,-2318,2746,54,-13,57,27,33,0,0,0,0,0,0,0,0,0,0,0,0,0,0,0,0,0,0,0,0,0,0,73857
1,1,1,1,270,1134,-2262,7438,536,-398,17,29,25,0,0,0,0,0,0,0,0,0,0,0,0,0,0,0,0,0,0,0,0,0,0,73867
1,1,1,1,1166,-651,-2117,6841,626,134,-1,31,36,0,0,0,0,0,0,0,0,0,0,0,0,0,0,0,0,0,0,0,0,0,0,73877
1,1,1,1,867,-1812,-2266,3546,231,42,-6,33,34,0,0,0,0,0,0,0,0,0,0,0,0,0,0,0,0,0,0,0,0,0,0,73887
1,1,1,1,875,-1619,-1712,1768,-245,-141,4,31,37,0,0,0,0,0,0,0,0,0,0,0,0,0,0,0,0,0,0,0,0,0,0,73897
1,1,1,1,1141,-1135,-1840,1169,-439,-127,6,30,36,0,0,0,0,0,0,0,0,0,0,0,0,0,0,0,0,0,0,0,0,0,0,73907
1,1,1,1,936,-767,-2275,1301,-389,-189,4,26,37,0,0,0,0,0,0,0,0,0,0,0,0,0,0,0,0,0,0,0,0,0,0,73917
1,1,1,1,738,-672,-2516,1317,-173,-84,7,28,40,0,0,0,0,0,0,0,0,0,0,0,0,0,0,0,0,0,0,0,0,0,0,73927
1,1,1,1,713,-682,-2528,1713,135,-36,8,30,37,0,0,0,0,0,0,0,0,0,0,0,0,0,0,0,0,0,0,0,0,0,0,73937
1,1,1,1,789,-807,-2217,2055,106,-52,8,31,39,0,0,0,0,0,0,0,0,0,0,0,0,0,0,0,0,0,0,0,0,0,0,73947
1,1,1,1,872,-967,-2068,2114,-32,-84,9,30,39,0,0,0,0,0,0,0,0,0,0,0,0,0,0,0,0,0,0,0,0,0,0,73957
1,1,1,1,932,-1029,-2055,2300,-112,-162,8,30,38,0,0,0,0,0,0,0,0,0,0,0,0,0,0,0,0,0,0,0,0,0,0,73967
1,1,1,1,931,-1040,-2104,2497,-136,-192,7,32,39,0,0,0,0,0,0,0,0,0,0,0,0,0,0,0,0,0,0,0,0,0,0,73977
1,1,1,1,883,-1080,-2229,2749,-31,-237,10,30,40,0,0,0,0,0,0,0,0,0,0,0,0,0,0,0,0,0,0,0,0,0,0,73987
1,1,1,1,886,-1036,-2126,3110,-4,-215,6,32,45,0,0,0,0,0,0,0,0,0,0,0,0,0,0,0,0,0,0,0,0,0,0,73997
1,1,1,1,865,-1228,-2025,3156,-26,-237,7,29,45,0,0,0,0,0,0,0,0,0,0,0,0,0,0,0,0,0,0,0,0,0,0,74007
1,1,1,1,763,-1371,-1947,3073,-94,-331,7,31,43,0,0,0,0,0,0,0,0,0,0,0,0,0,0,0,0,0,0,0,0,0,0,74017
1,1,1,1,910,-1488,-1901,2877,-256,-325,3,30,44,0,0,0,0,0,0,0,0,0,0,0,0,0,0,0,0,0,0,0,0,0,0,74027
1,1,1,1,1074,-1555,-1984,2525,-368,-375,7,31,43,0,0,0,0,0,0,0,0,0,0,0,0,0,0,0,0,0,0,0,0,0,0,74037
1,1,1,1,1002,-1493,-2033,2486,-375,-387,9,29,38,0,0,0,0,0,0,0,0,0,0,0,0,0,0,0,0,0,0,0,0,0,0,74047
1,1,1,1,959,-1474,-2003,2433,-213,-285,6,27,38,0,0,0,0,0,0,0,0,0,0,0,0,0,0,0,0,0,0,0,0,0,0,74057
1,1,1,1,908,-1587,-1914,2202,-44,-177,6,29,43,0,0,0,0,0,0,0,0,0,0,0,0,0,0,0,0,0,0,0,0,0,0,74067
1,1,1,1,875,-1665,-1824,2021,-18,-155,6,30,40,0,0,0,0,0,0,0,0,0,0,0,0,0,0,0,0,0,0,0,0,0,0,74077
1,1,1,1,881,-1713,-1820,1822,-86,-169,4,29,42,0,0,0,0,0,0,0,0,0,0,0,0,0,0,0,0,0,0,0,0,0,0,74087
1,1,1,1,914,-1760,-1842,1673,-115,-139,2,29,40,0,0,0,0,0,0,0,0,0,0,0,0,0,0,0,0,0,0,0,0,0,0,74097
1,1,1,1,946,-1794,-1845,1592,-110,-97,3,29,41,0,0,0,0,0,0,0,0,0,0,0,0,0,0,0,0,0,0,0,0,0,0,74107
1,1,1,1,919,-1759,-1891,1582,-146,-73,4,30,40,0,0,0,0,0,0,0,0,0,0,0,0,0,0,0,0,0,0,0,0,0,0,74117
1,1,1,1,878,-1712,-1914,1662,-204,-68,4,29,39,0,0,0,0,0,0,0,0,0,0,0,0,0,0,0,0,0,0,0,0,0,0,74127
1,1,1,1,786,-1701,-1861,1637,-253,-63,5,30,37,0,0,0,0,0,0,0,0,0,0,0,0,0,0,0,0,0,0,0,0,0,0,74137
1,1,1,1,742,-1671,-1842,1705,-279,-60,5,30,38,0,0,0,0,0,0,0,0,0,0,0,0,0,0,0,0,0,0,0,0,0,0,74147
1,1,1,1,731,-1661,-1766,1871,-292,-64,8,29,39,0,0,0,0,0,0,0,0,0,0,0,0,0,0,0,0,0,0,0,0,0,0,74157
1,1,1,1,710,-1692,-1695,1983,-293,-76,5,30,36,0,0,0,0,0,0,0,0,0,0,0,0,0,0,0,0,0,0,0,0,0,0,74167
1,1,1,1,665,-1800,-1654,2063,-300,-55,7,30,41,0,0,0,0,0,0,0,0,0,0,0,0,0,0,0,0,0,0,0,0,0,0,74177
1,1,1,1,745,-1790,-1460,2198,-321,-72,3,30,41,0,0,0,0,0,0,0,0,0,0,0,0,0,0,0,0,0,0,0,0,0,0,74187
1,1,1,1,922,-1925,-1396,2058,-275,-69,4,29,39,0,0,0,0,0,0,0,0,0,0,0,0,0,0,0,0,0,0,0,0,0,0,74197
1,1,1,1,967,-2003,-1511,2083,-238,-33,5,30,38,0,0,0,0,0,0,0,0,0,0,0,0,0,0,0,0,0,0,0,0,0,0,74207
1,1,1,1,911,-2050,-1532,2005,-232,-22,4,29,36,0,0,0,0,0,0,0,0,0,0,0,0,0,0,0,0,0,0,0,0,0,0,74217
1,1,1,1,864,-2077,-1512,1741,-200,11,7,29,35,0,0,0,0,0,0,0,0,0,0,0,0,0,0,0,0,0,0,0,0,0,0,74227
1,1,1,1,826,-2000,-1430,1637,-175,29,4,29,36,0,0,0,0,0,0,0,0,0,0,0,0,0,0,0,0,0,0,0,0,0,0,74237
1,1,1,1,856,-1984,-1335,1600,-181,-19,2,29,37,0,0,0,0,0,0,0,0,0,0,0,0,0,0,0,0,0,0,0,0,0,0,74247
1,1,1,1,891,-2032,-1397,1387,-176,-63,3,29,36,0,0,0,0,0,0,0,0,0,0,0,0,0,0,0,0,0,0,0,0,0,0,74257
1,1,1,1,881,-2071,-1366,1394,-210,-113,4,27,38,0,0,0,0,0,0,0,0,0,0,0,0,0,0,0,0,0,0,0,0,0,0,74267
1,1,1,1,898,-2028,-1350,1360,-243,-168,5,28,35,0,0,0,0,0,0,0,0,0,0,0,0,0,0,0,0,0,0,0,0,0,0,74277
1,1,1,1,834,-1964,-1365,1364,-232,-293,3,29,34,0,0,0,0,0,0,0,0,0,0,0,0,0,0,0,0,0,0,0,0,0,0,74287
1,1,1,1,788,-1952,-1349,1386,-228,-437,0,32,34,0,0,0,0,0,0,0,0,0,0,0,0,0,0,0,0,0,0,0,0,0,0,74297
1,1,1,1,821,-2104,-1310,1096,-321,-406,-1,31,30,0,0,0,0,0,0,0,0,0,0,0,0,0,0,0,0,0,0,0,0,0,0,74307
1,1,1,1,858,-1948,-1210,877,-409,-324,3,30,33,0,0,0,0,0,0,0,0,0,0,0,0,0,0,0,0,0,0,0,0,0,0,74317
1,1,1,1,836,-1935,-1286,1004,-317,-386,9,29,31,0,0,0,0,0,0,0,0,0,0,0,0,0,0,0,0,0,0,0,0,0,0,74327
1,1,1,1,801,-2083,-1314,1227,-224,-359,10,29,29,0,0,0,0,0,0,0,0,0,0,0,0,0,0,0,0,0,0,0,0,0,0,74337
1,1,1,1,863,-2180,-1232,1378,-253,-316,8,29,32,0,0,0,0,0,0,0,0,0,0,0,0,0,0,0,0,0,0,0,0,0,0,74347
1,1,1,1,926,-2257,-1234,1445,-322,-358,7,31,34,0,0,0,0,0,0,0,0,0,0,0,0,0,0,0,0,0,0,0,0,0,0,74357
1,1,1,1,954,-2209,-1166,1475,-411,-400,12,28,30,0,0,0,0,0,0,0,0,0,0,0,0,0,0,0,0,0,0,0,0,0,0,74367
1,1,1,1,948,-2177,-1160,1466,-438,-444,11,28,26,0,0,0,0,0,0,0,0,0,0,0,0,0,0,0,0,0,0,0,0,0,0,74377
1,1,1,1,927,-2151,-1219,1489,-409,-510,11,28,28,0,0,0,0,0,0,0,0,0,0,0,0,0,0,0,0,0,0,0,0,0,0,74387
1,1,1,1,933,-2089,-1179,1594,-341,-529,13,28,26,0,0,0,0,0,0,0,0,0,0,0,0,0,0,0,0,0,0,0,0,0,0,74397
1,1,1,1,972,-2040,-1020,1738,-311,-463,12,28,24,0,0,0,0,0,0,0,0,0,0,0,0,0,0,0,0,0,0,0,0,0,0,74407
1,1,1,1,944,-2041,-949,1826,-360,-327,10,29,22,0,0,0,0,0,0,0,0,0,0,0,0,0,0,0,0,0,0,0,0,0,0,74417
1,1,1,1,936,-2067,-915,1849,-449,-134,13,29,21,0,0,0,0,0,0,0,0,0,0,0,0,0,0,0,0,0,0,0,0,0,0,74427
1,1,1,1,907,-2124,-895,1865,-537,81,13,29,16,0,0,0,0,0,0,0,0,0,0,0,0,0,0,0,0,0,0,0,0,0,0,74437
1,1,1,1,847,-2205,-923,1891,-590,264,13,28,19,0,0,0,0,0,0,0,0,0,0,0,0,0,0,0,0,0,0,0,0,0,0,74447
1,1,1,1,839,-2294,-1023,1863,-588,368,14,28,20,0,0,0,0,0,0,0,0,0,0,0,0,0,0,0,0,0,0,0,0,0,0,74457
1,1,1,1,878,-2336,-1075,1855,-523,352,12,28,20,0,0,0,0,0,0,0,0,0,0,0,0,0,0,0,0,0,0,0,0,0,0,74467
1,1,1,1,905,-2325,-1048,1893,-405,239,10,28,25,0,0,0,0,0,0,0,0,0,0,0,0,0,0,0,0,0,0,0,0,0,0,74477
1,1,1,1,920,-2366,-1028,1868,-277,99,11,28,26,0,0,0,0,0,0,0,0,0,0,0,0,0,0,0,0,0,0,0,0,0,0,74487
1,1,1,1,908,-2382,-979,1889,-199,-31,11,29,27,0,0,0,0,0,0,0,0,0,0,0,0,0,0,0,0,0,0,0,0,0,0,74497
1,1,1,1,894,-2340,-877,1869,-158,-99,9,28,27,0,0,0,0,0,0,0,0,0,0,0,0,0,0,0,0,0,0,0,0,0,0,74507
1,1,1,1,908,-2342,-818,1800,-182,-98,10,30,28,0,0,0,0,0,0,0,0,0,0,0,0,0,0,0,0,0,0,0,0,0,0,74517
1,1,1,1,917,-2316,-683,1830,-252,-88,11,30,26,0,0,0,0,0,0,0,0,0,0,0,0,0,0,0,0,0,0,0,0,0,0,74527
1,1,1,1,899,-2297,-613,1870,-367,-98,11,30,31,0,0,0,0,0,0,0,0,0,0,0,0,0,0,0,0,0,0,0,0,0,0,74537
1,1,1,1,896,-2307,-661,1841,-468,-118,11,29,24,0,0,0,0,0,0,0,0,0,0,0,0,0,0,0,0,0,0,0,0,0,0,74547
1,1,1,1,892,-2332,-698,1798,-500,-169,11,29,29,0,0,0,0,0,0,0,0,0,0,0,0,0,0,0,0,0,0,0,0,0,0,74557
1,1,1,1,903,-2328,-662,1702,-513,-195,9,29,30,0,0,0,0,0,0,0,0,0,0,0,0,0,0,0,0,0,0,0,0,0,0,74567
1,1,1,1,913,-2365,-588,1485,-584,-138,11,28,24,0,0,0,0,0,0,0,0,0,0,0,0,0,0,0,0,0,0,0,0,0,0,74577
1,1,1,1,877,-2388,-616,1285,-651,-92,8,30,28,0,0,0,0,0,0,0,0,0,0,0,0,0,0,0,0,0,0,0,0,0,0,74587
1,1,1,1,819,-2387,-653,1144,-630,-92,6,29,27,0,0,0,0,0,0,0,0,0,0,0,0,0,0,0,0,0,0,0,0,0,0,74597
1,1,1,1,788,-2405,-719,1050,-546,-146,6,32,28,0,0,0,0,0,0,0,0,0,0,0,0,0,0,0,0,0,0,0,0,0,0,74607
1,1,1,1,768,-2417,-748,1006,-414,-212,6,30,32,0,0,0,0,0,0,0,0,0,0,0,0,0,0,0,0,0,0,0,0,0,0,74617
1,1,1,1,755,-2335,-681,1055,-304,-240,8,29,30,0,0,0,0,0,0,0,0,0,0,0,0,0,0,0,0,0,0,0,0,0,0,74627
1,1,1,1,700,-2208,-544,1221,-279,-166,12,30,30,0,0,0,0,0,0,0,0,0,0,0,0,0,0,0,0,0,0,0,0,0,0,74637
1,1,1,1,633,-2121,-396,1502,-284,-39,7,29,29,0,0,0,0,0,0,0,0,0,0,0,0,0,0,0,0,0,0,0,0,0,0,74647
1,1,1,1,915,-2384,-594,1140,-233,5,7,29,28,0,0,0,0,0,0,0,0,0,0,0,0,0,0,0,0,0,0,0,0,0,0,74657
1,1,1,1,793,-2449,-628,910,-168,64,10,28,28,0,0,0,0,0,0,0,0,0,0,0,0,0,0,0,0,0,0,0,0,0,0,74667
1,1,1,1,674,-2309,-520,944,-80,126,9,28,29,0,0,0,0,0,0,0,0,0,0,0,0,0,0,0,0,0,0,0,0,0,0,74677
1,1,1,1,799,-2310,-504,857,16,202,6,29,26,0,0,0,0,0,0,0,0,0,0,0,0,0,0,0,0,0,0,0,0,0,0,74687
1,1,1,1,812,-2340,-446,688,19,284,7,29,28,0,0,0,0,0,0,0,0,0,0,0,0,0,0,0,0,0,0,0,0,0,0,74697
1,1,1,1,852,-2303,-370,692,-8,267,8,30,32,0,0,0,0,0,0,0,0,0,0,0,0,0,0,0,0,0,0,0,0,0,0,74707
1,1,1,1,882,-2306,-307,859,-51,141,6,30,35,0,0,0,0,0,0,0,0,0,0,0,0,0,0,0,0,0,0,0,0,0,0,74717
1,1,1,1,866,-2389,-319,937,-128,20,6,30,35,0,0,0,0,0,0,0,0,0,0,0,0,0,0,0,0,0,0,0,0,0,0,74727
1,1,1,1,870,-2371,-307,835,-227,8,4,30,40,0,0,0,0,0,0,0,0,0,0,0,0,0,0,0,0,0,0,0,0,0,0,74737
1,1,1,1,857,-2349,-327,864,-226,-22,4,31,39,0,0,0,0,0,0,0,0,0,0,0,0,0,0,0,0,0,0,0,0,0,0,74747
1,1,1,1,821,-2298,-300,889,-243,-19,2,30,45,0,0,0,0,0,0,0,0,0,0,0,0,0,0,0,0,0,0,0,0,0,0,74757
1,1,1,1,836,-2360,-341,892,-209,-37,0,31,45,0,0,0,0,0,0,0,0,0,0,0,0,0,0,0,0,0,0,0,0,0,0,74767
1,1,1,1,843,-2360,-329,774,-168,-4,-3,32,46,0,0,0,0,0,0,0,0,0,0,0,0,0,0,0,0,0,0,0,0,0,0,74777
1,1,1,1,859,-2361,-251,703,-160,14,-4,33,47,0,0,0,0,0,0,0,0,0,0,0,0,0,0,0,0,0,0,0,0,0,0,74787
1,1,1,1,881,-2294,-179,743,-154,24,-4,33,51,0,0,0,0,0,0,0,0,0,0,0,0,0,0,0,0,0,0,0,0,0,0,74797
1,1,1,1,883,-2321,-145,788,-221,2,-2,34,54,0,0,0,0,0,0,0,0,0,0,0,0,0,0,0,0,0,0,0,0,0,0,74807
1,1,1,1,886,-2363,-115,744,-308,-5,-6,34,60,0,0,0,0,0,0,0,0,0,0,0,0,0,0,0,0,0,0,0,0,0,0,74817
1,1,1,1,829,-2401,-271,711,-225,-38,-10,33,61,0,0,0,0,0,0,0,0,0,0,0,0,0,0,0,0,0,0,0,0,0,0,74827
1,1,1,1,741,-2328,-353,612,-148,15,-11,34,66,0,0,0,0,0,0,0,0,0,0,0,0,0,0,0,0,0,0,0,0,0,0,74837
1,1,1,1,785,-2359,-276,517,-99,52,-13,35,69,0,0,0,0,0,0,0,0,0,0,0,0,0,0,0,0,0,0,0,0,0,0,74847
1,1,1,1,815,-2339,-196,448,-121,61,-15,36,68,0,0,0,0,0,0,0,0,0,0,0,0,0,0,0,0,0,0,0,0,0,0,74857
1,1,1,1,836,-2333,-211,420,-165,36,-16,35,71,0,0,0,0,0,0,0,0,0,0,0,0,0,0,0,0,0,0,0,0,0,0,74867
1,1,1,1,828,-2279,-276,425,-129,28,-16,34,72,0,0,0,0,0,0,0,0,0,0,0,0,0,0,0,0,0,0,0,0,0,0,74877
1,1,1,1,884,-2230,-162,488,-121,23,-15,37,75,0,0,0,0,0,0,0,0,0,0,0,0,0,0,0,0,0,0,0,0,0,0,74887
1,1,1,1,906,-2220,-87,631,-124,-2,-14,38,78,0,0,0,0,0,0,0,0,0,0,0,0,0,0,0,0,0,0,0,0,0,0,74897
1,1,1,1,892,-2276,-69,693,-136,-1,-19,41,84,0,0,0,0,0,0,0,0,0,0,0,0,0,0,0,0,0,0,0,0,0,0,74907
1,1,1,1,889,-2360,-80,621,-133,4,-20,37,86,0,0,0,0,0,0,0,0,0,0,0,0,0,0,0,0,0,0,0,0,0,0,74917
1,1,1,1,855,-2421,-125,453,-108,27,-24,43,94,0,0,0,0,0,0,0,0,0,0,0,0,0,0,0,0,0,0,0,0,0,0,74927
1,1,1,1,846,-2409,-86,309,-124,45,-27,43,98,0,0,0,0,0,0,0,0,0,0,0,0,0,0,0,0,0,0,0,0,0,0,74937
1,1,1,1,836,-2419,-124,181,-130,48,-26,41,104,0,0,0,0,0,0,0,0,0,0,0,0,0,0,0,0,0,0,0,0,0,0,74947
1,1,1,1,809,-2393,-121,111,-133,48,-27,43,107,0,0,0,0,0,0,0,0,0,0,0,0,0,0,0,0,0,0,0,0,0,0,74957
1,1,1,1,804,-2309,-135,154,-116,48,-25,41,108,0,0,0,0,0,0,0,0,0,0,0,0,0,0,0,0,0,0,0,0,0,0,74967
1,1,1,1,847,-2289,-117,191,-117,48,-27,43,111,0,0,0,0,0,0,0,0,0,0,0,0,0,0,0,0,0,0,0,0,0,0,74977
1,1,1,1,914,-2311,-54,187,-138,45,-26,44,115,0,0,0,0,0,0,0,0,0,0,0,0,0,0,0,0,0,0,0,0,0,0,74987
1,1,1,1,915,-2303,-46,202,-142,46,-28,45,119,0,0,0,0,0,0,0,0,0,0,0,0,0,0,0,0,0,0,0,0,0,0,74997
1,1,1,1,906,-2350,-62,160,-125,56,-28,45,123,0,0,0,0,0,0,0,0,0,0,0,0,0,0,0,0,0,0,0,0,0,0,75007
1,1,1,1,881,-2360,-32,123,-125,65,-32,46,126,0,0,0,0,0,0,0,0,0,0,0,0,0,0,0,0,0,0,0,0,0,0,75017
1,1,1,1,849,-2341,-81,113,-109,72,-32,48,132,0,0,0,0,0,0,0,0,0,0,0,0,0,0,0,0,0,0,0,0,0,0,75027
1,1,1,1,822,-2356,-88,102,-105,74,-33,49,135,0,0,0,0,0,0,0,0,0,0,0,0,0,0,0,0,0,0,0,0,0,0,75037
1,1,1,1,795,-2344,-136,80,-92,71,-32,50,136,0,0,0,0,0,0,0,0,0,0,0,0,0,0,0,0,0,0,0,0,0,0,75047
1,1,1,1,797,-2295,-125,127,-75,67,-35,51,138,0,0,0,0,0,0,0,0,0,0,0,0,0,0,0,0,0,0,0,0,0,0,75057
1,1,1,1,819,-2314,-116,137,-76,58,-34,51,140,0,0,0,0,0,0,0,0,0,0,0,0,0,0,0,0,0,0,0,0,0,0,75067
1,1,1,1,839,-2329,-89,103,-72,62,-35,52,139,0,0,0,0,0,0,0,0,0,0,0,0,0,0,0,0,0,0,0,0,0,0,75077
1,1,1,1,862,-2303,-49,103,-86,60,-36,52,140,0,0,0,0,0,0,0,0,0,0,0,0,0,0,0,0,0,0,0,0,0,0,75087
1,1,1,1,868,-2319,-32,76,-92,68,-37,52,142,0,0,0,0,0,0,0,0,0,0,0,0,0,0,0,0,0,0,0,0,0,0,75097
1,1,1,1,840,-2333,-55,49,-81,71,-34,53,141,0,0,0,0,0,0,0,0,0,0,0,0,0,0,0,0,0,0,0,0,0,0,75107
1,1,1,1,844,-2311,-47,29,-74,83,-34,53,142,0,0,0,0,0,0,0,0,0,0,0,0,0,0,0,0,0,0,0,0,0,0,75117
1,1,1,1,839,-2329,-54,24,-53,85,-33,55,146,0,0,0,0,0,0,0,0,0,0,0,0,0,0,0,0,0,0,0,0,0,0,75127
1,1,1,1,831,-2327,-70,14,-41,84,-32,54,145,0,0,0,0,0,0,0,0,0,0,0,0,0,0,0,0,0,0,0,0,0,0,75137
1,1,1,1,832,-2339,-72,-12,-36,82,-32,55,148,0,0,0,0,0,0,0,0,0,0,0,0,0,0,0,0,0,0,0,0,0,0,75147
1,1,1,1,840,-2328,-56,-36,-43,68,-33,54,150,0,0,0,0,0,0,0,0,0,0,0,0,0,0,0,0,0,0,0,0,0,0,75157
1,1,1,1,825,-2303,-90,-21,-38,53,-35,53,149,0,0,0,0,0,0,0,0,0,0,0,0,0,0,0,0,0,0,0,0,0,0,75167
1,1,1,1,818,-2290,-96,17,-33,41,-35,56,149,0,0,0,0,0,0,0,0,0,0,0,0,0,0,0,0,0,0,0,0,0,0,75177
1,1,1,1,828,-2318,-96,21,-44,25,-32,55,149,0,0,0,0,0,0,0,0,0,0,0,0,0,0,0,0,0,0,0,0,0,0,75187
1,1,1,1,834,-2304,-96,19,-39,14,-34,55,151,0,0,0,0,0,0,0,0,0,0,0,0,0,0,0,0,0,0,0,0,0,0,75197
1,1,1,1,848,-2290,-72,33,-50,10,-36,60,155,0,0,0,0,0,0,0,0,0,0,0,0,0,0,0,0,0,0,0,0,0,0,75207
1,1,1,1,846,-2296,-75,51,-47,7,-34,58,155,0,0,0,0,0,0,0,0,0,0,0,0,0,0,0,0,0,0,0,0,0,0,75217
1,1,1,1,836,-2305,-74,59,-37,14,-33,56,150,0,0,0,0,0,0,0,0,0,0,0,0,0,0,0,0,0,0,0,0,0,0,75227
1,1,1,1,831,-2338,-57,49,-30,17,-35,59,155,0,0,0,0,0,0,0,0,0,0,0,0,0,0,0,0,0,0,0,0,0,0,75237
1,1,1,1,830,-2351,-52,29,-23,20,-34,58,157,0,0,0,0,0,0,0,0,0,0,0,0,0,0,0,0,0,0,0,0,0,0,75247
1,1,1,1,830,-2361,-45,2,-21,25,-34,61,162,0,0,0,0,0,0,0,0,0,0,0,0,0,0,0,0,0,0,0,0,0,0,75257
1,1,1,1,821,-2363,-72,-33,-13,23,-32,60,163,0,0,0,0,0,0,0,0,0,0,0,0,0,0,0,0,0,0,0,0,0,0,75267
1,1,1,1,819,-2356,-73,-66,0,21,-33,61,166,0,0,0,0,0,0,0,0,0,0,0,0,0,0,0,0,0,0,0,0,0,0,75277
1,1,1,1,824,-2334,-53,-71,-2,16,-34,62,165,0,0,0,0,0,0,0,0,0,0,0,0,0,0,0,0,0,0,0,0,0,0,75287
1,1,1,1,839,-2314,-60,-58,-8,9,-34,62,165,0,0,0,0,0,0,0,0,0,0,0,0,0,0,0,0,0,0,0,0,0,0,75297
1,1,1,1,840,-2318,-60,-38,-8,9,-32,62,167,0,0,0,0,0,0,0,0,0,0,0,0,0,0,0,0,0,0,0,0,0,0,75307
1,1,1,1,847,-2313,-64,-9,-25,4,-34,63,168,0,0,0,0,0,0,0,0,0,0,0,0,0,0,0,0,0,0,0,0,0,0,75317
1,1,1,1,824,-2325,-105,9,-11,1,-32,61,168,0,0,0,0,0,0,0,0,0,0,0,0,0,0,0,0,0,0,0,0,0,0,75327
1,1,1,1,823,-2320,-103,21,-4,1,-34,63,167,0,0,0,0,0,0,0,0,0,0,0,0,0,0,0,0,0,0,0,0,0,0,75337
1,1,1,1,830,-2312,-104,51,-4,-6,-33,64,168,0,0,0,0,0,0,0,0,0,0,0,0,0,0,0,0,0,0,0,0,0,0,75347
1,1,1,1,838,-2328,-108,61,-2,-12,-33,64,166,0,0,0,0,0,0,0,0,0,0,0,0,0,0,0,0,0,0,0,0,0,0,75357
1,1,1,1,850,-2320,-90,61,3,-12,-34,65,169,0,0,0,0,0,0,0,0,0,0,0,0,0,0,0,0,0,0,0,0,0,0,75367
1,1,1,1,857,-2330,-83,43,8,-1,-34,65,166,0,0,0,0,0,0,0,0,0,0,0,0,0,0,0,0,0,0,0,0,0,0,75377
1,1,1,1,849,-2327,-65,25,2,3,-35,64,167,0,0,0,0,0,0,0,0,0,0,0,0,0,0,0,0,0,0,0,0,0,0,75387
1,1,1,1,835,-2331,-51,18,-4,7,-33,64,166,0,0,0,0,0,0,0,0,0,0,0,0,0,0,0,0,0,0,0,0,0,0,75397
1,1,1,1,828,-2315,-51,22,-7,12,-34,64,165,0,0,0,0,0,0,0,0,0,0,0,0,0,0,0,0,0,0,0,0,0,0,75407
1,1,1,1,827,-2320,-68,44,-2,7,-33,64,168,0,0,0,0,0,0,0,0,0,0,0,0,0,0,0,0,0,0,0,0,0,0,75417
1,1,1,1,822,-2314,-73,64,11,9,-31,64,169,0,0,0,0,0,0,0,0,0,0,0,0,0,0,0,0,0,0,0,0,0,0,75427
1,1,1,1,829,-2318,-76,76,6,3,-32,64,166,0,0,0,0,0,0,0,0,0,0,0,0,0,0,0,0,0,0,0,0,0,0,75437
1,1,1,1,828,-2333,-77,78,2,-6,-33,64,168,0,0,0,0,0,0,0,0,0,0,0,0,0,0,0,0,0,0,0,0,0,0,75447
1,1,1,1,836,-2324,-63,74,2,-8,-35,65,168,0,0,0,0,0,0,0,0,0,0,0,0,0,0,0,0,0,0,0,0,0,0,75457
1,1,1,1,830,-2329,-76,62,3,-11,-35,64,164,0,0,0,0,0,0,0,0,0,0,0,0,0,0,0,0,0,0,0,0,0,0,75467
1,1,1,1,831,-2323,-75,54,7,-8,-37,66,167,0,0,0,0,0,0,0,0,0,0,0,0,0,0,0,0,0,0,0,0,0,0,75477
1,1,1,1,832,-2329,-72,46,13,-6,-34,65,168,0,0,0,0,0,0,0,0,0,0,0,0,0,0,0,0,0,0,0,0,0,0,75487
1,1,1,1,844,-2319,-48,42,2,-9,-34,65,168,0,0,0,0,0,0,0,0,0,0,0,0,0,0,0,0,0,0,0,0,0,0,75497
1,1,1,1,845,-2320,-45,32,-7,4,-34,65,165,0,0,0,0,0,0,0,0,0,0,0,0,0,0,0,0,0,0,0,0,0,0,75507
1,1,1,1,829,-2336,-68,23,-8,9,-36,63,166,0,0,0,0,0,0,0,0,0,0,0,0,0,0,0,0,0,0,0,0,0,0,75517
1,1,1,1,833,-2328,-69,23,5,12,-34,60,166,0,0,0,0,0,0,0,0,0,0,0,0,0,0,0,0,0,0,0,0,0,0,75527
1,1,1,1,837,-2325,-66,40,4,10,-34,64,165,0,0,0,0,0,0,0,0,0,0,0,0,0,0,0,0,0,0,0,0,0,0,75537
1,1,1,1,832,-2324,-66,47,0,10,-34,65,168,0,0,0,0,0,0,0,0,0,0,0,0,0,0,0,0,0,0,0,0,0,0,75547
1,1,1,1,835,-2315,-57,65,-3,2,-32,63,165,0,0,0,0,0,0,0,0,0,0,0,0,0,0,0,0,0,0,0,0,0,0,75557
1,1,1,1,833,-2322,-56,65,-11,0,-31,65,166,0,0,0,0,0,0,0,0,0,0,0,0,0,0,0,0,0,0,0,0,0,0,75567
1,1,1,1,830,-2319,-57,68,-17,1,-33,64,165,0,0,0,0,0,0,0,0,0,0,0,0,0,0,0,0,0,0,0,0,0,0,75577
1,1,1,1,833,-2307,-65,90,-16,-3,-32,64,166,0,0,0,0,0,0,0,0,0,0,0,0,0,0,0,0,0,0,0,0,0,0,75587
1,1,1,1,836,-2310,-62,109,-16,-6,-32,65,165,0,0,0,0,0,0,0,0,0,0,0,0,0,0,0,0,0,0,0,0,0,0,75597
1,1,1,1,838,-2327,-51,110,-21,-6,-32,64,167,0,0,0,0,0,0,0,0,0,0,0,0,0,0,0,0,0,0,0,0,0,0,75607
1,1,1,1,838,-2323,-40,108,-12,-4,-32,64,166,0,0,0,0,0,0,0,0,0,0,0,0,0,0,0,0,0,0,0,0,0,0,75617
1,1,1,1,836,-2333,-41,97,-5,1,-32,65,166,0,0,0,0,0,0,0,0,0,0,0,0,0,0,0,0,0,0,0,0,0,0,75627
1,1,1,1,824,-2332,-33,86,-7,5,-32,65,164,0,0,0,0,0,0,0,0,0,0,0,0,0,0,0,0,0,0,0,0,0,0,75637
1,1,1,1,825,-2317,-27,84,-4,12,-32,65,163,0,0,0,0,0,0,0,0,0,0,0,0,0,0,0,0,0,0,0,0,0,0,75647
1,1,1,1,826,-2330,-31,78,6,16,-31,65,164,0,0,0,0,0,0,0,0,0,0,0,0,0,0,0,0,0,0,0,0,0,0,75657
1,1,1,1,826,-2322,-35,78,14,14,-33,66,162,0,0,0,0,0,0,0,0,0,0,0,0,0,0,0,0,0,0,0,0,0,0,75667
1,1,1,1,830,-2317,-40,81,14,12,-32,65,165,0,0,0,0,0,0,0,0,0,0,0,0,0,0,0,0,0,0,0,0,0,0,75677
1,1,1,1,825,-2307,-46,80,11,13,-34,65,164,0,0,0,0,0,0,0,0,0,0,0,0,0,0,0,0,0,0,0,0,0,0,75687
1,1,1,1,824,-2299,-44,101,9,9,-34,65,166,0,0,0,0,0,0,0,0,0,0,0,0,0,0,0,0,0,0,0,0,0,0,75697
1,1,1,1,826,-2292,-54,130,7,-3,-33,65,162,0,0,0,0,0,0,0,0,0,0,0,0,0,0,0,0,0,0,0,0,0,0,75707
1,1,1,1,842,-2311,-39,119,9,-1,-31,65,162,0,0,0,0,0,0,0,0,0,0,0,0,0,0,0,0,0,0,0,0,0,0,75717
1,1,1,1,835,-2321,-24,87,0,-2,-32,66,162,0,0,0,0,0,0,0,0,0,0,0,0,0,0,0,0,0,0,0,0,0,0,75727
1,1,1,1,828,-2304,-26,87,3,-5,-32,65,163,0,0,0,0,0,0,0,0,0,0,0,0,0,0,0,0,0,0,0,0,0,0,75737
1,1,1,1,831,-2314,-15,93,11,-4,-31,66,163,0,0,0,0,0,0,0,0,0,0,0,0,0,0,0,0,0,0,0,0,0,0,75747
1,1,1,1,824,-2318,-14,94,16,-7,-28,65,160,0,0,0,0,0,0,0,0,0,0,0,0,0,0,0,0,0,0,0,0,0,0,75757
1,1,1,1,828,-2316,-15,99,22,-11,-29,66,163,0,0,0,0,0,0,0,0,0,0,0,0,0,0,0,0,0,0,0,0,0,0,75767
1,1,1,1,837,-2317,-3,123,38,-16,-30,67,160,0,0,0,0,0,0,0,0,0,0,0,0,0,0,0,0,0,0,0,0,0,0,75777
1,1,1,1,837,-2297,5,162,46,-17,-29,66,163,0,0,0,0,0,0,0,0,0,0,0,0,0,0,0,0,0,0,0,0,0,0,75787
1,1,1,1,837,-2288,6,193,34,-15,-25,64,162,0,0,0,0,0,0,0,0,0,0,0,0,0,0,0,0,0,0,0,0,0,0,75797
1,1,1,1,837,-2288,6,202,22,-12,-28,65,164,0,0,0,0,0,0,0,0,0,0,0,0,0,0,0,0,0,0,0,0,0,0,75807
1,1,1,1,841,-2320,-15,176,20,-2,-30,68,163,0,0,0,0,0,0,0,0,0,0,0,0,0,0,0,0,0,0,0,0,0,0,75817
1,1,1,1,853,-2341,-9,112,12,11,-32,65,158,0,0,0,0,0,0,0,0,0,0,0,0,0,0,0,0,0,0,0,0,0,0,75827
1,1,1,1,844,-2334,-21,76,9,12,-32,69,162,0,0,0,0,0,0,0,0,0,0,0,0,0,0,0,0,0,0,0,0,0,0,75837
1,1,1,1,845,-2317,-6,74,19,16,-29,63,160,0,0,0,0,0,0,0,0,0,0,0,0,0,0,0,0,0,0,0,0,0,0,75847
1,1,1,1,837,-2323,-8,58,11,15,-33,65,163,0,0,0,0,0,0,0,0,0,0,0,0,0,0,0,0,0,0,0,0,0,0,75857
1,1,1,1,835,-2316,-9,60,8,7,-31,67,163,0,0,0,0,0,0,0,0,0,0,0,0,0,0,0,0,0,0,0,0,0,0,75867
1,1,1,1,829,-2306,0,72,11,6,-29,65,163,0,0,0,0,0,0,0,0,0,0,0,0,0,0,0,0,0,0,0,0,0,0,75877
1,1,1,1,821,-2301,8,83,11,8,-30,66,162,0,0,0,0,0,0,0,0,0,0,0,0,0,0,0,0,0,0,0,0,0,0,75887
1,1,1,1,826,-2288,6,112,16,2,-33,66,159,0,0,0,0,0,0,0,0,0,0,0,0,0,0,0,0,0,0,0,0,0,0,75897
1,1,1,1,832,-2302,16,120,20,3,-34,66,160,0,0,0,0,0,0,0,0,0,0,0,0,0,0,0,0,0,0,0,0,0,0,75907
1,1,1,1,841,-2323,23,92,20,10,-32,65,161,0,0,0,0,0,0,0,0,0,0,0,0,0,0,0,0,0,0,0,0,0,0,75917
1,1,1,1,848,-2317,17,80,22,16,-31,66,157,0,0,0,0,0,0,0,0,0,0,0,0,0,0,0,0,0,0,0,0,0,0,75927
1,1,1,1,844,-2314,22,60,20,15,-30,66,160,0,0,0,0,0,0,0,0,0,0,0,0,0,0,0,0,0,0,0,0,0,0,75937
1,1,1,1,835,-2323,30,52,25,19,-29,65,159,0,0,0,0,0,0,0,0,0,0,0,0,0,0,0,0,0,0,0,0,0,0,75947
1,1,1,1,820,-2318,24,50,32,19,-29,66,158,0,0,0,0,0,0,0,0,0,0,0,0,0,0,0,0,0,0,0,0,0,0,75957
1,1,1,1,828,-2296,28,61,28,23,-29,66,160,0,0,0,0,0,0,0,0,0,0,0,0,0,0,0,0,0,0,0,0,0,0,75967
1,1,1,1,833,-2298,23,69,26,22,-28,65,161,0,0,0,0,0,0,0,0,0,0,0,0,0,0,0,0,0,0,0,0,0,0,75977
1,1,1,1,831,-2304,16,74,35,24,-29,65,160,0,0,0,0,0,0,0,0,0,0,0,0,0,0,0,0,0,0,0,0,0,0,75987
1,1,1,1,830,-2311,18,76,41,20,-30,67,163,0,0,0,0,0,0,0,0,0,0,0,0,0,0,0,0,0,0,0,0,0,0,75997
1,1,1,1,828,-2317,21,60,40,21,-29,65,161,0,0,0,0,0,0,0,0,0,0,0,0,0,0,0,0,0,0,0,0,0,0,76007
1,1,1,1,835,-2331,29,31,29,21,-30,65,163,0,0,0,0,0,0,0,0,0,0,0,0,0,0,0,0,0,0,0,0,0,0,76017
1,1,1,1,824,-2326,17,10,29,19,-30,66,161,0,0,0,0,0,0,0,0,0,0,0,0,0,0,0,0,0,0,0,0,0,0,76027
1,1,1,1,828,-2304,18,11,26,19,-32,66,161,0,0,0,0,0,0,0,0,0,0,0,0,0,0,0,0,0,0,0,0,0,0,76037
1,1,1,1,831,-2288,25,34,20,12,-30,66,161,0,0,0,0,0,0,0,0,0,0,0,0,0,0,0,0,0,0,0,0,0,0,76047
1,1,1,1,838,-2309,21,36,23,9,-30,66,160,0,0,0,0,0,0,0,0,0,0,0,0,0,0,0,0,0,0,0,0,0,0,76057
1,1,1,1,836,-2305,30,39,19,3,-30,66,161,0,0,0,0,0,0,0,0,0,0,0,0,0,0,0,0,0,0,0,0,0,0,76067
1,1,1,1,838,-2265,50,78,4,3,-31,67,161,0,0,0,0,0,0,0,0,0,0,0,0,0,0,0,0,0,0,0,0,0,0,76077
1,1,1,1,830,-2321,32,70,9,6,-34,64,164,0,0,0,0,0,0,0,0,0,0,0,0,0,0,0,0,0,0,0,0,0,0,76087
1,1,1,1,828,-2327,43,33,11,13,-32,65,160,0,0,0,0,0,0,0,0,0,0,0,0,0,0,0,0,0,0,0,0,0,0,76097
1,1,1,1,818,-2327,43,26,23,15,-31,65,161,0,0,0,0,0,0,0,0,0,0,0,0,0,0,0,0,0,0,0,0,0,0,76107
1,1,1,1,814,-2334,42,0,26,16,-34,68,161,0,0,0,0,0,0,0,0,0,0,0,0,0,0,0,0,0,0,0,0,0,0,76117
1,1,1,1,818,-2330,43,-15,32,16,-31,66,163,0,0,0,0,0,0,0,0,0,0,0,0,0,0,0,0,0,0,0,0,0,0,76127
1,1,1,1,825,-2314,31,-9,40,11,-32,66,162,0,0,0,0,0,0,0,0,0,0,0,0,0,0,0,0,0,0,0,0,0,0,76137
1,1,1,1,826,-2305,30,-1,37,5,-30,65,161,0,0,0,0,0,0,0,0,0,0,0,0,0,0,0,0,0,0,0,0,0,0,76147
1,1,1,1,831,-2298,42,1,32,8,-28,66,157,0,0,0,0,0,0,0,0,0,0,0,0,0,0,0,0,0,0,0,0,0,0,76157
1,1,1,1,834,-2286,39,9,31,17,-27,64,159,0,0,0,0,0,0,0,0,0,0,0,0,0,0,0,0,0,0,0,0,0,0,76167
1,1,1,1,831,-2284,30,24,20,11,-30,65,161,0,0,0,0,0,0,0,0,0,0,0,0,0,0,0,0,0,0,0,0,0,0,76177
1,1,1,1,827,-2296,23,34,18,8,-29,65,161,0,0,0,0,0,0,0,0,0,0,0,0,0,0,0,0,0,0,0,0,0,0,76187
1,1,1,1,828,-2305,20,38,29,11,-30,66,162,0,0,0,0,0,0,0,0,0,0,0,0,0,0,0,0,0,0,0,0,0,0,76197
1,1,1,1,832,-2310,25,33,30,11,-31,66,161,0,0,0,0,0,0,0,0,0,0,0,0,0,0,0,0,0,0,0,0,0,0,76207
1,1,1,1,839,-2312,33,19,25,12,-31,66,162,0,0,0,0,0,0,0,0,0,0,0,0,0,0,0,0,0,0,0,0,0,0,76217
1,1,1,1,824,-2320,34,9,32,13,-31,66,161,0,0,0,0,0,0,0,0,0,0,0,0,0,0,0,0,0,0,0,0,0,0,76227
1,1,1,1,818,-2303,45,15,33,15,-31,65,156,0,0,0,0,0,0,0,0,0,0,0,0,0,0,0,0,0,0,0,0,0,0,76237
1,1,1,1,825,-2312,43,9,27,14,-31,66,159,0,0,0,0,0,0,0,0,0,0,0,0,0,0,0,0,0,0,0,0,0,0,76247
1,1,1,1,831,-2306,52,5,40,19,-31,66,160,0,0,0,0,0,0,0,0,0,0,0,0,0,0,0,0,0,0,0,0,0,0,76257
1,1,1,1,829,-2303,47,8,37,22,-29,65,160,0,0,0,0,0,0,0,0,0,0,0,0,0,0,0,0,0,0,0,0,0,0,76267
1,1,1,1,814,-2303,38,12,32,21,-30,65,159,0,0,0,0,0,0,0,0,0,0,0,0,0,0,0,0,0,0,0,0,0,0,76277
1,1,1,1,816,-2306,30,21,25,16,-29,65,160,0,0,0,0,0,0,0,0,0,0,0,0,0,0,0,0,0,0,0,0,0,0,76287
1,1,1,1,829,-2299,24,33,29,19,-30,65,160,0,0,0,0,0,0,0,0,0,0,0,0,0,0,0,0,0,0,0,0,0,0,76297
1,1,1,1,830,-2298,22,39,29,20,-31,65,159,0,0,0,0,0,0,0,0,0,0,0,0,0,0,0,0,0,0,0,0,0,0,76307
1,1,1,1,842,-2302,31,41,16,16,-30,66,160,0,0,0,0,0,0,0,0,0,0,0,0,0,0,0,0,0,0,0,0,0,0,76317
1,1,1,1,836,-2299,26,49,20,15,-29,66,159,0,0,0,0,0,0,0,0,0,0,0,0,0,0,0,0,0,0,0,0,0,0,76327
1,1,1,1,831,-2303,35,51,27,20,-28,65,157,0,0,0,0,0,0,0,0,0,0,0,0,0,0,0,0,0,0,0,0,0,0,76337
1,1,1,1,834,-2297,53,53,27,23,-27,65,158,0,0,0,0,0,0,0,0,0,0,0,0,0,0,0,0,0,0,0,0,0,0,76347
1,1,1,1,816,-2313,50,42,27,23,-27,65,158,0,0,0,0,0,0,0,0,0,0,0,0,0,0,0,0,0,0,0,0,0,0,76357
1,1,1,1,810,-2326,59,24,28,25,-27,65,160,0,0,0,0,0,0,0,0,0,0,0,0,0,0,0,0,0,0,0,0,0,0,76367
1,1,1,1,808,-2312,50,20,26,22,-29,65,157,0,0,0,0,0,0,0,0,0,0,0,0,0,0,0,0,0,0,0,0,0,0,76377
1,1,1,1,815,-2311,50,24,23,19,-27,66,157,0,0,0,0,0,0,0,0,0,0,0,0,0,0,0,0,0,0,0,0,0,0,76387
1,1,1,1,821,-2305,57,26,18,20,-30,70,158,0,0,0,0,0,0,0,0,0,0,0,0,0,0,0,0,0,0,0,0,0,0,76397
1,1,1,1,823,-2297,44,39,10,11,-27,63,158,0,0,0,0,0,0,0,0,0,0,0,0,0,0,0,0,0,0,0,0,0,0,76407
1,1,1,1,828,-2295,52,57,18,14,-31,67,158,0,0,0,0,0,0,0,0,0,0,0,0,0,0,0,0,0,0,0,0,0,0,76417
1,1,1,1,835,-2303,59,57,14,21,-32,69,158,0,0,0,0,0,0,0,0,0,0,0,0,0,0,0,0,0,0,0,0,0,0,76427
1,1,1,1,825,-2317,55,35,10,19,-27,62,155,0,0,0,0,0,0,0,0,0,0,0,0,0,0,0,0,0,0,0,0,0,0,76437
1,1,1,1,823,-2310,60,26,15,25,-27,64,157,0,0,0,0,0,0,0,0,0,0,0,0,0,0,0,0,0,0,0,0,0,0,76447
1,1,1,1,817,-2307,53,32,12,21,-27,65,158,0,0,0,0,0,0,0,0,0,0,0,0,0,0,0,0,0,0,0,0,0,0,76457
1,1,1,1,805,-2312,51,27,13,19,-25,64,155,0,0,0,0,0,0,0,0,0,0,0,0,0,0,0,0,0,0,0,0,0,0,76467
1,1,1,1,804,-2309,54,17,18,17,-25,63,157,0,0,0,0,0,0,0,0,0,0,0,0,0,0,0,0,0,0,0,0,0,0,76477
1,1,1,1,809,-2305,54,10,20,16,-24,64,159,0,0,0,0,0,0,0,0,0,0,0,0,0,0,0,0,0,0,0,0,0,0,76487
1,1,1,1,812,-2307,55,-8,20,19,-26,65,155,0,0,0,0,0,0,0,0,0,0,0,0,0,0,0,0,0,0,0,0,0,0,76497
1,1,1,1,814,-2297,59,-11,15,13,-26,66,157,0,0,0,0,0,0,0,0,0,0,0,0,0,0,0,0,0,0,0,0,0,0,76507
1,1,1,1,817,-2288,59,6,14,9,-29,66,157,0,0,0,0,0,0,0,0,0,0,0,0,0,0,0,0,0,0,0,0,0,0,76517
1,1,1,1,823,-2290,49,23,16,4,-28,65,159,0,0,0,0,0,0,0,0,0,0,0,0,0,0,0,0,0,0,0,0,0,0,76527
1,1,1,1,829,-2291,52,33,10,-1,-29,66,162,0,0,0,0,0,0,0,0,0,0,0,0,0,0,0,0,0,0,0,0,0,0,76537
1,1,1,1,828,-2297,49,44,9,-3,-28,65,156,0,0,0,0,0,0,0,0,0,0,0,0,0,0,0,0,0,0,0,0,0,0,76547
1,1,1,1,815,-2312,49,37,13,-2,-26,66,159,0,0,0,0,0,0,0,0,0,0,0,0,0,0,0,0,0,0,0,0,0,0,76557
1,1,1,1,817,-2311,60,21,3,-2,-24,66,159,0,0,0,0,0,0,0,0,0,0,0,0,0,0,0,0,0,0,0,0,0,0,76567
1,1,1,1,816,-2314,65,13,2,1,-28,65,158,0,0,0,0,0,0,0,0,0,0,0,0,0,0,0,0,0,0,0,0,0,0,76577
1,1,1,1,819,-2318,65,9,10,6,-26,65,159,0,0,0,0,0,0,0,0,0,0,0,0,0,0,0,0,0,0,0,0,0,0,76587
1,1,1,1,822,-2311,66,3,17,10,-25,64,159,0,0,0,0,0,0,0,0,0,0,0,0,0,0,0,0,0,0,0,0,0,0,76597
1,1,1,1,819,-2307,66,3,8,6,-27,65,157,0,0,0,0,0,0,0,0,0,0,0,0,0,0,0,0,0,0,0,0,0,0,76607
1,1,1,1,812,-2309,59,12,20,8,-26,65,157,0,0,0,0,0,0,0,0,0,0,0,0,0,0,0,0,0,0,0,0,0,0,76617
1,1,1,1,818,-2317,65,2,19,9,-26,66,156,0,0,0,0,0,0,0,0,0,0,0,0,0,0,0,0,0,0,0,0,0,0,76627
1,1,1,1,819,-2306,63,-1,14,8,-23,65,155,0,0,0,0,0,0,0,0,0,0,0,0,0,0,0,0,0,0,0,0,0,0,76637
1,1,1,1,812,-2291,57,11,15,7,-24,65,156,0,0,0,0,0,0,0,0,0,0,0,0,0,0,0,0,0,0,0,0,0,0,76647
1,1,1,1,809,-2295,54,33,21,2,-26,65,154,0,0,0,0,0,0,0,0,0,0,0,0,0,0,0,0,0,0,0,0,0,0,76657
1,1,1,1,819,-2286,57,52,21,-2,-24,65,155,0,0,0,0,0,0,0,0,0,0,0,0,0,0,0,0,0,0,0,0,0,0,76667
1,1,1,1,827,-2288,55,64,13,-3,-24,64,156,0,0,0,0,0,0,0,0,0,0,0,0,0,0,0,0,0,0,0,0,0,0,76677
1,1,1,1,827,-2302,62,62,6,1,-28,65,155,0,0,0,0,0,0,0,0,0,0,0,0,0,0,0,0,0,0,0,0,0,0,76687
1,1,1,1,822,-2302,70,55,4,9,-27,67,157,0,0,0,0,0,0,0,0,0,0,0,0,0,0,0,0,0,0,0,0,0,0,76697
1,1,1,1,818,-2300,72,57,5,14,-24,63,155,0,0,0,0,0,0,0,0,0,0,0,0,0,0,0,0,0,0,0,0,0,0,76707
1,1,1,1,817,-2312,69,57,11,18,-26,66,157,0,0,0,0,0,0,0,0,0,0,0,0,0,0,0,0,0,0,0,0,0,0,76717
1,1,1,1,818,-2317,76,48,14,19,-28,65,155,0,0,0,0,0,0,0,0,0,0,0,0,0,0,0,0,0,0,0,0,0,0,76727
1,1,1,1,817,-2324,79,33,10,21,-27,66,158,0,0,0,0,0,0,0,0,0,0,0,0,0,0,0,0,0,0,0,0,0,0,76737
1,1,1,1,806,-2322,79,28,23,26,-28,67,157,0,0,0,0,0,0,0,0,0,0,0,0,0,0,0,0,0,0,0,0,0,0,76747
1,1,1,1,812,-2304,85,41,25,32,-27,67,157,0,0,0,0,0,0,0,0,0,0,0,0,0,0,0,0,0,0,0,0,0,0,76757
1,1,1,1,818,-2308,72,56,28,32,-25,64,158,0,0,0,0,0,0,0,0,0,0,0,0,0,0,0,0,0,0,0,0,0,0,76767
1,1,1,1,826,-2300,79,64,30,43,-26,66,156,0,0,0,0,0,0,0,0,0,0,0,0,0,0,0,0,0,0,0,0,0,0,76777
1,1,1,1,827,-2314,72,67,21,40,-27,65,157,0,0,0,0,0,0,0,0,0,0,0,0,0,0,0,0,0,0,0,0,0,0,76787
1,1,1,1,819,-2318,78,49,20,44,-25,65,157,0,0,0,0,0,0,0,0,0,0,0,0,0,0,0,0,0,0,0,0,0,0,76797
1,1,1,1,811,-2316,71,43,19,41,-27,64,154,0,0,0,0,0,0,0,0,0,0,0,0,0,0,0,0,0,0,0,0,0,0,76807
1,1,1,1,805,-2304,72,31,23,34,-25,65,158,0,0,0,0,0,0,0,0,0,0,0,0,0,0,0,0,0,0,0,0,0,0,76817
1,1,1,1,802,-2307,74,14,22,30,-29,66,155,0,0,0,0,0,0,0,0,0,0,0,0,0,0,0,0,0,0,0,0,0,0,76827
1,1,1,1,802,-2287,78,19,26,21,-28,65,157,0,0,0,0,0,0,0,0,0,0,0,0,0,0,0,0,0,0,0,0,0,0,76837
1,1,1,1,805,-2293,89,27,33,19,-27,65,153,0,0,0,0,0,0,0,0,0,0,0,0,0,0,0,0,0,0,0,0,0,0,76847
1,1,1,1,802,-2290,87,27,35,16,-26,66,154,0,0,0,0,0,0,0,0,0,0,0,0,0,0,0,0,0,0,0,0,0,0,76857
1,1,1,1,802,-2288,87,40,34,17,-26,65,154,0,0,0,0,0,0,0,0,0,0,0,0,0,0,0,0,0,0,0,0,0,0,76867
1,1,1,1,796,-2284,90,62,27,13,-26,66,154,0,0,0,0,0,0,0,0,0,0,0,0,0,0,0,0,0,0,0,0,0,0,76877
1,1,1,1,796,-2288,86,96,19,12,-26,65,155,0,0,0,0,0,0,0,0,0,0,0,0,0,0,0,0,0,0,0,0,0,0,76887
1,1,1,1,805,-2307,95,100,32,21,-27,65,155,0,0,0,0,0,0,0,0,0,0,0,0,0,0,0,0,0,0,0,0,0,0,76897
1,1,1,1,811,-2306,91,92,21,28,-25,66,156,0,0,0,0,0,0,0,0,0,0,0,0,0,0,0,0,0,0,0,0,0,0,76907
1,1,1,1,810,-2293,83,112,23,31,-26,66,154,0,0,0,0,0,0,0,0,0,0,0,0,0,0,0,0,0,0,0,0,0,0,76917
1,1,1,1,824,-2300,99,121,19,35,-27,66,156,0,0,0,0,0,0,0,0,0,0,0,0,0,0,0,0,0,0,0,0,0,0,76927
1,1,1,1,814,-2299,82,128,17,33,-27,65,156,0,0,0,0,0,0,0,0,0,0,0,0,0,0,0,0,0,0,0,0,0,0,76937
1,1,1,1,804,-2311,87,115,13,30,-27,67,155,0,0,0,0,0,0,0,0,0,0,0,0,0,0,0,0,0,0,0,0,0,0,76947
1,1,1,1,803,-2312,93,100,14,31,-25,66,155,0,0,0,0,0,0,0,0,0,0,0,0,0,0,0,0,0,0,0,0,0,0,76957
1,1,1,1,796,-2316,95,67,17,35,-26,65,154,0,0,0,0,0,0,0,0,0,0,0,0,0,0,0,0,0,0,0,0,0,0,76967
1,1,1,1,797,-2299,93,67,20,25,-26,66,153,0,0,0,0,0,0,0,0,0,0,0,0,0,0,0,0,0,0,0,0,0,0,76977
1,1,1,1,806,-2291,100,58,20,24,-24,67,156,0,0,0,0,0,0,0,0,0,0,0,0,0,0,0,0,0,0,0,0,0,0,76987
1,1,1,1,805,-2290,112,38,10,17,-23,63,152,0,0,0,0,0,0,0,0,0,0,0,0,0,0,0,0,0,0,0,0,0,0,76997
1,1,1,1,793,-2287,116,45,28,23,-25,64,155,0,0,0,0,0,0,0,0,0,0,0,0,0,0,0,0,0,0,0,0,0,0,77007
1,1,1,1,789,-2293,120,43,26,22,-26,65,155,0,0,0,0,0,0,0,0,0,0,0,0,0,0,0,0,0,0,0,0,0,0,77027
1,1,1,1,788,-2305,102,37,35,19,-26,64,154,0,0,0,0,0,0,0,0,0,0,0,0,0,0,0,0,0,0,0,0,0,0,77037
1,1,1,1,787,-2296,93,35,28,13,-27,65,153,0,0,0,0,0,0,0,0,0,0,0,0,0,0,0,0,0,0,0,0,0,0,77047
1,1,1,1,800,-2293,90,39,17,7,-27,67,154,0,0,0,0,0,0,0,0,0,0,0,0,0,0,0,0,0,0,0,0,0,0,77057
1,1,1,1,816,-2285,91,51,18,5,-26,65,153,0,0,0,0,0,0,0,0,0,0,0,0,0,0,0,0,0,0,0,0,0,0,77067
1,1,1,1,815,-2293,90,52,15,6,-26,66,153,0,0,0,0,0,0,0,0,0,0,0,0,0,0,0,0,0,0,0,0,0,0,77077
1,1,1,1,814,-2295,110,45,2,4,-26,66,156,0,0,0,0,0,0,0,0,0,0,0,0,0,0,0,0,0,0,0,0,0,0,77087
1,1,1,1,805,-2299,119,38,2,7,-25,66,153,0,0,0,0,0,0,0,0,0,0,0,0,0,0,0,0,0,0,0,0,0,0,77097
1,1,1,1,794,-2309,115,27,4,8,-26,66,155,0,0,0,0,0,0,0,0,0,0,0,0,0,0,0,0,0,0,0,0,0,0,77107
1,1,1,1,803,-2304,126,23,-2,8,-25,66,154,0,0,0,0,0,0,0,0,0,0,0,0,0,0,0,0,0,0,0,0,0,0,77117
1,1,1,1,797,-2299,119,22,1,9,-27,67,157,0,0,0,0,0,0,0,0,0,0,0,0,0,0,0,0,0,0,0,0,0,0,77127
1,1,1,1,788,-2296,119,31,4,7,-29,67,155,0,0,0,0,0,0,0,0,0,0,0,0,0,0,0,0,0,0,0,0,0,0,77137
1,1,1,1,793,-2292,124,41,2,5,-27,66,155,0,0,0,0,0,0,0,0,0,0,0,0,0,0,0,0,0,0,0,0,0,0,77147
1,1,1,1,802,-2296,126,43,7,8,-27,66,154,0,0,0,0,0,0,0,0,0,0,0,0,0,0,0,0,0,0,0,0,0,0,77157
1,1,1,1,795,-2301,116,41,9,8,-27,66,154,0,0,0,0,0,0,0,0,0,0,0,0,0,0,0,0,0,0,0,0,0,0,77167
1,1,1,1,795,-2289,112,47,5,10,-27,67,153,0,0,0,0,0,0,0,0,0,0,0,0,0,0,0,0,0,0,0,0,0,0,77177
1,1,1,1,797,-2293,112,61,4,10,-25,67,153,0,0,0,0,0,0,0,0,0,0,0,0,0,0,0,0,0,0,0,0,0,0,77187
1,1,1,1,799,-2294,110,50,-5,8,-26,67,155,0,0,0,0,0,0,0,0,0,0,0,0,0,0,0,0,0,0,0,0,0,0,77197
1,1,1,1,807,-2302,117,42,-6,10,-28,67,153,0,0,0,0,0,0,0,0,0,0,0,0,0,0,0,0,0,0,0,0,0,0,77207
1,1,1,1,797,-2301,122,28,0,13,-28,66,154,0,0,0,0,0,0,0,0,0,0,0,0,0,0,0,0,0,0,0,0,0,0,77217
1,1,1,1,796,-2301,133,19,7,13,-29,66,153,0,0,0,0,0,0,0,0,0,0,0,0,0,0,0,0,0,0,0,0,0,0,77227
1,1,1,1,792,-2305,135,5,9,11,-27,67,156,0,0,0,0,0,0,0,0,0,0,0,0,0,0,0,0,0,0,0,0,0,0,77237
1,1,1,1,789,-2297,140,-7,18,11,-26,67,153,0,0,0,0,0,0,0,0,0,0,0,0,0,0,0,0,0,0,0,0,0,0,77247
1,1,1,1,794,-2288,140,-9,17,10,-27,66,153,0,0,0,0,0,0,0,0,0,0,0,0,0,0,0,0,0,0,0,0,0,0,77257
1,1,1,1,795,-2287,126,-6,16,9,-27,67,152,0,0,0,0,0,0,0,0,0,0,0,0,0,0,0,0,0,0,0,0,0,0,77267
1,1,1,1,807,-2292,126,-7,15,5,-29,67,154,0,0,0,0,0,0,0,0,0,0,0,0,0,0,0,0,0,0,0,0,0,0,77277
1,1,1,1,813,-2278,129,2,13,6,-26,64,153,0,0,0,0,0,0,0,0,0,0,0,0,0,0,0,0,0,0,0,0,0,0,77287
1,1,1,1,803,-2282,117,27,3,0,-27,66,154,0,0,0,0,0,0,0,0,0,0,0,0,0,0,0,0,0,0,0,0,0,0,77297
1,1,1,1,801,-2292,121,23,1,-1,-26,66,154,0,0,0,0,0,0,0,0,0,0,0,0,0,0,0,0,0,0,0,0,0,0,77307
1,1,1,1,797,-2297,126,21,3,0,-30,70,155,0,0,0,0,0,0,0,0,0,0,0,0,0,0,0,0,0,0,0,0,0,0,77317
1,1,1,1,797,-2296,129,17,7,1,-27,67,153,0,0,0,0,0,0,0,0,0,0,0,0,0,0,0,0,0,0,0,0,0,0,77327
1,1,1,1,798,-2300,128,2,11,3,-28,65,155,0,0,0,0,0,0,0,0,0,0,0,0,0,0,0,0,0,0,0,0,0,0,77337
1,1,1,1,795,-2295,126,-10,15,6,-29,68,151,0,0,0,0,0,0,0,0,0,0,0,0,0,0,0,0,0,0,0,0,0,0,77347
1,1,1,1,797,-2290,121,-6,21,5,-28,65,152,0,0,0,0,0,0,0,0,0,0,0,0,0,0,0,0,0,0,0,0,0,0,77357
1,1,1,1,801,-2285,115,2,13,-5,-30,69,152,0,0,0,0,0,0,0,0,0,0,0,0,0,0,0,0,0,0,0,0,0,0,77367
1,1,1,1,803,-2282,112,19,16,-10,-26,66,156,0,0,0,0,0,0,0,0,0,0,0,0,0,0,0,0,0,0,0,0,0,0,77377
1,1,1,1,802,-2280,125,34,17,-10,-25,65,153,0,0,0,0,0,0,0,0,0,0,0,0,0,0,0,0,0,0,0,0,0,0,77387
1,1,1,1,806,-2289,133,31,8,-8,-27,66,153,0,0,0,0,0,0,0,0,0,0,0,0,0,0,0,0,0,0,0,0,0,0,77397
1,1,1,1,803,-2292,137,23,-3,-7,-24,65,156,0,0,0,0,0,0,0,0,0,0,0,0,0,0,0,0,0,0,0,0,0,0,77407
1,1,1,1,802,-2307,131,15,-1,-5,-27,68,155,0,0,0,0,0,0,0,0,0,0,0,0,0,0,0,0,0,0,0,0,0,0,77417
1,1,1,1,814,-2295,140,16,3,2,-27,67,154,0,0,0,0,0,0,0,0,0,0,0,0,0,0,0,0,0,0,0,0,0,0,77427
1,1,1,1,815,-2308,140,10,3,9,-29,67,156,0,0,0,0,0,0,0,0,0,0,0,0,0,0,0,0,0,0,0,0,0,0,77437
1,1,1,1,804,-2306,129,1,-1,12,-28,66,153,0,0,0,0,0,0,0,0,0,0,0,0,0,0,0,0,0,0,0,0,0,0,77447
1,1,1,1,805,-2312,132,-9,5,13,-28,67,154,0,0,0,0,0,0,0,0,0,0,0,0,0,0,0,0,0,0,0,0,0,0,77457
1,1,1,1,800,-2299,141,-9,9,18,-25,66,151,0,0,0,0,0,0,0,0,0,0,0,0,0,0,0,0,0,0,0,0,0,0,77467
1,1,1,1,789,-2296,121,10,18,17,-26,67,152,0,0,0,0,0,0,0,0,0,0,0,0,0,0,0,0,0,0,0,0,0,0,77477
1,1,1,1,791,-2310,128,1,19,18,-25,66,152,0,0,0,0,0,0,0,0,0,0,0,0,0,0,0,0,0,0,0,0,0,0,77487
1,1,1,1,787,-2308,127,-12,21,16,-24,67,153,0,0,0,0,0,0,0,0,0,0,0,0,0,0,0,0,0,0,0,0,0,0,77497
1,1,1,1,799,-2294,135,-19,22,23,-24,66,154,0,0,0,0,0,0,0,0,0,0,0,0,0,0,0,0,0,0,0,0,0,0,77507
1,1,1,1,798,-2278,142,-4,22,24,-27,66,151,0,0,0,0,0,0,0,0,0,0,0,0,0,0,0,0,0,0,0,0,0,0,77517
1,1,1,1,791,-2261,122,25,17,21,-26,66,155,0,0,0,0,0,0,0,0,0,0,0,0,0,0,0,0,0,0,0,0,0,0,77527
1,1,1,1,799,-2288,116,33,12,13,-27,66,154,0,0,0,0,0,0,0,0,0,0,0,0,0,0,0,0,0,0,0,0,0,0,77537
1,1,1,1,801,-2291,105,21,5,3,-24,65,154,0,0,0,0,0,0,0,0,0,0,0,0,0,0,0,0,0,0,0,0,0,0,77547
1,1,1,1,807,-2291,117,24,3,0,-26,66,157,0,0,0,0,0,0,0,0,0,0,0,0,0,0,0,0,0,0,0,0,0,0,77557
1,1,1,1,800,-2305,120,21,0,-5,-25,67,157,0,0,0,0,0,0,0,0,0,0,0,0,0,0,0,0,0,0,0,0,0,0,77567
1,1,1,1,787,-2298,130,17,-4,-5,-26,66,155,0,0,0,0,0,0,0,0,0,0,0,0,0,0,0,0,0,0,0,0,0,0,77577
1,1,1,1,788,-2298,131,30,7,-5,-26,66,153,0,0,0,0,0,0,0,0,0,0,0,0,0,0,0,0,0,0,0,0,0,0,77587
1,1,1,1,788,-2320,134,16,9,-5,-27,67,153,0,0,0,0,0,0,0,0,0,0,0,0,0,0,0,0,0,0,0,0,0,0,77597
1,1,1,1,800,-2321,154,-11,18,0,-29,67,153,0,0,0,0,0,0,0,0,0,0,0,0,0,0,0,0,0,0,0,0,0,0,77607
1,1,1,1,800,-2312,173,-34,31,16,-29,68,155,0,0,0,0,0,0,0,0,0,0,0,0,0,0,0,0,0,0,0,0,0,0,77617
1,1,1,1,781,-2279,139,-3,42,19,-26,65,152,0,0,0,0,0,0,0,0,0,0,0,0,0,0,0,0,0,0,0,0,0,0,77637
1,1,1,1,791,-2297,135,-4,44,16,-27,66,155,0,0,0,0,0,0,0,0,0,0,0,0,0,0,0,0,0,0,0,0,0,0,77647
1,1,1,1,787,-2288,127,-4,39,14,-29,67,157,0,0,0,0,0,0,0,0,0,0,0,0,0,0,0,0,0,0,0,0,0,0,77657
1,1,1,1,780,-2283,122,0,36,9,-29,67,157,0,0,0,0,0,0,0,0,0,0,0,0,0,0,0,0,0,0,0,0,0,0,77667
1,1,1,1,777,-2291,115,-9,24,0,-28,65,156,0,0,0,0,0,0,0,0,0,0,0,0,0,0,0,0,0,0,0,0,0,0,77677
1,1,1,1,781,-2288,108,-12,25,-7,-27,66,157,0,0,0,0,0,0,0,0,0,0,0,0,0,0,0,0,0,0,0,0,0,0,77687
1,1,1,1,788,-2282,108,-13,27,-13,-26,65,154,0,0,0,0,0,0,0,0,0,0,0,0,0,0,0,0,0,0,0,0,0,0,77697
1,1,1,1,803,-2283,111,-12,22,-15,-27,66,156,0,0,0,0,0,0,0,0,0,0,0,0,0,0,0,0,0,0,0,0,0,0,77707
1,1,1,1,814,-2285,127,-21,12,-12,-28,67,158,0,0,0,0,0,0,0,0,0,0,0,0,0,0,0,0,0,0,0,0,0,0,77717
1,1,1,1,821,-2280,140,-26,5,-10,-31,66,155,0,0,0,0,0,0,0,0,0,0,0,0,0,0,0,0,0,0,0,0,0,0,77727
1,1,1,1,808,-2291,137,-24,6,-8,-30,66,160,0,0,0,0,0,0,0,0,0,0,0,0,0,0,0,0,0,0,0,0,0,0,77737
1,1,1,1,803,-2289,135,-19,3,-5,-29,66,157,0,0,0,0,0,0,0,0,0,0,0,0,0,0,0,0,0,0,0,0,0,0,77747
1,1,1,1,799,-2296,132,-9,5,-1,-30,66,156,0,0,0,0,0,0,0,0,0,0,0,0,0,0,0,0,0,0,0,0,0,0,77757
1,1,1,1,800,-2299,123,-2,7,2,-27,65,153,0,0,0,0,0,0,0,0,0,0,0,0,0,0,0,0,0,0,0,0,0,0,77767
1,1,1,1,805,-2305,119,-4,11,6,-28,66,155,0,0,0,0,0,0,0,0,0,0,0,0,0,0,0,0,0,0,0,0,0,0,77777
1,1,1,1,802,-2316,118,-13,5,4,-29,65,155,0,0,0,0,0,0,0,0,0,0,0,0,0,0,0,0,0,0,0,0,0,0,77787
1,1,1,1,800,-2310,125,-16,7,6,-30,65,153,0,0,0,0,0,0,0,0,0,0,0,0,0,0,0,0,0,0,0,0,0,0,77797
1,1,1,1,789,-2307,119,-18,10,7,-29,65,155,0,0,0,0,0,0,0,0,0,0,0,0,0,0,0,0,0,0,0,0,0,0,77807
1,1,1,1,800,-2300,123,-21,11,11,-28,66,155,0,0,0,0,0,0,0,0,0,0,0,0,0,0,0,0,0,0,0,0,0,0,77817
1,1,1,1,807,-2283,125,-12,2,8,-29,66,157,0,0,0,0,0,0,0,0,0,0,0,0,0,0,0,0,0,0,0,0,0,0,77827
1,1,1,1,806,-2283,119,-3,4,5,-28,66,154,0,0,0,0,0,0,0,0,0,0,0,0,0,0,0,0,0,0,0,0,0,0,77837
1,1,1,1,807,-2286,138,4,8,9,-26,66,154,0,0,0,0,0,0,0,0,0,0,0,0,0,0,0,0,0,0,0,0,0,0,77847
1,1,1,1,795,-2286,130,20,8,3,-29,66,158,0,0,0,0,0,0,0,0,0,0,0,0,0,0,0,0,0,0,0,0,0,0,77857
1,1,1,1,789,-2289,131,30,9,-1,-27,66,157,0,0,0,0,0,0,0,0,0,0,0,0,0,0,0,0,0,0,0,0,0,0,77867
1,1,1,1,797,-2299,129,35,8,-1,-24,64,158,0,0,0,0,0,0,0,0,0,0,0,0,0,0,0,0,0,0,0,0,0,0,77877
1,1,1,1,791,-2300,120,33,9,-2,-25,63,154,0,0,0,0,0,0,0,0,0,0,0,0,0,0,0,0,0,0,0,0,0,0,77887
1,1,1,1,800,-2308,130,31,11,0,-26,64,155,0,0,0,0,0,0,0,0,0,0,0,0,0,0,0,0,0,0,0,0,0,0,77897
1,1,1,1,797,-2311,125,16,8,-2,-27,65,158,0,0,0,0,0,0,0,0,0,0,0,0,0,0,0,0,0,0,0,0,0,0,77907
1,1,1,1,803,-2305,139,8,14,3,-30,65,157,0,0,0,0,0,0,0,0,0,0,0,0,0,0,0,0,0,0,0,0,0,0,77917
1,1,1,1,796,-2305,137,5,14,5,-31,65,157,0,0,0,0,0,0,0,0,0,0,0,0,0,0,0,0,0,0,0,0,0,0,77927
1,1,1,1,792,-2309,136,0,23,8,-30,66,157,0,0,0,0,0,0,0,0,0,0,0,0,0,0,0,0,0,0,0,0,0,0,77937
1,1,1,1,798,-2298,138,-13,12,9,-31,68,159,0,0,0,0,0,0,0,0,0,0,0,0,0,0,0,0,0,0,0,0,0,0,77947
1,1,1,1,793,-2287,127,-11,22,9,-29,65,157,0,0,0,0,0,0,0,0,0,0,0,0,0,0,0,0,0,0,0,0,0,0,77957
1,1,1,1,794,-2276,132,4,21,7,-30,67,159,0,0,0,0,0,0,0,0,0,0,0,0,0,0,0,0,0,0,0,0,0,0,77967
1,1,1,1,792,-2277,125,10,15,-1,-28,64,159,0,0,0,0,0,0,0,0,0,0,0,0,0,0,0,0,0,0,0,0,0,0,77977
1,1,1,1,802,-2270,126,16,15,-3,-26,64,160,0,0,0,0,0,0,0,0,0,0,0,0,0,0,0,0,0,0,0,0,0,0,77987
1,1,1,1,800,-2285,116,17,7,-15,-29,67,161,0,0,0,0,0,0,0,0,0,0,0,0,0,0,0,0,0,0,0,0,0,0,77997
1,1,1,1,799,-2286,113,19,9,-15,-29,65,161,0,0,0,0,0,0,0,0,0,0,0,0,0,0,0,0,0,0,0,0,0,0,78007
1,1,1,1,801,-2287,118,18,9,-15,-32,66,161,0,0,0,0,0,0,0,0,0,0,0,0,0,0,0,0,0,0,0,0,0,0,78017
1,1,1,1,807,-2297,129,13,4,-18,-31,65,162,0,0,0,0,0,0,0,0,0,0,0,0,0,0,0,0,0,0,0,0,0,0,78027
1,1,1,1,813,-2298,130,10,-3,-15,-31,66,160,0,0,0,0,0,0,0,0,0,0,0,0,0,0,0,0,0,0,0,0,0,0,78037
1,1,1,1,806,-2297,131,4,-6,-14,-31,66,159,0,0,0,0,0,0,0,0,0,0,0,0,0,0,0,0,0,0,0,0,0,0,78047
1,1,1,1,806,-2295,139,11,-7,-8,-31,66,160,0,0,0,0,0,0,0,0,0,0,0,0,0,0,0,0,0,0,0,0,0,0,78057
1,1,1,1,806,-2300,141,8,-3,-4,-29,66,160,0,0,0,0,0,0,0,0,0,0,0,0,0,0,0,0,0,0,0,0,0,0,78067
1,1,1,1,806,-2302,140,-4,1,0,-28,66,161,0,0,0,0,0,0,0,0,0,0,0,0,0,0,0,0,0,0,0,0,0,0,78077
1,1,1,1,808,-2295,132,1,10,4,-30,66,163,0,0,0,0,0,0,0,0,0,0,0,0,0,0,0,0,0,0,0,0,0,0,78087
1,1,1,1,814,-2289,151,6,10,10,-30,66,159,0,0,0,0,0,0,0,0,0,0,0,0,0,0,0,0,0,0,0,0,0,0,78097
1,1,1,1,809,-2305,137,-2,-2,10,-31,67,163,0,0,0,0,0,0,0,0,0,0,0,0,0,0,0,0,0,0,0,0,0,0,78107
1,1,1,1,800,-2303,134,-9,4,13,-32,66,162,0,0,0,0,0,0,0,0,0,0,0,0,0,0,0,0,0,0,0,0,0,0,78117
1,1,1,1,803,-2301,133,-11,7,11,-30,67,164,0,0,0,0,0,0,0,0,0,0,0,0,0,0,0,0,0,0,0,0,0,0,78127
1,1,1,1,804,-2300,130,-17,1,10,-32,67,164,0,0,0,0,0,0,0,0,0,0,0,0,0,0,0,0,0,0,0,0,0,0,78137
1,1,1,1,805,-2289,129,-10,1,5,-32,68,164,0,0,0,0,0,0,0,0,0,0,0,0,0,0,0,0,0,0,0,0,0,0,78147
1,1,1,1,806,-2284,118,-8,-9,2,-32,68,165,0,0,0,0,0,0,0,0,0,0,0,0,0,0,0,0,0,0,0,0,0,0,78157
1,1,1,1,811,-2279,119,-2,-13,2,-31,67,164,0,0,0,0,0,0,0,0,0,0,0,0,0,0,0,0,0,0,0,0,0,0,78167
1,1,1,1,808,-2285,130,10,-11,0,-30,68,165,0,0,0,0,0,0,0,0,0,0,0,0,0,0,0,0,0,0,0,0,0,0,78177
1,1,1,1,797,-2287,132,15,-11,2,-29,69,168,0,0,0,0,0,0,0,0,0,0,0,0,0,0,0,0,0,0,0,0,0,0,78187
1,1,1,1,801,-2288,140,23,-9,7,-33,71,168,0,0,0,0,0,0,0,0,0,0,0,0,0,0,0,0,0,0,0,0,0,0,78197
1,1,1,1,805,-2307,139,17,-10,11,-31,70,167,0,0,0,0,0,0,0,0,0,0,0,0,0,0,0,0,0,0,0,0,0,0,78207
1,1,1,1,803,-2306,141,3,-6,15,-31,71,166,0,0,0,0,0,0,0,0,0,0,0,0,0,0,0,0,0,0,0,0,0,0,78217
1,1,1,1,799,-2304,140,-9,-2,18,-31,71,170,0,0,0,0,0,0,0,0,0,0,0,0,0,0,0,0,0,0,0,0,0,0,78227
1,1,1,1,794,-2306,137,-19,-1,21,-31,68,169,0,0,0,0,0,0,0,0,0,0,0,0,0,0,0,0,0,0,0,0,0,0,78237
1,1,1,1,794,-2306,137,-23,0,21,-32,70,169,0,0,0,0,0,0,0,0,0,0,0,0,0,0,0,0,0,0,0,0,0,0,78247
1,1,1,1,796,-2300,133,-25,9,22,-32,71,169,0,0,0,0,0,0,0,0,0,0,0,0,0,0,0,0,0,0,0,0,0,0,78257
1,1,1,1,806,-2287,131,-17,14,21,-32,71,168,0,0,0,0,0,0,0,0,0,0,0,0,0,0,0,0,0,0,0,0,0,0,78267
1,1,1,1,807,-2277,135,-3,5,15,-33,73,169,0,0,0,0,0,0,0,0,0,0,0,0,0,0,0,0,0,0,0,0,0,0,78277
1,1,1,1,797,-2286,121,2,-3,9,-28,70,168,0,0,0,0,0,0,0,0,0,0,0,0,0,0,0,0,0,0,0,0,0,0,78287
1,1,1,1,803,-2273,119,9,-3,9,-27,70,168,0,0,0,0,0,0,0,0,0,0,0,0,0,0,0,0,0,0,0,0,0,0,78297
1,1,1,1,805,-2283,120,13,-7,7,-27,71,169,0,0,0,0,0,0,0,0,0,0,0,0,0,0,0,0,0,0,0,0,0,0,78307
1,1,1,1,798,-2290,123,18,-11,3,-27,71,168,0,0,0,0,0,0,0,0,0,0,0,0,0,0,0,0,0,0,0,0,0,0,78317
1,1,1,1,795,-2291,134,28,-8,0,-27,69,169,0,0,0,0,0,0,0,0,0,0,0,0,0,0,0,0,0,0,0,0,0,0,78327
1,1,1,1,789,-2315,139,20,-2,0,-28,70,169,0,0,0,0,0,0,0,0,0,0,0,0,0,0,0,0,0,0,0,0,0,0,78337
1,1,1,1,789,-2307,147,7,-3,4,-30,71,168,0,0,0,0,0,0,0,0,0,0,0,0,0,0,0,0,0,0,0,0,0,0,78347
1,1,1,1,790,-2304,136,4,-2,3,-29,70,168,0,0,0,0,0,0,0,0,0,0,0,0,0,0,0,0,0,0,0,0,0,0,78357
1,1,1,1,795,-2306,138,-1,8,8,-29,70,168,0,0,0,0,0,0,0,0,0,0,0,0,0,0,0,0,0,0,0,0,0,0,78367
1,1,1,1,801,-2304,139,-7,5,9,-29,70,165,0,0,0,0,0,0,0,0,0,0,0,0,0,0,0,0,0,0,0,0,0,0,78377
1,1,1,1,796,-2296,134,0,6,12,-29,71,166,0,0,0,0,0,0,0,0,0,0,0,0,0,0,0,0,0,0,0,0,0,0,78387
1,1,1,1,795,-2304,139,-8,-1,13,-30,71,168,0,0,0,0,0,0,0,0,0,0,0,0,0,0,0,0,0,0,0,0,0,0,78397
1,1,1,1,796,-2304,140,-13,11,19,-28,70,169,0,0,0,0,0,0,0,0,0,0,0,0,0,0,0,0,0,0,0,0,0,0,78407
1,1,1,1,799,-2290,132,-11,3,18,-27,70,167,0,0,0,0,0,0,0,0,0,0,0,0,0,0,0,0,0,0,0,0,0,0,78417
1,1,1,1,796,-2294,126,-8,8,18,-32,71,168,0,0,0,0,0,0,0,0,0,0,0,0,0,0,0,0,0,0,0,0,0,0,78427
1,1,1,1,796,-2289,121,-1,-1,14,-32,71,168,0,0,0,0,0,0,0,0,0,0,0,0,0,0,0,0,0,0,0,0,0,0,78437
1,1,1,1,791,-2285,115,3,6,12,-31,71,168,0,0,0,0,0,0,0,0,0,0,0,0,0,0,0,0,0,0,0,0,0,0,78447
1,1,1,1,798,-2272,119,12,-4,5,-32,72,168,0,0,0,0,0,0,0,0,0,0,0,0,0,0,0,0,0,0,0,0,0,0,78457
1,1,1,1,798,-2275,114,19,-11,1,-31,72,169,0,0,0,0,0,0,0,0,0,0,0,0,0,0,0,0,0,0,0,0,0,0,78467
1,1,1,1,802,-2288,117,13,-10,3,-31,71,167,0,0,0,0,0,0,0,0,0,0,0,0,0,0,0,0,0,0,0,0,0,0,78477
1,1,1,1,801,-2291,127,11,-10,-1,-33,72,167,0,0,0,0,0,0,0,0,0,0,0,0,0,0,0,0,0,0,0,0,0,0,78487
1,1,1,1,801,-2292,137,5,-4,1,-32,72,169,0,0,0,0,0,0,0,0,0,0,0,0,0,0,0,0,0,0,0,0,0,0,78497
1,1,1,1,793,-2302,146,-7,-2,1,-35,75,170,0,0,0,0,0,0,0,0,0,0,0,0,0,0,0,0,0,0,0,0,0,0,78507
1,1,1,1,780,-2297,135,-10,-2,3,-32,74,167,0,0,0,0,0,0,0,0,0,0,0,0,0,0,0,0,0,0,0,0,0,0,78517
1,1,1,1,794,-2295,134,-9,-2,1,-32,75,166,0,0,0,0,0,0,0,0,0,0,0,0,0,0,0,0,0,0,0,0,0,0,78527
1,1,1,1,800,-2287,125,0,3,0,-28,71,164,0,0,0,0,0,0,0,0,0,0,0,0,0,0,0,0,0,0,0,0,0,0,78537
1,1,1,1,802,-2283,126,12,4,0,-32,72,168,0,0,0,0,0,0,0,0,0,0,0,0,0,0,0,0,0,0,0,0,0,0,78547
1,1,1,1,803,-2294,128,3,-4,2,-33,72,169,0,0,0,0,0,0,0,0,0,0,0,0,0,0,0,0,0,0,0,0,0,0,78557
1,1,1,1,797,-2300,131,-15,-11,1,-32,71,164,0,0,0,0,0,0,0,0,0,0,0,0,0,0,0,0,0,0,0,0,0,0,78567
1,1,1,1,789,-2295,124,-11,-2,2,-32,70,168,0,0,0,0,0,0,0,0,0,0,0,0,0,0,0,0,0,0,0,0,0,0,78577
1,1,1,1,798,-2306,131,-20,-10,0,-30,70,167,0,0,0,0,0,0,0,0,0,0,0,0,0,0,0,0,0,0,0,0,0,0,78587
1,1,1,1,799,-2304,131,-24,6,0,-30,70,167,0,0,0,0,0,0,0,0,0,0,0,0,0,0,0,0,0,0,0,0,0,0,78597
1,1,1,1,800,-2296,128,-24,8,1,-29,69,167,0,0,0,0,0,0,0,0,0,0,0,0,0,0,0,0,0,0,0,0,0,0,78607
1,1,1,1,800,-2298,132,-26,9,-1,-31,72,167,0,0,0,0,0,0,0,0,0,0,0,0,0,0,0,0,0,0,0,0,0,0,78617
1,1,1,1,790,-2298,129,-36,18,-5,-31,70,168,0,0,0,0,0,0,0,0,0,0,0,0,0,0,0,0,0,0,0,0,0,0,78627
1,1,1,1,790,-2295,134,-46,20,-11,-34,71,167,0,0,0,0,0,0,0,0,0,0,0,0,0,0,0,0,0,0,0,0,0,0,78637
1,1,1,1,796,-2288,138,-57,29,-11,-34,70,166,0,0,0,0,0,0,0,0,0,0,0,0,0,0,0,0,0,0,0,0,0,0,78647
1,1,1,1,800,-2286,142,-63,27,-11,-33,70,165,0,0,0,0,0,0,0,0,0,0,0,0,0,0,0,0,0,0,0,0,0,0,78657
1,1,1,1,796,-2290,124,-69,26,-16,-33,69,164,0,0,0,0,0,0,0,0,0,0,0,0,0,0,0,0,0,0,0,0,0,0,78667
1,1,1,1,799,-2285,128,-80,34,-13,-33,70,165,0,0,0,0,0,0,0,0,0,0,0,0,0,0,0,0,0,0,0,0,0,0,78677
1,1,1,1,789,-2293,123,-87,41,-14,-32,70,162,0,0,0,0,0,0,0,0,0,0,0,0,0,0,0,0,0,0,0,0,0,0,78687
1,1,1,1,780,-2293,117,-101,44,-20,-32,69,160,0,0,0,0,0,0,0,0,0,0,0,0,0,0,0,0,0,0,0,0,0,0,78697
1,1,1,1,782,-2301,119,-130,46,-23,-33,69,161,0,0,0,0,0,0,0,0,0,0,0,0,0,0,0,0,0,0,0,0,0,0,78707
1,1,1,1,785,-2316,128,-182,65,-23,-35,69,160,0,0,0,0,0,0,0,0,0,0,0,0,0,0,0,0,0,0,0,0,0,0,78717
1,1,1,1,793,-2326,130,-245,86,-25,-36,68,156,0,0,0,0,0,0,0,0,0,0,0,0,0,0,0,0,0,0,0,0,0,0,78727
1,1,1,1,798,-2325,110,-317,107,-38,-37,68,158,0,0,0,0,0,0,0,0,0,0,0,0,0,0,0,0,0,0,0,0,0,0,78737
1,1,1,1,807,-2356,84,-418,138,-59,-36,69,154,0,0,0,0,0,0,0,0,0,0,0,0,0,0,0,0,0,0,0,0,0,0,78747
1,1,1,1,817,-2361,59,-502,190,-91,-32,68,150,0,0,0,0,0,0,0,0,0,0,0,0,0,0,0,0,0,0,0,0,0,0,78757
1,1,1,1,822,-2344,37,-555,222,-123,-31,67,143,0,0,0,0,0,0,0,0,0,0,0,0,0,0,0,0,0,0,0,0,0,0,78767
1,1,1,1,806,-2293,32,-611,246,-150,-31,66,135,0,0,0,0,0,0,0,0,0,0,0,0,0,0,0,0,0,0,0,0,0,0,78777
1,1,1,1,809,-2255,41,-632,260,-166,-34,64,127,0,0,0,0,0,0,0,0,0,0,0,0,0,0,0,0,0,0,0,0,0,0,78787
1,1,1,1,818,-2267,45,-701,260,-167,-33,63,120,0,0,0,0,0,0,0,0,0,0,0,0,0,0,0,0,0,0,0,0,0,0,78797
1,1,1,1,793,-2312,32,-834,272,-166,-32,60,116,0,0,0,0,0,0,0,0,0,0,0,0,0,0,0,0,0,0,0,0,0,0,78807
1,1,1,1,796,-2316,35,-974,285,-167,-31,63,111,0,0,0,0,0,0,0,0,0,0,0,0,0,0,0,0,0,0,0,0,0,0,78817
1,1,1,1,768,-2245,21,-993,318,-165,-29,61,101,0,0,0,0,0,0,0,0,0,0,0,0,0,0,0,0,0,0,0,0,0,0,78827
1,1,1,1,787,-2204,5,-974,343,-160,-25,58,97,0,0,0,0,0,0,0,0,0,0,0,0,0,0,0,0,0,0,0,0,0,0,78837
1,1,1,1,808,-2249,-27,-966,380,-172,-24,54,93,0,0,0,0,0,0,0,0,0,0,0,0,0,0,0,0,0,0,0,0,0,0,78847
1,1,1,1,819,-2276,-16,-995,378,-193,-24,59,88,0,0,0,0,0,0,0,0,0,0,0,0,0,0,0,0,0,0,0,0,0,0,78857
1,1,1,1,826,-2234,-32,-969,358,-219,-22,55,83,0,0,0,0,0,0,0,0,0,0,0,0,0,0,0,0,0,0,0,0,0,0,78867
1,1,1,1,798,-2233,-87,-925,357,-233,-19,53,84,0,0,0,0,0,0,0,0,0,0,0,0,0,0,0,0,0,0,0,0,0,0,78877
1,1,1,1,785,-2298,-114,-936,346,-242,-17,50,80,0,0,0,0,0,0,0,0,0,0,0,0,0,0,0,0,0,0,0,0,0,0,78887
1,1,1,1,769,-2304,-99,-901,341,-244,-15,52,77,0,0,0,0,0,0,0,0,0,0,0,0,0,0,0,0,0,0,0,0,0,0,78897
1,1,1,1,751,-2317,-115,-853,348,-233,-13,51,75,0,0,0,0,0,0,0,0,0,0,0,0,0,0,0,0,0,0,0,0,0,0,78907
1,1,1,1,800,-2377,-137,-874,347,-222,-13,50,71,0,0,0,0,0,0,0,0,0,0,0,0,0,0,0,0,0,0,0,0,0,0,78917
1,1,1,1,831,-2393,-130,-928,347,-195,-11,50,70,0,0,0,0,0,0,0,0,0,0,0,0,0,0,0,0,0,0,0,0,0,0,78927
1,1,1,1,817,-2267,-77,-802,349,-170,-10,50,69,0,0,0,0,0,0,0,0,0,0,0,0,0,0,0,0,0,0,0,0,0,0,78937
1,1,1,1,854,-2186,-57,-528,348,-158,-10,50,69,0,0,0,0,0,0,0,0,0,0,0,0,0,0,0,0,0,0,0,0,0,0,78947
1,1,1,1,921,-2323,-105,-348,322,-169,-13,48,69,0,0,0,0,0,0,0,0,0,0,0,0,0,0,0,0,0,0,0,0,0,0,78957
1,1,1,1,913,-2417,-174,-412,295,-161,-13,47,68,0,0,0,0,0,0,0,0,0,0,0,0,0,0,0,0,0,0,0,0,0,0,78967
1,1,1,1,894,-2437,-214,-533,293,-129,-13,47,68,0,0,0,0,0,0,0,0,0,0,0,0,0,0,0,0,0,0,0,0,0,0,78977
1,1,1,1,918,-2434,-205,-656,282,-104,-12,47,64,0,0,0,0,0,0,0,0,0,0,0,0,0,0,0,0,0,0,0,0,0,0,78987
1,1,1,1,944,-2449,-227,-786,273,-95,-13,47,64,0,0,0,0,0,0,0,0,0,0,0,0,0,0,0,0,0,0,0,0,0,0,78997
1,1,1,1,940,-2444,-246,-938,264,-76,-15,47,62,0,0,0,0,0,0,0,0,0,0,0,0,0,0,0,0,0,0,0,0,0,0,79007
1,1,1,1,910,-2458,-262,-1097,251,-58,-19,48,62,0,0,0,0,0,0,0,0,0,0,0,0,0,0,0,0,0,0,0,0,0,0,79017
1,1,1,1,890,-2464,-319,-1324,258,-34,-17,46,58,0,0,0,0,0,0,0,0,0,0,0,0,0,0,0,0,0,0,0,0,0,0,79027
1,1,1,1,881,-2466,-352,-1515,272,-7,-15,45,56,0,0,0,0,0,0,0,0,0,0,0,0,0,0,0,0,0,0,0,0,0,0,79037
1,1,1,1,834,-2458,-371,-1688,297,13,-10,45,51,0,0,0,0,0,0,0,0,0,0,0,0,0,0,0,0,0,0,0,0,0,0,79047
1,1,1,1,786,-2370,-344,-1633,352,33,-11,45,51,0,0,0,0,0,0,0,0,0,0,0,0,0,0,0,0,0,0,0,0,0,0,79057
1,1,1,1,789,-2322,-291,-1508,344,65,-9,44,49,0,0,0,0,0,0,0,0,0,0,0,0,0,0,0,0,0,0,0,0,0,0,79067
1,1,1,1,877,-2319,-329,-1460,332,72,-9,44,48,0,0,0,0,0,0,0,0,0,0,0,0,0,0,0,0,0,0,0,0,0,0,79077
1,1,1,1,900,-2354,-418,-1390,357,59,-11,44,47,0,0,0,0,0,0,0,0,0,0,0,0,0,0,0,0,0,0,0,0,0,0,79087
1,1,1,1,902,-2374,-452,-1435,327,70,-9,42,47,0,0,0,0,0,0,0,0,0,0,0,0,0,0,0,0,0,0,0,0,0,0,79097
1,1,1,1,904,-2394,-518,-1502,315,61,-11,43,46,0,0,0,0,0,0,0,0,0,0,0,0,0,0,0,0,0,0,0,0,0,0,79107
1,1,1,1,917,-2387,-552,-1593,279,49,-12,46,44,0,0,0,0,0,0,0,0,0,0,0,0,0,0,0,0,0,0,0,0,0,0,79117
1,1,1,1,939,-2393,-599,-1748,232,39,-11,39,45,0,0,0,0,0,0,0,0,0,0,0,0,0,0,0,0,0,0,0,0,0,0,79127
1,1,1,1,921,-2367,-666,-1881,179,21,-14,43,44,0,0,0,0,0,0,0,0,0,0,0,0,0,0,0,0,0,0,0,0,0,0,79137
1,1,1,1,873,-2309,-701,-1947,154,-3,-9,41,41,0,0,0,0,0,0,0,0,0,0,0,0,0,0,0,0,0,0,0,0,0,0,79147
1,1,1,1,847,-2214,-686,-1876,142,-8,-9,40,43,0,0,0,0,0,0,0,0,0,0,0,0,0,0,0,0,0,0,0,0,0,0,79157
1,1,1,1,834,-2156,-690,-1682,166,12,-9,42,41,0,0,0,0,0,0,0,0,0,0,0,0,0,0,0,0,0,0,0,0,0,0,79167
1,1,1,1,855,-2218,-709,-1586,191,18,-9,41,39,0,0,0,0,0,0,0,0,0,0,0,0,0,0,0,0,0,0,0,0,0,0,79177
1,1,1,1,902,-2301,-750,-1628,196,27,-8,40,40,0,0,0,0,0,0,0,0,0,0,0,0,0,0,0,0,0,0,0,0,0,0,79187
1,1,1,1,890,-2359,-791,-1723,181,16,-9,40,40,0,0,0,0,0,0,0,0,0,0,0,0,0,0,0,0,0,0,0,0,0,0,79197
1,1,1,1,845,-2364,-869,-1894,159,3,-6,39,37,0,0,0,0,0,0,0,0,0,0,0,0,0,0,0,0,0,0,0,0,0,0,79207
1,1,1,1,800,-2308,-951,-2062,145,14,-7,40,36,0,0,0,0,0,0,0,0,0,0,0,0,0,0,0,0,0,0,0,0,0,0,79217
1,1,1,1,812,-2277,-1046,-2211,131,31,-7,39,37,0,0,0,0,0,0,0,0,0,0,0,0,0,0,0,0,0,0,0,0,0,0,79227
1,1,1,1,803,-2255,-1142,-2430,128,59,-9,39,35,0,0,0,0,0,0,0,0,0,0,0,0,0,0,0,0,0,0,0,0,0,0,79237
1,1,1,1,739,-2196,-1098,-2574,142,118,-9,39,32,0,0,0,0,0,0,0,0,0,0,0,0,0,0,0,0,0,0,0,0,0,0,79247
1,1,1,1,799,-2168,-1017,-2530,150,197,-7,38,30,0,0,0,0,0,0,0,0,0,0,0,0,0,0,0,0,0,0,0,0,0,0,79257
1,1,1,1,940,-2175,-971,-2617,144,205,-9,38,33,0,0,0,0,0,0,0,0,0,0,0,0,0,0,0,0,0,0,0,0,0,0,79267
1,1,1,1,1003,-2249,-964,-2719,81,155,-8,40,33,0,0,0,0,0,0,0,0,0,0,0,0,0,0,0,0,0,0,0,0,0,0,79277
1,1,1,1,1000,-2262,-1014,-2831,20,24,-4,38,35,0,0,0,0,0,0,0,0,0,0,0,0,0,0,0,0,0,0,0,0,0,0,79287
1,1,1,1,961,-2141,-1193,-2606,24,-56,-4,38,34,0,0,0,0,0,0,0,0,0,0,0,0,0,0,0,0,0,0,0,0,0,0,79297
1,1,1,1,890,-2172,-1182,-2436,39,-83,-2,38,36,0,0,0,0,0,0,0,0,0,0,0,0,0,0,0,0,0,0,0,0,0,0,79307
1,1,1,1,804,-2024,-1216,-2233,58,-27,-3,38,32,0,0,0,0,0,0,0,0,0,0,0,0,0,0,0,0,0,0,0,0,0,0,79317
1,1,1,1,790,-2009,-1296,-2008,81,41,-7,38,29,0,0,0,0,0,0,0,0,0,0,0,0,0,0,0,0,0,0,0,0,0,0,79327
1,1,1,1,836,-2057,-1411,-2082,65,48,-7,37,31,0,0,0,0,0,0,0,0,0,0,0,0,0,0,0,0,0,0,0,0,0,0,79337
1,1,1,1,885,-2006,-1486,-2162,40,39,-5,37,30,0,0,0,0,0,0,0,0,0,0,0,0,0,0,0,0,0,0,0,0,0,0,79347
1,1,1,1,870,-1943,-1511,-2193,67,64,-4,36,32,0,0,0,0,0,0,0,0,0,0,0,0,0,0,0,0,0,0,0,0,0,0,79357
1,1,1,1,867,-1878,-1544,-2162,114,105,-4,35,32,0,0,0,0,0,0,0,0,0,0,0,0,0,0,0,0,0,0,0,0,0,0,79367
1,1,1,1,860,-1823,-1581,-2149,181,165,-4,36,25,0,0,0,0,0,0,0,0,0,0,0,0,0,0,0,0,0,0,0,0,0,0,79377
1,1,1,1,845,-1763,-1513,-2101,215,329,-3,37,24,0,0,0,0,0,0,0,0,0,0,0,0,0,0,0,0,0,0,0,0,0,0,79387
1,1,1,1,833,-1732,-1490,-2045,145,524,-6,36,26,0,0,0,0,0,0,0,0,0,0,0,0,0,0,0,0,0,0,0,0,0,0,79397
1,1,1,1,835,-1792,-1535,-1962,55,631,-5,37,26,0,0,0,0,0,0,0,0,0,0,0,0,0,0,0,0,0,0,0,0,0,0,79407
1,1,1,1,832,-1788,-1578,-1887,16,694,-6,34,21,0,0,0,0,0,0,0,0,0,0,0,0,0,0,0,0,0,0,0,0,0,0,79417
1,1,1,1,791,-1781,-1616,-1913,-34,801,-7,36,23,0,0,0,0,0,0,0,0,0,0,0,0,0,0,0,0,0,0,0,0,0,0,79427
1,1,1,1,776,-1822,-1695,-2053,-107,856,-9,37,28,0,0,0,0,0,0,0,0,0,0,0,0,0,0,0,0,0,0,0,0,0,0,79437
1,1,1,1,789,-1896,-1765,-2236,-86,768,-10,34,30,0,0,0,0,0,0,0,0,0,0,0,0,0,0,0,0,0,0,0,0,0,0,79447
1,1,1,1,754,-2040,-1955,-2225,124,477,-7,36,34,0,0,0,0,0,0,0,0,0,0,0,0,0,0,0,0,0,0,0,0,0,0,79457
1,1,1,1,828,-1906,-1821,-2036,257,259,-11,36,35,0,0,0,0,0,0,0,0,0,0,0,0,0,0,0,0,0,0,0,0,0,0,79467
1,1,1,1,828,-1906,-1821,-2091,146,254,-7,36,33,0,0,0,0,0,0,0,0,0,0,0,0,0,0,0,0,0,0,0,0,0,0,79477
1,1,1,1,862,-1824,-1640,-1930,17,165,-6,38,35,0,0,0,0,0,0,0,0,0,0,0,0,0,0,0,0,0,0,0,0,0,0,79487
1,1,1,1,786,-1862,-1742,-1605,-29,74,-4,36,34,0,0,0,0,0,0,0,0,0,0,0,0,0,0,0,0,0,0,0,0,0,0,79497
1,1,1,1,815,-1734,-1823,-1497,-61,73,-2,36,37,0,0,0,0,0,0,0,0,0,0,0,0,0,0,0,0,0,0,0,0,0,0,79507
1,1,1,1,849,-1642,-1912,-1432,-62,101,-4,36,32,0,0,0,0,0,0,0,0,0,0,0,0,0,0,0,0,0,0,0,0,0,0,79517
1,1,1,1,825,-1623,-1915,-1415,-54,128,-4,37,34,0,0,0,0,0,0,0,0,0,0,0,0,0,0,0,0,0,0,0,0,0,0,79527
1,1,1,1,810,-1617,-1905,-1439,-61,163,-4,37,34,0,0,0,0,0,0,0,0,0,0,0,0,0,0,0,0,0,0,0,0,0,0,79537
1,1,1,1,794,-1645,-1940,-1441,-66,148,-5,36,38,0,0,0,0,0,0,0,0,0,0,0,0,0,0,0,0,0,0,0,0,0,0,79547
1,1,1,1,816,-1671,-1940,-1470,-88,82,-5,36,38,0,0,0,0,0,0,0,0,0,0,0,0,0,0,0,0,0,0,0,0,0,0,79557
1,1,1,1,840,-1641,-1930,-1528,-118,61,-5,36,33,0,0,0,0,0,0,0,0,0,0,0,0,0,0,0,0,0,0,0,0,0,0,79567
1,1,1,1,875,-1594,-1936,-1671,-123,105,-9,36,32,0,0,0,0,0,0,0,0,0,0,0,0,0,0,0,0,0,0,0,0,0,0,79577
1,1,1,1,896,-1603,-1890,-2230,-92,185,-22,34,30,0,0,0,0,0,0,0,0,0,0,0,0,0,0,0,0,0,0,0,0,0,0,79587
1,1,1,1,862,-1556,-1698,-3528,162,319,-5,36,24,0,0,0,0,0,0,0,0,0,0,0,0,0,0,0,0,0,0,0,0,0,0,79597
1,1,1,1,776,-1167,-2003,-3240,283,526,-1,36,31,0,0,0,0,0,0,0,0,0,0,0,0,0,0,0,0,0,0,0,0,0,0,79607
1,1,1,1,745,-1206,-2213,-2269,240,548,-7,37,37,0,0,0,0,0,0,0,0,0,0,0,0,0,0,0,0,0,0,0,0,0,0,79617
1,1,1,1,728,-1274,-2082,-2239,111,386,-10,38,41,0,0,0,0,0,0,0,0,0,0,0,0,0,0,0,0,0,0,0,0,0,0,79627
1,1,1,1,707,-1453,-2042,-2650,4,46,-10,38,37,0,0,0,0,0,0,0,0,0,0,0,0,0,0,0,0,0,0,0,0,0,0,79637
1,1,1,1,740,-1364,-2074,-2789,-78,-79,-8,38,39,0,0,0,0,0,0,0,0,0,0,0,0,0,0,0,0,0,0,0,0,0,0,79647
1,1,1,1,824,-1154,-2241,-2606,-73,61,-10,33,35,0,0,0,0,0,0,0,0,0,0,0,0,0,0,0,0,0,0,0,0,0,0,79657
1,1,1,1,667,-1120,-2403,-2539,164,300,-7,40,35,0,0,0,0,0,0,0,0,0,0,0,0,0,0,0,0,0,0,0,0,0,0,79667
1,1,1,1,645,-1146,-2162,-2530,86,404,-7,38,38,0,0,0,0,0,0,0,0,0,0,0,0,0,0,0,0,0,0,0,0,0,0,79677
1,1,1,1,586,-1154,-2226,-2570,75,296,-7,37,38,0,0,0,0,0,0,0,0,0,0,0,0,0,0,0,0,0,0,0,0,0,0,79687
1,1,1,1,690,-955,-2208,-2635,94,201,-6,40,34,0,0,0,0,0,0,0,0,0,0,0,0,0,0,0,0,0,0,0,0,0,0,79697
1,1,1,1,786,-737,-2262,-2494,74,233,-5,39,37,0,0,0,0,0,0,0,0,0,0,0,0,0,0,0,0,0,0,0,0,0,0,79707
1,1,1,1,709,-682,-2298,-2220,51,314,-7,40,38,0,0,0,0,0,0,0,0,0,0,0,0,0,0,0,0,0,0,0,0,0,0,79717
1,1,1,1,654,-814,-2240,-2227,46,306,-8,39,37,0,0,0,0,0,0,0,0,0,0,0,0,0,0,0,0,0,0,0,0,0,0,79727
1,1,1,1,685,-868,-2252,-2505,63,298,-9,38,39,0,0,0,0,0,0,0,0,0,0,0,0,0,0,0,0,0,0,0,0,0,0,79737
1,1,1,1,734,-920,-2318,-2876,63,294,-16,41,39,0,0,0,0,0,0,0,0,0,0,0,0,0,0,0,0,0,0,0,0,0,0,79747
1,1,1,1,720,-955,-2365,-3394,63,277,-19,44,42,0,0,0,0,0,0,0,0,0,0,0,0,0,0,0,0,0,0,0,0,0,0,79757
1,1,1,1,730,-907,-2362,-3949,53,219,-16,38,40,0,0,0,0,0,0,0,0,0,0,0,0,0,0,0,0,0,0,0,0,0,0,79767
1,1,1,1,832,-687,-2326,-4195,62,273,-16,41,39,0,0,0,0,0,0,0,0,0,0,0,0,0,0,0,0,0,0,0,0,0,0,79777
1,1,1,1,749,-500,-2174,-4245,71,420,-18,39,37,0,0,0,0,0,0,0,0,0,0,0,0,0,0,0,0,0,0,0,0,0,0,79787
1,1,1,1,613,-488,-2071,-4638,112,440,-21,41,39,0,0,0,0,0,0,0,0,0,0,0,0,0,0,0,0,0,0,0,0,0,0,79797
1,1,1,1,663,-313,-2104,-5014,125,454,-20,41,39,0,0,0,0,0,0,0,0,0,0,0,0,0,0,0,0,0,0,0,0,0,0,79807
1,1,1,1,693,-165,-2244,-5375,20,533,-19,40,40,0,0,0,0,0,0,0,0,0,0,0,0,0,0,0,0,0,0,0,0,0,0,79817
1,1,1,1,642,-46,-2258,-5375,-73,522,-8,38,43,0,0,0,0,0,0,0,0,0,0,0,0,0,0,0,0,0,0,0,0,0,0,79827
1,1,1,1,744,627,-2395,-4400,-59,385,8,37,46,0,0,0,0,0,0,0,0,0,0,0,0,0,0,0,0,0,0,0,0,0,0,79837
1,1,1,1,892,1248,-2407,-2039,-145,32,3,39,45,0,0,0,0,0,0,0,0,0,0,0,0,0,0,0,0,0,0,0,0,0,0,79847
1,1,1,1,913,853,-2023,-834,-178,-119,-3,38,43,0,0,0,0,0,0,0,0,0,0,0,0,0,0,0,0,0,0,0,0,0,0,79857
1,1,1,1,730,416,-1826,-764,-181,-14,0,38,43,0,0,0,0,0,0,0,0,0,0,0,0,0,0,0,0,0,0,0,0,0,0,79867
1,1,1,1,639,364,-2092,-402,-107,-28,0,37,44,0,0,0,0,0,0,0,0,0,0,0,0,0,0,0,0,0,0,0,0,0,0,79877
1,1,1,1,686,363,-2194,-133,-10,37,0,37,47,0,0,0,0,0,0,0,0,0,0,0,0,0,0,0,0,0,0,0,0,0,0,79887
1,1,1,1,722,240,-2103,1,-7,6,2,37,47,0,0,0,0,0,0,0,0,0,0,0,0,0,0,0,0,0,0,0,0,0,0,79897
1,1,1,1,752,238,-2059,76,-3,-61,0,37,47,0,0,0,0,0,0,0,0,0,0,0,0,0,0,0,0,0,0,0,0,0,0,79907
1,1,1,1,734,257,-2068,51,-20,-142,-4,38,49,0,0,0,0,0,0,0,0,0,0,0,0,0,0,0,0,0,0,0,0,0,0,79917
1,1,1,1,691,184,-2133,-160,-30,-187,-7,37,51,0,0,0,0,0,0,0,0,0,0,0,0,0,0,0,0,0,0,0,0,0,0,79927
1,1,1,1,637,50,-2150,-318,-10,-128,-9,37,52,0,0,0,0,0,0,0,0,0,0,0,0,0,0,0,0,0,0,0,0,0,0,79937
1,1,1,1,722,-11,-2168,-379,-49,-45,-10,38,54,0,0,0,0,0,0,0,0,0,0,0,0,0,0,0,0,0,0,0,0,0,0,79947
1,1,1,1,861,-27,-2280,-480,-84,-63,-9,37,52,0,0,0,0,0,0,0,0,0,0,0,0,0,0,0,0,0,0,0,0,0,0,79957
1,1,1,1,865,168,-2187,-294,-92,-95,-9,37,53,0,0,0,0,0,0,0,0,0,0,0,0,0,0,0,0,0,0,0,0,0,0,79967
1,1,1,1,759,315,-2141,-239,-115,-80,-8,37,54,0,0,0,0,0,0,0,0,0,0,0,0,0,0,0,0,0,0,0,0,0,0,79977
1,1,1,1,690,343,-2178,-199,-128,-63,-6,36,54,0,0,0,0,0,0,0,0,0,0,0,0,0,0,0,0,0,0,0,0,0,0,79987
1,1,1,1,665,392,-2329,-117,-43,23,-10,34,52,0,0,0,0,0,0,0,0,0,0,0,0,0,0,0,0,0,0,0,0,0,0,79997
1,1,1,1,714,217,-2232,-200,-85,-15,-12,34,55,0,0,0,0,0,0,0,0,0,0,0,0,0,0,0,0,0,0,0,0,0,0,80007
1,1,1,1,694,240,-2259,-341,-104,-22,-15,32,52,0,0,0,0,0,0,0,0,0,0,0,0,0,0,0,0,0,0,0,0,0,0,80017
1,1,1,1,747,239,-2219,-503,-127,-44,-14,35,56,0,0,0,0,0,0,0,0,0,0,0,0,0,0,0,0,0,0,0,0,0,0,80027
1,1,1,1,871,206,-2185,-781,-161,-47,-17,35,55,0,0,0,0,0,0,0,0,0,0,0,0,0,0,0,0,0,0,0,0,0,0,80037
1,1,1,1,700,361,-2162,-881,-160,-64,-11,29,55,0,0,0,0,0,0,0,0,0,0,0,0,0,0,0,0,0,0,0,0,0,0,80047
1,1,1,1,692,441,-1928,-527,-96,-82,-10,34,55,0,0,0,0,0,0,0,0,0,0,0,0,0,0,0,0,0,0,0,0,0,0,80057
1,1,1,1,779,424,-2008,-301,-87,-37,-13,34,58,0,0,0,0,0,0,0,0,0,0,0,0,0,0,0,0,0,0,0,0,0,0,80067
1,1,1,1,752,314,-2120,-211,-76,-26,-15,32,58,0,0,0,0,0,0,0,0,0,0,0,0,0,0,0,0,0,0,0,0,0,0,80077
1,1,1,1,818,265,-2135,-202,-36,-41,-14,37,63,0,0,0,0,0,0,0,0,0,0,0,0,0,0,0,0,0,0,0,0,0,0,80087
1,1,1,1,764,336,-2090,-196,-31,-33,-12,35,62,0,0,0,0,0,0,0,0,0,0,0,0,0,0,0,0,0,0,0,0,0,0,80097
1,1,1,1,699,364,-2061,-143,-18,-11,-11,33,63,0,0,0,0,0,0,0,0,0,0,0,0,0,0,0,0,0,0,0,0,0,0,80107
1,1,1,1,668,344,-2079,-63,0,-5,-14,36,67,0,0,0,0,0,0,0,0,0,0,0,0,0,0,0,0,0,0,0,0,0,0,80117
1,1,1,1,679,335,-2053,-99,10,18,-12,34,65,0,0,0,0,0,0,0,0,0,0,0,0,0,0,0,0,0,0,0,0,0,0,80127
1,1,1,1,668,278,-2080,-116,37,11,-14,34,72,0,0,0,0,0,0,0,0,0,0,0,0,0,0,0,0,0,0,0,0,0,0,80137
1,1,1,1,684,272,-2109,-183,73,17,-17,35,77,0,0,0,0,0,0,0,0,0,0,0,0,0,0,0,0,0,0,0,0,0,0,80147
1,1,1,1,700,296,-2042,-263,71,57,-17,35,75,0,0,0,0,0,0,0,0,0,0,0,0,0,0,0,0,0,0,0,0,0,0,80157
1,1,1,1,696,353,-2110,-183,62,72,-18,35,80,0,0,0,0,0,0,0,0,0,0,0,0,0,0,0,0,0,0,0,0,0,0,80167
1,1,1,1,670,366,-2243,-104,39,64,-20,36,81,0,0,0,0,0,0,0,0,0,0,0,0,0,0,0,0,0,0,0,0,0,0,80177
1,1,1,1,701,345,-2247,-113,7,60,-22,36,83,0,0,0,0,0,0,0,0,0,0,0,0,0,0,0,0,0,0,0,0,0,0,80187
1,1,1,1,690,345,-2223,-79,-51,72,-21,35,84,0,0,0,0,0,0,0,0,0,0,0,0,0,0,0,0,0,0,0,0,0,0,80197
1,1,1,1,688,359,-2249,-107,-84,59,-21,36,89,0,0,0,0,0,0,0,0,0,0,0,0,0,0,0,0,0,0,0,0,0,0,80207
1,1,1,1,672,391,-2217,-119,-103,55,-23,36,90,0,0,0,0,0,0,0,0,0,0,0,0,0,0,0,0,0,0,0,0,0,0,80217
1,1,1,1,691,432,-2201,-113,-94,71,-23,36,96,0,0,0,0,0,0,0,0,0,0,0,0,0,0,0,0,0,0,0,0,0,0,80227
1,1,1,1,706,442,-2123,-50,-56,118,-25,37,92,0,0,0,0,0,0,0,0,0,0,0,0,0,0,0,0,0,0,0,0,0,0,80247
1,1,1,1,760,426,-2072,-13,-73,138,-26,36,92,0,0,0,0,0,0,0,0,0,0,0,0,0,0,0,0,0,0,0,0,0,0,80257
1,1,1,1,690,524,-2051,0,-81,230,-27,35,93,0,0,0,0,0,0,0,0,0,0,0,0,0,0,0,0,0,0,0,0,0,0,80267
1,1,1,1,741,380,-2112,5,-67,151,-27,35,96,0,0,0,0,0,0,0,0,0,0,0,0,0,0,0,0,0,0,0,0,0,0,80277
1,1,1,1,735,350,-2084,-3,-61,131,-25,35,94,0,0,0,0,0,0,0,0,0,0,0,0,0,0,0,0,0,0,0,0,0,0,80287
1,1,1,1,712,367,-2068,-3,-66,89,-26,34,93,0,0,0,0,0,0,0,0,0,0,0,0,0,0,0,0,0,0,0,0,0,0,80297
1,1,1,1,677,324,-2144,-14,-31,-7,-27,34,92,0,0,0,0,0,0,0,0,0,0,0,0,0,0,0,0,0,0,0,0,0,0,80307
1,1,1,1,697,336,-2108,-54,-19,-66,-26,33,96,0,0,0,0,0,0,0,0,0,0,0,0,0,0,0,0,0,0,0,0,0,0,80317
1,1,1,1,673,364,-2097,-108,-14,-56,-27,33,97,0,0,0,0,0,0,0,0,0,0,0,0,0,0,0,0,0,0,0,0,0,0,80327
1,1,1,1,661,370,-2090,-34,35,-106,-26,33,93,0,0,0,0,0,0,0,0,0,0,0,0,0,0,0,0,0,0,0,0,0,0,80337
1,1,1,1,676,396,-2031,82,42,-99,-29,35,97,0,0,0,0,0,0,0,0,0,0,0,0,0,0,0,0,0,0,0,0,0,0,80347
1,1,1,1,705,350,-2077,148,61,-106,-31,36,98,0,0,0,0,0,0,0,0,0,0,0,0,0,0,0,0,0,0,0,0,0,0,80357
1,1,1,1,725,298,-2130,144,65,-112,-29,32,95,0,0,0,0,0,0,0,0,0,0,0,0,0,0,0,0,0,0,0,0,0,0,80367
1,1,1,1,715,332,-2163,119,61,-95,-33,34,98,0,0,0,0,0,0,0,0,0,0,0,0,0,0,0,0,0,0,0,0,0,0,80377
1,1,1,1,716,329,-2151,90,49,-69,-32,33,97,0,0,0,0,0,0,0,0,0,0,0,0,0,0,0,0,0,0,0,0,0,0,80387
1,1,1,1,741,281,-2149,34,20,-64,-31,30,99,0,0,0,0,0,0,0,0,0,0,0,0,0,0,0,0,0,0,0,0,0,0,80397
1,1,1,1,721,318,-2211,-16,21,-56,-29,27,96,0,0,0,0,0,0,0,0,0,0,0,0,0,0,0,0,0,0,0,0,0,0,80407
1,1,1,1,696,369,-2166,-75,-2,-38,-29,28,96,0,0,0,0,0,0,0,0,0,0,0,0,0,0,0,0,0,0,0,0,0,0,80417
1,1,1,1,699,375,-2157,-98,-17,-31,-29,27,92,0,0,0,0,0,0,0,0,0,0,0,0,0,0,0,0,0,0,0,0,0,0,80427
1,1,1,1,701,388,-2168,-101,-13,-21,-29,25,93,0,0,0,0,0,0,0,0,0,0,0,0,0,0,0,0,0,0,0,0,0,0,80437
1,1,1,1,706,372,-2163,-130,-21,-20,-31,25,96,0,0,0,0,0,0,0,0,0,0,0,0,0,0,0,0,0,0,0,0,0,0,80447
1,1,1,1,706,364,-2155,-147,-26,-18,-29,25,94,0,0,0,0,0,0,0,0,0,0,0,0,0,0,0,0,0,0,0,0,0,0,80457
1,1,1,1,708,376,-2115,-121,-24,-16,-30,24,97,0,0,0,0,0,0,0,0,0,0,0,0,0,0,0,0,0,0,0,0,0,0,80467
1,1,1,1,710,365,-2100,-75,-30,-13,-35,26,95,0,0,0,0,0,0,0,0,0,0,0,0,0,0,0,0,0,0,0,0,0,0,80477
1,1,1,1,737,305,-2134,-114,-25,-26,-29,22,89,0,0,0,0,0,0,0,0,0,0,0,0,0,0,0,0,0,0,0,0,0,0,80497
1,1,1,1,738,315,-2133,-206,-57,-46,-29,19,89,0,0,0,0,0,0,0,0,0,0,0,0,0,0,0,0,0,0,0,0,0,0,80507
1,1,1,1,705,391,-2132,-244,-64,-51,-30,17,86,0,0,0,0,0,0,0,0,0,0,0,0,0,0,0,0,0,0,0,0,0,0,80517
1,1,1,1,685,432,-2142,-234,-44,-38,-30,15,84,0,0,0,0,0,0,0,0,0,0,0,0,0,0,0,0,0,0,0,0,0,0,80527
1,1,1,1,675,442,-2110,-213,-37,-35,-31,13,82,0,0,0,0,0,0,0,0,0,0,0,0,0,0,0,0,0,0,0,0,0,0,80537
1,1,1,1,677,450,-2108,-169,-25,-36,-32,12,84,0,0,0,0,0,0,0,0,0,0,0,0,0,0,0,0,0,0,0,0,0,0,80547
1,1,1,1,695,432,-2104,-155,-14,-38,-32,12,81,0,0,0,0,0,0,0,0,0,0,0,0,0,0,0,0,0,0,0,0,0,0,80557
1,1,1,1,723,378,-2097,-164,-17,-50,-32,11,80,0,0,0,0,0,0,0,0,0,0,0,0,0,0,0,0,0,0,0,0,0,0,80567
1,1,1,1,730,359,-2104,-166,-13,-57,-33,10,78,0,0,0,0,0,0,0,0,0,0,0,0,0,0,0,0,0,0,0,0,0,0,80577
1,1,1,1,731,352,-2105,-185,-17,-62,-33,9,79,0,0,0,0,0,0,0,0,0,0,0,0,0,0,0,0,0,0,0,0,0,0,80587
1,1,1,1,703,409,-2114,-193,-12,-57,-33,8,79,0,0,0,0,0,0,0,0,0,0,0,0,0,0,0,0,0,0,0,0,0,0,80597
1,1,1,1,690,441,-2102,-192,-2,-42,-36,7,77,0,0,0,0,0,0,0,0,0,0,0,0,0,0,0,0,0,0,0,0,0,0,80607
1,1,1,1,698,443,-2076,-178,-12,-38,-36,7,75,0,0,0,0,0,0,0,0,0,0,0,0,0,0,0,0,0,0,0,0,0,0,80617
1,1,1,1,698,466,-2077,-142,3,-37,-34,4,74,0,0,0,0,0,0,0,0,0,0,0,0,0,0,0,0,0,0,0,0,0,0,80627
1,1,1,1,689,498,-2055,-83,16,-27,-32,2,73,0,0,0,0,0,0,0,0,0,0,0,0,0,0,0,0,0,0,0,0,0,0,80637
1,1,1,1,702,477,-2062,-22,23,-30,-34,6,74,0,0,0,0,0,0,0,0,0,0,0,0,0,0,0,0,0,0,0,0,0,0,80647
1,1,1,1,722,409,-2095,-21,20,-38,-34,4,75,0,0,0,0,0,0,0,0,0,0,0,0,0,0,0,0,0,0,0,0,0,0,80657
1,1,1,1,726,367,-2119,-58,20,-46,-35,4,73,0,0,0,0,0,0,0,0,0,0,0,0,0,0,0,0,0,0,0,0,0,0,80667
1,1,1,1,707,390,-2125,-69,-1,-57,-35,-1,72,0,0,0,0,0,0,0,0,0,0,0,0,0,0,0,0,0,0,0,0,0,0,80677
1,1,1,1,684,441,-2125,-62,1,-42,-35,0,72,0,0,0,0,0,0,0,0,0,0,0,0,0,0,0,0,0,0,0,0,0,0,80687
1,1,1,1,684,441,-2125,-61,-5,-23,-36,1,71,0,0,0,0,0,0,0,0,0,0,0,0,0,0,0,0,0,0,0,0,0,0,80697
1,1,1,1,699,449,-2105,-49,-5,-11,-33,-2,71,0,0,0,0,0,0,0,0,0,0,0,0,0,0,0,0,0,0,0,0,0,0,80707
1,1,1,1,701,443,-2095,-15,-29,-13,-35,-2,71,0,0,0,0,0,0,0,0,0,0,0,0,0,0,0,0,0,0,0,0,0,0,80717
1,1,1,1,696,449,-2115,10,-20,-10,-34,-4,70,0,0,0,0,0,0,0,0,0,0,0,0,0,0,0,0,0,0,0,0,0,0,80727
1,1,1,1,696,450,-2117,-10,-20,-12,-35,-5,67,0,0,0,0,0,0,0,0,0,0,0,0,0,0,0,0,0,0,0,0,0,0,80737
1,1,1,1,686,458,-2125,-14,-13,-12,-34,-5,67,0,0,0,0,0,0,0,0,0,0,0,0,0,0,0,0,0,0,0,0,0,0,80747
1,1,1,1,679,462,-2105,-7,-10,-13,-33,-5,69,0,0,0,0,0,0,0,0,0,0,0,0,0,0,0,0,0,0,0,0,0,0,80757
1,1,1,1,691,440,-2097,-2,-18,-18,-38,-4,69,0,0,0,0,0,0,0,0,0,0,0,0,0,0,0,0,0,0,0,0,0,0,80767
1,1,1,1,691,436,-2100,-17,-17,-20,-36,-4,70,0,0,0,0,0,0,0,0,0,0,0,0,0,0,0,0,0,0,0,0,0,0,80777
1,1,1,1,683,432,-2112,-42,-22,-22,-37,-3,70,0,0,0,0,0,0,0,0,0,0,0,0,0,0,0,0,0,0,0,0,0,0,80787
1,1,1,1,685,423,-2097,-58,-22,-23,-37,-4,69,0,0,0,0,0,0,0,0,0,0,0,0,0,0,0,0,0,0,0,0,0,0,80797
1,1,1,1,686,443,-2092,-54,-23,-16,-35,-3,70,0,0,0,0,0,0,0,0,0,0,0,0,0,0,0,0,0,0,0,0,0,0,80807
1,1,1,1,691,450,-2083,-40,-21,-6,-35,-5,67,0,0,0,0,0,0,0,0,0,0,0,0,0,0,0,0,0,0,0,0,0,0,80817
1,1,1,1,694,451,-2087,-41,-32,-1,-35,-6,70,0,0,0,0,0,0,0,0,0,0,0,0,0,0,0,0,0,0,0,0,0,0,80827
1,1,1,1,689,448,-2077,-23,-24,1,-36,-5,68,0,0,0,0,0,0,0,0,0,0,0,0,0,0,0,0,0,0,0,0,0,0,80837
1,1,1,1,685,440,-2068,5,-20,-4,-36,-6,68,0,0,0,0,0,0,0,0,0,0,0,0,0,0,0,0,0,0,0,0,0,0,80847
1,1,1,1,675,459,-2074,33,-2,-4,-38,-6,66,0,0,0,0,0,0,0,0,0,0,0,0,0,0,0,0,0,0,0,0,0,0,80857
1,1,1,1,667,470,-2059,59,16,-3,-37,-6,68,0,0,0,0,0,0,0,0,0,0,0,0,0,0,0,0,0,0,0,0,0,0,80867
1,1,1,1,675,464,-2060,64,26,-4,-35,-6,68,0,0,0,0,0,0,0,0,0,0,0,0,0,0,0,0,0,0,0,0,0,0,80877
1,1,1,1,682,437,-2068,63,27,-9,-35,-6,70,0,0,0,0,0,0,0,0,0,0,0,0,0,0,0,0,0,0,0,0,0,0,80887
1,1,1,1,701,410,-2088,70,26,-19,-38,-6,70,0,0,0,0,0,0,0,0,0,0,0,0,0,0,0,0,0,0,0,0,0,0,80897
1,1,1,1,684,438,-2107,41,24,-16,-35,-8,68,0,0,0,0,0,0,0,0,0,0,0,0,0,0,0,0,0,0,0,0,0,0,80907
1,1,1,1,691,429,-2106,-14,14,-16,-38,-8,67,0,0,0,0,0,0,0,0,0,0,0,0,0,0,0,0,0,0,0,0,0,0,80917
1,1,1,1,685,440,-2120,-25,23,-12,-38,-8,67,0,0,0,0,0,0,0,0,0,0,0,0,0,0,0,0,0,0,0,0,0,0,80927
1,1,1,1,679,463,-2096,-21,9,-9,-38,-9,67,0,0,0,0,0,0,0,0,0,0,0,0,0,0,0,0,0,0,0,0,0,0,80937
1,1,1,1,689,448,-2090,-7,11,-3,-38,-11,66,0,0,0,0,0,0,0,0,0,0,0,0,0,0,0,0,0,0,0,0,0,0,80947
1,1,1,1,699,429,-2097,-13,9,-8,-38,-12,66,0,0,0,0,0,0,0,0,0,0,0,0,0,0,0,0,0,0,0,0,0,0,80957
1,1,1,1,690,430,-2112,-33,5,-8,-39,-13,63,0,0,0,0,0,0,0,0,0,0,0,0,0,0,0,0,0,0,0,0,0,0,80967
1,1,1,1,679,443,-2115,-49,-5,-5,-40,-12,65,0,0,0,0,0,0,0,0,0,0,0,0,0,0,0,0,0,0,0,0,0,0,80977
1,1,1,1,676,458,-2099,-67,-17,-3,-40,-11,61,0,0,0,0,0,0,0,0,0,0,0,0,0,0,0,0,0,0,0,0,0,0,80987
1,1,1,1,684,446,-2106,-90,-27,-5,-41,-12,63,0,0,0,0,0,0,0,0,0,0,0,0,0,0,0,0,0,0,0,0,0,0,80997
1,1,1,1,690,447,-2115,-90,-35,-8,-38,-14,60,0,0,0,0,0,0,0,0,0,0,0,0,0,0,0,0,0,0,0,0,0,0,81007
1,1,1,1,680,477,-2088,-66,-26,-1,-38,-15,59,0,0,0,0,0,0,0,0,0,0,0,0,0,0,0,0,0,0,0,0,0,0,81017
1,1,1,1,680,493,-2095,-29,-14,7,-38,-14,60,0,0,0,0,0,0,0,0,0,0,0,0,0,0,0,0,0,0,0,0,0,0,81027
1,1,1,1,690,466,-2083,-2,-8,5,-38,-14,61,0,0,0,0,0,0,0,0,0,0,0,0,0,0,0,0,0,0,0,0,0,0,81037
1,1,1,1,689,463,-2081,4,-1,6,-38,-14,60,0,0,0,0,0,0,0,0,0,0,0,0,0,0,0,0,0,0,0,0,0,0,81047
1,1,1,1,689,460,-2092,-4,-6,4,-40,-15,61,0,0,0,0,0,0,0,0,0,0,0,0,0,0,0,0,0,0,0,0,0,0,81057
1,1,1,1,695,438,-2078,-13,-13,3,-41,-14,60,0,0,0,0,0,0,0,0,0,0,0,0,0,0,0,0,0,0,0,0,0,0,81067
1,1,1,1,700,419,-2091,-41,-20,-6,-40,-15,58,0,0,0,0,0,0,0,0,0,0,0,0,0,0,0,0,0,0,0,0,0,0,81077
1,1,1,1,669,465,-2095,-53,-17,0,-41,-15,59,0,0,0,0,0,0,0,0,0,0,0,0,0,0,0,0,0,0,0,0,0,0,81087
1,1,1,1,676,463,-2072,-50,-22,1,-41,-16,57,0,0,0,0,0,0,0,0,0,0,0,0,0,0,0,0,0,0,0,0,0,0,81097
1,1,1,1,676,466,-2088,-39,-11,-1,-39,-15,57,0,0,0,0,0,0,0,0,0,0,0,0,0,0,0,0,0,0,0,0,0,0,81107
1,1,1,1,672,486,-2072,-13,-7,-1,-40,-16,57,0,0,0,0,0,0,0,0,0,0,0,0,0,0,0,0,0,0,0,0,0,0,81117
1,1,1,1,671,488,-2077,22,6,1,-40,-17,55,0,0,0,0,0,0,0,0,0,0,0,0,0,0,0,0,0,0,0,0,0,0,81127
1,1,1,1,669,487,-2078,31,8,2,-41,-16,56,0,0,0,0,0,0,0,0,0,0,0,0,0,0,0,0,0,0,0,0,0,0,81137
1,1,1,1,673,469,-2093,35,4,0,-41,-16,60,0,0,0,0,0,0,0,0,0,0,0,0,0,0,0,0,0,0,0,0,0,0,81147
1,1,1,1,682,452,-2086,24,7,-6,-41,-17,57,0,0,0,0,0,0,0,0,0,0,0,0,0,0,0,0,0,0,0,0,0,0,81157
1,1,1,1,685,442,-2090,4,-5,-7,-40,-17,60,0,0,0,0,0,0,0,0,0,0,0,0,0,0,0,0,0,0,0,0,0,0,81167
1,1,1,1,686,451,-2101,6,-4,-1,-37,-18,58,0,0,0,0,0,0,0,0,0,0,0,0,0,0,0,0,0,0,0,0,0,0,81177
1,1,1,1,688,449,-2086,-2,-5,-1,-39,-17,57,0,0,0,0,0,0,0,0,0,0,0,0,0,0,0,0,0,0,0,0,0,0,81187
1,1,1,1,677,455,-2102,-10,-7,1,-37,-18,59,0,0,0,0,0,0,0,0,0,0,0,0,0,0,0,0,0,0,0,0,0,0,81197
1,1,1,1,676,461,-2080,-6,-9,6,-40,-18,58,0,0,0,0,0,0,0,0,0,0,0,0,0,0,0,0,0,0,0,0,0,0,81207
1,1,1,1,676,459,-2087,-4,-7,5,-38,-18,58,0,0,0,0,0,0,0,0,0,0,0,0,0,0,0,0,0,0,0,0,0,0,81217
1,1,1,1,673,463,-2091,4,-4,1,-40,-18,56,0,0,0,0,0,0,0,0,0,0,0,0,0,0,0,0,0,0,0,0,0,0,81227
1,1,1,1,678,461,-2078,17,-2,-2,-42,-17,57,0,0,0,0,0,0,0,0,0,0,0,0,0,0,0,0,0,0,0,0,0,0,81237
1,1,1,1,679,450,-2093,9,7,-3,-39,-17,56,0,0,0,0,0,0,0,0,0,0,0,0,0,0,0,0,0,0,0,0,0,0,81247
1,1,1,1,675,460,-2089,7,9,-2,-40,-17,58,0,0,0,0,0,0,0,0,0,0,0,0,0,0,0,0,0,0,0,0,0,0,81257
1,1,1,1,675,467,-2069,11,9,-1,-40,-19,56,0,0,0,0,0,0,0,0,0,0,0,0,0,0,0,0,0,0,0,0,0,0,81267
1,1,1,1,685,460,-2092,4,1,-1,-39,-18,56,0,0,0,0,0,0,0,0,0,0,0,0,0,0,0,0,0,0,0,0,0,0,81277
1,1,1,1,687,463,-2089,13,11,-2,-39,-21,56,0,0,0,0,0,0,0,0,0,0,0,0,0,0,0,0,0,0,0,0,0,0,81287
1,1,1,1,688,460,-2086,24,4,-2,-40,-18,57,0,0,0,0,0,0,0,0,0,0,0,0,0,0,0,0,0,0,0,0,0,0,81297
1,1,1,1,691,458,-2102,20,2,-3,-37,-18,58,0,0,0,0,0,0,0,0,0,0,0,0,0,0,0,0,0,0,0,0,0,0,81307
1,1,1,1,686,460,-2098,17,-10,-2,-37,-20,57,0,0,0,0,0,0,0,0,0,0,0,0,0,0,0,0,0,0,0,0,0,0,81317
1,1,1,1,684,458,-2113,26,-8,0,-37,-18,55,0,0,0,0,0,0,0,0,0,0,0,0,0,0,0,0,0,0,0,0,0,0,81327
1,1,1,1,684,452,-2107,33,-8,1,-36,-19,57,0,0,0,0,0,0,0,0,0,0,0,0,0,0,0,0,0,0,0,0,0,0,81337
1,1,1,1,682,449,-2104,40,-12,4,-37,-18,57,0,0,0,0,0,0,0,0,0,0,0,0,0,0,0,0,0,0,0,0,0,0,81347
1,1,1,1,682,448,-2100,52,-9,6,-38,-18,58,0,0,0,0,0,0,0,0,0,0,0,0,0,0,0,0,0,0,0,0,0,0,81357
1,1,1,1,668,449,-2092,43,-6,7,-38,-19,59,0,0,0,0,0,0,0,0,0,0,0,0,0,0,0,0,0,0,0,0,0,0,81367
1,1,1,1,673,447,-2089,25,-11,2,-41,-18,59,0,0,0,0,0,0,0,0,0,0,0,0,0,0,0,0,0,0,0,0,0,0,81377
1,1,1,1,671,459,-2088,15,-2,8,-39,-18,60,0,0,0,0,0,0,0,0,0,0,0,0,0,0,0,0,0,0,0,0,0,0,81387
1,1,1,1,681,450,-2070,17,0,5,-40,-17,56,0,0,0,0,0,0,0,0,0,0,0,0,0,0,0,0,0,0,0,0,0,0,81397
1,1,1,1,681,453,-2085,31,13,6,-37,-18,56,0,0,0,0,0,0,0,0,0,0,0,0,0,0,0,0,0,0,0,0,0,0,81407
1,1,1,1,680,455,-2077,41,20,5,-39,-18,61,0,0,0,0,0,0,0,0,0,0,0,0,0,0,0,0,0,0,0,0,0,0,81417
1,1,1,1,687,451,-2073,55,15,2,-39,-17,60,0,0,0,0,0,0,0,0,0,0,0,0,0,0,0,0,0,0,0,0,0,0,81427
1,1,1,1,683,460,-2103,51,19,-1,-39,-18,59,0,0,0,0,0,0,0,0,0,0,0,0,0,0,0,0,0,0,0,0,0,0,81437
1,1,1,1,677,455,-2106,41,13,-1,-39,-18,59,0,0,0,0,0,0,0,0,0,0,0,0,0,0,0,0,0,0,0,0,0,0,81447
1,1,1,1,681,451,-2115,36,8,0,-40,-18,62,0,0,0,0,0,0,0,0,0,0,0,0,0,0,0,0,0,0,0,0,0,0,81457
1,1,1,1,678,458,-2104,30,-4,-1,-39,-18,62,0,0,0,0,0,0,0,0,0,0,0,0,0,0,0,0,0,0,0,0,0,0,81467
1,1,1,1,682,454,-2095,32,-2,4,-41,-18,60,0,0,0,0,0,0,0,0,0,0,0,0,0,0,0,0,0,0,0,0,0,0,81477
1,1,1,1,684,445,-2098,30,-3,4,-38,-17,62,0,0,0,0,0,0,0,0,0,0,0,0,0,0,0,0,0,0,0,0,0,0,81487
1,1,1,1,686,448,-2088,38,3,4,-37,-18,61,0,0,0,0,0,0,0,0,0,0,0,0,0,0,0,0,0,0,0,0,0,0,81497
1,1,1,1,683,441,-2086,44,9,2,-38,-17,59,0,0,0,0,0,0,0,0,0,0,0,0,0,0,0,0,0,0,0,0,0,0,81507
1,1,1,1,679,439,-2096,45,10,2,-37,-18,59,0,0,0,0,0,0,0,0,0,0,0,0,0,0,0,0,0,0,0,0,0,0,81517
1,1,1,1,679,435,-2100,35,9,2,-40,-16,59,0,0,0,0,0,0,0,0,0,0,0,0,0,0,0,0,0,0,0,0,0,0,81527
1,1,1,1,682,433,-2116,15,4,1,-38,-18,59,0,0,0,0,0,0,0,0,0,0,0,0,0,0,0,0,0,0,0,0,0,0,81537
1,1,1,1,681,442,-2118,-3,-3,0,-39,-19,59,0,0,0,0,0,0,0,0,0,0,0,0,0,0,0,0,0,0,0,0,0,0,81547
1,1,1,1,681,443,-2125,-18,-14,2,-40,-17,59,0,0,0,0,0,0,0,0,0,0,0,0,0,0,0,0,0,0,0,0,0,0,81557
1,1,1,1,683,450,-2119,-26,-22,2,-38,-19,60,0,0,0,0,0,0,0,0,0,0,0,0,0,0,0,0,0,0,0,0,0,0,81567
1,1,1,1,680,452,-2097,-8,-16,4,-38,-18,59,0,0,0,0,0,0,0,0,0,0,0,0,0,0,0,0,0,0,0,0,0,0,81577
1,1,1,1,674,458,-2087,12,-11,2,-39,-17,60,0,0,0,0,0,0,0,0,0,0,0,0,0,0,0,0,0,0,0,0,0,0,81587
1,1,1,1,674,453,-2091,30,-3,2,-39,-16,59,0,0,0,0,0,0,0,0,0,0,0,0,0,0,0,0,0,0,0,0,0,0,81597
1,1,1,1,676,456,-2081,45,0,0,-36,-20,60,0,0,0,0,0,0,0,0,0,0,0,0,0,0,0,0,0,0,0,0,0,0,81607
1,1,1,1,670,453,-2091,51,8,1,-36,-18,61,0,0,0,0,0,0,0,0,0,0,0,0,0,0,0,0,0,0,0,0,0,0,81617
1,1,1,1,673,440,-2094,49,18,0,-38,-16,63,0,0,0,0,0,0,0,0,0,0,0,0,0,0,0,0,0,0,0,0,0,0,81627
1,1,1,1,682,432,-2089,39,13,-3,-36,-16,62,0,0,0,0,0,0,0,0,0,0,0,0,0,0,0,0,0,0,0,0,0,0,81637
1,1,1,1,675,441,-2097,45,13,-4,-36,-18,61,0,0,0,0,0,0,0,0,0,0,0,0,0,0,0,0,0,0,0,0,0,0,81647
1,1,1,1,676,441,-2095,51,11,-3,-36,-18,63,0,0,0,0,0,0,0,0,0,0,0,0,0,0,0,0,0,0,0,0,0,0,81657
1,1,1,1,684,433,-2101,52,7,-6,-37,-18,63,0,0,0,0,0,0,0,0,0,0,0,0,0,0,0,0,0,0,0,0,0,0,81667
1,1,1,1,672,450,-2105,58,7,-4,-37,-18,61,0,0,0,0,0,0,0,0,0,0,0,0,0,0,0,0,0,0,0,0,0,0,81677
1,1,1,1,680,443,-2104,52,7,-6,-36,-18,61,0,0,0,0,0,0,0,0,0,0,0,0,0,0,0,0,0,0,0,0,0,0,81687
1,1,1,1,675,450,-2121,67,8,-6,-38,-18,62,0,0,0,0,0,0,0,0,0,0,0,0,0,0,0,0,0,0,0,0,0,0,81697
1,1,1,1,678,451,-2112,40,0,-4,-39,-18,61,0,0,0,0,0,0,0,0,0,0,0,0,0,0,0,0,0,0,0,0,0,0,81707
1,1,1,1,685,427,-2113,13,-7,-4,-38,-18,62,0,0,0,0,0,0,0,0,0,0,0,0,0,0,0,0,0,0,0,0,0,0,81717
1,1,1,1,689,428,-2113,-7,-9,-5,-38,-16,60,0,0,0,0,0,0,0,0,0,0,0,0,0,0,0,0,0,0,0,0,0,0,81727
1,1,1,1,687,425,-2112,-22,-14,-5,-40,-18,59,0,0,0,0,0,0,0,0,0,0,0,0,0,0,0,0,0,0,0,0,0,0,81737
1,1,1,1,684,432,-2108,-30,-11,-2,-38,-17,61,0,0,0,0,0,0,0,0,0,0,0,0,0,0,0,0,0,0,0,0,0,0,81747
1,1,1,1,680,434,-2093,-34,-7,-1,-40,-17,61,0,0,0,0,0,0,0,0,0,0,0,0,0,0,0,0,0,0,0,0,0,0,81757
1,1,1,1,674,443,-2089,-26,-8,-2,-41,-18,59,0,0,0,0,0,0,0,0,0,0,0,0,0,0,0,0,0,0,0,0,0,0,81767
1,1,1,1,669,460,-2089,-7,0,2,-41,-17,61,0,0,0,0,0,0,0,0,0,0,0,0,0,0,0,0,0,0,0,0,0,0,81777
1,1,1,1,683,447,-2082,1,-4,-3,-39,-17,61,0,0,0,0,0,0,0,0,0,0,0,0,0,0,0,0,0,0,0,0,0,0,81787
1,1,1,1,681,453,-2102,10,2,-3,-40,-17,61,0,0,0,0,0,0,0,0,0,0,0,0,0,0,0,0,0,0,0,0,0,0,81797
1,1,1,1,676,447,-2091,18,8,-2,-37,-17,62,0,0,0,0,0,0,0,0,0,0,0,0,0,0,0,0,0,0,0,0,0,0,81807
1,1,1,1,679,435,-2108,13,-5,-3,-39,-17,63,0,0,0,0,0,0,0,0,0,0,0,0,0,0,0,0,0,0,0,0,0,0,81817
1,1,1,1,687,432,-2112,5,-4,-5,-39,-17,62,0,0,0,0,0,0,0,0,0,0,0,0,0,0,0,0,0,0,0,0,0,0,81827
1,1,1,1,684,429,-2119,-14,-4,-8,-40,-17,61,0,0,0,0,0,0,0,0,0,0,0,0,0,0,0,0,0,0,0,0,0,0,81837
1,1,1,1,679,442,-2123,-21,-12,-5,-38,-21,59,0,0,0,0,0,0,0,0,0,0,0,0,0,0,0,0,0,0,0,0,0,0,81847
1,1,1,1,680,438,-2115,-17,-7,-4,-40,-15,61,0,0,0,0,0,0,0,0,0,0,0,0,0,0,0,0,0,0,0,0,0,0,81857
1,1,1,1,679,446,-2101,-13,-12,-4,-37,-20,61,0,0,0,0,0,0,0,0,0,0,0,0,0,0,0,0,0,0,0,0,0,0,81867
1,1,1,1,671,445,-2095,-1,-16,0,-37,-17,60,0,0,0,0,0,0,0,0,0,0,0,0,0,0,0,0,0,0,0,0,0,0,81877
1,1,1,1,671,447,-2098,3,-14,3,-39,-17,58,0,0,0,0,0,0,0,0,0,0,0,0,0,0,0,0,0,0,0,0,0,0,81887
1,1,1,1,671,444,-2086,19,-5,7,-38,-17,63,0,0,0,0,0,0,0,0,0,0,0,0,0,0,0,0,0,0,0,0,0,0,81897
1,1,1,1,675,435,-2071,20,-9,5,-36,-16,62,0,0,0,0,0,0,0,0,0,0,0,0,0,0,0,0,0,0,0,0,0,0,81907
1,1,1,1,672,437,-2088,30,2,4,-35,-17,63,0,0,0,0,0,0,0,0,0,0,0,0,0,0,0,0,0,0,0,0,0,0,81917
1,1,1,1,667,444,-2087,35,5,4,-34,-19,61,0,0,0,0,0,0,0,0,0,0,0,0,0,0,0,0,0,0,0,0,0,0,81927
1,1,1,1,664,440,-2100,35,3,3,-36,-17,62,0,0,0,0,0,0,0,0,0,0,0,0,0,0,0,0,0,0,0,0,0,0,81937
1,1,1,1,667,440,-2100,27,0,5,-37,-17,64,0,0,0,0,0,0,0,0,0,0,0,0,0,0,0,0,0,0,0,0,0,0,81947
1,1,1,1,669,430,-2102,17,-3,0,-36,-17,63,0,0,0,0,0,0,0,0,0,0,0,0,0,0,0,0,0,0,0,0,0,0,81957
1,1,1,1,673,437,-2115,6,2,4,-38,-17,64,0,0,0,0,0,0,0,0,0,0,0,0,0,0,0,0,0,0,0,0,0,0,81967
1,1,1,1,674,443,-2109,7,-3,5,-38,-16,62,0,0,0,0,0,0,0,0,0,0,0,0,0,0,0,0,0,0,0,0,0,0,81977
1,1,1,1,681,442,-2102,11,-1,8,-41,-16,64,0,0,0,0,0,0,0,0,0,0,0,0,0,0,0,0,0,0,0,0,0,0,81987
1,1,1,1,683,440,-2096,14,7,10,-39,-16,62,0,0,0,0,0,0,0,0,0,0,0,0,0,0,0,0,0,0,0,0,0,0,81997
1,1,1,1,680,433,-2092,14,5,9,-39,-16,62,0,0,0,0,0,0,0,0,0,0,0,0,0,0,0,0,0,0,0,0,0,0,82007
1,1,1,1,682,442,-2089,21,12,10,-39,-16,60,0,0,0,0,0,0,0,0,0,0,0,0,0,0,0,0,0,0,0,0,0,0,82017
1,1,1,1,680,442,-2092,16,10,5,-36,-16,63,0,0,0,0,0,0,0,0,0,0,0,0,0,0,0,0,0,0,0,0,0,0,82027
1,1,1,1,679,447,-2098,18,22,4,-36,-16,62,0,0,0,0,0,0,0,0,0,0,0,0,0,0,0,0,0,0,0,0,0,0,82037
1,1,1,1,675,442,-2095,24,25,5,-39,-15,62,0,0,0,0,0,0,0,0,0,0,0,0,0,0,0,0,0,0,0,0,0,0,82047
1,1,1,1,686,438,-2099,27,20,4,-37,-16,64,0,0,0,0,0,0,0,0,0,0,0,0,0,0,0,0,0,0,0,0,0,0,82057
1,1,1,1,683,434,-2110,19,12,2,-39,-16,63,0,0,0,0,0,0,0,0,0,0,0,0,0,0,0,0,0,0,0,0,0,0,82067
1,1,1,1,692,431,-2114,13,14,2,-37,-16,63,0,0,0,0,0,0,0,0,0,0,0,0,0,0,0,0,0,0,0,0,0,0,82077
1,1,1,1,687,438,-2119,16,11,1,-37,-16,62,0,0,0,0,0,0,0,0,0,0,0,0,0,0,0,0,0,0,0,0,0,0,82087
1,1,1,1,680,442,-2120,7,-5,-3,-35,-17,62,0,0,0,0,0,0,0,0,0,0,0,0,0,0,0,0,0,0,0,0,0,0,82097
1,1,1,1,677,441,-2123,2,-12,-5,-37,-17,62,0,0,0,0,0,0,0,0,0,0,0,0,0,0,0,0,0,0,0,0,0,0,82107
1,1,1,1,679,441,-2132,-4,-14,-6,-38,-16,62,0,0,0,0,0,0,0,0,0,0,0,0,0,0,0,0,0,0,0,0,0,0,82117
1,1,1,1,680,440,-2132,-9,-11,-7,-38,-16,61,0,0,0,0,0,0,0,0,0,0,0,0,0,0,0,0,0,0,0,0,0,0,82127
1,1,1,1,675,443,-2118,-15,-15,-5,-41,-14,62,0,0,0,0,0,0,0,0,0,0,0,0,0,0,0,0,0,0,0,0,0,0,82137
1,1,1,1,673,445,-2107,-2,-13,-1,-38,-15,62,0,0,0,0,0,0,0,0,0,0,0,0,0,0,0,0,0,0,0,0,0,0,82147
1,1,1,1,685,429,-2091,0,-12,2,-39,-15,64,0,0,0,0,0,0,0,0,0,0,0,0,0,0,0,0,0,0,0,0,0,0,82157
1,1,1,1,680,430,-2100,-11,-12,-1,-38,-17,63,0,0,0,0,0,0,0,0,0,0,0,0,0,0,0,0,0,0,0,0,0,0,82167
1,1,1,1,672,432,-2103,-10,-15,-1,-40,-13,60,0,0,0,0,0,0,0,0,0,0,0,0,0,0,0,0,0,0,0,0,0,0,82177
1,1,1,1,674,436,-2091,8,-5,1,-40,-13,61,0,0,0,0,0,0,0,0,0,0,0,0,0,0,0,0,0,0,0,0,0,0,82187
1,1,1,1,681,433,-2100,4,-4,1,-38,-18,61,0,0,0,0,0,0,0,0,0,0,0,0,0,0,0,0,0,0,0,0,0,0,82197
1,1,1,1,676,434,-2105,7,5,1,-36,-17,62,0,0,0,0,0,0,0,0,0,0,0,0,0,0,0,0,0,0,0,0,0,0,82207
1,1,1,1,672,444,-2093,18,2,4,-37,-15,62,0,0,0,0,0,0,0,0,0,0,0,0,0,0,0,0,0,0,0,0,0,0,82217
1,1,1,1,676,430,-2098,1,1,2,-35,-16,62,0,0,0,0,0,0,0,0,0,0,0,0,0,0,0,0,0,0,0,0,0,0,82227
1,1,1,1,673,438,-2104,10,5,1,-35,-16,63,0,0,0,0,0,0,0,0,0,0,0,0,0,0,0,0,0,0,0,0,0,0,82237
1,1,1,1,669,450,-2084,34,14,6,-36,-15,62,0,0,0,0,0,0,0,0,0,0,0,0,0,0,0,0,0,0,0,0,0,0,82247
1,1,1,1,676,438,-2094,37,17,2,-37,-15,65,0,0,0,0,0,0,0,0,0,0,0,0,0,0,0,0,0,0,0,0,0,0,82257
1,1,1,1,679,436,-2100,39,17,1,-36,-15,61,0,0,0,0,0,0,0,0,0,0,0,0,0,0,0,0,0,0,0,0,0,0,82267
1,1,1,1,681,436,-2093,40,11,2,-37,-15,65,0,0,0,0,0,0,0,0,0,0,0,0,0,0,0,0,0,0,0,0,0,0,82277
1,1,1,1,684,428,-2107,41,10,-1,-36,-15,64,0,0,0,0,0,0,0,0,0,0,0,0,0,0,0,0,0,0,0,0,0,0,82287
1,1,1,1,676,430,-2121,14,-1,-2,-35,-15,63,0,0,0,0,0,0,0,0,0,0,0,0,0,0,0,0,0,0,0,0,0,0,82307
1,1,1,1,670,440,-2124,2,-7,0,-35,-15,62,0,0,0,0,0,0,0,0,0,0,0,0,0,0,0,0,0,0,0,0,0,0,82317
1,1,1,1,671,440,-2127,6,4,5,-36,-15,65,0,0,0,0,0,0,0,0,0,0,0,0,0,0,0,0,0,0,0,0,0,0,82327
1,1,1,1,676,436,-2120,-4,-13,4,-35,-15,63,0,0,0,0,0,0,0,0,0,0,0,0,0,0,0,0,0,0,0,0,0,0,82337
1,1,1,1,669,445,-2120,-1,-12,2,-38,-15,60,0,0,0,0,0,0,0,0,0,0,0,0,0,0,0,0,0,0,0,0,0,0,82347
1,1,1,1,673,436,-2106,-2,-23,0,-38,-14,62,0,0,0,0,0,0,0,0,0,0,0,0,0,0,0,0,0,0,0,0,0,0,82357
1,1,1,1,678,436,-2113,-3,-10,0,-38,-15,61,0,0,0,0,0,0,0,0,0,0,0,0,0,0,0,0,0,0,0,0,0,0,82367
1,1,1,1,673,443,-2093,5,-2,-2,-38,-14,63,0,0,0,0,0,0,0,0,0,0,0,0,0,0,0,0,0,0,0,0,0,0,82377
1,1,1,1,677,436,-2092,17,4,-5,-38,-14,64,0,0,0,0,0,0,0,0,0,0,0,0,0,0,0,0,0,0,0,0,0,0,82387
1,1,1,1,673,438,-2092,24,12,-3,-38,-14,65,0,0,0,0,0,0,0,0,0,0,0,0,0,0,0,0,0,0,0,0,0,0,82397
1,1,1,1,677,430,-2090,26,13,-4,-37,-14,64,0,0,0,0,0,0,0,0,0,0,0,0,0,0,0,0,0,0,0,0,0,0,82407
1,1,1,1,677,438,-2098,31,14,-3,-37,-14,65,0,0,0,0,0,0,0,0,0,0,0,0,0,0,0,0,0,0,0,0,0,0,82417
1,1,1,1,683,434,-2101,30,19,-1,-36,-13,64,0,0,0,0,0,0,0,0,0,0,0,0,0,0,0,0,0,0,0,0,0,0,82427
1,1,1,1,678,436,-2106,36,17,2,-36,-13,62,0,0,0,0,0,0,0,0,0,0,0,0,0,0,0,0,0,0,0,0,0,0,82437
1,1,1,1,672,426,-2105,36,7,0,-37,-12,64,0,0,0,0,0,0,0,0,0,0,0,0,0,0,0,0,0,0,0,0,0,0,82447
1,1,1,1,671,426,-2128,29,0,-1,-35,-14,64,0,0,0,0,0,0,0,0,0,0,0,0,0,0,0,0,0,0,0,0,0,0,82457
1,1,1,1,675,422,-2109,18,0,-1,-37,-13,63,0,0,0,0,0,0,0,0,0,0,0,0,0,0,0,0,0,0,0,0,0,0,82467
1,1,1,1,679,426,-2108,16,0,-2,-38,-12,64,0,0,0,0,0,0,0,0,0,0,0,0,0,0,0,0,0,0,0,0,0,0,82477
1,1,1,1,678,429,-2100,12,1,0,-38,-13,66,0,0,0,0,0,0,0,0,0,0,0,0,0,0,0,0,0,0,0,0,0,0,82487
1,1,1,1,671,435,-2096,22,3,0,-38,-13,62,0,0,0,0,0,0,0,0,0,0,0,0,0,0,0,0,0,0,0,0,0,0,82497
1,1,1,1,672,438,-2096,26,6,3,-39,-11,65,0,0,0,0,0,0,0,0,0,0,0,0,0,0,0,0,0,0,0,0,0,0,82507
1,1,1,1,675,433,-2092,24,5,3,-38,-11,64,0,0,0,0,0,0,0,0,0,0,0,0,0,0,0,0,0,0,0,0,0,0,82517
1,1,1,1,671,434,-2098,26,10,5,-35,-13,64,0,0,0,0,0,0,0,0,0,0,0,0,0,0,0,0,0,0,0,0,0,0,82527
1,1,1,1,679,430,-2098,34,10,4,-36,-12,64,0,0,0,0,0,0,0,0,0,0,0,0,0,0,0,0,0,0,0,0,0,0,82537
1,1,1,1,682,420,-2108,26,7,-1,-37,-14,66,0,0,0,0,0,0,0,0,0,0,0,0,0,0,0,0,0,0,0,0,0,0,82547
1,1,1,1,677,432,-2123,16,0,0,-37,-13,67,0,0,0,0,0,0,0,0,0,0,0,0,0,0,0,0,0,0,0,0,0,0,82557
1,1,1,1,677,423,-2107,3,-11,-3,-36,-14,66,0,0,0,0,0,0,0,0,0,0,0,0,0,0,0,0,0,0,0,0,0,0,82567
1,1,1,1,674,430,-2124,1,-11,-2,-38,-13,65,0,0,0,0,0,0,0,0,0,0,0,0,0,0,0,0,0,0,0,0,0,0,82577
1,1,1,1,675,436,-2113,5,-13,0,-37,-13,68,0,0,0,0,0,0,0,0,0,0,0,0,0,0,0,0,0,0,0,0,0,0,82587
1,1,1,1,675,432,-2111,22,-7,-2,-38,-13,66,0,0,0,0,0,0,0,0,0,0,0,0,0,0,0,0,0,0,0,0,0,0,82597
1,1,1,1,671,433,-2112,20,-4,-2,-36,-13,65,0,0,0,0,0,0,0,0,0,0,0,0,0,0,0,0,0,0,0,0,0,0,82607
1,1,1,1,677,434,-2108,16,-12,-3,-36,-13,65,0,0,0,0,0,0,0,0,0,0,0,0,0,0,0,0,0,0,0,0,0,0,82617
1,1,1,1,677,432,-2104,22,-2,-2,-37,-12,67,0,0,0,0,0,0,0,0,0,0,0,0,0,0,0,0,0,0,0,0,0,0,82627
1,1,1,1,682,420,-2107,17,-2,-4,-36,-12,66,0,0,0,0,0,0,0,0,0,0,0,0,0,0,0,0,0,0,0,0,0,0,82637
1,1,1,1,675,428,-2097,38,9,-5,-36,-12,67,0,0,0,0,0,0,0,0,0,0,0,0,0,0,0,0,0,0,0,0,0,0,82647
1,1,1,1,677,430,-2098,53,20,-1,-38,-11,64,0,0,0,0,0,0,0,0,0,0,0,0,0,0,0,0,0,0,0,0,0,0,82657
1,1,1,1,677,415,-2096,40,11,-4,-37,-11,65,0,0,0,0,0,0,0,0,0,0,0,0,0,0,0,0,0,0,0,0,0,0,82667
1,1,1,1,675,419,-2109,38,21,-3,-36,-12,64,0,0,0,0,0,0,0,0,0,0,0,0,0,0,0,0,0,0,0,0,0,0,82677
1,1,1,1,672,421,-2116,34,17,-1,-38,-12,66,0,0,0,0,0,0,0,0,0,0,0,0,0,0,0,0,0,0,0,0,0,0,82687
1,1,1,1,675,414,-2114,25,13,-1,-35,-12,65,0,0,0,0,0,0,0,0,0,0,0,0,0,0,0,0,0,0,0,0,0,0,82697
1,1,1,1,677,412,-2118,1,3,-2,-37,-12,65,0,0,0,0,0,0,0,0,0,0,0,0,0,0,0,0,0,0,0,0,0,0,82707
1,1,1,1,679,415,-2121,-6,-2,-2,-36,-11,67,0,0,0,0,0,0,0,0,0,0,0,0,0,0,0,0,0,0,0,0,0,0,82717
1,1,1,1,680,421,-2115,-6,-4,-4,-34,-13,66,0,0,0,0,0,0,0,0,0,0,0,0,0,0,0,0,0,0,0,0,0,0,82727
1,1,1,1,674,425,-2130,0,-4,-1,-37,-12,66,0,0,0,0,0,0,0,0,0,0,0,0,0,0,0,0,0,0,0,0,0,0,82737
1,1,1,1,673,426,-2120,8,-4,2,-37,-12,66,0,0,0,0,0,0,0,0,0,0,0,0,0,0,0,0,0,0,0,0,0,0,82747
1,1,1,1,673,426,-2108,17,-9,0,-38,-13,68,0,0,0,0,0,0,0,0,0,0,0,0,0,0,0,0,0,0,0,0,0,0,82757
1,1,1,1,670,429,-2109,22,-7,1,-36,-12,68,0,0,0,0,0,0,0,0,0,0,0,0,0,0,0,0,0,0,0,0,0,0,82767
1,1,1,1,667,427,-2105,23,-2,2,-37,-12,64,0,0,0,0,0,0,0,0,0,0,0,0,0,0,0,0,0,0,0,0,0,0,82777
1,1,1,1,665,423,-2100,24,-4,2,-37,-11,65,0,0,0,0,0,0,0,0,0,0,0,0,0,0,0,0,0,0,0,0,0,0,82787
1,1,1,1,679,418,-2096,18,4,1,-40,-9,66,0,0,0,0,0,0,0,0,0,0,0,0,0,0,0,0,0,0,0,0,0,0,82797
1,1,1,1,680,424,-2102,11,8,3,-38,-14,65,0,0,0,0,0,0,0,0,0,0,0,0,0,0,0,0,0,0,0,0,0,0,82807
1,1,1,1,682,414,-2108,1,6,4,-39,-10,66,0,0,0,0,0,0,0,0,0,0,0,0,0,0,0,0,0,0,0,0,0,0,82817
1,1,1,1,682,422,-2113,6,11,4,-35,-12,65,0,0,0,0,0,0,0,0,0,0,0,0,0,0,0,0,0,0,0,0,0,0,82827
1,1,1,1,677,416,-2105,4,6,3,-36,-11,67,0,0,0,0,0,0,0,0,0,0,0,0,0,0,0,0,0,0,0,0,0,0,82837
1,1,1,1,682,417,-2125,2,-1,2,-34,-12,69,0,0,0,0,0,0,0,0,0,0,0,0,0,0,0,0,0,0,0,0,0,0,82847
1,1,1,1,682,426,-2118,1,-5,2,-35,-12,66,0,0,0,0,0,0,0,0,0,0,0,0,0,0,0,0,0,0,0,0,0,0,82857
1,1,1,1,681,427,-2128,4,-4,4,-36,-13,66,0,0,0,0,0,0,0,0,0,0,0,0,0,0,0,0,0,0,0,0,0,0,82867
1,1,1,1,686,423,-2126,6,-4,4,-36,-12,66,0,0,0,0,0,0,0,0,0,0,0,0,0,0,0,0,0,0,0,0,0,0,82877
1,1,1,1,690,420,-2125,6,-7,3,-37,-12,65,0,0,0,0,0,0,0,0,0,0,0,0,0,0,0,0,0,0,0,0,0,0,82887
1,1,1,1,681,416,-2119,4,-12,4,-35,-12,66,0,0,0,0,0,0,0,0,0,0,0,0,0,0,0,0,0,0,0,0,0,0,82897
1,1,1,1,681,420,-2115,-5,-18,0,-37,-12,66,0,0,0,0,0,0,0,0,0,0,0,0,0,0,0,0,0,0,0,0,0,0,82907
1,1,1,1,677,425,-2111,-10,-21,-1,-37,-12,65,0,0,0,0,0,0,0,0,0,0,0,0,0,0,0,0,0,0,0,0,0,0,82917
1,1,1,1,678,431,-2109,-1,-11,-2,-35,-13,64,0,0,0,0,0,0,0,0,0,0,0,0,0,0,0,0,0,0,0,0,0,0,82927
1,1,1,1,675,430,-2111,5,-9,-3,-36,-12,64,0,0,0,0,0,0,0,0,0,0,0,0,0,0,0,0,0,0,0,0,0,0,82937
1,1,1,1,674,430,-2108,13,-4,-1,-35,-12,66,0,0,0,0,0,0,0,0,0,0,0,0,0,0,0,0,0,0,0,0,0,0,82947
1,1,1,1,674,429,-2097,20,-3,3,-35,-12,65,0,0,0,0,0,0,0,0,0,0,0,0,0,0,0,0,0,0,0,0,0,0,82957
1,1,1,1,675,426,-2104,30,6,6,-35,-12,67,0,0,0,0,0,0,0,0,0,0,0,0,0,0,0,0,0,0,0,0,0,0,82967
1,1,1,1,680,417,-2096,25,1,2,-36,-11,66,0,0,0,0,0,0,0,0,0,0,0,0,0,0,0,0,0,0,0,0,0,0,82977
1,1,1,1,678,408,-2102,19,-3,2,-35,-11,66,0,0,0,0,0,0,0,0,0,0,0,0,0,0,0,0,0,0,0,0,0,0,82987
1,1,1,1,683,413,-2113,5,-4,-1,-35,-11,64,0,0,0,0,0,0,0,0,0,0,0,0,0,0,0,0,0,0,0,0,0,0,82997
1,1,1,1,686,410,-2113,-4,-2,0,-34,-12,65,0,0,0,0,0,0,0,0,0,0,0,0,0,0,0,0,0,0,0,0,0,0,83007
1,1,1,1,682,419,-2130,-7,-3,-1,-35,-12,65,0,0,0,0,0,0,0,0,0,0,0,0,0,0,0,0,0,0,0,0,0,0,83017
1,1,1,1,672,425,-2116,-4,-5,0,-35,-11,64,0,0,0,0,0,0,0,0,0,0,0,0,0,0,0,0,0,0,0,0,0,0,83027
1,1,1,1,676,419,-2115,6,-6,1,-34,-12,65,0,0,0,0,0,0,0,0,0,0,0,0,0,0,0,0,0,0,0,0,0,0,83037
1,1,1,1,671,425,-2115,8,-9,1,-33,-14,62,0,0,0,0,0,0,0,0,0,0,0,0,0,0,0,0,0,0,0,0,0,0,83047
1,1,1,1,671,424,-2116,13,-3,1,-35,-12,63,0,0,0,0,0,0,0,0,0,0,0,0,0,0,0,0,0,0,0,0,0,0,83057
1,1,1,1,672,428,-2104,14,-6,2,-35,-11,66,0,0,0,0,0,0,0,0,0,0,0,0,0,0,0,0,0,0,0,0,0,0,83067
1,1,1,1,674,423,-2101,14,-3,4,-35,-8,69,0,0,0,0,0,0,0,0,0,0,0,0,0,0,0,0,0,0,0,0,0,0,83077
1,1,1,1,676,422,-2093,15,8,3,-33,-12,65,0,0,0,0,0,0,0,0,0,0,0,0,0,0,0,0,0,0,0,0,0,0,83087
1,1,1,1,671,418,-2101,22,12,5,-32,-13,64,0,0,0,0,0,0,0,0,0,0,0,0,0,0,0,0,0,0,0,0,0,0,83097
1,1,1,1,674,417,-2102,28,23,3,-37,-10,66,0,0,0,0,0,0,0,0,0,0,0,0,0,0,0,0,0,0,0,0,0,0,83107
1,1,1,1,677,418,-2105,35,33,6,-34,-11,66,0,0,0,0,0,0,0,0,0,0,0,0,0,0,0,0,0,0,0,0,0,0,83117
1,1,1,1,682,416,-2110,34,32,6,-36,-9,68,0,0,0,0,0,0,0,0,0,0,0,0,0,0,0,0,0,0,0,0,0,0,83127
1,1,1,1,680,415,-2117,27,25,2,-32,-12,64,0,0,0,0,0,0,0,0,0,0,0,0,0,0,0,0,0,0,0,0,0,0,83137
1,1,1,1,678,421,-2124,22,27,3,-34,-11,66,0,0,0,0,0,0,0,0,0,0,0,0,0,0,0,0,0,0,0,0,0,0,83147
1,1,1,1,678,421,-2124,18,14,2,-35,-11,69,0,0,0,0,0,0,0,0,0,0,0,0,0,0,0,0,0,0,0,0,0,0,83157
1,1,1,1,679,422,-2123,11,7,0,-35,-11,67,0,0,0,0,0,0,0,0,0,0,0,0,0,0,0,0,0,0,0,0,0,0,83167
1,1,1,1,683,420,-2134,6,8,4,-36,-11,68,0,0,0,0,0,0,0,0,0,0,0,0,0,0,0,0,0,0,0,0,0,0,83177
1,1,1,1,682,418,-2132,6,6,6,-36,-12,70,0,0,0,0,0,0,0,0,0,0,0,0,0,0,0,0,0,0,0,0,0,0,83187
1,1,1,1,683,415,-2128,-5,2,7,-35,-11,68,0,0,0,0,0,0,0,0,0,0,0,0,0,0,0,0,0,0,0,0,0,0,83197
1,1,1,1,684,418,-2134,-13,-7,5,-35,-12,66,0,0,0,0,0,0,0,0,0,0,0,0,0,0,0,0,0,0,0,0,0,0,83207
1,1,1,1,678,420,-2122,-15,-11,8,-34,-11,67,0,0,0,0,0,0,0,0,0,0,0,0,0,0,0,0,0,0,0,0,0,0,83217
1,1,1,1,679,427,-2117,-6,-8,7,-33,-12,66,0,0,0,0,0,0,0,0,0,0,0,0,0,0,0,0,0,0,0,0,0,0,83227
1,1,1,1,673,430,-2104,4,-10,8,-35,-11,67,0,0,0,0,0,0,0,0,0,0,0,0,0,0,0,0,0,0,0,0,0,0,83237
1,1,1,1,673,424,-2101,10,-3,9,-33,-11,67,0,0,0,0,0,0,0,0,0,0,0,0,0,0,0,0,0,0,0,0,0,0,83247
1,1,1,1,677,419,-2088,20,2,3,-36,-9,67,0,0,0,0,0,0,0,0,0,0,0,0,0,0,0,0,0,0,0,0,0,0,83257
1,1,1,1,674,416,-2095,29,5,2,-37,-10,69,0,0,0,0,0,0,0,0,0,0,0,0,0,0,0,0,0,0,0,0,0,0,83267
1,1,1,1,680,414,-2100,24,6,3,-37,-11,66,0,0,0,0,0,0,0,0,0,0,0,0,0,0,0,0,0,0,0,0,0,0,83277
1,1,1,1,688,408,-2102,17,4,1,-35,-11,69,0,0,0,0,0,0,0,0,0,0,0,0,0,0,0,0,0,0,0,0,0,0,83287
1,1,1,1,684,410,-2097,14,9,4,-35,-10,65,0,0,0,0,0,0,0,0,0,0,0,0,0,0,0,0,0,0,0,0,0,0,83297
1,1,1,1,679,416,-2112,15,6,5,-35,-11,66,0,0,0,0,0,0,0,0,0,0,0,0,0,0,0,0,0,0,0,0,0,0,83307
1,1,1,1,677,412,-2116,18,6,6,-36,-11,68,0,0,0,0,0,0,0,0,0,0,0,0,0,0,0,0,0,0,0,0,0,0,83317
1,1,1,1,684,416,-2119,15,8,6,-36,-11,66,0,0,0,0,0,0,0,0,0,0,0,0,0,0,0,0,0,0,0,0,0,0,83327
1,1,1,1,680,425,-2123,18,4,9,-37,-11,67,0,0,0,0,0,0,0,0,0,0,0,0,0,0,0,0,0,0,0,0,0,0,83337
1,1,1,1,687,422,-2126,13,-4,10,-36,-10,65,0,0,0,0,0,0,0,0,0,0,0,0,0,0,0,0,0,0,0,0,0,0,83347
1,1,1,1,690,417,-2125,4,-8,12,-38,-10,69,0,0,0,0,0,0,0,0,0,0,0,0,0,0,0,0,0,0,0,0,0,0,83357
1,1,1,1,676,425,-2115,5,-6,11,-38,-9,69,0,0,0,0,0,0,0,0,0,0,0,0,0,0,0,0,0,0,0,0,0,0,83367
1,1,1,1,678,428,-2120,4,-7,5,-35,-12,66,0,0,0,0,0,0,0,0,0,0,0,0,0,0,0,0,0,0,0,0,0,0,83377
1,1,1,1,683,422,-2109,0,-1,-1,-38,-10,68,0,0,0,0,0,0,0,0,0,0,0,0,0,0,0,0,0,0,0,0,0,0,83387
1,1,1,1,677,425,-2106,2,1,-7,-40,-9,67,0,0,0,0,0,0,0,0,0,0,0,0,0,0,0,0,0,0,0,0,0,0,83397
1,1,1,1,679,424,-2109,10,5,-9,-38,-11,66,0,0,0,0,0,0,0,0,0,0,0,0,0,0,0,0,0,0,0,0,0,0,83407
1,1,1,1,685,422,-2104,13,1,-10,-41,-10,67,0,0,0,0,0,0,0,0,0,0,0,0,0,0,0,0,0,0,0,0,0,0,83417
1,1,1,1,684,415,-2109,21,8,-7,-38,-11,68,0,0,0,0,0,0,0,0,0,0,0,0,0,0,0,0,0,0,0,0,0,0,83427
1,1,1,1,685,411,-2112,17,3,-5,-37,-11,68,0,0,0,0,0,0,0,0,0,0,0,0,0,0,0,0,0,0,0,0,0,0,83437
1,1,1,1,686,419,-2118,23,8,-2,-36,-10,65,0,0,0,0,0,0,0,0,0,0,0,0,0,0,0,0,0,0,0,0,0,0,83447
1,1,1,1,685,416,-2118,15,-3,-5,-35,-10,69,0,0,0,0,0,0,0,0,0,0,0,0,0,0,0,0,0,0,0,0,0,0,83457
1,1,1,1,684,418,-2127,22,2,-3,-37,-11,66,0,0,0,0,0,0,0,0,0,0,0,0,0,0,0,0,0,0,0,0,0,0,83467
1,1,1,1,678,418,-2128,24,1,-1,-38,-10,69,0,0,0,0,0,0,0,0,0,0,0,0,0,0,0,0,0,0,0,0,0,0,83477
1,1,1,1,682,411,-2126,19,-4,-4,-37,-10,70,0,0,0,0,0,0,0,0,0,0,0,0,0,0,0,0,0,0,0,0,0,0,83487
1,1,1,1,676,408,-2130,11,-8,-5,-38,-10,67,0,0,0,0,0,0,0,0,0,0,0,0,0,0,0,0,0,0,0,0,0,0,83497
1,1,1,1,674,404,-2122,2,-11,-5,-39,-11,68,0,0,0,0,0,0,0,0,0,0,0,0,0,0,0,0,0,0,0,0,0,0,83507
1,1,1,1,675,405,-2131,-11,-10,-5,-36,-11,67,0,0,0,0,0,0,0,0,0,0,0,0,0,0,0,0,0,0,0,0,0,0,83517
1,1,1,1,674,411,-2118,-9,-10,-4,-36,-11,67,0,0,0,0,0,0,0,0,0,0,0,0,0,0,0,0,0,0,0,0,0,0,83527
1,1,1,1,676,413,-2103,-1,-13,-2,-38,-10,66,0,0,0,0,0,0,0,0,0,0,0,0,0,0,0,0,0,0,0,0,0,0,83537
1,1,1,1,678,416,-2099,8,-4,-3,-37,-10,66,0,0,0,0,0,0,0,0,0,0,0,0,0,0,0,0,0,0,0,0,0,0,83547
1,1,1,1,671,427,-2101,19,4,-1,-36,-11,68,0,0,0,0,0,0,0,0,0,0,0,0,0,0,0,0,0,0,0,0,0,0,83557
1,1,1,1,673,419,-2101,25,3,0,-37,-11,68,0,0,0,0,0,0,0,0,0,0,0,0,0,0,0,0,0,0,0,0,0,0,83567
1,1,1,1,675,405,-2112,24,1,-5,-39,-10,67,0,0,0,0,0,0,0,0,0,0,0,0,0,0,0,0,0,0,0,0,0,0,83577
1,1,1,1,668,410,-2118,19,-2,-1,-38,-10,67,0,0,0,0,0,0,0,0,0,0,0,0,0,0,0,0,0,0,0,0,0,0,83587
1,1,1,1,674,397,-2120,11,6,5,-36,-11,67,0,0,0,0,0,0,0,0,0,0,0,0,0,0,0,0,0,0,0,0,0,0,83597
1,1,1,1,677,406,-2123,-1,2,7,-36,-10,68,0,0,0,0,0,0,0,0,0,0,0,0,0,0,0,0,0,0,0,0,0,0,83607
1,1,1,1,679,400,-2106,-4,-4,5,-37,-10,69,0,0,0,0,0,0,0,0,0,0,0,0,0,0,0,0,0,0,0,0,0,0,83617
1,1,1,1,679,411,-2112,6,8,8,-38,-10,70,0,0,0,0,0,0,0,0,0,0,0,0,0,0,0,0,0,0,0,0,0,0,83627
1,1,1,1,679,415,-2091,24,16,9,-37,-10,69,0,0,0,0,0,0,0,0,0,0,0,0,0,0,0,0,0,0,0,0,0,0,83637
1,1,1,1,680,413,-2092,41,23,8,-38,-9,68,0,0,0,0,0,0,0,0,0,0,0,0,0,0,0,0,0,0,0,0,0,0,83647
1,1,1,1,677,410,-2088,53,35,4,-38,-9,68,0,0,0,0,0,0,0,0,0,0,0,0,0,0,0,0,0,0,0,0,0,0,83657
1,1,1,1,677,413,-2088,68,35,-2,-37,-8,65,0,0,0,0,0,0,0,0,0,0,0,0,0,0,0,0,0,0,0,0,0,0,83667
1,1,1,1,680,406,-2099,62,27,-12,-37,-12,66,0,0,0,0,0,0,0,0,0,0,0,0,0,0,0,0,0,0,0,0,0,0,83677
1,1,1,1,690,414,-2120,59,33,-17,-39,-10,66,0,0,0,0,0,0,0,0,0,0,0,0,0,0,0,0,0,0,0,0,0,0,83687
1,1,1,1,682,429,-2137,50,28,-14,-38,-12,63,0,0,0,0,0,0,0,0,0,0,0,0,0,0,0,0,0,0,0,0,0,0,83697
1,1,1,1,695,417,-2149,49,17,-12,-39,-11,67,0,0,0,0,0,0,0,0,0,0,0,0,0,0,0,0,0,0,0,0,0,0,83707
1,1,1,1,696,409,-2155,26,6,-11,-40,-7,67,0,0,0,0,0,0,0,0,0,0,0,0,0,0,0,0,0,0,0,0,0,0,83717
1,1,1,1,691,410,-2159,18,0,-10,-37,-11,68,0,0,0,0,0,0,0,0,0,0,0,0,0,0,0,0,0,0,0,0,0,0,83727
1,1,1,1,683,413,-2138,18,-7,-12,-37,-10,68,0,0,0,0,0,0,0,0,0,0,0,0,0,0,0,0,0,0,0,0,0,0,83737
1,1,1,1,689,401,-2135,10,-4,-19,-36,-9,68,0,0,0,0,0,0,0,0,0,0,0,0,0,0,0,0,0,0,0,0,0,0,83747
1,1,1,1,682,405,-2123,7,-3,-23,-35,-10,70,0,0,0,0,0,0,0,0,0,0,0,0,0,0,0,0,0,0,0,0,0,0,83757
1,1,1,1,673,405,-2112,6,3,-26,-35,-8,70,0,0,0,0,0,0,0,0,0,0,0,0,0,0,0,0,0,0,0,0,0,0,83767
1,1,1,1,680,391,-2124,5,24,-28,-36,-7,69,0,0,0,0,0,0,0,0,0,0,0,0,0,0,0,0,0,0,0,0,0,0,83777
1,1,1,1,677,390,-2118,4,39,-28,-34,-7,69,0,0,0,0,0,0,0,0,0,0,0,0,0,0,0,0,0,0,0,0,0,0,83787
1,1,1,1,673,389,-2117,15,52,-30,-35,-5,69,0,0,0,0,0,0,0,0,0,0,0,0,0,0,0,0,0,0,0,0,0,0,83797
1,1,1,1,668,384,-2124,40,85,-35,-34,-4,65,0,0,0,0,0,0,0,0,0,0,0,0,0,0,0,0,0,0,0,0,0,0,83807
1,1,1,1,656,394,-2127,73,127,-40,-34,-2,64,0,0,0,0,0,0,0,0,0,0,0,0,0,0,0,0,0,0,0,0,0,0,83817
1,1,1,1,634,409,-2076,124,162,-39,-32,-3,58,0,0,0,0,0,0,0,0,0,0,0,0,0,0,0,0,0,0,0,0,0,0,83827
1,1,1,1,627,387,-2057,147,191,-45,-33,-2,56,0,0,0,0,0,0,0,0,0,0,0,0,0,0,0,0,0,0,0,0,0,0,83837
1,1,1,1,626,367,-2080,115,210,-56,-33,-2,55,0,0,0,0,0,0,0,0,0,0,0,0,0,0,0,0,0,0,0,0,0,0,83847
1,1,1,1,616,344,-2062,50,226,-73,-32,-2,49,0,0,0,0,0,0,0,0,0,0,0,0,0,0,0,0,0,0,0,0,0,0,83857
1,1,1,1,598,325,-2074,5,273,-164,-26,-3,38,0,0,0,0,0,0,0,0,0,0,0,0,0,0,0,0,0,0,0,0,0,0,83877
1,1,1,1,563,368,-2014,135,307,-211,-26,-2,37,0,0,0,0,0,0,0,0,0,0,0,0,0,0,0,0,0,0,0,0,0,0,83887
1,1,1,1,573,417,-2029,302,345,-211,-23,0,29,0,0,0,0,0,0,0,0,0,0,0,0,0,0,0,0,0,0,0,0,0,0,83897
1,1,1,1,569,414,-2049,426,359,-189,-21,-4,18,0,0,0,0,0,0,0,0,0,0,0,0,0,0,0,0,0,0,0,0,0,0,83907
1,1,1,1,625,390,-2069,416,354,-157,-17,2,20,0,0,0,0,0,0,0,0,0,0,0,0,0,0,0,0,0,0,0,0,0,0,83917
1,1,1,1,675,334,-2100,326,325,-129,-13,1,1,0,0,0,0,0,0,0,0,0,0,0,0,0,0,0,0,0,0,0,0,0,0,83927
1,1,1,1,710,356,-2148,226,305,-116,-13,1,7,0,0,0,0,0,0,0,0,0,0,0,0,0,0,0,0,0,0,0,0,0,0,83937
1,1,1,1,688,431,-2110,195,310,-34,-11,2,0,0,0,0,0,0,0,0,0,0,0,0,0,0,0,0,0,0,0,0,0,0,0,83947
1,1,1,1,688,394,-2096,183,270,-41,-15,5,1,0,0,0,0,0,0,0,0,0,0,0,0,0,0,0,0,0,0,0,0,0,0,83957
1,1,1,1,714,372,-2125,207,262,-37,-8,2,1,0,0,0,0,0,0,0,0,0,0,0,0,0,0,0,0,0,0,0,0,0,0,83967
1,1,1,1,704,363,-2157,200,254,-48,-7,2,1,0,0,0,0,0,0,0,0,0,0,0,0,0,0,0,0,0,0,0,0,0,0,83977
1,1,1,1,722,366,-2152,164,240,-64,-4,5,1,0,0,0,0,0,0,0,0,0,0,0,0,0,0,0,0,0,0,0,0,0,0,83987
1,1,1,1,705,404,-2101,140,208,-33,-5,9,1,0,0,0,0,0,0,0,0,0,0,0,0,0,0,0,0,0,0,0,0,0,0,83997
1,1,1,1,722,397,-2070,120,177,-9,-3,6,1,0,0,0,0,0,0,0,0,0,0,0,0,0,0,0,0,0,0,0,0,0,0,84007
1,1,1,1,741,360,-2094,106,175,-9,-4,10,0,0,0,0,0,0,0,0,0,0,0,0,0,0,0,0,0,0,0,0,0,0,0,84017
1,1,1,1,793,423,-2025,79,127,35,-3,9,1,0,0,0,0,0,0,0,0,0,0,0,0,0,0,0,0,0,0,0,0,0,0,84027
1,1,1,1,775,417,-2023,35,86,90,-4,10,1,0,0,0,0,0,0,0,0,0,0,0,0,0,0,0,0,0,0,0,0,0,0,84037
1,1,1,1,793,339,-2089,10,114,91,-3,8,1,0,0,0,0,0,0,0,0,0,0,0,0,0,0,0,0,0,0,0,0,0,0,84047
1,1,1,1,807,300,-2131,16,169,49,-2,8,5,0,0,0,0,0,0,0,0,0,0,0,0,0,0,0,0,0,0,0,0,0,0,84057
1,1,1,1,798,249,-2163,41,259,-18,1,8,1,0,0,0,0,0,0,0,0,0,0,0,0,0,0,0,0,0,0,0,0,0,0,84067
1,1,1,1,780,256,-2204,84,390,-131,2,10,1,0,0,0,0,0,0,0,0,0,0,0,0,0,0,0,0,0,0,0,0,0,0,84087
1,1,1,1,747,371,-2282,192,551,-95,3,10,1,0,0,0,0,0,0,0,0,0,0,0,0,0,0,0,0,0,0,0,0,0,0,84097
1,1,1,1,755,354,-2294,268,731,-65,4,8,1,0,0,0,0,0,0,0,0,0,0,0,0,0,0,0,0,0,0,0,0,0,0,84107
1,1,1,1,818,276,-2251,349,876,-101,6,9,0,0,0,0,0,0,0,0,0,0,0,0,0,0,0,0,0,0,0,0,0,0,0,84117
1,1,1,1,872,238,-2184,418,979,-165,7,10,0,0,0,0,0,0,0,0,0,0,0,0,0,0,0,0,0,0,0,0,0,0,0,84127
1,1,1,1,924,246,-2085,452,1001,-235,6,10,0,0,0,0,0,0,0,0,0,0,0,0,0,0,0,0,0,0,0,0,0,0,0,84137
1,1,1,1,948,268,-2017,416,947,-290,6,10,0,0,0,0,0,0,0,0,0,0,0,0,0,0,0,0,0,0,0,0,0,0,0,84147
1,1,1,1,959,273,-1991,332,839,-323,4,10,0,0,0,0,0,0,0,0,0,0,0,0,0,0,0,0,0,0,0,0,0,0,0,84157
1,1,1,1,963,268,-1992,245,726,-340,3,10,1,0,0,0,0,0,0,0,0,0,0,0,0,0,0,0,0,0,0,0,0,0,0,84167
1,1,1,1,959,260,-2047,141,652,-349,4,10,1,0,0,0,0,0,0,0,0,0,0,0,0,0,0,0,0,0,0,0,0,0,0,84177
1,1,1,1,966,296,-2083,90,605,-347,3,10,0,0,0,0,0,0,0,0,0,0,0,0,0,0,0,0,0,0,0,0,0,0,0,84187
1,1,1,1,961,369,-2039,114,570,-286,6,10,1,0,0,0,0,0,0,0,0,0,0,0,0,0,0,0,0,0,0,0,0,0,0,84197
1,1,1,1,950,397,-1967,217,529,-212,4,10,1,0,0,0,0,0,0,0,0,0,0,0,0,0,0,0,0,0,0,0,0,0,0,84207
1,1,1,1,962,371,-1929,266,477,-193,6,9,1,0,0,0,0,0,0,0,0,0,0,0,0,0,0,0,0,0,0,0,0,0,0,84217
1,1,1,1,971,375,-1939,247,434,-214,9,9,1,0,0,0,0,0,0,0,0,0,0,0,0,0,0,0,0,0,0,0,0,0,0,84227
1,1,1,1,965,373,-1948,265,400,-239,8,9,0,0,0,0,0,0,0,0,0,0,0,0,0,0,0,0,0,0,0,0,0,0,0,84237
1,1,1,1,985,365,-1964,310,414,-255,7,10,-3,0,0,0,0,0,0,0,0,0,0,0,0,0,0,0,0,0,0,0,0,0,0,84247
1,1,1,1,1031,291,-1848,267,334,-309,6,9,2,0,0,0,0,0,0,0,0,0,0,0,0,0,0,0,0,0,0,0,0,0,0,84257
1,1,1,1,1008,262,-2061,229,334,-408,6,8,1,0,0,0,0,0,0,0,0,0,0,0,0,0,0,0,0,0,0,0,0,0,0,84267
1,1,1,1,1058,287,-2053,248,368,-454,6,6,1,0,0,0,0,0,0,0,0,0,0,0,0,0,0,0,0,0,0,0,0,0,0,84277
1,1,1,1,998,387,-2112,211,448,-462,4,7,1,0,0,0,0,0,0,0,0,0,0,0,0,0,0,0,0,0,0,0,0,0,0,84297
1,1,1,1,989,404,-2098,243,510,-433,5,5,-1,0,0,0,0,0,0,0,0,0,0,0,0,0,0,0,0,0,0,0,0,0,0,84307
1,1,1,1,997,376,-2085,277,551,-414,7,1,-9,0,0,0,0,0,0,0,0,0,0,0,0,0,0,0,0,0,0,0,0,0,0,84317
1,1,1,1,1007,318,-2030,321,567,-428,4,5,0,0,0,0,0,0,0,0,0,0,0,0,0,0,0,0,0,0,0,0,0,0,0,84327
1,1,1,1,1032,266,-1963,415,558,-473,7,3,-6,0,0,0,0,0,0,0,0,0,0,0,0,0,0,0,0,0,0,0,0,0,0,84337
1,1,1,1,1048,293,-1940,434,530,-518,9,1,-12,0,0,0,0,0,0,0,0,0,0,0,0,0,0,0,0,0,0,0,0,0,0,84347
1,1,1,1,1067,397,-2043,408,561,-474,9,-5,-18,0,0,0,0,0,0,0,0,0,0,0,0,0,0,0,0,0,0,0,0,0,0,84357
1,1,1,1,1055,387,-2045,384,593,-434,8,-5,-22,0,0,0,0,0,0,0,0,0,0,0,0,0,0,0,0,0,0,0,0,0,0,84367
1,1,1,1,1040,247,-1960,362,571,-469,10,-6,-24,0,0,0,0,0,0,0,0,0,0,0,0,0,0,0,0,0,0,0,0,0,0,84377
1,1,1,1,1056,271,-1947,382,552,-514,11,-8,-28,0,0,0,0,0,0,0,0,0,0,0,0,0,0,0,0,0,0,0,0,0,0,84387
1,1,1,1,1036,284,-1935,481,555,-530,9,-9,-33,0,0,0,0,0,0,0,0,0,0,0,0,0,0,0,0,0,0,0,0,0,0,84397
1,1,1,1,1055,277,-1922,501,519,-584,8,-12,-37,0,0,0,0,0,0,0,0,0,0,0,0,0,0,0,0,0,0,0,0,0,0,84407
1,1,1,1,1109,340,-1963,446,484,-587,6,-14,-40,0,0,0,0,0,0,0,0,0,0,0,0,0,0,0,0,0,0,0,0,0,0,84417
1,1,1,1,1098,384,-1998,385,458,-544,7,-17,-48,0,0,0,0,0,0,0,0,0,0,0,0,0,0,0,0,0,0,0,0,0,0,84427
1,1,1,1,1067,377,-2034,357,451,-505,7,-20,-52,0,0,0,0,0,0,0,0,0,0,0,0,0,0,0,0,0,0,0,0,0,0,84437
1,1,1,1,1032,339,-2005,345,436,-490,8,-23,-55,0,0,0,0,0,0,0,0,0,0,0,0,0,0,0,0,0,0,0,0,0,0,84447
1,1,1,1,999,293,-2034,394,427,-522,7,-25,-57,0,0,0,0,0,0,0,0,0,0,0,0,0,0,0,0,0,0,0,0,0,0,84457
1,1,1,1,1009,261,-2063,419,446,-564,6,-29,-64,0,0,0,0,0,0,0,0,0,0,0,0,0,0,0,0,0,0,0,0,0,0,84467
1,1,1,1,1016,319,-2044,435,458,-558,6,-32,-67,0,0,0,0,0,0,0,0,0,0,0,0,0,0,0,0,0,0,0,0,0,0,84477
1,1,1,1,1027,299,-1989,430,434,-575,6,-35,-70,0,0,0,0,0,0,0,0,0,0,0,0,0,0,0,0,0,0,0,0,0,0,84487
1,1,1,1,1073,344,-1991,376,423,-565,3,-36,-71,0,0,0,0,0,0,0,0,0,0,0,0,0,0,0,0,0,0,0,0,0,0,84497
1,1,1,1,1094,298,-1989,301,406,-595,3,-37,-76,0,0,0,0,0,0,0,0,0,0,0,0,0,0,0,0,0,0,0,0,0,0,84507
1,1,1,1,1120,355,-1956,195,355,-546,2,-40,-80,0,0,0,0,0,0,0,0,0,0,0,0,0,0,0,0,0,0,0,0,0,0,84517
1,1,1,1,1105,378,-1994,165,343,-503,3,-42,-82,0,0,0,0,0,0,0,0,0,0,0,0,0,0,0,0,0,0,0,0,0,0,84527
1,1,1,1,1097,275,-2002,173,338,-502,0,-45,-85,0,0,0,0,0,0,0,0,0,0,0,0,0,0,0,0,0,0,0,0,0,0,84537
1,1,1,1,1066,260,-2018,242,340,-525,0,-48,-86,0,0,0,0,0,0,0,0,0,0,0,0,0,0,0,0,0,0,0,0,0,0,84547
1,1,1,1,1059,311,-2016,268,328,-524,-3,-50,-88,0,0,0,0,0,0,0,0,0,0,0,0,0,0,0,0,0,0,0,0,0,0,84557
1,1,1,1,1051,309,-2010,305,319,-512,-5,-48,-88,0,0,0,0,0,0,0,0,0,0,0,0,0,0,0,0,0,0,0,0,0,0,84567
1,1,1,1,1044,346,-2029,302,325,-492,-3,-55,-91,0,0,0,0,0,0,0,0,0,0,0,0,0,0,0,0,0,0,0,0,0,0,84577
1,1,1,1,1052,367,-2011,250,332,-481,-4,-54,-93,0,0,0,0,0,0,0,0,0,0,0,0,0,0,0,0,0,0,0,0,0,0,84587
1,1,1,1,1072,414,-1952,192,318,-444,-7,-51,-89,0,0,0,0,0,0,0,0,0,0,0,0,0,0,0,0,0,0,0,0,0,0,84597
1,1,1,1,1079,438,-1931,126,290,-409,-6,-50,-89,0,0,0,0,0,0,0,0,0,0,0,0,0,0,0,0,0,0,0,0,0,0,84607
1,1,1,1,1110,433,-1910,89,264,-366,-8,-48,-85,0,0,0,0,0,0,0,0,0,0,0,0,0,0,0,0,0,0,0,0,0,0,84617
1,1,1,1,1175,283,-1894,108,251,-399,-6,-52,-88,0,0,0,0,0,0,0,0,0,0,0,0,0,0,0,0,0,0,0,0,0,0,84627
1,1,1,1,1168,273,-1946,109,248,-445,-7,-53,-86,0,0,0,0,0,0,0,0,0,0,0,0,0,0,0,0,0,0,0,0,0,0,84637
1,1,1,1,1168,276,-1939,161,267,-478,-5,-55,-86,0,0,0,0,0,0,0,0,0,0,0,0,0,0,0,0,0,0,0,0,0,0,84647
1,1,1,1,1122,237,-1960,238,269,-527,-7,-54,-86,0,0,0,0,0,0,0,0,0,0,0,0,0,0,0,0,0,0,0,0,0,0,84657
1,1,1,1,1097,277,-1995,223,248,-536,-7,-54,-86,0,0,0,0,0,0,0,0,0,0,0,0,0,0,0,0,0,0,0,0,0,0,84667
1,1,1,1,1051,319,-1971,198,224,-524,-6,-55,-86,0,0,0,0,0,0,0,0,0,0,0,0,0,0,0,0,0,0,0,0,0,0,84677
1,1,1,1,1040,365,-1927,137,158,-473,-10,-53,-86,0,0,0,0,0,0,0,0,0,0,0,0,0,0,0,0,0,0,0,0,0,0,84687
1,1,1,1,996,409,-1988,50,119,-413,-12,-53,-82,0,0,0,0,0,0,0,0,0,0,0,0,0,0,0,0,0,0,0,0,0,0,84697
1,1,1,1,947,492,-2068,-51,153,-338,-14,-51,-75,0,0,0,0,0,0,0,0,0,0,0,0,0,0,0,0,0,0,0,0,0,0,84707
1,1,1,1,955,430,-2020,-36,227,-311,-13,-48,-68,0,0,0,0,0,0,0,0,0,0,0,0,0,0,0,0,0,0,0,0,0,0,84717
1,1,1,1,982,371,-1908,101,280,-327,-12,-46,-65,0,0,0,0,0,0,0,0,0,0,0,0,0,0,0,0,0,0,0,0,0,0,84727
1,1,1,1,987,361,-1879,109,237,-330,-15,-46,-64,0,0,0,0,0,0,0,0,0,0,0,0,0,0,0,0,0,0,0,0,0,0,84737
1,1,1,1,1008,336,-1939,100,230,-334,-15,-45,-60,0,0,0,0,0,0,0,0,0,0,0,0,0,0,0,0,0,0,0,0,0,0,84747
1,1,1,1,988,383,-1961,100,228,-303,-17,-43,-57,0,0,0,0,0,0,0,0,0,0,0,0,0,0,0,0,0,0,0,0,0,0,84757
1,1,1,1,997,387,-1931,61,186,-269,-19,-42,-49,0,0,0,0,0,0,0,0,0,0,0,0,0,0,0,0,0,0,0,0,0,0,84767
1,1,1,1,1009,399,-1944,51,144,-231,-25,-41,-42,0,0,0,0,0,0,0,0,0,0,0,0,0,0,0,0,0,0,0,0,0,0,84777
1,1,1,1,1036,443,-1883,44,56,-150,-23,-36,-31,0,0,0,0,0,0,0,0,0,0,0,0,0,0,0,0,0,0,0,0,0,0,84787
1,1,1,1,1067,316,-1888,103,6,-163,-25,-35,-22,0,0,0,0,0,0,0,0,0,0,0,0,0,0,0,0,0,0,0,0,0,0,84797
1,1,1,1,1141,279,-2005,156,38,-179,-27,-37,-15,0,0,0,0,0,0,0,0,0,0,0,0,0,0,0,0,0,0,0,0,0,0,84807
1,1,1,1,1116,299,-2021,137,61,-177,-30,-35,-12,0,0,0,0,0,0,0,0,0,0,0,0,0,0,0,0,0,0,0,0,0,0,84817
1,1,1,1,1071,311,-1995,155,53,-168,-31,-33,-10,0,0,0,0,0,0,0,0,0,0,0,0,0,0,0,0,0,0,0,0,0,0,84827
1,1,1,1,1046,285,-2000,120,34,-158,-32,-31,1,0,0,0,0,0,0,0,0,0,0,0,0,0,0,0,0,0,0,0,0,0,0,84837
1,1,1,1,1042,259,-2032,29,5,-165,-31,-30,1,0,0,0,0,0,0,0,0,0,0,0,0,0,0,0,0,0,0,0,0,0,0,84847
1,1,1,1,1012,326,-2035,-30,-1,-150,-32,-28,1,0,0,0,0,0,0,0,0,0,0,0,0,0,0,0,0,0,0,0,0,0,0,84857
1,1,1,1,1019,353,-1976,-73,-16,-136,-31,-24,-1,0,0,0,0,0,0,0,0,0,0,0,0,0,0,0,0,0,0,0,0,0,0,84867
1,1,1,1,1044,371,-1938,-78,-35,-129,-30,-26,-3,0,0,0,0,0,0,0,0,0,0,0,0,0,0,0,0,0,0,0,0,0,0,84877
1,1,1,1,1050,406,-1932,-44,-19,-122,-29,-25,1,0,0,0,0,0,0,0,0,0,0,0,0,0,0,0,0,0,0,0,0,0,0,84887
1,1,1,1,1076,408,-1901,18,11,-123,-30,-16,1,0,0,0,0,0,0,0,0,0,0,0,0,0,0,0,0,0,0,0,0,0,0,84897
1,1,1,1,1092,406,-1885,102,19,-124,-30,-15,7,0,0,0,0,0,0,0,0,0,0,0,0,0,0,0,0,0,0,0,0,0,0,84907
1,1,1,1,1112,386,-1890,150,38,-126,-29,-13,13,0,0,0,0,0,0,0,0,0,0,0,0,0,0,0,0,0,0,0,0,0,0,84917
1,1,1,1,1118,348,-1890,164,48,-137,-29,-12,15,0,0,0,0,0,0,0,0,0,0,0,0,0,0,0,0,0,0,0,0,0,0,84927
1,1,1,1,1108,353,-1930,172,59,-138,-30,-11,20,0,0,0,0,0,0,0,0,0,0,0,0,0,0,0,0,0,0,0,0,0,0,84937
1,1,1,1,1080,359,-1941,161,60,-132,-30,-10,25,0,0,0,0,0,0,0,0,0,0,0,0,0,0,0,0,0,0,0,0,0,0,84947
1,1,1,1,1093,324,-1932,119,39,-138,-30,-7,28,0,0,0,0,0,0,0,0,0,0,0,0,0,0,0,0,0,0,0,0,0,0,84957
1,1,1,1,1067,335,-1965,115,24,-129,-29,-8,33,0,0,0,0,0,0,0,0,0,0,0,0,0,0,0,0,0,0,0,0,0,0,84967
1,1,1,1,1037,388,-1972,113,12,-107,-27,-7,31,0,0,0,0,0,0,0,0,0,0,0,0,0,0,0,0,0,0,0,0,0,0,84977
1,1,1,1,1028,399,-1940,125,-6,-90,-27,-5,36,0,0,0,0,0,0,0,0,0,0,0,0,0,0,0,0,0,0,0,0,0,0,84987
1,1,1,1,1007,407,-1917,185,-34,-72,-27,-4,39,0,0,0,0,0,0,0,0,0,0,0,0,0,0,0,0,0,0,0,0,0,0,84997
1,1,1,1,983,430,-1948,234,-49,-69,-27,-3,45,0,0,0,0,0,0,0,0,0,0,0,0,0,0,0,0,0,0,0,0,0,0,85007
1,1,1,1,981,381,-1975,298,-26,-62,-28,0,47,0,0,0,0,0,0,0,0,0,0,0,0,0,0,0,0,0,0,0,0,0,0,85017
1,1,1,1,997,331,-1971,330,-20,-65,-26,1,52,0,0,0,0,0,0,0,0,0,0,0,0,0,0,0,0,0,0,0,0,0,0,85027
1,1,1,1,1015,308,-1961,353,-22,-62,-28,3,51,0,0,0,0,0,0,0,0,0,0,0,0,0,0,0,0,0,0,0,0,0,0,85037
1,1,1,1,1062,256,-1966,289,-53,-65,-25,3,56,0,0,0,0,0,0,0,0,0,0,0,0,0,0,0,0,0,0,0,0,0,0,85047
1,1,1,1,1093,270,-1999,217,-62,-60,-25,5,56,0,0,0,0,0,0,0,0,0,0,0,0,0,0,0,0,0,0,0,0,0,0,85057
1,1,1,1,1086,324,-1998,161,-72,-59,-25,5,57,0,0,0,0,0,0,0,0,0,0,0,0,0,0,0,0,0,0,0,0,0,0,85067
1,1,1,1,1090,338,-1969,142,-68,-47,-27,6,60,0,0,0,0,0,0,0,0,0,0,0,0,0,0,0,0,0,0,0,0,0,0,85077
1,1,1,1,1086,335,-1985,126,-72,-50,-27,8,59,0,0,0,0,0,0,0,0,0,0,0,0,0,0,0,0,0,0,0,0,0,0,85087
1,1,1,1,1078,327,-1985,150,-66,-55,-27,8,65,0,0,0,0,0,0,0,0,0,0,0,0,0,0,0,0,0,0,0,0,0,0,85097
1,1,1,1,1080,340,-1950,207,-53,-60,-28,9,68,0,0,0,0,0,0,0,0,0,0,0,0,0,0,0,0,0,0,0,0,0,0,85107
1,1,1,1,1064,351,-1966,212,-59,-66,-27,10,68,0,0,0,0,0,0,0,0,0,0,0,0,0,0,0,0,0,0,0,0,0,0,85117
1,1,1,1,1079,297,-1975,210,-46,-76,-27,12,68,0,0,0,0,0,0,0,0,0,0,0,0,0,0,0,0,0,0,0,0,0,0,85127
1,1,1,1,1083,276,-1980,178,-44,-80,-28,13,71,0,0,0,0,0,0,0,0,0,0,0,0,0,0,0,0,0,0,0,0,0,0,85137
1,1,1,1,1059,291,-2004,130,-41,-78,-28,13,74,0,0,0,0,0,0,0,0,0,0,0,0,0,0,0,0,0,0,0,0,0,0,85147
1,1,1,1,1055,285,-2029,64,-30,-75,-27,13,74,0,0,0,0,0,0,0,0,0,0,0,0,0,0,0,0,0,0,0,0,0,0,85157
1,1,1,1,1056,271,-2020,-5,-31,-69,-30,14,73,0,0,0,0,0,0,0,0,0,0,0,0,0,0,0,0,0,0,0,0,0,0,85167
1,1,1,1,1056,283,-1979,-66,-45,-80,-31,14,79,0,0,0,0,0,0,0,0,0,0,0,0,0,0,0,0,0,0,0,0,0,0,85177
1,1,1,1,1026,331,-1987,-120,-62,-68,-31,13,79,0,0,0,0,0,0,0,0,0,0,0,0,0,0,0,0,0,0,0,0,0,0,85187
1,1,1,1,1020,346,-2019,-144,-57,-67,-33,17,80,0,0,0,0,0,0,0,0,0,0,0,0,0,0,0,0,0,0,0,0,0,0,85197
1,1,1,1,1030,323,-1977,-128,-43,-58,-29,14,80,0,0,0,0,0,0,0,0,0,0,0,0,0,0,0,0,0,0,0,0,0,0,85207
1,1,1,1,1049,308,-1935,-72,-35,-52,-33,19,85,0,0,0,0,0,0,0,0,0,0,0,0,0,0,0,0,0,0,0,0,0,0,85217
1,1,1,1,1058,313,-1937,-6,-31,-58,-35,20,88,0,0,0,0,0,0,0,0,0,0,0,0,0,0,0,0,0,0,0,0,0,0,85227
1,1,1,1,1049,313,-1949,13,-20,-53,-32,16,86,0,0,0,0,0,0,0,0,0,0,0,0,0,0,0,0,0,0,0,0,0,0,85237
1,1,1,1,1049,314,-1960,0,-15,-48,-31,17,88,0,0,0,0,0,0,0,0,0,0,0,0,0,0,0,0,0,0,0,0,0,0,85247
1,1,1,1,1024,325,-1979,-24,-13,-44,-31,17,87,0,0,0,0,0,0,0,0,0,0,0,0,0,0,0,0,0,0,0,0,0,0,85257
1,1,1,1,1015,341,-1990,-49,-5,-44,-31,18,88,0,0,0,0,0,0,0,0,0,0,0,0,0,0,0,0,0,0,0,0,0,0,85267
1,1,1,1,1007,347,-1989,-89,-12,-41,-31,18,90,0,0,0,0,0,0,0,0,0,0,0,0,0,0,0,0,0,0,0,0,0,0,85277
1,1,1,1,1005,369,-1987,-107,-11,-35,-32,20,89,0,0,0,0,0,0,0,0,0,0,0,0,0,0,0,0,0,0,0,0,0,0,85287
1,1,1,1,1015,356,-1974,-112,-5,-31,-31,20,90,0,0,0,0,0,0,0,0,0,0,0,0,0,0,0,0,0,0,0,0,0,0,85297
1,1,1,1,1029,304,-1935,-57,3,-31,-30,21,92,0,0,0,0,0,0,0,0,0,0,0,0,0,0,0,0,0,0,0,0,0,0,85307
1,1,1,1,1046,350,-1925,1,5,-27,-32,21,91,0,0,0,0,0,0,0,0,0,0,0,0,0,0,0,0,0,0,0,0,0,0,85317
1,1,1,1,1027,365,-1959,-21,4,-26,-32,22,91,0,0,0,0,0,0,0,0,0,0,0,0,0,0,0,0,0,0,0,0,0,0,85327
1,1,1,1,1027,348,-1952,12,6,-24,-32,22,91,0,0,0,0,0,0,0,0,0,0,0,0,0,0,0,0,0,0,0,0,0,0,85337
1,1,1,1,1032,336,-1953,41,14,-13,-30,22,92,0,0,0,0,0,0,0,0,0,0,0,0,0,0,0,0,0,0,0,0,0,0,85347
1,1,1,1,1039,334,-1960,53,18,-8,-28,22,90,0,0,0,0,0,0,0,0,0,0,0,0,0,0,0,0,0,0,0,0,0,0,85357
1,1,1,1,1054,335,-1968,54,23,-5,-27,23,95,0,0,0,0,0,0,0,0,0,0,0,0,0,0,0,0,0,0,0,0,0,0,85367
1,1,1,1,1055,329,-1980,31,13,-4,-29,24,94,0,0,0,0,0,0,0,0,0,0,0,0,0,0,0,0,0,0,0,0,0,0,85377
1,1,1,1,1042,337,-1993,-17,2,-7,-29,23,93,0,0,0,0,0,0,0,0,0,0,0,0,0,0,0,0,0,0,0,0,0,0,85387
1,1,1,1,1025,356,-2002,-35,12,-2,-31,24,95,0,0,0,0,0,0,0,0,0,0,0,0,0,0,0,0,0,0,0,0,0,0,85397
1,1,1,1,1006,373,-1997,-54,3,0,-30,24,95,0,0,0,0,0,0,0,0,0,0,0,0,0,0,0,0,0,0,0,0,0,0,85407
1,1,1,1,1006,372,-1997,-55,1,4,-29,25,95,0,0,0,0,0,0,0,0,0,0,0,0,0,0,0,0,0,0,0,0,0,0,85417
1,1,1,1,1004,364,-1976,-34,16,16,-27,25,93,0,0,0,0,0,0,0,0,0,0,0,0,0,0,0,0,0,0,0,0,0,0,85427
1,1,1,1,1015,353,-1948,5,23,16,-25,25,94,0,0,0,0,0,0,0,0,0,0,0,0,0,0,0,0,0,0,0,0,0,0,85437
1,1,1,1,1021,371,-1928,31,23,13,-27,26,94,0,0,0,0,0,0,0,0,0,0,0,0,0,0,0,0,0,0,0,0,0,0,85447
1,1,1,1,1025,377,-1926,48,27,11,-27,27,96,0,0,0,0,0,0,0,0,0,0,0,0,0,0,0,0,0,0,0,0,0,0,85457
1,1,1,1,1041,367,-1937,59,33,6,-27,28,95,0,0,0,0,0,0,0,0,0,0,0,0,0,0,0,0,0,0,0,0,0,0,85467
1,1,1,1,1046,353,-1943,71,35,-3,-27,27,96,0,0,0,0,0,0,0,0,0,0,0,0,0,0,0,0,0,0,0,0,0,0,85477
1,1,1,1,1051,358,-1965,66,32,-10,-25,24,94,0,0,0,0,0,0,0,0,0,0,0,0,0,0,0,0,0,0,0,0,0,0,85487
1,1,1,1,1053,345,-1981,53,38,-13,-27,29,99,0,0,0,0,0,0,0,0,0,0,0,0,0,0,0,0,0,0,0,0,0,0,85497
1,1,1,1,1069,309,-1985,-7,12,-31,-29,31,102,0,0,0,0,0,0,0,0,0,0,0,0,0,0,0,0,0,0,0,0,0,0,85507
1,1,1,1,1068,314,-2004,-49,5,-35,-28,29,101,0,0,0,0,0,0,0,0,0,0,0,0,0,0,0,0,0,0,0,0,0,0,85517
1,1,1,1,1043,353,-1982,-41,-4,-31,-30,31,103,0,0,0,0,0,0,0,0,0,0,0,0,0,0,0,0,0,0,0,0,0,0,85527
1,1,1,1,1037,344,-1966,-13,-15,-28,-31,32,105,0,0,0,0,0,0,0,0,0,0,0,0,0,0,0,0,0,0,0,0,0,0,85537
1,1,1,1,1046,338,-1974,2,-15,-28,-28,32,106,0,0,0,0,0,0,0,0,0,0,0,0,0,0,0,0,0,0,0,0,0,0,85547
1,1,1,1,1037,344,-1970,2,-21,-29,-28,33,107,0,0,0,0,0,0,0,0,0,0,0,0,0,0,0,0,0,0,0,0,0,0,85557
1,1,1,1,1033,353,-1953,15,-13,-30,-25,31,105,0,0,0,0,0,0,0,0,0,0,0,0,0,0,0,0,0,0,0,0,0,0,85567
1,1,1,1,1029,349,-1936,16,-28,-29,-28,33,105,0,0,0,0,0,0,0,0,0,0,0,0,0,0,0,0,0,0,0,0,0,0,85577
1,1,1,1,1023,357,-1960,12,-36,-26,-30,32,109,0,0,0,0,0,0,0,0,0,0,0,0,0,0,0,0,0,0,0,0,0,0,85587
1,1,1,1,1022,349,-1969,8,-37,-23,-29,33,113,0,0,0,0,0,0,0,0,0,0,0,0,0,0,0,0,0,0,0,0,0,0,85597
1,1,1,1,1013,352,-1981,4,-39,-19,-30,33,111,0,0,0,0,0,0,0,0,0,0,0,0,0,0,0,0,0,0,0,0,0,0,85607
1,1,1,1,1019,349,-1987,9,-39,-15,-30,33,111,0,0,0,0,0,0,0,0,0,0,0,0,0,0,0,0,0,0,0,0,0,0,85617
1,1,1,1,1024,350,-1981,15,-30,-14,-31,34,112,0,0,0,0,0,0,0,0,0,0,0,0,0,0,0,0,0,0,0,0,0,0,85627
1,1,1,1,1025,345,-1977,12,-28,-13,-28,33,111,0,0,0,0,0,0,0,0,0,0,0,0,0,0,0,0,0,0,0,0,0,0,85637
1,1,1,1,1039,339,-1963,1,-27,-17,-28,34,112,0,0,0,0,0,0,0,0,0,0,0,0,0,0,0,0,0,0,0,0,0,0,85647
1,1,1,1,1036,356,-1956,1,-30,-13,-29,35,111,0,0,0,0,0,0,0,0,0,0,0,0,0,0,0,0,0,0,0,0,0,0,85657
1,1,1,1,1040,353,-1927,27,-34,-13,-29,34,115,0,0,0,0,0,0,0,0,0,0,0,0,0,0,0,0,0,0,0,0,0,0,85667
1,1,1,1,1035,333,-1918,84,-30,-18,-30,35,117,0,0,0,0,0,0,0,0,0,0,0,0,0,0,0,0,0,0,0,0,0,0,85677
1,1,1,1,1018,367,-1944,64,-23,-9,-31,35,116,0,0,0,0,0,0,0,0,0,0,0,0,0,0,0,0,0,0,0,0,0,0,85687
1,1,1,1,1005,360,-1967,39,-24,-6,-33,37,118,0,0,0,0,0,0,0,0,0,0,0,0,0,0,0,0,0,0,0,0,0,0,85697
1,1,1,1,997,347,-1977,37,-27,-1,-32,37,122,0,0,0,0,0,0,0,0,0,0,0,0,0,0,0,0,0,0,0,0,0,0,85707
1,1,1,1,989,354,-2006,38,-30,10,-32,37,122,0,0,0,0,0,0,0,0,0,0,0,0,0,0,0,0,0,0,0,0,0,0,85717
1,1,1,1,986,343,-2012,35,-34,16,-32,37,120,0,0,0,0,0,0,0,0,0,0,0,0,0,0,0,0,0,0,0,0,0,0,85727
1,1,1,1,1008,331,-2019,19,-37,19,-32,39,123,0,0,0,0,0,0,0,0,0,0,0,0,0,0,0,0,0,0,0,0,0,0,85737
1,1,1,1,1019,329,-1997,-16,-50,19,-31,39,122,0,0,0,0,0,0,0,0,0,0,0,0,0,0,0,0,0,0,0,0,0,0,85747
1,1,1,1,1023,334,-1991,-45,-66,30,-31,40,123,0,0,0,0,0,0,0,0,0,0,0,0,0,0,0,0,0,0,0,0,0,0,85757
1,1,1,1,1025,331,-1997,-57,-66,35,-30,39,126,0,0,0,0,0,0,0,0,0,0,0,0,0,0,0,0,0,0,0,0,0,0,85767
1,1,1,1,1033,327,-1967,-43,-65,33,-30,42,127,0,0,0,0,0,0,0,0,0,0,0,0,0,0,0,0,0,0,0,0,0,0,85777
1,1,1,1,1030,336,-1955,-8,-62,26,-28,38,125,0,0,0,0,0,0,0,0,0,0,0,0,0,0,0,0,0,0,0,0,0,0,85787
1,1,1,1,1017,373,-1966,17,-51,30,-32,42,128,0,0,0,0,0,0,0,0,0,0,0,0,0,0,0,0,0,0,0,0,0,0,85797
1,1,1,1,1008,366,-1970,29,-38,34,-30,42,128,0,0,0,0,0,0,0,0,0,0,0,0,0,0,0,0,0,0,0,0,0,0,85807
1,1,1,1,1011,360,-1967,46,-27,28,-31,40,129,0,0,0,0,0,0,0,0,0,0,0,0,0,0,0,0,0,0,0,0,0,0,85817
1,1,1,1,1015,349,-1959,41,-29,26,-29,40,126,0,0,0,0,0,0,0,0,0,0,0,0,0,0,0,0,0,0,0,0,0,0,85827
1,1,1,1,1013,349,-1970,42,-19,21,-30,42,127,0,0,0,0,0,0,0,0,0,0,0,0,0,0,0,0,0,0,0,0,0,0,85837
1,1,1,1,1006,350,-1973,36,-6,25,-31,43,130,0,0,0,0,0,0,0,0,0,0,0,0,0,0,0,0,0,0,0,0,0,0,85847
1,1,1,1,1006,339,-1989,13,-7,19,-32,44,130,0,0,0,0,0,0,0,0,0,0,0,0,0,0,0,0,0,0,0,0,0,0,85857
1,1,1,1,1007,351,-2005,10,-13,23,-29,43,131,0,0,0,0,0,0,0,0,0,0,0,0,0,0,0,0,0,0,0,0,0,0,85867
1,1,1,1,1000,333,-1997,61,-12,28,-28,45,130,0,0,0,0,0,0,0,0,0,0,0,0,0,0,0,0,0,0,0,0,0,0,85877
1,1,1,1,1002,331,-1986,60,-8,33,-27,44,134,0,0,0,0,0,0,0,0,0,0,0,0,0,0,0,0,0,0,0,0,0,0,85887
1,1,1,1,1006,343,-1975,25,-19,34,-28,46,130,0,0,0,0,0,0,0,0,0,0,0,0,0,0,0,0,0,0,0,0,0,0,85897
1,1,1,1,1015,322,-1976,31,-18,31,-27,45,132,0,0,0,0,0,0,0,0,0,0,0,0,0,0,0,0,0,0,0,0,0,0,85907
1,1,1,1,993,347,-1973,28,-11,32,-28,45,131,0,0,0,0,0,0,0,0,0,0,0,0,0,0,0,0,0,0,0,0,0,0,85917
1,1,1,1,1000,338,-1969,21,-9,31,-29,45,131,0,0,0,0,0,0,0,0,0,0,0,0,0,0,0,0,0,0,0,0,0,0,85927
1,1,1,1,1003,336,-1963,9,-11,26,-28,45,131,0,0,0,0,0,0,0,0,0,0,0,0,0,0,0,0,0,0,0,0,0,0,85937
1,1,1,1,994,356,-1977,2,-5,26,-27,45,133,0,0,0,0,0,0,0,0,0,0,0,0,0,0,0,0,0,0,0,0,0,0,85947
1,1,1,1,999,343,-1975,10,1,25,-26,45,130,0,0,0,0,0,0,0,0,0,0,0,0,0,0,0,0,0,0,0,0,0,0,85957
1,1,1,1,1008,325,-1961,13,5,25,-26,45,131,0,0,0,0,0,0,0,0,0,0,0,0,0,0,0,0,0,0,0,0,0,0,85967
1,1,1,1,1009,327,-1971,7,7,28,-28,46,131,0,0,0,0,0,0,0,0,0,0,0,0,0,0,0,0,0,0,0,0,0,0,85977
1,1,1,1,1002,334,-1973,15,15,33,-28,46,132,0,0,0,0,0,0,0,0,0,0,0,0,0,0,0,0,0,0,0,0,0,0,85987
1,1,1,1,1001,336,-1968,25,10,36,-29,47,133,0,0,0,0,0,0,0,0,0,0,0,0,0,0,0,0,0,0,0,0,0,0,85997
1,1,1,1,1005,337,-1982,28,17,35,-29,45,132,0,0,0,0,0,0,0,0,0,0,0,0,0,0,0,0,0,0,0,0,0,0,86007
1,1,1,1,1018,331,-1984,36,17,34,-29,46,134,0,0,0,0,0,0,0,0,0,0,0,0,0,0,0,0,0,0,0,0,0,0,86017
1,1,1,1,1026,330,-1982,35,9,33,-28,46,134,0,0,0,0,0,0,0,0,0,0,0,0,0,0,0,0,0,0,0,0,0,0,86027
1,1,1,1,1024,334,-1994,32,5,34,-30,46,132,0,0,0,0,0,0,0,0,0,0,0,0,0,0,0,0,0,0,0,0,0,0,86037
1,1,1,1,1029,318,-2007,34,6,32,-29,46,129,0,0,0,0,0,0,0,0,0,0,0,0,0,0,0,0,0,0,0,0,0,0,86047
1,1,1,1,1025,332,-2015,20,2,29,-27,46,129,0,0,0,0,0,0,0,0,0,0,0,0,0,0,0,0,0,0,0,0,0,0,86057
1,1,1,1,1027,332,-2000,6,-3,26,-28,46,132,0,0,0,0,0,0,0,0,0,0,0,0,0,0,0,0,0,0,0,0,0,0,86067
1,1,1,1,1037,320,-1999,4,-3,14,-28,46,132,0,0,0,0,0,0,0,0,0,0,0,0,0,0,0,0,0,0,0,0,0,0,86077
1,1,1,1,1038,323,-1996,-5,-9,6,-28,47,134,0,0,0,0,0,0,0,0,0,0,0,0,0,0,0,0,0,0,0,0,0,0,86087
1,1,1,1,1041,325,-1997,5,-3,-2,-27,45,134,0,0,0,0,0,0,0,0,0,0,0,0,0,0,0,0,0,0,0,0,0,0,86097
1,1,1,1,1044,320,-1993,21,5,-10,-28,47,131,0,0,0,0,0,0,0,0,0,0,0,0,0,0,0,0,0,0,0,0,0,0,86107
1,1,1,1,1054,318,-1987,25,-2,-20,-27,45,131,0,0,0,0,0,0,0,0,0,0,0,0,0,0,0,0,0,0,0,0,0,0,86117
1,1,1,1,1043,317,-1997,23,4,-23,-28,46,133,0,0,0,0,0,0,0,0,0,0,0,0,0,0,0,0,0,0,0,0,0,0,86127
1,1,1,1,1027,322,-2003,19,1,-22,-30,50,131,0,0,0,0,0,0,0,0,0,0,0,0,0,0,0,0,0,0,0,0,0,0,86137
1,1,1,1,1015,332,-1992,9,-12,-21,-31,48,131,0,0,0,0,0,0,0,0,0,0,0,0,0,0,0,0,0,0,0,0,0,0,86147
1,1,1,1,1009,328,-1994,2,-7,-19,-30,46,131,0,0,0,0,0,0,0,0,0,0,0,0,0,0,0,0,0,0,0,0,0,0,86157
1,1,1,1,1005,320,-1992,-29,-23,-18,-27,46,131,0,0,0,0,0,0,0,0,0,0,0,0,0,0,0,0,0,0,0,0,0,0,86167
1,1,1,1,1002,331,-2002,-34,-15,-10,-30,47,131,0,0,0,0,0,0,0,0,0,0,0,0,0,0,0,0,0,0,0,0,0,0,86177
1,1,1,1,1007,323,-1992,-37,-16,-7,-29,48,133,0,0,0,0,0,0,0,0,0,0,0,0,0,0,0,0,0,0,0,0,0,0,86187
1,1,1,1,1011,309,-1996,-41,-18,-5,-27,47,132,0,0,0,0,0,0,0,0,0,0,0,0,0,0,0,0,0,0,0,0,0,0,86197
1,1,1,1,1019,307,-1988,-29,-15,-6,-28,48,131,0,0,0,0,0,0,0,0,0,0,0,0,0,0,0,0,0,0,0,0,0,0,86207
1,1,1,1,1022,309,-1971,-13,-21,-9,-28,48,132,0,0,0,0,0,0,0,0,0,0,0,0,0,0,0,0,0,0,0,0,0,0,86217
1,1,1,1,1014,322,-1981,-11,-19,-8,-29,47,131,0,0,0,0,0,0,0,0,0,0,0,0,0,0,0,0,0,0,0,0,0,0,86227
1,1,1,1,1013,326,-1974,-7,-14,-7,-28,48,130,0,0,0,0,0,0,0,0,0,0,0,0,0,0,0,0,0,0,0,0,0,0,86237
1,1,1,1,1009,331,-1974,3,-14,-3,-26,46,131,0,0,0,0,0,0,0,0,0,0,0,0,0,0,0,0,0,0,0,0,0,0,86247
1,1,1,1,1009,325,-1966,13,-8,-3,-25,47,131,0,0,0,0,0,0,0,0,0,0,0,0,0,0,0,0,0,0,0,0,0,0,86257
1,1,1,1,1006,335,-1971,8,12,-4,-27,48,129,0,0,0,0,0,0,0,0,0,0,0,0,0,0,0,0,0,0,0,0,0,0,86267
1,1,1,1,1012,335,-1972,11,19,-8,-25,47,131,0,0,0,0,0,0,0,0,0,0,0,0,0,0,0,0,0,0,0,0,0,0,86277
1,1,1,1,1017,336,-1976,5,13,-14,-27,47,133,0,0,0,0,0,0,0,0,0,0,0,0,0,0,0,0,0,0,0,0,0,0,86287
1,1,1,1,1017,340,-1994,9,27,-10,-28,47,129,0,0,0,0,0,0,0,0,0,0,0,0,0,0,0,0,0,0,0,0,0,0,86297
1,1,1,1,1016,331,-1995,-1,16,-7,-29,48,130,0,0,0,0,0,0,0,0,0,0,0,0,0,0,0,0,0,0,0,0,0,0,86307
1,1,1,1,1014,327,-2001,-24,-2,-5,-29,47,131,0,0,0,0,0,0,0,0,0,0,0,0,0,0,0,0,0,0,0,0,0,0,86317
1,1,1,1,1016,332,-2005,-42,-12,2,-27,48,131,0,0,0,0,0,0,0,0,0,0,0,0,0,0,0,0,0,0,0,0,0,0,86327
1,1,1,1,1009,337,-2005,-44,-22,6,-27,47,131,0,0,0,0,0,0,0,0,0,0,0,0,0,0,0,0,0,0,0,0,0,0,86337
1,1,1,1,1003,337,-1996,-32,-25,6,-26,48,130,0,0,0,0,0,0,0,0,0,0,0,0,0,0,0,0,0,0,0,0,0,0,86347
1,1,1,1,1005,329,-1981,-21,-29,3,-27,47,127,0,0,0,0,0,0,0,0,0,0,0,0,0,0,0,0,0,0,0,0,0,0,86357
1,1,1,1,1006,336,-1975,-6,-29,2,-25,47,132,0,0,0,0,0,0,0,0,0,0,0,0,0,0,0,0,0,0,0,0,0,0,86367
1,1,1,1,1007,335,-1976,2,-22,4,-28,51,130,0,0,0,0,0,0,0,0,0,0,0,0,0,0,0,0,0,0,0,0,0,0,86377
1,1,1,1,1008,323,-1970,3,-29,-1,-24,45,128,0,0,0,0,0,0,0,0,0,0,0,0,0,0,0,0,0,0,0,0,0,0,86387
1,1,1,1,1007,328,-1976,2,-20,2,-27,49,131,0,0,0,0,0,0,0,0,0,0,0,0,0,0,0,0,0,0,0,0,0,0,86397
1,1,1,1,1013,329,-1984,-4,-15,1,-27,49,130,0,0,0,0,0,0,0,0,0,0,0,0,0,0,0,0,0,0,0,0,0,0,86407
1,1,1,1,1012,335,-1990,-7,-13,-2,-29,48,131,0,0,0,0,0,0,0,0,0,0,0,0,0,0,0,0,0,0,0,0,0,0,86417
1,1,1,1,1004,339,-1987,-7,-16,-3,-29,50,132,0,0,0,0,0,0,0,0,0,0,0,0,0,0,0,0,0,0,0,0,0,0,86427
1,1,1,1,1005,341,-1988,-4,-11,-1,-28,47,130,0,0,0,0,0,0,0,0,0,0,0,0,0,0,0,0,0,0,0,0,0,0,86437
1,1,1,1,997,342,-1990,-2,-3,2,-28,49,130,0,0,0,0,0,0,0,0,0,0,0,0,0,0,0,0,0,0,0,0,0,0,86447
1,1,1,1,1000,351,-1985,-2,-5,3,-25,47,130,0,0,0,0,0,0,0,0,0,0,0,0,0,0,0,0,0,0,0,0,0,0,86457
1,1,1,1,1004,350,-1982,-1,-15,4,-25,48,130,0,0,0,0,0,0,0,0,0,0,0,0,0,0,0,0,0,0,0,0,0,0,86467
1,1,1,1,1010,346,-1977,0,-13,3,-24,47,130,0,0,0,0,0,0,0,0,0,0,0,0,0,0,0,0,0,0,0,0,0,0,86477
1,1,1,1,1015,344,-1970,-10,-14,1,-25,48,129,0,0,0,0,0,0,0,0,0,0,0,0,0,0,0,0,0,0,0,0,0,0,86487
1,1,1,1,1010,339,-1977,-9,-15,-5,-26,47,133,0,0,0,0,0,0,0,0,0,0,0,0,0,0,0,0,0,0,0,0,0,0,86497
1,1,1,1,1004,342,-1976,-8,-8,-9,-25,47,130,0,0,0,0,0,0,0,0,0,0,0,0,0,0,0,0,0,0,0,0,0,0,86507
1,1,1,1,1002,342,-1980,-6,-2,-10,-26,47,130,0,0,0,0,0,0,0,0,0,0,0,0,0,0,0,0,0,0,0,0,0,0,86517
1,1,1,1,998,340,-1973,3,-2,-8,-28,47,128,0,0,0,0,0,0,0,0,0,0,0,0,0,0,0,0,0,0,0,0,0,0,86527
1,1,1,1,998,332,-1981,6,-2,-6,-28,47,131,0,0,0,0,0,0,0,0,0,0,0,0,0,0,0,0,0,0,0,0,0,0,86537
1,1,1,1,1000,341,-1992,3,-2,-2,-26,46,130,0,0,0,0,0,0,0,0,0,0,0,0,0,0,0,0,0,0,0,0,0,0,86547
1,1,1,1,1001,336,-1999,1,-1,2,-27,47,130,0,0,0,0,0,0,0,0,0,0,0,0,0,0,0,0,0,0,0,0,0,0,86557
1,1,1,1,1009,333,-1994,0,-3,1,-26,48,128,0,0,0,0,0,0,0,0,0,0,0,0,0,0,0,0,0,0,0,0,0,0,86567
1,1,1,1,1021,333,-2001,-9,-7,-2,-28,47,126,0,0,0,0,0,0,0,0,0,0,0,0,0,0,0,0,0,0,0,0,0,0,86577
1,1,1,1,1020,343,-1991,-8,-10,-3,-27,47,126,0,0,0,0,0,0,0,0,0,0,0,0,0,0,0,0,0,0,0,0,0,0,86587
1,1,1,1,1015,350,-1990,-8,-12,-4,-28,47,130,0,0,0,0,0,0,0,0,0,0,0,0,0,0,0,0,0,0,0,0,0,0,86597
1,1,1,1,1008,346,-1986,-8,-19,-3,-30,47,132,0,0,0,0,0,0,0,0,0,0,0,0,0,0,0,0,0,0,0,0,0,0,86607
1,1,1,1,1003,352,-1988,0,-16,-2,-28,47,131,0,0,0,0,0,0,0,0,0,0,0,0,0,0,0,0,0,0,0,0,0,0,86617
1,1,1,1,1000,350,-1988,10,-12,-3,-28,48,130,0,0,0,0,0,0,0,0,0,0,0,0,0,0,0,0,0,0,0,0,0,0,86627
1,1,1,1,1003,342,-1980,21,-10,-5,-27,48,129,0,0,0,0,0,0,0,0,0,0,0,0,0,0,0,0,0,0,0,0,0,0,86637
1,1,1,1,1006,337,-1985,14,-10,-7,-26,47,131,0,0,0,0,0,0,0,0,0,0,0,0,0,0,0,0,0,0,0,0,0,0,86647
1,1,1,1,997,333,-1989,7,-12,-6,-28,48,129,0,0,0,0,0,0,0,0,0,0,0,0,0,0,0,0,0,0,0,0,0,0,86657
1,1,1,1,994,341,-1988,-1,-18,-1,-27,47,129,0,0,0,0,0,0,0,0,0,0,0,0,0,0,0,0,0,0,0,0,0,0,86667
1,1,1,1,995,343,-1985,-9,-24,7,-28,46,128,0,0,0,0,0,0,0,0,0,0,0,0,0,0,0,0,0,0,0,0,0,0,86677
1,1,1,1,998,342,-1971,-9,-23,10,-29,48,126,0,0,0,0,0,0,0,0,0,0,0,0,0,0,0,0,0,0,0,0,0,0,86687
1,1,1,1,1002,337,-1984,-8,-18,13,-28,48,129,0,0,0,0,0,0,0,0,0,0,0,0,0,0,0,0,0,0,0,0,0,0,86697
1,1,1,1,998,342,-1987,-12,-13,10,-28,46,129,0,0,0,0,0,0,0,0,0,0,0,0,0,0,0,0,0,0,0,0,0,0,86707
1,1,1,1,1006,346,-1973,-14,-11,6,-30,50,132,0,0,0,0,0,0,0,0,0,0,0,0,0,0,0,0,0,0,0,0,0,0,86717
1,1,1,1,1011,356,-1975,-8,0,5,-29,45,127,0,0,0,0,0,0,0,0,0,0,0,0,0,0,0,0,0,0,0,0,0,0,86727
1,1,1,1,1017,359,-1972,-8,5,3,-27,47,130,0,0,0,0,0,0,0,0,0,0,0,0,0,0,0,0,0,0,0,0,0,0,86737
1,1,1,1,1017,360,-1980,-5,9,0,-29,45,125,0,0,0,0,0,0,0,0,0,0,0,0,0,0,0,0,0,0,0,0,0,0,86747
1,1,1,1,1019,353,-1977,6,22,-5,-28,47,131,0,0,0,0,0,0,0,0,0,0,0,0,0,0,0,0,0,0,0,0,0,0,86757
1,1,1,1,1011,343,-1981,0,16,-6,-26,45,126,0,0,0,0,0,0,0,0,0,0,0,0,0,0,0,0,0,0,0,0,0,0,86767
1,1,1,1,1001,334,-1993,-10,3,-4,-29,48,129,0,0,0,0,0,0,0,0,0,0,0,0,0,0,0,0,0,0,0,0,0,0,86777
1,1,1,1,1001,334,-1996,-21,-15,-1,-27,47,130,0,0,0,0,0,0,0,0,0,0,0,0,0,0,0,0,0,0,0,0,0,0,86787
1,1,1,1,1008,340,-2005,-30,-28,2,-27,46,133,0,0,0,0,0,0,0,0,0,0,0,0,0,0,0,0,0,0,0,0,0,0,86797
1,1,1,1,1010,337,-1997,-23,-29,3,-28,47,132,0,0,0,0,0,0,0,0,0,0,0,0,0,0,0,0,0,0,0,0,0,0,86807
1,1,1,1,1008,349,-1994,-13,-30,2,-28,46,131,0,0,0,0,0,0,0,0,0,0,0,0,0,0,0,0,0,0,0,0,0,0,86817
1,1,1,1,1007,357,-1985,-1,-21,2,-26,47,129,0,0,0,0,0,0,0,0,0,0,0,0,0,0,0,0,0,0,0,0,0,0,86827
1,1,1,1,1008,358,-1969,10,-16,-1,-28,47,129,0,0,0,0,0,0,0,0,0,0,0,0,0,0,0,0,0,0,0,0,0,0,86837
1,1,1,1,1008,363,-1966,15,-13,-4,-28,47,127,0,0,0,0,0,0,0,0,0,0,0,0,0,0,0,0,0,0,0,0,0,0,86847
1,1,1,1,1008,363,-1966,14,-3,-9,-25,46,126,0,0,0,0,0,0,0,0,0,0,0,0,0,0,0,0,0,0,0,0,0,0,86857
1,1,1,1,1006,348,-1986,14,3,-11,-27,47,126,0,0,0,0,0,0,0,0,0,0,0,0,0,0,0,0,0,0,0,0,0,0,86867
1,1,1,1,1000,348,-1990,22,10,-7,-27,47,128,0,0,0,0,0,0,0,0,0,0,0,0,0,0,0,0,0,0,0,0,0,0,86877
1,1,1,1,1005,344,-1993,17,4,-7,-28,46,128,0,0,0,0,0,0,0,0,0,0,0,0,0,0,0,0,0,0,0,0,0,0,86887
1,1,1,1,1014,327,-1996,-4,-15,-7,-27,47,126,0,0,0,0,0,0,0,0,0,0,0,0,0,0,0,0,0,0,0,0,0,0,86897
1,1,1,1,1013,328,-1997,-13,-20,-3,-28,47,127,0,0,0,0,0,0,0,0,0,0,0,0,0,0,0,0,0,0,0,0,0,0,86907
1,1,1,1,1004,351,-2000,-14,-20,2,-28,46,127,0,0,0,0,0,0,0,0,0,0,0,0,0,0,0,0,0,0,0,0,0,0,86917
1,1,1,1,1008,347,-1993,-21,-38,1,-30,46,127,0,0,0,0,0,0,0,0,0,0,0,0,0,0,0,0,0,0,0,0,0,0,86927
1,1,1,1,1006,355,-1998,-11,-39,1,-28,46,129,0,0,0,0,0,0,0,0,0,0,0,0,0,0,0,0,0,0,0,0,0,0,86937
1,1,1,1,1003,352,-1987,-1,-35,-1,-28,46,129,0,0,0,0,0,0,0,0,0,0,0,0,0,0,0,0,0,0,0,0,0,0,86947
1,1,1,1,998,344,-1992,2,-33,0,-27,46,128,0,0,0,0,0,0,0,0,0,0,0,0,0,0,0,0,0,0,0,0,0,0,86957
1,1,1,1,997,352,-1988,-1,-30,2,-27,46,127,0,0,0,0,0,0,0,0,0,0,0,0,0,0,0,0,0,0,0,0,0,0,86967
1,1,1,1,989,350,-1980,-2,-36,6,-25,46,128,0,0,0,0,0,0,0,0,0,0,0,0,0,0,0,0,0,0,0,0,0,0,86977
1,1,1,1,991,347,-1982,5,-30,8,-27,46,125,0,0,0,0,0,0,0,0,0,0,0,0,0,0,0,0,0,0,0,0,0,0,86987
1,1,1,1,990,358,-1978,8,-25,12,-29,47,126,0,0,0,0,0,0,0,0,0,0,0,0,0,0,0,0,0,0,0,0,0,0,86997
1,1,1,1,997,348,-1980,4,-25,11,-28,46,127,0,0,0,0,0,0,0,0,0,0,0,0,0,0,0,0,0,0,0,0,0,0,87007
1,1,1,1,1004,344,-1966,2,-22,8,-28,46,127,0,0,0,0,0,0,0,0,0,0,0,0,0,0,0,0,0,0,0,0,0,0,87017
1,1,1,1,1001,350,-1974,-3,-17,10,-27,47,125,0,0,0,0,0,0,0,0,0,0,0,0,0,0,0,0,0,0,0,0,0,0,87027
1,1,1,1,1003,354,-1978,-15,-17,5,-25,43,126,0,0,0,0,0,0,0,0,0,0,0,0,0,0,0,0,0,0,0,0,0,0,87037
1,1,1,1,1002,354,-1977,-12,-23,3,-30,47,124,0,0,0,0,0,0,0,0,0,0,0,0,0,0,0,0,0,0,0,0,0,0,87047
1,1,1,1,995,355,-1987,6,-12,7,-27,46,129,0,0,0,0,0,0,0,0,0,0,0,0,0,0,0,0,0,0,0,0,0,0,87057
1,1,1,1,996,352,-1991,20,-11,8,-30,47,131,0,0,0,0,0,0,0,0,0,0,0,0,0,0,0,0,0,0,0,0,0,0,87067
1,1,1,1,1000,355,-1984,19,-23,6,-28,46,130,0,0,0,0,0,0,0,0,0,0,0,0,0,0,0,0,0,0,0,0,0,0,87077
1,1,1,1,997,352,-1980,18,-26,3,-26,45,127,0,0,0,0,0,0,0,0,0,0,0,0,0,0,0,0,0,0,0,0,0,0,87087
1,1,1,1,989,350,-1983,16,-17,-1,-26,46,129,0,0,0,0,0,0,0,0,0,0,0,0,0,0,0,0,0,0,0,0,0,0,87097
1,1,1,1,984,354,-1972,25,-15,-3,-27,46,129,0,0,0,0,0,0,0,0,0,0,0,0,0,0,0,0,0,0,0,0,0,0,87107
1,1,1,1,986,354,-1976,29,-14,-2,-27,45,129,0,0,0,0,0,0,0,0,0,0,0,0,0,0,0,0,0,0,0,0,0,0,87117
1,1,1,1,984,347,-1986,22,-8,-4,-26,44,127,0,0,0,0,0,0,0,0,0,0,0,0,0,0,0,0,0,0,0,0,0,0,87127
1,1,1,1,984,353,-1987,19,-12,-4,-26,46,129,0,0,0,0,0,0,0,0,0,0,0,0,0,0,0,0,0,0,0,0,0,0,87137
1,1,1,1,983,353,-1988,17,-10,-1,-27,46,126,0,0,0,0,0,0,0,0,0,0,0,0,0,0,0,0,0,0,0,0,0,0,87147
1,1,1,1,992,349,-1991,17,-14,2,-27,46,126,0,0,0,0,0,0,0,0,0,0,0,0,0,0,0,0,0,0,0,0,0,0,87157
1,1,1,1,995,348,-1996,20,-16,0,-25,46,127,0,0,0,0,0,0,0,0,0,0,0,0,0,0,0,0,0,0,0,0,0,0,87167
1,1,1,1,998,347,-1995,24,-13,2,-28,47,126,0,0,0,0,0,0,0,0,0,0,0,0,0,0,0,0,0,0,0,0,0,0,87177
1,1,1,1,997,344,-2000,17,-19,-1,-28,46,128,0,0,0,0,0,0,0,0,0,0,0,0,0,0,0,0,0,0,0,0,0,0,87187
1,1,1,1,991,342,-2000,12,-16,-1,-28,45,126,0,0,0,0,0,0,0,0,0,0,0,0,0,0,0,0,0,0,0,0,0,0,87197
1,1,1,1,982,345,-1998,11,-14,-2,-28,47,129,0,0,0,0,0,0,0,0,0,0,0,0,0,0,0,0,0,0,0,0,0,0,87207
1,1,1,1,981,342,-1992,13,-14,-4,-28,46,129,0,0,0,0,0,0,0,0,0,0,0,0,0,0,0,0,0,0,0,0,0,0,87217
1,1,1,1,981,346,-1987,11,-5,1,-28,47,126,0,0,0,0,0,0,0,0,0,0,0,0,0,0,0,0,0,0,0,0,0,0,87227
1,1,1,1,981,353,-1987,5,-9,-2,-26,46,129,0,0,0,0,0,0,0,0,0,0,0,0,0,0,0,0,0,0,0,0,0,0,87237
1,1,1,1,984,352,-1983,3,-10,3,-26,45,128,0,0,0,0,0,0,0,0,0,0,0,0,0,0,0,0,0,0,0,0,0,0,87247
1,1,1,1,988,346,-1978,6,-14,4,-25,45,126,0,0,0,0,0,0,0,0,0,0,0,0,0,0,0,0,0,0,0,0,0,0,87257
1,1,1,1,988,355,-1984,7,-16,4,-27,46,127,0,0,0,0,0,0,0,0,0,0,0,0,0,0,0,0,0,0,0,0,0,0,87267
1,1,1,1,983,353,-1984,9,-13,5,-27,45,127,0,0,0,0,0,0,0,0,0,0,0,0,0,0,0,0,0,0,0,0,0,0,87277
1,1,1,1,983,350,-1986,13,-6,9,-27,46,124,0,0,0,0,0,0,0,0,0,0,0,0,0,0,0,0,0,0,0,0,0,0,87287
1,1,1,1,985,346,-1993,19,-4,11,-27,45,126,0,0,0,0,0,0,0,0,0,0,0,0,0,0,0,0,0,0,0,0,0,0,87297
1,1,1,1,980,346,-2004,22,-10,12,-29,48,131,0,0,0,0,0,0,0,0,0,0,0,0,0,0,0,0,0,0,0,0,0,0,87307
1,1,1,1,991,344,-2003,15,-16,12,-28,48,131,0,0,0,0,0,0,0,0,0,0,0,0,0,0,0,0,0,0,0,0,0,0,87317
1,1,1,1,999,338,-1989,2,-19,9,-28,47,130,0,0,0,0,0,0,0,0,0,0,0,0,0,0,0,0,0,0,0,0,0,0,87327
1,1,1,1,1003,342,-1993,1,-14,8,-30,46,129,0,0,0,0,0,0,0,0,0,0,0,0,0,0,0,0,0,0,0,0,0,0,87337
1,1,1,1,995,347,-2004,-5,-14,7,-28,45,128,0,0,0,0,0,0,0,0,0,0,0,0,0,0,0,0,0,0,0,0,0,0,87347
1,1,1,1,980,347,-2000,-10,-13,5,-31,48,129,0,0,0,0,0,0,0,0,0,0,0,0,0,0,0,0,0,0,0,0,0,0,87357
1,1,1,1,982,335,-2001,-20,-22,6,-27,46,126,0,0,0,0,0,0,0,0,0,0,0,0,0,0,0,0,0,0,0,0,0,0,87367
1,1,1,1,977,341,-2003,-15,-27,8,-25,44,127,0,0,0,0,0,0,0,0,0,0,0,0,0,0,0,0,0,0,0,0,0,0,87377
1,1,1,1,974,359,-1991,-15,-24,11,-24,46,128,0,0,0,0,0,0,0,0,0,0,0,0,0,0,0,0,0,0,0,0,0,0,87387
1,1,1,1,979,339,-1997,-12,-24,12,-26,47,129,0,0,0,0,0,0,0,0,0,0,0,0,0,0,0,0,0,0,0,0,0,0,87397
1,1,1,1,980,337,-1996,-10,-25,9,-25,46,131,0,0,0,0,0,0,0,0,0,0,0,0,0,0,0,0,0,0,0,0,0,0,87407
1,1,1,1,972,350,-1986,-4,-27,6,-26,46,128,0,0,0,0,0,0,0,0,0,0,0,0,0,0,0,0,0,0,0,0,0,0,87417
1,1,1,1,976,350,-1984,1,-28,8,-25,45,128,0,0,0,0,0,0,0,0,0,0,0,0,0,0,0,0,0,0,0,0,0,0,87427
1,1,1,1,989,344,-1989,1,-14,7,-27,45,127,0,0,0,0,0,0,0,0,0,0,0,0,0,0,0,0,0,0,0,0,0,0,87437
1,1,1,1,986,345,-1978,7,-3,8,-26,45,127,0,0,0,0,0,0,0,0,0,0,0,0,0,0,0,0,0,0,0,0,0,0,87447
1,1,1,1,983,355,-1979,4,-3,4,-24,44,126,0,0,0,0,0,0,0,0,0,0,0,0,0,0,0,0,0,0,0,0,0,0,87457
1,1,1,1,988,353,-1981,10,11,6,-27,46,126,0,0,0,0,0,0,0,0,0,0,0,0,0,0,0,0,0,0,0,0,0,0,87467
1,1,1,1,994,352,-1977,4,10,5,-25,45,124,0,0,0,0,0,0,0,0,0,0,0,0,0,0,0,0,0,0,0,0,0,0,87477
1,1,1,1,998,351,-1987,-5,5,2,-23,46,126,0,0,0,0,0,0,0,0,0,0,0,0,0,0,0,0,0,0,0,0,0,0,87487
1,1,1,1,989,349,-1998,-4,10,4,-22,45,125,0,0,0,0,0,0,0,0,0,0,0,0,0,0,0,0,0,0,0,0,0,0,87497
1,1,1,1,984,336,-1997,-4,3,5,-25,46,124,0,0,0,0,0,0,0,0,0,0,0,0,0,0,0,0,0,0,0,0,0,0,87507
1,1,1,1,980,340,-2003,-3,-10,9,-25,45,127,0,0,0,0,0,0,0,0,0,0,0,0,0,0,0,0,0,0,0,0,0,0,87517
1,1,1,1,983,334,-2015,3,-8,11,-26,45,125,0,0,0,0,0,0,0,0,0,0,0,0,0,0,0,0,0,0,0,0,0,0,87527
1,1,1,1,981,335,-2010,11,-9,14,-25,45,128,0,0,0,0,0,0,0,0,0,0,0,0,0,0,0,0,0,0,0,0,0,0,87537
1,1,1,1,978,345,-2008,16,-14,20,-25,46,124,0,0,0,0,0,0,0,0,0,0,0,0,0,0,0,0,0,0,0,0,0,0,87547
1,1,1,1,988,338,-2005,10,-14,21,-24,46,126,0,0,0,0,0,0,0,0,0,0,0,0,0,0,0,0,0,0,0,0,0,0,87557
1,1,1,1,992,346,-1996,6,-14,19,-24,45,127,0,0,0,0,0,0,0,0,0,0,0,0,0,0,0,0,0,0,0,0,0,0,87567
1,1,1,1,1002,339,-1990,2,-16,16,-25,45,128,0,0,0,0,0,0,0,0,0,0,0,0,0,0,0,0,0,0,0,0,0,0,87577
1,1,1,1,1005,339,-1991,-7,-16,11,-26,45,128,0,0,0,0,0,0,0,0,0,0,0,0,0,0,0,0,0,0,0,0,0,0,87587
1,1,1,1,999,347,-1995,-16,-18,6,-27,45,125,0,0,0,0,0,0,0,0,0,0,0,0,0,0,0,0,0,0,0,0,0,0,87597
1,1,1,1,996,349,-1993,-17,-12,3,-27,47,127,0,0,0,0,0,0,0,0,0,0,0,0,0,0,0,0,0,0,0,0,0,0,87607
1,1,1,1,988,351,-1990,-13,-6,4,-24,42,127,0,0,0,0,0,0,0,0,0,0,0,0,0,0,0,0,0,0,0,0,0,0,87617
1,1,1,1,979,354,-1996,-8,-5,6,-27,45,126,0,0,0,0,0,0,0,0,0,0,0,0,0,0,0,0,0,0,0,0,0,0,87627
1,1,1,1,978,360,-1997,4,1,10,-27,47,126,0,0,0,0,0,0,0,0,0,0,0,0,0,0,0,0,0,0,0,0,0,0,87637
1,1,1,1,984,352,-1999,10,-5,8,-26,45,128,0,0,0,0,0,0,0,0,0,0,0,0,0,0,0,0,0,0,0,0,0,0,87647
1,1,1,1,991,340,-1987,11,-9,6,-26,44,125,0,0,0,0,0,0,0,0,0,0,0,0,0,0,0,0,0,0,0,0,0,0,87657
1,1,1,1,993,335,-1991,8,-14,9,-25,46,125,0,0,0,0,0,0,0,0,0,0,0,0,0,0,0,0,0,0,0,0,0,0,87667
1,1,1,1,986,347,-2002,7,-11,9,-24,44,126,0,0,0,0,0,0,0,0,0,0,0,0,0,0,0,0,0,0,0,0,0,0,87677
1,1,1,1,987,343,-2000,-5,-18,7,-25,43,128,0,0,0,0,0,0,0,0,0,0,0,0,0,0,0,0,0,0,0,0,0,0,87687
1,1,1,1,985,343,-2008,-16,-16,7,-25,45,127,0,0,0,0,0,0,0,0,0,0,0,0,0,0,0,0,0,0,0,0,0,0,87697
1,1,1,1,972,353,-2000,-15,-5,11,-23,45,128,0,0,0,0,0,0,0,0,0,0,0,0,0,0,0,0,0,0,0,0,0,0,87707
1,1,1,1,978,353,-1994,-13,-7,11,-23,45,130,0,0,0,0,0,0,0,0,0,0,0,0,0,0,0,0,0,0,0,0,0,0,87717
1,1,1,1,981,352,-1985,-8,-3,12,-24,45,129,0,0,0,0,0,0,0,0,0,0,0,0,0,0,0,0,0,0,0,0,0,0,87727
1,1,1,1,983,349,-1976,0,-1,14,-24,44,127,0,0,0,0,0,0,0,0,0,0,0,0,0,0,0,0,0,0,0,0,0,0,87737
1,1,1,1,986,351,-1983,-6,-6,10,-26,44,128,0,0,0,0,0,0,0,0,0,0,0,0,0,0,0,0,0,0,0,0,0,0,87747
1,1,1,1,982,346,-1998,-3,0,9,-25,45,127,0,0,0,0,0,0,0,0,0,0,0,0,0,0,0,0,0,0,0,0,0,0,87757
1,1,1,1,982,353,-1982,0,1,6,-25,46,126,0,0,0,0,0,0,0,0,0,0,0,0,0,0,0,0,0,0,0,0,0,0,87767
1,1,1,1,985,350,-1988,6,10,4,-23,44,124,0,0,0,0,0,0,0,0,0,0,0,0,0,0,0,0,0,0,0,0,0,0,87777
1,1,1,1,988,351,-1999,7,15,5,-25,45,123,0,0,0,0,0,0,0,0,0,0,0,0,0,0,0,0,0,0,0,0,0,0,87787
1,1,1,1,986,356,-1989,7,12,5,-26,46,123,0,0,0,0,0,0,0,0,0,0,0,0,0,0,0,0,0,0,0,0,0,0,87797
1,1,1,1,983,351,-1989,-1,-4,5,-25,44,127,0,0,0,0,0,0,0,0,0,0,0,0,0,0,0,0,0,0,0,0,0,0,87807
1,1,1,1,982,350,-2010,-9,-5,6,-25,45,126,0,0,0,0,0,0,0,0,0,0,0,0,0,0,0,0,0,0,0,0,0,0,87817
1,1,1,1,982,351,-2001,-16,-3,9,-26,45,128,0,0,0,0,0,0,0,0,0,0,0,0,0,0,0,0,0,0,0,0,0,0,87827
1,1,1,1,983,340,-1994,-20,-20,10,-26,45,126,0,0,0,0,0,0,0,0,0,0,0,0,0,0,0,0,0,0,0,0,0,0,87837
1,1,1,1,977,350,-2004,-22,-22,5,-25,44,125,0,0,0,0,0,0,0,0,0,0,0,0,0,0,0,0,0,0,0,0,0,0,87847
1,1,1,1,974,350,-1999,-17,-13,3,-24,45,126,0,0,0,0,0,0,0,0,0,0,0,0,0,0,0,0,0,0,0,0,0,0,87857
1,1,1,1,978,356,-1995,-11,-12,4,-24,45,125,0,0,0,0,0,0,0,0,0,0,0,0,0,0,0,0,0,0,0,0,0,0,87867
1,1,1,1,980,352,-1993,-5,-7,4,-25,44,124,0,0,0,0,0,0,0,0,0,0,0,0,0,0,0,0,0,0,0,0,0,0,87877
1,1,1,1,985,359,-1987,5,3,4,-25,45,125,0,0,0,0,0,0,0,0,0,0,0,0,0,0,0,0,0,0,0,0,0,0,87887
1,1,1,1,985,358,-1978,4,-1,2,-25,46,125,0,0,0,0,0,0,0,0,0,0,0,0,0,0,0,0,0,0,0,0,0,0,87897
1,1,1,1,990,356,-1966,5,2,-1,-25,46,124,0,0,0,0,0,0,0,0,0,0,0,0,0,0,0,0,0,0,0,0,0,0,87907
1,1,1,1,984,364,-1970,9,6,-5,-26,44,125,0,0,0,0,0,0,0,0,0,0,0,0,0,0,0,0,0,0,0,0,0,0,87917
1,1,1,1,975,358,-1968,21,14,-2,-26,45,126,0,0,0,0,0,0,0,0,0,0,0,0,0,0,0,0,0,0,0,0,0,0,87927
1,1,1,1,972,363,-1982,20,20,0,-24,44,125,0,0,0,0,0,0,0,0,0,0,0,0,0,0,0,0,0,0,0,0,0,0,87937
1,1,1,1,972,341,-1996,6,18,2,-24,43,124,0,0,0,0,0,0,0,0,0,0,0,0,0,0,0,0,0,0,0,0,0,0,87947
1,1,1,1,973,343,-2011,-3,16,5,-28,48,124,0,0,0,0,0,0,0,0,0,0,0,0,0,0,0,0,0,0,0,0,0,0,87957
1,1,1,1,975,345,-2004,-8,12,8,-26,45,126,0,0,0,0,0,0,0,0,0,0,0,0,0,0,0,0,0,0,0,0,0,0,87967
1,1,1,1,986,345,-2006,-17,0,10,-25,44,122,0,0,0,0,0,0,0,0,0,0,0,0,0,0,0,0,0,0,0,0,0,0,87977
1,1,1,1,986,339,-2001,-8,5,14,-26,46,125,0,0,0,0,0,0,0,0,0,0,0,0,0,0,0,0,0,0,0,0,0,0,87987
1,1,1,1,987,357,-1996,1,2,16,-25,44,123,0,0,0,0,0,0,0,0,0,0,0,0,0,0,0,0,0,0,0,0,0,0,87997
1,1,1,1,985,362,-1988,8,4,17,-22,42,127,0,0,0,0,0,0,0,0,0,0,0,0,0,0,0,0,0,0,0,0,0,0,88007
1,1,1,1,983,367,-1987,9,2,15,-24,45,125,0,0,0,0,0,0,0,0,0,0,0,0,0,0,0,0,0,0,0,0,0,0,88017
1,1,1,1,986,369,-1979,13,-1,11,-25,45,126,0,0,0,0,0,0,0,0,0,0,0,0,0,0,0,0,0,0,0,0,0,0,88027
1,1,1,1,990,369,-1979,15,2,6,-25,45,125,0,0,0,0,0,0,0,0,0,0,0,0,0,0,0,0,0,0,0,0,0,0,88037
1,1,1,1,988,361,-1982,18,3,4,-26,45,127,0,0,0,0,0,0,0,0,0,0,0,0,0,0,0,0,0,0,0,0,0,0,88047
1,1,1,1,994,353,-1988,24,5,4,-27,45,126,0,0,0,0,0,0,0,0,0,0,0,0,0,0,0,0,0,0,0,0,0,0,88057
1,1,1,1,992,348,-1989,25,9,6,-24,44,123,0,0,0,0,0,0,0,0,0,0,0,0,0,0,0,0,0,0,0,0,0,0,88067
1,1,1,1,987,347,-1996,23,2,4,-24,45,126,0,0,0,0,0,0,0,0,0,0,0,0,0,0,0,0,0,0,0,0,0,0,88077
1,1,1,1,992,346,-1998,24,7,8,-22,45,125,0,0,0,0,0,0,0,0,0,0,0,0,0,0,0,0,0,0,0,0,0,0,88087
1,1,1,1,990,348,-1997,21,12,7,-25,44,124,0,0,0,0,0,0,0,0,0,0,0,0,0,0,0,0,0,0,0,0,0,0,88097
1,1,1,1,987,349,-2003,14,4,7,-25,45,124,0,0,0,0,0,0,0,0,0,0,0,0,0,0,0,0,0,0,0,0,0,0,88107
1,1,1,1,988,347,-2006,6,-3,8,-27,45,124,0,0,0,0,0,0,0,0,0,0,0,0,0,0,0,0,0,0,0,0,0,0,88117
1,1,1,1,984,350,-2004,1,-7,8,-27,45,123,0,0,0,0,0,0,0,0,0,0,0,0,0,0,0,0,0,0,0,0,0,0,88127
1,1,1,1,985,350,-2001,6,-7,11,-26,46,123,0,0,0,0,0,0,0,0,0,0,0,0,0,0,0,0,0,0,0,0,0,0,88137
1,1,1,1,986,343,-1986,26,-8,12,-25,45,121,0,0,0,0,0,0,0,0,0,0,0,0,0,0,0,0,0,0,0,0,0,0,88147
1,1,1,1,983,348,-1994,36,-10,12,-25,46,124,0,0,0,0,0,0,0,0,0,0,0,0,0,0,0,0,0,0,0,0,0,0,88157
1,1,1,1,983,344,-1991,36,-9,11,-24,45,124,0,0,0,0,0,0,0,0,0,0,0,0,0,0,0,0,0,0,0,0,0,0,88167
1,1,1,1,983,340,-1987,28,-11,9,-25,45,125,0,0,0,0,0,0,0,0,0,0,0,0,0,0,0,0,0,0,0,0,0,0,88177
1,1,1,1,978,344,-1992,12,-11,9,-23,45,124,0,0,0,0,0,0,0,0,0,0,0,0,0,0,0,0,0,0,0,0,0,0,88187
1,1,1,1,985,351,-2003,5,0,10,-29,48,125,0,0,0,0,0,0,0,0,0,0,0,0,0,0,0,0,0,0,0,0,0,0,88197
1,1,1,1,988,346,-1996,-7,5,9,-25,45,122,0,0,0,0,0,0,0,0,0,0,0,0,0,0,0,0,0,0,0,0,0,0,88207
1,1,1,1,997,350,-1993,-15,-1,8,-24,45,126,0,0,0,0,0,0,0,0,0,0,0,0,0,0,0,0,0,0,0,0,0,0,88217
1,1,1,1,994,348,-1989,-9,4,10,-24,44,124,0,0,0,0,0,0,0,0,0,0,0,0,0,0,0,0,0,0,0,0,0,0,88227
1,1,1,1,1001,348,-1989,0,7,10,-23,42,121,0,0,0,0,0,0,0,0,0,0,0,0,0,0,0,0,0,0,0,0,0,0,88237
1,1,1,1,1002,347,-1989,-6,5,7,-28,46,122,0,0,0,0,0,0,0,0,0,0,0,0,0,0,0,0,0,0,0,0,0,0,88247
1,1,1,1,994,351,-1991,-9,4,5,-27,44,121,0,0,0,0,0,0,0,0,0,0,0,0,0,0,0,0,0,0,0,0,0,0,88257
1,1,1,1,988,353,-1990,-2,7,4,-27,45,121,0,0,0,0,0,0,0,0,0,0,0,0,0,0,0,0,0,0,0,0,0,0,88267
1,1,1,1,992,353,-1985,7,7,6,-27,48,124,0,0,0,0,0,0,0,0,0,0,0,0,0,0,0,0,0,0,0,0,0,0,88277
1,1,1,1,988,353,-1996,9,4,8,-26,45,122,0,0,0,0,0,0,0,0,0,0,0,0,0,0,0,0,0,0,0,0,0,0,88287
1,1,1,1,990,342,-1995,6,-5,8,-25,46,124,0,0,0,0,0,0,0,0,0,0,0,0,0,0,0,0,0,0,0,0,0,0,88297
1,1,1,1,995,340,-1996,3,-2,9,-24,45,123,0,0,0,0,0,0,0,0,0,0,0,0,0,0,0,0,0,0,0,0,0,0,88307
1,1,1,1,991,342,-2007,-11,-16,10,-26,45,122,0,0,0,0,0,0,0,0,0,0,0,0,0,0,0,0,0,0,0,0,0,0,88317
1,1,1,1,998,342,-2007,-10,-19,10,-27,46,123,0,0,0,0,0,0,0,0,0,0,0,0,0,0,0,0,0,0,0,0,0,0,88327
1,1,1,1,997,344,-2002,-8,-17,9,-26,44,124,0,0,0,0,0,0,0,0,0,0,0,0,0,0,0,0,0,0,0,0,0,0,88337
1,1,1,1,991,349,-2009,-11,-21,9,-28,45,124,0,0,0,0,0,0,0,0,0,0,0,0,0,0,0,0,0,0,0,0,0,0,88347
1,1,1,1,991,351,-2000,-11,-22,6,-28,45,125,0,0,0,0,0,0,0,0,0,0,0,0,0,0,0,0,0,0,0,0,0,0,88357
1,1,1,1,992,353,-1992,-9,-19,5,-27,46,121,0,0,0,0,0,0,0,0,0,0,0,0,0,0,0,0,0,0,0,0,0,0,88367
1,1,1,1,990,348,-1989,-5,-12,5,-27,45,125,0,0,0,0,0,0,0,0,0,0,0,0,0,0,0,0,0,0,0,0,0,0,88377
1,1,1,1,987,353,-1987,-9,-12,5,-27,46,121,0,0,0,0,0,0,0,0,0,0,0,0,0,0,0,0,0,0,0,0,0,0,88387
1,1,1,1,990,352,-1972,-1,-15,3,-26,44,121,0,0,0,0,0,0,0,0,0,0,0,0,0,0,0,0,0,0,0,0,0,0,88397
1,1,1,1,993,354,-1975,11,0,3,-27,45,122,0,0,0,0,0,0,0,0,0,0,0,0,0,0,0,0,0,0,0,0,0,0,88407
1,1,1,1,992,353,-1983,24,1,5,-28,46,122,0,0,0,0,0,0,0,0,0,0,0,0,0,0,0,0,0,0,0,0,0,0,88417
1,1,1,1,985,345,-1983,29,5,3,-25,45,123,0,0,0,0,0,0,0,0,0,0,0,0,0,0,0,0,0,0,0,0,0,0,88427
1,1,1,1,978,344,-1992,25,4,6,-27,44,125,0,0,0,0,0,0,0,0,0,0,0,0,0,0,0,0,0,0,0,0,0,0,88437
1,1,1,1,968,349,-2000,28,6,10,-27,45,124,0,0,0,0,0,0,0,0,0,0,0,0,0,0,0,0,0,0,0,0,0,0,88447
1,1,1,1,965,345,-2007,17,-3,13,-26,45,124,0,0,0,0,0,0,0,0,0,0,0,0,0,0,0,0,0,0,0,0,0,0,88457
1,1,1,1,977,342,-2011,16,-4,16,-27,45,125,0,0,0,0,0,0,0,0,0,0,0,0,0,0,0,0,0,0,0,0,0,0,88467
1,1,1,1,984,338,-1997,22,-2,18,-27,45,123,0,0,0,0,0,0,0,0,0,0,0,0,0,0,0,0,0,0,0,0,0,0,88477
1,1,1,1,996,345,-2001,14,-2,17,-27,45,128,0,0,0,0,0,0,0,0,0,0,0,0,0,0,0,0,0,0,0,0,0,0,88487
1,1,1,1,992,337,-2002,17,-3,15,-27,44,126,0,0,0,0,0,0,0,0,0,0,0,0,0,0,0,0,0,0,0,0,0,0,88497
1,1,1,1,990,350,-1995,19,-12,13,-28,44,125,0,0,0,0,0,0,0,0,0,0,0,0,0,0,0,0,0,0,0,0,0,0,88507
1,1,1,1,993,346,-2007,10,-6,13,-29,46,126,0,0,0,0,0,0,0,0,0,0,0,0,0,0,0,0,0,0,0,0,0,0,88517
1,1,1,1,982,351,-2003,4,-5,8,-27,45,123,0,0,0,0,0,0,0,0,0,0,0,0,0,0,0,0,0,0,0,0,0,0,88527
1,1,1,1,976,357,-2003,7,-6,10,-30,47,121,0,0,0,0,0,0,0,0,0,0,0,0,0,0,0,0,0,0,0,0,0,0,88537
1,1,1,1,989,351,-1997,4,-14,9,-30,47,123,0,0,0,0,0,0,0,0,0,0,0,0,0,0,0,0,0,0,0,0,0,0,88547
1,1,1,1,985,348,-1996,9,-2,11,-29,43,122,0,0,0,0,0,0,0,0,0,0,0,0,0,0,0,0,0,0,0,0,0,0,88557
1,1,1,1,982,341,-1995,1,-16,9,-32,49,125,0,0,0,0,0,0,0,0,0,0,0,0,0,0,0,0,0,0,0,0,0,0,88567
1,1,1,1,983,344,-1994,-5,-17,7,-28,45,124,0,0,0,0,0,0,0,0,0,0,0,0,0,0,0,0,0,0,0,0,0,0,88577
1,1,1,1,984,349,-1999,-6,-25,6,-25,41,124,0,0,0,0,0,0,0,0,0,0,0,0,0,0,0,0,0,0,0,0,0,0,88587
1,1,1,1,985,348,-1994,-1,-24,5,-26,45,126,0,0,0,0,0,0,0,0,0,0,0,0,0,0,0,0,0,0,0,0,0,0,88597
1,1,1,1,982,350,-1995,9,-14,4,-23,45,121,0,0,0,0,0,0,0,0,0,0,0,0,0,0,0,0,0,0,0,0,0,0,88607
1,1,1,1,978,349,-1993,16,-6,5,-26,44,125,0,0,0,0,0,0,0,0,0,0,0,0,0,0,0,0,0,0,0,0,0,0,88617
1,1,1,1,976,347,-1991,19,0,6,-25,45,124,0,0,0,0,0,0,0,0,0,0,0,0,0,0,0,0,0,0,0,0,0,0,88627
1,1,1,1,978,343,-1996,13,0,7,-27,46,124,0,0,0,0,0,0,0,0,0,0,0,0,0,0,0,0,0,0,0,0,0,0,88637
1,1,1,1,984,341,-1995,4,-3,5,-27,45,126,0,0,0,0,0,0,0,0,0,0,0,0,0,0,0,0,0,0,0,0,0,0,88647
1,1,1,1,989,333,-1997,-5,-3,3,-27,45,122,0,0,0,0,0,0,0,0,0,0,0,0,0,0,0,0,0,0,0,0,0,0,88657
1,1,1,1,979,347,-2000,-4,1,4,-26,44,123,0,0,0,0,0,0,0,0,0,0,0,0,0,0,0,0,0,0,0,0,0,0,88667
1,1,1,1,985,342,-1996,-5,4,3,-27,45,123,0,0,0,0,0,0,0,0,0,0,0,0,0,0,0,0,0,0,0,0,0,0,88677
1,1,1,1,982,342,-2002,-5,7,5,-25,45,122,0,0,0,0,0,0,0,0,0,0,0,0,0,0,0,0,0,0,0,0,0,0,88687
1,1,1,1,977,347,-1996,1,2,7,-27,46,122,0,0,0,0,0,0,0,0,0,0,0,0,0,0,0,0,0,0,0,0,0,0,88697
1,1,1,1,978,353,-1996,0,1,9,-26,45,122,0,0,0,0,0,0,0,0,0,0,0,0,0,0,0,0,0,0,0,0,0,0,88707
1,1,1,1,984,351,-1995,3,2,13,-27,44,122,0,0,0,0,0,0,0,0,0,0,0,0,0,0,0,0,0,0,0,0,0,0,88717
1,1,1,1,985,349,-1988,6,-4,10,-28,46,125,0,0,0,0,0,0,0,0,0,0,0,0,0,0,0,0,0,0,0,0,0,0,88727
1,1,1,1,983,351,-1983,3,-6,4,-27,46,124,0,0,0,0,0,0,0,0,0,0,0,0,0,0,0,0,0,0,0,0,0,0,88737
1,1,1,1,984,348,-1994,-1,-3,2,-26,44,125,0,0,0,0,0,0,0,0,0,0,0,0,0,0,0,0,0,0,0,0,0,0,88747
1,1,1,1,986,345,-1993,-2,-7,-2,-27,44,122,0,0,0,0,0,0,0,0,0,0,0,0,0,0,0,0,0,0,0,0,0,0,88757
1,1,1,1,983,342,-1995,-3,-5,-6,-27,45,123,0,0,0,0,0,0,0,0,0,0,0,0,0,0,0,0,0,0,0,0,0,0,88767
1,1,1,1,982,347,-1998,-3,-2,-3,-26,44,123,0,0,0,0,0,0,0,0,0,0,0,0,0,0,0,0,0,0,0,0,0,0,88777
1,1,1,1,987,348,-1988,-4,-2,-1,-24,45,122,0,0,0,0,0,0,0,0,0,0,0,0,0,0,0,0,0,0,0,0,0,0,88787
1,1,1,1,983,357,-1988,2,0,-2,-24,44,123,0,0,0,0,0,0,0,0,0,0,0,0,0,0,0,0,0,0,0,0,0,0,88797
1,1,1,1,982,358,-1988,7,6,1,-26,44,125,0,0,0,0,0,0,0,0,0,0,0,0,0,0,0,0,0,0,0,0,0,0,88807
1,1,1,1,986,352,-1993,7,-3,-1,-28,48,126,0,0,0,0,0,0,0,0,0,0,0,0,0,0,0,0,0,0,0,0,0,0,88817
1,1,1,1,983,353,-1996,13,-1,0,-28,47,127,0,0,0,0,0,0,0,0,0,0,0,0,0,0,0,0,0,0,0,0,0,0,88827
1,1,1,1,985,347,-1997,13,0,4,-28,47,123,0,0,0,0,0,0,0,0,0,0,0,0,0,0,0,0,0,0,0,0,0,0,88837
1,1,1,1,988,343,-2001,6,-9,6,-26,43,124,0,0,0,0,0,0,0,0,0,0,0,0,0,0,0,0,0,0,0,0,0,0,88847
1,1,1,1,981,345,-2007,4,-6,6,-29,46,123,0,0,0,0,0,0,0,0,0,0,0,0,0,0,0,0,0,0,0,0,0,0,88857
1,1,1,1,983,345,-2008,3,-4,6,-28,45,121,0,0,0,0,0,0,0,0,0,0,0,0,0,0,0,0,0,0,0,0,0,0,88867
1,1,1,1,987,344,-2002,-3,-5,5,-29,45,124,0,0,0,0,0,0,0,0,0,0,0,0,0,0,0,0,0,0,0,0,0,0,88877
1,1,1,1,990,342,-1992,-2,3,4,-29,47,125,0,0,0,0,0,0,0,0,0,0,0,0,0,0,0,0,0,0,0,0,0,0,88887
1,1,1,1,989,341,-1989,-6,4,4,-26,45,120,0,0,0,0,0,0,0,0,0,0,0,0,0,0,0,0,0,0,0,0,0,0,88897
1,1,1,1,989,345,-1987,-4,4,2,-27,45,122,0,0,0,0,0,0,0,0,0,0,0,0,0,0,0,0,0,0,0,0,0,0,88907
1,1,1,1,985,348,-1989,4,9,-1,-26,43,123,0,0,0,0,0,0,0,0,0,0,0,0,0,0,0,0,0,0,0,0,0,0,88917
1,1,1,1,982,346,-1989,8,11,0,-27,45,123,0,0,0,0,0,0,0,0,0,0,0,0,0,0,0,0,0,0,0,0,0,0,88927
1,1,1,1,974,342,-1995,7,15,0,-28,45,123,0,0,0,0,0,0,0,0,0,0,0,0,0,0,0,0,0,0,0,0,0,0,88937
1,1,1,1,972,356,-1987,4,9,2,-30,46,124,0,0,0,0,0,0,0,0,0,0,0,0,0,0,0,0,0,0,0,0,0,0,88947
1,1,1,1,975,351,-1994,10,12,9,-29,44,123,0,0,0,0,0,0,0,0,0,0,0,0,0,0,0,0,0,0,0,0,0,0,88957
1,1,1,1,984,340,-1996,2,9,11,-28,44,124,0,0,0,0,0,0,0,0,0,0,0,0,0,0,0,0,0,0,0,0,0,0,88967
1,1,1,1,986,340,-2003,-9,0,8,-28,44,123,0,0,0,0,0,0,0,0,0,0,0,0,0,0,0,0,0,0,0,0,0,0,88977
1,1,1,1,984,347,-2003,-11,-4,7,-29,44,123,0,0,0,0,0,0,0,0,0,0,0,0,0,0,0,0,0,0,0,0,0,0,88987
1,1,1,1,989,350,-2000,-7,3,7,-29,45,124,0,0,0,0,0,0,0,0,0,0,0,0,0,0,0,0,0,0,0,0,0,0,88997
1,1,1,1,998,351,-2013,-9,5,1,-28,44,124,0,0,0,0,0,0,0,0,0,0,0,0,0,0,0,0,0,0,0,0,0,0,89007
1,1,1,1,997,353,-2003,-9,4,0,-29,45,122,0,0,0,0,0,0,0,0,0,0,0,0,0,0,0,0,0,0,0,0,0,0,89017
1,1,1,1,1005,348,-1999,1,6,3,-30,45,122,0,0,0,0,0,0,0,0,0,0,0,0,0,0,0,0,0,0,0,0,0,0,89027
1,1,1,1,1004,346,-2005,7,-1,-2,-30,45,125,0,0,0,0,0,0,0,0,0,0,0,0,0,0,0,0,0,0,0,0,0,0,89037
1,1,1,1,994,350,-2002,9,-3,0,-31,45,123,0,0,0,0,0,0,0,0,0,0,0,0,0,0,0,0,0,0,0,0,0,0,89047
1,1,1,1,990,348,-2001,9,-9,3,-30,44,124,0,0,0,0,0,0,0,0,0,0,0,0,0,0,0,0,0,0,0,0,0,0,89057
1,1,1,1,981,349,-2005,7,-17,6,-28,45,123,0,0,0,0,0,0,0,0,0,0,0,0,0,0,0,0,0,0,0,0,0,0,89067
1,1,1,1,979,358,-1992,7,-19,7,-28,45,126,0,0,0,0,0,0,0,0,0,0,0,0,0,0,0,0,0,0,0,0,0,0,89077
1,1,1,1,984,353,-1993,7,-20,10,-29,45,124,0,0,0,0,0,0,0,0,0,0,0,0,0,0,0,0,0,0,0,0,0,0,89087
1,1,1,1,986,346,-1997,3,-19,8,-29,45,124,0,0,0,0,0,0,0,0,0,0,0,0,0,0,0,0,0,0,0,0,0,0,89097
1,1,1,1,993,351,-1989,1,-18,5,-30,45,124,0,0,0,0,0,0,0,0,0,0,0,0,0,0,0,0,0,0,0,0,0,0,89107
1,1,1,1,991,349,-1999,6,-7,6,-32,45,124,0,0,0,0,0,0,0,0,0,0,0,0,0,0,0,0,0,0,0,0,0,0,89117
1,1,1,1,989,354,-1999,7,-11,6,-29,43,121,0,0,0,0,0,0,0,0,0,0,0,0,0,0,0,0,0,0,0,0,0,0,89127
1,1,1,1,997,349,-1997,7,-11,3,-30,43,124,0,0,0,0,0,0,0,0,0,0,0,0,0,0,0,0,0,0,0,0,0,0,89137
1,1,1,1,993,347,-1998,8,-11,1,-30,45,123,0,0,0,0,0,0,0,0,0,0,0,0,0,0,0,0,0,0,0,0,0,0,89147
1,1,1,1,991,344,-1987,5,-12,1,-30,46,121,0,0,0,0,0,0,0,0,0,0,0,0,0,0,0,0,0,0,0,0,0,0,89157
1,1,1,1,982,344,-1984,-9,-13,0,-29,45,122,0,0,0,0,0,0,0,0,0,0,0,0,0,0,0,0,0,0,0,0,0,0,89167
1,1,1,1,977,348,-1980,-15,-13,2,-31,44,121,0,0,0,0,0,0,0,0,0,0,0,0,0,0,0,0,0,0,0,0,0,0,89177
1,1,1,1,978,352,-1982,-16,-9,7,-28,44,122,0,0,0,0,0,0,0,0,0,0,0,0,0,0,0,0,0,0,0,0,0,0,89187
1,1,1,1,982,349,-1993,-7,-12,8,-29,43,122,0,0,0,0,0,0,0,0,0,0,0,0,0,0,0,0,0,0,0,0,0,0,89197
1,1,1,1,986,352,-1995,5,-11,2,-28,43,123,0,0,0,0,0,0,0,0,0,0,0,0,0,0,0,0,0,0,0,0,0,0,89207
1,1,1,1,995,334,-1983,20,-4,2,-28,44,125,0,0,0,0,0,0,0,0,0,0,0,0,0,0,0,0,0,0,0,0,0,0,89217
1,1,1,1,989,351,-1993,23,-6,-3,-28,44,125,0,0,0,0,0,0,0,0,0,0,0,0,0,0,0,0,0,0,0,0,0,0,89227
1,1,1,1,975,369,-1993,11,-8,-3,-27,44,124,0,0,0,0,0,0,0,0,0,0,0,0,0,0,0,0,0,0,0,0,0,0,89237
1,1,1,1,976,354,-1988,11,-5,-4,-30,43,127,0,0,0,0,0,0,0,0,0,0,0,0,0,0,0,0,0,0,0,0,0,0,89247
1,1,1,1,962,366,-2000,11,-6,-7,-31,43,125,0,0,0,0,0,0,0,0,0,0,0,0,0,0,0,0,0,0,0,0,0,0,89257
1,1,1,1,969,361,-1995,15,-1,-5,-30,44,124,0,0,0,0,0,0,0,0,0,0,0,0,0,0,0,0,0,0,0,0,0,0,89267
1,1,1,1,982,357,-2001,17,-2,-5,-27,43,125,0,0,0,0,0,0,0,0,0,0,0,0,0,0,0,0,0,0,0,0,0,0,89277
1,1,1,1,985,353,-1998,18,-7,-4,-26,44,126,0,0,0,0,0,0,0,0,0,0,0,0,0,0,0,0,0,0,0,0,0,0,89287
1,1,1,1,991,342,-2002,13,-13,-4,-28,44,123,0,0,0,0,0,0,0,0,0,0,0,0,0,0,0,0,0,0,0,0,0,0,89297
1,1,1,1,986,345,-2014,4,-10,-2,-29,44,125,0,0,0,0,0,0,0,0,0,0,0,0,0,0,0,0,0,0,0,0,0,0,89307
1,1,1,1,977,342,-1998,-4,-10,0,-29,45,124,0,0,0,0,0,0,0,0,0,0,0,0,0,0,0,0,0,0,0,0,0,0,89317
1,1,1,1,977,342,-1998,-11,-10,1,-28,43,122,0,0,0,0,0,0,0,0,0,0,0,0,0,0,0,0,0,0,0,0,0,0,89327
1,1,1,1,976,352,-1997,-7,-5,2,-32,44,123,0,0,0,0,0,0,0,0,0,0,0,0,0,0,0,0,0,0,0,0,0,0,89337
1,1,1,1,980,348,-1999,-3,-9,1,-32,44,123,0,0,0,0,0,0,0,0,0,0,0,0,0,0,0,0,0,0,0,0,0,0,89347
1,1,1,1,980,348,-2001,3,-14,-1,-30,45,122,0,0,0,0,0,0,0,0,0,0,0,0,0,0,0,0,0,0,0,0,0,0,89357
1,1,1,1,975,349,-2004,4,-19,-1,-29,45,125,0,0,0,0,0,0,0,0,0,0,0,0,0,0,0,0,0,0,0,0,0,0,89367
1,1,1,1,963,339,-2011,4,-16,1,-28,44,123,0,0,0,0,0,0,0,0,0,0,0,0,0,0,0,0,0,0,0,0,0,0,89377
1,1,1,1,962,324,-2019,-4,-17,7,-26,44,123,0,0,0,0,0,0,0,0,0,0,0,0,0,0,0,0,0,0,0,0,0,0,89387
1,1,1,1,953,318,-2035,-15,-38,20,-26,46,122,0,0,0,0,0,0,0,0,0,0,0,0,0,0,0,0,0,0,0,0,0,0,89397
1,1,1,1,947,305,-2050,-25,-46,34,-28,46,121,0,0,0,0,0,0,0,0,0,0,0,0,0,0,0,0,0,0,0,0,0,0,89407
1,1,1,1,938,307,-2049,-26,-40,46,-28,45,122,0,0,0,0,0,0,0,0,0,0,0,0,0,0,0,0,0,0,0,0,0,0,89417
1,1,1,1,927,316,-2055,0,-24,55,-25,44,115,0,0,0,0,0,0,0,0,0,0,0,0,0,0,0,0,0,0,0,0,0,0,89427
1,1,1,1,926,337,-2055,49,21,58,-25,47,111,0,0,0,0,0,0,0,0,0,0,0,0,0,0,0,0,0,0,0,0,0,0,89437
1,1,1,1,918,349,-2029,81,73,73,-24,47,105,0,0,0,0,0,0,0,0,0,0,0,0,0,0,0,0,0,0,0,0,0,0,89447
1,1,1,1,923,342,-1976,74,119,114,-24,47,97,0,0,0,0,0,0,0,0,0,0,0,0,0,0,0,0,0,0,0,0,0,0,89457
1,1,1,1,900,362,-1952,65,156,171,-21,45,89,0,0,0,0,0,0,0,0,0,0,0,0,0,0,0,0,0,0,0,0,0,0,89467
1,1,1,1,883,359,-1906,74,172,226,-19,45,84,0,0,0,0,0,0,0,0,0,0,0,0,0,0,0,0,0,0,0,0,0,0,89477
1,1,1,1,884,317,-1841,113,161,269,-20,43,81,0,0,0,0,0,0,0,0,0,0,0,0,0,0,0,0,0,0,0,0,0,0,89487
1,1,1,1,896,310,-1866,162,174,328,-16,43,74,0,0,0,0,0,0,0,0,0,0,0,0,0,0,0,0,0,0,0,0,0,0,89497
1,1,1,1,885,287,-1833,223,108,366,-16,44,69,0,0,0,0,0,0,0,0,0,0,0,0,0,0,0,0,0,0,0,0,0,0,89507
1,1,1,1,922,215,-1828,296,57,385,-13,42,64,0,0,0,0,0,0,0,0,0,0,0,0,0,0,0,0,0,0,0,0,0,0,89517
1,1,1,1,901,230,-1930,362,69,428,-11,39,59,0,0,0,0,0,0,0,0,0,0,0,0,0,0,0,0,0,0,0,0,0,0,89527
1,1,1,1,873,221,-1997,404,103,485,-11,39,52,0,0,0,0,0,0,0,0,0,0,0,0,0,0,0,0,0,0,0,0,0,0,89537
1,1,1,1,788,207,-2036,431,137,587,-11,37,50,0,0,0,0,0,0,0,0,0,0,0,0,0,0,0,0,0,0,0,0,0,0,89547
1,1,1,1,707,257,-2077,432,189,749,-9,37,39,0,0,0,0,0,0,0,0,0,0,0,0,0,0,0,0,0,0,0,0,0,0,89557
1,1,1,1,765,234,-1889,410,37,907,-6,35,36,0,0,0,0,0,0,0,0,0,0,0,0,0,0,0,0,0,0,0,0,0,0,89567
1,1,1,1,821,59,-1962,373,-18,829,-5,33,34,0,0,0,0,0,0,0,0,0,0,0,0,0,0,0,0,0,0,0,0,0,0,89577
1,1,1,1,950,233,-2079,426,59,946,-4,33,30,0,0,0,0,0,0,0,0,0,0,0,0,0,0,0,0,0,0,0,0,0,0,89587
1,1,1,1,957,297,-2019,439,30,1067,-4,31,26,0,0,0,0,0,0,0,0,0,0,0,0,0,0,0,0,0,0,0,0,0,0,89597
1,1,1,1,1051,238,-1975,449,-38,1065,-2,32,28,0,0,0,0,0,0,0,0,0,0,0,0,0,0,0,0,0,0,0,0,0,0,89607
1,1,1,1,1147,228,-2004,524,-62,1057,-3,30,17,0,0,0,0,0,0,0,0,0,0,0,0,0,0,0,0,0,0,0,0,0,0,89617
1,1,1,1,1246,283,-1989,579,-112,1106,0,31,20,0,0,0,0,0,0,0,0,0,0,0,0,0,0,0,0,0,0,0,0,0,0,89627
1,1,1,1,1278,262,-2010,628,-135,1134,-2,29,21,0,0,0,0,0,0,0,0,0,0,0,0,0,0,0,0,0,0,0,0,0,0,89637
1,1,1,1,1365,190,-2124,671,-34,1123,-4,30,17,0,0,0,0,0,0,0,0,0,0,0,0,0,0,0,0,0,0,0,0,0,0,89647
1,1,1,1,1458,108,-2097,635,-18,1111,-1,32,19,0,0,0,0,0,0,0,0,0,0,0,0,0,0,0,0,0,0,0,0,0,0,89657
1,1,1,1,1500,37,-2039,548,-97,1027,-1,32,21,0,0,0,0,0,0,0,0,0,0,0,0,0,0,0,0,0,0,0,0,0,0,89667
1,1,1,1,1503,-23,-2102,477,-85,922,0,31,19,0,0,0,0,0,0,0,0,0,0,0,0,0,0,0,0,0,0,0,0,0,0,89677
1,1,1,1,1501,47,-2160,431,-67,937,-1,32,19,0,0,0,0,0,0,0,0,0,0,0,0,0,0,0,0,0,0,0,0,0,0,89687
1,1,1,1,1403,84,-2131,373,-96,996,-1,31,17,0,0,0,0,0,0,0,0,0,0,0,0,0,0,0,0,0,0,0,0,0,0,89697
1,1,1,1,1309,18,-2100,346,-138,954,0,30,17,0,0,0,0,0,0,0,0,0,0,0,0,0,0,0,0,0,0,0,0,0,0,89707
1,1,1,1,1281,25,-2113,334,-146,920,-2,31,17,0,0,0,0,0,0,0,0,0,0,0,0,0,0,0,0,0,0,0,0,0,0,89717
1,1,1,1,1236,72,-2095,326,-170,969,1,31,19,0,0,0,0,0,0,0,0,0,0,0,0,0,0,0,0,0,0,0,0,0,0,89727
1,1,1,1,1160,35,-2102,310,-199,984,-1,27,18,0,0,0,0,0,0,0,0,0,0,0,0,0,0,0,0,0,0,0,0,0,0,89737
1,1,1,1,1206,-12,-2196,247,-133,1002,-2,30,20,0,0,0,0,0,0,0,0,0,0,0,0,0,0,0,0,0,0,0,0,0,0,89747
1,1,1,1,1317,-18,-2101,175,-210,1086,-3,29,18,0,0,0,0,0,0,0,0,0,0,0,0,0,0,0,0,0,0,0,0,0,0,89757
1,1,1,1,1249,-64,-1957,-14,-466,1142,-5,30,10,0,0,0,0,0,0,0,0,0,0,0,0,0,0,0,0,0,0,0,0,0,0,89767
1,1,1,1,1312,-34,-1852,-166,-808,1191,-5,27,22,0,0,0,0,0,0,0,0,0,0,0,0,0,0,0,0,0,0,0,0,0,0,89777
1,1,1,1,1139,-312,-2100,-202,-856,902,-6,25,25,0,0,0,0,0,0,0,0,0,0,0,0,0,0,0,0,0,0,0,0,0,0,89787
1,1,1,1,1252,-290,-2282,-114,-670,655,-7,24,21,0,0,0,0,0,0,0,0,0,0,0,0,0,0,0,0,0,0,0,0,0,0,89797
1,1,1,1,1190,-230,-2357,-2,-393,539,-5,26,22,0,0,0,0,0,0,0,0,0,0,0,0,0,0,0,0,0,0,0,0,0,0,89807
1,1,1,1,1169,-157,-2222,68,-263,484,-4,25,17,0,0,0,0,0,0,0,0,0,0,0,0,0,0,0,0,0,0,0,0,0,0,89817
1,1,1,1,1116,-156,-2108,101,-265,434,-4,26,16,0,0,0,0,0,0,0,0,0,0,0,0,0,0,0,0,0,0,0,0,0,0,89827
1,1,1,1,1115,-123,-2055,120,-304,447,-2,27,12,0,0,0,0,0,0,0,0,0,0,0,0,0,0,0,0,0,0,0,0,0,0,89837
1,1,1,1,1131,-120,-2029,143,-397,515,-3,27,19,0,0,0,0,0,0,0,0,0,0,0,0,0,0,0,0,0,0,0,0,0,0,89847
1,1,1,1,1147,-143,-2052,107,-508,586,-6,28,17,0,0,0,0,0,0,0,0,0,0,0,0,0,0,0,0,0,0,0,0,0,0,89857
1,1,1,1,1153,-190,-2099,-2,-590,645,-5,29,14,0,0,0,0,0,0,0,0,0,0,0,0,0,0,0,0,0,0,0,0,0,0,89867
1,1,1,1,1158,-238,-2136,-125,-641,674,-4,28,17,0,0,0,0,0,0,0,0,0,0,0,0,0,0,0,0,0,0,0,0,0,0,89877
1,1,1,1,1104,-320,-2160,-196,-660,600,-3,27,19,0,0,0,0,0,0,0,0,0,0,0,0,0,0,0,0,0,0,0,0,0,0,89887
1,1,1,1,1084,-396,-2192,-217,-626,425,-3,26,21,0,0,0,0,0,0,0,0,0,0,0,0,0,0,0,0,0,0,0,0,0,0,89897
1,1,1,1,1051,-379,-2214,-212,-568,265,-1,27,18,0,0,0,0,0,0,0,0,0,0,0,0,0,0,0,0,0,0,0,0,0,0,89907
1,1,1,1,989,-355,-2267,-185,-477,123,-2,26,16,0,0,0,0,0,0,0,0,0,0,0,0,0,0,0,0,0,0,0,0,0,0,89917
1,1,1,1,949,-287,-2288,-148,-380,51,-2,27,16,0,0,0,0,0,0,0,0,0,0,0,0,0,0,0,0,0,0,0,0,0,0,89927
1,1,1,1,916,-234,-2303,-119,-280,46,-2,26,17,0,0,0,0,0,0,0,0,0,0,0,0,0,0,0,0,0,0,0,0,0,0,89937
1,1,1,1,893,-210,-2281,-104,-209,68,-4,27,18,0,0,0,0,0,0,0,0,0,0,0,0,0,0,0,0,0,0,0,0,0,0,89947
1,1,1,1,890,-224,-2239,-138,-194,76,-3,27,20,0,0,0,0,0,0,0,0,0,0,0,0,0,0,0,0,0,0,0,0,0,0,89957
1,1,1,1,912,-195,-2226,-197,-195,107,-3,27,14,0,0,0,0,0,0,0,0,0,0,0,0,0,0,0,0,0,0,0,0,0,0,89967
1,1,1,1,879,-205,-2203,-271,-221,124,-3,27,17,0,0,0,0,0,0,0,0,0,0,0,0,0,0,0,0,0,0,0,0,0,0,89977
1,1,1,1,881,-211,-2155,-327,-269,120,-2,27,18,0,0,0,0,0,0,0,0,0,0,0,0,0,0,0,0,0,0,0,0,0,0,89987
1,1,1,1,885,-179,-2143,-369,-323,144,-5,27,17,0,0,0,0,0,0,0,0,0,0,0,0,0,0,0,0,0,0,0,0,0,0,89997
1,1,1,1,870,-176,-2150,-403,-360,180,-6,27,18,0,0,0,0,0,0,0,0,0,0,0,0,0,0,0,0,0,0,0,0,0,0,90007
1,1,1,1,858,-168,-2166,-470,-386,199,-4,25,18,0,0,0,0,0,0,0,0,0,0,0,0,0,0,0,0,0,0,0,0,0,0,90017
1,1,1,1,848,-165,-2176,-381,-384,236,-6,27,20,0,0,0,0,0,0,0,0,0,0,0,0,0,0,0,0,0,0,0,0,0,0,90027
1,1,1,1,831,-162,-2185,-431,-395,283,-7,27,20,0,0,0,0,0,0,0,0,0,0,0,0,0,0,0,0,0,0,0,0,0,0,90037
1,1,1,1,805,-161,-2147,-517,-488,312,-6,26,19,0,0,0,0,0,0,0,0,0,0,0,0,0,0,0,0,0,0,0,0,0,0,90047
1,1,1,1,769,-153,-2191,-615,-576,348,-8,26,18,0,0,0,0,0,0,0,0,0,0,0,0,0,0,0,0,0,0,0,0,0,0,90057
1,1,1,1,728,-193,-2253,-614,-532,324,-12,23,27,0,0,0,0,0,0,0,0,0,0,0,0,0,0,0,0,0,0,0,0,0,0,90067
1,1,1,1,764,-323,-2420,-550,-334,138,-11,25,29,0,0,0,0,0,0,0,0,0,0,0,0,0,0,0,0,0,0,0,0,0,0,90077
1,1,1,1,831,-151,-2334,-457,-236,146,-9,26,24,0,0,0,0,0,0,0,0,0,0,0,0,0,0,0,0,0,0,0,0,0,0,90087
1,1,1,1,738,-97,-2222,-516,-232,188,-9,26,26,0,0,0,0,0,0,0,0,0,0,0,0,0,0,0,0,0,0,0,0,0,0,90097
1,1,1,1,756,-92,-2163,-569,-305,196,-9,25,23,0,0,0,0,0,0,0,0,0,0,0,0,0,0,0,0,0,0,0,0,0,0,90107
1,1,1,1,817,42,-2074,-561,-442,344,-9,27,22,0,0,0,0,0,0,0,0,0,0,0,0,0,0,0,0,0,0,0,0,0,0,90117
1,1,1,1,756,-51,-2084,-625,-509,381,-8,25,31,0,0,0,0,0,0,0,0,0,0,0,0,0,0,0,0,0,0,0,0,0,0,90127
1,1,1,1,845,-307,-2314,-585,-372,199,-11,26,37,0,0,0,0,0,0,0,0,0,0,0,0,0,0,0,0,0,0,0,0,0,0,90137
1,1,1,1,988,-206,-2284,-433,-222,127,-12,27,34,0,0,0,0,0,0,0,0,0,0,0,0,0,0,0,0,0,0,0,0,0,0,90147
1,1,1,1,898,-107,-2172,-458,-238,163,-14,27,36,0,0,0,0,0,0,0,0,0,0,0,0,0,0,0,0,0,0,0,0,0,0,90157
1,1,1,1,837,-125,-2172,-573,-308,126,-14,27,36,0,0,0,0,0,0,0,0,0,0,0,0,0,0,0,0,0,0,0,0,0,0,90167
1,1,1,1,850,-41,-2195,-573,-345,128,-14,25,37,0,0,0,0,0,0,0,0,0,0,0,0,0,0,0,0,0,0,0,0,0,0,90177
1,1,1,1,802,-46,-2261,-538,-290,138,-13,26,35,0,0,0,0,0,0,0,0,0,0,0,0,0,0,0,0,0,0,0,0,0,0,90187
1,1,1,1,833,-25,-2239,-473,-234,147,-14,26,35,0,0,0,0,0,0,0,0,0,0,0,0,0,0,0,0,0,0,0,0,0,0,90197
1,1,1,1,837,-69,-2187,-389,-229,146,-12,25,36,0,0,0,0,0,0,0,0,0,0,0,0,0,0,0,0,0,0,0,0,0,0,90207
1,1,1,1,896,-103,-2149,-299,-234,96,-10,26,30,0,0,0,0,0,0,0,0,0,0,0,0,0,0,0,0,0,0,0,0,0,0,90217
1,1,1,1,898,-93,-2138,-211,-263,56,-9,24,29,0,0,0,0,0,0,0,0,0,0,0,0,0,0,0,0,0,0,0,0,0,0,90227
1,1,1,1,874,-81,-2142,-128,-272,18,-9,22,27,0,0,0,0,0,0,0,0,0,0,0,0,0,0,0,0,0,0,0,0,0,0,90237
1,1,1,1,767,22,-2156,-27,-249,-7,-9,20,22,0,0,0,0,0,0,0,0,0,0,0,0,0,0,0,0,0,0,0,0,0,0,90247
1,1,1,1,659,165,-2243,28,-158,56,-9,16,10,0,0,0,0,0,0,0,0,0,0,0,0,0,0,0,0,0,0,0,0,0,0,90257
1,1,1,1,674,185,-2264,15,-49,142,-13,14,5,0,0,0,0,0,0,0,0,0,0,0,0,0,0,0,0,0,0,0,0,0,0,90267
1,1,1,1,663,44,-2151,-89,-121,80,-15,11,11,0,0,0,0,0,0,0,0,0,0,0,0,0,0,0,0,0,0,0,0,0,0,90277
1,1,1,1,739,67,-2238,-93,-123,77,-16,12,20,0,0,0,0,0,0,0,0,0,0,0,0,0,0,0,0,0,0,0,0,0,0,90287
1,1,1,1,747,49,-2249,-108,-143,46,-16,12,24,0,0,0,0,0,0,0,0,0,0,0,0,0,0,0,0,0,0,0,0,0,0,90297
1,1,1,1,787,21,-2265,-180,-174,23,-15,12,25,0,0,0,0,0,0,0,0,0,0,0,0,0,0,0,0,0,0,0,0,0,0,90307
1,1,1,1,853,-11,-2285,-250,-194,19,-18,13,29,0,0,0,0,0,0,0,0,0,0,0,0,0,0,0,0,0,0,0,0,0,0,90317
1,1,1,1,871,-11,-2268,-320,-210,29,-19,12,25,0,0,0,0,0,0,0,0,0,0,0,0,0,0,0,0,0,0,0,0,0,0,90327
1,1,1,1,882,-14,-2243,-384,-238,50,-21,14,32,0,0,0,0,0,0,0,0,0,0,0,0,0,0,0,0,0,0,0,0,0,0,90337
1,1,1,1,907,42,-2224,-404,-239,100,-22,14,28,0,0,0,0,0,0,0,0,0,0,0,0,0,0,0,0,0,0,0,0,0,0,90347
1,1,1,1,870,11,-2168,-426,-296,188,-25,14,45,0,0,0,0,0,0,0,0,0,0,0,0,0,0,0,0,0,0,0,0,0,0,90357
1,1,1,1,907,-118,-2270,-389,-251,80,-26,13,41,0,0,0,0,0,0,0,0,0,0,0,0,0,0,0,0,0,0,0,0,0,0,90367
1,1,1,1,937,9,-2176,-313,-290,172,-27,14,41,0,0,0,0,0,0,0,0,0,0,0,0,0,0,0,0,0,0,0,0,0,0,90377
1,1,1,1,791,-30,-2250,-308,-304,130,-27,13,45,0,0,0,0,0,0,0,0,0,0,0,0,0,0,0,0,0,0,0,0,0,0,90387
1,1,1,1,799,144,-2233,-307,-328,184,-30,12,47,0,0,0,0,0,0,0,0,0,0,0,0,0,0,0,0,0,0,0,0,0,0,90397
1,1,1,1,679,-35,-2303,-376,-305,54,-29,13,52,0,0,0,0,0,0,0,0,0,0,0,0,0,0,0,0,0,0,0,0,0,0,90407
1,1,1,1,839,36,-2277,-354,-275,-4,-30,12,51,0,0,0,0,0,0,0,0,0,0,0,0,0,0,0,0,0,0,0,0,0,0,90417
1,1,1,1,731,66,-2213,-385,-281,-20,-30,13,53,0,0,0,0,0,0,0,0,0,0,0,0,0,0,0,0,0,0,0,0,0,0,90427
1,1,1,1,749,117,-2187,-374,-294,-5,-30,12,57,0,0,0,0,0,0,0,0,0,0,0,0,0,0,0,0,0,0,0,0,0,0,90437
1,1,1,1,731,85,-2213,-317,-292,3,-32,12,56,0,0,0,0,0,0,0,0,0,0,0,0,0,0,0,0,0,0,0,0,0,0,90447
1,1,1,1,759,90,-2211,-241,-270,-3,-32,12,58,0,0,0,0,0,0,0,0,0,0,0,0,0,0,0,0,0,0,0,0,0,0,90457
1,1,1,1,725,82,-2226,-204,-256,-11,-33,11,59,0,0,0,0,0,0,0,0,0,0,0,0,0,0,0,0,0,0,0,0,0,0,90467
1,1,1,1,717,94,-2235,-175,-236,-14,-33,12,64,0,0,0,0,0,0,0,0,0,0,0,0,0,0,0,0,0,0,0,0,0,0,90477
1,1,1,1,692,112,-2214,-153,-215,10,-33,12,65,0,0,0,0,0,0,0,0,0,0,0,0,0,0,0,0,0,0,0,0,0,0,90487
1,1,1,1,726,119,-2197,-142,-210,26,-34,13,64,0,0,0,0,0,0,0,0,0,0,0,0,0,0,0,0,0,0,0,0,0,0,90497
1,1,1,1,716,98,-2199,-135,-184,29,-34,14,66,0,0,0,0,0,0,0,0,0,0,0,0,0,0,0,0,0,0,0,0,0,0,90507
1,1,1,1,722,113,-2209,-137,-155,28,-33,15,59,0,0,0,0,0,0,0,0,0,0,0,0,0,0,0,0,0,0,0,0,0,0,90517
1,1,1,1,695,212,-2084,-165,-237,141,-37,12,77,0,0,0,0,0,0,0,0,0,0,0,0,0,0,0,0,0,0,0,0,0,0,90527
1,1,1,1,632,-10,-2363,-148,-85,6,-35,15,67,0,0,0,0,0,0,0,0,0,0,0,0,0,0,0,0,0,0,0,0,0,0,90537
1,1,1,1,747,121,-2163,-107,-92,37,-36,14,68,0,0,0,0,0,0,0,0,0,0,0,0,0,0,0,0,0,0,0,0,0,0,90547
1,1,1,1,612,116,-2212,-148,-100,49,-36,14,75,0,0,0,0,0,0,0,0,0,0,0,0,0,0,0,0,0,0,0,0,0,0,90557
1,1,1,1,612,116,-2212,-116,-86,44,-34,14,76,0,0,0,0,0,0,0,0,0,0,0,0,0,0,0,0,0,0,0,0,0,0,90567
1,1,1,1,672,115,-2215,-114,-72,37,-33,14,78,0,0,0,0,0,0,0,0,0,0,0,0,0,0,0,0,0,0,0,0,0,0,90577
1,1,1,1,642,111,-2217,-105,-72,36,-34,15,79,0,0,0,0,0,0,0,0,0,0,0,0,0,0,0,0,0,0,0,0,0,0,90587
1,1,1,1,668,125,-2225,-117,-73,38,-35,16,81,0,0,0,0,0,0,0,0,0,0,0,0,0,0,0,0,0,0,0,0,0,0,90597
1,1,1,1,681,130,-2235,-143,-69,43,-36,17,81,0,0,0,0,0,0,0,0,0,0,0,0,0,0,0,0,0,0,0,0,0,0,90607
1,1,1,1,689,142,-2239,-183,-67,50,-38,16,81,0,0,0,0,0,0,0,0,0,0,0,0,0,0,0,0,0,0,0,0,0,0,90617
1,1,1,1,711,132,-2243,-254,-66,55,-39,20,81,0,0,0,0,0,0,0,0,0,0,0,0,0,0,0,0,0,0,0,0,0,0,90627
1,1,1,1,733,104,-2226,-273,-58,53,-34,16,84,0,0,0,0,0,0,0,0,0,0,0,0,0,0,0,0,0,0,0,0,0,0,90637
1,1,1,1,729,123,-2201,-214,-36,61,-33,18,87,0,0,0,0,0,0,0,0,0,0,0,0,0,0,0,0,0,0,0,0,0,0,90647
1,1,1,1,700,147,-2202,-152,-7,84,-36,18,86,0,0,0,0,0,0,0,0,0,0,0,0,0,0,0,0,0,0,0,0,0,0,90657
1,1,1,1,703,153,-2179,-131,-20,104,-35,19,89,0,0,0,0,0,0,0,0,0,0,0,0,0,0,0,0,0,0,0,0,0,0,90667
1,1,1,1,697,101,-2221,-134,-11,78,-36,20,89,0,0,0,0,0,0,0,0,0,0,0,0,0,0,0,0,0,0,0,0,0,0,90677
1,1,1,1,713,111,-2240,-162,-30,70,-35,20,91,0,0,0,0,0,0,0,0,0,0,0,0,0,0,0,0,0,0,0,0,0,0,90687
1,1,1,1,674,153,-2221,-211,-51,62,-37,22,91,0,0,0,0,0,0,0,0,0,0,0,0,0,0,0,0,0,0,0,0,0,0,90697
1,1,1,1,657,153,-2229,-218,-47,43,-34,19,89,0,0,0,0,0,0,0,0,0,0,0,0,0,0,0,0,0,0,0,0,0,0,90707
1,1,1,1,658,177,-2216,-206,-50,33,-33,22,92,0,0,0,0,0,0,0,0,0,0,0,0,0,0,0,0,0,0,0,0,0,0,90717
1,1,1,1,649,198,-2224,-178,-40,21,-31,20,94,0,0,0,0,0,0,0,0,0,0,0,0,0,0,0,0,0,0,0,0,0,0,90727
1,1,1,1,663,213,-2226,-164,-33,25,-32,22,94,0,0,0,0,0,0,0,0,0,0,0,0,0,0,0,0,0,0,0,0,0,0,90737
1,1,1,1,671,209,-2228,-164,-30,41,-31,23,96,0,0,0,0,0,0,0,0,0,0,0,0,0,0,0,0,0,0,0,0,0,0,90747
1,1,1,1,689,176,-2209,-154,-27,32,-33,24,94,0,0,0,0,0,0,0,0,0,0,0,0,0,0,0,0,0,0,0,0,0,0,90757
1,1,1,1,702,195,-2206,-131,-15,47,-34,24,96,0,0,0,0,0,0,0,0,0,0,0,0,0,0,0,0,0,0,0,0,0,0,90767
1,1,1,1,673,179,-2207,-130,-6,69,-32,24,96,0,0,0,0,0,0,0,0,0,0,0,0,0,0,0,0,0,0,0,0,0,0,90777
1,1,1,1,693,142,-2200,-124,-7,40,-33,24,95,0,0,0,0,0,0,0,0,0,0,0,0,0,0,0,0,0,0,0,0,0,0,90787
1,1,1,1,683,171,-2194,-117,-2,23,-32,25,93,0,0,0,0,0,0,0,0,0,0,0,0,0,0,0,0,0,0,0,0,0,0,90797
1,1,1,1,679,196,-2188,-115,-3,22,-30,26,96,0,0,0,0,0,0,0,0,0,0,0,0,0,0,0,0,0,0,0,0,0,0,90807
1,1,1,1,694,193,-2195,-124,-9,26,-32,26,93,0,0,0,0,0,0,0,0,0,0,0,0,0,0,0,0,0,0,0,0,0,0,90817
1,1,1,1,702,189,-2217,-127,-7,27,-31,26,95,0,0,0,0,0,0,0,0,0,0,0,0,0,0,0,0,0,0,0,0,0,0,90827
1,1,1,1,711,190,-2200,-112,-12,26,-31,27,100,0,0,0,0,0,0,0,0,0,0,0,0,0,0,0,0,0,0,0,0,0,0,90837
1,1,1,1,711,195,-2205,-95,-8,32,-35,29,103,0,0,0,0,0,0,0,0,0,0,0,0,0,0,0,0,0,0,0,0,0,0,90847
1,1,1,1,715,187,-2223,-88,-14,43,-32,29,105,0,0,0,0,0,0,0,0,0,0,0,0,0,0,0,0,0,0,0,0,0,0,90857
1,1,1,1,686,185,-2212,-96,-23,45,-32,30,105,0,0,0,0,0,0,0,0,0,0,0,0,0,0,0,0,0,0,0,0,0,0,90867
1,1,1,1,703,148,-2236,-92,-11,18,-32,29,104,0,0,0,0,0,0,0,0,0,0,0,0,0,0,0,0,0,0,0,0,0,0,90877
1,1,1,1,685,180,-2196,-108,-39,35,-31,31,104,0,0,0,0,0,0,0,0,0,0,0,0,0,0,0,0,0,0,0,0,0,0,90887
1,1,1,1,683,188,-2197,-115,-45,36,-31,31,103,0,0,0,0,0,0,0,0,0,0,0,0,0,0,0,0,0,0,0,0,0,0,90897
1,1,1,1,672,196,-2194,-115,-35,36,-31,30,105,0,0,0,0,0,0,0,0,0,0,0,0,0,0,0,0,0,0,0,0,0,0,90907
1,1,1,1,667,216,-2179,-118,-30,37,-31,30,105,0,0,0,0,0,0,0,0,0,0,0,0,0,0,0,0,0,0,0,0,0,0,90917
1,1,1,1,663,226,-2189,-105,-10,35,-33,30,102,0,0,0,0,0,0,0,0,0,0,0,0,0,0,0,0,0,0,0,0,0,0,90927
1,1,1,1,663,231,-2171,-83,-9,31,-31,31,105,0,0,0,0,0,0,0,0,0,0,0,0,0,0,0,0,0,0,0,0,0,0,90937
1,1,1,1,671,220,-2164,-75,-15,31,-29,29,106,0,0,0,0,0,0,0,0,0,0,0,0,0,0,0,0,0,0,0,0,0,0,90947
1,1,1,1,700,180,-2186,-95,-21,24,-31,31,107,0,0,0,0,0,0,0,0,0,0,0,0,0,0,0,0,0,0,0,0,0,0,90957
1,1,1,1,689,183,-2222,-92,-10,6,-32,30,107,0,0,0,0,0,0,0,0,0,0,0,0,0,0,0,0,0,0,0,0,0,0,90967
1,1,1,1,671,207,-2205,-97,-12,11,-33,31,106,0,0,0,0,0,0,0,0,0,0,0,0,0,0,0,0,0,0,0,0,0,0,90977
1,1,1,1,673,200,-2222,-107,-18,7,-32,29,105,0,0,0,0,0,0,0,0,0,0,0,0,0,0,0,0,0,0,0,0,0,0,90987
1,1,1,1,672,226,-2238,-122,-18,10,-34,32,105,0,0,0,0,0,0,0,0,0,0,0,0,0,0,0,0,0,0,0,0,0,0,90997
1,1,1,1,674,242,-2215,-123,-21,16,-32,33,107,0,0,0,0,0,0,0,0,0,0,0,0,0,0,0,0,0,0,0,0,0,0,91007
1,1,1,1,684,240,-2205,-134,-27,22,-31,31,105,0,0,0,0,0,0,0,0,0,0,0,0,0,0,0,0,0,0,0,0,0,0,91017
1,1,1,1,704,242,-2200,-154,-33,20,-30,31,109,0,0,0,0,0,0,0,0,0,0,0,0,0,0,0,0,0,0,0,0,0,0,91027
1,1,1,1,707,226,-2183,-149,-27,10,-30,31,108,0,0,0,0,0,0,0,0,0,0,0,0,0,0,0,0,0,0,0,0,0,0,91037
1,1,1,1,698,226,-2167,-119,-16,8,-32,31,109,0,0,0,0,0,0,0,0,0,0,0,0,0,0,0,0,0,0,0,0,0,0,91047
1,1,1,1,691,230,-2176,-91,-8,3,-31,30,109,0,0,0,0,0,0,0,0,0,0,0,0,0,0,0,0,0,0,0,0,0,0,91057
1,1,1,1,670,226,-2175,-85,-4,1,-31,31,108,0,0,0,0,0,0,0,0,0,0,0,0,0,0,0,0,0,0,0,0,0,0,91067
1,1,1,1,672,231,-2197,-79,5,3,-33,32,108,0,0,0,0,0,0,0,0,0,0,0,0,0,0,0,0,0,0,0,0,0,0,91077
1,1,1,1,657,240,-2195,-83,2,7,-35,30,107,0,0,0,0,0,0,0,0,0,0,0,0,0,0,0,0,0,0,0,0,0,0,91087
1,1,1,1,671,235,-2209,-124,-14,6,-33,31,107,0,0,0,0,0,0,0,0,0,0,0,0,0,0,0,0,0,0,0,0,0,0,91097
1,1,1,1,665,248,-2222,-139,-4,12,-33,31,106,0,0,0,0,0,0,0,0,0,0,0,0,0,0,0,0,0,0,0,0,0,0,91107
1,1,1,1,666,273,-2176,-122,-11,16,-32,31,105,0,0,0,0,0,0,0,0,0,0,0,0,0,0,0,0,0,0,0,0,0,0,91117
1,1,1,1,675,267,-2173,-97,-7,14,-30,30,106,0,0,0,0,0,0,0,0,0,0,0,0,0,0,0,0,0,0,0,0,0,0,91127
1,1,1,1,680,250,-2167,-83,-2,13,-30,30,106,0,0,0,0,0,0,0,0,0,0,0,0,0,0,0,0,0,0,0,0,0,0,91137
1,1,1,1,682,248,-2156,-48,2,12,-32,30,105,0,0,0,0,0,0,0,0,0,0,0,0,0,0,0,0,0,0,0,0,0,0,91147
1,1,1,1,676,254,-2170,-43,9,11,-33,31,108,0,0,0,0,0,0,0,0,0,0,0,0,0,0,0,0,0,0,0,0,0,0,91157
1,1,1,1,677,247,-2184,-49,8,11,-32,30,107,0,0,0,0,0,0,0,0,0,0,0,0,0,0,0,0,0,0,0,0,0,0,91167
1,1,1,1,673,257,-2190,-50,15,10,-31,30,105,0,0,0,0,0,0,0,0,0,0,0,0,0,0,0,0,0,0,0,0,0,0,91177
1,1,1,1,678,262,-2210,-74,17,14,-31,30,105,0,0,0,0,0,0,0,0,0,0,0,0,0,0,0,0,0,0,0,0,0,0,91187
1,1,1,1,689,259,-2223,-111,4,16,-31,30,107,0,0,0,0,0,0,0,0,0,0,0,0,0,0,0,0,0,0,0,0,0,0,91197
1,1,1,1,700,257,-2209,-124,-3,15,-29,30,107,0,0,0,0,0,0,0,0,0,0,0,0,0,0,0,0,0,0,0,0,0,0,91207
1,1,1,1,705,269,-2197,-105,-5,12,-31,31,107,0,0,0,0,0,0,0,0,0,0,0,0,0,0,0,0,0,0,0,0,0,0,91217
1,1,1,1,713,274,-2192,-93,-17,17,-31,31,110,0,0,0,0,0,0,0,0,0,0,0,0,0,0,0,0,0,0,0,0,0,0,91227
1,1,1,1,712,268,-2205,-79,-23,17,-32,32,106,0,0,0,0,0,0,0,0,0,0,0,0,0,0,0,0,0,0,0,0,0,0,91237
1,1,1,1,703,267,-2175,-64,-28,19,-30,30,109,0,0,0,0,0,0,0,0,0,0,0,0,0,0,0,0,0,0,0,0,0,0,91247
1,1,1,1,693,254,-2183,-54,-30,18,-32,31,111,0,0,0,0,0,0,0,0,0,0,0,0,0,0,0,0,0,0,0,0,0,0,91257
1,1,1,1,673,246,-2178,-51,-21,14,-33,36,113,0,0,0,0,0,0,0,0,0,0,0,0,0,0,0,0,0,0,0,0,0,0,91267
1,1,1,1,663,253,-2188,-92,-35,11,-31,32,110,0,0,0,0,0,0,0,0,0,0,0,0,0,0,0,0,0,0,0,0,0,0,91277
1,1,1,1,638,264,-2204,-113,-22,8,-32,32,107,0,0,0,0,0,0,0,0,0,0,0,0,0,0,0,0,0,0,0,0,0,0,91287
1,1,1,1,622,286,-2183,-107,-15,17,-33,32,109,0,0,0,0,0,0,0,0,0,0,0,0,0,0,0,0,0,0,0,0,0,0,91297
1,1,1,1,642,282,-2173,-99,-10,25,-30,31,109,0,0,0,0,0,0,0,0,0,0,0,0,0,0,0,0,0,0,0,0,0,0,91307
1,1,1,1,671,281,-2163,-82,-3,29,-30,31,109,0,0,0,0,0,0,0,0,0,0,0,0,0,0,0,0,0,0,0,0,0,0,91317
1,1,1,1,682,288,-2142,-31,18,33,-29,33,110,0,0,0,0,0,0,0,0,0,0,0,0,0,0,0,0,0,0,0,0,0,0,91327
1,1,1,1,689,287,-2131,7,25,28,-29,32,110,0,0,0,0,0,0,0,0,0,0,0,0,0,0,0,0,0,0,0,0,0,0,91337
1,1,1,1,692,281,-2143,2,23,24,-28,32,111,0,0,0,0,0,0,0,0,0,0,0,0,0,0,0,0,0,0,0,0,0,0,91347
1,1,1,1,683,285,-2180,-14,32,29,-28,32,111,0,0,0,0,0,0,0,0,0,0,0,0,0,0,0,0,0,0,0,0,0,0,91357
1,1,1,1,671,283,-2172,-25,39,25,-30,33,108,0,0,0,0,0,0,0,0,0,0,0,0,0,0,0,0,0,0,0,0,0,0,91367
1,1,1,1,671,280,-2183,-12,41,20,-29,32,109,0,0,0,0,0,0,0,0,0,0,0,0,0,0,0,0,0,0,0,0,0,0,91377
1,1,1,1,675,277,-2185,12,48,18,-30,33,105,0,0,0,0,0,0,0,0,0,0,0,0,0,0,0,0,0,0,0,0,0,0,91387
1,1,1,1,687,260,-2191,-13,33,23,-29,32,109,0,0,0,0,0,0,0,0,0,0,0,0,0,0,0,0,0,0,0,0,0,0,91397
1,1,1,1,695,253,-2220,-52,17,18,-28,31,108,0,0,0,0,0,0,0,0,0,0,0,0,0,0,0,0,0,0,0,0,0,0,91407
1,1,1,1,693,273,-2198,-66,2,15,-27,32,105,0,0,0,0,0,0,0,0,0,0,0,0,0,0,0,0,0,0,0,0,0,0,91417
1,1,1,1,692,278,-2205,-87,-13,18,-28,33,107,0,0,0,0,0,0,0,0,0,0,0,0,0,0,0,0,0,0,0,0,0,0,91427
1,1,1,1,691,290,-2200,-82,-12,18,-27,32,106,0,0,0,0,0,0,0,0,0,0,0,0,0,0,0,0,0,0,0,0,0,0,91437
1,1,1,1,694,297,-2184,-88,-31,17,-28,32,108,0,0,0,0,0,0,0,0,0,0,0,0,0,0,0,0,0,0,0,0,0,0,91447
1,1,1,1,689,296,-2190,-82,-37,10,-29,31,106,0,0,0,0,0,0,0,0,0,0,0,0,0,0,0,0,0,0,0,0,0,0,91457
1,1,1,1,681,302,-2167,-64,-36,3,-29,33,110,0,0,0,0,0,0,0,0,0,0,0,0,0,0,0,0,0,0,0,0,0,0,91467
1,1,1,1,691,285,-2181,-88,-41,-7,-27,32,108,0,0,0,0,0,0,0,0,0,0,0,0,0,0,0,0,0,0,0,0,0,0,91477
1,1,1,1,689,288,-2173,-96,-42,-10,-26,32,110,0,0,0,0,0,0,0,0,0,0,0,0,0,0,0,0,0,0,0,0,0,0,91487
1,1,1,1,682,301,-2150,-81,-36,-8,-29,33,111,0,0,0,0,0,0,0,0,0,0,0,0,0,0,0,0,0,0,0,0,0,0,91497
1,1,1,1,685,292,-2156,-83,-32,-2,-28,33,108,0,0,0,0,0,0,0,0,0,0,0,0,0,0,0,0,0,0,0,0,0,0,91507
1,1,1,1,685,295,-2181,-117,-35,2,-29,32,109,0,0,0,0,0,0,0,0,0,0,0,0,0,0,0,0,0,0,0,0,0,0,91517
1,1,1,1,680,309,-2155,-105,-33,4,-29,33,109,0,0,0,0,0,0,0,0,0,0,0,0,0,0,0,0,0,0,0,0,0,0,91527
1,1,1,1,672,319,-2157,-81,-27,7,-30,33,109,0,0,0,0,0,0,0,0,0,0,0,0,0,0,0,0,0,0,0,0,0,0,91537
1,1,1,1,674,317,-2171,-68,-10,3,-28,32,109,0,0,0,0,0,0,0,0,0,0,0,0,0,0,0,0,0,0,0,0,0,0,91547
1,1,1,1,668,316,-2158,-44,-5,2,-27,33,112,0,0,0,0,0,0,0,0,0,0,0,0,0,0,0,0,0,0,0,0,0,0,91557
1,1,1,1,672,311,-2150,-34,-5,1,-27,31,109,0,0,0,0,0,0,0,0,0,0,0,0,0,0,0,0,0,0,0,0,0,0,91567
1,1,1,1,681,303,-2156,-42,-12,-3,-32,34,111,0,0,0,0,0,0,0,0,0,0,0,0,0,0,0,0,0,0,0,0,0,0,91577
1,1,1,1,686,289,-2157,-55,-16,-3,-29,36,111,0,0,0,0,0,0,0,0,0,0,0,0,0,0,0,0,0,0,0,0,0,0,91587
1,1,1,1,676,299,-2162,-60,-19,-3,-31,37,112,0,0,0,0,0,0,0,0,0,0,0,0,0,0,0,0,0,0,0,0,0,0,91597
1,1,1,1,665,316,-2155,-59,-14,4,-27,36,111,0,0,0,0,0,0,0,0,0,0,0,0,0,0,0,0,0,0,0,0,0,0,91607
1,1,1,1,660,322,-2147,-43,-2,9,-27,34,108,0,0,0,0,0,0,0,0,0,0,0,0,0,0,0,0,0,0,0,0,0,0,91617
1,1,1,1,665,327,-2144,-43,-5,9,-24,34,111,0,0,0,0,0,0,0,0,0,0,0,0,0,0,0,0,0,0,0,0,0,0,91627
1,1,1,1,668,322,-2151,-47,2,8,-26,33,111,0,0,0,0,0,0,0,0,0,0,0,0,0,0,0,0,0,0,0,0,0,0,91637
1,1,1,1,676,328,-2153,-39,9,9,-27,35,111,0,0,0,0,0,0,0,0,0,0,0,0,0,0,0,0,0,0,0,0,0,0,91647
1,1,1,1,678,330,-2142,-26,12,9,-26,35,111,0,0,0,0,0,0,0,0,0,0,0,0,0,0,0,0,0,0,0,0,0,0,91657
1,1,1,1,678,321,-2156,-21,11,5,-28,36,112,0,0,0,0,0,0,0,0,0,0,0,0,0,0,0,0,0,0,0,0,0,0,91667
1,1,1,1,685,306,-2163,-13,19,7,-27,37,114,0,0,0,0,0,0,0,0,0,0,0,0,0,0,0,0,0,0,0,0,0,0,91677
1,1,1,1,693,303,-2156,-1,18,5,-28,37,115,0,0,0,0,0,0,0,0,0,0,0,0,0,0,0,0,0,0,0,0,0,0,91687
1,1,1,1,689,304,-2173,-10,7,0,-27,38,115,0,0,0,0,0,0,0,0,0,0,0,0,0,0,0,0,0,0,0,0,0,0,91697
1,1,1,1,679,311,-2182,-32,-1,6,-27,38,113,0,0,0,0,0,0,0,0,0,0,0,0,0,0,0,0,0,0,0,0,0,0,91707
1,1,1,1,667,329,-2184,-44,-1,17,-29,39,117,0,0,0,0,0,0,0,0,0,0,0,0,0,0,0,0,0,0,0,0,0,0,91717
1,1,1,1,670,329,-2168,-47,-1,17,-29,38,113,0,0,0,0,0,0,0,0,0,0,0,0,0,0,0,0,0,0,0,0,0,0,91727
1,1,1,1,672,332,-2166,-50,-9,15,-27,39,114,0,0,0,0,0,0,0,0,0,0,0,0,0,0,0,0,0,0,0,0,0,0,91737
1,1,1,1,676,331,-2159,-36,-3,15,-28,39,113,0,0,0,0,0,0,0,0,0,0,0,0,0,0,0,0,0,0,0,0,0,0,91747
1,1,1,1,670,334,-2166,-37,-11,17,-28,39,115,0,0,0,0,0,0,0,0,0,0,0,0,0,0,0,0,0,0,0,0,0,0,91757
1,1,1,1,666,332,-2162,-14,-3,17,-29,40,118,0,0,0,0,0,0,0,0,0,0,0,0,0,0,0,0,0,0,0,0,0,0,91767
1,1,1,1,672,328,-2156,-3,-1,15,-32,40,117,0,0,0,0,0,0,0,0,0,0,0,0,0,0,0,0,0,0,0,0,0,0,91777
1,1,1,1,674,327,-2158,-4,-2,12,-29,41,119,0,0,0,0,0,0,0,0,0,0,0,0,0,0,0,0,0,0,0,0,0,0,91787
1,1,1,1,681,330,-2155,-14,-10,10,-28,41,114,0,0,0,0,0,0,0,0,0,0,0,0,0,0,0,0,0,0,0,0,0,0,91797
1,1,1,1,685,327,-2153,-28,-13,11,-28,42,117,0,0,0,0,0,0,0,0,0,0,0,0,0,0,0,0,0,0,0,0,0,0,91807
1,1,1,1,693,315,-2158,-48,-11,9,-27,42,116,0,0,0,0,0,0,0,0,0,0,0,0,0,0,0,0,0,0,0,0,0,0,91817
1,1,1,1,687,320,-2158,-42,-2,5,-27,42,121,0,0,0,0,0,0,0,0,0,0,0,0,0,0,0,0,0,0,0,0,0,0,91827
1,1,1,1,683,325,-2153,-37,3,10,-28,42,120,0,0,0,0,0,0,0,0,0,0,0,0,0,0,0,0,0,0,0,0,0,0,91837
1,1,1,1,673,319,-2156,-34,1,7,-26,41,119,0,0,0,0,0,0,0,0,0,0,0,0,0,0,0,0,0,0,0,0,0,0,91847
1,1,1,1,660,328,-2147,-14,13,6,-29,44,120,0,0,0,0,0,0,0,0,0,0,0,0,0,0,0,0,0,0,0,0,0,0,91857
1,1,1,1,663,329,-2144,-18,4,3,-28,40,118,0,0,0,0,0,0,0,0,0,0,0,0,0,0,0,0,0,0,0,0,0,0,91867
1,1,1,1,666,331,-2156,-25,6,3,-28,41,119,0,0,0,0,0,0,0,0,0,0,0,0,0,0,0,0,0,0,0,0,0,0,91877
1,1,1,1,669,338,-2145,-17,13,7,-32,46,122,0,0,0,0,0,0,0,0,0,0,0,0,0,0,0,0,0,0,0,0,0,0,91887
1,1,1,1,678,338,-2144,-9,11,8,-30,44,119,0,0,0,0,0,0,0,0,0,0,0,0,0,0,0,0,0,0,0,0,0,0,91897
1,1,1,1,689,334,-2145,2,16,6,-29,44,121,0,0,0,0,0,0,0,0,0,0,0,0,0,0,0,0,0,0,0,0,0,0,91907
1,1,1,1,695,329,-2141,8,18,11,-31,48,121,0,0,0,0,0,0,0,0,0,0,0,0,0,0,0,0,0,0,0,0,0,0,91917
1,1,1,1,697,323,-2147,-9,14,15,-28,46,122,0,0,0,0,0,0,0,0,0,0,0,0,0,0,0,0,0,0,0,0,0,0,91927
1,1,1,1,700,319,-2156,-22,10,13,-27,45,121,0,0,0,0,0,0,0,0,0,0,0,0,0,0,0,0,0,0,0,0,0,0,91937
1,1,1,1,689,319,-2149,-35,1,8,-25,44,120,0,0,0,0,0,0,0,0,0,0,0,0,0,0,0,0,0,0,0,0,0,0,91947
1,1,1,1,689,325,-2163,-54,-1,4,-27,45,122,0,0,0,0,0,0,0,0,0,0,0,0,0,0,0,0,0,0,0,0,0,0,91957
1,1,1,1,678,331,-2169,-75,-3,1,-27,45,123,0,0,0,0,0,0,0,0,0,0,0,0,0,0,0,0,0,0,0,0,0,0,91967
1,1,1,1,680,338,-2158,-68,-4,1,-28,45,121,0,0,0,0,0,0,0,0,0,0,0,0,0,0,0,0,0,0,0,0,0,0,91977
1,1,1,1,676,335,-2158,-29,2,5,-27,46,121,0,0,0,0,0,0,0,0,0,0,0,0,0,0,0,0,0,0,0,0,0,0,91987
1,1,1,1,677,333,-2158,-4,-4,9,-28,45,122,0,0,0,0,0,0,0,0,0,0,0,0,0,0,0,0,0,0,0,0,0,0,91997
1,1,1,1,678,334,-2153,12,1,8,-23,45,122,0,0,0,0,0,0,0,0,0,0,0,0,0,0,0,0,0,0,0,0,0,0,92007
1,1,1,1,671,329,-2156,5,-6,11,-26,46,121,0,0,0,0,0,0,0,0,0,0,0,0,0,0,0,0,0,0,0,0,0,0,92017
1,1,1,1,682,331,-2159,-6,4,12,-24,45,120,0,0,0,0,0,0,0,0,0,0,0,0,0,0,0,0,0,0,0,0,0,0,92027
1,1,1,1,692,325,-2155,-19,1,5,-24,46,120,0,0,0,0,0,0,0,0,0,0,0,0,0,0,0,0,0,0,0,0,0,0,92037
1,1,1,1,683,337,-2156,-21,1,6,-26,45,120,0,0,0,0,0,0,0,0,0,0,0,0,0,0,0,0,0,0,0,0,0,0,92047
1,1,1,1,686,338,-2149,-4,9,5,-26,46,120,0,0,0,0,0,0,0,0,0,0,0,0,0,0,0,0,0,0,0,0,0,0,92057
1,1,1,1,689,339,-2139,6,5,5,-26,46,121,0,0,0,0,0,0,0,0,0,0,0,0,0,0,0,0,0,0,0,0,0,0,92067
1,1,1,1,689,336,-2150,9,-8,0,-26,46,121,0,0,0,0,0,0,0,0,0,0,0,0,0,0,0,0,0,0,0,0,0,0,92077
1,1,1,1,677,340,-2151,25,0,4,-23,45,121,0,0,0,0,0,0,0,0,0,0,0,0,0,0,0,0,0,0,0,0,0,0,92087
1,1,1,1,674,345,-2151,31,5,4,-25,46,122,0,0,0,0,0,0,0,0,0,0,0,0,0,0,0,0,0,0,0,0,0,0,92097
1,1,1,1,667,342,-2157,25,-1,4,-24,46,122,0,0,0,0,0,0,0,0,0,0,0,0,0,0,0,0,0,0,0,0,0,0,92107
1,1,1,1,668,344,-2155,24,0,7,-24,45,122,0,0,0,0,0,0,0,0,0,0,0,0,0,0,0,0,0,0,0,0,0,0,92117
1,1,1,1,686,328,-2150,24,6,10,-24,45,119,0,0,0,0,0,0,0,0,0,0,0,0,0,0,0,0,0,0,0,0,0,0,92127
1,1,1,1,695,326,-2153,19,2,7,-24,45,118,0,0,0,0,0,0,0,0,0,0,0,0,0,0,0,0,0,0,0,0,0,0,92137
1,1,1,1,693,322,-2151,21,5,10,-26,47,118,0,0,0,0,0,0,0,0,0,0,0,0,0,0,0,0,0,0,0,0,0,0,92147
1,1,1,1,690,321,-2153,17,-1,9,-24,44,120,0,0,0,0,0,0,0,0,0,0,0,0,0,0,0,0,0,0,0,0,0,0,92157
1,1,1,1,690,317,-2153,7,-1,6,-25,47,119,0,0,0,0,0,0,0,0,0,0,0,0,0,0,0,0,0,0,0,0,0,0,92167
1,1,1,1,678,323,-2162,5,0,2,-26,48,121,0,0,0,0,0,0,0,0,0,0,0,0,0,0,0,0,0,0,0,0,0,0,92177
1,1,1,1,668,336,-2161,7,-9,3,-26,47,122,0,0,0,0,0,0,0,0,0,0,0,0,0,0,0,0,0,0,0,0,0,0,92187
1,1,1,1,679,329,-2160,14,-2,7,-24,48,121,0,0,0,0,0,0,0,0,0,0,0,0,0,0,0,0,0,0,0,0,0,0,92197
1,1,1,1,695,323,-2154,3,-9,7,-25,49,123,0,0,0,0,0,0,0,0,0,0,0,0,0,0,0,0,0,0,0,0,0,0,92207
1,1,1,1,686,330,-2152,5,-8,7,-25,47,122,0,0,0,0,0,0,0,0,0,0,0,0,0,0,0,0,0,0,0,0,0,0,92217
1,1,1,1,683,334,-2148,1,-15,6,-20,45,119,0,0,0,0,0,0,0,0,0,0,0,0,0,0,0,0,0,0,0,0,0,0,92227
1,1,1,1,683,327,-2155,-9,-13,6,-21,45,120,0,0,0,0,0,0,0,0,0,0,0,0,0,0,0,0,0,0,0,0,0,0,92237
1,1,1,1,684,334,-2155,-8,-5,3,-21,46,119,0,0,0,0,0,0,0,0,0,0,0,0,0,0,0,0,0,0,0,0,0,0,92247
1,1,1,1,685,331,-2158,-1,-2,2,-23,46,117,0,0,0,0,0,0,0,0,0,0,0,0,0,0,0,0,0,0,0,0,0,0,92257
1,1,1,1,687,336,-2150,4,-3,1,-22,47,121,0,0,0,0,0,0,0,0,0,0,0,0,0,0,0,0,0,0,0,0,0,0,92267
1,1,1,1,683,339,-2146,17,2,1,-23,47,121,0,0,0,0,0,0,0,0,0,0,0,0,0,0,0,0,0,0,0,0,0,0,92277
1,1,1,1,684,333,-2142,21,6,3,-25,47,121,0,0,0,0,0,0,0,0,0,0,0,0,0,0,0,0,0,0,0,0,0,0,92287
1,1,1,1,691,327,-2149,22,4,2,-25,46,124,0,0,0,0,0,0,0,0,0,0,0,0,0,0,0,0,0,0,0,0,0,0,92297
1,1,1,1,687,324,-2150,23,9,3,-22,46,117,0,0,0,0,0,0,0,0,0,0,0,0,0,0,0,0,0,0,0,0,0,0,92307
1,1,1,1,678,327,-2151,23,5,2,-24,47,117,0,0,0,0,0,0,0,0,0,0,0,0,0,0,0,0,0,0,0,0,0,0,92317
1,1,1,1,683,330,-2155,21,4,3,-23,48,119,0,0,0,0,0,0,0,0,0,0,0,0,0,0,0,0,0,0,0,0,0,0,92327
1,1,1,1,677,330,-2159,2,-1,4,-25,47,118,0,0,0,0,0,0,0,0,0,0,0,0,0,0,0,0,0,0,0,0,0,0,92337
1,1,1,1,673,327,-2155,2,-11,2,-22,46,117,0,0,0,0,0,0,0,0,0,0,0,0,0,0,0,0,0,0,0,0,0,0,92347
1,1,1,1,673,331,-2165,1,-7,6,-23,47,118,0,0,0,0,0,0,0,0,0,0,0,0,0,0,0,0,0,0,0,0,0,0,92357
1,1,1,1,680,324,-2164,-7,-8,7,-25,47,117,0,0,0,0,0,0,0,0,0,0,0,0,0,0,0,0,0,0,0,0,0,0,92367
1,1,1,1,685,335,-2160,-20,-13,6,-25,46,117,0,0,0,0,0,0,0,0,0,0,0,0,0,0,0,0,0,0,0,0,0,0,92377
1,1,1,1,681,340,-2158,-20,-21,2,-24,46,119,0,0,0,0,0,0,0,0,0,0,0,0,0,0,0,0,0,0,0,0,0,0,92387
1,1,1,1,677,341,-2146,-8,-8,-3,-23,46,118,0,0,0,0,0,0,0,0,0,0,0,0,0,0,0,0,0,0,0,0,0,0,92397
1,1,1,1,676,344,-2153,-7,-4,-4,-23,46,120,0,0,0,0,0,0,0,0,0,0,0,0,0,0,0,0,0,0,0,0,0,0,92407
1,1,1,1,683,344,-2152,-6,-3,-1,-23,47,117,0,0,0,0,0,0,0,0,0,0,0,0,0,0,0,0,0,0,0,0,0,0,92417
1,1,1,1,687,338,-2143,-2,-6,0,-22,47,117,0,0,0,0,0,0,0,0,0,0,0,0,0,0,0,0,0,0,0,0,0,0,92427
1,1,1,1,682,329,-2150,0,-11,2,-26,48,117,0,0,0,0,0,0,0,0,0,0,0,0,0,0,0,0,0,0,0,0,0,0,92437
1,1,1,1,679,328,-2150,10,-2,3,-22,45,118,0,0,0,0,0,0,0,0,0,0,0,0,0,0,0,0,0,0,0,0,0,0,92447
1,1,1,1,677,332,-2141,20,2,4,-23,48,119,0,0,0,0,0,0,0,0,0,0,0,0,0,0,0,0,0,0,0,0,0,0,92457
1,1,1,1,678,335,-2150,18,4,4,-24,47,118,0,0,0,0,0,0,0,0,0,0,0,0,0,0,0,0,0,0,0,0,0,0,92467
1,1,1,1,679,337,-2148,17,4,2,-24,47,119,0,0,0,0,0,0,0,0,0,0,0,0,0,0,0,0,0,0,0,0,0,0,92477
1,1,1,1,677,338,-2145,19,1,0,-27,48,120,0,0,0,0,0,0,0,0,0,0,0,0,0,0,0,0,0,0,0,0,0,0,92487
1,1,1,1,680,337,-2150,24,4,-2,-27,47,121,0,0,0,0,0,0,0,0,0,0,0,0,0,0,0,0,0,0,0,0,0,0,92497
1,1,1,1,677,339,-2147,29,7,0,-22,45,121,0,0,0,0,0,0,0,0,0,0,0,0,0,0,0,0,0,0,0,0,0,0,92507
1,1,1,1,684,329,-2152,26,3,-2,-24,48,120,0,0,0,0,0,0,0,0,0,0,0,0,0,0,0,0,0,0,0,0,0,0,92517
1,1,1,1,677,324,-2155,26,3,-3,-23,46,118,0,0,0,0,0,0,0,0,0,0,0,0,0,0,0,0,0,0,0,0,0,0,92527
1,1,1,1,673,323,-2165,8,-3,-4,-22,45,118,0,0,0,0,0,0,0,0,0,0,0,0,0,0,0,0,0,0,0,0,0,0,92537
1,1,1,1,670,324,-2165,-1,-6,-2,-23,47,118,0,0,0,0,0,0,0,0,0,0,0,0,0,0,0,0,0,0,0,0,0,0,92547
1,1,1,1,668,332,-2160,-2,-5,-3,-22,47,118,0,0,0,0,0,0,0,0,0,0,0,0,0,0,0,0,0,0,0,0,0,0,92557
1,1,1,1,666,337,-2156,3,-5,0,-24,49,119,0,0,0,0,0,0,0,0,0,0,0,0,0,0,0,0,0,0,0,0,0,0,92567
1,1,1,1,676,334,-2150,-1,-4,2,-23,46,119,0,0,0,0,0,0,0,0,0,0,0,0,0,0,0,0,0,0,0,0,0,0,92577
1,1,1,1,689,328,-2138,4,1,5,-23,47,118,0,0,0,0,0,0,0,0,0,0,0,0,0,0,0,0,0,0,0,0,0,0,92587
1,1,1,1,686,326,-2145,15,10,5,-23,46,117,0,0,0,0,0,0,0,0,0,0,0,0,0,0,0,0,0,0,0,0,0,0,92597
1,1,1,1,681,334,-2154,22,8,6,-24,46,116,0,0,0,0,0,0,0,0,0,0,0,0,0,0,0,0,0,0,0,0,0,0,92607
1,1,1,1,680,340,-2148,16,4,9,-23,46,117,0,0,0,0,0,0,0,0,0,0,0,0,0,0,0,0,0,0,0,0,0,0,92617
1,1,1,1,685,329,-2154,4,1,10,-22,47,117,0,0,0,0,0,0,0,0,0,0,0,0,0,0,0,0,0,0,0,0,0,0,92627
1,1,1,1,686,324,-2149,10,3,5,-21,46,117,0,0,0,0,0,0,0,0,0,0,0,0,0,0,0,0,0,0,0,0,0,0,92637
1,1,1,1,682,327,-2150,11,6,6,-22,48,115,0,0,0,0,0,0,0,0,0,0,0,0,0,0,0,0,0,0,0,0,0,0,92647
1,1,1,1,679,329,-2152,10,7,5,-22,46,115,0,0,0,0,0,0,0,0,0,0,0,0,0,0,0,0,0,0,0,0,0,0,92657
1,1,1,1,676,338,-2149,8,1,4,-22,47,113,0,0,0,0,0,0,0,0,0,0,0,0,0,0,0,0,0,0,0,0,0,0,92667
1,1,1,1,679,338,-2151,7,-3,7,-23,47,115,0,0,0,0,0,0,0,0,0,0,0,0,0,0,0,0,0,0,0,0,0,0,92677
1,1,1,1,685,333,-2149,11,-3,9,-23,48,119,0,0,0,0,0,0,0,0,0,0,0,0,0,0,0,0,0,0,0,0,0,0,92687
1,1,1,1,685,336,-2149,23,4,11,-23,47,116,0,0,0,0,0,0,0,0,0,0,0,0,0,0,0,0,0,0,0,0,0,0,92697
1,1,1,1,683,334,-2147,26,-6,7,-23,47,114,0,0,0,0,0,0,0,0,0,0,0,0,0,0,0,0,0,0,0,0,0,0,92707
1,1,1,1,686,331,-2149,21,-9,6,-22,47,119,0,0,0,0,0,0,0,0,0,0,0,0,0,0,0,0,0,0,0,0,0,0,92717
1,1,1,1,686,324,-2158,14,0,7,-23,47,116,0,0,0,0,0,0,0,0,0,0,0,0,0,0,0,0,0,0,0,0,0,0,92727
1,1,1,1,686,328,-2163,17,3,6,-24,47,117,0,0,0,0,0,0,0,0,0,0,0,0,0,0,0,0,0,0,0,0,0,0,92737
1,1,1,1,680,323,-2168,10,-1,8,-26,48,118,0,0,0,0,0,0,0,0,0,0,0,0,0,0,0,0,0,0,0,0,0,0,92747
1,1,1,1,686,321,-2175,-6,-1,8,-23,45,115,0,0,0,0,0,0,0,0,0,0,0,0,0,0,0,0,0,0,0,0,0,0,92757
1,1,1,1,680,327,-2159,3,-3,6,-25,50,118,0,0,0,0,0,0,0,0,0,0,0,0,0,0,0,0,0,0,0,0,0,0,92767
1,1,1,1,679,325,-2154,-2,-5,3,-24,48,112,0,0,0,0,0,0,0,0,0,0,0,0,0,0,0,0,0,0,0,0,0,0,92777
1,1,1,1,689,320,-2155,-20,-12,2,-23,45,114,0,0,0,0,0,0,0,0,0,0,0,0,0,0,0,0,0,0,0,0,0,0,92787
1,1,1,1,686,329,-2152,-9,-10,-1,-26,49,116,0,0,0,0,0,0,0,0,0,0,0,0,0,0,0,0,0,0,0,0,0,0,92797
1,1,1,1,672,337,-2139,7,-4,-2,-26,50,117,0,0,0,0,0,0,0,0,0,0,0,0,0,0,0,0,0,0,0,0,0,0,92807
1,1,1,1,673,333,-2146,12,-6,0,-25,47,117,0,0,0,0,0,0,0,0,0,0,0,0,0,0,0,0,0,0,0,0,0,0,92817
1,1,1,1,674,329,-2156,11,-5,7,-23,45,117,0,0,0,0,0,0,0,0,0,0,0,0,0,0,0,0,0,0,0,0,0,0,92827
1,1,1,1,679,325,-2157,-1,1,10,-24,49,119,0,0,0,0,0,0,0,0,0,0,0,0,0,0,0,0,0,0,0,0,0,0,92837
1,1,1,1,681,324,-2166,-3,0,13,-24,47,117,0,0,0,0,0,0,0,0,0,0,0,0,0,0,0,0,0,0,0,0,0,0,92847
1,1,1,1,678,331,-2158,-6,-3,14,-22,47,117,0,0,0,0,0,0,0,0,0,0,0,0,0,0,0,0,0,0,0,0,0,0,92857
1,1,1,1,685,328,-2160,-10,-3,11,-23,47,118,0,0,0,0,0,0,0,0,0,0,0,0,0,0,0,0,0,0,0,0,0,0,92867
1,1,1,1,683,340,-2155,0,4,14,-22,47,118,0,0,0,0,0,0,0,0,0,0,0,0,0,0,0,0,0,0,0,0,0,0,92877
1,1,1,1,681,334,-2144,12,7,14,-23,46,117,0,0,0,0,0,0,0,0,0,0,0,0,0,0,0,0,0,0,0,0,0,0,92887
1,1,1,1,691,331,-2145,18,8,11,-23,46,114,0,0,0,0,0,0,0,0,0,0,0,0,0,0,0,0,0,0,0,0,0,0,92897
1,1,1,1,684,336,-2144,29,10,10,-22,47,119,0,0,0,0,0,0,0,0,0,0,0,0,0,0,0,0,0,0,0,0,0,0,92907
1,1,1,1,690,341,-2145,34,13,10,-23,47,115,0,0,0,0,0,0,0,0,0,0,0,0,0,0,0,0,0,0,0,0,0,0,92917
1,1,1,1,687,332,-2154,38,15,8,-22,47,115,0,0,0,0,0,0,0,0,0,0,0,0,0,0,0,0,0,0,0,0,0,0,92927
1,1,1,1,690,321,-2156,41,6,5,-24,47,116,0,0,0,0,0,0,0,0,0,0,0,0,0,0,0,0,0,0,0,0,0,0,92937
1,1,1,1,687,326,-2169,39,11,7,-24,48,114,0,0,0,0,0,0,0,0,0,0,0,0,0,0,0,0,0,0,0,0,0,0,92947
1,1,1,1,695,311,-2162,30,0,3,-23,48,116,0,0,0,0,0,0,0,0,0,0,0,0,0,0,0,0,0,0,0,0,0,0,92957
1,1,1,1,700,312,-2173,14,-6,6,-23,47,116,0,0,0,0,0,0,0,0,0,0,0,0,0,0,0,0,0,0,0,0,0,0,92967
1,1,1,1,695,324,-2170,11,-17,7,-24,47,117,0,0,0,0,0,0,0,0,0,0,0,0,0,0,0,0,0,0,0,0,0,0,92977
1,1,1,1,690,322,-2166,15,-23,7,-25,49,117,0,0,0,0,0,0,0,0,0,0,0,0,0,0,0,0,0,0,0,0,0,0,92988
1,1,1,1,685,327,-2169,8,-22,6,-25,48,118,0,0,0,0,0,0,0,0,0,0,0,0,0,0,0,0,0,0,0,0,0,0,92998
1,1,1,1,681,331,-2160,5,-17,3,-25,48,119,0,0,0,0,0,0,0,0,0,0,0,0,0,0,0,0,0,0,0,0,0,0,93008
1,1,1,1,681,331,-2160,-2,-17,3,-22,47,117,0,0,0,0,0,0,0,0,0,0,0,0,0,0,0,0,0,0,0,0,0,0,93018
1,1,1,1,685,330,-2163,-10,-19,0,-24,48,116,0,0,0,0,0,0,0,0,0,0,0,0,0,0,0,0,0,0,0,0,0,0,93028
1,1,1,1,676,330,-2153,-4,-14,1,-23,47,117,0,0,0,0,0,0,0,0,0,0,0,0,0,0,0,0,0,0,0,0,0,0,93038
1,1,1,1,678,332,-2152,6,-9,3,-23,48,117,0,0,0,0,0,0,0,0,0,0,0,0,0,0,0,0,0,0,0,0,0,0,93048
1,1,1,1,685,324,-2156,5,-12,3,-22,49,118,0,0,0,0,0,0,0,0,0,0,0,0,0,0,0,0,0,0,0,0,0,0,93058
1,1,1,1,686,321,-2148,8,-7,1,-23,49,118,0,0,0,0,0,0,0,0,0,0,0,0,0,0,0,0,0,0,0,0,0,0,93068
1,1,1,1,689,324,-2159,6,-8,3,-22,47,117,0,0,0,0,0,0,0,0,0,0,0,0,0,0,0,0,0,0,0,0,0,0,93078
1,1,1,1,690,319,-2144,7,-8,3,-23,47,119,0,0,0,0,0,0,0,0,0,0,0,0,0,0,0,0,0,0,0,0,0,0,93088
1,1,1,1,683,324,-2150,12,-9,-1,-23,46,116,0,0,0,0,0,0,0,0,0,0,0,0,0,0,0,0,0,0,0,0,0,0,93098
1,1,1,1,675,325,-2151,10,-5,1,-26,49,118,0,0,0,0,0,0,0,0,0,0,0,0,0,0,0,0,0,0,0,0,0,0,93108
1,1,1,1,672,334,-2162,5,-5,3,-25,49,117,0,0,0,0,0,0,0,0,0,0,0,0,0,0,0,0,0,0,0,0,0,0,93118
1,1,1,1,676,333,-2161,2,-13,-1,-26,50,118,0,0,0,0,0,0,0,0,0,0,0,0,0,0,0,0,0,0,0,0,0,0,93128
1,1,1,1,675,328,-2159,-5,-14,1,-24,47,119,0,0,0,0,0,0,0,0,0,0,0,0,0,0,0,0,0,0,0,0,0,0,93138
1,1,1,1,682,331,-2160,2,-13,2,-22,47,119,0,0,0,0,0,0,0,0,0,0,0,0,0,0,0,0,0,0,0,0,0,0,93148
1,1,1,1,682,330,-2151,9,-15,3,-23,47,118,0,0,0,0,0,0,0,0,0,0,0,0,0,0,0,0,0,0,0,0,0,0,93158
1,1,1,1,685,331,-2149,12,-15,1,-22,48,118,0,0,0,0,0,0,0,0,0,0,0,0,0,0,0,0,0,0,0,0,0,0,93168
1,1,1,1,683,331,-2150,15,-13,0,-22,48,117,0,0,0,0,0,0,0,0,0,0,0,0,0,0,0,0,0,0,0,0,0,0,93178
1,1,1,1,676,333,-2158,10,-11,-1,-26,48,118,0,0,0,0,0,0,0,0,0,0,0,0,0,0,0,0,0,0,0,0,0,0,93188
1,1,1,1,678,328,-2152,10,-10,-3,-24,48,119,0,0,0,0,0,0,0,0,0,0,0,0,0,0,0,0,0,0,0,0,0,0,93198
1,1,1,1,678,328,-2157,6,-9,-4,-25,48,117,0,0,0,0,0,0,0,0,0,0,0,0,0,0,0,0,0,0,0,0,0,0,93208
1,1,1,1,677,332,-2154,15,-3,-3,-25,48,116,0,0,0,0,0,0,0,0,0,0,0,0,0,0,0,0,0,0,0,0,0,0,93218
1,1,1,1,681,329,-2155,15,-4,-2,-25,48,116,0,0,0,0,0,0,0,0,0,0,0,0,0,0,0,0,0,0,0,0,0,0,93228
1,1,1,1,678,325,-2155,9,-10,-3,-25,48,116,0,0,0,0,0,0,0,0,0,0,0,0,0,0,0,0,0,0,0,0,0,0,93238
1,1,1,1,676,334,-2155,11,-5,-1,-26,48,115,0,0,0,0,0,0,0,0,0,0,0,0,0,0,0,0,0,0,0,0,0,0,93248
1,1,1,1,681,326,-2153,12,-6,0,-25,48,116,0,0,0,0,0,0,0,0,0,0,0,0,0,0,0,0,0,0,0,0,0,0,93258
1,1,1,1,679,328,-2157,13,-6,0,-27,48,120,0,0,0,0,0,0,0,0,0,0,0,0,0,0,0,0,0,0,0,0,0,0,93268
1,1,1,1,675,328,-2152,10,-11,-2,-27,48,117,0,0,0,0,0,0,0,0,0,0,0,0,0,0,0,0,0,0,0,0,0,0,93278
1,1,1,1,673,329,-2157,3,-15,-2,-28,49,116,0,0,0,0,0,0,0,0,0,0,0,0,0,0,0,0,0,0,0,0,0,0,93288
1,1,1,1,673,328,-2154,1,-13,-1,-26,48,119,0,0,0,0,0,0,0,0,0,0,0,0,0,0,0,0,0,0,0,0,0,0,93298
1,1,1,1,673,335,-2151,7,-14,-1,-27,49,120,0,0,0,0,0,0,0,0,0,0,0,0,0,0,0,0,0,0,0,0,0,0,93308
1,1,1,1,675,331,-2161,12,-14,-2,-25,48,119,0,0,0,0,0,0,0,0,0,0,0,0,0,0,0,0,0,0,0,0,0,0,93318
1,1,1,1,675,334,-2162,13,-14,-2,-26,48,117,0,0,0,0,0,0,0,0,0,0,0,0,0,0,0,0,0,0,0,0,0,0,93328
1,1,1,1,673,332,-2162,17,-15,-1,-23,48,119,0,0,0,0,0,0,0,0,0,0,0,0,0,0,0,0,0,0,0,0,0,0,93338
1,1,1,1,673,329,-2160,18,-17,-2,-26,49,119,0,0,0,0,0,0,0,0,0,0,0,0,0,0,0,0,0,0,0,0,0,0,93348
1,1,1,1,677,328,-2157,15,-24,1,-24,48,119,0,0,0,0,0,0,0,0,0,0,0,0,0,0,0,0,0,0,0,0,0,0,93358
1,1,1,1,678,314,-2158,16,-25,4,-23,46,118,0,0,0,0,0,0,0,0,0,0,0,0,0,0,0,0,0,0,0,0,0,0,93368
1,1,1,1,678,315,-2160,9,-27,7,-24,49,119,0,0,0,0,0,0,0,0,0,0,0,0,0,0,0,0,0,0,0,0,0,0,93378
1,1,1,1,678,316,-2160,7,-26,9,-24,49,119,0,0,0,0,0,0,0,0,0,0,0,0,0,0,0,0,0,0,0,0,0,0,93388
1,1,1,1,676,317,-2154,7,-22,12,-26,50,121,0,0,0,0,0,0,0,0,0,0,0,0,0,0,0,0,0,0,0,0,0,0,93398
1,1,1,1,667,325,-2143,16,-20,11,-24,47,119,0,0,0,0,0,0,0,0,0,0,0,0,0,0,0,0,0,0,0,0,0,0,93408
1,1,1,1,670,328,-2135,33,-10,11,-23,47,115,0,0,0,0,0,0,0,0,0,0,0,0,0,0,0,0,0,0,0,0,0,0,93418
1,1,1,1,672,329,-2140,36,-1,5,-24,50,119,0,0,0,0,0,0,0,0,0,0,0,0,0,0,0,0,0,0,0,0,0,0,93428
1,1,1,1,665,335,-2149,44,8,1,-22,48,121,0,0,0,0,0,0,0,0,0,0,0,0,0,0,0,0,0,0,0,0,0,0,93438
1,1,1,1,671,334,-2149,44,4,1,-22,49,121,0,0,0,0,0,0,0,0,0,0,0,0,0,0,0,0,0,0,0,0,0,0,93448
1,1,1,1,677,323,-2156,35,4,-2,-23,48,117,0,0,0,0,0,0,0,0,0,0,0,0,0,0,0,0,0,0,0,0,0,0,93458
1,1,1,1,682,321,-2160,36,1,-4,-22,49,118,0,0,0,0,0,0,0,0,0,0,0,0,0,0,0,0,0,0,0,0,0,0,93468
1,1,1,1,678,315,-2159,32,-7,-3,-22,48,121,0,0,0,0,0,0,0,0,0,0,0,0,0,0,0,0,0,0,0,0,0,0,93478
1,1,1,1,677,309,-2171,10,-7,-2,-24,49,121,0,0,0,0,0,0,0,0,0,0,0,0,0,0,0,0,0,0,0,0,0,0,93488
1,1,1,1,677,313,-2180,-4,-8,3,-25,48,121,0,0,0,0,0,0,0,0,0,0,0,0,0,0,0,0,0,0,0,0,0,0,93498
1,1,1,1,672,320,-2162,2,-11,7,-23,48,122,0,0,0,0,0,0,0,0,0,0,0,0,0,0,0,0,0,0,0,0,0,0,93508
1,1,1,1,675,324,-2174,4,-10,6,-22,48,120,0,0,0,0,0,0,0,0,0,0,0,0,0,0,0,0,0,0,0,0,0,0,93518
1,1,1,1,672,325,-2172,4,-9,3,-22,48,119,0,0,0,0,0,0,0,0,0,0,0,0,0,0,0,0,0,0,0,0,0,0,93528
1,1,1,1,677,321,-2162,7,-6,1,-21,49,120,0,0,0,0,0,0,0,0,0,0,0,0,0,0,0,0,0,0,0,0,0,0,93538
1,1,1,1,677,324,-2159,12,-1,-3,-22,48,119,0,0,0,0,0,0,0,0,0,0,0,0,0,0,0,0,0,0,0,0,0,0,93548
1,1,1,1,678,321,-2150,18,2,-7,-22,50,118,0,0,0,0,0,0,0,0,0,0,0,0,0,0,0,0,0,0,0,0,0,0,93558
1,1,1,1,677,318,-2144,25,10,-7,-22,49,119,0,0,0,0,0,0,0,0,0,0,0,0,0,0,0,0,0,0,0,0,0,0,93568
1,1,1,1,678,318,-2140,24,8,-8,-24,49,120,0,0,0,0,0,0,0,0,0,0,0,0,0,0,0,0,0,0,0,0,0,0,93578
1,1,1,1,677,319,-2147,15,10,-12,-26,48,120,0,0,0,0,0,0,0,0,0,0,0,0,0,0,0,0,0,0,0,0,0,0,93588
1,1,1,1,670,328,-2156,14,13,-9,-25,49,119,0,0,0,0,0,0,0,0,0,0,0,0,0,0,0,0,0,0,0,0,0,0,93598
1,1,1,1,665,322,-2162,20,17,-10,-24,48,120,0,0,0,0,0,0,0,0,0,0,0,0,0,0,0,0,0,0,0,0,0,0,93608
1,1,1,1,660,326,-2169,29,20,-8,-25,49,119,0,0,0,0,0,0,0,0,0,0,0,0,0,0,0,0,0,0,0,0,0,0,93618
1,1,1,1,667,320,-2165,29,13,-7,-24,48,120,0,0,0,0,0,0,0,0,0,0,0,0,0,0,0,0,0,0,0,0,0,0,93628
1,1,1,1,664,322,-2161,29,10,-4,-24,49,119,0,0,0,0,0,0,0,0,0,0,0,0,0,0,0,0,0,0,0,0,0,0,93638
1,1,1,1,659,325,-2171,24,13,-2,-24,49,120,0,0,0,0,0,0,0,0,0,0,0,0,0,0,0,0,0,0,0,0,0,0,93648
1,1,1,1,665,321,-2170,15,8,-3,-25,50,118,0,0,0,0,0,0,0,0,0,0,0,0,0,0,0,0,0,0,0,0,0,0,93658
1,1,1,1,670,320,-2164,17,6,-3,-25,51,118,0,0,0,0,0,0,0,0,0,0,0,0,0,0,0,0,0,0,0,0,0,0,93668
1,1,1,1,675,315,-2161,21,7,-2,-26,51,121,0,0,0,0,0,0,0,0,0,0,0,0,0,0,0,0,0,0,0,0,0,0,93678
1,1,1,1,680,312,-2157,26,10,-3,-28,49,118,0,0,0,0,0,0,0,0,0,0,0,0,0,0,0,0,0,0,0,0,0,0,93688
1,1,1,1,677,313,-2165,8,10,-3,-28,50,121,0,0,0,0,0,0,0,0,0,0,0,0,0,0,0,0,0,0,0,0,0,0,93698
1,1,1,1,680,309,-2161,12,9,-4,-25,48,119,0,0,0,0,0,0,0,0,0,0,0,0,0,0,0,0,0,0,0,0,0,0,93708
1,1,1,1,680,314,-2166,24,17,-1,-23,46,120,0,0,0,0,0,0,0,0,0,0,0,0,0,0,0,0,0,0,0,0,0,0,93718
1,1,1,1,684,304,-2178,29,13,-3,-26,48,119,0,0,0,0,0,0,0,0,0,0,0,0,0,0,0,0,0,0,0,0,0,0,93728
1,1,1,1,681,314,-2172,29,5,-2,-25,49,123,0,0,0,0,0,0,0,0,0,0,0,0,0,0,0,0,0,0,0,0,0,0,93738
1,1,1,1,687,309,-2175,21,-9,-1,-23,47,119,0,0,0,0,0,0,0,0,0,0,0,0,0,0,0,0,0,0,0,0,0,0,93748
1,1,1,1,690,310,-2186,6,-15,-4,-25,49,119,0,0,0,0,0,0,0,0,0,0,0,0,0,0,0,0,0,0,0,0,0,0,93758
1,1,1,1,680,321,-2176,2,-27,-1,-25,48,117,0,0,0,0,0,0,0,0,0,0,0,0,0,0,0,0,0,0,0,0,0,0,93768
1,1,1,1,679,317,-2164,3,-22,-1,-26,49,119,0,0,0,0,0,0,0,0,0,0,0,0,0,0,0,0,0,0,0,0,0,0,93778
1,1,1,1,682,312,-2166,-2,-21,-6,-24,48,117,0,0,0,0,0,0,0,0,0,0,0,0,0,0,0,0,0,0,0,0,0,0,93788
1,1,1,1,674,316,-2164,6,-23,-10,-23,48,118,0,0,0,0,0,0,0,0,0,0,0,0,0,0,0,0,0,0,0,0,0,0,93798
1,1,1,1,669,311,-2159,10,-10,-7,-22,48,119,0,0,0,0,0,0,0,0,0,0,0,0,0,0,0,0,0,0,0,0,0,0,93808
1,1,1,1,675,308,-2158,14,-9,-8,-23,47,118,0,0,0,0,0,0,0,0,0,0,0,0,0,0,0,0,0,0,0,0,0,0,93818
1,1,1,1,671,320,-2148,28,2,-3,-25,48,118,0,0,0,0,0,0,0,0,0,0,0,0,0,0,0,0,0,0,0,0,0,0,93828
1,1,1,1,680,318,-2151,33,12,0,-22,48,118,0,0,0,0,0,0,0,0,0,0,0,0,0,0,0,0,0,0,0,0,0,0,93838
1,1,1,1,678,311,-2155,28,6,-2,-21,48,118,0,0,0,0,0,0,0,0,0,0,0,0,0,0,0,0,0,0,0,0,0,0,93848
1,1,1,1,672,307,-2171,16,10,0,-21,47,118,0,0,0,0,0,0,0,0,0,0,0,0,0,0,0,0,0,0,0,0,0,0,93858
1,1,1,1,678,304,-2174,4,0,-5,-23,47,119,0,0,0,0,0,0,0,0,0,0,0,0,0,0,0,0,0,0,0,0,0,0,93868
1,1,1,1,675,306,-2175,-4,-6,-4,-23,47,119,0,0,0,0,0,0,0,0,0,0,0,0,0,0,0,0,0,0,0,0,0,0,93878
1,1,1,1,678,310,-2174,-7,-11,-1,-25,48,118,0,0,0,0,0,0,0,0,0,0,0,0,0,0,0,0,0,0,0,0,0,0,93888
1,1,1,1,668,312,-2175,1,-15,4,-25,48,119,0,0,0,0,0,0,0,0,0,0,0,0,0,0,0,0,0,0,0,0,0,0,93898
1,1,1,1,664,310,-2174,-1,-18,3,-24,47,118,0,0,0,0,0,0,0,0,0,0,0,0,0,0,0,0,0,0,0,0,0,0,93908
1,1,1,1,665,319,-2156,0,-18,2,-23,49,119,0,0,0,0,0,0,0,0,0,0,0,0,0,0,0,0,0,0,0,0,0,0,93918
1,1,1,1,663,321,-2151,7,-11,2,-21,46,121,0,0,0,0,0,0,0,0,0,0,0,0,0,0,0,0,0,0,0,0,0,0,93928
1,1,1,1,671,319,-2147,4,-6,0,-21,47,116,0,0,0,0,0,0,0,0,0,0,0,0,0,0,0,0,0,0,0,0,0,0,93938
1,1,1,1,672,318,-2146,6,-2,-1,-21,47,119,0,0,0,0,0,0,0,0,0,0,0,0,0,0,0,0,0,0,0,0,0,0,93948
1,1,1,1,672,312,-2152,4,0,-2,-22,49,119,0,0,0,0,0,0,0,0,0,0,0,0,0,0,0,0,0,0,0,0,0,0,93958
1,1,1,1,673,306,-2159,-1,5,-2,-23,50,118,0,0,0,0,0,0,0,0,0,0,0,0,0,0,0,0,0,0,0,0,0,0,93968
1,1,1,1,678,308,-2161,1,9,-3,-25,49,120,0,0,0,0,0,0,0,0,0,0,0,0,0,0,0,0,0,0,0,0,0,0,93978
1,1,1,1,673,308,-2160,0,8,-8,-24,48,118,0,0,0,0,0,0,0,0,0,0,0,0,0,0,0,0,0,0,0,0,0,0,93988
1,1,1,1,668,322,-2171,4,6,-3,-27,48,118,0,0,0,0,0,0,0,0,0,0,0,0,0,0,0,0,0,0,0,0,0,0,93998
1,1,1,1,662,321,-2161,2,-1,0,-25,45,119,0,0,0,0,0,0,0,0,0,0,0,0,0,0,0,0,0,0,0,0,0,0,94008
1,1,1,1,664,325,-2171,5,12,-1,-25,48,119,0,0,0,0,0,0,0,0,0,0,0,0,0,0,0,0,0,0,0,0,0,0,94018
1,1,1,1,665,328,-2160,16,5,-1,-24,47,120,0,0,0,0,0,0,0,0,0,0,0,0,0,0,0,0,0,0,0,0,0,0,94028
1,1,1,1,670,315,-2168,14,1,-5,-25,47,118,0,0,0,0,0,0,0,0,0,0,0,0,0,0,0,0,0,0,0,0,0,0,94038
1,1,1,1,673,307,-2171,10,-3,-7,-24,47,121,0,0,0,0,0,0,0,0,0,0,0,0,0,0,0,0,0,0,0,0,0,0,94048
1,1,1,1,674,309,-2167,7,-4,-9,-23,47,121,0,0,0,0,0,0,0,0,0,0,0,0,0,0,0,0,0,0,0,0,0,0,94058
1,1,1,1,673,315,-2172,9,-4,-5,-21,47,119,0,0,0,0,0,0,0,0,0,0,0,0,0,0,0,0,0,0,0,0,0,0,94068
1,1,1,1,675,322,-2164,14,-6,-3,-21,47,120,0,0,0,0,0,0,0,0,0,0,0,0,0,0,0,0,0,0,0,0,0,0,94078
1,1,1,1,672,323,-2160,9,-5,-3,-21,47,120,0,0,0,0,0,0,0,0,0,0,0,0,0,0,0,0,0,0,0,0,0,0,94088
1,1,1,1,669,321,-2155,5,-3,-2,-20,47,119,0,0,0,0,0,0,0,0,0,0,0,0,0,0,0,0,0,0,0,0,0,0,94098
1,1,1,1,669,322,-2152,11,0,0,-21,46,121,0,0,0,0,0,0,0,0,0,0,0,0,0,0,0,0,0,0,0,0,0,0,94108
1,1,1,1,680,317,-2147,17,4,1,-22,47,119,0,0,0,0,0,0,0,0,0,0,0,0,0,0,0,0,0,0,0,0,0,0,94118
1,1,1,1,675,310,-2153,18,8,-3,-22,47,122,0,0,0,0,0,0,0,0,0,0,0,0,0,0,0,0,0,0,0,0,0,0,94128
1,1,1,1,672,304,-2162,12,10,-2,-21,47,119,0,0,0,0,0,0,0,0,0,0,0,0,0,0,0,0,0,0,0,0,0,0,94138
1,1,1,1,678,297,-2165,11,10,2,-20,48,115,0,0,0,0,0,0,0,0,0,0,0,0,0,0,0,0,0,0,0,0,0,0,94148
1,1,1,1,679,290,-2170,11,13,3,-19,46,112,0,0,0,0,0,0,0,0,0,0,0,0,0,0,0,0,0,0,0,0,0,0,94158
1,1,1,1,676,292,-2171,11,15,5,-23,48,116,0,0,0,0,0,0,0,0,0,0,0,0,0,0,0,0,0,0,0,0,0,0,94168
1,1,1,1,673,289,-2171,24,23,7,-21,47,111,0,0,0,0,0,0,0,0,0,0,0,0,0,0,0,0,0,0,0,0,0,0,94178
1,1,1,1,662,290,-2170,63,46,7,-19,47,111,0,0,0,0,0,0,0,0,0,0,0,0,0,0,0,0,0,0,0,0,0,0,94188
1,1,1,1,662,293,-2165,112,85,6,-20,46,105,0,0,0,0,0,0,0,0,0,0,0,0,0,0,0,0,0,0,0,0,0,0,94198
1,1,1,1,657,293,-2145,179,133,1,-20,46,99,0,0,0,0,0,0,0,0,0,0,0,0,0,0,0,0,0,0,0,0,0,0,94208
1,1,1,1,649,296,-2103,217,167,-8,-17,44,91,0,0,0,0,0,0,0,0,0,0,0,0,0,0,0,0,0,0,0,0,0,0,94218
1,1,1,1,649,273,-2085,193,173,-9,-16,43,83,0,0,0,0,0,0,0,0,0,0,0,0,0,0,0,0,0,0,0,0,0,0,94228
1,1,1,1,639,276,-2106,122,171,-3,-13,40,77,0,0,0,0,0,0,0,0,0,0,0,0,0,0,0,0,0,0,0,0,0,0,94238
1,1,1,1,639,276,-2106,89,175,1,-14,39,74,0,0,0,0,0,0,0,0,0,0,0,0,0,0,0,0,0,0,0,0,0,0,94248
1,1,1,1,641,302,-2083,124,187,13,-14,37,68,0,0,0,0,0,0,0,0,0,0,0,0,0,0,0,0,0,0,0,0,0,0,94258
1,1,1,1,679,270,-2134,108,194,14,-13,36,64,0,0,0,0,0,0,0,0,0,0,0,0,0,0,0,0,0,0,0,0,0,0,94268
1,1,1,1,697,262,-2163,79,202,-1,-13,34,60,0,0,0,0,0,0,0,0,0,0,0,0,0,0,0,0,0,0,0,0,0,0,94278
1,1,1,1,674,272,-2168,78,208,-5,-13,31,52,0,0,0,0,0,0,0,0,0,0,0,0,0,0,0,0,0,0,0,0,0,0,94288
1,1,1,1,665,273,-2211,28,206,-5,-11,29,46,0,0,0,0,0,0,0,0,0,0,0,0,0,0,0,0,0,0,0,0,0,0,94298
1,1,1,1,653,269,-2245,-48,207,-4,-14,30,42,0,0,0,0,0,0,0,0,0,0,0,0,0,0,0,0,0,0,0,0,0,0,94308
1,1,1,1,652,237,-2221,-58,206,-11,-12,29,39,0,0,0,0,0,0,0,0,0,0,0,0,0,0,0,0,0,0,0,0,0,0,94318
1,1,1,1,654,280,-2192,-45,212,5,-9,25,31,0,0,0,0,0,0,0,0,0,0,0,0,0,0,0,0,0,0,0,0,0,0,94328
1,1,1,1,649,327,-2170,-51,223,40,-6,26,30,0,0,0,0,0,0,0,0,0,0,0,0,0,0,0,0,0,0,0,0,0,0,94338
1,1,1,1,685,325,-2121,-141,174,75,-7,25,28,0,0,0,0,0,0,0,0,0,0,0,0,0,0,0,0,0,0,0,0,0,0,94348
1,1,1,1,702,354,-2095,-300,109,111,-4,24,28,0,0,0,0,0,0,0,0,0,0,0,0,0,0,0,0,0,0,0,0,0,0,94358
1,1,1,1,811,338,-2120,-355,109,84,-7,25,28,0,0,0,0,0,0,0,0,0,0,0,0,0,0,0,0,0,0,0,0,0,0,94368
1,1,1,1,851,288,-2092,-356,120,42,-6,24,28,0,0,0,0,0,0,0,0,0,0,0,0,0,0,0,0,0,0,0,0,0,0,94378
1,1,1,1,814,291,-2043,-411,104,-28,-9,24,26,0,0,0,0,0,0,0,0,0,0,0,0,0,0,0,0,0,0,0,0,0,0,94388
1,1,1,1,828,296,-2065,-467,108,-119,-12,22,20,0,0,0,0,0,0,0,0,0,0,0,0,0,0,0,0,0,0,0,0,0,0,94398
1,1,1,1,823,451,-2147,-744,164,-102,-9,23,19,0,0,0,0,0,0,0,0,0,0,0,0,0,0,0,0,0,0,0,0,0,0,94408
1,1,1,1,607,619,-2131,-1046,139,-26,-7,20,11,0,0,0,0,0,0,0,0,0,0,0,0,0,0,0,0,0,0,0,0,0,0,94418
1,1,1,1,747,322,-2135,-846,164,-85,-6,21,10,0,0,0,0,0,0,0,0,0,0,0,0,0,0,0,0,0,0,0,0,0,0,94428
1,1,1,1,731,360,-2064,-603,179,-37,-6,21,10,0,0,0,0,0,0,0,0,0,0,0,0,0,0,0,0,0,0,0,0,0,0,94438
1,1,1,1,550,382,-2133,-450,124,-8,-8,22,8,0,0,0,0,0,0,0,0,0,0,0,0,0,0,0,0,0,0,0,0,0,0,94448
1,1,1,1,621,428,-2117,-412,117,44,-5,20,8,0,0,0,0,0,0,0,0,0,0,0,0,0,0,0,0,0,0,0,0,0,0,94458
1,1,1,1,1039,546,-2010,-326,143,118,-5,21,11,0,0,0,0,0,0,0,0,0,0,0,0,0,0,0,0,0,0,0,0,0,0,94468
1,1,1,1,764,319,-2113,-392,148,114,-6,21,10,0,0,0,0,0,0,0,0,0,0,0,0,0,0,0,0,0,0,0,0,0,0,94478
1,1,1,1,793,354,-2107,-399,111,69,-8,21,12,0,0,0,0,0,0,0,0,0,0,0,0,0,0,0,0,0,0,0,0,0,0,94488
1,1,1,1,875,364,-2103,-534,86,37,-7,21,12,0,0,0,0,0,0,0,0,0,0,0,0,0,0,0,0,0,0,0,0,0,0,94498
1,1,1,1,854,450,-2092,-689,87,9,-9,20,13,0,0,0,0,0,0,0,0,0,0,0,0,0,0,0,0,0,0,0,0,0,0,94508
1,1,1,1,862,469,-2055,-987,85,-65,-11,21,12,0,0,0,0,0,0,0,0,0,0,0,0,0,0,0,0,0,0,0,0,0,0,94518
1,1,1,1,873,507,-2017,-1408,91,-146,-12,19,12,0,0,0,0,0,0,0,0,0,0,0,0,0,0,0,0,0,0,0,0,0,0,94528
1,1,1,1,844,507,-2019,-1690,85,-209,-8,19,6,0,0,0,0,0,0,0,0,0,0,0,0,0,0,0,0,0,0,0,0,0,0,94538
1,1,1,1,728,546,-2106,-1834,59,-167,-7,21,11,0,0,0,0,0,0,0,0,0,0,0,0,0,0,0,0,0,0,0,0,0,0,94548
1,1,1,1,662,611,-2126,-1650,49,-48,-10,20,8,0,0,0,0,0,0,0,0,0,0,0,0,0,0,0,0,0,0,0,0,0,0,94558
1,1,1,1,685,597,-1984,-1469,33,-75,-9,21,14,0,0,0,0,0,0,0,0,0,0,0,0,0,0,0,0,0,0,0,0,0,0,94568
1,1,1,1,761,629,-1871,-1394,64,-66,-9,22,7,0,0,0,0,0,0,0,0,0,0,0,0,0,0,0,0,0,0,0,0,0,0,94578
1,1,1,1,750,651,-1873,-1351,98,-71,-10,20,11,0,0,0,0,0,0,0,0,0,0,0,0,0,0,0,0,0,0,0,0,0,0,94588
1,1,1,1,799,681,-1872,-1482,124,-70,-13,19,6,0,0,0,0,0,0,0,0,0,0,0,0,0,0,0,0,0,0,0,0,0,0,94598
1,1,1,1,835,678,-1864,-1756,150,-114,-13,16,5,0,0,0,0,0,0,0,0,0,0,0,0,0,0,0,0,0,0,0,0,0,0,94608
1,1,1,1,872,687,-1798,-2173,160,-210,-16,18,13,0,0,0,0,0,0,0,0,0,0,0,0,0,0,0,0,0,0,0,0,0,0,94618
1,1,1,1,885,709,-1744,-2617,171,-327,-16,18,10,0,0,0,0,0,0,0,0,0,0,0,0,0,0,0,0,0,0,0,0,0,0,94628
1,1,1,1,812,995,-1852,-2789,198,-191,-14,21,11,0,0,0,0,0,0,0,0,0,0,0,0,0,0,0,0,0,0,0,0,0,0,94638
1,1,1,1,628,848,-1824,-2464,126,-157,-10,22,7,0,0,0,0,0,0,0,0,0,0,0,0,0,0,0,0,0,0,0,0,0,0,94648
1,1,1,1,598,815,-1809,-1807,54,-48,-5,18,3,0,0,0,0,0,0,0,0,0,0,0,0,0,0,0,0,0,0,0,0,0,0,94658
1,1,1,1,698,862,-1608,-1349,-42,71,-7,19,6,0,0,0,0,0,0,0,0,0,0,0,0,0,0,0,0,0,0,0,0,0,0,94668
1,1,1,1,731,947,-1579,-1235,-94,127,-6,18,11,0,0,0,0,0,0,0,0,0,0,0,0,0,0,0,0,0,0,0,0,0,0,94678
1,1,1,1,690,1014,-1735,-1222,-64,153,-10,17,6,0,0,0,0,0,0,0,0,0,0,0,0,0,0,0,0,0,0,0,0,0,0,94688
1,1,1,1,750,1019,-1781,-1460,69,161,-9,18,6,0,0,0,0,0,0,0,0,0,0,0,0,0,0,0,0,0,0,0,0,0,0,94698
1,1,1,1,884,1074,-1622,-1803,111,145,-13,18,2,0,0,0,0,0,0,0,0,0,0,0,0,0,0,0,0,0,0,0,0,0,0,94708
1,1,1,1,889,1104,-1647,-1946,186,182,-11,17,6,0,0,0,0,0,0,0,0,0,0,0,0,0,0,0,0,0,0,0,0,0,0,94718
1,1,1,1,865,1033,-1615,-2029,281,195,-10,18,5,0,0,0,0,0,0,0,0,0,0,0,0,0,0,0,0,0,0,0,0,0,0,94728
1,1,1,1,872,1052,-1531,-2103,337,206,-9,19,8,0,0,0,0,0,0,0,0,0,0,0,0,0,0,0,0,0,0,0,0,0,0,94738
1,1,1,1,874,1084,-1398,-2065,256,271,-7,20,6,0,0,0,0,0,0,0,0,0,0,0,0,0,0,0,0,0,0,0,0,0,0,94748
1,1,1,1,845,1066,-1271,-1959,33,308,-7,19,6,0,0,0,0,0,0,0,0,0,0,0,0,0,0,0,0,0,0,0,0,0,0,94758
1,1,1,1,766,1015,-1297,-1867,-175,171,-9,21,3,0,0,0,0,0,0,0,0,0,0,0,0,0,0,0,0,0,0,0,0,0,0,94768
1,1,1,1,827,1055,-1330,-2001,-307,-27,-10,19,2,0,0,0,0,0,0,0,0,0,0,0,0,0,0,0,0,0,0,0,0,0,0,94778
1,1,1,1,861,1147,-1372,-2098,-400,-148,-11,18,4,0,0,0,0,0,0,0,0,0,0,0,0,0,0,0,0,0,0,0,0,0,0,94788
1,1,1,1,810,1225,-1439,-2131,-382,-183,-11,18,1,0,0,0,0,0,0,0,0,0,0,0,0,0,0,0,0,0,0,0,0,0,0,94798
1,1,1,1,800,1310,-1477,-2119,-247,-161,-10,18,2,0,0,0,0,0,0,0,0,0,0,0,0,0,0,0,0,0,0,0,0,0,0,94808
1,1,1,1,815,1301,-1489,-1967,-81,-129,-11,18,3,0,0,0,0,0,0,0,0,0,0,0,0,0,0,0,0,0,0,0,0,0,0,94818
1,1,1,1,852,1230,-1426,-1853,64,-127,-11,17,2,0,0,0,0,0,0,0,0,0,0,0,0,0,0,0,0,0,0,0,0,0,0,94828
1,1,1,1,985,1135,-1326,-1877,114,-162,-13,18,1,0,0,0,0,0,0,0,0,0,0,0,0,0,0,0,0,0,0,0,0,0,0,94838
1,1,1,1,1043,1169,-1296,-2022,105,-233,-12,19,1,0,0,0,0,0,0,0,0,0,0,0,0,0,0,0,0,0,0,0,0,0,0,94848
1,1,1,1,930,1214,-1275,-2183,41,-284,-19,18,2,0,0,0,0,0,0,0,0,0,0,0,0,0,0,0,0,0,0,0,0,0,0,94858
1,1,1,1,927,1017,-1124,-2989,-43,-281,-31,18,0,0,0,0,0,0,0,0,0,0,0,0,0,0,0,0,0,0,0,0,0,0,0,94868
1,1,1,1,860,997,-1227,-4055,-67,-327,-6,14,6,0,0,0,0,0,0,0,0,0,0,0,0,0,0,0,0,0,0,0,0,0,0,94878
1,1,1,1,805,1702,-1122,-3059,-51,-442,-8,17,0,0,0,0,0,0,0,0,0,0,0,0,0,0,0,0,0,0,0,0,0,0,0,94888
1,1,1,1,792,1503,-1136,-2485,6,-455,-15,23,1,0,0,0,0,0,0,0,0,0,0,0,0,0,0,0,0,0,0,0,0,0,0,94898
1,1,1,1,707,1441,-909,-2488,100,-384,-10,16,1,0,0,0,0,0,0,0,0,0,0,0,0,0,0,0,0,0,0,0,0,0,0,94908
1,1,1,1,696,1327,-722,-2431,164,-357,-11,19,1,0,0,0,0,0,0,0,0,0,0,0,0,0,0,0,0,0,0,0,0,0,0,94918
1,1,1,1,698,1282,-645,-2336,188,-401,-12,17,1,0,0,0,0,0,0,0,0,0,0,0,0,0,0,0,0,0,0,0,0,0,0,94928
1,1,1,1,711,1265,-629,-2190,157,-483,-9,15,1,0,0,0,0,0,0,0,0,0,0,0,0,0,0,0,0,0,0,0,0,0,0,94938
1,1,1,1,681,1257,-613,-2113,124,-587,-10,15,-5,0,0,0,0,0,0,0,0,0,0,0,0,0,0,0,0,0,0,0,0,0,0,94948
1,1,1,1,544,1751,-560,-2046,114,-116,-1,7,-8,0,0,0,0,0,0,0,0,0,0,0,0,0,0,0,0,0,0,0,0,0,0,94958
1,1,1,1,837,1373,-570,-2256,53,207,-30,19,6,0,0,0,0,0,0,0,0,0,0,0,0,0,0,0,0,0,0,0,0,0,0,94968
1,1,1,1,1104,546,-303,-4029,-293,272,-10,17,-1,0,0,0,0,0,0,0,0,0,0,0,0,0,0,0,0,0,0,0,0,0,0,94978
1,1,1,1,472,1647,-269,-3623,-544,323,-6,17,1,0,0,0,0,0,0,0,0,0,0,0,0,0,0,0,0,0,0,0,0,0,0,94988
1,1,1,1,584,1451,-198,-2844,-794,254,-8,16,0,0,0,0,0,0,0,0,0,0,0,0,0,0,0,0,0,0,0,0,0,0,0,94998
1,1,1,1,688,1326,-140,-2809,-959,185,-11,15,7,0,0,0,0,0,0,0,0,0,0,0,0,0,0,0,0,0,0,0,0,0,0,95008
1,1,1,1,617,1181,-232,-2836,-760,-168,-11,15,5,0,0,0,0,0,0,0,0,0,0,0,0,0,0,0,0,0,0,0,0,0,0,95018
1,1,1,1,685,1373,-96,-2880,-575,-332,-11,14,-1,0,0,0,0,0,0,0,0,0,0,0,0,0,0,0,0,0,0,0,0,0,0,95028
1,1,1,1,671,1540,-44,-2881,-624,-117,-11,14,2,0,0,0,0,0,0,0,0,0,0,0,0,0,0,0,0,0,0,0,0,0,0,95038
1,1,1,1,622,1531,-128,-2881,-552,39,-11,13,1,0,0,0,0,0,0,0,0,0,0,0,0,0,0,0,0,0,0,0,0,0,0,95048
1,1,1,1,648,1500,-105,-2854,-273,34,-9,13,0,0,0,0,0,0,0,0,0,0,0,0,0,0,0,0,0,0,0,0,0,0,0,95058
1,1,1,1,677,1548,7,-2817,-117,47,-16,13,1,0,0,0,0,0,0,0,0,0,0,0,0,0,0,0,0,0,0,0,0,0,0,95068
1,1,1,1,644,1452,57,-3172,-160,-53,-14,14,-1,0,0,0,0,0,0,0,0,0,0,0,0,0,0,0,0,0,0,0,0,0,0,95078
1,1,1,1,707,1425,124,-3396,-352,-184,-13,13,1,0,0,0,0,0,0,0,0,0,0,0,0,0,0,0,0,0,0,0,0,0,0,95088
1,1,1,1,759,1323,250,-3203,-367,-146,-15,13,1,0,0,0,0,0,0,0,0,0,0,0,0,0,0,0,0,0,0,0,0,0,0,95098
1,1,1,1,737,1347,344,-3121,-378,59,-16,12,2,0,0,0,0,0,0,0,0,0,0,0,0,0,0,0,0,0,0,0,0,0,0,95108
1,1,1,1,656,1370,344,-3139,-351,227,-19,11,2,0,0,0,0,0,0,0,0,0,0,0,0,0,0,0,0,0,0,0,0,0,0,95118
1,1,1,1,674,1361,252,-3515,-190,127,-20,11,1,0,0,0,0,0,0,0,0,0,0,0,0,0,0,0,0,0,0,0,0,0,0,95128
1,1,1,1,753,1482,218,-4173,-133,-98,-25,12,0,0,0,0,0,0,0,0,0,0,0,0,0,0,0,0,0,0,0,0,0,0,0,95138
1,1,1,1,993,1488,240,-4586,-242,-207,-3,12,1,0,0,0,0,0,0,0,0,0,0,0,0,0,0,0,0,0,0,0,0,0,0,95148
1,1,1,1,828,1425,816,-3620,75,-154,-2,13,1,0,0,0,0,0,0,0,0,0,0,0,0,0,0,0,0,0,0,0,0,0,0,95158
1,1,1,1,543,1069,1074,-2382,535,197,-3,13,1,0,0,0,0,0,0,0,0,0,0,0,0,0,0,0,0,0,0,0,0,0,0,95168
1,1,1,1,508,1041,784,-2138,618,376,-8,14,1,0,0,0,0,0,0,0,0,0,0,0,0,0,0,0,0,0,0,0,0,0,0,95178
1,1,1,1,620,946,863,-2479,486,312,-14,16,1,0,0,0,0,0,0,0,0,0,0,0,0,0,0,0,0,0,0,0,0,0,0,95188
1,1,1,1,587,960,927,-3049,446,302,-16,16,1,0,0,0,0,0,0,0,0,0,0,0,0,0,0,0,0,0,0,0,0,0,0,95198
1,1,1,1,490,899,871,-3482,579,268,-15,13,1,0,0,0,0,0,0,0,0,0,0,0,0,0,0,0,0,0,0,0,0,0,0,95208
1,1,1,1,454,882,799,-3804,722,372,-15,18,1,0,0,0,0,0,0,0,0,0,0,0,0,0,0,0,0,0,0,0,0,0,0,95218
1,1,1,1,506,902,931,-3997,683,632,-10,14,2,0,0,0,0,0,0,0,0,0,0,0,0,0,0,0,0,0,0,0,0,0,0,95228
1,1,1,1,772,978,1269,-3211,393,677,11,22,2,0,0,0,0,0,0,0,0,0,0,0,0,0,0,0,0,0,0,0,0,0,0,95238
1,1,1,1,995,842,1680,-963,-215,215,10,21,4,0,0,0,0,0,0,0,0,0,0,0,0,0,0,0,0,0,0,0,0,0,0,95248
1,1,1,1,842,645,1407,141,-627,54,6,16,1,0,0,0,0,0,0,0,0,0,0,0,0,0,0,0,0,0,0,0,0,0,0,95258
1,1,1,1,696,665,1264,469,-837,158,9,17,1,0,0,0,0,0,0,0,0,0,0,0,0,0,0,0,0,0,0,0,0,0,0,95268
1,1,1,1,767,653,1285,842,-1104,176,10,17,1,0,0,0,0,0,0,0,0,0,0,0,0,0,0,0,0,0,0,0,0,0,0,95278
1,1,1,1,702,602,1120,973,-1231,146,-2,-6,0,0,0,0,0,0,0,0,0,0,0,0,0,0,0,0,0,0,0,0,0,0,0,95288
1,1,1,1,484,946,46,1173,-278,344,1,-8,-3,0,0,0,0,0,0,0,0,0,0,0,0,0,0,0,0,0,0,0,0,0,0,95298
1,1,1,1,1126,776,805,1995,142,283,-11,-17,-12,0,0,0,0,0,0,0,0,0,0,0,0,0,0,0,0,0,0,0,0,0,0,95308
1,1,1,1,976,613,821,1979,-399,51,-21,-32,-23,0,0,0,0,0,0,0,0,0,0,0,0,0,0,0,0,0,0,0,0,0,0,95318
1,1,1,1,1135,956,609,1666,5,179,-17,-35,-34,0,0,0,0,0,0,0,0,0,0,0,0,0,0,0,0,0,0,0,0,0,0,95328
1,1,1,1,1106,881,791,1660,-217,130,-15,-38,-44,0,0,0,0,0,0,0,0,0,0,0,0,0,0,0,0,0,0,0,0,0,0,95338
1,1,1,1,880,936,852,1372,-113,112,-12,-38,-49,0,0,0,0,0,0,0,0,0,0,0,0,0,0,0,0,0,0,0,0,0,0,95348
1,1,1,1,836,980,974,1166,-154,72,-12,-39,-54,0,0,0,0,0,0,0,0,0,0,0,0,0,0,0,0,0,0,0,0,0,0,95358
1,1,1,1,756,1010,882,1038,-107,51,-11,-40,-54,0,0,0,0,0,0,0,0,0,0,0,0,0,0,0,0,0,0,0,0,0,0,95368
1,1,1,1,761,987,911,980,-108,32,-12,-42,-56,0,0,0,0,0,0,0,0,0,0,0,0,0,0,0,0,0,0,0,0,0,0,95378
1,1,1,1,738,962,968,661,-93,-10,-13,-45,-63,0,0,0,0,0,0,0,0,0,0,0,0,0,0,0,0,0,0,0,0,0,0,95388
1,1,1,1,879,970,884,409,-32,-61,-15,-47,-64,0,0,0,0,0,0,0,0,0,0,0,0,0,0,0,0,0,0,0,0,0,0,95398
1,1,1,1,904,900,790,331,29,-128,-17,-48,-63,0,0,0,0,0,0,0,0,0,0,0,0,0,0,0,0,0,0,0,0,0,0,95408
1,1,1,1,849,871,706,137,137,-324,-18,-46,-58,0,0,0,0,0,0,0,0,0,0,0,0,0,0,0,0,0,0,0,0,0,0,95418
1,1,1,1,893,812,677,-19,238,-586,-20,-44,-55,0,0,0,0,0,0,0,0,0,0,0,0,0,0,0,0,0,0,0,0,0,0,95428
1,1,1,1,880,879,708,-101,255,-738,-16,-40,-49,0,0,0,0,0,0,0,0,0,0,0,0,0,0,0,0,0,0,0,0,0,0,95438
1,1,1,1,885,954,765,-61,209,-772,-15,-36,-47,0,0,0,0,0,0,0,0,0,0,0,0,0,0,0,0,0,0,0,0,0,0,95448
1,1,1,1,845,1006,837,1,113,-750,-13,-32,-44,0,0,0,0,0,0,0,0,0,0,0,0,0,0,0,0,0,0,0,0,0,0,95458
1,1,1,1,810,906,835,151,44,-716,-12,-23,-29,0,0,0,0,0,0,0,0,0,0,0,0,0,0,0,0,0,0,0,0,0,0,95468
1,1,1,1,812,756,843,304,-37,-798,-8,-19,-23,0,0,0,0,0,0,0,0,0,0,0,0,0,0,0,0,0,0,0,0,0,0,95478
1,1,1,1,814,716,875,418,-332,-915,1,-13,-30,0,0,0,0,0,0,0,0,0,0,0,0,0,0,0,0,0,0,0,0,0,0,95488
1,1,1,1,584,1055,918,389,-402,-657,-3,-12,-29,0,0,0,0,0,0,0,0,0,0,0,0,0,0,0,0,0,0,0,0,0,0,95498
1,1,1,1,673,1339,546,393,-5,-283,-3,-10,-36,0,0,0,0,0,0,0,0,0,0,0,0,0,0,0,0,0,0,0,0,0,0,95508
1,1,1,1,718,1430,771,469,35,46,2,-17,-37,0,0,0,0,0,0,0,0,0,0,0,0,0,0,0,0,0,0,0,0,0,0,95518
1,1,1,1,625,1345,854,460,-48,238,-4,-12,-31,0,0,0,0,0,0,0,0,0,0,0,0,0,0,0,0,0,0,0,0,0,0,95528
1,1,1,1,578,1141,806,373,10,211,-1,-12,-23,0,0,0,0,0,0,0,0,0,0,0,0,0,0,0,0,0,0,0,0,0,0,95538
1,1,1,1,625,1114,835,276,-27,138,-4,-10,-22,0,0,0,0,0,0,0,0,0,0,0,0,0,0,0,0,0,0,0,0,0,0,95548
1,1,1,1,646,1112,770,216,-46,33,-3,-10,-15,0,0,0,0,0,0,0,0,0,0,0,0,0,0,0,0,0,0,0,0,0,0,95558
1,1,1,1,690,1105,768,161,-73,-31,-2,-10,-14,0,0,0,0,0,0,0,0,0,0,0,0,0,0,0,0,0,0,0,0,0,0,95568
1,1,1,1,726,1154,812,233,-151,-17,1,-11,-16,0,0,0,0,0,0,0,0,0,0,0,0,0,0,0,0,0,0,0,0,0,0,95578
1,1,1,1,707,1108,707,468,-139,-19,-3,-11,-18,0,0,0,0,0,0,0,0,0,0,0,0,0,0,0,0,0,0,0,0,0,0,95588
1,1,1,1,751,1003,747,440,-121,-11,-4,-12,-9,0,0,0,0,0,0,0,0,0,0,0,0,0,0,0,0,0,0,0,0,0,0,95598
1,1,1,1,790,1053,862,268,-129,5,-7,-12,-14,0,0,0,0,0,0,0,0,0,0,0,0,0,0,0,0,0,0,0,0,0,0,95608
1,1,1,1,745,1140,764,266,-146,43,-12,-14,-4,0,0,0,0,0,0,0,0,0,0,0,0,0,0,0,0,0,0,0,0,0,0,95618
1,1,1,1,767,1071,607,239,-33,31,-13,-15,-9,0,0,0,0,0,0,0,0,0,0,0,0,0,0,0,0,0,0,0,0,0,0,95628
1,1,1,1,828,1095,533,217,101,-2,-13,-16,-4,0,0,0,0,0,0,0,0,0,0,0,0,0,0,0,0,0,0,0,0,0,0,95638
1,1,1,1,867,1253,613,321,52,79,-15,-14,-3,0,0,0,0,0,0,0,0,0,0,0,0,0,0,0,0,0,0,0,0,0,0,95648
1,1,1,1,804,1172,627,380,88,113,-10,-14,-3,0,0,0,0,0,0,0,0,0,0,0,0,0,0,0,0,0,0,0,0,0,0,95658
1,1,1,1,818,1135,711,380,64,140,-15,-13,1,0,0,0,0,0,0,0,0,0,0,0,0,0,0,0,0,0,0,0,0,0,0,95668
1,1,1,1,783,1090,694,292,81,118,-15,-11,0,0,0,0,0,0,0,0,0,0,0,0,0,0,0,0,0,0,0,0,0,0,0,95678
1,1,1,1,817,1086,718,189,81,109,-19,-12,2,0,0,0,0,0,0,0,0,0,0,0,0,0,0,0,0,0,0,0,0,0,0,95688
1,1,1,1,769,1050,725,96,98,69,-17,-10,2,0,0,0,0,0,0,0,0,0,0,0,0,0,0,0,0,0,0,0,0,0,0,95698
1,1,1,1,767,1026,767,162,78,39,-12,-11,0,0,0,0,0,0,0,0,0,0,0,0,0,0,0,0,0,0,0,0,0,0,0,95708
1,1,1,1,695,1105,574,469,78,72,-18,-11,1,0,0,0,0,0,0,0,0,0,0,0,0,0,0,0,0,0,0,0,0,0,0,95718
1,1,1,1,709,1035,864,228,116,112,-16,-11,1,0,0,0,0,0,0,0,0,0,0,0,0,0,0,0,0,0,0,0,0,0,0,95728
1,1,1,1,676,1080,702,258,136,113,-17,-10,1,0,0,0,0,0,0,0,0,0,0,0,0,0,0,0,0,0,0,0,0,0,0,95738
1,1,1,1,649,1073,690,280,123,107,-16,-10,0,0,0,0,0,0,0,0,0,0,0,0,0,0,0,0,0,0,0,0,0,0,0,95748
1,1,1,1,679,1076,729,210,125,103,-17,-10,1,0,0,0,0,0,0,0,0,0,0,0,0,0,0,0,0,0,0,0,0,0,0,95758
1,1,1,1,640,1073,743,296,102,107,-21,-10,2,0,0,0,0,0,0,0,0,0,0,0,0,0,0,0,0,0,0,0,0,0,0,95768
1,1,1,1,666,1008,723,310,96,103,-23,-9,11,0,0,0,0,0,0,0,0,0,0,0,0,0,0,0,0,0,0,0,0,0,0,95778
1,1,1,1,669,1021,761,259,89,97,-23,-12,7,0,0,0,0,0,0,0,0,0,0,0,0,0,0,0,0,0,0,0,0,0,0,95788
1,1,1,1,696,1023,717,181,92,94,-29,-10,15,0,0,0,0,0,0,0,0,0,0,0,0,0,0,0,0,0,0,0,0,0,0,95798
1,1,1,1,752,1060,713,83,95,86,-30,-13,17,0,0,0,0,0,0,0,0,0,0,0,0,0,0,0,0,0,0,0,0,0,0,95808
1,1,1,1,767,1111,721,-51,90,78,-33,-13,15,0,0,0,0,0,0,0,0,0,0,0,0,0,0,0,0,0,0,0,0,0,0,95818
1,1,1,1,765,1184,649,-59,87,85,-31,-18,12,0,0,0,0,0,0,0,0,0,0,0,0,0,0,0,0,0,0,0,0,0,0,95828
1,1,1,1,774,1240,556,98,82,93,-24,-17,12,0,0,0,0,0,0,0,0,0,0,0,0,0,0,0,0,0,0,0,0,0,0,95838
1,1,1,1,772,1302,327,537,97,115,-29,-22,10,0,0,0,0,0,0,0,0,0,0,0,0,0,0,0,0,0,0,0,0,0,0,95848
1,1,1,1,830,1168,704,249,89,105,-30,-18,11,0,0,0,0,0,0,0,0,0,0,0,0,0,0,0,0,0,0,0,0,0,0,95858
1,1,1,1,804,1205,593,152,65,61,-29,-21,11,0,0,0,0,0,0,0,0,0,0,0,0,0,0,0,0,0,0,0,0,0,0,95868
1,1,1,1,851,1170,515,188,69,46,-27,-18,4,0,0,0,0,0,0,0,0,0,0,0,0,0,0,0,0,0,0,0,0,0,0,95878
1,1,1,1,833,1155,588,220,66,58,-25,-18,6,0,0,0,0,0,0,0,0,0,0,0,0,0,0,0,0,0,0,0,0,0,0,95888
1,1,1,1,749,1124,612,269,55,64,-25,-18,2,0,0,0,0,0,0,0,0,0,0,0,0,0,0,0,0,0,0,0,0,0,0,95898
1,1,1,1,727,1101,645,321,36,62,-26,-18,5,0,0,0,0,0,0,0,0,0,0,0,0,0,0,0,0,0,0,0,0,0,0,95908
1,1,1,1,710,1106,659,341,3,52,-25,-19,2,0,0,0,0,0,0,0,0,0,0,0,0,0,0,0,0,0,0,0,0,0,0,95918
1,1,1,1,708,1130,603,366,10,63,-25,-20,0,0,0,0,0,0,0,0,0,0,0,0,0,0,0,0,0,0,0,0,0,0,0,95928
1,1,1,1,760,1185,585,429,11,112,-25,-21,0,0,0,0,0,0,0,0,0,0,0,0,0,0,0,0,0,0,0,0,0,0,0,95958
1,1,1,1,748,1225,556,355,-4,107,-26,-22,0,0,0,0,0,0,0,0,0,0,0,0,0,0,0,0,0,0,0,0,0,0,0,95968
1,1,1,1,777,1213,554,297,-10,94,-26,-21,0,0,0,0,0,0,0,0,0,0,0,0,0,0,0,0,0,0,0,0,0,0,0,95978
1,1,1,1,779,1190,563,257,-22,81,-27,-21,1,0,0,0,0,0,0,0,0,0,0,0,0,0,0,0,0,0,0,0,0,0,0,95988
1,1,1,1,782,1186,559,272,-32,91,-27,-21,1,0,0,0,0,0,0,0,0,0,0,0,0,0,0,0,0,0,0,0,0,0,0,95998
1,1,1,1,793,1157,591,275,-43,99,-26,-23,-1,0,0,0,0,0,0,0,0,0,0,0,0,0,0,0,0,0,0,0,0,0,0,96008
1,1,1,1,778,1150,607,258,-50,100,-29,-23,1,0,0,0,0,0,0,0,0,0,0,0,0,0,0,0,0,0,0,0,0,0,0,96018
1,1,1,1,787,1143,580,245,-44,102,-29,-24,1,0,0,0,0,0,0,0,0,0,0,0,0,0,0,0,0,0,0,0,0,0,0,96028
1,1,1,1,814,1163,571,186,-35,92,-30,-26,1,0,0,0,0,0,0,0,0,0,0,0,0,0,0,0,0,0,0,0,0,0,0,96038
1,1,1,1,832,1216,549,141,-25,95,-28,-27,0,0,0,0,0,0,0,0,0,0,0,0,0,0,0,0,0,0,0,0,0,0,0,96048
1,1,1,1,797,1244,511,122,-13,95,-29,-29,1,0,0,0,0,0,0,0,0,0,0,0,0,0,0,0,0,0,0,0,0,0,0,96058
1,1,1,1,772,1253,555,101,-12,83,-31,-28,1,0,0,0,0,0,0,0,0,0,0,0,0,0,0,0,0,0,0,0,0,0,0,96068
1,1,1,1,770,1238,609,-16,-6,62,-33,-29,1,0,0,0,0,0,0,0,0,0,0,0,0,0,0,0,0,0,0,0,0,0,0,96078
1,1,1,1,774,1248,585,-114,-8,37,-30,-33,1,0,0,0,0,0,0,0,0,0,0,0,0,0,0,0,0,0,0,0,0,0,0,96088
1,1,1,1,786,1254,535,-93,0,19,-33,-31,1,0,0,0,0,0,0,0,0,0,0,0,0,0,0,0,0,0,0,0,0,0,0,96098
1,1,1,1,805,1229,545,-88,12,9,-34,-32,1,0,0,0,0,0,0,0,0,0,0,0,0,0,0,0,0,0,0,0,0,0,0,96108
1,1,1,1,808,1202,541,-82,11,-13,-33,-34,1,0,0,0,0,0,0,0,0,0,0,0,0,0,0,0,0,0,0,0,0,0,0,96118
1,1,1,1,800,1202,553,-82,0,-30,-34,-32,1,0,0,0,0,0,0,0,0,0,0,0,0,0,0,0,0,0,0,0,0,0,0,96128
1,1,1,1,801,1224,536,-78,0,-47,-37,-29,1,0,0,0,0,0,0,0,0,0,0,0,0,0,0,0,0,0,0,0,0,0,0,96138
1,1,1,1,775,1284,340,337,3,-48,-32,-29,1,0,0,0,0,0,0,0,0,0,0,0,0,0,0,0,0,0,0,0,0,0,0,96148
1,1,1,1,790,1184,652,249,-15,-45,-36,-33,1,0,0,0,0,0,0,0,0,0,0,0,0,0,0,0,0,0,0,0,0,0,0,96158
1,1,1,1,787,1190,624,25,34,-58,-30,-34,1,0,0,0,0,0,0,0,0,0,0,0,0,0,0,0,0,0,0,0,0,0,0,96168
1,1,1,1,766,1227,444,204,22,-40,-32,-33,1,0,0,0,0,0,0,0,0,0,0,0,0,0,0,0,0,0,0,0,0,0,0,96178
1,1,1,1,787,1191,581,83,18,-37,-32,-33,1,0,0,0,0,0,0,0,0,0,0,0,0,0,0,0,0,0,0,0,0,0,0,96188
1,1,1,1,767,1207,472,119,30,-28,-33,-31,1,0,0,0,0,0,0,0,0,0,0,0,0,0,0,0,0,0,0,0,0,0,0,96198
1,1,1,1,776,1170,554,141,33,-7,-34,-30,1,0,0,0,0,0,0,0,0,0,0,0,0,0,0,0,0,0,0,0,0,0,0,96208
1,1,1,1,774,1154,584,27,39,-2,-34,-30,1,0,0,0,0,0,0,0,0,0,0,0,0,0,0,0,0,0,0,0,0,0,0,96218
1,1,1,1,763,1173,524,24,26,-3,-36,-31,1,0,0,0,0,0,0,0,0,0,0,0,0,0,0,0,0,0,0,0,0,0,0,96228
1,1,1,1,803,1154,586,-109,24,2,-34,-30,1,0,0,0,0,0,0,0,0,0,0,0,0,0,0,0,0,0,0,0,0,0,0,96238
1,1,1,1,773,1181,459,-4,29,11,-32,-30,0,0,0,0,0,0,0,0,0,0,0,0,0,0,0,0,0,0,0,0,0,0,0,96248
1,1,1,1,800,1150,567,-10,13,18,-33,-30,4,0,0,0,0,0,0,0,0,0,0,0,0,0,0,0,0,0,0,0,0,0,0,96258
1,1,1,1,824,1173,545,-167,23,7,-33,-29,1,0,0,0,0,0,0,0,0,0,0,0,0,0,0,0,0,0,0,0,0,0,0,96268
1,1,1,1,791,1232,460,-137,15,0,-33,-29,1,0,0,0,0,0,0,0,0,0,0,0,0,0,0,0,0,0,0,0,0,0,0,96278
1,1,1,1,793,1258,490,-190,9,-7,-34,-28,1,0,0,0,0,0,0,0,0,0,0,0,0,0,0,0,0,0,0,0,0,0,0,96288
1,1,1,1,754,1259,486,-236,-4,-21,-32,-27,2,0,0,0,0,0,0,0,0,0,0,0,0,0,0,0,0,0,0,0,0,0,0,96298
1,1,1,1,738,1239,510,-265,-18,-31,-32,-26,2,0,0,0,0,0,0,0,0,0,0,0,0,0,0,0,0,0,0,0,0,0,0,96308
1,1,1,1,753,1170,569,-269,-38,-38,-31,-25,1,0,0,0,0,0,0,0,0,0,0,0,0,0,0,0,0,0,0,0,0,0,0,96328
1,1,1,1,773,1121,597,-202,-28,-23,-31,-25,6,0,0,0,0,0,0,0,0,0,0,0,0,0,0,0,0,0,0,0,0,0,0,96338
1,1,1,1,792,1085,606,-66,-19,6,-22,-24,4,0,0,0,0,0,0,0,0,0,0,0,0,0,0,0,0,0,0,0,0,0,0,96348
1,1,1,1,748,1157,457,248,-3,33,-32,-24,10,0,0,0,0,0,0,0,0,0,0,0,0,0,0,0,0,0,0,0,0,0,0,96358
1,1,1,1,798,1103,661,440,-13,76,-31,-24,14,0,0,0,0,0,0,0,0,0,0,0,0,0,0,0,0,0,0,0,0,0,0,96368
1,1,1,1,807,1115,671,35,25,69,-31,-24,8,0,0,0,0,0,0,0,0,0,0,0,0,0,0,0,0,0,0,0,0,0,0,96378
1,1,1,1,763,1206,478,111,30,74,-30,-23,8,0,0,0,0,0,0,0,0,0,0,0,0,0,0,0,0,0,0,0,0,0,0,96388
1,1,1,1,774,1209,547,44,26,65,-29,-23,12,0,0,0,0,0,0,0,0,0,0,0,0,0,0,0,0,0,0,0,0,0,0,96398
1,1,1,1,765,1212,540,4,13,46,-35,-20,18,0,0,0,0,0,0,0,0,0,0,0,0,0,0,0,0,0,0,0,0,0,0,96408
1,1,1,1,768,1214,537,-7,0,25,-30,-23,10,0,0,0,0,0,0,0,0,0,0,0,0,0,0,0,0,0,0,0,0,0,0,96418
1,1,1,1,767,1221,549,-19,-4,17,-32,-18,18,0,0,0,0,0,0,0,0,0,0,0,0,0,0,0,0,0,0,0,0,0,0,96428
1,1,1,1,765,1227,567,-46,-1,5,-32,-20,13,0,0,0,0,0,0,0,0,0,0,0,0,0,0,0,0,0,0,0,0,0,0,96438
1,1,1,1,773,1220,579,-101,-10,-11,-32,-21,17,0,0,0,0,0,0,0,0,0,0,0,0,0,0,0,0,0,0,0,0,0,0,96448
1,1,1,1,775,1202,574,-115,-12,-20,-31,-22,18,0,0,0,0,0,0,0,0,0,0,0,0,0,0,0,0,0,0,0,0,0,0,96458
1,1,1,1,773,1180,566,-64,-10,-20,-30,-22,20,0,0,0,0,0,0,0,0,0,0,0,0,0,0,0,0,0,0,0,0,0,0,96468
1,1,1,1,748,1228,427,322,3,-13,-31,-20,19,0,0,0,0,0,0,0,0,0,0,0,0,0,0,0,0,0,0,0,0,0,0,96478
1,1,1,1,781,1158,634,344,-20,-3,-35,-18,22,0,0,0,0,0,0,0,0,0,0,0,0,0,0,0,0,0,0,0,0,0,0,96488
1,1,1,1,793,1131,726,-118,16,-32,-31,-20,21,0,0,0,0,0,0,0,0,0,0,0,0,0,0,0,0,0,0,0,0,0,0,96498
1,1,1,1,768,1201,500,-51,15,-33,-31,-20,22,0,0,0,0,0,0,0,0,0,0,0,0,0,0,0,0,0,0,0,0,0,0,96508
1,1,1,1,793,1167,556,-36,36,-32,-29,-20,23,0,0,0,0,0,0,0,0,0,0,0,0,0,0,0,0,0,0,0,0,0,0,96518
1,1,1,1,778,1170,558,-9,32,-21,-31,-19,21,0,0,0,0,0,0,0,0,0,0,0,0,0,0,0,0,0,0,0,0,0,0,96538
1,1,1,1,770,1165,564,-19,15,-14,-29,-20,21,0,0,0,0,0,0,0,0,0,0,0,0,0,0,0,0,0,0,0,0,0,0,96548
1,1,1,1,780,1167,550,-12,7,-10,-30,-19,17,0,0,0,0,0,0,0,0,0,0,0,0,0,0,0,0,0,0,0,0,0,0,96558
1,1,1,1,770,1170,556,1,1,1,-29,-18,18,0,0,0,0,0,0,0,0,0,0,0,0,0,0,0,0,0,0,0,0,0,0,96568
1,1,1,1,770,1169,549,-4,-9,3,-29,-20,20,0,0,0,0,0,0,0,0,0,0,0,0,0,0,0,0,0,0,0,0,0,0,96578
1,1,1,1,762,1180,560,-8,-16,3,-32,-19,17,0,0,0,0,0,0,0,0,0,0,0,0,0,0,0,0,0,0,0,0,0,0,96588
1,1,1,1,762,1171,566,-12,-13,2,-34,-19,19,0,0,0,0,0,0,0,0,0,0,0,0,0,0,0,0,0,0,0,0,0,0,96598
1,1,1,1,763,1163,568,3,-12,2,-33,-20,22,0,0,0,0,0,0,0,0,0,0,0,0,0,0,0,0,0,0,0,0,0,0,96608
1,1,1,1,767,1174,560,14,-7,11,-36,-19,22,0,0,0,0,0,0,0,0,0,0,0,0,0,0,0,0,0,0,0,0,0,0,96618
1,1,1,1,769,1180,548,12,0,10,-34,-20,22,0,0,0,0,0,0,0,0,0,0,0,0,0,0,0,0,0,0,0,0,0,0,96628
1,1,1,1,774,1189,552,-13,-1,5,-35,-20,26,0,0,0,0,0,0,0,0,0,0,0,0,0,0,0,0,0,0,0,0,0,0,96638
1,1,1,1,770,1195,545,-22,3,1,-34,-19,26,0,0,0,0,0,0,0,0,0,0,0,0,0,0,0,0,0,0,0,0,0,0,96648
1,1,1,1,771,1200,552,-33,6,-4,-34,-19,28,0,0,0,0,0,0,0,0,0,0,0,0,0,0,0,0,0,0,0,0,0,0,96658
1,1,1,1,774,1200,558,-48,7,-12,-33,-19,29,0,0,0,0,0,0,0,0,0,0,0,0,0,0,0,0,0,0,0,0,0,0,96668
1,1,1,1,774,1200,558,-63,-2,-25,-36,-20,28,0,0,0,0,0,0,0,0,0,0,0,0,0,0,0,0,0,0,0,0,0,0,96678
1,1,1,1,776,1206,555,-74,-8,-33,-34,-19,29,0,0,0,0,0,0,0,0,0,0,0,0,0,0,0,0,0,0,0,0,0,0,96688
1,1,1,1,776,1206,555,-57,-11,-33,-32,-19,29,0,0,0,0,0,0,0,0,0,0,0,0,0,0,0,0,0,0,0,0,0,0,96698
1,1,1,1,773,1164,590,-30,-7,-24,-35,-16,30,0,0,0,0,0,0,0,0,0,0,0,0,0,0,0,0,0,0,0,0,0,0,96708
1,1,1,1,772,1151,588,-20,-11,-20,-35,-20,27,0,0,0,0,0,0,0,0,0,0,0,0,0,0,0,0,0,0,0,0,0,0,96718
1,1,1,1,774,1146,588,-2,-11,-10,-36,-16,31,0,0,0,0,0,0,0,0,0,0,0,0,0,0,0,0,0,0,0,0,0,0,96728
1,1,1,1,762,1160,548,164,3,4,-24,-21,29,0,0,0,0,0,0,0,0,0,0,0,0,0,0,0,0,0,0,0,0,0,0,96738
1,1,1,1,712,1219,363,538,-16,24,-38,-16,35,0,0,0,0,0,0,0,0,0,0,0,0,0,0,0,0,0,0,0,0,0,0,96748
1,1,1,1,807,1099,766,53,-12,8,-37,-14,34,0,0,0,0,0,0,0,0,0,0,0,0,0,0,0,0,0,0,0,0,0,0,96758
1,1,1,1,746,1201,570,-23,-20,-6,-33,-18,31,0,0,0,0,0,0,0,0,0,0,0,0,0,0,0,0,0,0,0,0,0,0,96768
1,1,1,1,780,1183,533,-11,-19,-7,-33,-17,32,0,0,0,0,0,0,0,0,0,0,0,0,0,0,0,0,0,0,0,0,0,0,96778
1,1,1,1,771,1198,567,-36,-21,-7,-33,-17,35,0,0,0,0,0,0,0,0,0,0,0,0,0,0,0,0,0,0,0,0,0,0,96788
1,1,1,1,773,1197,559,-60,-26,-9,-34,-17,32,0,0,0,0,0,0,0,0,0,0,0,0,0,0,0,0,0,0,0,0,0,0,96798
1,1,1,1,774,1189,558,-64,-25,-8,-34,-17,33,0,0,0,0,0,0,0,0,0,0,0,0,0,0,0,0,0,0,0,0,0,0,96808
1,1,1,1,777,1169,565,-42,-22,0,-33,-17,38,0,0,0,0,0,0,0,0,0,0,0,0,0,0,0,0,0,0,0,0,0,0,96818
1,1,1,1,784,1164,569,-8,-18,11,-31,-19,33,0,0,0,0,0,0,0,0,0,0,0,0,0,0,0,0,0,0,0,0,0,0,96828
1,1,1,1,786,1162,569,16,-12,18,-32,-18,35,0,0,0,0,0,0,0,0,0,0,0,0,0,0,0,0,0,0,0,0,0,0,96838
1,1,1,1,789,1168,546,21,-8,15,-34,-19,35,0,0,0,0,0,0,0,0,0,0,0,0,0,0,0,0,0,0,0,0,0,0,96848
1,1,1,1,794,1186,537,24,-7,14,-34,-19,35,0,0,0,0,0,0,0,0,0,0,0,0,0,0,0,0,0,0,0,0,0,0,96858
1,1,1,1,778,1195,555,7,-10,3,-32,-18,35,0,0,0,0,0,0,0,0,0,0,0,0,0,0,0,0,0,0,0,0,0,0,96868
1,1,1,1,769,1200,553,-17,-12,-12,-32,-18,37,0,0,0,0,0,0,0,0,0,0,0,0,0,0,0,0,0,0,0,0,0,0,96878
1,1,1,1,764,1208,562,-28,-14,-17,-32,-18,38,0,0,0,0,0,0,0,0,0,0,0,0,0,0,0,0,0,0,0,0,0,0,96888
1,1,1,1,766,1196,563,-29,-17,-22,-33,-18,38,0,0,0,0,0,0,0,0,0,0,0,0,0,0,0,0,0,0,0,0,0,0,96898
1,1,1,1,775,1183,561,-13,-10,-20,-33,-17,36,0,0,0,0,0,0,0,0,0,0,0,0,0,0,0,0,0,0,0,0,0,0,96908
1,1,1,1,780,1168,565,-1,-4,-13,-34,-18,40,0,0,0,0,0,0,0,0,0,0,0,0,0,0,0,0,0,0,0,0,0,0,96918
1,1,1,1,782,1156,568,19,-8,-4,-34,-18,38,0,0,0,0,0,0,0,0,0,0,0,0,0,0,0,0,0,0,0,0,0,0,96928
1,1,1,1,779,1152,556,52,-9,1,-36,-18,39,0,0,0,0,0,0,0,0,0,0,0,0,0,0,0,0,0,0,0,0,0,0,96938
1,1,1,1,786,1163,544,68,-2,13,-36,-17,38,0,0,0,0,0,0,0,0,0,0,0,0,0,0,0,0,0,0,0,0,0,0,96948
1,1,1,1,773,1183,550,64,3,12,-35,-17,38,0,0,0,0,0,0,0,0,0,0,0,0,0,0,0,0,0,0,0,0,0,0,96958
1,1,1,1,768,1194,544,42,-3,4,-32,-18,38,0,0,0,0,0,0,0,0,0,0,0,0,0,0,0,0,0,0,0,0,0,0,96968
1,1,1,1,770,1205,543,22,-8,-4,-34,-18,36,0,0,0,0,0,0,0,0,0,0,0,0,0,0,0,0,0,0,0,0,0,0,96978
1,1,1,1,765,1212,544,27,-5,-4,-34,-16,38,0,0,0,0,0,0,0,0,0,0,0,0,0,0,0,0,0,0,0,0,0,0,96988
1,1,1,1,766,1196,546,22,-15,-21,-35,-20,38,0,0,0,0,0,0,0,0,0,0,0,0,0,0,0,0,0,0,0,0,0,0,96998
1,1,1,1,775,1214,552,-8,-25,-31,-36,-15,39,0,0,0,0,0,0,0,0,0,0,0,0,0,0,0,0,0,0,0,0,0,0,97008
1,1,1,1,776,1192,550,-22,-33,-35,-34,-17,41,0,0,0,0,0,0,0,0,0,0,0,0,0,0,0,0,0,0,0,0,0,0,97018
1,1,1,1,777,1180,556,-10,-27,-32,-37,-14,37,0,0,0,0,0,0,0,0,0,0,0,0,0,0,0,0,0,0,0,0,0,0,97028
1,1,1,1,775,1166,564,6,-24,-21,-35,-15,38,0,0,0,0,0,0,0,0,0,0,0,0,0,0,0,0,0,0,0,0,0,0,97038
1,1,1,1,783,1157,555,20,-16,-11,-36,-15,40,0,0,0,0,0,0,0,0,0,0,0,0,0,0,0,0,0,0,0,0,0,0,97048
1,1,1,1,784,1169,555,26,-9,2,-34,-16,40,0,0,0,0,0,0,0,0,0,0,0,0,0,0,0,0,0,0,0,0,0,0,97058
1,1,1,1,774,1167,558,37,-13,11,-33,-18,41,0,0,0,0,0,0,0,0,0,0,0,0,0,0,0,0,0,0,0,0,0,0,97068
1,1,1,1,775,1177,545,40,-16,19,-33,-18,38,0,0,0,0,0,0,0,0,0,0,0,0,0,0,0,0,0,0,0,0,0,0,97078
1,1,1,1,769,1189,546,41,-15,24,-35,-15,39,0,0,0,0,0,0,0,0,0,0,0,0,0,0,0,0,0,0,0,0,0,0,97088
1,1,1,1,765,1196,552,41,-14,24,-33,-15,38,0,0,0,0,0,0,0,0,0,0,0,0,0,0,0,0,0,0,0,0,0,0,97098
1,1,1,1,766,1206,554,33,-12,22,-33,-15,41,0,0,0,0,0,0,0,0,0,0,0,0,0,0,0,0,0,0,0,0,0,0,97108
1,1,1,1,771,1211,555,16,-20,17,-34,-15,39,0,0,0,0,0,0,0,0,0,0,0,0,0,0,0,0,0,0,0,0,0,0,97118
1,1,1,1,772,1204,559,0,-19,9,-32,-17,39,0,0,0,0,0,0,0,0,0,0,0,0,0,0,0,0,0,0,0,0,0,0,97128
1,1,1,1,779,1199,564,-6,-15,0,-36,-16,41,0,0,0,0,0,0,0,0,0,0,0,0,0,0,0,0,0,0,0,0,0,0,97138
1,1,1,1,777,1192,564,-5,-7,-4,-34,-16,41,0,0,0,0,0,0,0,0,0,0,0,0,0,0,0,0,0,0,0,0,0,0,97148
1,1,1,1,782,1179,554,5,-7,-9,-35,-15,40,0,0,0,0,0,0,0,0,0,0,0,0,0,0,0,0,0,0,0,0,0,0,97158
1,1,1,1,781,1172,543,20,5,-5,-35,-15,39,0,0,0,0,0,0,0,0,0,0,0,0,0,0,0,0,0,0,0,0,0,0,97168
1,1,1,1,768,1171,550,28,8,-1,-34,-15,37,0,0,0,0,0,0,0,0,0,0,0,0,0,0,0,0,0,0,0,0,0,0,97178
1,1,1,1,758,1169,554,33,4,3,-36,-15,37,0,0,0,0,0,0,0,0,0,0,0,0,0,0,0,0,0,0,0,0,0,0,97188
1,1,1,1,750,1179,548,49,5,9,-36,-16,36,0,0,0,0,0,0,0,0,0,0,0,0,0,0,0,0,0,0,0,0,0,0,97198
1,1,1,1,749,1186,545,56,-8,19,-33,-16,40,0,0,0,0,0,0,0,0,0,0,0,0,0,0,0,0,0,0,0,0,0,0,97208
1,1,1,1,769,1187,539,59,-9,20,-35,-15,38,0,0,0,0,0,0,0,0,0,0,0,0,0,0,0,0,0,0,0,0,0,0,97218
1,1,1,1,774,1191,529,58,-9,19,-35,-15,37,0,0,0,0,0,0,0,0,0,0,0,0,0,0,0,0,0,0,0,0,0,0,97228
1,1,1,1,780,1200,535,50,-3,18,-36,-15,37,0,0,0,0,0,0,0,0,0,0,0,0,0,0,0,0,0,0,0,0,0,0,97238
1,1,1,1,776,1196,535,51,-2,15,-35,-15,39,0,0,0,0,0,0,0,0,0,0,0,0,0,0,0,0,0,0,0,0,0,0,97248
1,1,1,1,771,1185,550,50,-1,13,-34,-16,38,0,0,0,0,0,0,0,0,0,0,0,0,0,0,0,0,0,0,0,0,0,0,97258
1,1,1,1,779,1183,558,40,3,7,-35,-15,39,0,0,0,0,0,0,0,0,0,0,0,0,0,0,0,0,0,0,0,0,0,0,97268
1,1,1,1,778,1189,555,27,3,4,-33,-15,36,0,0,0,0,0,0,0,0,0,0,0,0,0,0,0,0,0,0,0,0,0,0,97278
1,1,1,1,771,1192,552,10,8,-3,-33,-16,37,0,0,0,0,0,0,0,0,0,0,0,0,0,0,0,0,0,0,0,0,0,0,97288
1,1,1,1,775,1187,543,15,-2,-9,-35,-15,39,0,0,0,0,0,0,0,0,0,0,0,0,0,0,0,0,0,0,0,0,0,0,97298
1,1,1,1,773,1190,537,29,-10,-12,-33,-17,36,0,0,0,0,0,0,0,0,0,0,0,0,0,0,0,0,0,0,0,0,0,0,97308
1,1,1,1,770,1206,538,35,-10,-10,-34,-16,36,0,0,0,0,0,0,0,0,0,0,0,0,0,0,0,0,0,0,0,0,0,0,97318
1,1,1,1,769,1204,532,22,-9,-14,-38,-14,39,0,0,0,0,0,0,0,0,0,0,0,0,0,0,0,0,0,0,0,0,0,0,97328
1,1,1,1,770,1202,533,14,-9,-17,-36,-16,35,0,0,0,0,0,0,0,0,0,0,0,0,0,0,0,0,0,0,0,0,0,0,97338
1,1,1,1,765,1200,535,14,-12,-16,-36,-13,36,0,0,0,0,0,0,0,0,0,0,0,0,0,0,0,0,0,0,0,0,0,0,97348
1,1,1,1,765,1192,542,20,-13,-11,-36,-13,37,0,0,0,0,0,0,0,0,0,0,0,0,0,0,0,0,0,0,0,0,0,0,97358
1,1,1,1,771,1189,548,31,2,-3,-36,-12,36,0,0,0,0,0,0,0,0,0,0,0,0,0,0,0,0,0,0,0,0,0,0,97368
1,1,1,1,772,1186,546,36,0,2,-34,-15,36,0,0,0,0,0,0,0,0,0,0,0,0,0,0,0,0,0,0,0,0,0,0,97378
1,1,1,1,773,1183,551,32,1,3,-33,-15,38,0,0,0,0,0,0,0,0,0,0,0,0,0,0,0,0,0,0,0,0,0,0,97388
1,1,1,1,773,1193,552,29,8,5,-33,-15,34,0,0,0,0,0,0,0,0,0,0,0,0,0,0,0,0,0,0,0,0,0,0,97398
1,1,1,1,763,1203,555,19,4,0,-32,-14,35,0,0,0,0,0,0,0,0,0,0,0,0,0,0,0,0,0,0,0,0,0,0,97408
1,1,1,1,771,1206,541,17,2,-5,-31,-14,38,0,0,0,0,0,0,0,0,0,0,0,0,0,0,0,0,0,0,0,0,0,0,97418
1,1,1,1,765,1207,539,22,2,-11,-34,-15,35,0,0,0,0,0,0,0,0,0,0,0,0,0,0,0,0,0,0,0,0,0,0,97428
1,1,1,1,762,1206,535,13,1,-14,-33,-15,37,0,0,0,0,0,0,0,0,0,0,0,0,0,0,0,0,0,0,0,0,0,0,97438
1,1,1,1,760,1209,535,6,-4,-19,-32,-15,36,0,0,0,0,0,0,0,0,0,0,0,0,0,0,0,0,0,0,0,0,0,0,97448
1,1,1,1,760,1204,535,16,2,-18,-33,-14,34,0,0,0,0,0,0,0,0,0,0,0,0,0,0,0,0,0,0,0,0,0,0,97458
1,1,1,1,754,1199,536,22,-4,-18,-34,-15,35,0,0,0,0,0,0,0,0,0,0,0,0,0,0,0,0,0,0,0,0,0,0,97468
1,1,1,1,761,1194,534,20,-7,-18,-33,-14,35,0,0,0,0,0,0,0,0,0,0,0,0,0,0,0,0,0,0,0,0,0,0,97478
1,1,1,1,761,1199,541,17,-3,-16,-34,-15,36,0,0,0,0,0,0,0,0,0,0,0,0,0,0,0,0,0,0,0,0,0,0,97488
1,1,1,1,754,1193,548,11,-8,-15,-32,-15,35,0,0,0,0,0,0,0,0,0,0,0,0,0,0,0,0,0,0,0,0,0,0,97498
1,1,1,1,762,1184,546,11,-10,-10,-35,-15,36,0,0,0,0,0,0,0,0,0,0,0,0,0,0,0,0,0,0,0,0,0,0,97508
1,1,1,1,770,1180,536,25,-13,-6,-36,-15,35,0,0,0,0,0,0,0,0,0,0,0,0,0,0,0,0,0,0,0,0,0,0,97518
1,1,1,1,774,1174,538,28,-15,-4,-35,-16,35,0,0,0,0,0,0,0,0,0,0,0,0,0,0,0,0,0,0,0,0,0,0,97528
1,1,1,1,777,1175,532,32,-8,3,-36,-16,39,0,0,0,0,0,0,0,0,0,0,0,0,0,0,0,0,0,0,0,0,0,0,97538
1,1,1,1,776,1176,525,46,-2,11,-35,-16,36,0,0,0,0,0,0,0,0,0,0,0,0,0,0,0,0,0,0,0,0,0,0,97548
1,1,1,1,769,1177,525,55,3,14,-35,-16,38,0,0,0,0,0,0,0,0,0,0,0,0,0,0,0,0,0,0,0,0,0,0,97558
1,1,1,1,758,1185,530,58,5,20,-34,-16,37,0,0,0,0,0,0,0,0,0,0,0,0,0,0,0,0,0,0,0,0,0,0,97568
1,1,1,1,760,1195,528,66,5,25,-33,-16,36,0,0,0,0,0,0,0,0,0,0,0,0,0,0,0,0,0,0,0,0,0,0,97578
1,1,1,1,758,1200,529,80,1,27,-34,-16,36,0,0,0,0,0,0,0,0,0,0,0,0,0,0,0,0,0,0,0,0,0,0,97588
1,1,1,1,769,1213,530,51,-8,23,-36,-16,35,0,0,0,0,0,0,0,0,0,0,0,0,0,0,0,0,0,0,0,0,0,0,97598
1,1,1,1,774,1222,512,41,-12,17,-36,-13,36,0,0,0,0,0,0,0,0,0,0,0,0,0,0,0,0,0,0,0,0,0,0,97608
1,1,1,1,773,1229,522,31,-13,9,-34,-17,36,0,0,0,0,0,0,0,0,0,0,0,0,0,0,0,0,0,0,0,0,0,0,97618
1,1,1,1,779,1228,521,19,-11,3,-36,-16,36,0,0,0,0,0,0,0,0,0,0,0,0,0,0,0,0,0,0,0,0,0,0,97628
1,1,1,1,772,1225,519,6,-6,-3,-39,-15,38,0,0,0,0,0,0,0,0,0,0,0,0,0,0,0,0,0,0,0,0,0,0,97638
1,1,1,1,766,1217,531,-6,-4,-8,-37,-16,36,0,0,0,0,0,0,0,0,0,0,0,0,0,0,0,0,0,0,0,0,0,0,97648
1,1,1,1,765,1212,533,-11,-2,-13,-38,-15,34,0,0,0,0,0,0,0,0,0,0,0,0,0,0,0,0,0,0,0,0,0,0,97658
1,1,1,1,763,1210,540,-20,-3,-15,-36,-17,38,0,0,0,0,0,0,0,0,0,0,0,0,0,0,0,0,0,0,0,0,0,0,97668
1,1,1,1,766,1205,530,-17,-6,-17,-35,-15,39,0,0,0,0,0,0,0,0,0,0,0,0,0,0,0,0,0,0,0,0,0,0,97678
1,1,1,1,764,1200,528,-10,-4,-14,-34,-17,36,0,0,0,0,0,0,0,0,0,0,0,0,0,0,0,0,0,0,0,0,0,0,97688
1,1,1,1,763,1203,526,-4,-8,-11,-33,-17,37,0,0,0,0,0,0,0,0,0,0,0,0,0,0,0,0,0,0,0,0,0,0,97698
1,1,1,1,768,1198,527,9,-12,-5,-35,-16,37,0,0,0,0,0,0,0,0,0,0,0,0,0,0,0,0,0,0,0,0,0,0,97708
1,1,1,1,771,1200,523,18,-12,-2,-35,-16,37,0,0,0,0,0,0,0,0,0,0,0,0,0,0,0,0,0,0,0,0,0,0,97718
1,1,1,1,770,1199,524,13,-13,-2,-36,-16,41,0,0,0,0,0,0,0,0,0,0,0,0,0,0,0,0,0,0,0,0,0,0,97728
1,1,1,1,770,1201,521,6,-10,-2,-38,-17,36,0,0,0,0,0,0,0,0,0,0,0,0,0,0,0,0,0,0,0,0,0,0,97738
1,1,1,1,767,1197,531,-2,-10,-5,-37,-16,36,0,0,0,0,0,0,0,0,0,0,0,0,0,0,0,0,0,0,0,0,0,0,97748
1,1,1,1,764,1198,527,3,-8,-5,-38,-15,39,0,0,0,0,0,0,0,0,0,0,0,0,0,0,0,0,0,0,0,0,0,0,97758
1,1,1,1,761,1198,532,5,-16,-6,-35,-16,37,0,0,0,0,0,0,0,0,0,0,0,0,0,0,0,0,0,0,0,0,0,0,97768
1,1,1,1,760,1196,538,0,-20,-7,-37,-16,37,0,0,0,0,0,0,0,0,0,0,0,0,0,0,0,0,0,0,0,0,0,0,97778
1,1,1,1,767,1194,528,2,-5,-4,-35,-16,37,0,0,0,0,0,0,0,0,0,0,0,0,0,0,0,0,0,0,0,0,0,0,97788
1,1,1,1,774,1195,522,-1,-15,-4,-36,-16,36,0,0,0,0,0,0,0,0,0,0,0,0,0,0,0,0,0,0,0,0,0,0,97798
1,1,1,1,774,1194,516,9,1,2,-37,-15,38,0,0,0,0,0,0,0,0,0,0,0,0,0,0,0,0,0,0,0,0,0,0,97808
1,1,1,1,764,1199,526,5,0,1,-35,-17,37,0,0,0,0,0,0,0,0,0,0,0,0,0,0,0,0,0,0,0,0,0,0,97818
1,1,1,1,760,1211,529,-1,-6,-2,-36,-15,38,0,0,0,0,0,0,0,0,0,0,0,0,0,0,0,0,0,0,0,0,0,0,97828
1,1,1,1,763,1212,532,-7,-18,-4,-35,-16,39,0,0,0,0,0,0,0,0,0,0,0,0,0,0,0,0,0,0,0,0,0,0,97838
1,1,1,1,764,1214,529,-7,-9,-5,-33,-16,37,0,0,0,0,0,0,0,0,0,0,0,0,0,0,0,0,0,0,0,0,0,0,97848
1,1,1,1,768,1220,524,-14,-10,-7,-35,-16,38,0,0,0,0,0,0,0,0,0,0,0,0,0,0,0,0,0,0,0,0,0,0,97858
1,1,1,1,768,1211,528,-21,-15,-10,-34,-16,38,0,0,0,0,0,0,0,0,0,0,0,0,0,0,0,0,0,0,0,0,0,0,97868
1,1,1,1,770,1203,539,-19,-16,-8,-36,-16,39,0,0,0,0,0,0,0,0,0,0,0,0,0,0,0,0,0,0,0,0,0,0,97878
1,1,1,1,769,1199,538,-14,-9,-6,-37,-15,40,0,0,0,0,0,0,0,0,0,0,0,0,0,0,0,0,0,0,0,0,0,0,97888
1,1,1,1,768,1195,544,-9,-9,-5,-37,-14,39,0,0,0,0,0,0,0,0,0,0,0,0,0,0,0,0,0,0,0,0,0,0,97898
1,1,1,1,767,1192,544,5,-5,-1,-34,-16,39,0,0,0,0,0,0,0,0,0,0,0,0,0,0,0,0,0,0,0,0,0,0,97908
1,1,1,1,768,1200,535,9,-5,3,-36,-14,39,0,0,0,0,0,0,0,0,0,0,0,0,0,0,0,0,0,0,0,0,0,0,97918
1,1,1,1,770,1199,540,5,2,4,-36,-14,39,0,0,0,0,0,0,0,0,0,0,0,0,0,0,0,0,0,0,0,0,0,0,97928
1,1,1,1,771,1203,531,1,3,-1,-36,-17,36,0,0,0,0,0,0,0,0,0,0,0,0,0,0,0,0,0,0,0,0,0,0,97938
1,1,1,1,764,1208,532,-3,-7,-3,-39,-14,41,0,0,0,0,0,0,0,0,0,0,0,0,0,0,0,0,0,0,0,0,0,0,97948
1,1,1,1,763,1206,536,-1,0,-3,-38,-13,38,0,0,0,0,0,0,0,0,0,0,0,0,0,0,0,0,0,0,0,0,0,0,97958
1,1,1,1,760,1202,532,-4,1,-2,-38,-15,39,0,0,0,0,0,0,0,0,0,0,0,0,0,0,0,0,0,0,0,0,0,0,97968
1,1,1,1,757,1200,531,-1,2,-1,-37,-14,37,0,0,0,0,0,0,0,0,0,0,0,0,0,0,0,0,0,0,0,0,0,0,97978
1,1,1,1,758,1196,537,-12,-6,-2,-37,-14,38,0,0,0,0,0,0,0,0,0,0,0,0,0,0,0,0,0,0,0,0,0,0,97988
1,1,1,1,768,1194,528,-17,-9,-1,-35,-15,41,0,0,0,0,0,0,0,0,0,0,0,0,0,0,0,0,0,0,0,0,0,0,97998
1,1,1,1,769,1191,522,-1,-4,3,-36,-16,42,0,0,0,0,0,0,0,0,0,0,0,0,0,0,0,0,0,0,0,0,0,0,98008
1,1,1,1,765,1191,534,8,-3,7,-33,-14,41,0,0,0,0,0,0,0,0,0,0,0,0,0,0,0,0,0,0,0,0,0,0,98018
1,1,1,1,765,1189,533,11,-9,5,-34,-16,40,0,0,0,0,0,0,0,0,0,0,0,0,0,0,0,0,0,0,0,0,0,0,98028
1,1,1,1,767,1194,524,16,-12,5,-37,-15,41,0,0,0,0,0,0,0,0,0,0,0,0,0,0,0,0,0,0,0,0,0,0,98038
1,1,1,1,772,1194,518,32,-6,11,-36,-14,40,0,0,0,0,0,0,0,0,0,0,0,0,0,0,0,0,0,0,0,0,0,0,98048
1,1,1,1,764,1195,535,22,-16,10,-35,-15,38,0,0,0,0,0,0,0,0,0,0,0,0,0,0,0,0,0,0,0,0,0,0,98058
1,1,1,1,755,1191,534,26,-12,11,-36,-15,37,0,0,0,0,0,0,0,0,0,0,0,0,0,0,0,0,0,0,0,0,0,0,98068
1,1,1,1,753,1197,536,33,-10,15,-34,-14,38,0,0,0,0,0,0,0,0,0,0,0,0,0,0,0,0,0,0,0,0,0,0,98078
1,1,1,1,760,1200,531,28,-11,12,-34,-14,39,0,0,0,0,0,0,0,0,0,0,0,0,0,0,0,0,0,0,0,0,0,0,98088
1,1,1,1,767,1207,529,17,-14,9,-36,-15,37,0,0,0,0,0,0,0,0,0,0,0,0,0,0,0,0,0,0,0,0,0,0,98098
1,1,1,1,767,1205,534,10,-8,3,-35,-14,37,0,0,0,0,0,0,0,0,0,0,0,0,0,0,0,0,0,0,0,0,0,0,98108
1,1,1,1,766,1206,539,2,-2,-2,-35,-14,38,0,0,0,0,0,0,0,0,0,0,0,0,0,0,0,0,0,0,0,0,0,0,98118
1,1,1,1,767,1207,547,-19,-6,-12,-34,-15,37,0,0,0,0,0,0,0,0,0,0,0,0,0,0,0,0,0,0,0,0,0,0,98128
1,1,1,1,777,1210,532,-23,1,-13,-34,-14,35,0,0,0,0,0,0,0,0,0,0,0,0,0,0,0,0,0,0,0,0,0,0,98138
1,1,1,1,775,1199,540,-10,-4,-13,-35,-14,37,0,0,0,0,0,0,0,0,0,0,0,0,0,0,0,0,0,0,0,0,0,0,98148
1,1,1,1,773,1200,537,14,0,-5,-34,-15,36,0,0,0,0,0,0,0,0,0,0,0,0,0,0,0,0,0,0,0,0,0,0,98158
1,1,1,1,775,1188,530,27,1,-1,-32,-14,38,0,0,0,0,0,0,0,0,0,0,0,0,0,0,0,0,0,0,0,0,0,0,98168
1,1,1,1,775,1189,527,31,-8,0,-32,-15,35,0,0,0,0,0,0,0,0,0,0,0,0,0,0,0,0,0,0,0,0,0,0,98178
1,1,1,1,768,1195,525,35,-11,3,-34,-14,35,0,0,0,0,0,0,0,0,0,0,0,0,0,0,0,0,0,0,0,0,0,0,98188
1,1,1,1,766,1197,522,32,-10,4,-33,-15,39,0,0,0,0,0,0,0,0,0,0,0,0,0,0,0,0,0,0,0,0,0,0,98198
1,1,1,1,762,1209,522,29,-8,3,-34,-16,38,0,0,0,0,0,0,0,0,0,0,0,0,0,0,0,0,0,0,0,0,0,0,98208
1,1,1,1,754,1211,529,26,1,6,-33,-14,37,0,0,0,0,0,0,0,0,0,0,0,0,0,0,0,0,0,0,0,0,0,0,98218
1,1,1,1,761,1217,532,13,-4,2,-34,-13,35,0,0,0,0,0,0,0,0,0,0,0,0,0,0,0,0,0,0,0,0,0,0,98228
1,1,1,1,767,1216,538,5,-3,-5,-34,-14,36,0,0,0,0,0,0,0,0,0,0,0,0,0,0,0,0,0,0,0,0,0,0,98238
1,1,1,1,764,1214,535,2,-5,-9,-37,-11,37,0,0,0,0,0,0,0,0,0,0,0,0,0,0,0,0,0,0,0,0,0,0,98248
1,1,1,1,764,1211,525,-1,-8,-14,-34,-15,39,0,0,0,0,0,0,0,0,0,0,0,0,0,0,0,0,0,0,0,0,0,0,98258
1,1,1,1,761,1212,526,-6,-4,-14,-35,-12,40,0,0,0,0,0,0,0,0,0,0,0,0,0,0,0,0,0,0,0,0,0,0,98268
1,1,1,1,759,1205,532,-19,-3,-18,-35,-14,37,0,0,0,0,0,0,0,0,0,0,0,0,0,0,0,0,0,0,0,0,0,0,98278
1,1,1,1,757,1200,523,-18,-7,-15,-35,-14,39,0,0,0,0,0,0,0,0,0,0,0,0,0,0,0,0,0,0,0,0,0,0,98288
1,1,1,1,758,1185,525,-17,-7,-10,-33,-15,38,0,0,0,0,0,0,0,0,0,0,0,0,0,0,0,0,0,0,0,0,0,0,98298
1,1,1,1,759,1184,521,-11,-16,0,-32,-14,38,0,0,0,0,0,0,0,0,0,0,0,0,0,0,0,0,0,0,0,0,0,0,98308
1,1,1,1,760,1180,531,-3,-8,9,-33,-14,39,0,0,0,0,0,0,0,0,0,0,0,0,0,0,0,0,0,0,0,0,0,0,98318
1,1,1,1,760,1180,535,2,-12,10,-32,-15,38,0,0,0,0,0,0,0,0,0,0,0,0,0,0,0,0,0,0,0,0,0,0,98328
1,1,1,1,763,1189,531,9,-21,17,-34,-13,37,0,0,0,0,0,0,0,0,0,0,0,0,0,0,0,0,0,0,0,0,0,0,98338
1,1,1,1,769,1196,523,21,-12,19,-32,-14,38,0,0,0,0,0,0,0,0,0,0,0,0,0,0,0,0,0,0,0,0,0,0,98348
1,1,1,1,769,1206,525,29,-8,18,-34,-13,36,0,0,0,0,0,0,0,0,0,0,0,0,0,0,0,0,0,0,0,0,0,0,98358
1,1,1,1,769,1216,527,26,-11,14,-33,-14,35,0,0,0,0,0,0,0,0,0,0,0,0,0,0,0,0,0,0,0,0,0,0,98368
1,1,1,1,773,1225,514,16,-6,4,-33,-13,38,0,0,0,0,0,0,0,0,0,0,0,0,0,0,0,0,0,0,0,0,0,0,98378
1,1,1,1,773,1222,523,7,-4,-5,-32,-13,37,0,0,0,0,0,0,0,0,0,0,0,0,0,0,0,0,0,0,0,0,0,0,98388
1,1,1,1,771,1221,527,-3,-8,-15,-33,-13,35,0,0,0,0,0,0,0,0,0,0,0,0,0,0,0,0,0,0,0,0,0,0,98398
1,1,1,1,768,1216,527,-6,-7,-19,-32,-13,38,0,0,0,0,0,0,0,0,0,0,0,0,0,0,0,0,0,0,0,0,0,0,98408
1,1,1,1,762,1210,530,-2,-12,-19,-33,-13,35,0,0,0,0,0,0,0,0,0,0,0,0,0,0,0,0,0,0,0,0,0,0,98418
1,1,1,1,760,1208,535,-3,-16,-19,-35,-13,36,0,0,0,0,0,0,0,0,0,0,0,0,0,0,0,0,0,0,0,0,0,0,98428
1,1,1,1,765,1206,527,0,-2,-16,-33,-13,36,0,0,0,0,0,0,0,0,0,0,0,0,0,0,0,0,0,0,0,0,0,0,98438
1,1,1,1,765,1202,526,8,4,-11,-35,-13,38,0,0,0,0,0,0,0,0,0,0,0,0,0,0,0,0,0,0,0,0,0,0,98448
1,1,1,1,761,1201,531,10,-4,-7,-33,-12,38,0,0,0,0,0,0,0,0,0,0,0,0,0,0,0,0,0,0,0,0,0,0,98458
1,1,1,1,763,1194,526,16,-4,-5,-32,-12,37,0,0,0,0,0,0,0,0,0,0,0,0,0,0,0,0,0,0,0,0,0,0,98468
1,1,1,1,764,1201,524,17,2,-2,-33,-13,36,0,0,0,0,0,0,0,0,0,0,0,0,0,0,0,0,0,0,0,0,0,0,98478
1,1,1,1,761,1205,526,17,-2,1,-32,-12,36,0,0,0,0,0,0,0,0,0,0,0,0,0,0,0,0,0,0,0,0,0,0,98488
1,1,1,1,760,1205,532,15,-4,-1,-32,-13,38,0,0,0,0,0,0,0,0,0,0,0,0,0,0,0,0,0,0,0,0,0,0,98498
1,1,1,1,759,1210,528,16,1,0,-33,-11,36,0,0,0,0,0,0,0,0,0,0,0,0,0,0,0,0,0,0,0,0,0,0,98508
1,1,1,1,757,1217,532,6,1,-1,-34,-8,38,0,0,0,0,0,0,0,0,0,0,0,0,0,0,0,0,0,0,0,0,0,0,98518
1,1,1,1,757,1208,526,0,1,-6,-31,-13,34,0,0,0,0,0,0,0,0,0,0,0,0,0,0,0,0,0,0,0,0,0,0,98528
1,1,1,1,760,1208,527,4,-2,-7,-32,-12,36,0,0,0,0,0,0,0,0,0,0,0,0,0,0,0,0,0,0,0,0,0,0,98538
1,1,1,1,753,1207,529,4,0,-10,-35,-11,36,0,0,0,0,0,0,0,0,0,0,0,0,0,0,0,0,0,0,0,0,0,0,98548
1,1,1,1,754,1207,538,-8,-13,-14,-34,-10,39,0,0,0,0,0,0,0,0,0,0,0,0,0,0,0,0,0,0,0,0,0,0,98558
1,1,1,1,761,1204,521,-13,-12,-15,-36,-12,36,0,0,0,0,0,0,0,0,0,0,0,0,0,0,0,0,0,0,0,0,0,0,98568
1,1,1,1,762,1199,520,1,-4,-13,-34,-12,36,0,0,0,0,0,0,0,0,0,0,0,0,0,0,0,0,0,0,0,0,0,0,98578
1,1,1,1,762,1197,528,5,-3,-12,-35,-10,36,0,0,0,0,0,0,0,0,0,0,0,0,0,0,0,0,0,0,0,0,0,0,98588
1,1,1,1,758,1195,529,-2,-3,-14,-31,-13,36,0,0,0,0,0,0,0,0,0,0,0,0,0,0,0,0,0,0,0,0,0,0,98598
1,1,1,1,758,1198,528,-3,-4,-10,-30,-12,35,0,0,0,0,0,0,0,0,0,0,0,0,0,0,0,0,0,0,0,0,0,0,98608
1,1,1,1,754,1194,535,1,-1,-7,-30,-13,34,0,0,0,0,0,0,0,0,0,0,0,0,0,0,0,0,0,0,0,0,0,0,98618
1,1,1,1,754,1196,537,10,0,-5,-32,-13,36,0,0,0,0,0,0,0,0,0,0,0,0,0,0,0,0,0,0,0,0,0,0,98628
1,1,1,1,755,1211,532,8,-6,-5,-32,-13,35,0,0,0,0,0,0,0,0,0,0,0,0,0,0,0,0,0,0,0,0,0,0,98638
1,1,1,1,758,1211,524,-6,-8,-8,-31,-12,37,0,0,0,0,0,0,0,0,0,0,0,0,0,0,0,0,0,0,0,0,0,0,98648
1,1,1,1,760,1209,528,3,-2,-8,-33,-12,36,0,0,0,0,0,0,0,0,0,0,0,0,0,0,0,0,0,0,0,0,0,0,98658
1,1,1,1,759,1210,523,5,-12,-10,-32,-12,35,0,0,0,0,0,0,0,0,0,0,0,0,0,0,0,0,0,0,0,0,0,0,98668
1,1,1,1,757,1208,522,-2,-12,-10,-30,-13,35,0,0,0,0,0,0,0,0,0,0,0,0,0,0,0,0,0,0,0,0,0,0,98678
1,1,1,1,755,1201,528,-6,-13,-11,-29,-12,34,0,0,0,0,0,0,0,0,0,0,0,0,0,0,0,0,0,0,0,0,0,0,98688
1,1,1,1,752,1200,543,3,-5,-5,-28,-13,32,0,0,0,0,0,0,0,0,0,0,0,0,0,0,0,0,0,0,0,0,0,0,98698
1,1,1,1,748,1192,543,5,-6,-2,-30,-12,33,0,0,0,0,0,0,0,0,0,0,0,0,0,0,0,0,0,0,0,0,0,0,98708
1,1,1,1,753,1202,541,8,-12,1,-29,-12,37,0,0,0,0,0,0,0,0,0,0,0,0,0,0,0,0,0,0,0,0,0,0,98718
1,1,1,1,755,1201,530,0,-12,1,-30,-13,36,0,0,0,0,0,0,0,0,0,0,0,0,0,0,0,0,0,0,0,0,0,0,98728
1,1,1,1,759,1205,531,2,-4,3,-31,-13,34,0,0,0,0,0,0,0,0,0,0,0,0,0,0,0,0,0,0,0,0,0,0,98738
1,1,1,1,759,1200,533,7,-5,3,-29,-12,34,0,0,0,0,0,0,0,0,0,0,0,0,0,0,0,0,0,0,0,0,0,0,98748
1,1,1,1,758,1209,523,6,-5,2,-30,-11,37,0,0,0,0,0,0,0,0,0,0,0,0,0,0,0,0,0,0,0,0,0,0,98758
1,1,1,1,756,1205,524,13,-5,2,-28,-12,33,0,0,0,0,0,0,0,0,0,0,0,0,0,0,0,0,0,0,0,0,0,0,98768
1,1,1,1,754,1201,531,15,-7,2,-26,-12,34,0,0,0,0,0,0,0,0,0,0,0,0,0,0,0,0,0,0,0,0,0,0,98778
1,1,1,1,757,1202,534,17,-15,5,-29,-11,35,0,0,0,0,0,0,0,0,0,0,0,0,0,0,0,0,0,0,0,0,0,0,98788
1,1,1,1,757,1202,535,15,-14,2,-28,-12,36,0,0,0,0,0,0,0,0,0,0,0,0,0,0,0,0,0,0,0,0,0,0,98798
1,1,1,1,758,1202,534,14,-13,2,-30,-12,35,0,0,0,0,0,0,0,0,0,0,0,0,0,0,0,0,0,0,0,0,0,0,98808
1,1,1,1,759,1199,532,19,-5,1,-28,-14,37,0,0,0,0,0,0,0,0,0,0,0,0,0,0,0,0,0,0,0,0,0,0,98818
1,1,1,1,761,1203,530,14,-5,-4,-29,-12,36,0,0,0,0,0,0,0,0,0,0,0,0,0,0,0,0,0,0,0,0,0,0,98828
1,1,1,1,761,1205,527,12,-2,-5,-30,-12,35,0,0,0,0,0,0,0,0,0,0,0,0,0,0,0,0,0,0,0,0,0,0,98838
1,1,1,1,753,1210,528,3,-9,-9,-32,-11,36,0,0,0,0,0,0,0,0,0,0,0,0,0,0,0,0,0,0,0,0,0,0,98848
1,1,1,1,751,1212,526,1,-1,-7,-31,-12,35,0,0,0,0,0,0,0,0,0,0,0,0,0,0,0,0,0,0,0,0,0,0,98858
1,1,1,1,752,1208,535,2,-1,-8,-30,-12,36,0,0,0,0,0,0,0,0,0,0,0,0,0,0,0,0,0,0,0,0,0,0,98868
1,1,1,1,750,1204,533,6,-3,-8,-31,-10,33,0,0,0,0,0,0,0,0,0,0,0,0,0,0,0,0,0,0,0,0,0,0,98878
1,1,1,1,751,1201,538,9,-7,-7,-30,-12,31,0,0,0,0,0,0,0,0,0,0,0,0,0,0,0,0,0,0,0,0,0,0,98888
1,1,1,1,751,1204,534,5,-1,-4,-27,-12,36,0,0,0,0,0,0,0,0,0,0,0,0,0,0,0,0,0,0,0,0,0,0,98898
1,1,1,1,756,1204,531,1,-7,-4,-25,-12,37,0,0,0,0,0,0,0,0,0,0,0,0,0,0,0,0,0,0,0,0,0,0,98908
1,1,1,1,754,1197,533,-1,-2,-2,-25,-12,32,0,0,0,0,0,0,0,0,0,0,0,0,0,0,0,0,0,0,0,0,0,0,98918
1,1,1,1,761,1203,532,-5,2,-2,-29,-11,36,0,0,0,0,0,0,0,0,0,0,0,0,0,0,0,0,0,0,0,0,0,0,98928
1,1,1,1,760,1198,533,-3,1,-1,-31,-11,33,0,0,0,0,0,0,0,0,0,0,0,0,0,0,0,0,0,0,0,0,0,0,98938
1,1,1,1,756,1197,535,8,5,-2,-30,-10,33,0,0,0,0,0,0,0,0,0,0,0,0,0,0,0,0,0,0,0,0,0,0,98948
1,1,1,1,757,1195,535,19,4,1,-29,-11,36,0,0,0,0,0,0,0,0,0,0,0,0,0,0,0,0,0,0,0,0,0,0,98958
1,1,1,1,760,1196,537,18,3,-1,-28,-12,36,0,0,0,0,0,0,0,0,0,0,0,0,0,0,0,0,0,0,0,0,0,0,98968
1,1,1,1,761,1202,521,19,5,-1,-27,-11,32,0,0,0,0,0,0,0,0,0,0,0,0,0,0,0,0,0,0,0,0,0,0,98978
1,1,1,1,753,1207,528,21,7,1,-29,-11,34,0,0,0,0,0,0,0,0,0,0,0,0,0,0,0,0,0,0,0,0,0,0,98988
1,1,1,1,753,1212,527,8,-2,-4,-30,-10,38,0,0,0,0,0,0,0,0,0,0,0,0,0,0,0,0,0,0,0,0,0,0,98998
1,1,1,1,755,1214,524,10,-2,-5,-27,-11,33,0,0,0,0,0,0,0,0,0,0,0,0,0,0,0,0,0,0,0,0,0,0,99008
1,1,1,1,749,1211,530,13,0,-3,-29,-12,31,0,0,0,0,0,0,0,0,0,0,0,0,0,0,0,0,0,0,0,0,0,0,99018
1,1,1,1,751,1214,531,8,-10,-5,-31,-11,37,0,0,0,0,0,0,0,0,0,0,0,0,0,0,0,0,0,0,0,0,0,0,99028
1,1,1,1,749,1213,525,5,-10,-6,-30,-10,34,0,0,0,0,0,0,0,0,0,0,0,0,0,0,0,0,0,0,0,0,0,0,99038
1,1,1,1,748,1211,535,2,-12,-8,-29,-10,32,0,0,0,0,0,0,0,0,0,0,0,0,0,0,0,0,0,0,0,0,0,0,99048
1,1,1,1,752,1205,530,6,-9,-5,-29,-11,32,0,0,0,0,0,0,0,0,0,0,0,0,0,0,0,0,0,0,0,0,0,0,99058
1,1,1,1,750,1203,536,12,-7,-2,-29,-11,32,0,0,0,0,0,0,0,0,0,0,0,0,0,0,0,0,0,0,0,0,0,0,99068
1,1,1,1,749,1200,535,11,-2,-1,-26,-11,35,0,0,0,0,0,0,0,0,0,0,0,0,0,0,0,0,0,0,0,0,0,0,99078
1,1,1,1,750,1200,530,8,1,-1,-25,-11,33,0,0,0,0,0,0,0,0,0,0,0,0,0,0,0,0,0,0,0,0,0,0,99088
1,1,1,1,754,1201,526,16,-2,1,-29,-10,34,0,0,0,0,0,0,0,0,0,0,0,0,0,0,0,0,0,0,0,0,0,0,99098
1,1,1,1,756,1201,526,16,-5,1,-28,-11,34,0,0,0,0,0,0,0,0,0,0,0,0,0,0,0,0,0,0,0,0,0,0,99108
1,1,1,1,754,1202,523,19,-5,3,-28,-11,36,0,0,0,0,0,0,0,0,0,0,0,0,0,0,0,0,0,0,0,0,0,0,99118
1,1,1,1,755,1203,529,14,-8,3,-28,-11,32,0,0,0,0,0,0,0,0,0,0,0,0,0,0,0,0,0,0,0,0,0,0,99128
1,1,1,1,758,1206,525,9,-2,4,-28,-10,33,0,0,0,0,0,0,0,0,0,0,0,0,0,0,0,0,0,0,0,0,0,0,99138
1,1,1,1,754,1197,528,16,-13,8,-32,-9,36,0,0,0,0,0,0,0,0,0,0,0,0,0,0,0,0,0,0,0,0,0,0,99148
1,1,1,1,754,1197,528,22,-13,15,-30,-11,34,0,0,0,0,0,0,0,0,0,0,0,0,0,0,0,0,0,0,0,0,0,0,99158
1,1,1,1,754,1197,533,26,-10,20,-30,-11,31,0,0,0,0,0,0,0,0,0,0,0,0,0,0,0,0,0,0,0,0,0,0,99168
1,1,1,1,758,1208,533,27,-7,19,-29,-11,33,0,0,0,0,0,0,0,0,0,0,0,0,0,0,0,0,0,0,0,0,0,0,99178
1,1,1,1,755,1218,525,38,-4,17,-28,-9,33,0,0,0,0,0,0,0,0,0,0,0,0,0,0,0,0,0,0,0,0,0,0,99188
1,1,1,1,761,1229,523,33,-3,10,-28,-12,34,0,0,0,0,0,0,0,0,0,0,0,0,0,0,0,0,0,0,0,0,0,0,99198
1,1,1,1,763,1230,532,24,-1,1,-28,-12,33,0,0,0,0,0,0,0,0,0,0,0,0,0,0,0,0,0,0,0,0,0,0,99208
1,1,1,1,770,1223,529,14,-3,-9,-30,-7,34,0,0,0,0,0,0,0,0,0,0,0,0,0,0,0,0,0,0,0,0,0,0,99218
1,1,1,1,768,1225,527,10,6,-15,-28,-10,37,0,0,0,0,0,0,0,0,0,0,0,0,0,0,0,0,0,0,0,0,0,0,99228
1,1,1,1,760,1218,530,6,1,-20,-29,-9,37,0,0,0,0,0,0,0,0,0,0,0,0,0,0,0,0,0,0,0,0,0,0,99238
1,1,1,1,761,1208,523,4,-6,-22,-29,-10,36,0,0,0,0,0,0,0,0,0,0,0,0,0,0,0,0,0,0,0,0,0,0,99248
1,1,1,1,751,1208,532,7,-1,-19,-29,-11,35,0,0,0,0,0,0,0,0,0,0,0,0,0,0,0,0,0,0,0,0,0,0,99258
1,1,1,1,749,1205,527,10,2,-15,-29,-10,34,0,0,0,0,0,0,0,0,0,0,0,0,0,0,0,0,0,0,0,0,0,0,99268
1,1,1,1,753,1206,524,16,7,-8,-31,-10,33,0,0,0,0,0,0,0,0,0,0,0,0,0,0,0,0,0,0,0,0,0,0,99278
1,1,1,1,754,1204,521,12,3,-4,-26,-10,34,0,0,0,0,0,0,0,0,0,0,0,0,0,0,0,0,0,0,0,0,0,0,99288
1,1,1,1,753,1208,520,10,-7,-1,-26,-10,35,0,0,0,0,0,0,0,0,0,0,0,0,0,0,0,0,0,0,0,0,0,0,99298
1,1,1,1,756,1209,527,10,-7,2,-26,-10,30,0,0,0,0,0,0,0,0,0,0,0,0,0,0,0,0,0,0,0,0,0,0,99308
1,1,1,1,755,1204,523,16,-2,2,-28,-9,31,0,0,0,0,0,0,0,0,0,0,0,0,0,0,0,0,0,0,0,0,0,0,99318
1,1,1,1,757,1212,523,21,-3,3,-29,-9,32,0,0,0,0,0,0,0,0,0,0,0,0,0,0,0,0,0,0,0,0,0,0,99328
1,1,1,1,757,1208,524,23,-3,-2,-29,-9,31,0,0,0,0,0,0,0,0,0,0,0,0,0,0,0,0,0,0,0,0,0,0,99338
1,1,1,1,751,1210,522,22,1,-7,-29,-10,36,0,0,0,0,0,0,0,0,0,0,0,0,0,0,0,0,0,0,0,0,0,0,99348
1,1,1,1,745,1206,535,28,5,-10,-30,-9,35,0,0,0,0,0,0,0,0,0,0,0,0,0,0,0,0,0,0,0,0,0,0,99358
1,1,1,1,744,1217,530,27,4,-14,-28,-10,34,0,0,0,0,0,0,0,0,0,0,0,0,0,0,0,0,0,0,0,0,0,0,99368
1,1,1,1,743,1218,534,13,-3,-21,-30,-10,36,0,0,0,0,0,0,0,0,0,0,0,0,0,0,0,0,0,0,0,0,0,0,99378
1,1,1,1,738,1223,530,7,-2,-28,-30,-10,33,0,0,0,0,0,0,0,0,0,0,0,0,0,0,0,0,0,0,0,0,0,0,99388
1,1,1,1,740,1229,522,4,-4,-30,-28,-11,35,0,0,0,0,0,0,0,0,0,0,0,0,0,0,0,0,0,0,0,0,0,0,99398
1,1,1,1,744,1211,515,12,-3,-31,-30,-10,34,0,0,0,0,0,0,0,0,0,0,0,0,0,0,0,0,0,0,0,0,0,0,99408
1,1,1,1,750,1213,521,-1,-7,-29,-31,-12,37,0,0,0,0,0,0,0,0,0,0,0,0,0,0,0,0,0,0,0,0,0,0,99418
1,1,1,1,756,1213,517,-3,-6,-29,-32,-9,35,0,0,0,0,0,0,0,0,0,0,0,0,0,0,0,0,0,0,0,0,0,0,99428
1,1,1,1,753,1211,525,-2,-6,-28,-32,-8,35,0,0,0,0,0,0,0,0,0,0,0,0,0,0,0,0,0,0,0,0,0,0,99438
1,1,1,1,747,1203,533,7,-7,-21,-32,-9,33,0,0,0,0,0,0,0,0,0,0,0,0,0,0,0,0,0,0,0,0,0,0,99448
1,1,1,1,753,1196,528,13,-7,-15,-31,-10,36,0,0,0,0,0,0,0,0,0,0,0,0,0,0,0,0,0,0,0,0,0,0,99458
1,1,1,1,749,1201,525,22,-6,-7,-32,-9,36,0,0,0,0,0,0,0,0,0,0,0,0,0,0,0,0,0,0,0,0,0,0,99468
1,1,1,1,751,1200,524,19,-7,-3,-29,-15,32,0,0,0,0,0,0,0,0,0,0,0,0,0,0,0,0,0,0,0,0,0,0,99478
1,1,1,1,746,1206,522,20,-2,-1,-32,-12,33,0,0,0,0,0,0,0,0,0,0,0,0,0,0,0,0,0,0,0,0,0,0,99488
1,1,1,1,742,1217,518,22,0,1,-30,-11,38,0,0,0,0,0,0,0,0,0,0,0,0,0,0,0,0,0,0,0,0,0,0,99498
1,1,1,1,746,1225,522,12,0,-3,-31,-11,36,0,0,0,0,0,0,0,0,0,0,0,0,0,0,0,0,0,0,0,0,0,0,99508
1,1,1,1,741,1228,524,-2,3,-9,-28,-11,35,0,0,0,0,0,0,0,0,0,0,0,0,0,0,0,0,0,0,0,0,0,0,99518
1,1,1,1,743,1222,515,-6,-6,-10,-28,-11,34,0,0,0,0,0,0,0,0,0,0,0,0,0,0,0,0,0,0,0,0,0,0,99528
1,1,1,1,737,1214,529,-4,-11,-10,-28,-10,36,0,0,0,0,0,0,0,0,0,0,0,0,0,0,0,0,0,0,0,0,0,0,99538
1,1,1,1,733,1206,530,-1,-12,-8,-30,-11,33,0,0,0,0,0,0,0,0,0,0,0,0,0,0,0,0,0,0,0,0,0,0,99548
1,1,1,1,739,1200,524,4,-16,-4,-30,-11,35,0,0,0,0,0,0,0,0,0,0,0,0,0,0,0,0,0,0,0,0,0,0,99558
1,1,1,1,737,1205,527,14,-5,1,-31,-11,34,0,0,0,0,0,0,0,0,0,0,0,0,0,0,0,0,0,0,0,0,0,0,99568
1,1,1,1,740,1215,534,2,-2,2,-29,-10,33,0,0,0,0,0,0,0,0,0,0,0,0,0,0,0,0,0,0,0,0,0,0,99578
1,1,1,1,741,1210,525,-5,0,0,-32,-11,33,0,0,0,0,0,0,0,0,0,0,0,0,0,0,0,0,0,0,0,0,0,0,99588
1,1,1,1,744,1211,520,-9,0,1,-28,-11,34,0,0,0,0,0,0,0,0,0,0,0,0,0,0,0,0,0,0,0,0,0,0,99598
1,1,1,1,752,1215,518,-28,1,-3,-30,-11,36,0,0,0,0,0,0,0,0,0,0,0,0,0,0,0,0,0,0,0,0,0,0,99608
1,1,1,1,756,1207,509,-24,-1,-6,-29,-11,30,0,0,0,0,0,0,0,0,0,0,0,0,0,0,0,0,0,0,0,0,0,0,99618
1,1,1,1,747,1206,520,-19,-13,-4,-29,-11,34,0,0,0,0,0,0,0,0,0,0,0,0,0,0,0,0,0,0,0,0,0,0,99628
1,1,1,1,746,1198,527,-1,-6,-2,-31,-10,35,0,0,0,0,0,0,0,0,0,0,0,0,0,0,0,0,0,0,0,0,0,0,99638
1,1,1,1,742,1198,534,17,-6,3,-30,-10,32,0,0,0,0,0,0,0,0,0,0,0,0,0,0,0,0,0,0,0,0,0,0,99648
1,1,1,1,732,1201,541,21,-6,9,-30,-11,35,0,0,0,0,0,0,0,0,0,0,0,0,0,0,0,0,0,0,0,0,0,0,99658
1,1,1,1,732,1200,535,21,-1,12,-31,-10,35,0,0,0,0,0,0,0,0,0,0,0,0,0,0,0,0,0,0,0,0,0,0,99668
1,1,1,1,734,1205,539,19,8,14,-28,-11,34,0,0,0,0,0,0,0,0,0,0,0,0,0,0,0,0,0,0,0,0,0,0,99678
1,1,1,1,737,1212,536,9,9,14,-27,-11,36,0,0,0,0,0,0,0,0,0,0,0,0,0,0,0,0,0,0,0,0,0,0,99688
1,1,1,1,749,1220,524,0,11,10,-29,-11,35,0,0,0,0,0,0,0,0,0,0,0,0,0,0,0,0,0,0,0,0,0,0,99698
1,1,1,1,746,1219,519,-8,5,7,-29,-11,35,0,0,0,0,0,0,0,0,0,0,0,0,0,0,0,0,0,0,0,0,0,0,99708
1,1,1,1,742,1218,517,0,5,4,-31,-8,34,0,0,0,0,0,0,0,0,0,0,0,0,0,0,0,0,0,0,0,0,0,0,99718
1,1,1,1,743,1207,518,6,6,5,-30,-11,32,0,0,0,0,0,0,0,0,0,0,0,0,0,0,0,0,0,0,0,0,0,0,99728
1,1,1,1,738,1201,527,8,1,13,-28,-13,34,0,0,0,0,0,0,0,0,0,0,0,0,0,0,0,0,0,0,0,0,0,0,99748
1,1,1,1,745,1200,521,13,6,19,-32,-9,37,0,0,0,0,0,0,0,0,0,0,0,0,0,0,0,0,0,0,0,0,0,0,99758
1,1,1,1,742,1202,517,9,-11,21,-29,-10,38,0,0,0,0,0,0,0,0,0,0,0,0,0,0,0,0,0,0,0,0,0,0,99768
1,1,1,1,744,1194,520,11,-6,22,-31,-9,36,0,0,0,0,0,0,0,0,0,0,0,0,0,0,0,0,0,0,0,0,0,0,99778
1,1,1,1,741,1197,522,15,-15,25,-31,-9,36,0,0,0,0,0,0,0,0,0,0,0,0,0,0,0,0,0,0,0,0,0,0,99788
1,1,1,1,739,1199,515,15,-9,26,-30,-11,33,0,0,0,0,0,0,0,0,0,0,0,0,0,0,0,0,0,0,0,0,0,0,99798
1,1,1,1,738,1198,516,19,-9,30,-30,-9,32,0,0,0,0,0,0,0,0,0,0,0,0,0,0,0,0,0,0,0,0,0,0,99808
1,1,1,1,731,1193,522,24,-5,35,-27,-10,31,0,0,0,0,0,0,0,0,0,0,0,0,0,0,0,0,0,0,0,0,0,0,99818
1,1,1,1,730,1195,518,35,6,42,-28,-8,32,0,0,0,0,0,0,0,0,0,0,0,0,0,0,0,0,0,0,0,0,0,0,99828
1,1,1,1,728,1195,518,39,7,43,-27,-8,30,0,0,0,0,0,0,0,0,0,0,0,0,0,0,0,0,0,0,0,0,0,0,99838
1,1,1,1,724,1195,516,41,11,42,-27,-8,30,0,0,0,0,0,0,0,0,0,0,0,0,0,0,0,0,0,0,0,0,0,0,99848
1,1,1,1,716,1193,513,45,16,41,-27,-7,25,0,0,0,0,0,0,0,0,0,0,0,0,0,0,0,0,0,0,0,0,0,0,99858
1,1,1,1,697,1190,517,48,23,38,-23,-7,23,0,0,0,0,0,0,0,0,0,0,0,0,0,0,0,0,0,0,0,0,0,0,99868
1,1,1,1,691,1185,504,77,39,42,-23,-7,21,0,0,0,0,0,0,0,0,0,0,0,0,0,0,0,0,0,0,0,0,0,0,99878
1,1,1,1,694,1179,486,128,60,65,-19,-6,20,0,0,0,0,0,0,0,0,0,0,0,0,0,0,0,0,0,0,0,0,0,0,99888
1,1,1,1,684,1141,478,193,103,94,-19,-5,14,0,0,0,0,0,0,0,0,0,0,0,0,0,0,0,0,0,0,0,0,0,0,99898
1,1,1,1,689,1128,475,267,139,132,-15,-3,10,0,0,0,0,0,0,0,0,0,0,0,0,0,0,0,0,0,0,0,0,0,0,99908
1,1,1,1,688,1139,443,385,183,203,-13,-2,6,0,0,0,0,0,0,0,0,0,0,0,0,0,0,0,0,0,0,0,0,0,0,99918
1,1,1,1,668,1128,467,415,192,247,-12,-1,1,0,0,0,0,0,0,0,0,0,0,0,0,0,0,0,0,0,0,0,0,0,0,99928
1,1,1,1,670,1151,488,379,179,279,-10,1,1,0,0,0,0,0,0,0,0,0,0,0,0,0,0,0,0,0,0,0,0,0,0,99938
1,1,1,1,672,1196,511,270,85,295,-6,3,3,0,0,0,0,0,0,0,0,0,0,0,0,0,0,0,0,0,0,0,0,0,0,99958
1,1,1,1,709,1222,499,200,50,291,-5,3,1,0,0,0,0,0,0,0,0,0,0,0,0,0,0,0,0,0,0,0,0,0,0,99968
1,1,1,1,758,1241,455,188,39,295,-3,5,1,0,0,0,0,0,0,0,0,0,0,0,0,0,0,0,0,0,0,0,0,0,0,99978
1,1,1,1,789,1257,424,195,53,306,-3,6,2,0,0,0,0,0,0,0,0,0,0,0,0,0,0,0,0,0,0,0,0,0,0,99988
1,1,1,1,810,1267,436,214,72,328,0,8,1,0,0,0,0,0,0,0,0,0,0,0,0,0,0,0,0,0,0,0,0,0,0,99998
1,1,1,1,813,1239,442,235,94,345,-4,9,1,0,0,0,0,0,0,0,0,0,0,0,0,0,0,0,0,0,0,0,0,0,0,100008
1,1,1,1,826,1183,420,259,110,331,2,10,2,0,0,0,0,0,0,0,0,0,0,0,0,0,0,0,0,0,0,0,0,0,0,100018
1,1,1,1,825,1146,397,237,179,281,0,15,5,0,0,0,0,0,0,0,0,0,0,0,0,0,0,0,0,0,0,0,0,0,0,100028
1,1,1,1,806,1188,420,188,223,247,-2,13,2,0,0,0,0,0,0,0,0,0,0,0,0,0,0,0,0,0,0,0,0,0,0,100038
1,1,1,1,776,1284,471,73,243,253,0,13,1,0,0,0,0,0,0,0,0,0,0,0,0,0,0,0,0,0,0,0,0,0,0,100048
1,1,1,1,795,1336,560,-1,159,278,0,16,2,0,0,0,0,0,0,0,0,0,0,0,0,0,0,0,0,0,0,0,0,0,0,100058
1,1,1,1,803,1297,563,-23,64,282,0,15,1,0,0,0,0,0,0,0,0,0,0,0,0,0,0,0,0,0,0,0,0,0,0,100068
1,1,1,1,782,1267,500,-34,42,254,1,13,1,0,0,0,0,0,0,0,0,0,0,0,0,0,0,0,0,0,0,0,0,0,0,100078
1,1,1,1,813,1281,480,-7,55,250,1,14,1,0,0,0,0,0,0,0,0,0,0,0,0,0,0,0,0,0,0,0,0,0,0,100088
1,1,1,1,838,1260,450,69,73,270,5,15,1,0,0,0,0,0,0,0,0,0,0,0,0,0,0,0,0,0,0,0,0,0,0,100098
1,1,1,1,876,1288,440,151,106,333,2,18,4,0,0,0,0,0,0,0,0,0,0,0,0,0,0,0,0,0,0,0,0,0,0,100108
1,1,1,1,892,1221,424,159,154,358,5,15,2,0,0,0,0,0,0,0,0,0,0,0,0,0,0,0,0,0,0,0,0,0,0,100118
1,1,1,1,875,1146,414,106,227,311,6,17,3,0,0,0,0,0,0,0,0,0,0,0,0,0,0,0,0,0,0,0,0,0,0,100128
1,1,1,1,872,1137,449,62,254,263,5,17,2,0,0,0,0,0,0,0,0,0,0,0,0,0,0,0,0,0,0,0,0,0,0,100138
1,1,1,1,881,1144,501,-23,255,199,3,17,7,0,0,0,0,0,0,0,0,0,0,0,0,0,0,0,0,0,0,0,0,0,0,100148
1,1,1,1,837,1238,512,47,260,169,3,16,6,0,0,0,0,0,0,0,0,0,0,0,0,0,0,0,0,0,0,0,0,0,0,100168
1,1,1,1,878,1244,549,58,225,202,3,17,0,0,0,0,0,0,0,0,0,0,0,0,0,0,0,0,0,0,0,0,0,0,0,100178
1,1,1,1,848,1259,478,60,228,228,4,16,1,0,0,0,0,0,0,0,0,0,0,0,0,0,0,0,0,0,0,0,0,0,0,100188
1,1,1,1,848,1259,411,101,286,256,3,17,1,0,0,0,0,0,0,0,0,0,0,0,0,0,0,0,0,0,0,0,0,0,0,100198
1,1,1,1,863,1245,375,149,383,296,4,17,4,0,0,0,0,0,0,0,0,0,0,0,0,0,0,0,0,0,0,0,0,0,0,100208
1,1,1,1,840,1256,378,197,478,339,2,16,1,0,0,0,0,0,0,0,0,0,0,0,0,0,0,0,0,0,0,0,0,0,0,100218
1,1,1,1,817,1305,468,198,508,393,3,16,1,0,0,0,0,0,0,0,0,0,0,0,0,0,0,0,0,0,0,0,0,0,0,100228
1,1,1,1,879,1317,598,200,404,459,3,16,1,0,0,0,0,0,0,0,0,0,0,0,0,0,0,0,0,0,0,0,0,0,0,100238
1,1,1,1,883,1270,596,190,292,503,0,15,1,0,0,0,0,0,0,0,0,0,0,0,0,0,0,0,0,0,0,0,0,0,0,100248
1,1,1,1,857,1236,535,166,234,493,2,15,4,0,0,0,0,0,0,0,0,0,0,0,0,0,0,0,0,0,0,0,0,0,0,100258
1,1,1,1,902,1198,459,156,254,453,3,15,2,0,0,0,0,0,0,0,0,0,0,0,0,0,0,0,0,0,0,0,0,0,0,100268
1,1,1,1,949,1170,364,155,312,389,4,15,2,0,0,0,0,0,0,0,0,0,0,0,0,0,0,0,0,0,0,0,0,0,0,100278
1,1,1,1,976,1148,293,192,403,343,4,15,1,0,0,0,0,0,0,0,0,0,0,0,0,0,0,0,0,0,0,0,0,0,0,100288
1,1,1,1,995,1150,335,212,546,305,5,15,1,0,0,0,0,0,0,0,0,0,0,0,0,0,0,0,0,0,0,0,0,0,0,100298
1,1,1,1,1012,1162,398,205,637,291,3,15,2,0,0,0,0,0,0,0,0,0,0,0,0,0,0,0,0,0,0,0,0,0,0,100308
1,1,1,1,961,1198,512,180,631,284,3,15,2,0,0,0,0,0,0,0,0,0,0,0,0,0,0,0,0,0,0,0,0,0,0,100318
1,1,1,1,952,1210,625,147,537,295,0,18,1,0,0,0,0,0,0,0,0,0,0,0,0,0,0,0,0,0,0,0,0,0,0,100328
1,1,1,1,923,1198,652,124,427,304,3,14,0,0,0,0,0,0,0,0,0,0,0,0,0,0,0,0,0,0,0,0,0,0,0,100338
1,1,1,1,887,1193,647,96,339,297,2,14,1,0,0,0,0,0,0,0,0,0,0,0,0,0,0,0,0,0,0,0,0,0,0,100348
1,1,1,1,896,1178,590,81,290,283,2,15,5,0,0,0,0,0,0,0,0,0,0,0,0,0,0,0,0,0,0,0,0,0,0,100358
1,1,1,1,902,1156,524,144,316,235,3,14,1,0,0,0,0,0,0,0,0,0,0,0,0,0,0,0,0,0,0,0,0,0,0,100378
1,1,1,1,937,1145,419,186,380,228,2,16,7,0,0,0,0,0,0,0,0,0,0,0,0,0,0,0,0,0,0,0,0,0,0,100388
1,1,1,1,945,1146,419,191,456,232,-1,20,6,0,0,0,0,0,0,0,0,0,0,0,0,0,0,0,0,0,0,0,0,0,0,100398
1,1,1,1,924,1183,445,181,504,257,0,16,2,0,0,0,0,0,0,0,0,0,0,0,0,0,0,0,0,0,0,0,0,0,0,100408
1,1,1,1,905,1223,485,141,472,303,3,15,5,0,0,0,0,0,0,0,0,0,0,0,0,0,0,0,0,0,0,0,0,0,0,100418
1,1,1,1,897,1235,503,93,406,364,2,16,2,0,0,0,0,0,0,0,0,0,0,0,0,0,0,0,0,0,0,0,0,0,0,100428
1,1,1,1,860,1271,588,70,350,415,3,16,7,0,0,0,0,0,0,0,0,0,0,0,0,0,0,0,0,0,0,0,0,0,0,100438
1,1,1,1,847,1246,531,90,308,485,3,15,1,0,0,0,0,0,0,0,0,0,0,0,0,0,0,0,0,0,0,0,0,0,0,100448
1,1,1,1,836,1225,494,143,314,558,5,15,3,0,0,0,0,0,0,0,0,0,0,0,0,0,0,0,0,0,0,0,0,0,0,100458
1,1,1,1,850,1219,459,204,344,620,4,15,2,0,0,0,0,0,0,0,0,0,0,0,0,0,0,0,0,0,0,0,0,0,0,100468
1,1,1,1,868,1136,475,257,370,630,4,16,2,0,0,0,0,0,0,0,0,0,0,0,0,0,0,0,0,0,0,0,0,0,0,100478
1,1,1,1,900,1022,510,293,338,544,5,18,4,0,0,0,0,0,0,0,0,0,0,0,0,0,0,0,0,0,0,0,0,0,0,100488
1,1,1,1,883,953,559,267,287,391,6,19,10,0,0,0,0,0,0,0,0,0,0,0,0,0,0,0,0,0,0,0,0,0,0,100498
1,1,1,1,877,936,596,171,240,218,5,20,8,0,0,0,0,0,0,0,0,0,0,0,0,0,0,0,0,0,0,0,0,0,0,100508
1,1,1,1,874,982,628,51,158,81,5,21,12,0,0,0,0,0,0,0,0,0,0,0,0,0,0,0,0,0,0,0,0,0,0,100518
1,1,1,1,892,1042,612,-7,92,39,6,20,8,0,0,0,0,0,0,0,0,0,0,0,0,0,0,0,0,0,0,0,0,0,0,100528
1,1,1,1,908,1077,557,11,65,65,4,20,2,0,0,0,0,0,0,0,0,0,0,0,0,0,0,0,0,0,0,0,0,0,0,100538
1,1,1,1,910,1106,518,45,80,117,3,20,9,0,0,0,0,0,0,0,0,0,0,0,0,0,0,0,0,0,0,0,0,0,0,100548
1,1,1,1,914,1107,478,71,146,161,2,20,9,0,0,0,0,0,0,0,0,0,0,0,0,0,0,0,0,0,0,0,0,0,0,100558
1,1,1,1,948,1084,402,117,218,175,4,21,12,0,0,0,0,0,0,0,0,0,0,0,0,0,0,0,0,0,0,0,0,0,0,100568
1,1,1,1,1006,1106,447,172,229,200,4,22,15,0,0,0,0,0,0,0,0,0,0,0,0,0,0,0,0,0,0,0,0,0,0,100578
1,1,1,1,989,1107,484,190,219,220,4,23,17,0,0,0,0,0,0,0,0,0,0,0,0,0,0,0,0,0,0,0,0,0,0,100588
1,1,1,1,967,1096,514,209,201,225,5,23,17,0,0,0,0,0,0,0,0,0,0,0,0,0,0,0,0,0,0,0,0,0,0,100598
1,1,1,1,935,1061,539,204,173,193,4,24,18,0,0,0,0,0,0,0,0,0,0,0,0,0,0,0,0,0,0,0,0,0,0,100608
1,1,1,1,907,1061,570,159,125,146,3,25,22,0,0,0,0,0,0,0,0,0,0,0,0,0,0,0,0,0,0,0,0,0,0,100618
1,1,1,1,908,1103,519,105,115,125,1,25,20,0,0,0,0,0,0,0,0,0,0,0,0,0,0,0,0,0,0,0,0,0,0,100628
1,1,1,1,907,1144,488,92,120,143,3,22,19,0,0,0,0,0,0,0,0,0,0,0,0,0,0,0,0,0,0,0,0,0,0,100638
1,1,1,1,911,1154,486,76,130,174,0,28,26,0,0,0,0,0,0,0,0,0,0,0,0,0,0,0,0,0,0,0,0,0,0,100648
1,1,1,1,935,1137,453,70,144,183,3,28,24,0,0,0,0,0,0,0,0,0,0,0,0,0,0,0,0,0,0,0,0,0,0,100658
1,1,1,1,969,1151,432,65,151,193,3,26,29,0,0,0,0,0,0,0,0,0,0,0,0,0,0,0,0,0,0,0,0,0,0,100668
1,1,1,1,981,1171,414,82,185,222,3,30,27,0,0,0,0,0,0,0,0,0,0,0,0,0,0,0,0,0,0,0,0,0,0,100678
1,1,1,1,964,1136,482,88,183,231,7,33,29,0,0,0,0,0,0,0,0,0,0,0,0,0,0,0,0,0,0,0,0,0,0,100688
1,1,1,1,962,1057,544,82,147,189,7,38,34,0,0,0,0,0,0,0,0,0,0,0,0,0,0,0,0,0,0,0,0,0,0,100698
1,1,1,1,957,1045,573,49,109,145,8,38,34,0,0,0,0,0,0,0,0,0,0,0,0,0,0,0,0,0,0,0,0,0,0,100708
1,1,1,1,970,1101,521,7,122,146,9,40,33,0,0,0,0,0,0,0,0,0,0,0,0,0,0,0,0,0,0,0,0,0,0,100718
1,1,1,1,994,1117,505,-24,143,158,11,38,36,0,0,0,0,0,0,0,0,0,0,0,0,0,0,0,0,0,0,0,0,0,0,100728
1,1,1,1,993,1113,511,-49,142,157,10,41,41,0,0,0,0,0,0,0,0,0,0,0,0,0,0,0,0,0,0,0,0,0,0,100738
1,1,1,1,997,1125,497,-66,140,156,12,43,39,0,0,0,0,0,0,0,0,0,0,0,0,0,0,0,0,0,0,0,0,0,0,100748
1,1,1,1,1027,1145,447,-73,156,158,12,45,44,0,0,0,0,0,0,0,0,0,0,0,0,0,0,0,0,0,0,0,0,0,0,100758
1,1,1,1,997,1135,483,-76,157,155,14,48,48,0,0,0,0,0,0,0,0,0,0,0,0,0,0,0,0,0,0,0,0,0,0,100768
1,1,1,1,982,1114,495,-43,153,147,16,51,50,0,0,0,0,0,0,0,0,0,0,0,0,0,0,0,0,0,0,0,0,0,0,100778
1,1,1,1,981,1092,500,-7,165,134,16,56,52,0,0,0,0,0,0,0,0,0,0,0,0,0,0,0,0,0,0,0,0,0,0,100788
1,1,1,1,963,1089,530,-48,188,117,17,55,54,0,0,0,0,0,0,0,0,0,0,0,0,0,0,0,0,0,0,0,0,0,0,100798
1,1,1,1,980,1105,529,-91,205,108,20,62,55,0,0,0,0,0,0,0,0,0,0,0,0,0,0,0,0,0,0,0,0,0,0,100808
1,1,1,1,985,1086,517,-116,221,100,21,58,52,0,0,0,0,0,0,0,0,0,0,0,0,0,0,0,0,0,0,0,0,0,0,100818
1,1,1,1,1022,1115,495,-125,236,98,20,62,57,0,0,0,0,0,0,0,0,0,0,0,0,0,0,0,0,0,0,0,0,0,0,100828
1,1,1,1,988,1138,561,-178,208,94,23,65,60,0,0,0,0,0,0,0,0,0,0,0,0,0,0,0,0,0,0,0,0,0,0,100838
1,1,1,1,978,1112,528,-247,228,91,22,67,65,0,0,0,0,0,0,0,0,0,0,0,0,0,0,0,0,0,0,0,0,0,0,100848
1,1,1,1,993,1119,528,-254,246,108,23,71,68,0,0,0,0,0,0,0,0,0,0,0,0,0,0,0,0,0,0,0,0,0,0,100858
1,1,1,1,973,1071,600,-233,206,109,23,75,71,0,0,0,0,0,0,0,0,0,0,0,0,0,0,0,0,0,0,0,0,0,0,100868
1,1,1,1,953,1006,584,-158,209,103,26,74,74,0,0,0,0,0,0,0,0,0,0,0,0,0,0,0,0,0,0,0,0,0,0,100878
1,1,1,1,972,1015,530,-92,258,125,28,76,73,0,0,0,0,0,0,0,0,0,0,0,0,0,0,0,0,0,0,0,0,0,0,100888
1,1,1,1,989,1042,535,-97,279,140,26,77,74,0,0,0,0,0,0,0,0,0,0,0,0,0,0,0,0,0,0,0,0,0,0,100898
1,1,1,1,953,1011,588,-135,283,134,29,78,75,0,0,0,0,0,0,0,0,0,0,0,0,0,0,0,0,0,0,0,0,0,0,100908
1,1,1,1,970,1014,663,-81,209,136,28,78,77,0,0,0,0,0,0,0,0,0,0,0,0,0,0,0,0,0,0,0,0,0,0,100918
1,1,1,1,951,1005,565,-78,192,119,26,75,76,0,0,0,0,0,0,0,0,0,0,0,0,0,0,0,0,0,0,0,0,0,0,100928
1,1,1,1,982,1066,469,-84,266,138,26,76,76,0,0,0,0,0,0,0,0,0,0,0,0,0,0,0,0,0,0,0,0,0,0,100938
1,1,1,1,1005,1098,452,-80,345,180,27,79,74,0,0,0,0,0,0,0,0,0,0,0,0,0,0,0,0,0,0,0,0,0,0,100948
1,1,1,1,978,1086,432,-145,443,219,21,82,75,0,0,0,0,0,0,0,0,0,0,0,0,0,0,0,0,0,0,0,0,0,0,100958
1,1,1,1,1052,1158,444,-152,554,296,25,82,76,0,0,0,0,0,0,0,0,0,0,0,0,0,0,0,0,0,0,0,0,0,0,100968
1,1,1,1,989,1088,766,-59,417,328,27,81,78,0,0,0,0,0,0,0,0,0,0,0,0,0,0,0,0,0,0,0,0,0,0,100978
1,1,1,1,914,971,765,-106,328,241,27,79,77,0,0,0,0,0,0,0,0,0,0,0,0,0,0,0,0,0,0,0,0,0,0,100988
1,1,1,1,923,990,796,-72,189,162,23,80,80,0,0,0,0,0,0,0,0,0,0,0,0,0,0,0,0,0,0,0,0,0,0,100998
1,1,1,1,851,964,829,-63,103,104,26,80,81,0,0,0,0,0,0,0,0,0,0,0,0,0,0,0,0,0,0,0,0,0,0,101008
1,1,1,1,831,952,785,-28,59,70,25,77,81,0,0,0,0,0,0,0,0,0,0,0,0,0,0,0,0,0,0,0,0,0,0,101018
1,1,1,1,846,999,718,-4,62,73,25,74,80,0,0,0,0,0,0,0,0,0,0,0,0,0,0,0,0,0,0,0,0,0,0,101028
1,1,1,1,898,1007,677,48,52,81,23,72,84,0,0,0,0,0,0,0,0,0,0,0,0,0,0,0,0,0,0,0,0,0,0,101038
1,1,1,1,976,997,603,74,53,68,17,72,88,0,0,0,0,0,0,0,0,0,0,0,0,0,0,0,0,0,0,0,0,0,0,101048
1,1,1,1,1028,1027,560,88,60,48,16,70,91,0,0,0,0,0,0,0,0,0,0,0,0,0,0,0,0,0,0,0,0,0,0,101058
1,1,1,1,1058,1059,512,106,74,46,16,70,92,0,0,0,0,0,0,0,0,0,0,0,0,0,0,0,0,0,0,0,0,0,0,101068
1,1,1,1,1036,1052,559,111,79,37,14,70,95,0,0,0,0,0,0,0,0,0,0,0,0,0,0,0,0,0,0,0,0,0,0,101078
1,1,1,1,992,1032,610,75,63,14,14,71,91,0,0,0,0,0,0,0,0,0,0,0,0,0,0,0,0,0,0,0,0,0,0,101088
1,1,1,1,959,1018,621,74,45,-5,13,70,92,0,0,0,0,0,0,0,0,0,0,0,0,0,0,0,0,0,0,0,0,0,0,101098
1,1,1,1,940,1042,640,94,33,1,10,71,96,0,0,0,0,0,0,0,0,0,0,0,0,0,0,0,0,0,0,0,0,0,0,101108
1,1,1,1,924,1083,603,115,47,24,11,69,95,0,0,0,0,0,0,0,0,0,0,0,0,0,0,0,0,0,0,0,0,0,0,101118
1,1,1,1,902,1067,629,116,47,33,8,69,98,0,0,0,0,0,0,0,0,0,0,0,0,0,0,0,0,0,0,0,0,0,0,101128
1,1,1,1,912,1044,681,15,17,16,6,68,98,0,0,0,0,0,0,0,0,0,0,0,0,0,0,0,0,0,0,0,0,0,0,101138
1,1,1,1,914,1052,661,32,-25,-9,5,67,99,0,0,0,0,0,0,0,0,0,0,0,0,0,0,0,0,0,0,0,0,0,0,101148
1,1,1,1,958,1063,559,16,2,-38,5,67,99,0,0,0,0,0,0,0,0,0,0,0,0,0,0,0,0,0,0,0,0,0,0,101158
1,1,1,1,988,1122,506,39,19,-41,3,67,100,0,0,0,0,0,0,0,0,0,0,0,0,0,0,0,0,0,0,0,0,0,0,101168
1,1,1,1,1030,1092,578,-121,30,-35,5,67,101,0,0,0,0,0,0,0,0,0,0,0,0,0,0,0,0,0,0,0,0,0,0,101178
1,1,1,1,1001,1106,494,-47,42,-25,4,68,99,0,0,0,0,0,0,0,0,0,0,0,0,0,0,0,0,0,0,0,0,0,0,101188
1,1,1,1,984,1057,582,1,43,-12,5,68,97,0,0,0,0,0,0,0,0,0,0,0,0,0,0,0,0,0,0,0,0,0,0,101198
1,1,1,1,938,1033,620,9,29,-17,7,68,94,0,0,0,0,0,0,0,0,0,0,0,0,0,0,0,0,0,0,0,0,0,0,101208
1,1,1,1,941,1056,584,71,27,7,8,68,94,0,0,0,0,0,0,0,0,0,0,0,0,0,0,0,0,0,0,0,0,0,0,101218
1,1,1,1,934,1057,601,143,43,50,10,69,95,0,0,0,0,0,0,0,0,0,0,0,0,0,0,0,0,0,0,0,0,0,0,101228
1,1,1,1,898,1052,634,135,45,72,8,71,93,0,0,0,0,0,0,0,0,0,0,0,0,0,0,0,0,0,0,0,0,0,0,101238
1,1,1,1,902,1066,637,133,39,97,9,70,91,0,0,0,0,0,0,0,0,0,0,0,0,0,0,0,0,0,0,0,0,0,0,101248
1,1,1,1,938,1050,619,124,47,105,10,70,95,0,0,0,0,0,0,0,0,0,0,0,0,0,0,0,0,0,0,0,0,0,0,101258
1,1,1,1,985,1059,596,74,46,88,10,71,94,0,0,0,0,0,0,0,0,0,0,0,0,0,0,0,0,0,0,0,0,0,0,101268
1,1,1,1,1009,1070,606,26,31,70,13,67,93,0,0,0,0,0,0,0,0,0,0,0,0,0,0,0,0,0,0,0,0,0,0,101278
1,1,1,1,1019,1045,624,6,20,48,12,71,94,0,0,0,0,0,0,0,0,0,0,0,0,0,0,0,0,0,0,0,0,0,0,101288
1,1,1,1,1025,1039,622,-7,14,25,11,73,99,0,0,0,0,0,0,0,0,0,0,0,0,0,0,0,0,0,0,0,0,0,0,101298
1,1,1,1,1043,1041,596,3,14,28,13,69,95,0,0,0,0,0,0,0,0,0,0,0,0,0,0,0,0,0,0,0,0,0,0,101308
1,1,1,1,1045,1048,600,49,40,57,14,70,94,0,0,0,0,0,0,0,0,0,0,0,0,0,0,0,0,0,0,0,0,0,0,101318
1,1,1,1,1019,1030,603,82,51,78,16,71,93,0,0,0,0,0,0,0,0,0,0,0,0,0,0,0,0,0,0,0,0,0,0,101328
1,1,1,1,985,1024,612,92,56,84,17,71,94,0,0,0,0,0,0,0,0,0,0,0,0,0,0,0,0,0,0,0,0,0,0,101338
1,1,1,1,953,1037,621,104,58,93,16,71,93,0,0,0,0,0,0,0,0,0,0,0,0,0,0,0,0,0,0,0,0,0,0,101348
1,1,1,1,929,1023,632,107,54,87,15,72,97,0,0,0,0,0,0,0,0,0,0,0,0,0,0,0,0,0,0,0,0,0,0,101358
1,1,1,1,921,1039,630,105,48,87,15,72,95,0,0,0,0,0,0,0,0,0,0,0,0,0,0,0,0,0,0,0,0,0,0,101368
1,1,1,1,929,1035,628,118,50,100,13,71,94,0,0,0,0,0,0,0,0,0,0,0,0,0,0,0,0,0,0,0,0,0,0,101378
1,1,1,1,952,1020,602,120,52,95,13,71,97,0,0,0,0,0,0,0,0,0,0,0,0,0,0,0,0,0,0,0,0,0,0,101388
1,1,1,1,980,1027,568,111,49,84,14,71,96,0,0,0,0,0,0,0,0,0,0,0,0,0,0,0,0,0,0,0,0,0,0,101398
1,1,1,1,983,1037,581,105,48,79,13,72,97,0,0,0,0,0,0,0,0,0,0,0,0,0,0,0,0,0,0,0,0,0,0,101408
1,1,1,1,958,1028,609,93,51,69,15,71,94,0,0,0,0,0,0,0,0,0,0,0,0,0,0,0,0,0,0,0,0,0,0,101418
1,1,1,1,954,1034,598,66,44,54,15,71,95,0,0,0,0,0,0,0,0,0,0,0,0,0,0,0,0,0,0,0,0,0,0,101428
1,1,1,1,950,1058,590,43,36,49,12,71,94,0,0,0,0,0,0,0,0,0,0,0,0,0,0,0,0,0,0,0,0,0,0,101438
1,1,1,1,944,1057,583,45,35,55,14,71,96,0,0,0,0,0,0,0,0,0,0,0,0,0,0,0,0,0,0,0,0,0,0,101448
1,1,1,1,966,1061,577,49,31,58,13,71,97,0,0,0,0,0,0,0,0,0,0,0,0,0,0,0,0,0,0,0,0,0,0,101458
1,1,1,1,962,1046,581,50,17,51,12,71,97,0,0,0,0,0,0,0,0,0,0,0,0,0,0,0,0,0,0,0,0,0,0,101468
1,1,1,1,972,1052,580,31,8,41,12,71,99,0,0,0,0,0,0,0,0,0,0,0,0,0,0,0,0,0,0,0,0,0,0,101478
1,1,1,1,982,1053,583,21,13,42,12,71,98,0,0,0,0,0,0,0,0,0,0,0,0,0,0,0,0,0,0,0,0,0,0,101488
1,1,1,1,970,1032,606,-10,8,27,11,71,100,0,0,0,0,0,0,0,0,0,0,0,0,0,0,0,0,0,0,0,0,0,0,101498
1,1,1,1,978,1042,600,-23,4,22,12,71,99,0,0,0,0,0,0,0,0,0,0,0,0,0,0,0,0,0,0,0,0,0,0,101508
1,1,1,1,991,1043,591,-23,3,27,12,70,99,0,0,0,0,0,0,0,0,0,0,0,0,0,0,0,0,0,0,0,0,0,0,101518
1,1,1,1,993,1045,602,-13,7,30,9,71,101,0,0,0,0,0,0,0,0,0,0,0,0,0,0,0,0,0,0,0,0,0,0,101528
1,1,1,1,1000,1039,595,20,17,35,10,71,100,0,0,0,0,0,0,0,0,0,0,0,0,0,0,0,0,0,0,0,0,0,0,101538
1,1,1,1,1007,1047,567,50,10,32,9,70,97,0,0,0,0,0,0,0,0,0,0,0,0,0,0,0,0,0,0,0,0,0,0,101548
1,1,1,1,998,1053,570,73,19,27,11,72,100,0,0,0,0,0,0,0,0,0,0,0,0,0,0,0,0,0,0,0,0,0,0,101558
1,1,1,1,975,1047,597,76,15,14,8,73,101,0,0,0,0,0,0,0,0,0,0,0,0,0,0,0,0,0,0,0,0,0,0,101568
1,1,1,1,977,1068,589,52,11,3,9,71,97,0,0,0,0,0,0,0,0,0,0,0,0,0,0,0,0,0,0,0,0,0,0,101588
1,1,1,1,984,1068,587,31,8,-4,10,71,99,0,0,0,0,0,0,0,0,0,0,0,0,0,0,0,0,0,0,0,0,0,0,101598
1,1,1,1,989,1070,580,28,9,-2,6,75,101,0,0,0,0,0,0,0,0,0,0,0,0,0,0,0,0,0,0,0,0,0,0,101608
1,1,1,1,1003,1073,567,25,13,-3,9,72,101,0,0,0,0,0,0,0,0,0,0,0,0,0,0,0,0,0,0,0,0,0,0,101618
1,1,1,1,1000,1075,570,25,11,3,12,71,98,0,0,0,0,0,0,0,0,0,0,0,0,0,0,0,0,0,0,0,0,0,0,101628
1,1,1,1,987,1063,578,39,-1,0,14,72,98,0,0,0,0,0,0,0,0,0,0,0,0,0,0,0,0,0,0,0,0,0,0,101638
1,1,1,1,980,1057,571,54,13,1,14,71,96,0,0,0,0,0,0,0,0,0,0,0,0,0,0,0,0,0,0,0,0,0,0,101648
1,1,1,1,975,1061,579,52,12,6,14,73,97,0,0,0,0,0,0,0,0,0,0,0,0,0,0,0,0,0,0,0,0,0,0,101658
1,1,1,1,961,1045,611,39,6,4,13,73,96,0,0,0,0,0,0,0,0,0,0,0,0,0,0,0,0,0,0,0,0,0,0,101668
1,1,1,1,959,1034,620,29,-4,-8,13,73,96,0,0,0,0,0,0,0,0,0,0,0,0,0,0,0,0,0,0,0,0,0,0,101678
1,1,1,1,984,1031,604,38,5,8,12,72,95,0,0,0,0,0,0,0,0,0,0,0,0,0,0,0,0,0,0,0,0,0,0,101688
1,1,1,1,992,1022,605,62,23,23,13,72,96,0,0,0,0,0,0,0,0,0,0,0,0,0,0,0,0,0,0,0,0,0,0,101698
1,1,1,1,994,1021,593,78,20,24,12,72,92,0,0,0,0,0,0,0,0,0,0,0,0,0,0,0,0,0,0,0,0,0,0,101708
1,1,1,1,991,1038,587,84,21,30,12,72,91,0,0,0,0,0,0,0,0,0,0,0,0,0,0,0,0,0,0,0,0,0,0,101718
1,1,1,1,985,1056,563,80,13,31,12,73,93,0,0,0,0,0,0,0,0,0,0,0,0,0,0,0,0,0,0,0,0,0,0,101728
1,1,1,1,983,1060,549,94,17,29,13,73,91,0,0,0,0,0,0,0,0,0,0,0,0,0,0,0,0,0,0,0,0,0,0,101738
1,1,1,1,957,1068,566,94,14,25,12,74,90,0,0,0,0,0,0,0,0,0,0,0,0,0,0,0,0,0,0,0,0,0,0,101748
1,1,1,1,948,1074,578,71,11,18,14,73,92,0,0,0,0,0,0,0,0,0,0,0,0,0,0,0,0,0,0,0,0,0,0,101758
1,1,1,1,947,1075,585,44,-1,12,13,74,90,0,0,0,0,0,0,0,0,0,0,0,0,0,0,0,0,0,0,0,0,0,0,101768
1,1,1,1,965,1077,581,30,-5,10,15,74,93,0,0,0,0,0,0,0,0,0,0,0,0,0,0,0,0,0,0,0,0,0,0,101778
1,1,1,1,978,1054,597,30,-11,1,17,73,91,0,0,0,0,0,0,0,0,0,0,0,0,0,0,0,0,0,0,0,0,0,0,101788
1,1,1,1,985,1041,601,47,-14,-4,17,73,90,0,0,0,0,0,0,0,0,0,0,0,0,0,0,0,0,0,0,0,0,0,0,101798
1,1,1,1,1004,1035,587,65,-8,0,16,73,90,0,0,0,0,0,0,0,0,0,0,0,0,0,0,0,0,0,0,0,0,0,0,101808
1,1,1,1,1010,1039,572,85,3,2,16,73,89,0,0,0,0,0,0,0,0,0,0,0,0,0,0,0,0,0,0,0,0,0,0,101818
1,1,1,1,998,1051,577,79,7,5,14,73,91,0,0,0,0,0,0,0,0,0,0,0,0,0,0,0,0,0,0,0,0,0,0,101828
1,1,1,1,982,1056,580,64,7,-1,17,73,90,0,0,0,0,0,0,0,0,0,0,0,0,0,0,0,0,0,0,0,0,0,0,101838
1,1,1,1,975,1077,571,62,17,1,17,71,85,0,0,0,0,0,0,0,0,0,0,0,0,0,0,0,0,0,0,0,0,0,0,101848
1,1,1,1,975,1075,574,68,7,-1,15,73,88,0,0,0,0,0,0,0,0,0,0,0,0,0,0,0,0,0,0,0,0,0,0,101858
1,1,1,1,975,1070,566,58,-1,-15,15,74,92,0,0,0,0,0,0,0,0,0,0,0,0,0,0,0,0,0,0,0,0,0,0,101868
1,1,1,1,968,1076,571,47,-3,-21,15,75,92,0,0,0,0,0,0,0,0,0,0,0,0,0,0,0,0,0,0,0,0,0,0,101878
1,1,1,1,971,1078,571,35,-10,-23,15,72,89,0,0,0,0,0,0,0,0,0,0,0,0,0,0,0,0,0,0,0,0,0,0,101888
1,1,1,1,971,1072,573,27,-3,-23,14,74,89,0,0,0,0,0,0,0,0,0,0,0,0,0,0,0,0,0,0,0,0,0,0,101898
1,1,1,1,969,1068,575,18,-11,-25,14,75,93,0,0,0,0,0,0,0,0,0,0,0,0,0,0,0,0,0,0,0,0,0,0,101908
1,1,1,1,974,1058,567,22,-5,-22,15,74,93,0,0,0,0,0,0,0,0,0,0,0,0,0,0,0,0,0,0,0,0,0,0,101918
1,1,1,1,978,1073,561,8,-9,-17,13,76,94,0,0,0,0,0,0,0,0,0,0,0,0,0,0,0,0,0,0,0,0,0,0,101928
1,1,1,1,971,1059,567,-4,-13,-13,17,72,92,0,0,0,0,0,0,0,0,0,0,0,0,0,0,0,0,0,0,0,0,0,0,101938
1,1,1,1,986,1059,559,4,-18,-11,17,72,92,0,0,0,0,0,0,0,0,0,0,0,0,0,0,0,0,0,0,0,0,0,0,101948
1,1,1,1,987,1059,559,12,-13,-5,16,73,95,0,0,0,0,0,0,0,0,0,0,0,0,0,0,0,0,0,0,0,0,0,0,101958
1,1,1,1,981,1054,564,4,-10,-7,16,74,94,0,0,0,0,0,0,0,0,0,0,0,0,0,0,0,0,0,0,0,0,0,0,101968
1,1,1,1,979,1064,572,-14,-10,-12,15,73,94,0,0,0,0,0,0,0,0,0,0,0,0,0,0,0,0,0,0,0,0,0,0,101978
1,1,1,1,984,1068,565,-29,2,-13,13,73,94,0,0,0,0,0,0,0,0,0,0,0,0,0,0,0,0,0,0,0,0,0,0,101998
1,1,1,1,979,1062,567,-30,-3,-16,13,74,92,0,0,0,0,0,0,0,0,0,0,0,0,0,0,0,0,0,0,0,0,0,0,102008
1,1,1,1,976,1056,582,-41,-7,-25,16,73,89,0,0,0,0,0,0,0,0,0,0,0,0,0,0,0,0,0,0,0,0,0,0,102018
1,1,1,1,977,1054,581,-35,-4,-22,15,73,91,0,0,0,0,0,0,0,0,0,0,0,0,0,0,0,0,0,0,0,0,0,0,102028
1,1,1,1,972,1044,581,-13,5,-13,15,74,92,0,0,0,0,0,0,0,0,0,0,0,0,0,0,0,0,0,0,0,0,0,0,102038
1,1,1,1,977,1055,567,3,13,-3,13,73,91,0,0,0,0,0,0,0,0,0,0,0,0,0,0,0,0,0,0,0,0,0,0,102048
1,1,1,1,985,1047,561,14,11,3,14,73,91,0,0,0,0,0,0,0,0,0,0,0,0,0,0,0,0,0,0,0,0,0,0,102058
1,1,1,1,968,1041,578,10,14,-1,14,73,92,0,0,0,0,0,0,0,0,0,0,0,0,0,0,0,0,0,0,0,0,0,0,102068
1,1,1,1,967,1057,572,2,8,-2,15,74,93,0,0,0,0,0,0,0,0,0,0,0,0,0,0,0,0,0,0,0,0,0,0,102078
1,1,1,1,975,1059,570,1,8,-1,15,74,91,0,0,0,0,0,0,0,0,0,0,0,0,0,0,0,0,0,0,0,0,0,0,102088
1,1,1,1,977,1068,572,-6,8,1,16,74,91,0,0,0,0,0,0,0,0,0,0,0,0,0,0,0,0,0,0,0,0,0,0,102098
1,1,1,1,978,1073,571,-8,11,-1,17,72,91,0,0,0,0,0,0,0,0,0,0,0,0,0,0,0,0,0,0,0,0,0,0,102108
1,1,1,1,982,1065,574,-7,7,-5,18,72,91,0,0,0,0,0,0,0,0,0,0,0,0,0,0,0,0,0,0,0,0,0,0,102118
1,1,1,1,983,1071,568,-15,1,-9,17,73,91,0,0,0,0,0,0,0,0,0,0,0,0,0,0,0,0,0,0,0,0,0,0,102128
1,1,1,1,982,1071,568,-25,0,-11,16,73,92,0,0,0,0,0,0,0,0,0,0,0,0,0,0,0,0,0,0,0,0,0,0,102138
1,1,1,1,980,1068,577,-25,2,-7,14,74,92,0,0,0,0,0,0,0,0,0,0,0,0,0,0,0,0,0,0,0,0,0,0,102148
1,1,1,1,980,1061,586,-28,-2,-9,14,78,91,0,0,0,0,0,0,0,0,0,0,0,0,0,0,0,0,0,0,0,0,0,0,102158
1,1,1,1,984,1060,581,-31,-9,-12,16,71,89,0,0,0,0,0,0,0,0,0,0,0,0,0,0,0,0,0,0,0,0,0,0,102168
1,1,1,1,983,1070,581,-31,-9,-10,15,72,89,0,0,0,0,0,0,0,0,0,0,0,0,0,0,0,0,0,0,0,0,0,0,102178
1,1,1,1,979,1052,582,-22,4,-10,15,73,90,0,0,0,0,0,0,0,0,0,0,0,0,0,0,0,0,0,0,0,0,0,0,102188
1,1,1,1,972,1058,585,-21,-1,-15,14,73,91,0,0,0,0,0,0,0,0,0,0,0,0,0,0,0,0,0,0,0,0,0,0,102198
1,1,1,1,974,1065,568,-12,0,-15,13,75,91,0,0,0,0,0,0,0,0,0,0,0,0,0,0,0,0,0,0,0,0,0,0,102208
1,1,1,1,960,1058,570,-6,6,-14,15,70,93,0,0,0,0,0,0,0,0,0,0,0,0,0,0,0,0,0,0,0,0,0,0,102218
1,1,1,1,955,1064,564,1,9,-8,15,73,91,0,0,0,0,0,0,0,0,0,0,0,0,0,0,0,0,0,0,0,0,0,0,102228
1,1,1,1,959,1060,562,5,5,-6,16,70,91,0,0,0,0,0,0,0,0,0,0,0,0,0,0,0,0,0,0,0,0,0,0,102238
1,1,1,1,973,1065,564,2,-5,-4,14,73,90,0,0,0,0,0,0,0,0,0,0,0,0,0,0,0,0,0,0,0,0,0,0,102248
1,1,1,1,974,1052,581,-7,-10,-10,16,73,89,0,0,0,0,0,0,0,0,0,0,0,0,0,0,0,0,0,0,0,0,0,0,102258
1,1,1,1,978,1057,578,-7,-8,-6,16,72,93,0,0,0,0,0,0,0,0,0,0,0,0,0,0,0,0,0,0,0,0,0,0,102268
1,1,1,1,980,1053,576,-7,-11,0,13,72,94,0,0,0,0,0,0,0,0,0,0,0,0,0,0,0,0,0,0,0,0,0,0,102278
1,1,1,1,980,1057,568,-6,-8,1,15,72,92,0,0,0,0,0,0,0,0,0,0,0,0,0,0,0,0,0,0,0,0,0,0,102288
1,1,1,1,975,1059,573,-9,-6,2,14,72,93,0,0,0,0,0,0,0,0,0,0,0,0,0,0,0,0,0,0,0,0,0,0,102298
1,1,1,1,982,1060,568,-10,-3,2,14,71,90,0,0,0,0,0,0,0,0,0,0,0,0,0,0,0,0,0,0,0,0,0,0,102308
1,1,1,1,989,1071,554,6,11,7,17,72,92,0,0,0,0,0,0,0,0,0,0,0,0,0,0,0,0,0,0,0,0,0,0,102318
1,1,1,1,982,1068,572,19,11,4,18,72,91,0,0,0,0,0,0,0,0,0,0,0,0,0,0,0,0,0,0,0,0,0,0,102328
1,1,1,1,987,1068,571,20,11,-5,16,72,94,0,0,0,0,0,0,0,0,0,0,0,0,0,0,0,0,0,0,0,0,0,0,102338
1,1,1,1,985,1074,570,23,16,-14,16,72,93,0,0,0,0,0,0,0,0,0,0,0,0,0,0,0,0,0,0,0,0,0,0,102348
1,1,1,1,974,1074,576,20,15,-17,15,73,94,0,0,0,0,0,0,0,0,0,0,0,0,0,0,0,0,0,0,0,0,0,0,102358
1,1,1,1,968,1073,587,0,12,-21,15,72,95,0,0,0,0,0,0,0,0,0,0,0,0,0,0,0,0,0,0,0,0,0,0,102368
1,1,1,1,972,1066,571,10,12,-14,16,72,93,0,0,0,0,0,0,0,0,0,0,0,0,0,0,0,0,0,0,0,0,0,0,102378
1,1,1,1,966,1051,575,21,10,-9,16,72,93,0,0,0,0,0,0,0,0,0,0,0,0,0,0,0,0,0,0,0,0,0,0,102388
1,1,1,1,969,1047,560,46,2,0,17,73,92,0,0,0,0,0,0,0,0,0,0,0,0,0,0,0,0,0,0,0,0,0,0,102408
1,1,1,1,968,1055,562,60,3,7,19,73,93,0,0,0,0,0,0,0,0,0,0,0,0,0,0,0,0,0,0,0,0,0,0,102418
1,1,1,1,964,1071,568,53,7,13,20,73,91,0,0,0,0,0,0,0,0,0,0,0,0,0,0,0,0,0,0,0,0,0,0,102428
1,1,1,1,970,1073,567,44,10,13,18,73,91,0,0,0,0,0,0,0,0,0,0,0,0,0,0,0,0,0,0,0,0,0,0,102438
1,1,1,1,978,1076,577,41,14,14,17,73,91,0,0,0,0,0,0,0,0,0,0,0,0,0,0,0,0,0,0,0,0,0,0,102448
1,1,1,1,980,1067,582,38,10,12,17,73,91,0,0,0,0,0,0,0,0,0,0,0,0,0,0,0,0,0,0,0,0,0,0,102458
1,1,1,1,984,1063,584,29,4,5,17,73,92,0,0,0,0,0,0,0,0,0,0,0,0,0,0,0,0,0,0,0,0,0,0,102468
1,1,1,1,981,1068,571,34,12,3,18,74,89,0,0,0,0,0,0,0,0,0,0,0,0,0,0,0,0,0,0,0,0,0,0,102478
1,1,1,1,974,1060,582,32,8,-4,18,72,91,0,0,0,0,0,0,0,0,0,0,0,0,0,0,0,0,0,0,0,0,0,0,102488
1,1,1,1,966,1073,570,36,11,3,16,72,92,0,0,0,0,0,0,0,0,0,0,0,0,0,0,0,0,0,0,0,0,0,0,102498
1,1,1,1,962,1069,566,33,13,0,14,74,92,0,0,0,0,0,0,0,0,0,0,0,0,0,0,0,0,0,0,0,0,0,0,102508
1,1,1,1,960,1078,564,22,15,-3,17,72,90,0,0,0,0,0,0,0,0,0,0,0,0,0,0,0,0,0,0,0,0,0,0,102518
1,1,1,1,962,1074,562,18,16,-1,17,72,92,0,0,0,0,0,0,0,0,0,0,0,0,0,0,0,0,0,0,0,0,0,0,102528
1,1,1,1,961,1073,561,15,14,-3,18,72,92,0,0,0,0,0,0,0,0,0,0,0,0,0,0,0,0,0,0,0,0,0,0,102538
1,1,1,1,964,1062,567,8,7,-7,19,73,93,0,0,0,0,0,0,0,0,0,0,0,0,0,0,0,0,0,0,0,0,0,0,102548
1,1,1,1,967,1069,568,17,5,-4,18,73,91,0,0,0,0,0,0,0,0,0,0,0,0,0,0,0,0,0,0,0,0,0,0,102558
1,1,1,1,970,1067,579,22,4,-2,19,74,94,0,0,0,0,0,0,0,0,0,0,0,0,0,0,0,0,0,0,0,0,0,0,102568
1,1,1,1,974,1064,576,12,-1,-4,19,72,94,0,0,0,0,0,0,0,0,0,0,0,0,0,0,0,0,0,0,0,0,0,0,102578
1,1,1,1,973,1066,571,12,3,-4,18,72,92,0,0,0,0,0,0,0,0,0,0,0,0,0,0,0,0,0,0,0,0,0,0,102588
1,1,1,1,965,1073,569,12,9,0,17,72,91,0,0,0,0,0,0,0,0,0,0,0,0,0,0,0,0,0,0,0,0,0,0,102598
1,1,1,1,965,1064,568,-7,1,-6,19,72,90,0,0,0,0,0,0,0,0,0,0,0,0,0,0,0,0,0,0,0,0,0,0,102608
1,1,1,1,961,1067,574,-9,0,-7,19,71,90,0,0,0,0,0,0,0,0,0,0,0,0,0,0,0,0,0,0,0,0,0,0,102618
1,1,1,1,963,1072,576,2,9,-3,19,72,93,0,0,0,0,0,0,0,0,0,0,0,0,0,0,0,0,0,0,0,0,0,0,102628
1,1,1,1,969,1080,564,-2,6,-8,19,72,92,0,0,0,0,0,0,0,0,0,0,0,0,0,0,0,0,0,0,0,0,0,0,102638
1,1,1,1,960,1080,567,-4,7,-12,19,72,91,0,0,0,0,0,0,0,0,0,0,0,0,0,0,0,0,0,0,0,0,0,0,102648
1,1,1,1,960,1079,566,5,14,-13,18,72,90,0,0,0,0,0,0,0,0,0,0,0,0,0,0,0,0,0,0,0,0,0,0,102658
1,1,1,1,960,1093,562,-11,0,-15,17,72,92,0,0,0,0,0,0,0,0,0,0,0,0,0,0,0,0,0,0,0,0,0,0,102668
1,1,1,1,960,1090,566,-23,9,-18,19,71,89,0,0,0,0,0,0,0,0,0,0,0,0,0,0,0,0,0,0,0,0,0,0,102678
1,1,1,1,962,1083,563,-13,0,-23,17,72,92,0,0,0,0,0,0,0,0,0,0,0,0,0,0,0,0,0,0,0,0,0,0,102688
1,1,1,1,964,1088,570,-12,0,-27,18,72,91,0,0,0,0,0,0,0,0,0,0,0,0,0,0,0,0,0,0,0,0,0,0,102698
1,1,1,1,969,1081,562,-23,1,-34,16,73,89,0,0,0,0,0,0,0,0,0,0,0,0,0,0,0,0,0,0,0,0,0,0,102708
1,1,1,1,963,1071,565,-27,3,-37,19,72,94,0,0,0,0,0,0,0,0,0,0,0,0,0,0,0,0,0,0,0,0,0,0,102718
1,1,1,1,963,1062,569,-23,3,-33,19,73,92,0,0,0,0,0,0,0,0,0,0,0,0,0,0,0,0,0,0,0,0,0,0,102728
1,1,1,1,965,1064,568,-12,-2,-31,15,73,88,0,0,0,0,0,0,0,0,0,0,0,0,0,0,0,0,0,0,0,0,0,0,102738
1,1,1,1,963,1071,569,-12,10,-21,16,74,89,0,0,0,0,0,0,0,0,0,0,0,0,0,0,0,0,0,0,0,0,0,0,102748
1,1,1,1,956,1054,581,-9,3,-15,15,74,90,0,0,0,0,0,0,0,0,0,0,0,0,0,0,0,0,0,0,0,0,0,0,102758
1,1,1,1,958,1059,571,8,3,-18,14,75,89,0,0,0,0,0,0,0,0,0,0,0,0,0,0,0,0,0,0,0,0,0,0,102768
1,1,1,1,956,1076,561,6,4,-17,15,75,87,0,0,0,0,0,0,0,0,0,0,0,0,0,0,0,0,0,0,0,0,0,0,102778
1,1,1,1,946,1074,573,-8,6,-16,18,73,90,0,0,0,0,0,0,0,0,0,0,0,0,0,0,0,0,0,0,0,0,0,0,102788
1,1,1,1,953,1063,572,4,2,-12,16,75,92,0,0,0,0,0,0,0,0,0,0,0,0,0,0,0,0,0,0,0,0,0,0,102798
1,1,1,1,965,1051,573,6,-2,-18,15,71,88,0,0,0,0,0,0,0,0,0,0,0,0,0,0,0,0,0,0,0,0,0,0,102808
1,1,1,1,969,1061,576,17,0,-7,15,75,92,0,0,0,0,0,0,0,0,0,0,0,0,0,0,0,0,0,0,0,0,0,0,102818
1,1,1,1,962,1056,577,24,0,-2,16,75,90,0,0,0,0,0,0,0,0,0,0,0,0,0,0,0,0,0,0,0,0,0,0,102828
1,1,1,1,962,1056,577,22,-6,-1,18,72,90,0,0,0,0,0,0,0,0,0,0,0,0,0,0,0,0,0,0,0,0,0,0,102838
1,1,1,1,965,1074,564,29,0,2,19,73,90,0,0,0,0,0,0,0,0,0,0,0,0,0,0,0,0,0,0,0,0,0,0,102848
1,1,1,1,956,1068,585,21,1,-5,20,74,90,0,0,0,0,0,0,0,0,0,0,0,0,0,0,0,0,0,0,0,0,0,0,102858
1,1,1,1,957,1071,585,18,1,-7,19,73,89,0,0,0,0,0,0,0,0,0,0,0,0,0,0,0,0,0,0,0,0,0,0,102868
1,1,1,1,963,1075,579,15,-3,-7,18,74,90,0,0,0,0,0,0,0,0,0,0,0,0,0,0,0,0,0,0,0,0,0,0,102878
1,1,1,1,964,1066,574,18,-9,-13,19,73,91,0,0,0,0,0,0,0,0,0,0,0,0,0,0,0,0,0,0,0,0,0,0,102888
1,1,1,1,958,1071,575,29,-2,-9,17,74,90,0,0,0,0,0,0,0,0,0,0,0,0,0,0,0,0,0,0,0,0,0,0,102898
1,1,1,1,953,1068,575,38,-3,-4,18,74,89,0,0,0,0,0,0,0,0,0,0,0,0,0,0,0,0,0,0,0,0,0,0,102908
1,1,1,1,960,1056,571,35,3,-4,20,74,88,0,0,0,0,0,0,0,0,0,0,0,0,0,0,0,0,0,0,0,0,0,0,102918
1,1,1,1,956,1058,573,31,0,1,19,73,90,0,0,0,0,0,0,0,0,0,0,0,0,0,0,0,0,0,0,0,0,0,0,102928
1,1,1,1,956,1053,576,33,3,7,21,73,91,0,0,0,0,0,0,0,0,0,0,0,0,0,0,0,0,0,0,0,0,0,0,102938
1,1,1,1,960,1066,569,23,8,8,21,73,90,0,0,0,0,0,0,0,0,0,0,0,0,0,0,0,0,0,0,0,0,0,0,102948
1,1,1,1,963,1074,560,17,9,13,19,73,88,0,0,0,0,0,0,0,0,0,0,0,0,0,0,0,0,0,0,0,0,0,0,102958
1,1,1,1,955,1075,570,10,11,12,20,73,89,0,0,0,0,0,0,0,0,0,0,0,0,0,0,0,0,0,0,0,0,0,0,102968
1,1,1,1,953,1084,556,12,8,13,20,73,90,0,0,0,0,0,0,0,0,0,0,0,0,0,0,0,0,0,0,0,0,0,0,102978
1,1,1,1,949,1086,561,8,15,7,17,73,89,0,0,0,0,0,0,0,0,0,0,0,0,0,0,0,0,0,0,0,0,0,0,102988
1,1,1,1,952,1085,562,1,4,5,18,73,91,0,0,0,0,0,0,0,0,0,0,0,0,0,0,0,0,0,0,0,0,0,0,102998
1,1,1,1,967,1065,561,7,-3,3,19,74,88,0,0,0,0,0,0,0,0,0,0,0,0,0,0,0,0,0,0,0,0,0,0,103018
1,1,1,1,970,1062,563,19,1,6,22,73,89,0,0,0,0,0,0,0,0,0,0,0,0,0,0,0,0,0,0,0,0,0,0,103028
1,1,1,1,965,1066,575,17,1,7,19,73,91,0,0,0,0,0,0,0,0,0,0,0,0,0,0,0,0,0,0,0,0,0,0,103038
1,1,1,1,965,1063,575,13,3,11,15,74,92,0,0,0,0,0,0,0,0,0,0,0,0,0,0,0,0,0,0,0,0,0,0,103048
1,1,1,1,962,1074,572,17,5,13,16,75,90,0,0,0,0,0,0,0,0,0,0,0,0,0,0,0,0,0,0,0,0,0,0,103058
1,1,1,1,958,1073,579,11,1,7,19,73,89,0,0,0,0,0,0,0,0,0,0,0,0,0,0,0,0,0,0,0,0,0,0,103068
1,1,1,1,961,1087,559,8,3,4,18,75,89,0,0,0,0,0,0,0,0,0,0,0,0,0,0,0,0,0,0,0,0,0,0,103078
1,1,1,1,963,1088,557,-3,8,0,16,74,92,0,0,0,0,0,0,0,0,0,0,0,0,0,0,0,0,0,0,0,0,0,0,103088
1,1,1,1,955,1094,557,-20,2,-9,13,73,91,0,0,0,0,0,0,0,0,0,0,0,0,0,0,0,0,0,0,0,0,0,0,103098
1,1,1,1,956,1094,556,-18,2,-8,15,75,91,0,0,0,0,0,0,0,0,0,0,0,0,0,0,0,0,0,0,0,0,0,0,103108
1,1,1,1,955,1077,568,-17,-8,-12,16,72,92,0,0,0,0,0,0,0,0,0,0,0,0,0,0,0,0,0,0,0,0,0,0,103118
1,1,1,1,965,1080,565,-11,-1,-9,16,72,89,0,0,0,0,0,0,0,0,0,0,0,0,0,0,0,0,0,0,0,0,0,0,103128
1,1,1,1,966,1076,573,-15,-10,-8,17,73,91,0,0,0,0,0,0,0,0,0,0,0,0,0,0,0,0,0,0,0,0,0,0,103138
1,1,1,1,970,1069,569,-5,-9,-6,19,71,92,0,0,0,0,0,0,0,0,0,0,0,0,0,0,0,0,0,0,0,0,0,0,103148
1,1,1,1,969,1067,568,8,-4,-1,17,72,90,0,0,0,0,0,0,0,0,0,0,0,0,0,0,0,0,0,0,0,0,0,0,103158
1,1,1,1,959,1065,575,10,0,-2,17,73,92,0,0,0,0,0,0,0,0,0,0,0,0,0,0,0,0,0,0,0,0,0,0,103168
1,1,1,1,958,1065,581,-1,-1,-9,15,73,90,0,0,0,0,0,0,0,0,0,0,0,0,0,0,0,0,0,0,0,0,0,0,103178
1,1,1,1,960,1081,570,-1,1,-10,16,73,92,0,0,0,0,0,0,0,0,0,0,0,0,0,0,0,0,0,0,0,0,0,0,103188
1,1,1,1,960,1081,570,-8,6,-12,16,72,91,0,0,0,0,0,0,0,0,0,0,0,0,0,0,0,0,0,0,0,0,0,0,103198
1,1,1,1,963,1087,566,-26,6,-15,17,72,91,0,0,0,0,0,0,0,0,0,0,0,0,0,0,0,0,0,0,0,0,0,0,103208
1,1,1,1,958,1076,559,-15,-2,-13,15,73,91,0,0,0,0,0,0,0,0,0,0,0,0,0,0,0,0,0,0,0,0,0,0,103218
1,1,1,1,952,1069,568,-5,1,-13,15,73,90,0,0,0,0,0,0,0,0,0,0,0,0,0,0,0,0,0,0,0,0,0,0,103228
1,1,1,1,946,1077,562,1,-3,-8,14,73,90,0,0,0,0,0,0,0,0,0,0,0,0,0,0,0,0,0,0,0,0,0,0,103238
1,1,1,1,946,1063,576,5,-4,-5,15,73,89,0,0,0,0,0,0,0,0,0,0,0,0,0,0,0,0,0,0,0,0,0,0,103248
1,1,1,1,952,1067,570,10,-6,-6,16,73,91,0,0,0,0,0,0,0,0,0,0,0,0,0,0,0,0,0,0,0,0,0,0,103258
1,1,1,1,962,1069,562,24,-4,0,15,73,93,0,0,0,0,0,0,0,0,0,0,0,0,0,0,0,0,0,0,0,0,0,0,103268
1,1,1,1,962,1074,569,13,0,0,16,72,91,0,0,0,0,0,0,0,0,0,0,0,0,0,0,0,0,0,0,0,0,0,0,103278
1,1,1,1,958,1085,566,-1,-3,1,13,73,90,0,0,0,0,0,0,0,0,0,0,0,0,0,0,0,0,0,0,0,0,0,0,103288
1,1,1,1,955,1077,572,-6,-11,-2,16,73,93,0,0,0,0,0,0,0,0,0,0,0,0,0,0,0,0,0,0,0,0,0,0,103298
1,1,1,1,956,1074,578,-5,-13,-3,15,73,91,0,0,0,0,0,0,0,0,0,0,0,0,0,0,0,0,0,0,0,0,0,0,103308
1,1,1,1,954,1079,567,-7,-11,-2,16,73,89,0,0,0,0,0,0,0,0,0,0,0,0,0,0,0,0,0,0,0,0,0,0,103318
1,1,1,1,955,1079,572,-14,-6,-4,17,73,90,0,0,0,0,0,0,0,0,0,0,0,0,0,0,0,0,0,0,0,0,0,0,103328
1,1,1,1,951,1077,575,-5,-7,-4,16,73,91,0,0,0,0,0,0,0,0,0,0,0,0,0,0,0,0,0,0,0,0,0,0,103338
1,1,1,1,955,1061,574,6,-7,-10,16,72,91,0,0,0,0,0,0,0,0,0,0,0,0,0,0,0,0,0,0,0,0,0,0,103348
1,1,1,1,956,1076,563,10,-2,-6,15,72,92,0,0,0,0,0,0,0,0,0,0,0,0,0,0,0,0,0,0,0,0,0,0,103358
1,1,1,1,950,1076,572,-3,-5,-11,16,71,90,0,0,0,0,0,0,0,0,0,0,0,0,0,0,0,0,0,0,0,0,0,0,103368
1,1,1,1,954,1082,567,0,-1,-5,17,71,89,0,0,0,0,0,0,0,0,0,0,0,0,0,0,0,0,0,0,0,0,0,0,103378
1,1,1,1,945,1069,565,15,0,1,18,69,90,0,0,0,0,0,0,0,0,0,0,0,0,0,0,0,0,0,0,0,0,0,0,103388
1,1,1,1,947,1068,575,11,2,-3,13,75,92,0,0,0,0,0,0,0,0,0,0,0,0,0,0,0,0,0,0,0,0,0,0,103398
1,1,1,1,946,1084,566,3,3,3,13,77,92,0,0,0,0,0,0,0,0,0,0,0,0,0,0,0,0,0,0,0,0,0,0,103408
1,1,1,1,956,1075,568,1,3,1,14,75,89,0,0,0,0,0,0,0,0,0,0,0,0,0,0,0,0,0,0,0,0,0,0,103418
1,1,1,1,952,1089,568,-8,10,9,18,74,88,0,0,0,0,0,0,0,0,0,0,0,0,0,0,0,0,0,0,0,0,0,0,103428
1,1,1,1,955,1070,575,-7,9,9,17,73,89,0,0,0,0,0,0,0,0,0,0,0,0,0,0,0,0,0,0,0,0,0,0,103438
1,1,1,1,955,1063,572,7,-3,4,18,71,89,0,0,0,0,0,0,0,0,0,0,0,0,0,0,0,0,0,0,0,0,0,0,103448
1,1,1,1,956,1069,569,11,1,4,17,72,90,0,0,0,0,0,0,0,0,0,0,0,0,0,0,0,0,0,0,0,0,0,0,103458
1,1,1,1,947,1070,569,6,-4,4,18,72,90,0,0,0,0,0,0,0,0,0,0,0,0,0,0,0,0,0,0,0,0,0,0,103468
1,1,1,1,942,1066,572,11,-7,3,16,73,91,0,0,0,0,0,0,0,0,0,0,0,0,0,0,0,0,0,0,0,0,0,0,103478
1,1,1,1,949,1079,571,20,1,7,16,73,91,0,0,0,0,0,0,0,0,0,0,0,0,0,0,0,0,0,0,0,0,0,0,103488
1,1,1,1,952,1079,572,11,-2,6,14,73,92,0,0,0,0,0,0,0,0,0,0,0,0,0,0,0,0,0,0,0,0,0,0,103498
1,1,1,1,956,1083,565,10,-1,9,16,72,92,0,0,0,0,0,0,0,0,0,0,0,0,0,0,0,0,0,0,0,0,0,0,103508
1,1,1,1,951,1070,576,9,6,11,14,72,90,0,0,0,0,0,0,0,0,0,0,0,0,0,0,0,0,0,0,0,0,0,0,103518
1,1,1,1,959,1075,573,3,1,10,18,72,89,0,0,0,0,0,0,0,0,0,0,0,0,0,0,0,0,0,0,0,0,0,0,103528
1,1,1,1,960,1067,565,19,9,11,18,71,89,0,0,0,0,0,0,0,0,0,0,0,0,0,0,0,0,0,0,0,0,0,0,103538
1,1,1,1,961,1065,567,37,6,14,18,72,88,0,0,0,0,0,0,0,0,0,0,0,0,0,0,0,0,0,0,0,0,0,0,103548
1,1,1,1,956,1071,570,47,11,15,18,72,88,0,0,0,0,0,0,0,0,0,0,0,0,0,0,0,0,0,0,0,0,0,0,103558
1,1,1,1,954,1075,574,39,6,10,18,72,90,0,0,0,0,0,0,0,0,0,0,0,0,0,0,0,0,0,0,0,0,0,0,103568
1,1,1,1,955,1073,571,41,0,5,16,72,90,0,0,0,0,0,0,0,0,0,0,0,0,0,0,0,0,0,0,0,0,0,0,103578
1,1,1,1,963,1079,560,40,7,3,15,72,89,0,0,0,0,0,0,0,0,0,0,0,0,0,0,0,0,0,0,0,0,0,0,103588
1,1,1,1,958,1081,572,26,6,-1,19,72,91,0,0,0,0,0,0,0,0,0,0,0,0,0,0,0,0,0,0,0,0,0,0,103598
1,1,1,1,957,1084,576,9,0,-3,20,71,91,0,0,0,0,0,0,0,0,0,0,0,0,0,0,0,0,0,0,0,0,0,0,103608
1,1,1,1,962,1082,561,21,10,0,19,72,91,0,0,0,0,0,0,0,0,0,0,0,0,0,0,0,0,0,0,0,0,0,0,103618
1,1,1,1,957,1092,572,23,10,2,18,71,89,0,0,0,0,0,0,0,0,0,0,0,0,0,0,0,0,0,0,0,0,0,0,103628
1,1,1,1,956,1084,568,23,9,4,18,71,90,0,0,0,0,0,0,0,0,0,0,0,0,0,0,0,0,0,0,0,0,0,0,103638
1,1,1,1,949,1074,576,35,11,5,17,72,91,0,0,0,0,0,0,0,0,0,0,0,0,0,0,0,0,0,0,0,0,0,0,103648
1,1,1,1,947,1079,565,40,7,5,17,70,90,0,0,0,0,0,0,0,0,0,0,0,0,0,0,0,0,0,0,0,0,0,0,103658
1,1,1,1,940,1075,563,32,0,5,17,70,90,0,0,0,0,0,0,0,0,0,0,0,0,0,0,0,0,0,0,0,0,0,0,103668
1,1,1,1,945,1075,571,26,0,-1,16,70,89,0,0,0,0,0,0,0,0,0,0,0,0,0,0,0,0,0,0,0,0,0,0,103678
1,1,1,1,956,1075,569,21,-7,0,15,70,89,0,0,0,0,0,0,0,0,0,0,0,0,0,0,0,0,0,0,0,0,0,0,103688
1,1,1,1,960,1075,556,20,3,3,14,71,93,0,0,0,0,0,0,0,0,0,0,0,0,0,0,0,0,0,0,0,0,0,0,103698
1,1,1,1,953,1066,563,27,12,6,15,71,88,0,0,0,0,0,0,0,0,0,0,0,0,0,0,0,0,0,0,0,0,0,0,103708
1,1,1,1,948,1074,563,34,7,14,14,73,90,0,0,0,0,0,0,0,0,0,0,0,0,0,0,0,0,0,0,0,0,0,0,103718
1,1,1,1,952,1059,567,54,9,22,15,71,93,0,0,0,0,0,0,0,0,0,0,0,0,0,0,0,0,0,0,0,0,0,0,103728
1,1,1,1,957,1066,568,69,7,28,17,71,90,0,0,0,0,0,0,0,0,0,0,0,0,0,0,0,0,0,0,0,0,0,0,103738
1,1,1,1,965,1075,561,72,7,37,15,70,90,0,0,0,0,0,0,0,0,0,0,0,0,0,0,0,0,0,0,0,0,0,0,103748
1,1,1,1,963,1073,555,60,10,35,14,73,91,0,0,0,0,0,0,0,0,0,0,0,0,0,0,0,0,0,0,0,0,0,0,103758
1,1,1,1,966,1103,543,37,15,35,14,72,93,0,0,0,0,0,0,0,0,0,0,0,0,0,0,0,0,0,0,0,0,0,0,103768
1,1,1,1,961,1106,547,21,8,26,17,70,93,0,0,0,0,0,0,0,0,0,0,0,0,0,0,0,0,0,0,0,0,0,0,103778
1,1,1,1,961,1110,548,8,-3,10,13,72,91,0,0,0,0,0,0,0,0,0,0,0,0,0,0,0,0,0,0,0,0,0,0,103788
1,1,1,1,959,1112,550,-9,1,-1,14,71,92,0,0,0,0,0,0,0,0,0,0,0,0,0,0,0,0,0,0,0,0,0,0,103798
1,1,1,1,964,1104,554,-23,0,-13,14,72,90,0,0,0,0,0,0,0,0,0,0,0,0,0,0,0,0,0,0,0,0,0,0,103808
1,1,1,1,957,1070,574,-4,7,-17,14,71,93,0,0,0,0,0,0,0,0,0,0,0,0,0,0,0,0,0,0,0,0,0,0,103828
1,1,1,1,962,1067,566,4,3,-9,15,71,89,0,0,0,0,0,0,0,0,0,0,0,0,0,0,0,0,0,0,0,0,0,0,103838
1,1,1,1,967,1051,552,42,10,4,16,72,90,0,0,0,0,0,0,0,0,0,0,0,0,0,0,0,0,0,0,0,0,0,0,103848
1,1,1,1,959,1051,561,62,17,13,16,71,91,0,0,0,0,0,0,0,0,0,0,0,0,0,0,0,0,0,0,0,0,0,0,103858
1,1,1,1,956,1072,548,69,20,25,15,71,89,0,0,0,0,0,0,0,0,0,0,0,0,0,0,0,0,0,0,0,0,0,0,103868
1,1,1,1,956,1092,548,27,9,15,13,70,89,0,0,0,0,0,0,0,0,0,0,0,0,0,0,0,0,0,0,0,0,0,0,103878
1,1,1,1,952,1105,547,11,7,10,13,71,90,0,0,0,0,0,0,0,0,0,0,0,0,0,0,0,0,0,0,0,0,0,0,103888
1,1,1,1,955,1106,554,7,2,1,12,70,90,0,0,0,0,0,0,0,0,0,0,0,0,0,0,0,0,0,0,0,0,0,0,103898
1,1,1,1,961,1118,547,-3,2,1,14,71,90,0,0,0,0,0,0,0,0,0,0,0,0,0,0,0,0,0,0,0,0,0,0,103908
1,1,1,1,961,1098,555,-7,-5,-4,14,71,89,0,0,0,0,0,0,0,0,0,0,0,0,0,0,0,0,0,0,0,0,0,0,103918
1,1,1,1,962,1081,555,-10,-12,-13,14,70,87,0,0,0,0,0,0,0,0,0,0,0,0,0,0,0,0,0,0,0,0,0,0,103928
1,1,1,1,960,1076,552,-8,-13,-13,12,71,88,0,0,0,0,0,0,0,0,0,0,0,0,0,0,0,0,0,0,0,0,0,0,103938
1,1,1,1,952,1064,553,-1,-14,-10,11,71,92,0,0,0,0,0,0,0,0,0,0,0,0,0,0,0,0,0,0,0,0,0,0,103948
1,1,1,1,951,1068,559,6,-17,-7,12,69,90,0,0,0,0,0,0,0,0,0,0,0,0,0,0,0,0,0,0,0,0,0,0,103958
1,1,1,1,950,1068,558,21,-10,3,11,72,94,0,0,0,0,0,0,0,0,0,0,0,0,0,0,0,0,0,0,0,0,0,0,103968
1,1,1,1,954,1068,550,47,0,9,13,71,90,0,0,0,0,0,0,0,0,0,0,0,0,0,0,0,0,0,0,0,0,0,0,103978
1,1,1,1,952,1080,554,51,1,10,13,69,90,0,0,0,0,0,0,0,0,0,0,0,0,0,0,0,0,0,0,0,0,0,0,103988
1,1,1,1,954,1095,544,31,9,8,9,70,88,0,0,0,0,0,0,0,0,0,0,0,0,0,0,0,0,0,0,0,0,0,0,103998
1,1,1,1,954,1092,546,24,1,7,10,72,90,0,0,0,0,0,0,0,0,0,0,0,0,0,0,0,0,0,0,0,0,0,0,104008
1,1,1,1,953,1095,554,27,3,3,14,68,90,0,0,0,0,0,0,0,0,0,0,0,0,0,0,0,0,0,0,0,0,0,0,104018
1,1,1,1,962,1101,556,12,-4,-7,12,68,89,0,0,0,0,0,0,0,0,0,0,0,0,0,0,0,0,0,0,0,0,0,0,104038
1,1,1,1,963,1108,558,5,-2,-13,14,70,88,0,0,0,0,0,0,0,0,0,0,0,0,0,0,0,0,0,0,0,0,0,0,104048
1,1,1,1,960,1116,560,-12,-2,-20,15,69,90,0,0,0,0,0,0,0,0,0,0,0,0,0,0,0,0,0,0,0,0,0,0,104058
1,1,1,1,954,1107,558,-9,2,-23,14,69,90,0,0,0,0,0,0,0,0,0,0,0,0,0,0,0,0,0,0,0,0,0,0,104068
1,1,1,1,959,1103,554,-14,-1,-28,14,70,90,0,0,0,0,0,0,0,0,0,0,0,0,0,0,0,0,0,0,0,0,0,0,104078
1,1,1,1,959,1103,554,-16,8,-27,12,70,90,0,0,0,0,0,0,0,0,0,0,0,0,0,0,0,0,0,0,0,0,0,0,104088
1,1,1,1,962,1096,555,-13,14,-28,10,71,92,0,0,0,0,0,0,0,0,0,0,0,0,0,0,0,0,0,0,0,0,0,0,104098
1,1,1,1,954,1074,553,0,11,-30,12,70,90,0,0,0,0,0,0,0,0,0,0,0,0,0,0,0,0,0,0,0,0,0,0,104108
1,1,1,1,956,1079,551,6,21,-26,11,70,90,0,0,0,0,0,0,0,0,0,0,0,0,0,0,0,0,0,0,0,0,0,0,104118
1,1,1,1,953,1081,557,-2,11,-25,12,70,91,0,0,0,0,0,0,0,0,0,0,0,0,0,0,0,0,0,0,0,0,0,0,104128
1,1,1,1,931,1078,562,-11,10,-22,13,70,89,0,0,0,0,0,0,0,0,0,0,0,0,0,0,0,0,0,0,0,0,0,0,104138
1,1,1,1,935,1077,560,-14,4,-18,17,70,89,0,0,0,0,0,0,0,0,0,0,0,0,0,0,0,0,0,0,0,0,0,0,104148
1,1,1,1,947,1077,562,-3,4,-8,16,71,89,0,0,0,0,0,0,0,0,0,0,0,0,0,0,0,0,0,0,0,0,0,0,104158
1,1,1,1,949,1065,555,15,9,1,14,70,89,0,0,0,0,0,0,0,0,0,0,0,0,0,0,0,0,0,0,0,0,0,0,104168
1,1,1,1,955,1067,542,46,12,15,15,71,91,0,0,0,0,0,0,0,0,0,0,0,0,0,0,0,0,0,0,0,0,0,0,104178
1,1,1,1,950,1057,548,50,6,16,17,70,93,0,0,0,0,0,0,0,0,0,0,0,0,0,0,0,0,0,0,0,0,0,0,104188
1,1,1,1,947,1069,550,48,6,17,16,71,92,0,0,0,0,0,0,0,0,0,0,0,0,0,0,0,0,0,0,0,0,0,0,104198
1,1,1,1,949,1077,552,52,14,20,16,71,90,0,0,0,0,0,0,0,0,0,0,0,0,0,0,0,0,0,0,0,0,0,0,104208
1,1,1,1,945,1082,568,23,9,9,15,71,90,0,0,0,0,0,0,0,0,0,0,0,0,0,0,0,0,0,0,0,0,0,0,104218
1,1,1,1,946,1102,554,13,9,8,13,72,93,0,0,0,0,0,0,0,0,0,0,0,0,0,0,0,0,0,0,0,0,0,0,104228
1,1,1,1,943,1100,556,1,11,1,13,71,89,0,0,0,0,0,0,0,0,0,0,0,0,0,0,0,0,0,0,0,0,0,0,104248
1,1,1,1,939,1089,559,5,8,5,14,71,89,0,0,0,0,0,0,0,0,0,0,0,0,0,0,0,0,0,0,0,0,0,0,104258
1,1,1,1,945,1084,563,1,9,2,15,71,90,0,0,0,0,0,0,0,0,0,0,0,0,0,0,0,0,0,0,0,0,0,0,104268
1,1,1,1,952,1088,546,7,13,12,14,71,92,0,0,0,0,0,0,0,0,0,0,0,0,0,0,0,0,0,0,0,0,0,0,104278
1,1,1,1,952,1075,552,11,5,9,16,68,88,0,0,0,0,0,0,0,0,0,0,0,0,0,0,0,0,0,0,0,0,0,0,104288
1,1,1,1,953,1083,550,17,6,16,13,72,92,0,0,0,0,0,0,0,0,0,0,0,0,0,0,0,0,0,0,0,0,0,0,104298
1,1,1,1,949,1081,558,16,3,15,13,73,91,0,0,0,0,0,0,0,0,0,0,0,0,0,0,0,0,0,0,0,0,0,0,104308
1,1,1,1,949,1087,560,10,0,11,14,68,90,0,0,0,0,0,0,0,0,0,0,0,0,0,0,0,0,0,0,0,0,0,0,104318
1,1,1,1,952,1093,552,5,2,10,12,71,90,0,0,0,0,0,0,0,0,0,0,0,0,0,0,0,0,0,0,0,0,0,0,104328
1,1,1,1,956,1100,555,-4,2,8,14,69,89,0,0,0,0,0,0,0,0,0,0,0,0,0,0,0,0,0,0,0,0,0,0,104338
1,1,1,1,953,1095,557,-4,3,5,13,71,90,0,0,0,0,0,0,0,0,0,0,0,0,0,0,0,0,0,0,0,0,0,0,104348
1,1,1,1,956,1095,547,5,10,10,14,73,92,0,0,0,0,0,0,0,0,0,0,0,0,0,0,0,0,0,0,0,0,0,0,104358
1,1,1,1,951,1089,549,11,12,10,15,71,91,0,0,0,0,0,0,0,0,0,0,0,0,0,0,0,0,0,0,0,0,0,0,104368
1,1,1,1,949,1090,549,8,5,10,15,71,91,0,0,0,0,0,0,0,0,0,0,0,0,0,0,0,0,0,0,0,0,0,0,104378
1,1,1,1,954,1087,547,9,10,13,13,72,90,0,0,0,0,0,0,0,0,0,0,0,0,0,0,0,0,0,0,0,0,0,0,104388
1,1,1,1,950,1092,550,19,9,16,13,71,91,0,0,0,0,0,0,0,0,0,0,0,0,0,0,0,0,0,0,0,0,0,0,104398
1,1,1,1,951,1094,536,21,3,16,16,71,92,0,0,0,0,0,0,0,0,0,0,0,0,0,0,0,0,0,0,0,0,0,0,104408
1,1,1,1,945,1098,546,16,3,8,14,72,91,0,0,0,0,0,0,0,0,0,0,0,0,0,0,0,0,0,0,0,0,0,0,104418
1,1,1,1,945,1092,550,20,1,4,14,72,89,0,0,0,0,0,0,0,0,0,0,0,0,0,0,0,0,0,0,0,0,0,0,104428
1,1,1,1,944,1093,554,10,-1,-1,15,71,90,0,0,0,0,0,0,0,0,0,0,0,0,0,0,0,0,0,0,0,0,0,0,104438
1,1,1,1,949,1097,550,1,-6,-3,15,72,88,0,0,0,0,0,0,0,0,0,0,0,0,0,0,0,0,0,0,0,0,0,0,104448
1,1,1,1,952,1089,551,-5,-4,-4,16,71,89,0,0,0,0,0,0,0,0,0,0,0,0,0,0,0,0,0,0,0,0,0,0,104458
1,1,1,1,958,1085,548,-5,-7,-1,16,72,86,0,0,0,0,0,0,0,0,0,0,0,0,0,0,0,0,0,0,0,0,0,0,104468
1,1,1,1,959,1083,547,-5,-6,-1,16,72,90,0,0,0,0,0,0,0,0,0,0,0,0,0,0,0,0,0,0,0,0,0,0,104478
1,1,1,1,959,1087,548,-3,-2,1,16,71,89,0,0,0,0,0,0,0,0,0,0,0,0,0,0,0,0,0,0,0,0,0,0,104488
1,1,1,1,959,1078,551,6,-4,0,16,71,88,0,0,0,0,0,0,0,0,0,0,0,0,0,0,0,0,0,0,0,0,0,0,104498
1,1,1,1,958,1089,550,10,-5,3,15,72,91,0,0,0,0,0,0,0,0,0,0,0,0,0,0,0,0,0,0,0,0,0,0,104508
1,1,1,1,956,1095,559,15,-6,5,14,71,88,0,0,0,0,0,0,0,0,0,0,0,0,0,0,0,0,0,0,0,0,0,0,104518
1,1,1,1,955,1095,556,10,-13,-1,17,71,89,0,0,0,0,0,0,0,0,0,0,0,0,0,0,0,0,0,0,0,0,0,0,104528
1,1,1,1,956,1106,549,2,-7,-6,17,71,87,0,0,0,0,0,0,0,0,0,0,0,0,0,0,0,0,0,0,0,0,0,0,104538
1,1,1,1,958,1099,544,2,-5,-13,17,71,90,0,0,0,0,0,0,0,0,0,0,0,0,0,0,0,0,0,0,0,0,0,0,104548
1,1,1,1,954,1100,550,-5,-13,-21,16,71,87,0,0,0,0,0,0,0,0,0,0,0,0,0,0,0,0,0,0,0,0,0,0,104558
1,1,1,1,952,1098,548,-4,-6,-25,12,75,89,0,0,0,0,0,0,0,0,0,0,0,0,0,0,0,0,0,0,0,0,0,0,104568
1,1,1,1,956,1094,553,2,-9,-26,12,73,87,0,0,0,0,0,0,0,0,0,0,0,0,0,0,0,0,0,0,0,0,0,0,104578
1,1,1,1,950,1094,556,-9,-14,-30,16,68,84,0,0,0,0,0,0,0,0,0,0,0,0,0,0,0,0,0,0,0,0,0,0,104588
1,1,1,1,947,1089,553,-16,-10,-28,12,72,88,0,0,0,0,0,0,0,0,0,0,0,0,0,0,0,0,0,0,0,0,0,0,104598
1,1,1,1,955,1084,553,-7,2,-19,13,73,89,0,0,0,0,0,0,0,0,0,0,0,0,0,0,0,0,0,0,0,0,0,0,104608
1,1,1,1,958,1082,548,-1,0,-12,13,71,87,0,0,0,0,0,0,0,0,0,0,0,0,0,0,0,0,0,0,0,0,0,0,104618
1,1,1,1,959,1079,551,-1,-2,-10,11,73,89,0,0,0,0,0,0,0,0,0,0,0,0,0,0,0,0,0,0,0,0,0,0,104628
1,1,1,1,955,1082,555,3,0,-4,13,69,89,0,0,0,0,0,0,0,0,0,0,0,0,0,0,0,0,0,0,0,0,0,0,104638
1,1,1,1,947,1092,556,-4,-6,-4,14,69,88,0,0,0,0,0,0,0,0,0,0,0,0,0,0,0,0,0,0,0,0,0,0,104658
1,1,1,1,947,1089,550,1,-1,-2,17,69,89,0,0,0,0,0,0,0,0,0,0,0,0,0,0,0,0,0,0,0,0,0,0,104668
1,1,1,1,945,1088,556,-4,-11,-5,14,72,92,0,0,0,0,0,0,0,0,0,0,0,0,0,0,0,0,0,0,0,0,0,0,104678
1,1,1,1,946,1090,550,-5,-10,-8,13,71,89,0,0,0,0,0,0,0,0,0,0,0,0,0,0,0,0,0,0,0,0,0,0,104688
1,1,1,1,944,1094,543,1,-8,-5,15,71,91,0,0,0,0,0,0,0,0,0,0,0,0,0,0,0,0,0,0,0,0,0,0,104698
1,1,1,1,949,1088,545,5,-7,-5,11,71,88,0,0,0,0,0,0,0,0,0,0,0,0,0,0,0,0,0,0,0,0,0,0,104708
1,1,1,1,951,1094,544,8,-3,-4,13,71,89,0,0,0,0,0,0,0,0,0,0,0,0,0,0,0,0,0,0,0,0,0,0,104718
1,1,1,1,947,1086,547,2,4,-5,14,71,89,0,0,0,0,0,0,0,0,0,0,0,0,0,0,0,0,0,0,0,0,0,0,104728
1,1,1,1,949,1084,553,2,5,-8,15,71,88,0,0,0,0,0,0,0,0,0,0,0,0,0,0,0,0,0,0,0,0,0,0,104738
1,1,1,1,947,1086,553,0,10,-5,14,71,87,0,0,0,0,0,0,0,0,0,0,0,0,0,0,0,0,0,0,0,0,0,0,104748
1,1,1,1,946,1084,558,-2,15,-2,13,72,88,0,0,0,0,0,0,0,0,0,0,0,0,0,0,0,0,0,0,0,0,0,0,104758
1,1,1,1,946,1089,548,-1,10,0,15,70,87,0,0,0,0,0,0,0,0,0,0,0,0,0,0,0,0,0,0,0,0,0,0,104768
1,1,1,1,945,1096,556,-8,7,-2,16,71,87,0,0,0,0,0,0,0,0,0,0,0,0,0,0,0,0,0,0,0,0,0,0,104778
1,1,1,1,945,1090,552,-12,4,-3,14,70,86,0,0,0,0,0,0,0,0,0,0,0,0,0,0,0,0,0,0,0,0,0,0,104788
1,1,1,1,942,1093,556,-7,3,-1,13,71,88,0,0,0,0,0,0,0,0,0,0,0,0,0,0,0,0,0,0,0,0,0,0,104798
1,1,1,1,945,1096,556,-4,0,3,14,70,86,0,0,0,0,0,0,0,0,0,0,0,0,0,0,0,0,0,0,0,0,0,0,104808
1,1,1,1,944,1082,554,2,-3,2,15,70,85,0,0,0,0,0,0,0,0,0,0,0,0,0,0,0,0,0,0,0,0,0,0,104818
1,1,1,1,949,1092,555,17,6,5,15,70,88,0,0,0,0,0,0,0,0,0,0,0,0,0,0,0,0,0,0,0,0,0,0,104828
1,1,1,1,945,1094,554,13,2,3,14,71,87,0,0,0,0,0,0,0,0,0,0,0,0,0,0,0,0,0,0,0,0,0,0,104838
1,1,1,1,942,1091,560,7,1,-1,15,70,85,0,0,0,0,0,0,0,0,0,0,0,0,0,0,0,0,0,0,0,0,0,0,104848
1,1,1,1,935,1090,559,6,10,1,13,70,85,0,0,0,0,0,0,0,0,0,0,0,0,0,0,0,0,0,0,0,0,0,0,104858
1,1,1,1,946,1097,557,5,10,-1,13,70,86,0,0,0,0,0,0,0,0,0,0,0,0,0,0,0,0,0,0,0,0,0,0,104868
1,1,1,1,949,1099,549,4,8,-1,14,70,87,0,0,0,0,0,0,0,0,0,0,0,0,0,0,0,0,0,0,0,0,0,0,104878
1,1,1,1,945,1101,546,-1,6,-9,12,70,86,0,0,0,0,0,0,0,0,0,0,0,0,0,0,0,0,0,0,0,0,0,0,104888
1,1,1,1,942,1105,545,-9,9,-11,14,71,86,0,0,0,0,0,0,0,0,0,0,0,0,0,0,0,0,0,0,0,0,0,0,104898
1,1,1,1,937,1093,544,-14,4,-10,12,72,86,0,0,0,0,0,0,0,0,0,0,0,0,0,0,0,0,0,0,0,0,0,0,104908
1,1,1,1,940,1089,555,-11,-6,-10,12,69,82,0,0,0,0,0,0,0,0,0,0,0,0,0,0,0,0,0,0,0,0,0,0,104918
1,1,1,1,943,1088,563,-2,-3,-4,13,69,85,0,0,0,0,0,0,0,0,0,0,0,0,0,0,0,0,0,0,0,0,0,0,104928
1,1,1,1,945,1070,559,9,3,3,14,69,87,0,0,0,0,0,0,0,0,0,0,0,0,0,0,0,0,0,0,0,0,0,0,104938
1,1,1,1,949,1069,564,20,4,11,10,72,88,0,0,0,0,0,0,0,0,0,0,0,0,0,0,0,0,0,0,0,0,0,0,104948
1,1,1,1,944,1071,564,20,-4,11,11,70,88,0,0,0,0,0,0,0,0,0,0,0,0,0,0,0,0,0,0,0,0,0,0,104958
1,1,1,1,943,1076,559,17,4,14,12,71,87,0,0,0,0,0,0,0,0,0,0,0,0,0,0,0,0,0,0,0,0,0,0,104968
1,1,1,1,944,1093,551,10,7,17,13,70,88,0,0,0,0,0,0,0,0,0,0,0,0,0,0,0,0,0,0,0,0,0,0,104978
1,1,1,1,929,1095,566,-6,5,12,13,70,84,0,0,0,0,0,0,0,0,0,0,0,0,0,0,0,0,0,0,0,0,0,0,104988
1,1,1,1,935,1097,551,-8,0,7,12,69,86,0,0,0,0,0,0,0,0,0,0,0,0,0,0,0,0,0,0,0,0,0,0,104998
1,1,1,1,938,1104,548,-7,-3,5,12,70,88,0,0,0,0,0,0,0,0,0,0,0,0,0,0,0,0,0,0,0,0,0,0,105008
1,1,1,1,939,1097,551,-12,-4,4,12,70,87,0,0,0,0,0,0,0,0,0,0,0,0,0,0,0,0,0,0,0,0,0,0,105018
1,1,1,1,945,1086,559,-3,1,2,10,70,89,0,0,0,0,0,0,0,0,0,0,0,0,0,0,0,0,0,0,0,0,0,0,105028
1,1,1,1,950,1073,561,4,4,3,11,70,86,0,0,0,0,0,0,0,0,0,0,0,0,0,0,0,0,0,0,0,0,0,0,105038
1,1,1,1,951,1064,560,11,5,6,12,70,88,0,0,0,0,0,0,0,0,0,0,0,0,0,0,0,0,0,0,0,0,0,0,105048
1,1,1,1,945,1052,563,31,7,10,14,68,87,0,0,0,0,0,0,0,0,0,0,0,0,0,0,0,0,0,0,0,0,0,0,105058
1,1,1,1,948,1066,555,35,8,13,13,69,84,0,0,0,0,0,0,0,0,0,0,0,0,0,0,0,0,0,0,0,0,0,0,105068
1,1,1,1,939,1086,557,13,10,11,13,69,84,0,0,0,0,0,0,0,0,0,0,0,0,0,0,0,0,0,0,0,0,0,0,105078
1,1,1,1,937,1099,549,15,10,21,11,69,86,0,0,0,0,0,0,0,0,0,0,0,0,0,0,0,0,0,0,0,0,0,0,105088
1,1,1,1,935,1085,552,6,2,8,13,68,86,0,0,0,0,0,0,0,0,0,0,0,0,0,0,0,0,0,0,0,0,0,0,105098
1,1,1,1,946,1107,546,3,5,8,12,69,87,0,0,0,0,0,0,0,0,0,0,0,0,0,0,0,0,0,0,0,0,0,0,105108
1,1,1,1,944,1080,561,12,0,6,12,69,83,0,0,0,0,0,0,0,0,0,0,0,0,0,0,0,0,0,0,0,0,0,0,105118
1,1,1,1,946,1078,572,29,0,6,12,68,83,0,0,0,0,0,0,0,0,0,0,0,0,0,0,0,0,0,0,0,0,0,0,105128
1,1,1,1,955,1063,555,49,7,19,13,67,82,0,0,0,0,0,0,0,0,0,0,0,0,0,0,0,0,0,0,0,0,0,0,105138
1,1,1,1,955,1036,575,64,9,18,12,66,83,0,0,0,0,0,0,0,0,0,0,0,0,0,0,0,0,0,0,0,0,0,0,105148
1,1,1,1,947,1020,580,51,5,8,11,64,83,0,0,0,0,0,0,0,0,0,0,0,0,0,0,0,0,0,0,0,0,0,0,105158
1,1,1,1,960,1041,537,30,-5,-19,7,63,82,0,0,0,0,0,0,0,0,0,0,0,0,0,0,0,0,0,0,0,0,0,0,105168
1,1,1,1,937,1051,566,-54,-11,-58,6,64,81,0,0,0,0,0,0,0,0,0,0,0,0,0,0,0,0,0,0,0,0,0,0,105178
1,1,1,1,918,1067,579,-173,-33,-123,7,61,80,0,0,0,0,0,0,0,0,0,0,0,0,0,0,0,0,0,0,0,0,0,0,105188
1,1,1,1,926,1114,550,-190,-43,-155,2,65,79,0,0,0,0,0,0,0,0,0,0,0,0,0,0,0,0,0,0,0,0,0,0,105198
1,1,1,1,942,1178,566,-271,-62,-159,3,59,75,0,0,0,0,0,0,0,0,0,0,0,0,0,0,0,0,0,0,0,0,0,0,105208
1,1,1,1,926,1177,557,-340,-61,-137,0,61,78,0,0,0,0,0,0,0,0,0,0,0,0,0,0,0,0,0,0,0,0,0,0,105218
1,1,1,1,917,1130,537,-320,-46,-114,3,54,73,0,0,0,0,0,0,0,0,0,0,0,0,0,0,0,0,0,0,0,0,0,0,105228
1,1,1,1,951,1110,572,-329,-56,-99,-1,61,74,0,0,0,0,0,0,0,0,0,0,0,0,0,0,0,0,0,0,0,0,0,0,105238
1,1,1,1,910,1054,596,-326,-54,-83,-1,59,74,0,0,0,0,0,0,0,0,0,0,0,0,0,0,0,0,0,0,0,0,0,0,105248
1,1,1,1,936,1013,631,-392,-48,-87,-2,55,71,0,0,0,0,0,0,0,0,0,0,0,0,0,0,0,0,0,0,0,0,0,0,105258
1,1,1,1,933,1036,611,-573,-47,-86,3,55,69,0,0,0,0,0,0,0,0,0,0,0,0,0,0,0,0,0,0,0,0,0,0,105268
1,1,1,1,938,946,569,-330,-68,-78,2,52,65,0,0,0,0,0,0,0,0,0,0,0,0,0,0,0,0,0,0,0,0,0,0,105278
1,1,1,1,971,1010,638,-384,-69,-81,-1,52,64,0,0,0,0,0,0,0,0,0,0,0,0,0,0,0,0,0,0,0,0,0,0,105288
1,1,1,1,933,981,623,-506,-74,-104,1,48,56,0,0,0,0,0,0,0,0,0,0,0,0,0,0,0,0,0,0,0,0,0,0,105298
1,1,1,1,911,981,616,-438,-96,-117,1,45,54,0,0,0,0,0,0,0,0,0,0,0,0,0,0,0,0,0,0,0,0,0,0,105308
1,1,1,1,911,981,616,-370,-108,-143,1,42,48,0,0,0,0,0,0,0,0,0,0,0,0,0,0,0,0,0,0,0,0,0,0,105318
1,1,1,1,854,1011,682,-326,-147,-168,1,39,42,0,0,0,0,0,0,0,0,0,0,0,0,0,0,0,0,0,0,0,0,0,0,105328
1,1,1,1,846,1093,671,-296,-179,-166,2,37,36,0,0,0,0,0,0,0,0,0,0,0,0,0,0,0,0,0,0,0,0,0,0,105338
1,1,1,1,884,1125,637,-313,-185,-169,3,35,39,0,0,0,0,0,0,0,0,0,0,0,0,0,0,0,0,0,0,0,0,0,0,105348
1,1,1,1,908,1128,627,-334,-160,-176,3,35,34,0,0,0,0,0,0,0,0,0,0,0,0,0,0,0,0,0,0,0,0,0,0,105358
1,1,1,1,934,1167,654,-300,-157,-132,4,34,31,0,0,0,0,0,0,0,0,0,0,0,0,0,0,0,0,0,0,0,0,0,0,105368
1,1,1,1,951,1143,653,-348,-152,-105,2,33,31,0,0,0,0,0,0,0,0,0,0,0,0,0,0,0,0,0,0,0,0,0,0,105378
1,1,1,1,955,1158,665,-424,-109,-59,-1,33,34,0,0,0,0,0,0,0,0,0,0,0,0,0,0,0,0,0,0,0,0,0,0,105388
1,1,1,1,983,1113,625,-478,-40,-31,0,32,33,0,0,0,0,0,0,0,0,0,0,0,0,0,0,0,0,0,0,0,0,0,0,105398
1,1,1,1,1035,1097,621,-481,-11,-6,0,33,32,0,0,0,0,0,0,0,0,0,0,0,0,0,0,0,0,0,0,0,0,0,0,105408
1,1,1,1,1031,1048,635,-433,9,9,1,32,33,0,0,0,0,0,0,0,0,0,0,0,0,0,0,0,0,0,0,0,0,0,0,105418
1,1,1,1,1001,1027,675,-439,11,11,1,33,31,0,0,0,0,0,0,0,0,0,0,0,0,0,0,0,0,0,0,0,0,0,0,105428
1,1,1,1,945,992,727,-538,-4,-8,0,32,30,0,0,0,0,0,0,0,0,0,0,0,0,0,0,0,0,0,0,0,0,0,0,105438
1,1,1,1,882,948,815,-705,-25,-34,1,31,31,0,0,0,0,0,0,0,0,0,0,0,0,0,0,0,0,0,0,0,0,0,0,105448
1,1,1,1,811,953,920,-956,-68,-98,-1,30,30,0,0,0,0,0,0,0,0,0,0,0,0,0,0,0,0,0,0,0,0,0,0,105458
1,1,1,1,963,933,712,-852,-112,-135,-2,29,30,0,0,0,0,0,0,0,0,0,0,0,0,0,0,0,0,0,0,0,0,0,0,105468
1,1,1,1,879,935,700,-830,-132,-140,-3,28,26,0,0,0,0,0,0,0,0,0,0,0,0,0,0,0,0,0,0,0,0,0,0,105478
1,1,1,1,829,964,769,-816,-125,-109,-1,24,22,0,0,0,0,0,0,0,0,0,0,0,0,0,0,0,0,0,0,0,0,0,0,105488
1,1,1,1,899,967,786,-811,-124,-64,-1,24,20,0,0,0,0,0,0,0,0,0,0,0,0,0,0,0,0,0,0,0,0,0,0,105498
1,1,1,1,906,938,753,-832,-76,-37,-4,24,22,0,0,0,0,0,0,0,0,0,0,0,0,0,0,0,0,0,0,0,0,0,0,105508
1,1,1,1,938,955,777,-980,-36,-9,-7,25,23,0,0,0,0,0,0,0,0,0,0,0,0,0,0,0,0,0,0,0,0,0,0,105518
1,1,1,1,956,957,825,-1268,6,3,-10,24,19,0,0,0,0,0,0,0,0,0,0,0,0,0,0,0,0,0,0,0,0,0,0,105528
1,1,1,1,920,846,852,-1719,58,13,-11,22,20,0,0,0,0,0,0,0,0,0,0,0,0,0,0,0,0,0,0,0,0,0,0,105538
1,1,1,1,928,812,843,-1986,134,-26,-4,24,21,0,0,0,0,0,0,0,0,0,0,0,0,0,0,0,0,0,0,0,0,0,0,105548
1,1,1,1,1048,1069,770,-1580,145,-22,-5,24,21,0,0,0,0,0,0,0,0,0,0,0,0,0,0,0,0,0,0,0,0,0,0,105558
1,1,1,1,960,916,854,-1624,115,15,-3,24,20,0,0,0,0,0,0,0,0,0,0,0,0,0,0,0,0,0,0,0,0,0,0,105568
1,1,1,1,882,877,959,-1619,60,-9,-3,23,18,0,0,0,0,0,0,0,0,0,0,0,0,0,0,0,0,0,0,0,0,0,0,105578
1,1,1,1,854,787,1057,-1636,-40,-57,-4,24,18,0,0,0,0,0,0,0,0,0,0,0,0,0,0,0,0,0,0,0,0,0,0,105588
1,1,1,1,867,746,1110,-1637,-124,-79,-7,23,19,0,0,0,0,0,0,0,0,0,0,0,0,0,0,0,0,0,0,0,0,0,0,105598
1,1,1,1,908,719,1110,-1725,-126,-58,-11,21,16,0,0,0,0,0,0,0,0,0,0,0,0,0,0,0,0,0,0,0,0,0,0,105608
1,1,1,1,939,697,1110,-2119,-62,-18,-14,21,19,0,0,0,0,0,0,0,0,0,0,0,0,0,0,0,0,0,0,0,0,0,0,105618
1,1,1,1,938,703,1112,-2608,43,14,-17,22,18,0,0,0,0,0,0,0,0,0,0,0,0,0,0,0,0,0,0,0,0,0,0,105628
1,1,1,1,943,674,1097,-2996,134,51,-14,23,16,0,0,0,0,0,0,0,0,0,0,0,0,0,0,0,0,0,0,0,0,0,0,105638
1,1,1,1,969,646,1136,-3037,206,105,-12,22,19,0,0,0,0,0,0,0,0,0,0,0,0,0,0,0,0,0,0,0,0,0,0,105648
1,1,1,1,908,554,1037,-2774,293,124,-10,22,17,0,0,0,0,0,0,0,0,0,0,0,0,0,0,0,0,0,0,0,0,0,0,105658
1,1,1,1,891,447,967,-2605,209,144,-7,22,16,0,0,0,0,0,0,0,0,0,0,0,0,0,0,0,0,0,0,0,0,0,0,105668
1,1,1,1,916,395,1073,-2318,158,113,-7,21,12,0,0,0,0,0,0,0,0,0,0,0,0,0,0,0,0,0,0,0,0,0,0,105678
1,1,1,1,943,308,1242,-2420,157,100,-10,22,16,0,0,0,0,0,0,0,0,0,0,0,0,0,0,0,0,0,0,0,0,0,0,105688
1,1,1,1,950,303,1322,-2661,167,107,-14,22,14,0,0,0,0,0,0,0,0,0,0,0,0,0,0,0,0,0,0,0,0,0,0,105698
1,1,1,1,945,270,1352,-2883,174,132,-12,22,9,0,0,0,0,0,0,0,0,0,0,0,0,0,0,0,0,0,0,0,0,0,0,105708
1,1,1,1,913,300,1361,-2933,171,165,-12,22,16,0,0,0,0,0,0,0,0,0,0,0,0,0,0,0,0,0,0,0,0,0,0,105718
1,1,1,1,912,232,1378,-3009,161,156,-12,23,16,0,0,0,0,0,0,0,0,0,0,0,0,0,0,0,0,0,0,0,0,0,0,105728
1,1,1,1,937,166,1374,-2998,142,124,-10,22,18,0,0,0,0,0,0,0,0,0,0,0,0,0,0,0,0,0,0,0,0,0,0,105738
1,1,1,1,912,214,1367,-2865,115,105,-8,23,20,0,0,0,0,0,0,0,0,0,0,0,0,0,0,0,0,0,0,0,0,0,0,105748
1,1,1,1,867,230,1336,-2655,96,90,-8,22,22,0,0,0,0,0,0,0,0,0,0,0,0,0,0,0,0,0,0,0,0,0,0,105758
1,1,1,1,917,138,1367,-2568,108,71,-10,22,20,0,0,0,0,0,0,0,0,0,0,0,0,0,0,0,0,0,0,0,0,0,0,105768
1,1,1,1,942,-22,1398,-2500,110,42,-8,23,21,0,0,0,0,0,0,0,0,0,0,0,0,0,0,0,0,0,0,0,0,0,0,105778
1,1,1,1,929,-132,1388,-2469,100,-1,-12,25,22,0,0,0,0,0,0,0,0,0,0,0,0,0,0,0,0,0,0,0,0,0,0,105788
1,1,1,1,932,-111,1354,-2472,99,-7,-12,23,21,0,0,0,0,0,0,0,0,0,0,0,0,0,0,0,0,0,0,0,0,0,0,105798
1,1,1,1,911,-126,1307,-2535,177,14,-15,27,22,0,0,0,0,0,0,0,0,0,0,0,0,0,0,0,0,0,0,0,0,0,0,105808
1,1,1,1,841,-225,1334,-2660,326,38,-11,19,16,0,0,0,0,0,0,0,0,0,0,0,0,0,0,0,0,0,0,0,0,0,0,105818
1,1,1,1,783,-374,1429,-2743,436,18,-15,26,25,0,0,0,0,0,0,0,0,0,0,0,0,0,0,0,0,0,0,0,0,0,0,105828
1,1,1,1,795,-496,1544,-2870,465,-33,-14,21,25,0,0,0,0,0,0,0,0,0,0,0,0,0,0,0,0,0,0,0,0,0,0,105838
1,1,1,1,847,-489,1686,-3070,435,-104,-17,22,24,0,0,0,0,0,0,0,0,0,0,0,0,0,0,0,0,0,0,0,0,0,0,105848
1,1,1,1,849,-557,1719,-3461,418,-212,-19,26,22,0,0,0,0,0,0,0,0,0,0,0,0,0,0,0,0,0,0,0,0,0,0,105858
1,1,1,1,943,-701,1580,-3958,290,-198,-26,22,22,0,0,0,0,0,0,0,0,0,0,0,0,0,0,0,0,0,0,0,0,0,0,105868
1,1,1,1,1014,-711,1400,-4944,258,-173,-34,23,21,0,0,0,0,0,0,0,0,0,0,0,0,0,0,0,0,0,0,0,0,0,0,105878
1,1,1,1,928,-370,1346,-5171,428,10,-5,22,18,0,0,0,0,0,0,0,0,0,0,0,0,0,0,0,0,0,0,0,0,0,0,105888
1,1,1,1,778,-384,1485,-4071,512,179,-7,24,19,0,0,0,0,0,0,0,0,0,0,0,0,0,0,0,0,0,0,0,0,0,0,105898
1,1,1,1,809,-632,1475,-3299,408,246,-9,24,17,0,0,0,0,0,0,0,0,0,0,0,0,0,0,0,0,0,0,0,0,0,0,105908
1,1,1,1,860,-959,1475,-3101,223,248,-12,24,23,0,0,0,0,0,0,0,0,0,0,0,0,0,0,0,0,0,0,0,0,0,0,105918
1,1,1,1,856,-1153,1364,-3584,47,258,-25,25,21,0,0,0,0,0,0,0,0,0,0,0,0,0,0,0,0,0,0,0,0,0,0,105928
1,1,1,1,851,-1070,1303,-5046,-174,126,-17,24,25,0,0,0,0,0,0,0,0,0,0,0,0,0,0,0,0,0,0,0,0,0,0,105938
1,1,1,1,975,-823,1464,-4964,-102,-151,-12,25,28,0,0,0,0,0,0,0,0,0,0,0,0,0,0,0,0,0,0,0,0,0,0,105948
1,1,1,1,989,-1016,1508,-4075,-29,-208,-9,25,22,0,0,0,0,0,0,0,0,0,0,0,0,0,0,0,0,0,0,0,0,0,0,105958
1,1,1,1,884,-1199,1549,-3556,0,-121,-11,25,22,0,0,0,0,0,0,0,0,0,0,0,0,0,0,0,0,0,0,0,0,0,0,105968
1,1,1,1,780,-1310,1479,-3383,10,-11,-13,25,25,0,0,0,0,0,0,0,0,0,0,0,0,0,0,0,0,0,0,0,0,0,0,105978
1,1,1,1,733,-1430,1339,-3347,-3,93,-11,26,18,0,0,0,0,0,0,0,0,0,0,0,0,0,0,0,0,0,0,0,0,0,0,105988
1,1,1,1,746,-1480,1097,-3192,-58,174,-16,25,22,0,0,0,0,0,0,0,0,0,0,0,0,0,0,0,0,0,0,0,0,0,0,105998
1,1,1,1,755,-1557,991,-3301,-96,171,-18,26,23,0,0,0,0,0,0,0,0,0,0,0,0,0,0,0,0,0,0,0,0,0,0,106008
1,1,1,1,750,-1618,982,-3571,-124,67,-19,25,27,0,0,0,0,0,0,0,0,0,0,0,0,0,0,0,0,0,0,0,0,0,0,106018
1,1,1,1,762,-1656,1021,-3898,-161,-65,-20,25,29,0,0,0,0,0,0,0,0,0,0,0,0,0,0,0,0,0,0,0,0,0,0,106028
1,1,1,1,782,-1678,1072,-4219,-175,-161,-20,25,26,0,0,0,0,0,0,0,0,0,0,0,0,0,0,0,0,0,0,0,0,0,0,106038
1,1,1,1,812,-1768,1093,-4437,-160,-187,-17,24,26,0,0,0,0,0,0,0,0,0,0,0,0,0,0,0,0,0,0,0,0,0,0,106048
1,1,1,1,841,-1764,1064,-4452,-59,-206,-18,24,25,0,0,0,0,0,0,0,0,0,0,0,0,0,0,0,0,0,0,0,0,0,0,106058
1,1,1,1,889,-1820,997,-4347,62,-258,-23,24,27,0,0,0,0,0,0,0,0,0,0,0,0,0,0,0,0,0,0,0,0,0,0,106068
1,1,1,1,785,-1889,903,-4716,191,-373,-24,22,27,0,0,0,0,0,0,0,0,0,0,0,0,0,0,0,0,0,0,0,0,0,0,106078
1,1,1,1,735,-2167,707,-5671,336,-555,-20,21,21,0,0,0,0,0,0,0,0,0,0,0,0,0,0,0,0,0,0,0,0,0,0,106098
1,1,1,1,703,-2205,665,-5461,327,-509,-12,26,20,0,0,0,0,0,0,0,0,0,0,0,0,0,0,0,0,0,0,0,0,0,0,106108
1,1,1,1,767,-2118,388,-4314,245,-373,-5,23,17,0,0,0,0,0,0,0,0,0,0,0,0,0,0,0,0,0,0,0,0,0,0,106118
1,1,1,1,809,-2222,55,-3115,74,-225,-10,24,23,0,0,0,0,0,0,0,0,0,0,0,0,0,0,0,0,0,0,0,0,0,0,106128
1,1,1,1,727,-2302,-9,-2915,5,-230,-16,22,20,0,0,0,0,0,0,0,0,0,0,0,0,0,0,0,0,0,0,0,0,0,0,106138
1,1,1,1,701,-2205,191,-3500,54,-294,-27,22,20,0,0,0,0,0,0,0,0,0,0,0,0,0,0,0,0,0,0,0,0,0,0,106148
1,1,1,1,780,-2228,246,-4393,223,-452,-22,20,18,0,0,0,0,0,0,0,0,0,0,0,0,0,0,0,0,0,0,0,0,0,0,106158
1,1,1,1,894,-2346,143,-4538,397,-491,-14,24,21,0,0,0,0,0,0,0,0,0,0,0,0,0,0,0,0,0,0,0,0,0,0,106168
1,1,1,1,900,-2418,88,-4057,504,-315,-10,22,16,0,0,0,0,0,0,0,0,0,0,0,0,0,0,0,0,0,0,0,0,0,0,106178
1,1,1,1,895,-2385,-52,-3284,403,-6,-5,23,13,0,0,0,0,0,0,0,0,0,0,0,0,0,0,0,0,0,0,0,0,0,0,106188
1,1,1,1,944,-2397,-318,-2609,95,209,-7,23,29,0,0,0,0,0,0,0,0,0,0,0,0,0,0,0,0,0,0,0,0,0,0,106198
1,1,1,1,813,-2506,-495,-1899,-103,71,4,23,30,0,0,0,0,0,0,0,0,0,0,0,0,0,0,0,0,0,0,0,0,0,0,106208
1,1,1,1,849,-2236,-298,-1001,-189,-156,-5,22,28,0,0,0,0,0,0,0,0,0,0,0,0,0,0,0,0,0,0,0,0,0,0,106218
1,1,1,1,901,-2302,-199,-819,-370,-165,-6,23,27,0,0,0,0,0,0,0,0,0,0,0,0,0,0,0,0,0,0,0,0,0,0,106228
1,1,1,1,914,-2206,-203,-836,-378,-218,-4,21,29,0,0,0,0,0,0,0,0,0,0,0,0,0,0,0,0,0,0,0,0,0,0,106238
1,1,1,1,864,-2140,-280,-755,-411,-152,-3,20,26,0,0,0,0,0,0,0,0,0,0,0,0,0,0,0,0,0,0,0,0,0,0,106248
1,1,1,1,883,-2188,-425,-712,-298,-85,-5,20,22,0,0,0,0,0,0,0,0,0,0,0,0,0,0,0,0,0,0,0,0,0,0,106258
1,1,1,1,942,-2338,-473,-873,-166,20,-6,19,23,0,0,0,0,0,0,0,0,0,0,0,0,0,0,0,0,0,0,0,0,0,0,106268
1,1,1,1,844,-2360,-530,-820,3,61,-5,18,17,0,0,0,0,0,0,0,0,0,0,0,0,0,0,0,0,0,0,0,0,0,0,106278
1,1,1,1,856,-2346,-469,-794,110,110,-4,19,17,0,0,0,0,0,0,0,0,0,0,0,0,0,0,0,0,0,0,0,0,0,0,106288
1,1,1,1,862,-2245,-329,-730,96,115,-4,19,19,0,0,0,0,0,0,0,0,0,0,0,0,0,0,0,0,0,0,0,0,0,0,106298
1,1,1,1,806,-2199,-271,-481,16,67,-6,19,27,0,0,0,0,0,0,0,0,0,0,0,0,0,0,0,0,0,0,0,0,0,0,106308
1,1,1,1,828,-2282,-323,-312,-37,8,-6,19,21,0,0,0,0,0,0,0,0,0,0,0,0,0,0,0,0,0,0,0,0,0,0,106318
1,1,1,1,839,-2332,-392,-302,-40,-1,-7,18,24,0,0,0,0,0,0,0,0,0,0,0,0,0,0,0,0,0,0,0,0,0,0,106328
1,1,1,1,806,-2393,-519,-350,-39,4,-5,17,30,0,0,0,0,0,0,0,0,0,0,0,0,0,0,0,0,0,0,0,0,0,0,106338
1,1,1,1,690,-2266,-537,-251,-19,-58,-1,16,26,0,0,0,0,0,0,0,0,0,0,0,0,0,0,0,0,0,0,0,0,0,0,106348
1,1,1,1,837,-2152,-499,-162,-2,-79,-6,16,22,0,0,0,0,0,0,0,0,0,0,0,0,0,0,0,0,0,0,0,0,0,0,106358
1,1,1,1,1082,-2222,-572,-23,-26,-19,-7,16,22,0,0,0,0,0,0,0,0,0,0,0,0,0,0,0,0,0,0,0,0,0,0,106368
1,1,1,1,913,-2371,-437,-281,12,31,-8,16,22,0,0,0,0,0,0,0,0,0,0,0,0,0,0,0,0,0,0,0,0,0,0,106378
1,1,1,1,955,-2416,-482,-391,27,30,-8,16,23,0,0,0,0,0,0,0,0,0,0,0,0,0,0,0,0,0,0,0,0,0,0,106388
1,1,1,1,1000,-2356,-485,-399,10,-22,-8,13,21,0,0,0,0,0,0,0,0,0,0,0,0,0,0,0,0,0,0,0,0,0,0,106398
1,1,1,1,1029,-2307,-449,-393,-29,-74,-7,19,25,0,0,0,0,0,0,0,0,0,0,0,0,0,0,0,0,0,0,0,0,0,0,106408
1,1,1,1,937,-2252,-451,-259,-77,-80,-5,13,22,0,0,0,0,0,0,0,0,0,0,0,0,0,0,0,0,0,0,0,0,0,0,106418
1,1,1,1,914,-2290,-502,-218,-142,-12,-4,10,21,0,0,0,0,0,0,0,0,0,0,0,0,0,0,0,0,0,0,0,0,0,0,106428
1,1,1,1,963,-2231,-526,-141,-206,75,-10,15,23,0,0,0,0,0,0,0,0,0,0,0,0,0,0,0,0,0,0,0,0,0,0,106438
1,1,1,1,944,-2301,-453,-164,-162,136,-14,18,26,0,0,0,0,0,0,0,0,0,0,0,0,0,0,0,0,0,0,0,0,0,0,106448
1,1,1,1,938,-2338,-384,-393,-64,130,-18,15,30,0,0,0,0,0,0,0,0,0,0,0,0,0,0,0,0,0,0,0,0,0,0,106458
1,1,1,1,1011,-2338,-160,-1554,389,-184,1,17,27,0,0,0,0,0,0,0,0,0,0,0,0,0,0,0,0,0,0,0,0,0,0,106468
1,1,1,1,1258,-2222,-631,-797,418,-139,-7,19,23,0,0,0,0,0,0,0,0,0,0,0,0,0,0,0,0,0,0,0,0,0,0,106478
1,1,1,1,661,-2458,-694,-294,-75,196,-8,17,28,0,0,0,0,0,0,0,0,0,0,0,0,0,0,0,0,0,0,0,0,0,0,106488
1,1,1,1,767,-2318,-499,-523,63,185,-7,17,26,0,0,0,0,0,0,0,0,0,0,0,0,0,0,0,0,0,0,0,0,0,0,106498
1,1,1,1,1094,-2416,-490,-407,121,154,-9,19,33,0,0,0,0,0,0,0,0,0,0,0,0,0,0,0,0,0,0,0,0,0,0,106508
1,1,1,1,925,-2520,-414,-634,85,88,-9,18,32,0,0,0,0,0,0,0,0,0,0,0,0,0,0,0,0,0,0,0,0,0,0,106518
1,1,1,1,827,-2454,-506,-699,9,17,-12,18,31,0,0,0,0,0,0,0,0,0,0,0,0,0,0,0,0,0,0,0,0,0,0,106528
1,1,1,1,827,-2454,-506,-831,-3,9,-15,17,33,0,0,0,0,0,0,0,0,0,0,0,0,0,0,0,0,0,0,0,0,0,0,106538
1,1,1,1,899,-2452,-499,-1138,-3,48,-14,17,32,0,0,0,0,0,0,0,0,0,0,0,0,0,0,0,0,0,0,0,0,0,0,106548
1,1,1,1,869,-2414,-544,-1244,-29,17,-16,16,31,0,0,0,0,0,0,0,0,0,0,0,0,0,0,0,0,0,0,0,0,0,0,106558
1,1,1,1,866,-2357,-610,-1202,-35,-29,-12,13,29,0,0,0,0,0,0,0,0,0,0,0,0,0,0,0,0,0,0,0,0,0,0,106568
1,1,1,1,871,-2171,-759,-930,-41,-107,-11,11,26,0,0,0,0,0,0,0,0,0,0,0,0,0,0,0,0,0,0,0,0,0,0,106578
1,1,1,1,925,-2173,-819,-848,-52,-75,-12,10,23,0,0,0,0,0,0,0,0,0,0,0,0,0,0,0,0,0,0,0,0,0,0,106588
1,1,1,1,933,-2122,-836,-748,14,-40,-13,10,23,0,0,0,0,0,0,0,0,0,0,0,0,0,0,0,0,0,0,0,0,0,0,106598
1,1,1,1,991,-2030,-748,-730,29,-45,-12,10,24,0,0,0,0,0,0,0,0,0,0,0,0,0,0,0,0,0,0,0,0,0,0,106608
1,1,1,1,1015,-2016,-692,-660,36,-123,-12,10,23,0,0,0,0,0,0,0,0,0,0,0,0,0,0,0,0,0,0,0,0,0,0,106618
1,1,1,1,990,-2218,-664,-861,38,-187,-13,9,20,0,0,0,0,0,0,0,0,0,0,0,0,0,0,0,0,0,0,0,0,0,0,106628
1,1,1,1,943,-2272,-722,-1029,33,-182,-14,9,14,0,0,0,0,0,0,0,0,0,0,0,0,0,0,0,0,0,0,0,0,0,0,106638
1,1,1,1,858,-2307,-825,-1093,91,-97,-11,9,14,0,0,0,0,0,0,0,0,0,0,0,0,0,0,0,0,0,0,0,0,0,0,106648
1,1,1,1,862,-2291,-941,-1099,139,-78,-10,9,11,0,0,0,0,0,0,0,0,0,0,0,0,0,0,0,0,0,0,0,0,0,0,106658
1,1,1,1,714,-2556,-795,-1619,184,-48,-4,8,7,0,0,0,0,0,0,0,0,0,0,0,0,0,0,0,0,0,0,0,0,0,0,106678
1,1,1,1,838,-2112,-675,-1564,254,-25,0,12,6,0,0,0,0,0,0,0,0,0,0,0,0,0,0,0,0,0,0,0,0,0,0,106688
1,1,1,1,1038,-1890,-794,-382,245,-50,-3,12,18,0,0,0,0,0,0,0,0,0,0,0,0,0,0,0,0,0,0,0,0,0,0,106698
1,1,1,1,797,-2324,-998,10,37,-209,-5,10,17,0,0,0,0,0,0,0,0,0,0,0,0,0,0,0,0,0,0,0,0,0,0,106708
1,1,1,1,773,-2304,-917,5,89,-195,-5,10,11,0,0,0,0,0,0,0,0,0,0,0,0,0,0,0,0,0,0,0,0,0,0,106718
1,1,1,1,886,-2210,-847,32,130,-90,-7,10,15,0,0,0,0,0,0,0,0,0,0,0,0,0,0,0,0,0,0,0,0,0,0,106728
1,1,1,1,888,-2282,-928,100,75,-88,-6,11,19,0,0,0,0,0,0,0,0,0,0,0,0,0,0,0,0,0,0,0,0,0,0,106738
1,1,1,1,875,-2256,-908,128,14,-65,-12,15,24,0,0,0,0,0,0,0,0,0,0,0,0,0,0,0,0,0,0,0,0,0,0,106748
1,1,1,1,901,-2248,-816,-5,-56,19,-15,14,29,0,0,0,0,0,0,0,0,0,0,0,0,0,0,0,0,0,0,0,0,0,0,106758
1,1,1,1,841,-2444,-931,-266,-24,21,-18,13,37,0,0,0,0,0,0,0,0,0,0,0,0,0,0,0,0,0,0,0,0,0,0,106768
1,1,1,1,821,-2575,-980,-758,8,26,-20,15,35,0,0,0,0,0,0,0,0,0,0,0,0,0,0,0,0,0,0,0,0,0,0,106778
1,1,1,1,828,-2426,-907,-1116,-76,45,-21,16,39,0,0,0,0,0,0,0,0,0,0,0,0,0,0,0,0,0,0,0,0,0,0,106788
1,1,1,1,822,-2334,-956,-1254,-134,18,-18,13,38,0,0,0,0,0,0,0,0,0,0,0,0,0,0,0,0,0,0,0,0,0,0,106798
1,1,1,1,761,-2213,-1006,-1316,-122,36,-22,13,39,0,0,0,0,0,0,0,0,0,0,0,0,0,0,0,0,0,0,0,0,0,0,106808
1,1,1,1,732,-2317,-1288,-1840,-21,137,-26,13,31,0,0,0,0,0,0,0,0,0,0,0,0,0,0,0,0,0,0,0,0,0,0,106818
1,1,1,1,554,-2346,-1423,-2962,60,328,-16,12,30,0,0,0,0,0,0,0,0,0,0,0,0,0,0,0,0,0,0,0,0,0,0,106828
1,1,1,1,1034,-1677,-945,-2343,71,363,-11,14,32,0,0,0,0,0,0,0,0,0,0,0,0,0,0,0,0,0,0,0,0,0,0,106838
1,1,1,1,1321,-1975,-916,-1477,59,216,-16,14,32,0,0,0,0,0,0,0,0,0,0,0,0,0,0,0,0,0,0,0,0,0,0,106848
1,1,1,1,1048,-2229,-1039,-1440,13,155,-15,13,30,0,0,0,0,0,0,0,0,0,0,0,0,0,0,0,0,0,0,0,0,0,0,106858
1,1,1,1,966,-2091,-1129,-1287,21,115,-12,13,35,0,0,0,0,0,0,0,0,0,0,0,0,0,0,0,0,0,0,0,0,0,0,106868
1,1,1,1,889,-2166,-1200,-967,-21,5,-16,12,40,0,0,0,0,0,0,0,0,0,0,0,0,0,0,0,0,0,0,0,0,0,0,106888
1,1,1,1,872,-2169,-1235,-898,-55,-50,-19,11,38,0,0,0,0,0,0,0,0,0,0,0,0,0,0,0,0,0,0,0,0,0,0,106898
1,1,1,1,870,-2088,-1276,-836,-86,-81,-21,10,42,0,0,0,0,0,0,0,0,0,0,0,0,0,0,0,0,0,0,0,0,0,0,106908
1,1,1,1,889,-2041,-1255,-843,-104,-73,-24,9,47,0,0,0,0,0,0,0,0,0,0,0,0,0,0,0,0,0,0,0,0,0,0,106918
1,1,1,1,895,-2091,-1255,-884,-96,-79,-24,9,49,0,0,0,0,0,0,0,0,0,0,0,0,0,0,0,0,0,0,0,0,0,0,106928
1,1,1,1,892,-2070,-1307,-782,-94,-83,-25,8,51,0,0,0,0,0,0,0,0,0,0,0,0,0,0,0,0,0,0,0,0,0,0,106938
1,1,1,1,966,-2087,-1255,-729,-119,-96,-30,7,51,0,0,0,0,0,0,0,0,0,0,0,0,0,0,0,0,0,0,0,0,0,0,106948
1,1,1,1,958,-2136,-1260,-616,-137,-155,-32,5,51,0,0,0,0,0,0,0,0,0,0,0,0,0,0,0,0,0,0,0,0,0,0,106958
1,1,1,1,925,-2118,-1257,-539,-177,-205,-32,2,51,0,0,0,0,0,0,0,0,0,0,0,0,0,0,0,0,0,0,0,0,0,0,106968
1,1,1,1,969,-2053,-1280,-423,-220,-260,-35,0,46,0,0,0,0,0,0,0,0,0,0,0,0,0,0,0,0,0,0,0,0,0,0,106978
1,1,1,1,954,-2075,-1327,-326,-261,-304,-37,-3,45,0,0,0,0,0,0,0,0,0,0,0,0,0,0,0,0,0,0,0,0,0,0,106988
1,1,1,1,922,-2041,-1368,-368,-302,-308,-41,-2,44,0,0,0,0,0,0,0,0,0,0,0,0,0,0,0,0,0,0,0,0,0,0,106998
1,1,1,1,922,-1966,-1462,-600,-225,-192,-46,-10,38,0,0,0,0,0,0,0,0,0,0,0,0,0,0,0,0,0,0,0,0,0,0,107018
1,1,1,1,920,-1909,-1468,-627,-167,-110,-48,-14,33,0,0,0,0,0,0,0,0,0,0,0,0,0,0,0,0,0,0,0,0,0,0,107028
1,1,1,1,880,-1924,-1485,-554,-117,-64,-50,-17,27,0,0,0,0,0,0,0,0,0,0,0,0,0,0,0,0,0,0,0,0,0,0,107038
1,1,1,1,852,-1889,-1462,-426,-63,-27,-47,-20,19,0,0,0,0,0,0,0,0,0,0,0,0,0,0,0,0,0,0,0,0,0,0,107048
1,1,1,1,850,-1902,-1430,-287,-13,1,-45,-29,17,0,0,0,0,0,0,0,0,0,0,0,0,0,0,0,0,0,0,0,0,0,0,107058
1,1,1,1,817,-1934,-1440,-216,0,3,-45,-31,6,0,0,0,0,0,0,0,0,0,0,0,0,0,0,0,0,0,0,0,0,0,0,107068
1,1,1,1,786,-1935,-1485,-181,23,14,-44,-34,5,0,0,0,0,0,0,0,0,0,0,0,0,0,0,0,0,0,0,0,0,0,0,107078
1,1,1,1,836,-1939,-1466,-126,28,38,-46,-37,1,0,0,0,0,0,0,0,0,0,0,0,0,0,0,0,0,0,0,0,0,0,0,107088
1,1,1,1,817,-1949,-1473,-112,37,39,-45,-37,1,0,0,0,0,0,0,0,0,0,0,0,0,0,0,0,0,0,0,0,0,0,0,107098
1,1,1,1,833,-1934,-1451,-33,32,26,-44,-39,1,0,0,0,0,0,0,0,0,0,0,0,0,0,0,0,0,0,0,0,0,0,0,107108
1,1,1,1,866,-1935,-1433,16,32,20,-43,-41,-1,0,0,0,0,0,0,0,0,0,0,0,0,0,0,0,0,0,0,0,0,0,0,107118
1,1,1,1,837,-1960,-1360,86,53,21,-47,-42,1,0,0,0,0,0,0,0,0,0,0,0,0,0,0,0,0,0,0,0,0,0,0,107128
1,1,1,1,995,-2153,-1311,-82,-16,-31,-49,-43,0,0,0,0,0,0,0,0,0,0,0,0,0,0,0,0,0,0,0,0,0,0,0,107138
1,1,1,1,915,-2102,-1320,-253,-28,-78,-50,-46,-3,0,0,0,0,0,0,0,0,0,0,0,0,0,0,0,0,0,0,0,0,0,0,107148
1,1,1,1,804,-2049,-1397,-310,-23,-94,-48,-51,-10,0,0,0,0,0,0,0,0,0,0,0,0,0,0,0,0,0,0,0,0,0,0,107158
1,1,1,1,888,-1930,-1519,-268,-4,-107,-48,-54,-18,0,0,0,0,0,0,0,0,0,0,0,0,0,0,0,0,0,0,0,0,0,0,107168
1,1,1,1,865,-1928,-1527,-247,19,-103,-46,-58,-30,0,0,0,0,0,0,0,0,0,0,0,0,0,0,0,0,0,0,0,0,0,0,107178
1,1,1,1,948,-1887,-1586,-213,26,-130,-44,-60,-37,0,0,0,0,0,0,0,0,0,0,0,0,0,0,0,0,0,0,0,0,0,0,107188
1,1,1,1,1036,-1847,-1522,-115,30,-193,-41,-63,-43,0,0,0,0,0,0,0,0,0,0,0,0,0,0,0,0,0,0,0,0,0,0,107198
1,1,1,1,996,-1848,-1460,-136,28,-210,-40,-63,-48,0,0,0,0,0,0,0,0,0,0,0,0,0,0,0,0,0,0,0,0,0,0,107208
1,1,1,1,1044,-1904,-1484,-168,43,-237,-39,-66,-53,0,0,0,0,0,0,0,0,0,0,0,0,0,0,0,0,0,0,0,0,0,0,107218
1,1,1,1,1038,-1876,-1400,-144,16,-263,-39,-68,-60,0,0,0,0,0,0,0,0,0,0,0,0,0,0,0,0,0,0,0,0,0,0,107228
1,1,1,1,1040,-1894,-1423,-106,13,-262,-36,-69,-64,0,0,0,0,0,0,0,0,0,0,0,0,0,0,0,0,0,0,0,0,0,0,107238
1,1,1,1,958,-1912,-1496,-28,65,-260,-35,-71,-68,0,0,0,0,0,0,0,0,0,0,0,0,0,0,0,0,0,0,0,0,0,0,107248
1,1,1,1,970,-1913,-1439,69,75,-243,-33,-74,-70,0,0,0,0,0,0,0,0,0,0,0,0,0,0,0,0,0,0,0,0,0,0,107258
1,1,1,1,954,-1985,-1459,151,91,-228,-34,-75,-79,0,0,0,0,0,0,0,0,0,0,0,0,0,0,0,0,0,0,0,0,0,0,107268
1,1,1,1,921,-1947,-1414,192,82,-167,-34,-78,-80,0,0,0,0,0,0,0,0,0,0,0,0,0,0,0,0,0,0,0,0,0,0,107278
1,1,1,1,924,-1995,-1452,173,45,-37,-37,-77,-77,0,0,0,0,0,0,0,0,0,0,0,0,0,0,0,0,0,0,0,0,0,0,107288
1,1,1,1,870,-2083,-1506,137,81,4,-37,-77,-76,0,0,0,0,0,0,0,0,0,0,0,0,0,0,0,0,0,0,0,0,0,0,107298
1,1,1,1,842,-2105,-1433,23,30,22,-39,-74,-76,0,0,0,0,0,0,0,0,0,0,0,0,0,0,0,0,0,0,0,0,0,0,107308
1,1,1,1,873,-2085,-1474,-78,22,34,-42,-78,-76,0,0,0,0,0,0,0,0,0,0,0,0,0,0,0,0,0,0,0,0,0,0,107318
1,1,1,1,875,-2023,-1474,-179,28,84,-43,-77,-76,0,0,0,0,0,0,0,0,0,0,0,0,0,0,0,0,0,0,0,0,0,0,107328
1,1,1,1,872,-1988,-1446,-189,20,123,-42,-81,-73,0,0,0,0,0,0,0,0,0,0,0,0,0,0,0,0,0,0,0,0,0,0,107338
1,1,1,1,881,-2020,-1489,-239,57,162,-44,-81,-70,0,0,0,0,0,0,0,0,0,0,0,0,0,0,0,0,0,0,0,0,0,0,107348
1,1,1,1,881,-1993,-1462,-286,74,203,-45,-79,-68,0,0,0,0,0,0,0,0,0,0,0,0,0,0,0,0,0,0,0,0,0,0,107358
1,1,1,1,953,-1917,-1465,-263,81,239,-45,-82,-71,0,0,0,0,0,0,0,0,0,0,0,0,0,0,0,0,0,0,0,0,0,0,107368
1,1,1,1,941,-1893,-1488,-185,80,245,-44,-83,-72,0,0,0,0,0,0,0,0,0,0,0,0,0,0,0,0,0,0,0,0,0,0,107378
1,1,1,1,952,-1901,-1526,-155,63,228,-48,-82,-69,0,0,0,0,0,0,0,0,0,0,0,0,0,0,0,0,0,0,0,0,0,0,107388
1,1,1,1,991,-1911,-1484,-148,37,205,-47,-86,-70,0,0,0,0,0,0,0,0,0,0,0,0,0,0,0,0,0,0,0,0,0,0,107398
1,1,1,1,1020,-1963,-1430,-121,-11,133,-46,-86,-67,0,0,0,0,0,0,0,0,0,0,0,0,0,0,0,0,0,0,0,0,0,0,107408
1,1,1,1,980,-1924,-1490,-91,-49,86,-45,-87,-64,0,0,0,0,0,0,0,0,0,0,0,0,0,0,0,0,0,0,0,0,0,0,107418
1,1,1,1,958,-1904,-1511,6,-98,15,-48,-86,-61,0,0,0,0,0,0,0,0,0,0,0,0,0,0,0,0,0,0,0,0,0,0,107428
1,1,1,1,915,-1923,-1489,77,-130,-43,-50,-85,-60,0,0,0,0,0,0,0,0,0,0,0,0,0,0,0,0,0,0,0,0,0,0,107438
1,1,1,1,861,-1943,-1531,13,-113,-19,-49,-84,-57,0,0,0,0,0,0,0,0,0,0,0,0,0,0,0,0,0,0,0,0,0,0,107448
1,1,1,1,941,-1911,-1501,-2,-105,-8,-48,-83,-57,0,0,0,0,0,0,0,0,0,0,0,0,0,0,0,0,0,0,0,0,0,0,107458
1,1,1,1,974,-1933,-1468,43,-105,-22,-50,-82,-56,0,0,0,0,0,0,0,0,0,0,0,0,0,0,0,0,0,0,0,0,0,0,107468
1,1,1,1,961,-1932,-1475,20,-88,15,-49,-82,-58,0,0,0,0,0,0,0,0,0,0,0,0,0,0,0,0,0,0,0,0,0,0,107478
1,1,1,1,960,-1941,-1468,12,-70,61,-48,-82,-56,0,0,0,0,0,0,0,0,0,0,0,0,0,0,0,0,0,0,0,0,0,0,107488
1,1,1,1,967,-2003,-1434,49,-87,35,-50,-83,-55,0,0,0,0,0,0,0,0,0,0,0,0,0,0,0,0,0,0,0,0,0,0,107498
1,1,1,1,953,-2023,-1414,71,-129,-19,-50,-82,-57,0,0,0,0,0,0,0,0,0,0,0,0,0,0,0,0,0,0,0,0,0,0,107508
1,1,1,1,947,-1975,-1464,101,-153,-70,-48,-82,-53,0,0,0,0,0,0,0,0,0,0,0,0,0,0,0,0,0,0,0,0,0,0,107518
1,1,1,1,944,-1933,-1504,148,-159,-100,-49,-81,-52,0,0,0,0,0,0,0,0,0,0,0,0,0,0,0,0,0,0,0,0,0,0,107528
1,1,1,1,976,-1906,-1503,162,-155,-102,-48,-80,-51,0,0,0,0,0,0,0,0,0,0,0,0,0,0,0,0,0,0,0,0,0,0,107538
1,1,1,1,989,-1890,-1468,147,-137,-74,-47,-80,-52,0,0,0,0,0,0,0,0,0,0,0,0,0,0,0,0,0,0,0,0,0,0,107548
1,1,1,1,968,-1883,-1479,89,-110,-13,-49,-80,-52,0,0,0,0,0,0,0,0,0,0,0,0,0,0,0,0,0,0,0,0,0,0,107558
1,1,1,1,911,-1900,-1539,76,-78,10,-48,-80,-50,0,0,0,0,0,0,0,0,0,0,0,0,0,0,0,0,0,0,0,0,0,0,107568
1,1,1,1,842,-1933,-1541,20,-36,40,-51,-79,-49,0,0,0,0,0,0,0,0,0,0,0,0,0,0,0,0,0,0,0,0,0,0,107578
1,1,1,1,844,-1900,-1572,-20,1,61,-47,-79,-49,0,0,0,0,0,0,0,0,0,0,0,0,0,0,0,0,0,0,0,0,0,0,107588
1,1,1,1,823,-1863,-1606,8,27,62,-46,-78,-50,0,0,0,0,0,0,0,0,0,0,0,0,0,0,0,0,0,0,0,0,0,0,107598
1,1,1,1,816,-1848,-1596,82,56,46,-48,-76,-49,0,0,0,0,0,0,0,0,0,0,0,0,0,0,0,0,0,0,0,0,0,0,107608
1,1,1,1,798,-1788,-1587,216,98,47,-44,-75,-50,0,0,0,0,0,0,0,0,0,0,0,0,0,0,0,0,0,0,0,0,0,0,107618
1,1,1,1,801,-1826,-1585,303,135,50,-43,-76,-51,0,0,0,0,0,0,0,0,0,0,0,0,0,0,0,0,0,0,0,0,0,0,107628
1,1,1,1,854,-1876,-1450,323,110,38,-40,-70,-49,0,0,0,0,0,0,0,0,0,0,0,0,0,0,0,0,0,0,0,0,0,0,107638
1,1,1,1,887,-1936,-1369,368,75,17,-42,-70,-51,0,0,0,0,0,0,0,0,0,0,0,0,0,0,0,0,0,0,0,0,0,0,107648
1,1,1,1,926,-2008,-1371,252,104,36,-41,-71,-53,0,0,0,0,0,0,0,0,0,0,0,0,0,0,0,0,0,0,0,0,0,0,107658
1,1,1,1,957,-2054,-1353,113,99,50,-41,-68,-50,0,0,0,0,0,0,0,0,0,0,0,0,0,0,0,0,0,0,0,0,0,0,107668
1,1,1,1,965,-2072,-1365,46,77,18,-39,-70,-50,0,0,0,0,0,0,0,0,0,0,0,0,0,0,0,0,0,0,0,0,0,0,107678
1,1,1,1,984,-1998,-1401,19,71,33,-39,-71,-51,0,0,0,0,0,0,0,0,0,0,0,0,0,0,0,0,0,0,0,0,0,0,107688
1,1,1,1,961,-1961,-1462,21,101,73,-38,-71,-49,0,0,0,0,0,0,0,0,0,0,0,0,0,0,0,0,0,0,0,0,0,0,107698
1,1,1,1,965,-1978,-1435,41,89,67,-36,-71,-49,0,0,0,0,0,0,0,0,0,0,0,0,0,0,0,0,0,0,0,0,0,0,107708
1,1,1,1,961,-1986,-1429,64,66,42,-37,-69,-49,0,0,0,0,0,0,0,0,0,0,0,0,0,0,0,0,0,0,0,0,0,0,107718
1,1,1,1,932,-1950,-1472,110,54,20,-38,-68,-50,0,0,0,0,0,0,0,0,0,0,0,0,0,0,0,0,0,0,0,0,0,0,107728
1,1,1,1,915,-1942,-1481,131,56,34,-39,-67,-49,0,0,0,0,0,0,0,0,0,0,0,0,0,0,0,0,0,0,0,0,0,0,107738
1,1,1,1,950,-1996,-1401,108,50,44,-40,-67,-49,0,0,0,0,0,0,0,0,0,0,0,0,0,0,0,0,0,0,0,0,0,0,107748
1,1,1,1,982,-2051,-1332,39,7,30,-39,-67,-49,0,0,0,0,0,0,0,0,0,0,0,0,0,0,0,0,0,0,0,0,0,0,107758
1,1,1,1,982,-2051,-1332,1,-13,15,-38,-67,-49,0,0,0,0,0,0,0,0,0,0,0,0,0,0,0,0,0,0,0,0,0,0,107768
1,1,1,1,926,-1994,-1470,-31,5,36,-37,-67,-47,0,0,0,0,0,0,0,0,0,0,0,0,0,0,0,0,0,0,0,0,0,0,107778
1,1,1,1,914,-1985,-1470,-50,29,70,-38,-66,-48,0,0,0,0,0,0,0,0,0,0,0,0,0,0,0,0,0,0,0,0,0,0,107788
1,1,1,1,885,-1963,-1507,-45,69,106,-38,-66,-46,0,0,0,0,0,0,0,0,0,0,0,0,0,0,0,0,0,0,0,0,0,0,107798
1,1,1,1,876,-1944,-1506,-20,77,119,-37,-65,-47,0,0,0,0,0,0,0,0,0,0,0,0,0,0,0,0,0,0,0,0,0,0,107808
1,1,1,1,891,-1953,-1465,25,74,106,-39,-64,-45,0,0,0,0,0,0,0,0,0,0,0,0,0,0,0,0,0,0,0,0,0,0,107818
1,1,1,1,913,-1961,-1410,53,53,79,-42,-63,-46,0,0,0,0,0,0,0,0,0,0,0,0,0,0,0,0,0,0,0,0,0,0,107828
1,1,1,1,919,-1983,-1393,48,29,50,-39,-63,-46,0,0,0,0,0,0,0,0,0,0,0,0,0,0,0,0,0,0,0,0,0,0,107838
1,1,1,1,930,-1988,-1365,15,7,46,-38,-63,-44,0,0,0,0,0,0,0,0,0,0,0,0,0,0,0,0,0,0,0,0,0,0,107848
1,1,1,1,930,-1968,-1414,1,17,61,-38,-63,-43,0,0,0,0,0,0,0,0,0,0,0,0,0,0,0,0,0,0,0,0,0,0,107858
1,1,1,1,894,-1955,-1461,16,34,75,-38,-62,-41,0,0,0,0,0,0,0,0,0,0,0,0,0,0,0,0,0,0,0,0,0,0,107868
1,1,1,1,893,-1975,-1447,38,43,76,-37,-61,-37,0,0,0,0,0,0,0,0,0,0,0,0,0,0,0,0,0,0,0,0,0,0,107878
1,1,1,1,886,-1965,-1455,60,46,76,-37,-61,-40,0,0,0,0,0,0,0,0,0,0,0,0,0,0,0,0,0,0,0,0,0,0,107888
1,1,1,1,888,-1948,-1438,103,46,78,-36,-62,-37,0,0,0,0,0,0,0,0,0,0,0,0,0,0,0,0,0,0,0,0,0,0,107898
1,1,1,1,935,-1990,-1371,101,11,58,-37,-61,-34,0,0,0,0,0,0,0,0,0,0,0,0,0,0,0,0,0,0,0,0,0,0,107908
1,1,1,1,937,-2051,-1346,97,-32,-9,-40,-61,-30,0,0,0,0,0,0,0,0,0,0,0,0,0,0,0,0,0,0,0,0,0,0,107918
1,1,1,1,916,-2045,-1388,94,-57,-57,-40,-61,-34,0,0,0,0,0,0,0,0,0,0,0,0,0,0,0,0,0,0,0,0,0,0,107928
1,1,1,1,906,-1990,-1436,80,-44,-45,-40,-59,-29,0,0,0,0,0,0,0,0,0,0,0,0,0,0,0,0,0,0,0,0,0,0,107938
1,1,1,1,901,-1965,-1442,98,-28,-20,-39,-64,-32,0,0,0,0,0,0,0,0,0,0,0,0,0,0,0,0,0,0,0,0,0,0,107948
1,1,1,1,908,-1977,-1438,116,-26,-16,-41,-63,-28,0,0,0,0,0,0,0,0,0,0,0,0,0,0,0,0,0,0,0,0,0,0,107958
1,1,1,1,915,-1970,-1435,129,-19,-4,-43,-59,-25,0,0,0,0,0,0,0,0,0,0,0,0,0,0,0,0,0,0,0,0,0,0,107968
1,1,1,1,914,-1974,-1441,142,-16,-3,-41,-62,-22,0,0,0,0,0,0,0,0,0,0,0,0,0,0,0,0,0,0,0,0,0,0,107978
1,1,1,1,902,-1982,-1440,154,-12,-7,-43,-60,-21,0,0,0,0,0,0,0,0,0,0,0,0,0,0,0,0,0,0,0,0,0,0,107988
1,1,1,1,920,-1991,-1422,140,-5,-5,-41,-60,-21,0,0,0,0,0,0,0,0,0,0,0,0,0,0,0,0,0,0,0,0,0,0,107998
1,1,1,1,936,-2007,-1389,110,-6,0,-43,-58,-21,0,0,0,0,0,0,0,0,0,0,0,0,0,0,0,0,0,0,0,0,0,0,108008
1,1,1,1,938,-2024,-1388,92,-5,-2,-41,-58,-19,0,0,0,0,0,0,0,0,0,0,0,0,0,0,0,0,0,0,0,0,0,0,108018
1,1,1,1,924,-2057,-1380,63,-10,1,-41,-58,-15,0,0,0,0,0,0,0,0,0,0,0,0,0,0,0,0,0,0,0,0,0,0,108028
1,1,1,1,905,-2074,-1380,21,-13,7,-43,-59,-15,0,0,0,0,0,0,0,0,0,0,0,0,0,0,0,0,0,0,0,0,0,0,108038
1,1,1,1,884,-2071,-1408,9,-3,3,-41,-58,-13,0,0,0,0,0,0,0,0,0,0,0,0,0,0,0,0,0,0,0,0,0,0,108048
1,1,1,1,895,-2033,-1394,7,-7,10,-40,-59,-15,0,0,0,0,0,0,0,0,0,0,0,0,0,0,0,0,0,0,0,0,0,0,108058
1,1,1,1,899,-2006,-1411,8,-1,28,-40,-59,-16,0,0,0,0,0,0,0,0,0,0,0,0,0,0,0,0,0,0,0,0,0,0,108068
1,1,1,1,882,-1984,-1445,26,9,36,-40,-59,-16,0,0,0,0,0,0,0,0,0,0,0,0,0,0,0,0,0,0,0,0,0,0,108078
1,1,1,1,910,-1988,-1411,43,21,43,-40,-58,-10,0,0,0,0,0,0,0,0,0,0,0,0,0,0,0,0,0,0,0,0,0,0,108088
1,1,1,1,924,-2026,-1366,29,13,47,-42,-58,-13,0,0,0,0,0,0,0,0,0,0,0,0,0,0,0,0,0,0,0,0,0,0,108098
1,1,1,1,930,-2045,-1351,-4,11,54,-43,-59,-19,0,0,0,0,0,0,0,0,0,0,0,0,0,0,0,0,0,0,0,0,0,0,108108
1,1,1,1,908,-2039,-1378,-24,14,60,-44,-60,-16,0,0,0,0,0,0,0,0,0,0,0,0,0,0,0,0,0,0,0,0,0,0,108118
1,1,1,1,883,-2017,-1420,-23,31,72,-42,-61,-11,0,0,0,0,0,0,0,0,0,0,0,0,0,0,0,0,0,0,0,0,0,0,108128
1,1,1,1,880,-1986,-1446,-22,46,88,-43,-61,-9,0,0,0,0,0,0,0,0,0,0,0,0,0,0,0,0,0,0,0,0,0,0,108138
1,1,1,1,881,-1968,-1460,-10,43,87,-42,-61,-15,0,0,0,0,0,0,0,0,0,0,0,0,0,0,0,0,0,0,0,0,0,0,108148
1,1,1,1,897,-1953,-1446,28,29,66,-40,-61,-7,0,0,0,0,0,0,0,0,0,0,0,0,0,0,0,0,0,0,0,0,0,0,108158
1,1,1,1,916,-1956,-1416,68,17,39,-40,-60,-17,0,0,0,0,0,0,0,0,0,0,0,0,0,0,0,0,0,0,0,0,0,0,108168
1,1,1,1,925,-1972,-1392,85,-1,13,-43,-60,-6,0,0,0,0,0,0,0,0,0,0,0,0,0,0,0,0,0,0,0,0,0,0,108178
1,1,1,1,952,-2010,-1334,80,-35,-12,-44,-59,-2,0,0,0,0,0,0,0,0,0,0,0,0,0,0,0,0,0,0,0,0,0,0,108188
1,1,1,1,922,-2017,-1365,91,-49,-26,-47,-60,-13,0,0,0,0,0,0,0,0,0,0,0,0,0,0,0,0,0,0,0,0,0,0,108198
1,1,1,1,909,-2027,-1368,84,-56,-18,-44,-61,-6,0,0,0,0,0,0,0,0,0,0,0,0,0,0,0,0,0,0,0,0,0,0,108208
1,1,1,1,877,-2060,-1384,69,-36,-11,-45,-60,-5,0,0,0,0,0,0,0,0,0,0,0,0,0,0,0,0,0,0,0,0,0,0,108218
1,1,1,1,851,-2071,-1394,52,-31,-12,-45,-62,-6,0,0,0,0,0,0,0,0,0,0,0,0,0,0,0,0,0,0,0,0,0,0,108228
1,1,1,1,839,-2061,-1414,19,-29,-5,-46,-61,-9,0,0,0,0,0,0,0,0,0,0,0,0,0,0,0,0,0,0,0,0,0,0,108238
1,1,1,1,859,-2049,-1426,-18,-18,5,-50,-60,-4,0,0,0,0,0,0,0,0,0,0,0,0,0,0,0,0,0,0,0,0,0,0,108248
1,1,1,1,880,-2022,-1428,-34,-14,11,-48,-59,-10,0,0,0,0,0,0,0,0,0,0,0,0,0,0,0,0,0,0,0,0,0,0,108258
1,1,1,1,925,-2016,-1401,-31,-23,0,-49,-56,-8,0,0,0,0,0,0,0,0,0,0,0,0,0,0,0,0,0,0,0,0,0,0,108268
1,1,1,1,930,-2020,-1410,-43,-43,-8,-46,-60,-8,0,0,0,0,0,0,0,0,0,0,0,0,0,0,0,0,0,0,0,0,0,0,108278
1,1,1,1,925,-2008,-1407,-30,-52,-18,-47,-57,-4,0,0,0,0,0,0,0,0,0,0,0,0,0,0,0,0,0,0,0,0,0,0,108288
1,1,1,1,943,-2014,-1386,-8,-70,-32,-45,-58,-10,0,0,0,0,0,0,0,0,0,0,0,0,0,0,0,0,0,0,0,0,0,0,108298
1,1,1,1,939,-2006,-1382,-4,-76,-36,-44,-56,-5,0,0,0,0,0,0,0,0,0,0,0,0,0,0,0,0,0,0,0,0,0,0,108308
1,1,1,1,934,-2003,-1390,-8,-86,-40,-41,-57,-1,0,0,0,0,0,0,0,0,0,0,0,0,0,0,0,0,0,0,0,0,0,0,108318
1,1,1,1,917,-1987,-1399,-8,-74,-26,-43,-58,-4,0,0,0,0,0,0,0,0,0,0,0,0,0,0,0,0,0,0,0,0,0,0,108328
1,1,1,1,892,-1977,-1427,-5,-45,-3,-42,-57,-6,0,0,0,0,0,0,0,0,0,0,0,0,0,0,0,0,0,0,0,0,0,0,108338
1,1,1,1,872,-1969,-1445,-3,-19,18,-41,-57,0,0,0,0,0,0,0,0,0,0,0,0,0,0,0,0,0,0,0,0,0,0,0,108348
1,1,1,1,861,-1970,-1437,16,11,34,-42,-56,-2,0,0,0,0,0,0,0,0,0,0,0,0,0,0,0,0,0,0,0,0,0,0,108358
1,1,1,1,852,-1981,-1435,42,17,24,-44,-55,-8,0,0,0,0,0,0,0,0,0,0,0,0,0,0,0,0,0,0,0,0,0,0,108368
1,1,1,1,883,-1986,-1407,58,8,14,-42,-55,-5,0,0,0,0,0,0,0,0,0,0,0,0,0,0,0,0,0,0,0,0,0,0,108378
1,1,1,1,904,-1997,-1399,66,2,4,-38,-54,1,0,0,0,0,0,0,0,0,0,0,0,0,0,0,0,0,0,0,0,0,0,0,108388
1,1,1,1,920,-2002,-1379,44,-6,9,-40,-54,-2,0,0,0,0,0,0,0,0,0,0,0,0,0,0,0,0,0,0,0,0,0,0,108398
1,1,1,1,939,-2025,-1346,16,-9,18,-39,-54,1,0,0,0,0,0,0,0,0,0,0,0,0,0,0,0,0,0,0,0,0,0,0,108408
1,1,1,1,915,-2052,-1372,5,-5,12,-41,-54,0,0,0,0,0,0,0,0,0,0,0,0,0,0,0,0,0,0,0,0,0,0,0,108418
1,1,1,1,910,-2053,-1359,-14,-17,12,-41,-55,-2,0,0,0,0,0,0,0,0,0,0,0,0,0,0,0,0,0,0,0,0,0,0,108428
1,1,1,1,881,-2047,-1382,-28,-24,10,-41,-55,-2,0,0,0,0,0,0,0,0,0,0,0,0,0,0,0,0,0,0,0,0,0,0,108438
1,1,1,1,861,-2014,-1426,-4,1,14,-42,-54,-1,0,0,0,0,0,0,0,0,0,0,0,0,0,0,0,0,0,0,0,0,0,0,108448
1,1,1,1,860,-1985,-1435,8,12,27,-42,-54,-3,0,0,0,0,0,0,0,0,0,0,0,0,0,0,0,0,0,0,0,0,0,0,108458
1,1,1,1,879,-1992,-1412,20,12,20,-39,-54,1,0,0,0,0,0,0,0,0,0,0,0,0,0,0,0,0,0,0,0,0,0,0,108468
1,1,1,1,877,-1981,-1415,19,21,20,-40,-53,1,0,0,0,0,0,0,0,0,0,0,0,0,0,0,0,0,0,0,0,0,0,0,108478
1,1,1,1,897,-1968,-1402,20,29,23,-40,-54,1,0,0,0,0,0,0,0,0,0,0,0,0,0,0,0,0,0,0,0,0,0,0,108488
1,1,1,1,901,-1964,-1424,30,31,28,-41,-53,0,0,0,0,0,0,0,0,0,0,0,0,0,0,0,0,0,0,0,0,0,0,0,108498
1,1,1,1,907,-1972,-1413,33,33,41,-41,-53,-4,0,0,0,0,0,0,0,0,0,0,0,0,0,0,0,0,0,0,0,0,0,0,108508
1,1,1,1,921,-2017,-1367,56,16,20,-42,-51,-4,0,0,0,0,0,0,0,0,0,0,0,0,0,0,0,0,0,0,0,0,0,0,108518
1,1,1,1,909,-2050,-1386,50,-9,-12,-43,-53,-4,0,0,0,0,0,0,0,0,0,0,0,0,0,0,0,0,0,0,0,0,0,0,108528
1,1,1,1,903,-2037,-1382,46,-20,-17,-42,-52,-3,0,0,0,0,0,0,0,0,0,0,0,0,0,0,0,0,0,0,0,0,0,0,108538
1,1,1,1,902,-2040,-1385,31,-13,-2,-41,-52,-4,0,0,0,0,0,0,0,0,0,0,0,0,0,0,0,0,0,0,0,0,0,0,108548
1,1,1,1,899,-2053,-1385,12,-14,7,-42,-54,-9,0,0,0,0,0,0,0,0,0,0,0,0,0,0,0,0,0,0,0,0,0,0,108558
1,1,1,1,903,-2048,-1399,3,-12,11,-42,-54,-4,0,0,0,0,0,0,0,0,0,0,0,0,0,0,0,0,0,0,0,0,0,0,108568
1,1,1,1,902,-2036,-1406,-4,-10,23,-42,-50,-4,0,0,0,0,0,0,0,0,0,0,0,0,0,0,0,0,0,0,0,0,0,0,108578
1,1,1,1,914,-2028,-1403,-3,0,27,-43,-51,-1,0,0,0,0,0,0,0,0,0,0,0,0,0,0,0,0,0,0,0,0,0,0,108588
1,1,1,1,911,-2015,-1412,-1,-5,31,-42,-51,1,0,0,0,0,0,0,0,0,0,0,0,0,0,0,0,0,0,0,0,0,0,0,108598
1,1,1,1,907,-2004,-1415,7,-3,30,-40,-52,1,0,0,0,0,0,0,0,0,0,0,0,0,0,0,0,0,0,0,0,0,0,0,108608
1,1,1,1,907,-2000,-1400,5,-16,25,-41,-52,-3,0,0,0,0,0,0,0,0,0,0,0,0,0,0,0,0,0,0,0,0,0,0,108618
1,1,1,1,900,-2018,-1390,-1,-18,21,-39,-53,-3,0,0,0,0,0,0,0,0,0,0,0,0,0,0,0,0,0,0,0,0,0,0,108628
1,1,1,1,887,-2014,-1396,5,-21,10,-39,-52,1,0,0,0,0,0,0,0,0,0,0,0,0,0,0,0,0,0,0,0,0,0,0,108638
1,1,1,1,885,-2007,-1394,9,-26,5,-38,-52,-3,0,0,0,0,0,0,0,0,0,0,0,0,0,0,0,0,0,0,0,0,0,0,108648
1,1,1,1,885,-2015,-1388,11,-22,1,-42,-51,1,0,0,0,0,0,0,0,0,0,0,0,0,0,0,0,0,0,0,0,0,0,0,108658
1,1,1,1,885,-2013,-1394,12,-23,-2,-40,-51,2,0,0,0,0,0,0,0,0,0,0,0,0,0,0,0,0,0,0,0,0,0,0,108668
1,1,1,1,887,-2015,-1399,25,-22,-4,-41,-51,0,0,0,0,0,0,0,0,0,0,0,0,0,0,0,0,0,0,0,0,0,0,0,108678
1,1,1,1,893,-2027,-1389,44,-30,-12,-40,-50,0,0,0,0,0,0,0,0,0,0,0,0,0,0,0,0,0,0,0,0,0,0,0,108688
1,1,1,1,897,-2039,-1383,34,-42,-15,-40,-50,1,0,0,0,0,0,0,0,0,0,0,0,0,0,0,0,0,0,0,0,0,0,0,108698
1,1,1,1,881,-2034,-1399,19,-31,-2,-40,-50,1,0,0,0,0,0,0,0,0,0,0,0,0,0,0,0,0,0,0,0,0,0,0,108708
1,1,1,1,885,-2013,-1413,14,-19,18,-42,-50,1,0,0,0,0,0,0,0,0,0,0,0,0,0,0,0,0,0,0,0,0,0,0,108718
1,1,1,1,892,-2029,-1387,15,-16,27,-43,-50,-3,0,0,0,0,0,0,0,0,0,0,0,0,0,0,0,0,0,0,0,0,0,0,108728
1,1,1,1,902,-2041,-1374,-11,-24,26,-42,-49,1,0,0,0,0,0,0,0,0,0,0,0,0,0,0,0,0,0,0,0,0,0,0,108738
1,1,1,1,880,-2016,-1398,-11,-21,27,-43,-50,1,0,0,0,0,0,0,0,0,0,0,0,0,0,0,0,0,0,0,0,0,0,0,108748
1,1,1,1,887,-2004,-1408,5,-19,25,-43,-49,1,0,0,0,0,0,0,0,0,0,0,0,0,0,0,0,0,0,0,0,0,0,0,108758
1,1,1,1,893,-2029,-1394,1,-21,17,-41,-50,-2,0,0,0,0,0,0,0,0,0,0,0,0,0,0,0,0,0,0,0,0,0,0,108768
1,1,1,1,885,-2027,-1395,-2,-24,10,-42,-48,1,0,0,0,0,0,0,0,0,0,0,0,0,0,0,0,0,0,0,0,0,0,0,108778
1,1,1,1,889,-2021,-1395,-3,-20,13,-40,-48,1,0,0,0,0,0,0,0,0,0,0,0,0,0,0,0,0,0,0,0,0,0,0,108788
1,1,1,1,891,-2023,-1394,3,-15,12,-40,-49,1,0,0,0,0,0,0,0,0,0,0,0,0,0,0,0,0,0,0,0,0,0,0,108798
1,1,1,1,891,-2025,-1385,6,-27,8,-42,-48,1,0,0,0,0,0,0,0,0,0,0,0,0,0,0,0,0,0,0,0,0,0,0,108808
1,1,1,1,879,-2022,-1393,22,-21,8,-43,-46,0,0,0,0,0,0,0,0,0,0,0,0,0,0,0,0,0,0,0,0,0,0,0,108818
1,1,1,1,870,-2013,-1406,26,-24,14,-43,-48,1,0,0,0,0,0,0,0,0,0,0,0,0,0,0,0,0,0,0,0,0,0,0,108828
1,1,1,1,869,-2021,-1400,26,-20,23,-43,-47,1,0,0,0,0,0,0,0,0,0,0,0,0,0,0,0,0,0,0,0,0,0,0,108838
1,1,1,1,874,-2047,-1380,10,-15,21,-41,-48,1,0,0,0,0,0,0,0,0,0,0,0,0,0,0,0,0,0,0,0,0,0,0,108848
1,1,1,1,871,-2056,-1386,-20,-17,21,-41,-49,1,0,0,0,0,0,0,0,0,0,0,0,0,0,0,0,0,0,0,0,0,0,0,108858
1,1,1,1,868,-2025,-1417,-28,-7,27,-44,-46,1,0,0,0,0,0,0,0,0,0,0,0,0,0,0,0,0,0,0,0,0,0,0,108868
1,1,1,1,882,-1994,-1426,-23,-4,39,-40,-46,1,0,0,0,0,0,0,0,0,0,0,0,0,0,0,0,0,0,0,0,0,0,0,108878
1,1,1,1,903,-2013,-1394,3,-29,24,-39,-47,3,0,0,0,0,0,0,0,0,0,0,0,0,0,0,0,0,0,0,0,0,0,0,108898
1,1,1,1,897,-2019,-1396,14,-41,7,-36,-48,-1,0,0,0,0,0,0,0,0,0,0,0,0,0,0,0,0,0,0,0,0,0,0,108918
1,1,1,1,886,-2027,-1392,6,-44,4,-39,-47,0,0,0,0,0,0,0,0,0,0,0,0,0,0,0,0,0,0,0,0,0,0,0,108928
1,1,1,1,863,-2035,-1405,-4,-39,1,-40,-47,1,0,0,0,0,0,0,0,0,0,0,0,0,0,0,0,0,0,0,0,0,0,0,108938
1,1,1,1,870,-2034,-1393,-8,-38,-2,-40,-45,1,0,0,0,0,0,0,0,0,0,0,0,0,0,0,0,0,0,0,0,0,0,0,108948
1,1,1,1,874,-2032,-1397,-16,-41,-3,-39,-46,1,0,0,0,0,0,0,0,0,0,0,0,0,0,0,0,0,0,0,0,0,0,0,108958
1,1,1,1,871,-2034,-1411,-17,-48,-14,-40,-45,0,0,0,0,0,0,0,0,0,0,0,0,0,0,0,0,0,0,0,0,0,0,0,108968
1,1,1,1,877,-2024,-1409,-21,-52,-17,-39,-45,0,0,0,0,0,0,0,0,0,0,0,0,0,0,0,0,0,0,0,0,0,0,0,108978
1,1,1,1,880,-1997,-1424,-3,-40,-8,-38,-46,0,0,0,0,0,0,0,0,0,0,0,0,0,0,0,0,0,0,0,0,0,0,0,108988
1,1,1,1,880,-1997,-1424,4,-40,4,-38,-44,0,0,0,0,0,0,0,0,0,0,0,0,0,0,0,0,0,0,0,0,0,0,0,108998
1,1,1,1,890,-2014,-1401,8,-32,13,-38,-45,1,0,0,0,0,0,0,0,0,0,0,0,0,0,0,0,0,0,0,0,0,0,0,109008
1,1,1,1,878,-2017,-1402,8,-32,3,-39,-44,1,0,0,0,0,0,0,0,0,0,0,0,0,0,0,0,0,0,0,0,0,0,0,109018
1,1,1,1,861,-2003,-1406,7,-32,3,-40,-44,1,0,0,0,0,0,0,0,0,0,0,0,0,0,0,0,0,0,0,0,0,0,0,109028
1,1,1,1,860,-2033,-1398,-6,-39,-6,-39,-45,1,0,0,0,0,0,0,0,0,0,0,0,0,0,0,0,0,0,0,0,0,0,0,109038
1,1,1,1,856,-2031,-1408,-10,-36,-19,-38,-44,1,0,0,0,0,0,0,0,0,0,0,0,0,0,0,0,0,0,0,0,0,0,0,109048
1,1,1,1,865,-2005,-1415,-6,-43,-26,-36,-45,1,0,0,0,0,0,0,0,0,0,0,0,0,0,0,0,0,0,0,0,0,0,0,109058
1,1,1,1,883,-2001,-1422,-1,-50,-32,-37,-44,1,0,0,0,0,0,0,0,0,0,0,0,0,0,0,0,0,0,0,0,0,0,0,109068
1,1,1,1,896,-2007,-1408,4,-51,-35,-37,-42,1,0,0,0,0,0,0,0,0,0,0,0,0,0,0,0,0,0,0,0,0,0,0,109078
1,1,1,1,909,-2020,-1385,14,-60,-39,-35,-42,1,0,0,0,0,0,0,0,0,0,0,0,0,0,0,0,0,0,0,0,0,0,0,109088
1,1,1,1,895,-2045,-1387,2,-69,-40,-37,-40,1,0,0,0,0,0,0,0,0,0,0,0,0,0,0,0,0,0,0,0,0,0,0,109098
1,1,1,1,882,-2045,-1387,-5,-62,-32,-37,-40,1,0,0,0,0,0,0,0,0,0,0,0,0,0,0,0,0,0,0,0,0,0,0,109108
1,1,1,1,878,-2046,-1393,-9,-55,-17,-37,-41,1,0,0,0,0,0,0,0,0,0,0,0,0,0,0,0,0,0,0,0,0,0,0,109118
1,1,1,1,868,-2041,-1400,-17,-36,-1,-37,-42,1,0,0,0,0,0,0,0,0,0,0,0,0,0,0,0,0,0,0,0,0,0,0,109128
1,1,1,1,857,-2023,-1408,-24,-17,11,-36,-41,1,0,0,0,0,0,0,0,0,0,0,0,0,0,0,0,0,0,0,0,0,0,0,109138
1,1,1,1,858,-1999,-1421,-16,-18,17,-38,-40,1,0,0,0,0,0,0,0,0,0,0,0,0,0,0,0,0,0,0,0,0,0,0,109148
1,1,1,1,863,-2001,-1420,8,3,10,-36,-39,1,0,0,0,0,0,0,0,0,0,0,0,0,0,0,0,0,0,0,0,0,0,0,109158
1,1,1,1,873,-1992,-1423,24,-4,-3,-38,-37,1,0,0,0,0,0,0,0,0,0,0,0,0,0,0,0,0,0,0,0,0,0,0,109168
1,1,1,1,883,-1984,-1427,40,-6,-10,-37,-38,1,0,0,0,0,0,0,0,0,0,0,0,0,0,0,0,0,0,0,0,0,0,0,109178
1,1,1,1,897,-1996,-1399,41,-6,-4,-35,-38,1,0,0,0,0,0,0,0,0,0,0,0,0,0,0,0,0,0,0,0,0,0,0,109188
1,1,1,1,904,-2019,-1372,26,-13,3,-36,-38,1,0,0,0,0,0,0,0,0,0,0,0,0,0,0,0,0,0,0,0,0,0,0,109198
1,1,1,1,878,-2049,-1384,-6,-15,7,-35,-39,1,0,0,0,0,0,0,0,0,0,0,0,0,0,0,0,0,0,0,0,0,0,0,109208
1,1,1,1,871,-2052,-1382,-15,2,20,-34,-36,1,0,0,0,0,0,0,0,0,0,0,0,0,0,0,0,0,0,0,0,0,0,0,109218
1,1,1,1,870,-2048,-1389,-20,8,28,-34,-37,1,0,0,0,0,0,0,0,0,0,0,0,0,0,0,0,0,0,0,0,0,0,0,109228
1,1,1,1,869,-2062,-1398,-28,4,26,-32,-38,1,0,0,0,0,0,0,0,0,0,0,0,0,0,0,0,0,0,0,0,0,0,0,109238
1,1,1,1,875,-2053,-1396,-36,4,18,-33,-37,1,0,0,0,0,0,0,0,0,0,0,0,0,0,0,0,0,0,0,0,0,0,0,109248
1,1,1,1,876,-2025,-1418,-37,2,13,-35,-37,1,0,0,0,0,0,0,0,0,0,0,0,0,0,0,0,0,0,0,0,0,0,0,109258
1,1,1,1,880,-2000,-1424,-29,14,19,-33,-38,1,0,0,0,0,0,0,0,0,0,0,0,0,0,0,0,0,0,0,0,0,0,0,109268
1,1,1,1,889,-1989,-1416,-16,28,28,-34,-37,2,0,0,0,0,0,0,0,0,0,0,0,0,0,0,0,0,0,0,0,0,0,0,109278
1,1,1,1,900,-2001,-1386,-6,14,21,-31,-37,2,0,0,0,0,0,0,0,0,0,0,0,0,0,0,0,0,0,0,0,0,0,0,109288
1,1,1,1,888,-2023,-1384,-10,-8,3,-32,-36,1,0,0,0,0,0,0,0,0,0,0,0,0,0,0,0,0,0,0,0,0,0,0,109298
1,1,1,1,880,-2029,-1378,-18,-11,-6,-32,-37,1,0,0,0,0,0,0,0,0,0,0,0,0,0,0,0,0,0,0,0,0,0,0,109308
1,1,1,1,876,-2040,-1384,-33,-17,-6,-32,-37,1,0,0,0,0,0,0,0,0,0,0,0,0,0,0,0,0,0,0,0,0,0,0,109318
1,1,1,1,871,-2036,-1406,-32,-8,1,-32,-37,1,0,0,0,0,0,0,0,0,0,0,0,0,0,0,0,0,0,0,0,0,0,0,109328
1,1,1,1,858,-2039,-1433,-26,1,8,-34,-36,1,0,0,0,0,0,0,0,0,0,0,0,0,0,0,0,0,0,0,0,0,0,0,109338
1,1,1,1,864,-2024,-1428,-18,9,14,-33,-37,1,0,0,0,0,0,0,0,0,0,0,0,0,0,0,0,0,0,0,0,0,0,0,109348
1,1,1,1,872,-2012,-1426,-7,13,18,-33,-36,1,0,0,0,0,0,0,0,0,0,0,0,0,0,0,0,0,0,0,0,0,0,0,109358
1,1,1,1,866,-2007,-1423,0,8,19,-33,-35,1,0,0,0,0,0,0,0,0,0,0,0,0,0,0,0,0,0,0,0,0,0,0,109368
1,1,1,1,868,-2001,-1416,-1,6,23,-33,-35,1,0,0,0,0,0,0,0,0,0,0,0,0,0,0,0,0,0,0,0,0,0,0,109378
1,1,1,1,865,-2007,-1402,-5,5,29,-33,-35,1,0,0,0,0,0,0,0,0,0,0,0,0,0,0,0,0,0,0,0,0,0,0,109388
1,1,1,1,873,-2012,-1392,-6,8,34,-33,-35,1,0,0,0,0,0,0,0,0,0,0,0,0,0,0,0,0,0,0,0,0,0,0,109398
1,1,1,1,877,-2016,-1387,-3,8,33,-33,-35,1,0,0,0,0,0,0,0,0,0,0,0,0,0,0,0,0,0,0,0,0,0,0,109408
1,1,1,1,877,-2033,-1384,-17,-3,30,-35,-34,1,0,0,0,0,0,0,0,0,0,0,0,0,0,0,0,0,0,0,0,0,0,0,109418
1,1,1,1,872,-2033,-1384,-19,-11,22,-32,-35,1,0,0,0,0,0,0,0,0,0,0,0,0,0,0,0,0,0,0,0,0,0,0,109428
1,1,1,1,881,-2017,-1396,-15,-16,16,-34,-32,1,0,0,0,0,0,0,0,0,0,0,0,0,0,0,0,0,0,0,0,0,0,0,109438
1,1,1,1,878,-2018,-1418,-8,-28,5,-32,-39,1,0,0,0,0,0,0,0,0,0,0,0,0,0,0,0,0,0,0,0,0,0,0,109448
1,1,1,1,876,-2003,-1435,1,-20,6,-34,-35,1,0,0,0,0,0,0,0,0,0,0,0,0,0,0,0,0,0,0,0,0,0,0,109458
1,1,1,1,871,-1978,-1442,14,-2,16,-33,-37,1,0,0,0,0,0,0,0,0,0,0,0,0,0,0,0,0,0,0,0,0,0,0,109468
1,1,1,1,883,-1982,-1434,23,-6,19,-34,-34,1,0,0,0,0,0,0,0,0,0,0,0,0,0,0,0,0,0,0,0,0,0,0,109478
1,1,1,1,874,-2007,-1423,37,0,20,-33,-35,1,0,0,0,0,0,0,0,0,0,0,0,0,0,0,0,0,0,0,0,0,0,0,109488
1,1,1,1,854,-2053,-1427,15,-2,12,-31,-37,0,0,0,0,0,0,0,0,0,0,0,0,0,0,0,0,0,0,0,0,0,0,0,109498
1,1,1,1,860,-2046,-1411,-8,-17,2,-33,-35,1,0,0,0,0,0,0,0,0,0,0,0,0,0,0,0,0,0,0,0,0,0,0,109508
1,1,1,1,859,-2033,-1441,-11,-24,-4,-33,-36,1,0,0,0,0,0,0,0,0,0,0,0,0,0,0,0,0,0,0,0,0,0,0,109518
1,1,1,1,869,-2022,-1454,-25,-13,11,-32,-36,1,0,0,0,0,0,0,0,0,0,0,0,0,0,0,0,0,0,0,0,0,0,0,109528
1,1,1,1,867,-2028,-1456,-43,-5,23,-32,-37,1,0,0,0,0,0,0,0,0,0,0,0,0,0,0,0,0,0,0,0,0,0,0,109538
1,1,1,1,887,-2024,-1443,-38,-9,21,-32,-36,1,0,0,0,0,0,0,0,0,0,0,0,0,0,0,0,0,0,0,0,0,0,0,109548
1,1,1,1,897,-2027,-1440,-24,-14,10,-32,-37,1,0,0,0,0,0,0,0,0,0,0,0,0,0,0,0,0,0,0,0,0,0,0,109558
1,1,1,1,898,-2025,-1436,-21,-13,6,-35,-36,1,0,0,0,0,0,0,0,0,0,0,0,0,0,0,0,0,0,0,0,0,0,0,109568
1,1,1,1,900,-2029,-1418,-15,-21,6,-35,-37,0,0,0,0,0,0,0,0,0,0,0,0,0,0,0,0,0,0,0,0,0,0,0,109578
1,1,1,1,906,-2029,-1415,3,-27,0,-34,-37,0,0,0,0,0,0,0,0,0,0,0,0,0,0,0,0,0,0,0,0,0,0,0,109588
1,1,1,1,894,-2025,-1425,6,-20,2,-34,-37,0,0,0,0,0,0,0,0,0,0,0,0,0,0,0,0,0,0,0,0,0,0,0,109598
1,1,1,1,894,-2013,-1420,0,-28,7,-34,-37,1,0,0,0,0,0,0,0,0,0,0,0,0,0,0,0,0,0,0,0,0,0,0,109608
1,1,1,1,889,-2028,-1401,-11,-37,7,-35,-37,0,0,0,0,0,0,0,0,0,0,0,0,0,0,0,0,0,0,0,0,0,0,0,109618
1,1,1,1,883,-2028,-1394,-16,-44,-1,-34,-37,1,0,0,0,0,0,0,0,0,0,0,0,0,0,0,0,0,0,0,0,0,0,0,109628
1,1,1,1,871,-1997,-1413,-11,-48,1,-34,-37,1,0,0,0,0,0,0,0,0,0,0,0,0,0,0,0,0,0,0,0,0,0,0,109638
1,1,1,1,859,-1978,-1433,-3,-28,17,-33,-37,1,0,0,0,0,0,0,0,0,0,0,0,0,0,0,0,0,0,0,0,0,0,0,109648
1,1,1,1,857,-1975,-1420,12,-22,26,-33,-36,1,0,0,0,0,0,0,0,0,0,0,0,0,0,0,0,0,0,0,0,0,0,0,109658
1,1,1,1,859,-1995,-1395,23,-30,16,-34,-37,1,0,0,0,0,0,0,0,0,0,0,0,0,0,0,0,0,0,0,0,0,0,0,109668
1,1,1,1,843,-1999,-1400,18,-29,11,-33,-36,1,0,0,0,0,0,0,0,0,0,0,0,0,0,0,0,0,0,0,0,0,0,0,109678
1,1,1,1,829,-1988,-1406,21,-12,14,-33,-37,1,0,0,0,0,0,0,0,0,0,0,0,0,0,0,0,0,0,0,0,0,0,0,109688
1,1,1,1,829,-2000,-1382,26,0,21,-33,-37,1,0,0,0,0,0,0,0,0,0,0,0,0,0,0,0,0,0,0,0,0,0,0,109698
1,1,1,1,821,-2015,-1385,32,4,17,-34,-36,1,0,0,0,0,0,0,0,0,0,0,0,0,0,0,0,0,0,0,0,0,0,0,109708
1,1,1,1,834,-2027,-1374,22,2,5,-36,-35,1,0,0,0,0,0,0,0,0,0,0,0,0,0,0,0,0,0,0,0,0,0,0,109728
1,1,1,1,824,-2019,-1417,19,14,0,-36,-34,1,0,0,0,0,0,0,0,0,0,0,0,0,0,0,0,0,0,0,0,0,0,0,109738
1,1,1,1,840,-2010,-1431,27,25,-1,-35,-34,1,0,0,0,0,0,0,0,0,0,0,0,0,0,0,0,0,0,0,0,0,0,0,109748
1,1,1,1,862,-2023,-1418,26,24,-5,-36,-33,1,0,0,0,0,0,0,0,0,0,0,0,0,0,0,0,0,0,0,0,0,0,0,109758
1,1,1,1,876,-2038,-1421,32,18,-17,-35,-38,0,0,0,0,0,0,0,0,0,0,0,0,0,0,0,0,0,0,0,0,0,0,0,109768
1,1,1,1,884,-2040,-1434,34,16,-24,-35,-39,2,0,0,0,0,0,0,0,0,0,0,0,0,0,0,0,0,0,0,0,0,0,0,109778
1,1,1,1,887,-2043,-1436,23,18,-15,-37,-36,1,0,0,0,0,0,0,0,0,0,0,0,0,0,0,0,0,0,0,0,0,0,0,109788
1,1,1,1,885,-2045,-1443,13,20,-3,-35,-38,0,0,0,0,0,0,0,0,0,0,0,0,0,0,0,0,0,0,0,0,0,0,0,109798
1,1,1,1,884,-2047,-1439,2,12,7,-36,-37,1,0,0,0,0,0,0,0,0,0,0,0,0,0,0,0,0,0,0,0,0,0,0,109808
1,1,1,1,891,-2054,-1441,-16,-2,9,-33,-38,0,0,0,0,0,0,0,0,0,0,0,0,0,0,0,0,0,0,0,0,0,0,0,109818
1,1,1,1,896,-2049,-1437,-22,-16,8,-35,-37,1,0,0,0,0,0,0,0,0,0,0,0,0,0,0,0,0,0,0,0,0,0,0,109828
1,1,1,1,910,-2036,-1434,-31,-22,8,-33,-38,1,0,0,0,0,0,0,0,0,0,0,0,0,0,0,0,0,0,0,0,0,0,0,109838
1,1,1,1,915,-2027,-1438,-37,-31,5,-35,-37,1,0,0,0,0,0,0,0,0,0,0,0,0,0,0,0,0,0,0,0,0,0,0,109848
1,1,1,1,913,-2015,-1446,-25,-41,-4,-34,-38,1,0,0,0,0,0,0,0,0,0,0,0,0,0,0,0,0,0,0,0,0,0,0,109858
1,1,1,1,896,-2003,-1454,-12,-42,-8,-36,-37,1,0,0,0,0,0,0,0,0,0,0,0,0,0,0,0,0,0,0,0,0,0,0,109868
1,1,1,1,884,-1994,-1445,5,-40,-9,-34,-36,1,0,0,0,0,0,0,0,0,0,0,0,0,0,0,0,0,0,0,0,0,0,0,109878
1,1,1,1,873,-1999,-1431,11,-42,-11,-34,-37,0,0,0,0,0,0,0,0,0,0,0,0,0,0,0,0,0,0,0,0,0,0,0,109888
1,1,1,1,857,-1988,-1430,27,-39,-10,-35,-37,0,0,0,0,0,0,0,0,0,0,0,0,0,0,0,0,0,0,0,0,0,0,0,109898
1,1,1,1,860,-1987,-1408,31,-39,-7,-35,-36,0,0,0,0,0,0,0,0,0,0,0,0,0,0,0,0,0,0,0,0,0,0,0,109908
1,1,1,1,871,-2005,-1390,13,-51,-7,-35,-36,0,0,0,0,0,0,0,0,0,0,0,0,0,0,0,0,0,0,0,0,0,0,0,109918
1,1,1,1,855,-2005,-1388,-1,-45,-6,-36,-36,1,0,0,0,0,0,0,0,0,0,0,0,0,0,0,0,0,0,0,0,0,0,0,109938
1,1,1,1,849,-1999,-1376,-2,-42,-4,-36,-35,1,0,0,0,0,0,0,0,0,0,0,0,0,0,0,0,0,0,0,0,0,0,0,109948
1,1,1,1,839,-1996,-1379,5,-41,-7,-37,-35,1,0,0,0,0,0,0,0,0,0,0,0,0,0,0,0,0,0,0,0,0,0,0,109958
1,1,1,1,832,-1991,-1386,20,-29,-4,-34,-35,1,0,0,0,0,0,0,0,0,0,0,0,0,0,0,0,0,0,0,0,0,0,0,109968
1,1,1,1,828,-1989,-1373,37,-15,1,-34,-35,1,0,0,0,0,0,0,0,0,0,0,0,0,0,0,0,0,0,0,0,0,0,0,109978
1,1,1,1,827,-1998,-1383,43,-12,-2,-32,-35,1,0,0,0,0,0,0,0,0,0,0,0,0,0,0,0,0,0,0,0,0,0,0,109988
1,1,1,1,826,-1998,-1379,52,0,-7,-31,-35,1,0,0,0,0,0,0,0,0,0,0,0,0,0,0,0,0,0,0,0,0,0,0,109998
1,1,1,1,838,-2007,-1374,62,22,-10,-33,-34,1,0,0,0,0,0,0,0,0,0,0,0,0,0,0,0,0,0,0,0,0,0,0,110008
1,1,1,1,843,-2029,-1371,63,30,-19,-30,-35,1,0,0,0,0,0,0,0,0,0,0,0,0,0,0,0,0,0,0,0,0,0,0,110018
1,1,1,1,849,-2031,-1379,65,32,-29,-31,-35,1,0,0,0,0,0,0,0,0,0,0,0,0,0,0,0,0,0,0,0,0,0,0,110028
1,1,1,1,857,-2049,-1384,63,44,-25,-30,-35,1,0,0,0,0,0,0,0,0,0,0,0,0,0,0,0,0,0,0,0,0,0,0,110038
1,1,1,1,856,-2073,-1408,49,49,-22,-33,-32,1,0,0,0,0,0,0,0,0,0,0,0,0,0,0,0,0,0,0,0,0,0,0,110048
1,1,1,1,867,-2078,-1419,51,49,-25,-33,-34,1,0,0,0,0,0,0,0,0,0,0,0,0,0,0,0,0,0,0,0,0,0,0,110058
1,1,1,1,872,-2084,-1425,54,55,-21,-34,-35,1,0,0,0,0,0,0,0,0,0,0,0,0,0,0,0,0,0,0,0,0,0,0,110068
1,1,1,1,887,-2092,-1423,50,43,-17,-35,-33,1,0,0,0,0,0,0,0,0,0,0,0,0,0,0,0,0,0,0,0,0,0,0,110078
1,1,1,1,900,-2093,-1426,48,41,-8,-35,-35,1,0,0,0,0,0,0,0,0,0,0,0,0,0,0,0,0,0,0,0,0,0,0,110088
1,1,1,1,916,-2098,-1426,33,31,6,-33,-35,1,0,0,0,0,0,0,0,0,0,0,0,0,0,0,0,0,0,0,0,0,0,0,110098
1,1,1,1,912,-2092,-1435,23,19,16,-34,-34,0,0,0,0,0,0,0,0,0,0,0,0,0,0,0,0,0,0,0,0,0,0,0,110108
1,1,1,1,912,-2072,-1431,16,10,27,-34,-33,1,0,0,0,0,0,0,0,0,0,0,0,0,0,0,0,0,0,0,0,0,0,0,110118
1,1,1,1,908,-2057,-1442,3,8,35,-30,-35,1,0,0,0,0,0,0,0,0,0,0,0,0,0,0,0,0,0,0,0,0,0,0,110128
1,1,1,1,905,-2033,-1434,1,-2,31,-30,-35,1,0,0,0,0,0,0,0,0,0,0,0,0,0,0,0,0,0,0,0,0,0,0,110138
1,1,1,1,902,-2017,-1420,-10,-20,24,-32,-34,1,0,0,0,0,0,0,0,0,0,0,0,0,0,0,0,0,0,0,0,0,0,0,110148
1,1,1,1,907,-2001,-1414,-24,-31,19,-31,-34,1,0,0,0,0,0,0,0,0,0,0,0,0,0,0,0,0,0,0,0,0,0,0,110158
1,1,1,1,905,-1987,-1421,-30,-39,8,-32,-34,1,0,0,0,0,0,0,0,0,0,0,0,0,0,0,0,0,0,0,0,0,0,0,110168
1,1,1,1,893,-1984,-1435,-28,-49,-3,-33,-34,1,0,0,0,0,0,0,0,0,0,0,0,0,0,0,0,0,0,0,0,0,0,0,110178
1,1,1,1,894,-1977,-1420,-36,-57,-9,-31,-34,0,0,0,0,0,0,0,0,0,0,0,0,0,0,0,0,0,0,0,0,0,0,0,110188
1,1,1,1,890,-1979,-1408,-33,-67,-18,-31,-33,1,0,0,0,0,0,0,0,0,0,0,0,0,0,0,0,0,0,0,0,0,0,0,110198
1,1,1,1,873,-1970,-1417,-19,-70,-25,-31,-34,0,0,0,0,0,0,0,0,0,0,0,0,0,0,0,0,0,0,0,0,0,0,0,110208
1,1,1,1,873,-1970,-1417,-10,-69,-20,-30,-34,-1,0,0,0,0,0,0,0,0,0,0,0,0,0,0,0,0,0,0,0,0,0,0,110218
1,1,1,1,872,-1977,-1391,-10,-74,-15,-33,-33,1,0,0,0,0,0,0,0,0,0,0,0,0,0,0,0,0,0,0,0,0,0,0,110228
1,1,1,1,854,-1982,-1398,-8,-74,-16,-32,-33,1,0,0,0,0,0,0,0,0,0,0,0,0,0,0,0,0,0,0,0,0,0,0,110238
1,1,1,1,839,-1984,-1391,3,-65,-14,-32,-33,1,0,0,0,0,0,0,0,0,0,0,0,0,0,0,0,0,0,0,0,0,0,0,110248
1,1,1,1,839,-1985,-1374,6,-54,-14,-34,-32,1,0,0,0,0,0,0,0,0,0,0,0,0,0,0,0,0,0,0,0,0,0,0,110258
1,1,1,1,834,-1991,-1365,4,-57,-16,-35,-32,1,0,0,0,0,0,0,0,0,0,0,0,0,0,0,0,0,0,0,0,0,0,0,110268
1,1,1,1,827,-1997,-1356,9,-48,-23,-34,-32,2,0,0,0,0,0,0,0,0,0,0,0,0,0,0,0,0,0,0,0,0,0,0,110278
1,1,1,1,819,-1999,-1352,14,-25,-25,-31,-32,1,0,0,0,0,0,0,0,0,0,0,0,0,0,0,0,0,0,0,0,0,0,0,110288
1,1,1,1,819,-2002,-1338,19,-10,-27,-31,-32,1,0,0,0,0,0,0,0,0,0,0,0,0,0,0,0,0,0,0,0,0,0,0,110298
1,1,1,1,820,-2009,-1357,29,7,-33,-31,-32,1,0,0,0,0,0,0,0,0,0,0,0,0,0,0,0,0,0,0,0,0,0,0,110308
1,1,1,1,815,-2019,-1363,43,26,-42,-34,-31,1,0,0,0,0,0,0,0,0,0,0,0,0,0,0,0,0,0,0,0,0,0,0,110318
1,1,1,1,826,-2012,-1376,54,41,-46,-34,-33,1,0,0,0,0,0,0,0,0,0,0,0,0,0,0,0,0,0,0,0,0,0,0,110328
1,1,1,1,841,-2020,-1371,76,67,-45,-31,-33,1,0,0,0,0,0,0,0,0,0,0,0,0,0,0,0,0,0,0,0,0,0,0,110338
1,1,1,1,850,-2036,-1383,82,77,-48,-32,-32,0,0,0,0,0,0,0,0,0,0,0,0,0,0,0,0,0,0,0,0,0,0,0,110348
1,1,1,1,853,-2048,-1397,95,92,-47,-31,-34,1,0,0,0,0,0,0,0,0,0,0,0,0,0,0,0,0,0,0,0,0,0,0,110358
1,1,1,1,858,-2064,-1408,106,109,-44,-32,-34,1,0,0,0,0,0,0,0,0,0,0,0,0,0,0,0,0,0,0,0,0,0,0,110368
1,1,1,1,864,-2078,-1411,106,115,-39,-34,-33,1,0,0,0,0,0,0,0,0,0,0,0,0,0,0,0,0,0,0,0,0,0,0,110378
1,1,1,1,883,-2081,-1407,105,117,-27,-33,-31,1,0,0,0,0,0,0,0,0,0,0,0,0,0,0,0,0,0,0,0,0,0,0,110388
1,1,1,1,899,-2085,-1402,98,117,-14,-29,-32,1,0,0,0,0,0,0,0,0,0,0,0,0,0,0,0,0,0,0,0,0,0,0,110398
1,1,1,1,924,-2085,-1406,83,105,-3,-30,-33,1,0,0,0,0,0,0,0,0,0,0,0,0,0,0,0,0,0,0,0,0,0,0,110408
1,1,1,1,930,-2081,-1419,75,91,12,-29,-31,1,0,0,0,0,0,0,0,0,0,0,0,0,0,0,0,0,0,0,0,0,0,0,110418
1,1,1,1,940,-2068,-1423,64,85,30,-27,-32,0,0,0,0,0,0,0,0,0,0,0,0,0,0,0,0,0,0,0,0,0,0,0,110428
1,1,1,1,947,-2055,-1427,64,79,48,-28,-32,1,0,0,0,0,0,0,0,0,0,0,0,0,0,0,0,0,0,0,0,0,0,0,110438
1,1,1,1,936,-2033,-1437,65,77,61,-27,-31,1,0,0,0,0,0,0,0,0,0,0,0,0,0,0,0,0,0,0,0,0,0,0,110448
1,1,1,1,932,-2015,-1458,67,70,70,-26,-31,1,0,0,0,0,0,0,0,0,0,0,0,0,0,0,0,0,0,0,0,0,0,0,110458
1,1,1,1,905,-1986,-1469,76,84,78,-26,-30,-3,0,0,0,0,0,0,0,0,0,0,0,0,0,0,0,0,0,0,0,0,0,0,110468
1,1,1,1,889,-1956,-1479,97,116,80,-24,-29,1,0,0,0,0,0,0,0,0,0,0,0,0,0,0,0,0,0,0,0,0,0,0,110478
1,1,1,1,869,-1934,-1450,116,165,87,-22,-27,-3,0,0,0,0,0,0,0,0,0,0,0,0,0,0,0,0,0,0,0,0,0,0,110488
1,1,1,1,844,-1897,-1388,146,214,90,-22,-24,-4,0,0,0,0,0,0,0,0,0,0,0,0,0,0,0,0,0,0,0,0,0,0,110498
1,1,1,1,826,-1864,-1325,157,257,99,-20,-23,-5,0,0,0,0,0,0,0,0,0,0,0,0,0,0,0,0,0,0,0,0,0,0,110508
1,1,1,1,812,-1848,-1241,147,327,131,-19,-20,1,0,0,0,0,0,0,0,0,0,0,0,0,0,0,0,0,0,0,0,0,0,0,110518
1,1,1,1,829,-1904,-1129,152,359,105,-18,-18,1,0,0,0,0,0,0,0,0,0,0,0,0,0,0,0,0,0,0,0,0,0,0,110528
1,1,1,1,751,-1961,-1128,183,382,33,-19,-17,1,0,0,0,0,0,0,0,0,0,0,0,0,0,0,0,0,0,0,0,0,0,0,110538
1,1,1,1,680,-1960,-1209,235,423,-29,-16,-17,1,0,0,0,0,0,0,0,0,0,0,0,0,0,0,0,0,0,0,0,0,0,0,110548
1,1,1,1,655,-1922,-1280,305,474,-43,-15,-18,2,0,0,0,0,0,0,0,0,0,0,0,0,0,0,0,0,0,0,0,0,0,0,110558
1,1,1,1,660,-1904,-1340,382,559,5,-14,-15,1,0,0,0,0,0,0,0,0,0,0,0,0,0,0,0,0,0,0,0,0,0,0,110568
1,1,1,1,695,-1932,-1389,467,636,25,-11,-13,0,0,0,0,0,0,0,0,0,0,0,0,0,0,0,0,0,0,0,0,0,0,0,110578
1,1,1,1,710,-1994,-1459,573,765,13,-9,-10,1,0,0,0,0,0,0,0,0,0,0,0,0,0,0,0,0,0,0,0,0,0,0,110588
1,1,1,1,696,-2012,-1494,610,857,25,-7,-5,1,0,0,0,0,0,0,0,0,0,0,0,0,0,0,0,0,0,0,0,0,0,0,110598
1,1,1,1,784,-2015,-1482,599,980,70,-4,-2,1,0,0,0,0,0,0,0,0,0,0,0,0,0,0,0,0,0,0,0,0,0,0,110608
1,1,1,1,902,-2009,-1342,528,1054,165,-3,0,1,0,0,0,0,0,0,0,0,0,0,0,0,0,0,0,0,0,0,0,0,0,0,110618
1,1,1,1,1012,-2074,-1171,474,1057,216,-2,4,1,0,0,0,0,0,0,0,0,0,0,0,0,0,0,0,0,0,0,0,0,0,0,110628
1,1,1,1,1069,-2159,-1117,421,1042,248,0,7,1,0,0,0,0,0,0,0,0,0,0,0,0,0,0,0,0,0,0,0,0,0,0,110638
1,1,1,1,1145,-2310,-1121,365,1035,175,-1,9,1,0,0,0,0,0,0,0,0,0,0,0,0,0,0,0,0,0,0,0,0,0,0,110648
1,1,1,1,1157,-2295,-1077,309,986,134,0,11,1,0,0,0,0,0,0,0,0,0,0,0,0,0,0,0,0,0,0,0,0,0,0,110658
1,1,1,1,1224,-2259,-1051,322,919,119,2,7,0,0,0,0,0,0,0,0,0,0,0,0,0,0,0,0,0,0,0,0,0,0,0,110668
1,1,1,1,1241,-2207,-1092,348,858,147,-1,13,1,0,0,0,0,0,0,0,0,0,0,0,0,0,0,0,0,0,0,0,0,0,0,110678
1,1,1,1,1248,-2147,-1120,364,836,244,0,10,1,0,0,0,0,0,0,0,0,0,0,0,0,0,0,0,0,0,0,0,0,0,0,110688
1,1,1,1,1227,-2162,-1147,388,849,327,1,6,1,0,0,0,0,0,0,0,0,0,0,0,0,0,0,0,0,0,0,0,0,0,0,110698
1,1,1,1,1184,-2200,-1176,393,858,370,4,6,0,0,0,0,0,0,0,0,0,0,0,0,0,0,0,0,0,0,0,0,0,0,0,110708
1,1,1,1,1129,-2212,-1197,412,892,388,5,5,1,0,0,0,0,0,0,0,0,0,0,0,0,0,0,0,0,0,0,0,0,0,0,110718
1,1,1,1,1065,-2247,-1237,385,934,386,0,10,1,0,0,0,0,0,0,0,0,0,0,0,0,0,0,0,0,0,0,0,0,0,0,110728
1,1,1,1,1026,-2326,-1227,226,990,395,2,6,1,0,0,0,0,0,0,0,0,0,0,0,0,0,0,0,0,0,0,0,0,0,0,110738
1,1,1,1,1010,-2346,-1134,104,1012,405,0,6,1,0,0,0,0,0,0,0,0,0,0,0,0,0,0,0,0,0,0,0,0,0,0,110748
1,1,1,1,1024,-2296,-1015,53,977,392,2,7,1,0,0,0,0,0,0,0,0,0,0,0,0,0,0,0,0,0,0,0,0,0,0,110758
1,1,1,1,1044,-2298,-936,25,847,362,1,7,1,0,0,0,0,0,0,0,0,0,0,0,0,0,0,0,0,0,0,0,0,0,0,110768
1,1,1,1,1009,-2312,-917,-2,710,331,0,6,1,0,0,0,0,0,0,0,0,0,0,0,0,0,0,0,0,0,0,0,0,0,0,110778
1,1,1,1,1002,-2328,-933,-22,625,279,-1,7,1,0,0,0,0,0,0,0,0,0,0,0,0,0,0,0,0,0,0,0,0,0,0,110788
1,1,1,1,1007,-2334,-957,-62,579,228,1,6,0,0,0,0,0,0,0,0,0,0,0,0,0,0,0,0,0,0,0,0,0,0,0,110798
1,1,1,1,1029,-2260,-967,-76,538,193,-1,7,0,0,0,0,0,0,0,0,0,0,0,0,0,0,0,0,0,0,0,0,0,0,0,110808
1,1,1,1,1073,-2170,-915,-70,464,199,0,8,-1,0,0,0,0,0,0,0,0,0,0,0,0,0,0,0,0,0,0,0,0,0,0,110818
1,1,1,1,1077,-2165,-869,-97,364,235,-1,8,0,0,0,0,0,0,0,0,0,0,0,0,0,0,0,0,0,0,0,0,0,0,0,110828
1,1,1,1,1076,-2167,-885,-129,288,254,1,8,1,0,0,0,0,0,0,0,0,0,0,0,0,0,0,0,0,0,0,0,0,0,0,110838
1,1,1,1,1036,-2185,-933,-146,267,250,-2,9,1,0,0,0,0,0,0,0,0,0,0,0,0,0,0,0,0,0,0,0,0,0,0,110848
1,1,1,1,987,-2224,-982,-176,272,217,-1,10,1,0,0,0,0,0,0,0,0,0,0,0,0,0,0,0,0,0,0,0,0,0,0,110858
1,1,1,1,972,-2226,-973,-177,274,167,0,10,1,0,0,0,0,0,0,0,0,0,0,0,0,0,0,0,0,0,0,0,0,0,0,110868
1,1,1,1,967,-2206,-936,-176,247,142,1,12,1,0,0,0,0,0,0,0,0,0,0,0,0,0,0,0,0,0,0,0,0,0,0,110878
1,1,1,1,966,-2187,-918,-187,205,156,3,12,4,0,0,0,0,0,0,0,0,0,0,0,0,0,0,0,0,0,0,0,0,0,0,110888
1,1,1,1,961,-2145,-869,-208,149,195,2,11,1,0,0,0,0,0,0,0,0,0,0,0,0,0,0,0,0,0,0,0,0,0,0,110898
1,1,1,1,1001,-2113,-896,-245,48,283,1,12,1,0,0,0,0,0,0,0,0,0,0,0,0,0,0,0,0,0,0,0,0,0,0,110908
1,1,1,1,942,-2178,-1038,-247,138,276,1,11,1,0,0,0,0,0,0,0,0,0,0,0,0,0,0,0,0,0,0,0,0,0,0,110918
1,1,1,1,916,-2125,-989,-258,136,302,1,12,1,0,0,0,0,0,0,0,0,0,0,0,0,0,0,0,0,0,0,0,0,0,0,110928
1,1,1,1,942,-2112,-1008,-199,146,295,1,14,2,0,0,0,0,0,0,0,0,0,0,0,0,0,0,0,0,0,0,0,0,0,0,110938
1,1,1,1,896,-2112,-985,-201,121,325,1,12,1,0,0,0,0,0,0,0,0,0,0,0,0,0,0,0,0,0,0,0,0,0,0,110948
1,1,1,1,913,-2144,-983,-241,117,369,1,14,2,0,0,0,0,0,0,0,0,0,0,0,0,0,0,0,0,0,0,0,0,0,0,110958
1,1,1,1,880,-2141,-988,-326,143,454,-1,15,1,0,0,0,0,0,0,0,0,0,0,0,0,0,0,0,0,0,0,0,0,0,0,110968
1,1,1,1,884,-2151,-983,-388,171,544,-1,18,6,0,0,0,0,0,0,0,0,0,0,0,0,0,0,0,0,0,0,0,0,0,0,110978
1,1,1,1,875,-2211,-995,-388,173,552,3,15,7,0,0,0,0,0,0,0,0,0,0,0,0,0,0,0,0,0,0,0,0,0,0,110988
1,1,1,1,877,-2245,-995,-326,167,493,3,18,1,0,0,0,0,0,0,0,0,0,0,0,0,0,0,0,0,0,0,0,0,0,0,110998
1,1,1,1,884,-2284,-1016,-231,164,373,5,20,8,0,0,0,0,0,0,0,0,0,0,0,0,0,0,0,0,0,0,0,0,0,0,111008
1,1,1,1,892,-2293,-1006,-123,171,235,5,20,8,0,0,0,0,0,0,0,0,0,0,0,0,0,0,0,0,0,0,0,0,0,0,111018
1,1,1,1,917,-2176,-924,-88,86,235,5,19,10,0,0,0,0,0,0,0,0,0,0,0,0,0,0,0,0,0,0,0,0,0,0,111028
1,1,1,1,938,-2157,-1000,-83,94,283,5,18,11,0,0,0,0,0,0,0,0,0,0,0,0,0,0,0,0,0,0,0,0,0,0,111038
1,1,1,1,886,-2222,-1055,-106,121,305,4,18,13,0,0,0,0,0,0,0,0,0,0,0,0,0,0,0,0,0,0,0,0,0,0,111048
1,1,1,1,871,-2271,-1020,-128,125,280,3,21,20,0,0,0,0,0,0,0,0,0,0,0,0,0,0,0,0,0,0,0,0,0,0,111058
1,1,1,1,885,-2286,-976,-155,85,271,1,21,18,0,0,0,0,0,0,0,0,0,0,0,0,0,0,0,0,0,0,0,0,0,0,111068
1,1,1,1,853,-2359,-1010,-192,67,224,5,21,20,0,0,0,0,0,0,0,0,0,0,0,0,0,0,0,0,0,0,0,0,0,0,111078
1,1,1,1,838,-2335,-1025,-233,55,185,3,21,20,0,0,0,0,0,0,0,0,0,0,0,0,0,0,0,0,0,0,0,0,0,0,111088
1,1,1,1,855,-2244,-1038,-201,47,182,5,22,17,0,0,0,0,0,0,0,0,0,0,0,0,0,0,0,0,0,0,0,0,0,0,111098
1,1,1,1,868,-2202,-1057,-180,59,199,6,23,15,0,0,0,0,0,0,0,0,0,0,0,0,0,0,0,0,0,0,0,0,0,0,111108
1,1,1,1,902,-2205,-1011,-159,62,217,6,24,17,0,0,0,0,0,0,0,0,0,0,0,0,0,0,0,0,0,0,0,0,0,0,111118
1,1,1,1,899,-2244,-976,-174,33,210,6,24,20,0,0,0,0,0,0,0,0,0,0,0,0,0,0,0,0,0,0,0,0,0,0,111128
1,1,1,1,873,-2267,-1004,-198,4,178,6,25,18,0,0,0,0,0,0,0,0,0,0,0,0,0,0,0,0,0,0,0,0,0,0,111138
1,1,1,1,864,-2219,-1012,-199,-26,152,4,24,17,0,0,0,0,0,0,0,0,0,0,0,0,0,0,0,0,0,0,0,0,0,0,111148
1,1,1,1,828,-2161,-1039,-199,-35,174,4,24,19,0,0,0,0,0,0,0,0,0,0,0,0,0,0,0,0,0,0,0,0,0,0,111158
1,1,1,1,741,-2192,-1147,-225,30,184,3,24,22,0,0,0,0,0,0,0,0,0,0,0,0,0,0,0,0,0,0,0,0,0,0,111168
1,1,1,1,707,-2162,-1177,-259,82,210,2,26,22,0,0,0,0,0,0,0,0,0,0,0,0,0,0,0,0,0,0,0,0,0,0,111178
1,1,1,1,697,-2155,-1181,-270,109,238,5,28,25,0,0,0,0,0,0,0,0,0,0,0,0,0,0,0,0,0,0,0,0,0,0,111188
1,1,1,1,679,-2169,-1164,-282,108,277,6,30,25,0,0,0,0,0,0,0,0,0,0,0,0,0,0,0,0,0,0,0,0,0,0,111198
1,1,1,1,708,-2197,-1124,-280,106,290,9,32,30,0,0,0,0,0,0,0,0,0,0,0,0,0,0,0,0,0,0,0,0,0,0,111208
1,1,1,1,760,-2230,-1060,-262,73,286,9,33,32,0,0,0,0,0,0,0,0,0,0,0,0,0,0,0,0,0,0,0,0,0,0,111218
1,1,1,1,763,-2262,-1062,-242,36,251,11,33,33,0,0,0,0,0,0,0,0,0,0,0,0,0,0,0,0,0,0,0,0,0,0,111228
1,1,1,1,746,-2244,-1099,-228,16,220,8,33,36,0,0,0,0,0,0,0,0,0,0,0,0,0,0,0,0,0,0,0,0,0,0,111238
1,1,1,1,760,-2217,-1120,-224,25,211,12,34,36,0,0,0,0,0,0,0,0,0,0,0,0,0,0,0,0,0,0,0,0,0,0,111248
1,1,1,1,803,-2202,-1102,-224,28,208,12,37,35,0,0,0,0,0,0,0,0,0,0,0,0,0,0,0,0,0,0,0,0,0,0,111258
1,1,1,1,836,-2199,-1079,-195,13,165,13,41,38,0,0,0,0,0,0,0,0,0,0,0,0,0,0,0,0,0,0,0,0,0,0,111268
1,1,1,1,843,-2166,-1089,-151,12,129,9,46,41,0,0,0,0,0,0,0,0,0,0,0,0,0,0,0,0,0,0,0,0,0,0,111278
1,1,1,1,850,-2170,-1093,-137,21,121,13,44,41,0,0,0,0,0,0,0,0,0,0,0,0,0,0,0,0,0,0,0,0,0,0,111288
1,1,1,1,867,-2191,-1056,-146,18,110,13,44,45,0,0,0,0,0,0,0,0,0,0,0,0,0,0,0,0,0,0,0,0,0,0,111298
1,1,1,1,923,-2191,-988,-122,-1,98,14,44,47,0,0,0,0,0,0,0,0,0,0,0,0,0,0,0,0,0,0,0,0,0,0,111308
1,1,1,1,856,-2222,-1053,-75,-14,74,12,46,45,0,0,0,0,0,0,0,0,0,0,0,0,0,0,0,0,0,0,0,0,0,0,111318
1,1,1,1,802,-2179,-1089,-1,-14,66,12,45,51,0,0,0,0,0,0,0,0,0,0,0,0,0,0,0,0,0,0,0,0,0,0,111328
1,1,1,1,770,-2228,-1097,38,-17,62,11,45,56,0,0,0,0,0,0,0,0,0,0,0,0,0,0,0,0,0,0,0,0,0,0,111338
1,1,1,1,728,-2287,-1112,16,-13,45,10,44,55,0,0,0,0,0,0,0,0,0,0,0,0,0,0,0,0,0,0,0,0,0,0,111348
1,1,1,1,703,-2284,-1118,-2,-13,26,8,44,56,0,0,0,0,0,0,0,0,0,0,0,0,0,0,0,0,0,0,0,0,0,0,111358
1,1,1,1,716,-2263,-1119,-9,-37,12,8,44,56,0,0,0,0,0,0,0,0,0,0,0,0,0,0,0,0,0,0,0,0,0,0,111368
1,1,1,1,721,-2254,-1107,-22,-42,18,5,45,60,0,0,0,0,0,0,0,0,0,0,0,0,0,0,0,0,0,0,0,0,0,0,111378
1,1,1,1,714,-2295,-1108,-70,-35,33,4,43,62,0,0,0,0,0,0,0,0,0,0,0,0,0,0,0,0,0,0,0,0,0,0,111388
1,1,1,1,719,-2308,-1137,-139,-28,37,4,43,62,0,0,0,0,0,0,0,0,0,0,0,0,0,0,0,0,0,0,0,0,0,0,111398
1,1,1,1,722,-2259,-1163,-178,-11,60,5,43,63,0,0,0,0,0,0,0,0,0,0,0,0,0,0,0,0,0,0,0,0,0,0,111408
1,1,1,1,737,-2218,-1169,-183,3,91,5,44,64,0,0,0,0,0,0,0,0,0,0,0,0,0,0,0,0,0,0,0,0,0,0,111418
1,1,1,1,734,-2212,-1145,-124,18,101,6,45,62,0,0,0,0,0,0,0,0,0,0,0,0,0,0,0,0,0,0,0,0,0,0,111428
1,1,1,1,721,-2234,-1154,-86,17,95,3,44,62,0,0,0,0,0,0,0,0,0,0,0,0,0,0,0,0,0,0,0,0,0,0,111438
1,1,1,1,709,-2220,-1181,-81,23,94,5,43,62,0,0,0,0,0,0,0,0,0,0,0,0,0,0,0,0,0,0,0,0,0,0,111448
1,1,1,1,750,-2200,-1164,-64,19,92,5,44,60,0,0,0,0,0,0,0,0,0,0,0,0,0,0,0,0,0,0,0,0,0,0,111458
1,1,1,1,776,-2202,-1149,-63,18,97,5,43,61,0,0,0,0,0,0,0,0,0,0,0,0,0,0,0,0,0,0,0,0,0,0,111468
1,1,1,1,785,-2210,-1146,-76,9,102,5,43,62,0,0,0,0,0,0,0,0,0,0,0,0,0,0,0,0,0,0,0,0,0,0,111478
1,1,1,1,793,-2209,-1149,-54,0,94,6,44,62,0,0,0,0,0,0,0,0,0,0,0,0,0,0,0,0,0,0,0,0,0,0,111488
1,1,1,1,791,-2211,-1170,-49,-3,93,6,44,62,0,0,0,0,0,0,0,0,0,0,0,0,0,0,0,0,0,0,0,0,0,0,111498
1,1,1,1,784,-2223,-1168,-53,-11,86,8,45,59,0,0,0,0,0,0,0,0,0,0,0,0,0,0,0,0,0,0,0,0,0,0,111508
1,1,1,1,777,-2222,-1157,-39,-30,66,10,45,58,0,0,0,0,0,0,0,0,0,0,0,0,0,0,0,0,0,0,0,0,0,0,111518
1,1,1,1,745,-2210,-1174,-29,-37,62,7,44,57,0,0,0,0,0,0,0,0,0,0,0,0,0,0,0,0,0,0,0,0,0,0,111528
1,1,1,1,744,-2192,-1157,-21,-38,70,8,46,54,0,0,0,0,0,0,0,0,0,0,0,0,0,0,0,0,0,0,0,0,0,0,111538
1,1,1,1,790,-2178,-1101,-15,-42,89,8,48,53,0,0,0,0,0,0,0,0,0,0,0,0,0,0,0,0,0,0,0,0,0,0,111548
1,1,1,1,782,-2234,-1096,-31,-44,98,9,47,53,0,0,0,0,0,0,0,0,0,0,0,0,0,0,0,0,0,0,0,0,0,0,111558
1,1,1,1,752,-2248,-1113,-39,-51,92,10,43,53,0,0,0,0,0,0,0,0,0,0,0,0,0,0,0,0,0,0,0,0,0,0,111568
1,1,1,1,738,-2230,-1119,-39,-52,87,6,46,54,0,0,0,0,0,0,0,0,0,0,0,0,0,0,0,0,0,0,0,0,0,0,111578
1,1,1,1,714,-2237,-1143,-53,-41,79,9,46,54,0,0,0,0,0,0,0,0,0,0,0,0,0,0,0,0,0,0,0,0,0,0,111588
1,1,1,1,708,-2209,-1152,-32,-27,62,9,47,54,0,0,0,0,0,0,0,0,0,0,0,0,0,0,0,0,0,0,0,0,0,0,111598
1,1,1,1,699,-2165,-1172,-16,-21,62,10,46,56,0,0,0,0,0,0,0,0,0,0,0,0,0,0,0,0,0,0,0,0,0,0,111608
1,1,1,1,707,-2163,-1164,8,-19,54,10,46,55,0,0,0,0,0,0,0,0,0,0,0,0,0,0,0,0,0,0,0,0,0,0,111618
1,1,1,1,707,-2181,-1161,41,-20,35,16,47,55,0,0,0,0,0,0,0,0,0,0,0,0,0,0,0,0,0,0,0,0,0,0,111628
1,1,1,1,715,-2192,-1155,53,-19,25,15,48,57,0,0,0,0,0,0,0,0,0,0,0,0,0,0,0,0,0,0,0,0,0,0,111638
1,1,1,1,730,-2213,-1128,41,-9,30,16,50,58,0,0,0,0,0,0,0,0,0,0,0,0,0,0,0,0,0,0,0,0,0,0,111648
1,1,1,1,745,-2224,-1091,33,-12,36,15,51,57,0,0,0,0,0,0,0,0,0,0,0,0,0,0,0,0,0,0,0,0,0,0,111658
1,1,1,1,737,-2249,-1104,6,-6,41,14,51,59,0,0,0,0,0,0,0,0,0,0,0,0,0,0,0,0,0,0,0,0,0,0,111668
1,1,1,1,705,-2232,-1154,-9,3,52,14,51,60,0,0,0,0,0,0,0,0,0,0,0,0,0,0,0,0,0,0,0,0,0,0,111678
1,1,1,1,734,-2206,-1153,-3,7,58,16,51,59,0,0,0,0,0,0,0,0,0,0,0,0,0,0,0,0,0,0,0,0,0,0,111688
1,1,1,1,725,-2232,-1140,6,0,38,16,52,58,0,0,0,0,0,0,0,0,0,0,0,0,0,0,0,0,0,0,0,0,0,0,111698
1,1,1,1,708,-2233,-1159,26,-21,3,17,53,61,0,0,0,0,0,0,0,0,0,0,0,0,0,0,0,0,0,0,0,0,0,0,111708
1,1,1,1,703,-2209,-1174,41,-12,-6,17,55,60,0,0,0,0,0,0,0,0,0,0,0,0,0,0,0,0,0,0,0,0,0,0,111718
1,1,1,1,727,-2214,-1148,60,-14,-15,18,58,62,0,0,0,0,0,0,0,0,0,0,0,0,0,0,0,0,0,0,0,0,0,0,111728
1,1,1,1,748,-2234,-1136,65,-18,-21,19,57,63,0,0,0,0,0,0,0,0,0,0,0,0,0,0,0,0,0,0,0,0,0,0,111738
1,1,1,1,757,-2245,-1134,50,-9,-14,19,58,65,0,0,0,0,0,0,0,0,0,0,0,0,0,0,0,0,0,0,0,0,0,0,111748
1,1,1,1,778,-2263,-1105,25,-2,2,18,61,67,0,0,0,0,0,0,0,0,0,0,0,0,0,0,0,0,0,0,0,0,0,0,111758
1,1,1,1,766,-2287,-1107,-7,-2,15,17,60,64,0,0,0,0,0,0,0,0,0,0,0,0,0,0,0,0,0,0,0,0,0,0,111768
1,1,1,1,752,-2284,-1134,-7,10,25,18,61,65,0,0,0,0,0,0,0,0,0,0,0,0,0,0,0,0,0,0,0,0,0,0,111778
1,1,1,1,750,-2259,-1147,-11,13,38,20,62,65,0,0,0,0,0,0,0,0,0,0,0,0,0,0,0,0,0,0,0,0,0,0,111788
1,1,1,1,746,-2257,-1153,-14,21,51,21,62,66,0,0,0,0,0,0,0,0,0,0,0,0,0,0,0,0,0,0,0,0,0,0,111798
1,1,1,1,736,-2251,-1163,-22,19,51,21,62,67,0,0,0,0,0,0,0,0,0,0,0,0,0,0,0,0,0,0,0,0,0,0,111808
1,1,1,1,733,-2243,-1171,-18,9,38,21,64,66,0,0,0,0,0,0,0,0,0,0,0,0,0,0,0,0,0,0,0,0,0,0,111818
1,1,1,1,737,-2207,-1181,-3,0,36,21,65,71,0,0,0,0,0,0,0,0,0,0,0,0,0,0,0,0,0,0,0,0,0,0,111828
1,1,1,1,745,-2201,-1171,8,-7,43,21,66,70,0,0,0,0,0,0,0,0,0,0,0,0,0,0,0,0,0,0,0,0,0,0,111838
1,1,1,1,751,-2209,-1149,24,-9,54,22,66,69,0,0,0,0,0,0,0,0,0,0,0,0,0,0,0,0,0,0,0,0,0,0,111848
1,1,1,1,754,-2241,-1126,33,-19,45,21,66,72,0,0,0,0,0,0,0,0,0,0,0,0,0,0,0,0,0,0,0,0,0,0,111858
1,1,1,1,738,-2259,-1121,18,-23,45,16,72,73,0,0,0,0,0,0,0,0,0,0,0,0,0,0,0,0,0,0,0,0,0,0,111868
1,1,1,1,739,-2257,-1129,-24,-31,51,18,72,72,0,0,0,0,0,0,0,0,0,0,0,0,0,0,0,0,0,0,0,0,0,0,111878
1,1,1,1,730,-2241,-1136,-48,-18,61,19,69,72,0,0,0,0,0,0,0,0,0,0,0,0,0,0,0,0,0,0,0,0,0,0,111888
1,1,1,1,716,-2224,-1134,-45,-23,56,22,66,72,0,0,0,0,0,0,0,0,0,0,0,0,0,0,0,0,0,0,0,0,0,0,111898
1,1,1,1,695,-2217,-1162,-41,-28,48,20,68,72,0,0,0,0,0,0,0,0,0,0,0,0,0,0,0,0,0,0,0,0,0,0,111908
1,1,1,1,685,-2190,-1177,-28,-12,51,20,68,73,0,0,0,0,0,0,0,0,0,0,0,0,0,0,0,0,0,0,0,0,0,0,111918
1,1,1,1,700,-2173,-1177,-3,-1,45,20,69,71,0,0,0,0,0,0,0,0,0,0,0,0,0,0,0,0,0,0,0,0,0,0,111928
1,1,1,1,714,-2168,-1177,8,4,41,23,68,71,0,0,0,0,0,0,0,0,0,0,0,0,0,0,0,0,0,0,0,0,0,0,111938
1,1,1,1,731,-2179,-1151,22,2,29,23,69,75,0,0,0,0,0,0,0,0,0,0,0,0,0,0,0,0,0,0,0,0,0,0,111948
1,1,1,1,743,-2185,-1145,47,12,14,24,69,74,0,0,0,0,0,0,0,0,0,0,0,0,0,0,0,0,0,0,0,0,0,0,111958
1,1,1,1,746,-2199,-1084,69,-10,0,23,71,75,0,0,0,0,0,0,0,0,0,0,0,0,0,0,0,0,0,0,0,0,0,0,111968
1,1,1,1,725,-2263,-1075,66,-38,-29,22,71,77,0,0,0,0,0,0,0,0,0,0,0,0,0,0,0,0,0,0,0,0,0,0,111978
1,1,1,1,680,-2255,-1116,39,-37,-30,21,71,77,0,0,0,0,0,0,0,0,0,0,0,0,0,0,0,0,0,0,0,0,0,0,111988
1,1,1,1,668,-2261,-1117,33,-28,-26,23,70,77,0,0,0,0,0,0,0,0,0,0,0,0,0,0,0,0,0,0,0,0,0,0,111998
1,1,1,1,662,-2256,-1146,41,-13,-25,23,70,75,0,0,0,0,0,0,0,0,0,0,0,0,0,0,0,0,0,0,0,0,0,0,112008
1,1,1,1,672,-2253,-1152,48,-4,-25,23,69,74,0,0,0,0,0,0,0,0,0,0,0,0,0,0,0,0,0,0,0,0,0,0,112018
1,1,1,1,692,-2258,-1144,42,-12,-23,23,68,71,0,0,0,0,0,0,0,0,0,0,0,0,0,0,0,0,0,0,0,0,0,0,112028
1,1,1,1,713,-2265,-1137,20,3,-12,23,68,73,0,0,0,0,0,0,0,0,0,0,0,0,0,0,0,0,0,0,0,0,0,0,112038
1,1,1,1,734,-2261,-1130,9,3,-7,22,68,73,0,0,0,0,0,0,0,0,0,0,0,0,0,0,0,0,0,0,0,0,0,0,112048
1,1,1,1,745,-2254,-1131,11,1,-9,22,68,73,0,0,0,0,0,0,0,0,0,0,0,0,0,0,0,0,0,0,0,0,0,0,112058
1,1,1,1,750,-2272,-1129,20,-6,-17,19,67,73,0,0,0,0,0,0,0,0,0,0,0,0,0,0,0,0,0,0,0,0,0,0,112068
1,1,1,1,752,-2280,-1118,31,-3,-23,21,67,74,0,0,0,0,0,0,0,0,0,0,0,0,0,0,0,0,0,0,0,0,0,0,112078
1,1,1,1,747,-2278,-1122,39,-3,-27,21,65,74,0,0,0,0,0,0,0,0,0,0,0,0,0,0,0,0,0,0,0,0,0,0,112088
1,1,1,1,757,-2293,-1116,25,-2,-22,17,66,74,0,0,0,0,0,0,0,0,0,0,0,0,0,0,0,0,0,0,0,0,0,0,112098
1,1,1,1,742,-2304,-1117,2,-13,-28,18,64,75,0,0,0,0,0,0,0,0,0,0,0,0,0,0,0,0,0,0,0,0,0,0,112108
1,1,1,1,732,-2274,-1147,-5,0,1,15,63,78,0,0,0,0,0,0,0,0,0,0,0,0,0,0,0,0,0,0,0,0,0,0,112138
1,1,1,1,736,-2274,-1150,-8,-4,-2,14,64,75,0,0,0,0,0,0,0,0,0,0,0,0,0,0,0,0,0,0,0,0,0,0,112148
1,1,1,1,737,-2251,-1150,-21,-7,10,14,60,76,0,0,0,0,0,0,0,0,0,0,0,0,0,0,0,0,0,0,0,0,0,0,112158
1,1,1,1,734,-2250,-1145,-26,-14,7,9,67,78,0,0,0,0,0,0,0,0,0,0,0,0,0,0,0,0,0,0,0,0,0,0,112168
1,1,1,1,723,-2250,-1144,-20,-19,-13,14,60,78,0,0,0,0,0,0,0,0,0,0,0,0,0,0,0,0,0,0,0,0,0,0,112178
1,1,1,1,715,-2220,-1145,-24,-33,-25,12,58,77,0,0,0,0,0,0,0,0,0,0,0,0,0,0,0,0,0,0,0,0,0,0,112188
1,1,1,1,726,-2180,-1145,-41,-32,-11,7,62,80,0,0,0,0,0,0,0,0,0,0,0,0,0,0,0,0,0,0,0,0,0,0,112198
1,1,1,1,734,-2163,-1138,-51,-19,9,9,60,80,0,0,0,0,0,0,0,0,0,0,0,0,0,0,0,0,0,0,0,0,0,0,112208
1,1,1,1,738,-2163,-1135,-47,-18,7,8,61,80,0,0,0,0,0,0,0,0,0,0,0,0,0,0,0,0,0,0,0,0,0,0,112218
1,1,1,1,744,-2172,-1127,-33,-36,-6,9,61,84,0,0,0,0,0,0,0,0,0,0,0,0,0,0,0,0,0,0,0,0,0,0,112228
1,1,1,1,728,-2183,-1142,-8,-46,-22,10,60,81,0,0,0,0,0,0,0,0,0,0,0,0,0,0,0,0,0,0,0,0,0,0,112238
1,1,1,1,708,-2180,-1165,10,-43,-22,8,62,85,0,0,0,0,0,0,0,0,0,0,0,0,0,0,0,0,0,0,0,0,0,0,112248
1,1,1,1,702,-2188,-1168,13,-44,-20,9,59,84,0,0,0,0,0,0,0,0,0,0,0,0,0,0,0,0,0,0,0,0,0,0,112258
1,1,1,1,688,-2182,-1178,14,-38,-16,8,61,84,0,0,0,0,0,0,0,0,0,0,0,0,0,0,0,0,0,0,0,0,0,0,112268
1,1,1,1,689,-2168,-1181,12,-31,0,11,59,84,0,0,0,0,0,0,0,0,0,0,0,0,0,0,0,0,0,0,0,0,0,0,112278
1,1,1,1,699,-2174,-1168,12,-27,5,10,62,82,0,0,0,0,0,0,0,0,0,0,0,0,0,0,0,0,0,0,0,0,0,0,112288
1,1,1,1,719,-2191,-1153,15,-25,2,11,60,82,0,0,0,0,0,0,0,0,0,0,0,0,0,0,0,0,0,0,0,0,0,0,112298
1,1,1,1,731,-2196,-1137,33,-20,-6,11,61,82,0,0,0,0,0,0,0,0,0,0,0,0,0,0,0,0,0,0,0,0,0,0,112308
1,1,1,1,736,-2207,-1137,59,-17,-11,11,61,82,0,0,0,0,0,0,0,0,0,0,0,0,0,0,0,0,0,0,0,0,0,0,112318
1,1,1,1,725,-2233,-1124,75,-15,-15,14,60,82,0,0,0,0,0,0,0,0,0,0,0,0,0,0,0,0,0,0,0,0,0,0,112328
1,1,1,1,708,-2262,-1129,79,-16,-24,11,58,80,0,0,0,0,0,0,0,0,0,0,0,0,0,0,0,0,0,0,0,0,0,0,112338
1,1,1,1,697,-2282,-1135,54,-16,-20,9,61,81,0,0,0,0,0,0,0,0,0,0,0,0,0,0,0,0,0,0,0,0,0,0,112348
1,1,1,1,694,-2287,-1149,37,-11,-13,11,59,82,0,0,0,0,0,0,0,0,0,0,0,0,0,0,0,0,0,0,0,0,0,0,112358
1,1,1,1,707,-2286,-1154,42,4,-10,9,59,82,0,0,0,0,0,0,0,0,0,0,0,0,0,0,0,0,0,0,0,0,0,0,112368
1,1,1,1,720,-2287,-1159,27,10,-3,9,60,81,0,0,0,0,0,0,0,0,0,0,0,0,0,0,0,0,0,0,0,0,0,0,112378
1,1,1,1,728,-2294,-1161,28,14,-3,11,61,81,0,0,0,0,0,0,0,0,0,0,0,0,0,0,0,0,0,0,0,0,0,0,112388
1,1,1,1,745,-2286,-1151,44,23,1,10,61,80,0,0,0,0,0,0,0,0,0,0,0,0,0,0,0,0,0,0,0,0,0,0,112398
1,1,1,1,772,-2294,-1128,44,11,-1,12,60,78,0,0,0,0,0,0,0,0,0,0,0,0,0,0,0,0,0,0,0,0,0,0,112408
1,1,1,1,769,-2298,-1115,39,5,-1,11,62,82,0,0,0,0,0,0,0,0,0,0,0,0,0,0,0,0,0,0,0,0,0,0,112418
1,1,1,1,772,-2311,-1102,23,-1,6,13,61,81,0,0,0,0,0,0,0,0,0,0,0,0,0,0,0,0,0,0,0,0,0,0,112428
1,1,1,1,751,-2311,-1126,1,5,19,11,60,80,0,0,0,0,0,0,0,0,0,0,0,0,0,0,0,0,0,0,0,0,0,0,112438
1,1,1,1,735,-2292,-1150,-10,15,38,11,62,81,0,0,0,0,0,0,0,0,0,0,0,0,0,0,0,0,0,0,0,0,0,0,112448
1,1,1,1,744,-2294,-1136,-29,15,53,11,58,80,0,0,0,0,0,0,0,0,0,0,0,0,0,0,0,0,0,0,0,0,0,0,112458
1,1,1,1,737,-2278,-1129,-38,18,59,10,58,81,0,0,0,0,0,0,0,0,0,0,0,0,0,0,0,0,0,0,0,0,0,0,112468
1,1,1,1,722,-2256,-1157,-38,15,61,6,62,84,0,0,0,0,0,0,0,0,0,0,0,0,0,0,0,0,0,0,0,0,0,0,112478
1,1,1,1,727,-2239,-1163,-25,28,59,8,60,81,0,0,0,0,0,0,0,0,0,0,0,0,0,0,0,0,0,0,0,0,0,0,112488
1,1,1,1,738,-2221,-1168,-12,22,52,6,63,84,0,0,0,0,0,0,0,0,0,0,0,0,0,0,0,0,0,0,0,0,0,0,112498
1,1,1,1,720,-2218,-1172,-8,7,44,9,58,83,0,0,0,0,0,0,0,0,0,0,0,0,0,0,0,0,0,0,0,0,0,0,112508
1,1,1,1,708,-2208,-1178,-3,-8,34,7,61,83,0,0,0,0,0,0,0,0,0,0,0,0,0,0,0,0,0,0,0,0,0,0,112518
1,1,1,1,711,-2189,-1170,9,-1,35,8,62,82,0,0,0,0,0,0,0,0,0,0,0,0,0,0,0,0,0,0,0,0,0,0,112528
1,1,1,1,729,-2192,-1149,-1,-21,32,11,60,81,0,0,0,0,0,0,0,0,0,0,0,0,0,0,0,0,0,0,0,0,0,0,112538
1,1,1,1,727,-2205,-1127,-26,-28,35,9,62,80,0,0,0,0,0,0,0,0,0,0,0,0,0,0,0,0,0,0,0,0,0,0,112548
1,1,1,1,714,-2212,-1134,-35,-23,34,8,62,81,0,0,0,0,0,0,0,0,0,0,0,0,0,0,0,0,0,0,0,0,0,0,112558
1,1,1,1,717,-2183,-1142,-32,-24,30,9,61,80,0,0,0,0,0,0,0,0,0,0,0,0,0,0,0,0,0,0,0,0,0,0,112568
1,1,1,1,705,-2181,-1138,-40,-21,36,10,61,82,0,0,0,0,0,0,0,0,0,0,0,0,0,0,0,0,0,0,0,0,0,0,112578
1,1,1,1,694,-2182,-1147,-29,-16,31,9,60,81,0,0,0,0,0,0,0,0,0,0,0,0,0,0,0,0,0,0,0,0,0,0,112588
1,1,1,1,695,-2166,-1153,-24,-19,19,11,58,81,0,0,0,0,0,0,0,0,0,0,0,0,0,0,0,0,0,0,0,0,0,0,112598
1,1,1,1,696,-2144,-1163,-7,-10,11,11,60,81,0,0,0,0,0,0,0,0,0,0,0,0,0,0,0,0,0,0,0,0,0,0,112608
1,1,1,1,694,-2131,-1168,12,-16,-2,12,59,78,0,0,0,0,0,0,0,0,0,0,0,0,0,0,0,0,0,0,0,0,0,0,112618
1,1,1,1,706,-2131,-1150,41,-23,-21,12,60,79,0,0,0,0,0,0,0,0,0,0,0,0,0,0,0,0,0,0,0,0,0,0,112628
1,1,1,1,705,-2147,-1140,71,-19,-41,15,59,77,0,0,0,0,0,0,0,0,0,0,0,0,0,0,0,0,0,0,0,0,0,0,112638
1,1,1,1,699,-2172,-1134,78,-17,-54,14,60,77,0,0,0,0,0,0,0,0,0,0,0,0,0,0,0,0,0,0,0,0,0,0,112648
1,1,1,1,696,-2213,-1129,70,-14,-56,13,58,77,0,0,0,0,0,0,0,0,0,0,0,0,0,0,0,0,0,0,0,0,0,0,112658
1,1,1,1,696,-2242,-1126,68,-9,-60,15,60,78,0,0,0,0,0,0,0,0,0,0,0,0,0,0,0,0,0,0,0,0,0,0,112668
1,1,1,1,696,-2242,-1126,55,-3,-56,13,60,80,0,0,0,0,0,0,0,0,0,0,0,0,0,0,0,0,0,0,0,0,0,0,112678
1,1,1,1,698,-2271,-1117,51,9,-46,14,58,77,0,0,0,0,0,0,0,0,0,0,0,0,0,0,0,0,0,0,0,0,0,0,112688
1,1,1,1,709,-2283,-1135,55,11,-39,13,60,76,0,0,0,0,0,0,0,0,0,0,0,0,0,0,0,0,0,0,0,0,0,0,112698
1,1,1,1,710,-2287,-1136,47,15,-29,13,60,75,0,0,0,0,0,0,0,0,0,0,0,0,0,0,0,0,0,0,0,0,0,0,112708
1,1,1,1,722,-2294,-1142,46,11,-26,13,60,77,0,0,0,0,0,0,0,0,0,0,0,0,0,0,0,0,0,0,0,0,0,0,112718
1,1,1,1,730,-2290,-1138,51,17,-16,13,61,77,0,0,0,0,0,0,0,0,0,0,0,0,0,0,0,0,0,0,0,0,0,0,112728
1,1,1,1,738,-2296,-1130,61,15,-12,14,61,78,0,0,0,0,0,0,0,0,0,0,0,0,0,0,0,0,0,0,0,0,0,0,112738
1,1,1,1,752,-2290,-1125,62,9,-7,14,62,79,0,0,0,0,0,0,0,0,0,0,0,0,0,0,0,0,0,0,0,0,0,0,112748
1,1,1,1,756,-2300,-1120,51,4,0,14,58,78,0,0,0,0,0,0,0,0,0,0,0,0,0,0,0,0,0,0,0,0,0,0,112758
1,1,1,1,753,-2309,-1117,40,4,0,11,62,78,0,0,0,0,0,0,0,0,0,0,0,0,0,0,0,0,0,0,0,0,0,0,112768
1,1,1,1,750,-2310,-1130,28,-1,3,12,61,78,0,0,0,0,0,0,0,0,0,0,0,0,0,0,0,0,0,0,0,0,0,0,112778
1,1,1,1,739,-2308,-1145,22,3,11,11,58,81,0,0,0,0,0,0,0,0,0,0,0,0,0,0,0,0,0,0,0,0,0,0,112788
1,1,1,1,737,-2307,-1146,21,4,11,14,56,77,0,0,0,0,0,0,0,0,0,0,0,0,0,0,0,0,0,0,0,0,0,0,112798
1,1,1,1,732,-2303,-1142,18,3,14,10,59,81,0,0,0,0,0,0,0,0,0,0,0,0,0,0,0,0,0,0,0,0,0,0,112808
1,1,1,1,741,-2285,-1143,14,1,20,12,59,81,0,0,0,0,0,0,0,0,0,0,0,0,0,0,0,0,0,0,0,0,0,0,112818
1,1,1,1,730,-2287,-1145,13,2,25,11,62,83,0,0,0,0,0,0,0,0,0,0,0,0,0,0,0,0,0,0,0,0,0,0,112828
1,1,1,1,718,-2270,-1148,-6,-5,35,12,57,83,0,0,0,0,0,0,0,0,0,0,0,0,0,0,0,0,0,0,0,0,0,0,112838
1,1,1,1,727,-2267,-1133,-17,-5,39,13,58,80,0,0,0,0,0,0,0,0,0,0,0,0,0,0,0,0,0,0,0,0,0,0,112848
1,1,1,1,731,-2248,-1133,-26,-8,38,13,60,82,0,0,0,0,0,0,0,0,0,0,0,0,0,0,0,0,0,0,0,0,0,0,112858
1,1,1,1,729,-2240,-1128,-40,-13,38,13,60,86,0,0,0,0,0,0,0,0,0,0,0,0,0,0,0,0,0,0,0,0,0,0,112868
1,1,1,1,731,-2223,-1133,-46,-13,34,11,59,83,0,0,0,0,0,0,0,0,0,0,0,0,0,0,0,0,0,0,0,0,0,0,112878
1,1,1,1,720,-2192,-1145,-27,-6,30,11,57,83,0,0,0,0,0,0,0,0,0,0,0,0,0,0,0,0,0,0,0,0,0,0,112888
1,1,1,1,709,-2177,-1147,-19,-7,21,10,60,86,0,0,0,0,0,0,0,0,0,0,0,0,0,0,0,0,0,0,0,0,0,0,112898
1,1,1,1,700,-2181,-1146,-26,-8,13,10,59,83,0,0,0,0,0,0,0,0,0,0,0,0,0,0,0,0,0,0,0,0,0,0,112908
1,1,1,1,690,-2154,-1163,-12,-8,-3,10,59,83,0,0,0,0,0,0,0,0,0,0,0,0,0,0,0,0,0,0,0,0,0,0,112918
1,1,1,1,694,-2153,-1150,-11,-21,-18,10,59,82,0,0,0,0,0,0,0,0,0,0,0,0,0,0,0,0,0,0,0,0,0,0,112928
1,1,1,1,701,-2160,-1138,-2,-28,-31,12,59,81,0,0,0,0,0,0,0,0,0,0,0,0,0,0,0,0,0,0,0,0,0,0,112938
1,1,1,1,706,-2146,-1140,8,-32,-41,13,61,83,0,0,0,0,0,0,0,0,0,0,0,0,0,0,0,0,0,0,0,0,0,0,112948
1,1,1,1,712,-2180,-1125,32,-32,-43,13,60,81,0,0,0,0,0,0,0,0,0,0,0,0,0,0,0,0,0,0,0,0,0,0,112968
1,1,1,1,713,-2189,-1118,37,-18,-36,12,60,85,0,0,0,0,0,0,0,0,0,0,0,0,0,0,0,0,0,0,0,0,0,0,112978
1,1,1,1,705,-2214,-1118,32,-20,-31,12,58,83,0,0,0,0,0,0,0,0,0,0,0,0,0,0,0,0,0,0,0,0,0,0,112988
1,1,1,1,688,-2213,-1132,35,-13,-24,12,58,82,0,0,0,0,0,0,0,0,0,0,0,0,0,0,0,0,0,0,0,0,0,0,112998
1,1,1,1,686,-2227,-1126,44,-2,-19,12,61,84,0,0,0,0,0,0,0,0,0,0,0,0,0,0,0,0,0,0,0,0,0,0,113008
1,1,1,1,687,-2239,-1120,41,9,-18,13,60,81,0,0,0,0,0,0,0,0,0,0,0,0,0,0,0,0,0,0,0,0,0,0,113018
1,1,1,1,688,-2234,-1132,48,14,-23,11,58,84,0,0,0,0,0,0,0,0,0,0,0,0,0,0,0,0,0,0,0,0,0,0,113028
1,1,1,1,698,-2235,-1134,53,19,-32,13,61,81,0,0,0,0,0,0,0,0,0,0,0,0,0,0,0,0,0,0,0,0,0,0,113038
1,1,1,1,710,-2245,-1133,57,27,-39,11,60,82,0,0,0,0,0,0,0,0,0,0,0,0,0,0,0,0,0,0,0,0,0,0,113048
1,1,1,1,717,-2248,-1139,70,23,-48,11,62,82,0,0,0,0,0,0,0,0,0,0,0,0,0,0,0,0,0,0,0,0,0,0,113058
1,1,1,1,731,-2252,-1134,79,20,-48,13,59,79,0,0,0,0,0,0,0,0,0,0,0,0,0,0,0,0,0,0,0,0,0,0,113068
1,1,1,1,744,-2276,-1125,82,11,-50,10,64,80,0,0,0,0,0,0,0,0,0,0,0,0,0,0,0,0,0,0,0,0,0,0,113078
1,1,1,1,748,-2302,-1127,84,15,-46,9,61,79,0,0,0,0,0,0,0,0,0,0,0,0,0,0,0,0,0,0,0,0,0,0,113088
1,1,1,1,762,-2300,-1129,86,14,-35,13,60,78,0,0,0,0,0,0,0,0,0,0,0,0,0,0,0,0,0,0,0,0,0,0,113098
1,1,1,1,766,-2332,-1130,83,6,-35,11,60,79,0,0,0,0,0,0,0,0,0,0,0,0,0,0,0,0,0,0,0,0,0,0,113108
1,1,1,1,766,-2337,-1129,70,3,-23,11,60,79,0,0,0,0,0,0,0,0,0,0,0,0,0,0,0,0,0,0,0,0,0,0,113118
1,1,1,1,769,-2357,-1110,48,-2,-10,10,61,79,0,0,0,0,0,0,0,0,0,0,0,0,0,0,0,0,0,0,0,0,0,0,113128
1,1,1,1,766,-2359,-1113,26,-2,5,12,60,81,0,0,0,0,0,0,0,0,0,0,0,0,0,0,0,0,0,0,0,0,0,0,113138
1,1,1,1,760,-2352,-1103,1,2,26,13,59,84,0,0,0,0,0,0,0,0,0,0,0,0,0,0,0,0,0,0,0,0,0,0,113148
1,1,1,1,740,-2342,-1108,-14,23,46,13,58,82,0,0,0,0,0,0,0,0,0,0,0,0,0,0,0,0,0,0,0,0,0,0,113158
1,1,1,1,732,-2311,-1121,-24,28,59,12,60,83,0,0,0,0,0,0,0,0,0,0,0,0,0,0,0,0,0,0,0,0,0,0,113168
1,1,1,1,732,-2289,-1121,-35,27,70,12,60,83,0,0,0,0,0,0,0,0,0,0,0,0,0,0,0,0,0,0,0,0,0,0,113178
1,1,1,1,725,-2268,-1121,-42,29,71,11,60,82,0,0,0,0,0,0,0,0,0,0,0,0,0,0,0,0,0,0,0,0,0,0,113188
1,1,1,1,718,-2239,-1139,-42,19,63,10,61,84,0,0,0,0,0,0,0,0,0,0,0,0,0,0,0,0,0,0,0,0,0,0,113198
1,1,1,1,712,-2210,-1143,-20,9,50,10,61,82,0,0,0,0,0,0,0,0,0,0,0,0,0,0,0,0,0,0,0,0,0,0,113208
1,1,1,1,709,-2212,-1152,-18,-2,35,11,61,81,0,0,0,0,0,0,0,0,0,0,0,0,0,0,0,0,0,0,0,0,0,0,113218
1,1,1,1,711,-2185,-1144,-7,-5,28,10,60,80,0,0,0,0,0,0,0,0,0,0,0,0,0,0,0,0,0,0,0,0,0,0,113228
1,1,1,1,712,-2183,-1136,-5,-8,25,10,60,81,0,0,0,0,0,0,0,0,0,0,0,0,0,0,0,0,0,0,0,0,0,0,113238
1,1,1,1,715,-2187,-1131,-7,-6,22,10,60,81,0,0,0,0,0,0,0,0,0,0,0,0,0,0,0,0,0,0,0,0,0,0,113248
1,1,1,1,728,-2190,-1103,-25,-12,20,11,60,79,0,0,0,0,0,0,0,0,0,0,0,0,0,0,0,0,0,0,0,0,0,0,113258
1,1,1,1,717,-2190,-1109,-32,-19,10,11,59,80,0,0,0,0,0,0,0,0,0,0,0,0,0,0,0,0,0,0,0,0,0,0,113268
1,1,1,1,712,-2170,-1121,-26,-18,2,10,61,80,0,0,0,0,0,0,0,0,0,0,0,0,0,0,0,0,0,0,0,0,0,0,113278
1,1,1,1,713,-2178,-1115,-32,-20,-4,9,59,78,0,0,0,0,0,0,0,0,0,0,0,0,0,0,0,0,0,0,0,0,0,0,113288
1,1,1,1,708,-2180,-1116,-36,-16,-5,9,61,81,0,0,0,0,0,0,0,0,0,0,0,0,0,0,0,0,0,0,0,0,0,0,113298
1,1,1,1,701,-2155,-1133,-16,-5,0,9,59,78,0,0,0,0,0,0,0,0,0,0,0,0,0,0,0,0,0,0,0,0,0,0,113308
1,1,1,1,701,-2169,-1130,2,-23,-10,10,61,76,0,0,0,0,0,0,0,0,0,0,0,0,0,0,0,0,0,0,0,0,0,0,113318
1,1,1,1,707,-2175,-1135,16,-20,-14,12,58,77,0,0,0,0,0,0,0,0,0,0,0,0,0,0,0,0,0,0,0,0,0,0,113328
1,1,1,1,705,-2181,-1128,36,-7,-9,11,61,80,0,0,0,0,0,0,0,0,0,0,0,0,0,0,0,0,0,0,0,0,0,0,113338
1,1,1,1,710,-2204,-1109,36,-5,-8,12,60,76,0,0,0,0,0,0,0,0,0,0,0,0,0,0,0,0,0,0,0,0,0,0,113348
1,1,1,1,719,-2221,-1091,24,-10,-4,13,59,77,0,0,0,0,0,0,0,0,0,0,0,0,0,0,0,0,0,0,0,0,0,0,113358
1,1,1,1,713,-2231,-1098,20,-2,-4,12,62,76,0,0,0,0,0,0,0,0,0,0,0,0,0,0,0,0,0,0,0,0,0,0,113368
1,1,1,1,715,-2244,-1114,19,6,-2,11,60,78,0,0,0,0,0,0,0,0,0,0,0,0,0,0,0,0,0,0,0,0,0,0,113378
1,1,1,1,698,-2256,-1132,15,10,-10,11,60,77,0,0,0,0,0,0,0,0,0,0,0,0,0,0,0,0,0,0,0,0,0,0,113388
1,1,1,1,704,-2269,-1140,23,21,-18,13,58,77,0,0,0,0,0,0,0,0,0,0,0,0,0,0,0,0,0,0,0,0,0,0,113398
1,1,1,1,712,-2283,-1146,31,20,-32,11,60,76,0,0,0,0,0,0,0,0,0,0,0,0,0,0,0,0,0,0,0,0,0,0,113408
1,1,1,1,723,-2284,-1151,38,25,-35,12,60,77,0,0,0,0,0,0,0,0,0,0,0,0,0,0,0,0,0,0,0,0,0,0,113418
1,1,1,1,732,-2300,-1143,45,28,-39,12,61,76,0,0,0,0,0,0,0,0,0,0,0,0,0,0,0,0,0,0,0,0,0,0,113428
1,1,1,1,756,-2314,-1138,47,25,-45,13,62,77,0,0,0,0,0,0,0,0,0,0,0,0,0,0,0,0,0,0,0,0,0,0,113438
1,1,1,1,771,-2319,-1129,42,20,-48,16,59,77,0,0,0,0,0,0,0,0,0,0,0,0,0,0,0,0,0,0,0,0,0,0,113448
1,1,1,1,781,-2328,-1120,44,25,-35,16,59,78,0,0,0,0,0,0,0,0,0,0,0,0,0,0,0,0,0,0,0,0,0,0,113458
1,1,1,1,783,-2341,-1114,39,24,-28,15,60,77,0,0,0,0,0,0,0,0,0,0,0,0,0,0,0,0,0,0,0,0,0,0,113468
1,1,1,1,779,-2342,-1122,31,19,-22,13,60,80,0,0,0,0,0,0,0,0,0,0,0,0,0,0,0,0,0,0,0,0,0,0,113478
1,1,1,1,771,-2344,-1121,13,21,-4,12,59,79,0,0,0,0,0,0,0,0,0,0,0,0,0,0,0,0,0,0,0,0,0,0,113488
1,1,1,1,753,-2343,-1121,-4,21,9,14,60,79,0,0,0,0,0,0,0,0,0,0,0,0,0,0,0,0,0,0,0,0,0,0,113498
1,1,1,1,736,-2323,-1131,-27,20,28,11,59,81,0,0,0,0,0,0,0,0,0,0,0,0,0,0,0,0,0,0,0,0,0,0,113508
1,1,1,1,738,-2301,-1128,-27,27,48,12,60,78,0,0,0,0,0,0,0,0,0,0,0,0,0,0,0,0,0,0,0,0,0,0,113518
1,1,1,1,730,-2287,-1126,-35,24,59,11,59,79,0,0,0,0,0,0,0,0,0,0,0,0,0,0,0,0,0,0,0,0,0,0,113528
1,1,1,1,731,-2267,-1111,-54,11,69,12,59,79,0,0,0,0,0,0,0,0,0,0,0,0,0,0,0,0,0,0,0,0,0,0,113538
1,1,1,1,730,-2242,-1119,-67,2,74,11,58,79,0,0,0,0,0,0,0,0,0,0,0,0,0,0,0,0,0,0,0,0,0,0,113548
1,1,1,1,714,-2220,-1142,-69,-1,72,11,58,80,0,0,0,0,0,0,0,0,0,0,0,0,0,0,0,0,0,0,0,0,0,0,113558
1,1,1,1,713,-2182,-1144,-55,-14,66,11,58,80,0,0,0,0,0,0,0,0,0,0,0,0,0,0,0,0,0,0,0,0,0,0,113568
1,1,1,1,713,-2163,-1140,-40,-21,59,10,59,81,0,0,0,0,0,0,0,0,0,0,0,0,0,0,0,0,0,0,0,0,0,0,113578
1,1,1,1,713,-2164,-1141,-31,-26,49,11,59,81,0,0,0,0,0,0,0,0,0,0,0,0,0,0,0,0,0,0,0,0,0,0,113588
1,1,1,1,706,-2160,-1143,-10,-28,35,12,58,81,0,0,0,0,0,0,0,0,0,0,0,0,0,0,0,0,0,0,0,0,0,0,113598
1,1,1,1,707,-2164,-1134,-7,-28,32,12,59,77,0,0,0,0,0,0,0,0,0,0,0,0,0,0,0,0,0,0,0,0,0,0,113608
1,1,1,1,713,-2172,-1117,-9,-29,34,11,59,80,0,0,0,0,0,0,0,0,0,0,0,0,0,0,0,0,0,0,0,0,0,0,113618
1,1,1,1,715,-2176,-1116,-15,-30,32,12,58,77,0,0,0,0,0,0,0,0,0,0,0,0,0,0,0,0,0,0,0,0,0,0,113628
1,1,1,1,709,-2180,-1120,-23,-25,32,11,58,77,0,0,0,0,0,0,0,0,0,0,0,0,0,0,0,0,0,0,0,0,0,0,113638
1,1,1,1,702,-2180,-1125,-26,-21,30,11,58,78,0,0,0,0,0,0,0,0,0,0,0,0,0,0,0,0,0,0,0,0,0,0,113648
1,1,1,1,694,-2164,-1132,-11,-22,26,11,58,76,0,0,0,0,0,0,0,0,0,0,0,0,0,0,0,0,0,0,0,0,0,0,113658
1,1,1,1,694,-2171,-1133,8,-22,13,10,63,79,0,0,0,0,0,0,0,0,0,0,0,0,0,0,0,0,0,0,0,0,0,0,113668
1,1,1,1,692,-2179,-1122,19,-27,0,14,55,78,0,0,0,0,0,0,0,0,0,0,0,0,0,0,0,0,0,0,0,0,0,0,113678
1,1,1,1,682,-2194,-1143,27,-25,-14,8,63,82,0,0,0,0,0,0,0,0,0,0,0,0,0,0,0,0,0,0,0,0,0,0,113688
1,1,1,1,669,-2217,-1141,37,-10,-30,10,61,80,0,0,0,0,0,0,0,0,0,0,0,0,0,0,0,0,0,0,0,0,0,0,113698
1,1,1,1,674,-2233,-1128,42,8,-47,11,58,77,0,0,0,0,0,0,0,0,0,0,0,0,0,0,0,0,0,0,0,0,0,0,113708
1,1,1,1,694,-2240,-1121,38,14,-53,11,58,83,0,0,0,0,0,0,0,0,0,0,0,0,0,0,0,0,0,0,0,0,0,0,113718
1,1,1,1,721,-2267,-1114,36,22,-57,11,60,82,0,0,0,0,0,0,0,0,0,0,0,0,0,0,0,0,0,0,0,0,0,0,113728
1,1,1,1,730,-2285,-1112,25,32,-58,12,58,81,0,0,0,0,0,0,0,0,0,0,0,0,0,0,0,0,0,0,0,0,0,0,113738
1,1,1,1,744,-2295,-1121,24,36,-57,12,57,81,0,0,0,0,0,0,0,0,0,0,0,0,0,0,0,0,0,0,0,0,0,0,113748
1,1,1,1,744,-2297,-1127,23,50,-46,11,56,78,0,0,0,0,0,0,0,0,0,0,0,0,0,0,0,0,0,0,0,0,0,0,113758
1,1,1,1,758,-2315,-1122,27,41,-37,12,59,83,0,0,0,0,0,0,0,0,0,0,0,0,0,0,0,0,0,0,0,0,0,0,113778
1,1,1,1,763,-2321,-1123,40,44,-37,10,58,82,0,0,0,0,0,0,0,0,0,0,0,0,0,0,0,0,0,0,0,0,0,0,113788
1,1,1,1,768,-2315,-1139,26,39,-22,10,59,84,0,0,0,0,0,0,0,0,0,0,0,0,0,0,0,0,0,0,0,0,0,0,113798
1,1,1,1,760,-2301,-1132,28,34,-16,8,57,85,0,0,0,0,0,0,0,0,0,0,0,0,0,0,0,0,0,0,0,0,0,0,113808
1,1,1,1,762,-2309,-1119,19,31,-15,8,59,84,0,0,0,0,0,0,0,0,0,0,0,0,0,0,0,0,0,0,0,0,0,0,113818
1,1,1,1,750,-2288,-1127,-5,26,-4,9,58,83,0,0,0,0,0,0,0,0,0,0,0,0,0,0,0,0,0,0,0,0,0,0,113828
1,1,1,1,741,-2282,-1126,-22,28,10,6,59,83,0,0,0,0,0,0,0,0,0,0,0,0,0,0,0,0,0,0,0,0,0,0,113838
1,1,1,1,734,-2271,-1130,-14,25,6,9,59,83,0,0,0,0,0,0,0,0,0,0,0,0,0,0,0,0,0,0,0,0,0,0,113848
1,1,1,1,734,-2251,-1138,-17,16,21,8,58,86,0,0,0,0,0,0,0,0,0,0,0,0,0,0,0,0,0,0,0,0,0,0,113858
1,1,1,1,732,-2261,-1151,-10,15,31,8,59,83,0,0,0,0,0,0,0,0,0,0,0,0,0,0,0,0,0,0,0,0,0,0,113868
1,1,1,1,723,-2254,-1158,-12,1,32,7,58,85,0,0,0,0,0,0,0,0,0,0,0,0,0,0,0,0,0,0,0,0,0,0,113878
1,1,1,1,724,-2246,-1143,-19,-4,44,6,59,88,0,0,0,0,0,0,0,0,0,0,0,0,0,0,0,0,0,0,0,0,0,0,113888
1,1,1,1,725,-2244,-1151,-30,-13,48,7,58,84,0,0,0,0,0,0,0,0,0,0,0,0,0,0,0,0,0,0,0,0,0,0,113898
1,1,1,1,718,-2224,-1141,-35,-20,52,8,59,84,0,0,0,0,0,0,0,0,0,0,0,0,0,0,0,0,0,0,0,0,0,0,113908
1,1,1,1,718,-2208,-1134,-35,-27,55,8,58,84,0,0,0,0,0,0,0,0,0,0,0,0,0,0,0,0,0,0,0,0,0,0,113918
1,1,1,1,719,-2195,-1131,-37,-33,51,9,58,85,0,0,0,0,0,0,0,0,0,0,0,0,0,0,0,0,0,0,0,0,0,0,113928
1,1,1,1,715,-2179,-1126,-37,-32,48,9,59,84,0,0,0,0,0,0,0,0,0,0,0,0,0,0,0,0,0,0,0,0,0,0,113938
1,1,1,1,706,-2165,-1130,-34,-26,46,9,58,85,0,0,0,0,0,0,0,0,0,0,0,0,0,0,0,0,0,0,0,0,0,0,113948
1,1,1,1,693,-2170,-1131,-31,-28,39,5,61,84,0,0,0,0,0,0,0,0,0,0,0,0,0,0,0,0,0,0,0,0,0,0,113958
1,1,1,1,688,-2171,-1131,-20,-26,28,4,61,83,0,0,0,0,0,0,0,0,0,0,0,0,0,0,0,0,0,0,0,0,0,0,113968
1,1,1,1,689,-2173,-1145,-8,-18,23,7,60,82,0,0,0,0,0,0,0,0,0,0,0,0,0,0,0,0,0,0,0,0,0,0,113978
1,1,1,1,687,-2181,-1139,5,-24,13,7,58,85,0,0,0,0,0,0,0,0,0,0,0,0,0,0,0,0,0,0,0,0,0,0,113988
1,1,1,1,685,-2184,-1145,23,-12,8,7,58,83,0,0,0,0,0,0,0,0,0,0,0,0,0,0,0,0,0,0,0,0,0,0,113998
1,1,1,1,698,-2198,-1127,21,-11,1,5,58,85,0,0,0,0,0,0,0,0,0,0,0,0,0,0,0,0,0,0,0,0,0,0,114008
1,1,1,1,706,-2203,-1115,14,-1,3,5,61,81,0,0,0,0,0,0,0,0,0,0,0,0,0,0,0,0,0,0,0,0,0,0,114018
1,1,1,1,706,-2211,-1116,17,8,-1,5,60,81,0,0,0,0,0,0,0,0,0,0,0,0,0,0,0,0,0,0,0,0,0,0,114028
1,1,1,1,697,-2236,-1110,12,10,-12,6,62,82,0,0,0,0,0,0,0,0,0,0,0,0,0,0,0,0,0,0,0,0,0,0,114038
1,1,1,1,695,-2241,-1115,1,20,-17,7,58,85,0,0,0,0,0,0,0,0,0,0,0,0,0,0,0,0,0,0,0,0,0,0,114048
1,1,1,1,707,-2246,-1122,13,26,-37,9,58,83,0,0,0,0,0,0,0,0,0,0,0,0,0,0,0,0,0,0,0,0,0,0,114058
1,1,1,1,721,-2235,-1128,39,28,-55,8,57,84,0,0,0,0,0,0,0,0,0,0,0,0,0,0,0,0,0,0,0,0,0,0,114068
1,1,1,1,730,-2238,-1135,53,41,-57,8,60,88,0,0,0,0,0,0,0,0,0,0,0,0,0,0,0,0,0,0,0,0,0,0,114078
1,1,1,1,738,-2257,-1130,56,37,-60,5,60,86,0,0,0,0,0,0,0,0,0,0,0,0,0,0,0,0,0,0,0,0,0,0,114088
1,1,1,1,743,-2287,-1124,60,26,-69,4,59,87,0,0,0,0,0,0,0,0,0,0,0,0,0,0,0,0,0,0,0,0,0,0,114098
1,1,1,1,746,-2295,-1129,62,33,-65,6,60,87,0,0,0,0,0,0,0,0,0,0,0,0,0,0,0,0,0,0,0,0,0,0,114108
1,1,1,1,752,-2311,-1128,48,42,-48,7,58,88,0,0,0,0,0,0,0,0,0,0,0,0,0,0,0,0,0,0,0,0,0,0,114118
1,1,1,1,749,-2342,-1124,25,39,-37,7,57,89,0,0,0,0,0,0,0,0,0,0,0,0,0,0,0,0,0,0,0,0,0,0,114128
1,1,1,1,763,-2326,-1117,13,41,-19,3,59,85,0,0,0,0,0,0,0,0,0,0,0,0,0,0,0,0,0,0,0,0,0,0,114138
1,1,1,1,771,-2321,-1118,2,41,6,6,58,89,0,0,0,0,0,0,0,0,0,0,0,0,0,0,0,0,0,0,0,0,0,0,114148
1,1,1,1,762,-2308,-1132,6,45,15,7,58,88,0,0,0,0,0,0,0,0,0,0,0,0,0,0,0,0,0,0,0,0,0,0,114158
1,1,1,1,760,-2307,-1123,4,36,24,6,59,89,0,0,0,0,0,0,0,0,0,0,0,0,0,0,0,0,0,0,0,0,0,0,114168
1,1,1,1,731,-2312,-1139,-5,27,27,3,58,87,0,0,0,0,0,0,0,0,0,0,0,0,0,0,0,0,0,0,0,0,0,0,114178
1,1,1,1,723,-2294,-1132,-15,27,35,2,59,86,0,0,0,0,0,0,0,0,0,0,0,0,0,0,0,0,0,0,0,0,0,0,114188
1,1,1,1,727,-2275,-1133,-26,18,46,1,58,90,0,0,0,0,0,0,0,0,0,0,0,0,0,0,0,0,0,0,0,0,0,0,114198
1,1,1,1,722,-2262,-1133,-33,9,52,2,59,88,0,0,0,0,0,0,0,0,0,0,0,0,0,0,0,0,0,0,0,0,0,0,114208
1,1,1,1,725,-2247,-1127,-48,-1,58,1,58,90,0,0,0,0,0,0,0,0,0,0,0,0,0,0,0,0,0,0,0,0,0,0,114218
1,1,1,1,727,-2241,-1127,-58,1,64,4,58,90,0,0,0,0,0,0,0,0,0,0,0,0,0,0,0,0,0,0,0,0,0,0,114228
1,1,1,1,726,-2224,-1128,-53,3,62,6,58,91,0,0,0,0,0,0,0,0,0,0,0,0,0,0,0,0,0,0,0,0,0,0,114238
1,1,1,1,718,-2197,-1137,-41,1,60,5,58,90,0,0,0,0,0,0,0,0,0,0,0,0,0,0,0,0,0,0,0,0,0,0,114248
1,1,1,1,718,-2188,-1132,-30,1,54,4,58,90,0,0,0,0,0,0,0,0,0,0,0,0,0,0,0,0,0,0,0,0,0,0,114258
1,1,1,1,713,-2181,-1130,-25,-5,43,3,58,90,0,0,0,0,0,0,0,0,0,0,0,0,0,0,0,0,0,0,0,0,0,0,114268
1,1,1,1,710,-2157,-1134,-11,-6,39,4,56,89,0,0,0,0,0,0,0,0,0,0,0,0,0,0,0,0,0,0,0,0,0,0,114278
1,1,1,1,704,-2164,-1126,-9,-8,32,3,61,89,0,0,0,0,0,0,0,0,0,0,0,0,0,0,0,0,0,0,0,0,0,0,114288
1,1,1,1,705,-2170,-1130,-9,-19,22,3,58,89,0,0,0,0,0,0,0,0,0,0,0,0,0,0,0,0,0,0,0,0,0,0,114298
1,1,1,1,696,-2172,-1129,-5,-11,22,2,58,87,0,0,0,0,0,0,0,0,0,0,0,0,0,0,0,0,0,0,0,0,0,0,114308
1,1,1,1,689,-2197,-1118,-6,-15,18,2,61,86,0,0,0,0,0,0,0,0,0,0,0,0,0,0,0,0,0,0,0,0,0,0,114318
1,1,1,1,686,-2185,-1126,8,-5,18,1,57,89,0,0,0,0,0,0,0,0,0,0,0,0,0,0,0,0,0,0,0,0,0,0,114328
1,1,1,1,692,-2192,-1115,17,-2,15,4,58,87,0,0,0,0,0,0,0,0,0,0,0,0,0,0,0,0,0,0,0,0,0,0,114338
1,1,1,1,694,-2196,-1105,21,24,16,5,60,90,0,0,0,0,0,0,0,0,0,0,0,0,0,0,0,0,0,0,0,0,0,0,114348
1,1,1,1,692,-2201,-1118,18,29,8,4,56,90,0,0,0,0,0,0,0,0,0,0,0,0,0,0,0,0,0,0,0,0,0,0,114358
1,1,1,1,693,-2217,-1130,21,35,-3,5,59,88,0,0,0,0,0,0,0,0,0,0,0,0,0,0,0,0,0,0,0,0,0,0,114368
1,1,1,1,702,-2220,-1146,25,35,-16,5,58,91,0,0,0,0,0,0,0,0,0,0,0,0,0,0,0,0,0,0,0,0,0,0,114378
1,1,1,1,710,-2223,-1157,41,33,-29,4,59,92,0,0,0,0,0,0,0,0,0,0,0,0,0,0,0,0,0,0,0,0,0,0,114388
1,1,1,1,723,-2243,-1154,53,35,-38,3,59,90,0,0,0,0,0,0,0,0,0,0,0,0,0,0,0,0,0,0,0,0,0,0,114398
1,1,1,1,728,-2277,-1144,53,32,-47,2,58,90,0,0,0,0,0,0,0,0,0,0,0,0,0,0,0,0,0,0,0,0,0,0,114408
1,1,1,1,737,-2294,-1132,58,30,-51,4,57,91,0,0,0,0,0,0,0,0,0,0,0,0,0,0,0,0,0,0,0,0,0,0,114418
1,1,1,1,758,-2310,-1123,50,23,-47,2,58,93,0,0,0,0,0,0,0,0,0,0,0,0,0,0,0,0,0,0,0,0,0,0,114428
1,1,1,1,761,-2327,-1112,33,25,-37,2,58,91,0,0,0,0,0,0,0,0,0,0,0,0,0,0,0,0,0,0,0,0,0,0,114438
1,1,1,1,767,-2326,-1106,23,31,-24,4,59,91,0,0,0,0,0,0,0,0,0,0,0,0,0,0,0,0,0,0,0,0,0,0,114448
1,1,1,1,772,-2328,-1111,0,19,-11,2,60,90,0,0,0,0,0,0,0,0,0,0,0,0,0,0,0,0,0,0,0,0,0,0,114458
1,1,1,1,759,-2322,-1128,2,29,-3,2,58,90,0,0,0,0,0,0,0,0,0,0,0,0,0,0,0,0,0,0,0,0,0,0,114468
1,1,1,1,754,-2307,-1129,-2,29,11,1,59,89,0,0,0,0,0,0,0,0,0,0,0,0,0,0,0,0,0,0,0,0,0,0,114478
1,1,1,1,743,-2309,-1136,-4,24,16,1,58,91,0,0,0,0,0,0,0,0,0,0,0,0,0,0,0,0,0,0,0,0,0,0,114488
1,1,1,1,736,-2282,-1140,7,27,26,1,58,91,0,0,0,0,0,0,0,0,0,0,0,0,0,0,0,0,0,0,0,0,0,0,114498
1,1,1,1,735,-2293,-1129,-8,16,34,1,58,90,0,0,0,0,0,0,0,0,0,0,0,0,0,0,0,0,0,0,0,0,0,0,114508
1,1,1,1,738,-2301,-1120,-16,6,29,1,58,89,0,0,0,0,0,0,0,0,0,0,0,0,0,0,0,0,0,0,0,0,0,0,114518
1,1,1,1,733,-2269,-1119,-21,2,38,4,58,89,0,0,0,0,0,0,0,0,0,0,0,0,0,0,0,0,0,0,0,0,0,0,114528
1,1,1,1,729,-2266,-1119,-30,5,48,4,56,89,0,0,0,0,0,0,0,0,0,0,0,0,0,0,0,0,0,0,0,0,0,0,114538
1,1,1,1,718,-2255,-1118,-42,0,53,2,58,90,0,0,0,0,0,0,0,0,0,0,0,0,0,0,0,0,0,0,0,0,0,0,114548
1,1,1,1,710,-2246,-1136,-45,1,53,3,58,91,0,0,0,0,0,0,0,0,0,0,0,0,0,0,0,0,0,0,0,0,0,0,114558
1,1,1,1,702,-2222,-1148,-38,3,54,3,59,88,0,0,0,0,0,0,0,0,0,0,0,0,0,0,0,0,0,0,0,0,0,0,114568
1,1,1,1,704,-2213,-1141,-30,-4,51,2,58,90,0,0,0,0,0,0,0,0,0,0,0,0,0,0,0,0,0,0,0,0,0,0,114578
1,1,1,1,700,-2207,-1139,-31,-4,49,3,55,91,0,0,0,0,0,0,0,0,0,0,0,0,0,0,0,0,0,0,0,0,0,0,114588
1,1,1,1,707,-2190,-1131,-31,-5,48,-1,64,93,0,0,0,0,0,0,0,0,0,0,0,0,0,0,0,0,0,0,0,0,0,0,114598
1,1,1,1,708,-2174,-1128,-21,-6,35,2,58,89,0,0,0,0,0,0,0,0,0,0,0,0,0,0,0,0,0,0,0,0,0,0,114608
1,1,1,1,713,-2165,-1119,-10,-6,30,4,58,88,0,0,0,0,0,0,0,0,0,0,0,0,0,0,0,0,0,0,0,0,0,0,114618
1,1,1,1,713,-2170,-1115,-5,-6,20,5,57,89,0,0,0,0,0,0,0,0,0,0,0,0,0,0,0,0,0,0,0,0,0,0,114628
1,1,1,1,698,-2164,-1130,1,-7,8,1,61,92,0,0,0,0,0,0,0,0,0,0,0,0,0,0,0,0,0,0,0,0,0,0,114638
1,1,1,1,696,-2166,-1135,18,3,-5,5,56,87,0,0,0,0,0,0,0,0,0,0,0,0,0,0,0,0,0,0,0,0,0,0,114648
1,1,1,1,700,-2183,-1134,15,2,-9,5,57,90,0,0,0,0,0,0,0,0,0,0,0,0,0,0,0,0,0,0,0,0,0,0,114658
1,1,1,1,701,-2193,-1126,18,-4,-18,6,57,89,0,0,0,0,0,0,0,0,0,0,0,0,0,0,0,0,0,0,0,0,0,0,114668
1,1,1,1,700,-2194,-1139,27,-4,-25,3,60,90,0,0,0,0,0,0,0,0,0,0,0,0,0,0,0,0,0,0,0,0,0,0,114678
1,1,1,1,699,-2223,-1124,28,6,-25,4,58,89,0,0,0,0,0,0,0,0,0,0,0,0,0,0,0,0,0,0,0,0,0,0,114688
1,1,1,1,695,-2239,-1128,19,11,-30,3,59,90,0,0,0,0,0,0,0,0,0,0,0,0,0,0,0,0,0,0,0,0,0,0,114698
1,1,1,1,699,-2232,-1134,26,13,-37,3,58,93,0,0,0,0,0,0,0,0,0,0,0,0,0,0,0,0,0,0,0,0,0,0,114708
1,1,1,1,716,-2235,-1125,36,25,-32,5,59,90,0,0,0,0,0,0,0,0,0,0,0,0,0,0,0,0,0,0,0,0,0,0,114718
1,1,1,1,722,-2245,-1128,37,29,-29,5,58,88,0,0,0,0,0,0,0,0,0,0,0,0,0,0,0,0,0,0,0,0,0,0,114728
1,1,1,1,729,-2242,-1139,39,25,-34,5,58,89,0,0,0,0,0,0,0,0,0,0,0,0,0,0,0,0,0,0,0,0,0,0,114738
1,1,1,1,737,-2248,-1126,35,13,-35,6,58,87,0,0,0,0,0,0,0,0,0,0,0,0,0,0,0,0,0,0,0,0,0,0,114748
1,1,1,1,737,-2253,-1133,47,22,-33,6,58,88,0,0,0,0,0,0,0,0,0,0,0,0,0,0,0,0,0,0,0,0,0,0,114758
1,1,1,1,742,-2273,-1135,60,17,-32,7,58,88,0,0,0,0,0,0,0,0,0,0,0,0,0,0,0,0,0,0,0,0,0,0,114768
1,1,1,1,751,-2292,-1120,62,8,-32,5,58,89,0,0,0,0,0,0,0,0,0,0,0,0,0,0,0,0,0,0,0,0,0,0,114778
1,1,1,1,757,-2305,-1114,60,14,-24,5,58,88,0,0,0,0,0,0,0,0,0,0,0,0,0,0,0,0,0,0,0,0,0,0,114788
1,1,1,1,752,-2318,-1107,50,21,-9,3,58,87,0,0,0,0,0,0,0,0,0,0,0,0,0,0,0,0,0,0,0,0,0,0,114798
1,1,1,1,759,-2337,-1098,44,21,-6,5,57,88,0,0,0,0,0,0,0,0,0,0,0,0,0,0,0,0,0,0,0,0,0,0,114808
1,1,1,1,749,-2335,-1102,21,19,2,6,57,88,0,0,0,0,0,0,0,0,0,0,0,0,0,0,0,0,0,0,0,0,0,0,114818
1,1,1,1,740,-2326,-1113,12,23,20,5,58,87,0,0,0,0,0,0,0,0,0,0,0,0,0,0,0,0,0,0,0,0,0,0,114828
1,1,1,1,730,-2318,-1119,12,21,31,7,58,89,0,0,0,0,0,0,0,0,0,0,0,0,0,0,0,0,0,0,0,0,0,0,114838
1,1,1,1,717,-2319,-1121,8,22,49,5,58,88,0,0,0,0,0,0,0,0,0,0,0,0,0,0,0,0,0,0,0,0,0,0,114848
1,1,1,1,706,-2299,-1126,-4,26,65,5,58,85,0,0,0,0,0,0,0,0,0,0,0,0,0,0,0,0,0,0,0,0,0,0,114858
1,1,1,1,709,-2291,-1124,-2,26,78,3,58,87,0,0,0,0,0,0,0,0,0,0,0,0,0,0,0,0,0,0,0,0,0,0,114868
1,1,1,1,718,-2273,-1115,-15,24,92,3,59,88,0,0,0,0,0,0,0,0,0,0,0,0,0,0,0,0,0,0,0,0,0,0,114878
1,1,1,1,723,-2263,-1104,-58,18,113,3,59,87,0,0,0,0,0,0,0,0,0,0,0,0,0,0,0,0,0,0,0,0,0,0,114888
1,1,1,1,704,-2251,-1123,-56,15,107,7,54,86,0,0,0,0,0,0,0,0,0,0,0,0,0,0,0,0,0,0,0,0,0,0,114898
1,1,1,1,696,-2204,-1142,-31,17,99,7,53,85,0,0,0,0,0,0,0,0,0,0,0,0,0,0,0,0,0,0,0,0,0,0,114908
1,1,1,1,694,-2213,-1129,-23,14,88,2,56,87,0,0,0,0,0,0,0,0,0,0,0,0,0,0,0,0,0,0,0,0,0,0,114918
1,1,1,1,712,-2204,-1117,-12,21,76,3,57,88,0,0,0,0,0,0,0,0,0,0,0,0,0,0,0,0,0,0,0,0,0,0,114928
1,1,1,1,727,-2183,-1108,-12,23,71,3,60,87,0,0,0,0,0,0,0,0,0,0,0,0,0,0,0,0,0,0,0,0,0,0,114938
1,1,1,1,726,-2191,-1111,-19,31,70,5,55,87,0,0,0,0,0,0,0,0,0,0,0,0,0,0,0,0,0,0,0,0,0,0,114948
1,1,1,1,716,-2184,-1127,-5,25,54,5,57,86,0,0,0,0,0,0,0,0,0,0,0,0,0,0,0,0,0,0,0,0,0,0,114958
1,1,1,1,707,-2181,-1153,13,28,40,6,56,87,0,0,0,0,0,0,0,0,0,0,0,0,0,0,0,0,0,0,0,0,0,0,114968
1,1,1,1,696,-2188,-1157,27,28,23,6,55,86,0,0,0,0,0,0,0,0,0,0,0,0,0,0,0,0,0,0,0,0,0,0,114978
1,1,1,1,700,-2193,-1148,38,27,9,5,59,87,0,0,0,0,0,0,0,0,0,0,0,0,0,0,0,0,0,0,0,0,0,0,114988
1,1,1,1,691,-2206,-1138,41,26,4,6,56,85,0,0,0,0,0,0,0,0,0,0,0,0,0,0,0,0,0,0,0,0,0,0,114998
1,1,1,1,691,-2227,-1124,52,27,-1,4,56,88,0,0,0,0,0,0,0,0,0,0,0,0,0,0,0,0,0,0,0,0,0,0,115008
1,1,1,1,683,-2257,-1110,62,42,1,5,57,87,0,0,0,0,0,0,0,0,0,0,0,0,0,0,0,0,0,0,0,0,0,0,115018
1,1,1,1,692,-2276,-1094,51,53,23,5,56,83,0,0,0,0,0,0,0,0,0,0,0,0,0,0,0,0,0,0,0,0,0,0,115028
1,1,1,1,712,-2293,-1078,17,58,50,4,56,81,0,0,0,0,0,0,0,0,0,0,0,0,0,0,0,0,0,0,0,0,0,0,115038
1,1,1,1,710,-2300,-1081,-2,64,70,8,54,82,0,0,0,0,0,0,0,0,0,0,0,0,0,0,0,0,0,0,0,0,0,0,115048
1,1,1,1,702,-2294,-1094,4,78,82,6,56,81,0,0,0,0,0,0,0,0,0,0,0,0,0,0,0,0,0,0,0,0,0,0,115058
1,1,1,1,689,-2289,-1105,18,89,91,6,54,81,0,0,0,0,0,0,0,0,0,0,0,0,0,0,0,0,0,0,0,0,0,0,115068
1,1,1,1,695,-2287,-1102,44,104,94,7,54,81,0,0,0,0,0,0,0,0,0,0,0,0,0,0,0,0,0,0,0,0,0,0,115078
1,1,1,1,684,-2273,-1106,74,115,89,6,54,77,0,0,0,0,0,0,0,0,0,0,0,0,0,0,0,0,0,0,0,0,0,0,115088
1,1,1,1,670,-2258,-1119,135,133,89,5,53,77,0,0,0,0,0,0,0,0,0,0,0,0,0,0,0,0,0,0,0,0,0,0,115098
1,1,1,1,667,-2249,-1118,219,141,77,7,53,76,0,0,0,0,0,0,0,0,0,0,0,0,0,0,0,0,0,0,0,0,0,0,115108
1,1,1,1,658,-2235,-1114,307,141,60,8,51,74,0,0,0,0,0,0,0,0,0,0,0,0,0,0,0,0,0,0,0,0,0,0,115118
1,1,1,1,654,-2231,-1085,434,153,30,8,51,70,0,0,0,0,0,0,0,0,0,0,0,0,0,0,0,0,0,0,0,0,0,0,115128
1,1,1,1,652,-2220,-1093,562,156,-13,8,50,68,0,0,0,0,0,0,0,0,0,0,0,0,0,0,0,0,0,0,0,0,0,0,115138
1,1,1,1,668,-2215,-1068,637,159,-44,9,47,61,0,0,0,0,0,0,0,0,0,0,0,0,0,0,0,0,0,0,0,0,0,0,115148
1,1,1,1,690,-2203,-1043,692,175,-41,11,45,56,0,0,0,0,0,0,0,0,0,0,0,0,0,0,0,0,0,0,0,0,0,0,115158
1,1,1,1,684,-2238,-1006,731,205,-43,7,43,51,0,0,0,0,0,0,0,0,0,0,0,0,0,0,0,0,0,0,0,0,0,0,115168
1,1,1,1,687,-2285,-945,723,212,-48,4,45,50,0,0,0,0,0,0,0,0,0,0,0,0,0,0,0,0,0,0,0,0,0,0,115178
1,1,1,1,682,-2324,-906,705,227,-46,6,41,46,0,0,0,0,0,0,0,0,0,0,0,0,0,0,0,0,0,0,0,0,0,0,115188
1,1,1,1,662,-2310,-876,710,229,-20,5,40,45,0,0,0,0,0,0,0,0,0,0,0,0,0,0,0,0,0,0,0,0,0,0,115198
1,1,1,1,645,-2334,-898,770,246,-39,7,33,41,0,0,0,0,0,0,0,0,0,0,0,0,0,0,0,0,0,0,0,0,0,0,115208
1,1,1,1,618,-2345,-869,885,220,-96,5,32,39,0,0,0,0,0,0,0,0,0,0,0,0,0,0,0,0,0,0,0,0,0,0,115218
1,1,1,1,637,-2300,-836,1010,190,-119,7,29,34,0,0,0,0,0,0,0,0,0,0,0,0,0,0,0,0,0,0,0,0,0,0,115228
1,1,1,1,635,-2238,-843,1104,215,-65,1,27,26,0,0,0,0,0,0,0,0,0,0,0,0,0,0,0,0,0,0,0,0,0,0,115238
1,1,1,1,625,-2143,-923,1123,320,90,4,24,29,0,0,0,0,0,0,0,0,0,0,0,0,0,0,0,0,0,0,0,0,0,0,115248
1,1,1,1,652,-2334,-843,1212,372,60,5,27,27,0,0,0,0,0,0,0,0,0,0,0,0,0,0,0,0,0,0,0,0,0,0,115258
1,1,1,1,663,-2352,-767,1234,333,46,5,27,32,0,0,0,0,0,0,0,0,0,0,0,0,0,0,0,0,0,0,0,0,0,0,115268
1,1,1,1,671,-2408,-798,1193,357,21,5,27,32,0,0,0,0,0,0,0,0,0,0,0,0,0,0,0,0,0,0,0,0,0,0,115278
1,1,1,1,665,-2403,-754,1048,370,72,5,27,29,0,0,0,0,0,0,0,0,0,0,0,0,0,0,0,0,0,0,0,0,0,0,115288
1,1,1,1,725,-2375,-685,965,362,121,5,27,30,0,0,0,0,0,0,0,0,0,0,0,0,0,0,0,0,0,0,0,0,0,0,115298
1,1,1,1,722,-2401,-679,961,393,109,7,26,29,0,0,0,0,0,0,0,0,0,0,0,0,0,0,0,0,0,0,0,0,0,0,115308
1,1,1,1,696,-2391,-633,978,405,108,6,26,31,0,0,0,0,0,0,0,0,0,0,0,0,0,0,0,0,0,0,0,0,0,0,115318
1,1,1,1,690,-2433,-599,1012,420,88,6,26,30,0,0,0,0,0,0,0,0,0,0,0,0,0,0,0,0,0,0,0,0,0,0,115328
1,1,1,1,726,-2387,-569,1063,428,95,6,27,32,0,0,0,0,0,0,0,0,0,0,0,0,0,0,0,0,0,0,0,0,0,0,115338
1,1,1,1,733,-2339,-601,1143,460,128,8,27,31,0,0,0,0,0,0,0,0,0,0,0,0,0,0,0,0,0,0,0,0,0,0,115348
1,1,1,1,733,-2222,-574,1174,465,247,7,28,21,0,0,0,0,0,0,0,0,0,0,0,0,0,0,0,0,0,0,0,0,0,0,115358
1,1,1,1,748,-2245,-522,1130,466,373,8,27,26,0,0,0,0,0,0,0,0,0,0,0,0,0,0,0,0,0,0,0,0,0,0,115368
1,1,1,1,732,-2442,-558,1055,554,374,5,28,33,0,0,0,0,0,0,0,0,0,0,0,0,0,0,0,0,0,0,0,0,0,0,115378
1,1,1,1,715,-2589,-562,1025,645,231,5,28,31,0,0,0,0,0,0,0,0,0,0,0,0,0,0,0,0,0,0,0,0,0,0,115388
1,1,1,1,719,-2540,-464,990,633,132,4,27,31,0,0,0,0,0,0,0,0,0,0,0,0,0,0,0,0,0,0,0,0,0,0,115398
1,1,1,1,734,-2520,-458,1012,629,46,3,26,28,0,0,0,0,0,0,0,0,0,0,0,0,0,0,0,0,0,0,0,0,0,0,115408
1,1,1,1,742,-2505,-431,958,612,17,3,25,26,0,0,0,0,0,0,0,0,0,0,0,0,0,0,0,0,0,0,0,0,0,0,115418
1,1,1,1,776,-2447,-390,978,611,37,6,24,22,0,0,0,0,0,0,0,0,0,0,0,0,0,0,0,0,0,0,0,0,0,0,115428
1,1,1,1,791,-2348,-370,1139,634,41,8,20,17,0,0,0,0,0,0,0,0,0,0,0,0,0,0,0,0,0,0,0,0,0,0,115438
1,1,1,1,775,-2361,-358,1229,641,48,8,18,14,0,0,0,0,0,0,0,0,0,0,0,0,0,0,0,0,0,0,0,0,0,0,115448
1,1,1,1,787,-2362,-379,1307,664,64,6,19,10,0,0,0,0,0,0,0,0,0,0,0,0,0,0,0,0,0,0,0,0,0,0,115458
1,1,1,1,782,-2333,-323,1390,690,90,6,18,19,0,0,0,0,0,0,0,0,0,0,0,0,0,0,0,0,0,0,0,0,0,0,115468
1,1,1,1,712,-2422,-269,1420,695,89,5,16,18,0,0,0,0,0,0,0,0,0,0,0,0,0,0,0,0,0,0,0,0,0,0,115478
1,1,1,1,678,-2495,-254,1413,726,56,6,16,16,0,0,0,0,0,0,0,0,0,0,0,0,0,0,0,0,0,0,0,0,0,0,115488
1,1,1,1,655,-2528,-227,1452,766,2,5,19,11,0,0,0,0,0,0,0,0,0,0,0,0,0,0,0,0,0,0,0,0,0,0,115498
1,1,1,1,641,-2520,-194,1465,803,-37,10,16,8,0,0,0,0,0,0,0,0,0,0,0,0,0,0,0,0,0,0,0,0,0,0,115508
1,1,1,1,638,-2538,-159,1460,834,-56,8,14,12,0,0,0,0,0,0,0,0,0,0,0,0,0,0,0,0,0,0,0,0,0,0,115518
1,1,1,1,681,-2581,-123,1426,892,-90,10,11,6,0,0,0,0,0,0,0,0,0,0,0,0,0,0,0,0,0,0,0,0,0,0,115528
1,1,1,1,713,-2584,-86,1338,934,-100,11,12,8,0,0,0,0,0,0,0,0,0,0,0,0,0,0,0,0,0,0,0,0,0,0,115538
1,1,1,1,690,-2501,-31,1342,1007,-50,21,12,11,0,0,0,0,0,0,0,0,0,0,0,0,0,0,0,0,0,0,0,0,0,0,115548
1,1,1,1,598,-1802,201,2194,1119,231,17,12,0,0,0,0,0,0,0,0,0,0,0,0,0,0,0,0,0,0,0,0,0,0,0,115558
1,1,1,1,586,-2104,-248,2244,1288,266,6,8,-1,0,0,0,0,0,0,0,0,0,0,0,0,0,0,0,0,0,0,0,0,0,0,115568
1,1,1,1,764,-2981,-306,1517,1560,84,11,8,-13,0,0,0,0,0,0,0,0,0,0,0,0,0,0,0,0,0,0,0,0,0,0,115578
1,1,1,1,594,-2379,72,1532,1607,41,25,13,32,0,0,0,0,0,0,0,0,0,0,0,0,0,0,0,0,0,0,0,0,0,0,115588
1,1,1,1,679,-2579,103,1969,1664,-428,17,14,8,0,0,0,0,0,0,0,0,0,0,0,0,0,0,0,0,0,0,0,0,0,0,115598
1,1,1,1,732,-2215,380,1993,1490,-443,14,15,0,0,0,0,0,0,0,0,0,0,0,0,0,0,0,0,0,0,0,0,0,0,0,115608
1,1,1,1,780,-2031,509,1860,1208,-182,12,14,6,0,0,0,0,0,0,0,0,0,0,0,0,0,0,0,0,0,0,0,0,0,0,115618
1,1,1,1,829,-2207,489,1697,1092,-1,9,14,1,0,0,0,0,0,0,0,0,0,0,0,0,0,0,0,0,0,0,0,0,0,0,115628
1,1,1,1,809,-2449,436,1395,1060,59,10,13,5,0,0,0,0,0,0,0,0,0,0,0,0,0,0,0,0,0,0,0,0,0,0,115638
1,1,1,1,820,-2474,447,1134,1033,28,11,14,1,0,0,0,0,0,0,0,0,0,0,0,0,0,0,0,0,0,0,0,0,0,0,115648
1,1,1,1,765,-2358,459,964,1004,22,10,13,0,0,0,0,0,0,0,0,0,0,0,0,0,0,0,0,0,0,0,0,0,0,0,115658
1,1,1,1,726,-2298,465,943,1001,5,12,13,1,0,0,0,0,0,0,0,0,0,0,0,0,0,0,0,0,0,0,0,0,0,0,115668
1,1,1,1,669,-2217,497,1056,997,-31,13,13,3,0,0,0,0,0,0,0,0,0,0,0,0,0,0,0,0,0,0,0,0,0,0,115678
1,1,1,1,666,-2223,542,1235,965,-124,16,13,5,0,0,0,0,0,0,0,0,0,0,0,0,0,0,0,0,0,0,0,0,0,0,115688
1,1,1,1,694,-2191,601,1697,920,-317,35,13,12,0,0,0,0,0,0,0,0,0,0,0,0,0,0,0,0,0,0,0,0,0,0,115698
1,1,1,1,737,-1947,724,3078,956,-623,15,13,11,0,0,0,0,0,0,0,0,0,0,0,0,0,0,0,0,0,0,0,0,0,0,115708
1,1,1,1,668,-2201,533,3145,965,-804,10,13,7,0,0,0,0,0,0,0,0,0,0,0,0,0,0,0,0,0,0,0,0,0,0,115718
1,1,1,1,692,-2133,748,2587,1037,-673,11,13,8,0,0,0,0,0,0,0,0,0,0,0,0,0,0,0,0,0,0,0,0,0,0,115728
1,1,1,1,660,-1845,786,2331,1048,-443,14,14,6,0,0,0,0,0,0,0,0,0,0,0,0,0,0,0,0,0,0,0,0,0,0,115738
1,1,1,1,712,-1746,793,2249,1064,-269,20,14,6,0,0,0,0,0,0,0,0,0,0,0,0,0,0,0,0,0,0,0,0,0,0,115748
1,1,1,1,739,-1749,872,2472,1071,-137,6,14,7,0,0,0,0,0,0,0,0,0,0,0,0,0,0,0,0,0,0,0,0,0,0,115758
1,1,1,1,755,-1950,1034,2459,1020,-40,11,14,2,0,0,0,0,0,0,0,0,0,0,0,0,0,0,0,0,0,0,0,0,0,0,115768
1,1,1,1,722,-1966,1160,1780,918,0,13,15,11,0,0,0,0,0,0,0,0,0,0,0,0,0,0,0,0,0,0,0,0,0,0,115778
1,1,1,1,714,-1874,1122,1944,732,-26,22,16,16,0,0,0,0,0,0,0,0,0,0,0,0,0,0,0,0,0,0,0,0,0,0,115788
1,1,1,1,541,-1694,1110,2571,632,-135,13,13,12,0,0,0,0,0,0,0,0,0,0,0,0,0,0,0,0,0,0,0,0,0,0,115798
1,1,1,1,593,-1909,1051,2812,563,-277,11,18,16,0,0,0,0,0,0,0,0,0,0,0,0,0,0,0,0,0,0,0,0,0,0,115808
1,1,1,1,545,-1847,1056,2862,535,-320,16,13,15,0,0,0,0,0,0,0,0,0,0,0,0,0,0,0,0,0,0,0,0,0,0,115818
1,1,1,1,465,-1704,1219,2831,492,-333,10,16,10,0,0,0,0,0,0,0,0,0,0,0,0,0,0,0,0,0,0,0,0,0,0,115828
1,1,1,1,455,-1813,1251,2564,416,-295,9,15,15,0,0,0,0,0,0,0,0,0,0,0,0,0,0,0,0,0,0,0,0,0,0,115838
1,1,1,1,536,-1833,1269,2330,288,-361,10,17,15,0,0,0,0,0,0,0,0,0,0,0,0,0,0,0,0,0,0,0,0,0,0,115848
1,1,1,1,522,-1716,1244,2361,197,-460,12,15,15,0,0,0,0,0,0,0,0,0,0,0,0,0,0,0,0,0,0,0,0,0,0,115858
1,1,1,1,494,-1606,1183,2449,137,-499,10,17,18,0,0,0,0,0,0,0,0,0,0,0,0,0,0,0,0,0,0,0,0,0,0,115868
1,1,1,1,473,-1506,1197,2445,179,-464,13,15,12,0,0,0,0,0,0,0,0,0,0,0,0,0,0,0,0,0,0,0,0,0,0,115878
1,1,1,1,457,-1432,1197,2380,280,-352,11,14,12,0,0,0,0,0,0,0,0,0,0,0,0,0,0,0,0,0,0,0,0,0,0,115888
1,1,1,1,469,-1420,1249,2260,338,-260,9,13,14,0,0,0,0,0,0,0,0,0,0,0,0,0,0,0,0,0,0,0,0,0,0,115898
1,1,1,1,463,-1419,1284,2095,400,-187,7,14,17,0,0,0,0,0,0,0,0,0,0,0,0,0,0,0,0,0,0,0,0,0,0,115908
1,1,1,1,425,-1399,1263,2063,485,-208,9,14,24,0,0,0,0,0,0,0,0,0,0,0,0,0,0,0,0,0,0,0,0,0,0,115918
1,1,1,1,357,-1362,1203,2081,632,-263,4,14,19,0,0,0,0,0,0,0,0,0,0,0,0,0,0,0,0,0,0,0,0,0,0,115928
1,1,1,1,341,-1354,1255,1916,741,-262,1,16,20,0,0,0,0,0,0,0,0,0,0,0,0,0,0,0,0,0,0,0,0,0,0,115938
1,1,1,1,373,-1325,1421,1540,750,-204,3,16,19,0,0,0,0,0,0,0,0,0,0,0,0,0,0,0,0,0,0,0,0,0,0,115948
1,1,1,1,467,-1388,1543,1116,706,-164,4,19,19,0,0,0,0,0,0,0,0,0,0,0,0,0,0,0,0,0,0,0,0,0,0,115958
1,1,1,1,552,-1397,1622,959,624,-154,4,19,27,0,0,0,0,0,0,0,0,0,0,0,0,0,0,0,0,0,0,0,0,0,0,115968
1,1,1,1,542,-1496,1537,891,611,-202,0,20,28,0,0,0,0,0,0,0,0,0,0,0,0,0,0,0,0,0,0,0,0,0,0,115978
1,1,1,1,511,-1486,1612,491,572,-146,-3,20,26,0,0,0,0,0,0,0,0,0,0,0,0,0,0,0,0,0,0,0,0,0,0,115988
1,1,1,1,405,-1599,1553,34,524,-127,0,21,31,0,0,0,0,0,0,0,0,0,0,0,0,0,0,0,0,0,0,0,0,0,0,115998
1,1,1,1,414,-1588,1554,-173,408,-202,-10,20,27,0,0,0,0,0,0,0,0,0,0,0,0,0,0,0,0,0,0,0,0,0,0,116008
1,1,1,1,464,-1450,1600,-386,349,-225,-13,18,30,0,0,0,0,0,0,0,0,0,0,0,0,0,0,0,0,0,0,0,0,0,0,116018
1,1,1,1,418,-1378,1670,-707,351,-225,-7,20,21,0,0,0,0,0,0,0,0,0,0,0,0,0,0,0,0,0,0,0,0,0,0,116028
1,1,1,1,268,-1159,1715,-1062,358,-209,-2,19,26,0,0,0,0,0,0,0,0,0,0,0,0,0,0,0,0,0,0,0,0,0,0,116038
1,1,1,1,240,-1031,1377,-495,401,-197,4,19,25,0,0,0,0,0,0,0,0,0,0,0,0,0,0,0,0,0,0,0,0,0,0,116048
1,1,1,1,332,-1087,1347,31,432,-197,4,18,22,0,0,0,0,0,0,0,0,0,0,0,0,0,0,0,0,0,0,0,0,0,0,116058
1,1,1,1,509,-1207,1518,980,401,-295,-4,17,21,0,0,0,0,0,0,0,0,0,0,0,0,0,0,0,0,0,0,0,0,0,0,116068
1,1,1,1,849,-928,1916,239,209,-351,-6,18,26,0,0,0,0,0,0,0,0,0,0,0,0,0,0,0,0,0,0,0,0,0,0,116078
1,1,1,1,479,-1298,1522,-473,134,-310,-5,16,26,0,0,0,0,0,0,0,0,0,0,0,0,0,0,0,0,0,0,0,0,0,0,116088
1,1,1,1,234,-1309,1443,-665,184,-246,-10,15,24,0,0,0,0,0,0,0,0,0,0,0,0,0,0,0,0,0,0,0,0,0,0,116098
1,1,1,1,303,-1246,1352,-1040,367,-152,-16,18,33,0,0,0,0,0,0,0,0,0,0,0,0,0,0,0,0,0,0,0,0,0,0,116108
1,1,1,1,256,-1377,1374,-1478,529,-57,-16,20,32,0,0,0,0,0,0,0,0,0,0,0,0,0,0,0,0,0,0,0,0,0,0,116118
1,1,1,1,251,-1398,1495,-1691,508,-72,-11,18,32,0,0,0,0,0,0,0,0,0,0,0,0,0,0,0,0,0,0,0,0,0,0,116128
1,1,1,1,223,-1179,1372,-1386,471,-143,-8,16,31,0,0,0,0,0,0,0,0,0,0,0,0,0,0,0,0,0,0,0,0,0,0,116138
1,1,1,1,251,-1001,1276,-904,463,-137,-4,17,32,0,0,0,0,0,0,0,0,0,0,0,0,0,0,0,0,0,0,0,0,0,0,116148
1,1,1,1,237,-976,1231,-242,457,-159,0,16,31,0,0,0,0,0,0,0,0,0,0,0,0,0,0,0,0,0,0,0,0,0,0,116158
1,1,1,1,215,-1069,1252,225,431,-145,-5,19,32,0,0,0,0,0,0,0,0,0,0,0,0,0,0,0,0,0,0,0,0,0,0,116168
1,1,1,1,307,-1260,1270,331,438,-99,-5,19,34,0,0,0,0,0,0,0,0,0,0,0,0,0,0,0,0,0,0,0,0,0,0,116178
1,1,1,1,316,-1449,1445,344,380,-131,-1,19,37,0,0,0,0,0,0,0,0,0,0,0,0,0,0,0,0,0,0,0,0,0,0,116188
1,1,1,1,322,-1509,1514,378,336,-194,-2,19,33,0,0,0,0,0,0,0,0,0,0,0,0,0,0,0,0,0,0,0,0,0,0,116198
1,1,1,1,368,-1460,1491,341,307,-226,-2,20,35,0,0,0,0,0,0,0,0,0,0,0,0,0,0,0,0,0,0,0,0,0,0,116208
1,1,1,1,356,-1360,1444,306,282,-226,-3,19,33,0,0,0,0,0,0,0,0,0,0,0,0,0,0,0,0,0,0,0,0,0,0,116218
1,1,1,1,373,-1263,1434,306,269,-205,-3,19,34,0,0,0,0,0,0,0,0,0,0,0,0,0,0,0,0,0,0,0,0,0,0,116228
1,1,1,1,386,-1224,1497,334,270,-139,-3,19,34,0,0,0,0,0,0,0,0,0,0,0,0,0,0,0,0,0,0,0,0,0,0,116238
1,1,1,1,282,-1270,1542,510,261,-147,-3,20,38,0,0,0,0,0,0,0,0,0,0,0,0,0,0,0,0,0,0,0,0,0,0,116248
1,1,1,1,222,-1309,1495,749,203,-229,-3,20,40,0,0,0,0,0,0,0,0,0,0,0,0,0,0,0,0,0,0,0,0,0,0,116258
1,1,1,1,226,-1262,1430,896,183,-246,-1,21,42,0,0,0,0,0,0,0,0,0,0,0,0,0,0,0,0,0,0,0,0,0,0,116268
1,1,1,1,199,-1253,1452,1081,161,-255,-1,22,46,0,0,0,0,0,0,0,0,0,0,0,0,0,0,0,0,0,0,0,0,0,0,116278
1,1,1,1,283,-1252,1505,1232,91,-272,-1,23,46,0,0,0,0,0,0,0,0,0,0,0,0,0,0,0,0,0,0,0,0,0,0,116288
1,1,1,1,314,-1248,1556,1272,27,-264,-4,22,49,0,0,0,0,0,0,0,0,0,0,0,0,0,0,0,0,0,0,0,0,0,0,116298
1,1,1,1,286,-1304,1564,1164,22,-253,-7,23,46,0,0,0,0,0,0,0,0,0,0,0,0,0,0,0,0,0,0,0,0,0,0,116308
1,1,1,1,277,-1209,1620,933,36,-184,-7,21,54,0,0,0,0,0,0,0,0,0,0,0,0,0,0,0,0,0,0,0,0,0,0,116318
1,1,1,1,259,-1234,1423,664,203,-132,-9,23,46,0,0,0,0,0,0,0,0,0,0,0,0,0,0,0,0,0,0,0,0,0,0,116328
1,1,1,1,229,-1205,1587,394,284,-122,-8,23,51,0,0,0,0,0,0,0,0,0,0,0,0,0,0,0,0,0,0,0,0,0,0,116338
1,1,1,1,337,-1145,1635,323,284,-147,-7,23,48,0,0,0,0,0,0,0,0,0,0,0,0,0,0,0,0,0,0,0,0,0,0,116348
1,1,1,1,333,-1038,1620,302,271,-154,-7,23,50,0,0,0,0,0,0,0,0,0,0,0,0,0,0,0,0,0,0,0,0,0,0,116358
1,1,1,1,333,-1038,1620,296,288,-151,-7,24,53,0,0,0,0,0,0,0,0,0,0,0,0,0,0,0,0,0,0,0,0,0,0,116368
1,1,1,1,254,-1018,1526,294,323,-146,-8,25,52,0,0,0,0,0,0,0,0,0,0,0,0,0,0,0,0,0,0,0,0,0,0,116378
1,1,1,1,249,-1011,1530,339,334,-137,-9,27,54,0,0,0,0,0,0,0,0,0,0,0,0,0,0,0,0,0,0,0,0,0,0,116388
1,1,1,1,220,-996,1504,351,358,-95,-6,23,50,0,0,0,0,0,0,0,0,0,0,0,0,0,0,0,0,0,0,0,0,0,0,116398
1,1,1,1,229,-1013,1606,326,292,-56,-6,23,53,0,0,0,0,0,0,0,0,0,0,0,0,0,0,0,0,0,0,0,0,0,0,116408
1,1,1,1,242,-1207,1530,407,257,-168,-9,25,52,0,0,0,0,0,0,0,0,0,0,0,0,0,0,0,0,0,0,0,0,0,0,116418
1,1,1,1,145,-1093,1543,356,251,-144,-8,26,51,0,0,0,0,0,0,0,0,0,0,0,0,0,0,0,0,0,0,0,0,0,0,116428
1,1,1,1,202,-1061,1548,398,241,-127,-7,27,53,0,0,0,0,0,0,0,0,0,0,0,0,0,0,0,0,0,0,0,0,0,0,116438
1,1,1,1,204,-1035,1595,472,203,-135,-7,25,49,0,0,0,0,0,0,0,0,0,0,0,0,0,0,0,0,0,0,0,0,0,0,116448
1,1,1,1,199,-1035,1605,468,190,-117,-9,26,51,0,0,0,0,0,0,0,0,0,0,0,0,0,0,0,0,0,0,0,0,0,0,116458
1,1,1,1,198,-1098,1641,382,177,-122,-8,26,51,0,0,0,0,0,0,0,0,0,0,0,0,0,0,0,0,0,0,0,0,0,0,116468
1,1,1,1,199,-1123,1645,276,155,-147,-11,27,54,0,0,0,0,0,0,0,0,0,0,0,0,0,0,0,0,0,0,0,0,0,0,116478
1,1,1,1,162,-1042,1599,224,170,-144,-10,27,53,0,0,0,0,0,0,0,0,0,0,0,0,0,0,0,0,0,0,0,0,0,0,116488
1,1,1,1,185,-987,1583,246,145,-141,-7,25,53,0,0,0,0,0,0,0,0,0,0,0,0,0,0,0,0,0,0,0,0,0,0,116498
1,1,1,1,213,-960,1543,281,126,-142,-7,25,54,0,0,0,0,0,0,0,0,0,0,0,0,0,0,0,0,0,0,0,0,0,0,116508
1,1,1,1,218,-947,1534,299,123,-129,-8,26,54,0,0,0,0,0,0,0,0,0,0,0,0,0,0,0,0,0,0,0,0,0,0,116518
1,1,1,1,217,-970,1577,299,125,-121,-10,25,51,0,0,0,0,0,0,0,0,0,0,0,0,0,0,0,0,0,0,0,0,0,0,116528
1,1,1,1,223,-984,1621,262,125,-115,-11,25,52,0,0,0,0,0,0,0,0,0,0,0,0,0,0,0,0,0,0,0,0,0,0,116538
1,1,1,1,200,-1002,1656,187,114,-114,-11,25,54,0,0,0,0,0,0,0,0,0,0,0,0,0,0,0,0,0,0,0,0,0,0,116548
1,1,1,1,155,-1013,1659,106,112,-109,-10,26,53,0,0,0,0,0,0,0,0,0,0,0,0,0,0,0,0,0,0,0,0,0,0,116558
1,1,1,1,114,-1011,1662,56,110,-106,-8,25,56,0,0,0,0,0,0,0,0,0,0,0,0,0,0,0,0,0,0,0,0,0,0,116568
1,1,1,1,130,-1000,1640,46,86,-108,-10,25,53,0,0,0,0,0,0,0,0,0,0,0,0,0,0,0,0,0,0,0,0,0,0,116578
1,1,1,1,141,-965,1579,25,90,-85,-10,25,55,0,0,0,0,0,0,0,0,0,0,0,0,0,0,0,0,0,0,0,0,0,0,116588
1,1,1,1,154,-942,1565,29,88,-60,-10,25,54,0,0,0,0,0,0,0,0,0,0,0,0,0,0,0,0,0,0,0,0,0,0,116598
1,1,1,1,172,-934,1534,58,92,-52,-9,25,53,0,0,0,0,0,0,0,0,0,0,0,0,0,0,0,0,0,0,0,0,0,0,116608
1,1,1,1,179,-884,1560,134,77,-51,-10,25,52,0,0,0,0,0,0,0,0,0,0,0,0,0,0,0,0,0,0,0,0,0,0,116618
1,1,1,1,223,-878,1571,208,76,-39,-10,26,53,0,0,0,0,0,0,0,0,0,0,0,0,0,0,0,0,0,0,0,0,0,0,116628
1,1,1,1,204,-914,1600,241,72,-42,-9,26,54,0,0,0,0,0,0,0,0,0,0,0,0,0,0,0,0,0,0,0,0,0,0,116638
1,1,1,1,184,-965,1624,214,53,-61,-7,26,53,0,0,0,0,0,0,0,0,0,0,0,0,0,0,0,0,0,0,0,0,0,0,116648
1,1,1,1,168,-961,1620,187,51,-65,-7,26,53,0,0,0,0,0,0,0,0,0,0,0,0,0,0,0,0,0,0,0,0,0,0,116658
1,1,1,1,142,-951,1594,201,50,-76,-8,26,55,0,0,0,0,0,0,0,0,0,0,0,0,0,0,0,0,0,0,0,0,0,0,116668
1,1,1,1,146,-931,1586,253,36,-91,-7,26,55,0,0,0,0,0,0,0,0,0,0,0,0,0,0,0,0,0,0,0,0,0,0,116678
1,1,1,1,174,-892,1575,328,29,-97,-7,24,50,0,0,0,0,0,0,0,0,0,0,0,0,0,0,0,0,0,0,0,0,0,0,116688
1,1,1,1,192,-873,1609,351,23,-88,-8,25,49,0,0,0,0,0,0,0,0,0,0,0,0,0,0,0,0,0,0,0,0,0,0,116698
1,1,1,1,212,-837,1607,368,39,-62,-8,30,52,0,0,0,0,0,0,0,0,0,0,0,0,0,0,0,0,0,0,0,0,0,0,116708
1,1,1,1,204,-867,1661,370,55,-44,-6,26,50,0,0,0,0,0,0,0,0,0,0,0,0,0,0,0,0,0,0,0,0,0,0,116718
1,1,1,1,179,-918,1694,324,53,-71,-4,23,46,0,0,0,0,0,0,0,0,0,0,0,0,0,0,0,0,0,0,0,0,0,0,116728
1,1,1,1,170,-909,1716,262,63,-88,-7,29,49,0,0,0,0,0,0,0,0,0,0,0,0,0,0,0,0,0,0,0,0,0,0,116738
1,1,1,1,168,-895,1722,190,75,-93,-6,26,51,0,0,0,0,0,0,0,0,0,0,0,0,0,0,0,0,0,0,0,0,0,0,116748
1,1,1,1,172,-881,1719,124,85,-85,-6,24,48,0,0,0,0,0,0,0,0,0,0,0,0,0,0,0,0,0,0,0,0,0,0,116758
1,1,1,1,165,-892,1693,72,98,-81,-9,28,54,0,0,0,0,0,0,0,0,0,0,0,0,0,0,0,0,0,0,0,0,0,0,116768
1,1,1,1,133,-922,1651,25,107,-85,-9,28,52,0,0,0,0,0,0,0,0,0,0,0,0,0,0,0,0,0,0,0,0,0,0,116778
1,1,1,1,127,-906,1633,-15,116,-76,-6,26,53,0,0,0,0,0,0,0,0,0,0,0,0,0,0,0,0,0,0,0,0,0,0,116788
1,1,1,1,149,-897,1646,-42,119,-59,-6,26,58,0,0,0,0,0,0,0,0,0,0,0,0,0,0,0,0,0,0,0,0,0,0,116798
1,1,1,1,135,-914,1631,-53,107,-60,-11,28,59,0,0,0,0,0,0,0,0,0,0,0,0,0,0,0,0,0,0,0,0,0,0,116808
1,1,1,1,121,-901,1614,-53,101,-60,-9,26,59,0,0,0,0,0,0,0,0,0,0,0,0,0,0,0,0,0,0,0,0,0,0,116818
1,1,1,1,126,-883,1613,-30,94,-58,-8,27,57,0,0,0,0,0,0,0,0,0,0,0,0,0,0,0,0,0,0,0,0,0,0,116828
1,1,1,1,136,-873,1614,11,73,-65,-10,27,59,0,0,0,0,0,0,0,0,0,0,0,0,0,0,0,0,0,0,0,0,0,0,116838
1,1,1,1,154,-864,1621,24,75,-58,-12,27,57,0,0,0,0,0,0,0,0,0,0,0,0,0,0,0,0,0,0,0,0,0,0,116848
1,1,1,1,155,-889,1618,-31,79,-19,-12,28,61,0,0,0,0,0,0,0,0,0,0,0,0,0,0,0,0,0,0,0,0,0,0,116878
1,1,1,1,146,-885,1629,-60,81,-9,-13,29,59,0,0,0,0,0,0,0,0,0,0,0,0,0,0,0,0,0,0,0,0,0,0,116888
1,1,1,1,130,-883,1642,-71,72,-2,-12,28,57,0,0,0,0,0,0,0,0,0,0,0,0,0,0,0,0,0,0,0,0,0,0,116898
1,1,1,1,108,-889,1636,-74,63,-4,-11,28,59,0,0,0,0,0,0,0,0,0,0,0,0,0,0,0,0,0,0,0,0,0,0,116908
1,1,1,1,120,-904,1635,-81,68,-4,-13,28,59,0,0,0,0,0,0,0,0,0,0,0,0,0,0,0,0,0,0,0,0,0,0,116918
1,1,1,1,126,-901,1640,-101,62,-4,-13,28,62,0,0,0,0,0,0,0,0,0,0,0,0,0,0,0,0,0,0,0,0,0,0,116928
1,1,1,1,130,-895,1628,-98,63,-9,-14,28,62,0,0,0,0,0,0,0,0,0,0,0,0,0,0,0,0,0,0,0,0,0,0,116938
1,1,1,1,152,-888,1631,-87,55,-18,-14,29,62,0,0,0,0,0,0,0,0,0,0,0,0,0,0,0,0,0,0,0,0,0,0,116948
1,1,1,1,157,-879,1625,-78,48,-25,-15,29,65,0,0,0,0,0,0,0,0,0,0,0,0,0,0,0,0,0,0,0,0,0,0,116958
1,1,1,1,167,-868,1611,-78,45,-23,-13,29,63,0,0,0,0,0,0,0,0,0,0,0,0,0,0,0,0,0,0,0,0,0,0,116968
1,1,1,1,173,-878,1629,-86,42,-16,-15,29,63,0,0,0,0,0,0,0,0,0,0,0,0,0,0,0,0,0,0,0,0,0,0,116978
1,1,1,1,165,-908,1641,-98,33,-6,-14,29,64,0,0,0,0,0,0,0,0,0,0,0,0,0,0,0,0,0,0,0,0,0,0,116988
1,1,1,1,125,-931,1626,-120,27,-4,-15,28,66,0,0,0,0,0,0,0,0,0,0,0,0,0,0,0,0,0,0,0,0,0,0,116998
1,1,1,1,105,-912,1624,-117,28,1,-14,30,66,0,0,0,0,0,0,0,0,0,0,0,0,0,0,0,0,0,0,0,0,0,0,117008
1,1,1,1,102,-900,1617,-78,27,8,-17,31,67,0,0,0,0,0,0,0,0,0,0,0,0,0,0,0,0,0,0,0,0,0,0,117018
1,1,1,1,98,-911,1631,-72,25,19,-15,31,68,0,0,0,0,0,0,0,0,0,0,0,0,0,0,0,0,0,0,0,0,0,0,117028
1,1,1,1,112,-959,1660,-104,19,13,-14,27,69,0,0,0,0,0,0,0,0,0,0,0,0,0,0,0,0,0,0,0,0,0,0,117038
1,1,1,1,116,-949,1649,-134,17,-2,-18,31,70,0,0,0,0,0,0,0,0,0,0,0,0,0,0,0,0,0,0,0,0,0,0,117048
1,1,1,1,115,-882,1616,-123,18,-8,-15,29,71,0,0,0,0,0,0,0,0,0,0,0,0,0,0,0,0,0,0,0,0,0,0,117058
1,1,1,1,139,-853,1609,-71,22,-6,-15,30,69,0,0,0,0,0,0,0,0,0,0,0,0,0,0,0,0,0,0,0,0,0,0,117068
1,1,1,1,158,-867,1628,-31,24,-7,-16,31,71,0,0,0,0,0,0,0,0,0,0,0,0,0,0,0,0,0,0,0,0,0,0,117078
1,1,1,1,161,-899,1622,-25,34,-16,-14,31,69,0,0,0,0,0,0,0,0,0,0,0,0,0,0,0,0,0,0,0,0,0,0,117088
1,1,1,1,170,-905,1616,-31,27,-25,-13,30,70,0,0,0,0,0,0,0,0,0,0,0,0,0,0,0,0,0,0,0,0,0,0,117098
1,1,1,1,159,-900,1623,-4,28,-24,-11,31,72,0,0,0,0,0,0,0,0,0,0,0,0,0,0,0,0,0,0,0,0,0,0,117108
1,1,1,1,143,-915,1617,14,26,-23,-11,31,69,0,0,0,0,0,0,0,0,0,0,0,0,0,0,0,0,0,0,0,0,0,0,117118
1,1,1,1,132,-928,1632,5,18,-25,-12,29,70,0,0,0,0,0,0,0,0,0,0,0,0,0,0,0,0,0,0,0,0,0,0,117128
1,1,1,1,135,-930,1665,-23,24,-15,-12,30,71,0,0,0,0,0,0,0,0,0,0,0,0,0,0,0,0,0,0,0,0,0,0,117138
1,1,1,1,122,-940,1660,-53,30,-8,-13,31,70,0,0,0,0,0,0,0,0,0,0,0,0,0,0,0,0,0,0,0,0,0,0,117148
1,1,1,1,113,-926,1647,-58,38,-9,-11,31,67,0,0,0,0,0,0,0,0,0,0,0,0,0,0,0,0,0,0,0,0,0,0,117158
1,1,1,1,130,-922,1653,-67,45,-9,-11,31,66,0,0,0,0,0,0,0,0,0,0,0,0,0,0,0,0,0,0,0,0,0,0,117168
1,1,1,1,127,-933,1639,-78,51,-16,-12,31,68,0,0,0,0,0,0,0,0,0,0,0,0,0,0,0,0,0,0,0,0,0,0,117178
1,1,1,1,114,-914,1625,-81,51,-26,-12,31,69,0,0,0,0,0,0,0,0,0,0,0,0,0,0,0,0,0,0,0,0,0,0,117188
1,1,1,1,123,-890,1626,-68,52,-27,-11,30,66,0,0,0,0,0,0,0,0,0,0,0,0,0,0,0,0,0,0,0,0,0,0,117198
1,1,1,1,106,-890,1616,-40,56,-24,-11,31,67,0,0,0,0,0,0,0,0,0,0,0,0,0,0,0,0,0,0,0,0,0,0,117208
1,1,1,1,99,-919,1621,-14,54,-33,-12,30,70,0,0,0,0,0,0,0,0,0,0,0,0,0,0,0,0,0,0,0,0,0,0,117218
1,1,1,1,105,-947,1625,-14,52,-34,-13,31,68,0,0,0,0,0,0,0,0,0,0,0,0,0,0,0,0,0,0,0,0,0,0,117228
1,1,1,1,99,-970,1619,-34,43,-34,-12,30,66,0,0,0,0,0,0,0,0,0,0,0,0,0,0,0,0,0,0,0,0,0,0,117238
1,1,1,1,103,-968,1611,-42,35,-29,-12,31,67,0,0,0,0,0,0,0,0,0,0,0,0,0,0,0,0,0,0,0,0,0,0,117248
1,1,1,1,119,-955,1609,-48,23,-16,-12,31,67,0,0,0,0,0,0,0,0,0,0,0,0,0,0,0,0,0,0,0,0,0,0,117258
1,1,1,1,118,-946,1610,-48,9,-12,-12,31,68,0,0,0,0,0,0,0,0,0,0,0,0,0,0,0,0,0,0,0,0,0,0,117268
1,1,1,1,135,-936,1605,-64,-1,-3,-10,30,69,0,0,0,0,0,0,0,0,0,0,0,0,0,0,0,0,0,0,0,0,0,0,117278
1,1,1,1,127,-936,1597,-65,-16,-5,-10,30,68,0,0,0,0,0,0,0,0,0,0,0,0,0,0,0,0,0,0,0,0,0,0,117288
1,1,1,1,120,-906,1574,-27,-19,-12,-12,31,67,0,0,0,0,0,0,0,0,0,0,0,0,0,0,0,0,0,0,0,0,0,0,117298
1,1,1,1,136,-875,1583,19,-23,-8,-10,29,67,0,0,0,0,0,0,0,0,0,0,0,0,0,0,0,0,0,0,0,0,0,0,117308
1,1,1,1,143,-912,1618,41,-29,-2,-9,29,65,0,0,0,0,0,0,0,0,0,0,0,0,0,0,0,0,0,0,0,0,0,0,117318
1,1,1,1,120,-944,1634,28,-19,-8,-10,28,68,0,0,0,0,0,0,0,0,0,0,0,0,0,0,0,0,0,0,0,0,0,0,117328
1,1,1,1,125,-947,1676,-10,-8,-1,-10,32,64,0,0,0,0,0,0,0,0,0,0,0,0,0,0,0,0,0,0,0,0,0,0,117338
1,1,1,1,116,-961,1702,-53,-4,-2,-10,28,63,0,0,0,0,0,0,0,0,0,0,0,0,0,0,0,0,0,0,0,0,0,0,117348
1,1,1,1,96,-958,1690,-95,5,-1,-13,33,66,0,0,0,0,0,0,0,0,0,0,0,0,0,0,0,0,0,0,0,0,0,0,117358
1,1,1,1,108,-948,1686,-129,20,7,-12,32,65,0,0,0,0,0,0,0,0,0,0,0,0,0,0,0,0,0,0,0,0,0,0,117368
1,1,1,1,102,-958,1659,-153,12,6,-10,30,71,0,0,0,0,0,0,0,0,0,0,0,0,0,0,0,0,0,0,0,0,0,0,117378
1,1,1,1,98,-968,1626,-158,7,-8,-9,29,66,0,0,0,0,0,0,0,0,0,0,0,0,0,0,0,0,0,0,0,0,0,0,117388
1,1,1,1,108,-951,1591,-135,0,-15,-9,29,67,0,0,0,0,0,0,0,0,0,0,0,0,0,0,0,0,0,0,0,0,0,0,117398
1,1,1,1,134,-921,1568,-72,-9,-14,-10,30,69,0,0,0,0,0,0,0,0,0,0,0,0,0,0,0,0,0,0,0,0,0,0,117408
1,1,1,1,151,-876,1559,-10,-19,-2,-9,31,66,0,0,0,0,0,0,0,0,0,0,0,0,0,0,0,0,0,0,0,0,0,0,117418
1,1,1,1,152,-943,1593,30,-33,5,-9,30,69,0,0,0,0,0,0,0,0,0,0,0,0,0,0,0,0,0,0,0,0,0,0,117428
1,1,1,1,128,-972,1600,25,-34,0,-10,30,67,0,0,0,0,0,0,0,0,0,0,0,0,0,0,0,0,0,0,0,0,0,0,117438
1,1,1,1,139,-958,1624,-3,-42,6,-10,30,65,0,0,0,0,0,0,0,0,0,0,0,0,0,0,0,0,0,0,0,0,0,0,117448
1,1,1,1,131,-966,1629,-14,-56,6,-11,30,67,0,0,0,0,0,0,0,0,0,0,0,0,0,0,0,0,0,0,0,0,0,0,117458
1,1,1,1,121,-954,1614,-30,-55,7,-10,30,64,0,0,0,0,0,0,0,0,0,0,0,0,0,0,0,0,0,0,0,0,0,0,117468
1,1,1,1,129,-945,1621,-24,-61,9,-9,30,62,0,0,0,0,0,0,0,0,0,0,0,0,0,0,0,0,0,0,0,0,0,0,117478
1,1,1,1,133,-941,1623,-15,-66,12,-9,31,62,0,0,0,0,0,0,0,0,0,0,0,0,0,0,0,0,0,0,0,0,0,0,117488
1,1,1,1,130,-957,1616,-13,-63,13,-9,31,65,0,0,0,0,0,0,0,0,0,0,0,0,0,0,0,0,0,0,0,0,0,0,117498
1,1,1,1,134,-960,1618,-28,-56,18,-10,30,64,0,0,0,0,0,0,0,0,0,0,0,0,0,0,0,0,0,0,0,0,0,0,117508
1,1,1,1,138,-974,1646,-78,-60,21,-11,30,63,0,0,0,0,0,0,0,0,0,0,0,0,0,0,0,0,0,0,0,0,0,0,117518
1,1,1,1,113,-971,1628,-119,-52,14,-11,31,61,0,0,0,0,0,0,0,0,0,0,0,0,0,0,0,0,0,0,0,0,0,0,117528
1,1,1,1,116,-931,1613,-97,-47,5,-8,30,60,0,0,0,0,0,0,0,0,0,0,0,0,0,0,0,0,0,0,0,0,0,0,117538
1,1,1,1,117,-900,1608,-16,-55,-7,-7,31,62,0,0,0,0,0,0,0,0,0,0,0,0,0,0,0,0,0,0,0,0,0,0,117548
1,1,1,1,127,-893,1599,56,-48,-5,-6,30,64,0,0,0,0,0,0,0,0,0,0,0,0,0,0,0,0,0,0,0,0,0,0,117558
1,1,1,1,150,-928,1631,77,-49,0,-5,31,63,0,0,0,0,0,0,0,0,0,0,0,0,0,0,0,0,0,0,0,0,0,0,117568
1,1,1,1,137,-976,1640,58,-41,2,-6,31,61,0,0,0,0,0,0,0,0,0,0,0,0,0,0,0,0,0,0,0,0,0,0,117578
1,1,1,1,134,-966,1650,10,-26,11,-4,31,60,0,0,0,0,0,0,0,0,0,0,0,0,0,0,0,0,0,0,0,0,0,0,117588
1,1,1,1,130,-974,1666,-17,-22,17,-7,31,63,0,0,0,0,0,0,0,0,0,0,0,0,0,0,0,0,0,0,0,0,0,0,117598
1,1,1,1,120,-982,1648,-23,-16,7,-10,36,62,0,0,0,0,0,0,0,0,0,0,0,0,0,0,0,0,0,0,0,0,0,0,117608
1,1,1,1,120,-982,1648,-24,-16,-2,-8,34,62,0,0,0,0,0,0,0,0,0,0,0,0,0,0,0,0,0,0,0,0,0,0,117618
1,1,1,1,142,-940,1619,-20,-14,-4,-7,35,60,0,0,0,0,0,0,0,0,0,0,0,0,0,0,0,0,0,0,0,0,0,0,117628
1,1,1,1,153,-948,1619,-17,-9,-10,-8,33,60,0,0,0,0,0,0,0,0,0,0,0,0,0,0,0,0,0,0,0,0,0,0,117638
1,1,1,1,146,-940,1615,-18,-8,-20,-8,30,58,0,0,0,0,0,0,0,0,0,0,0,0,0,0,0,0,0,0,0,0,0,0,117648
1,1,1,1,160,-931,1617,-15,0,-15,-8,32,59,0,0,0,0,0,0,0,0,0,0,0,0,0,0,0,0,0,0,0,0,0,0,117658
1,1,1,1,148,-947,1635,-40,5,-4,-7,30,59,0,0,0,0,0,0,0,0,0,0,0,0,0,0,0,0,0,0,0,0,0,0,117668
1,1,1,1,136,-976,1655,-93,12,8,-6,32,59,0,0,0,0,0,0,0,0,0,0,0,0,0,0,0,0,0,0,0,0,0,0,117678
1,1,1,1,113,-1011,1651,-118,19,-5,-5,31,58,0,0,0,0,0,0,0,0,0,0,0,0,0,0,0,0,0,0,0,0,0,0,117688
1,1,1,1,112,-991,1627,-128,21,-9,-3,32,57,0,0,0,0,0,0,0,0,0,0,0,0,0,0,0,0,0,0,0,0,0,0,117698
1,1,1,1,137,-946,1614,-91,25,-4,-3,31,56,0,0,0,0,0,0,0,0,0,0,0,0,0,0,0,0,0,0,0,0,0,0,117708
1,1,1,1,133,-949,1599,-56,23,-6,-5,32,59,0,0,0,0,0,0,0,0,0,0,0,0,0,0,0,0,0,0,0,0,0,0,117718
1,1,1,1,131,-965,1603,-27,19,-12,-6,32,58,0,0,0,0,0,0,0,0,0,0,0,0,0,0,0,0,0,0,0,0,0,0,117728
1,1,1,1,131,-974,1607,-19,17,-15,-6,32,60,0,0,0,0,0,0,0,0,0,0,0,0,0,0,0,0,0,0,0,0,0,0,117738
1,1,1,1,129,-983,1618,-25,20,-15,-5,31,58,0,0,0,0,0,0,0,0,0,0,0,0,0,0,0,0,0,0,0,0,0,0,117748
1,1,1,1,134,-981,1628,-33,24,-14,-4,31,59,0,0,0,0,0,0,0,0,0,0,0,0,0,0,0,0,0,0,0,0,0,0,117758
1,1,1,1,136,-986,1627,-52,30,-9,-4,31,57,0,0,0,0,0,0,0,0,0,0,0,0,0,0,0,0,0,0,0,0,0,0,117768
1,1,1,1,130,-990,1625,-76,34,-12,-3,32,54,0,0,0,0,0,0,0,0,0,0,0,0,0,0,0,0,0,0,0,0,0,0,117778
1,1,1,1,132,-973,1622,-84,31,-12,-2,31,55,0,0,0,0,0,0,0,0,0,0,0,0,0,0,0,0,0,0,0,0,0,0,117788
1,1,1,1,139,-967,1616,-71,38,-13,-3,31,57,0,0,0,0,0,0,0,0,0,0,0,0,0,0,0,0,0,0,0,0,0,0,117798
1,1,1,1,147,-958,1599,-50,28,-13,-3,31,58,0,0,0,0,0,0,0,0,0,0,0,0,0,0,0,0,0,0,0,0,0,0,117808
1,1,1,1,147,-946,1584,-18,30,-7,-6,31,57,0,0,0,0,0,0,0,0,0,0,0,0,0,0,0,0,0,0,0,0,0,0,117818
1,1,1,1,143,-966,1594,9,15,-7,-5,30,59,0,0,0,0,0,0,0,0,0,0,0,0,0,0,0,0,0,0,0,0,0,0,117828
1,1,1,1,133,-983,1604,14,13,-2,-6,32,59,0,0,0,0,0,0,0,0,0,0,0,0,0,0,0,0,0,0,0,0,0,0,117838
1,1,1,1,129,-1001,1616,9,20,2,-4,31,55,0,0,0,0,0,0,0,0,0,0,0,0,0,0,0,0,0,0,0,0,0,0,117848
1,1,1,1,123,-1004,1621,-8,12,0,-6,32,56,0,0,0,0,0,0,0,0,0,0,0,0,0,0,0,0,0,0,0,0,0,0,117858
1,1,1,1,126,-1005,1614,-20,7,-2,-5,31,57,0,0,0,0,0,0,0,0,0,0,0,0,0,0,0,0,0,0,0,0,0,0,117868
1,1,1,1,126,-994,1621,-23,9,-2,-2,31,58,0,0,0,0,0,0,0,0,0,0,0,0,0,0,0,0,0,0,0,0,0,0,117878
1,1,1,1,137,-983,1612,-28,11,-4,-3,31,56,0,0,0,0,0,0,0,0,0,0,0,0,0,0,0,0,0,0,0,0,0,0,117888
1,1,1,1,136,-964,1617,-16,6,-7,-4,28,57,0,0,0,0,0,0,0,0,0,0,0,0,0,0,0,0,0,0,0,0,0,0,117898
1,1,1,1,136,-963,1612,0,12,-7,-3,31,57,0,0,0,0,0,0,0,0,0,0,0,0,0,0,0,0,0,0,0,0,0,0,117908
1,1,1,1,139,-970,1624,1,17,-10,-3,32,56,0,0,0,0,0,0,0,0,0,0,0,0,0,0,0,0,0,0,0,0,0,0,117918
1,1,1,1,141,-983,1629,-1,23,-10,-2,29,55,0,0,0,0,0,0,0,0,0,0,0,0,0,0,0,0,0,0,0,0,0,0,117928
1,1,1,1,126,-986,1623,-6,24,-11,-8,33,58,0,0,0,0,0,0,0,0,0,0,0,0,0,0,0,0,0,0,0,0,0,0,117938
1,1,1,1,125,-982,1623,7,28,-7,-6,31,52,0,0,0,0,0,0,0,0,0,0,0,0,0,0,0,0,0,0,0,0,0,0,117948
1,1,1,1,122,-989,1619,12,17,-10,-6,31,58,0,0,0,0,0,0,0,0,0,0,0,0,0,0,0,0,0,0,0,0,0,0,117958
1,1,1,1,107,-992,1607,19,21,-13,-4,30,58,0,0,0,0,0,0,0,0,0,0,0,0,0,0,0,0,0,0,0,0,0,0,117968
1,1,1,1,116,-973,1604,28,17,-14,-5,30,58,0,0,0,0,0,0,0,0,0,0,0,0,0,0,0,0,0,0,0,0,0,0,117978
1,1,1,1,128,-976,1614,33,17,-10,-2,31,58,0,0,0,0,0,0,0,0,0,0,0,0,0,0,0,0,0,0,0,0,0,0,117988
1,1,1,1,120,-992,1616,24,19,-12,-4,32,58,0,0,0,0,0,0,0,0,0,0,0,0,0,0,0,0,0,0,0,0,0,0,117998
1,1,1,1,118,-982,1605,14,21,-9,-2,31,59,0,0,0,0,0,0,0,0,0,0,0,0,0,0,0,0,0,0,0,0,0,0,118008
1,1,1,1,130,-980,1618,10,23,-5,-3,32,58,0,0,0,0,0,0,0,0,0,0,0,0,0,0,0,0,0,0,0,0,0,0,118018
1,1,1,1,120,-1008,1607,1,24,-8,-4,31,57,0,0,0,0,0,0,0,0,0,0,0,0,0,0,0,0,0,0,0,0,0,0,118028
1,1,1,1,117,-994,1602,-17,30,-12,-5,31,58,0,0,0,0,0,0,0,0,0,0,0,0,0,0,0,0,0,0,0,0,0,0,118038
1,1,1,1,129,-966,1596,-10,28,-17,-4,31,58,0,0,0,0,0,0,0,0,0,0,0,0,0,0,0,0,0,0,0,0,0,0,118048
1,1,1,1,130,-955,1587,13,11,-23,-3,31,58,0,0,0,0,0,0,0,0,0,0,0,0,0,0,0,0,0,0,0,0,0,0,118058
1,1,1,1,128,-961,1592,38,2,-18,-4,31,59,0,0,0,0,0,0,0,0,0,0,0,0,0,0,0,0,0,0,0,0,0,0,118068
1,1,1,1,123,-986,1603,48,-6,-16,-2,31,55,0,0,0,0,0,0,0,0,0,0,0,0,0,0,0,0,0,0,0,0,0,0,118078
1,1,1,1,120,-1001,1621,40,0,-13,-2,32,57,0,0,0,0,0,0,0,0,0,0,0,0,0,0,0,0,0,0,0,0,0,0,118088
1,1,1,1,107,-1001,1631,31,-5,-10,-1,31,57,0,0,0,0,0,0,0,0,0,0,0,0,0,0,0,0,0,0,0,0,0,0,118098
1,1,1,1,107,-988,1636,24,-4,-6,-3,31,58,0,0,0,0,0,0,0,0,0,0,0,0,0,0,0,0,0,0,0,0,0,0,118108
1,1,1,1,116,-987,1645,9,1,-6,-1,31,57,0,0,0,0,0,0,0,0,0,0,0,0,0,0,0,0,0,0,0,0,0,0,118118
1,1,1,1,123,-974,1631,-12,18,-8,-2,31,58,0,0,0,0,0,0,0,0,0,0,0,0,0,0,0,0,0,0,0,0,0,0,118128
1,1,1,1,136,-959,1631,-25,28,-10,-4,31,58,0,0,0,0,0,0,0,0,0,0,0,0,0,0,0,0,0,0,0,0,0,0,118138
1,1,1,1,132,-954,1621,-27,32,-11,-4,31,57,0,0,0,0,0,0,0,0,0,0,0,0,0,0,0,0,0,0,0,0,0,0,118148
1,1,1,1,141,-959,1618,-31,23,-10,-3,31,62,0,0,0,0,0,0,0,0,0,0,0,0,0,0,0,0,0,0,0,0,0,0,118158
1,1,1,1,136,-977,1622,-39,25,-7,-4,31,56,0,0,0,0,0,0,0,0,0,0,0,0,0,0,0,0,0,0,0,0,0,0,118168
1,1,1,1,125,-987,1603,-49,28,-4,-3,31,58,0,0,0,0,0,0,0,0,0,0,0,0,0,0,0,0,0,0,0,0,0,0,118178
1,1,1,1,113,-996,1598,-41,20,-2,-4,31,60,0,0,0,0,0,0,0,0,0,0,0,0,0,0,0,0,0,0,0,0,0,0,118188
1,1,1,1,109,-1002,1599,-33,13,-2,-4,31,59,0,0,0,0,0,0,0,0,0,0,0,0,0,0,0,0,0,0,0,0,0,0,118198
1,1,1,1,110,-1004,1610,-39,3,-1,-4,31,59,0,0,0,0,0,0,0,0,0,0,0,0,0,0,0,0,0,0,0,0,0,0,118208
1,1,1,1,112,-989,1615,-42,-1,-1,-2,29,58,0,0,0,0,0,0,0,0,0,0,0,0,0,0,0,0,0,0,0,0,0,0,118218
1,1,1,1,119,-966,1612,-36,-2,2,-3,31,59,0,0,0,0,0,0,0,0,0,0,0,0,0,0,0,0,0,0,0,0,0,0,118228
1,1,1,1,125,-974,1624,-29,-13,-2,-3,29,60,0,0,0,0,0,0,0,0,0,0,0,0,0,0,0,0,0,0,0,0,0,0,118238
1,1,1,1,123,-965,1632,-26,4,-1,-6,30,61,0,0,0,0,0,0,0,0,0,0,0,0,0,0,0,0,0,0,0,0,0,0,118248
1,1,1,1,130,-976,1644,-31,8,-9,-6,32,61,0,0,0,0,0,0,0,0,0,0,0,0,0,0,0,0,0,0,0,0,0,0,118258
1,1,1,1,118,-973,1617,-33,17,-16,-9,33,61,0,0,0,0,0,0,0,0,0,0,0,0,0,0,0,0,0,0,0,0,0,0,118268
1,1,1,1,122,-981,1619,-28,17,-20,-7,31,60,0,0,0,0,0,0,0,0,0,0,0,0,0,0,0,0,0,0,0,0,0,0,118278
1,1,1,1,126,-991,1606,-22,14,-22,-7,31,60,0,0,0,0,0,0,0,0,0,0,0,0,0,0,0,0,0,0,0,0,0,0,118288
1,1,1,1,120,-1002,1602,-19,19,-16,-7,32,61,0,0,0,0,0,0,0,0,0,0,0,0,0,0,0,0,0,0,0,0,0,0,118298
1,1,1,1,130,-1018,1601,-32,10,-11,-4,31,63,0,0,0,0,0,0,0,0,0,0,0,0,0,0,0,0,0,0,0,0,0,0,118308
1,1,1,1,119,-1021,1592,-41,8,-10,-3,30,61,0,0,0,0,0,0,0,0,0,0,0,0,0,0,0,0,0,0,0,0,0,0,118318
1,1,1,1,119,-986,1590,-31,7,-6,-3,31,60,0,0,0,0,0,0,0,0,0,0,0,0,0,0,0,0,0,0,0,0,0,0,118328
1,1,1,1,125,-978,1599,-15,3,-1,-6,31,62,0,0,0,0,0,0,0,0,0,0,0,0,0,0,0,0,0,0,0,0,0,0,118338
1,1,1,1,121,-988,1603,-6,-7,-5,-7,31,62,0,0,0,0,0,0,0,0,0,0,0,0,0,0,0,0,0,0,0,0,0,0,118348
1,1,1,1,130,-982,1614,1,-4,-9,-6,31,61,0,0,0,0,0,0,0,0,0,0,0,0,0,0,0,0,0,0,0,0,0,0,118358
1,1,1,1,125,-974,1608,10,-1,-13,-6,32,60,0,0,0,0,0,0,0,0,0,0,0,0,0,0,0,0,0,0,0,0,0,0,118368
1,1,1,1,129,-963,1607,22,-6,-15,-4,31,62,0,0,0,0,0,0,0,0,0,0,0,0,0,0,0,0,0,0,0,0,0,0,118378
1,1,1,1,129,-973,1618,27,4,-14,-4,31,61,0,0,0,0,0,0,0,0,0,0,0,0,0,0,0,0,0,0,0,0,0,0,118388
1,1,1,1,122,-993,1630,11,7,-8,-6,32,62,0,0,0,0,0,0,0,0,0,0,0,0,0,0,0,0,0,0,0,0,0,0,118398
1,1,1,1,108,-1012,1639,-5,6,-8,-4,32,59,0,0,0,0,0,0,0,0,0,0,0,0,0,0,0,0,0,0,0,0,0,0,118408
1,1,1,1,100,-1014,1642,-15,15,-9,-3,32,59,0,0,0,0,0,0,0,0,0,0,0,0,0,0,0,0,0,0,0,0,0,0,118418
1,1,1,1,104,-1018,1640,-20,21,-6,-6,32,61,0,0,0,0,0,0,0,0,0,0,0,0,0,0,0,0,0,0,0,0,0,0,118428
1,1,1,1,107,-1014,1637,-26,20,-7,-6,32,62,0,0,0,0,0,0,0,0,0,0,0,0,0,0,0,0,0,0,0,0,0,0,118438
1,1,1,1,117,-1013,1622,-34,21,-4,-7,31,61,0,0,0,0,0,0,0,0,0,0,0,0,0,0,0,0,0,0,0,0,0,0,118448
1,1,1,1,126,-1003,1609,-40,21,-6,-7,31,57,0,0,0,0,0,0,0,0,0,0,0,0,0,0,0,0,0,0,0,0,0,0,118458
1,1,1,1,129,-984,1597,-35,18,-7,-6,31,63,0,0,0,0,0,0,0,0,0,0,0,0,0,0,0,0,0,0,0,0,0,0,118468
1,1,1,1,127,-971,1577,-17,20,-9,-5,31,63,0,0,0,0,0,0,0,0,0,0,0,0,0,0,0,0,0,0,0,0,0,0,118478
1,1,1,1,138,-968,1585,5,20,-8,-4,31,63,0,0,0,0,0,0,0,0,0,0,0,0,0,0,0,0,0,0,0,0,0,0,118488
1,1,1,1,129,-993,1591,17,13,-10,-6,31,64,0,0,0,0,0,0,0,0,0,0,0,0,0,0,0,0,0,0,0,0,0,0,118498
1,1,1,1,120,-992,1593,20,-1,-14,-7,32,62,0,0,0,0,0,0,0,0,0,0,0,0,0,0,0,0,0,0,0,0,0,0,118508
1,1,1,1,126,-988,1602,31,-7,-15,-2,26,59,0,0,0,0,0,0,0,0,0,0,0,0,0,0,0,0,0,0,0,0,0,0,118518
1,1,1,1,115,-993,1614,38,-5,-12,-6,33,62,0,0,0,0,0,0,0,0,0,0,0,0,0,0,0,0,0,0,0,0,0,0,118528
1,1,1,1,120,-1000,1625,31,-1,-11,-6,31,60,0,0,0,0,0,0,0,0,0,0,0,0,0,0,0,0,0,0,0,0,0,0,118538
1,1,1,1,119,-1007,1637,6,10,-6,-5,32,57,0,0,0,0,0,0,0,0,0,0,0,0,0,0,0,0,0,0,0,0,0,0,118548
1,1,1,1,114,-1000,1633,-17,19,-5,-7,34,60,0,0,0,0,0,0,0,0,0,0,0,0,0,0,0,0,0,0,0,0,0,0,118558
1,1,1,1,110,-993,1628,-28,12,-9,-8,33,57,0,0,0,0,0,0,0,0,0,0,0,0,0,0,0,0,0,0,0,0,0,0,118568
1,1,1,1,108,-993,1625,-29,16,-12,-5,30,57,0,0,0,0,0,0,0,0,0,0,0,0,0,0,0,0,0,0,0,0,0,0,118578
1,1,1,1,111,-988,1613,-25,30,-7,-5,31,56,0,0,0,0,0,0,0,0,0,0,0,0,0,0,0,0,0,0,0,0,0,0,118588
1,1,1,1,115,-1000,1611,-26,29,-2,-7,31,60,0,0,0,0,0,0,0,0,0,0,0,0,0,0,0,0,0,0,0,0,0,0,118598
1,1,1,1,111,-1020,1598,-32,20,-4,-5,32,61,0,0,0,0,0,0,0,0,0,0,0,0,0,0,0,0,0,0,0,0,0,0,118608
1,1,1,1,115,-1006,1596,-24,23,-3,-5,31,61,0,0,0,0,0,0,0,0,0,0,0,0,0,0,0,0,0,0,0,0,0,0,118618
1,1,1,1,121,-987,1590,-11,20,-3,-4,31,61,0,0,0,0,0,0,0,0,0,0,0,0,0,0,0,0,0,0,0,0,0,0,118628
1,1,1,1,124,-990,1591,7,14,-3,-5,31,63,0,0,0,0,0,0,0,0,0,0,0,0,0,0,0,0,0,0,0,0,0,0,118638
1,1,1,1,128,-997,1600,14,7,-4,-6,31,62,0,0,0,0,0,0,0,0,0,0,0,0,0,0,0,0,0,0,0,0,0,0,118648
1,1,1,1,130,-989,1611,6,3,-2,-8,31,61,0,0,0,0,0,0,0,0,0,0,0,0,0,0,0,0,0,0,0,0,0,0,118658
1,1,1,1,121,-994,1615,7,-1,2,-8,31,60,0,0,0,0,0,0,0,0,0,0,0,0,0,0,0,0,0,0,0,0,0,0,118668
1,1,1,1,119,-987,1609,12,-2,1,-9,32,61,0,0,0,0,0,0,0,0,0,0,0,0,0,0,0,0,0,0,0,0,0,0,118678
1,1,1,1,118,-999,1616,4,-7,3,-9,32,60,0,0,0,0,0,0,0,0,0,0,0,0,0,0,0,0,0,0,0,0,0,0,118688
1,1,1,1,110,-1007,1604,-5,-6,5,-8,32,62,0,0,0,0,0,0,0,0,0,0,0,0,0,0,0,0,0,0,0,0,0,0,118698
1,1,1,1,104,-1006,1598,-3,-9,-1,-8,32,60,0,0,0,0,0,0,0,0,0,0,0,0,0,0,0,0,0,0,0,0,0,0,118708
1,1,1,1,113,-978,1606,11,-17,-3,-8,32,61,0,0,0,0,0,0,0,0,0,0,0,0,0,0,0,0,0,0,0,0,0,0,118718
1,1,1,1,115,-985,1612,19,-17,0,-9,32,61,0,0,0,0,0,0,0,0,0,0,0,0,0,0,0,0,0,0,0,0,0,0,118728
1,1,1,1,116,-1007,1623,12,-10,1,-10,32,62,0,0,0,0,0,0,0,0,0,0,0,0,0,0,0,0,0,0,0,0,0,0,118738
1,1,1,1,112,-1007,1620,6,-6,-5,-9,32,60,0,0,0,0,0,0,0,0,0,0,0,0,0,0,0,0,0,0,0,0,0,0,118748
1,1,1,1,118,-985,1617,14,-5,-2,-9,32,62,0,0,0,0,0,0,0,0,0,0,0,0,0,0,0,0,0,0,0,0,0,0,118758
1,1,1,1,119,-989,1621,18,-6,1,-9,32,60,0,0,0,0,0,0,0,0,0,0,0,0,0,0,0,0,0,0,0,0,0,0,118768
1,1,1,1,109,-1010,1617,15,-6,2,-8,33,63,0,0,0,0,0,0,0,0,0,0,0,0,0,0,0,0,0,0,0,0,0,0,118778
1,1,1,1,119,-1007,1611,4,-7,2,-9,32,61,0,0,0,0,0,0,0,0,0,0,0,0,0,0,0,0,0,0,0,0,0,0,118788
1,1,1,1,119,-1004,1609,-6,-6,3,-7,31,65,0,0,0,0,0,0,0,0,0,0,0,0,0,0,0,0,0,0,0,0,0,0,118798
1,1,1,1,122,-995,1613,0,-2,1,-9,31,63,0,0,0,0,0,0,0,0,0,0,0,0,0,0,0,0,0,0,0,0,0,0,118808
1,1,1,1,125,-984,1611,10,-1,-3,-12,32,60,0,0,0,0,0,0,0,0,0,0,0,0,0,0,0,0,0,0,0,0,0,0,118818
1,1,1,1,113,-988,1614,14,-2,-6,-10,33,60,0,0,0,0,0,0,0,0,0,0,0,0,0,0,0,0,0,0,0,0,0,0,118828
1,1,1,1,116,-992,1621,11,7,-2,-10,33,60,0,0,0,0,0,0,0,0,0,0,0,0,0,0,0,0,0,0,0,0,0,0,118838
1,1,1,1,115,-994,1622,7,-1,-3,-8,32,61,0,0,0,0,0,0,0,0,0,0,0,0,0,0,0,0,0,0,0,0,0,0,118848
1,1,1,1,111,-999,1611,7,-3,2,-11,33,61,0,0,0,0,0,0,0,0,0,0,0,0,0,0,0,0,0,0,0,0,0,0,118858
1,1,1,1,112,-995,1610,15,-4,3,-11,33,60,0,0,0,0,0,0,0,0,0,0,0,0,0,0,0,0,0,0,0,0,0,0,118868
1,1,1,1,120,-992,1585,24,-4,4,-11,33,60,0,0,0,0,0,0,0,0,0,0,0,0,0,0,0,0,0,0,0,0,0,0,118878
1,1,1,1,132,-983,1591,31,-5,5,-10,32,59,0,0,0,0,0,0,0,0,0,0,0,0,0,0,0,0,0,0,0,0,0,0,118888
1,1,1,1,139,-984,1611,26,-9,8,-9,33,62,0,0,0,0,0,0,0,0,0,0,0,0,0,0,0,0,0,0,0,0,0,0,118898
1,1,1,1,131,-985,1625,12,-17,7,-6,32,61,0,0,0,0,0,0,0,0,0,0,0,0,0,0,0,0,0,0,0,0,0,0,118908
1,1,1,1,122,-987,1632,18,-1,5,-8,33,60,0,0,0,0,0,0,0,0,0,0,0,0,0,0,0,0,0,0,0,0,0,0,118918
1,1,1,1,115,-987,1637,23,12,2,-6,32,60,0,0,0,0,0,0,0,0,0,0,0,0,0,0,0,0,0,0,0,0,0,0,118928
1,1,1,1,112,-993,1629,14,18,-2,-6,32,61,0,0,0,0,0,0,0,0,0,0,0,0,0,0,0,0,0,0,0,0,0,0,118938
1,1,1,1,114,-998,1627,-1,20,-3,-5,31,60,0,0,0,0,0,0,0,0,0,0,0,0,0,0,0,0,0,0,0,0,0,0,118948
1,1,1,1,118,-993,1624,-13,20,-2,-6,31,62,0,0,0,0,0,0,0,0,0,0,0,0,0,0,0,0,0,0,0,0,0,0,118958
1,1,1,1,108,-991,1607,-10,13,-4,-7,32,62,0,0,0,0,0,0,0,0,0,0,0,0,0,0,0,0,0,0,0,0,0,0,118968
1,1,1,1,110,-987,1605,6,14,-1,-7,32,60,0,0,0,0,0,0,0,0,0,0,0,0,0,0,0,0,0,0,0,0,0,0,118978
1,1,1,1,113,-991,1605,10,11,0,-6,31,61,0,0,0,0,0,0,0,0,0,0,0,0,0,0,0,0,0,0,0,0,0,0,118988
1,1,1,1,117,-992,1603,13,7,-2,-5,32,62,0,0,0,0,0,0,0,0,0,0,0,0,0,0,0,0,0,0,0,0,0,0,118998
1,1,1,1,119,-986,1593,19,-2,-5,-4,32,57,0,0,0,0,0,0,0,0,0,0,0,0,0,0,0,0,0,0,0,0,0,0,119008
1,1,1,1,124,-983,1601,26,0,-3,-5,31,58,0,0,0,0,0,0,0,0,0,0,0,0,0,0,0,0,0,0,0,0,0,0,119018
1,1,1,1,126,-992,1620,17,-4,-3,-6,32,59,0,0,0,0,0,0,0,0,0,0,0,0,0,0,0,0,0,0,0,0,0,0,119028
1,1,1,1,116,-1013,1629,5,-2,-6,-5,32,57,0,0,0,0,0,0,0,0,0,0,0,0,0,0,0,0,0,0,0,0,0,0,119038
1,1,1,1,117,-1001,1630,-8,11,-1,-6,32,59,0,0,0,0,0,0,0,0,0,0,0,0,0,0,0,0,0,0,0,0,0,0,119048
1,1,1,1,117,-990,1628,-13,10,0,-7,32,61,0,0,0,0,0,0,0,0,0,0,0,0,0,0,0,0,0,0,0,0,0,0,119058
1,1,1,1,116,-981,1621,-7,12,-2,-4,32,60,0,0,0,0,0,0,0,0,0,0,0,0,0,0,0,0,0,0,0,0,0,0,119068
1,1,1,1,121,-975,1606,3,13,-1,-4,31,59,0,0,0,0,0,0,0,0,0,0,0,0,0,0,0,0,0,0,0,0,0,0,119078
1,1,1,1,123,-989,1596,17,13,-4,-4,32,60,0,0,0,0,0,0,0,0,0,0,0,0,0,0,0,0,0,0,0,0,0,0,119088
1,1,1,1,130,-992,1596,22,5,-6,-4,32,59,0,0,0,0,0,0,0,0,0,0,0,0,0,0,0,0,0,0,0,0,0,0,119098
1,1,1,1,126,-987,1604,28,-2,-8,-4,32,58,0,0,0,0,0,0,0,0,0,0,0,0,0,0,0,0,0,0,0,0,0,0,119108
1,1,1,1,121,-982,1605,38,-3,-9,-5,32,58,0,0,0,0,0,0,0,0,0,0,0,0,0,0,0,0,0,0,0,0,0,0,119118
1,1,1,1,122,-984,1621,48,-1,-3,-6,35,55,0,0,0,0,0,0,0,0,0,0,0,0,0,0,0,0,0,0,0,0,0,0,119128
1,1,1,1,113,-1006,1631,43,3,-4,-7,33,55,0,0,0,0,0,0,0,0,0,0,0,0,0,0,0,0,0,0,0,0,0,0,119138
1,1,1,1,118,-1000,1633,22,9,2,-8,34,57,0,0,0,0,0,0,0,0,0,0,0,0,0,0,0,0,0,0,0,0,0,0,119148
1,1,1,1,120,-994,1626,6,5,-2,-6,31,59,0,0,0,0,0,0,0,0,0,0,0,0,0,0,0,0,0,0,0,0,0,0,119158
1,1,1,1,120,-981,1613,6,13,-1,-6,29,53,0,0,0,0,0,0,0,0,0,0,0,0,0,0,0,0,0,0,0,0,0,0,119168
1,1,1,1,126,-977,1615,5,12,2,-7,32,57,0,0,0,0,0,0,0,0,0,0,0,0,0,0,0,0,0,0,0,0,0,0,119178
1,1,1,1,118,-990,1619,-8,16,-1,-6,33,57,0,0,0,0,0,0,0,0,0,0,0,0,0,0,0,0,0,0,0,0,0,0,119188
1,1,1,1,113,-987,1622,-16,13,-2,-5,33,59,0,0,0,0,0,0,0,0,0,0,0,0,0,0,0,0,0,0,0,0,0,0,119198
1,1,1,1,113,-982,1620,-9,18,2,-2,34,55,0,0,0,0,0,0,0,0,0,0,0,0,0,0,0,0,0,0,0,0,0,0,119208
1,1,1,1,108,-993,1617,8,24,2,-3,31,57,0,0,0,0,0,0,0,0,0,0,0,0,0,0,0,0,0,0,0,0,0,0,119218
1,1,1,1,104,-999,1607,15,12,-4,-3,32,57,0,0,0,0,0,0,0,0,0,0,0,0,0,0,0,0,0,0,0,0,0,0,119228
1,1,1,1,114,-999,1610,16,6,-6,-1,31,55,0,0,0,0,0,0,0,0,0,0,0,0,0,0,0,0,0,0,0,0,0,0,119238
1,1,1,1,119,-995,1608,11,8,-3,-3,32,57,0,0,0,0,0,0,0,0,0,0,0,0,0,0,0,0,0,0,0,0,0,0,119248
1,1,1,1,124,-998,1621,-4,14,3,-5,32,57,0,0,0,0,0,0,0,0,0,0,0,0,0,0,0,0,0,0,0,0,0,0,119258
1,1,1,1,112,-996,1619,-27,16,4,-5,31,57,0,0,0,0,0,0,0,0,0,0,0,0,0,0,0,0,0,0,0,0,0,0,119268
1,1,1,1,110,-993,1609,-29,15,3,-3,32,58,0,0,0,0,0,0,0,0,0,0,0,0,0,0,0,0,0,0,0,0,0,0,119278
1,1,1,1,111,-980,1601,-27,10,1,-2,32,56,0,0,0,0,0,0,0,0,0,0,0,0,0,0,0,0,0,0,0,0,0,0,119288
1,1,1,1,105,-981,1601,-25,13,0,-3,32,54,0,0,0,0,0,0,0,0,0,0,0,0,0,0,0,0,0,0,0,0,0,0,119298
1,1,1,1,101,-978,1603,-20,14,-2,-2,31,54,0,0,0,0,0,0,0,0,0,0,0,0,0,0,0,0,0,0,0,0,0,0,119308
1,1,1,1,100,-986,1611,-19,18,-4,-2,31,58,0,0,0,0,0,0,0,0,0,0,0,0,0,0,0,0,0,0,0,0,0,0,119318
1,1,1,1,94,-996,1606,-22,13,-3,-4,31,57,0,0,0,0,0,0,0,0,0,0,0,0,0,0,0,0,0,0,0,0,0,0,119328
1,1,1,1,97,-996,1620,-36,19,1,-5,32,58,0,0,0,0,0,0,0,0,0,0,0,0,0,0,0,0,0,0,0,0,0,0,119338
1,1,1,1,98,-1003,1619,-47,24,3,-4,31,56,0,0,0,0,0,0,0,0,0,0,0,0,0,0,0,0,0,0,0,0,0,0,119348
1,1,1,1,112,-997,1629,-56,28,9,-4,31,58,0,0,0,0,0,0,0,0,0,0,0,0,0,0,0,0,0,0,0,0,0,0,119358
1,1,1,1,105,-1013,1626,-62,36,5,-2,31,58,0,0,0,0,0,0,0,0,0,0,0,0,0,0,0,0,0,0,0,0,0,0,119368
1,1,1,1,107,-996,1605,-49,24,-2,-2,32,58,0,0,0,0,0,0,0,0,0,0,0,0,0,0,0,0,0,0,0,0,0,0,119378
1,1,1,1,122,-986,1599,-27,16,-8,-2,31,58,0,0,0,0,0,0,0,0,0,0,0,0,0,0,0,0,0,0,0,0,0,0,119388
1,1,1,1,130,-982,1601,-1,20,-11,-2,32,61,0,0,0,0,0,0,0,0,0,0,0,0,0,0,0,0,0,0,0,0,0,0,119398
1,1,1,1,136,-989,1609,-6,23,-10,-1,31,62,0,0,0,0,0,0,0,0,0,0,0,0,0,0,0,0,0,0,0,0,0,0,119408
1,1,1,1,132,-994,1623,-22,13,-13,-1,27,59,0,0,0,0,0,0,0,0,0,0,0,0,0,0,0,0,0,0,0,0,0,0,119418
1,1,1,1,115,-979,1608,-5,14,-16,-4,30,59,0,0,0,0,0,0,0,0,0,0,0,0,0,0,0,0,0,0,0,0,0,0,119428
1,1,1,1,120,-978,1615,24,19,-10,-4,29,58,0,0,0,0,0,0,0,0,0,0,0,0,0,0,0,0,0,0,0,0,0,0,119438
1,1,1,1,109,-1001,1626,20,11,-9,-5,31,60,0,0,0,0,0,0,0,0,0,0,0,0,0,0,0,0,0,0,0,0,0,0,119448
1,1,1,1,99,-1019,1639,-1,18,-2,-8,34,59,0,0,0,0,0,0,0,0,0,0,0,0,0,0,0,0,0,0,0,0,0,0,119458
1,1,1,1,89,-1031,1644,-19,24,-3,-8,35,60,0,0,0,0,0,0,0,0,0,0,0,0,0,0,0,0,0,0,0,0,0,0,119468
1,1,1,1,90,-1017,1631,-31,20,-9,-8,35,59,0,0,0,0,0,0,0,0,0,0,0,0,0,0,0,0,0,0,0,0,0,0,119478
1,1,1,1,105,-996,1624,-31,20,-4,-8,35,62,0,0,0,0,0,0,0,0,0,0,0,0,0,0,0,0,0,0,0,0,0,0,119488
1,1,1,1,105,-1004,1599,-29,12,-4,-6,31,62,0,0,0,0,0,0,0,0,0,0,0,0,0,0,0,0,0,0,0,0,0,0,119498
1,1,1,1,106,-998,1584,-16,9,-4,-3,31,61,0,0,0,0,0,0,0,0,0,0,0,0,0,0,0,0,0,0,0,0,0,0,119508
1,1,1,1,116,-982,1581,9,-1,0,-6,32,63,0,0,0,0,0,0,0,0,0,0,0,0,0,0,0,0,0,0,0,0,0,0,119518
1,1,1,1,119,-990,1581,27,1,6,-5,31,61,0,0,0,0,0,0,0,0,0,0,0,0,0,0,0,0,0,0,0,0,0,0,119528
1,1,1,1,117,-1011,1608,22,-2,8,-5,32,62,0,0,0,0,0,0,0,0,0,0,0,0,0,0,0,0,0,0,0,0,0,0,119538
1,1,1,1,105,-1018,1611,-1,0,8,-4,33,63,0,0,0,0,0,0,0,0,0,0,0,0,0,0,0,0,0,0,0,0,0,0,119548
1,1,1,1,104,-1012,1622,-18,3,8,-7,33,62,0,0,0,0,0,0,0,0,0,0,0,0,0,0,0,0,0,0,0,0,0,0,119558
1,1,1,1,98,-1008,1621,-22,-1,5,-7,32,63,0,0,0,0,0,0,0,0,0,0,0,0,0,0,0,0,0,0,0,0,0,0,119568
1,1,1,1,98,-1010,1606,-25,-1,-4,-5,32,60,0,0,0,0,0,0,0,0,0,0,0,0,0,0,0,0,0,0,0,0,0,0,119578
1,1,1,1,107,-992,1602,-15,-1,-5,-4,32,62,0,0,0,0,0,0,0,0,0,0,0,0,0,0,0,0,0,0,0,0,0,0,119588
1,1,1,1,108,-991,1605,3,-4,-4,-5,32,60,0,0,0,0,0,0,0,0,0,0,0,0,0,0,0,0,0,0,0,0,0,0,119598
1,1,1,1,103,-995,1604,10,-3,-1,-5,32,61,0,0,0,0,0,0,0,0,0,0,0,0,0,0,0,0,0,0,0,0,0,0,119608
1,1,1,1,105,-1008,1607,11,-1,2,-5,32,61,0,0,0,0,0,0,0,0,0,0,0,0,0,0,0,0,0,0,0,0,0,0,119618
1,1,1,1,108,-1002,1608,14,5,6,-4,32,63,0,0,0,0,0,0,0,0,0,0,0,0,0,0,0,0,0,0,0,0,0,0,119628
1,1,1,1,119,-1001,1616,11,4,13,-4,32,61,0,0,0,0,0,0,0,0,0,0,0,0,0,0,0,0,0,0,0,0,0,0,119638
1,1,1,1,118,-1014,1622,-3,2,11,-5,32,62,0,0,0,0,0,0,0,0,0,0,0,0,0,0,0,0,0,0,0,0,0,0,119648
1,1,1,1,114,-1017,1620,-17,0,11,-6,33,62,0,0,0,0,0,0,0,0,0,0,0,0,0,0,0,0,0,0,0,0,0,0,119658
1,1,1,1,112,-1004,1626,-12,6,5,-4,32,62,0,0,0,0,0,0,0,0,0,0,0,0,0,0,0,0,0,0,0,0,0,0,119668
1,1,1,1,106,-986,1623,5,10,5,-4,33,62,0,0,0,0,0,0,0,0,0,0,0,0,0,0,0,0,0,0,0,0,0,0,119678
1,1,1,1,111,-997,1615,2,8,6,-3,32,62,0,0,0,0,0,0,0,0,0,0,0,0,0,0,0,0,0,0,0,0,0,0,119688
1,1,1,1,109,-1001,1609,-4,8,6,-3,32,63,0,0,0,0,0,0,0,0,0,0,0,0,0,0,0,0,0,0,0,0,0,0,119698
1,1,1,1,115,-998,1599,1,8,7,-4,32,64,0,0,0,0,0,0,0,0,0,0,0,0,0,0,0,0,0,0,0,0,0,0,119708
1,1,1,1,122,-992,1592,19,-3,5,-6,31,65,0,0,0,0,0,0,0,0,0,0,0,0,0,0,0,0,0,0,0,0,0,0,119718
1,1,1,1,116,-1002,1596,22,-4,10,-4,32,62,0,0,0,0,0,0,0,0,0,0,0,0,0,0,0,0,0,0,0,0,0,0,119728
1,1,1,1,111,-1011,1608,17,3,14,-5,28,63,0,0,0,0,0,0,0,0,0,0,0,0,0,0,0,0,0,0,0,0,0,0,119738
1,1,1,1,102,-1016,1628,-3,3,15,-5,31,62,0,0,0,0,0,0,0,0,0,0,0,0,0,0,0,0,0,0,0,0,0,0,119748
1,1,1,1,98,-1015,1647,-28,12,14,-4,31,64,0,0,0,0,0,0,0,0,0,0,0,0,0,0,0,0,0,0,0,0,0,0,119758
1,1,1,1,102,-999,1647,-60,19,20,-7,35,62,0,0,0,0,0,0,0,0,0,0,0,0,0,0,0,0,0,0,0,0,0,0,119768
1,1,1,1,93,-999,1649,-76,14,23,-7,32,66,0,0,0,0,0,0,0,0,0,0,0,0,0,0,0,0,0,0,0,0,0,0,119778
1,1,1,1,81,-1006,1622,-60,21,14,-7,31,64,0,0,0,0,0,0,0,0,0,0,0,0,0,0,0,0,0,0,0,0,0,0,119788
1,1,1,1,86,-997,1604,-34,21,9,-7,31,65,0,0,0,0,0,0,0,0,0,0,0,0,0,0,0,0,0,0,0,0,0,0,119798
1,1,1,1,99,-1014,1591,-19,20,4,-6,31,68,0,0,0,0,0,0,0,0,0,0,0,0,0,0,0,0,0,0,0,0,0,0,119808
1,1,1,1,115,-1009,1583,-24,11,-1,-6,32,68,0,0,0,0,0,0,0,0,0,0,0,0,0,0,0,0,0,0,0,0,0,0,119818
1,1,1,1,123,-1000,1588,-18,17,1,-5,33,68,0,0,0,0,0,0,0,0,0,0,0,0,0,0,0,0,0,0,0,0,0,0,119828
1,1,1,1,126,-1000,1595,-20,15,2,-6,33,69,0,0,0,0,0,0,0,0,0,0,0,0,0,0,0,0,0,0,0,0,0,0,119838
1,1,1,1,121,-1005,1617,-27,17,8,-7,34,69,0,0,0,0,0,0,0,0,0,0,0,0,0,0,0,0,0,0,0,0,0,0,119848
1,1,1,1,101,-1004,1621,-36,22,13,-8,33,72,0,0,0,0,0,0,0,0,0,0,0,0,0,0,0,0,0,0,0,0,0,0,119858
1,1,1,1,94,-1017,1626,-42,24,17,-9,33,70,0,0,0,0,0,0,0,0,0,0,0,0,0,0,0,0,0,0,0,0,0,0,119868
1,1,1,1,90,-1020,1613,-41,23,25,-7,34,70,0,0,0,0,0,0,0,0,0,0,0,0,0,0,0,0,0,0,0,0,0,0,119878
1,1,1,1,86,-1026,1594,-22,14,19,-9,33,72,0,0,0,0,0,0,0,0,0,0,0,0,0,0,0,0,0,0,0,0,0,0,119888
1,1,1,1,93,-1025,1588,-8,7,14,-8,34,72,0,0,0,0,0,0,0,0,0,0,0,0,0,0,0,0,0,0,0,0,0,0,119898
1,1,1,1,105,-1019,1603,-2,8,22,-9,34,71,0,0,0,0,0,0,0,0,0,0,0,0,0,0,0,0,0,0,0,0,0,0,119908
1,1,1,1,100,-1039,1612,-15,5,23,-7,34,72,0,0,0,0,0,0,0,0,0,0,0,0,0,0,0,0,0,0,0,0,0,0,119918
1,1,1,1,102,-1036,1621,-37,4,16,-9,33,74,0,0,0,0,0,0,0,0,0,0,0,0,0,0,0,0,0,0,0,0,0,0,119928
1,1,1,1,113,-1015,1606,-42,-3,7,-9,34,72,0,0,0,0,0,0,0,0,0,0,0,0,0,0,0,0,0,0,0,0,0,0,119938
1,1,1,1,113,-994,1590,-16,-12,-2,-10,35,73,0,0,0,0,0,0,0,0,0,0,0,0,0,0,0,0,0,0,0,0,0,0,119948
1,1,1,1,116,-1000,1585,15,-10,-5,-10,33,72,0,0,0,0,0,0,0,0,0,0,0,0,0,0,0,0,0,0,0,0,0,0,119958
1,1,1,1,108,-1023,1589,16,-13,-1,-11,34,73,0,0,0,0,0,0,0,0,0,0,0,0,0,0,0,0,0,0,0,0,0,0,119969
1,1,1,1,111,-1036,1602,7,-17,4,-10,35,75,0,0,0,0,0,0,0,0,0,0,0,0,0,0,0,0,0,0,0,0,0,0,119978
1,1,1,1,106,-1026,1601,2,-14,7,-10,34,76,0,0,0,0,0,0,0,0,0,0,0,0,0,0,0,0,0,0,0,0,0,0,119988
1,1,1,1,106,-1026,1615,-1,-11,17,-10,35,76,0,0,0,0,0,0,0,0,0,0,0,0,0,0,0,0,0,0,0,0,0,0,119998
1,1,1,1,103,-1034,1620,-10,-18,18,-9,34,77,0,0,0,0,0,0,0,0,0,0,0,0,0,0,0,0,0,0,0,0,0,0,120008
1,1,1,1,102,-1036,1626,-22,-17,18,-10,34,77,0,0,0,0,0,0,0,0,0,0,0,0,0,0,0,0,0,0,0,0,0,0,120018
1,1,1,1,100,-1036,1620,-26,-4,14,-9,35,75,0,0,0,0,0,0,0,0,0,0,0,0,0,0,0,0,0,0,0,0,0,0,120028
1,1,1,1,99,-1023,1611,-20,1,9,-12,37,77,0,0,0,0,0,0,0,0,0,0,0,0,0,0,0,0,0,0,0,0,0,0,120038
1,1,1,1,104,-1017,1607,-10,-1,7,-9,33,75,0,0,0,0,0,0,0,0,0,0,0,0,0,0,0,0,0,0,0,0,0,0,120048
1,1,1,1,104,-1017,1607,-14,-6,4,-10,31,75,0,0,0,0,0,0,0,0,0,0,0,0,0,0,0,0,0,0,0,0,0,0,120058
1,1,1,1,101,-1021,1602,-11,-2,9,-13,37,78,0,0,0,0,0,0,0,0,0,0,0,0,0,0,0,0,0,0,0,0,0,0,120068
1,1,1,1,104,-1020,1603,-6,-3,8,-9,33,75,0,0,0,0,0,0,0,0,0,0,0,0,0,0,0,0,0,0,0,0,0,0,120078
1,1,1,1,108,-1017,1601,2,11,8,-8,32,75,0,0,0,0,0,0,0,0,0,0,0,0,0,0,0,0,0,0,0,0,0,0,120088
1,1,1,1,108,-1005,1603,11,9,8,-10,34,76,0,0,0,0,0,0,0,0,0,0,0,0,0,0,0,0,0,0,0,0,0,0,120098
1,1,1,1,111,-1011,1608,11,10,7,-11,35,77,0,0,0,0,0,0,0,0,0,0,0,0,0,0,0,0,0,0,0,0,0,0,120108
1,1,1,1,111,-1023,1614,3,9,6,-11,37,78,0,0,0,0,0,0,0,0,0,0,0,0,0,0,0,0,0,0,0,0,0,0,120119
1,1,1,1,101,-1019,1604,6,14,4,-9,35,77,0,0,0,0,0,0,0,0,0,0,0,0,0,0,0,0,0,0,0,0,0,0,120128
1,1,1,1,101,-1017,1606,14,15,3,-9,35,77,0,0,0,0,0,0,0,0,0,0,0,0,0,0,0,0,0,0,0,0,0,0,120138
1,1,1,1,96,-1025,1601,15,14,2,-9,35,76,0,0,0,0,0,0,0,0,0,0,0,0,0,0,0,0,0,0,0,0,0,0,120148
1,1,1,1,96,-1027,1608,6,17,4,-10,36,78,0,0,0,0,0,0,0,0,0,0,0,0,0,0,0,0,0,0,0,0,0,0,120158
1,1,1,1,99,-1034,1614,-2,22,8,-9,35,78,0,0,0,0,0,0,0,0,0,0,0,0,0,0,0,0,0,0,0,0,0,0,120168
1,1,1,1,94,-1023,1619,-15,21,12,-11,35,78,0,0,0,0,0,0,0,0,0,0,0,0,0,0,0,0,0,0,0,0,0,0,120178
1,1,1,1,98,-1029,1636,-24,24,11,-10,35,78,0,0,0,0,0,0,0,0,0,0,0,0,0,0,0,0,0,0,0,0,0,0,120188
1,1,1,1,95,-1034,1635,-40,32,10,-9,35,77,0,0,0,0,0,0,0,0,0,0,0,0,0,0,0,0,0,0,0,0,0,0,120198
1,1,1,1,100,-1018,1622,-43,32,2,-10,35,76,0,0,0,0,0,0,0,0,0,0,0,0,0,0,0,0,0,0,0,0,0,0,120208
1,1,1,1,103,-1000,1605,-18,30,-2,-10,34,79,0,0,0,0,0,0,0,0,0,0,0,0,0,0,0,0,0,0,0,0,0,0,120218
1,1,1,1,99,-1006,1597,4,26,-7,-11,35,79,0,0,0,0,0,0,0,0,0,0,0,0,0,0,0,0,0,0,0,0,0,0,120228
1,1,1,1,100,-1027,1592,4,31,-8,-10,34,77,0,0,0,0,0,0,0,0,0,0,0,0,0,0,0,0,0,0,0,0,0,0,120238
1,1,1,1,97,-1024,1587,6,31,-2,-12,35,78,0,0,0,0,0,0,0,0,0,0,0,0,0,0,0,0,0,0,0,0,0,0,120248
1,1,1,1,92,-1031,1591,7,17,2,-13,35,79,0,0,0,0,0,0,0,0,0,0,0,0,0,0,0,0,0,0,0,0,0,0,120258
1,1,1,1,87,-1046,1593,6,1,6,-11,35,79,0,0,0,0,0,0,0,0,0,0,0,0,0,0,0,0,0,0,0,0,0,0,120268
1,1,1,1,81,-1050,1600,6,-1,10,-10,34,80,0,0,0,0,0,0,0,0,0,0,0,0,0,0,0,0,0,0,0,0,0,0,120278
1,1,1,1,86,-1030,1595,17,-21,11,-11,35,80,0,0,0,0,0,0,0,0,0,0,0,0,0,0,0,0,0,0,0,0,0,0,120288
1,1,1,1,88,-1019,1588,39,-31,7,-11,35,80,0,0,0,0,0,0,0,0,0,0,0,0,0,0,0,0,0,0,0,0,0,0,120298
1,1,1,1,96,-1010,1583,63,-33,3,-11,35,80,0,0,0,0,0,0,0,0,0,0,0,0,0,0,0,0,0,0,0,0,0,0,120308
1,1,1,1,113,-1010,1599,82,-37,0,-11,34,80,0,0,0,0,0,0,0,0,0,0,0,0,0,0,0,0,0,0,0,0,0,0,120318
1,1,1,1,121,-990,1601,105,-36,1,-10,34,81,0,0,0,0,0,0,0,0,0,0,0,0,0,0,0,0,0,0,0,0,0,0,120328
1,1,1,1,116,-972,1609,129,-28,5,-11,35,79,0,0,0,0,0,0,0,0,0,0,0,0,0,0,0,0,0,0,0,0,0,0,120338
1,1,1,1,106,-1032,1632,82,-17,-2,-12,33,81,0,0,0,0,0,0,0,0,0,0,0,0,0,0,0,0,0,0,0,0,0,0,120348
1,1,1,1,97,-1029,1637,44,-1,-4,-11,37,81,0,0,0,0,0,0,0,0,0,0,0,0,0,0,0,0,0,0,0,0,0,0,120358
1,1,1,1,89,-1009,1633,40,9,-6,-13,37,81,0,0,0,0,0,0,0,0,0,0,0,0,0,0,0,0,0,0,0,0,0,0,120368
1,1,1,1,89,-1006,1621,56,15,-6,-13,35,80,0,0,0,0,0,0,0,0,0,0,0,0,0,0,0,0,0,0,0,0,0,0,120378
1,1,1,1,90,-990,1614,96,7,1,-14,35,83,0,0,0,0,0,0,0,0,0,0,0,0,0,0,0,0,0,0,0,0,0,0,120388
1,1,1,1,88,-1027,1591,158,4,10,-13,37,80,0,0,0,0,0,0,0,0,0,0,0,0,0,0,0,0,0,0,0,0,0,0,120408
1,1,1,1,85,-1038,1579,165,1,10,-12,34,82,0,0,0,0,0,0,0,0,0,0,0,0,0,0,0,0,0,0,0,0,0,0,120418
1,1,1,1,95,-1014,1569,185,-5,9,-11,33,82,0,0,0,0,0,0,0,0,0,0,0,0,0,0,0,0,0,0,0,0,0,0,120428
1,1,1,1,106,-982,1567,243,-19,5,-9,35,82,0,0,0,0,0,0,0,0,0,0,0,0,0,0,0,0,0,0,0,0,0,0,120438
1,1,1,1,103,-939,1561,297,-26,3,-10,35,83,0,0,0,0,0,0,0,0,0,0,0,0,0,0,0,0,0,0,0,0,0,0,120448
1,1,1,1,113,-934,1579,385,-35,-1,-9,35,81,0,0,0,0,0,0,0,0,0,0,0,0,0,0,0,0,0,0,0,0,0,0,120458
1,1,1,1,105,-943,1598,456,-45,-12,-10,36,81,0,0,0,0,0,0,0,0,0,0,0,0,0,0,0,0,0,0,0,0,0,0,120468
1,1,1,1,96,-941,1597,510,-47,-18,-8,35,78,0,0,0,0,0,0,0,0,0,0,0,0,0,0,0,0,0,0,0,0,0,0,120478
1,1,1,1,91,-909,1573,607,-60,-40,-5,35,77,0,0,0,0,0,0,0,0,0,0,0,0,0,0,0,0,0,0,0,0,0,0,120488
1,1,1,1,86,-883,1549,771,-83,-89,-4,35,75,0,0,0,0,0,0,0,0,0,0,0,0,0,0,0,0,0,0,0,0,0,0,120498
1,1,1,1,69,-824,1512,1001,-109,-156,-1,35,71,0,0,0,0,0,0,0,0,0,0,0,0,0,0,0,0,0,0,0,0,0,0,120508
1,1,1,1,106,-701,1507,1292,-135,-199,1,35,67,0,0,0,0,0,0,0,0,0,0,0,0,0,0,0,0,0,0,0,0,0,0,120518
1,1,1,1,175,-654,1583,1526,-164,-199,0,34,63,0,0,0,0,0,0,0,0,0,0,0,0,0,0,0,0,0,0,0,0,0,0,120528
1,1,1,1,199,-688,1654,1578,-149,-139,2,34,62,0,0,0,0,0,0,0,0,0,0,0,0,0,0,0,0,0,0,0,0,0,0,120538
1,1,1,1,174,-810,1723,1508,-129,-85,2,35,61,0,0,0,0,0,0,0,0,0,0,0,0,0,0,0,0,0,0,0,0,0,0,120548
1,1,1,1,87,-904,1730,1405,-123,-68,3,35,57,0,0,0,0,0,0,0,0,0,0,0,0,0,0,0,0,0,0,0,0,0,0,120558
1,1,1,1,70,-912,1738,1272,-112,-47,3,35,52,0,0,0,0,0,0,0,0,0,0,0,0,0,0,0,0,0,0,0,0,0,0,120568
1,1,1,1,68,-909,1749,1161,-120,-49,3,35,50,0,0,0,0,0,0,0,0,0,0,0,0,0,0,0,0,0,0,0,0,0,0,120578
1,1,1,1,91,-823,1681,1091,-113,-41,4,34,51,0,0,0,0,0,0,0,0,0,0,0,0,0,0,0,0,0,0,0,0,0,0,120588
1,1,1,1,117,-723,1621,1120,-129,-52,5,33,47,0,0,0,0,0,0,0,0,0,0,0,0,0,0,0,0,0,0,0,0,0,0,120598
1,1,1,1,120,-591,1552,1295,-168,-90,9,32,46,0,0,0,0,0,0,0,0,0,0,0,0,0,0,0,0,0,0,0,0,0,0,120608
1,1,1,1,150,-415,1483,1683,-190,-144,16,31,44,0,0,0,0,0,0,0,0,0,0,0,0,0,0,0,0,0,0,0,0,0,0,120618
1,1,1,1,142,-123,1431,2422,-215,-216,4,29,39,0,0,0,0,0,0,0,0,0,0,0,0,0,0,0,0,0,0,0,0,0,0,120628
1,1,1,1,138,-310,1415,2568,-215,-211,9,29,36,0,0,0,0,0,0,0,0,0,0,0,0,0,0,0,0,0,0,0,0,0,0,120638
1,1,1,1,317,-265,1654,2350,-212,-104,12,29,33,0,0,0,0,0,0,0,0,0,0,0,0,0,0,0,0,0,0,0,0,0,0,120648
1,1,1,1,188,-211,1574,2507,-130,-99,9,33,33,0,0,0,0,0,0,0,0,0,0,0,0,0,0,0,0,0,0,0,0,0,0,120658
1,1,1,1,209,-292,1585,2437,-49,-79,9,31,31,0,0,0,0,0,0,0,0,0,0,0,0,0,0,0,0,0,0,0,0,0,0,120668
1,1,1,1,134,-372,1598,2233,72,-50,6,30,34,0,0,0,0,0,0,0,0,0,0,0,0,0,0,0,0,0,0,0,0,0,0,120678
1,1,1,1,100,-389,1654,1902,156,-6,9,25,30,0,0,0,0,0,0,0,0,0,0,0,0,0,0,0,0,0,0,0,0,0,0,120688
1,1,1,1,129,-253,1750,1657,124,71,10,27,29,0,0,0,0,0,0,0,0,0,0,0,0,0,0,0,0,0,0,0,0,0,0,120698
1,1,1,1,265,-161,1894,1689,-74,79,8,30,27,0,0,0,0,0,0,0,0,0,0,0,0,0,0,0,0,0,0,0,0,0,0,120708
1,1,1,1,254,-113,1906,1881,-275,41,13,29,31,0,0,0,0,0,0,0,0,0,0,0,0,0,0,0,0,0,0,0,0,0,0,120718
1,1,1,1,122,-91,1704,2228,-333,-68,8,28,32,0,0,0,0,0,0,0,0,0,0,0,0,0,0,0,0,0,0,0,0,0,0,120728
1,1,1,1,110,-27,1688,2111,-312,-21,10,26,30,0,0,0,0,0,0,0,0,0,0,0,0,0,0,0,0,0,0,0,0,0,0,120738
1,1,1,1,187,1,1661,2008,-250,41,12,27,29,0,0,0,0,0,0,0,0,0,0,0,0,0,0,0,0,0,0,0,0,0,0,120748
1,1,1,1,209,-20,1803,1991,-255,46,17,25,34,0,0,0,0,0,0,0,0,0,0,0,0,0,0,0,0,0,0,0,0,0,0,120758
1,1,1,1,135,-52,1616,2093,-191,-5,8,27,27,0,0,0,0,0,0,0,0,0,0,0,0,0,0,0,0,0,0,0,0,0,0,120768
1,1,1,1,320,102,1922,1653,-193,95,5,27,32,0,0,0,0,0,0,0,0,0,0,0,0,0,0,0,0,0,0,0,0,0,0,120778
1,1,1,1,139,-41,1784,1480,-136,75,7,27,30,0,0,0,0,0,0,0,0,0,0,0,0,0,0,0,0,0,0,0,0,0,0,120788
1,1,1,1,138,114,1711,1350,-121,46,6,26,33,0,0,0,0,0,0,0,0,0,0,0,0,0,0,0,0,0,0,0,0,0,0,120798
1,1,1,1,152,177,1611,1193,-113,37,7,25,34,0,0,0,0,0,0,0,0,0,0,0,0,0,0,0,0,0,0,0,0,0,0,120808
1,1,1,1,185,278,1595,1203,-97,45,8,26,32,0,0,0,0,0,0,0,0,0,0,0,0,0,0,0,0,0,0,0,0,0,0,120818
1,1,1,1,272,314,1600,1244,-79,83,8,26,35,0,0,0,0,0,0,0,0,0,0,0,0,0,0,0,0,0,0,0,0,0,0,120828
1,1,1,1,213,253,1610,1218,-56,117,7,26,34,0,0,0,0,0,0,0,0,0,0,0,0,0,0,0,0,0,0,0,0,0,0,120838
1,1,1,1,235,203,1597,1209,-56,103,4,26,34,0,0,0,0,0,0,0,0,0,0,0,0,0,0,0,0,0,0,0,0,0,0,120848
1,1,1,1,185,180,1579,1261,-36,73,9,26,37,0,0,0,0,0,0,0,0,0,0,0,0,0,0,0,0,0,0,0,0,0,0,120858
1,1,1,1,243,239,1584,1542,-32,26,-2,24,34,0,0,0,0,0,0,0,0,0,0,0,0,0,0,0,0,0,0,0,0,0,0,120868
1,1,1,1,395,571,1615,1227,-32,105,4,26,41,0,0,0,0,0,0,0,0,0,0,0,0,0,0,0,0,0,0,0,0,0,0,120878
1,1,1,1,184,427,1424,1258,-18,61,4,26,38,0,0,0,0,0,0,0,0,0,0,0,0,0,0,0,0,0,0,0,0,0,0,120888
1,1,1,1,127,418,1421,1493,-31,18,9,26,39,0,0,0,0,0,0,0,0,0,0,0,0,0,0,0,0,0,0,0,0,0,0,120899
1,1,1,1,220,633,1246,1637,-44,25,23,28,34,0,0,0,0,0,0,0,0,0,0,0,0,0,0,0,0,0,0,0,0,0,0,120908
1,1,1,1,186,850,1047,3709,-276,-67,37,27,47,0,0,0,0,0,0,0,0,0,0,0,0,0,0,0,0,0,0,0,0,0,0,120918
1,1,1,1,401,745,973,8080,-852,-384,-2,14,10,0,0,0,0,0,0,0,0,0,0,0,0,0,0,0,0,0,0,0,0,0,0,120928
1,1,1,1,657,1120,1963,6060,-535,-462,-10,9,9,0,0,0,0,0,0,0,0,0,0,0,0,0,0,0,0,0,0,0,0,0,0,120938
1,1,1,1,92,1035,792,3034,-75,107,-1,15,24,0,0,0,0,0,0,0,0,0,0,0,0,0,0,0,0,0,0,0,0,0,0,120948
1,1,1,1,285,826,941,2548,82,154,13,16,13,0,0,0,0,0,0,0,0,0,0,0,0,0,0,0,0,0,0,0,0,0,0,120959
1,1,1,1,329,957,1395,2883,-124,90,8,19,25,0,0,0,0,0,0,0,0,0,0,0,0,0,0,0,0,0,0,0,0,0,0,120968
1,1,1,1,232,805,1291,2640,-173,-48,3,16,21,0,0,0,0,0,0,0,0,0,0,0,0,0,0,0,0,0,0,0,0,0,0,120978
1,1,1,1,194,850,1205,1875,-77,17,4,12,14,0,0,0,0,0,0,0,0,0,0,0,0,0,0,0,0,0,0,0,0,0,0,120988
1,1,1,1,186,968,1151,1409,-7,51,3,20,18,0,0,0,0,0,0,0,0,0,0,0,0,0,0,0,0,0,0,0,0,0,0,120998
1,1,1,1,193,1021,1092,1370,-3,29,4,19,20,0,0,0,0,0,0,0,0,0,0,0,0,0,0,0,0,0,0,0,0,0,0,121008
1,1,1,1,164,1026,1048,1344,19,16,6,18,18,0,0,0,0,0,0,0,0,0,0,0,0,0,0,0,0,0,0,0,0,0,0,121018
1,1,1,1,147,1081,1032,1251,42,26,9,17,17,0,0,0,0,0,0,0,0,0,0,0,0,0,0,0,0,0,0,0,0,0,0,121028
1,1,1,1,178,1073,1008,1149,73,42,7,18,16,0,0,0,0,0,0,0,0,0,0,0,0,0,0,0,0,0,0,0,0,0,0,121038
1,1,1,1,186,1059,982,980,109,69,6,19,13,0,0,0,0,0,0,0,0,0,0,0,0,0,0,0,0,0,0,0,0,0,0,121048
1,1,1,1,195,1051,910,885,121,74,8,20,19,0,0,0,0,0,0,0,0,0,0,0,0,0,0,0,0,0,0,0,0,0,0,121058
1,1,1,1,214,1041,890,867,81,39,6,20,22,0,0,0,0,0,0,0,0,0,0,0,0,0,0,0,0,0,0,0,0,0,0,121068
1,1,1,1,221,1048,839,873,52,-1,7,19,20,0,0,0,0,0,0,0,0,0,0,0,0,0,0,0,0,0,0,0,0,0,0,121078
1,1,1,1,236,1111,810,781,69,16,7,20,16,0,0,0,0,0,0,0,0,0,0,0,0,0,0,0,0,0,0,0,0,0,0,121088
1,1,1,1,268,1192,804,823,42,3,9,19,20,0,0,0,0,0,0,0,0,0,0,0,0,0,0,0,0,0,0,0,0,0,0,121098
1,1,1,1,282,1240,772,973,27,-3,10,20,19,0,0,0,0,0,0,0,0,0,0,0,0,0,0,0,0,0,0,0,0,0,0,121109
1,1,1,1,295,1263,716,1081,5,4,10,19,21,0,0,0,0,0,0,0,0,0,0,0,0,0,0,0,0,0,0,0,0,0,0,121119
1,1,1,1,273,1277,681,1248,-27,-3,12,19,14,0,0,0,0,0,0,0,0,0,0,0,0,0,0,0,0,0,0,0,0,0,0,121129
1,1,1,1,231,1266,614,1457,-34,-9,10,19,20,0,0,0,0,0,0,0,0,0,0,0,0,0,0,0,0,0,0,0,0,0,0,121139
1,1,1,1,216,1270,579,1601,-64,-8,11,19,16,0,0,0,0,0,0,0,0,0,0,0,0,0,0,0,0,0,0,0,0,0,0,121149
1,1,1,1,213,1319,583,1761,-94,-11,13,18,16,0,0,0,0,0,0,0,0,0,0,0,0,0,0,0,0,0,0,0,0,0,0,121159
1,1,1,1,231,1343,576,1861,-93,-8,9,18,13,0,0,0,0,0,0,0,0,0,0,0,0,0,0,0,0,0,0,0,0,0,0,121169
1,1,1,1,307,1344,622,1818,-93,12,8,18,19,0,0,0,0,0,0,0,0,0,0,0,0,0,0,0,0,0,0,0,0,0,0,121179
1,1,1,1,297,1301,626,1762,-83,-5,11,18,13,0,0,0,0,0,0,0,0,0,0,0,0,0,0,0,0,0,0,0,0,0,0,121189
1,1,1,1,282,1288,628,1634,-96,-24,9,18,15,0,0,0,0,0,0,0,0,0,0,0,0,0,0,0,0,0,0,0,0,0,0,121199
1,1,1,1,306,1356,524,1439,-58,-38,7,17,18,0,0,0,0,0,0,0,0,0,0,0,0,0,0,0,0,0,0,0,0,0,0,121219
1,1,1,1,322,1407,486,1371,-47,-20,7,18,12,0,0,0,0,0,0,0,0,0,0,0,0,0,0,0,0,0,0,0,0,0,0,121229
1,1,1,1,315,1408,425,1383,-22,5,4,17,13,0,0,0,0,0,0,0,0,0,0,0,0,0,0,0,0,0,0,0,0,0,0,121239
1,1,1,1,264,1381,335,1394,-22,33,5,17,12,0,0,0,0,0,0,0,0,0,0,0,0,0,0,0,0,0,0,0,0,0,0,121249
1,1,1,1,240,1361,245,1406,-44,54,8,18,11,0,0,0,0,0,0,0,0,0,0,0,0,0,0,0,0,0,0,0,0,0,0,121259
1,1,1,1,254,1387,241,1439,-67,69,10,18,10,0,0,0,0,0,0,0,0,0,0,0,0,0,0,0,0,0,0,0,0,0,0,121269
1,1,1,1,237,1402,212,1467,-26,87,5,21,9,0,0,0,0,0,0,0,0,0,0,0,0,0,0,0,0,0,0,0,0,0,0,121279
1,1,1,1,260,1412,214,1313,36,121,9,16,12,0,0,0,0,0,0,0,0,0,0,0,0,0,0,0,0,0,0,0,0,0,0,121289
1,1,1,1,262,1440,254,1198,99,138,9,17,13,0,0,0,0,0,0,0,0,0,0,0,0,0,0,0,0,0,0,0,0,0,0,121299
1,1,1,1,223,1442,280,1133,147,139,5,20,6,0,0,0,0,0,0,0,0,0,0,0,0,0,0,0,0,0,0,0,0,0,0,121309
1,1,1,1,238,1446,319,944,163,160,9,18,9,0,0,0,0,0,0,0,0,0,0,0,0,0,0,0,0,0,0,0,0,0,0,121319
1,1,1,1,257,1459,389,783,138,146,8,19,13,0,0,0,0,0,0,0,0,0,0,0,0,0,0,0,0,0,0,0,0,0,0,121329
1,1,1,1,266,1475,402,606,118,148,9,19,10,0,0,0,0,0,0,0,0,0,0,0,0,0,0,0,0,0,0,0,0,0,0,121339
1,1,1,1,249,1491,319,510,105,128,6,20,12,0,0,0,0,0,0,0,0,0,0,0,0,0,0,0,0,0,0,0,0,0,0,121349
1,1,1,1,229,1475,201,507,103,102,7,19,17,0,0,0,0,0,0,0,0,0,0,0,0,0,0,0,0,0,0,0,0,0,0,121359
1,1,1,1,215,1489,131,593,80,79,7,18,17,0,0,0,0,0,0,0,0,0,0,0,0,0,0,0,0,0,0,0,0,0,0,121369
1,1,1,1,225,1479,73,777,32,23,5,18,22,0,0,0,0,0,0,0,0,0,0,0,0,0,0,0,0,0,0,0,0,0,0,121379
1,1,1,1,252,1455,79,855,-5,-7,6,18,21,0,0,0,0,0,0,0,0,0,0,0,0,0,0,0,0,0,0,0,0,0,0,121389
1,1,1,1,273,1469,103,908,-33,-31,4,19,19,0,0,0,0,0,0,0,0,0,0,0,0,0,0,0,0,0,0,0,0,0,0,121399
1,1,1,1,302,1505,93,853,-31,-35,2,18,19,0,0,0,0,0,0,0,0,0,0,0,0,0,0,0,0,0,0,0,0,0,0,121409
1,1,1,1,337,1551,97,778,-21,-26,3,18,23,0,0,0,0,0,0,0,0,0,0,0,0,0,0,0,0,0,0,0,0,0,0,121419
1,1,1,1,325,1570,56,747,-17,-25,2,17,28,0,0,0,0,0,0,0,0,0,0,0,0,0,0,0,0,0,0,0,0,0,0,121429
1,1,1,1,313,1582,12,746,-20,-15,1,18,24,0,0,0,0,0,0,0,0,0,0,0,0,0,0,0,0,0,0,0,0,0,0,121439
1,1,1,1,303,1600,-62,824,-24,-1,2,18,30,0,0,0,0,0,0,0,0,0,0,0,0,0,0,0,0,0,0,0,0,0,0,121449
1,1,1,1,287,1575,-76,981,-43,-5,0,18,29,0,0,0,0,0,0,0,0,0,0,0,0,0,0,0,0,0,0,0,0,0,0,121459
1,1,1,1,299,1523,-103,1040,-41,-14,0,18,32,0,0,0,0,0,0,0,0,0,0,0,0,0,0,0,0,0,0,0,0,0,0,121469
1,1,1,1,328,1518,-75,1036,-50,-8,0,19,32,0,0,0,0,0,0,0,0,0,0,0,0,0,0,0,0,0,0,0,0,0,0,121479
1,1,1,1,345,1533,-73,1028,-54,-1,0,20,32,0,0,0,0,0,0,0,0,0,0,0,0,0,0,0,0,0,0,0,0,0,0,121489
1,1,1,1,386,1540,-83,967,-68,49,1,19,35,0,0,0,0,0,0,0,0,0,0,0,0,0,0,0,0,0,0,0,0,0,0,121499
1,1,1,1,384,1567,-144,965,-72,79,0,20,33,0,0,0,0,0,0,0,0,0,0,0,0,0,0,0,0,0,0,0,0,0,0,121509
1,1,1,1,291,1458,-286,897,-13,60,4,21,35,0,0,0,0,0,0,0,0,0,0,0,0,0,0,0,0,0,0,0,0,0,0,121519
1,1,1,1,272,1511,-191,860,-56,79,2,22,33,0,0,0,0,0,0,0,0,0,0,0,0,0,0,0,0,0,0,0,0,0,0,121529
1,1,1,1,239,1508,-180,935,-61,56,3,22,32,0,0,0,0,0,0,0,0,0,0,0,0,0,0,0,0,0,0,0,0,0,0,121539
1,1,1,1,207,1491,-135,886,-46,55,1,25,32,0,0,0,0,0,0,0,0,0,0,0,0,0,0,0,0,0,0,0,0,0,0,121549
1,1,1,1,231,1515,-78,769,-30,44,0,24,32,0,0,0,0,0,0,0,0,0,0,0,0,0,0,0,0,0,0,0,0,0,0,121559
1,1,1,1,250,1533,-62,644,-6,42,1,22,34,0,0,0,0,0,0,0,0,0,0,0,0,0,0,0,0,0,0,0,0,0,0,121569
1,1,1,1,234,1522,-142,514,32,36,0,23,35,0,0,0,0,0,0,0,0,0,0,0,0,0,0,0,0,0,0,0,0,0,0,121579
1,1,1,1,220,1525,-217,479,40,18,1,23,38,0,0,0,0,0,0,0,0,0,0,0,0,0,0,0,0,0,0,0,0,0,0,121589
1,1,1,1,242,1546,-285,532,36,14,-1,26,39,0,0,0,0,0,0,0,0,0,0,0,0,0,0,0,0,0,0,0,0,0,0,121599
1,1,1,1,263,1553,-330,609,36,21,-2,24,36,0,0,0,0,0,0,0,0,0,0,0,0,0,0,0,0,0,0,0,0,0,0,121609
1,1,1,1,297,1558,-317,665,36,39,0,26,39,0,0,0,0,0,0,0,0,0,0,0,0,0,0,0,0,0,0,0,0,0,0,121619
1,1,1,1,325,1535,-290,668,35,55,0,24,40,0,0,0,0,0,0,0,0,0,0,0,0,0,0,0,0,0,0,0,0,0,0,121629
1,1,1,1,306,1510,-277,599,35,55,1,24,41,0,0,0,0,0,0,0,0,0,0,0,0,0,0,0,0,0,0,0,0,0,0,121639
1,1,1,1,277,1485,-282,534,39,27,-1,25,41,0,0,0,0,0,0,0,0,0,0,0,0,0,0,0,0,0,0,0,0,0,0,121649
1,1,1,1,260,1510,-295,493,33,15,-2,24,42,0,0,0,0,0,0,0,0,0,0,0,0,0,0,0,0,0,0,0,0,0,0,121659
1,1,1,1,287,1569,-320,440,29,11,-2,24,42,0,0,0,0,0,0,0,0,0,0,0,0,0,0,0,0,0,0,0,0,0,0,121669
1,1,1,1,267,1595,-336,419,43,6,-4,24,46,0,0,0,0,0,0,0,0,0,0,0,0,0,0,0,0,0,0,0,0,0,0,121679
1,1,1,1,258,1588,-333,411,53,0,-8,24,48,0,0,0,0,0,0,0,0,0,0,0,0,0,0,0,0,0,0,0,0,0,0,121689
1,1,1,1,277,1587,-356,422,57,-1,-7,24,48,0,0,0,0,0,0,0,0,0,0,0,0,0,0,0,0,0,0,0,0,0,0,121699
1,1,1,1,281,1554,-398,430,60,-2,-9,24,51,0,0,0,0,0,0,0,0,0,0,0,0,0,0,0,0,0,0,0,0,0,0,121709
1,1,1,1,318,1520,-424,375,60,6,-8,25,51,0,0,0,0,0,0,0,0,0,0,0,0,0,0,0,0,0,0,0,0,0,0,121719
1,1,1,1,360,1485,-432,295,60,7,-10,26,51,0,0,0,0,0,0,0,0,0,0,0,0,0,0,0,0,0,0,0,0,0,0,121729
1,1,1,1,370,1478,-421,151,70,15,-9,25,53,0,0,0,0,0,0,0,0,0,0,0,0,0,0,0,0,0,0,0,0,0,0,121739
1,1,1,1,386,1534,-403,67,66,36,-11,26,52,0,0,0,0,0,0,0,0,0,0,0,0,0,0,0,0,0,0,0,0,0,0,121749
1,1,1,1,337,1544,-453,78,71,47,-8,25,52,0,0,0,0,0,0,0,0,0,0,0,0,0,0,0,0,0,0,0,0,0,0,121759
1,1,1,1,283,1544,-477,125,68,52,-8,26,54,0,0,0,0,0,0,0,0,0,0,0,0,0,0,0,0,0,0,0,0,0,0,121769
1,1,1,1,287,1565,-435,194,65,62,-9,27,54,0,0,0,0,0,0,0,0,0,0,0,0,0,0,0,0,0,0,0,0,0,0,121779
1,1,1,1,279,1552,-398,216,56,57,-8,27,56,0,0,0,0,0,0,0,0,0,0,0,0,0,0,0,0,0,0,0,0,0,0,121789
1,1,1,1,274,1552,-381,221,53,57,-8,27,57,0,0,0,0,0,0,0,0,0,0,0,0,0,0,0,0,0,0,0,0,0,0,121799
1,1,1,1,277,1562,-423,218,62,55,-7,26,55,0,0,0,0,0,0,0,0,0,0,0,0,0,0,0,0,0,0,0,0,0,0,121809
1,1,1,1,301,1570,-455,202,66,56,-7,27,55,0,0,0,0,0,0,0,0,0,0,0,0,0,0,0,0,0,0,0,0,0,0,121819
1,1,1,1,303,1569,-431,191,63,54,-8,27,57,0,0,0,0,0,0,0,0,0,0,0,0,0,0,0,0,0,0,0,0,0,0,121829
1,1,1,1,266,1578,-432,165,66,50,-10,27,56,0,0,0,0,0,0,0,0,0,0,0,0,0,0,0,0,0,0,0,0,0,0,121839
1,1,1,1,250,1590,-425,164,58,36,-13,29,59,0,0,0,0,0,0,0,0,0,0,0,0,0,0,0,0,0,0,0,0,0,0,121849
1,1,1,1,246,1602,-400,166,53,23,-12,28,62,0,0,0,0,0,0,0,0,0,0,0,0,0,0,0,0,0,0,0,0,0,0,121859
1,1,1,1,251,1578,-394,152,61,12,-9,26,59,0,0,0,0,0,0,0,0,0,0,0,0,0,0,0,0,0,0,0,0,0,0,121869
1,1,1,1,260,1545,-422,157,54,-6,-12,30,65,0,0,0,0,0,0,0,0,0,0,0,0,0,0,0,0,0,0,0,0,0,0,121879
1,1,1,1,272,1539,-472,177,32,-27,-14,29,66,0,0,0,0,0,0,0,0,0,0,0,0,0,0,0,0,0,0,0,0,0,0,121889
1,1,1,1,284,1546,-527,230,25,-37,-14,28,67,0,0,0,0,0,0,0,0,0,0,0,0,0,0,0,0,0,0,0,0,0,0,121899
1,1,1,1,324,1570,-551,303,23,-25,-13,26,69,0,0,0,0,0,0,0,0,0,0,0,0,0,0,0,0,0,0,0,0,0,0,121909
1,1,1,1,350,1552,-531,335,26,-16,-17,30,73,0,0,0,0,0,0,0,0,0,0,0,0,0,0,0,0,0,0,0,0,0,0,121919
1,1,1,1,349,1516,-495,285,26,-13,-14,27,73,0,0,0,0,0,0,0,0,0,0,0,0,0,0,0,0,0,0,0,0,0,0,121929
1,1,1,1,360,1519,-460,200,46,-7,-12,28,69,0,0,0,0,0,0,0,0,0,0,0,0,0,0,0,0,0,0,0,0,0,0,121939
1,1,1,1,355,1520,-457,107,45,-5,-13,27,72,0,0,0,0,0,0,0,0,0,0,0,0,0,0,0,0,0,0,0,0,0,0,121949
1,1,1,1,328,1525,-476,67,35,-10,-12,27,73,0,0,0,0,0,0,0,0,0,0,0,0,0,0,0,0,0,0,0,0,0,0,121959
1,1,1,1,310,1532,-505,73,19,-21,-14,28,77,0,0,0,0,0,0,0,0,0,0,0,0,0,0,0,0,0,0,0,0,0,0,121969
1,1,1,1,289,1538,-528,107,4,-31,-14,29,78,0,0,0,0,0,0,0,0,0,0,0,0,0,0,0,0,0,0,0,0,0,0,121979
1,1,1,1,285,1532,-526,132,-7,-45,-16,29,76,0,0,0,0,0,0,0,0,0,0,0,0,0,0,0,0,0,0,0,0,0,0,121989
1,1,1,1,294,1563,-511,139,-17,-45,-15,28,79,0,0,0,0,0,0,0,0,0,0,0,0,0,0,0,0,0,0,0,0,0,0,121999
1,1,1,1,299,1558,-523,167,-33,-44,-16,29,82,0,0,0,0,0,0,0,0,0,0,0,0,0,0,0,0,0,0,0,0,0,0,122009
1,1,1,1,282,1530,-526,166,-18,-41,-18,28,79,0,0,0,0,0,0,0,0,0,0,0,0,0,0,0,0,0,0,0,0,0,0,122019
1,1,1,1,313,1522,-508,149,-35,-47,-18,29,83,0,0,0,0,0,0,0,0,0,0,0,0,0,0,0,0,0,0,0,0,0,0,122029
1,1,1,1,295,1488,-470,67,-58,-68,-19,30,84,0,0,0,0,0,0,0,0,0,0,0,0,0,0,0,0,0,0,0,0,0,0,122039
1,1,1,1,283,1487,-481,10,-87,-97,-20,30,83,0,0,0,0,0,0,0,0,0,0,0,0,0,0,0,0,0,0,0,0,0,0,122049
1,1,1,1,291,1560,-526,-12,-107,-89,-22,29,84,0,0,0,0,0,0,0,0,0,0,0,0,0,0,0,0,0,0,0,0,0,0,122059
1,1,1,1,320,1594,-615,32,-65,-67,-21,31,85,0,0,0,0,0,0,0,0,0,0,0,0,0,0,0,0,0,0,0,0,0,0,122069
1,1,1,1,286,1589,-613,71,-24,-43,-23,31,87,0,0,0,0,0,0,0,0,0,0,0,0,0,0,0,0,0,0,0,0,0,0,122079
1,1,1,1,304,1572,-549,147,-53,-32,-22,30,84,0,0,0,0,0,0,0,0,0,0,0,0,0,0,0,0,0,0,0,0,0,0,122089
1,1,1,1,251,1518,-545,98,-25,-31,-20,31,87,0,0,0,0,0,0,0,0,0,0,0,0,0,0,0,0,0,0,0,0,0,0,122099
1,1,1,1,281,1553,-528,40,-15,-20,-19,30,84,0,0,0,0,0,0,0,0,0,0,0,0,0,0,0,0,0,0,0,0,0,0,122109
1,1,1,1,274,1557,-538,51,-21,-15,-17,30,84,0,0,0,0,0,0,0,0,0,0,0,0,0,0,0,0,0,0,0,0,0,0,122119
1,1,1,1,247,1537,-572,57,-14,-18,-19,31,86,0,0,0,0,0,0,0,0,0,0,0,0,0,0,0,0,0,0,0,0,0,0,122129
1,1,1,1,285,1563,-580,42,-8,-11,-18,30,82,0,0,0,0,0,0,0,0,0,0,0,0,0,0,0,0,0,0,0,0,0,0,122139
1,1,1,1,286,1568,-560,21,6,0,-18,31,83,0,0,0,0,0,0,0,0,0,0,0,0,0,0,0,0,0,0,0,0,0,0,122149
1,1,1,1,271,1547,-533,-20,14,-1,-18,35,81,0,0,0,0,0,0,0,0,0,0,0,0,0,0,0,0,0,0,0,0,0,0,122159
1,1,1,1,272,1547,-509,-79,15,-6,-16,32,81,0,0,0,0,0,0,0,0,0,0,0,0,0,0,0,0,0,0,0,0,0,0,122169
1,1,1,1,274,1564,-496,-120,16,-9,-17,32,80,0,0,0,0,0,0,0,0,0,0,0,0,0,0,0,0,0,0,0,0,0,0,122179
1,1,1,1,265,1574,-515,-118,14,-8,-15,31,80,0,0,0,0,0,0,0,0,0,0,0,0,0,0,0,0,0,0,0,0,0,0,122189
1,1,1,1,270,1573,-546,-70,8,-5,-19,33,82,0,0,0,0,0,0,0,0,0,0,0,0,0,0,0,0,0,0,0,0,0,0,122199
1,1,1,1,279,1562,-560,-10,-8,-6,-17,32,83,0,0,0,0,0,0,0,0,0,0,0,0,0,0,0,0,0,0,0,0,0,0,122209
1,1,1,1,288,1554,-541,12,-19,-7,-18,34,83,0,0,0,0,0,0,0,0,0,0,0,0,0,0,0,0,0,0,0,0,0,0,122219
1,1,1,1,293,1550,-508,-9,-12,-5,-16,32,80,0,0,0,0,0,0,0,0,0,0,0,0,0,0,0,0,0,0,0,0,0,0,122229
1,1,1,1,296,1545,-488,-39,-17,-7,-17,33,81,0,0,0,0,0,0,0,0,0,0,0,0,0,0,0,0,0,0,0,0,0,0,122239
1,1,1,1,286,1539,-502,-58,-26,-16,-16,34,81,0,0,0,0,0,0,0,0,0,0,0,0,0,0,0,0,0,0,0,0,0,0,122249
1,1,1,1,277,1547,-530,-48,-22,-18,-17,32,82,0,0,0,0,0,0,0,0,0,0,0,0,0,0,0,0,0,0,0,0,0,0,122259
1,1,1,1,277,1554,-539,-21,-19,-17,-16,32,82,0,0,0,0,0,0,0,0,0,0,0,0,0,0,0,0,0,0,0,0,0,0,122269
1,1,1,1,281,1563,-531,0,-16,-15,-16,31,84,0,0,0,0,0,0,0,0,0,0,0,0,0,0,0,0,0,0,0,0,0,0,122279
1,1,1,1,278,1559,-511,10,-13,-10,-18,32,80,0,0,0,0,0,0,0,0,0,0,0,0,0,0,0,0,0,0,0,0,0,0,122289
1,1,1,1,272,1551,-503,21,-3,-8,-17,32,81,0,0,0,0,0,0,0,0,0,0,0,0,0,0,0,0,0,0,0,0,0,0,122299
1,1,1,1,281,1562,-491,27,9,-3,-18,32,81,0,0,0,0,0,0,0,0,0,0,0,0,0,0,0,0,0,0,0,0,0,0,122309
1,1,1,1,269,1545,-494,12,15,0,-18,32,83,0,0,0,0,0,0,0,0,0,0,0,0,0,0,0,0,0,0,0,0,0,0,122319
1,1,1,1,262,1538,-488,4,15,-5,-18,32,82,0,0,0,0,0,0,0,0,0,0,0,0,0,0,0,0,0,0,0,0,0,0,122329
1,1,1,1,276,1548,-508,-20,14,-7,-19,32,82,0,0,0,0,0,0,0,0,0,0,0,0,0,0,0,0,0,0,0,0,0,0,122339
1,1,1,1,276,1554,-525,-25,10,-8,-18,31,82,0,0,0,0,0,0,0,0,0,0,0,0,0,0,0,0,0,0,0,0,0,0,122349
1,1,1,1,275,1543,-540,-35,2,-14,-19,31,86,0,0,0,0,0,0,0,0,0,0,0,0,0,0,0,0,0,0,0,0,0,0,122359
1,1,1,1,277,1548,-536,-35,0,-20,-19,31,85,0,0,0,0,0,0,0,0,0,0,0,0,0,0,0,0,0,0,0,0,0,0,122369
1,1,1,1,289,1557,-522,-58,5,-18,-19,30,84,0,0,0,0,0,0,0,0,0,0,0,0,0,0,0,0,0,0,0,0,0,0,122379
1,1,1,1,285,1558,-518,-73,3,-13,-19,32,84,0,0,0,0,0,0,0,0,0,0,0,0,0,0,0,0,0,0,0,0,0,0,122389
1,1,1,1,269,1543,-534,-57,4,-14,-17,31,86,0,0,0,0,0,0,0,0,0,0,0,0,0,0,0,0,0,0,0,0,0,0,122399
1,1,1,1,269,1544,-525,-31,0,-13,-18,32,86,0,0,0,0,0,0,0,0,0,0,0,0,0,0,0,0,0,0,0,0,0,0,122409
1,1,1,1,260,1552,-526,-11,1,-11,-18,31,84,0,0,0,0,0,0,0,0,0,0,0,0,0,0,0,0,0,0,0,0,0,0,122419
1,1,1,1,271,1545,-505,13,4,-8,-17,32,87,0,0,0,0,0,0,0,0,0,0,0,0,0,0,0,0,0,0,0,0,0,0,122429
1,1,1,1,279,1528,-477,6,3,-6,-16,31,86,0,0,0,0,0,0,0,0,0,0,0,0,0,0,0,0,0,0,0,0,0,0,122439
1,1,1,1,286,1519,-473,-18,9,-1,-19,30,86,0,0,0,0,0,0,0,0,0,0,0,0,0,0,0,0,0,0,0,0,0,0,122449
1,1,1,1,286,1520,-497,-27,-2,-1,-18,31,87,0,0,0,0,0,0,0,0,0,0,0,0,0,0,0,0,0,0,0,0,0,0,122459
1,1,1,1,290,1529,-523,-27,-7,0,-16,29,86,0,0,0,0,0,0,0,0,0,0,0,0,0,0,0,0,0,0,0,0,0,0,122469
1,1,1,1,302,1561,-552,-32,-4,8,-21,35,88,0,0,0,0,0,0,0,0,0,0,0,0,0,0,0,0,0,0,0,0,0,0,122479
1,1,1,1,299,1576,-536,-36,-5,20,-21,32,86,0,0,0,0,0,0,0,0,0,0,0,0,0,0,0,0,0,0,0,0,0,0,122489
1,1,1,1,266,1573,-512,-39,-8,15,-20,33,85,0,0,0,0,0,0,0,0,0,0,0,0,0,0,0,0,0,0,0,0,0,0,122499
1,1,1,1,247,1591,-491,-28,-2,11,-18,34,84,0,0,0,0,0,0,0,0,0,0,0,0,0,0,0,0,0,0,0,0,0,0,122509
1,1,1,1,245,1593,-484,-20,0,4,-16,29,86,0,0,0,0,0,0,0,0,0,0,0,0,0,0,0,0,0,0,0,0,0,0,122519
1,1,1,1,245,1593,-484,-28,8,-4,-17,31,86,0,0,0,0,0,0,0,0,0,0,0,0,0,0,0,0,0,0,0,0,0,0,122529
1,1,1,1,248,1559,-472,-47,9,-13,-14,33,87,0,0,0,0,0,0,0,0,0,0,0,0,0,0,0,0,0,0,0,0,0,0,122539
1,1,1,1,256,1544,-489,-49,12,-14,-14,32,85,0,0,0,0,0,0,0,0,0,0,0,0,0,0,0,0,0,0,0,0,0,0,122549
1,1,1,1,284,1533,-522,-25,11,-13,-15,32,86,0,0,0,0,0,0,0,0,0,0,0,0,0,0,0,0,0,0,0,0,0,0,122559
1,1,1,1,292,1528,-530,-6,4,-12,-15,30,86,0,0,0,0,0,0,0,0,0,0,0,0,0,0,0,0,0,0,0,0,0,0,122569
1,1,1,1,303,1532,-511,-7,5,-6,-16,32,89,0,0,0,0,0,0,0,0,0,0,0,0,0,0,0,0,0,0,0,0,0,0,122579
1,1,1,1,300,1537,-501,-36,15,1,-17,31,85,0,0,0,0,0,0,0,0,0,0,0,0,0,0,0,0,0,0,0,0,0,0,122589
1,1,1,1,285,1555,-498,-51,15,2,-16,32,85,0,0,0,0,0,0,0,0,0,0,0,0,0,0,0,0,0,0,0,0,0,0,122599
1,1,1,1,270,1563,-502,-51,12,1,-16,32,84,0,0,0,0,0,0,0,0,0,0,0,0,0,0,0,0,0,0,0,0,0,0,122609
1,1,1,1,250,1558,-492,-28,4,-9,-15,33,83,0,0,0,0,0,0,0,0,0,0,0,0,0,0,0,0,0,0,0,0,0,0,122629
1,1,1,1,251,1553,-490,3,3,-12,-16,32,86,0,0,0,0,0,0,0,0,0,0,0,0,0,0,0,0,0,0,0,0,0,0,122639
1,1,1,1,269,1539,-495,23,3,-12,-16,32,87,0,0,0,0,0,0,0,0,0,0,0,0,0,0,0,0,0,0,0,0,0,0,122649
1,1,1,1,286,1537,-500,29,-2,-10,-17,32,86,0,0,0,0,0,0,0,0,0,0,0,0,0,0,0,0,0,0,0,0,0,0,122659
1,1,1,1,297,1527,-485,5,2,-6,-21,32,84,0,0,0,0,0,0,0,0,0,0,0,0,0,0,0,0,0,0,0,0,0,0,122669
1,1,1,1,295,1528,-476,-40,9,-3,-18,31,83,0,0,0,0,0,0,0,0,0,0,0,0,0,0,0,0,0,0,0,0,0,0,122679
1,1,1,1,275,1546,-488,-63,4,-7,-17,31,83,0,0,0,0,0,0,0,0,0,0,0,0,0,0,0,0,0,0,0,0,0,0,122689
1,1,1,1,269,1583,-507,-44,-1,-4,-19,30,84,0,0,0,0,0,0,0,0,0,0,0,0,0,0,0,0,0,0,0,0,0,0,122699
1,1,1,1,262,1592,-507,-19,7,2,-17,33,85,0,0,0,0,0,0,0,0,0,0,0,0,0,0,0,0,0,0,0,0,0,0,122709
1,1,1,1,253,1567,-482,-19,2,-4,-16,31,86,0,0,0,0,0,0,0,0,0,0,0,0,0,0,0,0,0,0,0,0,0,0,122719
1,1,1,1,254,1550,-466,-30,5,-9,-15,31,84,0,0,0,0,0,0,0,0,0,0,0,0,0,0,0,0,0,0,0,0,0,0,122729
1,1,1,1,269,1554,-485,-29,15,-10,-15,31,86,0,0,0,0,0,0,0,0,0,0,0,0,0,0,0,0,0,0,0,0,0,0,122739
1,1,1,1,268,1553,-504,5,12,-11,-14,31,84,0,0,0,0,0,0,0,0,0,0,0,0,0,0,0,0,0,0,0,0,0,0,122749
1,1,1,1,283,1541,-499,28,2,-12,-17,31,85,0,0,0,0,0,0,0,0,0,0,0,0,0,0,0,0,0,0,0,0,0,0,122759
1,1,1,1,293,1540,-479,1,12,-9,-18,33,83,0,0,0,0,0,0,0,0,0,0,0,0,0,0,0,0,0,0,0,0,0,0,122769
1,1,1,1,291,1537,-473,-41,12,-8,-17,33,84,0,0,0,0,0,0,0,0,0,0,0,0,0,0,0,0,0,0,0,0,0,0,122779
1,1,1,1,284,1548,-499,-52,7,-7,-20,33,83,0,0,0,0,0,0,0,0,0,0,0,0,0,0,0,0,0,0,0,0,0,0,122789
1,1,1,1,281,1564,-518,-54,1,-5,-18,28,83,0,0,0,0,0,0,0,0,0,0,0,0,0,0,0,0,0,0,0,0,0,0,122799
1,1,1,1,275,1578,-512,-54,-3,-2,-20,30,86,0,0,0,0,0,0,0,0,0,0,0,0,0,0,0,0,0,0,0,0,0,0,122809
1,1,1,1,265,1587,-510,-42,-3,-2,-19,30,85,0,0,0,0,0,0,0,0,0,0,0,0,0,0,0,0,0,0,0,0,0,0,122819
1,1,1,1,260,1586,-511,-9,-3,-3,-15,29,82,0,0,0,0,0,0,0,0,0,0,0,0,0,0,0,0,0,0,0,0,0,0,122829
1,1,1,1,259,1563,-503,18,2,-2,-17,33,83,0,0,0,0,0,0,0,0,0,0,0,0,0,0,0,0,0,0,0,0,0,0,122839
1,1,1,1,254,1538,-480,22,2,-9,-13,30,82,0,0,0,0,0,0,0,0,0,0,0,0,0,0,0,0,0,0,0,0,0,0,122849
1,1,1,1,261,1534,-473,13,6,-13,-15,30,85,0,0,0,0,0,0,0,0,0,0,0,0,0,0,0,0,0,0,0,0,0,0,122859
1,1,1,1,267,1549,-471,5,10,-14,-16,31,87,0,0,0,0,0,0,0,0,0,0,0,0,0,0,0,0,0,0,0,0,0,0,122869
1,1,1,1,268,1548,-466,-4,12,-17,-17,32,85,0,0,0,0,0,0,0,0,0,0,0,0,0,0,0,0,0,0,0,0,0,0,122879
1,1,1,1,266,1553,-473,-26,17,-17,-19,31,85,0,0,0,0,0,0,0,0,0,0,0,0,0,0,0,0,0,0,0,0,0,0,122889
1,1,1,1,273,1563,-484,-38,13,-11,-18,31,84,0,0,0,0,0,0,0,0,0,0,0,0,0,0,0,0,0,0,0,0,0,0,122899
1,1,1,1,260,1549,-493,-34,10,-9,-18,31,81,0,0,0,0,0,0,0,0,0,0,0,0,0,0,0,0,0,0,0,0,0,0,122909
1,1,1,1,261,1549,-498,-15,9,-7,-16,32,84,0,0,0,0,0,0,0,0,0,0,0,0,0,0,0,0,0,0,0,0,0,0,122919
1,1,1,1,266,1544,-484,3,0,-2,-18,32,83,0,0,0,0,0,0,0,0,0,0,0,0,0,0,0,0,0,0,0,0,0,0,122929
1,1,1,1,269,1544,-489,10,4,3,-17,32,83,0,0,0,0,0,0,0,0,0,0,0,0,0,0,0,0,0,0,0,0,0,0,122939
1,1,1,1,266,1534,-494,24,-4,6,-17,31,85,0,0,0,0,0,0,0,0,0,0,0,0,0,0,0,0,0,0,0,0,0,0,122949
1,1,1,1,276,1538,-503,40,-6,12,-16,32,83,0,0,0,0,0,0,0,0,0,0,0,0,0,0,0,0,0,0,0,0,0,0,122959
1,1,1,1,267,1539,-498,63,-3,18,-16,32,82,0,0,0,0,0,0,0,0,0,0,0,0,0,0,0,0,0,0,0,0,0,0,122969
1,1,1,1,259,1541,-493,77,-8,20,-15,31,85,0,0,0,0,0,0,0,0,0,0,0,0,0,0,0,0,0,0,0,0,0,0,122979
1,1,1,1,258,1553,-479,74,-9,18,-16,33,84,0,0,0,0,0,0,0,0,0,0,0,0,0,0,0,0,0,0,0,0,0,0,122989
1,1,1,1,250,1551,-474,43,1,16,-19,32,85,0,0,0,0,0,0,0,0,0,0,0,0,0,0,0,0,0,0,0,0,0,0,122999
1,1,1,1,258,1563,-476,-7,5,10,-17,32,85,0,0,0,0,0,0,0,0,0,0,0,0,0,0,0,0,0,0,0,0,0,0,123009
1,1,1,1,259,1561,-482,-38,11,5,-17,32,86,0,0,0,0,0,0,0,0,0,0,0,0,0,0,0,0,0,0,0,0,0,0,123019
1,1,1,1,264,1559,-491,-70,13,-2,-17,32,83,0,0,0,0,0,0,0,0,0,0,0,0,0,0,0,0,0,0,0,0,0,0,123029
1,1,1,1,279,1564,-491,-102,6,-9,-18,31,82,0,0,0,0,0,0,0,0,0,0,0,0,0,0,0,0,0,0,0,0,0,0,123039
1,1,1,1,285,1564,-502,-110,2,-12,-18,31,80,0,0,0,0,0,0,0,0,0,0,0,0,0,0,0,0,0,0,0,0,0,0,123049
1,1,1,1,285,1578,-539,-70,5,-7,-18,32,83,0,0,0,0,0,0,0,0,0,0,0,0,0,0,0,0,0,0,0,0,0,0,123059
1,1,1,1,282,1573,-544,5,-5,3,-14,29,80,0,0,0,0,0,0,0,0,0,0,0,0,0,0,0,0,0,0,0,0,0,0,123069
1,1,1,1,277,1545,-501,40,-13,1,-15,30,80,0,0,0,0,0,0,0,0,0,0,0,0,0,0,0,0,0,0,0,0,0,0,123079
1,1,1,1,276,1545,-455,34,-1,5,-17,33,83,0,0,0,0,0,0,0,0,0,0,0,0,0,0,0,0,0,0,0,0,0,0,123089
1,1,1,1,260,1549,-452,8,-3,3,-18,32,83,0,0,0,0,0,0,0,0,0,0,0,0,0,0,0,0,0,0,0,0,0,0,123099
1,1,1,1,255,1573,-450,-13,-7,4,-18,32,84,0,0,0,0,0,0,0,0,0,0,0,0,0,0,0,0,0,0,0,0,0,0,123109
1,1,1,1,254,1577,-483,-19,-3,2,-17,30,85,0,0,0,0,0,0,0,0,0,0,0,0,0,0,0,0,0,0,0,0,0,0,123119
1,1,1,1,250,1571,-500,-15,-8,-2,-17,31,83,0,0,0,0,0,0,0,0,0,0,0,0,0,0,0,0,0,0,0,0,0,0,123129
1,1,1,1,255,1571,-501,-7,-1,-2,-16,30,83,0,0,0,0,0,0,0,0,0,0,0,0,0,0,0,0,0,0,0,0,0,0,123139
1,1,1,1,250,1559,-505,5,-3,-8,-16,32,85,0,0,0,0,0,0,0,0,0,0,0,0,0,0,0,0,0,0,0,0,0,0,123149
1,1,1,1,259,1562,-510,17,-6,-12,-14,32,85,0,0,0,0,0,0,0,0,0,0,0,0,0,0,0,0,0,0,0,0,0,0,123159
1,1,1,1,263,1556,-492,34,-3,-11,-15,31,84,0,0,0,0,0,0,0,0,0,0,0,0,0,0,0,0,0,0,0,0,0,0,123169
1,1,1,1,262,1544,-485,34,-3,-13,-16,32,84,0,0,0,0,0,0,0,0,0,0,0,0,0,0,0,0,0,0,0,0,0,0,123179
1,1,1,1,276,1555,-469,21,-1,-13,-15,32,84,0,0,0,0,0,0,0,0,0,0,0,0,0,0,0,0,0,0,0,0,0,0,123189
1,1,1,1,274,1550,-453,-4,1,-8,-16,32,86,0,0,0,0,0,0,0,0,0,0,0,0,0,0,0,0,0,0,0,0,0,0,123199
1,1,1,1,269,1549,-456,-35,-3,-9,-16,31,83,0,0,0,0,0,0,0,0,0,0,0,0,0,0,0,0,0,0,0,0,0,0,123209
1,1,1,1,274,1557,-471,-39,5,-3,-15,31,83,0,0,0,0,0,0,0,0,0,0,0,0,0,0,0,0,0,0,0,0,0,0,123219
1,1,1,1,264,1547,-491,-24,2,0,-14,31,83,0,0,0,0,0,0,0,0,0,0,0,0,0,0,0,0,0,0,0,0,0,0,123229
1,1,1,1,265,1550,-513,-4,-8,-1,-16,32,82,0,0,0,0,0,0,0,0,0,0,0,0,0,0,0,0,0,0,0,0,0,0,123239
1,1,1,1,266,1547,-519,29,-12,0,-16,32,81,0,0,0,0,0,0,0,0,0,0,0,0,0,0,0,0,0,0,0,0,0,0,123249
1,1,1,1,262,1541,-490,32,-12,-1,-17,32,80,0,0,0,0,0,0,0,0,0,0,0,0,0,0,0,0,0,0,0,0,0,0,123259
1,1,1,1,258,1544,-463,14,-6,-1,-16,32,81,0,0,0,0,0,0,0,0,0,0,0,0,0,0,0,0,0,0,0,0,0,0,123269
1,1,1,1,248,1549,-448,-4,2,-2,-16,32,83,0,0,0,0,0,0,0,0,0,0,0,0,0,0,0,0,0,0,0,0,0,0,123279
1,1,1,1,243,1562,-462,-13,-8,-6,-16,31,83,0,0,0,0,0,0,0,0,0,0,0,0,0,0,0,0,0,0,0,0,0,0,123289
1,1,1,1,254,1567,-479,3,10,-1,-17,31,82,0,0,0,0,0,0,0,0,0,0,0,0,0,0,0,0,0,0,0,0,0,0,123299
1,1,1,1,260,1566,-481,13,14,3,-17,31,82,0,0,0,0,0,0,0,0,0,0,0,0,0,0,0,0,0,0,0,0,0,0,123309
1,1,1,1,267,1548,-480,-8,15,4,-15,31,82,0,0,0,0,0,0,0,0,0,0,0,0,0,0,0,0,0,0,0,0,0,0,123319
1,1,1,1,280,1554,-483,-22,16,6,-16,31,83,0,0,0,0,0,0,0,0,0,0,0,0,0,0,0,0,0,0,0,0,0,0,123329
1,1,1,1,280,1556,-497,-15,7,11,-14,31,82,0,0,0,0,0,0,0,0,0,0,0,0,0,0,0,0,0,0,0,0,0,0,123339
1,1,1,1,267,1539,-495,13,-1,11,-17,32,82,0,0,0,0,0,0,0,0,0,0,0,0,0,0,0,0,0,0,0,0,0,0,123349
1,1,1,1,266,1539,-481,29,-4,15,-18,31,81,0,0,0,0,0,0,0,0,0,0,0,0,0,0,0,0,0,0,0,0,0,0,123359
1,1,1,1,262,1552,-466,20,-2,14,-17,28,84,0,0,0,0,0,0,0,0,0,0,0,0,0,0,0,0,0,0,0,0,0,0,123369
1,1,1,1,252,1559,-459,-2,5,12,-18,32,80,0,0,0,0,0,0,0,0,0,0,0,0,0,0,0,0,0,0,0,0,0,0,123379
1,1,1,1,252,1578,-471,-24,9,4,-20,31,83,0,0,0,0,0,0,0,0,0,0,0,0,0,0,0,0,0,0,0,0,0,0,123389
1,1,1,1,262,1585,-506,-3,4,7,-20,33,83,0,0,0,0,0,0,0,0,0,0,0,0,0,0,0,0,0,0,0,0,0,0,123399
1,1,1,1,264,1556,-507,16,1,5,-22,34,83,0,0,0,0,0,0,0,0,0,0,0,0,0,0,0,0,0,0,0,0,0,0,123409
1,1,1,1,295,1547,-475,-11,6,4,-22,35,84,0,0,0,0,0,0,0,0,0,0,0,0,0,0,0,0,0,0,0,0,0,0,123419
1,1,1,1,283,1522,-464,-49,-2,1,-19,31,81,0,0,0,0,0,0,0,0,0,0,0,0,0,0,0,0,0,0,0,0,0,0,123429
1,1,1,1,271,1542,-470,-64,6,4,-18,32,79,0,0,0,0,0,0,0,0,0,0,0,0,0,0,0,0,0,0,0,0,0,0,123439
1,1,1,1,264,1563,-469,-63,-5,4,-17,32,81,0,0,0,0,0,0,0,0,0,0,0,0,0,0,0,0,0,0,0,0,0,0,123449
1,1,1,1,247,1551,-458,-46,6,4,-15,31,78,0,0,0,0,0,0,0,0,0,0,0,0,0,0,0,0,0,0,0,0,0,0,123459
1,1,1,1,248,1539,-443,-49,4,0,-15,31,82,0,0,0,0,0,0,0,0,0,0,0,0,0,0,0,0,0,0,0,0,0,0,123469
1,1,1,1,256,1539,-441,-72,3,-4,-16,31,81,0,0,0,0,0,0,0,0,0,0,0,0,0,0,0,0,0,0,0,0,0,0,123479
1,1,1,1,254,1547,-463,-93,7,-11,-17,30,83,0,0,0,0,0,0,0,0,0,0,0,0,0,0,0,0,0,0,0,0,0,0,123489
1,1,1,1,267,1566,-498,-80,1,-17,-19,31,82,0,0,0,0,0,0,0,0,0,0,0,0,0,0,0,0,0,0,0,0,0,0,123499
1,1,1,1,289,1595,-526,-48,0,-12,-20,31,83,0,0,0,0,0,0,0,0,0,0,0,0,0,0,0,0,0,0,0,0,0,0,123509
1,1,1,1,286,1586,-514,-33,3,-6,-19,31,83,0,0,0,0,0,0,0,0,0,0,0,0,0,0,0,0,0,0,0,0,0,0,123519
1,1,1,1,269,1561,-471,-45,-3,-11,-18,31,79,0,0,0,0,0,0,0,0,0,0,0,0,0,0,0,0,0,0,0,0,0,0,123529
1,1,1,1,258,1550,-439,-77,-3,-18,-20,31,80,0,0,0,0,0,0,0,0,0,0,0,0,0,0,0,0,0,0,0,0,0,0,123539
1,1,1,1,252,1551,-433,-109,13,-21,-17,32,81,0,0,0,0,0,0,0,0,0,0,0,0,0,0,0,0,0,0,0,0,0,0,123549
1,1,1,1,252,1549,-435,-114,14,-21,-17,31,80,0,0,0,0,0,0,0,0,0,0,0,0,0,0,0,0,0,0,0,0,0,0,123559
1,1,1,1,250,1545,-445,-89,19,-17,-18,30,80,0,0,0,0,0,0,0,0,0,0,0,0,0,0,0,0,0,0,0,0,0,0,123569
1,1,1,1,263,1543,-459,-63,13,-12,-19,31,80,0,0,0,0,0,0,0,0,0,0,0,0,0,0,0,0,0,0,0,0,0,0,123579
1,1,1,1,274,1548,-466,-30,12,-3,-19,31,82,0,0,0,0,0,0,0,0,0,0,0,0,0,0,0,0,0,0,0,0,0,0,123589
1,1,1,1,265,1548,-489,22,6,5,-17,31,81,0,0,0,0,0,0,0,0,0,0,0,0,0,0,0,0,0,0,0,0,0,0,123599
1,1,1,1,264,1556,-488,66,1,9,-19,31,80,0,0,0,0,0,0,0,0,0,0,0,0,0,0,0,0,0,0,0,0,0,0,123609
1,1,1,1,274,1559,-457,49,-10,8,-18,31,83,0,0,0,0,0,0,0,0,0,0,0,0,0,0,0,0,0,0,0,0,0,0,123619
1,1,1,1,260,1545,-435,11,1,5,-17,31,82,0,0,0,0,0,0,0,0,0,0,0,0,0,0,0,0,0,0,0,0,0,0,123629
1,1,1,1,253,1559,-449,-14,5,2,-16,31,83,0,0,0,0,0,0,0,0,0,0,0,0,0,0,0,0,0,0,0,0,0,0,123639
1,1,1,1,262,1585,-465,-22,8,-2,-18,31,83,0,0,0,0,0,0,0,0,0,0,0,0,0,0,0,0,0,0,0,0,0,0,123649
1,1,1,1,260,1571,-455,-25,13,-3,-18,32,80,0,0,0,0,0,0,0,0,0,0,0,0,0,0,0,0,0,0,0,0,0,0,123659
1,1,1,1,258,1557,-445,-45,4,-10,-19,30,82,0,0,0,0,0,0,0,0,0,0,0,0,0,0,0,0,0,0,0,0,0,0,123669
1,1,1,1,265,1565,-448,-62,7,-10,-17,27,76,0,0,0,0,0,0,0,0,0,0,0,0,0,0,0,0,0,0,0,0,0,0,123679
1,1,1,1,267,1562,-453,-73,12,-9,-18,30,78,0,0,0,0,0,0,0,0,0,0,0,0,0,0,0,0,0,0,0,0,0,0,123689
1,1,1,1,263,1557,-460,-74,-1,-15,-18,32,79,0,0,0,0,0,0,0,0,0,0,0,0,0,0,0,0,0,0,0,0,0,0,123699
1,1,1,1,269,1560,-467,-61,3,-9,-16,28,79,0,0,0,0,0,0,0,0,0,0,0,0,0,0,0,0,0,0,0,0,0,0,123709
1,1,1,1,262,1549,-459,-50,6,-5,-17,30,78,0,0,0,0,0,0,0,0,0,0,0,0,0,0,0,0,0,0,0,0,0,0,123719
1,1,1,1,253,1544,-446,-33,-2,-3,-16,31,81,0,0,0,0,0,0,0,0,0,0,0,0,0,0,0,0,0,0,0,0,0,0,123729
1,1,1,1,253,1544,-446,-15,2,0,-17,29,78,0,0,0,0,0,0,0,0,0,0,0,0,0,0,0,0,0,0,0,0,0,0,123739
1,1,1,1,258,1550,-439,-11,6,2,-17,31,79,0,0,0,0,0,0,0,0,0,0,0,0,0,0,0,0,0,0,0,0,0,0,123749
1,1,1,1,256,1552,-440,-9,6,3,-16,31,80,0,0,0,0,0,0,0,0,0,0,0,0,0,0,0,0,0,0,0,0,0,0,123759
1,1,1,1,258,1557,-454,-3,6,1,-15,30,80,0,0,0,0,0,0,0,0,0,0,0,0,0,0,0,0,0,0,0,0,0,0,123769
1,1,1,1,260,1558,-460,0,4,2,-18,31,79,0,0,0,0,0,0,0,0,0,0,0,0,0,0,0,0,0,0,0,0,0,0,123779
1,1,1,1,267,1560,-469,-7,6,1,-16,30,80,0,0,0,0,0,0,0,0,0,0,0,0,0,0,0,0,0,0,0,0,0,0,123789
1,1,1,1,256,1561,-440,-22,10,-3,-17,31,82,0,0,0,0,0,0,0,0,0,0,0,0,0,0,0,0,0,0,0,0,0,0,123799
1,1,1,1,255,1563,-429,-42,11,-5,-18,31,81,0,0,0,0,0,0,0,0,0,0,0,0,0,0,0,0,0,0,0,0,0,0,123809
1,1,1,1,255,1560,-430,-54,6,-7,-19,31,79,0,0,0,0,0,0,0,0,0,0,0,0,0,0,0,0,0,0,0,0,0,0,123819
1,1,1,1,255,1558,-441,-65,1,-9,-18,31,80,0,0,0,0,0,0,0,0,0,0,0,0,0,0,0,0,0,0,0,0,0,0,123829
1,1,1,1,255,1566,-446,-51,0,-7,-15,31,81,0,0,0,0,0,0,0,0,0,0,0,0,0,0,0,0,0,0,0,0,0,0,123839
1,1,1,1,257,1560,-446,-22,-3,-2,-14,30,79,0,0,0,0,0,0,0,0,0,0,0,0,0,0,0,0,0,0,0,0,0,0,123849
1,1,1,1,259,1547,-440,-10,-3,4,-15,30,80,0,0,0,0,0,0,0,0,0,0,0,0,0,0,0,0,0,0,0,0,0,0,123859
1,1,1,1,258,1547,-434,7,8,10,-18,31,80,0,0,0,0,0,0,0,0,0,0,0,0,0,0,0,0,0,0,0,0,0,0,123869
1,1,1,1,254,1544,-436,13,6,12,-18,32,80,0,0,0,0,0,0,0,0,0,0,0,0,0,0,0,0,0,0,0,0,0,0,123879
1,1,1,1,263,1552,-437,12,4,11,-17,31,81,0,0,0,0,0,0,0,0,0,0,0,0,0,0,0,0,0,0,0,0,0,0,123889
1,1,1,1,266,1556,-441,11,8,10,-16,30,81,0,0,0,0,0,0,0,0,0,0,0,0,0,0,0,0,0,0,0,0,0,0,123899
1,1,1,1,270,1562,-450,9,8,11,-17,31,81,0,0,0,0,0,0,0,0,0,0,0,0,0,0,0,0,0,0,0,0,0,0,123909
1,1,1,1,269,1564,-449,6,6,6,-18,31,81,0,0,0,0,0,0,0,0,0,0,0,0,0,0,0,0,0,0,0,0,0,0,123919
1,1,1,1,264,1576,-455,-6,-4,-3,-19,32,78,0,0,0,0,0,0,0,0,0,0,0,0,0,0,0,0,0,0,0,0,0,0,123929
1,1,1,1,272,1576,-443,-16,1,-6,-19,31,80,0,0,0,0,0,0,0,0,0,0,0,0,0,0,0,0,0,0,0,0,0,0,123939
1,1,1,1,260,1562,-431,-51,9,-11,-17,31,79,0,0,0,0,0,0,0,0,0,0,0,0,0,0,0,0,0,0,0,0,0,0,123949
1,1,1,1,262,1562,-431,-73,9,-15,-17,31,78,0,0,0,0,0,0,0,0,0,0,0,0,0,0,0,0,0,0,0,0,0,0,123959
1,1,1,1,258,1566,-451,-54,10,-14,-16,30,77,0,0,0,0,0,0,0,0,0,0,0,0,0,0,0,0,0,0,0,0,0,0,123969
1,1,1,1,255,1562,-453,-30,9,-12,-17,30,76,0,0,0,0,0,0,0,0,0,0,0,0,0,0,0,0,0,0,0,0,0,0,123979
1,1,1,1,255,1554,-445,-3,5,-10,-19,32,80,0,0,0,0,0,0,0,0,0,0,0,0,0,0,0,0,0,0,0,0,0,0,123989
1,1,1,1,244,1556,-431,12,-2,-11,-17,32,77,0,0,0,0,0,0,0,0,0,0,0,0,0,0,0,0,0,0,0,0,0,0,123999
1,1,1,1,248,1556,-422,7,-7,-9,-17,31,80,0,0,0,0,0,0,0,0,0,0,0,0,0,0,0,0,0,0,0,0,0,0,124009
1,1,1,1,250,1553,-415,-4,3,-8,-16,28,79,0,0,0,0,0,0,0,0,0,0,0,0,0,0,0,0,0,0,0,0,0,0,124019
1,1,1,1,256,1551,-426,-1,11,-2,-16,31,81,0,0,0,0,0,0,0,0,0,0,0,0,0,0,0,0,0,0,0,0,0,0,124029
1,1,1,1,264,1551,-433,-3,8,-2,-14,27,79,0,0,0,0,0,0,0,0,0,0,0,0,0,0,0,0,0,0,0,0,0,0,124039
1,1,1,1,260,1544,-442,-2,8,-1,-15,31,82,0,0,0,0,0,0,0,0,0,0,0,0,0,0,0,0,0,0,0,0,0,0,124049
1,1,1,1,261,1551,-440,-6,4,-2,-16,32,82,0,0,0,0,0,0,0,0,0,0,0,0,0,0,0,0,0,0,0,0,0,0,124059
1,1,1,1,264,1559,-444,-15,6,-1,-17,31,80,0,0,0,0,0,0,0,0,0,0,0,0,0,0,0,0,0,0,0,0,0,0,124069
1,1,1,1,261,1552,-430,-20,11,-1,-18,32,81,0,0,0,0,0,0,0,0,0,0,0,0,0,0,0,0,0,0,0,0,0,0,124079
1,1,1,1,254,1550,-436,-29,7,-6,-17,33,82,0,0,0,0,0,0,0,0,0,0,0,0,0,0,0,0,0,0,0,0,0,0,124089
1,1,1,1,259,1565,-433,-30,3,-5,-19,32,83,0,0,0,0,0,0,0,0,0,0,0,0,0,0,0,0,0,0,0,0,0,0,124099
1,1,1,1,250,1556,-425,-17,1,-6,-19,31,82,0,0,0,0,0,0,0,0,0,0,0,0,0,0,0,0,0,0,0,0,0,0,124109
1,1,1,1,248,1555,-438,6,-3,-8,-19,31,82,0,0,0,0,0,0,0,0,0,0,0,0,0,0,0,0,0,0,0,0,0,0,124119
1,1,1,1,253,1560,-434,20,-6,-7,-16,31,79,0,0,0,0,0,0,0,0,0,0,0,0,0,0,0,0,0,0,0,0,0,0,124129
1,1,1,1,252,1550,-425,12,-1,-7,-17,31,83,0,0,0,0,0,0,0,0,0,0,0,0,0,0,0,0,0,0,0,0,0,0,124139
1,1,1,1,251,1547,-421,5,-3,-11,-16,31,81,0,0,0,0,0,0,0,0,0,0,0,0,0,0,0,0,0,0,0,0,0,0,124149
1,1,1,1,258,1557,-432,-4,-7,-14,-16,31,79,0,0,0,0,0,0,0,0,0,0,0,0,0,0,0,0,0,0,0,0,0,0,124159
1,1,1,1,263,1568,-435,-9,4,-11,-16,31,81,0,0,0,0,0,0,0,0,0,0,0,0,0,0,0,0,0,0,0,0,0,0,124169
1,1,1,1,251,1562,-437,-17,1,-14,-18,32,82,0,0,0,0,0,0,0,0,0,0,0,0,0,0,0,0,0,0,0,0,0,0,124179
1,1,1,1,250,1566,-443,-35,-3,-20,-18,31,81,0,0,0,0,0,0,0,0,0,0,0,0,0,0,0,0,0,0,0,0,0,0,124189
1,1,1,1,253,1580,-443,-38,3,-15,-19,32,81,0,0,0,0,0,0,0,0,0,0,0,0,0,0,0,0,0,0,0,0,0,0,124199
1,1,1,1,242,1569,-428,-34,7,-11,-18,31,80,0,0,0,0,0,0,0,0,0,0,0,0,0,0,0,0,0,0,0,0,0,0,124209
1,1,1,1,238,1561,-418,-29,1,-12,-18,32,82,0,0,0,0,0,0,0,0,0,0,0,0,0,0,0,0,0,0,0,0,0,0,124219
1,1,1,1,241,1558,-415,-11,2,-11,-18,33,78,0,0,0,0,0,0,0,0,0,0,0,0,0,0,0,0,0,0,0,0,0,0,124229
1,1,1,1,248,1549,-420,-5,3,-8,-17,32,80,0,0,0,0,0,0,0,0,0,0,0,0,0,0,0,0,0,0,0,0,0,0,124239
1,1,1,1,255,1558,-419,-5,5,-6,-19,33,80,0,0,0,0,0,0,0,0,0,0,0,0,0,0,0,0,0,0,0,0,0,0,124249
1,1,1,1,252,1550,-419,-7,12,-4,-16,32,81,0,0,0,0,0,0,0,0,0,0,0,0,0,0,0,0,0,0,0,0,0,0,124259
1,1,1,1,256,1563,-428,6,7,0,-15,32,79,0,0,0,0,0,0,0,0,0,0,0,0,0,0,0,0,0,0,0,0,0,0,124269
1,1,1,1,259,1560,-432,0,-2,0,-16,31,80,0,0,0,0,0,0,0,0,0,0,0,0,0,0,0,0,0,0,0,0,0,0,124279
1,1,1,1,261,1556,-420,-14,-8,-2,-17,32,82,0,0,0,0,0,0,0,0,0,0,0,0,0,0,0,0,0,0,0,0,0,0,124289
1,1,1,1,258,1553,-427,-19,-3,-1,-17,33,83,0,0,0,0,0,0,0,0,0,0,0,0,0,0,0,0,0,0,0,0,0,0,124299
1,1,1,1,256,1553,-422,-23,0,1,-18,31,82,0,0,0,0,0,0,0,0,0,0,0,0,0,0,0,0,0,0,0,0,0,0,124309
1,1,1,1,244,1550,-423,-26,-3,0,-15,28,79,0,0,0,0,0,0,0,0,0,0,0,0,0,0,0,0,0,0,0,0,0,0,124319
1,1,1,1,250,1546,-420,-14,5,3,-16,29,80,0,0,0,0,0,0,0,0,0,0,0,0,0,0,0,0,0,0,0,0,0,0,124329
1,1,1,1,237,1546,-423,5,13,5,-15,30,80,0,0,0,0,0,0,0,0,0,0,0,0,0,0,0,0,0,0,0,0,0,0,124339
1,1,1,1,241,1551,-420,13,20,8,-17,32,80,0,0,0,0,0,0,0,0,0,0,0,0,0,0,0,0,0,0,0,0,0,0,124349
1,1,1,1,244,1549,-423,26,14,10,-17,31,81,0,0,0,0,0,0,0,0,0,0,0,0,0,0,0,0,0,0,0,0,0,0,124359
1,1,1,1,250,1550,-416,44,13,14,-18,33,82,0,0,0,0,0,0,0,0,0,0,0,0,0,0,0,0,0,0,0,0,0,0,124369
1,1,1,1,262,1546,-417,36,12,13,-15,31,79,0,0,0,0,0,0,0,0,0,0,0,0,0,0,0,0,0,0,0,0,0,0,124379
1,1,1,1,261,1561,-423,21,12,11,-18,31,82,0,0,0,0,0,0,0,0,0,0,0,0,0,0,0,0,0,0,0,0,0,0,124389
1,1,1,1,261,1564,-430,12,11,13,-19,33,81,0,0,0,0,0,0,0,0,0,0,0,0,0,0,0,0,0,0,0,0,0,0,124399
1,1,1,1,256,1568,-429,1,10,10,-17,33,81,0,0,0,0,0,0,0,0,0,0,0,0,0,0,0,0,0,0,0,0,0,0,124409
1,1,1,1,255,1568,-428,-13,8,4,-18,32,81,0,0,0,0,0,0,0,0,0,0,0,0,0,0,0,0,0,0,0,0,0,0,124419
1,1,1,1,253,1563,-431,-22,15,3,-17,32,80,0,0,0,0,0,0,0,0,0,0,0,0,0,0,0,0,0,0,0,0,0,0,124439
1,1,1,1,256,1559,-441,-18,11,-3,-19,32,77,0,0,0,0,0,0,0,0,0,0,0,0,0,0,0,0,0,0,0,0,0,0,124449
1,1,1,1,250,1560,-443,3,7,-4,-18,32,81,0,0,0,0,0,0,0,0,0,0,0,0,0,0,0,0,0,0,0,0,0,0,124459
1,1,1,1,248,1559,-426,16,8,-4,-16,32,79,0,0,0,0,0,0,0,0,0,0,0,0,0,0,0,0,0,0,0,0,0,0,124469
1,1,1,1,239,1554,-411,25,12,-1,-16,32,78,0,0,0,0,0,0,0,0,0,0,0,0,0,0,0,0,0,0,0,0,0,0,124479
1,1,1,1,233,1560,-410,29,5,-4,-16,31,80,0,0,0,0,0,0,0,0,0,0,0,0,0,0,0,0,0,0,0,0,0,0,124489
1,1,1,1,239,1565,-411,48,15,-1,-17,32,78,0,0,0,0,0,0,0,0,0,0,0,0,0,0,0,0,0,0,0,0,0,0,124499
1,1,1,1,250,1561,-414,34,16,-1,-15,32,79,0,0,0,0,0,0,0,0,0,0,0,0,0,0,0,0,0,0,0,0,0,0,124509
1,1,1,1,255,1556,-411,12,17,0,-17,33,82,0,0,0,0,0,0,0,0,0,0,0,0,0,0,0,0,0,0,0,0,0,0,124519
1,1,1,1,261,1554,-420,-19,15,-5,-15,31,81,0,0,0,0,0,0,0,0,0,0,0,0,0,0,0,0,0,0,0,0,0,0,124529
1,1,1,1,264,1572,-442,-23,15,-4,-14,32,81,0,0,0,0,0,0,0,0,0,0,0,0,0,0,0,0,0,0,0,0,0,0,124539
1,1,1,1,254,1571,-456,-1,14,2,-16,31,80,0,0,0,0,0,0,0,0,0,0,0,0,0,0,0,0,0,0,0,0,0,0,124549
1,1,1,1,253,1550,-436,8,10,3,-17,32,80,0,0,0,0,0,0,0,0,0,0,0,0,0,0,0,0,0,0,0,0,0,0,124559
1,1,1,1,251,1546,-432,3,5,3,-20,34,82,0,0,0,0,0,0,0,0,0,0,0,0,0,0,0,0,0,0,0,0,0,0,124569
1,1,1,1,245,1552,-436,12,8,3,-19,32,78,0,0,0,0,0,0,0,0,0,0,0,0,0,0,0,0,0,0,0,0,0,0,124579
1,1,1,1,243,1557,-440,40,0,3,-18,33,82,0,0,0,0,0,0,0,0,0,0,0,0,0,0,0,0,0,0,0,0,0,0,124589
1,1,1,1,242,1559,-434,68,2,7,-19,36,80,0,0,0,0,0,0,0,0,0,0,0,0,0,0,0,0,0,0,0,0,0,0,124599
1,1,1,1,244,1560,-427,64,1,7,-18,32,80,0,0,0,0,0,0,0,0,0,0,0,0,0,0,0,0,0,0,0,0,0,0,124609
1,1,1,1,247,1557,-416,50,-8,4,-17,31,82,0,0,0,0,0,0,0,0,0,0,0,0,0,0,0,0,0,0,0,0,0,0,124619
1,1,1,1,252,1556,-410,21,2,5,-18,33,81,0,0,0,0,0,0,0,0,0,0,0,0,0,0,0,0,0,0,0,0,0,0,124629
1,1,1,1,251,1561,-417,-5,9,5,-16,30,81,0,0,0,0,0,0,0,0,0,0,0,0,0,0,0,0,0,0,0,0,0,0,124639
1,1,1,1,242,1565,-431,-13,17,4,-15,32,78,0,0,0,0,0,0,0,0,0,0,0,0,0,0,0,0,0,0,0,0,0,0,124649
1,1,1,1,252,1580,-442,-1,3,2,-15,32,80,0,0,0,0,0,0,0,0,0,0,0,0,0,0,0,0,0,0,0,0,0,0,124659
1,1,1,1,253,1565,-442,20,0,4,-15,33,82,0,0,0,0,0,0,0,0,0,0,0,0,0,0,0,0,0,0,0,0,0,0,124669
1,1,1,1,254,1546,-435,21,-2,0,-14,32,80,0,0,0,0,0,0,0,0,0,0,0,0,0,0,0,0,0,0,0,0,0,0,124679
1,1,1,1,260,1536,-441,18,-5,1,-15,32,80,0,0,0,0,0,0,0,0,0,0,0,0,0,0,0,0,0,0,0,0,0,0,124689
1,1,1,1,263,1544,-441,18,-8,2,-17,32,79,0,0,0,0,0,0,0,0,0,0,0,0,0,0,0,0,0,0,0,0,0,0,124699
1,1,1,1,262,1545,-437,15,-12,2,-16,32,78,0,0,0,0,0,0,0,0,0,0,0,0,0,0,0,0,0,0,0,0,0,0,124709
1,1,1,1,251,1554,-427,12,-2,7,-16,32,79,0,0,0,0,0,0,0,0,0,0,0,0,0,0,0,0,0,0,0,0,0,0,124719
1,1,1,1,235,1553,-427,15,-9,8,-17,32,81,0,0,0,0,0,0,0,0,0,0,0,0,0,0,0,0,0,0,0,0,0,0,124729
1,1,1,1,237,1556,-424,22,-12,5,-16,32,79,0,0,0,0,0,0,0,0,0,0,0,0,0,0,0,0,0,0,0,0,0,0,124739
1,1,1,1,239,1558,-426,28,-3,4,-15,32,80,0,0,0,0,0,0,0,0,0,0,0,0,0,0,0,0,0,0,0,0,0,0,124749
1,1,1,1,245,1561,-439,12,1,-1,-16,32,79,0,0,0,0,0,0,0,0,0,0,0,0,0,0,0,0,0,0,0,0,0,0,124759
1,1,1,1,261,1575,-448,1,6,2,-15,32,77,0,0,0,0,0,0,0,0,0,0,0,0,0,0,0,0,0,0,0,0,0,0,124769
1,1,1,1,264,1567,-442,-11,1,3,-13,32,77,0,0,0,0,0,0,0,0,0,0,0,0,0,0,0,0,0,0,0,0,0,0,124779
1,1,1,1,253,1553,-445,-1,-3,5,-15,32,76,0,0,0,0,0,0,0,0,0,0,0,0,0,0,0,0,0,0,0,0,0,0,124789
1,1,1,1,260,1559,-438,15,-6,7,-13,32,77,0,0,0,0,0,0,0,0,0,0,0,0,0,0,0,0,0,0,0,0,0,0,124799
1,1,1,1,257,1565,-427,25,-3,13,-15,32,77,0,0,0,0,0,0,0,0,0,0,0,0,0,0,0,0,0,0,0,0,0,0,124809
1,1,1,1,251,1553,-426,22,-10,7,-15,32,79,0,0,0,0,0,0,0,0,0,0,0,0,0,0,0,0,0,0,0,0,0,0,124819
1,1,1,1,259,1556,-428,14,-11,6,-14,32,78,0,0,0,0,0,0,0,0,0,0,0,0,0,0,0,0,0,0,0,0,0,0,124829
1,1,1,1,258,1575,-464,28,-9,3,-15,32,77,0,0,0,0,0,0,0,0,0,0,0,0,0,0,0,0,0,0,0,0,0,0,124849
1,1,1,1,253,1573,-470,58,-14,4,-14,33,78,0,0,0,0,0,0,0,0,0,0,0,0,0,0,0,0,0,0,0,0,0,0,124859
1,1,1,1,257,1572,-441,60,-9,2,-15,33,76,0,0,0,0,0,0,0,0,0,0,0,0,0,0,0,0,0,0,0,0,0,0,124869
1,1,1,1,243,1562,-423,47,-10,-2,-14,33,78,0,0,0,0,0,0,0,0,0,0,0,0,0,0,0,0,0,0,0,0,0,0,124879
1,1,1,1,236,1565,-411,37,-2,-7,-10,28,74,0,0,0,0,0,0,0,0,0,0,0,0,0,0,0,0,0,0,0,0,0,0,124889
1,1,1,1,238,1564,-405,24,5,-8,-12,31,75,0,0,0,0,0,0,0,0,0,0,0,0,0,0,0,0,0,0,0,0,0,0,124899
1,1,1,1,235,1549,-413,14,10,-10,-12,29,73,0,0,0,0,0,0,0,0,0,0,0,0,0,0,0,0,0,0,0,0,0,0,124909
1,1,1,1,252,1552,-433,11,13,-7,-18,36,77,0,0,0,0,0,0,0,0,0,0,0,0,0,0,0,0,0,0,0,0,0,0,124919
1,1,1,1,260,1545,-440,7,6,-5,-17,36,77,0,0,0,0,0,0,0,0,0,0,0,0,0,0,0,0,0,0,0,0,0,0,124929
1,1,1,1,264,1543,-451,-6,1,-4,-15,31,74,0,0,0,0,0,0,0,0,0,0,0,0,0,0,0,0,0,0,0,0,0,0,124939
1,1,1,1,254,1558,-469,7,-5,-2,-16,31,77,0,0,0,0,0,0,0,0,0,0,0,0,0,0,0,0,0,0,0,0,0,0,124949
1,1,1,1,245,1571,-463,26,-17,0,-16,31,77,0,0,0,0,0,0,0,0,0,0,0,0,0,0,0,0,0,0,0,0,0,0,124959
1,1,1,1,245,1571,-463,41,-19,-1,-14,30,75,0,0,0,0,0,0,0,0,0,0,0,0,0,0,0,0,0,0,0,0,0,0,124969
1,1,1,1,238,1565,-436,33,-15,0,-16,33,77,0,0,0,0,0,0,0,0,0,0,0,0,0,0,0,0,0,0,0,0,0,0,124979
1,1,1,1,242,1558,-415,8,-11,-3,-15,33,78,0,0,0,0,0,0,0,0,0,0,0,0,0,0,0,0,0,0,0,0,0,0,124989
1,1,1,1,241,1549,-418,-9,-6,-5,-15,33,77,0,0,0,0,0,0,0,0,0,0,0,0,0,0,0,0,0,0,0,0,0,0,124999
1,1,1,1,243,1549,-431,-10,-4,-5,-16,33,78,0,0,0,0,0,0,0,0,0,0,0,0,0,0,0,0,0,0,0,0,0,0,125009
1,1,1,1,242,1541,-440,10,-1,-2,-15,32,79,0,0,0,0,0,0,0,0,0,0,0,0,0,0,0,0,0,0,0,0,0,0,125019
1,1,1,1,249,1540,-442,23,5,-2,-15,32,78,0,0,0,0,0,0,0,0,0,0,0,0,0,0,0,0,0,0,0,0,0,0,125029
1,1,1,1,250,1548,-440,17,2,3,-14,32,80,0,0,0,0,0,0,0,0,0,0,0,0,0,0,0,0,0,0,0,0,0,0,125039
1,1,1,1,256,1558,-435,14,9,5,-12,33,80,0,0,0,0,0,0,0,0,0,0,0,0,0,0,0,0,0,0,0,0,0,0,125049
1,1,1,1,244,1554,-434,11,5,5,-15,32,77,0,0,0,0,0,0,0,0,0,0,0,0,0,0,0,0,0,0,0,0,0,0,125059
1,1,1,1,242,1556,-438,8,4,9,-15,32,77,0,0,0,0,0,0,0,0,0,0,0,0,0,0,0,0,0,0,0,0,0,0,125069
1,1,1,1,247,1559,-447,4,5,11,-14,31,77,0,0,0,0,0,0,0,0,0,0,0,0,0,0,0,0,0,0,0,0,0,0,125079
1,1,1,1,254,1569,-455,9,0,11,-14,33,75,0,0,0,0,0,0,0,0,0,0,0,0,0,0,0,0,0,0,0,0,0,0,125089
1,1,1,1,250,1562,-459,16,-8,12,-16,32,79,0,0,0,0,0,0,0,0,0,0,0,0,0,0,0,0,0,0,0,0,0,0,125099
1,1,1,1,258,1564,-451,17,-11,11,-17,33,77,0,0,0,0,0,0,0,0,0,0,0,0,0,0,0,0,0,0,0,0,0,0,125109
1,1,1,1,257,1570,-441,19,-8,13,-16,33,80,0,0,0,0,0,0,0,0,0,0,0,0,0,0,0,0,0,0,0,0,0,0,125119
1,1,1,1,235,1560,-435,24,-4,13,-16,33,78,0,0,0,0,0,0,0,0,0,0,0,0,0,0,0,0,0,0,0,0,0,0,125129
1,1,1,1,238,1559,-426,19,-1,9,-15,33,79,0,0,0,0,0,0,0,0,0,0,0,0,0,0,0,0,0,0,0,0,0,0,125139
1,1,1,1,248,1555,-406,8,9,9,-16,33,77,0,0,0,0,0,0,0,0,0,0,0,0,0,0,0,0,0,0,0,0,0,0,125149
1,1,1,1,248,1543,-411,-7,15,9,-15,32,77,0,0,0,0,0,0,0,0,0,0,0,0,0,0,0,0,0,0,0,0,0,0,125159
1,1,1,1,257,1540,-442,-1,13,9,-15,33,78,0,0,0,0,0,0,0,0,0,0,0,0,0,0,0,0,0,0,0,0,0,0,125169
1,1,1,1,270,1552,-465,20,4,12,-15,32,76,0,0,0,0,0,0,0,0,0,0,0,0,0,0,0,0,0,0,0,0,0,0,125179
1,1,1,1,267,1544,-464,30,3,13,-13,32,78,0,0,0,0,0,0,0,0,0,0,0,0,0,0,0,0,0,0,0,0,0,0,125189
1,1,1,1,258,1552,-459,27,-4,14,-15,31,76,0,0,0,0,0,0,0,0,0,0,0,0,0,0,0,0,0,0,0,0,0,0,125199
1,1,1,1,260,1575,-458,29,-3,18,-13,32,75,0,0,0,0,0,0,0,0,0,0,0,0,0,0,0,0,0,0,0,0,0,0,125209
1,1,1,1,243,1570,-450,28,-4,15,-17,35,77,0,0,0,0,0,0,0,0,0,0,0,0,0,0,0,0,0,0,0,0,0,0,125219
1,1,1,1,239,1559,-434,24,-8,10,-14,31,76,0,0,0,0,0,0,0,0,0,0,0,0,0,0,0,0,0,0,0,0,0,0,125229
1,1,1,1,240,1556,-421,16,-5,8,-13,32,75,0,0,0,0,0,0,0,0,0,0,0,0,0,0,0,0,0,0,0,0,0,0,125239
1,1,1,1,246,1554,-429,0,-1,5,-13,30,77,0,0,0,0,0,0,0,0,0,0,0,0,0,0,0,0,0,0,0,0,0,0,125249
1,1,1,1,249,1550,-445,0,-1,4,-15,34,76,0,0,0,0,0,0,0,0,0,0,0,0,0,0,0,0,0,0,0,0,0,0,125259
1,1,1,1,258,1540,-451,6,3,5,-14,31,79,0,0,0,0,0,0,0,0,0,0,0,0,0,0,0,0,0,0,0,0,0,0,125269
1,1,1,1,263,1544,-447,1,15,5,-14,33,79,0,0,0,0,0,0,0,0,0,0,0,0,0,0,0,0,0,0,0,0,0,0,125279
1,1,1,1,259,1560,-442,-16,9,5,-15,31,77,0,0,0,0,0,0,0,0,0,0,0,0,0,0,0,0,0,0,0,0,0,0,125289
1,1,1,1,259,1573,-447,-11,4,5,-16,33,78,0,0,0,0,0,0,0,0,0,0,0,0,0,0,0,0,0,0,0,0,0,0,125299
1,1,1,1,252,1572,-448,-6,5,7,-13,32,82,0,0,0,0,0,0,0,0,0,0,0,0,0,0,0,0,0,0,0,0,0,0,125309
1,1,1,1,256,1569,-439,-17,8,5,-15,32,80,0,0,0,0,0,0,0,0,0,0,0,0,0,0,0,0,0,0,0,0,0,0,125319
1,1,1,1,253,1554,-438,-29,3,0,-15,31,79,0,0,0,0,0,0,0,0,0,0,0,0,0,0,0,0,0,0,0,0,0,0,125329
1,1,1,1,256,1548,-441,-30,4,-2,-15,32,76,0,0,0,0,0,0,0,0,0,0,0,0,0,0,0,0,0,0,0,0,0,0,125339
1,1,1,1,251,1556,-448,-14,8,-4,-14,32,74,0,0,0,0,0,0,0,0,0,0,0,0,0,0,0,0,0,0,0,0,0,0,125349
1,1,1,1,251,1553,-449,8,12,-1,-16,33,75,0,0,0,0,0,0,0,0,0,0,0,0,0,0,0,0,0,0,0,0,0,0,125359
1,1,1,1,250,1549,-434,9,12,-2,-14,32,76,0,0,0,0,0,0,0,0,0,0,0,0,0,0,0,0,0,0,0,0,0,0,125369
1,1,1,1,252,1553,-435,3,14,-2,-14,32,78,0,0,0,0,0,0,0,0,0,0,0,0,0,0,0,0,0,0,0,0,0,0,125379
1,1,1,1,257,1565,-445,-12,11,-1,-14,32,76,0,0,0,0,0,0,0,0,0,0,0,0,0,0,0,0,0,0,0,0,0,0,125389
1,1,1,1,256,1569,-450,-21,10,3,-13,32,76,0,0,0,0,0,0,0,0,0,0,0,0,0,0,0,0,0,0,0,0,0,0,125399
1,1,1,1,257,1574,-465,-12,12,7,-14,31,76,0,0,0,0,0,0,0,0,0,0,0,0,0,0,0,0,0,0,0,0,0,0,125409
1,1,1,1,253,1557,-456,-2,6,6,-15,31,77,0,0,0,0,0,0,0,0,0,0,0,0,0,0,0,0,0,0,0,0,0,0,125419
1,1,1,1,254,1552,-448,-3,-3,3,-16,31,78,0,0,0,0,0,0,0,0,0,0,0,0,0,0,0,0,0,0,0,0,0,0,125429
1,1,1,1,247,1554,-437,-11,-5,4,-15,32,77,0,0,0,0,0,0,0,0,0,0,0,0,0,0,0,0,0,0,0,0,0,0,125439
1,1,1,1,245,1565,-447,-14,3,5,-14,31,76,0,0,0,0,0,0,0,0,0,0,0,0,0,0,0,0,0,0,0,0,0,0,125449
1,1,1,1,244,1564,-447,-16,6,4,-14,32,76,0,0,0,0,0,0,0,0,0,0,0,0,0,0,0,0,0,0,0,0,0,0,125459
1,1,1,1,251,1557,-433,-38,5,0,-15,32,74,0,0,0,0,0,0,0,0,0,0,0,0,0,0,0,0,0,0,0,0,0,0,125469
1,1,1,1,258,1562,-438,-55,3,0,-12,29,72,0,0,0,0,0,0,0,0,0,0,0,0,0,0,0,0,0,0,0,0,0,0,125479
1,1,1,1,249,1560,-448,-53,1,0,-13,29,75,0,0,0,0,0,0,0,0,0,0,0,0,0,0,0,0,0,0,0,0,0,0,125489
1,1,1,1,251,1559,-447,-37,-4,0,-13,32,75,0,0,0,0,0,0,0,0,0,0,0,0,0,0,0,0,0,0,0,0,0,0,125499
1,1,1,1,248,1559,-435,-23,-3,0,-13,31,75,0,0,0,0,0,0,0,0,0,0,0,0,0,0,0,0,0,0,0,0,0,0,125509
1,1,1,1,239,1549,-411,-33,-1,1,-17,33,77,0,0,0,0,0,0,0,0,0,0,0,0,0,0,0,0,0,0,0,0,0,0,125519
1,1,1,1,238,1542,-399,-53,15,1,-18,36,78,0,0,0,0,0,0,0,0,0,0,0,0,0,0,0,0,0,0,0,0,0,0,125529
1,1,1,1,242,1548,-416,-55,15,0,-16,30,73,0,0,0,0,0,0,0,0,0,0,0,0,0,0,0,0,0,0,0,0,0,0,125539
1,1,1,1,251,1553,-445,-30,12,2,-15,32,76,0,0,0,0,0,0,0,0,0,0,0,0,0,0,0,0,0,0,0,0,0,0,125549
1,1,1,1,257,1564,-461,-6,10,11,-15,30,75,0,0,0,0,0,0,0,0,0,0,0,0,0,0,0,0,0,0,0,0,0,0,125559
1,1,1,1,258,1563,-455,11,1,16,-15,31,77,0,0,0,0,0,0,0,0,0,0,0,0,0,0,0,0,0,0,0,0,0,0,125569
1,1,1,1,271,1562,-442,-1,7,21,-14,30,73,0,0,0,0,0,0,0,0,0,0,0,0,0,0,0,0,0,0,0,0,0,0,125579
1,1,1,1,263,1558,-415,-31,9,24,-13,31,72,0,0,0,0,0,0,0,0,0,0,0,0,0,0,0,0,0,0,0,0,0,0,125589
1,1,1,1,247,1551,-410,-58,3,21,-12,30,73,0,0,0,0,0,0,0,0,0,0,0,0,0,0,0,0,0,0,0,0,0,0,125599
1,1,1,1,254,1565,-414,-70,9,20,-13,30,72,0,0,0,0,0,0,0,0,0,0,0,0,0,0,0,0,0,0,0,0,0,0,125609
1,1,1,1,250,1563,-419,-71,21,18,-13,29,75,0,0,0,0,0,0,0,0,0,0,0,0,0,0,0,0,0,0,0,0,0,0,125619
1,1,1,1,250,1564,-436,-80,8,9,-15,30,75,0,0,0,0,0,0,0,0,0,0,0,0,0,0,0,0,0,0,0,0,0,0,125629
1,1,1,1,265,1596,-478,-47,7,3,-14,30,75,0,0,0,0,0,0,0,0,0,0,0,0,0,0,0,0,0,0,0,0,0,0,125639
1,1,1,1,275,1600,-494,16,-3,4,-13,31,74,0,0,0,0,0,0,0,0,0,0,0,0,0,0,0,0,0,0,0,0,0,0,125649
1,1,1,1,257,1570,-462,38,-11,-1,-14,31,75,0,0,0,0,0,0,0,0,0,0,0,0,0,0,0,0,0,0,0,0,0,0,125659
1,1,1,1,253,1567,-418,21,-12,-6,-13,31,76,0,0,0,0,0,0,0,0,0,0,0,0,0,0,0,0,0,0,0,0,0,0,125669
1,1,1,1,243,1563,-385,-21,1,-7,-14,31,74,0,0,0,0,0,0,0,0,0,0,0,0,0,0,0,0,0,0,0,0,0,0,125679
1,1,1,1,236,1552,-385,-46,11,-10,-16,31,74,0,0,0,0,0,0,0,0,0,0,0,0,0,0,0,0,0,0,0,0,0,0,125689
1,1,1,1,230,1551,-399,-43,8,-10,-16,31,73,0,0,0,0,0,0,0,0,0,0,0,0,0,0,0,0,0,0,0,0,0,0,125699
1,1,1,1,246,1531,-416,-31,11,-6,-15,30,72,0,0,0,0,0,0,0,0,0,0,0,0,0,0,0,0,0,0,0,0,0,0,125709
1,1,1,1,256,1518,-429,-44,10,-6,-15,31,72,0,0,0,0,0,0,0,0,0,0,0,0,0,0,0,0,0,0,0,0,0,0,125719
1,1,1,1,269,1516,-437,-74,5,-10,-16,30,74,0,0,0,0,0,0,0,0,0,0,0,0,0,0,0,0,0,0,0,0,0,0,125729
1,1,1,1,276,1532,-449,-108,0,-14,-16,30,74,0,0,0,0,0,0,0,0,0,0,0,0,0,0,0,0,0,0,0,0,0,0,125739
1,1,1,1,271,1557,-458,-134,-4,-14,-13,30,71,0,0,0,0,0,0,0,0,0,0,0,0,0,0,0,0,0,0,0,0,0,0,125749
1,1,1,1,252,1556,-449,-166,-5,-16,-15,30,71,0,0,0,0,0,0,0,0,0,0,0,0,0,0,0,0,0,0,0,0,0,0,125759
1,1,1,1,243,1558,-405,-237,-6,-24,-15,29,70,0,0,0,0,0,0,0,0,0,0,0,0,0,0,0,0,0,0,0,0,0,0,125769
1,1,1,1,223,1534,-364,-334,-1,-28,-15,30,65,0,0,0,0,0,0,0,0,0,0,0,0,0,0,0,0,0,0,0,0,0,0,125779
1,1,1,1,205,1517,-331,-452,8,-38,-14,29,64,0,0,0,0,0,0,0,0,0,0,0,0,0,0,0,0,0,0,0,0,0,0,125789
1,1,1,1,202,1513,-312,-580,41,-44,-18,34,68,0,0,0,0,0,0,0,0,0,0,0,0,0,0,0,0,0,0,0,0,0,0,125799
1,1,1,1,214,1504,-280,-762,61,-48,-14,28,60,0,0,0,0,0,0,0,0,0,0,0,0,0,0,0,0,0,0,0,0,0,0,125809
1,1,1,1,208,1474,-252,-937,95,-46,-18,31,58,0,0,0,0,0,0,0,0,0,0,0,0,0,0,0,0,0,0,0,0,0,0,125819
1,1,1,1,210,1464,-288,-1070,102,-46,-16,26,56,0,0,0,0,0,0,0,0,0,0,0,0,0,0,0,0,0,0,0,0,0,0,125829
1,1,1,1,230,1466,-297,-1193,101,-45,-18,27,52,0,0,0,0,0,0,0,0,0,0,0,0,0,0,0,0,0,0,0,0,0,0,125839
1,1,1,1,220,1478,-274,-1299,108,-47,-20,29,54,0,0,0,0,0,0,0,0,0,0,0,0,0,0,0,0,0,0,0,0,0,0,125849
1,1,1,1,229,1449,-204,-1484,108,-51,-18,26,53,0,0,0,0,0,0,0,0,0,0,0,0,0,0,0,0,0,0,0,0,0,0,125859
1,1,1,1,238,1420,-134,-1785,111,-63,-18,24,47,0,0,0,0,0,0,0,0,0,0,0,0,0,0,0,0,0,0,0,0,0,0,125869
1,1,1,1,216,1412,-45,-2115,126,-82,-20,23,46,0,0,0,0,0,0,0,0,0,0,0,0,0,0,0,0,0,0,0,0,0,0,125879
1,1,1,1,185,1399,27,-2472,142,-101,-21,23,44,0,0,0,0,0,0,0,0,0,0,0,0,0,0,0,0,0,0,0,0,0,0,125889
1,1,1,1,180,1426,62,-2700,152,-115,-21,21,39,0,0,0,0,0,0,0,0,0,0,0,0,0,0,0,0,0,0,0,0,0,0,125899
1,1,1,1,202,1461,96,-2956,155,-118,-23,19,37,0,0,0,0,0,0,0,0,0,0,0,0,0,0,0,0,0,0,0,0,0,0,125909
1,1,1,1,223,1461,86,-3141,172,-92,-23,16,31,0,0,0,0,0,0,0,0,0,0,0,0,0,0,0,0,0,0,0,0,0,0,125919
1,1,1,1,173,1374,96,-3236,211,-151,-19,14,27,0,0,0,0,0,0,0,0,0,0,0,0,0,0,0,0,0,0,0,0,0,0,125929
1,1,1,1,159,1351,268,-3152,154,-261,-18,13,22,0,0,0,0,0,0,0,0,0,0,0,0,0,0,0,0,0,0,0,0,0,0,125939
1,1,1,1,212,1389,359,-3064,78,-296,-16,13,15,0,0,0,0,0,0,0,0,0,0,0,0,0,0,0,0,0,0,0,0,0,0,125949
1,1,1,1,276,1380,502,-3042,-27,-329,-23,10,11,0,0,0,0,0,0,0,0,0,0,0,0,0,0,0,0,0,0,0,0,0,0,125959
1,1,1,1,315,1271,522,-3374,-62,-354,-13,7,4,0,0,0,0,0,0,0,0,0,0,0,0,0,0,0,0,0,0,0,0,0,0,125969
1,1,1,1,343,1474,400,-3108,-34,-410,-11,5,-1,0,0,0,0,0,0,0,0,0,0,0,0,0,0,0,0,0,0,0,0,0,0,125979
1,1,1,1,219,1579,591,-2805,-96,-420,-10,5,1,0,0,0,0,0,0,0,0,0,0,0,0,0,0,0,0,0,0,0,0,0,0,125989
1,1,1,1,233,1571,653,-2582,-160,-329,-10,5,2,0,0,0,0,0,0,0,0,0,0,0,0,0,0,0,0,0,0,0,0,0,0,125999
1,1,1,1,229,1353,693,-2485,-231,-347,-8,8,1,0,0,0,0,0,0,0,0,0,0,0,0,0,0,0,0,0,0,0,0,0,0,126009
1,1,1,1,239,1225,830,-2353,-373,-486,-8,8,1,0,0,0,0,0,0,0,0,0,0,0,0,0,0,0,0,0,0,0,0,0,0,126019
1,1,1,1,147,1248,712,-2222,-348,-490,-10,7,1,0,0,0,0,0,0,0,0,0,0,0,0,0,0,0,0,0,0,0,0,0,0,126029
1,1,1,1,69,1175,589,-2436,-219,-469,-10,8,2,0,0,0,0,0,0,0,0,0,0,0,0,0,0,0,0,0,0,0,0,0,0,126039
1,1,1,1,57,1132,481,-2721,39,-466,-12,6,1,0,0,0,0,0,0,0,0,0,0,0,0,0,0,0,0,0,0,0,0,0,0,126049
1,1,1,1,70,1189,474,-2952,261,-414,-14,5,1,0,0,0,0,0,0,0,0,0,0,0,0,0,0,0,0,0,0,0,0,0,0,126059
1,1,1,1,117,1205,481,-3500,566,-282,-11,5,1,0,0,0,0,0,0,0,0,0,0,0,0,0,0,0,0,0,0,0,0,0,0,126069
1,1,1,1,98,1232,557,-4087,897,-132,-14,6,1,0,0,0,0,0,0,0,0,0,0,0,0,0,0,0,0,0,0,0,0,0,0,126079
1,1,1,1,42,1224,702,-4123,1177,117,-16,9,-1,0,0,0,0,0,0,0,0,0,0,0,0,0,0,0,0,0,0,0,0,0,0,126089
1,1,1,1,78,1189,1082,-3967,1216,244,-5,9,1,0,0,0,0,0,0,0,0,0,0,0,0,0,0,0,0,0,0,0,0,0,0,126099
1,1,1,1,235,1025,1633,-3521,844,172,2,17,1,0,0,0,0,0,0,0,0,0,0,0,0,0,0,0,0,0,0,0,0,0,0,126109
1,1,1,1,315,832,1758,-2586,200,-14,5,13,1,0,0,0,0,0,0,0,0,0,0,0,0,0,0,0,0,0,0,0,0,0,0,126119
1,1,1,1,242,924,1528,-1835,-98,-58,-1,10,1,0,0,0,0,0,0,0,0,0,0,0,0,0,0,0,0,0,0,0,0,0,0,126129
1,1,1,1,160,928,1298,-1964,-44,90,-6,13,1,0,0,0,0,0,0,0,0,0,0,0,0,0,0,0,0,0,0,0,0,0,0,126139
1,1,1,1,158,828,1332,-2171,41,200,-3,12,1,0,0,0,0,0,0,0,0,0,0,0,0,0,0,0,0,0,0,0,0,0,0,126149
1,1,1,1,113,735,1451,-2059,15,186,-4,13,2,0,0,0,0,0,0,0,0,0,0,0,0,0,0,0,0,0,0,0,0,0,0,126159
1,1,1,1,39,709,1503,-1856,-86,142,1,10,1,0,0,0,0,0,0,0,0,0,0,0,0,0,0,0,0,0,0,0,0,0,0,126169
1,1,1,1,4,696,1440,-1705,-136,147,-1,13,0,0,0,0,0,0,0,0,0,0,0,0,0,0,0,0,0,0,0,0,0,0,0,126179
1,1,1,1,9,641,1351,-1670,-109,162,-4,13,1,0,0,0,0,0,0,0,0,0,0,0,0,0,0,0,0,0,0,0,0,0,0,126189
1,1,1,1,59,598,1309,-1778,-6,174,-4,11,1,0,0,0,0,0,0,0,0,0,0,0,0,0,0,0,0,0,0,0,0,0,0,126199
1,1,1,1,149,521,1359,-1913,70,181,-6,12,1,0,0,0,0,0,0,0,0,0,0,0,0,0,0,0,0,0,0,0,0,0,0,126209
1,1,1,1,184,483,1440,-2100,111,177,-7,14,2,0,0,0,0,0,0,0,0,0,0,0,0,0,0,0,0,0,0,0,0,0,0,126219
1,1,1,1,157,456,1568,-2185,91,156,-6,14,1,0,0,0,0,0,0,0,0,0,0,0,0,0,0,0,0,0,0,0,0,0,0,126229
1,1,1,1,134,421,1657,-2141,20,138,-5,14,2,0,0,0,0,0,0,0,0,0,0,0,0,0,0,0,0,0,0,0,0,0,0,126239
1,1,1,1,67,358,1684,-1942,-137,111,-5,13,6,0,0,0,0,0,0,0,0,0,0,0,0,0,0,0,0,0,0,0,0,0,0,126259
1,1,1,1,14,306,1606,-1911,-158,128,-6,14,1,0,0,0,0,0,0,0,0,0,0,0,0,0,0,0,0,0,0,0,0,0,0,126269
1,1,1,1,-3,258,1530,-2051,-95,171,-8,13,4,0,0,0,0,0,0,0,0,0,0,0,0,0,0,0,0,0,0,0,0,0,0,126279
1,1,1,1,28,166,1505,-2209,-13,191,-8,13,1,0,0,0,0,0,0,0,0,0,0,0,0,0,0,0,0,0,0,0,0,0,0,126289
1,1,1,1,81,113,1550,-2376,26,209,-10,13,0,0,0,0,0,0,0,0,0,0,0,0,0,0,0,0,0,0,0,0,0,0,0,126299
1,1,1,1,161,93,1619,-2525,62,232,-11,13,1,0,0,0,0,0,0,0,0,0,0,0,0,0,0,0,0,0,0,0,0,0,0,126309
1,1,1,1,136,62,1646,-2585,77,241,-10,13,0,0,0,0,0,0,0,0,0,0,0,0,0,0,0,0,0,0,0,0,0,0,0,126319
1,1,1,1,95,12,1624,-2631,74,228,-12,14,0,0,0,0,0,0,0,0,0,0,0,0,0,0,0,0,0,0,0,0,0,0,0,126329
1,1,1,1,84,-71,1620,-2731,82,208,-13,14,1,0,0,0,0,0,0,0,0,0,0,0,0,0,0,0,0,0,0,0,0,0,0,126339
1,1,1,1,96,-166,1663,-2904,57,214,-13,13,-1,0,0,0,0,0,0,0,0,0,0,0,0,0,0,0,0,0,0,0,0,0,0,126349
1,1,1,1,83,-211,1727,-3123,57,269,-16,14,1,0,0,0,0,0,0,0,0,0,0,0,0,0,0,0,0,0,0,0,0,0,0,126359
1,1,1,1,82,-384,1760,-3565,87,340,-17,15,6,0,0,0,0,0,0,0,0,0,0,0,0,0,0,0,0,0,0,0,0,0,0,126369
1,1,1,1,6,-583,1767,-4014,136,351,-15,16,1,0,0,0,0,0,0,0,0,0,0,0,0,0,0,0,0,0,0,0,0,0,0,126379
1,1,1,1,-76,-629,1763,-4236,205,318,-13,16,1,0,0,0,0,0,0,0,0,0,0,0,0,0,0,0,0,0,0,0,0,0,0,126389
1,1,1,1,-105,-572,1688,-4095,269,245,-11,16,2,0,0,0,0,0,0,0,0,0,0,0,0,0,0,0,0,0,0,0,0,0,0,126399
1,1,1,1,-36,-495,1598,-3740,292,179,-9,17,1,0,0,0,0,0,0,0,0,0,0,0,0,0,0,0,0,0,0,0,0,0,0,126409
1,1,1,1,85,-465,1598,-3316,263,149,-6,16,0,0,0,0,0,0,0,0,0,0,0,0,0,0,0,0,0,0,0,0,0,0,0,126419
1,1,1,1,176,-520,1694,-2992,167,161,-8,13,1,0,0,0,0,0,0,0,0,0,0,0,0,0,0,0,0,0,0,0,0,0,0,126429
1,1,1,1,216,-626,1811,-2810,33,183,-9,18,6,0,0,0,0,0,0,0,0,0,0,0,0,0,0,0,0,0,0,0,0,0,0,126439
1,1,1,1,185,-827,1785,-2598,-88,163,-8,16,8,0,0,0,0,0,0,0,0,0,0,0,0,0,0,0,0,0,0,0,0,0,0,126449
1,1,1,1,59,-1019,1591,-2338,-41,56,-7,14,1,0,0,0,0,0,0,0,0,0,0,0,0,0,0,0,0,0,0,0,0,0,0,126459
1,1,1,1,-21,-1071,1530,-2259,-6,43,-10,16,6,0,0,0,0,0,0,0,0,0,0,0,0,0,0,0,0,0,0,0,0,0,0,126469
1,1,1,1,29,-1181,1535,-2510,30,62,-10,15,2,0,0,0,0,0,0,0,0,0,0,0,0,0,0,0,0,0,0,0,0,0,0,126479
1,1,1,1,130,-1189,1541,-2689,103,58,-4,14,0,0,0,0,0,0,0,0,0,0,0,0,0,0,0,0,0,0,0,0,0,0,0,126489
1,1,1,1,149,-1133,1529,-2606,197,25,0,12,0,0,0,0,0,0,0,0,0,0,0,0,0,0,0,0,0,0,0,0,0,0,0,126499
1,1,1,1,104,-1096,1559,-2428,212,-12,-4,12,6,0,0,0,0,0,0,0,0,0,0,0,0,0,0,0,0,0,0,0,0,0,0,126509
1,1,1,1,118,-1116,1644,-2306,81,-30,-10,13,2,0,0,0,0,0,0,0,0,0,0,0,0,0,0,0,0,0,0,0,0,0,0,126519
1,1,1,1,106,-1176,1897,-2749,-174,20,-13,15,1,0,0,0,0,0,0,0,0,0,0,0,0,0,0,0,0,0,0,0,0,0,0,126529
1,1,1,1,-5,-1206,1787,-3158,-455,142,-9,9,24,0,0,0,0,0,0,0,0,0,0,0,0,0,0,0,0,0,0,0,0,0,0,126539
1,1,1,1,-158,-1623,788,-2370,-104,-154,-8,12,5,0,0,0,0,0,0,0,0,0,0,0,0,0,0,0,0,0,0,0,0,0,0,126549
1,1,1,1,30,-1309,1255,-1795,-136,-64,-11,11,9,0,0,0,0,0,0,0,0,0,0,0,0,0,0,0,0,0,0,0,0,0,0,126559
1,1,1,1,80,-1441,1440,-2286,-123,32,-12,11,6,0,0,0,0,0,0,0,0,0,0,0,0,0,0,0,0,0,0,0,0,0,0,126569
1,1,1,1,124,-1585,1341,-2711,-104,54,-17,12,1,0,0,0,0,0,0,0,0,0,0,0,0,0,0,0,0,0,0,0,0,0,0,126579
1,1,1,1,138,-1598,1420,-3234,-148,93,-15,12,9,0,0,0,0,0,0,0,0,0,0,0,0,0,0,0,0,0,0,0,0,0,0,126589
1,1,1,1,79,-1523,1336,-3222,-123,122,-9,12,4,0,0,0,0,0,0,0,0,0,0,0,0,0,0,0,0,0,0,0,0,0,0,126599
1,1,1,1,77,-1502,1218,-2697,-74,75,-8,11,8,0,0,0,0,0,0,0,0,0,0,0,0,0,0,0,0,0,0,0,0,0,0,126609
1,1,1,1,86,-1511,1176,-2094,-45,21,-10,12,2,0,0,0,0,0,0,0,0,0,0,0,0,0,0,0,0,0,0,0,0,0,0,126619
1,1,1,1,87,-1623,1157,-1844,-45,29,-11,12,8,0,0,0,0,0,0,0,0,0,0,0,0,0,0,0,0,0,0,0,0,0,0,126629
1,1,1,1,102,-1753,1160,-1861,-42,51,-12,12,12,0,0,0,0,0,0,0,0,0,0,0,0,0,0,0,0,0,0,0,0,0,0,126639
1,1,1,1,80,-1928,1115,-1891,-41,20,-10,13,15,0,0,0,0,0,0,0,0,0,0,0,0,0,0,0,0,0,0,0,0,0,0,126649
1,1,1,1,39,-1982,1157,-1956,-65,10,-10,13,11,0,0,0,0,0,0,0,0,0,0,0,0,0,0,0,0,0,0,0,0,0,0,126659
1,1,1,1,16,-1939,1122,-1991,-61,11,-12,12,12,0,0,0,0,0,0,0,0,0,0,0,0,0,0,0,0,0,0,0,0,0,0,126669
1,1,1,1,35,-1909,1062,-2062,-56,37,-12,13,4,0,0,0,0,0,0,0,0,0,0,0,0,0,0,0,0,0,0,0,0,0,0,126679
1,1,1,1,79,-1839,1098,-2217,-63,125,-16,14,12,0,0,0,0,0,0,0,0,0,0,0,0,0,0,0,0,0,0,0,0,0,0,126689
1,1,1,1,121,-1945,1052,-2364,7,135,-13,12,13,0,0,0,0,0,0,0,0,0,0,0,0,0,0,0,0,0,0,0,0,0,0,126699
1,1,1,1,173,-2042,1021,-2436,26,109,-13,12,11,0,0,0,0,0,0,0,0,0,0,0,0,0,0,0,0,0,0,0,0,0,0,126709
1,1,1,1,105,-2045,1034,-2388,-46,87,-13,14,19,0,0,0,0,0,0,0,0,0,0,0,0,0,0,0,0,0,0,0,0,0,0,126719
1,1,1,1,34,-2079,966,-2057,-41,-48,-11,14,20,0,0,0,0,0,0,0,0,0,0,0,0,0,0,0,0,0,0,0,0,0,0,126729
1,1,1,1,42,-2015,861,-1596,-69,-127,-10,11,18,0,0,0,0,0,0,0,0,0,0,0,0,0,0,0,0,0,0,0,0,0,0,126739
1,1,1,1,59,-2002,792,-1271,-84,-150,-8,10,23,0,0,0,0,0,0,0,0,0,0,0,0,0,0,0,0,0,0,0,0,0,0,126749
1,1,1,1,44,-2037,797,-969,-67,-170,-9,15,22,0,0,0,0,0,0,0,0,0,0,0,0,0,0,0,0,0,0,0,0,0,0,126759
1,1,1,1,45,-2058,791,-640,-58,-207,-7,14,21,0,0,0,0,0,0,0,0,0,0,0,0,0,0,0,0,0,0,0,0,0,0,126769
1,1,1,1,127,-2066,764,-312,-34,-224,-7,14,26,0,0,0,0,0,0,0,0,0,0,0,0,0,0,0,0,0,0,0,0,0,0,126779
1,1,1,1,264,-2201,764,-294,-9,-221,-6,14,27,0,0,0,0,0,0,0,0,0,0,0,0,0,0,0,0,0,0,0,0,0,0,126789
1,1,1,1,190,-2253,818,-398,11,-239,-7,14,26,0,0,0,0,0,0,0,0,0,0,0,0,0,0,0,0,0,0,0,0,0,0,126799
1,1,1,1,57,-2182,759,-417,50,-220,-9,13,27,0,0,0,0,0,0,0,0,0,0,0,0,0,0,0,0,0,0,0,0,0,0,126809
1,1,1,1,106,-2170,679,-532,96,-183,-9,13,29,0,0,0,0,0,0,0,0,0,0,0,0,0,0,0,0,0,0,0,0,0,0,126819
1,1,1,1,171,-2223,724,-704,120,-152,-10,13,27,0,0,0,0,0,0,0,0,0,0,0,0,0,0,0,0,0,0,0,0,0,0,126829
1,1,1,1,196,-2226,813,-869,116,-147,-5,14,29,0,0,0,0,0,0,0,0,0,0,0,0,0,0,0,0,0,0,0,0,0,0,126839
1,1,1,1,270,-2036,749,-507,72,-208,-11,15,31,0,0,0,0,0,0,0,0,0,0,0,0,0,0,0,0,0,0,0,0,0,0,126849
1,1,1,1,207,-2196,732,-448,37,-227,-11,13,30,0,0,0,0,0,0,0,0,0,0,0,0,0,0,0,0,0,0,0,0,0,0,126859
1,1,1,1,21,-2327,704,-614,43,-230,-15,13,36,0,0,0,0,0,0,0,0,0,0,0,0,0,0,0,0,0,0,0,0,0,0,126869
1,1,1,1,-156,-2334,626,-807,117,-202,-13,14,34,0,0,0,0,0,0,0,0,0,0,0,0,0,0,0,0,0,0,0,0,0,0,126879
1,1,1,1,325,-2248,647,-818,131,-174,-7,14,35,0,0,0,0,0,0,0,0,0,0,0,0,0,0,0,0,0,0,0,0,0,0,126889
1,1,1,1,246,-2127,709,-292,146,-150,-6,14,35,0,0,0,0,0,0,0,0,0,0,0,0,0,0,0,0,0,0,0,0,0,0,126899
1,1,1,1,28,-2219,609,31,172,-140,-11,15,37,0,0,0,0,0,0,0,0,0,0,0,0,0,0,0,0,0,0,0,0,0,0,126909
1,1,1,1,75,-2391,651,-85,176,-124,-13,16,42,0,0,0,0,0,0,0,0,0,0,0,0,0,0,0,0,0,0,0,0,0,0,126919
1,1,1,1,143,-2375,700,-172,168,-89,-11,15,45,0,0,0,0,0,0,0,0,0,0,0,0,0,0,0,0,0,0,0,0,0,0,126929
1,1,1,1,88,-2346,641,-113,169,-68,-14,15,46,0,0,0,0,0,0,0,0,0,0,0,0,0,0,0,0,0,0,0,0,0,0,126939
1,1,1,1,73,-2313,603,-216,164,-31,-17,15,46,0,0,0,0,0,0,0,0,0,0,0,0,0,0,0,0,0,0,0,0,0,0,126949
1,1,1,1,127,-2184,547,-402,164,-13,-13,15,50,0,0,0,0,0,0,0,0,0,0,0,0,0,0,0,0,0,0,0,0,0,0,126959
1,1,1,1,112,-2261,531,-402,158,-32,-16,15,50,0,0,0,0,0,0,0,0,0,0,0,0,0,0,0,0,0,0,0,0,0,0,126969
1,1,1,1,51,-2313,535,-385,143,-59,-16,14,51,0,0,0,0,0,0,0,0,0,0,0,0,0,0,0,0,0,0,0,0,0,0,126979
1,1,1,1,71,-2187,560,-383,120,-109,-16,14,50,0,0,0,0,0,0,0,0,0,0,0,0,0,0,0,0,0,0,0,0,0,0,126989
1,1,1,1,145,-2135,583,-348,101,-199,-18,15,53,0,0,0,0,0,0,0,0,0,0,0,0,0,0,0,0,0,0,0,0,0,0,126999
1,1,1,1,216,-2145,609,-310,98,-265,-21,17,48,0,0,0,0,0,0,0,0,0,0,0,0,0,0,0,0,0,0,0,0,0,0,127009
1,1,1,1,199,-2157,584,-224,119,-283,-16,11,47,0,0,0,0,0,0,0,0,0,0,0,0,0,0,0,0,0,0,0,0,0,0,127019
1,1,1,1,189,-2108,625,-15,172,-257,-15,16,46,0,0,0,0,0,0,0,0,0,0,0,0,0,0,0,0,0,0,0,0,0,0,127029
1,1,1,1,259,-2280,623,227,161,-220,-16,14,48,0,0,0,0,0,0,0,0,0,0,0,0,0,0,0,0,0,0,0,0,0,0,127039
1,1,1,1,182,-2358,608,236,139,-170,-15,13,45,0,0,0,0,0,0,0,0,0,0,0,0,0,0,0,0,0,0,0,0,0,0,127049
1,1,1,1,154,-2427,608,232,125,-96,-20,17,53,0,0,0,0,0,0,0,0,0,0,0,0,0,0,0,0,0,0,0,0,0,0,127059
1,1,1,1,67,-2485,540,211,88,-32,-20,13,58,0,0,0,0,0,0,0,0,0,0,0,0,0,0,0,0,0,0,0,0,0,0,127069
1,1,1,1,-20,-2487,498,130,76,17,-20,12,59,0,0,0,0,0,0,0,0,0,0,0,0,0,0,0,0,0,0,0,0,0,0,127079
1,1,1,1,0,-2490,522,14,58,53,-20,13,61,0,0,0,0,0,0,0,0,0,0,0,0,0,0,0,0,0,0,0,0,0,0,127089
1,1,1,1,77,-2447,586,-107,8,83,-22,14,62,0,0,0,0,0,0,0,0,0,0,0,0,0,0,0,0,0,0,0,0,0,0,127099
1,1,1,1,81,-2379,570,-157,-6,101,-21,15,63,0,0,0,0,0,0,0,0,0,0,0,0,0,0,0,0,0,0,0,0,0,0,127109
1,1,1,1,100,-2336,552,-181,-7,104,-24,15,66,0,0,0,0,0,0,0,0,0,0,0,0,0,0,0,0,0,0,0,0,0,0,127119
1,1,1,1,145,-2273,596,-185,-12,99,-27,15,68,0,0,0,0,0,0,0,0,0,0,0,0,0,0,0,0,0,0,0,0,0,0,127129
1,1,1,1,201,-2185,623,-113,-14,88,-28,16,68,0,0,0,0,0,0,0,0,0,0,0,0,0,0,0,0,0,0,0,0,0,0,127139
1,1,1,1,236,-2217,631,-52,-21,86,-31,15,74,0,0,0,0,0,0,0,0,0,0,0,0,0,0,0,0,0,0,0,0,0,0,127149
1,1,1,1,187,-2321,591,-99,-32,60,-33,15,77,0,0,0,0,0,0,0,0,0,0,0,0,0,0,0,0,0,0,0,0,0,0,127159
1,1,1,1,166,-2295,562,-173,-29,50,-34,14,76,0,0,0,0,0,0,0,0,0,0,0,0,0,0,0,0,0,0,0,0,0,0,127169
1,1,1,1,133,-2273,539,-190,-4,54,-35,14,81,0,0,0,0,0,0,0,0,0,0,0,0,0,0,0,0,0,0,0,0,0,0,127179
1,1,1,1,138,-2271,543,-205,-5,56,-37,14,82,0,0,0,0,0,0,0,0,0,0,0,0,0,0,0,0,0,0,0,0,0,0,127189
1,1,1,1,132,-2293,550,-181,-26,27,-37,13,83,0,0,0,0,0,0,0,0,0,0,0,0,0,0,0,0,0,0,0,0,0,0,127199
1,1,1,1,114,-2291,539,-166,-50,13,-36,12,82,0,0,0,0,0,0,0,0,0,0,0,0,0,0,0,0,0,0,0,0,0,0,127209
1,1,1,1,110,-2285,528,-152,-61,3,-36,11,84,0,0,0,0,0,0,0,0,0,0,0,0,0,0,0,0,0,0,0,0,0,0,127219
1,1,1,1,134,-2243,557,-103,-66,1,-37,11,84,0,0,0,0,0,0,0,0,0,0,0,0,0,0,0,0,0,0,0,0,0,0,127229
1,1,1,1,138,-2256,532,-59,-60,1,-37,11,87,0,0,0,0,0,0,0,0,0,0,0,0,0,0,0,0,0,0,0,0,0,0,127239
1,1,1,1,143,-2230,538,-25,-61,8,-38,11,89,0,0,0,0,0,0,0,0,0,0,0,0,0,0,0,0,0,0,0,0,0,0,127249
1,1,1,1,149,-2281,539,9,-58,-4,-37,11,87,0,0,0,0,0,0,0,0,0,0,0,0,0,0,0,0,0,0,0,0,0,0,127259
1,1,1,1,125,-2247,530,50,-46,-12,-38,11,90,0,0,0,0,0,0,0,0,0,0,0,0,0,0,0,0,0,0,0,0,0,0,127269
1,1,1,1,153,-2257,530,123,-40,-12,-36,11,91,0,0,0,0,0,0,0,0,0,0,0,0,0,0,0,0,0,0,0,0,0,0,127279
1,1,1,1,139,-2331,535,131,-45,-24,-39,11,90,0,0,0,0,0,0,0,0,0,0,0,0,0,0,0,0,0,0,0,0,0,0,127289
1,1,1,1,140,-2336,543,87,-29,-21,-41,11,90,0,0,0,0,0,0,0,0,0,0,0,0,0,0,0,0,0,0,0,0,0,0,127299
1,1,1,1,135,-2343,574,15,-33,-9,-39,9,91,0,0,0,0,0,0,0,0,0,0,0,0,0,0,0,0,0,0,0,0,0,0,127309
1,1,1,1,140,-2336,577,-31,-31,2,-39,11,87,0,0,0,0,0,0,0,0,0,0,0,0,0,0,0,0,0,0,0,0,0,0,127319
1,1,1,1,156,-2332,591,-53,-31,6,-39,10,92,0,0,0,0,0,0,0,0,0,0,0,0,0,0,0,0,0,0,0,0,0,0,127329
1,1,1,1,144,-2320,573,-48,-41,9,-40,11,93,0,0,0,0,0,0,0,0,0,0,0,0,0,0,0,0,0,0,0,0,0,0,127339
1,1,1,1,143,-2300,557,-46,-44,23,-41,13,93,0,0,0,0,0,0,0,0,0,0,0,0,0,0,0,0,0,0,0,0,0,0,127349
1,1,1,1,133,-2292,556,-10,-32,22,-43,13,95,0,0,0,0,0,0,0,0,0,0,0,0,0,0,0,0,0,0,0,0,0,0,127359
1,1,1,1,173,-2266,561,30,-35,20,-42,13,95,0,0,0,0,0,0,0,0,0,0,0,0,0,0,0,0,0,0,0,0,0,0,127369
1,1,1,1,173,-2303,567,26,-44,16,-40,11,97,0,0,0,0,0,0,0,0,0,0,0,0,0,0,0,0,0,0,0,0,0,0,127379
1,1,1,1,149,-2288,533,34,-20,12,-42,13,96,0,0,0,0,0,0,0,0,0,0,0,0,0,0,0,0,0,0,0,0,0,0,127389
1,1,1,1,156,-2298,548,36,-31,1,-40,10,92,0,0,0,0,0,0,0,0,0,0,0,0,0,0,0,0,0,0,0,0,0,0,127399
1,1,1,1,148,-2319,561,6,-32,-5,-38,12,93,0,0,0,0,0,0,0,0,0,0,0,0,0,0,0,0,0,0,0,0,0,0,127409
1,1,1,1,161,-2305,566,-39,-27,2,-39,12,94,0,0,0,0,0,0,0,0,0,0,0,0,0,0,0,0,0,0,0,0,0,0,127419
1,1,1,1,169,-2293,579,-71,-22,4,-41,12,90,0,0,0,0,0,0,0,0,0,0,0,0,0,0,0,0,0,0,0,0,0,0,127429
1,1,1,1,155,-2287,579,-70,-21,-4,-39,13,93,0,0,0,0,0,0,0,0,0,0,0,0,0,0,0,0,0,0,0,0,0,0,127439
1,1,1,1,155,-2287,579,-40,-14,-10,-37,12,92,0,0,0,0,0,0,0,0,0,0,0,0,0,0,0,0,0,0,0,0,0,0,127449
1,1,1,1,143,-2262,557,29,-4,-16,-38,13,93,0,0,0,0,0,0,0,0,0,0,0,0,0,0,0,0,0,0,0,0,0,0,127459
1,1,1,1,151,-2261,545,81,-8,-32,-38,13,92,0,0,0,0,0,0,0,0,0,0,0,0,0,0,0,0,0,0,0,0,0,0,127469
1,1,1,1,152,-2248,556,110,-6,-27,-38,13,90,0,0,0,0,0,0,0,0,0,0,0,0,0,0,0,0,0,0,0,0,0,0,127479
1,1,1,1,146,-2278,558,111,-11,-18,-36,14,90,0,0,0,0,0,0,0,0,0,0,0,0,0,0,0,0,0,0,0,0,0,0,127489
1,1,1,1,146,-2331,553,58,-18,-13,-37,14,89,0,0,0,0,0,0,0,0,0,0,0,0,0,0,0,0,0,0,0,0,0,0,127499
1,1,1,1,137,-2339,560,-2,-14,-7,-36,14,91,0,0,0,0,0,0,0,0,0,0,0,0,0,0,0,0,0,0,0,0,0,0,127509
1,1,1,1,141,-2316,581,-16,-18,-10,-37,13,90,0,0,0,0,0,0,0,0,0,0,0,0,0,0,0,0,0,0,0,0,0,0,127519
1,1,1,1,153,-2311,596,-16,-11,-14,-39,14,88,0,0,0,0,0,0,0,0,0,0,0,0,0,0,0,0,0,0,0,0,0,0,127529
1,1,1,1,159,-2308,587,-31,-1,-13,-38,13,92,0,0,0,0,0,0,0,0,0,0,0,0,0,0,0,0,0,0,0,0,0,0,127539
1,1,1,1,157,-2313,579,-44,7,-16,-37,13,89,0,0,0,0,0,0,0,0,0,0,0,0,0,0,0,0,0,0,0,0,0,0,127549
1,1,1,1,152,-2310,569,-48,6,-18,-37,13,92,0,0,0,0,0,0,0,0,0,0,0,0,0,0,0,0,0,0,0,0,0,0,127559
1,1,1,1,146,-2299,551,-64,12,-12,-40,13,93,0,0,0,0,0,0,0,0,0,0,0,0,0,0,0,0,0,0,0,0,0,0,127569
1,1,1,1,146,-2277,543,-54,9,-10,-38,14,91,0,0,0,0,0,0,0,0,0,0,0,0,0,0,0,0,0,0,0,0,0,0,127589
1,1,1,1,144,-2254,531,-3,14,-11,-36,14,89,0,0,0,0,0,0,0,0,0,0,0,0,0,0,0,0,0,0,0,0,0,0,127599
1,1,1,1,165,-2263,544,33,17,-13,-38,17,89,0,0,0,0,0,0,0,0,0,0,0,0,0,0,0,0,0,0,0,0,0,0,127609
1,1,1,1,180,-2257,568,52,5,-11,-36,17,89,0,0,0,0,0,0,0,0,0,0,0,0,0,0,0,0,0,0,0,0,0,0,127619
1,1,1,1,173,-2288,559,52,-7,-14,-37,16,92,0,0,0,0,0,0,0,0,0,0,0,0,0,0,0,0,0,0,0,0,0,0,127629
1,1,1,1,171,-2301,573,40,-9,-11,-38,15,89,0,0,0,0,0,0,0,0,0,0,0,0,0,0,0,0,0,0,0,0,0,0,127639
1,1,1,1,165,-2312,577,32,-6,-4,-38,14,89,0,0,0,0,0,0,0,0,0,0,0,0,0,0,0,0,0,0,0,0,0,0,127649
1,1,1,1,151,-2325,568,19,-7,-4,-38,17,92,0,0,0,0,0,0,0,0,0,0,0,0,0,0,0,0,0,0,0,0,0,0,127659
1,1,1,1,135,-2328,560,-45,-19,11,-40,16,93,0,0,0,0,0,0,0,0,0,0,0,0,0,0,0,0,0,0,0,0,0,0,127679
1,1,1,1,133,-2283,533,-19,-4,13,-40,19,93,0,0,0,0,0,0,0,0,0,0,0,0,0,0,0,0,0,0,0,0,0,0,127689
1,1,1,1,152,-2273,535,17,2,3,-34,14,90,0,0,0,0,0,0,0,0,0,0,0,0,0,0,0,0,0,0,0,0,0,0,127699
1,1,1,1,158,-2264,530,32,6,3,-34,15,92,0,0,0,0,0,0,0,0,0,0,0,0,0,0,0,0,0,0,0,0,0,0,127709
1,1,1,1,162,-2267,560,38,9,2,-35,16,91,0,0,0,0,0,0,0,0,0,0,0,0,0,0,0,0,0,0,0,0,0,0,127719
1,1,1,1,164,-2284,570,38,7,3,-34,16,92,0,0,0,0,0,0,0,0,0,0,0,0,0,0,0,0,0,0,0,0,0,0,127729
1,1,1,1,150,-2295,544,35,1,3,-35,16,92,0,0,0,0,0,0,0,0,0,0,0,0,0,0,0,0,0,0,0,0,0,0,127739
1,1,1,1,150,-2275,542,44,0,2,-36,16,91,0,0,0,0,0,0,0,0,0,0,0,0,0,0,0,0,0,0,0,0,0,0,127749
1,1,1,1,170,-2293,584,38,-6,4,-36,15,93,0,0,0,0,0,0,0,0,0,0,0,0,0,0,0,0,0,0,0,0,0,0,127759
1,1,1,1,138,-2310,559,30,7,9,-34,15,91,0,0,0,0,0,0,0,0,0,0,0,0,0,0,0,0,0,0,0,0,0,0,127769
1,1,1,1,135,-2307,557,24,7,11,-34,15,91,0,0,0,0,0,0,0,0,0,0,0,0,0,0,0,0,0,0,0,0,0,0,127779
1,1,1,1,132,-2317,551,32,10,11,-33,15,93,0,0,0,0,0,0,0,0,0,0,0,0,0,0,0,0,0,0,0,0,0,0,127789
1,1,1,1,133,-2307,539,39,2,6,-34,16,92,0,0,0,0,0,0,0,0,0,0,0,0,0,0,0,0,0,0,0,0,0,0,127799
1,1,1,1,142,-2288,539,55,-8,5,-35,15,92,0,0,0,0,0,0,0,0,0,0,0,0,0,0,0,0,0,0,0,0,0,0,127809
1,1,1,1,155,-2283,537,69,-7,13,-37,16,90,0,0,0,0,0,0,0,0,0,0,0,0,0,0,0,0,0,0,0,0,0,0,127819
1,1,1,1,150,-2286,515,79,-5,5,-36,16,89,0,0,0,0,0,0,0,0,0,0,0,0,0,0,0,0,0,0,0,0,0,0,127829
1,1,1,1,167,-2265,541,116,-10,-6,-36,17,91,0,0,0,0,0,0,0,0,0,0,0,0,0,0,0,0,0,0,0,0,0,0,127839
1,1,1,1,185,-2251,571,144,-18,-11,-33,16,88,0,0,0,0,0,0,0,0,0,0,0,0,0,0,0,0,0,0,0,0,0,0,127849
1,1,1,1,183,-2271,587,131,-29,-10,-33,17,92,0,0,0,0,0,0,0,0,0,0,0,0,0,0,0,0,0,0,0,0,0,0,127859
1,1,1,1,185,-2291,592,121,-22,-7,-32,16,91,0,0,0,0,0,0,0,0,0,0,0,0,0,0,0,0,0,0,0,0,0,0,127869
1,1,1,1,168,-2302,598,103,-20,-6,-35,17,91,0,0,0,0,0,0,0,0,0,0,0,0,0,0,0,0,0,0,0,0,0,0,127879
1,1,1,1,158,-2338,612,61,-28,-6,-33,17,90,0,0,0,0,0,0,0,0,0,0,0,0,0,0,0,0,0,0,0,0,0,0,127889
1,1,1,1,130,-2334,581,47,-13,-4,-35,19,90,0,0,0,0,0,0,0,0,0,0,0,0,0,0,0,0,0,0,0,0,0,0,127899
1,1,1,1,133,-2318,575,48,-2,0,-34,17,92,0,0,0,0,0,0,0,0,0,0,0,0,0,0,0,0,0,0,0,0,0,0,127909
1,1,1,1,130,-2316,573,61,-1,-2,-33,17,87,0,0,0,0,0,0,0,0,0,0,0,0,0,0,0,0,0,0,0,0,0,0,127919
1,1,1,1,127,-2290,565,91,-5,-12,-33,15,91,0,0,0,0,0,0,0,0,0,0,0,0,0,0,0,0,0,0,0,0,0,0,127929
1,1,1,1,150,-2277,552,110,-13,-15,-33,18,91,0,0,0,0,0,0,0,0,0,0,0,0,0,0,0,0,0,0,0,0,0,0,127939
1,1,1,1,160,-2259,560,110,-21,-13,-34,18,91,0,0,0,0,0,0,0,0,0,0,0,0,0,0,0,0,0,0,0,0,0,0,127949
1,1,1,1,185,-2273,578,78,-12,-3,-35,17,88,0,0,0,0,0,0,0,0,0,0,0,0,0,0,0,0,0,0,0,0,0,0,127959
1,1,1,1,175,-2266,582,54,-18,4,-33,16,91,0,0,0,0,0,0,0,0,0,0,0,0,0,0,0,0,0,0,0,0,0,0,127969
1,1,1,1,173,-2246,601,65,-26,3,-33,17,91,0,0,0,0,0,0,0,0,0,0,0,0,0,0,0,0,0,0,0,0,0,0,127979
1,1,1,1,160,-2273,600,73,-24,0,-32,18,91,0,0,0,0,0,0,0,0,0,0,0,0,0,0,0,0,0,0,0,0,0,0,127989
1,1,1,1,153,-2286,596,63,-20,-5,-31,18,91,0,0,0,0,0,0,0,0,0,0,0,0,0,0,0,0,0,0,0,0,0,0,127999
1,1,1,1,152,-2272,600,62,-20,-4,-32,17,91,0,0,0,0,0,0,0,0,0,0,0,0,0,0,0,0,0,0,0,0,0,0,128009
1,1,1,1,155,-2271,597,65,-18,-7,-32,17,92,0,0,0,0,0,0,0,0,0,0,0,0,0,0,0,0,0,0,0,0,0,0,128019
1,1,1,1,158,-2271,592,53,-13,-3,-33,18,93,0,0,0,0,0,0,0,0,0,0,0,0,0,0,0,0,0,0,0,0,0,0,128029
1,1,1,1,152,-2289,595,20,-12,2,-34,18,94,0,0,0,0,0,0,0,0,0,0,0,0,0,0,0,0,0,0,0,0,0,0,128039
1,1,1,1,131,-2269,585,24,-5,4,-35,18,91,0,0,0,0,0,0,0,0,0,0,0,0,0,0,0,0,0,0,0,0,0,0,128049
1,1,1,1,141,-2255,597,62,-6,4,-35,19,91,0,0,0,0,0,0,0,0,0,0,0,0,0,0,0,0,0,0,0,0,0,0,128059
1,1,1,1,145,-2282,600,69,-16,4,-35,18,92,0,0,0,0,0,0,0,0,0,0,0,0,0,0,0,0,0,0,0,0,0,0,128069
1,1,1,1,149,-2291,608,40,-9,8,-32,17,92,0,0,0,0,0,0,0,0,0,0,0,0,0,0,0,0,0,0,0,0,0,0,128089
1,1,1,1,162,-2275,613,18,-9,16,-33,18,87,0,0,0,0,0,0,0,0,0,0,0,0,0,0,0,0,0,0,0,0,0,0,128099
1,1,1,1,166,-2276,620,1,-1,21,-33,17,91,0,0,0,0,0,0,0,0,0,0,0,0,0,0,0,0,0,0,0,0,0,0,128109
1,1,1,1,160,-2256,601,14,3,14,-33,18,91,0,0,0,0,0,0,0,0,0,0,0,0,0,0,0,0,0,0,0,0,0,0,128119
1,1,1,1,163,-2253,592,40,11,6,-33,17,90,0,0,0,0,0,0,0,0,0,0,0,0,0,0,0,0,0,0,0,0,0,0,128129
1,1,1,1,167,-2252,599,59,16,-2,-33,18,88,0,0,0,0,0,0,0,0,0,0,0,0,0,0,0,0,0,0,0,0,0,0,128139
1,1,1,1,161,-2251,599,65,4,-7,-34,18,90,0,0,0,0,0,0,0,0,0,0,0,0,0,0,0,0,0,0,0,0,0,0,128149
1,1,1,1,159,-2271,598,56,-1,-1,-33,17,93,0,0,0,0,0,0,0,0,0,0,0,0,0,0,0,0,0,0,0,0,0,0,128159
1,1,1,1,154,-2293,603,37,-2,-4,-30,18,90,0,0,0,0,0,0,0,0,0,0,0,0,0,0,0,0,0,0,0,0,0,0,128169
1,1,1,1,149,-2288,611,27,-9,-8,-32,19,90,0,0,0,0,0,0,0,0,0,0,0,0,0,0,0,0,0,0,0,0,0,0,128179
1,1,1,1,160,-2282,632,16,-7,-3,-33,18,90,0,0,0,0,0,0,0,0,0,0,0,0,0,0,0,0,0,0,0,0,0,0,128189
1,1,1,1,152,-2306,631,-23,-9,3,-32,18,91,0,0,0,0,0,0,0,0,0,0,0,0,0,0,0,0,0,0,0,0,0,0,128199
1,1,1,1,141,-2274,613,-35,-13,1,-34,18,90,0,0,0,0,0,0,0,0,0,0,0,0,0,0,0,0,0,0,0,0,0,0,128209
1,1,1,1,156,-2261,610,-8,-14,-5,-33,20,92,0,0,0,0,0,0,0,0,0,0,0,0,0,0,0,0,0,0,0,0,0,0,128219
1,1,1,1,154,-2253,598,8,-4,-6,-34,17,90,0,0,0,0,0,0,0,0,0,0,0,0,0,0,0,0,0,0,0,0,0,0,128229
1,1,1,1,155,-2251,590,26,4,-2,-36,19,90,0,0,0,0,0,0,0,0,0,0,0,0,0,0,0,0,0,0,0,0,0,0,128239
1,1,1,1,153,-2247,591,54,-4,-7,-37,20,90,0,0,0,0,0,0,0,0,0,0,0,0,0,0,0,0,0,0,0,0,0,0,128249
1,1,1,1,158,-2238,591,86,-15,-8,-34,16,91,0,0,0,0,0,0,0,0,0,0,0,0,0,0,0,0,0,0,0,0,0,0,128259
1,1,1,1,165,-2255,597,96,-13,1,-38,22,90,0,0,0,0,0,0,0,0,0,0,0,0,0,0,0,0,0,0,0,0,0,0,128269
1,1,1,1,159,-2273,601,87,-17,2,-37,18,91,0,0,0,0,0,0,0,0,0,0,0,0,0,0,0,0,0,0,0,0,0,0,128279
1,1,1,1,165,-2272,605,78,-28,-1,-34,18,90,0,0,0,0,0,0,0,0,0,0,0,0,0,0,0,0,0,0,0,0,0,0,128289
1,1,1,1,163,-2269,612,70,-29,-3,-35,18,90,0,0,0,0,0,0,0,0,0,0,0,0,0,0,0,0,0,0,0,0,0,0,128299
1,1,1,1,164,-2269,605,75,-26,-10,-35,19,92,0,0,0,0,0,0,0,0,0,0,0,0,0,0,0,0,0,0,0,0,0,0,128309
1,1,1,1,159,-2260,604,97,-12,-13,-35,19,92,0,0,0,0,0,0,0,0,0,0,0,0,0,0,0,0,0,0,0,0,0,0,128319
1,1,1,1,159,-2260,614,115,-9,-20,-33,19,92,0,0,0,0,0,0,0,0,0,0,0,0,0,0,0,0,0,0,0,0,0,0,128329
1,1,1,1,167,-2260,626,120,-15,-26,-33,19,89,0,0,0,0,0,0,0,0,0,0,0,0,0,0,0,0,0,0,0,0,0,0,128339
1,1,1,1,165,-2257,634,122,-15,-20,-34,19,91,0,0,0,0,0,0,0,0,0,0,0,0,0,0,0,0,0,0,0,0,0,0,128349
1,1,1,1,168,-2283,638,95,-18,-9,-35,19,90,0,0,0,0,0,0,0,0,0,0,0,0,0,0,0,0,0,0,0,0,0,0,128359
1,1,1,1,155,-2290,624,38,-18,-1,-37,19,88,0,0,0,0,0,0,0,0,0,0,0,0,0,0,0,0,0,0,0,0,0,0,128369
1,1,1,1,160,-2275,630,6,-9,10,-34,19,90,0,0,0,0,0,0,0,0,0,0,0,0,0,0,0,0,0,0,0,0,0,0,128379
1,1,1,1,163,-2272,630,1,-18,7,-33,18,90,0,0,0,0,0,0,0,0,0,0,0,0,0,0,0,0,0,0,0,0,0,0,128389
1,1,1,1,164,-2265,621,12,-18,4,-36,20,87,0,0,0,0,0,0,0,0,0,0,0,0,0,0,0,0,0,0,0,0,0,0,128399
1,1,1,1,162,-2262,616,21,-20,0,-34,19,85,0,0,0,0,0,0,0,0,0,0,0,0,0,0,0,0,0,0,0,0,0,0,128409
1,1,1,1,154,-2257,609,36,-19,-5,-36,19,88,0,0,0,0,0,0,0,0,0,0,0,0,0,0,0,0,0,0,0,0,0,0,128419
1,1,1,1,155,-2269,610,48,-23,-9,-34,19,89,0,0,0,0,0,0,0,0,0,0,0,0,0,0,0,0,0,0,0,0,0,0,128429
1,1,1,1,158,-2269,601,51,-23,-8,-33,19,88,0,0,0,0,0,0,0,0,0,0,0,0,0,0,0,0,0,0,0,0,0,0,128439
1,1,1,1,172,-2261,611,52,-15,-9,-34,19,87,0,0,0,0,0,0,0,0,0,0,0,0,0,0,0,0,0,0,0,0,0,0,128449
1,1,1,1,182,-2256,629,51,-12,-12,-33,19,87,0,0,0,0,0,0,0,0,0,0,0,0,0,0,0,0,0,0,0,0,0,0,128459
1,1,1,1,188,-2255,643,43,-10,-13,-30,19,83,0,0,0,0,0,0,0,0,0,0,0,0,0,0,0,0,0,0,0,0,0,0,128469
1,1,1,1,186,-2257,651,33,-4,-9,-32,20,86,0,0,0,0,0,0,0,0,0,0,0,0,0,0,0,0,0,0,0,0,0,0,128479
1,1,1,1,183,-2269,656,13,-1,0,-32,19,87,0,0,0,0,0,0,0,0,0,0,0,0,0,0,0,0,0,0,0,0,0,0,128489
1,1,1,1,173,-2282,643,-17,-5,4,-33,20,88,0,0,0,0,0,0,0,0,0,0,0,0,0,0,0,0,0,0,0,0,0,0,128499
1,1,1,1,176,-2269,641,-29,-8,9,-32,20,87,0,0,0,0,0,0,0,0,0,0,0,0,0,0,0,0,0,0,0,0,0,0,128509
1,1,1,1,168,-2262,631,-24,-7,9,-34,21,88,0,0,0,0,0,0,0,0,0,0,0,0,0,0,0,0,0,0,0,0,0,0,128519
1,1,1,1,160,-2260,617,-14,5,10,-34,22,87,0,0,0,0,0,0,0,0,0,0,0,0,0,0,0,0,0,0,0,0,0,0,128529
1,1,1,1,160,-2266,613,-6,11,9,-30,17,86,0,0,0,0,0,0,0,0,0,0,0,0,0,0,0,0,0,0,0,0,0,0,128539
1,1,1,1,162,-2256,616,-3,15,8,-31,19,83,0,0,0,0,0,0,0,0,0,0,0,0,0,0,0,0,0,0,0,0,0,0,128549
1,1,1,1,166,-2251,616,-2,22,8,-34,22,87,0,0,0,0,0,0,0,0,0,0,0,0,0,0,0,0,0,0,0,0,0,0,128559
1,1,1,1,169,-2246,624,5,29,9,-32,19,84,0,0,0,0,0,0,0,0,0,0,0,0,0,0,0,0,0,0,0,0,0,0,128569
1,1,1,1,174,-2249,644,3,21,9,-33,20,84,0,0,0,0,0,0,0,0,0,0,0,0,0,0,0,0,0,0,0,0,0,0,128579
1,1,1,1,166,-2267,633,-11,16,13,-31,20,84,0,0,0,0,0,0,0,0,0,0,0,0,0,0,0,0,0,0,0,0,0,0,128589
1,1,1,1,164,-2270,637,-25,22,18,-30,21,83,0,0,0,0,0,0,0,0,0,0,0,0,0,0,0,0,0,0,0,0,0,0,128599
1,1,1,1,171,-2276,638,-47,19,19,-30,18,83,0,0,0,0,0,0,0,0,0,0,0,0,0,0,0,0,0,0,0,0,0,0,128609
1,1,1,1,168,-2280,633,-54,30,24,-28,19,84,0,0,0,0,0,0,0,0,0,0,0,0,0,0,0,0,0,0,0,0,0,0,128619
1,1,1,1,162,-2261,623,-43,31,19,-29,19,84,0,0,0,0,0,0,0,0,0,0,0,0,0,0,0,0,0,0,0,0,0,0,128629
1,1,1,1,160,-2257,607,-12,34,11,-31,20,83,0,0,0,0,0,0,0,0,0,0,0,0,0,0,0,0,0,0,0,0,0,0,128639
1,1,1,1,161,-2254,603,2,42,7,-31,19,82,0,0,0,0,0,0,0,0,0,0,0,0,0,0,0,0,0,0,0,0,0,0,128649
1,1,1,1,173,-2249,619,5,40,10,-30,19,80,0,0,0,0,0,0,0,0,0,0,0,0,0,0,0,0,0,0,0,0,0,0,128659
1,1,1,1,166,-2257,617,-1,34,17,-29,20,79,0,0,0,0,0,0,0,0,0,0,0,0,0,0,0,0,0,0,0,0,0,0,128669
1,1,1,1,162,-2264,616,-11,31,21,-25,20,80,0,0,0,0,0,0,0,0,0,0,0,0,0,0,0,0,0,0,0,0,0,0,128679
1,1,1,1,162,-2270,623,-20,30,21,-26,20,79,0,0,0,0,0,0,0,0,0,0,0,0,0,0,0,0,0,0,0,0,0,0,128689
1,1,1,1,164,-2270,636,-32,23,18,-26,20,78,0,0,0,0,0,0,0,0,0,0,0,0,0,0,0,0,0,0,0,0,0,0,128699
1,1,1,1,159,-2275,634,-52,23,17,-26,20,78,0,0,0,0,0,0,0,0,0,0,0,0,0,0,0,0,0,0,0,0,0,0,128709
1,1,1,1,159,-2275,637,-58,28,14,-27,20,75,0,0,0,0,0,0,0,0,0,0,0,0,0,0,0,0,0,0,0,0,0,0,128719
1,1,1,1,179,-2241,633,-41,31,6,-27,20,73,0,0,0,0,0,0,0,0,0,0,0,0,0,0,0,0,0,0,0,0,0,0,128729
1,1,1,1,172,-2236,628,-7,35,-3,-27,20,74,0,0,0,0,0,0,0,0,0,0,0,0,0,0,0,0,0,0,0,0,0,0,128739
1,1,1,1,162,-2231,616,23,33,-9,-28,20,77,0,0,0,0,0,0,0,0,0,0,0,0,0,0,0,0,0,0,0,0,0,0,128749
1,1,1,1,151,-2248,612,51,45,-5,-27,20,77,0,0,0,0,0,0,0,0,0,0,0,0,0,0,0,0,0,0,0,0,0,0,128759
1,1,1,1,151,-2277,606,46,42,3,-28,21,77,0,0,0,0,0,0,0,0,0,0,0,0,0,0,0,0,0,0,0,0,0,0,128769
1,1,1,1,150,-2279,616,30,37,12,-29,21,76,0,0,0,0,0,0,0,0,0,0,0,0,0,0,0,0,0,0,0,0,0,0,128779
1,1,1,1,155,-2281,619,4,33,20,-27,20,78,0,0,0,0,0,0,0,0,0,0,0,0,0,0,0,0,0,0,0,0,0,0,128789
1,1,1,1,169,-2283,636,-34,18,28,-26,20,78,0,0,0,0,0,0,0,0,0,0,0,0,0,0,0,0,0,0,0,0,0,0,128799
1,1,1,1,154,-2274,623,-48,21,31,-27,19,78,0,0,0,0,0,0,0,0,0,0,0,0,0,0,0,0,0,0,0,0,0,0,128809
1,1,1,1,149,-2252,625,-32,24,32,-27,22,77,0,0,0,0,0,0,0,0,0,0,0,0,0,0,0,0,0,0,0,0,0,0,128819
1,1,1,1,144,-2254,613,-16,17,24,-28,21,78,0,0,0,0,0,0,0,0,0,0,0,0,0,0,0,0,0,0,0,0,0,0,128829
1,1,1,1,150,-2251,610,-3,20,23,-31,24,79,0,0,0,0,0,0,0,0,0,0,0,0,0,0,0,0,0,0,0,0,0,0,128839
1,1,1,1,147,-2254,615,4,18,20,-28,20,80,0,0,0,0,0,0,0,0,0,0,0,0,0,0,0,0,0,0,0,0,0,0,128849
1,1,1,1,149,-2270,614,8,20,21,-30,21,80,0,0,0,0,0,0,0,0,0,0,0,0,0,0,0,0,0,0,0,0,0,0,128859
1,1,1,1,143,-2271,617,14,16,17,-29,19,81,0,0,0,0,0,0,0,0,0,0,0,0,0,0,0,0,0,0,0,0,0,0,128869
1,1,1,1,156,-2266,626,12,17,18,-29,18,80,0,0,0,0,0,0,0,0,0,0,0,0,0,0,0,0,0,0,0,0,0,0,128879
1,1,1,1,162,-2266,633,-9,20,22,-28,19,80,0,0,0,0,0,0,0,0,0,0,0,0,0,0,0,0,0,0,0,0,0,0,128899
1,1,1,1,156,-2272,636,-19,27,26,-28,20,81,0,0,0,0,0,0,0,0,0,0,0,0,0,0,0,0,0,0,0,0,0,0,128909
1,1,1,1,152,-2276,628,-36,18,26,-26,17,80,0,0,0,0,0,0,0,0,0,0,0,0,0,0,0,0,0,0,0,0,0,0,128919
1,1,1,1,149,-2277,623,-34,25,28,-27,19,83,0,0,0,0,0,0,0,0,0,0,0,0,0,0,0,0,0,0,0,0,0,0,128929
1,1,1,1,139,-2269,607,-30,23,28,-27,19,82,0,0,0,0,0,0,0,0,0,0,0,0,0,0,0,0,0,0,0,0,0,0,128939
1,1,1,1,146,-2265,604,-20,19,25,-28,19,82,0,0,0,0,0,0,0,0,0,0,0,0,0,0,0,0,0,0,0,0,0,0,128949
1,1,1,1,156,-2255,602,-14,12,25,-29,18,80,0,0,0,0,0,0,0,0,0,0,0,0,0,0,0,0,0,0,0,0,0,0,128959
1,1,1,1,144,-2249,598,3,9,20,-29,19,80,0,0,0,0,0,0,0,0,0,0,0,0,0,0,0,0,0,0,0,0,0,0,128969
1,1,1,1,151,-2234,607,31,10,18,-28,19,79,0,0,0,0,0,0,0,0,0,0,0,0,0,0,0,0,0,0,0,0,0,0,128979
1,1,1,1,147,-2244,619,44,-3,18,-28,18,82,0,0,0,0,0,0,0,0,0,0,0,0,0,0,0,0,0,0,0,0,0,0,128989
1,1,1,1,142,-2273,616,46,10,20,-27,19,80,0,0,0,0,0,0,0,0,0,0,0,0,0,0,0,0,0,0,0,0,0,0,128999
1,1,1,1,138,-2286,612,38,10,20,-26,19,82,0,0,0,0,0,0,0,0,0,0,0,0,0,0,0,0,0,0,0,0,0,0,129009
1,1,1,1,139,-2289,622,26,11,21,-27,18,82,0,0,0,0,0,0,0,0,0,0,0,0,0,0,0,0,0,0,0,0,0,0,129019
1,1,1,1,136,-2294,628,1,5,23,-30,20,84,0,0,0,0,0,0,0,0,0,0,0,0,0,0,0,0,0,0,0,0,0,0,129029
1,1,1,1,142,-2276,620,-14,6,27,-31,20,83,0,0,0,0,0,0,0,0,0,0,0,0,0,0,0,0,0,0,0,0,0,0,129039
1,1,1,1,145,-2271,620,-21,12,31,-29,19,82,0,0,0,0,0,0,0,0,0,0,0,0,0,0,0,0,0,0,0,0,0,0,129049
1,1,1,1,141,-2256,619,-15,13,30,-27,20,85,0,0,0,0,0,0,0,0,0,0,0,0,0,0,0,0,0,0,0,0,0,0,129059
1,1,1,1,142,-2253,611,-1,13,27,-25,19,85,0,0,0,0,0,0,0,0,0,0,0,0,0,0,0,0,0,0,0,0,0,0,129069
1,1,1,1,146,-2260,607,12,19,28,-26,19,82,0,0,0,0,0,0,0,0,0,0,0,0,0,0,0,0,0,0,0,0,0,0,129079
1,1,1,1,136,-2259,616,27,17,24,-25,20,83,0,0,0,0,0,0,0,0,0,0,0,0,0,0,0,0,0,0,0,0,0,0,129089
1,1,1,1,143,-2254,613,41,16,18,-27,19,83,0,0,0,0,0,0,0,0,0,0,0,0,0,0,0,0,0,0,0,0,0,0,129099
1,1,1,1,143,-2269,629,42,16,17,-26,19,84,0,0,0,0,0,0,0,0,0,0,0,0,0,0,0,0,0,0,0,0,0,0,129109
1,1,1,1,130,-2284,618,20,11,14,-27,19,84,0,0,0,0,0,0,0,0,0,0,0,0,0,0,0,0,0,0,0,0,0,0,129119
1,1,1,1,123,-2280,621,9,13,20,-28,19,81,0,0,0,0,0,0,0,0,0,0,0,0,0,0,0,0,0,0,0,0,0,0,129129
1,1,1,1,126,-2282,621,-2,1,21,-28,19,83,0,0,0,0,0,0,0,0,0,0,0,0,0,0,0,0,0,0,0,0,0,0,129139
1,1,1,1,127,-2282,613,-15,1,19,-28,19,83,0,0,0,0,0,0,0,0,0,0,0,0,0,0,0,0,0,0,0,0,0,0,129149
1,1,1,1,139,-2263,619,-24,5,17,-30,18,82,0,0,0,0,0,0,0,0,0,0,0,0,0,0,0,0,0,0,0,0,0,0,129159
1,1,1,1,144,-2244,619,-15,4,17,-30,21,85,0,0,0,0,0,0,0,0,0,0,0,0,0,0,0,0,0,0,0,0,0,0,129169
1,1,1,1,145,-2240,614,3,9,10,-29,20,81,0,0,0,0,0,0,0,0,0,0,0,0,0,0,0,0,0,0,0,0,0,0,129179
1,1,1,1,145,-2248,622,13,7,12,-30,18,84,0,0,0,0,0,0,0,0,0,0,0,0,0,0,0,0,0,0,0,0,0,0,129189
1,1,1,1,136,-2278,605,10,6,8,-30,20,83,0,0,0,0,0,0,0,0,0,0,0,0,0,0,0,0,0,0,0,0,0,0,129199
1,1,1,1,126,-2268,597,19,-5,3,-29,19,85,0,0,0,0,0,0,0,0,0,0,0,0,0,0,0,0,0,0,0,0,0,0,129209
1,1,1,1,128,-2282,608,27,-6,1,-29,20,84,0,0,0,0,0,0,0,0,0,0,0,0,0,0,0,0,0,0,0,0,0,0,129219
1,1,1,1,121,-2285,598,15,-8,2,-30,19,85,0,0,0,0,0,0,0,0,0,0,0,0,0,0,0,0,0,0,0,0,0,0,129229
1,1,1,1,128,-2268,611,6,-8,8,-29,20,85,0,0,0,0,0,0,0,0,0,0,0,0,0,0,0,0,0,0,0,0,0,0,129239
1,1,1,1,128,-2265,615,14,-4,9,-30,19,85,0,0,0,0,0,0,0,0,0,0,0,0,0,0,0,0,0,0,0,0,0,0,129249
1,1,1,1,128,-2268,600,8,-3,9,-29,20,86,0,0,0,0,0,0,0,0,0,0,0,0,0,0,0,0,0,0,0,0,0,0,129259
1,1,1,1,134,-2254,606,11,-3,8,-31,20,81,0,0,0,0,0,0,0,0,0,0,0,0,0,0,0,0,0,0,0,0,0,0,129269
1,1,1,1,141,-2247,616,27,4,8,-29,20,83,0,0,0,0,0,0,0,0,0,0,0,0,0,0,0,0,0,0,0,0,0,0,129279
1,1,1,1,143,-2259,621,20,0,5,-28,20,82,0,0,0,0,0,0,0,0,0,0,0,0,0,0,0,0,0,0,0,0,0,0,129289
1,1,1,1,145,-2262,621,21,2,-1,-28,20,82,0,0,0,0,0,0,0,0,0,0,0,0,0,0,0,0,0,0,0,0,0,0,129299
1,1,1,1,139,-2258,618,31,4,-1,-27,20,82,0,0,0,0,0,0,0,0,0,0,0,0,0,0,0,0,0,0,0,0,0,0,129309
1,1,1,1,141,-2264,621,27,-3,0,-27,19,84,0,0,0,0,0,0,0,0,0,0,0,0,0,0,0,0,0,0,0,0,0,0,129319
1,1,1,1,142,-2267,631,26,2,1,-29,20,80,0,0,0,0,0,0,0,0,0,0,0,0,0,0,0,0,0,0,0,0,0,0,129329
1,1,1,1,129,-2275,617,24,3,4,-27,20,82,0,0,0,0,0,0,0,0,0,0,0,0,0,0,0,0,0,0,0,0,0,0,129339
1,1,1,1,129,-2267,621,23,10,4,-28,19,82,0,0,0,0,0,0,0,0,0,0,0,0,0,0,0,0,0,0,0,0,0,0,129349
1,1,1,1,135,-2266,632,16,10,6,-27,20,81,0,0,0,0,0,0,0,0,0,0,0,0,0,0,0,0,0,0,0,0,0,0,129359
1,1,1,1,135,-2269,631,-1,12,6,-28,20,80,0,0,0,0,0,0,0,0,0,0,0,0,0,0,0,0,0,0,0,0,0,0,129369
1,1,1,1,133,-2261,634,-6,11,12,-28,20,81,0,0,0,0,0,0,0,0,0,0,0,0,0,0,0,0,0,0,0,0,0,0,129379
1,1,1,1,122,-2271,613,-6,15,14,-26,20,79,0,0,0,0,0,0,0,0,0,0,0,0,0,0,0,0,0,0,0,0,0,0,129389
1,1,1,1,128,-2268,613,-12,17,13,-27,20,80,0,0,0,0,0,0,0,0,0,0,0,0,0,0,0,0,0,0,0,0,0,0,129399
1,1,1,1,132,-2259,621,-9,16,15,-26,20,81,0,0,0,0,0,0,0,0,0,0,0,0,0,0,0,0,0,0,0,0,0,0,129409
1,1,1,1,125,-2257,619,3,13,14,-30,23,81,0,0,0,0,0,0,0,0,0,0,0,0,0,0,0,0,0,0,0,0,0,0,129419
1,1,1,1,126,-2259,620,15,17,12,-27,22,78,0,0,0,0,0,0,0,0,0,0,0,0,0,0,0,0,0,0,0,0,0,0,129429
1,1,1,1,122,-2267,617,22,21,9,-28,24,81,0,0,0,0,0,0,0,0,0,0,0,0,0,0,0,0,0,0,0,0,0,0,129439
1,1,1,1,130,-2266,616,21,17,3,-26,20,78,0,0,0,0,0,0,0,0,0,0,0,0,0,0,0,0,0,0,0,0,0,0,129449
1,1,1,1,130,-2260,612,40,25,-2,-26,22,79,0,0,0,0,0,0,0,0,0,0,0,0,0,0,0,0,0,0,0,0,0,0,129459
1,1,1,1,132,-2258,614,50,33,-4,-26,22,78,0,0,0,0,0,0,0,0,0,0,0,0,0,0,0,0,0,0,0,0,0,0,129469
1,1,1,1,134,-2265,629,30,24,-5,-24,21,79,0,0,0,0,0,0,0,0,0,0,0,0,0,0,0,0,0,0,0,0,0,0,129479
1,1,1,1,139,-2273,652,10,14,1,-29,24,77,0,0,0,0,0,0,0,0,0,0,0,0,0,0,0,0,0,0,0,0,0,0,129489
1,1,1,1,126,-2285,632,-3,16,6,-25,19,78,0,0,0,0,0,0,0,0,0,0,0,0,0,0,0,0,0,0,0,0,0,0,129499
1,1,1,1,129,-2276,634,-21,23,12,-25,19,80,0,0,0,0,0,0,0,0,0,0,0,0,0,0,0,0,0,0,0,0,0,0,129509
1,1,1,1,139,-2277,649,-52,22,26,-27,22,78,0,0,0,0,0,0,0,0,0,0,0,0,0,0,0,0,0,0,0,0,0,0,129519
1,1,1,1,117,-2281,625,-67,23,26,-23,18,79,0,0,0,0,0,0,0,0,0,0,0,0,0,0,0,0,0,0,0,0,0,0,129529
1,1,1,1,127,-2270,622,-69,24,28,-25,19,80,0,0,0,0,0,0,0,0,0,0,0,0,0,0,0,0,0,0,0,0,0,0,129539
1,1,1,1,114,-2265,621,-64,27,25,-25,19,80,0,0,0,0,0,0,0,0,0,0,0,0,0,0,0,0,0,0,0,0,0,0,129549
1,1,1,1,114,-2248,604,-45,23,15,-26,19,81,0,0,0,0,0,0,0,0,0,0,0,0,0,0,0,0,0,0,0,0,0,0,129559
1,1,1,1,112,-2242,601,-13,28,9,-29,20,81,0,0,0,0,0,0,0,0,0,0,0,0,0,0,0,0,0,0,0,0,0,0,129569
1,1,1,1,111,-2238,598,17,27,3,-29,21,81,0,0,0,0,0,0,0,0,0,0,0,0,0,0,0,0,0,0,0,0,0,0,129579
1,1,1,1,123,-2253,602,17,21,1,-28,21,80,0,0,0,0,0,0,0,0,0,0,0,0,0,0,0,0,0,0,0,0,0,0,129589
1,1,1,1,122,-2269,614,2,17,3,-27,20,75,0,0,0,0,0,0,0,0,0,0,0,0,0,0,0,0,0,0,0,0,0,0,129599
1,1,1,1,112,-2268,608,-15,17,6,-26,20,76,0,0,0,0,0,0,0,0,0,0,0,0,0,0,0,0,0,0,0,0,0,0,129609
1,1,1,1,116,-2277,627,-32,16,10,-28,21,77,0,0,0,0,0,0,0,0,0,0,0,0,0,0,0,0,0,0,0,0,0,0,129619
1,1,1,1,116,-2277,627,-43,26,10,-27,20,77,0,0,0,0,0,0,0,0,0,0,0,0,0,0,0,0,0,0,0,0,0,0,129629
1,1,1,1,130,-2269,634,-62,25,15,-28,20,78,0,0,0,0,0,0,0,0,0,0,0,0,0,0,0,0,0,0,0,0,0,0,129639
1,1,1,1,123,-2282,626,-69,27,11,-28,20,79,0,0,0,0,0,0,0,0,0,0,0,0,0,0,0,0,0,0,0,0,0,0,129649
1,1,1,1,117,-2270,606,-60,32,10,-30,20,80,0,0,0,0,0,0,0,0,0,0,0,0,0,0,0,0,0,0,0,0,0,0,129659
1,1,1,1,121,-2272,601,-43,30,8,-29,21,79,0,0,0,0,0,0,0,0,0,0,0,0,0,0,0,0,0,0,0,0,0,0,129669
1,1,1,1,124,-2272,597,-28,38,8,-28,19,79,0,0,0,0,0,0,0,0,0,0,0,0,0,0,0,0,0,0,0,0,0,0,129679
1,1,1,1,131,-2265,600,-29,34,8,-28,21,79,0,0,0,0,0,0,0,0,0,0,0,0,0,0,0,0,0,0,0,0,0,0,129689
1,1,1,1,135,-2260,606,-24,21,2,-26,20,80,0,0,0,0,0,0,0,0,0,0,0,0,0,0,0,0,0,0,0,0,0,0,129699
1,1,1,1,139,-2257,602,-5,11,-2,-27,21,80,0,0,0,0,0,0,0,0,0,0,0,0,0,0,0,0,0,0,0,0,0,0,129709
1,1,1,1,137,-2276,608,8,14,-7,-27,20,83,0,0,0,0,0,0,0,0,0,0,0,0,0,0,0,0,0,0,0,0,0,0,129719
1,1,1,1,135,-2276,609,19,9,-13,-29,22,81,0,0,0,0,0,0,0,0,0,0,0,0,0,0,0,0,0,0,0,0,0,0,129729
1,1,1,1,139,-2273,616,34,11,-10,-27,22,81,0,0,0,0,0,0,0,0,0,0,0,0,0,0,0,0,0,0,0,0,0,0,129739
1,1,1,1,135,-2284,618,41,9,-7,-29,21,80,0,0,0,0,0,0,0,0,0,0,0,0,0,0,0,0,0,0,0,0,0,0,129749
1,1,1,1,136,-2288,625,30,2,-1,-29,19,81,0,0,0,0,0,0,0,0,0,0,0,0,0,0,0,0,0,0,0,0,0,0,129759
1,1,1,1,134,-2289,621,9,2,3,-26,15,79,0,0,0,0,0,0,0,0,0,0,0,0,0,0,0,0,0,0,0,0,0,0,129769
1,1,1,1,130,-2282,617,-1,3,9,-28,22,83,0,0,0,0,0,0,0,0,0,0,0,0,0,0,0,0,0,0,0,0,0,0,129779
1,1,1,1,125,-2287,606,-5,-4,10,-26,19,82,0,0,0,0,0,0,0,0,0,0,0,0,0,0,0,0,0,0,0,0,0,0,129789
1,1,1,1,119,-2283,602,-11,-8,6,-28,21,81,0,0,0,0,0,0,0,0,0,0,0,0,0,0,0,0,0,0,0,0,0,0,129799
1,1,1,1,122,-2269,611,2,-7,2,-25,18,81,0,0,0,0,0,0,0,0,0,0,0,0,0,0,0,0,0,0,0,0,0,0,129809
1,1,1,1,121,-2272,608,14,6,4,-26,21,85,0,0,0,0,0,0,0,0,0,0,0,0,0,0,0,0,0,0,0,0,0,0,129819
1,1,1,1,122,-2273,616,8,13,1,-25,21,83,0,0,0,0,0,0,0,0,0,0,0,0,0,0,0,0,0,0,0,0,0,0,129829
1,1,1,1,127,-2266,625,-2,7,-1,-27,20,82,0,0,0,0,0,0,0,0,0,0,0,0,0,0,0,0,0,0,0,0,0,0,129839
1,1,1,1,131,-2268,631,-9,5,0,-27,23,82,0,0,0,0,0,0,0,0,0,0,0,0,0,0,0,0,0,0,0,0,0,0,129849
1,1,1,1,124,-2267,624,-10,8,0,-27,20,81,0,0,0,0,0,0,0,0,0,0,0,0,0,0,0,0,0,0,0,0,0,0,129859
1,1,1,1,125,-2252,615,-6,10,-1,-26,20,82,0,0,0,0,0,0,0,0,0,0,0,0,0,0,0,0,0,0,0,0,0,0,129869
1,1,1,1,124,-2259,606,4,8,-6,-28,21,80,0,0,0,0,0,0,0,0,0,0,0,0,0,0,0,0,0,0,0,0,0,0,129879
1,1,1,1,124,-2259,606,3,14,0,-28,21,81,0,0,0,0,0,0,0,0,0,0,0,0,0,0,0,0,0,0,0,0,0,0,129889
1,1,1,1,131,-2255,601,-2,6,2,-28,20,81,0,0,0,0,0,0,0,0,0,0,0,0,0,0,0,0,0,0,0,0,0,0,129899
1,1,1,1,120,-2254,595,8,10,2,-28,21,80,0,0,0,0,0,0,0,0,0,0,0,0,0,0,0,0,0,0,0,0,0,0,129909
1,1,1,1,120,-2268,597,12,-1,1,-28,21,80,0,0,0,0,0,0,0,0,0,0,0,0,0,0,0,0,0,0,0,0,0,0,129919
1,1,1,1,110,-2276,588,11,3,2,-30,21,82,0,0,0,0,0,0,0,0,0,0,0,0,0,0,0,0,0,0,0,0,0,0,129929
1,1,1,1,115,-2269,588,20,-2,3,-29,21,80,0,0,0,0,0,0,0,0,0,0,0,0,0,0,0,0,0,0,0,0,0,0,129939
1,1,1,1,131,-2271,600,16,-12,-1,-31,21,84,0,0,0,0,0,0,0,0,0,0,0,0,0,0,0,0,0,0,0,0,0,0,129949
1,1,1,1,123,-2284,592,13,-4,1,-30,22,84,0,0,0,0,0,0,0,0,0,0,0,0,0,0,0,0,0,0,0,0,0,0,129959
1,1,1,1,117,-2263,598,19,1,-2,-29,21,82,0,0,0,0,0,0,0,0,0,0,0,0,0,0,0,0,0,0,0,0,0,0,129969
1,1,1,1,136,-2278,624,25,3,-5,-28,21,82,0,0,0,0,0,0,0,0,0,0,0,0,0,0,0,0,0,0,0,0,0,0,129979
1,1,1,1,131,-2283,630,5,-2,-2,-29,21,81,0,0,0,0,0,0,0,0,0,0,0,0,0,0,0,0,0,0,0,0,0,0,129989
1,1,1,1,130,-2280,623,3,0,-1,-31,22,82,0,0,0,0,0,0,0,0,0,0,0,0,0,0,0,0,0,0,0,0,0,0,129999
1,1,1,1,135,-2270,618,14,5,-3,-31,21,80,0,0,0,0,0,0,0,0,0,0,0,0,0,0,0,0,0,0,0,0,0,0,130009
1,1,1,1,131,-2266,614,15,7,-4,-30,21,83,0,0,0,0,0,0,0,0,0,0,0,0,0,0,0,0,0,0,0,0,0,0,130019
1,1,1,1,134,-2266,626,7,-2,-2,-30,22,84,0,0,0,0,0,0,0,0,0,0,0,0,0,0,0,0,0,0,0,0,0,0,130029
1,1,1,1,119,-2271,600,15,-7,-1,-33,22,85,0,0,0,0,0,0,0,0,0,0,0,0,0,0,0,0,0,0,0,0,0,0,130039
1,1,1,1,124,-2274,595,26,-9,-1,-32,22,83,0,0,0,0,0,0,0,0,0,0,0,0,0,0,0,0,0,0,0,0,0,0,130049
1,1,1,1,127,-2277,604,29,-9,1,-32,23,82,0,0,0,0,0,0,0,0,0,0,0,0,0,0,0,0,0,0,0,0,0,0,130059
1,1,1,1,123,-2279,618,27,-8,3,-32,22,84,0,0,0,0,0,0,0,0,0,0,0,0,0,0,0,0,0,0,0,0,0,0,130069
1,1,1,1,126,-2281,615,23,0,7,-31,21,82,0,0,0,0,0,0,0,0,0,0,0,0,0,0,0,0,0,0,0,0,0,0,130079
1,1,1,1,126,-2288,617,14,-3,5,-31,19,82,0,0,0,0,0,0,0,0,0,0,0,0,0,0,0,0,0,0,0,0,0,0,130089
1,1,1,1,124,-2289,621,0,6,6,-29,21,83,0,0,0,0,0,0,0,0,0,0,0,0,0,0,0,0,0,0,0,0,0,0,130099
1,1,1,1,127,-2278,630,-14,5,11,-28,21,84,0,0,0,0,0,0,0,0,0,0,0,0,0,0,0,0,0,0,0,0,0,0,130109
1,1,1,1,116,-2281,619,-19,-1,9,-29,21,83,0,0,0,0,0,0,0,0,0,0,0,0,0,0,0,0,0,0,0,0,0,0,130119
1,1,1,1,111,-2266,604,-11,17,14,-28,21,84,0,0,0,0,0,0,0,0,0,0,0,0,0,0,0,0,0,0,0,0,0,0,130129
1,1,1,1,123,-2272,609,-7,14,12,-28,21,84,0,0,0,0,0,0,0,0,0,0,0,0,0,0,0,0,0,0,0,0,0,0,130139
1,1,1,1,124,-2260,609,-12,11,14,-28,22,83,0,0,0,0,0,0,0,0,0,0,0,0,0,0,0,0,0,0,0,0,0,0,130149
1,1,1,1,136,-2263,620,-18,4,22,-29,21,83,0,0,0,0,0,0,0,0,0,0,0,0,0,0,0,0,0,0,0,0,0,0,130159
1,1,1,1,115,-2273,605,-19,8,21,-30,21,88,0,0,0,0,0,0,0,0,0,0,0,0,0,0,0,0,0,0,0,0,0,0,130169
1,1,1,1,123,-2256,588,0,9,16,-31,21,86,0,0,0,0,0,0,0,0,0,0,0,0,0,0,0,0,0,0,0,0,0,0,130179
1,1,1,1,125,-2254,591,22,2,7,-28,21,82,0,0,0,0,0,0,0,0,0,0,0,0,0,0,0,0,0,0,0,0,0,0,130189
1,1,1,1,124,-2256,593,27,6,4,-29,21,83,0,0,0,0,0,0,0,0,0,0,0,0,0,0,0,0,0,0,0,0,0,0,130199
1,1,1,1,128,-2263,602,19,-1,7,-27,21,82,0,0,0,0,0,0,0,0,0,0,0,0,0,0,0,0,0,0,0,0,0,0,130209
1,1,1,1,123,-2268,604,18,-13,6,-28,21,81,0,0,0,0,0,0,0,0,0,0,0,0,0,0,0,0,0,0,0,0,0,0,130219
1,1,1,1,116,-2270,598,32,-5,5,-30,22,82,0,0,0,0,0,0,0,0,0,0,0,0,0,0,0,0,0,0,0,0,0,0,130229
1,1,1,1,121,-2285,609,24,-10,5,-31,21,81,0,0,0,0,0,0,0,0,0,0,0,0,0,0,0,0,0,0,0,0,0,0,130239
1,1,1,1,127,-2293,622,-3,-5,9,-31,21,85,0,0,0,0,0,0,0,0,0,0,0,0,0,0,0,0,0,0,0,0,0,0,130249
1,1,1,1,119,-2286,618,-15,-3,12,-30,22,82,0,0,0,0,0,0,0,0,0,0,0,0,0,0,0,0,0,0,0,0,0,0,130259
1,1,1,1,122,-2267,622,-8,6,13,-29,21,85,0,0,0,0,0,0,0,0,0,0,0,0,0,0,0,0,0,0,0,0,0,0,130269
1,1,1,1,126,-2264,617,-6,-4,12,-28,21,82,0,0,0,0,0,0,0,0,0,0,0,0,0,0,0,0,0,0,0,0,0,0,130279
1,1,1,1,123,-2254,618,0,-9,8,-29,21,83,0,0,0,0,0,0,0,0,0,0,0,0,0,0,0,0,0,0,0,0,0,0,130289
1,1,1,1,125,-2254,606,12,-6,5,-27,21,81,0,0,0,0,0,0,0,0,0,0,0,0,0,0,0,0,0,0,0,0,0,0,130299
1,1,1,1,127,-2259,603,19,-14,5,-29,21,85,0,0,0,0,0,0,0,0,0,0,0,0,0,0,0,0,0,0,0,0,0,0,130309
1,1,1,1,121,-2274,600,19,-12,4,-29,21,83,0,0,0,0,0,0,0,0,0,0,0,0,0,0,0,0,0,0,0,0,0,0,130319
1,1,1,1,110,-2282,597,18,-15,3,-30,22,84,0,0,0,0,0,0,0,0,0,0,0,0,0,0,0,0,0,0,0,0,0,0,130329
1,1,1,1,107,-2285,604,12,-24,3,-29,21,84,0,0,0,0,0,0,0,0,0,0,0,0,0,0,0,0,0,0,0,0,0,0,130339
1,1,1,1,115,-2285,619,4,-20,6,-31,21,82,0,0,0,0,0,0,0,0,0,0,0,0,0,0,0,0,0,0,0,0,0,0,130349
1,1,1,1,115,-2273,617,-1,-17,6,-31,21,83,0,0,0,0,0,0,0,0,0,0,0,0,0,0,0,0,0,0,0,0,0,0,130359
1,1,1,1,123,-2267,624,2,-21,6,-31,22,85,0,0,0,0,0,0,0,0,0,0,0,0,0,0,0,0,0,0,0,0,0,0,130369
1,1,1,1,123,-2270,623,8,-12,3,-31,25,85,0,0,0,0,0,0,0,0,0,0,0,0,0,0,0,0,0,0,0,0,0,0,130379
1,1,1,1,127,-2267,622,7,-11,1,-29,22,85,0,0,0,0,0,0,0,0,0,0,0,0,0,0,0,0,0,0,0,0,0,0,130389
1,1,1,1,126,-2270,618,10,-4,3,-30,23,87,0,0,0,0,0,0,0,0,0,0,0,0,0,0,0,0,0,0,0,0,0,0,130399
1,1,1,1,125,-2274,618,7,-6,4,-27,20,88,0,0,0,0,0,0,0,0,0,0,0,0,0,0,0,0,0,0,0,0,0,0,130409
1,1,1,1,121,-2277,622,3,-7,8,-28,22,87,0,0,0,0,0,0,0,0,0,0,0,0,0,0,0,0,0,0,0,0,0,0,130419
1,1,1,1,112,-2278,619,-5,-2,10,-27,20,87,0,0,0,0,0,0,0,0,0,0,0,0,0,0,0,0,0,0,0,0,0,0,130429
1,1,1,1,117,-2271,619,-15,-9,8,-24,19,83,0,0,0,0,0,0,0,0,0,0,0,0,0,0,0,0,0,0,0,0,0,0,130439
1,1,1,1,117,-2268,617,-16,-9,6,-25,20,86,0,0,0,0,0,0,0,0,0,0,0,0,0,0,0,0,0,0,0,0,0,0,130449
1,1,1,1,118,-2268,613,-12,-5,3,-29,21,86,0,0,0,0,0,0,0,0,0,0,0,0,0,0,0,0,0,0,0,0,0,0,130459
1,1,1,1,113,-2256,614,-3,0,4,-29,20,84,0,0,0,0,0,0,0,0,0,0,0,0,0,0,0,0,0,0,0,0,0,0,130469
1,1,1,1,114,-2255,608,8,1,6,-27,20,87,0,0,0,0,0,0,0,0,0,0,0,0,0,0,0,0,0,0,0,0,0,0,130479
1,1,1,1,116,-2256,610,18,7,4,-27,19,84,0,0,0,0,0,0,0,0,0,0,0,0,0,0,0,0,0,0,0,0,0,0,130489
1,1,1,1,117,-2264,621,22,4,2,-27,21,84,0,0,0,0,0,0,0,0,0,0,0,0,0,0,0,0,0,0,0,0,0,0,130499
1,1,1,1,117,-2272,612,19,-2,1,-27,21,83,0,0,0,0,0,0,0,0,0,0,0,0,0,0,0,0,0,0,0,0,0,0,130509
1,1,1,1,118,-2284,614,10,1,2,-28,21,83,0,0,0,0,0,0,0,0,0,0,0,0,0,0,0,0,0,0,0,0,0,0,130519
1,1,1,1,112,-2274,614,0,5,6,-28,21,80,0,0,0,0,0,0,0,0,0,0,0,0,0,0,0,0,0,0,0,0,0,0,130529
1,1,1,1,114,-2274,615,-4,4,7,-28,21,83,0,0,0,0,0,0,0,0,0,0,0,0,0,0,0,0,0,0,0,0,0,0,130539
1,1,1,1,118,-2271,616,-8,3,6,-30,20,83,0,0,0,0,0,0,0,0,0,0,0,0,0,0,0,0,0,0,0,0,0,0,130549
1,1,1,1,119,-2265,608,-4,6,6,-31,21,84,0,0,0,0,0,0,0,0,0,0,0,0,0,0,0,0,0,0,0,0,0,0,130559
1,1,1,1,123,-2262,614,5,-1,1,-29,21,85,0,0,0,0,0,0,0,0,0,0,0,0,0,0,0,0,0,0,0,0,0,0,130569
1,1,1,1,126,-2260,615,11,-6,-3,-28,20,83,0,0,0,0,0,0,0,0,0,0,0,0,0,0,0,0,0,0,0,0,0,0,130579
1,1,1,1,125,-2255,613,20,-3,-2,-29,21,85,0,0,0,0,0,0,0,0,0,0,0,0,0,0,0,0,0,0,0,0,0,0,130589
1,1,1,1,120,-2263,609,25,-5,-2,-28,21,83,0,0,0,0,0,0,0,0,0,0,0,0,0,0,0,0,0,0,0,0,0,0,130599
1,1,1,1,124,-2274,617,27,-9,-2,-29,21,84,0,0,0,0,0,0,0,0,0,0,0,0,0,0,0,0,0,0,0,0,0,0,130609
1,1,1,1,116,-2280,608,20,-9,1,-27,21,85,0,0,0,0,0,0,0,0,0,0,0,0,0,0,0,0,0,0,0,0,0,0,130619
1,1,1,1,122,-2280,610,21,-6,7,-28,21,85,0,0,0,0,0,0,0,0,0,0,0,0,0,0,0,0,0,0,0,0,0,0,130629
1,1,1,1,125,-2281,623,19,-10,8,-26,21,85,0,0,0,0,0,0,0,0,0,0,0,0,0,0,0,0,0,0,0,0,0,0,130639
1,1,1,1,127,-2275,629,16,-4,12,-27,22,84,0,0,0,0,0,0,0,0,0,0,0,0,0,0,0,0,0,0,0,0,0,0,130649
1,1,1,1,129,-2285,640,10,-2,14,-26,19,82,0,0,0,0,0,0,0,0,0,0,0,0,0,0,0,0,0,0,0,0,0,0,130659
1,1,1,1,124,-2297,634,-15,0,13,-27,21,86,0,0,0,0,0,0,0,0,0,0,0,0,0,0,0,0,0,0,0,0,0,0,130669
1,1,1,1,121,-2293,628,-37,5,15,-30,21,81,0,0,0,0,0,0,0,0,0,0,0,0,0,0,0,0,0,0,0,0,0,0,130679
1,1,1,1,121,-2271,626,-32,3,13,-30,23,82,0,0,0,0,0,0,0,0,0,0,0,0,0,0,0,0,0,0,0,0,0,0,130689
1,1,1,1,118,-2267,615,-19,9,10,-30,22,83,0,0,0,0,0,0,0,0,0,0,0,0,0,0,0,0,0,0,0,0,0,0,130699
1,1,1,1,119,-2258,608,-15,5,8,-27,20,83,0,0,0,0,0,0,0,0,0,0,0,0,0,0,0,0,0,0,0,0,0,0,130709
1,1,1,1,119,-2261,613,-13,0,8,-26,21,83,0,0,0,0,0,0,0,0,0,0,0,0,0,0,0,0,0,0,0,0,0,0,130719
1,1,1,1,114,-2267,614,-6,8,8,-28,25,85,0,0,0,0,0,0,0,0,0,0,0,0,0,0,0,0,0,0,0,0,0,0,130729
1,1,1,1,113,-2267,608,-10,2,8,-24,20,82,0,0,0,0,0,0,0,0,0,0,0,0,0,0,0,0,0,0,0,0,0,0,130739
1,1,1,1,118,-2271,611,-6,7,14,-25,21,83,0,0,0,0,0,0,0,0,0,0,0,0,0,0,0,0,0,0,0,0,0,0,130749
1,1,1,1,115,-2265,600,-10,1,14,-26,21,84,0,0,0,0,0,0,0,0,0,0,0,0,0,0,0,0,0,0,0,0,0,0,130759
1,1,1,1,123,-2254,608,-10,-15,11,-29,22,85,0,0,0,0,0,0,0,0,0,0,0,0,0,0,0,0,0,0,0,0,0,0,130769
1,1,1,1,126,-2256,606,4,-11,12,-30,22,81,0,0,0,0,0,0,0,0,0,0,0,0,0,0,0,0,0,0,0,0,0,0,130779
1,1,1,1,129,-2262,601,8,-7,7,-31,21,83,0,0,0,0,0,0,0,0,0,0,0,0,0,0,0,0,0,0,0,0,0,0,130789
1,1,1,1,125,-2265,608,3,-8,0,-30,22,82,0,0,0,0,0,0,0,0,0,0,0,0,0,0,0,0,0,0,0,0,0,0,130799
1,1,1,1,119,-2267,601,-2,-8,0,-28,21,84,0,0,0,0,0,0,0,0,0,0,0,0,0,0,0,0,0,0,0,0,0,0,130809
1,1,1,1,116,-2273,602,-3,-3,3,-31,22,82,0,0,0,0,0,0,0,0,0,0,0,0,0,0,0,0,0,0,0,0,0,0,130819
1,1,1,1,117,-2268,601,-2,-8,0,-29,21,80,0,0,0,0,0,0,0,0,0,0,0,0,0,0,0,0,0,0,0,0,0,0,130829
1,1,1,1,116,-2269,601,2,-6,3,-29,22,82,0,0,0,0,0,0,0,0,0,0,0,0,0,0,0,0,0,0,0,0,0,0,130839
1,1,1,1,117,-2266,609,5,-2,0,-29,22,83,0,0,0,0,0,0,0,0,0,0,0,0,0,0,0,0,0,0,0,0,0,0,130849
1,1,1,1,122,-2269,620,10,0,-4,-29,21,82,0,0,0,0,0,0,0,0,0,0,0,0,0,0,0,0,0,0,0,0,0,0,130859
1,1,1,1,124,-2280,624,6,-7,-7,-28,21,83,0,0,0,0,0,0,0,0,0,0,0,0,0,0,0,0,0,0,0,0,0,0,130869
1,1,1,1,116,-2284,623,3,2,-3,-30,22,83,0,0,0,0,0,0,0,0,0,0,0,0,0,0,0,0,0,0,0,0,0,0,130879
1,1,1,1,118,-2292,628,-6,9,3,-28,22,84,0,0,0,0,0,0,0,0,0,0,0,0,0,0,0,0,0,0,0,0,0,0,130889
1,1,1,1,116,-2285,621,-20,4,8,-28,22,84,0,0,0,0,0,0,0,0,0,0,0,0,0,0,0,0,0,0,0,0,0,0,130899
1,1,1,1,114,-2286,614,-25,5,9,-29,22,84,0,0,0,0,0,0,0,0,0,0,0,0,0,0,0,0,0,0,0,0,0,0,130909
1,1,1,1,115,-2281,605,-21,6,7,-29,22,84,0,0,0,0,0,0,0,0,0,0,0,0,0,0,0,0,0,0,0,0,0,0,130919
1,1,1,1,110,-2274,600,-13,7,3,-30,21,83,0,0,0,0,0,0,0,0,0,0,0,0,0,0,0,0,0,0,0,0,0,0,130929
1,1,1,1,113,-2271,599,-4,8,5,-28,21,82,0,0,0,0,0,0,0,0,0,0,0,0,0,0,0,0,0,0,0,0,0,0,130939
1,1,1,1,115,-2273,601,3,5,3,-25,17,82,0,0,0,0,0,0,0,0,0,0,0,0,0,0,0,0,0,0,0,0,0,0,130949
1,1,1,1,124,-2271,604,4,3,-2,-26,23,81,0,0,0,0,0,0,0,0,0,0,0,0,0,0,0,0,0,0,0,0,0,0,130959
1,1,1,1,127,-2279,609,1,6,-6,-28,21,82,0,0,0,0,0,0,0,0,0,0,0,0,0,0,0,0,0,0,0,0,0,0,130969
1,1,1,1,121,-2280,604,-3,7,-6,-28,21,83,0,0,0,0,0,0,0,0,0,0,0,0,0,0,0,0,0,0,0,0,0,0,130979
1,1,1,1,121,-2275,612,0,13,-9,-29,23,83,0,0,0,0,0,0,0,0,0,0,0,0,0,0,0,0,0,0,0,0,0,0,130989
1,1,1,1,125,-2269,619,1,12,-3,-27,19,82,0,0,0,0,0,0,0,0,0,0,0,0,0,0,0,0,0,0,0,0,0,0,130999
1,1,1,1,118,-2267,612,-5,9,-3,-29,22,84,0,0,0,0,0,0,0,0,0,0,0,0,0,0,0,0,0,0,0,0,0,0,131009
1,1,1,1,117,-2275,605,-3,14,2,-29,22,85,0,0,0,0,0,0,0,0,0,0,0,0,0,0,0,0,0,0,0,0,0,0,131019
1,1,1,1,113,-2289,602,-12,5,1,-27,20,82,0,0,0,0,0,0,0,0,0,0,0,0,0,0,0,0,0,0,0,0,0,0,131029
1,1,1,1,112,-2283,594,-12,17,5,-28,22,84,0,0,0,0,0,0,0,0,0,0,0,0,0,0,0,0,0,0,0,0,0,0,131039
1,1,1,1,119,-2268,594,-10,20,5,-28,23,84,0,0,0,0,0,0,0,0,0,0,0,0,0,0,0,0,0,0,0,0,0,0,131049
1,1,1,1,126,-2255,601,-8,12,4,-26,21,83,0,0,0,0,0,0,0,0,0,0,0,0,0,0,0,0,0,0,0,0,0,0,131059
1,1,1,1,138,-2254,597,-1,15,5,-28,21,85,0,0,0,0,0,0,0,0,0,0,0,0,0,0,0,0,0,0,0,0,0,0,131069
1,1,1,1,137,-2250,594,17,21,1,-28,22,84,0,0,0,0,0,0,0,0,0,0,0,0,0,0,0,0,0,0,0,0,0,0,131079
1,1,1,1,131,-2257,604,25,12,-6,-29,22,85,0,0,0,0,0,0,0,0,0,0,0,0,0,0,0,0,0,0,0,0,0,0,131089
1,1,1,1,119,-2284,598,13,5,-2,-28,21,82,0,0,0,0,0,0,0,0,0,0,0,0,0,0,0,0,0,0,0,0,0,0,131099
1,1,1,1,114,-2289,600,-8,3,5,-25,20,81,0,0,0,0,0,0,0,0,0,0,0,0,0,0,0,0,0,0,0,0,0,0,131109
1,1,1,1,120,-2290,607,-18,1,9,-27,21,82,0,0,0,0,0,0,0,0,0,0,0,0,0,0,0,0,0,0,0,0,0,0,131119
1,1,1,1,120,-2290,607,-30,-10,15,-27,20,82,0,0,0,0,0,0,0,0,0,0,0,0,0,0,0,0,0,0,0,0,0,0,131129
1,1,1,1,117,-2280,597,-39,4,23,-26,21,79,0,0,0,0,0,0,0,0,0,0,0,0,0,0,0,0,0,0,0,0,0,0,131139
1,1,1,1,123,-2265,605,-35,14,28,-28,21,80,0,0,0,0,0,0,0,0,0,0,0,0,0,0,0,0,0,0,0,0,0,0,131149
1,1,1,1,128,-2267,599,-31,15,26,-28,22,82,0,0,0,0,0,0,0,0,0,0,0,0,0,0,0,0,0,0,0,0,0,0,131159
1,1,1,1,124,-2267,600,-52,9,26,-29,22,79,0,0,0,0,0,0,0,0,0,0,0,0,0,0,0,0,0,0,0,0,0,0,131169
1,1,1,1,131,-2277,605,-66,9,24,-30,22,80,0,0,0,0,0,0,0,0,0,0,0,0,0,0,0,0,0,0,0,0,0,0,131179
1,1,1,1,115,-2268,599,-70,5,20,-28,22,81,0,0,0,0,0,0,0,0,0,0,0,0,0,0,0,0,0,0,0,0,0,0,131189
1,1,1,1,109,-2267,590,-51,19,14,-26,21,82,0,0,0,0,0,0,0,0,0,0,0,0,0,0,0,0,0,0,0,0,0,0,131199
1,1,1,1,110,-2246,603,-28,21,5,-23,21,82,0,0,0,0,0,0,0,0,0,0,0,0,0,0,0,0,0,0,0,0,0,0,131209
1,1,1,1,109,-2234,608,47,19,-17,-24,21,78,0,0,0,0,0,0,0,0,0,0,0,0,0,0,0,0,0,0,0,0,0,0,131219
1,1,1,1,114,-2238,596,81,24,-27,-24,22,81,0,0,0,0,0,0,0,0,0,0,0,0,0,0,0,0,0,0,0,0,0,0,131229
1,1,1,1,121,-2234,616,107,25,-22,-24,19,79,0,0,0,0,0,0,0,0,0,0,0,0,0,0,0,0,0,0,0,0,0,0,131239
1,1,1,1,123,-2266,603,91,17,-13,-26,23,81,0,0,0,0,0,0,0,0,0,0,0,0,0,0,0,0,0,0,0,0,0,0,131249
1,1,1,1,123,-2302,608,45,5,1,-27,23,78,0,0,0,0,0,0,0,0,0,0,0,0,0,0,0,0,0,0,0,0,0,0,131259
1,1,1,1,116,-2328,587,-7,2,10,-29,23,79,0,0,0,0,0,0,0,0,0,0,0,0,0,0,0,0,0,0,0,0,0,0,131269
1,1,1,1,103,-2284,584,0,4,14,-30,27,81,0,0,0,0,0,0,0,0,0,0,0,0,0,0,0,0,0,0,0,0,0,0,131279
1,1,1,1,120,-2294,593,11,-15,0,-27,22,78,0,0,0,0,0,0,0,0,0,0,0,0,0,0,0,0,0,0,0,0,0,0,131289
1,1,1,1,116,-2323,586,-20,-11,-2,-30,25,83,0,0,0,0,0,0,0,0,0,0,0,0,0,0,0,0,0,0,0,0,0,0,131299
1,1,1,1,117,-2304,595,-62,0,4,-31,25,80,0,0,0,0,0,0,0,0,0,0,0,0,0,0,0,0,0,0,0,0,0,0,131309
1,1,1,1,132,-2291,616,-92,-11,2,-29,23,79,0,0,0,0,0,0,0,0,0,0,0,0,0,0,0,0,0,0,0,0,0,0,131319
1,1,1,1,123,-2267,603,-88,-14,3,-27,23,80,0,0,0,0,0,0,0,0,0,0,0,0,0,0,0,0,0,0,0,0,0,0,131329
1,1,1,1,109,-2241,594,-49,-8,3,-28,24,80,0,0,0,0,0,0,0,0,0,0,0,0,0,0,0,0,0,0,0,0,0,0,131339
1,1,1,1,127,-2242,620,3,-4,-6,-26,24,80,0,0,0,0,0,0,0,0,0,0,0,0,0,0,0,0,0,0,0,0,0,0,131349
1,1,1,1,121,-2246,603,43,-9,-14,-25,23,81,0,0,0,0,0,0,0,0,0,0,0,0,0,0,0,0,0,0,0,0,0,0,131359
1,1,1,1,114,-2242,585,70,-1,-17,-28,23,80,0,0,0,0,0,0,0,0,0,0,0,0,0,0,0,0,0,0,0,0,0,0,131369
1,1,1,1,119,-2235,583,106,3,-14,-29,24,81,0,0,0,0,0,0,0,0,0,0,0,0,0,0,0,0,0,0,0,0,0,0,131379
1,1,1,1,136,-2297,564,69,-5,-20,-26,24,80,0,0,0,0,0,0,0,0,0,0,0,0,0,0,0,0,0,0,0,0,0,0,131389
1,1,1,1,130,-2313,551,-29,-13,-22,-28,23,78,0,0,0,0,0,0,0,0,0,0,0,0,0,0,0,0,0,0,0,0,0,0,131399
1,1,1,1,115,-2445,421,-428,12,-20,-27,25,71,0,0,0,0,0,0,0,0,0,0,0,0,0,0,0,0,0,0,0,0,0,0,131409
1,1,1,1,161,-2480,316,-883,48,22,-20,25,69,0,0,0,0,0,0,0,0,0,0,0,0,0,0,0,0,0,0,0,0,0,0,131419
1,1,1,1,189,-2050,881,-479,-56,-65,-23,23,68,0,0,0,0,0,0,0,0,0,0,0,0,0,0,0,0,0,0,0,0,0,0,131429
1,1,1,1,191,-2203,556,-424,-29,-65,-25,24,64,0,0,0,0,0,0,0,0,0,0,0,0,0,0,0,0,0,0,0,0,0,0,131439
1,1,1,1,130,-2372,498,-601,14,-49,-20,25,61,0,0,0,0,0,0,0,0,0,0,0,0,0,0,0,0,0,0,0,0,0,0,131449
1,1,1,1,183,-2247,621,-553,33,-45,-19,24,60,0,0,0,0,0,0,0,0,0,0,0,0,0,0,0,0,0,0,0,0,0,0,131459
1,1,1,1,171,-2273,612,-515,36,-57,-19,25,56,0,0,0,0,0,0,0,0,0,0,0,0,0,0,0,0,0,0,0,0,0,0,131469
1,1,1,1,145,-2320,564,-488,41,-59,-19,24,54,0,0,0,0,0,0,0,0,0,0,0,0,0,0,0,0,0,0,0,0,0,0,131479
1,1,1,1,169,-2315,513,-555,43,-34,-18,25,51,0,0,0,0,0,0,0,0,0,0,0,0,0,0,0,0,0,0,0,0,0,0,131489
1,1,1,1,171,-2383,536,-658,28,-10,-19,25,49,0,0,0,0,0,0,0,0,0,0,0,0,0,0,0,0,0,0,0,0,0,0,131499
1,1,1,1,129,-2436,458,-778,24,7,-17,24,48,0,0,0,0,0,0,0,0,0,0,0,0,0,0,0,0,0,0,0,0,0,0,131509
1,1,1,1,103,-2372,422,-956,7,28,-16,24,46,0,0,0,0,0,0,0,0,0,0,0,0,0,0,0,0,0,0,0,0,0,0,131519
1,1,1,1,211,-2340,420,-1038,-25,42,-16,23,44,0,0,0,0,0,0,0,0,0,0,0,0,0,0,0,0,0,0,0,0,0,0,131529
1,1,1,1,140,-2386,409,-1164,-67,25,-17,22,42,0,0,0,0,0,0,0,0,0,0,0,0,0,0,0,0,0,0,0,0,0,0,131539
1,1,1,1,91,-2379,404,-1355,-111,17,-25,23,42,0,0,0,0,0,0,0,0,0,0,0,0,0,0,0,0,0,0,0,0,0,0,131549
1,1,1,1,-3,-2535,556,-1953,-214,-12,-13,22,45,0,0,0,0,0,0,0,0,0,0,0,0,0,0,0,0,0,0,0,0,0,0,131559
1,1,1,1,51,-2352,-83,-1265,-65,2,-22,22,40,0,0,0,0,0,0,0,0,0,0,0,0,0,0,0,0,0,0,0,0,0,0,131569
1,1,1,1,233,-2553,505,-1611,-154,-13,-20,20,37,0,0,0,0,0,0,0,0,0,0,0,0,0,0,0,0,0,0,0,0,0,0,131579
1,1,1,1,148,-2462,279,-1680,-142,0,-21,19,38,0,0,0,0,0,0,0,0,0,0,0,0,0,0,0,0,0,0,0,0,0,0,131589
1,1,1,1,101,-2455,204,-1771,-119,22,-23,19,35,0,0,0,0,0,0,0,0,0,0,0,0,0,0,0,0,0,0,0,0,0,0,131599
1,1,1,1,156,-2464,230,-1897,-135,21,-22,20,32,0,0,0,0,0,0,0,0,0,0,0,0,0,0,0,0,0,0,0,0,0,0,131609
1,1,1,1,166,-2433,203,-1869,-123,36,-21,18,34,0,0,0,0,0,0,0,0,0,0,0,0,0,0,0,0,0,0,0,0,0,0,131619
1,1,1,1,180,-2465,128,-1945,-136,38,-21,19,33,0,0,0,0,0,0,0,0,0,0,0,0,0,0,0,0,0,0,0,0,0,0,131629
1,1,1,1,169,-2457,51,-2102,-162,41,-19,18,32,0,0,0,0,0,0,0,0,0,0,0,0,0,0,0,0,0,0,0,0,0,0,131639
1,1,1,1,102,-2483,7,-2127,-161,45,-17,17,31,0,0,0,0,0,0,0,0,0,0,0,0,0,0,0,0,0,0,0,0,0,0,131649
1,1,1,1,95,-2576,-37,-2019,-148,49,-15,18,32,0,0,0,0,0,0,0,0,0,0,0,0,0,0,0,0,0,0,0,0,0,0,131659
1,1,1,1,141,-2548,-31,-1994,-130,46,-18,19,27,0,0,0,0,0,0,0,0,0,0,0,0,0,0,0,0,0,0,0,0,0,0,131669
1,1,1,1,12,-2538,-26,-2147,-140,19,-18,18,25,0,0,0,0,0,0,0,0,0,0,0,0,0,0,0,0,0,0,0,0,0,0,131679
1,1,1,1,24,-2627,-97,-2347,-130,16,-18,18,26,0,0,0,0,0,0,0,0,0,0,0,0,0,0,0,0,0,0,0,0,0,0,131689
1,1,1,1,100,-2638,-111,-2472,-122,17,-21,17,22,0,0,0,0,0,0,0,0,0,0,0,0,0,0,0,0,0,0,0,0,0,0,131699
1,1,1,1,100,-2631,-180,-2699,-123,37,-29,17,16,0,0,0,0,0,0,0,0,0,0,0,0,0,0,0,0,0,0,0,0,0,0,131709
1,1,1,1,35,-2749,-244,-3224,-127,127,-22,17,28,0,0,0,0,0,0,0,0,0,0,0,0,0,0,0,0,0,0,0,0,0,0,131719
1,1,1,1,156,-2542,-319,-3382,-141,42,-15,16,19,0,0,0,0,0,0,0,0,0,0,0,0,0,0,0,0,0,0,0,0,0,0,131729
1,1,1,1,64,-2372,-439,-2685,-114,136,-18,16,25,0,0,0,0,0,0,0,0,0,0,0,0,0,0,0,0,0,0,0,0,0,0,131739
1,1,1,1,49,-2543,-454,-2392,-72,107,-17,16,22,0,0,0,0,0,0,0,0,0,0,0,0,0,0,0,0,0,0,0,0,0,0,131749
1,1,1,1,70,-2464,-495,-2249,-69,110,-17,15,24,0,0,0,0,0,0,0,0,0,0,0,0,0,0,0,0,0,0,0,0,0,0,131759
1,1,1,1,88,-2464,-577,-2053,-45,110,-16,14,23,0,0,0,0,0,0,0,0,0,0,0,0,0,0,0,0,0,0,0,0,0,0,131769
1,1,1,1,118,-2484,-643,-1907,-54,108,-15,14,22,0,0,0,0,0,0,0,0,0,0,0,0,0,0,0,0,0,0,0,0,0,0,131779
1,1,1,1,122,-2473,-703,-1857,-64,117,-18,15,20,0,0,0,0,0,0,0,0,0,0,0,0,0,0,0,0,0,0,0,0,0,0,131789
1,1,1,1,135,-2432,-737,-1868,-52,110,-15,15,22,0,0,0,0,0,0,0,0,0,0,0,0,0,0,0,0,0,0,0,0,0,0,131799
1,1,1,1,110,-2409,-738,-1856,-50,86,-15,15,20,0,0,0,0,0,0,0,0,0,0,0,0,0,0,0,0,0,0,0,0,0,0,131809
1,1,1,1,151,-2376,-754,-1793,-40,99,-13,14,19,0,0,0,0,0,0,0,0,0,0,0,0,0,0,0,0,0,0,0,0,0,0,131819
1,1,1,1,172,-2429,-764,-1760,6,89,-13,14,16,0,0,0,0,0,0,0,0,0,0,0,0,0,0,0,0,0,0,0,0,0,0,131829
1,1,1,1,155,-2443,-790,-1854,55,46,-15,14,17,0,0,0,0,0,0,0,0,0,0,0,0,0,0,0,0,0,0,0,0,0,0,131839
1,1,1,1,206,-2478,-830,-1998,147,-5,-16,14,16,0,0,0,0,0,0,0,0,0,0,0,0,0,0,0,0,0,0,0,0,0,0,131849
1,1,1,1,251,-2581,-827,-2456,281,-125,-19,15,14,0,0,0,0,0,0,0,0,0,0,0,0,0,0,0,0,0,0,0,0,0,0,131859
1,1,1,1,232,-2637,-848,-2778,411,-121,-5,19,15,0,0,0,0,0,0,0,0,0,0,0,0,0,0,0,0,0,0,0,0,0,0,131869
1,1,1,1,151,-2545,-1072,-2005,217,-69,-6,16,11,0,0,0,0,0,0,0,0,0,0,0,0,0,0,0,0,0,0,0,0,0,0,131879
1,1,1,1,28,-2467,-1239,-1637,44,109,-7,16,8,0,0,0,0,0,0,0,0,0,0,0,0,0,0,0,0,0,0,0,0,0,0,131889
1,1,1,1,-14,-2269,-1337,-1612,-41,206,-12,16,13,0,0,0,0,0,0,0,0,0,0,0,0,0,0,0,0,0,0,0,0,0,0,131899
1,1,1,1,-24,-2240,-1289,-1629,-81,257,-10,14,11,0,0,0,0,0,0,0,0,0,0,0,0,0,0,0,0,0,0,0,0,0,0,131909
1,1,1,1,-33,-2224,-1277,-1558,-90,307,-11,19,15,0,0,0,0,0,0,0,0,0,0,0,0,0,0,0,0,0,0,0,0,0,0,131919
1,1,1,1,-7,-2218,-1278,-1284,-75,271,-6,14,10,0,0,0,0,0,0,0,0,0,0,0,0,0,0,0,0,0,0,0,0,0,0,131929
1,1,1,1,25,-2219,-1315,-1084,-61,222,-4,14,16,0,0,0,0,0,0,0,0,0,0,0,0,0,0,0,0,0,0,0,0,0,0,131939
1,1,1,1,41,-2251,-1371,-931,-57,132,-6,14,19,0,0,0,0,0,0,0,0,0,0,0,0,0,0,0,0,0,0,0,0,0,0,131949
1,1,1,1,46,-2292,-1403,-975,-101,35,-8,16,18,0,0,0,0,0,0,0,0,0,0,0,0,0,0,0,0,0,0,0,0,0,0,131959
1,1,1,1,49,-2367,-1358,-1093,-151,-48,-9,16,15,0,0,0,0,0,0,0,0,0,0,0,0,0,0,0,0,0,0,0,0,0,0,131969
1,1,1,1,113,-2369,-1276,-1284,-255,-93,-9,17,16,0,0,0,0,0,0,0,0,0,0,0,0,0,0,0,0,0,0,0,0,0,0,131979
1,1,1,1,122,-2358,-1385,-1465,-274,-117,-11,15,17,0,0,0,0,0,0,0,0,0,0,0,0,0,0,0,0,0,0,0,0,0,0,131989
1,1,1,1,79,-2226,-1467,-1467,-199,-89,-9,15,17,0,0,0,0,0,0,0,0,0,0,0,0,0,0,0,0,0,0,0,0,0,0,131999
1,1,1,1,33,-2104,-1424,-1343,-165,-51,-7,14,12,0,0,0,0,0,0,0,0,0,0,0,0,0,0,0,0,0,0,0,0,0,0,132009
1,1,1,1,61,-1961,-1360,-1359,-203,11,-7,14,12,0,0,0,0,0,0,0,0,0,0,0,0,0,0,0,0,0,0,0,0,0,0,132019
1,1,1,1,39,-1958,-1479,-1415,-107,84,-9,15,12,0,0,0,0,0,0,0,0,0,0,0,0,0,0,0,0,0,0,0,0,0,0,132029
1,1,1,1,10,-2070,-1489,-1509,-30,87,-9,15,14,0,0,0,0,0,0,0,0,0,0,0,0,0,0,0,0,0,0,0,0,0,0,132039
1,1,1,1,-1,-2187,-1424,-1872,31,-30,-21,15,14,0,0,0,0,0,0,0,0,0,0,0,0,0,0,0,0,0,0,0,0,0,0,132049
1,1,1,1,-28,-2307,-1312,-2873,185,-211,-21,16,18,0,0,0,0,0,0,0,0,0,0,0,0,0,0,0,0,0,0,0,0,0,0,132059
1,1,1,1,-28,-2267,-1402,-3694,174,-293,-13,17,17,0,0,0,0,0,0,0,0,0,0,0,0,0,0,0,0,0,0,0,0,0,0,132069
1,1,1,1,48,-2027,-1714,-3367,-20,-202,-12,17,12,0,0,0,0,0,0,0,0,0,0,0,0,0,0,0,0,0,0,0,0,0,0,132079
1,1,1,1,75,-1884,-1919,-2802,-99,-68,-17,16,14,0,0,0,0,0,0,0,0,0,0,0,0,0,0,0,0,0,0,0,0,0,0,132089
1,1,1,1,1,-1994,-1973,-2928,-52,31,-12,17,19,0,0,0,0,0,0,0,0,0,0,0,0,0,0,0,0,0,0,0,0,0,0,132099
1,1,1,1,29,-1837,-1938,-2744,-92,80,-10,16,18,0,0,0,0,0,0,0,0,0,0,0,0,0,0,0,0,0,0,0,0,0,0,132109
1,1,1,1,166,-1774,-1978,-2253,-110,67,-6,16,18,0,0,0,0,0,0,0,0,0,0,0,0,0,0,0,0,0,0,0,0,0,0,132119
1,1,1,1,202,-1800,-2029,-1672,-131,93,-6,16,20,0,0,0,0,0,0,0,0,0,0,0,0,0,0,0,0,0,0,0,0,0,0,132129
1,1,1,1,154,-1868,-2041,-1286,-153,108,-7,16,20,0,0,0,0,0,0,0,0,0,0,0,0,0,0,0,0,0,0,0,0,0,0,132139
1,1,1,1,142,-1884,-1985,-1122,-185,110,-7,15,20,0,0,0,0,0,0,0,0,0,0,0,0,0,0,0,0,0,0,0,0,0,0,132149
1,1,1,1,111,-1903,-2003,-1130,-232,138,-12,19,17,0,0,0,0,0,0,0,0,0,0,0,0,0,0,0,0,0,0,0,0,0,0,132159
1,1,1,1,43,-1912,-2031,-1378,-258,181,-13,17,20,0,0,0,0,0,0,0,0,0,0,0,0,0,0,0,0,0,0,0,0,0,0,132169
1,1,1,1,-1,-1675,-2052,-1356,-256,139,-11,17,19,0,0,0,0,0,0,0,0,0,0,0,0,0,0,0,0,0,0,0,0,0,0,132179
1,1,1,1,-9,-1439,-2049,-1088,-253,102,-8,9,17,0,0,0,0,0,0,0,0,0,0,0,0,0,0,0,0,0,0,0,0,0,0,132189
1,1,1,1,-24,-1468,-2086,-917,-203,95,-10,14,23,0,0,0,0,0,0,0,0,0,0,0,0,0,0,0,0,0,0,0,0,0,0,132199
1,1,1,1,17,-1623,-2085,-786,-160,92,-11,11,22,0,0,0,0,0,0,0,0,0,0,0,0,0,0,0,0,0,0,0,0,0,0,132209
1,1,1,1,22,-1698,-2014,-778,-152,81,-12,12,21,0,0,0,0,0,0,0,0,0,0,0,0,0,0,0,0,0,0,0,0,0,0,132219
1,1,1,1,26,-1603,-2012,-731,-153,50,-14,12,21,0,0,0,0,0,0,0,0,0,0,0,0,0,0,0,0,0,0,0,0,0,0,132229
1,1,1,1,9,-1583,-2122,-789,-175,36,-13,10,19,0,0,0,0,0,0,0,0,0,0,0,0,0,0,0,0,0,0,0,0,0,0,132239
1,1,1,1,-32,-1540,-2170,-918,-149,48,-14,9,20,0,0,0,0,0,0,0,0,0,0,0,0,0,0,0,0,0,0,0,0,0,0,132249
1,1,1,1,27,-1499,-2099,-890,-151,57,-13,8,19,0,0,0,0,0,0,0,0,0,0,0,0,0,0,0,0,0,0,0,0,0,0,132259
1,1,1,1,77,-1573,-2062,-874,-154,61,-13,8,16,0,0,0,0,0,0,0,0,0,0,0,0,0,0,0,0,0,0,0,0,0,0,132269
1,1,1,1,50,-1651,-2079,-837,-158,53,-14,6,17,0,0,0,0,0,0,0,0,0,0,0,0,0,0,0,0,0,0,0,0,0,0,132279
1,1,1,1,48,-1647,-2095,-789,-166,50,-16,2,11,0,0,0,0,0,0,0,0,0,0,0,0,0,0,0,0,0,0,0,0,0,0,132289
1,1,1,1,-7,-1530,-2135,-753,-157,64,-18,-2,0,0,0,0,0,0,0,0,0,0,0,0,0,0,0,0,0,0,0,0,0,0,0,132299
1,1,1,1,-53,-1450,-2174,-724,-141,70,-20,-5,0,0,0,0,0,0,0,0,0,0,0,0,0,0,0,0,0,0,0,0,0,0,0,132309
1,1,1,1,-50,-1470,-2241,-722,-103,76,-20,-7,0,0,0,0,0,0,0,0,0,0,0,0,0,0,0,0,0,0,0,0,0,0,0,132319
1,1,1,1,-68,-1514,-2255,-793,-67,88,-21,-9,0,0,0,0,0,0,0,0,0,0,0,0,0,0,0,0,0,0,0,0,0,0,0,132329
1,1,1,1,-59,-1553,-2268,-1042,-93,97,-23,-11,0,0,0,0,0,0,0,0,0,0,0,0,0,0,0,0,0,0,0,0,0,0,0,132339
1,1,1,1,-48,-1492,-2276,-1355,-147,97,-23,-11,0,0,0,0,0,0,0,0,0,0,0,0,0,0,0,0,0,0,0,0,0,0,0,132349
1,1,1,1,-59,-1419,-2235,-1417,-156,69,-24,-11,1,0,0,0,0,0,0,0,0,0,0,0,0,0,0,0,0,0,0,0,0,0,0,132359
1,1,1,1,-39,-1434,-2183,-1343,-158,-1,-23,-11,1,0,0,0,0,0,0,0,0,0,0,0,0,0,0,0,0,0,0,0,0,0,0,132369
1,1,1,1,6,-1422,-2140,-1314,-191,-12,-22,-11,2,0,0,0,0,0,0,0,0,0,0,0,0,0,0,0,0,0,0,0,0,0,0,132379
1,1,1,1,-18,-1357,-2185,-1119,-174,0,-19,-11,1,0,0,0,0,0,0,0,0,0,0,0,0,0,0,0,0,0,0,0,0,0,0,132389
1,1,1,1,-20,-1339,-2186,-930,-135,30,-19,-12,1,0,0,0,0,0,0,0,0,0,0,0,0,0,0,0,0,0,0,0,0,0,0,132399
1,1,1,1,1,-1271,-2248,-760,-92,85,-18,-11,1,0,0,0,0,0,0,0,0,0,0,0,0,0,0,0,0,0,0,0,0,0,0,132409
1,1,1,1,-2,-1295,-2245,-655,-37,154,-17,-12,0,0,0,0,0,0,0,0,0,0,0,0,0,0,0,0,0,0,0,0,0,0,0,132419
1,1,1,1,-13,-1297,-2230,-615,-26,191,-15,-12,1,0,0,0,0,0,0,0,0,0,0,0,0,0,0,0,0,0,0,0,0,0,0,132429
1,1,1,1,25,-1315,-2266,-512,-7,245,-15,-11,1,0,0,0,0,0,0,0,0,0,0,0,0,0,0,0,0,0,0,0,0,0,0,132439
1,1,1,1,37,-1301,-2271,-279,1,248,-19,-11,1,0,0,0,0,0,0,0,0,0,0,0,0,0,0,0,0,0,0,0,0,0,0,132449
1,1,1,1,9,-1333,-2264,-314,-23,254,-18,-11,1,0,0,0,0,0,0,0,0,0,0,0,0,0,0,0,0,0,0,0,0,0,0,132459
1,1,1,1,-14,-1305,-2357,-337,-39,248,-18,-12,1,0,0,0,0,0,0,0,0,0,0,0,0,0,0,0,0,0,0,0,0,0,0,132469
1,1,1,1,-95,-1234,-2304,-355,-57,281,-19,-12,1,0,0,0,0,0,0,0,0,0,0,0,0,0,0,0,0,0,0,0,0,0,0,132479
1,1,1,1,-324,-1222,-2382,-448,-34,322,-21,-11,1,0,0,0,0,0,0,0,0,0,0,0,0,0,0,0,0,0,0,0,0,0,0,132489
1,1,1,1,-105,-1209,-2396,-482,-21,364,-23,-12,1,0,0,0,0,0,0,0,0,0,0,0,0,0,0,0,0,0,0,0,0,0,0,132499
1,1,1,1,135,-1231,-2390,-504,-74,308,-23,-15,1,0,0,0,0,0,0,0,0,0,0,0,0,0,0,0,0,0,0,0,0,0,0,132509
1,1,1,1,-252,-1133,-2376,-507,-52,328,-22,-17,0,0,0,0,0,0,0,0,0,0,0,0,0,0,0,0,0,0,0,0,0,0,0,132519
1,1,1,1,-125,-1094,-2370,-465,-39,329,-22,-18,1,0,0,0,0,0,0,0,0,0,0,0,0,0,0,0,0,0,0,0,0,0,0,132529
1,1,1,1,-127,-1132,-2335,-396,-35,310,-20,-19,1,0,0,0,0,0,0,0,0,0,0,0,0,0,0,0,0,0,0,0,0,0,0,132539
1,1,1,1,-94,-1181,-2316,-370,-41,283,-22,-17,1,0,0,0,0,0,0,0,0,0,0,0,0,0,0,0,0,0,0,0,0,0,0,132549
1,1,1,1,-97,-1192,-2344,-466,-68,273,-25,-18,2,0,0,0,0,0,0,0,0,0,0,0,0,0,0,0,0,0,0,0,0,0,0,132559
1,1,1,1,-110,-1149,-2371,-570,-78,283,-25,-19,1,0,0,0,0,0,0,0,0,0,0,0,0,0,0,0,0,0,0,0,0,0,0,132569
1,1,1,1,-80,-1129,-2350,-642,-86,290,-28,-19,1,0,0,0,0,0,0,0,0,0,0,0,0,0,0,0,0,0,0,0,0,0,0,132579
1,1,1,1,-64,-1053,-2296,-594,-91,297,-27,-20,3,0,0,0,0,0,0,0,0,0,0,0,0,0,0,0,0,0,0,0,0,0,0,132589
1,1,1,1,-53,-1049,-2298,-505,-85,304,-29,-20,1,0,0,0,0,0,0,0,0,0,0,0,0,0,0,0,0,0,0,0,0,0,0,132599
1,1,1,1,-60,-1059,-2300,-454,-82,303,-31,-19,0,0,0,0,0,0,0,0,0,0,0,0,0,0,0,0,0,0,0,0,0,0,0,132609
1,1,1,1,-44,-1101,-2311,-445,-79,310,-28,-21,0,0,0,0,0,0,0,0,0,0,0,0,0,0,0,0,0,0,0,0,0,0,0,132619
1,1,1,1,-60,-1093,-2341,-445,-86,314,-30,-22,0,0,0,0,0,0,0,0,0,0,0,0,0,0,0,0,0,0,0,0,0,0,0,132629
1,1,1,1,-116,-1035,-2351,-439,-64,311,-32,-23,0,0,0,0,0,0,0,0,0,0,0,0,0,0,0,0,0,0,0,0,0,0,0,132639
1,1,1,1,-150,-1027,-2363,-511,-74,303,-32,-26,0,0,0,0,0,0,0,0,0,0,0,0,0,0,0,0,0,0,0,0,0,0,0,132649
1,1,1,1,-192,-1025,-2412,-611,-92,278,-36,-27,0,0,0,0,0,0,0,0,0,0,0,0,0,0,0,0,0,0,0,0,0,0,0,132659
1,1,1,1,-220,-975,-2412,-701,-112,259,-37,-30,1,0,0,0,0,0,0,0,0,0,0,0,0,0,0,0,0,0,0,0,0,0,0,132669
1,1,1,1,-211,-920,-2378,-701,-118,235,-38,-30,1,0,0,0,0,0,0,0,0,0,0,0,0,0,0,0,0,0,0,0,0,0,0,132679
1,1,1,1,-175,-893,-2362,-614,-105,205,-39,-30,1,0,0,0,0,0,0,0,0,0,0,0,0,0,0,0,0,0,0,0,0,0,0,132689
1,1,1,1,-129,-886,-2343,-557,-95,181,-40,-29,1,0,0,0,0,0,0,0,0,0,0,0,0,0,0,0,0,0,0,0,0,0,0,132699
1,1,1,1,-98,-918,-2316,-499,-84,166,-39,-29,1,0,0,0,0,0,0,0,0,0,0,0,0,0,0,0,0,0,0,0,0,0,0,132709
1,1,1,1,-51,-902,-2282,-427,-96,164,-38,-29,1,0,0,0,0,0,0,0,0,0,0,0,0,0,0,0,0,0,0,0,0,0,0,132719
1,1,1,1,-44,-888,-2273,-363,-89,166,-39,-29,0,0,0,0,0,0,0,0,0,0,0,0,0,0,0,0,0,0,0,0,0,0,0,132729
1,1,1,1,-60,-941,-2316,-347,-82,160,-40,-30,0,0,0,0,0,0,0,0,0,0,0,0,0,0,0,0,0,0,0,0,0,0,0,132739
1,1,1,1,-111,-946,-2383,-369,-81,159,-41,-29,1,0,0,0,0,0,0,0,0,0,0,0,0,0,0,0,0,0,0,0,0,0,0,132749
1,1,1,1,-145,-910,-2408,-363,-76,167,-42,-29,2,0,0,0,0,0,0,0,0,0,0,0,0,0,0,0,0,0,0,0,0,0,0,132759
1,1,1,1,-151,-893,-2409,-250,-50,169,-40,-27,1,0,0,0,0,0,0,0,0,0,0,0,0,0,0,0,0,0,0,0,0,0,0,132769
1,1,1,1,-138,-904,-2388,-141,-35,166,-39,-26,1,0,0,0,0,0,0,0,0,0,0,0,0,0,0,0,0,0,0,0,0,0,0,132779
1,1,1,1,-142,-930,-2361,-154,-48,158,-40,-26,1,0,0,0,0,0,0,0,0,0,0,0,0,0,0,0,0,0,0,0,0,0,0,132789
1,1,1,1,-159,-931,-2390,-240,-49,146,-44,-25,1,0,0,0,0,0,0,0,0,0,0,0,0,0,0,0,0,0,0,0,0,0,0,132799
1,1,1,1,-181,-966,-2389,-376,-74,117,-43,-27,9,0,0,0,0,0,0,0,0,0,0,0,0,0,0,0,0,0,0,0,0,0,0,132809
1,1,1,1,-213,-931,-2399,-484,-94,87,-41,-30,7,0,0,0,0,0,0,0,0,0,0,0,0,0,0,0,0,0,0,0,0,0,0,132819
1,1,1,1,-218,-890,-2405,-577,-122,57,-42,-30,11,0,0,0,0,0,0,0,0,0,0,0,0,0,0,0,0,0,0,0,0,0,0,132829
1,1,1,1,-212,-855,-2447,-634,-139,40,-40,-31,10,0,0,0,0,0,0,0,0,0,0,0,0,0,0,0,0,0,0,0,0,0,0,132839
1,1,1,1,-213,-793,-2445,-572,-131,26,-38,-31,7,0,0,0,0,0,0,0,0,0,0,0,0,0,0,0,0,0,0,0,0,0,0,132849
1,1,1,1,-169,-764,-2414,-426,-100,25,-39,-30,10,0,0,0,0,0,0,0,0,0,0,0,0,0,0,0,0,0,0,0,0,0,0,132859
1,1,1,1,-130,-797,-2396,-350,-81,32,-38,-30,12,0,0,0,0,0,0,0,0,0,0,0,0,0,0,0,0,0,0,0,0,0,0,132869
1,1,1,1,-149,-847,-2398,-339,-61,42,-39,-29,11,0,0,0,0,0,0,0,0,0,0,0,0,0,0,0,0,0,0,0,0,0,0,132879
1,1,1,1,-128,-853,-2393,-273,-31,63,-37,-29,7,0,0,0,0,0,0,0,0,0,0,0,0,0,0,0,0,0,0,0,0,0,0,132889
1,1,1,1,-131,-837,-2348,-170,-11,76,-37,-29,13,0,0,0,0,0,0,0,0,0,0,0,0,0,0,0,0,0,0,0,0,0,0,132899
1,1,1,1,-129,-823,-2343,-46,14,86,-36,-29,11,0,0,0,0,0,0,0,0,0,0,0,0,0,0,0,0,0,0,0,0,0,0,132909
1,1,1,1,-151,-840,-2367,-8,22,89,-35,-29,10,0,0,0,0,0,0,0,0,0,0,0,0,0,0,0,0,0,0,0,0,0,0,132919
1,1,1,1,-164,-848,-2422,-4,36,88,-37,-29,6,0,0,0,0,0,0,0,0,0,0,0,0,0,0,0,0,0,0,0,0,0,0,132929
1,1,1,1,-186,-835,-2413,-40,38,93,-37,-28,6,0,0,0,0,0,0,0,0,0,0,0,0,0,0,0,0,0,0,0,0,0,0,132939
1,1,1,1,-218,-843,-2432,-72,26,89,-36,-28,7,0,0,0,0,0,0,0,0,0,0,0,0,0,0,0,0,0,0,0,0,0,0,132949
1,1,1,1,-227,-870,-2451,-108,20,80,-36,-29,10,0,0,0,0,0,0,0,0,0,0,0,0,0,0,0,0,0,0,0,0,0,0,132959
1,1,1,1,-242,-853,-2478,-181,6,78,-37,-29,1,0,0,0,0,0,0,0,0,0,0,0,0,0,0,0,0,0,0,0,0,0,0,132969
1,1,1,1,-227,-816,-2476,-243,-12,87,-37,-30,8,0,0,0,0,0,0,0,0,0,0,0,0,0,0,0,0,0,0,0,0,0,0,132979
1,1,1,1,-200,-790,-2438,-236,-12,90,-37,-29,9,0,0,0,0,0,0,0,0,0,0,0,0,0,0,0,0,0,0,0,0,0,0,132989
1,1,1,1,-176,-768,-2401,-172,-8,82,-37,-29,9,0,0,0,0,0,0,0,0,0,0,0,0,0,0,0,0,0,0,0,0,0,0,132999
1,1,1,1,-155,-742,-2386,-90,6,71,-35,-28,8,0,0,0,0,0,0,0,0,0,0,0,0,0,0,0,0,0,0,0,0,0,0,133009
1,1,1,1,-128,-732,-2358,-27,25,62,-33,-27,10,0,0,0,0,0,0,0,0,0,0,0,0,0,0,0,0,0,0,0,0,0,0,133019
1,1,1,1,-136,-753,-2369,9,43,59,-34,-27,13,0,0,0,0,0,0,0,0,0,0,0,0,0,0,0,0,0,0,0,0,0,0,133029
1,1,1,1,-151,-781,-2380,41,56,56,-33,-28,10,0,0,0,0,0,0,0,0,0,0,0,0,0,0,0,0,0,0,0,0,0,0,133039
1,1,1,1,-165,-795,-2405,40,63,55,-35,-27,13,0,0,0,0,0,0,0,0,0,0,0,0,0,0,0,0,0,0,0,0,0,0,133049
1,1,1,1,-172,-806,-2406,16,61,56,-34,-26,6,0,0,0,0,0,0,0,0,0,0,0,0,0,0,0,0,0,0,0,0,0,0,133059
1,1,1,1,-178,-799,-2410,-3,62,56,-37,-22,11,0,0,0,0,0,0,0,0,0,0,0,0,0,0,0,0,0,0,0,0,0,0,133069
1,1,1,1,-167,-780,-2393,5,46,43,-36,-25,12,0,0,0,0,0,0,0,0,0,0,0,0,0,0,0,0,0,0,0,0,0,0,133079
1,1,1,1,-157,-770,-2392,30,49,36,-35,-25,10,0,0,0,0,0,0,0,0,0,0,0,0,0,0,0,0,0,0,0,0,0,0,133089
1,1,1,1,-166,-775,-2418,13,43,24,-38,-23,10,0,0,0,0,0,0,0,0,0,0,0,0,0,0,0,0,0,0,0,0,0,0,133099
1,1,1,1,-177,-781,-2424,13,37,11,-35,-27,13,0,0,0,0,0,0,0,0,0,0,0,0,0,0,0,0,0,0,0,0,0,0,133109
1,1,1,1,-178,-788,-2429,10,46,13,-35,-27,13,0,0,0,0,0,0,0,0,0,0,0,0,0,0,0,0,0,0,0,0,0,0,133119
1,1,1,1,-170,-815,-2447,-38,49,23,-35,-25,10,0,0,0,0,0,0,0,0,0,0,0,0,0,0,0,0,0,0,0,0,0,0,133129
1,1,1,1,-145,-806,-2434,-46,60,36,-35,-24,15,0,0,0,0,0,0,0,0,0,0,0,0,0,0,0,0,0,0,0,0,0,0,133139
1,1,1,1,-134,-794,-2411,-42,53,49,-34,-24,12,0,0,0,0,0,0,0,0,0,0,0,0,0,0,0,0,0,0,0,0,0,0,133149
1,1,1,1,-130,-806,-2406,-39,58,58,-33,-26,14,0,0,0,0,0,0,0,0,0,0,0,0,0,0,0,0,0,0,0,0,0,0,133159
1,1,1,1,-124,-803,-2395,-31,61,64,-33,-26,12,0,0,0,0,0,0,0,0,0,0,0,0,0,0,0,0,0,0,0,0,0,0,133169
1,1,1,1,-126,-791,-2379,-20,59,58,-34,-25,11,0,0,0,0,0,0,0,0,0,0,0,0,0,0,0,0,0,0,0,0,0,0,133179
1,1,1,1,-124,-783,-2375,-21,54,50,-34,-26,9,0,0,0,0,0,0,0,0,0,0,0,0,0,0,0,0,0,0,0,0,0,0,133189
1,1,1,1,-141,-755,-2403,-26,46,43,-35,-26,12,0,0,0,0,0,0,0,0,0,0,0,0,0,0,0,0,0,0,0,0,0,0,133199
1,1,1,1,-162,-738,-2423,-13,49,34,-36,-26,11,0,0,0,0,0,0,0,0,0,0,0,0,0,0,0,0,0,0,0,0,0,0,133209
1,1,1,1,-154,-730,-2440,-11,53,31,-37,-27,14,0,0,0,0,0,0,0,0,0,0,0,0,0,0,0,0,0,0,0,0,0,0,133219
1,1,1,1,-148,-748,-2435,-34,36,33,-37,-26,16,0,0,0,0,0,0,0,0,0,0,0,0,0,0,0,0,0,0,0,0,0,0,133229
1,1,1,1,-131,-754,-2424,-19,38,38,-37,-25,12,0,0,0,0,0,0,0,0,0,0,0,0,0,0,0,0,0,0,0,0,0,0,133239
1,1,1,1,-110,-764,-2406,17,40,40,-36,-25,14,0,0,0,0,0,0,0,0,0,0,0,0,0,0,0,0,0,0,0,0,0,0,133249
1,1,1,1,-100,-781,-2406,30,46,46,-36,-26,16,0,0,0,0,0,0,0,0,0,0,0,0,0,0,0,0,0,0,0,0,0,0,133259
1,1,1,1,-83,-789,-2405,5,25,50,-37,-26,12,0,0,0,0,0,0,0,0,0,0,0,0,0,0,0,0,0,0,0,0,0,0,133269
1,1,1,1,-87,-784,-2401,0,13,58,-37,-26,18,0,0,0,0,0,0,0,0,0,0,0,0,0,0,0,0,0,0,0,0,0,0,133279
1,1,1,1,-116,-765,-2431,-17,4,76,-37,-28,11,0,0,0,0,0,0,0,0,0,0,0,0,0,0,0,0,0,0,0,0,0,0,133289
1,1,1,1,-143,-766,-2459,-35,-9,83,-39,-28,17,0,0,0,0,0,0,0,0,0,0,0,0,0,0,0,0,0,0,0,0,0,0,133299
1,1,1,1,-181,-745,-2493,-61,-15,88,-39,-29,19,0,0,0,0,0,0,0,0,0,0,0,0,0,0,0,0,0,0,0,0,0,0,133309
1,1,1,1,-199,-722,-2487,-75,-35,83,-41,-28,20,0,0,0,0,0,0,0,0,0,0,0,0,0,0,0,0,0,0,0,0,0,0,133319
1,1,1,1,-188,-715,-2432,-64,-44,72,-39,-28,17,0,0,0,0,0,0,0,0,0,0,0,0,0,0,0,0,0,0,0,0,0,0,133329
1,1,1,1,-158,-703,-2406,-39,-38,58,-41,-28,18,0,0,0,0,0,0,0,0,0,0,0,0,0,0,0,0,0,0,0,0,0,0,133339
1,1,1,1,-131,-723,-2372,-36,-40,47,-41,-28,19,0,0,0,0,0,0,0,0,0,0,0,0,0,0,0,0,0,0,0,0,0,0,133349
1,1,1,1,-106,-730,-2367,-22,-30,37,-41,-28,18,0,0,0,0,0,0,0,0,0,0,0,0,0,0,0,0,0,0,0,0,0,0,133359
1,1,1,1,-112,-738,-2380,-34,-28,39,-42,-27,18,0,0,0,0,0,0,0,0,0,0,0,0,0,0,0,0,0,0,0,0,0,0,133369
1,1,1,1,-129,-750,-2434,-82,-33,49,-40,-30,19,0,0,0,0,0,0,0,0,0,0,0,0,0,0,0,0,0,0,0,0,0,0,133379
1,1,1,1,-162,-744,-2452,-92,-29,62,-41,-29,16,0,0,0,0,0,0,0,0,0,0,0,0,0,0,0,0,0,0,0,0,0,0,133389
1,1,1,1,-186,-742,-2452,-102,-19,84,-44,-26,19,0,0,0,0,0,0,0,0,0,0,0,0,0,0,0,0,0,0,0,0,0,0,133399
1,1,1,1,-205,-741,-2443,-103,-11,99,-46,-27,18,0,0,0,0,0,0,0,0,0,0,0,0,0,0,0,0,0,0,0,0,0,0,133409
1,1,1,1,-208,-746,-2410,-92,-12,107,-46,-27,19,0,0,0,0,0,0,0,0,0,0,0,0,0,0,0,0,0,0,0,0,0,0,133419
1,1,1,1,-198,-739,-2398,-114,-16,115,-45,-30,20,0,0,0,0,0,0,0,0,0,0,0,0,0,0,0,0,0,0,0,0,0,0,133429
1,1,1,1,-171,-735,-2391,-146,-32,117,-44,-30,21,0,0,0,0,0,0,0,0,0,0,0,0,0,0,0,0,0,0,0,0,0,0,133439
1,1,1,1,-161,-733,-2403,-169,-31,119,-45,-30,25,0,0,0,0,0,0,0,0,0,0,0,0,0,0,0,0,0,0,0,0,0,0,133449
1,1,1,1,-154,-703,-2389,-149,-23,118,-42,-32,16,0,0,0,0,0,0,0,0,0,0,0,0,0,0,0,0,0,0,0,0,0,0,133459
1,1,1,1,-146,-690,-2397,-109,-19,118,-42,-33,21,0,0,0,0,0,0,0,0,0,0,0,0,0,0,0,0,0,0,0,0,0,0,133469
1,1,1,1,-135,-713,-2419,-109,-20,120,-43,-31,20,0,0,0,0,0,0,0,0,0,0,0,0,0,0,0,0,0,0,0,0,0,0,133479
1,1,1,1,-115,-733,-2420,-139,-25,125,-44,-31,21,0,0,0,0,0,0,0,0,0,0,0,0,0,0,0,0,0,0,0,0,0,0,133489
1,1,1,1,-147,-744,-2418,-149,-21,129,-45,-31,18,0,0,0,0,0,0,0,0,0,0,0,0,0,0,0,0,0,0,0,0,0,0,133499
1,1,1,1,-160,-760,-2452,-228,-32,131,-46,-31,21,0,0,0,0,0,0,0,0,0,0,0,0,0,0,0,0,0,0,0,0,0,0,133509
1,1,1,1,-185,-742,-2427,-283,-39,119,-43,-31,18,0,0,0,0,0,0,0,0,0,0,0,0,0,0,0,0,0,0,0,0,0,0,133519
1,1,1,1,-201,-674,-2400,-260,-48,98,-43,-31,21,0,0,0,0,0,0,0,0,0,0,0,0,0,0,0,0,0,0,0,0,0,0,133529
1,1,1,1,-198,-635,-2401,-224,-49,70,-42,-31,22,0,0,0,0,0,0,0,0,0,0,0,0,0,0,0,0,0,0,0,0,0,0,133539
1,1,1,1,-187,-620,-2388,-166,-30,57,-42,-31,21,0,0,0,0,0,0,0,0,0,0,0,0,0,0,0,0,0,0,0,0,0,0,133549
1,1,1,1,-163,-635,-2378,-125,-15,63,-43,-30,22,0,0,0,0,0,0,0,0,0,0,0,0,0,0,0,0,0,0,0,0,0,0,133559
1,1,1,1,-163,-635,-2378,-133,-4,80,-42,-31,24,0,0,0,0,0,0,0,0,0,0,0,0,0,0,0,0,0,0,0,0,0,0,133569
1,1,1,1,-127,-675,-2388,-141,3,92,-44,-30,23,0,0,0,0,0,0,0,0,0,0,0,0,0,0,0,0,0,0,0,0,0,0,133579
1,1,1,1,-112,-707,-2414,-168,-5,97,-44,-30,21,0,0,0,0,0,0,0,0,0,0,0,0,0,0,0,0,0,0,0,0,0,0,133589
1,1,1,1,-129,-715,-2455,-193,-15,100,-42,-30,24,0,0,0,0,0,0,0,0,0,0,0,0,0,0,0,0,0,0,0,0,0,0,133599
1,1,1,1,-145,-697,-2438,-140,-7,92,-41,-28,25,0,0,0,0,0,0,0,0,0,0,0,0,0,0,0,0,0,0,0,0,0,0,133609
1,1,1,1,-170,-673,-2419,-87,-9,85,-41,-29,23,0,0,0,0,0,0,0,0,0,0,0,0,0,0,0,0,0,0,0,0,0,0,133619
1,1,1,1,-196,-693,-2443,-105,-3,97,-42,-29,23,0,0,0,0,0,0,0,0,0,0,0,0,0,0,0,0,0,0,0,0,0,0,133629
1,1,1,1,-198,-716,-2458,-166,-9,109,-40,-30,24,0,0,0,0,0,0,0,0,0,0,0,0,0,0,0,0,0,0,0,0,0,0,133639
1,1,1,1,-205,-697,-2465,-211,-18,119,-42,-29,24,0,0,0,0,0,0,0,0,0,0,0,0,0,0,0,0,0,0,0,0,0,0,133649
1,1,1,1,-198,-645,-2445,-177,-16,124,-44,-29,22,0,0,0,0,0,0,0,0,0,0,0,0,0,0,0,0,0,0,0,0,0,0,133659
1,1,1,1,-198,-634,-2454,-135,-14,130,-41,-31,24,0,0,0,0,0,0,0,0,0,0,0,0,0,0,0,0,0,0,0,0,0,0,133669
1,1,1,1,-184,-623,-2429,-68,-4,125,-42,-25,24,0,0,0,0,0,0,0,0,0,0,0,0,0,0,0,0,0,0,0,0,0,0,133679
1,1,1,1,-165,-611,-2398,-6,12,122,-42,-30,26,0,0,0,0,0,0,0,0,0,0,0,0,0,0,0,0,0,0,0,0,0,0,133689
1,1,1,1,-151,-642,-2390,-7,13,124,-43,-28,23,0,0,0,0,0,0,0,0,0,0,0,0,0,0,0,0,0,0,0,0,0,0,133699
1,1,1,1,-143,-652,-2395,-20,12,124,-43,-27,24,0,0,0,0,0,0,0,0,0,0,0,0,0,0,0,0,0,0,0,0,0,0,133709
1,1,1,1,-147,-668,-2415,-12,9,120,-40,-30,26,0,0,0,0,0,0,0,0,0,0,0,0,0,0,0,0,0,0,0,0,0,0,133719
1,1,1,1,-150,-678,-2430,-39,-8,127,-47,-25,30,0,0,0,0,0,0,0,0,0,0,0,0,0,0,0,0,0,0,0,0,0,0,133729
1,1,1,1,-148,-700,-2468,-40,-13,132,-43,-29,28,0,0,0,0,0,0,0,0,0,0,0,0,0,0,0,0,0,0,0,0,0,0,133739
1,1,1,1,-157,-671,-2467,-17,-12,138,-41,-29,30,0,0,0,0,0,0,0,0,0,0,0,0,0,0,0,0,0,0,0,0,0,0,133749
1,1,1,1,-155,-660,-2462,-9,-8,144,-42,-27,30,0,0,0,0,0,0,0,0,0,0,0,0,0,0,0,0,0,0,0,0,0,0,133759
1,1,1,1,-161,-661,-2452,-4,-8,149,-40,-32,29,0,0,0,0,0,0,0,0,0,0,0,0,0,0,0,0,0,0,0,0,0,0,133769
1,1,1,1,-160,-670,-2438,-42,-22,152,-43,-27,27,0,0,0,0,0,0,0,0,0,0,0,0,0,0,0,0,0,0,0,0,0,0,133779
1,1,1,1,-150,-683,-2433,-80,-32,153,-42,-28,31,0,0,0,0,0,0,0,0,0,0,0,0,0,0,0,0,0,0,0,0,0,0,133789
1,1,1,1,-163,-679,-2447,-121,-49,154,-43,-28,30,0,0,0,0,0,0,0,0,0,0,0,0,0,0,0,0,0,0,0,0,0,0,133799
1,1,1,1,-168,-660,-2452,-131,-58,151,-43,-28,32,0,0,0,0,0,0,0,0,0,0,0,0,0,0,0,0,0,0,0,0,0,0,133809
1,1,1,1,-180,-650,-2443,-114,-63,153,-44,-27,29,0,0,0,0,0,0,0,0,0,0,0,0,0,0,0,0,0,0,0,0,0,0,133819
1,1,1,1,-179,-657,-2447,-135,-67,151,-42,-28,29,0,0,0,0,0,0,0,0,0,0,0,0,0,0,0,0,0,0,0,0,0,0,133829
1,1,1,1,-187,-631,-2437,-124,-60,156,-40,-28,28,0,0,0,0,0,0,0,0,0,0,0,0,0,0,0,0,0,0,0,0,0,0,133839
1,1,1,1,-183,-620,-2412,-118,-62,152,-42,-27,29,0,0,0,0,0,0,0,0,0,0,0,0,0,0,0,0,0,0,0,0,0,0,133849
1,1,1,1,-180,-638,-2430,-178,-65,149,-46,-26,28,0,0,0,0,0,0,0,0,0,0,0,0,0,0,0,0,0,0,0,0,0,0,133859
1,1,1,1,-176,-641,-2441,-254,-65,149,-44,-27,27,0,0,0,0,0,0,0,0,0,0,0,0,0,0,0,0,0,0,0,0,0,0,133869
1,1,1,1,-176,-623,-2440,-278,-66,142,-43,-27,30,0,0,0,0,0,0,0,0,0,0,0,0,0,0,0,0,0,0,0,0,0,0,133879
1,1,1,1,-168,-603,-2453,-255,-68,130,-41,-27,28,0,0,0,0,0,0,0,0,0,0,0,0,0,0,0,0,0,0,0,0,0,0,133889
1,1,1,1,-179,-589,-2413,-161,-56,125,-42,-26,29,0,0,0,0,0,0,0,0,0,0,0,0,0,0,0,0,0,0,0,0,0,0,133899
1,1,1,1,-179,-594,-2409,-50,-41,115,-41,-27,28,0,0,0,0,0,0,0,0,0,0,0,0,0,0,0,0,0,0,0,0,0,0,133909
1,1,1,1,-177,-595,-2400,4,-36,105,-39,-26,29,0,0,0,0,0,0,0,0,0,0,0,0,0,0,0,0,0,0,0,0,0,0,133919
1,1,1,1,-191,-584,-2394,24,-27,105,-40,-25,27,0,0,0,0,0,0,0,0,0,0,0,0,0,0,0,0,0,0,0,0,0,0,133929
1,1,1,1,-187,-588,-2408,-43,-41,110,-41,-25,26,0,0,0,0,0,0,0,0,0,0,0,0,0,0,0,0,0,0,0,0,0,0,133939
1,1,1,1,-176,-620,-2436,-136,-40,106,-40,-25,27,0,0,0,0,0,0,0,0,0,0,0,0,0,0,0,0,0,0,0,0,0,0,133949
1,1,1,1,-178,-559,-2404,-95,-14,91,-41,-26,28,0,0,0,0,0,0,0,0,0,0,0,0,0,0,0,0,0,0,0,0,0,0,133959
1,1,1,1,-183,-558,-2428,-80,-15,78,-39,-28,30,0,0,0,0,0,0,0,0,0,0,0,0,0,0,0,0,0,0,0,0,0,0,133969
1,1,1,1,-179,-569,-2441,-54,4,67,-40,-25,28,0,0,0,0,0,0,0,0,0,0,0,0,0,0,0,0,0,0,0,0,0,0,133979
1,1,1,1,-162,-563,-2426,-11,3,53,-41,-24,26,0,0,0,0,0,0,0,0,0,0,0,0,0,0,0,0,0,0,0,0,0,0,133989
1,1,1,1,-143,-581,-2429,14,-3,44,-42,-21,30,0,0,0,0,0,0,0,0,0,0,0,0,0,0,0,0,0,0,0,0,0,0,133999
1,1,1,1,-135,-587,-2429,39,-6,34,-42,-25,27,0,0,0,0,0,0,0,0,0,0,0,0,0,0,0,0,0,0,0,0,0,0,134009
1,1,1,1,-118,-588,-2402,64,2,37,-42,-21,28,0,0,0,0,0,0,0,0,0,0,0,0,0,0,0,0,0,0,0,0,0,0,134019
1,1,1,1,-108,-605,-2410,61,6,32,-38,-26,29,0,0,0,0,0,0,0,0,0,0,0,0,0,0,0,0,0,0,0,0,0,0,134029
1,1,1,1,-120,-602,-2407,39,-7,24,-38,-28,30,0,0,0,0,0,0,0,0,0,0,0,0,0,0,0,0,0,0,0,0,0,0,134039
1,1,1,1,-129,-611,-2443,-8,-6,19,-38,-28,31,0,0,0,0,0,0,0,0,0,0,0,0,0,0,0,0,0,0,0,0,0,0,134049
1,1,1,1,-153,-585,-2460,-27,-5,7,-35,-26,25,0,0,0,0,0,0,0,0,0,0,0,0,0,0,0,0,0,0,0,0,0,0,134059
1,1,1,1,-167,-562,-2455,-4,-3,-6,-37,-27,29,0,0,0,0,0,0,0,0,0,0,0,0,0,0,0,0,0,0,0,0,0,0,134069
1,1,1,1,-176,-563,-2452,7,6,-19,-38,-26,28,0,0,0,0,0,0,0,0,0,0,0,0,0,0,0,0,0,0,0,0,0,0,134079
1,1,1,1,-173,-569,-2441,4,1,-29,-36,-28,29,0,0,0,0,0,0,0,0,0,0,0,0,0,0,0,0,0,0,0,0,0,0,134089
1,1,1,1,-167,-563,-2427,13,2,-39,-38,-26,28,0,0,0,0,0,0,0,0,0,0,0,0,0,0,0,0,0,0,0,0,0,0,134099
1,1,1,1,-168,-563,-2425,23,7,-40,-39,-25,30,0,0,0,0,0,0,0,0,0,0,0,0,0,0,0,0,0,0,0,0,0,0,134109
1,1,1,1,-153,-586,-2429,4,-3,-41,-40,-25,30,0,0,0,0,0,0,0,0,0,0,0,0,0,0,0,0,0,0,0,0,0,0,134119
1,1,1,1,-137,-612,-2432,16,-1,-41,-39,-25,29,0,0,0,0,0,0,0,0,0,0,0,0,0,0,0,0,0,0,0,0,0,0,134129
1,1,1,1,-145,-596,-2437,39,-2,-40,-40,-24,29,0,0,0,0,0,0,0,0,0,0,0,0,0,0,0,0,0,0,0,0,0,0,134139
1,1,1,1,-152,-613,-2444,50,3,-36,-38,-24,30,0,0,0,0,0,0,0,0,0,0,0,0,0,0,0,0,0,0,0,0,0,0,134149
1,1,1,1,-157,-616,-2444,41,-6,-37,-37,-24,31,0,0,0,0,0,0,0,0,0,0,0,0,0,0,0,0,0,0,0,0,0,0,134159
1,1,1,1,-163,-597,-2432,67,-11,-43,-37,-24,29,0,0,0,0,0,0,0,0,0,0,0,0,0,0,0,0,0,0,0,0,0,0,134169
1,1,1,1,-173,-581,-2432,108,0,-48,-39,-23,32,0,0,0,0,0,0,0,0,0,0,0,0,0,0,0,0,0,0,0,0,0,0,134179
1,1,1,1,-171,-590,-2429,90,0,-47,-38,-24,30,0,0,0,0,0,0,0,0,0,0,0,0,0,0,0,0,0,0,0,0,0,0,134189
1,1,1,1,-157,-604,-2436,51,-3,-43,-39,-23,28,0,0,0,0,0,0,0,0,0,0,0,0,0,0,0,0,0,0,0,0,0,0,134199
1,1,1,1,-155,-580,-2422,94,0,-52,-38,-23,29,0,0,0,0,0,0,0,0,0,0,0,0,0,0,0,0,0,0,0,0,0,0,134209
1,1,1,1,-166,-576,-2427,125,16,-48,-37,-23,28,0,0,0,0,0,0,0,0,0,0,0,0,0,0,0,0,0,0,0,0,0,0,134219
1,1,1,1,-153,-620,-2429,93,3,-38,-37,-23,30,0,0,0,0,0,0,0,0,0,0,0,0,0,0,0,0,0,0,0,0,0,0,134229
1,1,1,1,-155,-651,-2439,60,-15,-33,-36,-23,29,0,0,0,0,0,0,0,0,0,0,0,0,0,0,0,0,0,0,0,0,0,0,134239
1,1,1,1,-171,-640,-2439,78,-14,-31,-35,-24,29,0,0,0,0,0,0,0,0,0,0,0,0,0,0,0,0,0,0,0,0,0,0,134249
1,1,1,1,-189,-652,-2442,86,-15,-21,-39,-23,29,0,0,0,0,0,0,0,0,0,0,0,0,0,0,0,0,0,0,0,0,0,0,134259
1,1,1,1,-195,-648,-2450,67,-30,-10,-40,-23,30,0,0,0,0,0,0,0,0,0,0,0,0,0,0,0,0,0,0,0,0,0,0,134269
1,1,1,1,-199,-639,-2445,59,-29,2,-38,-25,29,0,0,0,0,0,0,0,0,0,0,0,0,0,0,0,0,0,0,0,0,0,0,134279
1,1,1,1,-198,-640,-2441,54,-31,13,-40,-22,29,0,0,0,0,0,0,0,0,0,0,0,0,0,0,0,0,0,0,0,0,0,0,134289
1,1,1,1,-195,-641,-2442,62,-50,18,-40,-22,29,0,0,0,0,0,0,0,0,0,0,0,0,0,0,0,0,0,0,0,0,0,0,134299
1,1,1,1,-201,-654,-2451,53,-55,31,-38,-23,26,0,0,0,0,0,0,0,0,0,0,0,0,0,0,0,0,0,0,0,0,0,0,134309
1,1,1,1,-201,-660,-2447,39,-51,46,-42,-19,27,0,0,0,0,0,0,0,0,0,0,0,0,0,0,0,0,0,0,0,0,0,0,134319
1,1,1,1,-210,-656,-2424,17,-66,63,-38,-24,26,0,0,0,0,0,0,0,0,0,0,0,0,0,0,0,0,0,0,0,0,0,0,134329
1,1,1,1,-217,-648,-2429,15,-70,76,-40,-21,27,0,0,0,0,0,0,0,0,0,0,0,0,0,0,0,0,0,0,0,0,0,0,134339
1,1,1,1,-219,-621,-2415,43,-59,84,-38,-21,27,0,0,0,0,0,0,0,0,0,0,0,0,0,0,0,0,0,0,0,0,0,0,134349
1,1,1,1,-223,-626,-2406,58,-48,93,-36,-23,24,0,0,0,0,0,0,0,0,0,0,0,0,0,0,0,0,0,0,0,0,0,0,134359
1,1,1,1,-221,-639,-2413,34,-49,95,-36,-21,28,0,0,0,0,0,0,0,0,0,0,0,0,0,0,0,0,0,0,0,0,0,0,134369
1,1,1,1,-220,-623,-2407,35,-51,92,-36,-21,31,0,0,0,0,0,0,0,0,0,0,0,0,0,0,0,0,0,0,0,0,0,0,134379
1,1,1,1,-208,-610,-2402,58,-41,91,-37,-21,29,0,0,0,0,0,0,0,0,0,0,0,0,0,0,0,0,0,0,0,0,0,0,134389
1,1,1,1,-194,-625,-2414,66,-29,92,-37,-21,30,0,0,0,0,0,0,0,0,0,0,0,0,0,0,0,0,0,0,0,0,0,0,134399
1,1,1,1,-182,-634,-2424,65,-27,92,-36,-22,29,0,0,0,0,0,0,0,0,0,0,0,0,0,0,0,0,0,0,0,0,0,0,134409
1,1,1,1,-174,-635,-2432,76,-18,89,-34,-22,29,0,0,0,0,0,0,0,0,0,0,0,0,0,0,0,0,0,0,0,0,0,0,134419
1,1,1,1,-179,-640,-2433,83,-13,88,-35,-22,27,0,0,0,0,0,0,0,0,0,0,0,0,0,0,0,0,0,0,0,0,0,0,134429
1,1,1,1,-181,-648,-2445,78,-18,88,-36,-22,31,0,0,0,0,0,0,0,0,0,0,0,0,0,0,0,0,0,0,0,0,0,0,134439
1,1,1,1,-184,-644,-2450,66,-4,87,-37,-21,26,0,0,0,0,0,0,0,0,0,0,0,0,0,0,0,0,0,0,0,0,0,0,134449
1,1,1,1,-183,-647,-2445,62,-11,89,-36,-22,26,0,0,0,0,0,0,0,0,0,0,0,0,0,0,0,0,0,0,0,0,0,0,134459
1,1,1,1,-191,-652,-2451,63,-12,77,-36,-22,27,0,0,0,0,0,0,0,0,0,0,0,0,0,0,0,0,0,0,0,0,0,0,134469
1,1,1,1,-208,-633,-2456,60,-12,67,-37,-22,26,0,0,0,0,0,0,0,0,0,0,0,0,0,0,0,0,0,0,0,0,0,0,134479
1,1,1,1,-210,-635,-2456,55,-8,58,-39,-22,27,0,0,0,0,0,0,0,0,0,0,0,0,0,0,0,0,0,0,0,0,0,0,134489
1,1,1,1,-216,-634,-2451,64,-4,46,-38,-22,31,0,0,0,0,0,0,0,0,0,0,0,0,0,0,0,0,0,0,0,0,0,0,134499
1,1,1,1,-216,-623,-2443,65,-11,37,-36,-22,31,0,0,0,0,0,0,0,0,0,0,0,0,0,0,0,0,0,0,0,0,0,0,134509
1,1,1,1,-193,-618,-2428,74,-6,31,-36,-21,28,0,0,0,0,0,0,0,0,0,0,0,0,0,0,0,0,0,0,0,0,0,0,134519
1,1,1,1,-161,-626,-2424,71,-16,21,-35,-21,33,0,0,0,0,0,0,0,0,0,0,0,0,0,0,0,0,0,0,0,0,0,0,134529
1,1,1,1,-131,-627,-2435,63,-13,9,-34,-20,29,0,0,0,0,0,0,0,0,0,0,0,0,0,0,0,0,0,0,0,0,0,0,134539
1,1,1,1,-112,-629,-2405,69,-21,-4,-34,-21,29,0,0,0,0,0,0,0,0,0,0,0,0,0,0,0,0,0,0,0,0,0,0,134549
1,1,1,1,-125,-634,-2432,89,-21,-9,-34,-20,33,0,0,0,0,0,0,0,0,0,0,0,0,0,0,0,0,0,0,0,0,0,0,134559
1,1,1,1,-150,-654,-2454,100,-17,-4,-34,-23,27,0,0,0,0,0,0,0,0,0,0,0,0,0,0,0,0,0,0,0,0,0,0,134569
1,1,1,1,-187,-692,-2490,107,-19,4,-36,-20,30,0,0,0,0,0,0,0,0,0,0,0,0,0,0,0,0,0,0,0,0,0,0,134579
1,1,1,1,-219,-698,-2494,83,-30,31,-38,-20,27,0,0,0,0,0,0,0,0,0,0,0,0,0,0,0,0,0,0,0,0,0,0,134589
1,1,1,1,-209,-706,-2482,46,-40,60,-40,-19,27,0,0,0,0,0,0,0,0,0,0,0,0,0,0,0,0,0,0,0,0,0,0,134599
1,1,1,1,-247,-690,-2452,14,-53,92,-38,-23,30,0,0,0,0,0,0,0,0,0,0,0,0,0,0,0,0,0,0,0,0,0,0,134609
1,1,1,1,-267,-678,-2452,1,-68,99,-40,-21,26,0,0,0,0,0,0,0,0,0,0,0,0,0,0,0,0,0,0,0,0,0,0,134619
1,1,1,1,-273,-627,-2439,19,-72,93,-43,-19,28,0,0,0,0,0,0,0,0,0,0,0,0,0,0,0,0,0,0,0,0,0,0,134629
1,1,1,1,-252,-592,-2435,35,-76,79,-38,-25,27,0,0,0,0,0,0,0,0,0,0,0,0,0,0,0,0,0,0,0,0,0,0,134639
1,1,1,1,-211,-599,-2427,69,-82,63,-37,-29,27,0,0,0,0,0,0,0,0,0,0,0,0,0,0,0,0,0,0,0,0,0,0,134649
1,1,1,1,-176,-642,-2441,86,-83,45,-39,-23,29,0,0,0,0,0,0,0,0,0,0,0,0,0,0,0,0,0,0,0,0,0,0,134659
1,1,1,1,-221,-678,-2453,81,-108,35,-38,-23,30,0,0,0,0,0,0,0,0,0,0,0,0,0,0,0,0,0,0,0,0,0,0,134669
1,1,1,1,-199,-669,-2448,46,-141,50,-37,-22,31,0,0,0,0,0,0,0,0,0,0,0,0,0,0,0,0,0,0,0,0,0,0,134679
1,1,1,1,-208,-714,-2445,7,-151,59,-38,-21,31,0,0,0,0,0,0,0,0,0,0,0,0,0,0,0,0,0,0,0,0,0,0,134689
1,1,1,1,-196,-686,-2422,-40,-166,74,-38,-21,28,0,0,0,0,0,0,0,0,0,0,0,0,0,0,0,0,0,0,0,0,0,0,134699
1,1,1,1,-192,-642,-2397,-47,-157,80,-39,-21,30,0,0,0,0,0,0,0,0,0,0,0,0,0,0,0,0,0,0,0,0,0,0,134709
1,1,1,1,-201,-615,-2389,-16,-137,80,-38,-21,30,0,0,0,0,0,0,0,0,0,0,0,0,0,0,0,0,0,0,0,0,0,0,134719
1,1,1,1,-216,-617,-2386,2,-121,70,-36,-21,30,0,0,0,0,0,0,0,0,0,0,0,0,0,0,0,0,0,0,0,0,0,0,134729
1,1,1,1,-213,-630,-2392,11,-108,63,-37,-21,31,0,0,0,0,0,0,0,0,0,0,0,0,0,0,0,0,0,0,0,0,0,0,134739
1,1,1,1,-205,-661,-2391,28,-103,55,-38,-20,29,0,0,0,0,0,0,0,0,0,0,0,0,0,0,0,0,0,0,0,0,0,0,134749
1,1,1,1,-230,-679,-2393,24,-103,66,-38,-20,30,0,0,0,0,0,0,0,0,0,0,0,0,0,0,0,0,0,0,0,0,0,0,134759
1,1,1,1,-249,-688,-2415,24,-93,89,-37,-20,29,0,0,0,0,0,0,0,0,0,0,0,0,0,0,0,0,0,0,0,0,0,0,134769
1,1,1,1,-285,-666,-2415,27,-77,107,-36,-21,30,0,0,0,0,0,0,0,0,0,0,0,0,0,0,0,0,0,0,0,0,0,0,134779
1,1,1,1,-288,-649,-2397,4,-82,123,-37,-21,29,0,0,0,0,0,0,0,0,0,0,0,0,0,0,0,0,0,0,0,0,0,0,134789
1,1,1,1,-261,-642,-2386,0,-75,122,-36,-22,31,0,0,0,0,0,0,0,0,0,0,0,0,0,0,0,0,0,0,0,0,0,0,134799
1,1,1,1,-272,-635,-2365,31,-54,106,-37,-22,30,0,0,0,0,0,0,0,0,0,0,0,0,0,0,0,0,0,0,0,0,0,0,134809
1,1,1,1,-249,-630,-2387,38,-55,92,-37,-22,34,0,0,0,0,0,0,0,0,0,0,0,0,0,0,0,0,0,0,0,0,0,0,134819
1,1,1,1,-235,-635,-2414,42,-61,72,-37,-21,32,0,0,0,0,0,0,0,0,0,0,0,0,0,0,0,0,0,0,0,0,0,0,134829
1,1,1,1,-226,-638,-2420,39,-67,65,-36,-22,31,0,0,0,0,0,0,0,0,0,0,0,0,0,0,0,0,0,0,0,0,0,0,134839
1,1,1,1,-228,-660,-2437,30,-72,65,-37,-21,31,0,0,0,0,0,0,0,0,0,0,0,0,0,0,0,0,0,0,0,0,0,0,134849
1,1,1,1,-220,-671,-2438,14,-77,74,-37,-20,31,0,0,0,0,0,0,0,0,0,0,0,0,0,0,0,0,0,0,0,0,0,0,134859
1,1,1,1,-224,-668,-2436,1,-82,81,-37,-21,32,0,0,0,0,0,0,0,0,0,0,0,0,0,0,0,0,0,0,0,0,0,0,134869
1,1,1,1,-222,-671,-2423,-16,-85,89,-38,-20,31,0,0,0,0,0,0,0,0,0,0,0,0,0,0,0,0,0,0,0,0,0,0,134879
1,1,1,1,-224,-673,-2412,-26,-79,94,-40,-20,34,0,0,0,0,0,0,0,0,0,0,0,0,0,0,0,0,0,0,0,0,0,0,134889
1,1,1,1,-242,-658,-2402,-17,-61,95,-36,-21,30,0,0,0,0,0,0,0,0,0,0,0,0,0,0,0,0,0,0,0,0,0,0,134899
1,1,1,1,-251,-643,-2398,-4,-62,82,-36,-20,32,0,0,0,0,0,0,0,0,0,0,0,0,0,0,0,0,0,0,0,0,0,0,134909
1,1,1,1,-243,-633,-2398,5,-55,77,-41,-16,34,0,0,0,0,0,0,0,0,0,0,0,0,0,0,0,0,0,0,0,0,0,0,134919
1,1,1,1,-222,-630,-2386,17,-55,59,-38,-21,32,0,0,0,0,0,0,0,0,0,0,0,0,0,0,0,0,0,0,0,0,0,0,134929
1,1,1,1,-214,-623,-2373,25,-55,43,-37,-20,33,0,0,0,0,0,0,0,0,0,0,0,0,0,0,0,0,0,0,0,0,0,0,134939
1,1,1,1,-213,-633,-2400,29,-47,30,-38,-20,34,0,0,0,0,0,0,0,0,0,0,0,0,0,0,0,0,0,0,0,0,0,0,134949
1,1,1,1,-223,-644,-2407,35,-43,17,-35,-21,32,0,0,0,0,0,0,0,0,0,0,0,0,0,0,0,0,0,0,0,0,0,0,134959
1,1,1,1,-237,-651,-2423,33,-39,6,-37,-19,32,0,0,0,0,0,0,0,0,0,0,0,0,0,0,0,0,0,0,0,0,0,0,134969
1,1,1,1,-246,-664,-2427,33,-44,4,-37,-21,35,0,0,0,0,0,0,0,0,0,0,0,0,0,0,0,0,0,0,0,0,0,0,134979
1,1,1,1,-261,-676,-2442,24,-33,9,-37,-21,34,0,0,0,0,0,0,0,0,0,0,0,0,0,0,0,0,0,0,0,0,0,0,134989
1,1,1,1,-268,-683,-2458,-3,-44,14,-37,-20,34,0,0,0,0,0,0,0,0,0,0,0,0,0,0,0,0,0,0,0,0,0,0,134999
1,1,1,1,-267,-674,-2433,-33,-68,21,-38,-20,34,0,0,0,0,0,0,0,0,0,0,0,0,0,0,0,0,0,0,0,0,0,0,135009
1,1,1,1,-258,-668,-2420,-40,-62,27,-38,-20,37,0,0,0,0,0,0,0,0,0,0,0,0,0,0,0,0,0,0,0,0,0,0,135019
1,1,1,1,-252,-651,-2401,-48,-64,28,-38,-20,37,0,0,0,0,0,0,0,0,0,0,0,0,0,0,0,0,0,0,0,0,0,0,135029
1,1,1,1,-247,-639,-2389,-45,-56,24,-38,-20,33,0,0,0,0,0,0,0,0,0,0,0,0,0,0,0,0,0,0,0,0,0,0,135039
1,1,1,1,-251,-640,-2385,-39,-41,13,-36,-21,32,0,0,0,0,0,0,0,0,0,0,0,0,0,0,0,0,0,0,0,0,0,0,135049
1,1,1,1,-261,-631,-2405,-52,-30,-3,-37,-20,32,0,0,0,0,0,0,0,0,0,0,0,0,0,0,0,0,0,0,0,0,0,0,135059
1,1,1,1,-273,-621,-2412,-48,-27,-19,-37,-21,33,0,0,0,0,0,0,0,0,0,0,0,0,0,0,0,0,0,0,0,0,0,0,135069
1,1,1,1,-290,-619,-2417,-24,-30,-32,-38,-21,35,0,0,0,0,0,0,0,0,0,0,0,0,0,0,0,0,0,0,0,0,0,0,135079
1,1,1,1,-292,-613,-2413,2,-9,-33,-37,-20,37,0,0,0,0,0,0,0,0,0,0,0,0,0,0,0,0,0,0,0,0,0,0,135089
1,1,1,1,-291,-625,-2420,16,6,-33,-38,-20,36,0,0,0,0,0,0,0,0,0,0,0,0,0,0,0,0,0,0,0,0,0,0,135099
1,1,1,1,-280,-620,-2420,31,17,-36,-40,-19,35,0,0,0,0,0,0,0,0,0,0,0,0,0,0,0,0,0,0,0,0,0,0,135109
1,1,1,1,-270,-623,-2416,34,24,-36,-38,-19,36,0,0,0,0,0,0,0,0,0,0,0,0,0,0,0,0,0,0,0,0,0,0,135119
1,1,1,1,-253,-649,-2430,18,25,-36,-37,-20,37,0,0,0,0,0,0,0,0,0,0,0,0,0,0,0,0,0,0,0,0,0,0,135129
1,1,1,1,-245,-653,-2424,1,22,-37,-36,-20,35,0,0,0,0,0,0,0,0,0,0,0,0,0,0,0,0,0,0,0,0,0,0,135139
1,1,1,1,-252,-675,-2439,-21,9,-39,-36,-19,35,0,0,0,0,0,0,0,0,0,0,0,0,0,0,0,0,0,0,0,0,0,0,135149
1,1,1,1,-273,-673,-2461,-45,-8,-37,-40,-19,35,0,0,0,0,0,0,0,0,0,0,0,0,0,0,0,0,0,0,0,0,0,0,135159
1,1,1,1,-285,-661,-2452,-60,-18,-30,-38,-19,36,0,0,0,0,0,0,0,0,0,0,0,0,0,0,0,0,0,0,0,0,0,0,135169
1,1,1,1,-288,-656,-2452,-63,-26,-20,-39,-20,32,0,0,0,0,0,0,0,0,0,0,0,0,0,0,0,0,0,0,0,0,0,0,135179
1,1,1,1,-301,-652,-2441,-70,-32,-7,-39,-18,36,0,0,0,0,0,0,0,0,0,0,0,0,0,0,0,0,0,0,0,0,0,0,135189
1,1,1,1,-308,-641,-2427,-65,-23,2,-38,-19,34,0,0,0,0,0,0,0,0,0,0,0,0,0,0,0,0,0,0,0,0,0,0,135199
1,1,1,1,-295,-625,-2409,-48,-20,1,-37,-25,33,0,0,0,0,0,0,0,0,0,0,0,0,0,0,0,0,0,0,0,0,0,0,135209
1,1,1,1,-277,-634,-2413,-47,-15,-1,-39,-20,39,0,0,0,0,0,0,0,0,0,0,0,0,0,0,0,0,0,0,0,0,0,0,135219
1,1,1,1,-273,-626,-2404,-31,-11,-8,-39,-17,35,0,0,0,0,0,0,0,0,0,0,0,0,0,0,0,0,0,0,0,0,0,0,135229
1,1,1,1,-258,-629,-2397,3,-6,-11,-37,-22,34,0,0,0,0,0,0,0,0,0,0,0,0,0,0,0,0,0,0,0,0,0,0,135239
1,1,1,1,-253,-646,-2402,19,-23,-12,-39,-18,35,0,0,0,0,0,0,0,0,0,0,0,0,0,0,0,0,0,0,0,0,0,0,135249
1,1,1,1,-247,-668,-2406,13,-26,-7,-37,-19,37,0,0,0,0,0,0,0,0,0,0,0,0,0,0,0,0,0,0,0,0,0,0,135259
1,1,1,1,-260,-684,-2419,10,-24,-3,-38,-19,37,0,0,0,0,0,0,0,0,0,0,0,0,0,0,0,0,0,0,0,0,0,0,135269
1,1,1,1,-272,-665,-2429,-10,-17,16,-36,-19,37,0,0,0,0,0,0,0,0,0,0,0,0,0,0,0,0,0,0,0,0,0,0,135279
1,1,1,1,-306,-666,-2437,-24,-23,29,-34,-20,30,0,0,0,0,0,0,0,0,0,0,0,0,0,0,0,0,0,0,0,0,0,0,135289
1,1,1,1,-321,-659,-2431,-18,-24,35,-34,-20,34,0,0,0,0,0,0,0,0,0,0,0,0,0,0,0,0,0,0,0,0,0,0,135299
1,1,1,1,-337,-635,-2412,10,-16,42,-34,-20,36,0,0,0,0,0,0,0,0,0,0,0,0,0,0,0,0,0,0,0,0,0,0,135309
1,1,1,1,-326,-638,-2407,17,-11,45,-36,-19,38,0,0,0,0,0,0,0,0,0,0,0,0,0,0,0,0,0,0,0,0,0,0,135319
1,1,1,1,-316,-644,-2403,20,-9,36,-38,-19,37,0,0,0,0,0,0,0,0,0,0,0,0,0,0,0,0,0,0,0,0,0,0,135329
1,1,1,1,-305,-628,-2396,33,-11,25,-38,-19,39,0,0,0,0,0,0,0,0,0,0,0,0,0,0,0,0,0,0,0,0,0,0,135339
1,1,1,1,-291,-619,-2387,82,2,11,-36,-19,35,0,0,0,0,0,0,0,0,0,0,0,0,0,0,0,0,0,0,0,0,0,0,135349
1,1,1,1,-286,-634,-2387,97,-6,5,-35,-19,36,0,0,0,0,0,0,0,0,0,0,0,0,0,0,0,0,0,0,0,0,0,0,135359
1,1,1,1,-281,-651,-2408,89,5,7,-33,-18,36,0,0,0,0,0,0,0,0,0,0,0,0,0,0,0,0,0,0,0,0,0,0,135369
1,1,1,1,-278,-642,-2402,100,12,7,-35,-19,35,0,0,0,0,0,0,0,0,0,0,0,0,0,0,0,0,0,0,0,0,0,0,135379
1,1,1,1,-270,-649,-2413,94,8,9,-36,-18,34,0,0,0,0,0,0,0,0,0,0,0,0,0,0,0,0,0,0,0,0,0,0,135389
1,1,1,1,-268,-655,-2420,78,20,17,-34,-19,34,0,0,0,0,0,0,0,0,0,0,0,0,0,0,0,0,0,0,0,0,0,0,135399
1,1,1,1,-266,-663,-2412,56,8,21,-35,-18,35,0,0,0,0,0,0,0,0,0,0,0,0,0,0,0,0,0,0,0,0,0,0,135409
1,1,1,1,-272,-663,-2421,49,19,20,-38,-17,36,0,0,0,0,0,0,0,0,0,0,0,0,0,0,0,0,0,0,0,0,0,0,135419
1,1,1,1,-278,-660,-2438,32,10,21,-35,-18,37,0,0,0,0,0,0,0,0,0,0,0,0,0,0,0,0,0,0,0,0,0,0,135429
1,1,1,1,-286,-665,-2439,22,6,21,-36,-19,38,0,0,0,0,0,0,0,0,0,0,0,0,0,0,0,0,0,0,0,0,0,0,135439
1,1,1,1,-293,-657,-2435,24,4,20,-35,-18,35,0,0,0,0,0,0,0,0,0,0,0,0,0,0,0,0,0,0,0,0,0,0,135449
1,1,1,1,-285,-660,-2436,17,1,22,-36,-18,34,0,0,0,0,0,0,0,0,0,0,0,0,0,0,0,0,0,0,0,0,0,0,135459
1,1,1,1,-278,-662,-2425,15,-4,23,-36,-18,36,0,0,0,0,0,0,0,0,0,0,0,0,0,0,0,0,0,0,0,0,0,0,135469
1,1,1,1,-268,-657,-2410,20,-12,22,-39,-15,37,0,0,0,0,0,0,0,0,0,0,0,0,0,0,0,0,0,0,0,0,0,0,135479
1,1,1,1,-256,-660,-2422,9,-24,18,-38,-19,36,0,0,0,0,0,0,0,0,0,0,0,0,0,0,0,0,0,0,0,0,0,0,135489
1,1,1,1,-257,-653,-2428,3,-24,12,-37,-20,34,0,0,0,0,0,0,0,0,0,0,0,0,0,0,0,0,0,0,0,0,0,0,135499
1,1,1,1,-274,-639,-2421,15,-19,9,-38,-15,35,0,0,0,0,0,0,0,0,0,0,0,0,0,0,0,0,0,0,0,0,0,0,135509
1,1,1,1,-279,-650,-2436,10,-18,4,-37,-21,38,0,0,0,0,0,0,0,0,0,0,0,0,0,0,0,0,0,0,0,0,0,0,135519
1,1,1,1,-275,-663,-2434,3,-15,1,-38,-17,36,0,0,0,0,0,0,0,0,0,0,0,0,0,0,0,0,0,0,0,0,0,0,135529
1,1,1,1,-287,-657,-2431,-9,-17,3,-39,-17,38,0,0,0,0,0,0,0,0,0,0,0,0,0,0,0,0,0,0,0,0,0,0,135539
1,1,1,1,-285,-659,-2425,-14,-16,4,-40,-13,38,0,0,0,0,0,0,0,0,0,0,0,0,0,0,0,0,0,0,0,0,0,0,135549
1,1,1,1,-290,-646,-2421,-13,-10,1,-35,-22,33,0,0,0,0,0,0,0,0,0,0,0,0,0,0,0,0,0,0,0,0,0,0,135559
1,1,1,1,-288,-639,-2403,5,4,1,-37,-15,38,0,0,0,0,0,0,0,0,0,0,0,0,0,0,0,0,0,0,0,0,0,0,135569
1,1,1,1,-281,-629,-2393,24,3,-9,-34,-18,37,0,0,0,0,0,0,0,0,0,0,0,0,0,0,0,0,0,0,0,0,0,0,135579
1,1,1,1,-270,-620,-2385,54,17,-20,-32,-18,38,0,0,0,0,0,0,0,0,0,0,0,0,0,0,0,0,0,0,0,0,0,0,135589
1,1,1,1,-271,-634,-2400,64,25,-24,-35,-17,36,0,0,0,0,0,0,0,0,0,0,0,0,0,0,0,0,0,0,0,0,0,0,135599
1,1,1,1,-272,-635,-2411,71,24,-28,-35,-18,37,0,0,0,0,0,0,0,0,0,0,0,0,0,0,0,0,0,0,0,0,0,0,135609
1,1,1,1,-277,-639,-2420,71,22,-27,-36,-18,37,0,0,0,0,0,0,0,0,0,0,0,0,0,0,0,0,0,0,0,0,0,0,135619
1,1,1,1,-280,-667,-2430,45,19,-19,-35,-18,36,0,0,0,0,0,0,0,0,0,0,0,0,0,0,0,0,0,0,0,0,0,0,135629
1,1,1,1,-282,-669,-2424,15,8,-11,-36,-17,33,0,0,0,0,0,0,0,0,0,0,0,0,0,0,0,0,0,0,0,0,0,0,135639
1,1,1,1,-273,-664,-2416,2,6,-2,-36,-17,34,0,0,0,0,0,0,0,0,0,0,0,0,0,0,0,0,0,0,0,0,0,0,135649
1,1,1,1,-263,-663,-2404,-18,3,7,-36,-17,33,0,0,0,0,0,0,0,0,0,0,0,0,0,0,0,0,0,0,0,0,0,0,135659
1,1,1,1,-262,-651,-2392,-15,-3,6,-33,-17,34,0,0,0,0,0,0,0,0,0,0,0,0,0,0,0,0,0,0,0,0,0,0,135669
1,1,1,1,-262,-635,-2378,6,0,3,-33,-17,33,0,0,0,0,0,0,0,0,0,0,0,0,0,0,0,0,0,0,0,0,0,0,135679
1,1,1,1,-259,-633,-2381,27,6,-3,-35,-17,34,0,0,0,0,0,0,0,0,0,0,0,0,0,0,0,0,0,0,0,0,0,0,135689
1,1,1,1,-271,-647,-2387,47,17,-4,-34,-17,35,0,0,0,0,0,0,0,0,0,0,0,0,0,0,0,0,0,0,0,0,0,0,135699
1,1,1,1,-279,-653,-2399,60,19,-7,-36,-16,33,0,0,0,0,0,0,0,0,0,0,0,0,0,0,0,0,0,0,0,0,0,0,135709
1,1,1,1,-288,-654,-2407,73,23,-7,-35,-17,35,0,0,0,0,0,0,0,0,0,0,0,0,0,0,0,0,0,0,0,0,0,0,135719
1,1,1,1,-278,-670,-2417,62,20,-3,-35,-17,35,0,0,0,0,0,0,0,0,0,0,0,0,0,0,0,0,0,0,0,0,0,0,135729
1,1,1,1,-260,-686,-2407,38,5,-2,-34,-17,36,0,0,0,0,0,0,0,0,0,0,0,0,0,0,0,0,0,0,0,0,0,0,135739
1,1,1,1,-250,-692,-2406,30,2,1,-33,-17,35,0,0,0,0,0,0,0,0,0,0,0,0,0,0,0,0,0,0,0,0,0,0,135749
1,1,1,1,-240,-698,-2420,26,2,-1,-33,-16,33,0,0,0,0,0,0,0,0,0,0,0,0,0,0,0,0,0,0,0,0,0,0,135759
1,1,1,1,-245,-684,-2415,31,1,-4,-35,-16,34,0,0,0,0,0,0,0,0,0,0,0,0,0,0,0,0,0,0,0,0,0,0,135769
1,1,1,1,-243,-669,-2423,37,6,-1,-34,-17,32,0,0,0,0,0,0,0,0,0,0,0,0,0,0,0,0,0,0,0,0,0,0,135779
1,1,1,1,-260,-672,-2414,50,15,2,-33,-16,32,0,0,0,0,0,0,0,0,0,0,0,0,0,0,0,0,0,0,0,0,0,0,135789
1,1,1,1,-283,-669,-2439,43,23,13,-32,-20,29,0,0,0,0,0,0,0,0,0,0,0,0,0,0,0,0,0,0,0,0,0,0,135799
1,1,1,1,-303,-676,-2451,40,19,22,-34,-17,32,0,0,0,0,0,0,0,0,0,0,0,0,0,0,0,0,0,0,0,0,0,0,135809
1,1,1,1,-306,-669,-2450,46,15,31,-35,-16,33,0,0,0,0,0,0,0,0,0,0,0,0,0,0,0,0,0,0,0,0,0,0,135819
1,1,1,1,-302,-674,-2449,51,25,39,-34,-19,29,0,0,0,0,0,0,0,0,0,0,0,0,0,0,0,0,0,0,0,0,0,0,135829
1,1,1,1,-275,-682,-2425,39,8,39,-35,-20,32,0,0,0,0,0,0,0,0,0,0,0,0,0,0,0,0,0,0,0,0,0,0,135839
1,1,1,1,-267,-686,-2431,32,11,43,-35,-19,33,0,0,0,0,0,0,0,0,0,0,0,0,0,0,0,0,0,0,0,0,0,0,135849
1,1,1,1,-258,-692,-2427,36,17,49,-35,-16,29,0,0,0,0,0,0,0,0,0,0,0,0,0,0,0,0,0,0,0,0,0,0,135859
1,1,1,1,-258,-689,-2435,22,-6,47,-35,-17,34,0,0,0,0,0,0,0,0,0,0,0,0,0,0,0,0,0,0,0,0,0,0,135869
1,1,1,1,-265,-685,-2453,17,-15,51,-31,-19,31,0,0,0,0,0,0,0,0,0,0,0,0,0,0,0,0,0,0,0,0,0,0,135879
1,1,1,1,-267,-682,-2462,-4,-37,57,-36,-16,32,0,0,0,0,0,0,0,0,0,0,0,0,0,0,0,0,0,0,0,0,0,0,135889
1,1,1,1,-267,-681,-2458,-16,-49,61,-34,-17,34,0,0,0,0,0,0,0,0,0,0,0,0,0,0,0,0,0,0,0,0,0,0,135899
1,1,1,1,-257,-670,-2443,-21,-54,67,-33,-17,34,0,0,0,0,0,0,0,0,0,0,0,0,0,0,0,0,0,0,0,0,0,0,135909
1,1,1,1,-249,-669,-2427,-30,-65,70,-34,-16,33,0,0,0,0,0,0,0,0,0,0,0,0,0,0,0,0,0,0,0,0,0,0,135919
1,1,1,1,-238,-663,-2405,-26,-64,69,-36,-17,35,0,0,0,0,0,0,0,0,0,0,0,0,0,0,0,0,0,0,0,0,0,0,135929
1,1,1,1,-229,-667,-2392,-22,-54,67,-34,-16,33,0,0,0,0,0,0,0,0,0,0,0,0,0,0,0,0,0,0,0,0,0,0,135939
1,1,1,1,-234,-659,-2398,-32,-66,60,-34,-16,32,0,0,0,0,0,0,0,0,0,0,0,0,0,0,0,0,0,0,0,0,0,0,135949
1,1,1,1,-252,-647,-2395,-23,-61,53,-34,-17,33,0,0,0,0,0,0,0,0,0,0,0,0,0,0,0,0,0,0,0,0,0,0,135959
1,1,1,1,-258,-640,-2410,-16,-61,43,-33,-17,33,0,0,0,0,0,0,0,0,0,0,0,0,0,0,0,0,0,0,0,0,0,0,135969
1,1,1,1,-271,-635,-2422,-20,-61,31,-32,-17,31,0,0,0,0,0,0,0,0,0,0,0,0,0,0,0,0,0,0,0,0,0,0,135979
1,1,1,1,-272,-634,-2404,-5,-55,26,-33,-16,34,0,0,0,0,0,0,0,0,0,0,0,0,0,0,0,0,0,0,0,0,0,0,135989
1,1,1,1,-263,-656,-2405,3,-51,22,-35,-16,32,0,0,0,0,0,0,0,0,0,0,0,0,0,0,0,0,0,0,0,0,0,0,135999
1,1,1,1,-253,-666,-2394,-6,-37,29,-33,-17,33,0,0,0,0,0,0,0,0,0,0,0,0,0,0,0,0,0,0,0,0,0,0,136009
1,1,1,1,-247,-664,-2385,-11,-38,28,-35,-17,33,0,0,0,0,0,0,0,0,0,0,0,0,0,0,0,0,0,0,0,0,0,0,136019
1,1,1,1,-258,-665,-2404,-16,-31,32,-37,-17,32,0,0,0,0,0,0,0,0,0,0,0,0,0,0,0,0,0,0,0,0,0,0,136029
1,1,1,1,-266,-666,-2411,-15,-26,28,-36,-16,33,0,0,0,0,0,0,0,0,0,0,0,0,0,0,0,0,0,0,0,0,0,0,136039
1,1,1,1,-268,-663,-2412,-11,-28,20,-37,-16,32,0,0,0,0,0,0,0,0,0,0,0,0,0,0,0,0,0,0,0,0,0,0,136049
1,1,1,1,-291,-647,-2424,-5,-32,15,-36,-17,33,0,0,0,0,0,0,0,0,0,0,0,0,0,0,0,0,0,0,0,0,0,0,136059
1,1,1,1,-290,-655,-2423,1,-33,8,-34,-17,34,0,0,0,0,0,0,0,0,0,0,0,0,0,0,0,0,0,0,0,0,0,0,136069
1,1,1,1,-297,-663,-2419,9,-28,4,-35,-17,36,0,0,0,0,0,0,0,0,0,0,0,0,0,0,0,0,0,0,0,0,0,0,136079
1,1,1,1,-299,-666,-2424,11,-27,7,-36,-16,32,0,0,0,0,0,0,0,0,0,0,0,0,0,0,0,0,0,0,0,0,0,0,136089
1,1,1,1,-290,-677,-2426,5,-29,8,-35,-16,33,0,0,0,0,0,0,0,0,0,0,0,0,0,0,0,0,0,0,0,0,0,0,136099
1,1,1,1,-297,-668,-2417,11,-28,9,-35,-17,33,0,0,0,0,0,0,0,0,0,0,0,0,0,0,0,0,0,0,0,0,0,0,136109
1,1,1,1,-286,-675,-2428,-8,-36,9,-37,-16,34,0,0,0,0,0,0,0,0,0,0,0,0,0,0,0,0,0,0,0,0,0,0,136119
1,1,1,1,-284,-667,-2428,-24,-39,7,-36,-17,36,0,0,0,0,0,0,0,0,0,0,0,0,0,0,0,0,0,0,0,0,0,0,136129
1,1,1,1,-278,-658,-2419,-5,-28,4,-36,-17,34,0,0,0,0,0,0,0,0,0,0,0,0,0,0,0,0,0,0,0,0,0,0,136139
1,1,1,1,-283,-661,-2420,6,-32,-2,-34,-20,32,0,0,0,0,0,0,0,0,0,0,0,0,0,0,0,0,0,0,0,0,0,0,136149
1,1,1,1,-297,-658,-2426,16,-32,-7,-33,-19,35,0,0,0,0,0,0,0,0,0,0,0,0,0,0,0,0,0,0,0,0,0,0,136159
1,1,1,1,-302,-659,-2421,30,-22,-2,-36,-16,38,0,0,0,0,0,0,0,0,0,0,0,0,0,0,0,0,0,0,0,0,0,0,136169
1,1,1,1,-306,-664,-2421,30,-4,6,-34,-15,33,0,0,0,0,0,0,0,0,0,0,0,0,0,0,0,0,0,0,0,0,0,0,136179
1,1,1,1,-302,-664,-2404,25,-2,10,-30,-19,34,0,0,0,0,0,0,0,0,0,0,0,0,0,0,0,0,0,0,0,0,0,0,136189
1,1,1,1,-298,-683,-2403,16,10,14,-32,-17,36,0,0,0,0,0,0,0,0,0,0,0,0,0,0,0,0,0,0,0,0,0,0,136199
1,1,1,1,-305,-664,-2404,17,13,19,-34,-16,34,0,0,0,0,0,0,0,0,0,0,0,0,0,0,0,0,0,0,0,0,0,0,136209
1,1,1,1,-302,-655,-2403,14,23,23,-33,-17,34,0,0,0,0,0,0,0,0,0,0,0,0,0,0,0,0,0,0,0,0,0,0,136219
1,1,1,1,-308,-664,-2419,13,24,21,-34,-17,36,0,0,0,0,0,0,0,0,0,0,0,0,0,0,0,0,0,0,0,0,0,0,136229
1,1,1,1,-305,-657,-2418,13,9,18,-33,-17,36,0,0,0,0,0,0,0,0,0,0,0,0,0,0,0,0,0,0,0,0,0,0,136239
1,1,1,1,-297,-673,-2420,11,4,16,-33,-17,34,0,0,0,0,0,0,0,0,0,0,0,0,0,0,0,0,0,0,0,0,0,0,136249
1,1,1,1,-294,-677,-2419,8,-5,12,-33,-16,34,0,0,0,0,0,0,0,0,0,0,0,0,0,0,0,0,0,0,0,0,0,0,136259
1,1,1,1,-284,-674,-2418,7,-2,15,-32,-17,35,0,0,0,0,0,0,0,0,0,0,0,0,0,0,0,0,0,0,0,0,0,0,136269
1,1,1,1,-278,-673,-2417,6,-8,22,-32,-17,32,0,0,0,0,0,0,0,0,0,0,0,0,0,0,0,0,0,0,0,0,0,0,136279
1,1,1,1,-276,-674,-2422,-6,-20,26,-32,-17,33,0,0,0,0,0,0,0,0,0,0,0,0,0,0,0,0,0,0,0,0,0,0,136289
1,1,1,1,-283,-667,-2429,-15,-8,28,-34,-17,34,0,0,0,0,0,0,0,0,0,0,0,0,0,0,0,0,0,0,0,0,0,0,136309
1,1,1,1,-281,-652,-2424,-21,-18,18,-33,-17,33,0,0,0,0,0,0,0,0,0,0,0,0,0,0,0,0,0,0,0,0,0,0,136319
1,1,1,1,-288,-647,-2422,-9,-11,13,-31,-17,33,0,0,0,0,0,0,0,0,0,0,0,0,0,0,0,0,0,0,0,0,0,0,136329
1,1,1,1,-289,-647,-2416,-5,-20,5,-30,-18,32,0,0,0,0,0,0,0,0,0,0,0,0,0,0,0,0,0,0,0,0,0,0,136339
1,1,1,1,-291,-646,-2416,5,-14,1,-30,-16,36,0,0,0,0,0,0,0,0,0,0,0,0,0,0,0,0,0,0,0,0,0,0,136349
1,1,1,1,-285,-647,-2413,4,-18,-3,-31,-16,36,0,0,0,0,0,0,0,0,0,0,0,0,0,0,0,0,0,0,0,0,0,0,136359
1,1,1,1,-282,-656,-2409,-2,-17,-3,-32,-16,35,0,0,0,0,0,0,0,0,0,0,0,0,0,0,0,0,0,0,0,0,0,0,136369
1,1,1,1,-282,-659,-2402,5,-2,-2,-31,-16,34,0,0,0,0,0,0,0,0,0,0,0,0,0,0,0,0,0,0,0,0,0,0,136379
1,1,1,1,-293,-653,-2416,10,-3,-4,-35,-16,36,0,0,0,0,0,0,0,0,0,0,0,0,0,0,0,0,0,0,0,0,0,0,136389
1,1,1,1,-292,-656,-2420,12,-6,-3,-31,-19,37,0,0,0,0,0,0,0,0,0,0,0,0,0,0,0,0,0,0,0,0,0,0,136399
1,1,1,1,-285,-668,-2414,11,6,-2,-37,-11,35,0,0,0,0,0,0,0,0,0,0,0,0,0,0,0,0,0,0,0,0,0,0,136409
1,1,1,1,-281,-662,-2413,8,2,-8,-34,-15,37,0,0,0,0,0,0,0,0,0,0,0,0,0,0,0,0,0,0,0,0,0,0,136419
1,1,1,1,-279,-654,-2406,16,-3,-14,-33,-20,33,0,0,0,0,0,0,0,0,0,0,0,0,0,0,0,0,0,0,0,0,0,0,136429
1,1,1,1,-276,-650,-2411,16,10,-20,-33,-19,34,0,0,0,0,0,0,0,0,0,0,0,0,0,0,0,0,0,0,0,0,0,0,136439
1,1,1,1,-281,-634,-2407,23,11,-25,-37,-15,34,0,0,0,0,0,0,0,0,0,0,0,0,0,0,0,0,0,0,0,0,0,0,136449
1,1,1,1,-278,-634,-2397,35,3,-32,-35,-15,36,0,0,0,0,0,0,0,0,0,0,0,0,0,0,0,0,0,0,0,0,0,0,136459
1,1,1,1,-270,-647,-2401,37,9,-32,-34,-15,37,0,0,0,0,0,0,0,0,0,0,0,0,0,0,0,0,0,0,0,0,0,0,136469
1,1,1,1,-276,-661,-2394,48,24,-30,-33,-17,34,0,0,0,0,0,0,0,0,0,0,0,0,0,0,0,0,0,0,0,0,0,0,136479
1,1,1,1,-282,-673,-2404,32,1,-32,-32,-16,34,0,0,0,0,0,0,0,0,0,0,0,0,0,0,0,0,0,0,0,0,0,0,136489
1,1,1,1,-282,-689,-2415,11,5,-28,-32,-16,36,0,0,0,0,0,0,0,0,0,0,0,0,0,0,0,0,0,0,0,0,0,0,136499
1,1,1,1,-281,-690,-2411,2,4,-19,-33,-16,36,0,0,0,0,0,0,0,0,0,0,0,0,0,0,0,0,0,0,0,0,0,0,136509
1,1,1,1,-278,-680,-2406,-5,-3,-16,-34,-16,38,0,0,0,0,0,0,0,0,0,0,0,0,0,0,0,0,0,0,0,0,0,0,136519
1,1,1,1,-279,-678,-2406,-15,-4,-8,-34,-16,38,0,0,0,0,0,0,0,0,0,0,0,0,0,0,0,0,0,0,0,0,0,0,136529
1,1,1,1,-290,-671,-2429,-26,-5,-3,-35,-17,36,0,0,0,0,0,0,0,0,0,0,0,0,0,0,0,0,0,0,0,0,0,0,136539
1,1,1,1,-294,-661,-2429,-26,-5,-2,-35,-17,36,0,0,0,0,0,0,0,0,0,0,0,0,0,0,0,0,0,0,0,0,0,0,136549
1,1,1,1,-296,-659,-2425,-15,-7,1,-33,-16,36,0,0,0,0,0,0,0,0,0,0,0,0,0,0,0,0,0,0,0,0,0,0,136559
1,1,1,1,-294,-663,-2423,-10,-20,-1,-33,-16,32,0,0,0,0,0,0,0,0,0,0,0,0,0,0,0,0,0,0,0,0,0,0,136569
1,1,1,1,-288,-671,-2422,-10,-17,2,-34,-16,33,0,0,0,0,0,0,0,0,0,0,0,0,0,0,0,0,0,0,0,0,0,0,136579
1,1,1,1,-282,-667,-2417,-7,-17,6,-33,-17,33,0,0,0,0,0,0,0,0,0,0,0,0,0,0,0,0,0,0,0,0,0,0,136589
1,1,1,1,-285,-654,-2409,9,-20,9,-34,-17,36,0,0,0,0,0,0,0,0,0,0,0,0,0,0,0,0,0,0,0,0,0,0,136599
1,1,1,1,-287,-659,-2412,19,-5,14,-33,-16,36,0,0,0,0,0,0,0,0,0,0,0,0,0,0,0,0,0,0,0,0,0,0,136609
1,1,1,1,-284,-669,-2403,14,-4,13,-35,-16,36,0,0,0,0,0,0,0,0,0,0,0,0,0,0,0,0,0,0,0,0,0,0,136619
1,1,1,1,-286,-662,-2405,9,-7,11,-36,-17,35,0,0,0,0,0,0,0,0,0,0,0,0,0,0,0,0,0,0,0,0,0,0,136629
1,1,1,1,-283,-660,-2411,15,3,16,-34,-17,34,0,0,0,0,0,0,0,0,0,0,0,0,0,0,0,0,0,0,0,0,0,0,136639
1,1,1,1,-283,-664,-2423,0,-4,18,-35,-16,32,0,0,0,0,0,0,0,0,0,0,0,0,0,0,0,0,0,0,0,0,0,0,136649
1,1,1,1,-281,-664,-2426,-6,-10,16,-33,-16,34,0,0,0,0,0,0,0,0,0,0,0,0,0,0,0,0,0,0,0,0,0,0,136659
1,1,1,1,-284,-661,-2421,1,-9,15,-32,-16,34,0,0,0,0,0,0,0,0,0,0,0,0,0,0,0,0,0,0,0,0,0,0,136669
1,1,1,1,-283,-660,-2422,-3,-13,15,-33,-16,32,0,0,0,0,0,0,0,0,0,0,0,0,0,0,0,0,0,0,0,0,0,0,136679
1,1,1,1,-279,-666,-2424,-2,-21,15,-35,-17,35,0,0,0,0,0,0,0,0,0,0,0,0,0,0,0,0,0,0,0,0,0,0,136689
1,1,1,1,-283,-669,-2431,-7,-25,15,-32,-18,34,0,0,0,0,0,0,0,0,0,0,0,0,0,0,0,0,0,0,0,0,0,0,136699
1,1,1,1,-276,-672,-2432,-19,-31,20,-33,-17,32,0,0,0,0,0,0,0,0,0,0,0,0,0,0,0,0,0,0,0,0,0,0,136709
1,1,1,1,-272,-670,-2425,-22,-28,24,-34,-15,32,0,0,0,0,0,0,0,0,0,0,0,0,0,0,0,0,0,0,0,0,0,0,136719
1,1,1,1,-273,-660,-2412,-22,-16,28,-33,-17,31,0,0,0,0,0,0,0,0,0,0,0,0,0,0,0,0,0,0,0,0,0,0,136729
1,1,1,1,-277,-658,-2413,-19,-17,25,-33,-17,34,0,0,0,0,0,0,0,0,0,0,0,0,0,0,0,0,0,0,0,0,0,0,136739
1,1,1,1,-278,-650,-2410,-14,-11,24,-35,-17,36,0,0,0,0,0,0,0,0,0,0,0,0,0,0,0,0,0,0,0,0,0,0,136749
1,1,1,1,-280,-645,-2412,-22,-16,21,-35,-14,34,0,0,0,0,0,0,0,0,0,0,0,0,0,0,0,0,0,0,0,0,0,0,136759
1,1,1,1,-280,-643,-2404,-11,-14,13,-34,-17,34,0,0,0,0,0,0,0,0,0,0,0,0,0,0,0,0,0,0,0,0,0,0,136769
1,1,1,1,-275,-645,-2410,-11,-17,7,-32,-17,36,0,0,0,0,0,0,0,0,0,0,0,0,0,0,0,0,0,0,0,0,0,0,136779
1,1,1,1,-282,-646,-2417,-13,-21,1,-31,-17,33,0,0,0,0,0,0,0,0,0,0,0,0,0,0,0,0,0,0,0,0,0,0,136789
1,1,1,1,-280,-647,-2415,-6,-10,2,-33,-16,34,0,0,0,0,0,0,0,0,0,0,0,0,0,0,0,0,0,0,0,0,0,0,136799
1,1,1,1,-285,-645,-2417,-3,-18,-1,-33,-16,35,0,0,0,0,0,0,0,0,0,0,0,0,0,0,0,0,0,0,0,0,0,0,136809
1,1,1,1,-284,-646,-2410,6,-12,1,-32,-16,38,0,0,0,0,0,0,0,0,0,0,0,0,0,0,0,0,0,0,0,0,0,0,136819
1,1,1,1,-282,-649,-2408,14,1,4,-32,-17,38,0,0,0,0,0,0,0,0,0,0,0,0,0,0,0,0,0,0,0,0,0,0,136829
1,1,1,1,-281,-651,-2407,7,-1,2,-34,-16,37,0,0,0,0,0,0,0,0,0,0,0,0,0,0,0,0,0,0,0,0,0,0,136839
1,1,1,1,-278,-654,-2402,0,-9,0,-34,-17,34,0,0,0,0,0,0,0,0,0,0,0,0,0,0,0,0,0,0,0,0,0,0,136849
1,1,1,1,-284,-654,-2411,3,-5,-3,-33,-16,35,0,0,0,0,0,0,0,0,0,0,0,0,0,0,0,0,0,0,0,0,0,0,136859
1,1,1,1,-287,-661,-2420,11,-2,-8,-33,-16,38,0,0,0,0,0,0,0,0,0,0,0,0,0,0,0,0,0,0,0,0,0,0,136869
1,1,1,1,-294,-665,-2434,2,-7,-9,-32,-17,33,0,0,0,0,0,0,0,0,0,0,0,0,0,0,0,0,0,0,0,0,0,0,136879
1,1,1,1,-295,-669,-2424,-6,-22,-8,-30,-17,32,0,0,0,0,0,0,0,0,0,0,0,0,0,0,0,0,0,0,0,0,0,0,136889
1,1,1,1,-291,-662,-2416,-1,-10,-1,-30,-17,32,0,0,0,0,0,0,0,0,0,0,0,0,0,0,0,0,0,0,0,0,0,0,136899
1,1,1,1,-295,-662,-2417,-13,-23,4,-33,-16,33,0,0,0,0,0,0,0,0,0,0,0,0,0,0,0,0,0,0,0,0,0,0,136909
1,1,1,1,-297,-651,-2410,-8,-22,7,-32,-17,33,0,0,0,0,0,0,0,0,0,0,0,0,0,0,0,0,0,0,0,0,0,0,136919
1,1,1,1,-298,-639,-2401,8,-6,10,-33,-16,34,0,0,0,0,0,0,0,0,0,0,0,0,0,0,0,0,0,0,0,0,0,0,136929
1,1,1,1,-293,-641,-2401,15,4,6,-31,-16,34,0,0,0,0,0,0,0,0,0,0,0,0,0,0,0,0,0,0,0,0,0,0,136939
1,1,1,1,-293,-632,-2405,32,1,-2,-31,-16,32,0,0,0,0,0,0,0,0,0,0,0,0,0,0,0,0,0,0,0,0,0,0,136949
1,1,1,1,-295,-638,-2409,49,5,-10,-32,-16,35,0,0,0,0,0,0,0,0,0,0,0,0,0,0,0,0,0,0,0,0,0,0,136959
1,1,1,1,-297,-657,-2412,46,7,-16,-31,-16,32,0,0,0,0,0,0,0,0,0,0,0,0,0,0,0,0,0,0,0,0,0,0,136969
1,1,1,1,-292,-667,-2424,33,6,-16,-32,-16,33,0,0,0,0,0,0,0,0,0,0,0,0,0,0,0,0,0,0,0,0,0,0,136979
1,1,1,1,-290,-664,-2428,21,2,-12,-32,-16,36,0,0,0,0,0,0,0,0,0,0,0,0,0,0,0,0,0,0,0,0,0,0,136989
1,1,1,1,-280,-664,-2417,9,-11,-6,-33,-13,34,0,0,0,0,0,0,0,0,0,0,0,0,0,0,0,0,0,0,0,0,0,0,136999
1,1,1,1,-278,-668,-2411,9,-13,5,-34,-14,36,0,0,0,0,0,0,0,0,0,0,0,0,0,0,0,0,0,0,0,0,0,0,137009
1,1,1,1,-282,-667,-2406,7,-7,15,-33,-14,36,0,0,0,0,0,0,0,0,0,0,0,0,0,0,0,0,0,0,0,0,0,0,137019
1,1,1,1,-286,-660,-2412,10,-10,16,-33,-15,32,0,0,0,0,0,0,0,0,0,0,0,0,0,0,0,0,0,0,0,0,0,0,137029
1,1,1,1,-298,-653,-2413,8,-18,14,-34,-17,37,0,0,0,0,0,0,0,0,0,0,0,0,0,0,0,0,0,0,0,0,0,0,137039
1,1,1,1,-299,-654,-2413,14,4,13,-33,-19,31,0,0,0,0,0,0,0,0,0,0,0,0,0,0,0,0,0,0,0,0,0,0,137049
1,1,1,1,-290,-652,-2411,6,-8,6,-33,-16,34,0,0,0,0,0,0,0,0,0,0,0,0,0,0,0,0,0,0,0,0,0,0,137059
1,1,1,1,-287,-645,-2405,19,6,1,-33,-18,35,0,0,0,0,0,0,0,0,0,0,0,0,0,0,0,0,0,0,0,0,0,0,137069
1,1,1,1,-285,-647,-2415,24,-12,-7,-32,-17,36,0,0,0,0,0,0,0,0,0,0,0,0,0,0,0,0,0,0,0,0,0,0,137079
1,1,1,1,-286,-661,-2421,28,-9,-9,-31,-16,34,0,0,0,0,0,0,0,0,0,0,0,0,0,0,0,0,0,0,0,0,0,0,137089
1,1,1,1,-282,-666,-2427,24,-5,-4,-29,-16,35,0,0,0,0,0,0,0,0,0,0,0,0,0,0,0,0,0,0,0,0,0,0,137099
1,1,1,1,-285,-670,-2420,15,-17,-1,-31,-15,37,0,0,0,0,0,0,0,0,0,0,0,0,0,0,0,0,0,0,0,0,0,0,137109
1,1,1,1,-282,-674,-2422,8,-23,-1,-31,-15,37,0,0,0,0,0,0,0,0,0,0,0,0,0,0,0,0,0,0,0,0,0,0,137119
1,1,1,1,-282,-676,-2423,6,-23,4,-33,-16,37,0,0,0,0,0,0,0,0,0,0,0,0,0,0,0,0,0,0,0,0,0,0,137129
1,1,1,1,-286,-672,-2417,6,-22,7,-32,-16,37,0,0,0,0,0,0,0,0,0,0,0,0,0,0,0,0,0,0,0,0,0,0,137139
1,1,1,1,-290,-659,-2418,5,-28,9,-32,-16,34,0,0,0,0,0,0,0,0,0,0,0,0,0,0,0,0,0,0,0,0,0,0,137149
1,1,1,1,-300,-650,-2412,21,-14,8,-31,-16,34,0,0,0,0,0,0,0,0,0,0,0,0,0,0,0,0,0,0,0,0,0,0,137159
1,1,1,1,-294,-647,-2423,25,-12,4,-30,-16,32,0,0,0,0,0,0,0,0,0,0,0,0,0,0,0,0,0,0,0,0,0,0,137169
1,1,1,1,-297,-662,-2417,23,-23,0,-31,-15,34,0,0,0,0,0,0,0,0,0,0,0,0,0,0,0,0,0,0,0,0,0,0,137179
1,1,1,1,-295,-666,-2424,21,-16,-1,-30,-15,33,0,0,0,0,0,0,0,0,0,0,0,0,0,0,0,0,0,0,0,0,0,0,137189
1,1,1,1,-299,-678,-2417,27,0,3,-28,-15,34,0,0,0,0,0,0,0,0,0,0,0,0,0,0,0,0,0,0,0,0,0,0,137199
1,1,1,1,-300,-678,-2407,19,-11,1,-30,-15,35,0,0,0,0,0,0,0,0,0,0,0,0,0,0,0,0,0,0,0,0,0,0,137209
1,1,1,1,-296,-674,-2407,15,-18,3,-29,-15,34,0,0,0,0,0,0,0,0,0,0,0,0,0,0,0,0,0,0,0,0,0,0,137219
1,1,1,1,-292,-672,-2401,18,-13,4,-31,-15,32,0,0,0,0,0,0,0,0,0,0,0,0,0,0,0,0,0,0,0,0,0,0,137229
1,1,1,1,-287,-665,-2393,19,-7,6,-32,-15,32,0,0,0,0,0,0,0,0,0,0,0,0,0,0,0,0,0,0,0,0,0,0,137239
1,1,1,1,-280,-671,-2396,4,-7,8,-30,-15,34,0,0,0,0,0,0,0,0,0,0,0,0,0,0,0,0,0,0,0,0,0,0,137249
1,1,1,1,-280,-671,-2396,-3,-4,10,-32,-15,35,0,0,0,0,0,0,0,0,0,0,0,0,0,0,0,0,0,0,0,0,0,0,137259
1,1,1,1,-292,-664,-2414,0,3,10,-30,-15,36,0,0,0,0,0,0,0,0,0,0,0,0,0,0,0,0,0,0,0,0,0,0,137269
