1,1,0,1,1,1038,1010,-1,2,0,-3,2,-2,0,0,0,0,0,0,0,0,0,0,0,0,0,0,0,0,0,0,0,0,0,0,19715
1,1,0,1,0,1043,1009,12,3,1,-1,1,1,0,0,0,0,0,0,0,0,0,0,0,0,0,0,0,0,0,0,0,0,0,0,19725
1,1,0,1,-3,1041,1007,19,-3,0,-3,1,-4,0,0,0,0,0,0,0,0,0,0,0,0,0,0,0,0,0,0,0,0,0,0,19735
1,1,0,1,-3,1042,1008,22,-5,1,-4,2,-3,0,0,0,0,0,0,0,0,0,0,0,0,0,0,0,0,0,0,0,0,0,0,19745
1,1,0,1,0,1043,1005,23,-1,1,1,0,1,0,0,0,0,0,0,0,0,0,0,0,0,0,0,0,0,0,0,0,0,0,0,19755
1,1,0,1,1,1041,1007,17,-4,-1,3,1,-2,0,0,0,0,0,0,0,0,0,0,0,0,0,0,0,0,0,0,0,0,0,0,19765
1,1,0,1,1,1039,1010,14,5,0,2,0,-5,0,0,0,0,0,0,0,0,0,0,0,0,0,0,0,0,0,0,0,0,0,0,19775
1,1,0,1,10,1041,1007,10,3,1,0,1,1,0,0,0,0,0,0,0,0,0,0,0,0,0,0,0,0,0,0,0,0,0,0,19785
1,1,0,1,3,1041,1005,1,-3,-1,0,1,-4,0,0,0,0,0,0,0,0,0,0,0,0,0,0,0,0,0,0,0,0,0,0,19795
1,1,0,1,0,1043,1010,-6,1,-1,0,1,-1,0,0,0,0,0,0,0,0,0,0,0,0,0,0,0,0,0,0,0,0,0,0,19805
1,1,0,1,-1,1044,1009,-8,3,1,1,0,-1,0,0,0,0,0,0,0,0,0,0,0,0,0,0,0,0,0,0,0,0,0,0,19815
1,1,0,1,-5,1044,1004,-14,3,2,0,0,-3,0,0,0,0,0,0,0,0,0,0,0,0,0,0,0,0,0,0,0,0,0,0,19825
1,1,0,1,-3,1044,1006,-19,-4,0,0,0,-4,0,0,0,0,0,0,0,0,0,0,0,0,0,0,0,0,0,0,0,0,0,0,19835
1,1,0,1,-1,1043,1007,-20,4,0,1,0,-2,0,0,0,0,0,0,0,0,0,0,0,0,0,0,0,0,0,0,0,0,0,0,19845
1,1,0,1,4,1042,1003,-21,2,1,2,0,-2,0,0,0,0,0,0,0,0,0,0,0,0,0,0,0,0,0,0,0,0,0,0,19855
1,1,0,1,6,1040,1008,-23,2,0,3,0,-9,0,0,0,0,0,0,0,0,0,0,0,0,0,0,0,0,0,0,0,0,0,0,19865
1,1,0,1,7,1038,1006,-21,0,1,1,0,-3,0,0,0,0,0,0,0,0,0,0,0,0,0,0,0,0,0,0,0,0,0,0,19875
1,1,0,1,0,1035,1007,-17,0,0,-1,0,-5,0,0,0,0,0,0,0,0,0,0,0,0,0,0,0,0,0,0,0,0,0,0,19885
1,1,0,1,-4,1040,1016,-17,-4,0,0,0,-3,0,0,0,0,0,0,0,0,0,0,0,0,0,0,0,0,0,0,0,0,0,0,19895
1,1,0,1,-7,1043,1012,-11,-3,0,-1,1,-4,0,0,0,0,0,0,0,0,0,0,0,0,0,0,0,0,0,0,0,0,0,0,19905
1,1,0,1,-5,1040,1022,-5,-2,0,1,0,-2,0,0,0,0,0,0,0,0,0,0,0,0,0,0,0,0,0,0,0,0,0,0,19915
1,1,0,1,2,1037,1009,-3,1,0,1,1,-6,0,0,0,0,0,0,0,0,0,0,0,0,0,0,0,0,0,0,0,0,0,0,19935
1,1,0,1,7,1042,1010,-4,-6,-2,1,0,-1,0,0,0,0,0,0,0,0,0,0,0,0,0,0,0,0,0,0,0,0,0,0,19945
1,1,0,1,6,1039,1008,-5,-3,0,0,0,0,0,0,0,0,0,0,0,0,0,0,0,0,0,0,0,0,0,0,0,0,0,0,19955
1,1,0,1,1,1037,1012,-4,1,1,-2,0,-5,0,0,0,0,0,0,0,0,0,0,0,0,0,0,0,0,0,0,0,0,0,0,19965
1,1,0,1,0,1041,1006,-7,1,1,-1,2,-1,0,0,0,0,0,0,0,0,0,0,0,0,0,0,0,0,0,0,0,0,0,0,19975
1,1,0,1,-6,1040,1013,-8,-2,1,-1,0,-4,0,0,0,0,0,0,0,0,0,0,0,0,0,0,0,0,0,0,0,0,0,0,19985
1,1,0,1,-7,1040,1014,-7,1,-1,-2,0,-3,0,0,0,0,0,0,0,0,0,0,0,0,0,0,0,0,0,0,0,0,0,0,19995
1,1,0,1,-3,1041,1008,-4,3,2,-2,-2,-6,0,0,0,0,0,0,0,0,0,0,0,0,0,0,0,0,0,0,0,0,0,0,20005
1,1,0,1,-2,1039,1012,-2,-4,0,0,-2,-1,0,0,0,0,0,0,0,0,0,0,0,0,0,0,0,0,0,0,0,0,0,0,20015
1,1,0,1,6,1042,1007,0,-5,-1,-3,2,2,0,0,0,0,0,0,0,0,0,0,0,0,0,0,0,0,0,0,0,0,0,0,20025
1,1,0,1,5,1044,1008,5,0,0,0,-2,-4,0,0,0,0,0,0,0,0,0,0,0,0,0,0,0,0,0,0,0,0,0,0,20035
1,1,0,1,0,1046,1009,3,1,0,0,1,-2,0,0,0,0,0,0,0,0,0,0,0,0,0,0,0,0,0,0,0,0,0,0,20045
1,1,0,1,-1,1040,1004,-1,-1,0,0,2,-2,0,0,0,0,0,0,0,0,0,0,0,0,0,0,0,0,0,0,0,0,0,0,20055
1,1,0,1,-1,1040,1008,-5,4,2,1,0,-3,0,0,0,0,0,0,0,0,0,0,0,0,0,0,0,0,0,0,0,0,0,0,20065
1,1,0,1,-4,1040,1007,-8,2,2,2,-1,0,0,0,0,0,0,0,0,0,0,0,0,0,0,0,0,0,0,0,0,0,0,0,20075
1,1,0,1,-1,1040,1012,-11,1,2,2,0,3,0,0,0,0,0,0,0,0,0,0,0,0,0,0,0,0,0,0,0,0,0,0,20085
1,1,0,1,0,1042,1011,-13,5,-1,3,0,-1,0,0,0,0,0,0,0,0,0,0,0,0,0,0,0,0,0,0,0,0,0,0,20095
1,1,0,1,-1,1043,1006,-11,1,1,1,0,-1,0,0,0,0,0,0,0,0,0,0,0,0,0,0,0,0,0,0,0,0,0,0,20105
1,1,0,1,-1,1035,1010,-5,6,1,1,-1,-4,0,0,0,0,0,0,0,0,0,0,0,0,0,0,0,0,0,0,0,0,0,0,20115
1,1,0,1,0,1033,1013,0,9,2,0,0,-5,0,0,0,0,0,0,0,0,0,0,0,0,0,0,0,0,0,0,0,0,0,0,20125
1,1,0,1,1,1038,1009,-8,-7,-2,0,0,-3,0,0,0,0,0,0,0,0,0,0,0,0,0,0,0,0,0,0,0,0,0,0,20135
1,1,0,1,2,1042,1013,-3,-3,1,2,0,0,0,0,0,0,0,0,0,0,0,0,0,0,0,0,0,0,0,0,0,0,0,0,20145
1,1,0,1,0,1040,1013,0,5,2,2,0,-4,0,0,0,0,0,0,0,0,0,0,0,0,0,0,0,0,0,0,0,0,0,0,20155
1,1,0,1,3,1039,1013,0,-5,-1,1,0,0,0,0,0,0,0,0,0,0,0,0,0,0,0,0,0,0,0,0,0,0,0,0,20165
1,1,0,1,1,1043,1016,10,2,1,2,0,0,0,0,0,0,0,0,0,0,0,0,0,0,0,0,0,0,0,0,0,0,0,0,20175
1,1,0,1,-1,1040,1011,18,5,2,0,0,-5,0,0,0,0,0,0,0,0,0,0,0,0,0,0,0,0,0,0,0,0,0,0,20185
1,1,0,1,0,1043,1011,25,1,-1,0,0,1,0,0,0,0,0,0,0,0,0,0,0,0,0,0,0,0,0,0,0,0,0,0,20195
1,1,0,1,1,1042,1009,26,-1,0,-1,0,0,0,0,0,0,0,0,0,0,0,0,0,0,0,0,0,0,0,0,0,0,0,0,20205
1,1,0,1,-4,1039,1010,25,-1,-1,-1,1,-1,0,0,0,0,0,0,0,0,0,0,0,0,0,0,0,0,0,0,0,0,0,0,20215
1,1,0,1,-1,1041,1005,21,-1,1,0,1,-5,0,0,0,0,0,0,0,0,0,0,0,0,0,0,0,0,0,0,0,0,0,0,20225
1,1,0,1,2,1043,1011,13,0,1,0,0,-2,0,0,0,0,0,0,0,0,0,0,0,0,0,0,0,0,0,0,0,0,0,0,20235
1,1,0,1,0,1040,1010,9,4,1,0,1,-2,0,0,0,0,0,0,0,0,0,0,0,0,0,0,0,0,0,0,0,0,0,0,20245
1,1,0,1,4,1040,1007,-3,0,-1,1,0,-1,0,0,0,0,0,0,0,0,0,0,0,0,0,0,0,0,0,0,0,0,0,0,20255
1,1,0,1,4,1043,1003,-7,2,0,2,0,-6,0,0,0,0,0,0,0,0,0,0,0,0,0,0,0,0,0,0,0,0,0,0,20265
1,1,0,1,-1,1013,1056,110,28,41,0,0,-2,0,0,0,0,0,0,0,0,0,0,0,0,0,0,0,0,0,0,0,0,0,0,20275
1,1,0,1,297,272,1592,-868,256,260,-21,-1,-11,0,0,0,0,0,0,0,0,0,0,0,0,0,0,0,0,0,0,0,0,0,0,20285
1,1,0,1,274,181,1708,-2814,591,559,-10,1,-7,0,0,0,0,0,0,0,0,0,0,0,0,0,0,0,0,0,0,0,0,0,0,20295
1,1,0,1,-277,1022,1122,-2845,904,817,-14,-5,-6,0,0,0,0,0,0,0,0,0,0,0,0,0,0,0,0,0,0,0,0,0,0,20305
1,1,0,1,-675,1659,707,-2731,1263,828,-8,-3,-3,0,0,0,0,0,0,0,0,0,0,0,0,0,0,0,0,0,0,0,0,0,0,20315
1,1,0,1,-429,1469,777,-2108,1203,1092,-4,0,-6,0,0,0,0,0,0,0,0,0,0,0,0,0,0,0,0,0,0,0,0,0,0,20325
1,1,0,1,-139,863,657,-1367,1000,1598,5,-1,-11,0,0,0,0,0,0,0,0,0,0,0,0,0,0,0,0,0,0,0,0,0,0,20335
1,1,0,1,-296,1375,886,-356,1009,1746,-2,-2,-11,0,0,0,0,0,0,0,0,0,0,0,0,0,0,0,0,0,0,0,0,0,0,20345
1,1,0,1,-258,1596,1108,-424,1315,1524,2,-1,-6,0,0,0,0,0,0,0,0,0,0,0,0,0,0,0,0,0,0,0,0,0,0,20355
1,1,0,1,-184,1667,1393,-341,1594,1351,-1,-4,-11,0,0,0,0,0,0,0,0,0,0,0,0,0,0,0,0,0,0,0,0,0,0,20365
1,1,0,1,-266,1664,1861,-852,1898,1338,-21,-4,-6,0,0,0,0,0,0,0,0,0,0,0,0,0,0,0,0,0,0,0,0,0,0,20375
1,1,0,1,-175,1489,2210,-2339,2268,1371,-19,-2,-10,0,0,0,0,0,0,0,0,0,0,0,0,0,0,0,0,0,0,0,0,0,0,20385
1,1,0,1,371,1689,1766,-3802,2087,1410,1,3,-11,0,0,0,0,0,0,0,0,0,0,0,0,0,0,0,0,0,0,0,0,0,0,20395
1,1,0,1,511,1827,1789,-2733,794,1710,-3,4,-11,0,0,0,0,0,0,0,0,0,0,0,0,0,0,0,0,0,0,0,0,0,0,20405
1,1,0,1,314,1603,1996,-1718,-111,2069,0,4,-11,0,0,0,0,0,0,0,0,0,0,0,0,0,0,0,0,0,0,0,0,0,0,20415
1,1,0,1,516,1491,1704,-1335,-948,2160,1,2,-11,0,0,0,0,0,0,0,0,0,0,0,0,0,0,0,0,0,0,0,0,0,0,20425
1,1,0,1,479,1440,1786,-692,-1433,2129,1,2,-12,0,0,0,0,0,0,0,0,0,0,0,0,0,0,0,0,0,0,0,0,0,0,20435
1,1,0,1,270,1267,1651,-642,-1775,2085,-2,2,-12,0,0,0,0,0,0,0,0,0,0,0,0,0,0,0,0,0,0,0,0,0,0,20445
1,1,0,1,3,1203,1604,-631,-1942,2034,0,1,-11,0,0,0,0,0,0,0,0,0,0,0,0,0,0,0,0,0,0,0,0,0,0,20455
1,1,0,1,-77,1063,1580,-641,-1979,2009,4,1,-11,0,0,0,0,0,0,0,0,0,0,0,0,0,0,0,0,0,0,0,0,0,0,20465
1,1,0,1,-37,1198,1223,-353,-1945,1956,-10,0,-11,0,0,0,0,0,0,0,0,0,0,0,0,0,0,0,0,0,0,0,0,0,0,20475
1,1,0,1,114,819,1347,-1137,-1687,1981,-5,0,-11,0,0,0,0,0,0,0,0,0,0,0,0,0,0,0,0,0,0,0,0,0,0,20485
1,1,0,1,93,855,1497,-1401,-1292,2152,-4,-2,-11,0,0,0,0,0,0,0,0,0,0,0,0,0,0,0,0,0,0,0,0,0,0,20495
1,1,0,1,242,857,1265,-1186,-976,2304,-5,-2,-11,0,0,0,0,0,0,0,0,0,0,0,0,0,0,0,0,0,0,0,0,0,0,20505
1,1,0,1,307,693,1358,-1509,-557,2634,-9,-2,-11,0,0,0,0,0,0,0,0,0,0,0,0,0,0,0,0,0,0,0,0,0,0,20515
1,1,0,1,178,848,1274,-1860,-237,2964,-12,-1,-21,0,0,0,0,0,0,0,0,0,0,0,0,0,0,0,0,0,0,0,0,0,0,20525
1,1,0,1,71,795,1234,-2254,-42,3237,-11,-1,-19,0,0,0,0,0,0,0,0,0,0,0,0,0,0,0,0,0,0,0,0,0,0,20535
1,1,0,1,199,640,1255,-2489,22,3449,-9,-1,-27,0,0,0,0,0,0,0,0,0,0,0,0,0,0,0,0,0,0,0,0,0,0,20545
1,1,0,1,313,500,1257,-2634,-14,3728,-13,0,-30,0,0,0,0,0,0,0,0,0,0,0,0,0,0,0,0,0,0,0,0,0,0,20555
1,1,0,1,317,380,1277,-2750,-124,3945,-15,-1,-31,0,0,0,0,0,0,0,0,0,0,0,0,0,0,0,0,0,0,0,0,0,0,20565
1,1,0,1,260,263,1301,-3117,-256,4036,-16,2,-30,0,0,0,0,0,0,0,0,0,0,0,0,0,0,0,0,0,0,0,0,0,0,20575
1,1,0,1,256,180,1227,-3202,-465,4038,-10,5,-25,0,0,0,0,0,0,0,0,0,0,0,0,0,0,0,0,0,0,0,0,0,0,20585
1,1,0,1,266,106,1239,-2673,-756,4041,-9,1,-25,0,0,0,0,0,0,0,0,0,0,0,0,0,0,0,0,0,0,0,0,0,0,20595
1,1,0,1,217,43,1331,-1937,-1013,3997,-3,3,-24,0,0,0,0,0,0,0,0,0,0,0,0,0,0,0,0,0,0,0,0,0,0,20605
1,1,0,1,259,-68,1337,-899,-1248,3911,3,5,-20,0,0,0,0,0,0,0,0,0,0,0,0,0,0,0,0,0,0,0,0,0,0,20615
1,1,0,1,386,-164,1405,103,-1385,3763,2,3,-16,0,0,0,0,0,0,0,0,0,0,0,0,0,0,0,0,0,0,0,0,0,0,20625
1,1,0,1,405,-393,1501,245,-1488,3583,-8,2,-10,0,0,0,0,0,0,0,0,0,0,0,0,0,0,0,0,0,0,0,0,0,0,20635
1,1,0,1,343,-566,1635,-286,-1685,3446,-6,4,-11,0,0,0,0,0,0,0,0,0,0,0,0,0,0,0,0,0,0,0,0,0,0,20645
1,1,0,1,780,-643,1468,-691,-1874,3483,-11,4,-16,0,0,0,0,0,0,0,0,0,0,0,0,0,0,0,0,0,0,0,0,0,0,20655
1,1,0,1,962,-752,1375,-1549,-1951,3598,-13,3,-19,0,0,0,0,0,0,0,0,0,0,0,0,0,0,0,0,0,0,0,0,0,0,20665
1,1,0,1,875,-747,1267,-2083,-1933,3695,-6,1,-16,0,0,0,0,0,0,0,0,0,0,0,0,0,0,0,0,0,0,0,0,0,0,20675
1,1,0,1,777,-674,1130,-2060,-1903,3670,-7,4,-14,0,0,0,0,0,0,0,0,0,0,0,0,0,0,0,0,0,0,0,0,0,0,20685
1,1,0,1,707,-731,1030,-1945,-1896,3553,-7,4,-11,0,0,0,0,0,0,0,0,0,0,0,0,0,0,0,0,0,0,0,0,0,0,20695
1,1,0,1,686,-800,947,-1701,-1880,3285,0,3,-11,0,0,0,0,0,0,0,0,0,0,0,0,0,0,0,0,0,0,0,0,0,0,20705
1,1,0,1,614,-845,783,-1080,-1799,2918,-1,1,-11,0,0,0,0,0,0,0,0,0,0,0,0,0,0,0,0,0,0,0,0,0,0,20715
1,1,0,1,619,-966,797,-520,-1553,2478,-2,1,-11,0,0,0,0,0,0,0,0,0,0,0,0,0,0,0,0,0,0,0,0,0,0,20725
1,1,1,1,758,-1139,883,-208,-1211,2083,-1,0,-11,0,0,0,0,0,0,0,0,0,0,0,0,0,0,0,0,0,0,0,0,0,0,20735
1,1,1,1,829,-1190,958,-60,-784,1877,2,0,-12,0,0,0,0,0,0,0,0,0,0,0,0,0,0,0,0,0,0,0,0,0,0,20745
1,1,1,1,808,-1131,1052,65,-382,1847,2,1,-11,0,0,0,0,0,0,0,0,0,0,0,0,0,0,0,0,0,0,0,0,0,0,20755
1,1,1,1,776,-1159,1135,140,-120,1932,0,2,-11,0,0,0,0,0,0,0,0,0,0,0,0,0,0,0,0,0,0,0,0,0,0,20765
1,1,1,1,748,-1272,1177,45,-54,2087,-4,1,-11,0,0,0,0,0,0,0,0,0,0,0,0,0,0,0,0,0,0,0,0,0,0,20775
1,1,1,1,741,-1358,1147,-278,-178,2213,-5,3,-11,0,0,0,0,0,0,0,0,0,0,0,0,0,0,0,0,0,0,0,0,0,0,20785
1,1,1,1,727,-1376,1143,-690,-374,2236,-5,2,-11,0,0,0,0,0,0,0,0,0,0,0,0,0,0,0,0,0,0,0,0,0,0,20795
1,1,1,1,654,-1314,1146,-745,-536,2135,-3,2,-10,0,0,0,0,0,0,0,0,0,0,0,0,0,0,0,0,0,0,0,0,0,0,20805
1,1,1,1,637,-1356,1101,-623,-625,1948,-4,2,-9,0,0,0,0,0,0,0,0,0,0,0,0,0,0,0,0,0,0,0,0,0,0,20815
1,1,1,1,702,-1386,1135,-557,-589,1716,-1,1,-8,0,0,0,0,0,0,0,0,0,0,0,0,0,0,0,0,0,0,0,0,0,0,20825
1,1,1,1,799,-1386,1164,-436,-499,1557,0,2,-8,0,0,0,0,0,0,0,0,0,0,0,0,0,0,0,0,0,0,0,0,0,0,20835
1,1,1,1,833,-1388,1195,-302,-379,1416,-1,2,-6,0,0,0,0,0,0,0,0,0,0,0,0,0,0,0,0,0,0,0,0,0,0,20845
1,1,1,1,791,-1320,1238,-272,-327,1361,-3,2,-11,0,0,0,0,0,0,0,0,0,0,0,0,0,0,0,0,0,0,0,0,0,0,20855
1,1,1,1,706,-1279,1203,-271,-384,1351,-3,3,-8,0,0,0,0,0,0,0,0,0,0,0,0,0,0,0,0,0,0,0,0,0,0,20865
1,1,1,1,689,-1332,1203,-321,-545,1348,-2,1,-11,0,0,0,0,0,0,0,0,0,0,0,0,0,0,0,0,0,0,0,0,0,0,20875
1,1,1,1,709,-1370,1263,-338,-737,1345,-4,6,-11,0,0,0,0,0,0,0,0,0,0,0,0,0,0,0,0,0,0,0,0,0,0,20885
1,1,1,1,676,-1352,1326,-258,-892,1348,-1,3,-7,0,0,0,0,0,0,0,0,0,0,0,0,0,0,0,0,0,0,0,0,0,0,20895
1,1,1,1,676,-1358,1340,-200,-995,1380,-3,3,-8,0,0,0,0,0,0,0,0,0,0,0,0,0,0,0,0,0,0,0,0,0,0,20905
1,1,1,1,700,-1390,1314,-254,-1066,1448,-2,4,-11,0,0,0,0,0,0,0,0,0,0,0,0,0,0,0,0,0,0,0,0,0,0,20915
1,1,1,1,746,-1341,1246,-203,-1091,1521,-6,6,-11,0,0,0,0,0,0,0,0,0,0,0,0,0,0,0,0,0,0,0,0,0,0,20925
1,1,1,1,712,-1381,1049,-311,-1131,1499,-3,3,-10,0,0,0,0,0,0,0,0,0,0,0,0,0,0,0,0,0,0,0,0,0,0,20945
1,1,1,1,733,-1464,1009,-226,-1148,1352,-2,2,-3,0,0,0,0,0,0,0,0,0,0,0,0,0,0,0,0,0,0,0,0,0,0,20955
1,1,1,1,837,-1556,982,-97,-1072,1175,0,4,-2,0,0,0,0,0,0,0,0,0,0,0,0,0,0,0,0,0,0,0,0,0,0,20965
1,1,1,1,898,-1601,941,-108,-935,983,0,1,-1,0,0,0,0,0,0,0,0,0,0,0,0,0,0,0,0,0,0,0,0,0,0,20975
1,1,1,1,966,-1525,917,-131,-774,784,-1,2,-2,0,0,0,0,0,0,0,0,0,0,0,0,0,0,0,0,0,0,0,0,0,0,20985
1,1,1,1,1081,-1455,919,-92,-635,684,-3,3,-3,0,0,0,0,0,0,0,0,0,0,0,0,0,0,0,0,0,0,0,0,0,0,20995
1,1,1,1,1121,-1387,940,-123,-475,653,-2,2,-1,0,0,0,0,0,0,0,0,0,0,0,0,0,0,0,0,0,0,0,0,0,0,21005
1,1,1,1,1151,-1276,986,-162,-345,724,-3,3,-8,0,0,0,0,0,0,0,0,0,0,0,0,0,0,0,0,0,0,0,0,0,0,21015
1,1,1,1,1074,-1233,991,-164,-290,850,-3,2,-5,0,0,0,0,0,0,0,0,0,0,0,0,0,0,0,0,0,0,0,0,0,0,21025
1,1,1,1,993,-1335,986,-162,-348,943,-2,3,-1,0,0,0,0,0,0,0,0,0,0,0,0,0,0,0,0,0,0,0,0,0,0,21035
1,1,1,1,1029,-1521,974,-126,-441,947,0,3,-1,0,0,0,0,0,0,0,0,0,0,0,0,0,0,0,0,0,0,0,0,0,0,21045
1,1,1,1,1054,-1701,917,-157,-521,855,-1,3,-6,0,0,0,0,0,0,0,0,0,0,0,0,0,0,0,0,0,0,0,0,0,0,21055
1,1,1,1,1028,-1772,851,-230,-532,685,0,3,-10,0,0,0,0,0,0,0,0,0,0,0,0,0,0,0,0,0,0,0,0,0,0,21065
1,1,1,1,1030,-1736,827,-253,-453,507,1,2,-7,0,0,0,0,0,0,0,0,0,0,0,0,0,0,0,0,0,0,0,0,0,0,21075
1,1,1,1,1032,-1636,886,-184,-336,400,-2,2,-8,0,0,0,0,0,0,0,0,0,0,0,0,0,0,0,0,0,0,0,0,0,0,21085
1,1,1,1,1033,-1604,991,-277,-218,443,-3,2,-9,0,0,0,0,0,0,0,0,0,0,0,0,0,0,0,0,0,0,0,0,0,0,21095
1,1,1,1,1016,-1556,1037,-509,-149,610,-4,2,-10,0,0,0,0,0,0,0,0,0,0,0,0,0,0,0,0,0,0,0,0,0,0,21105
1,1,1,1,999,-1510,1003,-663,-145,768,-2,3,-10,0,0,0,0,0,0,0,0,0,0,0,0,0,0,0,0,0,0,0,0,0,0,21115
1,1,1,1,977,-1511,955,-651,-193,822,0,3,-2,0,0,0,0,0,0,0,0,0,0,0,0,0,0,0,0,0,0,0,0,0,0,21125
1,1,1,1,925,-1572,897,-475,-260,740,0,3,-2,0,0,0,0,0,0,0,0,0,0,0,0,0,0,0,0,0,0,0,0,0,0,21135
1,1,1,1,963,-1718,937,-181,-356,468,0,3,-2,0,0,0,0,0,0,0,0,0,0,0,0,0,0,0,0,0,0,0,0,0,0,21155
1,1,1,1,984,-1730,1009,-170,-364,377,-2,3,-2,0,0,0,0,0,0,0,0,0,0,0,0,0,0,0,0,0,0,0,0,0,0,21165
1,1,1,1,997,-1719,1097,-317,-354,387,-6,2,-7,0,0,0,0,0,0,0,0,0,0,0,0,0,0,0,0,0,0,0,0,0,0,21175
1,1,1,1,1026,-1706,1154,-575,-359,487,-6,5,-9,0,0,0,0,0,0,0,0,0,0,0,0,0,0,0,0,0,0,0,0,0,0,21185
1,1,1,1,1008,-1645,1155,-812,-395,613,-7,6,-2,0,0,0,0,0,0,0,0,0,0,0,0,0,0,0,0,0,0,0,0,0,0,21195
1,1,1,1,1011,-1554,1065,-829,-450,702,-5,4,-2,0,0,0,0,0,0,0,0,0,0,0,0,0,0,0,0,0,0,0,0,0,0,21205
1,1,1,1,1029,-1553,962,-731,-521,735,-6,4,-6,0,0,0,0,0,0,0,0,0,0,0,0,0,0,0,0,0,0,0,0,0,0,21215
1,1,1,1,995,-1559,866,-463,-625,685,-3,5,0,0,0,0,0,0,0,0,0,0,0,0,0,0,0,0,0,0,0,0,0,0,0,21225
1,1,1,1,1005,-1581,751,-141,-686,586,1,3,-3,0,0,0,0,0,0,0,0,0,0,0,0,0,0,0,0,0,0,0,0,0,0,21235
1,1,1,1,953,-1764,570,151,-548,317,1,5,25,0,0,0,0,0,0,0,0,0,0,0,0,0,0,0,0,0,0,0,0,0,0,21245
1,1,1,1,767,-2117,223,542,-52,-201,-8,6,4,0,0,0,0,0,0,0,0,0,0,0,0,0,0,0,0,0,0,0,0,0,0,21255
1,1,1,1,657,-1667,585,-12,74,236,-6,3,11,0,0,0,0,0,0,0,0,0,0,0,0,0,0,0,0,0,0,0,0,0,0,21265
1,1,1,1,782,-1754,474,-379,415,508,-4,4,2,0,0,0,0,0,0,0,0,0,0,0,0,0,0,0,0,0,0,0,0,0,0,21275
1,1,1,1,883,-1840,675,-574,466,603,-2,4,4,0,0,0,0,0,0,0,0,0,0,0,0,0,0,0,0,0,0,0,0,0,0,21285
1,1,1,1,947,-1880,805,-705,361,652,-2,5,-1,0,0,0,0,0,0,0,0,0,0,0,0,0,0,0,0,0,0,0,0,0,0,21295
1,1,1,1,972,-1887,785,-629,232,567,2,5,8,0,0,0,0,0,0,0,0,0,0,0,0,0,0,0,0,0,0,0,0,0,0,21305
1,1,1,1,932,-1850,859,-380,-5,373,3,6,3,0,0,0,0,0,0,0,0,0,0,0,0,0,0,0,0,0,0,0,0,0,0,21315
1,1,1,1,961,-1858,798,-85,-208,150,2,5,4,0,0,0,0,0,0,0,0,0,0,0,0,0,0,0,0,0,0,0,0,0,0,21325
1,1,1,1,952,-1744,715,27,-261,128,2,5,3,0,0,0,0,0,0,0,0,0,0,0,0,0,0,0,0,0,0,0,0,0,0,21335
1,1,1,1,935,-1726,689,19,-193,226,3,5,3,0,0,0,0,0,0,0,0,0,0,0,0,0,0,0,0,0,0,0,0,0,0,21345
1,1,1,1,1029,-1960,874,-189,-70,236,1,6,-1,0,0,0,0,0,0,0,0,0,0,0,0,0,0,0,0,0,0,0,0,0,0,21365
1,1,1,1,1020,-1946,917,-358,-77,247,1,6,-4,0,0,0,0,0,0,0,0,0,0,0,0,0,0,0,0,0,0,0,0,0,0,21375
1,1,1,1,1007,-1897,921,-496,-68,282,3,5,-5,0,0,0,0,0,0,0,0,0,0,0,0,0,0,0,0,0,0,0,0,0,0,21385
1,1,1,1,972,-1852,862,-609,-45,330,1,5,-1,0,0,0,0,0,0,0,0,0,0,0,0,0,0,0,0,0,0,0,0,0,0,21395
1,1,1,1,953,-1764,848,-668,-42,367,3,4,-3,0,0,0,0,0,0,0,0,0,0,0,0,0,0,0,0,0,0,0,0,0,0,21405
1,1,1,1,969,-1729,783,-499,-25,310,3,6,-11,0,0,0,0,0,0,0,0,0,0,0,0,0,0,0,0,0,0,0,0,0,0,21415
1,1,1,1,993,-1748,717,-348,-53,275,6,5,-10,0,0,0,0,0,0,0,0,0,0,0,0,0,0,0,0,0,0,0,0,0,0,21425
1,1,1,1,1006,-1738,752,-197,-119,311,6,4,-2,0,0,0,0,0,0,0,0,0,0,0,0,0,0,0,0,0,0,0,0,0,0,21435
1,1,1,1,1061,-1842,745,-133,-135,295,7,4,-5,0,0,0,0,0,0,0,0,0,0,0,0,0,0,0,0,0,0,0,0,0,0,21445
1,1,1,1,1097,-1904,829,-161,-134,245,3,5,-4,0,0,0,0,0,0,0,0,0,0,0,0,0,0,0,0,0,0,0,0,0,0,21455
1,1,1,1,1018,-1913,832,-278,-137,266,5,4,-2,0,0,0,0,0,0,0,0,0,0,0,0,0,0,0,0,0,0,0,0,0,0,21465
1,1,1,1,962,-1955,760,-371,-139,243,4,4,-10,0,0,0,0,0,0,0,0,0,0,0,0,0,0,0,0,0,0,0,0,0,0,21475
1,1,1,1,898,-1877,743,-441,-207,261,5,6,-6,0,0,0,0,0,0,0,0,0,0,0,0,0,0,0,0,0,0,0,0,0,0,21485
1,1,1,1,840,-1901,579,-380,-227,195,12,-1,-11,0,0,0,0,0,0,0,0,0,0,0,0,0,0,0,0,0,0,0,0,0,0,21495
1,1,1,1,837,-1775,590,-249,-286,165,12,6,-6,0,0,0,0,0,0,0,0,0,0,0,0,0,0,0,0,0,0,0,0,0,0,21505
1,1,1,1,910,-1805,558,-90,-338,109,8,4,-10,0,0,0,0,0,0,0,0,0,0,0,0,0,0,0,0,0,0,0,0,0,0,21515
1,1,1,1,927,-1820,612,67,-398,66,7,5,-9,0,0,0,0,0,0,0,0,0,0,0,0,0,0,0,0,0,0,0,0,0,0,21525
1,1,1,1,1027,-1886,663,79,-452,27,7,7,-3,0,0,0,0,0,0,0,0,0,0,0,0,0,0,0,0,0,0,0,0,0,0,21535
1,1,1,1,1041,-1905,746,-26,-528,33,7,5,-3,0,0,0,0,0,0,0,0,0,0,0,0,0,0,0,0,0,0,0,0,0,0,21545
1,1,1,1,1048,-1945,660,-54,-480,-38,6,3,-6,0,0,0,0,0,0,0,0,0,0,0,0,0,0,0,0,0,0,0,0,0,0,21555
1,1,1,1,1167,-1865,720,-243,-526,18,8,5,0,0,0,0,0,0,0,0,0,0,0,0,0,0,0,0,0,0,0,0,0,0,0,21565
1,1,1,1,1164,-1863,578,-123,-505,-26,6,5,-2,0,0,0,0,0,0,0,0,0,0,0,0,0,0,0,0,0,0,0,0,0,0,21575
1,1,1,1,1169,-1751,653,-192,-610,27,12,2,0,0,0,0,0,0,0,0,0,0,0,0,0,0,0,0,0,0,0,0,0,0,0,21585
1,1,1,1,1096,-1771,456,9,-572,-82,11,2,2,0,0,0,0,0,0,0,0,0,0,0,0,0,0,0,0,0,0,0,0,0,0,21595
1,1,1,1,1264,-1721,514,253,-642,-274,10,1,-8,0,0,0,0,0,0,0,0,0,0,0,0,0,0,0,0,0,0,0,0,0,0,21605
1,1,1,1,1235,-1507,464,459,-855,-160,12,1,-10,0,0,0,0,0,0,0,0,0,0,0,0,0,0,0,0,0,0,0,0,0,0,21615
1,1,1,1,1113,-1667,312,815,-907,-157,14,1,-12,0,0,0,0,0,0,0,0,0,0,0,0,0,0,0,0,0,0,0,0,0,0,21625
1,1,1,1,1013,-1756,424,1107,-990,-176,12,4,-5,0,0,0,0,0,0,0,0,0,0,0,0,0,0,0,0,0,0,0,0,0,0,21635
1,1,1,1,958,-1791,624,1131,-1147,-68,12,4,-10,0,0,0,0,0,0,0,0,0,0,0,0,0,0,0,0,0,0,0,0,0,0,21645
1,1,1,1,741,-1986,693,1031,-1167,-46,9,5,-5,0,0,0,0,0,0,0,0,0,0,0,0,0,0,0,0,0,0,0,0,0,0,21655
1,1,1,1,542,-2357,829,331,-1083,-98,8,8,-3,0,0,0,0,0,0,0,0,0,0,0,0,0,0,0,0,0,0,0,0,0,0,21665
1,1,1,1,292,-2312,1010,-564,-1094,-75,9,7,1,0,0,0,0,0,0,0,0,0,0,0,0,0,0,0,0,0,0,0,0,0,0,21675
1,1,1,1,332,-1719,393,16,-988,-155,3,9,-1,0,0,0,0,0,0,0,0,0,0,0,0,0,0,0,0,0,0,0,0,0,0,21685
1,1,1,1,650,-2130,650,-265,-886,-39,5,9,-2,0,0,0,0,0,0,0,0,0,0,0,0,0,0,0,0,0,0,0,0,0,0,21695
1,1,1,1,510,-1889,695,-241,-864,5,8,8,1,0,0,0,0,0,0,0,0,0,0,0,0,0,0,0,0,0,0,0,0,0,0,21705
1,1,1,1,912,-1623,559,-60,-801,-33,9,7,-3,0,0,0,0,0,0,0,0,0,0,0,0,0,0,0,0,0,0,0,0,0,0,21715
1,1,1,1,1126,-1671,630,64,-762,-74,9,8,-2,0,0,0,0,0,0,0,0,0,0,0,0,0,0,0,0,0,0,0,0,0,0,21725
1,1,1,1,1217,-1680,765,211,-697,-154,8,8,-1,0,0,0,0,0,0,0,0,0,0,0,0,0,0,0,0,0,0,0,0,0,0,21735
1,1,1,1,1323,-1751,840,259,-642,-181,7,9,-1,0,0,0,0,0,0,0,0,0,0,0,0,0,0,0,0,0,0,0,0,0,0,21745
1,1,1,1,1324,-1971,853,219,-562,-159,5,9,6,0,0,0,0,0,0,0,0,0,0,0,0,0,0,0,0,0,0,0,0,0,0,21755
1,1,1,1,1258,-1940,813,109,-508,-160,8,10,10,0,0,0,0,0,0,0,0,0,0,0,0,0,0,0,0,0,0,0,0,0,0,21765
1,1,1,1,1187,-1795,673,162,-495,-174,6,11,9,0,0,0,0,0,0,0,0,0,0,0,0,0,0,0,0,0,0,0,0,0,0,21775
1,1,1,1,1122,-1678,515,353,-497,-192,5,11,13,0,0,0,0,0,0,0,0,0,0,0,0,0,0,0,0,0,0,0,0,0,0,21785
1,1,1,1,1033,-1576,391,659,-522,-235,9,13,16,0,0,0,0,0,0,0,0,0,0,0,0,0,0,0,0,0,0,0,0,0,0,21795
1,1,1,1,989,-1570,272,1133,-580,-248,9,15,19,0,0,0,0,0,0,0,0,0,0,0,0,0,0,0,0,0,0,0,0,0,0,21805
1,1,1,1,1048,-1696,318,1362,-656,-205,7,14,22,0,0,0,0,0,0,0,0,0,0,0,0,0,0,0,0,0,0,0,0,0,0,21815
1,1,1,1,1049,-1910,443,1233,-708,-160,6,10,23,0,0,0,0,0,0,0,0,0,0,0,0,0,0,0,0,0,0,0,0,0,0,21825
1,1,1,1,1025,-2014,640,907,-699,-74,3,13,26,0,0,0,0,0,0,0,0,0,0,0,0,0,0,0,0,0,0,0,0,0,0,21835
1,1,1,1,969,-1829,849,864,-632,6,4,16,31,0,0,0,0,0,0,0,0,0,0,0,0,0,0,0,0,0,0,0,0,0,0,21845
1,1,1,1,896,-1605,878,1030,-506,37,-1,16,34,0,0,0,0,0,0,0,0,0,0,0,0,0,0,0,0,0,0,0,0,0,0,21855
1,1,1,1,1165,-1822,731,662,-438,60,-2,18,37,0,0,0,0,0,0,0,0,0,0,0,0,0,0,0,0,0,0,0,0,0,0,21865
1,1,1,1,1298,-1748,743,501,-445,52,-1,18,41,0,0,0,0,0,0,0,0,0,0,0,0,0,0,0,0,0,0,0,0,0,0,21875
1,1,1,1,1214,-1512,662,700,-430,-2,-1,21,47,0,0,0,0,0,0,0,0,0,0,0,0,0,0,0,0,0,0,0,0,0,0,21885
1,1,1,1,1231,-1415,662,1021,-387,-51,-2,24,52,0,0,0,0,0,0,0,0,0,0,0,0,0,0,0,0,0,0,0,0,0,0,21895
1,1,1,1,1307,-1626,732,1029,-368,-56,-15,24,56,0,0,0,0,0,0,0,0,0,0,0,0,0,0,0,0,0,0,0,0,0,0,21905
1,1,1,1,1317,-2026,835,378,-374,-31,-13,27,60,0,0,0,0,0,0,0,0,0,0,0,0,0,0,0,0,0,0,0,0,0,0,21915
1,1,1,1,1248,-1571,880,63,-357,-131,-10,25,60,0,0,0,0,0,0,0,0,0,0,0,0,0,0,0,0,0,0,0,0,0,0,21925
1,1,1,1,1419,-1633,777,346,-307,-115,-17,26,64,0,0,0,0,0,0,0,0,0,0,0,0,0,0,0,0,0,0,0,0,0,0,21935
1,1,1,1,1179,-1890,781,123,-209,-57,-16,26,66,0,0,0,0,0,0,0,0,0,0,0,0,0,0,0,0,0,0,0,0,0,0,21945
1,1,1,1,1234,-1769,751,-127,-177,-24,-15,24,65,0,0,0,0,0,0,0,0,0,0,0,0,0,0,0,0,0,0,0,0,0,0,21955
1,1,1,1,1374,-1754,749,-303,-134,-35,-18,25,62,0,0,0,0,0,0,0,0,0,0,0,0,0,0,0,0,0,0,0,0,0,0,21965
1,1,1,1,1416,-1670,741,-375,-113,-55,-17,24,64,0,0,0,0,0,0,0,0,0,0,0,0,0,0,0,0,0,0,0,0,0,0,21975
1,1,1,1,1422,-1585,690,-334,-79,-89,-15,24,66,0,0,0,0,0,0,0,0,0,0,0,0,0,0,0,0,0,0,0,0,0,0,21985
1,1,1,1,1408,-1522,636,-139,-57,-113,-18,24,67,0,0,0,0,0,0,0,0,0,0,0,0,0,0,0,0,0,0,0,0,0,0,21995
1,1,1,1,1310,-1606,584,58,-48,-119,-20,26,70,0,0,0,0,0,0,0,0,0,0,0,0,0,0,0,0,0,0,0,0,0,0,22005
1,1,1,1,1254,-1774,600,34,-43,-92,-23,27,72,0,0,0,0,0,0,0,0,0,0,0,0,0,0,0,0,0,0,0,0,0,0,22015
1,1,1,1,1201,-1905,617,-173,-38,-30,-23,27,73,0,0,0,0,0,0,0,0,0,0,0,0,0,0,0,0,0,0,0,0,0,0,22025
1,1,1,1,1201,-1904,647,-441,-50,18,-24,26,71,0,0,0,0,0,0,0,0,0,0,0,0,0,0,0,0,0,0,0,0,0,0,22035
1,1,1,1,1176,-1904,642,-735,-49,58,-27,26,71,0,0,0,0,0,0,0,0,0,0,0,0,0,0,0,0,0,0,0,0,0,0,22045
1,1,1,1,1205,-1926,600,-1020,-56,89,-29,26,72,0,0,0,0,0,0,0,0,0,0,0,0,0,0,0,0,0,0,0,0,0,0,22055
1,1,1,1,1343,-1888,537,-1415,-83,122,-22,26,67,0,0,0,0,0,0,0,0,0,0,0,0,0,0,0,0,0,0,0,0,0,0,22065
1,1,1,1,1354,-1694,515,-1541,-129,98,-20,25,68,0,0,0,0,0,0,0,0,0,0,0,0,0,0,0,0,0,0,0,0,0,0,22075
1,1,1,1,1289,-1384,553,-920,-143,12,-22,26,65,0,0,0,0,0,0,0,0,0,0,0,0,0,0,0,0,0,0,0,0,0,0,22085
1,1,1,1,1331,-1511,491,-435,-99,-50,-22,23,68,0,0,0,0,0,0,0,0,0,0,0,0,0,0,0,0,0,0,0,0,0,0,22095
1,1,1,1,1267,-1641,519,-369,-83,-71,-21,25,65,0,0,0,0,0,0,0,0,0,0,0,0,0,0,0,0,0,0,0,0,0,0,22105
1,1,1,1,1316,-1692,546,-292,-84,-97,-23,27,66,0,0,0,0,0,0,0,0,0,0,0,0,0,0,0,0,0,0,0,0,0,0,22115
1,1,1,1,1320,-1776,534,-281,-77,-99,-19,21,64,0,0,0,0,0,0,0,0,0,0,0,0,0,0,0,0,0,0,0,0,0,0,22125
1,1,1,1,1287,-1842,541,-413,-74,-88,-19,22,64,0,0,0,0,0,0,0,0,0,0,0,0,0,0,0,0,0,0,0,0,0,0,22135
1,1,1,1,1272,-1779,550,-483,-53,-79,-21,26,65,0,0,0,0,0,0,0,0,0,0,0,0,0,0,0,0,0,0,0,0,0,0,22145
1,1,1,1,1287,-1690,533,-424,-44,-95,-18,23,61,0,0,0,0,0,0,0,0,0,0,0,0,0,0,0,0,0,0,0,0,0,0,22155
1,1,1,1,1282,-1648,527,-279,-19,-123,-19,24,65,0,0,0,0,0,0,0,0,0,0,0,0,0,0,0,0,0,0,0,0,0,0,22165
1,1,1,1,1259,-1670,539,-127,9,-132,-18,25,66,0,0,0,0,0,0,0,0,0,0,0,0,0,0,0,0,0,0,0,0,0,0,22175
1,1,1,1,1280,-1752,531,-80,38,-128,-16,24,66,0,0,0,0,0,0,0,0,0,0,0,0,0,0,0,0,0,0,0,0,0,0,22185
1,1,1,1,1302,-1791,526,-105,61,-115,-17,24,64,0,0,0,0,0,0,0,0,0,0,0,0,0,0,0,0,0,0,0,0,0,0,22195
1,1,1,1,1295,-1819,547,-172,83,-108,-17,25,62,0,0,0,0,0,0,0,0,0,0,0,0,0,0,0,0,0,0,0,0,0,0,22205
1,1,1,1,1253,-1809,565,-249,111,-99,-17,26,64,0,0,0,0,0,0,0,0,0,0,0,0,0,0,0,0,0,0,0,0,0,0,22215
1,1,1,1,1242,-1771,574,-247,127,-95,-16,24,58,0,0,0,0,0,0,0,0,0,0,0,0,0,0,0,0,0,0,0,0,0,0,22225
1,1,1,1,1246,-1753,568,-221,163,-97,-14,24,59,0,0,0,0,0,0,0,0,0,0,0,0,0,0,0,0,0,0,0,0,0,0,22235
1,1,1,1,1265,-1692,617,-137,218,-96,-12,23,54,0,0,0,0,0,0,0,0,0,0,0,0,0,0,0,0,0,0,0,0,0,0,22245
1,1,1,1,1307,-1692,642,-33,295,-101,-12,24,52,0,0,0,0,0,0,0,0,0,0,0,0,0,0,0,0,0,0,0,0,0,0,22255
1,1,1,1,1310,-1741,615,16,336,-106,-10,23,52,0,0,0,0,0,0,0,0,0,0,0,0,0,0,0,0,0,0,0,0,0,0,22265
1,1,1,1,1295,-1778,545,26,369,-86,-10,24,54,0,0,0,0,0,0,0,0,0,0,0,0,0,0,0,0,0,0,0,0,0,0,22275
1,1,1,1,1316,-1867,475,-108,375,-49,-13,24,51,0,0,0,0,0,0,0,0,0,0,0,0,0,0,0,0,0,0,0,0,0,0,22285
1,1,1,1,1321,-1889,444,-300,328,-19,-14,25,55,0,0,0,0,0,0,0,0,0,0,0,0,0,0,0,0,0,0,0,0,0,0,22295
1,1,1,1,1331,-1792,430,-376,286,6,-14,24,56,0,0,0,0,0,0,0,0,0,0,0,0,0,0,0,0,0,0,0,0,0,0,22305
1,1,1,1,1305,-1694,421,-284,255,19,-17,25,55,0,0,0,0,0,0,0,0,0,0,0,0,0,0,0,0,0,0,0,0,0,0,22315
1,1,1,1,1238,-1698,408,-166,225,28,-14,25,59,0,0,0,0,0,0,0,0,0,0,0,0,0,0,0,0,0,0,0,0,0,0,22325
1,1,1,1,1206,-1676,387,-2,192,25,-15,26,60,0,0,0,0,0,0,0,0,0,0,0,0,0,0,0,0,0,0,0,0,0,0,22335
1,1,1,1,1237,-1663,363,183,143,23,-14,25,63,0,0,0,0,0,0,0,0,0,0,0,0,0,0,0,0,0,0,0,0,0,0,22345
1,1,1,1,1285,-1765,373,240,111,16,-14,26,67,0,0,0,0,0,0,0,0,0,0,0,0,0,0,0,0,0,0,0,0,0,0,22355
1,1,1,1,1328,-1817,416,182,77,14,-18,27,68,0,0,0,0,0,0,0,0,0,0,0,0,0,0,0,0,0,0,0,0,0,0,22365
1,1,1,1,1355,-1840,458,35,56,21,-19,27,67,0,0,0,0,0,0,0,0,0,0,0,0,0,0,0,0,0,0,0,0,0,0,22375
1,1,1,1,1330,-1858,483,-126,45,19,-18,24,67,0,0,0,0,0,0,0,0,0,0,0,0,0,0,0,0,0,0,0,0,0,0,22385
1,1,1,1,1280,-1819,476,-212,36,14,-20,29,69,0,0,0,0,0,0,0,0,0,0,0,0,0,0,0,0,0,0,0,0,0,0,22395
1,1,1,1,1274,-1745,439,-175,7,5,-20,27,69,0,0,0,0,0,0,0,0,0,0,0,0,0,0,0,0,0,0,0,0,0,0,22405
1,1,1,1,1299,-1723,386,-71,-27,1,-23,28,73,0,0,0,0,0,0,0,0,0,0,0,0,0,0,0,0,0,0,0,0,0,0,22415
1,1,1,1,1315,-1767,379,0,-66,-8,-24,30,76,0,0,0,0,0,0,0,0,0,0,0,0,0,0,0,0,0,0,0,0,0,0,22425
1,1,1,1,1278,-1769,403,58,-103,-16,-23,30,77,0,0,0,0,0,0,0,0,0,0,0,0,0,0,0,0,0,0,0,0,0,0,22435
1,1,1,1,1286,-1735,435,106,-140,-19,-24,29,80,0,0,0,0,0,0,0,0,0,0,0,0,0,0,0,0,0,0,0,0,0,0,22445
1,1,1,1,1304,-1788,463,45,-159,-23,-26,28,81,0,0,0,0,0,0,0,0,0,0,0,0,0,0,0,0,0,0,0,0,0,0,22455
1,1,1,1,1277,-1841,483,-73,-171,-27,-26,30,85,0,0,0,0,0,0,0,0,0,0,0,0,0,0,0,0,0,0,0,0,0,0,22465
1,1,1,1,1270,-1812,496,-135,-186,-34,-26,31,84,0,0,0,0,0,0,0,0,0,0,0,0,0,0,0,0,0,0,0,0,0,0,22475
1,1,1,1,1282,-1774,470,-134,-191,-37,-26,29,83,0,0,0,0,0,0,0,0,0,0,0,0,0,0,0,0,0,0,0,0,0,0,22485
1,1,1,1,1280,-1719,459,-64,-182,-36,-25,29,86,0,0,0,0,0,0,0,0,0,0,0,0,0,0,0,0,0,0,0,0,0,0,22495
1,1,1,1,1293,-1714,470,-2,-174,-38,-25,30,85,0,0,0,0,0,0,0,0,0,0,0,0,0,0,0,0,0,0,0,0,0,0,22505
1,1,1,1,1306,-1731,507,47,-156,-37,-26,30,84,0,0,0,0,0,0,0,0,0,0,0,0,0,0,0,0,0,0,0,0,0,0,22515
1,1,1,1,1299,-1744,520,89,-133,-33,-26,29,87,0,0,0,0,0,0,0,0,0,0,0,0,0,0,0,0,0,0,0,0,0,0,22525
1,1,1,1,1291,-1785,526,85,-100,-20,-26,31,88,0,0,0,0,0,0,0,0,0,0,0,0,0,0,0,0,0,0,0,0,0,0,22535
1,1,1,1,1293,-1830,544,13,-59,-2,-27,30,89,0,0,0,0,0,0,0,0,0,0,0,0,0,0,0,0,0,0,0,0,0,0,22545
1,1,1,1,1305,-1826,546,-75,-33,11,-29,31,87,0,0,0,0,0,0,0,0,0,0,0,0,0,0,0,0,0,0,0,0,0,0,22555
1,1,1,1,1311,-1815,527,-140,1,23,-26,30,88,0,0,0,0,0,0,0,0,0,0,0,0,0,0,0,0,0,0,0,0,0,0,22565
1,1,1,1,1307,-1810,495,-195,9,29,-26,31,88,0,0,0,0,0,0,0,0,0,0,0,0,0,0,0,0,0,0,0,0,0,0,22575
1,1,1,1,1293,-1782,463,-197,-5,22,-28,31,90,0,0,0,0,0,0,0,0,0,0,0,0,0,0,0,0,0,0,0,0,0,0,22585
1,1,1,1,1300,-1729,402,-127,-23,13,-29,30,94,0,0,0,0,0,0,0,0,0,0,0,0,0,0,0,0,0,0,0,0,0,0,22595
1,1,1,1,1336,-1725,364,-42,-47,5,-28,31,94,0,0,0,0,0,0,0,0,0,0,0,0,0,0,0,0,0,0,0,0,0,0,22605
1,1,1,1,1373,-1740,358,27,-83,-20,-29,31,92,0,0,0,0,0,0,0,0,0,0,0,0,0,0,0,0,0,0,0,0,0,0,22615
1,1,1,1,1389,-1759,356,78,-118,-43,-28,31,89,0,0,0,0,0,0,0,0,0,0,0,0,0,0,0,0,0,0,0,0,0,0,22625
1,1,1,1,1390,-1756,357,111,-165,-66,-27,30,90,0,0,0,0,0,0,0,0,0,0,0,0,0,0,0,0,0,0,0,0,0,0,22635
1,1,1,1,1406,-1724,357,134,-203,-81,-25,31,88,0,0,0,0,0,0,0,0,0,0,0,0,0,0,0,0,0,0,0,0,0,0,22645
1,1,1,1,1416,-1710,364,155,-245,-94,-21,30,84,0,0,0,0,0,0,0,0,0,0,0,0,0,0,0,0,0,0,0,0,0,0,22655
1,1,1,1,1368,-1720,374,187,-280,-104,-19,30,83,0,0,0,0,0,0,0,0,0,0,0,0,0,0,0,0,0,0,0,0,0,0,22665
1,1,1,1,1307,-1724,395,198,-298,-106,-20,30,85,0,0,0,0,0,0,0,0,0,0,0,0,0,0,0,0,0,0,0,0,0,0,22675
1,1,1,1,1283,-1745,422,201,-321,-115,-19,28,81,0,0,0,0,0,0,0,0,0,0,0,0,0,0,0,0,0,0,0,0,0,0,22685
1,1,1,1,1260,-1737,427,219,-319,-114,-21,29,80,0,0,0,0,0,0,0,0,0,0,0,0,0,0,0,0,0,0,0,0,0,0,22695
1,1,1,1,1259,-1731,415,224,-307,-108,-22,31,77,0,0,0,0,0,0,0,0,0,0,0,0,0,0,0,0,0,0,0,0,0,0,22705
1,1,1,1,1271,-1727,415,207,-295,-102,-20,30,75,0,0,0,0,0,0,0,0,0,0,0,0,0,0,0,0,0,0,0,0,0,0,22715
1,1,1,1,1274,-1717,428,204,-272,-98,-19,27,73,0,0,0,0,0,0,0,0,0,0,0,0,0,0,0,0,0,0,0,0,0,0,22725
1,1,1,1,1293,-1715,439,200,-249,-95,-20,27,69,0,0,0,0,0,0,0,0,0,0,0,0,0,0,0,0,0,0,0,0,0,0,22735
1,1,1,1,1295,-1723,467,181,-214,-87,-17,23,71,0,0,0,0,0,0,0,0,0,0,0,0,0,0,0,0,0,0,0,0,0,0,22745
1,1,1,1,1297,-1747,485,160,-182,-86,-16,23,72,0,0,0,0,0,0,0,0,0,0,0,0,0,0,0,0,0,0,0,0,0,0,22755
1,1,1,1,1304,-1722,510,160,-152,-85,-18,25,72,0,0,0,0,0,0,0,0,0,0,0,0,0,0,0,0,0,0,0,0,0,0,22765
1,1,1,1,1312,-1746,512,148,-118,-87,-19,23,73,0,0,0,0,0,0,0,0,0,0,0,0,0,0,0,0,0,0,0,0,0,0,22775
1,1,1,1,1328,-1772,521,105,-86,-81,-20,22,70,0,0,0,0,0,0,0,0,0,0,0,0,0,0,0,0,0,0,0,0,0,0,22785
1,1,1,1,1364,-1763,534,77,-63,-74,-22,23,72,0,0,0,0,0,0,0,0,0,0,0,0,0,0,0,0,0,0,0,0,0,0,22795
1,1,1,1,1379,-1749,510,58,-48,-72,-25,23,73,0,0,0,0,0,0,0,0,0,0,0,0,0,0,0,0,0,0,0,0,0,0,22805
1,1,1,1,1398,-1741,484,48,-39,-63,-25,22,77,0,0,0,0,0,0,0,0,0,0,0,0,0,0,0,0,0,0,0,0,0,0,22815
1,1,1,1,1389,-1734,458,57,-33,-55,-26,22,75,0,0,0,0,0,0,0,0,0,0,0,0,0,0,0,0,0,0,0,0,0,0,22825
1,1,1,1,1398,-1720,447,91,-42,-46,-27,22,78,0,0,0,0,0,0,0,0,0,0,0,0,0,0,0,0,0,0,0,0,0,0,22835
1,1,1,1,1406,-1758,432,128,-55,-40,-28,21,79,0,0,0,0,0,0,0,0,0,0,0,0,0,0,0,0,0,0,0,0,0,0,22845
1,1,1,1,1373,-1758,417,145,-76,-33,-27,21,78,0,0,0,0,0,0,0,0,0,0,0,0,0,0,0,0,0,0,0,0,0,0,22855
1,1,1,1,1352,-1731,399,175,-107,-32,-26,19,74,0,0,0,0,0,0,0,0,0,0,0,0,0,0,0,0,0,0,0,0,0,0,22865
1,1,1,1,1339,-1678,372,283,-143,-36,-27,17,73,0,0,0,0,0,0,0,0,0,0,0,0,0,0,0,0,0,0,0,0,0,0,22875
1,1,1,1,1354,-1673,381,384,-182,-37,-29,16,70,0,0,0,0,0,0,0,0,0,0,0,0,0,0,0,0,0,0,0,0,0,0,22885
1,1,1,1,1334,-1717,422,431,-196,-27,-30,16,70,0,0,0,0,0,0,0,0,0,0,0,0,0,0,0,0,0,0,0,0,0,0,22895
1,1,1,1,1278,-1730,473,441,-200,-14,-31,15,71,0,0,0,0,0,0,0,0,0,0,0,0,0,0,0,0,0,0,0,0,0,0,22905
1,1,1,1,1217,-1761,515,405,-182,3,-33,14,72,0,0,0,0,0,0,0,0,0,0,0,0,0,0,0,0,0,0,0,0,0,0,22915
1,1,1,1,1186,-1797,555,310,-159,23,-36,13,71,0,0,0,0,0,0,0,0,0,0,0,0,0,0,0,0,0,0,0,0,0,0,22925
1,1,1,1,1208,-1785,578,210,-122,44,-35,10,67,0,0,0,0,0,0,0,0,0,0,0,0,0,0,0,0,0,0,0,0,0,0,22935
1,1,1,1,1284,-1745,582,125,-82,55,-38,8,66,0,0,0,0,0,0,0,0,0,0,0,0,0,0,0,0,0,0,0,0,0,0,22945
1,1,1,1,1352,-1722,581,71,-53,52,-42,5,63,0,0,0,0,0,0,0,0,0,0,0,0,0,0,0,0,0,0,0,0,0,0,22955
1,1,1,1,1370,-1720,551,10,3,22,-45,6,60,0,0,0,0,0,0,0,0,0,0,0,0,0,0,0,0,0,0,0,0,0,0,22965
1,1,1,1,1415,-1717,526,-28,52,-25,-46,5,60,0,0,0,0,0,0,0,0,0,0,0,0,0,0,0,0,0,0,0,0,0,0,22975
1,1,1,1,1489,-1647,504,-50,87,-29,-47,5,62,0,0,0,0,0,0,0,0,0,0,0,0,0,0,0,0,0,0,0,0,0,0,22985
1,1,1,1,1554,-1622,472,-20,101,-17,-48,8,61,0,0,0,0,0,0,0,0,0,0,0,0,0,0,0,0,0,0,0,0,0,0,22995
1,1,1,1,1576,-1646,448,-1,72,-28,-47,6,62,0,0,0,0,0,0,0,0,0,0,0,0,0,0,0,0,0,0,0,0,0,0,23005
1,1,1,1,1576,-1628,403,-9,75,-4,-45,5,61,0,0,0,0,0,0,0,0,0,0,0,0,0,0,0,0,0,0,0,0,0,0,23015
1,1,1,1,1529,-1650,404,-9,51,-4,-48,7,63,0,0,0,0,0,0,0,0,0,0,0,0,0,0,0,0,0,0,0,0,0,0,23025
1,1,1,1,1412,-1661,401,5,47,-1,-47,7,66,0,0,0,0,0,0,0,0,0,0,0,0,0,0,0,0,0,0,0,0,0,0,23035
1,1,1,1,1352,-1677,421,20,41,20,-45,7,69,0,0,0,0,0,0,0,0,0,0,0,0,0,0,0,0,0,0,0,0,0,0,23045
1,1,1,1,1328,-1699,451,24,39,41,-45,7,69,0,0,0,0,0,0,0,0,0,0,0,0,0,0,0,0,0,0,0,0,0,0,23055
1,1,1,1,1278,-1717,470,14,46,52,-45,9,68,0,0,0,0,0,0,0,0,0,0,0,0,0,0,0,0,0,0,0,0,0,0,23065
1,1,1,1,1248,-1726,468,-5,63,58,-45,8,68,0,0,0,0,0,0,0,0,0,0,0,0,0,0,0,0,0,0,0,0,0,0,23075
1,1,1,1,1237,-1735,467,-39,75,41,-44,9,67,0,0,0,0,0,0,0,0,0,0,0,0,0,0,0,0,0,0,0,0,0,0,23085
1,1,1,1,1239,-1730,483,-81,74,27,-43,8,66,0,0,0,0,0,0,0,0,0,0,0,0,0,0,0,0,0,0,0,0,0,0,23095
1,1,1,1,1242,-1718,485,-101,85,11,-43,8,65,0,0,0,0,0,0,0,0,0,0,0,0,0,0,0,0,0,0,0,0,0,0,23105
1,1,1,1,1268,-1672,493,-114,83,1,-43,7,63,0,0,0,0,0,0,0,0,0,0,0,0,0,0,0,0,0,0,0,0,0,0,23115
1,1,1,1,1310,-1646,476,-131,95,10,-42,7,62,0,0,0,0,0,0,0,0,0,0,0,0,0,0,0,0,0,0,0,0,0,0,23125
1,1,1,1,1285,-1674,514,-112,103,-15,-42,7,60,0,0,0,0,0,0,0,0,0,0,0,0,0,0,0,0,0,0,0,0,0,0,23135
1,1,1,1,1327,-1673,498,-123,105,-23,-42,7,56,0,0,0,0,0,0,0,0,0,0,0,0,0,0,0,0,0,0,0,0,0,0,23145
1,1,1,1,1377,-1685,536,-155,111,-20,-40,7,59,0,0,0,0,0,0,0,0,0,0,0,0,0,0,0,0,0,0,0,0,0,0,23155
1,1,1,1,1416,-1731,491,-157,118,-43,-39,7,54,0,0,0,0,0,0,0,0,0,0,0,0,0,0,0,0,0,0,0,0,0,0,23165
1,1,1,1,1466,-1682,522,-208,121,-49,-40,7,53,0,0,0,0,0,0,0,0,0,0,0,0,0,0,0,0,0,0,0,0,0,0,23175
1,1,1,1,1547,-1666,489,-257,121,-41,-40,6,52,0,0,0,0,0,0,0,0,0,0,0,0,0,0,0,0,0,0,0,0,0,0,23185
1,1,1,1,1564,-1628,494,-268,110,-29,-38,8,57,0,0,0,0,0,0,0,0,0,0,0,0,0,0,0,0,0,0,0,0,0,0,23195
1,1,1,1,1549,-1643,409,-206,116,-35,-39,8,57,0,0,0,0,0,0,0,0,0,0,0,0,0,0,0,0,0,0,0,0,0,0,23205
1,1,1,1,1466,-1671,407,-167,110,-48,-40,9,57,0,0,0,0,0,0,0,0,0,0,0,0,0,0,0,0,0,0,0,0,0,0,23215
1,1,1,1,1444,-1682,406,-128,96,-56,-36,9,58,0,0,0,0,0,0,0,0,0,0,0,0,0,0,0,0,0,0,0,0,0,0,23225
1,1,1,1,1416,-1693,409,-76,78,-60,-34,10,57,0,0,0,0,0,0,0,0,0,0,0,0,0,0,0,0,0,0,0,0,0,0,23235
1,1,1,1,1393,-1712,389,-38,67,-58,-30,10,57,0,0,0,0,0,0,0,0,0,0,0,0,0,0,0,0,0,0,0,0,0,0,23245
1,1,1,1,1415,-1721,395,-26,57,-60,-28,11,55,0,0,0,0,0,0,0,0,0,0,0,0,0,0,0,0,0,0,0,0,0,0,23255
1,1,1,1,1439,-1702,409,-10,39,-56,-25,11,56,0,0,0,0,0,0,0,0,0,0,0,0,0,0,0,0,0,0,0,0,0,0,23265
1,1,1,1,1445,-1699,410,16,10,-60,-26,12,57,0,0,0,0,0,0,0,0,0,0,0,0,0,0,0,0,0,0,0,0,0,0,23275
1,1,1,1,1431,-1664,390,59,-18,-59,-25,11,57,0,0,0,0,0,0,0,0,0,0,0,0,0,0,0,0,0,0,0,0,0,0,23285
1,1,1,1,1428,-1638,399,107,-27,-45,-25,13,56,0,0,0,0,0,0,0,0,0,0,0,0,0,0,0,0,0,0,0,0,0,0,23295
1,1,1,1,1393,-1655,423,136,-22,-22,-22,14,55,0,0,0,0,0,0,0,0,0,0,0,0,0,0,0,0,0,0,0,0,0,0,23305
1,1,1,1,1336,-1678,449,146,-13,-6,-19,10,55,0,0,0,0,0,0,0,0,0,0,0,0,0,0,0,0,0,0,0,0,0,0,23315
1,1,1,1,1299,-1712,471,125,4,3,-21,13,51,0,0,0,0,0,0,0,0,0,0,0,0,0,0,0,0,0,0,0,0,0,0,23325
1,1,1,1,1274,-1728,483,88,14,9,-22,14,53,0,0,0,0,0,0,0,0,0,0,0,0,0,0,0,0,0,0,0,0,0,0,23335
1,1,1,1,1262,-1738,476,56,21,17,-21,11,50,0,0,0,0,0,0,0,0,0,0,0,0,0,0,0,0,0,0,0,0,0,0,23345
1,1,1,1,1254,-1750,464,19,22,18,-21,11,51,0,0,0,0,0,0,0,0,0,0,0,0,0,0,0,0,0,0,0,0,0,0,23355
1,1,1,1,1259,-1715,460,7,12,8,-21,11,50,0,0,0,0,0,0,0,0,0,0,0,0,0,0,0,0,0,0,0,0,0,0,23365
1,1,1,1,1294,-1674,438,54,-8,-6,-19,13,49,0,0,0,0,0,0,0,0,0,0,0,0,0,0,0,0,0,0,0,0,0,0,23375
1,1,1,1,1313,-1655,416,124,-23,-19,-15,12,52,0,0,0,0,0,0,0,0,0,0,0,0,0,0,0,0,0,0,0,0,0,0,23385
1,1,1,1,1331,-1656,413,188,-26,-33,-19,18,51,0,0,0,0,0,0,0,0,0,0,0,0,0,0,0,0,0,0,0,0,0,0,23395
1,1,1,1,1363,-1642,431,219,-41,-47,-18,14,50,0,0,0,0,0,0,0,0,0,0,0,0,0,0,0,0,0,0,0,0,0,0,23405
1,1,1,1,1372,-1642,440,273,-65,-67,-17,14,51,0,0,0,0,0,0,0,0,0,0,0,0,0,0,0,0,0,0,0,0,0,0,23415
1,1,1,1,1376,-1658,443,320,-62,-80,-17,14,51,0,0,0,0,0,0,0,0,0,0,0,0,0,0,0,0,0,0,0,0,0,0,23425
1,1,1,1,1382,-1674,462,317,-65,-87,-19,15,51,0,0,0,0,0,0,0,0,0,0,0,0,0,0,0,0,0,0,0,0,0,0,23435
1,1,1,1,1381,-1690,477,288,-86,-90,-20,15,52,0,0,0,0,0,0,0,0,0,0,0,0,0,0,0,0,0,0,0,0,0,0,23445
1,1,1,1,1388,-1683,482,245,-79,-88,-20,15,51,0,0,0,0,0,0,0,0,0,0,0,0,0,0,0,0,0,0,0,0,0,0,23455
1,1,1,1,1396,-1670,495,205,-87,-84,-19,15,50,0,0,0,0,0,0,0,0,0,0,0,0,0,0,0,0,0,0,0,0,0,0,23465
1,1,1,1,1381,-1661,493,189,-81,-84,-14,15,52,0,0,0,0,0,0,0,0,0,0,0,0,0,0,0,0,0,0,0,0,0,0,23475
1,1,1,1,1380,-1629,505,210,-78,-89,-17,16,48,0,0,0,0,0,0,0,0,0,0,0,0,0,0,0,0,0,0,0,0,0,0,23485
1,1,1,1,1386,-1645,513,239,-64,-81,-17,16,50,0,0,0,0,0,0,0,0,0,0,0,0,0,0,0,0,0,0,0,0,0,0,23495
1,1,1,1,1368,-1664,519,247,-45,-77,-16,16,48,0,0,0,0,0,0,0,0,0,0,0,0,0,0,0,0,0,0,0,0,0,0,23505
1,1,1,1,1362,-1680,525,238,-24,-67,-22,18,50,0,0,0,0,0,0,0,0,0,0,0,0,0,0,0,0,0,0,0,0,0,0,23515
1,1,1,1,1342,-1690,538,216,-10,-57,-18,17,51,0,0,0,0,0,0,0,0,0,0,0,0,0,0,0,0,0,0,0,0,0,0,23525
1,1,1,1,1296,-1688,567,198,14,-41,-19,17,55,0,0,0,0,0,0,0,0,0,0,0,0,0,0,0,0,0,0,0,0,0,0,23535
1,1,1,1,1257,-1708,594,158,33,-20,-19,17,54,0,0,0,0,0,0,0,0,0,0,0,0,0,0,0,0,0,0,0,0,0,0,23545
1,1,1,1,1257,-1708,594,104,44,1,-20,16,54,0,0,0,0,0,0,0,0,0,0,0,0,0,0,0,0,0,0,0,0,0,0,23555
1,1,1,1,1251,-1734,624,6,59,36,-23,15,56,0,0,0,0,0,0,0,0,0,0,0,0,0,0,0,0,0,0,0,0,0,0,23565
1,1,1,1,1294,-1742,622,-108,75,66,-24,15,57,0,0,0,0,0,0,0,0,0,0,0,0,0,0,0,0,0,0,0,0,0,0,23575
1,1,1,1,1322,-1720,585,-225,82,85,-28,15,57,0,0,0,0,0,0,0,0,0,0,0,0,0,0,0,0,0,0,0,0,0,0,23585
1,1,1,1,1359,-1678,534,-255,80,96,-29,14,57,0,0,0,0,0,0,0,0,0,0,0,0,0,0,0,0,0,0,0,0,0,0,23595
1,1,1,1,1373,-1645,467,-208,60,89,-31,12,59,0,0,0,0,0,0,0,0,0,0,0,0,0,0,0,0,0,0,0,0,0,0,23605
1,1,1,1,1381,-1612,401,-106,28,80,-32,13,62,0,0,0,0,0,0,0,0,0,0,0,0,0,0,0,0,0,0,0,0,0,0,23615
1,1,1,1,1418,-1584,385,21,2,62,-32,12,57,0,0,0,0,0,0,0,0,0,0,0,0,0,0,0,0,0,0,0,0,0,0,23625
1,1,1,1,1462,-1558,401,158,-28,48,-35,12,56,0,0,0,0,0,0,0,0,0,0,0,0,0,0,0,0,0,0,0,0,0,0,23635
1,1,1,1,1500,-1596,429,223,-67,47,-34,15,58,0,0,0,0,0,0,0,0,0,0,0,0,0,0,0,0,0,0,0,0,0,0,23645
1,1,1,1,1491,-1638,464,188,-85,40,-35,12,60,0,0,0,0,0,0,0,0,0,0,0,0,0,0,0,0,0,0,0,0,0,0,23655
1,1,1,1,1474,-1649,498,128,-105,30,-37,18,62,0,0,0,0,0,0,0,0,0,0,0,0,0,0,0,0,0,0,0,0,0,0,23665
1,1,1,1,1438,-1648,501,83,-97,26,-34,15,63,0,0,0,0,0,0,0,0,0,0,0,0,0,0,0,0,0,0,0,0,0,0,23675
1,1,1,1,1388,-1634,496,78,-91,21,-31,13,61,0,0,0,0,0,0,0,0,0,0,0,0,0,0,0,0,0,0,0,0,0,0,23685
1,1,1,1,1321,-1644,526,93,-79,19,-34,15,61,0,0,0,0,0,0,0,0,0,0,0,0,0,0,0,0,0,0,0,0,0,0,23695
1,1,1,1,1283,-1664,543,105,-69,18,-33,15,62,0,0,0,0,0,0,0,0,0,0,0,0,0,0,0,0,0,0,0,0,0,0,23705
1,1,1,1,1230,-1676,544,106,-49,18,-34,14,66,0,0,0,0,0,0,0,0,0,0,0,0,0,0,0,0,0,0,0,0,0,0,23715
1,1,1,1,1205,-1691,553,104,-11,4,-34,15,60,0,0,0,0,0,0,0,0,0,0,0,0,0,0,0,0,0,0,0,0,0,0,23725
1,1,1,1,1226,-1677,605,77,3,7,-34,14,61,0,0,0,0,0,0,0,0,0,0,0,0,0,0,0,0,0,0,0,0,0,0,23735
1,1,1,1,1263,-1694,587,45,24,1,-35,14,57,0,0,0,0,0,0,0,0,0,0,0,0,0,0,0,0,0,0,0,0,0,0,23745
1,1,1,1,1259,-1699,609,-13,43,-17,-35,14,57,0,0,0,0,0,0,0,0,0,0,0,0,0,0,0,0,0,0,0,0,0,0,23755
1,1,1,1,1296,-1703,591,-87,59,-30,-34,13,54,0,0,0,0,0,0,0,0,0,0,0,0,0,0,0,0,0,0,0,0,0,0,23765
1,1,1,1,1326,-1674,615,-173,43,-9,-32,11,53,0,0,0,0,0,0,0,0,0,0,0,0,0,0,0,0,0,0,0,0,0,0,23775
1,1,1,1,1408,-1630,542,-193,51,-4,-32,13,52,0,0,0,0,0,0,0,0,0,0,0,0,0,0,0,0,0,0,0,0,0,0,23785
1,1,1,1,1377,-1620,530,-182,45,-19,-32,12,52,0,0,0,0,0,0,0,0,0,0,0,0,0,0,0,0,0,0,0,0,0,0,23795
1,1,1,1,1445,-1581,523,-144,36,-23,-30,10,51,0,0,0,0,0,0,0,0,0,0,0,0,0,0,0,0,0,0,0,0,0,0,23805
1,1,1,1,1523,-1579,500,-80,38,-43,-31,12,47,0,0,0,0,0,0,0,0,0,0,0,0,0,0,0,0,0,0,0,0,0,0,23815
1,1,1,1,1568,-1562,540,-36,-15,-33,-32,10,51,0,0,0,0,0,0,0,0,0,0,0,0,0,0,0,0,0,0,0,0,0,0,23825
1,1,1,1,1621,-1587,441,-9,34,-27,-32,11,50,0,0,0,0,0,0,0,0,0,0,0,0,0,0,0,0,0,0,0,0,0,0,23835
1,1,1,1,1563,-1647,460,-18,36,-35,-31,12,53,0,0,0,0,0,0,0,0,0,0,0,0,0,0,0,0,0,0,0,0,0,0,23845
1,1,1,1,1532,-1647,477,-69,24,-19,-29,12,51,0,0,0,0,0,0,0,0,0,0,0,0,0,0,0,0,0,0,0,0,0,0,23855
1,1,1,1,1446,-1698,474,-108,24,-20,-29,13,53,0,0,0,0,0,0,0,0,0,0,0,0,0,0,0,0,0,0,0,0,0,0,23865
1,1,1,1,1379,-1687,487,-154,8,-7,-28,12,50,0,0,0,0,0,0,0,0,0,0,0,0,0,0,0,0,0,0,0,0,0,0,23875
1,1,1,1,1337,-1694,493,-182,-2,16,-30,12,50,0,0,0,0,0,0,0,0,0,0,0,0,0,0,0,0,0,0,0,0,0,0,23885
1,1,1,1,1330,-1691,499,-201,-12,35,-32,14,49,0,0,0,0,0,0,0,0,0,0,0,0,0,0,0,0,0,0,0,0,0,0,23895
1,1,1,1,1317,-1687,504,-200,-8,50,-33,15,50,0,0,0,0,0,0,0,0,0,0,0,0,0,0,0,0,0,0,0,0,0,0,23905
1,1,1,1,1289,-1677,511,-163,-16,50,-30,13,46,0,0,0,0,0,0,0,0,0,0,0,0,0,0,0,0,0,0,0,0,0,0,23915
1,1,1,1,1380,-1648,515,-106,-17,50,-28,13,44,0,0,0,0,0,0,0,0,0,0,0,0,0,0,0,0,0,0,0,0,0,0,23925
1,1,1,1,1426,-1658,501,-54,0,35,-31,10,46,0,0,0,0,0,0,0,0,0,0,0,0,0,0,0,0,0,0,0,0,0,0,23935
1,1,1,1,1502,-1639,514,-39,13,29,-31,13,42,0,0,0,0,0,0,0,0,0,0,0,0,0,0,0,0,0,0,0,0,0,0,23945
1,1,1,1,1528,-1659,522,-42,14,10,-28,12,43,0,0,0,0,0,0,0,0,0,0,0,0,0,0,0,0,0,0,0,0,0,0,23955
1,1,1,1,1513,-1691,494,-59,20,-19,-24,11,41,0,0,0,0,0,0,0,0,0,0,0,0,0,0,0,0,0,0,0,0,0,0,23965
1,1,1,1,1469,-1687,477,-86,12,-32,-22,14,40,0,0,0,0,0,0,0,0,0,0,0,0,0,0,0,0,0,0,0,0,0,0,23975
1,1,1,1,1431,-1672,459,-87,-4,-38,-16,11,41,0,0,0,0,0,0,0,0,0,0,0,0,0,0,0,0,0,0,0,0,0,0,23985
1,1,1,1,1407,-1668,417,-60,-32,-42,-16,13,43,0,0,0,0,0,0,0,0,0,0,0,0,0,0,0,0,0,0,0,0,0,0,23995
1,1,1,1,1382,-1639,404,-13,-55,-46,-16,14,44,0,0,0,0,0,0,0,0,0,0,0,0,0,0,0,0,0,0,0,0,0,0,24005
1,1,1,1,1369,-1621,395,57,-74,-41,-12,13,42,0,0,0,0,0,0,0,0,0,0,0,0,0,0,0,0,0,0,0,0,0,0,24015
1,1,1,1,1366,-1634,406,113,-81,-46,-13,14,42,0,0,0,0,0,0,0,0,0,0,0,0,0,0,0,0,0,0,0,0,0,0,24025
1,1,1,1,1383,-1587,420,203,-92,-55,-10,14,42,0,0,0,0,0,0,0,0,0,0,0,0,0,0,0,0,0,0,0,0,0,0,24035
1,1,1,1,1390,-1596,417,278,-91,-59,-9,15,42,0,0,0,0,0,0,0,0,0,0,0,0,0,0,0,0,0,0,0,0,0,0,24045
1,1,1,1,1369,-1618,434,299,-95,-66,-10,16,44,0,0,0,0,0,0,0,0,0,0,0,0,0,0,0,0,0,0,0,0,0,0,24055
1,1,1,1,1354,-1638,459,291,-96,-71,-10,17,45,0,0,0,0,0,0,0,0,0,0,0,0,0,0,0,0,0,0,0,0,0,0,24065
1,1,1,1,1342,-1649,466,271,-102,-83,-7,18,40,0,0,0,0,0,0,0,0,0,0,0,0,0,0,0,0,0,0,0,0,0,0,24075
1,1,1,1,1337,-1649,478,269,-107,-94,-4,18,43,0,0,0,0,0,0,0,0,0,0,0,0,0,0,0,0,0,0,0,0,0,0,24085
1,1,1,1,1361,-1655,481,260,-132,-105,-7,19,41,0,0,0,0,0,0,0,0,0,0,0,0,0,0,0,0,0,0,0,0,0,0,24095
1,1,1,1,1371,-1643,479,242,-156,-115,-8,19,44,0,0,0,0,0,0,0,0,0,0,0,0,0,0,0,0,0,0,0,0,0,0,24105
1,1,1,1,1360,-1616,477,256,-181,-126,-9,19,44,0,0,0,0,0,0,0,0,0,0,0,0,0,0,0,0,0,0,0,0,0,0,24115
1,1,1,1,1364,-1612,465,271,-205,-139,-9,19,46,0,0,0,0,0,0,0,0,0,0,0,0,0,0,0,0,0,0,0,0,0,0,24125
1,1,1,1,1388,-1598,468,291,-221,-151,-7,19,46,0,0,0,0,0,0,0,0,0,0,0,0,0,0,0,0,0,0,0,0,0,0,24135
1,1,1,1,1418,-1585,470,345,-231,-155,-7,20,47,0,0,0,0,0,0,0,0,0,0,0,0,0,0,0,0,0,0,0,0,0,0,24145
1,1,1,1,1440,-1620,453,362,-247,-154,-6,20,44,0,0,0,0,0,0,0,0,0,0,0,0,0,0,0,0,0,0,0,0,0,0,24155
1,1,1,1,1473,-1618,453,341,-259,-149,-4,19,45,0,0,0,0,0,0,0,0,0,0,0,0,0,0,0,0,0,0,0,0,0,0,24165
1,1,1,1,1508,-1600,463,326,-284,-143,-6,19,44,0,0,0,0,0,0,0,0,0,0,0,0,0,0,0,0,0,0,0,0,0,0,24175
1,1,1,1,1520,-1580,470,304,-307,-133,-4,19,42,0,0,0,0,0,0,0,0,0,0,0,0,0,0,0,0,0,0,0,0,0,0,24185
1,1,1,1,1520,-1565,475,298,-311,-116,-6,23,43,0,0,0,0,0,0,0,0,0,0,0,0,0,0,0,0,0,0,0,0,0,0,24195
1,1,1,1,1492,-1546,482,314,-322,-101,-2,16,42,0,0,0,0,0,0,0,0,0,0,0,0,0,0,0,0,0,0,0,0,0,0,24205
1,1,1,1,1477,-1534,488,362,-316,-100,-2,17,40,0,0,0,0,0,0,0,0,0,0,0,0,0,0,0,0,0,0,0,0,0,0,24215
1,1,1,1,1476,-1535,510,380,-294,-103,-7,22,43,0,0,0,0,0,0,0,0,0,0,0,0,0,0,0,0,0,0,0,0,0,0,24225
1,1,1,1,1481,-1513,529,398,-274,-93,-4,19,41,0,0,0,0,0,0,0,0,0,0,0,0,0,0,0,0,0,0,0,0,0,0,24235
1,1,1,1,1483,-1555,534,405,-251,-70,-1,17,43,0,0,0,0,0,0,0,0,0,0,0,0,0,0,0,0,0,0,0,0,0,0,24245
1,1,1,1,1499,-1565,519,427,-218,-79,-4,19,40,0,0,0,0,0,0,0,0,0,0,0,0,0,0,0,0,0,0,0,0,0,0,24255
1,1,1,1,1522,-1536,546,404,-221,-54,-4,20,41,0,0,0,0,0,0,0,0,0,0,0,0,0,0,0,0,0,0,0,0,0,0,24265
1,1,1,1,1511,-1551,518,353,-207,-29,-2,19,41,0,0,0,0,0,0,0,0,0,0,0,0,0,0,0,0,0,0,0,0,0,0,24275
1,1,1,1,1471,-1578,488,263,-193,-16,-2,18,43,0,0,0,0,0,0,0,0,0,0,0,0,0,0,0,0,0,0,0,0,0,0,24285
1,1,1,1,1412,-1600,468,178,-147,-10,0,19,42,0,0,0,0,0,0,0,0,0,0,0,0,0,0,0,0,0,0,0,0,0,0,24295
1,1,1,1,1403,-1595,482,99,-131,-10,1,19,41,0,0,0,0,0,0,0,0,0,0,0,0,0,0,0,0,0,0,0,0,0,0,24305
1,1,1,1,1392,-1551,520,61,-147,-5,-3,20,43,0,0,0,0,0,0,0,0,0,0,0,0,0,0,0,0,0,0,0,0,0,0,24315
1,1,1,1,1311,-1543,516,58,-141,-6,-2,21,47,0,0,0,0,0,0,0,0,0,0,0,0,0,0,0,0,0,0,0,0,0,0,24325
1,1,1,1,1293,-1569,552,42,-119,-16,-3,21,47,0,0,0,0,0,0,0,0,0,0,0,0,0,0,0,0,0,0,0,0,0,0,24335
1,1,1,1,1311,-1574,583,26,-94,-21,-3,21,48,0,0,0,0,0,0,0,0,0,0,0,0,0,0,0,0,0,0,0,0,0,0,24345
1,1,1,1,1384,-1591,629,-19,-64,-25,-4,21,49,0,0,0,0,0,0,0,0,0,0,0,0,0,0,0,0,0,0,0,0,0,0,24355
1,1,1,1,1443,-1611,630,-120,-4,-29,-5,21,49,0,0,0,0,0,0,0,0,0,0,0,0,0,0,0,0,0,0,0,0,0,0,24365
1,1,1,1,1469,-1572,638,-213,59,-25,-6,22,54,0,0,0,0,0,0,0,0,0,0,0,0,0,0,0,0,0,0,0,0,0,0,24375
1,1,1,1,1477,-1572,627,-275,103,-25,-7,22,54,0,0,0,0,0,0,0,0,0,0,0,0,0,0,0,0,0,0,0,0,0,0,24385
1,1,1,1,1472,-1578,608,-324,143,-28,-7,22,57,0,0,0,0,0,0,0,0,0,0,0,0,0,0,0,0,0,0,0,0,0,0,24395
1,1,1,1,1478,-1575,607,-375,180,-29,-8,22,58,0,0,0,0,0,0,0,0,0,0,0,0,0,0,0,0,0,0,0,0,0,0,24405
1,1,1,1,1459,-1575,595,-420,201,-32,-11,23,61,0,0,0,0,0,0,0,0,0,0,0,0,0,0,0,0,0,0,0,0,0,0,24415
1,1,1,1,1436,-1587,567,-443,220,-34,-12,23,62,0,0,0,0,0,0,0,0,0,0,0,0,0,0,0,0,0,0,0,0,0,0,24425
1,1,1,1,1433,-1604,542,-452,230,-26,-14,23,63,0,0,0,0,0,0,0,0,0,0,0,0,0,0,0,0,0,0,0,0,0,0,24435
1,1,1,1,1430,-1611,517,-450,236,-18,-12,23,65,0,0,0,0,0,0,0,0,0,0,0,0,0,0,0,0,0,0,0,0,0,0,24445
1,1,1,1,1443,-1615,514,-454,239,-4,-14,23,67,0,0,0,0,0,0,0,0,0,0,0,0,0,0,0,0,0,0,0,0,0,0,24455
1,1,1,1,1464,-1610,528,-477,237,7,-16,23,65,0,0,0,0,0,0,0,0,0,0,0,0,0,0,0,0,0,0,0,0,0,0,24465
1,1,1,1,1469,-1617,537,-533,249,35,-15,23,68,0,0,0,0,0,0,0,0,0,0,0,0,0,0,0,0,0,0,0,0,0,0,24475
1,1,1,1,1430,-1625,536,-589,264,50,-17,22,66,0,0,0,0,0,0,0,0,0,0,0,0,0,0,0,0,0,0,0,0,0,0,24485
1,1,1,1,1419,-1601,531,-617,276,70,-18,22,68,0,0,0,0,0,0,0,0,0,0,0,0,0,0,0,0,0,0,0,0,0,0,24495
1,1,1,1,1422,-1608,527,-627,293,85,-18,23,68,0,0,0,0,0,0,0,0,0,0,0,0,0,0,0,0,0,0,0,0,0,0,24505
1,1,1,1,1392,-1629,503,-657,299,99,-23,27,71,0,0,0,0,0,0,0,0,0,0,0,0,0,0,0,0,0,0,0,0,0,0,24515
1,1,1,1,1392,-1625,475,-665,300,109,-20,21,69,0,0,0,0,0,0,0,0,0,0,0,0,0,0,0,0,0,0,0,0,0,0,24525
1,1,1,1,1407,-1635,432,-637,294,111,-21,23,70,0,0,0,0,0,0,0,0,0,0,0,0,0,0,0,0,0,0,0,0,0,0,24535
1,1,1,1,1394,-1656,412,-623,272,115,-23,21,70,0,0,0,0,0,0,0,0,0,0,0,0,0,0,0,0,0,0,0,0,0,0,24545
1,1,1,1,1406,-1663,380,-581,222,121,-22,20,68,0,0,0,0,0,0,0,0,0,0,0,0,0,0,0,0,0,0,0,0,0,0,24565
1,1,1,1,1406,-1681,391,-601,206,124,-24,21,66,0,0,0,0,0,0,0,0,0,0,0,0,0,0,0,0,0,0,0,0,0,0,24575
1,1,1,1,1418,-1655,423,-637,203,126,-20,20,67,0,0,0,0,0,0,0,0,0,0,0,0,0,0,0,0,0,0,0,0,0,0,24585
1,1,1,1,1480,-1597,438,-591,186,127,-21,21,63,0,0,0,0,0,0,0,0,0,0,0,0,0,0,0,0,0,0,0,0,0,0,24595
1,1,1,1,1514,-1574,414,-471,176,114,-20,20,64,0,0,0,0,0,0,0,0,0,0,0,0,0,0,0,0,0,0,0,0,0,0,24605
1,1,1,1,1536,-1537,378,-365,174,109,-22,20,63,0,0,0,0,0,0,0,0,0,0,0,0,0,0,0,0,0,0,0,0,0,0,24615
1,1,1,1,1525,-1566,355,-234,193,103,-24,20,64,0,0,0,0,0,0,0,0,0,0,0,0,0,0,0,0,0,0,0,0,0,0,24625
1,1,1,1,1539,-1602,372,-116,205,88,-25,21,68,0,0,0,0,0,0,0,0,0,0,0,0,0,0,0,0,0,0,0,0,0,0,24635
1,1,1,1,1499,-1649,379,-47,199,78,-24,21,68,0,0,0,0,0,0,0,0,0,0,0,0,0,0,0,0,0,0,0,0,0,0,24645
1,1,1,1,1456,-1702,401,-42,192,70,-23,21,67,0,0,0,0,0,0,0,0,0,0,0,0,0,0,0,0,0,0,0,0,0,0,24655
1,1,1,1,1407,-1708,405,-90,187,68,-23,21,67,0,0,0,0,0,0,0,0,0,0,0,0,0,0,0,0,0,0,0,0,0,0,24665
1,1,1,1,1358,-1715,427,-148,189,74,-22,21,68,0,0,0,0,0,0,0,0,0,0,0,0,0,0,0,0,0,0,0,0,0,0,24675
1,1,1,1,1307,-1730,448,-235,196,92,-22,21,66,0,0,0,0,0,0,0,0,0,0,0,0,0,0,0,0,0,0,0,0,0,0,24685
1,1,1,1,1248,-1744,472,-334,193,103,-23,21,65,0,0,0,0,0,0,0,0,0,0,0,0,0,0,0,0,0,0,0,0,0,0,24695
1,1,1,1,1215,-1703,483,-342,229,124,-20,22,62,0,0,0,0,0,0,0,0,0,0,0,0,0,0,0,0,0,0,0,0,0,0,24705
1,1,1,1,1208,-1658,509,-284,229,161,-23,21,64,0,0,0,0,0,0,0,0,0,0,0,0,0,0,0,0,0,0,0,0,0,0,24715
1,1,1,1,1235,-1698,484,-241,259,171,-26,23,68,0,0,0,0,0,0,0,0,0,0,0,0,0,0,0,0,0,0,0,0,0,0,24725
1,1,1,1,1246,-1708,501,-235,299,198,-26,22,67,0,0,0,0,0,0,0,0,0,0,0,0,0,0,0,0,0,0,0,0,0,0,24735
1,1,1,1,1337,-1737,505,-252,331,202,-29,23,70,0,0,0,0,0,0,0,0,0,0,0,0,0,0,0,0,0,0,0,0,0,0,24745
1,1,1,1,1374,-1778,493,-288,350,172,-29,24,69,0,0,0,0,0,0,0,0,0,0,0,0,0,0,0,0,0,0,0,0,0,0,24755
1,1,1,1,1369,-1788,483,-308,360,143,-28,24,68,0,0,0,0,0,0,0,0,0,0,0,0,0,0,0,0,0,0,0,0,0,0,24765
1,1,1,1,1323,-1783,461,-359,326,151,-28,23,69,0,0,0,0,0,0,0,0,0,0,0,0,0,0,0,0,0,0,0,0,0,0,24775
1,1,1,1,1431,-1784,398,-365,320,104,-28,22,66,0,0,0,0,0,0,0,0,0,0,0,0,0,0,0,0,0,0,0,0,0,0,24785
1,1,1,1,1504,-1696,451,-391,249,108,-29,24,68,0,0,0,0,0,0,0,0,0,0,0,0,0,0,0,0,0,0,0,0,0,0,24795
1,1,1,1,1576,-1736,345,-344,217,70,-32,22,67,0,0,0,0,0,0,0,0,0,0,0,0,0,0,0,0,0,0,0,0,0,0,24805
1,1,1,1,1588,-1691,325,-313,162,75,-34,22,70,0,0,0,0,0,0,0,0,0,0,0,0,0,0,0,0,0,0,0,0,0,0,24815
1,1,1,1,1590,-1674,281,-246,121,90,-33,22,70,0,0,0,0,0,0,0,0,0,0,0,0,0,0,0,0,0,0,0,0,0,0,24825
1,1,1,1,1508,-1650,248,-117,87,96,-30,18,67,0,0,0,0,0,0,0,0,0,0,0,0,0,0,0,0,0,0,0,0,0,0,24835
1,1,1,1,1396,-1706,267,15,53,96,-32,23,70,0,0,0,0,0,0,0,0,0,0,0,0,0,0,0,0,0,0,0,0,0,0,24845
1,1,1,1,1349,-1768,321,70,12,106,-33,27,67,0,0,0,0,0,0,0,0,0,0,0,0,0,0,0,0,0,0,0,0,0,0,24855
1,1,1,1,1278,-1776,373,88,-19,124,-29,23,64,0,0,0,0,0,0,0,0,0,0,0,0,0,0,0,0,0,0,0,0,0,0,24865
1,1,1,1,1268,-1795,408,51,-33,136,-28,22,62,0,0,0,0,0,0,0,0,0,0,0,0,0,0,0,0,0,0,0,0,0,0,24875
1,1,1,1,1276,-1798,449,-1,-45,139,-27,22,64,0,0,0,0,0,0,0,0,0,0,0,0,0,0,0,0,0,0,0,0,0,0,24885
1,1,1,1,1297,-1791,448,-28,-54,125,-26,21,61,0,0,0,0,0,0,0,0,0,0,0,0,0,0,0,0,0,0,0,0,0,0,24895
1,1,1,1,1321,-1811,417,-53,-63,106,-26,21,62,0,0,0,0,0,0,0,0,0,0,0,0,0,0,0,0,0,0,0,0,0,0,24905
1,1,1,1,1363,-1787,386,-52,-76,87,-25,20,60,0,0,0,0,0,0,0,0,0,0,0,0,0,0,0,0,0,0,0,0,0,0,24915
1,1,1,1,1448,-1739,378,-8,-96,58,-24,19,58,0,0,0,0,0,0,0,0,0,0,0,0,0,0,0,0,0,0,0,0,0,0,24925
1,1,1,1,1504,-1730,365,35,-103,9,-18,19,57,0,0,0,0,0,0,0,0,0,0,0,0,0,0,0,0,0,0,0,0,0,0,24935
1,1,1,1,1526,-1666,365,104,-124,-25,-17,19,58,0,0,0,0,0,0,0,0,0,0,0,0,0,0,0,0,0,0,0,0,0,0,24945
1,1,1,1,1546,-1654,345,208,-148,-53,-16,20,56,0,0,0,0,0,0,0,0,0,0,0,0,0,0,0,0,0,0,0,0,0,0,24955
1,1,1,1,1552,-1662,355,277,-184,-64,-14,21,54,0,0,0,0,0,0,0,0,0,0,0,0,0,0,0,0,0,0,0,0,0,0,24965
1,1,1,1,1550,-1663,369,294,-234,-35,-13,21,54,0,0,0,0,0,0,0,0,0,0,0,0,0,0,0,0,0,0,0,0,0,0,24975
1,1,1,1,1528,-1683,342,276,-262,1,-11,23,55,0,0,0,0,0,0,0,0,0,0,0,0,0,0,0,0,0,0,0,0,0,0,24985
1,1,1,1,1460,-1728,315,259,-287,-1,-11,22,52,0,0,0,0,0,0,0,0,0,0,0,0,0,0,0,0,0,0,0,0,0,0,24995
1,1,1,1,1400,-1733,284,231,-307,-2,-9,22,53,0,0,0,0,0,0,0,0,0,0,0,0,0,0,0,0,0,0,0,0,0,0,25005
1,1,1,1,1362,-1712,275,232,-335,-2,-8,22,50,0,0,0,0,0,0,0,0,0,0,0,0,0,0,0,0,0,0,0,0,0,0,25015
1,1,1,1,1347,-1661,289,292,-382,23,-6,22,48,0,0,0,0,0,0,0,0,0,0,0,0,0,0,0,0,0,0,0,0,0,0,25025
1,1,1,1,1246,-1667,299,429,-367,33,-5,22,48,0,0,0,0,0,0,0,0,0,0,0,0,0,0,0,0,0,0,0,0,0,0,25035
1,1,1,1,1162,-1739,365,500,-367,24,-3,22,45,0,0,0,0,0,0,0,0,0,0,0,0,0,0,0,0,0,0,0,0,0,0,25045
1,1,1,1,1110,-1756,461,483,-369,38,-3,23,44,0,0,0,0,0,0,0,0,0,0,0,0,0,0,0,0,0,0,0,0,0,0,25055
1,1,1,1,1019,-1789,529,415,-345,48,-1,22,46,0,0,0,0,0,0,0,0,0,0,0,0,0,0,0,0,0,0,0,0,0,0,25065
1,1,1,1,954,-1870,552,332,-306,27,-2,22,45,0,0,0,0,0,0,0,0,0,0,0,0,0,0,0,0,0,0,0,0,0,0,25075
1,1,1,1,927,-1892,597,203,-271,-5,-7,22,48,0,0,0,0,0,0,0,0,0,0,0,0,0,0,0,0,0,0,0,0,0,0,25085
1,1,1,1,1032,-1876,585,102,-226,-47,-10,22,47,0,0,0,0,0,0,0,0,0,0,0,0,0,0,0,0,0,0,0,0,0,0,25095
1,1,1,1,1115,-1837,555,4,-153,-93,-12,25,47,0,0,0,0,0,0,0,0,0,0,0,0,0,0,0,0,0,0,0,0,0,0,25105
1,1,1,1,1150,-1767,550,-74,-90,-119,-9,17,48,0,0,0,0,0,0,0,0,0,0,0,0,0,0,0,0,0,0,0,0,0,0,25115
1,1,1,1,1196,-1679,559,-82,-38,-106,-11,24,53,0,0,0,0,0,0,0,0,0,0,0,0,0,0,0,0,0,0,0,0,0,0,25125
1,1,1,1,1208,-1665,534,-11,5,-85,-12,22,51,0,0,0,0,0,0,0,0,0,0,0,0,0,0,0,0,0,0,0,0,0,0,25135
1,1,1,1,1221,-1716,511,10,51,-72,-14,23,53,0,0,0,0,0,0,0,0,0,0,0,0,0,0,0,0,0,0,0,0,0,0,25145
1,1,1,1,1238,-1761,549,3,121,-59,-17,24,51,0,0,0,0,0,0,0,0,0,0,0,0,0,0,0,0,0,0,0,0,0,0,25155
1,1,1,1,1268,-1819,573,-96,172,-31,-17,21,53,0,0,0,0,0,0,0,0,0,0,0,0,0,0,0,0,0,0,0,0,0,0,25165
1,1,1,1,1264,-1818,576,-214,235,-4,-18,21,56,0,0,0,0,0,0,0,0,0,0,0,0,0,0,0,0,0,0,0,0,0,0,25175
1,1,1,1,1305,-1797,582,-298,314,15,-20,22,55,0,0,0,0,0,0,0,0,0,0,0,0,0,0,0,0,0,0,0,0,0,0,25185
1,1,1,1,1410,-1767,584,-391,391,52,-21,20,53,0,0,0,0,0,0,0,0,0,0,0,0,0,0,0,0,0,0,0,0,0,0,25195
1,1,1,1,1450,-1764,612,-446,409,76,-22,19,52,0,0,0,0,0,0,0,0,0,0,0,0,0,0,0,0,0,0,0,0,0,0,25205
1,1,1,1,1530,-1762,531,-475,450,76,-26,18,58,0,0,0,0,0,0,0,0,0,0,0,0,0,0,0,0,0,0,0,0,0,0,25215
1,1,1,1,1479,-1770,397,-463,512,61,-25,18,54,0,0,0,0,0,0,0,0,0,0,0,0,0,0,0,0,0,0,0,0,0,0,25225
1,1,1,1,1419,-1736,452,-433,452,67,-27,17,60,0,0,0,0,0,0,0,0,0,0,0,0,0,0,0,0,0,0,0,0,0,0,25235
1,1,1,1,1479,-1746,314,-404,422,83,-27,19,57,0,0,0,0,0,0,0,0,0,0,0,0,0,0,0,0,0,0,0,0,0,0,25245
1,1,1,1,1445,-1747,388,-380,329,85,-31,18,60,0,0,0,0,0,0,0,0,0,0,0,0,0,0,0,0,0,0,0,0,0,0,25255
1,1,1,1,1408,-1751,237,-349,298,91,-30,19,61,0,0,0,0,0,0,0,0,0,0,0,0,0,0,0,0,0,0,0,0,0,0,25265
1,1,1,1,1259,-1813,290,-348,279,83,-28,19,54,0,0,0,0,0,0,0,0,0,0,0,0,0,0,0,0,0,0,0,0,0,0,25275
1,1,1,1,1244,-1829,409,-417,186,130,-27,19,56,0,0,0,0,0,0,0,0,0,0,0,0,0,0,0,0,0,0,0,0,0,0,25285
1,1,1,1,1228,-1897,427,-518,105,104,-24,19,49,0,0,0,0,0,0,0,0,0,0,0,0,0,0,0,0,0,0,0,0,0,0,25295
1,1,1,1,1256,-1808,451,-677,30,160,-26,17,51,0,0,0,0,0,0,0,0,0,0,0,0,0,0,0,0,0,0,0,0,0,0,25305
1,1,1,1,1303,-1829,367,-782,36,181,-25,17,51,0,0,0,0,0,0,0,0,0,0,0,0,0,0,0,0,0,0,0,0,0,0,25315
1,1,1,1,1317,-1819,339,-750,33,133,-26,14,50,0,0,0,0,0,0,0,0,0,0,0,0,0,0,0,0,0,0,0,0,0,0,25325
1,1,1,1,1349,-1767,289,-718,32,140,-28,17,51,0,0,0,0,0,0,0,0,0,0,0,0,0,0,0,0,0,0,0,0,0,0,25335
1,1,1,1,1387,-1836,300,-708,0,119,-27,16,47,0,0,0,0,0,0,0,0,0,0,0,0,0,0,0,0,0,0,0,0,0,0,25345
1,1,1,1,1367,-1878,364,-737,-105,82,-29,16,50,0,0,0,0,0,0,0,0,0,0,0,0,0,0,0,0,0,0,0,0,0,0,25355
1,1,1,1,1415,-1955,295,-893,-111,85,-30,16,46,0,0,0,0,0,0,0,0,0,0,0,0,0,0,0,0,0,0,0,0,0,0,25365
1,1,1,1,1349,-1964,345,-1151,-106,49,-28,17,44,0,0,0,0,0,0,0,0,0,0,0,0,0,0,0,0,0,0,0,0,0,0,25375
1,1,1,1,1391,-1906,368,-1386,-191,93,-28,17,46,0,0,0,0,0,0,0,0,0,0,0,0,0,0,0,0,0,0,0,0,0,0,25385
1,1,1,1,1436,-1790,229,-1462,-228,109,-29,17,45,0,0,0,0,0,0,0,0,0,0,0,0,0,0,0,0,0,0,0,0,0,0,25395
1,1,1,1,1364,-1742,178,-1425,-246,121,-26,12,45,0,0,0,0,0,0,0,0,0,0,0,0,0,0,0,0,0,0,0,0,0,0,25405
1,1,1,1,1270,-1739,151,-1348,-229,115,-25,18,48,0,0,0,0,0,0,0,0,0,0,0,0,0,0,0,0,0,0,0,0,0,0,25415
1,1,1,1,1328,-1761,161,-1090,-252,44,-27,18,46,0,0,0,0,0,0,0,0,0,0,0,0,0,0,0,0,0,0,0,0,0,0,25425
1,1,1,1,1336,-1854,73,-1007,-281,-1,-24,16,46,0,0,0,0,0,0,0,0,0,0,0,0,0,0,0,0,0,0,0,0,0,0,25435
1,1,1,1,1393,-1777,-24,-960,-203,38,-24,12,44,0,0,0,0,0,0,0,0,0,0,0,0,0,0,0,0,0,0,0,0,0,0,25445
1,1,1,1,1357,-1895,13,-1045,-187,19,-26,17,43,0,0,0,0,0,0,0,0,0,0,0,0,0,0,0,0,0,0,0,0,0,0,25455
1,1,1,1,1433,-1952,26,-1241,-246,22,-22,16,36,0,0,0,0,0,0,0,0,0,0,0,0,0,0,0,0,0,0,0,0,0,0,25465
1,1,1,1,1471,-1962,18,-1537,-309,40,-26,16,37,0,0,0,0,0,0,0,0,0,0,0,0,0,0,0,0,0,0,0,0,0,0,25475
1,1,1,1,1380,-1895,-52,-1722,-300,26,-12,16,36,0,0,0,0,0,0,0,0,0,0,0,0,0,0,0,0,0,0,0,0,0,0,25485
1,1,1,1,1349,-1810,148,-1115,-259,0,-13,16,34,0,0,0,0,0,0,0,0,0,0,0,0,0,0,0,0,0,0,0,0,0,0,25495
1,1,1,1,1283,-1804,154,-638,-200,-23,-11,16,36,0,0,0,0,0,0,0,0,0,0,0,0,0,0,0,0,0,0,0,0,0,0,25505
1,1,1,1,1265,-1819,52,-462,-137,-22,-8,16,37,0,0,0,0,0,0,0,0,0,0,0,0,0,0,0,0,0,0,0,0,0,0,25515
1,1,1,1,1234,-1843,103,-123,-62,-53,-10,17,38,0,0,0,0,0,0,0,0,0,0,0,0,0,0,0,0,0,0,0,0,0,0,25525
1,1,1,1,1216,-1969,114,19,-34,-67,-10,16,36,0,0,0,0,0,0,0,0,0,0,0,0,0,0,0,0,0,0,0,0,0,0,25535
1,1,1,1,1255,-2049,78,-62,-28,-48,-11,15,32,0,0,0,0,0,0,0,0,0,0,0,0,0,0,0,0,0,0,0,0,0,0,25545
1,1,1,1,1313,-2021,2,-108,-5,-35,-10,15,34,0,0,0,0,0,0,0,0,0,0,0,0,0,0,0,0,0,0,0,0,0,0,25555
1,1,1,1,1414,-1919,-77,-83,-25,-33,-12,16,34,0,0,0,0,0,0,0,0,0,0,0,0,0,0,0,0,0,0,0,0,0,0,25565
1,1,1,1,1443,-1901,-133,-52,-45,-43,-12,17,35,0,0,0,0,0,0,0,0,0,0,0,0,0,0,0,0,0,0,0,0,0,0,25575
1,1,1,1,1365,-1963,-121,-74,-40,-58,-12,17,35,0,0,0,0,0,0,0,0,0,0,0,0,0,0,0,0,0,0,0,0,0,0,25585
1,1,1,1,1307,-1985,-95,-177,-42,-48,-11,17,31,0,0,0,0,0,0,0,0,0,0,0,0,0,0,0,0,0,0,0,0,0,0,25595
1,1,1,1,1290,-2017,-77,-332,-44,-43,-12,18,30,0,0,0,0,0,0,0,0,0,0,0,0,0,0,0,0,0,0,0,0,0,0,25605
1,1,1,1,1295,-2001,-34,-458,-38,-19,-11,18,27,0,0,0,0,0,0,0,0,0,0,0,0,0,0,0,0,0,0,0,0,0,0,25615
1,1,1,1,1328,-1960,46,-491,-32,27,-10,16,26,0,0,0,0,0,0,0,0,0,0,0,0,0,0,0,0,0,0,0,0,0,0,25625
1,1,1,1,1350,-1943,59,-520,-24,71,-11,16,26,0,0,0,0,0,0,0,0,0,0,0,0,0,0,0,0,0,0,0,0,0,0,25635
1,1,1,1,1317,-1961,1,-567,34,106,-10,16,26,0,0,0,0,0,0,0,0,0,0,0,0,0,0,0,0,0,0,0,0,0,0,25645
1,1,1,1,1320,-2003,-8,-681,62,157,-12,16,20,0,0,0,0,0,0,0,0,0,0,0,0,0,0,0,0,0,0,0,0,0,0,25655
1,1,1,1,1330,-2042,27,-868,16,226,-9,16,23,0,0,0,0,0,0,0,0,0,0,0,0,0,0,0,0,0,0,0,0,0,0,25665
1,1,1,1,1306,-2096,-37,-1037,-23,277,-4,17,21,0,0,0,0,0,0,0,0,0,0,0,0,0,0,0,0,0,0,0,0,0,0,25675
1,1,1,1,1254,-2165,-28,-808,-47,315,-9,17,19,0,0,0,0,0,0,0,0,0,0,0,0,0,0,0,0,0,0,0,0,0,0,25685
1,1,1,1,1237,-2166,65,-1059,-243,297,-6,15,17,0,0,0,0,0,0,0,0,0,0,0,0,0,0,0,0,0,0,0,0,0,0,25695
1,1,1,1,1161,-1849,-50,-1100,-457,388,-13,18,19,0,0,0,0,0,0,0,0,0,0,0,0,0,0,0,0,0,0,0,0,0,0,25705
1,1,1,1,1225,-2057,-559,-809,102,288,-17,22,18,0,0,0,0,0,0,0,0,0,0,0,0,0,0,0,0,0,0,0,0,0,0,25715
1,1,1,1,1425,-2069,254,-1621,-477,344,-9,16,26,0,0,0,0,0,0,0,0,0,0,0,0,0,0,0,0,0,0,0,0,0,0,25725
1,1,1,1,1185,-2146,-524,-1328,-342,246,-17,19,28,0,0,0,0,0,0,0,0,0,0,0,0,0,0,0,0,0,0,0,0,0,0,25735
1,1,1,1,1224,-2120,-410,-1410,-172,211,-15,15,25,0,0,0,0,0,0,0,0,0,0,0,0,0,0,0,0,0,0,0,0,0,0,25745
1,1,1,1,1239,-2184,-311,-1700,-213,204,-17,17,27,0,0,0,0,0,0,0,0,0,0,0,0,0,0,0,0,0,0,0,0,0,0,25755
1,1,1,1,1313,-2232,-293,-1909,-266,220,-17,18,26,0,0,0,0,0,0,0,0,0,0,0,0,0,0,0,0,0,0,0,0,0,0,25765
1,1,1,1,1390,-2210,-384,-2584,-382,220,-16,14,24,0,0,0,0,0,0,0,0,0,0,0,0,0,0,0,0,0,0,0,0,0,0,25785
1,1,1,1,1339,-2103,-401,-2759,-383,204,-12,15,21,0,0,0,0,0,0,0,0,0,0,0,0,0,0,0,0,0,0,0,0,0,0,25795
1,1,1,1,1280,-1925,-323,-2434,-367,131,-7,14,22,0,0,0,0,0,0,0,0,0,0,0,0,0,0,0,0,0,0,0,0,0,0,25805
1,1,1,1,1207,-1851,-277,-1888,-437,57,-11,14,23,0,0,0,0,0,0,0,0,0,0,0,0,0,0,0,0,0,0,0,0,0,0,25815
1,1,1,1,1237,-1960,-364,-1750,-496,38,-12,14,26,0,0,0,0,0,0,0,0,0,0,0,0,0,0,0,0,0,0,0,0,0,0,25825
1,1,1,1,1261,-2162,-515,-1713,-586,29,-16,14,30,0,0,0,0,0,0,0,0,0,0,0,0,0,0,0,0,0,0,0,0,0,0,25835
1,1,1,1,1215,-2248,-764,-1759,-529,5,-18,12,28,0,0,0,0,0,0,0,0,0,0,0,0,0,0,0,0,0,0,0,0,0,0,25845
1,1,1,1,1206,-2170,-903,-1790,-384,21,-21,13,31,0,0,0,0,0,0,0,0,0,0,0,0,0,0,0,0,0,0,0,0,0,0,25855
1,1,1,1,1319,-2160,-921,-1857,-351,-20,-21,13,28,0,0,0,0,0,0,0,0,0,0,0,0,0,0,0,0,0,0,0,0,0,0,25865
1,1,1,1,1482,-2149,-868,-2076,-446,-44,-19,15,26,0,0,0,0,0,0,0,0,0,0,0,0,0,0,0,0,0,0,0,0,0,0,25875
1,1,1,1,1607,-2102,-635,-2387,-697,-25,-16,15,22,0,0,0,0,0,0,0,0,0,0,0,0,0,0,0,0,0,0,0,0,0,0,25885
1,1,1,1,1616,-1943,-574,-2486,-925,28,-11,13,23,0,0,0,0,0,0,0,0,0,0,0,0,0,0,0,0,0,0,0,0,0,0,25895
1,1,1,1,1526,-1809,-643,-1999,-855,77,-9,13,22,0,0,0,0,0,0,0,0,0,0,0,0,0,0,0,0,0,0,0,0,0,0,25905
1,1,1,1,1387,-1964,-713,-1435,-723,151,-16,13,27,0,0,0,0,0,0,0,0,0,0,0,0,0,0,0,0,0,0,0,0,0,0,25915
1,1,1,1,1337,-2239,-947,-1529,-633,212,-19,14,27,0,0,0,0,0,0,0,0,0,0,0,0,0,0,0,0,0,0,0,0,0,0,25925
1,1,1,1,1298,-2227,-978,-1769,-593,202,-16,15,28,0,0,0,0,0,0,0,0,0,0,0,0,0,0,0,0,0,0,0,0,0,0,25935
1,1,1,1,1243,-2074,-919,-1774,-696,153,-16,15,28,0,0,0,0,0,0,0,0,0,0,0,0,0,0,0,0,0,0,0,0,0,0,25945
1,1,1,1,1246,-2011,-987,-1622,-788,41,-12,14,25,0,0,0,0,0,0,0,0,0,0,0,0,0,0,0,0,0,0,0,0,0,0,25955
1,1,1,1,1263,-1995,-1031,-1375,-927,-31,-12,14,19,0,0,0,0,0,0,0,0,0,0,0,0,0,0,0,0,0,0,0,0,0,0,25965
1,1,1,1,1453,-1721,-1028,-1345,-1075,3,-10,13,22,0,0,0,0,0,0,0,0,0,0,0,0,0,0,0,0,0,0,0,0,0,0,25975
1,1,1,1,1400,-1739,-1065,-1236,-1194,22,-11,13,22,0,0,0,0,0,0,0,0,0,0,0,0,0,0,0,0,0,0,0,0,0,0,25985
1,1,1,1,1280,-1810,-1042,-1060,-1252,5,-12,13,22,0,0,0,0,0,0,0,0,0,0,0,0,0,0,0,0,0,0,0,0,0,0,25995
1,1,1,1,1202,-1793,-1186,-903,-1149,33,-13,12,23,0,0,0,0,0,0,0,0,0,0,0,0,0,0,0,0,0,0,0,0,0,0,26005
1,1,1,1,1215,-1870,-1250,-964,-1023,93,-18,13,16,0,0,0,0,0,0,0,0,0,0,0,0,0,0,0,0,0,0,0,0,0,0,26015
1,1,1,1,1143,-1769,-1388,-1220,-871,279,-17,12,17,0,0,0,0,0,0,0,0,0,0,0,0,0,0,0,0,0,0,0,0,0,0,26025
1,1,1,1,956,-1685,-1525,-1222,-612,443,-18,7,18,0,0,0,0,0,0,0,0,0,0,0,0,0,0,0,0,0,0,0,0,0,0,26035
1,1,1,1,944,-1786,-1487,-1360,-467,552,-20,11,20,0,0,0,0,0,0,0,0,0,0,0,0,0,0,0,0,0,0,0,0,0,0,26045
1,1,1,1,988,-1896,-1436,-1540,-405,513,-16,10,28,0,0,0,0,0,0,0,0,0,0,0,0,0,0,0,0,0,0,0,0,0,0,26055
1,1,1,1,1023,-1865,-1381,-1314,-403,234,-17,11,30,0,0,0,0,0,0,0,0,0,0,0,0,0,0,0,0,0,0,0,0,0,0,26065
1,1,1,1,1062,-1772,-1283,-1200,-567,52,-21,12,32,0,0,0,0,0,0,0,0,0,0,0,0,0,0,0,0,0,0,0,0,0,0,26075
1,1,1,1,1059,-1769,-1439,-1402,-683,34,-24,8,35,0,0,0,0,0,0,0,0,0,0,0,0,0,0,0,0,0,0,0,0,0,0,26085
1,1,1,1,847,-1809,-1708,-1681,-557,84,-28,6,32,0,0,0,0,0,0,0,0,0,0,0,0,0,0,0,0,0,0,0,0,0,0,26095
1,1,1,1,720,-1754,-1652,-1879,-451,194,-29,7,40,0,0,0,0,0,0,0,0,0,0,0,0,0,0,0,0,0,0,0,0,0,0,26105
1,1,1,1,1126,-1667,-1663,-1878,-453,103,-28,7,40,0,0,0,0,0,0,0,0,0,0,0,0,0,0,0,0,0,0,0,0,0,0,26115
1,1,1,1,1043,-1575,-1632,-1888,-465,39,-26,5,39,0,0,0,0,0,0,0,0,0,0,0,0,0,0,0,0,0,0,0,0,0,0,26125
1,1,1,1,1067,-1638,-1575,-1825,-492,-46,-29,4,37,0,0,0,0,0,0,0,0,0,0,0,0,0,0,0,0,0,0,0,0,0,0,26135
1,1,1,1,1061,-1634,-1708,-1825,-514,-133,-29,2,35,0,0,0,0,0,0,0,0,0,0,0,0,0,0,0,0,0,0,0,0,0,0,26145
1,1,1,1,1071,-1538,-1744,-1819,-478,-214,-30,1,34,0,0,0,0,0,0,0,0,0,0,0,0,0,0,0,0,0,0,0,0,0,0,26155
1,1,1,1,1144,-1544,-1688,-1803,-471,-250,-26,-2,31,0,0,0,0,0,0,0,0,0,0,0,0,0,0,0,0,0,0,0,0,0,0,26165
1,1,1,1,1166,-1551,-1767,-1638,-474,-268,-26,-2,27,0,0,0,0,0,0,0,0,0,0,0,0,0,0,0,0,0,0,0,0,0,0,26175
1,1,1,1,1151,-1512,-1811,-1455,-448,-296,-24,-3,23,0,0,0,0,0,0,0,0,0,0,0,0,0,0,0,0,0,0,0,0,0,0,26185
1,1,1,1,1151,-1461,-1816,-1313,-432,-322,-23,-5,22,0,0,0,0,0,0,0,0,0,0,0,0,0,0,0,0,0,0,0,0,0,0,26195
1,1,1,1,1109,-1393,-1853,-1117,-445,-334,-23,-6,19,0,0,0,0,0,0,0,0,0,0,0,0,0,0,0,0,0,0,0,0,0,0,26205
1,1,1,1,1088,-1379,-1937,-967,-427,-375,-22,-6,21,0,0,0,0,0,0,0,0,0,0,0,0,0,0,0,0,0,0,0,0,0,0,26215
1,1,1,1,1067,-1364,-2016,-755,-396,-462,-22,-7,17,0,0,0,0,0,0,0,0,0,0,0,0,0,0,0,0,0,0,0,0,0,0,26225
1,1,1,1,1082,-1257,-1992,-548,-372,-477,-24,-7,15,0,0,0,0,0,0,0,0,0,0,0,0,0,0,0,0,0,0,0,0,0,0,26235
1,1,1,1,1066,-1247,-2035,-451,-383,-428,-22,-6,20,0,0,0,0,0,0,0,0,0,0,0,0,0,0,0,0,0,0,0,0,0,0,26245
1,1,1,1,1060,-1411,-2069,-335,-350,-484,-19,-5,19,0,0,0,0,0,0,0,0,0,0,0,0,0,0,0,0,0,0,0,0,0,0,26255
1,1,1,1,1105,-1408,-1944,-221,-346,-528,-16,-5,17,0,0,0,0,0,0,0,0,0,0,0,0,0,0,0,0,0,0,0,0,0,0,26265
1,1,1,1,1186,-1387,-1849,-213,-390,-544,-18,-4,16,0,0,0,0,0,0,0,0,0,0,0,0,0,0,0,0,0,0,0,0,0,0,26275
1,1,1,1,1155,-1365,-1849,-164,-422,-566,-15,-4,21,0,0,0,0,0,0,0,0,0,0,0,0,0,0,0,0,0,0,0,0,0,0,26285
1,1,1,1,1164,-1302,-1830,59,-397,-618,-15,-4,20,0,0,0,0,0,0,0,0,0,0,0,0,0,0,0,0,0,0,0,0,0,0,26295
1,1,1,1,1184,-1216,-1820,297,-428,-621,-18,-2,25,0,0,0,0,0,0,0,0,0,0,0,0,0,0,0,0,0,0,0,0,0,0,26305
1,1,1,1,1095,-1213,-1977,452,-416,-613,-15,-2,31,0,0,0,0,0,0,0,0,0,0,0,0,0,0,0,0,0,0,0,0,0,0,26315
1,1,1,1,993,-1261,-1979,666,-375,-628,-16,-3,32,0,0,0,0,0,0,0,0,0,0,0,0,0,0,0,0,0,0,0,0,0,0,26325
1,1,1,1,895,-1310,-1925,694,-385,-605,-16,-2,34,0,0,0,0,0,0,0,0,0,0,0,0,0,0,0,0,0,0,0,0,0,0,26335
1,1,1,1,794,-1451,-1996,730,-293,-687,-17,-1,35,0,0,0,0,0,0,0,0,0,0,0,0,0,0,0,0,0,0,0,0,0,0,26345
1,1,1,1,744,-1488,-1918,628,-225,-694,-16,-3,34,0,0,0,0,0,0,0,0,0,0,0,0,0,0,0,0,0,0,0,0,0,0,26355
1,1,1,1,688,-1520,-1903,486,-167,-624,-20,0,32,0,0,0,0,0,0,0,0,0,0,0,0,0,0,0,0,0,0,0,0,0,0,26365
1,1,1,1,704,-1580,-1839,349,-141,-590,-16,0,31,0,0,0,0,0,0,0,0,0,0,0,0,0,0,0,0,0,0,0,0,0,0,26375
1,1,1,1,749,-1558,-1735,315,-110,-595,-15,3,35,0,0,0,0,0,0,0,0,0,0,0,0,0,0,0,0,0,0,0,0,0,0,26385
1,1,1,1,806,-1523,-1721,316,-108,-588,-16,4,36,0,0,0,0,0,0,0,0,0,0,0,0,0,0,0,0,0,0,0,0,0,0,26395
1,1,1,1,835,-1471,-1755,352,-144,-595,-15,5,37,0,0,0,0,0,0,0,0,0,0,0,0,0,0,0,0,0,0,0,0,0,0,26405
1,1,1,1,849,-1450,-1838,357,-155,-576,-16,4,36,0,0,0,0,0,0,0,0,0,0,0,0,0,0,0,0,0,0,0,0,0,0,26415
1,1,1,1,851,-1480,-1910,397,-131,-563,-14,5,39,0,0,0,0,0,0,0,0,0,0,0,0,0,0,0,0,0,0,0,0,0,0,26425
1,1,1,1,924,-1511,-1865,339,-123,-545,-16,5,40,0,0,0,0,0,0,0,0,0,0,0,0,0,0,0,0,0,0,0,0,0,0,26435
1,1,1,1,1007,-1615,-1835,161,-112,-514,-16,6,38,0,0,0,0,0,0,0,0,0,0,0,0,0,0,0,0,0,0,0,0,0,0,26445
1,1,1,1,1022,-1543,-1809,35,-86,-461,-16,8,42,0,0,0,0,0,0,0,0,0,0,0,0,0,0,0,0,0,0,0,0,0,0,26455
1,1,1,1,1039,-1507,-1816,6,-42,-422,-16,9,44,0,0,0,0,0,0,0,0,0,0,0,0,0,0,0,0,0,0,0,0,0,0,26465
1,1,1,1,1050,-1481,-1853,48,-14,-400,-14,11,43,0,0,0,0,0,0,0,0,0,0,0,0,0,0,0,0,0,0,0,0,0,0,26475
1,1,1,1,1028,-1442,-1873,130,3,-399,-12,14,46,0,0,0,0,0,0,0,0,0,0,0,0,0,0,0,0,0,0,0,0,0,0,26485
1,1,1,1,989,-1431,-1891,265,21,-392,-12,17,49,0,0,0,0,0,0,0,0,0,0,0,0,0,0,0,0,0,0,0,0,0,0,26495
1,1,1,1,970,-1445,-1916,399,26,-384,-11,19,48,0,0,0,0,0,0,0,0,0,0,0,0,0,0,0,0,0,0,0,0,0,0,26505
1,1,1,1,930,-1482,-1910,470,24,-355,-13,21,50,0,0,0,0,0,0,0,0,0,0,0,0,0,0,0,0,0,0,0,0,0,0,26515
1,1,1,1,883,-1566,-1876,439,38,-287,-11,23,53,0,0,0,0,0,0,0,0,0,0,0,0,0,0,0,0,0,0,0,0,0,0,26525
1,1,1,1,842,-1634,-1795,368,52,-223,-13,25,55,0,0,0,0,0,0,0,0,0,0,0,0,0,0,0,0,0,0,0,0,0,0,26535
1,1,1,1,824,-1704,-1746,252,65,-158,-12,27,58,0,0,0,0,0,0,0,0,0,0,0,0,0,0,0,0,0,0,0,0,0,0,26545
1,1,1,1,844,-1730,-1762,151,83,-81,-13,28,56,0,0,0,0,0,0,0,0,0,0,0,0,0,0,0,0,0,0,0,0,0,0,26555
1,1,1,1,878,-1638,-1749,140,121,11,-8,29,58,0,0,0,0,0,0,0,0,0,0,0,0,0,0,0,0,0,0,0,0,0,0,26565
1,1,1,1,965,-1518,-1773,241,167,67,-6,31,56,0,0,0,0,0,0,0,0,0,0,0,0,0,0,0,0,0,0,0,0,0,0,26575
1,1,1,1,1079,-1456,-1841,427,220,98,-6,32,59,0,0,0,0,0,0,0,0,0,0,0,0,0,0,0,0,0,0,0,0,0,0,26585
1,1,1,1,1139,-1402,-1827,607,258,148,-4,33,59,0,0,0,0,0,0,0,0,0,0,0,0,0,0,0,0,0,0,0,0,0,0,26595
1,1,1,1,1195,-1486,-1776,662,267,210,-4,34,54,0,0,0,0,0,0,0,0,0,0,0,0,0,0,0,0,0,0,0,0,0,0,26605
1,1,1,1,1229,-1590,-1665,518,233,293,-3,32,54,0,0,0,0,0,0,0,0,0,0,0,0,0,0,0,0,0,0,0,0,0,0,26615
1,1,1,1,1309,-1707,-1633,345,211,343,-5,34,56,0,0,0,0,0,0,0,0,0,0,0,0,0,0,0,0,0,0,0,0,0,0,26625
1,1,1,1,1401,-1752,-1640,151,175,293,-6,31,54,0,0,0,0,0,0,0,0,0,0,0,0,0,0,0,0,0,0,0,0,0,0,26635
1,1,1,1,1506,-1708,-1632,-61,104,295,-7,34,58,0,0,0,0,0,0,0,0,0,0,0,0,0,0,0,0,0,0,0,0,0,0,26645
1,1,1,1,1518,-1573,-1743,-59,112,257,-8,35,62,0,0,0,0,0,0,0,0,0,0,0,0,0,0,0,0,0,0,0,0,0,0,26655
1,1,1,1,1566,-1468,-1846,85,145,224,-10,39,69,0,0,0,0,0,0,0,0,0,0,0,0,0,0,0,0,0,0,0,0,0,0,26665
1,1,1,1,1551,-1439,-1918,244,162,171,-7,35,72,0,0,0,0,0,0,0,0,0,0,0,0,0,0,0,0,0,0,0,0,0,0,26675
1,1,1,1,1410,-1459,-1891,372,156,118,-7,38,78,0,0,0,0,0,0,0,0,0,0,0,0,0,0,0,0,0,0,0,0,0,0,26685
1,1,1,1,1294,-1536,-1839,378,118,61,-8,38,77,0,0,0,0,0,0,0,0,0,0,0,0,0,0,0,0,0,0,0,0,0,0,26695
1,1,1,1,1169,-1560,-1822,285,106,64,-9,41,81,0,0,0,0,0,0,0,0,0,0,0,0,0,0,0,0,0,0,0,0,0,0,26705
1,1,1,1,1088,-1584,-1763,154,123,104,-9,40,80,0,0,0,0,0,0,0,0,0,0,0,0,0,0,0,0,0,0,0,0,0,0,26715
1,1,1,1,1051,-1685,-1750,-23,103,139,-9,40,83,0,0,0,0,0,0,0,0,0,0,0,0,0,0,0,0,0,0,0,0,0,0,26725
1,1,1,1,1001,-1634,-1756,-200,82,172,-9,42,85,0,0,0,0,0,0,0,0,0,0,0,0,0,0,0,0,0,0,0,0,0,0,26735
1,1,1,1,1002,-1523,-1740,-184,77,164,-8,42,84,0,0,0,0,0,0,0,0,0,0,0,0,0,0,0,0,0,0,0,0,0,0,26745
1,1,1,1,1072,-1462,-1774,-71,41,115,-9,42,91,0,0,0,0,0,0,0,0,0,0,0,0,0,0,0,0,0,0,0,0,0,0,26755
1,1,1,1,1098,-1466,-1788,46,6,80,-12,42,89,0,0,0,0,0,0,0,0,0,0,0,0,0,0,0,0,0,0,0,0,0,0,26765
1,1,1,1,1086,-1582,-1785,47,-21,70,-11,43,93,0,0,0,0,0,0,0,0,0,0,0,0,0,0,0,0,0,0,0,0,0,0,26775
1,1,1,1,1073,-1637,-1736,-8,-30,75,-14,43,94,0,0,0,0,0,0,0,0,0,0,0,0,0,0,0,0,0,0,0,0,0,0,26785
1,1,1,1,1099,-1701,-1716,-124,-52,72,-16,44,98,0,0,0,0,0,0,0,0,0,0,0,0,0,0,0,0,0,0,0,0,0,0,26795
1,1,1,1,1115,-1687,-1699,-287,-64,79,-16,44,98,0,0,0,0,0,0,0,0,0,0,0,0,0,0,0,0,0,0,0,0,0,0,26805
1,1,1,1,1141,-1662,-1690,-423,-49,116,-18,45,98,0,0,0,0,0,0,0,0,0,0,0,0,0,0,0,0,0,0,0,0,0,0,26815
1,1,1,1,1170,-1633,-1718,-505,-66,129,-17,46,105,0,0,0,0,0,0,0,0,0,0,0,0,0,0,0,0,0,0,0,0,0,0,26825
1,1,1,1,1210,-1542,-1724,-443,-165,77,-22,46,106,0,0,0,0,0,0,0,0,0,0,0,0,0,0,0,0,0,0,0,0,0,0,26835
1,1,1,1,1242,-1478,-1773,-346,-306,22,-20,46,110,0,0,0,0,0,0,0,0,0,0,0,0,0,0,0,0,0,0,0,0,0,0,26845
1,1,1,1,1235,-1374,-1801,-279,-393,22,-21,47,110,0,0,0,0,0,0,0,0,0,0,0,0,0,0,0,0,0,0,0,0,0,0,26855
1,1,1,1,1141,-1343,-1918,-206,-354,60,-20,45,110,0,0,0,0,0,0,0,0,0,0,0,0,0,0,0,0,0,0,0,0,0,0,26865
1,1,1,1,1011,-1325,-1981,-135,-261,85,-21,47,116,0,0,0,0,0,0,0,0,0,0,0,0,0,0,0,0,0,0,0,0,0,0,26875
1,1,1,1,877,-1358,-2028,-42,-114,92,-21,48,114,0,0,0,0,0,0,0,0,0,0,0,0,0,0,0,0,0,0,0,0,0,0,26885
1,1,1,1,779,-1390,-1973,45,-31,48,-21,48,111,0,0,0,0,0,0,0,0,0,0,0,0,0,0,0,0,0,0,0,0,0,0,26895
1,1,1,1,713,-1405,-1917,130,15,-12,-17,48,111,0,0,0,0,0,0,0,0,0,0,0,0,0,0,0,0,0,0,0,0,0,0,26905
1,1,1,1,692,-1453,-1874,182,35,-66,-16,45,107,0,0,0,0,0,0,0,0,0,0,0,0,0,0,0,0,0,0,0,0,0,0,26915
1,1,1,1,706,-1497,-1848,181,69,-81,-14,50,104,0,0,0,0,0,0,0,0,0,0,0,0,0,0,0,0,0,0,0,0,0,0,26925
1,1,1,1,705,-1562,-1812,135,111,-69,-12,48,101,0,0,0,0,0,0,0,0,0,0,0,0,0,0,0,0,0,0,0,0,0,0,26935
1,1,1,1,657,-1590,-1826,101,167,-47,-12,51,99,0,0,0,0,0,0,0,0,0,0,0,0,0,0,0,0,0,0,0,0,0,0,26945
1,1,1,1,591,-1552,-1887,78,275,27,-9,47,96,0,0,0,0,0,0,0,0,0,0,0,0,0,0,0,0,0,0,0,0,0,0,26955
1,1,1,1,590,-1515,-1917,49,465,179,-9,50,87,0,0,0,0,0,0,0,0,0,0,0,0,0,0,0,0,0,0,0,0,0,0,26965
1,1,1,1,687,-1451,-1885,52,638,409,-4,49,80,0,0,0,0,0,0,0,0,0,0,0,0,0,0,0,0,0,0,0,0,0,0,26975
1,1,1,1,925,-1371,-1742,141,638,635,-1,50,79,0,0,0,0,0,0,0,0,0,0,0,0,0,0,0,0,0,0,0,0,0,0,26985
1,1,1,1,1346,-1496,-1523,256,397,623,2,51,80,0,0,0,0,0,0,0,0,0,0,0,0,0,0,0,0,0,0,0,0,0,0,26995
1,1,1,1,1706,-1804,-1428,276,98,231,2,52,83,0,0,0,0,0,0,0,0,0,0,0,0,0,0,0,0,0,0,0,0,0,0,27005
1,1,1,1,1602,-1816,-1577,213,-33,-76,1,51,80,0,0,0,0,0,0,0,0,0,0,0,0,0,0,0,0,0,0,0,0,0,0,27015
1,1,1,1,1395,-1585,-1734,143,-7,6,-1,51,83,0,0,0,0,0,0,0,0,0,0,0,0,0,0,0,0,0,0,0,0,0,0,27025
1,1,1,1,1403,-1620,-1739,105,38,86,-3,51,85,0,0,0,0,0,0,0,0,0,0,0,0,0,0,0,0,0,0,0,0,0,0,27035
1,1,1,1,1386,-1687,-1731,60,47,35,-5,50,87,0,0,0,0,0,0,0,0,0,0,0,0,0,0,0,0,0,0,0,0,0,0,27045
1,1,1,1,1249,-1601,-1799,18,42,16,-7,51,90,0,0,0,0,0,0,0,0,0,0,0,0,0,0,0,0,0,0,0,0,0,0,27055
1,1,1,1,1175,-1544,-1839,-7,59,30,-6,51,91,0,0,0,0,0,0,0,0,0,0,0,0,0,0,0,0,0,0,0,0,0,0,27065
1,1,1,1,1116,-1508,-1830,-22,45,24,-6,51,93,0,0,0,0,0,0,0,0,0,0,0,0,0,0,0,0,0,0,0,0,0,0,27075
1,1,1,1,1019,-1501,-1840,17,12,-13,-7,51,88,0,0,0,0,0,0,0,0,0,0,0,0,0,0,0,0,0,0,0,0,0,0,27085
1,1,1,1,983,-1497,-1832,76,-40,-61,-5,51,94,0,0,0,0,0,0,0,0,0,0,0,0,0,0,0,0,0,0,0,0,0,0,27095
1,1,1,1,964,-1509,-1796,111,-66,-80,-4,50,91,0,0,0,0,0,0,0,0,0,0,0,0,0,0,0,0,0,0,0,0,0,0,27105
1,1,1,1,952,-1562,-1758,95,-66,-66,-5,51,89,0,0,0,0,0,0,0,0,0,0,0,0,0,0,0,0,0,0,0,0,0,0,27115
1,1,1,1,935,-1595,-1726,65,-59,-61,-5,50,89,0,0,0,0,0,0,0,0,0,0,0,0,0,0,0,0,0,0,0,0,0,0,27125
1,1,1,1,935,-1595,-1726,37,-18,-45,-6,50,90,0,0,0,0,0,0,0,0,0,0,0,0,0,0,0,0,0,0,0,0,0,0,27135
1,1,1,1,945,-1643,-1720,18,54,-7,-4,50,85,0,0,0,0,0,0,0,0,0,0,0,0,0,0,0,0,0,0,0,0,0,0,27145
1,1,1,1,1011,-1648,-1691,8,68,23,-3,50,85,0,0,0,0,0,0,0,0,0,0,0,0,0,0,0,0,0,0,0,0,0,0,27155
1,1,1,1,1037,-1647,-1683,20,80,18,-4,50,85,0,0,0,0,0,0,0,0,0,0,0,0,0,0,0,0,0,0,0,0,0,0,27165
1,1,1,1,1117,-1628,-1725,16,111,58,-2,50,83,0,0,0,0,0,0,0,0,0,0,0,0,0,0,0,0,0,0,0,0,0,0,27175
1,1,1,1,1088,-1630,-1757,20,129,78,-4,50,86,0,0,0,0,0,0,0,0,0,0,0,0,0,0,0,0,0,0,0,0,0,0,27185
1,1,1,1,1080,-1629,-1749,12,133,102,-4,49,82,0,0,0,0,0,0,0,0,0,0,0,0,0,0,0,0,0,0,0,0,0,0,27195
1,1,1,1,1090,-1611,-1755,-11,133,129,-5,50,82,0,0,0,0,0,0,0,0,0,0,0,0,0,0,0,0,0,0,0,0,0,0,27205
1,1,1,1,1062,-1625,-1763,-47,142,132,-6,49,82,0,0,0,0,0,0,0,0,0,0,0,0,0,0,0,0,0,0,0,0,0,0,27215
1,1,1,1,1060,-1636,-1733,-107,133,138,-4,50,81,0,0,0,0,0,0,0,0,0,0,0,0,0,0,0,0,0,0,0,0,0,0,27225
1,1,1,1,1125,-1619,-1713,-150,104,156,-6,50,82,0,0,0,0,0,0,0,0,0,0,0,0,0,0,0,0,0,0,0,0,0,0,27235
1,1,1,1,1196,-1615,-1702,-163,65,152,-4,49,83,0,0,0,0,0,0,0,0,0,0,0,0,0,0,0,0,0,0,0,0,0,0,27245
1,1,1,1,1300,-1595,-1743,-152,41,147,-6,51,83,0,0,0,0,0,0,0,0,0,0,0,0,0,0,0,0,0,0,0,0,0,0,27255
1,1,1,1,1376,-1585,-1797,-110,47,116,-5,49,84,0,0,0,0,0,0,0,0,0,0,0,0,0,0,0,0,0,0,0,0,0,0,27265
1,1,1,1,1417,-1595,-1817,-95,41,96,-7,51,87,0,0,0,0,0,0,0,0,0,0,0,0,0,0,0,0,0,0,0,0,0,0,27275
1,1,1,1,1312,-1616,-1851,-94,62,66,-9,50,93,0,0,0,0,0,0,0,0,0,0,0,0,0,0,0,0,0,0,0,0,0,0,27285
1,1,1,1,1251,-1616,-1824,-135,69,50,-8,49,91,0,0,0,0,0,0,0,0,0,0,0,0,0,0,0,0,0,0,0,0,0,0,27295
1,1,1,1,1198,-1583,-1812,-166,88,50,-7,50,94,0,0,0,0,0,0,0,0,0,0,0,0,0,0,0,0,0,0,0,0,0,0,27305
1,1,1,1,1179,-1516,-1764,-155,53,7,-5,52,94,0,0,0,0,0,0,0,0,0,0,0,0,0,0,0,0,0,0,0,0,0,0,27325
1,1,1,1,1197,-1475,-1748,-114,26,-17,-10,52,98,0,0,0,0,0,0,0,0,0,0,0,0,0,0,0,0,0,0,0,0,0,0,27335
1,1,1,1,1169,-1503,-1774,-68,-13,-53,-8,52,104,0,0,0,0,0,0,0,0,0,0,0,0,0,0,0,0,0,0,0,0,0,0,27345
1,1,1,1,1136,-1533,-1753,-32,-41,-84,-11,52,105,0,0,0,0,0,0,0,0,0,0,0,0,0,0,0,0,0,0,0,0,0,0,27355
1,1,1,1,1149,-1580,-1732,-40,-65,-101,-12,51,104,0,0,0,0,0,0,0,0,0,0,0,0,0,0,0,0,0,0,0,0,0,0,27365
1,1,1,1,1141,-1580,-1744,-36,-79,-129,-15,52,104,0,0,0,0,0,0,0,0,0,0,0,0,0,0,0,0,0,0,0,0,0,0,27375
1,1,1,1,1160,-1533,-1746,-29,-103,-119,-14,51,108,0,0,0,0,0,0,0,0,0,0,0,0,0,0,0,0,0,0,0,0,0,0,27385
1,1,1,1,1165,-1526,-1791,-10,-99,-132,-16,53,107,0,0,0,0,0,0,0,0,0,0,0,0,0,0,0,0,0,0,0,0,0,0,27395
1,1,1,1,1165,-1489,-1770,-5,-117,-108,-17,52,108,0,0,0,0,0,0,0,0,0,0,0,0,0,0,0,0,0,0,0,0,0,0,27405
1,1,1,1,1161,-1496,-1765,-9,-129,-83,-18,52,110,0,0,0,0,0,0,0,0,0,0,0,0,0,0,0,0,0,0,0,0,0,0,27415
1,1,1,1,1155,-1529,-1735,-61,-177,-46,-18,52,113,0,0,0,0,0,0,0,0,0,0,0,0,0,0,0,0,0,0,0,0,0,0,27425
1,1,1,1,1128,-1556,-1723,-116,-227,-32,-19,53,111,0,0,0,0,0,0,0,0,0,0,0,0,0,0,0,0,0,0,0,0,0,0,27435
1,1,1,1,1092,-1524,-1756,-127,-231,11,-20,53,112,0,0,0,0,0,0,0,0,0,0,0,0,0,0,0,0,0,0,0,0,0,0,27445
1,1,1,1,1049,-1511,-1778,-67,-228,28,-21,53,112,0,0,0,0,0,0,0,0,0,0,0,0,0,0,0,0,0,0,0,0,0,0,27455
1,1,1,1,960,-1517,-1805,-42,-215,37,-15,52,111,0,0,0,0,0,0,0,0,0,0,0,0,0,0,0,0,0,0,0,0,0,0,27465
1,1,1,1,853,-1547,-1857,-55,-150,47,-16,53,112,0,0,0,0,0,0,0,0,0,0,0,0,0,0,0,0,0,0,0,0,0,0,27475
1,1,1,1,747,-1557,-1856,-55,-100,25,-17,52,112,0,0,0,0,0,0,0,0,0,0,0,0,0,0,0,0,0,0,0,0,0,0,27485
1,1,1,1,670,-1565,-1851,-69,-56,-20,-18,53,114,0,0,0,0,0,0,0,0,0,0,0,0,0,0,0,0,0,0,0,0,0,0,27495
1,1,1,1,671,-1556,-1832,-95,-32,-49,-18,53,113,0,0,0,0,0,0,0,0,0,0,0,0,0,0,0,0,0,0,0,0,0,0,27505
1,1,1,1,726,-1534,-1817,-124,-14,-66,-19,51,113,0,0,0,0,0,0,0,0,0,0,0,0,0,0,0,0,0,0,0,0,0,0,27515
1,1,1,1,835,-1537,-1838,-139,16,-108,-20,53,112,0,0,0,0,0,0,0,0,0,0,0,0,0,0,0,0,0,0,0,0,0,0,27525
1,1,1,1,910,-1496,-1816,-124,46,-128,-19,55,113,0,0,0,0,0,0,0,0,0,0,0,0,0,0,0,0,0,0,0,0,0,0,27535
1,1,1,1,997,-1474,-1832,-80,82,-135,-17,53,109,0,0,0,0,0,0,0,0,0,0,0,0,0,0,0,0,0,0,0,0,0,0,27545
1,1,1,1,1121,-1465,-1808,-6,112,-127,-20,58,110,0,0,0,0,0,0,0,0,0,0,0,0,0,0,0,0,0,0,0,0,0,0,27555
1,1,1,1,1254,-1509,-1752,31,85,-119,-19,56,110,0,0,0,0,0,0,0,0,0,0,0,0,0,0,0,0,0,0,0,0,0,0,27565
1,1,1,1,1285,-1556,-1740,22,48,-105,-21,55,110,0,0,0,0,0,0,0,0,0,0,0,0,0,0,0,0,0,0,0,0,0,0,27575
1,1,1,1,1232,-1618,-1749,-47,45,-74,-18,51,108,0,0,0,0,0,0,0,0,0,0,0,0,0,0,0,0,0,0,0,0,0,0,27585
1,1,1,1,1162,-1620,-1749,-125,38,-35,-19,54,112,0,0,0,0,0,0,0,0,0,0,0,0,0,0,0,0,0,0,0,0,0,0,27595
1,1,1,1,1121,-1587,-1782,-170,26,-24,-17,51,112,0,0,0,0,0,0,0,0,0,0,0,0,0,0,0,0,0,0,0,0,0,0,27605
1,1,1,1,1079,-1523,-1829,-158,37,-12,-16,53,111,0,0,0,0,0,0,0,0,0,0,0,0,0,0,0,0,0,0,0,0,0,0,27615
1,1,1,1,1089,-1475,-1821,-83,38,-12,-16,53,111,0,0,0,0,0,0,0,0,0,0,0,0,0,0,0,0,0,0,0,0,0,0,27625
1,1,1,1,1120,-1458,-1814,10,33,-17,-16,54,113,0,0,0,0,0,0,0,0,0,0,0,0,0,0,0,0,0,0,0,0,0,0,27635
1,1,1,1,1165,-1473,-1826,114,34,-20,-16,55,113,0,0,0,0,0,0,0,0,0,0,0,0,0,0,0,0,0,0,0,0,0,0,27645
1,1,1,1,1221,-1507,-1797,173,22,-4,-18,54,113,0,0,0,0,0,0,0,0,0,0,0,0,0,0,0,0,0,0,0,0,0,0,27655
1,1,1,1,1233,-1580,-1780,159,-6,22,-17,54,112,0,0,0,0,0,0,0,0,0,0,0,0,0,0,0,0,0,0,0,0,0,0,27665
1,1,1,1,1171,-1641,-1804,55,-32,42,-17,55,110,0,0,0,0,0,0,0,0,0,0,0,0,0,0,0,0,0,0,0,0,0,0,27675
1,1,1,1,1106,-1658,-1800,-66,-36,49,-17,54,113,0,0,0,0,0,0,0,0,0,0,0,0,0,0,0,0,0,0,0,0,0,0,27685
1,1,1,1,1085,-1651,-1800,-175,-42,35,-18,54,111,0,0,0,0,0,0,0,0,0,0,0,0,0,0,0,0,0,0,0,0,0,0,27695
1,1,1,1,1079,-1558,-1811,-221,-59,24,-17,55,110,0,0,0,0,0,0,0,0,0,0,0,0,0,0,0,0,0,0,0,0,0,0,27705
1,1,1,1,1054,-1488,-1807,-177,-50,30,-16,55,112,0,0,0,0,0,0,0,0,0,0,0,0,0,0,0,0,0,0,0,0,0,0,27715
1,1,1,1,1087,-1471,-1814,-97,-42,17,-17,55,116,0,0,0,0,0,0,0,0,0,0,0,0,0,0,0,0,0,0,0,0,0,0,27725
1,1,1,1,1084,-1437,-1837,-33,-52,-1,-18,56,116,0,0,0,0,0,0,0,0,0,0,0,0,0,0,0,0,0,0,0,0,0,0,27735
1,1,1,1,1055,-1419,-1849,61,-57,-20,-18,55,116,0,0,0,0,0,0,0,0,0,0,0,0,0,0,0,0,0,0,0,0,0,0,27745
1,1,1,1,1008,-1405,-1844,162,-56,-41,-19,56,117,0,0,0,0,0,0,0,0,0,0,0,0,0,0,0,0,0,0,0,0,0,0,27755
1,1,1,1,1017,-1432,-1836,246,-35,-60,-16,56,115,0,0,0,0,0,0,0,0,0,0,0,0,0,0,0,0,0,0,0,0,0,0,27765
1,1,1,1,1054,-1481,-1812,257,-29,-73,-18,56,115,0,0,0,0,0,0,0,0,0,0,0,0,0,0,0,0,0,0,0,0,0,0,27775
1,1,1,1,1076,-1527,-1782,218,-22,-72,-18,56,114,0,0,0,0,0,0,0,0,0,0,0,0,0,0,0,0,0,0,0,0,0,0,27785
1,1,1,1,992,-1562,-1770,52,8,-53,-14,54,111,0,0,0,0,0,0,0,0,0,0,0,0,0,0,0,0,0,0,0,0,0,0,27815
1,1,1,1,1016,-1497,-1763,54,15,-49,-15,52,110,0,0,0,0,0,0,0,0,0,0,0,0,0,0,0,0,0,0,0,0,0,0,27825
1,1,1,1,1050,-1442,-1776,176,38,-55,-17,59,110,0,0,0,0,0,0,0,0,0,0,0,0,0,0,0,0,0,0,0,0,0,0,27835
1,1,1,1,1110,-1455,-1777,289,49,-69,-16,54,109,0,0,0,0,0,0,0,0,0,0,0,0,0,0,0,0,0,0,0,0,0,0,27845
1,1,1,1,1113,-1556,-1805,305,54,-68,-17,55,109,0,0,0,0,0,0,0,0,0,0,0,0,0,0,0,0,0,0,0,0,0,0,27855
1,1,1,1,1119,-1611,-1766,285,69,-42,-17,54,110,0,0,0,0,0,0,0,0,0,0,0,0,0,0,0,0,0,0,0,0,0,0,27865
1,1,1,1,1157,-1725,-1752,115,72,-3,-18,53,108,0,0,0,0,0,0,0,0,0,0,0,0,0,0,0,0,0,0,0,0,0,0,27875
1,1,1,1,1157,-1745,-1722,-31,67,46,-19,55,109,0,0,0,0,0,0,0,0,0,0,0,0,0,0,0,0,0,0,0,0,0,0,27885
1,1,1,1,1134,-1678,-1747,-63,66,75,-18,53,110,0,0,0,0,0,0,0,0,0,0,0,0,0,0,0,0,0,0,0,0,0,0,27895
1,1,1,1,1127,-1607,-1784,-49,58,101,-18,54,107,0,0,0,0,0,0,0,0,0,0,0,0,0,0,0,0,0,0,0,0,0,0,27905
1,1,1,1,1143,-1535,-1802,37,41,127,-18,53,107,0,0,0,0,0,0,0,0,0,0,0,0,0,0,0,0,0,0,0,0,0,0,27915
1,1,1,1,1147,-1476,-1827,123,24,142,-16,53,111,0,0,0,0,0,0,0,0,0,0,0,0,0,0,0,0,0,0,0,0,0,0,27925
1,1,1,1,1117,-1488,-1841,180,17,136,-18,54,112,0,0,0,0,0,0,0,0,0,0,0,0,0,0,0,0,0,0,0,0,0,0,27935
1,1,1,1,1088,-1509,-1825,223,4,112,-19,54,112,0,0,0,0,0,0,0,0,0,0,0,0,0,0,0,0,0,0,0,0,0,0,27945
1,1,1,1,1074,-1555,-1820,199,-13,92,-21,54,111,0,0,0,0,0,0,0,0,0,0,0,0,0,0,0,0,0,0,0,0,0,0,27955
1,1,1,1,1063,-1593,-1789,123,-30,75,-20,54,112,0,0,0,0,0,0,0,0,0,0,0,0,0,0,0,0,0,0,0,0,0,0,27965
1,1,1,1,1031,-1590,-1794,66,-46,62,-20,54,108,0,0,0,0,0,0,0,0,0,0,0,0,0,0,0,0,0,0,0,0,0,0,27975
1,1,1,1,1041,-1577,-1791,-8,-38,41,-18,53,106,0,0,0,0,0,0,0,0,0,0,0,0,0,0,0,0,0,0,0,0,0,0,27985
1,1,1,1,1105,-1546,-1738,-34,-26,35,-17,52,106,0,0,0,0,0,0,0,0,0,0,0,0,0,0,0,0,0,0,0,0,0,0,27995
1,1,1,1,1171,-1520,-1750,-24,-5,28,-15,51,104,0,0,0,0,0,0,0,0,0,0,0,0,0,0,0,0,0,0,0,0,0,0,28005
1,1,1,1,1201,-1473,-1750,41,-1,23,-14,52,107,0,0,0,0,0,0,0,0,0,0,0,0,0,0,0,0,0,0,0,0,0,0,28015
1,1,1,1,1189,-1481,-1809,125,8,7,-17,52,106,0,0,0,0,0,0,0,0,0,0,0,0,0,0,0,0,0,0,0,0,0,0,28025
1,1,1,1,1118,-1493,-1799,181,20,-4,-18,52,107,0,0,0,0,0,0,0,0,0,0,0,0,0,0,0,0,0,0,0,0,0,0,28035
1,1,1,1,1044,-1564,-1777,185,16,-17,-17,51,109,0,0,0,0,0,0,0,0,0,0,0,0,0,0,0,0,0,0,0,0,0,0,28045
1,1,1,1,972,-1589,-1735,141,0,-38,-18,51,108,0,0,0,0,0,0,0,0,0,0,0,0,0,0,0,0,0,0,0,0,0,0,28055
1,1,1,1,908,-1576,-1746,105,15,-43,-16,52,108,0,0,0,0,0,0,0,0,0,0,0,0,0,0,0,0,0,0,0,0,0,0,28065
1,1,1,1,845,-1551,-1765,74,22,-38,-18,51,105,0,0,0,0,0,0,0,0,0,0,0,0,0,0,0,0,0,0,0,0,0,0,28075
1,1,1,1,847,-1531,-1768,46,17,-37,-15,52,106,0,0,0,0,0,0,0,0,0,0,0,0,0,0,0,0,0,0,0,0,0,0,28085
1,1,1,1,905,-1535,-1765,41,16,-85,-17,52,107,0,0,0,0,0,0,0,0,0,0,0,0,0,0,0,0,0,0,0,0,0,0,28095
1,1,1,1,911,-1513,-1785,58,25,-113,-16,52,105,0,0,0,0,0,0,0,0,0,0,0,0,0,0,0,0,0,0,0,0,0,0,28105
1,1,1,1,920,-1532,-1776,98,40,-134,-19,52,110,0,0,0,0,0,0,0,0,0,0,0,0,0,0,0,0,0,0,0,0,0,0,28115
1,1,1,1,918,-1556,-1767,142,39,-160,-17,53,109,0,0,0,0,0,0,0,0,0,0,0,0,0,0,0,0,0,0,0,0,0,0,28125
1,1,1,1,911,-1603,-1747,130,40,-173,-19,54,111,0,0,0,0,0,0,0,0,0,0,0,0,0,0,0,0,0,0,0,0,0,0,28135
1,1,1,1,898,-1616,-1731,99,51,-173,-23,57,113,0,0,0,0,0,0,0,0,0,0,0,0,0,0,0,0,0,0,0,0,0,0,28145
1,1,1,1,940,-1661,-1734,54,83,-162,-22,53,116,0,0,0,0,0,0,0,0,0,0,0,0,0,0,0,0,0,0,0,0,0,0,28155
1,1,1,1,1118,-1698,-1662,14,84,-145,-21,53,110,0,0,0,0,0,0,0,0,0,0,0,0,0,0,0,0,0,0,0,0,0,0,28165
1,1,1,1,1464,-1655,-1657,-72,44,-87,-26,56,111,0,0,0,0,0,0,0,0,0,0,0,0,0,0,0,0,0,0,0,0,0,0,28175
1,1,1,1,1454,-1657,-1704,-94,66,-27,-24,56,111,0,0,0,0,0,0,0,0,0,0,0,0,0,0,0,0,0,0,0,0,0,0,28185
1,1,1,1,1417,-1634,-1734,-106,72,16,-19,54,110,0,0,0,0,0,0,0,0,0,0,0,0,0,0,0,0,0,0,0,0,0,0,28195
1,1,1,1,1330,-1601,-1759,-93,53,47,-21,54,112,0,0,0,0,0,0,0,0,0,0,0,0,0,0,0,0,0,0,0,0,0,0,28205
1,1,1,1,1207,-1579,-1798,-82,31,66,-20,54,112,0,0,0,0,0,0,0,0,0,0,0,0,0,0,0,0,0,0,0,0,0,0,28215
1,1,1,1,1102,-1586,-1775,-100,17,80,-18,54,113,0,0,0,0,0,0,0,0,0,0,0,0,0,0,0,0,0,0,0,0,0,0,28225
1,1,1,1,1067,-1585,-1749,-127,6,86,-21,54,114,0,0,0,0,0,0,0,0,0,0,0,0,0,0,0,0,0,0,0,0,0,0,28235
1,1,1,1,1051,-1558,-1758,-136,3,82,-21,55,113,0,0,0,0,0,0,0,0,0,0,0,0,0,0,0,0,0,0,0,0,0,0,28245
1,1,1,1,1008,-1538,-1775,-138,-4,74,-22,54,115,0,0,0,0,0,0,0,0,0,0,0,0,0,0,0,0,0,0,0,0,0,0,28255
1,1,1,1,939,-1563,-1764,-137,-16,75,-20,55,115,0,0,0,0,0,0,0,0,0,0,0,0,0,0,0,0,0,0,0,0,0,0,28265
1,1,1,1,921,-1575,-1785,-121,11,64,-21,54,113,0,0,0,0,0,0,0,0,0,0,0,0,0,0,0,0,0,0,0,0,0,0,28275
1,1,1,1,962,-1529,-1779,-106,30,73,-21,54,111,0,0,0,0,0,0,0,0,0,0,0,0,0,0,0,0,0,0,0,0,0,0,28286
1,1,1,1,1015,-1512,-1768,-56,51,84,-20,53,110,0,0,0,0,0,0,0,0,0,0,0,0,0,0,0,0,0,0,0,0,0,0,28296
1,1,1,1,1052,-1523,-1753,-20,61,82,-20,54,107,0,0,0,0,0,0,0,0,0,0,0,0,0,0,0,0,0,0,0,0,0,0,28306
1,1,1,1,1052,-1523,-1753,16,55,68,-20,54,108,0,0,0,0,0,0,0,0,0,0,0,0,0,0,0,0,0,0,0,0,0,0,28316
1,1,1,1,1102,-1550,-1711,32,66,59,-19,53,106,0,0,0,0,0,0,0,0,0,0,0,0,0,0,0,0,0,0,0,0,0,0,28326
1,1,1,1,1102,-1550,-1711,-3,45,46,-19,53,106,0,0,0,0,0,0,0,0,0,0,0,0,0,0,0,0,0,0,0,0,0,0,28336
1,1,1,1,1144,-1599,-1725,-41,83,62,-20,52,106,0,0,0,0,0,0,0,0,0,0,0,0,0,0,0,0,0,0,0,0,0,0,28346
1,1,1,1,1157,-1617,-1723,-103,88,76,-18,52,104,0,0,0,0,0,0,0,0,0,0,0,0,0,0,0,0,0,0,0,0,0,0,28356
1,1,1,1,1196,-1599,-1725,-124,96,75,-18,52,104,0,0,0,0,0,0,0,0,0,0,0,0,0,0,0,0,0,0,0,0,0,0,28366
1,1,1,1,1222,-1551,-1733,-105,81,65,-19,52,106,0,0,0,0,0,0,0,0,0,0,0,0,0,0,0,0,0,0,0,0,0,0,28376
1,1,1,1,1199,-1517,-1764,-85,68,54,-19,52,108,0,0,0,0,0,0,0,0,0,0,0,0,0,0,0,0,0,0,0,0,0,0,28386
1,1,1,1,1128,-1531,-1797,-55,65,38,-20,52,112,0,0,0,0,0,0,0,0,0,0,0,0,0,0,0,0,0,0,0,0,0,0,28396
1,1,1,1,1082,-1526,-1795,-35,52,18,-21,53,111,0,0,0,0,0,0,0,0,0,0,0,0,0,0,0,0,0,0,0,0,0,0,28406
1,1,1,1,1058,-1532,-1793,-37,34,4,-21,53,112,0,0,0,0,0,0,0,0,0,0,0,0,0,0,0,0,0,0,0,0,0,0,28416
1,1,1,1,1042,-1533,-1784,-50,17,-8,-21,53,113,0,0,0,0,0,0,0,0,0,0,0,0,0,0,0,0,0,0,0,0,0,0,28426
1,1,1,1,1021,-1538,-1793,-56,18,-18,-22,53,111,0,0,0,0,0,0,0,0,0,0,0,0,0,0,0,0,0,0,0,0,0,0,28436
1,1,1,1,1013,-1530,-1792,-56,28,-18,-21,52,109,0,0,0,0,0,0,0,0,0,0,0,0,0,0,0,0,0,0,0,0,0,0,28446
1,1,1,1,1021,-1526,-1797,-63,50,6,-22,54,107,0,0,0,0,0,0,0,0,0,0,0,0,0,0,0,0,0,0,0,0,0,0,28456
1,1,1,1,1060,-1561,-1778,-79,58,23,-21,54,107,0,0,0,0,0,0,0,0,0,0,0,0,0,0,0,0,0,0,0,0,0,0,28466
1,1,1,1,1113,-1580,-1735,-80,36,12,-21,53,107,0,0,0,0,0,0,0,0,0,0,0,0,0,0,0,0,0,0,0,0,0,0,28476
1,1,1,1,1128,-1555,-1749,-45,22,-5,-23,54,109,0,0,0,0,0,0,0,0,0,0,0,0,0,0,0,0,0,0,0,0,0,0,28486
1,1,1,1,1108,-1522,-1763,-10,30,1,-21,51,105,0,0,0,0,0,0,0,0,0,0,0,0,0,0,0,0,0,0,0,0,0,0,28496
1,1,1,1,1086,-1520,-1777,12,44,15,-18,51,106,0,0,0,0,0,0,0,0,0,0,0,0,0,0,0,0,0,0,0,0,0,0,28506
1,1,1,1,1060,-1536,-1757,20,61,33,-19,52,109,0,0,0,0,0,0,0,0,0,0,0,0,0,0,0,0,0,0,0,0,0,0,28516
1,1,1,1,1030,-1565,-1751,-8,77,52,-16,51,106,0,0,0,0,0,0,0,0,0,0,0,0,0,0,0,0,0,0,0,0,0,0,28526
1,1,1,1,1001,-1576,-1752,-49,89,84,-18,52,106,0,0,0,0,0,0,0,0,0,0,0,0,0,0,0,0,0,0,0,0,0,0,28536
1,1,1,1,1013,-1562,-1757,-81,99,106,-17,50,102,0,0,0,0,0,0,0,0,0,0,0,0,0,0,0,0,0,0,0,0,0,0,28546
1,1,1,1,1034,-1559,-1739,-107,83,109,-17,51,102,0,0,0,0,0,0,0,0,0,0,0,0,0,0,0,0,0,0,0,0,0,0,28556
1,1,1,1,1069,-1534,-1741,-101,63,92,-17,52,98,0,0,0,0,0,0,0,0,0,0,0,0,0,0,0,0,0,0,0,0,0,0,28566
1,1,1,1,1115,-1501,-1752,-61,58,81,-14,50,100,0,0,0,0,0,0,0,0,0,0,0,0,0,0,0,0,0,0,0,0,0,0,28576
1,1,1,1,1152,-1504,-1777,-21,46,57,-15,49,100,0,0,0,0,0,0,0,0,0,0,0,0,0,0,0,0,0,0,0,0,0,0,28586
1,1,1,1,1166,-1514,-1778,-6,43,44,-15,49,97,0,0,0,0,0,0,0,0,0,0,0,0,0,0,0,0,0,0,0,0,0,0,28596
1,1,1,1,1177,-1555,-1763,-36,36,31,-14,50,98,0,0,0,0,0,0,0,0,0,0,0,0,0,0,0,0,0,0,0,0,0,0,28606
1,1,1,1,1199,-1575,-1750,-73,13,-5,-14,50,100,0,0,0,0,0,0,0,0,0,0,0,0,0,0,0,0,0,0,0,0,0,0,28616
1,1,1,1,1182,-1567,-1778,-122,3,-19,-18,50,100,0,0,0,0,0,0,0,0,0,0,0,0,0,0,0,0,0,0,0,0,0,0,28626
1,1,1,1,1132,-1542,-1796,-135,-8,-20,-18,51,101,0,0,0,0,0,0,0,0,0,0,0,0,0,0,0,0,0,0,0,0,0,0,28636
1,1,1,1,1114,-1529,-1813,-115,-9,-30,-16,51,101,0,0,0,0,0,0,0,0,0,0,0,0,0,0,0,0,0,0,0,0,0,0,28646
1,1,1,1,1110,-1488,-1814,-56,-21,-39,-17,50,101,0,0,0,0,0,0,0,0,0,0,0,0,0,0,0,0,0,0,0,0,0,0,28656
1,1,1,1,1129,-1476,-1816,9,-32,-60,-16,50,98,0,0,0,0,0,0,0,0,0,0,0,0,0,0,0,0,0,0,0,0,0,0,28666
1,1,1,1,1138,-1485,-1807,39,-52,-75,-15,50,102,0,0,0,0,0,0,0,0,0,0,0,0,0,0,0,0,0,0,0,0,0,0,28676
1,1,1,1,1135,-1504,-1806,81,-41,-83,-14,49,99,0,0,0,0,0,0,0,0,0,0,0,0,0,0,0,0,0,0,0,0,0,0,28686
1,1,1,1,1126,-1532,-1801,87,-37,-79,-15,50,98,0,0,0,0,0,0,0,0,0,0,0,0,0,0,0,0,0,0,0,0,0,0,28696
1,1,1,1,1117,-1582,-1768,43,-35,-61,-14,50,97,0,0,0,0,0,0,0,0,0,0,0,0,0,0,0,0,0,0,0,0,0,0,28706
1,1,1,1,1124,-1625,-1737,-43,-41,-35,-16,50,98,0,0,0,0,0,0,0,0,0,0,0,0,0,0,0,0,0,0,0,0,0,0,28716
1,1,1,1,1121,-1606,-1746,-96,-43,-14,-15,50,97,0,0,0,0,0,0,0,0,0,0,0,0,0,0,0,0,0,0,0,0,0,0,28726
1,1,1,1,1098,-1580,-1755,-106,-38,-2,-13,50,96,0,0,0,0,0,0,0,0,0,0,0,0,0,0,0,0,0,0,0,0,0,0,28736
1,1,1,1,1040,-1548,-1778,-83,-33,0,-17,52,99,0,0,0,0,0,0,0,0,0,0,0,0,0,0,0,0,0,0,0,0,0,0,28746
1,1,1,1,1006,-1533,-1787,-50,-24,14,-18,52,96,0,0,0,0,0,0,0,0,0,0,0,0,0,0,0,0,0,0,0,0,0,0,28756
1,1,1,1,987,-1536,-1789,-33,5,18,-16,51,97,0,0,0,0,0,0,0,0,0,0,0,0,0,0,0,0,0,0,0,0,0,0,28766
1,1,1,1,989,-1517,-1770,-23,33,31,-13,47,92,0,0,0,0,0,0,0,0,0,0,0,0,0,0,0,0,0,0,0,0,0,0,28776
1,1,1,1,1016,-1524,-1767,-18,47,31,-12,47,96,0,0,0,0,0,0,0,0,0,0,0,0,0,0,0,0,0,0,0,0,0,0,28786
1,1,1,1,1037,-1547,-1769,-27,84,18,-12,50,94,0,0,0,0,0,0,0,0,0,0,0,0,0,0,0,0,0,0,0,0,0,0,28796
1,1,1,1,1059,-1540,-1767,-48,99,11,-12,49,95,0,0,0,0,0,0,0,0,0,0,0,0,0,0,0,0,0,0,0,0,0,0,28806
1,1,1,1,1076,-1542,-1776,-68,119,2,-11,50,93,0,0,0,0,0,0,0,0,0,0,0,0,0,0,0,0,0,0,0,0,0,0,28816
1,1,1,1,1092,-1525,-1771,-61,133,1,-7,48,91,0,0,0,0,0,0,0,0,0,0,0,0,0,0,0,0,0,0,0,0,0,0,28826
1,1,1,1,1124,-1507,-1791,-41,158,11,-9,49,92,0,0,0,0,0,0,0,0,0,0,0,0,0,0,0,0,0,0,0,0,0,0,28836
1,1,1,1,1180,-1475,-1794,-20,170,20,-7,49,92,0,0,0,0,0,0,0,0,0,0,0,0,0,0,0,0,0,0,0,0,0,0,28846
1,1,1,1,1204,-1478,-1772,26,138,21,-6,49,90,0,0,0,0,0,0,0,0,0,0,0,0,0,0,0,0,0,0,0,0,0,0,28856
1,1,1,1,1179,-1521,-1791,53,117,-6,-7,48,91,0,0,0,0,0,0,0,0,0,0,0,0,0,0,0,0,0,0,0,0,0,0,28866
1,1,1,1,1179,-1506,-1760,40,93,20,-8,49,88,0,0,0,0,0,0,0,0,0,0,0,0,0,0,0,0,0,0,0,0,0,0,28876
1,1,1,1,1190,-1576,-1770,-6,83,-5,-7,49,86,0,0,0,0,0,0,0,0,0,0,0,0,0,0,0,0,0,0,0,0,0,0,28886
1,1,1,1,1169,-1557,-1750,-45,59,-22,-8,49,84,0,0,0,0,0,0,0,0,0,0,0,0,0,0,0,0,0,0,0,0,0,0,28896
1,1,1,1,1182,-1543,-1777,-49,54,-21,-6,49,85,0,0,0,0,0,0,0,0,0,0,0,0,0,0,0,0,0,0,0,0,0,0,28906
1,1,1,1,1226,-1524,-1758,-28,39,-35,-6,48,87,0,0,0,0,0,0,0,0,0,0,0,0,0,0,0,0,0,0,0,0,0,0,28916
1,1,1,1,1272,-1504,-1773,1,21,-48,-6,49,87,0,0,0,0,0,0,0,0,0,0,0,0,0,0,0,0,0,0,0,0,0,0,28926
1,1,1,1,1269,-1509,-1800,47,16,-70,-7,49,88,0,0,0,0,0,0,0,0,0,0,0,0,0,0,0,0,0,0,0,0,0,0,28936
1,1,1,1,1197,-1508,-1817,96,26,-72,-7,49,88,0,0,0,0,0,0,0,0,0,0,0,0,0,0,0,0,0,0,0,0,0,0,28946
1,1,1,1,1231,-1556,-1787,120,38,-68,-9,50,90,0,0,0,0,0,0,0,0,0,0,0,0,0,0,0,0,0,0,0,0,0,0,28956
1,1,1,1,1229,-1592,-1754,93,39,-54,-8,50,93,0,0,0,0,0,0,0,0,0,0,0,0,0,0,0,0,0,0,0,0,0,0,28966
1,1,1,1,1190,-1605,-1762,64,60,-26,-8,51,92,0,0,0,0,0,0,0,0,0,0,0,0,0,0,0,0,0,0,0,0,0,0,28976
1,1,1,1,1161,-1640,-1744,-6,62,4,-8,50,91,0,0,0,0,0,0,0,0,0,0,0,0,0,0,0,0,0,0,0,0,0,0,28986
1,1,1,1,1136,-1678,-1719,-69,74,23,-8,49,95,0,0,0,0,0,0,0,0,0,0,0,0,0,0,0,0,0,0,0,0,0,0,28996
1,1,1,1,1110,-1671,-1714,-135,90,41,-8,51,92,0,0,0,0,0,0,0,0,0,0,0,0,0,0,0,0,0,0,0,0,0,0,29006
1,1,1,1,1109,-1619,-1729,-132,101,45,-9,50,95,0,0,0,0,0,0,0,0,0,0,0,0,0,0,0,0,0,0,0,0,0,0,29016
1,1,1,1,1144,-1583,-1738,-112,108,50,-11,51,98,0,0,0,0,0,0,0,0,0,0,0,0,0,0,0,0,0,0,0,0,0,0,29026
1,1,1,1,1136,-1561,-1752,-100,99,59,-10,51,96,0,0,0,0,0,0,0,0,0,0,0,0,0,0,0,0,0,0,0,0,0,0,29036
1,1,1,1,1108,-1537,-1766,-69,94,54,-11,52,100,0,0,0,0,0,0,0,0,0,0,0,0,0,0,0,0,0,0,0,0,0,0,29046
1,1,1,1,1106,-1507,-1768,-44,81,49,-14,50,100,0,0,0,0,0,0,0,0,0,0,0,0,0,0,0,0,0,0,0,0,0,0,29056
1,1,1,1,1114,-1502,-1761,-46,85,51,-16,53,100,0,0,0,0,0,0,0,0,0,0,0,0,0,0,0,0,0,0,0,0,0,0,29066
1,1,1,1,1128,-1504,-1750,-68,77,62,-17,53,103,0,0,0,0,0,0,0,0,0,0,0,0,0,0,0,0,0,0,0,0,0,0,29076
1,1,1,1,1147,-1511,-1752,-78,92,68,-16,52,103,0,0,0,0,0,0,0,0,0,0,0,0,0,0,0,0,0,0,0,0,0,0,29086
1,1,1,1,1190,-1525,-1745,-95,104,66,-18,52,103,0,0,0,0,0,0,0,0,0,0,0,0,0,0,0,0,0,0,0,0,0,0,29096
1,1,1,1,1216,-1548,-1730,-140,98,62,-18,53,105,0,0,0,0,0,0,0,0,0,0,0,0,0,0,0,0,0,0,0,0,0,0,29106
1,1,1,1,1242,-1549,-1731,-147,105,40,-16,53,106,0,0,0,0,0,0,0,0,0,0,0,0,0,0,0,0,0,0,0,0,0,0,29116
1,1,1,1,1301,-1505,-1715,-116,82,13,-17,52,105,0,0,0,0,0,0,0,0,0,0,0,0,0,0,0,0,0,0,0,0,0,0,29126
1,1,1,1,1346,-1490,-1701,-73,41,-33,-19,53,109,0,0,0,0,0,0,0,0,0,0,0,0,0,0,0,0,0,0,0,0,0,0,29136
1,1,1,1,1351,-1525,-1693,-72,-3,-81,-20,53,114,0,0,0,0,0,0,0,0,0,0,0,0,0,0,0,0,0,0,0,0,0,0,29146
1,1,1,1,1309,-1534,-1686,-81,-73,-131,-21,52,117,0,0,0,0,0,0,0,0,0,0,0,0,0,0,0,0,0,0,0,0,0,0,29156
1,1,1,1,1272,-1526,-1706,-119,-151,-155,-23,53,118,0,0,0,0,0,0,0,0,0,0,0,0,0,0,0,0,0,0,0,0,0,0,29166
1,1,1,1,1207,-1481,-1760,-155,-187,-140,-25,53,119,0,0,0,0,0,0,0,0,0,0,0,0,0,0,0,0,0,0,0,0,0,0,29176
1,1,1,1,1131,-1415,-1791,-154,-194,-72,-25,52,118,0,0,0,0,0,0,0,0,0,0,0,0,0,0,0,0,0,0,0,0,0,0,29186
1,1,1,1,1075,-1424,-1792,-134,-179,-17,-25,52,120,0,0,0,0,0,0,0,0,0,0,0,0,0,0,0,0,0,0,0,0,0,0,29196
1,1,1,1,986,-1433,-1819,-115,-166,23,-25,53,116,0,0,0,0,0,0,0,0,0,0,0,0,0,0,0,0,0,0,0,0,0,0,29206
1,1,1,1,877,-1430,-1843,-64,-121,50,-24,53,116,0,0,0,0,0,0,0,0,0,0,0,0,0,0,0,0,0,0,0,0,0,0,29216
1,1,1,1,790,-1464,-1866,-6,-50,50,-24,53,116,0,0,0,0,0,0,0,0,0,0,0,0,0,0,0,0,0,0,0,0,0,0,29226
1,1,1,1,747,-1484,-1851,32,4,49,-25,53,113,0,0,0,0,0,0,0,0,0,0,0,0,0,0,0,0,0,0,0,0,0,0,29236
1,1,1,1,739,-1524,-1818,26,35,24,-23,52,114,0,0,0,0,0,0,0,0,0,0,0,0,0,0,0,0,0,0,0,0,0,0,29246
1,1,1,1,822,-1530,-1769,-45,29,-7,-23,53,113,0,0,0,0,0,0,0,0,0,0,0,0,0,0,0,0,0,0,0,0,0,0,29256
1,1,1,1,864,-1488,-1784,-66,63,-32,-21,52,111,0,0,0,0,0,0,0,0,0,0,0,0,0,0,0,0,0,0,0,0,0,0,29266
1,1,1,1,867,-1491,-1804,-96,112,-39,-21,52,110,0,0,0,0,0,0,0,0,0,0,0,0,0,0,0,0,0,0,0,0,0,0,29276
1,1,1,1,892,-1469,-1803,-92,160,-36,-19,52,107,0,0,0,0,0,0,0,0,0,0,0,0,0,0,0,0,0,0,0,0,0,0,29286
1,1,1,1,951,-1433,-1779,-62,174,-35,-18,52,107,0,0,0,0,0,0,0,0,0,0,0,0,0,0,0,0,0,0,0,0,0,0,29296
1,1,1,1,1014,-1414,-1803,8,206,-42,-17,51,109,0,0,0,0,0,0,0,0,0,0,0,0,0,0,0,0,0,0,0,0,0,0,29306
1,1,1,1,1116,-1418,-1780,104,258,-13,-19,50,107,0,0,0,0,0,0,0,0,0,0,0,0,0,0,0,0,0,0,0,0,0,0,29316
1,1,1,1,1197,-1465,-1751,153,279,6,-17,50,102,0,0,0,0,0,0,0,0,0,0,0,0,0,0,0,0,0,0,0,0,0,0,29326
1,1,1,1,1233,-1486,-1731,170,277,23,-17,48,103,0,0,0,0,0,0,0,0,0,0,0,0,0,0,0,0,0,0,0,0,0,0,29336
1,1,1,1,1245,-1509,-1723,152,275,44,-15,51,100,0,0,0,0,0,0,0,0,0,0,0,0,0,0,0,0,0,0,0,0,0,0,29346
1,1,1,1,1234,-1522,-1738,109,269,72,-17,50,97,0,0,0,0,0,0,0,0,0,0,0,0,0,0,0,0,0,0,0,0,0,0,29356
1,1,1,1,1237,-1530,-1724,51,264,103,-18,52,96,0,0,0,0,0,0,0,0,0,0,0,0,0,0,0,0,0,0,0,0,0,0,29366
1,1,1,1,1254,-1548,-1708,-20,228,122,-15,48,97,0,0,0,0,0,0,0,0,0,0,0,0,0,0,0,0,0,0,0,0,0,0,29376
1,1,1,1,1240,-1529,-1711,-60,180,122,-17,51,99,0,0,0,0,0,0,0,0,0,0,0,0,0,0,0,0,0,0,0,0,0,0,29386
1,1,1,1,1215,-1516,-1759,-34,165,107,-18,56,97,0,0,0,0,0,0,0,0,0,0,0,0,0,0,0,0,0,0,0,0,0,0,29396
1,1,1,1,1235,-1477,-1764,15,138,91,-14,49,94,0,0,0,0,0,0,0,0,0,0,0,0,0,0,0,0,0,0,0,0,0,0,29406
1,1,1,1,1257,-1495,-1791,55,128,77,-11,48,94,0,0,0,0,0,0,0,0,0,0,0,0,0,0,0,0,0,0,0,0,0,0,29416
1,1,1,1,1276,-1522,-1789,93,127,58,-11,49,93,0,0,0,0,0,0,0,0,0,0,0,0,0,0,0,0,0,0,0,0,0,0,29426
1,1,1,1,1314,-1536,-1786,107,120,33,-13,50,93,0,0,0,0,0,0,0,0,0,0,0,0,0,0,0,0,0,0,0,0,0,0,29436
1,1,1,1,1314,-1538,-1769,107,109,20,-11,48,94,0,0,0,0,0,0,0,0,0,0,0,0,0,0,0,0,0,0,0,0,0,0,29446
1,1,1,1,1309,-1555,-1754,100,100,11,-13,49,92,0,0,0,0,0,0,0,0,0,0,0,0,0,0,0,0,0,0,0,0,0,0,29456
1,1,1,1,1276,-1565,-1750,94,94,7,-13,48,93,0,0,0,0,0,0,0,0,0,0,0,0,0,0,0,0,0,0,0,0,0,0,29466
1,1,1,1,1258,-1579,-1735,73,94,15,-11,49,92,0,0,0,0,0,0,0,0,0,0,0,0,0,0,0,0,0,0,0,0,0,0,29476
1,1,1,1,1243,-1602,-1706,57,95,37,-11,49,90,0,0,0,0,0,0,0,0,0,0,0,0,0,0,0,0,0,0,0,0,0,0,29486
1,1,1,1,1223,-1609,-1703,57,102,69,-11,49,93,0,0,0,0,0,0,0,0,0,0,0,0,0,0,0,0,0,0,0,0,0,0,29496
1,1,1,1,1201,-1610,-1701,28,97,108,-10,48,90,0,0,0,0,0,0,0,0,0,0,0,0,0,0,0,0,0,0,0,0,0,0,29506
1,1,1,1,1201,-1610,-1701,-11,91,146,-13,49,89,0,0,0,0,0,0,0,0,0,0,0,0,0,0,0,0,0,0,0,0,0,0,29516
1,1,1,1,1189,-1620,-1722,-57,83,179,-13,49,89,0,0,0,0,0,0,0,0,0,0,0,0,0,0,0,0,0,0,0,0,0,0,29526
1,1,1,1,1174,-1615,-1736,-104,81,203,-14,48,87,0,0,0,0,0,0,0,0,0,0,0,0,0,0,0,0,0,0,0,0,0,0,29536
1,1,1,1,1194,-1590,-1702,-142,87,228,-14,48,87,0,0,0,0,0,0,0,0,0,0,0,0,0,0,0,0,0,0,0,0,0,0,29546
1,1,1,1,1193,-1599,-1707,-171,89,244,-13,48,85,0,0,0,0,0,0,0,0,0,0,0,0,0,0,0,0,0,0,0,0,0,0,29556
1,1,1,1,1170,-1587,-1712,-182,89,257,-15,48,87,0,0,0,0,0,0,0,0,0,0,0,0,0,0,0,0,0,0,0,0,0,0,29566
1,1,1,1,1151,-1581,-1709,-182,98,279,-14,48,85,0,0,0,0,0,0,0,0,0,0,0,0,0,0,0,0,0,0,0,0,0,0,29576
1,1,1,1,1146,-1587,-1710,-186,102,301,-13,47,85,0,0,0,0,0,0,0,0,0,0,0,0,0,0,0,0,0,0,0,0,0,0,29586
1,1,1,1,1156,-1564,-1710,-187,103,321,-12,48,85,0,0,0,0,0,0,0,0,0,0,0,0,0,0,0,0,0,0,0,0,0,0,29596
1,1,1,1,1164,-1557,-1713,-192,99,341,-13,48,84,0,0,0,0,0,0,0,0,0,0,0,0,0,0,0,0,0,0,0,0,0,0,29606
1,1,1,1,1154,-1561,-1720,-196,99,348,-13,47,87,0,0,0,0,0,0,0,0,0,0,0,0,0,0,0,0,0,0,0,0,0,0,29616
1,1,1,1,1154,-1554,-1720,-204,89,343,-12,47,85,0,0,0,0,0,0,0,0,0,0,0,0,0,0,0,0,0,0,0,0,0,0,29626
1,1,1,1,1137,-1537,-1723,-215,78,342,-12,45,87,0,0,0,0,0,0,0,0,0,0,0,0,0,0,0,0,0,0,0,0,0,0,29636
1,1,1,1,1124,-1549,-1711,-237,79,331,-13,45,82,0,0,0,0,0,0,0,0,0,0,0,0,0,0,0,0,0,0,0,0,0,0,29646
1,1,1,1,1118,-1570,-1700,-281,58,328,-13,46,84,0,0,0,0,0,0,0,0,0,0,0,0,0,0,0,0,0,0,0,0,0,0,29656
1,1,1,1,1081,-1550,-1722,-303,45,321,-16,47,86,0,0,0,0,0,0,0,0,0,0,0,0,0,0,0,0,0,0,0,0,0,0,29666
1,1,1,1,1033,-1533,-1736,-299,23,325,-17,51,89,0,0,0,0,0,0,0,0,0,0,0,0,0,0,0,0,0,0,0,0,0,0,29676
1,1,1,1,1020,-1521,-1764,-282,36,321,-16,47,84,0,0,0,0,0,0,0,0,0,0,0,0,0,0,0,0,0,0,0,0,0,0,29686
1,1,1,1,1031,-1479,-1795,-227,66,320,-14,46,85,0,0,0,0,0,0,0,0,0,0,0,0,0,0,0,0,0,0,0,0,0,0,29696
1,1,1,1,1050,-1442,-1802,-166,101,327,-13,45,86,0,0,0,0,0,0,0,0,0,0,0,0,0,0,0,0,0,0,0,0,0,0,29706
1,1,1,1,1104,-1465,-1804,-93,134,300,-13,49,87,0,0,0,0,0,0,0,0,0,0,0,0,0,0,0,0,0,0,0,0,0,0,29716
1,1,1,1,1163,-1479,-1760,-49,145,288,-13,49,86,0,0,0,0,0,0,0,0,0,0,0,0,0,0,0,0,0,0,0,0,0,0,29726
1,1,1,1,1200,-1506,-1743,-38,158,291,-10,47,83,0,0,0,0,0,0,0,0,0,0,0,0,0,0,0,0,0,0,0,0,0,0,29736
1,1,1,1,1252,-1552,-1701,-50,143,282,-11,48,83,0,0,0,0,0,0,0,0,0,0,0,0,0,0,0,0,0,0,0,0,0,0,29746
1,1,1,1,1254,-1607,-1681,-109,116,271,-12,47,85,0,0,0,0,0,0,0,0,0,0,0,0,0,0,0,0,0,0,0,0,0,0,29756
1,1,1,1,1211,-1611,-1699,-169,115,304,-14,47,84,0,0,0,0,0,0,0,0,0,0,0,0,0,0,0,0,0,0,0,0,0,0,29766
1,1,1,1,1160,-1621,-1722,-184,135,313,-13,48,83,0,0,0,0,0,0,0,0,0,0,0,0,0,0,0,0,0,0,0,0,0,0,29776
1,1,1,1,1119,-1590,-1732,-175,132,341,-11,47,83,0,0,0,0,0,0,0,0,0,0,0,0,0,0,0,0,0,0,0,0,0,0,29786
1,1,1,1,1079,-1599,-1762,-152,168,345,-10,47,83,0,0,0,0,0,0,0,0,0,0,0,0,0,0,0,0,0,0,0,0,0,0,29796
1,1,1,1,1055,-1568,-1752,-105,212,382,-9,46,79,0,0,0,0,0,0,0,0,0,0,0,0,0,0,0,0,0,0,0,0,0,0,29806
1,1,1,1,1069,-1602,-1747,-56,266,391,-8,46,79,0,0,0,0,0,0,0,0,0,0,0,0,0,0,0,0,0,0,0,0,0,0,29816
1,1,1,1,1089,-1627,-1709,-64,296,421,-7,45,74,0,0,0,0,0,0,0,0,0,0,0,0,0,0,0,0,0,0,0,0,0,0,29826
1,1,1,1,1101,-1678,-1692,-126,322,460,-9,46,72,0,0,0,0,0,0,0,0,0,0,0,0,0,0,0,0,0,0,0,0,0,0,29836
1,1,1,1,1159,-1707,-1638,-238,312,531,-9,45,74,0,0,0,0,0,0,0,0,0,0,0,0,0,0,0,0,0,0,0,0,0,0,29846
1,1,1,1,1173,-1721,-1667,-279,338,560,-8,45,70,0,0,0,0,0,0,0,0,0,0,0,0,0,0,0,0,0,0,0,0,0,0,29856
1,1,1,1,1148,-1721,-1682,-326,348,602,-8,44,69,0,0,0,0,0,0,0,0,0,0,0,0,0,0,0,0,0,0,0,0,0,0,29866
1,1,1,1,1088,-1663,-1716,-358,336,696,-5,44,70,0,0,0,0,0,0,0,0,0,0,0,0,0,0,0,0,0,0,0,0,0,0,29876
1,1,1,1,1097,-1642,-1750,-341,356,716,-6,44,68,0,0,0,0,0,0,0,0,0,0,0,0,0,0,0,0,0,0,0,0,0,0,29886
1,1,1,1,1129,-1667,-1748,-318,353,651,-5,43,66,0,0,0,0,0,0,0,0,0,0,0,0,0,0,0,0,0,0,0,0,0,0,29896
1,1,1,1,1117,-1581,-1750,-291,352,656,-5,41,66,0,0,0,0,0,0,0,0,0,0,0,0,0,0,0,0,0,0,0,0,0,0,29906
1,1,1,1,1106,-1577,-1762,-242,371,646,-5,41,64,0,0,0,0,0,0,0,0,0,0,0,0,0,0,0,0,0,0,0,0,0,0,29916
1,1,1,1,1103,-1553,-1753,-209,386,646,-4,41,63,0,0,0,0,0,0,0,0,0,0,0,0,0,0,0,0,0,0,0,0,0,0,29926
1,1,1,1,1117,-1581,-1740,-163,398,632,-5,42,64,0,0,0,0,0,0,0,0,0,0,0,0,0,0,0,0,0,0,0,0,0,0,29936
1,1,1,1,1131,-1617,-1720,-152,400,620,-4,43,61,0,0,0,0,0,0,0,0,0,0,0,0,0,0,0,0,0,0,0,0,0,0,29946
1,1,1,1,1127,-1651,-1704,-154,410,633,-4,41,58,0,0,0,0,0,0,0,0,0,0,0,0,0,0,0,0,0,0,0,0,0,0,29956
1,1,1,1,1100,-1678,-1730,-172,426,658,-7,42,57,0,0,0,0,0,0,0,0,0,0,0,0,0,0,0,0,0,0,0,0,0,0,29966
1,1,1,1,1111,-1667,-1727,-214,422,702,-10,44,58,0,0,0,0,0,0,0,0,0,0,0,0,0,0,0,0,0,0,0,0,0,0,29976
1,1,1,1,1123,-1675,-1733,-238,421,720,-8,43,58,0,0,0,0,0,0,0,0,0,0,0,0,0,0,0,0,0,0,0,0,0,0,29986
1,1,1,1,1143,-1669,-1731,-263,398,717,-5,38,54,0,0,0,0,0,0,0,0,0,0,0,0,0,0,0,0,0,0,0,0,0,0,29996
1,1,1,1,1171,-1593,-1722,-217,376,706,-5,40,56,0,0,0,0,0,0,0,0,0,0,0,0,0,0,0,0,0,0,0,0,0,0,30006
1,1,1,1,1171,-1585,-1729,-156,376,657,-3,37,53,0,0,0,0,0,0,0,0,0,0,0,0,0,0,0,0,0,0,0,0,0,0,30016
1,1,1,1,1150,-1575,-1732,-135,394,623,0,37,55,0,0,0,0,0,0,0,0,0,0,0,0,0,0,0,0,0,0,0,0,0,0,30026
1,1,1,1,1088,-1566,-1720,-109,397,594,0,36,54,0,0,0,0,0,0,0,0,0,0,0,0,0,0,0,0,0,0,0,0,0,0,30036
1,1,1,1,1054,-1573,-1719,-81,393,564,0,36,54,0,0,0,0,0,0,0,0,0,0,0,0,0,0,0,0,0,0,0,0,0,0,30046
1,1,1,1,1013,-1570,-1725,-46,392,553,-4,38,52,0,0,0,0,0,0,0,0,0,0,0,0,0,0,0,0,0,0,0,0,0,0,30056
1,1,1,1,1013,-1632,-1740,-93,377,568,-3,37,54,0,0,0,0,0,0,0,0,0,0,0,0,0,0,0,0,0,0,0,0,0,0,30066
1,1,1,1,1047,-1729,-1741,-199,356,580,-4,38,52,0,0,0,0,0,0,0,0,0,0,0,0,0,0,0,0,0,0,0,0,0,0,30076
1,1,1,1,1082,-1691,-1721,-268,324,570,-2,37,50,0,0,0,0,0,0,0,0,0,0,0,0,0,0,0,0,0,0,0,0,0,0,30086
1,1,1,1,1116,-1640,-1727,-236,313,549,-4,36,49,0,0,0,0,0,0,0,0,0,0,0,0,0,0,0,0,0,0,0,0,0,0,30096
1,1,1,1,1159,-1648,-1750,-234,287,524,-2,36,50,0,0,0,0,0,0,0,0,0,0,0,0,0,0,0,0,0,0,0,0,0,0,30106
1,1,1,1,1133,-1606,-1743,-229,261,487,-1,36,52,0,0,0,0,0,0,0,0,0,0,0,0,0,0,0,0,0,0,0,0,0,0,30116
1,1,1,1,1095,-1574,-1712,-160,234,435,-1,35,51,0,0,0,0,0,0,0,0,0,0,0,0,0,0,0,0,0,0,0,0,0,0,30126
1,1,1,1,1073,-1617,-1704,-145,180,370,-5,35,57,0,0,0,0,0,0,0,0,0,0,0,0,0,0,0,0,0,0,0,0,0,0,30136
1,1,1,1,996,-1590,-1744,-160,117,290,-5,35,57,0,0,0,0,0,0,0,0,0,0,0,0,0,0,0,0,0,0,0,0,0,0,30146
1,1,1,1,932,-1530,-1746,-123,61,209,-6,35,59,0,0,0,0,0,0,0,0,0,0,0,0,0,0,0,0,0,0,0,0,0,0,30156
1,1,1,1,920,-1497,-1762,-101,24,130,-5,35,62,0,0,0,0,0,0,0,0,0,0,0,0,0,0,0,0,0,0,0,0,0,0,30166
1,1,1,1,949,-1479,-1787,-21,-32,33,-7,35,64,0,0,0,0,0,0,0,0,0,0,0,0,0,0,0,0,0,0,0,0,0,0,30176
1,1,1,1,1000,-1457,-1780,82,-100,-88,-8,36,66,0,0,0,0,0,0,0,0,0,0,0,0,0,0,0,0,0,0,0,0,0,0,30186
1,1,1,1,1060,-1430,-1753,146,-144,-165,-9,36,69,0,0,0,0,0,0,0,0,0,0,0,0,0,0,0,0,0,0,0,0,0,0,30196
1,1,1,1,1088,-1472,-1750,228,-210,-254,-11,35,72,0,0,0,0,0,0,0,0,0,0,0,0,0,0,0,0,0,0,0,0,0,0,30206
1,1,1,1,1126,-1521,-1665,278,-282,-337,-13,35,79,0,0,0,0,0,0,0,0,0,0,0,0,0,0,0,0,0,0,0,0,0,0,30216
1,1,1,1,1151,-1634,-1618,211,-383,-417,-18,35,82,0,0,0,0,0,0,0,0,0,0,0,0,0,0,0,0,0,0,0,0,0,0,30226
1,1,1,1,1039,-1630,-1683,100,-443,-474,-22,37,82,0,0,0,0,0,0,0,0,0,0,0,0,0,0,0,0,0,0,0,0,0,0,30236
1,1,1,1,891,-1556,-1732,85,-435,-491,-24,37,85,0,0,0,0,0,0,0,0,0,0,0,0,0,0,0,0,0,0,0,0,0,0,30246
1,1,1,1,823,-1562,-1781,134,-424,-498,-23,35,86,0,0,0,0,0,0,0,0,0,0,0,0,0,0,0,0,0,0,0,0,0,0,30256
1,1,1,1,776,-1589,-1846,201,-345,-502,-26,36,86,0,0,0,0,0,0,0,0,0,0,0,0,0,0,0,0,0,0,0,0,0,0,30266
1,1,1,1,845,-1615,-1778,254,-312,-494,-25,37,90,0,0,0,0,0,0,0,0,0,0,0,0,0,0,0,0,0,0,0,0,0,0,30276
1,1,1,1,951,-1688,-1749,228,-305,-503,-22,32,89,0,0,0,0,0,0,0,0,0,0,0,0,0,0,0,0,0,0,0,0,0,0,30286
1,1,1,1,994,-1705,-1714,172,-288,-491,-25,37,88,0,0,0,0,0,0,0,0,0,0,0,0,0,0,0,0,0,0,0,0,0,0,30296
1,1,1,1,1026,-1712,-1691,126,-251,-471,-23,34,85,0,0,0,0,0,0,0,0,0,0,0,0,0,0,0,0,0,0,0,0,0,0,30306
1,1,1,1,1087,-1738,-1670,51,-230,-453,-22,35,86,0,0,0,0,0,0,0,0,0,0,0,0,0,0,0,0,0,0,0,0,0,0,30316
1,1,1,1,1117,-1708,-1681,-18,-219,-428,-21,35,86,0,0,0,0,0,0,0,0,0,0,0,0,0,0,0,0,0,0,0,0,0,0,30326
1,1,1,1,1150,-1659,-1672,-29,-234,-420,-19,35,87,0,0,0,0,0,0,0,0,0,0,0,0,0,0,0,0,0,0,0,0,0,0,30336
1,1,1,1,1130,-1624,-1746,-2,-195,-411,-19,35,84,0,0,0,0,0,0,0,0,0,0,0,0,0,0,0,0,0,0,0,0,0,0,30346
1,1,1,1,1116,-1599,-1762,19,-180,-400,-20,36,86,0,0,0,0,0,0,0,0,0,0,0,0,0,0,0,0,0,0,0,0,0,0,30356
1,1,1,1,1143,-1634,-1765,11,-193,-423,-18,36,88,0,0,0,0,0,0,0,0,0,0,0,0,0,0,0,0,0,0,0,0,0,0,30366
1,1,1,1,1133,-1601,-1750,40,-206,-453,-18,35,90,0,0,0,0,0,0,0,0,0,0,0,0,0,0,0,0,0,0,0,0,0,0,30376
1,1,1,1,1142,-1575,-1798,108,-214,-504,-16,36,89,0,0,0,0,0,0,0,0,0,0,0,0,0,0,0,0,0,0,0,0,0,0,30386
1,1,1,1,1167,-1499,-1784,185,-250,-534,-18,36,85,0,0,0,0,0,0,0,0,0,0,0,0,0,0,0,0,0,0,0,0,0,0,30396
1,1,1,1,1155,-1470,-1799,271,-250,-541,-18,37,86,0,0,0,0,0,0,0,0,0,0,0,0,0,0,0,0,0,0,0,0,0,0,30406
1,1,1,1,1098,-1488,-1771,386,-250,-569,-16,38,88,0,0,0,0,0,0,0,0,0,0,0,0,0,0,0,0,0,0,0,0,0,0,30416
1,1,1,1,983,-1566,-1813,485,-230,-598,-14,37,85,0,0,0,0,0,0,0,0,0,0,0,0,0,0,0,0,0,0,0,0,0,0,30426
1,1,1,1,893,-1616,-1791,504,-184,-542,-16,38,82,0,0,0,0,0,0,0,0,0,0,0,0,0,0,0,0,0,0,0,0,0,0,30436
1,1,1,1,934,-1722,-1704,425,-154,-502,-16,37,81,0,0,0,0,0,0,0,0,0,0,0,0,0,0,0,0,0,0,0,0,0,0,30446
1,1,1,1,982,-1751,-1645,326,-126,-440,-15,37,79,0,0,0,0,0,0,0,0,0,0,0,0,0,0,0,0,0,0,0,0,0,0,30456
1,1,1,1,934,-1724,-1653,314,-73,-342,-15,36,77,0,0,0,0,0,0,0,0,0,0,0,0,0,0,0,0,0,0,0,0,0,0,30466
1,1,1,1,931,-1753,-1678,344,-4,-260,-12,36,76,0,0,0,0,0,0,0,0,0,0,0,0,0,0,0,0,0,0,0,0,0,0,30476
1,1,1,1,981,-1756,-1662,349,48,-201,-10,36,72,0,0,0,0,0,0,0,0,0,0,0,0,0,0,0,0,0,0,0,0,0,0,30486
1,1,1,1,1043,-1748,-1638,363,89,-132,-11,35,69,0,0,0,0,0,0,0,0,0,0,0,0,0,0,0,0,0,0,0,0,0,0,30496
1,1,1,1,1113,-1781,-1636,366,122,-92,-11,35,70,0,0,0,0,0,0,0,0,0,0,0,0,0,0,0,0,0,0,0,0,0,0,30506
1,1,1,1,1122,-1769,-1622,322,153,-33,-8,35,69,0,0,0,0,0,0,0,0,0,0,0,0,0,0,0,0,0,0,0,0,0,0,30516
1,1,1,1,1114,-1739,-1625,330,192,21,-6,35,68,0,0,0,0,0,0,0,0,0,0,0,0,0,0,0,0,0,0,0,0,0,0,30526
1,1,1,1,1038,-1709,-1645,369,223,82,-6,35,67,0,0,0,0,0,0,0,0,0,0,0,0,0,0,0,0,0,0,0,0,0,0,30536
1,1,1,1,969,-1704,-1665,480,258,147,-7,37,68,0,0,0,0,0,0,0,0,0,0,0,0,0,0,0,0,0,0,0,0,0,0,30546
1,1,1,1,932,-1755,-1676,579,297,200,-10,39,67,0,0,0,0,0,0,0,0,0,0,0,0,0,0,0,0,0,0,0,0,0,0,30556
1,1,1,1,895,-1783,-1649,713,352,237,-7,34,68,0,0,0,0,0,0,0,0,0,0,0,0,0,0,0,0,0,0,0,0,0,0,30566
1,1,1,1,879,-1761,-1638,878,440,294,-4,33,62,0,0,0,0,0,0,0,0,0,0,0,0,0,0,0,0,0,0,0,0,0,0,30576
1,1,1,1,908,-1659,-1645,1154,538,343,-3,33,62,0,0,0,0,0,0,0,0,0,0,0,0,0,0,0,0,0,0,0,0,0,0,30586
1,1,1,1,921,-1587,-1711,1509,625,403,0,35,62,0,0,0,0,0,0,0,0,0,0,0,0,0,0,0,0,0,0,0,0,0,0,30596
1,1,1,1,881,-1573,-1770,1845,678,416,-2,35,57,0,0,0,0,0,0,0,0,0,0,0,0,0,0,0,0,0,0,0,0,0,0,30606
1,1,1,1,816,-1630,-1814,1918,736,478,2,34,55,0,0,0,0,0,0,0,0,0,0,0,0,0,0,0,0,0,0,0,0,0,0,30616
1,1,1,1,789,-1646,-1675,1985,881,590,4,32,48,0,0,0,0,0,0,0,0,0,0,0,0,0,0,0,0,0,0,0,0,0,0,30626
1,1,1,1,912,-1777,-1351,1884,968,761,5,31,42,0,0,0,0,0,0,0,0,0,0,0,0,0,0,0,0,0,0,0,0,0,0,30636
1,1,1,1,1048,-1906,-1193,1652,986,936,8,31,38,0,0,0,0,0,0,0,0,0,0,0,0,0,0,0,0,0,0,0,0,0,0,30646
1,1,1,1,1157,-1860,-1051,1632,934,1049,6,32,39,0,0,0,0,0,0,0,0,0,0,0,0,0,0,0,0,0,0,0,0,0,0,30656
1,1,1,1,1183,-1842,-1198,1711,845,1092,11,31,41,0,0,0,0,0,0,0,0,0,0,0,0,0,0,0,0,0,0,0,0,0,0,30666
1,1,1,1,1251,-2034,-1426,2036,858,860,6,31,45,0,0,0,0,0,0,0,0,0,0,0,0,0,0,0,0,0,0,0,0,0,0,30676
1,1,1,1,1150,-2020,-1588,1996,959,549,4,30,42,0,0,0,0,0,0,0,0,0,0,0,0,0,0,0,0,0,0,0,0,0,0,30686
1,1,1,1,925,-1682,-1556,2071,1165,628,7,30,38,0,0,0,0,0,0,0,0,0,0,0,0,0,0,0,0,0,0,0,0,0,0,30696
1,1,1,1,992,-1688,-1387,2273,1214,663,13,31,40,0,0,0,0,0,0,0,0,0,0,0,0,0,0,0,0,0,0,0,0,0,0,30706
1,1,1,1,1317,-1983,-1158,2537,1185,302,12,31,39,0,0,0,0,0,0,0,0,0,0,0,0,0,0,0,0,0,0,0,0,0,0,30716
1,1,1,1,1416,-2085,-1035,2610,1207,43,10,31,34,0,0,0,0,0,0,0,0,0,0,0,0,0,0,0,0,0,0,0,0,0,0,30726
1,1,1,1,1351,-2013,-866,2339,1099,119,7,31,32,0,0,0,0,0,0,0,0,0,0,0,0,0,0,0,0,0,0,0,0,0,0,30736
1,1,1,1,1483,-2148,-730,1790,882,350,6,32,33,0,0,0,0,0,0,0,0,0,0,0,0,0,0,0,0,0,0,0,0,0,0,30746
1,1,1,1,1487,-2191,-645,1333,614,501,9,34,39,0,0,0,0,0,0,0,0,0,0,0,0,0,0,0,0,0,0,0,0,0,0,30756
1,1,1,1,1492,-2285,-685,1343,398,241,8,36,41,0,0,0,0,0,0,0,0,0,0,0,0,0,0,0,0,0,0,0,0,0,0,30766
1,1,1,1,1414,-2248,-864,1500,282,-50,8,34,37,0,0,0,0,0,0,0,0,0,0,0,0,0,0,0,0,0,0,0,0,0,0,30776
1,1,1,1,1312,-2063,-918,1567,219,-99,11,34,40,0,0,0,0,0,0,0,0,0,0,0,0,0,0,0,0,0,0,0,0,0,0,30786
1,1,1,1,1274,-1957,-995,1721,247,-112,12,35,40,0,0,0,0,0,0,0,0,0,0,0,0,0,0,0,0,0,0,0,0,0,0,30796
1,1,1,1,1213,-1939,-1069,1846,310,-119,11,35,37,0,0,0,0,0,0,0,0,0,0,0,0,0,0,0,0,0,0,0,0,0,0,30806
1,1,1,1,1140,-2018,-1068,1805,403,-52,8,35,41,0,0,0,0,0,0,0,0,0,0,0,0,0,0,0,0,0,0,0,0,0,0,30816
1,1,1,1,1125,-2308,-1017,1395,497,-40,5,35,41,0,0,0,0,0,0,0,0,0,0,0,0,0,0,0,0,0,0,0,0,0,0,30826
1,1,1,1,1131,-2368,-878,952,643,-20,5,35,41,0,0,0,0,0,0,0,0,0,0,0,0,0,0,0,0,0,0,0,0,0,0,30836
1,1,1,1,1092,-2131,-703,759,809,110,7,34,35,0,0,0,0,0,0,0,0,0,0,0,0,0,0,0,0,0,0,0,0,0,0,30846
1,1,1,1,1138,-1901,-530,788,825,312,9,38,40,0,0,0,0,0,0,0,0,0,0,0,0,0,0,0,0,0,0,0,0,0,0,30856
1,1,1,1,1170,-1805,-357,1073,611,412,11,43,41,0,0,0,0,0,0,0,0,0,0,0,0,0,0,0,0,0,0,0,0,0,0,30866
1,1,1,1,1141,-1812,-258,1561,286,344,17,42,44,0,0,0,0,0,0,0,0,0,0,0,0,0,0,0,0,0,0,0,0,0,0,30876
1,1,1,1,1114,-1945,-256,2079,16,176,18,39,42,0,0,0,0,0,0,0,0,0,0,0,0,0,0,0,0,0,0,0,0,0,0,30886
1,1,1,1,1116,-2130,-202,2360,-120,77,11,43,43,0,0,0,0,0,0,0,0,0,0,0,0,0,0,0,0,0,0,0,0,0,0,30896
1,1,1,1,1169,-2422,-84,2060,-164,125,3,47,44,0,0,0,0,0,0,0,0,0,0,0,0,0,0,0,0,0,0,0,0,0,0,30906
1,1,1,1,1209,-2733,-47,1257,-211,197,5,41,47,0,0,0,0,0,0,0,0,0,0,0,0,0,0,0,0,0,0,0,0,0,0,30916
1,1,1,1,1211,-2705,8,680,-263,162,6,41,50,0,0,0,0,0,0,0,0,0,0,0,0,0,0,0,0,0,0,0,0,0,0,30926
1,1,1,1,1126,-2550,-21,446,-356,37,6,42,50,0,0,0,0,0,0,0,0,0,0,0,0,0,0,0,0,0,0,0,0,0,0,30936
1,1,1,1,1052,-2362,-78,438,-493,-114,5,42,56,0,0,0,0,0,0,0,0,0,0,0,0,0,0,0,0,0,0,0,0,0,0,30946
1,1,1,1,1037,-2149,-192,598,-556,-204,6,40,51,0,0,0,0,0,0,0,0,0,0,0,0,0,0,0,0,0,0,0,0,0,0,30956
1,1,1,1,1071,-2039,-337,749,-545,-173,5,39,53,0,0,0,0,0,0,0,0,0,0,0,0,0,0,0,0,0,0,0,0,0,0,30966
1,1,1,1,1040,-2042,-430,761,-409,-6,1,40,55,0,0,0,0,0,0,0,0,0,0,0,0,0,0,0,0,0,0,0,0,0,0,30976
1,1,1,1,993,-2225,-506,641,-180,123,-1,41,57,0,0,0,0,0,0,0,0,0,0,0,0,0,0,0,0,0,0,0,0,0,0,30986
1,1,1,1,989,-2357,-476,407,-2,172,1,40,59,0,0,0,0,0,0,0,0,0,0,0,0,0,0,0,0,0,0,0,0,0,0,30996
1,1,1,1,981,-2335,-377,218,77,189,-1,42,55,0,0,0,0,0,0,0,0,0,0,0,0,0,0,0,0,0,0,0,0,0,0,31006
1,1,1,1,1012,-2304,-281,26,36,241,2,41,55,0,0,0,0,0,0,0,0,0,0,0,0,0,0,0,0,0,0,0,0,0,0,31016
1,1,1,1,1048,-2204,-334,69,1,220,7,40,52,0,0,0,0,0,0,0,0,0,0,0,0,0,0,0,0,0,0,0,0,0,0,31026
1,1,1,1,1064,-2000,-414,464,30,153,10,40,52,0,0,0,0,0,0,0,0,0,0,0,0,0,0,0,0,0,0,0,0,0,0,31036
1,1,1,1,1080,-1901,-541,915,83,125,10,40,51,0,0,0,0,0,0,0,0,0,0,0,0,0,0,0,0,0,0,0,0,0,0,31046
1,1,1,1,1080,-1948,-539,1195,98,130,11,41,51,0,0,0,0,0,0,0,0,0,0,0,0,0,0,0,0,0,0,0,0,0,0,31056
1,1,1,1,1110,-2057,-433,1413,110,71,12,42,46,0,0,0,0,0,0,0,0,0,0,0,0,0,0,0,0,0,0,0,0,0,0,31066
1,1,1,1,1193,-2220,-270,1411,66,17,11,42,39,0,0,0,0,0,0,0,0,0,0,0,0,0,0,0,0,0,0,0,0,0,0,31076
1,1,1,1,1216,-2356,-127,1152,-25,23,13,40,39,0,0,0,0,0,0,0,0,0,0,0,0,0,0,0,0,0,0,0,0,0,0,31086
1,1,1,1,1222,-2329,-71,1020,-50,20,16,41,40,0,0,0,0,0,0,0,0,0,0,0,0,0,0,0,0,0,0,0,0,0,0,31096
1,1,1,1,1285,-2044,-91,1395,-17,-5,10,41,41,0,0,0,0,0,0,0,0,0,0,0,0,0,0,0,0,0,0,0,0,0,0,31106
1,1,1,1,1268,-2021,-70,2287,63,-153,21,40,37,0,0,0,0,0,0,0,0,0,0,0,0,0,0,0,0,0,0,0,0,0,0,31116
1,1,1,1,1091,-2340,-137,1314,134,-96,16,40,39,0,0,0,0,0,0,0,0,0,0,0,0,0,0,0,0,0,0,0,0,0,0,31126
1,1,1,1,1140,-1873,-207,1650,242,-59,13,41,40,0,0,0,0,0,0,0,0,0,0,0,0,0,0,0,0,0,0,0,0,0,0,31136
1,1,1,1,1163,-2043,-156,1632,293,-26,15,38,38,0,0,0,0,0,0,0,0,0,0,0,0,0,0,0,0,0,0,0,0,0,0,31146
1,1,1,1,1117,-2136,-76,1549,308,4,13,47,39,0,0,0,0,0,0,0,0,0,0,0,0,0,0,0,0,0,0,0,0,0,0,31156
1,1,1,1,1053,-2227,113,1393,237,3,16,42,40,0,0,0,0,0,0,0,0,0,0,0,0,0,0,0,0,0,0,0,0,0,0,31166
1,1,1,1,999,-2402,92,1306,211,-174,11,46,42,0,0,0,0,0,0,0,0,0,0,0,0,0,0,0,0,0,0,0,0,0,0,31176
1,1,1,1,969,-2360,185,1155,160,-291,12,40,38,0,0,0,0,0,0,0,0,0,0,0,0,0,0,0,0,0,0,0,0,0,0,31186
1,1,1,1,931,-2227,201,1039,103,-304,14,38,36,0,0,0,0,0,0,0,0,0,0,0,0,0,0,0,0,0,0,0,0,0,0,31196
1,1,1,1,968,-1988,90,1477,138,-373,22,39,36,0,0,0,0,0,0,0,0,0,0,0,0,0,0,0,0,0,0,0,0,0,0,31206
1,1,1,1,1110,-1791,229,1907,49,-377,12,39,31,0,0,0,0,0,0,0,0,0,0,0,0,0,0,0,0,0,0,0,0,0,0,31216
1,1,1,1,1101,-2185,324,1564,-31,-356,16,35,29,0,0,0,0,0,0,0,0,0,0,0,0,0,0,0,0,0,0,0,0,0,0,31226
1,1,1,1,1086,-1941,255,1830,-123,-437,22,32,21,0,0,0,0,0,0,0,0,0,0,0,0,0,0,0,0,0,0,0,0,0,0,31236
1,1,1,1,1095,-1847,210,2007,-273,-485,19,26,9,0,0,0,0,0,0,0,0,0,0,0,0,0,0,0,0,0,0,0,0,0,0,31246
1,1,1,1,1170,-2069,169,1889,-253,-519,20,25,13,0,0,0,0,0,0,0,0,0,0,0,0,0,0,0,0,0,0,0,0,0,0,31256
1,1,1,1,1033,-2070,152,1819,-249,-552,16,22,5,0,0,0,0,0,0,0,0,0,0,0,0,0,0,0,0,0,0,0,0,0,0,31266
1,1,1,1,1084,-2102,332,1445,-330,-450,10,18,1,0,0,0,0,0,0,0,0,0,0,0,0,0,0,0,0,0,0,0,0,0,0,31276
1,1,1,1,1042,-2063,331,861,-320,-241,7,17,0,0,0,0,0,0,0,0,0,0,0,0,0,0,0,0,0,0,0,0,0,0,0,31286
1,1,1,1,981,-2123,217,405,-218,-126,3,17,-3,0,0,0,0,0,0,0,0,0,0,0,0,0,0,0,0,0,0,0,0,0,0,31296
1,1,1,1,996,-2185,296,-94,-202,-30,5,17,-4,0,0,0,0,0,0,0,0,0,0,0,0,0,0,0,0,0,0,0,0,0,0,31306
1,1,1,1,1024,-2123,358,-417,-245,-29,8,16,-2,0,0,0,0,0,0,0,0,0,0,0,0,0,0,0,0,0,0,0,0,0,0,31316
1,1,1,1,1011,-1945,287,-383,-277,-87,10,14,-5,0,0,0,0,0,0,0,0,0,0,0,0,0,0,0,0,0,0,0,0,0,0,31326
1,1,1,1,1040,-1806,218,-93,-305,-162,13,14,-5,0,0,0,0,0,0,0,0,0,0,0,0,0,0,0,0,0,0,0,0,0,0,31336
1,1,1,1,1065,-1657,143,403,-340,-273,14,12,-2,0,0,0,0,0,0,0,0,0,0,0,0,0,0,0,0,0,0,0,0,0,0,31346
1,1,1,1,1144,-1551,109,982,-416,-366,12,12,-12,0,0,0,0,0,0,0,0,0,0,0,0,0,0,0,0,0,0,0,0,0,0,31356
1,1,1,1,1244,-1582,149,1364,-548,-382,12,12,-10,0,0,0,0,0,0,0,0,0,0,0,0,0,0,0,0,0,0,0,0,0,0,31366
1,1,1,1,1233,-1685,162,1590,-627,-402,10,13,0,0,0,0,0,0,0,0,0,0,0,0,0,0,0,0,0,0,0,0,0,0,0,31376
1,1,1,1,1216,-1815,240,1617,-646,-412,9,15,8,0,0,0,0,0,0,0,0,0,0,0,0,0,0,0,0,0,0,0,0,0,0,31386
1,1,1,1,1123,-1920,380,1447,-658,-401,11,17,12,0,0,0,0,0,0,0,0,0,0,0,0,0,0,0,0,0,0,0,0,0,0,31396
1,1,1,1,1027,-1865,431,1397,-644,-427,13,18,16,0,0,0,0,0,0,0,0,0,0,0,0,0,0,0,0,0,0,0,0,0,0,31406
1,1,1,1,986,-1733,437,1521,-604,-481,14,17,15,0,0,0,0,0,0,0,0,0,0,0,0,0,0,0,0,0,0,0,0,0,0,31416
1,1,1,1,1044,-1618,385,1766,-560,-518,14,17,16,0,0,0,0,0,0,0,0,0,0,0,0,0,0,0,0,0,0,0,0,0,0,31426
1,1,1,1,1159,-1588,378,2051,-521,-534,10,20,21,0,0,0,0,0,0,0,0,0,0,0,0,0,0,0,0,0,0,0,0,0,0,31436
1,1,1,1,1261,-1665,454,2247,-493,-558,8,22,20,0,0,0,0,0,0,0,0,0,0,0,0,0,0,0,0,0,0,0,0,0,0,31446
1,1,1,1,1317,-1617,553,2409,-452,-583,9,18,21,0,0,0,0,0,0,0,0,0,0,0,0,0,0,0,0,0,0,0,0,0,0,31456
1,1,1,1,1378,-1618,651,2548,-393,-589,7,18,24,0,0,0,0,0,0,0,0,0,0,0,0,0,0,0,0,0,0,0,0,0,0,31466
1,1,1,1,1375,-1762,731,2386,-339,-567,1,19,29,0,0,0,0,0,0,0,0,0,0,0,0,0,0,0,0,0,0,0,0,0,0,31476
1,1,1,1,1268,-1860,833,2049,-246,-530,-6,22,31,0,0,0,0,0,0,0,0,0,0,0,0,0,0,0,0,0,0,0,0,0,0,31486
1,1,1,1,1145,-1935,959,1587,-141,-479,-9,18,33,0,0,0,0,0,0,0,0,0,0,0,0,0,0,0,0,0,0,0,0,0,0,31496
1,1,1,1,1025,-1900,976,1117,-39,-401,-13,14,36,0,0,0,0,0,0,0,0,0,0,0,0,0,0,0,0,0,0,0,0,0,0,31506
1,1,1,1,988,-1860,902,745,36,-320,-16,14,36,0,0,0,0,0,0,0,0,0,0,0,0,0,0,0,0,0,0,0,0,0,0,31516
1,1,1,1,952,-1885,848,383,119,-219,-20,18,40,0,0,0,0,0,0,0,0,0,0,0,0,0,0,0,0,0,0,0,0,0,0,31526
1,1,1,1,973,-1799,852,145,195,-134,-22,15,46,0,0,0,0,0,0,0,0,0,0,0,0,0,0,0,0,0,0,0,0,0,0,31536
1,1,1,1,994,-1700,795,-73,223,-20,-27,15,48,0,0,0,0,0,0,0,0,0,0,0,0,0,0,0,0,0,0,0,0,0,0,31546
1,1,1,1,1141,-1852,793,-293,255,53,-28,14,46,0,0,0,0,0,0,0,0,0,0,0,0,0,0,0,0,0,0,0,0,0,0,31556
1,1,1,1,1158,-1700,863,-563,267,169,-28,8,42,0,0,0,0,0,0,0,0,0,0,0,0,0,0,0,0,0,0,0,0,0,0,31566
1,1,1,1,1294,-1544,724,-670,326,341,-33,10,42,0,0,0,0,0,0,0,0,0,0,0,0,0,0,0,0,0,0,0,0,0,0,31576
1,1,1,1,1417,-1708,619,-679,397,363,-34,9,46,0,0,0,0,0,0,0,0,0,0,0,0,0,0,0,0,0,0,0,0,0,0,31586
1,1,1,1,1375,-1671,833,-538,390,200,-34,10,42,0,0,0,0,0,0,0,0,0,0,0,0,0,0,0,0,0,0,0,0,0,0,31596
1,1,1,1,1303,-1503,917,-625,281,143,-37,10,50,0,0,0,0,0,0,0,0,0,0,0,0,0,0,0,0,0,0,0,0,0,0,31606
1,1,1,1,1318,-1316,562,-462,263,128,-39,10,54,0,0,0,0,0,0,0,0,0,0,0,0,0,0,0,0,0,0,0,0,0,0,31616
1,1,1,1,1678,-1581,628,362,254,-107,-40,10,55,0,0,0,0,0,0,0,0,0,0,0,0,0,0,0,0,0,0,0,0,0,0,31656
1,1,1,1,1527,-1622,730,223,285,-65,-42,11,55,0,0,0,0,0,0,0,0,0,0,0,0,0,0,0,0,0,0,0,0,0,0,31666
1,1,1,1,1410,-1697,796,76,287,-39,-44,10,61,0,0,0,0,0,0,0,0,0,0,0,0,0,0,0,0,0,0,0,0,0,0,31676
1,1,1,1,1359,-1765,718,-142,306,6,-46,10,58,0,0,0,0,0,0,0,0,0,0,0,0,0,0,0,0,0,0,0,0,0,0,31686
1,1,1,1,1302,-1750,720,-330,308,74,-43,10,59,0,0,0,0,0,0,0,0,0,0,0,0,0,0,0,0,0,0,0,0,0,0,31696
1,1,1,1,1290,-1765,698,-502,305,104,-43,9,57,0,0,0,0,0,0,0,0,0,0,0,0,0,0,0,0,0,0,0,0,0,0,31706
1,1,1,1,1365,-1690,663,-556,311,125,-41,7,53,0,0,0,0,0,0,0,0,0,0,0,0,0,0,0,0,0,0,0,0,0,0,31716
1,1,1,1,1460,-1641,612,-495,273,113,-41,4,44,0,0,0,0,0,0,0,0,0,0,0,0,0,0,0,0,0,0,0,0,0,0,31726
1,1,1,1,1600,-1549,546,-352,241,104,-40,5,42,0,0,0,0,0,0,0,0,0,0,0,0,0,0,0,0,0,0,0,0,0,0,31736
1,1,1,1,1723,-1532,557,-301,193,148,-43,5,39,0,0,0,0,0,0,0,0,0,0,0,0,0,0,0,0,0,0,0,0,0,0,31746
1,1,1,1,1682,-1594,514,-274,163,142,-40,7,42,0,0,0,0,0,0,0,0,0,0,0,0,0,0,0,0,0,0,0,0,0,0,31756
1,1,1,1,1577,-1613,533,-214,101,67,-38,6,40,0,0,0,0,0,0,0,0,0,0,0,0,0,0,0,0,0,0,0,0,0,0,31766
1,1,1,1,1541,-1636,504,-206,14,41,-36,9,43,0,0,0,0,0,0,0,0,0,0,0,0,0,0,0,0,0,0,0,0,0,0,31776
1,1,1,1,1445,-1625,474,-149,-44,50,-34,7,39,0,0,0,0,0,0,0,0,0,0,0,0,0,0,0,0,0,0,0,0,0,0,31786
1,1,1,1,1376,-1593,477,-112,-99,76,-35,8,43,0,0,0,0,0,0,0,0,0,0,0,0,0,0,0,0,0,0,0,0,0,0,31796
1,1,1,1,1334,-1595,467,-78,-143,105,-30,6,45,0,0,0,0,0,0,0,0,0,0,0,0,0,0,0,0,0,0,0,0,0,0,31806
1,1,1,1,1281,-1604,461,-47,-165,134,-27,7,41,0,0,0,0,0,0,0,0,0,0,0,0,0,0,0,0,0,0,0,0,0,0,31816
1,1,1,1,1240,-1602,503,26,-197,122,-25,9,41,0,0,0,0,0,0,0,0,0,0,0,0,0,0,0,0,0,0,0,0,0,0,31826
1,1,1,1,1213,-1567,535,170,-224,89,-21,9,39,0,0,0,0,0,0,0,0,0,0,0,0,0,0,0,0,0,0,0,0,0,0,31836
1,1,1,1,1206,-1505,564,323,-245,64,-19,8,38,0,0,0,0,0,0,0,0,0,0,0,0,0,0,0,0,0,0,0,0,0,0,31846
1,1,1,1,1208,-1546,595,374,-265,34,-17,9,38,0,0,0,0,0,0,0,0,0,0,0,0,0,0,0,0,0,0,0,0,0,0,31856
1,1,1,1,1230,-1622,619,371,-275,0,-17,9,40,0,0,0,0,0,0,0,0,0,0,0,0,0,0,0,0,0,0,0,0,0,0,31866
1,1,1,1,1243,-1670,664,268,-273,-18,-19,10,39,0,0,0,0,0,0,0,0,0,0,0,0,0,0,0,0,0,0,0,0,0,0,31876
1,1,1,1,1301,-1662,705,145,-268,-10,-18,10,36,0,0,0,0,0,0,0,0,0,0,0,0,0,0,0,0,0,0,0,0,0,0,31886
1,1,1,1,1213,-1679,680,48,-266,-2,-20,11,32,0,0,0,0,0,0,0,0,0,0,0,0,0,0,0,0,0,0,0,0,0,0,31896
1,1,1,1,1149,-1698,659,-49,-235,-20,-18,11,36,0,0,0,0,0,0,0,0,0,0,0,0,0,0,0,0,0,0,0,0,0,0,31906
1,1,1,1,1250,-1745,646,-175,-241,-14,-18,10,33,0,0,0,0,0,0,0,0,0,0,0,0,0,0,0,0,0,0,0,0,0,0,31916
1,1,1,1,1290,-1675,614,-177,-241,-13,-13,10,29,0,0,0,0,0,0,0,0,0,0,0,0,0,0,0,0,0,0,0,0,0,0,31926
1,1,1,1,1301,-1585,603,-97,-238,-15,-13,10,30,0,0,0,0,0,0,0,0,0,0,0,0,0,0,0,0,0,0,0,0,0,0,31936
1,1,1,1,1296,-1576,599,8,-237,-30,-10,11,28,0,0,0,0,0,0,0,0,0,0,0,0,0,0,0,0,0,0,0,0,0,0,31946
1,1,1,1,1273,-1567,560,144,-217,-49,-9,11,29,0,0,0,0,0,0,0,0,0,0,0,0,0,0,0,0,0,0,0,0,0,0,31956
1,1,1,1,1304,-1543,570,256,-197,-59,-6,11,26,0,0,0,0,0,0,0,0,0,0,0,0,0,0,0,0,0,0,0,0,0,0,31966
1,1,1,1,1362,-1594,617,331,-175,-64,-6,11,29,0,0,0,0,0,0,0,0,0,0,0,0,0,0,0,0,0,0,0,0,0,0,31976
1,1,1,1,1348,-1664,662,313,-197,-70,-6,11,27,0,0,0,0,0,0,0,0,0,0,0,0,0,0,0,0,0,0,0,0,0,0,31986
1,1,1,1,1352,-1702,666,226,-207,-72,-5,12,28,0,0,0,0,0,0,0,0,0,0,0,0,0,0,0,0,0,0,0,0,0,0,31996
1,1,1,1,1352,-1691,620,144,-202,-69,-5,11,25,0,0,0,0,0,0,0,0,0,0,0,0,0,0,0,0,0,0,0,0,0,0,32006
1,1,1,1,1371,-1641,613,38,-214,-36,-7,12,24,0,0,0,0,0,0,0,0,0,0,0,0,0,0,0,0,0,0,0,0,0,0,32016
1,1,1,1,1387,-1610,603,17,-181,-61,-5,13,23,0,0,0,0,0,0,0,0,0,0,0,0,0,0,0,0,0,0,0,0,0,0,32026
1,1,1,1,1489,-1554,605,55,-199,-39,-4,12,29,0,0,0,0,0,0,0,0,0,0,0,0,0,0,0,0,0,0,0,0,0,0,32036
1,1,1,1,1371,-1573,544,241,-182,-87,-6,17,25,0,0,0,0,0,0,0,0,0,0,0,0,0,0,0,0,0,0,0,0,0,0,32056
1,1,1,1,1406,-1541,550,367,-213,-109,-3,15,29,0,0,0,0,0,0,0,0,0,0,0,0,0,0,0,0,0,0,0,0,0,0,32066
1,1,1,1,1443,-1530,524,505,-287,-136,0,12,26,0,0,0,0,0,0,0,0,0,0,0,0,0,0,0,0,0,0,0,0,0,0,32076
1,1,1,1,1483,-1583,551,547,-320,-135,-5,19,30,0,0,0,0,0,0,0,0,0,0,0,0,0,0,0,0,0,0,0,0,0,0,32086
1,1,1,1,1453,-1605,553,482,-331,-105,-5,16,28,0,0,0,0,0,0,0,0,0,0,0,0,0,0,0,0,0,0,0,0,0,0,32096
1,1,1,1,1464,-1595,574,367,-346,-87,-4,15,29,0,0,0,0,0,0,0,0,0,0,0,0,0,0,0,0,0,0,0,0,0,0,32106
1,1,1,1,1388,-1636,592,278,-356,-83,-4,14,29,0,0,0,0,0,0,0,0,0,0,0,0,0,0,0,0,0,0,0,0,0,0,32116
1,1,1,1,1371,-1642,627,188,-372,-93,-2,18,29,0,0,0,0,0,0,0,0,0,0,0,0,0,0,0,0,0,0,0,0,0,0,32126
1,1,1,1,1293,-1597,670,129,-385,-69,0,16,30,0,0,0,0,0,0,0,0,0,0,0,0,0,0,0,0,0,0,0,0,0,0,32136
1,1,1,1,1186,-1577,663,165,-354,-77,2,18,30,0,0,0,0,0,0,0,0,0,0,0,0,0,0,0,0,0,0,0,0,0,0,32146
1,1,1,1,1185,-1567,634,278,-332,-128,4,17,31,0,0,0,0,0,0,0,0,0,0,0,0,0,0,0,0,0,0,0,0,0,0,32156
1,1,1,1,1177,-1527,637,345,-328,-121,3,18,31,0,0,0,0,0,0,0,0,0,0,0,0,0,0,0,0,0,0,0,0,0,0,32166
1,1,1,1,1144,-1542,602,420,-307,-106,1,19,32,0,0,0,0,0,0,0,0,0,0,0,0,0,0,0,0,0,0,0,0,0,0,32176
1,1,1,1,1128,-1578,593,447,-312,-91,-2,18,30,0,0,0,0,0,0,0,0,0,0,0,0,0,0,0,0,0,0,0,0,0,0,32186
1,1,1,1,1203,-1640,615,388,-283,-74,-4,18,31,0,0,0,0,0,0,0,0,0,0,0,0,0,0,0,0,0,0,0,0,0,0,32196
1,1,1,1,1271,-1742,711,167,-260,-65,-4,17,29,0,0,0,0,0,0,0,0,0,0,0,0,0,0,0,0,0,0,0,0,0,0,32206
1,1,1,1,1263,-1750,766,-139,-223,-40,-8,17,29,0,0,0,0,0,0,0,0,0,0,0,0,0,0,0,0,0,0,0,0,0,0,32216
1,1,1,1,1269,-1675,774,-324,-165,-23,-7,17,30,0,0,0,0,0,0,0,0,0,0,0,0,0,0,0,0,0,0,0,0,0,0,32226
1,1,1,1,1262,-1588,751,-396,-134,-15,-6,16,31,0,0,0,0,0,0,0,0,0,0,0,0,0,0,0,0,0,0,0,0,0,0,32236
1,1,1,1,1261,-1531,697,-408,-82,-5,-8,16,29,0,0,0,0,0,0,0,0,0,0,0,0,0,0,0,0,0,0,0,0,0,0,32246
1,1,1,1,1307,-1509,681,-441,-46,24,-9,16,28,0,0,0,0,0,0,0,0,0,0,0,0,0,0,0,0,0,0,0,0,0,0,32256
1,1,1,1,1375,-1522,702,-414,8,45,-10,15,28,0,0,0,0,0,0,0,0,0,0,0,0,0,0,0,0,0,0,0,0,0,0,32266
1,1,1,1,1407,-1579,692,-435,71,25,-11,15,27,0,0,0,0,0,0,0,0,0,0,0,0,0,0,0,0,0,0,0,0,0,0,32276
1,1,1,1,1367,-1569,738,-515,99,59,-11,15,30,0,0,0,0,0,0,0,0,0,0,0,0,0,0,0,0,0,0,0,0,0,0,32286
1,1,1,1,1356,-1619,759,-605,176,79,-14,16,28,0,0,0,0,0,0,0,0,0,0,0,0,0,0,0,0,0,0,0,0,0,0,32296
1,1,1,1,1343,-1682,799,-807,256,103,-13,15,28,0,0,0,0,0,0,0,0,0,0,0,0,0,0,0,0,0,0,0,0,0,0,32306
1,1,1,1,1277,-1711,785,-876,328,116,-15,16,27,0,0,0,0,0,0,0,0,0,0,0,0,0,0,0,0,0,0,0,0,0,0,32316
1,1,1,1,1217,-1737,801,-937,395,129,-16,15,25,0,0,0,0,0,0,0,0,0,0,0,0,0,0,0,0,0,0,0,0,0,0,32326
1,1,1,1,1187,-1722,805,-1062,352,156,-17,14,28,0,0,0,0,0,0,0,0,0,0,0,0,0,0,0,0,0,0,0,0,0,0,32336
1,1,1,1,1249,-1729,646,-1207,375,189,-16,14,31,0,0,0,0,0,0,0,0,0,0,0,0,0,0,0,0,0,0,0,0,0,0,32346
1,1,1,1,1397,-1697,452,-1123,437,206,-17,19,28,0,0,0,0,0,0,0,0,0,0,0,0,0,0,0,0,0,0,0,0,0,0,32356
1,1,1,1,1457,-1631,509,-1007,414,211,-17,13,29,0,0,0,0,0,0,0,0,0,0,0,0,0,0,0,0,0,0,0,0,0,0,32366
1,1,1,1,1493,-1628,508,-955,345,177,-15,13,28,0,0,0,0,0,0,0,0,0,0,0,0,0,0,0,0,0,0,0,0,0,0,32376
1,1,1,1,1566,-1537,450,-813,269,188,-16,15,28,0,0,0,0,0,0,0,0,0,0,0,0,0,0,0,0,0,0,0,0,0,0,32386
1,1,1,1,1642,-1605,306,-582,295,126,-13,11,27,0,0,0,0,0,0,0,0,0,0,0,0,0,0,0,0,0,0,0,0,0,0,32396
1,1,1,1,1634,-1609,371,-459,260,159,-19,12,28,0,0,0,0,0,0,0,0,0,0,0,0,0,0,0,0,0,0,0,0,0,0,32406
1,1,1,1,1582,-1677,389,-448,264,143,-17,14,29,0,0,0,0,0,0,0,0,0,0,0,0,0,0,0,0,0,0,0,0,0,0,32416
1,1,1,1,1484,-1697,421,-406,236,134,-19,16,28,0,0,0,0,0,0,0,0,0,0,0,0,0,0,0,0,0,0,0,0,0,0,32426
1,1,1,1,1487,-1721,408,-468,203,155,-13,13,29,0,0,0,0,0,0,0,0,0,0,0,0,0,0,0,0,0,0,0,0,0,0,32436
1,1,1,1,1531,-1695,355,-415,195,167,-13,14,28,0,0,0,0,0,0,0,0,0,0,0,0,0,0,0,0,0,0,0,0,0,0,32446
1,1,1,1,1540,-1706,366,-351,145,150,-12,14,29,0,0,0,0,0,0,0,0,0,0,0,0,0,0,0,0,0,0,0,0,0,0,32456
1,1,1,1,1515,-1632,347,-259,109,117,-10,15,33,0,0,0,0,0,0,0,0,0,0,0,0,0,0,0,0,0,0,0,0,0,0,32466
1,1,1,1,1504,-1522,358,-51,70,42,-7,16,33,0,0,0,0,0,0,0,0,0,0,0,0,0,0,0,0,0,0,0,0,0,0,32476
1,1,1,1,1494,-1475,308,329,-4,-46,-7,17,37,0,0,0,0,0,0,0,0,0,0,0,0,0,0,0,0,0,0,0,0,0,0,32486
1,1,1,1,1494,-1545,240,646,-104,-102,-7,16,37,0,0,0,0,0,0,0,0,0,0,0,0,0,0,0,0,0,0,0,0,0,0,32496
1,1,1,1,1457,-1607,201,738,-173,-102,-7,18,40,0,0,0,0,0,0,0,0,0,0,0,0,0,0,0,0,0,0,0,0,0,0,32506
1,1,1,1,1388,-1716,250,651,-214,-56,-5,20,39,0,0,0,0,0,0,0,0,0,0,0,0,0,0,0,0,0,0,0,0,0,0,32516
1,1,1,1,1359,-1748,349,549,-241,-20,-6,21,38,0,0,0,0,0,0,0,0,0,0,0,0,0,0,0,0,0,0,0,0,0,0,32526
1,1,1,1,1305,-1753,406,461,-267,-4,-4,20,36,0,0,0,0,0,0,0,0,0,0,0,0,0,0,0,0,0,0,0,0,0,0,32536
1,1,1,1,1339,-1717,454,416,-304,-1,-2,21,36,0,0,0,0,0,0,0,0,0,0,0,0,0,0,0,0,0,0,0,0,0,0,32546
1,1,1,1,1316,-1633,470,457,-339,-15,-2,20,38,0,0,0,0,0,0,0,0,0,0,0,0,0,0,0,0,0,0,0,0,0,0,32556
1,1,1,1,1311,-1561,470,560,-351,-35,-1,20,38,0,0,0,0,0,0,0,0,0,0,0,0,0,0,0,0,0,0,0,0,0,0,32566
1,1,1,1,1329,-1490,464,758,-357,-71,-2,22,38,0,0,0,0,0,0,0,0,0,0,0,0,0,0,0,0,0,0,0,0,0,0,32576
1,1,1,1,1367,-1462,459,929,-362,-88,0,21,39,0,0,0,0,0,0,0,0,0,0,0,0,0,0,0,0,0,0,0,0,0,0,32586
1,1,1,1,1379,-1567,437,988,-371,-107,1,21,39,0,0,0,0,0,0,0,0,0,0,0,0,0,0,0,0,0,0,0,0,0,0,32596
1,1,1,1,1399,-1627,455,970,-413,-111,0,22,39,0,0,0,0,0,0,0,0,0,0,0,0,0,0,0,0,0,0,0,0,0,0,32606
1,1,1,1,1406,-1646,489,903,-435,-85,3,22,41,0,0,0,0,0,0,0,0,0,0,0,0,0,0,0,0,0,0,0,0,0,0,32616
1,1,1,1,1344,-1714,490,786,-447,-79,4,22,39,0,0,0,0,0,0,0,0,0,0,0,0,0,0,0,0,0,0,0,0,0,0,32626
1,1,1,1,1391,-1725,533,618,-450,-96,0,24,41,0,0,0,0,0,0,0,0,0,0,0,0,0,0,0,0,0,0,0,0,0,0,32636
1,1,1,1,1456,-1683,640,398,-492,-82,-2,26,39,0,0,0,0,0,0,0,0,0,0,0,0,0,0,0,0,0,0,0,0,0,0,32646
1,1,1,1,1410,-1607,686,314,-534,-63,2,25,39,0,0,0,0,0,0,0,0,0,0,0,0,0,0,0,0,0,0,0,0,0,0,32656
1,1,1,1,1247,-1612,651,302,-506,-59,2,24,41,0,0,0,0,0,0,0,0,0,0,0,0,0,0,0,0,0,0,0,0,0,0,32666
1,1,1,1,1154,-1656,597,316,-433,-86,0,27,47,0,0,0,0,0,0,0,0,0,0,0,0,0,0,0,0,0,0,0,0,0,0,32676
1,1,1,1,1090,-1667,617,316,-393,-88,0,27,46,0,0,0,0,0,0,0,0,0,0,0,0,0,0,0,0,0,0,0,0,0,0,32686
1,1,1,1,1127,-1687,628,272,-349,-100,1,24,45,0,0,0,0,0,0,0,0,0,0,0,0,0,0,0,0,0,0,0,0,0,0,32696
1,1,1,1,1198,-1684,652,203,-287,-95,-1,26,44,0,0,0,0,0,0,0,0,0,0,0,0,0,0,0,0,0,0,0,0,0,0,32706
1,1,1,1,1325,-1685,649,115,-221,-110,-3,27,46,0,0,0,0,0,0,0,0,0,0,0,0,0,0,0,0,0,0,0,0,0,0,32716
1,1,1,1,1337,-1637,658,28,-139,-111,-4,28,49,0,0,0,0,0,0,0,0,0,0,0,0,0,0,0,0,0,0,0,0,0,0,32726
1,1,1,1,1375,-1608,670,-20,-47,-106,-3,26,49,0,0,0,0,0,0,0,0,0,0,0,0,0,0,0,0,0,0,0,0,0,0,32736
1,1,1,1,1374,-1596,684,-57,32,-99,-5,25,52,0,0,0,0,0,0,0,0,0,0,0,0,0,0,0,0,0,0,0,0,0,0,32746
1,1,1,1,1351,-1594,691,-82,117,-82,-5,27,56,0,0,0,0,0,0,0,0,0,0,0,0,0,0,0,0,0,0,0,0,0,0,32756
1,1,1,1,1299,-1580,680,-74,169,-66,-7,29,57,0,0,0,0,0,0,0,0,0,0,0,0,0,0,0,0,0,0,0,0,0,0,32766
1,1,1,1,1245,-1591,693,-44,223,-29,-9,29,58,0,0,0,0,0,0,0,0,0,0,0,0,0,0,0,0,0,0,0,0,0,0,32776
1,1,1,1,1241,-1666,688,-62,276,4,-12,29,63,0,0,0,0,0,0,0,0,0,0,0,0,0,0,0,0,0,0,0,0,0,0,32786
1,1,1,1,1273,-1734,681,-167,322,31,-16,29,64,0,0,0,0,0,0,0,0,0,0,0,0,0,0,0,0,0,0,0,0,0,0,32796
1,1,1,1,1292,-1714,663,-290,384,57,-16,29,65,0,0,0,0,0,0,0,0,0,0,0,0,0,0,0,0,0,0,0,0,0,0,32806
1,1,1,1,1264,-1719,663,-421,439,97,-22,30,64,0,0,0,0,0,0,0,0,0,0,0,0,0,0,0,0,0,0,0,0,0,0,32816
1,1,1,1,1255,-1731,683,-563,490,135,-22,28,66,0,0,0,0,0,0,0,0,0,0,0,0,0,0,0,0,0,0,0,0,0,0,32826
1,1,1,1,1250,-1715,707,-695,501,171,-22,29,66,0,0,0,0,0,0,0,0,0,0,0,0,0,0,0,0,0,0,0,0,0,0,32836
1,1,1,1,1347,-1718,689,-781,480,178,-26,29,70,0,0,0,0,0,0,0,0,0,0,0,0,0,0,0,0,0,0,0,0,0,0,32846
1,1,1,1,1357,-1688,593,-867,503,204,-28,28,72,0,0,0,0,0,0,0,0,0,0,0,0,0,0,0,0,0,0,0,0,0,0,32856
1,1,1,1,1451,-1654,595,-843,462,190,-30,29,76,0,0,0,0,0,0,0,0,0,0,0,0,0,0,0,0,0,0,0,0,0,0,32866
1,1,1,1,1563,-1655,521,-779,411,137,-35,28,78,0,0,0,0,0,0,0,0,0,0,0,0,0,0,0,0,0,0,0,0,0,0,32876
1,1,1,1,1559,-1607,406,-681,424,92,-35,29,75,0,0,0,0,0,0,0,0,0,0,0,0,0,0,0,0,0,0,0,0,0,0,32886
1,1,1,1,1548,-1514,462,-623,357,141,-36,25,82,0,0,0,0,0,0,0,0,0,0,0,0,0,0,0,0,0,0,0,0,0,0,32896
1,1,1,1,1695,-1630,269,-506,430,98,-35,27,79,0,0,0,0,0,0,0,0,0,0,0,0,0,0,0,0,0,0,0,0,0,0,32906
1,1,1,1,1574,-1616,427,-470,390,85,-34,26,79,0,0,0,0,0,0,0,0,0,0,0,0,0,0,0,0,0,0,0,0,0,0,32916
1,1,1,1,1615,-1663,399,-515,283,123,-36,25,79,0,0,0,0,0,0,0,0,0,0,0,0,0,0,0,0,0,0,0,0,0,0,32926
1,1,1,1,1618,-1725,339,-533,277,119,-38,25,78,0,0,0,0,0,0,0,0,0,0,0,0,0,0,0,0,0,0,0,0,0,0,32936
1,1,1,1,1571,-1698,343,-624,187,144,-37,25,76,0,0,0,0,0,0,0,0,0,0,0,0,0,0,0,0,0,0,0,0,0,0,32946
1,1,1,1,1525,-1658,276,-590,167,130,-33,23,71,0,0,0,0,0,0,0,0,0,0,0,0,0,0,0,0,0,0,0,0,0,0,32956
1,1,1,1,1519,-1656,287,-543,71,94,-30,23,70,0,0,0,0,0,0,0,0,0,0,0,0,0,0,0,0,0,0,0,0,0,0,32966
1,1,1,1,1522,-1616,238,-438,-17,52,-23,23,67,0,0,0,0,0,0,0,0,0,0,0,0,0,0,0,0,0,0,0,0,0,0,32976
1,1,1,1,1475,-1555,230,-269,-113,20,-22,28,67,0,0,0,0,0,0,0,0,0,0,0,0,0,0,0,0,0,0,0,0,0,0,32986
1,1,1,1,1445,-1532,216,-31,-166,-9,-17,24,60,0,0,0,0,0,0,0,0,0,0,0,0,0,0,0,0,0,0,0,0,0,0,32996
1,1,1,1,1378,-1555,235,143,-201,-29,-15,27,59,0,0,0,0,0,0,0,0,0,0,0,0,0,0,0,0,0,0,0,0,0,0,33006
1,1,1,1,1342,-1597,309,277,-234,-53,-16,31,61,0,0,0,0,0,0,0,0,0,0,0,0,0,0,0,0,0,0,0,0,0,0,33016
1,1,1,1,1356,-1651,369,339,-245,-64,-13,25,54,0,0,0,0,0,0,0,0,0,0,0,0,0,0,0,0,0,0,0,0,0,0,33026
1,1,1,1,1337,-1711,431,285,-251,-53,-11,26,56,0,0,0,0,0,0,0,0,0,0,0,0,0,0,0,0,0,0,0,0,0,0,33036
1,1,1,1,1285,-1773,471,200,-257,-66,-7,24,52,0,0,0,0,0,0,0,0,0,0,0,0,0,0,0,0,0,0,0,0,0,0,33046
1,1,1,1,1290,-1775,489,119,-274,-76,-5,25,52,0,0,0,0,0,0,0,0,0,0,0,0,0,0,0,0,0,0,0,0,0,0,33056
1,1,1,1,1317,-1754,485,35,-299,-92,-4,25,53,0,0,0,0,0,0,0,0,0,0,0,0,0,0,0,0,0,0,0,0,0,0,33066
1,1,1,1,1310,-1720,477,-3,-329,-106,-5,25,51,0,0,0,0,0,0,0,0,0,0,0,0,0,0,0,0,0,0,0,0,0,0,33076
1,1,1,1,1316,-1679,419,13,-335,-119,-4,24,49,0,0,0,0,0,0,0,0,0,0,0,0,0,0,0,0,0,0,0,0,0,0,33086
1,1,1,1,1291,-1615,398,96,-350,-117,-3,24,48,0,0,0,0,0,0,0,0,0,0,0,0,0,0,0,0,0,0,0,0,0,0,33096
1,1,1,1,1286,-1616,381,236,-347,-129,-2,24,46,0,0,0,0,0,0,0,0,0,0,0,0,0,0,0,0,0,0,0,0,0,0,33106
1,1,1,1,1343,-1652,409,320,-354,-130,0,23,45,0,0,0,0,0,0,0,0,0,0,0,0,0,0,0,0,0,0,0,0,0,0,33116
1,1,1,1,1371,-1682,452,367,-361,-131,-1,24,44,0,0,0,0,0,0,0,0,0,0,0,0,0,0,0,0,0,0,0,0,0,0,33126
1,1,1,1,1439,-1732,458,343,-346,-120,-1,24,44,0,0,0,0,0,0,0,0,0,0,0,0,0,0,0,0,0,0,0,0,0,0,33136
1,1,1,1,1436,-1739,475,279,-349,-108,-2,24,42,0,0,0,0,0,0,0,0,0,0,0,0,0,0,0,0,0,0,0,0,0,0,33146
1,1,1,1,1471,-1723,474,219,-333,-100,-2,24,42,0,0,0,0,0,0,0,0,0,0,0,0,0,0,0,0,0,0,0,0,0,0,33156
1,1,1,1,1501,-1706,484,155,-340,-104,-2,23,41,0,0,0,0,0,0,0,0,0,0,0,0,0,0,0,0,0,0,0,0,0,0,33166
1,1,1,1,1460,-1670,465,126,-314,-92,0,23,42,0,0,0,0,0,0,0,0,0,0,0,0,0,0,0,0,0,0,0,0,0,0,33176
1,1,1,1,1455,-1654,434,145,-264,-99,-1,24,42,0,0,0,0,0,0,0,0,0,0,0,0,0,0,0,0,0,0,0,0,0,0,33186
1,1,1,1,1459,-1603,489,216,-241,-96,2,23,41,0,0,0,0,0,0,0,0,0,0,0,0,0,0,0,0,0,0,0,0,0,0,33196
1,1,1,1,1445,-1520,481,393,-212,-97,5,24,42,0,0,0,0,0,0,0,0,0,0,0,0,0,0,0,0,0,0,0,0,0,0,33206
1,1,1,1,1405,-1530,458,604,-185,-116,2,25,44,0,0,0,0,0,0,0,0,0,0,0,0,0,0,0,0,0,0,0,0,0,0,33216
1,1,1,1,1459,-1621,434,666,-177,-119,3,24,42,0,0,0,0,0,0,0,0,0,0,0,0,0,0,0,0,0,0,0,0,0,0,33226
1,1,1,1,1440,-1672,458,655,-180,-118,2,26,44,0,0,0,0,0,0,0,0,0,0,0,0,0,0,0,0,0,0,0,0,0,0,33236
1,1,1,1,1430,-1703,468,589,-160,-101,-1,25,46,0,0,0,0,0,0,0,0,0,0,0,0,0,0,0,0,0,0,0,0,0,0,33246
1,1,1,1,1403,-1704,494,486,-147,-90,1,26,45,0,0,0,0,0,0,0,0,0,0,0,0,0,0,0,0,0,0,0,0,0,0,33256
1,1,1,1,1357,-1711,512,394,-131,-67,-1,25,42,0,0,0,0,0,0,0,0,0,0,0,0,0,0,0,0,0,0,0,0,0,0,33266
1,1,1,1,1247,-1706,511,277,-111,-28,-2,28,47,0,0,0,0,0,0,0,0,0,0,0,0,0,0,0,0,0,0,0,0,0,0,33276
1,1,1,1,1196,-1717,505,196,-79,-19,-2,29,46,0,0,0,0,0,0,0,0,0,0,0,0,0,0,0,0,0,0,0,0,0,0,33286
1,1,1,1,1192,-1692,551,139,-56,-4,-4,30,47,0,0,0,0,0,0,0,0,0,0,0,0,0,0,0,0,0,0,0,0,0,0,33296
1,1,1,1,1291,-1649,556,156,-21,-19,-3,27,46,0,0,0,0,0,0,0,0,0,0,0,0,0,0,0,0,0,0,0,0,0,0,33306
1,1,1,1,1354,-1639,538,168,25,-44,-4,24,47,0,0,0,0,0,0,0,0,0,0,0,0,0,0,0,0,0,0,0,0,0,0,33316
1,1,1,1,1364,-1623,542,162,66,-53,-4,27,51,0,0,0,0,0,0,0,0,0,0,0,0,0,0,0,0,0,0,0,0,0,0,33326
1,1,1,1,1385,-1613,575,158,116,-51,-5,30,55,0,0,0,0,0,0,0,0,0,0,0,0,0,0,0,0,0,0,0,0,0,0,33336
1,1,1,1,1340,-1636,606,116,188,-40,-5,24,53,0,0,0,0,0,0,0,0,0,0,0,0,0,0,0,0,0,0,0,0,0,0,33346
1,1,1,1,1298,-1652,644,48,260,-4,-8,26,54,0,0,0,0,0,0,0,0,0,0,0,0,0,0,0,0,0,0,0,0,0,0,33356
1,1,1,1,1264,-1667,701,-26,296,22,-8,26,54,0,0,0,0,0,0,0,0,0,0,0,0,0,0,0,0,0,0,0,0,0,0,33366
1,1,1,1,1239,-1687,708,-92,363,37,-10,26,54,0,0,0,0,0,0,0,0,0,0,0,0,0,0,0,0,0,0,0,0,0,0,33376
1,1,1,1,1195,-1683,690,-189,426,67,-12,25,56,0,0,0,0,0,0,0,0,0,0,0,0,0,0,0,0,0,0,0,0,0,0,33386
1,1,1,1,1197,-1715,634,-302,462,109,-16,24,59,0,0,0,0,0,0,0,0,0,0,0,0,0,0,0,0,0,0,0,0,0,0,33396
1,1,1,1,1254,-1746,586,-357,493,133,-18,25,58,0,0,0,0,0,0,0,0,0,0,0,0,0,0,0,0,0,0,0,0,0,0,33406
1,1,1,1,1285,-1724,577,-392,473,123,-18,22,59,0,0,0,0,0,0,0,0,0,0,0,0,0,0,0,0,0,0,0,0,0,0,33416
1,1,1,1,1316,-1664,538,-434,471,136,-20,23,61,0,0,0,0,0,0,0,0,0,0,0,0,0,0,0,0,0,0,0,0,0,0,33426
1,1,1,1,1300,-1665,531,-447,471,113,-20,23,59,0,0,0,0,0,0,0,0,0,0,0,0,0,0,0,0,0,0,0,0,0,0,33436
1,1,1,1,1379,-1648,571,-400,411,49,-23,25,62,0,0,0,0,0,0,0,0,0,0,0,0,0,0,0,0,0,0,0,0,0,0,33446
1,1,1,1,1397,-1654,544,-433,346,32,-25,23,60,0,0,0,0,0,0,0,0,0,0,0,0,0,0,0,0,0,0,0,0,0,0,33456
1,1,1,1,1499,-1609,523,-500,307,83,-27,19,60,0,0,0,0,0,0,0,0,0,0,0,0,0,0,0,0,0,0,0,0,0,0,33466
1,1,1,1,1627,-1676,368,-465,384,19,-28,20,57,0,0,0,0,0,0,0,0,0,0,0,0,0,0,0,0,0,0,0,0,0,0,33476
1,1,1,1,1577,-1593,439,-511,332,55,-27,19,51,0,0,0,0,0,0,0,0,0,0,0,0,0,0,0,0,0,0,0,0,0,0,33486
1,1,1,1,1639,-1553,439,-492,259,95,-25,20,53,0,0,0,0,0,0,0,0,0,0,0,0,0,0,0,0,0,0,0,0,0,0,33496
1,1,1,1,1681,-1581,400,-377,197,59,-24,17,53,0,0,0,0,0,0,0,0,0,0,0,0,0,0,0,0,0,0,0,0,0,0,33506
1,1,1,1,1721,-1504,398,-306,147,79,-24,17,52,0,0,0,0,0,0,0,0,0,0,0,0,0,0,0,0,0,0,0,0,0,0,33516
1,1,1,1,1794,-1522,295,-231,187,65,-19,16,52,0,0,0,0,0,0,0,0,0,0,0,0,0,0,0,0,0,0,0,0,0,0,33526
1,1,1,1,1743,-1558,355,-116,167,49,-20,18,53,0,0,0,0,0,0,0,0,0,0,0,0,0,0,0,0,0,0,0,0,0,0,33536
1,1,1,1,1647,-1630,336,-26,108,-2,-20,21,52,0,0,0,0,0,0,0,0,0,0,0,0,0,0,0,0,0,0,0,0,0,0,33546
1,1,1,1,1656,-1655,319,13,51,-12,-19,21,52,0,0,0,0,0,0,0,0,0,0,0,0,0,0,0,0,0,0,0,0,0,0,33556
1,1,1,1,1587,-1641,328,36,-6,-4,-13,19,46,0,0,0,0,0,0,0,0,0,0,0,0,0,0,0,0,0,0,0,0,0,0,33566
1,1,1,1,1501,-1597,333,59,-57,38,-13,20,48,0,0,0,0,0,0,0,0,0,0,0,0,0,0,0,0,0,0,0,0,0,0,33576
1,1,1,1,1414,-1610,332,102,-84,70,-10,21,47,0,0,0,0,0,0,0,0,0,0,0,0,0,0,0,0,0,0,0,0,0,0,33586
1,1,1,1,1328,-1623,367,154,-116,82,-11,23,44,0,0,0,0,0,0,0,0,0,0,0,0,0,0,0,0,0,0,0,0,0,0,33596
1,1,1,1,1276,-1631,395,188,-147,88,-10,19,43,0,0,0,0,0,0,0,0,0,0,0,0,0,0,0,0,0,0,0,0,0,0,33606
1,1,1,1,1232,-1640,441,257,-171,57,-8,22,43,0,0,0,0,0,0,0,0,0,0,0,0,0,0,0,0,0,0,0,0,0,0,33616
1,1,1,1,1177,-1670,448,274,-157,40,-7,19,41,0,0,0,0,0,0,0,0,0,0,0,0,0,0,0,0,0,0,0,0,0,0,33626
1,1,1,1,1184,-1717,463,239,-144,24,0,18,37,0,0,0,0,0,0,0,0,0,0,0,0,0,0,0,0,0,0,0,0,0,0,33636
1,1,1,1,1214,-1709,519,198,-147,19,-2,17,39,0,0,0,0,0,0,0,0,0,0,0,0,0,0,0,0,0,0,0,0,0,0,33646
1,1,1,1,1252,-1708,539,149,-150,0,-4,19,38,0,0,0,0,0,0,0,0,0,0,0,0,0,0,0,0,0,0,0,0,0,0,33656
1,1,1,1,1278,-1684,541,110,-152,-20,-4,19,37,0,0,0,0,0,0,0,0,0,0,0,0,0,0,0,0,0,0,0,0,0,0,33666
1,1,1,1,1320,-1647,526,96,-136,-30,-4,19,37,0,0,0,0,0,0,0,0,0,0,0,0,0,0,0,0,0,0,0,0,0,0,33676
1,1,1,1,1357,-1622,523,119,-122,-51,-4,19,38,0,0,0,0,0,0,0,0,0,0,0,0,0,0,0,0,0,0,0,0,0,0,33686
1,1,1,1,1394,-1635,510,148,-116,-59,-7,19,36,0,0,0,0,0,0,0,0,0,0,0,0,0,0,0,0,0,0,0,0,0,0,33696
1,1,1,1,1398,-1675,500,151,-104,-62,-7,18,37,0,0,0,0,0,0,0,0,0,0,0,0,0,0,0,0,0,0,0,0,0,0,33706
1,1,1,1,1431,-1684,506,113,-96,-55,-5,18,34,0,0,0,0,0,0,0,0,0,0,0,0,0,0,0,0,0,0,0,0,0,0,33716
1,1,1,1,1477,-1677,503,70,-97,-47,-4,18,35,0,0,0,0,0,0,0,0,0,0,0,0,0,0,0,0,0,0,0,0,0,0,33726
1,1,1,1,1485,-1657,481,52,-98,-40,-6,19,33,0,0,0,0,0,0,0,0,0,0,0,0,0,0,0,0,0,0,0,0,0,0,33736
1,1,1,1,1485,-1643,460,45,-104,-41,-2,18,35,0,0,0,0,0,0,0,0,0,0,0,0,0,0,0,0,0,0,0,0,0,0,33746
1,1,1,1,1449,-1614,437,85,-113,-40,-2,18,33,0,0,0,0,0,0,0,0,0,0,0,0,0,0,0,0,0,0,0,0,0,0,33756
1,1,1,1,1415,-1626,433,127,-105,-36,0,18,32,0,0,0,0,0,0,0,0,0,0,0,0,0,0,0,0,0,0,0,0,0,0,33766
1,1,1,1,1373,-1621,467,175,-84,-36,-3,19,31,0,0,0,0,0,0,0,0,0,0,0,0,0,0,0,0,0,0,0,0,0,0,33776
1,1,1,1,1413,-1648,524,199,-69,-28,-2,19,34,0,0,0,0,0,0,0,0,0,0,0,0,0,0,0,0,0,0,0,0,0,0,33786
1,1,1,1,1379,-1694,549,179,-54,-19,-1,19,31,0,0,0,0,0,0,0,0,0,0,0,0,0,0,0,0,0,0,0,0,0,0,33796
1,1,1,1,1378,-1718,555,115,-27,-3,-1,19,32,0,0,0,0,0,0,0,0,0,0,0,0,0,0,0,0,0,0,0,0,0,0,33806
1,1,1,1,1373,-1711,565,53,-5,20,-1,19,31,0,0,0,0,0,0,0,0,0,0,0,0,0,0,0,0,0,0,0,0,0,0,33816
1,1,1,1,1369,-1702,545,30,19,27,-2,18,31,0,0,0,0,0,0,0,0,0,0,0,0,0,0,0,0,0,0,0,0,0,0,33826
1,1,1,1,1377,-1683,554,-51,29,43,1,18,32,0,0,0,0,0,0,0,0,0,0,0,0,0,0,0,0,0,0,0,0,0,0,33836
1,1,1,1,1408,-1668,563,-93,40,34,-1,18,32,0,0,0,0,0,0,0,0,0,0,0,0,0,0,0,0,0,0,0,0,0,0,33846
1,1,1,1,1382,-1630,544,-108,55,36,0,18,31,0,0,0,0,0,0,0,0,0,0,0,0,0,0,0,0,0,0,0,0,0,0,33856
1,1,1,1,1417,-1608,524,-73,68,29,-2,22,31,0,0,0,0,0,0,0,0,0,0,0,0,0,0,0,0,0,0,0,0,0,0,33866
1,1,1,1,1447,-1601,501,18,71,16,-1,19,31,0,0,0,0,0,0,0,0,0,0,0,0,0,0,0,0,0,0,0,0,0,0,33876
1,1,1,1,1416,-1614,470,95,51,6,-2,20,35,0,0,0,0,0,0,0,0,0,0,0,0,0,0,0,0,0,0,0,0,0,0,33886
1,1,1,1,1418,-1655,437,122,51,-5,0,15,30,0,0,0,0,0,0,0,0,0,0,0,0,0,0,0,0,0,0,0,0,0,0,33896
1,1,1,1,1472,-1653,442,97,47,-14,-5,23,34,0,0,0,0,0,0,0,0,0,0,0,0,0,0,0,0,0,0,0,0,0,0,33906
1,1,1,1,1470,-1612,468,50,5,-15,-4,20,35,0,0,0,0,0,0,0,0,0,0,0,0,0,0,0,0,0,0,0,0,0,0,33916
1,1,1,1,1461,-1638,429,36,-8,-30,-5,22,35,0,0,0,0,0,0,0,0,0,0,0,0,0,0,0,0,0,0,0,0,0,0,33926
1,1,1,1,1474,-1644,409,26,-38,-63,-4,21,36,0,0,0,0,0,0,0,0,0,0,0,0,0,0,0,0,0,0,0,0,0,0,33936
1,1,1,1,1447,-1562,447,23,-102,-36,-1,19,32,0,0,0,0,0,0,0,0,0,0,0,0,0,0,0,0,0,0,0,0,0,0,33946
1,1,1,1,1399,-1537,449,114,-124,-27,2,19,35,0,0,0,0,0,0,0,0,0,0,0,0,0,0,0,0,0,0,0,0,0,0,33956
1,1,1,1,1347,-1553,414,244,-90,-32,3,20,37,0,0,0,0,0,0,0,0,0,0,0,0,0,0,0,0,0,0,0,0,0,0,33966
1,1,1,1,1340,-1602,446,319,-82,-53,3,20,35,0,0,0,0,0,0,0,0,0,0,0,0,0,0,0,0,0,0,0,0,0,0,33976
1,1,1,1,1321,-1571,516,367,-118,-30,2,21,38,0,0,0,0,0,0,0,0,0,0,0,0,0,0,0,0,0,0,0,0,0,0,33986
1,1,1,1,1258,-1633,488,403,-116,-26,0,21,37,0,0,0,0,0,0,0,0,0,0,0,0,0,0,0,0,0,0,0,0,0,0,33996
1,1,1,1,1224,-1674,505,387,-130,-40,-1,21,37,0,0,0,0,0,0,0,0,0,0,0,0,0,0,0,0,0,0,0,0,0,0,34006
1,1,1,1,1169,-1692,496,340,-140,-49,-2,21,37,0,0,0,0,0,0,0,0,0,0,0,0,0,0,0,0,0,0,0,0,0,0,34016
1,1,1,1,1196,-1693,539,285,-139,-52,0,21,37,0,0,0,0,0,0,0,0,0,0,0,0,0,0,0,0,0,0,0,0,0,0,34026
1,1,1,1,1297,-1682,578,218,-121,-52,1,21,37,0,0,0,0,0,0,0,0,0,0,0,0,0,0,0,0,0,0,0,0,0,0,34036
1,1,1,1,1297,-1669,601,151,-94,-59,-4,21,37,0,0,0,0,0,0,0,0,0,0,0,0,0,0,0,0,0,0,0,0,0,0,34046
1,1,1,1,1318,-1668,609,56,-74,-67,-3,21,36,0,0,0,0,0,0,0,0,0,0,0,0,0,0,0,0,0,0,0,0,0,0,34056
1,1,1,1,1355,-1655,614,-27,-42,-58,-5,21,38,0,0,0,0,0,0,0,0,0,0,0,0,0,0,0,0,0,0,0,0,0,0,34066
1,1,1,1,1368,-1630,613,-74,-29,-50,-5,20,36,0,0,0,0,0,0,0,0,0,0,0,0,0,0,0,0,0,0,0,0,0,0,34076
1,1,1,1,1377,-1614,594,-90,-2,-38,-7,21,38,0,0,0,0,0,0,0,0,0,0,0,0,0,0,0,0,0,0,0,0,0,0,34086
1,1,1,1,1379,-1613,576,-87,19,-30,-7,20,37,0,0,0,0,0,0,0,0,0,0,0,0,0,0,0,0,0,0,0,0,0,0,34096
1,1,1,1,1365,-1623,576,-99,25,-15,-7,20,39,0,0,0,0,0,0,0,0,0,0,0,0,0,0,0,0,0,0,0,0,0,0,34106
1,1,1,1,1367,-1647,559,-139,44,4,-10,21,35,0,0,0,0,0,0,0,0,0,0,0,0,0,0,0,0,0,0,0,0,0,0,34116
1,1,1,1,1339,-1664,545,-182,54,26,-8,19,37,0,0,0,0,0,0,0,0,0,0,0,0,0,0,0,0,0,0,0,0,0,0,34126
1,1,1,1,1326,-1694,536,-265,53,57,-11,20,36,0,0,0,0,0,0,0,0,0,0,0,0,0,0,0,0,0,0,0,0,0,0,34136
1,1,1,1,1358,-1725,524,-367,51,81,-11,19,35,0,0,0,0,0,0,0,0,0,0,0,0,0,0,0,0,0,0,0,0,0,0,34146
1,1,1,1,1404,-1706,520,-475,44,108,-14,20,36,0,0,0,0,0,0,0,0,0,0,0,0,0,0,0,0,0,0,0,0,0,0,34156
1,1,1,1,1447,-1653,505,-547,38,112,-14,20,36,0,0,0,0,0,0,0,0,0,0,0,0,0,0,0,0,0,0,0,0,0,0,34166
1,1,1,1,1486,-1576,515,-529,31,107,-12,19,34,0,0,0,0,0,0,0,0,0,0,0,0,0,0,0,0,0,0,0,0,0,0,34176
1,1,1,1,1527,-1557,482,-444,61,84,-13,19,32,0,0,0,0,0,0,0,0,0,0,0,0,0,0,0,0,0,0,0,0,0,0,34186
1,1,1,1,1542,-1524,487,-333,84,62,-12,16,32,0,0,0,0,0,0,0,0,0,0,0,0,0,0,0,0,0,0,0,0,0,0,34196
1,1,1,1,1502,-1541,480,-206,94,46,-11,18,34,0,0,0,0,0,0,0,0,0,0,0,0,0,0,0,0,0,0,0,0,0,0,34206
1,1,1,1,1510,-1619,468,-159,83,44,-13,19,32,0,0,0,0,0,0,0,0,0,0,0,0,0,0,0,0,0,0,0,0,0,0,34216
1,1,1,1,1451,-1709,457,-215,76,43,-13,18,36,0,0,0,0,0,0,0,0,0,0,0,0,0,0,0,0,0,0,0,0,0,0,34226
1,1,1,1,1393,-1761,480,-371,62,75,-14,19,35,0,0,0,0,0,0,0,0,0,0,0,0,0,0,0,0,0,0,0,0,0,0,34236
1,1,1,1,1344,-1770,475,-507,56,89,-13,19,33,0,0,0,0,0,0,0,0,0,0,0,0,0,0,0,0,0,0,0,0,0,0,34246
1,1,1,1,1306,-1779,489,-669,32,116,-13,18,34,0,0,0,0,0,0,0,0,0,0,0,0,0,0,0,0,0,0,0,0,0,0,34256
1,1,1,1,1305,-1773,493,-787,40,127,-15,18,32,0,0,0,0,0,0,0,0,0,0,0,0,0,0,0,0,0,0,0,0,0,0,34266
1,1,1,1,1305,-1773,493,-830,45,133,-14,18,33,0,0,0,0,0,0,0,0,0,0,0,0,0,0,0,0,0,0,0,0,0,0,34276
1,1,1,1,1348,-1686,459,-855,58,131,-15,17,33,0,0,0,0,0,0,0,0,0,0,0,0,0,0,0,0,0,0,0,0,0,0,34286
1,1,1,1,1348,-1686,459,-785,78,122,-14,16,30,0,0,0,0,0,0,0,0,0,0,0,0,0,0,0,0,0,0,0,0,0,0,34296
1,1,1,1,1389,-1649,465,-746,54,115,-14,15,26,0,0,0,0,0,0,0,0,0,0,0,0,0,0,0,0,0,0,0,0,0,0,34306
1,1,1,1,1440,-1647,428,-713,70,108,-15,15,28,0,0,0,0,0,0,0,0,0,0,0,0,0,0,0,0,0,0,0,0,0,0,34316
1,1,1,1,1494,-1683,405,-696,101,85,-12,14,29,0,0,0,0,0,0,0,0,0,0,0,0,0,0,0,0,0,0,0,0,0,0,34326
1,1,1,1,1448,-1701,424,-640,97,64,-13,16,30,0,0,0,0,0,0,0,0,0,0,0,0,0,0,0,0,0,0,0,0,0,0,34336
1,1,1,1,1421,-1700,404,-602,109,48,-12,15,31,0,0,0,0,0,0,0,0,0,0,0,0,0,0,0,0,0,0,0,0,0,0,34346
1,1,1,1,1385,-1719,406,-568,115,38,-15,15,29,0,0,0,0,0,0,0,0,0,0,0,0,0,0,0,0,0,0,0,0,0,0,34356
1,1,1,1,1383,-1717,406,-554,101,45,-16,15,30,0,0,0,0,0,0,0,0,0,0,0,0,0,0,0,0,0,0,0,0,0,0,34366
1,1,1,1,1434,-1683,322,-474,129,31,-14,15,33,0,0,0,0,0,0,0,0,0,0,0,0,0,0,0,0,0,0,0,0,0,0,34376
1,1,1,1,1413,-1625,239,-148,118,1,-13,15,34,0,0,0,0,0,0,0,0,0,0,0,0,0,0,0,0,0,0,0,0,0,0,34386
1,1,1,1,1423,-1617,251,52,78,-17,-15,15,33,0,0,0,0,0,0,0,0,0,0,0,0,0,0,0,0,0,0,0,0,0,0,34396
1,1,1,1,1467,-1648,254,145,55,-33,-13,16,32,0,0,0,0,0,0,0,0,0,0,0,0,0,0,0,0,0,0,0,0,0,0,34406
1,1,1,1,1425,-1690,281,218,43,-37,-14,16,34,0,0,0,0,0,0,0,0,0,0,0,0,0,0,0,0,0,0,0,0,0,0,34416
1,1,1,1,1252,-1712,370,153,47,-52,-12,16,35,0,0,0,0,0,0,0,0,0,0,0,0,0,0,0,0,0,0,0,0,0,0,34426
1,1,1,1,1337,-1768,324,125,1,-57,-12,17,34,0,0,0,0,0,0,0,0,0,0,0,0,0,0,0,0,0,0,0,0,0,0,34436
1,1,1,1,1442,-1862,246,103,16,-36,-11,16,33,0,0,0,0,0,0,0,0,0,0,0,0,0,0,0,0,0,0,0,0,0,0,34446
1,1,1,1,1262,-1757,376,6,-15,-31,-13,16,30,0,0,0,0,0,0,0,0,0,0,0,0,0,0,0,0,0,0,0,0,0,0,34466
1,1,1,1,1371,-1764,374,-32,-13,-17,-13,18,31,0,0,0,0,0,0,0,0,0,0,0,0,0,0,0,0,0,0,0,0,0,0,34476
1,1,1,1,1411,-1763,373,-21,0,-21,-15,18,28,0,0,0,0,0,0,0,0,0,0,0,0,0,0,0,0,0,0,0,0,0,0,34486
1,1,1,1,1402,-1711,393,-17,-11,-14,-13,15,28,0,0,0,0,0,0,0,0,0,0,0,0,0,0,0,0,0,0,0,0,0,0,34496
1,1,1,1,1402,-1722,371,5,-26,-11,-15,17,28,0,0,0,0,0,0,0,0,0,0,0,0,0,0,0,0,0,0,0,0,0,0,34506
1,1,1,1,1432,-1745,351,-29,2,1,-15,13,27,0,0,0,0,0,0,0,0,0,0,0,0,0,0,0,0,0,0,0,0,0,0,34516
1,1,1,1,1382,-1749,344,-4,0,-10,-13,15,27,0,0,0,0,0,0,0,0,0,0,0,0,0,0,0,0,0,0,0,0,0,0,34526
1,1,1,1,1341,-1743,342,-12,-3,-9,-14,18,30,0,0,0,0,0,0,0,0,0,0,0,0,0,0,0,0,0,0,0,0,0,0,34536
1,1,1,1,1287,-1745,332,0,-32,-30,-11,14,29,0,0,0,0,0,0,0,0,0,0,0,0,0,0,0,0,0,0,0,0,0,0,34546
1,1,1,1,1310,-1733,355,-41,-36,-11,-12,16,30,0,0,0,0,0,0,0,0,0,0,0,0,0,0,0,0,0,0,0,0,0,0,34556
1,1,1,1,1339,-1778,340,-14,-14,-22,-10,15,27,0,0,0,0,0,0,0,0,0,0,0,0,0,0,0,0,0,0,0,0,0,0,34566
1,1,1,1,1345,-1803,403,-133,-34,-14,-9,15,26,0,0,0,0,0,0,0,0,0,0,0,0,0,0,0,0,0,0,0,0,0,0,34576
1,1,1,1,1409,-1773,418,-210,-28,-5,-7,15,27,0,0,0,0,0,0,0,0,0,0,0,0,0,0,0,0,0,0,0,0,0,0,34586
1,1,1,1,1474,-1779,376,-201,-14,15,-10,15,27,0,0,0,0,0,0,0,0,0,0,0,0,0,0,0,0,0,0,0,0,0,0,34596
1,1,1,1,1480,-1736,343,-155,6,9,-12,16,28,0,0,0,0,0,0,0,0,0,0,0,0,0,0,0,0,0,0,0,0,0,0,34606
1,1,1,1,1421,-1732,333,-98,3,-5,-10,16,29,0,0,0,0,0,0,0,0,0,0,0,0,0,0,0,0,0,0,0,0,0,0,34616
1,1,1,1,1394,-1709,315,-64,-3,-3,-9,17,31,0,0,0,0,0,0,0,0,0,0,0,0,0,0,0,0,0,0,0,0,0,0,34626
1,1,1,1,1401,-1711,303,-8,-8,-13,-9,16,29,0,0,0,0,0,0,0,0,0,0,0,0,0,0,0,0,0,0,0,0,0,0,34636
1,1,1,1,1365,-1719,308,52,-15,-15,-7,17,29,0,0,0,0,0,0,0,0,0,0,0,0,0,0,0,0,0,0,0,0,0,0,34646
1,1,1,1,1378,-1734,307,93,-15,-17,-10,18,29,0,0,0,0,0,0,0,0,0,0,0,0,0,0,0,0,0,0,0,0,0,0,34656
1,1,1,1,1394,-1823,361,-40,-10,14,-10,17,29,0,0,0,0,0,0,0,0,0,0,0,0,0,0,0,0,0,0,0,0,0,0,34676
1,1,1,1,1375,-1831,395,-153,0,36,-11,17,31,0,0,0,0,0,0,0,0,0,0,0,0,0,0,0,0,0,0,0,0,0,0,34686
1,1,1,1,1359,-1868,398,-269,25,45,-12,18,28,0,0,0,0,0,0,0,0,0,0,0,0,0,0,0,0,0,0,0,0,0,0,34696
1,1,1,1,1310,-1847,413,-383,21,64,-11,17,29,0,0,0,0,0,0,0,0,0,0,0,0,0,0,0,0,0,0,0,0,0,0,34706
1,1,1,1,1299,-1799,379,-420,47,70,-10,17,29,0,0,0,0,0,0,0,0,0,0,0,0,0,0,0,0,0,0,0,0,0,0,34716
1,1,1,1,1300,-1751,358,-357,70,56,-11,17,28,0,0,0,0,0,0,0,0,0,0,0,0,0,0,0,0,0,0,0,0,0,0,34726
1,1,1,1,1317,-1705,340,-264,69,47,-12,16,27,0,0,0,0,0,0,0,0,0,0,0,0,0,0,0,0,0,0,0,0,0,0,34736
1,1,1,1,1393,-1719,338,-176,50,55,-13,15,30,0,0,0,0,0,0,0,0,0,0,0,0,0,0,0,0,0,0,0,0,0,0,34746
1,1,1,1,1442,-1769,282,-151,80,55,-13,16,23,0,0,0,0,0,0,0,0,0,0,0,0,0,0,0,0,0,0,0,0,0,0,34756
1,1,1,1,1408,-1770,332,-129,81,50,-11,13,27,0,0,0,0,0,0,0,0,0,0,0,0,0,0,0,0,0,0,0,0,0,0,34766
1,1,1,1,1395,-1808,338,-174,62,57,-15,16,26,0,0,0,0,0,0,0,0,0,0,0,0,0,0,0,0,0,0,0,0,0,0,34776
1,1,1,1,1428,-1816,311,-245,76,88,-15,16,25,0,0,0,0,0,0,0,0,0,0,0,0,0,0,0,0,0,0,0,0,0,0,34786
1,1,1,1,1383,-1827,306,-277,93,95,-17,18,28,0,0,0,0,0,0,0,0,0,0,0,0,0,0,0,0,0,0,0,0,0,0,34796
1,1,1,1,1344,-1805,325,-313,69,111,-17,15,27,0,0,0,0,0,0,0,0,0,0,0,0,0,0,0,0,0,0,0,0,0,0,34806
1,1,1,1,1332,-1808,289,-312,77,97,-17,14,28,0,0,0,0,0,0,0,0,0,0,0,0,0,0,0,0,0,0,0,0,0,0,34816
1,1,1,1,1303,-1763,284,-242,83,79,-14,9,26,0,0,0,0,0,0,0,0,0,0,0,0,0,0,0,0,0,0,0,0,0,0,34826
1,1,1,1,1329,-1763,282,-162,84,62,-12,10,25,0,0,0,0,0,0,0,0,0,0,0,0,0,0,0,0,0,0,0,0,0,0,34836
1,1,1,1,1351,-1763,289,-80,53,40,-12,13,24,0,0,0,0,0,0,0,0,0,0,0,0,0,0,0,0,0,0,0,0,0,0,34846
1,1,1,1,1375,-1759,291,-44,44,50,-10,11,25,0,0,0,0,0,0,0,0,0,0,0,0,0,0,0,0,0,0,0,0,0,0,34856
1,1,1,1,1370,-1790,288,7,80,36,-11,12,21,0,0,0,0,0,0,0,0,0,0,0,0,0,0,0,0,0,0,0,0,0,0,34866
1,1,1,1,1345,-1809,338,4,67,28,-9,12,21,0,0,0,0,0,0,0,0,0,0,0,0,0,0,0,0,0,0,0,0,0,0,34876
1,1,1,1,1364,-1812,329,-29,50,38,-13,11,23,0,0,0,0,0,0,0,0,0,0,0,0,0,0,0,0,0,0,0,0,0,0,34886
1,1,1,1,1388,-1824,277,-43,71,50,-12,12,22,0,0,0,0,0,0,0,0,0,0,0,0,0,0,0,0,0,0,0,0,0,0,34896
1,1,1,1,1380,-1827,300,-40,58,33,-10,11,20,0,0,0,0,0,0,0,0,0,0,0,0,0,0,0,0,0,0,0,0,0,0,34906
1,1,1,1,1443,-1786,268,-39,49,45,-9,11,20,0,0,0,0,0,0,0,0,0,0,0,0,0,0,0,0,0,0,0,0,0,0,34916
1,1,1,1,1487,-1766,279,2,40,42,-11,11,22,0,0,0,0,0,0,0,0,0,0,0,0,0,0,0,0,0,0,0,0,0,0,34926
1,1,1,1,1470,-1731,263,86,33,10,-9,13,21,0,0,0,0,0,0,0,0,0,0,0,0,0,0,0,0,0,0,0,0,0,0,34936
1,1,1,1,1509,-1707,271,194,20,-35,-5,13,22,0,0,0,0,0,0,0,0,0,0,0,0,0,0,0,0,0,0,0,0,0,0,34946
1,1,1,1,1557,-1717,276,274,-4,-88,-5,14,20,0,0,0,0,0,0,0,0,0,0,0,0,0,0,0,0,0,0,0,0,0,0,34956
1,1,1,1,1576,-1701,288,356,-44,-117,-3,13,22,0,0,0,0,0,0,0,0,0,0,0,0,0,0,0,0,0,0,0,0,0,0,34966
1,1,1,1,1549,-1697,283,395,-75,-83,-5,14,20,0,0,0,0,0,0,0,0,0,0,0,0,0,0,0,0,0,0,0,0,0,0,34976
1,1,1,1,1482,-1739,290,404,-95,-35,-4,14,22,0,0,0,0,0,0,0,0,0,0,0,0,0,0,0,0,0,0,0,0,0,0,34986
1,1,1,1,1395,-1809,293,399,-98,-25,-4,14,22,0,0,0,0,0,0,0,0,0,0,0,0,0,0,0,0,0,0,0,0,0,0,34996
1,1,1,1,1296,-1844,294,392,-93,-36,-3,14,21,0,0,0,0,0,0,0,0,0,0,0,0,0,0,0,0,0,0,0,0,0,0,35006
1,1,1,1,1219,-1809,295,394,-97,-49,-3,14,19,0,0,0,0,0,0,0,0,0,0,0,0,0,0,0,0,0,0,0,0,0,0,35016
1,1,1,1,1194,-1783,279,431,-79,-79,1,15,16,0,0,0,0,0,0,0,0,0,0,0,0,0,0,0,0,0,0,0,0,0,0,35026
1,1,1,1,1214,-1758,277,446,-76,-72,1,14,17,0,0,0,0,0,0,0,0,0,0,0,0,0,0,0,0,0,0,0,0,0,0,35036
1,1,1,1,1256,-1764,291,446,-108,-83,1,15,14,0,0,0,0,0,0,0,0,0,0,0,0,0,0,0,0,0,0,0,0,0,0,35046
1,1,1,1,1282,-1719,297,479,-132,-97,2,14,16,0,0,0,0,0,0,0,0,0,0,0,0,0,0,0,0,0,0,0,0,0,0,35056
1,1,1,1,1337,-1716,295,495,-146,-108,3,14,17,0,0,0,0,0,0,0,0,0,0,0,0,0,0,0,0,0,0,0,0,0,0,35066
1,1,1,1,1387,-1723,337,502,-181,-123,4,15,14,0,0,0,0,0,0,0,0,0,0,0,0,0,0,0,0,0,0,0,0,0,0,35076
1,1,1,1,1403,-1724,344,502,-207,-144,3,15,16,0,0,0,0,0,0,0,0,0,0,0,0,0,0,0,0,0,0,0,0,0,0,35086
1,1,1,1,1390,-1706,337,502,-229,-171,1,16,17,0,0,0,0,0,0,0,0,0,0,0,0,0,0,0,0,0,0,0,0,0,0,35096
1,1,1,1,1356,-1716,348,469,-255,-196,0,14,17,0,0,0,0,0,0,0,0,0,0,0,0,0,0,0,0,0,0,0,0,0,0,35106
1,1,1,1,1367,-1723,357,423,-279,-210,0,15,22,0,0,0,0,0,0,0,0,0,0,0,0,0,0,0,0,0,0,0,0,0,0,35116
1,1,1,1,1347,-1702,347,401,-281,-243,1,17,23,0,0,0,0,0,0,0,0,0,0,0,0,0,0,0,0,0,0,0,0,0,0,35126
1,1,1,1,1354,-1659,353,418,-291,-271,3,15,21,0,0,0,0,0,0,0,0,0,0,0,0,0,0,0,0,0,0,0,0,0,0,35136
1,1,1,1,1406,-1615,369,492,-288,-302,4,15,22,0,0,0,0,0,0,0,0,0,0,0,0,0,0,0,0,0,0,0,0,0,0,35146
1,1,1,1,1409,-1580,389,592,-289,-312,5,16,22,0,0,0,0,0,0,0,0,0,0,0,0,0,0,0,0,0,0,0,0,0,0,35156
1,1,1,1,1400,-1622,408,678,-281,-326,5,16,19,0,0,0,0,0,0,0,0,0,0,0,0,0,0,0,0,0,0,0,0,0,0,35166
1,1,1,1,1370,-1668,441,665,-261,-311,7,16,24,0,0,0,0,0,0,0,0,0,0,0,0,0,0,0,0,0,0,0,0,0,0,35176
1,1,1,1,1351,-1727,482,639,-237,-298,5,16,24,0,0,0,0,0,0,0,0,0,0,0,0,0,0,0,0,0,0,0,0,0,0,35186
1,1,1,1,1320,-1790,509,513,-212,-265,2,16,24,0,0,0,0,0,0,0,0,0,0,0,0,0,0,0,0,0,0,0,0,0,0,35196
1,1,1,1,1349,-1841,510,341,-177,-227,-2,17,25,0,0,0,0,0,0,0,0,0,0,0,0,0,0,0,0,0,0,0,0,0,0,35206
1,1,1,1,1340,-1905,537,92,-155,-186,-4,16,26,0,0,0,0,0,0,0,0,0,0,0,0,0,0,0,0,0,0,0,0,0,0,35216
1,1,1,1,1333,-1949,531,-232,-133,-127,-6,16,26,0,0,0,0,0,0,0,0,0,0,0,0,0,0,0,0,0,0,0,0,0,0,35226
1,1,1,1,1306,-1858,518,-487,-101,-74,-5,15,27,0,0,0,0,0,0,0,0,0,0,0,0,0,0,0,0,0,0,0,0,0,0,35236
1,1,1,1,1241,-1712,496,-537,-82,-28,-4,16,26,0,0,0,0,0,0,0,0,0,0,0,0,0,0,0,0,0,0,0,0,0,0,35246
1,1,1,1,1211,-1690,456,-512,-78,44,-6,16,23,0,0,0,0,0,0,0,0,0,0,0,0,0,0,0,0,0,0,0,0,0,0,35256
1,1,1,1,1214,-1702,466,-555,-98,141,-6,16,25,0,0,0,0,0,0,0,0,0,0,0,0,0,0,0,0,0,0,0,0,0,0,35266
1,1,1,1,1254,-1710,446,-594,-84,205,-11,16,26,0,0,0,0,0,0,0,0,0,0,0,0,0,0,0,0,0,0,0,0,0,0,35276
1,1,1,1,1329,-1745,466,-676,-39,280,-10,15,26,0,0,0,0,0,0,0,0,0,0,0,0,0,0,0,0,0,0,0,0,0,0,35286
1,1,1,1,1429,-1833,463,-847,6,319,-15,15,27,0,0,0,0,0,0,0,0,0,0,0,0,0,0,0,0,0,0,0,0,0,0,35296
1,1,1,1,1527,-1924,487,-1045,-17,306,-17,16,32,0,0,0,0,0,0,0,0,0,0,0,0,0,0,0,0,0,0,0,0,0,0,35306
1,1,1,1,1537,-1901,398,-1274,24,265,-16,16,30,0,0,0,0,0,0,0,0,0,0,0,0,0,0,0,0,0,0,0,0,0,0,35316
1,1,1,1,1501,-1722,451,-1322,-40,270,-19,15,35,0,0,0,0,0,0,0,0,0,0,0,0,0,0,0,0,0,0,0,0,0,0,35326
1,1,1,1,1578,-1670,272,-1347,-62,252,-20,17,36,0,0,0,0,0,0,0,0,0,0,0,0,0,0,0,0,0,0,0,0,0,0,35336
1,1,1,1,1600,-1599,266,-1251,-89,234,-24,18,38,0,0,0,0,0,0,0,0,0,0,0,0,0,0,0,0,0,0,0,0,0,0,35346
1,1,1,1,1664,-1672,180,-1348,-225,246,-26,18,43,0,0,0,0,0,0,0,0,0,0,0,0,0,0,0,0,0,0,0,0,0,0,35356
1,1,1,1,1585,-1813,63,-1454,-235,174,-28,19,43,0,0,0,0,0,0,0,0,0,0,0,0,0,0,0,0,0,0,0,0,0,0,35366
1,1,1,1,1500,-1868,172,-1646,-351,184,-31,20,45,0,0,0,0,0,0,0,0,0,0,0,0,0,0,0,0,0,0,0,0,0,0,35376
1,1,1,1,1458,-2305,-137,-2702,-442,219,-56,17,35,0,0,0,0,0,0,0,0,0,0,0,0,0,0,0,0,0,0,0,0,0,0,35386
1,1,1,1,1528,-2483,-275,-4907,-645,371,-39,21,33,0,0,0,0,0,0,0,0,0,0,0,0,0,0,0,0,0,0,0,0,0,0,35396
1,1,1,1,1594,-1984,37,-5105,-790,344,-47,16,29,0,0,0,0,0,0,0,0,0,0,0,0,0,0,0,0,0,0,0,0,0,0,35406
1,1,1,1,1395,-1907,-162,-5075,-865,395,-25,17,32,0,0,0,0,0,0,0,0,0,0,0,0,0,0,0,0,0,0,0,0,0,0,35416
1,1,1,1,1226,-1880,-31,-3750,-873,356,-34,13,24,0,0,0,0,0,0,0,0,0,0,0,0,0,0,0,0,0,0,0,0,0,0,35426
1,1,1,1,1396,-1628,118,-4066,-837,289,-38,13,28,0,0,0,0,0,0,0,0,0,0,0,0,0,0,0,0,0,0,0,0,0,0,35436
1,1,1,1,1276,-1657,-30,-4294,-736,186,-25,12,32,0,0,0,0,0,0,0,0,0,0,0,0,0,0,0,0,0,0,0,0,0,0,35446
1,1,1,1,1472,-1504,-349,-3336,-650,57,-20,12,26,0,0,0,0,0,0,0,0,0,0,0,0,0,0,0,0,0,0,0,0,0,0,35456
1,1,1,1,1677,-1739,-488,-2723,-602,49,-25,13,27,0,0,0,0,0,0,0,0,0,0,0,0,0,0,0,0,0,0,0,0,0,0,35466
1,1,1,1,1677,-1739,-488,-3160,-681,16,-32,16,32,0,0,0,0,0,0,0,0,0,0,0,0,0,0,0,0,0,0,0,0,0,0,35476
1,1,1,1,1574,-2115,-551,-3607,-729,10,-33,10,31,0,0,0,0,0,0,0,0,0,0,0,0,0,0,0,0,0,0,0,0,0,0,35486
1,1,1,1,1333,-2114,-856,-4073,-733,17,-30,12,22,0,0,0,0,0,0,0,0,0,0,0,0,0,0,0,0,0,0,0,0,0,0,35496
1,1,1,1,1242,-2021,-686,-4432,-800,55,-18,14,22,0,0,0,0,0,0,0,0,0,0,0,0,0,0,0,0,0,0,0,0,0,0,35506
1,1,1,1,980,-1805,-472,-3951,-903,-21,-17,10,17,0,0,0,0,0,0,0,0,0,0,0,0,0,0,0,0,0,0,0,0,0,0,35516
1,1,1,1,1072,-1740,-412,-3372,-979,-93,-15,15,17,0,0,0,0,0,0,0,0,0,0,0,0,0,0,0,0,0,0,0,0,0,0,35526
1,1,1,1,1426,-1987,-433,-3170,-1124,-282,-12,13,19,0,0,0,0,0,0,0,0,0,0,0,0,0,0,0,0,0,0,0,0,0,0,35536
1,1,1,1,1467,-1889,-836,-2702,-1006,-370,-10,13,15,0,0,0,0,0,0,0,0,0,0,0,0,0,0,0,0,0,0,0,0,0,0,35546
1,1,1,1,1478,-1702,-1136,-2393,-755,-301,-15,14,12,0,0,0,0,0,0,0,0,0,0,0,0,0,0,0,0,0,0,0,0,0,0,35556
1,1,1,1,1639,-1762,-1116,-2683,-704,-192,-19,13,14,0,0,0,0,0,0,0,0,0,0,0,0,0,0,0,0,0,0,0,0,0,0,35566
1,1,1,1,1643,-1851,-1297,-3215,-594,-82,-21,13,16,0,0,0,0,0,0,0,0,0,0,0,0,0,0,0,0,0,0,0,0,0,0,35576
1,1,1,1,1644,-1947,-1220,-3822,-635,-80,-20,12,11,0,0,0,0,0,0,0,0,0,0,0,0,0,0,0,0,0,0,0,0,0,0,35586
1,1,1,1,1538,-1809,-1162,-4130,-544,-105,-11,8,14,0,0,0,0,0,0,0,0,0,0,0,0,0,0,0,0,0,0,0,0,0,0,35596
1,1,1,1,1371,-1518,-961,-3304,-446,-105,-6,12,16,0,0,0,0,0,0,0,0,0,0,0,0,0,0,0,0,0,0,0,0,0,0,35606
1,1,1,1,1226,-1522,-1045,-2397,-462,-210,-7,12,16,0,0,0,0,0,0,0,0,0,0,0,0,0,0,0,0,0,0,0,0,0,0,35616
1,1,1,1,1300,-1449,-1081,-1825,-550,-343,-8,9,18,0,0,0,0,0,0,0,0,0,0,0,0,0,0,0,0,0,0,0,0,0,0,35626
1,1,1,1,1313,-1367,-1238,-1448,-545,-344,-9,10,21,0,0,0,0,0,0,0,0,0,0,0,0,0,0,0,0,0,0,0,0,0,0,35636
1,1,1,1,1412,-1358,-1530,-1082,-310,-307,-13,11,22,0,0,0,0,0,0,0,0,0,0,0,0,0,0,0,0,0,0,0,0,0,0,35646
1,1,1,1,1611,-1479,-1531,-1010,-199,-276,-15,11,22,0,0,0,0,0,0,0,0,0,0,0,0,0,0,0,0,0,0,0,0,0,0,35656
1,1,1,1,1741,-1552,-1453,-1201,-276,-251,-17,11,22,0,0,0,0,0,0,0,0,0,0,0,0,0,0,0,0,0,0,0,0,0,0,35666
1,1,1,1,1735,-1641,-1464,-1496,-385,-255,-18,12,30,0,0,0,0,0,0,0,0,0,0,0,0,0,0,0,0,0,0,0,0,0,0,35676
1,1,1,1,1578,-1701,-1484,-1682,-550,-320,-25,11,35,0,0,0,0,0,0,0,0,0,0,0,0,0,0,0,0,0,0,0,0,0,0,35686
1,1,1,1,1331,-1797,-1542,-2055,-744,-396,-31,9,37,0,0,0,0,0,0,0,0,0,0,0,0,0,0,0,0,0,0,0,0,0,0,35696
1,1,1,1,1149,-1737,-1627,-2361,-880,-503,-38,3,31,0,0,0,0,0,0,0,0,0,0,0,0,0,0,0,0,0,0,0,0,0,0,35706
1,1,1,1,1047,-1557,-1768,-2569,-846,-594,-41,4,32,0,0,0,0,0,0,0,0,0,0,0,0,0,0,0,0,0,0,0,0,0,0,35716
1,1,1,1,968,-1255,-1860,-2361,-644,-625,-34,-3,24,0,0,0,0,0,0,0,0,0,0,0,0,0,0,0,0,0,0,0,0,0,0,35726
1,1,1,1,1066,-1133,-1786,-2299,-485,-555,-33,2,21,0,0,0,0,0,0,0,0,0,0,0,0,0,0,0,0,0,0,0,0,0,0,35736
1,1,1,1,1170,-1058,-1768,-2287,-395,-404,-30,2,19,0,0,0,0,0,0,0,0,0,0,0,0,0,0,0,0,0,0,0,0,0,0,35746
1,1,1,1,1410,-1031,-1793,-2312,-299,-177,-31,0,17,0,0,0,0,0,0,0,0,0,0,0,0,0,0,0,0,0,0,0,0,0,0,35756
1,1,1,1,1678,-1138,-1708,-2742,-277,15,-37,2,16,0,0,0,0,0,0,0,0,0,0,0,0,0,0,0,0,0,0,0,0,0,0,35766
1,1,1,1,1742,-1293,-1537,-3858,-116,68,-38,1,15,0,0,0,0,0,0,0,0,0,0,0,0,0,0,0,0,0,0,0,0,0,0,35776
1,1,1,1,1781,-1245,-1413,-4593,83,42,-27,0,13,0,0,0,0,0,0,0,0,0,0,0,0,0,0,0,0,0,0,0,0,0,0,35786
1,1,1,1,1791,-1178,-1841,-4361,99,99,-8,4,3,0,0,0,0,0,0,0,0,0,0,0,0,0,0,0,0,0,0,0,0,0,0,35796
1,1,1,1,1748,-984,-2392,-2598,-228,303,-19,2,16,0,0,0,0,0,0,0,0,0,0,0,0,0,0,0,0,0,0,0,0,0,0,35806
1,1,1,1,1524,-1015,-2428,-932,-684,190,-29,1,17,0,0,0,0,0,0,0,0,0,0,0,0,0,0,0,0,0,0,0,0,0,0,35816
1,1,1,1,1209,-1273,-1786,-1700,-770,55,-32,-3,17,0,0,0,0,0,0,0,0,0,0,0,0,0,0,0,0,0,0,0,0,0,0,35826
1,1,1,1,1109,-1123,-2021,-2009,-914,39,-31,-5,14,0,0,0,0,0,0,0,0,0,0,0,0,0,0,0,0,0,0,0,0,0,0,35836
1,1,1,1,1051,-1035,-2029,-2194,-948,-7,-42,-8,10,0,0,0,0,0,0,0,0,0,0,0,0,0,0,0,0,0,0,0,0,0,0,35846
1,1,1,1,1073,-1052,-2059,-2819,-977,64,-35,-10,9,0,0,0,0,0,0,0,0,0,0,0,0,0,0,0,0,0,0,0,0,0,0,35856
1,1,1,1,1033,-639,-2054,-2863,-946,63,-31,-14,5,0,0,0,0,0,0,0,0,0,0,0,0,0,0,0,0,0,0,0,0,0,0,35866
1,1,1,1,1173,-364,-1991,-2213,-777,24,-30,-13,-1,0,0,0,0,0,0,0,0,0,0,0,0,0,0,0,0,0,0,0,0,0,0,35876
1,1,1,1,1329,-380,-2009,-1624,-544,114,-34,-15,-5,0,0,0,0,0,0,0,0,0,0,0,0,0,0,0,0,0,0,0,0,0,0,35886
1,1,1,1,1376,-616,-1970,-1623,-361,171,-37,-14,-1,0,0,0,0,0,0,0,0,0,0,0,0,0,0,0,0,0,0,0,0,0,0,35896
1,1,1,1,1374,-861,-1959,-2118,-291,189,-36,-14,-6,0,0,0,0,0,0,0,0,0,0,0,0,0,0,0,0,0,0,0,0,0,0,35906
1,1,1,1,1258,-841,-2161,-2417,-384,156,-40,-15,-4,0,0,0,0,0,0,0,0,0,0,0,0,0,0,0,0,0,0,0,0,0,0,35916
1,1,1,1,1160,-839,-2291,-2940,-466,14,-30,-20,-2,0,0,0,0,0,0,0,0,0,0,0,0,0,0,0,0,0,0,0,0,0,0,35926
1,1,1,1,1109,-302,-2225,-2718,-415,-270,-29,-23,-12,0,0,0,0,0,0,0,0,0,0,0,0,0,0,0,0,0,0,0,0,0,0,35936
1,1,1,1,1207,-181,-2176,-2057,-361,-298,-28,-23,-11,0,0,0,0,0,0,0,0,0,0,0,0,0,0,0,0,0,0,0,0,0,0,35946
1,1,1,1,1217,-242,-2065,-1937,-349,-50,-28,-22,-11,0,0,0,0,0,0,0,0,0,0,0,0,0,0,0,0,0,0,0,0,0,0,35956
1,1,1,1,1176,-226,-2087,-1899,-338,26,-25,-21,-11,0,0,0,0,0,0,0,0,0,0,0,0,0,0,0,0,0,0,0,0,0,0,35966
1,1,1,1,1144,-237,-2138,-1821,-357,38,-28,-18,-12,0,0,0,0,0,0,0,0,0,0,0,0,0,0,0,0,0,0,0,0,0,0,35976
1,1,1,1,1211,-205,-1991,-1784,-347,14,-25,-20,-11,0,0,0,0,0,0,0,0,0,0,0,0,0,0,0,0,0,0,0,0,0,0,35986
1,1,1,1,1291,-186,-1846,-1793,-246,-18,-27,-17,-11,0,0,0,0,0,0,0,0,0,0,0,0,0,0,0,0,0,0,0,0,0,0,35996
1,1,1,1,1279,-401,-1675,-2338,-39,-13,-25,-14,-5,0,0,0,0,0,0,0,0,0,0,0,0,0,0,0,0,0,0,0,0,0,0,36006
1,1,1,1,1077,-447,-1867,-2758,59,-198,-19,-4,-5,0,0,0,0,0,0,0,0,0,0,0,0,0,0,0,0,0,0,0,0,0,0,36016
1,1,1,1,1196,-7,-2151,-2438,17,-343,-10,-6,-11,0,0,0,0,0,0,0,0,0,0,0,0,0,0,0,0,0,0,0,0,0,0,36026
1,1,1,1,1294,110,-2070,-1933,31,-246,-10,-7,-10,0,0,0,0,0,0,0,0,0,0,0,0,0,0,0,0,0,0,0,0,0,0,36036
1,1,1,1,1237,45,-2087,-1698,90,-170,-5,-5,-4,0,0,0,0,0,0,0,0,0,0,0,0,0,0,0,0,0,0,0,0,0,0,36046
1,1,1,1,1131,25,-2284,-1433,4,-161,-6,0,-8,0,0,0,0,0,0,0,0,0,0,0,0,0,0,0,0,0,0,0,0,0,0,36056
1,1,1,1,1085,114,-2389,-1086,-149,-228,-1,-2,-3,0,0,0,0,0,0,0,0,0,0,0,0,0,0,0,0,0,0,0,0,0,0,36066
1,1,1,1,1043,124,-2293,-996,-335,-290,-2,-1,0,0,0,0,0,0,0,0,0,0,0,0,0,0,0,0,0,0,0,0,0,0,0,36076
1,1,1,1,985,-4,-2146,-1108,-390,-354,-1,-2,0,0,0,0,0,0,0,0,0,0,0,0,0,0,0,0,0,0,0,0,0,0,0,36086
1,1,1,1,990,62,-2105,-1046,-297,-356,-4,0,4,0,0,0,0,0,0,0,0,0,0,0,0,0,0,0,0,0,0,0,0,0,0,36096
1,1,1,1,1124,32,-1944,-875,-191,-372,1,0,0,0,0,0,0,0,0,0,0,0,0,0,0,0,0,0,0,0,0,0,0,0,0,36106
1,1,1,1,1272,21,-1830,-752,-102,-347,2,-1,2,0,0,0,0,0,0,0,0,0,0,0,0,0,0,0,0,0,0,0,0,0,0,36116
1,1,1,1,1416,103,-1793,-596,1,-325,-2,1,5,0,0,0,0,0,0,0,0,0,0,0,0,0,0,0,0,0,0,0,0,0,0,36126
1,1,1,1,1297,52,-1807,-688,-8,-272,-2,1,5,0,0,0,0,0,0,0,0,0,0,0,0,0,0,0,0,0,0,0,0,0,0,36136
1,1,1,1,1143,10,-2033,-1078,-51,-340,-3,1,3,0,0,0,0,0,0,0,0,0,0,0,0,0,0,0,0,0,0,0,0,0,0,36146
1,1,1,1,1144,89,-2161,-1412,-112,-358,-5,2,0,0,0,0,0,0,0,0,0,0,0,0,0,0,0,0,0,0,0,0,0,0,0,36156
1,1,1,1,1056,107,-2310,-1625,-192,-327,-4,2,5,0,0,0,0,0,0,0,0,0,0,0,0,0,0,0,0,0,0,0,0,0,0,36166
1,1,1,1,998,162,-2385,-1699,-271,-317,-6,2,4,0,0,0,0,0,0,0,0,0,0,0,0,0,0,0,0,0,0,0,0,0,0,36176
1,1,1,1,1062,206,-2261,-1672,-358,-300,-2,1,2,0,0,0,0,0,0,0,0,0,0,0,0,0,0,0,0,0,0,0,0,0,0,36186
1,1,1,1,1288,401,-2139,-1375,-247,-319,-1,1,10,0,0,0,0,0,0,0,0,0,0,0,0,0,0,0,0,0,0,0,0,0,0,36196
1,1,1,1,1134,456,-1982,-927,-181,-302,2,1,7,0,0,0,0,0,0,0,0,0,0,0,0,0,0,0,0,0,0,0,0,0,0,36206
1,1,1,1,993,479,-1921,-540,-149,-315,3,3,3,0,0,0,0,0,0,0,0,0,0,0,0,0,0,0,0,0,0,0,0,0,0,36216
1,1,1,1,952,456,-1838,-243,-177,-267,3,2,5,0,0,0,0,0,0,0,0,0,0,0,0,0,0,0,0,0,0,0,0,0,0,36226
1,1,1,1,841,331,-1859,-232,-123,-319,1,2,5,0,0,0,0,0,0,0,0,0,0,0,0,0,0,0,0,0,0,0,0,0,0,36236
1,1,1,1,804,372,-1893,-309,-77,-295,0,2,4,0,0,0,0,0,0,0,0,0,0,0,0,0,0,0,0,0,0,0,0,0,0,36246
1,1,1,1,720,313,-2005,-362,-84,-248,-1,2,6,0,0,0,0,0,0,0,0,0,0,0,0,0,0,0,0,0,0,0,0,0,0,36256
1,1,1,1,646,371,-2164,-528,-60,-207,-4,2,6,0,0,0,0,0,0,0,0,0,0,0,0,0,0,0,0,0,0,0,0,0,0,36266
1,1,1,1,560,331,-2232,-625,-103,-252,-2,0,7,0,0,0,0,0,0,0,0,0,0,0,0,0,0,0,0,0,0,0,0,0,0,36276
1,1,1,1,643,297,-2259,-865,-158,-226,-2,1,8,0,0,0,0,0,0,0,0,0,0,0,0,0,0,0,0,0,0,0,0,0,0,36286
1,1,1,1,719,319,-2259,-892,-175,-185,2,1,1,0,0,0,0,0,0,0,0,0,0,0,0,0,0,0,0,0,0,0,0,0,0,36296
1,1,1,1,839,360,-2142,-823,-188,-147,2,2,6,0,0,0,0,0,0,0,0,0,0,0,0,0,0,0,0,0,0,0,0,0,0,36306
1,1,1,1,883,298,-1968,-916,-155,-116,-2,7,10,0,0,0,0,0,0,0,0,0,0,0,0,0,0,0,0,0,0,0,0,0,0,36316
1,1,1,1,929,313,-1875,-1005,-100,-74,-5,8,11,0,0,0,0,0,0,0,0,0,0,0,0,0,0,0,0,0,0,0,0,0,0,36326
1,1,1,1,1016,317,-1846,-1036,-52,-23,-3,4,2,0,0,0,0,0,0,0,0,0,0,0,0,0,0,0,0,0,0,0,0,0,0,36336
1,1,1,1,1057,269,-1825,-1143,-8,61,-4,5,6,0,0,0,0,0,0,0,0,0,0,0,0,0,0,0,0,0,0,0,0,0,0,36346
1,1,1,1,1048,236,-1816,-1394,22,165,-6,5,2,0,0,0,0,0,0,0,0,0,0,0,0,0,0,0,0,0,0,0,0,0,0,36356
1,1,1,1,1068,131,-1824,-1802,56,324,-7,6,6,0,0,0,0,0,0,0,0,0,0,0,0,0,0,0,0,0,0,0,0,0,0,36366
1,1,1,1,1116,143,-1832,-2110,106,517,-5,9,4,0,0,0,0,0,0,0,0,0,0,0,0,0,0,0,0,0,0,0,0,0,0,36376
1,1,1,1,1127,355,-1923,-2098,119,625,-3,11,11,0,0,0,0,0,0,0,0,0,0,0,0,0,0,0,0,0,0,0,0,0,0,36386
1,1,1,1,1057,648,-2042,-1769,71,650,5,12,14,0,0,0,0,0,0,0,0,0,0,0,0,0,0,0,0,0,0,0,0,0,0,36396
1,1,1,1,1069,1043,-2034,-1019,-12,517,4,12,16,0,0,0,0,0,0,0,0,0,0,0,0,0,0,0,0,0,0,0,0,0,0,36406
1,1,1,1,888,1112,-1836,-637,5,324,-2,12,18,0,0,0,0,0,0,0,0,0,0,0,0,0,0,0,0,0,0,0,0,0,0,36416
1,1,1,1,866,979,-1755,-863,33,136,4,11,15,0,0,0,0,0,0,0,0,0,0,0,0,0,0,0,0,0,0,0,0,0,0,36426
1,1,1,1,976,985,-1636,-492,131,24,6,11,21,0,0,0,0,0,0,0,0,0,0,0,0,0,0,0,0,0,0,0,0,0,0,36436
1,1,1,1,781,804,-1714,-234,227,-41,5,12,19,0,0,0,0,0,0,0,0,0,0,0,0,0,0,0,0,0,0,0,0,0,0,36446
1,1,1,1,865,678,-1751,-44,296,-53,5,12,21,0,0,0,0,0,0,0,0,0,0,0,0,0,0,0,0,0,0,0,0,0,0,36456
1,1,1,1,848,665,-1699,135,350,-34,6,14,23,0,0,0,0,0,0,0,0,0,0,0,0,0,0,0,0,0,0,0,0,0,0,36466
1,1,1,1,838,664,-1782,299,398,-21,4,16,26,0,0,0,0,0,0,0,0,0,0,0,0,0,0,0,0,0,0,0,0,0,0,36476
1,1,1,1,890,634,-1865,325,382,-25,2,16,30,0,0,0,0,0,0,0,0,0,0,0,0,0,0,0,0,0,0,0,0,0,0,36486
1,1,1,1,989,573,-1918,263,316,-23,-1,19,33,0,0,0,0,0,0,0,0,0,0,0,0,0,0,0,0,0,0,0,0,0,0,36496
1,1,1,1,1070,552,-1962,120,224,-49,-1,20,34,0,0,0,0,0,0,0,0,0,0,0,0,0,0,0,0,0,0,0,0,0,0,36506
1,1,1,1,1100,533,-1902,-3,93,-59,-2,24,38,0,0,0,0,0,0,0,0,0,0,0,0,0,0,0,0,0,0,0,0,0,0,36516
1,1,1,1,1117,563,-1921,-66,12,-44,-2,25,39,0,0,0,0,0,0,0,0,0,0,0,0,0,0,0,0,0,0,0,0,0,0,36526
1,1,1,1,1068,647,-1910,-53,-13,33,-4,26,47,0,0,0,0,0,0,0,0,0,0,0,0,0,0,0,0,0,0,0,0,0,0,36536
1,1,1,1,1094,597,-1910,-81,-42,43,-1,27,47,0,0,0,0,0,0,0,0,0,0,0,0,0,0,0,0,0,0,0,0,0,0,36546
1,1,1,1,1168,592,-1913,-88,-42,-53,-4,29,44,0,0,0,0,0,0,0,0,0,0,0,0,0,0,0,0,0,0,0,0,0,0,36556
1,1,1,1,1177,663,-1868,-72,-24,-47,-6,31,51,0,0,0,0,0,0,0,0,0,0,0,0,0,0,0,0,0,0,0,0,0,0,36566
1,1,1,1,1155,655,-1872,-73,19,5,-5,32,50,0,0,0,0,0,0,0,0,0,0,0,0,0,0,0,0,0,0,0,0,0,0,36576
1,1,1,1,1219,667,-1810,-86,2,40,-6,32,50,0,0,0,0,0,0,0,0,0,0,0,0,0,0,0,0,0,0,0,0,0,0,36586
1,1,1,1,1234,613,-1825,-168,-29,-7,-3,30,45,0,0,0,0,0,0,0,0,0,0,0,0,0,0,0,0,0,0,0,0,0,0,36596
1,1,1,1,1244,628,-1813,-225,-28,-18,-6,33,49,0,0,0,0,0,0,0,0,0,0,0,0,0,0,0,0,0,0,0,0,0,0,36606
1,1,1,1,1163,615,-1824,-283,-38,-19,-7,31,49,0,0,0,0,0,0,0,0,0,0,0,0,0,0,0,0,0,0,0,0,0,0,36616
1,1,1,1,1072,666,-1811,-283,-20,6,-6,30,46,0,0,0,0,0,0,0,0,0,0,0,0,0,0,0,0,0,0,0,0,0,0,36626
1,1,1,1,1014,713,-1776,-264,-22,53,-4,30,50,0,0,0,0,0,0,0,0,0,0,0,0,0,0,0,0,0,0,0,0,0,0,36636
1,1,1,1,1070,697,-1743,-199,-53,23,-4,30,46,0,0,0,0,0,0,0,0,0,0,0,0,0,0,0,0,0,0,0,0,0,0,36646
1,1,1,1,1149,639,-1755,-131,-35,-25,-4,31,51,0,0,0,0,0,0,0,0,0,0,0,0,0,0,0,0,0,0,0,0,0,0,36656
1,1,1,1,1161,647,-1802,-53,44,-33,-2,31,51,0,0,0,0,0,0,0,0,0,0,0,0,0,0,0,0,0,0,0,0,0,0,36666
1,1,1,1,1201,672,-1775,-51,13,20,-1,30,50,0,0,0,0,0,0,0,0,0,0,0,0,0,0,0,0,0,0,0,0,0,0,36676
1,1,1,1,1190,666,-1787,-56,12,-6,-2,31,52,0,0,0,0,0,0,0,0,0,0,0,0,0,0,0,0,0,0,0,0,0,0,36686
1,1,1,1,1177,662,-1837,-68,10,-23,-4,32,51,0,0,0,0,0,0,0,0,0,0,0,0,0,0,0,0,0,0,0,0,0,0,36696
1,1,1,1,1200,664,-1830,-92,20,-19,-5,32,52,0,0,0,0,0,0,0,0,0,0,0,0,0,0,0,0,0,0,0,0,0,0,36706
1,1,1,1,1267,647,-1800,-130,-10,10,-5,31,50,0,0,0,0,0,0,0,0,0,0,0,0,0,0,0,0,0,0,0,0,0,0,36716
1,1,1,1,1313,633,-1805,-189,-33,13,-4,31,51,0,0,0,0,0,0,0,0,0,0,0,0,0,0,0,0,0,0,0,0,0,0,36726
1,1,1,1,1365,661,-1827,-198,-10,-2,-5,30,51,0,0,0,0,0,0,0,0,0,0,0,0,0,0,0,0,0,0,0,0,0,0,36736
1,1,1,1,1297,700,-1810,-201,4,-12,-3,30,52,0,0,0,0,0,0,0,0,0,0,0,0,0,0,0,0,0,0,0,0,0,0,36746
1,1,1,1,1275,752,-1826,-184,39,-27,-2,29,49,0,0,0,0,0,0,0,0,0,0,0,0,0,0,0,0,0,0,0,0,0,0,36756
1,1,1,1,1293,732,-1793,-139,76,-37,-2,29,49,0,0,0,0,0,0,0,0,0,0,0,0,0,0,0,0,0,0,0,0,0,0,36766
1,1,1,1,1291,697,-1774,-106,79,-48,-3,29,47,0,0,0,0,0,0,0,0,0,0,0,0,0,0,0,0,0,0,0,0,0,0,36776
1,1,1,1,1278,693,-1760,-127,22,-47,-2,29,47,0,0,0,0,0,0,0,0,0,0,0,0,0,0,0,0,0,0,0,0,0,0,36786
1,1,1,1,1249,700,-1735,-148,-59,-28,-4,29,47,0,0,0,0,0,0,0,0,0,0,0,0,0,0,0,0,0,0,0,0,0,0,36796
1,1,1,1,1168,689,-1751,-149,-94,-19,-4,29,48,0,0,0,0,0,0,0,0,0,0,0,0,0,0,0,0,0,0,0,0,0,0,36806
1,1,1,1,1119,708,-1810,-133,-87,-18,-4,29,49,0,0,0,0,0,0,0,0,0,0,0,0,0,0,0,0,0,0,0,0,0,0,36816
1,1,1,1,1062,739,-1806,-122,-110,-26,-4,29,49,0,0,0,0,0,0,0,0,0,0,0,0,0,0,0,0,0,0,0,0,0,0,36826
1,1,1,1,1023,746,-1785,-105,-106,-36,0,30,48,0,0,0,0,0,0,0,0,0,0,0,0,0,0,0,0,0,0,0,0,0,0,36836
1,1,1,1,1015,739,-1771,-88,-99,-51,2,30,48,0,0,0,0,0,0,0,0,0,0,0,0,0,0,0,0,0,0,0,0,0,0,36846
1,1,1,1,993,734,-1763,-44,-96,-65,3,30,49,0,0,0,0,0,0,0,0,0,0,0,0,0,0,0,0,0,0,0,0,0,0,36856
1,1,1,1,974,736,-1736,18,-71,-61,3,31,49,0,0,0,0,0,0,0,0,0,0,0,0,0,0,0,0,0,0,0,0,0,0,36866
1,1,1,1,950,736,-1710,71,-34,-51,4,28,48,0,0,0,0,0,0,0,0,0,0,0,0,0,0,0,0,0,0,0,0,0,0,36876
1,1,1,1,932,706,-1720,117,1,-69,2,33,46,0,0,0,0,0,0,0,0,0,0,0,0,0,0,0,0,0,0,0,0,0,0,36886
1,1,1,1,1010,702,-1740,95,20,-43,3,33,50,0,0,0,0,0,0,0,0,0,0,0,0,0,0,0,0,0,0,0,0,0,0,36896
1,1,1,1,1035,675,-1754,63,23,-32,2,34,48,0,0,0,0,0,0,0,0,0,0,0,0,0,0,0,0,0,0,0,0,0,0,36906
1,1,1,1,1092,660,-1779,22,22,-28,2,32,48,0,0,0,0,0,0,0,0,0,0,0,0,0,0,0,0,0,0,0,0,0,0,36916
1,1,1,1,1143,643,-1778,20,42,-9,2,32,49,0,0,0,0,0,0,0,0,0,0,0,0,0,0,0,0,0,0,0,0,0,0,36926
1,1,1,1,1215,659,-1772,-12,73,-2,2,33,49,0,0,0,0,0,0,0,0,0,0,0,0,0,0,0,0,0,0,0,0,0,0,36936
1,1,1,1,1319,650,-1752,-35,104,-14,3,30,49,0,0,0,0,0,0,0,0,0,0,0,0,0,0,0,0,0,0,0,0,0,0,36946
1,1,1,1,1384,636,-1739,-28,160,-30,1,32,44,0,0,0,0,0,0,0,0,0,0,0,0,0,0,0,0,0,0,0,0,0,0,36956
1,1,1,1,1443,690,-1670,-21,144,53,3,28,45,0,0,0,0,0,0,0,0,0,0,0,0,0,0,0,0,0,0,0,0,0,0,36966
1,1,1,1,1208,673,-1640,2,80,18,3,29,47,0,0,0,0,0,0,0,0,0,0,0,0,0,0,0,0,0,0,0,0,0,0,36976
1,1,1,1,1174,740,-1748,-2,81,0,3,27,50,0,0,0,0,0,0,0,0,0,0,0,0,0,0,0,0,0,0,0,0,0,0,36986
1,1,1,1,997,719,-1770,30,99,-10,2,26,51,0,0,0,0,0,0,0,0,0,0,0,0,0,0,0,0,0,0,0,0,0,0,36996
1,1,1,1,926,756,-1831,13,119,1,-1,27,47,0,0,0,0,0,0,0,0,0,0,0,0,0,0,0,0,0,0,0,0,0,0,37006
1,1,1,1,860,762,-1848,-53,80,79,-2,27,48,0,0,0,0,0,0,0,0,0,0,0,0,0,0,0,0,0,0,0,0,0,0,37016
1,1,1,1,720,714,-1895,-99,77,-2,-4,27,49,0,0,0,0,0,0,0,0,0,0,0,0,0,0,0,0,0,0,0,0,0,0,37026
1,1,1,1,741,751,-1889,-128,107,-33,0,28,48,0,0,0,0,0,0,0,0,0,0,0,0,0,0,0,0,0,0,0,0,0,0,37036
1,1,1,1,572,744,-1772,-121,34,-17,-1,28,47,0,0,0,0,0,0,0,0,0,0,0,0,0,0,0,0,0,0,0,0,0,0,37046
1,1,1,1,586,750,-1814,-105,29,-32,-1,28,48,0,0,0,0,0,0,0,0,0,0,0,0,0,0,0,0,0,0,0,0,0,0,37056
1,1,1,1,741,681,-1780,-124,52,-53,0,29,49,0,0,0,0,0,0,0,0,0,0,0,0,0,0,0,0,0,0,0,0,0,0,37066
1,1,1,1,814,649,-1788,-101,113,-57,-3,30,51,0,0,0,0,0,0,0,0,0,0,0,0,0,0,0,0,0,0,0,0,0,0,37076
1,1,1,1,830,693,-1754,-36,140,-46,-6,30,49,0,0,0,0,0,0,0,0,0,0,0,0,0,0,0,0,0,0,0,0,0,0,37086
1,1,1,1,846,719,-1756,12,151,-24,-5,31,53,0,0,0,0,0,0,0,0,0,0,0,0,0,0,0,0,0,0,0,0,0,0,37096
1,1,1,1,850,739,-1772,76,113,-2,-5,31,52,0,0,0,0,0,0,0,0,0,0,0,0,0,0,0,0,0,0,0,0,0,0,37106
1,1,1,1,907,735,-1801,89,44,26,-10,32,55,0,0,0,0,0,0,0,0,0,0,0,0,0,0,0,0,0,0,0,0,0,0,37116
1,1,1,1,1005,694,-1870,43,26,28,-6,32,52,0,0,0,0,0,0,0,0,0,0,0,0,0,0,0,0,0,0,0,0,0,0,37126
1,1,1,1,1063,658,-1842,-10,-48,53,-6,33,53,0,0,0,0,0,0,0,0,0,0,0,0,0,0,0,0,0,0,0,0,0,0,37136
1,1,1,1,1078,657,-1827,-69,-89,97,-8,33,57,0,0,0,0,0,0,0,0,0,0,0,0,0,0,0,0,0,0,0,0,0,0,37146
1,1,1,1,1127,639,-1835,-129,-90,117,-3,36,55,0,0,0,0,0,0,0,0,0,0,0,0,0,0,0,0,0,0,0,0,0,0,37156
1,1,1,1,1164,631,-1793,-149,-113,131,-9,33,54,0,0,0,0,0,0,0,0,0,0,0,0,0,0,0,0,0,0,0,0,0,0,37166
1,1,1,1,1161,653,-1767,-189,-142,118,-9,34,56,0,0,0,0,0,0,0,0,0,0,0,0,0,0,0,0,0,0,0,0,0,0,37176
1,1,1,1,1181,702,-1728,-174,-170,116,-8,33,57,0,0,0,0,0,0,0,0,0,0,0,0,0,0,0,0,0,0,0,0,0,0,37186
1,1,1,1,1220,688,-1733,-82,-173,141,-11,35,58,0,0,0,0,0,0,0,0,0,0,0,0,0,0,0,0,0,0,0,0,0,0,37196
1,1,1,1,1320,716,-1785,-30,-132,108,-9,33,59,0,0,0,0,0,0,0,0,0,0,0,0,0,0,0,0,0,0,0,0,0,0,37206
1,1,1,1,1331,719,-1792,-9,-97,89,-8,31,58,0,0,0,0,0,0,0,0,0,0,0,0,0,0,0,0,0,0,0,0,0,0,37216
1,1,1,1,1307,721,-1790,-33,-93,107,-8,33,55,0,0,0,0,0,0,0,0,0,0,0,0,0,0,0,0,0,0,0,0,0,0,37226
1,1,1,1,1311,703,-1808,-79,-82,86,-11,35,59,0,0,0,0,0,0,0,0,0,0,0,0,0,0,0,0,0,0,0,0,0,0,37236
1,1,1,1,1224,704,-1808,-158,-113,67,-10,35,59,0,0,0,0,0,0,0,0,0,0,0,0,0,0,0,0,0,0,0,0,0,0,37246
1,1,1,1,1160,711,-1828,-212,-138,71,-10,32,58,0,0,0,0,0,0,0,0,0,0,0,0,0,0,0,0,0,0,0,0,0,0,37256
1,1,1,1,1070,702,-1821,-215,-148,66,-11,34,61,0,0,0,0,0,0,0,0,0,0,0,0,0,0,0,0,0,0,0,0,0,0,37266
1,1,1,1,988,727,-1788,-196,-169,60,-7,34,62,0,0,0,0,0,0,0,0,0,0,0,0,0,0,0,0,0,0,0,0,0,0,37276
1,1,1,1,889,746,-1780,-145,-164,83,-7,34,57,0,0,0,0,0,0,0,0,0,0,0,0,0,0,0,0,0,0,0,0,0,0,37286
1,1,1,1,993,740,-1770,32,-165,136,-10,34,59,0,0,0,0,0,0,0,0,0,0,0,0,0,0,0,0,0,0,0,0,0,0,37326
1,1,1,1,1028,725,-1806,26,-138,156,-7,34,56,0,0,0,0,0,0,0,0,0,0,0,0,0,0,0,0,0,0,0,0,0,0,37336
1,1,1,1,1111,691,-1799,17,-134,162,-7,34,54,0,0,0,0,0,0,0,0,0,0,0,0,0,0,0,0,0,0,0,0,0,0,37346
1,1,1,1,1305,663,-1754,-70,-207,159,-6,31,55,0,0,0,0,0,0,0,0,0,0,0,0,0,0,0,0,0,0,0,0,0,0,37356
1,1,1,1,1279,635,-1770,-139,-194,101,-7,33,54,0,0,0,0,0,0,0,0,0,0,0,0,0,0,0,0,0,0,0,0,0,0,37366
1,1,1,1,1255,723,-1749,-174,-195,137,-7,34,57,0,0,0,0,0,0,0,0,0,0,0,0,0,0,0,0,0,0,0,0,0,0,37376
1,1,1,1,1253,711,-1734,-185,-187,106,-8,33,56,0,0,0,0,0,0,0,0,0,0,0,0,0,0,0,0,0,0,0,0,0,0,37386
1,1,1,1,1228,752,-1708,-131,-152,46,-6,32,56,0,0,0,0,0,0,0,0,0,0,0,0,0,0,0,0,0,0,0,0,0,0,37396
1,1,1,1,1199,793,-1669,-33,-126,60,-4,32,57,0,0,0,0,0,0,0,0,0,0,0,0,0,0,0,0,0,0,0,0,0,0,37406
1,1,1,1,1218,789,-1691,68,-74,14,-7,33,57,0,0,0,0,0,0,0,0,0,0,0,0,0,0,0,0,0,0,0,0,0,0,37416
1,1,1,1,1195,795,-1689,156,-25,-14,-6,32,57,0,0,0,0,0,0,0,0,0,0,0,0,0,0,0,0,0,0,0,0,0,0,37426
1,1,1,1,1114,797,-1713,212,26,-42,-7,32,58,0,0,0,0,0,0,0,0,0,0,0,0,0,0,0,0,0,0,0,0,0,0,37436
1,1,1,1,1110,775,-1731,231,44,-54,-6,32,59,0,0,0,0,0,0,0,0,0,0,0,0,0,0,0,0,0,0,0,0,0,0,37446
1,1,1,1,1164,724,-1755,218,67,-73,-7,32,60,0,0,0,0,0,0,0,0,0,0,0,0,0,0,0,0,0,0,0,0,0,0,37456
1,1,1,1,1182,699,-1772,204,88,-84,-6,32,59,0,0,0,0,0,0,0,0,0,0,0,0,0,0,0,0,0,0,0,0,0,0,37466
1,1,1,1,1244,692,-1774,180,97,-92,-8,32,61,0,0,0,0,0,0,0,0,0,0,0,0,0,0,0,0,0,0,0,0,0,0,37476
1,1,1,1,1299,725,-1776,138,69,-95,-5,29,57,0,0,0,0,0,0,0,0,0,0,0,0,0,0,0,0,0,0,0,0,0,0,37486
1,1,1,1,1326,721,-1740,159,26,-86,-7,33,58,0,0,0,0,0,0,0,0,0,0,0,0,0,0,0,0,0,0,0,0,0,0,37496
1,1,1,1,1303,737,-1747,196,2,-101,-8,34,61,0,0,0,0,0,0,0,0,0,0,0,0,0,0,0,0,0,0,0,0,0,0,37506
1,1,1,1,1208,733,-1776,258,17,-153,-4,29,60,0,0,0,0,0,0,0,0,0,0,0,0,0,0,0,0,0,0,0,0,0,0,37516
1,1,1,1,1125,738,-1784,298,57,-180,-9,33,60,0,0,0,0,0,0,0,0,0,0,0,0,0,0,0,0,0,0,0,0,0,0,37526
1,1,1,1,987,742,-1779,295,60,-180,-9,32,61,0,0,0,0,0,0,0,0,0,0,0,0,0,0,0,0,0,0,0,0,0,0,37536
1,1,1,1,882,725,-1799,283,46,-220,-5,32,59,0,0,0,0,0,0,0,0,0,0,0,0,0,0,0,0,0,0,0,0,0,0,37546
1,1,1,1,870,689,-1783,237,39,-196,-6,34,61,0,0,0,0,0,0,0,0,0,0,0,0,0,0,0,0,0,0,0,0,0,0,37556
1,1,1,1,830,680,-1789,213,60,-184,-2,33,59,0,0,0,0,0,0,0,0,0,0,0,0,0,0,0,0,0,0,0,0,0,0,37566
1,1,1,1,872,690,-1779,170,66,-163,1,32,60,0,0,0,0,0,0,0,0,0,0,0,0,0,0,0,0,0,0,0,0,0,0,37576
1,1,1,1,892,689,-1773,155,77,-152,0,34,59,0,0,0,0,0,0,0,0,0,0,0,0,0,0,0,0,0,0,0,0,0,0,37586
1,1,1,1,916,709,-1758,159,97,-144,1,34,61,0,0,0,0,0,0,0,0,0,0,0,0,0,0,0,0,0,0,0,0,0,0,37596
1,1,1,1,932,706,-1734,213,136,-145,0,34,63,0,0,0,0,0,0,0,0,0,0,0,0,0,0,0,0,0,0,0,0,0,0,37606
1,1,1,1,956,709,-1735,298,174,-123,0,35,62,0,0,0,0,0,0,0,0,0,0,0,0,0,0,0,0,0,0,0,0,0,0,37616
1,1,1,1,1029,647,-1753,361,212,-111,-1,35,64,0,0,0,0,0,0,0,0,0,0,0,0,0,0,0,0,0,0,0,0,0,0,37626
1,1,1,1,1098,597,-1789,374,241,-100,0,35,66,0,0,0,0,0,0,0,0,0,0,0,0,0,0,0,0,0,0,0,0,0,0,37636
1,1,1,1,1108,586,-1830,330,246,-81,-1,36,63,0,0,0,0,0,0,0,0,0,0,0,0,0,0,0,0,0,0,0,0,0,0,37646
1,1,1,1,1096,591,-1854,256,216,-66,-3,35,59,0,0,0,0,0,0,0,0,0,0,0,0,0,0,0,0,0,0,0,0,0,0,37656
1,1,1,1,1084,602,-1868,171,191,-45,-2,34,60,0,0,0,0,0,0,0,0,0,0,0,0,0,0,0,0,0,0,0,0,0,0,37666
1,1,1,1,1089,649,-1877,110,167,-20,-1,34,59,0,0,0,0,0,0,0,0,0,0,0,0,0,0,0,0,0,0,0,0,0,0,37676
1,1,1,1,1068,674,-1846,50,117,12,-2,34,61,0,0,0,0,0,0,0,0,0,0,0,0,0,0,0,0,0,0,0,0,0,0,37686
1,1,1,1,997,710,-1893,50,109,-16,-2,34,62,0,0,0,0,0,0,0,0,0,0,0,0,0,0,0,0,0,0,0,0,0,0,37696
1,1,1,1,1054,703,-1875,76,106,-26,-4,34,62,0,0,0,0,0,0,0,0,0,0,0,0,0,0,0,0,0,0,0,0,0,0,37706
1,1,1,1,1053,679,-1836,118,102,-24,-4,34,64,0,0,0,0,0,0,0,0,0,0,0,0,0,0,0,0,0,0,0,0,0,0,37716
1,1,1,1,1107,678,-1839,142,103,-33,-3,35,63,0,0,0,0,0,0,0,0,0,0,0,0,0,0,0,0,0,0,0,0,0,0,37726
1,1,1,1,1096,658,-1837,147,85,-53,-4,35,63,0,0,0,0,0,0,0,0,0,0,0,0,0,0,0,0,0,0,0,0,0,0,37736
1,1,1,1,1079,672,-1839,148,88,-55,-4,35,63,0,0,0,0,0,0,0,0,0,0,0,0,0,0,0,0,0,0,0,0,0,0,37746
1,1,1,1,1024,682,-1832,150,82,-70,-5,34,63,0,0,0,0,0,0,0,0,0,0,0,0,0,0,0,0,0,0,0,0,0,0,37756
1,1,1,1,971,714,-1835,145,63,-73,-4,34,61,0,0,0,0,0,0,0,0,0,0,0,0,0,0,0,0,0,0,0,0,0,0,37766
1,1,1,1,955,704,-1853,127,54,-74,-5,34,62,0,0,0,0,0,0,0,0,0,0,0,0,0,0,0,0,0,0,0,0,0,0,37776
1,1,1,1,928,704,-1859,109,38,-76,-1,32,62,0,0,0,0,0,0,0,0,0,0,0,0,0,0,0,0,0,0,0,0,0,0,37786
1,1,1,1,948,684,-1855,131,37,-71,-2,34,64,0,0,0,0,0,0,0,0,0,0,0,0,0,0,0,0,0,0,0,0,0,0,37796
1,1,1,1,997,669,-1853,147,43,-81,-4,32,62,0,0,0,0,0,0,0,0,0,0,0,0,0,0,0,0,0,0,0,0,0,0,37806
1,1,1,1,1025,666,-1850,152,31,-84,-3,33,64,0,0,0,0,0,0,0,0,0,0,0,0,0,0,0,0,0,0,0,0,0,0,37816
1,1,1,1,1065,649,-1846,171,33,-88,-4,37,66,0,0,0,0,0,0,0,0,0,0,0,0,0,0,0,0,0,0,0,0,0,0,37826
1,1,1,1,1064,647,-1835,173,37,-87,-5,35,63,0,0,0,0,0,0,0,0,0,0,0,0,0,0,0,0,0,0,0,0,0,0,37836
1,1,1,1,1064,647,-1835,162,45,-84,-2,34,62,0,0,0,0,0,0,0,0,0,0,0,0,0,0,0,0,0,0,0,0,0,0,37846
1,1,1,1,1047,616,-1842,144,47,-74,-2,34,62,0,0,0,0,0,0,0,0,0,0,0,0,0,0,0,0,0,0,0,0,0,0,37856
1,1,1,1,1034,619,-1841,115,36,-67,-1,35,64,0,0,0,0,0,0,0,0,0,0,0,0,0,0,0,0,0,0,0,0,0,0,37866
1,1,1,1,1035,629,-1830,88,42,-51,-1,33,62,0,0,0,0,0,0,0,0,0,0,0,0,0,0,0,0,0,0,0,0,0,0,37876
1,1,1,1,1064,637,-1837,73,45,-47,-3,34,63,0,0,0,0,0,0,0,0,0,0,0,0,0,0,0,0,0,0,0,0,0,0,37886
1,1,1,1,1088,631,-1843,72,46,-42,-5,34,63,0,0,0,0,0,0,0,0,0,0,0,0,0,0,0,0,0,0,0,0,0,0,37896
1,1,1,1,1076,644,-1854,52,42,-44,-4,35,64,0,0,0,0,0,0,0,0,0,0,0,0,0,0,0,0,0,0,0,0,0,0,37906
1,1,1,1,1068,646,-1849,50,48,-49,-6,34,65,0,0,0,0,0,0,0,0,0,0,0,0,0,0,0,0,0,0,0,0,0,0,37916
1,1,1,1,1055,642,-1822,72,72,-52,-7,35,66,0,0,0,0,0,0,0,0,0,0,0,0,0,0,0,0,0,0,0,0,0,0,37926
1,1,1,1,1052,627,-1800,94,103,-54,-6,34,63,0,0,0,0,0,0,0,0,0,0,0,0,0,0,0,0,0,0,0,0,0,0,37936
1,1,1,1,1036,622,-1794,114,122,-48,-5,35,66,0,0,0,0,0,0,0,0,0,0,0,0,0,0,0,0,0,0,0,0,0,0,37946
1,1,1,1,1009,614,-1823,112,127,-40,-6,34,64,0,0,0,0,0,0,0,0,0,0,0,0,0,0,0,0,0,0,0,0,0,0,37956
1,1,1,1,987,592,-1850,112,132,-33,-7,34,65,0,0,0,0,0,0,0,0,0,0,0,0,0,0,0,0,0,0,0,0,0,0,37966
1,1,1,1,951,570,-1880,107,128,-20,-9,34,67,0,0,0,0,0,0,0,0,0,0,0,0,0,0,0,0,0,0,0,0,0,0,37976
1,1,1,1,922,550,-1927,86,98,-3,-10,34,66,0,0,0,0,0,0,0,0,0,0,0,0,0,0,0,0,0,0,0,0,0,0,37986
1,1,1,1,866,550,-1985,41,32,29,-13,34,65,0,0,0,0,0,0,0,0,0,0,0,0,0,0,0,0,0,0,0,0,0,0,37996
1,1,1,1,804,548,-2035,-43,-69,60,-14,34,67,0,0,0,0,0,0,0,0,0,0,0,0,0,0,0,0,0,0,0,0,0,0,38006
1,1,1,1,795,569,-2061,-137,-156,109,-15,34,66,0,0,0,0,0,0,0,0,0,0,0,0,0,0,0,0,0,0,0,0,0,0,38016
1,1,1,1,813,570,-2021,-216,-232,159,-15,34,64,0,0,0,0,0,0,0,0,0,0,0,0,0,0,0,0,0,0,0,0,0,0,38026
1,1,1,1,855,598,-1941,-256,-299,199,-15,34,64,0,0,0,0,0,0,0,0,0,0,0,0,0,0,0,0,0,0,0,0,0,0,38036
1,1,1,1,935,631,-1852,-269,-337,218,-12,35,63,0,0,0,0,0,0,0,0,0,0,0,0,0,0,0,0,0,0,0,0,0,0,38046
1,1,1,1,1176,630,-1803,-254,-311,212,-14,35,65,0,0,0,0,0,0,0,0,0,0,0,0,0,0,0,0,0,0,0,0,0,0,38056
1,1,1,1,1341,616,-1761,-188,-249,178,-13,34,64,0,0,0,0,0,0,0,0,0,0,0,0,0,0,0,0,0,0,0,0,0,0,38066
1,1,1,1,1412,653,-1764,-121,-206,178,-12,34,65,0,0,0,0,0,0,0,0,0,0,0,0,0,0,0,0,0,0,0,0,0,0,38076
1,1,1,1,1508,624,-1792,-103,-169,143,-16,35,65,0,0,0,0,0,0,0,0,0,0,0,0,0,0,0,0,0,0,0,0,0,0,38086
1,1,1,1,1544,625,-1843,-139,-149,91,-15,34,62,0,0,0,0,0,0,0,0,0,0,0,0,0,0,0,0,0,0,0,0,0,0,38096
1,1,1,1,1502,617,-1850,-168,-146,70,-14,34,63,0,0,0,0,0,0,0,0,0,0,0,0,0,0,0,0,0,0,0,0,0,0,38106
1,1,1,1,1253,676,-1868,-175,-125,31,-10,28,62,0,0,0,0,0,0,0,0,0,0,0,0,0,0,0,0,0,0,0,0,0,0,38116
1,1,1,1,1116,716,-1845,-203,-132,-5,-13,31,60,0,0,0,0,0,0,0,0,0,0,0,0,0,0,0,0,0,0,0,0,0,0,38126
1,1,1,1,1017,708,-1802,-174,-111,-28,-12,32,60,0,0,0,0,0,0,0,0,0,0,0,0,0,0,0,0,0,0,0,0,0,0,38136
1,1,1,1,930,704,-1743,-114,-94,-39,-14,31,58,0,0,0,0,0,0,0,0,0,0,0,0,0,0,0,0,0,0,0,0,0,0,38146
1,1,1,1,940,688,-1736,-59,-70,-44,-12,30,56,0,0,0,0,0,0,0,0,0,0,0,0,0,0,0,0,0,0,0,0,0,0,38156
1,1,1,1,986,654,-1765,-22,-64,-42,-10,29,55,0,0,0,0,0,0,0,0,0,0,0,0,0,0,0,0,0,0,0,0,0,0,38166
1,1,1,1,949,646,-1798,7,-63,-24,-11,31,60,0,0,0,0,0,0,0,0,0,0,0,0,0,0,0,0,0,0,0,0,0,0,38176
1,1,1,1,944,659,-1872,-3,-72,-12,-12,30,58,0,0,0,0,0,0,0,0,0,0,0,0,0,0,0,0,0,0,0,0,0,0,38186
1,1,1,1,905,667,-1928,-12,-93,-4,-10,29,58,0,0,0,0,0,0,0,0,0,0,0,0,0,0,0,0,0,0,0,0,0,0,38196
1,1,1,1,982,660,-1951,-45,-138,22,-13,30,57,0,0,0,0,0,0,0,0,0,0,0,0,0,0,0,0,0,0,0,0,0,0,38206
1,1,1,1,1071,636,-1958,-105,-173,29,-13,32,57,0,0,0,0,0,0,0,0,0,0,0,0,0,0,0,0,0,0,0,0,0,0,38216
1,1,1,1,1106,643,-1936,-140,-185,49,-13,33,55,0,0,0,0,0,0,0,0,0,0,0,0,0,0,0,0,0,0,0,0,0,0,38226
1,1,1,1,1185,628,-1881,-171,-203,56,-13,30,51,0,0,0,0,0,0,0,0,0,0,0,0,0,0,0,0,0,0,0,0,0,0,38236
1,1,1,1,1176,642,-1848,-176,-206,47,-13,31,54,0,0,0,0,0,0,0,0,0,0,0,0,0,0,0,0,0,0,0,0,0,0,38246
1,1,1,1,1122,675,-1812,-162,-195,45,-11,30,51,0,0,0,0,0,0,0,0,0,0,0,0,0,0,0,0,0,0,0,0,0,0,38256
1,1,1,1,1052,690,-1807,-147,-178,31,-10,30,51,0,0,0,0,0,0,0,0,0,0,0,0,0,0,0,0,0,0,0,0,0,0,38266
1,1,1,1,1017,669,-1814,-129,-166,29,-11,30,50,0,0,0,0,0,0,0,0,0,0,0,0,0,0,0,0,0,0,0,0,0,0,38276
1,1,1,1,995,656,-1832,-116,-165,25,-9,30,51,0,0,0,0,0,0,0,0,0,0,0,0,0,0,0,0,0,0,0,0,0,0,38286
1,1,1,1,950,654,-1847,-114,-163,20,-11,29,51,0,0,0,0,0,0,0,0,0,0,0,0,0,0,0,0,0,0,0,0,0,0,38296
1,1,1,1,888,665,-1862,-124,-164,20,-13,29,49,0,0,0,0,0,0,0,0,0,0,0,0,0,0,0,0,0,0,0,0,0,0,38306
1,1,1,1,846,672,-1881,-131,-163,36,-13,28,48,0,0,0,0,0,0,0,0,0,0,0,0,0,0,0,0,0,0,0,0,0,0,38316
1,1,1,1,807,695,-1871,-122,-183,74,-12,28,48,0,0,0,0,0,0,0,0,0,0,0,0,0,0,0,0,0,0,0,0,0,0,38326
1,1,1,1,879,661,-1859,-128,-179,70,-9,28,43,0,0,0,0,0,0,0,0,0,0,0,0,0,0,0,0,0,0,0,0,0,0,38336
1,1,1,1,885,674,-1843,-92,-153,101,-10,28,48,0,0,0,0,0,0,0,0,0,0,0,0,0,0,0,0,0,0,0,0,0,0,38346
1,1,1,1,908,673,-1835,-78,-132,113,-8,29,43,0,0,0,0,0,0,0,0,0,0,0,0,0,0,0,0,0,0,0,0,0,0,38356
1,1,1,1,924,692,-1836,-43,-89,101,-8,28,47,0,0,0,0,0,0,0,0,0,0,0,0,0,0,0,0,0,0,0,0,0,0,38366
1,1,1,1,916,687,-1785,-26,-127,112,-6,28,40,0,0,0,0,0,0,0,0,0,0,0,0,0,0,0,0,0,0,0,0,0,0,38376
1,1,1,1,887,720,-1818,-24,-87,146,-8,27,43,0,0,0,0,0,0,0,0,0,0,0,0,0,0,0,0,0,0,0,0,0,0,38386
1,1,1,1,931,701,-1749,-19,-112,228,-6,25,43,0,0,0,0,0,0,0,0,0,0,0,0,0,0,0,0,0,0,0,0,0,0,38396
1,1,1,1,1010,650,-1783,-12,-81,190,-8,26,42,0,0,0,0,0,0,0,0,0,0,0,0,0,0,0,0,0,0,0,0,0,0,38406
1,1,1,1,1056,670,-1793,23,-36,173,-8,31,44,0,0,0,0,0,0,0,0,0,0,0,0,0,0,0,0,0,0,0,0,0,0,38416
1,1,1,1,1155,658,-1778,41,-49,201,-8,28,44,0,0,0,0,0,0,0,0,0,0,0,0,0,0,0,0,0,0,0,0,0,0,38426
1,1,1,1,1214,656,-1863,29,-1,161,-8,29,38,0,0,0,0,0,0,0,0,0,0,0,0,0,0,0,0,0,0,0,0,0,0,38436
1,1,1,1,1399,625,-1836,17,-15,162,-11,27,45,0,0,0,0,0,0,0,0,0,0,0,0,0,0,0,0,0,0,0,0,0,0,38446
1,1,1,1,1509,564,-1860,-40,14,52,-10,27,41,0,0,0,0,0,0,0,0,0,0,0,0,0,0,0,0,0,0,0,0,0,0,38456
1,1,1,1,1273,692,-1849,-24,44,42,-9,25,38,0,0,0,0,0,0,0,0,0,0,0,0,0,0,0,0,0,0,0,0,0,0,38466
1,1,1,1,1155,768,-1853,-27,71,-1,-7,23,36,0,0,0,0,0,0,0,0,0,0,0,0,0,0,0,0,0,0,0,0,0,0,38476
1,1,1,1,1066,796,-1824,16,92,-20,-4,23,36,0,0,0,0,0,0,0,0,0,0,0,0,0,0,0,0,0,0,0,0,0,0,38486
1,1,1,1,1009,798,-1778,80,106,-39,-3,23,40,0,0,0,0,0,0,0,0,0,0,0,0,0,0,0,0,0,0,0,0,0,0,38496
1,1,1,1,1013,768,-1796,148,132,-79,-2,23,40,0,0,0,0,0,0,0,0,0,0,0,0,0,0,0,0,0,0,0,0,0,0,38516
1,1,1,1,1090,720,-1847,174,130,-106,-3,24,43,0,0,0,0,0,0,0,0,0,0,0,0,0,0,0,0,0,0,0,0,0,0,38526
1,1,1,1,1140,691,-1880,166,124,-135,-3,23,41,0,0,0,0,0,0,0,0,0,0,0,0,0,0,0,0,0,0,0,0,0,0,38536
1,1,1,1,1181,663,-1908,140,115,-162,0,23,40,0,0,0,0,0,0,0,0,0,0,0,0,0,0,0,0,0,0,0,0,0,0,38546
1,1,1,1,1212,647,-1897,108,93,-187,0,24,40,0,0,0,0,0,0,0,0,0,0,0,0,0,0,0,0,0,0,0,0,0,0,38556
1,1,1,1,1203,641,-1863,90,63,-219,1,25,40,0,0,0,0,0,0,0,0,0,0,0,0,0,0,0,0,0,0,0,0,0,0,38566
1,1,1,1,1134,659,-1821,80,35,-246,1,26,42,0,0,0,0,0,0,0,0,0,0,0,0,0,0,0,0,0,0,0,0,0,0,38576
1,1,1,1,1057,693,-1836,88,45,-264,1,25,41,0,0,0,0,0,0,0,0,0,0,0,0,0,0,0,0,0,0,0,0,0,0,38586
1,1,1,1,960,715,-1788,112,59,-233,-1,27,45,0,0,0,0,0,0,0,0,0,0,0,0,0,0,0,0,0,0,0,0,0,0,38596
1,1,1,1,813,676,-1778,135,83,-294,2,26,46,0,0,0,0,0,0,0,0,0,0,0,0,0,0,0,0,0,0,0,0,0,0,38606
1,1,1,1,863,713,-1814,165,138,-292,1,29,43,0,0,0,0,0,0,0,0,0,0,0,0,0,0,0,0,0,0,0,0,0,0,38616
1,1,1,1,819,655,-1785,231,179,-244,3,29,45,0,0,0,0,0,0,0,0,0,0,0,0,0,0,0,0,0,0,0,0,0,0,38626
1,1,1,1,853,652,-1819,244,208,-270,1,30,48,0,0,0,0,0,0,0,0,0,0,0,0,0,0,0,0,0,0,0,0,0,0,38636
1,1,1,1,888,632,-1831,250,235,-247,5,30,48,0,0,0,0,0,0,0,0,0,0,0,0,0,0,0,0,0,0,0,0,0,0,38646
1,1,1,1,855,613,-1857,253,241,-230,4,29,48,0,0,0,0,0,0,0,0,0,0,0,0,0,0,0,0,0,0,0,0,0,0,38656
1,1,1,1,909,613,-1892,237,254,-202,3,29,49,0,0,0,0,0,0,0,0,0,0,0,0,0,0,0,0,0,0,0,0,0,0,38666
1,1,1,1,902,590,-1877,230,243,-167,1,31,49,0,0,0,0,0,0,0,0,0,0,0,0,0,0,0,0,0,0,0,0,0,0,38676
1,1,1,1,905,583,-1885,239,232,-118,1,31,50,0,0,0,0,0,0,0,0,0,0,0,0,0,0,0,0,0,0,0,0,0,0,38686
1,1,1,1,922,569,-1900,224,219,-93,1,31,50,0,0,0,0,0,0,0,0,0,0,0,0,0,0,0,0,0,0,0,0,0,0,38696
1,1,1,1,957,567,-1908,192,199,-57,0,30,50,0,0,0,0,0,0,0,0,0,0,0,0,0,0,0,0,0,0,0,0,0,0,38706
1,1,1,1,943,587,-1941,124,146,14,0,31,46,0,0,0,0,0,0,0,0,0,0,0,0,0,0,0,0,0,0,0,0,0,0,38726
1,1,1,1,946,584,-1934,80,119,38,-2,32,49,0,0,0,0,0,0,0,0,0,0,0,0,0,0,0,0,0,0,0,0,0,0,38736
1,1,1,1,955,595,-1912,43,101,63,1,29,47,0,0,0,0,0,0,0,0,0,0,0,0,0,0,0,0,0,0,0,0,0,0,38746
1,1,1,1,976,605,-1886,39,86,79,0,30,48,0,0,0,0,0,0,0,0,0,0,0,0,0,0,0,0,0,0,0,0,0,0,38756
1,1,1,1,998,627,-1860,38,73,79,0,31,51,0,0,0,0,0,0,0,0,0,0,0,0,0,0,0,0,0,0,0,0,0,0,38766
1,1,1,1,1002,640,-1848,75,81,81,1,30,50,0,0,0,0,0,0,0,0,0,0,0,0,0,0,0,0,0,0,0,0,0,0,38776
1,1,1,1,995,631,-1844,143,93,84,4,29,51,0,0,0,0,0,0,0,0,0,0,0,0,0,0,0,0,0,0,0,0,0,0,38786
1,1,1,1,979,623,-1877,178,100,94,5,29,49,0,0,0,0,0,0,0,0,0,0,0,0,0,0,0,0,0,0,0,0,0,0,38796
1,1,1,1,964,585,-1884,202,106,110,4,30,48,0,0,0,0,0,0,0,0,0,0,0,0,0,0,0,0,0,0,0,0,0,0,38806
1,1,1,1,971,548,-1895,245,117,150,3,29,46,0,0,0,0,0,0,0,0,0,0,0,0,0,0,0,0,0,0,0,0,0,0,38816
1,1,1,1,956,511,-1930,283,107,191,0,29,45,0,0,0,0,0,0,0,0,0,0,0,0,0,0,0,0,0,0,0,0,0,0,38826
1,1,1,1,914,473,-1980,309,74,243,0,29,41,0,0,0,0,0,0,0,0,0,0,0,0,0,0,0,0,0,0,0,0,0,0,38836
1,1,1,1,895,460,-2036,341,22,313,1,27,37,0,0,0,0,0,0,0,0,0,0,0,0,0,0,0,0,0,0,0,0,0,0,38846
1,1,1,1,911,430,-2049,348,-67,388,1,27,36,0,0,0,0,0,0,0,0,0,0,0,0,0,0,0,0,0,0,0,0,0,0,38856
1,1,1,1,951,419,-2065,340,-165,471,1,27,30,0,0,0,0,0,0,0,0,0,0,0,0,0,0,0,0,0,0,0,0,0,0,38866
1,1,1,1,945,461,-2064,292,-269,569,0,27,29,0,0,0,0,0,0,0,0,0,0,0,0,0,0,0,0,0,0,0,0,0,0,38876
1,1,1,1,957,467,-2027,290,-314,633,3,26,26,0,0,0,0,0,0,0,0,0,0,0,0,0,0,0,0,0,0,0,0,0,0,38886
1,1,1,1,1042,480,-1971,321,-306,687,0,25,25,0,0,0,0,0,0,0,0,0,0,0,0,0,0,0,0,0,0,0,0,0,0,38896
1,1,1,1,1152,443,-1906,463,-310,745,8,24,23,0,0,0,0,0,0,0,0,0,0,0,0,0,0,0,0,0,0,0,0,0,0,38906
1,1,1,1,1203,488,-1880,1108,-271,821,21,23,18,0,0,0,0,0,0,0,0,0,0,0,0,0,0,0,0,0,0,0,0,0,0,38916
1,1,1,1,1297,483,-1671,2685,-118,953,5,21,18,0,0,0,0,0,0,0,0,0,0,0,0,0,0,0,0,0,0,0,0,0,0,38926
1,1,1,1,1237,393,-1750,2996,46,1014,8,20,14,0,0,0,0,0,0,0,0,0,0,0,0,0,0,0,0,0,0,0,0,0,0,38936
1,1,1,1,1181,204,-2011,2656,53,992,0,18,7,0,0,0,0,0,0,0,0,0,0,0,0,0,0,0,0,0,0,0,0,0,0,38946
1,1,1,1,948,24,-1941,2142,45,1039,8,16,8,0,0,0,0,0,0,0,0,0,0,0,0,0,0,0,0,0,0,0,0,0,0,38956
1,1,1,1,957,435,-2168,1626,30,1068,11,16,11,0,0,0,0,0,0,0,0,0,0,0,0,0,0,0,0,0,0,0,0,0,0,38966
1,1,1,1,1188,557,-2552,2342,-12,1009,4,16,8,0,0,0,0,0,0,0,0,0,0,0,0,0,0,0,0,0,0,0,0,0,0,38976
1,1,1,1,1074,188,-2222,2234,-60,970,3,16,1,0,0,0,0,0,0,0,0,0,0,0,0,0,0,0,0,0,0,0,0,0,0,38986
1,1,1,1,1109,162,-2075,1704,-126,974,6,12,4,0,0,0,0,0,0,0,0,0,0,0,0,0,0,0,0,0,0,0,0,0,0,38996
1,1,1,1,1203,208,-2084,1665,-157,958,4,19,12,0,0,0,0,0,0,0,0,0,0,0,0,0,0,0,0,0,0,0,0,0,0,39006
1,1,1,1,1203,205,-2039,1819,-100,871,6,16,8,0,0,0,0,0,0,0,0,0,0,0,0,0,0,0,0,0,0,0,0,0,0,39016
1,1,1,1,1158,175,-1978,2018,-46,872,7,14,8,0,0,0,0,0,0,0,0,0,0,0,0,0,0,0,0,0,0,0,0,0,0,39026
1,1,1,1,1065,95,-2001,2077,10,904,11,12,3,0,0,0,0,0,0,0,0,0,0,0,0,0,0,0,0,0,0,0,0,0,0,39036
1,1,1,1,1099,76,-2033,2262,47,943,6,14,12,0,0,0,0,0,0,0,0,0,0,0,0,0,0,0,0,0,0,0,0,0,0,39046
1,1,1,1,1132,-167,-2106,2288,86,802,7,12,9,0,0,0,0,0,0,0,0,0,0,0,0,0,0,0,0,0,0,0,0,0,0,39056
1,1,1,1,1101,-183,-2200,2093,108,799,1,14,8,0,0,0,0,0,0,0,0,0,0,0,0,0,0,0,0,0,0,0,0,0,0,39066
1,1,1,1,1126,-254,-2311,1519,100,712,-2,13,1,0,0,0,0,0,0,0,0,0,0,0,0,0,0,0,0,0,0,0,0,0,0,39076
1,1,1,1,1282,-168,-2253,940,11,723,-1,11,7,0,0,0,0,0,0,0,0,0,0,0,0,0,0,0,0,0,0,0,0,0,0,39086
1,1,1,1,1375,-234,-2188,397,-35,660,1,10,6,0,0,0,0,0,0,0,0,0,0,0,0,0,0,0,0,0,0,0,0,0,0,39096
1,1,1,1,1359,-268,-2160,140,-38,552,1,9,3,0,0,0,0,0,0,0,0,0,0,0,0,0,0,0,0,0,0,0,0,0,0,39106
1,1,1,1,1348,-201,-2089,66,-61,480,-2,6,-2,0,0,0,0,0,0,0,0,0,0,0,0,0,0,0,0,0,0,0,0,0,0,39116
1,1,1,1,1320,-231,-2118,100,-51,453,-3,3,-2,0,0,0,0,0,0,0,0,0,0,0,0,0,0,0,0,0,0,0,0,0,0,39126
1,1,1,1,1239,-290,-2114,244,-20,430,-2,-1,-10,0,0,0,0,0,0,0,0,0,0,0,0,0,0,0,0,0,0,0,0,0,0,39136
1,1,1,1,1196,-295,-2153,446,-13,439,-4,-5,-12,0,0,0,0,0,0,0,0,0,0,0,0,0,0,0,0,0,0,0,0,0,0,39146
1,1,1,1,1241,-300,-2195,390,9,432,-4,-9,-13,0,0,0,0,0,0,0,0,0,0,0,0,0,0,0,0,0,0,0,0,0,0,39156
1,1,1,1,1253,-206,-2143,195,0,443,-5,-9,-12,0,0,0,0,0,0,0,0,0,0,0,0,0,0,0,0,0,0,0,0,0,0,39166
1,1,1,1,1276,-180,-2165,68,-13,400,-5,-10,-11,0,0,0,0,0,0,0,0,0,0,0,0,0,0,0,0,0,0,0,0,0,0,39176
1,1,1,1,1144,-115,-1983,132,10,385,-3,-10,-11,0,0,0,0,0,0,0,0,0,0,0,0,0,0,0,0,0,0,0,0,0,0,39186
1,1,1,1,1130,-299,-2149,105,85,391,-7,-11,-11,0,0,0,0,0,0,0,0,0,0,0,0,0,0,0,0,0,0,0,0,0,0,39196
1,1,1,1,1179,-570,-2140,-67,47,438,-5,-9,-11,0,0,0,0,0,0,0,0,0,0,0,0,0,0,0,0,0,0,0,0,0,0,39206
1,1,1,1,1057,-600,-2248,186,11,527,-1,-9,-11,0,0,0,0,0,0,0,0,0,0,0,0,0,0,0,0,0,0,0,0,0,0,39216
1,1,1,1,1025,-592,-2275,705,-36,657,4,-10,-11,0,0,0,0,0,0,0,0,0,0,0,0,0,0,0,0,0,0,0,0,0,0,39226
1,1,1,1,1017,-363,-2173,1622,-21,824,14,-8,-11,0,0,0,0,0,0,0,0,0,0,0,0,0,0,0,0,0,0,0,0,0,0,39236
1,1,1,1,1060,-187,-2101,2980,145,901,21,-7,-12,0,0,0,0,0,0,0,0,0,0,0,0,0,0,0,0,0,0,0,0,0,0,39246
1,1,1,1,1303,-203,-2150,4060,251,971,19,-6,-11,0,0,0,0,0,0,0,0,0,0,0,0,0,0,0,0,0,0,0,0,0,0,39256
1,1,1,1,1434,-308,-2250,5276,382,1106,14,-4,-21,0,0,0,0,0,0,0,0,0,0,0,0,0,0,0,0,0,0,0,0,0,0,39266
1,1,1,1,1293,-797,-2121,5276,479,1369,18,-1,-10,0,0,0,0,0,0,0,0,0,0,0,0,0,0,0,0,0,0,0,0,0,0,39276
1,1,1,1,1002,-1183,-1991,5022,459,1269,12,8,-8,0,0,0,0,0,0,0,0,0,0,0,0,0,0,0,0,0,0,0,0,0,0,39286
1,1,1,1,1056,-1249,-1832,4205,283,879,8,3,-12,0,0,0,0,0,0,0,0,0,0,0,0,0,0,0,0,0,0,0,0,0,0,39296
1,1,1,1,1135,-1078,-2029,3353,258,906,16,10,-10,0,0,0,0,0,0,0,0,0,0,0,0,0,0,0,0,0,0,0,0,0,0,39306
1,1,1,1,1140,-991,-2216,3671,207,920,21,5,-11,0,0,0,0,0,0,0,0,0,0,0,0,0,0,0,0,0,0,0,0,0,0,39316
1,1,1,1,1322,-1129,-2327,4049,-23,910,18,6,1,0,0,0,0,0,0,0,0,0,0,0,0,0,0,0,0,0,0,0,0,0,0,39326
1,1,1,1,1059,-1370,-2131,4088,-63,931,7,8,0,0,0,0,0,0,0,0,0,0,0,0,0,0,0,0,0,0,0,0,0,0,0,39336
1,1,1,1,928,-1451,-1752,3446,16,1062,4,12,13,0,0,0,0,0,0,0,0,0,0,0,0,0,0,0,0,0,0,0,0,0,0,39346
1,1,1,1,1082,-1468,-1648,2980,218,877,8,7,6,0,0,0,0,0,0,0,0,0,0,0,0,0,0,0,0,0,0,0,0,0,0,39356
1,1,1,1,1076,-1209,-1629,3007,338,947,8,8,10,0,0,0,0,0,0,0,0,0,0,0,0,0,0,0,0,0,0,0,0,0,0,39366
1,1,1,1,944,-1304,-1696,2971,328,923,15,9,7,0,0,0,0,0,0,0,0,0,0,0,0,0,0,0,0,0,0,0,0,0,0,39376
1,1,1,1,1036,-1194,-1973,3165,281,944,3,13,9,0,0,0,0,0,0,0,0,0,0,0,0,0,0,0,0,0,0,0,0,0,0,39386
1,1,1,1,1049,-1711,-2062,2559,164,1015,9,10,13,0,0,0,0,0,0,0,0,0,0,0,0,0,0,0,0,0,0,0,0,0,0,39396
1,1,1,1,1024,-1934,-2060,2375,190,1121,4,8,6,0,0,0,0,0,0,0,0,0,0,0,0,0,0,0,0,0,0,0,0,0,0,39406
1,1,1,1,1059,-1972,-1879,2182,228,1286,10,8,7,0,0,0,0,0,0,0,0,0,0,0,0,0,0,0,0,0,0,0,0,0,0,39416
1,1,1,1,1200,-1611,-1514,2336,340,1343,8,5,3,0,0,0,0,0,0,0,0,0,0,0,0,0,0,0,0,0,0,0,0,0,0,39426
1,1,1,1,1364,-1362,-1090,2415,627,1319,5,0,-1,0,0,0,0,0,0,0,0,0,0,0,0,0,0,0,0,0,0,0,0,0,0,39436
1,1,1,1,1403,-1358,-1121,2294,949,1286,8,1,3,0,0,0,0,0,0,0,0,0,0,0,0,0,0,0,0,0,0,0,0,0,0,39446
1,1,1,1,1083,-1627,-1321,2648,1074,1095,7,3,-4,0,0,0,0,0,0,0,0,0,0,0,0,0,0,0,0,0,0,0,0,0,0,39456
1,1,1,1,1139,-1909,-1411,2525,925,746,8,1,-8,0,0,0,0,0,0,0,0,0,0,0,0,0,0,0,0,0,0,0,0,0,0,39466
1,1,1,1,1200,-2024,-1358,2470,783,621,6,0,-11,0,0,0,0,0,0,0,0,0,0,0,0,0,0,0,0,0,0,0,0,0,0,39476
1,1,1,1,1181,-2065,-1373,2426,751,633,6,0,-8,0,0,0,0,0,0,0,0,0,0,0,0,0,0,0,0,0,0,0,0,0,0,39486
1,1,1,1,1136,-2031,-1371,2229,751,640,8,-1,-11,0,0,0,0,0,0,0,0,0,0,0,0,0,0,0,0,0,0,0,0,0,0,39496
1,1,1,1,1072,-2009,-1252,2092,759,627,11,0,-11,0,0,0,0,0,0,0,0,0,0,0,0,0,0,0,0,0,0,0,0,0,0,39506
1,1,1,1,1079,-1886,-1134,2149,744,552,12,0,-11,0,0,0,0,0,0,0,0,0,0,0,0,0,0,0,0,0,0,0,0,0,0,39516
1,1,1,1,1115,-1755,-1082,2460,721,406,14,-1,-11,0,0,0,0,0,0,0,0,0,0,0,0,0,0,0,0,0,0,0,0,0,0,39526
1,1,1,1,1142,-1769,-977,2708,704,269,15,-2,-11,0,0,0,0,0,0,0,0,0,0,0,0,0,0,0,0,0,0,0,0,0,0,39536
1,1,1,1,1139,-1793,-929,2951,673,174,16,-2,-11,0,0,0,0,0,0,0,0,0,0,0,0,0,0,0,0,0,0,0,0,0,0,39546
1,1,1,1,1104,-1838,-894,3079,663,127,17,-1,-11,0,0,0,0,0,0,0,0,0,0,0,0,0,0,0,0,0,0,0,0,0,0,39556
1,1,1,1,1092,-1931,-907,3148,614,103,15,1,-11,0,0,0,0,0,0,0,0,0,0,0,0,0,0,0,0,0,0,0,0,0,0,39566
1,1,1,1,1003,-2089,-848,3023,497,132,16,1,6,0,0,0,0,0,0,0,0,0,0,0,0,0,0,0,0,0,0,0,0,0,0,39576
1,1,1,1,419,-2274,-1077,3135,692,-37,18,7,-11,0,0,0,0,0,0,0,0,0,0,0,0,0,0,0,0,0,0,0,0,0,0,39586
1,1,1,1,1105,-2062,-719,3681,637,139,11,8,-1,0,0,0,0,0,0,0,0,0,0,0,0,0,0,0,0,0,0,0,0,0,0,39596
1,1,1,1,878,-2339,-749,3217,364,298,10,12,5,0,0,0,0,0,0,0,0,0,0,0,0,0,0,0,0,0,0,0,0,0,0,39606
1,1,1,1,974,-2243,-632,2957,215,264,14,11,6,0,0,0,0,0,0,0,0,0,0,0,0,0,0,0,0,0,0,0,0,0,0,39616
1,1,1,1,923,-2140,-398,3128,82,271,16,19,16,0,0,0,0,0,0,0,0,0,0,0,0,0,0,0,0,0,0,0,0,0,0,39626
1,1,1,1,877,-2093,-251,3829,58,197,21,20,24,0,0,0,0,0,0,0,0,0,0,0,0,0,0,0,0,0,0,0,0,0,0,39636
1,1,1,1,693,-2062,-118,4968,115,198,26,22,31,0,0,0,0,0,0,0,0,0,0,0,0,0,0,0,0,0,0,0,0,0,0,39646
1,1,1,1,813,-2408,34,5760,145,191,15,23,29,0,0,0,0,0,0,0,0,0,0,0,0,0,0,0,0,0,0,0,0,0,0,39656
1,1,1,1,1120,-2759,-207,5003,122,165,7,25,28,0,0,0,0,0,0,0,0,0,0,0,0,0,0,0,0,0,0,0,0,0,0,39666
1,1,1,1,1029,-2669,-192,3832,39,206,13,21,32,0,0,0,0,0,0,0,0,0,0,0,0,0,0,0,0,0,0,0,0,0,0,39676
1,1,1,1,683,-2564,-378,3432,232,148,17,24,25,0,0,0,0,0,0,0,0,0,0,0,0,0,0,0,0,0,0,0,0,0,0,39686
1,1,1,1,1607,-2233,89,3301,69,130,16,23,27,0,0,0,0,0,0,0,0,0,0,0,0,0,0,0,0,0,0,0,0,0,0,39696
1,1,1,1,995,-2012,38,2986,23,111,17,23,25,0,0,0,0,0,0,0,0,0,0,0,0,0,0,0,0,0,0,0,0,0,0,39706
1,1,1,1,1092,-2144,237,2952,17,165,15,22,27,0,0,0,0,0,0,0,0,0,0,0,0,0,0,0,0,0,0,0,0,0,0,39716
1,1,1,1,880,-2213,-1,2830,181,177,18,22,20,0,0,0,0,0,0,0,0,0,0,0,0,0,0,0,0,0,0,0,0,0,0,39726
1,1,1,1,1110,-1932,187,2652,68,287,17,22,30,0,0,0,0,0,0,0,0,0,0,0,0,0,0,0,0,0,0,0,0,0,0,39736
1,1,1,1,471,-2060,-93,3078,180,77,12,26,13,0,0,0,0,0,0,0,0,0,0,0,0,0,0,0,0,0,0,0,0,0,0,39746
1,1,1,1,1976,-1972,514,2907,71,89,17,22,19,0,0,0,0,0,0,0,0,0,0,0,0,0,0,0,0,0,0,0,0,0,0,39756
1,1,1,1,941,-2038,826,2027,-226,327,10,23,16,0,0,0,0,0,0,0,0,0,0,0,0,0,0,0,0,0,0,0,0,0,0,39766
1,1,1,1,597,-2661,585,1904,84,267,11,19,17,0,0,0,0,0,0,0,0,0,0,0,0,0,0,0,0,0,0,0,0,0,0,39776
1,1,1,1,992,-2337,210,1150,345,278,11,22,2,0,0,0,0,0,0,0,0,0,0,0,0,0,0,0,0,0,0,0,0,0,0,39786
1,1,1,1,1492,-1991,794,671,118,270,15,23,9,0,0,0,0,0,0,0,0,0,0,0,0,0,0,0,0,0,0,0,0,0,0,39796
1,1,1,1,1078,-1976,887,700,-121,286,10,21,13,0,0,0,0,0,0,0,0,0,0,0,0,0,0,0,0,0,0,0,0,0,0,39806
1,1,1,1,1059,-2120,569,672,-55,204,12,21,15,0,0,0,0,0,0,0,0,0,0,0,0,0,0,0,0,0,0,0,0,0,0,39816
1,1,1,1,857,-2024,458,685,51,153,14,23,11,0,0,0,0,0,0,0,0,0,0,0,0,0,0,0,0,0,0,0,0,0,0,39826
1,1,1,1,812,-1891,456,829,118,161,16,23,11,0,0,0,0,0,0,0,0,0,0,0,0,0,0,0,0,0,0,0,0,0,0,39836
1,1,1,1,900,-1999,591,953,107,177,16,22,7,0,0,0,0,0,0,0,0,0,0,0,0,0,0,0,0,0,0,0,0,0,0,39846
1,1,1,1,940,-2026,665,934,50,228,15,20,7,0,0,0,0,0,0,0,0,0,0,0,0,0,0,0,0,0,0,0,0,0,0,39856
1,1,1,1,886,-2109,655,891,88,232,18,20,2,0,0,0,0,0,0,0,0,0,0,0,0,0,0,0,0,0,0,0,0,0,0,39866
1,1,1,1,993,-2080,597,1212,22,215,17,19,1,0,0,0,0,0,0,0,0,0,0,0,0,0,0,0,0,0,0,0,0,0,0,39876
1,1,1,1,960,-2115,525,1366,-144,314,12,17,-6,0,0,0,0,0,0,0,0,0,0,0,0,0,0,0,0,0,0,0,0,0,0,39886
1,1,1,1,920,-2047,622,1267,-165,344,8,16,-6,0,0,0,0,0,0,0,0,0,0,0,0,0,0,0,0,0,0,0,0,0,0,39896
1,1,1,1,675,-2035,859,585,-183,419,7,15,3,0,0,0,0,0,0,0,0,0,0,0,0,0,0,0,0,0,0,0,0,0,0,39906
1,1,1,1,804,-1997,787,110,-249,480,7,16,5,0,0,0,0,0,0,0,0,0,0,0,0,0,0,0,0,0,0,0,0,0,0,39916
1,1,1,1,1187,-1927,595,97,-173,318,9,12,-5,0,0,0,0,0,0,0,0,0,0,0,0,0,0,0,0,0,0,0,0,0,0,39926
1,1,1,1,1063,-1728,753,-66,-245,340,5,13,0,0,0,0,0,0,0,0,0,0,0,0,0,0,0,0,0,0,0,0,0,0,0,39936
1,1,1,1,890,-1899,687,-153,-265,311,6,6,-5,0,0,0,0,0,0,0,0,0,0,0,0,0,0,0,0,0,0,0,0,0,0,39946
1,1,1,1,966,-2015,663,-218,-232,207,4,8,-9,0,0,0,0,0,0,0,0,0,0,0,0,0,0,0,0,0,0,0,0,0,0,39956
1,1,1,1,936,-2089,786,-422,-320,238,-1,3,-11,0,0,0,0,0,0,0,0,0,0,0,0,0,0,0,0,0,0,0,0,0,0,39966
1,1,1,1,886,-2076,642,-631,-349,230,12,-2,-11,0,0,0,0,0,0,0,0,0,0,0,0,0,0,0,0,0,0,0,0,0,0,39976
1,1,1,1,951,-1628,273,58,-335,301,6,0,-11,0,0,0,0,0,0,0,0,0,0,0,0,0,0,0,0,0,0,0,0,0,0,39986
1,1,1,1,1050,-1769,244,282,-411,219,10,-2,-16,0,0,0,0,0,0,0,0,0,0,0,0,0,0,0,0,0,0,0,0,0,0,39996
1,1,1,1,938,-1482,338,528,-514,173,11,-3,-11,0,0,0,0,0,0,0,0,0,0,0,0,0,0,0,0,0,0,0,0,0,0,40006
1,1,1,1,907,-1501,266,741,-513,105,10,0,-10,0,0,0,0,0,0,0,0,0,0,0,0,0,0,0,0,0,0,0,0,0,0,40016
1,1,1,1,942,-1592,448,834,-575,-32,12,0,-11,0,0,0,0,0,0,0,0,0,0,0,0,0,0,0,0,0,0,0,0,0,0,40026
1,1,1,1,974,-1702,669,912,-625,-106,11,0,-10,0,0,0,0,0,0,0,0,0,0,0,0,0,0,0,0,0,0,0,0,0,0,40036
1,1,1,1,1000,-2000,759,938,-598,-142,10,-2,-16,0,0,0,0,0,0,0,0,0,0,0,0,0,0,0,0,0,0,0,0,0,0,40046
1,1,1,1,1006,-2112,824,707,-621,-109,8,-3,-15,0,0,0,0,0,0,0,0,0,0,0,0,0,0,0,0,0,0,0,0,0,0,40056
1,1,1,1,925,-2173,709,287,-650,-74,5,-4,-12,0,0,0,0,0,0,0,0,0,0,0,0,0,0,0,0,0,0,0,0,0,0,40066
1,1,1,1,876,-2053,629,-20,-653,-74,6,-5,-12,0,0,0,0,0,0,0,0,0,0,0,0,0,0,0,0,0,0,0,0,0,0,40076
1,1,1,1,778,-1963,542,-126,-651,-92,8,-3,-11,0,0,0,0,0,0,0,0,0,0,0,0,0,0,0,0,0,0,0,0,0,0,40086
1,1,1,1,778,-1877,537,-66,-715,-123,8,-3,-11,0,0,0,0,0,0,0,0,0,0,0,0,0,0,0,0,0,0,0,0,0,0,40096
1,1,1,1,793,-1881,530,-28,-780,-109,8,-4,-19,0,0,0,0,0,0,0,0,0,0,0,0,0,0,0,0,0,0,0,0,0,0,40106
1,1,1,1,741,-1857,576,-45,-777,-93,8,-3,-17,0,0,0,0,0,0,0,0,0,0,0,0,0,0,0,0,0,0,0,0,0,0,40116
1,1,1,1,771,-1890,547,-114,-756,-113,8,-2,-13,0,0,0,0,0,0,0,0,0,0,0,0,0,0,0,0,0,0,0,0,0,0,40126
1,1,1,1,879,-1931,612,-201,-773,-96,8,-2,-13,0,0,0,0,0,0,0,0,0,0,0,0,0,0,0,0,0,0,0,0,0,0,40136
1,1,1,1,911,-1932,626,-306,-798,-71,8,-1,-14,0,0,0,0,0,0,0,0,0,0,0,0,0,0,0,0,0,0,0,0,0,0,40146
1,1,1,1,904,-1898,617,-315,-791,-60,12,-1,-11,0,0,0,0,0,0,0,0,0,0,0,0,0,0,0,0,0,0,0,0,0,0,40156
1,1,1,1,820,-1909,643,-227,-742,-36,11,-1,-11,0,0,0,0,0,0,0,0,0,0,0,0,0,0,0,0,0,0,0,0,0,0,40166
1,1,1,1,985,-1867,647,-213,-675,-50,10,-2,-18,0,0,0,0,0,0,0,0,0,0,0,0,0,0,0,0,0,0,0,0,0,0,40176
1,1,1,1,1010,-1770,674,-151,-623,-93,11,-3,-12,0,0,0,0,0,0,0,0,0,0,0,0,0,0,0,0,0,0,0,0,0,0,40186
1,1,1,1,1015,-1803,636,-132,-540,-105,5,1,-11,0,0,0,0,0,0,0,0,0,0,0,0,0,0,0,0,0,0,0,0,0,0,40196
1,1,1,1,1079,-1791,659,-137,-465,-120,13,-6,-13,0,0,0,0,0,0,0,0,0,0,0,0,0,0,0,0,0,0,0,0,0,0,40206
1,1,1,1,1071,-1778,656,-62,-406,-160,10,-4,-11,0,0,0,0,0,0,0,0,0,0,0,0,0,0,0,0,0,0,0,0,0,0,40216
1,1,1,1,1036,-1785,612,-9,-345,-183,7,-1,-11,0,0,0,0,0,0,0,0,0,0,0,0,0,0,0,0,0,0,0,0,0,0,40226
1,1,1,1,968,-1805,601,23,-270,-189,5,3,-10,0,0,0,0,0,0,0,0,0,0,0,0,0,0,0,0,0,0,0,0,0,0,40236
1,1,1,1,904,-1860,609,64,-191,-176,2,5,-5,0,0,0,0,0,0,0,0,0,0,0,0,0,0,0,0,0,0,0,0,0,0,40246
1,1,1,1,814,-1934,652,51,-130,-125,3,3,-9,0,0,0,0,0,0,0,0,0,0,0,0,0,0,0,0,0,0,0,0,0,0,40256
1,1,1,1,681,-2032,642,15,-59,-88,0,3,-6,0,0,0,0,0,0,0,0,0,0,0,0,0,0,0,0,0,0,0,0,0,0,40266
1,1,1,1,642,-2059,641,-3,2,-89,0,-1,-11,0,0,0,0,0,0,0,0,0,0,0,0,0,0,0,0,0,0,0,0,0,0,40276
1,1,1,1,682,-2050,687,-36,33,-48,0,-3,-10,0,0,0,0,0,0,0,0,0,0,0,0,0,0,0,0,0,0,0,0,0,0,40286
1,1,1,1,794,-2031,704,-80,67,-58,-6,-4,-6,0,0,0,0,0,0,0,0,0,0,0,0,0,0,0,0,0,0,0,0,0,0,40296
1,1,1,1,895,-2020,728,-167,130,-108,-10,-8,-11,0,0,0,0,0,0,0,0,0,0,0,0,0,0,0,0,0,0,0,0,0,0,40306
1,1,1,1,957,-1967,725,-250,185,-131,-12,-7,-10,0,0,0,0,0,0,0,0,0,0,0,0,0,0,0,0,0,0,0,0,0,0,40316
1,1,1,1,1132,-1851,761,-349,272,-133,-14,-7,-11,0,0,0,0,0,0,0,0,0,0,0,0,0,0,0,0,0,0,0,0,0,0,40326
1,1,1,1,1207,-1822,740,-449,338,-88,-18,-9,-11,0,0,0,0,0,0,0,0,0,0,0,0,0,0,0,0,0,0,0,0,0,0,40336
1,1,1,1,1329,-1844,679,-536,381,-40,-19,-7,-12,0,0,0,0,0,0,0,0,0,0,0,0,0,0,0,0,0,0,0,0,0,0,40346
1,1,1,1,1308,-1863,656,-555,346,-1,-20,-9,-6,0,0,0,0,0,0,0,0,0,0,0,0,0,0,0,0,0,0,0,0,0,0,40356
1,1,1,1,1362,-1919,535,-457,270,-10,-26,-12,-7,0,0,0,0,0,0,0,0,0,0,0,0,0,0,0,0,0,0,0,0,0,0,40366
1,1,1,1,1327,-1883,348,-297,249,-72,-26,-14,-11,0,0,0,0,0,0,0,0,0,0,0,0,0,0,0,0,0,0,0,0,0,0,40376
1,1,1,1,1228,-1878,267,-173,162,-78,-29,-15,-9,0,0,0,0,0,0,0,0,0,0,0,0,0,0,0,0,0,0,0,0,0,0,40386
1,1,1,1,1213,-1900,219,-18,62,-66,-27,-15,-11,0,0,0,0,0,0,0,0,0,0,0,0,0,0,0,0,0,0,0,0,0,0,40396
1,1,1,1,1313,-1788,249,172,-52,-39,-28,-17,-11,0,0,0,0,0,0,0,0,0,0,0,0,0,0,0,0,0,0,0,0,0,0,40406
1,1,1,1,1433,-1781,215,347,-59,-61,-29,-15,-12,0,0,0,0,0,0,0,0,0,0,0,0,0,0,0,0,0,0,0,0,0,0,40416
1,1,1,1,1510,-1758,339,385,-139,-23,-26,-14,-10,0,0,0,0,0,0,0,0,0,0,0,0,0,0,0,0,0,0,0,0,0,0,40426
1,1,1,1,1563,-1845,417,375,-167,-72,-26,-11,-11,0,0,0,0,0,0,0,0,0,0,0,0,0,0,0,0,0,0,0,0,0,0,40436
1,1,1,1,1479,-1912,481,330,-207,-132,-21,-9,-4,0,0,0,0,0,0,0,0,0,0,0,0,0,0,0,0,0,0,0,0,0,0,40446
1,1,1,1,1499,-1884,484,296,-265,-134,-20,-8,-5,0,0,0,0,0,0,0,0,0,0,0,0,0,0,0,0,0,0,0,0,0,0,40456
1,1,1,1,1471,-1793,461,308,-303,-114,-17,-6,-6,0,0,0,0,0,0,0,0,0,0,0,0,0,0,0,0,0,0,0,0,0,0,40466
1,1,1,1,1423,-1757,435,315,-333,-65,-16,-4,-1,0,0,0,0,0,0,0,0,0,0,0,0,0,0,0,0,0,0,0,0,0,0,40476
1,1,1,1,1338,-1841,439,354,-361,-52,-13,-6,-5,0,0,0,0,0,0,0,0,0,0,0,0,0,0,0,0,0,0,0,0,0,0,40486
1,1,1,1,1188,-1867,419,338,-365,-21,-13,-6,-2,0,0,0,0,0,0,0,0,0,0,0,0,0,0,0,0,0,0,0,0,0,0,40496
1,1,1,1,1109,-1905,445,302,-344,10,-12,-1,-4,0,0,0,0,0,0,0,0,0,0,0,0,0,0,0,0,0,0,0,0,0,0,40506
1,1,1,1,1075,-1914,536,301,-364,-7,-8,-2,-1,0,0,0,0,0,0,0,0,0,0,0,0,0,0,0,0,0,0,0,0,0,0,40516
1,1,1,1,1110,-1896,593,329,-395,-39,-5,-3,-5,0,0,0,0,0,0,0,0,0,0,0,0,0,0,0,0,0,0,0,0,0,0,40526
1,1,1,1,1079,-1912,571,302,-399,-69,-4,-2,0,0,0,0,0,0,0,0,0,0,0,0,0,0,0,0,0,0,0,0,0,0,0,40536
1,1,1,1,1055,-1905,533,252,-379,-83,-7,-1,2,0,0,0,0,0,0,0,0,0,0,0,0,0,0,0,0,0,0,0,0,0,0,40546
1,1,1,1,1103,-1898,564,180,-385,-74,-6,2,0,0,0,0,0,0,0,0,0,0,0,0,0,0,0,0,0,0,0,0,0,0,0,40556
1,1,1,1,1110,-1840,581,95,-412,-28,-9,6,7,0,0,0,0,0,0,0,0,0,0,0,0,0,0,0,0,0,0,0,0,0,0,40566
1,1,1,1,1106,-1910,497,50,-376,-72,-6,5,9,0,0,0,0,0,0,0,0,0,0,0,0,0,0,0,0,0,0,0,0,0,0,40576
1,1,1,1,1081,-1897,461,10,-446,-141,-2,5,7,0,0,0,0,0,0,0,0,0,0,0,0,0,0,0,0,0,0,0,0,0,0,40596
1,1,1,1,1098,-1814,488,53,-474,-150,0,6,5,0,0,0,0,0,0,0,0,0,0,0,0,0,0,0,0,0,0,0,0,0,0,40606
1,1,1,1,1007,-1811,476,92,-461,-148,2,7,7,0,0,0,0,0,0,0,0,0,0,0,0,0,0,0,0,0,0,0,0,0,0,40616
1,1,1,1,1045,-1814,525,161,-415,-175,3,8,11,0,0,0,0,0,0,0,0,0,0,0,0,0,0,0,0,0,0,0,0,0,0,40626
1,1,1,1,1057,-1810,606,162,-390,-181,3,10,10,0,0,0,0,0,0,0,0,0,0,0,0,0,0,0,0,0,0,0,0,0,0,40636
1,1,1,1,1040,-1836,642,122,-375,-159,1,11,12,0,0,0,0,0,0,0,0,0,0,0,0,0,0,0,0,0,0,0,0,0,0,40646
1,1,1,1,994,-1887,604,14,-330,-137,1,11,13,0,0,0,0,0,0,0,0,0,0,0,0,0,0,0,0,0,0,0,0,0,0,40656
1,1,1,1,1012,-1915,578,-147,-258,-127,0,12,11,0,0,0,0,0,0,0,0,0,0,0,0,0,0,0,0,0,0,0,0,0,0,40666
1,1,1,1,1060,-1893,554,-293,-215,-95,5,11,11,0,0,0,0,0,0,0,0,0,0,0,0,0,0,0,0,0,0,0,0,0,0,40676
1,1,1,1,1148,-1787,520,-322,-180,-95,3,11,10,0,0,0,0,0,0,0,0,0,0,0,0,0,0,0,0,0,0,0,0,0,0,40686
1,1,1,1,1212,-1705,483,-229,-148,-117,3,11,10,0,0,0,0,0,0,0,0,0,0,0,0,0,0,0,0,0,0,0,0,0,0,40696
1,1,1,1,1214,-1692,442,-78,-110,-147,1,12,17,0,0,0,0,0,0,0,0,0,0,0,0,0,0,0,0,0,0,0,0,0,0,40706
1,1,1,1,1205,-1696,434,82,-76,-176,1,13,23,0,0,0,0,0,0,0,0,0,0,0,0,0,0,0,0,0,0,0,0,0,0,40716
1,1,1,1,1220,-1743,468,188,-34,-193,-1,14,26,0,0,0,0,0,0,0,0,0,0,0,0,0,0,0,0,0,0,0,0,0,0,40726
1,1,1,1,1192,-1801,507,228,18,-192,-1,16,30,0,0,0,0,0,0,0,0,0,0,0,0,0,0,0,0,0,0,0,0,0,0,40736
1,1,1,1,1144,-1865,554,188,64,-166,-3,18,32,0,0,0,0,0,0,0,0,0,0,0,0,0,0,0,0,0,0,0,0,0,0,40746
1,1,1,1,1092,-1922,589,102,130,-116,-4,19,36,0,0,0,0,0,0,0,0,0,0,0,0,0,0,0,0,0,0,0,0,0,0,40756
1,1,1,1,1011,-1943,630,28,191,-64,-7,20,38,0,0,0,0,0,0,0,0,0,0,0,0,0,0,0,0,0,0,0,0,0,0,40766
1,1,1,1,922,-1977,690,-109,268,37,-9,21,40,0,0,0,0,0,0,0,0,0,0,0,0,0,0,0,0,0,0,0,0,0,0,40776
1,1,1,1,878,-2044,748,-249,341,118,-12,21,39,0,0,0,0,0,0,0,0,0,0,0,0,0,0,0,0,0,0,0,0,0,0,40786
1,1,1,1,858,-2043,750,-437,408,175,-14,21,41,0,0,0,0,0,0,0,0,0,0,0,0,0,0,0,0,0,0,0,0,0,0,40796
1,1,1,1,912,-2025,739,-621,462,221,-16,23,42,0,0,0,0,0,0,0,0,0,0,0,0,0,0,0,0,0,0,0,0,0,0,40806
1,1,1,1,986,-1981,677,-726,493,232,-16,20,42,0,0,0,0,0,0,0,0,0,0,0,0,0,0,0,0,0,0,0,0,0,0,40816
1,1,1,1,1105,-1919,591,-806,517,228,-20,21,48,0,0,0,0,0,0,0,0,0,0,0,0,0,0,0,0,0,0,0,0,0,0,40826
1,1,1,1,1179,-1885,499,-804,560,198,-24,17,48,0,0,0,0,0,0,0,0,0,0,0,0,0,0,0,0,0,0,0,0,0,0,40836
1,1,1,1,1179,-1921,438,-769,575,132,-27,17,45,0,0,0,0,0,0,0,0,0,0,0,0,0,0,0,0,0,0,0,0,0,0,40846
1,1,1,1,1226,-1863,470,-760,465,140,-25,17,45,0,0,0,0,0,0,0,0,0,0,0,0,0,0,0,0,0,0,0,0,0,0,40856
1,1,1,1,1358,-1867,383,-665,380,123,-27,13,43,0,0,0,0,0,0,0,0,0,0,0,0,0,0,0,0,0,0,0,0,0,0,40866
1,1,1,1,1409,-1821,287,-565,355,92,-25,11,41,0,0,0,0,0,0,0,0,0,0,0,0,0,0,0,0,0,0,0,0,0,0,40876
1,1,1,1,1372,-1823,307,-469,268,70,-27,9,39,0,0,0,0,0,0,0,0,0,0,0,0,0,0,0,0,0,0,0,0,0,0,40886
1,1,1,1,1364,-1866,244,-367,177,11,-25,9,36,0,0,0,0,0,0,0,0,0,0,0,0,0,0,0,0,0,0,0,0,0,0,40896
1,1,1,1,1399,-1804,270,-308,27,41,-26,6,31,0,0,0,0,0,0,0,0,0,0,0,0,0,0,0,0,0,0,0,0,0,0,40906
1,1,1,1,1530,-1793,187,-279,-39,49,-27,4,30,0,0,0,0,0,0,0,0,0,0,0,0,0,0,0,0,0,0,0,0,0,0,40916
1,1,1,1,1534,-1772,137,-115,-15,-7,-26,2,26,0,0,0,0,0,0,0,0,0,0,0,0,0,0,0,0,0,0,0,0,0,0,40926
1,1,1,1,1588,-1733,234,-59,-89,31,-24,0,25,0,0,0,0,0,0,0,0,0,0,0,0,0,0,0,0,0,0,0,0,0,0,40936
1,1,1,1,1665,-1766,228,14,-117,23,-22,2,24,0,0,0,0,0,0,0,0,0,0,0,0,0,0,0,0,0,0,0,0,0,0,40946
1,1,1,1,1584,-1823,287,155,-171,-79,-20,2,21,0,0,0,0,0,0,0,0,0,0,0,0,0,0,0,0,0,0,0,0,0,0,40956
1,1,1,1,1547,-1821,283,239,-256,-134,-18,2,21,0,0,0,0,0,0,0,0,0,0,0,0,0,0,0,0,0,0,0,0,0,0,40966
1,1,1,1,1455,-1800,282,321,-313,-154,-16,3,20,0,0,0,0,0,0,0,0,0,0,0,0,0,0,0,0,0,0,0,0,0,0,40976
1,1,1,1,1368,-1771,295,385,-351,-117,-11,4,19,0,0,0,0,0,0,0,0,0,0,0,0,0,0,0,0,0,0,0,0,0,0,40986
1,1,1,1,1247,-1769,289,457,-348,-73,-10,6,20,0,0,0,0,0,0,0,0,0,0,0,0,0,0,0,0,0,0,0,0,0,0,40996
1,1,1,1,1178,-1799,312,575,-316,-67,-10,6,19,0,0,0,0,0,0,0,0,0,0,0,0,0,0,0,0,0,0,0,0,0,0,41006
1,1,1,1,1173,-1830,377,610,-329,-31,-10,6,15,0,0,0,0,0,0,0,0,0,0,0,0,0,0,0,0,0,0,0,0,0,0,41016
1,1,1,1,1150,-1894,420,612,-332,-25,-8,7,17,0,0,0,0,0,0,0,0,0,0,0,0,0,0,0,0,0,0,0,0,0,0,41026
1,1,1,1,1130,-1926,472,601,-363,-49,-9,5,16,0,0,0,0,0,0,0,0,0,0,0,0,0,0,0,0,0,0,0,0,0,0,41036
1,1,1,1,1185,-1918,450,528,-336,-72,-5,6,18,0,0,0,0,0,0,0,0,0,0,0,0,0,0,0,0,0,0,0,0,0,0,41046
1,1,1,1,1235,-1879,492,482,-338,-68,-8,6,20,0,0,0,0,0,0,0,0,0,0,0,0,0,0,0,0,0,0,0,0,0,0,41056
1,1,1,1,1189,-1847,477,438,-337,-65,-5,8,18,0,0,0,0,0,0,0,0,0,0,0,0,0,0,0,0,0,0,0,0,0,0,41066
1,1,1,1,1181,-1821,483,447,-341,-65,-5,7,23,0,0,0,0,0,0,0,0,0,0,0,0,0,0,0,0,0,0,0,0,0,0,41076
1,1,1,1,1124,-1865,466,453,-309,-88,-5,8,22,0,0,0,0,0,0,0,0,0,0,0,0,0,0,0,0,0,0,0,0,0,0,41086
1,1,1,1,1121,-1869,508,439,-291,-101,-5,10,20,0,0,0,0,0,0,0,0,0,0,0,0,0,0,0,0,0,0,0,0,0,0,41096
1,1,1,1,1164,-1900,538,383,-308,-77,-8,11,23,0,0,0,0,0,0,0,0,0,0,0,0,0,0,0,0,0,0,0,0,0,0,41106
1,1,1,1,1156,-1906,528,319,-318,-74,-5,8,21,0,0,0,0,0,0,0,0,0,0,0,0,0,0,0,0,0,0,0,0,0,0,41116
1,1,1,1,1158,-1922,493,259,-301,-88,-4,8,20,0,0,0,0,0,0,0,0,0,0,0,0,0,0,0,0,0,0,0,0,0,0,41126
1,1,1,1,1236,-1892,506,228,-312,-104,-6,12,22,0,0,0,0,0,0,0,0,0,0,0,0,0,0,0,0,0,0,0,0,0,0,41136
1,1,1,1,1242,-1845,460,230,-340,-118,-4,8,23,0,0,0,0,0,0,0,0,0,0,0,0,0,0,0,0,0,0,0,0,0,0,41146
1,1,1,1,1247,-1773,460,262,-355,-122,-6,11,22,0,0,0,0,0,0,0,0,0,0,0,0,0,0,0,0,0,0,0,0,0,0,41156
1,1,1,1,1225,-1750,469,260,-372,-75,-6,12,25,0,0,0,0,0,0,0,0,0,0,0,0,0,0,0,0,0,0,0,0,0,0,41166
1,1,1,1,1131,-1786,406,280,-310,-69,-5,12,27,0,0,0,0,0,0,0,0,0,0,0,0,0,0,0,0,0,0,0,0,0,0,41176
1,1,1,1,1107,-1801,457,283,-293,-66,-4,13,27,0,0,0,0,0,0,0,0,0,0,0,0,0,0,0,0,0,0,0,0,0,0,41186
1,1,1,1,1139,-1785,472,271,-258,-80,-3,12,27,0,0,0,0,0,0,0,0,0,0,0,0,0,0,0,0,0,0,0,0,0,0,41196
1,1,1,1,1154,-1761,504,233,-230,-87,2,11,29,0,0,0,0,0,0,0,0,0,0,0,0,0,0,0,0,0,0,0,0,0,0,41206
1,1,1,1,1180,-1777,526,247,-190,-104,0,12,28,0,0,0,0,0,0,0,0,0,0,0,0,0,0,0,0,0,0,0,0,0,0,41216
1,1,1,1,1159,-1780,549,261,-152,-108,0,12,27,0,0,0,0,0,0,0,0,0,0,0,0,0,0,0,0,0,0,0,0,0,0,41226
1,1,1,1,1219,-1800,571,273,-95,-125,-2,13,30,0,0,0,0,0,0,0,0,0,0,0,0,0,0,0,0,0,0,0,0,0,0,41236
1,1,1,1,1250,-1802,602,287,-50,-138,-4,12,30,0,0,0,0,0,0,0,0,0,0,0,0,0,0,0,0,0,0,0,0,0,0,41246
1,1,1,1,1250,-1804,570,260,-12,-145,-5,13,29,0,0,0,0,0,0,0,0,0,0,0,0,0,0,0,0,0,0,0,0,0,0,41256
1,1,1,1,1251,-1800,566,224,32,-145,-6,12,30,0,0,0,0,0,0,0,0,0,0,0,0,0,0,0,0,0,0,0,0,0,0,41266
1,1,1,1,1241,-1798,542,228,73,-139,-7,12,33,0,0,0,0,0,0,0,0,0,0,0,0,0,0,0,0,0,0,0,0,0,0,41276
1,1,1,1,1212,-1791,530,225,110,-128,-8,12,35,0,0,0,0,0,0,0,0,0,0,0,0,0,0,0,0,0,0,0,0,0,0,41286
1,1,1,1,1154,-1797,561,241,153,-119,-11,13,35,0,0,0,0,0,0,0,0,0,0,0,0,0,0,0,0,0,0,0,0,0,0,41296
1,1,1,1,1071,-1822,619,229,217,-87,-14,14,37,0,0,0,0,0,0,0,0,0,0,0,0,0,0,0,0,0,0,0,0,0,0,41306
1,1,1,1,1014,-1874,673,132,293,-32,-15,14,39,0,0,0,0,0,0,0,0,0,0,0,0,0,0,0,0,0,0,0,0,0,0,41316
1,1,1,1,972,-1920,718,-46,365,35,-17,14,42,0,0,0,0,0,0,0,0,0,0,0,0,0,0,0,0,0,0,0,0,0,0,41326
1,1,1,1,941,-1953,762,-295,430,112,-19,13,40,0,0,0,0,0,0,0,0,0,0,0,0,0,0,0,0,0,0,0,0,0,0,41336
1,1,1,1,975,-1973,743,-516,467,174,-22,12,40,0,0,0,0,0,0,0,0,0,0,0,0,0,0,0,0,0,0,0,0,0,0,41346
1,1,1,1,1071,-1962,675,-717,474,197,-26,10,36,0,0,0,0,0,0,0,0,0,0,0,0,0,0,0,0,0,0,0,0,0,0,41356
1,1,1,1,1167,-1894,611,-830,473,220,-27,9,41,0,0,0,0,0,0,0,0,0,0,0,0,0,0,0,0,0,0,0,0,0,0,41366
1,1,1,1,1246,-1817,500,-880,507,218,-28,7,43,0,0,0,0,0,0,0,0,0,0,0,0,0,0,0,0,0,0,0,0,0,0,41376
1,1,1,1,1247,-1749,486,-771,494,165,-29,6,35,0,0,0,0,0,0,0,0,0,0,0,0,0,0,0,0,0,0,0,0,0,0,41386
1,1,1,1,1299,-1710,473,-626,430,93,-30,6,37,0,0,0,0,0,0,0,0,0,0,0,0,0,0,0,0,0,0,0,0,0,0,41396
1,1,1,1,1395,-1731,378,-577,401,85,-31,3,39,0,0,0,0,0,0,0,0,0,0,0,0,0,0,0,0,0,0,0,0,0,0,41406
1,1,1,1,1399,-1782,380,-494,442,55,-32,10,31,0,0,0,0,0,0,0,0,0,0,0,0,0,0,0,0,0,0,0,0,0,0,41416
1,1,1,1,1498,-1745,483,-475,290,115,-33,2,35,0,0,0,0,0,0,0,0,0,0,0,0,0,0,0,0,0,0,0,0,0,0,41426
1,1,1,1,1498,-1745,483,-403,321,43,-31,0,30,0,0,0,0,0,0,0,0,0,0,0,0,0,0,0,0,0,0,0,0,0,0,41436
1,1,1,1,1473,-1725,431,-370,246,72,-35,0,30,0,0,0,0,0,0,0,0,0,0,0,0,0,0,0,0,0,0,0,0,0,0,41446
1,1,1,1,1470,-1706,441,-404,227,98,-36,1,33,0,0,0,0,0,0,0,0,0,0,0,0,0,0,0,0,0,0,0,0,0,0,41456
1,1,1,1,1431,-1782,373,-323,214,65,-35,2,31,0,0,0,0,0,0,0,0,0,0,0,0,0,0,0,0,0,0,0,0,0,0,41466
1,1,1,1,1361,-1796,413,-313,170,82,-33,3,31,0,0,0,0,0,0,0,0,0,0,0,0,0,0,0,0,0,0,0,0,0,0,41476
1,1,1,1,1351,-1815,361,-276,153,67,-33,0,28,0,0,0,0,0,0,0,0,0,0,0,0,0,0,0,0,0,0,0,0,0,0,41486
1,1,1,1,1312,-1823,348,-219,115,52,-34,0,33,0,0,0,0,0,0,0,0,0,0,0,0,0,0,0,0,0,0,0,0,0,0,41496
1,1,1,1,1287,-1853,306,-165,80,34,-32,0,33,0,0,0,0,0,0,0,0,0,0,0,0,0,0,0,0,0,0,0,0,0,0,41506
1,1,1,1,1295,-1874,292,-94,17,10,-29,-1,29,0,0,0,0,0,0,0,0,0,0,0,0,0,0,0,0,0,0,0,0,0,0,41516
1,1,1,1,1336,-1841,265,-49,-34,-16,-30,-1,30,0,0,0,0,0,0,0,0,0,0,0,0,0,0,0,0,0,0,0,0,0,0,41526
1,1,1,1,1372,-1785,269,54,-100,-56,-24,-2,28,0,0,0,0,0,0,0,0,0,0,0,0,0,0,0,0,0,0,0,0,0,0,41536
1,1,1,1,1419,-1765,283,173,-165,-106,-25,-1,25,0,0,0,0,0,0,0,0,0,0,0,0,0,0,0,0,0,0,0,0,0,0,41546
1,1,1,1,1441,-1731,315,296,-220,-138,-23,0,25,0,0,0,0,0,0,0,0,0,0,0,0,0,0,0,0,0,0,0,0,0,0,41556
1,1,1,1,1448,-1708,342,411,-263,-149,-20,1,25,0,0,0,0,0,0,0,0,0,0,0,0,0,0,0,0,0,0,0,0,0,0,41566
1,1,1,1,1388,-1729,360,477,-301,-137,-19,2,24,0,0,0,0,0,0,0,0,0,0,0,0,0,0,0,0,0,0,0,0,0,0,41576
1,1,1,1,1354,-1747,382,512,-297,-98,-16,3,23,0,0,0,0,0,0,0,0,0,0,0,0,0,0,0,0,0,0,0,0,0,0,41586
1,1,1,1,1315,-1783,424,545,-316,-80,-14,3,25,0,0,0,0,0,0,0,0,0,0,0,0,0,0,0,0,0,0,0,0,0,0,41596
1,1,1,1,1272,-1820,433,553,-323,-80,-13,4,20,0,0,0,0,0,0,0,0,0,0,0,0,0,0,0,0,0,0,0,0,0,0,41606
1,1,1,1,1227,-1835,446,535,-327,-75,-12,2,21,0,0,0,0,0,0,0,0,0,0,0,0,0,0,0,0,0,0,0,0,0,0,41616
1,1,1,1,1219,-1840,442,526,-329,-67,-12,1,21,0,0,0,0,0,0,0,0,0,0,0,0,0,0,0,0,0,0,0,0,0,0,41626
1,1,1,1,1193,-1827,420,514,-349,-69,-9,3,19,0,0,0,0,0,0,0,0,0,0,0,0,0,0,0,0,0,0,0,0,0,0,41636
1,1,1,1,1142,-1799,416,567,-323,-88,-7,4,13,0,0,0,0,0,0,0,0,0,0,0,0,0,0,0,0,0,0,0,0,0,0,41646
1,1,1,1,1235,-1716,475,648,-348,-65,-7,4,22,0,0,0,0,0,0,0,0,0,0,0,0,0,0,0,0,0,0,0,0,0,0,41656
1,1,1,1,1161,-1719,491,656,-375,-54,-7,6,21,0,0,0,0,0,0,0,0,0,0,0,0,0,0,0,0,0,0,0,0,0,0,41666
1,1,1,1,1144,-1776,456,677,-341,-71,-6,7,18,0,0,0,0,0,0,0,0,0,0,0,0,0,0,0,0,0,0,0,0,0,0,41676
1,1,1,1,1145,-1820,520,664,-327,-92,-5,8,21,0,0,0,0,0,0,0,0,0,0,0,0,0,0,0,0,0,0,0,0,0,0,41686
1,1,1,1,1160,-1827,565,589,-336,-116,-5,8,22,0,0,0,0,0,0,0,0,0,0,0,0,0,0,0,0,0,0,0,0,0,0,41696
1,1,1,1,1173,-1779,564,519,-326,-124,-4,9,25,0,0,0,0,0,0,0,0,0,0,0,0,0,0,0,0,0,0,0,0,0,0,41706
1,1,1,1,1179,-1746,575,507,-307,-149,-7,12,23,0,0,0,0,0,0,0,0,0,0,0,0,0,0,0,0,0,0,0,0,0,0,41716
1,1,1,1,1155,-1717,605,497,-277,-131,-3,8,25,0,0,0,0,0,0,0,0,0,0,0,0,0,0,0,0,0,0,0,0,0,0,41726
1,1,1,1,1131,-1739,609,504,-240,-145,-5,11,25,0,0,0,0,0,0,0,0,0,0,0,0,0,0,0,0,0,0,0,0,0,0,41736
1,1,1,1,1124,-1720,614,480,-214,-135,-5,10,27,0,0,0,0,0,0,0,0,0,0,0,0,0,0,0,0,0,0,0,0,0,0,41746
1,1,1,1,1135,-1727,609,497,-164,-151,-9,14,31,0,0,0,0,0,0,0,0,0,0,0,0,0,0,0,0,0,0,0,0,0,0,41756
1,1,1,1,1204,-1735,601,506,-122,-157,-9,14,35,0,0,0,0,0,0,0,0,0,0,0,0,0,0,0,0,0,0,0,0,0,0,41766
1,1,1,1,1188,-1750,599,491,-91,-162,-9,10,33,0,0,0,0,0,0,0,0,0,0,0,0,0,0,0,0,0,0,0,0,0,0,41776
1,1,1,1,1174,-1776,595,424,-48,-154,-12,14,38,0,0,0,0,0,0,0,0,0,0,0,0,0,0,0,0,0,0,0,0,0,0,41786
1,1,1,1,1178,-1815,616,314,4,-138,-12,12,39,0,0,0,0,0,0,0,0,0,0,0,0,0,0,0,0,0,0,0,0,0,0,41796
1,1,1,1,1140,-1797,655,187,56,-116,-14,14,42,0,0,0,0,0,0,0,0,0,0,0,0,0,0,0,0,0,0,0,0,0,0,41806
1,1,1,1,1126,-1744,676,105,99,-89,-14,16,45,0,0,0,0,0,0,0,0,0,0,0,0,0,0,0,0,0,0,0,0,0,0,41816
1,1,1,1,1121,-1675,691,99,138,-73,-14,17,48,0,0,0,0,0,0,0,0,0,0,0,0,0,0,0,0,0,0,0,0,0,0,41826
1,1,1,1,1115,-1657,717,169,213,-67,-15,16,49,0,0,0,0,0,0,0,0,0,0,0,0,0,0,0,0,0,0,0,0,0,0,41836
1,1,1,1,1123,-1692,726,190,268,-58,-20,17,52,0,0,0,0,0,0,0,0,0,0,0,0,0,0,0,0,0,0,0,0,0,0,41846
1,1,1,1,1225,-1750,732,113,323,-13,-23,17,52,0,0,0,0,0,0,0,0,0,0,0,0,0,0,0,0,0,0,0,0,0,0,41856
1,1,1,1,1313,-1780,764,46,345,-1,-26,16,56,0,0,0,0,0,0,0,0,0,0,0,0,0,0,0,0,0,0,0,0,0,0,41866
1,1,1,1,1309,-1778,721,-49,363,3,-28,15,56,0,0,0,0,0,0,0,0,0,0,0,0,0,0,0,0,0,0,0,0,0,0,41876
1,1,1,1,1319,-1718,741,-162,356,41,-31,14,56,0,0,0,0,0,0,0,0,0,0,0,0,0,0,0,0,0,0,0,0,0,0,41886
1,1,1,1,1363,-1677,649,-206,356,60,-34,13,61,0,0,0,0,0,0,0,0,0,0,0,0,0,0,0,0,0,0,0,0,0,0,41896
1,1,1,1,1380,-1684,566,-166,361,54,-36,14,64,0,0,0,0,0,0,0,0,0,0,0,0,0,0,0,0,0,0,0,0,0,0,41906
1,1,1,1,1388,-1700,465,-139,396,51,-35,14,64,0,0,0,0,0,0,0,0,0,0,0,0,0,0,0,0,0,0,0,0,0,0,41916
1,1,1,1,1387,-1685,491,-19,357,63,-38,14,64,0,0,0,0,0,0,0,0,0,0,0,0,0,0,0,0,0,0,0,0,0,0,41926
1,1,1,1,1486,-1701,500,-71,291,95,-36,15,64,0,0,0,0,0,0,0,0,0,0,0,0,0,0,0,0,0,0,0,0,0,0,41936
1,1,1,1,1527,-1710,472,-21,231,92,-37,14,65,0,0,0,0,0,0,0,0,0,0,0,0,0,0,0,0,0,0,0,0,0,0,41946
1,1,1,1,1522,-1718,506,-49,178,103,-35,14,58,0,0,0,0,0,0,0,0,0,0,0,0,0,0,0,0,0,0,0,0,0,0,41956
1,1,1,1,1526,-1708,536,-75,115,132,-35,15,60,0,0,0,0,0,0,0,0,0,0,0,0,0,0,0,0,0,0,0,0,0,0,41966
1,1,1,1,1463,-1739,545,-120,83,123,-33,15,59,0,0,0,0,0,0,0,0,0,0,0,0,0,0,0,0,0,0,0,0,0,0,41976
1,1,1,1,1350,-1755,539,-169,54,109,-30,14,55,0,0,0,0,0,0,0,0,0,0,0,0,0,0,0,0,0,0,0,0,0,0,41986
1,1,1,1,1378,-1768,559,-221,21,100,-29,15,53,0,0,0,0,0,0,0,0,0,0,0,0,0,0,0,0,0,0,0,0,0,0,41996
1,1,1,1,1372,-1727,564,-224,0,97,-28,16,52,0,0,0,0,0,0,0,0,0,0,0,0,0,0,0,0,0,0,0,0,0,0,42006
1,1,1,1,1360,-1684,558,-117,-43,79,-25,17,50,0,0,0,0,0,0,0,0,0,0,0,0,0,0,0,0,0,0,0,0,0,0,42016
1,1,1,1,1400,-1676,497,-88,-96,71,-21,13,51,0,0,0,0,0,0,0,0,0,0,0,0,0,0,0,0,0,0,0,0,0,0,42026
1,1,1,1,1439,-1627,506,-8,-141,73,-23,21,54,0,0,0,0,0,0,0,0,0,0,0,0,0,0,0,0,0,0,0,0,0,0,42036
1,1,1,1,1463,-1571,491,168,-198,68,-17,16,51,0,0,0,0,0,0,0,0,0,0,0,0,0,0,0,0,0,0,0,0,0,0,42046
1,1,1,1,1439,-1590,457,290,-236,63,-19,20,51,0,0,0,0,0,0,0,0,0,0,0,0,0,0,0,0,0,0,0,0,0,0,42056
1,1,1,1,1390,-1638,486,271,-247,81,-17,20,47,0,0,0,0,0,0,0,0,0,0,0,0,0,0,0,0,0,0,0,0,0,0,42066
1,1,1,1,1298,-1682,529,234,-253,94,-13,18,46,0,0,0,0,0,0,0,0,0,0,0,0,0,0,0,0,0,0,0,0,0,0,42076
1,1,1,1,1265,-1683,575,171,-295,129,-10,19,47,0,0,0,0,0,0,0,0,0,0,0,0,0,0,0,0,0,0,0,0,0,0,42086
1,1,1,1,1185,-1727,556,121,-325,129,-8,20,46,0,0,0,0,0,0,0,0,0,0,0,0,0,0,0,0,0,0,0,0,0,0,42096
1,1,1,1,1171,-1753,581,44,-340,135,-7,18,41,0,0,0,0,0,0,0,0,0,0,0,0,0,0,0,0,0,0,0,0,0,0,42106
1,1,1,1,1182,-1742,606,-13,-381,139,-8,20,44,0,0,0,0,0,0,0,0,0,0,0,0,0,0,0,0,0,0,0,0,0,0,42116
1,1,1,1,1143,-1703,586,-41,-410,131,-3,20,41,0,0,0,0,0,0,0,0,0,0,0,0,0,0,0,0,0,0,0,0,0,0,42126
1,1,1,1,1182,-1666,507,61,-410,90,-2,20,42,0,0,0,0,0,0,0,0,0,0,0,0,0,0,0,0,0,0,0,0,0,0,42136
1,1,1,1,1258,-1640,515,237,-427,47,-1,22,45,0,0,0,0,0,0,0,0,0,0,0,0,0,0,0,0,0,0,0,0,0,0,42146
1,1,1,1,1286,-1562,534,448,-478,-4,-1,23,47,0,0,0,0,0,0,0,0,0,0,0,0,0,0,0,0,0,0,0,0,0,0,42156
1,1,1,1,1079,-1749,523,491,-497,-77,-3,25,49,0,0,0,0,0,0,0,0,0,0,0,0,0,0,0,0,0,0,0,0,0,0,42176
1,1,1,1,1066,-1743,604,312,-485,-69,-9,26,52,0,0,0,0,0,0,0,0,0,0,0,0,0,0,0,0,0,0,0,0,0,0,42186
1,1,1,1,986,-2025,509,-454,-403,-41,-4,26,46,0,0,0,0,0,0,0,0,0,0,0,0,0,0,0,0,0,0,0,0,0,0,42196
1,1,1,1,1178,-1923,703,-1027,-389,24,-3,25,48,0,0,0,0,0,0,0,0,0,0,0,0,0,0,0,0,0,0,0,0,0,0,42206
1,1,1,1,1374,-1520,774,-588,-344,-49,-8,23,48,0,0,0,0,0,0,0,0,0,0,0,0,0,0,0,0,0,0,0,0,0,0,42216
1,1,1,1,1350,-1625,563,-651,-225,-66,-14,23,50,0,0,0,0,0,0,0,0,0,0,0,0,0,0,0,0,0,0,0,0,0,0,42226
1,1,1,1,1353,-1943,577,-1027,-117,-51,-17,23,50,0,0,0,0,0,0,0,0,0,0,0,0,0,0,0,0,0,0,0,0,0,0,42236
1,1,1,1,1337,-1967,558,-1487,-64,-39,-14,24,48,0,0,0,0,0,0,0,0,0,0,0,0,0,0,0,0,0,0,0,0,0,0,42246
1,1,1,1,1281,-1694,607,-1379,-8,-63,-13,23,51,0,0,0,0,0,0,0,0,0,0,0,0,0,0,0,0,0,0,0,0,0,0,42256
1,1,1,1,1218,-1600,597,-1004,71,-108,-15,22,54,0,0,0,0,0,0,0,0,0,0,0,0,0,0,0,0,0,0,0,0,0,0,42266
1,1,1,1,1224,-1696,521,-879,161,-110,-21,22,53,0,0,0,0,0,0,0,0,0,0,0,0,0,0,0,0,0,0,0,0,0,0,42276
1,1,1,1,1166,-1835,623,-1224,222,-60,-19,22,58,0,0,0,0,0,0,0,0,0,0,0,0,0,0,0,0,0,0,0,0,0,0,42286
1,1,1,1,1086,-2060,461,-1612,237,-6,-26,21,50,0,0,0,0,0,0,0,0,0,0,0,0,0,0,0,0,0,0,0,0,0,0,42296
1,1,1,1,1227,-2150,470,-1907,272,99,-30,25,53,0,0,0,0,0,0,0,0,0,0,0,0,0,0,0,0,0,0,0,0,0,0,42306
1,1,1,1,1308,-2126,596,-2684,264,198,-27,20,47,0,0,0,0,0,0,0,0,0,0,0,0,0,0,0,0,0,0,0,0,0,0,42316
1,1,1,1,1270,-2074,517,-3129,305,280,-29,20,43,0,0,0,0,0,0,0,0,0,0,0,0,0,0,0,0,0,0,0,0,0,0,42326
1,1,1,1,1316,-2043,426,-3631,300,382,-29,20,42,0,0,0,0,0,0,0,0,0,0,0,0,0,0,0,0,0,0,0,0,0,0,42336
1,1,1,1,1365,-1933,232,-3610,263,451,-21,17,34,0,0,0,0,0,0,0,0,0,0,0,0,0,0,0,0,0,0,0,0,0,0,42356
1,1,1,1,1351,-1545,87,-2906,284,440,-16,18,34,0,0,0,0,0,0,0,0,0,0,0,0,0,0,0,0,0,0,0,0,0,0,42366
1,1,1,1,1391,-1462,83,-1957,332,366,-14,20,34,0,0,0,0,0,0,0,0,0,0,0,0,0,0,0,0,0,0,0,0,0,0,42376
1,1,1,1,1488,-1843,183,-1533,307,267,-17,16,36,0,0,0,0,0,0,0,0,0,0,0,0,0,0,0,0,0,0,0,0,0,0,42386
1,1,1,1,1571,-2098,-18,-1791,301,250,-19,17,31,0,0,0,0,0,0,0,0,0,0,0,0,0,0,0,0,0,0,0,0,0,0,42396
1,1,1,1,1472,-2140,-41,-2124,306,284,-16,17,29,0,0,0,0,0,0,0,0,0,0,0,0,0,0,0,0,0,0,0,0,0,0,42406
1,1,1,1,1206,-2154,19,-2131,307,309,-15,16,26,0,0,0,0,0,0,0,0,0,0,0,0,0,0,0,0,0,0,0,0,0,0,42416
1,1,1,1,1231,-2144,-26,-2175,329,354,-15,14,27,0,0,0,0,0,0,0,0,0,0,0,0,0,0,0,0,0,0,0,0,0,0,42426
1,1,1,1,1213,-2090,-59,-2269,359,400,-12,15,23,0,0,0,0,0,0,0,0,0,0,0,0,0,0,0,0,0,0,0,0,0,0,42436
1,1,1,1,1109,-1953,-17,-2053,360,395,-10,12,20,0,0,0,0,0,0,0,0,0,0,0,0,0,0,0,0,0,0,0,0,0,0,42446
1,1,1,1,1140,-1889,-122,-1524,378,354,-11,10,21,0,0,0,0,0,0,0,0,0,0,0,0,0,0,0,0,0,0,0,0,0,0,42456
1,1,1,1,1153,-1921,-206,-1275,369,324,-10,11,18,0,0,0,0,0,0,0,0,0,0,0,0,0,0,0,0,0,0,0,0,0,0,42466
1,1,1,1,1109,-1917,-238,-1005,353,287,-11,9,19,0,0,0,0,0,0,0,0,0,0,0,0,0,0,0,0,0,0,0,0,0,0,42476
1,1,1,1,1112,-1963,-293,-822,330,262,-9,9,21,0,0,0,0,0,0,0,0,0,0,0,0,0,0,0,0,0,0,0,0,0,0,42486
1,1,1,1,1116,-1982,-337,-754,285,247,-8,10,20,0,0,0,0,0,0,0,0,0,0,0,0,0,0,0,0,0,0,0,0,0,0,42496
1,1,1,1,1120,-2010,-328,-629,224,218,-6,9,20,0,0,0,0,0,0,0,0,0,0,0,0,0,0,0,0,0,0,0,0,0,0,42506
1,1,1,1,1099,-2004,-337,-398,193,180,-8,9,20,0,0,0,0,0,0,0,0,0,0,0,0,0,0,0,0,0,0,0,0,0,0,42516
1,1,1,1,1149,-1992,-394,-241,138,136,-8,10,22,0,0,0,0,0,0,0,0,0,0,0,0,0,0,0,0,0,0,0,0,0,0,42526
1,1,1,1,1241,-1968,-428,-89,48,68,-8,8,24,0,0,0,0,0,0,0,0,0,0,0,0,0,0,0,0,0,0,0,0,0,0,42536
1,1,1,1,1327,-1933,-483,119,-59,-16,-10,11,26,0,0,0,0,0,0,0,0,0,0,0,0,0,0,0,0,0,0,0,0,0,0,42546
1,1,1,1,1385,-1919,-534,262,-152,-91,-6,8,24,0,0,0,0,0,0,0,0,0,0,0,0,0,0,0,0,0,0,0,0,0,0,42556
1,1,1,1,1377,-1865,-519,489,-221,-188,-3,8,22,0,0,0,0,0,0,0,0,0,0,0,0,0,0,0,0,0,0,0,0,0,0,42566
1,1,1,1,1410,-1802,-439,774,-276,-273,1,9,20,0,0,0,0,0,0,0,0,0,0,0,0,0,0,0,0,0,0,0,0,0,0,42576
1,1,1,1,1513,-1846,-392,1128,-340,-372,5,10,18,0,0,0,0,0,0,0,0,0,0,0,0,0,0,0,0,0,0,0,0,0,0,42586
1,1,1,1,1542,-1856,-262,1358,-397,-422,8,8,18,0,0,0,0,0,0,0,0,0,0,0,0,0,0,0,0,0,0,0,0,0,0,42596
1,1,1,1,1540,-1871,-175,1525,-432,-406,10,9,17,0,0,0,0,0,0,0,0,0,0,0,0,0,0,0,0,0,0,0,0,0,0,42606
1,1,1,1,1460,-1897,-138,1703,-422,-374,7,11,18,0,0,0,0,0,0,0,0,0,0,0,0,0,0,0,0,0,0,0,0,0,0,42616
1,1,1,1,1460,-1897,-138,1909,-417,-372,8,9,20,0,0,0,0,0,0,0,0,0,0,0,0,0,0,0,0,0,0,0,0,0,0,42626
1,1,1,1,1213,-2024,-89,2036,-426,-402,8,11,22,0,0,0,0,0,0,0,0,0,0,0,0,0,0,0,0,0,0,0,0,0,0,42636
1,1,1,1,1083,-2029,-38,2146,-412,-401,10,11,25,0,0,0,0,0,0,0,0,0,0,0,0,0,0,0,0,0,0,0,0,0,0,42646
1,1,1,1,925,-1994,22,2393,-378,-402,12,12,29,0,0,0,0,0,0,0,0,0,0,0,0,0,0,0,0,0,0,0,0,0,0,42656
1,1,1,1,875,-1982,45,2903,-325,-410,9,18,35,0,0,0,0,0,0,0,0,0,0,0,0,0,0,0,0,0,0,0,0,0,0,42666
1,1,1,1,786,-1980,145,3361,-284,-403,8,21,39,0,0,0,0,0,0,0,0,0,0,0,0,0,0,0,0,0,0,0,0,0,0,42676
1,1,1,1,892,-1953,197,3597,-227,-346,15,15,40,0,0,0,0,0,0,0,0,0,0,0,0,0,0,0,0,0,0,0,0,0,0,42686
1,1,1,1,1104,-1853,213,3846,-142,-314,8,20,49,0,0,0,0,0,0,0,0,0,0,0,0,0,0,0,0,0,0,0,0,0,0,42696
1,1,1,1,1224,-1949,259,3663,-134,-293,3,24,52,0,0,0,0,0,0,0,0,0,0,0,0,0,0,0,0,0,0,0,0,0,0,42706
1,1,1,1,1293,-2127,328,3155,-112,-253,4,25,55,0,0,0,0,0,0,0,0,0,0,0,0,0,0,0,0,0,0,0,0,0,0,42716
1,1,1,1,1257,-2137,430,2795,-83,-212,-1,27,57,0,0,0,0,0,0,0,0,0,0,0,0,0,0,0,0,0,0,0,0,0,0,42726
1,1,1,1,1153,-2104,502,2396,-21,-166,0,28,62,0,0,0,0,0,0,0,0,0,0,0,0,0,0,0,0,0,0,0,0,0,0,42736
1,1,1,1,1097,-1995,556,2148,56,-129,-3,29,66,0,0,0,0,0,0,0,0,0,0,0,0,0,0,0,0,0,0,0,0,0,0,42746
1,1,1,1,1104,-1869,573,2028,112,-110,-5,27,65,0,0,0,0,0,0,0,0,0,0,0,0,0,0,0,0,0,0,0,0,0,0,42756
1,1,1,1,1133,-1834,558,1905,171,-114,-7,28,63,0,0,0,0,0,0,0,0,0,0,0,0,0,0,0,0,0,0,0,0,0,0,42766
1,1,1,1,1174,-1909,563,1579,205,-96,-11,27,60,0,0,0,0,0,0,0,0,0,0,0,0,0,0,0,0,0,0,0,0,0,0,42776
1,1,1,1,1262,-1921,636,1108,217,-28,-14,28,63,0,0,0,0,0,0,0,0,0,0,0,0,0,0,0,0,0,0,0,0,0,0,42786
1,1,1,1,1268,-1839,653,832,245,16,-17,28,65,0,0,0,0,0,0,0,0,0,0,0,0,0,0,0,0,0,0,0,0,0,0,42796
1,1,1,1,1242,-1924,625,450,311,60,-25,27,69,0,0,0,0,0,0,0,0,0,0,0,0,0,0,0,0,0,0,0,0,0,0,42806
1,1,1,1,1203,-2088,670,-103,342,101,-30,26,68,0,0,0,0,0,0,0,0,0,0,0,0,0,0,0,0,0,0,0,0,0,0,42816
1,1,1,1,1152,-2065,701,-583,320,138,-31,23,64,0,0,0,0,0,0,0,0,0,0,0,0,0,0,0,0,0,0,0,0,0,0,42826
1,1,1,1,1184,-1915,682,-863,255,181,-36,18,63,0,0,0,0,0,0,0,0,0,0,0,0,0,0,0,0,0,0,0,0,0,0,42836
1,1,1,1,1246,-1822,507,-918,276,177,-39,17,65,0,0,0,0,0,0,0,0,0,0,0,0,0,0,0,0,0,0,0,0,0,0,42846
1,1,1,1,1141,-1756,390,-873,298,167,-38,16,62,0,0,0,0,0,0,0,0,0,0,0,0,0,0,0,0,0,0,0,0,0,0,42856
1,1,1,1,1150,-1698,360,-751,312,151,-35,13,62,0,0,0,0,0,0,0,0,0,0,0,0,0,0,0,0,0,0,0,0,0,0,42866
1,1,1,1,1241,-1754,462,-648,270,104,-33,14,54,0,0,0,0,0,0,0,0,0,0,0,0,0,0,0,0,0,0,0,0,0,0,42876
1,1,1,1,1284,-1762,512,-608,230,76,-32,14,50,0,0,0,0,0,0,0,0,0,0,0,0,0,0,0,0,0,0,0,0,0,0,42886
1,1,1,1,1328,-1772,587,-672,180,80,-34,12,50,0,0,0,0,0,0,0,0,0,0,0,0,0,0,0,0,0,0,0,0,0,0,42896
1,1,1,1,1522,-1807,595,-936,158,147,-34,11,55,0,0,0,0,0,0,0,0,0,0,0,0,0,0,0,0,0,0,0,0,0,0,42906
1,1,1,1,1511,-1845,430,-1061,314,132,-35,12,48,0,0,0,0,0,0,0,0,0,0,0,0,0,0,0,0,0,0,0,0,0,0,42916
1,1,1,1,1419,-1811,493,-1117,325,148,-37,14,50,0,0,0,0,0,0,0,0,0,0,0,0,0,0,0,0,0,0,0,0,0,0,42926
1,1,1,1,1535,-1820,436,-1178,318,168,-32,13,51,0,0,0,0,0,0,0,0,0,0,0,0,0,0,0,0,0,0,0,0,0,0,42936
1,1,1,1,1537,-1733,390,-930,320,117,-31,13,47,0,0,0,0,0,0,0,0,0,0,0,0,0,0,0,0,0,0,0,0,0,0,42946
1,1,1,1,1548,-1715,350,-795,266,122,-30,13,47,0,0,0,0,0,0,0,0,0,0,0,0,0,0,0,0,0,0,0,0,0,0,42956
1,1,1,1,1455,-1774,315,-721,241,146,-23,18,52,0,0,0,0,0,0,0,0,0,0,0,0,0,0,0,0,0,0,0,0,0,0,42966
1,1,1,1,1286,-1851,349,-544,224,133,-26,25,56,0,0,0,0,0,0,0,0,0,0,0,0,0,0,0,0,0,0,0,0,0,0,42976
1,1,1,1,1369,-1999,360,-838,209,201,-26,27,58,0,0,0,0,0,0,0,0,0,0,0,0,0,0,0,0,0,0,0,0,0,0,42986
1,1,1,1,1388,-2156,341,-1524,208,266,-39,27,58,0,0,0,0,0,0,0,0,0,0,0,0,0,0,0,0,0,0,0,0,0,0,42996
1,1,1,1,1391,-2661,139,-3165,164,326,-25,31,50,0,0,0,0,0,0,0,0,0,0,0,0,0,0,0,0,0,0,0,0,0,0,43006
1,1,1,1,1182,-2279,487,-3679,-18,361,-18,28,48,0,0,0,0,0,0,0,0,0,0,0,0,0,0,0,0,0,0,0,0,0,0,43016
1,1,1,1,1024,-1983,509,-3467,-66,248,-18,26,46,0,0,0,0,0,0,0,0,0,0,0,0,0,0,0,0,0,0,0,0,0,0,43026
1,1,1,1,983,-1885,280,-3282,23,273,-18,25,42,0,0,0,0,0,0,0,0,0,0,0,0,0,0,0,0,0,0,0,0,0,0,43036
1,1,1,1,1039,-1864,178,-3125,118,345,-17,24,40,0,0,0,0,0,0,0,0,0,0,0,0,0,0,0,0,0,0,0,0,0,0,43046
1,1,1,1,1143,-1924,120,-3095,148,376,-16,26,37,0,0,0,0,0,0,0,0,0,0,0,0,0,0,0,0,0,0,0,0,0,0,43056
1,1,1,1,1179,-2052,101,-3158,148,401,-19,27,38,0,0,0,0,0,0,0,0,0,0,0,0,0,0,0,0,0,0,0,0,0,0,43066
1,1,1,1,1198,-2242,98,-3391,124,413,-17,26,37,0,0,0,0,0,0,0,0,0,0,0,0,0,0,0,0,0,0,0,0,0,0,43076
1,1,1,1,1181,-2237,66,-3654,124,437,-13,27,33,0,0,0,0,0,0,0,0,0,0,0,0,0,0,0,0,0,0,0,0,0,0,43086
1,1,1,1,983,-2073,-8,-3493,168,449,-10,27,30,0,0,0,0,0,0,0,0,0,0,0,0,0,0,0,0,0,0,0,0,0,0,43096
1,1,1,1,955,-1965,-129,-3174,188,424,-9,22,27,0,0,0,0,0,0,0,0,0,0,0,0,0,0,0,0,0,0,0,0,0,0,43106
1,1,1,1,1095,-1823,-303,-2705,379,436,-4,25,32,0,0,0,0,0,0,0,0,0,0,0,0,0,0,0,0,0,0,0,0,0,0,43116
1,1,1,1,1138,-1894,-190,-2044,427,269,-10,21,27,0,0,0,0,0,0,0,0,0,0,0,0,0,0,0,0,0,0,0,0,0,0,43126
1,1,1,1,1059,-1961,-304,-1867,449,255,-23,19,22,0,0,0,0,0,0,0,0,0,0,0,0,0,0,0,0,0,0,0,0,0,0,43136
1,1,1,1,1098,-2157,-386,-2743,382,587,-33,24,35,0,0,0,0,0,0,0,0,0,0,0,0,0,0,0,0,0,0,0,0,0,0,43146
1,1,1,1,1102,-2673,-461,-4214,137,615,-22,24,45,0,0,0,0,0,0,0,0,0,0,0,0,0,0,0,0,0,0,0,0,0,0,43156
1,1,1,1,1013,-2634,-526,-4382,85,410,-30,22,36,0,0,0,0,0,0,0,0,0,0,0,0,0,0,0,0,0,0,0,0,0,0,43166
1,1,1,1,883,-2287,-593,-4661,100,499,-27,23,34,0,0,0,0,0,0,0,0,0,0,0,0,0,0,0,0,0,0,0,0,0,0,43176
1,1,1,1,692,-2208,-561,-4979,69,553,-31,23,33,0,0,0,0,0,0,0,0,0,0,0,0,0,0,0,0,0,0,0,0,0,0,43186
1,1,1,1,287,-2471,-400,-5170,78,536,-11,28,42,0,0,0,0,0,0,0,0,0,0,0,0,0,0,0,0,0,0,0,0,0,0,43196
1,1,1,1,988,-2258,-402,-4347,-146,473,-14,31,48,0,0,0,0,0,0,0,0,0,0,0,0,0,0,0,0,0,0,0,0,0,0,43206
1,1,1,1,1625,-2251,-790,-3336,-252,213,-21,29,45,0,0,0,0,0,0,0,0,0,0,0,0,0,0,0,0,0,0,0,0,0,0,43216
1,1,1,1,1201,-2055,-907,-3478,-181,303,-21,28,44,0,0,0,0,0,0,0,0,0,0,0,0,0,0,0,0,0,0,0,0,0,0,43226
1,1,1,1,1003,-2056,-1016,-3464,-26,534,-23,29,41,0,0,0,0,0,0,0,0,0,0,0,0,0,0,0,0,0,0,0,0,0,0,43236
1,1,1,1,1020,-2230,-1215,-3347,63,736,-25,31,49,0,0,0,0,0,0,0,0,0,0,0,0,0,0,0,0,0,0,0,0,0,0,43246
1,1,1,1,1075,-2254,-1230,-3293,75,768,-27,27,45,0,0,0,0,0,0,0,0,0,0,0,0,0,0,0,0,0,0,0,0,0,0,43256
1,1,1,1,1137,-2263,-1244,-3430,31,774,-28,27,43,0,0,0,0,0,0,0,0,0,0,0,0,0,0,0,0,0,0,0,0,0,0,43266
1,1,1,1,1086,-2252,-1268,-3621,47,808,-27,26,45,0,0,0,0,0,0,0,0,0,0,0,0,0,0,0,0,0,0,0,0,0,0,43276
1,1,1,1,1073,-2165,-1290,-3771,36,814,-29,26,40,0,0,0,0,0,0,0,0,0,0,0,0,0,0,0,0,0,0,0,0,0,0,43286
1,1,1,1,1163,-2107,-1311,-4069,-64,861,-27,26,36,0,0,0,0,0,0,0,0,0,0,0,0,0,0,0,0,0,0,0,0,0,0,43296
1,1,1,1,1165,-1849,-1420,-4032,-98,852,-22,24,35,0,0,0,0,0,0,0,0,0,0,0,0,0,0,0,0,0,0,0,0,0,0,43306
1,1,1,1,1196,-1702,-1487,-3775,-90,761,-22,22,37,0,0,0,0,0,0,0,0,0,0,0,0,0,0,0,0,0,0,0,0,0,0,43316
1,1,1,1,1216,-1863,-1604,-3847,-156,729,-20,23,35,0,0,0,0,0,0,0,0,0,0,0,0,0,0,0,0,0,0,0,0,0,0,43326
1,1,1,1,1018,-1661,-1429,-3708,-138,685,-28,22,36,0,0,0,0,0,0,0,0,0,0,0,0,0,0,0,0,0,0,0,0,0,0,43336
1,1,1,1,744,-1636,-1352,-3861,5,708,-18,23,40,0,0,0,0,0,0,0,0,0,0,0,0,0,0,0,0,0,0,0,0,0,0,43346
1,1,1,1,1500,-1359,-1716,-3481,-174,548,-27,22,45,0,0,0,0,0,0,0,0,0,0,0,0,0,0,0,0,0,0,0,0,0,0,43356
1,1,1,1,1187,-1274,-1757,-3157,-159,248,-20,24,46,0,0,0,0,0,0,0,0,0,0,0,0,0,0,0,0,0,0,0,0,0,0,43366
1,1,1,1,727,-1134,-1894,-2711,-191,195,-19,24,43,0,0,0,0,0,0,0,0,0,0,0,0,0,0,0,0,0,0,0,0,0,0,43376
1,1,1,1,735,-1400,-2112,-2450,-249,233,-22,23,45,0,0,0,0,0,0,0,0,0,0,0,0,0,0,0,0,0,0,0,0,0,0,43386
1,1,1,1,678,-1378,-2089,-2613,-149,213,-14,23,41,0,0,0,0,0,0,0,0,0,0,0,0,0,0,0,0,0,0,0,0,0,0,43396
1,1,1,1,697,-1240,-1940,-2533,-113,179,-13,23,40,0,0,0,0,0,0,0,0,0,0,0,0,0,0,0,0,0,0,0,0,0,0,43406
1,1,1,1,928,-1157,-1779,-2098,-126,72,-14,23,42,0,0,0,0,0,0,0,0,0,0,0,0,0,0,0,0,0,0,0,0,0,0,43416
1,1,1,1,1079,-1149,-1761,-1779,-179,-152,-14,24,45,0,0,0,0,0,0,0,0,0,0,0,0,0,0,0,0,0,0,0,0,0,0,43426
1,1,1,1,975,-1113,-1806,-1586,-270,-344,-15,23,46,0,0,0,0,0,0,0,0,0,0,0,0,0,0,0,0,0,0,0,0,0,0,43436
1,1,1,1,886,-1021,-1906,-1369,-308,-460,-17,22,47,0,0,0,0,0,0,0,0,0,0,0,0,0,0,0,0,0,0,0,0,0,0,43446
1,1,1,1,804,-988,-2055,-1266,-279,-476,-17,21,46,0,0,0,0,0,0,0,0,0,0,0,0,0,0,0,0,0,0,0,0,0,0,43456
1,1,1,1,695,-986,-2255,-1082,-94,-429,-16,21,47,0,0,0,0,0,0,0,0,0,0,0,0,0,0,0,0,0,0,0,0,0,0,43466
1,1,1,1,708,-1098,-2327,-1006,77,-369,-14,21,45,0,0,0,0,0,0,0,0,0,0,0,0,0,0,0,0,0,0,0,0,0,0,43476
1,1,1,1,762,-1253,-2258,-1046,126,-338,-15,22,43,0,0,0,0,0,0,0,0,0,0,0,0,0,0,0,0,0,0,0,0,0,0,43486
1,1,1,1,827,-1280,-2178,-1165,108,-285,-11,22,42,0,0,0,0,0,0,0,0,0,0,0,0,0,0,0,0,0,0,0,0,0,0,43496
1,1,1,1,917,-1248,-2037,-1170,58,-276,-10,22,43,0,0,0,0,0,0,0,0,0,0,0,0,0,0,0,0,0,0,0,0,0,0,43506
1,1,1,1,1086,-1203,-1928,-847,-2,-335,-13,24,44,0,0,0,0,0,0,0,0,0,0,0,0,0,0,0,0,0,0,0,0,0,0,43516
1,1,1,1,1098,-1219,-1970,-706,-91,-411,-12,20,45,0,0,0,0,0,0,0,0,0,0,0,0,0,0,0,0,0,0,0,0,0,0,43526
1,1,1,1,951,-1190,-2111,-681,-117,-439,-15,21,47,0,0,0,0,0,0,0,0,0,0,0,0,0,0,0,0,0,0,0,0,0,0,43536
1,1,1,1,763,-1173,-2280,-646,-33,-331,-16,22,49,0,0,0,0,0,0,0,0,0,0,0,0,0,0,0,0,0,0,0,0,0,0,43546
1,1,1,1,727,-1218,-2339,-619,61,-250,-17,23,50,0,0,0,0,0,0,0,0,0,0,0,0,0,0,0,0,0,0,0,0,0,0,43556
1,1,1,1,754,-1287,-2310,-739,57,-312,-15,19,51,0,0,0,0,0,0,0,0,0,0,0,0,0,0,0,0,0,0,0,0,0,0,43566
1,1,1,1,786,-1199,-2256,-825,38,-378,-17,19,49,0,0,0,0,0,0,0,0,0,0,0,0,0,0,0,0,0,0,0,0,0,0,43576
1,1,1,1,803,-1115,-2188,-927,11,-384,-16,21,50,0,0,0,0,0,0,0,0,0,0,0,0,0,0,0,0,0,0,0,0,0,0,43586
1,1,1,1,831,-1049,-2190,-881,10,-401,-13,23,54,0,0,0,0,0,0,0,0,0,0,0,0,0,0,0,0,0,0,0,0,0,0,43596
1,1,1,1,856,-958,-2166,-728,14,-394,-9,20,49,0,0,0,0,0,0,0,0,0,0,0,0,0,0,0,0,0,0,0,0,0,0,43606
1,1,1,1,901,-964,-2159,-581,12,-417,-13,21,52,0,0,0,0,0,0,0,0,0,0,0,0,0,0,0,0,0,0,0,0,0,0,43616
1,1,1,1,894,-1019,-2218,-554,20,-365,-11,21,52,0,0,0,0,0,0,0,0,0,0,0,0,0,0,0,0,0,0,0,0,0,0,43626
1,1,1,1,850,-1134,-2245,-585,40,-313,-12,21,51,0,0,0,0,0,0,0,0,0,0,0,0,0,0,0,0,0,0,0,0,0,0,43636
1,1,1,1,934,-1168,-2250,-674,59,-296,-16,22,53,0,0,0,0,0,0,0,0,0,0,0,0,0,0,0,0,0,0,0,0,0,0,43646
1,1,1,1,994,-1183,-2240,-872,44,-278,-17,21,53,0,0,0,0,0,0,0,0,0,0,0,0,0,0,0,0,0,0,0,0,0,0,43656
1,1,1,1,1004,-1074,-2198,-972,64,-252,-14,22,48,0,0,0,0,0,0,0,0,0,0,0,0,0,0,0,0,0,0,0,0,0,0,43666
1,1,1,1,1067,-912,-2177,-934,102,-282,-12,22,51,0,0,0,0,0,0,0,0,0,0,0,0,0,0,0,0,0,0,0,0,0,0,43676
1,1,1,1,1145,-716,-2138,-688,119,-323,-8,21,51,0,0,0,0,0,0,0,0,0,0,0,0,0,0,0,0,0,0,0,0,0,0,43686
1,1,1,1,1116,-620,-2183,-285,142,-395,-8,21,51,0,0,0,0,0,0,0,0,0,0,0,0,0,0,0,0,0,0,0,0,0,0,43696
1,1,1,1,1115,-570,-2175,37,138,-455,-8,21,49,0,0,0,0,0,0,0,0,0,0,0,0,0,0,0,0,0,0,0,0,0,0,43706
1,1,1,1,931,-578,-2209,340,172,-460,-6,21,57,0,0,0,0,0,0,0,0,0,0,0,0,0,0,0,0,0,0,0,0,0,0,43716
1,1,1,1,793,-677,-2235,501,256,-440,-11,22,58,0,0,0,0,0,0,0,0,0,0,0,0,0,0,0,0,0,0,0,0,0,0,43726
1,1,1,1,731,-857,-2226,402,265,-458,-11,22,58,0,0,0,0,0,0,0,0,0,0,0,0,0,0,0,0,0,0,0,0,0,0,43736
1,1,1,1,731,-969,-2237,214,303,-484,-13,23,56,0,0,0,0,0,0,0,0,0,0,0,0,0,0,0,0,0,0,0,0,0,0,43746
1,1,1,1,788,-978,-2190,16,309,-472,-11,23,55,0,0,0,0,0,0,0,0,0,0,0,0,0,0,0,0,0,0,0,0,0,0,43756
1,1,1,1,835,-916,-2169,-95,345,-422,-10,23,53,0,0,0,0,0,0,0,0,0,0,0,0,0,0,0,0,0,0,0,0,0,0,43766
1,1,1,1,879,-901,-2138,-168,343,-385,-7,23,51,0,0,0,0,0,0,0,0,0,0,0,0,0,0,0,0,0,0,0,0,0,0,43776
1,1,1,1,960,-850,-2117,-111,333,-398,-3,23,49,0,0,0,0,0,0,0,0,0,0,0,0,0,0,0,0,0,0,0,0,0,0,43786
1,1,1,1,1049,-799,-2143,42,354,-437,-3,23,50,0,0,0,0,0,0,0,0,0,0,0,0,0,0,0,0,0,0,0,0,0,0,43796
1,1,1,1,1012,-788,-2158,229,350,-436,-4,22,49,0,0,0,0,0,0,0,0,0,0,0,0,0,0,0,0,0,0,0,0,0,0,43806
1,1,1,1,954,-884,-2213,308,336,-387,-4,23,49,0,0,0,0,0,0,0,0,0,0,0,0,0,0,0,0,0,0,0,0,0,0,43816
1,1,1,1,954,-884,-2213,315,360,-381,-5,23,47,0,0,0,0,0,0,0,0,0,0,0,0,0,0,0,0,0,0,0,0,0,0,43826
1,1,1,1,874,-1072,-2239,139,332,-308,-10,28,49,0,0,0,0,0,0,0,0,0,0,0,0,0,0,0,0,0,0,0,0,0,0,43836
1,1,1,1,882,-1118,-2233,-43,328,-234,-6,28,46,0,0,0,0,0,0,0,0,0,0,0,0,0,0,0,0,0,0,0,0,0,0,43846
1,1,1,1,958,-1179,-2111,-283,215,-261,-4,23,45,0,0,0,0,0,0,0,0,0,0,0,0,0,0,0,0,0,0,0,0,0,0,43856
1,1,1,1,1066,-1009,-2199,-341,266,-221,-5,27,45,0,0,0,0,0,0,0,0,0,0,0,0,0,0,0,0,0,0,0,0,0,0,43866
1,1,1,1,1103,-860,-2099,-259,223,-207,-3,23,43,0,0,0,0,0,0,0,0,0,0,0,0,0,0,0,0,0,0,0,0,0,0,43876
1,1,1,1,1138,-733,-2148,-35,222,-200,-4,24,47,0,0,0,0,0,0,0,0,0,0,0,0,0,0,0,0,0,0,0,0,0,0,43886
1,1,1,1,1068,-726,-2182,164,206,-227,-1,24,47,0,0,0,0,0,0,0,0,0,0,0,0,0,0,0,0,0,0,0,0,0,0,43896
1,1,1,1,977,-733,-2199,326,189,-228,-3,25,48,0,0,0,0,0,0,0,0,0,0,0,0,0,0,0,0,0,0,0,0,0,0,43906
1,1,1,1,910,-773,-2198,458,183,-237,2,23,49,0,0,0,0,0,0,0,0,0,0,0,0,0,0,0,0,0,0,0,0,0,0,43916
1,1,1,1,865,-838,-2195,481,173,-237,-3,26,51,0,0,0,0,0,0,0,0,0,0,0,0,0,0,0,0,0,0,0,0,0,0,43926
1,1,1,1,857,-935,-2158,412,159,-215,-3,26,51,0,0,0,0,0,0,0,0,0,0,0,0,0,0,0,0,0,0,0,0,0,0,43936
1,1,1,1,866,-1004,-2134,299,138,-171,-4,26,52,0,0,0,0,0,0,0,0,0,0,0,0,0,0,0,0,0,0,0,0,0,0,43946
1,1,1,1,924,-1027,-2124,183,107,-120,-4,25,54,0,0,0,0,0,0,0,0,0,0,0,0,0,0,0,0,0,0,0,0,0,0,43956
1,1,1,1,901,-1023,-2119,199,103,-94,-10,27,61,0,0,0,0,0,0,0,0,0,0,0,0,0,0,0,0,0,0,0,0,0,0,43966
1,1,1,1,849,-999,-2124,273,40,-121,-13,27,68,0,0,0,0,0,0,0,0,0,0,0,0,0,0,0,0,0,0,0,0,0,0,43976
1,1,1,1,815,-975,-2202,334,-51,-157,-14,28,71,0,0,0,0,0,0,0,0,0,0,0,0,0,0,0,0,0,0,0,0,0,0,43986
1,1,1,1,731,-974,-2270,366,-97,-103,-15,28,75,0,0,0,0,0,0,0,0,0,0,0,0,0,0,0,0,0,0,0,0,0,0,43996
1,1,1,1,705,-1050,-2291,342,-101,-28,-17,30,79,0,0,0,0,0,0,0,0,0,0,0,0,0,0,0,0,0,0,0,0,0,0,44006
1,1,1,1,721,-1136,-2267,212,-118,80,-20,31,78,0,0,0,0,0,0,0,0,0,0,0,0,0,0,0,0,0,0,0,0,0,0,44016
1,1,1,1,745,-1188,-2262,36,-157,181,-20,32,77,0,0,0,0,0,0,0,0,0,0,0,0,0,0,0,0,0,0,0,0,0,0,44026
1,1,1,1,763,-1113,-2194,-151,-227,315,-23,32,76,0,0,0,0,0,0,0,0,0,0,0,0,0,0,0,0,0,0,0,0,0,0,44036
1,1,1,1,814,-1052,-2223,-346,-247,446,-23,33,74,0,0,0,0,0,0,0,0,0,0,0,0,0,0,0,0,0,0,0,0,0,0,44046
1,1,1,1,792,-1018,-2191,-399,-240,575,-18,32,72,0,0,0,0,0,0,0,0,0,0,0,0,0,0,0,0,0,0,0,0,0,0,44056
1,1,1,1,813,-994,-2110,-373,-320,695,-16,32,65,0,0,0,0,0,0,0,0,0,0,0,0,0,0,0,0,0,0,0,0,0,0,44066
1,1,1,1,1005,-950,-2073,-390,-380,892,-19,30,67,0,0,0,0,0,0,0,0,0,0,0,0,0,0,0,0,0,0,0,0,0,0,44076
1,1,1,1,1137,-1078,-2181,-372,-325,910,-20,31,68,0,0,0,0,0,0,0,0,0,0,0,0,0,0,0,0,0,0,0,0,0,0,44086
1,1,1,1,1246,-1136,-2160,-380,-336,824,-17,29,65,0,0,0,0,0,0,0,0,0,0,0,0,0,0,0,0,0,0,0,0,0,0,44096
1,1,1,1,1283,-1109,-2198,-442,-388,794,-20,29,62,0,0,0,0,0,0,0,0,0,0,0,0,0,0,0,0,0,0,0,0,0,0,44106
1,1,1,1,1326,-1037,-2226,-453,-309,749,-19,29,66,0,0,0,0,0,0,0,0,0,0,0,0,0,0,0,0,0,0,0,0,0,0,44116
1,1,1,1,1221,-972,-2255,-397,-188,691,-20,29,62,0,0,0,0,0,0,0,0,0,0,0,0,0,0,0,0,0,0,0,0,0,0,44126
1,1,1,1,1231,-841,-2208,-393,-200,693,-19,31,63,0,0,0,0,0,0,0,0,0,0,0,0,0,0,0,0,0,0,0,0,0,0,44136
1,1,1,1,1171,-800,-2215,-394,-207,668,-17,29,63,0,0,0,0,0,0,0,0,0,0,0,0,0,0,0,0,0,0,0,0,0,0,44146
1,1,1,1,1152,-780,-2255,-331,-124,558,-15,26,59,0,0,0,0,0,0,0,0,0,0,0,0,0,0,0,0,0,0,0,0,0,0,44156
1,1,1,1,1084,-730,-2264,-326,-145,529,-17,30,59,0,0,0,0,0,0,0,0,0,0,0,0,0,0,0,0,0,0,0,0,0,0,44166
1,1,1,1,1116,-745,-2277,-366,-134,523,-16,29,58,0,0,0,0,0,0,0,0,0,0,0,0,0,0,0,0,0,0,0,0,0,0,44176
1,1,1,1,1191,-784,-2258,-397,-135,471,-16,27,54,0,0,0,0,0,0,0,0,0,0,0,0,0,0,0,0,0,0,0,0,0,0,44186
1,1,1,1,1272,-824,-2258,-387,-105,355,-13,26,53,0,0,0,0,0,0,0,0,0,0,0,0,0,0,0,0,0,0,0,0,0,0,44196
1,1,1,1,1322,-827,-2209,-336,-87,235,-11,28,54,0,0,0,0,0,0,0,0,0,0,0,0,0,0,0,0,0,0,0,0,0,0,44206
1,1,1,1,1314,-770,-2175,-251,-34,107,-7,28,54,0,0,0,0,0,0,0,0,0,0,0,0,0,0,0,0,0,0,0,0,0,0,44216
1,1,1,1,1293,-701,-2169,-112,47,-12,-6,27,54,0,0,0,0,0,0,0,0,0,0,0,0,0,0,0,0,0,0,0,0,0,0,44226
1,1,1,1,1250,-671,-2120,-17,59,-93,-6,29,53,0,0,0,0,0,0,0,0,0,0,0,0,0,0,0,0,0,0,0,0,0,0,44236
1,1,1,1,1196,-684,-2093,76,44,-198,-8,29,56,0,0,0,0,0,0,0,0,0,0,0,0,0,0,0,0,0,0,0,0,0,0,44246
1,1,1,1,1136,-713,-2102,162,45,-286,-9,30,55,0,0,0,0,0,0,0,0,0,0,0,0,0,0,0,0,0,0,0,0,0,0,44256
1,1,1,1,1010,-741,-2136,181,38,-301,-9,31,58,0,0,0,0,0,0,0,0,0,0,0,0,0,0,0,0,0,0,0,0,0,0,44266
1,1,1,1,962,-802,-2181,189,26,-335,-7,30,59,0,0,0,0,0,0,0,0,0,0,0,0,0,0,0,0,0,0,0,0,0,0,44276
1,1,1,1,883,-814,-2195,164,15,-313,-9,30,57,0,0,0,0,0,0,0,0,0,0,0,0,0,0,0,0,0,0,0,0,0,0,44286
1,1,1,1,907,-837,-2203,145,38,-274,-6,30,57,0,0,0,0,0,0,0,0,0,0,0,0,0,0,0,0,0,0,0,0,0,0,44296
1,1,1,1,895,-851,-2187,152,46,-242,-6,31,57,0,0,0,0,0,0,0,0,0,0,0,0,0,0,0,0,0,0,0,0,0,0,44306
1,1,1,1,931,-857,-2179,207,47,-278,-5,30,57,0,0,0,0,0,0,0,0,0,0,0,0,0,0,0,0,0,0,0,0,0,0,44316
1,1,1,1,912,-827,-2170,258,75,-306,-6,30,56,0,0,0,0,0,0,0,0,0,0,0,0,0,0,0,0,0,0,0,0,0,0,44326
1,1,1,1,877,-842,-2201,311,138,-350,-6,30,59,0,0,0,0,0,0,0,0,0,0,0,0,0,0,0,0,0,0,0,0,0,0,44336
1,1,1,1,925,-858,-2199,347,203,-427,-6,29,55,0,0,0,0,0,0,0,0,0,0,0,0,0,0,0,0,0,0,0,0,0,0,44346
1,1,1,1,822,-829,-2225,306,202,-328,-3,29,57,0,0,0,0,0,0,0,0,0,0,0,0,0,0,0,0,0,0,0,0,0,0,44366
1,1,1,1,841,-902,-2219,306,235,-386,-4,29,58,0,0,0,0,0,0,0,0,0,0,0,0,0,0,0,0,0,0,0,0,0,0,44376
1,1,1,1,898,-942,-2211,299,271,-450,-2,28,55,0,0,0,0,0,0,0,0,0,0,0,0,0,0,0,0,0,0,0,0,0,0,44386
1,1,1,1,868,-873,-2159,286,259,-418,-1,29,56,0,0,0,0,0,0,0,0,0,0,0,0,0,0,0,0,0,0,0,0,0,0,44396
1,1,1,1,968,-884,-2158,341,318,-433,0,28,53,0,0,0,0,0,0,0,0,0,0,0,0,0,0,0,0,0,0,0,0,0,0,44406
1,1,1,1,1084,-860,-2098,440,355,-484,-2,29,55,0,0,0,0,0,0,0,0,0,0,0,0,0,0,0,0,0,0,0,0,0,0,44416
1,1,1,1,1111,-818,-2052,523,331,-504,-3,29,55,0,0,0,0,0,0,0,0,0,0,0,0,0,0,0,0,0,0,0,0,0,0,44426
1,1,1,1,1083,-843,-2106,618,334,-507,-4,28,57,0,0,0,0,0,0,0,0,0,0,0,0,0,0,0,0,0,0,0,0,0,0,44436
1,1,1,1,1054,-877,-2151,677,353,-506,-4,28,59,0,0,0,0,0,0,0,0,0,0,0,0,0,0,0,0,0,0,0,0,0,0,44446
1,1,1,1,1034,-915,-2154,740,364,-531,-2,25,56,0,0,0,0,0,0,0,0,0,0,0,0,0,0,0,0,0,0,0,0,0,0,44456
1,1,1,1,979,-932,-2140,697,323,-490,-7,32,59,0,0,0,0,0,0,0,0,0,0,0,0,0,0,0,0,0,0,0,0,0,0,44466
1,1,1,1,954,-1036,-2155,606,331,-483,-7,30,62,0,0,0,0,0,0,0,0,0,0,0,0,0,0,0,0,0,0,0,0,0,0,44476
1,1,1,1,958,-1072,-2091,506,301,-486,-6,29,60,0,0,0,0,0,0,0,0,0,0,0,0,0,0,0,0,0,0,0,0,0,0,44486
1,1,1,1,984,-1047,-2058,451,214,-484,-6,29,65,0,0,0,0,0,0,0,0,0,0,0,0,0,0,0,0,0,0,0,0,0,0,44496
1,1,1,1,934,-976,-2141,520,238,-453,-6,30,64,0,0,0,0,0,0,0,0,0,0,0,0,0,0,0,0,0,0,0,0,0,0,44506
1,1,1,1,825,-991,-2167,543,193,-407,-5,28,65,0,0,0,0,0,0,0,0,0,0,0,0,0,0,0,0,0,0,0,0,0,0,44516
1,1,1,1,755,-1018,-2201,569,173,-354,-6,31,66,0,0,0,0,0,0,0,0,0,0,0,0,0,0,0,0,0,0,0,0,0,0,44526
1,1,1,1,730,-1048,-2188,542,142,-282,-4,31,68,0,0,0,0,0,0,0,0,0,0,0,0,0,0,0,0,0,0,0,0,0,0,44536
1,1,1,1,903,-1108,-2158,529,131,-271,-6,31,68,0,0,0,0,0,0,0,0,0,0,0,0,0,0,0,0,0,0,0,0,0,0,44546
1,1,1,1,948,-1122,-2121,533,116,-266,-10,32,71,0,0,0,0,0,0,0,0,0,0,0,0,0,0,0,0,0,0,0,0,0,0,44556
1,1,1,1,935,-1169,-2138,472,89,-226,-10,31,73,0,0,0,0,0,0,0,0,0,0,0,0,0,0,0,0,0,0,0,0,0,0,44566
1,1,1,1,900,-1201,-2150,372,70,-187,-11,32,73,0,0,0,0,0,0,0,0,0,0,0,0,0,0,0,0,0,0,0,0,0,0,44576
1,1,1,1,902,-1203,-2152,259,49,-132,-13,32,75,0,0,0,0,0,0,0,0,0,0,0,0,0,0,0,0,0,0,0,0,0,0,44586
1,1,1,1,920,-1192,-2152,194,37,-76,-13,32,77,0,0,0,0,0,0,0,0,0,0,0,0,0,0,0,0,0,0,0,0,0,0,44596
1,1,1,1,956,-1129,-2154,152,13,-16,-14,32,75,0,0,0,0,0,0,0,0,0,0,0,0,0,0,0,0,0,0,0,0,0,0,44606
1,1,1,1,997,-1095,-2142,141,-9,26,-14,33,75,0,0,0,0,0,0,0,0,0,0,0,0,0,0,0,0,0,0,0,0,0,0,44616
1,1,1,1,987,-1071,-2136,175,-4,80,-15,32,75,0,0,0,0,0,0,0,0,0,0,0,0,0,0,0,0,0,0,0,0,0,0,44626
1,1,1,1,982,-1065,-2132,143,11,160,-14,33,73,0,0,0,0,0,0,0,0,0,0,0,0,0,0,0,0,0,0,0,0,0,0,44636
1,1,1,1,982,-1111,-2119,62,-12,215,-15,33,70,0,0,0,0,0,0,0,0,0,0,0,0,0,0,0,0,0,0,0,0,0,0,44646
1,1,1,1,986,-1102,-2130,-18,-24,291,-13,32,69,0,0,0,0,0,0,0,0,0,0,0,0,0,0,0,0,0,0,0,0,0,0,44656
1,1,1,1,975,-1042,-2128,-76,-7,379,-12,32,65,0,0,0,0,0,0,0,0,0,0,0,0,0,0,0,0,0,0,0,0,0,0,44666
1,1,1,1,1016,-953,-2132,-136,21,529,-8,31,60,0,0,0,0,0,0,0,0,0,0,0,0,0,0,0,0,0,0,0,0,0,0,44676
1,1,1,1,1033,-900,-2117,-132,71,710,-7,30,54,0,0,0,0,0,0,0,0,0,0,0,0,0,0,0,0,0,0,0,0,0,0,44686
1,1,1,1,1137,-875,-2012,-110,43,836,-4,30,56,0,0,0,0,0,0,0,0,0,0,0,0,0,0,0,0,0,0,0,0,0,0,44696
1,1,1,1,1358,-1082,-1972,-6,-40,795,-5,30,55,0,0,0,0,0,0,0,0,0,0,0,0,0,0,0,0,0,0,0,0,0,0,44706
1,1,1,1,1335,-1148,-2025,102,101,719,-7,30,59,0,0,0,0,0,0,0,0,0,0,0,0,0,0,0,0,0,0,0,0,0,0,44716
1,1,1,1,1333,-1353,-1957,-41,-112,648,-8,30,61,0,0,0,0,0,0,0,0,0,0,0,0,0,0,0,0,0,0,0,0,0,0,44726
1,1,1,1,1498,-1455,-2006,-28,-87,359,-10,31,59,0,0,0,0,0,0,0,0,0,0,0,0,0,0,0,0,0,0,0,0,0,0,44736
1,1,1,1,1336,-1299,-1951,-127,-194,242,-11,29,58,0,0,0,0,0,0,0,0,0,0,0,0,0,0,0,0,0,0,0,0,0,0,44746
1,1,1,1,1238,-1102,-2103,-201,-165,302,-13,26,60,0,0,0,0,0,0,0,0,0,0,0,0,0,0,0,0,0,0,0,0,0,0,44756
1,1,1,1,1118,-1013,-2151,-205,-99,370,-15,30,61,0,0,0,0,0,0,0,0,0,0,0,0,0,0,0,0,0,0,0,0,0,0,44766
1,1,1,1,1125,-972,-2185,-187,-75,350,-16,30,63,0,0,0,0,0,0,0,0,0,0,0,0,0,0,0,0,0,0,0,0,0,0,44776
1,1,1,1,1121,-958,-2162,-182,-70,318,-14,32,63,0,0,0,0,0,0,0,0,0,0,0,0,0,0,0,0,0,0,0,0,0,0,44786
1,1,1,1,1145,-941,-2131,-164,-74,287,-11,29,64,0,0,0,0,0,0,0,0,0,0,0,0,0,0,0,0,0,0,0,0,0,0,44796
1,1,1,1,1198,-978,-2106,-92,-54,239,-12,30,64,0,0,0,0,0,0,0,0,0,0,0,0,0,0,0,0,0,0,0,0,0,0,44806
1,1,1,1,1204,-996,-2092,-33,-50,185,-12,30,63,0,0,0,0,0,0,0,0,0,0,0,0,0,0,0,0,0,0,0,0,0,0,44816
1,1,1,1,1188,-1030,-2098,16,-44,127,-10,30,67,0,0,0,0,0,0,0,0,0,0,0,0,0,0,0,0,0,0,0,0,0,0,44826
1,1,1,1,1207,-1089,-2116,36,-45,43,-9,29,71,0,0,0,0,0,0,0,0,0,0,0,0,0,0,0,0,0,0,0,0,0,0,44836
1,1,1,1,1211,-1087,-2125,26,-57,-13,-10,32,69,0,0,0,0,0,0,0,0,0,0,0,0,0,0,0,0,0,0,0,0,0,0,44846
1,1,1,1,1199,-1040,-2106,43,-65,-83,-11,31,70,0,0,0,0,0,0,0,0,0,0,0,0,0,0,0,0,0,0,0,0,0,0,44856
1,1,1,1,1214,-973,-2092,56,-59,-121,-13,31,70,0,0,0,0,0,0,0,0,0,0,0,0,0,0,0,0,0,0,0,0,0,0,44866
1,1,1,1,1180,-951,-2107,53,-37,-150,-12,31,72,0,0,0,0,0,0,0,0,0,0,0,0,0,0,0,0,0,0,0,0,0,0,44876
1,1,1,1,1165,-922,-2069,165,9,-181,-12,32,72,0,0,0,0,0,0,0,0,0,0,0,0,0,0,0,0,0,0,0,0,0,0,44886
1,1,1,1,1132,-901,-2077,247,30,-197,-11,31,71,0,0,0,0,0,0,0,0,0,0,0,0,0,0,0,0,0,0,0,0,0,0,44896
1,1,1,1,1082,-952,-2083,309,54,-233,-12,32,73,0,0,0,0,0,0,0,0,0,0,0,0,0,0,0,0,0,0,0,0,0,0,44906
1,1,1,1,1069,-1011,-2044,329,56,-260,-13,33,75,0,0,0,0,0,0,0,0,0,0,0,0,0,0,0,0,0,0,0,0,0,0,44916
1,1,1,1,1063,-1081,-2042,296,28,-297,-14,33,73,0,0,0,0,0,0,0,0,0,0,0,0,0,0,0,0,0,0,0,0,0,0,44926
1,1,1,1,1061,-1093,-2023,250,-1,-326,-12,32,72,0,0,0,0,0,0,0,0,0,0,0,0,0,0,0,0,0,0,0,0,0,0,44936
1,1,1,1,1071,-1050,-2027,234,-10,-334,-11,32,76,0,0,0,0,0,0,0,0,0,0,0,0,0,0,0,0,0,0,0,0,0,0,44946
1,1,1,1,1094,-1027,-2041,296,18,-352,-14,33,79,0,0,0,0,0,0,0,0,0,0,0,0,0,0,0,0,0,0,0,0,0,0,44956
1,1,1,1,1114,-984,-2015,348,9,-366,-12,33,78,0,0,0,0,0,0,0,0,0,0,0,0,0,0,0,0,0,0,0,0,0,0,44966
1,1,1,1,1123,-966,-2044,422,16,-379,-13,33,76,0,0,0,0,0,0,0,0,0,0,0,0,0,0,0,0,0,0,0,0,0,0,44976
1,1,1,1,1107,-1006,-2046,454,18,-375,-13,34,75,0,0,0,0,0,0,0,0,0,0,0,0,0,0,0,0,0,0,0,0,0,0,44986
1,1,1,1,1107,-1006,-2046,475,26,-373,-13,32,76,0,0,0,0,0,0,0,0,0,0,0,0,0,0,0,0,0,0,0,0,0,0,44996
1,1,1,1,1066,-1073,-2076,463,44,-352,-11,32,75,0,0,0,0,0,0,0,0,0,0,0,0,0,0,0,0,0,0,0,0,0,0,45006
1,1,1,1,1007,-1102,-2068,427,75,-313,-13,33,77,0,0,0,0,0,0,0,0,0,0,0,0,0,0,0,0,0,0,0,0,0,0,45016
1,1,1,1,865,-1123,-2142,428,143,-288,-14,33,77,0,0,0,0,0,0,0,0,0,0,0,0,0,0,0,0,0,0,0,0,0,0,45026
1,1,1,1,868,-1131,-2078,427,142,-289,-13,34,73,0,0,0,0,0,0,0,0,0,0,0,0,0,0,0,0,0,0,0,0,0,0,45036
1,1,1,1,925,-1139,-2048,373,91,-282,-11,33,72,0,0,0,0,0,0,0,0,0,0,0,0,0,0,0,0,0,0,0,0,0,0,45046
1,1,1,1,935,-1105,-2106,371,105,-240,-12,32,71,0,0,0,0,0,0,0,0,0,0,0,0,0,0,0,0,0,0,0,0,0,0,45056
1,1,1,1,863,-1150,-2068,421,93,-236,-13,33,68,0,0,0,0,0,0,0,0,0,0,0,0,0,0,0,0,0,0,0,0,0,0,45066
1,1,1,1,965,-1213,-2067,410,85,-233,-12,33,68,0,0,0,0,0,0,0,0,0,0,0,0,0,0,0,0,0,0,0,0,0,0,45076
1,1,1,1,994,-1234,-2058,371,68,-206,-10,30,66,0,0,0,0,0,0,0,0,0,0,0,0,0,0,0,0,0,0,0,0,0,0,45086
1,1,1,1,1078,-1274,-2014,309,22,-210,-8,29,64,0,0,0,0,0,0,0,0,0,0,0,0,0,0,0,0,0,0,0,0,0,0,45096
1,1,1,1,1113,-1230,-2024,283,35,-168,-9,33,64,0,0,0,0,0,0,0,0,0,0,0,0,0,0,0,0,0,0,0,0,0,0,45106
1,1,1,1,1125,-1234,-1989,233,32,-141,-7,31,64,0,0,0,0,0,0,0,0,0,0,0,0,0,0,0,0,0,0,0,0,0,0,45116
1,1,1,1,1160,-1202,-1973,223,48,-117,-6,30,63,0,0,0,0,0,0,0,0,0,0,0,0,0,0,0,0,0,0,0,0,0,0,45126
1,1,1,1,1132,-1133,-2000,277,58,-111,-5,31,62,0,0,0,0,0,0,0,0,0,0,0,0,0,0,0,0,0,0,0,0,0,0,45136
1,1,1,1,1102,-1117,-1986,332,50,-123,-6,30,65,0,0,0,0,0,0,0,0,0,0,0,0,0,0,0,0,0,0,0,0,0,0,45146
1,1,1,1,1125,-1165,-2001,374,37,-144,-5,30,66,0,0,0,0,0,0,0,0,0,0,0,0,0,0,0,0,0,0,0,0,0,0,45156
1,1,1,1,1121,-1182,-1990,406,34,-135,-8,31,66,0,0,0,0,0,0,0,0,0,0,0,0,0,0,0,0,0,0,0,0,0,0,45166
1,1,1,1,1131,-1232,-2007,401,35,-116,-8,31,66,0,0,0,0,0,0,0,0,0,0,0,0,0,0,0,0,0,0,0,0,0,0,45176
1,1,1,1,1141,-1286,-2000,362,40,-92,-9,31,65,0,0,0,0,0,0,0,0,0,0,0,0,0,0,0,0,0,0,0,0,0,0,45186
1,1,1,1,1154,-1325,-1998,274,34,-60,-10,31,64,0,0,0,0,0,0,0,0,0,0,0,0,0,0,0,0,0,0,0,0,0,0,45196
1,1,1,1,1174,-1346,-1981,180,24,-19,-11,30,65,0,0,0,0,0,0,0,0,0,0,0,0,0,0,0,0,0,0,0,0,0,0,45206
1,1,1,1,1161,-1344,-2000,105,5,12,-11,32,69,0,0,0,0,0,0,0,0,0,0,0,0,0,0,0,0,0,0,0,0,0,0,45216
1,1,1,1,1127,-1307,-2037,59,-18,39,-12,31,69,0,0,0,0,0,0,0,0,0,0,0,0,0,0,0,0,0,0,0,0,0,0,45226
1,1,1,1,1110,-1270,-2057,67,-42,55,-13,32,72,0,0,0,0,0,0,0,0,0,0,0,0,0,0,0,0,0,0,0,0,0,0,45236
1,1,1,1,1104,-1261,-2041,98,-65,52,-17,31,75,0,0,0,0,0,0,0,0,0,0,0,0,0,0,0,0,0,0,0,0,0,0,45246
1,1,1,1,1111,-1275,-2060,98,-89,75,-19,31,73,0,0,0,0,0,0,0,0,0,0,0,0,0,0,0,0,0,0,0,0,0,0,45256
1,1,1,1,1135,-1302,-2039,68,-125,108,-19,31,75,0,0,0,0,0,0,0,0,0,0,0,0,0,0,0,0,0,0,0,0,0,0,45266
1,1,1,1,1075,-1329,-2011,31,-155,126,-19,32,79,0,0,0,0,0,0,0,0,0,0,0,0,0,0,0,0,0,0,0,0,0,0,45276
1,1,1,1,1023,-1336,-2071,-23,-172,180,-17,29,74,0,0,0,0,0,0,0,0,0,0,0,0,0,0,0,0,0,0,0,0,0,0,45286
1,1,1,1,1260,-1280,-2038,-34,-185,231,-21,28,75,0,0,0,0,0,0,0,0,0,0,0,0,0,0,0,0,0,0,0,0,0,0,45296
1,1,1,1,993,-1252,-1995,-52,-211,280,-22,28,76,0,0,0,0,0,0,0,0,0,0,0,0,0,0,0,0,0,0,0,0,0,0,45306
1,1,1,1,952,-1321,-2127,-149,-203,244,-21,30,75,0,0,0,0,0,0,0,0,0,0,0,0,0,0,0,0,0,0,0,0,0,0,45316
1,1,1,1,1205,-1308,-1996,-227,-263,213,-23,30,73,0,0,0,0,0,0,0,0,0,0,0,0,0,0,0,0,0,0,0,0,0,0,45326
1,1,1,1,1112,-1217,-1938,-184,-297,242,-23,29,77,0,0,0,0,0,0,0,0,0,0,0,0,0,0,0,0,0,0,0,0,0,0,45336
1,1,1,1,907,-1307,-2046,-280,-293,238,-24,31,80,0,0,0,0,0,0,0,0,0,0,0,0,0,0,0,0,0,0,0,0,0,0,45346
1,1,1,1,746,-1314,-2206,-332,-184,274,-24,31,78,0,0,0,0,0,0,0,0,0,0,0,0,0,0,0,0,0,0,0,0,0,0,45356
1,1,1,1,720,-1170,-2178,-346,-72,500,-22,32,76,0,0,0,0,0,0,0,0,0,0,0,0,0,0,0,0,0,0,0,0,0,0,45366
1,1,1,1,770,-1160,-2060,-443,-83,669,-21,31,70,0,0,0,0,0,0,0,0,0,0,0,0,0,0,0,0,0,0,0,0,0,0,45376
1,1,1,1,886,-1096,-2040,-421,-26,831,-22,33,65,0,0,0,0,0,0,0,0,0,0,0,0,0,0,0,0,0,0,0,0,0,0,45386
1,1,1,1,875,-1004,-2004,-403,-28,1048,-19,34,61,0,0,0,0,0,0,0,0,0,0,0,0,0,0,0,0,0,0,0,0,0,0,45396
1,1,1,1,1027,-1056,-1947,-299,-61,1117,-12,32,61,0,0,0,0,0,0,0,0,0,0,0,0,0,0,0,0,0,0,0,0,0,0,45406
1,1,1,1,1302,-1319,-1793,-113,-194,797,-10,29,61,0,0,0,0,0,0,0,0,0,0,0,0,0,0,0,0,0,0,0,0,0,0,45416
1,1,1,1,1443,-1470,-1775,-50,-344,390,-11,32,63,0,0,0,0,0,0,0,0,0,0,0,0,0,0,0,0,0,0,0,0,0,0,45426
1,1,1,1,1442,-1353,-1899,-52,-341,313,-12,30,63,0,0,0,0,0,0,0,0,0,0,0,0,0,0,0,0,0,0,0,0,0,0,45436
1,1,1,1,1362,-1313,-1987,-57,-268,310,-15,31,68,0,0,0,0,0,0,0,0,0,0,0,0,0,0,0,0,0,0,0,0,0,0,45446
1,1,1,1,1258,-1283,-2059,-75,-203,358,-19,32,71,0,0,0,0,0,0,0,0,0,0,0,0,0,0,0,0,0,0,0,0,0,0,45456
1,1,1,1,1168,-1278,-2080,-82,-175,396,-21,32,76,0,0,0,0,0,0,0,0,0,0,0,0,0,0,0,0,0,0,0,0,0,0,45466
1,1,1,1,1119,-1289,-2086,-91,-183,347,-20,31,78,0,0,0,0,0,0,0,0,0,0,0,0,0,0,0,0,0,0,0,0,0,0,45476
1,1,1,1,1033,-1234,-2152,-100,-196,301,-23,32,75,0,0,0,0,0,0,0,0,0,0,0,0,0,0,0,0,0,0,0,0,0,0,45486
1,1,1,1,968,-1136,-2169,-131,-223,337,-22,31,76,0,0,0,0,0,0,0,0,0,0,0,0,0,0,0,0,0,0,0,0,0,0,45496
1,1,1,1,944,-1097,-2203,-114,-213,380,-21,32,76,0,0,0,0,0,0,0,0,0,0,0,0,0,0,0,0,0,0,0,0,0,0,45506
1,1,1,1,974,-1107,-2138,-57,-213,372,-18,32,74,0,0,0,0,0,0,0,0,0,0,0,0,0,0,0,0,0,0,0,0,0,0,45516
1,1,1,1,1034,-1137,-2135,-29,-241,342,-20,32,75,0,0,0,0,0,0,0,0,0,0,0,0,0,0,0,0,0,0,0,0,0,0,45526
1,1,1,1,1080,-1179,-2145,-22,-250,309,-19,32,74,0,0,0,0,0,0,0,0,0,0,0,0,0,0,0,0,0,0,0,0,0,0,45536
1,1,1,1,1109,-1219,-2164,-46,-265,286,-20,32,74,0,0,0,0,0,0,0,0,0,0,0,0,0,0,0,0,0,0,0,0,0,0,45546
1,1,1,1,1070,-1237,-2203,-61,-234,261,-19,31,74,0,0,0,0,0,0,0,0,0,0,0,0,0,0,0,0,0,0,0,0,0,0,45556
1,1,1,1,1056,-1236,-2258,-83,-172,225,-18,32,72,0,0,0,0,0,0,0,0,0,0,0,0,0,0,0,0,0,0,0,0,0,0,45566
1,1,1,1,1052,-1181,-2203,-68,-135,172,-14,31,70,0,0,0,0,0,0,0,0,0,0,0,0,0,0,0,0,0,0,0,0,0,0,45576
1,1,1,1,1066,-1111,-2136,8,-113,118,-13,32,68,0,0,0,0,0,0,0,0,0,0,0,0,0,0,0,0,0,0,0,0,0,0,45586
1,1,1,1,1070,-1079,-2088,78,-101,69,-10,30,69,0,0,0,0,0,0,0,0,0,0,0,0,0,0,0,0,0,0,0,0,0,0,45596
1,1,1,1,1046,-1065,-2043,173,-90,-3,-10,31,68,0,0,0,0,0,0,0,0,0,0,0,0,0,0,0,0,0,0,0,0,0,0,45606
1,1,1,1,983,-1077,-2041,230,-98,-58,-11,30,68,0,0,0,0,0,0,0,0,0,0,0,0,0,0,0,0,0,0,0,0,0,0,45616
1,1,1,1,891,-1056,-2062,294,-91,-83,-9,30,69,0,0,0,0,0,0,0,0,0,0,0,0,0,0,0,0,0,0,0,0,0,0,45626
1,1,1,1,805,-1017,-2092,405,-69,-89,-14,33,70,0,0,0,0,0,0,0,0,0,0,0,0,0,0,0,0,0,0,0,0,0,0,45636
1,1,1,1,791,-1012,-2108,504,-41,-85,-13,30,68,0,0,0,0,0,0,0,0,0,0,0,0,0,0,0,0,0,0,0,0,0,0,45646
1,1,1,1,814,-1041,-2104,552,-23,-58,-14,33,68,0,0,0,0,0,0,0,0,0,0,0,0,0,0,0,0,0,0,0,0,0,0,45656
1,1,1,1,838,-1086,-2051,552,-59,-27,-12,28,64,0,0,0,0,0,0,0,0,0,0,0,0,0,0,0,0,0,0,0,0,0,0,45666
1,1,1,1,862,-1171,-2041,487,-114,-84,-13,33,66,0,0,0,0,0,0,0,0,0,0,0,0,0,0,0,0,0,0,0,0,0,0,45676
1,1,1,1,853,-1224,-2026,429,-169,-188,-11,31,66,0,0,0,0,0,0,0,0,0,0,0,0,0,0,0,0,0,0,0,0,0,0,45686
1,1,1,1,827,-1223,-1980,487,-220,-286,-9,28,62,0,0,0,0,0,0,0,0,0,0,0,0,0,0,0,0,0,0,0,0,0,0,45696
1,1,1,1,853,-1229,-1979,547,-246,-355,-6,29,64,0,0,0,0,0,0,0,0,0,0,0,0,0,0,0,0,0,0,0,0,0,0,45706
1,1,1,1,760,-1234,-2051,619,-191,-350,-5,28,66,0,0,0,0,0,0,0,0,0,0,0,0,0,0,0,0,0,0,0,0,0,0,45716
1,1,1,1,690,-1258,-2059,642,-138,-310,-6,31,67,0,0,0,0,0,0,0,0,0,0,0,0,0,0,0,0,0,0,0,0,0,0,45726
1,1,1,1,688,-1358,-2075,699,-60,-366,-3,29,64,0,0,0,0,0,0,0,0,0,0,0,0,0,0,0,0,0,0,0,0,0,0,45736
1,1,1,1,665,-1333,-1981,692,-60,-375,-4,30,66,0,0,0,0,0,0,0,0,0,0,0,0,0,0,0,0,0,0,0,0,0,0,45746
1,1,1,1,609,-1301,-2014,766,-13,-337,-4,31,64,0,0,0,0,0,0,0,0,0,0,0,0,0,0,0,0,0,0,0,0,0,0,45756
1,1,1,1,584,-1293,-1968,841,29,-299,-3,31,64,0,0,0,0,0,0,0,0,0,0,0,0,0,0,0,0,0,0,0,0,0,0,45766
1,1,1,1,604,-1328,-1928,866,-8,-296,-5,30,64,0,0,0,0,0,0,0,0,0,0,0,0,0,0,0,0,0,0,0,0,0,0,45776
1,1,1,1,594,-1321,-1981,905,4,-309,-3,30,66,0,0,0,0,0,0,0,0,0,0,0,0,0,0,0,0,0,0,0,0,0,0,45786
1,1,1,1,566,-1350,-1995,887,12,-296,-4,30,70,0,0,0,0,0,0,0,0,0,0,0,0,0,0,0,0,0,0,0,0,0,0,45796
1,1,1,1,620,-1385,-2032,947,56,-334,-6,31,75,0,0,0,0,0,0,0,0,0,0,0,0,0,0,0,0,0,0,0,0,0,0,45806
1,1,1,1,584,-1433,-2045,988,79,-365,-8,30,75,0,0,0,0,0,0,0,0,0,0,0,0,0,0,0,0,0,0,0,0,0,0,45816
1,1,1,1,566,-1467,-2070,993,129,-352,-9,30,75,0,0,0,0,0,0,0,0,0,0,0,0,0,0,0,0,0,0,0,0,0,0,45826
1,1,1,1,553,-1494,-2052,959,124,-330,-10,30,77,0,0,0,0,0,0,0,0,0,0,0,0,0,0,0,0,0,0,0,0,0,0,45836
1,1,1,1,595,-1509,-2051,948,127,-277,-11,30,76,0,0,0,0,0,0,0,0,0,0,0,0,0,0,0,0,0,0,0,0,0,0,45846
1,1,1,1,652,-1536,-1971,974,124,-191,-11,29,77,0,0,0,0,0,0,0,0,0,0,0,0,0,0,0,0,0,0,0,0,0,0,45856
1,1,1,1,730,-1606,-1862,1030,84,-106,-13,29,76,0,0,0,0,0,0,0,0,0,0,0,0,0,0,0,0,0,0,0,0,0,0,45866
1,1,1,1,795,-1742,-1880,955,49,-37,-15,30,74,0,0,0,0,0,0,0,0,0,0,0,0,0,0,0,0,0,0,0,0,0,0,45876
1,1,1,1,730,-1805,-1891,766,-3,80,-17,29,74,0,0,0,0,0,0,0,0,0,0,0,0,0,0,0,0,0,0,0,0,0,0,45886
1,1,1,1,658,-1864,-1940,516,-13,243,-19,30,75,0,0,0,0,0,0,0,0,0,0,0,0,0,0,0,0,0,0,0,0,0,0,45896
1,1,1,1,637,-1807,-1927,304,-5,412,-17,30,68,0,0,0,0,0,0,0,0,0,0,0,0,0,0,0,0,0,0,0,0,0,0,45906
1,1,1,1,713,-1699,-1850,92,-17,634,-14,29,67,0,0,0,0,0,0,0,0,0,0,0,0,0,0,0,0,0,0,0,0,0,0,45916
1,1,1,1,847,-1653,-1784,0,-70,721,-17,33,64,0,0,0,0,0,0,0,0,0,0,0,0,0,0,0,0,0,0,0,0,0,0,45926
1,1,1,1,1004,-1603,-1720,24,-150,697,-12,31,66,0,0,0,0,0,0,0,0,0,0,0,0,0,0,0,0,0,0,0,0,0,0,45936
1,1,1,1,1183,-1660,-1773,118,-196,535,-12,33,67,0,0,0,0,0,0,0,0,0,0,0,0,0,0,0,0,0,0,0,0,0,0,45946
1,1,1,1,1214,-1639,-1817,248,-119,369,-14,30,71,0,0,0,0,0,0,0,0,0,0,0,0,0,0,0,0,0,0,0,0,0,0,45956
1,1,1,1,1071,-1662,-1903,268,-27,336,-17,29,77,0,0,0,0,0,0,0,0,0,0,0,0,0,0,0,0,0,0,0,0,0,0,45966
1,1,1,1,976,-1673,-1927,150,5,380,-21,34,79,0,0,0,0,0,0,0,0,0,0,0,0,0,0,0,0,0,0,0,0,0,0,45976
1,1,1,1,990,-1658,-1937,102,74,393,-20,35,81,0,0,0,0,0,0,0,0,0,0,0,0,0,0,0,0,0,0,0,0,0,0,45986
1,1,1,1,978,-1611,-1912,128,117,383,-21,31,80,0,0,0,0,0,0,0,0,0,0,0,0,0,0,0,0,0,0,0,0,0,0,45996
1,1,1,1,993,-1583,-1883,133,96,345,-21,32,80,0,0,0,0,0,0,0,0,0,0,0,0,0,0,0,0,0,0,0,0,0,0,46006
1,1,1,1,974,-1569,-1925,145,87,308,-19,32,81,0,0,0,0,0,0,0,0,0,0,0,0,0,0,0,0,0,0,0,0,0,0,46016
1,1,1,1,931,-1550,-1946,194,99,276,-18,33,81,0,0,0,0,0,0,0,0,0,0,0,0,0,0,0,0,0,0,0,0,0,0,46026
1,1,1,1,907,-1531,-1929,298,91,246,-18,31,82,0,0,0,0,0,0,0,0,0,0,0,0,0,0,0,0,0,0,0,0,0,0,46036
1,1,1,1,897,-1526,-1886,445,80,216,-17,32,81,0,0,0,0,0,0,0,0,0,0,0,0,0,0,0,0,0,0,0,0,0,0,46046
1,1,1,1,936,-1573,-1891,488,74,222,-19,32,81,0,0,0,0,0,0,0,0,0,0,0,0,0,0,0,0,0,0,0,0,0,0,46056
1,1,1,1,957,-1668,-1912,460,62,231,-19,33,83,0,0,0,0,0,0,0,0,0,0,0,0,0,0,0,0,0,0,0,0,0,0,46066
1,1,1,1,921,-1727,-1906,443,75,208,-20,32,81,0,0,0,0,0,0,0,0,0,0,0,0,0,0,0,0,0,0,0,0,0,0,46076
1,1,1,1,928,-1762,-1907,338,66,221,-19,32,80,0,0,0,0,0,0,0,0,0,0,0,0,0,0,0,0,0,0,0,0,0,0,46086
1,1,1,1,894,-1749,-1872,294,79,212,-17,32,78,0,0,0,0,0,0,0,0,0,0,0,0,0,0,0,0,0,0,0,0,0,0,46096
1,1,1,1,911,-1701,-1823,347,101,203,-15,32,77,0,0,0,0,0,0,0,0,0,0,0,0,0,0,0,0,0,0,0,0,0,0,46106
1,1,1,1,944,-1663,-1821,458,132,162,-10,31,77,0,0,0,0,0,0,0,0,0,0,0,0,0,0,0,0,0,0,0,0,0,0,46116
1,1,1,1,939,-1599,-1820,496,139,113,-11,32,76,0,0,0,0,0,0,0,0,0,0,0,0,0,0,0,0,0,0,0,0,0,0,46126
1,1,1,1,906,-1589,-1822,544,159,66,-11,31,76,0,0,0,0,0,0,0,0,0,0,0,0,0,0,0,0,0,0,0,0,0,0,46136
1,1,1,1,902,-1586,-1789,600,196,28,-11,31,76,0,0,0,0,0,0,0,0,0,0,0,0,0,0,0,0,0,0,0,0,0,0,46146
1,1,1,1,892,-1638,-1779,602,210,1,-11,31,73,0,0,0,0,0,0,0,0,0,0,0,0,0,0,0,0,0,0,0,0,0,0,46156
1,1,1,1,892,-1709,-1780,541,209,-25,-11,32,73,0,0,0,0,0,0,0,0,0,0,0,0,0,0,0,0,0,0,0,0,0,0,46166
1,1,1,1,884,-1741,-1793,421,205,-45,-12,31,75,0,0,0,0,0,0,0,0,0,0,0,0,0,0,0,0,0,0,0,0,0,0,46176
1,1,1,1,862,-1721,-1768,328,208,-69,-9,31,73,0,0,0,0,0,0,0,0,0,0,0,0,0,0,0,0,0,0,0,0,0,0,46186
1,1,1,1,867,-1669,-1736,310,217,-91,-8,31,73,0,0,0,0,0,0,0,0,0,0,0,0,0,0,0,0,0,0,0,0,0,0,46196
1,1,1,1,878,-1648,-1725,297,212,-115,-11,30,71,0,0,0,0,0,0,0,0,0,0,0,0,0,0,0,0,0,0,0,0,0,0,46206
1,1,1,1,1022,-1518,-1660,404,203,-173,-10,31,73,0,0,0,0,0,0,0,0,0,0,0,0,0,0,0,0,0,0,0,0,0,0,46216
1,1,1,1,1034,-1444,-1599,614,167,-234,-9,32,76,0,0,0,0,0,0,0,0,0,0,0,0,0,0,0,0,0,0,0,0,0,0,46226
1,1,1,1,1029,-1471,-1648,848,118,-328,-12,30,76,0,0,0,0,0,0,0,0,0,0,0,0,0,0,0,0,0,0,0,0,0,0,46236
1,1,1,1,1015,-1555,-1702,854,16,-420,-16,34,80,0,0,0,0,0,0,0,0,0,0,0,0,0,0,0,0,0,0,0,0,0,0,46246
1,1,1,1,951,-1552,-1750,709,-77,-414,-15,34,80,0,0,0,0,0,0,0,0,0,0,0,0,0,0,0,0,0,0,0,0,0,0,46256
1,1,1,1,780,-1656,-1808,601,-116,-447,-12,35,81,0,0,0,0,0,0,0,0,0,0,0,0,0,0,0,0,0,0,0,0,0,0,46266
1,1,1,1,686,-1772,-1825,535,-112,-525,-16,36,83,0,0,0,0,0,0,0,0,0,0,0,0,0,0,0,0,0,0,0,0,0,0,46276
1,1,1,1,700,-1877,-1868,472,-33,-654,-12,36,83,0,0,0,0,0,0,0,0,0,0,0,0,0,0,0,0,0,0,0,0,0,0,46286
1,1,1,1,677,-1824,-1825,471,43,-696,-10,34,79,0,0,0,0,0,0,0,0,0,0,0,0,0,0,0,0,0,0,0,0,0,0,46296
1,1,1,1,631,-1764,-1671,556,-9,-687,-8,35,80,0,0,0,0,0,0,0,0,0,0,0,0,0,0,0,0,0,0,0,0,0,0,46306
1,1,1,1,606,-1729,-1665,749,-9,-639,-6,32,78,0,0,0,0,0,0,0,0,0,0,0,0,0,0,0,0,0,0,0,0,0,0,46316
1,1,1,1,542,-1768,-1647,931,4,-562,-4,31,80,0,0,0,0,0,0,0,0,0,0,0,0,0,0,0,0,0,0,0,0,0,0,46326
1,1,1,1,449,-1878,-1714,949,58,-470,-6,33,79,0,0,0,0,0,0,0,0,0,0,0,0,0,0,0,0,0,0,0,0,0,0,46336
1,1,1,1,538,-2067,-1767,735,120,-408,-10,32,76,0,0,0,0,0,0,0,0,0,0,0,0,0,0,0,0,0,0,0,0,0,0,46346
1,1,1,1,621,-2178,-1742,491,158,-363,-12,33,77,0,0,0,0,0,0,0,0,0,0,0,0,0,0,0,0,0,0,0,0,0,0,46356
1,1,1,1,573,-2200,-1664,234,213,-274,-15,32,77,0,0,0,0,0,0,0,0,0,0,0,0,0,0,0,0,0,0,0,0,0,0,46366
1,1,1,1,573,-2181,-1623,26,258,-175,-15,30,77,0,0,0,0,0,0,0,0,0,0,0,0,0,0,0,0,0,0,0,0,0,0,46376
1,1,1,1,531,-2120,-1578,-98,279,-77,-18,31,77,0,0,0,0,0,0,0,0,0,0,0,0,0,0,0,0,0,0,0,0,0,0,46386
1,1,1,1,574,-1991,-1517,-12,280,13,-16,30,71,0,0,0,0,0,0,0,0,0,0,0,0,0,0,0,0,0,0,0,0,0,0,46396
1,1,1,1,651,-1868,-1503,47,263,161,-16,31,68,0,0,0,0,0,0,0,0,0,0,0,0,0,0,0,0,0,0,0,0,0,0,46406
1,1,1,1,720,-1807,-1536,58,228,359,-12,31,67,0,0,0,0,0,0,0,0,0,0,0,0,0,0,0,0,0,0,0,0,0,0,46416
1,1,1,1,782,-1781,-1539,21,156,564,-14,32,62,0,0,0,0,0,0,0,0,0,0,0,0,0,0,0,0,0,0,0,0,0,0,46426
1,1,1,1,982,-1812,-1529,-135,57,737,-13,31,62,0,0,0,0,0,0,0,0,0,0,0,0,0,0,0,0,0,0,0,0,0,0,46436
1,1,1,1,1262,-1887,-1530,-284,33,777,-13,30,62,0,0,0,0,0,0,0,0,0,0,0,0,0,0,0,0,0,0,0,0,0,0,46446
1,1,1,1,1384,-2036,-1572,-225,169,578,-10,30,65,0,0,0,0,0,0,0,0,0,0,0,0,0,0,0,0,0,0,0,0,0,0,46456
1,1,1,1,1317,-2055,-1564,-179,231,392,-14,31,63,0,0,0,0,0,0,0,0,0,0,0,0,0,0,0,0,0,0,0,0,0,0,46466
1,1,1,1,1235,-1947,-1516,-214,164,373,-15,30,62,0,0,0,0,0,0,0,0,0,0,0,0,0,0,0,0,0,0,0,0,0,0,46476
1,1,1,1,1370,-1852,-1548,-287,162,404,-16,31,61,0,0,0,0,0,0,0,0,0,0,0,0,0,0,0,0,0,0,0,0,0,0,46486
1,1,1,1,1389,-1819,-1538,-267,164,375,-12,32,63,0,0,0,0,0,0,0,0,0,0,0,0,0,0,0,0,0,0,0,0,0,0,46496
1,1,1,1,1357,-1792,-1564,-204,138,357,-13,30,70,0,0,0,0,0,0,0,0,0,0,0,0,0,0,0,0,0,0,0,0,0,0,46506
1,1,1,1,1354,-1781,-1658,-156,130,349,-17,32,73,0,0,0,0,0,0,0,0,0,0,0,0,0,0,0,0,0,0,0,0,0,0,46516
1,1,1,1,1301,-1835,-1739,-171,131,317,-18,31,74,0,0,0,0,0,0,0,0,0,0,0,0,0,0,0,0,0,0,0,0,0,0,46526
1,1,1,1,1239,-1839,-1770,-248,103,283,-19,32,73,0,0,0,0,0,0,0,0,0,0,0,0,0,0,0,0,0,0,0,0,0,0,46536
1,1,1,1,1071,-1819,-1765,-245,92,227,-19,34,75,0,0,0,0,0,0,0,0,0,0,0,0,0,0,0,0,0,0,0,0,0,0,46546
1,1,1,1,1089,-1793,-1758,-263,77,149,-18,35,74,0,0,0,0,0,0,0,0,0,0,0,0,0,0,0,0,0,0,0,0,0,0,46556
1,1,1,1,1082,-1728,-1710,-247,50,67,-15,33,71,0,0,0,0,0,0,0,0,0,0,0,0,0,0,0,0,0,0,0,0,0,0,46566
1,1,1,1,1065,-1624,-1667,-106,39,-21,-14,34,72,0,0,0,0,0,0,0,0,0,0,0,0,0,0,0,0,0,0,0,0,0,0,46576
1,1,1,1,1086,-1537,-1662,90,28,-104,-10,31,70,0,0,0,0,0,0,0,0,0,0,0,0,0,0,0,0,0,0,0,0,0,0,46586
1,1,1,1,1110,-1550,-1624,288,1,-192,-11,34,74,0,0,0,0,0,0,0,0,0,0,0,0,0,0,0,0,0,0,0,0,0,0,46596
1,1,1,1,1112,-1643,-1643,462,-13,-279,-11,33,75,0,0,0,0,0,0,0,0,0,0,0,0,0,0,0,0,0,0,0,0,0,0,46606
1,1,1,1,1114,-1720,-1661,445,-20,-312,-10,31,73,0,0,0,0,0,0,0,0,0,0,0,0,0,0,0,0,0,0,0,0,0,0,46616
1,1,1,1,1150,-1797,-1637,323,-26,-311,-12,32,75,0,0,0,0,0,0,0,0,0,0,0,0,0,0,0,0,0,0,0,0,0,0,46626
1,1,1,1,1193,-1794,-1543,221,-58,-320,-10,34,74,0,0,0,0,0,0,0,0,0,0,0,0,0,0,0,0,0,0,0,0,0,0,46636
1,1,1,1,1233,-1756,-1467,181,-124,-345,-9,33,74,0,0,0,0,0,0,0,0,0,0,0,0,0,0,0,0,0,0,0,0,0,0,46646
1,1,1,1,1249,-1713,-1408,196,-194,-377,-9,33,74,0,0,0,0,0,0,0,0,0,0,0,0,0,0,0,0,0,0,0,0,0,0,46656
1,1,1,1,1243,-1649,-1361,301,-301,-425,-11,33,74,0,0,0,0,0,0,0,0,0,0,0,0,0,0,0,0,0,0,0,0,0,0,46666
1,1,1,1,1120,-1534,-1373,373,-406,-365,-7,32,73,0,0,0,0,0,0,0,0,0,0,0,0,0,0,0,0,0,0,0,0,0,0,46676
1,1,1,1,819,-1537,-1531,509,-350,-271,-7,33,80,0,0,0,0,0,0,0,0,0,0,0,0,0,0,0,0,0,0,0,0,0,0,46686
1,1,1,1,584,-1779,-1726,819,-94,-422,-7,34,83,0,0,0,0,0,0,0,0,0,0,0,0,0,0,0,0,0,0,0,0,0,0,46696
1,1,1,1,576,-1933,-1613,982,5,-691,-8,35,82,0,0,0,0,0,0,0,0,0,0,0,0,0,0,0,0,0,0,0,0,0,0,46706
1,1,1,1,461,-1907,-1524,873,-53,-739,-6,34,83,0,0,0,0,0,0,0,0,0,0,0,0,0,0,0,0,0,0,0,0,0,0,46716
1,1,1,1,416,-1945,-1526,814,-23,-691,-9,35,81,0,0,0,0,0,0,0,0,0,0,0,0,0,0,0,0,0,0,0,0,0,0,46726
1,1,1,1,345,-1977,-1510,636,15,-547,-9,35,80,0,0,0,0,0,0,0,0,0,0,0,0,0,0,0,0,0,0,0,0,0,0,46736
1,1,1,1,324,-2109,-1480,521,72,-430,-11,33,79,0,0,0,0,0,0,0,0,0,0,0,0,0,0,0,0,0,0,0,0,0,0,46746
1,1,1,1,502,-2153,-1494,501,202,-374,-12,32,77,0,0,0,0,0,0,0,0,0,0,0,0,0,0,0,0,0,0,0,0,0,0,46756
1,1,1,1,528,-2135,-1417,542,303,-313,-13,31,80,0,0,0,0,0,0,0,0,0,0,0,0,0,0,0,0,0,0,0,0,0,0,46766
1,1,1,1,541,-2188,-1399,599,379,-265,-15,31,79,0,0,0,0,0,0,0,0,0,0,0,0,0,0,0,0,0,0,0,0,0,0,46776
1,1,1,1,548,-2213,-1419,465,417,-149,-18,31,79,0,0,0,0,0,0,0,0,0,0,0,0,0,0,0,0,0,0,0,0,0,0,46786
1,1,1,1,589,-2222,-1401,243,433,21,-16,32,76,0,0,0,0,0,0,0,0,0,0,0,0,0,0,0,0,0,0,0,0,0,0,46796
1,1,1,1,671,-2194,-1361,66,437,169,-17,34,70,0,0,0,0,0,0,0,0,0,0,0,0,0,0,0,0,0,0,0,0,0,0,46806
1,1,1,1,771,-2101,-1336,-186,388,410,-15,32,67,0,0,0,0,0,0,0,0,0,0,0,0,0,0,0,0,0,0,0,0,0,0,46816
1,1,1,1,993,-2012,-1318,-333,308,608,-11,32,64,0,0,0,0,0,0,0,0,0,0,0,0,0,0,0,0,0,0,0,0,0,0,46826
1,1,1,1,1254,-1909,-1258,-382,201,725,-13,34,64,0,0,0,0,0,0,0,0,0,0,0,0,0,0,0,0,0,0,0,0,0,0,46836
1,1,1,1,1404,-1959,-1353,-294,185,659,-13,34,66,0,0,0,0,0,0,0,0,0,0,0,0,0,0,0,0,0,0,0,0,0,0,46846
1,1,1,1,1423,-1962,-1377,-208,241,527,-12,33,63,0,0,0,0,0,0,0,0,0,0,0,0,0,0,0,0,0,0,0,0,0,0,46856
1,1,1,1,1475,-1912,-1415,-203,230,463,-13,31,61,0,0,0,0,0,0,0,0,0,0,0,0,0,0,0,0,0,0,0,0,0,0,46866
1,1,1,1,1479,-1855,-1432,-97,258,395,-13,31,61,0,0,0,0,0,0,0,0,0,0,0,0,0,0,0,0,0,0,0,0,0,0,46876
1,1,1,1,1532,-1844,-1461,-24,260,336,-15,31,67,0,0,0,0,0,0,0,0,0,0,0,0,0,0,0,0,0,0,0,0,0,0,46886
1,1,1,1,1482,-1893,-1550,1,231,275,-17,31,68,0,0,0,0,0,0,0,0,0,0,0,0,0,0,0,0,0,0,0,0,0,0,46896
1,1,1,1,1458,-1903,-1616,-104,180,284,-15,29,70,0,0,0,0,0,0,0,0,0,0,0,0,0,0,0,0,0,0,0,0,0,0,46906
1,1,1,1,1419,-1909,-1629,-186,150,272,-15,32,70,0,0,0,0,0,0,0,0,0,0,0,0,0,0,0,0,0,0,0,0,0,0,46916
1,1,1,1,1307,-1886,-1638,-158,136,189,-13,33,75,0,0,0,0,0,0,0,0,0,0,0,0,0,0,0,0,0,0,0,0,0,0,46926
1,1,1,1,1232,-1861,-1627,-69,127,79,-12,35,75,0,0,0,0,0,0,0,0,0,0,0,0,0,0,0,0,0,0,0,0,0,0,46936
1,1,1,1,1245,-1817,-1608,-23,97,4,-10,34,73,0,0,0,0,0,0,0,0,0,0,0,0,0,0,0,0,0,0,0,0,0,0,46946
1,1,1,1,1247,-1770,-1541,33,73,-50,-9,33,70,0,0,0,0,0,0,0,0,0,0,0,0,0,0,0,0,0,0,0,0,0,0,46956
1,1,1,1,1253,-1772,-1501,129,41,-116,-10,34,73,0,0,0,0,0,0,0,0,0,0,0,0,0,0,0,0,0,0,0,0,0,0,46966
1,1,1,1,1240,-1781,-1498,138,-1,-166,-11,34,74,0,0,0,0,0,0,0,0,0,0,0,0,0,0,0,0,0,0,0,0,0,0,46976
1,1,1,1,1238,-1793,-1464,92,-52,-196,-13,34,72,0,0,0,0,0,0,0,0,0,0,0,0,0,0,0,0,0,0,0,0,0,0,46986
1,1,1,1,1252,-1821,-1429,43,-85,-203,-9,34,73,0,0,0,0,0,0,0,0,0,0,0,0,0,0,0,0,0,0,0,0,0,0,46996
1,1,1,1,1259,-1820,-1409,2,-89,-202,-7,33,74,0,0,0,0,0,0,0,0,0,0,0,0,0,0,0,0,0,0,0,0,0,0,47006
1,1,1,1,1305,-1779,-1358,-40,-125,-205,-9,35,74,0,0,0,0,0,0,0,0,0,0,0,0,0,0,0,0,0,0,0,0,0,0,47016
1,1,1,1,1293,-1724,-1307,15,-196,-224,-11,35,75,0,0,0,0,0,0,0,0,0,0,0,0,0,0,0,0,0,0,0,0,0,0,47026
1,1,1,1,1257,-1667,-1276,88,-307,-221,-10,35,72,0,0,0,0,0,0,0,0,0,0,0,0,0,0,0,0,0,0,0,0,0,0,47036
1,1,1,1,1100,-1657,-1317,171,-393,-201,-10,34,74,0,0,0,0,0,0,0,0,0,0,0,0,0,0,0,0,0,0,0,0,0,0,47046
1,1,1,1,835,-1673,-1465,260,-350,-159,-10,35,81,0,0,0,0,0,0,0,0,0,0,0,0,0,0,0,0,0,0,0,0,0,0,47056
1,1,1,1,575,-1868,-1640,472,-149,-315,-10,35,81,0,0,0,0,0,0,0,0,0,0,0,0,0,0,0,0,0,0,0,0,0,0,47066
1,1,1,1,509,-1920,-1567,482,-66,-446,-9,35,81,0,0,0,0,0,0,0,0,0,0,0,0,0,0,0,0,0,0,0,0,0,0,47076
1,1,1,1,580,-1927,-1470,410,-82,-524,-10,35,80,0,0,0,0,0,0,0,0,0,0,0,0,0,0,0,0,0,0,0,0,0,0,47086
1,1,1,1,486,-1860,-1399,375,-81,-471,-9,34,80,0,0,0,0,0,0,0,0,0,0,0,0,0,0,0,0,0,0,0,0,0,0,47096
1,1,1,1,470,-1932,-1444,366,-43,-394,-8,35,77,0,0,0,0,0,0,0,0,0,0,0,0,0,0,0,0,0,0,0,0,0,0,47106
1,1,1,1,623,-2051,-1393,292,1,-368,-8,33,74,0,0,0,0,0,0,0,0,0,0,0,0,0,0,0,0,0,0,0,0,0,0,47116
1,1,1,1,734,-2064,-1344,280,106,-354,-11,33,76,0,0,0,0,0,0,0,0,0,0,0,0,0,0,0,0,0,0,0,0,0,0,47126
1,1,1,1,775,-2090,-1310,318,178,-319,-13,33,75,0,0,0,0,0,0,0,0,0,0,0,0,0,0,0,0,0,0,0,0,0,0,47136
1,1,1,1,864,-2126,-1311,307,235,-256,-14,32,75,0,0,0,0,0,0,0,0,0,0,0,0,0,0,0,0,0,0,0,0,0,0,47146
1,1,1,1,900,-2170,-1291,234,269,-182,-13,33,73,0,0,0,0,0,0,0,0,0,0,0,0,0,0,0,0,0,0,0,0,0,0,47156
1,1,1,1,923,-2182,-1286,115,293,-92,-13,30,74,0,0,0,0,0,0,0,0,0,0,0,0,0,0,0,0,0,0,0,0,0,0,47166
1,1,1,1,919,-2189,-1282,-28,301,22,-17,37,74,0,0,0,0,0,0,0,0,0,0,0,0,0,0,0,0,0,0,0,0,0,0,47176
1,1,1,1,885,-2184,-1279,-172,293,129,-17,34,72,0,0,0,0,0,0,0,0,0,0,0,0,0,0,0,0,0,0,0,0,0,0,47186
1,1,1,1,850,-2150,-1316,-300,279,247,-17,34,74,0,0,0,0,0,0,0,0,0,0,0,0,0,0,0,0,0,0,0,0,0,0,47196
1,1,1,1,852,-2118,-1358,-472,241,394,-16,33,68,0,0,0,0,0,0,0,0,0,0,0,0,0,0,0,0,0,0,0,0,0,0,47206
1,1,1,1,938,-2053,-1359,-670,148,535,-14,34,64,0,0,0,0,0,0,0,0,0,0,0,0,0,0,0,0,0,0,0,0,0,0,47216
1,1,1,1,1075,-1903,-1351,-758,80,689,-11,34,60,0,0,0,0,0,0,0,0,0,0,0,0,0,0,0,0,0,0,0,0,0,0,47226
1,1,1,1,1290,-1855,-1341,-682,33,737,-10,32,61,0,0,0,0,0,0,0,0,0,0,0,0,0,0,0,0,0,0,0,0,0,0,47236
1,1,1,1,1459,-1909,-1420,-479,82,569,-8,32,60,0,0,0,0,0,0,0,0,0,0,0,0,0,0,0,0,0,0,0,0,0,0,47246
1,1,1,1,1478,-1892,-1400,-351,108,418,-9,32,61,0,0,0,0,0,0,0,0,0,0,0,0,0,0,0,0,0,0,0,0,0,0,47256
1,1,1,1,1501,-1862,-1462,-357,85,331,-11,32,62,0,0,0,0,0,0,0,0,0,0,0,0,0,0,0,0,0,0,0,0,0,0,47266
1,1,1,1,1538,-1835,-1491,-309,95,275,-13,33,62,0,0,0,0,0,0,0,0,0,0,0,0,0,0,0,0,0,0,0,0,0,0,47276
1,1,1,1,1520,-1787,-1526,-327,44,244,-12,32,62,0,0,0,0,0,0,0,0,0,0,0,0,0,0,0,0,0,0,0,0,0,0,47286
1,1,1,1,1477,-1725,-1606,-326,26,191,-11,32,62,0,0,0,0,0,0,0,0,0,0,0,0,0,0,0,0,0,0,0,0,0,0,47296
1,1,1,1,1345,-1677,-1629,-210,55,69,-10,33,66,0,0,0,0,0,0,0,0,0,0,0,0,0,0,0,0,0,0,0,0,0,0,47306
1,1,1,1,1356,-1665,-1581,-158,30,-49,-7,33,63,0,0,0,0,0,0,0,0,0,0,0,0,0,0,0,0,0,0,0,0,0,0,47316
1,1,1,1,1348,-1638,-1538,-20,7,-171,-5,32,63,0,0,0,0,0,0,0,0,0,0,0,0,0,0,0,0,0,0,0,0,0,0,47326
1,1,1,1,1333,-1590,-1476,166,-36,-284,-4,33,65,0,0,0,0,0,0,0,0,0,0,0,0,0,0,0,0,0,0,0,0,0,0,47336
1,1,1,1,1324,-1614,-1445,348,-79,-373,-6,33,69,0,0,0,0,0,0,0,0,0,0,0,0,0,0,0,0,0,0,0,0,0,0,47346
1,1,1,1,1318,-1706,-1425,354,-103,-403,-7,33,68,0,0,0,0,0,0,0,0,0,0,0,0,0,0,0,0,0,0,0,0,0,0,47356
1,1,1,1,1318,-1706,-1425,335,-146,-414,-9,33,71,0,0,0,0,0,0,0,0,0,0,0,0,0,0,0,0,0,0,0,0,0,0,47366
1,1,1,1,1276,-1773,-1358,320,-199,-410,-8,34,71,0,0,0,0,0,0,0,0,0,0,0,0,0,0,0,0,0,0,0,0,0,0,47376
1,1,1,1,1230,-1751,-1339,276,-263,-394,-7,34,70,0,0,0,0,0,0,0,0,0,0,0,0,0,0,0,0,0,0,0,0,0,0,47386
1,1,1,1,1163,-1695,-1350,269,-301,-314,-6,35,74,0,0,0,0,0,0,0,0,0,0,0,0,0,0,0,0,0,0,0,0,0,0,47396
1,1,1,1,1044,-1638,-1358,336,-315,-260,-4,34,75,0,0,0,0,0,0,0,0,0,0,0,0,0,0,0,0,0,0,0,0,0,0,47406
1,1,1,1,849,-1724,-1415,568,-279,-310,-5,34,79,0,0,0,0,0,0,0,0,0,0,0,0,0,0,0,0,0,0,0,0,0,0,47416
1,1,1,1,706,-1892,-1499,741,-197,-456,-6,33,77,0,0,0,0,0,0,0,0,0,0,0,0,0,0,0,0,0,0,0,0,0,0,47426
1,1,1,1,577,-1992,-1491,687,-160,-529,-7,35,80,0,0,0,0,0,0,0,0,0,0,0,0,0,0,0,0,0,0,0,0,0,0,47436
1,1,1,1,558,-2046,-1475,721,-80,-575,-6,35,76,0,0,0,0,0,0,0,0,0,0,0,0,0,0,0,0,0,0,0,0,0,0,47446
1,1,1,1,498,-2026,-1375,609,-94,-485,-7,34,73,0,0,0,0,0,0,0,0,0,0,0,0,0,0,0,0,0,0,0,0,0,0,47456
1,1,1,1,433,-2096,-1429,562,-58,-382,-8,36,75,0,0,0,0,0,0,0,0,0,0,0,0,0,0,0,0,0,0,0,0,0,0,47466
1,1,1,1,628,-2203,-1445,499,32,-362,-7,32,72,0,0,0,0,0,0,0,0,0,0,0,0,0,0,0,0,0,0,0,0,0,0,47476
1,1,1,1,676,-2194,-1408,412,86,-349,-6,32,69,0,0,0,0,0,0,0,0,0,0,0,0,0,0,0,0,0,0,0,0,0,0,47486
1,1,1,1,757,-2158,-1358,428,114,-338,-8,35,64,0,0,0,0,0,0,0,0,0,0,0,0,0,0,0,0,0,0,0,0,0,0,47496
1,1,1,1,841,-2109,-1297,433,130,-288,-7,34,59,0,0,0,0,0,0,0,0,0,0,0,0,0,0,0,0,0,0,0,0,0,0,47506
1,1,1,1,961,-2039,-1295,292,106,-201,-8,34,58,0,0,0,0,0,0,0,0,0,0,0,0,0,0,0,0,0,0,0,0,0,0,47516
1,1,1,1,1090,-1965,-1243,120,55,-144,-5,32,57,0,0,0,0,0,0,0,0,0,0,0,0,0,0,0,0,0,0,0,0,0,0,47526
1,1,1,1,1115,-1966,-1236,89,4,-129,-2,31,52,0,0,0,0,0,0,0,0,0,0,0,0,0,0,0,0,0,0,0,0,0,0,47536
1,1,1,1,1166,-1956,-1262,0,-67,-98,-4,30,51,0,0,0,0,0,0,0,0,0,0,0,0,0,0,0,0,0,0,0,0,0,0,47546
1,1,1,1,1155,-1978,-1274,-75,-123,-85,-3,30,50,0,0,0,0,0,0,0,0,0,0,0,0,0,0,0,0,0,0,0,0,0,0,47556
1,1,1,1,1116,-1989,-1285,-139,-189,-83,-3,29,44,0,0,0,0,0,0,0,0,0,0,0,0,0,0,0,0,0,0,0,0,0,0,47566
1,1,1,1,1096,-1970,-1286,-188,-270,-61,-1,27,41,0,0,0,0,0,0,0,0,0,0,0,0,0,0,0,0,0,0,0,0,0,0,47576
1,1,1,1,1140,-1937,-1330,-166,-304,-56,-2,26,36,0,0,0,0,0,0,0,0,0,0,0,0,0,0,0,0,0,0,0,0,0,0,47586
1,1,1,1,1176,-1914,-1374,-120,-318,-36,-4,26,34,0,0,0,0,0,0,0,0,0,0,0,0,0,0,0,0,0,0,0,0,0,0,47596
1,1,1,1,1217,-1918,-1390,-191,-329,-15,-2,24,34,0,0,0,0,0,0,0,0,0,0,0,0,0,0,0,0,0,0,0,0,0,0,47606
1,1,1,1,1245,-1936,-1433,-157,-293,-44,-1,24,32,0,0,0,0,0,0,0,0,0,0,0,0,0,0,0,0,0,0,0,0,0,0,47616
1,1,1,1,1204,-1915,-1391,-113,-366,-35,-4,22,31,0,0,0,0,0,0,0,0,0,0,0,0,0,0,0,0,0,0,0,0,0,0,47626
1,1,1,1,1236,-1859,-1368,-347,-393,-51,-2,22,30,0,0,0,0,0,0,0,0,0,0,0,0,0,0,0,0,0,0,0,0,0,0,47636
1,1,1,1,1162,-1797,-1369,-313,-403,-46,-3,21,30,0,0,0,0,0,0,0,0,0,0,0,0,0,0,0,0,0,0,0,0,0,0,47646
1,1,1,1,1102,-1818,-1472,-225,-338,-113,-1,21,29,0,0,0,0,0,0,0,0,0,0,0,0,0,0,0,0,0,0,0,0,0,0,47656
1,1,1,1,1091,-1794,-1429,-171,-339,-148,-4,20,29,0,0,0,0,0,0,0,0,0,0,0,0,0,0,0,0,0,0,0,0,0,0,47666
1,1,1,1,1115,-1818,-1412,-259,-406,-153,-6,20,30,0,0,0,0,0,0,0,0,0,0,0,0,0,0,0,0,0,0,0,0,0,0,47676
1,1,1,1,1127,-1814,-1347,-338,-509,-133,-9,20,30,0,0,0,0,0,0,0,0,0,0,0,0,0,0,0,0,0,0,0,0,0,0,47686
1,1,1,1,1278,-1884,-1362,-544,-545,-186,-6,20,34,0,0,0,0,0,0,0,0,0,0,0,0,0,0,0,0,0,0,0,0,0,0,47696
1,1,1,1,1058,-1893,-1505,-549,-493,-244,-3,19,32,0,0,0,0,0,0,0,0,0,0,0,0,0,0,0,0,0,0,0,0,0,0,47706
1,1,1,1,979,-1806,-1640,-354,-404,-276,-3,19,31,0,0,0,0,0,0,0,0,0,0,0,0,0,0,0,0,0,0,0,0,0,0,47716
1,1,1,1,1181,-1786,-1489,-110,-318,-317,-7,18,25,0,0,0,0,0,0,0,0,0,0,0,0,0,0,0,0,0,0,0,0,0,0,47726
1,1,1,1,1234,-1747,-1310,-253,-419,-256,-5,17,31,0,0,0,0,0,0,0,0,0,0,0,0,0,0,0,0,0,0,0,0,0,0,47736
1,1,1,1,1213,-1698,-1497,-266,-357,-257,-7,20,31,0,0,0,0,0,0,0,0,0,0,0,0,0,0,0,0,0,0,0,0,0,0,47746
1,1,1,1,1167,-1644,-1554,176,-212,-325,-4,18,28,0,0,0,0,0,0,0,0,0,0,0,0,0,0,0,0,0,0,0,0,0,0,47756
1,1,1,1,1152,-1666,-1529,363,-161,-381,-6,18,33,0,0,0,0,0,0,0,0,0,0,0,0,0,0,0,0,0,0,0,0,0,0,47766
1,1,1,1,1133,-1702,-1534,450,-154,-433,-6,16,29,0,0,0,0,0,0,0,0,0,0,0,0,0,0,0,0,0,0,0,0,0,0,47776
1,1,1,1,1127,-1764,-1540,389,-190,-463,-7,19,29,0,0,0,0,0,0,0,0,0,0,0,0,0,0,0,0,0,0,0,0,0,0,47786
1,1,1,1,1150,-1783,-1562,283,-181,-447,-7,17,28,0,0,0,0,0,0,0,0,0,0,0,0,0,0,0,0,0,0,0,0,0,0,47796
1,1,1,1,1127,-1810,-1548,240,-159,-450,-5,14,30,0,0,0,0,0,0,0,0,0,0,0,0,0,0,0,0,0,0,0,0,0,0,47806
1,1,1,1,1129,-1836,-1539,130,-173,-441,-5,15,28,0,0,0,0,0,0,0,0,0,0,0,0,0,0,0,0,0,0,0,0,0,0,47816
1,1,1,1,1100,-1845,-1527,48,-176,-437,-5,17,29,0,0,0,0,0,0,0,0,0,0,0,0,0,0,0,0,0,0,0,0,0,0,47826
1,1,1,1,1061,-1819,-1503,94,-177,-453,-2,17,26,0,0,0,0,0,0,0,0,0,0,0,0,0,0,0,0,0,0,0,0,0,0,47836
1,1,1,1,1066,-1805,-1490,182,-180,-468,1,17,27,0,0,0,0,0,0,0,0,0,0,0,0,0,0,0,0,0,0,0,0,0,0,47846
1,1,1,1,1105,-1792,-1431,245,-260,-460,-1,17,23,0,0,0,0,0,0,0,0,0,0,0,0,0,0,0,0,0,0,0,0,0,0,47856
1,1,1,1,1175,-1779,-1473,167,-303,-401,-1,16,23,0,0,0,0,0,0,0,0,0,0,0,0,0,0,0,0,0,0,0,0,0,0,47866
1,1,1,1,1182,-1749,-1535,106,-299,-300,-1,15,20,0,0,0,0,0,0,0,0,0,0,0,0,0,0,0,0,0,0,0,0,0,0,47876
1,1,1,1,1195,-1786,-1585,109,-233,-257,-1,16,20,0,0,0,0,0,0,0,0,0,0,0,0,0,0,0,0,0,0,0,0,0,0,47886
1,1,1,1,1208,-1820,-1557,84,-179,-253,-2,15,19,0,0,0,0,0,0,0,0,0,0,0,0,0,0,0,0,0,0,0,0,0,0,47896
1,1,1,1,1218,-1863,-1526,-25,-163,-278,-1,16,17,0,0,0,0,0,0,0,0,0,0,0,0,0,0,0,0,0,0,0,0,0,0,47906
1,1,1,1,1191,-1882,-1512,-60,-167,-342,1,14,16,0,0,0,0,0,0,0,0,0,0,0,0,0,0,0,0,0,0,0,0,0,0,47916
1,1,1,1,1163,-1844,-1488,-17,-170,-412,2,14,15,0,0,0,0,0,0,0,0,0,0,0,0,0,0,0,0,0,0,0,0,0,0,47926
1,1,1,1,1154,-1794,-1457,103,-181,-482,4,14,13,0,0,0,0,0,0,0,0,0,0,0,0,0,0,0,0,0,0,0,0,0,0,47936
1,1,1,1,1196,-1734,-1416,252,-251,-529,2,15,12,0,0,0,0,0,0,0,0,0,0,0,0,0,0,0,0,0,0,0,0,0,0,47946
1,1,1,1,1246,-1743,-1416,255,-354,-557,2,14,15,0,0,0,0,0,0,0,0,0,0,0,0,0,0,0,0,0,0,0,0,0,0,47956
1,1,1,1,1243,-1769,-1471,222,-417,-577,2,14,16,0,0,0,0,0,0,0,0,0,0,0,0,0,0,0,0,0,0,0,0,0,0,47966
1,1,1,1,1208,-1821,-1511,154,-430,-606,0,14,15,0,0,0,0,0,0,0,0,0,0,0,0,0,0,0,0,0,0,0,0,0,0,47976
1,1,1,1,1189,-1852,-1549,68,-414,-642,0,13,15,0,0,0,0,0,0,0,0,0,0,0,0,0,0,0,0,0,0,0,0,0,0,47986
1,1,1,1,1187,-1859,-1556,-49,-383,-664,3,13,13,0,0,0,0,0,0,0,0,0,0,0,0,0,0,0,0,0,0,0,0,0,0,47996
1,1,1,1,1199,-1834,-1544,-105,-342,-665,4,13,16,0,0,0,0,0,0,0,0,0,0,0,0,0,0,0,0,0,0,0,0,0,0,48006
1,1,1,1,1228,-1752,-1483,-67,-305,-652,4,13,13,0,0,0,0,0,0,0,0,0,0,0,0,0,0,0,0,0,0,0,0,0,0,48016
1,1,1,1,1291,-1691,-1419,1,-337,-621,3,14,13,0,0,0,0,0,0,0,0,0,0,0,0,0,0,0,0,0,0,0,0,0,0,48026
1,1,1,1,1338,-1652,-1413,46,-440,-589,2,15,13,0,0,0,0,0,0,0,0,0,0,0,0,0,0,0,0,0,0,0,0,0,0,48036
1,1,1,1,1373,-1646,-1430,50,-568,-551,2,14,12,0,0,0,0,0,0,0,0,0,0,0,0,0,0,0,0,0,0,0,0,0,0,48046
1,1,1,1,1426,-1662,-1467,-20,-675,-486,1,16,12,0,0,0,0,0,0,0,0,0,0,0,0,0,0,0,0,0,0,0,0,0,0,48056
1,1,1,1,1432,-1673,-1520,-120,-753,-396,1,14,16,0,0,0,0,0,0,0,0,0,0,0,0,0,0,0,0,0,0,0,0,0,0,48066
1,1,1,1,1422,-1716,-1576,-181,-793,-322,1,12,11,0,0,0,0,0,0,0,0,0,0,0,0,0,0,0,0,0,0,0,0,0,0,48076
1,1,1,1,1391,-1727,-1594,-261,-828,-306,-1,13,12,0,0,0,0,0,0,0,0,0,0,0,0,0,0,0,0,0,0,0,0,0,0,48086
1,1,1,1,1348,-1713,-1572,-329,-856,-337,1,15,12,0,0,0,0,0,0,0,0,0,0,0,0,0,0,0,0,0,0,0,0,0,0,48096
1,1,1,1,1277,-1645,-1588,-266,-839,-376,-1,15,12,0,0,0,0,0,0,0,0,0,0,0,0,0,0,0,0,0,0,0,0,0,0,48106
1,1,1,1,1264,-1565,-1642,-194,-788,-362,2,10,12,0,0,0,0,0,0,0,0,0,0,0,0,0,0,0,0,0,0,0,0,0,0,48116
1,1,1,1,1264,-1466,-1689,-76,-687,-263,3,12,12,0,0,0,0,0,0,0,0,0,0,0,0,0,0,0,0,0,0,0,0,0,0,48126
1,1,1,1,1066,-1170,-1681,201,-512,160,2,6,-7,0,0,0,0,0,0,0,0,0,0,0,0,0,0,0,0,0,0,0,0,0,0,48136
1,1,1,1,1310,-1337,-1683,52,-419,596,1,11,6,0,0,0,0,0,0,0,0,0,0,0,0,0,0,0,0,0,0,0,0,0,0,48146
1,1,1,1,1455,-1778,-1581,-114,-668,298,1,11,8,0,0,0,0,0,0,0,0,0,0,0,0,0,0,0,0,0,0,0,0,0,0,48156
1,1,1,1,1322,-1707,-1555,-53,-760,274,1,11,8,0,0,0,0,0,0,0,0,0,0,0,0,0,0,0,0,0,0,0,0,0,0,48166
1,1,1,1,1263,-1779,-1639,-142,-847,243,0,10,10,0,0,0,0,0,0,0,0,0,0,0,0,0,0,0,0,0,0,0,0,0,0,48176
1,1,1,1,1111,-1766,-1819,-202,-772,182,0,9,13,0,0,0,0,0,0,0,0,0,0,0,0,0,0,0,0,0,0,0,0,0,0,48186
1,1,1,1,1061,-1667,-1812,-14,-552,119,0,9,11,0,0,0,0,0,0,0,0,0,0,0,0,0,0,0,0,0,0,0,0,0,0,48196
1,1,1,1,973,-1624,-1787,192,-355,42,-1,9,15,0,0,0,0,0,0,0,0,0,0,0,0,0,0,0,0,0,0,0,0,0,0,48206
1,1,1,1,932,-1573,-1750,370,-277,-9,-1,10,14,0,0,0,0,0,0,0,0,0,0,0,0,0,0,0,0,0,0,0,0,0,0,48216
1,1,1,1,842,-1566,-1740,377,-315,12,-2,11,19,0,0,0,0,0,0,0,0,0,0,0,0,0,0,0,0,0,0,0,0,0,0,48226
1,1,1,1,833,-1669,-1871,326,-239,-30,-2,10,20,0,0,0,0,0,0,0,0,0,0,0,0,0,0,0,0,0,0,0,0,0,0,48236
1,1,1,1,871,-1734,-1837,285,-164,-86,-3,12,22,0,0,0,0,0,0,0,0,0,0,0,0,0,0,0,0,0,0,0,0,0,0,48246
1,1,1,1,969,-1726,-1729,156,-142,-89,-4,13,21,0,0,0,0,0,0,0,0,0,0,0,0,0,0,0,0,0,0,0,0,0,0,48256
1,1,1,1,1028,-1766,-1651,38,-164,-81,-5,13,28,0,0,0,0,0,0,0,0,0,0,0,0,0,0,0,0,0,0,0,0,0,0,48266
1,1,1,1,1132,-1789,-1585,-7,-195,-144,-4,12,28,0,0,0,0,0,0,0,0,0,0,0,0,0,0,0,0,0,0,0,0,0,0,48276
1,1,1,1,1112,-1640,-1611,52,-150,-177,-2,13,27,0,0,0,0,0,0,0,0,0,0,0,0,0,0,0,0,0,0,0,0,0,0,48286
1,1,1,1,1062,-1528,-1596,296,-95,-208,-3,13,31,0,0,0,0,0,0,0,0,0,0,0,0,0,0,0,0,0,0,0,0,0,0,48296
1,1,1,1,1062,-1469,-1656,455,-71,-230,-5,12,35,0,0,0,0,0,0,0,0,0,0,0,0,0,0,0,0,0,0,0,0,0,0,48306
1,1,1,1,1075,-1477,-1773,447,-42,-235,-6,13,37,0,0,0,0,0,0,0,0,0,0,0,0,0,0,0,0,0,0,0,0,0,0,48316
1,1,1,1,964,-1516,-1815,370,-37,-194,-9,15,42,0,0,0,0,0,0,0,0,0,0,0,0,0,0,0,0,0,0,0,0,0,0,48326
1,1,1,1,1027,-1622,-1840,298,-19,-233,-10,15,39,0,0,0,0,0,0,0,0,0,0,0,0,0,0,0,0,0,0,0,0,0,0,48336
1,1,1,1,980,-1572,-1739,168,-55,-216,-11,16,42,0,0,0,0,0,0,0,0,0,0,0,0,0,0,0,0,0,0,0,0,0,0,48346
1,1,1,1,919,-1597,-1726,64,-72,-153,-11,18,41,0,0,0,0,0,0,0,0,0,0,0,0,0,0,0,0,0,0,0,0,0,0,48356
1,1,1,1,1027,-1641,-1612,132,-36,-209,-9,19,44,0,0,0,0,0,0,0,0,0,0,0,0,0,0,0,0,0,0,0,0,0,0,48366
1,1,1,1,979,-1605,-1540,222,-61,-207,-8,19,51,0,0,0,0,0,0,0,0,0,0,0,0,0,0,0,0,0,0,0,0,0,0,48376
1,1,1,1,996,-1644,-1587,300,-29,-221,-11,21,53,0,0,0,0,0,0,0,0,0,0,0,0,0,0,0,0,0,0,0,0,0,0,48386
1,1,1,1,950,-1631,-1551,333,-42,-202,-12,20,60,0,0,0,0,0,0,0,0,0,0,0,0,0,0,0,0,0,0,0,0,0,0,48396
1,1,1,1,887,-1659,-1685,367,-42,-204,-14,21,66,0,0,0,0,0,0,0,0,0,0,0,0,0,0,0,0,0,0,0,0,0,0,48406
1,1,1,1,805,-1650,-1743,410,-24,-211,-15,22,66,0,0,0,0,0,0,0,0,0,0,0,0,0,0,0,0,0,0,0,0,0,0,48416
1,1,1,1,771,-1720,-1769,308,-13,-231,-15,25,70,0,0,0,0,0,0,0,0,0,0,0,0,0,0,0,0,0,0,0,0,0,0,48426
1,1,1,1,844,-1762,-1742,171,-25,-249,-13,23,66,0,0,0,0,0,0,0,0,0,0,0,0,0,0,0,0,0,0,0,0,0,0,48436
1,1,1,1,849,-1761,-1704,-18,-73,-269,-13,24,65,0,0,0,0,0,0,0,0,0,0,0,0,0,0,0,0,0,0,0,0,0,0,48446
1,1,1,1,861,-1701,-1670,-82,-86,-289,-10,24,66,0,0,0,0,0,0,0,0,0,0,0,0,0,0,0,0,0,0,0,0,0,0,48456
1,1,1,1,868,-1649,-1627,-48,-88,-303,-12,24,65,0,0,0,0,0,0,0,0,0,0,0,0,0,0,0,0,0,0,0,0,0,0,48466
1,1,1,1,951,-1601,-1533,65,-79,-310,-8,23,62,0,0,0,0,0,0,0,0,0,0,0,0,0,0,0,0,0,0,0,0,0,0,48476
1,1,1,1,1085,-1602,-1511,319,-45,-330,-8,24,65,0,0,0,0,0,0,0,0,0,0,0,0,0,0,0,0,0,0,0,0,0,0,48486
1,1,1,1,1142,-1666,-1550,438,-13,-333,-10,25,68,0,0,0,0,0,0,0,0,0,0,0,0,0,0,0,0,0,0,0,0,0,0,48496
1,1,1,1,1111,-1733,-1587,460,3,-303,-12,26,72,0,0,0,0,0,0,0,0,0,0,0,0,0,0,0,0,0,0,0,0,0,0,48506
1,1,1,1,1089,-1790,-1604,456,20,-273,-12,27,72,0,0,0,0,0,0,0,0,0,0,0,0,0,0,0,0,0,0,0,0,0,0,48516
1,1,1,1,1077,-1809,-1613,376,23,-246,-16,29,75,0,0,0,0,0,0,0,0,0,0,0,0,0,0,0,0,0,0,0,0,0,0,48526
1,1,1,1,1065,-1833,-1636,186,13,-226,-15,28,76,0,0,0,0,0,0,0,0,0,0,0,0,0,0,0,0,0,0,0,0,0,0,48536
1,1,1,1,1005,-1801,-1620,58,19,-201,-14,29,78,0,0,0,0,0,0,0,0,0,0,0,0,0,0,0,0,0,0,0,0,0,0,48546
1,1,1,1,946,-1776,-1591,104,47,-202,-16,30,80,0,0,0,0,0,0,0,0,0,0,0,0,0,0,0,0,0,0,0,0,0,0,48556
1,1,1,1,946,-1776,-1591,125,58,-205,-17,31,85,0,0,0,0,0,0,0,0,0,0,0,0,0,0,0,0,0,0,0,0,0,0,48566
1,1,1,1,907,-1761,-1585,223,72,-205,-16,31,85,0,0,0,0,0,0,0,0,0,0,0,0,0,0,0,0,0,0,0,0,0,0,48576
1,1,1,1,812,-1780,-1565,343,84,-193,-20,33,85,0,0,0,0,0,0,0,0,0,0,0,0,0,0,0,0,0,0,0,0,0,0,48586
1,1,1,1,796,-1814,-1571,320,81,-156,-19,32,85,0,0,0,0,0,0,0,0,0,0,0,0,0,0,0,0,0,0,0,0,0,0,48596
1,1,1,1,772,-1927,-1596,165,31,-110,-20,32,86,0,0,0,0,0,0,0,0,0,0,0,0,0,0,0,0,0,0,0,0,0,0,48606
1,1,1,1,689,-1953,-1636,4,-2,-36,-20,33,83,0,0,0,0,0,0,0,0,0,0,0,0,0,0,0,0,0,0,0,0,0,0,48616
1,1,1,1,649,-1910,-1677,-195,12,119,-19,32,73,0,0,0,0,0,0,0,0,0,0,0,0,0,0,0,0,0,0,0,0,0,0,48626
1,1,1,1,708,-1807,-1650,-346,-1,313,-16,32,71,0,0,0,0,0,0,0,0,0,0,0,0,0,0,0,0,0,0,0,0,0,0,48636
1,1,1,1,872,-1668,-1637,-362,48,459,-14,32,65,0,0,0,0,0,0,0,0,0,0,0,0,0,0,0,0,0,0,0,0,0,0,48646
1,1,1,1,1097,-1509,-1548,-238,78,584,-10,32,63,0,0,0,0,0,0,0,0,0,0,0,0,0,0,0,0,0,0,0,0,0,0,48656
1,1,1,1,1363,-1460,-1557,-75,150,616,-9,32,61,0,0,0,0,0,0,0,0,0,0,0,0,0,0,0,0,0,0,0,0,0,0,48666
1,1,1,1,1514,-1533,-1502,101,134,469,-13,36,71,0,0,0,0,0,0,0,0,0,0,0,0,0,0,0,0,0,0,0,0,0,0,48676
1,1,1,1,1479,-1854,-1566,115,47,39,-13,33,67,0,0,0,0,0,0,0,0,0,0,0,0,0,0,0,0,0,0,0,0,0,0,48686
1,1,1,1,1441,-1833,-1544,-100,-111,-24,-14,35,68,0,0,0,0,0,0,0,0,0,0,0,0,0,0,0,0,0,0,0,0,0,0,48696
1,1,1,1,1375,-1736,-1652,-321,-95,56,-16,33,73,0,0,0,0,0,0,0,0,0,0,0,0,0,0,0,0,0,0,0,0,0,0,48706
1,1,1,1,1164,-1733,-1714,-298,-15,-18,-16,31,70,0,0,0,0,0,0,0,0,0,0,0,0,0,0,0,0,0,0,0,0,0,0,48716
1,1,1,1,1120,-1686,-1767,-395,-38,46,-15,34,71,0,0,0,0,0,0,0,0,0,0,0,0,0,0,0,0,0,0,0,0,0,0,48726
1,1,1,1,1151,-1651,-1742,-370,-6,46,-14,33,68,0,0,0,0,0,0,0,0,0,0,0,0,0,0,0,0,0,0,0,0,0,0,48736
1,1,1,1,1380,-1569,-1618,-271,-8,19,-13,34,74,0,0,0,0,0,0,0,0,0,0,0,0,0,0,0,0,0,0,0,0,0,0,48746
1,1,1,1,1539,-1563,-1548,-127,-33,-83,-11,34,69,0,0,0,0,0,0,0,0,0,0,0,0,0,0,0,0,0,0,0,0,0,0,48756
1,1,1,1,1639,-1579,-1532,-83,-104,-75,-11,33,77,0,0,0,0,0,0,0,0,0,0,0,0,0,0,0,0,0,0,0,0,0,0,48766
1,1,1,1,1745,-1678,-1594,-88,-115,-142,-14,33,81,0,0,0,0,0,0,0,0,0,0,0,0,0,0,0,0,0,0,0,0,0,0,48776
1,1,1,1,1705,-1743,-1604,-113,-92,-227,-20,34,83,0,0,0,0,0,0,0,0,0,0,0,0,0,0,0,0,0,0,0,0,0,0,48786
1,1,1,1,1542,-1863,-1695,-297,-118,-279,-23,35,89,0,0,0,0,0,0,0,0,0,0,0,0,0,0,0,0,0,0,0,0,0,0,48796
1,1,1,1,1402,-1905,-1731,-567,-193,-289,-23,35,91,0,0,0,0,0,0,0,0,0,0,0,0,0,0,0,0,0,0,0,0,0,0,48806
1,1,1,1,1252,-1820,-1749,-723,-261,-268,-24,35,91,0,0,0,0,0,0,0,0,0,0,0,0,0,0,0,0,0,0,0,0,0,0,48816
1,1,1,1,1191,-1691,-1785,-771,-306,-244,-23,35,92,0,0,0,0,0,0,0,0,0,0,0,0,0,0,0,0,0,0,0,0,0,0,48826
1,1,1,1,1156,-1548,-1757,-681,-317,-206,-19,35,93,0,0,0,0,0,0,0,0,0,0,0,0,0,0,0,0,0,0,0,0,0,0,48836
1,1,1,1,1164,-1474,-1725,-487,-290,-186,-21,37,93,0,0,0,0,0,0,0,0,0,0,0,0,0,0,0,0,0,0,0,0,0,0,48846
1,1,1,1,1206,-1525,-1678,-340,-323,-205,-23,37,94,0,0,0,0,0,0,0,0,0,0,0,0,0,0,0,0,0,0,0,0,0,0,48856
1,1,1,1,1231,-1613,-1711,-343,-396,-220,-25,37,95,0,0,0,0,0,0,0,0,0,0,0,0,0,0,0,0,0,0,0,0,0,0,48866
1,1,1,1,1272,-1669,-1661,-438,-489,-210,-28,38,97,0,0,0,0,0,0,0,0,0,0,0,0,0,0,0,0,0,0,0,0,0,0,48876
1,1,1,1,1328,-1672,-1655,-568,-593,-137,-30,37,94,0,0,0,0,0,0,0,0,0,0,0,0,0,0,0,0,0,0,0,0,0,0,48886
1,1,1,1,1317,-1621,-1739,-698,-635,-39,-28,37,95,0,0,0,0,0,0,0,0,0,0,0,0,0,0,0,0,0,0,0,0,0,0,48896
1,1,1,1,1199,-1483,-1803,-709,-602,106,-28,35,98,0,0,0,0,0,0,0,0,0,0,0,0,0,0,0,0,0,0,0,0,0,0,48906
1,1,1,1,995,-1387,-1957,-636,-449,196,-26,35,101,0,0,0,0,0,0,0,0,0,0,0,0,0,0,0,0,0,0,0,0,0,0,48916
1,1,1,1,867,-1382,-1983,-494,-247,250,-27,36,104,0,0,0,0,0,0,0,0,0,0,0,0,0,0,0,0,0,0,0,0,0,0,48926
1,1,1,1,776,-1503,-1928,-321,-143,128,-22,36,103,0,0,0,0,0,0,0,0,0,0,0,0,0,0,0,0,0,0,0,0,0,0,48936
1,1,1,1,736,-1523,-1833,-191,-177,-19,-26,40,103,0,0,0,0,0,0,0,0,0,0,0,0,0,0,0,0,0,0,0,0,0,0,48946
1,1,1,1,773,-1488,-1885,-162,-160,-104,-21,39,96,0,0,0,0,0,0,0,0,0,0,0,0,0,0,0,0,0,0,0,0,0,0,48956
1,1,1,1,835,-1415,-1821,-153,-158,-43,-20,36,92,0,0,0,0,0,0,0,0,0,0,0,0,0,0,0,0,0,0,0,0,0,0,48966
1,1,1,1,930,-1446,-1817,-184,-131,26,-17,32,92,0,0,0,0,0,0,0,0,0,0,0,0,0,0,0,0,0,0,0,0,0,0,48976
1,1,1,1,970,-1604,-1835,-282,-44,-43,-20,36,87,0,0,0,0,0,0,0,0,0,0,0,0,0,0,0,0,0,0,0,0,0,0,48986
1,1,1,1,1013,-1600,-1753,-378,-60,-60,-16,36,87,0,0,0,0,0,0,0,0,0,0,0,0,0,0,0,0,0,0,0,0,0,0,48996
1,1,1,1,1079,-1494,-1707,-284,-77,-109,-16,33,87,0,0,0,0,0,0,0,0,0,0,0,0,0,0,0,0,0,0,0,0,0,0,49006
1,1,1,1,1142,-1305,-1746,-192,-67,-87,-16,34,87,0,0,0,0,0,0,0,0,0,0,0,0,0,0,0,0,0,0,0,0,0,0,49016
1,1,1,1,1056,-1319,-1818,-43,-41,-169,-17,36,91,0,0,0,0,0,0,0,0,0,0,0,0,0,0,0,0,0,0,0,0,0,0,49026
1,1,1,1,1021,-1343,-1846,71,-20,-233,-16,36,87,0,0,0,0,0,0,0,0,0,0,0,0,0,0,0,0,0,0,0,0,0,0,49036
1,1,1,1,890,-1380,-1873,118,24,-241,-14,35,89,0,0,0,0,0,0,0,0,0,0,0,0,0,0,0,0,0,0,0,0,0,0,49046
1,1,1,1,819,-1495,-1867,103,65,-274,-14,36,88,0,0,0,0,0,0,0,0,0,0,0,0,0,0,0,0,0,0,0,0,0,0,49056
1,1,1,1,745,-1562,-1851,-20,74,-253,-17,37,87,0,0,0,0,0,0,0,0,0,0,0,0,0,0,0,0,0,0,0,0,0,0,49066
1,1,1,1,741,-1611,-1849,-134,72,-225,-16,38,86,0,0,0,0,0,0,0,0,0,0,0,0,0,0,0,0,0,0,0,0,0,0,49076
1,1,1,1,749,-1589,-1849,-221,67,-196,-13,37,86,0,0,0,0,0,0,0,0,0,0,0,0,0,0,0,0,0,0,0,0,0,0,49086
1,1,1,1,868,-1506,-1720,-161,35,-216,-12,36,86,0,0,0,0,0,0,0,0,0,0,0,0,0,0,0,0,0,0,0,0,0,0,49096
1,1,1,1,1001,-1391,-1723,-43,25,-288,-13,35,88,0,0,0,0,0,0,0,0,0,0,0,0,0,0,0,0,0,0,0,0,0,0,49106
1,1,1,1,964,-1331,-1837,3,44,-334,-15,36,87,0,0,0,0,0,0,0,0,0,0,0,0,0,0,0,0,0,0,0,0,0,0,49116
1,1,1,1,927,-1349,-1863,123,57,-394,-15,37,90,0,0,0,0,0,0,0,0,0,0,0,0,0,0,0,0,0,0,0,0,0,0,49126
1,1,1,1,923,-1371,-1870,196,54,-425,-14,36,91,0,0,0,0,0,0,0,0,0,0,0,0,0,0,0,0,0,0,0,0,0,0,49136
1,1,1,1,927,-1435,-1844,271,58,-457,-15,36,89,0,0,0,0,0,0,0,0,0,0,0,0,0,0,0,0,0,0,0,0,0,0,49146
1,1,1,1,909,-1529,-1846,262,45,-455,-18,37,93,0,0,0,0,0,0,0,0,0,0,0,0,0,0,0,0,0,0,0,0,0,0,49156
1,1,1,1,870,-1633,-1815,200,43,-420,-18,38,94,0,0,0,0,0,0,0,0,0,0,0,0,0,0,0,0,0,0,0,0,0,0,49166
1,1,1,1,812,-1730,-1788,91,61,-361,-19,38,90,0,0,0,0,0,0,0,0,0,0,0,0,0,0,0,0,0,0,0,0,0,0,49176
1,1,1,1,703,-1782,-1815,-25,95,-273,-21,39,92,0,0,0,0,0,0,0,0,0,0,0,0,0,0,0,0,0,0,0,0,0,0,49186
1,1,1,1,636,-1825,-1867,-209,131,-175,-22,39,89,0,0,0,0,0,0,0,0,0,0,0,0,0,0,0,0,0,0,0,0,0,0,49196
1,1,1,1,640,-1820,-1860,-301,203,-79,-18,37,82,0,0,0,0,0,0,0,0,0,0,0,0,0,0,0,0,0,0,0,0,0,0,49206
1,1,1,1,625,-1685,-1882,-353,263,81,-14,38,76,0,0,0,0,0,0,0,0,0,0,0,0,0,0,0,0,0,0,0,0,0,0,49216
1,1,1,1,771,-1434,-1836,-310,367,345,-8,38,68,0,0,0,0,0,0,0,0,0,0,0,0,0,0,0,0,0,0,0,0,0,0,49226
1,1,1,1,988,-1251,-1718,-150,345,589,-6,38,66,0,0,0,0,0,0,0,0,0,0,0,0,0,0,0,0,0,0,0,0,0,0,49236
1,1,1,1,1339,-1283,-1677,-10,235,681,-4,39,67,0,0,0,0,0,0,0,0,0,0,0,0,0,0,0,0,0,0,0,0,0,0,49246
1,1,1,1,1574,-1450,-1663,95,213,439,-3,38,72,0,0,0,0,0,0,0,0,0,0,0,0,0,0,0,0,0,0,0,0,0,0,49256
1,1,1,1,1585,-1609,-1708,133,216,50,-5,41,67,0,0,0,0,0,0,0,0,0,0,0,0,0,0,0,0,0,0,0,0,0,0,49266
1,1,1,1,1506,-1436,-1763,57,160,83,-4,37,68,0,0,0,0,0,0,0,0,0,0,0,0,0,0,0,0,0,0,0,0,0,0,49276
1,1,1,1,1520,-1505,-1819,-33,196,62,-4,37,67,0,0,0,0,0,0,0,0,0,0,0,0,0,0,0,0,0,0,0,0,0,0,49286
1,1,1,1,1447,-1438,-1863,-59,266,87,-8,40,66,0,0,0,0,0,0,0,0,0,0,0,0,0,0,0,0,0,0,0,0,0,0,49296
1,1,1,1,1502,-1429,-1861,-169,175,204,-5,36,66,0,0,0,0,0,0,0,0,0,0,0,0,0,0,0,0,0,0,0,0,0,0,49306
1,1,1,1,1605,-1530,-1854,-194,127,67,-8,42,66,0,0,0,0,0,0,0,0,0,0,0,0,0,0,0,0,0,0,0,0,0,0,49316
1,1,1,1,1617,-1428,-1824,-183,65,1,-5,37,67,0,0,0,0,0,0,0,0,0,0,0,0,0,0,0,0,0,0,0,0,0,0,49326
1,1,1,1,1572,-1362,-1814,-98,21,-70,-5,37,72,0,0,0,0,0,0,0,0,0,0,0,0,0,0,0,0,0,0,0,0,0,0,49336
1,1,1,1,1412,-1325,-1885,-30,27,-136,-9,43,77,0,0,0,0,0,0,0,0,0,0,0,0,0,0,0,0,0,0,0,0,0,0,49346
1,1,1,1,1226,-1341,-1881,90,-22,-153,-7,40,78,0,0,0,0,0,0,0,0,0,0,0,0,0,0,0,0,0,0,0,0,0,0,49356
1,1,1,1,1205,-1406,-1851,127,-57,-176,-8,41,80,0,0,0,0,0,0,0,0,0,0,0,0,0,0,0,0,0,0,0,0,0,0,49366
1,1,1,1,1187,-1455,-1839,104,-90,-183,-10,41,82,0,0,0,0,0,0,0,0,0,0,0,0,0,0,0,0,0,0,0,0,0,0,49376
1,1,1,1,1250,-1516,-1788,73,-114,-180,-14,41,85,0,0,0,0,0,0,0,0,0,0,0,0,0,0,0,0,0,0,0,0,0,0,49386
1,1,1,1,1357,-1578,-1768,-73,-140,-166,-14,41,86,0,0,0,0,0,0,0,0,0,0,0,0,0,0,0,0,0,0,0,0,0,0,49396
1,1,1,1,1377,-1531,-1840,-191,-194,-156,-13,40,90,0,0,0,0,0,0,0,0,0,0,0,0,0,0,0,0,0,0,0,0,0,0,49416
1,1,1,1,1348,-1491,-1894,-220,-201,-150,-15,41,91,0,0,0,0,0,0,0,0,0,0,0,0,0,0,0,0,0,0,0,0,0,0,49426
1,1,1,1,1310,-1474,-1897,-206,-215,-135,-15,41,96,0,0,0,0,0,0,0,0,0,0,0,0,0,0,0,0,0,0,0,0,0,0,49436
1,1,1,1,1299,-1465,-1855,-188,-229,-151,-16,42,95,0,0,0,0,0,0,0,0,0,0,0,0,0,0,0,0,0,0,0,0,0,0,49446
1,1,1,1,1250,-1442,-1851,-176,-259,-134,-19,42,95,0,0,0,0,0,0,0,0,0,0,0,0,0,0,0,0,0,0,0,0,0,0,49456
1,1,1,1,1269,-1440,-1804,-162,-262,-112,-20,43,97,0,0,0,0,0,0,0,0,0,0,0,0,0,0,0,0,0,0,0,0,0,0,49466
1,1,1,1,1266,-1445,-1808,-191,-298,-71,-21,43,99,0,0,0,0,0,0,0,0,0,0,0,0,0,0,0,0,0,0,0,0,0,0,49476
1,1,1,1,1266,-1416,-1825,-192,-306,-25,-23,42,97,0,0,0,0,0,0,0,0,0,0,0,0,0,0,0,0,0,0,0,0,0,0,49486
1,1,1,1,1279,-1376,-1794,-202,-362,59,-21,43,96,0,0,0,0,0,0,0,0,0,0,0,0,0,0,0,0,0,0,0,0,0,0,49496
1,1,1,1,1273,-1337,-1821,-235,-407,189,-21,43,95,0,0,0,0,0,0,0,0,0,0,0,0,0,0,0,0,0,0,0,0,0,0,49506
1,1,1,1,1159,-1290,-1893,-184,-355,334,-20,42,95,0,0,0,0,0,0,0,0,0,0,0,0,0,0,0,0,0,0,0,0,0,0,49516
1,1,1,1,968,-1324,-1969,-125,-286,367,-19,41,101,0,0,0,0,0,0,0,0,0,0,0,0,0,0,0,0,0,0,0,0,0,0,49526
1,1,1,1,814,-1450,-1999,-43,-151,257,-20,43,101,0,0,0,0,0,0,0,0,0,0,0,0,0,0,0,0,0,0,0,0,0,0,49536
1,1,1,1,790,-1446,-1877,-35,-170,133,-19,42,103,0,0,0,0,0,0,0,0,0,0,0,0,0,0,0,0,0,0,0,0,0,0,49546
1,1,1,1,702,-1385,-1907,-14,-136,40,-19,42,101,0,0,0,0,0,0,0,0,0,0,0,0,0,0,0,0,0,0,0,0,0,0,49556
1,1,1,1,614,-1304,-1887,27,-53,35,-20,44,99,0,0,0,0,0,0,0,0,0,0,0,0,0,0,0,0,0,0,0,0,0,0,49566
1,1,1,1,571,-1329,-1868,55,-29,37,-21,45,100,0,0,0,0,0,0,0,0,0,0,0,0,0,0,0,0,0,0,0,0,0,0,49576
1,1,1,1,538,-1390,-1852,20,5,-5,-17,42,98,0,0,0,0,0,0,0,0,0,0,0,0,0,0,0,0,0,0,0,0,0,0,49586
1,1,1,1,525,-1423,-1804,-27,-19,-19,-17,40,98,0,0,0,0,0,0,0,0,0,0,0,0,0,0,0,0,0,0,0,0,0,0,49596
1,1,1,1,669,-1496,-1850,-145,14,-98,-22,45,100,0,0,0,0,0,0,0,0,0,0,0,0,0,0,0,0,0,0,0,0,0,0,49606
1,1,1,1,711,-1465,-1830,-237,41,-161,-19,41,100,0,0,0,0,0,0,0,0,0,0,0,0,0,0,0,0,0,0,0,0,0,0,49616
1,1,1,1,726,-1454,-1841,-209,72,-171,-21,41,102,0,0,0,0,0,0,0,0,0,0,0,0,0,0,0,0,0,0,0,0,0,0,49626
1,1,1,1,739,-1471,-1846,-141,102,-160,-19,41,100,0,0,0,0,0,0,0,0,0,0,0,0,0,0,0,0,0,0,0,0,0,0,49636
1,1,1,1,758,-1496,-1842,-58,131,-123,-21,43,100,0,0,0,0,0,0,0,0,0,0,0,0,0,0,0,0,0,0,0,0,0,0,49646
1,1,1,1,778,-1543,-1850,-60,168,-67,-18,42,101,0,0,0,0,0,0,0,0,0,0,0,0,0,0,0,0,0,0,0,0,0,0,49656
1,1,1,1,717,-1531,-1838,-78,171,23,-20,42,100,0,0,0,0,0,0,0,0,0,0,0,0,0,0,0,0,0,0,0,0,0,0,49666
1,1,1,1,655,-1504,-1902,-106,213,99,-21,41,95,0,0,0,0,0,0,0,0,0,0,0,0,0,0,0,0,0,0,0,0,0,0,49676
1,1,1,1,576,-1440,-1898,-126,285,196,-21,42,87,0,0,0,0,0,0,0,0,0,0,0,0,0,0,0,0,0,0,0,0,0,0,49686
1,1,1,1,648,-1320,-1911,-129,298,401,-18,40,84,0,0,0,0,0,0,0,0,0,0,0,0,0,0,0,0,0,0,0,0,0,0,49696
1,1,1,1,833,-1199,-1882,-99,405,635,-15,40,76,0,0,0,0,0,0,0,0,0,0,0,0,0,0,0,0,0,0,0,0,0,0,49706
1,1,1,1,1155,-1195,-1806,-22,436,841,-8,39,81,0,0,0,0,0,0,0,0,0,0,0,0,0,0,0,0,0,0,0,0,0,0,49716
1,1,1,1,1370,-1541,-1772,145,481,434,-7,40,72,0,0,0,0,0,0,0,0,0,0,0,0,0,0,0,0,0,0,0,0,0,0,49726
1,1,1,1,1549,-1495,-1767,171,363,208,-7,40,69,0,0,0,0,0,0,0,0,0,0,0,0,0,0,0,0,0,0,0,0,0,0,49736
1,1,1,1,1549,-1495,-1767,10,188,216,-6,39,71,0,0,0,0,0,0,0,0,0,0,0,0,0,0,0,0,0,0,0,0,0,0,49746
1,1,1,1,1735,-1504,-1955,-22,373,1,-6,40,70,0,0,0,0,0,0,0,0,0,0,0,0,0,0,0,0,0,0,0,0,0,0,49756
1,1,1,1,1687,-1369,-1933,-5,299,176,-8,39,69,0,0,0,0,0,0,0,0,0,0,0,0,0,0,0,0,0,0,0,0,0,0,49766
1,1,1,1,1708,-1389,-1911,-64,165,124,-9,40,68,0,0,0,0,0,0,0,0,0,0,0,0,0,0,0,0,0,0,0,0,0,0,49776
1,1,1,1,1898,-1489,-1873,-126,40,94,-8,39,71,0,0,0,0,0,0,0,0,0,0,0,0,0,0,0,0,0,0,0,0,0,0,49786
1,1,1,1,1808,-1500,-1941,-118,34,-39,-3,38,71,0,0,0,0,0,0,0,0,0,0,0,0,0,0,0,0,0,0,0,0,0,0,49796
1,1,1,1,1469,-1354,-1993,-16,32,-16,-4,40,71,0,0,0,0,0,0,0,0,0,0,0,0,0,0,0,0,0,0,0,0,0,0,49806
1,1,1,1,1410,-1382,-1976,34,-18,-40,-3,40,74,0,0,0,0,0,0,0,0,0,0,0,0,0,0,0,0,0,0,0,0,0,0,49816
1,1,1,1,1385,-1354,-1877,86,-59,-55,-4,40,74,0,0,0,0,0,0,0,0,0,0,0,0,0,0,0,0,0,0,0,0,0,0,49826
1,1,1,1,1400,-1360,-1828,108,-110,-74,-5,40,80,0,0,0,0,0,0,0,0,0,0,0,0,0,0,0,0,0,0,0,0,0,0,49836
1,1,1,1,1307,-1377,-1859,111,-125,-107,-8,41,80,0,0,0,0,0,0,0,0,0,0,0,0,0,0,0,0,0,0,0,0,0,0,49846
1,1,1,1,1228,-1401,-1873,99,-138,-119,-9,42,82,0,0,0,0,0,0,0,0,0,0,0,0,0,0,0,0,0,0,0,0,0,0,49856
1,1,1,1,1174,-1419,-1908,56,-173,-102,-8,40,81,0,0,0,0,0,0,0,0,0,0,0,0,0,0,0,0,0,0,0,0,0,0,49866
1,1,1,1,1174,-1431,-1913,13,-172,-61,-8,45,85,0,0,0,0,0,0,0,0,0,0,0,0,0,0,0,0,0,0,0,0,0,0,49876
1,1,1,1,1200,-1468,-1880,-55,-173,-47,-7,40,81,0,0,0,0,0,0,0,0,0,0,0,0,0,0,0,0,0,0,0,0,0,0,49886
1,1,1,1,1145,-1434,-1847,0,-186,-55,-8,43,85,0,0,0,0,0,0,0,0,0,0,0,0,0,0,0,0,0,0,0,0,0,0,49896
1,1,1,1,1179,-1423,-1828,2,-243,-76,-10,43,83,0,0,0,0,0,0,0,0,0,0,0,0,0,0,0,0,0,0,0,0,0,0,49906
1,1,1,1,1244,-1366,-1771,11,-286,-57,-12,41,86,0,0,0,0,0,0,0,0,0,0,0,0,0,0,0,0,0,0,0,0,0,0,49916
1,1,1,1,1223,-1342,-1796,30,-311,-36,-12,41,88,0,0,0,0,0,0,0,0,0,0,0,0,0,0,0,0,0,0,0,0,0,0,49926
1,1,1,1,1189,-1387,-1818,-2,-330,-32,-11,42,95,0,0,0,0,0,0,0,0,0,0,0,0,0,0,0,0,0,0,0,0,0,0,49936
1,1,1,1,1047,-1419,-1879,-13,-283,-72,-14,43,96,0,0,0,0,0,0,0,0,0,0,0,0,0,0,0,0,0,0,0,0,0,0,49946
1,1,1,1,970,-1455,-1944,-50,-180,-120,-14,43,98,0,0,0,0,0,0,0,0,0,0,0,0,0,0,0,0,0,0,0,0,0,0,49956
1,1,1,1,902,-1405,-1876,-84,-183,-79,-17,42,100,0,0,0,0,0,0,0,0,0,0,0,0,0,0,0,0,0,0,0,0,0,0,49966
1,1,1,1,875,-1462,-1907,-108,-151,-95,-17,43,103,0,0,0,0,0,0,0,0,0,0,0,0,0,0,0,0,0,0,0,0,0,0,49976
1,1,1,1,794,-1452,-1890,-106,-110,-108,-20,43,102,0,0,0,0,0,0,0,0,0,0,0,0,0,0,0,0,0,0,0,0,0,0,49986
1,1,1,1,808,-1424,-1874,-57,-88,-120,-17,44,102,0,0,0,0,0,0,0,0,0,0,0,0,0,0,0,0,0,0,0,0,0,0,49996
1,1,1,1,856,-1404,-1851,-29,-92,-108,-18,43,100,0,0,0,0,0,0,0,0,0,0,0,0,0,0,0,0,0,0,0,0,0,0,50006
1,1,1,1,826,-1386,-1887,5,-62,-79,-18,43,101,0,0,0,0,0,0,0,0,0,0,0,0,0,0,0,0,0,0,0,0,0,0,50016
1,1,1,1,808,-1410,-1926,4,-28,-37,-16,42,101,0,0,0,0,0,0,0,0,0,0,0,0,0,0,0,0,0,0,0,0,0,0,50026
1,1,1,1,741,-1420,-1933,4,30,19,-15,42,101,0,0,0,0,0,0,0,0,0,0,0,0,0,0,0,0,0,0,0,0,0,0,50036
1,1,1,1,796,-1492,-1898,-49,23,25,-19,43,98,0,0,0,0,0,0,0,0,0,0,0,0,0,0,0,0,0,0,0,0,0,0,50046
1,1,1,1,815,-1510,-1877,-105,28,44,-17,43,98,0,0,0,0,0,0,0,0,0,0,0,0,0,0,0,0,0,0,0,0,0,0,50056
1,1,1,1,847,-1523,-1869,-169,33,67,-18,43,97,0,0,0,0,0,0,0,0,0,0,0,0,0,0,0,0,0,0,0,0,0,0,50066
1,1,1,1,897,-1493,-1865,-216,54,62,-18,41,100,0,0,0,0,0,0,0,0,0,0,0,0,0,0,0,0,0,0,0,0,0,0,50076
1,1,1,1,926,-1442,-1883,-210,61,39,-21,42,100,0,0,0,0,0,0,0,0,0,0,0,0,0,0,0,0,0,0,0,0,0,0,50086
1,1,1,1,941,-1382,-1881,-174,64,17,-21,43,99,0,0,0,0,0,0,0,0,0,0,0,0,0,0,0,0,0,0,0,0,0,0,50096
1,1,1,1,941,-1376,-1896,-126,62,-16,-23,42,102,0,0,0,0,0,0,0,0,0,0,0,0,0,0,0,0,0,0,0,0,0,0,50106
1,1,1,1,912,-1377,-1922,-118,60,-27,-21,42,103,0,0,0,0,0,0,0,0,0,0,0,0,0,0,0,0,0,0,0,0,0,0,50116
1,1,1,1,876,-1415,-1928,-102,78,-23,-23,43,103,0,0,0,0,0,0,0,0,0,0,0,0,0,0,0,0,0,0,0,0,0,0,50126
1,1,1,1,840,-1487,-1942,-93,101,-5,-23,42,103,0,0,0,0,0,0,0,0,0,0,0,0,0,0,0,0,0,0,0,0,0,0,50136
1,1,1,1,818,-1568,-1933,-128,112,36,-25,43,102,0,0,0,0,0,0,0,0,0,0,0,0,0,0,0,0,0,0,0,0,0,0,50146
1,1,1,1,787,-1602,-1944,-194,127,100,-25,45,103,0,0,0,0,0,0,0,0,0,0,0,0,0,0,0,0,0,0,0,0,0,0,50156
1,1,1,1,763,-1582,-1932,-223,162,168,-24,43,100,0,0,0,0,0,0,0,0,0,0,0,0,0,0,0,0,0,0,0,0,0,0,50166
1,1,1,1,785,-1502,-1927,-211,194,247,-25,44,97,0,0,0,0,0,0,0,0,0,0,0,0,0,0,0,0,0,0,0,0,0,0,50176
1,1,1,1,845,-1419,-1925,-201,211,322,-23,43,95,0,0,0,0,0,0,0,0,0,0,0,0,0,0,0,0,0,0,0,0,0,0,50186
1,1,1,1,941,-1319,-1918,-164,238,395,-23,43,90,0,0,0,0,0,0,0,0,0,0,0,0,0,0,0,0,0,0,0,0,0,0,50196
1,1,1,1,1057,-1264,-1890,-123,232,459,-19,39,89,0,0,0,0,0,0,0,0,0,0,0,0,0,0,0,0,0,0,0,0,0,0,50206
1,1,1,1,1169,-1218,-1902,-91,231,539,-17,43,88,0,0,0,0,0,0,0,0,0,0,0,0,0,0,0,0,0,0,0,0,0,0,50216
1,1,1,1,1357,-1294,-1884,-77,219,529,-15,42,85,0,0,0,0,0,0,0,0,0,0,0,0,0,0,0,0,0,0,0,0,0,0,50226
1,1,1,1,1496,-1394,-1846,-78,136,377,-13,41,82,0,0,0,0,0,0,0,0,0,0,0,0,0,0,0,0,0,0,0,0,0,0,50236
1,1,1,1,1538,-1418,-1891,-123,38,242,-11,40,85,0,0,0,0,0,0,0,0,0,0,0,0,0,0,0,0,0,0,0,0,0,0,50246
1,1,1,1,1530,-1384,-1948,-131,59,118,-11,41,81,0,0,0,0,0,0,0,0,0,0,0,0,0,0,0,0,0,0,0,0,0,0,50256
1,1,1,1,1484,-1273,-1908,-75,-38,99,-10,39,83,0,0,0,0,0,0,0,0,0,0,0,0,0,0,0,0,0,0,0,0,0,0,50266
1,1,1,1,1504,-1284,-1988,-79,-39,24,-9,40,83,0,0,0,0,0,0,0,0,0,0,0,0,0,0,0,0,0,0,0,0,0,0,50276
1,1,1,1,1458,-1240,-1946,-42,-53,-55,-11,40,85,0,0,0,0,0,0,0,0,0,0,0,0,0,0,0,0,0,0,0,0,0,0,50286
1,1,1,1,1345,-1253,-1976,-12,-77,-145,-13,40,87,0,0,0,0,0,0,0,0,0,0,0,0,0,0,0,0,0,0,0,0,0,0,50296
1,1,1,1,1168,-1243,-2005,46,-65,-186,-11,41,87,0,0,0,0,0,0,0,0,0,0,0,0,0,0,0,0,0,0,0,0,0,0,50306
1,1,1,1,1138,-1276,-1950,63,-70,-216,-9,41,87,0,0,0,0,0,0,0,0,0,0,0,0,0,0,0,0,0,0,0,0,0,0,50316
1,1,1,1,1161,-1285,-1883,100,-90,-261,-9,42,84,0,0,0,0,0,0,0,0,0,0,0,0,0,0,0,0,0,0,0,0,0,0,50326
1,1,1,1,1178,-1306,-1885,131,-79,-299,-8,42,87,0,0,0,0,0,0,0,0,0,0,0,0,0,0,0,0,0,0,0,0,0,0,50336
1,1,1,1,1211,-1324,-1849,183,-68,-320,-8,42,85,0,0,0,0,0,0,0,0,0,0,0,0,0,0,0,0,0,0,0,0,0,0,50346
1,1,1,1,1245,-1359,-1860,224,-50,-330,-9,42,89,0,0,0,0,0,0,0,0,0,0,0,0,0,0,0,0,0,0,0,0,0,0,50356
1,1,1,1,1256,-1405,-1857,211,-52,-336,-11,43,90,0,0,0,0,0,0,0,0,0,0,0,0,0,0,0,0,0,0,0,0,0,0,50366
1,1,1,1,1255,-1447,-1869,180,-54,-320,-12,43,93,0,0,0,0,0,0,0,0,0,0,0,0,0,0,0,0,0,0,0,0,0,0,50376
1,1,1,1,1245,-1472,-1872,126,-59,-285,-14,43,97,0,0,0,0,0,0,0,0,0,0,0,0,0,0,0,0,0,0,0,0,0,0,50386
1,1,1,1,1213,-1494,-1895,69,-80,-267,-15,44,99,0,0,0,0,0,0,0,0,0,0,0,0,0,0,0,0,0,0,0,0,0,0,50396
1,1,1,1,1257,-1496,-1876,7,-127,-283,-17,43,101,0,0,0,0,0,0,0,0,0,0,0,0,0,0,0,0,0,0,0,0,0,0,50406
1,1,1,1,1272,-1456,-1856,-43,-200,-274,-18,44,99,0,0,0,0,0,0,0,0,0,0,0,0,0,0,0,0,0,0,0,0,0,0,50416
1,1,1,1,1305,-1395,-1804,-62,-332,-237,-20,44,101,0,0,0,0,0,0,0,0,0,0,0,0,0,0,0,0,0,0,0,0,0,0,50426
1,1,1,1,1286,-1303,-1822,-72,-405,-161,-21,44,98,0,0,0,0,0,0,0,0,0,0,0,0,0,0,0,0,0,0,0,0,0,0,50436
1,1,1,1,1161,-1211,-1926,-46,-368,6,-24,42,104,0,0,0,0,0,0,0,0,0,0,0,0,0,0,0,0,0,0,0,0,0,0,50446
1,1,1,1,908,-1228,-2074,44,-173,127,-22,44,105,0,0,0,0,0,0,0,0,0,0,0,0,0,0,0,0,0,0,0,0,0,0,50456
1,1,1,1,693,-1334,-2043,154,-9,103,-23,42,103,0,0,0,0,0,0,0,0,0,0,0,0,0,0,0,0,0,0,0,0,0,0,50466
1,1,1,1,685,-1466,-1934,154,-66,4,-24,46,110,0,0,0,0,0,0,0,0,0,0,0,0,0,0,0,0,0,0,0,0,0,0,50476
1,1,1,1,629,-1428,-1912,114,-70,-56,-25,46,110,0,0,0,0,0,0,0,0,0,0,0,0,0,0,0,0,0,0,0,0,0,0,50486
1,1,1,1,509,-1392,-1949,141,10,-22,-24,45,106,0,0,0,0,0,0,0,0,0,0,0,0,0,0,0,0,0,0,0,0,0,0,50496
1,1,1,1,479,-1442,-1898,131,29,23,-23,41,105,0,0,0,0,0,0,0,0,0,0,0,0,0,0,0,0,0,0,0,0,0,0,50506
1,1,1,1,527,-1529,-1870,56,48,22,-28,47,108,0,0,0,0,0,0,0,0,0,0,0,0,0,0,0,0,0,0,0,0,0,0,50516
1,1,1,1,662,-1606,-1865,-118,64,-35,-25,44,108,0,0,0,0,0,0,0,0,0,0,0,0,0,0,0,0,0,0,0,0,0,0,50526
1,1,1,1,683,-1560,-1873,-186,68,-53,-24,42,106,0,0,0,0,0,0,0,0,0,0,0,0,0,0,0,0,0,0,0,0,0,0,50536
1,1,1,1,723,-1530,-1921,-214,96,-53,-26,45,107,0,0,0,0,0,0,0,0,0,0,0,0,0,0,0,0,0,0,0,0,0,0,50546
1,1,1,1,755,-1471,-1939,-200,137,-27,-21,41,102,0,0,0,0,0,0,0,0,0,0,0,0,0,0,0,0,0,0,0,0,0,0,50556
1,1,1,1,839,-1413,-1925,-161,179,7,-23,43,101,0,0,0,0,0,0,0,0,0,0,0,0,0,0,0,0,0,0,0,0,0,0,50566
1,1,1,1,929,-1357,-1870,-55,257,75,-20,42,99,0,0,0,0,0,0,0,0,0,0,0,0,0,0,0,0,0,0,0,0,0,0,50586
1,1,1,1,890,-1348,-1883,-38,267,121,-20,43,97,0,0,0,0,0,0,0,0,0,0,0,0,0,0,0,0,0,0,0,0,0,0,50596
1,1,1,1,838,-1319,-1906,-32,280,222,-20,41,95,0,0,0,0,0,0,0,0,0,0,0,0,0,0,0,0,0,0,0,0,0,0,50606
1,1,1,1,828,-1331,-1935,-54,339,346,-19,42,89,0,0,0,0,0,0,0,0,0,0,0,0,0,0,0,0,0,0,0,0,0,0,50616
1,1,1,1,840,-1295,-1923,-91,374,523,-16,42,83,0,0,0,0,0,0,0,0,0,0,0,0,0,0,0,0,0,0,0,0,0,0,50626
1,1,1,1,1012,-1300,-1889,-110,371,689,-12,41,81,0,0,0,0,0,0,0,0,0,0,0,0,0,0,0,0,0,0,0,0,0,0,50636
1,1,1,1,1217,-1433,-1870,-99,379,580,-11,40,78,0,0,0,0,0,0,0,0,0,0,0,0,0,0,0,0,0,0,0,0,0,0,50646
1,1,1,1,1318,-1492,-1875,-58,362,373,-9,42,73,0,0,0,0,0,0,0,0,0,0,0,0,0,0,0,0,0,0,0,0,0,0,50656
1,1,1,1,1510,-1400,-1772,-30,221,317,-12,41,80,0,0,0,0,0,0,0,0,0,0,0,0,0,0,0,0,0,0,0,0,0,0,50666
1,1,1,1,1683,-1512,-1884,-55,218,110,-11,41,78,0,0,0,0,0,0,0,0,0,0,0,0,0,0,0,0,0,0,0,0,0,0,50676
1,1,1,1,1648,-1424,-1884,-45,222,15,-12,40,77,0,0,0,0,0,0,0,0,0,0,0,0,0,0,0,0,0,0,0,0,0,0,50686
1,1,1,1,1640,-1358,-1931,-100,155,111,-13,41,81,0,0,0,0,0,0,0,0,0,0,0,0,0,0,0,0,0,0,0,0,0,0,50696
1,1,1,1,1613,-1367,-1949,-123,136,80,-14,42,80,0,0,0,0,0,0,0,0,0,0,0,0,0,0,0,0,0,0,0,0,0,0,50706
1,1,1,1,1503,-1315,-1985,-95,84,58,-12,41,82,0,0,0,0,0,0,0,0,0,0,0,0,0,0,0,0,0,0,0,0,0,0,50716
1,1,1,1,1283,-1299,-2010,-45,70,29,-10,41,83,0,0,0,0,0,0,0,0,0,0,0,0,0,0,0,0,0,0,0,0,0,0,50726
1,1,1,1,1236,-1291,-1981,-3,47,-7,-10,41,84,0,0,0,0,0,0,0,0,0,0,0,0,0,0,0,0,0,0,0,0,0,0,50736
1,1,1,1,1224,-1270,-1925,40,24,-37,-8,42,85,0,0,0,0,0,0,0,0,0,0,0,0,0,0,0,0,0,0,0,0,0,0,50746
1,1,1,1,1305,-1260,-1878,143,26,-78,-8,41,84,0,0,0,0,0,0,0,0,0,0,0,0,0,0,0,0,0,0,0,0,0,0,50756
1,1,1,1,1403,-1266,-1845,217,38,-102,-9,40,87,0,0,0,0,0,0,0,0,0,0,0,0,0,0,0,0,0,0,0,0,0,0,50766
1,1,1,1,1472,-1329,-1816,216,26,-106,-9,39,85,0,0,0,0,0,0,0,0,0,0,0,0,0,0,0,0,0,0,0,0,0,0,50776
1,1,1,1,1416,-1418,-1841,169,-14,-126,-14,43,90,0,0,0,0,0,0,0,0,0,0,0,0,0,0,0,0,0,0,0,0,0,0,50786
1,1,1,1,1316,-1474,-1882,118,-43,-196,-15,44,95,0,0,0,0,0,0,0,0,0,0,0,0,0,0,0,0,0,0,0,0,0,0,50796
1,1,1,1,1179,-1453,-1939,61,-43,-230,-18,44,97,0,0,0,0,0,0,0,0,0,0,0,0,0,0,0,0,0,0,0,0,0,0,50806
1,1,1,1,1148,-1405,-1923,30,-32,-242,-19,44,98,0,0,0,0,0,0,0,0,0,0,0,0,0,0,0,0,0,0,0,0,0,0,50816
1,1,1,1,1189,-1349,-1869,19,-57,-251,-17,43,97,0,0,0,0,0,0,0,0,0,0,0,0,0,0,0,0,0,0,0,0,0,0,50826
1,1,1,1,1237,-1289,-1808,45,-132,-265,-15,45,98,0,0,0,0,0,0,0,0,0,0,0,0,0,0,0,0,0,0,0,0,0,0,50836
1,1,1,1,1290,-1267,-1791,88,-210,-257,-16,46,100,0,0,0,0,0,0,0,0,0,0,0,0,0,0,0,0,0,0,0,0,0,0,50846
1,1,1,1,1304,-1247,-1781,102,-285,-193,-16,45,101,0,0,0,0,0,0,0,0,0,0,0,0,0,0,0,0,0,0,0,0,0,0,50856
1,1,1,1,1249,-1284,-1788,181,-315,-105,-15,44,102,0,0,0,0,0,0,0,0,0,0,0,0,0,0,0,0,0,0,0,0,0,0,50866
1,1,1,1,1112,-1387,-1882,198,-300,-71,-14,42,101,0,0,0,0,0,0,0,0,0,0,0,0,0,0,0,0,0,0,0,0,0,0,50876
1,1,1,1,877,-1456,-1965,207,-176,-70,-17,43,103,0,0,0,0,0,0,0,0,0,0,0,0,0,0,0,0,0,0,0,0,0,0,50886
1,1,1,1,776,-1500,-1960,147,-100,-57,-16,43,105,0,0,0,0,0,0,0,0,0,0,0,0,0,0,0,0,0,0,0,0,0,0,50896
1,1,1,1,676,-1497,-1929,124,-21,-115,-17,45,105,0,0,0,0,0,0,0,0,0,0,0,0,0,0,0,0,0,0,0,0,0,0,50906
1,1,1,1,739,-1467,-1904,67,11,-147,-17,44,101,0,0,0,0,0,0,0,0,0,0,0,0,0,0,0,0,0,0,0,0,0,0,50916
1,1,1,1,786,-1396,-1833,32,-19,-149,-17,44,101,0,0,0,0,0,0,0,0,0,0,0,0,0,0,0,0,0,0,0,0,0,0,50926
1,1,1,1,745,-1369,-1868,51,-15,-109,-16,44,101,0,0,0,0,0,0,0,0,0,0,0,0,0,0,0,0,0,0,0,0,0,0,50936
1,1,1,1,730,-1400,-1893,56,7,-92,-14,44,97,0,0,0,0,0,0,0,0,0,0,0,0,0,0,0,0,0,0,0,0,0,0,50946
1,1,1,1,693,-1426,-1883,48,21,-85,-15,44,97,0,0,0,0,0,0,0,0,0,0,0,0,0,0,0,0,0,0,0,0,0,0,50956
1,1,1,1,788,-1495,-1913,-18,59,-94,-15,43,96,0,0,0,0,0,0,0,0,0,0,0,0,0,0,0,0,0,0,0,0,0,0,50966
1,1,1,1,832,-1512,-1904,-54,84,-105,-16,43,99,0,0,0,0,0,0,0,0,0,0,0,0,0,0,0,0,0,0,0,0,0,0,50976
1,1,1,1,1068,-1452,-1863,-109,119,-52,-16,43,95,0,0,0,0,0,0,0,0,0,0,0,0,0,0,0,0,0,0,0,0,0,0,50996
1,1,1,1,1081,-1429,-1871,-88,136,-29,-18,44,94,0,0,0,0,0,0,0,0,0,0,0,0,0,0,0,0,0,0,0,0,0,0,51006
1,1,1,1,1067,-1425,-1875,-55,174,-6,-14,42,94,0,0,0,0,0,0,0,0,0,0,0,0,0,0,0,0,0,0,0,0,0,0,51016
1,1,1,1,1037,-1443,-1875,-44,210,24,-15,42,94,0,0,0,0,0,0,0,0,0,0,0,0,0,0,0,0,0,0,0,0,0,0,51026
1,1,1,1,982,-1484,-1882,-46,228,52,-14,42,92,0,0,0,0,0,0,0,0,0,0,0,0,0,0,0,0,0,0,0,0,0,0,51036
1,1,1,1,939,-1509,-1853,-30,247,91,-17,43,89,0,0,0,0,0,0,0,0,0,0,0,0,0,0,0,0,0,0,0,0,0,0,51046
1,1,1,1,926,-1534,-1859,-46,251,140,-15,41,89,0,0,0,0,0,0,0,0,0,0,0,0,0,0,0,0,0,0,0,0,0,0,51056
1,1,1,1,895,-1540,-1887,-98,262,209,-17,41,86,0,0,0,0,0,0,0,0,0,0,0,0,0,0,0,0,0,0,0,0,0,0,51066
1,1,1,1,851,-1520,-1914,-164,282,299,-16,39,83,0,0,0,0,0,0,0,0,0,0,0,0,0,0,0,0,0,0,0,0,0,0,51076
1,1,1,1,830,-1494,-1921,-219,301,371,-17,41,77,0,0,0,0,0,0,0,0,0,0,0,0,0,0,0,0,0,0,0,0,0,0,51086
1,1,1,1,881,-1396,-1903,-231,326,476,-14,40,76,0,0,0,0,0,0,0,0,0,0,0,0,0,0,0,0,0,0,0,0,0,0,51096
1,1,1,1,972,-1330,-1861,-184,346,539,-12,43,75,0,0,0,0,0,0,0,0,0,0,0,0,0,0,0,0,0,0,0,0,0,0,51106
1,1,1,1,1050,-1253,-1796,-79,283,591,-11,43,71,0,0,0,0,0,0,0,0,0,0,0,0,0,0,0,0,0,0,0,0,0,0,51116
1,1,1,1,1202,-1242,-1770,-9,211,623,-10,42,70,0,0,0,0,0,0,0,0,0,0,0,0,0,0,0,0,0,0,0,0,0,0,51126
1,1,1,1,1381,-1297,-1776,-6,184,548,-8,41,67,0,0,0,0,0,0,0,0,0,0,0,0,0,0,0,0,0,0,0,0,0,0,51136
1,1,1,1,1416,-1384,-1804,-14,157,402,-6,39,70,0,0,0,0,0,0,0,0,0,0,0,0,0,0,0,0,0,0,0,0,0,0,51146
1,1,1,1,1436,-1411,-1871,-22,161,317,-5,38,66,0,0,0,0,0,0,0,0,0,0,0,0,0,0,0,0,0,0,0,0,0,0,51156
1,1,1,1,1425,-1430,-1913,-59,167,240,-3,38,64,0,0,0,0,0,0,0,0,0,0,0,0,0,0,0,0,0,0,0,0,0,0,51166
1,1,1,1,1424,-1383,-1886,-33,157,226,-3,39,63,0,0,0,0,0,0,0,0,0,0,0,0,0,0,0,0,0,0,0,0,0,0,51176
1,1,1,1,1513,-1404,-1846,-46,113,193,-3,39,68,0,0,0,0,0,0,0,0,0,0,0,0,0,0,0,0,0,0,0,0,0,0,51186
1,1,1,1,1502,-1436,-1845,-32,78,62,-3,38,64,0,0,0,0,0,0,0,0,0,0,0,0,0,0,0,0,0,0,0,0,0,0,51196
1,1,1,1,1438,-1341,-1854,-7,42,33,-5,39,65,0,0,0,0,0,0,0,0,0,0,0,0,0,0,0,0,0,0,0,0,0,0,51206
1,1,1,1,1386,-1353,-1846,22,-5,33,-4,38,64,0,0,0,0,0,0,0,0,0,0,0,0,0,0,0,0,0,0,0,0,0,0,51216
1,1,1,1,1304,-1362,-1869,60,-15,-36,-3,39,64,0,0,0,0,0,0,0,0,0,0,0,0,0,0,0,0,0,0,0,0,0,0,51226
1,1,1,1,1194,-1354,-1877,98,-43,-50,-3,39,64,0,0,0,0,0,0,0,0,0,0,0,0,0,0,0,0,0,0,0,0,0,0,51236
1,1,1,1,1142,-1385,-1866,107,-52,-64,-4,39,66,0,0,0,0,0,0,0,0,0,0,0,0,0,0,0,0,0,0,0,0,0,0,51246
1,1,1,1,1106,-1416,-1867,84,-64,-67,-2,38,66,0,0,0,0,0,0,0,0,0,0,0,0,0,0,0,0,0,0,0,0,0,0,51256
1,1,1,1,1092,-1425,-1866,72,-58,-65,-3,38,65,0,0,0,0,0,0,0,0,0,0,0,0,0,0,0,0,0,0,0,0,0,0,51266
1,1,1,1,1092,-1430,-1858,76,-55,-61,0,38,65,0,0,0,0,0,0,0,0,0,0,0,0,0,0,0,0,0,0,0,0,0,0,51276
1,1,1,1,1111,-1435,-1856,85,-53,-64,-3,38,62,0,0,0,0,0,0,0,0,0,0,0,0,0,0,0,0,0,0,0,0,0,0,51286
1,1,1,1,1123,-1425,-1844,77,-45,-60,-1,38,61,0,0,0,0,0,0,0,0,0,0,0,0,0,0,0,0,0,0,0,0,0,0,51296
1,1,1,1,1143,-1422,-1834,98,-32,-55,-2,39,62,0,0,0,0,0,0,0,0,0,0,0,0,0,0,0,0,0,0,0,0,0,0,51306
1,1,1,1,1168,-1409,-1806,124,-24,-70,2,38,63,0,0,0,0,0,0,0,0,0,0,0,0,0,0,0,0,0,0,0,0,0,0,51316
1,1,1,1,1199,-1411,-1820,140,-14,-79,1,37,64,0,0,0,0,0,0,0,0,0,0,0,0,0,0,0,0,0,0,0,0,0,0,51326
1,1,1,1,1214,-1416,-1814,139,-4,-78,1,37,65,0,0,0,0,0,0,0,0,0,0,0,0,0,0,0,0,0,0,0,0,0,0,51336
1,1,1,1,1218,-1431,-1804,120,-5,-65,0,37,66,0,0,0,0,0,0,0,0,0,0,0,0,0,0,0,0,0,0,0,0,0,0,51346
1,1,1,1,1220,-1448,-1812,97,2,-54,-2,38,67,0,0,0,0,0,0,0,0,0,0,0,0,0,0,0,0,0,0,0,0,0,0,51356
1,1,1,1,1226,-1468,-1810,55,7,-47,-3,37,67,0,0,0,0,0,0,0,0,0,0,0,0,0,0,0,0,0,0,0,0,0,0,51366
1,1,1,1,1214,-1463,-1812,31,11,-33,-2,39,66,0,0,0,0,0,0,0,0,0,0,0,0,0,0,0,0,0,0,0,0,0,0,51376
1,1,1,1,1193,-1456,-1826,31,20,-24,-3,37,65,0,0,0,0,0,0,0,0,0,0,0,0,0,0,0,0,0,0,0,0,0,0,51386
1,1,1,1,1208,-1420,-1827,26,25,-36,-4,38,67,0,0,0,0,0,0,0,0,0,0,0,0,0,0,0,0,0,0,0,0,0,0,51406
1,1,1,1,1230,-1385,-1817,34,-6,-78,-4,35,68,0,0,0,0,0,0,0,0,0,0,0,0,0,0,0,0,0,0,0,0,0,0,51416
1,1,1,1,1247,-1356,-1819,87,-22,-103,-9,43,71,0,0,0,0,0,0,0,0,0,0,0,0,0,0,0,0,0,0,0,0,0,0,51426
1,1,1,1,1258,-1359,-1815,102,-67,-128,-7,38,76,0,0,0,0,0,0,0,0,0,0,0,0,0,0,0,0,0,0,0,0,0,0,51436
1,1,1,1,1290,-1405,-1831,100,-81,-147,-8,39,74,0,0,0,0,0,0,0,0,0,0,0,0,0,0,0,0,0,0,0,0,0,0,51446
1,1,1,1,1307,-1421,-1814,67,-122,-139,-8,38,75,0,0,0,0,0,0,0,0,0,0,0,0,0,0,0,0,0,0,0,0,0,0,51456
1,1,1,1,1318,-1414,-1808,19,-187,-135,-8,40,78,0,0,0,0,0,0,0,0,0,0,0,0,0,0,0,0,0,0,0,0,0,0,51466
1,1,1,1,1296,-1397,-1779,-6,-261,-121,-8,40,79,0,0,0,0,0,0,0,0,0,0,0,0,0,0,0,0,0,0,0,0,0,0,51476
1,1,1,1,1215,-1390,-1819,14,-298,-134,-10,40,83,0,0,0,0,0,0,0,0,0,0,0,0,0,0,0,0,0,0,0,0,0,0,51486
1,1,1,1,1064,-1372,-1895,67,-280,-163,-9,41,86,0,0,0,0,0,0,0,0,0,0,0,0,0,0,0,0,0,0,0,0,0,0,51496
1,1,1,1,918,-1372,-1940,136,-199,-191,-10,40,87,0,0,0,0,0,0,0,0,0,0,0,0,0,0,0,0,0,0,0,0,0,0,51506
1,1,1,1,822,-1380,-1942,184,-123,-157,-10,40,85,0,0,0,0,0,0,0,0,0,0,0,0,0,0,0,0,0,0,0,0,0,0,51516
1,1,1,1,846,-1462,-1911,197,-53,-163,-13,42,86,0,0,0,0,0,0,0,0,0,0,0,0,0,0,0,0,0,0,0,0,0,0,51526
1,1,1,1,871,-1485,-1870,133,-82,-160,-11,40,84,0,0,0,0,0,0,0,0,0,0,0,0,0,0,0,0,0,0,0,0,0,0,51536
1,1,1,1,854,-1453,-1877,93,-87,-126,-9,41,84,0,0,0,0,0,0,0,0,0,0,0,0,0,0,0,0,0,0,0,0,0,0,51546
1,1,1,1,874,-1451,-1888,92,-46,-101,-6,40,82,0,0,0,0,0,0,0,0,0,0,0,0,0,0,0,0,0,0,0,0,0,0,51556
1,1,1,1,962,-1476,-1833,75,-32,-92,-7,39,79,0,0,0,0,0,0,0,0,0,0,0,0,0,0,0,0,0,0,0,0,0,0,51566
1,1,1,1,1029,-1487,-1802,72,-1,-71,-8,39,75,0,0,0,0,0,0,0,0,0,0,0,0,0,0,0,0,0,0,0,0,0,0,51576
1,1,1,1,1120,-1517,-1778,65,30,-60,-8,40,78,0,0,0,0,0,0,0,0,0,0,0,0,0,0,0,0,0,0,0,0,0,0,51586
1,1,1,1,1139,-1524,-1763,59,41,-40,-8,39,78,0,0,0,0,0,0,0,0,0,0,0,0,0,0,0,0,0,0,0,0,0,0,51596
1,1,1,1,1127,-1535,-1804,31,43,-19,-11,40,75,0,0,0,0,0,0,0,0,0,0,0,0,0,0,0,0,0,0,0,0,0,0,51606
1,1,1,1,1105,-1529,-1835,1,56,19,-10,39,76,0,0,0,0,0,0,0,0,0,0,0,0,0,0,0,0,0,0,0,0,0,0,51616
1,1,1,1,1078,-1509,-1846,-4,66,46,-10,40,78,0,0,0,0,0,0,0,0,0,0,0,0,0,0,0,0,0,0,0,0,0,0,51626
1,1,1,1,1060,-1496,-1851,-30,69,57,-10,39,77,0,0,0,0,0,0,0,0,0,0,0,0,0,0,0,0,0,0,0,0,0,0,51636
1,1,1,1,1014,-1483,-1848,-72,69,79,-8,39,78,0,0,0,0,0,0,0,0,0,0,0,0,0,0,0,0,0,0,0,0,0,0,51646
1,1,1,1,992,-1475,-1850,-88,76,86,-9,39,76,0,0,0,0,0,0,0,0,0,0,0,0,0,0,0,0,0,0,0,0,0,0,51656
1,1,1,1,1035,-1474,-1846,-107,82,80,-11,39,77,0,0,0,0,0,0,0,0,0,0,0,0,0,0,0,0,0,0,0,0,0,0,51666
1,1,1,1,1062,-1473,-1811,-88,93,78,-10,38,76,0,0,0,0,0,0,0,0,0,0,0,0,0,0,0,0,0,0,0,0,0,0,51676
1,1,1,1,1079,-1494,-1838,-90,108,97,-12,39,79,0,0,0,0,0,0,0,0,0,0,0,0,0,0,0,0,0,0,0,0,0,0,51686
1,1,1,1,1085,-1508,-1835,-93,108,113,-12,38,78,0,0,0,0,0,0,0,0,0,0,0,0,0,0,0,0,0,0,0,0,0,0,51696
1,1,1,1,1091,-1509,-1842,-106,113,135,-14,39,78,0,0,0,0,0,0,0,0,0,0,0,0,0,0,0,0,0,0,0,0,0,0,51706
1,1,1,1,1080,-1492,-1859,-120,105,159,-14,41,80,0,0,0,0,0,0,0,0,0,0,0,0,0,0,0,0,0,0,0,0,0,0,51716
1,1,1,1,1072,-1463,-1864,-117,113,180,-15,40,80,0,0,0,0,0,0,0,0,0,0,0,0,0,0,0,0,0,0,0,0,0,0,51726
1,1,1,1,1076,-1425,-1868,-115,111,199,-12,39,81,0,0,0,0,0,0,0,0,0,0,0,0,0,0,0,0,0,0,0,0,0,0,51736
1,1,1,1,1070,-1413,-1884,-116,126,204,-14,38,80,0,0,0,0,0,0,0,0,0,0,0,0,0,0,0,0,0,0,0,0,0,0,51746
1,1,1,1,1058,-1397,-1896,-102,145,209,-10,38,78,0,0,0,0,0,0,0,0,0,0,0,0,0,0,0,0,0,0,0,0,0,0,51756
1,1,1,1,1044,-1380,-1884,-36,170,200,-9,38,76,0,0,0,0,0,0,0,0,0,0,0,0,0,0,0,0,0,0,0,0,0,0,51766
1,1,1,1,1062,-1360,-1877,21,182,204,-9,38,76,0,0,0,0,0,0,0,0,0,0,0,0,0,0,0,0,0,0,0,0,0,0,51776
1,1,1,1,1123,-1372,-1858,54,190,213,-9,38,77,0,0,0,0,0,0,0,0,0,0,0,0,0,0,0,0,0,0,0,0,0,0,51786
1,1,1,1,1155,-1374,-1831,83,193,215,-9,38,77,0,0,0,0,0,0,0,0,0,0,0,0,0,0,0,0,0,0,0,0,0,0,51796
1,1,1,1,1158,-1389,-1822,141,190,208,-9,37,73,0,0,0,0,0,0,0,0,0,0,0,0,0,0,0,0,0,0,0,0,0,0,51806
1,1,1,1,1172,-1412,-1798,180,170,198,-8,38,72,0,0,0,0,0,0,0,0,0,0,0,0,0,0,0,0,0,0,0,0,0,0,51816
1,1,1,1,1179,-1466,-1790,181,151,176,-6,38,70,0,0,0,0,0,0,0,0,0,0,0,0,0,0,0,0,0,0,0,0,0,0,51826
1,1,1,1,1153,-1469,-1759,187,119,175,-6,37,70,0,0,0,0,0,0,0,0,0,0,0,0,0,0,0,0,0,0,0,0,0,0,51836
1,1,1,1,1116,-1496,-1775,188,117,183,-9,38,67,0,0,0,0,0,0,0,0,0,0,0,0,0,0,0,0,0,0,0,0,0,0,51846
1,1,1,1,1102,-1490,-1762,153,112,202,-7,37,65,0,0,0,0,0,0,0,0,0,0,0,0,0,0,0,0,0,0,0,0,0,0,51856
1,1,1,1,1126,-1481,-1765,111,100,204,-7,37,65,0,0,0,0,0,0,0,0,0,0,0,0,0,0,0,0,0,0,0,0,0,0,51866
1,1,1,1,1145,-1455,-1731,143,86,175,-7,38,68,0,0,0,0,0,0,0,0,0,0,0,0,0,0,0,0,0,0,0,0,0,0,51876
1,1,1,1,1192,-1398,-1685,218,46,135,-8,37,68,0,0,0,0,0,0,0,0,0,0,0,0,0,0,0,0,0,0,0,0,0,0,51886
1,1,1,1,1195,-1422,-1757,232,29,90,-9,37,72,0,0,0,0,0,0,0,0,0,0,0,0,0,0,0,0,0,0,0,0,0,0,51896
1,1,1,1,1161,-1435,-1808,202,24,82,-12,37,72,0,0,0,0,0,0,0,0,0,0,0,0,0,0,0,0,0,0,0,0,0,0,51906
1,1,1,1,1165,-1472,-1820,188,40,96,-11,37,75,0,0,0,0,0,0,0,0,0,0,0,0,0,0,0,0,0,0,0,0,0,0,51916
1,1,1,1,1195,-1521,-1820,114,41,108,-10,38,74,0,0,0,0,0,0,0,0,0,0,0,0,0,0,0,0,0,0,0,0,0,0,51926
1,1,1,1,1199,-1534,-1833,66,44,107,-12,37,75,0,0,0,0,0,0,0,0,0,0,0,0,0,0,0,0,0,0,0,0,0,0,51936
1,1,1,1,1164,-1523,-1854,8,34,107,-12,38,73,0,0,0,0,0,0,0,0,0,0,0,0,0,0,0,0,0,0,0,0,0,0,51946
1,1,1,1,1155,-1499,-1891,-46,28,94,-12,37,74,0,0,0,0,0,0,0,0,0,0,0,0,0,0,0,0,0,0,0,0,0,0,51956
1,1,1,1,1182,-1437,-1846,-46,34,68,-13,37,70,0,0,0,0,0,0,0,0,0,0,0,0,0,0,0,0,0,0,0,0,0,0,51966
1,1,1,1,1225,-1380,-1811,7,26,37,-11,38,71,0,0,0,0,0,0,0,0,0,0,0,0,0,0,0,0,0,0,0,0,0,0,51976
1,1,1,1,1239,-1356,-1806,107,13,0,-9,36,70,0,0,0,0,0,0,0,0,0,0,0,0,0,0,0,0,0,0,0,0,0,0,51986
1,1,1,1,1239,-1371,-1785,212,8,-45,-9,37,74,0,0,0,0,0,0,0,0,0,0,0,0,0,0,0,0,0,0,0,0,0,0,51996
1,1,1,1,1199,-1430,-1806,307,0,-88,-11,36,70,0,0,0,0,0,0,0,0,0,0,0,0,0,0,0,0,0,0,0,0,0,0,52006
1,1,1,1,1127,-1475,-1814,360,4,-98,-10,38,74,0,0,0,0,0,0,0,0,0,0,0,0,0,0,0,0,0,0,0,0,0,0,52016
1,1,1,1,1093,-1524,-1800,357,5,-90,-9,37,71,0,0,0,0,0,0,0,0,0,0,0,0,0,0,0,0,0,0,0,0,0,0,52026
1,1,1,1,1058,-1562,-1781,341,9,-64,-9,37,70,0,0,0,0,0,0,0,0,0,0,0,0,0,0,0,0,0,0,0,0,0,0,52036
1,1,1,1,1036,-1584,-1760,333,14,-31,-10,37,70,0,0,0,0,0,0,0,0,0,0,0,0,0,0,0,0,0,0,0,0,0,0,52046
1,1,1,1,1043,-1605,-1759,303,25,4,-8,37,69,0,0,0,0,0,0,0,0,0,0,0,0,0,0,0,0,0,0,0,0,0,0,52056
1,1,1,1,1017,-1602,-1760,283,24,33,-7,37,68,0,0,0,0,0,0,0,0,0,0,0,0,0,0,0,0,0,0,0,0,0,0,52066
1,1,1,1,990,-1560,-1753,346,61,63,-3,37,67,0,0,0,0,0,0,0,0,0,0,0,0,0,0,0,0,0,0,0,0,0,0,52076
1,1,1,1,997,-1512,-1743,411,94,103,-5,37,67,0,0,0,0,0,0,0,0,0,0,0,0,0,0,0,0,0,0,0,0,0,0,52086
1,1,1,1,1050,-1530,-1730,489,115,160,-5,38,68,0,0,0,0,0,0,0,0,0,0,0,0,0,0,0,0,0,0,0,0,0,0,52096
1,1,1,1,1101,-1597,-1727,542,149,163,-6,38,69,0,0,0,0,0,0,0,0,0,0,0,0,0,0,0,0,0,0,0,0,0,0,52106
1,1,1,1,1131,-1618,-1671,580,176,177,-7,37,65,0,0,0,0,0,0,0,0,0,0,0,0,0,0,0,0,0,0,0,0,0,0,52116
1,1,1,1,1147,-1681,-1671,588,186,202,-4,37,65,0,0,0,0,0,0,0,0,0,0,0,0,0,0,0,0,0,0,0,0,0,0,52126
1,1,1,1,1142,-1722,-1680,534,200,253,-3,36,65,0,0,0,0,0,0,0,0,0,0,0,0,0,0,0,0,0,0,0,0,0,0,52136
1,1,1,1,1122,-1732,-1678,516,233,279,-3,37,63,0,0,0,0,0,0,0,0,0,0,0,0,0,0,0,0,0,0,0,0,0,0,52146
1,1,1,1,1129,-1656,-1660,566,262,347,2,37,59,0,0,0,0,0,0,0,0,0,0,0,0,0,0,0,0,0,0,0,0,0,0,52156
1,1,1,1,1165,-1567,-1611,757,267,400,0,38,61,0,0,0,0,0,0,0,0,0,0,0,0,0,0,0,0,0,0,0,0,0,0,52166
1,1,1,1,1263,-1559,-1597,950,289,346,1,38,63,0,0,0,0,0,0,0,0,0,0,0,0,0,0,0,0,0,0,0,0,0,0,52176
1,1,1,1,1313,-1575,-1601,1042,253,292,0,38,59,0,0,0,0,0,0,0,0,0,0,0,0,0,0,0,0,0,0,0,0,0,0,52186
1,1,1,1,1301,-1638,-1648,1069,233,226,-1,37,62,0,0,0,0,0,0,0,0,0,0,0,0,0,0,0,0,0,0,0,0,0,0,52196
1,1,1,1,1281,-1669,-1677,1012,208,219,-1,38,64,0,0,0,0,0,0,0,0,0,0,0,0,0,0,0,0,0,0,0,0,0,0,52206
1,1,1,1,1255,-1698,-1664,1062,199,188,-3,38,66,0,0,0,0,0,0,0,0,0,0,0,0,0,0,0,0,0,0,0,0,0,0,52216
1,1,1,1,1225,-1733,-1680,1064,159,181,-3,39,63,0,0,0,0,0,0,0,0,0,0,0,0,0,0,0,0,0,0,0,0,0,0,52226
1,1,1,1,1199,-1765,-1717,1002,135,188,-1,37,63,0,0,0,0,0,0,0,0,0,0,0,0,0,0,0,0,0,0,0,0,0,0,52236
1,1,1,1,1178,-1724,-1616,948,115,203,-1,38,62,0,0,0,0,0,0,0,0,0,0,0,0,0,0,0,0,0,0,0,0,0,0,52246
1,1,1,1,1226,-1750,-1549,858,110,211,-1,39,62,0,0,0,0,0,0,0,0,0,0,0,0,0,0,0,0,0,0,0,0,0,0,52256
1,1,1,1,1252,-1810,-1553,809,93,197,4,38,63,0,0,0,0,0,0,0,0,0,0,0,0,0,0,0,0,0,0,0,0,0,0,52266
1,1,1,1,1251,-1723,-1447,931,89,155,3,36,67,0,0,0,0,0,0,0,0,0,0,0,0,0,0,0,0,0,0,0,0,0,0,52276
1,1,1,1,1235,-1666,-1422,1155,116,106,-1,40,65,0,0,0,0,0,0,0,0,0,0,0,0,0,0,0,0,0,0,0,0,0,0,52286
1,1,1,1,1199,-1675,-1513,1270,128,102,0,39,68,0,0,0,0,0,0,0,0,0,0,0,0,0,0,0,0,0,0,0,0,0,0,52296
1,1,1,1,1158,-1701,-1538,1387,136,100,2,38,67,0,0,0,0,0,0,0,0,0,0,0,0,0,0,0,0,0,0,0,0,0,0,52306
1,1,1,1,1123,-1714,-1502,1490,133,86,3,38,68,0,0,0,0,0,0,0,0,0,0,0,0,0,0,0,0,0,0,0,0,0,0,52316
1,1,1,1,1133,-1754,-1441,1519,124,76,-1,39,66,0,0,0,0,0,0,0,0,0,0,0,0,0,0,0,0,0,0,0,0,0,0,52326
1,1,1,1,1155,-1778,-1360,1465,139,121,-4,40,70,0,0,0,0,0,0,0,0,0,0,0,0,0,0,0,0,0,0,0,0,0,0,52336
1,1,1,1,1173,-1962,-1346,1165,137,170,-4,41,74,0,0,0,0,0,0,0,0,0,0,0,0,0,0,0,0,0,0,0,0,0,0,52346
1,1,1,1,1152,-2093,-1318,896,72,181,-3,38,74,0,0,0,0,0,0,0,0,0,0,0,0,0,0,0,0,0,0,0,0,0,0,52356
1,1,1,1,1108,-2025,-1264,868,21,134,0,39,75,0,0,0,0,0,0,0,0,0,0,0,0,0,0,0,0,0,0,0,0,0,0,52366
1,1,1,1,1115,-1913,-1261,918,0,107,1,39,76,0,0,0,0,0,0,0,0,0,0,0,0,0,0,0,0,0,0,0,0,0,0,52376
1,1,1,1,1106,-1835,-1315,999,12,92,-1,39,78,0,0,0,0,0,0,0,0,0,0,0,0,0,0,0,0,0,0,0,0,0,0,52386
1,1,1,1,1131,-1776,-1301,1133,12,75,2,39,77,0,0,0,0,0,0,0,0,0,0,0,0,0,0,0,0,0,0,0,0,0,0,52396
1,1,1,1,1143,-1747,-1241,1338,7,37,0,40,80,0,0,0,0,0,0,0,0,0,0,0,0,0,0,0,0,0,0,0,0,0,0,52406
1,1,1,1,1148,-1844,-1250,1437,5,-19,-2,41,82,0,0,0,0,0,0,0,0,0,0,0,0,0,0,0,0,0,0,0,0,0,0,52416
1,1,1,1,1141,-2011,-1204,1294,-39,-53,-6,41,81,0,0,0,0,0,0,0,0,0,0,0,0,0,0,0,0,0,0,0,0,0,0,52426
1,1,1,1,1076,-2212,-1179,961,-104,-54,-8,41,83,0,0,0,0,0,0,0,0,0,0,0,0,0,0,0,0,0,0,0,0,0,0,52436
1,1,1,1,997,-2303,-1150,622,-168,-66,-9,42,84,0,0,0,0,0,0,0,0,0,0,0,0,0,0,0,0,0,0,0,0,0,0,52446
1,1,1,1,942,-2234,-1165,377,-188,-51,-8,42,87,0,0,0,0,0,0,0,0,0,0,0,0,0,0,0,0,0,0,0,0,0,0,52456
1,1,1,1,921,-2130,-1198,238,-174,-4,-8,42,87,0,0,0,0,0,0,0,0,0,0,0,0,0,0,0,0,0,0,0,0,0,0,52466
1,1,1,1,915,-2040,-1185,246,-164,4,-6,42,85,0,0,0,0,0,0,0,0,0,0,0,0,0,0,0,0,0,0,0,0,0,0,52476
1,1,1,1,981,-1916,-1166,424,-118,-10,-5,42,84,0,0,0,0,0,0,0,0,0,0,0,0,0,0,0,0,0,0,0,0,0,0,52486
1,1,1,1,1027,-1824,-1167,618,-90,-6,-5,41,85,0,0,0,0,0,0,0,0,0,0,0,0,0,0,0,0,0,0,0,0,0,0,52496
1,1,1,1,1057,-1887,-1207,702,-34,-2,-5,42,86,0,0,0,0,0,0,0,0,0,0,0,0,0,0,0,0,0,0,0,0,0,0,52506
1,1,1,1,1080,-1969,-1178,677,-23,-5,-6,43,84,0,0,0,0,0,0,0,0,0,0,0,0,0,0,0,0,0,0,0,0,0,0,52516
1,1,1,1,1150,-2076,-1139,564,-22,-8,-7,43,82,0,0,0,0,0,0,0,0,0,0,0,0,0,0,0,0,0,0,0,0,0,0,52526
1,1,1,1,1167,-2179,-1117,357,-26,2,-7,42,84,0,0,0,0,0,0,0,0,0,0,0,0,0,0,0,0,0,0,0,0,0,0,52536
1,1,1,1,1184,-2251,-1152,155,-32,8,-8,43,81,0,0,0,0,0,0,0,0,0,0,0,0,0,0,0,0,0,0,0,0,0,0,52546
1,1,1,1,1215,-2236,-1148,-135,-41,27,-7,42,79,0,0,0,0,0,0,0,0,0,0,0,0,0,0,0,0,0,0,0,0,0,0,52556
1,1,1,1,1232,-2137,-1109,-277,-43,54,-8,45,78,0,0,0,0,0,0,0,0,0,0,0,0,0,0,0,0,0,0,0,0,0,0,52566
1,1,1,1,1225,-1969,-1060,-172,-63,53,-2,40,78,0,0,0,0,0,0,0,0,0,0,0,0,0,0,0,0,0,0,0,0,0,0,52576
1,1,1,1,1301,-1855,-1075,59,-62,6,-5,40,78,0,0,0,0,0,0,0,0,0,0,0,0,0,0,0,0,0,0,0,0,0,0,52586
1,1,1,1,1294,-1896,-1097,133,-115,-12,-8,43,81,0,0,0,0,0,0,0,0,0,0,0,0,0,0,0,0,0,0,0,0,0,0,52596
1,1,1,1,1122,-1955,-1133,182,-117,6,-9,44,84,0,0,0,0,0,0,0,0,0,0,0,0,0,0,0,0,0,0,0,0,0,0,52606
1,1,1,1,969,-2053,-1174,168,-53,19,-11,44,83,0,0,0,0,0,0,0,0,0,0,0,0,0,0,0,0,0,0,0,0,0,0,52616
1,1,1,1,921,-2136,-1134,71,-40,3,-9,42,85,0,0,0,0,0,0,0,0,0,0,0,0,0,0,0,0,0,0,0,0,0,0,52626
1,1,1,1,939,-2131,-1082,4,-33,-25,-6,41,83,0,0,0,0,0,0,0,0,0,0,0,0,0,0,0,0,0,0,0,0,0,0,52636
1,1,1,1,953,-2082,-1055,-105,-65,-2,-11,41,85,0,0,0,0,0,0,0,0,0,0,0,0,0,0,0,0,0,0,0,0,0,0,52646
1,1,1,1,892,-2075,-1120,-185,-39,27,-12,42,83,0,0,0,0,0,0,0,0,0,0,0,0,0,0,0,0,0,0,0,0,0,0,52656
1,1,1,1,885,-2047,-1118,-210,-10,17,-11,44,86,0,0,0,0,0,0,0,0,0,0,0,0,0,0,0,0,0,0,0,0,0,0,52666
1,1,1,1,932,-1993,-1089,-175,10,8,-7,41,86,0,0,0,0,0,0,0,0,0,0,0,0,0,0,0,0,0,0,0,0,0,0,52676
1,1,1,1,963,-1945,-1079,-70,22,-14,-9,42,87,0,0,0,0,0,0,0,0,0,0,0,0,0,0,0,0,0,0,0,0,0,0,52686
1,1,1,1,949,-1920,-1094,13,28,-29,-8,41,89,0,0,0,0,0,0,0,0,0,0,0,0,0,0,0,0,0,0,0,0,0,0,52696
1,1,1,1,937,-1968,-1146,53,59,-39,-9,42,88,0,0,0,0,0,0,0,0,0,0,0,0,0,0,0,0,0,0,0,0,0,0,52706
1,1,1,1,968,-2023,-1120,30,74,-58,-10,41,88,0,0,0,0,0,0,0,0,0,0,0,0,0,0,0,0,0,0,0,0,0,0,52716
1,1,1,1,975,-2074,-1101,-10,76,-87,-15,41,93,0,0,0,0,0,0,0,0,0,0,0,0,0,0,0,0,0,0,0,0,0,0,52726
1,1,1,1,964,-2112,-1106,-62,86,-101,-16,40,91,0,0,0,0,0,0,0,0,0,0,0,0,0,0,0,0,0,0,0,0,0,0,52736
1,1,1,1,936,-2109,-1105,-101,88,-114,-18,41,95,0,0,0,0,0,0,0,0,0,0,0,0,0,0,0,0,0,0,0,0,0,0,52746
1,1,1,1,915,-2112,-1123,-153,94,-125,-16,41,94,0,0,0,0,0,0,0,0,0,0,0,0,0,0,0,0,0,0,0,0,0,0,52756
1,1,1,1,910,-2079,-1113,-183,106,-119,-18,42,95,0,0,0,0,0,0,0,0,0,0,0,0,0,0,0,0,0,0,0,0,0,0,52766
1,1,1,1,916,-2011,-1111,-139,135,-107,-15,40,93,0,0,0,0,0,0,0,0,0,0,0,0,0,0,0,0,0,0,0,0,0,0,52776
1,1,1,1,932,-1971,-1130,-70,159,-108,-18,40,93,0,0,0,0,0,0,0,0,0,0,0,0,0,0,0,0,0,0,0,0,0,0,52786
1,1,1,1,960,-1949,-1132,2,185,-90,-20,40,95,0,0,0,0,0,0,0,0,0,0,0,0,0,0,0,0,0,0,0,0,0,0,52796
1,1,1,1,1002,-1991,-1112,28,178,-87,-21,41,94,0,0,0,0,0,0,0,0,0,0,0,0,0,0,0,0,0,0,0,0,0,0,52806
1,1,1,1,1010,-2019,-1103,10,154,-69,-17,40,90,0,0,0,0,0,0,0,0,0,0,0,0,0,0,0,0,0,0,0,0,0,0,52816
1,1,1,1,1029,-2050,-1086,-52,116,-36,-19,40,86,0,0,0,0,0,0,0,0,0,0,0,0,0,0,0,0,0,0,0,0,0,0,52826
1,1,1,1,1047,-2015,-1125,-151,136,51,-16,40,82,0,0,0,0,0,0,0,0,0,0,0,0,0,0,0,0,0,0,0,0,0,0,52836
1,1,1,1,1077,-2008,-1127,-187,163,114,-16,39,79,0,0,0,0,0,0,0,0,0,0,0,0,0,0,0,0,0,0,0,0,0,0,52846
1,1,1,1,1159,-1994,-1118,-246,157,167,-13,39,77,0,0,0,0,0,0,0,0,0,0,0,0,0,0,0,0,0,0,0,0,0,0,52856
1,1,1,1,1238,-1964,-1117,-284,166,234,-13,39,75,0,0,0,0,0,0,0,0,0,0,0,0,0,0,0,0,0,0,0,0,0,0,52866
1,1,1,1,1374,-1942,-1104,-260,208,278,-12,38,74,0,0,0,0,0,0,0,0,0,0,0,0,0,0,0,0,0,0,0,0,0,0,52876
1,1,1,1,1470,-1952,-1057,-128,210,237,-14,42,78,0,0,0,0,0,0,0,0,0,0,0,0,0,0,0,0,0,0,0,0,0,0,52886
1,1,1,1,1547,-2024,-1056,-26,184,97,-12,39,76,0,0,0,0,0,0,0,0,0,0,0,0,0,0,0,0,0,0,0,0,0,0,52896
1,1,1,1,1562,-2051,-1097,24,125,4,-16,38,77,0,0,0,0,0,0,0,0,0,0,0,0,0,0,0,0,0,0,0,0,0,0,52906
1,1,1,1,1563,-2063,-1157,-2,128,3,-15,37,79,0,0,0,0,0,0,0,0,0,0,0,0,0,0,0,0,0,0,0,0,0,0,52916
1,1,1,1,1494,-2117,-1218,-47,160,-11,-18,39,83,0,0,0,0,0,0,0,0,0,0,0,0,0,0,0,0,0,0,0,0,0,0,52926
1,1,1,1,1469,-2153,-1226,-155,138,-34,-19,40,83,0,0,0,0,0,0,0,0,0,0,0,0,0,0,0,0,0,0,0,0,0,0,52936
1,1,1,1,1453,-2112,-1212,-265,136,-49,-18,40,83,0,0,0,0,0,0,0,0,0,0,0,0,0,0,0,0,0,0,0,0,0,0,52946
1,1,1,1,1461,-2028,-1165,-301,99,-49,-15,41,86,0,0,0,0,0,0,0,0,0,0,0,0,0,0,0,0,0,0,0,0,0,0,52956
1,1,1,1,1465,-1936,-1106,-220,48,-72,-16,43,89,0,0,0,0,0,0,0,0,0,0,0,0,0,0,0,0,0,0,0,0,0,0,52966
1,1,1,1,1437,-1900,-1075,-104,-69,-131,-15,43,91,0,0,0,0,0,0,0,0,0,0,0,0,0,0,0,0,0,0,0,0,0,0,52976
1,1,1,1,1431,-1930,-1044,-48,-230,-180,-17,44,95,0,0,0,0,0,0,0,0,0,0,0,0,0,0,0,0,0,0,0,0,0,0,52986
1,1,1,1,1389,-1962,-1027,-58,-363,-184,-19,44,97,0,0,0,0,0,0,0,0,0,0,0,0,0,0,0,0,0,0,0,0,0,0,52996
1,1,1,1,1313,-1957,-1061,-84,-514,-153,-18,43,95,0,0,0,0,0,0,0,0,0,0,0,0,0,0,0,0,0,0,0,0,0,0,53006
1,1,1,1,1112,-1854,-1236,-123,-463,16,-22,43,97,0,0,0,0,0,0,0,0,0,0,0,0,0,0,0,0,0,0,0,0,0,0,53016
1,1,1,1,852,-1886,-1410,-141,-223,209,-22,43,98,0,0,0,0,0,0,0,0,0,0,0,0,0,0,0,0,0,0,0,0,0,0,53026
1,1,1,1,722,-1964,-1392,-155,1,312,-22,44,96,0,0,0,0,0,0,0,0,0,0,0,0,0,0,0,0,0,0,0,0,0,0,53036
1,1,1,1,747,-2047,-1231,-164,61,327,-20,45,94,0,0,0,0,0,0,0,0,0,0,0,0,0,0,0,0,0,0,0,0,0,0,53046
1,1,1,1,760,-2117,-1172,-208,17,257,-17,44,91,0,0,0,0,0,0,0,0,0,0,0,0,0,0,0,0,0,0,0,0,0,0,53056
1,1,1,1,764,-2096,-1196,-227,53,170,-17,44,88,0,0,0,0,0,0,0,0,0,0,0,0,0,0,0,0,0,0,0,0,0,0,53066
1,1,1,1,800,-2010,-1154,-253,30,154,-16,43,86,0,0,0,0,0,0,0,0,0,0,0,0,0,0,0,0,0,0,0,0,0,0,53076
1,1,1,1,882,-1979,-1201,-232,71,149,-15,44,84,0,0,0,0,0,0,0,0,0,0,0,0,0,0,0,0,0,0,0,0,0,0,53086
1,1,1,1,960,-1979,-1193,-249,102,163,-12,44,81,0,0,0,0,0,0,0,0,0,0,0,0,0,0,0,0,0,0,0,0,0,0,53096
1,1,1,1,1075,-2041,-1199,-302,106,156,-11,44,81,0,0,0,0,0,0,0,0,0,0,0,0,0,0,0,0,0,0,0,0,0,0,53106
1,1,1,1,1156,-2059,-1191,-359,112,121,-9,43,79,0,0,0,0,0,0,0,0,0,0,0,0,0,0,0,0,0,0,0,0,0,0,53116
1,1,1,1,1208,-1988,-1181,-360,106,88,-6,43,76,0,0,0,0,0,0,0,0,0,0,0,0,0,0,0,0,0,0,0,0,0,0,53126
1,1,1,1,1238,-1907,-1187,-263,123,34,-3,43,77,0,0,0,0,0,0,0,0,0,0,0,0,0,0,0,0,0,0,0,0,0,0,53136
1,1,1,1,1263,-1798,-1152,-115,130,-17,-3,43,77,0,0,0,0,0,0,0,0,0,0,0,0,0,0,0,0,0,0,0,0,0,0,53146
1,1,1,1,1233,-1772,-1165,140,112,-99,-3,43,80,0,0,0,0,0,0,0,0,0,0,0,0,0,0,0,0,0,0,0,0,0,0,53156
1,1,1,1,1109,-1813,-1234,287,95,-147,-6,43,82,0,0,0,0,0,0,0,0,0,0,0,0,0,0,0,0,0,0,0,0,0,0,53166
1,1,1,1,1028,-1904,-1278,331,119,-159,-5,44,83,0,0,0,0,0,0,0,0,0,0,0,0,0,0,0,0,0,0,0,0,0,0,53176
1,1,1,1,1011,-1975,-1220,252,81,-143,-6,44,84,0,0,0,0,0,0,0,0,0,0,0,0,0,0,0,0,0,0,0,0,0,0,53186
1,1,1,1,1015,-2046,-1248,147,67,-118,-5,43,82,0,0,0,0,0,0,0,0,0,0,0,0,0,0,0,0,0,0,0,0,0,0,53196
1,1,1,1,1047,-2044,-1206,69,61,-119,-6,42,82,0,0,0,0,0,0,0,0,0,0,0,0,0,0,0,0,0,0,0,0,0,0,53206
1,1,1,1,1056,-2019,-1208,65,54,-114,-5,41,82,0,0,0,0,0,0,0,0,0,0,0,0,0,0,0,0,0,0,0,0,0,0,53216
1,1,1,1,1076,-1983,-1178,82,44,-98,-5,43,82,0,0,0,0,0,0,0,0,0,0,0,0,0,0,0,0,0,0,0,0,0,0,53226
1,1,1,1,1087,-1961,-1154,153,44,-102,-6,46,85,0,0,0,0,0,0,0,0,0,0,0,0,0,0,0,0,0,0,0,0,0,0,53236
1,1,1,1,1039,-1991,-1168,214,55,-92,-6,44,82,0,0,0,0,0,0,0,0,0,0,0,0,0,0,0,0,0,0,0,0,0,0,53246
1,1,1,1,1002,-2001,-1165,251,90,-81,-5,44,82,0,0,0,0,0,0,0,0,0,0,0,0,0,0,0,0,0,0,0,0,0,0,53256
1,1,1,1,1001,-2032,-1155,277,120,-65,-3,43,80,0,0,0,0,0,0,0,0,0,0,0,0,0,0,0,0,0,0,0,0,0,0,53266
1,1,1,1,998,-2048,-1122,263,124,-47,-2,43,80,0,0,0,0,0,0,0,0,0,0,0,0,0,0,0,0,0,0,0,0,0,0,53276
1,1,1,1,1006,-2074,-1135,217,124,-29,-1,43,79,0,0,0,0,0,0,0,0,0,0,0,0,0,0,0,0,0,0,0,0,0,0,53286
1,1,1,1,1008,-2077,-1133,158,118,-11,-4,43,79,0,0,0,0,0,0,0,0,0,0,0,0,0,0,0,0,0,0,0,0,0,0,53296
1,1,1,1,1041,-2090,-1138,42,110,19,-5,43,80,0,0,0,0,0,0,0,0,0,0,0,0,0,0,0,0,0,0,0,0,0,0,53306
1,1,1,1,1058,-2054,-1131,-1,118,10,-6,42,82,0,0,0,0,0,0,0,0,0,0,0,0,0,0,0,0,0,0,0,0,0,0,53316
1,1,1,1,1051,-2013,-1151,-10,139,14,-7,42,82,0,0,0,0,0,0,0,0,0,0,0,0,0,0,0,0,0,0,0,0,0,0,53326
1,1,1,1,1027,-2007,-1151,-12,156,18,-4,42,84,0,0,0,0,0,0,0,0,0,0,0,0,0,0,0,0,0,0,0,0,0,0,53336
1,1,1,1,1022,-2017,-1132,34,192,11,-5,42,81,0,0,0,0,0,0,0,0,0,0,0,0,0,0,0,0,0,0,0,0,0,0,53346
1,1,1,1,1025,-2041,-1127,54,225,12,-5,41,82,0,0,0,0,0,0,0,0,0,0,0,0,0,0,0,0,0,0,0,0,0,0,53356
1,1,1,1,1003,-2052,-1142,44,254,18,-5,41,80,0,0,0,0,0,0,0,0,0,0,0,0,0,0,0,0,0,0,0,0,0,0,53366
1,1,1,1,974,-2061,-1156,21,285,31,-7,41,77,0,0,0,0,0,0,0,0,0,0,0,0,0,0,0,0,0,0,0,0,0,0,53376
1,1,1,1,964,-2055,-1149,-55,322,72,-8,40,75,0,0,0,0,0,0,0,0,0,0,0,0,0,0,0,0,0,0,0,0,0,0,53386
1,1,1,1,972,-2047,-1139,-141,361,121,-9,41,74,0,0,0,0,0,0,0,0,0,0,0,0,0,0,0,0,0,0,0,0,0,0,53396
1,1,1,1,987,-2031,-1109,-141,422,158,-9,40,76,0,0,0,0,0,0,0,0,0,0,0,0,0,0,0,0,0,0,0,0,0,0,53406
1,1,1,1,1036,-1991,-1073,-135,466,202,-6,39,77,0,0,0,0,0,0,0,0,0,0,0,0,0,0,0,0,0,0,0,0,0,0,53416
1,1,1,1,1073,-1993,-1066,-108,504,228,-10,40,71,0,0,0,0,0,0,0,0,0,0,0,0,0,0,0,0,0,0,0,0,0,0,53426
1,1,1,1,1118,-1974,-1027,-47,546,264,-7,39,70,0,0,0,0,0,0,0,0,0,0,0,0,0,0,0,0,0,0,0,0,0,0,53436
1,1,1,1,1154,-2004,-1023,-40,568,290,-10,40,69,0,0,0,0,0,0,0,0,0,0,0,0,0,0,0,0,0,0,0,0,0,0,53446
1,1,1,1,1144,-2037,-1029,-71,594,326,-9,39,68,0,0,0,0,0,0,0,0,0,0,0,0,0,0,0,0,0,0,0,0,0,0,53456
1,1,1,1,1118,-2071,-1019,-100,613,339,-10,39,70,0,0,0,0,0,0,0,0,0,0,0,0,0,0,0,0,0,0,0,0,0,0,53466
1,1,1,1,1121,-2117,-998,-115,588,318,-12,41,71,0,0,0,0,0,0,0,0,0,0,0,0,0,0,0,0,0,0,0,0,0,0,53476
1,1,1,1,1050,-2171,-1007,-228,578,326,-14,37,66,0,0,0,0,0,0,0,0,0,0,0,0,0,0,0,0,0,0,0,0,0,0,53486
1,1,1,1,1002,-2157,-1083,-410,647,427,-13,38,62,0,0,0,0,0,0,0,0,0,0,0,0,0,0,0,0,0,0,0,0,0,0,53496
1,1,1,1,1049,-2134,-1107,-536,713,544,-9,40,59,0,0,0,0,0,0,0,0,0,0,0,0,0,0,0,0,0,0,0,0,0,0,53506
1,1,1,1,1195,-2152,-981,-598,661,537,-7,38,57,0,0,0,0,0,0,0,0,0,0,0,0,0,0,0,0,0,0,0,0,0,0,53516
1,1,1,1,1309,-2253,-953,-754,600,419,-11,39,58,0,0,0,0,0,0,0,0,0,0,0,0,0,0,0,0,0,0,0,0,0,0,53526
1,1,1,1,1278,-2220,-1029,-949,626,400,-9,38,54,0,0,0,0,0,0,0,0,0,0,0,0,0,0,0,0,0,0,0,0,0,0,53536
1,1,1,1,1200,-2149,-1062,-1085,682,541,-10,38,55,0,0,0,0,0,0,0,0,0,0,0,0,0,0,0,0,0,0,0,0,0,0,53546
1,1,1,1,1158,-2185,-1112,-1270,728,665,-11,38,54,0,0,0,0,0,0,0,0,0,0,0,0,0,0,0,0,0,0,0,0,0,0,53556
1,1,1,1,1165,-2287,-1149,-1534,771,691,-12,39,48,0,0,0,0,0,0,0,0,0,0,0,0,0,0,0,0,0,0,0,0,0,0,53566
1,1,1,1,1089,-2293,-1172,-1886,748,747,-10,34,46,0,0,0,0,0,0,0,0,0,0,0,0,0,0,0,0,0,0,0,0,0,0,53576
1,1,1,1,1029,-2333,-1308,-2170,784,735,-10,32,38,0,0,0,0,0,0,0,0,0,0,0,0,0,0,0,0,0,0,0,0,0,0,53586
1,1,1,1,993,-2169,-1350,-2370,798,848,-7,31,33,0,0,0,0,0,0,0,0,0,0,0,0,0,0,0,0,0,0,0,0,0,0,53596
1,1,1,1,1006,-1953,-1338,-2391,842,1048,-7,30,31,0,0,0,0,0,0,0,0,0,0,0,0,0,0,0,0,0,0,0,0,0,0,53606
1,1,1,1,1083,-1811,-1350,-2069,976,1041,-6,28,26,0,0,0,0,0,0,0,0,0,0,0,0,0,0,0,0,0,0,0,0,0,0,53616
1,1,1,1,1198,-1667,-1289,-1849,1011,1131,-8,28,22,0,0,0,0,0,0,0,0,0,0,0,0,0,0,0,0,0,0,0,0,0,0,53626
1,1,1,1,1276,-1692,-1248,-1816,830,1311,-4,27,24,0,0,0,0,0,0,0,0,0,0,0,0,0,0,0,0,0,0,0,0,0,0,53636
1,1,1,1,1310,-1870,-1308,-1744,712,1236,-6,26,23,0,0,0,0,0,0,0,0,0,0,0,0,0,0,0,0,0,0,0,0,0,0,53646
1,1,1,1,1314,-1892,-1372,-1767,689,1137,-7,27,19,0,0,0,0,0,0,0,0,0,0,0,0,0,0,0,0,0,0,0,0,0,0,53656
1,1,1,1,1240,-1856,-1406,-1851,560,1194,-7,27,22,0,0,0,0,0,0,0,0,0,0,0,0,0,0,0,0,0,0,0,0,0,0,53666
1,1,1,1,1224,-1868,-1443,-1885,442,1211,-5,25,17,0,0,0,0,0,0,0,0,0,0,0,0,0,0,0,0,0,0,0,0,0,0,53676
1,1,1,1,1270,-1866,-1451,-1911,352,1162,-3,27,26,0,0,0,0,0,0,0,0,0,0,0,0,0,0,0,0,0,0,0,0,0,0,53686
1,1,1,1,1325,-1945,-1424,-1692,224,863,-1,27,24,0,0,0,0,0,0,0,0,0,0,0,0,0,0,0,0,0,0,0,0,0,0,53696
1,1,1,1,1465,-1885,-1277,-1338,21,398,-1,27,27,0,0,0,0,0,0,0,0,0,0,0,0,0,0,0,0,0,0,0,0,0,0,53706
1,1,1,1,1455,-1769,-1285,-1065,-143,23,-1,27,29,0,0,0,0,0,0,0,0,0,0,0,0,0,0,0,0,0,0,0,0,0,0,53716
1,1,1,1,1336,-1702,-1426,-909,-181,-148,0,25,27,0,0,0,0,0,0,0,0,0,0,0,0,0,0,0,0,0,0,0,0,0,0,53726
1,1,1,1,1184,-1700,-1513,-822,-218,-153,-4,25,28,0,0,0,0,0,0,0,0,0,0,0,0,0,0,0,0,0,0,0,0,0,0,53736
1,1,1,1,1034,-1768,-1621,-853,-236,-108,-4,26,26,0,0,0,0,0,0,0,0,0,0,0,0,0,0,0,0,0,0,0,0,0,0,53746
1,1,1,1,951,-1810,-1708,-1007,-271,7,-5,26,26,0,0,0,0,0,0,0,0,0,0,0,0,0,0,0,0,0,0,0,0,0,0,53756
1,1,1,1,961,-1870,-1736,-1270,-325,136,-8,26,20,0,0,0,0,0,0,0,0,0,0,0,0,0,0,0,0,0,0,0,0,0,0,53766
1,1,1,1,1001,-1844,-1716,-1653,-357,288,-8,24,19,0,0,0,0,0,0,0,0,0,0,0,0,0,0,0,0,0,0,0,0,0,0,53776
1,1,1,1,955,-1674,-1714,-1766,-327,461,-7,23,19,0,0,0,0,0,0,0,0,0,0,0,0,0,0,0,0,0,0,0,0,0,0,53786
1,1,1,1,957,-1572,-1706,-1598,-223,525,-3,22,22,0,0,0,0,0,0,0,0,0,0,0,0,0,0,0,0,0,0,0,0,0,0,53796
1,1,1,1,992,-1506,-1608,-1374,-178,532,-5,24,21,0,0,0,0,0,0,0,0,0,0,0,0,0,0,0,0,0,0,0,0,0,0,53806
1,1,1,1,921,-1620,-1604,-1285,-228,444,-22,24,20,0,0,0,0,0,0,0,0,0,0,0,0,0,0,0,0,0,0,0,0,0,0,53816
1,1,1,1,533,-1932,-2077,-2336,-264,374,-11,25,26,0,0,0,0,0,0,0,0,0,0,0,0,0,0,0,0,0,0,0,0,0,0,53826
1,1,1,1,722,-1831,-2059,-2232,-144,409,-8,23,22,0,0,0,0,0,0,0,0,0,0,0,0,0,0,0,0,0,0,0,0,0,0,53836
1,1,1,1,738,-1839,-1752,-1929,17,265,-7,23,27,0,0,0,0,0,0,0,0,0,0,0,0,0,0,0,0,0,0,0,0,0,0,53846
1,1,1,1,741,-1806,-1687,-1816,45,58,-5,24,24,0,0,0,0,0,0,0,0,0,0,0,0,0,0,0,0,0,0,0,0,0,0,53856
1,1,1,1,765,-1741,-1739,-1686,-28,-16,-7,24,24,0,0,0,0,0,0,0,0,0,0,0,0,0,0,0,0,0,0,0,0,0,0,53866
1,1,1,1,736,-1648,-1835,-1835,-102,5,-6,23,22,0,0,0,0,0,0,0,0,0,0,0,0,0,0,0,0,0,0,0,0,0,0,53876
1,1,1,1,690,-1551,-1849,-1746,-100,52,-2,23,23,0,0,0,0,0,0,0,0,0,0,0,0,0,0,0,0,0,0,0,0,0,0,53886
1,1,1,1,655,-1473,-1866,-1360,-35,104,0,22,19,0,0,0,0,0,0,0,0,0,0,0,0,0,0,0,0,0,0,0,0,0,0,53896
1,1,1,1,671,-1470,-1907,-1203,25,162,-3,22,21,0,0,0,0,0,0,0,0,0,0,0,0,0,0,0,0,0,0,0,0,0,0,53906
1,1,1,1,720,-1442,-1948,-1239,88,314,-5,22,15,0,0,0,0,0,0,0,0,0,0,0,0,0,0,0,0,0,0,0,0,0,0,53916
1,1,1,1,737,-1363,-1951,-1355,103,556,-8,22,13,0,0,0,0,0,0,0,0,0,0,0,0,0,0,0,0,0,0,0,0,0,0,53926
1,1,1,1,757,-1332,-1955,-1445,58,787,-9,22,12,0,0,0,0,0,0,0,0,0,0,0,0,0,0,0,0,0,0,0,0,0,0,53936
1,1,1,1,765,-1308,-2012,-1640,12,1034,-10,21,22,0,0,0,0,0,0,0,0,0,0,0,0,0,0,0,0,0,0,0,0,0,0,53946
1,1,1,1,697,-1572,-2137,-1700,153,932,2,26,37,0,0,0,0,0,0,0,0,0,0,0,0,0,0,0,0,0,0,0,0,0,0,53956
1,1,1,1,843,-1919,-2018,-1105,264,69,-1,27,24,0,0,0,0,0,0,0,0,0,0,0,0,0,0,0,0,0,0,0,0,0,0,53966
1,1,1,1,988,-1684,-1545,-929,-309,-316,-3,24,20,0,0,0,0,0,0,0,0,0,0,0,0,0,0,0,0,0,0,0,0,0,0,53976
1,1,1,1,860,-1435,-1980,-1172,-318,-234,1,23,16,0,0,0,0,0,0,0,0,0,0,0,0,0,0,0,0,0,0,0,0,0,0,53986
1,1,1,1,756,-1192,-2063,-781,-48,72,2,23,17,0,0,0,0,0,0,0,0,0,0,0,0,0,0,0,0,0,0,0,0,0,0,53996
1,1,1,1,770,-1189,-2004,-344,125,226,3,24,24,0,0,0,0,0,0,0,0,0,0,0,0,0,0,0,0,0,0,0,0,0,0,54006
1,1,1,1,905,-1337,-1999,-103,140,108,3,25,24,0,0,0,0,0,0,0,0,0,0,0,0,0,0,0,0,0,0,0,0,0,0,54016
1,1,1,1,980,-1382,-1983,-95,64,-22,3,25,21,0,0,0,0,0,0,0,0,0,0,0,0,0,0,0,0,0,0,0,0,0,0,54026
1,1,1,1,981,-1394,-2060,-248,63,-30,4,25,23,0,0,0,0,0,0,0,0,0,0,0,0,0,0,0,0,0,0,0,0,0,0,54036
1,1,1,1,965,-1458,-2099,-384,82,18,4,25,25,0,0,0,0,0,0,0,0,0,0,0,0,0,0,0,0,0,0,0,0,0,0,54046
1,1,1,1,973,-1514,-2109,-511,72,17,3,26,23,0,0,0,0,0,0,0,0,0,0,0,0,0,0,0,0,0,0,0,0,0,0,54056
1,1,1,1,948,-1471,-2100,-693,55,-16,3,26,25,0,0,0,0,0,0,0,0,0,0,0,0,0,0,0,0,0,0,0,0,0,0,54066
1,1,1,1,897,-1368,-2081,-779,75,-27,2,28,25,0,0,0,0,0,0,0,0,0,0,0,0,0,0,0,0,0,0,0,0,0,0,54076
1,1,1,1,853,-1263,-2045,-713,114,-4,4,24,26,0,0,0,0,0,0,0,0,0,0,0,0,0,0,0,0,0,0,0,0,0,0,54086
1,1,1,1,828,-1225,-2070,-542,146,2,6,24,25,0,0,0,0,0,0,0,0,0,0,0,0,0,0,0,0,0,0,0,0,0,0,54096
1,1,1,1,844,-1200,-2117,-518,146,9,1,26,27,0,0,0,0,0,0,0,0,0,0,0,0,0,0,0,0,0,0,0,0,0,0,54106
1,1,1,1,836,-1224,-2185,-655,121,11,1,25,23,0,0,0,0,0,0,0,0,0,0,0,0,0,0,0,0,0,0,0,0,0,0,54116
1,1,1,1,837,-1238,-2150,-771,98,-21,0,28,28,0,0,0,0,0,0,0,0,0,0,0,0,0,0,0,0,0,0,0,0,0,0,54126
1,1,1,1,827,-1267,-2083,-790,72,-37,0,29,29,0,0,0,0,0,0,0,0,0,0,0,0,0,0,0,0,0,0,0,0,0,0,54136
1,1,1,1,823,-1290,-2127,-743,58,-57,1,27,29,0,0,0,0,0,0,0,0,0,0,0,0,0,0,0,0,0,0,0,0,0,0,54146
1,1,1,1,815,-1269,-2117,-740,36,-68,1,27,29,0,0,0,0,0,0,0,0,0,0,0,0,0,0,0,0,0,0,0,0,0,0,54156
1,1,1,1,835,-1223,-2118,-771,49,-34,2,26,28,0,0,0,0,0,0,0,0,0,0,0,0,0,0,0,0,0,0,0,0,0,0,54166
1,1,1,1,878,-1175,-2118,-772,29,-3,3,26,31,0,0,0,0,0,0,0,0,0,0,0,0,0,0,0,0,0,0,0,0,0,0,54176
1,1,1,1,848,-1168,-2112,-644,4,-39,1,27,32,0,0,0,0,0,0,0,0,0,0,0,0,0,0,0,0,0,0,0,0,0,0,54186
1,1,1,1,800,-1110,-2116,-583,28,-55,4,26,31,0,0,0,0,0,0,0,0,0,0,0,0,0,0,0,0,0,0,0,0,0,0,54196
1,1,1,1,793,-1058,-2152,-555,81,-58,6,27,30,0,0,0,0,0,0,0,0,0,0,0,0,0,0,0,0,0,0,0,0,0,0,54206
1,1,1,1,777,-1067,-2157,-270,117,-60,5,27,33,0,0,0,0,0,0,0,0,0,0,0,0,0,0,0,0,0,0,0,0,0,0,54216
1,1,1,1,786,-1085,-2134,-86,153,-83,4,27,32,0,0,0,0,0,0,0,0,0,0,0,0,0,0,0,0,0,0,0,0,0,0,54226
1,1,1,1,886,-1108,-2170,-114,161,-111,0,28,32,0,0,0,0,0,0,0,0,0,0,0,0,0,0,0,0,0,0,0,0,0,0,54236
1,1,1,1,924,-1198,-2204,-274,107,-133,0,27,32,0,0,0,0,0,0,0,0,0,0,0,0,0,0,0,0,0,0,0,0,0,0,54246
1,1,1,1,877,-1221,-2204,-348,47,-151,1,27,33,0,0,0,0,0,0,0,0,0,0,0,0,0,0,0,0,0,0,0,0,0,0,54256
1,1,1,1,872,-1210,-2186,-390,21,-144,-1,27,33,0,0,0,0,0,0,0,0,0,0,0,0,0,0,0,0,0,0,0,0,0,0,54266
1,1,1,1,868,-1153,-2175,-346,24,-117,2,29,31,0,0,0,0,0,0,0,0,0,0,0,0,0,0,0,0,0,0,0,0,0,0,54276
1,1,1,1,872,-1103,-2157,-259,21,-98,1,28,32,0,0,0,0,0,0,0,0,0,0,0,0,0,0,0,0,0,0,0,0,0,0,54286
1,1,1,1,875,-1104,-2174,-183,36,-103,1,28,32,0,0,0,0,0,0,0,0,0,0,0,0,0,0,0,0,0,0,0,0,0,0,54296
1,1,1,1,852,-1092,-2204,-161,91,-90,0,29,34,0,0,0,0,0,0,0,0,0,0,0,0,0,0,0,0,0,0,0,0,0,0,54306
1,1,1,1,863,-1076,-2218,-149,125,-85,1,28,33,0,0,0,0,0,0,0,0,0,0,0,0,0,0,0,0,0,0,0,0,0,0,54316
1,1,1,1,891,-1113,-2210,-191,115,-101,-3,28,33,0,0,0,0,0,0,0,0,0,0,0,0,0,0,0,0,0,0,0,0,0,0,54326
1,1,1,1,914,-1228,-2179,-429,121,-116,2,28,29,0,0,0,0,0,0,0,0,0,0,0,0,0,0,0,0,0,0,0,0,0,0,54336
1,1,1,1,964,-1175,-2198,-561,113,-99,-1,29,32,0,0,0,0,0,0,0,0,0,0,0,0,0,0,0,0,0,0,0,0,0,0,54346
1,1,1,1,995,-1067,-2210,-570,61,-103,1,28,34,0,0,0,0,0,0,0,0,0,0,0,0,0,0,0,0,0,0,0,0,0,0,54356
1,1,1,1,938,-1086,-2170,-569,13,-124,3,27,32,0,0,0,0,0,0,0,0,0,0,0,0,0,0,0,0,0,0,0,0,0,0,54366
1,1,1,1,864,-1015,-2146,-384,55,-104,5,27,33,0,0,0,0,0,0,0,0,0,0,0,0,0,0,0,0,0,0,0,0,0,0,54376
1,1,1,1,832,-958,-2175,-182,118,-85,3,25,30,0,0,0,0,0,0,0,0,0,0,0,0,0,0,0,0,0,0,0,0,0,0,54386
1,1,1,1,867,-946,-2185,-55,130,-89,0,28,33,0,0,0,0,0,0,0,0,0,0,0,0,0,0,0,0,0,0,0,0,0,0,54396
1,1,1,1,862,-959,-2218,-21,133,-119,3,27,35,0,0,0,0,0,0,0,0,0,0,0,0,0,0,0,0,0,0,0,0,0,0,54406
1,1,1,1,842,-974,-2231,13,174,-138,4,27,32,0,0,0,0,0,0,0,0,0,0,0,0,0,0,0,0,0,0,0,0,0,0,54416
1,1,1,1,832,-979,-2249,10,189,-147,0,29,35,0,0,0,0,0,0,0,0,0,0,0,0,0,0,0,0,0,0,0,0,0,0,54426
1,1,1,1,854,-1044,-2199,-56,160,-170,0,31,33,0,0,0,0,0,0,0,0,0,0,0,0,0,0,0,0,0,0,0,0,0,0,54436
1,1,1,1,881,-1080,-2180,-100,110,-188,1,30,35,0,0,0,0,0,0,0,0,0,0,0,0,0,0,0,0,0,0,0,0,0,0,54446
1,1,1,1,909,-1095,-2217,-152,96,-181,3,27,32,0,0,0,0,0,0,0,0,0,0,0,0,0,0,0,0,0,0,0,0,0,0,54456
1,1,1,1,889,-1082,-2219,-161,102,-166,1,31,36,0,0,0,0,0,0,0,0,0,0,0,0,0,0,0,0,0,0,0,0,0,0,54466
1,1,1,1,906,-1074,-2216,-174,151,-159,4,29,39,0,0,0,0,0,0,0,0,0,0,0,0,0,0,0,0,0,0,0,0,0,0,54476
1,1,1,1,943,-1005,-2164,-162,223,-128,4,29,34,0,0,0,0,0,0,0,0,0,0,0,0,0,0,0,0,0,0,0,0,0,0,54486
1,1,1,1,967,-949,-2122,-148,249,-96,6,29,33,0,0,0,0,0,0,0,0,0,0,0,0,0,0,0,0,0,0,0,0,0,0,54496
1,1,1,1,977,-950,-2116,-162,242,-70,6,29,35,0,0,0,0,0,0,0,0,0,0,0,0,0,0,0,0,0,0,0,0,0,0,54506
1,1,1,1,977,-950,-2116,-162,219,-101,6,29,35,0,0,0,0,0,0,0,0,0,0,0,0,0,0,0,0,0,0,0,0,0,0,54516
1,1,1,1,987,-1020,-2233,-244,232,-158,1,29,34,0,0,0,0,0,0,0,0,0,0,0,0,0,0,0,0,0,0,0,0,0,0,54526
1,1,1,1,987,-1020,-2233,-369,249,-100,2,29,32,0,0,0,0,0,0,0,0,0,0,0,0,0,0,0,0,0,0,0,0,0,0,54536
1,1,1,1,954,-1023,-2210,-385,283,-23,5,29,35,0,0,0,0,0,0,0,0,0,0,0,0,0,0,0,0,0,0,0,0,0,0,54546
1,1,1,1,959,-1023,-2174,-382,307,13,5,29,34,0,0,0,0,0,0,0,0,0,0,0,0,0,0,0,0,0,0,0,0,0,0,54556
1,1,1,1,994,-1034,-2166,-350,350,18,4,30,33,0,0,0,0,0,0,0,0,0,0,0,0,0,0,0,0,0,0,0,0,0,0,54566
1,1,1,1,1024,-975,-2172,-306,469,58,5,29,27,0,0,0,0,0,0,0,0,0,0,0,0,0,0,0,0,0,0,0,0,0,0,54576
1,1,1,1,1024,-823,-2060,-224,422,205,5,31,32,0,0,0,0,0,0,0,0,0,0,0,0,0,0,0,0,0,0,0,0,0,0,54586
1,1,1,1,902,-844,-2048,-97,279,114,7,31,38,0,0,0,0,0,0,0,0,0,0,0,0,0,0,0,0,0,0,0,0,0,0,54596
1,1,1,1,883,-847,-2137,8,151,-87,3,32,39,0,0,0,0,0,0,0,0,0,0,0,0,0,0,0,0,0,0,0,0,0,0,54606
1,1,1,1,817,-862,-2229,67,113,-154,4,31,39,0,0,0,0,0,0,0,0,0,0,0,0,0,0,0,0,0,0,0,0,0,0,54616
1,1,1,1,761,-897,-2280,133,119,-122,4,32,37,0,0,0,0,0,0,0,0,0,0,0,0,0,0,0,0,0,0,0,0,0,0,54626
1,1,1,1,791,-969,-2289,144,103,-85,4,34,42,0,0,0,0,0,0,0,0,0,0,0,0,0,0,0,0,0,0,0,0,0,0,54636
1,1,1,1,875,-1067,-2263,98,58,-105,5,32,40,0,0,0,0,0,0,0,0,0,0,0,0,0,0,0,0,0,0,0,0,0,0,54646
1,1,1,1,945,-1072,-2234,55,7,-109,6,34,39,0,0,0,0,0,0,0,0,0,0,0,0,0,0,0,0,0,0,0,0,0,0,54656
1,1,1,1,955,-1045,-2162,54,21,-59,5,33,41,0,0,0,0,0,0,0,0,0,0,0,0,0,0,0,0,0,0,0,0,0,0,54666
1,1,1,1,984,-999,-2130,76,22,-41,5,33,44,0,0,0,0,0,0,0,0,0,0,0,0,0,0,0,0,0,0,0,0,0,0,54676
1,1,1,1,989,-970,-2088,86,18,-35,2,35,44,0,0,0,0,0,0,0,0,0,0,0,0,0,0,0,0,0,0,0,0,0,0,54686
1,1,1,1,965,-997,-2085,155,53,-32,1,37,50,0,0,0,0,0,0,0,0,0,0,0,0,0,0,0,0,0,0,0,0,0,0,54696
1,1,1,1,923,-1010,-2083,222,75,-16,3,34,49,0,0,0,0,0,0,0,0,0,0,0,0,0,0,0,0,0,0,0,0,0,0,54706
1,1,1,1,872,-1033,-2109,274,93,-7,-2,36,56,0,0,0,0,0,0,0,0,0,0,0,0,0,0,0,0,0,0,0,0,0,0,54716
1,1,1,1,799,-1033,-2178,268,80,7,0,33,58,0,0,0,0,0,0,0,0,0,0,0,0,0,0,0,0,0,0,0,0,0,0,54726
1,1,1,1,727,-1001,-2274,148,38,20,-4,36,57,0,0,0,0,0,0,0,0,0,0,0,0,0,0,0,0,0,0,0,0,0,0,54736
1,1,1,1,603,-961,-2345,48,-27,23,-5,34,61,0,0,0,0,0,0,0,0,0,0,0,0,0,0,0,0,0,0,0,0,0,0,54746
1,1,1,1,513,-918,-2332,52,-81,34,-5,35,62,0,0,0,0,0,0,0,0,0,0,0,0,0,0,0,0,0,0,0,0,0,0,54756
1,1,1,1,511,-862,-2247,76,-140,63,-2,35,62,0,0,0,0,0,0,0,0,0,0,0,0,0,0,0,0,0,0,0,0,0,0,54766
1,1,1,1,557,-793,-2161,208,-145,149,0,39,60,0,0,0,0,0,0,0,0,0,0,0,0,0,0,0,0,0,0,0,0,0,0,54776
1,1,1,1,652,-694,-2045,454,-95,341,1,35,56,0,0,0,0,0,0,0,0,0,0,0,0,0,0,0,0,0,0,0,0,0,0,54786
1,1,1,1,795,-638,-2029,655,94,602,-2,34,57,0,0,0,0,0,0,0,0,0,0,0,0,0,0,0,0,0,0,0,0,0,0,54796
1,1,1,1,926,-921,-2013,617,143,600,-2,35,58,0,0,0,0,0,0,0,0,0,0,0,0,0,0,0,0,0,0,0,0,0,0,54806
1,1,1,1,1041,-1094,-2092,501,47,589,-4,33,56,0,0,0,0,0,0,0,0,0,0,0,0,0,0,0,0,0,0,0,0,0,0,54816
1,1,1,1,1113,-1258,-2165,250,73,672,-7,34,52,0,0,0,0,0,0,0,0,0,0,0,0,0,0,0,0,0,0,0,0,0,0,54826
1,1,1,1,1145,-1294,-2066,35,-2,783,-6,33,64,0,0,0,0,0,0,0,0,0,0,0,0,0,0,0,0,0,0,0,0,0,0,54836
1,1,1,1,1116,-1519,-2159,18,24,430,-3,33,59,0,0,0,0,0,0,0,0,0,0,0,0,0,0,0,0,0,0,0,0,0,0,54846
1,1,1,1,1111,-1230,-2039,37,-54,440,-4,33,62,0,0,0,0,0,0,0,0,0,0,0,0,0,0,0,0,0,0,0,0,0,0,54856
1,1,1,1,975,-1202,-2028,168,-100,405,-3,34,56,0,0,0,0,0,0,0,0,0,0,0,0,0,0,0,0,0,0,0,0,0,0,54866
1,1,1,1,992,-1022,-2117,277,-64,440,-5,34,59,0,0,0,0,0,0,0,0,0,0,0,0,0,0,0,0,0,0,0,0,0,0,54876
1,1,1,1,1048,-1084,-2147,351,4,400,-2,34,57,0,0,0,0,0,0,0,0,0,0,0,0,0,0,0,0,0,0,0,0,0,0,54886
1,1,1,1,1172,-1144,-2043,369,-126,330,-7,33,62,0,0,0,0,0,0,0,0,0,0,0,0,0,0,0,0,0,0,0,0,0,0,54896
1,1,1,1,1240,-1302,-2184,235,-81,276,-11,34,66,0,0,0,0,0,0,0,0,0,0,0,0,0,0,0,0,0,0,0,0,0,0,54906
1,1,1,1,1372,-1464,-2178,-43,-106,214,-15,34,67,0,0,0,0,0,0,0,0,0,0,0,0,0,0,0,0,0,0,0,0,0,0,54916
1,1,1,1,1362,-1561,-2205,-370,-147,158,-16,36,70,0,0,0,0,0,0,0,0,0,0,0,0,0,0,0,0,0,0,0,0,0,0,54926
1,1,1,1,1374,-1507,-2267,-638,-155,102,-15,36,74,0,0,0,0,0,0,0,0,0,0,0,0,0,0,0,0,0,0,0,0,0,0,54936
1,1,1,1,1234,-1362,-2266,-710,-116,15,-15,36,74,0,0,0,0,0,0,0,0,0,0,0,0,0,0,0,0,0,0,0,0,0,0,54946
1,1,1,1,1094,-1189,-2271,-641,-85,-79,-10,34,73,0,0,0,0,0,0,0,0,0,0,0,0,0,0,0,0,0,0,0,0,0,0,54956
1,1,1,1,1045,-1043,-2190,-444,-94,-233,-11,32,63,0,0,0,0,0,0,0,0,0,0,0,0,0,0,0,0,0,0,0,0,0,0,54966
1,1,1,1,1080,-858,-2083,-261,-187,-316,-10,29,55,0,0,0,0,0,0,0,0,0,0,0,0,0,0,0,0,0,0,0,0,0,0,54976
1,1,1,1,1120,-666,-2137,-187,-230,-174,-10,26,52,0,0,0,0,0,0,0,0,0,0,0,0,0,0,0,0,0,0,0,0,0,0,54986
1,1,1,1,1034,-626,-2206,-105,-86,23,-9,24,51,0,0,0,0,0,0,0,0,0,0,0,0,0,0,0,0,0,0,0,0,0,0,54996
1,1,1,1,1019,-752,-2240,26,34,21,-11,28,56,0,0,0,0,0,0,0,0,0,0,0,0,0,0,0,0,0,0,0,0,0,0,55006
1,1,1,1,1103,-905,-2160,96,22,-128,-11,26,58,0,0,0,0,0,0,0,0,0,0,0,0,0,0,0,0,0,0,0,0,0,0,55016
1,1,1,1,1136,-981,-2102,75,6,-235,-12,25,55,0,0,0,0,0,0,0,0,0,0,0,0,0,0,0,0,0,0,0,0,0,0,55026
1,1,1,1,1117,-1006,-2066,-26,-33,-281,-14,28,59,0,0,0,0,0,0,0,0,0,0,0,0,0,0,0,0,0,0,0,0,0,0,55036
1,1,1,1,1058,-1038,-2102,-23,-78,-337,-14,30,63,0,0,0,0,0,0,0,0,0,0,0,0,0,0,0,0,0,0,0,0,0,0,55046
1,1,1,1,1003,-1014,-2093,42,-78,-365,-12,28,63,0,0,0,0,0,0,0,0,0,0,0,0,0,0,0,0,0,0,0,0,0,0,55056
1,1,1,1,977,-980,-2073,130,-84,-352,-12,28,63,0,0,0,0,0,0,0,0,0,0,0,0,0,0,0,0,0,0,0,0,0,0,55066
1,1,1,1,930,-980,-2137,167,-81,-356,-11,28,62,0,0,0,0,0,0,0,0,0,0,0,0,0,0,0,0,0,0,0,0,0,0,55076
1,1,1,1,899,-978,-2151,170,-75,-295,-12,30,69,0,0,0,0,0,0,0,0,0,0,0,0,0,0,0,0,0,0,0,0,0,0,55086
1,1,1,1,874,-1012,-2236,171,-11,-232,-10,29,65,0,0,0,0,0,0,0,0,0,0,0,0,0,0,0,0,0,0,0,0,0,0,55096
1,1,1,1,836,-1024,-2189,148,-10,-197,-12,30,69,0,0,0,0,0,0,0,0,0,0,0,0,0,0,0,0,0,0,0,0,0,0,55106
1,1,1,1,786,-1030,-2203,121,-4,-183,-13,30,68,0,0,0,0,0,0,0,0,0,0,0,0,0,0,0,0,0,0,0,0,0,0,55116
1,1,1,1,784,-1009,-2190,70,37,-144,-14,30,68,0,0,0,0,0,0,0,0,0,0,0,0,0,0,0,0,0,0,0,0,0,0,55126
1,1,1,1,734,-1027,-2169,54,33,-141,-13,29,69,0,0,0,0,0,0,0,0,0,0,0,0,0,0,0,0,0,0,0,0,0,0,55136
1,1,1,1,784,-1049,-2185,71,77,-179,-12,30,68,0,0,0,0,0,0,0,0,0,0,0,0,0,0,0,0,0,0,0,0,0,0,55146
1,1,1,1,804,-1013,-2167,82,88,-196,-13,30,69,0,0,0,0,0,0,0,0,0,0,0,0,0,0,0,0,0,0,0,0,0,0,55156
1,1,1,1,824,-980,-2139,140,89,-199,-11,30,65,0,0,0,0,0,0,0,0,0,0,0,0,0,0,0,0,0,0,0,0,0,0,55166
1,1,1,1,946,-997,-2136,206,107,-212,-9,30,62,0,0,0,0,0,0,0,0,0,0,0,0,0,0,0,0,0,0,0,0,0,0,55176
1,1,1,1,1005,-1027,-2110,245,121,-229,-9,29,63,0,0,0,0,0,0,0,0,0,0,0,0,0,0,0,0,0,0,0,0,0,0,55186
1,1,1,1,1081,-1048,-2119,243,169,-263,-10,30,63,0,0,0,0,0,0,0,0,0,0,0,0,0,0,0,0,0,0,0,0,0,0,55196
1,1,1,1,1170,-1058,-2051,201,176,-270,-11,30,65,0,0,0,0,0,0,0,0,0,0,0,0,0,0,0,0,0,0,0,0,0,0,55206
1,1,1,1,1242,-1072,-2014,172,210,-323,-10,29,65,0,0,0,0,0,0,0,0,0,0,0,0,0,0,0,0,0,0,0,0,0,0,55216
1,1,1,1,1272,-1042,-1961,143,207,-365,-10,29,63,0,0,0,0,0,0,0,0,0,0,0,0,0,0,0,0,0,0,0,0,0,0,55226
1,1,1,1,1102,-953,-2000,203,272,-338,-9,29,66,0,0,0,0,0,0,0,0,0,0,0,0,0,0,0,0,0,0,0,0,0,0,55236
1,1,1,1,947,-945,-2075,348,391,-411,-10,29,71,0,0,0,0,0,0,0,0,0,0,0,0,0,0,0,0,0,0,0,0,0,0,55246
1,1,1,1,1044,-988,-2055,470,416,-485,-9,29,72,0,0,0,0,0,0,0,0,0,0,0,0,0,0,0,0,0,0,0,0,0,0,55256
1,1,1,1,937,-1006,-1994,549,384,-530,-10,29,70,0,0,0,0,0,0,0,0,0,0,0,0,0,0,0,0,0,0,0,0,0,0,55266
1,1,1,1,810,-941,-2109,647,442,-507,-12,30,73,0,0,0,0,0,0,0,0,0,0,0,0,0,0,0,0,0,0,0,0,0,0,55276
1,1,1,1,748,-1062,-2208,645,397,-422,-15,29,72,0,0,0,0,0,0,0,0,0,0,0,0,0,0,0,0,0,0,0,0,0,0,55296
1,1,1,1,786,-1138,-2198,515,321,-411,-13,25,69,0,0,0,0,0,0,0,0,0,0,0,0,0,0,0,0,0,0,0,0,0,0,55306
1,1,1,1,865,-1202,-2170,408,280,-393,-16,31,75,0,0,0,0,0,0,0,0,0,0,0,0,0,0,0,0,0,0,0,0,0,0,55316
1,1,1,1,905,-1239,-2141,349,227,-358,-14,29,68,0,0,0,0,0,0,0,0,0,0,0,0,0,0,0,0,0,0,0,0,0,0,55326
1,1,1,1,988,-1234,-2105,323,212,-318,-15,30,70,0,0,0,0,0,0,0,0,0,0,0,0,0,0,0,0,0,0,0,0,0,0,55336
1,1,1,1,1040,-1211,-2052,354,212,-293,-15,28,69,0,0,0,0,0,0,0,0,0,0,0,0,0,0,0,0,0,0,0,0,0,0,55346
1,1,1,1,1050,-1181,-2040,433,213,-262,-14,27,71,0,0,0,0,0,0,0,0,0,0,0,0,0,0,0,0,0,0,0,0,0,0,55356
1,1,1,1,1040,-1191,-2035,521,220,-235,-16,30,73,0,0,0,0,0,0,0,0,0,0,0,0,0,0,0,0,0,0,0,0,0,0,55366
1,1,1,1,1003,-1225,-2037,591,216,-194,-19,30,76,0,0,0,0,0,0,0,0,0,0,0,0,0,0,0,0,0,0,0,0,0,0,55376
1,1,1,1,957,-1300,-2103,576,182,-157,-21,28,77,0,0,0,0,0,0,0,0,0,0,0,0,0,0,0,0,0,0,0,0,0,0,55386
1,1,1,1,905,-1371,-2191,429,112,-115,-24,29,77,0,0,0,0,0,0,0,0,0,0,0,0,0,0,0,0,0,0,0,0,0,0,55396
1,1,1,1,911,-1434,-2246,164,11,-30,-26,28,80,0,0,0,0,0,0,0,0,0,0,0,0,0,0,0,0,0,0,0,0,0,0,55406
1,1,1,1,855,-1446,-2267,-40,-40,28,-27,29,78,0,0,0,0,0,0,0,0,0,0,0,0,0,0,0,0,0,0,0,0,0,0,55416
1,1,1,1,849,-1404,-2220,-192,-122,98,-26,29,81,0,0,0,0,0,0,0,0,0,0,0,0,0,0,0,0,0,0,0,0,0,0,55426
1,1,1,1,871,-1330,-2120,-211,-183,162,-25,28,78,0,0,0,0,0,0,0,0,0,0,0,0,0,0,0,0,0,0,0,0,0,0,55436
1,1,1,1,953,-1228,-2035,-155,-269,233,-25,29,76,0,0,0,0,0,0,0,0,0,0,0,0,0,0,0,0,0,0,0,0,0,0,55446
1,1,1,1,1059,-1156,-2022,-106,-289,308,-27,28,75,0,0,0,0,0,0,0,0,0,0,0,0,0,0,0,0,0,0,0,0,0,0,55456
1,1,1,1,1113,-1132,-2072,-103,-246,397,-25,28,75,0,0,0,0,0,0,0,0,0,0,0,0,0,0,0,0,0,0,0,0,0,0,55466
1,1,1,1,1082,-1152,-2073,-93,-192,456,-24,29,76,0,0,0,0,0,0,0,0,0,0,0,0,0,0,0,0,0,0,0,0,0,0,55476
1,1,1,1,1095,-1168,-2017,-89,-229,480,-27,30,75,0,0,0,0,0,0,0,0,0,0,0,0,0,0,0,0,0,0,0,0,0,0,55486
1,1,1,1,1136,-1194,-2010,-186,-268,511,-27,29,74,0,0,0,0,0,0,0,0,0,0,0,0,0,0,0,0,0,0,0,0,0,0,55496
1,1,1,1,1122,-1226,-2020,-303,-259,522,-30,28,76,0,0,0,0,0,0,0,0,0,0,0,0,0,0,0,0,0,0,0,0,0,0,55506
1,1,1,1,1048,-1203,-1999,-308,-298,489,-30,28,75,0,0,0,0,0,0,0,0,0,0,0,0,0,0,0,0,0,0,0,0,0,0,55516
1,1,1,1,1061,-1133,-2078,-359,-299,500,-27,28,76,0,0,0,0,0,0,0,0,0,0,0,0,0,0,0,0,0,0,0,0,0,0,55526
1,1,1,1,983,-1095,-2145,-281,-224,439,-27,29,73,0,0,0,0,0,0,0,0,0,0,0,0,0,0,0,0,0,0,0,0,0,0,55536
1,1,1,1,1006,-1000,-2119,-227,-289,479,-25,29,79,0,0,0,0,0,0,0,0,0,0,0,0,0,0,0,0,0,0,0,0,0,0,55546
1,1,1,1,1045,-1033,-2230,-217,-213,476,-23,29,72,0,0,0,0,0,0,0,0,0,0,0,0,0,0,0,0,0,0,0,0,0,0,55556
1,1,1,1,1069,-1050,-2144,-91,-35,394,-23,29,65,0,0,0,0,0,0,0,0,0,0,0,0,0,0,0,0,0,0,0,0,0,0,55566
1,1,1,1,1158,-1032,-2073,-88,-127,427,-23,29,70,0,0,0,0,0,0,0,0,0,0,0,0,0,0,0,0,0,0,0,0,0,0,55576
1,1,1,1,1215,-1097,-2126,-168,-90,376,-24,28,68,0,0,0,0,0,0,0,0,0,0,0,0,0,0,0,0,0,0,0,0,0,0,55586
1,1,1,1,1196,-1111,-2063,-136,3,259,-20,27,63,0,0,0,0,0,0,0,0,0,0,0,0,0,0,0,0,0,0,0,0,0,0,55596
1,1,1,1,1249,-1090,-2029,-157,-50,204,-20,29,62,0,0,0,0,0,0,0,0,0,0,0,0,0,0,0,0,0,0,0,0,0,0,55606
1,1,1,1,1312,-1092,-2028,-204,-67,125,-20,29,66,0,0,0,0,0,0,0,0,0,0,0,0,0,0,0,0,0,0,0,0,0,0,55616
1,1,1,1,1302,-1030,-2017,-196,-63,42,-18,31,66,0,0,0,0,0,0,0,0,0,0,0,0,0,0,0,0,0,0,0,0,0,0,55626
1,1,1,1,1256,-997,-2047,-114,-48,-64,-17,29,63,0,0,0,0,0,0,0,0,0,0,0,0,0,0,0,0,0,0,0,0,0,0,55636
1,1,1,1,1257,-976,-2046,-6,10,-164,-16,30,64,0,0,0,0,0,0,0,0,0,0,0,0,0,0,0,0,0,0,0,0,0,0,55646
1,1,1,1,1232,-971,-2016,51,14,-237,-13,29,66,0,0,0,0,0,0,0,0,0,0,0,0,0,0,0,0,0,0,0,0,0,0,55656
1,1,1,1,1188,-991,-2031,92,34,-292,-13,28,64,0,0,0,0,0,0,0,0,0,0,0,0,0,0,0,0,0,0,0,0,0,0,55666
1,1,1,1,1149,-1015,-2039,132,46,-320,-13,29,66,0,0,0,0,0,0,0,0,0,0,0,0,0,0,0,0,0,0,0,0,0,0,55676
1,1,1,1,1149,-1015,-2039,186,52,-345,-10,30,65,0,0,0,0,0,0,0,0,0,0,0,0,0,0,0,0,0,0,0,0,0,0,55686
1,1,1,1,1084,-1089,-2078,194,41,-356,-11,30,67,0,0,0,0,0,0,0,0,0,0,0,0,0,0,0,0,0,0,0,0,0,0,55696
1,1,1,1,1064,-1107,-2129,164,34,-341,-11,30,66,0,0,0,0,0,0,0,0,0,0,0,0,0,0,0,0,0,0,0,0,0,0,55706
1,1,1,1,1034,-1109,-2141,127,28,-320,-10,30,64,0,0,0,0,0,0,0,0,0,0,0,0,0,0,0,0,0,0,0,0,0,0,55716
1,1,1,1,1015,-1115,-2121,100,24,-299,-8,30,62,0,0,0,0,0,0,0,0,0,0,0,0,0,0,0,0,0,0,0,0,0,0,55726
1,1,1,1,997,-1092,-2088,145,21,-271,-6,30,63,0,0,0,0,0,0,0,0,0,0,0,0,0,0,0,0,0,0,0,0,0,0,55736
1,1,1,1,952,-1075,-2081,224,33,-252,-8,29,60,0,0,0,0,0,0,0,0,0,0,0,0,0,0,0,0,0,0,0,0,0,0,55746
1,1,1,1,950,-1057,-2105,301,86,-253,-5,29,60,0,0,0,0,0,0,0,0,0,0,0,0,0,0,0,0,0,0,0,0,0,0,55756
1,1,1,1,975,-1057,-2064,395,128,-250,-5,30,57,0,0,0,0,0,0,0,0,0,0,0,0,0,0,0,0,0,0,0,0,0,0,55766
1,1,1,1,956,-1094,-2030,449,95,-264,-5,30,57,0,0,0,0,0,0,0,0,0,0,0,0,0,0,0,0,0,0,0,0,0,0,55776
1,1,1,1,885,-1148,-2110,417,89,-277,-4,30,59,0,0,0,0,0,0,0,0,0,0,0,0,0,0,0,0,0,0,0,0,0,0,55786
1,1,1,1,948,-1222,-2120,354,108,-296,-4,29,59,0,0,0,0,0,0,0,0,0,0,0,0,0,0,0,0,0,0,0,0,0,0,55796
1,1,1,1,1045,-1275,-2126,299,187,-337,-6,30,55,0,0,0,0,0,0,0,0,0,0,0,0,0,0,0,0,0,0,0,0,0,0,55806
1,1,1,1,1092,-1187,-1996,236,108,-272,-5,30,57,0,0,0,0,0,0,0,0,0,0,0,0,0,0,0,0,0,0,0,0,0,0,55816
1,1,1,1,1011,-1182,-1991,235,85,-293,-5,30,59,0,0,0,0,0,0,0,0,0,0,0,0,0,0,0,0,0,0,0,0,0,0,55826
1,1,1,1,1085,-1200,-2033,239,158,-325,-6,30,60,0,0,0,0,0,0,0,0,0,0,0,0,0,0,0,0,0,0,0,0,0,0,55836
1,1,1,1,1065,-1182,-1969,281,185,-305,-6,30,58,0,0,0,0,0,0,0,0,0,0,0,0,0,0,0,0,0,0,0,0,0,0,55846
1,1,1,1,963,-1144,-1961,304,143,-240,-6,31,61,0,0,0,0,0,0,0,0,0,0,0,0,0,0,0,0,0,0,0,0,0,0,55856
1,1,1,1,941,-1222,-2035,284,147,-234,-5,29,61,0,0,0,0,0,0,0,0,0,0,0,0,0,0,0,0,0,0,0,0,0,0,55866
1,1,1,1,900,-1257,-2064,257,155,-215,-7,30,61,0,0,0,0,0,0,0,0,0,0,0,0,0,0,0,0,0,0,0,0,0,0,55876
1,1,1,1,885,-1260,-2087,221,154,-217,-9,31,62,0,0,0,0,0,0,0,0,0,0,0,0,0,0,0,0,0,0,0,0,0,0,55886
1,1,1,1,902,-1226,-2075,168,139,-206,-9,32,61,0,0,0,0,0,0,0,0,0,0,0,0,0,0,0,0,0,0,0,0,0,0,55896
1,1,1,1,867,-1155,-2054,142,120,-156,-11,34,61,0,0,0,0,0,0,0,0,0,0,0,0,0,0,0,0,0,0,0,0,0,0,55906
1,1,1,1,881,-1130,-2057,150,119,-132,-11,32,60,0,0,0,0,0,0,0,0,0,0,0,0,0,0,0,0,0,0,0,0,0,0,55916
1,1,1,1,925,-1127,-2003,166,121,-131,-8,31,58,0,0,0,0,0,0,0,0,0,0,0,0,0,0,0,0,0,0,0,0,0,0,55926
1,1,1,1,967,-1149,-1981,206,135,-135,-8,31,63,0,0,0,0,0,0,0,0,0,0,0,0,0,0,0,0,0,0,0,0,0,0,55936
1,1,1,1,1016,-1204,-1975,216,156,-129,-8,30,63,0,0,0,0,0,0,0,0,0,0,0,0,0,0,0,0,0,0,0,0,0,0,55946
1,1,1,1,1029,-1252,-1998,193,172,-111,-14,34,66,0,0,0,0,0,0,0,0,0,0,0,0,0,0,0,0,0,0,0,0,0,0,55956
1,1,1,1,1017,-1267,-2009,157,162,-94,-11,30,64,0,0,0,0,0,0,0,0,0,0,0,0,0,0,0,0,0,0,0,0,0,0,55966
1,1,1,1,1016,-1284,-2028,112,155,-84,-10,28,69,0,0,0,0,0,0,0,0,0,0,0,0,0,0,0,0,0,0,0,0,0,0,55976
1,1,1,1,980,-1274,-2030,87,152,-75,-13,31,71,0,0,0,0,0,0,0,0,0,0,0,0,0,0,0,0,0,0,0,0,0,0,55986
1,1,1,1,949,-1260,-2044,66,137,-61,-14,31,73,0,0,0,0,0,0,0,0,0,0,0,0,0,0,0,0,0,0,0,0,0,0,55996
1,1,1,1,895,-1283,-2046,70,97,-43,-15,31,74,0,0,0,0,0,0,0,0,0,0,0,0,0,0,0,0,0,0,0,0,0,0,56006
1,1,1,1,836,-1284,-2074,89,75,-32,-18,31,73,0,0,0,0,0,0,0,0,0,0,0,0,0,0,0,0,0,0,0,0,0,0,56016
1,1,1,1,823,-1262,-2125,55,29,23,-16,31,75,0,0,0,0,0,0,0,0,0,0,0,0,0,0,0,0,0,0,0,0,0,0,56026
1,1,1,1,806,-1253,-2152,55,-2,94,-15,30,76,0,0,0,0,0,0,0,0,0,0,0,0,0,0,0,0,0,0,0,0,0,0,56036
1,1,1,1,844,-1212,-2154,47,-17,175,-14,31,73,0,0,0,0,0,0,0,0,0,0,0,0,0,0,0,0,0,0,0,0,0,0,56046
1,1,1,1,888,-1180,-2133,37,-17,267,-14,31,71,0,0,0,0,0,0,0,0,0,0,0,0,0,0,0,0,0,0,0,0,0,0,56056
1,1,1,1,957,-1137,-2114,22,-2,347,-13,31,66,0,0,0,0,0,0,0,0,0,0,0,0,0,0,0,0,0,0,0,0,0,0,56066
1,1,1,1,1041,-1129,-2039,29,-1,394,-12,31,62,0,0,0,0,0,0,0,0,0,0,0,0,0,0,0,0,0,0,0,0,0,0,56076
1,1,1,1,1071,-1127,-1989,49,-18,411,-11,30,61,0,0,0,0,0,0,0,0,0,0,0,0,0,0,0,0,0,0,0,0,0,0,56086
1,1,1,1,1137,-1135,-1985,18,-1,445,-10,31,57,0,0,0,0,0,0,0,0,0,0,0,0,0,0,0,0,0,0,0,0,0,0,56096
1,1,1,1,1140,-1167,-1967,38,11,436,-12,30,55,0,0,0,0,0,0,0,0,0,0,0,0,0,0,0,0,0,0,0,0,0,0,56106
1,1,1,1,1243,-1180,-1949,43,11,415,-10,30,57,0,0,0,0,0,0,0,0,0,0,0,0,0,0,0,0,0,0,0,0,0,0,56116
1,1,1,1,1360,-1274,-1992,83,64,297,-10,31,55,0,0,0,0,0,0,0,0,0,0,0,0,0,0,0,0,0,0,0,0,0,0,56126
1,1,1,1,1449,-1283,-1973,79,-6,259,-12,30,56,0,0,0,0,0,0,0,0,0,0,0,0,0,0,0,0,0,0,0,0,0,0,56136
1,1,1,1,1573,-1320,-1983,2,-22,233,-9,29,57,0,0,0,0,0,0,0,0,0,0,0,0,0,0,0,0,0,0,0,0,0,0,56146
1,1,1,1,1653,-1403,-1949,-49,30,136,-7,29,57,0,0,0,0,0,0,0,0,0,0,0,0,0,0,0,0,0,0,0,0,0,0,56156
1,1,1,1,1696,-1384,-1911,-92,8,64,-7,29,59,0,0,0,0,0,0,0,0,0,0,0,0,0,0,0,0,0,0,0,0,0,0,56166
1,1,1,1,1531,-1286,-1972,-153,32,-14,-9,30,61,0,0,0,0,0,0,0,0,0,0,0,0,0,0,0,0,0,0,0,0,0,0,56176
1,1,1,1,1423,-1186,-1992,-104,75,-73,-8,32,62,0,0,0,0,0,0,0,0,0,0,0,0,0,0,0,0,0,0,0,0,0,0,56186
1,1,1,1,1319,-1115,-2014,-70,63,-122,-12,35,64,0,0,0,0,0,0,0,0,0,0,0,0,0,0,0,0,0,0,0,0,0,0,56196
1,1,1,1,1263,-1098,-2026,-45,44,-166,-11,34,70,0,0,0,0,0,0,0,0,0,0,0,0,0,0,0,0,0,0,0,0,0,0,56206
1,1,1,1,1217,-1104,-2018,-20,28,-210,-5,29,66,0,0,0,0,0,0,0,0,0,0,0,0,0,0,0,0,0,0,0,0,0,0,56216
1,1,1,1,1225,-1114,-1954,35,-14,-250,-8,32,68,0,0,0,0,0,0,0,0,0,0,0,0,0,0,0,0,0,0,0,0,0,0,56226
1,1,1,1,1287,-1146,-1873,88,-103,-323,-11,36,71,0,0,0,0,0,0,0,0,0,0,0,0,0,0,0,0,0,0,0,0,0,0,56236
1,1,1,1,1316,-1173,-1906,102,-211,-399,-14,36,71,0,0,0,0,0,0,0,0,0,0,0,0,0,0,0,0,0,0,0,0,0,0,56246
1,1,1,1,1269,-1146,-1921,80,-303,-394,-15,35,72,0,0,0,0,0,0,0,0,0,0,0,0,0,0,0,0,0,0,0,0,0,0,56256
1,1,1,1,1193,-1116,-1958,58,-304,-326,-14,33,73,0,0,0,0,0,0,0,0,0,0,0,0,0,0,0,0,0,0,0,0,0,0,56266
1,1,1,1,1039,-1059,-2034,21,-241,-216,-16,33,71,0,0,0,0,0,0,0,0,0,0,0,0,0,0,0,0,0,0,0,0,0,0,56276
1,1,1,1,909,-1040,-2122,74,-70,-129,-15,35,77,0,0,0,0,0,0,0,0,0,0,0,0,0,0,0,0,0,0,0,0,0,0,56286
1,1,1,1,826,-1098,-2095,190,25,-153,-12,32,78,0,0,0,0,0,0,0,0,0,0,0,0,0,0,0,0,0,0,0,0,0,0,56296
1,1,1,1,816,-1146,-2115,238,79,-255,-12,32,82,0,0,0,0,0,0,0,0,0,0,0,0,0,0,0,0,0,0,0,0,0,0,56306
1,1,1,1,854,-1123,-2038,264,114,-324,-10,32,79,0,0,0,0,0,0,0,0,0,0,0,0,0,0,0,0,0,0,0,0,0,0,56316
1,1,1,1,838,-1082,-1964,342,134,-363,-13,33,78,0,0,0,0,0,0,0,0,0,0,0,0,0,0,0,0,0,0,0,0,0,0,56326
1,1,1,1,788,-1072,-1938,395,115,-352,-12,31,78,0,0,0,0,0,0,0,0,0,0,0,0,0,0,0,0,0,0,0,0,0,0,56336
1,1,1,1,795,-1166,-2022,419,126,-381,-13,32,75,0,0,0,0,0,0,0,0,0,0,0,0,0,0,0,0,0,0,0,0,0,0,56346
1,1,1,1,855,-1225,-1993,403,150,-381,-10,33,71,0,0,0,0,0,0,0,0,0,0,0,0,0,0,0,0,0,0,0,0,0,0,56356
1,1,1,1,868,-1263,-1962,397,126,-333,-10,33,68,0,0,0,0,0,0,0,0,0,0,0,0,0,0,0,0,0,0,0,0,0,0,56366
1,1,1,1,962,-1308,-1978,347,121,-306,-8,33,67,0,0,0,0,0,0,0,0,0,0,0,0,0,0,0,0,0,0,0,0,0,0,56376
1,1,1,1,1030,-1333,-1995,315,128,-271,-6,32,65,0,0,0,0,0,0,0,0,0,0,0,0,0,0,0,0,0,0,0,0,0,0,56386
1,1,1,1,1110,-1338,-2002,307,117,-241,-5,33,64,0,0,0,0,0,0,0,0,0,0,0,0,0,0,0,0,0,0,0,0,0,0,56396
1,1,1,1,1160,-1326,-1971,279,105,-213,-6,32,60,0,0,0,0,0,0,0,0,0,0,0,0,0,0,0,0,0,0,0,0,0,0,56407
1,1,1,1,1231,-1304,-1922,271,118,-194,-7,33,64,0,0,0,0,0,0,0,0,0,0,0,0,0,0,0,0,0,0,0,0,0,0,56417
1,1,1,1,1308,-1275,-1872,260,150,-192,-6,32,65,0,0,0,0,0,0,0,0,0,0,0,0,0,0,0,0,0,0,0,0,0,0,56427
1,1,1,1,1329,-1257,-1825,261,161,-220,-8,32,66,0,0,0,0,0,0,0,0,0,0,0,0,0,0,0,0,0,0,0,0,0,0,56437
1,1,1,1,1347,-1247,-1850,263,165,-254,-9,32,67,0,0,0,0,0,0,0,0,0,0,0,0,0,0,0,0,0,0,0,0,0,0,56447
1,1,1,1,1283,-1206,-1921,244,176,-260,-11,33,68,0,0,0,0,0,0,0,0,0,0,0,0,0,0,0,0,0,0,0,0,0,0,56457
1,1,1,1,1250,-1188,-1954,230,159,-254,-11,33,70,0,0,0,0,0,0,0,0,0,0,0,0,0,0,0,0,0,0,0,0,0,0,56467
1,1,1,1,1241,-1206,-1990,188,118,-251,-7,33,71,0,0,0,0,0,0,0,0,0,0,0,0,0,0,0,0,0,0,0,0,0,0,56477
1,1,1,1,1229,-1218,-1950,187,155,-311,-10,32,69,0,0,0,0,0,0,0,0,0,0,0,0,0,0,0,0,0,0,0,0,0,0,56487
1,1,1,1,1153,-1143,-1945,265,84,-244,-10,35,71,0,0,0,0,0,0,0,0,0,0,0,0,0,0,0,0,0,0,0,0,0,0,56497
1,1,1,1,1183,-1247,-1913,273,200,-332,-2,31,62,0,0,0,0,0,0,0,0,0,0,0,0,0,0,0,0,0,0,0,0,0,0,56507
1,1,1,1,1016,-1117,-1946,400,60,-206,-12,32,74,0,0,0,0,0,0,0,0,0,0,0,0,0,0,0,0,0,0,0,0,0,0,56517
1,1,1,1,1244,-1351,-1990,292,224,-345,-7,36,63,0,0,0,0,0,0,0,0,0,0,0,0,0,0,0,0,0,0,0,0,0,0,56527
1,1,1,1,897,-1201,-1857,374,-6,-224,-11,37,72,0,0,0,0,0,0,0,0,0,0,0,0,0,0,0,0,0,0,0,0,0,0,56537
1,1,1,1,1246,-1369,-2032,263,181,-224,-8,29,71,0,0,0,0,0,0,0,0,0,0,0,0,0,0,0,0,0,0,0,0,0,0,56547
1,1,1,1,1107,-1398,-1885,134,47,-258,-12,34,72,0,0,0,0,0,0,0,0,0,0,0,0,0,0,0,0,0,0,0,0,0,0,56557
1,1,1,1,864,-1267,-1990,198,38,-116,-10,33,74,0,0,0,0,0,0,0,0,0,0,0,0,0,0,0,0,0,0,0,0,0,0,56567
1,1,1,1,1047,-1366,-2065,97,28,-78,-11,31,68,0,0,0,0,0,0,0,0,0,0,0,0,0,0,0,0,0,0,0,0,0,0,56577
1,1,1,1,1091,-1397,-1977,-28,-18,-51,-11,34,68,0,0,0,0,0,0,0,0,0,0,0,0,0,0,0,0,0,0,0,0,0,0,56587
1,1,1,1,1098,-1379,-1929,-3,-16,-3,-10,33,69,0,0,0,0,0,0,0,0,0,0,0,0,0,0,0,0,0,0,0,0,0,0,56597
1,1,1,1,1156,-1385,-1932,-55,-36,46,-9,31,63,0,0,0,0,0,0,0,0,0,0,0,0,0,0,0,0,0,0,0,0,0,0,56607
1,1,1,1,1180,-1367,-1913,-119,-50,90,-10,32,65,0,0,0,0,0,0,0,0,0,0,0,0,0,0,0,0,0,0,0,0,0,0,56617
1,1,1,1,1162,-1380,-1923,-164,-56,125,-11,30,65,0,0,0,0,0,0,0,0,0,0,0,0,0,0,0,0,0,0,0,0,0,0,56627
1,1,1,1,1115,-1383,-1940,-186,-59,168,-13,30,66,0,0,0,0,0,0,0,0,0,0,0,0,0,0,0,0,0,0,0,0,0,0,56637
1,1,1,1,1105,-1412,-1972,-209,-73,208,-17,29,67,0,0,0,0,0,0,0,0,0,0,0,0,0,0,0,0,0,0,0,0,0,0,56647
1,1,1,1,1077,-1429,-1967,-254,-90,249,-17,28,68,0,0,0,0,0,0,0,0,0,0,0,0,0,0,0,0,0,0,0,0,0,0,56657
1,1,1,1,1039,-1438,-1997,-284,-117,279,-21,27,67,0,0,0,0,0,0,0,0,0,0,0,0,0,0,0,0,0,0,0,0,0,0,56667
1,1,1,1,964,-1407,-2002,-353,-159,305,-23,31,78,0,0,0,0,0,0,0,0,0,0,0,0,0,0,0,0,0,0,0,0,0,0,56677
1,1,1,1,849,-1452,-2000,-476,-273,183,-23,31,74,0,0,0,0,0,0,0,0,0,0,0,0,0,0,0,0,0,0,0,0,0,0,56687
1,1,1,1,1129,-1309,-1993,-509,-337,236,-22,32,80,0,0,0,0,0,0,0,0,0,0,0,0,0,0,0,0,0,0,0,0,0,0,56697
1,1,1,1,771,-1259,-1978,-590,-268,157,-24,32,77,0,0,0,0,0,0,0,0,0,0,0,0,0,0,0,0,0,0,0,0,0,0,56707
1,1,1,1,1002,-1053,-2068,-479,-164,360,-25,32,81,0,0,0,0,0,0,0,0,0,0,0,0,0,0,0,0,0,0,0,0,0,0,56717
1,1,1,1,1025,-1187,-1930,-567,-244,288,-22,33,76,0,0,0,0,0,0,0,0,0,0,0,0,0,0,0,0,0,0,0,0,0,0,56727
1,1,1,1,1084,-1093,-1839,-404,-321,260,-22,33,81,0,0,0,0,0,0,0,0,0,0,0,0,0,0,0,0,0,0,0,0,0,0,56737
1,1,1,1,1184,-1104,-1830,-305,-300,262,-22,34,81,0,0,0,0,0,0,0,0,0,0,0,0,0,0,0,0,0,0,0,0,0,0,56747
1,1,1,1,1136,-1147,-1874,-219,-311,289,-22,35,81,0,0,0,0,0,0,0,0,0,0,0,0,0,0,0,0,0,0,0,0,0,0,56757
1,1,1,1,1141,-1185,-1920,-205,-298,323,-21,34,82,0,0,0,0,0,0,0,0,0,0,0,0,0,0,0,0,0,0,0,0,0,0,56767
1,1,1,1,1126,-1215,-1972,-248,-225,374,-21,35,81,0,0,0,0,0,0,0,0,0,0,0,0,0,0,0,0,0,0,0,0,0,0,56777
1,1,1,1,1095,-1178,-2030,-270,-168,447,-22,34,80,0,0,0,0,0,0,0,0,0,0,0,0,0,0,0,0,0,0,0,0,0,0,56787
1,1,1,1,1069,-1125,-2082,-284,-60,492,-22,33,80,0,0,0,0,0,0,0,0,0,0,0,0,0,0,0,0,0,0,0,0,0,0,56797
1,1,1,1,1069,-1108,-2078,-282,-2,483,-23,34,79,0,0,0,0,0,0,0,0,0,0,0,0,0,0,0,0,0,0,0,0,0,0,56807
1,1,1,1,1080,-1105,-2028,-238,-11,430,-21,34,79,0,0,0,0,0,0,0,0,0,0,0,0,0,0,0,0,0,0,0,0,0,0,56817
1,1,1,1,1011,-1067,-1987,-166,-60,412,-20,33,73,0,0,0,0,0,0,0,0,0,0,0,0,0,0,0,0,0,0,0,0,0,0,56827
1,1,1,1,1059,-1125,-2058,-160,-80,402,-19,35,75,0,0,0,0,0,0,0,0,0,0,0,0,0,0,0,0,0,0,0,0,0,0,56837
1,1,1,1,1060,-1170,-1983,-74,-63,350,-20,38,71,0,0,0,0,0,0,0,0,0,0,0,0,0,0,0,0,0,0,0,0,0,0,56847
1,1,1,1,1169,-1203,-1985,-100,-112,368,-19,33,71,0,0,0,0,0,0,0,0,0,0,0,0,0,0,0,0,0,0,0,0,0,0,56857
1,1,1,1,1185,-1273,-2045,-144,-91,271,-20,33,74,0,0,0,0,0,0,0,0,0,0,0,0,0,0,0,0,0,0,0,0,0,0,56867
1,1,1,1,1176,-1253,-2089,-186,-85,225,-18,33,74,0,0,0,0,0,0,0,0,0,0,0,0,0,0,0,0,0,0,0,0,0,0,56877
1,1,1,1,1176,-1253,-2089,-205,-60,198,-16,33,70,0,0,0,0,0,0,0,0,0,0,0,0,0,0,0,0,0,0,0,0,0,0,56887
1,1,1,1,1298,-1150,-2083,-212,-41,201,-13,33,68,0,0,0,0,0,0,0,0,0,0,0,0,0,0,0,0,0,0,0,0,0,0,56897
1,1,1,1,1372,-1121,-2048,-140,47,143,-9,34,66,0,0,0,0,0,0,0,0,0,0,0,0,0,0,0,0,0,0,0,0,0,0,56907
1,1,1,1,1417,-1116,-1972,-58,70,97,-8,32,66,0,0,0,0,0,0,0,0,0,0,0,0,0,0,0,0,0,0,0,0,0,0,56917
1,1,1,1,1448,-1117,-1949,-41,18,24,-8,32,67,0,0,0,0,0,0,0,0,0,0,0,0,0,0,0,0,0,0,0,0,0,0,56927
1,1,1,1,1480,-1212,-1938,-72,7,-89,-10,31,70,0,0,0,0,0,0,0,0,0,0,0,0,0,0,0,0,0,0,0,0,0,0,56937
1,1,1,1,1397,-1222,-2013,-75,35,-140,-9,33,72,0,0,0,0,0,0,0,0,0,0,0,0,0,0,0,0,0,0,0,0,0,0,56947
1,1,1,1,1344,-1252,-2050,-120,-11,-206,-11,33,74,0,0,0,0,0,0,0,0,0,0,0,0,0,0,0,0,0,0,0,0,0,0,56957
1,1,1,1,1290,-1225,-2051,-159,-84,-256,-11,34,73,0,0,0,0,0,0,0,0,0,0,0,0,0,0,0,0,0,0,0,0,0,0,56967
1,1,1,1,1224,-1170,-2019,-178,-121,-275,-11,35,72,0,0,0,0,0,0,0,0,0,0,0,0,0,0,0,0,0,0,0,0,0,0,56977
1,1,1,1,1186,-1126,-2016,-149,-118,-269,-10,34,75,0,0,0,0,0,0,0,0,0,0,0,0,0,0,0,0,0,0,0,0,0,0,56987
1,1,1,1,1178,-1103,-1999,-109,-112,-257,-10,35,73,0,0,0,0,0,0,0,0,0,0,0,0,0,0,0,0,0,0,0,0,0,0,56997
1,1,1,1,1136,-1070,-2021,-77,-86,-229,-12,35,71,0,0,0,0,0,0,0,0,0,0,0,0,0,0,0,0,0,0,0,0,0,0,57007
1,1,1,1,1086,-1043,-2037,-66,-77,-174,-11,36,72,0,0,0,0,0,0,0,0,0,0,0,0,0,0,0,0,0,0,0,0,0,0,57017
1,1,1,1,1033,-1075,-2076,-38,-79,-148,-13,35,71,0,0,0,0,0,0,0,0,0,0,0,0,0,0,0,0,0,0,0,0,0,0,57027
1,1,1,1,999,-1086,-2130,-2,-54,-109,-11,34,70,0,0,0,0,0,0,0,0,0,0,0,0,0,0,0,0,0,0,0,0,0,0,57037
1,1,1,1,930,-1094,-2084,50,-50,-89,-11,35,71,0,0,0,0,0,0,0,0,0,0,0,0,0,0,0,0,0,0,0,0,0,0,57047
1,1,1,1,899,-1121,-2065,106,-12,-104,-9,34,70,0,0,0,0,0,0,0,0,0,0,0,0,0,0,0,0,0,0,0,0,0,0,57057
1,1,1,1,885,-1131,-2063,125,51,-132,-6,34,68,0,0,0,0,0,0,0,0,0,0,0,0,0,0,0,0,0,0,0,0,0,0,57067
1,1,1,1,918,-1136,-2020,124,79,-161,-8,34,69,0,0,0,0,0,0,0,0,0,0,0,0,0,0,0,0,0,0,0,0,0,0,57077
1,1,1,1,953,-1156,-1996,111,93,-204,-9,34,66,0,0,0,0,0,0,0,0,0,0,0,0,0,0,0,0,0,0,0,0,0,0,57087
1,1,1,1,911,-1143,-2002,85,87,-172,-7,33,66,0,0,0,0,0,0,0,0,0,0,0,0,0,0,0,0,0,0,0,0,0,0,57097
1,1,1,1,898,-1173,-1988,121,92,-156,-7,34,65,0,0,0,0,0,0,0,0,0,0,0,0,0,0,0,0,0,0,0,0,0,0,57107
1,1,1,1,921,-1201,-2007,163,91,-153,-6,36,64,0,0,0,0,0,0,0,0,0,0,0,0,0,0,0,0,0,0,0,0,0,0,57117
1,1,1,1,964,-1237,-2021,160,85,-155,-5,34,63,0,0,0,0,0,0,0,0,0,0,0,0,0,0,0,0,0,0,0,0,0,0,57127
1,1,1,1,995,-1242,-2045,153,104,-135,-6,38,64,0,0,0,0,0,0,0,0,0,0,0,0,0,0,0,0,0,0,0,0,0,0,57137
1,1,1,1,1047,-1252,-2044,135,115,-135,-8,34,64,0,0,0,0,0,0,0,0,0,0,0,0,0,0,0,0,0,0,0,0,0,0,57147
1,1,1,1,1131,-1269,-2034,79,123,-153,-10,39,63,0,0,0,0,0,0,0,0,0,0,0,0,0,0,0,0,0,0,0,0,0,0,57157
1,1,1,1,1184,-1221,-1971,23,122,-135,-7,36,61,0,0,0,0,0,0,0,0,0,0,0,0,0,0,0,0,0,0,0,0,0,0,57167
1,1,1,1,1174,-1152,-1913,-7,96,-129,-4,34,62,0,0,0,0,0,0,0,0,0,0,0,0,0,0,0,0,0,0,0,0,0,0,57177
1,1,1,1,1151,-1138,-1966,12,111,-164,-6,34,63,0,0,0,0,0,0,0,0,0,0,0,0,0,0,0,0,0,0,0,0,0,0,57187
1,1,1,1,1106,-1087,-1962,35,100,-159,-5,34,68,0,0,0,0,0,0,0,0,0,0,0,0,0,0,0,0,0,0,0,0,0,0,57197
1,1,1,1,992,-1063,-1988,107,93,-163,-5,34,68,0,0,0,0,0,0,0,0,0,0,0,0,0,0,0,0,0,0,0,0,0,0,57207
1,1,1,1,995,-1110,-2031,148,107,-193,-7,36,70,0,0,0,0,0,0,0,0,0,0,0,0,0,0,0,0,0,0,0,0,0,0,57217
1,1,1,1,960,-1111,-2022,184,101,-190,-7,35,70,0,0,0,0,0,0,0,0,0,0,0,0,0,0,0,0,0,0,0,0,0,0,57227
1,1,1,1,972,-1156,-2032,239,125,-193,-6,36,69,0,0,0,0,0,0,0,0,0,0,0,0,0,0,0,0,0,0,0,0,0,0,57237
1,1,1,1,1021,-1180,-2032,262,139,-186,-7,34,67,0,0,0,0,0,0,0,0,0,0,0,0,0,0,0,0,0,0,0,0,0,0,57247
1,1,1,1,1063,-1198,-2041,250,141,-175,-5,35,69,0,0,0,0,0,0,0,0,0,0,0,0,0,0,0,0,0,0,0,0,0,0,57257
1,1,1,1,1103,-1228,-2008,224,135,-157,-6,34,68,0,0,0,0,0,0,0,0,0,0,0,0,0,0,0,0,0,0,0,0,0,0,57267
1,1,1,1,1131,-1244,-2022,141,115,-141,-7,35,65,0,0,0,0,0,0,0,0,0,0,0,0,0,0,0,0,0,0,0,0,0,0,57277
1,1,1,1,1124,-1225,-2003,75,101,-130,-4,34,67,0,0,0,0,0,0,0,0,0,0,0,0,0,0,0,0,0,0,0,0,0,0,57287
1,1,1,1,1075,-1188,-1977,75,87,-124,-4,35,69,0,0,0,0,0,0,0,0,0,0,0,0,0,0,0,0,0,0,0,0,0,0,57297
1,1,1,1,1028,-1198,-2022,94,84,-124,-8,35,71,0,0,0,0,0,0,0,0,0,0,0,0,0,0,0,0,0,0,0,0,0,0,57307
1,1,1,1,994,-1219,-2039,88,60,-120,-9,35,70,0,0,0,0,0,0,0,0,0,0,0,0,0,0,0,0,0,0,0,0,0,0,57317
1,1,1,1,974,-1231,-2021,73,38,-126,-12,35,74,0,0,0,0,0,0,0,0,0,0,0,0,0,0,0,0,0,0,0,0,0,0,57327
1,1,1,1,949,-1230,-2018,85,34,-137,-11,35,77,0,0,0,0,0,0,0,0,0,0,0,0,0,0,0,0,0,0,0,0,0,0,57337
1,1,1,1,942,-1257,-2041,92,25,-143,-13,35,77,0,0,0,0,0,0,0,0,0,0,0,0,0,0,0,0,0,0,0,0,0,0,57347
1,1,1,1,910,-1278,-2068,64,-1,-130,-15,35,78,0,0,0,0,0,0,0,0,0,0,0,0,0,0,0,0,0,0,0,0,0,0,57357
1,1,1,1,888,-1294,-2079,38,-9,-105,-12,36,79,0,0,0,0,0,0,0,0,0,0,0,0,0,0,0,0,0,0,0,0,0,0,57367
1,1,1,1,866,-1295,-2067,8,-28,-67,-14,36,77,0,0,0,0,0,0,0,0,0,0,0,0,0,0,0,0,0,0,0,0,0,0,57377
1,1,1,1,836,-1250,-2063,-22,-58,-23,-14,36,75,0,0,0,0,0,0,0,0,0,0,0,0,0,0,0,0,0,0,0,0,0,0,57387
1,1,1,1,824,-1207,-2072,-30,-79,49,-15,35,75,0,0,0,0,0,0,0,0,0,0,0,0,0,0,0,0,0,0,0,0,0,0,57397
1,1,1,1,821,-1169,-2107,-13,-87,128,-14,34,73,0,0,0,0,0,0,0,0,0,0,0,0,0,0,0,0,0,0,0,0,0,0,57407
1,1,1,1,884,-1161,-2126,-39,-87,187,-14,37,70,0,0,0,0,0,0,0,0,0,0,0,0,0,0,0,0,0,0,0,0,0,0,57417
1,1,1,1,933,-1166,-2072,-35,-66,270,-12,37,64,0,0,0,0,0,0,0,0,0,0,0,0,0,0,0,0,0,0,0,0,0,0,57427
1,1,1,1,1059,-1132,-2008,-80,-50,399,-8,32,60,0,0,0,0,0,0,0,0,0,0,0,0,0,0,0,0,0,0,0,0,0,0,57437
1,1,1,1,1124,-1152,-1949,-144,-35,441,-11,34,56,0,0,0,0,0,0,0,0,0,0,0,0,0,0,0,0,0,0,0,0,0,0,57447
1,1,1,1,1213,-1180,-1914,-128,4,454,-11,32,59,0,0,0,0,0,0,0,0,0,0,0,0,0,0,0,0,0,0,0,0,0,0,57457
1,1,1,1,1316,-1206,-1876,-143,43,396,-10,30,59,0,0,0,0,0,0,0,0,0,0,0,0,0,0,0,0,0,0,0,0,0,0,57467
1,1,1,1,1279,-1271,-1866,-109,12,224,-11,33,59,0,0,0,0,0,0,0,0,0,0,0,0,0,0,0,0,0,0,0,0,0,0,57477
1,1,1,1,1263,-1220,-1914,-83,-46,195,-8,32,60,0,0,0,0,0,0,0,0,0,0,0,0,0,0,0,0,0,0,0,0,0,0,57487
1,1,1,1,1316,-1289,-1970,-127,-46,92,-12,34,61,0,0,0,0,0,0,0,0,0,0,0,0,0,0,0,0,0,0,0,0,0,0,57497
1,1,1,1,1265,-1217,-2035,-162,30,118,-8,34,60,0,0,0,0,0,0,0,0,0,0,0,0,0,0,0,0,0,0,0,0,0,0,57507
1,1,1,1,1114,-1169,-2042,-101,64,132,-6,35,58,0,0,0,0,0,0,0,0,0,0,0,0,0,0,0,0,0,0,0,0,0,0,57517
1,1,1,1,1089,-1189,-2066,-44,49,77,-7,33,58,0,0,0,0,0,0,0,0,0,0,0,0,0,0,0,0,0,0,0,0,0,0,57527
1,1,1,1,1100,-1152,-2059,-43,36,94,-6,32,54,0,0,0,0,0,0,0,0,0,0,0,0,0,0,0,0,0,0,0,0,0,0,57537
1,1,1,1,1099,-1122,-2011,-48,36,113,-8,31,58,0,0,0,0,0,0,0,0,0,0,0,0,0,0,0,0,0,0,0,0,0,0,57547
1,1,1,1,1020,-1113,-1951,57,70,45,-6,32,54,0,0,0,0,0,0,0,0,0,0,0,0,0,0,0,0,0,0,0,0,0,0,57557
1,1,1,1,1021,-1073,-1936,184,45,21,-6,30,49,0,0,0,0,0,0,0,0,0,0,0,0,0,0,0,0,0,0,0,0,0,0,57567
1,1,1,1,1100,-1102,-1997,157,47,95,-7,30,48,0,0,0,0,0,0,0,0,0,0,0,0,0,0,0,0,0,0,0,0,0,0,57577
1,1,1,1,1137,-1267,-2002,-11,108,113,-3,29,49,0,0,0,0,0,0,0,0,0,0,0,0,0,0,0,0,0,0,0,0,0,0,57587
1,1,1,1,1198,-1355,-2030,-7,178,0,-5,28,44,0,0,0,0,0,0,0,0,0,0,0,0,0,0,0,0,0,0,0,0,0,0,57597
1,1,1,1,1232,-1218,-1931,55,97,-125,-6,27,44,0,0,0,0,0,0,0,0,0,0,0,0,0,0,0,0,0,0,0,0,0,0,57607
1,1,1,1,1127,-1173,-1977,0,86,-227,-6,24,41,0,0,0,0,0,0,0,0,0,0,0,0,0,0,0,0,0,0,0,0,0,0,57627
1,1,1,1,1057,-1131,-1944,32,143,-311,-3,25,37,0,0,0,0,0,0,0,0,0,0,0,0,0,0,0,0,0,0,0,0,0,0,57637
1,1,1,1,1004,-1095,-1949,194,171,-473,-3,24,38,0,0,0,0,0,0,0,0,0,0,0,0,0,0,0,0,0,0,0,0,0,0,57647
1,1,1,1,977,-1103,-1999,262,201,-627,-1,23,37,0,0,0,0,0,0,0,0,0,0,0,0,0,0,0,0,0,0,0,0,0,0,57657
1,1,1,1,1033,-1138,-1999,269,230,-716,-3,22,34,0,0,0,0,0,0,0,0,0,0,0,0,0,0,0,0,0,0,0,0,0,0,57667
1,1,1,1,1083,-1131,-2010,219,295,-747,-2,21,33,0,0,0,0,0,0,0,0,0,0,0,0,0,0,0,0,0,0,0,0,0,0,57677
1,1,1,1,1103,-1178,-2032,178,469,-754,-4,22,31,0,0,0,0,0,0,0,0,0,0,0,0,0,0,0,0,0,0,0,0,0,0,57687
1,1,1,1,1198,-1210,-1961,99,556,-703,-2,21,28,0,0,0,0,0,0,0,0,0,0,0,0,0,0,0,0,0,0,0,0,0,0,57697
1,1,1,1,1237,-1180,-1890,-20,501,-581,-2,20,28,0,0,0,0,0,0,0,0,0,0,0,0,0,0,0,0,0,0,0,0,0,0,57707
1,1,1,1,1219,-1110,-1862,-33,388,-472,-5,25,28,0,0,0,0,0,0,0,0,0,0,0,0,0,0,0,0,0,0,0,0,0,0,57717
1,1,1,1,1216,-1051,-1878,60,325,-446,-1,19,23,0,0,0,0,0,0,0,0,0,0,0,0,0,0,0,0,0,0,0,0,0,0,57727
1,1,1,1,1237,-1027,-1936,149,336,-474,1,17,25,0,0,0,0,0,0,0,0,0,0,0,0,0,0,0,0,0,0,0,0,0,0,57737
1,1,1,1,1242,-1002,-2037,207,473,-538,-3,19,26,0,0,0,0,0,0,0,0,0,0,0,0,0,0,0,0,0,0,0,0,0,0,57747
1,1,1,1,1287,-1020,-2060,225,670,-574,-3,17,25,0,0,0,0,0,0,0,0,0,0,0,0,0,0,0,0,0,0,0,0,0,0,57757
1,1,1,1,1402,-1103,-2002,144,813,-529,-4,19,21,0,0,0,0,0,0,0,0,0,0,0,0,0,0,0,0,0,0,0,0,0,0,57767
1,1,1,1,1525,-1172,-1845,58,819,-446,-3,21,22,0,0,0,0,0,0,0,0,0,0,0,0,0,0,0,0,0,0,0,0,0,0,57777
1,1,1,1,1709,-1255,-1692,-86,642,-376,-3,18,21,0,0,0,0,0,0,0,0,0,0,0,0,0,0,0,0,0,0,0,0,0,0,57787
1,1,1,1,1822,-1258,-1579,-268,299,-342,-2,20,22,0,0,0,0,0,0,0,0,0,0,0,0,0,0,0,0,0,0,0,0,0,0,57797
1,1,1,1,1791,-1169,-1561,-308,-131,-361,-2,22,25,0,0,0,0,0,0,0,0,0,0,0,0,0,0,0,0,0,0,0,0,0,0,57807
1,1,1,1,1742,-1127,-1636,-275,-504,-415,-1,21,25,0,0,0,0,0,0,0,0,0,0,0,0,0,0,0,0,0,0,0,0,0,0,57817
1,1,1,1,1678,-1085,-1802,-278,-694,-473,-2,20,26,0,0,0,0,0,0,0,0,0,0,0,0,0,0,0,0,0,0,0,0,0,0,57827
1,1,1,1,1584,-1062,-1922,-332,-808,-528,-3,20,25,0,0,0,0,0,0,0,0,0,0,0,0,0,0,0,0,0,0,0,0,0,0,57837
1,1,1,1,1445,-1044,-2057,-324,-763,-550,-5,19,22,0,0,0,0,0,0,0,0,0,0,0,0,0,0,0,0,0,0,0,0,0,0,57847
1,1,1,1,1355,-1058,-2179,-308,-595,-562,-6,19,24,0,0,0,0,0,0,0,0,0,0,0,0,0,0,0,0,0,0,0,0,0,0,57857
1,1,1,1,1324,-1063,-2157,-346,-420,-516,-5,19,27,0,0,0,0,0,0,0,0,0,0,0,0,0,0,0,0,0,0,0,0,0,0,57867
1,1,1,1,1331,-1110,-2051,-412,-345,-447,-3,19,25,0,0,0,0,0,0,0,0,0,0,0,0,0,0,0,0,0,0,0,0,0,0,57877
1,1,1,1,1338,-1160,-1939,-376,-407,-460,-6,20,26,0,0,0,0,0,0,0,0,0,0,0,0,0,0,0,0,0,0,0,0,0,0,57887
1,1,1,1,1339,-1173,-1930,-310,-499,-534,-4,20,28,0,0,0,0,0,0,0,0,0,0,0,0,0,0,0,0,0,0,0,0,0,0,57897
1,1,1,1,1276,-1165,-2017,-243,-515,-641,-3,19,31,0,0,0,0,0,0,0,0,0,0,0,0,0,0,0,0,0,0,0,0,0,0,57907
1,1,1,1,1229,-1138,-2096,-217,-462,-739,-6,19,27,0,0,0,0,0,0,0,0,0,0,0,0,0,0,0,0,0,0,0,0,0,0,57917
1,1,1,1,1257,-1076,-2077,-295,-498,-781,-8,19,25,0,0,0,0,0,0,0,0,0,0,0,0,0,0,0,0,0,0,0,0,0,0,57927
1,1,1,1,1217,-1013,-2058,-491,-557,-757,-5,18,25,0,0,0,0,0,0,0,0,0,0,0,0,0,0,0,0,0,0,0,0,0,0,57937
1,1,1,1,1213,-1006,-2041,-511,-563,-801,-6,18,23,0,0,0,0,0,0,0,0,0,0,0,0,0,0,0,0,0,0,0,0,0,0,57947
1,1,1,1,1190,-881,-1994,-487,-493,-783,-3,15,13,0,0,0,0,0,0,0,0,0,0,0,0,0,0,0,0,0,0,0,0,0,0,57957
1,1,1,1,1104,-622,-2010,-265,-237,-582,-2,13,14,0,0,0,0,0,0,0,0,0,0,0,0,0,0,0,0,0,0,0,0,0,0,57967
1,1,1,1,1064,-527,-2023,-51,-130,-450,-4,13,13,0,0,0,0,0,0,0,0,0,0,0,0,0,0,0,0,0,0,0,0,0,0,57977
1,1,1,1,1139,-563,-1928,14,-196,-331,-5,12,10,0,0,0,0,0,0,0,0,0,0,0,0,0,0,0,0,0,0,0,0,0,0,57987
1,1,1,1,1241,-715,-1896,-155,-385,-259,-7,12,14,0,0,0,0,0,0,0,0,0,0,0,0,0,0,0,0,0,0,0,0,0,0,57997
1,1,1,1,1256,-877,-2005,-381,-522,-279,-11,12,14,0,0,0,0,0,0,0,0,0,0,0,0,0,0,0,0,0,0,0,0,0,0,58007
1,1,1,1,1228,-955,-2079,-615,-567,-344,-10,11,17,0,0,0,0,0,0,0,0,0,0,0,0,0,0,0,0,0,0,0,0,0,0,58017
1,1,1,1,1141,-930,-2076,-643,-494,-419,-9,12,14,0,0,0,0,0,0,0,0,0,0,0,0,0,0,0,0,0,0,0,0,0,0,58027
1,1,1,1,1093,-822,-2034,-300,-356,-515,-9,6,8,0,0,0,0,0,0,0,0,0,0,0,0,0,0,0,0,0,0,0,0,0,0,58037
1,1,1,1,1101,-788,-2046,69,-242,-629,-6,-4,-5,0,0,0,0,0,0,0,0,0,0,0,0,0,0,0,0,0,0,0,0,0,0,58047
1,1,1,1,1108,-698,-1966,620,-101,-753,-3,-19,-12,0,0,0,0,0,0,0,0,0,0,0,0,0,0,0,0,0,0,0,0,0,0,58057
1,1,1,1,1090,-539,-1792,1533,68,-914,-12,-27,-20,0,0,0,0,0,0,0,0,0,0,0,0,0,0,0,0,0,0,0,0,0,0,58067
1,1,1,1,1090,-539,-1792,1073,86,-1020,-29,-29,-30,0,0,0,0,0,0,0,0,0,0,0,0,0,0,0,0,0,0,0,0,0,0,58077
1,1,1,1,939,-336,-2477,-352,-180,-770,-24,-30,-32,0,0,0,0,0,0,0,0,0,0,0,0,0,0,0,0,0,0,0,0,0,0,58087
1,1,1,1,1492,-849,-2171,-468,-201,-653,-27,-31,-30,0,0,0,0,0,0,0,0,0,0,0,0,0,0,0,0,0,0,0,0,0,0,58097
1,1,1,1,1495,-1053,-2318,-1213,-145,-734,-27,-32,-32,0,0,0,0,0,0,0,0,0,0,0,0,0,0,0,0,0,0,0,0,0,0,58107
1,1,1,1,1398,-1053,-2330,-1630,-271,-836,-26,-38,-37,0,0,0,0,0,0,0,0,0,0,0,0,0,0,0,0,0,0,0,0,0,0,58117
1,1,1,1,1228,-791,-2241,-1669,-259,-942,-25,-40,-42,0,0,0,0,0,0,0,0,0,0,0,0,0,0,0,0,0,0,0,0,0,0,58127
1,1,1,1,1172,-528,-2067,-1414,-140,-1013,-22,-45,-49,0,0,0,0,0,0,0,0,0,0,0,0,0,0,0,0,0,0,0,0,0,0,58137
1,1,1,1,1216,-442,-1937,-1000,-76,-989,-23,-49,-56,0,0,0,0,0,0,0,0,0,0,0,0,0,0,0,0,0,0,0,0,0,0,58147
1,1,1,1,1319,-411,-1952,-802,-97,-932,-26,-52,-61,0,0,0,0,0,0,0,0,0,0,0,0,0,0,0,0,0,0,0,0,0,0,58157
1,1,1,1,1343,-433,-2019,-667,-132,-896,-29,-53,-65,0,0,0,0,0,0,0,0,0,0,0,0,0,0,0,0,0,0,0,0,0,0,58167
1,1,1,1,1322,-506,-2083,-759,-182,-829,-28,-54,-65,0,0,0,0,0,0,0,0,0,0,0,0,0,0,0,0,0,0,0,0,0,0,58177
1,1,1,1,1226,-631,-2232,-758,-165,-783,-24,-55,-66,0,0,0,0,0,0,0,0,0,0,0,0,0,0,0,0,0,0,0,0,0,0,58187
1,1,1,1,1090,-684,-2281,-579,-97,-742,-22,-54,-66,0,0,0,0,0,0,0,0,0,0,0,0,0,0,0,0,0,0,0,0,0,0,58197
1,1,1,1,990,-689,-2282,-423,-56,-673,-25,-53,-69,0,0,0,0,0,0,0,0,0,0,0,0,0,0,0,0,0,0,0,0,0,0,58207
1,1,1,1,990,-712,-2270,-535,-101,-551,-24,-55,-73,0,0,0,0,0,0,0,0,0,0,0,0,0,0,0,0,0,0,0,0,0,0,58217
1,1,1,1,974,-757,-2255,-562,-168,-445,-26,-56,-74,0,0,0,0,0,0,0,0,0,0,0,0,0,0,0,0,0,0,0,0,0,0,58227
1,1,1,1,941,-686,-2327,-555,-228,-336,-27,-56,-73,0,0,0,0,0,0,0,0,0,0,0,0,0,0,0,0,0,0,0,0,0,0,58237
1,1,1,1,949,-511,-2353,-658,-272,-219,-29,-55,-71,0,0,0,0,0,0,0,0,0,0,0,0,0,0,0,0,0,0,0,0,0,0,58247
1,1,1,1,1047,-425,-2218,-876,-283,-188,-27,-53,-69,0,0,0,0,0,0,0,0,0,0,0,0,0,0,0,0,0,0,0,0,0,0,58257
1,1,1,1,1161,-455,-2175,-1010,-263,-271,-26,-54,-68,0,0,0,0,0,0,0,0,0,0,0,0,0,0,0,0,0,0,0,0,0,0,58267
1,1,1,1,1133,-482,-2191,-1139,-264,-341,-22,-55,-70,0,0,0,0,0,0,0,0,0,0,0,0,0,0,0,0,0,0,0,0,0,0,58277
1,1,1,1,1095,-459,-2145,-1223,-278,-369,-24,-55,-75,0,0,0,0,0,0,0,0,0,0,0,0,0,0,0,0,0,0,0,0,0,0,58287
1,1,1,1,1057,-415,-2059,-1061,-275,-340,-23,-57,-77,0,0,0,0,0,0,0,0,0,0,0,0,0,0,0,0,0,0,0,0,0,0,58297
1,1,1,1,1003,-335,-2025,-766,-274,-277,-25,-53,-77,0,0,0,0,0,0,0,0,0,0,0,0,0,0,0,0,0,0,0,0,0,0,58307
1,1,1,1,976,-264,-2037,-519,-259,-194,-25,-55,-76,0,0,0,0,0,0,0,0,0,0,0,0,0,0,0,0,0,0,0,0,0,0,58317
1,1,1,1,990,-264,-2138,-503,-234,-123,-29,-54,-77,0,0,0,0,0,0,0,0,0,0,0,0,0,0,0,0,0,0,0,0,0,0,58327
1,1,1,1,1039,-305,-2278,-693,-215,-85,-27,-57,-75,0,0,0,0,0,0,0,0,0,0,0,0,0,0,0,0,0,0,0,0,0,0,58337
1,1,1,1,1071,-317,-2286,-817,-193,-64,-23,-58,-75,0,0,0,0,0,0,0,0,0,0,0,0,0,0,0,0,0,0,0,0,0,0,58347
1,1,1,1,1080,-264,-2178,-765,-155,-70,-24,-56,-74,0,0,0,0,0,0,0,0,0,0,0,0,0,0,0,0,0,0,0,0,0,0,58357
1,1,1,1,1150,-208,-2121,-721,-113,-73,-22,-54,-73,0,0,0,0,0,0,0,0,0,0,0,0,0,0,0,0,0,0,0,0,0,0,58367
1,1,1,1,1189,-170,-2070,-600,-79,-50,-21,-51,-71,0,0,0,0,0,0,0,0,0,0,0,0,0,0,0,0,0,0,0,0,0,0,58377
1,1,1,1,1079,-117,-2045,-385,-30,-5,-19,-50,-72,0,0,0,0,0,0,0,0,0,0,0,0,0,0,0,0,0,0,0,0,0,0,58387
1,1,1,1,1062,-104,-2020,-157,16,29,-17,-50,-65,0,0,0,0,0,0,0,0,0,0,0,0,0,0,0,0,0,0,0,0,0,0,58397
1,1,1,1,1100,-112,-2037,-30,43,43,-18,-48,-61,0,0,0,0,0,0,0,0,0,0,0,0,0,0,0,0,0,0,0,0,0,0,58407
1,1,1,1,1097,-127,-2084,-3,49,63,-19,-46,-60,0,0,0,0,0,0,0,0,0,0,0,0,0,0,0,0,0,0,0,0,0,0,58417
1,1,1,1,1081,-145,-2103,-33,43,90,-19,-44,-56,0,0,0,0,0,0,0,0,0,0,0,0,0,0,0,0,0,0,0,0,0,0,58427
1,1,1,1,1096,-200,-2131,-149,14,111,-19,-42,-55,0,0,0,0,0,0,0,0,0,0,0,0,0,0,0,0,0,0,0,0,0,0,58437
1,1,1,1,1127,-255,-2133,-281,-33,97,-17,-43,-56,0,0,0,0,0,0,0,0,0,0,0,0,0,0,0,0,0,0,0,0,0,0,58447
1,1,1,1,1084,-220,-2096,-209,-50,103,-16,-43,-58,0,0,0,0,0,0,0,0,0,0,0,0,0,0,0,0,0,0,0,0,0,0,58457
1,1,1,1,1055,-154,-2063,-90,-77,154,-18,-42,-56,0,0,0,0,0,0,0,0,0,0,0,0,0,0,0,0,0,0,0,0,0,0,58467
1,1,1,1,1021,-141,-2127,-43,-91,232,-17,-41,-54,0,0,0,0,0,0,0,0,0,0,0,0,0,0,0,0,0,0,0,0,0,0,58477
1,1,1,1,930,-112,-2173,109,-53,334,-13,-38,-53,0,0,0,0,0,0,0,0,0,0,0,0,0,0,0,0,0,0,0,0,0,0,58487
1,1,1,1,907,-89,-2220,347,45,473,-8,-32,-44,0,0,0,0,0,0,0,0,0,0,0,0,0,0,0,0,0,0,0,0,0,0,58497
1,1,1,1,930,-91,-2198,631,147,624,-5,-25,-41,0,0,0,0,0,0,0,0,0,0,0,0,0,0,0,0,0,0,0,0,0,0,58507
1,1,1,1,927,-140,-2157,827,220,741,-3,-18,-27,0,0,0,0,0,0,0,0,0,0,0,0,0,0,0,0,0,0,0,0,0,0,58517
1,1,1,1,1026,-317,-2069,741,146,696,-4,-12,-16,0,0,0,0,0,0,0,0,0,0,0,0,0,0,0,0,0,0,0,0,0,0,58527
1,1,1,1,1153,-440,-2120,456,3,604,-4,-7,-14,0,0,0,0,0,0,0,0,0,0,0,0,0,0,0,0,0,0,0,0,0,0,58537
1,1,1,1,1147,-489,-2190,234,-85,599,-3,-5,-11,0,0,0,0,0,0,0,0,0,0,0,0,0,0,0,0,0,0,0,0,0,0,58547
1,1,1,1,1090,-460,-2244,214,-106,662,-2,-2,-11,0,0,0,0,0,0,0,0,0,0,0,0,0,0,0,0,0,0,0,0,0,0,58557
1,1,1,1,1047,-402,-2282,348,-44,744,0,8,1,0,0,0,0,0,0,0,0,0,0,0,0,0,0,0,0,0,0,0,0,0,0,58567
1,1,1,1,1148,-521,-2236,383,-41,682,7,16,-2,0,0,0,0,0,0,0,0,0,0,0,0,0,0,0,0,0,0,0,0,0,0,58577
1,1,1,1,1326,-465,-2246,368,-76,494,12,22,4,0,0,0,0,0,0,0,0,0,0,0,0,0,0,0,0,0,0,0,0,0,0,58587
1,1,1,1,1199,-347,-2129,534,-19,657,12,29,22,0,0,0,0,0,0,0,0,0,0,0,0,0,0,0,0,0,0,0,0,0,0,58597
1,1,1,1,1278,-465,-2180,614,-46,620,10,34,26,0,0,0,0,0,0,0,0,0,0,0,0,0,0,0,0,0,0,0,0,0,0,58607
1,1,1,1,1302,-459,-2187,519,-47,603,5,42,33,0,0,0,0,0,0,0,0,0,0,0,0,0,0,0,0,0,0,0,0,0,0,58617
1,1,1,1,1218,-478,-2235,250,-102,629,10,38,35,0,0,0,0,0,0,0,0,0,0,0,0,0,0,0,0,0,0,0,0,0,0,58627
1,1,1,1,1139,-484,-2302,43,-150,680,7,45,37,0,0,0,0,0,0,0,0,0,0,0,0,0,0,0,0,0,0,0,0,0,0,58637
1,1,1,1,1155,-537,-2256,-277,-218,693,8,39,33,0,0,0,0,0,0,0,0,0,0,0,0,0,0,0,0,0,0,0,0,0,0,58647
1,1,1,1,1161,-531,-2192,-489,-261,694,6,41,33,0,0,0,0,0,0,0,0,0,0,0,0,0,0,0,0,0,0,0,0,0,0,58657
1,1,1,1,1120,-487,-2154,-339,-231,691,6,32,24,0,0,0,0,0,0,0,0,0,0,0,0,0,0,0,0,0,0,0,0,0,0,58667
1,1,1,1,1104,-421,-2099,43,-150,672,6,27,18,0,0,0,0,0,0,0,0,0,0,0,0,0,0,0,0,0,0,0,0,0,0,58677
1,1,1,1,1062,-293,-2107,529,-43,685,7,17,9,0,0,0,0,0,0,0,0,0,0,0,0,0,0,0,0,0,0,0,0,0,0,58687
1,1,1,1,1111,-351,-2155,595,4,556,2,13,-2,0,0,0,0,0,0,0,0,0,0,0,0,0,0,0,0,0,0,0,0,0,0,58697
1,1,1,1,1221,-347,-2166,420,0,391,2,7,-8,0,0,0,0,0,0,0,0,0,0,0,0,0,0,0,0,0,0,0,0,0,0,58707
1,1,1,1,1177,-364,-2106,195,-45,235,1,3,-6,0,0,0,0,0,0,0,0,0,0,0,0,0,0,0,0,0,0,0,0,0,0,58717
1,1,1,1,1246,-399,-2048,73,-99,78,-2,-3,-11,0,0,0,0,0,0,0,0,0,0,0,0,0,0,0,0,0,0,0,0,0,0,58727
1,1,1,1,1290,-433,-2018,57,-158,-138,-5,-7,-11,0,0,0,0,0,0,0,0,0,0,0,0,0,0,0,0,0,0,0,0,0,0,58737
1,1,1,1,1334,-421,-1977,149,-204,-308,-9,-13,-11,0,0,0,0,0,0,0,0,0,0,0,0,0,0,0,0,0,0,0,0,0,0,58747
1,1,1,1,1349,-416,-2036,499,-231,-430,-9,-19,-11,0,0,0,0,0,0,0,0,0,0,0,0,0,0,0,0,0,0,0,0,0,0,58757
1,1,1,1,1307,-388,-2101,813,-221,-473,-10,-21,-11,0,0,0,0,0,0,0,0,0,0,0,0,0,0,0,0,0,0,0,0,0,0,58767
1,1,1,1,1240,-379,-2218,1118,-157,-465,-13,-23,-13,0,0,0,0,0,0,0,0,0,0,0,0,0,0,0,0,0,0,0,0,0,0,58777
1,1,1,1,1203,-359,-2274,1440,-58,-440,-13,-25,-11,0,0,0,0,0,0,0,0,0,0,0,0,0,0,0,0,0,0,0,0,0,0,58787
1,1,1,1,1228,-389,-2315,1484,-16,-420,-13,-24,-17,0,0,0,0,0,0,0,0,0,0,0,0,0,0,0,0,0,0,0,0,0,0,58797
1,1,1,1,1210,-453,-2317,1447,30,-409,-13,-22,-11,0,0,0,0,0,0,0,0,0,0,0,0,0,0,0,0,0,0,0,0,0,0,58807
1,1,1,1,1267,-518,-2203,1400,72,-432,-18,-21,-11,0,0,0,0,0,0,0,0,0,0,0,0,0,0,0,0,0,0,0,0,0,0,58817
1,1,1,1,1288,-607,-2121,1008,-12,-478,-20,-20,-11,0,0,0,0,0,0,0,0,0,0,0,0,0,0,0,0,0,0,0,0,0,0,58827
1,1,1,1,1255,-616,-2179,601,-147,-542,-28,-20,-12,0,0,0,0,0,0,0,0,0,0,0,0,0,0,0,0,0,0,0,0,0,0,58837
1,1,1,1,1331,-619,-2256,-2,-243,-549,-28,-21,-11,0,0,0,0,0,0,0,0,0,0,0,0,0,0,0,0,0,0,0,0,0,0,58847
1,1,1,1,1234,-634,-2250,-325,-253,-568,-24,-24,-11,0,0,0,0,0,0,0,0,0,0,0,0,0,0,0,0,0,0,0,0,0,0,58857
1,1,1,1,1057,-607,-2159,-26,-137,-559,-24,-26,-10,0,0,0,0,0,0,0,0,0,0,0,0,0,0,0,0,0,0,0,0,0,0,58867
1,1,1,1,954,-601,-2122,180,-78,-528,-29,-27,-11,0,0,0,0,0,0,0,0,0,0,0,0,0,0,0,0,0,0,0,0,0,0,58877
1,1,1,1,952,-685,-2252,91,-41,-521,-29,-29,-11,0,0,0,0,0,0,0,0,0,0,0,0,0,0,0,0,0,0,0,0,0,0,58887
1,1,1,1,959,-753,-2307,-235,5,-518,-32,-29,-11,0,0,0,0,0,0,0,0,0,0,0,0,0,0,0,0,0,0,0,0,0,0,58897
1,1,1,1,962,-810,-2401,-714,-19,-511,-34,-30,-12,0,0,0,0,0,0,0,0,0,0,0,0,0,0,0,0,0,0,0,0,0,0,58907
1,1,1,1,974,-781,-2367,-1218,-84,-466,-37,-26,-11,0,0,0,0,0,0,0,0,0,0,0,0,0,0,0,0,0,0,0,0,0,0,58917
1,1,1,1,1030,-788,-2228,-1590,-161,-457,-33,-31,-11,0,0,0,0,0,0,0,0,0,0,0,0,0,0,0,0,0,0,0,0,0,0,58927
1,1,1,1,1088,-753,-2154,-1455,-147,-505,-31,-40,-22,0,0,0,0,0,0,0,0,0,0,0,0,0,0,0,0,0,0,0,0,0,0,58937
1,1,1,1,1118,-645,-2172,-1222,-108,-549,-34,-49,-35,0,0,0,0,0,0,0,0,0,0,0,0,0,0,0,0,0,0,0,0,0,0,58947
1,1,1,1,1148,-493,-2186,-1105,-63,-603,-33,-52,-48,0,0,0,0,0,0,0,0,0,0,0,0,0,0,0,0,0,0,0,0,0,0,58957
1,1,1,1,1102,-328,-2057,-755,-20,-638,-34,-60,-56,0,0,0,0,0,0,0,0,0,0,0,0,0,0,0,0,0,0,0,0,0,0,58967
1,1,1,1,1099,-202,-2082,-515,26,-628,-36,-64,-62,0,0,0,0,0,0,0,0,0,0,0,0,0,0,0,0,0,0,0,0,0,0,58977
1,1,1,1,1032,-230,-2224,-607,35,-583,-39,-68,-69,0,0,0,0,0,0,0,0,0,0,0,0,0,0,0,0,0,0,0,0,0,0,58987
1,1,1,1,940,-264,-2321,-869,38,-531,-39,-68,-65,0,0,0,0,0,0,0,0,0,0,0,0,0,0,0,0,0,0,0,0,0,0,58997
1,1,1,1,928,-295,-2412,-1097,96,-517,-41,-66,-65,0,0,0,0,0,0,0,0,0,0,0,0,0,0,0,0,0,0,0,0,0,0,59007
1,1,1,1,929,-297,-2408,-1506,82,-486,-39,-65,-64,0,0,0,0,0,0,0,0,0,0,0,0,0,0,0,0,0,0,0,0,0,0,59017
1,1,1,1,968,-245,-2399,-1909,27,-395,-37,-60,-61,0,0,0,0,0,0,0,0,0,0,0,0,0,0,0,0,0,0,0,0,0,0,59027
1,1,1,1,1019,-215,-2296,-2149,-25,-311,-36,-54,-55,0,0,0,0,0,0,0,0,0,0,0,0,0,0,0,0,0,0,0,0,0,0,59037
1,1,1,1,1090,-279,-2202,-2347,-90,-282,-29,-51,-55,0,0,0,0,0,0,0,0,0,0,0,0,0,0,0,0,0,0,0,0,0,0,59047
1,1,1,1,1053,-197,-2119,-2125,-114,-242,-20,-47,-53,0,0,0,0,0,0,0,0,0,0,0,0,0,0,0,0,0,0,0,0,0,0,59057
1,1,1,1,981,-55,-2011,-1450,-55,-129,-17,-42,-50,0,0,0,0,0,0,0,0,0,0,0,0,0,0,0,0,0,0,0,0,0,0,59067
1,1,1,1,1013,-14,-2063,-937,12,-15,-13,-36,-46,0,0,0,0,0,0,0,0,0,0,0,0,0,0,0,0,0,0,0,0,0,0,59077
1,1,1,1,1006,-19,-2168,-829,15,46,-10,-28,-43,0,0,0,0,0,0,0,0,0,0,0,0,0,0,0,0,0,0,0,0,0,0,59087
1,1,1,1,946,-4,-2215,-843,-1,154,-7,-23,-37,0,0,0,0,0,0,0,0,0,0,0,0,0,0,0,0,0,0,0,0,0,0,59097
1,1,1,1,916,-46,-2295,-981,-43,276,-2,-13,-16,0,0,0,0,0,0,0,0,0,0,0,0,0,0,0,0,0,0,0,0,0,0,59107
1,1,1,1,909,-114,-2334,-1204,-79,363,-4,-2,-11,0,0,0,0,0,0,0,0,0,0,0,0,0,0,0,0,0,0,0,0,0,0,59117
1,1,1,1,941,-147,-2219,-1605,-194,366,-3,0,-11,0,0,0,0,0,0,0,0,0,0,0,0,0,0,0,0,0,0,0,0,0,0,59127
1,1,1,1,984,-132,-2066,-1963,-338,239,-2,4,-11,0,0,0,0,0,0,0,0,0,0,0,0,0,0,0,0,0,0,0,0,0,0,59137
1,1,1,1,890,-56,-1993,-1689,-374,106,0,5,-10,0,0,0,0,0,0,0,0,0,0,0,0,0,0,0,0,0,0,0,0,0,0,59147
1,1,1,1,799,55,-1898,-1181,-345,114,2,7,-8,0,0,0,0,0,0,0,0,0,0,0,0,0,0,0,0,0,0,0,0,0,0,59157
1,1,1,1,762,67,-2018,-889,-319,183,0,8,-4,0,0,0,0,0,0,0,0,0,0,0,0,0,0,0,0,0,0,0,0,0,0,59167
1,1,1,1,762,11,-2121,-761,-302,252,0,10,-1,0,0,0,0,0,0,0,0,0,0,0,0,0,0,0,0,0,0,0,0,0,0,59177
1,1,1,1,788,29,-2146,-719,-287,323,2,14,6,0,0,0,0,0,0,0,0,0,0,0,0,0,0,0,0,0,0,0,0,0,0,59187
1,1,1,1,833,75,-2180,-720,-271,435,0,18,7,0,0,0,0,0,0,0,0,0,0,0,0,0,0,0,0,0,0,0,0,0,0,59197
1,1,1,1,975,84,-2180,-770,-264,504,-5,20,20,0,0,0,0,0,0,0,0,0,0,0,0,0,0,0,0,0,0,0,0,0,0,59207
1,1,1,1,1147,81,-2117,-957,-309,469,-1,30,28,0,0,0,0,0,0,0,0,0,0,0,0,0,0,0,0,0,0,0,0,0,0,59217
1,1,1,1,1178,141,-2057,-1032,-315,373,1,29,29,0,0,0,0,0,0,0,0,0,0,0,0,0,0,0,0,0,0,0,0,0,0,59227
1,1,1,1,1191,207,-1978,-916,-257,290,2,30,31,0,0,0,0,0,0,0,0,0,0,0,0,0,0,0,0,0,0,0,0,0,0,59237
1,1,1,1,1126,277,-1959,-711,-214,272,1,30,33,0,0,0,0,0,0,0,0,0,0,0,0,0,0,0,0,0,0,0,0,0,0,59247
1,1,1,1,1082,278,-1973,-557,-182,271,-1,32,35,0,0,0,0,0,0,0,0,0,0,0,0,0,0,0,0,0,0,0,0,0,0,59257
1,1,1,1,1082,278,-1973,-398,-133,243,-4,32,40,0,0,0,0,0,0,0,0,0,0,0,0,0,0,0,0,0,0,0,0,0,0,59267
1,1,1,1,1052,260,-2044,-344,-105,199,-6,34,44,0,0,0,0,0,0,0,0,0,0,0,0,0,0,0,0,0,0,0,0,0,0,59277
1,1,1,1,925,231,-2173,-336,-72,184,-5,36,44,0,0,0,0,0,0,0,0,0,0,0,0,0,0,0,0,0,0,0,0,0,0,59287
1,1,1,1,903,241,-2188,-473,-123,216,-6,36,46,0,0,0,0,0,0,0,0,0,0,0,0,0,0,0,0,0,0,0,0,0,0,59297
1,1,1,1,933,193,-2209,-732,-131,193,-6,38,48,0,0,0,0,0,0,0,0,0,0,0,0,0,0,0,0,0,0,0,0,0,0,59307
1,1,1,1,1005,208,-2118,-705,-136,202,-2,39,50,0,0,0,0,0,0,0,0,0,0,0,0,0,0,0,0,0,0,0,0,0,0,59317
1,1,1,1,1050,191,-2070,-647,-165,198,0,39,49,0,0,0,0,0,0,0,0,0,0,0,0,0,0,0,0,0,0,0,0,0,0,59327
1,1,1,1,1117,251,-1991,-580,-201,222,0,39,48,0,0,0,0,0,0,0,0,0,0,0,0,0,0,0,0,0,0,0,0,0,0,59337
1,1,1,1,1155,262,-1986,-333,-160,213,3,37,54,0,0,0,0,0,0,0,0,0,0,0,0,0,0,0,0,0,0,0,0,0,0,59347
1,1,1,1,1186,257,-2068,-26,-71,173,2,38,54,0,0,0,0,0,0,0,0,0,0,0,0,0,0,0,0,0,0,0,0,0,0,59357
1,1,1,1,1193,303,-2126,14,-60,182,1,38,48,0,0,0,0,0,0,0,0,0,0,0,0,0,0,0,0,0,0,0,0,0,0,59367
1,1,1,1,1181,328,-2166,-158,-124,203,1,37,52,0,0,0,0,0,0,0,0,0,0,0,0,0,0,0,0,0,0,0,0,0,0,59377
1,1,1,1,1211,283,-2147,-298,-154,159,-2,38,51,0,0,0,0,0,0,0,0,0,0,0,0,0,0,0,0,0,0,0,0,0,0,59387
1,1,1,1,1296,292,-2091,-405,-132,99,2,39,52,0,0,0,0,0,0,0,0,0,0,0,0,0,0,0,0,0,0,0,0,0,0,59397
1,1,1,1,1291,328,-2068,-510,-142,21,1,39,52,0,0,0,0,0,0,0,0,0,0,0,0,0,0,0,0,0,0,0,0,0,0,59407
1,1,1,1,1324,358,-2015,-637,-135,-68,4,38,52,0,0,0,0,0,0,0,0,0,0,0,0,0,0,0,0,0,0,0,0,0,0,59417
1,1,1,1,1267,384,-2016,-288,35,-122,3,39,52,0,0,0,0,0,0,0,0,0,0,0,0,0,0,0,0,0,0,0,0,0,0,59437
1,1,1,1,1312,346,-2037,-210,97,-137,3,38,54,0,0,0,0,0,0,0,0,0,0,0,0,0,0,0,0,0,0,0,0,0,0,59447
1,1,1,1,1347,336,-2012,-75,100,-129,3,37,53,0,0,0,0,0,0,0,0,0,0,0,0,0,0,0,0,0,0,0,0,0,0,59457
1,1,1,1,1310,345,-2015,-41,64,-132,2,37,54,0,0,0,0,0,0,0,0,0,0,0,0,0,0,0,0,0,0,0,0,0,0,59467
1,1,1,1,1218,327,-2058,-170,5,-172,0,39,59,0,0,0,0,0,0,0,0,0,0,0,0,0,0,0,0,0,0,0,0,0,0,59477
1,1,1,1,1063,292,-2137,-331,-26,-208,3,39,59,0,0,0,0,0,0,0,0,0,0,0,0,0,0,0,0,0,0,0,0,0,0,59487
1,1,1,1,1013,269,-2128,-593,-88,-214,2,40,60,0,0,0,0,0,0,0,0,0,0,0,0,0,0,0,0,0,0,0,0,0,0,59497
1,1,1,1,970,254,-2056,-689,-132,-237,4,39,61,0,0,0,0,0,0,0,0,0,0,0,0,0,0,0,0,0,0,0,0,0,0,59507
1,1,1,1,986,318,-1961,-641,-142,-245,4,41,61,0,0,0,0,0,0,0,0,0,0,0,0,0,0,0,0,0,0,0,0,0,0,59517
1,1,1,1,881,407,-1945,-363,-80,-211,8,38,54,0,0,0,0,0,0,0,0,0,0,0,0,0,0,0,0,0,0,0,0,0,0,59527
1,1,1,1,949,486,-1904,-110,-22,-156,6,40,57,0,0,0,0,0,0,0,0,0,0,0,0,0,0,0,0,0,0,0,0,0,0,59537
1,1,1,1,918,457,-1955,195,87,-173,2,42,68,0,0,0,0,0,0,0,0,0,0,0,0,0,0,0,0,0,0,0,0,0,0,59567
1,1,1,1,885,381,-2058,43,113,-176,-2,41,65,0,0,0,0,0,0,0,0,0,0,0,0,0,0,0,0,0,0,0,0,0,0,59577
1,1,1,1,919,324,-2065,-18,120,-144,-1,40,65,0,0,0,0,0,0,0,0,0,0,0,0,0,0,0,0,0,0,0,0,0,0,59587
1,1,1,1,825,320,-2070,23,109,-132,1,41,68,0,0,0,0,0,0,0,0,0,0,0,0,0,0,0,0,0,0,0,0,0,0,59597
1,1,1,1,779,357,-2079,72,120,-111,3,40,68,0,0,0,0,0,0,0,0,0,0,0,0,0,0,0,0,0,0,0,0,0,0,59607
1,1,1,1,782,406,-2108,120,120,-57,3,39,69,0,0,0,0,0,0,0,0,0,0,0,0,0,0,0,0,0,0,0,0,0,0,59617
1,1,1,1,768,401,-2154,127,123,-34,2,39,68,0,0,0,0,0,0,0,0,0,0,0,0,0,0,0,0,0,0,0,0,0,0,59627
1,1,1,1,835,384,-2152,135,130,-6,1,40,66,0,0,0,0,0,0,0,0,0,0,0,0,0,0,0,0,0,0,0,0,0,0,59637
1,1,1,1,833,361,-2149,103,113,13,-1,40,65,0,0,0,0,0,0,0,0,0,0,0,0,0,0,0,0,0,0,0,0,0,0,59647
1,1,1,1,812,321,-2112,-47,46,53,2,39,64,0,0,0,0,0,0,0,0,0,0,0,0,0,0,0,0,0,0,0,0,0,0,59667
1,1,1,1,848,304,-2044,-161,8,62,1,39,60,0,0,0,0,0,0,0,0,0,0,0,0,0,0,0,0,0,0,0,0,0,0,59677
1,1,1,1,832,328,-2037,-241,-23,65,1,38,61,0,0,0,0,0,0,0,0,0,0,0,0,0,0,0,0,0,0,0,0,0,0,59687
1,1,1,1,885,341,-2028,-259,-27,81,1,38,60,0,0,0,0,0,0,0,0,0,0,0,0,0,0,0,0,0,0,0,0,0,0,59697
1,1,1,1,892,388,-2038,-189,3,84,0,37,60,0,0,0,0,0,0,0,0,0,0,0,0,0,0,0,0,0,0,0,0,0,0,59707
1,1,1,1,905,454,-2077,-155,19,82,0,37,61,0,0,0,0,0,0,0,0,0,0,0,0,0,0,0,0,0,0,0,0,0,0,59717
1,1,1,1,962,455,-2049,-79,51,72,1,37,62,0,0,0,0,0,0,0,0,0,0,0,0,0,0,0,0,0,0,0,0,0,0,59727
1,1,1,1,989,442,-2007,108,74,66,2,36,60,0,0,0,0,0,0,0,0,0,0,0,0,0,0,0,0,0,0,0,0,0,0,59737
1,1,1,1,985,419,-2021,177,88,34,-1,38,60,0,0,0,0,0,0,0,0,0,0,0,0,0,0,0,0,0,0,0,0,0,0,59747
1,1,1,1,973,370,-2065,107,63,6,-1,37,60,0,0,0,0,0,0,0,0,0,0,0,0,0,0,0,0,0,0,0,0,0,0,59757
1,1,1,1,930,318,-2117,21,36,-11,-3,37,61,0,0,0,0,0,0,0,0,0,0,0,0,0,0,0,0,0,0,0,0,0,0,59767
1,1,1,1,871,295,-2131,-98,-6,-17,-4,37,61,0,0,0,0,0,0,0,0,0,0,0,0,0,0,0,0,0,0,0,0,0,0,59777
1,1,1,1,796,312,-2150,-209,-55,-23,-5,35,59,0,0,0,0,0,0,0,0,0,0,0,0,0,0,0,0,0,0,0,0,0,0,59787
1,1,1,1,728,318,-2147,-287,-86,-10,-6,34,61,0,0,0,0,0,0,0,0,0,0,0,0,0,0,0,0,0,0,0,0,0,0,59797
1,1,1,1,658,349,-2144,-288,-86,21,-5,34,58,0,0,0,0,0,0,0,0,0,0,0,0,0,0,0,0,0,0,0,0,0,0,59807
1,1,1,1,596,418,-2092,-143,-65,106,-6,34,55,0,0,0,0,0,0,0,0,0,0,0,0,0,0,0,0,0,0,0,0,0,0,59817
1,1,1,1,624,507,-2035,-35,-71,222,-5,33,54,0,0,0,0,0,0,0,0,0,0,0,0,0,0,0,0,0,0,0,0,0,0,59827
1,1,1,1,751,513,-2030,-46,-62,271,-4,32,56,0,0,0,0,0,0,0,0,0,0,0,0,0,0,0,0,0,0,0,0,0,0,59837
1,1,1,1,1025,423,-2017,-139,-47,213,-6,40,57,0,0,0,0,0,0,0,0,0,0,0,0,0,0,0,0,0,0,0,0,0,0,59847
1,1,1,1,1250,347,-1993,-253,-96,171,-4,43,54,0,0,0,0,0,0,0,0,0,0,0,0,0,0,0,0,0,0,0,0,0,0,59857
1,1,1,1,1483,269,-2110,-294,-62,74,-1,40,58,0,0,0,0,0,0,0,0,0,0,0,0,0,0,0,0,0,0,0,0,0,0,59877
1,1,1,1,1414,412,-2040,-190,-68,163,-3,39,57,0,0,0,0,0,0,0,0,0,0,0,0,0,0,0,0,0,0,0,0,0,0,59887
1,1,1,1,1370,423,-2023,-272,-121,176,-2,40,60,0,0,0,0,0,0,0,0,0,0,0,0,0,0,0,0,0,0,0,0,0,0,59897
1,1,1,1,1368,401,-1993,-179,-113,123,-3,39,58,0,0,0,0,0,0,0,0,0,0,0,0,0,0,0,0,0,0,0,0,0,0,59907
1,1,1,1,1317,406,-1991,-127,-121,77,-3,39,57,0,0,0,0,0,0,0,0,0,0,0,0,0,0,0,0,0,0,0,0,0,0,59917
1,1,1,1,1181,480,-2023,-120,-106,54,-2,38,59,0,0,0,0,0,0,0,0,0,0,0,0,0,0,0,0,0,0,0,0,0,0,59927
1,1,1,1,1045,495,-2034,-127,-93,38,-3,38,57,0,0,0,0,0,0,0,0,0,0,0,0,0,0,0,0,0,0,0,0,0,0,59937
1,1,1,1,970,483,-2009,-200,-76,-2,-3,37,57,0,0,0,0,0,0,0,0,0,0,0,0,0,0,0,0,0,0,0,0,0,0,59947
1,1,1,1,940,451,-2005,-302,-87,-29,-4,35,55,0,0,0,0,0,0,0,0,0,0,0,0,0,0,0,0,0,0,0,0,0,0,59957
1,1,1,1,959,438,-1995,-407,-102,-47,-3,36,54,0,0,0,0,0,0,0,0,0,0,0,0,0,0,0,0,0,0,0,0,0,0,59967
1,1,1,1,1009,449,-1982,-420,-77,-51,-2,36,56,0,0,0,0,0,0,0,0,0,0,0,0,0,0,0,0,0,0,0,0,0,0,59977
1,1,1,1,1058,450,-1996,-397,-50,-64,-2,36,50,0,0,0,0,0,0,0,0,0,0,0,0,0,0,0,0,0,0,0,0,0,0,59987
1,1,1,1,1086,481,-2020,-298,-6,-55,2,35,50,0,0,0,0,0,0,0,0,0,0,0,0,0,0,0,0,0,0,0,0,0,0,59997
1,1,1,1,1161,478,-2007,-122,46,-56,3,35,49,0,0,0,0,0,0,0,0,0,0,0,0,0,0,0,0,0,0,0,0,0,0,60007
1,1,1,1,1204,506,-1982,85,104,-55,3,34,46,0,0,0,0,0,0,0,0,0,0,0,0,0,0,0,0,0,0,0,0,0,0,60017
1,1,1,1,1218,508,-1991,152,132,-69,3,33,45,0,0,0,0,0,0,0,0,0,0,0,0,0,0,0,0,0,0,0,0,0,0,60027
1,1,1,1,1224,472,-1973,139,137,-71,2,33,44,0,0,0,0,0,0,0,0,0,0,0,0,0,0,0,0,0,0,0,0,0,0,60037
1,1,1,1,1237,468,-1957,96,103,-71,2,32,43,0,0,0,0,0,0,0,0,0,0,0,0,0,0,0,0,0,0,0,0,0,0,60047
1,1,1,1,1246,465,-1925,37,58,-65,3,33,46,0,0,0,0,0,0,0,0,0,0,0,0,0,0,0,0,0,0,0,0,0,0,60057
1,1,1,1,1263,424,-1891,27,22,-101,2,35,48,0,0,0,0,0,0,0,0,0,0,0,0,0,0,0,0,0,0,0,0,0,0,60067
1,1,1,1,1221,415,-1837,-5,-78,-136,6,34,48,0,0,0,0,0,0,0,0,0,0,0,0,0,0,0,0,0,0,0,0,0,0,60077
1,1,1,1,1072,458,-1909,88,-71,-174,6,34,49,0,0,0,0,0,0,0,0,0,0,0,0,0,0,0,0,0,0,0,0,0,0,60087
1,1,1,1,889,499,-1960,317,27,-170,4,35,50,0,0,0,0,0,0,0,0,0,0,0,0,0,0,0,0,0,0,0,0,0,0,60097
1,1,1,1,851,497,-1953,411,103,-161,7,33,52,0,0,0,0,0,0,0,0,0,0,0,0,0,0,0,0,0,0,0,0,0,0,60107
1,1,1,1,798,501,-1924,413,139,-174,6,29,52,0,0,0,0,0,0,0,0,0,0,0,0,0,0,0,0,0,0,0,0,0,0,60117
1,1,1,1,737,531,-1896,564,191,-181,6,32,53,0,0,0,0,0,0,0,0,0,0,0,0,0,0,0,0,0,0,0,0,0,0,60127
1,1,1,1,592,519,-1922,666,205,-137,3,32,55,0,0,0,0,0,0,0,0,0,0,0,0,0,0,0,0,0,0,0,0,0,0,60137
1,1,1,1,514,451,-2076,674,261,-129,1,35,55,0,0,0,0,0,0,0,0,0,0,0,0,0,0,0,0,0,0,0,0,0,0,60147
1,1,1,1,461,388,-2102,619,286,-76,4,31,56,0,0,0,0,0,0,0,0,0,0,0,0,0,0,0,0,0,0,0,0,0,0,60157
1,1,1,1,406,323,-2140,580,284,-38,-2,35,61,0,0,0,0,0,0,0,0,0,0,0,0,0,0,0,0,0,0,0,0,0,0,60167
1,1,1,1,650,264,-2104,502,286,-23,-2,38,65,0,0,0,0,0,0,0,0,0,0,0,0,0,0,0,0,0,0,0,0,0,0,60177
1,1,1,1,646,261,-2109,526,303,-26,-2,34,61,0,0,0,0,0,0,0,0,0,0,0,0,0,0,0,0,0,0,0,0,0,0,60187
1,1,1,1,683,340,-2098,687,290,60,-2,35,61,0,0,0,0,0,0,0,0,0,0,0,0,0,0,0,0,0,0,0,0,0,0,60197
1,1,1,1,754,317,-2113,726,258,128,-4,36,62,0,0,0,0,0,0,0,0,0,0,0,0,0,0,0,0,0,0,0,0,0,0,60207
1,1,1,1,860,298,-2167,595,204,191,-2,33,57,0,0,0,0,0,0,0,0,0,0,0,0,0,0,0,0,0,0,0,0,0,0,60217
1,1,1,1,980,251,-2216,325,139,234,-3,35,58,0,0,0,0,0,0,0,0,0,0,0,0,0,0,0,0,0,0,0,0,0,0,60227
1,1,1,1,1070,213,-2221,172,95,246,-4,34,56,0,0,0,0,0,0,0,0,0,0,0,0,0,0,0,0,0,0,0,0,0,0,60237
1,1,1,1,1102,244,-2179,2,17,306,-6,34,54,0,0,0,0,0,0,0,0,0,0,0,0,0,0,0,0,0,0,0,0,0,0,60247
1,1,1,1,1188,210,-2152,-172,-45,343,-7,34,53,0,0,0,0,0,0,0,0,0,0,0,0,0,0,0,0,0,0,0,0,0,0,60257
1,1,1,1,1254,209,-2065,-261,-101,299,-5,33,52,0,0,0,0,0,0,0,0,0,0,0,0,0,0,0,0,0,0,0,0,0,0,60267
1,1,1,1,1192,305,-2122,-327,-149,254,-6,33,52,0,0,0,0,0,0,0,0,0,0,0,0,0,0,0,0,0,0,0,0,0,0,60287
1,1,1,1,1136,366,-2116,-327,-153,245,-6,34,52,0,0,0,0,0,0,0,0,0,0,0,0,0,0,0,0,0,0,0,0,0,0,60297
1,1,1,1,1157,359,-2116,-346,-157,241,-5,34,51,0,0,0,0,0,0,0,0,0,0,0,0,0,0,0,0,0,0,0,0,0,0,60307
1,1,1,1,1205,364,-2084,-387,-187,197,-7,34,51,0,0,0,0,0,0,0,0,0,0,0,0,0,0,0,0,0,0,0,0,0,0,60317
1,1,1,1,1220,363,-2084,-443,-179,127,-8,33,49,0,0,0,0,0,0,0,0,0,0,0,0,0,0,0,0,0,0,0,0,0,0,60327
1,1,1,1,1195,382,-2093,-486,-194,98,-7,32,48,0,0,0,0,0,0,0,0,0,0,0,0,0,0,0,0,0,0,0,0,0,0,60337
1,1,1,1,1197,376,-2087,-506,-209,68,-6,32,47,0,0,0,0,0,0,0,0,0,0,0,0,0,0,0,0,0,0,0,0,0,0,60347
1,1,1,1,1156,403,-2066,-457,-213,55,-8,32,46,0,0,0,0,0,0,0,0,0,0,0,0,0,0,0,0,0,0,0,0,0,0,60357
1,1,1,1,1104,436,-2017,-309,-205,35,-5,31,47,0,0,0,0,0,0,0,0,0,0,0,0,0,0,0,0,0,0,0,0,0,0,60367
1,1,1,1,1054,463,-1990,-221,-184,9,-5,31,46,0,0,0,0,0,0,0,0,0,0,0,0,0,0,0,0,0,0,0,0,0,0,60377
1,1,1,1,997,465,-1988,-193,-167,-19,-4,30,47,0,0,0,0,0,0,0,0,0,0,0,0,0,0,0,0,0,0,0,0,0,0,60387
1,1,1,1,953,445,-2007,-193,-158,-55,-6,31,46,0,0,0,0,0,0,0,0,0,0,0,0,0,0,0,0,0,0,0,0,0,0,60397
1,1,1,1,949,388,-2032,-259,-151,-81,-5,30,46,0,0,0,0,0,0,0,0,0,0,0,0,0,0,0,0,0,0,0,0,0,0,60407
1,1,1,1,928,359,-2042,-276,-139,-96,-7,31,44,0,0,0,0,0,0,0,0,0,0,0,0,0,0,0,0,0,0,0,0,0,0,60417
1,1,1,1,918,383,-2014,-220,-135,-80,-5,31,46,0,0,0,0,0,0,0,0,0,0,0,0,0,0,0,0,0,0,0,0,0,0,60427
1,1,1,1,936,394,-2037,-132,-103,-60,-8,34,44,0,0,0,0,0,0,0,0,0,0,0,0,0,0,0,0,0,0,0,0,0,0,60437
1,1,1,1,918,418,-2026,-50,-84,-45,-6,33,43,0,0,0,0,0,0,0,0,0,0,0,0,0,0,0,0,0,0,0,0,0,0,60447
1,1,1,1,959,451,-1996,59,-69,-10,-2,32,42,0,0,0,0,0,0,0,0,0,0,0,0,0,0,0,0,0,0,0,0,0,0,60457
1,1,1,1,959,451,-1996,101,-47,-18,-3,31,41,0,0,0,0,0,0,0,0,0,0,0,0,0,0,0,0,0,0,0,0,0,0,60467
1,1,1,1,1051,445,-1986,82,-26,-38,-3,29,41,0,0,0,0,0,0,0,0,0,0,0,0,0,0,0,0,0,0,0,0,0,0,60477
1,1,1,1,1077,428,-2002,14,-23,-57,-6,31,39,0,0,0,0,0,0,0,0,0,0,0,0,0,0,0,0,0,0,0,0,0,0,60487
1,1,1,1,1079,403,-2013,-56,-30,-73,-3,29,43,0,0,0,0,0,0,0,0,0,0,0,0,0,0,0,0,0,0,0,0,0,0,60497
1,1,1,1,1077,394,-2015,-75,13,-79,-4,30,40,0,0,0,0,0,0,0,0,0,0,0,0,0,0,0,0,0,0,0,0,0,0,60507
1,1,1,1,1025,428,-2031,-56,33,-78,-3,30,41,0,0,0,0,0,0,0,0,0,0,0,0,0,0,0,0,0,0,0,0,0,0,60517
1,1,1,1,1040,439,-1996,-12,47,-87,-1,28,40,0,0,0,0,0,0,0,0,0,0,0,0,0,0,0,0,0,0,0,0,0,0,60527
1,1,1,1,1073,457,-1985,75,79,-98,-2,29,39,0,0,0,0,0,0,0,0,0,0,0,0,0,0,0,0,0,0,0,0,0,0,60537
1,1,1,1,1090,480,-1985,114,100,-109,-2,28,39,0,0,0,0,0,0,0,0,0,0,0,0,0,0,0,0,0,0,0,0,0,0,60547
1,1,1,1,1102,466,-2007,139,127,-120,-2,27,40,0,0,0,0,0,0,0,0,0,0,0,0,0,0,0,0,0,0,0,0,0,0,60557
1,1,1,1,1119,447,-2025,134,139,-128,-3,27,40,0,0,0,0,0,0,0,0,0,0,0,0,0,0,0,0,0,0,0,0,0,0,60567
1,1,1,1,1133,433,-2038,56,115,-126,-5,28,39,0,0,0,0,0,0,0,0,0,0,0,0,0,0,0,0,0,0,0,0,0,0,60577
1,1,1,1,1138,398,-2028,4,86,-131,-2,27,40,0,0,0,0,0,0,0,0,0,0,0,0,0,0,0,0,0,0,0,0,0,0,60587
1,1,1,1,1112,409,-2004,52,73,-141,-1,27,38,0,0,0,0,0,0,0,0,0,0,0,0,0,0,0,0,0,0,0,0,0,0,60597
1,1,1,1,1065,431,-2002,50,70,-153,0,28,35,0,0,0,0,0,0,0,0,0,0,0,0,0,0,0,0,0,0,0,0,0,0,60607
1,1,1,1,1025,425,-1993,-2,47,-155,-1,28,38,0,0,0,0,0,0,0,0,0,0,0,0,0,0,0,0,0,0,0,0,0,0,60617
1,1,1,1,941,401,-2012,-30,56,-175,-1,28,35,0,0,0,0,0,0,0,0,0,0,0,0,0,0,0,0,0,0,0,0,0,0,60627
1,1,1,1,871,403,-2013,39,85,-169,-3,29,39,0,0,0,0,0,0,0,0,0,0,0,0,0,0,0,0,0,0,0,0,0,0,60637
1,1,1,1,758,402,-2013,59,111,-157,-3,30,42,0,0,0,0,0,0,0,0,0,0,0,0,0,0,0,0,0,0,0,0,0,0,60647
1,1,1,1,688,408,-2001,93,129,-125,-1,30,42,0,0,0,0,0,0,0,0,0,0,0,0,0,0,0,0,0,0,0,0,0,0,60657
1,1,1,1,633,370,-2022,136,158,-93,-2,30,46,0,0,0,0,0,0,0,0,0,0,0,0,0,0,0,0,0,0,0,0,0,0,60667
1,1,1,1,627,317,-2066,89,143,-51,-2,31,44,0,0,0,0,0,0,0,0,0,0,0,0,0,0,0,0,0,0,0,0,0,0,60677
1,1,1,1,713,248,-2101,-38,125,-9,-3,31,46,0,0,0,0,0,0,0,0,0,0,0,0,0,0,0,0,0,0,0,0,0,0,60687
1,1,1,1,756,245,-2067,-99,115,16,-1,31,46,0,0,0,0,0,0,0,0,0,0,0,0,0,0,0,0,0,0,0,0,0,0,60697
1,1,1,1,706,318,-2042,-15,91,72,-3,31,44,0,0,0,0,0,0,0,0,0,0,0,0,0,0,0,0,0,0,0,0,0,0,60707
1,1,1,1,735,345,-2041,32,67,137,-6,33,46,0,0,0,0,0,0,0,0,0,0,0,0,0,0,0,0,0,0,0,0,0,0,60717
1,1,1,1,771,360,-2014,120,64,196,-4,30,44,0,0,0,0,0,0,0,0,0,0,0,0,0,0,0,0,0,0,0,0,0,0,60727
1,1,1,1,831,356,-1998,192,68,225,-6,33,43,0,0,0,0,0,0,0,0,0,0,0,0,0,0,0,0,0,0,0,0,0,0,60737
1,1,1,1,885,342,-2004,175,57,240,-6,29,42,0,0,0,0,0,0,0,0,0,0,0,0,0,0,0,0,0,0,0,0,0,0,60747
1,1,1,1,890,335,-2038,138,38,253,-10,30,43,0,0,0,0,0,0,0,0,0,0,0,0,0,0,0,0,0,0,0,0,0,0,60757
1,1,1,1,914,355,-2069,21,17,275,-9,29,45,0,0,0,0,0,0,0,0,0,0,0,0,0,0,0,0,0,0,0,0,0,0,60767
1,1,1,1,1004,339,-2075,-54,18,258,-10,30,44,0,0,0,0,0,0,0,0,0,0,0,0,0,0,0,0,0,0,0,0,0,0,60777
1,1,1,1,1041,376,-2087,-8,39,253,-12,29,43,0,0,0,0,0,0,0,0,0,0,0,0,0,0,0,0,0,0,0,0,0,0,60787
1,1,1,1,1116,398,-2119,-53,66,232,-10,31,47,0,0,0,0,0,0,0,0,0,0,0,0,0,0,0,0,0,0,0,0,0,0,60797
1,1,1,1,1177,403,-2133,-59,122,205,-6,30,44,0,0,0,0,0,0,0,0,0,0,0,0,0,0,0,0,0,0,0,0,0,0,60807
1,1,1,1,1186,403,-2130,-36,143,238,-6,28,41,0,0,0,0,0,0,0,0,0,0,0,0,0,0,0,0,0,0,0,0,0,0,60817
1,1,1,1,1176,429,-2121,-132,84,317,-3,29,41,0,0,0,0,0,0,0,0,0,0,0,0,0,0,0,0,0,0,0,0,0,0,60827
1,1,1,1,1183,374,-2109,-207,6,330,-6,30,37,0,0,0,0,0,0,0,0,0,0,0,0,0,0,0,0,0,0,0,0,0,0,60837
1,1,1,1,1251,363,-2029,-237,-52,338,-5,30,40,0,0,0,0,0,0,0,0,0,0,0,0,0,0,0,0,0,0,0,0,0,0,60847
1,1,1,1,1337,266,-2025,-213,-84,197,-4,28,37,0,0,0,0,0,0,0,0,0,0,0,0,0,0,0,0,0,0,0,0,0,0,60857
1,1,1,1,1294,324,-2011,-245,-50,63,-2,26,37,0,0,0,0,0,0,0,0,0,0,0,0,0,0,0,0,0,0,0,0,0,0,60867
1,1,1,1,1192,417,-2017,-183,-77,86,-4,25,38,0,0,0,0,0,0,0,0,0,0,0,0,0,0,0,0,0,0,0,0,0,0,60877
1,1,1,1,1184,358,-2021,-152,-95,28,-3,24,34,0,0,0,0,0,0,0,0,0,0,0,0,0,0,0,0,0,0,0,0,0,0,60887
1,1,1,1,1139,425,-2003,-97,-109,6,-3,23,34,0,0,0,0,0,0,0,0,0,0,0,0,0,0,0,0,0,0,0,0,0,0,60897
1,1,1,1,1073,451,-2051,-82,-110,-7,-5,21,33,0,0,0,0,0,0,0,0,0,0,0,0,0,0,0,0,0,0,0,0,0,0,60907
1,1,1,1,1047,453,-2059,-61,-105,-21,-2,20,30,0,0,0,0,0,0,0,0,0,0,0,0,0,0,0,0,0,0,0,0,0,0,60917
1,1,1,1,1024,465,-2024,33,-89,-14,-2,18,26,0,0,0,0,0,0,0,0,0,0,0,0,0,0,0,0,0,0,0,0,0,0,60927
1,1,1,1,1017,487,-1989,212,-39,-2,-4,17,22,0,0,0,0,0,0,0,0,0,0,0,0,0,0,0,0,0,0,0,0,0,0,60937
1,1,1,1,999,522,-1943,413,2,-4,-2,15,23,0,0,0,0,0,0,0,0,0,0,0,0,0,0,0,0,0,0,0,0,0,0,60947
1,1,1,1,989,539,-1910,726,82,-11,-3,13,19,0,0,0,0,0,0,0,0,0,0,0,0,0,0,0,0,0,0,0,0,0,0,60957
1,1,1,1,994,518,-1911,998,137,-25,-4,12,17,0,0,0,0,0,0,0,0,0,0,0,0,0,0,0,0,0,0,0,0,0,0,60967
1,1,1,1,1027,442,-1936,1171,130,-38,-6,10,14,0,0,0,0,0,0,0,0,0,0,0,0,0,0,0,0,0,0,0,0,0,0,60977
1,1,1,1,1075,357,-1983,1303,85,-38,-1,5,9,0,0,0,0,0,0,0,0,0,0,0,0,0,0,0,0,0,0,0,0,0,0,60987
1,1,1,1,1053,324,-1996,1482,59,-5,-3,-1,-5,0,0,0,0,0,0,0,0,0,0,0,0,0,0,0,0,0,0,0,0,0,0,60997
1,1,1,1,1032,335,-2022,1924,71,79,-7,-6,-11,0,0,0,0,0,0,0,0,0,0,0,0,0,0,0,0,0,0,0,0,0,0,61007
1,1,1,1,1013,286,-2088,2167,64,161,-11,-7,-11,0,0,0,0,0,0,0,0,0,0,0,0,0,0,0,0,0,0,0,0,0,0,61017
1,1,1,1,994,220,-2186,2141,35,246,-10,-8,-10,0,0,0,0,0,0,0,0,0,0,0,0,0,0,0,0,0,0,0,0,0,0,61027
1,1,1,1,999,115,-2232,2117,-17,286,-15,-4,-6,0,0,0,0,0,0,0,0,0,0,0,0,0,0,0,0,0,0,0,0,0,0,61037
1,1,1,1,968,1,-2266,1884,-66,361,-11,-7,-11,0,0,0,0,0,0,0,0,0,0,0,0,0,0,0,0,0,0,0,0,0,0,61047
1,1,1,1,996,8,-2289,1793,-51,468,-9,-8,-11,0,0,0,0,0,0,0,0,0,0,0,0,0,0,0,0,0,0,0,0,0,0,61057
1,1,1,1,947,0,-2206,2135,-8,601,-5,-6,-10,0,0,0,0,0,0,0,0,0,0,0,0,0,0,0,0,0,0,0,0,0,0,61067
1,1,1,1,995,-51,-2070,2429,9,706,-10,0,-1,0,0,0,0,0,0,0,0,0,0,0,0,0,0,0,0,0,0,0,0,0,0,61077
1,1,1,1,1088,-364,-2117,2235,-16,456,-1,3,0,0,0,0,0,0,0,0,0,0,0,0,0,0,0,0,0,0,0,0,0,0,0,61087
1,1,1,1,1307,-112,-2215,2267,36,528,2,3,-5,0,0,0,0,0,0,0,0,0,0,0,0,0,0,0,0,0,0,0,0,0,0,61097
1,1,1,1,1003,-214,-2217,2177,32,660,-3,4,-7,0,0,0,0,0,0,0,0,0,0,0,0,0,0,0,0,0,0,0,0,0,0,61107
1,1,1,1,1040,-154,-2394,1637,-120,857,-12,4,4,0,0,0,0,0,0,0,0,0,0,0,0,0,0,0,0,0,0,0,0,0,0,61117
1,1,1,1,968,-439,-2613,713,-99,798,-6,8,-9,0,0,0,0,0,0,0,0,0,0,0,0,0,0,0,0,0,0,0,0,0,0,61127
1,1,1,1,1195,-140,-2401,111,-358,1094,-8,7,5,0,0,0,0,0,0,0,0,0,0,0,0,0,0,0,0,0,0,0,0,0,0,61137
1,1,1,1,1025,-202,-2407,-171,-325,1213,-4,-5,-24,0,0,0,0,0,0,0,0,0,0,0,0,0,0,0,0,0,0,0,0,0,0,61147
1,1,1,1,984,88,-2278,-58,-86,1608,-2,2,-10,0,0,0,0,0,0,0,0,0,0,0,0,0,0,0,0,0,0,0,0,0,0,61157
1,1,1,1,954,-315,-2127,87,-128,1524,-3,3,-11,0,0,0,0,0,0,0,0,0,0,0,0,0,0,0,0,0,0,0,0,0,0,61167
1,1,1,1,1428,-432,-2072,84,-218,1225,-5,4,-9,0,0,0,0,0,0,0,0,0,0,0,0,0,0,0,0,0,0,0,0,0,0,61177
1,1,1,1,1339,-378,-1979,-223,-449,1201,-1,5,-2,0,0,0,0,0,0,0,0,0,0,0,0,0,0,0,0,0,0,0,0,0,0,61187
1,1,1,1,1247,-466,-2145,-26,-567,1019,-2,3,-1,0,0,0,0,0,0,0,0,0,0,0,0,0,0,0,0,0,0,0,0,0,0,61197
1,1,1,1,1255,-430,-2197,201,-583,932,0,3,-5,0,0,0,0,0,0,0,0,0,0,0,0,0,0,0,0,0,0,0,0,0,0,61207
1,1,1,1,1197,-485,-2380,266,-507,815,-4,4,-5,0,0,0,0,0,0,0,0,0,0,0,0,0,0,0,0,0,0,0,0,0,0,61217
1,1,1,1,1227,-383,-2482,125,-416,776,-7,5,-11,0,0,0,0,0,0,0,0,0,0,0,0,0,0,0,0,0,0,0,0,0,0,61227
1,1,1,1,1232,-254,-2446,-321,-419,923,-7,4,-9,0,0,0,0,0,0,0,0,0,0,0,0,0,0,0,0,0,0,0,0,0,0,61237
1,1,1,1,1222,-232,-2404,-518,-428,1016,-5,6,-11,0,0,0,0,0,0,0,0,0,0,0,0,0,0,0,0,0,0,0,0,0,0,61247
1,1,1,1,1302,-172,-2220,-611,-459,1128,-4,7,-12,0,0,0,0,0,0,0,0,0,0,0,0,0,0,0,0,0,0,0,0,0,0,61257
1,1,1,1,1245,-169,-2100,-651,-513,1215,-6,7,-11,0,0,0,0,0,0,0,0,0,0,0,0,0,0,0,0,0,0,0,0,0,0,61267
1,1,1,1,1245,-147,-1882,-670,-767,1261,-1,8,-7,0,0,0,0,0,0,0,0,0,0,0,0,0,0,0,0,0,0,0,0,0,0,61277
1,1,1,1,1233,-211,-1868,-484,-1056,1186,1,7,-8,0,0,0,0,0,0,0,0,0,0,0,0,0,0,0,0,0,0,0,0,0,0,61287
1,1,1,1,1101,-366,-2037,-216,-1080,1026,-3,5,0,0,0,0,0,0,0,0,0,0,0,0,0,0,0,0,0,0,0,0,0,0,0,61297
1,1,1,1,910,-560,-2358,100,-786,663,-5,6,9,0,0,0,0,0,0,0,0,0,0,0,0,0,0,0,0,0,0,0,0,0,0,61307
1,1,1,1,833,-723,-2635,214,-338,180,-7,6,0,0,0,0,0,0,0,0,0,0,0,0,0,0,0,0,0,0,0,0,0,0,0,61317
1,1,1,1,907,-552,-2549,5,-230,-30,-10,6,-1,0,0,0,0,0,0,0,0,0,0,0,0,0,0,0,0,0,0,0,0,0,0,61327
1,1,1,1,924,-408,-2368,-377,-252,-24,-7,8,-6,0,0,0,0,0,0,0,0,0,0,0,0,0,0,0,0,0,0,0,0,0,0,61337
1,1,1,1,901,-201,-2194,-446,-331,171,-4,5,-11,0,0,0,0,0,0,0,0,0,0,0,0,0,0,0,0,0,0,0,0,0,0,61347
1,1,1,1,865,-74,-2204,-358,-286,467,-3,3,-11,0,0,0,0,0,0,0,0,0,0,0,0,0,0,0,0,0,0,0,0,0,0,61357
1,1,1,1,821,-73,-2186,-248,-262,762,-4,5,-11,0,0,0,0,0,0,0,0,0,0,0,0,0,0,0,0,0,0,0,0,0,0,61367
1,1,1,1,815,-184,-2173,-238,-311,880,-3,3,-9,0,0,0,0,0,0,0,0,0,0,0,0,0,0,0,0,0,0,0,0,0,0,61377
1,1,1,1,813,-399,-2207,-292,-329,728,-5,4,14,0,0,0,0,0,0,0,0,0,0,0,0,0,0,0,0,0,0,0,0,0,0,61387
1,1,1,1,769,-851,-2447,43,-18,78,0,11,10,0,0,0,0,0,0,0,0,0,0,0,0,0,0,0,0,0,0,0,0,0,0,61397
1,1,1,1,868,-627,-2204,298,-39,-196,-5,6,3,0,0,0,0,0,0,0,0,0,0,0,0,0,0,0,0,0,0,0,0,0,0,61407
1,1,1,1,646,-571,-2326,-71,-4,-204,0,7,2,0,0,0,0,0,0,0,0,0,0,0,0,0,0,0,0,0,0,0,0,0,0,61417
1,1,1,1,688,-448,-2320,-16,27,-171,0,9,-3,0,0,0,0,0,0,0,0,0,0,0,0,0,0,0,0,0,0,0,0,0,0,61427
1,1,1,1,657,-324,-2243,55,1,-6,-1,8,-10,0,0,0,0,0,0,0,0,0,0,0,0,0,0,0,0,0,0,0,0,0,0,61437
1,1,1,1,656,-288,-2271,63,-20,93,-2,8,-6,0,0,0,0,0,0,0,0,0,0,0,0,0,0,0,0,0,0,0,0,0,0,61447
1,1,1,1,703,-302,-2292,102,-27,158,-1,8,-1,0,0,0,0,0,0,0,0,0,0,0,0,0,0,0,0,0,0,0,0,0,0,61457
1,1,1,1,690,-336,-2313,153,16,167,-1,10,-2,0,0,0,0,0,0,0,0,0,0,0,0,0,0,0,0,0,0,0,0,0,0,61467
1,1,1,1,681,-354,-2270,248,57,160,-1,10,3,0,0,0,0,0,0,0,0,0,0,0,0,0,0,0,0,0,0,0,0,0,0,61477
1,1,1,1,737,-372,-2282,302,101,145,-1,12,1,0,0,0,0,0,0,0,0,0,0,0,0,0,0,0,0,0,0,0,0,0,0,61487
1,1,1,1,751,-393,-2273,217,92,151,-1,13,7,0,0,0,0,0,0,0,0,0,0,0,0,0,0,0,0,0,0,0,0,0,0,61497
1,1,1,1,763,-418,-2286,133,58,143,0,13,3,0,0,0,0,0,0,0,0,0,0,0,0,0,0,0,0,0,0,0,0,0,0,61507
1,1,1,1,788,-428,-2288,68,43,145,0,14,7,0,0,0,0,0,0,0,0,0,0,0,0,0,0,0,0,0,0,0,0,0,0,61517
1,1,1,1,801,-454,-2303,-28,18,152,1,14,13,0,0,0,0,0,0,0,0,0,0,0,0,0,0,0,0,0,0,0,0,0,0,61527
1,1,1,1,822,-466,-2322,-115,10,129,0,15,8,0,0,0,0,0,0,0,0,0,0,0,0,0,0,0,0,0,0,0,0,0,0,61537
1,1,1,1,858,-425,-2297,-158,33,115,0,15,15,0,0,0,0,0,0,0,0,0,0,0,0,0,0,0,0,0,0,0,0,0,0,61547
1,1,1,1,853,-376,-2236,-15,65,96,2,15,11,0,0,0,0,0,0,0,0,0,0,0,0,0,0,0,0,0,0,0,0,0,0,61557
1,1,1,1,855,-316,-2194,194,62,108,3,15,14,0,0,0,0,0,0,0,0,0,0,0,0,0,0,0,0,0,0,0,0,0,0,61567
1,1,1,1,859,-336,-2233,285,94,126,4,16,16,0,0,0,0,0,0,0,0,0,0,0,0,0,0,0,0,0,0,0,0,0,0,61577
1,1,1,1,858,-397,-2283,383,125,110,2,17,17,0,0,0,0,0,0,0,0,0,0,0,0,0,0,0,0,0,0,0,0,0,0,61587
1,1,1,1,835,-440,-2341,384,123,96,1,17,15,0,0,0,0,0,0,0,0,0,0,0,0,0,0,0,0,0,0,0,0,0,0,61597
1,1,1,1,848,-485,-2396,263,133,86,-1,18,16,0,0,0,0,0,0,0,0,0,0,0,0,0,0,0,0,0,0,0,0,0,0,61607
1,1,1,1,887,-523,-2378,78,118,61,-2,18,18,0,0,0,0,0,0,0,0,0,0,0,0,0,0,0,0,0,0,0,0,0,0,61617
1,1,1,1,957,-555,-2315,-166,124,23,2,19,19,0,0,0,0,0,0,0,0,0,0,0,0,0,0,0,0,0,0,0,0,0,0,61627
1,1,1,1,969,-509,-2260,-220,125,-6,0,20,18,0,0,0,0,0,0,0,0,0,0,0,0,0,0,0,0,0,0,0,0,0,0,61637
1,1,1,1,959,-435,-2222,-95,124,-5,2,18,20,0,0,0,0,0,0,0,0,0,0,0,0,0,0,0,0,0,0,0,0,0,0,61647
1,1,1,1,951,-396,-2188,47,115,-7,1,22,19,0,0,0,0,0,0,0,0,0,0,0,0,0,0,0,0,0,0,0,0,0,0,61657
1,1,1,1,913,-362,-2202,158,98,13,1,20,20,0,0,0,0,0,0,0,0,0,0,0,0,0,0,0,0,0,0,0,0,0,0,61667
1,1,1,1,825,-414,-2303,324,168,-29,4,18,23,0,0,0,0,0,0,0,0,0,0,0,0,0,0,0,0,0,0,0,0,0,0,61677
1,1,1,1,841,-430,-2350,503,246,-55,3,19,27,0,0,0,0,0,0,0,0,0,0,0,0,0,0,0,0,0,0,0,0,0,0,61687
1,1,1,1,809,-441,-2377,436,259,-57,2,18,27,0,0,0,0,0,0,0,0,0,0,0,0,0,0,0,0,0,0,0,0,0,0,61697
1,1,1,1,829,-471,-2377,190,209,-66,0,22,25,0,0,0,0,0,0,0,0,0,0,0,0,0,0,0,0,0,0,0,0,0,0,61707
1,1,1,1,856,-471,-2349,6,175,-95,3,18,25,0,0,0,0,0,0,0,0,0,0,0,0,0,0,0,0,0,0,0,0,0,0,61717
1,1,1,1,898,-492,-2315,-84,177,-138,3,20,28,0,0,0,0,0,0,0,0,0,0,0,0,0,0,0,0,0,0,0,0,0,0,61727
1,1,1,1,930,-471,-2257,-42,157,-149,3,20,28,0,0,0,0,0,0,0,0,0,0,0,0,0,0,0,0,0,0,0,0,0,0,61737
1,1,1,1,908,-420,-2220,89,155,-144,4,19,29,0,0,0,0,0,0,0,0,0,0,0,0,0,0,0,0,0,0,0,0,0,0,61747
1,1,1,1,889,-411,-2205,241,149,-120,5,19,33,0,0,0,0,0,0,0,0,0,0,0,0,0,0,0,0,0,0,0,0,0,0,61757
1,1,1,1,866,-427,-2199,497,151,-106,5,20,32,0,0,0,0,0,0,0,0,0,0,0,0,0,0,0,0,0,0,0,0,0,0,61767
1,1,1,1,881,-459,-2237,718,221,-84,2,21,33,0,0,0,0,0,0,0,0,0,0,0,0,0,0,0,0,0,0,0,0,0,0,61777
1,1,1,1,864,-511,-2281,779,194,-78,2,23,35,0,0,0,0,0,0,0,0,0,0,0,0,0,0,0,0,0,0,0,0,0,0,61787
1,1,1,1,918,-581,-2383,570,120,-121,1,23,39,0,0,0,0,0,0,0,0,0,0,0,0,0,0,0,0,0,0,0,0,0,0,61797
1,1,1,1,912,-607,-2424,260,104,-140,1,24,36,0,0,0,0,0,0,0,0,0,0,0,0,0,0,0,0,0,0,0,0,0,0,61807
1,1,1,1,892,-620,-2420,16,66,-161,1,24,37,0,0,0,0,0,0,0,0,0,0,0,0,0,0,0,0,0,0,0,0,0,0,61817
1,1,1,1,871,-575,-2367,-96,43,-144,4,25,37,0,0,0,0,0,0,0,0,0,0,0,0,0,0,0,0,0,0,0,0,0,0,61827
1,1,1,1,869,-524,-2256,3,42,-132,3,23,38,0,0,0,0,0,0,0,0,0,0,0,0,0,0,0,0,0,0,0,0,0,0,61837
1,1,1,1,866,-474,-2206,219,70,-137,2,24,41,0,0,0,0,0,0,0,0,0,0,0,0,0,0,0,0,0,0,0,0,0,0,61847
1,1,1,1,899,-453,-2193,475,119,-142,1,25,45,0,0,0,0,0,0,0,0,0,0,0,0,0,0,0,0,0,0,0,0,0,0,61857
1,1,1,1,932,-477,-2232,743,152,-160,-4,25,53,0,0,0,0,0,0,0,0,0,0,0,0,0,0,0,0,0,0,0,0,0,0,61867
1,1,1,1,946,-542,-2325,869,186,-199,-7,25,53,0,0,0,0,0,0,0,0,0,0,0,0,0,0,0,0,0,0,0,0,0,0,61877
1,1,1,1,976,-604,-2380,783,156,-240,-11,27,60,0,0,0,0,0,0,0,0,0,0,0,0,0,0,0,0,0,0,0,0,0,0,61887
1,1,1,1,922,-659,-2464,514,111,-258,-15,27,60,0,0,0,0,0,0,0,0,0,0,0,0,0,0,0,0,0,0,0,0,0,0,61897
1,1,1,1,865,-717,-2513,272,52,-250,-17,27,62,0,0,0,0,0,0,0,0,0,0,0,0,0,0,0,0,0,0,0,0,0,0,61907
1,1,1,1,808,-759,-2483,-31,-43,-202,-17,27,63,0,0,0,0,0,0,0,0,0,0,0,0,0,0,0,0,0,0,0,0,0,0,61917
1,1,1,1,725,-780,-2406,-178,-153,-93,-15,27,65,0,0,0,0,0,0,0,0,0,0,0,0,0,0,0,0,0,0,0,0,0,0,61927
1,1,1,1,677,-862,-2293,-6,-275,-32,-15,28,64,0,0,0,0,0,0,0,0,0,0,0,0,0,0,0,0,0,0,0,0,0,0,61937
1,1,1,1,721,-818,-2228,391,-392,0,-18,30,65,0,0,0,0,0,0,0,0,0,0,0,0,0,0,0,0,0,0,0,0,0,0,61947
1,1,1,1,653,-750,-2356,539,-459,120,-18,24,63,0,0,0,0,0,0,0,0,0,0,0,0,0,0,0,0,0,0,0,0,0,0,61957
1,1,1,1,681,-754,-2513,569,-416,223,-21,25,67,0,0,0,0,0,0,0,0,0,0,0,0,0,0,0,0,0,0,0,0,0,0,61967
1,1,1,1,718,-724,-2550,563,-363,310,-24,31,65,0,0,0,0,0,0,0,0,0,0,0,0,0,0,0,0,0,0,0,0,0,0,61977
1,1,1,1,750,-644,-2476,370,-396,493,-26,26,61,0,0,0,0,0,0,0,0,0,0,0,0,0,0,0,0,0,0,0,0,0,0,61987
1,1,1,1,881,-661,-2462,-59,-431,640,-26,26,57,0,0,0,0,0,0,0,0,0,0,0,0,0,0,0,0,0,0,0,0,0,0,61997
1,1,1,1,967,-589,-2368,-489,-485,761,-24,25,54,0,0,0,0,0,0,0,0,0,0,0,0,0,0,0,0,0,0,0,0,0,0,62007
1,1,1,1,1099,-675,-2302,-638,-486,710,-21,26,55,0,0,0,0,0,0,0,0,0,0,0,0,0,0,0,0,0,0,0,0,0,0,62017
1,1,1,1,1206,-753,-2262,-703,-476,574,-18,22,51,0,0,0,0,0,0,0,0,0,0,0,0,0,0,0,0,0,0,0,0,0,0,62027
1,1,1,1,1347,-819,-2200,-868,-544,362,-16,23,56,0,0,0,0,0,0,0,0,0,0,0,0,0,0,0,0,0,0,0,0,0,0,62037
1,1,1,1,1502,-930,-2214,-869,-535,91,-17,23,54,0,0,0,0,0,0,0,0,0,0,0,0,0,0,0,0,0,0,0,0,0,0,62047
1,1,1,1,1431,-757,-2214,-745,-499,-129,-18,24,54,0,0,0,0,0,0,0,0,0,0,0,0,0,0,0,0,0,0,0,0,0,0,62057
1,1,1,1,1319,-516,-2297,-653,-436,-60,-17,23,56,0,0,0,0,0,0,0,0,0,0,0,0,0,0,0,0,0,0,0,0,0,0,62067
1,1,1,1,1246,-442,-2329,-429,-312,-61,-17,25,59,0,0,0,0,0,0,0,0,0,0,0,0,0,0,0,0,0,0,0,0,0,0,62077
1,1,1,1,1213,-402,-2278,-213,-220,-159,-17,24,59,0,0,0,0,0,0,0,0,0,0,0,0,0,0,0,0,0,0,0,0,0,0,62087
1,1,1,1,1239,-370,-2236,-149,-165,-256,-15,25,59,0,0,0,0,0,0,0,0,0,0,0,0,0,0,0,0,0,0,0,0,0,0,62097
1,1,1,1,1184,-327,-2153,1,-114,-328,-13,25,60,0,0,0,0,0,0,0,0,0,0,0,0,0,0,0,0,0,0,0,0,0,0,62107
1,1,1,1,1079,-339,-2148,196,-70,-387,-14,25,60,0,0,0,0,0,0,0,0,0,0,0,0,0,0,0,0,0,0,0,0,0,0,62117
1,1,1,1,1031,-433,-2182,166,-87,-425,-16,25,59,0,0,0,0,0,0,0,0,0,0,0,0,0,0,0,0,0,0,0,0,0,0,62127
1,1,1,1,942,-520,-2205,48,-134,-432,-16,25,60,0,0,0,0,0,0,0,0,0,0,0,0,0,0,0,0,0,0,0,0,0,0,62137
1,1,1,1,857,-571,-2247,37,-171,-444,-16,25,58,0,0,0,0,0,0,0,0,0,0,0,0,0,0,0,0,0,0,0,0,0,0,62147
1,1,1,1,808,-578,-2258,-7,-214,-446,-14,25,61,0,0,0,0,0,0,0,0,0,0,0,0,0,0,0,0,0,0,0,0,0,0,62157
1,1,1,1,692,-541,-2296,-39,-242,-401,-15,26,62,0,0,0,0,0,0,0,0,0,0,0,0,0,0,0,0,0,0,0,0,0,0,62167
1,1,1,1,579,-551,-2355,33,-186,-385,-13,26,60,0,0,0,0,0,0,0,0,0,0,0,0,0,0,0,0,0,0,0,0,0,0,62177
1,1,1,1,642,-575,-2300,14,-168,-409,-11,27,58,0,0,0,0,0,0,0,0,0,0,0,0,0,0,0,0,0,0,0,0,0,0,62187
1,1,1,1,508,-491,-2286,45,-137,-346,-7,26,56,0,0,0,0,0,0,0,0,0,0,0,0,0,0,0,0,0,0,0,0,0,0,62197
1,1,1,1,393,-489,-2348,229,-45,-245,-6,25,53,0,0,0,0,0,0,0,0,0,0,0,0,0,0,0,0,0,0,0,0,0,0,62207
1,1,1,1,485,-593,-2361,338,45,-228,-6,25,49,0,0,0,0,0,0,0,0,0,0,0,0,0,0,0,0,0,0,0,0,0,0,62217
1,1,1,1,591,-629,-2281,234,46,-179,-4,25,44,0,0,0,0,0,0,0,0,0,0,0,0,0,0,0,0,0,0,0,0,0,0,62227
1,1,1,1,586,-612,-2233,156,6,-61,-2,25,44,0,0,0,0,0,0,0,0,0,0,0,0,0,0,0,0,0,0,0,0,0,0,62237
1,1,1,1,615,-627,-2251,208,19,34,0,22,43,0,0,0,0,0,0,0,0,0,0,0,0,0,0,0,0,0,0,0,0,0,0,62247
1,1,1,1,698,-645,-2247,193,41,73,-3,22,40,0,0,0,0,0,0,0,0,0,0,0,0,0,0,0,0,0,0,0,0,0,0,62257
1,1,1,1,762,-612,-2178,101,20,63,-7,27,44,0,0,0,0,0,0,0,0,0,0,0,0,0,0,0,0,0,0,0,0,0,0,62267
1,1,1,1,780,-562,-2142,143,27,49,-4,22,42,0,0,0,0,0,0,0,0,0,0,0,0,0,0,0,0,0,0,0,0,0,0,62277
1,1,1,1,731,-544,-2171,245,43,40,-6,25,47,0,0,0,0,0,0,0,0,0,0,0,0,0,0,0,0,0,0,0,0,0,0,62287
1,1,1,1,691,-551,-2219,289,40,53,-5,25,45,0,0,0,0,0,0,0,0,0,0,0,0,0,0,0,0,0,0,0,0,0,0,62297
1,1,1,1,655,-588,-2246,282,47,74,-5,23,43,0,0,0,0,0,0,0,0,0,0,0,0,0,0,0,0,0,0,0,0,0,0,62307
1,1,1,1,609,-617,-2296,295,79,108,-3,23,44,0,0,0,0,0,0,0,0,0,0,0,0,0,0,0,0,0,0,0,0,0,0,62317
1,1,1,1,642,-636,-2342,262,78,140,-3,24,45,0,0,0,0,0,0,0,0,0,0,0,0,0,0,0,0,0,0,0,0,0,0,62327
1,1,1,1,709,-657,-2370,177,67,156,-5,24,46,0,0,0,0,0,0,0,0,0,0,0,0,0,0,0,0,0,0,0,0,0,0,62337
1,1,1,1,757,-646,-2366,217,64,183,-2,24,43,0,0,0,0,0,0,0,0,0,0,0,0,0,0,0,0,0,0,0,0,0,0,62347
1,1,1,1,783,-620,-2323,322,71,210,-2,22,45,0,0,0,0,0,0,0,0,0,0,0,0,0,0,0,0,0,0,0,0,0,0,62357
1,1,1,1,805,-611,-2284,519,86,234,-4,24,47,0,0,0,0,0,0,0,0,0,0,0,0,0,0,0,0,0,0,0,0,0,0,62367
1,1,1,1,816,-618,-2315,587,74,244,-6,23,45,0,0,0,0,0,0,0,0,0,0,0,0,0,0,0,0,0,0,0,0,0,0,62377
1,1,1,1,817,-673,-2389,492,54,246,-5,24,45,0,0,0,0,0,0,0,0,0,0,0,0,0,0,0,0,0,0,0,0,0,0,62387
1,1,1,1,802,-678,-2426,336,27,259,-4,23,43,0,0,0,0,0,0,0,0,0,0,0,0,0,0,0,0,0,0,0,0,0,0,62397
1,1,1,1,802,-679,-2435,166,6,279,-5,24,41,0,0,0,0,0,0,0,0,0,0,0,0,0,0,0,0,0,0,0,0,0,0,62407
1,1,1,1,849,-713,-2418,-4,-29,287,-3,23,40,0,0,0,0,0,0,0,0,0,0,0,0,0,0,0,0,0,0,0,0,0,0,62417
1,1,1,1,867,-677,-2399,-55,-58,289,-3,23,40,0,0,0,0,0,0,0,0,0,0,0,0,0,0,0,0,0,0,0,0,0,0,62427
1,1,1,1,892,-633,-2393,-56,-48,293,-3,23,43,0,0,0,0,0,0,0,0,0,0,0,0,0,0,0,0,0,0,0,0,0,0,62437
1,1,1,1,904,-613,-2327,-14,-55,266,-3,23,44,0,0,0,0,0,0,0,0,0,0,0,0,0,0,0,0,0,0,0,0,0,0,62447
1,1,1,1,913,-574,-2263,102,-66,207,-5,24,47,0,0,0,0,0,0,0,0,0,0,0,0,0,0,0,0,0,0,0,0,0,0,62457
1,1,1,1,863,-556,-2305,171,-84,153,-6,24,50,0,0,0,0,0,0,0,0,0,0,0,0,0,0,0,0,0,0,0,0,0,0,62467
1,1,1,1,791,-549,-2350,168,-105,132,-9,23,54,0,0,0,0,0,0,0,0,0,0,0,0,0,0,0,0,0,0,0,0,0,0,62477
1,1,1,1,756,-582,-2387,145,-79,103,-11,24,55,0,0,0,0,0,0,0,0,0,0,0,0,0,0,0,0,0,0,0,0,0,0,62487
1,1,1,1,713,-596,-2377,27,-103,97,-10,25,58,0,0,0,0,0,0,0,0,0,0,0,0,0,0,0,0,0,0,0,0,0,0,62497
1,1,1,1,694,-596,-2385,-58,-116,105,-9,24,58,0,0,0,0,0,0,0,0,0,0,0,0,0,0,0,0,0,0,0,0,0,0,62507
1,1,1,1,645,-577,-2350,-76,-102,78,-10,24,58,0,0,0,0,0,0,0,0,0,0,0,0,0,0,0,0,0,0,0,0,0,0,62517
1,1,1,1,624,-544,-2320,-32,-78,69,-9,25,57,0,0,0,0,0,0,0,0,0,0,0,0,0,0,0,0,0,0,0,0,0,0,62527
1,1,1,1,642,-534,-2248,108,-41,71,-7,24,59,0,0,0,0,0,0,0,0,0,0,0,0,0,0,0,0,0,0,0,0,0,0,62537
1,1,1,1,697,-542,-2148,358,-13,33,-9,23,59,0,0,0,0,0,0,0,0,0,0,0,0,0,0,0,0,0,0,0,0,0,0,62547
1,1,1,1,696,-618,-2150,575,1,-21,-9,23,62,0,0,0,0,0,0,0,0,0,0,0,0,0,0,0,0,0,0,0,0,0,0,62557
1,1,1,1,635,-698,-2303,676,6,-43,-16,24,67,0,0,0,0,0,0,0,0,0,0,0,0,0,0,0,0,0,0,0,0,0,0,62567
1,1,1,1,543,-805,-2420,548,-10,-28,-23,23,70,0,0,0,0,0,0,0,0,0,0,0,0,0,0,0,0,0,0,0,0,0,0,62577
1,1,1,1,476,-967,-2483,218,-66,-4,-29,27,77,0,0,0,0,0,0,0,0,0,0,0,0,0,0,0,0,0,0,0,0,0,0,62587
1,1,1,1,407,-1035,-2451,-55,-168,67,-32,26,77,0,0,0,0,0,0,0,0,0,0,0,0,0,0,0,0,0,0,0,0,0,0,62597
1,1,1,1,359,-948,-2515,-275,-210,328,-29,24,77,0,0,0,0,0,0,0,0,0,0,0,0,0,0,0,0,0,0,0,0,0,0,62617
1,1,1,1,361,-802,-2449,-120,-215,442,-26,24,73,0,0,0,0,0,0,0,0,0,0,0,0,0,0,0,0,0,0,0,0,0,0,62627
1,1,1,1,470,-655,-2435,-20,-194,570,-23,24,70,0,0,0,0,0,0,0,0,0,0,0,0,0,0,0,0,0,0,0,0,0,0,62637
1,1,1,1,580,-650,-2367,48,-170,580,-19,24,66,0,0,0,0,0,0,0,0,0,0,0,0,0,0,0,0,0,0,0,0,0,0,62647
1,1,1,1,667,-587,-2307,87,-217,642,-20,24,63,0,0,0,0,0,0,0,0,0,0,0,0,0,0,0,0,0,0,0,0,0,0,62657
1,1,1,1,723,-583,-2396,-12,-229,768,-20,23,60,0,0,0,0,0,0,0,0,0,0,0,0,0,0,0,0,0,0,0,0,0,0,62667
1,1,1,1,802,-648,-2365,-173,-222,771,-18,23,59,0,0,0,0,0,0,0,0,0,0,0,0,0,0,0,0,0,0,0,0,0,0,62677
1,1,1,1,784,-664,-2340,-243,-207,735,-17,24,58,0,0,0,0,0,0,0,0,0,0,0,0,0,0,0,0,0,0,0,0,0,0,62687
1,1,1,1,927,-688,-2250,-241,-254,620,-19,24,58,0,0,0,0,0,0,0,0,0,0,0,0,0,0,0,0,0,0,0,0,0,0,62697
1,1,1,1,955,-685,-2284,-250,-246,485,-17,24,57,0,0,0,0,0,0,0,0,0,0,0,0,0,0,0,0,0,0,0,0,0,0,62707
1,1,1,1,958,-601,-2299,-141,-211,411,-18,24,59,0,0,0,0,0,0,0,0,0,0,0,0,0,0,0,0,0,0,0,0,0,0,62717
1,1,1,1,1017,-608,-2305,27,-147,323,-14,24,60,0,0,0,0,0,0,0,0,0,0,0,0,0,0,0,0,0,0,0,0,0,0,62727
1,1,1,1,1124,-657,-2273,246,-56,165,-14,24,59,0,0,0,0,0,0,0,0,0,0,0,0,0,0,0,0,0,0,0,0,0,0,62737
1,1,1,1,1123,-688,-2302,340,-10,41,-15,24,60,0,0,0,0,0,0,0,0,0,0,0,0,0,0,0,0,0,0,0,0,0,0,62747
1,1,1,1,1064,-749,-2410,297,26,-40,-18,24,61,0,0,0,0,0,0,0,0,0,0,0,0,0,0,0,0,0,0,0,0,0,0,62757
1,1,1,1,989,-772,-2439,235,52,-90,-16,26,61,0,0,0,0,0,0,0,0,0,0,0,0,0,0,0,0,0,0,0,0,0,0,62767
1,1,1,1,980,-772,-2439,155,53,-143,-15,25,62,0,0,0,0,0,0,0,0,0,0,0,0,0,0,0,0,0,0,0,0,0,0,62777
1,1,1,1,921,-744,-2399,43,47,-196,-14,25,61,0,0,0,0,0,0,0,0,0,0,0,0,0,0,0,0,0,0,0,0,0,0,62787
1,1,1,1,891,-709,-2337,29,40,-246,-14,26,62,0,0,0,0,0,0,0,0,0,0,0,0,0,0,0,0,0,0,0,0,0,0,62797
1,1,1,1,819,-671,-2294,102,56,-278,-11,26,60,0,0,0,0,0,0,0,0,0,0,0,0,0,0,0,0,0,0,0,0,0,0,62807
1,1,1,1,810,-642,-2251,247,53,-281,-11,26,61,0,0,0,0,0,0,0,0,0,0,0,0,0,0,0,0,0,0,0,0,0,0,62817
1,1,1,1,780,-656,-2242,292,24,-266,-11,25,60,0,0,0,0,0,0,0,0,0,0,0,0,0,0,0,0,0,0,0,0,0,0,62827
1,1,1,1,780,-656,-2242,328,-16,-254,-12,24,56,0,0,0,0,0,0,0,0,0,0,0,0,0,0,0,0,0,0,0,0,0,0,62837
1,1,1,1,754,-697,-2247,355,-44,-187,-12,24,57,0,0,0,0,0,0,0,0,0,0,0,0,0,0,0,0,0,0,0,0,0,0,62847
1,1,1,1,610,-769,-2331,341,-77,-190,-13,26,57,0,0,0,0,0,0,0,0,0,0,0,0,0,0,0,0,0,0,0,0,0,0,62857
1,1,1,1,578,-839,-2332,284,-86,-215,-13,25,52,0,0,0,0,0,0,0,0,0,0,0,0,0,0,0,0,0,0,0,0,0,0,62867
1,1,1,1,470,-833,-2380,263,-5,-219,-10,26,56,0,0,0,0,0,0,0,0,0,0,0,0,0,0,0,0,0,0,0,0,0,0,62877
1,1,1,1,428,-862,-2416,311,105,-277,-9,24,52,0,0,0,0,0,0,0,0,0,0,0,0,0,0,0,0,0,0,0,0,0,0,62887
1,1,1,1,428,-805,-2334,304,140,-257,-8,25,50,0,0,0,0,0,0,0,0,0,0,0,0,0,0,0,0,0,0,0,0,0,0,62897
1,1,1,1,423,-762,-2267,366,159,-202,-6,22,52,0,0,0,0,0,0,0,0,0,0,0,0,0,0,0,0,0,0,0,0,0,0,62907
1,1,1,1,402,-791,-2219,439,125,-171,-8,24,53,0,0,0,0,0,0,0,0,0,0,0,0,0,0,0,0,0,0,0,0,0,0,62917
1,1,1,1,349,-826,-2263,448,108,-127,-6,24,53,0,0,0,0,0,0,0,0,0,0,0,0,0,0,0,0,0,0,0,0,0,0,62927
1,1,1,1,264,-865,-2301,490,102,-90,-8,27,53,0,0,0,0,0,0,0,0,0,0,0,0,0,0,0,0,0,0,0,0,0,0,62937
1,1,1,1,302,-922,-2321,458,101,-72,-8,23,55,0,0,0,0,0,0,0,0,0,0,0,0,0,0,0,0,0,0,0,0,0,0,62947
1,1,1,1,431,-991,-2339,345,120,-74,-9,23,55,0,0,0,0,0,0,0,0,0,0,0,0,0,0,0,0,0,0,0,0,0,0,62957
1,1,1,1,422,-986,-2327,272,155,-58,-14,23,56,0,0,0,0,0,0,0,0,0,0,0,0,0,0,0,0,0,0,0,0,0,0,62967
1,1,1,1,467,-952,-2321,274,139,-2,-14,21,50,0,0,0,0,0,0,0,0,0,0,0,0,0,0,0,0,0,0,0,0,0,0,62977
1,1,1,1,560,-906,-2231,256,75,124,-14,20,58,0,0,0,0,0,0,0,0,0,0,0,0,0,0,0,0,0,0,0,0,0,0,62987
1,1,1,1,514,-976,-2324,205,87,106,-15,19,55,0,0,0,0,0,0,0,0,0,0,0,0,0,0,0,0,0,0,0,0,0,0,62997
1,1,1,1,676,-963,-2298,279,94,163,-18,21,59,0,0,0,0,0,0,0,0,0,0,0,0,0,0,0,0,0,0,0,0,0,0,63007
1,1,1,1,563,-1011,-2360,95,65,112,-19,23,63,0,0,0,0,0,0,0,0,0,0,0,0,0,0,0,0,0,0,0,0,0,0,63017
1,1,1,1,634,-941,-2401,-29,52,165,-17,24,62,0,0,0,0,0,0,0,0,0,0,0,0,0,0,0,0,0,0,0,0,0,0,63027
1,1,1,1,580,-838,-2373,80,77,301,-18,25,65,0,0,0,0,0,0,0,0,0,0,0,0,0,0,0,0,0,0,0,0,0,0,63037
1,1,1,1,489,-946,-2338,-79,22,272,-18,26,61,0,0,0,0,0,0,0,0,0,0,0,0,0,0,0,0,0,0,0,0,0,0,63047
1,1,1,1,605,-870,-2355,-94,4,374,-21,26,62,0,0,0,0,0,0,0,0,0,0,0,0,0,0,0,0,0,0,0,0,0,0,63057
1,1,1,1,565,-872,-2289,-128,-81,461,-22,27,61,0,0,0,0,0,0,0,0,0,0,0,0,0,0,0,0,0,0,0,0,0,0,63067
1,1,1,1,615,-879,-2317,-256,-155,561,-22,26,60,0,0,0,0,0,0,0,0,0,0,0,0,0,0,0,0,0,0,0,0,0,0,63077
1,1,1,1,662,-867,-2352,-221,-172,664,-19,26,64,0,0,0,0,0,0,0,0,0,0,0,0,0,0,0,0,0,0,0,0,0,0,63087
1,1,1,1,762,-888,-2406,-186,-134,668,-21,26,64,0,0,0,0,0,0,0,0,0,0,0,0,0,0,0,0,0,0,0,0,0,0,63097
1,1,1,1,827,-909,-2494,-181,-83,612,-20,26,64,0,0,0,0,0,0,0,0,0,0,0,0,0,0,0,0,0,0,0,0,0,0,63107
1,1,1,1,947,-895,-2465,-114,-34,519,-18,26,60,0,0,0,0,0,0,0,0,0,0,0,0,0,0,0,0,0,0,0,0,0,0,63117
1,1,1,1,967,-847,-2385,-73,-12,467,-18,25,59,0,0,0,0,0,0,0,0,0,0,0,0,0,0,0,0,0,0,0,0,0,0,63127
1,1,1,1,1019,-837,-2381,-66,18,428,-20,26,59,0,0,0,0,0,0,0,0,0,0,0,0,0,0,0,0,0,0,0,0,0,0,63137
1,1,1,1,1149,-871,-2283,-99,-39,309,-20,27,60,0,0,0,0,0,0,0,0,0,0,0,0,0,0,0,0,0,0,0,0,0,0,63147
1,1,1,1,1146,-890,-2278,-109,-57,148,-16,23,62,0,0,0,0,0,0,0,0,0,0,0,0,0,0,0,0,0,0,0,0,0,0,63157
1,1,1,1,993,-828,-2317,-30,-18,26,-18,28,64,0,0,0,0,0,0,0,0,0,0,0,0,0,0,0,0,0,0,0,0,0,0,63167
1,1,1,1,913,-780,-2347,83,15,-41,-16,26,63,0,0,0,0,0,0,0,0,0,0,0,0,0,0,0,0,0,0,0,0,0,0,63177
1,1,1,1,831,-753,-2337,175,47,-109,-17,28,66,0,0,0,0,0,0,0,0,0,0,0,0,0,0,0,0,0,0,0,0,0,0,63187
1,1,1,1,804,-744,-2328,259,61,-182,-15,25,64,0,0,0,0,0,0,0,0,0,0,0,0,0,0,0,0,0,0,0,0,0,0,63197
1,1,1,1,787,-733,-2294,331,80,-235,-12,26,65,0,0,0,0,0,0,0,0,0,0,0,0,0,0,0,0,0,0,0,0,0,0,63207
1,1,1,1,764,-720,-2242,487,109,-277,-11,27,66,0,0,0,0,0,0,0,0,0,0,0,0,0,0,0,0,0,0,0,0,0,0,63217
1,1,1,1,749,-737,-2244,586,130,-313,-12,28,65,0,0,0,0,0,0,0,0,0,0,0,0,0,0,0,0,0,0,0,0,0,0,63227
1,1,1,1,767,-787,-2261,541,112,-333,-10,24,67,0,0,0,0,0,0,0,0,0,0,0,0,0,0,0,0,0,0,0,0,0,0,63237
1,1,1,1,751,-847,-2245,459,69,-365,-10,27,68,0,0,0,0,0,0,0,0,0,0,0,0,0,0,0,0,0,0,0,0,0,0,63247
1,1,1,1,720,-871,-2256,456,62,-361,-12,28,70,0,0,0,0,0,0,0,0,0,0,0,0,0,0,0,0,0,0,0,0,0,0,63257
1,1,1,1,613,-882,-2263,512,81,-306,-12,28,70,0,0,0,0,0,0,0,0,0,0,0,0,0,0,0,0,0,0,0,0,0,0,63267
1,1,1,1,544,-910,-2291,574,113,-256,-11,28,69,0,0,0,0,0,0,0,0,0,0,0,0,0,0,0,0,0,0,0,0,0,0,63277
1,1,1,1,478,-949,-2289,663,153,-227,-11,27,65,0,0,0,0,0,0,0,0,0,0,0,0,0,0,0,0,0,0,0,0,0,0,63287
1,1,1,1,465,-1023,-2276,777,180,-265,-12,27,64,0,0,0,0,0,0,0,0,0,0,0,0,0,0,0,0,0,0,0,0,0,0,63297
1,1,1,1,447,-1035,-2277,806,215,-289,-8,26,63,0,0,0,0,0,0,0,0,0,0,0,0,0,0,0,0,0,0,0,0,0,0,63307
1,1,1,1,419,-1042,-2312,803,262,-269,-7,26,61,0,0,0,0,0,0,0,0,0,0,0,0,0,0,0,0,0,0,0,0,0,0,63317
1,1,1,1,450,-1062,-2267,772,244,-251,-7,26,60,0,0,0,0,0,0,0,0,0,0,0,0,0,0,0,0,0,0,0,0,0,0,63327
1,1,1,1,428,-1099,-2227,738,220,-247,-6,25,59,0,0,0,0,0,0,0,0,0,0,0,0,0,0,0,0,0,0,0,0,0,0,63337
1,1,1,1,467,-1114,-2222,805,245,-207,-5,25,56,0,0,0,0,0,0,0,0,0,0,0,0,0,0,0,0,0,0,0,0,0,0,63347
1,1,1,1,542,-1176,-2227,759,241,-179,-11,25,60,0,0,0,0,0,0,0,0,0,0,0,0,0,0,0,0,0,0,0,0,0,0,63357
1,1,1,1,605,-1225,-2249,550,220,-151,-11,25,58,0,0,0,0,0,0,0,0,0,0,0,0,0,0,0,0,0,0,0,0,0,0,63367
1,1,1,1,614,-1250,-2245,438,211,-105,-11,25,59,0,0,0,0,0,0,0,0,0,0,0,0,0,0,0,0,0,0,0,0,0,0,63377
1,1,1,1,619,-1261,-2240,357,221,-42,-10,25,58,0,0,0,0,0,0,0,0,0,0,0,0,0,0,0,0,0,0,0,0,0,0,63387
1,1,1,1,640,-1269,-2208,256,202,9,-10,26,62,0,0,0,0,0,0,0,0,0,0,0,0,0,0,0,0,0,0,0,0,0,0,63397
1,1,1,1,665,-1244,-2152,249,181,31,-15,25,65,0,0,0,0,0,0,0,0,0,0,0,0,0,0,0,0,0,0,0,0,0,0,63407
1,1,1,1,650,-1211,-2197,251,176,65,-16,26,70,0,0,0,0,0,0,0,0,0,0,0,0,0,0,0,0,0,0,0,0,0,0,63417
1,1,1,1,597,-1153,-2252,243,195,129,-20,27,73,0,0,0,0,0,0,0,0,0,0,0,0,0,0,0,0,0,0,0,0,0,0,63427
1,1,1,1,612,-1167,-2325,102,195,197,-26,33,72,0,0,0,0,0,0,0,0,0,0,0,0,0,0,0,0,0,0,0,0,0,0,63437
1,1,1,1,626,-1157,-2300,-86,145,233,-23,27,77,0,0,0,0,0,0,0,0,0,0,0,0,0,0,0,0,0,0,0,0,0,0,63447
1,1,1,1,627,-1075,-2281,-178,130,294,-19,26,71,0,0,0,0,0,0,0,0,0,0,0,0,0,0,0,0,0,0,0,0,0,0,63457
1,1,1,1,635,-1007,-2280,-210,127,356,-20,26,66,0,0,0,0,0,0,0,0,0,0,0,0,0,0,0,0,0,0,0,0,0,0,63467
1,1,1,1,656,-957,-2264,-236,123,411,-21,31,62,0,0,0,0,0,0,0,0,0,0,0,0,0,0,0,0,0,0,0,0,0,0,63477
1,1,1,1,670,-892,-2227,-70,180,519,-18,26,59,0,0,0,0,0,0,0,0,0,0,0,0,0,0,0,0,0,0,0,0,0,0,63487
1,1,1,1,753,-908,-2211,78,214,597,-16,25,56,0,0,0,0,0,0,0,0,0,0,0,0,0,0,0,0,0,0,0,0,0,0,63497
1,1,1,1,930,-1008,-2179,25,198,533,-15,23,53,0,0,0,0,0,0,0,0,0,0,0,0,0,0,0,0,0,0,0,0,0,0,63507
1,1,1,1,966,-1058,-2157,40,204,454,-12,24,52,0,0,0,0,0,0,0,0,0,0,0,0,0,0,0,0,0,0,0,0,0,0,63517
1,1,1,1,1057,-1153,-2149,19,194,327,-13,26,51,0,0,0,0,0,0,0,0,0,0,0,0,0,0,0,0,0,0,0,0,0,0,63527
1,1,1,1,1084,-1250,-2164,-101,186,169,-12,26,53,0,0,0,0,0,0,0,0,0,0,0,0,0,0,0,0,0,0,0,0,0,0,63537
1,1,1,1,1058,-1259,-2158,-167,154,92,-11,25,52,0,0,0,0,0,0,0,0,0,0,0,0,0,0,0,0,0,0,0,0,0,0,63547
1,1,1,1,1070,-1276,-2169,-227,111,62,-12,22,52,0,0,0,0,0,0,0,0,0,0,0,0,0,0,0,0,0,0,0,0,0,0,63557
1,1,1,1,1061,-1286,-2228,-270,95,-8,-10,25,52,0,0,0,0,0,0,0,0,0,0,0,0,0,0,0,0,0,0,0,0,0,0,63567
1,1,1,1,965,-1194,-2227,-212,115,-20,-12,25,53,0,0,0,0,0,0,0,0,0,0,0,0,0,0,0,0,0,0,0,0,0,0,63577
1,1,1,1,922,-1154,-2268,-182,136,-46,-12,25,52,0,0,0,0,0,0,0,0,0,0,0,0,0,0,0,0,0,0,0,0,0,0,63587
1,1,1,1,929,-1138,-2305,-310,133,-107,-16,25,52,0,0,0,0,0,0,0,0,0,0,0,0,0,0,0,0,0,0,0,0,0,0,63597
1,1,1,1,890,-1095,-2292,-569,110,-162,-15,26,55,0,0,0,0,0,0,0,0,0,0,0,0,0,0,0,0,0,0,0,0,0,0,63607
1,1,1,1,846,-1061,-2296,-847,84,-210,-15,25,52,0,0,0,0,0,0,0,0,0,0,0,0,0,0,0,0,0,0,0,0,0,0,63617
1,1,1,1,801,-1052,-2287,-1151,24,-247,-17,27,52,0,0,0,0,0,0,0,0,0,0,0,0,0,0,0,0,0,0,0,0,0,0,63627
1,1,1,1,741,-1044,-2277,-1441,-27,-273,-17,27,52,0,0,0,0,0,0,0,0,0,0,0,0,0,0,0,0,0,0,0,0,0,0,63637
1,1,1,1,708,-1038,-2263,-1579,-72,-287,-19,27,49,0,0,0,0,0,0,0,0,0,0,0,0,0,0,0,0,0,0,0,0,0,0,63647
1,1,1,1,684,-1049,-2225,-1586,-96,-255,-17,26,50,0,0,0,0,0,0,0,0,0,0,0,0,0,0,0,0,0,0,0,0,0,0,63657
1,1,1,1,694,-1027,-2254,-1390,-115,-182,-17,27,51,0,0,0,0,0,0,0,0,0,0,0,0,0,0,0,0,0,0,0,0,0,0,63667
1,1,1,1,737,-997,-2285,-1314,-120,-145,-18,26,49,0,0,0,0,0,0,0,0,0,0,0,0,0,0,0,0,0,0,0,0,0,0,63677
1,1,1,1,791,-919,-2281,-1337,-132,-144,-16,26,48,0,0,0,0,0,0,0,0,0,0,0,0,0,0,0,0,0,0,0,0,0,0,63687
1,1,1,1,793,-842,-2275,-1320,-102,-166,-16,25,47,0,0,0,0,0,0,0,0,0,0,0,0,0,0,0,0,0,0,0,0,0,0,63697
1,1,1,1,791,-825,-2252,-1306,-72,-191,-16,25,45,0,0,0,0,0,0,0,0,0,0,0,0,0,0,0,0,0,0,0,0,0,0,63707
1,1,1,1,781,-820,-2247,-1273,-47,-203,-13,25,46,0,0,0,0,0,0,0,0,0,0,0,0,0,0,0,0,0,0,0,0,0,0,63717
1,1,1,1,781,-801,-2271,-1147,-21,-224,-12,24,44,0,0,0,0,0,0,0,0,0,0,0,0,0,0,0,0,0,0,0,0,0,0,63727
1,1,1,1,735,-828,-2256,-1058,4,-220,-10,24,42,0,0,0,0,0,0,0,0,0,0,0,0,0,0,0,0,0,0,0,0,0,0,63737
1,1,1,1,739,-814,-2260,-895,41,-193,-8,24,41,0,0,0,0,0,0,0,0,0,0,0,0,0,0,0,0,0,0,0,0,0,0,63747
1,1,1,1,790,-740,-2293,-576,94,-156,-8,22,37,0,0,0,0,0,0,0,0,0,0,0,0,0,0,0,0,0,0,0,0,0,0,63757
1,1,1,1,800,-752,-2269,-527,114,-96,-7,22,39,0,0,0,0,0,0,0,0,0,0,0,0,0,0,0,0,0,0,0,0,0,0,63767
1,1,1,1,834,-698,-2249,-422,123,-121,-8,20,34,0,0,0,0,0,0,0,0,0,0,0,0,0,0,0,0,0,0,0,0,0,0,63777
1,1,1,1,875,-639,-2237,-297,142,-174,-7,18,33,0,0,0,0,0,0,0,0,0,0,0,0,0,0,0,0,0,0,0,0,0,0,63787
1,1,1,1,822,-594,-2277,-352,157,-209,-9,20,34,0,0,0,0,0,0,0,0,0,0,0,0,0,0,0,0,0,0,0,0,0,0,63797
1,1,1,1,812,-594,-2361,-412,168,-229,-8,19,31,0,0,0,0,0,0,0,0,0,0,0,0,0,0,0,0,0,0,0,0,0,0,63807
1,1,1,1,805,-606,-2391,-461,180,-213,-9,20,31,0,0,0,0,0,0,0,0,0,0,0,0,0,0,0,0,0,0,0,0,0,0,63817
1,1,1,1,780,-610,-2346,-476,193,-198,-7,19,28,0,0,0,0,0,0,0,0,0,0,0,0,0,0,0,0,0,0,0,0,0,0,63827
1,1,1,1,841,-658,-2321,-632,180,-205,-8,20,29,0,0,0,0,0,0,0,0,0,0,0,0,0,0,0,0,0,0,0,0,0,0,63837
1,1,1,1,915,-694,-2289,-710,172,-217,-6,18,29,0,0,0,0,0,0,0,0,0,0,0,0,0,0,0,0,0,0,0,0,0,0,63847
1,1,1,1,924,-682,-2280,-677,176,-214,-5,19,26,0,0,0,0,0,0,0,0,0,0,0,0,0,0,0,0,0,0,0,0,0,0,63857
1,1,1,1,902,-631,-2322,-629,163,-202,-8,19,27,0,0,0,0,0,0,0,0,0,0,0,0,0,0,0,0,0,0,0,0,0,0,63867
1,1,1,1,897,-634,-2340,-575,144,-202,-9,19,27,0,0,0,0,0,0,0,0,0,0,0,0,0,0,0,0,0,0,0,0,0,0,63877
1,1,1,1,917,-683,-2400,-744,91,-216,-11,19,26,0,0,0,0,0,0,0,0,0,0,0,0,0,0,0,0,0,0,0,0,0,0,63887
1,1,1,1,934,-702,-2447,-1006,-4,-248,-10,18,26,0,0,0,0,0,0,0,0,0,0,0,0,0,0,0,0,0,0,0,0,0,0,63897
1,1,1,1,917,-643,-2417,-1145,-38,-241,-10,17,22,0,0,0,0,0,0,0,0,0,0,0,0,0,0,0,0,0,0,0,0,0,0,63907
1,1,1,1,827,-588,-2342,-1230,-30,-207,-10,17,22,0,0,0,0,0,0,0,0,0,0,0,0,0,0,0,0,0,0,0,0,0,0,63917
1,1,1,1,719,-498,-2343,-1330,-23,-185,-10,17,19,0,0,0,0,0,0,0,0,0,0,0,0,0,0,0,0,0,0,0,0,0,0,63927
1,1,1,1,689,-412,-2329,-1453,-15,-174,-12,17,19,0,0,0,0,0,0,0,0,0,0,0,0,0,0,0,0,0,0,0,0,0,0,63937
1,1,1,1,688,-428,-2298,-1843,-22,-151,-9,16,22,0,0,0,0,0,0,0,0,0,0,0,0,0,0,0,0,0,0,0,0,0,0,63947
1,1,1,1,661,-379,-2380,-1840,1,-167,-6,16,18,0,0,0,0,0,0,0,0,0,0,0,0,0,0,0,0,0,0,0,0,0,0,63957
1,1,1,1,724,-361,-2384,-1386,25,-115,-8,16,17,0,0,0,0,0,0,0,0,0,0,0,0,0,0,0,0,0,0,0,0,0,0,63967
1,1,1,1,838,-424,-2351,-1231,92,19,-5,15,14,0,0,0,0,0,0,0,0,0,0,0,0,0,0,0,0,0,0,0,0,0,0,63977
1,1,1,1,939,-342,-2366,-1075,163,160,-5,16,13,0,0,0,0,0,0,0,0,0,0,0,0,0,0,0,0,0,0,0,0,0,0,63987
1,1,1,1,905,-230,-2308,-994,103,95,-7,17,14,0,0,0,0,0,0,0,0,0,0,0,0,0,0,0,0,0,0,0,0,0,0,63997
1,1,1,1,895,-261,-2312,-1218,59,19,-8,17,15,0,0,0,0,0,0,0,0,0,0,0,0,0,0,0,0,0,0,0,0,0,0,64007
1,1,1,1,978,-203,-2333,-1631,30,-51,-7,17,13,0,0,0,0,0,0,0,0,0,0,0,0,0,0,0,0,0,0,0,0,0,0,64017
1,1,1,1,889,-143,-2208,-1764,-20,-135,-9,17,17,0,0,0,0,0,0,0,0,0,0,0,0,0,0,0,0,0,0,0,0,0,0,64027
1,1,1,1,839,-131,-2106,-1853,-3,-219,-6,16,17,0,0,0,0,0,0,0,0,0,0,0,0,0,0,0,0,0,0,0,0,0,0,64037
1,1,1,1,816,21,-2097,-1698,64,-264,0,16,16,0,0,0,0,0,0,0,0,0,0,0,0,0,0,0,0,0,0,0,0,0,0,64047
1,1,1,1,836,74,-2176,-856,74,-256,2,18,20,0,0,0,0,0,0,0,0,0,0,0,0,0,0,0,0,0,0,0,0,0,0,64057
1,1,1,1,882,-46,-2156,170,105,-176,7,13,16,0,0,0,0,0,0,0,0,0,0,0,0,0,0,0,0,0,0,0,0,0,0,64067
1,1,1,1,890,-47,-2215,931,177,-28,8,12,16,0,0,0,0,0,0,0,0,0,0,0,0,0,0,0,0,0,0,0,0,0,0,64077
1,1,1,1,842,-28,-2284,1325,211,84,4,17,17,0,0,0,0,0,0,0,0,0,0,0,0,0,0,0,0,0,0,0,0,0,0,64087
1,1,1,1,838,-27,-2302,1587,227,160,7,15,14,0,0,0,0,0,0,0,0,0,0,0,0,0,0,0,0,0,0,0,0,0,0,64097
1,1,1,1,875,-111,-2314,1810,239,233,8,16,14,0,0,0,0,0,0,0,0,0,0,0,0,0,0,0,0,0,0,0,0,0,0,64107
1,1,1,1,919,-191,-2297,2069,216,239,10,16,11,0,0,0,0,0,0,0,0,0,0,0,0,0,0,0,0,0,0,0,0,0,0,64117
1,1,1,1,950,-314,-2247,2250,133,105,11,14,18,0,0,0,0,0,0,0,0,0,0,0,0,0,0,0,0,0,0,0,0,0,0,64127
1,1,1,1,995,-390,-2244,2102,10,-32,-2,16,18,0,0,0,0,0,0,0,0,0,0,0,0,0,0,0,0,0,0,0,0,0,0,64137
1,1,1,1,964,-700,-2426,1615,-60,25,11,18,26,0,0,0,0,0,0,0,0,0,0,0,0,0,0,0,0,0,0,0,0,0,0,64147
1,1,1,1,913,-398,-2373,2144,-15,46,4,16,22,0,0,0,0,0,0,0,0,0,0,0,0,0,0,0,0,0,0,0,0,0,0,64157
1,1,1,1,814,-385,-2257,2359,-7,92,5,16,24,0,0,0,0,0,0,0,0,0,0,0,0,0,0,0,0,0,0,0,0,0,0,64167
1,1,1,1,783,-452,-2437,2162,13,115,5,16,25,0,0,0,0,0,0,0,0,0,0,0,0,0,0,0,0,0,0,0,0,0,0,64177
1,1,1,1,798,-468,-2431,2368,42,167,7,16,23,0,0,0,0,0,0,0,0,0,0,0,0,0,0,0,0,0,0,0,0,0,0,64187
1,1,1,1,772,-445,-2364,2721,182,251,10,16,23,0,0,0,0,0,0,0,0,0,0,0,0,0,0,0,0,0,0,0,0,0,0,64197
1,1,1,1,799,-449,-2225,3244,337,307,12,17,24,0,0,0,0,0,0,0,0,0,0,0,0,0,0,0,0,0,0,0,0,0,0,64207
1,1,1,1,863,-497,-2131,3682,466,300,10,16,19,0,0,0,0,0,0,0,0,0,0,0,0,0,0,0,0,0,0,0,0,0,0,64217
1,1,1,1,968,-637,-2035,3632,502,236,4,18,24,0,0,0,0,0,0,0,0,0,0,0,0,0,0,0,0,0,0,0,0,0,0,64227
1,1,1,1,1144,-951,-2208,2687,331,81,-1,18,26,0,0,0,0,0,0,0,0,0,0,0,0,0,0,0,0,0,0,0,0,0,0,64237
1,1,1,1,1220,-1153,-2450,1482,38,-53,-6,18,27,0,0,0,0,0,0,0,0,0,0,0,0,0,0,0,0,0,0,0,0,0,0,64247
1,1,1,1,1130,-1154,-2544,543,-174,-89,-5,16,26,0,0,0,0,0,0,0,0,0,0,0,0,0,0,0,0,0,0,0,0,0,0,64257
1,1,1,1,991,-1027,-2484,79,-243,-57,-2,15,24,0,0,0,0,0,0,0,0,0,0,0,0,0,0,0,0,0,0,0,0,0,0,64267
1,1,1,1,900,-856,-2306,123,-177,19,5,15,20,0,0,0,0,0,0,0,0,0,0,0,0,0,0,0,0,0,0,0,0,0,0,64277
1,1,1,1,852,-733,-2172,455,-38,74,6,14,14,0,0,0,0,0,0,0,0,0,0,0,0,0,0,0,0,0,0,0,0,0,0,64287
1,1,1,1,869,-719,-2122,660,67,95,4,15,14,0,0,0,0,0,0,0,0,0,0,0,0,0,0,0,0,0,0,0,0,0,0,64297
1,1,1,1,917,-789,-2136,676,121,80,3,15,16,0,0,0,0,0,0,0,0,0,0,0,0,0,0,0,0,0,0,0,0,0,0,64307
1,1,1,1,929,-854,-2097,637,144,29,4,15,15,0,0,0,0,0,0,0,0,0,0,0,0,0,0,0,0,0,0,0,0,0,0,64317
1,1,1,1,927,-907,-2012,608,105,-41,0,14,16,0,0,0,0,0,0,0,0,0,0,0,0,0,0,0,0,0,0,0,0,0,0,64327
1,1,1,1,929,-976,-2064,495,37,-105,-2,15,17,0,0,0,0,0,0,0,0,0,0,0,0,0,0,0,0,0,0,0,0,0,0,64337
1,1,1,1,915,-1045,-2205,177,-14,-149,-5,14,19,0,0,0,0,0,0,0,0,0,0,0,0,0,0,0,0,0,0,0,0,0,0,64347
1,1,1,1,850,-1011,-2292,-191,-30,-132,-6,16,19,0,0,0,0,0,0,0,0,0,0,0,0,0,0,0,0,0,0,0,0,0,0,64357
1,1,1,1,796,-926,-2332,-490,0,-73,-3,9,15,0,0,0,0,0,0,0,0,0,0,0,0,0,0,0,0,0,0,0,0,0,0,64367
1,1,1,1,770,-884,-2312,-720,44,-28,-6,19,16,0,0,0,0,0,0,0,0,0,0,0,0,0,0,0,0,0,0,0,0,0,0,64377
1,1,1,1,736,-877,-2251,-915,73,-29,-6,18,13,0,0,0,0,0,0,0,0,0,0,0,0,0,0,0,0,0,0,0,0,0,0,64387
1,1,1,1,783,-869,-2217,-1112,103,-28,-7,14,14,0,0,0,0,0,0,0,0,0,0,0,0,0,0,0,0,0,0,0,0,0,0,64397
1,1,1,1,844,-897,-2259,-1439,104,-46,-11,16,14,0,0,0,0,0,0,0,0,0,0,0,0,0,0,0,0,0,0,0,0,0,0,64407
1,1,1,1,893,-949,-2249,-1957,28,-101,-12,16,18,0,0,0,0,0,0,0,0,0,0,0,0,0,0,0,0,0,0,0,0,0,0,64417
1,1,1,1,975,-969,-2230,-2519,-74,-205,-15,15,16,0,0,0,0,0,0,0,0,0,0,0,0,0,0,0,0,0,0,0,0,0,0,64427
1,1,1,1,1065,-895,-2246,-2966,-102,-310,-17,17,17,0,0,0,0,0,0,0,0,0,0,0,0,0,0,0,0,0,0,0,0,0,0,64437
1,1,1,1,1009,-846,-2160,-3266,-95,-342,-13,15,17,0,0,0,0,0,0,0,0,0,0,0,0,0,0,0,0,0,0,0,0,0,0,64447
1,1,1,1,911,-753,-2158,-3085,-26,-315,-7,16,14,0,0,0,0,0,0,0,0,0,0,0,0,0,0,0,0,0,0,0,0,0,0,64457
1,1,1,1,855,-593,-2199,-2731,14,-249,-7,16,9,0,0,0,0,0,0,0,0,0,0,0,0,0,0,0,0,0,0,0,0,0,0,64467
1,1,1,1,936,-458,-2238,-2479,78,-107,-9,16,12,0,0,0,0,0,0,0,0,0,0,0,0,0,0,0,0,0,0,0,0,0,0,64477
1,1,1,1,935,-405,-2220,-2539,132,-41,-14,15,19,0,0,0,0,0,0,0,0,0,0,0,0,0,0,0,0,0,0,0,0,0,0,64487
1,1,1,1,878,-470,-2130,-2866,167,-65,-21,16,19,0,0,0,0,0,0,0,0,0,0,0,0,0,0,0,0,0,0,0,0,0,0,64497
1,1,1,1,930,-669,-1865,-4105,350,-32,-50,13,11,0,0,0,0,0,0,0,0,0,0,0,0,0,0,0,0,0,0,0,0,0,0,64507
1,1,1,1,842,-1063,-1436,-7302,981,266,-47,11,9,0,0,0,0,0,0,0,0,0,0,0,0,0,0,0,0,0,0,0,0,0,0,64517
1,1,1,1,632,-737,-1569,-10166,1868,782,-44,39,48,0,0,0,0,0,0,0,0,0,0,0,0,0,0,0,0,0,0,0,0,0,0,64527
1,1,1,1,549,-746,-1736,-11251,1670,552,-33,18,12,0,0,0,0,0,0,0,0,0,0,0,0,0,0,0,0,0,0,0,0,0,0,64537
1,1,1,1,1288,882,-2281,-9990,1638,785,7,38,34,0,0,0,0,0,0,0,0,0,0,0,0,0,0,0,0,0,0,0,0,0,0,64547
1,1,1,1,1583,1166,-1802,-6385,433,67,-2,29,26,0,0,0,0,0,0,0,0,0,0,0,0,0,0,0,0,0,0,0,0,0,0,64557
1,1,1,1,1718,1582,-2276,-3947,-203,-72,4,26,29,0,0,0,0,0,0,0,0,0,0,0,0,0,0,0,0,0,0,0,0,0,0,64567
1,1,1,1,1167,1253,-2359,-2121,-170,125,6,25,30,0,0,0,0,0,0,0,0,0,0,0,0,0,0,0,0,0,0,0,0,0,0,64577
1,1,1,1,1037,1006,-2326,-560,-214,140,-5,26,33,0,0,0,0,0,0,0,0,0,0,0,0,0,0,0,0,0,0,0,0,0,0,64587
1,1,1,1,1030,598,-2207,-579,-219,-23,-15,25,30,0,0,0,0,0,0,0,0,0,0,0,0,0,0,0,0,0,0,0,0,0,0,64597
1,1,1,1,902,457,-2143,-1684,-293,-150,-20,25,30,0,0,0,0,0,0,0,0,0,0,0,0,0,0,0,0,0,0,0,0,0,0,64607
1,1,1,1,834,484,-2220,-2680,-441,-157,-11,24,31,0,0,0,0,0,0,0,0,0,0,0,0,0,0,0,0,0,0,0,0,0,0,64617
1,1,1,1,1030,805,-2076,-2883,-565,-213,-6,23,27,0,0,0,0,0,0,0,0,0,0,0,0,0,0,0,0,0,0,0,0,0,0,64627
1,1,1,1,616,928,-1720,-2282,-447,-168,-27,22,21,0,0,0,0,0,0,0,0,0,0,0,0,0,0,0,0,0,0,0,0,0,0,64637
1,1,1,1,927,95,-1329,-2950,-108,170,-39,20,18,0,0,0,0,0,0,0,0,0,0,0,0,0,0,0,0,0,0,0,0,0,0,64647
1,1,1,1,1132,-125,-1551,-5375,90,592,-30,28,23,0,0,0,0,0,0,0,0,0,0,0,0,0,0,0,0,0,0,0,0,0,0,64657
1,1,1,1,1162,198,-1514,-6305,-342,401,-30,26,25,0,0,0,0,0,0,0,0,0,0,0,0,0,0,0,0,0,0,0,0,0,0,64667
1,1,1,1,1351,1238,-1617,-6435,-685,33,-9,23,29,0,0,0,0,0,0,0,0,0,0,0,0,0,0,0,0,0,0,0,0,0,0,64677
1,1,1,1,1296,2124,-1495,-4766,-568,-288,-13,22,32,0,0,0,0,0,0,0,0,0,0,0,0,0,0,0,0,0,0,0,0,0,0,64687
1,1,1,1,843,1074,-1141,-4208,197,-711,-16,19,28,0,0,0,0,0,0,0,0,0,0,0,0,0,0,0,0,0,0,0,0,0,0,64707
1,1,1,1,965,1202,-1309,-3941,271,-655,-14,22,28,0,0,0,0,0,0,0,0,0,0,0,0,0,0,0,0,0,0,0,0,0,0,64717
1,1,1,1,978,1204,-1324,-3625,246,-583,-16,21,27,0,0,0,0,0,0,0,0,0,0,0,0,0,0,0,0,0,0,0,0,0,0,64727
1,1,1,1,854,1193,-1229,-3690,238,-466,-18,21,25,0,0,0,0,0,0,0,0,0,0,0,0,0,0,0,0,0,0,0,0,0,0,64737
1,1,1,1,777,1347,-1070,-4129,267,-377,-21,19,25,0,0,0,0,0,0,0,0,0,0,0,0,0,0,0,0,0,0,0,0,0,0,64747
1,1,1,1,688,1301,-956,-4981,299,-426,-25,19,27,0,0,0,0,0,0,0,0,0,0,0,0,0,0,0,0,0,0,0,0,0,0,64757
1,1,1,1,630,1229,-740,-5553,341,-553,-15,20,28,0,0,0,0,0,0,0,0,0,0,0,0,0,0,0,0,0,0,0,0,0,0,64767
1,1,1,1,874,1273,-449,-5147,487,-644,-18,21,24,0,0,0,0,0,0,0,0,0,0,0,0,0,0,0,0,0,0,0,0,0,0,64777
1,1,1,1,974,1283,-727,-4684,488,-371,-7,22,21,0,0,0,0,0,0,0,0,0,0,0,0,0,0,0,0,0,0,0,0,0,0,64787
1,1,1,1,1122,1763,-969,-3365,67,104,8,22,11,0,0,0,0,0,0,0,0,0,0,0,0,0,0,0,0,0,0,0,0,0,0,64797
1,1,1,1,1302,2091,-681,-1204,-398,711,5,21,16,0,0,0,0,0,0,0,0,0,0,0,0,0,0,0,0,0,0,0,0,0,0,64807
1,1,1,1,1070,2018,-397,147,-415,1045,-17,18,48,0,0,0,0,0,0,0,0,0,0,0,0,0,0,0,0,0,0,0,0,0,0,64817
1,1,1,1,839,780,-923,-776,444,449,-2,24,23,0,0,0,0,0,0,0,0,0,0,0,0,0,0,0,0,0,0,0,0,0,0,64827
1,1,1,1,1400,1100,-129,-1292,354,179,-2,23,25,0,0,0,0,0,0,0,0,0,0,0,0,0,0,0,0,0,0,0,0,0,0,64837
1,1,1,1,1040,1118,97,-743,-213,176,-10,23,35,0,0,0,0,0,0,0,0,0,0,0,0,0,0,0,0,0,0,0,0,0,0,64847
1,1,1,1,905,1014,-148,-1144,-268,-320,-6,25,33,0,0,0,0,0,0,0,0,0,0,0,0,0,0,0,0,0,0,0,0,0,0,64857
1,1,1,1,812,1270,-127,-1239,-588,-483,-17,24,42,0,0,0,0,0,0,0,0,0,0,0,0,0,0,0,0,0,0,0,0,0,0,64867
1,1,1,1,1002,1548,-265,-1919,-709,-711,-20,20,37,0,0,0,0,0,0,0,0,0,0,0,0,0,0,0,0,0,0,0,0,0,0,64877
1,1,1,1,850,1744,-368,-2449,-587,-789,-21,17,29,0,0,0,0,0,0,0,0,0,0,0,0,0,0,0,0,0,0,0,0,0,0,64887
1,1,1,1,737,1624,-707,-2716,-310,-623,-14,14,22,0,0,0,0,0,0,0,0,0,0,0,0,0,0,0,0,0,0,0,0,0,0,64897
1,1,1,1,798,1451,-458,-1454,127,-146,-6,17,20,0,0,0,0,0,0,0,0,0,0,0,0,0,0,0,0,0,0,0,0,0,0,64917
1,1,1,1,943,1140,-133,-485,147,-10,-5,16,21,0,0,0,0,0,0,0,0,0,0,0,0,0,0,0,0,0,0,0,0,0,0,64927
1,1,1,1,871,1472,-84,-695,89,-56,-7,16,22,0,0,0,0,0,0,0,0,0,0,0,0,0,0,0,0,0,0,0,0,0,0,64937
1,1,1,1,791,1400,-19,-662,38,-147,-5,16,22,0,0,0,0,0,0,0,0,0,0,0,0,0,0,0,0,0,0,0,0,0,0,64947
1,1,1,1,916,1359,-119,-637,-61,-192,-5,14,20,0,0,0,0,0,0,0,0,0,0,0,0,0,0,0,0,0,0,0,0,0,0,64957
1,1,1,1,906,1406,-165,-464,-74,-168,-6,16,21,0,0,0,0,0,0,0,0,0,0,0,0,0,0,0,0,0,0,0,0,0,0,64967
1,1,1,1,894,1438,-309,-371,1,-89,-7,16,24,0,0,0,0,0,0,0,0,0,0,0,0,0,0,0,0,0,0,0,0,0,0,64977
1,1,1,1,923,1458,-325,-419,54,-57,-9,19,25,0,0,0,0,0,0,0,0,0,0,0,0,0,0,0,0,0,0,0,0,0,0,64987
1,1,1,1,975,1432,-281,-475,73,-19,-6,15,22,0,0,0,0,0,0,0,0,0,0,0,0,0,0,0,0,0,0,0,0,0,0,64997
1,1,1,1,691,1328,-101,-511,52,-84,-12,16,22,0,0,0,0,0,0,0,0,0,0,0,0,0,0,0,0,0,0,0,0,0,0,65007
1,1,1,1,925,1329,439,-1278,-186,-287,-17,15,29,0,0,0,0,0,0,0,0,0,0,0,0,0,0,0,0,0,0,0,0,0,0,65017
1,1,1,1,1349,1317,302,-2087,-192,-398,-23,19,31,0,0,0,0,0,0,0,0,0,0,0,0,0,0,0,0,0,0,0,0,0,0,65027
1,1,1,1,917,1349,157,-2475,36,-344,-13,17,29,0,0,0,0,0,0,0,0,0,0,0,0,0,0,0,0,0,0,0,0,0,0,65037
1,1,1,1,820,1368,117,-2190,111,-298,-10,18,31,0,0,0,0,0,0,0,0,0,0,0,0,0,0,0,0,0,0,0,0,0,0,65047
1,1,1,1,768,1204,81,-1737,36,-274,-11,19,34,0,0,0,0,0,0,0,0,0,0,0,0,0,0,0,0,0,0,0,0,0,0,65057
1,1,1,1,778,1140,29,-1263,-8,-218,-13,17,35,0,0,0,0,0,0,0,0,0,0,0,0,0,0,0,0,0,0,0,0,0,0,65067
1,1,1,1,837,1240,-33,-1021,15,-154,-15,15,32,0,0,0,0,0,0,0,0,0,0,0,0,0,0,0,0,0,0,0,0,0,0,65077
1,1,1,1,888,1414,-109,-960,91,-60,-16,13,28,0,0,0,0,0,0,0,0,0,0,0,0,0,0,0,0,0,0,0,0,0,0,65087
1,1,1,1,929,1525,-156,-1012,147,4,-17,14,27,0,0,0,0,0,0,0,0,0,0,0,0,0,0,0,0,0,0,0,0,0,0,65097
1,1,1,1,851,1540,27,-1047,109,-48,-19,12,25,0,0,0,0,0,0,0,0,0,0,0,0,0,0,0,0,0,0,0,0,0,0,65107
1,1,1,1,693,1471,382,-1443,27,-172,-21,12,28,0,0,0,0,0,0,0,0,0,0,0,0,0,0,0,0,0,0,0,0,0,0,65117
1,1,1,1,850,1240,399,-1940,-75,-382,-12,12,28,0,0,0,0,0,0,0,0,0,0,0,0,0,0,0,0,0,0,0,0,0,0,65127
1,1,1,1,699,1279,180,-1450,-184,-348,-12,12,29,0,0,0,0,0,0,0,0,0,0,0,0,0,0,0,0,0,0,0,0,0,0,65137
1,1,1,1,790,1205,196,-920,-212,-291,-14,11,24,0,0,0,0,0,0,0,0,0,0,0,0,0,0,0,0,0,0,0,0,0,0,65147
1,1,1,1,878,1324,184,-669,-179,-235,-14,7,22,0,0,0,0,0,0,0,0,0,0,0,0,0,0,0,0,0,0,0,0,0,0,65157
1,1,1,1,905,1402,76,-346,-33,-109,-14,7,18,0,0,0,0,0,0,0,0,0,0,0,0,0,0,0,0,0,0,0,0,0,0,65167
1,1,1,1,989,1432,82,-182,101,31,-14,7,21,0,0,0,0,0,0,0,0,0,0,0,0,0,0,0,0,0,0,0,0,0,0,65177
1,1,1,1,989,1432,82,-345,174,20,-16,7,16,0,0,0,0,0,0,0,0,0,0,0,0,0,0,0,0,0,0,0,0,0,0,65187
1,1,1,1,948,1411,302,-693,136,-68,-15,8,17,0,0,0,0,0,0,0,0,0,0,0,0,0,0,0,0,0,0,0,0,0,0,65197
1,1,1,1,948,1411,302,-896,69,-124,-15,9,16,0,0,0,0,0,0,0,0,0,0,0,0,0,0,0,0,0,0,0,0,0,0,65207
1,1,1,1,949,1312,347,-1054,-18,-170,-15,9,18,0,0,0,0,0,0,0,0,0,0,0,0,0,0,0,0,0,0,0,0,0,0,65217
1,1,1,1,925,1283,355,-1118,-79,-202,-12,9,18,0,0,0,0,0,0,0,0,0,0,0,0,0,0,0,0,0,0,0,0,0,0,65227
1,1,1,1,899,1276,323,-954,-116,-190,-11,8,20,0,0,0,0,0,0,0,0,0,0,0,0,0,0,0,0,0,0,0,0,0,0,65237
1,1,1,1,906,1246,324,-689,-101,-133,-14,10,23,0,0,0,0,0,0,0,0,0,0,0,0,0,0,0,0,0,0,0,0,0,0,65247
1,1,1,1,888,1254,366,-528,-44,-78,-15,11,24,0,0,0,0,0,0,0,0,0,0,0,0,0,0,0,0,0,0,0,0,0,0,65257
1,1,1,1,863,1282,378,-501,-5,-40,-18,13,31,0,0,0,0,0,0,0,0,0,0,0,0,0,0,0,0,0,0,0,0,0,0,65267
1,1,1,1,838,1304,387,-638,6,-43,-16,10,30,0,0,0,0,0,0,0,0,0,0,0,0,0,0,0,0,0,0,0,0,0,0,65277
1,1,1,1,799,1319,382,-854,-19,-86,-17,13,35,0,0,0,0,0,0,0,0,0,0,0,0,0,0,0,0,0,0,0,0,0,0,65287
1,1,1,1,815,1283,402,-1027,-57,-118,-18,15,36,0,0,0,0,0,0,0,0,0,0,0,0,0,0,0,0,0,0,0,0,0,0,65297
1,1,1,1,775,1202,465,-1011,-57,-115,-16,12,39,0,0,0,0,0,0,0,0,0,0,0,0,0,0,0,0,0,0,0,0,0,0,65307
1,1,1,1,757,1032,622,-830,-62,-73,-18,15,43,0,0,0,0,0,0,0,0,0,0,0,0,0,0,0,0,0,0,0,0,0,0,65327
1,1,1,1,710,1057,660,-824,-57,-91,-19,17,47,0,0,0,0,0,0,0,0,0,0,0,0,0,0,0,0,0,0,0,0,0,0,65337
1,1,1,1,652,1112,650,-788,-60,-52,-21,16,49,0,0,0,0,0,0,0,0,0,0,0,0,0,0,0,0,0,0,0,0,0,0,65347
1,1,1,1,705,1116,618,-791,-31,-15,-22,17,54,0,0,0,0,0,0,0,0,0,0,0,0,0,0,0,0,0,0,0,0,0,0,65357
1,1,1,1,697,1150,554,-777,7,28,-23,17,54,0,0,0,0,0,0,0,0,0,0,0,0,0,0,0,0,0,0,0,0,0,0,65367
1,1,1,1,652,1291,427,-644,99,138,-25,17,59,0,0,0,0,0,0,0,0,0,0,0,0,0,0,0,0,0,0,0,0,0,0,65377
1,1,1,1,776,1261,450,-698,66,84,-25,16,59,0,0,0,0,0,0,0,0,0,0,0,0,0,0,0,0,0,0,0,0,0,0,65387
1,1,1,1,769,1306,417,-790,15,49,-25,17,58,0,0,0,0,0,0,0,0,0,0,0,0,0,0,0,0,0,0,0,0,0,0,65397
1,1,1,1,867,1227,455,-777,-46,11,-26,18,61,0,0,0,0,0,0,0,0,0,0,0,0,0,0,0,0,0,0,0,0,0,0,65407
1,1,1,1,881,1136,588,-827,-133,-38,-25,20,61,0,0,0,0,0,0,0,0,0,0,0,0,0,0,0,0,0,0,0,0,0,0,65417
1,1,1,1,863,1175,610,-678,-117,45,-26,19,64,0,0,0,0,0,0,0,0,0,0,0,0,0,0,0,0,0,0,0,0,0,0,65427
1,1,1,1,963,1052,652,-643,-128,85,-27,20,67,0,0,0,0,0,0,0,0,0,0,0,0,0,0,0,0,0,0,0,0,0,0,65437
1,1,1,1,907,1042,664,-667,-125,113,-26,20,70,0,0,0,0,0,0,0,0,0,0,0,0,0,0,0,0,0,0,0,0,0,0,65447
1,1,1,1,843,1118,647,-571,-116,124,-28,21,70,0,0,0,0,0,0,0,0,0,0,0,0,0,0,0,0,0,0,0,0,0,0,65457
1,1,1,1,763,1142,690,-657,-136,100,-32,22,75,0,0,0,0,0,0,0,0,0,0,0,0,0,0,0,0,0,0,0,0,0,0,65467
1,1,1,1,679,1165,684,-951,-124,5,-32,21,76,0,0,0,0,0,0,0,0,0,0,0,0,0,0,0,0,0,0,0,0,0,0,65477
1,1,1,1,666,1240,586,-1054,-149,-95,-32,20,77,0,0,0,0,0,0,0,0,0,0,0,0,0,0,0,0,0,0,0,0,0,0,65487
1,1,1,1,705,1189,588,-1033,-184,-183,-30,21,78,0,0,0,0,0,0,0,0,0,0,0,0,0,0,0,0,0,0,0,0,0,0,65497
1,1,1,1,697,1167,627,-912,-196,-260,-30,20,80,0,0,0,0,0,0,0,0,0,0,0,0,0,0,0,0,0,0,0,0,0,0,65507
1,1,1,1,683,1119,729,-768,-178,-298,-31,21,79,0,0,0,0,0,0,0,0,0,0,0,0,0,0,0,0,0,0,0,0,0,0,65517
1,1,1,1,670,1083,816,-577,-154,-312,-32,22,82,0,0,0,0,0,0,0,0,0,0,0,0,0,0,0,0,0,0,0,0,0,0,65527
1,1,1,1,656,1029,836,-439,-131,-323,-34,22,83,0,0,0,0,0,0,0,0,0,0,0,0,0,0,0,0,0,0,0,0,0,0,65537
1,1,1,1,638,1039,840,-379,-127,-321,-34,23,84,0,0,0,0,0,0,0,0,0,0,0,0,0,0,0,0,0,0,0,0,0,0,65547
1,1,1,1,622,1057,858,-459,-159,-324,-38,26,86,0,0,0,0,0,0,0,0,0,0,0,0,0,0,0,0,0,0,0,0,0,0,65557
1,1,1,1,618,1007,873,-806,-188,-365,-39,26,89,0,0,0,0,0,0,0,0,0,0,0,0,0,0,0,0,0,0,0,0,0,0,65567
1,1,1,1,611,1068,804,-923,-218,-385,-41,27,89,0,0,0,0,0,0,0,0,0,0,0,0,0,0,0,0,0,0,0,0,0,0,65577
1,1,1,1,609,996,811,-996,-262,-392,-41,25,90,0,0,0,0,0,0,0,0,0,0,0,0,0,0,0,0,0,0,0,0,0,0,65587
1,1,1,1,554,1002,849,-960,-326,-400,-45,29,89,0,0,0,0,0,0,0,0,0,0,0,0,0,0,0,0,0,0,0,0,0,0,65597
1,1,1,1,549,1001,875,-841,-351,-330,-42,27,90,0,0,0,0,0,0,0,0,0,0,0,0,0,0,0,0,0,0,0,0,0,0,65607
1,1,1,1,606,1036,874,-671,-314,-193,-39,23,85,0,0,0,0,0,0,0,0,0,0,0,0,0,0,0,0,0,0,0,0,0,0,65617
1,1,1,1,743,1070,871,-516,-260,-36,-44,26,87,0,0,0,0,0,0,0,0,0,0,0,0,0,0,0,0,0,0,0,0,0,0,65627
1,1,1,1,859,1105,852,-566,-154,11,-45,25,86,0,0,0,0,0,0,0,0,0,0,0,0,0,0,0,0,0,0,0,0,0,0,65637
1,1,1,1,947,1066,894,-720,-161,-87,-46,22,94,0,0,0,0,0,0,0,0,0,0,0,0,0,0,0,0,0,0,0,0,0,0,65647
1,1,1,1,991,1019,856,-978,-221,-274,-47,22,93,0,0,0,0,0,0,0,0,0,0,0,0,0,0,0,0,0,0,0,0,0,0,65657
1,1,1,1,1082,1061,805,-1171,-249,-359,-48,21,97,0,0,0,0,0,0,0,0,0,0,0,0,0,0,0,0,0,0,0,0,0,0,65667
1,1,1,1,1213,1130,690,-1252,-175,-411,-51,22,99,0,0,0,0,0,0,0,0,0,0,0,0,0,0,0,0,0,0,0,0,0,0,65677
1,1,1,1,1218,1071,706,-1229,-81,-379,-47,20,96,0,0,0,0,0,0,0,0,0,0,0,0,0,0,0,0,0,0,0,0,0,0,65687
1,1,1,1,1213,1015,762,-1079,-69,-400,-46,20,92,0,0,0,0,0,0,0,0,0,0,0,0,0,0,0,0,0,0,0,0,0,0,65697
1,1,1,1,1189,929,811,-935,-42,-419,-42,20,85,0,0,0,0,0,0,0,0,0,0,0,0,0,0,0,0,0,0,0,0,0,0,65707
1,1,1,1,1152,905,861,-794,-27,-431,-38,20,84,0,0,0,0,0,0,0,0,0,0,0,0,0,0,0,0,0,0,0,0,0,0,65717
1,1,1,1,1070,863,916,-633,-23,-419,-39,20,80,0,0,0,0,0,0,0,0,0,0,0,0,0,0,0,0,0,0,0,0,0,0,65727
1,1,1,1,975,778,1076,-705,22,-419,-38,21,79,0,0,0,0,0,0,0,0,0,0,0,0,0,0,0,0,0,0,0,0,0,0,65737
1,1,1,1,877,784,1111,-834,11,-396,-39,22,83,0,0,0,0,0,0,0,0,0,0,0,0,0,0,0,0,0,0,0,0,0,0,65747
1,1,1,1,866,656,1109,-934,10,-370,-41,23,86,0,0,0,0,0,0,0,0,0,0,0,0,0,0,0,0,0,0,0,0,0,0,65757
1,1,1,1,942,576,1050,-986,33,-314,-44,24,87,0,0,0,0,0,0,0,0,0,0,0,0,0,0,0,0,0,0,0,0,0,0,65767
1,1,1,1,923,592,1030,-886,52,-219,-42,24,88,0,0,0,0,0,0,0,0,0,0,0,0,0,0,0,0,0,0,0,0,0,0,65777
1,1,1,1,892,607,1036,-742,78,-110,-39,24,88,0,0,0,0,0,0,0,0,0,0,0,0,0,0,0,0,0,0,0,0,0,0,65787
1,1,1,1,885,631,1003,-546,91,-8,-37,25,88,0,0,0,0,0,0,0,0,0,0,0,0,0,0,0,0,0,0,0,0,0,0,65797
1,1,1,1,909,739,917,-215,101,108,-35,25,86,0,0,0,0,0,0,0,0,0,0,0,0,0,0,0,0,0,0,0,0,0,0,65807
1,1,1,1,888,802,917,76,136,206,-31,25,83,0,0,0,0,0,0,0,0,0,0,0,0,0,0,0,0,0,0,0,0,0,0,65817
1,1,1,1,851,865,949,188,161,268,-31,24,79,0,0,0,0,0,0,0,0,0,0,0,0,0,0,0,0,0,0,0,0,0,0,65827
1,1,1,1,762,882,995,279,148,342,-28,25,77,0,0,0,0,0,0,0,0,0,0,0,0,0,0,0,0,0,0,0,0,0,0,65837
1,1,1,1,687,818,1050,225,116,379,-29,24,76,0,0,0,0,0,0,0,0,0,0,0,0,0,0,0,0,0,0,0,0,0,0,65847
1,1,1,1,633,788,1074,87,51,372,-31,24,74,0,0,0,0,0,0,0,0,0,0,0,0,0,0,0,0,0,0,0,0,0,0,65857
1,1,1,1,619,780,1071,-61,-1,364,-29,25,76,0,0,0,0,0,0,0,0,0,0,0,0,0,0,0,0,0,0,0,0,0,0,65867
1,1,1,1,575,743,1066,-75,-9,349,-33,28,78,0,0,0,0,0,0,0,0,0,0,0,0,0,0,0,0,0,0,0,0,0,0,65877
1,1,1,1,575,727,1050,-93,-16,319,-29,25,79,0,0,0,0,0,0,0,0,0,0,0,0,0,0,0,0,0,0,0,0,0,0,65887
1,1,1,1,579,773,995,-38,-20,307,-32,26,80,0,0,0,0,0,0,0,0,0,0,0,0,0,0,0,0,0,0,0,0,0,0,65897
1,1,1,1,582,738,1000,17,-23,291,-30,25,76,0,0,0,0,0,0,0,0,0,0,0,0,0,0,0,0,0,0,0,0,0,0,65907
1,1,1,1,636,751,980,88,-45,278,-27,26,78,0,0,0,0,0,0,0,0,0,0,0,0,0,0,0,0,0,0,0,0,0,0,65917
1,1,1,1,632,763,1010,197,-87,285,-29,24,78,0,0,0,0,0,0,0,0,0,0,0,0,0,0,0,0,0,0,0,0,0,0,65927
1,1,1,1,644,742,1058,93,-126,254,-29,25,80,0,0,0,0,0,0,0,0,0,0,0,0,0,0,0,0,0,0,0,0,0,0,65937
1,1,1,1,716,765,1030,20,-155,250,-26,24,79,0,0,0,0,0,0,0,0,0,0,0,0,0,0,0,0,0,0,0,0,0,0,65947
1,1,1,1,751,757,1009,59,-174,267,-27,26,79,0,0,0,0,0,0,0,0,0,0,0,0,0,0,0,0,0,0,0,0,0,0,65957
1,1,1,1,783,707,1016,41,-198,266,-26,25,79,0,0,0,0,0,0,0,0,0,0,0,0,0,0,0,0,0,0,0,0,0,0,65967
1,1,1,1,822,781,990,142,-200,285,-26,24,81,0,0,0,0,0,0,0,0,0,0,0,0,0,0,0,0,0,0,0,0,0,0,65977
1,1,1,1,845,770,1003,328,-199,307,-26,25,85,0,0,0,0,0,0,0,0,0,0,0,0,0,0,0,0,0,0,0,0,0,0,65987
1,1,1,1,856,824,1006,475,-180,322,-26,25,79,0,0,0,0,0,0,0,0,0,0,0,0,0,0,0,0,0,0,0,0,0,0,65997
1,1,1,1,843,847,1036,586,-171,325,-29,26,81,0,0,0,0,0,0,0,0,0,0,0,0,0,0,0,0,0,0,0,0,0,0,66007
1,1,1,1,848,849,1055,574,-147,303,-28,25,83,0,0,0,0,0,0,0,0,0,0,0,0,0,0,0,0,0,0,0,0,0,0,66017
1,1,1,1,847,849,1045,541,-131,272,-27,26,82,0,0,0,0,0,0,0,0,0,0,0,0,0,0,0,0,0,0,0,0,0,0,66027
1,1,1,1,863,847,1008,477,-112,232,-27,27,89,0,0,0,0,0,0,0,0,0,0,0,0,0,0,0,0,0,0,0,0,0,0,66037
1,1,1,1,892,849,984,429,-115,188,-28,26,87,0,0,0,0,0,0,0,0,0,0,0,0,0,0,0,0,0,0,0,0,0,0,66047
1,1,1,1,916,871,947,423,-114,152,-27,27,85,0,0,0,0,0,0,0,0,0,0,0,0,0,0,0,0,0,0,0,0,0,0,66057
1,1,1,1,928,886,920,460,-120,122,-25,26,86,0,0,0,0,0,0,0,0,0,0,0,0,0,0,0,0,0,0,0,0,0,0,66067
1,1,1,1,942,871,902,623,-123,105,-23,26,87,0,0,0,0,0,0,0,0,0,0,0,0,0,0,0,0,0,0,0,0,0,0,66077
1,1,1,1,890,854,918,1088,-94,109,-19,27,82,0,0,0,0,0,0,0,0,0,0,0,0,0,0,0,0,0,0,0,0,0,0,66097
1,1,1,1,838,874,934,1272,-76,110,-21,26,81,0,0,0,0,0,0,0,0,0,0,0,0,0,0,0,0,0,0,0,0,0,0,66107
1,1,1,1,769,919,951,1142,-61,66,-21,26,80,0,0,0,0,0,0,0,0,0,0,0,0,0,0,0,0,0,0,0,0,0,0,66117
1,1,1,1,690,1056,906,874,-44,-7,-21,26,79,0,0,0,0,0,0,0,0,0,0,0,0,0,0,0,0,0,0,0,0,0,0,66127
1,1,1,1,666,1131,852,573,-29,-115,-21,26,80,0,0,0,0,0,0,0,0,0,0,0,0,0,0,0,0,0,0,0,0,0,0,66137
1,1,1,1,631,1119,867,381,-19,-238,-22,26,76,0,0,0,0,0,0,0,0,0,0,0,0,0,0,0,0,0,0,0,0,0,0,66147
1,1,1,1,619,1064,894,241,-25,-341,-23,28,76,0,0,0,0,0,0,0,0,0,0,0,0,0,0,0,0,0,0,0,0,0,0,66157
1,1,1,1,622,979,946,112,-42,-398,-23,28,80,0,0,0,0,0,0,0,0,0,0,0,0,0,0,0,0,0,0,0,0,0,0,66167
1,1,1,1,628,922,986,77,-67,-428,-22,27,73,0,0,0,0,0,0,0,0,0,0,0,0,0,0,0,0,0,0,0,0,0,0,66177
1,1,1,1,661,850,1009,106,-82,-416,-24,29,78,0,0,0,0,0,0,0,0,0,0,0,0,0,0,0,0,0,0,0,0,0,0,66187
1,1,1,1,713,819,985,192,-77,-356,-23,26,78,0,0,0,0,0,0,0,0,0,0,0,0,0,0,0,0,0,0,0,0,0,0,66197
1,1,1,1,717,847,959,285,-101,-273,-23,25,79,0,0,0,0,0,0,0,0,0,0,0,0,0,0,0,0,0,0,0,0,0,0,66207
1,1,1,1,714,875,916,297,-138,-198,-28,31,79,0,0,0,0,0,0,0,0,0,0,0,0,0,0,0,0,0,0,0,0,0,0,66217
1,1,1,1,701,977,866,212,-198,-128,-27,26,78,0,0,0,0,0,0,0,0,0,0,0,0,0,0,0,0,0,0,0,0,0,0,66227
1,1,1,1,713,1077,774,87,-268,-29,-28,28,77,0,0,0,0,0,0,0,0,0,0,0,0,0,0,0,0,0,0,0,0,0,0,66237
1,1,1,1,831,1109,727,33,-265,85,-26,27,75,0,0,0,0,0,0,0,0,0,0,0,0,0,0,0,0,0,0,0,0,0,0,66247
1,1,1,1,950,1068,750,102,-283,139,-27,25,79,0,0,0,0,0,0,0,0,0,0,0,0,0,0,0,0,0,0,0,0,0,0,66257
1,1,1,1,1023,966,804,67,-262,96,-27,26,77,0,0,0,0,0,0,0,0,0,0,0,0,0,0,0,0,0,0,0,0,0,0,66267
1,1,1,1,1105,936,785,120,-272,38,-26,24,79,0,0,0,0,0,0,0,0,0,0,0,0,0,0,0,0,0,0,0,0,0,0,66277
1,1,1,1,1193,868,769,164,-256,-101,-28,24,79,0,0,0,0,0,0,0,0,0,0,0,0,0,0,0,0,0,0,0,0,0,0,66287
1,1,1,1,1218,977,695,155,-197,-128,-25,24,75,0,0,0,0,0,0,0,0,0,0,0,0,0,0,0,0,0,0,0,0,0,0,66297
1,1,1,1,1242,1001,670,316,-127,-102,-26,23,72,0,0,0,0,0,0,0,0,0,0,0,0,0,0,0,0,0,0,0,0,0,0,66307
1,1,1,1,1157,995,705,268,-80,-115,-25,25,70,0,0,0,0,0,0,0,0,0,0,0,0,0,0,0,0,0,0,0,0,0,0,66317
1,1,1,1,1082,1021,753,171,-75,-124,-23,23,65,0,0,0,0,0,0,0,0,0,0,0,0,0,0,0,0,0,0,0,0,0,0,66327
1,1,1,1,972,971,821,-171,-68,-136,-20,24,64,0,0,0,0,0,0,0,0,0,0,0,0,0,0,0,0,0,0,0,0,0,0,66347
1,1,1,1,981,875,846,-177,-37,-129,-19,24,67,0,0,0,0,0,0,0,0,0,0,0,0,0,0,0,0,0,0,0,0,0,0,66357
1,1,1,1,988,808,882,-128,2,-108,-20,23,66,0,0,0,0,0,0,0,0,0,0,0,0,0,0,0,0,0,0,0,0,0,0,66367
1,1,1,1,986,805,875,-117,9,-103,-22,23,66,0,0,0,0,0,0,0,0,0,0,0,0,0,0,0,0,0,0,0,0,0,0,66377
1,1,1,1,984,867,857,-57,47,-86,-23,24,69,0,0,0,0,0,0,0,0,0,0,0,0,0,0,0,0,0,0,0,0,0,0,66387
1,1,1,1,1020,919,805,-41,76,-86,-23,24,72,0,0,0,0,0,0,0,0,0,0,0,0,0,0,0,0,0,0,0,0,0,0,66397
1,1,1,1,1045,992,743,-26,123,-97,-22,25,74,0,0,0,0,0,0,0,0,0,0,0,0,0,0,0,0,0,0,0,0,0,0,66407
1,1,1,1,1051,1015,727,-69,160,-124,-22,26,74,0,0,0,0,0,0,0,0,0,0,0,0,0,0,0,0,0,0,0,0,0,0,66417
1,1,1,1,1060,1089,698,-101,194,-139,-22,26,72,0,0,0,0,0,0,0,0,0,0,0,0,0,0,0,0,0,0,0,0,0,0,66427
1,1,1,1,1028,1110,717,-147,235,-128,-20,25,71,0,0,0,0,0,0,0,0,0,0,0,0,0,0,0,0,0,0,0,0,0,0,66437
1,1,1,1,1001,1042,757,-179,235,-125,-19,25,67,0,0,0,0,0,0,0,0,0,0,0,0,0,0,0,0,0,0,0,0,0,0,66447
1,1,1,1,1002,970,789,-140,219,-118,-20,26,69,0,0,0,0,0,0,0,0,0,0,0,0,0,0,0,0,0,0,0,0,0,0,66457
1,1,1,1,1019,972,837,-46,215,-80,-21,28,69,0,0,0,0,0,0,0,0,0,0,0,0,0,0,0,0,0,0,0,0,0,0,66467
1,1,1,1,1032,945,846,31,241,-32,-14,24,65,0,0,0,0,0,0,0,0,0,0,0,0,0,0,0,0,0,0,0,0,0,0,66477
1,1,1,1,1022,975,833,191,246,64,-15,25,61,0,0,0,0,0,0,0,0,0,0,0,0,0,0,0,0,0,0,0,0,0,0,66487
1,1,1,1,986,1007,808,278,271,190,-11,24,55,0,0,0,0,0,0,0,0,0,0,0,0,0,0,0,0,0,0,0,0,0,0,66497
1,1,1,1,854,1039,787,314,269,336,-11,25,52,0,0,0,0,0,0,0,0,0,0,0,0,0,0,0,0,0,0,0,0,0,0,66507
1,1,1,1,717,979,810,297,265,376,-8,22,54,0,0,0,0,0,0,0,0,0,0,0,0,0,0,0,0,0,0,0,0,0,0,66517
1,1,1,1,568,878,914,168,227,292,-10,26,56,0,0,0,0,0,0,0,0,0,0,0,0,0,0,0,0,0,0,0,0,0,0,66527
1,1,1,1,513,824,948,-64,225,141,-12,24,55,0,0,0,0,0,0,0,0,0,0,0,0,0,0,0,0,0,0,0,0,0,0,66537
1,1,1,1,529,860,881,-184,268,82,-10,28,59,0,0,0,0,0,0,0,0,0,0,0,0,0,0,0,0,0,0,0,0,0,0,66547
1,1,1,1,424,926,882,-42,145,111,-11,26,57,0,0,0,0,0,0,0,0,0,0,0,0,0,0,0,0,0,0,0,0,0,0,66557
1,1,1,1,385,864,922,-149,89,88,-13,27,65,0,0,0,0,0,0,0,0,0,0,0,0,0,0,0,0,0,0,0,0,0,0,66567
1,1,1,1,472,845,878,-297,99,74,-14,27,65,0,0,0,0,0,0,0,0,0,0,0,0,0,0,0,0,0,0,0,0,0,0,66577
1,1,1,1,522,902,784,-230,77,103,-16,28,70,0,0,0,0,0,0,0,0,0,0,0,0,0,0,0,0,0,0,0,0,0,0,66587
1,1,1,1,663,888,767,-136,61,97,-17,27,73,0,0,0,0,0,0,0,0,0,0,0,0,0,0,0,0,0,0,0,0,0,0,66597
1,1,1,1,667,904,776,-101,24,70,-17,27,74,0,0,0,0,0,0,0,0,0,0,0,0,0,0,0,0,0,0,0,0,0,0,66607
1,1,1,1,715,976,767,-45,-14,65,-19,26,74,0,0,0,0,0,0,0,0,0,0,0,0,0,0,0,0,0,0,0,0,0,0,66617
1,1,1,1,789,990,786,-2,-42,79,-20,26,75,0,0,0,0,0,0,0,0,0,0,0,0,0,0,0,0,0,0,0,0,0,0,66627
1,1,1,1,822,1014,849,-22,-83,99,-21,25,79,0,0,0,0,0,0,0,0,0,0,0,0,0,0,0,0,0,0,0,0,0,0,66637
1,1,1,1,926,1023,849,-21,-111,116,-21,25,77,0,0,0,0,0,0,0,0,0,0,0,0,0,0,0,0,0,0,0,0,0,0,66647
1,1,1,1,1034,1051,769,47,-130,142,-25,25,81,0,0,0,0,0,0,0,0,0,0,0,0,0,0,0,0,0,0,0,0,0,0,66657
1,1,1,1,1080,1089,745,71,-133,163,-23,26,82,0,0,0,0,0,0,0,0,0,0,0,0,0,0,0,0,0,0,0,0,0,0,66667
1,1,1,1,1075,1131,713,95,-150,158,-25,26,83,0,0,0,0,0,0,0,0,0,0,0,0,0,0,0,0,0,0,0,0,0,0,66677
1,1,1,1,1059,1191,729,144,-173,139,-26,27,82,0,0,0,0,0,0,0,0,0,0,0,0,0,0,0,0,0,0,0,0,0,0,66687
1,1,1,1,1020,1175,783,89,-145,139,-23,27,79,0,0,0,0,0,0,0,0,0,0,0,0,0,0,0,0,0,0,0,0,0,0,66697
1,1,1,1,942,1152,856,60,-143,102,-22,27,79,0,0,0,0,0,0,0,0,0,0,0,0,0,0,0,0,0,0,0,0,0,0,66707
1,1,1,1,862,1052,923,-72,-135,52,-21,27,79,0,0,0,0,0,0,0,0,0,0,0,0,0,0,0,0,0,0,0,0,0,0,66717
1,1,1,1,872,951,933,-175,-105,14,-21,28,80,0,0,0,0,0,0,0,0,0,0,0,0,0,0,0,0,0,0,0,0,0,0,66727
1,1,1,1,891,861,922,-217,-57,-7,-20,27,80,0,0,0,0,0,0,0,0,0,0,0,0,0,0,0,0,0,0,0,0,0,0,66737
1,1,1,1,932,797,890,-171,-4,-1,-19,27,78,0,0,0,0,0,0,0,0,0,0,0,0,0,0,0,0,0,0,0,0,0,0,66747
1,1,1,1,986,777,873,-81,60,20,-24,30,81,0,0,0,0,0,0,0,0,0,0,0,0,0,0,0,0,0,0,0,0,0,0,66757
1,1,1,1,948,814,851,47,98,62,-20,26,79,0,0,0,0,0,0,0,0,0,0,0,0,0,0,0,0,0,0,0,0,0,0,66767
1,1,1,1,962,870,825,91,123,78,-25,28,82,0,0,0,0,0,0,0,0,0,0,0,0,0,0,0,0,0,0,0,0,0,0,66777
1,1,1,1,1009,928,752,70,139,55,-21,29,81,0,0,0,0,0,0,0,0,0,0,0,0,0,0,0,0,0,0,0,0,0,0,66787
1,1,1,1,1013,1048,663,172,134,91,-21,27,76,0,0,0,0,0,0,0,0,0,0,0,0,0,0,0,0,0,0,0,0,0,0,66797
1,1,1,1,987,1087,689,267,143,127,-21,27,73,0,0,0,0,0,0,0,0,0,0,0,0,0,0,0,0,0,0,0,0,0,0,66807
1,1,1,1,911,1037,791,207,123,94,-20,25,72,0,0,0,0,0,0,0,0,0,0,0,0,0,0,0,0,0,0,0,0,0,0,66817
1,1,1,1,1016,1044,810,168,169,89,-18,26,71,0,0,0,0,0,0,0,0,0,0,0,0,0,0,0,0,0,0,0,0,0,0,66827
1,1,1,1,1046,1071,751,307,192,138,-16,29,65,0,0,0,0,0,0,0,0,0,0,0,0,0,0,0,0,0,0,0,0,0,0,66837
1,1,1,1,906,1080,804,458,133,194,-14,26,65,0,0,0,0,0,0,0,0,0,0,0,0,0,0,0,0,0,0,0,0,0,0,66847
1,1,1,1,987,975,837,340,156,115,-13,26,64,0,0,0,0,0,0,0,0,0,0,0,0,0,0,0,0,0,0,0,0,0,0,66857
1,1,1,1,918,1008,784,323,194,129,-9,25,59,0,0,0,0,0,0,0,0,0,0,0,0,0,0,0,0,0,0,0,0,0,0,66867
1,1,1,1,734,1024,835,372,171,198,-8,25,61,0,0,0,0,0,0,0,0,0,0,0,0,0,0,0,0,0,0,0,0,0,0,66877
1,1,1,1,694,946,883,317,179,153,-9,26,56,0,0,0,0,0,0,0,0,0,0,0,0,0,0,0,0,0,0,0,0,0,0,66887
1,1,1,1,395,976,975,174,141,79,-13,26,57,0,0,0,0,0,0,0,0,0,0,0,0,0,0,0,0,0,0,0,0,0,0,66897
1,1,1,1,251,941,1015,33,36,-19,-13,26,60,0,0,0,0,0,0,0,0,0,0,0,0,0,0,0,0,0,0,0,0,0,0,66907
1,1,1,1,272,935,1016,-275,25,-166,-11,23,61,0,0,0,0,0,0,0,0,0,0,0,0,0,0,0,0,0,0,0,0,0,0,66917
1,1,1,1,558,960,827,-239,113,-200,-9,21,55,0,0,0,0,0,0,0,0,0,0,0,0,0,0,0,0,0,0,0,0,0,0,66927
1,1,1,1,747,945,691,131,204,-76,-11,22,56,0,0,0,0,0,0,0,0,0,0,0,0,0,0,0,0,0,0,0,0,0,0,66937
1,1,1,1,679,806,851,236,146,-79,-11,18,46,0,0,0,0,0,0,0,0,0,0,0,0,0,0,0,0,0,0,0,0,0,0,66947
1,1,1,1,1202,845,733,310,122,-66,-8,18,37,0,0,0,0,0,0,0,0,0,0,0,0,0,0,0,0,0,0,0,0,0,0,66957
1,1,1,1,951,917,677,629,54,54,-10,17,37,0,0,0,0,0,0,0,0,0,0,0,0,0,0,0,0,0,0,0,0,0,0,66967
1,1,1,1,926,916,809,507,12,60,-11,17,32,0,0,0,0,0,0,0,0,0,0,0,0,0,0,0,0,0,0,0,0,0,0,66977
1,1,1,1,920,1000,809,344,4,90,-10,17,33,0,0,0,0,0,0,0,0,0,0,0,0,0,0,0,0,0,0,0,0,0,0,66987
1,1,1,1,890,1054,791,295,-1,87,-12,18,32,0,0,0,0,0,0,0,0,0,0,0,0,0,0,0,0,0,0,0,0,0,0,66997
1,1,1,1,858,1090,787,199,5,56,-8,17,35,0,0,0,0,0,0,0,0,0,0,0,0,0,0,0,0,0,0,0,0,0,0,67007
1,1,1,1,814,1134,755,163,12,20,-10,17,32,0,0,0,0,0,0,0,0,0,0,0,0,0,0,0,0,0,0,0,0,0,0,67017
1,1,1,1,795,1131,738,170,11,-12,-10,15,31,0,0,0,0,0,0,0,0,0,0,0,0,0,0,0,0,0,0,0,0,0,0,67027
1,1,1,1,787,1100,753,149,9,-53,-12,15,31,0,0,0,0,0,0,0,0,0,0,0,0,0,0,0,0,0,0,0,0,0,0,67037
1,1,1,1,798,1080,751,105,-10,-83,-16,14,31,0,0,0,0,0,0,0,0,0,0,0,0,0,0,0,0,0,0,0,0,0,0,67047
1,1,1,1,791,1091,753,76,-28,-92,-16,14,35,0,0,0,0,0,0,0,0,0,0,0,0,0,0,0,0,0,0,0,0,0,0,67057
1,1,1,1,699,1088,787,44,-62,-108,-18,14,39,0,0,0,0,0,0,0,0,0,0,0,0,0,0,0,0,0,0,0,0,0,0,67067
1,1,1,1,585,1048,842,-133,-73,-147,-18,14,45,0,0,0,0,0,0,0,0,0,0,0,0,0,0,0,0,0,0,0,0,0,0,67077
1,1,1,1,306,923,978,-641,-132,-284,-29,21,67,0,0,0,0,0,0,0,0,0,0,0,0,0,0,0,0,0,0,0,0,0,0,67087
1,1,1,1,834,1091,838,-994,-49,-325,-23,25,69,0,0,0,0,0,0,0,0,0,0,0,0,0,0,0,0,0,0,0,0,0,0,67097
1,1,1,1,546,963,731,-463,-186,-298,-31,22,80,0,0,0,0,0,0,0,0,0,0,0,0,0,0,0,0,0,0,0,0,0,0,67107
1,1,1,1,560,832,959,-688,-366,-478,-34,30,81,0,0,0,0,0,0,0,0,0,0,0,0,0,0,0,0,0,0,0,0,0,0,67117
1,1,1,1,623,1054,787,-565,-456,-358,-29,23,79,0,0,0,0,0,0,0,0,0,0,0,0,0,0,0,0,0,0,0,0,0,0,67127
1,1,1,1,710,1086,694,-273,-484,-139,-29,22,79,0,0,0,0,0,0,0,0,0,0,0,0,0,0,0,0,0,0,0,0,0,0,67137
1,1,1,1,925,1089,633,-53,-391,72,-31,25,79,0,0,0,0,0,0,0,0,0,0,0,0,0,0,0,0,0,0,0,0,0,0,67147
1,1,1,1,1052,1027,596,146,-295,193,-33,24,83,0,0,0,0,0,0,0,0,0,0,0,0,0,0,0,0,0,0,0,0,0,0,67157
1,1,1,1,1165,909,650,109,-229,100,-33,24,84,0,0,0,0,0,0,0,0,0,0,0,0,0,0,0,0,0,0,0,0,0,0,67167
1,1,1,1,1159,901,685,17,-249,-26,-32,25,84,0,0,0,0,0,0,0,0,0,0,0,0,0,0,0,0,0,0,0,0,0,0,67177
1,1,1,1,1155,986,704,-19,-287,-61,-29,24,82,0,0,0,0,0,0,0,0,0,0,0,0,0,0,0,0,0,0,0,0,0,0,67187
1,1,1,1,1138,1067,667,21,-236,-20,-29,23,77,0,0,0,0,0,0,0,0,0,0,0,0,0,0,0,0,0,0,0,0,0,0,67197
1,1,1,1,1075,1041,703,64,-168,31,-27,23,74,0,0,0,0,0,0,0,0,0,0,0,0,0,0,0,0,0,0,0,0,0,0,67207
1,1,1,1,974,1036,737,104,-132,49,-25,23,70,0,0,0,0,0,0,0,0,0,0,0,0,0,0,0,0,0,0,0,0,0,0,67217
1,1,1,1,862,1015,812,99,-135,16,-25,23,67,0,0,0,0,0,0,0,0,0,0,0,0,0,0,0,0,0,0,0,0,0,0,67227
1,1,1,1,813,999,854,13,-134,-16,-22,22,63,0,0,0,0,0,0,0,0,0,0,0,0,0,0,0,0,0,0,0,0,0,0,67237
1,1,1,1,816,1025,894,-1,-143,-22,-23,23,66,0,0,0,0,0,0,0,0,0,0,0,0,0,0,0,0,0,0,0,0,0,0,67247
1,1,1,1,847,1002,907,-36,-136,-36,-25,23,63,0,0,0,0,0,0,0,0,0,0,0,0,0,0,0,0,0,0,0,0,0,0,67257
1,1,1,1,933,1011,933,-77,-145,-33,-25,22,69,0,0,0,0,0,0,0,0,0,0,0,0,0,0,0,0,0,0,0,0,0,0,67267
1,1,1,1,1049,988,890,-151,-133,-51,-27,23,69,0,0,0,0,0,0,0,0,0,0,0,0,0,0,0,0,0,0,0,0,0,0,67277
1,1,1,1,1222,1019,795,-262,-80,-62,-29,21,71,0,0,0,0,0,0,0,0,0,0,0,0,0,0,0,0,0,0,0,0,0,0,67287
1,1,1,1,1327,1076,653,-242,-22,-55,-28,23,77,0,0,0,0,0,0,0,0,0,0,0,0,0,0,0,0,0,0,0,0,0,0,67297
1,1,1,1,1259,1012,688,-305,18,-130,-29,24,76,0,0,0,0,0,0,0,0,0,0,0,0,0,0,0,0,0,0,0,0,0,0,67307
1,1,1,1,1231,979,717,-424,42,-216,-24,25,79,0,0,0,0,0,0,0,0,0,0,0,0,0,0,0,0,0,0,0,0,0,0,67317
1,1,1,1,1140,990,706,-399,72,-208,-25,26,75,0,0,0,0,0,0,0,0,0,0,0,0,0,0,0,0,0,0,0,0,0,0,67327
1,1,1,1,1062,935,768,-293,104,-168,-24,26,72,0,0,0,0,0,0,0,0,0,0,0,0,0,0,0,0,0,0,0,0,0,0,67337
1,1,1,1,978,866,877,-178,142,-101,-21,27,75,0,0,0,0,0,0,0,0,0,0,0,0,0,0,0,0,0,0,0,0,0,0,67347
1,1,1,1,910,848,936,-71,164,-24,-22,27,74,0,0,0,0,0,0,0,0,0,0,0,0,0,0,0,0,0,0,0,0,0,0,67357
1,1,1,1,888,827,951,62,179,58,-24,28,76,0,0,0,0,0,0,0,0,0,0,0,0,0,0,0,0,0,0,0,0,0,0,67367
1,1,1,1,931,855,913,169,215,139,-24,27,75,0,0,0,0,0,0,0,0,0,0,0,0,0,0,0,0,0,0,0,0,0,0,67377
1,1,1,1,1002,882,815,293,254,236,-20,26,73,0,0,0,0,0,0,0,0,0,0,0,0,0,0,0,0,0,0,0,0,0,0,67387
1,1,1,1,1007,923,763,408,257,319,-20,25,70,0,0,0,0,0,0,0,0,0,0,0,0,0,0,0,0,0,0,0,0,0,0,67397
1,1,1,1,991,1016,733,475,282,419,-17,25,62,0,0,0,0,0,0,0,0,0,0,0,0,0,0,0,0,0,0,0,0,0,0,67407
1,1,1,1,953,1110,687,561,294,536,-14,26,58,0,0,0,0,0,0,0,0,0,0,0,0,0,0,0,0,0,0,0,0,0,0,67417
1,1,1,1,856,1094,725,671,242,585,-11,24,54,0,0,0,0,0,0,0,0,0,0,0,0,0,0,0,0,0,0,0,0,0,0,67427
1,1,1,1,721,1033,765,702,158,584,-9,26,53,0,0,0,0,0,0,0,0,0,0,0,0,0,0,0,0,0,0,0,0,0,0,67437
1,1,1,1,682,933,800,734,88,499,-7,25,53,0,0,0,0,0,0,0,0,0,0,0,0,0,0,0,0,0,0,0,0,0,0,67447
1,1,1,1,693,850,820,630,79,377,-7,23,53,0,0,0,0,0,0,0,0,0,0,0,0,0,0,0,0,0,0,0,0,0,0,67457
1,1,1,1,747,884,803,493,146,290,-7,25,57,0,0,0,0,0,0,0,0,0,0,0,0,0,0,0,0,0,0,0,0,0,0,67467
1,1,1,1,796,928,759,440,206,240,-7,24,54,0,0,0,0,0,0,0,0,0,0,0,0,0,0,0,0,0,0,0,0,0,0,67477
1,1,1,1,622,1024,791,428,157,241,-9,25,56,0,0,0,0,0,0,0,0,0,0,0,0,0,0,0,0,0,0,0,0,0,0,67487
1,1,1,1,607,1055,795,304,71,224,-12,25,61,0,0,0,0,0,0,0,0,0,0,0,0,0,0,0,0,0,0,0,0,0,0,67497
1,1,1,1,732,1050,728,-29,111,132,-13,25,60,0,0,0,0,0,0,0,0,0,0,0,0,0,0,0,0,0,0,0,0,0,0,67507
1,1,1,1,756,1103,619,-34,87,118,-10,26,60,0,0,0,0,0,0,0,0,0,0,0,0,0,0,0,0,0,0,0,0,0,0,67517
1,1,1,1,817,1121,590,137,31,129,-10,25,60,0,0,0,0,0,0,0,0,0,0,0,0,0,0,0,0,0,0,0,0,0,0,67527
1,1,1,1,861,1066,637,162,8,108,-9,24,59,0,0,0,0,0,0,0,0,0,0,0,0,0,0,0,0,0,0,0,0,0,0,67537
1,1,1,1,871,1033,677,177,-11,83,-7,25,59,0,0,0,0,0,0,0,0,0,0,0,0,0,0,0,0,0,0,0,0,0,0,67547
1,1,1,1,855,1007,734,229,-40,77,-9,26,59,0,0,0,0,0,0,0,0,0,0,0,0,0,0,0,0,0,0,0,0,0,0,67557
1,1,1,1,839,998,763,225,-60,62,-11,25,59,0,0,0,0,0,0,0,0,0,0,0,0,0,0,0,0,0,0,0,0,0,0,67567
1,1,1,1,810,1012,777,183,-54,38,-12,25,59,0,0,0,0,0,0,0,0,0,0,0,0,0,0,0,0,0,0,0,0,0,0,67577
1,1,1,1,800,1025,779,127,-50,10,-11,25,62,0,0,0,0,0,0,0,0,0,0,0,0,0,0,0,0,0,0,0,0,0,0,67587
1,1,1,1,795,1033,767,64,-31,-10,-15,25,61,0,0,0,0,0,0,0,0,0,0,0,0,0,0,0,0,0,0,0,0,0,0,67597
1,1,1,1,776,1016,773,-11,-20,-38,-13,24,61,0,0,0,0,0,0,0,0,0,0,0,0,0,0,0,0,0,0,0,0,0,0,67607
1,1,1,1,770,986,775,-84,8,-62,-15,25,62,0,0,0,0,0,0,0,0,0,0,0,0,0,0,0,0,0,0,0,0,0,0,67617
1,1,1,1,788,998,769,-72,28,-60,-15,25,62,0,0,0,0,0,0,0,0,0,0,0,0,0,0,0,0,0,0,0,0,0,0,67627
1,1,1,1,837,995,737,-54,34,-47,-14,24,65,0,0,0,0,0,0,0,0,0,0,0,0,0,0,0,0,0,0,0,0,0,0,67637
1,1,1,1,921,1031,703,9,25,-22,-15,26,70,0,0,0,0,0,0,0,0,0,0,0,0,0,0,0,0,0,0,0,0,0,0,67647
1,1,1,1,1034,1073,683,71,-3,-2,-19,25,74,0,0,0,0,0,0,0,0,0,0,0,0,0,0,0,0,0,0,0,0,0,0,67657
1,1,1,1,1168,1106,641,130,-38,19,-18,23,75,0,0,0,0,0,0,0,0,0,0,0,0,0,0,0,0,0,0,0,0,0,0,67667
1,1,1,1,1243,1168,619,211,-48,46,-23,30,79,0,0,0,0,0,0,0,0,0,0,0,0,0,0,0,0,0,0,0,0,0,0,67677
1,1,1,1,1202,1150,639,237,-66,51,-21,28,79,0,0,0,0,0,0,0,0,0,0,0,0,0,0,0,0,0,0,0,0,0,0,67687
1,1,1,1,1154,1166,622,268,-83,63,-19,26,74,0,0,0,0,0,0,0,0,0,0,0,0,0,0,0,0,0,0,0,0,0,0,67697
1,1,1,1,1053,1130,636,258,-90,76,-17,25,73,0,0,0,0,0,0,0,0,0,0,0,0,0,0,0,0,0,0,0,0,0,0,67707
1,1,1,1,942,1115,663,259,-82,76,-16,23,71,0,0,0,0,0,0,0,0,0,0,0,0,0,0,0,0,0,0,0,0,0,0,67717
1,1,1,1,878,1046,708,276,-72,61,-17,28,70,0,0,0,0,0,0,0,0,0,0,0,0,0,0,0,0,0,0,0,0,0,0,67727
1,1,1,1,862,984,714,306,-31,66,-11,25,65,0,0,0,0,0,0,0,0,0,0,0,0,0,0,0,0,0,0,0,0,0,0,67737
1,1,1,1,822,946,757,397,-26,86,-11,26,64,0,0,0,0,0,0,0,0,0,0,0,0,0,0,0,0,0,0,0,0,0,0,67747
1,1,1,1,839,907,772,406,1,107,-11,26,64,0,0,0,0,0,0,0,0,0,0,0,0,0,0,0,0,0,0,0,0,0,0,67757
1,1,1,1,843,892,776,428,26,144,-11,27,67,0,0,0,0,0,0,0,0,0,0,0,0,0,0,0,0,0,0,0,0,0,0,67767
1,1,1,1,859,878,771,361,33,157,-11,26,65,0,0,0,0,0,0,0,0,0,0,0,0,0,0,0,0,0,0,0,0,0,0,67777
1,1,1,1,861,933,722,252,35,162,-12,26,68,0,0,0,0,0,0,0,0,0,0,0,0,0,0,0,0,0,0,0,0,0,0,67787
1,1,1,1,898,975,676,153,30,170,-14,27,68,0,0,0,0,0,0,0,0,0,0,0,0,0,0,0,0,0,0,0,0,0,0,67797
1,1,1,1,946,1027,594,131,22,184,-10,26,69,0,0,0,0,0,0,0,0,0,0,0,0,0,0,0,0,0,0,0,0,0,0,67807
1,1,1,1,960,1066,569,171,7,198,-12,27,69,0,0,0,0,0,0,0,0,0,0,0,0,0,0,0,0,0,0,0,0,0,0,67817
1,1,1,1,1002,1069,563,221,3,207,-12,27,67,0,0,0,0,0,0,0,0,0,0,0,0,0,0,0,0,0,0,0,0,0,0,67827
1,1,1,1,1027,1072,560,311,-2,220,-10,27,67,0,0,0,0,0,0,0,0,0,0,0,0,0,0,0,0,0,0,0,0,0,0,67837
1,1,1,1,1052,1022,586,349,16,229,-10,28,68,0,0,0,0,0,0,0,0,0,0,0,0,0,0,0,0,0,0,0,0,0,0,67847
1,1,1,1,987,1008,604,395,-4,260,-9,29,65,0,0,0,0,0,0,0,0,0,0,0,0,0,0,0,0,0,0,0,0,0,0,67857
1,1,1,1,881,987,647,440,-51,286,-10,29,68,0,0,0,0,0,0,0,0,0,0,0,0,0,0,0,0,0,0,0,0,0,0,67867
1,1,1,1,858,955,674,342,-45,281,-10,29,67,0,0,0,0,0,0,0,0,0,0,0,0,0,0,0,0,0,0,0,0,0,0,67877
1,1,1,1,779,969,690,290,-33,279,-8,28,72,0,0,0,0,0,0,0,0,0,0,0,0,0,0,0,0,0,0,0,0,0,0,67887
1,1,1,1,754,1011,689,257,-15,264,-12,29,71,0,0,0,0,0,0,0,0,0,0,0,0,0,0,0,0,0,0,0,0,0,0,67897
1,1,1,1,769,1059,669,261,32,242,-12,29,70,0,0,0,0,0,0,0,0,0,0,0,0,0,0,0,0,0,0,0,0,0,0,67907
1,1,1,1,802,1083,629,304,84,210,-13,28,72,0,0,0,0,0,0,0,0,0,0,0,0,0,0,0,0,0,0,0,0,0,0,67917
1,1,1,1,802,1076,646,283,115,174,-12,28,68,0,0,0,0,0,0,0,0,0,0,0,0,0,0,0,0,0,0,0,0,0,0,67927
1,1,1,1,805,1101,649,250,134,143,-12,27,66,0,0,0,0,0,0,0,0,0,0,0,0,0,0,0,0,0,0,0,0,0,0,67937
1,1,1,1,813,1126,643,228,141,109,-12,26,67,0,0,0,0,0,0,0,0,0,0,0,0,0,0,0,0,0,0,0,0,0,0,67947
1,1,1,1,826,1135,661,140,153,72,-16,26,69,0,0,0,0,0,0,0,0,0,0,0,0,0,0,0,0,0,0,0,0,0,0,67957
1,1,1,1,837,1148,656,23,148,27,-18,25,69,0,0,0,0,0,0,0,0,0,0,0,0,0,0,0,0,0,0,0,0,0,0,67967
1,1,1,1,853,1158,632,-84,134,-13,-20,28,70,0,0,0,0,0,0,0,0,0,0,0,0,0,0,0,0,0,0,0,0,0,0,67977
1,1,1,1,843,1162,614,-162,107,-44,-21,29,72,0,0,0,0,0,0,0,0,0,0,0,0,0,0,0,0,0,0,0,0,0,0,67987
1,1,1,1,815,1120,629,-240,54,-65,-20,26,76,0,0,0,0,0,0,0,0,0,0,0,0,0,0,0,0,0,0,0,0,0,0,67997
1,1,1,1,794,1080,647,-278,-6,-98,-21,25,75,0,0,0,0,0,0,0,0,0,0,0,0,0,0,0,0,0,0,0,0,0,0,68007
1,1,1,1,803,1042,645,-263,-81,-110,-25,31,80,0,0,0,0,0,0,0,0,0,0,0,0,0,0,0,0,0,0,0,0,0,0,68017
1,1,1,1,821,1026,656,-219,-167,-93,-28,31,86,0,0,0,0,0,0,0,0,0,0,0,0,0,0,0,0,0,0,0,0,0,0,68027
1,1,1,1,914,1069,639,-153,-223,-55,-26,28,80,0,0,0,0,0,0,0,0,0,0,0,0,0,0,0,0,0,0,0,0,0,0,68037
1,1,1,1,991,1159,583,-63,-286,7,-25,28,84,0,0,0,0,0,0,0,0,0,0,0,0,0,0,0,0,0,0,0,0,0,0,68047
1,1,1,1,1038,1223,507,0,-335,65,-27,28,83,0,0,0,0,0,0,0,0,0,0,0,0,0,0,0,0,0,0,0,0,0,0,68057
1,1,1,1,1111,1280,428,47,-287,135,-25,27,83,0,0,0,0,0,0,0,0,0,0,0,0,0,0,0,0,0,0,0,0,0,0,68067
1,1,1,1,1240,1187,384,19,-191,146,-26,28,82,0,0,0,0,0,0,0,0,0,0,0,0,0,0,0,0,0,0,0,0,0,0,68077
1,1,1,1,1218,1122,428,66,-179,122,-25,28,79,0,0,0,0,0,0,0,0,0,0,0,0,0,0,0,0,0,0,0,0,0,0,68087
1,1,1,1,1211,1056,475,40,-158,43,-26,26,79,0,0,0,0,0,0,0,0,0,0,0,0,0,0,0,0,0,0,0,0,0,0,68097
1,1,1,1,1136,1028,566,-125,-122,-54,-23,27,74,0,0,0,0,0,0,0,0,0,0,0,0,0,0,0,0,0,0,0,0,0,0,68107
1,1,1,1,1016,1078,621,-134,-157,-51,-22,26,74,0,0,0,0,0,0,0,0,0,0,0,0,0,0,0,0,0,0,0,0,0,0,68117
1,1,1,1,982,1050,666,-197,-137,-64,-22,27,72,0,0,0,0,0,0,0,0,0,0,0,0,0,0,0,0,0,0,0,0,0,0,68127
1,1,1,1,934,1067,697,-199,-152,-50,-22,26,72,0,0,0,0,0,0,0,0,0,0,0,0,0,0,0,0,0,0,0,0,0,0,68137
1,1,1,1,927,1063,707,-191,-149,-33,-24,26,73,0,0,0,0,0,0,0,0,0,0,0,0,0,0,0,0,0,0,0,0,0,0,68147
1,1,1,1,958,1047,744,-262,-142,-65,-22,27,75,0,0,0,0,0,0,0,0,0,0,0,0,0,0,0,0,0,0,0,0,0,0,68157
1,1,1,1,984,1087,685,-292,-166,-61,-24,25,76,0,0,0,0,0,0,0,0,0,0,0,0,0,0,0,0,0,0,0,0,0,0,68167
1,1,1,1,1093,1072,613,-354,-90,-60,-25,26,77,0,0,0,0,0,0,0,0,0,0,0,0,0,0,0,0,0,0,0,0,0,0,68177
1,1,1,1,1139,1074,554,-269,-61,-65,-25,26,77,0,0,0,0,0,0,0,0,0,0,0,0,0,0,0,0,0,0,0,0,0,0,68187
1,1,1,1,1173,1042,543,-232,-63,-87,-27,26,76,0,0,0,0,0,0,0,0,0,0,0,0,0,0,0,0,0,0,0,0,0,0,68197
1,1,1,1,1207,1037,548,-257,-17,-94,-28,26,78,0,0,0,0,0,0,0,0,0,0,0,0,0,0,0,0,0,0,0,0,0,0,68207
1,1,1,1,1222,1061,549,-247,-15,-94,-24,26,77,0,0,0,0,0,0,0,0,0,0,0,0,0,0,0,0,0,0,0,0,0,0,68217
1,1,1,1,1223,1040,572,-231,7,-82,-25,26,76,0,0,0,0,0,0,0,0,0,0,0,0,0,0,0,0,0,0,0,0,0,0,68227
1,1,1,1,1180,977,603,-259,30,-80,-24,26,77,0,0,0,0,0,0,0,0,0,0,0,0,0,0,0,0,0,0,0,0,0,0,68237
1,1,1,1,1086,972,647,-320,33,-105,-23,26,77,0,0,0,0,0,0,0,0,0,0,0,0,0,0,0,0,0,0,0,0,0,0,68247
1,1,1,1,1029,995,650,-368,36,-123,-24,27,77,0,0,0,0,0,0,0,0,0,0,0,0,0,0,0,0,0,0,0,0,0,0,68257
1,1,1,1,969,1055,628,-327,42,-113,-24,26,77,0,0,0,0,0,0,0,0,0,0,0,0,0,0,0,0,0,0,0,0,0,0,68267
1,1,1,1,933,1052,630,-265,60,-101,-23,25,76,0,0,0,0,0,0,0,0,0,0,0,0,0,0,0,0,0,0,0,0,0,0,68277
1,1,1,1,905,1039,658,-276,52,-103,-25,27,76,0,0,0,0,0,0,0,0,0,0,0,0,0,0,0,0,0,0,0,0,0,0,68287
1,1,1,1,934,1056,663,-310,41,-113,-24,28,78,0,0,0,0,0,0,0,0,0,0,0,0,0,0,0,0,0,0,0,0,0,0,68297
1,1,1,1,979,1096,663,-356,34,-137,-24,27,78,0,0,0,0,0,0,0,0,0,0,0,0,0,0,0,0,0,0,0,0,0,0,68307
1,1,1,1,1027,1056,676,-397,41,-173,-23,25,80,0,0,0,0,0,0,0,0,0,0,0,0,0,0,0,0,0,0,0,0,0,0,68317
1,1,1,1,1087,1036,647,-405,52,-202,-27,31,79,0,0,0,0,0,0,0,0,0,0,0,0,0,0,0,0,0,0,0,0,0,0,68327
1,1,1,1,1123,1005,611,-361,63,-218,-22,26,79,0,0,0,0,0,0,0,0,0,0,0,0,0,0,0,0,0,0,0,0,0,0,68337
1,1,1,1,1118,971,628,-333,74,-232,-23,29,82,0,0,0,0,0,0,0,0,0,0,0,0,0,0,0,0,0,0,0,0,0,0,68347
1,1,1,1,1100,971,651,-327,93,-234,-23,30,82,0,0,0,0,0,0,0,0,0,0,0,0,0,0,0,0,0,0,0,0,0,0,68357
1,1,1,1,1067,1006,662,-306,96,-228,-19,27,81,0,0,0,0,0,0,0,0,0,0,0,0,0,0,0,0,0,0,0,0,0,0,68367
1,1,1,1,1020,1013,684,-262,114,-211,-18,27,80,0,0,0,0,0,0,0,0,0,0,0,0,0,0,0,0,0,0,0,0,0,0,68377
1,1,1,1,989,999,700,-265,127,-201,-19,28,78,0,0,0,0,0,0,0,0,0,0,0,0,0,0,0,0,0,0,0,0,0,0,68387
1,1,1,1,980,1012,684,-244,130,-177,-19,27,77,0,0,0,0,0,0,0,0,0,0,0,0,0,0,0,0,0,0,0,0,0,0,68397
1,1,1,1,976,1009,695,-159,146,-128,-17,26,74,0,0,0,0,0,0,0,0,0,0,0,0,0,0,0,0,0,0,0,0,0,0,68407
1,1,1,1,978,1011,721,-78,177,-69,-17,27,73,0,0,0,0,0,0,0,0,0,0,0,0,0,0,0,0,0,0,0,0,0,0,68417
1,1,1,1,979,977,749,39,178,-20,-15,27,70,0,0,0,0,0,0,0,0,0,0,0,0,0,0,0,0,0,0,0,0,0,0,68427
1,1,1,1,979,956,754,133,159,8,-14,26,67,0,0,0,0,0,0,0,0,0,0,0,0,0,0,0,0,0,0,0,0,0,0,68437
1,1,1,1,954,972,776,210,152,45,-13,27,65,0,0,0,0,0,0,0,0,0,0,0,0,0,0,0,0,0,0,0,0,0,0,68447
1,1,1,1,901,993,765,209,104,47,-14,27,64,0,0,0,0,0,0,0,0,0,0,0,0,0,0,0,0,0,0,0,0,0,0,68457
1,1,1,1,847,1004,761,124,78,34,-14,27,64,0,0,0,0,0,0,0,0,0,0,0,0,0,0,0,0,0,0,0,0,0,0,68467
1,1,1,1,820,996,760,14,52,18,-13,26,64,0,0,0,0,0,0,0,0,0,0,0,0,0,0,0,0,0,0,0,0,0,0,68477
1,1,1,1,777,995,750,-45,27,4,-13,26,62,0,0,0,0,0,0,0,0,0,0,0,0,0,0,0,0,0,0,0,0,0,0,68487
1,1,1,1,730,965,771,-136,4,-21,-15,27,63,0,0,0,0,0,0,0,0,0,0,0,0,0,0,0,0,0,0,0,0,0,0,68497
1,1,1,1,705,942,778,-208,-29,-41,-14,26,61,0,0,0,0,0,0,0,0,0,0,0,0,0,0,0,0,0,0,0,0,0,0,68507
1,1,1,1,722,905,803,-235,-35,-32,-13,27,65,0,0,0,0,0,0,0,0,0,0,0,0,0,0,0,0,0,0,0,0,0,0,68517
1,1,1,1,784,881,787,-177,-19,-1,-14,26,69,0,0,0,0,0,0,0,0,0,0,0,0,0,0,0,0,0,0,0,0,0,0,68527
1,1,1,1,825,905,745,-27,-1,55,-13,27,68,0,0,0,0,0,0,0,0,0,0,0,0,0,0,0,0,0,0,0,0,0,0,68537
1,1,1,1,851,911,740,51,2,92,-14,27,69,0,0,0,0,0,0,0,0,0,0,0,0,0,0,0,0,0,0,0,0,0,0,68547
1,1,1,1,886,928,720,77,-1,121,-17,28,74,0,0,0,0,0,0,0,0,0,0,0,0,0,0,0,0,0,0,0,0,0,0,68557
1,1,1,1,935,959,702,93,-13,139,-18,27,71,0,0,0,0,0,0,0,0,0,0,0,0,0,0,0,0,0,0,0,0,0,0,68567
1,1,1,1,983,1003,684,86,-32,139,-19,30,77,0,0,0,0,0,0,0,0,0,0,0,0,0,0,0,0,0,0,0,0,0,0,68577
1,1,1,1,1000,1091,676,76,-37,133,-19,30,78,0,0,0,0,0,0,0,0,0,0,0,0,0,0,0,0,0,0,0,0,0,0,68587
1,1,1,1,1017,1116,700,81,-61,112,-21,28,79,0,0,0,0,0,0,0,0,0,0,0,0,0,0,0,0,0,0,0,0,0,0,68597
1,1,1,1,1045,1088,710,37,-97,88,-21,31,80,0,0,0,0,0,0,0,0,0,0,0,0,0,0,0,0,0,0,0,0,0,0,68607
1,1,1,1,1057,1071,693,36,-109,78,-21,30,79,0,0,0,0,0,0,0,0,0,0,0,0,0,0,0,0,0,0,0,0,0,0,68617
1,1,1,1,1051,1029,700,109,-107,78,-18,29,81,0,0,0,0,0,0,0,0,0,0,0,0,0,0,0,0,0,0,0,0,0,0,68627
1,1,1,1,997,1011,723,172,-96,80,-19,31,84,0,0,0,0,0,0,0,0,0,0,0,0,0,0,0,0,0,0,0,0,0,0,68637
1,1,1,1,946,994,756,190,-94,72,-18,29,80,0,0,0,0,0,0,0,0,0,0,0,0,0,0,0,0,0,0,0,0,0,0,68647
1,1,1,1,886,1017,771,115,-84,43,-18,30,83,0,0,0,0,0,0,0,0,0,0,0,0,0,0,0,0,0,0,0,0,0,0,68657
1,1,1,1,840,1038,754,-3,-62,5,-20,29,83,0,0,0,0,0,0,0,0,0,0,0,0,0,0,0,0,0,0,0,0,0,0,68667
1,1,1,1,859,1020,723,-101,-57,-29,-21,33,85,0,0,0,0,0,0,0,0,0,0,0,0,0,0,0,0,0,0,0,0,0,0,68677
1,1,1,1,889,1012,699,-143,-53,-48,-18,29,84,0,0,0,0,0,0,0,0,0,0,0,0,0,0,0,0,0,0,0,0,0,0,68687
1,1,1,1,925,1008,699,-165,-44,-53,-18,30,83,0,0,0,0,0,0,0,0,0,0,0,0,0,0,0,0,0,0,0,0,0,0,68697
1,1,1,1,951,983,735,-156,-46,-53,-19,30,88,0,0,0,0,0,0,0,0,0,0,0,0,0,0,0,0,0,0,0,0,0,0,68707
1,1,1,1,979,958,732,-96,-37,-40,-21,31,88,0,0,0,0,0,0,0,0,0,0,0,0,0,0,0,0,0,0,0,0,0,0,68717
1,1,1,1,1009,957,717,18,-37,-16,-18,31,88,0,0,0,0,0,0,0,0,0,0,0,0,0,0,0,0,0,0,0,0,0,0,68727
1,1,1,1,1017,975,710,117,-39,8,-17,30,87,0,0,0,0,0,0,0,0,0,0,0,0,0,0,0,0,0,0,0,0,0,0,68737
1,1,1,1,1010,1012,648,261,-5,48,-19,31,86,0,0,0,0,0,0,0,0,0,0,0,0,0,0,0,0,0,0,0,0,0,0,68757
1,1,1,1,978,1001,674,221,-8,35,-18,31,83,0,0,0,0,0,0,0,0,0,0,0,0,0,0,0,0,0,0,0,0,0,0,68767
1,1,1,1,970,1032,675,120,-1,24,-17,30,79,0,0,0,0,0,0,0,0,0,0,0,0,0,0,0,0,0,0,0,0,0,0,68777
1,1,1,1,971,1020,710,48,2,25,-18,29,80,0,0,0,0,0,0,0,0,0,0,0,0,0,0,0,0,0,0,0,0,0,0,68787
1,1,1,1,1071,1002,720,-11,29,20,-17,30,79,0,0,0,0,0,0,0,0,0,0,0,0,0,0,0,0,0,0,0,0,0,0,68797
1,1,1,1,1073,1039,699,19,40,32,-19,29,78,0,0,0,0,0,0,0,0,0,0,0,0,0,0,0,0,0,0,0,0,0,0,68807
1,1,1,1,1123,1007,701,-3,68,13,-16,29,76,0,0,0,0,0,0,0,0,0,0,0,0,0,0,0,0,0,0,0,0,0,0,68817
1,1,1,1,1036,1023,707,46,55,23,-18,29,77,0,0,0,0,0,0,0,0,0,0,0,0,0,0,0,0,0,0,0,0,0,0,68827
1,1,1,1,1051,988,717,-2,93,14,-14,29,76,0,0,0,0,0,0,0,0,0,0,0,0,0,0,0,0,0,0,0,0,0,0,68837
1,1,1,1,982,1035,699,92,127,24,-12,28,74,0,0,0,0,0,0,0,0,0,0,0,0,0,0,0,0,0,0,0,0,0,0,68847
1,1,1,1,801,993,777,222,63,18,-16,28,73,0,0,0,0,0,0,0,0,0,0,0,0,0,0,0,0,0,0,0,0,0,0,68857
1,1,1,1,731,963,824,55,85,-41,-14,28,74,0,0,0,0,0,0,0,0,0,0,0,0,0,0,0,0,0,0,0,0,0,0,68867
1,1,1,1,587,1003,845,-30,62,-68,-16,25,71,0,0,0,0,0,0,0,0,0,0,0,0,0,0,0,0,0,0,0,0,0,0,68877
1,1,1,1,575,987,846,-155,64,-117,-16,25,71,0,0,0,0,0,0,0,0,0,0,0,0,0,0,0,0,0,0,0,0,0,0,68887
1,1,1,1,673,946,779,-198,153,-168,-17,27,75,0,0,0,0,0,0,0,0,0,0,0,0,0,0,0,0,0,0,0,0,0,0,68897
1,1,1,1,695,881,773,-213,174,-191,-19,25,75,0,0,0,0,0,0,0,0,0,0,0,0,0,0,0,0,0,0,0,0,0,0,68907
1,1,1,1,766,876,796,-248,157,-199,-24,31,79,0,0,0,0,0,0,0,0,0,0,0,0,0,0,0,0,0,0,0,0,0,0,68917
1,1,1,1,838,911,765,-196,139,-172,-22,26,81,0,0,0,0,0,0,0,0,0,0,0,0,0,0,0,0,0,0,0,0,0,0,68927
1,1,1,1,946,939,717,-117,120,-138,-24,25,81,0,0,0,0,0,0,0,0,0,0,0,0,0,0,0,0,0,0,0,0,0,0,68937
1,1,1,1,1032,1019,653,6,57,-110,-22,23,82,0,0,0,0,0,0,0,0,0,0,0,0,0,0,0,0,0,0,0,0,0,0,68947
1,1,1,1,1008,1105,658,-55,-16,-129,-25,27,90,0,0,0,0,0,0,0,0,0,0,0,0,0,0,0,0,0,0,0,0,0,0,68967
1,1,1,1,996,1201,657,-102,-56,-167,-27,28,91,0,0,0,0,0,0,0,0,0,0,0,0,0,0,0,0,0,0,0,0,0,0,68977
1,1,1,1,923,1206,666,-170,-56,-188,-26,29,91,0,0,0,0,0,0,0,0,0,0,0,0,0,0,0,0,0,0,0,0,0,0,68987
1,1,1,1,915,1134,676,-198,-66,-208,-28,29,91,0,0,0,0,0,0,0,0,0,0,0,0,0,0,0,0,0,0,0,0,0,0,68997
1,1,1,1,844,1066,726,-265,-70,-226,-29,29,91,0,0,0,0,0,0,0,0,0,0,0,0,0,0,0,0,0,0,0,0,0,0,69007
1,1,1,1,791,1000,804,-350,-79,-257,-28,28,90,0,0,0,0,0,0,0,0,0,0,0,0,0,0,0,0,0,0,0,0,0,0,69017
1,1,1,1,748,959,847,-333,-115,-286,-29,29,91,0,0,0,0,0,0,0,0,0,0,0,0,0,0,0,0,0,0,0,0,0,0,69027
1,1,1,1,750,906,851,-350,-131,-279,-28,30,91,0,0,0,0,0,0,0,0,0,0,0,0,0,0,0,0,0,0,0,0,0,0,69037
1,1,1,1,775,903,828,-276,-172,-255,-27,30,92,0,0,0,0,0,0,0,0,0,0,0,0,0,0,0,0,0,0,0,0,0,0,69047
1,1,1,1,795,932,799,-204,-229,-205,-28,30,91,0,0,0,0,0,0,0,0,0,0,0,0,0,0,0,0,0,0,0,0,0,0,69057
1,1,1,1,853,1018,749,-100,-244,-116,-27,29,88,0,0,0,0,0,0,0,0,0,0,0,0,0,0,0,0,0,0,0,0,0,0,69067
1,1,1,1,918,1094,698,8,-235,-25,-27,30,83,0,0,0,0,0,0,0,0,0,0,0,0,0,0,0,0,0,0,0,0,0,0,69077
1,1,1,1,983,1153,636,73,-190,57,-27,29,85,0,0,0,0,0,0,0,0,0,0,0,0,0,0,0,0,0,0,0,0,0,0,69087
1,1,1,1,1066,1093,595,78,-125,40,-27,29,79,0,0,0,0,0,0,0,0,0,0,0,0,0,0,0,0,0,0,0,0,0,0,69097
1,1,1,1,1052,1020,652,76,-160,-30,-28,29,81,0,0,0,0,0,0,0,0,0,0,0,0,0,0,0,0,0,0,0,0,0,0,69107
1,1,1,1,978,980,716,-6,-168,-110,-26,28,79,0,0,0,0,0,0,0,0,0,0,0,0,0,0,0,0,0,0,0,0,0,0,69117
1,1,1,1,987,1000,759,-56,-148,-130,-24,29,73,0,0,0,0,0,0,0,0,0,0,0,0,0,0,0,0,0,0,0,0,0,0,69127
1,1,1,1,945,985,742,-11,-107,-127,-24,28,70,0,0,0,0,0,0,0,0,0,0,0,0,0,0,0,0,0,0,0,0,0,0,69137
1,1,1,1,979,980,777,3,-84,-99,-22,27,69,0,0,0,0,0,0,0,0,0,0,0,0,0,0,0,0,0,0,0,0,0,0,69147
1,1,1,1,931,1032,784,52,-72,-38,-23,27,67,0,0,0,0,0,0,0,0,0,0,0,0,0,0,0,0,0,0,0,0,0,0,69157
1,1,1,1,915,1020,831,28,-84,-35,-24,27,71,0,0,0,0,0,0,0,0,0,0,0,0,0,0,0,0,0,0,0,0,0,0,69167
1,1,1,1,926,958,843,-120,-88,-116,-24,27,69,0,0,0,0,0,0,0,0,0,0,0,0,0,0,0,0,0,0,0,0,0,0,69177
1,1,1,1,924,980,805,-157,-103,-131,-25,27,68,0,0,0,0,0,0,0,0,0,0,0,0,0,0,0,0,0,0,0,0,0,0,69187
1,1,1,1,929,1032,788,-51,-94,-79,-21,25,63,0,0,0,0,0,0,0,0,0,0,0,0,0,0,0,0,0,0,0,0,0,0,69197
1,1,1,1,921,1029,794,-38,-74,-27,-23,25,66,0,0,0,0,0,0,0,0,0,0,0,0,0,0,0,0,0,0,0,0,0,0,69207
1,1,1,1,937,1044,760,-73,-39,-3,-27,29,70,0,0,0,0,0,0,0,0,0,0,0,0,0,0,0,0,0,0,0,0,0,0,69217
1,1,1,1,933,1033,728,-77,-58,-40,-33,32,71,0,0,0,0,0,0,0,0,0,0,0,0,0,0,0,0,0,0,0,0,0,0,69227
1,1,1,1,949,1034,744,-184,-82,-87,-26,26,68,0,0,0,0,0,0,0,0,0,0,0,0,0,0,0,0,0,0,0,0,0,0,69237
1,1,1,1,991,1086,681,-200,-81,-89,-28,29,69,0,0,0,0,0,0,0,0,0,0,0,0,0,0,0,0,0,0,0,0,0,0,69247
1,1,1,1,1031,1099,664,-118,-81,-49,-25,26,67,0,0,0,0,0,0,0,0,0,0,0,0,0,0,0,0,0,0,0,0,0,0,69257
1,1,1,1,1075,1032,675,-105,-66,-41,-27,29,71,0,0,0,0,0,0,0,0,0,0,0,0,0,0,0,0,0,0,0,0,0,0,69267
1,1,1,1,1111,954,691,-131,-20,-64,-23,26,70,0,0,0,0,0,0,0,0,0,0,0,0,0,0,0,0,0,0,0,0,0,0,69277
1,1,1,1,1101,923,730,-117,-4,-65,-23,26,69,0,0,0,0,0,0,0,0,0,0,0,0,0,0,0,0,0,0,0,0,0,0,69287
1,1,1,1,1116,896,774,-111,29,-33,-20,26,69,0,0,0,0,0,0,0,0,0,0,0,0,0,0,0,0,0,0,0,0,0,0,69297
1,1,1,1,1073,875,803,-90,97,3,-24,27,70,0,0,0,0,0,0,0,0,0,0,0,0,0,0,0,0,0,0,0,0,0,0,69307
1,1,1,1,1046,830,832,-105,143,1,-22,27,72,0,0,0,0,0,0,0,0,0,0,0,0,0,0,0,0,0,0,0,0,0,0,69317
1,1,1,1,1043,865,796,-118,182,-10,-22,26,75,0,0,0,0,0,0,0,0,0,0,0,0,0,0,0,0,0,0,0,0,0,0,69327
1,1,1,1,1009,936,752,-66,210,10,-24,28,75,0,0,0,0,0,0,0,0,0,0,0,0,0,0,0,0,0,0,0,0,0,0,69337
1,1,1,1,1006,935,755,-57,227,15,-24,28,77,0,0,0,0,0,0,0,0,0,0,0,0,0,0,0,0,0,0,0,0,0,0,69347
1,1,1,1,998,947,751,-79,236,15,-23,29,77,0,0,0,0,0,0,0,0,0,0,0,0,0,0,0,0,0,0,0,0,0,0,69357
1,1,1,1,968,1005,793,-57,201,-4,-24,30,84,0,0,0,0,0,0,0,0,0,0,0,0,0,0,0,0,0,0,0,0,0,0,69377
1,1,1,1,1004,975,815,-57,188,-29,-26,29,86,0,0,0,0,0,0,0,0,0,0,0,0,0,0,0,0,0,0,0,0,0,0,69387
1,1,1,1,1025,981,805,-130,188,-50,-25,29,87,0,0,0,0,0,0,0,0,0,0,0,0,0,0,0,0,0,0,0,0,0,0,69397
1,1,1,1,1042,1019,760,-123,201,-32,-25,30,85,0,0,0,0,0,0,0,0,0,0,0,0,0,0,0,0,0,0,0,0,0,0,69407
1,1,1,1,1072,1029,716,-33,231,6,-24,30,81,0,0,0,0,0,0,0,0,0,0,0,0,0,0,0,0,0,0,0,0,0,0,69417
1,1,1,1,1036,1026,681,56,249,59,-23,30,83,0,0,0,0,0,0,0,0,0,0,0,0,0,0,0,0,0,0,0,0,0,0,69427
1,1,1,1,1043,1030,672,148,269,109,-21,30,77,0,0,0,0,0,0,0,0,0,0,0,0,0,0,0,0,0,0,0,0,0,0,69437
1,1,1,1,937,1060,659,241,268,167,-22,30,78,0,0,0,0,0,0,0,0,0,0,0,0,0,0,0,0,0,0,0,0,0,0,69447
1,1,1,1,838,992,716,153,336,217,-19,30,74,0,0,0,0,0,0,0,0,0,0,0,0,0,0,0,0,0,0,0,0,0,0,69457
1,1,1,1,784,992,717,131,382,225,-16,29,70,0,0,0,0,0,0,0,0,0,0,0,0,0,0,0,0,0,0,0,0,0,0,69467
1,1,1,1,623,1003,737,332,329,239,-23,34,74,0,0,0,0,0,0,0,0,0,0,0,0,0,0,0,0,0,0,0,0,0,0,69477
1,1,1,1,583,932,790,265,327,199,-18,32,72,0,0,0,0,0,0,0,0,0,0,0,0,0,0,0,0,0,0,0,0,0,0,69487
1,1,1,1,583,956,774,247,291,154,-15,29,69,0,0,0,0,0,0,0,0,0,0,0,0,0,0,0,0,0,0,0,0,0,0,69497
1,1,1,1,445,1007,795,370,183,161,-16,28,69,0,0,0,0,0,0,0,0,0,0,0,0,0,0,0,0,0,0,0,0,0,0,69507
1,1,1,1,466,953,861,276,102,96,-20,31,74,0,0,0,0,0,0,0,0,0,0,0,0,0,0,0,0,0,0,0,0,0,0,69517
1,1,1,1,517,967,829,81,62,20,-21,30,73,0,0,0,0,0,0,0,0,0,0,0,0,0,0,0,0,0,0,0,0,0,0,69527
1,1,1,1,687,1014,736,72,44,6,-22,29,76,0,0,0,0,0,0,0,0,0,0,0,0,0,0,0,0,0,0,0,0,0,0,69537
1,1,1,1,778,1000,675,126,37,-2,-21,28,74,0,0,0,0,0,0,0,0,0,0,0,0,0,0,0,0,0,0,0,0,0,0,69547
1,1,1,1,830,1002,679,116,-1,-16,-22,30,74,0,0,0,0,0,0,0,0,0,0,0,0,0,0,0,0,0,0,0,0,0,0,69557
1,1,1,1,850,1012,676,113,-28,-21,-20,29,73,0,0,0,0,0,0,0,0,0,0,0,0,0,0,0,0,0,0,0,0,0,0,69567
1,1,1,1,838,1020,707,112,-37,-28,-19,30,74,0,0,0,0,0,0,0,0,0,0,0,0,0,0,0,0,0,0,0,0,0,0,69577
1,1,1,1,800,1035,743,103,-41,-42,-19,29,73,0,0,0,0,0,0,0,0,0,0,0,0,0,0,0,0,0,0,0,0,0,0,69587
1,1,1,1,753,1057,784,78,-42,-62,-18,28,73,0,0,0,0,0,0,0,0,0,0,0,0,0,0,0,0,0,0,0,0,0,0,69597
1,1,1,1,704,1086,807,15,-54,-105,-21,28,72,0,0,0,0,0,0,0,0,0,0,0,0,0,0,0,0,0,0,0,0,0,0,69607
1,1,1,1,674,1085,826,-97,-67,-161,-22,27,74,0,0,0,0,0,0,0,0,0,0,0,0,0,0,0,0,0,0,0,0,0,0,69617
1,1,1,1,658,1078,837,-208,-76,-217,-22,28,75,0,0,0,0,0,0,0,0,0,0,0,0,0,0,0,0,0,0,0,0,0,0,69627
1,1,1,1,637,1063,858,-286,-118,-270,-25,28,78,0,0,0,0,0,0,0,0,0,0,0,0,0,0,0,0,0,0,0,0,0,0,69637
1,1,1,1,645,1036,868,-365,-153,-298,-24,28,80,0,0,0,0,0,0,0,0,0,0,0,0,0,0,0,0,0,0,0,0,0,0,69647
1,1,1,1,641,1043,881,-393,-215,-310,-27,30,83,0,0,0,0,0,0,0,0,0,0,0,0,0,0,0,0,0,0,0,0,0,0,69657
1,1,1,1,663,1044,901,-413,-280,-284,-25,30,83,0,0,0,0,0,0,0,0,0,0,0,0,0,0,0,0,0,0,0,0,0,0,69667
1,1,1,1,763,1090,859,-406,-326,-220,-29,29,82,0,0,0,0,0,0,0,0,0,0,0,0,0,0,0,0,0,0,0,0,0,0,69677
1,1,1,1,869,1154,740,-290,-308,-91,-29,29,85,0,0,0,0,0,0,0,0,0,0,0,0,0,0,0,0,0,0,0,0,0,0,69687
1,1,1,1,1044,1150,635,-86,-246,-1,-31,28,87,0,0,0,0,0,0,0,0,0,0,0,0,0,0,0,0,0,0,0,0,0,0,69697
1,1,1,1,1154,1053,602,-51,-152,-32,-32,29,85,0,0,0,0,0,0,0,0,0,0,0,0,0,0,0,0,0,0,0,0,0,0,69707
1,1,1,1,1072,1025,667,-21,-178,-101,-30,29,84,0,0,0,0,0,0,0,0,0,0,0,0,0,0,0,0,0,0,0,0,0,0,69717
1,1,1,1,1034,982,731,-133,-196,-224,-30,28,86,0,0,0,0,0,0,0,0,0,0,0,0,0,0,0,0,0,0,0,0,0,0,69727
1,1,1,1,1037,998,758,-234,-156,-295,-28,28,82,0,0,0,0,0,0,0,0,0,0,0,0,0,0,0,0,0,0,0,0,0,0,69737
1,1,1,1,984,1021,754,-170,-166,-277,-27,28,81,0,0,0,0,0,0,0,0,0,0,0,0,0,0,0,0,0,0,0,0,0,0,69747
1,1,1,1,940,972,803,-191,-136,-295,-25,28,79,0,0,0,0,0,0,0,0,0,0,0,0,0,0,0,0,0,0,0,0,0,0,69757
1,1,1,1,921,965,820,-284,-114,-300,-24,26,74,0,0,0,0,0,0,0,0,0,0,0,0,0,0,0,0,0,0,0,0,0,0,69767
1,1,1,1,949,1009,803,-191,-139,-240,-23,26,76,0,0,0,0,0,0,0,0,0,0,0,0,0,0,0,0,0,0,0,0,0,0,69777
1,1,1,1,997,976,804,-128,-84,-181,-24,29,73,0,0,0,0,0,0,0,0,0,0,0,0,0,0,0,0,0,0,0,0,0,0,69787
1,1,1,1,1008,937,769,-30,-34,-154,-24,31,72,0,0,0,0,0,0,0,0,0,0,0,0,0,0,0,0,0,0,0,0,0,0,69797
1,1,1,1,1045,942,762,41,-5,-145,-22,30,69,0,0,0,0,0,0,0,0,0,0,0,0,0,0,0,0,0,0,0,0,0,0,69807
1,1,1,1,1025,997,836,104,21,-105,-21,26,67,0,0,0,0,0,0,0,0,0,0,0,0,0,0,0,0,0,0,0,0,0,0,69817
1,1,1,1,947,964,937,-36,41,-113,-21,23,69,0,0,0,0,0,0,0,0,0,0,0,0,0,0,0,0,0,0,0,0,0,0,69827
1,1,1,1,979,908,939,-277,67,-160,-24,27,76,0,0,0,0,0,0,0,0,0,0,0,0,0,0,0,0,0,0,0,0,0,0,69837
1,1,1,1,1032,899,864,-405,105,-176,-24,26,79,0,0,0,0,0,0,0,0,0,0,0,0,0,0,0,0,0,0,0,0,0,0,69847
1,1,1,1,1036,913,839,-447,149,-170,-26,28,83,0,0,0,0,0,0,0,0,0,0,0,0,0,0,0,0,0,0,0,0,0,0,69857
1,1,1,1,1057,901,785,-404,167,-139,-23,28,88,0,0,0,0,0,0,0,0,0,0,0,0,0,0,0,0,0,0,0,0,0,0,69867
1,1,1,1,1046,896,769,-303,175,-106,-24,29,87,0,0,0,0,0,0,0,0,0,0,0,0,0,0,0,0,0,0,0,0,0,0,69877
1,1,1,1,1019,910,747,-161,185,-45,-21,31,86,0,0,0,0,0,0,0,0,0,0,0,0,0,0,0,0,0,0,0,0,0,0,69887
1,1,1,1,973,937,722,27,180,13,-20,29,85,0,0,0,0,0,0,0,0,0,0,0,0,0,0,0,0,0,0,0,0,0,0,69897
1,1,1,1,957,959,725,205,195,128,-20,30,79,0,0,0,0,0,0,0,0,0,0,0,0,0,0,0,0,0,0,0,0,0,0,69907
1,1,1,1,907,971,768,379,229,259,-18,29,77,0,0,0,0,0,0,0,0,0,0,0,0,0,0,0,0,0,0,0,0,0,0,69917
1,1,1,1,812,921,847,485,229,347,-18,30,72,0,0,0,0,0,0,0,0,0,0,0,0,0,0,0,0,0,0,0,0,0,0,69927
1,1,1,1,726,926,878,501,223,426,-16,29,71,0,0,0,0,0,0,0,0,0,0,0,0,0,0,0,0,0,0,0,0,0,0,69937
1,1,1,1,671,972,880,558,219,494,-14,29,66,0,0,0,0,0,0,0,0,0,0,0,0,0,0,0,0,0,0,0,0,0,0,69947
1,1,1,1,572,980,883,644,186,531,-14,28,67,0,0,0,0,0,0,0,0,0,0,0,0,0,0,0,0,0,0,0,0,0,0,69957
1,1,1,1,524,957,891,524,195,484,-15,29,66,0,0,0,0,0,0,0,0,0,0,0,0,0,0,0,0,0,0,0,0,0,0,69967
1,1,1,1,462,961,827,276,225,326,-15,29,69,0,0,0,0,0,0,0,0,0,0,0,0,0,0,0,0,0,0,0,0,0,0,69987
1,1,1,1,403,1011,823,254,177,264,-17,28,71,0,0,0,0,0,0,0,0,0,0,0,0,0,0,0,0,0,0,0,0,0,0,69997
1,1,1,1,426,1024,825,159,157,186,-18,28,74,0,0,0,0,0,0,0,0,0,0,0,0,0,0,0,0,0,0,0,0,0,0,70007
1,1,1,1,515,1024,764,109,173,105,-19,29,76,0,0,0,0,0,0,0,0,0,0,0,0,0,0,0,0,0,0,0,0,0,0,70017
1,1,1,1,565,1029,720,132,131,58,-20,29,77,0,0,0,0,0,0,0,0,0,0,0,0,0,0,0,0,0,0,0,0,0,0,70027
1,1,1,1,625,1033,742,99,61,10,-20,29,73,0,0,0,0,0,0,0,0,0,0,0,0,0,0,0,0,0,0,0,0,0,0,70037
1,1,1,1,651,1027,757,71,14,-3,-20,29,74,0,0,0,0,0,0,0,0,0,0,0,0,0,0,0,0,0,0,0,0,0,0,70047
1,1,1,1,713,1038,741,68,-37,11,-20,29,70,0,0,0,0,0,0,0,0,0,0,0,0,0,0,0,0,0,0,0,0,0,0,70057
1,1,1,1,728,1031,757,122,-39,61,-16,28,68,0,0,0,0,0,0,0,0,0,0,0,0,0,0,0,0,0,0,0,0,0,0,70067
1,1,1,1,758,998,764,223,-17,141,-17,26,64,0,0,0,0,0,0,0,0,0,0,0,0,0,0,0,0,0,0,0,0,0,0,70077
1,1,1,1,753,969,789,400,13,229,-14,28,56,0,0,0,0,0,0,0,0,0,0,0,0,0,0,0,0,0,0,0,0,0,0,70087
1,1,1,1,740,969,792,529,54,350,-12,28,49,0,0,0,0,0,0,0,0,0,0,0,0,0,0,0,0,0,0,0,0,0,0,70097
1,1,1,1,784,1022,790,644,73,479,-9,26,49,0,0,0,0,0,0,0,0,0,0,0,0,0,0,0,0,0,0,0,0,0,0,70107
1,1,1,1,868,1087,725,769,80,557,-10,27,41,0,0,0,0,0,0,0,0,0,0,0,0,0,0,0,0,0,0,0,0,0,0,70117
1,1,1,1,947,1107,664,798,108,573,-6,21,40,0,0,0,0,0,0,0,0,0,0,0,0,0,0,0,0,0,0,0,0,0,0,70127
1,1,1,1,954,1035,657,662,144,428,-11,24,38,0,0,0,0,0,0,0,0,0,0,0,0,0,0,0,0,0,0,0,0,0,0,70137
1,1,1,1,996,1035,656,436,137,284,-6,23,30,0,0,0,0,0,0,0,0,0,0,0,0,0,0,0,0,0,0,0,0,0,0,70147
1,1,1,1,986,1166,643,438,43,271,-3,20,26,0,0,0,0,0,0,0,0,0,0,0,0,0,0,0,0,0,0,0,0,0,0,70157
1,1,1,1,917,1207,642,433,22,306,-1,20,23,0,0,0,0,0,0,0,0,0,0,0,0,0,0,0,0,0,0,0,0,0,0,70167
1,1,1,1,951,1161,652,320,91,330,1,19,21,0,0,0,0,0,0,0,0,0,0,0,0,0,0,0,0,0,0,0,0,0,0,70177
1,1,1,1,919,1000,642,376,99,257,1,20,17,0,0,0,0,0,0,0,0,0,0,0,0,0,0,0,0,0,0,0,0,0,0,70197
1,1,1,1,888,1040,673,281,116,223,3,19,13,0,0,0,0,0,0,0,0,0,0,0,0,0,0,0,0,0,0,0,0,0,0,70207
1,1,1,1,816,1102,640,360,77,317,3,19,5,0,0,0,0,0,0,0,0,0,0,0,0,0,0,0,0,0,0,0,0,0,0,70217
1,1,1,1,795,1230,680,480,-10,544,3,17,4,0,0,0,0,0,0,0,0,0,0,0,0,0,0,0,0,0,0,0,0,0,0,70227
1,1,1,1,844,1147,686,564,27,609,1,16,2,0,0,0,0,0,0,0,0,0,0,0,0,0,0,0,0,0,0,0,0,0,0,70237
1,1,1,1,908,1069,732,262,80,641,2,16,0,0,0,0,0,0,0,0,0,0,0,0,0,0,0,0,0,0,0,0,0,0,0,70247
1,1,1,1,877,1138,677,187,73,764,5,14,-2,0,0,0,0,0,0,0,0,0,0,0,0,0,0,0,0,0,0,0,0,0,0,70257
1,1,1,1,899,1157,660,353,-24,882,4,15,-3,0,0,0,0,0,0,0,0,0,0,0,0,0,0,0,0,0,0,0,0,0,0,70267
1,1,1,1,979,1064,636,431,-66,834,0,15,5,0,0,0,0,0,0,0,0,0,0,0,0,0,0,0,0,0,0,0,0,0,0,70277
1,1,1,1,1050,919,623,272,-53,570,-2,16,7,0,0,0,0,0,0,0,0,0,0,0,0,0,0,0,0,0,0,0,0,0,0,70287
1,1,1,1,1133,793,644,4,-51,230,-2,14,6,0,0,0,0,0,0,0,0,0,0,0,0,0,0,0,0,0,0,0,0,0,0,70297
1,1,1,1,1099,765,577,-224,-76,-23,-4,13,11,0,0,0,0,0,0,0,0,0,0,0,0,0,0,0,0,0,0,0,0,0,0,70307
1,1,1,1,1070,766,512,-378,23,-190,-3,14,12,0,0,0,0,0,0,0,0,0,0,0,0,0,0,0,0,0,0,0,0,0,0,70317
1,1,1,1,1066,781,498,-311,129,-293,3,14,8,0,0,0,0,0,0,0,0,0,0,0,0,0,0,0,0,0,0,0,0,0,0,70327
1,1,1,1,964,827,506,49,123,-296,6,13,-1,0,0,0,0,0,0,0,0,0,0,0,0,0,0,0,0,0,0,0,0,0,0,70337
1,1,1,1,923,847,524,403,163,-264,7,12,1,0,0,0,0,0,0,0,0,0,0,0,0,0,0,0,0,0,0,0,0,0,0,70347
1,1,1,1,929,866,564,488,286,-255,4,11,-6,0,0,0,0,0,0,0,0,0,0,0,0,0,0,0,0,0,0,0,0,0,0,70357
1,1,1,1,938,935,639,417,433,-234,4,11,-1,0,0,0,0,0,0,0,0,0,0,0,0,0,0,0,0,0,0,0,0,0,0,70367
1,1,1,1,917,989,666,326,469,-205,2,12,-1,0,0,0,0,0,0,0,0,0,0,0,0,0,0,0,0,0,0,0,0,0,0,70377
1,1,1,1,887,1016,685,303,384,-186,4,13,0,0,0,0,0,0,0,0,0,0,0,0,0,0,0,0,0,0,0,0,0,0,0,70387
1,1,1,1,844,1039,702,332,232,-163,6,8,-2,0,0,0,0,0,0,0,0,0,0,0,0,0,0,0,0,0,0,0,0,0,0,70397
1,1,1,1,793,1040,720,313,95,-136,3,13,0,0,0,0,0,0,0,0,0,0,0,0,0,0,0,0,0,0,0,0,0,0,0,70407
1,1,1,1,735,1042,729,242,5,-120,3,11,-5,0,0,0,0,0,0,0,0,0,0,0,0,0,0,0,0,0,0,0,0,0,0,70417
1,1,1,1,685,1038,714,249,-80,-80,2,12,-6,0,0,0,0,0,0,0,0,0,0,0,0,0,0,0,0,0,0,0,0,0,0,70427
1,1,1,1,657,1042,711,340,-216,2,1,13,-1,0,0,0,0,0,0,0,0,0,0,0,0,0,0,0,0,0,0,0,0,0,0,70437
1,1,1,1,700,1018,781,521,-390,95,5,13,-3,0,0,0,0,0,0,0,0,0,0,0,0,0,0,0,0,0,0,0,0,0,0,70447
1,1,1,1,728,1056,846,711,-565,175,5,11,-5,0,0,0,0,0,0,0,0,0,0,0,0,0,0,0,0,0,0,0,0,0,0,70457
1,1,1,1,732,1104,867,798,-689,203,6,12,0,0,0,0,0,0,0,0,0,0,0,0,0,0,0,0,0,0,0,0,0,0,0,70467
1,1,1,1,808,1086,809,684,-728,148,4,12,-2,0,0,0,0,0,0,0,0,0,0,0,0,0,0,0,0,0,0,0,0,0,0,70477
1,1,1,1,912,1143,681,516,-756,74,6,11,1,0,0,0,0,0,0,0,0,0,0,0,0,0,0,0,0,0,0,0,0,0,0,70487
1,1,1,1,962,1231,538,491,-771,49,6,11,-6,0,0,0,0,0,0,0,0,0,0,0,0,0,0,0,0,0,0,0,0,0,0,70497
1,1,1,1,977,1311,470,500,-800,63,6,12,-6,0,0,0,0,0,0,0,0,0,0,0,0,0,0,0,0,0,0,0,0,0,0,70507
1,1,1,1,976,1365,433,574,-873,158,7,12,-4,0,0,0,0,0,0,0,0,0,0,0,0,0,0,0,0,0,0,0,0,0,0,70517
1,1,1,1,994,1383,431,755,-967,333,8,12,-9,0,0,0,0,0,0,0,0,0,0,0,0,0,0,0,0,0,0,0,0,0,0,70527
1,1,1,1,1043,1381,404,987,-1058,554,8,13,-11,0,0,0,0,0,0,0,0,0,0,0,0,0,0,0,0,0,0,0,0,0,0,70537
1,1,1,1,1127,1379,370,1414,-1159,818,14,13,-6,0,0,0,0,0,0,0,0,0,0,0,0,0,0,0,0,0,0,0,0,0,0,70547
1,1,1,1,1223,1376,394,2042,-1191,1082,13,12,-7,0,0,0,0,0,0,0,0,0,0,0,0,0,0,0,0,0,0,0,0,0,0,70557
1,1,1,1,1314,1315,258,2440,-1077,1310,12,11,-12,0,0,0,0,0,0,0,0,0,0,0,0,0,0,0,0,0,0,0,0,0,0,70567
1,1,1,1,1399,1276,134,2492,-838,1457,9,11,-11,0,0,0,0,0,0,0,0,0,0,0,0,0,0,0,0,0,0,0,0,0,0,70577
1,1,1,1,1426,1245,57,2193,-508,1471,9,10,-9,0,0,0,0,0,0,0,0,0,0,0,0,0,0,0,0,0,0,0,0,0,0,70587
1,1,1,1,1449,1189,10,1655,-40,1302,7,11,-3,0,0,0,0,0,0,0,0,0,0,0,0,0,0,0,0,0,0,0,0,0,0,70607
1,1,1,1,1405,1183,56,1622,-21,1265,8,12,-5,0,0,0,0,0,0,0,0,0,0,0,0,0,0,0,0,0,0,0,0,0,0,70617
1,1,1,1,1386,1170,62,1768,-115,1260,13,12,-6,0,0,0,0,0,0,0,0,0,0,0,0,0,0,0,0,0,0,0,0,0,0,70627
1,1,1,1,1406,1133,62,2135,-218,1269,15,11,-5,0,0,0,0,0,0,0,0,0,0,0,0,0,0,0,0,0,0,0,0,0,0,70637
1,1,1,1,1460,1042,73,2349,-256,1270,11,11,-6,0,0,0,0,0,0,0,0,0,0,0,0,0,0,0,0,0,0,0,0,0,0,70647
1,1,1,1,1519,952,-7,2376,-220,1220,10,10,0,0,0,0,0,0,0,0,0,0,0,0,0,0,0,0,0,0,0,0,0,0,0,70657
1,1,1,1,1568,923,-85,2200,-70,1077,6,10,-4,0,0,0,0,0,0,0,0,0,0,0,0,0,0,0,0,0,0,0,0,0,0,70667
1,1,1,1,1578,892,-133,1843,140,859,4,9,-5,0,0,0,0,0,0,0,0,0,0,0,0,0,0,0,0,0,0,0,0,0,0,70677
1,1,1,1,1558,887,-138,1438,324,642,4,11,2,0,0,0,0,0,0,0,0,0,0,0,0,0,0,0,0,0,0,0,0,0,0,70687
1,1,1,1,1523,935,-97,1137,417,462,6,8,-3,0,0,0,0,0,0,0,0,0,0,0,0,0,0,0,0,0,0,0,0,0,0,70697
1,1,1,1,1508,999,-54,890,396,343,4,9,-1,0,0,0,0,0,0,0,0,0,0,0,0,0,0,0,0,0,0,0,0,0,0,70707
1,1,1,1,1495,1038,-71,655,343,274,4,10,-2,0,0,0,0,0,0,0,0,0,0,0,0,0,0,0,0,0,0,0,0,0,0,70717
1,1,1,1,1480,1020,-124,488,308,207,3,13,-3,0,0,0,0,0,0,0,0,0,0,0,0,0,0,0,0,0,0,0,0,0,0,70727
1,1,1,1,1507,994,-168,526,304,159,4,11,0,0,0,0,0,0,0,0,0,0,0,0,0,0,0,0,0,0,0,0,0,0,0,70737
1,1,1,1,1547,970,-159,652,303,137,6,6,-3,0,0,0,0,0,0,0,0,0,0,0,0,0,0,0,0,0,0,0,0,0,0,70747
1,1,1,1,1547,956,-156,618,338,72,5,9,-4,0,0,0,0,0,0,0,0,0,0,0,0,0,0,0,0,0,0,0,0,0,0,70757
1,1,1,1,1545,965,-146,475,373,-17,3,9,6,0,0,0,0,0,0,0,0,0,0,0,0,0,0,0,0,0,0,0,0,0,0,70767
1,1,1,1,1514,992,-135,301,365,-108,5,9,4,0,0,0,0,0,0,0,0,0,0,0,0,0,0,0,0,0,0,0,0,0,0,70777
1,1,1,1,1472,1031,-150,195,358,-181,4,11,3,0,0,0,0,0,0,0,0,0,0,0,0,0,0,0,0,0,0,0,0,0,0,70787
1,1,1,1,1443,1060,-173,171,336,-215,4,10,1,0,0,0,0,0,0,0,0,0,0,0,0,0,0,0,0,0,0,0,0,0,0,70797
1,1,1,1,1424,1101,-178,165,311,-219,5,10,5,0,0,0,0,0,0,0,0,0,0,0,0,0,0,0,0,0,0,0,0,0,0,70807
1,1,1,1,1416,1152,-177,231,293,-160,7,10,-1,0,0,0,0,0,0,0,0,0,0,0,0,0,0,0,0,0,0,0,0,0,0,70817
1,1,1,1,1410,1157,-179,447,280,-40,7,9,-5,0,0,0,0,0,0,0,0,0,0,0,0,0,0,0,0,0,0,0,0,0,0,70827
1,1,1,1,1416,1099,-153,702,308,86,8,8,-5,0,0,0,0,0,0,0,0,0,0,0,0,0,0,0,0,0,0,0,0,0,0,70837
1,1,1,1,1436,1038,-146,875,398,154,6,9,-1,0,0,0,0,0,0,0,0,0,0,0,0,0,0,0,0,0,0,0,0,0,0,70847
1,1,1,1,1444,1020,-190,903,551,145,5,7,-4,0,0,0,0,0,0,0,0,0,0,0,0,0,0,0,0,0,0,0,0,0,0,70857
1,1,1,1,1448,1032,-274,771,712,73,6,8,-4,0,0,0,0,0,0,0,0,0,0,0,0,0,0,0,0,0,0,0,0,0,0,70867
1,1,1,1,1421,1054,-327,658,809,-25,4,9,0,0,0,0,0,0,0,0,0,0,0,0,0,0,0,0,0,0,0,0,0,0,0,70877
1,1,1,1,1381,1080,-315,566,805,-120,4,9,2,0,0,0,0,0,0,0,0,0,0,0,0,0,0,0,0,0,0,0,0,0,0,70887
1,1,1,1,1330,1115,-262,465,732,-194,3,9,3,0,0,0,0,0,0,0,0,0,0,0,0,0,0,0,0,0,0,0,0,0,0,70897
1,1,1,1,1286,1148,-208,373,598,-236,3,10,3,0,0,0,0,0,0,0,0,0,0,0,0,0,0,0,0,0,0,0,0,0,0,70907
1,1,1,1,1248,1179,-166,324,450,-241,3,10,-4,0,0,0,0,0,0,0,0,0,0,0,0,0,0,0,0,0,0,0,0,0,0,70917
1,1,1,1,1243,1179,-127,283,319,-225,2,10,7,0,0,0,0,0,0,0,0,0,0,0,0,0,0,0,0,0,0,0,0,0,0,70927
1,1,1,1,1254,1133,-134,270,214,-227,3,9,4,0,0,0,0,0,0,0,0,0,0,0,0,0,0,0,0,0,0,0,0,0,0,70937
1,1,1,1,1279,1094,-201,328,215,-245,5,8,1,0,0,0,0,0,0,0,0,0,0,0,0,0,0,0,0,0,0,0,0,0,0,70947
1,1,1,1,1316,1081,-248,434,327,-253,2,8,3,0,0,0,0,0,0,0,0,0,0,0,0,0,0,0,0,0,0,0,0,0,0,70957
1,1,1,1,1332,1078,-264,406,467,-261,2,8,4,0,0,0,0,0,0,0,0,0,0,0,0,0,0,0,0,0,0,0,0,0,0,70967
1,1,1,1,1303,1101,-257,250,572,-296,0,9,1,0,0,0,0,0,0,0,0,0,0,0,0,0,0,0,0,0,0,0,0,0,0,70977
1,1,1,1,1266,1128,-222,107,602,-314,2,9,2,0,0,0,0,0,0,0,0,0,0,0,0,0,0,0,0,0,0,0,0,0,0,70987
1,1,1,1,1232,1153,-195,68,544,-311,1,11,5,0,0,0,0,0,0,0,0,0,0,0,0,0,0,0,0,0,0,0,0,0,0,70997
1,1,1,1,1168,1179,-75,262,299,-242,3,11,-2,0,0,0,0,0,0,0,0,0,0,0,0,0,0,0,0,0,0,0,0,0,0,71017
1,1,1,1,1169,1188,-31,321,160,-182,2,11,5,0,0,0,0,0,0,0,0,0,0,0,0,0,0,0,0,0,0,0,0,0,0,71027
1,1,1,1,1187,1166,-40,352,53,-136,5,9,2,0,0,0,0,0,0,0,0,0,0,0,0,0,0,0,0,0,0,0,0,0,0,71037
1,1,1,1,1223,1110,-122,412,50,-130,5,7,3,0,0,0,0,0,0,0,0,0,0,0,0,0,0,0,0,0,0,0,0,0,0,71047
1,1,1,1,1283,1087,-208,485,135,-156,2,10,2,0,0,0,0,0,0,0,0,0,0,0,0,0,0,0,0,0,0,0,0,0,0,71057
1,1,1,1,1318,1090,-247,453,246,-192,1,9,4,0,0,0,0,0,0,0,0,0,0,0,0,0,0,0,0,0,0,0,0,0,0,71067
1,1,1,1,1301,1118,-293,337,340,-259,1,10,7,0,0,0,0,0,0,0,0,0,0,0,0,0,0,0,0,0,0,0,0,0,0,71077
1,1,1,1,1263,1158,-297,240,368,-321,4,8,3,0,0,0,0,0,0,0,0,0,0,0,0,0,0,0,0,0,0,0,0,0,0,71087
1,1,1,1,1205,1209,-247,188,325,-332,5,9,-1,0,0,0,0,0,0,0,0,0,0,0,0,0,0,0,0,0,0,0,0,0,0,71097
1,1,1,1,1139,1301,-179,171,240,-297,8,8,0,0,0,0,0,0,0,0,0,0,0,0,0,0,0,0,0,0,0,0,0,0,0,71107
1,1,1,1,1063,1393,-139,222,103,-172,8,7,-5,0,0,0,0,0,0,0,0,0,0,0,0,0,0,0,0,0,0,0,0,0,0,71117
1,1,1,1,1045,1420,-123,279,0,-17,5,6,-6,0,0,0,0,0,0,0,0,0,0,0,0,0,0,0,0,0,0,0,0,0,0,71127
1,1,1,1,1096,1365,-167,253,-49,94,3,7,-9,0,0,0,0,0,0,0,0,0,0,0,0,0,0,0,0,0,0,0,0,0,0,71137
1,1,1,1,1177,1268,-227,213,-48,123,3,8,-1,0,0,0,0,0,0,0,0,0,0,0,0,0,0,0,0,0,0,0,0,0,0,71147
1,1,1,1,1228,1214,-258,214,-45,108,7,8,-2,0,0,0,0,0,0,0,0,0,0,0,0,0,0,0,0,0,0,0,0,0,0,71157
1,1,1,1,1241,1200,-265,239,-31,65,4,8,-1,0,0,0,0,0,0,0,0,0,0,0,0,0,0,0,0,0,0,0,0,0,0,71167
1,1,1,1,1263,1164,-283,173,-10,-5,3,10,-5,0,0,0,0,0,0,0,0,0,0,0,0,0,0,0,0,0,0,0,0,0,0,71177
1,1,1,1,1249,1196,-244,27,-14,-61,2,9,0,0,0,0,0,0,0,0,0,0,0,0,0,0,0,0,0,0,0,0,0,0,0,71187
1,1,1,1,1228,1224,-204,-92,-45,-73,3,8,1,0,0,0,0,0,0,0,0,0,0,0,0,0,0,0,0,0,0,0,0,0,0,71197
1,1,1,1,1233,1251,-193,-91,-83,-42,5,9,0,0,0,0,0,0,0,0,0,0,0,0,0,0,0,0,0,0,0,0,0,0,0,71207
1,1,1,1,1249,1247,-190,-15,-128,18,1,9,-1,0,0,0,0,0,0,0,0,0,0,0,0,0,0,0,0,0,0,0,0,0,0,71217
1,1,1,1,1273,1219,-191,38,-177,65,3,10,-4,0,0,0,0,0,0,0,0,0,0,0,0,0,0,0,0,0,0,0,0,0,0,71227
1,1,1,1,1305,1192,-225,74,-194,70,3,9,-6,0,0,0,0,0,0,0,0,0,0,0,0,0,0,0,0,0,0,0,0,0,0,71237
1,1,1,1,1315,1164,-272,96,-178,38,3,8,-1,0,0,0,0,0,0,0,0,0,0,0,0,0,0,0,0,0,0,0,0,0,0,71247
1,1,1,1,1320,1156,-316,106,-144,6,3,9,1,0,0,0,0,0,0,0,0,0,0,0,0,0,0,0,0,0,0,0,0,0,0,71257
1,1,1,1,1330,1141,-351,96,-60,-38,4,7,2,0,0,0,0,0,0,0,0,0,0,0,0,0,0,0,0,0,0,0,0,0,0,71267
1,1,1,1,1317,1127,-352,52,40,-85,3,8,-3,0,0,0,0,0,0,0,0,0,0,0,0,0,0,0,0,0,0,0,0,0,0,71277
1,1,1,1,1306,1151,-339,47,133,-101,1,9,-1,0,0,0,0,0,0,0,0,0,0,0,0,0,0,0,0,0,0,0,0,0,0,71287
1,1,1,1,1286,1187,-313,69,199,-77,1,10,2,0,0,0,0,0,0,0,0,0,0,0,0,0,0,0,0,0,0,0,0,0,0,71297
1,1,1,1,1265,1204,-281,91,205,-54,2,8,0,0,0,0,0,0,0,0,0,0,0,0,0,0,0,0,0,0,0,0,0,0,0,71307
1,1,1,1,1245,1210,-221,66,171,-44,3,5,-5,0,0,0,0,0,0,0,0,0,0,0,0,0,0,0,0,0,0,0,0,0,0,71317
1,1,1,1,1216,1216,-183,29,96,-49,-1,11,-2,0,0,0,0,0,0,0,0,0,0,0,0,0,0,0,0,0,0,0,0,0,0,71327
1,1,1,1,1199,1194,-179,9,13,-70,0,12,-1,0,0,0,0,0,0,0,0,0,0,0,0,0,0,0,0,0,0,0,0,0,0,71337
1,1,1,1,1206,1185,-198,12,-41,-89,1,11,1,0,0,0,0,0,0,0,0,0,0,0,0,0,0,0,0,0,0,0,0,0,0,71347
1,1,1,1,1235,1191,-256,89,-90,-92,-1,12,3,0,0,0,0,0,0,0,0,0,0,0,0,0,0,0,0,0,0,0,0,0,0,71357
1,1,1,1,1244,1170,-292,79,-83,-113,3,7,0,0,0,0,0,0,0,0,0,0,0,0,0,0,0,0,0,0,0,0,0,0,0,71367
1,1,1,1,1290,1158,-319,-10,8,-168,5,7,3,0,0,0,0,0,0,0,0,0,0,0,0,0,0,0,0,0,0,0,0,0,0,71377
1,1,1,1,1339,1182,-350,-28,155,-184,3,9,0,0,0,0,0,0,0,0,0,0,0,0,0,0,0,0,0,0,0,0,0,0,0,71387
1,1,1,1,1354,1223,-316,-30,247,-158,1,8,0,0,0,0,0,0,0,0,0,0,0,0,0,0,0,0,0,0,0,0,0,0,0,71397
1,1,1,1,1342,1231,-249,-76,272,-138,2,9,1,0,0,0,0,0,0,0,0,0,0,0,0,0,0,0,0,0,0,0,0,0,0,71407
1,1,1,1,1271,1221,-172,-256,161,-179,1,9,0,0,0,0,0,0,0,0,0,0,0,0,0,0,0,0,0,0,0,0,0,0,0,71427
1,1,1,1,1240,1203,-167,-247,69,-230,0,9,4,0,0,0,0,0,0,0,0,0,0,0,0,0,0,0,0,0,0,0,0,0,0,71437
1,1,1,1,1228,1196,-175,-219,-13,-274,2,8,2,0,0,0,0,0,0,0,0,0,0,0,0,0,0,0,0,0,0,0,0,0,0,71447
1,1,1,1,1202,1201,-206,-194,-47,-314,1,9,2,0,0,0,0,0,0,0,0,0,0,0,0,0,0,0,0,0,0,0,0,0,0,71457
1,1,1,1,1217,1206,-268,-175,-34,-335,3,7,0,0,0,0,0,0,0,0,0,0,0,0,0,0,0,0,0,0,0,0,0,0,0,71467
1,1,1,1,1239,1224,-317,-167,50,-348,3,7,2,0,0,0,0,0,0,0,0,0,0,0,0,0,0,0,0,0,0,0,0,0,0,71477
1,1,1,1,1243,1250,-301,-185,136,-343,0,8,1,0,0,0,0,0,0,0,0,0,0,0,0,0,0,0,0,0,0,0,0,0,0,71487
1,1,1,1,1260,1269,-269,-192,211,-314,2,9,0,0,0,0,0,0,0,0,0,0,0,0,0,0,0,0,0,0,0,0,0,0,0,71497
1,1,1,1,1252,1253,-220,-227,249,-305,1,8,4,0,0,0,0,0,0,0,0,0,0,0,0,0,0,0,0,0,0,0,0,0,0,71507
1,1,1,1,1255,1187,-171,-289,288,-370,1,8,5,0,0,0,0,0,0,0,0,0,0,0,0,0,0,0,0,0,0,0,0,0,0,71517
1,1,1,1,1238,1147,-165,-311,291,-485,3,8,4,0,0,0,0,0,0,0,0,0,0,0,0,0,0,0,0,0,0,0,0,0,0,71527
1,1,1,1,1196,1133,-151,-302,215,-625,3,8,5,0,0,0,0,0,0,0,0,0,0,0,0,0,0,0,0,0,0,0,0,0,0,71537
1,1,1,1,1131,1172,-163,-275,122,-770,3,8,4,0,0,0,0,0,0,0,0,0,0,0,0,0,0,0,0,0,0,0,0,0,0,71547
1,1,1,1,1055,1228,-185,-280,69,-839,2,-11,-26,0,0,0,0,0,0,0,0,0,0,0,0,0,0,0,0,0,0,0,0,0,0,71557
1,1,1,1,293,1908,-421,-50,273,-321,-1,5,5,0,0,0,0,0,0,0,0,0,0,0,0,0,0,0,0,0,0,0,0,0,0,71567
1,1,1,1,1609,1450,-146,456,168,-175,-3,6,-1,0,0,0,0,0,0,0,0,0,0,0,0,0,0,0,0,0,0,0,0,0,0,71577
1,1,1,1,888,1261,-123,-491,144,-177,-1,6,-5,0,0,0,0,0,0,0,0,0,0,0,0,0,0,0,0,0,0,0,0,0,0,71587
1,1,1,1,1182,1472,-77,-427,18,-158,1,7,-1,0,0,0,0,0,0,0,0,0,0,0,0,0,0,0,0,0,0,0,0,0,0,71597
1,1,1,1,1142,1318,-149,-208,-35,-148,2,5,-1,0,0,0,0,0,0,0,0,0,0,0,0,0,0,0,0,0,0,0,0,0,0,71607
1,1,1,1,1273,1257,-113,-259,-29,-163,-4,10,4,0,0,0,0,0,0,0,0,0,0,0,0,0,0,0,0,0,0,0,0,0,0,71617
1,1,1,1,1347,1215,-173,-443,66,-248,-3,4,-5,0,0,0,0,0,0,0,0,0,0,0,0,0,0,0,0,0,0,0,0,0,0,71627
1,1,1,1,1335,1223,-232,-540,202,-325,0,4,-1,0,0,0,0,0,0,0,0,0,0,0,0,0,0,0,0,0,0,0,0,0,0,71637
1,1,1,1,1329,1261,-244,-505,311,-362,-3,10,-1,0,0,0,0,0,0,0,0,0,0,0,0,0,0,0,0,0,0,0,0,0,0,71647
1,1,1,1,1256,1371,-199,-377,409,-248,4,4,-3,0,0,0,0,0,0,0,0,0,0,0,0,0,0,0,0,0,0,0,0,0,0,71657
1,1,1,1,1288,1382,-147,-180,486,-205,-1,5,2,0,0,0,0,0,0,0,0,0,0,0,0,0,0,0,0,0,0,0,0,0,0,71667
1,1,1,1,1272,1295,-34,-319,519,-196,3,6,-9,0,0,0,0,0,0,0,0,0,0,0,0,0,0,0,0,0,0,0,0,0,0,71677
1,1,1,1,1234,1408,-16,-237,507,-96,5,6,-5,0,0,0,0,0,0,0,0,0,0,0,0,0,0,0,0,0,0,0,0,0,0,71687
1,1,1,1,1256,1379,-1,-130,472,-29,3,6,-4,0,0,0,0,0,0,0,0,0,0,0,0,0,0,0,0,0,0,0,0,0,0,71697
1,1,1,1,1240,1313,7,-206,494,15,4,6,-1,0,0,0,0,0,0,0,0,0,0,0,0,0,0,0,0,0,0,0,0,0,0,71707
1,1,1,1,1239,1262,-49,-247,564,10,1,6,-6,0,0,0,0,0,0,0,0,0,0,0,0,0,0,0,0,0,0,0,0,0,0,71717
1,1,1,1,1237,1211,-63,-294,660,-41,2,6,-2,0,0,0,0,0,0,0,0,0,0,0,0,0,0,0,0,0,0,0,0,0,0,71727
1,1,1,1,1193,1185,-16,-342,687,-131,3,6,-7,0,0,0,0,0,0,0,0,0,0,0,0,0,0,0,0,0,0,0,0,0,0,71737
1,1,1,1,1124,1200,24,-340,650,-227,5,6,-6,0,0,0,0,0,0,0,0,0,0,0,0,0,0,0,0,0,0,0,0,0,0,71747
1,1,1,1,1044,1223,59,-292,588,-295,4,7,-8,0,0,0,0,0,0,0,0,0,0,0,0,0,0,0,0,0,0,0,0,0,0,71757
1,1,1,1,1012,1248,88,-223,564,-313,4,6,-9,0,0,0,0,0,0,0,0,0,0,0,0,0,0,0,0,0,0,0,0,0,0,71767
1,1,1,1,1020,1267,118,-229,574,-284,5,7,-11,0,0,0,0,0,0,0,0,0,0,0,0,0,0,0,0,0,0,0,0,0,0,71777
1,1,1,1,1008,1308,92,-173,640,-198,6,6,-9,0,0,0,0,0,0,0,0,0,0,0,0,0,0,0,0,0,0,0,0,0,0,71787
1,1,1,1,1006,1314,51,-95,738,-75,5,6,-11,0,0,0,0,0,0,0,0,0,0,0,0,0,0,0,0,0,0,0,0,0,0,71797
1,1,1,1,1041,1333,22,-102,827,39,3,6,-11,0,0,0,0,0,0,0,0,0,0,0,0,0,0,0,0,0,0,0,0,0,0,71807
1,1,1,1,1074,1331,15,-99,877,133,3,8,-4,0,0,0,0,0,0,0,0,0,0,0,0,0,0,0,0,0,0,0,0,0,0,71817
1,1,1,1,1056,1312,67,-111,857,177,3,9,-10,0,0,0,0,0,0,0,0,0,0,0,0,0,0,0,0,0,0,0,0,0,0,71827
1,1,1,1,935,1225,123,-227,797,116,4,11,-1,0,0,0,0,0,0,0,0,0,0,0,0,0,0,0,0,0,0,0,0,0,0,71837
1,1,1,1,861,1065,135,-398,689,-69,9,14,-11,0,0,0,0,0,0,0,0,0,0,0,0,0,0,0,0,0,0,0,0,0,0,71847
1,1,1,1,619,1154,296,-563,497,-60,18,9,-12,0,0,0,0,0,0,0,0,0,0,0,0,0,0,0,0,0,0,0,0,0,0,71857
1,1,1,1,172,1680,16,-115,492,374,6,16,6,0,0,0,0,0,0,0,0,0,0,0,0,0,0,0,0,0,0,0,0,0,0,71867
1,1,1,1,1131,841,93,196,561,97,11,19,0,0,0,0,0,0,0,0,0,0,0,0,0,0,0,0,0,0,0,0,0,0,0,71877
1,1,1,1,256,1100,211,-581,512,164,14,21,1,0,0,0,0,0,0,0,0,0,0,0,0,0,0,0,0,0,0,0,0,0,0,71887
1,1,1,1,575,1197,143,-364,456,45,12,25,4,0,0,0,0,0,0,0,0,0,0,0,0,0,0,0,0,0,0,0,0,0,0,71897
1,1,1,1,382,1197,197,-267,385,77,13,23,6,0,0,0,0,0,0,0,0,0,0,0,0,0,0,0,0,0,0,0,0,0,0,71907
1,1,1,1,498,1260,188,-184,348,141,9,25,6,0,0,0,0,0,0,0,0,0,0,0,0,0,0,0,0,0,0,0,0,0,0,71917
1,1,1,1,991,1092,161,-394,349,127,5,23,12,0,0,0,0,0,0,0,0,0,0,0,0,0,0,0,0,0,0,0,0,0,0,71927
1,1,1,1,1012,1159,182,-700,416,192,14,25,4,0,0,0,0,0,0,0,0,0,0,0,0,0,0,0,0,0,0,0,0,0,0,71947
1,1,1,1,1051,1150,175,-482,461,245,12,28,7,0,0,0,0,0,0,0,0,0,0,0,0,0,0,0,0,0,0,0,0,0,0,71957
1,1,1,1,1109,1205,132,-495,532,294,17,29,6,0,0,0,0,0,0,0,0,0,0,0,0,0,0,0,0,0,0,0,0,0,0,71967
1,1,1,1,1056,1246,171,-593,497,286,18,31,7,0,0,0,0,0,0,0,0,0,0,0,0,0,0,0,0,0,0,0,0,0,0,71977
1,1,1,1,983,1272,177,-417,464,298,22,34,8,0,0,0,0,0,0,0,0,0,0,0,0,0,0,0,0,0,0,0,0,0,0,71987
1,1,1,1,942,1257,246,125,433,367,30,31,5,0,0,0,0,0,0,0,0,0,0,0,0,0,0,0,0,0,0,0,0,0,0,71997
1,1,1,1,1163,1211,122,891,561,475,26,30,19,0,0,0,0,0,0,0,0,0,0,0,0,0,0,0,0,0,0,0,0,0,0,72007
1,1,1,1,1456,1147,288,1093,888,380,14,35,16,0,0,0,0,0,0,0,0,0,0,0,0,0,0,0,0,0,0,0,0,0,0,72017
1,1,1,1,1163,1160,747,185,608,368,19,37,17,0,0,0,0,0,0,0,0,0,0,0,0,0,0,0,0,0,0,0,0,0,0,72027
1,1,1,1,895,1371,215,-147,235,406,18,36,17,0,0,0,0,0,0,0,0,0,0,0,0,0,0,0,0,0,0,0,0,0,0,72047
1,1,1,1,984,1132,299,-354,174,354,20,36,14,0,0,0,0,0,0,0,0,0,0,0,0,0,0,0,0,0,0,0,0,0,0,72057
1,1,1,1,783,1201,293,-376,162,336,23,36,16,0,0,0,0,0,0,0,0,0,0,0,0,0,0,0,0,0,0,0,0,0,0,72067
1,1,1,1,832,1169,364,-242,152,324,22,35,21,0,0,0,0,0,0,0,0,0,0,0,0,0,0,0,0,0,0,0,0,0,0,72077
1,1,1,1,887,1197,367,-195,161,337,15,37,24,0,0,0,0,0,0,0,0,0,0,0,0,0,0,0,0,0,0,0,0,0,0,72087
1,1,1,1,900,1250,400,-394,157,335,9,37,32,0,0,0,0,0,0,0,0,0,0,0,0,0,0,0,0,0,0,0,0,0,0,72097
1,1,1,1,1013,1257,374,-844,146,291,7,39,39,0,0,0,0,0,0,0,0,0,0,0,0,0,0,0,0,0,0,0,0,0,0,72107
1,1,1,1,1108,1249,306,-1074,125,256,6,41,44,0,0,0,0,0,0,0,0,0,0,0,0,0,0,0,0,0,0,0,0,0,0,72117
1,1,1,1,1107,1206,228,-898,48,240,8,43,50,0,0,0,0,0,0,0,0,0,0,0,0,0,0,0,0,0,0,0,0,0,0,72127
1,1,1,1,1098,1089,205,-575,16,214,14,45,52,0,0,0,0,0,0,0,0,0,0,0,0,0,0,0,0,0,0,0,0,0,0,72137
1,1,1,1,1083,1062,224,-98,-15,234,15,46,52,0,0,0,0,0,0,0,0,0,0,0,0,0,0,0,0,0,0,0,0,0,0,72147
1,1,1,1,996,1112,289,214,-52,242,16,47,54,0,0,0,0,0,0,0,0,0,0,0,0,0,0,0,0,0,0,0,0,0,0,72157
1,1,1,1,959,1172,316,396,-52,232,16,46,52,0,0,0,0,0,0,0,0,0,0,0,0,0,0,0,0,0,0,0,0,0,0,72167
1,1,1,1,982,1248,324,461,-53,216,15,48,54,0,0,0,0,0,0,0,0,0,0,0,0,0,0,0,0,0,0,0,0,0,0,72177
1,1,1,1,1038,1264,329,516,-68,195,15,49,56,0,0,0,0,0,0,0,0,0,0,0,0,0,0,0,0,0,0,0,0,0,0,72187
1,1,1,1,1020,1304,323,479,-99,176,13,48,59,0,0,0,0,0,0,0,0,0,0,0,0,0,0,0,0,0,0,0,0,0,0,72197
1,1,1,1,1006,1365,318,345,-152,144,8,52,64,0,0,0,0,0,0,0,0,0,0,0,0,0,0,0,0,0,0,0,0,0,0,72207
1,1,1,1,1000,1379,314,-13,-168,68,4,53,68,0,0,0,0,0,0,0,0,0,0,0,0,0,0,0,0,0,0,0,0,0,0,72217
1,1,1,1,1002,1342,286,-323,-190,-14,5,53,75,0,0,0,0,0,0,0,0,0,0,0,0,0,0,0,0,0,0,0,0,0,0,72227
1,1,1,1,996,1212,276,-380,-222,-53,5,56,82,0,0,0,0,0,0,0,0,0,0,0,0,0,0,0,0,0,0,0,0,0,0,72237
1,1,1,1,957,1156,306,-336,-199,-65,3,55,79,0,0,0,0,0,0,0,0,0,0,0,0,0,0,0,0,0,0,0,0,0,0,72247
1,1,1,1,871,1193,331,-150,-208,-39,4,55,78,0,0,0,0,0,0,0,0,0,0,0,0,0,0,0,0,0,0,0,0,0,0,72257
1,1,1,1,806,1160,340,26,-198,-16,4,56,80,0,0,0,0,0,0,0,0,0,0,0,0,0,0,0,0,0,0,0,0,0,0,72267
1,1,1,1,772,1151,346,140,-186,29,5,57,79,0,0,0,0,0,0,0,0,0,0,0,0,0,0,0,0,0,0,0,0,0,0,72277
1,1,1,1,742,1166,372,240,-185,94,7,55,78,0,0,0,0,0,0,0,0,0,0,0,0,0,0,0,0,0,0,0,0,0,0,72287
1,1,1,1,761,1166,422,272,-190,165,5,56,77,0,0,0,0,0,0,0,0,0,0,0,0,0,0,0,0,0,0,0,0,0,0,72297
1,1,1,1,847,1148,438,201,-200,191,5,56,79,0,0,0,0,0,0,0,0,0,0,0,0,0,0,0,0,0,0,0,0,0,0,72307
1,1,1,1,969,1107,416,-19,-238,195,3,57,80,0,0,0,0,0,0,0,0,0,0,0,0,0,0,0,0,0,0,0,0,0,0,72317
1,1,1,1,1130,1053,369,-167,-276,173,1,57,79,0,0,0,0,0,0,0,0,0,0,0,0,0,0,0,0,0,0,0,0,0,0,72327
1,1,1,1,1299,970,394,-305,-281,113,1,56,81,0,0,0,0,0,0,0,0,0,0,0,0,0,0,0,0,0,0,0,0,0,0,72337
1,1,1,1,1414,1007,336,-315,-209,105,1,55,81,0,0,0,0,0,0,0,0,0,0,0,0,0,0,0,0,0,0,0,0,0,0,72347
1,1,1,1,1512,1026,316,-133,-93,154,5,55,84,0,0,0,0,0,0,0,0,0,0,0,0,0,0,0,0,0,0,0,0,0,0,72357
1,1,1,1,1514,1075,310,202,-29,222,5,56,85,0,0,0,0,0,0,0,0,0,0,0,0,0,0,0,0,0,0,0,0,0,0,72367
1,1,1,1,1575,999,349,454,-21,170,5,56,83,0,0,0,0,0,0,0,0,0,0,0,0,0,0,0,0,0,0,0,0,0,0,72377
1,1,1,1,1537,947,334,495,-1,89,5,55,82,0,0,0,0,0,0,0,0,0,0,0,0,0,0,0,0,0,0,0,0,0,0,72387
1,1,1,1,1440,1052,325,623,50,117,4,55,82,0,0,0,0,0,0,0,0,0,0,0,0,0,0,0,0,0,0,0,0,0,0,72397
1,1,1,1,1341,1100,300,639,109,117,2,54,82,0,0,0,0,0,0,0,0,0,0,0,0,0,0,0,0,0,0,0,0,0,0,72407
1,1,1,1,1223,1147,281,465,154,90,3,53,79,0,0,0,0,0,0,0,0,0,0,0,0,0,0,0,0,0,0,0,0,0,0,72417
1,1,1,1,1110,1215,271,334,159,64,4,52,76,0,0,0,0,0,0,0,0,0,0,0,0,0,0,0,0,0,0,0,0,0,0,72427
1,1,1,1,1043,1256,293,220,171,59,5,52,79,0,0,0,0,0,0,0,0,0,0,0,0,0,0,0,0,0,0,0,0,0,0,72437
1,1,1,1,1067,1253,343,120,200,56,4,53,79,0,0,0,0,0,0,0,0,0,0,0,0,0,0,0,0,0,0,0,0,0,0,72447
1,1,1,1,1160,1213,295,164,235,64,5,53,78,0,0,0,0,0,0,0,0,0,0,0,0,0,0,0,0,0,0,0,0,0,0,72457
1,1,1,1,1302,1170,268,267,249,69,4,54,81,0,0,0,0,0,0,0,0,0,0,0,0,0,0,0,0,0,0,0,0,0,0,72467
1,1,1,1,1433,1135,277,322,267,29,3,53,80,0,0,0,0,0,0,0,0,0,0,0,0,0,0,0,0,0,0,0,0,0,0,72477
1,1,1,1,1500,1156,251,235,312,-27,1,55,84,0,0,0,0,0,0,0,0,0,0,0,0,0,0,0,0,0,0,0,0,0,0,72487
1,1,1,1,1516,1188,235,98,342,-78,-1,52,83,0,0,0,0,0,0,0,0,0,0,0,0,0,0,0,0,0,0,0,0,0,0,72497
1,1,1,1,1481,1205,254,-118,351,-156,-4,56,89,0,0,0,0,0,0,0,0,0,0,0,0,0,0,0,0,0,0,0,0,0,0,72507
1,1,1,1,1451,1193,241,-321,349,-218,-4,52,89,0,0,0,0,0,0,0,0,0,0,0,0,0,0,0,0,0,0,0,0,0,0,72517
1,1,1,1,1397,1172,226,-377,359,-223,-3,56,85,0,0,0,0,0,0,0,0,0,0,0,0,0,0,0,0,0,0,0,0,0,0,72527
1,1,1,1,1298,1166,222,-258,340,-161,-2,55,84,0,0,0,0,0,0,0,0,0,0,0,0,0,0,0,0,0,0,0,0,0,0,72537
1,1,1,1,1200,1138,270,-102,294,-73,3,55,82,0,0,0,0,0,0,0,0,0,0,0,0,0,0,0,0,0,0,0,0,0,0,72547
1,1,1,1,1108,1147,372,43,230,-8,3,55,81,0,0,0,0,0,0,0,0,0,0,0,0,0,0,0,0,0,0,0,0,0,0,72557
1,1,1,1,1015,1119,439,97,134,-9,5,57,79,0,0,0,0,0,0,0,0,0,0,0,0,0,0,0,0,0,0,0,0,0,0,72567
1,1,1,1,979,1055,436,107,63,-53,4,55,80,0,0,0,0,0,0,0,0,0,0,0,0,0,0,0,0,0,0,0,0,0,0,72577
1,1,1,1,819,1061,393,95,49,-38,7,57,81,0,0,0,0,0,0,0,0,0,0,0,0,0,0,0,0,0,0,0,0,0,0,72587
1,1,1,1,671,1096,411,88,-7,-46,6,55,83,0,0,0,0,0,0,0,0,0,0,0,0,0,0,0,0,0,0,0,0,0,0,72597
1,1,1,1,674,1084,411,-101,-21,-80,2,57,88,0,0,0,0,0,0,0,0,0,0,0,0,0,0,0,0,0,0,0,0,0,0,72607
1,1,1,1,742,1106,305,-267,63,-47,3,57,92,0,0,0,0,0,0,0,0,0,0,0,0,0,0,0,0,0,0,0,0,0,0,72617
1,1,1,1,808,1132,228,-249,123,38,1,59,92,0,0,0,0,0,0,0,0,0,0,0,0,0,0,0,0,0,0,0,0,0,0,72627
1,1,1,1,926,1064,232,-228,141,63,1,59,96,0,0,0,0,0,0,0,0,0,0,0,0,0,0,0,0,0,0,0,0,0,0,72637
1,1,1,1,986,1049,257,-253,108,72,0,58,95,0,0,0,0,0,0,0,0,0,0,0,0,0,0,0,0,0,0,0,0,0,0,72647
1,1,1,1,1026,1116,256,-254,70,88,-2,59,96,0,0,0,0,0,0,0,0,0,0,0,0,0,0,0,0,0,0,0,0,0,0,72657
1,1,1,1,1041,1174,284,-296,24,89,-2,58,95,0,0,0,0,0,0,0,0,0,0,0,0,0,0,0,0,0,0,0,0,0,0,72667
1,1,1,1,1040,1205,278,-326,-5,67,0,57,95,0,0,0,0,0,0,0,0,0,0,0,0,0,0,0,0,0,0,0,0,0,0,72677
1,1,1,1,1025,1225,242,-262,-22,51,-1,58,94,0,0,0,0,0,0,0,0,0,0,0,0,0,0,0,0,0,0,0,0,0,0,72687
1,1,1,1,973,1233,225,-209,-31,25,0,57,94,0,0,0,0,0,0,0,0,0,0,0,0,0,0,0,0,0,0,0,0,0,0,72697
1,1,1,1,891,1259,250,-219,-31,-23,-1,56,94,0,0,0,0,0,0,0,0,0,0,0,0,0,0,0,0,0,0,0,0,0,0,72707
1,1,1,1,848,1283,288,-289,-39,-93,-4,54,94,0,0,0,0,0,0,0,0,0,0,0,0,0,0,0,0,0,0,0,0,0,0,72717
1,1,1,1,819,1307,300,-338,-40,-151,-6,55,95,0,0,0,0,0,0,0,0,0,0,0,0,0,0,0,0,0,0,0,0,0,0,72727
1,1,1,1,822,1293,287,-353,-56,-195,-4,54,92,0,0,0,0,0,0,0,0,0,0,0,0,0,0,0,0,0,0,0,0,0,0,72737
1,1,1,1,818,1290,278,-291,-83,-213,-4,56,92,0,0,0,0,0,0,0,0,0,0,0,0,0,0,0,0,0,0,0,0,0,0,72747
1,1,1,1,820,1282,275,-222,-121,-212,-4,55,95,0,0,0,0,0,0,0,0,0,0,0,0,0,0,0,0,0,0,0,0,0,0,72757
1,1,1,1,814,1251,341,-276,-160,-217,-5,54,94,0,0,0,0,0,0,0,0,0,0,0,0,0,0,0,0,0,0,0,0,0,0,72767
1,1,1,1,804,1223,399,-460,-216,-224,-5,56,92,0,0,0,0,0,0,0,0,0,0,0,0,0,0,0,0,0,0,0,0,0,0,72777
1,1,1,1,789,1203,457,-608,-288,-184,-5,56,94,0,0,0,0,0,0,0,0,0,0,0,0,0,0,0,0,0,0,0,0,0,0,72787
1,1,1,1,909,1155,504,-677,-361,-108,-7,54,97,0,0,0,0,0,0,0,0,0,0,0,0,0,0,0,0,0,0,0,0,0,0,72797
1,1,1,1,1047,1052,537,-685,-445,-80,-5,55,97,0,0,0,0,0,0,0,0,0,0,0,0,0,0,0,0,0,0,0,0,0,0,72807
1,1,1,1,1177,987,559,-701,-537,-55,-7,56,98,0,0,0,0,0,0,0,0,0,0,0,0,0,0,0,0,0,0,0,0,0,0,72817
1,1,1,1,1410,957,475,-690,-504,-91,-9,55,101,0,0,0,0,0,0,0,0,0,0,0,0,0,0,0,0,0,0,0,0,0,0,72827
1,1,1,1,1552,931,362,-649,-277,-123,-11,56,106,0,0,0,0,0,0,0,0,0,0,0,0,0,0,0,0,0,0,0,0,0,0,72837
1,1,1,1,1556,962,393,-531,-177,-115,-7,56,102,0,0,0,0,0,0,0,0,0,0,0,0,0,0,0,0,0,0,0,0,0,0,72847
1,1,1,1,1602,937,407,-408,-208,-100,-7,57,103,0,0,0,0,0,0,0,0,0,0,0,0,0,0,0,0,0,0,0,0,0,0,72857
1,1,1,1,1533,951,416,-374,-131,-138,-5,55,97,0,0,0,0,0,0,0,0,0,0,0,0,0,0,0,0,0,0,0,0,0,0,72867
1,1,1,1,1455,983,493,-395,-118,-126,-5,55,96,0,0,0,0,0,0,0,0,0,0,0,0,0,0,0,0,0,0,0,0,0,0,72877
1,1,1,1,1325,1011,502,-309,-79,-102,-5,56,95,0,0,0,0,0,0,0,0,0,0,0,0,0,0,0,0,0,0,0,0,0,0,72887
1,1,1,1,1172,1017,536,-191,-27,-76,-2,54,94,0,0,0,0,0,0,0,0,0,0,0,0,0,0,0,0,0,0,0,0,0,0,72897
1,1,1,1,1044,1000,557,-116,12,-52,-2,54,92,0,0,0,0,0,0,0,0,0,0,0,0,0,0,0,0,0,0,0,0,0,0,72907
1,1,1,1,947,1030,561,-88,39,-41,-2,53,92,0,0,0,0,0,0,0,0,0,0,0,0,0,0,0,0,0,0,0,0,0,0,72917
1,1,1,1,888,1071,550,-39,60,-17,-6,55,92,0,0,0,0,0,0,0,0,0,0,0,0,0,0,0,0,0,0,0,0,0,0,72927
1,1,1,1,843,1079,508,22,79,2,-5,55,95,0,0,0,0,0,0,0,0,0,0,0,0,0,0,0,0,0,0,0,0,0,0,72937
1,1,1,1,878,1070,503,-20,90,2,-7,56,91,0,0,0,0,0,0,0,0,0,0,0,0,0,0,0,0,0,0,0,0,0,0,72947
1,1,1,1,892,1103,494,-37,37,43,-6,56,92,0,0,0,0,0,0,0,0,0,0,0,0,0,0,0,0,0,0,0,0,0,0,72957
1,1,1,1,943,1127,478,-19,25,91,-7,55,94,0,0,0,0,0,0,0,0,0,0,0,0,0,0,0,0,0,0,0,0,0,0,72967
1,1,1,1,1077,1077,471,-45,5,77,-8,55,95,0,0,0,0,0,0,0,0,0,0,0,0,0,0,0,0,0,0,0,0,0,0,72977
1,1,1,1,1107,1065,452,-132,7,57,-7,55,95,0,0,0,0,0,0,0,0,0,0,0,0,0,0,0,0,0,0,0,0,0,0,72987
1,1,1,1,1118,1097,461,-111,-14,70,-6,54,93,0,0,0,0,0,0,0,0,0,0,0,0,0,0,0,0,0,0,0,0,0,0,72997
1,1,1,1,1132,1112,457,-76,-49,117,-7,53,92,0,0,0,0,0,0,0,0,0,0,0,0,0,0,0,0,0,0,0,0,0,0,73007
1,1,1,1,1232,1121,413,-70,17,122,-8,54,94,0,0,0,0,0,0,0,0,0,0,0,0,0,0,0,0,0,0,0,0,0,0,73017
1,1,1,1,1265,1102,398,-53,92,92,-8,54,94,0,0,0,0,0,0,0,0,0,0,0,0,0,0,0,0,0,0,0,0,0,0,73027
1,1,1,1,1300,1077,454,-67,44,74,-7,55,94,0,0,0,0,0,0,0,0,0,0,0,0,0,0,0,0,0,0,0,0,0,0,73037
1,1,1,1,1404,1055,432,-97,31,32,-7,54,92,0,0,0,0,0,0,0,0,0,0,0,0,0,0,0,0,0,0,0,0,0,0,73047
1,1,1,1,1441,1057,423,-120,64,-1,-4,53,93,0,0,0,0,0,0,0,0,0,0,0,0,0,0,0,0,0,0,0,0,0,0,73057
1,1,1,1,1378,1088,465,-70,71,-47,-5,53,95,0,0,0,0,0,0,0,0,0,0,0,0,0,0,0,0,0,0,0,0,0,0,73067
1,1,1,1,1425,1063,496,-123,94,-141,-5,52,95,0,0,0,0,0,0,0,0,0,0,0,0,0,0,0,0,0,0,0,0,0,0,73077
1,1,1,1,1394,1076,468,-173,118,-204,-4,52,96,0,0,0,0,0,0,0,0,0,0,0,0,0,0,0,0,0,0,0,0,0,0,73087
1,1,1,1,1354,1070,482,-143,119,-243,-3,53,93,0,0,0,0,0,0,0,0,0,0,0,0,0,0,0,0,0,0,0,0,0,0,73097
1,1,1,1,1310,1057,504,-109,119,-268,-6,55,92,0,0,0,0,0,0,0,0,0,0,0,0,0,0,0,0,0,0,0,0,0,0,73107
1,1,1,1,1251,1087,536,-102,138,-253,-4,54,92,0,0,0,0,0,0,0,0,0,0,0,0,0,0,0,0,0,0,0,0,0,0,73117
1,1,1,1,1214,1096,543,-109,156,-235,-3,52,86,0,0,0,0,0,0,0,0,0,0,0,0,0,0,0,0,0,0,0,0,0,0,73127
1,1,1,1,1194,1127,507,-81,136,-202,-5,51,91,0,0,0,0,0,0,0,0,0,0,0,0,0,0,0,0,0,0,0,0,0,0,73137
1,1,1,1,1186,1153,483,61,103,-150,-3,56,91,0,0,0,0,0,0,0,0,0,0,0,0,0,0,0,0,0,0,0,0,0,0,73147
1,1,1,1,1132,1145,483,209,67,-77,-2,52,81,0,0,0,0,0,0,0,0,0,0,0,0,0,0,0,0,0,0,0,0,0,0,73157
1,1,1,1,1005,1219,474,301,122,78,1,52,83,0,0,0,0,0,0,0,0,0,0,0,0,0,0,0,0,0,0,0,0,0,0,73167
1,1,1,1,969,1182,483,448,185,179,3,49,78,0,0,0,0,0,0,0,0,0,0,0,0,0,0,0,0,0,0,0,0,0,0,73177
1,1,1,1,872,1100,496,422,250,257,6,53,77,0,0,0,0,0,0,0,0,0,0,0,0,0,0,0,0,0,0,0,0,0,0,73187
1,1,1,1,773,1054,570,493,197,260,6,54,78,0,0,0,0,0,0,0,0,0,0,0,0,0,0,0,0,0,0,0,0,0,0,73197
1,1,1,1,760,967,603,397,77,163,6,53,77,0,0,0,0,0,0,0,0,0,0,0,0,0,0,0,0,0,0,0,0,0,0,73207
1,1,1,1,816,973,545,205,45,91,5,53,78,0,0,0,0,0,0,0,0,0,0,0,0,0,0,0,0,0,0,0,0,0,0,73217
1,1,1,1,871,1041,503,-23,43,38,5,52,82,0,0,0,0,0,0,0,0,0,0,0,0,0,0,0,0,0,0,0,0,0,0,73227
1,1,1,1,977,1066,420,-140,28,11,3,53,81,0,0,0,0,0,0,0,0,0,0,0,0,0,0,0,0,0,0,0,0,0,0,73237
1,1,1,1,1032,1086,391,-193,23,4,3,54,85,0,0,0,0,0,0,0,0,0,0,0,0,0,0,0,0,0,0,0,0,0,0,73247
1,1,1,1,1042,1116,447,-297,-9,19,2,54,85,0,0,0,0,0,0,0,0,0,0,0,0,0,0,0,0,0,0,0,0,0,0,73257
1,1,1,1,1080,1110,435,-365,-46,20,1,54,85,0,0,0,0,0,0,0,0,0,0,0,0,0,0,0,0,0,0,0,0,0,0,73267
1,1,1,1,1152,1066,399,-345,-13,18,5,54,83,0,0,0,0,0,0,0,0,0,0,0,0,0,0,0,0,0,0,0,0,0,0,73277
1,1,1,1,1168,1017,421,-166,-14,44,5,54,81,0,0,0,0,0,0,0,0,0,0,0,0,0,0,0,0,0,0,0,0,0,0,73287
1,1,1,1,1136,990,503,-25,-27,98,6,54,81,0,0,0,0,0,0,0,0,0,0,0,0,0,0,0,0,0,0,0,0,0,0,73297
1,1,1,1,1104,988,624,29,-37,111,5,54,81,0,0,0,0,0,0,0,0,0,0,0,0,0,0,0,0,0,0,0,0,0,0,73307
1,1,1,1,1074,948,638,-48,-20,111,4,54,81,0,0,0,0,0,0,0,0,0,0,0,0,0,0,0,0,0,0,0,0,0,0,73317
1,1,1,1,1035,967,645,-96,-23,125,4,56,86,0,0,0,0,0,0,0,0,0,0,0,0,0,0,0,0,0,0,0,0,0,0,73327
1,1,1,1,964,973,652,-116,-91,94,4,56,88,0,0,0,0,0,0,0,0,0,0,0,0,0,0,0,0,0,0,0,0,0,0,73337
1,1,1,1,924,977,591,-236,-102,36,5,57,90,0,0,0,0,0,0,0,0,0,0,0,0,0,0,0,0,0,0,0,0,0,0,73347
1,1,1,1,854,1033,540,-281,-113,41,4,55,90,0,0,0,0,0,0,0,0,0,0,0,0,0,0,0,0,0,0,0,0,0,0,73357
1,1,1,1,801,1110,468,-225,-83,79,4,56,92,0,0,0,0,0,0,0,0,0,0,0,0,0,0,0,0,0,0,0,0,0,0,73367
1,1,1,1,801,1096,441,-75,-20,106,5,57,94,0,0,0,0,0,0,0,0,0,0,0,0,0,0,0,0,0,0,0,0,0,0,73377
1,1,1,1,782,1096,411,73,25,123,4,55,93,0,0,0,0,0,0,0,0,0,0,0,0,0,0,0,0,0,0,0,0,0,0,73387
1,1,1,1,843,1119,368,280,63,138,3,57,97,0,0,0,0,0,0,0,0,0,0,0,0,0,0,0,0,0,0,0,0,0,0,73397
1,1,1,1,877,1147,363,531,74,103,6,56,90,0,0,0,0,0,0,0,0,0,0,0,0,0,0,0,0,0,0,0,0,0,0,73407
1,1,1,1,858,1191,402,573,65,43,4,53,88,0,0,0,0,0,0,0,0,0,0,0,0,0,0,0,0,0,0,0,0,0,0,73417
1,1,1,1,901,1221,409,496,57,-16,1,56,91,0,0,0,0,0,0,0,0,0,0,0,0,0,0,0,0,0,0,0,0,0,0,73427
1,1,1,1,942,1185,423,339,52,-50,0,52,90,0,0,0,0,0,0,0,0,0,0,0,0,0,0,0,0,0,0,0,0,0,0,73437
1,1,1,1,954,1155,453,167,44,-91,-2,54,88,0,0,0,0,0,0,0,0,0,0,0,0,0,0,0,0,0,0,0,0,0,0,73447
1,1,1,1,952,1124,486,66,13,-123,-4,52,90,0,0,0,0,0,0,0,0,0,0,0,0,0,0,0,0,0,0,0,0,0,0,73457
1,1,1,1,941,1075,503,-11,10,-134,-4,53,92,0,0,0,0,0,0,0,0,0,0,0,0,0,0,0,0,0,0,0,0,0,0,73467
1,1,1,1,895,1066,495,-9,31,-115,-1,52,89,0,0,0,0,0,0,0,0,0,0,0,0,0,0,0,0,0,0,0,0,0,0,73477
1,1,1,1,865,1080,482,123,38,-70,-1,51,89,0,0,0,0,0,0,0,0,0,0,0,0,0,0,0,0,0,0,0,0,0,0,73487
1,1,1,1,885,1112,494,132,-5,24,-2,52,90,0,0,0,0,0,0,0,0,0,0,0,0,0,0,0,0,0,0,0,0,0,0,73507
1,1,1,1,926,1131,486,49,-55,39,-3,52,91,0,0,0,0,0,0,0,0,0,0,0,0,0,0,0,0,0,0,0,0,0,0,73517
1,1,1,1,926,1131,486,-77,-143,54,-3,52,91,0,0,0,0,0,0,0,0,0,0,0,0,0,0,0,0,0,0,0,0,0,0,73527
1,1,1,1,1044,1125,491,-156,-214,87,-5,53,91,0,0,0,0,0,0,0,0,0,0,0,0,0,0,0,0,0,0,0,0,0,0,73537
1,1,1,1,1060,1111,526,-218,-298,146,-6,53,90,0,0,0,0,0,0,0,0,0,0,0,0,0,0,0,0,0,0,0,0,0,0,73547
1,1,1,1,1102,1124,542,-290,-349,224,-5,53,92,0,0,0,0,0,0,0,0,0,0,0,0,0,0,0,0,0,0,0,0,0,0,73557
1,1,1,1,1209,1047,532,-284,-326,178,-5,54,95,0,0,0,0,0,0,0,0,0,0,0,0,0,0,0,0,0,0,0,0,0,0,73567
1,1,1,1,1333,974,486,-327,-249,119,-3,53,93,0,0,0,0,0,0,0,0,0,0,0,0,0,0,0,0,0,0,0,0,0,0,73577
1,1,1,1,1427,972,423,-222,-133,75,-4,53,93,0,0,0,0,0,0,0,0,0,0,0,0,0,0,0,0,0,0,0,0,0,0,73587
1,1,1,1,1458,1001,425,-96,-64,78,-5,55,93,0,0,0,0,0,0,0,0,0,0,0,0,0,0,0,0,0,0,0,0,0,0,73597
1,1,1,1,1527,1016,442,-22,-34,75,-3,53,93,0,0,0,0,0,0,0,0,0,0,0,0,0,0,0,0,0,0,0,0,0,0,73607
1,1,1,1,1495,1050,488,-28,-25,53,-8,54,92,0,0,0,0,0,0,0,0,0,0,0,0,0,0,0,0,0,0,0,0,0,0,73617
1,1,1,1,1481,1041,525,-139,42,12,-7,53,92,0,0,0,0,0,0,0,0,0,0,0,0,0,0,0,0,0,0,0,0,0,0,73627
1,1,1,1,1463,999,536,-196,58,-14,-6,53,91,0,0,0,0,0,0,0,0,0,0,0,0,0,0,0,0,0,0,0,0,0,0,73637
1,1,1,1,1347,1011,525,-174,117,-21,-6,52,92,0,0,0,0,0,0,0,0,0,0,0,0,0,0,0,0,0,0,0,0,0,0,73647
1,1,1,1,1206,1020,568,-158,177,-30,-7,53,91,0,0,0,0,0,0,0,0,0,0,0,0,0,0,0,0,0,0,0,0,0,0,73657
1,1,1,1,1105,1008,591,-214,208,-40,-6,52,92,0,0,0,0,0,0,0,0,0,0,0,0,0,0,0,0,0,0,0,0,0,0,73667
1,1,1,1,1020,1056,589,-223,228,-30,-6,52,94,0,0,0,0,0,0,0,0,0,0,0,0,0,0,0,0,0,0,0,0,0,0,73677
1,1,1,1,1050,1097,561,-182,250,-7,-8,52,98,0,0,0,0,0,0,0,0,0,0,0,0,0,0,0,0,0,0,0,0,0,0,73687
1,1,1,1,1147,1095,533,-193,280,-13,-8,53,101,0,0,0,0,0,0,0,0,0,0,0,0,0,0,0,0,0,0,0,0,0,0,73697
1,1,1,1,1248,1094,492,-240,290,-54,-10,54,102,0,0,0,0,0,0,0,0,0,0,0,0,0,0,0,0,0,0,0,0,0,0,73707
1,1,1,1,1359,1084,441,-252,313,-119,-10,56,105,0,0,0,0,0,0,0,0,0,0,0,0,0,0,0,0,0,0,0,0,0,0,73717
1,1,1,1,1440,1072,407,-206,326,-175,-7,49,104,0,0,0,0,0,0,0,0,0,0,0,0,0,0,0,0,0,0,0,0,0,0,73727
1,1,1,1,1481,1038,404,-195,310,-236,-11,57,106,0,0,0,0,0,0,0,0,0,0,0,0,0,0,0,0,0,0,0,0,0,0,73737
1,1,1,1,1462,1057,423,-197,312,-279,-13,59,111,0,0,0,0,0,0,0,0,0,0,0,0,0,0,0,0,0,0,0,0,0,0,73747
1,1,1,1,1414,1076,445,-120,335,-248,-11,56,107,0,0,0,0,0,0,0,0,0,0,0,0,0,0,0,0,0,0,0,0,0,0,73757
1,1,1,1,1309,1115,478,17,350,-162,-9,57,101,0,0,0,0,0,0,0,0,0,0,0,0,0,0,0,0,0,0,0,0,0,0,73767
1,1,1,1,1210,1134,545,193,315,-69,-5,54,99,0,0,0,0,0,0,0,0,0,0,0,0,0,0,0,0,0,0,0,0,0,0,73777
1,1,1,1,1081,1103,632,348,195,-35,-2,52,95,0,0,0,0,0,0,0,0,0,0,0,0,0,0,0,0,0,0,0,0,0,0,73787
1,1,1,1,943,1041,703,269,100,-55,-2,52,89,0,0,0,0,0,0,0,0,0,0,0,0,0,0,0,0,0,0,0,0,0,0,73797
1,1,1,1,844,1015,710,114,14,-132,0,53,87,0,0,0,0,0,0,0,0,0,0,0,0,0,0,0,0,0,0,0,0,0,0,73807
1,1,1,1,742,976,679,-37,-45,-215,-3,53,90,0,0,0,0,0,0,0,0,0,0,0,0,0,0,0,0,0,0,0,0,0,0,73817
1,1,1,1,639,980,632,-103,-45,-246,-1,54,92,0,0,0,0,0,0,0,0,0,0,0,0,0,0,0,0,0,0,0,0,0,0,73827
1,1,1,1,593,1014,585,-114,-27,-226,-2,55,92,0,0,0,0,0,0,0,0,0,0,0,0,0,0,0,0,0,0,0,0,0,0,73837
1,1,1,1,492,1058,540,-93,-14,-157,-5,54,91,0,0,0,0,0,0,0,0,0,0,0,0,0,0,0,0,0,0,0,0,0,0,73847
1,1,1,1,527,1064,426,60,143,-91,-4,54,94,0,0,0,0,0,0,0,0,0,0,0,0,0,0,0,0,0,0,0,0,0,0,73867
1,1,1,1,655,1031,443,178,164,-92,-5,54,95,0,0,0,0,0,0,0,0,0,0,0,0,0,0,0,0,0,0,0,0,0,0,73877
1,1,1,1,659,1018,463,118,157,-105,-7,54,96,0,0,0,0,0,0,0,0,0,0,0,0,0,0,0,0,0,0,0,0,0,0,73887
1,1,1,1,749,1018,476,14,117,-124,-8,53,96,0,0,0,0,0,0,0,0,0,0,0,0,0,0,0,0,0,0,0,0,0,0,73897
1,1,1,1,801,1041,509,-172,60,-141,-9,53,95,0,0,0,0,0,0,0,0,0,0,0,0,0,0,0,0,0,0,0,0,0,0,73907
1,1,1,1,837,1114,508,-330,20,-143,-11,53,96,0,0,0,0,0,0,0,0,0,0,0,0,0,0,0,0,0,0,0,0,0,0,73917
1,1,1,1,835,1139,481,-313,-38,-125,-12,53,97,0,0,0,0,0,0,0,0,0,0,0,0,0,0,0,0,0,0,0,0,0,0,73927
1,1,1,1,829,1109,504,-276,-107,-117,-13,54,99,0,0,0,0,0,0,0,0,0,0,0,0,0,0,0,0,0,0,0,0,0,0,73937
1,1,1,1,800,1111,533,-236,-169,-99,-14,54,100,0,0,0,0,0,0,0,0,0,0,0,0,0,0,0,0,0,0,0,0,0,0,73947
1,1,1,1,782,1147,564,-262,-205,-54,-13,55,102,0,0,0,0,0,0,0,0,0,0,0,0,0,0,0,0,0,0,0,0,0,0,73957
1,1,1,1,753,1170,594,-297,-265,-17,-15,55,103,0,0,0,0,0,0,0,0,0,0,0,0,0,0,0,0,0,0,0,0,0,0,73967
1,1,1,1,761,1167,622,-413,-371,55,-13,56,106,0,0,0,0,0,0,0,0,0,0,0,0,0,0,0,0,0,0,0,0,0,0,73977
1,1,1,1,856,1212,605,-400,-482,151,-15,57,106,0,0,0,0,0,0,0,0,0,0,0,0,0,0,0,0,0,0,0,0,0,0,73987
1,1,1,1,1123,1072,558,-349,-567,124,-20,57,105,0,0,0,0,0,0,0,0,0,0,0,0,0,0,0,0,0,0,0,0,0,0,73997
1,1,1,1,1303,1015,469,-450,-464,79,-16,58,108,0,0,0,0,0,0,0,0,0,0,0,0,0,0,0,0,0,0,0,0,0,0,74007
1,1,1,1,1462,980,482,-330,-325,16,-18,60,111,0,0,0,0,0,0,0,0,0,0,0,0,0,0,0,0,0,0,0,0,0,0,74017
1,1,1,1,1472,958,599,-289,-273,-22,-19,57,111,0,0,0,0,0,0,0,0,0,0,0,0,0,0,0,0,0,0,0,0,0,0,74027
1,1,1,1,1631,1028,661,-266,-227,1,-17,58,111,0,0,0,0,0,0,0,0,0,0,0,0,0,0,0,0,0,0,0,0,0,0,74037
1,1,1,1,1776,973,591,-186,-137,-35,-19,58,111,0,0,0,0,0,0,0,0,0,0,0,0,0,0,0,0,0,0,0,0,0,0,74047
1,1,1,1,1770,932,566,-113,-58,-89,-14,54,107,0,0,0,0,0,0,0,0,0,0,0,0,0,0,0,0,0,0,0,0,0,0,74057
1,1,1,1,1482,967,594,-41,51,-147,-17,55,110,0,0,0,0,0,0,0,0,0,0,0,0,0,0,0,0,0,0,0,0,0,0,74067
1,1,1,1,1367,905,695,-151,139,-178,-15,56,105,0,0,0,0,0,0,0,0,0,0,0,0,0,0,0,0,0,0,0,0,0,0,74077
1,1,1,1,1147,940,754,-213,188,-160,-14,55,106,0,0,0,0,0,0,0,0,0,0,0,0,0,0,0,0,0,0,0,0,0,0,74087
1,1,1,1,1003,958,785,-264,227,-98,-13,55,109,0,0,0,0,0,0,0,0,0,0,0,0,0,0,0,0,0,0,0,0,0,0,74097
1,1,1,1,971,960,810,-271,235,-46,-14,56,112,0,0,0,0,0,0,0,0,0,0,0,0,0,0,0,0,0,0,0,0,0,0,74107
1,1,1,1,1058,961,773,-299,262,-19,-19,56,116,0,0,0,0,0,0,0,0,0,0,0,0,0,0,0,0,0,0,0,0,0,0,74117
1,1,1,1,1187,965,724,-367,304,-7,-19,57,119,0,0,0,0,0,0,0,0,0,0,0,0,0,0,0,0,0,0,0,0,0,0,74127
1,1,1,1,1284,967,672,-470,337,-42,-19,56,122,0,0,0,0,0,0,0,0,0,0,0,0,0,0,0,0,0,0,0,0,0,0,74137
1,1,1,1,1338,995,604,-546,337,-97,-18,56,121,0,0,0,0,0,0,0,0,0,0,0,0,0,0,0,0,0,0,0,0,0,0,74147
1,1,1,1,1369,1081,497,-434,309,-96,-17,57,117,0,0,0,0,0,0,0,0,0,0,0,0,0,0,0,0,0,0,0,0,0,0,74157
1,1,1,1,1291,1124,484,-167,287,-18,-11,56,109,0,0,0,0,0,0,0,0,0,0,0,0,0,0,0,0,0,0,0,0,0,0,74167
1,1,1,1,1190,1161,515,105,281,107,-7,55,101,0,0,0,0,0,0,0,0,0,0,0,0,0,0,0,0,0,0,0,0,0,0,74177
1,1,1,1,1050,1144,598,393,248,250,-6,54,90,0,0,0,0,0,0,0,0,0,0,0,0,0,0,0,0,0,0,0,0,0,0,74187
1,1,1,1,848,1027,710,544,172,312,-4,54,89,0,0,0,0,0,0,0,0,0,0,0,0,0,0,0,0,0,0,0,0,0,0,74197
1,1,1,1,622,972,794,569,87,278,-5,53,90,0,0,0,0,0,0,0,0,0,0,0,0,0,0,0,0,0,0,0,0,0,0,74207
1,1,1,1,491,904,828,425,40,166,-5,53,90,0,0,0,0,0,0,0,0,0,0,0,0,0,0,0,0,0,0,0,0,0,0,74217
1,1,1,1,385,934,805,144,83,83,-7,53,93,0,0,0,0,0,0,0,0,0,0,0,0,0,0,0,0,0,0,0,0,0,0,74227
1,1,1,1,327,1009,695,-1,117,37,-10,53,95,0,0,0,0,0,0,0,0,0,0,0,0,0,0,0,0,0,0,0,0,0,0,74237
1,1,1,1,348,1021,571,-77,136,10,-8,54,99,0,0,0,0,0,0,0,0,0,0,0,0,0,0,0,0,0,0,0,0,0,0,74247
1,1,1,1,514,1013,496,19,153,-17,-6,53,98,0,0,0,0,0,0,0,0,0,0,0,0,0,0,0,0,0,0,0,0,0,0,74257
1,1,1,1,577,939,555,252,110,-40,-15,54,102,0,0,0,0,0,0,0,0,0,0,0,0,0,0,0,0,0,0,0,0,0,0,74277
1,1,1,1,609,1003,603,-43,32,-79,-15,53,103,0,0,0,0,0,0,0,0,0,0,0,0,0,0,0,0,0,0,0,0,0,0,74287
1,1,1,1,683,1041,614,-313,-61,-127,-18,54,105,0,0,0,0,0,0,0,0,0,0,0,0,0,0,0,0,0,0,0,0,0,0,74297
1,1,1,1,737,1006,601,-440,-104,-98,-20,57,108,0,0,0,0,0,0,0,0,0,0,0,0,0,0,0,0,0,0,0,0,0,0,74307
1,1,1,1,740,1025,619,-469,-122,-45,-17,55,106,0,0,0,0,0,0,0,0,0,0,0,0,0,0,0,0,0,0,0,0,0,0,74317
1,1,1,1,690,1035,652,-445,-213,5,-17,55,106,0,0,0,0,0,0,0,0,0,0,0,0,0,0,0,0,0,0,0,0,0,0,74327
1,1,1,1,592,1060,709,-382,-301,100,-19,56,109,0,0,0,0,0,0,0,0,0,0,0,0,0,0,0,0,0,0,0,0,0,0,74337
1,1,1,1,595,1082,814,-344,-497,227,-20,58,106,0,0,0,0,0,0,0,0,0,0,0,0,0,0,0,0,0,0,0,0,0,0,74347
1,1,1,1,804,1123,764,-315,-653,386,-19,55,107,0,0,0,0,0,0,0,0,0,0,0,0,0,0,0,0,0,0,0,0,0,0,74357
1,1,1,1,1150,1065,581,-208,-639,442,-25,57,116,0,0,0,0,0,0,0,0,0,0,0,0,0,0,0,0,0,0,0,0,0,0,74367
1,1,1,1,1304,954,503,-400,-439,341,-26,59,116,0,0,0,0,0,0,0,0,0,0,0,0,0,0,0,0,0,0,0,0,0,0,74377
1,1,1,1,1516,889,501,-497,-421,134,-22,58,117,0,0,0,0,0,0,0,0,0,0,0,0,0,0,0,0,0,0,0,0,0,0,74387
1,1,1,1,1634,929,460,-491,-437,-1,-18,56,116,0,0,0,0,0,0,0,0,0,0,0,0,0,0,0,0,0,0,0,0,0,0,74397
1,1,1,1,1556,1020,557,-390,-399,-16,-17,56,118,0,0,0,0,0,0,0,0,0,0,0,0,0,0,0,0,0,0,0,0,0,0,74407
1,1,1,1,1650,968,656,-331,-339,-17,-18,56,117,0,0,0,0,0,0,0,0,0,0,0,0,0,0,0,0,0,0,0,0,0,0,74417
1,1,1,1,1665,882,740,-317,-288,-58,-17,56,115,0,0,0,0,0,0,0,0,0,0,0,0,0,0,0,0,0,0,0,0,0,0,74427
1,1,1,1,1634,854,760,-304,-202,-83,-17,54,110,0,0,0,0,0,0,0,0,0,0,0,0,0,0,0,0,0,0,0,0,0,0,74437
1,1,1,1,1572,865,775,-213,-99,-65,-17,56,110,0,0,0,0,0,0,0,0,0,0,0,0,0,0,0,0,0,0,0,0,0,0,74447
1,1,1,1,1375,843,816,-136,30,-92,-20,56,110,0,0,0,0,0,0,0,0,0,0,0,0,0,0,0,0,0,0,0,0,0,0,74457
1,1,1,1,1310,792,850,-224,101,-163,-19,56,110,0,0,0,0,0,0,0,0,0,0,0,0,0,0,0,0,0,0,0,0,0,0,74467
1,1,1,1,1233,864,817,-284,157,-183,-18,57,113,0,0,0,0,0,0,0,0,0,0,0,0,0,0,0,0,0,0,0,0,0,0,74477
1,1,1,1,1209,909,777,-253,182,-195,-19,56,111,0,0,0,0,0,0,0,0,0,0,0,0,0,0,0,0,0,0,0,0,0,0,74487
1,1,1,1,1189,915,763,-260,190,-216,-19,58,113,0,0,0,0,0,0,0,0,0,0,0,0,0,0,0,0,0,0,0,0,0,0,74497
1,1,1,1,1138,917,771,-225,139,-246,-19,57,113,0,0,0,0,0,0,0,0,0,0,0,0,0,0,0,0,0,0,0,0,0,0,74507
1,1,1,1,1179,891,779,-208,110,-273,-20,55,113,0,0,0,0,0,0,0,0,0,0,0,0,0,0,0,0,0,0,0,0,0,0,74517
1,1,1,1,1213,924,765,-214,106,-265,-19,54,110,0,0,0,0,0,0,0,0,0,0,0,0,0,0,0,0,0,0,0,0,0,0,74527
1,1,1,1,1182,953,762,-126,90,-247,-21,54,110,0,0,0,0,0,0,0,0,0,0,0,0,0,0,0,0,0,0,0,0,0,0,74537
1,1,1,1,1174,966,726,-94,90,-206,-17,54,108,0,0,0,0,0,0,0,0,0,0,0,0,0,0,0,0,0,0,0,0,0,0,74547
1,1,1,1,1163,1026,635,66,133,-123,-18,54,105,0,0,0,0,0,0,0,0,0,0,0,0,0,0,0,0,0,0,0,0,0,0,74557
1,1,1,1,1143,1023,575,201,174,-61,-14,54,103,0,0,0,0,0,0,0,0,0,0,0,0,0,0,0,0,0,0,0,0,0,0,74567
1,1,1,1,1145,1033,562,294,231,-10,-12,53,100,0,0,0,0,0,0,0,0,0,0,0,0,0,0,0,0,0,0,0,0,0,0,74577
1,1,1,1,969,1089,566,354,262,59,-11,52,96,0,0,0,0,0,0,0,0,0,0,0,0,0,0,0,0,0,0,0,0,0,0,74587
1,1,1,1,917,1061,634,378,267,94,-12,52,92,0,0,0,0,0,0,0,0,0,0,0,0,0,0,0,0,0,0,0,0,0,0,74597
1,1,1,1,774,1024,667,358,238,120,-11,52,93,0,0,0,0,0,0,0,0,0,0,0,0,0,0,0,0,0,0,0,0,0,0,74607
1,1,1,1,732,1015,701,300,246,131,-13,52,93,0,0,0,0,0,0,0,0,0,0,0,0,0,0,0,0,0,0,0,0,0,0,74617
1,1,1,1,682,992,670,303,228,98,-10,51,92,0,0,0,0,0,0,0,0,0,0,0,0,0,0,0,0,0,0,0,0,0,0,74627
1,1,1,1,588,968,687,275,146,46,-10,53,96,0,0,0,0,0,0,0,0,0,0,0,0,0,0,0,0,0,0,0,0,0,0,74637
1,1,1,1,551,946,699,162,51,-24,-11,53,93,0,0,0,0,0,0,0,0,0,0,0,0,0,0,0,0,0,0,0,0,0,0,74647
1,1,1,1,634,941,687,-33,-10,-73,-15,53,95,0,0,0,0,0,0,0,0,0,0,0,0,0,0,0,0,0,0,0,0,0,0,74657
1,1,1,1,818,974,598,-142,-36,-104,-11,52,93,0,0,0,0,0,0,0,0,0,0,0,0,0,0,0,0,0,0,0,0,0,0,74667
1,1,1,1,1004,999,648,-183,-111,-121,-10,52,92,0,0,0,0,0,0,0,0,0,0,0,0,0,0,0,0,0,0,0,0,0,0,74687
1,1,1,1,1056,1012,709,-276,-162,-133,-12,52,92,0,0,0,0,0,0,0,0,0,0,0,0,0,0,0,0,0,0,0,0,0,0,74697
1,1,1,1,1095,986,739,-312,-180,-125,-11,52,93,0,0,0,0,0,0,0,0,0,0,0,0,0,0,0,0,0,0,0,0,0,0,74707
1,1,1,1,1112,970,749,-311,-193,-105,-8,52,93,0,0,0,0,0,0,0,0,0,0,0,0,0,0,0,0,0,0,0,0,0,0,74717
1,1,1,1,1146,923,763,-269,-187,-86,-8,52,92,0,0,0,0,0,0,0,0,0,0,0,0,0,0,0,0,0,0,0,0,0,0,74727
1,1,1,1,1126,894,783,-246,-146,-61,-9,53,93,0,0,0,0,0,0,0,0,0,0,0,0,0,0,0,0,0,0,0,0,0,0,74737
1,1,1,1,1117,891,757,-111,-105,-13,-6,52,91,0,0,0,0,0,0,0,0,0,0,0,0,0,0,0,0,0,0,0,0,0,0,74747
1,1,1,1,1020,921,704,6,-71,18,-5,53,90,0,0,0,0,0,0,0,0,0,0,0,0,0,0,0,0,0,0,0,0,0,0,74757
1,1,1,1,976,926,738,52,-52,21,-4,52,92,0,0,0,0,0,0,0,0,0,0,0,0,0,0,0,0,0,0,0,0,0,0,74767
1,1,1,1,992,933,733,107,-40,20,-4,52,89,0,0,0,0,0,0,0,0,0,0,0,0,0,0,0,0,0,0,0,0,0,0,74777
1,1,1,1,1016,934,729,154,-27,24,-4,52,90,0,0,0,0,0,0,0,0,0,0,0,0,0,0,0,0,0,0,0,0,0,0,74787
1,1,1,1,1050,932,767,100,-12,28,-4,52,91,0,0,0,0,0,0,0,0,0,0,0,0,0,0,0,0,0,0,0,0,0,0,74797
1,1,1,1,1083,938,757,52,10,43,-4,54,91,0,0,0,0,0,0,0,0,0,0,0,0,0,0,0,0,0,0,0,0,0,0,74807
1,1,1,1,1086,942,734,123,25,75,-5,54,92,0,0,0,0,0,0,0,0,0,0,0,0,0,0,0,0,0,0,0,0,0,0,74817
1,1,1,1,1086,904,743,142,47,96,-6,54,92,0,0,0,0,0,0,0,0,0,0,0,0,0,0,0,0,0,0,0,0,0,0,74827
1,1,1,1,1074,878,735,135,58,96,-6,53,92,0,0,0,0,0,0,0,0,0,0,0,0,0,0,0,0,0,0,0,0,0,0,74837
1,1,1,1,1116,873,698,126,99,84,-3,54,94,0,0,0,0,0,0,0,0,0,0,0,0,0,0,0,0,0,0,0,0,0,0,74847
1,1,1,1,1147,914,646,167,106,76,-4,53,94,0,0,0,0,0,0,0,0,0,0,0,0,0,0,0,0,0,0,0,0,0,0,74857
1,1,1,1,1153,987,636,191,122,72,-3,53,90,0,0,0,0,0,0,0,0,0,0,0,0,0,0,0,0,0,0,0,0,0,0,74867
1,1,1,1,1132,1017,646,197,127,59,-1,54,88,0,0,0,0,0,0,0,0,0,0,0,0,0,0,0,0,0,0,0,0,0,0,74877
1,1,1,1,1097,1068,655,205,118,65,0,53,87,0,0,0,0,0,0,0,0,0,0,0,0,0,0,0,0,0,0,0,0,0,0,74887
1,1,1,1,1082,1089,667,276,95,76,-2,52,87,0,0,0,0,0,0,0,0,0,0,0,0,0,0,0,0,0,0,0,0,0,0,74897
1,1,1,1,1163,1038,660,283,110,44,-1,53,86,0,0,0,0,0,0,0,0,0,0,0,0,0,0,0,0,0,0,0,0,0,0,74907
1,1,1,1,1102,1035,650,333,97,32,-3,56,86,0,0,0,0,0,0,0,0,0,0,0,0,0,0,0,0,0,0,0,0,0,0,74917
1,1,1,1,1031,1037,660,393,60,21,-1,53,88,0,0,0,0,0,0,0,0,0,0,0,0,0,0,0,0,0,0,0,0,0,0,74927
1,1,1,1,1003,957,675,315,49,-63,0,53,85,0,0,0,0,0,0,0,0,0,0,0,0,0,0,0,0,0,0,0,0,0,0,74937
1,1,1,1,929,953,694,253,20,-100,1,53,82,0,0,0,0,0,0,0,0,0,0,0,0,0,0,0,0,0,0,0,0,0,0,74947
1,1,1,1,869,1019,665,384,15,-53,2,49,80,0,0,0,0,0,0,0,0,0,0,0,0,0,0,0,0,0,0,0,0,0,0,74957
1,1,1,1,842,992,665,461,42,-9,1,50,79,0,0,0,0,0,0,0,0,0,0,0,0,0,0,0,0,0,0,0,0,0,0,74967
1,1,1,1,810,987,721,451,27,12,0,55,80,0,0,0,0,0,0,0,0,0,0,0,0,0,0,0,0,0,0,0,0,0,0,74977
1,1,1,1,723,1028,717,491,-35,43,0,54,80,0,0,0,0,0,0,0,0,0,0,0,0,0,0,0,0,0,0,0,0,0,0,74987
1,1,1,1,829,993,644,434,-24,40,2,51,81,0,0,0,0,0,0,0,0,0,0,0,0,0,0,0,0,0,0,0,0,0,0,74997
1,1,1,1,848,998,652,366,-29,56,2,51,82,0,0,0,0,0,0,0,0,0,0,0,0,0,0,0,0,0,0,0,0,0,0,75007
1,1,1,1,899,977,635,373,-20,79,0,53,84,0,0,0,0,0,0,0,0,0,0,0,0,0,0,0,0,0,0,0,0,0,0,75017
1,1,1,1,967,952,623,385,-13,91,2,53,84,0,0,0,0,0,0,0,0,0,0,0,0,0,0,0,0,0,0,0,0,0,0,75027
1,1,1,1,970,958,627,383,-15,100,1,53,83,0,0,0,0,0,0,0,0,0,0,0,0,0,0,0,0,0,0,0,0,0,0,75037
1,1,1,1,959,980,617,383,-14,97,0,52,85,0,0,0,0,0,0,0,0,0,0,0,0,0,0,0,0,0,0,0,0,0,0,75047
1,1,1,1,952,1007,601,387,-12,90,-3,53,85,0,0,0,0,0,0,0,0,0,0,0,0,0,0,0,0,0,0,0,0,0,0,75057
1,1,1,1,936,1030,571,399,7,81,0,52,84,0,0,0,0,0,0,0,0,0,0,0,0,0,0,0,0,0,0,0,0,0,0,75067
1,1,1,1,923,1059,543,452,0,72,1,51,83,0,0,0,0,0,0,0,0,0,0,0,0,0,0,0,0,0,0,0,0,0,0,75077
1,1,1,1,907,1098,525,568,-2,72,3,52,83,0,0,0,0,0,0,0,0,0,0,0,0,0,0,0,0,0,0,0,0,0,0,75087
1,1,1,1,926,1115,539,621,2,77,0,51,84,0,0,0,0,0,0,0,0,0,0,0,0,0,0,0,0,0,0,0,0,0,0,75097
1,1,1,1,926,1128,571,444,4,47,-3,51,81,0,0,0,0,0,0,0,0,0,0,0,0,0,0,0,0,0,0,0,0,0,0,75107
1,1,1,1,943,1140,578,172,-17,-11,-5,51,82,0,0,0,0,0,0,0,0,0,0,0,0,0,0,0,0,0,0,0,0,0,0,75117
1,1,1,1,991,1128,582,-52,-35,-54,-5,50,83,0,0,0,0,0,0,0,0,0,0,0,0,0,0,0,0,0,0,0,0,0,0,75127
1,1,1,1,1017,1104,562,-158,-43,-80,-6,51,81,0,0,0,0,0,0,0,0,0,0,0,0,0,0,0,0,0,0,0,0,0,0,75137
1,1,1,1,1025,1084,554,-164,-63,-97,-7,51,84,0,0,0,0,0,0,0,0,0,0,0,0,0,0,0,0,0,0,0,0,0,0,75147
1,1,1,1,1003,1058,568,-159,-63,-104,-7,50,86,0,0,0,0,0,0,0,0,0,0,0,0,0,0,0,0,0,0,0,0,0,0,75157
1,1,1,1,976,1054,583,-160,-54,-98,-4,51,85,0,0,0,0,0,0,0,0,0,0,0,0,0,0,0,0,0,0,0,0,0,0,75167
1,1,1,1,944,1046,592,-147,-61,-92,-6,51,84,0,0,0,0,0,0,0,0,0,0,0,0,0,0,0,0,0,0,0,0,0,0,75177
1,1,1,1,901,1058,609,-128,-64,-76,-7,51,86,0,0,0,0,0,0,0,0,0,0,0,0,0,0,0,0,0,0,0,0,0,0,75187
1,1,1,1,847,1074,636,-146,-59,-56,-10,51,88,0,0,0,0,0,0,0,0,0,0,0,0,0,0,0,0,0,0,0,0,0,0,75197
1,1,1,1,823,1071,640,-232,-63,-29,-10,49,88,0,0,0,0,0,0,0,0,0,0,0,0,0,0,0,0,0,0,0,0,0,0,75207
1,1,1,1,859,1049,630,-350,-88,5,-11,50,91,0,0,0,0,0,0,0,0,0,0,0,0,0,0,0,0,0,0,0,0,0,0,75217
1,1,1,1,890,1015,639,-406,-146,20,-12,51,90,0,0,0,0,0,0,0,0,0,0,0,0,0,0,0,0,0,0,0,0,0,0,75227
1,1,1,1,925,1011,646,-428,-234,54,-17,54,95,0,0,0,0,0,0,0,0,0,0,0,0,0,0,0,0,0,0,0,0,0,0,75237
1,1,1,1,1016,1036,617,-394,-273,124,-15,55,95,0,0,0,0,0,0,0,0,0,0,0,0,0,0,0,0,0,0,0,0,0,0,75247
1,1,1,1,1239,1021,564,-259,-238,167,-14,53,97,0,0,0,0,0,0,0,0,0,0,0,0,0,0,0,0,0,0,0,0,0,0,75257
1,1,1,1,1351,969,528,-148,-186,141,-14,51,96,0,0,0,0,0,0,0,0,0,0,0,0,0,0,0,0,0,0,0,0,0,0,75267
1,1,1,1,1437,996,517,-76,-128,117,-14,51,98,0,0,0,0,0,0,0,0,0,0,0,0,0,0,0,0,0,0,0,0,0,0,75277
1,1,1,1,1480,1000,519,-2,-61,75,-14,54,98,0,0,0,0,0,0,0,0,0,0,0,0,0,0,0,0,0,0,0,0,0,0,75287
1,1,1,1,1456,1003,574,-12,-24,46,-11,52,96,0,0,0,0,0,0,0,0,0,0,0,0,0,0,0,0,0,0,0,0,0,0,75297
1,1,1,1,1372,1023,598,-23,17,9,-10,51,94,0,0,0,0,0,0,0,0,0,0,0,0,0,0,0,0,0,0,0,0,0,0,75307
1,1,1,1,1188,1008,639,-56,47,-26,-7,51,93,0,0,0,0,0,0,0,0,0,0,0,0,0,0,0,0,0,0,0,0,0,0,75317
1,1,1,1,1086,1005,655,-98,79,-34,-8,51,95,0,0,0,0,0,0,0,0,0,0,0,0,0,0,0,0,0,0,0,0,0,0,75327
1,1,1,1,984,1028,645,-87,102,-17,-9,52,94,0,0,0,0,0,0,0,0,0,0,0,0,0,0,0,0,0,0,0,0,0,0,75337
1,1,1,1,925,1044,645,-31,100,19,-8,51,93,0,0,0,0,0,0,0,0,0,0,0,0,0,0,0,0,0,0,0,0,0,0,75347
1,1,1,1,977,1035,628,-29,107,43,-11,51,89,0,0,0,0,0,0,0,0,0,0,0,0,0,0,0,0,0,0,0,0,0,0,75357
1,1,1,1,1029,1044,606,-19,114,49,-9,51,92,0,0,0,0,0,0,0,0,0,0,0,0,0,0,0,0,0,0,0,0,0,0,75367
1,1,1,1,1091,1063,599,2,118,38,-9,51,92,0,0,0,0,0,0,0,0,0,0,0,0,0,0,0,0,0,0,0,0,0,0,75377
1,1,1,1,1139,1076,609,-25,131,14,-7,51,95,0,0,0,0,0,0,0,0,0,0,0,0,0,0,0,0,0,0,0,0,0,0,75387
1,1,1,1,1202,1076,580,-47,158,-13,-7,51,96,0,0,0,0,0,0,0,0,0,0,0,0,0,0,0,0,0,0,0,0,0,0,75397
1,1,1,1,1248,1035,576,-84,188,-51,-9,51,96,0,0,0,0,0,0,0,0,0,0,0,0,0,0,0,0,0,0,0,0,0,0,75407
1,1,1,1,1241,1019,596,-163,204,-87,-7,51,97,0,0,0,0,0,0,0,0,0,0,0,0,0,0,0,0,0,0,0,0,0,0,75417
1,1,1,1,1224,1042,591,-147,222,-100,-9,52,99,0,0,0,0,0,0,0,0,0,0,0,0,0,0,0,0,0,0,0,0,0,0,75427
1,1,1,1,1205,1030,602,-98,231,-104,-8,52,96,0,0,0,0,0,0,0,0,0,0,0,0,0,0,0,0,0,0,0,0,0,0,75437
1,1,1,1,1184,1026,608,-24,221,-114,-9,51,95,0,0,0,0,0,0,0,0,0,0,0,0,0,0,0,0,0,0,0,0,0,0,75447
1,1,1,1,1142,1031,640,50,219,-113,-7,51,95,0,0,0,0,0,0,0,0,0,0,0,0,0,0,0,0,0,0,0,0,0,0,75457
1,1,1,1,1110,1022,660,65,230,-89,-7,52,94,0,0,0,0,0,0,0,0,0,0,0,0,0,0,0,0,0,0,0,0,0,0,75467
1,1,1,1,1129,1033,640,111,242,-57,-3,51,89,0,0,0,0,0,0,0,0,0,0,0,0,0,0,0,0,0,0,0,0,0,0,75477
1,1,1,1,1132,1027,617,208,227,-26,-2,51,86,0,0,0,0,0,0,0,0,0,0,0,0,0,0,0,0,0,0,0,0,0,0,75487
1,1,1,1,1091,1038,630,323,191,0,-1,52,86,0,0,0,0,0,0,0,0,0,0,0,0,0,0,0,0,0,0,0,0,0,0,75497
1,1,1,1,972,1047,661,413,147,28,-1,52,85,0,0,0,0,0,0,0,0,0,0,0,0,0,0,0,0,0,0,0,0,0,0,75507
1,1,1,1,870,995,695,449,76,16,1,51,81,0,0,0,0,0,0,0,0,0,0,0,0,0,0,0,0,0,0,0,0,0,0,75517
1,1,1,1,722,988,706,424,18,-21,1,53,82,0,0,0,0,0,0,0,0,0,0,0,0,0,0,0,0,0,0,0,0,0,0,75527
1,1,1,1,589,993,680,339,-12,-45,-1,50,81,0,0,0,0,0,0,0,0,0,0,0,0,0,0,0,0,0,0,0,0,0,0,75537
1,1,1,1,554,1003,628,212,9,-45,-3,55,82,0,0,0,0,0,0,0,0,0,0,0,0,0,0,0,0,0,0,0,0,0,0,75547
1,1,1,1,513,1003,573,122,22,-27,-1,50,83,0,0,0,0,0,0,0,0,0,0,0,0,0,0,0,0,0,0,0,0,0,0,75557
1,1,1,1,552,977,541,61,38,-13,-6,52,86,0,0,0,0,0,0,0,0,0,0,0,0,0,0,0,0,0,0,0,0,0,0,75567
1,1,1,1,613,951,543,-13,29,-34,-6,52,85,0,0,0,0,0,0,0,0,0,0,0,0,0,0,0,0,0,0,0,0,0,0,75577
1,1,1,1,612,976,548,-12,4,-49,-7,54,88,0,0,0,0,0,0,0,0,0,0,0,0,0,0,0,0,0,0,0,0,0,0,75587
1,1,1,1,642,1005,572,8,-20,-51,-7,52,88,0,0,0,0,0,0,0,0,0,0,0,0,0,0,0,0,0,0,0,0,0,0,75597
1,1,1,1,700,1049,579,53,-48,-15,-3,51,88,0,0,0,0,0,0,0,0,0,0,0,0,0,0,0,0,0,0,0,0,0,0,75607
1,1,1,1,784,1082,569,90,-77,38,-3,51,90,0,0,0,0,0,0,0,0,0,0,0,0,0,0,0,0,0,0,0,0,0,0,75617
1,1,1,1,838,1097,564,184,-130,99,-3,52,91,0,0,0,0,0,0,0,0,0,0,0,0,0,0,0,0,0,0,0,0,0,0,75627
1,1,1,1,921,1091,567,269,-175,143,-5,52,90,0,0,0,0,0,0,0,0,0,0,0,0,0,0,0,0,0,0,0,0,0,0,75637
1,1,1,1,953,1084,581,364,-239,173,-5,53,89,0,0,0,0,0,0,0,0,0,0,0,0,0,0,0,0,0,0,0,0,0,0,75647
1,1,1,1,989,1095,586,477,-331,211,-3,51,88,0,0,0,0,0,0,0,0,0,0,0,0,0,0,0,0,0,0,0,0,0,0,75657
1,1,1,1,1142,1079,545,580,-366,239,-1,51,86,0,0,0,0,0,0,0,0,0,0,0,0,0,0,0,0,0,0,0,0,0,0,75667
1,1,1,1,1179,1071,493,685,-341,216,-2,51,86,0,0,0,0,0,0,0,0,0,0,0,0,0,0,0,0,0,0,0,0,0,0,75677
1,1,1,1,1224,1087,470,758,-289,140,0,50,85,0,0,0,0,0,0,0,0,0,0,0,0,0,0,0,0,0,0,0,0,0,0,75687
1,1,1,1,1277,1147,461,685,-250,113,-4,51,82,0,0,0,0,0,0,0,0,0,0,0,0,0,0,0,0,0,0,0,0,0,0,75697
1,1,1,1,1288,1181,473,499,-219,44,-4,50,85,0,0,0,0,0,0,0,0,0,0,0,0,0,0,0,0,0,0,0,0,0,0,75707
1,1,1,1,1311,1164,476,278,-206,-33,-3,50,84,0,0,0,0,0,0,0,0,0,0,0,0,0,0,0,0,0,0,0,0,0,0,75717
1,1,1,1,1261,1217,478,231,-221,-41,-5,50,84,0,0,0,0,0,0,0,0,0,0,0,0,0,0,0,0,0,0,0,0,0,0,75727
1,1,1,1,1313,1186,486,184,-213,-61,-6,50,84,0,0,0,0,0,0,0,0,0,0,0,0,0,0,0,0,0,0,0,0,0,0,75737
1,1,1,1,1332,1119,492,107,-162,-116,-2,50,86,0,0,0,0,0,0,0,0,0,0,0,0,0,0,0,0,0,0,0,0,0,0,75747
1,1,1,1,1246,1107,491,275,-142,-140,1,50,85,0,0,0,0,0,0,0,0,0,0,0,0,0,0,0,0,0,0,0,0,0,0,75757
1,1,1,1,1215,1063,476,596,-92,-132,2,51,84,0,0,0,0,0,0,0,0,0,0,0,0,0,0,0,0,0,0,0,0,0,0,75767
1,1,1,1,1133,1066,469,926,-50,-96,3,51,85,0,0,0,0,0,0,0,0,0,0,0,0,0,0,0,0,0,0,0,0,0,0,75777
1,1,1,1,1028,1082,469,1395,-13,-27,3,51,86,0,0,0,0,0,0,0,0,0,0,0,0,0,0,0,0,0,0,0,0,0,0,75787
1,1,1,1,995,1089,461,1628,19,25,1,50,85,0,0,0,0,0,0,0,0,0,0,0,0,0,0,0,0,0,0,0,0,0,0,75797
1,1,1,1,977,1168,429,1495,33,33,1,51,85,0,0,0,0,0,0,0,0,0,0,0,0,0,0,0,0,0,0,0,0,0,0,75807
1,1,1,1,935,1247,369,1297,-14,16,0,51,85,0,0,0,0,0,0,0,0,0,0,0,0,0,0,0,0,0,0,0,0,0,0,75817
1,1,1,1,950,1223,340,1185,-59,9,1,50,86,0,0,0,0,0,0,0,0,0,0,0,0,0,0,0,0,0,0,0,0,0,0,75827
1,1,1,1,981,1194,337,971,-70,-8,-3,51,83,0,0,0,0,0,0,0,0,0,0,0,0,0,0,0,0,0,0,0,0,0,0,75837
1,1,1,1,981,1160,352,749,-79,-34,-5,54,85,0,0,0,0,0,0,0,0,0,0,0,0,0,0,0,0,0,0,0,0,0,0,75847
1,1,1,1,983,1159,326,653,-65,-37,2,50,81,0,0,0,0,0,0,0,0,0,0,0,0,0,0,0,0,0,0,0,0,0,0,75857
1,1,1,1,1030,1173,293,997,-48,24,2,52,83,0,0,0,0,0,0,0,0,0,0,0,0,0,0,0,0,0,0,0,0,0,0,75867
1,1,1,1,1015,1098,269,1260,9,80,1,50,84,0,0,0,0,0,0,0,0,0,0,0,0,0,0,0,0,0,0,0,0,0,0,75877
1,1,1,1,1022,1105,281,1248,30,98,3,52,80,0,0,0,0,0,0,0,0,0,0,0,0,0,0,0,0,0,0,0,0,0,0,75887
1,1,1,1,1074,1146,208,1615,48,163,15,52,75,0,0,0,0,0,0,0,0,0,0,0,0,0,0,0,0,0,0,0,0,0,0,75897
1,1,1,1,1138,1150,112,3324,50,337,34,51,73,0,0,0,0,0,0,0,0,0,0,0,0,0,0,0,0,0,0,0,0,0,0,75907
1,1,1,1,1192,1108,29,5619,71,505,24,51,72,0,0,0,0,0,0,0,0,0,0,0,0,0,0,0,0,0,0,0,0,0,0,75917
1,1,1,1,1190,1197,5,5663,52,521,3,49,72,0,0,0,0,0,0,0,0,0,0,0,0,0,0,0,0,0,0,0,0,0,0,75927
1,1,1,1,1018,1237,-247,4398,77,536,6,51,72,0,0,0,0,0,0,0,0,0,0,0,0,0,0,0,0,0,0,0,0,0,0,75937
1,1,1,1,1166,1263,-121,3459,112,447,16,51,70,0,0,0,0,0,0,0,0,0,0,0,0,0,0,0,0,0,0,0,0,0,0,75947
1,1,1,1,1201,1135,-5,3750,90,514,18,51,70,0,0,0,0,0,0,0,0,0,0,0,0,0,0,0,0,0,0,0,0,0,0,75957
1,1,1,1,1204,1161,-184,4463,183,548,26,51,70,0,0,0,0,0,0,0,0,0,0,0,0,0,0,0,0,0,0,0,0,0,0,75967
1,1,1,1,1278,1332,-239,5342,256,464,10,51,66,0,0,0,0,0,0,0,0,0,0,0,0,0,0,0,0,0,0,0,0,0,0,75977
1,1,1,1,1203,1178,-535,4973,234,450,9,50,64,0,0,0,0,0,0,0,0,0,0,0,0,0,0,0,0,0,0,0,0,0,0,75987
1,1,1,1,1179,1345,-749,3921,230,360,10,48,61,0,0,0,0,0,0,0,0,0,0,0,0,0,0,0,0,0,0,0,0,0,0,75997
1,1,1,1,1185,1442,-602,3288,234,207,11,45,53,0,0,0,0,0,0,0,0,0,0,0,0,0,0,0,0,0,0,0,0,0,0,76007
1,1,1,1,1089,1365,-595,2856,219,151,15,42,49,0,0,0,0,0,0,0,0,0,0,0,0,0,0,0,0,0,0,0,0,0,0,76017
1,1,1,1,1075,1356,-614,2892,255,112,17,39,40,0,0,0,0,0,0,0,0,0,0,0,0,0,0,0,0,0,0,0,0,0,0,76027
1,1,1,1,1043,1293,-549,3154,262,190,21,37,37,0,0,0,0,0,0,0,0,0,0,0,0,0,0,0,0,0,0,0,0,0,0,76037
1,1,1,1,1053,1196,-599,3825,297,257,34,36,36,0,0,0,0,0,0,0,0,0,0,0,0,0,0,0,0,0,0,0,0,0,0,76047
1,1,1,1,1080,1022,-834,5386,487,401,28,36,38,0,0,0,0,0,0,0,0,0,0,0,0,0,0,0,0,0,0,0,0,0,0,76057
1,1,1,1,1148,995,-876,6346,622,414,21,35,36,0,0,0,0,0,0,0,0,0,0,0,0,0,0,0,0,0,0,0,0,0,0,76067
1,1,1,1,1252,1121,-1047,6119,592,305,19,34,30,0,0,0,0,0,0,0,0,0,0,0,0,0,0,0,0,0,0,0,0,0,0,76077
1,1,1,1,1289,1144,-1131,5636,476,238,16,32,30,0,0,0,0,0,0,0,0,0,0,0,0,0,0,0,0,0,0,0,0,0,0,76087
1,1,1,1,1238,1169,-1218,4907,274,176,15,29,27,0,0,0,0,0,0,0,0,0,0,0,0,0,0,0,0,0,0,0,0,0,0,76097
1,1,1,1,1216,1098,-1306,4358,146,57,19,27,21,0,0,0,0,0,0,0,0,0,0,0,0,0,0,0,0,0,0,0,0,0,0,76107
1,1,1,1,1222,1021,-1266,4190,65,12,21,26,17,0,0,0,0,0,0,0,0,0,0,0,0,0,0,0,0,0,0,0,0,0,0,76117
1,1,1,1,1259,1129,-1113,4545,-124,149,19,16,5,0,0,0,0,0,0,0,0,0,0,0,0,0,0,0,0,0,0,0,0,0,0,76127
1,1,1,1,1096,869,-1220,4553,-228,260,18,15,-4,0,0,0,0,0,0,0,0,0,0,0,0,0,0,0,0,0,0,0,0,0,0,76137
1,1,1,1,1194,687,-1696,4414,-76,86,20,15,-1,0,0,0,0,0,0,0,0,0,0,0,0,0,0,0,0,0,0,0,0,0,0,76147
1,1,1,1,1306,652,-1834,5462,102,44,39,10,-1,0,0,0,0,0,0,0,0,0,0,0,0,0,0,0,0,0,0,0,0,0,0,76157
1,1,1,1,1292,584,-1643,8131,284,142,50,7,-12,0,0,0,0,0,0,0,0,0,0,0,0,0,0,0,0,0,0,0,0,0,0,76167
1,1,1,1,1217,872,-1092,9581,373,285,-1,-6,-11,0,0,0,0,0,0,0,0,0,0,0,0,0,0,0,0,0,0,0,0,0,0,76177
1,1,1,1,1087,309,-2544,7105,698,356,-3,-14,-11,0,0,0,0,0,0,0,0,0,0,0,0,0,0,0,0,0,0,0,0,0,0,76187
1,1,1,1,1723,-195,-2623,5126,527,132,-4,-19,-17,0,0,0,0,0,0,0,0,0,0,0,0,0,0,0,0,0,0,0,0,0,0,76197
1,1,1,1,904,71,-1785,4295,316,76,4,-23,-26,0,0,0,0,0,0,0,0,0,0,0,0,0,0,0,0,0,0,0,0,0,0,76207
1,1,1,1,1062,310,-1953,4577,293,261,-7,-23,-17,0,0,0,0,0,0,0,0,0,0,0,0,0,0,0,0,0,0,0,0,0,0,76217
1,1,1,1,1308,-61,-2318,3922,262,232,-10,-24,-16,0,0,0,0,0,0,0,0,0,0,0,0,0,0,0,0,0,0,0,0,0,0,76227
1,1,1,1,1229,-349,-2337,2980,136,178,-15,-26,-20,0,0,0,0,0,0,0,0,0,0,0,0,0,0,0,0,0,0,0,0,0,0,76237
1,1,1,1,1168,-275,-2264,1985,-36,124,-18,-31,-19,0,0,0,0,0,0,0,0,0,0,0,0,0,0,0,0,0,0,0,0,0,0,76247
1,1,1,1,1201,-228,-2179,1609,-84,108,-15,-33,-21,0,0,0,0,0,0,0,0,0,0,0,0,0,0,0,0,0,0,0,0,0,0,76257
1,1,1,1,1201,-190,-2123,1907,19,121,0,-37,-32,0,0,0,0,0,0,0,0,0,0,0,0,0,0,0,0,0,0,0,0,0,0,76267
1,1,1,1,1043,-236,-2377,3205,298,108,-7,-32,-29,0,0,0,0,0,0,0,0,0,0,0,0,0,0,0,0,0,0,0,0,0,0,76277
1,1,1,1,1429,-498,-1831,3173,369,-14,-6,-32,-38,0,0,0,0,0,0,0,0,0,0,0,0,0,0,0,0,0,0,0,0,0,0,76287
1,1,1,1,1489,-213,-1631,2682,199,-46,-9,-34,-40,0,0,0,0,0,0,0,0,0,0,0,0,0,0,0,0,0,0,0,0,0,0,76297
1,1,1,1,1457,-18,-2039,2370,144,137,-15,-35,-37,0,0,0,0,0,0,0,0,0,0,0,0,0,0,0,0,0,0,0,0,0,0,76307
1,1,1,1,1401,-229,-2371,1862,119,295,-19,-31,-30,0,0,0,0,0,0,0,0,0,0,0,0,0,0,0,0,0,0,0,0,0,0,76317
1,1,1,1,1229,-607,-2335,1294,20,260,-16,-32,-32,0,0,0,0,0,0,0,0,0,0,0,0,0,0,0,0,0,0,0,0,0,0,76327
1,1,1,1,1218,-598,-2135,1034,-66,199,-15,-31,-29,0,0,0,0,0,0,0,0,0,0,0,0,0,0,0,0,0,0,0,0,0,0,76337
1,1,1,1,1350,-481,-1948,1146,-18,173,-9,-32,-30,0,0,0,0,0,0,0,0,0,0,0,0,0,0,0,0,0,0,0,0,0,0,76347
1,1,1,1,1373,-533,-1934,1523,80,203,-8,-31,-28,0,0,0,0,0,0,0,0,0,0,0,0,0,0,0,0,0,0,0,0,0,0,76357
1,1,1,1,1223,-514,-1904,1920,154,228,-6,-31,-27,0,0,0,0,0,0,0,0,0,0,0,0,0,0,0,0,0,0,0,0,0,0,76367
1,1,1,1,1163,-456,-1866,2384,207,295,-6,-30,-26,0,0,0,0,0,0,0,0,0,0,0,0,0,0,0,0,0,0,0,0,0,0,76377
1,1,1,1,1177,-466,-1881,2685,231,354,-14,-32,-17,0,0,0,0,0,0,0,0,0,0,0,0,0,0,0,0,0,0,0,0,0,0,76387
1,1,1,1,1255,-592,-2096,2662,187,340,-24,-32,-11,0,0,0,0,0,0,0,0,0,0,0,0,0,0,0,0,0,0,0,0,0,0,76397
1,1,1,1,1215,-677,-2383,1939,75,280,-32,-31,-11,0,0,0,0,0,0,0,0,0,0,0,0,0,0,0,0,0,0,0,0,0,0,76407
1,1,1,1,1274,-652,-2630,962,-1,296,-30,-28,-14,0,0,0,0,0,0,0,0,0,0,0,0,0,0,0,0,0,0,0,0,0,0,76417
1,1,1,1,1246,-843,-2405,202,-94,300,-29,-21,-11,0,0,0,0,0,0,0,0,0,0,0,0,0,0,0,0,0,0,0,0,0,0,76427
1,1,1,1,1268,-911,-2061,60,-196,287,-24,-24,-11,0,0,0,0,0,0,0,0,0,0,0,0,0,0,0,0,0,0,0,0,0,0,76437
1,1,1,1,1213,-867,-2114,129,-210,316,-20,-22,-13,0,0,0,0,0,0,0,0,0,0,0,0,0,0,0,0,0,0,0,0,0,0,76447
1,1,1,1,1223,-844,-2194,138,-225,366,-16,-20,-9,0,0,0,0,0,0,0,0,0,0,0,0,0,0,0,0,0,0,0,0,0,0,76457
1,1,1,1,1065,-597,-2048,1015,-87,428,-8,-16,-11,0,0,0,0,0,0,0,0,0,0,0,0,0,0,0,0,0,0,0,0,0,0,76467
1,1,1,1,1004,-692,-1986,1813,166,588,15,-13,-11,0,0,0,0,0,0,0,0,0,0,0,0,0,0,0,0,0,0,0,0,0,0,76477
1,1,1,1,1052,460,-1712,5183,610,604,46,-8,-11,0,0,0,0,0,0,0,0,0,0,0,0,0,0,0,0,0,0,0,0,0,0,76487
1,1,1,1,354,447,-1922,8035,1584,415,-7,8,-4,0,0,0,0,0,0,0,0,0,0,0,0,0,0,0,0,0,0,0,0,0,0,76497
1,1,1,1,1827,-2806,-1218,2974,271,186,-16,17,-1,0,0,0,0,0,0,0,0,0,0,0,0,0,0,0,0,0,0,0,0,0,0,76507
1,1,1,1,2820,-1821,-2496,-29,-583,86,21,8,5,0,0,0,0,0,0,0,0,0,0,0,0,0,0,0,0,0,0,0,0,0,0,76517
1,1,1,1,1319,-330,-2280,2150,-105,-48,17,5,6,0,0,0,0,0,0,0,0,0,0,0,0,0,0,0,0,0,0,0,0,0,0,76527
1,1,1,1,1371,-1065,-1463,3036,-542,-42,2,-1,-5,0,0,0,0,0,0,0,0,0,0,0,0,0,0,0,0,0,0,0,0,0,0,76537
1,1,1,1,925,-1197,-2094,2552,-472,-92,16,-5,-5,0,0,0,0,0,0,0,0,0,0,0,0,0,0,0,0,0,0,0,0,0,0,76547
1,1,1,1,1405,-1097,-2528,3334,-470,119,-13,0,5,0,0,0,0,0,0,0,0,0,0,0,0,0,0,0,0,0,0,0,0,0,0,76557
1,1,1,1,1054,-1803,-2074,2881,-661,281,-10,2,14,0,0,0,0,0,0,0,0,0,0,0,0,0,0,0,0,0,0,0,0,0,0,76567
1,1,1,1,865,-1896,-1735,2007,-497,421,-18,4,24,0,0,0,0,0,0,0,0,0,0,0,0,0,0,0,0,0,0,0,0,0,0,76577
1,1,1,1,1208,-1849,-1589,1643,-484,586,-19,5,27,0,0,0,0,0,0,0,0,0,0,0,0,0,0,0,0,0,0,0,0,0,0,76587
1,1,1,1,1164,-1826,-1594,995,-454,619,-22,4,27,0,0,0,0,0,0,0,0,0,0,0,0,0,0,0,0,0,0,0,0,0,0,76597
1,1,1,1,1033,-1798,-1632,410,-386,721,-25,4,26,0,0,0,0,0,0,0,0,0,0,0,0,0,0,0,0,0,0,0,0,0,0,76607
1,1,1,1,1122,-1723,-1614,-45,-256,812,-26,4,24,0,0,0,0,0,0,0,0,0,0,0,0,0,0,0,0,0,0,0,0,0,0,76617
1,1,1,1,1194,-1602,-1656,-492,-122,905,-30,4,18,0,0,0,0,0,0,0,0,0,0,0,0,0,0,0,0,0,0,0,0,0,0,76627
1,1,1,1,1144,-1594,-1703,-1243,-67,969,-27,5,17,0,0,0,0,0,0,0,0,0,0,0,0,0,0,0,0,0,0,0,0,0,0,76637
1,1,1,1,1191,-1501,-1626,-1922,-32,992,-25,5,20,0,0,0,0,0,0,0,0,0,0,0,0,0,0,0,0,0,0,0,0,0,0,76647
1,1,1,1,1333,-1170,-1502,-2097,46,769,-16,6,8,0,0,0,0,0,0,0,0,0,0,0,0,0,0,0,0,0,0,0,0,0,0,76657
1,1,1,1,1419,-933,-1520,-1609,-4,536,-11,4,8,0,0,0,0,0,0,0,0,0,0,0,0,0,0,0,0,0,0,0,0,0,0,76667
1,1,1,1,1299,-960,-1591,-832,27,439,-7,2,7,0,0,0,0,0,0,0,0,0,0,0,0,0,0,0,0,0,0,0,0,0,0,76677
1,1,1,1,1321,-963,-1659,-430,156,362,-6,2,7,0,0,0,0,0,0,0,0,0,0,0,0,0,0,0,0,0,0,0,0,0,0,76687
1,1,1,1,1280,-943,-1699,-33,197,261,-10,2,7,0,0,0,0,0,0,0,0,0,0,0,0,0,0,0,0,0,0,0,0,0,0,76697
1,1,1,1,1118,-964,-1795,75,165,121,-11,3,11,0,0,0,0,0,0,0,0,0,0,0,0,0,0,0,0,0,0,0,0,0,0,76707
1,1,1,1,1004,-1036,-1909,38,137,3,-13,3,10,0,0,0,0,0,0,0,0,0,0,0,0,0,0,0,0,0,0,0,0,0,0,76717
1,1,1,1,1006,-1140,-2014,28,115,-88,-13,5,16,0,0,0,0,0,0,0,0,0,0,0,0,0,0,0,0,0,0,0,0,0,0,76727
1,1,1,1,1043,-1301,-2109,-166,46,-147,-11,6,11,0,0,0,0,0,0,0,0,0,0,0,0,0,0,0,0,0,0,0,0,0,0,76737
1,1,1,1,1219,-1478,-2037,220,-47,-203,2,2,6,0,0,0,0,0,0,0,0,0,0,0,0,0,0,0,0,0,0,0,0,0,0,76747
1,1,1,1,896,-1350,-1799,1060,-77,-66,0,3,7,0,0,0,0,0,0,0,0,0,0,0,0,0,0,0,0,0,0,0,0,0,0,76757
1,1,1,1,611,-1110,-1861,1475,3,-47,-3,7,9,0,0,0,0,0,0,0,0,0,0,0,0,0,0,0,0,0,0,0,0,0,0,76767
1,1,1,1,1070,-1242,-1678,1538,-82,-181,-6,7,17,0,0,0,0,0,0,0,0,0,0,0,0,0,0,0,0,0,0,0,0,0,0,76777
1,1,1,1,1332,-1293,-1796,1034,-252,-464,-12,5,20,0,0,0,0,0,0,0,0,0,0,0,0,0,0,0,0,0,0,0,0,0,0,76787
1,1,1,1,1217,-1230,-1991,415,-397,-626,-16,4,17,0,0,0,0,0,0,0,0,0,0,0,0,0,0,0,0,0,0,0,0,0,0,76797
1,1,1,1,1094,-1271,-2136,-3,-425,-640,-15,5,24,0,0,0,0,0,0,0,0,0,0,0,0,0,0,0,0,0,0,0,0,0,0,76807
1,1,1,1,1097,-1399,-2108,-252,-408,-596,-15,5,22,0,0,0,0,0,0,0,0,0,0,0,0,0,0,0,0,0,0,0,0,0,0,76817
1,1,1,1,1088,-1510,-2010,-381,-406,-564,-14,6,19,0,0,0,0,0,0,0,0,0,0,0,0,0,0,0,0,0,0,0,0,0,0,76827
1,1,1,1,1139,-1520,-1896,-502,-440,-546,-17,6,20,0,0,0,0,0,0,0,0,0,0,0,0,0,0,0,0,0,0,0,0,0,0,76837
1,1,1,1,1243,-1399,-1739,-660,-518,-628,-10,5,22,0,0,0,0,0,0,0,0,0,0,0,0,0,0,0,0,0,0,0,0,0,0,76847
1,1,1,1,1216,-1090,-1661,-357,-519,-816,-8,4,22,0,0,0,0,0,0,0,0,0,0,0,0,0,0,0,0,0,0,0,0,0,0,76857
1,1,1,1,1277,-904,-1597,292,-476,-903,-10,4,25,0,0,0,0,0,0,0,0,0,0,0,0,0,0,0,0,0,0,0,0,0,0,76867
1,1,1,1,1452,-1073,-1728,715,-407,-877,-18,5,31,0,0,0,0,0,0,0,0,0,0,0,0,0,0,0,0,0,0,0,0,0,0,76877
1,1,1,1,1490,-1380,-1991,584,-353,-809,-21,6,34,0,0,0,0,0,0,0,0,0,0,0,0,0,0,0,0,0,0,0,0,0,0,76887
1,1,1,1,1462,-1507,-2053,166,-306,-728,-23,8,38,0,0,0,0,0,0,0,0,0,0,0,0,0,0,0,0,0,0,0,0,0,0,76897
1,1,1,1,1371,-1541,-1956,-134,-312,-639,-22,9,43,0,0,0,0,0,0,0,0,0,0,0,0,0,0,0,0,0,0,0,0,0,0,76907
1,1,1,1,1373,-1553,-1909,-292,-337,-593,-26,11,47,0,0,0,0,0,0,0,0,0,0,0,0,0,0,0,0,0,0,0,0,0,0,76917
1,1,1,1,1335,-1513,-1909,-480,-391,-563,-24,12,51,0,0,0,0,0,0,0,0,0,0,0,0,0,0,0,0,0,0,0,0,0,0,76927
1,1,1,1,1313,-1326,-1776,-360,-411,-547,-21,12,57,0,0,0,0,0,0,0,0,0,0,0,0,0,0,0,0,0,0,0,0,0,0,76937
1,1,1,1,1396,-1170,-1658,123,-401,-561,-24,12,65,0,0,0,0,0,0,0,0,0,0,0,0,0,0,0,0,0,0,0,0,0,0,76947
1,1,1,1,1504,-1266,-1685,476,-378,-521,-30,13,68,0,0,0,0,0,0,0,0,0,0,0,0,0,0,0,0,0,0,0,0,0,0,76957
1,1,1,1,1488,-1381,-1844,426,-383,-410,-35,12,77,0,0,0,0,0,0,0,0,0,0,0,0,0,0,0,0,0,0,0,0,0,0,76967
1,1,1,1,1414,-1449,-1968,173,-370,-264,-43,13,78,0,0,0,0,0,0,0,0,0,0,0,0,0,0,0,0,0,0,0,0,0,0,76977
1,1,1,1,1280,-1456,-2050,-121,-353,-119,-45,13,84,0,0,0,0,0,0,0,0,0,0,0,0,0,0,0,0,0,0,0,0,0,0,76987
1,1,1,1,1059,-1443,-2165,-333,-310,-17,-48,14,89,0,0,0,0,0,0,0,0,0,0,0,0,0,0,0,0,0,0,0,0,0,0,76997
1,1,1,1,960,-1464,-2124,-596,-265,58,-47,14,91,0,0,0,0,0,0,0,0,0,0,0,0,0,0,0,0,0,0,0,0,0,0,77007
1,1,1,1,1021,-1373,-1943,-650,-257,-23,-45,13,96,0,0,0,0,0,0,0,0,0,0,0,0,0,0,0,0,0,0,0,0,0,0,77017
1,1,1,1,1137,-1161,-1747,-424,-369,-174,-46,13,95,0,0,0,0,0,0,0,0,0,0,0,0,0,0,0,0,0,0,0,0,0,0,77027
1,1,1,1,1023,-935,-1926,-126,-339,-172,-50,18,102,0,0,0,0,0,0,0,0,0,0,0,0,0,0,0,0,0,0,0,0,0,0,77037
1,1,1,1,951,-913,-2088,207,-142,-106,-48,18,105,0,0,0,0,0,0,0,0,0,0,0,0,0,0,0,0,0,0,0,0,0,0,77047
1,1,1,1,911,-979,-1981,421,-76,-70,-35,22,104,0,0,0,0,0,0,0,0,0,0,0,0,0,0,0,0,0,0,0,0,0,0,77057
1,1,1,1,975,-1165,-2014,565,-14,-132,-34,22,107,0,0,0,0,0,0,0,0,0,0,0,0,0,0,0,0,0,0,0,0,0,0,77067
1,1,1,1,936,-1198,-2052,463,30,-135,-35,24,104,0,0,0,0,0,0,0,0,0,0,0,0,0,0,0,0,0,0,0,0,0,0,77077
1,1,1,1,921,-1251,-2015,334,66,-118,-35,26,107,0,0,0,0,0,0,0,0,0,0,0,0,0,0,0,0,0,0,0,0,0,0,77087
1,1,1,1,887,-1278,-1945,216,86,-101,-34,25,108,0,0,0,0,0,0,0,0,0,0,0,0,0,0,0,0,0,0,0,0,0,0,77097
1,1,1,1,853,-1296,-1872,156,59,-143,-29,27,109,0,0,0,0,0,0,0,0,0,0,0,0,0,0,0,0,0,0,0,0,0,0,77107
1,1,1,1,737,-1212,-1819,297,63,-196,-26,26,107,0,0,0,0,0,0,0,0,0,0,0,0,0,0,0,0,0,0,0,0,0,0,77117
1,1,1,1,576,-1182,-1863,454,90,-203,-26,25,112,0,0,0,0,0,0,0,0,0,0,0,0,0,0,0,0,0,0,0,0,0,0,77127
1,1,1,1,568,-1314,-1913,490,119,-247,-29,28,111,0,0,0,0,0,0,0,0,0,0,0,0,0,0,0,0,0,0,0,0,0,0,77137
1,1,1,1,634,-1427,-1884,458,114,-288,-31,28,115,0,0,0,0,0,0,0,0,0,0,0,0,0,0,0,0,0,0,0,0,0,0,77147
1,1,1,1,607,-1453,-1898,435,93,-289,-33,31,117,0,0,0,0,0,0,0,0,0,0,0,0,0,0,0,0,0,0,0,0,0,0,77157
1,1,1,1,652,-1472,-1918,387,110,-244,-35,33,117,0,0,0,0,0,0,0,0,0,0,0,0,0,0,0,0,0,0,0,0,0,0,77167
1,1,1,1,726,-1512,-1926,279,145,-152,-34,34,117,0,0,0,0,0,0,0,0,0,0,0,0,0,0,0,0,0,0,0,0,0,0,77177
1,1,1,1,789,-1538,-1942,102,179,-37,-31,35,112,0,0,0,0,0,0,0,0,0,0,0,0,0,0,0,0,0,0,0,0,0,0,77187
1,1,1,1,795,-1480,-1933,-58,160,95,-31,34,104,0,0,0,0,0,0,0,0,0,0,0,0,0,0,0,0,0,0,0,0,0,0,77197
1,1,1,1,739,-1360,-1985,-127,164,233,-27,33,100,0,0,0,0,0,0,0,0,0,0,0,0,0,0,0,0,0,0,0,0,0,0,77207
1,1,1,1,723,-1220,-2036,-132,220,387,-27,32,92,0,0,0,0,0,0,0,0,0,0,0,0,0,0,0,0,0,0,0,0,0,0,77217
1,1,1,1,818,-1089,-2068,-58,352,539,-22,30,88,0,0,0,0,0,0,0,0,0,0,0,0,0,0,0,0,0,0,0,0,0,0,77227
1,1,1,1,1102,-1207,-1922,138,411,427,-21,29,81,0,0,0,0,0,0,0,0,0,0,0,0,0,0,0,0,0,0,0,0,0,0,77237
1,1,1,1,1411,-1292,-1784,167,354,274,-20,27,87,0,0,0,0,0,0,0,0,0,0,0,0,0,0,0,0,0,0,0,0,0,0,77247
1,1,1,1,1559,-1351,-1955,123,543,144,-22,34,83,0,0,0,0,0,0,0,0,0,0,0,0,0,0,0,0,0,0,0,0,0,0,77257
1,1,1,1,1699,-1227,-1817,54,477,235,-19,34,81,0,0,0,0,0,0,0,0,0,0,0,0,0,0,0,0,0,0,0,0,0,0,77267
1,1,1,1,1877,-1219,-1640,-50,263,329,-19,35,81,0,0,0,0,0,0,0,0,0,0,0,0,0,0,0,0,0,0,0,0,0,0,77277
1,1,1,1,2049,-1354,-1720,-92,163,237,-18,34,86,0,0,0,0,0,0,0,0,0,0,0,0,0,0,0,0,0,0,0,0,0,0,77287
1,1,1,1,2117,-1429,-1769,-92,67,-63,-20,33,83,0,0,0,0,0,0,0,0,0,0,0,0,0,0,0,0,0,0,0,0,0,0,77297
1,1,1,1,1912,-1265,-1901,-147,1,-150,-18,33,88,0,0,0,0,0,0,0,0,0,0,0,0,0,0,0,0,0,0,0,0,0,0,77307
1,1,1,1,1553,-1198,-2005,-103,2,-168,-19,33,94,0,0,0,0,0,0,0,0,0,0,0,0,0,0,0,0,0,0,0,0,0,0,77317
1,1,1,1,1380,-1217,-1919,54,-74,-293,-20,36,93,0,0,0,0,0,0,0,0,0,0,0,0,0,0,0,0,0,0,0,0,0,0,77327
1,1,1,1,1209,-1170,-1965,123,-81,-322,-17,31,88,0,0,0,0,0,0,0,0,0,0,0,0,0,0,0,0,0,0,0,0,0,0,77337
1,1,1,1,1152,-1159,-1948,181,-59,-279,-20,33,91,0,0,0,0,0,0,0,0,0,0,0,0,0,0,0,0,0,0,0,0,0,0,77347
1,1,1,1,1307,-1268,-1878,156,-46,-255,-22,36,91,0,0,0,0,0,0,0,0,0,0,0,0,0,0,0,0,0,0,0,0,0,0,77357
1,1,1,1,1460,-1365,-1836,73,-50,-259,-20,36,92,0,0,0,0,0,0,0,0,0,0,0,0,0,0,0,0,0,0,0,0,0,0,77367
1,1,1,1,1597,-1393,-1771,70,-95,-298,-20,37,96,0,0,0,0,0,0,0,0,0,0,0,0,0,0,0,0,0,0,0,0,0,0,77377
1,1,1,1,1703,-1395,-1755,110,-160,-350,-21,37,97,0,0,0,0,0,0,0,0,0,0,0,0,0,0,0,0,0,0,0,0,0,0,77387
1,1,1,1,1703,-1419,-1764,107,-263,-390,-19,34,97,0,0,0,0,0,0,0,0,0,0,0,0,0,0,0,0,0,0,0,0,0,0,77397
1,1,1,1,1655,-1395,-1794,49,-357,-356,-20,35,100,0,0,0,0,0,0,0,0,0,0,0,0,0,0,0,0,0,0,0,0,0,0,77407
1,1,1,1,1536,-1283,-1825,23,-418,-233,-24,35,101,0,0,0,0,0,0,0,0,0,0,0,0,0,0,0,0,0,0,0,0,0,0,77417
1,1,1,1,1272,-1205,-1917,28,-368,-75,-24,37,110,0,0,0,0,0,0,0,0,0,0,0,0,0,0,0,0,0,0,0,0,0,0,77427
1,1,1,1,951,-1173,-2183,35,-167,26,-25,38,114,0,0,0,0,0,0,0,0,0,0,0,0,0,0,0,0,0,0,0,0,0,0,77437
1,1,1,1,657,-1245,-2098,112,-25,82,-24,39,116,0,0,0,0,0,0,0,0,0,0,0,0,0,0,0,0,0,0,0,0,0,0,77447
1,1,1,1,643,-1401,-1955,171,-28,-43,-27,39,114,0,0,0,0,0,0,0,0,0,0,0,0,0,0,0,0,0,0,0,0,0,0,77457
1,1,1,1,647,-1381,-1870,166,-36,-140,-27,39,112,0,0,0,0,0,0,0,0,0,0,0,0,0,0,0,0,0,0,0,0,0,0,77467
1,1,1,1,677,-1317,-1854,130,-52,-137,-23,38,110,0,0,0,0,0,0,0,0,0,0,0,0,0,0,0,0,0,0,0,0,0,0,77477
1,1,1,1,600,-1256,-1890,124,-36,-56,-22,38,108,0,0,0,0,0,0,0,0,0,0,0,0,0,0,0,0,0,0,0,0,0,0,77487
1,1,1,1,668,-1290,-1832,196,-17,-44,-21,38,104,0,0,0,0,0,0,0,0,0,0,0,0,0,0,0,0,0,0,0,0,0,0,77497
1,1,1,1,771,-1319,-1817,261,16,-42,-19,37,101,0,0,0,0,0,0,0,0,0,0,0,0,0,0,0,0,0,0,0,0,0,0,77507
1,1,1,1,956,-1357,-1801,247,61,-71,-19,36,99,0,0,0,0,0,0,0,0,0,0,0,0,0,0,0,0,0,0,0,0,0,0,77517
1,1,1,1,984,-1342,-1810,259,110,-78,-18,36,97,0,0,0,0,0,0,0,0,0,0,0,0,0,0,0,0,0,0,0,0,0,0,77527
1,1,1,1,1000,-1317,-1841,266,153,-80,-18,36,97,0,0,0,0,0,0,0,0,0,0,0,0,0,0,0,0,0,0,0,0,0,0,77537
1,1,1,1,975,-1299,-1820,358,207,-90,-17,36,94,0,0,0,0,0,0,0,0,0,0,0,0,0,0,0,0,0,0,0,0,0,0,77547
1,1,1,1,951,-1313,-1819,452,244,-89,-19,35,93,0,0,0,0,0,0,0,0,0,0,0,0,0,0,0,0,0,0,0,0,0,0,77557
1,1,1,1,994,-1424,-1760,403,239,-66,-19,35,91,0,0,0,0,0,0,0,0,0,0,0,0,0,0,0,0,0,0,0,0,0,0,77567
1,1,1,1,1010,-1532,-1809,238,205,-41,-22,35,90,0,0,0,0,0,0,0,0,0,0,0,0,0,0,0,0,0,0,0,0,0,0,77577
1,1,1,1,973,-1522,-1838,128,203,-7,-21,35,87,0,0,0,0,0,0,0,0,0,0,0,0,0,0,0,0,0,0,0,0,0,0,77587
1,1,1,1,959,-1482,-1853,38,215,63,-18,32,84,0,0,0,0,0,0,0,0,0,0,0,0,0,0,0,0,0,0,0,0,0,0,77597
1,1,1,1,928,-1431,-1869,-16,238,161,-19,33,79,0,0,0,0,0,0,0,0,0,0,0,0,0,0,0,0,0,0,0,0,0,0,77607
1,1,1,1,924,-1386,-1906,-37,276,281,-19,33,79,0,0,0,0,0,0,0,0,0,0,0,0,0,0,0,0,0,0,0,0,0,0,77617
1,1,1,1,965,-1306,-1950,-84,356,438,-16,33,76,0,0,0,0,0,0,0,0,0,0,0,0,0,0,0,0,0,0,0,0,0,0,77627
1,1,1,1,1085,-1263,-1904,-47,405,542,-18,36,75,0,0,0,0,0,0,0,0,0,0,0,0,0,0,0,0,0,0,0,0,0,0,77637
1,1,1,1,1240,-1361,-1877,45,407,442,-13,34,77,0,0,0,0,0,0,0,0,0,0,0,0,0,0,0,0,0,0,0,0,0,0,77647
1,1,1,1,1332,-1437,-1838,83,396,266,-14,34,60,0,0,0,0,0,0,0,0,0,0,0,0,0,0,0,0,0,0,0,0,0,0,77657
1,1,1,1,1396,-1270,-1724,-51,243,392,-12,38,67,0,0,0,0,0,0,0,0,0,0,0,0,0,0,0,0,0,0,0,0,0,0,77667
1,1,1,1,1650,-1322,-1716,74,248,274,-7,33,66,0,0,0,0,0,0,0,0,0,0,0,0,0,0,0,0,0,0,0,0,0,0,77677
1,1,1,1,1794,-1366,-1689,248,211,45,-9,34,66,0,0,0,0,0,0,0,0,0,0,0,0,0,0,0,0,0,0,0,0,0,0,77687
1,1,1,1,1836,-1310,-1783,242,171,-8,-9,33,65,0,0,0,0,0,0,0,0,0,0,0,0,0,0,0,0,0,0,0,0,0,0,77697
1,1,1,1,1838,-1297,-1829,180,102,7,-10,34,65,0,0,0,0,0,0,0,0,0,0,0,0,0,0,0,0,0,0,0,0,0,0,77707
1,1,1,1,1839,-1341,-1847,133,64,-56,-9,34,69,0,0,0,0,0,0,0,0,0,0,0,0,0,0,0,0,0,0,0,0,0,0,77717
1,1,1,1,1645,-1360,-1863,144,29,-127,-9,33,72,0,0,0,0,0,0,0,0,0,0,0,0,0,0,0,0,0,0,0,0,0,0,77727
1,1,1,1,1564,-1348,-1809,193,19,-182,-10,33,77,0,0,0,0,0,0,0,0,0,0,0,0,0,0,0,0,0,0,0,0,0,0,77737
1,1,1,1,1573,-1366,-1752,196,-18,-226,-10,34,79,0,0,0,0,0,0,0,0,0,0,0,0,0,0,0,0,0,0,0,0,0,0,77747
1,1,1,1,1660,-1376,-1673,203,-71,-246,-13,34,82,0,0,0,0,0,0,0,0,0,0,0,0,0,0,0,0,0,0,0,0,0,0,77757
1,1,1,1,1766,-1454,-1665,164,-106,-278,-14,33,88,0,0,0,0,0,0,0,0,0,0,0,0,0,0,0,0,0,0,0,0,0,0,77767
1,1,1,1,1822,-1527,-1699,93,-153,-355,-17,36,92,0,0,0,0,0,0,0,0,0,0,0,0,0,0,0,0,0,0,0,0,0,0,77777
1,1,1,1,1710,-1525,-1754,-72,-268,-361,-19,35,92,0,0,0,0,0,0,0,0,0,0,0,0,0,0,0,0,0,0,0,0,0,0,77787
1,1,1,1,1604,-1428,-1758,-220,-396,-279,-19,35,91,0,0,0,0,0,0,0,0,0,0,0,0,0,0,0,0,0,0,0,0,0,0,77797
1,1,1,1,1414,-1261,-1774,-274,-502,-103,-19,34,94,0,0,0,0,0,0,0,0,0,0,0,0,0,0,0,0,0,0,0,0,0,0,77807
1,1,1,1,1175,-1220,-1941,-182,-429,16,-20,35,102,0,0,0,0,0,0,0,0,0,0,0,0,0,0,0,0,0,0,0,0,0,0,77817
1,1,1,1,1106,-1285,-1916,-66,-312,-47,-23,37,110,0,0,0,0,0,0,0,0,0,0,0,0,0,0,0,0,0,0,0,0,0,0,77827
1,1,1,1,903,-1252,-1958,39,-189,-107,-26,39,116,0,0,0,0,0,0,0,0,0,0,0,0,0,0,0,0,0,0,0,0,0,0,77837
1,1,1,1,752,-1257,-1959,228,-66,-189,-27,41,117,0,0,0,0,0,0,0,0,0,0,0,0,0,0,0,0,0,0,0,0,0,0,77847
1,1,1,1,745,-1260,-1840,311,-65,-183,-27,40,117,0,0,0,0,0,0,0,0,0,0,0,0,0,0,0,0,0,0,0,0,0,0,77857
1,1,1,1,698,-1348,-1870,311,-23,-182,-29,41,118,0,0,0,0,0,0,0,0,0,0,0,0,0,0,0,0,0,0,0,0,0,0,77867
1,1,1,1,615,-1359,-1871,200,-9,-90,-27,41,117,0,0,0,0,0,0,0,0,0,0,0,0,0,0,0,0,0,0,0,0,0,0,77877
1,1,1,1,577,-1410,-1867,86,4,-28,-25,42,113,0,0,0,0,0,0,0,0,0,0,0,0,0,0,0,0,0,0,0,0,0,0,77887
1,1,1,1,575,-1455,-1851,35,13,-45,-24,40,110,0,0,0,0,0,0,0,0,0,0,0,0,0,0,0,0,0,0,0,0,0,0,77897
1,1,1,1,699,-1423,-1775,-6,9,-72,-23,40,108,0,0,0,0,0,0,0,0,0,0,0,0,0,0,0,0,0,0,0,0,0,0,77907
1,1,1,1,789,-1384,-1774,75,53,-159,-23,40,106,0,0,0,0,0,0,0,0,0,0,0,0,0,0,0,0,0,0,0,0,0,0,77917
1,1,1,1,804,-1336,-1804,197,92,-193,-22,38,104,0,0,0,0,0,0,0,0,0,0,0,0,0,0,0,0,0,0,0,0,0,0,77927
1,1,1,1,861,-1340,-1782,294,147,-187,-21,40,105,0,0,0,0,0,0,0,0,0,0,0,0,0,0,0,0,0,0,0,0,0,0,77937
1,1,1,1,920,-1376,-1737,362,195,-156,-19,36,100,0,0,0,0,0,0,0,0,0,0,0,0,0,0,0,0,0,0,0,0,0,0,77947
1,1,1,1,966,-1422,-1725,314,195,-89,-24,43,100,0,0,0,0,0,0,0,0,0,0,0,0,0,0,0,0,0,0,0,0,0,0,77957
1,1,1,1,960,-1462,-1731,247,194,-20,-23,41,96,0,0,0,0,0,0,0,0,0,0,0,0,0,0,0,0,0,0,0,0,0,0,77967
1,1,1,1,907,-1448,-1779,154,190,81,-23,40,87,0,0,0,0,0,0,0,0,0,0,0,0,0,0,0,0,0,0,0,0,0,0,77977
1,1,1,1,918,-1374,-1832,18,256,271,-19,34,83,0,0,0,0,0,0,0,0,0,0,0,0,0,0,0,0,0,0,0,0,0,0,77987
1,1,1,1,987,-1324,-1914,-57,461,472,-18,35,76,0,0,0,0,0,0,0,0,0,0,0,0,0,0,0,0,0,0,0,0,0,0,77997
1,1,1,1,1188,-1312,-1780,-75,520,636,-14,35,78,0,0,0,0,0,0,0,0,0,0,0,0,0,0,0,0,0,0,0,0,0,0,78007
1,1,1,1,1513,-1531,-1638,36,486,448,-13,37,80,0,0,0,0,0,0,0,0,0,0,0,0,0,0,0,0,0,0,0,0,0,0,78017
1,1,1,1,1707,-1601,-1606,80,388,218,-13,38,71,0,0,0,0,0,0,0,0,0,0,0,0,0,0,0,0,0,0,0,0,0,0,78027
1,1,1,1,1846,-1417,-1516,-60,167,304,-9,33,77,0,0,0,0,0,0,0,0,0,0,0,0,0,0,0,0,0,0,0,0,0,0,78037
1,1,1,1,2060,-1561,-1742,-92,214,164,-13,36,72,0,0,0,0,0,0,0,0,0,0,0,0,0,0,0,0,0,0,0,0,0,0,78047
1,1,1,1,1962,-1471,-1733,-144,157,80,-14,35,76,0,0,0,0,0,0,0,0,0,0,0,0,0,0,0,0,0,0,0,0,0,0,78057
1,1,1,1,1960,-1463,-1861,-287,97,48,-15,34,76,0,0,0,0,0,0,0,0,0,0,0,0,0,0,0,0,0,0,0,0,0,0,78067
1,1,1,1,1692,-1376,-1867,-329,68,22,-15,35,78,0,0,0,0,0,0,0,0,0,0,0,0,0,0,0,0,0,0,0,0,0,0,78077
1,1,1,1,1561,-1354,-1866,-227,24,-56,-14,35,79,0,0,0,0,0,0,0,0,0,0,0,0,0,0,0,0,0,0,0,0,0,0,78087
1,1,1,1,1461,-1295,-1856,-165,-24,-104,-14,36,81,0,0,0,0,0,0,0,0,0,0,0,0,0,0,0,0,0,0,0,0,0,0,78097
1,1,1,1,1462,-1250,-1778,-25,-53,-132,-12,36,84,0,0,0,0,0,0,0,0,0,0,0,0,0,0,0,0,0,0,0,0,0,0,78107
1,1,1,1,1578,-1261,-1731,132,-75,-187,-12,36,85,0,0,0,0,0,0,0,0,0,0,0,0,0,0,0,0,0,0,0,0,0,0,78117
1,1,1,1,1631,-1318,-1694,191,-116,-241,-12,37,85,0,0,0,0,0,0,0,0,0,0,0,0,0,0,0,0,0,0,0,0,0,0,78127
1,1,1,1,1641,-1367,-1699,196,-170,-261,-15,38,90,0,0,0,0,0,0,0,0,0,0,0,0,0,0,0,0,0,0,0,0,0,0,78137
1,1,1,1,1666,-1404,-1695,128,-259,-272,-17,38,92,0,0,0,0,0,0,0,0,0,0,0,0,0,0,0,0,0,0,0,0,0,0,78147
1,1,1,1,1592,-1384,-1696,44,-371,-234,-19,38,93,0,0,0,0,0,0,0,0,0,0,0,0,0,0,0,0,0,0,0,0,0,0,78157
1,1,1,1,1446,-1328,-1775,-37,-444,-122,-20,36,91,0,0,0,0,0,0,0,0,0,0,0,0,0,0,0,0,0,0,0,0,0,0,78167
1,1,1,1,1288,-1275,-1854,-94,-426,17,-19,36,92,0,0,0,0,0,0,0,0,0,0,0,0,0,0,0,0,0,0,0,0,0,0,78177
1,1,1,1,1099,-1270,-1868,-23,-354,76,-19,36,96,0,0,0,0,0,0,0,0,0,0,0,0,0,0,0,0,0,0,0,0,0,0,78187
1,1,1,1,954,-1302,-1919,102,-221,25,-17,38,103,0,0,0,0,0,0,0,0,0,0,0,0,0,0,0,0,0,0,0,0,0,0,78197
1,1,1,1,840,-1345,-1878,273,-91,-47,-18,39,103,0,0,0,0,0,0,0,0,0,0,0,0,0,0,0,0,0,0,0,0,0,0,78207
1,1,1,1,851,-1394,-1741,344,-140,-107,-22,40,107,0,0,0,0,0,0,0,0,0,0,0,0,0,0,0,0,0,0,0,0,0,0,78217
1,1,1,1,864,-1444,-1842,300,-67,-113,-21,40,107,0,0,0,0,0,0,0,0,0,0,0,0,0,0,0,0,0,0,0,0,0,0,78227
1,1,1,1,832,-1452,-1801,193,-46,-116,-23,42,106,0,0,0,0,0,0,0,0,0,0,0,0,0,0,0,0,0,0,0,0,0,0,78237
1,1,1,1,774,-1384,-1780,150,-27,-45,-22,40,103,0,0,0,0,0,0,0,0,0,0,0,0,0,0,0,0,0,0,0,0,0,0,78247
1,1,1,1,794,-1415,-1789,106,12,10,-20,40,102,0,0,0,0,0,0,0,0,0,0,0,0,0,0,0,0,0,0,0,0,0,0,78257
1,1,1,1,888,-1473,-1689,115,38,-25,-17,39,100,0,0,0,0,0,0,0,0,0,0,0,0,0,0,0,0,0,0,0,0,0,0,78267
1,1,1,1,944,-1458,-1709,68,52,-40,-21,44,99,0,0,0,0,0,0,0,0,0,0,0,0,0,0,0,0,0,0,0,0,0,0,78277
1,1,1,1,964,-1446,-1716,96,93,-71,-18,39,98,0,0,0,0,0,0,0,0,0,0,0,0,0,0,0,0,0,0,0,0,0,0,78287
1,1,1,1,1006,-1406,-1726,160,142,-92,-21,42,102,0,0,0,0,0,0,0,0,0,0,0,0,0,0,0,0,0,0,0,0,0,0,78297
1,1,1,1,1032,-1405,-1768,193,185,-103,-22,41,99,0,0,0,0,0,0,0,0,0,0,0,0,0,0,0,0,0,0,0,0,0,0,78307
1,1,1,1,1026,-1428,-1735,251,212,-105,-20,40,100,0,0,0,0,0,0,0,0,0,0,0,0,0,0,0,0,0,0,0,0,0,0,78317
1,1,1,1,1027,-1478,-1712,248,203,-92,-20,39,98,0,0,0,0,0,0,0,0,0,0,0,0,0,0,0,0,0,0,0,0,0,0,78327
1,1,1,1,1003,-1539,-1743,174,198,-50,-20,40,98,0,0,0,0,0,0,0,0,0,0,0,0,0,0,0,0,0,0,0,0,0,0,78337
1,1,1,1,971,-1586,-1773,71,202,13,-19,39,98,0,0,0,0,0,0,0,0,0,0,0,0,0,0,0,0,0,0,0,0,0,0,78347
1,1,1,1,961,-1611,-1771,-6,206,74,-23,39,95,0,0,0,0,0,0,0,0,0,0,0,0,0,0,0,0,0,0,0,0,0,0,78357
1,1,1,1,949,-1611,-1762,-102,205,181,-21,38,92,0,0,0,0,0,0,0,0,0,0,0,0,0,0,0,0,0,0,0,0,0,0,78367
1,1,1,1,951,-1555,-1763,-177,189,305,-21,37,87,0,0,0,0,0,0,0,0,0,0,0,0,0,0,0,0,0,0,0,0,0,0,78377
1,1,1,1,982,-1471,-1812,-241,234,446,-20,36,84,0,0,0,0,0,0,0,0,0,0,0,0,0,0,0,0,0,0,0,0,0,0,78387
1,1,1,1,1001,-1368,-1925,-299,357,625,-18,36,77,0,0,0,0,0,0,0,0,0,0,0,0,0,0,0,0,0,0,0,0,0,0,78397
1,1,1,1,1111,-1277,-1837,-281,381,785,-11,35,72,0,0,0,0,0,0,0,0,0,0,0,0,0,0,0,0,0,0,0,0,0,0,78407
1,1,1,1,1346,-1320,-1707,-113,360,707,-10,37,75,0,0,0,0,0,0,0,0,0,0,0,0,0,0,0,0,0,0,0,0,0,0,78417
1,1,1,1,1604,-1439,-1692,63,371,437,-10,38,64,0,0,0,0,0,0,0,0,0,0,0,0,0,0,0,0,0,0,0,0,0,0,78427
1,1,1,1,1686,-1293,-1576,96,224,456,-9,36,69,0,0,0,0,0,0,0,0,0,0,0,0,0,0,0,0,0,0,0,0,0,0,78437
1,1,1,1,1903,-1365,-1608,112,159,364,-9,36,69,0,0,0,0,0,0,0,0,0,0,0,0,0,0,0,0,0,0,0,0,0,0,78447
1,1,1,1,1980,-1474,-1688,133,120,166,-12,36,68,0,0,0,0,0,0,0,0,0,0,0,0,0,0,0,0,0,0,0,0,0,0,78457
1,1,1,1,1956,-1463,-1731,37,23,110,-12,35,68,0,0,0,0,0,0,0,0,0,0,0,0,0,0,0,0,0,0,0,0,0,0,78467
1,1,1,1,1869,-1446,-1795,-45,-13,95,-12,36,68,0,0,0,0,0,0,0,0,0,0,0,0,0,0,0,0,0,0,0,0,0,0,78477
1,1,1,1,1699,-1479,-1822,-8,-16,23,-12,36,76,0,0,0,0,0,0,0,0,0,0,0,0,0,0,0,0,0,0,0,0,0,0,78487
1,1,1,1,1659,-1481,-1771,-34,-32,-21,-12,37,73,0,0,0,0,0,0,0,0,0,0,0,0,0,0,0,0,0,0,0,0,0,0,78497
1,1,1,1,1612,-1472,-1678,-34,-89,-66,-11,37,77,0,0,0,0,0,0,0,0,0,0,0,0,0,0,0,0,0,0,0,0,0,0,78507
1,1,1,1,1593,-1444,-1655,7,-159,-133,-13,37,79,0,0,0,0,0,0,0,0,0,0,0,0,0,0,0,0,0,0,0,0,0,0,78517
1,1,1,1,1609,-1439,-1665,59,-176,-214,-12,37,82,0,0,0,0,0,0,0,0,0,0,0,0,0,0,0,0,0,0,0,0,0,0,78527
1,1,1,1,1641,-1404,-1596,72,-261,-253,-15,39,84,0,0,0,0,0,0,0,0,0,0,0,0,0,0,0,0,0,0,0,0,0,0,78537
1,1,1,1,1676,-1410,-1577,67,-400,-291,-17,39,82,0,0,0,0,0,0,0,0,0,0,0,0,0,0,0,0,0,0,0,0,0,0,78547
1,1,1,1,1615,-1332,-1614,-10,-506,-193,-16,37,83,0,0,0,0,0,0,0,0,0,0,0,0,0,0,0,0,0,0,0,0,0,0,78557
1,1,1,1,1438,-1231,-1723,-139,-544,35,-21,38,88,0,0,0,0,0,0,0,0,0,0,0,0,0,0,0,0,0,0,0,0,0,0,78567
1,1,1,1,1213,-1292,-1809,-93,-484,102,-21,40,94,0,0,0,0,0,0,0,0,0,0,0,0,0,0,0,0,0,0,0,0,0,0,78577
1,1,1,1,932,-1340,-1845,117,-354,4,-20,39,101,0,0,0,0,0,0,0,0,0,0,0,0,0,0,0,0,0,0,0,0,0,0,78587
1,1,1,1,813,-1500,-1842,311,-268,-244,-22,40,101,0,0,0,0,0,0,0,0,0,0,0,0,0,0,0,0,0,0,0,0,0,0,78597
1,1,1,1,702,-1475,-1766,259,-255,-269,-23,38,110,0,0,0,0,0,0,0,0,0,0,0,0,0,0,0,0,0,0,0,0,0,0,78607
1,1,1,1,540,-1418,-1909,232,-129,-155,-22,38,103,0,0,0,0,0,0,0,0,0,0,0,0,0,0,0,0,0,0,0,0,0,0,78617
1,1,1,1,337,-1384,-1855,212,-74,12,-23,43,106,0,0,0,0,0,0,0,0,0,0,0,0,0,0,0,0,0,0,0,0,0,0,78627
1,1,1,1,411,-1545,-1832,192,-19,-18,-20,39,103,0,0,0,0,0,0,0,0,0,0,0,0,0,0,0,0,0,0,0,0,0,0,78637
1,1,1,1,482,-1583,-1749,112,-30,-39,-21,39,103,0,0,0,0,0,0,0,0,0,0,0,0,0,0,0,0,0,0,0,0,0,0,78647
1,1,1,1,606,-1599,-1788,20,41,-85,-22,40,99,0,0,0,0,0,0,0,0,0,0,0,0,0,0,0,0,0,0,0,0,0,0,78657
1,1,1,1,624,-1568,-1771,22,93,-105,-21,39,95,0,0,0,0,0,0,0,0,0,0,0,0,0,0,0,0,0,0,0,0,0,0,78667
1,1,1,1,686,-1509,-1760,61,168,-67,-18,38,91,0,0,0,0,0,0,0,0,0,0,0,0,0,0,0,0,0,0,0,0,0,0,78677
1,1,1,1,770,-1467,-1678,153,233,5,-17,36,87,0,0,0,0,0,0,0,0,0,0,0,0,0,0,0,0,0,0,0,0,0,0,78687
1,1,1,1,842,-1463,-1675,220,302,89,-18,37,82,0,0,0,0,0,0,0,0,0,0,0,0,0,0,0,0,0,0,0,0,0,0,78697
1,1,1,1,845,-1469,-1735,156,362,244,-17,37,79,0,0,0,0,0,0,0,0,0,0,0,0,0,0,0,0,0,0,0,0,0,0,78707
1,1,1,1,867,-1466,-1754,51,423,424,-16,38,71,0,0,0,0,0,0,0,0,0,0,0,0,0,0,0,0,0,0,0,0,0,0,78717
1,1,1,1,940,-1396,-1777,-87,491,666,-13,37,69,0,0,0,0,0,0,0,0,0,0,0,0,0,0,0,0,0,0,0,0,0,0,78727
1,1,1,1,1117,-1421,-1724,-164,530,813,-11,37,67,0,0,0,0,0,0,0,0,0,0,0,0,0,0,0,0,0,0,0,0,0,0,78737
1,1,1,1,1290,-1596,-1712,-130,602,694,-10,36,63,0,0,0,0,0,0,0,0,0,0,0,0,0,0,0,0,0,0,0,0,0,0,78747
1,1,1,1,1490,-1588,-1596,-182,574,652,-8,35,60,0,0,0,0,0,0,0,0,0,0,0,0,0,0,0,0,0,0,0,0,0,0,78757
1,1,1,1,1712,-1571,-1451,-194,489,629,-7,35,61,0,0,0,0,0,0,0,0,0,0,0,0,0,0,0,0,0,0,0,0,0,0,78767
1,1,1,1,1931,-1635,-1489,-118,498,485,-8,36,62,0,0,0,0,0,0,0,0,0,0,0,0,0,0,0,0,0,0,0,0,0,0,78777
1,1,1,1,2059,-1655,-1493,-71,339,339,-11,35,63,0,0,0,0,0,0,0,0,0,0,0,0,0,0,0,0,0,0,0,0,0,0,78787
1,1,1,1,2155,-1719,-1566,-129,199,207,-12,35,67,0,0,0,0,0,0,0,0,0,0,0,0,0,0,0,0,0,0,0,0,0,0,78797
1,1,1,1,1997,-1618,-1785,-234,196,147,-15,35,73,0,0,0,0,0,0,0,0,0,0,0,0,0,0,0,0,0,0,0,0,0,0,78807
1,1,1,1,1724,-1522,-1888,-321,200,193,-15,37,75,0,0,0,0,0,0,0,0,0,0,0,0,0,0,0,0,0,0,0,0,0,0,78817
1,1,1,1,1630,-1531,-1839,-339,162,145,-15,36,74,0,0,0,0,0,0,0,0,0,0,0,0,0,0,0,0,0,0,0,0,0,0,78827
1,1,1,1,1587,-1487,-1747,-409,59,108,-15,35,77,0,0,0,0,0,0,0,0,0,0,0,0,0,0,0,0,0,0,0,0,0,0,78837
1,1,1,1,1549,-1400,-1696,-349,-40,44,-16,41,80,0,0,0,0,0,0,0,0,0,0,0,0,0,0,0,0,0,0,0,0,0,0,78847
1,1,1,1,1580,-1357,-1652,-98,-78,-91,-15,36,83,0,0,0,0,0,0,0,0,0,0,0,0,0,0,0,0,0,0,0,0,0,0,78857
1,1,1,1,1632,-1417,-1630,83,-160,-268,-19,42,93,0,0,0,0,0,0,0,0,0,0,0,0,0,0,0,0,0,0,0,0,0,0,78867
1,1,1,1,1645,-1451,-1591,159,-318,-386,-21,40,92,0,0,0,0,0,0,0,0,0,0,0,0,0,0,0,0,0,0,0,0,0,0,78877
1,1,1,1,1662,-1451,-1573,142,-489,-417,-24,41,92,0,0,0,0,0,0,0,0,0,0,0,0,0,0,0,0,0,0,0,0,0,0,78887
1,1,1,1,1587,-1392,-1630,25,-664,-322,-27,42,93,0,0,0,0,0,0,0,0,0,0,0,0,0,0,0,0,0,0,0,0,0,0,78897
1,1,1,1,1393,-1304,-1747,-75,-721,-135,-24,39,91,0,0,0,0,0,0,0,0,0,0,0,0,0,0,0,0,0,0,0,0,0,0,78907
1,1,1,1,1111,-1269,-1920,-128,-603,29,-24,37,96,0,0,0,0,0,0,0,0,0,0,0,0,0,0,0,0,0,0,0,0,0,0,78917
1,1,1,1,854,-1351,-2006,-32,-366,39,-22,37,99,0,0,0,0,0,0,0,0,0,0,0,0,0,0,0,0,0,0,0,0,0,0,78927
1,1,1,1,794,-1460,-1830,102,-270,-102,-21,38,104,0,0,0,0,0,0,0,0,0,0,0,0,0,0,0,0,0,0,0,0,0,0,78937
1,1,1,1,774,-1505,-1642,217,-295,-226,-20,38,108,0,0,0,0,0,0,0,0,0,0,0,0,0,0,0,0,0,0,0,0,0,0,78947
1,1,1,1,785,-1508,-1648,268,-345,-320,-24,39,108,0,0,0,0,0,0,0,0,0,0,0,0,0,0,0,0,0,0,0,0,0,0,78957
1,1,1,1,605,-1451,-1845,185,-244,-236,-25,40,110,0,0,0,0,0,0,0,0,0,0,0,0,0,0,0,0,0,0,0,0,0,0,78967
1,1,1,1,468,-1438,-1897,148,-100,-101,-23,41,107,0,0,0,0,0,0,0,0,0,0,0,0,0,0,0,0,0,0,0,0,0,0,78977
1,1,1,1,499,-1499,-1799,123,-57,-62,-23,40,106,0,0,0,0,0,0,0,0,0,0,0,0,0,0,0,0,0,0,0,0,0,0,78987
1,1,1,1,708,-1563,-1750,33,-14,-130,-22,39,106,0,0,0,0,0,0,0,0,0,0,0,0,0,0,0,0,0,0,0,0,0,0,78997
1,1,1,1,745,-1526,-1734,-61,18,-180,-22,40,104,0,0,0,0,0,0,0,0,0,0,0,0,0,0,0,0,0,0,0,0,0,0,79007
1,1,1,1,797,-1492,-1719,-52,43,-202,-21,40,103,0,0,0,0,0,0,0,0,0,0,0,0,0,0,0,0,0,0,0,0,0,0,79017
1,1,1,1,854,-1431,-1689,41,97,-211,-18,39,102,0,0,0,0,0,0,0,0,0,0,0,0,0,0,0,0,0,0,0,0,0,0,79027
1,1,1,1,911,-1401,-1669,195,157,-189,-19,40,100,0,0,0,0,0,0,0,0,0,0,0,0,0,0,0,0,0,0,0,0,0,0,79037
1,1,1,1,973,-1451,-1693,253,183,-146,-20,40,95,0,0,0,0,0,0,0,0,0,0,0,0,0,0,0,0,0,0,0,0,0,0,79047
1,1,1,1,982,-1468,-1704,230,192,-59,-22,39,93,0,0,0,0,0,0,0,0,0,0,0,0,0,0,0,0,0,0,0,0,0,0,79057
1,1,1,1,1023,-1512,-1747,149,227,31,-21,39,89,0,0,0,0,0,0,0,0,0,0,0,0,0,0,0,0,0,0,0,0,0,0,79067
1,1,1,1,1046,-1522,-1808,42,273,114,-20,36,84,0,0,0,0,0,0,0,0,0,0,0,0,0,0,0,0,0,0,0,0,0,0,79077
1,1,1,1,1097,-1474,-1824,-71,381,262,-18,37,82,0,0,0,0,0,0,0,0,0,0,0,0,0,0,0,0,0,0,0,0,0,0,79087
1,1,1,1,1162,-1453,-1842,-169,460,401,-18,38,82,0,0,0,0,0,0,0,0,0,0,0,0,0,0,0,0,0,0,0,0,0,0,79097
1,1,1,1,1343,-1436,-1759,-187,472,469,-16,38,78,0,0,0,0,0,0,0,0,0,0,0,0,0,0,0,0,0,0,0,0,0,0,79107
1,1,1,1,1590,-1484,-1634,-150,422,453,-13,38,80,0,0,0,0,0,0,0,0,0,0,0,0,0,0,0,0,0,0,0,0,0,0,79117
1,1,1,1,1749,-1531,-1605,-65,315,315,-15,38,82,0,0,0,0,0,0,0,0,0,0,0,0,0,0,0,0,0,0,0,0,0,0,79127
1,1,1,1,1889,-1585,-1616,-13,202,95,-12,35,79,0,0,0,0,0,0,0,0,0,0,0,0,0,0,0,0,0,0,0,0,0,0,79137
1,1,1,1,1925,-1497,-1603,-8,72,-49,-14,34,77,0,0,0,0,0,0,0,0,0,0,0,0,0,0,0,0,0,0,0,0,0,0,79147
1,1,1,1,1847,-1423,-1707,-13,13,-90,-18,40,84,0,0,0,0,0,0,0,0,0,0,0,0,0,0,0,0,0,0,0,0,0,0,79157
1,1,1,1,1648,-1449,-1817,77,40,-150,-17,38,83,0,0,0,0,0,0,0,0,0,0,0,0,0,0,0,0,0,0,0,0,0,0,79167
1,1,1,1,1629,-1487,-1781,37,25,-189,-18,39,85,0,0,0,0,0,0,0,0,0,0,0,0,0,0,0,0,0,0,0,0,0,0,79177
1,1,1,1,1583,-1509,-1726,-44,-18,-191,-15,36,86,0,0,0,0,0,0,0,0,0,0,0,0,0,0,0,0,0,0,0,0,0,0,79187
1,1,1,1,1622,-1517,-1683,-75,-51,-197,-18,39,90,0,0,0,0,0,0,0,0,0,0,0,0,0,0,0,0,0,0,0,0,0,0,79197
1,1,1,1,1651,-1536,-1593,-57,-131,-251,-17,39,92,0,0,0,0,0,0,0,0,0,0,0,0,0,0,0,0,0,0,0,0,0,0,79207
1,1,1,1,1642,-1535,-1553,-7,-263,-312,-19,41,96,0,0,0,0,0,0,0,0,0,0,0,0,0,0,0,0,0,0,0,0,0,0,79217
1,1,1,1,1645,-1537,-1522,7,-426,-366,-17,41,96,0,0,0,0,0,0,0,0,0,0,0,0,0,0,0,0,0,0,0,0,0,0,79227
1,1,1,1,1554,-1471,-1521,-61,-640,-309,-21,38,96,0,0,0,0,0,0,0,0,0,0,0,0,0,0,0,0,0,0,0,0,0,0,79237
1,1,1,1,1322,-1360,-1697,-128,-668,-123,-25,40,96,0,0,0,0,0,0,0,0,0,0,0,0,0,0,0,0,0,0,0,0,0,0,79247
1,1,1,1,959,-1306,-1972,-187,-529,46,-27,42,110,0,0,0,0,0,0,0,0,0,0,0,0,0,0,0,0,0,0,0,0,0,0,79257
1,1,1,1,658,-1399,-2129,-99,-133,132,-25,43,112,0,0,0,0,0,0,0,0,0,0,0,0,0,0,0,0,0,0,0,0,0,0,79267
1,1,1,1,557,-1519,-1841,-52,-81,105,-25,44,114,0,0,0,0,0,0,0,0,0,0,0,0,0,0,0,0,0,0,0,0,0,0,79277
1,1,1,1,510,-1578,-1772,-35,-67,39,-25,43,111,0,0,0,0,0,0,0,0,0,0,0,0,0,0,0,0,0,0,0,0,0,0,79287
1,1,1,1,462,-1547,-1771,-62,-34,33,-23,43,106,0,0,0,0,0,0,0,0,0,0,0,0,0,0,0,0,0,0,0,0,0,0,79297
1,1,1,1,409,-1498,-1722,-73,-43,107,-23,43,105,0,0,0,0,0,0,0,0,0,0,0,0,0,0,0,0,0,0,0,0,0,0,79307
1,1,1,1,600,-1586,-1772,-69,21,38,-22,43,104,0,0,0,0,0,0,0,0,0,0,0,0,0,0,0,0,0,0,0,0,0,0,79317
1,1,1,1,638,-1549,-1740,-57,84,-42,-21,42,102,0,0,0,0,0,0,0,0,0,0,0,0,0,0,0,0,0,0,0,0,0,0,79327
1,1,1,1,789,-1492,-1722,-45,136,-16,-20,41,99,0,0,0,0,0,0,0,0,0,0,0,0,0,0,0,0,0,0,0,0,0,0,79337
1,1,1,1,923,-1470,-1697,-32,203,13,-21,40,94,0,0,0,0,0,0,0,0,0,0,0,0,0,0,0,0,0,0,0,0,0,0,79347
1,1,1,1,1035,-1451,-1685,-26,251,63,-21,39,90,0,0,0,0,0,0,0,0,0,0,0,0,0,0,0,0,0,0,0,0,0,0,79357
1,1,1,1,1134,-1437,-1683,-38,311,136,-20,38,86,0,0,0,0,0,0,0,0,0,0,0,0,0,0,0,0,0,0,0,0,0,0,79367
1,1,1,1,1191,-1451,-1708,-73,367,198,-20,36,79,0,0,0,0,0,0,0,0,0,0,0,0,0,0,0,0,0,0,0,0,0,0,79377
1,1,1,1,1197,-1412,-1738,-108,444,273,-17,37,82,0,0,0,0,0,0,0,0,0,0,0,0,0,0,0,0,0,0,0,0,0,0,79387
1,1,1,1,1216,-1388,-1653,-53,443,338,-15,37,79,0,0,0,0,0,0,0,0,0,0,0,0,0,0,0,0,0,0,0,0,0,0,79397
1,1,1,1,1277,-1401,-1613,-34,406,374,-16,38,77,0,0,0,0,0,0,0,0,0,0,0,0,0,0,0,0,0,0,0,0,0,0,79407
1,1,1,1,1321,-1443,-1638,-29,344,380,-14,36,79,0,0,0,0,0,0,0,0,0,0,0,0,0,0,0,0,0,0,0,0,0,0,79417
1,1,1,1,1415,-1475,-1690,-46,284,344,-15,36,79,0,0,0,0,0,0,0,0,0,0,0,0,0,0,0,0,0,0,0,0,0,0,79427
1,1,1,1,1497,-1496,-1766,-90,279,274,-16,35,76,0,0,0,0,0,0,0,0,0,0,0,0,0,0,0,0,0,0,0,0,0,0,79437
1,1,1,1,1497,-1496,-1766,-115,292,189,-14,36,77,0,0,0,0,0,0,0,0,0,0,0,0,0,0,0,0,0,0,0,0,0,0,79447
1,1,1,1,1621,-1516,-1761,-110,258,80,-18,38,76,0,0,0,0,0,0,0,0,0,0,0,0,0,0,0,0,0,0,0,0,0,0,79457
1,1,1,1,1692,-1433,-1738,-214,155,100,-17,38,76,0,0,0,0,0,0,0,0,0,0,0,0,0,0,0,0,0,0,0,0,0,0,79467
1,1,1,1,1721,-1422,-1717,-166,86,18,-20,38,80,0,0,0,0,0,0,0,0,0,0,0,0,0,0,0,0,0,0,0,0,0,0,79477
1,1,1,1,1658,-1406,-1721,-7,31,-113,-17,35,82,0,0,0,0,0,0,0,0,0,0,0,0,0,0,0,0,0,0,0,0,0,0,79487
1,1,1,1,1539,-1378,-1797,85,-1,-184,-19,38,83,0,0,0,0,0,0,0,0,0,0,0,0,0,0,0,0,0,0,0,0,0,0,79497
1,1,1,1,1480,-1380,-1798,135,-30,-211,-17,36,89,0,0,0,0,0,0,0,0,0,0,0,0,0,0,0,0,0,0,0,0,0,0,79507
1,1,1,1,1499,-1396,-1741,202,-64,-230,-14,36,88,0,0,0,0,0,0,0,0,0,0,0,0,0,0,0,0,0,0,0,0,0,0,79517
1,1,1,1,1550,-1439,-1720,227,-105,-253,-15,38,88,0,0,0,0,0,0,0,0,0,0,0,0,0,0,0,0,0,0,0,0,0,0,79527
1,1,1,1,1552,-1504,-1705,176,-166,-277,-15,39,91,0,0,0,0,0,0,0,0,0,0,0,0,0,0,0,0,0,0,0,0,0,0,79537
1,1,1,1,1548,-1558,-1683,71,-264,-303,-17,39,95,0,0,0,0,0,0,0,0,0,0,0,0,0,0,0,0,0,0,0,0,0,0,79547
1,1,1,1,1537,-1561,-1660,-31,-353,-310,-20,41,92,0,0,0,0,0,0,0,0,0,0,0,0,0,0,0,0,0,0,0,0,0,0,79557
1,1,1,1,1471,-1494,-1623,-120,-473,-287,-19,39,93,0,0,0,0,0,0,0,0,0,0,0,0,0,0,0,0,0,0,0,0,0,0,79567
1,1,1,1,1368,-1402,-1642,-135,-561,-228,-20,38,94,0,0,0,0,0,0,0,0,0,0,0,0,0,0,0,0,0,0,0,0,0,0,79577
1,1,1,1,1199,-1295,-1734,-109,-529,-134,-20,39,100,0,0,0,0,0,0,0,0,0,0,0,0,0,0,0,0,0,0,0,0,0,0,79587
1,1,1,1,1008,-1240,-1887,5,-322,-55,-23,40,103,0,0,0,0,0,0,0,0,0,0,0,0,0,0,0,0,0,0,0,0,0,0,79597
1,1,1,1,777,-1295,-1861,165,-189,-23,-21,41,105,0,0,0,0,0,0,0,0,0,0,0,0,0,0,0,0,0,0,0,0,0,0,79607
1,1,1,1,718,-1404,-1780,274,-129,-83,-19,41,111,0,0,0,0,0,0,0,0,0,0,0,0,0,0,0,0,0,0,0,0,0,0,79617
1,1,1,1,656,-1482,-1757,311,-94,-156,-19,41,109,0,0,0,0,0,0,0,0,0,0,0,0,0,0,0,0,0,0,0,0,0,0,79627
1,1,1,1,582,-1494,-1781,231,-60,-138,-21,42,108,0,0,0,0,0,0,0,0,0,0,0,0,0,0,0,0,0,0,0,0,0,0,79637
1,1,1,1,592,-1549,-1773,92,-25,-134,-21,42,107,0,0,0,0,0,0,0,0,0,0,0,0,0,0,0,0,0,0,0,0,0,0,79647
1,1,1,1,729,-1587,-1761,-47,22,-196,-23,42,105,0,0,0,0,0,0,0,0,0,0,0,0,0,0,0,0,0,0,0,0,0,0,79657
1,1,1,1,752,-1559,-1739,-86,56,-229,-22,42,105,0,0,0,0,0,0,0,0,0,0,0,0,0,0,0,0,0,0,0,0,0,0,79667
1,1,1,1,809,-1507,-1740,-78,123,-222,-21,42,103,0,0,0,0,0,0,0,0,0,0,0,0,0,0,0,0,0,0,0,0,0,0,79677
1,1,1,1,859,-1484,-1716,-5,181,-198,-17,41,100,0,0,0,0,0,0,0,0,0,0,0,0,0,0,0,0,0,0,0,0,0,0,79687
1,1,1,1,923,-1457,-1689,71,242,-133,-17,40,95,0,0,0,0,0,0,0,0,0,0,0,0,0,0,0,0,0,0,0,0,0,0,79697
1,1,1,1,946,-1452,-1710,105,284,-53,-18,39,88,0,0,0,0,0,0,0,0,0,0,0,0,0,0,0,0,0,0,0,0,0,0,79707
1,1,1,1,981,-1459,-1738,85,339,66,-18,36,84,0,0,0,0,0,0,0,0,0,0,0,0,0,0,0,0,0,0,0,0,0,0,79717
1,1,1,1,1036,-1488,-1772,-28,432,195,-17,37,81,0,0,0,0,0,0,0,0,0,0,0,0,0,0,0,0,0,0,0,0,0,0,79727
1,1,1,1,1081,-1472,-1787,-167,554,388,-17,38,76,0,0,0,0,0,0,0,0,0,0,0,0,0,0,0,0,0,0,0,0,0,0,79737
1,1,1,1,1226,-1436,-1718,-331,546,617,-14,36,75,0,0,0,0,0,0,0,0,0,0,0,0,0,0,0,0,0,0,0,0,0,0,79747
1,1,1,1,1464,-1481,-1682,-409,542,674,-15,39,75,0,0,0,0,0,0,0,0,0,0,0,0,0,0,0,0,0,0,0,0,0,0,79757
1,1,1,1,1684,-1607,-1599,-371,473,509,-11,37,73,0,0,0,0,0,0,0,0,0,0,0,0,0,0,0,0,0,0,0,0,0,0,79767
1,1,1,1,1811,-1623,-1553,-293,370,328,-13,36,72,0,0,0,0,0,0,0,0,0,0,0,0,0,0,0,0,0,0,0,0,0,0,79777
1,1,1,1,1887,-1650,-1600,-303,316,174,-13,36,66,0,0,0,0,0,0,0,0,0,0,0,0,0,0,0,0,0,0,0,0,0,0,79787
1,1,1,1,1847,-1553,-1597,-382,207,194,-13,35,68,0,0,0,0,0,0,0,0,0,0,0,0,0,0,0,0,0,0,0,0,0,0,79797
1,1,1,1,1759,-1559,-1699,-403,183,155,-14,35,69,0,0,0,0,0,0,0,0,0,0,0,0,0,0,0,0,0,0,0,0,0,0,79807
1,1,1,1,1527,-1507,-1764,-379,161,163,-14,35,69,0,0,0,0,0,0,0,0,0,0,0,0,0,0,0,0,0,0,0,0,0,0,79817
1,1,1,1,1352,-1515,-1808,-374,155,167,-16,39,71,0,0,0,0,0,0,0,0,0,0,0,0,0,0,0,0,0,0,0,0,0,0,79827
1,1,1,1,1251,-1540,-1798,-414,135,174,-13,37,67,0,0,0,0,0,0,0,0,0,0,0,0,0,0,0,0,0,0,0,0,0,0,79837
1,1,1,1,1165,-1535,-1808,-468,116,233,-13,35,64,0,0,0,0,0,0,0,0,0,0,0,0,0,0,0,0,0,0,0,0,0,0,79847
1,1,1,1,1134,-1556,-1816,-525,123,292,-13,35,62,0,0,0,0,0,0,0,0,0,0,0,0,0,0,0,0,0,0,0,0,0,0,79857
1,1,1,1,1137,-1580,-1832,-594,147,380,-13,35,58,0,0,0,0,0,0,0,0,0,0,0,0,0,0,0,0,0,0,0,0,0,0,79867
1,1,1,1,1198,-1582,-1785,-694,160,518,-13,35,56,0,0,0,0,0,0,0,0,0,0,0,0,0,0,0,0,0,0,0,0,0,0,79877
1,1,1,1,1248,-1622,-1787,-809,180,623,-11,34,54,0,0,0,0,0,0,0,0,0,0,0,0,0,0,0,0,0,0,0,0,0,0,79887
1,1,1,1,1319,-1611,-1745,-850,201,680,-10,33,50,0,0,0,0,0,0,0,0,0,0,0,0,0,0,0,0,0,0,0,0,0,0,79897
1,1,1,1,1385,-1573,-1713,-909,204,747,-9,33,46,0,0,0,0,0,0,0,0,0,0,0,0,0,0,0,0,0,0,0,0,0,0,79907
1,1,1,1,1413,-1518,-1709,-1019,163,841,-8,32,42,0,0,0,0,0,0,0,0,0,0,0,0,0,0,0,0,0,0,0,0,0,0,79917
1,1,1,1,1386,-1535,-1757,-1083,168,857,-6,31,40,0,0,0,0,0,0,0,0,0,0,0,0,0,0,0,0,0,0,0,0,0,0,79927
1,1,1,1,1353,-1464,-1794,-1126,190,899,-7,31,34,0,0,0,0,0,0,0,0,0,0,0,0,0,0,0,0,0,0,0,0,0,0,79937
1,1,1,1,1336,-1413,-1814,-1197,180,952,-6,29,30,0,0,0,0,0,0,0,0,0,0,0,0,0,0,0,0,0,0,0,0,0,0,79947
1,1,1,1,1335,-1359,-1810,-1226,190,976,-7,28,28,0,0,0,0,0,0,0,0,0,0,0,0,0,0,0,0,0,0,0,0,0,0,79957
1,1,1,1,1300,-1303,-1794,-1179,171,978,-4,28,30,0,0,0,0,0,0,0,0,0,0,0,0,0,0,0,0,0,0,0,0,0,0,79967
1,1,1,1,1301,-1286,-1777,-1073,137,929,-3,27,25,0,0,0,0,0,0,0,0,0,0,0,0,0,0,0,0,0,0,0,0,0,0,79977
1,1,1,1,1277,-1266,-1783,-953,130,868,1,27,24,0,0,0,0,0,0,0,0,0,0,0,0,0,0,0,0,0,0,0,0,0,0,79987
1,1,1,1,1248,-1253,-1816,-853,182,829,1,25,24,0,0,0,0,0,0,0,0,0,0,0,0,0,0,0,0,0,0,0,0,0,0,79997
1,1,1,1,1225,-1259,-1822,-820,234,819,1,27,23,0,0,0,0,0,0,0,0,0,0,0,0,0,0,0,0,0,0,0,0,0,0,80007
1,1,1,1,1197,-1263,-1778,-813,244,835,1,25,24,0,0,0,0,0,0,0,0,0,0,0,0,0,0,0,0,0,0,0,0,0,0,80017
1,1,1,1,1235,-1300,-1805,-838,265,793,-2,25,21,0,0,0,0,0,0,0,0,0,0,0,0,0,0,0,0,0,0,0,0,0,0,80027
1,1,1,1,1217,-1194,-1775,-929,245,887,-4,26,22,0,0,0,0,0,0,0,0,0,0,0,0,0,0,0,0,0,0,0,0,0,0,80037
1,1,1,1,1154,-1284,-1749,-786,139,811,-1,27,28,0,0,0,0,0,0,0,0,0,0,0,0,0,0,0,0,0,0,0,0,0,0,80047
1,1,1,1,1238,-1309,-1779,-643,95,633,0,24,22,0,0,0,0,0,0,0,0,0,0,0,0,0,0,0,0,0,0,0,0,0,0,80057
1,1,1,1,1184,-1298,-1769,-517,55,500,0,26,22,0,0,0,0,0,0,0,0,0,0,0,0,0,0,0,0,0,0,0,0,0,0,80067
1,1,1,1,1157,-1334,-1792,-335,25,298,-2,25,26,0,0,0,0,0,0,0,0,0,0,0,0,0,0,0,0,0,0,0,0,0,0,80077
1,1,1,1,1150,-1294,-1803,-197,5,141,-2,25,26,0,0,0,0,0,0,0,0,0,0,0,0,0,0,0,0,0,0,0,0,0,0,80087
1,1,1,1,1100,-1223,-1789,-117,-71,93,-2,24,28,0,0,0,0,0,0,0,0,0,0,0,0,0,0,0,0,0,0,0,0,0,0,80097
1,1,1,1,1057,-1195,-1821,-79,-112,78,-3,24,31,0,0,0,0,0,0,0,0,0,0,0,0,0,0,0,0,0,0,0,0,0,0,80107
1,1,1,1,1010,-1188,-1920,-53,-55,83,-5,26,30,0,0,0,0,0,0,0,0,0,0,0,0,0,0,0,0,0,0,0,0,0,0,80117
1,1,1,1,983,-1174,-1936,-65,-15,153,-3,22,26,0,0,0,0,0,0,0,0,0,0,0,0,0,0,0,0,0,0,0,0,0,0,80127
1,1,1,1,970,-1201,-1955,-93,29,226,0,22,27,0,0,0,0,0,0,0,0,0,0,0,0,0,0,0,0,0,0,0,0,0,0,80137
1,1,1,1,985,-1265,-1963,-110,54,255,-1,22,29,0,0,0,0,0,0,0,0,0,0,0,0,0,0,0,0,0,0,0,0,0,0,80147
1,1,1,1,1002,-1332,-1929,-142,62,255,-3,23,30,0,0,0,0,0,0,0,0,0,0,0,0,0,0,0,0,0,0,0,0,0,0,80157
1,1,1,1,1008,-1362,-1908,-130,68,201,-3,23,29,0,0,0,0,0,0,0,0,0,0,0,0,0,0,0,0,0,0,0,0,0,0,80167
1,1,1,1,1035,-1350,-1875,-73,75,114,-2,23,33,0,0,0,0,0,0,0,0,0,0,0,0,0,0,0,0,0,0,0,0,0,0,80177
1,1,1,1,1063,-1346,-1832,42,53,2,-3,22,34,0,0,0,0,0,0,0,0,0,0,0,0,0,0,0,0,0,0,0,0,0,0,80187
1,1,1,1,1064,-1357,-1837,149,35,-107,-5,23,36,0,0,0,0,0,0,0,0,0,0,0,0,0,0,0,0,0,0,0,0,0,0,80197
1,1,1,1,1045,-1362,-1881,153,10,-157,-4,23,35,0,0,0,0,0,0,0,0,0,0,0,0,0,0,0,0,0,0,0,0,0,0,80207
1,1,1,1,1005,-1376,-1915,106,7,-138,-3,22,32,0,0,0,0,0,0,0,0,0,0,0,0,0,0,0,0,0,0,0,0,0,0,80217
1,1,1,1,950,-1398,-1977,-1,44,-77,-3,22,31,0,0,0,0,0,0,0,0,0,0,0,0,0,0,0,0,0,0,0,0,0,0,80227
1,1,1,1,921,-1396,-2017,-153,75,21,-5,22,28,0,0,0,0,0,0,0,0,0,0,0,0,0,0,0,0,0,0,0,0,0,0,80237
1,1,1,1,885,-1382,-2042,-266,130,127,-5,22,26,0,0,0,0,0,0,0,0,0,0,0,0,0,0,0,0,0,0,0,0,0,0,80247
1,1,1,1,923,-1331,-1998,-299,185,248,-2,22,22,0,0,0,0,0,0,0,0,0,0,0,0,0,0,0,0,0,0,0,0,0,0,80257
1,1,1,1,994,-1307,-1966,-267,234,354,-1,22,23,0,0,0,0,0,0,0,0,0,0,0,0,0,0,0,0,0,0,0,0,0,0,80267
1,1,1,1,1084,-1295,-1941,-198,323,446,-1,21,12,0,0,0,0,0,0,0,0,0,0,0,0,0,0,0,0,0,0,0,0,0,0,80277
1,1,1,1,1143,-1277,-1956,-183,469,572,0,21,17,0,0,0,0,0,0,0,0,0,0,0,0,0,0,0,0,0,0,0,0,0,0,80287
1,1,1,1,1160,-1242,-1909,-201,524,787,-1,21,17,0,0,0,0,0,0,0,0,0,0,0,0,0,0,0,0,0,0,0,0,0,0,80297
1,1,1,1,1213,-1332,-1822,-236,506,868,1,22,19,0,0,0,0,0,0,0,0,0,0,0,0,0,0,0,0,0,0,0,0,0,0,80307
1,1,1,1,1287,-1418,-1776,-269,436,869,-1,23,20,0,0,0,0,0,0,0,0,0,0,0,0,0,0,0,0,0,0,0,0,0,0,80317
1,1,1,1,1293,-1470,-1779,-267,331,799,-2,24,23,0,0,0,0,0,0,0,0,0,0,0,0,0,0,0,0,0,0,0,0,0,0,80327
1,1,1,1,1324,-1547,-1820,-202,254,602,-2,23,22,0,0,0,0,0,0,0,0,0,0,0,0,0,0,0,0,0,0,0,0,0,0,80337
1,1,1,1,1365,-1515,-1820,-179,183,451,-3,25,24,0,0,0,0,0,0,0,0,0,0,0,0,0,0,0,0,0,0,0,0,0,0,80347
1,1,1,1,1360,-1497,-1866,-156,174,355,-2,24,21,0,0,0,0,0,0,0,0,0,0,0,0,0,0,0,0,0,0,0,0,0,0,80357
1,1,1,1,1345,-1423,-1902,-146,185,318,-4,24,20,0,0,0,0,0,0,0,0,0,0,0,0,0,0,0,0,0,0,0,0,0,0,80367
1,1,1,1,1337,-1346,-1911,-172,190,372,-4,24,21,0,0,0,0,0,0,0,0,0,0,0,0,0,0,0,0,0,0,0,0,0,0,80377
1,1,1,1,1319,-1282,-1939,-240,186,485,-4,23,18,0,0,0,0,0,0,0,0,0,0,0,0,0,0,0,0,0,0,0,0,0,0,80387
1,1,1,1,1264,-1230,-1948,-283,171,627,-4,21,19,0,0,0,0,0,0,0,0,0,0,0,0,0,0,0,0,0,0,0,0,0,0,80397
1,1,1,1,1232,-1247,-1999,-248,220,681,-3,24,23,0,0,0,0,0,0,0,0,0,0,0,0,0,0,0,0,0,0,0,0,0,0,80407
1,1,1,1,1210,-1289,-1985,-175,232,661,-2,24,23,0,0,0,0,0,0,0,0,0,0,0,0,0,0,0,0,0,0,0,0,0,0,80417
1,1,1,1,1232,-1321,-1890,-134,176,643,-1,23,21,0,0,0,0,0,0,0,0,0,0,0,0,0,0,0,0,0,0,0,0,0,0,80427
1,1,1,1,1269,-1364,-1830,-109,91,586,-2,23,25,0,0,0,0,0,0,0,0,0,0,0,0,0,0,0,0,0,0,0,0,0,0,80437
1,1,1,1,1290,-1419,-1865,-87,91,449,1,23,22,0,0,0,0,0,0,0,0,0,0,0,0,0,0,0,0,0,0,0,0,0,0,80447
1,1,1,1,1303,-1365,-1842,-173,85,464,0,24,25,0,0,0,0,0,0,0,0,0,0,0,0,0,0,0,0,0,0,0,0,0,0,80457
1,1,1,1,1226,-1337,-1796,-182,19,523,0,23,23,0,0,0,0,0,0,0,0,0,0,0,0,0,0,0,0,0,0,0,0,0,0,80467
1,1,1,1,1239,-1436,-1815,-109,-73,423,-1,22,20,0,0,0,0,0,0,0,0,0,0,0,0,0,0,0,0,0,0,0,0,0,0,80477
1,1,1,1,1251,-1348,-1842,-119,-125,471,-1,22,23,0,0,0,0,0,0,0,0,0,0,0,0,0,0,0,0,0,0,0,0,0,0,80487
1,1,1,1,1103,-1378,-1905,-116,-118,574,0,23,28,0,0,0,0,0,0,0,0,0,0,0,0,0,0,0,0,0,0,0,0,0,0,80497
1,1,1,1,1078,-1500,-1935,8,-60,450,1,23,28,0,0,0,0,0,0,0,0,0,0,0,0,0,0,0,0,0,0,0,0,0,0,80507
1,1,1,1,1085,-1522,-1860,114,-52,274,1,23,29,0,0,0,0,0,0,0,0,0,0,0,0,0,0,0,0,0,0,0,0,0,0,80517
1,1,1,1,1065,-1453,-1873,135,-50,176,0,23,28,0,0,0,0,0,0,0,0,0,0,0,0,0,0,0,0,0,0,0,0,0,0,80527
1,1,1,1,1048,-1393,-1845,158,-3,169,-1,25,26,0,0,0,0,0,0,0,0,0,0,0,0,0,0,0,0,0,0,0,0,0,0,80537
1,1,1,1,1010,-1451,-1799,221,-46,102,0,24,31,0,0,0,0,0,0,0,0,0,0,0,0,0,0,0,0,0,0,0,0,0,0,80547
1,1,1,1,1044,-1498,-1858,248,-100,-27,-2,25,30,0,0,0,0,0,0,0,0,0,0,0,0,0,0,0,0,0,0,0,0,0,0,80557
1,1,1,1,1003,-1456,-1885,217,-91,-28,-1,24,28,0,0,0,0,0,0,0,0,0,0,0,0,0,0,0,0,0,0,0,0,0,0,80567
1,1,1,1,964,-1465,-1898,209,-69,-20,-1,23,31,0,0,0,0,0,0,0,0,0,0,0,0,0,0,0,0,0,0,0,0,0,0,80577
1,1,1,1,994,-1477,-1900,179,-69,-17,1,24,31,0,0,0,0,0,0,0,0,0,0,0,0,0,0,0,0,0,0,0,0,0,0,80587
1,1,1,1,993,-1485,-1888,195,-68,-48,1,24,32,0,0,0,0,0,0,0,0,0,0,0,0,0,0,0,0,0,0,0,0,0,0,80597
1,1,1,1,1007,-1484,-1900,229,-40,-90,-1,25,34,0,0,0,0,0,0,0,0,0,0,0,0,0,0,0,0,0,0,0,0,0,0,80607
1,1,1,1,977,-1424,-1889,270,-2,-107,-1,25,33,0,0,0,0,0,0,0,0,0,0,0,0,0,0,0,0,0,0,0,0,0,0,80617
1,1,1,1,946,-1405,-1904,308,-20,-72,1,25,32,0,0,0,0,0,0,0,0,0,0,0,0,0,0,0,0,0,0,0,0,0,0,80627
1,1,1,1,1006,-1417,-1916,361,32,-58,-1,25,32,0,0,0,0,0,0,0,0,0,0,0,0,0,0,0,0,0,0,0,0,0,0,80637
1,1,1,1,1039,-1448,-1878,455,68,-92,2,27,29,0,0,0,0,0,0,0,0,0,0,0,0,0,0,0,0,0,0,0,0,0,0,80647
1,1,1,1,1066,-1455,-1860,495,-22,-70,2,25,29,0,0,0,0,0,0,0,0,0,0,0,0,0,0,0,0,0,0,0,0,0,0,80657
1,1,1,1,1138,-1511,-1787,504,-44,-66,5,19,26,0,0,0,0,0,0,0,0,0,0,0,0,0,0,0,0,0,0,0,0,0,0,80667
1,1,1,1,1144,-1528,-1809,483,-14,-74,0,24,29,0,0,0,0,0,0,0,0,0,0,0,0,0,0,0,0,0,0,0,0,0,0,80677
1,1,1,1,1125,-1519,-1787,471,-25,-64,3,23,27,0,0,0,0,0,0,0,0,0,0,0,0,0,0,0,0,0,0,0,0,0,0,80687
1,1,1,1,1116,-1506,-1823,472,-26,-60,1,24,29,0,0,0,0,0,0,0,0,0,0,0,0,0,0,0,0,0,0,0,0,0,0,80697
1,1,1,1,1111,-1523,-1852,476,39,-68,1,25,30,0,0,0,0,0,0,0,0,0,0,0,0,0,0,0,0,0,0,0,0,0,0,80707
1,1,1,1,1070,-1538,-1834,473,82,-59,4,24,29,0,0,0,0,0,0,0,0,0,0,0,0,0,0,0,0,0,0,0,0,0,0,80717
1,1,1,1,1030,-1581,-1805,429,73,-42,4,24,31,0,0,0,0,0,0,0,0,0,0,0,0,0,0,0,0,0,0,0,0,0,0,80727
1,1,1,1,1001,-1612,-1823,404,126,-36,3,24,31,0,0,0,0,0,0,0,0,0,0,0,0,0,0,0,0,0,0,0,0,0,0,80737
1,1,1,1,989,-1601,-1834,406,201,-28,1,24,32,0,0,0,0,0,0,0,0,0,0,0,0,0,0,0,0,0,0,0,0,0,0,80747
1,1,1,1,980,-1580,-1818,385,251,-19,3,23,26,0,0,0,0,0,0,0,0,0,0,0,0,0,0,0,0,0,0,0,0,0,0,80757
1,1,1,1,971,-1513,-1755,440,200,34,3,24,30,0,0,0,0,0,0,0,0,0,0,0,0,0,0,0,0,0,0,0,0,0,0,80767
1,1,1,1,1047,-1576,-1769,471,200,4,3,25,30,0,0,0,0,0,0,0,0,0,0,0,0,0,0,0,0,0,0,0,0,0,0,80777
1,1,1,1,1080,-1604,-1739,488,198,-35,3,24,29,0,0,0,0,0,0,0,0,0,0,0,0,0,0,0,0,0,0,0,0,0,0,80787
1,1,1,1,1088,-1624,-1738,496,200,-92,2,24,30,0,0,0,0,0,0,0,0,0,0,0,0,0,0,0,0,0,0,0,0,0,0,80797
1,1,1,1,1095,-1657,-1693,485,208,-179,4,24,31,0,0,0,0,0,0,0,0,0,0,0,0,0,0,0,0,0,0,0,0,0,0,80807
1,1,1,1,1123,-1629,-1639,463,169,-202,5,24,28,0,0,0,0,0,0,0,0,0,0,0,0,0,0,0,0,0,0,0,0,0,0,80817
1,1,1,1,1076,-1592,-1610,428,120,-159,3,25,26,0,0,0,0,0,0,0,0,0,0,0,0,0,0,0,0,0,0,0,0,0,0,80827
1,1,1,1,1050,-1632,-1619,347,56,-92,3,25,29,0,0,0,0,0,0,0,0,0,0,0,0,0,0,0,0,0,0,0,0,0,0,80837
1,1,1,1,1009,-1654,-1681,283,36,-43,4,24,31,0,0,0,0,0,0,0,0,0,0,0,0,0,0,0,0,0,0,0,0,0,0,80847
1,1,1,1,962,-1686,-1754,268,78,-49,1,25,32,0,0,0,0,0,0,0,0,0,0,0,0,0,0,0,0,0,0,0,0,0,0,80857
1,1,1,1,953,-1698,-1800,304,150,-109,-1,26,31,0,0,0,0,0,0,0,0,0,0,0,0,0,0,0,0,0,0,0,0,0,0,80867
1,1,1,1,1004,-1660,-1763,334,199,-163,1,25,27,0,0,0,0,0,0,0,0,0,0,0,0,0,0,0,0,0,0,0,0,0,0,80877
1,1,1,1,1063,-1579,-1707,382,213,-184,2,24,33,0,0,0,0,0,0,0,0,0,0,0,0,0,0,0,0,0,0,0,0,0,0,80887
1,1,1,1,1101,-1528,-1657,465,217,-209,3,25,29,0,0,0,0,0,0,0,0,0,0,0,0,0,0,0,0,0,0,0,0,0,0,80897
1,1,1,1,1129,-1527,-1614,564,216,-246,2,25,30,0,0,0,0,0,0,0,0,0,0,0,0,0,0,0,0,0,0,0,0,0,0,80907
1,1,1,1,1145,-1515,-1587,622,201,-257,4,26,30,0,0,0,0,0,0,0,0,0,0,0,0,0,0,0,0,0,0,0,0,0,0,80917
1,1,1,1,1118,-1522,-1578,614,155,-210,1,27,30,0,0,0,0,0,0,0,0,0,0,0,0,0,0,0,0,0,0,0,0,0,0,80927
1,1,1,1,1088,-1621,-1599,472,119,-135,0,27,37,0,0,0,0,0,0,0,0,0,0,0,0,0,0,0,0,0,0,0,0,0,0,80937
1,1,1,1,1052,-1710,-1644,303,88,-110,0,28,35,0,0,0,0,0,0,0,0,0,0,0,0,0,0,0,0,0,0,0,0,0,0,80947
1,1,1,1,1010,-1737,-1680,214,88,-108,1,26,34,0,0,0,0,0,0,0,0,0,0,0,0,0,0,0,0,0,0,0,0,0,0,80957
1,1,1,1,978,-1719,-1685,156,79,-103,0,28,38,0,0,0,0,0,0,0,0,0,0,0,0,0,0,0,0,0,0,0,0,0,0,80967
1,1,1,1,943,-1647,-1652,187,76,-80,1,28,39,0,0,0,0,0,0,0,0,0,0,0,0,0,0,0,0,0,0,0,0,0,0,80977
1,1,1,1,928,-1563,-1629,349,77,-61,0,32,43,0,0,0,0,0,0,0,0,0,0,0,0,0,0,0,0,0,0,0,0,0,0,80987
1,1,1,1,929,-1569,-1634,583,102,-86,-4,33,46,0,0,0,0,0,0,0,0,0,0,0,0,0,0,0,0,0,0,0,0,0,0,80997
1,1,1,1,909,-1573,-1634,740,107,-107,-2,28,50,0,0,0,0,0,0,0,0,0,0,0,0,0,0,0,0,0,0,0,0,0,0,81007
1,1,1,1,896,-1669,-1667,739,105,-111,-6,30,52,0,0,0,0,0,0,0,0,0,0,0,0,0,0,0,0,0,0,0,0,0,0,81017
1,1,1,1,878,-1767,-1716,557,86,-89,-10,32,57,0,0,0,0,0,0,0,0,0,0,0,0,0,0,0,0,0,0,0,0,0,0,81027
1,1,1,1,854,-1892,-1772,227,48,-64,-12,31,56,0,0,0,0,0,0,0,0,0,0,0,0,0,0,0,0,0,0,0,0,0,0,81037
1,1,1,1,799,-1897,-1780,-74,-6,-23,-11,28,57,0,0,0,0,0,0,0,0,0,0,0,0,0,0,0,0,0,0,0,0,0,0,81047
1,1,1,1,712,-1800,-1792,-236,-14,36,-11,28,56,0,0,0,0,0,0,0,0,0,0,0,0,0,0,0,0,0,0,0,0,0,0,81057
1,1,1,1,668,-1577,-1749,-244,-15,154,-9,28,52,0,0,0,0,0,0,0,0,0,0,0,0,0,0,0,0,0,0,0,0,0,0,81067
1,1,1,1,646,-1404,-1677,-93,27,378,-7,28,46,0,0,0,0,0,0,0,0,0,0,0,0,0,0,0,0,0,0,0,0,0,0,81077
1,1,1,1,662,-1212,-1508,209,3,725,-2,30,45,0,0,0,0,0,0,0,0,0,0,0,0,0,0,0,0,0,0,0,0,0,0,81087
1,1,1,1,861,-1320,-1394,509,-113,952,1,30,48,0,0,0,0,0,0,0,0,0,0,0,0,0,0,0,0,0,0,0,0,0,0,81097
1,1,1,1,1110,-1739,-1400,753,-144,700,2,30,49,0,0,0,0,0,0,0,0,0,0,0,0,0,0,0,0,0,0,0,0,0,0,81107
1,1,1,1,1239,-2012,-1439,746,-18,343,1,33,47,0,0,0,0,0,0,0,0,0,0,0,0,0,0,0,0,0,0,0,0,0,0,81117
1,1,1,1,1384,-2055,-1382,483,-107,222,0,31,43,0,0,0,0,0,0,0,0,0,0,0,0,0,0,0,0,0,0,0,0,0,0,81127
1,1,1,1,1422,-2091,-1468,101,-112,158,-4,32,46,0,0,0,0,0,0,0,0,0,0,0,0,0,0,0,0,0,0,0,0,0,0,81137
1,1,1,1,1440,-2090,-1513,-149,-43,54,-3,31,51,0,0,0,0,0,0,0,0,0,0,0,0,0,0,0,0,0,0,0,0,0,0,81147
1,1,1,1,1491,-2033,-1411,-239,-113,-73,-6,33,53,0,0,0,0,0,0,0,0,0,0,0,0,0,0,0,0,0,0,0,0,0,0,81157
1,1,1,1,1481,-1950,-1417,-261,-126,-115,-10,33,57,0,0,0,0,0,0,0,0,0,0,0,0,0,0,0,0,0,0,0,0,0,0,81167
1,1,1,1,1404,-1938,-1523,-319,-38,-76,-13,34,61,0,0,0,0,0,0,0,0,0,0,0,0,0,0,0,0,0,0,0,0,0,0,81177
1,1,1,1,1377,-1973,-1609,-382,-8,-50,-14,33,62,0,0,0,0,0,0,0,0,0,0,0,0,0,0,0,0,0,0,0,0,0,0,81187
1,1,1,1,1391,-1966,-1688,-465,-31,-33,-17,32,62,0,0,0,0,0,0,0,0,0,0,0,0,0,0,0,0,0,0,0,0,0,0,81197
1,1,1,1,1425,-1947,-1727,-622,-45,7,-18,33,59,0,0,0,0,0,0,0,0,0,0,0,0,0,0,0,0,0,0,0,0,0,0,81207
1,1,1,1,1450,-1859,-1768,-736,-45,67,-18,31,56,0,0,0,0,0,0,0,0,0,0,0,0,0,0,0,0,0,0,0,0,0,0,81217
1,1,1,1,1458,-1773,-1737,-861,-32,153,-16,30,57,0,0,0,0,0,0,0,0,0,0,0,0,0,0,0,0,0,0,0,0,0,0,81227
1,1,1,1,1455,-1701,-1691,-838,-5,146,-13,30,61,0,0,0,0,0,0,0,0,0,0,0,0,0,0,0,0,0,0,0,0,0,0,81237
1,1,1,1,1474,-1565,-1510,-499,-40,-6,-11,30,62,0,0,0,0,0,0,0,0,0,0,0,0,0,0,0,0,0,0,0,0,0,0,81247
1,1,1,1,1456,-1504,-1503,-46,-124,-202,-14,33,68,0,0,0,0,0,0,0,0,0,0,0,0,0,0,0,0,0,0,0,0,0,0,81257
1,1,1,1,1380,-1466,-1597,197,-246,-300,-15,28,67,0,0,0,0,0,0,0,0,0,0,0,0,0,0,0,0,0,0,0,0,0,0,81267
1,1,1,1,1309,-1524,-1641,246,-338,-286,-19,30,70,0,0,0,0,0,0,0,0,0,0,0,0,0,0,0,0,0,0,0,0,0,0,81277
1,1,1,1,1264,-1635,-1681,101,-416,-261,-19,29,72,0,0,0,0,0,0,0,0,0,0,0,0,0,0,0,0,0,0,0,0,0,0,81287
1,1,1,1,1184,-1680,-1732,-76,-446,-235,-20,31,76,0,0,0,0,0,0,0,0,0,0,0,0,0,0,0,0,0,0,0,0,0,0,81297
1,1,1,1,1139,-1643,-1720,-194,-448,-199,-23,32,79,0,0,0,0,0,0,0,0,0,0,0,0,0,0,0,0,0,0,0,0,0,0,81307
1,1,1,1,1058,-1602,-1739,-264,-367,-138,-22,32,74,0,0,0,0,0,0,0,0,0,0,0,0,0,0,0,0,0,0,0,0,0,0,81317
1,1,1,1,1062,-1531,-1719,-280,-295,-30,-17,30,73,0,0,0,0,0,0,0,0,0,0,0,0,0,0,0,0,0,0,0,0,0,0,81327
1,1,1,1,963,-1463,-1644,-134,-213,49,-18,31,79,0,0,0,0,0,0,0,0,0,0,0,0,0,0,0,0,0,0,0,0,0,0,81337
1,1,1,1,934,-1477,-1680,98,-70,13,-16,30,81,0,0,0,0,0,0,0,0,0,0,0,0,0,0,0,0,0,0,0,0,0,0,81347
1,1,1,1,916,-1485,-1587,265,-82,-13,-19,31,85,0,0,0,0,0,0,0,0,0,0,0,0,0,0,0,0,0,0,0,0,0,0,81357
1,1,1,1,888,-1560,-1650,312,-84,-51,-21,31,88,0,0,0,0,0,0,0,0,0,0,0,0,0,0,0,0,0,0,0,0,0,0,81367
1,1,1,1,863,-1635,-1694,318,-63,-142,-22,32,88,0,0,0,0,0,0,0,0,0,0,0,0,0,0,0,0,0,0,0,0,0,0,81377
1,1,1,1,835,-1641,-1715,305,-27,-227,-19,30,85,0,0,0,0,0,0,0,0,0,0,0,0,0,0,0,0,0,0,0,0,0,0,81387
1,1,1,1,776,-1602,-1722,249,-32,-258,-20,30,85,0,0,0,0,0,0,0,0,0,0,0,0,0,0,0,0,0,0,0,0,0,0,81397
1,1,1,1,728,-1557,-1725,243,-18,-251,-19,30,82,0,0,0,0,0,0,0,0,0,0,0,0,0,0,0,0,0,0,0,0,0,0,81407
1,1,1,1,763,-1565,-1684,286,12,-255,-16,30,79,0,0,0,0,0,0,0,0,0,0,0,0,0,0,0,0,0,0,0,0,0,0,81417
1,1,1,1,873,-1590,-1589,390,49,-277,-14,30,75,0,0,0,0,0,0,0,0,0,0,0,0,0,0,0,0,0,0,0,0,0,0,81427
1,1,1,1,1049,-1632,-1512,475,121,-292,-12,30,73,0,0,0,0,0,0,0,0,0,0,0,0,0,0,0,0,0,0,0,0,0,0,81437
1,1,1,1,1145,-1680,-1467,508,169,-277,-12,30,72,0,0,0,0,0,0,0,0,0,0,0,0,0,0,0,0,0,0,0,0,0,0,81447
1,1,1,1,1238,-1770,-1409,532,180,-283,-15,31,72,0,0,0,0,0,0,0,0,0,0,0,0,0,0,0,0,0,0,0,0,0,0,81457
1,1,1,1,1216,-1828,-1503,449,189,-279,-15,30,75,0,0,0,0,0,0,0,0,0,0,0,0,0,0,0,0,0,0,0,0,0,0,81467
1,1,1,1,1138,-1804,-1606,314,227,-212,-15,30,75,0,0,0,0,0,0,0,0,0,0,0,0,0,0,0,0,0,0,0,0,0,0,81477
1,1,1,1,1123,-1802,-1623,201,227,-167,-19,31,76,0,0,0,0,0,0,0,0,0,0,0,0,0,0,0,0,0,0,0,0,0,0,81487
1,1,1,1,1099,-1773,-1631,137,224,-131,-18,31,79,0,0,0,0,0,0,0,0,0,0,0,0,0,0,0,0,0,0,0,0,0,0,81497
1,1,1,1,1063,-1756,-1616,167,191,-112,-18,30,80,0,0,0,0,0,0,0,0,0,0,0,0,0,0,0,0,0,0,0,0,0,0,81507
1,1,1,1,1025,-1748,-1605,240,173,-108,-18,31,87,0,0,0,0,0,0,0,0,0,0,0,0,0,0,0,0,0,0,0,0,0,0,81517
1,1,1,1,943,-1746,-1642,368,151,-101,-21,31,87,0,0,0,0,0,0,0,0,0,0,0,0,0,0,0,0,0,0,0,0,0,0,81527
1,1,1,1,859,-1798,-1654,504,107,-86,-25,32,89,0,0,0,0,0,0,0,0,0,0,0,0,0,0,0,0,0,0,0,0,0,0,81537
1,1,1,1,853,-1866,-1666,529,45,-81,-27,33,93,0,0,0,0,0,0,0,0,0,0,0,0,0,0,0,0,0,0,0,0,0,0,81547
1,1,1,1,850,-1907,-1707,380,-21,-31,-32,36,95,0,0,0,0,0,0,0,0,0,0,0,0,0,0,0,0,0,0,0,0,0,0,81557
1,1,1,1,821,-1889,-1732,192,-38,60,-29,31,93,0,0,0,0,0,0,0,0,0,0,0,0,0,0,0,0,0,0,0,0,0,0,81567
1,1,1,1,812,-1814,-1721,66,20,181,-29,37,90,0,0,0,0,0,0,0,0,0,0,0,0,0,0,0,0,0,0,0,0,0,0,81577
1,1,1,1,834,-1762,-1632,21,15,294,-28,38,86,0,0,0,0,0,0,0,0,0,0,0,0,0,0,0,0,0,0,0,0,0,0,81587
1,1,1,1,939,-1727,-1566,2,17,369,-24,32,78,0,0,0,0,0,0,0,0,0,0,0,0,0,0,0,0,0,0,0,0,0,0,81597
1,1,1,1,958,-1645,-1483,47,49,521,-21,32,74,0,0,0,0,0,0,0,0,0,0,0,0,0,0,0,0,0,0,0,0,0,0,81607
1,1,1,1,1094,-1611,-1446,84,99,698,-18,30,67,0,0,0,0,0,0,0,0,0,0,0,0,0,0,0,0,0,0,0,0,0,0,81617
1,1,1,1,1229,-1639,-1338,178,125,807,-18,33,75,0,0,0,0,0,0,0,0,0,0,0,0,0,0,0,0,0,0,0,0,0,0,81627
1,1,1,1,1445,-1839,-1338,273,140,669,-18,30,77,0,0,0,0,0,0,0,0,0,0,0,0,0,0,0,0,0,0,0,0,0,0,81637
1,1,1,1,1478,-1995,-1386,219,83,440,-20,32,77,0,0,0,0,0,0,0,0,0,0,0,0,0,0,0,0,0,0,0,0,0,0,81647
1,1,1,1,1388,-2017,-1468,64,49,278,-20,32,78,0,0,0,0,0,0,0,0,0,0,0,0,0,0,0,0,0,0,0,0,0,0,81657
1,1,1,1,1226,-1845,-1554,-87,73,316,-21,32,79,0,0,0,0,0,0,0,0,0,0,0,0,0,0,0,0,0,0,0,0,0,0,81667
1,1,1,1,1117,-1788,-1623,-234,133,396,-22,32,81,0,0,0,0,0,0,0,0,0,0,0,0,0,0,0,0,0,0,0,0,0,0,81677
1,1,1,1,1128,-1796,-1616,-247,113,354,-22,32,80,0,0,0,0,0,0,0,0,0,0,0,0,0,0,0,0,0,0,0,0,0,0,81687
1,1,1,1,1102,-1797,-1670,-223,66,279,-21,32,79,0,0,0,0,0,0,0,0,0,0,0,0,0,0,0,0,0,0,0,0,0,0,81697
1,1,1,1,1092,-1756,-1718,-197,75,259,-19,32,74,0,0,0,0,0,0,0,0,0,0,0,0,0,0,0,0,0,0,0,0,0,0,81707
1,1,1,1,1105,-1704,-1646,-104,88,239,-18,31,73,0,0,0,0,0,0,0,0,0,0,0,0,0,0,0,0,0,0,0,0,0,0,81717
1,1,1,1,1209,-1671,-1524,-11,63,249,-15,31,70,0,0,0,0,0,0,0,0,0,0,0,0,0,0,0,0,0,0,0,0,0,0,81727
1,1,1,1,1281,-1725,-1467,92,49,213,-17,31,70,0,0,0,0,0,0,0,0,0,0,0,0,0,0,0,0,0,0,0,0,0,0,81737
1,1,1,1,1298,-1793,-1509,81,12,178,-19,32,70,0,0,0,0,0,0,0,0,0,0,0,0,0,0,0,0,0,0,0,0,0,0,81747
1,1,1,1,1254,-1830,-1571,-34,-23,181,-18,32,74,0,0,0,0,0,0,0,0,0,0,0,0,0,0,0,0,0,0,0,0,0,0,81757
1,1,1,1,1173,-1825,-1598,-134,-38,171,-20,30,74,0,0,0,0,0,0,0,0,0,0,0,0,0,0,0,0,0,0,0,0,0,0,81767
1,1,1,1,1133,-1783,-1626,-202,-44,155,-22,31,75,0,0,0,0,0,0,0,0,0,0,0,0,0,0,0,0,0,0,0,0,0,0,81777
1,1,1,1,1076,-1749,-1636,-203,-35,132,-18,32,74,0,0,0,0,0,0,0,0,0,0,0,0,0,0,0,0,0,0,0,0,0,0,81787
1,1,1,1,1077,-1696,-1613,-152,-35,118,-17,31,72,0,0,0,0,0,0,0,0,0,0,0,0,0,0,0,0,0,0,0,0,0,0,81797
1,1,1,1,1126,-1652,-1598,-53,-36,111,-16,32,71,0,0,0,0,0,0,0,0,0,0,0,0,0,0,0,0,0,0,0,0,0,0,81807
1,1,1,1,1139,-1646,-1570,54,-28,68,-15,31,72,0,0,0,0,0,0,0,0,0,0,0,0,0,0,0,0,0,0,0,0,0,0,81817
1,1,1,1,1114,-1652,-1573,230,-12,6,-14,31,70,0,0,0,0,0,0,0,0,0,0,0,0,0,0,0,0,0,0,0,0,0,0,81827
1,1,1,1,1114,-1652,-1573,323,8,-41,-14,31,70,0,0,0,0,0,0,0,0,0,0,0,0,0,0,0,0,0,0,0,0,0,0,81837
1,1,1,1,1123,-1766,-1580,297,22,-74,-14,31,67,0,0,0,0,0,0,0,0,0,0,0,0,0,0,0,0,0,0,0,0,0,0,81847
1,1,1,1,1130,-1823,-1566,197,25,-103,-16,36,72,0,0,0,0,0,0,0,0,0,0,0,0,0,0,0,0,0,0,0,0,0,0,81857
1,1,1,1,1108,-1818,-1539,102,11,-121,-12,32,68,0,0,0,0,0,0,0,0,0,0,0,0,0,0,0,0,0,0,0,0,0,0,81867
1,1,1,1,1078,-1797,-1534,64,11,-134,-12,31,68,0,0,0,0,0,0,0,0,0,0,0,0,0,0,0,0,0,0,0,0,0,0,81877
1,1,1,1,1073,-1797,-1554,31,9,-159,-12,32,71,0,0,0,0,0,0,0,0,0,0,0,0,0,0,0,0,0,0,0,0,0,0,81887
1,1,1,1,1071,-1768,-1545,51,-16,-176,-14,35,69,0,0,0,0,0,0,0,0,0,0,0,0,0,0,0,0,0,0,0,0,0,0,81897
1,1,1,1,1092,-1725,-1557,119,1,-182,-12,32,70,0,0,0,0,0,0,0,0,0,0,0,0,0,0,0,0,0,0,0,0,0,0,81907
1,1,1,1,1123,-1693,-1515,227,18,-192,-10,33,71,0,0,0,0,0,0,0,0,0,0,0,0,0,0,0,0,0,0,0,0,0,0,81917
1,1,1,1,1160,-1704,-1490,332,21,-233,-8,33,72,0,0,0,0,0,0,0,0,0,0,0,0,0,0,0,0,0,0,0,0,0,0,81927
1,1,1,1,1173,-1764,-1510,350,12,-275,-10,34,74,0,0,0,0,0,0,0,0,0,0,0,0,0,0,0,0,0,0,0,0,0,0,81937
1,1,1,1,1148,-1823,-1528,302,3,-291,-11,34,76,0,0,0,0,0,0,0,0,0,0,0,0,0,0,0,0,0,0,0,0,0,0,81947
1,1,1,1,1134,-1860,-1511,213,-28,-285,-10,32,77,0,0,0,0,0,0,0,0,0,0,0,0,0,0,0,0,0,0,0,0,0,0,81957
1,1,1,1,1127,-1882,-1508,146,-53,-284,-11,34,76,0,0,0,0,0,0,0,0,0,0,0,0,0,0,0,0,0,0,0,0,0,0,81967
1,1,1,1,1102,-1878,-1506,62,-106,-265,-14,34,77,0,0,0,0,0,0,0,0,0,0,0,0,0,0,0,0,0,0,0,0,0,0,81977
1,1,1,1,1085,-1858,-1522,11,-149,-233,-14,35,79,0,0,0,0,0,0,0,0,0,0,0,0,0,0,0,0,0,0,0,0,0,0,81987
1,1,1,1,1098,-1827,-1539,16,-145,-204,-14,35,78,0,0,0,0,0,0,0,0,0,0,0,0,0,0,0,0,0,0,0,0,0,0,81997
1,1,1,1,1132,-1758,-1496,81,-162,-162,-16,35,78,0,0,0,0,0,0,0,0,0,0,0,0,0,0,0,0,0,0,0,0,0,0,82007
1,1,1,1,1170,-1731,-1491,182,-184,-142,-14,35,78,0,0,0,0,0,0,0,0,0,0,0,0,0,0,0,0,0,0,0,0,0,0,82017
1,1,1,1,1193,-1747,-1492,256,-187,-133,-15,36,79,0,0,0,0,0,0,0,0,0,0,0,0,0,0,0,0,0,0,0,0,0,0,82027
1,1,1,1,1111,-1825,-1579,196,-150,-61,-17,34,83,0,0,0,0,0,0,0,0,0,0,0,0,0,0,0,0,0,0,0,0,0,0,82047
1,1,1,1,1012,-1845,-1589,118,-135,-27,-16,35,81,0,0,0,0,0,0,0,0,0,0,0,0,0,0,0,0,0,0,0,0,0,0,82057
1,1,1,1,970,-1840,-1610,65,-122,-7,-14,34,80,0,0,0,0,0,0,0,0,0,0,0,0,0,0,0,0,0,0,0,0,0,0,82067
1,1,1,1,939,-1829,-1582,45,-151,-14,-16,35,75,0,0,0,0,0,0,0,0,0,0,0,0,0,0,0,0,0,0,0,0,0,0,82077
1,1,1,1,913,-1830,-1619,39,-126,-55,-14,35,76,0,0,0,0,0,0,0,0,0,0,0,0,0,0,0,0,0,0,0,0,0,0,82087
1,1,1,1,901,-1810,-1610,73,-107,-80,-12,35,72,0,0,0,0,0,0,0,0,0,0,0,0,0,0,0,0,0,0,0,0,0,0,82097
1,1,1,1,945,-1757,-1561,141,-63,-95,-6,35,71,0,0,0,0,0,0,0,0,0,0,0,0,0,0,0,0,0,0,0,0,0,0,82107
1,1,1,1,1006,-1694,-1486,204,-32,-91,-4,35,66,0,0,0,0,0,0,0,0,0,0,0,0,0,0,0,0,0,0,0,0,0,0,82117
1,1,1,1,1095,-1707,-1427,287,6,-120,-4,36,67,0,0,0,0,0,0,0,0,0,0,0,0,0,0,0,0,0,0,0,0,0,0,82127
1,1,1,1,1093,-1764,-1420,362,27,-183,-5,36,67,0,0,0,0,0,0,0,0,0,0,0,0,0,0,0,0,0,0,0,0,0,0,82137
1,1,1,1,1099,-1831,-1454,327,44,-237,-5,34,67,0,0,0,0,0,0,0,0,0,0,0,0,0,0,0,0,0,0,0,0,0,0,82147
1,1,1,1,1093,-1844,-1447,257,43,-251,-8,37,69,0,0,0,0,0,0,0,0,0,0,0,0,0,0,0,0,0,0,0,0,0,0,82157
1,1,1,1,1116,-1842,-1469,187,45,-237,-8,36,70,0,0,0,0,0,0,0,0,0,0,0,0,0,0,0,0,0,0,0,0,0,0,82167
1,1,1,1,1094,-1838,-1484,155,58,-234,-8,38,67,0,0,0,0,0,0,0,0,0,0,0,0,0,0,0,0,0,0,0,0,0,0,82177
1,1,1,1,1133,-1842,-1480,145,62,-263,-5,33,67,0,0,0,0,0,0,0,0,0,0,0,0,0,0,0,0,0,0,0,0,0,0,82187
1,1,1,1,1148,-1820,-1486,152,89,-282,-8,37,65,0,0,0,0,0,0,0,0,0,0,0,0,0,0,0,0,0,0,0,0,0,0,82197
1,1,1,1,1154,-1770,-1481,149,112,-282,-5,36,66,0,0,0,0,0,0,0,0,0,0,0,0,0,0,0,0,0,0,0,0,0,0,82207
1,1,1,1,1167,-1749,-1450,189,116,-280,-7,38,64,0,0,0,0,0,0,0,0,0,0,0,0,0,0,0,0,0,0,0,0,0,0,82217
1,1,1,1,1167,-1761,-1436,209,104,-292,-5,35,67,0,0,0,0,0,0,0,0,0,0,0,0,0,0,0,0,0,0,0,0,0,0,82227
1,1,1,1,1152,-1813,-1410,218,91,-324,-5,34,68,0,0,0,0,0,0,0,0,0,0,0,0,0,0,0,0,0,0,0,0,0,0,82237
1,1,1,1,1101,-1846,-1456,148,85,-313,-5,37,69,0,0,0,0,0,0,0,0,0,0,0,0,0,0,0,0,0,0,0,0,0,0,82247
1,1,1,1,1038,-1863,-1478,65,75,-271,-5,36,71,0,0,0,0,0,0,0,0,0,0,0,0,0,0,0,0,0,0,0,0,0,0,82257
1,1,1,1,980,-1879,-1524,5,98,-220,-4,36,66,0,0,0,0,0,0,0,0,0,0,0,0,0,0,0,0,0,0,0,0,0,0,82267
1,1,1,1,1018,-1890,-1525,-46,112,-191,-4,36,64,0,0,0,0,0,0,0,0,0,0,0,0,0,0,0,0,0,0,0,0,0,0,82277
1,1,1,1,1073,-1888,-1471,-101,109,-161,-4,35,65,0,0,0,0,0,0,0,0,0,0,0,0,0,0,0,0,0,0,0,0,0,0,82287
1,1,1,1,1103,-1825,-1455,-122,134,-128,-7,36,61,0,0,0,0,0,0,0,0,0,0,0,0,0,0,0,0,0,0,0,0,0,0,82297
1,1,1,1,1092,-1740,-1404,-68,144,-71,-2,36,65,0,0,0,0,0,0,0,0,0,0,0,0,0,0,0,0,0,0,0,0,0,0,82307
1,1,1,1,1047,-1710,-1376,89,158,-24,-4,36,66,0,0,0,0,0,0,0,0,0,0,0,0,0,0,0,0,0,0,0,0,0,0,82317
1,1,1,1,1028,-1780,-1440,213,204,-4,-7,37,67,0,0,0,0,0,0,0,0,0,0,0,0,0,0,0,0,0,0,0,0,0,0,82327
1,1,1,1,1021,-1871,-1477,212,236,10,-10,37,69,0,0,0,0,0,0,0,0,0,0,0,0,0,0,0,0,0,0,0,0,0,0,82337
1,1,1,1,1015,-1940,-1509,99,228,42,-11,36,72,0,0,0,0,0,0,0,0,0,0,0,0,0,0,0,0,0,0,0,0,0,0,82347
1,1,1,1,1000,-1998,-1530,-90,212,74,-13,35,72,0,0,0,0,0,0,0,0,0,0,0,0,0,0,0,0,0,0,0,0,0,0,82357
1,1,1,1,956,-1983,-1525,-223,197,100,-17,36,74,0,0,0,0,0,0,0,0,0,0,0,0,0,0,0,0,0,0,0,0,0,0,82367
1,1,1,1,902,-1926,-1533,-291,175,128,-17,35,77,0,0,0,0,0,0,0,0,0,0,0,0,0,0,0,0,0,0,0,0,0,0,82377
1,1,1,1,849,-1858,-1539,-271,166,173,-18,35,76,0,0,0,0,0,0,0,0,0,0,0,0,0,0,0,0,0,0,0,0,0,0,82387
1,1,1,1,835,-1789,-1508,-163,170,239,-19,35,77,0,0,0,0,0,0,0,0,0,0,0,0,0,0,0,0,0,0,0,0,0,0,82397
1,1,1,1,849,-1749,-1474,-13,160,306,-17,36,75,0,0,0,0,0,0,0,0,0,0,0,0,0,0,0,0,0,0,0,0,0,0,82407
1,1,1,1,845,-1731,-1465,112,173,387,-17,35,75,0,0,0,0,0,0,0,0,0,0,0,0,0,0,0,0,0,0,0,0,0,0,82417
1,1,1,1,895,-1746,-1443,140,180,469,-16,34,72,0,0,0,0,0,0,0,0,0,0,0,0,0,0,0,0,0,0,0,0,0,0,82427
1,1,1,1,943,-1798,-1428,48,120,608,-19,35,68,0,0,0,0,0,0,0,0,0,0,0,0,0,0,0,0,0,0,0,0,0,0,82437
1,1,1,1,1011,-1833,-1390,-106,56,766,-18,34,61,0,0,0,0,0,0,0,0,0,0,0,0,0,0,0,0,0,0,0,0,0,0,82447
1,1,1,1,1240,-1890,-1290,-250,-48,792,-13,31,60,0,0,0,0,0,0,0,0,0,0,0,0,0,0,0,0,0,0,0,0,0,0,82457
1,1,1,1,1388,-1975,-1267,-255,-63,538,-15,31,65,0,0,0,0,0,0,0,0,0,0,0,0,0,0,0,0,0,0,0,0,0,0,82467
1,1,1,1,1332,-1917,-1453,-241,149,297,-15,33,63,0,0,0,0,0,0,0,0,0,0,0,0,0,0,0,0,0,0,0,0,0,0,82477
1,1,1,1,1242,-1754,-1427,-177,215,333,-14,33,61,0,0,0,0,0,0,0,0,0,0,0,0,0,0,0,0,0,0,0,0,0,0,82487
1,1,1,1,1408,-1753,-1310,-4,179,331,-14,35,65,0,0,0,0,0,0,0,0,0,0,0,0,0,0,0,0,0,0,0,0,0,0,82507
1,1,1,1,1366,-1790,-1384,130,144,257,-20,35,71,0,0,0,0,0,0,0,0,0,0,0,0,0,0,0,0,0,0,0,0,0,0,82517
1,1,1,1,1326,-1870,-1459,89,117,212,-21,36,77,0,0,0,0,0,0,0,0,0,0,0,0,0,0,0,0,0,0,0,0,0,0,82527
1,1,1,1,1212,-1928,-1528,5,136,191,-20,36,73,0,0,0,0,0,0,0,0,0,0,0,0,0,0,0,0,0,0,0,0,0,0,82537
1,1,1,1,1156,-1919,-1544,-135,113,243,-18,34,76,0,0,0,0,0,0,0,0,0,0,0,0,0,0,0,0,0,0,0,0,0,0,82547
1,1,1,1,1091,-1919,-1536,-221,84,260,-20,34,75,0,0,0,0,0,0,0,0,0,0,0,0,0,0,0,0,0,0,0,0,0,0,82557
1,1,1,1,1038,-1895,-1549,-260,47,283,-19,34,76,0,0,0,0,0,0,0,0,0,0,0,0,0,0,0,0,0,0,0,0,0,0,82567
1,1,1,1,1056,-1895,-1475,-262,20,264,-18,35,71,0,0,0,0,0,0,0,0,0,0,0,0,0,0,0,0,0,0,0,0,0,0,82577
1,1,1,1,1145,-1828,-1395,-198,-65,259,-17,34,72,0,0,0,0,0,0,0,0,0,0,0,0,0,0,0,0,0,0,0,0,0,0,82587
1,1,1,1,1146,-1795,-1427,-78,-37,235,-16,34,69,0,0,0,0,0,0,0,0,0,0,0,0,0,0,0,0,0,0,0,0,0,0,82597
1,1,1,1,1278,-1788,-1368,35,-119,266,-20,33,74,0,0,0,0,0,0,0,0,0,0,0,0,0,0,0,0,0,0,0,0,0,0,82607
1,1,1,1,1352,-1879,-1472,24,-15,196,-20,34,75,0,0,0,0,0,0,0,0,0,0,0,0,0,0,0,0,0,0,0,0,0,0,82617
1,1,1,1,1273,-1880,-1465,52,-24,179,-23,33,76,0,0,0,0,0,0,0,0,0,0,0,0,0,0,0,0,0,0,0,0,0,0,82627
1,1,1,1,1309,-1849,-1550,-74,-4,241,-23,33,75,0,0,0,0,0,0,0,0,0,0,0,0,0,0,0,0,0,0,0,0,0,0,82637
1,1,1,1,1274,-1850,-1585,-136,45,245,-23,34,75,0,0,0,0,0,0,0,0,0,0,0,0,0,0,0,0,0,0,0,0,0,0,82647
1,1,1,1,1227,-1817,-1629,-178,28,224,-22,34,75,0,0,0,0,0,0,0,0,0,0,0,0,0,0,0,0,0,0,0,0,0,0,82657
1,1,1,1,1178,-1799,-1615,-173,5,167,-21,34,74,0,0,0,0,0,0,0,0,0,0,0,0,0,0,0,0,0,0,0,0,0,0,82667
1,1,1,1,1195,-1747,-1569,-165,-1,101,-20,35,73,0,0,0,0,0,0,0,0,0,0,0,0,0,0,0,0,0,0,0,0,0,0,82677
1,1,1,1,1169,-1671,-1503,-75,-7,38,-16,35,70,0,0,0,0,0,0,0,0,0,0,0,0,0,0,0,0,0,0,0,0,0,0,82687
1,1,1,1,1161,-1622,-1432,96,0,-10,-14,35,70,0,0,0,0,0,0,0,0,0,0,0,0,0,0,0,0,0,0,0,0,0,0,82697
1,1,1,1,1134,-1681,-1421,235,1,-59,-12,35,70,0,0,0,0,0,0,0,0,0,0,0,0,0,0,0,0,0,0,0,0,0,0,82707
1,1,1,1,1105,-1786,-1438,262,4,-114,-11,35,72,0,0,0,0,0,0,0,0,0,0,0,0,0,0,0,0,0,0,0,0,0,0,82717
1,1,1,1,1092,-1878,-1476,227,22,-143,-13,35,72,0,0,0,0,0,0,0,0,0,0,0,0,0,0,0,0,0,0,0,0,0,0,82727
1,1,1,1,1082,-1912,-1491,135,28,-156,-13,35,71,0,0,0,0,0,0,0,0,0,0,0,0,0,0,0,0,0,0,0,0,0,0,82737
1,1,1,1,1094,-1924,-1509,23,37,-167,-13,35,69,0,0,0,0,0,0,0,0,0,0,0,0,0,0,0,0,0,0,0,0,0,0,82747
1,1,1,1,1106,-1881,-1496,-61,70,-163,-17,39,71,0,0,0,0,0,0,0,0,0,0,0,0,0,0,0,0,0,0,0,0,0,0,82757
1,1,1,1,1125,-1816,-1454,-93,90,-154,-11,35,69,0,0,0,0,0,0,0,0,0,0,0,0,0,0,0,0,0,0,0,0,0,0,82767
1,1,1,1,1160,-1766,-1389,-27,86,-169,-11,38,67,0,0,0,0,0,0,0,0,0,0,0,0,0,0,0,0,0,0,0,0,0,0,82777
1,1,1,1,1219,-1725,-1277,131,21,-213,-10,34,68,0,0,0,0,0,0,0,0,0,0,0,0,0,0,0,0,0,0,0,0,0,0,82787
1,1,1,1,1245,-1754,-1298,288,-68,-286,-12,35,74,0,0,0,0,0,0,0,0,0,0,0,0,0,0,0,0,0,0,0,0,0,0,82797
1,1,1,1,1212,-1803,-1343,355,-158,-325,-13,38,79,0,0,0,0,0,0,0,0,0,0,0,0,0,0,0,0,0,0,0,0,0,0,82807
1,1,1,1,1193,-1841,-1407,311,-208,-324,-16,38,78,0,0,0,0,0,0,0,0,0,0,0,0,0,0,0,0,0,0,0,0,0,0,82817
1,1,1,1,1155,-1831,-1434,232,-256,-285,-17,40,81,0,0,0,0,0,0,0,0,0,0,0,0,0,0,0,0,0,0,0,0,0,0,82827
1,1,1,1,1111,-1818,-1466,189,-300,-249,-14,36,78,0,0,0,0,0,0,0,0,0,0,0,0,0,0,0,0,0,0,0,0,0,0,82837
1,1,1,1,1008,-1785,-1539,160,-246,-197,-13,36,79,0,0,0,0,0,0,0,0,0,0,0,0,0,0,0,0,0,0,0,0,0,0,82847
1,1,1,1,953,-1779,-1572,144,-198,-130,-9,37,78,0,0,0,0,0,0,0,0,0,0,0,0,0,0,0,0,0,0,0,0,0,0,82857
1,1,1,1,928,-1874,-1489,233,-207,-212,-8,36,79,0,0,0,0,0,0,0,0,0,0,0,0,0,0,0,0,0,0,0,0,0,0,82867
1,1,1,1,976,-1910,-1466,299,-172,-328,-9,37,74,0,0,0,0,0,0,0,0,0,0,0,0,0,0,0,0,0,0,0,0,0,0,82877
1,1,1,1,940,-1832,-1378,363,-157,-346,-9,38,75,0,0,0,0,0,0,0,0,0,0,0,0,0,0,0,0,0,0,0,0,0,0,82887
1,1,1,1,966,-1875,-1396,404,-159,-330,-11,37,76,0,0,0,0,0,0,0,0,0,0,0,0,0,0,0,0,0,0,0,0,0,0,82897
1,1,1,1,999,-1973,-1419,303,-119,-308,-9,37,70,0,0,0,0,0,0,0,0,0,0,0,0,0,0,0,0,0,0,0,0,0,0,82917
1,1,1,1,972,-1978,-1452,227,-97,-299,-7,37,70,0,0,0,0,0,0,0,0,0,0,0,0,0,0,0,0,0,0,0,0,0,0,82927
1,1,1,1,1061,-1965,-1455,122,-68,-291,-8,38,70,0,0,0,0,0,0,0,0,0,0,0,0,0,0,0,0,0,0,0,0,0,0,82937
1,1,1,1,1108,-1908,-1401,64,-55,-308,-7,37,64,0,0,0,0,0,0,0,0,0,0,0,0,0,0,0,0,0,0,0,0,0,0,82947
1,1,1,1,1168,-1865,-1390,40,-38,-332,-6,37,66,0,0,0,0,0,0,0,0,0,0,0,0,0,0,0,0,0,0,0,0,0,0,82957
1,1,1,1,1194,-1865,-1376,41,-16,-372,-4,38,63,0,0,0,0,0,0,0,0,0,0,0,0,0,0,0,0,0,0,0,0,0,0,82967
1,1,1,1,1148,-1870,-1394,60,-4,-393,-7,37,63,0,0,0,0,0,0,0,0,0,0,0,0,0,0,0,0,0,0,0,0,0,0,82977
1,1,1,1,1143,-1861,-1415,40,29,-365,-6,37,63,0,0,0,0,0,0,0,0,0,0,0,0,0,0,0,0,0,0,0,0,0,0,82987
1,1,1,1,1132,-1863,-1388,27,11,-324,-6,36,63,0,0,0,0,0,0,0,0,0,0,0,0,0,0,0,0,0,0,0,0,0,0,82997
1,1,1,1,1134,-1901,-1413,13,29,-339,-3,36,64,0,0,0,0,0,0,0,0,0,0,0,0,0,0,0,0,0,0,0,0,0,0,83007
1,1,1,1,1145,-1913,-1418,-9,35,-360,-6,37,62,0,0,0,0,0,0,0,0,0,0,0,0,0,0,0,0,0,0,0,0,0,0,83017
1,1,1,1,1145,-1913,-1418,-40,19,-343,-3,36,61,0,0,0,0,0,0,0,0,0,0,0,0,0,0,0,0,0,0,0,0,0,0,83027
1,1,1,1,1113,-1883,-1370,-67,12,-277,-3,37,61,0,0,0,0,0,0,0,0,0,0,0,0,0,0,0,0,0,0,0,0,0,0,83037
1,1,1,1,1054,-1928,-1400,-85,23,-228,-2,36,60,0,0,0,0,0,0,0,0,0,0,0,0,0,0,0,0,0,0,0,0,0,0,83047
1,1,1,1,993,-1932,-1431,-101,23,-154,-3,35,58,0,0,0,0,0,0,0,0,0,0,0,0,0,0,0,0,0,0,0,0,0,0,83057
1,1,1,1,992,-1911,-1402,-111,19,-73,-3,40,60,0,0,0,0,0,0,0,0,0,0,0,0,0,0,0,0,0,0,0,0,0,0,83067
1,1,1,1,969,-1863,-1386,-28,5,8,-4,35,59,0,0,0,0,0,0,0,0,0,0,0,0,0,0,0,0,0,0,0,0,0,0,83077
1,1,1,1,946,-1858,-1472,6,27,78,-6,38,60,0,0,0,0,0,0,0,0,0,0,0,0,0,0,0,0,0,0,0,0,0,0,83087
1,1,1,1,1024,-1876,-1469,0,67,117,-4,34,57,0,0,0,0,0,0,0,0,0,0,0,0,0,0,0,0,0,0,0,0,0,0,83097
1,1,1,1,1106,-1864,-1421,-12,103,116,-5,34,57,0,0,0,0,0,0,0,0,0,0,0,0,0,0,0,0,0,0,0,0,0,0,83107
1,1,1,1,1131,-1825,-1434,-40,134,135,-8,37,58,0,0,0,0,0,0,0,0,0,0,0,0,0,0,0,0,0,0,0,0,0,0,83117
1,1,1,1,1123,-1807,-1426,-62,162,145,-8,37,57,0,0,0,0,0,0,0,0,0,0,0,0,0,0,0,0,0,0,0,0,0,0,83127
1,1,1,1,1105,-1817,-1429,-75,191,151,-8,36,61,0,0,0,0,0,0,0,0,0,0,0,0,0,0,0,0,0,0,0,0,0,0,83137
1,1,1,1,1060,-1838,-1416,-91,215,158,-8,33,61,0,0,0,0,0,0,0,0,0,0,0,0,0,0,0,0,0,0,0,0,0,0,83147
1,1,1,1,1019,-1873,-1420,-134,238,186,-9,32,62,0,0,0,0,0,0,0,0,0,0,0,0,0,0,0,0,0,0,0,0,0,0,83157
1,1,1,1,972,-1895,-1424,-170,249,220,-11,35,65,0,0,0,0,0,0,0,0,0,0,0,0,0,0,0,0,0,0,0,0,0,0,83167
1,1,1,1,924,-1880,-1407,-168,247,250,-12,35,67,0,0,0,0,0,0,0,0,0,0,0,0,0,0,0,0,0,0,0,0,0,0,83177
1,1,1,1,897,-1854,-1401,-115,252,302,-13,35,68,0,0,0,0,0,0,0,0,0,0,0,0,0,0,0,0,0,0,0,0,0,0,83187
1,1,1,1,899,-1843,-1418,-85,253,376,-15,36,71,0,0,0,0,0,0,0,0,0,0,0,0,0,0,0,0,0,0,0,0,0,0,83197
1,1,1,1,931,-1832,-1404,-101,248,482,-14,35,67,0,0,0,0,0,0,0,0,0,0,0,0,0,0,0,0,0,0,0,0,0,0,83207
1,1,1,1,952,-1842,-1403,-146,208,585,-15,36,68,0,0,0,0,0,0,0,0,0,0,0,0,0,0,0,0,0,0,0,0,0,0,83217
1,1,1,1,1051,-1869,-1363,-202,148,643,-13,36,66,0,0,0,0,0,0,0,0,0,0,0,0,0,0,0,0,0,0,0,0,0,0,83227
1,1,1,1,1161,-1877,-1289,-213,100,616,-13,36,64,0,0,0,0,0,0,0,0,0,0,0,0,0,0,0,0,0,0,0,0,0,0,83237
1,1,1,1,1250,-1864,-1252,-214,45,585,-15,35,65,0,0,0,0,0,0,0,0,0,0,0,0,0,0,0,0,0,0,0,0,0,0,83247
1,1,1,1,1282,-1857,-1317,-230,100,541,-16,35,66,0,0,0,0,0,0,0,0,0,0,0,0,0,0,0,0,0,0,0,0,0,0,83257
1,1,1,1,1207,-1872,-1403,-171,195,480,-18,35,72,0,0,0,0,0,0,0,0,0,0,0,0,0,0,0,0,0,0,0,0,0,0,83267
1,1,1,1,1150,-1892,-1469,-127,263,420,-18,34,71,0,0,0,0,0,0,0,0,0,0,0,0,0,0,0,0,0,0,0,0,0,0,83277
1,1,1,1,1140,-1875,-1432,-121,235,449,-18,35,68,0,0,0,0,0,0,0,0,0,0,0,0,0,0,0,0,0,0,0,0,0,0,83287
1,1,1,1,1194,-1834,-1409,-184,213,526,-20,34,74,0,0,0,0,0,0,0,0,0,0,0,0,0,0,0,0,0,0,0,0,0,0,83297
1,1,1,1,1221,-1932,-1454,-159,274,419,-20,35,69,0,0,0,0,0,0,0,0,0,0,0,0,0,0,0,0,0,0,0,0,0,0,83307
1,1,1,1,1213,-1879,-1396,-146,105,361,-17,35,68,0,0,0,0,0,0,0,0,0,0,0,0,0,0,0,0,0,0,0,0,0,0,83327
1,1,1,1,1242,-1833,-1392,-166,-12,393,-20,34,66,0,0,0,0,0,0,0,0,0,0,0,0,0,0,0,0,0,0,0,0,0,0,83337
1,1,1,1,1316,-1830,-1483,-261,-26,421,-17,33,70,0,0,0,0,0,0,0,0,0,0,0,0,0,0,0,0,0,0,0,0,0,0,83347
1,1,1,1,1344,-1871,-1551,-251,69,320,-18,32,70,0,0,0,0,0,0,0,0,0,0,0,0,0,0,0,0,0,0,0,0,0,0,83357
1,1,1,1,1354,-1839,-1510,-185,35,227,-20,35,73,0,0,0,0,0,0,0,0,0,0,0,0,0,0,0,0,0,0,0,0,0,0,83367
1,1,1,1,1356,-1744,-1534,-173,47,223,-21,36,69,0,0,0,0,0,0,0,0,0,0,0,0,0,0,0,0,0,0,0,0,0,0,83377
1,1,1,1,1379,-1688,-1515,-146,33,243,-20,34,68,0,0,0,0,0,0,0,0,0,0,0,0,0,0,0,0,0,0,0,0,0,0,83387
1,1,1,1,1372,-1655,-1524,-78,33,208,-19,35,71,0,0,0,0,0,0,0,0,0,0,0,0,0,0,0,0,0,0,0,0,0,0,83397
1,1,1,1,1225,-1669,-1535,90,28,98,-20,36,73,0,0,0,0,0,0,0,0,0,0,0,0,0,0,0,0,0,0,0,0,0,0,83407
1,1,1,1,1220,-1703,-1562,190,-3,21,-16,33,71,0,0,0,0,0,0,0,0,0,0,0,0,0,0,0,0,0,0,0,0,0,0,83417
1,1,1,1,1202,-1749,-1537,211,-25,-30,-13,32,65,0,0,0,0,0,0,0,0,0,0,0,0,0,0,0,0,0,0,0,0,0,0,83427
1,1,1,1,1201,-1785,-1531,173,-32,-64,-13,34,66,0,0,0,0,0,0,0,0,0,0,0,0,0,0,0,0,0,0,0,0,0,0,83437
1,1,1,1,1191,-1814,-1491,165,-19,-123,-9,35,67,0,0,0,0,0,0,0,0,0,0,0,0,0,0,0,0,0,0,0,0,0,0,83447
1,1,1,1,1204,-1803,-1414,197,-15,-182,-9,36,65,0,0,0,0,0,0,0,0,0,0,0,0,0,0,0,0,0,0,0,0,0,0,83457
1,1,1,1,1205,-1805,-1388,236,5,-222,-8,35,67,0,0,0,0,0,0,0,0,0,0,0,0,0,0,0,0,0,0,0,0,0,0,83467
1,1,1,1,1194,-1832,-1380,249,24,-217,-9,36,68,0,0,0,0,0,0,0,0,0,0,0,0,0,0,0,0,0,0,0,0,0,0,83477
1,1,1,1,1211,-1865,-1370,219,10,-199,-9,36,66,0,0,0,0,0,0,0,0,0,0,0,0,0,0,0,0,0,0,0,0,0,0,83487
1,1,1,1,1241,-1892,-1319,207,-64,-207,-11,37,70,0,0,0,0,0,0,0,0,0,0,0,0,0,0,0,0,0,0,0,0,0,0,83497
1,1,1,1,1282,-1898,-1302,213,-165,-254,-11,36,72,0,0,0,0,0,0,0,0,0,0,0,0,0,0,0,0,0,0,0,0,0,0,83507
1,1,1,1,1276,-1886,-1309,225,-307,-288,-12,36,71,0,0,0,0,0,0,0,0,0,0,0,0,0,0,0,0,0,0,0,0,0,0,83517
1,1,1,1,1208,-1839,-1373,190,-387,-254,-12,36,73,0,0,0,0,0,0,0,0,0,0,0,0,0,0,0,0,0,0,0,0,0,0,83527
1,1,1,1,1056,-1826,-1465,163,-371,-169,-12,36,72,0,0,0,0,0,0,0,0,0,0,0,0,0,0,0,0,0,0,0,0,0,0,83537
1,1,1,1,937,-1870,-1520,180,-319,-155,-9,37,70,0,0,0,0,0,0,0,0,0,0,0,0,0,0,0,0,0,0,0,0,0,0,83547
1,1,1,1,867,-1903,-1502,248,-257,-173,-7,37,74,0,0,0,0,0,0,0,0,0,0,0,0,0,0,0,0,0,0,0,0,0,0,83557
1,1,1,1,865,-1959,-1459,293,-244,-225,-8,37,73,0,0,0,0,0,0,0,0,0,0,0,0,0,0,0,0,0,0,0,0,0,0,83567
1,1,1,1,913,-2006,-1428,265,-232,-284,-7,38,70,0,0,0,0,0,0,0,0,0,0,0,0,0,0,0,0,0,0,0,0,0,0,83577
1,1,1,1,887,-1986,-1371,234,-266,-258,-11,36,68,0,0,0,0,0,0,0,0,0,0,0,0,0,0,0,0,0,0,0,0,0,0,83587
1,1,1,1,902,-1978,-1439,153,-210,-204,-8,37,68,0,0,0,0,0,0,0,0,0,0,0,0,0,0,0,0,0,0,0,0,0,0,83597
1,1,1,1,955,-1985,-1432,91,-153,-192,-7,38,67,0,0,0,0,0,0,0,0,0,0,0,0,0,0,0,0,0,0,0,0,0,0,83607
1,1,1,1,1045,-1971,-1374,49,-138,-193,-6,37,63,0,0,0,0,0,0,0,0,0,0,0,0,0,0,0,0,0,0,0,0,0,0,83617
1,1,1,1,1085,-1940,-1372,-21,-125,-185,-6,37,66,0,0,0,0,0,0,0,0,0,0,0,0,0,0,0,0,0,0,0,0,0,0,83627
1,1,1,1,1086,-1921,-1372,-62,-108,-183,-5,37,66,0,0,0,0,0,0,0,0,0,0,0,0,0,0,0,0,0,0,0,0,0,0,83637
1,1,1,1,1065,-1896,-1355,-70,-76,-189,-5,36,64,0,0,0,0,0,0,0,0,0,0,0,0,0,0,0,0,0,0,0,0,0,0,83647
1,1,1,1,1100,-1877,-1329,-47,-49,-213,-4,37,62,0,0,0,0,0,0,0,0,0,0,0,0,0,0,0,0,0,0,0,0,0,0,83657
1,1,1,1,1081,-1841,-1296,22,-37,-242,-4,37,64,0,0,0,0,0,0,0,0,0,0,0,0,0,0,0,0,0,0,0,0,0,0,83667
1,1,1,1,1031,-1790,-1316,105,-40,-215,-5,38,64,0,0,0,0,0,0,0,0,0,0,0,0,0,0,0,0,0,0,0,0,0,0,83677
1,1,1,1,990,-1812,-1390,147,10,-205,-2,35,65,0,0,0,0,0,0,0,0,0,0,0,0,0,0,0,0,0,0,0,0,0,0,83687
1,1,1,1,998,-1861,-1413,170,45,-236,-6,36,68,0,0,0,0,0,0,0,0,0,0,0,0,0,0,0,0,0,0,0,0,0,0,83697
1,1,1,1,993,-1858,-1404,136,43,-220,-6,36,67,0,0,0,0,0,0,0,0,0,0,0,0,0,0,0,0,0,0,0,0,0,0,83707
1,1,1,1,1011,-1883,-1440,76,45,-199,-8,35,69,0,0,0,0,0,0,0,0,0,0,0,0,0,0,0,0,0,0,0,0,0,0,83717
1,1,1,1,1033,-1900,-1409,25,41,-184,-8,38,69,0,0,0,0,0,0,0,0,0,0,0,0,0,0,0,0,0,0,0,0,0,0,83727
1,1,1,1,1068,-1921,-1405,-27,41,-184,-10,39,69,0,0,0,0,0,0,0,0,0,0,0,0,0,0,0,0,0,0,0,0,0,0,83737
1,1,1,1,1077,-1911,-1414,-94,22,-183,-8,38,69,0,0,0,0,0,0,0,0,0,0,0,0,0,0,0,0,0,0,0,0,0,0,83747
1,1,1,1,1019,-1830,-1356,-23,9,-152,-2,37,69,0,0,0,0,0,0,0,0,0,0,0,0,0,0,0,0,0,0,0,0,0,0,83757
1,1,1,1,1019,-1767,-1312,183,35,-132,-3,37,67,0,0,0,0,0,0,0,0,0,0,0,0,0,0,0,0,0,0,0,0,0,0,83767
1,1,1,1,959,-1808,-1357,315,48,-117,-5,37,70,0,0,0,0,0,0,0,0,0,0,0,0,0,0,0,0,0,0,0,0,0,0,83777
1,1,1,1,948,-1917,-1442,343,83,-93,-7,37,72,0,0,0,0,0,0,0,0,0,0,0,0,0,0,0,0,0,0,0,0,0,0,83787
1,1,1,1,1034,-1987,-1438,234,99,-71,-7,36,70,0,0,0,0,0,0,0,0,0,0,0,0,0,0,0,0,0,0,0,0,0,0,83797
1,1,1,1,1064,-1982,-1409,97,104,-59,-10,36,70,0,0,0,0,0,0,0,0,0,0,0,0,0,0,0,0,0,0,0,0,0,0,83807
1,1,1,1,1083,-1943,-1433,-11,101,-45,-9,36,72,0,0,0,0,0,0,0,0,0,0,0,0,0,0,0,0,0,0,0,0,0,0,83817
1,1,1,1,1077,-1903,-1431,-78,109,-36,-10,35,73,0,0,0,0,0,0,0,0,0,0,0,0,0,0,0,0,0,0,0,0,0,0,83827
1,1,1,1,1045,-1865,-1412,-86,113,-25,-11,36,72,0,0,0,0,0,0,0,0,0,0,0,0,0,0,0,0,0,0,0,0,0,0,83837
1,1,1,1,999,-1865,-1406,-39,134,-16,-9,35,74,0,0,0,0,0,0,0,0,0,0,0,0,0,0,0,0,0,0,0,0,0,0,83847
1,1,1,1,943,-1873,-1387,55,157,4,-12,36,75,0,0,0,0,0,0,0,0,0,0,0,0,0,0,0,0,0,0,0,0,0,0,83857
1,1,1,1,906,-1913,-1386,117,175,40,-12,35,76,0,0,0,0,0,0,0,0,0,0,0,0,0,0,0,0,0,0,0,0,0,0,83867
1,1,1,1,864,-1949,-1396,134,187,82,-14,36,79,0,0,0,0,0,0,0,0,0,0,0,0,0,0,0,0,0,0,0,0,0,0,83877
1,1,1,1,818,-1977,-1422,96,191,137,-14,35,79,0,0,0,0,0,0,0,0,0,0,0,0,0,0,0,0,0,0,0,0,0,0,83887
1,1,1,1,809,-1982,-1438,-13,177,218,-16,35,76,0,0,0,0,0,0,0,0,0,0,0,0,0,0,0,0,0,0,0,0,0,0,83897
1,1,1,1,777,-1935,-1457,-143,193,351,-14,35,74,0,0,0,0,0,0,0,0,0,0,0,0,0,0,0,0,0,0,0,0,0,0,83907
1,1,1,1,804,-1871,-1448,-215,223,497,-10,35,70,0,0,0,0,0,0,0,0,0,0,0,0,0,0,0,0,0,0,0,0,0,0,83917
1,1,1,1,911,-1822,-1373,-222,194,592,-9,36,63,0,0,0,0,0,0,0,0,0,0,0,0,0,0,0,0,0,0,0,0,0,0,83927
1,1,1,1,1094,-1773,-1271,-203,94,721,-5,35,57,0,0,0,0,0,0,0,0,0,0,0,0,0,0,0,0,0,0,0,0,0,0,83937
1,1,1,1,1330,-1846,-1179,-156,9,719,-4,34,60,0,0,0,0,0,0,0,0,0,0,0,0,0,0,0,0,0,0,0,0,0,0,83947
1,1,1,1,1484,-1942,-1128,21,38,449,-5,32,63,0,0,0,0,0,0,0,0,0,0,0,0,0,0,0,0,0,0,0,0,0,0,83957
1,1,1,1,1420,-1922,-1225,200,145,234,-8,34,64,0,0,0,0,0,0,0,0,0,0,0,0,0,0,0,0,0,0,0,0,0,0,83967
1,1,1,1,1367,-1854,-1298,214,127,273,-9,31,64,0,0,0,0,0,0,0,0,0,0,0,0,0,0,0,0,0,0,0,0,0,0,83977
1,1,1,1,1385,-1935,-1370,106,170,304,-11,32,71,0,0,0,0,0,0,0,0,0,0,0,0,0,0,0,0,0,0,0,0,0,0,83987
1,1,1,1,1378,-1985,-1389,80,199,218,-12,32,73,0,0,0,0,0,0,0,0,0,0,0,0,0,0,0,0,0,0,0,0,0,0,83997
1,1,1,1,1319,-1970,-1373,8,122,164,-15,34,74,0,0,0,0,0,0,0,0,0,0,0,0,0,0,0,0,0,0,0,0,0,0,84007
1,1,1,1,1207,-1937,-1404,-50,56,178,-19,37,74,0,0,0,0,0,0,0,0,0,0,0,0,0,0,0,0,0,0,0,0,0,0,84017
1,1,1,1,1158,-1942,-1465,-99,24,196,-15,33,73,0,0,0,0,0,0,0,0,0,0,0,0,0,0,0,0,0,0,0,0,0,0,84027
1,1,1,1,1106,-1947,-1504,-77,16,197,-14,35,73,0,0,0,0,0,0,0,0,0,0,0,0,0,0,0,0,0,0,0,0,0,0,84037
1,1,1,1,1158,-1921,-1490,-75,-18,230,-14,35,71,0,0,0,0,0,0,0,0,0,0,0,0,0,0,0,0,0,0,0,0,0,0,84047
1,1,1,1,1250,-1907,-1456,-101,2,256,-15,36,71,0,0,0,0,0,0,0,0,0,0,0,0,0,0,0,0,0,0,0,0,0,0,84057
1,1,1,1,1353,-1897,-1364,-59,-15,229,-11,36,71,0,0,0,0,0,0,0,0,0,0,0,0,0,0,0,0,0,0,0,0,0,0,84067
1,1,1,1,1379,-1880,-1360,-13,-11,193,-15,34,72,0,0,0,0,0,0,0,0,0,0,0,0,0,0,0,0,0,0,0,0,0,0,84077
1,1,1,1,1235,-1897,-1421,27,12,172,-14,35,76,0,0,0,0,0,0,0,0,0,0,0,0,0,0,0,0,0,0,0,0,0,0,84087
1,1,1,1,1208,-1958,-1450,23,14,148,-14,36,73,0,0,0,0,0,0,0,0,0,0,0,0,0,0,0,0,0,0,0,0,0,0,84097
1,1,1,1,1176,-1964,-1430,-43,7,124,-14,36,74,0,0,0,0,0,0,0,0,0,0,0,0,0,0,0,0,0,0,0,0,0,0,84107
1,1,1,1,1161,-1936,-1436,-78,-8,105,-12,36,68,0,0,0,0,0,0,0,0,0,0,0,0,0,0,0,0,0,0,0,0,0,0,84117
1,1,1,1,1148,-1888,-1437,-107,-9,82,-12,35,68,0,0,0,0,0,0,0,0,0,0,0,0,0,0,0,0,0,0,0,0,0,0,84127
1,1,1,1,1139,-1831,-1390,-98,-5,61,-8,36,67,0,0,0,0,0,0,0,0,0,0,0,0,0,0,0,0,0,0,0,0,0,0,84137
1,1,1,1,1147,-1786,-1334,-21,17,31,-7,35,68,0,0,0,0,0,0,0,0,0,0,0,0,0,0,0,0,0,0,0,0,0,0,84147
1,1,1,1,1157,-1789,-1307,89,32,-6,-6,36,67,0,0,0,0,0,0,0,0,0,0,0,0,0,0,0,0,0,0,0,0,0,0,84157
1,1,1,1,1160,-1841,-1326,149,33,-61,-5,34,66,0,0,0,0,0,0,0,0,0,0,0,0,0,0,0,0,0,0,0,0,0,0,84167
1,1,1,1,1161,-1870,-1323,135,32,-102,-7,36,68,0,0,0,0,0,0,0,0,0,0,0,0,0,0,0,0,0,0,0,0,0,0,84177
1,1,1,1,1143,-1883,-1325,111,-5,-132,-8,35,69,0,0,0,0,0,0,0,0,0,0,0,0,0,0,0,0,0,0,0,0,0,0,84187
1,1,1,1,1143,-1883,-1325,67,-18,-152,-8,35,70,0,0,0,0,0,0,0,0,0,0,0,0,0,0,0,0,0,0,0,0,0,0,84197
1,1,1,1,1154,-1858,-1379,20,-36,-156,-8,35,73,0,0,0,0,0,0,0,0,0,0,0,0,0,0,0,0,0,0,0,0,0,0,84207
1,1,1,1,1150,-1825,-1358,28,-78,-153,-8,35,69,0,0,0,0,0,0,0,0,0,0,0,0,0,0,0,0,0,0,0,0,0,0,84217
1,1,1,1,1157,-1793,-1326,61,-107,-150,-3,36,70,0,0,0,0,0,0,0,0,0,0,0,0,0,0,0,0,0,0,0,0,0,0,84227
1,1,1,1,1159,-1744,-1281,158,-149,-156,-3,35,69,0,0,0,0,0,0,0,0,0,0,0,0,0,0,0,0,0,0,0,0,0,0,84237
1,1,1,1,1117,-1750,-1252,311,-215,-169,-5,35,71,0,0,0,0,0,0,0,0,0,0,0,0,0,0,0,0,0,0,0,0,0,0,84247
1,1,1,1,1028,-1807,-1316,421,-269,-183,-7,35,70,0,0,0,0,0,0,0,0,0,0,0,0,0,0,0,0,0,0,0,0,0,0,84257
1,1,1,1,884,-1905,-1391,457,-282,-177,-6,35,69,0,0,0,0,0,0,0,0,0,0,0,0,0,0,0,0,0,0,0,0,0,0,84267
1,1,1,1,808,-2009,-1431,414,-260,-196,-5,39,68,0,0,0,0,0,0,0,0,0,0,0,0,0,0,0,0,0,0,0,0,0,0,84277
1,1,1,1,753,-2091,-1455,349,-214,-243,-5,39,69,0,0,0,0,0,0,0,0,0,0,0,0,0,0,0,0,0,0,0,0,0,0,84287
1,1,1,1,742,-2079,-1463,253,-181,-231,-3,34,63,0,0,0,0,0,0,0,0,0,0,0,0,0,0,0,0,0,0,0,0,0,0,84297
1,1,1,1,802,-2037,-1435,156,-160,-186,-5,37,62,0,0,0,0,0,0,0,0,0,0,0,0,0,0,0,0,0,0,0,0,0,0,84307
1,1,1,1,927,-2015,-1379,99,-120,-177,-3,37,59,0,0,0,0,0,0,0,0,0,0,0,0,0,0,0,0,0,0,0,0,0,0,84317
1,1,1,1,1046,-1978,-1306,93,-92,-189,0,36,56,0,0,0,0,0,0,0,0,0,0,0,0,0,0,0,0,0,0,0,0,0,0,84327
1,1,1,1,1120,-1918,-1245,130,-59,-192,2,36,56,0,0,0,0,0,0,0,0,0,0,0,0,0,0,0,0,0,0,0,0,0,0,84337
1,1,1,1,1161,-1905,-1236,187,-21,-204,2,36,56,0,0,0,0,0,0,0,0,0,0,0,0,0,0,0,0,0,0,0,0,0,0,84347
1,1,1,1,1230,-1923,-1227,204,17,-226,4,37,59,0,0,0,0,0,0,0,0,0,0,0,0,0,0,0,0,0,0,0,0,0,0,84357
1,1,1,1,1220,-1926,-1204,190,-6,-204,2,38,59,0,0,0,0,0,0,0,0,0,0,0,0,0,0,0,0,0,0,0,0,0,0,84367
1,1,1,1,1181,-1956,-1247,147,-13,-196,0,38,59,0,0,0,0,0,0,0,0,0,0,0,0,0,0,0,0,0,0,0,0,0,0,84377
1,1,1,1,1151,-1999,-1280,114,0,-225,2,38,59,0,0,0,0,0,0,0,0,0,0,0,0,0,0,0,0,0,0,0,0,0,0,84387
1,1,1,1,1120,-2004,-1264,72,-16,-263,-3,37,63,0,0,0,0,0,0,0,0,0,0,0,0,0,0,0,0,0,0,0,0,0,0,84397
1,1,1,1,1102,-1978,-1323,0,3,-263,-4,39,62,0,0,0,0,0,0,0,0,0,0,0,0,0,0,0,0,0,0,0,0,0,0,84407
1,1,1,1,1066,-1933,-1302,-45,-7,-229,-2,39,62,0,0,0,0,0,0,0,0,0,0,0,0,0,0,0,0,0,0,0,0,0,0,84417
1,1,1,1,1013,-1891,-1293,-2,-24,-209,-2,39,64,0,0,0,0,0,0,0,0,0,0,0,0,0,0,0,0,0,0,0,0,0,0,84427
1,1,1,1,983,-1852,-1249,133,-26,-209,1,38,65,0,0,0,0,0,0,0,0,0,0,0,0,0,0,0,0,0,0,0,0,0,0,84437
1,1,1,1,912,-1866,-1283,285,-4,-210,-1,39,66,0,0,0,0,0,0,0,0,0,0,0,0,0,0,0,0,0,0,0,0,0,0,84447
1,1,1,1,887,-1904,-1304,345,18,-178,-1,39,66,0,0,0,0,0,0,0,0,0,0,0,0,0,0,0,0,0,0,0,0,0,0,84457
1,1,1,1,840,-1970,-1330,334,55,-112,-3,39,65,0,0,0,0,0,0,0,0,0,0,0,0,0,0,0,0,0,0,0,0,0,0,84467
1,1,1,1,860,-2053,-1362,234,109,-62,-6,38,69,0,0,0,0,0,0,0,0,0,0,0,0,0,0,0,0,0,0,0,0,0,0,84477
1,1,1,1,939,-2113,-1335,75,158,-36,-7,38,67,0,0,0,0,0,0,0,0,0,0,0,0,0,0,0,0,0,0,0,0,0,0,84487
1,1,1,1,941,-2109,-1308,-26,214,-4,-10,38,71,0,0,0,0,0,0,0,0,0,0,0,0,0,0,0,0,0,0,0,0,0,0,84497
1,1,1,1,943,-2088,-1302,-98,262,27,-12,37,75,0,0,0,0,0,0,0,0,0,0,0,0,0,0,0,0,0,0,0,0,0,0,84507
1,1,1,1,903,-2092,-1324,-168,284,57,-11,37,74,0,0,0,0,0,0,0,0,0,0,0,0,0,0,0,0,0,0,0,0,0,0,84517
1,1,1,1,859,-2090,-1326,-213,312,95,-13,37,76,0,0,0,0,0,0,0,0,0,0,0,0,0,0,0,0,0,0,0,0,0,0,84527
1,1,1,1,838,-2031,-1299,-211,314,124,-14,36,77,0,0,0,0,0,0,0,0,0,0,0,0,0,0,0,0,0,0,0,0,0,0,84538
1,1,1,1,845,-1933,-1230,-133,280,160,-15,37,78,0,0,0,0,0,0,0,0,0,0,0,0,0,0,0,0,0,0,0,0,0,0,84548
1,1,1,1,852,-1892,-1245,-9,239,196,-14,37,77,0,0,0,0,0,0,0,0,0,0,0,0,0,0,0,0,0,0,0,0,0,0,84558
1,1,1,1,859,-1876,-1296,29,220,261,-14,36,76,0,0,0,0,0,0,0,0,0,0,0,0,0,0,0,0,0,0,0,0,0,0,84568
1,1,1,1,888,-1849,-1295,-16,164,410,-15,38,72,0,0,0,0,0,0,0,0,0,0,0,0,0,0,0,0,0,0,0,0,0,0,84578
1,1,1,1,1045,-1873,-1267,-85,104,534,-15,41,71,0,0,0,0,0,0,0,0,0,0,0,0,0,0,0,0,0,0,0,0,0,0,84588
1,1,1,1,1239,-1934,-1220,-125,54,544,-14,40,69,0,0,0,0,0,0,0,0,0,0,0,0,0,0,0,0,0,0,0,0,0,0,84598
1,1,1,1,1382,-1979,-1216,-132,71,476,-13,40,69,0,0,0,0,0,0,0,0,0,0,0,0,0,0,0,0,0,0,0,0,0,0,84608
1,1,1,1,1437,-2013,-1193,-91,147,340,-14,41,69,0,0,0,0,0,0,0,0,0,0,0,0,0,0,0,0,0,0,0,0,0,0,84618
1,1,1,1,1386,-1973,-1169,-33,176,287,-12,38,67,0,0,0,0,0,0,0,0,0,0,0,0,0,0,0,0,0,0,0,0,0,0,84628
1,1,1,1,1382,-1950,-1213,-55,187,297,-12,37,71,0,0,0,0,0,0,0,0,0,0,0,0,0,0,0,0,0,0,0,0,0,0,84638
1,1,1,1,1373,-1948,-1269,-90,212,291,-11,37,75,0,0,0,0,0,0,0,0,0,0,0,0,0,0,0,0,0,0,0,0,0,0,84648
1,1,1,1,1341,-1945,-1296,-83,203,244,-14,38,76,0,0,0,0,0,0,0,0,0,0,0,0,0,0,0,0,0,0,0,0,0,0,84658
1,1,1,1,1267,-1936,-1357,-70,205,184,-14,37,78,0,0,0,0,0,0,0,0,0,0,0,0,0,0,0,0,0,0,0,0,0,0,84668
1,1,1,1,1204,-1937,-1404,-75,172,150,-15,37,78,0,0,0,0,0,0,0,0,0,0,0,0,0,0,0,0,0,0,0,0,0,0,84678
1,1,1,1,1170,-1921,-1420,-82,132,157,-17,36,78,0,0,0,0,0,0,0,0,0,0,0,0,0,0,0,0,0,0,0,0,0,0,84688
1,1,1,1,1193,-1932,-1449,-111,101,167,-17,37,76,0,0,0,0,0,0,0,0,0,0,0,0,0,0,0,0,0,0,0,0,0,0,84698
1,1,1,1,1258,-1926,-1414,-135,48,179,-15,35,75,0,0,0,0,0,0,0,0,0,0,0,0,0,0,0,0,0,0,0,0,0,0,84708
1,1,1,1,1327,-1933,-1398,-159,37,138,-13,36,69,0,0,0,0,0,0,0,0,0,0,0,0,0,0,0,0,0,0,0,0,0,0,84718
1,1,1,1,1333,-1868,-1306,-104,-11,88,-12,36,72,0,0,0,0,0,0,0,0,0,0,0,0,0,0,0,0,0,0,0,0,0,0,84728
1,1,1,1,1260,-1824,-1328,31,19,24,-10,36,72,0,0,0,0,0,0,0,0,0,0,0,0,0,0,0,0,0,0,0,0,0,0,84738
1,1,1,1,1203,-1837,-1325,154,29,-29,-8,37,71,0,0,0,0,0,0,0,0,0,0,0,0,0,0,0,0,0,0,0,0,0,0,84748
1,1,1,1,1169,-1858,-1323,205,21,-56,-8,36,71,0,0,0,0,0,0,0,0,0,0,0,0,0,0,0,0,0,0,0,0,0,0,84758
1,1,1,1,1159,-1914,-1298,205,20,-69,-9,37,71,0,0,0,0,0,0,0,0,0,0,0,0,0,0,0,0,0,0,0,0,0,0,84768
1,1,1,1,1169,-1958,-1312,148,5,-75,-11,36,70,0,0,0,0,0,0,0,0,0,0,0,0,0,0,0,0,0,0,0,0,0,0,84778
1,1,1,1,1160,-1983,-1318,96,-1,-93,-9,36,68,0,0,0,0,0,0,0,0,0,0,0,0,0,0,0,0,0,0,0,0,0,0,84788
1,1,1,1,1188,-1974,-1324,9,-3,-97,-10,36,68,0,0,0,0,0,0,0,0,0,0,0,0,0,0,0,0,0,0,0,0,0,0,84798
1,1,1,1,1217,-1950,-1292,-62,-1,-87,-9,36,72,0,0,0,0,0,0,0,0,0,0,0,0,0,0,0,0,0,0,0,0,0,0,84808
1,1,1,1,1243,-1895,-1247,-51,-7,-99,-8,37,69,0,0,0,0,0,0,0,0,0,0,0,0,0,0,0,0,0,0,0,0,0,0,84818
1,1,1,1,1287,-1821,-1157,62,-32,-153,-6,37,71,0,0,0,0,0,0,0,0,0,0,0,0,0,0,0,0,0,0,0,0,0,0,84828
1,1,1,1,1294,-1816,-1155,166,-58,-206,-5,36,71,0,0,0,0,0,0,0,0,0,0,0,0,0,0,0,0,0,0,0,0,0,0,84838
1,1,1,1,1263,-1842,-1192,236,-115,-267,-8,36,74,0,0,0,0,0,0,0,0,0,0,0,0,0,0,0,0,0,0,0,0,0,0,84848
1,1,1,1,1229,-1883,-1229,224,-178,-292,-9,36,74,0,0,0,0,0,0,0,0,0,0,0,0,0,0,0,0,0,0,0,0,0,0,84858
1,1,1,1,1198,-1889,-1233,195,-245,-296,-10,37,72,0,0,0,0,0,0,0,0,0,0,0,0,0,0,0,0,0,0,0,0,0,0,84868
1,1,1,1,1177,-1876,-1223,187,-323,-303,-9,40,75,0,0,0,0,0,0,0,0,0,0,0,0,0,0,0,0,0,0,0,0,0,0,84878
1,1,1,1,1105,-1869,-1232,204,-382,-323,-6,37,75,0,0,0,0,0,0,0,0,0,0,0,0,0,0,0,0,0,0,0,0,0,0,84888
1,1,1,1,1013,-1902,-1297,258,-381,-375,-9,39,74,0,0,0,0,0,0,0,0,0,0,0,0,0,0,0,0,0,0,0,0,0,0,84898
1,1,1,1,952,-1912,-1361,265,-274,-421,-8,40,71,0,0,0,0,0,0,0,0,0,0,0,0,0,0,0,0,0,0,0,0,0,0,84908
1,1,1,1,905,-1927,-1361,284,-154,-422,-7,37,71,0,0,0,0,0,0,0,0,0,0,0,0,0,0,0,0,0,0,0,0,0,0,84918
1,1,1,1,939,-1948,-1315,291,-69,-418,-4,36,68,0,0,0,0,0,0,0,0,0,0,0,0,0,0,0,0,0,0,0,0,0,0,84928
1,1,1,1,886,-1943,-1191,336,-106,-377,-4,37,70,0,0,0,0,0,0,0,0,0,0,0,0,0,0,0,0,0,0,0,0,0,0,84938
1,1,1,1,955,-2021,-1204,378,-79,-396,-1,36,66,0,0,0,0,0,0,0,0,0,0,0,0,0,0,0,0,0,0,0,0,0,0,84948
1,1,1,1,912,-2019,-1170,331,-107,-345,-2,37,68,0,0,0,0,0,0,0,0,0,0,0,0,0,0,0,0,0,0,0,0,0,0,84958
1,1,1,1,853,-2056,-1238,251,-73,-279,-1,36,65,0,0,0,0,0,0,0,0,0,0,0,0,0,0,0,0,0,0,0,0,0,0,84968
1,1,1,1,855,-2077,-1272,137,-15,-225,-3,37,66,0,0,0,0,0,0,0,0,0,0,0,0,0,0,0,0,0,0,0,0,0,0,84978
1,1,1,1,853,-2062,-1230,60,0,-189,-2,38,62,0,0,0,0,0,0,0,0,0,0,0,0,0,0,0,0,0,0,0,0,0,0,84988
1,1,1,1,901,-2053,-1193,17,38,-146,-4,38,65,0,0,0,0,0,0,0,0,0,0,0,0,0,0,0,0,0,0,0,0,0,0,84998
1,1,1,1,928,-2008,-1177,61,138,-127,-4,34,65,0,0,0,0,0,0,0,0,0,0,0,0,0,0,0,0,0,0,0,0,0,0,85008
1,1,1,1,904,-1989,-1184,179,228,-94,-8,36,67,0,0,0,0,0,0,0,0,0,0,0,0,0,0,0,0,0,0,0,0,0,0,85018
1,1,1,1,873,-2042,-1217,264,305,-56,-10,35,70,0,0,0,0,0,0,0,0,0,0,0,0,0,0,0,0,0,0,0,0,0,0,85028
1,1,1,1,835,-2088,-1239,282,359,5,-12,35,70,0,0,0,0,0,0,0,0,0,0,0,0,0,0,0,0,0,0,0,0,0,0,85038
1,1,1,1,813,-2110,-1228,250,369,91,-12,35,75,0,0,0,0,0,0,0,0,0,0,0,0,0,0,0,0,0,0,0,0,0,0,85048
1,1,1,1,798,-2159,-1268,169,360,173,-13,36,73,0,0,0,0,0,0,0,0,0,0,0,0,0,0,0,0,0,0,0,0,0,0,85058
1,1,1,1,784,-2150,-1277,-8,281,290,-14,36,70,0,0,0,0,0,0,0,0,0,0,0,0,0,0,0,0,0,0,0,0,0,0,85068
1,1,1,1,818,-2097,-1263,-201,211,438,-13,36,71,0,0,0,0,0,0,0,0,0,0,0,0,0,0,0,0,0,0,0,0,0,0,85078
1,1,1,1,932,-1987,-1157,-321,101,611,-12,36,66,0,0,0,0,0,0,0,0,0,0,0,0,0,0,0,0,0,0,0,0,0,0,85088
1,1,1,1,1151,-1937,-1069,-321,9,701,-11,37,65,0,0,0,0,0,0,0,0,0,0,0,0,0,0,0,0,0,0,0,0,0,0,85098
1,1,1,1,1380,-1939,-999,-181,-9,610,-10,36,66,0,0,0,0,0,0,0,0,0,0,0,0,0,0,0,0,0,0,0,0,0,0,85108
1,1,1,1,1459,-1943,-1059,40,120,407,-9,37,67,0,0,0,0,0,0,0,0,0,0,0,0,0,0,0,0,0,0,0,0,0,0,85118
1,1,1,1,1393,-1866,-1107,195,161,380,-12,36,72,0,0,0,0,0,0,0,0,0,0,0,0,0,0,0,0,0,0,0,0,0,0,85128
1,1,1,1,1447,-1940,-1218,168,178,382,-11,36,72,0,0,0,0,0,0,0,0,0,0,0,0,0,0,0,0,0,0,0,0,0,0,85138
1,1,1,1,1457,-1996,-1266,98,229,334,-11,37,75,0,0,0,0,0,0,0,0,0,0,0,0,0,0,0,0,0,0,0,0,0,0,85148
1,1,1,1,1496,-2052,-1236,48,198,231,-15,36,79,0,0,0,0,0,0,0,0,0,0,0,0,0,0,0,0,0,0,0,0,0,0,85158
1,1,1,1,1450,-2000,-1266,-14,145,167,-20,36,79,0,0,0,0,0,0,0,0,0,0,0,0,0,0,0,0,0,0,0,0,0,0,85168
1,1,1,1,1368,-1937,-1299,-81,96,184,-19,38,80,0,0,0,0,0,0,0,0,0,0,0,0,0,0,0,0,0,0,0,0,0,0,85178
1,1,1,1,1295,-1935,-1369,-95,74,175,-19,35,79,0,0,0,0,0,0,0,0,0,0,0,0,0,0,0,0,0,0,0,0,0,0,85188
1,1,1,1,1314,-1940,-1380,-134,61,175,-18,36,79,0,0,0,0,0,0,0,0,0,0,0,0,0,0,0,0,0,0,0,0,0,0,85198
1,1,1,1,1358,-1917,-1298,-123,22,148,-17,38,78,0,0,0,0,0,0,0,0,0,0,0,0,0,0,0,0,0,0,0,0,0,0,85208
1,1,1,1,1359,-1881,-1245,-53,-4,101,-14,37,76,0,0,0,0,0,0,0,0,0,0,0,0,0,0,0,0,0,0,0,0,0,0,85218
1,1,1,1,1245,-1850,-1252,130,18,31,-14,37,78,0,0,0,0,0,0,0,0,0,0,0,0,0,0,0,0,0,0,0,0,0,0,85228
1,1,1,1,1245,-1857,-1248,264,26,-32,-14,36,79,0,0,0,0,0,0,0,0,0,0,0,0,0,0,0,0,0,0,0,0,0,0,85238
1,1,1,1,1199,-1892,-1255,313,13,-80,-11,37,77,0,0,0,0,0,0,0,0,0,0,0,0,0,0,0,0,0,0,0,0,0,0,85248
1,1,1,1,1209,-1947,-1258,261,5,-94,-14,39,75,0,0,0,0,0,0,0,0,0,0,0,0,0,0,0,0,0,0,0,0,0,0,85258
1,1,1,1,1206,-2003,-1247,166,16,-102,-12,39,75,0,0,0,0,0,0,0,0,0,0,0,0,0,0,0,0,0,0,0,0,0,0,85268
1,1,1,1,1199,-2019,-1217,83,14,-128,-11,37,75,0,0,0,0,0,0,0,0,0,0,0,0,0,0,0,0,0,0,0,0,0,0,85278
1,1,1,1,1224,-2003,-1189,26,13,-144,-9,37,74,0,0,0,0,0,0,0,0,0,0,0,0,0,0,0,0,0,0,0,0,0,0,85288
1,1,1,1,1240,-1958,-1157,7,1,-154,-10,38,74,0,0,0,0,0,0,0,0,0,0,0,0,0,0,0,0,0,0,0,0,0,0,85298
1,1,1,1,1286,-1859,-1102,175,-17,-191,-10,37,74,0,0,0,0,0,0,0,0,0,0,0,0,0,0,0,0,0,0,0,0,0,0,85308
1,1,1,1,1284,-1869,-1077,341,-69,-256,-8,36,75,0,0,0,0,0,0,0,0,0,0,0,0,0,0,0,0,0,0,0,0,0,0,85318
1,1,1,1,1316,-1863,-1014,440,-144,-315,-8,37,79,0,0,0,0,0,0,0,0,0,0,0,0,0,0,0,0,0,0,0,0,0,0,85328
1,1,1,1,1300,-1911,-1073,602,-198,-410,-10,37,78,0,0,0,0,0,0,0,0,0,0,0,0,0,0,0,0,0,0,0,0,0,0,85338
1,1,1,1,1210,-1949,-1079,570,-314,-409,-10,37,77,0,0,0,0,0,0,0,0,0,0,0,0,0,0,0,0,0,0,0,0,0,0,85348
1,1,1,1,1140,-2018,-1136,501,-376,-385,-9,39,76,0,0,0,0,0,0,0,0,0,0,0,0,0,0,0,0,0,0,0,0,0,0,85358
1,1,1,1,1064,-2070,-1124,388,-454,-383,-10,40,76,0,0,0,0,0,0,0,0,0,0,0,0,0,0,0,0,0,0,0,0,0,0,85368
1,1,1,1,958,-2082,-1170,236,-500,-367,-12,39,78,0,0,0,0,0,0,0,0,0,0,0,0,0,0,0,0,0,0,0,0,0,0,85378
1,1,1,1,753,-2031,-1273,143,-420,-295,-6,39,77,0,0,0,0,0,0,0,0,0,0,0,0,0,0,0,0,0,0,0,0,0,0,85388
1,1,1,1,671,-1893,-1262,454,-256,-267,-9,39,80,0,0,0,0,0,0,0,0,0,0,0,0,0,0,0,0,0,0,0,0,0,0,85398
1,1,1,1,606,-2017,-1197,500,-192,-280,-9,39,75,0,0,0,0,0,0,0,0,0,0,0,0,0,0,0,0,0,0,0,0,0,0,85408
1,1,1,1,585,-2032,-1201,506,-152,-226,-8,39,73,0,0,0,0,0,0,0,0,0,0,0,0,0,0,0,0,0,0,0,0,0,0,85418
1,1,1,1,690,-2146,-1049,491,-38,-180,-8,38,76,0,0,0,0,0,0,0,0,0,0,0,0,0,0,0,0,0,0,0,0,0,0,85428
1,1,1,1,734,-2095,-1110,566,101,-158,-9,36,75,0,0,0,0,0,0,0,0,0,0,0,0,0,0,0,0,0,0,0,0,0,0,85438
1,1,1,1,815,-2176,-1050,544,210,-114,-12,36,77,0,0,0,0,0,0,0,0,0,0,0,0,0,0,0,0,0,0,0,0,0,0,85448
1,1,1,1,854,-2257,-1067,346,268,-63,-15,36,77,0,0,0,0,0,0,0,0,0,0,0,0,0,0,0,0,0,0,0,0,0,0,85458
1,1,1,1,906,-2241,-1026,167,313,14,-19,37,76,0,0,0,0,0,0,0,0,0,0,0,0,0,0,0,0,0,0,0,0,0,0,85468
1,1,1,1,993,-2165,-1030,5,375,128,-19,38,77,0,0,0,0,0,0,0,0,0,0,0,0,0,0,0,0,0,0,0,0,0,0,85478
1,1,1,1,1006,-2177,-1054,-170,449,247,-18,36,75,0,0,0,0,0,0,0,0,0,0,0,0,0,0,0,0,0,0,0,0,0,0,85488
1,1,1,1,999,-2165,-969,-313,421,372,-19,37,74,0,0,0,0,0,0,0,0,0,0,0,0,0,0,0,0,0,0,0,0,0,0,85498
1,1,1,1,1044,-2097,-910,-365,391,470,-18,38,73,0,0,0,0,0,0,0,0,0,0,0,0,0,0,0,0,0,0,0,0,0,0,85508
1,1,1,1,1057,-2067,-847,-349,282,555,-19,41,73,0,0,0,0,0,0,0,0,0,0,0,0,0,0,0,0,0,0,0,0,0,0,85518
1,1,1,1,1133,-2084,-894,-394,173,574,-17,40,72,0,0,0,0,0,0,0,0,0,0,0,0,0,0,0,0,0,0,0,0,0,0,85528
1,1,1,1,1268,-2044,-945,-428,129,564,-19,38,72,0,0,0,0,0,0,0,0,0,0,0,0,0,0,0,0,0,0,0,0,0,0,85538
1,1,1,1,1383,-2052,-1081,-382,230,435,-16,35,75,0,0,0,0,0,0,0,0,0,0,0,0,0,0,0,0,0,0,0,0,0,0,85548
1,1,1,1,1337,-2019,-1192,-184,370,273,-17,42,73,0,0,0,0,0,0,0,0,0,0,0,0,0,0,0,0,0,0,0,0,0,0,85558
1,1,1,1,1253,-1997,-1202,-70,368,242,-16,37,66,0,0,0,0,0,0,0,0,0,0,0,0,0,0,0,0,0,0,0,0,0,0,85568
1,1,1,1,1394,-1937,-1138,-185,312,318,-12,35,71,0,0,0,0,0,0,0,0,0,0,0,0,0,0,0,0,0,0,0,0,0,0,85578
1,1,1,1,1454,-1955,-1201,-148,376,261,-13,37,69,0,0,0,0,0,0,0,0,0,0,0,0,0,0,0,0,0,0,0,0,0,0,85588
1,1,1,1,1501,-1927,-1139,37,397,155,-13,37,69,0,0,0,0,0,0,0,0,0,0,0,0,0,0,0,0,0,0,0,0,0,0,85598
1,1,1,1,1440,-1832,-1067,170,344,174,-11,36,67,0,0,0,0,0,0,0,0,0,0,0,0,0,0,0,0,0,0,0,0,0,0,85608
1,1,1,1,1432,-1865,-1086,316,308,195,-16,36,70,0,0,0,0,0,0,0,0,0,0,0,0,0,0,0,0,0,0,0,0,0,0,85618
1,1,1,1,1335,-1977,-1114,341,306,165,-13,36,68,0,0,0,0,0,0,0,0,0,0,0,0,0,0,0,0,0,0,0,0,0,0,85628
1,1,1,1,1219,-2082,-1141,329,260,140,-15,36,67,0,0,0,0,0,0,0,0,0,0,0,0,0,0,0,0,0,0,0,0,0,0,85638
1,1,1,1,1136,-2225,-1207,-2,171,133,-15,35,62,0,0,0,0,0,0,0,0,0,0,0,0,0,0,0,0,0,0,0,0,0,0,85648
1,1,1,1,1060,-2137,-1140,-149,150,172,-12,35,63,0,0,0,0,0,0,0,0,0,0,0,0,0,0,0,0,0,0,0,0,0,0,85658
1,1,1,1,1122,-1987,-1139,23,156,164,-9,34,58,0,0,0,0,0,0,0,0,0,0,0,0,0,0,0,0,0,0,0,0,0,0,85668
1,1,1,1,1216,-1901,-1072,182,135,121,-12,34,57,0,0,0,0,0,0,0,0,0,0,0,0,0,0,0,0,0,0,0,0,0,0,85678
1,1,1,1,1301,-1847,-1076,346,136,11,-8,34,56,0,0,0,0,0,0,0,0,0,0,0,0,0,0,0,0,0,0,0,0,0,0,85688
1,1,1,1,1337,-1887,-1101,557,169,-124,-7,34,51,0,0,0,0,0,0,0,0,0,0,0,0,0,0,0,0,0,0,0,0,0,0,85698
1,1,1,1,1323,-1852,-1089,755,164,-155,-1,32,50,0,0,0,0,0,0,0,0,0,0,0,0,0,0,0,0,0,0,0,0,0,0,85708
1,1,1,1,1277,-1525,-1053,1349,237,-78,1,34,53,0,0,0,0,0,0,0,0,0,0,0,0,0,0,0,0,0,0,0,0,0,0,85718
1,1,1,1,1019,-1798,-1007,1882,316,-103,5,35,51,0,0,0,0,0,0,0,0,0,0,0,0,0,0,0,0,0,0,0,0,0,0,85728
1,1,1,1,901,-2020,-941,2265,254,-120,2,34,48,0,0,0,0,0,0,0,0,0,0,0,0,0,0,0,0,0,0,0,0,0,0,85738
1,1,1,1,1418,-2300,-927,2129,241,-148,-3,34,46,0,0,0,0,0,0,0,0,0,0,0,0,0,0,0,0,0,0,0,0,0,0,85748
1,1,1,1,1060,-2425,-698,1316,61,-155,3,34,46,0,0,0,0,0,0,0,0,0,0,0,0,0,0,0,0,0,0,0,0,0,0,85758
1,1,1,1,976,-1945,-839,1222,-29,-180,1,34,49,0,0,0,0,0,0,0,0,0,0,0,0,0,0,0,0,0,0,0,0,0,0,85768
1,1,1,1,1155,-1985,-956,1414,27,-173,3,33,47,0,0,0,0,0,0,0,0,0,0,0,0,0,0,0,0,0,0,0,0,0,0,85778
1,1,1,1,1140,-2245,-740,1205,-41,-217,-4,34,47,0,0,0,0,0,0,0,0,0,0,0,0,0,0,0,0,0,0,0,0,0,0,85788
1,1,1,1,1098,-2358,-682,833,-121,-243,-1,35,49,0,0,0,0,0,0,0,0,0,0,0,0,0,0,0,0,0,0,0,0,0,0,85798
1,1,1,1,908,-2086,-761,905,-75,-180,-3,33,47,0,0,0,0,0,0,0,0,0,0,0,0,0,0,0,0,0,0,0,0,0,0,85808
1,1,1,1,931,-2264,-774,673,-15,-93,-5,33,50,0,0,0,0,0,0,0,0,0,0,0,0,0,0,0,0,0,0,0,0,0,0,85818
1,1,1,1,832,-2258,-761,559,-3,-73,-5,32,49,0,0,0,0,0,0,0,0,0,0,0,0,0,0,0,0,0,0,0,0,0,0,85828
1,1,1,1,933,-2258,-781,534,54,-23,-8,36,49,0,0,0,0,0,0,0,0,0,0,0,0,0,0,0,0,0,0,0,0,0,0,85838
1,1,1,1,895,-2256,-746,408,107,35,-5,32,47,0,0,0,0,0,0,0,0,0,0,0,0,0,0,0,0,0,0,0,0,0,0,85848
1,1,1,1,893,-2222,-735,369,156,104,-4,33,46,0,0,0,0,0,0,0,0,0,0,0,0,0,0,0,0,0,0,0,0,0,0,85858
1,1,1,1,961,-2217,-707,232,167,154,0,32,41,0,0,0,0,0,0,0,0,0,0,0,0,0,0,0,0,0,0,0,0,0,0,85868
1,1,1,1,990,-2150,-655,238,176,198,-4,32,39,0,0,0,0,0,0,0,0,0,0,0,0,0,0,0,0,0,0,0,0,0,0,85878
1,1,1,1,1046,-2191,-642,131,191,232,-2,32,37,0,0,0,0,0,0,0,0,0,0,0,0,0,0,0,0,0,0,0,0,0,0,85888
1,1,1,1,1089,-2208,-685,52,207,245,0,31,34,0,0,0,0,0,0,0,0,0,0,0,0,0,0,0,0,0,0,0,0,0,0,85898
1,1,1,1,1165,-2264,-686,3,232,218,-3,29,31,0,0,0,0,0,0,0,0,0,0,0,0,0,0,0,0,0,0,0,0,0,0,85908
1,1,1,1,1204,-2352,-642,-66,296,163,-8,29,25,0,0,0,0,0,0,0,0,0,0,0,0,0,0,0,0,0,0,0,0,0,0,85918
1,1,1,1,1165,-2403,-599,-295,331,134,3,28,22,0,0,0,0,0,0,0,0,0,0,0,0,0,0,0,0,0,0,0,0,0,0,85928
1,1,1,1,1166,-1982,-569,81,399,156,-1,26,24,0,0,0,0,0,0,0,0,0,0,0,0,0,0,0,0,0,0,0,0,0,0,85938
1,1,1,1,1148,-2119,-593,203,557,139,3,26,21,0,0,0,0,0,0,0,0,0,0,0,0,0,0,0,0,0,0,0,0,0,0,85948
1,1,1,1,1054,-2166,-618,260,627,148,2,25,18,0,0,0,0,0,0,0,0,0,0,0,0,0,0,0,0,0,0,0,0,0,0,85958
1,1,1,1,1009,-2108,-605,379,627,154,1,24,18,0,0,0,0,0,0,0,0,0,0,0,0,0,0,0,0,0,0,0,0,0,0,85968
1,1,1,1,976,-2130,-682,401,664,138,0,23,13,0,0,0,0,0,0,0,0,0,0,0,0,0,0,0,0,0,0,0,0,0,0,85978
1,1,1,1,860,-2075,-802,540,778,145,1,21,19,0,0,0,0,0,0,0,0,0,0,0,0,0,0,0,0,0,0,0,0,0,0,85988
1,1,1,1,815,-2062,-929,665,985,169,-3,20,19,0,0,0,0,0,0,0,0,0,0,0,0,0,0,0,0,0,0,0,0,0,0,85998
1,1,1,1,870,-2216,-909,501,1181,186,-2,20,20,0,0,0,0,0,0,0,0,0,0,0,0,0,0,0,0,0,0,0,0,0,0,86008
1,1,1,1,841,-2275,-834,348,1313,159,-3,20,20,0,0,0,0,0,0,0,0,0,0,0,0,0,0,0,0,0,0,0,0,0,0,86018
1,1,1,1,935,-2303,-742,190,1365,148,-1,20,19,0,0,0,0,0,0,0,0,0,0,0,0,0,0,0,0,0,0,0,0,0,0,86028
1,1,1,1,1026,-2307,-594,60,1359,140,1,21,21,0,0,0,0,0,0,0,0,0,0,0,0,0,0,0,0,0,0,0,0,0,0,86038
1,1,1,1,1086,-2276,-450,-10,1276,98,1,20,23,0,0,0,0,0,0,0,0,0,0,0,0,0,0,0,0,0,0,0,0,0,0,86048
1,1,1,1,1138,-2180,-354,105,1173,3,3,21,22,0,0,0,0,0,0,0,0,0,0,0,0,0,0,0,0,0,0,0,0,0,0,86058
1,1,1,1,1195,-2035,-263,337,1099,-115,5,21,21,0,0,0,0,0,0,0,0,0,0,0,0,0,0,0,0,0,0,0,0,0,0,86068
1,1,1,1,1258,-1927,-203,661,988,-168,6,17,19,0,0,0,0,0,0,0,0,0,0,0,0,0,0,0,0,0,0,0,0,0,0,86078
1,1,1,1,1247,-1944,-200,883,853,-169,2,24,19,0,0,0,0,0,0,0,0,0,0,0,0,0,0,0,0,0,0,0,0,0,0,86088
1,1,1,1,1209,-2027,-274,986,796,-154,2,21,20,0,0,0,0,0,0,0,0,0,0,0,0,0,0,0,0,0,0,0,0,0,0,86098
1,1,1,1,1197,-2068,-349,1081,839,-135,5,18,20,0,0,0,0,0,0,0,0,0,0,0,0,0,0,0,0,0,0,0,0,0,0,86108
1,1,1,1,1208,-2052,-380,1307,917,-142,2,20,23,0,0,0,0,0,0,0,0,0,0,0,0,0,0,0,0,0,0,0,0,0,0,86118
1,1,1,1,1226,-2199,-278,1318,972,-159,-4,23,21,0,0,0,0,0,0,0,0,0,0,0,0,0,0,0,0,0,0,0,0,0,0,86128
1,1,1,1,1343,-2332,-151,758,954,-120,-6,24,25,0,0,0,0,0,0,0,0,0,0,0,0,0,0,0,0,0,0,0,0,0,0,86138
1,1,1,1,1447,-2257,-119,396,812,-109,-4,24,26,0,0,0,0,0,0,0,0,0,0,0,0,0,0,0,0,0,0,0,0,0,0,86148
1,1,1,1,1466,-2194,-82,300,622,-147,-3,21,21,0,0,0,0,0,0,0,0,0,0,0,0,0,0,0,0,0,0,0,0,0,0,86158
1,1,1,1,1454,-2125,-28,273,442,-213,1,22,23,0,0,0,0,0,0,0,0,0,0,0,0,0,0,0,0,0,0,0,0,0,0,86168
1,1,1,1,1425,-1986,-21,462,310,-239,0,22,24,0,0,0,0,0,0,0,0,0,0,0,0,0,0,0,0,0,0,0,0,0,0,86178
1,1,1,1,1393,-1961,14,485,178,-207,-1,23,23,0,0,0,0,0,0,0,0,0,0,0,0,0,0,0,0,0,0,0,0,0,0,86188
1,1,1,1,1335,-1950,-38,476,60,-141,1,23,18,0,0,0,0,0,0,0,0,0,0,0,0,0,0,0,0,0,0,0,0,0,0,86198
1,1,1,1,1284,-1987,-83,473,-24,-9,0,21,21,0,0,0,0,0,0,0,0,0,0,0,0,0,0,0,0,0,0,0,0,0,0,86208
1,1,1,1,1249,-2055,-112,424,-19,105,0,22,20,0,0,0,0,0,0,0,0,0,0,0,0,0,0,0,0,0,0,0,0,0,0,86218
1,1,1,1,1226,-2139,-162,444,-12,119,0,22,22,0,0,0,0,0,0,0,0,0,0,0,0,0,0,0,0,0,0,0,0,0,0,86228
1,1,1,1,1212,-2189,-184,463,-2,17,0,23,23,0,0,0,0,0,0,0,0,0,0,0,0,0,0,0,0,0,0,0,0,0,0,86238
1,1,1,1,1214,-2232,-167,471,4,-124,-1,22,21,0,0,0,0,0,0,0,0,0,0,0,0,0,0,0,0,0,0,0,0,0,0,86248
1,1,1,1,1192,-2236,-146,499,-43,-250,-1,23,22,0,0,0,0,0,0,0,0,0,0,0,0,0,0,0,0,0,0,0,0,0,0,86258
1,1,1,1,1174,-2196,-110,470,-86,-319,-1,22,21,0,0,0,0,0,0,0,0,0,0,0,0,0,0,0,0,0,0,0,0,0,0,86268
1,1,1,1,1155,-2081,-89,458,-116,-294,0,22,20,0,0,0,0,0,0,0,0,0,0,0,0,0,0,0,0,0,0,0,0,0,0,86278
1,1,1,1,1148,-1970,-59,506,-109,-161,0,22,18,0,0,0,0,0,0,0,0,0,0,0,0,0,0,0,0,0,0,0,0,0,0,86288
1,1,1,1,1146,-1953,-48,441,-102,15,-1,22,16,0,0,0,0,0,0,0,0,0,0,0,0,0,0,0,0,0,0,0,0,0,0,86298
1,1,1,1,1128,-1968,-77,344,-107,198,-1,22,13,0,0,0,0,0,0,0,0,0,0,0,0,0,0,0,0,0,0,0,0,0,0,86308
1,1,1,1,1126,-2025,-90,231,-80,374,-2,21,17,0,0,0,0,0,0,0,0,0,0,0,0,0,0,0,0,0,0,0,0,0,0,86318
1,1,1,1,1155,-2111,-120,126,-51,506,-2,22,18,0,0,0,0,0,0,0,0,0,0,0,0,0,0,0,0,0,0,0,0,0,0,86328
1,1,1,1,1185,-2199,-173,88,-35,532,-1,21,20,0,0,0,0,0,0,0,0,0,0,0,0,0,0,0,0,0,0,0,0,0,0,86338
1,1,1,1,1210,-2234,-191,79,-28,458,1,21,20,0,0,0,0,0,0,0,0,0,0,0,0,0,0,0,0,0,0,0,0,0,0,86348
1,1,1,1,1217,-2226,-201,165,-9,264,2,21,21,0,0,0,0,0,0,0,0,0,0,0,0,0,0,0,0,0,0,0,0,0,0,86358
1,1,1,1,1216,-2146,-158,276,32,51,0,21,24,0,0,0,0,0,0,0,0,0,0,0,0,0,0,0,0,0,0,0,0,0,0,86368
1,1,1,1,1192,-2062,-75,376,63,-70,2,21,19,0,0,0,0,0,0,0,0,0,0,0,0,0,0,0,0,0,0,0,0,0,0,86378
1,1,1,1,1189,-1975,-27,454,57,-43,-2,24,19,0,0,0,0,0,0,0,0,0,0,0,0,0,0,0,0,0,0,0,0,0,0,86388
1,1,1,1,1218,-1921,30,427,21,109,1,21,17,0,0,0,0,0,0,0,0,0,0,0,0,0,0,0,0,0,0,0,0,0,0,86398
1,1,1,1,1226,-1932,52,355,-43,300,0,19,16,0,0,0,0,0,0,0,0,0,0,0,0,0,0,0,0,0,0,0,0,0,0,86408
1,1,1,1,1239,-1956,44,253,-106,465,-4,23,14,0,0,0,0,0,0,0,0,0,0,0,0,0,0,0,0,0,0,0,0,0,0,86418
1,1,1,1,1255,-1989,39,152,-162,579,-2,20,16,0,0,0,0,0,0,0,0,0,0,0,0,0,0,0,0,0,0,0,0,0,0,86428
1,1,1,1,1250,-2020,33,131,-221,637,-4,23,16,0,0,0,0,0,0,0,0,0,0,0,0,0,0,0,0,0,0,0,0,0,0,86438
1,1,1,1,1203,-2061,40,282,-279,620,2,21,15,0,0,0,0,0,0,0,0,0,0,0,0,0,0,0,0,0,0,0,0,0,0,86448
1,1,1,1,1155,-2107,32,445,-333,512,0,23,18,0,0,0,0,0,0,0,0,0,0,0,0,0,0,0,0,0,0,0,0,0,0,86458
1,1,1,1,1133,-2165,36,535,-376,356,0,25,20,0,0,0,0,0,0,0,0,0,0,0,0,0,0,0,0,0,0,0,0,0,0,86468
1,1,1,1,1105,-2197,46,642,-410,205,2,22,20,0,0,0,0,0,0,0,0,0,0,0,0,0,0,0,0,0,0,0,0,0,0,86478
1,1,1,1,1104,-2214,48,719,-473,70,2,22,21,0,0,0,0,0,0,0,0,0,0,0,0,0,0,0,0,0,0,0,0,0,0,86488
1,1,1,1,1099,-2204,48,734,-533,-7,1,23,22,0,0,0,0,0,0,0,0,0,0,0,0,0,0,0,0,0,0,0,0,0,0,86498
1,1,1,1,1092,-2181,78,717,-589,-48,-1,22,21,0,0,0,0,0,0,0,0,0,0,0,0,0,0,0,0,0,0,0,0,0,0,86508
1,1,1,1,1053,-2197,41,716,-604,-51,-1,20,25,0,0,0,0,0,0,0,0,0,0,0,0,0,0,0,0,0,0,0,0,0,0,86518
1,1,1,1,866,-2241,-190,794,-360,-98,-6,16,27,0,0,0,0,0,0,0,0,0,0,0,0,0,0,0,0,0,0,0,0,0,0,86528
1,1,1,1,649,-2149,-382,729,203,-88,-7,12,9,0,0,0,0,0,0,0,0,0,0,0,0,0,0,0,0,0,0,0,0,0,0,86538
1,1,1,1,657,-2081,-333,495,456,191,-6,13,15,0,0,0,0,0,0,0,0,0,0,0,0,0,0,0,0,0,0,0,0,0,0,86548
1,1,1,1,781,-2192,-209,441,465,205,-1,15,14,0,0,0,0,0,0,0,0,0,0,0,0,0,0,0,0,0,0,0,0,0,0,86558
1,1,1,1,781,-2192,-209,654,430,130,1,15,17,0,0,0,0,0,0,0,0,0,0,0,0,0,0,0,0,0,0,0,0,0,0,86568
1,1,1,1,944,-2053,182,1015,376,59,12,16,20,0,0,0,0,0,0,0,0,0,0,0,0,0,0,0,0,0,0,0,0,0,0,86578
1,1,1,1,991,-2112,218,1647,381,-1,-3,16,21,0,0,0,0,0,0,0,0,0,0,0,0,0,0,0,0,0,0,0,0,0,0,86588
1,1,1,1,948,-2100,163,1286,398,-4,-5,16,25,0,0,0,0,0,0,0,0,0,0,0,0,0,0,0,0,0,0,0,0,0,0,86598
1,1,1,1,925,-2084,141,748,321,-2,-4,16,26,0,0,0,0,0,0,0,0,0,0,0,0,0,0,0,0,0,0,0,0,0,0,86608
1,1,1,1,1037,-2191,168,559,373,118,-6,17,26,0,0,0,0,0,0,0,0,0,0,0,0,0,0,0,0,0,0,0,0,0,0,86618
1,1,1,1,1058,-2152,175,429,495,172,-6,16,24,0,0,0,0,0,0,0,0,0,0,0,0,0,0,0,0,0,0,0,0,0,0,86628
1,1,1,1,1121,-2095,303,346,551,160,-3,17,26,0,0,0,0,0,0,0,0,0,0,0,0,0,0,0,0,0,0,0,0,0,0,86638
1,1,1,1,1189,-1981,375,425,577,157,0,17,20,0,0,0,0,0,0,0,0,0,0,0,0,0,0,0,0,0,0,0,0,0,0,86648
1,1,1,1,1248,-1905,391,622,589,177,-1,17,25,0,0,0,0,0,0,0,0,0,0,0,0,0,0,0,0,0,0,0,0,0,0,86658
1,1,1,1,1223,-1930,378,709,568,176,-2,19,35,0,0,0,0,0,0,0,0,0,0,0,0,0,0,0,0,0,0,0,0,0,0,86668
1,1,1,1,1176,-2065,331,881,587,46,-6,22,37,0,0,0,0,0,0,0,0,0,0,0,0,0,0,0,0,0,0,0,0,0,0,86678
1,1,1,1,1125,-2214,325,930,519,-35,-7,23,43,0,0,0,0,0,0,0,0,0,0,0,0,0,0,0,0,0,0,0,0,0,0,86688
1,1,1,1,1054,-2329,272,794,437,-25,-12,24,47,0,0,0,0,0,0,0,0,0,0,0,0,0,0,0,0,0,0,0,0,0,0,86698
1,1,1,1,978,-2374,256,591,397,12,-12,22,45,0,0,0,0,0,0,0,0,0,0,0,0,0,0,0,0,0,0,0,0,0,0,86708
1,1,1,1,961,-2324,275,466,360,48,-10,22,42,0,0,0,0,0,0,0,0,0,0,0,0,0,0,0,0,0,0,0,0,0,0,86718
1,1,1,1,1015,-2166,323,484,311,77,-10,22,42,0,0,0,0,0,0,0,0,0,0,0,0,0,0,0,0,0,0,0,0,0,0,86728
1,1,1,1,1012,-2010,372,534,283,78,-7,20,40,0,0,0,0,0,0,0,0,0,0,0,0,0,0,0,0,0,0,0,0,0,0,86738
1,1,1,1,964,-1882,400,681,286,74,-6,19,38,0,0,0,0,0,0,0,0,0,0,0,0,0,0,0,0,0,0,0,0,0,0,86748
1,1,1,1,921,-1831,385,852,336,81,-6,19,38,0,0,0,0,0,0,0,0,0,0,0,0,0,0,0,0,0,0,0,0,0,0,86758
1,1,1,1,909,-1900,374,1014,384,81,-6,20,41,0,0,0,0,0,0,0,0,0,0,0,0,0,0,0,0,0,0,0,0,0,0,86768
1,1,1,1,937,-1965,392,1170,392,38,-4,22,43,0,0,0,0,0,0,0,0,0,0,0,0,0,0,0,0,0,0,0,0,0,0,86778
1,1,1,1,916,-1989,448,1328,351,-44,-4,21,49,0,0,0,0,0,0,0,0,0,0,0,0,0,0,0,0,0,0,0,0,0,0,86788
1,1,1,1,842,-2050,453,1406,319,-110,-5,21,49,0,0,0,0,0,0,0,0,0,0,0,0,0,0,0,0,0,0,0,0,0,0,86798
1,1,1,1,847,-2170,420,1448,303,-196,-6,22,50,0,0,0,0,0,0,0,0,0,0,0,0,0,0,0,0,0,0,0,0,0,0,86808
1,1,1,1,810,-2105,450,1330,271,-189,-10,21,46,0,0,0,0,0,0,0,0,0,0,0,0,0,0,0,0,0,0,0,0,0,0,86818
1,1,1,1,748,-1936,508,1225,247,-111,-6,20,46,0,0,0,0,0,0,0,0,0,0,0,0,0,0,0,0,0,0,0,0,0,0,86828
1,1,1,1,722,-1825,514,1422,248,-66,-5,19,46,0,0,0,0,0,0,0,0,0,0,0,0,0,0,0,0,0,0,0,0,0,0,86838
1,1,1,1,747,-1800,510,1546,233,-19,-6,20,48,0,0,0,0,0,0,0,0,0,0,0,0,0,0,0,0,0,0,0,0,0,0,86848
1,1,1,1,804,-1875,549,1572,229,-9,1,21,50,0,0,0,0,0,0,0,0,0,0,0,0,0,0,0,0,0,0,0,0,0,0,86858
1,1,1,1,808,-1722,596,2217,215,-111,2,21,48,0,0,0,0,0,0,0,0,0,0,0,0,0,0,0,0,0,0,0,0,0,0,86868
1,1,1,1,745,-1633,621,2814,188,-193,-7,20,47,0,0,0,0,0,0,0,0,0,0,0,0,0,0,0,0,0,0,0,0,0,0,86878
1,1,1,1,914,-1971,803,2218,292,-120,-7,21,47,0,0,0,0,0,0,0,0,0,0,0,0,0,0,0,0,0,0,0,0,0,0,86888
1,1,1,1,1039,-1796,849,2132,284,-181,-7,19,44,0,0,0,0,0,0,0,0,0,0,0,0,0,0,0,0,0,0,0,0,0,0,86898
1,1,1,1,967,-1815,917,2026,229,-170,-9,19,45,0,0,0,0,0,0,0,0,0,0,0,0,0,0,0,0,0,0,0,0,0,0,86908
1,1,1,1,971,-1764,885,1905,236,-160,-12,18,43,0,0,0,0,0,0,0,0,0,0,0,0,0,0,0,0,0,0,0,0,0,0,86918
1,1,1,1,965,-1806,939,1551,241,-100,-15,18,44,0,0,0,0,0,0,0,0,0,0,0,0,0,0,0,0,0,0,0,0,0,0,86928
1,1,1,1,1028,-1878,965,1148,265,-42,-15,17,43,0,0,0,0,0,0,0,0,0,0,0,0,0,0,0,0,0,0,0,0,0,0,86938
1,1,1,1,1044,-1862,998,883,261,-14,-17,17,42,0,0,0,0,0,0,0,0,0,0,0,0,0,0,0,0,0,0,0,0,0,0,86948
1,1,1,1,1086,-1849,1013,528,245,23,-18,18,43,0,0,0,0,0,0,0,0,0,0,0,0,0,0,0,0,0,0,0,0,0,0,86958
1,1,1,1,1051,-1825,1013,202,226,45,-17,18,42,0,0,0,0,0,0,0,0,0,0,0,0,0,0,0,0,0,0,0,0,0,0,86968
1,1,1,1,1026,-1831,1012,-11,187,38,-20,17,44,0,0,0,0,0,0,0,0,0,0,0,0,0,0,0,0,0,0,0,0,0,0,86978
1,1,1,1,967,-1765,964,-19,148,24,-16,15,44,0,0,0,0,0,0,0,0,0,0,0,0,0,0,0,0,0,0,0,0,0,0,86988
1,1,1,1,923,-1645,872,164,121,-5,-12,18,42,0,0,0,0,0,0,0,0,0,0,0,0,0,0,0,0,0,0,0,0,0,0,86998
1,1,1,1,731,-1461,551,1006,213,-150,-9,8,26,0,0,0,0,0,0,0,0,0,0,0,0,0,0,0,0,0,0,0,0,0,0,87008
1,1,1,1,975,-1383,972,1138,125,-263,-9,7,23,0,0,0,0,0,0,0,0,0,0,0,0,0,0,0,0,0,0,0,0,0,0,87018
1,1,1,1,1247,-1500,1187,1037,-40,-242,-15,8,21,0,0,0,0,0,0,0,0,0,0,0,0,0,0,0,0,0,0,0,0,0,0,87028
1,1,1,1,1049,-1761,1111,730,-29,-221,-20,8,28,0,0,0,0,0,0,0,0,0,0,0,0,0,0,0,0,0,0,0,0,0,0,87038
1,1,1,1,922,-1757,1154,217,-6,-125,-17,5,28,0,0,0,0,0,0,0,0,0,0,0,0,0,0,0,0,0,0,0,0,0,0,87048
1,1,1,1,853,-1518,637,-33,263,22,-14,7,25,0,0,0,0,0,0,0,0,0,0,0,0,0,0,0,0,0,0,0,0,0,0,87058
1,1,1,1,964,-1505,836,-150,301,28,-9,11,26,0,0,0,0,0,0,0,0,0,0,0,0,0,0,0,0,0,0,0,0,0,0,87068
1,1,1,1,1006,-1458,955,147,241,-8,-6,14,28,0,0,0,0,0,0,0,0,0,0,0,0,0,0,0,0,0,0,0,0,0,0,87078
1,1,1,1,995,-1521,975,638,115,-94,2,13,31,0,0,0,0,0,0,0,0,0,0,0,0,0,0,0,0,0,0,0,0,0,0,87088
1,1,1,1,978,-1482,1019,1171,-2,-194,-1,12,28,0,0,0,0,0,0,0,0,0,0,0,0,0,0,0,0,0,0,0,0,0,0,87098
1,1,1,1,924,-1447,924,1482,-48,-265,-1,12,27,0,0,0,0,0,0,0,0,0,0,0,0,0,0,0,0,0,0,0,0,0,0,87108
1,1,1,1,908,-1525,1022,1616,-84,-390,-4,11,28,0,0,0,0,0,0,0,0,0,0,0,0,0,0,0,0,0,0,0,0,0,0,87118
1,1,1,1,918,-1579,1098,1565,-136,-490,-7,11,26,0,0,0,0,0,0,0,0,0,0,0,0,0,0,0,0,0,0,0,0,0,0,87128
1,1,1,1,920,-1605,1164,1238,-173,-520,-9,11,24,0,0,0,0,0,0,0,0,0,0,0,0,0,0,0,0,0,0,0,0,0,0,87138
1,1,1,1,948,-1551,1221,863,-189,-471,-10,9,21,0,0,0,0,0,0,0,0,0,0,0,0,0,0,0,0,0,0,0,0,0,0,87148
1,1,1,1,950,-1417,1215,454,-189,-325,-10,10,20,0,0,0,0,0,0,0,0,0,0,0,0,0,0,0,0,0,0,0,0,0,0,87158
1,1,1,1,938,-1325,1102,75,-80,-128,-9,10,28,0,0,0,0,0,0,0,0,0,0,0,0,0,0,0,0,0,0,0,0,0,0,87168
1,1,1,1,870,-1362,1070,5,26,-78,-8,11,26,0,0,0,0,0,0,0,0,0,0,0,0,0,0,0,0,0,0,0,0,0,0,87178
1,1,1,1,881,-1384,1106,207,22,-122,-9,11,28,0,0,0,0,0,0,0,0,0,0,0,0,0,0,0,0,0,0,0,0,0,0,87188
1,1,1,1,905,-1393,1105,330,8,-147,-9,10,30,0,0,0,0,0,0,0,0,0,0,0,0,0,0,0,0,0,0,0,0,0,0,87198
1,1,1,1,921,-1393,1128,355,20,-148,-14,11,26,0,0,0,0,0,0,0,0,0,0,0,0,0,0,0,0,0,0,0,0,0,0,87208
1,1,1,1,959,-1445,1150,245,60,-138,-12,10,26,0,0,0,0,0,0,0,0,0,0,0,0,0,0,0,0,0,0,0,0,0,0,87218
1,1,1,1,998,-1434,1154,43,106,-120,-10,10,25,0,0,0,0,0,0,0,0,0,0,0,0,0,0,0,0,0,0,0,0,0,0,87228
1,1,1,1,1050,-1383,1167,-169,148,-69,-11,11,24,0,0,0,0,0,0,0,0,0,0,0,0,0,0,0,0,0,0,0,0,0,0,87238
1,1,1,1,1074,-1359,1151,-271,181,-40,-10,13,26,0,0,0,0,0,0,0,0,0,0,0,0,0,0,0,0,0,0,0,0,0,0,87248
1,1,1,1,1068,-1343,1152,-288,198,-26,-8,14,29,0,0,0,0,0,0,0,0,0,0,0,0,0,0,0,0,0,0,0,0,0,0,87258
1,1,1,1,1069,-1354,1132,-232,185,-34,-6,15,33,0,0,0,0,0,0,0,0,0,0,0,0,0,0,0,0,0,0,0,0,0,0,87268
1,1,1,1,1082,-1389,1121,-100,152,-59,-9,18,34,0,0,0,0,0,0,0,0,0,0,0,0,0,0,0,0,0,0,0,0,0,0,87278
1,1,1,1,1082,-1380,1084,58,111,-80,-9,16,36,0,0,0,0,0,0,0,0,0,0,0,0,0,0,0,0,0,0,0,0,0,0,87288
1,1,1,1,1037,-1368,994,57,108,-81,-8,19,35,0,0,0,0,0,0,0,0,0,0,0,0,0,0,0,0,0,0,0,0,0,0,87298
1,1,1,1,1004,-1316,980,141,143,-77,-9,20,34,0,0,0,0,0,0,0,0,0,0,0,0,0,0,0,0,0,0,0,0,0,0,87308
1,1,1,1,993,-1286,979,227,181,-57,-11,26,40,0,0,0,0,0,0,0,0,0,0,0,0,0,0,0,0,0,0,0,0,0,0,87318
1,1,1,1,992,-1327,996,312,207,-41,-6,23,38,0,0,0,0,0,0,0,0,0,0,0,0,0,0,0,0,0,0,0,0,0,0,87328
1,1,1,1,978,-1365,1040,297,251,-4,-6,23,40,0,0,0,0,0,0,0,0,0,0,0,0,0,0,0,0,0,0,0,0,0,0,87338
1,1,1,1,985,-1366,1062,207,298,61,-4,24,41,0,0,0,0,0,0,0,0,0,0,0,0,0,0,0,0,0,0,0,0,0,0,87348
1,1,1,1,979,-1426,1114,121,315,117,-5,25,41,0,0,0,0,0,0,0,0,0,0,0,0,0,0,0,0,0,0,0,0,0,0,87358
1,1,1,1,970,-1425,1166,95,292,147,-4,25,41,0,0,0,0,0,0,0,0,0,0,0,0,0,0,0,0,0,0,0,0,0,0,87368
1,1,1,1,968,-1405,1179,39,263,175,-5,25,36,0,0,0,0,0,0,0,0,0,0,0,0,0,0,0,0,0,0,0,0,0,0,87378
1,1,1,1,926,-1395,1195,2,239,197,-3,23,37,0,0,0,0,0,0,0,0,0,0,0,0,0,0,0,0,0,0,0,0,0,0,87388
1,1,1,1,927,-1368,1222,40,199,183,-3,25,40,0,0,0,0,0,0,0,0,0,0,0,0,0,0,0,0,0,0,0,0,0,0,87398
1,1,1,1,921,-1361,1226,213,124,112,-1,23,41,0,0,0,0,0,0,0,0,0,0,0,0,0,0,0,0,0,0,0,0,0,0,87408
1,1,1,1,858,-1359,1199,384,60,26,-2,22,39,0,0,0,0,0,0,0,0,0,0,0,0,0,0,0,0,0,0,0,0,0,0,87418
1,1,1,1,812,-1377,1193,419,50,-10,-4,23,38,0,0,0,0,0,0,0,0,0,0,0,0,0,0,0,0,0,0,0,0,0,0,87428
1,1,1,1,794,-1399,1224,346,77,6,-5,23,37,0,0,0,0,0,0,0,0,0,0,0,0,0,0,0,0,0,0,0,0,0,0,87438
1,1,1,1,818,-1431,1304,225,109,35,-5,22,36,0,0,0,0,0,0,0,0,0,0,0,0,0,0,0,0,0,0,0,0,0,0,87448
1,1,1,1,834,-1494,1369,89,100,27,-4,22,37,0,0,0,0,0,0,0,0,0,0,0,0,0,0,0,0,0,0,0,0,0,0,87458
1,1,1,1,819,-1575,1419,-22,58,-67,-7,23,40,0,0,0,0,0,0,0,0,0,0,0,0,0,0,0,0,0,0,0,0,0,0,87468
1,1,1,1,827,-1578,1406,-174,16,-167,-9,24,43,0,0,0,0,0,0,0,0,0,0,0,0,0,0,0,0,0,0,0,0,0,0,87478
1,1,1,1,843,-1506,1383,-317,-10,-212,-9,23,42,0,0,0,0,0,0,0,0,0,0,0,0,0,0,0,0,0,0,0,0,0,0,87488
1,1,1,1,883,-1383,1317,-364,-46,-247,-8,23,43,0,0,0,0,0,0,0,0,0,0,0,0,0,0,0,0,0,0,0,0,0,0,87498
1,1,1,1,931,-1272,1232,-377,-63,-210,-10,23,42,0,0,0,0,0,0,0,0,0,0,0,0,0,0,0,0,0,0,0,0,0,0,87508
1,1,1,1,936,-1255,1116,-405,8,-136,-13,23,46,0,0,0,0,0,0,0,0,0,0,0,0,0,0,0,0,0,0,0,0,0,0,87518
1,1,1,1,915,-1283,1061,-417,87,-80,-13,23,48,0,0,0,0,0,0,0,0,0,0,0,0,0,0,0,0,0,0,0,0,0,0,87528
1,1,1,1,953,-1314,1073,-362,152,-46,-12,24,46,0,0,0,0,0,0,0,0,0,0,0,0,0,0,0,0,0,0,0,0,0,0,87538
1,1,1,1,958,-1360,1121,-299,152,-50,-10,24,46,0,0,0,0,0,0,0,0,0,0,0,0,0,0,0,0,0,0,0,0,0,0,87548
1,1,1,1,949,-1397,1162,-281,145,-53,-12,24,49,0,0,0,0,0,0,0,0,0,0,0,0,0,0,0,0,0,0,0,0,0,0,87558
1,1,1,1,933,-1436,1175,-328,152,-45,-15,25,50,0,0,0,0,0,0,0,0,0,0,0,0,0,0,0,0,0,0,0,0,0,0,87568
1,1,1,1,973,-1429,1191,-396,129,-21,-13,25,51,0,0,0,0,0,0,0,0,0,0,0,0,0,0,0,0,0,0,0,0,0,0,87578
1,1,1,1,975,-1440,1147,-440,121,-50,-14,22,46,0,0,0,0,0,0,0,0,0,0,0,0,0,0,0,0,0,0,0,0,0,0,87588
1,1,1,1,1013,-1365,1103,-455,111,-35,-14,26,49,0,0,0,0,0,0,0,0,0,0,0,0,0,0,0,0,0,0,0,0,0,0,87598
1,1,1,1,1003,-1334,1042,-458,153,-4,-13,23,48,0,0,0,0,0,0,0,0,0,0,0,0,0,0,0,0,0,0,0,0,0,0,87608
1,1,1,1,1050,-1328,1027,-414,174,43,-15,27,51,0,0,0,0,0,0,0,0,0,0,0,0,0,0,0,0,0,0,0,0,0,0,87618
1,1,1,1,1064,-1383,1027,-297,177,36,-14,28,52,0,0,0,0,0,0,0,0,0,0,0,0,0,0,0,0,0,0,0,0,0,0,87628
1,1,1,1,1079,-1454,1014,-173,180,-6,-12,23,50,0,0,0,0,0,0,0,0,0,0,0,0,0,0,0,0,0,0,0,0,0,0,87638
1,1,1,1,1130,-1510,1021,-63,163,-41,-14,24,56,0,0,0,0,0,0,0,0,0,0,0,0,0,0,0,0,0,0,0,0,0,0,87648
1,1,1,1,1200,-1552,1012,-2,107,-89,-13,27,55,0,0,0,0,0,0,0,0,0,0,0,0,0,0,0,0,0,0,0,0,0,0,87658
1,1,1,1,1253,-1510,1016,33,11,-125,-11,27,52,0,0,0,0,0,0,0,0,0,0,0,0,0,0,0,0,0,0,0,0,0,0,87668
1,1,1,1,1248,-1423,1000,20,-78,-110,-9,26,49,0,0,0,0,0,0,0,0,0,0,0,0,0,0,0,0,0,0,0,0,0,0,87678
1,1,1,1,1178,-1349,1003,-12,-121,-43,-8,26,49,0,0,0,0,0,0,0,0,0,0,0,0,0,0,0,0,0,0,0,0,0,0,87688
1,1,1,1,1032,-1312,994,-50,-109,48,-9,26,49,0,0,0,0,0,0,0,0,0,0,0,0,0,0,0,0,0,0,0,0,0,0,87698
1,1,1,1,932,-1296,1014,-62,-86,123,-9,27,52,0,0,0,0,0,0,0,0,0,0,0,0,0,0,0,0,0,0,0,0,0,0,87708
1,1,1,1,856,-1351,1051,-46,-60,210,-6,28,52,0,0,0,0,0,0,0,0,0,0,0,0,0,0,0,0,0,0,0,0,0,0,87718
1,1,1,1,793,-1417,1069,59,-39,203,-6,27,51,0,0,0,0,0,0,0,0,0,0,0,0,0,0,0,0,0,0,0,0,0,0,87728
1,1,1,1,791,-1461,1063,129,-16,164,-6,26,50,0,0,0,0,0,0,0,0,0,0,0,0,0,0,0,0,0,0,0,0,0,0,87738
1,1,1,1,841,-1457,1073,165,-15,158,-6,26,47,0,0,0,0,0,0,0,0,0,0,0,0,0,0,0,0,0,0,0,0,0,0,87748
1,1,1,1,866,-1439,1083,174,-34,155,-6,27,47,0,0,0,0,0,0,0,0,0,0,0,0,0,0,0,0,0,0,0,0,0,0,87758
1,1,1,1,894,-1405,1068,177,-24,162,-4,26,47,0,0,0,0,0,0,0,0,0,0,0,0,0,0,0,0,0,0,0,0,0,0,87768
1,1,1,1,823,-1317,1120,232,-62,184,-4,26,45,0,0,0,0,0,0,0,0,0,0,0,0,0,0,0,0,0,0,0,0,0,0,87778
1,1,1,1,771,-1340,1147,289,-77,169,-3,26,44,0,0,0,0,0,0,0,0,0,0,0,0,0,0,0,0,0,0,0,0,0,0,87788
1,1,1,1,737,-1392,1159,277,-51,144,-2,27,45,0,0,0,0,0,0,0,0,0,0,0,0,0,0,0,0,0,0,0,0,0,0,87798
1,1,1,1,740,-1421,1225,244,-60,139,-4,27,43,0,0,0,0,0,0,0,0,0,0,0,0,0,0,0,0,0,0,0,0,0,0,87808
1,1,1,1,748,-1445,1258,223,-74,89,-4,27,44,0,0,0,0,0,0,0,0,0,0,0,0,0,0,0,0,0,0,0,0,0,0,87818
1,1,1,1,731,-1470,1262,212,-91,21,-3,26,44,0,0,0,0,0,0,0,0,0,0,0,0,0,0,0,0,0,0,0,0,0,0,87828
1,1,1,1,697,-1482,1273,222,-79,-34,-4,25,47,0,0,0,0,0,0,0,0,0,0,0,0,0,0,0,0,0,0,0,0,0,0,87838
1,1,1,1,658,-1472,1262,219,-43,-74,-5,25,47,0,0,0,0,0,0,0,0,0,0,0,0,0,0,0,0,0,0,0,0,0,0,87848
1,1,1,1,609,-1470,1238,132,43,-78,-7,26,45,0,0,0,0,0,0,0,0,0,0,0,0,0,0,0,0,0,0,0,0,0,0,87858
1,1,1,1,609,-1448,1251,42,130,-53,-10,25,47,0,0,0,0,0,0,0,0,0,0,0,0,0,0,0,0,0,0,0,0,0,0,87868
1,1,1,1,631,-1399,1269,-58,218,-2,-11,26,49,0,0,0,0,0,0,0,0,0,0,0,0,0,0,0,0,0,0,0,0,0,0,87878
1,1,1,1,701,-1380,1305,-193,277,79,-11,29,50,0,0,0,0,0,0,0,0,0,0,0,0,0,0,0,0,0,0,0,0,0,0,87888
1,1,1,1,786,-1434,1338,-234,286,105,-13,29,50,0,0,0,0,0,0,0,0,0,0,0,0,0,0,0,0,0,0,0,0,0,0,87898
1,1,1,1,847,-1485,1342,-281,257,67,-12,26,51,0,0,0,0,0,0,0,0,0,0,0,0,0,0,0,0,0,0,0,0,0,0,87908
1,1,1,1,906,-1494,1338,-321,210,9,-15,29,54,0,0,0,0,0,0,0,0,0,0,0,0,0,0,0,0,0,0,0,0,0,0,87918
1,1,1,1,949,-1487,1320,-332,158,-43,-15,28,56,0,0,0,0,0,0,0,0,0,0,0,0,0,0,0,0,0,0,0,0,0,0,87928
1,1,1,1,967,-1499,1286,-360,115,-90,-18,29,57,0,0,0,0,0,0,0,0,0,0,0,0,0,0,0,0,0,0,0,0,0,0,87938
1,1,1,1,938,-1506,1253,-370,72,-132,-13,26,55,0,0,0,0,0,0,0,0,0,0,0,0,0,0,0,0,0,0,0,0,0,0,87948
1,1,1,1,929,-1481,1204,-359,43,-134,-16,29,59,0,0,0,0,0,0,0,0,0,0,0,0,0,0,0,0,0,0,0,0,0,0,87958
1,1,1,1,928,-1468,1156,-313,16,-140,-15,27,57,0,0,0,0,0,0,0,0,0,0,0,0,0,0,0,0,0,0,0,0,0,0,87968
1,1,1,1,947,-1448,1136,-276,6,-130,-16,27,61,0,0,0,0,0,0,0,0,0,0,0,0,0,0,0,0,0,0,0,0,0,0,87978
1,1,1,1,944,-1458,1080,-288,56,-95,-17,24,59,0,0,0,0,0,0,0,0,0,0,0,0,0,0,0,0,0,0,0,0,0,0,87988
1,1,1,1,922,-1483,1028,-285,106,-74,-14,26,58,0,0,0,0,0,0,0,0,0,0,0,0,0,0,0,0,0,0,0,0,0,0,87998
1,1,1,1,1004,-1444,1060,-276,131,-28,-16,25,62,0,0,0,0,0,0,0,0,0,0,0,0,0,0,0,0,0,0,0,0,0,0,88008
1,1,1,1,1065,-1424,1069,-280,156,-9,-19,26,62,0,0,0,0,0,0,0,0,0,0,0,0,0,0,0,0,0,0,0,0,0,0,88018
1,1,1,1,1076,-1439,1049,-288,175,-14,-19,26,61,0,0,0,0,0,0,0,0,0,0,0,0,0,0,0,0,0,0,0,0,0,0,88028
1,1,1,1,1113,-1436,1043,-295,204,-8,-18,26,61,0,0,0,0,0,0,0,0,0,0,0,0,0,0,0,0,0,0,0,0,0,0,88038
1,1,1,1,1112,-1450,1018,-256,205,-42,-15,26,61,0,0,0,0,0,0,0,0,0,0,0,0,0,0,0,0,0,0,0,0,0,0,88048
1,1,1,1,1110,-1468,979,-177,207,-85,-14,26,61,0,0,0,0,0,0,0,0,0,0,0,0,0,0,0,0,0,0,0,0,0,0,88058
1,1,1,1,1100,-1487,966,-122,194,-94,-13,27,61,0,0,0,0,0,0,0,0,0,0,0,0,0,0,0,0,0,0,0,0,0,0,88068
1,1,1,1,1095,-1495,972,-94,169,-87,-12,27,59,0,0,0,0,0,0,0,0,0,0,0,0,0,0,0,0,0,0,0,0,0,0,88078
1,1,1,1,1054,-1449,992,-68,145,-54,-11,26,55,0,0,0,0,0,0,0,0,0,0,0,0,0,0,0,0,0,0,0,0,0,0,88088
1,1,1,1,1000,-1392,1015,-8,120,5,-12,27,57,0,0,0,0,0,0,0,0,0,0,0,0,0,0,0,0,0,0,0,0,0,0,88098
1,1,1,1,924,-1368,1029,63,101,59,-13,27,54,0,0,0,0,0,0,0,0,0,0,0,0,0,0,0,0,0,0,0,0,0,0,88108
1,1,1,1,869,-1332,1047,123,109,135,-13,27,53,0,0,0,0,0,0,0,0,0,0,0,0,0,0,0,0,0,0,0,0,0,0,88118
1,1,1,1,842,-1323,1089,199,101,189,-11,27,52,0,0,0,0,0,0,0,0,0,0,0,0,0,0,0,0,0,0,0,0,0,0,88128
1,1,1,1,865,-1323,1136,248,71,240,-9,25,47,0,0,0,0,0,0,0,0,0,0,0,0,0,0,0,0,0,0,0,0,0,0,88138
1,1,1,1,815,-1406,1141,269,70,245,-9,26,49,0,0,0,0,0,0,0,0,0,0,0,0,0,0,0,0,0,0,0,0,0,0,88148
1,1,1,1,789,-1478,1163,309,58,202,-7,26,46,0,0,0,0,0,0,0,0,0,0,0,0,0,0,0,0,0,0,0,0,0,0,88158
1,1,1,1,755,-1503,1193,311,41,163,-7,26,46,0,0,0,0,0,0,0,0,0,0,0,0,0,0,0,0,0,0,0,0,0,0,88168
1,1,1,1,696,-1515,1229,303,49,124,-5,24,46,0,0,0,0,0,0,0,0,0,0,0,0,0,0,0,0,0,0,0,0,0,0,88178
1,1,1,1,636,-1515,1266,282,80,107,-4,25,46,0,0,0,0,0,0,0,0,0,0,0,0,0,0,0,0,0,0,0,0,0,0,88188
1,1,1,1,565,-1534,1323,299,119,69,-4,29,46,0,0,0,0,0,0,0,0,0,0,0,0,0,0,0,0,0,0,0,0,0,0,88198
1,1,1,1,544,-1555,1361,309,154,26,-5,26,44,0,0,0,0,0,0,0,0,0,0,0,0,0,0,0,0,0,0,0,0,0,0,88208
1,1,1,1,520,-1597,1381,285,206,-9,-3,19,44,0,0,0,0,0,0,0,0,0,0,0,0,0,0,0,0,0,0,0,0,0,0,88218
1,1,1,1,537,-1589,1402,165,276,-23,-6,22,45,0,0,0,0,0,0,0,0,0,0,0,0,0,0,0,0,0,0,0,0,0,0,88228
1,1,1,1,577,-1561,1445,38,349,-18,-9,24,47,0,0,0,0,0,0,0,0,0,0,0,0,0,0,0,0,0,0,0,0,0,0,88238
1,1,1,1,625,-1546,1474,-88,411,-25,-11,25,48,0,0,0,0,0,0,0,0,0,0,0,0,0,0,0,0,0,0,0,0,0,0,88248
1,1,1,1,683,-1553,1479,-224,462,-26,-11,25,47,0,0,0,0,0,0,0,0,0,0,0,0,0,0,0,0,0,0,0,0,0,0,88258
1,1,1,1,773,-1592,1501,-336,483,-55,-9,23,51,0,0,0,0,0,0,0,0,0,0,0,0,0,0,0,0,0,0,0,0,0,0,88268
1,1,1,1,848,-1595,1505,-397,465,-105,-11,25,52,0,0,0,0,0,0,0,0,0,0,0,0,0,0,0,0,0,0,0,0,0,0,88278
1,1,1,1,928,-1582,1480,-443,445,-121,-11,25,51,0,0,0,0,0,0,0,0,0,0,0,0,0,0,0,0,0,0,0,0,0,0,88288
1,1,1,1,974,-1571,1424,-449,443,-139,-14,25,55,0,0,0,0,0,0,0,0,0,0,0,0,0,0,0,0,0,0,0,0,0,0,88298
1,1,1,1,984,-1571,1358,-458,442,-153,-15,25,54,0,0,0,0,0,0,0,0,0,0,0,0,0,0,0,0,0,0,0,0,0,0,88308
1,1,1,1,1001,-1546,1317,-451,470,-128,-16,24,53,0,0,0,0,0,0,0,0,0,0,0,0,0,0,0,0,0,0,0,0,0,0,88318
1,1,1,1,910,-1509,1235,-503,626,15,-19,23,57,0,0,0,0,0,0,0,0,0,0,0,0,0,0,0,0,0,0,0,0,0,0,88338
1,1,1,1,876,-1490,1195,-521,707,88,-18,23,55,0,0,0,0,0,0,0,0,0,0,0,0,0,0,0,0,0,0,0,0,0,0,88348
1,1,1,1,830,-1495,1157,-485,776,122,-17,23,57,0,0,0,0,0,0,0,0,0,0,0,0,0,0,0,0,0,0,0,0,0,0,88358
1,1,1,1,819,-1516,1152,-429,832,128,-16,23,54,0,0,0,0,0,0,0,0,0,0,0,0,0,0,0,0,0,0,0,0,0,0,88368
1,1,1,1,806,-1548,1181,-405,867,129,-15,23,51,0,0,0,0,0,0,0,0,0,0,0,0,0,0,0,0,0,0,0,0,0,0,88378
1,1,1,1,816,-1554,1249,-371,859,108,-14,23,52,0,0,0,0,0,0,0,0,0,0,0,0,0,0,0,0,0,0,0,0,0,0,88388
1,1,1,1,831,-1545,1284,-376,845,74,-16,23,51,0,0,0,0,0,0,0,0,0,0,0,0,0,0,0,0,0,0,0,0,0,0,88398
1,1,1,1,810,-1523,1313,-441,818,57,-17,24,50,0,0,0,0,0,0,0,0,0,0,0,0,0,0,0,0,0,0,0,0,0,0,88408
1,1,1,1,776,-1511,1280,-478,774,48,-16,24,55,0,0,0,0,0,0,0,0,0,0,0,0,0,0,0,0,0,0,0,0,0,0,88418
1,1,1,1,720,-1493,1181,-508,753,37,-17,24,56,0,0,0,0,0,0,0,0,0,0,0,0,0,0,0,0,0,0,0,0,0,0,88428
1,1,1,1,675,-1464,1093,-495,747,59,-18,25,55,0,0,0,0,0,0,0,0,0,0,0,0,0,0,0,0,0,0,0,0,0,0,88438
1,1,1,1,616,-1446,995,-500,770,75,-17,25,57,0,0,0,0,0,0,0,0,0,0,0,0,0,0,0,0,0,0,0,0,0,0,88448
1,1,1,1,584,-1435,942,-487,798,96,-13,26,55,0,0,0,0,0,0,0,0,0,0,0,0,0,0,0,0,0,0,0,0,0,0,88458
1,1,1,1,601,-1430,938,-395,809,129,-15,26,54,0,0,0,0,0,0,0,0,0,0,0,0,0,0,0,0,0,0,0,0,0,0,88468
1,1,1,1,592,-1443,916,-268,799,139,-13,26,55,0,0,0,0,0,0,0,0,0,0,0,0,0,0,0,0,0,0,0,0,0,0,88478
1,1,1,1,580,-1462,910,-153,792,161,-16,29,52,0,0,0,0,0,0,0,0,0,0,0,0,0,0,0,0,0,0,0,0,0,0,88488
1,1,1,1,550,-1467,925,-69,801,195,-14,27,50,0,0,0,0,0,0,0,0,0,0,0,0,0,0,0,0,0,0,0,0,0,0,88498
1,1,1,1,511,-1470,968,-34,802,254,-10,27,44,0,0,0,0,0,0,0,0,0,0,0,0,0,0,0,0,0,0,0,0,0,0,88508
1,1,1,1,468,-1472,1034,-21,798,323,-12,28,42,0,0,0,0,0,0,0,0,0,0,0,0,0,0,0,0,0,0,0,0,0,0,88518
1,1,1,1,450,-1464,1089,-4,781,388,-9,25,44,0,0,0,0,0,0,0,0,0,0,0,0,0,0,0,0,0,0,0,0,0,0,88528
1,1,1,1,466,-1458,1143,94,691,410,-9,23,39,0,0,0,0,0,0,0,0,0,0,0,0,0,0,0,0,0,0,0,0,0,0,88538
1,1,1,1,464,-1494,1173,195,585,404,-5,21,40,0,0,0,0,0,0,0,0,0,0,0,0,0,0,0,0,0,0,0,0,0,0,88548
1,1,1,1,416,-1660,1170,302,504,279,-8,26,44,0,0,0,0,0,0,0,0,0,0,0,0,0,0,0,0,0,0,0,0,0,0,88558
1,1,1,1,329,-1838,1176,333,443,123,-4,23,40,0,0,0,0,0,0,0,0,0,0,0,0,0,0,0,0,0,0,0,0,0,0,88568
1,1,1,1,294,-1900,1253,293,367,9,-4,24,43,0,0,0,0,0,0,0,0,0,0,0,0,0,0,0,0,0,0,0,0,0,0,88578
1,1,1,1,281,-1908,1300,132,325,-38,-3,25,41,0,0,0,0,0,0,0,0,0,0,0,0,0,0,0,0,0,0,0,0,0,0,88588
1,1,1,1,229,-1882,1322,-60,335,-45,-5,23,39,0,0,0,0,0,0,0,0,0,0,0,0,0,0,0,0,0,0,0,0,0,0,88598
1,1,1,1,234,-1852,1370,-209,347,-60,-7,23,41,0,0,0,0,0,0,0,0,0,0,0,0,0,0,0,0,0,0,0,0,0,0,88608
1,1,1,1,280,-1801,1368,-379,346,-103,-9,24,45,0,0,0,0,0,0,0,0,0,0,0,0,0,0,0,0,0,0,0,0,0,0,88618
1,1,1,1,325,-1783,1356,-474,315,-174,-10,24,45,0,0,0,0,0,0,0,0,0,0,0,0,0,0,0,0,0,0,0,0,0,0,88628
1,1,1,1,403,-1752,1326,-469,251,-278,-14,24,48,0,0,0,0,0,0,0,0,0,0,0,0,0,0,0,0,0,0,0,0,0,0,88638
1,1,1,1,472,-1679,1244,-476,186,-346,-15,25,45,0,0,0,0,0,0,0,0,0,0,0,0,0,0,0,0,0,0,0,0,0,0,88648
1,1,1,1,529,-1593,1198,-436,118,-348,-11,25,43,0,0,0,0,0,0,0,0,0,0,0,0,0,0,0,0,0,0,0,0,0,0,88658
1,1,1,1,543,-1531,1155,-363,47,-316,-12,25,44,0,0,0,0,0,0,0,0,0,0,0,0,0,0,0,0,0,0,0,0,0,0,88668
1,1,1,1,523,-1480,1065,-314,25,-231,-14,25,47,0,0,0,0,0,0,0,0,0,0,0,0,0,0,0,0,0,0,0,0,0,0,88678
1,1,1,1,416,-1466,936,-280,112,-121,-14,23,47,0,0,0,0,0,0,0,0,0,0,0,0,0,0,0,0,0,0,0,0,0,0,88688
1,1,1,1,401,-1478,879,-259,230,-26,-11,23,44,0,0,0,0,0,0,0,0,0,0,0,0,0,0,0,0,0,0,0,0,0,0,88698
1,1,1,1,458,-1516,922,-230,309,24,-12,24,48,0,0,0,0,0,0,0,0,0,0,0,0,0,0,0,0,0,0,0,0,0,0,88708
1,1,1,1,552,-1557,1014,-183,298,44,-11,25,46,0,0,0,0,0,0,0,0,0,0,0,0,0,0,0,0,0,0,0,0,0,0,88718
1,1,1,1,638,-1569,1076,-144,226,54,-12,25,47,0,0,0,0,0,0,0,0,0,0,0,0,0,0,0,0,0,0,0,0,0,0,88728
1,1,1,1,627,-1598,1030,-148,160,53,-10,25,44,0,0,0,0,0,0,0,0,0,0,0,0,0,0,0,0,0,0,0,0,0,0,88738
1,1,1,1,518,-1505,939,-161,175,103,-7,25,46,0,0,0,0,0,0,0,0,0,0,0,0,0,0,0,0,0,0,0,0,0,0,88748
1,1,1,1,382,-1449,897,-90,209,144,-7,26,47,0,0,0,0,0,0,0,0,0,0,0,0,0,0,0,0,0,0,0,0,0,0,88758
1,1,1,1,265,-1478,897,61,255,161,-7,26,45,0,0,0,0,0,0,0,0,0,0,0,0,0,0,0,0,0,0,0,0,0,0,88768
1,1,1,1,225,-1465,994,164,297,210,-4,27,44,0,0,0,0,0,0,0,0,0,0,0,0,0,0,0,0,0,0,0,0,0,0,88778
1,1,1,1,198,-1540,1119,278,286,245,-4,25,42,0,0,0,0,0,0,0,0,0,0,0,0,0,0,0,0,0,0,0,0,0,0,88788
1,1,1,1,166,-1687,1220,389,216,193,-3,25,37,0,0,0,0,0,0,0,0,0,0,0,0,0,0,0,0,0,0,0,0,0,0,88798
1,1,1,1,100,-1803,1278,356,148,115,-5,27,42,0,0,0,0,0,0,0,0,0,0,0,0,0,0,0,0,0,0,0,0,0,0,88808
1,1,1,1,25,-1884,1311,257,108,42,-4,26,43,0,0,0,0,0,0,0,0,0,0,0,0,0,0,0,0,0,0,0,0,0,0,88818
1,1,1,1,-30,-1905,1286,123,116,-24,-7,23,45,0,0,0,0,0,0,0,0,0,0,0,0,0,0,0,0,0,0,0,0,0,0,88828
1,1,1,1,-68,-1877,1253,-10,121,-80,-13,28,47,0,0,0,0,0,0,0,0,0,0,0,0,0,0,0,0,0,0,0,0,0,0,88838
1,1,1,1,2,-1789,1261,-51,126,-119,-11,27,48,0,0,0,0,0,0,0,0,0,0,0,0,0,0,0,0,0,0,0,0,0,0,88848
1,1,1,1,110,-1695,1266,-87,100,-115,-12,29,51,0,0,0,0,0,0,0,0,0,0,0,0,0,0,0,0,0,0,0,0,0,0,88858
1,1,1,1,206,-1618,1249,-94,95,-80,-13,30,54,0,0,0,0,0,0,0,0,0,0,0,0,0,0,0,0,0,0,0,0,0,0,88868
1,1,1,1,306,-1596,1244,-79,83,-44,-12,28,49,0,0,0,0,0,0,0,0,0,0,0,0,0,0,0,0,0,0,0,0,0,0,88878
1,1,1,1,369,-1623,1264,-45,54,-40,-11,28,51,0,0,0,0,0,0,0,0,0,0,0,0,0,0,0,0,0,0,0,0,0,0,88888
1,1,1,1,442,-1675,1282,-28,23,-65,-10,27,53,0,0,0,0,0,0,0,0,0,0,0,0,0,0,0,0,0,0,0,0,0,0,88898
1,1,1,1,479,-1744,1295,-63,9,-110,-12,28,56,0,0,0,0,0,0,0,0,0,0,0,0,0,0,0,0,0,0,0,0,0,0,88908
1,1,1,1,507,-1785,1271,-123,5,-143,-14,27,58,0,0,0,0,0,0,0,0,0,0,0,0,0,0,0,0,0,0,0,0,0,0,88918
1,1,1,1,520,-1803,1214,-201,7,-163,-16,27,59,0,0,0,0,0,0,0,0,0,0,0,0,0,0,0,0,0,0,0,0,0,0,88928
1,1,1,1,542,-1796,1140,-220,12,-155,-16,26,60,0,0,0,0,0,0,0,0,0,0,0,0,0,0,0,0,0,0,0,0,0,0,88948
1,1,1,1,555,-1778,1018,-178,26,-122,-17,27,60,0,0,0,0,0,0,0,0,0,0,0,0,0,0,0,0,0,0,0,0,0,0,88958
1,1,1,1,597,-1729,886,-107,27,-78,-14,28,58,0,0,0,0,0,0,0,0,0,0,0,0,0,0,0,0,0,0,0,0,0,0,88968
1,1,1,1,631,-1649,891,14,9,-17,-12,28,54,0,0,0,0,0,0,0,0,0,0,0,0,0,0,0,0,0,0,0,0,0,0,88978
1,1,1,1,621,-1583,966,122,-21,60,-10,27,50,0,0,0,0,0,0,0,0,0,0,0,0,0,0,0,0,0,0,0,0,0,0,88988
1,1,1,1,601,-1583,1005,157,-46,143,-9,27,49,0,0,0,0,0,0,0,0,0,0,0,0,0,0,0,0,0,0,0,0,0,0,88998
1,1,1,1,555,-1559,1065,161,-74,242,-9,27,47,0,0,0,0,0,0,0,0,0,0,0,0,0,0,0,0,0,0,0,0,0,0,89008
1,1,1,1,510,-1484,1141,173,-133,347,-9,27,45,0,0,0,0,0,0,0,0,0,0,0,0,0,0,0,0,0,0,0,0,0,0,89018
1,1,1,1,390,-1436,1221,201,-174,424,-9,29,45,0,0,0,0,0,0,0,0,0,0,0,0,0,0,0,0,0,0,0,0,0,0,89028
1,1,1,1,116,-1524,1247,243,-156,413,-9,28,44,0,0,0,0,0,0,0,0,0,0,0,0,0,0,0,0,0,0,0,0,0,0,89038
1,1,1,1,-138,-1651,1224,216,-65,375,-8,27,44,0,0,0,0,0,0,0,0,0,0,0,0,0,0,0,0,0,0,0,0,0,0,89048
1,1,1,1,-280,-1747,1248,165,6,338,-7,27,43,0,0,0,0,0,0,0,0,0,0,0,0,0,0,0,0,0,0,0,0,0,0,89058
1,1,1,1,-294,-1811,1328,146,34,263,-8,27,50,0,0,0,0,0,0,0,0,0,0,0,0,0,0,0,0,0,0,0,0,0,0,89068
1,1,1,1,-229,-1871,1381,169,-4,132,-11,25,48,0,0,0,0,0,0,0,0,0,0,0,0,0,0,0,0,0,0,0,0,0,0,89078
1,1,1,1,-257,-1910,1274,28,28,54,-13,26,51,0,0,0,0,0,0,0,0,0,0,0,0,0,0,0,0,0,0,0,0,0,0,89088
1,1,1,1,-241,-1834,1242,-66,85,48,-10,21,47,0,0,0,0,0,0,0,0,0,0,0,0,0,0,0,0,0,0,0,0,0,0,89098
1,1,1,1,-59,-1706,1316,-35,53,31,-13,30,50,0,0,0,0,0,0,0,0,0,0,0,0,0,0,0,0,0,0,0,0,0,0,89108
1,1,1,1,164,-1593,1401,15,-48,21,-12,32,54,0,0,0,0,0,0,0,0,0,0,0,0,0,0,0,0,0,0,0,0,0,0,89118
1,1,1,1,317,-1599,1438,63,-151,-72,-12,26,52,0,0,0,0,0,0,0,0,0,0,0,0,0,0,0,0,0,0,0,0,0,0,89128
1,1,1,1,487,-1630,1480,21,-238,-145,-13,26,48,0,0,0,0,0,0,0,0,0,0,0,0,0,0,0,0,0,0,0,0,0,0,89138
1,1,1,1,557,-1674,1261,-374,-110,-205,-19,25,58,0,0,0,0,0,0,0,0,0,0,0,0,0,0,0,0,0,0,0,0,0,0,89158
1,1,1,1,477,-1646,1124,-442,34,-219,-16,23,57,0,0,0,0,0,0,0,0,0,0,0,0,0,0,0,0,0,0,0,0,0,0,89168
1,1,1,1,545,-1557,1143,-394,62,-152,-15,25,55,0,0,0,0,0,0,0,0,0,0,0,0,0,0,0,0,0,0,0,0,0,0,89178
1,1,1,1,603,-1555,1113,-305,81,-105,-18,27,60,0,0,0,0,0,0,0,0,0,0,0,0,0,0,0,0,0,0,0,0,0,0,89188
1,1,1,1,539,-1676,995,-241,136,-87,-18,26,61,0,0,0,0,0,0,0,0,0,0,0,0,0,0,0,0,0,0,0,0,0,0,89198
1,1,1,1,560,-1765,952,-217,188,-62,-14,26,62,0,0,0,0,0,0,0,0,0,0,0,0,0,0,0,0,0,0,0,0,0,0,89208
1,1,1,1,617,-1832,974,-179,191,-55,-20,28,65,0,0,0,0,0,0,0,0,0,0,0,0,0,0,0,0,0,0,0,0,0,0,89218
1,1,1,1,657,-1869,992,-127,155,-80,-17,27,63,0,0,0,0,0,0,0,0,0,0,0,0,0,0,0,0,0,0,0,0,0,0,89228
1,1,1,1,670,-1839,1021,-76,99,-104,-16,27,61,0,0,0,0,0,0,0,0,0,0,0,0,0,0,0,0,0,0,0,0,0,0,89238
1,1,1,1,676,-1755,1051,-30,20,-91,-15,27,57,0,0,0,0,0,0,0,0,0,0,0,0,0,0,0,0,0,0,0,0,0,0,89248
1,1,1,1,619,-1690,1073,24,-55,-59,-15,28,57,0,0,0,0,0,0,0,0,0,0,0,0,0,0,0,0,0,0,0,0,0,0,89258
1,1,1,1,533,-1593,1067,28,-89,3,-14,28,57,0,0,0,0,0,0,0,0,0,0,0,0,0,0,0,0,0,0,0,0,0,0,89268
1,1,1,1,426,-1536,1043,62,-72,79,-13,28,56,0,0,0,0,0,0,0,0,0,0,0,0,0,0,0,0,0,0,0,0,0,0,89278
1,1,1,1,337,-1508,1025,94,-26,159,-9,28,54,0,0,0,0,0,0,0,0,0,0,0,0,0,0,0,0,0,0,0,0,0,0,89288
1,1,1,1,271,-1510,1062,189,7,211,-8,27,54,0,0,0,0,0,0,0,0,0,0,0,0,0,0,0,0,0,0,0,0,0,0,89298
1,1,1,1,265,-1533,1103,302,8,233,-9,28,52,0,0,0,0,0,0,0,0,0,0,0,0,0,0,0,0,0,0,0,0,0,0,89308
1,1,1,1,175,-1614,1168,390,-18,208,-8,27,53,0,0,0,0,0,0,0,0,0,0,0,0,0,0,0,0,0,0,0,0,0,0,89318
1,1,1,1,58,-1695,1217,434,-26,147,-8,27,52,0,0,0,0,0,0,0,0,0,0,0,0,0,0,0,0,0,0,0,0,0,0,89328
1,1,1,1,2,-1756,1261,398,-28,86,-6,28,51,0,0,0,0,0,0,0,0,0,0,0,0,0,0,0,0,0,0,0,0,0,0,89338
1,1,1,1,-52,-1760,1335,382,-59,17,-5,27,49,0,0,0,0,0,0,0,0,0,0,0,0,0,0,0,0,0,0,0,0,0,0,89348
1,1,1,1,-51,-1782,1328,263,-50,-89,-9,25,53,0,0,0,0,0,0,0,0,0,0,0,0,0,0,0,0,0,0,0,0,0,0,89368
1,1,1,1,-58,-1744,1294,88,24,-89,-10,26,52,0,0,0,0,0,0,0,0,0,0,0,0,0,0,0,0,0,0,0,0,0,0,89378
1,1,1,1,46,-1651,1324,-7,63,-82,-13,26,52,0,0,0,0,0,0,0,0,0,0,0,0,0,0,0,0,0,0,0,0,0,0,89388
1,1,1,1,165,-1577,1362,23,65,-87,-11,23,53,0,0,0,0,0,0,0,0,0,0,0,0,0,0,0,0,0,0,0,0,0,0,89398
1,1,1,1,215,-1611,1348,34,81,-123,-15,28,56,0,0,0,0,0,0,0,0,0,0,0,0,0,0,0,0,0,0,0,0,0,0,89408
1,1,1,1,280,-1618,1349,16,108,-113,-14,28,57,0,0,0,0,0,0,0,0,0,0,0,0,0,0,0,0,0,0,0,0,0,0,89418
1,1,1,1,330,-1643,1355,47,96,-129,-12,24,57,0,0,0,0,0,0,0,0,0,0,0,0,0,0,0,0,0,0,0,0,0,0,89428
1,1,1,1,381,-1649,1362,58,64,-121,-16,30,59,0,0,0,0,0,0,0,0,0,0,0,0,0,0,0,0,0,0,0,0,0,0,89438
1,1,1,1,422,-1670,1351,86,34,-102,-16,27,56,0,0,0,0,0,0,0,0,0,0,0,0,0,0,0,0,0,0,0,0,0,0,89448
1,1,1,1,471,-1715,1288,88,2,-91,-18,29,59,0,0,0,0,0,0,0,0,0,0,0,0,0,0,0,0,0,0,0,0,0,0,89458
1,1,1,1,494,-1787,1218,2,10,-82,-20,28,62,0,0,0,0,0,0,0,0,0,0,0,0,0,0,0,0,0,0,0,0,0,0,89468
1,1,1,1,548,-1799,1160,-78,36,-64,-23,30,65,0,0,0,0,0,0,0,0,0,0,0,0,0,0,0,0,0,0,0,0,0,0,89478
1,1,1,1,571,-1766,1089,-135,84,-54,-22,28,63,0,0,0,0,0,0,0,0,0,0,0,0,0,0,0,0,0,0,0,0,0,0,89488
1,1,1,1,572,-1707,1043,-134,113,-49,-20,28,65,0,0,0,0,0,0,0,0,0,0,0,0,0,0,0,0,0,0,0,0,0,0,89498
1,1,1,1,584,-1638,1060,-75,121,-49,-17,28,64,0,0,0,0,0,0,0,0,0,0,0,0,0,0,0,0,0,0,0,0,0,0,89508
1,1,1,1,571,-1602,1082,27,107,-49,-17,28,62,0,0,0,0,0,0,0,0,0,0,0,0,0,0,0,0,0,0,0,0,0,0,89518
1,1,1,1,550,-1582,1109,81,84,-20,-18,28,59,0,0,0,0,0,0,0,0,0,0,0,0,0,0,0,0,0,0,0,0,0,0,89528
1,1,1,1,526,-1554,1141,100,44,50,-19,29,58,0,0,0,0,0,0,0,0,0,0,0,0,0,0,0,0,0,0,0,0,0,0,89538
1,1,1,1,459,-1558,1138,92,17,103,-17,28,60,0,0,0,0,0,0,0,0,0,0,0,0,0,0,0,0,0,0,0,0,0,0,89548
1,1,1,1,360,-1557,1111,90,42,135,-14,27,57,0,0,0,0,0,0,0,0,0,0,0,0,0,0,0,0,0,0,0,0,0,0,89558
1,1,1,1,293,-1535,1117,94,52,170,-14,29,55,0,0,0,0,0,0,0,0,0,0,0,0,0,0,0,0,0,0,0,0,0,0,89568
1,1,1,1,255,-1538,1173,118,39,187,-12,28,55,0,0,0,0,0,0,0,0,0,0,0,0,0,0,0,0,0,0,0,0,0,0,89578
1,1,1,1,179,-1574,1196,99,44,194,-11,28,55,0,0,0,0,0,0,0,0,0,0,0,0,0,0,0,0,0,0,0,0,0,0,89588
1,1,1,1,93,-1614,1236,105,29,158,-14,28,54,0,0,0,0,0,0,0,0,0,0,0,0,0,0,0,0,0,0,0,0,0,0,89598
1,1,1,1,15,-1647,1267,120,11,106,-11,29,55,0,0,0,0,0,0,0,0,0,0,0,0,0,0,0,0,0,0,0,0,0,0,89608
1,1,1,1,-8,-1692,1288,180,-13,6,-13,28,56,0,0,0,0,0,0,0,0,0,0,0,0,0,0,0,0,0,0,0,0,0,0,89618
1,1,1,1,26,-1706,1260,166,-5,-61,-16,27,57,0,0,0,0,0,0,0,0,0,0,0,0,0,0,0,0,0,0,0,0,0,0,89628
1,1,1,1,27,-1661,1200,126,23,-81,-13,26,59,0,0,0,0,0,0,0,0,0,0,0,0,0,0,0,0,0,0,0,0,0,0,89638
1,1,1,1,107,-1576,1236,201,29,-92,-13,28,59,0,0,0,0,0,0,0,0,0,0,0,0,0,0,0,0,0,0,0,0,0,0,89648
1,1,1,1,172,-1517,1278,295,-8,-80,-12,27,58,0,0,0,0,0,0,0,0,0,0,0,0,0,0,0,0,0,0,0,0,0,0,89658
1,1,1,1,217,-1535,1280,306,-25,-50,-14,27,58,0,0,0,0,0,0,0,0,0,0,0,0,0,0,0,0,0,0,0,0,0,0,89668
1,1,1,1,236,-1583,1294,258,2,3,-17,28,61,0,0,0,0,0,0,0,0,0,0,0,0,0,0,0,0,0,0,0,0,0,0,89678
1,1,1,1,301,-1624,1323,160,26,46,-17,27,59,0,0,0,0,0,0,0,0,0,0,0,0,0,0,0,0,0,0,0,0,0,0,89688
1,1,1,1,389,-1639,1363,104,9,36,-19,27,65,0,0,0,0,0,0,0,0,0,0,0,0,0,0,0,0,0,0,0,0,0,0,89698
1,1,1,1,458,-1683,1358,73,-21,-4,-17,26,65,0,0,0,0,0,0,0,0,0,0,0,0,0,0,0,0,0,0,0,0,0,0,89708
1,1,1,1,495,-1747,1326,7,-32,-52,-21,28,69,0,0,0,0,0,0,0,0,0,0,0,0,0,0,0,0,0,0,0,0,0,0,89718
1,1,1,1,511,-1736,1267,-58,-8,-83,-22,27,70,0,0,0,0,0,0,0,0,0,0,0,0,0,0,0,0,0,0,0,0,0,0,89728
1,1,1,1,520,-1660,1205,-129,23,-62,-23,31,72,0,0,0,0,0,0,0,0,0,0,0,0,0,0,0,0,0,0,0,0,0,0,89738
1,1,1,1,492,-1623,1156,-84,66,-36,-20,23,71,0,0,0,0,0,0,0,0,0,0,0,0,0,0,0,0,0,0,0,0,0,0,89748
1,1,1,1,497,-1623,1153,29,71,-39,-19,24,72,0,0,0,0,0,0,0,0,0,0,0,0,0,0,0,0,0,0,0,0,0,0,89758
1,1,1,1,500,-1659,1180,87,47,-39,-19,28,72,0,0,0,0,0,0,0,0,0,0,0,0,0,0,0,0,0,0,0,0,0,0,89768
1,1,1,1,494,-1691,1186,97,30,-22,-18,27,71,0,0,0,0,0,0,0,0,0,0,0,0,0,0,0,0,0,0,0,0,0,0,89778
1,1,1,1,491,-1641,1192,79,4,9,-16,27,70,0,0,0,0,0,0,0,0,0,0,0,0,0,0,0,0,0,0,0,0,0,0,89788
1,1,1,1,467,-1585,1183,96,-34,31,-17,31,68,0,0,0,0,0,0,0,0,0,0,0,0,0,0,0,0,0,0,0,0,0,0,89798
1,1,1,1,433,-1525,1182,106,-51,60,-14,28,66,0,0,0,0,0,0,0,0,0,0,0,0,0,0,0,0,0,0,0,0,0,0,89808
1,1,1,1,346,-1465,1194,132,-51,89,-12,29,66,0,0,0,0,0,0,0,0,0,0,0,0,0,0,0,0,0,0,0,0,0,0,89818
1,1,1,1,215,-1445,1228,206,-43,101,-13,28,62,0,0,0,0,0,0,0,0,0,0,0,0,0,0,0,0,0,0,0,0,0,0,89828
1,1,1,1,128,-1500,1266,209,-23,109,-14,28,61,0,0,0,0,0,0,0,0,0,0,0,0,0,0,0,0,0,0,0,0,0,0,89838
1,1,1,1,74,-1560,1317,171,-7,108,-14,28,59,0,0,0,0,0,0,0,0,0,0,0,0,0,0,0,0,0,0,0,0,0,0,89848
1,1,1,1,45,-1608,1356,112,-21,73,-11,27,58,0,0,0,0,0,0,0,0,0,0,0,0,0,0,0,0,0,0,0,0,0,0,89858
1,1,1,1,20,-1643,1354,69,-35,17,-13,26,60,0,0,0,0,0,0,0,0,0,0,0,0,0,0,0,0,0,0,0,0,0,0,89868
1,1,1,1,52,-1644,1313,2,-19,-22,-13,27,62,0,0,0,0,0,0,0,0,0,0,0,0,0,0,0,0,0,0,0,0,0,0,89878
1,1,1,1,81,-1613,1296,-54,-18,-49,-14,27,59,0,0,0,0,0,0,0,0,0,0,0,0,0,0,0,0,0,0,0,0,0,0,89888
1,1,1,1,155,-1554,1315,-58,-38,-69,-13,28,60,0,0,0,0,0,0,0,0,0,0,0,0,0,0,0,0,0,0,0,0,0,0,89898
1,1,1,1,205,-1531,1312,-43,-56,-66,-15,29,60,0,0,0,0,0,0,0,0,0,0,0,0,0,0,0,0,0,0,0,0,0,0,89908
1,1,1,1,240,-1536,1299,-41,-78,-54,-17,28,62,0,0,0,0,0,0,0,0,0,0,0,0,0,0,0,0,0,0,0,0,0,0,89918
1,1,1,1,276,-1579,1291,-58,-71,-52,-17,29,62,0,0,0,0,0,0,0,0,0,0,0,0,0,0,0,0,0,0,0,0,0,0,89928
1,1,1,1,320,-1598,1291,-122,-74,-52,-16,27,60,0,0,0,0,0,0,0,0,0,0,0,0,0,0,0,0,0,0,0,0,0,0,89938
1,1,1,1,353,-1573,1307,-210,-68,-22,-17,27,60,0,0,0,0,0,0,0,0,0,0,0,0,0,0,0,0,0,0,0,0,0,0,89948
1,1,1,1,378,-1589,1285,-242,-46,-29,-17,28,57,0,0,0,0,0,0,0,0,0,0,0,0,0,0,0,0,0,0,0,0,0,0,89958
1,1,1,1,395,-1585,1280,-213,-49,-39,-17,27,60,0,0,0,0,0,0,0,0,0,0,0,0,0,0,0,0,0,0,0,0,0,0,89968
1,1,1,1,415,-1617,1261,-148,-63,-53,-17,28,62,0,0,0,0,0,0,0,0,0,0,0,0,0,0,0,0,0,0,0,0,0,0,89978
1,1,1,1,403,-1649,1214,-150,-47,-54,-18,27,63,0,0,0,0,0,0,0,0,0,0,0,0,0,0,0,0,0,0,0,0,0,0,89988
1,1,1,1,400,-1649,1198,-146,-37,-33,-19,31,62,0,0,0,0,0,0,0,0,0,0,0,0,0,0,0,0,0,0,0,0,0,0,89998
1,1,1,1,407,-1634,1176,-60,-46,-26,-19,30,63,0,0,0,0,0,0,0,0,0,0,0,0,0,0,0,0,0,0,0,0,0,0,90008
1,1,1,1,393,-1609,1165,36,-40,-13,-18,29,60,0,0,0,0,0,0,0,0,0,0,0,0,0,0,0,0,0,0,0,0,0,0,90018
1,1,1,1,411,-1644,1179,87,-34,10,-14,25,59,0,0,0,0,0,0,0,0,0,0,0,0,0,0,0,0,0,0,0,0,0,0,90028
1,1,1,1,425,-1690,1213,76,-38,9,-18,26,56,0,0,0,0,0,0,0,0,0,0,0,0,0,0,0,0,0,0,0,0,0,0,90038
1,1,1,1,471,-1681,1235,-17,-41,13,-17,27,55,0,0,0,0,0,0,0,0,0,0,0,0,0,0,0,0,0,0,0,0,0,0,90048
1,1,1,1,512,-1643,1237,-99,-43,19,-14,25,52,0,0,0,0,0,0,0,0,0,0,0,0,0,0,0,0,0,0,0,0,0,0,90058
1,1,1,1,526,-1596,1223,-154,-67,15,-14,26,50,0,0,0,0,0,0,0,0,0,0,0,0,0,0,0,0,0,0,0,0,0,0,90068
1,1,1,1,515,-1525,1177,-190,-83,33,-14,24,50,0,0,0,0,0,0,0,0,0,0,0,0,0,0,0,0,0,0,0,0,0,0,90078
1,1,1,1,487,-1465,1154,-146,-98,70,-13,27,50,0,0,0,0,0,0,0,0,0,0,0,0,0,0,0,0,0,0,0,0,0,0,90088
1,1,1,1,403,-1437,1128,-30,-105,110,-11,26,51,0,0,0,0,0,0,0,0,0,0,0,0,0,0,0,0,0,0,0,0,0,0,90098
1,1,1,1,281,-1444,1138,130,-123,141,-11,27,49,0,0,0,0,0,0,0,0,0,0,0,0,0,0,0,0,0,0,0,0,0,0,90108
1,1,1,1,184,-1496,1207,237,-133,148,-11,28,50,0,0,0,0,0,0,0,0,0,0,0,0,0,0,0,0,0,0,0,0,0,0,90118
1,1,1,1,57,-1591,1245,272,-114,134,-11,27,53,0,0,0,0,0,0,0,0,0,0,0,0,0,0,0,0,0,0,0,0,0,0,90128
1,1,1,1,-41,-1654,1307,272,-95,90,-10,27,53,0,0,0,0,0,0,0,0,0,0,0,0,0,0,0,0,0,0,0,0,0,0,90138
1,1,1,1,-67,-1694,1374,236,-87,35,-12,27,51,0,0,0,0,0,0,0,0,0,0,0,0,0,0,0,0,0,0,0,0,0,0,90148
1,1,1,1,-27,-1739,1435,123,-77,-34,-13,26,52,0,0,0,0,0,0,0,0,0,0,0,0,0,0,0,0,0,0,0,0,0,0,90158
1,1,1,1,-31,-1763,1391,-79,-26,-88,-14,27,53,0,0,0,0,0,0,0,0,0,0,0,0,0,0,0,0,0,0,0,0,0,0,90168
1,1,1,1,35,-1704,1404,-209,-12,-117,-12,27,53,0,0,0,0,0,0,0,0,0,0,0,0,0,0,0,0,0,0,0,0,0,0,90178
1,1,1,1,152,-1603,1425,-253,-60,-120,-14,27,52,0,0,0,0,0,0,0,0,0,0,0,0,0,0,0,0,0,0,0,0,0,0,90188
1,1,1,1,254,-1523,1420,-262,-109,-112,-16,26,51,0,0,0,0,0,0,0,0,0,0,0,0,0,0,0,0,0,0,0,0,0,0,90198
1,1,1,1,336,-1490,1331,-366,-80,-58,-17,26,49,0,0,0,0,0,0,0,0,0,0,0,0,0,0,0,0,0,0,0,0,0,0,90208
1,1,1,1,412,-1470,1264,-496,-5,16,-16,26,52,0,0,0,0,0,0,0,0,0,0,0,0,0,0,0,0,0,0,0,0,0,0,90218
1,1,1,1,488,-1539,1194,-495,49,7,-16,26,54,0,0,0,0,0,0,0,0,0,0,0,0,0,0,0,0,0,0,0,0,0,0,90228
1,1,1,1,582,-1577,1200,-325,37,-34,-17,27,57,0,0,0,0,0,0,0,0,0,0,0,0,0,0,0,0,0,0,0,0,0,0,90238
1,1,1,1,638,-1626,1158,-267,32,-45,-18,26,58,0,0,0,0,0,0,0,0,0,0,0,0,0,0,0,0,0,0,0,0,0,0,90248
1,1,1,1,625,-1695,1110,-202,32,-42,-16,26,60,0,0,0,0,0,0,0,0,0,0,0,0,0,0,0,0,0,0,0,0,0,0,90258
1,1,1,1,587,-1713,1056,-158,40,-37,-16,27,59,0,0,0,0,0,0,0,0,0,0,0,0,0,0,0,0,0,0,0,0,0,0,90268
1,1,1,1,526,-1725,1040,-68,44,-35,-15,27,56,0,0,0,0,0,0,0,0,0,0,0,0,0,0,0,0,0,0,0,0,0,0,90278
1,1,1,1,539,-1762,1058,1,26,-40,-14,27,54,0,0,0,0,0,0,0,0,0,0,0,0,0,0,0,0,0,0,0,0,0,0,90288
1,1,1,1,528,-1772,1082,-20,3,-20,-13,27,53,0,0,0,0,0,0,0,0,0,0,0,0,0,0,0,0,0,0,0,0,0,0,90298
1,1,1,1,529,-1752,1141,-76,-23,24,-12,27,52,0,0,0,0,0,0,0,0,0,0,0,0,0,0,0,0,0,0,0,0,0,0,90308
1,1,1,1,519,-1686,1199,-53,-83,44,-11,29,49,0,0,0,0,0,0,0,0,0,0,0,0,0,0,0,0,0,0,0,0,0,0,90318
1,1,1,1,476,-1608,1210,48,-137,49,-11,28,52,0,0,0,0,0,0,0,0,0,0,0,0,0,0,0,0,0,0,0,0,0,0,90328
1,1,1,1,379,-1520,1213,244,-171,46,-10,25,49,0,0,0,0,0,0,0,0,0,0,0,0,0,0,0,0,0,0,0,0,0,0,90338
1,1,1,1,277,-1483,1168,329,-150,61,-12,27,50,0,0,0,0,0,0,0,0,0,0,0,0,0,0,0,0,0,0,0,0,0,0,90348
1,1,1,1,163,-1514,1193,408,-90,51,-10,24,48,0,0,0,0,0,0,0,0,0,0,0,0,0,0,0,0,0,0,0,0,0,0,90358
1,1,1,1,158,-1563,1270,427,-57,30,-12,28,49,0,0,0,0,0,0,0,0,0,0,0,0,0,0,0,0,0,0,0,0,0,0,90368
1,1,1,1,199,-1645,1351,333,-57,-2,-12,25,49,0,0,0,0,0,0,0,0,0,0,0,0,0,0,0,0,0,0,0,0,0,0,90378
1,1,1,1,205,-1687,1382,131,-48,-26,-13,27,51,0,0,0,0,0,0,0,0,0,0,0,0,0,0,0,0,0,0,0,0,0,0,90388
1,1,1,1,248,-1721,1369,-121,-19,-31,-13,25,53,0,0,0,0,0,0,0,0,0,0,0,0,0,0,0,0,0,0,0,0,0,0,90398
1,1,1,1,223,-1708,1308,-318,13,-42,-12,26,53,0,0,0,0,0,0,0,0,0,0,0,0,0,0,0,0,0,0,0,0,0,0,90408
1,1,1,1,237,-1648,1279,-384,16,-45,-12,26,57,0,0,0,0,0,0,0,0,0,0,0,0,0,0,0,0,0,0,0,0,0,0,90418
1,1,1,1,264,-1612,1252,-327,-16,-62,-11,26,57,0,0,0,0,0,0,0,0,0,0,0,0,0,0,0,0,0,0,0,0,0,0,90428
1,1,1,1,298,-1578,1191,-231,-44,-61,-10,27,58,0,0,0,0,0,0,0,0,0,0,0,0,0,0,0,0,0,0,0,0,0,0,90438
1,1,1,1,332,-1602,1137,-161,-49,-43,-13,26,54,0,0,0,0,0,0,0,0,0,0,0,0,0,0,0,0,0,0,0,0,0,0,90448
1,1,1,1,384,-1627,1104,-104,-39,-25,-13,26,54,0,0,0,0,0,0,0,0,0,0,0,0,0,0,0,0,0,0,0,0,0,0,90458
1,1,1,1,453,-1643,1101,-88,-28,-2,-14,26,52,0,0,0,0,0,0,0,0,0,0,0,0,0,0,0,0,0,0,0,0,0,0,90468
1,1,1,1,520,-1671,1125,-105,-28,-1,-12,26,48,0,0,0,0,0,0,0,0,0,0,0,0,0,0,0,0,0,0,0,0,0,0,90478
1,1,1,1,553,-1701,1161,-158,-39,-5,-13,26,49,0,0,0,0,0,0,0,0,0,0,0,0,0,0,0,0,0,0,0,0,0,0,90488
1,1,1,1,535,-1721,1173,-305,-26,11,-12,27,46,0,0,0,0,0,0,0,0,0,0,0,0,0,0,0,0,0,0,0,0,0,0,90498
1,1,1,1,485,-1734,1186,-402,10,40,-12,27,43,0,0,0,0,0,0,0,0,0,0,0,0,0,0,0,0,0,0,0,0,0,0,90508
1,1,1,1,443,-1697,1226,-367,-3,42,-11,27,42,0,0,0,0,0,0,0,0,0,0,0,0,0,0,0,0,0,0,0,0,0,0,90518
1,1,1,1,401,-1650,1249,-222,-49,20,-10,26,45,0,0,0,0,0,0,0,0,0,0,0,0,0,0,0,0,0,0,0,0,0,0,90528
1,1,1,1,351,-1643,1234,-117,-88,8,-10,26,44,0,0,0,0,0,0,0,0,0,0,0,0,0,0,0,0,0,0,0,0,0,0,90538
1,1,1,1,277,-1649,1196,-10,-84,17,-10,26,42,0,0,0,0,0,0,0,0,0,0,0,0,0,0,0,0,0,0,0,0,0,0,90548
1,1,1,1,240,-1641,1160,71,-59,29,-8,26,41,0,0,0,0,0,0,0,0,0,0,0,0,0,0,0,0,0,0,0,0,0,0,90558
1,1,1,1,256,-1659,1164,96,-46,35,-6,25,39,0,0,0,0,0,0,0,0,0,0,0,0,0,0,0,0,0,0,0,0,0,0,90568
1,1,1,1,319,-1675,1212,115,-37,31,-6,24,40,0,0,0,0,0,0,0,0,0,0,0,0,0,0,0,0,0,0,0,0,0,0,90578
1,1,1,1,390,-1669,1227,68,-27,29,-12,25,37,0,0,0,0,0,0,0,0,0,0,0,0,0,0,0,0,0,0,0,0,0,0,90588
1,1,1,1,430,-1679,1237,-58,0,33,-13,29,41,0,0,0,0,0,0,0,0,0,0,0,0,0,0,0,0,0,0,0,0,0,0,90598
1,1,1,1,457,-1697,1244,-122,13,19,-11,26,37,0,0,0,0,0,0,0,0,0,0,0,0,0,0,0,0,0,0,0,0,0,0,90608
1,1,1,1,453,-1685,1238,-161,10,7,-13,29,40,0,0,0,0,0,0,0,0,0,0,0,0,0,0,0,0,0,0,0,0,0,0,90618
1,1,1,1,428,-1694,1207,-107,-6,-14,-7,23,38,0,0,0,0,0,0,0,0,0,0,0,0,0,0,0,0,0,0,0,0,0,0,90628
1,1,1,1,410,-1649,1170,62,-25,-37,-9,23,40,0,0,0,0,0,0,0,0,0,0,0,0,0,0,0,0,0,0,0,0,0,0,90638
1,1,1,1,369,-1611,1123,217,-44,-56,-7,23,41,0,0,0,0,0,0,0,0,0,0,0,0,0,0,0,0,0,0,0,0,0,0,90648
1,1,1,1,350,-1607,1095,366,-54,-64,-13,27,47,0,0,0,0,0,0,0,0,0,0,0,0,0,0,0,0,0,0,0,0,0,0,90658
1,1,1,1,322,-1621,1098,436,-23,-49,-10,26,44,0,0,0,0,0,0,0,0,0,0,0,0,0,0,0,0,0,0,0,0,0,0,90668
1,1,1,1,334,-1654,1156,505,-8,-51,-10,26,44,0,0,0,0,0,0,0,0,0,0,0,0,0,0,0,0,0,0,0,0,0,0,90678
1,1,1,1,368,-1661,1208,515,-13,-63,-8,23,42,0,0,0,0,0,0,0,0,0,0,0,0,0,0,0,0,0,0,0,0,0,0,90688
1,1,1,1,398,-1661,1242,439,-6,-60,-10,26,44,0,0,0,0,0,0,0,0,0,0,0,0,0,0,0,0,0,0,0,0,0,0,90698
1,1,1,1,395,-1665,1242,357,-2,-56,-7,23,42,0,0,0,0,0,0,0,0,0,0,0,0,0,0,0,0,0,0,0,0,0,0,90708
1,1,1,1,394,-1670,1229,314,-4,-56,-9,24,41,0,0,0,0,0,0,0,0,0,0,0,0,0,0,0,0,0,0,0,0,0,0,90718
1,1,1,1,403,-1652,1231,310,-21,-56,-8,24,43,0,0,0,0,0,0,0,0,0,0,0,0,0,0,0,0,0,0,0,0,0,0,90728
1,1,1,1,394,-1632,1231,394,-52,-63,-8,24,42,0,0,0,0,0,0,0,0,0,0,0,0,0,0,0,0,0,0,0,0,0,0,90738
1,1,1,1,391,-1608,1190,489,-76,-62,-10,24,44,0,0,0,0,0,0,0,0,0,0,0,0,0,0,0,0,0,0,0,0,0,0,90748
1,1,1,1,370,-1600,1171,588,-99,-58,-6,24,43,0,0,0,0,0,0,0,0,0,0,0,0,0,0,0,0,0,0,0,0,0,0,90758
1,1,1,1,350,-1532,1147,770,-118,-72,-5,24,43,0,0,0,0,0,0,0,0,0,0,0,0,0,0,0,0,0,0,0,0,0,0,90768
1,1,1,1,377,-1469,1108,964,-143,-86,-4,23,39,0,0,0,0,0,0,0,0,0,0,0,0,0,0,0,0,0,0,0,0,0,0,90778
1,1,1,1,414,-1412,1090,1117,-129,-85,-2,23,37,0,0,0,0,0,0,0,0,0,0,0,0,0,0,0,0,0,0,0,0,0,0,90788
1,1,1,1,450,-1417,1139,1206,-129,-89,-2,22,32,0,0,0,0,0,0,0,0,0,0,0,0,0,0,0,0,0,0,0,0,0,0,90798
1,1,1,1,475,-1413,1197,1189,-108,-63,1,22,30,0,0,0,0,0,0,0,0,0,0,0,0,0,0,0,0,0,0,0,0,0,0,90808
1,1,1,1,496,-1426,1329,1201,-53,2,-3,22,28,0,0,0,0,0,0,0,0,0,0,0,0,0,0,0,0,0,0,0,0,0,0,90818
1,1,1,1,552,-1532,1391,1065,-100,17,-1,22,28,0,0,0,0,0,0,0,0,0,0,0,0,0,0,0,0,0,0,0,0,0,0,90828
1,1,1,1,531,-1506,1476,992,-166,-32,0,22,30,0,0,0,0,0,0,0,0,0,0,0,0,0,0,0,0,0,0,0,0,0,0,90838
1,1,1,1,476,-1444,1449,1035,-230,-89,1,22,31,0,0,0,0,0,0,0,0,0,0,0,0,0,0,0,0,0,0,0,0,0,0,90848
1,1,1,1,395,-1372,1350,1152,-257,-126,1,22,31,0,0,0,0,0,0,0,0,0,0,0,0,0,0,0,0,0,0,0,0,0,0,90858
1,1,1,1,314,-1302,1286,1232,-253,-115,2,22,35,0,0,0,0,0,0,0,0,0,0,0,0,0,0,0,0,0,0,0,0,0,0,90868
1,1,1,1,257,-1335,1214,1308,-250,-67,2,23,37,0,0,0,0,0,0,0,0,0,0,0,0,0,0,0,0,0,0,0,0,0,0,90878
1,1,1,1,280,-1197,1206,1723,-265,-92,11,22,33,0,0,0,0,0,0,0,0,0,0,0,0,0,0,0,0,0,0,0,0,0,0,90888
1,1,1,1,444,-883,1211,2603,-295,-150,26,21,34,0,0,0,0,0,0,0,0,0,0,0,0,0,0,0,0,0,0,0,0,0,0,90898
1,1,1,1,452,-488,951,4599,-269,-125,41,23,32,0,0,0,0,0,0,0,0,0,0,0,0,0,0,0,0,0,0,0,0,0,0,90908
1,1,1,1,213,-918,953,6366,-393,-90,-23,20,28,0,0,0,0,0,0,0,0,0,0,0,0,0,0,0,0,0,0,0,0,0,0,90918
1,1,1,1,463,-1565,1953,2967,-173,86,-3,22,25,0,0,0,0,0,0,0,0,0,0,0,0,0,0,0,0,0,0,0,0,0,0,90928
1,1,1,1,758,-1079,1913,2147,-43,188,7,21,22,0,0,0,0,0,0,0,0,0,0,0,0,0,0,0,0,0,0,0,0,0,0,90938
1,1,1,1,788,-912,1948,2387,-238,114,5,22,27,0,0,0,0,0,0,0,0,0,0,0,0,0,0,0,0,0,0,0,0,0,0,90948
1,1,1,1,505,-990,1765,2082,-365,-91,-4,24,31,0,0,0,0,0,0,0,0,0,0,0,0,0,0,0,0,0,0,0,0,0,0,90958
1,1,1,1,426,-1188,1701,1530,-381,-104,-4,23,29,0,0,0,0,0,0,0,0,0,0,0,0,0,0,0,0,0,0,0,0,0,0,90968
1,1,1,1,511,-1097,1725,963,-279,-14,-6,24,31,0,0,0,0,0,0,0,0,0,0,0,0,0,0,0,0,0,0,0,0,0,0,90978
1,1,1,1,490,-952,1641,500,-213,52,-6,23,32,0,0,0,0,0,0,0,0,0,0,0,0,0,0,0,0,0,0,0,0,0,0,90988
1,1,1,1,467,-850,1543,207,-167,115,-5,22,33,0,0,0,0,0,0,0,0,0,0,0,0,0,0,0,0,0,0,0,0,0,0,90998
1,1,1,1,421,-727,1526,250,-110,181,-1,21,31,0,0,0,0,0,0,0,0,0,0,0,0,0,0,0,0,0,0,0,0,0,0,91008
1,1,1,1,366,-643,1424,453,-44,215,0,21,32,0,0,0,0,0,0,0,0,0,0,0,0,0,0,0,0,0,0,0,0,0,0,91018
1,1,1,1,320,-479,1369,755,-6,227,1,19,32,0,0,0,0,0,0,0,0,0,0,0,0,0,0,0,0,0,0,0,0,0,0,91028
1,1,1,1,338,-452,1338,1219,48,210,4,20,28,0,0,0,0,0,0,0,0,0,0,0,0,0,0,0,0,0,0,0,0,0,0,91038
1,1,1,1,360,-460,1364,1589,92,172,2,21,24,0,0,0,0,0,0,0,0,0,0,0,0,0,0,0,0,0,0,0,0,0,0,91048
1,1,1,1,431,-579,1467,1603,74,216,2,21,22,0,0,0,0,0,0,0,0,0,0,0,0,0,0,0,0,0,0,0,0,0,0,91058
1,1,1,1,500,-674,1713,1403,143,260,4,25,21,0,0,0,0,0,0,0,0,0,0,0,0,0,0,0,0,0,0,0,0,0,0,91068
1,1,1,1,601,-751,1939,1146,173,290,5,26,21,0,0,0,0,0,0,0,0,0,0,0,0,0,0,0,0,0,0,0,0,0,0,91078
1,1,1,1,680,-803,1993,795,102,317,8,26,23,0,0,0,0,0,0,0,0,0,0,0,0,0,0,0,0,0,0,0,0,0,0,91088
1,1,1,1,677,-742,1939,885,27,190,6,25,26,0,0,0,0,0,0,0,0,0,0,0,0,0,0,0,0,0,0,0,0,0,0,91098
1,1,1,1,575,-739,1840,1081,-123,56,6,24,25,0,0,0,0,0,0,0,0,0,0,0,0,0,0,0,0,0,0,0,0,0,0,91108
1,1,1,1,393,-522,1614,1073,-169,-22,10,22,20,0,0,0,0,0,0,0,0,0,0,0,0,0,0,0,0,0,0,0,0,0,0,91118
1,1,1,1,479,-406,1445,1534,-218,-27,8,22,22,0,0,0,0,0,0,0,0,0,0,0,0,0,0,0,0,0,0,0,0,0,0,91128
1,1,1,1,517,-436,1364,1896,-212,-16,8,21,20,0,0,0,0,0,0,0,0,0,0,0,0,0,0,0,0,0,0,0,0,0,0,91138
1,1,1,1,534,-425,1372,2051,-146,48,4,22,15,0,0,0,0,0,0,0,0,0,0,0,0,0,0,0,0,0,0,0,0,0,0,91148
1,1,1,1,576,-509,1463,1792,-48,169,2,22,17,0,0,0,0,0,0,0,0,0,0,0,0,0,0,0,0,0,0,0,0,0,0,91158
1,1,1,1,627,-624,1585,1192,81,270,5,22,15,0,0,0,0,0,0,0,0,0,0,0,0,0,0,0,0,0,0,0,0,0,0,91168
1,1,1,1,558,-485,1596,941,119,285,33,22,20,0,0,0,0,0,0,0,0,0,0,0,0,0,0,0,0,0,0,0,0,0,0,91178
1,1,1,1,557,43,969,2161,129,188,-1,22,18,0,0,0,0,0,0,0,0,0,0,0,0,0,0,0,0,0,0,0,0,0,0,91188
1,1,1,1,416,-624,1614,1797,349,101,0,23,18,0,0,0,0,0,0,0,0,0,0,0,0,0,0,0,0,0,0,0,0,0,0,91198
1,1,1,1,495,-621,1830,520,500,129,4,24,20,0,0,0,0,0,0,0,0,0,0,0,0,0,0,0,0,0,0,0,0,0,0,91208
1,1,1,1,291,-388,1914,517,364,-51,9,26,17,0,0,0,0,0,0,0,0,0,0,0,0,0,0,0,0,0,0,0,0,0,0,91218
1,1,1,1,444,-67,1753,917,123,-129,11,20,11,0,0,0,0,0,0,0,0,0,0,0,0,0,0,0,0,0,0,0,0,0,0,91228
1,1,1,1,640,-115,1588,1238,-11,-133,8,22,15,0,0,0,0,0,0,0,0,0,0,0,0,0,0,0,0,0,0,0,0,0,0,91238
1,1,1,1,574,-229,1598,1343,-83,-174,12,16,13,0,0,0,0,0,0,0,0,0,0,0,0,0,0,0,0,0,0,0,0,0,0,91248
1,1,1,1,467,-127,1607,1312,-59,-141,7,21,9,0,0,0,0,0,0,0,0,0,0,0,0,0,0,0,0,0,0,0,0,0,0,91258
1,1,1,1,534,-47,1651,1152,-11,-14,8,19,8,0,0,0,0,0,0,0,0,0,0,0,0,0,0,0,0,0,0,0,0,0,0,91268
1,1,1,1,656,-24,1693,1161,-56,78,11,20,11,0,0,0,0,0,0,0,0,0,0,0,0,0,0,0,0,0,0,0,0,0,0,91278
1,1,1,1,654,65,1750,1366,-173,166,13,20,9,0,0,0,0,0,0,0,0,0,0,0,0,0,0,0,0,0,0,0,0,0,0,91288
1,1,1,1,596,182,1695,1621,-309,293,13,20,8,0,0,0,0,0,0,0,0,0,0,0,0,0,0,0,0,0,0,0,0,0,0,91298
1,1,1,1,580,119,1636,1843,-409,425,16,20,8,0,0,0,0,0,0,0,0,0,0,0,0,0,0,0,0,0,0,0,0,0,0,91308
1,1,1,1,568,191,1603,2072,-459,552,14,21,13,0,0,0,0,0,0,0,0,0,0,0,0,0,0,0,0,0,0,0,0,0,0,91318
1,1,1,1,530,286,1512,2379,-506,647,21,22,12,0,0,0,0,0,0,0,0,0,0,0,0,0,0,0,0,0,0,0,0,0,0,91328
1,1,1,1,297,337,1441,3466,-569,779,22,21,14,0,0,0,0,0,0,0,0,0,0,0,0,0,0,0,0,0,0,0,0,0,0,91338
1,1,1,1,396,403,1422,4719,-599,851,23,18,12,0,0,0,0,0,0,0,0,0,0,0,0,0,0,0,0,0,0,0,0,0,0,91348
1,1,1,1,733,600,1194,5274,-424,851,15,15,6,0,0,0,0,0,0,0,0,0,0,0,0,0,0,0,0,0,0,0,0,0,0,91358
1,1,1,1,693,656,1041,5271,-163,961,22,16,11,0,0,0,0,0,0,0,0,0,0,0,0,0,0,0,0,0,0,0,0,0,0,91368
1,1,1,1,601,661,1180,5473,-29,803,21,17,5,0,0,0,0,0,0,0,0,0,0,0,0,0,0,0,0,0,0,0,0,0,0,91378
1,1,1,1,608,777,1115,6023,61,651,13,16,8,0,0,0,0,0,0,0,0,0,0,0,0,0,0,0,0,0,0,0,0,0,0,91388
1,1,1,1,617,535,1039,5454,207,682,14,17,8,0,0,0,0,0,0,0,0,0,0,0,0,0,0,0,0,0,0,0,0,0,0,91398
1,1,1,1,578,524,1099,4776,244,741,14,17,7,0,0,0,0,0,0,0,0,0,0,0,0,0,0,0,0,0,0,0,0,0,0,91408
1,1,1,1,624,697,1173,4304,93,761,9,17,7,0,0,0,0,0,0,0,0,0,0,0,0,0,0,0,0,0,0,0,0,0,0,91418
1,1,1,1,594,636,1149,3366,-33,693,8,19,12,0,0,0,0,0,0,0,0,0,0,0,0,0,0,0,0,0,0,0,0,0,0,91428
1,1,1,1,510,545,1158,2489,-118,603,10,21,12,0,0,0,0,0,0,0,0,0,0,0,0,0,0,0,0,0,0,0,0,0,0,91438
1,1,1,1,483,713,1208,2418,-148,518,12,20,16,0,0,0,0,0,0,0,0,0,0,0,0,0,0,0,0,0,0,0,0,0,0,91448
1,1,1,1,503,733,1062,2362,-172,441,10,19,14,0,0,0,0,0,0,0,0,0,0,0,0,0,0,0,0,0,0,0,0,0,0,91458
1,1,1,1,526,724,946,2308,-216,380,10,18,9,0,0,0,0,0,0,0,0,0,0,0,0,0,0,0,0,0,0,0,0,0,0,91468
1,1,1,1,591,727,833,2168,-222,369,13,18,8,0,0,0,0,0,0,0,0,0,0,0,0,0,0,0,0,0,0,0,0,0,0,91478
1,1,1,1,628,763,810,2068,-230,362,13,17,11,0,0,0,0,0,0,0,0,0,0,0,0,0,0,0,0,0,0,0,0,0,0,91488
1,1,1,1,654,908,783,2125,-269,379,11,17,11,0,0,0,0,0,0,0,0,0,0,0,0,0,0,0,0,0,0,0,0,0,0,91498
1,1,1,1,772,968,776,2200,-350,395,6,17,13,0,0,0,0,0,0,0,0,0,0,0,0,0,0,0,0,0,0,0,0,0,0,91508
1,1,1,1,680,1002,782,2036,-413,420,3,15,10,0,0,0,0,0,0,0,0,0,0,0,0,0,0,0,0,0,0,0,0,0,0,91518
1,1,1,1,641,1024,763,1729,-395,408,0,18,12,0,0,0,0,0,0,0,0,0,0,0,0,0,0,0,0,0,0,0,0,0,0,91528
1,1,1,1,644,1048,711,1447,-343,364,2,18,9,0,0,0,0,0,0,0,0,0,0,0,0,0,0,0,0,0,0,0,0,0,0,91538
1,1,1,1,691,1087,651,1331,-374,322,5,14,9,0,0,0,0,0,0,0,0,0,0,0,0,0,0,0,0,0,0,0,0,0,0,91548
1,1,1,1,758,1144,588,1354,-474,307,1,16,12,0,0,0,0,0,0,0,0,0,0,0,0,0,0,0,0,0,0,0,0,0,0,91558
1,1,1,1,750,1163,483,1306,-487,300,0,15,14,0,0,0,0,0,0,0,0,0,0,0,0,0,0,0,0,0,0,0,0,0,0,91568
1,1,1,1,717,1144,428,1212,-439,282,-1,16,15,0,0,0,0,0,0,0,0,0,0,0,0,0,0,0,0,0,0,0,0,0,0,91578
1,1,1,1,745,1180,409,1195,-402,271,1,15,17,0,0,0,0,0,0,0,0,0,0,0,0,0,0,0,0,0,0,0,0,0,0,91588
1,1,1,1,802,1303,388,1296,-407,309,-3,15,19,0,0,0,0,0,0,0,0,0,0,0,0,0,0,0,0,0,0,0,0,0,0,91598
1,1,1,1,819,1423,357,1253,-364,392,-3,10,17,0,0,0,0,0,0,0,0,0,0,0,0,0,0,0,0,0,0,0,0,0,0,91608
1,1,1,1,781,1536,267,1207,-270,468,-8,9,20,0,0,0,0,0,0,0,0,0,0,0,0,0,0,0,0,0,0,0,0,0,0,91618
1,1,1,1,782,1540,197,1186,-193,493,-8,9,20,0,0,0,0,0,0,0,0,0,0,0,0,0,0,0,0,0,0,0,0,0,0,91628
1,1,1,1,767,1481,148,1088,-99,508,-9,9,18,0,0,0,0,0,0,0,0,0,0,0,0,0,0,0,0,0,0,0,0,0,0,91638
1,1,1,1,791,1427,161,989,-46,470,-10,11,19,0,0,0,0,0,0,0,0,0,0,0,0,0,0,0,0,0,0,0,0,0,0,91648
1,1,1,1,851,1372,202,932,-44,431,-6,11,14,0,0,0,0,0,0,0,0,0,0,0,0,0,0,0,0,0,0,0,0,0,0,91658
1,1,1,1,949,1375,201,887,-69,405,-5,11,14,0,0,0,0,0,0,0,0,0,0,0,0,0,0,0,0,0,0,0,0,0,0,91668
1,1,1,1,947,1429,209,886,-84,383,-5,12,12,0,0,0,0,0,0,0,0,0,0,0,0,0,0,0,0,0,0,0,0,0,0,91678
1,1,1,1,902,1419,254,790,-105,388,-4,12,14,0,0,0,0,0,0,0,0,0,0,0,0,0,0,0,0,0,0,0,0,0,0,91688
1,1,1,1,916,1405,324,660,-148,349,-2,13,16,0,0,0,0,0,0,0,0,0,0,0,0,0,0,0,0,0,0,0,0,0,0,91698
1,1,1,1,857,1409,397,532,-198,295,-6,14,17,0,0,0,0,0,0,0,0,0,0,0,0,0,0,0,0,0,0,0,0,0,0,91708
1,1,1,1,862,1340,441,288,-241,228,-9,14,24,0,0,0,0,0,0,0,0,0,0,0,0,0,0,0,0,0,0,0,0,0,0,91718
1,1,1,1,832,1317,418,63,-260,168,-13,15,30,0,0,0,0,0,0,0,0,0,0,0,0,0,0,0,0,0,0,0,0,0,0,91728
1,1,1,1,864,1315,313,-78,-238,104,-14,15,32,0,0,0,0,0,0,0,0,0,0,0,0,0,0,0,0,0,0,0,0,0,0,91738
1,1,1,1,870,1338,193,-165,-177,61,-14,16,33,0,0,0,0,0,0,0,0,0,0,0,0,0,0,0,0,0,0,0,0,0,0,91748
1,1,1,1,949,1394,75,-144,-76,56,-13,17,35,0,0,0,0,0,0,0,0,0,0,0,0,0,0,0,0,0,0,0,0,0,0,91758
1,1,1,1,1006,1498,18,61,-2,112,-9,18,35,0,0,0,0,0,0,0,0,0,0,0,0,0,0,0,0,0,0,0,0,0,0,91768
1,1,1,1,999,1471,3,277,22,137,-6,17,37,0,0,0,0,0,0,0,0,0,0,0,0,0,0,0,0,0,0,0,0,0,0,91778
1,1,1,1,1010,1376,86,448,54,154,-7,18,35,0,0,0,0,0,0,0,0,0,0,0,0,0,0,0,0,0,0,0,0,0,0,91788
1,1,1,1,1028,1272,249,391,61,145,-8,20,38,0,0,0,0,0,0,0,0,0,0,0,0,0,0,0,0,0,0,0,0,0,0,91798
1,1,1,1,1044,1192,410,227,21,86,-9,22,40,0,0,0,0,0,0,0,0,0,0,0,0,0,0,0,0,0,0,0,0,0,0,91808
1,1,1,1,1051,1134,498,-52,-39,4,-12,25,45,0,0,0,0,0,0,0,0,0,0,0,0,0,0,0,0,0,0,0,0,0,0,91818
1,1,1,1,1027,1133,407,-262,-64,-76,-12,24,46,0,0,0,0,0,0,0,0,0,0,0,0,0,0,0,0,0,0,0,0,0,0,91828
1,1,1,1,1012,1177,256,-320,-54,-105,-10,22,47,0,0,0,0,0,0,0,0,0,0,0,0,0,0,0,0,0,0,0,0,0,0,91838
1,1,1,1,1080,1253,141,-203,-33,-105,-13,25,46,0,0,0,0,0,0,0,0,0,0,0,0,0,0,0,0,0,0,0,0,0,0,91848
1,1,1,1,1057,1231,58,-119,31,-17,-13,27,45,0,0,0,0,0,0,0,0,0,0,0,0,0,0,0,0,0,0,0,0,0,0,91858
1,1,1,1,1102,1265,82,95,73,57,-6,22,39,0,0,0,0,0,0,0,0,0,0,0,0,0,0,0,0,0,0,0,0,0,0,91868
1,1,1,1,1061,1265,178,284,59,115,-8,21,36,0,0,0,0,0,0,0,0,0,0,0,0,0,0,0,0,0,0,0,0,0,0,91878
1,1,1,1,1019,1221,250,289,65,160,-5,20,36,0,0,0,0,0,0,0,0,0,0,0,0,0,0,0,0,0,0,0,0,0,0,91888
1,1,1,1,1010,1266,344,261,28,185,-4,22,34,0,0,0,0,0,0,0,0,0,0,0,0,0,0,0,0,0,0,0,0,0,0,91898
1,1,1,1,996,1316,389,158,-49,206,-7,22,31,0,0,0,0,0,0,0,0,0,0,0,0,0,0,0,0,0,0,0,0,0,0,91908
1,1,1,1,916,1268,381,-101,-82,219,-10,20,36,0,0,0,0,0,0,0,0,0,0,0,0,0,0,0,0,0,0,0,0,0,0,91918
1,1,1,1,788,1319,256,-220,-58,187,-8,20,37,0,0,0,0,0,0,0,0,0,0,0,0,0,0,0,0,0,0,0,0,0,0,91928
1,1,1,1,743,1351,183,-245,-39,148,-11,21,41,0,0,0,0,0,0,0,0,0,0,0,0,0,0,0,0,0,0,0,0,0,0,91938
1,1,1,1,681,1406,89,-193,-20,139,-10,19,40,0,0,0,0,0,0,0,0,0,0,0,0,0,0,0,0,0,0,0,0,0,0,91948
1,1,1,1,649,1423,-12,-108,60,144,-8,19,40,0,0,0,0,0,0,0,0,0,0,0,0,0,0,0,0,0,0,0,0,0,0,91958
1,1,1,1,677,1458,8,78,101,166,-9,21,37,0,0,0,0,0,0,0,0,0,0,0,0,0,0,0,0,0,0,0,0,0,0,91968
1,1,1,1,707,1407,77,192,114,179,-8,21,36,0,0,0,0,0,0,0,0,0,0,0,0,0,0,0,0,0,0,0,0,0,0,91978
1,1,1,1,740,1307,151,199,100,152,-7,22,38,0,0,0,0,0,0,0,0,0,0,0,0,0,0,0,0,0,0,0,0,0,0,91988
1,1,1,1,760,1220,177,163,98,104,-8,24,39,0,0,0,0,0,0,0,0,0,0,0,0,0,0,0,0,0,0,0,0,0,0,91998
1,1,1,1,831,1239,200,123,78,77,-6,23,40,0,0,0,0,0,0,0,0,0,0,0,0,0,0,0,0,0,0,0,0,0,0,92008
1,1,1,1,895,1240,242,58,25,72,-7,23,42,0,0,0,0,0,0,0,0,0,0,0,0,0,0,0,0,0,0,0,0,0,0,92018
1,1,1,1,940,1280,262,64,-2,74,-10,24,43,0,0,0,0,0,0,0,0,0,0,0,0,0,0,0,0,0,0,0,0,0,0,92028
1,1,1,1,918,1245,264,-25,-67,97,-8,24,46,0,0,0,0,0,0,0,0,0,0,0,0,0,0,0,0,0,0,0,0,0,0,92038
1,1,1,1,942,1343,208,31,-62,87,-12,24,50,0,0,0,0,0,0,0,0,0,0,0,0,0,0,0,0,0,0,0,0,0,0,92048
1,1,1,1,890,1380,126,74,-65,100,-13,25,50,0,0,0,0,0,0,0,0,0,0,0,0,0,0,0,0,0,0,0,0,0,0,92058
1,1,1,1,852,1423,47,167,-56,122,-11,26,49,0,0,0,0,0,0,0,0,0,0,0,0,0,0,0,0,0,0,0,0,0,0,92068
1,1,1,1,881,1410,67,232,-54,116,-11,25,49,0,0,0,0,0,0,0,0,0,0,0,0,0,0,0,0,0,0,0,0,0,0,92078
1,1,1,1,886,1351,118,251,-26,72,-10,26,50,0,0,0,0,0,0,0,0,0,0,0,0,0,0,0,0,0,0,0,0,0,0,92088
1,1,1,1,924,1282,163,187,-1,6,-12,26,51,0,0,0,0,0,0,0,0,0,0,0,0,0,0,0,0,0,0,0,0,0,0,92098
1,1,1,1,996,1283,207,124,31,-62,-13,26,49,0,0,0,0,0,0,0,0,0,0,0,0,0,0,0,0,0,0,0,0,0,0,92108
1,1,1,1,1089,1285,269,-7,26,-54,-13,25,49,0,0,0,0,0,0,0,0,0,0,0,0,0,0,0,0,0,0,0,0,0,0,92118
1,1,1,1,1161,1274,267,-106,-16,-38,-11,24,49,0,0,0,0,0,0,0,0,0,0,0,0,0,0,0,0,0,0,0,0,0,0,92128
1,1,1,1,1226,1256,260,-129,-5,-57,-13,23,52,0,0,0,0,0,0,0,0,0,0,0,0,0,0,0,0,0,0,0,0,0,0,92138
1,1,1,1,1227,1194,229,-264,-12,-38,-14,25,56,0,0,0,0,0,0,0,0,0,0,0,0,0,0,0,0,0,0,0,0,0,0,92148
1,1,1,1,1202,1213,156,-197,7,-40,-14,28,57,0,0,0,0,0,0,0,0,0,0,0,0,0,0,0,0,0,0,0,0,0,0,92158
1,1,1,1,1169,1176,83,-72,-6,-39,-16,29,58,0,0,0,0,0,0,0,0,0,0,0,0,0,0,0,0,0,0,0,0,0,0,92168
1,1,1,1,1135,1154,77,58,21,-52,-15,29,55,0,0,0,0,0,0,0,0,0,0,0,0,0,0,0,0,0,0,0,0,0,0,92178
1,1,1,1,1173,1160,139,133,54,-47,-11,28,52,0,0,0,0,0,0,0,0,0,0,0,0,0,0,0,0,0,0,0,0,0,0,92188
1,1,1,1,1163,1182,188,154,79,-27,-10,26,49,0,0,0,0,0,0,0,0,0,0,0,0,0,0,0,0,0,0,0,0,0,0,92198
1,1,1,1,1154,1195,234,163,93,1,-7,25,47,0,0,0,0,0,0,0,0,0,0,0,0,0,0,0,0,0,0,0,0,0,0,92208
1,1,1,1,1141,1229,268,130,96,41,-9,26,45,0,0,0,0,0,0,0,0,0,0,0,0,0,0,0,0,0,0,0,0,0,0,92218
1,1,1,1,1099,1279,293,81,87,73,-8,26,43,0,0,0,0,0,0,0,0,0,0,0,0,0,0,0,0,0,0,0,0,0,0,92228
1,1,1,1,1040,1316,274,30,62,102,-9,24,42,0,0,0,0,0,0,0,0,0,0,0,0,0,0,0,0,0,0,0,0,0,0,92238
1,1,1,1,974,1378,217,8,51,137,-9,24,41,0,0,0,0,0,0,0,0,0,0,0,0,0,0,0,0,0,0,0,0,0,0,92248
1,1,1,1,948,1413,187,-2,56,170,-9,23,39,0,0,0,0,0,0,0,0,0,0,0,0,0,0,0,0,0,0,0,0,0,0,92258
1,1,1,1,887,1359,154,-29,60,173,-9,23,41,0,0,0,0,0,0,0,0,0,0,0,0,0,0,0,0,0,0,0,0,0,0,92268
1,1,1,1,830,1319,117,-4,87,142,-4,23,41,0,0,0,0,0,0,0,0,0,0,0,0,0,0,0,0,0,0,0,0,0,0,92278
1,1,1,1,854,1292,120,65,74,109,-5,23,38,0,0,0,0,0,0,0,0,0,0,0,0,0,0,0,0,0,0,0,0,0,0,92288
1,1,1,1,881,1278,152,52,67,96,-6,24,38,0,0,0,0,0,0,0,0,0,0,0,0,0,0,0,0,0,0,0,0,0,0,92298
1,1,1,1,897,1321,189,40,44,105,-6,24,36,0,0,0,0,0,0,0,0,0,0,0,0,0,0,0,0,0,0,0,0,0,0,92308
1,1,1,1,858,1329,175,21,25,112,-6,24,36,0,0,0,0,0,0,0,0,0,0,0,0,0,0,0,0,0,0,0,0,0,0,92318
1,1,1,1,826,1298,151,-46,29,94,-8,23,39,0,0,0,0,0,0,0,0,0,0,0,0,0,0,0,0,0,0,0,0,0,0,92328
1,1,1,1,827,1324,131,-61,28,75,-5,22,38,0,0,0,0,0,0,0,0,0,0,0,0,0,0,0,0,0,0,0,0,0,0,92338
1,1,1,1,838,1340,113,-43,-2,68,-8,24,37,0,0,0,0,0,0,0,0,0,0,0,0,0,0,0,0,0,0,0,0,0,0,92348
1,1,1,1,859,1331,110,-31,-9,56,-6,23,38,0,0,0,0,0,0,0,0,0,0,0,0,0,0,0,0,0,0,0,0,0,0,92358
1,1,1,1,873,1278,116,-29,-15,28,-7,25,42,0,0,0,0,0,0,0,0,0,0,0,0,0,0,0,0,0,0,0,0,0,0,92368
1,1,1,1,875,1273,122,-12,-25,1,-6,25,42,0,0,0,0,0,0,0,0,0,0,0,0,0,0,0,0,0,0,0,0,0,0,92378
1,1,1,1,872,1285,125,32,-48,-34,-6,24,44,0,0,0,0,0,0,0,0,0,0,0,0,0,0,0,0,0,0,0,0,0,0,92388
1,1,1,1,868,1318,127,54,-52,-58,-6,25,44,0,0,0,0,0,0,0,0,0,0,0,0,0,0,0,0,0,0,0,0,0,0,92398
1,1,1,1,882,1343,169,82,-69,-72,-9,26,43,0,0,0,0,0,0,0,0,0,0,0,0,0,0,0,0,0,0,0,0,0,0,92408
1,1,1,1,902,1365,194,68,-82,-76,-8,23,43,0,0,0,0,0,0,0,0,0,0,0,0,0,0,0,0,0,0,0,0,0,0,92418
1,1,1,1,941,1378,204,28,-64,-66,-8,22,43,0,0,0,0,0,0,0,0,0,0,0,0,0,0,0,0,0,0,0,0,0,0,92428
1,1,1,1,994,1361,236,-18,-72,-55,-11,27,47,0,0,0,0,0,0,0,0,0,0,0,0,0,0,0,0,0,0,0,0,0,0,92438
1,1,1,1,1044,1310,231,-82,-76,-55,-13,26,52,0,0,0,0,0,0,0,0,0,0,0,0,0,0,0,0,0,0,0,0,0,0,92448
1,1,1,1,1079,1301,216,-110,-11,-100,-17,28,50,0,0,0,0,0,0,0,0,0,0,0,0,0,0,0,0,0,0,0,0,0,0,92458
1,1,1,1,1102,1205,178,-293,-72,-92,-14,23,51,0,0,0,0,0,0,0,0,0,0,0,0,0,0,0,0,0,0,0,0,0,0,92468
1,1,1,1,1102,1275,93,-208,-8,-150,-18,27,56,0,0,0,0,0,0,0,0,0,0,0,0,0,0,0,0,0,0,0,0,0,0,92478
1,1,1,1,1116,1254,92,-193,58,-158,-12,26,52,0,0,0,0,0,0,0,0,0,0,0,0,0,0,0,0,0,0,0,0,0,0,92488
1,1,1,1,1183,1294,128,-169,-25,-79,-8,24,54,0,0,0,0,0,0,0,0,0,0,0,0,0,0,0,0,0,0,0,0,0,0,92498
1,1,1,1,1148,1243,141,-92,-25,-72,-8,24,53,0,0,0,0,0,0,0,0,0,0,0,0,0,0,0,0,0,0,0,0,0,0,92508
1,1,1,1,1119,1195,182,-65,-16,-72,-7,24,53,0,0,0,0,0,0,0,0,0,0,0,0,0,0,0,0,0,0,0,0,0,0,92518
1,1,1,1,1118,1186,192,-49,-18,-84,-8,24,54,0,0,0,0,0,0,0,0,0,0,0,0,0,0,0,0,0,0,0,0,0,0,92528
1,1,1,1,1086,1160,222,-45,12,-83,-8,26,51,0,0,0,0,0,0,0,0,0,0,0,0,0,0,0,0,0,0,0,0,0,0,92538
1,1,1,1,1058,1221,203,-1,47,-59,-8,26,52,0,0,0,0,0,0,0,0,0,0,0,0,0,0,0,0,0,0,0,0,0,0,92548
1,1,1,1,1049,1218,217,34,50,-33,-9,26,52,0,0,0,0,0,0,0,0,0,0,0,0,0,0,0,0,0,0,0,0,0,0,92558
1,1,1,1,1034,1204,246,35,48,-18,-7,26,51,0,0,0,0,0,0,0,0,0,0,0,0,0,0,0,0,0,0,0,0,0,0,92568
1,1,1,1,1023,1224,256,1,37,-8,-5,25,50,0,0,0,0,0,0,0,0,0,0,0,0,0,0,0,0,0,0,0,0,0,0,92578
1,1,1,1,1017,1267,230,-26,19,8,-6,25,46,0,0,0,0,0,0,0,0,0,0,0,0,0,0,0,0,0,0,0,0,0,0,92588
1,1,1,1,1008,1309,194,-1,16,44,-4,25,49,0,0,0,0,0,0,0,0,0,0,0,0,0,0,0,0,0,0,0,0,0,0,92598
1,1,1,1,1000,1326,185,38,-4,77,-7,25,45,0,0,0,0,0,0,0,0,0,0,0,0,0,0,0,0,0,0,0,0,0,0,92608
1,1,1,1,967,1318,164,53,-22,107,-6,24,43,0,0,0,0,0,0,0,0,0,0,0,0,0,0,0,0,0,0,0,0,0,0,92618
1,1,1,1,933,1318,146,86,-26,127,-4,24,42,0,0,0,0,0,0,0,0,0,0,0,0,0,0,0,0,0,0,0,0,0,0,92628
1,1,1,1,897,1295,147,120,-31,128,-5,25,42,0,0,0,0,0,0,0,0,0,0,0,0,0,0,0,0,0,0,0,0,0,0,92638
1,1,1,1,909,1297,207,129,-54,124,-5,24,40,0,0,0,0,0,0,0,0,0,0,0,0,0,0,0,0,0,0,0,0,0,0,92648
1,1,1,1,858,1296,202,68,-54,103,-7,24,38,0,0,0,0,0,0,0,0,0,0,0,0,0,0,0,0,0,0,0,0,0,0,92658
1,1,1,1,827,1292,185,-14,-51,59,-3,22,39,0,0,0,0,0,0,0,0,0,0,0,0,0,0,0,0,0,0,0,0,0,0,92668
1,1,1,1,823,1330,179,-61,-44,42,-6,22,39,0,0,0,0,0,0,0,0,0,0,0,0,0,0,0,0,0,0,0,0,0,0,92678
1,1,1,1,846,1381,158,-72,-48,44,-4,23,39,0,0,0,0,0,0,0,0,0,0,0,0,0,0,0,0,0,0,0,0,0,0,92688
1,1,1,1,821,1375,134,-101,-43,38,-6,22,41,0,0,0,0,0,0,0,0,0,0,0,0,0,0,0,0,0,0,0,0,0,0,92698
1,1,1,1,828,1349,129,-109,-36,17,-7,24,41,0,0,0,0,0,0,0,0,0,0,0,0,0,0,0,0,0,0,0,0,0,0,92708
1,1,1,1,861,1307,149,-141,-27,-13,-6,23,44,0,0,0,0,0,0,0,0,0,0,0,0,0,0,0,0,0,0,0,0,0,0,92718
1,1,1,1,858,1286,179,-157,-51,-59,-10,27,47,0,0,0,0,0,0,0,0,0,0,0,0,0,0,0,0,0,0,0,0,0,0,92728
1,1,1,1,873,1285,190,-158,-85,-98,-7,23,46,0,0,0,0,0,0,0,0,0,0,0,0,0,0,0,0,0,0,0,0,0,0,92738
1,1,1,1,891,1305,187,-148,-99,-118,-9,25,46,0,0,0,0,0,0,0,0,0,0,0,0,0,0,0,0,0,0,0,0,0,0,92748
1,1,1,1,936,1340,185,-143,-95,-111,-13,25,51,0,0,0,0,0,0,0,0,0,0,0,0,0,0,0,0,0,0,0,0,0,0,92758
1,1,1,1,971,1325,174,-155,-74,-106,-17,29,54,0,0,0,0,0,0,0,0,0,0,0,0,0,0,0,0,0,0,0,0,0,0,92768
1,1,1,1,953,1299,170,-164,-55,-121,-13,23,52,0,0,0,0,0,0,0,0,0,0,0,0,0,0,0,0,0,0,0,0,0,0,92778
1,1,1,1,1002,1319,178,-144,-47,-125,-14,25,54,0,0,0,0,0,0,0,0,0,0,0,0,0,0,0,0,0,0,0,0,0,0,92788
1,1,1,1,1023,1324,178,-83,42,-163,-14,27,56,0,0,0,0,0,0,0,0,0,0,0,0,0,0,0,0,0,0,0,0,0,0,92798
1,1,1,1,1046,1267,201,-163,29,-142,-12,26,60,0,0,0,0,0,0,0,0,0,0,0,0,0,0,0,0,0,0,0,0,0,0,92808
1,1,1,1,1049,1220,162,-157,14,-160,-10,25,60,0,0,0,0,0,0,0,0,0,0,0,0,0,0,0,0,0,0,0,0,0,0,92818
1,1,1,1,1115,1268,175,-69,49,-176,-12,26,57,0,0,0,0,0,0,0,0,0,0,0,0,0,0,0,0,0,0,0,0,0,0,92828
1,1,1,1,1193,1246,222,-100,14,-147,-14,28,59,0,0,0,0,0,0,0,0,0,0,0,0,0,0,0,0,0,0,0,0,0,0,92838
1,1,1,1,1205,1224,236,-100,2,-140,-15,27,58,0,0,0,0,0,0,0,0,0,0,0,0,0,0,0,0,0,0,0,0,0,0,92848
1,1,1,1,1189,1162,257,-158,28,-141,-14,27,59,0,0,0,0,0,0,0,0,0,0,0,0,0,0,0,0,0,0,0,0,0,0,92858
1,1,1,1,1132,1130,248,-169,41,-148,-13,27,57,0,0,0,0,0,0,0,0,0,0,0,0,0,0,0,0,0,0,0,0,0,0,92868
1,1,1,1,1071,1132,225,-133,76,-144,-9,27,54,0,0,0,0,0,0,0,0,0,0,0,0,0,0,0,0,0,0,0,0,0,0,92878
1,1,1,1,1059,1198,241,-43,100,-98,-10,28,52,0,0,0,0,0,0,0,0,0,0,0,0,0,0,0,0,0,0,0,0,0,0,92888
1,1,1,1,1011,1206,267,34,120,-49,-10,28,52,0,0,0,0,0,0,0,0,0,0,0,0,0,0,0,0,0,0,0,0,0,0,92898
1,1,1,1,996,1209,289,88,115,-6,-9,28,49,0,0,0,0,0,0,0,0,0,0,0,0,0,0,0,0,0,0,0,0,0,0,92908
1,1,1,1,981,1247,298,128,90,34,-8,26,51,0,0,0,0,0,0,0,0,0,0,0,0,0,0,0,0,0,0,0,0,0,0,92918
1,1,1,1,966,1263,273,142,75,69,-10,27,49,0,0,0,0,0,0,0,0,0,0,0,0,0,0,0,0,0,0,0,0,0,0,92928
1,1,1,1,982,1302,258,153,50,109,-10,25,48,0,0,0,0,0,0,0,0,0,0,0,0,0,0,0,0,0,0,0,0,0,0,92938
1,1,1,1,977,1311,210,135,51,145,-10,26,49,0,0,0,0,0,0,0,0,0,0,0,0,0,0,0,0,0,0,0,0,0,0,92948
1,1,1,1,966,1309,210,100,28,161,-8,25,47,0,0,0,0,0,0,0,0,0,0,0,0,0,0,0,0,0,0,0,0,0,0,92958
1,1,1,1,938,1298,219,49,5,168,-8,24,46,0,0,0,0,0,0,0,0,0,0,0,0,0,0,0,0,0,0,0,0,0,0,92968
1,1,1,1,911,1293,213,9,-3,158,-6,23,44,0,0,0,0,0,0,0,0,0,0,0,0,0,0,0,0,0,0,0,0,0,0,92978
1,1,1,1,871,1285,186,-62,4,126,-7,25,42,0,0,0,0,0,0,0,0,0,0,0,0,0,0,0,0,0,0,0,0,0,0,92988
1,1,1,1,893,1352,196,-46,-17,131,-8,24,44,0,0,0,0,0,0,0,0,0,0,0,0,0,0,0,0,0,0,0,0,0,0,92998
1,1,1,1,890,1306,168,-76,-11,121,-9,24,41,0,0,0,0,0,0,0,0,0,0,0,0,0,0,0,0,0,0,0,0,0,0,93008
1,1,1,1,881,1298,190,-93,-2,111,-8,23,42,0,0,0,0,0,0,0,0,0,0,0,0,0,0,0,0,0,0,0,0,0,0,93018
1,1,1,1,881,1338,183,-77,-12,121,-10,26,41,0,0,0,0,0,0,0,0,0,0,0,0,0,0,0,0,0,0,0,0,0,0,93028
1,1,1,1,831,1336,161,-27,-9,121,-7,24,40,0,0,0,0,0,0,0,0,0,0,0,0,0,0,0,0,0,0,0,0,0,0,93038
1,1,1,1,786,1313,170,0,-1,100,-6,25,41,0,0,0,0,0,0,0,0,0,0,0,0,0,0,0,0,0,0,0,0,0,0,93048
1,1,1,1,767,1353,224,-10,-12,84,-6,24,42,0,0,0,0,0,0,0,0,0,0,0,0,0,0,0,0,0,0,0,0,0,0,93058
1,1,1,1,794,1343,252,-91,-28,53,-10,25,43,0,0,0,0,0,0,0,0,0,0,0,0,0,0,0,0,0,0,0,0,0,0,93068
1,1,1,1,778,1300,243,-186,-25,0,-12,25,48,0,0,0,0,0,0,0,0,0,0,0,0,0,0,0,0,0,0,0,0,0,0,93078
1,1,1,1,802,1279,217,-208,-42,-55,-12,25,50,0,0,0,0,0,0,0,0,0,0,0,0,0,0,0,0,0,0,0,0,0,0,93088
1,1,1,1,859,1286,225,-227,-85,-97,-13,27,51,0,0,0,0,0,0,0,0,0,0,0,0,0,0,0,0,0,0,0,0,0,0,93098
1,1,1,1,906,1287,215,-255,-102,-113,-12,26,54,0,0,0,0,0,0,0,0,0,0,0,0,0,0,0,0,0,0,0,0,0,0,93108
1,1,1,1,918,1302,172,-241,-83,-114,-11,25,54,0,0,0,0,0,0,0,0,0,0,0,0,0,0,0,0,0,0,0,0,0,0,93118
1,1,1,1,927,1337,162,-163,-75,-103,-12,25,55,0,0,0,0,0,0,0,0,0,0,0,0,0,0,0,0,0,0,0,0,0,0,93128
1,1,1,1,969,1372,167,-112,-60,-70,-14,26,54,0,0,0,0,0,0,0,0,0,0,0,0,0,0,0,0,0,0,0,0,0,0,93138
1,1,1,1,1019,1353,173,-58,-30,-30,-15,25,54,0,0,0,0,0,0,0,0,0,0,0,0,0,0,0,0,0,0,0,0,0,0,93148
1,1,1,1,1049,1304,195,-17,-12,-23,-17,26,57,0,0,0,0,0,0,0,0,0,0,0,0,0,0,0,0,0,0,0,0,0,0,93158
1,1,1,1,1083,1207,229,-2,29,-75,-18,27,56,0,0,0,0,0,0,0,0,0,0,0,0,0,0,0,0,0,0,0,0,0,0,93168
1,1,1,1,1101,1162,266,-78,31,-81,-15,25,57,0,0,0,0,0,0,0,0,0,0,0,0,0,0,0,0,0,0,0,0,0,0,93178
1,1,1,1,1160,1166,270,-130,-1,-99,-15,25,59,0,0,0,0,0,0,0,0,0,0,0,0,0,0,0,0,0,0,0,0,0,0,93188
1,1,1,1,1181,1180,297,-153,7,-115,-15,26,56,0,0,0,0,0,0,0,0,0,0,0,0,0,0,0,0,0,0,0,0,0,0,93198
1,1,1,1,1221,1206,317,-179,-10,-109,-13,26,55,0,0,0,0,0,0,0,0,0,0,0,0,0,0,0,0,0,0,0,0,0,0,93208
1,1,1,1,1160,1191,303,-176,0,-115,-14,25,57,0,0,0,0,0,0,0,0,0,0,0,0,0,0,0,0,0,0,0,0,0,0,93218
1,1,1,1,1053,1148,267,-153,54,-137,-14,26,57,0,0,0,0,0,0,0,0,0,0,0,0,0,0,0,0,0,0,0,0,0,0,93228
1,1,1,1,1058,1191,277,-78,81,-137,-13,27,55,0,0,0,0,0,0,0,0,0,0,0,0,0,0,0,0,0,0,0,0,0,0,93238
1,1,1,1,1058,1221,284,21,92,-100,-13,26,56,0,0,0,0,0,0,0,0,0,0,0,0,0,0,0,0,0,0,0,0,0,0,93248
1,1,1,1,1032,1206,294,90,98,-67,-13,27,56,0,0,0,0,0,0,0,0,0,0,0,0,0,0,0,0,0,0,0,0,0,0,93258
1,1,1,1,1023,1203,328,114,104,-32,-10,26,53,0,0,0,0,0,0,0,0,0,0,0,0,0,0,0,0,0,0,0,0,0,0,93268
1,1,1,1,1028,1228,336,111,105,1,-11,25,50,0,0,0,0,0,0,0,0,0,0,0,0,0,0,0,0,0,0,0,0,0,0,93278
1,1,1,1,1015,1263,317,85,108,48,-11,25,49,0,0,0,0,0,0,0,0,0,0,0,0,0,0,0,0,0,0,0,0,0,0,93288
1,1,1,1,995,1282,293,47,106,84,-11,25,47,0,0,0,0,0,0,0,0,0,0,0,0,0,0,0,0,0,0,0,0,0,0,93298
1,1,1,1,961,1278,286,11,76,104,-8,24,47,0,0,0,0,0,0,0,0,0,0,0,0,0,0,0,0,0,0,0,0,0,0,93308
1,1,1,1,910,1257,247,-54,87,99,-10,24,47,0,0,0,0,0,0,0,0,0,0,0,0,0,0,0,0,0,0,0,0,0,0,93318
1,1,1,1,879,1254,233,-52,82,67,-8,23,44,0,0,0,0,0,0,0,0,0,0,0,0,0,0,0,0,0,0,0,0,0,0,93328
1,1,1,1,857,1272,230,-9,42,52,-8,23,44,0,0,0,0,0,0,0,0,0,0,0,0,0,0,0,0,0,0,0,0,0,0,93338
1,1,1,1,856,1239,233,-30,34,25,-11,22,45,0,0,0,0,0,0,0,0,0,0,0,0,0,0,0,0,0,0,0,0,0,0,93348
1,1,1,1,859,1291,243,-40,28,33,-8,21,42,0,0,0,0,0,0,0,0,0,0,0,0,0,0,0,0,0,0,0,0,0,0,93358
1,1,1,1,827,1351,205,-6,23,67,-11,22,46,0,0,0,0,0,0,0,0,0,0,0,0,0,0,0,0,0,0,0,0,0,0,93368
1,1,1,1,769,1337,184,22,41,77,-11,24,46,0,0,0,0,0,0,0,0,0,0,0,0,0,0,0,0,0,0,0,0,0,0,93378
1,1,1,1,719,1374,163,62,62,74,-11,22,43,0,0,0,0,0,0,0,0,0,0,0,0,0,0,0,0,0,0,0,0,0,0,93388
1,1,1,1,735,1392,243,50,44,68,-11,24,40,0,0,0,0,0,0,0,0,0,0,0,0,0,0,0,0,0,0,0,0,0,0,93398
1,1,1,1,745,1386,321,-39,-1,56,-9,22,43,0,0,0,0,0,0,0,0,0,0,0,0,0,0,0,0,0,0,0,0,0,0,93408
1,1,1,1,773,1330,317,-195,-20,6,-11,22,49,0,0,0,0,0,0,0,0,0,0,0,0,0,0,0,0,0,0,0,0,0,0,93418
1,1,1,1,751,1298,264,-282,-17,-49,-11,23,52,0,0,0,0,0,0,0,0,0,0,0,0,0,0,0,0,0,0,0,0,0,0,93428
1,1,1,1,807,1281,281,-275,-73,-115,-14,25,54,0,0,0,0,0,0,0,0,0,0,0,0,0,0,0,0,0,0,0,0,0,0,93438
1,1,1,1,857,1267,279,-273,-110,-165,-13,23,55,0,0,0,0,0,0,0,0,0,0,0,0,0,0,0,0,0,0,0,0,0,0,93448
1,1,1,1,876,1304,261,-246,-97,-185,-14,25,56,0,0,0,0,0,0,0,0,0,0,0,0,0,0,0,0,0,0,0,0,0,0,93458
1,1,1,1,920,1310,243,-236,-131,-149,-15,25,57,0,0,0,0,0,0,0,0,0,0,0,0,0,0,0,0,0,0,0,0,0,0,93468
1,1,1,1,945,1351,210,-123,-104,-129,-16,24,59,0,0,0,0,0,0,0,0,0,0,0,0,0,0,0,0,0,0,0,0,0,0,93478
1,1,1,1,1012,1348,199,-62,-33,-95,-17,26,59,0,0,0,0,0,0,0,0,0,0,0,0,0,0,0,0,0,0,0,0,0,0,93488
1,1,1,1,1041,1313,207,-23,13,-83,-18,25,61,0,0,0,0,0,0,0,0,0,0,0,0,0,0,0,0,0,0,0,0,0,0,93498
1,1,1,1,1045,1202,236,-144,37,-83,-17,24,57,0,0,0,0,0,0,0,0,0,0,0,0,0,0,0,0,0,0,0,0,0,0,93508
1,1,1,1,1126,1238,288,-118,65,-120,-17,24,59,0,0,0,0,0,0,0,0,0,0,0,0,0,0,0,0,0,0,0,0,0,0,93518
1,1,1,1,1194,1161,377,-210,31,-131,-18,25,58,0,0,0,0,0,0,0,0,0,0,0,0,0,0,0,0,0,0,0,0,0,0,93528
1,1,1,1,1175,1122,389,-313,22,-165,-19,25,57,0,0,0,0,0,0,0,0,0,0,0,0,0,0,0,0,0,0,0,0,0,0,93538
1,1,1,1,1193,1162,411,-317,17,-171,-19,25,58,0,0,0,0,0,0,0,0,0,0,0,0,0,0,0,0,0,0,0,0,0,0,93548
1,1,1,1,1141,1144,361,-270,39,-173,-19,25,59,0,0,0,0,0,0,0,0,0,0,0,0,0,0,0,0,0,0,0,0,0,0,93558
1,1,1,1,1019,1090,295,-240,53,-175,-15,25,57,0,0,0,0,0,0,0,0,0,0,0,0,0,0,0,0,0,0,0,0,0,0,93568
1,1,1,1,1038,1180,275,-65,101,-145,-15,26,56,0,0,0,0,0,0,0,0,0,0,0,0,0,0,0,0,0,0,0,0,0,0,93578
1,1,1,1,1035,1212,320,16,107,-96,-14,25,55,0,0,0,0,0,0,0,0,0,0,0,0,0,0,0,0,0,0,0,0,0,0,93588
1,1,1,1,1000,1205,374,63,120,-36,-11,25,51,0,0,0,0,0,0,0,0,0,0,0,0,0,0,0,0,0,0,0,0,0,0,93598
1,1,1,1,954,1208,394,63,136,14,-11,25,50,0,0,0,0,0,0,0,0,0,0,0,0,0,0,0,0,0,0,0,0,0,0,93608
1,1,1,1,934,1222,415,83,118,49,-12,26,50,0,0,0,0,0,0,0,0,0,0,0,0,0,0,0,0,0,0,0,0,0,0,93618
1,1,1,1,913,1185,407,57,96,63,-12,26,46,0,0,0,0,0,0,0,0,0,0,0,0,0,0,0,0,0,0,0,0,0,0,93628
1,1,1,1,907,1183,395,12,57,58,-9,22,45,0,0,0,0,0,0,0,0,0,0,0,0,0,0,0,0,0,0,0,0,0,0,93638
1,1,1,1,928,1200,361,-13,16,56,-10,25,48,0,0,0,0,0,0,0,0,0,0,0,0,0,0,0,0,0,0,0,0,0,0,93648
1,1,1,1,939,1250,317,-4,-14,80,-12,25,45,0,0,0,0,0,0,0,0,0,0,0,0,0,0,0,0,0,0,0,0,0,0,93658
1,1,1,1,900,1245,232,0,-23,91,-10,22,43,0,0,0,0,0,0,0,0,0,0,0,0,0,0,0,0,0,0,0,0,0,0,93668
1,1,1,1,900,1245,232,19,6,111,-11,23,45,0,0,0,0,0,0,0,0,0,0,0,0,0,0,0,0,0,0,0,0,0,0,93678
1,1,1,1,833,1348,197,93,17,130,-11,22,44,0,0,0,0,0,0,0,0,0,0,0,0,0,0,0,0,0,0,0,0,0,0,93688
1,1,1,1,736,1347,223,103,28,110,-9,22,43,0,0,0,0,0,0,0,0,0,0,0,0,0,0,0,0,0,0,0,0,0,0,93698
1,1,1,1,703,1370,283,74,25,74,-7,20,40,0,0,0,0,0,0,0,0,0,0,0,0,0,0,0,0,0,0,0,0,0,0,93708
1,1,1,1,678,1406,308,12,20,60,-6,19,40,0,0,0,0,0,0,0,0,0,0,0,0,0,0,0,0,0,0,0,0,0,0,93718
1,1,1,1,690,1408,334,-83,17,37,-8,21,43,0,0,0,0,0,0,0,0,0,0,0,0,0,0,0,0,0,0,0,0,0,0,93728
1,1,1,1,718,1354,343,-168,24,4,-11,22,47,0,0,0,0,0,0,0,0,0,0,0,0,0,0,0,0,0,0,0,0,0,0,93738
1,1,1,1,699,1298,320,-229,29,-57,-10,23,50,0,0,0,0,0,0,0,0,0,0,0,0,0,0,0,0,0,0,0,0,0,0,93748
1,1,1,1,767,1278,335,-214,-22,-106,-13,23,52,0,0,0,0,0,0,0,0,0,0,0,0,0,0,0,0,0,0,0,0,0,0,93758
1,1,1,1,833,1258,338,-234,-46,-128,-14,24,53,0,0,0,0,0,0,0,0,0,0,0,0,0,0,0,0,0,0,0,0,0,0,93768
1,1,1,1,844,1244,319,-262,-29,-149,-13,24,53,0,0,0,0,0,0,0,0,0,0,0,0,0,0,0,0,0,0,0,0,0,0,93778
1,1,1,1,894,1284,305,-202,-10,-163,-14,25,54,0,0,0,0,0,0,0,0,0,0,0,0,0,0,0,0,0,0,0,0,0,0,93788
1,1,1,1,958,1272,295,-221,-26,-131,-12,24,56,0,0,0,0,0,0,0,0,0,0,0,0,0,0,0,0,0,0,0,0,0,0,93798
1,1,1,1,986,1334,281,-80,3,-109,-17,24,56,0,0,0,0,0,0,0,0,0,0,0,0,0,0,0,0,0,0,0,0,0,0,93808
1,1,1,1,1022,1282,288,-65,49,-75,-12,24,55,0,0,0,0,0,0,0,0,0,0,0,0,0,0,0,0,0,0,0,0,0,0,93818
1,1,1,1,1035,1236,295,-115,25,-58,-14,24,54,0,0,0,0,0,0,0,0,0,0,0,0,0,0,0,0,0,0,0,0,0,0,93828
1,1,1,1,1020,1264,303,-18,48,-57,-16,23,55,0,0,0,0,0,0,0,0,0,0,0,0,0,0,0,0,0,0,0,0,0,0,93838
1,1,1,1,1077,1205,353,-43,45,-74,-16,24,57,0,0,0,0,0,0,0,0,0,0,0,0,0,0,0,0,0,0,0,0,0,0,93848
1,1,1,1,1060,1153,417,-98,51,-118,-15,24,56,0,0,0,0,0,0,0,0,0,0,0,0,0,0,0,0,0,0,0,0,0,0,93858
1,1,1,1,1106,1134,468,-187,47,-153,-15,23,59,0,0,0,0,0,0,0,0,0,0,0,0,0,0,0,0,0,0,0,0,0,0,93868
1,1,1,1,1110,1129,470,-224,78,-192,-15,24,56,0,0,0,0,0,0,0,0,0,0,0,0,0,0,0,0,0,0,0,0,0,0,93878
1,1,1,1,1072,1108,462,-272,95,-191,-15,25,56,0,0,0,0,0,0,0,0,0,0,0,0,0,0,0,0,0,0,0,0,0,0,93888
1,1,1,1,1058,1121,383,-262,109,-166,-14,26,54,0,0,0,0,0,0,0,0,0,0,0,0,0,0,0,0,0,0,0,0,0,0,93898
1,1,1,1,1060,1182,355,-103,135,-114,-13,26,55,0,0,0,0,0,0,0,0,0,0,0,0,0,0,0,0,0,0,0,0,0,0,93908
1,1,1,1,1035,1196,371,42,141,-44,-13,23,52,0,0,0,0,0,0,0,0,0,0,0,0,0,0,0,0,0,0,0,0,0,0,93918
1,1,1,1,989,1184,411,98,128,-5,-13,25,50,0,0,0,0,0,0,0,0,0,0,0,0,0,0,0,0,0,0,0,0,0,0,93928
1,1,1,1,929,1201,440,97,115,18,-13,26,50,0,0,0,0,0,0,0,0,0,0,0,0,0,0,0,0,0,0,0,0,0,0,93938
1,1,1,1,876,1189,453,47,100,7,-10,24,50,0,0,0,0,0,0,0,0,0,0,0,0,0,0,0,0,0,0,0,0,0,0,93948
1,1,1,1,888,1221,468,-7,45,0,-12,25,50,0,0,0,0,0,0,0,0,0,0,0,0,0,0,0,0,0,0,0,0,0,0,93958
1,1,1,1,885,1261,454,-66,1,15,-15,27,48,0,0,0,0,0,0,0,0,0,0,0,0,0,0,0,0,0,0,0,0,0,0,93968
1,1,1,1,843,1284,419,-127,-30,38,-12,21,46,0,0,0,0,0,0,0,0,0,0,0,0,0,0,0,0,0,0,0,0,0,0,93978
1,1,1,1,800,1343,353,-146,-17,79,-11,23,47,0,0,0,0,0,0,0,0,0,0,0,0,0,0,0,0,0,0,0,0,0,0,93988
1,1,1,1,739,1360,255,-105,27,110,-12,26,46,0,0,0,0,0,0,0,0,0,0,0,0,0,0,0,0,0,0,0,0,0,0,93998
1,1,1,1,660,1376,229,36,44,117,-10,24,44,0,0,0,0,0,0,0,0,0,0,0,0,0,0,0,0,0,0,0,0,0,0,94008
1,1,1,1,615,1329,260,130,53,94,-8,24,44,0,0,0,0,0,0,0,0,0,0,0,0,0,0,0,0,0,0,0,0,0,0,94018
1,1,1,1,591,1293,378,104,39,63,-7,24,46,0,0,0,0,0,0,0,0,0,0,0,0,0,0,0,0,0,0,0,0,0,0,94028
1,1,1,1,673,1290,446,20,35,40,-10,22,48,0,0,0,0,0,0,0,0,0,0,0,0,0,0,0,0,0,0,0,0,0,0,94038
1,1,1,1,665,1268,416,-110,42,-5,-10,24,50,0,0,0,0,0,0,0,0,0,0,0,0,0,0,0,0,0,0,0,0,0,0,94048
1,1,1,1,692,1250,378,-149,15,-56,-12,23,52,0,0,0,0,0,0,0,0,0,0,0,0,0,0,0,0,0,0,0,0,0,0,94058
1,1,1,1,770,1241,369,-175,-18,-95,-15,24,56,0,0,0,0,0,0,0,0,0,0,0,0,0,0,0,0,0,0,0,0,0,0,94068
1,1,1,1,820,1266,354,-203,-20,-114,-11,23,57,0,0,0,0,0,0,0,0,0,0,0,0,0,0,0,0,0,0,0,0,0,0,94078
1,1,1,1,875,1314,331,-124,2,-127,-12,24,55,0,0,0,0,0,0,0,0,0,0,0,0,0,0,0,0,0,0,0,0,0,0,94088
1,1,1,1,920,1291,321,-97,-27,-98,-16,25,54,0,0,0,0,0,0,0,0,0,0,0,0,0,0,0,0,0,0,0,0,0,0,94098
1,1,1,1,963,1260,308,-72,-35,-67,-15,24,54,0,0,0,0,0,0,0,0,0,0,0,0,0,0,0,0,0,0,0,0,0,0,94108
1,1,1,1,995,1253,325,-9,-21,-49,-16,25,59,0,0,0,0,0,0,0,0,0,0,0,0,0,0,0,0,0,0,0,0,0,0,94118
1,1,1,1,992,1224,352,34,-1,-50,-17,24,55,0,0,0,0,0,0,0,0,0,0,0,0,0,0,0,0,0,0,0,0,0,0,94128
1,1,1,1,1034,1237,429,34,-11,-31,-18,25,54,0,0,0,0,0,0,0,0,0,0,0,0,0,0,0,0,0,0,0,0,0,0,94138
1,1,1,1,1022,1191,442,-65,-6,-38,-16,24,55,0,0,0,0,0,0,0,0,0,0,0,0,0,0,0,0,0,0,0,0,0,0,94148
1,1,1,1,990,1167,461,-108,7,-68,-19,25,56,0,0,0,0,0,0,0,0,0,0,0,0,0,0,0,0,0,0,0,0,0,0,94158
1,1,1,1,1000,1148,450,-136,26,-94,-17,23,57,0,0,0,0,0,0,0,0,0,0,0,0,0,0,0,0,0,0,0,0,0,0,94168
1,1,1,1,1016,1170,462,-111,61,-120,-14,24,57,0,0,0,0,0,0,0,0,0,0,0,0,0,0,0,0,0,0,0,0,0,0,94178
1,1,1,1,988,1112,477,-201,69,-113,-15,25,56,0,0,0,0,0,0,0,0,0,0,0,0,0,0,0,0,0,0,0,0,0,0,94188
1,1,1,1,1003,1151,438,-217,81,-104,-15,25,57,0,0,0,0,0,0,0,0,0,0,0,0,0,0,0,0,0,0,0,0,0,0,94198
1,1,1,1,1019,1198,426,-151,112,-69,-14,24,53,0,0,0,0,0,0,0,0,0,0,0,0,0,0,0,0,0,0,0,0,0,0,94208
1,1,1,1,1026,1200,431,-118,114,-22,-15,25,52,0,0,0,0,0,0,0,0,0,0,0,0,0,0,0,0,0,0,0,0,0,0,94218
1,1,1,1,961,1197,423,-115,82,-3,-13,23,51,0,0,0,0,0,0,0,0,0,0,0,0,0,0,0,0,0,0,0,0,0,0,94228
1,1,1,1,905,1218,426,-69,76,7,-14,23,52,0,0,0,0,0,0,0,0,0,0,0,0,0,0,0,0,0,0,0,0,0,0,94238
1,1,1,1,862,1216,420,-79,63,4,-10,22,50,0,0,0,0,0,0,0,0,0,0,0,0,0,0,0,0,0,0,0,0,0,0,94248
1,1,1,1,820,1245,454,-112,36,11,-14,25,49,0,0,0,0,0,0,0,0,0,0,0,0,0,0,0,0,0,0,0,0,0,0,94258
1,1,1,1,791,1255,458,-176,18,13,-15,26,47,0,0,0,0,0,0,0,0,0,0,0,0,0,0,0,0,0,0,0,0,0,0,94268
1,1,1,1,743,1260,455,-238,3,17,-13,25,50,0,0,0,0,0,0,0,0,0,0,0,0,0,0,0,0,0,0,0,0,0,0,94278
1,1,1,1,684,1269,419,-285,7,19,-12,23,49,0,0,0,0,0,0,0,0,0,0,0,0,0,0,0,0,0,0,0,0,0,0,94288
1,1,1,1,650,1294,382,-305,34,17,-11,23,50,0,0,0,0,0,0,0,0,0,0,0,0,0,0,0,0,0,0,0,0,0,0,94298
1,1,1,1,654,1314,366,-260,47,14,-10,23,49,0,0,0,0,0,0,0,0,0,0,0,0,0,0,0,0,0,0,0,0,0,0,94308
1,1,1,1,693,1293,376,-187,38,5,-11,23,51,0,0,0,0,0,0,0,0,0,0,0,0,0,0,0,0,0,0,0,0,0,0,94318
1,1,1,1,730,1265,411,-137,26,-11,-12,24,52,0,0,0,0,0,0,0,0,0,0,0,0,0,0,0,0,0,0,0,0,0,0,94328
1,1,1,1,744,1245,453,-104,17,-29,-14,25,55,0,0,0,0,0,0,0,0,0,0,0,0,0,0,0,0,0,0,0,0,0,0,94338
1,1,1,1,742,1185,462,-165,-27,-45,-12,25,59,0,0,0,0,0,0,0,0,0,0,0,0,0,0,0,0,0,0,0,0,0,0,94348
1,1,1,1,745,1231,431,-167,-38,-59,-14,26,58,0,0,0,0,0,0,0,0,0,0,0,0,0,0,0,0,0,0,0,0,0,0,94358
1,1,1,1,788,1276,403,-65,-47,-45,-16,25,60,0,0,0,0,0,0,0,0,0,0,0,0,0,0,0,0,0,0,0,0,0,0,94368
1,1,1,1,821,1249,399,11,-32,-33,-15,25,56,0,0,0,0,0,0,0,0,0,0,0,0,0,0,0,0,0,0,0,0,0,0,94378
1,1,1,1,854,1247,441,76,-16,-19,-16,24,59,0,0,0,0,0,0,0,0,0,0,0,0,0,0,0,0,0,0,0,0,0,0,94388
1,1,1,1,921,1211,450,67,-22,-4,-15,24,58,0,0,0,0,0,0,0,0,0,0,0,0,0,0,0,0,0,0,0,0,0,0,94398
1,1,1,1,993,1196,486,67,-10,7,-17,23,58,0,0,0,0,0,0,0,0,0,0,0,0,0,0,0,0,0,0,0,0,0,0,94408
1,1,1,1,1021,1136,494,-7,10,1,-15,23,56,0,0,0,0,0,0,0,0,0,0,0,0,0,0,0,0,0,0,0,0,0,0,94418
1,1,1,1,1054,1157,514,5,46,-27,-16,24,55,0,0,0,0,0,0,0,0,0,0,0,0,0,0,0,0,0,0,0,0,0,0,94428
1,1,1,1,1089,1130,509,-42,25,-27,-17,23,57,0,0,0,0,0,0,0,0,0,0,0,0,0,0,0,0,0,0,0,0,0,0,94438
1,1,1,1,1032,1071,441,-134,18,-39,-14,23,56,0,0,0,0,0,0,0,0,0,0,0,0,0,0,0,0,0,0,0,0,0,0,94448
1,1,1,1,1003,1156,418,11,37,-40,-14,24,53,0,0,0,0,0,0,0,0,0,0,0,0,0,0,0,0,0,0,0,0,0,0,94458
1,1,1,1,1036,1161,423,56,44,-10,-13,23,50,0,0,0,0,0,0,0,0,0,0,0,0,0,0,0,0,0,0,0,0,0,0,94468
1,1,1,1,1008,1178,470,86,39,22,-11,23,47,0,0,0,0,0,0,0,0,0,0,0,0,0,0,0,0,0,0,0,0,0,0,94478
1,1,1,1,937,1177,487,83,26,33,-11,22,45,0,0,0,0,0,0,0,0,0,0,0,0,0,0,0,0,0,0,0,0,0,0,94488
1,1,1,1,844,1224,500,69,10,36,-9,23,43,0,0,0,0,0,0,0,0,0,0,0,0,0,0,0,0,0,0,0,0,0,0,94498
1,1,1,1,808,1274,531,17,-12,32,-10,21,42,0,0,0,0,0,0,0,0,0,0,0,0,0,0,0,0,0,0,0,0,0,0,94508
1,1,1,1,750,1291,532,-115,-27,30,-11,20,40,0,0,0,0,0,0,0,0,0,0,0,0,0,0,0,0,0,0,0,0,0,0,94518
1,1,1,1,691,1306,523,-267,-6,16,-9,22,41,0,0,0,0,0,0,0,0,0,0,0,0,0,0,0,0,0,0,0,0,0,0,94528
1,1,1,1,665,1301,501,-401,-12,-10,-10,21,42,0,0,0,0,0,0,0,0,0,0,0,0,0,0,0,0,0,0,0,0,0,0,94538
1,1,1,1,634,1308,463,-466,-2,-33,-13,21,40,0,0,0,0,0,0,0,0,0,0,0,0,0,0,0,0,0,0,0,0,0,0,94548
1,1,1,1,671,1308,421,-469,1,-47,-13,23,42,0,0,0,0,0,0,0,0,0,0,0,0,0,0,0,0,0,0,0,0,0,0,94558
1,1,1,1,757,1276,423,-481,2,-54,-12,20,40,0,0,0,0,0,0,0,0,0,0,0,0,0,0,0,0,0,0,0,0,0,0,94568
1,1,1,1,793,1220,453,-524,-8,-70,-11,20,44,0,0,0,0,0,0,0,0,0,0,0,0,0,0,0,0,0,0,0,0,0,0,94578
1,1,1,1,832,1185,489,-569,-23,-94,-12,21,43,0,0,0,0,0,0,0,0,0,0,0,0,0,0,0,0,0,0,0,0,0,0,94588
1,1,1,1,847,1177,495,-643,-32,-114,-12,20,40,0,0,0,0,0,0,0,0,0,0,0,0,0,0,0,0,0,0,0,0,0,0,94598
1,1,1,1,880,1220,501,-678,-15,-120,-10,20,38,0,0,0,0,0,0,0,0,0,0,0,0,0,0,0,0,0,0,0,0,0,0,94608
1,1,1,1,902,1200,524,-708,-18,-117,-12,20,39,0,0,0,0,0,0,0,0,0,0,0,0,0,0,0,0,0,0,0,0,0,0,94618
1,1,1,1,863,1185,543,-689,-27,-138,-8,18,38,0,0,0,0,0,0,0,0,0,0,0,0,0,0,0,0,0,0,0,0,0,0,94628
1,1,1,1,831,1179,546,-672,-24,-151,-11,19,39,0,0,0,0,0,0,0,0,0,0,0,0,0,0,0,0,0,0,0,0,0,0,94638
1,1,1,1,842,1156,574,-720,-21,-173,-12,19,38,0,0,0,0,0,0,0,0,0,0,0,0,0,0,0,0,0,0,0,0,0,0,94648
1,1,1,1,816,1169,636,-798,-2,-212,-13,19,36,0,0,0,0,0,0,0,0,0,0,0,0,0,0,0,0,0,0,0,0,0,0,94658
1,1,1,1,796,1172,684,-987,46,-245,-14,17,32,0,0,0,0,0,0,0,0,0,0,0,0,0,0,0,0,0,0,0,0,0,0,94668
1,1,1,1,798,1144,748,-1219,84,-288,-13,17,37,0,0,0,0,0,0,0,0,0,0,0,0,0,0,0,0,0,0,0,0,0,0,94678
1,1,1,1,808,1154,789,-1362,114,-346,-16,16,34,0,0,0,0,0,0,0,0,0,0,0,0,0,0,0,0,0,0,0,0,0,0,94688
1,1,1,1,832,1093,818,-1677,152,-382,-15,17,33,0,0,0,0,0,0,0,0,0,0,0,0,0,0,0,0,0,0,0,0,0,0,94698
1,1,1,1,877,1072,872,-2006,177,-412,-16,17,30,0,0,0,0,0,0,0,0,0,0,0,0,0,0,0,0,0,0,0,0,0,0,94708
1,1,1,1,894,1046,882,-2324,202,-440,-17,16,27,0,0,0,0,0,0,0,0,0,0,0,0,0,0,0,0,0,0,0,0,0,0,94718
1,1,1,1,919,1041,872,-2600,220,-436,-16,14,26,0,0,0,0,0,0,0,0,0,0,0,0,0,0,0,0,0,0,0,0,0,0,94728
1,1,1,1,908,1048,843,-2696,228,-419,-16,14,27,0,0,0,0,0,0,0,0,0,0,0,0,0,0,0,0,0,0,0,0,0,0,94738
1,1,1,1,843,1033,826,-2711,251,-405,-16,15,24,0,0,0,0,0,0,0,0,0,0,0,0,0,0,0,0,0,0,0,0,0,0,94748
1,1,1,1,820,972,865,-2771,258,-384,-14,15,22,0,0,0,0,0,0,0,0,0,0,0,0,0,0,0,0,0,0,0,0,0,0,94758
1,1,1,1,775,929,954,-2726,272,-361,-11,16,21,0,0,0,0,0,0,0,0,0,0,0,0,0,0,0,0,0,0,0,0,0,0,94768
1,1,1,1,733,888,983,-2613,281,-336,-10,15,20,0,0,0,0,0,0,0,0,0,0,0,0,0,0,0,0,0,0,0,0,0,0,94778
1,1,1,1,686,785,1032,-2551,267,-328,-11,15,18,0,0,0,0,0,0,0,0,0,0,0,0,0,0,0,0,0,0,0,0,0,0,94788
1,1,1,1,769,721,1073,-2558,255,-299,-10,15,15,0,0,0,0,0,0,0,0,0,0,0,0,0,0,0,0,0,0,0,0,0,0,94798
1,1,1,1,698,652,1136,-2588,272,-262,-16,16,16,0,0,0,0,0,0,0,0,0,0,0,0,0,0,0,0,0,0,0,0,0,0,94808
1,1,1,1,707,559,1202,-2858,257,-273,-15,16,14,0,0,0,0,0,0,0,0,0,0,0,0,0,0,0,0,0,0,0,0,0,0,94818
1,1,1,1,688,535,1255,-3059,252,-249,-14,14,15,0,0,0,0,0,0,0,0,0,0,0,0,0,0,0,0,0,0,0,0,0,0,94828
1,1,1,1,725,582,1262,-3021,278,-196,-15,15,12,0,0,0,0,0,0,0,0,0,0,0,0,0,0,0,0,0,0,0,0,0,0,94838
1,1,1,1,722,507,1343,-3165,295,-157,-17,14,12,0,0,0,0,0,0,0,0,0,0,0,0,0,0,0,0,0,0,0,0,0,0,94848
1,1,1,1,691,482,1363,-3151,304,-128,-11,13,13,0,0,0,0,0,0,0,0,0,0,0,0,0,0,0,0,0,0,0,0,0,0,94858
1,1,1,1,691,482,1363,-3023,302,-105,-14,16,15,0,0,0,0,0,0,0,0,0,0,0,0,0,0,0,0,0,0,0,0,0,0,94868
1,1,1,1,650,394,1318,-2904,300,-80,-11,10,14,0,0,0,0,0,0,0,0,0,0,0,0,0,0,0,0,0,0,0,0,0,0,94878
1,1,1,1,675,311,1320,-2886,291,-66,-13,13,13,0,0,0,0,0,0,0,0,0,0,0,0,0,0,0,0,0,0,0,0,0,0,94888
1,1,1,1,634,270,1351,-2885,266,-78,-12,15,17,0,0,0,0,0,0,0,0,0,0,0,0,0,0,0,0,0,0,0,0,0,0,94898
1,1,1,1,589,257,1396,-2780,292,-88,-8,14,10,0,0,0,0,0,0,0,0,0,0,0,0,0,0,0,0,0,0,0,0,0,0,94908
1,1,1,1,613,199,1398,-2710,313,-131,-8,11,14,0,0,0,0,0,0,0,0,0,0,0,0,0,0,0,0,0,0,0,0,0,0,94918
1,1,1,1,639,137,1398,-2741,326,-160,-9,14,14,0,0,0,0,0,0,0,0,0,0,0,0,0,0,0,0,0,0,0,0,0,0,94928
1,1,1,1,689,127,1441,-2714,326,-148,-8,15,15,0,0,0,0,0,0,0,0,0,0,0,0,0,0,0,0,0,0,0,0,0,0,94938
1,1,1,1,713,61,1466,-2677,313,-110,-9,14,10,0,0,0,0,0,0,0,0,0,0,0,0,0,0,0,0,0,0,0,0,0,0,94948
1,1,1,1,748,-20,1489,-2749,275,-44,-10,15,12,0,0,0,0,0,0,0,0,0,0,0,0,0,0,0,0,0,0,0,0,0,0,94958
1,1,1,1,722,-60,1522,-2844,272,26,-11,16,7,0,0,0,0,0,0,0,0,0,0,0,0,0,0,0,0,0,0,0,0,0,0,94968
1,1,1,1,645,-69,1574,-2863,283,72,-10,16,9,0,0,0,0,0,0,0,0,0,0,0,0,0,0,0,0,0,0,0,0,0,0,94978
1,1,1,1,564,-86,1557,-2692,284,74,-11,16,7,0,0,0,0,0,0,0,0,0,0,0,0,0,0,0,0,0,0,0,0,0,0,94988
1,1,1,1,540,-191,1527,-2692,290,52,-9,15,11,0,0,0,0,0,0,0,0,0,0,0,0,0,0,0,0,0,0,0,0,0,0,94998
1,1,1,1,495,-284,1508,-2773,321,30,-9,16,6,0,0,0,0,0,0,0,0,0,0,0,0,0,0,0,0,0,0,0,0,0,0,95008
1,1,1,1,502,-346,1509,-2843,363,26,-5,15,9,0,0,0,0,0,0,0,0,0,0,0,0,0,0,0,0,0,0,0,0,0,0,95018
1,1,1,1,508,-397,1562,-2751,391,15,-6,17,9,0,0,0,0,0,0,0,0,0,0,0,0,0,0,0,0,0,0,0,0,0,0,95028
1,1,1,1,545,-474,1574,-2590,371,-16,-5,17,6,0,0,0,0,0,0,0,0,0,0,0,0,0,0,0,0,0,0,0,0,0,0,95038
1,1,1,1,596,-488,1559,-2459,359,2,-7,17,8,0,0,0,0,0,0,0,0,0,0,0,0,0,0,0,0,0,0,0,0,0,0,95048
1,1,1,1,616,-500,1540,-2330,364,69,-7,18,9,0,0,0,0,0,0,0,0,0,0,0,0,0,0,0,0,0,0,0,0,0,0,95058
1,1,1,1,566,-568,1536,-2275,372,82,-4,20,9,0,0,0,0,0,0,0,0,0,0,0,0,0,0,0,0,0,0,0,0,0,0,95068
1,1,1,1,508,-587,1539,-2070,334,42,0,19,14,0,0,0,0,0,0,0,0,0,0,0,0,0,0,0,0,0,0,0,0,0,0,95078
1,1,1,1,438,-635,1496,-1682,285,-26,-3,20,13,0,0,0,0,0,0,0,0,0,0,0,0,0,0,0,0,0,0,0,0,0,0,95088
1,1,1,1,424,-762,1461,-1526,260,-51,-3,20,13,0,0,0,0,0,0,0,0,0,0,0,0,0,0,0,0,0,0,0,0,0,0,95098
1,1,1,1,488,-808,1484,-1499,235,-44,-2,21,12,0,0,0,0,0,0,0,0,0,0,0,0,0,0,0,0,0,0,0,0,0,0,95108
1,1,1,1,559,-854,1551,-1551,228,-26,-3,20,10,0,0,0,0,0,0,0,0,0,0,0,0,0,0,0,0,0,0,0,0,0,0,95118
1,1,1,1,580,-902,1596,-1640,259,-7,-4,21,11,0,0,0,0,0,0,0,0,0,0,0,0,0,0,0,0,0,0,0,0,0,0,95128
1,1,1,1,596,-921,1623,-1781,272,17,-7,22,13,0,0,0,0,0,0,0,0,0,0,0,0,0,0,0,0,0,0,0,0,0,0,95138
1,1,1,1,620,-942,1671,-1972,265,53,-4,22,12,0,0,0,0,0,0,0,0,0,0,0,0,0,0,0,0,0,0,0,0,0,0,95148
1,1,1,1,615,-919,1693,-2064,244,87,-3,20,13,0,0,0,0,0,0,0,0,0,0,0,0,0,0,0,0,0,0,0,0,0,0,95158
1,1,1,1,569,-943,1622,-2048,234,62,-3,19,13,0,0,0,0,0,0,0,0,0,0,0,0,0,0,0,0,0,0,0,0,0,0,95168
1,1,1,1,515,-938,1526,-2009,226,31,-7,22,19,0,0,0,0,0,0,0,0,0,0,0,0,0,0,0,0,0,0,0,0,0,0,95178
1,1,1,1,439,-984,1448,-1834,230,4,-4,20,22,0,0,0,0,0,0,0,0,0,0,0,0,0,0,0,0,0,0,0,0,0,0,95188
1,1,1,1,384,-1100,1381,-1629,242,-48,-4,23,24,0,0,0,0,0,0,0,0,0,0,0,0,0,0,0,0,0,0,0,0,0,0,95198
1,1,1,1,409,-1180,1360,-1528,216,-77,-2,21,20,0,0,0,0,0,0,0,0,0,0,0,0,0,0,0,0,0,0,0,0,0,0,95208
1,1,1,1,482,-1242,1382,-1476,186,-71,-3,22,23,0,0,0,0,0,0,0,0,0,0,0,0,0,0,0,0,0,0,0,0,0,0,95218
1,1,1,1,544,-1268,1437,-1492,176,-29,-3,23,20,0,0,0,0,0,0,0,0,0,0,0,0,0,0,0,0,0,0,0,0,0,0,95228
1,1,1,1,593,-1281,1443,-1505,176,20,-3,25,20,0,0,0,0,0,0,0,0,0,0,0,0,0,0,0,0,0,0,0,0,0,0,95238
1,1,1,1,597,-1289,1417,-1474,175,42,-2,22,19,0,0,0,0,0,0,0,0,0,0,0,0,0,0,0,0,0,0,0,0,0,0,95248
1,1,1,1,542,-1325,1463,-1434,154,38,-5,22,22,0,0,0,0,0,0,0,0,0,0,0,0,0,0,0,0,0,0,0,0,0,0,95258
1,1,1,1,495,-1358,1431,-1461,135,9,-5,23,22,0,0,0,0,0,0,0,0,0,0,0,0,0,0,0,0,0,0,0,0,0,0,95268
1,1,1,1,434,-1310,1399,-1441,126,-24,-4,22,25,0,0,0,0,0,0,0,0,0,0,0,0,0,0,0,0,0,0,0,0,0,0,95278
1,1,1,1,416,-1324,1338,-1369,129,-47,-4,22,22,0,0,0,0,0,0,0,0,0,0,0,0,0,0,0,0,0,0,0,0,0,0,95288
1,1,1,1,420,-1349,1319,-1324,139,-60,-6,23,26,0,0,0,0,0,0,0,0,0,0,0,0,0,0,0,0,0,0,0,0,0,0,95298
1,1,1,1,435,-1351,1283,-1247,153,-66,-6,22,27,0,0,0,0,0,0,0,0,0,0,0,0,0,0,0,0,0,0,0,0,0,0,95308
1,1,1,1,380,-1435,1296,-1131,250,14,-7,24,30,0,0,0,0,0,0,0,0,0,0,0,0,0,0,0,0,0,0,0,0,0,0,95328
1,1,1,1,353,-1494,1275,-1140,280,46,-9,24,30,0,0,0,0,0,0,0,0,0,0,0,0,0,0,0,0,0,0,0,0,0,0,95338
1,1,1,1,308,-1615,1301,-1294,290,77,-9,24,31,0,0,0,0,0,0,0,0,0,0,0,0,0,0,0,0,0,0,0,0,0,0,95348
1,1,1,1,249,-1647,1326,-1436,297,77,-10,26,35,0,0,0,0,0,0,0,0,0,0,0,0,0,0,0,0,0,0,0,0,0,0,95358
1,1,1,1,202,-1636,1318,-1492,299,45,-11,25,34,0,0,0,0,0,0,0,0,0,0,0,0,0,0,0,0,0,0,0,0,0,0,95368
1,1,1,1,193,-1615,1265,-1476,293,11,-9,26,34,0,0,0,0,0,0,0,0,0,0,0,0,0,0,0,0,0,0,0,0,0,0,95378
1,1,1,1,260,-1589,1218,-1441,272,8,-11,26,36,0,0,0,0,0,0,0,0,0,0,0,0,0,0,0,0,0,0,0,0,0,0,95388
1,1,1,1,329,-1598,1186,-1404,258,3,-10,26,36,0,0,0,0,0,0,0,0,0,0,0,0,0,0,0,0,0,0,0,0,0,0,95398
1,1,1,1,378,-1614,1228,-1308,210,-11,-8,26,39,0,0,0,0,0,0,0,0,0,0,0,0,0,0,0,0,0,0,0,0,0,0,95408
1,1,1,1,396,-1679,1220,-1249,201,-19,-11,26,41,0,0,0,0,0,0,0,0,0,0,0,0,0,0,0,0,0,0,0,0,0,0,95418
1,1,1,1,424,-1734,1214,-1283,202,15,-14,28,39,0,0,0,0,0,0,0,0,0,0,0,0,0,0,0,0,0,0,0,0,0,0,95428
1,1,1,1,430,-1785,1217,-1367,193,24,-13,27,45,0,0,0,0,0,0,0,0,0,0,0,0,0,0,0,0,0,0,0,0,0,0,95438
1,1,1,1,388,-1752,1174,-1363,179,-10,-11,24,47,0,0,0,0,0,0,0,0,0,0,0,0,0,0,0,0,0,0,0,0,0,0,95448
1,1,1,1,343,-1655,1063,-1154,193,-77,-12,28,49,0,0,0,0,0,0,0,0,0,0,0,0,0,0,0,0,0,0,0,0,0,0,95458
1,1,1,1,403,-1604,979,-919,193,-91,-12,26,48,0,0,0,0,0,0,0,0,0,0,0,0,0,0,0,0,0,0,0,0,0,0,95468
1,1,1,1,442,-1611,908,-665,212,-79,-13,27,51,0,0,0,0,0,0,0,0,0,0,0,0,0,0,0,0,0,0,0,0,0,0,95478
1,1,1,1,473,-1672,837,-418,222,-81,-13,28,53,0,0,0,0,0,0,0,0,0,0,0,0,0,0,0,0,0,0,0,0,0,0,95488
1,1,1,1,481,-1786,848,-350,256,-57,-14,30,54,0,0,0,0,0,0,0,0,0,0,0,0,0,0,0,0,0,0,0,0,0,0,95498
1,1,1,1,521,-1867,923,-428,290,24,-15,28,49,0,0,0,0,0,0,0,0,0,0,0,0,0,0,0,0,0,0,0,0,0,0,95508
1,1,1,1,582,-1968,1002,-520,263,58,-16,29,52,0,0,0,0,0,0,0,0,0,0,0,0,0,0,0,0,0,0,0,0,0,0,95518
1,1,1,1,575,-2065,1059,-722,210,67,-13,28,51,0,0,0,0,0,0,0,0,0,0,0,0,0,0,0,0,0,0,0,0,0,0,95528
1,1,1,1,514,-2059,1024,-878,168,54,-13,28,56,0,0,0,0,0,0,0,0,0,0,0,0,0,0,0,0,0,0,0,0,0,0,95538
1,1,1,1,461,-1928,948,-815,118,22,-13,28,54,0,0,0,0,0,0,0,0,0,0,0,0,0,0,0,0,0,0,0,0,0,0,95548
1,1,1,1,465,-1809,860,-604,50,-12,-12,29,56,0,0,0,0,0,0,0,0,0,0,0,0,0,0,0,0,0,0,0,0,0,0,95558
1,1,1,1,475,-1763,784,-353,21,-17,-11,29,58,0,0,0,0,0,0,0,0,0,0,0,0,0,0,0,0,0,0,0,0,0,0,95568
1,1,1,1,478,-1801,758,-139,14,-24,-12,30,58,0,0,0,0,0,0,0,0,0,0,0,0,0,0,0,0,0,0,0,0,0,0,95578
1,1,1,1,470,-1848,827,11,5,-37,-13,29,56,0,0,0,0,0,0,0,0,0,0,0,0,0,0,0,0,0,0,0,0,0,0,95588
1,1,1,1,492,-1920,901,48,9,-30,-14,29,54,0,0,0,0,0,0,0,0,0,0,0,0,0,0,0,0,0,0,0,0,0,0,95598
1,1,1,1,486,-1970,1008,-77,-3,-5,-13,30,52,0,0,0,0,0,0,0,0,0,0,0,0,0,0,0,0,0,0,0,0,0,0,95608
1,1,1,1,492,-2007,1099,-258,-34,30,-14,29,53,0,0,0,0,0,0,0,0,0,0,0,0,0,0,0,0,0,0,0,0,0,0,95618
1,1,1,1,458,-1971,1116,-373,-65,36,-12,30,53,0,0,0,0,0,0,0,0,0,0,0,0,0,0,0,0,0,0,0,0,0,0,95628
1,1,1,1,439,-1911,1146,-453,-156,52,-14,30,52,0,0,0,0,0,0,0,0,0,0,0,0,0,0,0,0,0,0,0,0,0,0,95638
1,1,1,1,382,-1871,1086,-465,-217,56,-16,30,55,0,0,0,0,0,0,0,0,0,0,0,0,0,0,0,0,0,0,0,0,0,0,95648
1,1,1,1,189,-1805,835,-250,-163,62,-14,29,57,0,0,0,0,0,0,0,0,0,0,0,0,0,0,0,0,0,0,0,0,0,0,95668
1,1,1,1,175,-1820,732,-209,-61,112,-13,30,55,0,0,0,0,0,0,0,0,0,0,0,0,0,0,0,0,0,0,0,0,0,0,95678
1,1,1,1,133,-1829,744,-62,16,129,-11,30,54,0,0,0,0,0,0,0,0,0,0,0,0,0,0,0,0,0,0,0,0,0,0,95688
1,1,1,1,187,-1916,827,43,38,112,-12,30,55,0,0,0,0,0,0,0,0,0,0,0,0,0,0,0,0,0,0,0,0,0,0,95698
1,1,1,1,217,-2028,933,34,16,82,-12,30,55,0,0,0,0,0,0,0,0,0,0,0,0,0,0,0,0,0,0,0,0,0,0,95708
1,1,1,1,198,-2063,1036,-72,-33,71,-14,30,57,0,0,0,0,0,0,0,0,0,0,0,0,0,0,0,0,0,0,0,0,0,0,95718
1,1,1,1,197,-2116,1043,-261,-55,51,-17,29,55,0,0,0,0,0,0,0,0,0,0,0,0,0,0,0,0,0,0,0,0,0,0,95728
1,1,1,1,246,-2104,990,-459,-46,22,-16,31,58,0,0,0,0,0,0,0,0,0,0,0,0,0,0,0,0,0,0,0,0,0,0,95738
1,1,1,1,261,-1991,932,-513,-53,-27,-14,29,61,0,0,0,0,0,0,0,0,0,0,0,0,0,0,0,0,0,0,0,0,0,0,95748
1,1,1,1,301,-1828,884,-331,-76,-82,-16,29,62,0,0,0,0,0,0,0,0,0,0,0,0,0,0,0,0,0,0,0,0,0,0,95758
1,1,1,1,363,-1761,809,-83,-87,-113,-15,31,63,0,0,0,0,0,0,0,0,0,0,0,0,0,0,0,0,0,0,0,0,0,0,95768
1,1,1,1,399,-1762,784,120,-68,-121,-16,31,66,0,0,0,0,0,0,0,0,0,0,0,0,0,0,0,0,0,0,0,0,0,0,95778
1,1,1,1,359,-1799,822,336,-16,-130,-17,31,65,0,0,0,0,0,0,0,0,0,0,0,0,0,0,0,0,0,0,0,0,0,0,95788
1,1,1,1,329,-1883,918,391,19,-106,-16,29,62,0,0,0,0,0,0,0,0,0,0,0,0,0,0,0,0,0,0,0,0,0,0,95798
1,1,1,1,294,-2023,1030,258,41,-54,-18,29,62,0,0,0,0,0,0,0,0,0,0,0,0,0,0,0,0,0,0,0,0,0,0,95808
1,1,1,1,229,-2128,1113,29,57,-21,-17,28,65,0,0,0,0,0,0,0,0,0,0,0,0,0,0,0,0,0,0,0,0,0,0,95818
1,1,1,1,192,-2174,1149,-235,61,-2,-18,30,67,0,0,0,0,0,0,0,0,0,0,0,0,0,0,0,0,0,0,0,0,0,0,95828
1,1,1,1,175,-2142,1170,-430,1,-6,-18,30,70,0,0,0,0,0,0,0,0,0,0,0,0,0,0,0,0,0,0,0,0,0,0,95838
1,1,1,1,219,-2043,1137,-497,-47,-5,-19,31,69,0,0,0,0,0,0,0,0,0,0,0,0,0,0,0,0,0,0,0,0,0,0,95848
1,1,1,1,276,-1958,1020,-499,-57,-7,-22,30,72,0,0,0,0,0,0,0,0,0,0,0,0,0,0,0,0,0,0,0,0,0,0,95858
1,1,1,1,333,-1890,883,-477,10,21,-24,30,74,0,0,0,0,0,0,0,0,0,0,0,0,0,0,0,0,0,0,0,0,0,0,95868
1,1,1,1,401,-1863,791,-444,110,58,-26,30,75,0,0,0,0,0,0,0,0,0,0,0,0,0,0,0,0,0,0,0,0,0,0,95878
1,1,1,1,463,-1847,774,-292,155,49,-27,30,74,0,0,0,0,0,0,0,0,0,0,0,0,0,0,0,0,0,0,0,0,0,0,95888
1,1,1,1,567,-1896,787,-139,156,42,-27,30,76,0,0,0,0,0,0,0,0,0,0,0,0,0,0,0,0,0,0,0,0,0,0,95898
1,1,1,1,601,-1984,764,-63,133,25,-27,31,75,0,0,0,0,0,0,0,0,0,0,0,0,0,0,0,0,0,0,0,0,0,0,95908
1,1,1,1,610,-2014,749,-38,103,35,-26,31,77,0,0,0,0,0,0,0,0,0,0,0,0,0,0,0,0,0,0,0,0,0,0,95918
1,1,1,1,605,-2090,738,-104,71,48,-25,30,78,0,0,0,0,0,0,0,0,0,0,0,0,0,0,0,0,0,0,0,0,0,0,95928
1,1,1,1,533,-2104,726,-136,36,16,-25,31,77,0,0,0,0,0,0,0,0,0,0,0,0,0,0,0,0,0,0,0,0,0,0,95938
1,1,1,1,514,-2085,704,-112,2,-21,-25,32,77,0,0,0,0,0,0,0,0,0,0,0,0,0,0,0,0,0,0,0,0,0,0,95948
1,1,1,1,495,-2045,712,-59,-60,-57,-23,31,75,0,0,0,0,0,0,0,0,0,0,0,0,0,0,0,0,0,0,0,0,0,0,95958
1,1,1,1,465,-1950,719,94,-107,-75,-20,32,74,0,0,0,0,0,0,0,0,0,0,0,0,0,0,0,0,0,0,0,0,0,0,95968
1,1,1,1,473,-1894,744,285,-141,-68,-18,32,74,0,0,0,0,0,0,0,0,0,0,0,0,0,0,0,0,0,0,0,0,0,0,95978
1,1,1,1,511,-1900,809,407,-159,-51,-17,31,72,0,0,0,0,0,0,0,0,0,0,0,0,0,0,0,0,0,0,0,0,0,0,95988
1,1,1,1,484,-1922,888,444,-158,-37,-16,32,68,0,0,0,0,0,0,0,0,0,0,0,0,0,0,0,0,0,0,0,0,0,0,95998
1,1,1,1,512,-1950,965,390,-144,11,-15,32,68,0,0,0,0,0,0,0,0,0,0,0,0,0,0,0,0,0,0,0,0,0,0,96008
1,1,1,1,525,-1977,1022,308,-145,43,-16,32,67,0,0,0,0,0,0,0,0,0,0,0,0,0,0,0,0,0,0,0,0,0,0,96018
1,1,1,1,456,-1960,1030,198,-158,83,-16,32,68,0,0,0,0,0,0,0,0,0,0,0,0,0,0,0,0,0,0,0,0,0,0,96028
1,1,1,1,320,-1986,977,87,-129,118,-18,36,68,0,0,0,0,0,0,0,0,0,0,0,0,0,0,0,0,0,0,0,0,0,0,96038
1,1,1,1,246,-2017,916,40,-88,123,-17,29,66,0,0,0,0,0,0,0,0,0,0,0,0,0,0,0,0,0,0,0,0,0,0,96048
1,1,1,1,253,-2073,867,32,-57,62,-15,30,68,0,0,0,0,0,0,0,0,0,0,0,0,0,0,0,0,0,0,0,0,0,0,96058
1,1,1,1,292,-2084,859,76,-86,-50,-16,34,69,0,0,0,0,0,0,0,0,0,0,0,0,0,0,0,0,0,0,0,0,0,0,96068
1,1,1,1,352,-1955,916,145,-199,-62,-16,32,71,0,0,0,0,0,0,0,0,0,0,0,0,0,0,0,0,0,0,0,0,0,0,96078
1,1,1,1,296,-1849,867,276,-236,-75,-19,33,72,0,0,0,0,0,0,0,0,0,0,0,0,0,0,0,0,0,0,0,0,0,0,96088
1,1,1,1,233,-1831,804,320,-189,-36,-19,34,67,0,0,0,0,0,0,0,0,0,0,0,0,0,0,0,0,0,0,0,0,0,0,96098
1,1,1,1,234,-1853,877,273,-132,26,-17,34,70,0,0,0,0,0,0,0,0,0,0,0,0,0,0,0,0,0,0,0,0,0,0,96108
1,1,1,1,241,-1943,943,185,-92,54,-17,30,68,0,0,0,0,0,0,0,0,0,0,0,0,0,0,0,0,0,0,0,0,0,0,96118
1,1,1,1,197,-2000,1004,97,-86,42,-15,32,67,0,0,0,0,0,0,0,0,0,0,0,0,0,0,0,0,0,0,0,0,0,0,96128
1,1,1,1,164,-2047,1023,61,-87,-17,-14,30,68,0,0,0,0,0,0,0,0,0,0,0,0,0,0,0,0,0,0,0,0,0,0,96138
1,1,1,1,199,-2050,1014,31,-72,-61,-14,31,67,0,0,0,0,0,0,0,0,0,0,0,0,0,0,0,0,0,0,0,0,0,0,96148
1,1,1,1,129,-2014,972,-7,-24,-111,-16,31,68,0,0,0,0,0,0,0,0,0,0,0,0,0,0,0,0,0,0,0,0,0,0,96158
1,1,1,1,103,-1947,964,16,23,-132,-16,30,69,0,0,0,0,0,0,0,0,0,0,0,0,0,0,0,0,0,0,0,0,0,0,96168
1,1,1,1,151,-1905,984,58,70,-121,-15,30,68,0,0,0,0,0,0,0,0,0,0,0,0,0,0,0,0,0,0,0,0,0,0,96178
1,1,1,1,201,-1858,997,113,98,-99,-16,30,67,0,0,0,0,0,0,0,0,0,0,0,0,0,0,0,0,0,0,0,0,0,0,96188
1,1,1,1,322,-1843,1023,150,116,-56,-15,29,68,0,0,0,0,0,0,0,0,0,0,0,0,0,0,0,0,0,0,0,0,0,0,96198
1,1,1,1,439,-1866,1057,125,99,-20,-16,30,66,0,0,0,0,0,0,0,0,0,0,0,0,0,0,0,0,0,0,0,0,0,0,96208
1,1,1,1,517,-1838,1065,23,109,61,-17,30,69,0,0,0,0,0,0,0,0,0,0,0,0,0,0,0,0,0,0,0,0,0,0,96218
1,1,1,1,576,-1906,965,-52,166,91,-19,29,67,0,0,0,0,0,0,0,0,0,0,0,0,0,0,0,0,0,0,0,0,0,0,96228
1,1,1,1,630,-1932,955,-129,165,97,-22,29,71,0,0,0,0,0,0,0,0,0,0,0,0,0,0,0,0,0,0,0,0,0,0,96238
1,1,1,1,644,-2006,936,-230,160,86,-20,30,73,0,0,0,0,0,0,0,0,0,0,0,0,0,0,0,0,0,0,0,0,0,0,96248
1,1,1,1,562,-2024,898,-237,150,52,-21,30,73,0,0,0,0,0,0,0,0,0,0,0,0,0,0,0,0,0,0,0,0,0,0,96258
1,1,1,1,519,-2004,833,-190,140,32,-20,32,74,0,0,0,0,0,0,0,0,0,0,0,0,0,0,0,0,0,0,0,0,0,0,96268
1,1,1,1,512,-1980,795,-95,121,26,-20,31,72,0,0,0,0,0,0,0,0,0,0,0,0,0,0,0,0,0,0,0,0,0,0,96278
1,1,1,1,515,-1979,800,56,88,24,-17,31,73,0,0,0,0,0,0,0,0,0,0,0,0,0,0,0,0,0,0,0,0,0,0,96288
1,1,1,1,542,-2024,819,112,70,17,-18,31,70,0,0,0,0,0,0,0,0,0,0,0,0,0,0,0,0,0,0,0,0,0,0,96298
1,1,1,1,511,-2083,851,81,57,8,-18,31,71,0,0,0,0,0,0,0,0,0,0,0,0,0,0,0,0,0,0,0,0,0,0,96308
1,1,1,1,562,-2137,869,-54,60,16,-18,31,66,0,0,0,0,0,0,0,0,0,0,0,0,0,0,0,0,0,0,0,0,0,0,96318
1,1,1,1,573,-2102,913,-222,36,30,-19,31,65,0,0,0,0,0,0,0,0,0,0,0,0,0,0,0,0,0,0,0,0,0,0,96328
1,1,1,1,585,-2010,950,-327,-9,52,-17,29,65,0,0,0,0,0,0,0,0,0,0,0,0,0,0,0,0,0,0,0,0,0,0,96338
1,1,1,1,577,-1930,936,-364,-53,70,-15,33,67,0,0,0,0,0,0,0,0,0,0,0,0,0,0,0,0,0,0,0,0,0,0,96348
1,1,1,1,514,-1836,906,-288,-85,69,-17,30,67,0,0,0,0,0,0,0,0,0,0,0,0,0,0,0,0,0,0,0,0,0,0,96358
1,1,1,1,502,-1804,859,-180,-105,85,-16,31,65,0,0,0,0,0,0,0,0,0,0,0,0,0,0,0,0,0,0,0,0,0,0,96368
1,1,1,1,488,-1802,825,-111,-111,128,-16,32,65,0,0,0,0,0,0,0,0,0,0,0,0,0,0,0,0,0,0,0,0,0,0,96378
1,1,1,1,443,-1796,784,-50,-101,192,-14,31,66,0,0,0,0,0,0,0,0,0,0,0,0,0,0,0,0,0,0,0,0,0,0,96388
1,1,1,1,328,-1835,787,104,-113,221,-12,31,61,0,0,0,0,0,0,0,0,0,0,0,0,0,0,0,0,0,0,0,0,0,0,96398
1,1,1,1,188,-1953,824,175,-111,220,-10,33,59,0,0,0,0,0,0,0,0,0,0,0,0,0,0,0,0,0,0,0,0,0,0,96408
1,1,1,1,71,-2082,882,116,-70,216,-11,32,60,0,0,0,0,0,0,0,0,0,0,0,0,0,0,0,0,0,0,0,0,0,0,96418
1,1,1,1,77,-2168,956,-27,-28,182,-10,33,61,0,0,0,0,0,0,0,0,0,0,0,0,0,0,0,0,0,0,0,0,0,0,96428
1,1,1,1,113,-2161,1019,-174,-47,135,-7,30,58,0,0,0,0,0,0,0,0,0,0,0,0,0,0,0,0,0,0,0,0,0,0,96438
1,1,1,1,134,-2058,1056,-211,-96,95,-9,32,60,0,0,0,0,0,0,0,0,0,0,0,0,0,0,0,0,0,0,0,0,0,0,96448
1,1,1,1,142,-1971,1025,-211,-105,51,-9,32,61,0,0,0,0,0,0,0,0,0,0,0,0,0,0,0,0,0,0,0,0,0,0,96458
1,1,1,1,175,-1925,943,-190,-32,1,-10,31,62,0,0,0,0,0,0,0,0,0,0,0,0,0,0,0,0,0,0,0,0,0,0,96468
1,1,1,1,175,-1890,909,-85,50,-78,-12,31,63,0,0,0,0,0,0,0,0,0,0,0,0,0,0,0,0,0,0,0,0,0,0,96478
1,1,1,1,177,-1847,922,28,102,-113,-14,31,65,0,0,0,0,0,0,0,0,0,0,0,0,0,0,0,0,0,0,0,0,0,0,96488
1,1,1,1,189,-1887,958,34,145,-78,-13,31,64,0,0,0,0,0,0,0,0,0,0,0,0,0,0,0,0,0,0,0,0,0,0,96498
1,1,1,1,202,-1997,983,20,178,-61,-13,31,65,0,0,0,0,0,0,0,0,0,0,0,0,0,0,0,0,0,0,0,0,0,0,96508
1,1,1,1,215,-2061,1018,-56,160,-41,-14,31,67,0,0,0,0,0,0,0,0,0,0,0,0,0,0,0,0,0,0,0,0,0,0,96518
1,1,1,1,246,-2061,1044,-135,122,-9,-16,31,66,0,0,0,0,0,0,0,0,0,0,0,0,0,0,0,0,0,0,0,0,0,0,96528
1,1,1,1,300,-2071,1021,-209,81,4,-16,31,66,0,0,0,0,0,0,0,0,0,0,0,0,0,0,0,0,0,0,0,0,0,0,96538
1,1,1,1,374,-2037,1001,-285,41,24,-21,31,66,0,0,0,0,0,0,0,0,0,0,0,0,0,0,0,0,0,0,0,0,0,0,96548
1,1,1,1,458,-1970,939,-346,51,59,-22,30,71,0,0,0,0,0,0,0,0,0,0,0,0,0,0,0,0,0,0,0,0,0,0,96558
1,1,1,1,470,-1935,841,-324,99,56,-23,31,73,0,0,0,0,0,0,0,0,0,0,0,0,0,0,0,0,0,0,0,0,0,0,96568
1,1,1,1,479,-1946,777,-204,156,22,-24,31,76,0,0,0,0,0,0,0,0,0,0,0,0,0,0,0,0,0,0,0,0,0,0,96578
1,1,1,1,558,-2008,776,-42,194,-28,-19,32,67,0,0,0,0,0,0,0,0,0,0,0,0,0,0,0,0,0,0,0,0,0,0,96598
1,1,1,1,645,-1975,784,-39,155,17,-21,32,70,0,0,0,0,0,0,0,0,0,0,0,0,0,0,0,0,0,0,0,0,0,0,96608
1,1,1,1,663,-1974,729,12,106,30,-20,32,72,0,0,0,0,0,0,0,0,0,0,0,0,0,0,0,0,0,0,0,0,0,0,96618
1,1,1,1,576,-2002,669,69,91,15,-20,32,73,0,0,0,0,0,0,0,0,0,0,0,0,0,0,0,0,0,0,0,0,0,0,96628
1,1,1,1,555,-2058,677,97,88,-4,-15,26,69,0,0,0,0,0,0,0,0,0,0,0,0,0,0,0,0,0,0,0,0,0,0,96638
1,1,1,1,582,-2082,697,62,60,-7,-16,30,69,0,0,0,0,0,0,0,0,0,0,0,0,0,0,0,0,0,0,0,0,0,0,96648
1,1,1,1,582,-2023,726,62,0,-3,-18,34,69,0,0,0,0,0,0,0,0,0,0,0,0,0,0,0,0,0,0,0,0,0,0,96658
1,1,1,1,583,-1980,769,107,-61,15,-14,31,64,0,0,0,0,0,0,0,0,0,0,0,0,0,0,0,0,0,0,0,0,0,0,96668
1,1,1,1,573,-1952,814,190,-145,16,-16,33,64,0,0,0,0,0,0,0,0,0,0,0,0,0,0,0,0,0,0,0,0,0,0,96678
1,1,1,1,541,-1903,865,247,-230,29,-16,33,63,0,0,0,0,0,0,0,0,0,0,0,0,0,0,0,0,0,0,0,0,0,0,96688
1,1,1,1,437,-1894,860,262,-233,80,-15,33,63,0,0,0,0,0,0,0,0,0,0,0,0,0,0,0,0,0,0,0,0,0,0,96698
1,1,1,1,325,-1867,874,251,-167,162,-13,33,61,0,0,0,0,0,0,0,0,0,0,0,0,0,0,0,0,0,0,0,0,0,0,96708
1,1,1,1,255,-1879,926,191,-101,241,-12,32,60,0,0,0,0,0,0,0,0,0,0,0,0,0,0,0,0,0,0,0,0,0,0,96718
1,1,1,1,200,-1959,962,119,-51,264,-9,32,60,0,0,0,0,0,0,0,0,0,0,0,0,0,0,0,0,0,0,0,0,0,0,96728
1,1,1,1,181,-2078,977,17,-45,213,-10,30,60,0,0,0,0,0,0,0,0,0,0,0,0,0,0,0,0,0,0,0,0,0,0,96738
1,1,1,1,98,-2084,1013,-85,-71,179,-10,31,62,0,0,0,0,0,0,0,0,0,0,0,0,0,0,0,0,0,0,0,0,0,0,96748
1,1,1,1,34,-2106,1003,-111,-86,127,-11,32,60,0,0,0,0,0,0,0,0,0,0,0,0,0,0,0,0,0,0,0,0,0,0,96758
1,1,1,1,-14,-2105,978,-183,-94,84,-13,31,64,0,0,0,0,0,0,0,0,0,0,0,0,0,0,0,0,0,0,0,0,0,0,96768
1,1,1,1,-68,-2064,941,-216,-81,53,-13,32,67,0,0,0,0,0,0,0,0,0,0,0,0,0,0,0,0,0,0,0,0,0,0,96778
1,1,1,1,-32,-2028,909,-164,-42,-10,-14,31,67,0,0,0,0,0,0,0,0,0,0,0,0,0,0,0,0,0,0,0,0,0,0,96788
1,1,1,1,10,-2000,916,-83,30,-151,-15,30,67,0,0,0,0,0,0,0,0,0,0,0,0,0,0,0,0,0,0,0,0,0,0,96808
1,1,1,1,100,-1967,963,-107,70,-150,-13,31,68,0,0,0,0,0,0,0,0,0,0,0,0,0,0,0,0,0,0,0,0,0,0,96818
1,1,1,1,170,-1959,1019,-104,69,-163,-14,32,67,0,0,0,0,0,0,0,0,0,0,0,0,0,0,0,0,0,0,0,0,0,0,96828
1,1,1,1,246,-1944,1045,-116,56,-146,-16,31,67,0,0,0,0,0,0,0,0,0,0,0,0,0,0,0,0,0,0,0,0,0,0,96838
1,1,1,1,289,-1949,1040,-172,49,-103,-20,31,69,0,0,0,0,0,0,0,0,0,0,0,0,0,0,0,0,0,0,0,0,0,0,96848
1,1,1,1,355,-1956,1006,-264,55,-55,-23,32,70,0,0,0,0,0,0,0,0,0,0,0,0,0,0,0,0,0,0,0,0,0,0,96858
1,1,1,1,425,-1979,950,-362,66,-12,-25,32,70,0,0,0,0,0,0,0,0,0,0,0,0,0,0,0,0,0,0,0,0,0,0,96868
1,1,1,1,464,-1992,866,-437,99,22,-24,31,73,0,0,0,0,0,0,0,0,0,0,0,0,0,0,0,0,0,0,0,0,0,0,96878
1,1,1,1,497,-1990,783,-424,129,21,-25,31,76,0,0,0,0,0,0,0,0,0,0,0,0,0,0,0,0,0,0,0,0,0,0,96888
1,1,1,1,531,-1993,714,-338,140,7,-25,32,79,0,0,0,0,0,0,0,0,0,0,0,0,0,0,0,0,0,0,0,0,0,0,96898
1,1,1,1,532,-2020,656,-235,129,-27,-23,31,77,0,0,0,0,0,0,0,0,0,0,0,0,0,0,0,0,0,0,0,0,0,0,96908
1,1,1,1,581,-2009,628,-93,106,-42,-22,31,79,0,0,0,0,0,0,0,0,0,0,0,0,0,0,0,0,0,0,0,0,0,0,96918
1,1,1,1,630,-2015,608,37,70,-53,-22,31,78,0,0,0,0,0,0,0,0,0,0,0,0,0,0,0,0,0,0,0,0,0,0,96928
1,1,1,1,642,-2001,610,164,21,-67,-21,31,74,0,0,0,0,0,0,0,0,0,0,0,0,0,0,0,0,0,0,0,0,0,0,96938
1,1,1,1,622,-2051,626,227,-6,-80,-25,37,75,0,0,0,0,0,0,0,0,0,0,0,0,0,0,0,0,0,0,0,0,0,0,96948
1,1,1,1,608,-2083,677,176,-23,-68,-21,35,71,0,0,0,0,0,0,0,0,0,0,0,0,0,0,0,0,0,0,0,0,0,0,96958
1,1,1,1,578,-2051,724,80,-52,-27,-20,34,69,0,0,0,0,0,0,0,0,0,0,0,0,0,0,0,0,0,0,0,0,0,0,96968
1,1,1,1,537,-1982,778,74,-101,1,-18,33,68,0,0,0,0,0,0,0,0,0,0,0,0,0,0,0,0,0,0,0,0,0,0,96978
1,1,1,1,502,-1940,824,124,-171,12,-16,33,62,0,0,0,0,0,0,0,0,0,0,0,0,0,0,0,0,0,0,0,0,0,0,96988
1,1,1,1,463,-1946,846,161,-209,24,-16,32,64,0,0,0,0,0,0,0,0,0,0,0,0,0,0,0,0,0,0,0,0,0,0,96998
1,1,1,1,450,-1918,861,157,-250,52,-13,32,64,0,0,0,0,0,0,0,0,0,0,0,0,0,0,0,0,0,0,0,0,0,0,97008
1,1,1,1,379,-1895,855,172,-233,83,-13,32,63,0,0,0,0,0,0,0,0,0,0,0,0,0,0,0,0,0,0,0,0,0,0,97018
1,1,1,1,234,-1906,851,197,-181,111,-10,32,61,0,0,0,0,0,0,0,0,0,0,0,0,0,0,0,0,0,0,0,0,0,0,97028
1,1,1,1,106,-1956,887,225,-118,117,-8,31,62,0,0,0,0,0,0,0,0,0,0,0,0,0,0,0,0,0,0,0,0,0,0,97038
1,1,1,1,26,-2030,936,240,-74,96,-7,31,59,0,0,0,0,0,0,0,0,0,0,0,0,0,0,0,0,0,0,0,0,0,0,97048
1,1,1,1,-5,-2105,996,207,-59,55,-7,31,59,0,0,0,0,0,0,0,0,0,0,0,0,0,0,0,0,0,0,0,0,0,0,97058
1,1,1,1,-14,-2177,1035,123,-68,11,-7,31,59,0,0,0,0,0,0,0,0,0,0,0,0,0,0,0,0,0,0,0,0,0,0,97068
1,1,1,1,24,-2211,1033,-19,-77,-45,-8,28,59,0,0,0,0,0,0,0,0,0,0,0,0,0,0,0,0,0,0,0,0,0,0,97078
1,1,1,1,60,-2158,967,-207,-27,-75,-9,30,61,0,0,0,0,0,0,0,0,0,0,0,0,0,0,0,0,0,0,0,0,0,0,97088
1,1,1,1,81,-2055,936,-294,29,-115,-10,31,61,0,0,0,0,0,0,0,0,0,0,0,0,0,0,0,0,0,0,0,0,0,0,97098
1,1,1,1,210,-1944,935,-269,44,-138,-10,31,65,0,0,0,0,0,0,0,0,0,0,0,0,0,0,0,0,0,0,0,0,0,0,97108
1,1,1,1,326,-1898,908,-168,25,-159,-12,32,63,0,0,0,0,0,0,0,0,0,0,0,0,0,0,0,0,0,0,0,0,0,0,97118
1,1,1,1,396,-1908,870,-42,16,-174,-12,31,65,0,0,0,0,0,0,0,0,0,0,0,0,0,0,0,0,0,0,0,0,0,0,97128
1,1,1,1,429,-1940,837,1,27,-154,-12,31,63,0,0,0,0,0,0,0,0,0,0,0,0,0,0,0,0,0,0,0,0,0,0,97138
1,1,1,1,432,-1952,829,17,41,-117,-13,30,62,0,0,0,0,0,0,0,0,0,0,0,0,0,0,0,0,0,0,0,0,0,0,97148
1,1,1,1,424,-1982,844,26,74,-88,-15,30,64,0,0,0,0,0,0,0,0,0,0,0,0,0,0,0,0,0,0,0,0,0,0,97158
1,1,1,1,441,-2050,885,-45,88,-39,-17,31,66,0,0,0,0,0,0,0,0,0,0,0,0,0,0,0,0,0,0,0,0,0,0,97168
1,1,1,1,455,-2130,894,-174,97,-10,-18,30,66,0,0,0,0,0,0,0,0,0,0,0,0,0,0,0,0,0,0,0,0,0,0,97178
1,1,1,1,466,-2145,893,-310,69,5,-18,31,69,0,0,0,0,0,0,0,0,0,0,0,0,0,0,0,0,0,0,0,0,0,0,97188
1,1,1,1,484,-2093,847,-341,66,13,-16,31,68,0,0,0,0,0,0,0,0,0,0,0,0,0,0,0,0,0,0,0,0,0,0,97198
1,1,1,1,533,-2032,786,-288,55,14,-18,31,67,0,0,0,0,0,0,0,0,0,0,0,0,0,0,0,0,0,0,0,0,0,0,97208
1,1,1,1,627,-2051,736,-193,48,16,-18,31,71,0,0,0,0,0,0,0,0,0,0,0,0,0,0,0,0,0,0,0,0,0,0,97218
1,1,1,1,660,-2090,705,-166,56,9,-16,31,70,0,0,0,0,0,0,0,0,0,0,0,0,0,0,0,0,0,0,0,0,0,0,97228
1,1,1,1,703,-2096,688,-124,57,-22,-18,31,70,0,0,0,0,0,0,0,0,0,0,0,0,0,0,0,0,0,0,0,0,0,0,97238
1,1,1,1,703,-2096,688,-75,33,-42,-17,31,66,0,0,0,0,0,0,0,0,0,0,0,0,0,0,0,0,0,0,0,0,0,0,97248
1,1,1,1,763,-1996,704,-69,-27,-11,-19,36,66,0,0,0,0,0,0,0,0,0,0,0,0,0,0,0,0,0,0,0,0,0,0,97258
1,1,1,1,746,-1964,707,-88,-91,60,-17,32,64,0,0,0,0,0,0,0,0,0,0,0,0,0,0,0,0,0,0,0,0,0,0,97268
1,1,1,1,655,-1926,723,-70,-148,120,-16,34,62,0,0,0,0,0,0,0,0,0,0,0,0,0,0,0,0,0,0,0,0,0,0,97278
1,1,1,1,532,-1928,712,-27,-198,171,-11,28,59,0,0,0,0,0,0,0,0,0,0,0,0,0,0,0,0,0,0,0,0,0,0,97288
1,1,1,1,382,-1954,661,26,-209,194,-11,31,58,0,0,0,0,0,0,0,0,0,0,0,0,0,0,0,0,0,0,0,0,0,0,97298
1,1,1,1,201,-1963,640,111,-163,198,-11,31,61,0,0,0,0,0,0,0,0,0,0,0,0,0,0,0,0,0,0,0,0,0,0,97308
1,1,1,1,125,-1977,674,173,-115,165,-7,28,57,0,0,0,0,0,0,0,0,0,0,0,0,0,0,0,0,0,0,0,0,0,0,97318
1,1,1,1,42,-2033,786,253,-84,93,-6,30,58,0,0,0,0,0,0,0,0,0,0,0,0,0,0,0,0,0,0,0,0,0,0,97328
1,1,1,1,-64,-2034,946,291,-101,64,-6,32,57,0,0,0,0,0,0,0,0,0,0,0,0,0,0,0,0,0,0,0,0,0,0,97338
1,1,1,1,-124,-2064,1026,282,-98,7,-5,30,61,0,0,0,0,0,0,0,0,0,0,0,0,0,0,0,0,0,0,0,0,0,0,97348
1,1,1,1,-106,-2189,1044,177,-59,-52,-9,30,59,0,0,0,0,0,0,0,0,0,0,0,0,0,0,0,0,0,0,0,0,0,0,97358
1,1,1,1,-114,-2257,1033,-99,29,-103,-9,29,59,0,0,0,0,0,0,0,0,0,0,0,0,0,0,0,0,0,0,0,0,0,0,97368
1,1,1,1,-84,-2174,1066,-323,82,-123,-11,30,61,0,0,0,0,0,0,0,0,0,0,0,0,0,0,0,0,0,0,0,0,0,0,97378
1,1,1,1,14,-2069,1075,-382,95,-164,-12,31,61,0,0,0,0,0,0,0,0,0,0,0,0,0,0,0,0,0,0,0,0,0,0,97388
1,1,1,1,133,-1994,1067,-363,73,-182,-12,30,64,0,0,0,0,0,0,0,0,0,0,0,0,0,0,0,0,0,0,0,0,0,0,97398
1,1,1,1,288,-1970,1053,-318,36,-177,-14,30,63,0,0,0,0,0,0,0,0,0,0,0,0,0,0,0,0,0,0,0,0,0,0,97408
1,1,1,1,421,-1966,973,-344,49,-140,-16,30,66,0,0,0,0,0,0,0,0,0,0,0,0,0,0,0,0,0,0,0,0,0,0,97418
1,1,1,1,505,-1973,844,-384,98,-105,-19,28,64,0,0,0,0,0,0,0,0,0,0,0,0,0,0,0,0,0,0,0,0,0,0,97428
1,1,1,1,592,-1935,727,-418,186,-41,-19,29,68,0,0,0,0,0,0,0,0,0,0,0,0,0,0,0,0,0,0,0,0,0,0,97438
1,1,1,1,624,-1946,638,-338,258,-39,-18,29,69,0,0,0,0,0,0,0,0,0,0,0,0,0,0,0,0,0,0,0,0,0,0,97448
1,1,1,1,671,-1988,629,-146,268,-66,-20,29,71,0,0,0,0,0,0,0,0,0,0,0,0,0,0,0,0,0,0,0,0,0,0,97458
1,1,1,1,768,-2044,636,-65,220,-58,-20,29,68,0,0,0,0,0,0,0,0,0,0,0,0,0,0,0,0,0,0,0,0,0,0,97468
1,1,1,1,757,-2090,605,6,159,-59,-20,30,70,0,0,0,0,0,0,0,0,0,0,0,0,0,0,0,0,0,0,0,0,0,0,97478
1,1,1,1,717,-2117,554,69,124,-67,-17,30,71,0,0,0,0,0,0,0,0,0,0,0,0,0,0,0,0,0,0,0,0,0,0,97488
1,1,1,1,670,-2129,528,125,87,-93,-17,30,69,0,0,0,0,0,0,0,0,0,0,0,0,0,0,0,0,0,0,0,0,0,0,97498
1,1,1,1,694,-2119,560,125,48,-86,-17,31,65,0,0,0,0,0,0,0,0,0,0,0,0,0,0,0,0,0,0,0,0,0,0,97508
1,1,1,1,678,-2068,628,90,-13,-51,-14,31,65,0,0,0,0,0,0,0,0,0,0,0,0,0,0,0,0,0,0,0,0,0,0,97518
1,1,1,1,661,-1972,696,81,-77,15,-13,30,61,0,0,0,0,0,0,0,0,0,0,0,0,0,0,0,0,0,0,0,0,0,0,97528
1,1,1,1,610,-1903,742,151,-138,53,-10,31,59,0,0,0,0,0,0,0,0,0,0,0,0,0,0,0,0,0,0,0,0,0,0,97538
1,1,1,1,550,-1880,774,240,-185,85,-12,31,58,0,0,0,0,0,0,0,0,0,0,0,0,0,0,0,0,0,0,0,0,0,0,97548
1,1,1,1,474,-1893,779,277,-203,131,-11,31,57,0,0,0,0,0,0,0,0,0,0,0,0,0,0,0,0,0,0,0,0,0,0,97558
1,1,1,1,343,-1938,746,296,-169,140,-8,30,54,0,0,0,0,0,0,0,0,0,0,0,0,0,0,0,0,0,0,0,0,0,0,97568
1,1,1,1,221,-1974,749,350,-107,123,-9,32,54,0,0,0,0,0,0,0,0,0,0,0,0,0,0,0,0,0,0,0,0,0,0,97578
1,1,1,1,147,-2035,801,335,-60,98,-7,30,54,0,0,0,0,0,0,0,0,0,0,0,0,0,0,0,0,0,0,0,0,0,0,97588
1,1,1,1,69,-2114,880,292,-47,41,-7,30,54,0,0,0,0,0,0,0,0,0,0,0,0,0,0,0,0,0,0,0,0,0,0,97598
1,1,1,1,-56,-2139,985,227,-80,13,-8,30,54,0,0,0,0,0,0,0,0,0,0,0,0,0,0,0,0,0,0,0,0,0,0,97608
1,1,1,1,-143,-2160,1030,142,-107,-22,-8,32,54,0,0,0,0,0,0,0,0,0,0,0,0,0,0,0,0,0,0,0,0,0,0,97618
1,1,1,1,-130,-2218,1039,32,-105,-95,-8,29,57,0,0,0,0,0,0,0,0,0,0,0,0,0,0,0,0,0,0,0,0,0,0,97628
1,1,1,1,-114,-2239,969,-136,-41,-167,-9,26,60,0,0,0,0,0,0,0,0,0,0,0,0,0,0,0,0,0,0,0,0,0,0,97638
1,1,1,1,-91,-2144,942,-251,12,-189,-9,29,60,0,0,0,0,0,0,0,0,0,0,0,0,0,0,0,0,0,0,0,0,0,0,97648
1,1,1,1,39,-1999,973,-230,27,-198,-10,29,58,0,0,0,0,0,0,0,0,0,0,0,0,0,0,0,0,0,0,0,0,0,0,97658
1,1,1,1,188,-1943,984,-102,7,-242,-8,28,60,0,0,0,0,0,0,0,0,0,0,0,0,0,0,0,0,0,0,0,0,0,0,97668
1,1,1,1,313,-1942,999,-26,-7,-250,-13,29,59,0,0,0,0,0,0,0,0,0,0,0,0,0,0,0,0,0,0,0,0,0,0,97678
1,1,1,1,447,-1940,973,-80,30,-186,-14,28,60,0,0,0,0,0,0,0,0,0,0,0,0,0,0,0,0,0,0,0,0,0,0,97688
1,1,1,1,548,-1955,926,-158,96,-129,-15,27,58,0,0,0,0,0,0,0,0,0,0,0,0,0,0,0,0,0,0,0,0,0,0,97698
1,1,1,1,660,-1973,877,-223,160,-71,-18,28,59,0,0,0,0,0,0,0,0,0,0,0,0,0,0,0,0,0,0,0,0,0,0,97708
1,1,1,1,696,-2030,807,-298,200,-53,-18,28,64,0,0,0,0,0,0,0,0,0,0,0,0,0,0,0,0,0,0,0,0,0,0,97718
1,1,1,1,685,-2087,749,-335,193,-60,-20,28,65,0,0,0,0,0,0,0,0,0,0,0,0,0,0,0,0,0,0,0,0,0,0,97728
1,1,1,1,665,-2116,710,-361,170,-37,-20,29,66,0,0,0,0,0,0,0,0,0,0,0,0,0,0,0,0,0,0,0,0,0,0,97738
1,1,1,1,636,-2125,670,-338,125,-26,-21,29,64,0,0,0,0,0,0,0,0,0,0,0,0,0,0,0,0,0,0,0,0,0,0,97748
1,1,1,1,628,-2108,638,-287,60,-4,-23,29,64,0,0,0,0,0,0,0,0,0,0,0,0,0,0,0,0,0,0,0,0,0,0,97758
1,1,1,1,633,-2090,592,-214,24,21,-20,29,68,0,0,0,0,0,0,0,0,0,0,0,0,0,0,0,0,0,0,0,0,0,0,97768
1,1,1,1,619,-2094,555,-98,-2,4,-17,28,68,0,0,0,0,0,0,0,0,0,0,0,0,0,0,0,0,0,0,0,0,0,0,97778
1,1,1,1,658,-2111,558,2,-26,-37,-16,29,64,0,0,0,0,0,0,0,0,0,0,0,0,0,0,0,0,0,0,0,0,0,0,97788
1,1,1,1,697,-2095,600,25,-48,-48,-15,28,61,0,0,0,0,0,0,0,0,0,0,0,0,0,0,0,0,0,0,0,0,0,0,97798
1,1,1,1,717,-2034,650,20,-77,-40,-13,29,58,0,0,0,0,0,0,0,0,0,0,0,0,0,0,0,0,0,0,0,0,0,0,97808
1,1,1,1,717,-1984,728,-8,-124,9,-14,29,55,0,0,0,0,0,0,0,0,0,0,0,0,0,0,0,0,0,0,0,0,0,0,97818
1,1,1,1,667,-1967,788,-57,-178,78,-13,30,53,0,0,0,0,0,0,0,0,0,0,0,0,0,0,0,0,0,0,0,0,0,0,97828
1,1,1,1,547,-1960,793,-73,-222,120,-14,31,50,0,0,0,0,0,0,0,0,0,0,0,0,0,0,0,0,0,0,0,0,0,0,97838
1,1,1,1,414,-1973,750,-65,-219,158,-14,29,50,0,0,0,0,0,0,0,0,0,0,0,0,0,0,0,0,0,0,0,0,0,0,97848
1,1,1,1,316,-1972,712,-48,-190,186,-10,29,50,0,0,0,0,0,0,0,0,0,0,0,0,0,0,0,0,0,0,0,0,0,0,97858
1,1,1,1,172,-1982,711,54,-144,172,-10,29,51,0,0,0,0,0,0,0,0,0,0,0,0,0,0,0,0,0,0,0,0,0,0,97868
1,1,1,1,44,-2048,741,192,-99,125,-13,33,57,0,0,0,0,0,0,0,0,0,0,0,0,0,0,0,0,0,0,0,0,0,0,97878
1,1,1,1,37,-2137,815,193,-91,78,-10,30,52,0,0,0,0,0,0,0,0,0,0,0,0,0,0,0,0,0,0,0,0,0,0,97888
1,1,1,1,-14,-2177,923,145,-108,41,-8,25,48,0,0,0,0,0,0,0,0,0,0,0,0,0,0,0,0,0,0,0,0,0,0,97898
1,1,1,1,16,-2202,976,43,-113,-1,-11,31,51,0,0,0,0,0,0,0,0,0,0,0,0,0,0,0,0,0,0,0,0,0,0,97908
1,1,1,1,24,-2207,950,-109,-49,-61,-12,27,53,0,0,0,0,0,0,0,0,0,0,0,0,0,0,0,0,0,0,0,0,0,0,97918
1,1,1,1,9,-2158,963,-243,12,-94,-12,27,54,0,0,0,0,0,0,0,0,0,0,0,0,0,0,0,0,0,0,0,0,0,0,97928
1,1,1,1,112,-2059,984,-326,48,-86,-14,30,57,0,0,0,0,0,0,0,0,0,0,0,0,0,0,0,0,0,0,0,0,0,0,97938
1,1,1,1,218,-2001,993,-314,45,-98,-13,27,56,0,0,0,0,0,0,0,0,0,0,0,0,0,0,0,0,0,0,0,0,0,0,97948
1,1,1,1,298,-1967,954,-270,35,-96,-14,28,58,0,0,0,0,0,0,0,0,0,0,0,0,0,0,0,0,0,0,0,0,0,0,97958
1,1,1,1,397,-1990,864,-257,59,-64,-20,27,62,0,0,0,0,0,0,0,0,0,0,0,0,0,0,0,0,0,0,0,0,0,0,97968
1,1,1,1,449,-2024,748,-290,109,-20,-21,28,67,0,0,0,0,0,0,0,0,0,0,0,0,0,0,0,0,0,0,0,0,0,0,97978
1,1,1,1,492,-2031,668,-278,154,16,-23,28,66,0,0,0,0,0,0,0,0,0,0,0,0,0,0,0,0,0,0,0,0,0,0,97988
1,1,1,1,562,-2046,616,-209,163,24,-24,28,68,0,0,0,0,0,0,0,0,0,0,0,0,0,0,0,0,0,0,0,0,0,0,97998
1,1,1,1,575,-2096,598,-82,140,-8,-21,28,65,0,0,0,0,0,0,0,0,0,0,0,0,0,0,0,0,0,0,0,0,0,0,98008
1,1,1,1,626,-2175,629,-8,95,-46,-21,29,64,0,0,0,0,0,0,0,0,0,0,0,0,0,0,0,0,0,0,0,0,0,0,98018
1,1,1,1,607,-2213,677,-77,48,-46,-21,28,63,0,0,0,0,0,0,0,0,0,0,0,0,0,0,0,0,0,0,0,0,0,0,98028
1,1,1,1,646,-2167,707,-180,34,13,-21,28,60,0,0,0,0,0,0,0,0,0,0,0,0,0,0,0,0,0,0,0,0,0,0,98038
1,1,1,1,697,-2095,713,-282,19,81,-22,28,60,0,0,0,0,0,0,0,0,0,0,0,0,0,0,0,0,0,0,0,0,0,0,98048
1,1,1,1,662,-2051,672,-280,30,80,-20,28,61,0,0,0,0,0,0,0,0,0,0,0,0,0,0,0,0,0,0,0,0,0,0,98058
1,1,1,1,643,-2068,657,-191,25,30,-19,28,61,0,0,0,0,0,0,0,0,0,0,0,0,0,0,0,0,0,0,0,0,0,0,98068
1,1,1,1,671,-2118,649,-175,15,5,-18,28,57,0,0,0,0,0,0,0,0,0,0,0,0,0,0,0,0,0,0,0,0,0,0,98078
1,1,1,1,648,-2104,656,-173,-23,-1,-15,28,59,0,0,0,0,0,0,0,0,0,0,0,0,0,0,0,0,0,0,0,0,0,0,98088
1,1,1,1,646,-2064,659,-172,-90,27,-16,28,58,0,0,0,0,0,0,0,0,0,0,0,0,0,0,0,0,0,0,0,0,0,0,98098
1,1,1,1,579,-2042,634,-175,-135,53,-14,29,58,0,0,0,0,0,0,0,0,0,0,0,0,0,0,0,0,0,0,0,0,0,0,98108
1,1,1,1,468,-2037,599,-149,-133,58,-12,28,55,0,0,0,0,0,0,0,0,0,0,0,0,0,0,0,0,0,0,0,0,0,0,98118
1,1,1,1,428,-2022,565,-163,-90,111,-11,29,55,0,0,0,0,0,0,0,0,0,0,0,0,0,0,0,0,0,0,0,0,0,0,98128
1,1,1,1,377,-1998,596,-124,-49,148,-11,27,53,0,0,0,0,0,0,0,0,0,0,0,0,0,0,0,0,0,0,0,0,0,0,98138
1,1,1,1,276,-1979,680,-49,-73,169,-9,27,55,0,0,0,0,0,0,0,0,0,0,0,0,0,0,0,0,0,0,0,0,0,0,98148
1,1,1,1,184,-2062,752,43,-82,153,-10,30,54,0,0,0,0,0,0,0,0,0,0,0,0,0,0,0,0,0,0,0,0,0,0,98158
1,1,1,1,83,-2163,800,96,-112,100,-11,29,55,0,0,0,0,0,0,0,0,0,0,0,0,0,0,0,0,0,0,0,0,0,0,98168
1,1,1,1,4,-2224,796,64,-110,41,-10,28,54,0,0,0,0,0,0,0,0,0,0,0,0,0,0,0,0,0,0,0,0,0,0,98178
1,1,1,1,-6,-2224,809,13,-79,5,-11,25,53,0,0,0,0,0,0,0,0,0,0,0,0,0,0,0,0,0,0,0,0,0,0,98188
1,1,1,1,81,-2214,803,-43,-52,-56,-14,28,58,0,0,0,0,0,0,0,0,0,0,0,0,0,0,0,0,0,0,0,0,0,0,98198
1,1,1,1,67,-2170,800,-59,-22,-116,-15,26,57,0,0,0,0,0,0,0,0,0,0,0,0,0,0,0,0,0,0,0,0,0,0,98208
1,1,1,1,133,-2111,807,-89,9,-116,-13,28,60,0,0,0,0,0,0,0,0,0,0,0,0,0,0,0,0,0,0,0,0,0,0,98218
1,1,1,1,213,-2072,822,-139,42,-76,-14,29,59,0,0,0,0,0,0,0,0,0,0,0,0,0,0,0,0,0,0,0,0,0,0,98228
1,1,1,1,308,-2069,832,-158,66,-57,-13,25,59,0,0,0,0,0,0,0,0,0,0,0,0,0,0,0,0,0,0,0,0,0,0,98238
1,1,1,1,382,-2068,783,-204,95,-33,-15,26,60,0,0,0,0,0,0,0,0,0,0,0,0,0,0,0,0,0,0,0,0,0,0,98248
1,1,1,1,424,-2056,731,-210,146,3,-18,27,62,0,0,0,0,0,0,0,0,0,0,0,0,0,0,0,0,0,0,0,0,0,0,98258
1,1,1,1,510,-2063,698,-173,170,19,-19,27,63,0,0,0,0,0,0,0,0,0,0,0,0,0,0,0,0,0,0,0,0,0,0,98268
1,1,1,1,578,-2085,652,-111,167,18,-20,28,64,0,0,0,0,0,0,0,0,0,0,0,0,0,0,0,0,0,0,0,0,0,0,98278
1,1,1,1,599,-2151,604,-71,146,-1,-22,27,66,0,0,0,0,0,0,0,0,0,0,0,0,0,0,0,0,0,0,0,0,0,0,98288
1,1,1,1,634,-2189,575,-82,124,-5,-21,27,64,0,0,0,0,0,0,0,0,0,0,0,0,0,0,0,0,0,0,0,0,0,0,98298
1,1,1,1,671,-2189,557,-95,96,-1,-21,27,63,0,0,0,0,0,0,0,0,0,0,0,0,0,0,0,0,0,0,0,0,0,0,98308
1,1,1,1,730,-2143,551,-33,42,-2,-22,27,62,0,0,0,0,0,0,0,0,0,0,0,0,0,0,0,0,0,0,0,0,0,0,98318
1,1,1,1,708,-2137,505,19,-1,-2,-19,28,64,0,0,0,0,0,0,0,0,0,0,0,0,0,0,0,0,0,0,0,0,0,0,98328
1,1,1,1,668,-2157,481,122,-28,-40,-16,27,63,0,0,0,0,0,0,0,0,0,0,0,0,0,0,0,0,0,0,0,0,0,0,98338
1,1,1,1,683,-2138,524,174,-58,-49,-14,27,61,0,0,0,0,0,0,0,0,0,0,0,0,0,0,0,0,0,0,0,0,0,0,98348
1,1,1,1,667,-2089,602,189,-125,-23,-14,27,55,0,0,0,0,0,0,0,0,0,0,0,0,0,0,0,0,0,0,0,0,0,0,98358
1,1,1,1,658,-2043,662,142,-184,58,-14,27,54,0,0,0,0,0,0,0,0,0,0,0,0,0,0,0,0,0,0,0,0,0,0,98368
1,1,1,1,552,-2044,651,65,-194,132,-16,28,55,0,0,0,0,0,0,0,0,0,0,0,0,0,0,0,0,0,0,0,0,0,0,98378
1,1,1,1,443,-2104,631,17,-169,171,-15,28,53,0,0,0,0,0,0,0,0,0,0,0,0,0,0,0,0,0,0,0,0,0,0,98388
1,1,1,1,362,-2128,622,-79,-132,204,-12,28,52,0,0,0,0,0,0,0,0,0,0,0,0,0,0,0,0,0,0,0,0,0,0,98398
1,1,1,1,362,-2128,622,-83,-111,206,-9,27,52,0,0,0,0,0,0,0,0,0,0,0,0,0,0,0,0,0,0,0,0,0,0,98408
1,1,1,1,159,-2084,711,7,-103,184,-9,28,51,0,0,0,0,0,0,0,0,0,0,0,0,0,0,0,0,0,0,0,0,0,0,98418
1,1,1,1,121,-2118,776,135,-128,118,-10,28,50,0,0,0,0,0,0,0,0,0,0,0,0,0,0,0,0,0,0,0,0,0,0,98428
1,1,1,1,39,-2149,786,209,-159,55,-12,30,52,0,0,0,0,0,0,0,0,0,0,0,0,0,0,0,0,0,0,0,0,0,0,98438
1,1,1,1,11,-2156,784,178,-114,35,-9,27,48,0,0,0,0,0,0,0,0,0,0,0,0,0,0,0,0,0,0,0,0,0,0,98448
1,1,1,1,-58,-2213,778,102,-87,25,-11,28,52,0,0,0,0,0,0,0,0,0,0,0,0,0,0,0,0,0,0,0,0,0,0,98458
1,1,1,1,0,-2271,870,-3,-59,-35,-13,29,52,0,0,0,0,0,0,0,0,0,0,0,0,0,0,0,0,0,0,0,0,0,0,98468
1,1,1,1,15,-2290,885,-161,-31,-72,-14,27,51,0,0,0,0,0,0,0,0,0,0,0,0,0,0,0,0,0,0,0,0,0,0,98478
1,1,1,1,109,-2221,875,-363,6,-44,-16,29,53,0,0,0,0,0,0,0,0,0,0,0,0,0,0,0,0,0,0,0,0,0,0,98488
1,1,1,1,232,-2092,855,-496,20,4,-12,27,51,0,0,0,0,0,0,0,0,0,0,0,0,0,0,0,0,0,0,0,0,0,0,98498
1,1,1,1,360,-2028,804,-440,39,-5,-16,21,52,0,0,0,0,0,0,0,0,0,0,0,0,0,0,0,0,0,0,0,0,0,0,98508
1,1,1,1,447,-2009,704,-446,86,20,-17,27,53,0,0,0,0,0,0,0,0,0,0,0,0,0,0,0,0,0,0,0,0,0,0,98518
1,1,1,1,522,-2014,620,-389,132,47,-13,24,52,0,0,0,0,0,0,0,0,0,0,0,0,0,0,0,0,0,0,0,0,0,0,98528
1,1,1,1,619,-2051,601,-291,123,50,-15,26,55,0,0,0,0,0,0,0,0,0,0,0,0,0,0,0,0,0,0,0,0,0,0,98538
1,1,1,1,734,-2130,583,-238,75,32,-14,24,54,0,0,0,0,0,0,0,0,0,0,0,0,0,0,0,0,0,0,0,0,0,0,98548
1,1,1,1,746,-2229,565,-267,32,21,-17,26,56,0,0,0,0,0,0,0,0,0,0,0,0,0,0,0,0,0,0,0,0,0,0,98558
1,1,1,1,715,-2274,540,-324,3,22,-15,25,57,0,0,0,0,0,0,0,0,0,0,0,0,0,0,0,0,0,0,0,0,0,0,98568
1,1,1,1,613,-2255,517,-369,-12,24,-18,26,55,0,0,0,0,0,0,0,0,0,0,0,0,0,0,0,0,0,0,0,0,0,0,98578
1,1,1,1,566,-2228,524,-399,-26,50,-16,26,55,0,0,0,0,0,0,0,0,0,0,0,0,0,0,0,0,0,0,0,0,0,0,98588
1,1,1,1,536,-2194,538,-416,-56,80,-15,25,50,0,0,0,0,0,0,0,0,0,0,0,0,0,0,0,0,0,0,0,0,0,0,98598
1,1,1,1,260,-2098,450,-463,-9,174,-13,26,43,0,0,0,0,0,0,0,0,0,0,0,0,0,0,0,0,0,0,0,0,0,0,98618
1,1,1,1,373,-2255,592,-336,-22,179,-11,26,42,0,0,0,0,0,0,0,0,0,0,0,0,0,0,0,0,0,0,0,0,0,0,98628
1,1,1,1,387,-2237,802,-528,-96,179,-14,25,39,0,0,0,0,0,0,0,0,0,0,0,0,0,0,0,0,0,0,0,0,0,0,98638
1,1,1,1,335,-2398,702,-756,-71,192,-16,26,40,0,0,0,0,0,0,0,0,0,0,0,0,0,0,0,0,0,0,0,0,0,0,98648
1,1,1,1,276,-2448,695,-1245,-35,247,-18,25,38,0,0,0,0,0,0,0,0,0,0,0,0,0,0,0,0,0,0,0,0,0,0,98658
1,1,1,1,331,-2377,704,-1505,-16,259,-16,25,35,0,0,0,0,0,0,0,0,0,0,0,0,0,0,0,0,0,0,0,0,0,0,98668
1,1,1,1,339,-2340,684,-1717,-8,281,-16,25,38,0,0,0,0,0,0,0,0,0,0,0,0,0,0,0,0,0,0,0,0,0,0,98678
1,1,1,1,311,-2228,570,-1822,-34,276,-14,24,38,0,0,0,0,0,0,0,0,0,0,0,0,0,0,0,0,0,0,0,0,0,0,98688
1,1,1,1,266,-2054,473,-1704,-27,269,-13,24,38,0,0,0,0,0,0,0,0,0,0,0,0,0,0,0,0,0,0,0,0,0,0,98698
1,1,1,1,270,-2035,365,-1500,-9,255,-13,24,39,0,0,0,0,0,0,0,0,0,0,0,0,0,0,0,0,0,0,0,0,0,0,98708
1,1,1,1,287,-2130,270,-1272,-19,230,-12,23,39,0,0,0,0,0,0,0,0,0,0,0,0,0,0,0,0,0,0,0,0,0,0,98718
1,1,1,1,322,-2232,263,-1229,-57,222,-12,24,39,0,0,0,0,0,0,0,0,0,0,0,0,0,0,0,0,0,0,0,0,0,0,98728
1,1,1,1,347,-2315,252,-1295,-98,221,-10,23,38,0,0,0,0,0,0,0,0,0,0,0,0,0,0,0,0,0,0,0,0,0,0,98738
1,1,1,1,320,-2276,138,-1214,-103,213,-13,23,32,0,0,0,0,0,0,0,0,0,0,0,0,0,0,0,0,0,0,0,0,0,0,98748
1,1,1,1,425,-2244,166,-1169,-112,197,-13,23,31,0,0,0,0,0,0,0,0,0,0,0,0,0,0,0,0,0,0,0,0,0,0,98758
1,1,1,1,449,-2310,297,-1159,-171,128,-13,23,33,0,0,0,0,0,0,0,0,0,0,0,0,0,0,0,0,0,0,0,0,0,0,98768
1,1,1,1,377,-2290,207,-1085,-180,100,-12,22,34,0,0,0,0,0,0,0,0,0,0,0,0,0,0,0,0,0,0,0,0,0,0,98778
1,1,1,1,360,-2317,181,-1110,-155,85,-11,21,30,0,0,0,0,0,0,0,0,0,0,0,0,0,0,0,0,0,0,0,0,0,0,98788
1,1,1,1,357,-2356,180,-1100,-136,67,-12,19,28,0,0,0,0,0,0,0,0,0,0,0,0,0,0,0,0,0,0,0,0,0,0,98798
1,1,1,1,357,-2342,157,-1027,-136,42,-12,23,30,0,0,0,0,0,0,0,0,0,0,0,0,0,0,0,0,0,0,0,0,0,0,98808
1,1,1,1,349,-2361,115,-950,-139,19,-9,20,29,0,0,0,0,0,0,0,0,0,0,0,0,0,0,0,0,0,0,0,0,0,0,98818
1,1,1,1,318,-2447,94,-997,-163,23,-8,22,27,0,0,0,0,0,0,0,0,0,0,0,0,0,0,0,0,0,0,0,0,0,0,98828
1,1,1,1,300,-2505,81,-1136,-190,48,-8,21,24,0,0,0,0,0,0,0,0,0,0,0,0,0,0,0,0,0,0,0,0,0,0,98838
1,1,1,1,269,-2479,88,-1267,-207,82,-7,21,23,0,0,0,0,0,0,0,0,0,0,0,0,0,0,0,0,0,0,0,0,0,0,98848
1,1,1,1,252,-2459,102,-1352,-226,114,-6,21,22,0,0,0,0,0,0,0,0,0,0,0,0,0,0,0,0,0,0,0,0,0,0,98858
1,1,1,1,275,-2489,74,-1410,-222,127,-9,21,23,0,0,0,0,0,0,0,0,0,0,0,0,0,0,0,0,0,0,0,0,0,0,98868
1,1,1,1,263,-2547,84,-1539,-204,127,-11,19,23,0,0,0,0,0,0,0,0,0,0,0,0,0,0,0,0,0,0,0,0,0,0,98878
1,1,1,1,228,-2522,73,-1685,-184,98,-11,19,23,0,0,0,0,0,0,0,0,0,0,0,0,0,0,0,0,0,0,0,0,0,0,98888
1,1,1,1,239,-2462,-14,-1729,-158,92,-11,19,22,0,0,0,0,0,0,0,0,0,0,0,0,0,0,0,0,0,0,0,0,0,0,98898
1,1,1,1,226,-2407,-93,-1712,-105,98,-10,19,23,0,0,0,0,0,0,0,0,0,0,0,0,0,0,0,0,0,0,0,0,0,0,98908
1,1,1,1,279,-2375,-187,-1632,-75,96,-6,19,26,0,0,0,0,0,0,0,0,0,0,0,0,0,0,0,0,0,0,0,0,0,0,98918
1,1,1,1,291,-2414,-228,-1495,-77,75,-9,19,27,0,0,0,0,0,0,0,0,0,0,0,0,0,0,0,0,0,0,0,0,0,0,98928
1,1,1,1,224,-2494,-268,-1535,-95,63,-11,19,24,0,0,0,0,0,0,0,0,0,0,0,0,0,0,0,0,0,0,0,0,0,0,98938
1,1,1,1,155,-2588,-294,-1755,-112,60,-13,20,21,0,0,0,0,0,0,0,0,0,0,0,0,0,0,0,0,0,0,0,0,0,0,98948
1,1,1,1,384,-2659,-229,-2138,-163,112,-14,19,24,0,0,0,0,0,0,0,0,0,0,0,0,0,0,0,0,0,0,0,0,0,0,98958
1,1,1,1,451,-2607,-292,-2253,-171,148,-9,20,24,0,0,0,0,0,0,0,0,0,0,0,0,0,0,0,0,0,0,0,0,0,0,98968
1,1,1,1,270,-2370,-402,-1890,-164,135,-8,18,25,0,0,0,0,0,0,0,0,0,0,0,0,0,0,0,0,0,0,0,0,0,0,98978
1,1,1,1,244,-2243,-443,-1465,-107,110,-2,18,27,0,0,0,0,0,0,0,0,0,0,0,0,0,0,0,0,0,0,0,0,0,0,98988
1,1,1,1,313,-2119,-528,-717,10,99,-2,19,22,0,0,0,0,0,0,0,0,0,0,0,0,0,0,0,0,0,0,0,0,0,0,98998
1,1,1,1,413,-2288,-528,-299,63,66,-4,18,25,0,0,0,0,0,0,0,0,0,0,0,0,0,0,0,0,0,0,0,0,0,0,99008
1,1,1,1,447,-2649,-521,-570,-31,46,-11,19,25,0,0,0,0,0,0,0,0,0,0,0,0,0,0,0,0,0,0,0,0,0,0,99028
1,1,1,1,446,-2791,-510,-1027,-62,121,-16,20,23,0,0,0,0,0,0,0,0,0,0,0,0,0,0,0,0,0,0,0,0,0,0,99038
1,1,1,1,388,-2821,-481,-1645,-120,195,-15,19,20,0,0,0,0,0,0,0,0,0,0,0,0,0,0,0,0,0,0,0,0,0,0,99048
1,1,1,1,296,-2701,-529,-2089,-142,227,-14,17,18,0,0,0,0,0,0,0,0,0,0,0,0,0,0,0,0,0,0,0,0,0,0,99058
1,1,1,1,173,-2641,-591,-2460,-137,219,-18,20,21,0,0,0,0,0,0,0,0,0,0,0,0,0,0,0,0,0,0,0,0,0,0,99068
1,1,1,1,102,-2579,-686,-2975,-164,251,-23,22,24,0,0,0,0,0,0,0,0,0,0,0,0,0,0,0,0,0,0,0,0,0,0,99078
1,1,1,1,152,-2514,-808,-3404,-195,271,-21,21,22,0,0,0,0,0,0,0,0,0,0,0,0,0,0,0,0,0,0,0,0,0,0,99088
1,1,1,1,221,-2396,-885,-3528,-229,274,-18,19,24,0,0,0,0,0,0,0,0,0,0,0,0,0,0,0,0,0,0,0,0,0,0,99098
1,1,1,1,216,-2196,-988,-3098,-229,255,-12,21,23,0,0,0,0,0,0,0,0,0,0,0,0,0,0,0,0,0,0,0,0,0,0,99108
1,1,1,1,221,-2134,-946,-2504,-193,215,-18,17,21,0,0,0,0,0,0,0,0,0,0,0,0,0,0,0,0,0,0,0,0,0,0,99118
1,1,1,1,156,-2495,-964,-2603,-215,180,-6,16,22,0,0,0,0,0,0,0,0,0,0,0,0,0,0,0,0,0,0,0,0,0,0,99128
1,1,1,1,-120,-2332,-1181,-2172,-210,148,-15,19,19,0,0,0,0,0,0,0,0,0,0,0,0,0,0,0,0,0,0,0,0,0,0,99138
1,1,1,1,443,-2553,-1088,-2409,-262,224,3,16,26,0,0,0,0,0,0,0,0,0,0,0,0,0,0,0,0,0,0,0,0,0,0,99148
1,1,1,1,322,-2073,-1153,-1357,-212,116,-1,13,17,0,0,0,0,0,0,0,0,0,0,0,0,0,0,0,0,0,0,0,0,0,0,99158
1,1,1,1,347,-2084,-1035,-888,-141,223,-7,16,23,0,0,0,0,0,0,0,0,0,0,0,0,0,0,0,0,0,0,0,0,0,0,99168
1,1,1,1,441,-2266,-937,-881,39,259,-7,16,23,0,0,0,0,0,0,0,0,0,0,0,0,0,0,0,0,0,0,0,0,0,0,99178
1,1,1,1,325,-2216,-1096,-858,33,145,-8,16,24,0,0,0,0,0,0,0,0,0,0,0,0,0,0,0,0,0,0,0,0,0,0,99188
1,1,1,1,164,-2234,-1432,-867,0,116,-8,15,19,0,0,0,0,0,0,0,0,0,0,0,0,0,0,0,0,0,0,0,0,0,0,99198
1,1,1,1,112,-2221,-1513,-961,-15,121,-7,16,21,0,0,0,0,0,0,0,0,0,0,0,0,0,0,0,0,0,0,0,0,0,0,99208
1,1,1,1,175,-2237,-1425,-1130,-58,82,-7,16,20,0,0,0,0,0,0,0,0,0,0,0,0,0,0,0,0,0,0,0,0,0,0,99218
1,1,1,1,234,-2257,-1347,-1205,-80,34,-5,16,18,0,0,0,0,0,0,0,0,0,0,0,0,0,0,0,0,0,0,0,0,0,0,99228
1,1,1,1,259,-2216,-1324,-1150,-90,9,-4,16,17,0,0,0,0,0,0,0,0,0,0,0,0,0,0,0,0,0,0,0,0,0,0,99238
1,1,1,1,272,-2237,-1302,-1085,-93,-7,-5,16,17,0,0,0,0,0,0,0,0,0,0,0,0,0,0,0,0,0,0,0,0,0,0,99248
1,1,1,1,256,-2306,-1325,-1084,-94,-2,-7,16,16,0,0,0,0,0,0,0,0,0,0,0,0,0,0,0,0,0,0,0,0,0,0,99258
1,1,1,1,230,-2328,-1314,-1134,-94,16,-6,15,19,0,0,0,0,0,0,0,0,0,0,0,0,0,0,0,0,0,0,0,0,0,0,99268
1,1,1,1,207,-2244,-1291,-1163,-75,26,-7,16,19,0,0,0,0,0,0,0,0,0,0,0,0,0,0,0,0,0,0,0,0,0,0,99278
1,1,1,1,240,-2105,-1359,-1022,-58,28,-5,16,18,0,0,0,0,0,0,0,0,0,0,0,0,0,0,0,0,0,0,0,0,0,0,99288
1,1,1,1,242,-2024,-1457,-740,-36,31,-5,16,19,0,0,0,0,0,0,0,0,0,0,0,0,0,0,0,0,0,0,0,0,0,0,99298
1,1,1,1,181,-2140,-1525,-592,-6,35,-3,15,22,0,0,0,0,0,0,0,0,0,0,0,0,0,0,0,0,0,0,0,0,0,0,99308
1,1,1,1,112,-2261,-1538,-626,-2,51,-4,15,20,0,0,0,0,0,0,0,0,0,0,0,0,0,0,0,0,0,0,0,0,0,0,99318
1,1,1,1,99,-2240,-1508,-761,-23,68,-3,15,20,0,0,0,0,0,0,0,0,0,0,0,0,0,0,0,0,0,0,0,0,0,0,99328
1,1,1,1,95,-2164,-1493,-869,-35,57,-4,15,18,0,0,0,0,0,0,0,0,0,0,0,0,0,0,0,0,0,0,0,0,0,0,99338
1,1,1,1,133,-2139,-1545,-844,-10,82,-4,16,20,0,0,0,0,0,0,0,0,0,0,0,0,0,0,0,0,0,0,0,0,0,0,99348
1,1,1,1,203,-2170,-1524,-794,3,103,-4,16,18,0,0,0,0,0,0,0,0,0,0,0,0,0,0,0,0,0,0,0,0,0,0,99358
1,1,1,1,209,-2115,-1507,-776,-20,82,-4,16,20,0,0,0,0,0,0,0,0,0,0,0,0,0,0,0,0,0,0,0,0,0,0,99368
1,1,1,1,199,-2055,-1511,-716,-9,49,0,14,14,0,0,0,0,0,0,0,0,0,0,0,0,0,0,0,0,0,0,0,0,0,0,99378
1,1,1,1,214,-1966,-1528,-520,1,23,-1,14,17,0,0,0,0,0,0,0,0,0,0,0,0,0,0,0,0,0,0,0,0,0,0,99388
1,1,1,1,189,-1940,-1555,-279,36,-3,-1,14,17,0,0,0,0,0,0,0,0,0,0,0,0,0,0,0,0,0,0,0,0,0,0,99398
1,1,1,1,158,-1969,-1615,-108,93,-70,-1,14,18,0,0,0,0,0,0,0,0,0,0,0,0,0,0,0,0,0,0,0,0,0,0,99408
1,1,1,1,159,-2050,-1646,-50,105,-131,-1,15,19,0,0,0,0,0,0,0,0,0,0,0,0,0,0,0,0,0,0,0,0,0,0,99418
1,1,1,1,177,-2162,-1680,-99,105,-175,-1,13,19,0,0,0,0,0,0,0,0,0,0,0,0,0,0,0,0,0,0,0,0,0,0,99428
1,1,1,1,156,-2246,-1713,-346,71,-151,-2,16,17,0,0,0,0,0,0,0,0,0,0,0,0,0,0,0,0,0,0,0,0,0,0,99438
1,1,1,1,185,-2168,-1628,-573,44,-116,0,14,16,0,0,0,0,0,0,0,0,0,0,0,0,0,0,0,0,0,0,0,0,0,0,99448
1,1,1,1,243,-2082,-1594,-553,39,-62,2,16,17,0,0,0,0,0,0,0,0,0,0,0,0,0,0,0,0,0,0,0,0,0,0,99458
1,1,1,1,244,-2044,-1586,-468,20,-22,3,15,17,0,0,0,0,0,0,0,0,0,0,0,0,0,0,0,0,0,0,0,0,0,0,99468
1,1,1,1,234,-2005,-1587,-444,-16,5,0,16,17,0,0,0,0,0,0,0,0,0,0,0,0,0,0,0,0,0,0,0,0,0,0,99478
1,1,1,1,213,-2039,-1620,-416,-56,50,-3,16,18,0,0,0,0,0,0,0,0,0,0,0,0,0,0,0,0,0,0,0,0,0,0,99488
1,1,1,1,182,-2069,-1679,-382,-52,84,-2,16,18,0,0,0,0,0,0,0,0,0,0,0,0,0,0,0,0,0,0,0,0,0,0,99498
1,1,1,1,164,-2118,-1681,-394,-51,99,-4,17,19,0,0,0,0,0,0,0,0,0,0,0,0,0,0,0,0,0,0,0,0,0,0,99508
1,1,1,1,148,-2165,-1641,-459,-64,79,-3,16,19,0,0,0,0,0,0,0,0,0,0,0,0,0,0,0,0,0,0,0,0,0,0,99518
1,1,1,1,118,-2203,-1651,-585,-83,60,-6,16,18,0,0,0,0,0,0,0,0,0,0,0,0,0,0,0,0,0,0,0,0,0,0,99528
1,1,1,1,80,-2216,-1630,-808,-114,79,-6,17,20,0,0,0,0,0,0,0,0,0,0,0,0,0,0,0,0,0,0,0,0,0,0,99538
1,1,1,1,100,-2127,-1645,-916,-108,101,-6,16,22,0,0,0,0,0,0,0,0,0,0,0,0,0,0,0,0,0,0,0,0,0,0,99548
1,1,1,1,163,-2042,-1707,-900,-125,114,-6,17,22,0,0,0,0,0,0,0,0,0,0,0,0,0,0,0,0,0,0,0,0,0,0,99558
1,1,1,1,206,-1936,-1736,-778,-131,132,-8,16,24,0,0,0,0,0,0,0,0,0,0,0,0,0,0,0,0,0,0,0,0,0,0,99568
1,1,1,1,188,-1903,-1764,-596,-117,130,-8,16,26,0,0,0,0,0,0,0,0,0,0,0,0,0,0,0,0,0,0,0,0,0,0,99578
1,1,1,1,188,-1903,-1764,-445,-91,130,-8,16,24,0,0,0,0,0,0,0,0,0,0,0,0,0,0,0,0,0,0,0,0,0,0,99588
1,1,1,1,136,-1908,-1799,-412,-50,143,-7,16,25,0,0,0,0,0,0,0,0,0,0,0,0,0,0,0,0,0,0,0,0,0,0,99598
1,1,1,1,68,-1959,-1878,-388,-19,146,-7,15,24,0,0,0,0,0,0,0,0,0,0,0,0,0,0,0,0,0,0,0,0,0,0,99608
1,1,1,1,67,-1957,-1872,-355,-14,125,-5,16,24,0,0,0,0,0,0,0,0,0,0,0,0,0,0,0,0,0,0,0,0,0,0,99618
1,1,1,1,152,-1914,-1814,-329,-35,100,-3,14,21,0,0,0,0,0,0,0,0,0,0,0,0,0,0,0,0,0,0,0,0,0,0,99628
1,1,1,1,178,-1941,-1807,-390,-59,95,-5,15,21,0,0,0,0,0,0,0,0,0,0,0,0,0,0,0,0,0,0,0,0,0,0,99638
1,1,1,1,197,-1984,-1786,-475,-79,94,-7,15,20,0,0,0,0,0,0,0,0,0,0,0,0,0,0,0,0,0,0,0,0,0,0,99648
1,1,1,1,219,-1963,-1738,-474,-91,83,-6,15,22,0,0,0,0,0,0,0,0,0,0,0,0,0,0,0,0,0,0,0,0,0,0,99658
1,1,1,1,234,-1924,-1731,-396,-85,61,-5,15,22,0,0,0,0,0,0,0,0,0,0,0,0,0,0,0,0,0,0,0,0,0,0,99668
1,1,1,1,229,-1891,-1796,-329,-84,69,-4,12,20,0,0,0,0,0,0,0,0,0,0,0,0,0,0,0,0,0,0,0,0,0,0,99678
1,1,1,1,200,-1888,-1829,-330,-93,98,-5,15,22,0,0,0,0,0,0,0,0,0,0,0,0,0,0,0,0,0,0,0,0,0,0,99688
1,1,1,1,164,-1906,-1857,-282,-71,108,-7,14,25,0,0,0,0,0,0,0,0,0,0,0,0,0,0,0,0,0,0,0,0,0,0,99698
1,1,1,1,156,-1939,-1883,-357,-83,125,-9,15,24,0,0,0,0,0,0,0,0,0,0,0,0,0,0,0,0,0,0,0,0,0,0,99708
1,1,1,1,127,-1976,-1883,-465,-104,119,-13,18,26,0,0,0,0,0,0,0,0,0,0,0,0,0,0,0,0,0,0,0,0,0,0,99718
1,1,1,1,129,-1974,-1853,-536,-129,116,-11,14,26,0,0,0,0,0,0,0,0,0,0,0,0,0,0,0,0,0,0,0,0,0,0,99728
1,1,1,1,118,-1945,-1819,-558,-154,102,-10,15,28,0,0,0,0,0,0,0,0,0,0,0,0,0,0,0,0,0,0,0,0,0,0,99738
1,1,1,1,103,-1926,-1798,-546,-151,94,-11,14,28,0,0,0,0,0,0,0,0,0,0,0,0,0,0,0,0,0,0,0,0,0,0,99748
1,1,1,1,107,-1904,-1846,-547,-168,85,-11,14,28,0,0,0,0,0,0,0,0,0,0,0,0,0,0,0,0,0,0,0,0,0,0,99758
1,1,1,1,83,-1815,-1892,-529,-163,85,-10,12,24,0,0,0,0,0,0,0,0,0,0,0,0,0,0,0,0,0,0,0,0,0,0,99768
1,1,1,1,68,-1722,-1918,-361,-110,88,-8,10,25,0,0,0,0,0,0,0,0,0,0,0,0,0,0,0,0,0,0,0,0,0,0,99778
1,1,1,1,90,-1657,-1914,-111,-63,76,-9,11,24,0,0,0,0,0,0,0,0,0,0,0,0,0,0,0,0,0,0,0,0,0,0,99788
1,1,1,1,82,-1656,-1929,112,-28,41,-6,10,24,0,0,0,0,0,0,0,0,0,0,0,0,0,0,0,0,0,0,0,0,0,0,99798
1,1,1,1,58,-1687,-1924,289,-12,4,-6,11,24,0,0,0,0,0,0,0,0,0,0,0,0,0,0,0,0,0,0,0,0,0,0,99808
1,1,1,1,65,-1718,-1905,422,-5,-23,-6,11,22,0,0,0,0,0,0,0,0,0,0,0,0,0,0,0,0,0,0,0,0,0,0,99818
1,1,1,1,73,-1778,-1831,485,-19,-50,-4,12,25,0,0,0,0,0,0,0,0,0,0,0,0,0,0,0,0,0,0,0,0,0,0,99828
1,1,1,1,122,-1882,-1752,503,-49,-83,-6,11,27,0,0,0,0,0,0,0,0,0,0,0,0,0,0,0,0,0,0,0,0,0,0,99838
1,1,1,1,110,-1968,-1827,468,-63,-75,-8,12,28,0,0,0,0,0,0,0,0,0,0,0,0,0,0,0,0,0,0,0,0,0,0,99848
1,1,1,1,31,-1997,-1878,401,-53,-36,-10,11,29,0,0,0,0,0,0,0,0,0,0,0,0,0,0,0,0,0,0,0,0,0,0,99858
1,1,1,1,33,-1971,-1887,399,-6,1,-10,10,29,0,0,0,0,0,0,0,0,0,0,0,0,0,0,0,0,0,0,0,0,0,0,99868
1,1,1,1,50,-1912,-1858,426,27,-6,-13,11,29,0,0,0,0,0,0,0,0,0,0,0,0,0,0,0,0,0,0,0,0,0,0,99878
1,1,1,1,80,-1874,-1850,406,21,-43,-9,11,32,0,0,0,0,0,0,0,0,0,0,0,0,0,0,0,0,0,0,0,0,0,0,99888
1,1,1,1,104,-1843,-1833,566,30,-78,-9,11,29,0,0,0,0,0,0,0,0,0,0,0,0,0,0,0,0,0,0,0,0,0,0,99898
1,1,1,1,134,-1814,-1794,674,17,-80,-15,10,30,0,0,0,0,0,0,0,0,0,0,0,0,0,0,0,0,0,0,0,0,0,0,99908
1,1,1,1,208,-1925,-1889,478,23,-63,-24,11,28,0,0,0,0,0,0,0,0,0,0,0,0,0,0,0,0,0,0,0,0,0,0,99918
1,1,1,1,277,-2158,-2097,-494,22,-17,-22,12,28,0,0,0,0,0,0,0,0,0,0,0,0,0,0,0,0,0,0,0,0,0,0,99928
1,1,1,1,256,-2285,-2121,-1773,-89,0,-16,11,28,0,0,0,0,0,0,0,0,0,0,0,0,0,0,0,0,0,0,0,0,0,0,99938
1,1,1,1,170,-2169,-1758,-1974,-173,-35,-11,10,24,0,0,0,0,0,0,0,0,0,0,0,0,0,0,0,0,0,0,0,0,0,0,99948
1,1,1,1,108,-1952,-1677,-1401,-108,-42,-7,9,19,0,0,0,0,0,0,0,0,0,0,0,0,0,0,0,0,0,0,0,0,0,0,99958
1,1,1,1,56,-1826,-1692,-510,1,-47,-3,11,22,0,0,0,0,0,0,0,0,0,0,0,0,0,0,0,0,0,0,0,0,0,0,99968
1,1,1,1,61,-1684,-1725,465,80,-46,-4,13,22,0,0,0,0,0,0,0,0,0,0,0,0,0,0,0,0,0,0,0,0,0,0,99978
1,1,1,1,111,-1587,-1826,1026,132,-10,-5,6,19,0,0,0,0,0,0,0,0,0,0,0,0,0,0,0,0,0,0,0,0,0,0,99988
1,1,1,1,159,-1660,-1967,914,123,30,-11,10,24,0,0,0,0,0,0,0,0,0,0,0,0,0,0,0,0,0,0,0,0,0,0,99998
1,1,1,1,140,-1850,-2089,554,98,12,-20,13,25,0,0,0,0,0,0,0,0,0,0,0,0,0,0,0,0,0,0,0,0,0,0,100008
1,1,1,1,-63,-2055,-2052,-148,21,-4,-16,12,24,0,0,0,0,0,0,0,0,0,0,0,0,0,0,0,0,0,0,0,0,0,0,100018
1,1,1,1,263,-2007,-2016,-624,-122,0,-18,10,25,0,0,0,0,0,0,0,0,0,0,0,0,0,0,0,0,0,0,0,0,0,0,100028
1,1,1,1,387,-2081,-1922,-993,-118,-2,-17,13,26,0,0,0,0,0,0,0,0,0,0,0,0,0,0,0,0,0,0,0,0,0,0,100038
1,1,1,1,68,-2000,-1866,-1148,-157,-13,-12,11,23,0,0,0,0,0,0,0,0,0,0,0,0,0,0,0,0,0,0,0,0,0,0,100048
1,1,1,1,-25,-1963,-1864,-1027,-146,16,-11,11,25,0,0,0,0,0,0,0,0,0,0,0,0,0,0,0,0,0,0,0,0,0,0,100058
1,1,1,1,55,-1937,-1948,-928,-68,67,-10,10,20,0,0,0,0,0,0,0,0,0,0,0,0,0,0,0,0,0,0,0,0,0,0,100068
1,1,1,1,175,-1837,-2026,-923,18,115,-11,11,19,0,0,0,0,0,0,0,0,0,0,0,0,0,0,0,0,0,0,0,0,0,0,100078
1,1,1,1,264,-1780,-1980,-1115,12,85,-11,12,19,0,0,0,0,0,0,0,0,0,0,0,0,0,0,0,0,0,0,0,0,0,0,100088
1,1,1,1,299,-1761,-1924,-1282,-66,23,-9,13,20,0,0,0,0,0,0,0,0,0,0,0,0,0,0,0,0,0,0,0,0,0,0,100098
1,1,1,1,198,-1778,-1883,-1209,-145,-38,-8,11,20,0,0,0,0,0,0,0,0,0,0,0,0,0,0,0,0,0,0,0,0,0,0,100108
1,1,1,1,97,-1745,-1923,-1106,-158,-53,-6,11,17,0,0,0,0,0,0,0,0,0,0,0,0,0,0,0,0,0,0,0,0,0,0,100118
1,1,1,1,17,-1722,-1987,-1035,-144,-30,-6,11,18,0,0,0,0,0,0,0,0,0,0,0,0,0,0,0,0,0,0,0,0,0,0,100128
1,1,1,1,-12,-1667,-1997,-903,-143,-28,-5,11,20,0,0,0,0,0,0,0,0,0,0,0,0,0,0,0,0,0,0,0,0,0,0,100138
1,1,1,1,-6,-1628,-1997,-743,-125,-39,-3,10,17,0,0,0,0,0,0,0,0,0,0,0,0,0,0,0,0,0,0,0,0,0,0,100148
1,1,1,1,5,-1609,-2006,-568,-81,-37,-4,10,16,0,0,0,0,0,0,0,0,0,0,0,0,0,0,0,0,0,0,0,0,0,0,100158
1,1,1,1,0,-1641,-2027,-531,-46,-19,-6,11,18,0,0,0,0,0,0,0,0,0,0,0,0,0,0,0,0,0,0,0,0,0,0,100168
1,1,1,1,37,-1670,-2068,-541,-23,-18,-8,11,15,0,0,0,0,0,0,0,0,0,0,0,0,0,0,0,0,0,0,0,0,0,0,100178
1,1,1,1,57,-1679,-2062,-704,-81,-3,-9,11,14,0,0,0,0,0,0,0,0,0,0,0,0,0,0,0,0,0,0,0,0,0,0,100188
1,1,1,1,-1,-1713,-2098,-880,-120,5,-9,12,11,0,0,0,0,0,0,0,0,0,0,0,0,0,0,0,0,0,0,0,0,0,0,100198
1,1,1,1,-10,-1683,-2121,-1111,-130,37,-9,12,18,0,0,0,0,0,0,0,0,0,0,0,0,0,0,0,0,0,0,0,0,0,0,100208
1,1,1,1,-37,-1645,-2129,-1128,-147,40,-6,11,15,0,0,0,0,0,0,0,0,0,0,0,0,0,0,0,0,0,0,0,0,0,0,100218
1,1,1,1,-70,-1592,-2104,-1031,-134,46,-5,12,13,0,0,0,0,0,0,0,0,0,0,0,0,0,0,0,0,0,0,0,0,0,0,100228
1,1,1,1,-19,-1574,-2093,-877,-87,47,-5,12,13,0,0,0,0,0,0,0,0,0,0,0,0,0,0,0,0,0,0,0,0,0,0,100238
1,1,1,1,30,-1560,-2114,-726,-31,54,-8,16,14,0,0,0,0,0,0,0,0,0,0,0,0,0,0,0,0,0,0,0,0,0,0,100248
1,1,1,1,64,-1542,-2121,-527,22,47,-4,12,9,0,0,0,0,0,0,0,0,0,0,0,0,0,0,0,0,0,0,0,0,0,0,100258
1,1,1,1,121,-1500,-2095,-338,31,25,-5,15,12,0,0,0,0,0,0,0,0,0,0,0,0,0,0,0,0,0,0,0,0,0,0,100268
1,1,1,1,180,-1461,-2090,-211,18,15,-5,13,10,0,0,0,0,0,0,0,0,0,0,0,0,0,0,0,0,0,0,0,0,0,0,100278
1,1,1,1,169,-1451,-2109,-175,-5,42,-7,12,11,0,0,0,0,0,0,0,0,0,0,0,0,0,0,0,0,0,0,0,0,0,0,100288
1,1,1,1,130,-1532,-2181,-219,-8,53,-6,7,11,0,0,0,0,0,0,0,0,0,0,0,0,0,0,0,0,0,0,0,0,0,0,100298
1,1,1,1,111,-1599,-2231,-321,-22,73,-10,15,16,0,0,0,0,0,0,0,0,0,0,0,0,0,0,0,0,0,0,0,0,0,0,100308
1,1,1,1,62,-1604,-2254,-470,-47,100,-9,11,14,0,0,0,0,0,0,0,0,0,0,0,0,0,0,0,0,0,0,0,0,0,0,100318
1,1,1,1,60,-1592,-2246,-599,-71,118,-8,11,13,0,0,0,0,0,0,0,0,0,0,0,0,0,0,0,0,0,0,0,0,0,0,100328
1,1,1,1,55,-1564,-2204,-703,-91,133,-6,11,12,0,0,0,0,0,0,0,0,0,0,0,0,0,0,0,0,0,0,0,0,0,0,100338
1,1,1,1,55,-1528,-2186,-715,-93,132,-2,11,13,0,0,0,0,0,0,0,0,0,0,0,0,0,0,0,0,0,0,0,0,0,0,100348
1,1,1,1,55,-1446,-2185,-596,-93,122,-2,7,11,0,0,0,0,0,0,0,0,0,0,0,0,0,0,0,0,0,0,0,0,0,0,100358
1,1,1,1,57,-1375,-2168,-459,-94,102,-1,9,10,0,0,0,0,0,0,0,0,0,0,0,0,0,0,0,0,0,0,0,0,0,0,100368
1,1,1,1,46,-1334,-2195,-300,-75,88,-3,9,10,0,0,0,0,0,0,0,0,0,0,0,0,0,0,0,0,0,0,0,0,0,0,100378
1,1,1,1,31,-1333,-2230,-117,-45,89,-3,9,10,0,0,0,0,0,0,0,0,0,0,0,0,0,0,0,0,0,0,0,0,0,0,100388
1,1,1,1,21,-1377,-2262,-73,-25,96,-5,9,9,0,0,0,0,0,0,0,0,0,0,0,0,0,0,0,0,0,0,0,0,0,0,100398
1,1,1,1,25,-1455,-2261,-140,-31,86,-8,9,11,0,0,0,0,0,0,0,0,0,0,0,0,0,0,0,0,0,0,0,0,0,0,100408
1,1,1,1,25,-1506,-2268,-263,-53,74,-7,9,13,0,0,0,0,0,0,0,0,0,0,0,0,0,0,0,0,0,0,0,0,0,0,100418
1,1,1,1,3,-1527,-2275,-385,-66,62,-6,9,14,0,0,0,0,0,0,0,0,0,0,0,0,0,0,0,0,0,0,0,0,0,0,100428
1,1,1,1,-3,-1499,-2264,-435,-66,22,-5,9,11,0,0,0,0,0,0,0,0,0,0,0,0,0,0,0,0,0,0,0,0,0,0,100438
1,1,1,1,18,-1447,-2238,-463,-48,-33,-5,9,11,0,0,0,0,0,0,0,0,0,0,0,0,0,0,0,0,0,0,0,0,0,0,100448
1,1,1,1,63,-1380,-2242,-503,-45,-66,-5,10,8,0,0,0,0,0,0,0,0,0,0,0,0,0,0,0,0,0,0,0,0,0,0,100458
1,1,1,1,94,-1303,-2237,-383,-53,-83,-4,9,5,0,0,0,0,0,0,0,0,0,0,0,0,0,0,0,0,0,0,0,0,0,0,100468
1,1,1,1,106,-1237,-2184,-190,-57,-61,-2,9,5,0,0,0,0,0,0,0,0,0,0,0,0,0,0,0,0,0,0,0,0,0,0,100478
1,1,1,1,120,-1210,-2177,-23,-73,-12,-2,8,6,0,0,0,0,0,0,0,0,0,0,0,0,0,0,0,0,0,0,0,0,0,0,100488
1,1,1,1,100,-1235,-2238,79,-54,16,-2,9,9,0,0,0,0,0,0,0,0,0,0,0,0,0,0,0,0,0,0,0,0,0,0,100498
1,1,1,1,72,-1329,-2285,216,16,-9,-2,10,10,0,0,0,0,0,0,0,0,0,0,0,0,0,0,0,0,0,0,0,0,0,0,100508
1,1,1,1,76,-1431,-2266,218,10,-42,-3,9,9,0,0,0,0,0,0,0,0,0,0,0,0,0,0,0,0,0,0,0,0,0,0,100518
1,1,1,1,78,-1475,-2295,153,-8,-84,-4,11,7,0,0,0,0,0,0,0,0,0,0,0,0,0,0,0,0,0,0,0,0,0,0,100528
1,1,1,1,108,-1467,-2304,71,-52,-140,-4,10,7,0,0,0,0,0,0,0,0,0,0,0,0,0,0,0,0,0,0,0,0,0,0,100538
1,1,1,1,107,-1399,-2349,-177,-74,-128,-6,9,7,0,0,0,0,0,0,0,0,0,0,0,0,0,0,0,0,0,0,0,0,0,0,100548
1,1,1,1,122,-1328,-2350,-398,-65,-110,-6,10,9,0,0,0,0,0,0,0,0,0,0,0,0,0,0,0,0,0,0,0,0,0,0,100558
1,1,1,1,158,-1250,-2254,-448,-146,-67,-6,11,3,0,0,0,0,0,0,0,0,0,0,0,0,0,0,0,0,0,0,0,0,0,0,100568
1,1,1,1,132,-1196,-2203,-370,-192,-27,-2,12,7,0,0,0,0,0,0,0,0,0,0,0,0,0,0,0,0,0,0,0,0,0,0,100578
1,1,1,1,145,-1220,-2205,-78,-137,-40,-2,12,10,0,0,0,0,0,0,0,0,0,0,0,0,0,0,0,0,0,0,0,0,0,0,100588
1,1,1,1,129,-1266,-2216,217,-96,-70,-5,14,14,0,0,0,0,0,0,0,0,0,0,0,0,0,0,0,0,0,0,0,0,0,0,100598
1,1,1,1,110,-1328,-2239,386,-73,-140,-5,13,12,0,0,0,0,0,0,0,0,0,0,0,0,0,0,0,0,0,0,0,0,0,0,100608
1,1,1,1,104,-1411,-2234,367,-131,-189,-7,12,16,0,0,0,0,0,0,0,0,0,0,0,0,0,0,0,0,0,0,0,0,0,0,100618
1,1,1,1,65,-1477,-2271,218,-161,-242,-4,9,15,0,0,0,0,0,0,0,0,0,0,0,0,0,0,0,0,0,0,0,0,0,0,100628
1,1,1,1,-17,-1471,-2293,89,-120,-248,-8,14,16,0,0,0,0,0,0,0,0,0,0,0,0,0,0,0,0,0,0,0,0,0,0,100638
1,1,1,1,-120,-1435,-2251,-157,-168,-148,-11,13,15,0,0,0,0,0,0,0,0,0,0,0,0,0,0,0,0,0,0,0,0,0,0,100648
1,1,1,1,-228,-1435,-2319,-368,-156,-77,-7,11,21,0,0,0,0,0,0,0,0,0,0,0,0,0,0,0,0,0,0,0,0,0,0,100658
1,1,1,1,-244,-1447,-2311,-334,-95,-64,-5,12,21,0,0,0,0,0,0,0,0,0,0,0,0,0,0,0,0,0,0,0,0,0,0,100668
1,1,1,1,-269,-1419,-2253,-242,-75,-46,-6,13,18,0,0,0,0,0,0,0,0,0,0,0,0,0,0,0,0,0,0,0,0,0,0,100678
1,1,1,1,-235,-1386,-2248,-70,-49,-38,-7,14,21,0,0,0,0,0,0,0,0,0,0,0,0,0,0,0,0,0,0,0,0,0,0,100688
1,1,1,1,-178,-1380,-2274,33,-23,-29,-7,14,22,0,0,0,0,0,0,0,0,0,0,0,0,0,0,0,0,0,0,0,0,0,0,100698
1,1,1,1,-161,-1374,-2304,19,-10,4,-6,13,23,0,0,0,0,0,0,0,0,0,0,0,0,0,0,0,0,0,0,0,0,0,0,100708
1,1,1,1,-144,-1404,-2300,22,16,44,-10,14,19,0,0,0,0,0,0,0,0,0,0,0,0,0,0,0,0,0,0,0,0,0,0,100718
1,1,1,1,-120,-1426,-2254,-68,15,107,-12,15,16,0,0,0,0,0,0,0,0,0,0,0,0,0,0,0,0,0,0,0,0,0,0,100728
1,1,1,1,-90,-1510,-2280,-455,-35,179,-11,16,19,0,0,0,0,0,0,0,0,0,0,0,0,0,0,0,0,0,0,0,0,0,0,100738
1,1,1,1,-99,-1509,-2296,-752,-91,217,-13,16,18,0,0,0,0,0,0,0,0,0,0,0,0,0,0,0,0,0,0,0,0,0,0,100748
1,1,1,1,-123,-1369,-2232,-923,-111,308,-12,16,20,0,0,0,0,0,0,0,0,0,0,0,0,0,0,0,0,0,0,0,0,0,0,100758
1,1,1,1,-41,-1201,-2236,-423,-36,251,-8,18,28,0,0,0,0,0,0,0,0,0,0,0,0,0,0,0,0,0,0,0,0,0,0,100788
1,1,1,1,-22,-1188,-2294,-230,29,185,-9,17,25,0,0,0,0,0,0,0,0,0,0,0,0,0,0,0,0,0,0,0,0,0,0,100798
1,1,1,1,17,-1222,-2404,-167,77,125,-7,18,30,0,0,0,0,0,0,0,0,0,0,0,0,0,0,0,0,0,0,0,0,0,0,100808
1,1,1,1,-4,-1230,-2456,-136,145,60,-9,21,26,0,0,0,0,0,0,0,0,0,0,0,0,0,0,0,0,0,0,0,0,0,0,100818
1,1,1,1,83,-1190,-2347,-258,107,106,-7,23,31,0,0,0,0,0,0,0,0,0,0,0,0,0,0,0,0,0,0,0,0,0,0,100828
1,1,1,1,125,-1218,-2343,-392,72,94,-6,23,32,0,0,0,0,0,0,0,0,0,0,0,0,0,0,0,0,0,0,0,0,0,0,100838
1,1,1,1,174,-1255,-2283,-411,46,26,-5,23,33,0,0,0,0,0,0,0,0,0,0,0,0,0,0,0,0,0,0,0,0,0,0,100848
1,1,1,1,208,-1256,-2201,-402,-15,-8,-3,24,36,0,0,0,0,0,0,0,0,0,0,0,0,0,0,0,0,0,0,0,0,0,0,100858
1,1,1,1,232,-1306,-2138,-230,-42,-74,-7,27,37,0,0,0,0,0,0,0,0,0,0,0,0,0,0,0,0,0,0,0,0,0,0,100868
1,1,1,1,232,-1316,-2173,-111,-12,-117,-7,26,41,0,0,0,0,0,0,0,0,0,0,0,0,0,0,0,0,0,0,0,0,0,0,100878
1,1,1,1,151,-1295,-2254,-63,2,-107,-10,27,43,0,0,0,0,0,0,0,0,0,0,0,0,0,0,0,0,0,0,0,0,0,0,100888
1,1,1,1,89,-1261,-2296,31,-3,-81,-9,25,42,0,0,0,0,0,0,0,0,0,0,0,0,0,0,0,0,0,0,0,0,0,0,100898
1,1,1,1,42,-1211,-2331,59,24,-20,-13,28,42,0,0,0,0,0,0,0,0,0,0,0,0,0,0,0,0,0,0,0,0,0,0,100908
1,1,1,1,26,-1226,-2406,-27,33,27,-11,26,44,0,0,0,0,0,0,0,0,0,0,0,0,0,0,0,0,0,0,0,0,0,0,100918
1,1,1,1,21,-1237,-2440,-198,-6,18,-10,25,43,0,0,0,0,0,0,0,0,0,0,0,0,0,0,0,0,0,0,0,0,0,0,100928
1,1,1,1,37,-1186,-2391,-314,-33,-10,-11,26,45,0,0,0,0,0,0,0,0,0,0,0,0,0,0,0,0,0,0,0,0,0,0,100938
1,1,1,1,81,-1133,-2316,-272,-31,-52,-4,23,42,0,0,0,0,0,0,0,0,0,0,0,0,0,0,0,0,0,0,0,0,0,0,100948
1,1,1,1,128,-1101,-2242,-78,-4,-120,-4,24,47,0,0,0,0,0,0,0,0,0,0,0,0,0,0,0,0,0,0,0,0,0,0,100958
1,1,1,1,187,-1091,-2207,153,14,-196,-4,25,48,0,0,0,0,0,0,0,0,0,0,0,0,0,0,0,0,0,0,0,0,0,0,100968
1,1,1,1,186,-1097,-2217,278,25,-245,-7,26,51,0,0,0,0,0,0,0,0,0,0,0,0,0,0,0,0,0,0,0,0,0,0,100978
1,1,1,1,167,-1165,-2259,379,21,-288,-8,26,54,0,0,0,0,0,0,0,0,0,0,0,0,0,0,0,0,0,0,0,0,0,0,100988
1,1,1,1,189,-1241,-2281,375,-9,-313,-11,26,55,0,0,0,0,0,0,0,0,0,0,0,0,0,0,0,0,0,0,0,0,0,0,100998
1,1,1,1,190,-1318,-2282,201,-89,-309,-13,27,54,0,0,0,0,0,0,0,0,0,0,0,0,0,0,0,0,0,0,0,0,0,0,101008
1,1,1,1,131,-1323,-2274,-5,-175,-296,-12,27,55,0,0,0,0,0,0,0,0,0,0,0,0,0,0,0,0,0,0,0,0,0,0,101018
1,1,1,1,-28,-1261,-2271,-92,-219,-267,-11,26,56,0,0,0,0,0,0,0,0,0,0,0,0,0,0,0,0,0,0,0,0,0,0,101028
1,1,1,1,-167,-1253,-2327,-43,-187,-246,-10,27,56,0,0,0,0,0,0,0,0,0,0,0,0,0,0,0,0,0,0,0,0,0,0,101038
1,1,1,1,-255,-1267,-2352,89,-89,-235,-10,27,55,0,0,0,0,0,0,0,0,0,0,0,0,0,0,0,0,0,0,0,0,0,0,101048
1,1,1,1,-262,-1293,-2386,104,-28,-222,-10,27,56,0,0,0,0,0,0,0,0,0,0,0,0,0,0,0,0,0,0,0,0,0,0,101058
1,1,1,1,-301,-1310,-2354,86,-16,-184,-12,28,55,0,0,0,0,0,0,0,0,0,0,0,0,0,0,0,0,0,0,0,0,0,0,101068
1,1,1,1,-377,-1338,-2337,44,-18,-113,-10,28,54,0,0,0,0,0,0,0,0,0,0,0,0,0,0,0,0,0,0,0,0,0,0,101078
1,1,1,1,-412,-1413,-2392,12,28,-56,-13,27,54,0,0,0,0,0,0,0,0,0,0,0,0,0,0,0,0,0,0,0,0,0,0,101088
1,1,1,1,-375,-1453,-2389,-96,48,-17,-12,27,55,0,0,0,0,0,0,0,0,0,0,0,0,0,0,0,0,0,0,0,0,0,0,101098
1,1,1,1,-339,-1444,-2372,-145,95,2,-12,26,57,0,0,0,0,0,0,0,0,0,0,0,0,0,0,0,0,0,0,0,0,0,0,101108
1,1,1,1,-335,-1395,-2321,-174,134,65,-14,28,57,0,0,0,0,0,0,0,0,0,0,0,0,0,0,0,0,0,0,0,0,0,0,101118
1,1,1,1,-281,-1363,-2294,-207,140,110,-13,27,59,0,0,0,0,0,0,0,0,0,0,0,0,0,0,0,0,0,0,0,0,0,0,101128
1,1,1,1,-251,-1289,-2254,-204,127,148,-14,29,59,0,0,0,0,0,0,0,0,0,0,0,0,0,0,0,0,0,0,0,0,0,0,101138
1,1,1,1,-223,-1218,-2281,-114,101,184,-16,29,59,0,0,0,0,0,0,0,0,0,0,0,0,0,0,0,0,0,0,0,0,0,0,101148
1,1,1,1,-224,-1160,-2328,-51,88,256,-18,28,56,0,0,0,0,0,0,0,0,0,0,0,0,0,0,0,0,0,0,0,0,0,0,101158
1,1,1,1,-185,-1136,-2344,-78,48,381,-14,26,55,0,0,0,0,0,0,0,0,0,0,0,0,0,0,0,0,0,0,0,0,0,0,101168
1,1,1,1,-75,-1161,-2390,-124,63,474,-13,23,51,0,0,0,0,0,0,0,0,0,0,0,0,0,0,0,0,0,0,0,0,0,0,101178
1,1,1,1,70,-1197,-2353,-100,112,485,-15,30,51,0,0,0,0,0,0,0,0,0,0,0,0,0,0,0,0,0,0,0,0,0,0,101188
1,1,1,1,216,-1279,-2311,21,164,285,-13,28,58,0,0,0,0,0,0,0,0,0,0,0,0,0,0,0,0,0,0,0,0,0,0,101198
1,1,1,1,262,-1357,-2322,128,253,18,-15,30,54,0,0,0,0,0,0,0,0,0,0,0,0,0,0,0,0,0,0,0,0,0,0,101208
1,1,1,1,283,-1301,-2267,-7,248,78,-13,27,48,0,0,0,0,0,0,0,0,0,0,0,0,0,0,0,0,0,0,0,0,0,0,101218
1,1,1,1,328,-1312,-2273,-95,199,197,-13,31,54,0,0,0,0,0,0,0,0,0,0,0,0,0,0,0,0,0,0,0,0,0,0,101228
1,1,1,1,504,-1384,-2249,-127,178,164,-11,29,53,0,0,0,0,0,0,0,0,0,0,0,0,0,0,0,0,0,0,0,0,0,0,101238
1,1,1,1,511,-1413,-2274,-160,174,24,-10,27,55,0,0,0,0,0,0,0,0,0,0,0,0,0,0,0,0,0,0,0,0,0,0,101248
1,1,1,1,406,-1344,-2317,-171,210,-42,-11,30,56,0,0,0,0,0,0,0,0,0,0,0,0,0,0,0,0,0,0,0,0,0,0,101258
1,1,1,1,309,-1252,-2320,-209,199,-37,-11,28,59,0,0,0,0,0,0,0,0,0,0,0,0,0,0,0,0,0,0,0,0,0,0,101268
1,1,1,1,260,-1167,-2284,-234,170,-52,-12,31,62,0,0,0,0,0,0,0,0,0,0,0,0,0,0,0,0,0,0,0,0,0,0,101278
1,1,1,1,234,-1110,-2220,-261,110,-92,-13,30,63,0,0,0,0,0,0,0,0,0,0,0,0,0,0,0,0,0,0,0,0,0,0,101288
1,1,1,1,162,-1079,-2174,-193,21,-154,-15,31,64,0,0,0,0,0,0,0,0,0,0,0,0,0,0,0,0,0,0,0,0,0,0,101298
1,1,1,1,84,-1059,-2193,-169,-51,-182,-15,30,64,0,0,0,0,0,0,0,0,0,0,0,0,0,0,0,0,0,0,0,0,0,0,101308
1,1,1,1,-82,-1043,-2285,-152,-62,-120,-13,29,63,0,0,0,0,0,0,0,0,0,0,0,0,0,0,0,0,0,0,0,0,0,0,101318
1,1,1,1,-266,-1043,-2411,-59,34,-24,-12,29,65,0,0,0,0,0,0,0,0,0,0,0,0,0,0,0,0,0,0,0,0,0,0,101328
1,1,1,1,-386,-1104,-2472,52,150,-14,-9,30,63,0,0,0,0,0,0,0,0,0,0,0,0,0,0,0,0,0,0,0,0,0,0,101338
1,1,1,1,-387,-1189,-2419,155,226,-61,-8,29,61,0,0,0,0,0,0,0,0,0,0,0,0,0,0,0,0,0,0,0,0,0,0,101348
1,1,1,1,-308,-1298,-2388,161,314,-116,-8,29,58,0,0,0,0,0,0,0,0,0,0,0,0,0,0,0,0,0,0,0,0,0,0,101358
1,1,1,1,-238,-1360,-2317,88,318,-139,-8,29,56,0,0,0,0,0,0,0,0,0,0,0,0,0,0,0,0,0,0,0,0,0,0,101368
1,1,1,1,-174,-1382,-2291,2,289,-111,-10,29,54,0,0,0,0,0,0,0,0,0,0,0,0,0,0,0,0,0,0,0,0,0,0,101378
1,1,1,1,-63,-1403,-2288,-61,316,-109,-7,28,53,0,0,0,0,0,0,0,0,0,0,0,0,0,0,0,0,0,0,0,0,0,0,101388
1,1,1,1,-5,-1379,-2302,-90,373,-109,-9,28,55,0,0,0,0,0,0,0,0,0,0,0,0,0,0,0,0,0,0,0,0,0,0,101398
1,1,1,1,31,-1308,-2331,-119,409,-78,-11,28,54,0,0,0,0,0,0,0,0,0,0,0,0,0,0,0,0,0,0,0,0,0,0,101408
1,1,1,1,112,-1287,-2327,-108,435,-29,-11,28,52,0,0,0,0,0,0,0,0,0,0,0,0,0,0,0,0,0,0,0,0,0,0,101418
1,1,1,1,192,-1288,-2320,-102,442,10,-9,28,51,0,0,0,0,0,0,0,0,0,0,0,0,0,0,0,0,0,0,0,0,0,0,101428
1,1,1,1,255,-1315,-2275,-40,438,44,-7,27,50,0,0,0,0,0,0,0,0,0,0,0,0,0,0,0,0,0,0,0,0,0,0,101438
1,1,1,1,312,-1332,-2265,12,433,68,-10,28,49,0,0,0,0,0,0,0,0,0,0,0,0,0,0,0,0,0,0,0,0,0,0,101448
1,1,1,1,342,-1338,-2273,-5,402,82,-12,28,51,0,0,0,0,0,0,0,0,0,0,0,0,0,0,0,0,0,0,0,0,0,0,101458
1,1,1,1,363,-1336,-2290,-77,362,80,-11,24,51,0,0,0,0,0,0,0,0,0,0,0,0,0,0,0,0,0,0,0,0,0,0,101468
1,1,1,1,351,-1304,-2344,-132,318,68,-13,30,53,0,0,0,0,0,0,0,0,0,0,0,0,0,0,0,0,0,0,0,0,0,0,101478
1,1,1,1,318,-1263,-2387,-195,285,70,-12,29,54,0,0,0,0,0,0,0,0,0,0,0,0,0,0,0,0,0,0,0,0,0,0,101488
1,1,1,1,282,-1262,-2430,-203,264,74,-13,29,56,0,0,0,0,0,0,0,0,0,0,0,0,0,0,0,0,0,0,0,0,0,0,101498
1,1,1,1,239,-1260,-2468,-194,256,104,-15,31,54,0,0,0,0,0,0,0,0,0,0,0,0,0,0,0,0,0,0,0,0,0,0,101508
1,1,1,1,224,-1238,-2434,-160,253,154,-11,28,53,0,0,0,0,0,0,0,0,0,0,0,0,0,0,0,0,0,0,0,0,0,0,101518
1,1,1,1,238,-1255,-2411,-104,227,200,-12,29,55,0,0,0,0,0,0,0,0,0,0,0,0,0,0,0,0,0,0,0,0,0,0,101528
1,1,1,1,238,-1317,-2415,-94,202,236,-9,27,53,0,0,0,0,0,0,0,0,0,0,0,0,0,0,0,0,0,0,0,0,0,0,101538
1,1,1,1,211,-1371,-2433,-111,163,266,-12,29,53,0,0,0,0,0,0,0,0,0,0,0,0,0,0,0,0,0,0,0,0,0,0,101548
1,1,1,1,154,-1382,-2448,-147,131,330,-14,32,55,0,0,0,0,0,0,0,0,0,0,0,0,0,0,0,0,0,0,0,0,0,0,101558
1,1,1,1,93,-1396,-2449,-183,109,419,-13,29,53,0,0,0,0,0,0,0,0,0,0,0,0,0,0,0,0,0,0,0,0,0,0,101568
1,1,1,1,35,-1395,-2426,-161,122,508,-11,29,53,0,0,0,0,0,0,0,0,0,0,0,0,0,0,0,0,0,0,0,0,0,0,101578
1,1,1,1,-15,-1386,-2392,-140,119,583,-13,29,53,0,0,0,0,0,0,0,0,0,0,0,0,0,0,0,0,0,0,0,0,0,0,101588
1,1,1,1,-27,-1410,-2390,-177,102,697,-12,29,53,0,0,0,0,0,0,0,0,0,0,0,0,0,0,0,0,0,0,0,0,0,0,101598
1,1,1,1,-66,-1422,-2395,-259,90,817,-13,29,51,0,0,0,0,0,0,0,0,0,0,0,0,0,0,0,0,0,0,0,0,0,0,101608
1,1,1,1,-84,-1436,-2398,-380,61,954,-15,28,48,0,0,0,0,0,0,0,0,0,0,0,0,0,0,0,0,0,0,0,0,0,0,101618
1,1,1,1,-26,-1403,-2377,-501,25,1078,-16,30,49,0,0,0,0,0,0,0,0,0,0,0,0,0,0,0,0,0,0,0,0,0,0,101628
1,1,1,1,87,-1345,-2331,-583,-17,1123,-12,29,51,0,0,0,0,0,0,0,0,0,0,0,0,0,0,0,0,0,0,0,0,0,0,101638
1,1,1,1,186,-1284,-2304,-540,-24,1073,-13,29,49,0,0,0,0,0,0,0,0,0,0,0,0,0,0,0,0,0,0,0,0,0,0,101648
1,1,1,1,215,-1217,-2316,-447,12,966,-12,28,50,0,0,0,0,0,0,0,0,0,0,0,0,0,0,0,0,0,0,0,0,0,0,101658
1,1,1,1,187,-1120,-2356,-354,105,900,-13,28,51,0,0,0,0,0,0,0,0,0,0,0,0,0,0,0,0,0,0,0,0,0,0,101668
1,1,1,1,202,-1022,-2376,-349,166,901,-14,27,49,0,0,0,0,0,0,0,0,0,0,0,0,0,0,0,0,0,0,0,0,0,0,101678
1,1,1,1,293,-943,-2330,-451,157,921,-14,28,48,0,0,0,0,0,0,0,0,0,0,0,0,0,0,0,0,0,0,0,0,0,0,101688
1,1,1,1,367,-887,-2309,-454,156,857,-15,27,49,0,0,0,0,0,0,0,0,0,0,0,0,0,0,0,0,0,0,0,0,0,0,101698
1,1,1,1,407,-847,-2348,-404,177,739,-14,28,49,0,0,0,0,0,0,0,0,0,0,0,0,0,0,0,0,0,0,0,0,0,0,101708
1,1,1,1,348,-786,-2421,-356,214,595,-11,28,48,0,0,0,0,0,0,0,0,0,0,0,0,0,0,0,0,0,0,0,0,0,0,101718
1,1,1,1,311,-744,-2385,-312,238,514,-8,27,49,0,0,0,0,0,0,0,0,0,0,0,0,0,0,0,0,0,0,0,0,0,0,101728
1,1,1,1,310,-745,-2319,-242,262,441,-6,27,48,0,0,0,0,0,0,0,0,0,0,0,0,0,0,0,0,0,0,0,0,0,0,101738
1,1,1,1,367,-772,-2272,-123,267,358,-7,28,47,0,0,0,0,0,0,0,0,0,0,0,0,0,0,0,0,0,0,0,0,0,0,101748
1,1,1,1,433,-796,-2250,-61,262,284,-10,27,45,0,0,0,0,0,0,0,0,0,0,0,0,0,0,0,0,0,0,0,0,0,0,101758
1,1,1,1,510,-799,-2198,-72,228,223,-8,27,47,0,0,0,0,0,0,0,0,0,0,0,0,0,0,0,0,0,0,0,0,0,0,101768
1,1,1,1,564,-764,-2136,-99,141,148,-8,26,45,0,0,0,0,0,0,0,0,0,0,0,0,0,0,0,0,0,0,0,0,0,0,101778
1,1,1,1,466,-709,-2114,-64,60,67,-7,28,49,0,0,0,0,0,0,0,0,0,0,0,0,0,0,0,0,0,0,0,0,0,0,101788
1,1,1,1,250,-771,-2158,187,54,-63,-9,30,56,0,0,0,0,0,0,0,0,0,0,0,0,0,0,0,0,0,0,0,0,0,0,101798
1,1,1,1,27,-915,-2271,409,76,-201,-11,28,56,0,0,0,0,0,0,0,0,0,0,0,0,0,0,0,0,0,0,0,0,0,0,101808
1,1,1,1,-272,-1024,-2416,444,73,-238,-17,32,63,0,0,0,0,0,0,0,0,0,0,0,0,0,0,0,0,0,0,0,0,0,0,101818
1,1,1,1,-433,-1151,-2554,460,193,-211,-17,31,66,0,0,0,0,0,0,0,0,0,0,0,0,0,0,0,0,0,0,0,0,0,0,101828
1,1,1,1,-545,-1191,-2578,304,197,-46,-16,29,65,0,0,0,0,0,0,0,0,0,0,0,0,0,0,0,0,0,0,0,0,0,0,101838
1,1,1,1,-509,-1270,-2609,163,243,90,-15,30,70,0,0,0,0,0,0,0,0,0,0,0,0,0,0,0,0,0,0,0,0,0,0,101848
1,1,1,1,-317,-1365,-2512,104,272,110,-15,31,64,0,0,0,0,0,0,0,0,0,0,0,0,0,0,0,0,0,0,0,0,0,0,101858
1,1,1,1,-227,-1342,-2447,13,232,178,-14,29,63,0,0,0,0,0,0,0,0,0,0,0,0,0,0,0,0,0,0,0,0,0,0,101868
1,1,1,1,-103,-1341,-2478,-31,217,266,-18,31,64,0,0,0,0,0,0,0,0,0,0,0,0,0,0,0,0,0,0,0,0,0,0,101878
1,1,1,1,-23,-1314,-2481,-145,171,393,-19,30,63,0,0,0,0,0,0,0,0,0,0,0,0,0,0,0,0,0,0,0,0,0,0,101888
1,1,1,1,83,-1251,-2448,-271,114,500,-18,30,57,0,0,0,0,0,0,0,0,0,0,0,0,0,0,0,0,0,0,0,0,0,0,101898
1,1,1,1,161,-1153,-2395,-314,68,589,-18,30,58,0,0,0,0,0,0,0,0,0,0,0,0,0,0,0,0,0,0,0,0,0,0,101908
1,1,1,1,229,-1061,-2375,-325,24,652,-15,29,52,0,0,0,0,0,0,0,0,0,0,0,0,0,0,0,0,0,0,0,0,0,0,101918
1,1,1,1,262,-966,-2391,-316,-13,672,-15,29,53,0,0,0,0,0,0,0,0,0,0,0,0,0,0,0,0,0,0,0,0,0,0,101928
1,1,1,1,320,-902,-2427,-254,-14,638,-15,29,51,0,0,0,0,0,0,0,0,0,0,0,0,0,0,0,0,0,0,0,0,0,0,101938
1,1,1,1,387,-831,-2425,-142,18,584,-10,28,52,0,0,0,0,0,0,0,0,0,0,0,0,0,0,0,0,0,0,0,0,0,0,101948
1,1,1,1,487,-789,-2481,-9,51,488,-8,27,52,0,0,0,0,0,0,0,0,0,0,0,0,0,0,0,0,0,0,0,0,0,0,101958
1,1,1,1,604,-792,-2471,43,63,389,-10,28,52,0,0,0,0,0,0,0,0,0,0,0,0,0,0,0,0,0,0,0,0,0,0,101968
1,1,1,1,659,-816,-2405,140,45,263,-10,28,53,0,0,0,0,0,0,0,0,0,0,0,0,0,0,0,0,0,0,0,0,0,0,101978
1,1,1,1,689,-862,-2405,216,36,105,-9,28,54,0,0,0,0,0,0,0,0,0,0,0,0,0,0,0,0,0,0,0,0,0,0,101988
1,1,1,1,672,-932,-2426,233,46,-31,-10,28,53,0,0,0,0,0,0,0,0,0,0,0,0,0,0,0,0,0,0,0,0,0,0,101998
1,1,1,1,633,-966,-2404,148,17,-87,-11,29,57,0,0,0,0,0,0,0,0,0,0,0,0,0,0,0,0,0,0,0,0,0,0,102008
1,1,1,1,572,-976,-2355,37,-29,-97,-9,28,57,0,0,0,0,0,0,0,0,0,0,0,0,0,0,0,0,0,0,0,0,0,0,102018
1,1,1,1,507,-1006,-2312,-73,-99,-113,-10,30,56,0,0,0,0,0,0,0,0,0,0,0,0,0,0,0,0,0,0,0,0,0,0,102028
1,1,1,1,410,-1014,-2288,-147,-171,-134,-11,30,55,0,0,0,0,0,0,0,0,0,0,0,0,0,0,0,0,0,0,0,0,0,0,102038
1,1,1,1,329,-979,-2263,-229,-280,-157,-10,30,56,0,0,0,0,0,0,0,0,0,0,0,0,0,0,0,0,0,0,0,0,0,0,102048
1,1,1,1,201,-920,-2271,-218,-350,-164,-12,30,56,0,0,0,0,0,0,0,0,0,0,0,0,0,0,0,0,0,0,0,0,0,0,102058
1,1,1,1,64,-869,-2322,-170,-351,-177,-11,29,59,0,0,0,0,0,0,0,0,0,0,0,0,0,0,0,0,0,0,0,0,0,0,102068
1,1,1,1,-128,-858,-2415,-64,-243,-230,-8,28,61,0,0,0,0,0,0,0,0,0,0,0,0,0,0,0,0,0,0,0,0,0,0,102078
1,1,1,1,-262,-968,-2450,128,-84,-342,-10,32,63,0,0,0,0,0,0,0,0,0,0,0,0,0,0,0,0,0,0,0,0,0,0,102088
1,1,1,1,-491,-1107,-2395,189,-90,-365,-4,28,62,0,0,0,0,0,0,0,0,0,0,0,0,0,0,0,0,0,0,0,0,0,0,102098
1,1,1,1,-1248,-1076,-2620,355,11,-111,-18,32,61,0,0,0,0,0,0,0,0,0,0,0,0,0,0,0,0,0,0,0,0,0,0,102108
1,1,1,1,129,-1501,-2421,-367,-95,-76,-10,27,54,0,0,0,0,0,0,0,0,0,0,0,0,0,0,0,0,0,0,0,0,0,0,102118
1,1,1,1,-702,-1298,-2286,-208,-87,-48,-10,27,58,0,0,0,0,0,0,0,0,0,0,0,0,0,0,0,0,0,0,0,0,0,0,102128
1,1,1,1,-459,-1328,-2378,46,81,148,-16,30,58,0,0,0,0,0,0,0,0,0,0,0,0,0,0,0,0,0,0,0,0,0,0,102138
1,1,1,1,-392,-1275,-2426,-163,80,265,-10,27,54,0,0,0,0,0,0,0,0,0,0,0,0,0,0,0,0,0,0,0,0,0,0,102148
1,1,1,1,-329,-1183,-2308,-107,88,399,-11,29,51,0,0,0,0,0,0,0,0,0,0,0,0,0,0,0,0,0,0,0,0,0,0,102158
1,1,1,1,-195,-1100,-2246,59,129,548,-10,28,50,0,0,0,0,0,0,0,0,0,0,0,0,0,0,0,0,0,0,0,0,0,0,102168
1,1,1,1,-129,-1052,-2327,-37,106,734,-12,28,47,0,0,0,0,0,0,0,0,0,0,0,0,0,0,0,0,0,0,0,0,0,0,102178
1,1,1,1,-29,-1071,-2376,-170,89,853,-12,28,49,0,0,0,0,0,0,0,0,0,0,0,0,0,0,0,0,0,0,0,0,0,0,102188
1,1,1,1,129,-1132,-2363,-302,102,870,-9,27,49,0,0,0,0,0,0,0,0,0,0,0,0,0,0,0,0,0,0,0,0,0,0,102198
1,1,1,1,303,-1156,-2300,-336,62,686,-10,27,50,0,0,0,0,0,0,0,0,0,0,0,0,0,0,0,0,0,0,0,0,0,0,102208
1,1,1,1,466,-1141,-2281,-288,46,368,-12,28,48,0,0,0,0,0,0,0,0,0,0,0,0,0,0,0,0,0,0,0,0,0,0,102218
1,1,1,1,403,-968,-2363,-229,55,248,-10,29,50,0,0,0,0,0,0,0,0,0,0,0,0,0,0,0,0,0,0,0,0,0,0,102228
1,1,1,1,355,-784,-2429,-203,11,301,-11,28,45,0,0,0,0,0,0,0,0,0,0,0,0,0,0,0,0,0,0,0,0,0,0,102238
1,1,1,1,478,-734,-2447,-182,30,349,-8,28,45,0,0,0,0,0,0,0,0,0,0,0,0,0,0,0,0,0,0,0,0,0,0,102248
1,1,1,1,611,-821,-2435,12,92,219,-9,28,46,0,0,0,0,0,0,0,0,0,0,0,0,0,0,0,0,0,0,0,0,0,0,102258
1,1,1,1,714,-851,-2408,51,73,91,-9,28,47,0,0,0,0,0,0,0,0,0,0,0,0,0,0,0,0,0,0,0,0,0,0,102268
1,1,1,1,647,-868,-2476,77,107,-12,-9,28,51,0,0,0,0,0,0,0,0,0,0,0,0,0,0,0,0,0,0,0,0,0,0,102278
1,1,1,1,562,-910,-2527,135,195,-89,-10,29,51,0,0,0,0,0,0,0,0,0,0,0,0,0,0,0,0,0,0,0,0,0,0,102288
1,1,1,1,482,-905,-2499,75,183,-139,-10,29,51,0,0,0,0,0,0,0,0,0,0,0,0,0,0,0,0,0,0,0,0,0,0,102298
1,1,1,1,410,-899,-2418,59,142,-173,-8,28,50,0,0,0,0,0,0,0,0,0,0,0,0,0,0,0,0,0,0,0,0,0,0,102308
1,1,1,1,340,-890,-2376,91,100,-175,-9,28,49,0,0,0,0,0,0,0,0,0,0,0,0,0,0,0,0,0,0,0,0,0,0,102318
1,1,1,1,300,-877,-2348,68,24,-135,-9,30,52,0,0,0,0,0,0,0,0,0,0,0,0,0,0,0,0,0,0,0,0,0,0,102328
1,1,1,1,213,-875,-2310,41,-67,-108,-5,30,55,0,0,0,0,0,0,0,0,0,0,0,0,0,0,0,0,0,0,0,0,0,0,102338
1,1,1,1,87,-1000,-2325,243,-95,-217,-6,30,56,0,0,0,0,0,0,0,0,0,0,0,0,0,0,0,0,0,0,0,0,0,0,102348
1,1,1,1,-72,-1142,-2337,346,-116,-264,-7,29,55,0,0,0,0,0,0,0,0,0,0,0,0,0,0,0,0,0,0,0,0,0,0,102358
1,1,1,1,-266,-1283,-2463,349,-97,-294,-9,30,56,0,0,0,0,0,0,0,0,0,0,0,0,0,0,0,0,0,0,0,0,0,0,102368
1,1,1,1,-457,-1332,-2480,241,-63,-189,-8,29,57,0,0,0,0,0,0,0,0,0,0,0,0,0,0,0,0,0,0,0,0,0,0,102378
1,1,1,1,-543,-1406,-2515,262,62,-76,-7,25,52,0,0,0,0,0,0,0,0,0,0,0,0,0,0,0,0,0,0,0,0,0,0,102388
1,1,1,1,-522,-1427,-2432,129,97,91,-9,30,52,0,0,0,0,0,0,0,0,0,0,0,0,0,0,0,0,0,0,0,0,0,0,102398
1,1,1,1,-560,-1409,-2377,78,72,258,-11,32,49,0,0,0,0,0,0,0,0,0,0,0,0,0,0,0,0,0,0,0,0,0,0,102408
1,1,1,1,-432,-1480,-2344,23,139,355,-14,32,45,0,0,0,0,0,0,0,0,0,0,0,0,0,0,0,0,0,0,0,0,0,0,102418
1,1,1,1,-378,-1480,-2313,-62,190,477,-12,32,44,0,0,0,0,0,0,0,0,0,0,0,0,0,0,0,0,0,0,0,0,0,0,102428
1,1,1,1,-292,-1418,-2311,-136,218,617,-10,28,39,0,0,0,0,0,0,0,0,0,0,0,0,0,0,0,0,0,0,0,0,0,0,102438
1,1,1,1,-174,-1332,-2289,-210,236,780,-10,29,41,0,0,0,0,0,0,0,0,0,0,0,0,0,0,0,0,0,0,0,0,0,0,102448
1,1,1,1,-50,-1261,-2333,-266,243,915,-8,26,41,0,0,0,0,0,0,0,0,0,0,0,0,0,0,0,0,0,0,0,0,0,0,102458
1,1,1,1,63,-1194,-2335,-355,195,990,-5,26,38,0,0,0,0,0,0,0,0,0,0,0,0,0,0,0,0,0,0,0,0,0,0,102468
1,1,1,1,193,-1124,-2299,-404,160,1022,-5,28,39,0,0,0,0,0,0,0,0,0,0,0,0,0,0,0,0,0,0,0,0,0,0,102478
1,1,1,1,344,-1062,-2272,-385,142,974,-8,27,39,0,0,0,0,0,0,0,0,0,0,0,0,0,0,0,0,0,0,0,0,0,0,102488
1,1,1,1,422,-1022,-2263,-296,128,832,-8,28,39,0,0,0,0,0,0,0,0,0,0,0,0,0,0,0,0,0,0,0,0,0,0,102498
1,1,1,1,411,-941,-2317,-178,139,731,-8,28,43,0,0,0,0,0,0,0,0,0,0,0,0,0,0,0,0,0,0,0,0,0,0,102508
1,1,1,1,398,-886,-2389,-100,136,683,-9,28,43,0,0,0,0,0,0,0,0,0,0,0,0,0,0,0,0,0,0,0,0,0,0,102518
1,1,1,1,370,-857,-2471,-80,149,647,-11,28,42,0,0,0,0,0,0,0,0,0,0,0,0,0,0,0,0,0,0,0,0,0,0,102528
1,1,1,1,309,-839,-2479,-37,186,598,-8,27,47,0,0,0,0,0,0,0,0,0,0,0,0,0,0,0,0,0,0,0,0,0,0,102538
1,1,1,1,297,-829,-2446,42,221,550,-8,28,51,0,0,0,0,0,0,0,0,0,0,0,0,0,0,0,0,0,0,0,0,0,0,102548
1,1,1,1,314,-820,-2457,100,219,480,-11,29,50,0,0,0,0,0,0,0,0,0,0,0,0,0,0,0,0,0,0,0,0,0,0,102558
1,1,1,1,273,-814,-2456,150,196,414,-8,28,49,0,0,0,0,0,0,0,0,0,0,0,0,0,0,0,0,0,0,0,0,0,0,102568
1,1,1,1,236,-818,-2426,222,176,368,-12,29,49,0,0,0,0,0,0,0,0,0,0,0,0,0,0,0,0,0,0,0,0,0,0,102578
1,1,1,1,182,-843,-2425,292,161,337,-12,31,51,0,0,0,0,0,0,0,0,0,0,0,0,0,0,0,0,0,0,0,0,0,0,102588
1,1,1,1,118,-903,-2447,338,113,301,-10,29,51,0,0,0,0,0,0,0,0,0,0,0,0,0,0,0,0,0,0,0,0,0,0,102598
1,1,1,1,50,-960,-2464,344,84,292,-10,29,51,0,0,0,0,0,0,0,0,0,0,0,0,0,0,0,0,0,0,0,0,0,0,102608
1,1,1,1,-15,-1035,-2491,282,78,331,-10,30,53,0,0,0,0,0,0,0,0,0,0,0,0,0,0,0,0,0,0,0,0,0,0,102618
1,1,1,1,-47,-1137,-2512,136,40,369,-10,29,52,0,0,0,0,0,0,0,0,0,0,0,0,0,0,0,0,0,0,0,0,0,0,102628
1,1,1,1,-32,-1182,-2490,16,10,377,-8,29,51,0,0,0,0,0,0,0,0,0,0,0,0,0,0,0,0,0,0,0,0,0,0,102638
1,1,1,1,-10,-1152,-2411,-92,-15,387,-10,29,47,0,0,0,0,0,0,0,0,0,0,0,0,0,0,0,0,0,0,0,0,0,0,102648
1,1,1,1,14,-1077,-2341,-112,-32,393,-7,30,49,0,0,0,0,0,0,0,0,0,0,0,0,0,0,0,0,0,0,0,0,0,0,102658
1,1,1,1,1,-1042,-2311,-48,-29,376,-7,28,46,0,0,0,0,0,0,0,0,0,0,0,0,0,0,0,0,0,0,0,0,0,0,102668
1,1,1,1,-11,-1030,-2310,5,-17,357,-5,26,43,0,0,0,0,0,0,0,0,0,0,0,0,0,0,0,0,0,0,0,0,0,0,102678
1,1,1,1,-15,-1001,-2322,35,2,353,-8,30,46,0,0,0,0,0,0,0,0,0,0,0,0,0,0,0,0,0,0,0,0,0,0,102688
1,1,1,1,-14,-983,-2355,56,12,363,-10,31,48,0,0,0,0,0,0,0,0,0,0,0,0,0,0,0,0,0,0,0,0,0,0,102698
1,1,1,1,14,-1005,-2405,21,30,382,-11,28,48,0,0,0,0,0,0,0,0,0,0,0,0,0,0,0,0,0,0,0,0,0,0,102708
1,1,1,1,47,-1022,-2427,-89,26,392,-11,30,47,0,0,0,0,0,0,0,0,0,0,0,0,0,0,0,0,0,0,0,0,0,0,102718
1,1,1,1,90,-1001,-2410,-186,27,377,-8,29,46,0,0,0,0,0,0,0,0,0,0,0,0,0,0,0,0,0,0,0,0,0,0,102728
1,1,1,1,135,-934,-2368,-232,26,360,-7,27,42,0,0,0,0,0,0,0,0,0,0,0,0,0,0,0,0,0,0,0,0,0,0,102738
1,1,1,1,195,-855,-2334,-200,25,342,-5,28,43,0,0,0,0,0,0,0,0,0,0,0,0,0,0,0,0,0,0,0,0,0,0,102748
1,1,1,1,255,-823,-2323,-112,41,280,-6,27,44,0,0,0,0,0,0,0,0,0,0,0,0,0,0,0,0,0,0,0,0,0,0,102758
1,1,1,1,265,-824,-2303,3,34,197,-6,28,44,0,0,0,0,0,0,0,0,0,0,0,0,0,0,0,0,0,0,0,0,0,0,102768
1,1,1,1,244,-842,-2330,91,26,125,-5,28,45,0,0,0,0,0,0,0,0,0,0,0,0,0,0,0,0,0,0,0,0,0,0,102778
1,1,1,1,201,-873,-2399,118,19,86,-6,28,47,0,0,0,0,0,0,0,0,0,0,0,0,0,0,0,0,0,0,0,0,0,0,102788
1,1,1,1,181,-895,-2433,117,4,40,-7,29,52,0,0,0,0,0,0,0,0,0,0,0,0,0,0,0,0,0,0,0,0,0,0,102798
1,1,1,1,196,-904,-2447,109,-18,-12,-8,29,52,0,0,0,0,0,0,0,0,0,0,0,0,0,0,0,0,0,0,0,0,0,0,102808
1,1,1,1,223,-913,-2448,51,-54,-73,-9,29,49,0,0,0,0,0,0,0,0,0,0,0,0,0,0,0,0,0,0,0,0,0,0,102818
1,1,1,1,245,-902,-2427,-16,-93,-142,-8,29,50,0,0,0,0,0,0,0,0,0,0,0,0,0,0,0,0,0,0,0,0,0,0,102828
1,1,1,1,253,-872,-2388,-45,-121,-210,-5,29,49,0,0,0,0,0,0,0,0,0,0,0,0,0,0,0,0,0,0,0,0,0,0,102838
1,1,1,1,254,-851,-2348,-44,-153,-282,-5,29,48,0,0,0,0,0,0,0,0,0,0,0,0,0,0,0,0,0,0,0,0,0,0,102848
1,1,1,1,223,-830,-2332,37,-154,-350,-4,29,49,0,0,0,0,0,0,0,0,0,0,0,0,0,0,0,0,0,0,0,0,0,0,102858
1,1,1,1,166,-815,-2330,133,-164,-412,-3,29,49,0,0,0,0,0,0,0,0,0,0,0,0,0,0,0,0,0,0,0,0,0,0,102868
1,1,1,1,107,-836,-2347,232,-151,-456,-4,30,51,0,0,0,0,0,0,0,0,0,0,0,0,0,0,0,0,0,0,0,0,0,0,102878
1,1,1,1,65,-900,-2364,314,-144,-496,-7,31,53,0,0,0,0,0,0,0,0,0,0,0,0,0,0,0,0,0,0,0,0,0,0,102888
1,1,1,1,10,-961,-2385,357,-129,-540,-8,31,54,0,0,0,0,0,0,0,0,0,0,0,0,0,0,0,0,0,0,0,0,0,0,102898
1,1,1,1,-54,-1029,-2397,346,-121,-559,-6,30,56,0,0,0,0,0,0,0,0,0,0,0,0,0,0,0,0,0,0,0,0,0,0,102908
1,1,1,1,-113,-1093,-2408,341,-102,-562,-6,30,56,0,0,0,0,0,0,0,0,0,0,0,0,0,0,0,0,0,0,0,0,0,0,102918
1,1,1,1,-149,-1136,-2408,279,-95,-547,-7,31,57,0,0,0,0,0,0,0,0,0,0,0,0,0,0,0,0,0,0,0,0,0,0,102928
1,1,1,1,-164,-1183,-2393,243,-93,-530,-8,30,55,0,0,0,0,0,0,0,0,0,0,0,0,0,0,0,0,0,0,0,0,0,0,102938
1,1,1,1,-181,-1234,-2411,169,-103,-489,-7,30,52,0,0,0,0,0,0,0,0,0,0,0,0,0,0,0,0,0,0,0,0,0,0,102948
1,1,1,1,-223,-1278,-2422,85,-109,-434,-9,30,54,0,0,0,0,0,0,0,0,0,0,0,0,0,0,0,0,0,0,0,0,0,0,102958
1,1,1,1,-256,-1267,-2395,34,-111,-347,-11,29,54,0,0,0,0,0,0,0,0,0,0,0,0,0,0,0,0,0,0,0,0,0,0,102968
1,1,1,1,-269,-1254,-2391,2,-103,-227,-8,28,51,0,0,0,0,0,0,0,0,0,0,0,0,0,0,0,0,0,0,0,0,0,0,102978
1,1,1,1,-237,-1232,-2387,-21,-114,-107,-9,27,48,0,0,0,0,0,0,0,0,0,0,0,0,0,0,0,0,0,0,0,0,0,0,102988
1,1,1,1,-144,-1210,-2387,-58,-132,-12,-12,28,50,0,0,0,0,0,0,0,0,0,0,0,0,0,0,0,0,0,0,0,0,0,0,102998
1,1,1,1,35,-1208,-2374,-124,-183,-5,-9,29,48,0,0,0,0,0,0,0,0,0,0,0,0,0,0,0,0,0,0,0,0,0,0,103008
1,1,1,1,198,-1204,-2372,-159,-226,-108,-8,26,47,0,0,0,0,0,0,0,0,0,0,0,0,0,0,0,0,0,0,0,0,0,0,103018
1,1,1,1,235,-1158,-2396,-141,-197,-197,-9,30,49,0,0,0,0,0,0,0,0,0,0,0,0,0,0,0,0,0,0,0,0,0,0,103028
1,1,1,1,193,-1074,-2457,-82,-108,-219,-11,30,50,0,0,0,0,0,0,0,0,0,0,0,0,0,0,0,0,0,0,0,0,0,0,103038
1,1,1,1,214,-1018,-2479,-92,-70,-204,-11,30,46,0,0,0,0,0,0,0,0,0,0,0,0,0,0,0,0,0,0,0,0,0,0,103048
1,1,1,1,330,-952,-2432,-214,-104,-161,-8,30,49,0,0,0,0,0,0,0,0,0,0,0,0,0,0,0,0,0,0,0,0,0,0,103058
1,1,1,1,427,-901,-2360,-163,-124,-200,-4,30,47,0,0,0,0,0,0,0,0,0,0,0,0,0,0,0,0,0,0,0,0,0,0,103068
1,1,1,1,445,-855,-2361,-9,-83,-293,-4,28,51,0,0,0,0,0,0,0,0,0,0,0,0,0,0,0,0,0,0,0,0,0,0,103078
1,1,1,1,376,-819,-2405,125,-32,-353,-6,29,52,0,0,0,0,0,0,0,0,0,0,0,0,0,0,0,0,0,0,0,0,0,0,103088
1,1,1,1,383,-846,-2395,272,16,-421,-7,30,53,0,0,0,0,0,0,0,0,0,0,0,0,0,0,0,0,0,0,0,0,0,0,103098
1,1,1,1,389,-872,-2388,319,13,-493,-7,30,54,0,0,0,0,0,0,0,0,0,0,0,0,0,0,0,0,0,0,0,0,0,0,103108
1,1,1,1,363,-912,-2350,318,-36,-551,-7,29,53,0,0,0,0,0,0,0,0,0,0,0,0,0,0,0,0,0,0,0,0,0,0,103118
1,1,1,1,361,-956,-2299,309,-111,-576,-7,30,53,0,0,0,0,0,0,0,0,0,0,0,0,0,0,0,0,0,0,0,0,0,0,103128
1,1,1,1,335,-984,-2293,266,-181,-587,-6,30,52,0,0,0,0,0,0,0,0,0,0,0,0,0,0,0,0,0,0,0,0,0,0,103138
1,1,1,1,304,-1008,-2253,257,-263,-611,-3,29,53,0,0,0,0,0,0,0,0,0,0,0,0,0,0,0,0,0,0,0,0,0,0,103148
1,1,1,1,288,-1049,-2210,284,-304,-714,-2,30,55,0,0,0,0,0,0,0,0,0,0,0,0,0,0,0,0,0,0,0,0,0,0,103158
1,1,1,1,288,-1049,-2210,368,-279,-784,-3,30,57,0,0,0,0,0,0,0,0,0,0,0,0,0,0,0,0,0,0,0,0,0,0,103168
1,1,1,1,122,-1152,-2293,495,-130,-894,-4,31,58,0,0,0,0,0,0,0,0,0,0,0,0,0,0,0,0,0,0,0,0,0,0,103178
1,1,1,1,-60,-1211,-2247,519,-124,-908,-5,30,66,0,0,0,0,0,0,0,0,0,0,0,0,0,0,0,0,0,0,0,0,0,0,103188
1,1,1,1,-388,-1316,-2351,542,-82,-889,-7,32,68,0,0,0,0,0,0,0,0,0,0,0,0,0,0,0,0,0,0,0,0,0,0,103198
1,1,1,1,-564,-1458,-2401,479,17,-800,-8,32,64,0,0,0,0,0,0,0,0,0,0,0,0,0,0,0,0,0,0,0,0,0,0,103208
1,1,1,1,-878,-1464,-2458,305,21,-572,-11,32,61,0,0,0,0,0,0,0,0,0,0,0,0,0,0,0,0,0,0,0,0,0,0,103218
1,1,1,1,-745,-1508,-2467,-18,16,-324,-8,32,64,0,0,0,0,0,0,0,0,0,0,0,0,0,0,0,0,0,0,0,0,0,0,103228
1,1,1,1,-515,-1537,-2390,-225,11,-262,-10,32,59,0,0,0,0,0,0,0,0,0,0,0,0,0,0,0,0,0,0,0,0,0,0,103238
1,1,1,1,-373,-1486,-2292,-255,73,-254,-10,31,60,0,0,0,0,0,0,0,0,0,0,0,0,0,0,0,0,0,0,0,0,0,0,103248
1,1,1,1,-431,-1327,-2267,-153,70,-132,-13,31,60,0,0,0,0,0,0,0,0,0,0,0,0,0,0,0,0,0,0,0,0,0,0,103258
1,1,1,1,-294,-1239,-2341,-115,116,-8,-16,34,62,0,0,0,0,0,0,0,0,0,0,0,0,0,0,0,0,0,0,0,0,0,0,103268
1,1,1,1,-253,-1156,-2353,-82,164,123,-14,32,58,0,0,0,0,0,0,0,0,0,0,0,0,0,0,0,0,0,0,0,0,0,0,103278
1,1,1,1,-224,-1100,-2370,-6,213,266,-14,32,54,0,0,0,0,0,0,0,0,0,0,0,0,0,0,0,0,0,0,0,0,0,0,103288
1,1,1,1,-149,-1068,-2436,-71,230,480,-12,31,51,0,0,0,0,0,0,0,0,0,0,0,0,0,0,0,0,0,0,0,0,0,0,103298
1,1,1,1,43,-1073,-2456,-126,184,580,-9,25,47,0,0,0,0,0,0,0,0,0,0,0,0,0,0,0,0,0,0,0,0,0,0,103308
1,1,1,1,313,-1128,-2413,-128,99,417,-6,31,51,0,0,0,0,0,0,0,0,0,0,0,0,0,0,0,0,0,0,0,0,0,0,103318
1,1,1,1,491,-1200,-2423,5,110,24,-4,28,43,0,0,0,0,0,0,0,0,0,0,0,0,0,0,0,0,0,0,0,0,0,0,103328
1,1,1,1,571,-1110,-2356,19,28,-106,-7,30,43,0,0,0,0,0,0,0,0,0,0,0,0,0,0,0,0,0,0,0,0,0,0,103338
1,1,1,1,597,-966,-2451,-60,-24,-103,-3,30,44,0,0,0,0,0,0,0,0,0,0,0,0,0,0,0,0,0,0,0,0,0,0,103348
1,1,1,1,673,-964,-2451,58,6,-169,0,29,41,0,0,0,0,0,0,0,0,0,0,0,0,0,0,0,0,0,0,0,0,0,0,103358
1,1,1,1,777,-957,-2373,133,-54,-233,1,28,46,0,0,0,0,0,0,0,0,0,0,0,0,0,0,0,0,0,0,0,0,0,0,103368
1,1,1,1,715,-980,-2435,272,-14,-391,2,28,45,0,0,0,0,0,0,0,0,0,0,0,0,0,0,0,0,0,0,0,0,0,0,103378
1,1,1,1,673,-998,-2433,363,21,-424,1,29,48,0,0,0,0,0,0,0,0,0,0,0,0,0,0,0,0,0,0,0,0,0,0,103388
1,1,1,1,619,-979,-2421,344,-8,-410,0,30,48,0,0,0,0,0,0,0,0,0,0,0,0,0,0,0,0,0,0,0,0,0,0,103398
1,1,1,1,586,-963,-2337,300,-116,-425,0,31,47,0,0,0,0,0,0,0,0,0,0,0,0,0,0,0,0,0,0,0,0,0,0,103408
1,1,1,1,554,-992,-2244,335,-255,-486,-1,31,49,0,0,0,0,0,0,0,0,0,0,0,0,0,0,0,0,0,0,0,0,0,0,103418
1,1,1,1,446,-1057,-2207,420,-371,-608,1,32,49,0,0,0,0,0,0,0,0,0,0,0,0,0,0,0,0,0,0,0,0,0,0,103428
1,1,1,1,288,-1113,-2248,483,-433,-704,-1,31,54,0,0,0,0,0,0,0,0,0,0,0,0,0,0,0,0,0,0,0,0,0,0,103438
1,1,1,1,-22,-1228,-2317,435,-307,-771,-1,34,60,0,0,0,0,0,0,0,0,0,0,0,0,0,0,0,0,0,0,0,0,0,0,103458
1,1,1,1,-227,-1254,-2341,470,-275,-706,-2,33,61,0,0,0,0,0,0,0,0,0,0,0,0,0,0,0,0,0,0,0,0,0,0,103468
1,1,1,1,-389,-1295,-2380,442,-186,-631,-4,33,63,0,0,0,0,0,0,0,0,0,0,0,0,0,0,0,0,0,0,0,0,0,0,103478
1,1,1,1,-483,-1361,-2381,447,-75,-570,-6,34,60,0,0,0,0,0,0,0,0,0,0,0,0,0,0,0,0,0,0,0,0,0,0,103488
1,1,1,1,-588,-1369,-2293,350,-116,-450,-6,32,62,0,0,0,0,0,0,0,0,0,0,0,0,0,0,0,0,0,0,0,0,0,0,103498
1,1,1,1,-508,-1488,-2342,318,-28,-396,-9,33,63,0,0,0,0,0,0,0,0,0,0,0,0,0,0,0,0,0,0,0,0,0,0,103508
1,1,1,1,-527,-1554,-2297,331,48,-331,-11,32,63,0,0,0,0,0,0,0,0,0,0,0,0,0,0,0,0,0,0,0,0,0,0,103518
1,1,1,1,-557,-1538,-2299,266,34,-167,-12,32,60,0,0,0,0,0,0,0,0,0,0,0,0,0,0,0,0,0,0,0,0,0,0,103528
1,1,1,1,-438,-1530,-2311,189,15,-28,-9,32,57,0,0,0,0,0,0,0,0,0,0,0,0,0,0,0,0,0,0,0,0,0,0,103538
1,1,1,1,-320,-1499,-2320,70,13,141,-9,30,54,0,0,0,0,0,0,0,0,0,0,0,0,0,0,0,0,0,0,0,0,0,0,103548
1,1,1,1,-186,-1452,-2314,29,41,259,-7,29,48,0,0,0,0,0,0,0,0,0,0,0,0,0,0,0,0,0,0,0,0,0,0,103558
1,1,1,1,12,-1388,-2272,-76,3,360,-6,29,49,0,0,0,0,0,0,0,0,0,0,0,0,0,0,0,0,0,0,0,0,0,0,103568
1,1,1,1,254,-1418,-2220,-112,-52,304,-4,29,52,0,0,0,0,0,0,0,0,0,0,0,0,0,0,0,0,0,0,0,0,0,0,103578
1,1,1,1,312,-1432,-2218,-11,-4,186,-5,29,47,0,0,0,0,0,0,0,0,0,0,0,0,0,0,0,0,0,0,0,0,0,0,103588
1,1,1,1,394,-1394,-2239,73,42,159,-6,31,49,0,0,0,0,0,0,0,0,0,0,0,0,0,0,0,0,0,0,0,0,0,0,103598
1,1,1,1,428,-1298,-2298,-33,28,183,-4,29,50,0,0,0,0,0,0,0,0,0,0,0,0,0,0,0,0,0,0,0,0,0,0,103608
1,1,1,1,477,-1268,-2304,-6,44,157,-7,31,50,0,0,0,0,0,0,0,0,0,0,0,0,0,0,0,0,0,0,0,0,0,0,103618
1,1,1,1,529,-1188,-2318,-84,10,174,-9,33,51,0,0,0,0,0,0,0,0,0,0,0,0,0,0,0,0,0,0,0,0,0,0,103628
1,1,1,1,540,-1126,-2334,-97,5,103,-7,32,55,0,0,0,0,0,0,0,0,0,0,0,0,0,0,0,0,0,0,0,0,0,0,103638
1,1,1,1,447,-1060,-2360,42,62,20,-3,29,52,0,0,0,0,0,0,0,0,0,0,0,0,0,0,0,0,0,0,0,0,0,0,103648
1,1,1,1,461,-965,-2286,180,54,-155,-2,31,53,0,0,0,0,0,0,0,0,0,0,0,0,0,0,0,0,0,0,0,0,0,0,103668
1,1,1,1,451,-931,-2200,278,-4,-225,-4,32,55,0,0,0,0,0,0,0,0,0,0,0,0,0,0,0,0,0,0,0,0,0,0,103678
1,1,1,1,399,-937,-2163,356,-50,-269,0,31,55,0,0,0,0,0,0,0,0,0,0,0,0,0,0,0,0,0,0,0,0,0,0,103688
1,1,1,1,316,-1016,-2164,498,-59,-338,1,31,58,0,0,0,0,0,0,0,0,0,0,0,0,0,0,0,0,0,0,0,0,0,0,103698
1,1,1,1,231,-1107,-2138,603,-112,-439,-2,31,59,0,0,0,0,0,0,0,0,0,0,0,0,0,0,0,0,0,0,0,0,0,0,103708
1,1,1,1,160,-1211,-2096,642,-163,-555,-1,31,62,0,0,0,0,0,0,0,0,0,0,0,0,0,0,0,0,0,0,0,0,0,0,103718
1,1,1,1,-63,-1307,-2118,733,-83,-608,-1,31,68,0,0,0,0,0,0,0,0,0,0,0,0,0,0,0,0,0,0,0,0,0,0,103728
1,1,1,1,-306,-1417,-2220,864,47,-620,-5,33,69,0,0,0,0,0,0,0,0,0,0,0,0,0,0,0,0,0,0,0,0,0,0,103738
1,1,1,1,-518,-1508,-2260,810,67,-568,-6,33,72,0,0,0,0,0,0,0,0,0,0,0,0,0,0,0,0,0,0,0,0,0,0,103748
1,1,1,1,-687,-1617,-2347,656,94,-458,-10,34,69,0,0,0,0,0,0,0,0,0,0,0,0,0,0,0,0,0,0,0,0,0,0,103758
1,1,1,1,-686,-1726,-2400,475,184,-319,-12,33,74,0,0,0,0,0,0,0,0,0,0,0,0,0,0,0,0,0,0,0,0,0,0,103768
1,1,1,1,-657,-1794,-2430,331,230,-273,-14,33,69,0,0,0,0,0,0,0,0,0,0,0,0,0,0,0,0,0,0,0,0,0,0,103778
1,1,1,1,-639,-1751,-2355,176,200,-109,-15,32,66,0,0,0,0,0,0,0,0,0,0,0,0,0,0,0,0,0,0,0,0,0,0,103788
1,1,1,1,-541,-1680,-2349,78,208,132,-17,32,60,0,0,0,0,0,0,0,0,0,0,0,0,0,0,0,0,0,0,0,0,0,0,103798
1,1,1,1,-401,-1596,-2321,-16,204,344,-17,32,53,0,0,0,0,0,0,0,0,0,0,0,0,0,0,0,0,0,0,0,0,0,0,103808
1,1,1,1,-181,-1509,-2314,-305,121,604,-15,32,50,0,0,0,0,0,0,0,0,0,0,0,0,0,0,0,0,0,0,0,0,0,0,103818
1,1,1,1,112,-1446,-2287,-508,68,768,-8,31,54,0,0,0,0,0,0,0,0,0,0,0,0,0,0,0,0,0,0,0,0,0,0,103828
1,1,1,1,541,-1536,-2222,-434,60,576,-6,32,54,0,0,0,0,0,0,0,0,0,0,0,0,0,0,0,0,0,0,0,0,0,0,103838
1,1,1,1,684,-1551,-2116,-172,122,94,-7,31,48,0,0,0,0,0,0,0,0,0,0,0,0,0,0,0,0,0,0,0,0,0,0,103848
1,1,1,1,658,-1318,-2140,-163,146,51,-7,31,43,0,0,0,0,0,0,0,0,0,0,0,0,0,0,0,0,0,0,0,0,0,0,103858
1,1,1,1,581,-1145,-2271,-181,121,183,-5,30,44,0,0,0,0,0,0,0,0,0,0,0,0,0,0,0,0,0,0,0,0,0,0,103868
1,1,1,1,772,-1140,-2265,-256,63,202,-4,29,45,0,0,0,0,0,0,0,0,0,0,0,0,0,0,0,0,0,0,0,0,0,0,103878
1,1,1,1,805,-1125,-2238,-154,85,22,0,26,45,0,0,0,0,0,0,0,0,0,0,0,0,0,0,0,0,0,0,0,0,0,0,103888
1,1,1,1,668,-1009,-2256,109,168,-142,-2,29,43,0,0,0,0,0,0,0,0,0,0,0,0,0,0,0,0,0,0,0,0,0,0,103898
1,1,1,1,657,-919,-2221,281,186,-203,-2,32,45,0,0,0,0,0,0,0,0,0,0,0,0,0,0,0,0,0,0,0,0,0,0,103908
1,1,1,1,639,-839,-2169,337,146,-239,1,26,46,0,0,0,0,0,0,0,0,0,0,0,0,0,0,0,0,0,0,0,0,0,0,103918
1,1,1,1,594,-848,-2090,501,42,-319,0,32,53,0,0,0,0,0,0,0,0,0,0,0,0,0,0,0,0,0,0,0,0,0,0,103928
1,1,1,1,544,-949,-2059,728,-66,-499,0,34,52,0,0,0,0,0,0,0,0,0,0,0,0,0,0,0,0,0,0,0,0,0,0,103938
1,1,1,1,410,-1024,-2069,884,-147,-682,1,32,56,0,0,0,0,0,0,0,0,0,0,0,0,0,0,0,0,0,0,0,0,0,0,103948
1,1,1,1,163,-1117,-2117,1137,-142,-841,2,32,60,0,0,0,0,0,0,0,0,0,0,0,0,0,0,0,0,0,0,0,0,0,0,103958
1,1,1,1,-90,-1232,-2150,1401,-58,-922,0,33,62,0,0,0,0,0,0,0,0,0,0,0,0,0,0,0,0,0,0,0,0,0,0,103968
1,1,1,1,-393,-1369,-2213,1620,55,-914,3,34,65,0,0,0,0,0,0,0,0,0,0,0,0,0,0,0,0,0,0,0,0,0,0,103978
1,1,1,1,-608,-1586,-2242,1815,143,-868,3,32,59,0,0,0,0,0,0,0,0,0,0,0,0,0,0,0,0,0,0,0,0,0,0,103988
1,1,1,1,-693,-1781,-2249,1862,197,-744,-1,33,61,0,0,0,0,0,0,0,0,0,0,0,0,0,0,0,0,0,0,0,0,0,0,103998
1,1,1,1,-567,-1970,-2204,1685,218,-629,0,31,56,0,0,0,0,0,0,0,0,0,0,0,0,0,0,0,0,0,0,0,0,0,0,104008
1,1,1,1,-560,-1992,-2130,1593,302,-505,-1,30,52,0,0,0,0,0,0,0,0,0,0,0,0,0,0,0,0,0,0,0,0,0,0,104018
1,1,1,1,-492,-1895,-2017,1582,343,-308,1,29,45,0,0,0,0,0,0,0,0,0,0,0,0,0,0,0,0,0,0,0,0,0,0,104028
1,1,1,1,-278,-1768,-1938,1569,357,-132,0,28,38,0,0,0,0,0,0,0,0,0,0,0,0,0,0,0,0,0,0,0,0,0,0,104038
1,1,1,1,-4,-1675,-1874,1575,367,-63,6,27,36,0,0,0,0,0,0,0,0,0,0,0,0,0,0,0,0,0,0,0,0,0,0,104048
1,1,1,1,147,-1642,-1861,1774,416,-170,7,26,35,0,0,0,0,0,0,0,0,0,0,0,0,0,0,0,0,0,0,0,0,0,0,104058
1,1,1,1,267,-1662,-1994,2043,558,-359,10,24,31,0,0,0,0,0,0,0,0,0,0,0,0,0,0,0,0,0,0,0,0,0,0,104068
1,1,1,1,372,-1693,-2027,2293,731,-526,9,24,29,0,0,0,0,0,0,0,0,0,0,0,0,0,0,0,0,0,0,0,0,0,0,104078
1,1,1,1,465,-1643,-1988,2144,757,-516,8,22,24,0,0,0,0,0,0,0,0,0,0,0,0,0,0,0,0,0,0,0,0,0,0,104088
1,1,1,1,455,-1541,-1981,1797,786,-406,2,21,22,0,0,0,0,0,0,0,0,0,0,0,0,0,0,0,0,0,0,0,0,0,0,104098
1,1,1,1,436,-1477,-1940,1449,779,-270,5,20,21,0,0,0,0,0,0,0,0,0,0,0,0,0,0,0,0,0,0,0,0,0,0,104108
1,1,1,1,411,-1455,-1912,1148,649,-216,5,21,21,0,0,0,0,0,0,0,0,0,0,0,0,0,0,0,0,0,0,0,0,0,0,104118
1,1,1,1,379,-1458,-1888,1034,575,-248,9,20,21,0,0,0,0,0,0,0,0,0,0,0,0,0,0,0,0,0,0,0,0,0,0,104128
1,1,1,1,386,-1471,-1827,1263,496,-327,14,19,21,0,0,0,0,0,0,0,0,0,0,0,0,0,0,0,0,0,0,0,0,0,0,104138
1,1,1,1,378,-1505,-1805,1622,483,-486,16,20,24,0,0,0,0,0,0,0,0,0,0,0,0,0,0,0,0,0,0,0,0,0,0,104148
1,1,1,1,401,-1596,-1827,2179,538,-708,15,19,23,0,0,0,0,0,0,0,0,0,0,0,0,0,0,0,0,0,0,0,0,0,0,104158
1,1,1,1,418,-1722,-1909,2656,613,-805,11,19,25,0,0,0,0,0,0,0,0,0,0,0,0,0,0,0,0,0,0,0,0,0,0,104168
1,1,1,1,397,-1903,-1982,2729,720,-761,11,18,20,0,0,0,0,0,0,0,0,0,0,0,0,0,0,0,0,0,0,0,0,0,0,104178
1,1,1,1,403,-2042,-1972,2445,836,-590,8,18,16,0,0,0,0,0,0,0,0,0,0,0,0,0,0,0,0,0,0,0,0,0,0,104188
1,1,1,1,430,-2095,-1929,2089,984,-342,6,18,16,0,0,0,0,0,0,0,0,0,0,0,0,0,0,0,0,0,0,0,0,0,0,104198
1,1,1,1,475,-2098,-1877,1839,1133,-132,5,18,15,0,0,0,0,0,0,0,0,0,0,0,0,0,0,0,0,0,0,0,0,0,0,104208
1,1,1,1,544,-2074,-1826,1775,1264,-55,6,19,18,0,0,0,0,0,0,0,0,0,0,0,0,0,0,0,0,0,0,0,0,0,0,104218
1,1,1,1,557,-2026,-1675,1761,1373,-132,7,16,21,0,0,0,0,0,0,0,0,0,0,0,0,0,0,0,0,0,0,0,0,0,0,104228
1,1,1,1,564,-2016,-1560,1867,1431,-294,7,18,23,0,0,0,0,0,0,0,0,0,0,0,0,0,0,0,0,0,0,0,0,0,0,104238
1,1,1,1,614,-1986,-1456,2095,1415,-494,12,17,24,0,0,0,0,0,0,0,0,0,0,0,0,0,0,0,0,0,0,0,0,0,0,104248
1,1,1,1,671,-1965,-1349,2327,1329,-680,14,18,25,0,0,0,0,0,0,0,0,0,0,0,0,0,0,0,0,0,0,0,0,0,0,104258
1,1,1,1,657,-1941,-1275,2735,1114,-860,14,19,26,0,0,0,0,0,0,0,0,0,0,0,0,0,0,0,0,0,0,0,0,0,0,104278
1,1,1,1,628,-1907,-1278,3012,1067,-893,15,18,26,0,0,0,0,0,0,0,0,0,0,0,0,0,0,0,0,0,0,0,0,0,0,104288
1,1,1,1,552,-1884,-1245,3259,1096,-935,17,18,27,0,0,0,0,0,0,0,0,0,0,0,0,0,0,0,0,0,0,0,0,0,0,104298
1,1,1,1,491,-1873,-1228,3687,1203,-1027,19,17,28,0,0,0,0,0,0,0,0,0,0,0,0,0,0,0,0,0,0,0,0,0,0,104308
1,1,1,1,487,-1905,-1167,4072,1303,-1115,14,19,28,0,0,0,0,0,0,0,0,0,0,0,0,0,0,0,0,0,0,0,0,0,0,104318
1,1,1,1,522,-1980,-1090,4232,1324,-1218,15,18,30,0,0,0,0,0,0,0,0,0,0,0,0,0,0,0,0,0,0,0,0,0,0,104328
1,1,1,1,522,-1980,-1090,4241,1271,-1297,13,19,28,0,0,0,0,0,0,0,0,0,0,0,0,0,0,0,0,0,0,0,0,0,0,104338
1,1,1,1,574,-2086,-821,4148,1174,-1304,16,19,27,0,0,0,0,0,0,0,0,0,0,0,0,0,0,0,0,0,0,0,0,0,0,104348
1,1,1,1,568,-2099,-677,3966,1063,-1226,12,20,27,0,0,0,0,0,0,0,0,0,0,0,0,0,0,0,0,0,0,0,0,0,0,104358
1,1,1,1,582,-2142,-532,3705,932,-1077,9,20,23,0,0,0,0,0,0,0,0,0,0,0,0,0,0,0,0,0,0,0,0,0,0,104368
1,1,1,1,593,-2155,-510,3431,800,-943,11,20,25,0,0,0,0,0,0,0,0,0,0,0,0,0,0,0,0,0,0,0,0,0,0,104378
1,1,1,1,610,-2181,-372,3264,707,-885,13,19,27,0,0,0,0,0,0,0,0,0,0,0,0,0,0,0,0,0,0,0,0,0,0,104388
1,1,1,1,603,-2159,-319,3440,744,-977,15,18,28,0,0,0,0,0,0,0,0,0,0,0,0,0,0,0,0,0,0,0,0,0,0,104398
1,1,1,1,596,-2126,-241,3891,938,-1237,18,17,33,0,0,0,0,0,0,0,0,0,0,0,0,0,0,0,0,0,0,0,0,0,0,104408
1,1,1,1,623,-2075,-36,4446,1202,-1537,18,19,31,0,0,0,0,0,0,0,0,0,0,0,0,0,0,0,0,0,0,0,0,0,0,104418
1,1,1,1,788,-2141,180,4809,1348,-1727,16,20,32,0,0,0,0,0,0,0,0,0,0,0,0,0,0,0,0,0,0,0,0,0,0,104428
1,1,1,1,978,-2283,355,4671,1270,-1755,13,20,32,0,0,0,0,0,0,0,0,0,0,0,0,0,0,0,0,0,0,0,0,0,0,104438
1,1,1,1,1111,-2333,510,4215,1103,-1715,10,21,31,0,0,0,0,0,0,0,0,0,0,0,0,0,0,0,0,0,0,0,0,0,0,104448
1,1,1,1,1184,-2252,706,3424,863,-1632,10,21,31,0,0,0,0,0,0,0,0,0,0,0,0,0,0,0,0,0,0,0,0,0,0,104458
1,1,1,1,1256,-2029,860,3059,696,-1568,12,21,32,0,0,0,0,0,0,0,0,0,0,0,0,0,0,0,0,0,0,0,0,0,0,104468
1,1,1,1,1328,-1646,1050,3230,570,-1598,9,25,31,0,0,0,0,0,0,0,0,0,0,0,0,0,0,0,0,0,0,0,0,0,0,104488
1,1,1,1,1342,-1538,1036,3386,537,-1607,12,21,33,0,0,0,0,0,0,0,0,0,0,0,0,0,0,0,0,0,0,0,0,0,0,104498
1,1,1,1,1292,-1482,934,3635,566,-1724,17,22,35,0,0,0,0,0,0,0,0,0,0,0,0,0,0,0,0,0,0,0,0,0,0,104508
1,1,1,1,1225,-1362,899,4291,757,-1925,18,19,32,0,0,0,0,0,0,0,0,0,0,0,0,0,0,0,0,0,0,0,0,0,0,104518
1,1,1,1,1183,-1327,949,4749,1027,-2054,17,18,33,0,0,0,0,0,0,0,0,0,0,0,0,0,0,0,0,0,0,0,0,0,0,104528
1,1,1,1,1219,-1451,969,4718,1242,-2041,11,20,29,0,0,0,0,0,0,0,0,0,0,0,0,0,0,0,0,0,0,0,0,0,0,104538
1,1,1,1,1283,-1538,1005,4651,1375,-1800,16,17,25,0,0,0,0,0,0,0,0,0,0,0,0,0,0,0,0,0,0,0,0,0,0,104548
1,1,1,1,1201,-1431,975,4633,1567,-1532,12,19,31,0,0,0,0,0,0,0,0,0,0,0,0,0,0,0,0,0,0,0,0,0,0,104558
1,1,1,1,1280,-1380,1323,4127,1578,-1481,12,19,34,0,0,0,0,0,0,0,0,0,0,0,0,0,0,0,0,0,0,0,0,0,0,104568
1,1,1,1,1313,-1315,1486,3654,1406,-1515,13,20,34,0,0,0,0,0,0,0,0,0,0,0,0,0,0,0,0,0,0,0,0,0,0,104578
1,1,1,1,1271,-1143,1470,3408,1159,-1619,14,21,35,0,0,0,0,0,0,0,0,0,0,0,0,0,0,0,0,0,0,0,0,0,0,104588
1,1,1,1,1208,-961,1338,3498,982,-1779,21,21,36,0,0,0,0,0,0,0,0,0,0,0,0,0,0,0,0,0,0,0,0,0,0,104598
1,1,1,1,1148,-780,1215,4124,831,-2097,25,20,40,0,0,0,0,0,0,0,0,0,0,0,0,0,0,0,0,0,0,0,0,0,0,104608
1,1,1,1,1074,-645,1234,5012,793,-2530,19,20,41,0,0,0,0,0,0,0,0,0,0,0,0,0,0,0,0,0,0,0,0,0,0,104618
1,1,1,1,1071,-578,1358,5190,765,-2836,19,20,35,0,0,0,0,0,0,0,0,0,0,0,0,0,0,0,0,0,0,0,0,0,0,104628
1,1,1,1,1144,-579,1366,5081,741,-2759,14,21,32,0,0,0,0,0,0,0,0,0,0,0,0,0,0,0,0,0,0,0,0,0,0,104638
1,1,1,1,1221,-694,1351,4506,697,-2385,4,21,25,0,0,0,0,0,0,0,0,0,0,0,0,0,0,0,0,0,0,0,0,0,0,104648
1,1,1,1,1260,-626,1458,3235,544,-1965,5,20,27,0,0,0,0,0,0,0,0,0,0,0,0,0,0,0,0,0,0,0,0,0,0,104658
1,1,1,1,1333,-298,1427,2159,415,-1628,8,21,26,0,0,0,0,0,0,0,0,0,0,0,0,0,0,0,0,0,0,0,0,0,0,104668
1,1,1,1,1376,-120,1287,1628,321,-1444,5,20,24,0,0,0,0,0,0,0,0,0,0,0,0,0,0,0,0,0,0,0,0,0,0,104678
1,1,1,1,1279,77,1237,1245,236,-1309,5,20,25,0,0,0,0,0,0,0,0,0,0,0,0,0,0,0,0,0,0,0,0,0,0,104688
1,1,1,1,1136,363,1192,1165,216,-1140,11,18,23,0,0,0,0,0,0,0,0,0,0,0,0,0,0,0,0,0,0,0,0,0,0,104698
1,1,1,1,993,614,1004,1503,378,-980,25,19,24,0,0,0,0,0,0,0,0,0,0,0,0,0,0,0,0,0,0,0,0,0,0,104708
1,1,1,1,710,709,1084,2812,625,-901,10,20,29,0,0,0,0,0,0,0,0,0,0,0,0,0,0,0,0,0,0,0,0,0,0,104718
1,1,1,1,943,202,1617,3373,685,-1066,2,20,28,0,0,0,0,0,0,0,0,0,0,0,0,0,0,0,0,0,0,0,0,0,0,104728
1,1,1,1,1509,-182,1030,2060,677,-1090,6,18,23,0,0,0,0,0,0,0,0,0,0,0,0,0,0,0,0,0,0,0,0,0,0,104738
1,1,1,1,1480,-131,1025,1535,803,-953,-2,18,19,0,0,0,0,0,0,0,0,0,0,0,0,0,0,0,0,0,0,0,0,0,0,104748
1,1,1,1,1261,-63,1064,668,1066,-747,-3,17,18,0,0,0,0,0,0,0,0,0,0,0,0,0,0,0,0,0,0,0,0,0,0,104758
1,1,1,1,1057,9,1090,-282,1275,-477,-5,16,17,0,0,0,0,0,0,0,0,0,0,0,0,0,0,0,0,0,0,0,0,0,0,104768
1,1,1,1,1105,162,1050,-963,1534,-213,-3,16,18,0,0,0,0,0,0,0,0,0,0,0,0,0,0,0,0,0,0,0,0,0,0,104778
1,1,1,1,1155,418,989,-1159,1817,-65,-4,18,17,0,0,0,0,0,0,0,0,0,0,0,0,0,0,0,0,0,0,0,0,0,0,104788
1,1,1,1,973,574,1024,-920,2077,35,-3,15,16,0,0,0,0,0,0,0,0,0,0,0,0,0,0,0,0,0,0,0,0,0,0,104798
1,1,1,1,930,408,1113,-1025,2291,271,-6,13,10,0,0,0,0,0,0,0,0,0,0,0,0,0,0,0,0,0,0,0,0,0,0,104808
1,1,1,1,916,230,1194,-1307,2442,615,-4,17,9,0,0,0,0,0,0,0,0,0,0,0,0,0,0,0,0,0,0,0,0,0,0,104818
1,1,1,1,939,-116,1492,-1072,2466,717,-5,17,19,0,0,0,0,0,0,0,0,0,0,0,0,0,0,0,0,0,0,0,0,0,0,104828
1,1,1,1,1229,-137,1649,-771,2159,304,4,17,19,0,0,0,0,0,0,0,0,0,0,0,0,0,0,0,0,0,0,0,0,0,0,104838
1,1,1,1,1225,158,1853,72,1631,-102,13,18,19,0,0,0,0,0,0,0,0,0,0,0,0,0,0,0,0,0,0,0,0,0,0,104848
1,1,1,1,956,357,2089,1051,1079,-238,15,20,18,0,0,0,0,0,0,0,0,0,0,0,0,0,0,0,0,0,0,0,0,0,0,104858
1,1,1,1,856,337,1707,2050,683,-327,5,19,21,0,0,0,0,0,0,0,0,0,0,0,0,0,0,0,0,0,0,0,0,0,0,104868
1,1,1,1,836,-49,1477,1822,759,-353,12,17,15,0,0,0,0,0,0,0,0,0,0,0,0,0,0,0,0,0,0,0,0,0,0,104878
1,1,1,1,732,-187,1449,1621,998,-127,8,16,11,0,0,0,0,0,0,0,0,0,0,0,0,0,0,0,0,0,0,0,0,0,0,104888
1,1,1,1,690,26,1510,1591,1142,32,3,17,13,0,0,0,0,0,0,0,0,0,0,0,0,0,0,0,0,0,0,0,0,0,0,104898
1,1,1,1,480,140,1503,1153,1282,217,11,17,13,0,0,0,0,0,0,0,0,0,0,0,0,0,0,0,0,0,0,0,0,0,0,104908
1,1,1,1,369,299,1354,1402,1409,316,7,16,12,0,0,0,0,0,0,0,0,0,0,0,0,0,0,0,0,0,0,0,0,0,0,104918
1,1,1,1,568,190,1243,1948,1478,337,40,20,19,0,0,0,0,0,0,0,0,0,0,0,0,0,0,0,0,0,0,0,0,0,0,104928
1,1,1,1,795,521,1106,4260,1080,241,-14,20,13,0,0,0,0,0,0,0,0,0,0,0,0,0,0,0,0,0,0,0,0,0,0,104938
1,1,1,1,777,-226,2277,2219,856,276,3,19,11,0,0,0,0,0,0,0,0,0,0,0,0,0,0,0,0,0,0,0,0,0,0,104948
1,1,1,1,770,689,1959,802,779,484,5,19,9,0,0,0,0,0,0,0,0,0,0,0,0,0,0,0,0,0,0,0,0,0,0,104958
1,1,1,1,944,711,1528,1065,738,510,15,19,14,0,0,0,0,0,0,0,0,0,0,0,0,0,0,0,0,0,0,0,0,0,0,104968
1,1,1,1,791,789,1417,1950,728,383,54,19,5,0,0,0,0,0,0,0,0,0,0,0,0,0,0,0,0,0,0,0,0,0,0,104978
1,1,1,1,552,933,1310,5470,709,896,24,18,-7,0,0,0,0,0,0,0,0,0,0,0,0,0,0,0,0,0,0,0,0,0,0,104988
1,1,1,1,464,216,1174,6865,867,2405,-14,16,-13,0,0,0,0,0,0,0,0,0,0,0,0,0,0,0,0,0,0,0,0,0,0,104998
1,1,1,1,85,115,1142,2757,1185,3649,-22,15,-9,0,0,0,0,0,0,0,0,0,0,0,0,0,0,0,0,0,0,0,0,0,0,105008
1,1,1,1,-218,516,1492,-761,1597,4214,-7,15,-10,0,0,0,0,0,0,0,0,0,0,0,0,0,0,0,0,0,0,0,0,0,0,105018
1,1,1,1,128,731,1485,-1439,1964,3823,-4,13,6,0,0,0,0,0,0,0,0,0,0,0,0,0,0,0,0,0,0,0,0,0,0,105028
1,1,1,1,521,665,1336,-1015,2369,2824,-1,12,15,0,0,0,0,0,0,0,0,0,0,0,0,0,0,0,0,0,0,0,0,0,0,105038
1,1,1,1,541,664,1332,-694,2661,1917,1,12,22,0,0,0,0,0,0,0,0,0,0,0,0,0,0,0,0,0,0,0,0,0,0,105048
1,1,1,1,404,677,1370,-391,2961,794,0,13,22,0,0,0,0,0,0,0,0,0,0,0,0,0,0,0,0,0,0,0,0,0,0,105058
1,1,1,1,371,670,1404,-247,3109,-49,2,13,24,0,0,0,0,0,0,0,0,0,0,0,0,0,0,0,0,0,0,0,0,0,0,105068
1,1,1,1,447,757,1328,15,2990,-632,-1,21,27,0,0,0,0,0,0,0,0,0,0,0,0,0,0,0,0,0,0,0,0,0,0,105078
1,1,1,1,436,838,1063,589,2344,-1022,10,22,27,0,0,0,0,0,0,0,0,0,0,0,0,0,0,0,0,0,0,0,0,0,0,105088
1,1,1,1,330,848,927,1394,1168,-1090,12,21,19,0,0,0,0,0,0,0,0,0,0,0,0,0,0,0,0,0,0,0,0,0,0,105098
1,1,1,1,261,892,969,1925,-54,-772,9,27,18,0,0,0,0,0,0,0,0,0,0,0,0,0,0,0,0,0,0,0,0,0,0,105108
1,1,1,1,313,1037,972,2476,-712,-269,6,19,14,0,0,0,0,0,0,0,0,0,0,0,0,0,0,0,0,0,0,0,0,0,0,105118
1,1,1,1,314,754,1141,2106,-751,41,-1,18,13,0,0,0,0,0,0,0,0,0,0,0,0,0,0,0,0,0,0,0,0,0,0,105128
1,1,1,1,100,701,1488,1110,-421,156,-1,16,12,0,0,0,0,0,0,0,0,0,0,0,0,0,0,0,0,0,0,0,0,0,0,105138
1,1,1,1,-17,607,1745,529,101,177,0,16,14,0,0,0,0,0,0,0,0,0,0,0,0,0,0,0,0,0,0,0,0,0,0,105148
1,1,1,1,-21,570,1729,351,606,96,-4,21,15,0,0,0,0,0,0,0,0,0,0,0,0,0,0,0,0,0,0,0,0,0,0,105158
1,1,1,1,39,634,1566,72,905,-85,0,15,14,0,0,0,0,0,0,0,0,0,0,0,0,0,0,0,0,0,0,0,0,0,0,105168
1,1,1,1,53,740,1451,-172,953,-267,-1,17,18,0,0,0,0,0,0,0,0,0,0,0,0,0,0,0,0,0,0,0,0,0,0,105178
1,1,1,1,84,794,1311,-118,838,-396,3,16,19,0,0,0,0,0,0,0,0,0,0,0,0,0,0,0,0,0,0,0,0,0,0,105188
1,1,1,1,107,883,1182,96,716,-421,4,18,16,0,0,0,0,0,0,0,0,0,0,0,0,0,0,0,0,0,0,0,0,0,0,105198
1,1,1,1,64,939,1123,453,523,-389,4,17,15,0,0,0,0,0,0,0,0,0,0,0,0,0,0,0,0,0,0,0,0,0,0,105208
1,1,1,1,28,969,1054,718,373,-300,3,18,14,0,0,0,0,0,0,0,0,0,0,0,0,0,0,0,0,0,0,0,0,0,0,105218
1,1,1,1,46,975,1203,766,295,-193,4,17,14,0,0,0,0,0,0,0,0,0,0,0,0,0,0,0,0,0,0,0,0,0,0,105228
1,1,1,1,89,1012,1347,869,306,-141,12,18,13,0,0,0,0,0,0,0,0,0,0,0,0,0,0,0,0,0,0,0,0,0,0,105238
1,1,1,1,173,1008,1164,1816,214,-125,22,20,17,0,0,0,0,0,0,0,0,0,0,0,0,0,0,0,0,0,0,0,0,0,0,105248
1,1,1,1,150,1014,901,3135,-221,-109,15,22,13,0,0,0,0,0,0,0,0,0,0,0,0,0,0,0,0,0,0,0,0,0,0,105258
1,1,1,1,104,698,1003,3733,-831,109,3,23,0,0,0,0,0,0,0,0,0,0,0,0,0,0,0,0,0,0,0,0,0,0,0,105268
1,1,1,1,-249,1042,2127,2754,-165,-92,-11,4,37,0,0,0,0,0,0,0,0,0,0,0,0,0,0,0,0,0,0,0,0,0,0,105278
1,1,1,1,-117,822,1852,-25,1174,-895,0,34,-5,0,0,0,0,0,0,0,0,0,0,0,0,0,0,0,0,0,0,0,0,0,0,105288
1,1,1,1,269,630,981,-193,184,260,0,14,26,0,0,0,0,0,0,0,0,0,0,0,0,0,0,0,0,0,0,0,0,0,0,105298
1,1,1,1,393,858,1101,506,-116,768,8,7,19,0,0,0,0,0,0,0,0,0,0,0,0,0,0,0,0,0,0,0,0,0,0,105308
1,1,1,1,131,1416,1570,589,686,141,-4,22,18,0,0,0,0,0,0,0,0,0,0,0,0,0,0,0,0,0,0,0,0,0,0,105318
1,1,1,1,166,764,801,-23,527,532,-8,12,-7,0,0,0,0,0,0,0,0,0,0,0,0,0,0,0,0,0,0,0,0,0,0,105328
1,1,1,1,-22,1304,1193,57,802,306,2,19,18,0,0,0,0,0,0,0,0,0,0,0,0,0,0,0,0,0,0,0,0,0,0,105338
1,1,1,1,229,855,652,-201,544,589,-3,15,19,0,0,0,0,0,0,0,0,0,0,0,0,0,0,0,0,0,0,0,0,0,0,105348
1,1,1,1,102,1350,1005,-28,766,288,2,19,6,0,0,0,0,0,0,0,0,0,0,0,0,0,0,0,0,0,0,0,0,0,0,105358
1,1,1,1,140,1076,745,40,491,464,-1,15,15,0,0,0,0,0,0,0,0,0,0,0,0,0,0,0,0,0,0,0,0,0,0,105368
1,1,1,1,67,1020,881,117,574,184,-3,18,8,0,0,0,0,0,0,0,0,0,0,0,0,0,0,0,0,0,0,0,0,0,0,105378
1,1,1,1,-43,1031,896,85,449,132,-5,17,14,0,0,0,0,0,0,0,0,0,0,0,0,0,0,0,0,0,0,0,0,0,0,105388
1,1,1,1,-55,912,917,-23,504,-98,0,15,25,0,0,0,0,0,0,0,0,0,0,0,0,0,0,0,0,0,0,0,0,0,0,105398
1,1,1,1,-33,907,945,-148,435,-157,1,12,19,0,0,0,0,0,0,0,0,0,0,0,0,0,0,0,0,0,0,0,0,0,0,105408
1,1,1,1,13,947,1013,-175,437,-281,-3,18,14,0,0,0,0,0,0,0,0,0,0,0,0,0,0,0,0,0,0,0,0,0,0,105418
1,1,1,1,98,1040,993,-17,404,-335,4,14,18,0,0,0,0,0,0,0,0,0,0,0,0,0,0,0,0,0,0,0,0,0,0,105428
1,1,1,1,87,1039,986,167,379,-395,-5,18,13,0,0,0,0,0,0,0,0,0,0,0,0,0,0,0,0,0,0,0,0,0,0,105438
1,1,1,1,4,1010,955,20,425,-373,-1,14,14,0,0,0,0,0,0,0,0,0,0,0,0,0,0,0,0,0,0,0,0,0,0,105448
1,1,1,1,0,1056,926,171,514,-344,0,17,13,0,0,0,0,0,0,0,0,0,0,0,0,0,0,0,0,0,0,0,0,0,0,105458
1,1,1,1,89,1752,2178,-191,381,-222,0,42,15,0,0,0,0,0,0,0,0,0,0,0,0,0,0,0,0,0,0,0,0,0,0,105468
1,1,1,1,335,801,1187,-143,-308,156,3,-1,-1,0,0,0,0,0,0,0,0,0,0,0,0,0,0,0,0,0,0,0,0,0,0,105478
1,1,1,1,-127,882,939,1019,-63,-228,5,10,12,0,0,0,0,0,0,0,0,0,0,0,0,0,0,0,0,0,0,0,0,0,0,105488
1,1,1,1,-271,1099,1155,623,-94,-189,1,17,17,0,0,0,0,0,0,0,0,0,0,0,0,0,0,0,0,0,0,0,0,0,0,105498
1,1,1,1,-271,1099,1155,418,-232,-138,3,12,11,0,0,0,0,0,0,0,0,0,0,0,0,0,0,0,0,0,0,0,0,0,0,105508
1,1,1,1,-116,887,1054,546,-209,-299,4,14,13,0,0,0,0,0,0,0,0,0,0,0,0,0,0,0,0,0,0,0,0,0,0,105518
1,1,1,1,-57,1083,976,565,-233,-222,6,15,6,0,0,0,0,0,0,0,0,0,0,0,0,0,0,0,0,0,0,0,0,0,0,105528
1,1,1,1,-6,1122,913,578,-116,-127,0,13,5,0,0,0,0,0,0,0,0,0,0,0,0,0,0,0,0,0,0,0,0,0,0,105538
1,1,1,1,57,1065,926,247,7,-3,-1,13,3,0,0,0,0,0,0,0,0,0,0,0,0,0,0,0,0,0,0,0,0,0,0,105548
1,1,1,1,6,1066,927,-127,34,22,-2,14,7,0,0,0,0,0,0,0,0,0,0,0,0,0,0,0,0,0,0,0,0,0,0,105558
1,1,1,1,1,1053,956,-388,24,16,-1,14,2,0,0,0,0,0,0,0,0,0,0,0,0,0,0,0,0,0,0,0,0,0,0,105568
1,1,1,1,3,1025,1015,-467,12,1,-2,15,3,0,0,0,0,0,0,0,0,0,0,0,0,0,0,0,0,0,0,0,0,0,0,105578
1,1,1,1,0,1016,1030,-428,1,-6,3,14,3,0,0,0,0,0,0,0,0,0,0,0,0,0,0,0,0,0,0,0,0,0,0,105588
1,1,1,1,0,996,1084,-143,7,-1,6,14,5,0,0,0,0,0,0,0,0,0,0,0,0,0,0,0,0,0,0,0,0,0,0,105598
1,1,1,1,0,982,1119,304,12,1,5,14,6,0,0,0,0,0,0,0,0,0,0,0,0,0,0,0,0,0,0,0,0,0,0,105608
1,1,1,1,-2,991,1109,710,11,7,3,15,4,0,0,0,0,0,0,0,0,0,0,0,0,0,0,0,0,0,0,0,0,0,0,105618
1,1,1,1,0,1018,1064,902,8,5,3,15,5,0,0,0,0,0,0,0,0,0,0,0,0,0,0,0,0,0,0,0,0,0,0,105628
1,1,1,1,0,1059,988,807,17,6,0,15,4,0,0,0,0,0,0,0,0,0,0,0,0,0,0,0,0,0,0,0,0,0,0,105638
1,1,1,1,1,1074,945,634,14,6,2,14,6,0,0,0,0,0,0,0,0,0,0,0,0,0,0,0,0,0,0,0,0,0,0,105648
1,1,1,1,-1,1082,929,384,10,4,1,15,3,0,0,0,0,0,0,0,0,0,0,0,0,0,0,0,0,0,0,0,0,0,0,105658
1,1,1,1,1,1077,943,234,12,4,0,14,6,0,0,0,0,0,0,0,0,0,0,0,0,0,0,0,0,0,0,0,0,0,0,105668
1,1,1,1,1,1085,945,112,8,1,-4,14,8,0,0,0,0,0,0,0,0,0,0,0,0,0,0,0,0,0,0,0,0,0,0,105678
1,1,1,1,-1,1085,938,-25,3,-1,-2,16,7,0,0,0,0,0,0,0,0,0,0,0,0,0,0,0,0,0,0,0,0,0,0,105688
1,1,1,1,-2,1082,952,-126,3,-1,-3,15,8,0,0,0,0,0,0,0,0,0,0,0,0,0,0,0,0,0,0,0,0,0,0,105698
1,1,1,1,-3,1072,965,-168,0,-3,-4,15,7,0,0,0,0,0,0,0,0,0,0,0,0,0,0,0,0,0,0,0,0,0,0,105708
1,1,1,1,1,1070,970,-186,1,-2,-6,19,4,0,0,0,0,0,0,0,0,0,0,0,0,0,0,0,0,0,0,0,0,0,0,105718
1,1,1,1,3,1072,976,-199,9,0,-5,14,2,0,0,0,0,0,0,0,0,0,0,0,0,0,0,0,0,0,0,0,0,0,0,105728
1,1,1,1,3,1068,973,-237,1,-2,-4,16,6,0,0,0,0,0,0,0,0,0,0,0,0,0,0,0,0,0,0,0,0,0,0,105738
1,1,1,1,-4,1068,975,-283,0,-2,-4,13,9,0,0,0,0,0,0,0,0,0,0,0,0,0,0,0,0,0,0,0,0,0,0,105748
1,1,1,1,0,1061,986,-304,1,-2,-4,16,6,0,0,0,0,0,0,0,0,0,0,0,0,0,0,0,0,0,0,0,0,0,0,105758
1,1,1,1,1,1055,990,-320,4,-2,-4,14,6,0,0,0,0,0,0,0,0,0,0,0,0,0,0,0,0,0,0,0,0,0,0,105768
1,1,1,1,1,1049,995,-334,7,-2,-2,14,4,0,0,0,0,0,0,0,0,0,0,0,0,0,0,0,0,0,0,0,0,0,0,105778
1,1,1,1,-1,1044,1005,-338,2,-3,-2,15,5,0,0,0,0,0,0,0,0,0,0,0,0,0,0,0,0,0,0,0,0,0,0,105788
1,1,1,1,2,1033,1021,-305,-1,-4,0,13,2,0,0,0,0,0,0,0,0,0,0,0,0,0,0,0,0,0,0,0,0,0,0,105798
1,1,1,1,1,1025,1032,-248,1,-3,-3,15,6,0,0,0,0,0,0,0,0,0,0,0,0,0,0,0,0,0,0,0,0,0,0,105808
1,1,1,1,0,1021,1038,-150,2,0,0,14,7,0,0,0,0,0,0,0,0,0,0,0,0,0,0,0,0,0,0,0,0,0,0,105818
1,1,1,1,0,1023,1037,-64,6,0,0,15,7,0,0,0,0,0,0,0,0,0,0,0,0,0,0,0,0,0,0,0,0,0,0,105828
1,1,1,1,4,1021,1039,21,2,-1,1,15,6,0,0,0,0,0,0,0,0,0,0,0,0,0,0,0,0,0,0,0,0,0,0,105838
1,1,1,1,-1,1019,1043,117,8,4,2,13,7,0,0,0,0,0,0,0,0,0,0,0,0,0,0,0,0,0,0,0,0,0,0,105848
1,1,1,1,-1,1022,1035,220,12,2,5,14,4,0,0,0,0,0,0,0,0,0,0,0,0,0,0,0,0,0,0,0,0,0,0,105858
1,1,1,1,0,1026,1037,322,13,3,4,14,4,0,0,0,0,0,0,0,0,0,0,0,0,0,0,0,0,0,0,0,0,0,0,105868
1,1,1,1,2,1036,1025,377,14,1,3,14,5,0,0,0,0,0,0,0,0,0,0,0,0,0,0,0,0,0,0,0,0,0,0,105878
1,1,1,1,3,1038,1007,389,8,2,2,14,4,0,0,0,0,0,0,0,0,0,0,0,0,0,0,0,0,0,0,0,0,0,0,105888
1,1,1,1,3,1051,995,372,3,2,0,15,4,0,0,0,0,0,0,0,0,0,0,0,0,0,0,0,0,0,0,0,0,0,0,105898
1,1,1,1,-2,1059,985,347,9,3,-1,14,6,0,0,0,0,0,0,0,0,0,0,0,0,0,0,0,0,0,0,0,0,0,0,105908
1,1,1,1,-3,1065,981,320,13,4,-3,15,3,0,0,0,0,0,0,0,0,0,0,0,0,0,0,0,0,0,0,0,0,0,0,105918
1,1,1,1,-2,1064,971,283,14,3,-3,14,1,0,0,0,0,0,0,0,0,0,0,0,0,0,0,0,0,0,0,0,0,0,0,105928
1,1,1,1,-1,1072,971,254,15,4,-3,15,6,0,0,0,0,0,0,0,0,0,0,0,0,0,0,0,0,0,0,0,0,0,0,105938
1,1,1,1,4,1076,969,227,13,4,-1,15,6,0,0,0,0,0,0,0,0,0,0,0,0,0,0,0,0,0,0,0,0,0,0,105948
1,1,1,1,1,1075,962,203,16,2,0,15,5,0,0,0,0,0,0,0,0,0,0,0,0,0,0,0,0,0,0,0,0,0,0,105958
1,1,1,1,-1,1078,961,172,9,2,0,14,6,0,0,0,0,0,0,0,0,0,0,0,0,0,0,0,0,0,0,0,0,0,0,105968
1,1,1,1,1,1084,957,137,10,1,0,14,2,0,0,0,0,0,0,0,0,0,0,0,0,0,0,0,0,0,0,0,0,0,0,105978
1,1,1,1,-4,1086,951,91,12,1,0,13,7,0,0,0,0,0,0,0,0,0,0,0,0,0,0,0,0,0,0,0,0,0,0,105988
1,1,1,1,1,1088,949,38,7,0,1,12,9,0,0,0,0,0,0,0,0,0,0,0,0,0,0,0,0,0,0,0,0,0,0,105998
1,1,1,1,1,1086,946,-14,10,-1,-1,14,5,0,0,0,0,0,0,0,0,0,0,0,0,0,0,0,0,0,0,0,0,0,0,106008
1,1,1,1,1,1086,945,-67,2,-1,-1,15,5,0,0,0,0,0,0,0,0,0,0,0,0,0,0,0,0,0,0,0,0,0,0,106018
1,1,1,1,1,1084,954,-114,9,0,-4,16,3,0,0,0,0,0,0,0,0,0,0,0,0,0,0,0,0,0,0,0,0,0,0,106028
1,1,1,1,2,1084,948,-170,6,-1,-5,15,6,0,0,0,0,0,0,0,0,0,0,0,0,0,0,0,0,0,0,0,0,0,0,106038
1,1,1,1,-1,1078,956,-232,4,-1,-4,14,4,0,0,0,0,0,0,0,0,0,0,0,0,0,0,0,0,0,0,0,0,0,0,106048
1,1,1,1,-1,1080,958,-298,5,-1,-6,16,4,0,0,0,0,0,0,0,0,0,0,0,0,0,0,0,0,0,0,0,0,0,0,106058
1,1,1,1,-1,1071,963,-362,3,-3,-3,14,4,0,0,0,0,0,0,0,0,0,0,0,0,0,0,0,0,0,0,0,0,0,0,106068
1,1,1,1,0,1066,970,-418,-1,-3,-2,14,5,0,0,0,0,0,0,0,0,0,0,0,0,0,0,0,0,0,0,0,0,0,0,106078
1,1,1,1,2,1064,978,-460,2,-3,-1,14,6,0,0,0,0,0,0,0,0,0,0,0,0,0,0,0,0,0,0,0,0,0,0,106088
1,1,1,1,0,1055,985,-498,4,-2,-1,14,5,0,0,0,0,0,0,0,0,0,0,0,0,0,0,0,0,0,0,0,0,0,0,106098
1,1,1,1,2,1048,999,-511,1,-3,-2,15,9,0,0,0,0,0,0,0,0,0,0,0,0,0,0,0,0,0,0,0,0,0,0,106108
1,1,1,1,4,1035,1020,-479,3,-3,-3,16,8,0,0,0,0,0,0,0,0,0,0,0,0,0,0,0,0,0,0,0,0,0,0,106118
1,1,1,1,-1,1024,1041,-378,5,-3,-4,15,6,0,0,0,0,0,0,0,0,0,0,0,0,0,0,0,0,0,0,0,0,0,0,106128
1,1,1,1,2,1016,1055,-249,-1,0,-4,15,8,0,0,0,0,0,0,0,0,0,0,0,0,0,0,0,0,0,0,0,0,0,0,106138
1,1,1,1,1,1012,1059,-106,8,2,-2,15,5,0,0,0,0,0,0,0,0,0,0,0,0,0,0,0,0,0,0,0,0,0,0,106148
1,1,1,1,-3,1009,1052,28,3,-1,1,14,3,0,0,0,0,0,0,0,0,0,0,0,0,0,0,0,0,0,0,0,0,0,0,106158
1,1,1,1,-3,1012,1055,155,7,1,-1,15,4,0,0,0,0,0,0,0,0,0,0,0,0,0,0,0,0,0,0,0,0,0,0,106168
1,1,1,1,0,1017,1051,272,7,2,0,15,5,0,0,0,0,0,0,0,0,0,0,0,0,0,0,0,0,0,0,0,0,0,0,106178
1,1,1,1,3,1023,1037,349,4,2,0,15,8,0,0,0,0,0,0,0,0,0,0,0,0,0,0,0,0,0,0,0,0,0,0,106188
1,1,1,1,0,1030,1022,386,15,4,0,14,5,0,0,0,0,0,0,0,0,0,0,0,0,0,0,0,0,0,0,0,0,0,0,106198
1,1,1,1,3,1037,1005,379,8,4,-2,15,6,0,0,0,0,0,0,0,0,0,0,0,0,0,0,0,0,0,0,0,0,0,0,106208
1,1,1,1,1,1050,997,355,10,2,0,15,9,0,0,0,0,0,0,0,0,0,0,0,0,0,0,0,0,0,0,0,0,0,0,106218
1,1,1,1,-4,1050,998,350,7,1,-1,15,6,0,0,0,0,0,0,0,0,0,0,0,0,0,0,0,0,0,0,0,0,0,0,106228
1,1,1,1,-2,1052,991,345,9,1,2,15,3,0,0,0,0,0,0,0,0,0,0,0,0,0,0,0,0,0,0,0,0,0,0,106238
1,1,1,1,-3,1059,981,331,8,2,1,14,6,0,0,0,0,0,0,0,0,0,0,0,0,0,0,0,0,0,0,0,0,0,0,106248
1,1,1,1,0,1067,971,298,10,2,2,14,7,0,0,0,0,0,0,0,0,0,0,0,0,0,0,0,0,0,0,0,0,0,0,106258
1,1,1,1,3,1070,967,246,6,1,1,15,6,0,0,0,0,0,0,0,0,0,0,0,0,0,0,0,0,0,0,0,0,0,0,106268
1,1,1,1,2,1071,963,201,9,2,0,15,5,0,0,0,0,0,0,0,0,0,0,0,0,0,0,0,0,0,0,0,0,0,0,106278
1,1,1,1,-1,1077,960,152,7,1,-1,14,3,0,0,0,0,0,0,0,0,0,0,0,0,0,0,0,0,0,0,0,0,0,0,106288
1,1,1,1,2,1080,965,111,5,1,1,13,6,0,0,0,0,0,0,0,0,0,0,0,0,0,0,0,0,0,0,0,0,0,0,106298
1,1,1,1,-1,1081,960,90,11,0,0,14,7,0,0,0,0,0,0,0,0,0,0,0,0,0,0,0,0,0,0,0,0,0,0,106308
1,1,1,1,0,1084,960,69,10,1,-4,17,9,0,0,0,0,0,0,0,0,0,0,0,0,0,0,0,0,0,0,0,0,0,0,106318
1,1,1,1,-2,1084,956,51,14,2,-3,17,7,0,0,0,0,0,0,0,0,0,0,0,0,0,0,0,0,0,0,0,0,0,0,106328
1,1,1,1,-1,1082,957,22,8,1,-2,13,5,0,0,0,0,0,0,0,0,0,0,0,0,0,0,0,0,0,0,0,0,0,0,106338
1,1,1,1,1,1085,950,-18,3,0,-3,15,4,0,0,0,0,0,0,0,0,0,0,0,0,0,0,0,0,0,0,0,0,0,0,106348
1,1,1,1,1,1084,951,-73,0,-1,-2,14,6,0,0,0,0,0,0,0,0,0,0,0,0,0,0,0,0,0,0,0,0,0,0,106358
1,1,1,1,3,1083,946,-119,8,1,-1,16,8,0,0,0,0,0,0,0,0,0,0,0,0,0,0,0,0,0,0,0,0,0,0,106368
1,1,1,1,0,1081,959,-162,6,0,-1,14,9,0,0,0,0,0,0,0,0,0,0,0,0,0,0,0,0,0,0,0,0,0,0,106378
1,1,1,1,1,1077,961,-197,5,2,0,13,9,0,0,0,0,0,0,0,0,0,0,0,0,0,0,0,0,0,0,0,0,0,0,106388
1,1,1,1,1,1076,965,-239,4,1,0,14,11,0,0,0,0,0,0,0,0,0,0,0,0,0,0,0,0,0,0,0,0,0,0,106398
1,1,1,1,-2,1071,965,-280,7,0,-2,15,7,0,0,0,0,0,0,0,0,0,0,0,0,0,0,0,0,0,0,0,0,0,0,106408
1,1,1,1,0,1073,967,-345,6,-2,-3,14,8,0,0,0,0,0,0,0,0,0,0,0,0,0,0,0,0,0,0,0,0,0,0,106418
1,1,1,1,1,1066,976,-406,3,-3,-3,14,9,0,0,0,0,0,0,0,0,0,0,0,0,0,0,0,0,0,0,0,0,0,0,106428
1,1,1,1,0,1057,985,-451,4,-4,-1,13,8,0,0,0,0,0,0,0,0,0,0,0,0,0,0,0,0,0,0,0,0,0,0,106438
1,1,1,1,0,1049,993,-480,1,-5,-5,15,6,0,0,0,0,0,0,0,0,0,0,0,0,0,0,0,0,0,0,0,0,0,0,106448
1,1,1,1,-1,1038,1010,-473,7,-2,-3,15,5,0,0,0,0,0,0,0,0,0,0,0,0,0,0,0,0,0,0,0,0,0,0,106458
1,1,1,1,1,1029,1034,-412,3,-2,-1,15,4,0,0,0,0,0,0,0,0,0,0,0,0,0,0,0,0,0,0,0,0,0,0,106468
1,1,1,1,3,1021,1043,-307,7,-2,-1,15,5,0,0,0,0,0,0,0,0,0,0,0,0,0,0,0,0,0,0,0,0,0,0,106478
1,1,1,1,0,1013,1046,-186,7,0,0,15,2,0,0,0,0,0,0,0,0,0,0,0,0,0,0,0,0,0,0,0,0,0,0,106488
1,1,1,1,1,1013,1052,-62,9,1,-1,14,6,0,0,0,0,0,0,0,0,0,0,0,0,0,0,0,0,0,0,0,0,0,0,106498
1,1,1,1,5,1010,1050,60,1,1,-1,15,6,0,0,0,0,0,0,0,0,0,0,0,0,0,0,0,0,0,0,0,0,0,0,106508
1,1,1,1,2,1009,1048,181,16,5,0,15,7,0,0,0,0,0,0,0,0,0,0,0,0,0,0,0,0,0,0,0,0,0,0,106518
1,1,1,1,-1,1019,1043,281,6,4,2,15,8,0,0,0,0,0,0,0,0,0,0,0,0,0,0,0,0,0,0,0,0,0,0,106528
1,1,1,1,4,1023,1041,369,11,3,3,14,7,0,0,0,0,0,0,0,0,0,0,0,0,0,0,0,0,0,0,0,0,0,0,106538
1,1,1,1,3,1030,1023,428,12,5,3,14,8,0,0,0,0,0,0,0,0,0,0,0,0,0,0,0,0,0,0,0,0,0,0,106548
1,1,1,1,-1,1039,1012,439,10,4,3,15,9,0,0,0,0,0,0,0,0,0,0,0,0,0,0,0,0,0,0,0,0,0,0,106558
1,1,1,1,1,1047,995,419,10,3,0,15,5,0,0,0,0,0,0,0,0,0,0,0,0,0,0,0,0,0,0,0,0,0,0,106568
1,1,1,1,0,1054,985,384,12,3,-1,15,6,0,0,0,0,0,0,0,0,0,0,0,0,0,0,0,0,0,0,0,0,0,0,106578
1,1,1,1,-2,1064,977,340,11,4,1,15,8,0,0,0,0,0,0,0,0,0,0,0,0,0,0,0,0,0,0,0,0,0,0,106588
1,1,1,1,0,1066,975,290,9,1,-1,13,7,0,0,0,0,0,0,0,0,0,0,0,0,0,0,0,0,0,0,0,0,0,0,106598
1,1,1,1,-1,1071,967,243,8,3,-1,16,6,0,0,0,0,0,0,0,0,0,0,0,0,0,0,0,0,0,0,0,0,0,0,106608
1,1,1,1,-1,1077,964,186,8,2,1,15,7,0,0,0,0,0,0,0,0,0,0,0,0,0,0,0,0,0,0,0,0,0,0,106618
1,1,1,1,-1,1074,964,145,9,1,0,13,8,0,0,0,0,0,0,0,0,0,0,0,0,0,0,0,0,0,0,0,0,0,0,106628
1,1,1,1,3,1078,963,107,9,0,-1,14,7,0,0,0,0,0,0,0,0,0,0,0,0,0,0,0,0,0,0,0,0,0,0,106638
1,1,1,1,-1,1080,962,74,13,1,-1,14,6,0,0,0,0,0,0,0,0,0,0,0,0,0,0,0,0,0,0,0,0,0,0,106648
1,1,1,1,5,1079,954,28,4,0,-2,13,5,0,0,0,0,0,0,0,0,0,0,0,0,0,0,0,0,0,0,0,0,0,0,106658
1,1,1,1,1,1077,961,-6,4,1,1,15,10,0,0,0,0,0,0,0,0,0,0,0,0,0,0,0,0,0,0,0,0,0,0,106668
1,1,1,1,2,1079,960,-43,5,0,0,14,6,0,0,0,0,0,0,0,0,0,0,0,0,0,0,0,0,0,0,0,0,0,0,106678
1,1,1,1,0,1076,958,-79,7,1,2,13,7,0,0,0,0,0,0,0,0,0,0,0,0,0,0,0,0,0,0,0,0,0,0,106688
1,1,1,1,0,1077,966,-114,10,1,1,15,9,0,0,0,0,0,0,0,0,0,0,0,0,0,0,0,0,0,0,0,0,0,0,106698
1,1,1,1,0,1073,967,-145,6,-2,2,14,9,0,0,0,0,0,0,0,0,0,0,0,0,0,0,0,0,0,0,0,0,0,0,106708
1,1,1,1,0,1074,968,-183,0,-3,-1,15,8,0,0,0,0,0,0,0,0,0,0,0,0,0,0,0,0,0,0,0,0,0,0,106718
1,1,1,1,0,1067,969,-220,7,-1,-1,15,9,0,0,0,0,0,0,0,0,0,0,0,0,0,0,0,0,0,0,0,0,0,0,106728
1,1,1,1,3,1070,972,-258,9,-1,-2,14,8,0,0,0,0,0,0,0,0,0,0,0,0,0,0,0,0,0,0,0,0,0,0,106738
1,1,1,1,1,1070,972,-297,-1,-1,-2,15,9,0,0,0,0,0,0,0,0,0,0,0,0,0,0,0,0,0,0,0,0,0,0,106748
1,1,1,1,2,1062,982,-339,4,-3,0,14,6,0,0,0,0,0,0,0,0,0,0,0,0,0,0,0,0,0,0,0,0,0,0,106758
1,1,1,1,4,1058,987,-376,7,-3,1,14,9,0,0,0,0,0,0,0,0,0,0,0,0,0,0,0,0,0,0,0,0,0,0,106768
1,1,1,1,1,1046,996,-401,4,-2,-1,14,8,0,0,0,0,0,0,0,0,0,0,0,0,0,0,0,0,0,0,0,0,0,0,106778
1,1,1,1,1,1040,1010,-390,3,-3,-1,14,6,0,0,0,0,0,0,0,0,0,0,0,0,0,0,0,0,0,0,0,0,0,0,106788
1,1,1,1,1,1032,1024,-333,2,-3,-1,15,5,0,0,0,0,0,0,0,0,0,0,0,0,0,0,0,0,0,0,0,0,0,0,106798
1,1,1,1,-2,1020,1033,-236,9,-1,-1,15,5,0,0,0,0,0,0,0,0,0,0,0,0,0,0,0,0,0,0,0,0,0,0,106808
1,1,1,1,-1,1020,1044,-127,7,1,1,13,2,0,0,0,0,0,0,0,0,0,0,0,0,0,0,0,0,0,0,0,0,0,0,106818
1,1,1,1,2,1013,1046,-16,1,0,1,15,7,0,0,0,0,0,0,0,0,0,0,0,0,0,0,0,0,0,0,0,0,0,0,106828
1,1,1,1,2,1015,1048,99,8,1,1,15,8,0,0,0,0,0,0,0,0,0,0,0,0,0,0,0,0,0,0,0,0,0,0,106838
1,1,1,1,1,1017,1046,201,6,4,1,14,7,0,0,0,0,0,0,0,0,0,0,0,0,0,0,0,0,0,0,0,0,0,0,106848
1,1,1,1,1,1020,1038,273,13,4,3,14,8,0,0,0,0,0,0,0,0,0,0,0,0,0,0,0,0,0,0,0,0,0,0,106858
1,1,1,1,-2,1028,1030,347,18,5,2,15,6,0,0,0,0,0,0,0,0,0,0,0,0,0,0,0,0,0,0,0,0,0,0,106868
1,1,1,1,2,1038,1017,373,13,4,-1,15,8,0,0,0,0,0,0,0,0,0,0,0,0,0,0,0,0,0,0,0,0,0,0,106878
1,1,1,1,3,1046,1004,356,8,3,2,14,7,0,0,0,0,0,0,0,0,0,0,0,0,0,0,0,0,0,0,0,0,0,0,106888
1,1,1,1,-1,1047,995,320,7,1,1,15,9,0,0,0,0,0,0,0,0,0,0,0,0,0,0,0,0,0,0,0,0,0,0,106898
1,1,1,1,0,1058,985,275,18,4,0,15,7,0,0,0,0,0,0,0,0,0,0,0,0,0,0,0,0,0,0,0,0,0,0,106908
1,1,1,1,-2,1062,980,225,12,4,4,8,3,0,0,0,0,0,0,0,0,0,0,0,0,0,0,0,0,0,0,0,0,0,0,106918
1,1,1,1,0,1062,976,177,10,0,1,14,5,0,0,0,0,0,0,0,0,0,0,0,0,0,0,0,0,0,0,0,0,0,0,106928
1,1,1,1,1,1067,972,134,7,1,-1,14,8,0,0,0,0,0,0,0,0,0,0,0,0,0,0,0,0,0,0,0,0,0,0,106938
1,1,1,1,-1,1067,966,86,7,1,0,13,6,0,0,0,0,0,0,0,0,0,0,0,0,0,0,0,0,0,0,0,0,0,0,106948
1,1,1,1,2,1064,970,42,8,1,-2,15,9,0,0,0,0,0,0,0,0,0,0,0,0,0,0,0,0,0,0,0,0,0,0,106958
1,1,1,1,6,1071,974,-6,2,2,0,14,9,0,0,0,0,0,0,0,0,0,0,0,0,0,0,0,0,0,0,0,0,0,0,106968
1,1,1,1,5,1070,970,-49,8,-1,0,16,5,0,0,0,0,0,0,0,0,0,0,0,0,0,0,0,0,0,0,0,0,0,0,106978
1,1,1,1,8,1068,973,-94,4,-2,0,13,7,0,0,0,0,0,0,0,0,0,0,0,0,0,0,0,0,0,0,0,0,0,0,106988
1,1,1,1,-1,1063,977,-187,2,-1,0,14,8,0,0,0,0,0,0,0,0,0,0,0,0,0,0,0,0,0,0,0,0,0,0,107018
1,1,1,1,-5,1060,985,-211,4,-2,0,14,10,0,0,0,0,0,0,0,0,0,0,0,0,0,0,0,0,0,0,0,0,0,0,107028
1,1,1,1,-1,1055,991,-234,6,-1,2,14,11,0,0,0,0,0,0,0,0,0,0,0,0,0,0,0,0,0,0,0,0,0,0,107038
1,1,1,1,-2,1051,992,-253,6,-2,0,14,9,0,0,0,0,0,0,0,0,0,0,0,0,0,0,0,0,0,0,0,0,0,0,107048
1,1,1,1,-1,1047,1000,-261,6,-2,0,14,7,0,0,0,0,0,0,0,0,0,0,0,0,0,0,0,0,0,0,0,0,0,0,107058
1,1,1,1,1,1041,1009,-253,6,-1,-1,14,8,0,0,0,0,0,0,0,0,0,0,0,0,0,0,0,0,0,0,0,0,0,0,107068
1,1,1,1,2,1040,1017,-218,9,1,2,14,5,0,0,0,0,0,0,0,0,0,0,0,0,0,0,0,0,0,0,0,0,0,0,107078
1,1,1,1,1,1033,1025,-151,13,1,0,14,4,0,0,0,0,0,0,0,0,0,0,0,0,0,0,0,0,0,0,0,0,0,0,107088
1,1,1,1,-2,1026,1031,-76,6,-1,1,14,7,0,0,0,0,0,0,0,0,0,0,0,0,0,0,0,0,0,0,0,0,0,0,107098
1,1,1,1,1,1027,1033,7,11,1,0,15,7,0,0,0,0,0,0,0,0,0,0,0,0,0,0,0,0,0,0,0,0,0,0,107108
1,1,1,1,1,1030,1031,81,10,2,0,14,9,0,0,0,0,0,0,0,0,0,0,0,0,0,0,0,0,0,0,0,0,0,0,107118
1,1,1,1,1,1028,1027,142,7,2,0,14,7,0,0,0,0,0,0,0,0,0,0,0,0,0,0,0,0,0,0,0,0,0,0,107128
1,1,1,1,4,1034,1022,181,10,3,1,14,8,0,0,0,0,0,0,0,0,0,0,0,0,0,0,0,0,0,0,0,0,0,0,107138
1,1,1,1,2,1040,1011,191,13,3,1,14,7,0,0,0,0,0,0,0,0,0,0,0,0,0,0,0,0,0,0,0,0,0,0,107148
1,1,1,1,5,1041,1001,187,15,3,4,14,9,0,0,0,0,0,0,0,0,0,0,0,0,0,0,0,0,0,0,0,0,0,0,107158
1,1,1,1,1,1044,1002,164,10,4,0,14,5,0,0,0,0,0,0,0,0,0,0,0,0,0,0,0,0,0,0,0,0,0,0,107168
1,1,1,1,-1,1050,993,131,9,0,0,14,8,0,0,0,0,0,0,0,0,0,0,0,0,0,0,0,0,0,0,0,0,0,0,107178
1,1,1,1,-3,1052,987,97,8,2,0,15,9,0,0,0,0,0,0,0,0,0,0,0,0,0,0,0,0,0,0,0,0,0,0,107188
1,1,1,1,-4,1052,987,58,9,0,1,13,6,0,0,0,0,0,0,0,0,0,0,0,0,0,0,0,0,0,0,0,0,0,0,107198
1,1,1,1,0,1053,985,17,7,1,1,12,5,0,0,0,0,0,0,0,0,0,0,0,0,0,0,0,0,0,0,0,0,0,0,107208
1,1,1,1,-4,1051,992,-22,5,1,-1,11,7,0,0,0,0,0,0,0,0,0,0,0,0,0,0,0,0,0,0,0,0,0,0,107218
1,1,1,1,-3,1054,994,-54,14,3,1,12,6,0,0,0,0,0,0,0,0,0,0,0,0,0,0,0,0,0,0,0,0,0,0,107228
1,1,1,1,1,1050,991,-89,5,0,-1,12,7,0,0,0,0,0,0,0,0,0,0,0,0,0,0,0,0,0,0,0,0,0,0,107238
1,1,1,1,4,1048,995,-111,4,0,-3,14,8,0,0,0,0,0,0,0,0,0,0,0,0,0,0,0,0,0,0,0,0,0,0,107248
1,1,1,1,-3,1051,997,-126,5,-1,-3,16,4,0,0,0,0,0,0,0,0,0,0,0,0,0,0,0,0,0,0,0,0,0,0,107258
1,1,1,1,-3,1043,1001,-129,5,0,-4,15,4,0,0,0,0,0,0,0,0,0,0,0,0,0,0,0,0,0,0,0,0,0,0,107268
1,1,1,1,-2,1045,1006,-120,4,1,-1,15,4,0,0,0,0,0,0,0,0,0,0,0,0,0,0,0,0,0,0,0,0,0,0,107278
1,1,1,1,0,1037,1008,-97,4,-1,0,14,9,0,0,0,0,0,0,0,0,0,0,0,0,0,0,0,0,0,0,0,0,0,0,107288
1,1,1,1,4,1037,1017,-60,6,0,1,14,10,0,0,0,0,0,0,0,0,0,0,0,0,0,0,0,0,0,0,0,0,0,0,107298
1,1,1,1,1,1033,1018,-21,7,1,1,14,7,0,0,0,0,0,0,0,0,0,0,0,0,0,0,0,0,0,0,0,0,0,0,107308
1,1,1,1,1,1034,1020,10,8,-1,1,14,5,0,0,0,0,0,0,0,0,0,0,0,0,0,0,0,0,0,0,0,0,0,0,107318
1,1,1,1,1,1035,1020,49,8,0,0,14,7,0,0,0,0,0,0,0,0,0,0,0,0,0,0,0,0,0,0,0,0,0,0,107328
1,1,1,1,0,1034,1014,81,4,0,-1,15,7,0,0,0,0,0,0,0,0,0,0,0,0,0,0,0,0,0,0,0,0,0,0,107338
1,1,1,1,-3,1038,1009,102,13,1,0,15,6,0,0,0,0,0,0,0,0,0,0,0,0,0,0,0,0,0,0,0,0,0,0,107348
1,1,1,1,0,1039,1007,110,17,2,0,15,7,0,0,0,0,0,0,0,0,0,0,0,0,0,0,0,0,0,0,0,0,0,0,107358
1,1,1,1,0,1043,1001,105,6,0,1,14,5,0,0,0,0,0,0,0,0,0,0,0,0,0,0,0,0,0,0,0,0,0,0,107368
1,1,1,1,-5,1049,998,98,11,2,0,14,5,0,0,0,0,0,0,0,0,0,0,0,0,0,0,0,0,0,0,0,0,0,0,107378
1,1,1,1,1,1048,1002,81,7,1,1,14,6,0,0,0,0,0,0,0,0,0,0,0,0,0,0,0,0,0,0,0,0,0,0,107388
1,1,1,1,2,1052,996,55,8,-1,1,14,6,0,0,0,0,0,0,0,0,0,0,0,0,0,0,0,0,0,0,0,0,0,0,107398
1,1,1,1,2,1054,997,29,7,-1,-1,15,6,0,0,0,0,0,0,0,0,0,0,0,0,0,0,0,0,0,0,0,0,0,0,107408
1,1,1,1,0,1050,996,1,5,0,-2,15,9,0,0,0,0,0,0,0,0,0,0,0,0,0,0,0,0,0,0,0,0,0,0,107418
1,1,1,1,2,1051,990,-26,5,0,-2,15,7,0,0,0,0,0,0,0,0,0,0,0,0,0,0,0,0,0,0,0,0,0,0,107428
1,1,1,1,-3,1049,994,-52,6,0,-3,16,8,0,0,0,0,0,0,0,0,0,0,0,0,0,0,0,0,0,0,0,0,0,0,107438
1,1,1,1,0,1051,998,-74,3,0,-1,14,7,0,0,0,0,0,0,0,0,0,0,0,0,0,0,0,0,0,0,0,0,0,0,107448
1,1,1,1,-1,1050,994,-97,4,-3,0,15,7,0,0,0,0,0,0,0,0,0,0,0,0,0,0,0,0,0,0,0,0,0,0,107458
1,1,1,1,3,1041,998,-108,6,-2,-1,15,6,0,0,0,0,0,0,0,0,0,0,0,0,0,0,0,0,0,0,0,0,0,0,107468
1,1,1,1,-1,1045,1007,-118,7,1,-2,15,6,0,0,0,0,0,0,0,0,0,0,0,0,0,0,0,0,0,0,0,0,0,0,107478
1,1,1,1,0,1040,1009,-117,6,0,-3,14,6,0,0,0,0,0,0,0,0,0,0,0,0,0,0,0,0,0,0,0,0,0,0,107488
1,1,1,1,3,1041,1012,-101,4,-1,-2,14,6,0,0,0,0,0,0,0,0,0,0,0,0,0,0,0,0,0,0,0,0,0,0,107498
1,1,1,1,4,1038,1018,-69,9,-1,-1,12,6,0,0,0,0,0,0,0,0,0,0,0,0,0,0,0,0,0,0,0,0,0,0,107508
1,1,1,1,-2,1035,1019,-32,8,1,-2,15,7,0,0,0,0,0,0,0,0,0,0,0,0,0,0,0,0,0,0,0,0,0,0,107518
1,1,1,1,-4,1034,1018,12,12,1,-3,15,9,0,0,0,0,0,0,0,0,0,0,0,0,0,0,0,0,0,0,0,0,0,0,107528
1,1,1,1,-3,1034,1019,43,5,0,-3,16,10,0,0,0,0,0,0,0,0,0,0,0,0,0,0,0,0,0,0,0,0,0,0,107538
1,1,1,1,-1,1037,1016,75,16,4,-2,15,7,0,0,0,0,0,0,0,0,0,0,0,0,0,0,0,0,0,0,0,0,0,0,107548
1,1,1,1,2,1040,1017,90,13,3,-3,16,7,0,0,0,0,0,0,0,0,0,0,0,0,0,0,0,0,0,0,0,0,0,0,107558
1,1,1,1,2,1041,1011,97,9,1,-3,14,6,0,0,0,0,0,0,0,0,0,0,0,0,0,0,0,0,0,0,0,0,0,0,107568
1,1,1,1,-1,1040,1005,96,10,1,-3,15,9,0,0,0,0,0,0,0,0,0,0,0,0,0,0,0,0,0,0,0,0,0,0,107578
1,1,1,1,-2,1047,1001,89,11,3,-2,15,5,0,0,0,0,0,0,0,0,0,0,0,0,0,0,0,0,0,0,0,0,0,0,107588
1,1,1,1,0,1049,1000,71,5,0,-3,15,9,0,0,0,0,0,0,0,0,0,0,0,0,0,0,0,0,0,0,0,0,0,0,107598
1,1,1,1,1,1049,993,56,5,1,0,15,7,0,0,0,0,0,0,0,0,0,0,0,0,0,0,0,0,0,0,0,0,0,0,107608
1,1,1,1,1,1045,1000,25,2,3,-2,16,10,0,0,0,0,0,0,0,0,0,0,0,0,0,0,0,0,0,0,0,0,0,0,107618
1,1,1,1,2,1049,998,-4,2,1,-2,15,6,0,0,0,0,0,0,0,0,0,0,0,0,0,0,0,0,0,0,0,0,0,0,107628
1,1,1,1,-2,1048,999,-25,4,0,-1,14,9,0,0,0,0,0,0,0,0,0,0,0,0,0,0,0,0,0,0,0,0,0,0,107638
1,1,1,1,1,1046,999,-43,9,1,-2,15,11,0,0,0,0,0,0,0,0,0,0,0,0,0,0,0,0,0,0,0,0,0,0,107648
1,1,1,1,1,1045,1001,-54,2,2,-1,14,9,0,0,0,0,0,0,0,0,0,0,0,0,0,0,0,0,0,0,0,0,0,0,107658
1,1,1,1,-2,1048,1005,-60,2,-1,0,14,7,0,0,0,0,0,0,0,0,0,0,0,0,0,0,0,0,0,0,0,0,0,0,107668
1,1,1,1,0,1047,1002,-56,7,-1,0,15,8,0,0,0,0,0,0,0,0,0,0,0,0,0,0,0,0,0,0,0,0,0,0,107678
1,1,1,1,0,1044,1009,-49,11,0,-1,14,5,0,0,0,0,0,0,0,0,0,0,0,0,0,0,0,0,0,0,0,0,0,0,107688
1,1,1,1,1,1041,1008,-43,8,1,0,14,6,0,0,0,0,0,0,0,0,0,0,0,0,0,0,0,0,0,0,0,0,0,0,107698
1,1,1,1,2,1038,1012,-35,4,0,-1,14,6,0,0,0,0,0,0,0,0,0,0,0,0,0,0,0,0,0,0,0,0,0,0,107708
1,1,1,1,1,1039,1010,-26,-1,-2,-1,14,8,0,0,0,0,0,0,0,0,0,0,0,0,0,0,0,0,0,0,0,0,0,0,107718
1,1,1,1,-2,1037,1012,-6,1,0,0,15,8,0,0,0,0,0,0,0,0,0,0,0,0,0,0,0,0,0,0,0,0,0,0,107728
1,1,1,1,-3,1037,1009,11,8,1,1,14,6,0,0,0,0,0,0,0,0,0,0,0,0,0,0,0,0,0,0,0,0,0,0,107738
1,1,1,1,-2,1039,1010,28,3,1,0,14,9,0,0,0,0,0,0,0,0,0,0,0,0,0,0,0,0,0,0,0,0,0,0,107748
1,1,1,1,-4,1044,1000,39,1,-2,2,14,4,0,0,0,0,0,0,0,0,0,0,0,0,0,0,0,0,0,0,0,0,0,0,107758
1,1,1,1,-2,1042,1003,41,4,0,1,14,7,0,0,0,0,0,0,0,0,0,0,0,0,0,0,0,0,0,0,0,0,0,0,107768
1,1,1,1,3,1046,1007,43,6,1,-1,14,6,0,0,0,0,0,0,0,0,0,0,0,0,0,0,0,0,0,0,0,0,0,0,107778
1,1,1,1,1,1045,998,36,0,0,0,15,7,0,0,0,0,0,0,0,0,0,0,0,0,0,0,0,0,0,0,0,0,0,0,107788
1,1,1,1,1,1045,1002,27,6,1,-2,15,9,0,0,0,0,0,0,0,0,0,0,0,0,0,0,0,0,0,0,0,0,0,0,107798
1,1,1,1,3,1045,1004,15,11,1,1,14,9,0,0,0,0,0,0,0,0,0,0,0,0,0,0,0,0,0,0,0,0,0,0,107808
1,1,1,1,0,1043,999,0,6,2,-3,16,8,0,0,0,0,0,0,0,0,0,0,0,0,0,0,0,0,0,0,0,0,0,0,107818
1,1,1,1,0,1046,999,-12,4,2,-4,17,9,0,0,0,0,0,0,0,0,0,0,0,0,0,0,0,0,0,0,0,0,0,0,107828
1,1,1,1,2,1046,1004,-20,11,2,-1,12,8,0,0,0,0,0,0,0,0,0,0,0,0,0,0,0,0,0,0,0,0,0,0,107838
1,1,1,1,1,1043,1004,-30,7,0,-1,11,10,0,0,0,0,0,0,0,0,0,0,0,0,0,0,0,0,0,0,0,0,0,0,107848
1,1,1,1,3,1042,1002,-36,9,0,-2,15,9,0,0,0,0,0,0,0,0,0,0,0,0,0,0,0,0,0,0,0,0,0,0,107858
1,1,1,1,1,1042,1003,-34,13,1,-2,16,7,0,0,0,0,0,0,0,0,0,0,0,0,0,0,0,0,0,0,0,0,0,0,107868
1,1,1,1,0,1043,1007,-34,2,-1,1,10,7,0,0,0,0,0,0,0,0,0,0,0,0,0,0,0,0,0,0,0,0,0,0,107878
1,1,1,1,2,1041,1005,-25,9,3,0,15,9,0,0,0,0,0,0,0,0,0,0,0,0,0,0,0,0,0,0,0,0,0,0,107888
1,1,1,1,-2,1040,1005,-17,3,0,3,14,5,0,0,0,0,0,0,0,0,0,0,0,0,0,0,0,0,0,0,0,0,0,0,107898
1,1,1,1,-1,1044,1010,-6,7,0,0,15,10,0,0,0,0,0,0,0,0,0,0,0,0,0,0,0,0,0,0,0,0,0,0,107908
1,1,1,1,-2,1039,1013,7,11,2,-1,15,4,0,0,0,0,0,0,0,0,0,0,0,0,0,0,0,0,0,0,0,0,0,0,107918
1,1,1,1,-3,1043,1011,15,5,1,-1,15,8,0,0,0,0,0,0,0,0,0,0,0,0,0,0,0,0,0,0,0,0,0,0,107928
1,1,1,1,-1,1042,1007,27,14,2,-1,14,8,0,0,0,0,0,0,0,0,0,0,0,0,0,0,0,0,0,0,0,0,0,0,107938
1,1,1,1,-1,1040,1010,34,9,1,-2,15,9,0,0,0,0,0,0,0,0,0,0,0,0,0,0,0,0,0,0,0,0,0,0,107948
1,1,1,1,-2,1043,1008,34,6,-1,-2,14,7,0,0,0,0,0,0,0,0,0,0,0,0,0,0,0,0,0,0,0,0,0,0,107958
1,1,1,1,3,1040,1005,38,5,3,1,14,8,0,0,0,0,0,0,0,0,0,0,0,0,0,0,0,0,0,0,0,0,0,0,107968
1,1,1,1,1,1044,1006,36,9,3,1,14,8,0,0,0,0,0,0,0,0,0,0,0,0,0,0,0,0,0,0,0,0,0,0,107978
1,1,1,1,5,1047,1006,31,7,1,-1,14,4,0,0,0,0,0,0,0,0,0,0,0,0,0,0,0,0,0,0,0,0,0,0,107988
1,1,1,1,0,1046,1004,16,7,0,1,15,6,0,0,0,0,0,0,0,0,0,0,0,0,0,0,0,0,0,0,0,0,0,0,107998
1,1,1,1,0,1044,1002,3,8,1,-3,14,9,0,0,0,0,0,0,0,0,0,0,0,0,0,0,0,0,0,0,0,0,0,0,108008
1,1,1,1,0,1045,1000,-8,4,1,-2,14,7,0,0,0,0,0,0,0,0,0,0,0,0,0,0,0,0,0,0,0,0,0,0,108018
1,1,1,1,1,1044,1004,-22,-4,-3,-2,14,8,0,0,0,0,0,0,0,0,0,0,0,0,0,0,0,0,0,0,0,0,0,0,108028
1,1,1,1,1,1047,1005,-27,0,-1,-1,14,8,0,0,0,0,0,0,0,0,0,0,0,0,0,0,0,0,0,0,0,0,0,0,108038
1,1,1,1,-1,1044,1002,-25,6,0,-2,14,9,0,0,0,0,0,0,0,0,0,0,0,0,0,0,0,0,0,0,0,0,0,0,108048
1,1,1,1,-2,1045,1007,-25,6,0,-1,15,8,0,0,0,0,0,0,0,0,0,0,0,0,0,0,0,0,0,0,0,0,0,0,108058
1,1,1,1,0,1045,1009,-23,6,0,-2,15,5,0,0,0,0,0,0,0,0,0,0,0,0,0,0,0,0,0,0,0,0,0,0,108068
1,1,1,1,-2,1044,1008,-18,8,1,-1,15,6,0,0,0,0,0,0,0,0,0,0,0,0,0,0,0,0,0,0,0,0,0,0,108078
1,1,1,1,-1,1040,1010,-13,11,2,-3,15,6,0,0,0,0,0,0,0,0,0,0,0,0,0,0,0,0,0,0,0,0,0,0,108088
1,1,1,1,2,1041,1008,-11,12,2,-1,15,11,0,0,0,0,0,0,0,0,0,0,0,0,0,0,0,0,0,0,0,0,0,0,108098
1,1,1,1,2,1041,1005,-8,9,2,0,13,11,0,0,0,0,0,0,0,0,0,0,0,0,0,0,0,0,0,0,0,0,0,0,108108
1,1,1,1,2,1039,1004,-2,8,1,0,13,5,0,0,0,0,0,0,0,0,0,0,0,0,0,0,0,0,0,0,0,0,0,0,108118
1,1,1,1,-3,1043,1012,4,3,0,0,15,7,0,0,0,0,0,0,0,0,0,0,0,0,0,0,0,0,0,0,0,0,0,0,108128
1,1,1,1,-3,1044,1009,15,4,0,-1,17,7,0,0,0,0,0,0,0,0,0,0,0,0,0,0,0,0,0,0,0,0,0,0,108138
1,1,1,1,-1,1042,1005,22,9,1,-1,16,10,0,0,0,0,0,0,0,0,0,0,0,0,0,0,0,0,0,0,0,0,0,0,108148
1,1,1,1,-3,1043,1003,25,10,-1,-1,16,9,0,0,0,0,0,0,0,0,0,0,0,0,0,0,0,0,0,0,0,0,0,0,108158
1,1,1,1,-2,1043,1003,19,5,0,1,13,8,0,0,0,0,0,0,0,0,0,0,0,0,0,0,0,0,0,0,0,0,0,0,108168
1,1,1,1,2,1044,1007,12,3,0,2,13,10,0,0,0,0,0,0,0,0,0,0,0,0,0,0,0,0,0,0,0,0,0,0,108178
1,1,1,1,2,1043,1004,5,3,1,-2,16,9,0,0,0,0,0,0,0,0,0,0,0,0,0,0,0,0,0,0,0,0,0,0,108188
1,1,1,1,5,1045,998,-4,7,-1,0,14,12,0,0,0,0,0,0,0,0,0,0,0,0,0,0,0,0,0,0,0,0,0,0,108198
1,1,1,1,-1,1044,1001,-8,11,0,1,14,8,0,0,0,0,0,0,0,0,0,0,0,0,0,0,0,0,0,0,0,0,0,0,108208
1,1,1,1,1,1041,1002,-10,8,1,0,14,8,0,0,0,0,0,0,0,0,0,0,0,0,0,0,0,0,0,0,0,0,0,0,108218
1,1,1,1,2,1043,1001,-13,6,0,-1,15,11,0,0,0,0,0,0,0,0,0,0,0,0,0,0,0,0,0,0,0,0,0,0,108228
1,1,1,1,2,1047,1006,-11,5,-2,-3,14,10,0,0,0,0,0,0,0,0,0,0,0,0,0,0,0,0,0,0,0,0,0,0,108238
1,1,1,1,-1,1043,1002,-14,3,1,-2,15,9,0,0,0,0,0,0,0,0,0,0,0,0,0,0,0,0,0,0,0,0,0,0,108248
1,1,1,1,0,1043,1003,-11,5,0,0,15,8,0,0,0,0,0,0,0,0,0,0,0,0,0,0,0,0,0,0,0,0,0,0,108258
1,1,1,1,-1,1039,1004,-10,0,-1,0,15,7,0,0,0,0,0,0,0,0,0,0,0,0,0,0,0,0,0,0,0,0,0,0,108268
1,1,1,1,-3,1039,1012,-5,6,2,1,14,7,0,0,0,0,0,0,0,0,0,0,0,0,0,0,0,0,0,0,0,0,0,0,108278
1,1,1,1,1,1042,1006,0,8,0,0,14,6,0,0,0,0,0,0,0,0,0,0,0,0,0,0,0,0,0,0,0,0,0,0,108288
1,1,1,1,-1,1039,1009,0,-1,-1,1,13,7,0,0,0,0,0,0,0,0,0,0,0,0,0,0,0,0,0,0,0,0,0,0,108298
1,1,1,1,1,1042,1008,7,4,-2,0,14,10,0,0,0,0,0,0,0,0,0,0,0,0,0,0,0,0,0,0,0,0,0,0,108308
1,1,1,1,-1,1046,1010,13,8,0,-1,14,6,0,0,0,0,0,0,0,0,0,0,0,0,0,0,0,0,0,0,0,0,0,0,108318
1,1,1,1,-1,1042,1006,17,3,0,-1,14,5,0,0,0,0,0,0,0,0,0,0,0,0,0,0,0,0,0,0,0,0,0,0,108328
1,1,1,1,2,1044,1003,16,1,-1,-3,15,7,0,0,0,0,0,0,0,0,0,0,0,0,0,0,0,0,0,0,0,0,0,0,108338
1,1,1,1,-3,1042,1002,18,14,2,-3,15,5,0,0,0,0,0,0,0,0,0,0,0,0,0,0,0,0,0,0,0,0,0,0,108348
1,1,1,1,0,1040,1001,16,10,1,0,15,5,0,0,0,0,0,0,0,0,0,0,0,0,0,0,0,0,0,0,0,0,0,0,108358
1,1,1,1,0,1044,1001,10,6,0,1,14,8,0,0,0,0,0,0,0,0,0,0,0,0,0,0,0,0,0,0,0,0,0,0,108368
1,1,1,1,-2,1043,1002,2,10,1,2,14,4,0,0,0,0,0,0,0,0,0,0,0,0,0,0,0,0,0,0,0,0,0,0,108378
