1,1,1,1,1172,-806,1295,-172,312,-230,18,-3,1,0,0,0,0,0,0,0,0,0,0,0,0,0,0,0,0,0,0,0,0,0,0,184150
1,1,1,1,1144,-816,1308,-195,316,-211,18,-2,0,0,0,0,0,0,0,0,0,0,0,0,0,0,0,0,0,0,0,0,0,0,0,184160
1,1,1,1,1127,-839,1307,-209,298,-212,22,-3,-5,0,0,0,0,0,0,0,0,0,0,0,0,0,0,0,0,0,0,0,0,0,0,184170
1,1,1,1,1115,-862,1292,-225,283,-230,19,-2,3,0,0,0,0,0,0,0,0,0,0,0,0,0,0,0,0,0,0,0,0,0,0,184180
1,1,1,1,1101,-869,1288,-211,290,-260,17,-2,5,0,0,0,0,0,0,0,0,0,0,0,0,0,0,0,0,0,0,0,0,0,0,184190
1,1,1,1,1089,-840,1277,-159,304,-289,17,-3,1,0,0,0,0,0,0,0,0,0,0,0,0,0,0,0,0,0,0,0,0,0,0,184200
1,1,1,1,1095,-818,1282,-132,304,-294,17,-3,-5,0,0,0,0,0,0,0,0,0,0,0,0,0,0,0,0,0,0,0,0,0,0,184210
1,1,1,1,1089,-809,1287,-129,293,-278,19,-2,3,0,0,0,0,0,0,0,0,0,0,0,0,0,0,0,0,0,0,0,0,0,0,184220
1,1,1,1,1086,-800,1292,-105,287,-250,18,-2,-5,0,0,0,0,0,0,0,0,0,0,0,0,0,0,0,0,0,0,0,0,0,0,184230
1,1,1,1,1094,-798,1304,-84,278,-231,19,-3,-4,0,0,0,0,0,0,0,0,0,0,0,0,0,0,0,0,0,0,0,0,0,0,184240
1,1,1,1,1086,-797,1305,-75,271,-221,20,-3,-1,0,0,0,0,0,0,0,0,0,0,0,0,0,0,0,0,0,0,0,0,0,0,184250
1,1,1,1,1087,-798,1318,-54,265,-206,20,-3,-5,0,0,0,0,0,0,0,0,0,0,0,0,0,0,0,0,0,0,0,0,0,0,184260
1,1,1,1,1097,-805,1331,-65,238,-157,18,-2,-3,0,0,0,0,0,0,0,0,0,0,0,0,0,0,0,0,0,0,0,0,0,0,184280
1,1,1,1,1099,-808,1332,-73,218,-132,19,-2,2,0,0,0,0,0,0,0,0,0,0,0,0,0,0,0,0,0,0,0,0,0,0,184290
1,1,1,1,1087,-825,1329,-76,210,-123,18,-2,1,0,0,0,0,0,0,0,0,0,0,0,0,0,0,0,0,0,0,0,0,0,0,184300
1,1,1,1,1076,-849,1326,-92,209,-125,19,-3,-4,0,0,0,0,0,0,0,0,0,0,0,0,0,0,0,0,0,0,0,0,0,0,184310
1,1,1,1,1069,-840,1318,-82,223,-120,19,-2,-1,0,0,0,0,0,0,0,0,0,0,0,0,0,0,0,0,0,0,0,0,0,0,184320
1,1,1,1,1068,-815,1321,-91,229,-110,18,-2,-4,0,0,0,0,0,0,0,0,0,0,0,0,0,0,0,0,0,0,0,0,0,0,184330
1,1,1,1,1065,-820,1320,-130,233,-98,18,-2,0,0,0,0,0,0,0,0,0,0,0,0,0,0,0,0,0,0,0,0,0,0,0,184340
1,1,1,1,1053,-829,1324,-141,238,-91,19,-2,-5,0,0,0,0,0,0,0,0,0,0,0,0,0,0,0,0,0,0,0,0,0,0,184350
1,1,1,1,1045,-819,1318,-149,231,-86,18,-3,-4,0,0,0,0,0,0,0,0,0,0,0,0,0,0,0,0,0,0,0,0,0,0,184360
1,1,1,1,1052,-804,1315,-162,241,-68,20,-7,-1,0,0,0,0,0,0,0,0,0,0,0,0,0,0,0,0,0,0,0,0,0,0,184370
1,1,1,1,1034,-810,1303,-150,259,-55,19,-4,-1,0,0,0,0,0,0,0,0,0,0,0,0,0,0,0,0,0,0,0,0,0,0,184380
1,1,1,1,1023,-820,1298,-130,260,-66,19,-3,0,0,0,0,0,0,0,0,0,0,0,0,0,0,0,0,0,0,0,0,0,0,0,184390
1,1,1,1,1011,-823,1294,-97,278,-79,17,-2,1,0,0,0,0,0,0,0,0,0,0,0,0,0,0,0,0,0,0,0,0,0,0,184400
1,1,1,1,995,-833,1287,-78,298,-91,17,-2,1,0,0,0,0,0,0,0,0,0,0,0,0,0,0,0,0,0,0,0,0,0,0,184410
1,1,1,1,996,-814,1284,-25,328,-101,18,-4,1,0,0,0,0,0,0,0,0,0,0,0,0,0,0,0,0,0,0,0,0,0,0,184420
1,1,1,1,996,-812,1299,-15,366,-97,16,-1,2,0,0,0,0,0,0,0,0,0,0,0,0,0,0,0,0,0,0,0,0,0,0,184430
1,1,1,1,1010,-808,1340,-45,370,-67,15,1,0,0,0,0,0,0,0,0,0,0,0,0,0,0,0,0,0,0,0,0,0,0,0,184440
1,1,1,1,1019,-814,1360,-51,368,-30,17,-2,-4,0,0,0,0,0,0,0,0,0,0,0,0,0,0,0,0,0,0,0,0,0,0,184450
1,1,1,1,1013,-823,1365,-68,350,-19,18,-1,1,0,0,0,0,0,0,0,0,0,0,0,0,0,0,0,0,0,0,0,0,0,0,184460
1,1,1,1,1009,-828,1372,-64,344,-17,16,-2,-3,0,0,0,0,0,0,0,0,0,0,0,0,0,0,0,0,0,0,0,0,0,0,184470
1,1,1,1,994,-834,1385,-36,343,-19,14,-1,2,0,0,0,0,0,0,0,0,0,0,0,0,0,0,0,0,0,0,0,0,0,0,184480
1,1,1,1,970,-862,1435,-98,313,-26,16,-2,0,0,0,0,0,0,0,0,0,0,0,0,0,0,0,0,0,0,0,0,0,0,0,184490
1,1,1,1,1011,-824,1368,-34,269,-21,18,-2,1,0,0,0,0,0,0,0,0,0,0,0,0,0,0,0,0,0,0,0,0,0,0,184500
1,1,1,1,1006,-825,1360,58,279,-18,16,-2,-1,0,0,0,0,0,0,0,0,0,0,0,0,0,0,0,0,0,0,0,0,0,0,184510
1,1,1,1,985,-850,1433,7,289,-18,18,-2,1,0,0,0,0,0,0,0,0,0,0,0,0,0,0,0,0,0,0,0,0,0,0,184520
1,1,1,1,969,-880,1443,-16,220,-8,18,-2,-3,0,0,0,0,0,0,0,0,0,0,0,0,0,0,0,0,0,0,0,0,0,0,184540
1,1,1,1,974,-880,1437,-33,198,-28,20,-2,-4,0,0,0,0,0,0,0,0,0,0,0,0,0,0,0,0,0,0,0,0,0,0,184550
1,1,1,1,964,-872,1438,4,188,-50,19,-2,-3,0,0,0,0,0,0,0,0,0,0,0,0,0,0,0,0,0,0,0,0,0,0,184560
1,1,1,1,954,-858,1437,28,177,-61,16,-2,-4,0,0,0,0,0,0,0,0,0,0,0,0,0,0,0,0,0,0,0,0,0,0,184570
1,1,1,1,951,-836,1432,44,167,-58,18,-2,-2,0,0,0,0,0,0,0,0,0,0,0,0,0,0,0,0,0,0,0,0,0,0,184580
1,1,1,1,953,-814,1445,53,154,-37,18,-2,-2,0,0,0,0,0,0,0,0,0,0,0,0,0,0,0,0,0,0,0,0,0,0,184590
1,1,1,1,957,-797,1449,79,144,-7,20,-2,-5,0,0,0,0,0,0,0,0,0,0,0,0,0,0,0,0,0,0,0,0,0,0,184600
1,1,1,1,945,-799,1452,99,107,8,19,-1,-3,0,0,0,0,0,0,0,0,0,0,0,0,0,0,0,0,0,0,0,0,0,0,184610
1,1,1,1,945,-794,1446,132,87,22,21,-2,-3,0,0,0,0,0,0,0,0,0,0,0,0,0,0,0,0,0,0,0,0,0,0,184620
1,1,1,1,955,-779,1415,161,88,48,21,-2,-4,0,0,0,0,0,0,0,0,0,0,0,0,0,0,0,0,0,0,0,0,0,0,184630
1,1,1,1,928,-795,1425,118,108,107,18,-2,-1,0,0,0,0,0,0,0,0,0,0,0,0,0,0,0,0,0,0,0,0,0,0,184640
1,1,1,1,894,-815,1437,51,113,158,18,-1,-5,0,0,0,0,0,0,0,0,0,0,0,0,0,0,0,0,0,0,0,0,0,0,184650
1,1,1,1,897,-820,1450,-4,100,175,17,-2,-4,0,0,0,0,0,0,0,0,0,0,0,0,0,0,0,0,0,0,0,0,0,0,184660
1,1,1,1,910,-811,1460,8,89,168,16,0,0,0,0,0,0,0,0,0,0,0,0,0,0,0,0,0,0,0,0,0,0,0,0,184670
1,1,1,1,918,-799,1478,81,52,136,15,4,0,0,0,0,0,0,0,0,0,0,0,0,0,0,0,0,0,0,0,0,0,0,0,184680
1,1,1,1,925,-778,1494,190,-1,107,18,0,-1,0,0,0,0,0,0,0,0,0,0,0,0,0,0,0,0,0,0,0,0,0,0,184690
1,1,1,1,947,-752,1495,309,-35,114,15,1,-1,0,0,0,0,0,0,0,0,0,0,0,0,0,0,0,0,0,0,0,0,0,0,184700
1,1,1,1,933,-736,1498,345,-82,159,17,-3,-5,0,0,0,0,0,0,0,0,0,0,0,0,0,0,0,0,0,0,0,0,0,0,184710
1,1,1,1,902,-735,1504,348,-117,218,16,2,1,0,0,0,0,0,0,0,0,0,0,0,0,0,0,0,0,0,0,0,0,0,0,184720
1,1,1,1,908,-748,1507,339,-150,262,18,-2,-5,0,0,0,0,0,0,0,0,0,0,0,0,0,0,0,0,0,0,0,0,0,0,184730
1,1,1,1,907,-769,1509,323,-184,284,19,-1,1,0,0,0,0,0,0,0,0,0,0,0,0,0,0,0,0,0,0,0,0,0,0,184740
1,1,1,1,928,-770,1516,332,-213,287,20,0,1,0,0,0,0,0,0,0,0,0,0,0,0,0,0,0,0,0,0,0,0,0,0,184750
1,1,1,1,958,-751,1531,332,-245,297,19,-1,-5,0,0,0,0,0,0,0,0,0,0,0,0,0,0,0,0,0,0,0,0,0,0,184760
1,1,1,1,979,-745,1531,316,-287,329,21,-2,-2,0,0,0,0,0,0,0,0,0,0,0,0,0,0,0,0,0,0,0,0,0,0,184770
1,1,1,1,996,-747,1539,301,-327,360,19,0,0,0,0,0,0,0,0,0,0,0,0,0,0,0,0,0,0,0,0,0,0,0,0,184780
1,1,1,1,1019,-747,1544,307,-393,400,19,-1,-4,0,0,0,0,0,0,0,0,0,0,0,0,0,0,0,0,0,0,0,0,0,0,184790
1,1,1,1,1019,-719,1530,359,-460,431,17,0,-4,0,0,0,0,0,0,0,0,0,0,0,0,0,0,0,0,0,0,0,0,0,0,184800
1,1,1,1,1018,-704,1515,392,-517,468,19,-1,-4,0,0,0,0,0,0,0,0,0,0,0,0,0,0,0,0,0,0,0,0,0,0,184810
1,1,1,1,1026,-699,1501,388,-569,513,20,-1,-5,0,0,0,0,0,0,0,0,0,0,0,0,0,0,0,0,0,0,0,0,0,0,184820
1,1,1,1,1031,-713,1496,388,-626,553,19,-1,-5,0,0,0,0,0,0,0,0,0,0,0,0,0,0,0,0,0,0,0,0,0,0,184830
1,1,1,1,1048,-733,1480,407,-677,588,21,0,-4,0,0,0,0,0,0,0,0,0,0,0,0,0,0,0,0,0,0,0,0,0,0,184840
1,1,1,1,1059,-758,1468,466,-729,600,21,-1,-5,0,0,0,0,0,0,0,0,0,0,0,0,0,0,0,0,0,0,0,0,0,0,184850
1,1,1,1,1042,-782,1437,491,-776,591,19,-1,-5,0,0,0,0,0,0,0,0,0,0,0,0,0,0,0,0,0,0,0,0,0,0,184860
1,1,1,1,1040,-800,1407,492,-812,574,21,-1,-5,0,0,0,0,0,0,0,0,0,0,0,0,0,0,0,0,0,0,0,0,0,0,184870
1,1,1,1,1030,-818,1364,467,-800,549,18,-1,-4,0,0,0,0,0,0,0,0,0,0,0,0,0,0,0,0,0,0,0,0,0,0,184880
1,1,1,1,1014,-828,1312,409,-761,514,18,-1,-5,0,0,0,0,0,0,0,0,0,0,0,0,0,0,0,0,0,0,0,0,0,0,184890
1,1,1,1,1015,-843,1270,359,-707,475,18,-2,-5,0,0,0,0,0,0,0,0,0,0,0,0,0,0,0,0,0,0,0,0,0,0,184900
1,1,1,1,1024,-850,1243,281,-641,439,18,-2,-5,0,0,0,0,0,0,0,0,0,0,0,0,0,0,0,0,0,0,0,0,0,0,184910
1,1,1,1,1053,-849,1230,217,-571,410,17,-2,-6,0,0,0,0,0,0,0,0,0,0,0,0,0,0,0,0,0,0,0,0,0,0,184920
1,1,1,1,1089,-835,1223,174,-538,387,19,-1,-5,0,0,0,0,0,0,0,0,0,0,0,0,0,0,0,0,0,0,0,0,0,0,184930
1,1,1,1,1084,-833,1217,143,-498,347,18,-2,-5,0,0,0,0,0,0,0,0,0,0,0,0,0,0,0,0,0,0,0,0,0,0,184940
1,1,1,1,1097,-844,1209,96,-450,308,17,-2,-5,0,0,0,0,0,0,0,0,0,0,0,0,0,0,0,0,0,0,0,0,0,0,184950
1,1,1,1,1094,-835,1208,-4,-395,285,15,0,0,0,0,0,0,0,0,0,0,0,0,0,0,0,0,0,0,0,0,0,0,0,0,184960
1,1,1,1,1081,-807,1207,-62,-322,282,17,-2,-5,0,0,0,0,0,0,0,0,0,0,0,0,0,0,0,0,0,0,0,0,0,0,184970
1,1,1,1,1079,-757,1217,-99,-279,284,17,-2,-5,0,0,0,0,0,0,0,0,0,0,0,0,0,0,0,0,0,0,0,0,0,0,184980
1,1,1,1,1095,-738,1233,-105,-247,301,16,0,-4,0,0,0,0,0,0,0,0,0,0,0,0,0,0,0,0,0,0,0,0,0,0,184990
1,1,1,1,1097,-739,1243,-86,-241,308,16,-2,-5,0,0,0,0,0,0,0,0,0,0,0,0,0,0,0,0,0,0,0,0,0,0,185000
1,1,1,1,1099,-755,1253,-25,-232,294,16,0,0,0,0,0,0,0,0,0,0,0,0,0,0,0,0,0,0,0,0,0,0,0,0,185010
1,1,1,1,1111,-787,1260,8,-219,274,15,0,-1,0,0,0,0,0,0,0,0,0,0,0,0,0,0,0,0,0,0,0,0,0,0,185020
1,1,1,1,1116,-821,1261,27,-204,240,18,-1,-6,0,0,0,0,0,0,0,0,0,0,0,0,0,0,0,0,0,0,0,0,0,0,185030
1,1,1,1,1108,-844,1253,45,-187,191,17,-1,-1,0,0,0,0,0,0,0,0,0,0,0,0,0,0,0,0,0,0,0,0,0,0,185040
1,1,1,1,1096,-867,1242,35,-148,136,19,-3,-4,0,0,0,0,0,0,0,0,0,0,0,0,0,0,0,0,0,0,0,0,0,0,185050
1,1,1,1,1101,-861,1245,-10,-96,107,18,-2,-4,0,0,0,0,0,0,0,0,0,0,0,0,0,0,0,0,0,0,0,0,0,0,185060
1,1,1,1,1106,-850,1250,-91,-54,103,18,-1,0,0,0,0,0,0,0,0,0,0,0,0,0,0,0,0,0,0,0,0,0,0,0,185070
1,1,1,1,1108,-845,1263,-164,-36,107,16,0,0,0,0,0,0,0,0,0,0,0,0,0,0,0,0,0,0,0,0,0,0,0,0,185080
1,1,1,1,1123,-823,1281,-230,-11,130,17,-1,1,0,0,0,0,0,0,0,0,0,0,0,0,0,0,0,0,0,0,0,0,0,0,185090
1,1,1,1,1122,-803,1294,-254,3,151,16,-1,-4,0,0,0,0,0,0,0,0,0,0,0,0,0,0,0,0,0,0,0,0,0,0,185100
1,1,1,1,1120,-796,1297,-211,-7,142,16,-2,-4,0,0,0,0,0,0,0,0,0,0,0,0,0,0,0,0,0,0,0,0,0,0,185110
1,1,1,1,1107,-800,1283,-126,-20,105,17,-1,-5,0,0,0,0,0,0,0,0,0,0,0,0,0,0,0,0,0,0,0,0,0,0,185120
1,1,1,1,1102,-817,1284,-76,-29,68,18,-1,-5,0,0,0,0,0,0,0,0,0,0,0,0,0,0,0,0,0,0,0,0,0,0,185130
1,1,1,1,1100,-836,1282,-48,-45,49,18,-2,-2,0,0,0,0,0,0,0,0,0,0,0,0,0,0,0,0,0,0,0,0,0,0,185140
1,1,1,1,1100,-867,1273,-57,-33,27,18,-1,-5,0,0,0,0,0,0,0,0,0,0,0,0,0,0,0,0,0,0,0,0,0,0,185150
1,1,1,1,1104,-892,1249,-104,-13,-6,17,-1,-5,0,0,0,0,0,0,0,0,0,0,0,0,0,0,0,0,0,0,0,0,0,0,185160
1,1,1,1,1115,-897,1232,-143,43,-45,16,-2,-3,0,0,0,0,0,0,0,0,0,0,0,0,0,0,0,0,0,0,0,0,0,0,185170
1,1,1,1,1101,-889,1210,-216,106,-76,17,-3,-4,0,0,0,0,0,0,0,0,0,0,0,0,0,0,0,0,0,0,0,0,0,0,185180
1,1,1,1,1084,-872,1207,-274,178,-90,15,-3,-5,0,0,0,0,0,0,0,0,0,0,0,0,0,0,0,0,0,0,0,0,0,0,185190
1,1,1,1,1112,-856,1232,-337,227,-89,15,-2,-5,0,0,0,0,0,0,0,0,0,0,0,0,0,0,0,0,0,0,0,0,0,0,185200
1,1,1,1,1142,-839,1271,-393,238,-69,15,-2,-3,0,0,0,0,0,0,0,0,0,0,0,0,0,0,0,0,0,0,0,0,0,0,185210
1,1,1,1,1151,-829,1308,-415,202,-53,16,-1,-4,0,0,0,0,0,0,0,0,0,0,0,0,0,0,0,0,0,0,0,0,0,0,185220
1,1,1,1,1162,-829,1329,-395,143,-52,17,-2,-4,0,0,0,0,0,0,0,0,0,0,0,0,0,0,0,0,0,0,0,0,0,0,185230
1,1,1,1,1161,-836,1311,-357,108,-65,16,-2,-5,0,0,0,0,0,0,0,0,0,0,0,0,0,0,0,0,0,0,0,0,0,0,185240
1,1,1,1,1154,-844,1290,-309,91,-85,16,-2,0,0,0,0,0,0,0,0,0,0,0,0,0,0,0,0,0,0,0,0,0,0,0,185250
1,1,1,1,1148,-856,1260,-296,93,-95,14,-2,-5,0,0,0,0,0,0,0,0,0,0,0,0,0,0,0,0,0,0,0,0,0,0,185260
1,1,1,1,1141,-864,1241,-283,128,-102,13,0,0,0,0,0,0,0,0,0,0,0,0,0,0,0,0,0,0,0,0,0,0,0,0,185270
1,1,1,1,1133,-861,1234,-302,180,-106,15,-4,0,0,0,0,0,0,0,0,0,0,0,0,0,0,0,0,0,0,0,0,0,0,0,185280
1,1,1,1,1122,-871,1229,-351,251,-120,14,0,4,0,0,0,0,0,0,0,0,0,0,0,0,0,0,0,0,0,0,0,0,0,0,185290
1,1,1,1,1100,-921,1230,-382,319,-160,15,-3,4,0,0,0,0,0,0,0,0,0,0,0,0,0,0,0,0,0,0,0,0,0,0,185300
1,1,1,1,1102,-962,1232,-441,385,-223,16,-7,0,0,0,0,0,0,0,0,0,0,0,0,0,0,0,0,0,0,0,0,0,0,0,185310
1,1,1,1,1110,-952,1265,-503,459,-274,13,-1,3,0,0,0,0,0,0,0,0,0,0,0,0,0,0,0,0,0,0,0,0,0,0,185320
1,1,1,1,1125,-905,1318,-545,505,-300,11,2,0,0,0,0,0,0,0,0,0,0,0,0,0,0,0,0,0,0,0,0,0,0,0,185330
1,1,1,1,1141,-860,1371,-618,519,-303,13,-1,1,0,0,0,0,0,0,0,0,0,0,0,0,0,0,0,0,0,0,0,0,0,0,185340
1,1,1,1,1137,-838,1415,-662,508,-311,15,-2,3,0,0,0,0,0,0,0,0,0,0,0,0,0,0,0,0,0,0,0,0,0,0,185350
1,1,1,1,1130,-824,1445,-629,488,-346,15,-2,5,0,0,0,0,0,0,0,0,0,0,0,0,0,0,0,0,0,0,0,0,0,0,185360
1,1,1,1,1128,-835,1452,-526,475,-397,16,-2,3,0,0,0,0,0,0,0,0,0,0,0,0,0,0,0,0,0,0,0,0,0,0,185370
1,1,1,1,1126,-850,1473,-425,427,-446,16,-1,2,0,0,0,0,0,0,0,0,0,0,0,0,0,0,0,0,0,0,0,0,0,0,185380
1,1,1,1,1121,-850,1498,-378,369,-469,17,-2,4,0,0,0,0,0,0,0,0,0,0,0,0,0,0,0,0,0,0,0,0,0,0,185390
1,1,1,1,1109,-863,1504,-389,305,-460,15,-3,5,0,0,0,0,0,0,0,0,0,0,0,0,0,0,0,0,0,0,0,0,0,0,185400
1,1,1,1,1091,-886,1457,-437,260,-432,15,-2,9,0,0,0,0,0,0,0,0,0,0,0,0,0,0,0,0,0,0,0,0,0,0,185410
1,1,1,1,1051,-890,1404,-512,234,-403,14,-2,1,0,0,0,0,0,0,0,0,0,0,0,0,0,0,0,0,0,0,0,0,0,0,185420
1,1,1,1,1030,-881,1364,-588,238,-364,15,-2,4,0,0,0,0,0,0,0,0,0,0,0,0,0,0,0,0,0,0,0,0,0,0,185430
1,1,1,1,1033,-841,1335,-590,246,-313,15,-2,-3,0,0,0,0,0,0,0,0,0,0,0,0,0,0,0,0,0,0,0,0,0,0,185440
1,1,1,1,1041,-808,1333,-564,235,-242,17,-2,-1,0,0,0,0,0,0,0,0,0,0,0,0,0,0,0,0,0,0,0,0,0,0,185450
1,1,1,1,1048,-793,1333,-527,177,-141,16,-1,-4,0,0,0,0,0,0,0,0,0,0,0,0,0,0,0,0,0,0,0,0,0,0,185460
1,1,1,1,1045,-798,1326,-466,102,-38,15,-1,-4,0,0,0,0,0,0,0,0,0,0,0,0,0,0,0,0,0,0,0,0,0,0,185470
1,1,1,1,1037,-799,1313,-385,51,55,16,-1,-1,0,0,0,0,0,0,0,0,0,0,0,0,0,0,0,0,0,0,0,0,0,0,185480
1,1,1,1,1012,-813,1301,-258,2,150,15,-1,-1,0,0,0,0,0,0,0,0,0,0,0,0,0,0,0,0,0,0,0,0,0,0,185490
1,1,1,1,989,-845,1282,-141,-49,235,15,-1,-5,0,0,0,0,0,0,0,0,0,0,0,0,0,0,0,0,0,0,0,0,0,0,185500
1,1,1,1,976,-896,1266,-62,-84,288,15,-1,-5,0,0,0,0,0,0,0,0,0,0,0,0,0,0,0,0,0,0,0,0,0,0,185510
1,1,1,1,966,-949,1265,7,-97,331,16,-1,-6,0,0,0,0,0,0,0,0,0,0,0,0,0,0,0,0,0,0,0,0,0,0,185520
1,1,1,1,957,-1005,1271,43,-109,363,16,0,-5,0,0,0,0,0,0,0,0,0,0,0,0,0,0,0,0,0,0,0,0,0,0,185530
1,1,1,1,953,-1063,1285,60,-111,380,16,-1,-4,0,0,0,0,0,0,0,0,0,0,0,0,0,0,0,0,0,0,0,0,0,0,185540
1,1,1,1,970,-1114,1277,42,-112,398,16,0,-5,0,0,0,0,0,0,0,0,0,0,0,0,0,0,0,0,0,0,0,0,0,0,185550
1,1,1,1,965,-1177,1294,-41,-110,418,16,-1,-5,0,0,0,0,0,0,0,0,0,0,0,0,0,0,0,0,0,0,0,0,0,0,185560
1,1,1,1,979,-1213,1308,-81,-106,420,13,0,-3,0,0,0,0,0,0,0,0,0,0,0,0,0,0,0,0,0,0,0,0,0,0,185570
1,1,1,1,998,-1250,1317,-117,-113,409,13,2,-7,0,0,0,0,0,0,0,0,0,0,0,0,0,0,0,0,0,0,0,0,0,0,185580
1,1,1,1,993,-1267,1338,-136,-144,376,15,0,-1,0,0,0,0,0,0,0,0,0,0,0,0,0,0,0,0,0,0,0,0,0,0,185590
1,1,1,1,993,-1243,1362,-74,-190,323,13,0,5,0,0,0,0,0,0,0,0,0,0,0,0,0,0,0,0,0,0,0,0,0,0,185600
1,1,1,1,988,-1215,1349,-30,-213,283,14,-4,1,0,0,0,0,0,0,0,0,0,0,0,0,0,0,0,0,0,0,0,0,0,0,185610
1,1,1,1,798,-1469,987,32,122,-12,10,1,34,0,0,0,0,0,0,0,0,0,0,0,0,0,0,0,0,0,0,0,0,0,0,185620
1,1,1,1,597,-1508,953,245,509,-326,5,2,16,0,0,0,0,0,0,0,0,0,0,0,0,0,0,0,0,0,0,0,0,0,0,185630
1,1,1,1,838,-1414,1050,-115,144,-32,2,-2,25,0,0,0,0,0,0,0,0,0,0,0,0,0,0,0,0,0,0,0,0,0,0,185640
1,1,1,1,846,-1372,1016,-556,251,-7,7,-3,16,0,0,0,0,0,0,0,0,0,0,0,0,0,0,0,0,0,0,0,0,0,0,185650
1,1,1,1,972,-1211,1241,-593,204,103,9,-3,10,0,0,0,0,0,0,0,0,0,0,0,0,0,0,0,0,0,0,0,0,0,0,185660
1,1,1,1,1014,-1171,1354,-464,150,41,11,-5,9,0,0,0,0,0,0,0,0,0,0,0,0,0,0,0,0,0,0,0,0,0,0,185670
1,1,1,1,1041,-1049,1398,-273,95,-9,9,-4,11,0,0,0,0,0,0,0,0,0,0,0,0,0,0,0,0,0,0,0,0,0,0,185680
1,1,1,1,1025,-1004,1397,-115,78,-19,6,-4,18,0,0,0,0,0,0,0,0,0,0,0,0,0,0,0,0,0,0,0,0,0,0,185690
1,1,1,1,986,-1077,1363,42,67,-28,5,-1,24,0,0,0,0,0,0,0,0,0,0,0,0,0,0,0,0,0,0,0,0,0,0,185700
1,1,1,1,937,-1218,1383,149,-8,-80,2,0,30,0,0,0,0,0,0,0,0,0,0,0,0,0,0,0,0,0,0,0,0,0,0,185710
1,1,1,1,926,-1258,1272,179,-60,-84,-9,-6,31,0,0,0,0,0,0,0,0,0,0,0,0,0,0,0,0,0,0,0,0,0,0,185720
1,1,1,1,930,-1204,1176,16,-21,15,-21,-12,25,0,0,0,0,0,0,0,0,0,0,0,0,0,0,0,0,0,0,0,0,0,0,185730
1,1,1,1,956,-1154,1139,-206,41,109,-20,-16,14,0,0,0,0,0,0,0,0,0,0,0,0,0,0,0,0,0,0,0,0,0,0,185740
1,1,1,1,1053,-1105,1220,-306,27,148,-14,-18,1,0,0,0,0,0,0,0,0,0,0,0,0,0,0,0,0,0,0,0,0,0,0,185750
1,1,1,1,1172,-1040,1346,-270,-41,126,-10,-20,-1,0,0,0,0,0,0,0,0,0,0,0,0,0,0,0,0,0,0,0,0,0,0,185760
1,1,1,1,1271,-1020,1429,-207,-110,85,-7,-20,-6,0,0,0,0,0,0,0,0,0,0,0,0,0,0,0,0,0,0,0,0,0,0,185770
1,1,1,1,1316,-1057,1481,-132,-173,21,-12,-21,-7,0,0,0,0,0,0,0,0,0,0,0,0,0,0,0,0,0,0,0,0,0,0,185780
1,1,1,1,1252,-950,1446,-169,-253,100,-17,-26,-7,0,0,0,0,0,0,0,0,0,0,0,0,0,0,0,0,0,0,0,0,0,0,185790
1,1,1,1,1096,-953,1254,-233,-181,176,-18,-28,-6,0,0,0,0,0,0,0,0,0,0,0,0,0,0,0,0,0,0,0,0,0,0,185800
1,1,1,1,1015,-968,1188,-141,-108,200,-11,-27,-4,0,0,0,0,0,0,0,0,0,0,0,0,0,0,0,0,0,0,0,0,0,0,185810
1,1,1,1,1002,-1088,1194,35,-139,139,-12,-24,0,0,0,0,0,0,0,0,0,0,0,0,0,0,0,0,0,0,0,0,0,0,0,185820
1,1,1,1,1003,-1226,1220,180,-132,-13,-11,-23,9,0,0,0,0,0,0,0,0,0,0,0,0,0,0,0,0,0,0,0,0,0,0,185830
1,1,1,1,1162,-1310,1354,224,-210,-61,-15,-23,4,0,0,0,0,0,0,0,0,0,0,0,0,0,0,0,0,0,0,0,0,0,0,185840
1,1,1,1,1140,-1317,1395,135,-299,-77,-19,-23,11,0,0,0,0,0,0,0,0,0,0,0,0,0,0,0,0,0,0,0,0,0,0,185850
1,1,1,1,1116,-1203,1388,-175,-329,79,-20,-22,9,0,0,0,0,0,0,0,0,0,0,0,0,0,0,0,0,0,0,0,0,0,0,185860
1,1,1,1,1040,-1106,1395,-422,-417,216,-21,-22,15,0,0,0,0,0,0,0,0,0,0,0,0,0,0,0,0,0,0,0,0,0,0,185870
1,1,1,1,887,-1085,1234,-473,-312,185,-19,-23,25,0,0,0,0,0,0,0,0,0,0,0,0,0,0,0,0,0,0,0,0,0,0,185880
1,1,1,1,758,-1014,1198,-237,-208,96,-20,-18,30,0,0,0,0,0,0,0,0,0,0,0,0,0,0,0,0,0,0,0,0,0,0,185890
1,1,1,1,701,-1041,1046,-115,-167,154,-22,-17,36,0,0,0,0,0,0,0,0,0,0,0,0,0,0,0,0,0,0,0,0,0,0,185900
1,1,1,1,745,-1192,1019,-45,-100,171,-21,-13,47,0,0,0,0,0,0,0,0,0,0,0,0,0,0,0,0,0,0,0,0,0,0,185910
1,1,1,1,797,-1352,1086,54,-135,193,-23,-12,53,0,0,0,0,0,0,0,0,0,0,0,0,0,0,0,0,0,0,0,0,0,0,185920
1,1,1,1,906,-1394,1138,22,-177,244,-26,-10,55,0,0,0,0,0,0,0,0,0,0,0,0,0,0,0,0,0,0,0,0,0,0,185930
1,1,1,1,1023,-1364,1222,-97,-206,318,-28,-11,59,0,0,0,0,0,0,0,0,0,0,0,0,0,0,0,0,0,0,0,0,0,0,185940
1,1,1,1,1091,-1315,1330,-205,-255,352,-34,-7,66,0,0,0,0,0,0,0,0,0,0,0,0,0,0,0,0,0,0,0,0,0,0,185950
1,1,1,1,1106,-1306,1334,-348,-310,380,-35,-9,69,0,0,0,0,0,0,0,0,0,0,0,0,0,0,0,0,0,0,0,0,0,0,185960
1,1,1,1,1138,-1404,1332,-511,-409,396,-35,-11,64,0,0,0,0,0,0,0,0,0,0,0,0,0,0,0,0,0,0,0,0,0,0,185970
1,1,1,1,1188,-1356,1345,-577,-520,384,-35,-17,53,0,0,0,0,0,0,0,0,0,0,0,0,0,0,0,0,0,0,0,0,0,0,185980
1,1,1,1,1228,-1250,1306,-611,-576,395,-33,-25,38,0,0,0,0,0,0,0,0,0,0,0,0,0,0,0,0,0,0,0,0,0,0,185990
1,1,1,1,1209,-1138,1253,-577,-607,379,-30,-30,26,0,0,0,0,0,0,0,0,0,0,0,0,0,0,0,0,0,0,0,0,0,0,186000
1,1,1,1,1244,-956,1187,-358,-620,320,-27,-31,21,0,0,0,0,0,0,0,0,0,0,0,0,0,0,0,0,0,0,0,0,0,0,186010
1,1,1,1,1277,-894,1149,16,-641,207,-25,-30,17,0,0,0,0,0,0,0,0,0,0,0,0,0,0,0,0,0,0,0,0,0,0,186020
1,1,1,1,1322,-855,1083,313,-659,178,-23,-29,25,0,0,0,0,0,0,0,0,0,0,0,0,0,0,0,0,0,0,0,0,0,0,186030
1,1,1,1,1322,-855,1083,476,-646,201,-21,-30,24,0,0,0,0,0,0,0,0,0,0,0,0,0,0,0,0,0,0,0,0,0,0,186040
1,1,1,1,1293,-888,979,466,-617,301,-17,-25,27,0,0,0,0,0,0,0,0,0,0,0,0,0,0,0,0,0,0,0,0,0,0,186050
1,1,1,1,1076,-1030,830,449,-532,302,-12,-20,37,0,0,0,0,0,0,0,0,0,0,0,0,0,0,0,0,0,0,0,0,0,0,186060
1,1,1,1,1105,-1162,1012,735,-499,201,-11,-18,41,0,0,0,0,0,0,0,0,0,0,0,0,0,0,0,0,0,0,0,0,0,0,186070
1,1,1,1,1049,-1230,1126,690,-482,197,-15,-13,49,0,0,0,0,0,0,0,0,0,0,0,0,0,0,0,0,0,0,0,0,0,0,186080
1,1,1,1,1094,-1331,1190,484,-427,173,-19,-9,63,0,0,0,0,0,0,0,0,0,0,0,0,0,0,0,0,0,0,0,0,0,0,186090
1,1,1,1,1102,-1516,1284,249,-405,99,-20,-7,72,0,0,0,0,0,0,0,0,0,0,0,0,0,0,0,0,0,0,0,0,0,0,186100
1,1,1,1,1123,-1634,1238,78,-380,76,-24,-6,76,0,0,0,0,0,0,0,0,0,0,0,0,0,0,0,0,0,0,0,0,0,0,186110
1,1,1,1,1069,-1552,1136,-233,-313,133,-24,-5,78,0,0,0,0,0,0,0,0,0,0,0,0,0,0,0,0,0,0,0,0,0,0,186120
1,1,1,1,1084,-1378,1053,-575,-241,227,-23,-5,77,0,0,0,0,0,0,0,0,0,0,0,0,0,0,0,0,0,0,0,0,0,0,186130
1,1,1,1,1101,-1265,1049,-714,-208,267,-21,-4,73,0,0,0,0,0,0,0,0,0,0,0,0,0,0,0,0,0,0,0,0,0,0,186140
1,1,1,1,1194,-1126,1148,-749,-203,284,-20,-4,70,0,0,0,0,0,0,0,0,0,0,0,0,0,0,0,0,0,0,0,0,0,0,186150
1,1,1,1,1288,-889,1188,-760,-193,354,-19,-4,68,0,0,0,0,0,0,0,0,0,0,0,0,0,0,0,0,0,0,0,0,0,0,186160
1,1,1,1,1332,-859,1107,-646,-180,379,-17,-3,72,0,0,0,0,0,0,0,0,0,0,0,0,0,0,0,0,0,0,0,0,0,0,186170
1,1,1,1,1286,-901,1100,-475,-186,338,-15,0,71,0,0,0,0,0,0,0,0,0,0,0,0,0,0,0,0,0,0,0,0,0,0,186180
1,1,1,1,1358,-953,1172,-329,-213,310,-13,3,75,0,0,0,0,0,0,0,0,0,0,0,0,0,0,0,0,0,0,0,0,0,0,186190
1,1,1,1,1180,-1235,1098,-223,-224,226,-12,3,82,0,0,0,0,0,0,0,0,0,0,0,0,0,0,0,0,0,0,0,0,0,0,186200
1,1,1,1,1131,-1349,1064,-58,-193,118,-11,5,87,0,0,0,0,0,0,0,0,0,0,0,0,0,0,0,0,0,0,0,0,0,0,186210
1,1,1,1,1169,-1454,1162,132,-201,70,-11,5,98,0,0,0,0,0,0,0,0,0,0,0,0,0,0,0,0,0,0,0,0,0,0,186220
1,1,1,1,991,-1468,1084,18,-147,70,-15,8,96,0,0,0,0,0,0,0,0,0,0,0,0,0,0,0,0,0,0,0,0,0,0,186230
1,1,1,1,940,-1395,905,-124,-25,128,-14,11,99,0,0,0,0,0,0,0,0,0,0,0,0,0,0,0,0,0,0,0,0,0,0,186240
1,1,1,1,1046,-1348,1026,-162,7,141,-12,10,100,0,0,0,0,0,0,0,0,0,0,0,0,0,0,0,0,0,0,0,0,0,0,186250
1,1,1,1,1125,-1224,1162,-132,-16,137,-17,11,114,0,0,0,0,0,0,0,0,0,0,0,0,0,0,0,0,0,0,0,0,0,0,186260
1,1,1,1,1088,-1219,964,-30,14,93,-15,17,128,0,0,0,0,0,0,0,0,0,0,0,0,0,0,0,0,0,0,0,0,0,0,186270
1,1,1,1,1041,-1318,767,114,33,71,-19,23,142,0,0,0,0,0,0,0,0,0,0,0,0,0,0,0,0,0,0,0,0,0,0,186280
1,1,1,1,963,-1399,783,106,73,71,-19,28,149,0,0,0,0,0,0,0,0,0,0,0,0,0,0,0,0,0,0,0,0,0,0,186290
1,1,1,1,1042,-1574,998,111,47,35,-19,34,151,0,0,0,0,0,0,0,0,0,0,0,0,0,0,0,0,0,0,0,0,0,0,186300
1,1,1,1,1128,-1428,1375,112,-53,45,-20,37,156,0,0,0,0,0,0,0,0,0,0,0,0,0,0,0,0,0,0,0,0,0,0,186310
1,1,1,1,1206,-1330,1400,174,-142,102,-22,38,165,0,0,0,0,0,0,0,0,0,0,0,0,0,0,0,0,0,0,0,0,0,0,186320
1,1,1,1,1114,-1444,1203,274,-215,74,-28,42,174,0,0,0,0,0,0,0,0,0,0,0,0,0,0,0,0,0,0,0,0,0,0,186330
1,1,1,1,1080,-1555,1061,250,-255,59,-29,43,176,0,0,0,0,0,0,0,0,0,0,0,0,0,0,0,0,0,0,0,0,0,0,186340
1,1,1,1,1137,-1440,1081,135,-317,150,-29,45,175,0,0,0,0,0,0,0,0,0,0,0,0,0,0,0,0,0,0,0,0,0,0,186350
1,1,1,1,1123,-1233,1067,52,-361,260,-25,45,174,0,0,0,0,0,0,0,0,0,0,0,0,0,0,0,0,0,0,0,0,0,0,186360
1,1,1,1,1100,-1221,1004,172,-365,285,-27,47,174,0,0,0,0,0,0,0,0,0,0,0,0,0,0,0,0,0,0,0,0,0,0,186370
1,1,1,1,1112,-1021,1070,26,-380,392,-28,51,181,0,0,0,0,0,0,0,0,0,0,0,0,0,0,0,0,0,0,0,0,0,0,186380
1,1,1,1,1155,-1216,1021,-68,-310,428,-29,56,194,0,0,0,0,0,0,0,0,0,0,0,0,0,0,0,0,0,0,0,0,0,0,186390
1,1,1,1,992,-1438,884,-6,-251,396,-34,62,198,0,0,0,0,0,0,0,0,0,0,0,0,0,0,0,0,0,0,0,0,0,0,186400
1,1,1,1,904,-1411,718,-247,-125,470,-32,65,201,0,0,0,0,0,0,0,0,0,0,0,0,0,0,0,0,0,0,0,0,0,0,186410
1,1,1,1,912,-1447,813,-363,-38,508,-21,71,202,0,0,0,0,0,0,0,0,0,0,0,0,0,0,0,0,0,0,0,0,0,0,186420
1,1,1,1,1115,-1599,1089,-132,-132,360,-20,77,201,0,0,0,0,0,0,0,0,0,0,0,0,0,0,0,0,0,0,0,0,0,0,186430
1,1,1,1,1387,-1851,1512,94,-330,85,-21,77,193,0,0,0,0,0,0,0,0,0,0,0,0,0,0,0,0,0,0,0,0,0,0,186440
1,1,1,1,1437,-1442,1609,165,-511,65,-19,74,192,0,0,0,0,0,0,0,0,0,0,0,0,0,0,0,0,0,0,0,0,0,0,186450
1,1,1,1,1343,-1287,1356,306,-576,28,-25,72,195,0,0,0,0,0,0,0,0,0,0,0,0,0,0,0,0,0,0,0,0,0,0,186460
1,1,1,1,1369,-932,1154,253,-578,190,-24,73,198,0,0,0,0,0,0,0,0,0,0,0,0,0,0,0,0,0,0,0,0,0,0,186470
1,1,1,1,1429,-927,1131,366,-593,246,-25,74,200,0,0,0,0,0,0,0,0,0,0,0,0,0,0,0,0,0,0,0,0,0,0,186480
1,1,1,1,1530,-1147,1048,468,-620,249,-27,72,208,0,0,0,0,0,0,0,0,0,0,0,0,0,0,0,0,0,0,0,0,0,0,186490
1,1,1,1,1459,-1324,904,454,-613,236,-29,72,206,0,0,0,0,0,0,0,0,0,0,0,0,0,0,0,0,0,0,0,0,0,0,186500
1,1,1,1,1391,-1440,843,371,-596,225,-26,71,205,0,0,0,0,0,0,0,0,0,0,0,0,0,0,0,0,0,0,0,0,0,0,186510
1,1,1,1,1300,-1403,930,330,-636,206,-30,72,200,0,0,0,0,0,0,0,0,0,0,0,0,0,0,0,0,0,0,0,0,0,0,186520
1,1,1,1,1211,-1381,1030,268,-714,242,-28,70,192,0,0,0,0,0,0,0,0,0,0,0,0,0,0,0,0,0,0,0,0,0,0,186530
1,1,1,1,1126,-1306,1093,171,-802,349,-30,71,187,0,0,0,0,0,0,0,0,0,0,0,0,0,0,0,0,0,0,0,0,0,0,186540
1,1,1,1,974,-1204,950,-67,-805,548,-26,65,188,0,0,0,0,0,0,0,0,0,0,0,0,0,0,0,0,0,0,0,0,0,0,186550
1,1,1,1,956,-1413,933,-148,-804,574,-27,64,183,0,0,0,0,0,0,0,0,0,0,0,0,0,0,0,0,0,0,0,0,0,0,186560
1,1,1,1,1064,-1409,1041,-194,-805,571,-26,64,183,0,0,0,0,0,0,0,0,0,0,0,0,0,0,0,0,0,0,0,0,0,0,186570
1,1,1,1,1128,-1345,996,-240,-765,557,-25,57,180,0,0,0,0,0,0,0,0,0,0,0,0,0,0,0,0,0,0,0,0,0,0,186580
1,1,1,1,1209,-1263,898,-220,-685,546,-24,58,180,0,0,0,0,0,0,0,0,0,0,0,0,0,0,0,0,0,0,0,0,0,0,186590
1,1,1,1,1342,-1324,936,-49,-622,426,-26,55,176,0,0,0,0,0,0,0,0,0,0,0,0,0,0,0,0,0,0,0,0,0,0,186600
1,1,1,1,1572,-1321,1117,188,-615,253,-24,53,172,0,0,0,0,0,0,0,0,0,0,0,0,0,0,0,0,0,0,0,0,0,0,186610
1,1,1,1,1616,-1410,1128,218,-660,119,-26,49,163,0,0,0,0,0,0,0,0,0,0,0,0,0,0,0,0,0,0,0,0,0,0,186620
1,1,1,1,1457,-1529,986,-48,-656,118,-18,46,153,0,0,0,0,0,0,0,0,0,0,0,0,0,0,0,0,0,0,0,0,0,0,186630
1,1,1,1,1326,-1524,796,-413,-598,217,-22,45,145,0,0,0,0,0,0,0,0,0,0,0,0,0,0,0,0,0,0,0,0,0,0,186640
1,1,1,1,1269,-1469,624,-784,-528,313,-16,47,141,0,0,0,0,0,0,0,0,0,0,0,0,0,0,0,0,0,0,0,0,0,0,186650
1,1,1,1,1371,-1220,798,-544,-496,365,-14,43,135,0,0,0,0,0,0,0,0,0,0,0,0,0,0,0,0,0,0,0,0,0,0,186660
1,1,1,1,1285,-1009,671,-523,-310,405,-17,44,139,0,0,0,0,0,0,0,0,0,0,0,0,0,0,0,0,0,0,0,0,0,0,186670
1,1,1,1,1500,-1089,716,-354,-242,369,-13,44,148,0,0,0,0,0,0,0,0,0,0,0,0,0,0,0,0,0,0,0,0,0,0,186680
1,1,1,1,1787,-1295,1015,-52,-247,163,-17,44,154,0,0,0,0,0,0,0,0,0,0,0,0,0,0,0,0,0,0,0,0,0,0,186690
1,1,1,1,1531,-1181,605,173,-78,108,-21,46,163,0,0,0,0,0,0,0,0,0,0,0,0,0,0,0,0,0,0,0,0,0,0,186700
1,1,1,1,1695,-1387,596,231,-65,44,-23,48,164,0,0,0,0,0,0,0,0,0,0,0,0,0,0,0,0,0,0,0,0,0,0,186710
1,1,1,1,1650,-1347,726,449,-23,37,-20,48,167,0,0,0,0,0,0,0,0,0,0,0,0,0,0,0,0,0,0,0,0,0,0,186721
1,1,1,1,1387,-1568,539,593,44,-137,-14,53,166,0,0,0,0,0,0,0,0,0,0,0,0,0,0,0,0,0,0,0,0,0,0,186731
1,1,1,1,1891,-1734,1199,751,-151,-327,-16,52,163,0,0,0,0,0,0,0,0,0,0,0,0,0,0,0,0,0,0,0,0,0,0,186741
1,1,1,1,1420,-1281,1058,770,-186,-242,-14,49,158,0,0,0,0,0,0,0,0,0,0,0,0,0,0,0,0,0,0,0,0,0,0,186751
1,1,1,1,916,-1515,783,784,-54,-326,-9,57,158,0,0,0,0,0,0,0,0,0,0,0,0,0,0,0,0,0,0,0,0,0,0,186761
1,1,1,1,723,-2023,1083,740,11,-675,-12,60,137,0,0,0,0,0,0,0,0,0,0,0,0,0,0,0,0,0,0,0,0,0,0,186771
1,1,1,1,993,-1875,1316,160,7,-710,-4,59,121,0,0,0,0,0,0,0,0,0,0,0,0,0,0,0,0,0,0,0,0,0,0,186781
1,1,1,1,987,-1551,1129,-298,211,-465,-4,64,116,0,0,0,0,0,0,0,0,0,0,0,0,0,0,0,0,0,0,0,0,0,0,186791
1,1,1,1,1021,-1529,1424,-530,394,-301,1,57,105,0,0,0,0,0,0,0,0,0,0,0,0,0,0,0,0,0,0,0,0,0,0,186801
1,1,1,1,1142,-1452,1510,-849,485,-263,0,47,84,0,0,0,0,0,0,0,0,0,0,0,0,0,0,0,0,0,0,0,0,0,0,186811
1,1,1,1,1109,-1230,1259,-977,587,-203,1,27,61,0,0,0,0,0,0,0,0,0,0,0,0,0,0,0,0,0,0,0,0,0,0,186821
1,1,1,1,1193,-1199,1076,-967,664,-216,2,11,42,0,0,0,0,0,0,0,0,0,0,0,0,0,0,0,0,0,0,0,0,0,0,186831
1,1,1,1,1210,-1137,960,-819,710,-285,4,1,34,0,0,0,0,0,0,0,0,0,0,0,0,0,0,0,0,0,0,0,0,0,0,186841
1,1,1,1,1248,-1162,807,-654,747,-355,2,0,29,0,0,0,0,0,0,0,0,0,0,0,0,0,0,0,0,0,0,0,0,0,0,186851
1,1,1,1,1269,-1213,764,-448,744,-402,5,-4,23,0,0,0,0,0,0,0,0,0,0,0,0,0,0,0,0,0,0,0,0,0,0,186861
1,1,1,1,1240,-1229,745,-281,762,-439,11,-6,16,0,0,0,0,0,0,0,0,0,0,0,0,0,0,0,0,0,0,0,0,0,0,186871
1,1,1,1,1290,-1181,811,-99,743,-463,11,-1,19,0,0,0,0,0,0,0,0,0,0,0,0,0,0,0,0,0,0,0,0,0,0,186881
1,1,1,1,1300,-1137,899,87,712,-490,14,1,11,0,0,0,0,0,0,0,0,0,0,0,0,0,0,0,0,0,0,0,0,0,0,186891
1,1,1,1,1333,-1143,978,181,667,-507,12,4,16,0,0,0,0,0,0,0,0,0,0,0,0,0,0,0,0,0,0,0,0,0,0,186901
1,1,1,1,1328,-1228,992,249,598,-513,11,7,23,0,0,0,0,0,0,0,0,0,0,0,0,0,0,0,0,0,0,0,0,0,0,186911
1,1,1,1,1266,-1350,923,222,514,-461,12,11,33,0,0,0,0,0,0,0,0,0,0,0,0,0,0,0,0,0,0,0,0,0,0,186921
1,1,1,1,1185,-1491,875,215,453,-415,8,13,37,0,0,0,0,0,0,0,0,0,0,0,0,0,0,0,0,0,0,0,0,0,0,186931
1,1,1,1,1146,-1518,846,108,415,-363,6,15,41,0,0,0,0,0,0,0,0,0,0,0,0,0,0,0,0,0,0,0,0,0,0,186941
1,1,1,1,1111,-1508,862,-89,397,-300,5,17,44,0,0,0,0,0,0,0,0,0,0,0,0,0,0,0,0,0,0,0,0,0,0,186951
1,1,1,1,1115,-1475,925,-214,395,-234,4,18,43,0,0,0,0,0,0,0,0,0,0,0,0,0,0,0,0,0,0,0,0,0,0,186961
1,1,1,1,1160,-1428,998,-320,375,-178,7,20,41,0,0,0,0,0,0,0,0,0,0,0,0,0,0,0,0,0,0,0,0,0,0,186971
1,1,1,1,1186,-1369,1047,-330,363,-151,6,17,41,0,0,0,0,0,0,0,0,0,0,0,0,0,0,0,0,0,0,0,0,0,0,186981
1,1,1,1,1207,-1347,1040,-336,350,-122,5,16,42,0,0,0,0,0,0,0,0,0,0,0,0,0,0,0,0,0,0,0,0,0,0,186991
1,1,1,1,1231,-1346,1028,-381,348,-81,3,16,46,0,0,0,0,0,0,0,0,0,0,0,0,0,0,0,0,0,0,0,0,0,0,187001
1,1,1,1,1274,-1359,1044,-400,316,-50,2,14,48,0,0,0,0,0,0,0,0,0,0,0,0,0,0,0,0,0,0,0,0,0,0,187011
1,1,1,1,1304,-1347,1016,-455,320,-26,0,15,48,0,0,0,0,0,0,0,0,0,0,0,0,0,0,0,0,0,0,0,0,0,0,187021
1,1,1,1,1310,-1297,982,-455,315,-11,-2,12,48,0,0,0,0,0,0,0,0,0,0,0,0,0,0,0,0,0,0,0,0,0,0,187031
1,1,1,1,1318,-1228,932,-407,303,-4,-1,12,53,0,0,0,0,0,0,0,0,0,0,0,0,0,0,0,0,0,0,0,0,0,0,187041
1,1,1,1,1300,-1230,871,-344,305,-17,-1,11,55,0,0,0,0,0,0,0,0,0,0,0,0,0,0,0,0,0,0,0,0,0,0,187051
1,1,1,1,1277,-1269,826,-228,304,-45,-2,13,59,0,0,0,0,0,0,0,0,0,0,0,0,0,0,0,0,0,0,0,0,0,0,187061
1,1,1,1,1282,-1325,826,-139,289,-76,-1,13,62,0,0,0,0,0,0,0,0,0,0,0,0,0,0,0,0,0,0,0,0,0,0,187071
1,1,1,1,1276,-1356,876,-49,251,-104,-2,15,64,0,0,0,0,0,0,0,0,0,0,0,0,0,0,0,0,0,0,0,0,0,0,187081
1,1,1,1,1259,-1361,940,55,185,-135,2,16,67,0,0,0,0,0,0,0,0,0,0,0,0,0,0,0,0,0,0,0,0,0,0,187091
1,1,1,1,1217,-1375,952,147,135,-129,1,15,67,0,0,0,0,0,0,0,0,0,0,0,0,0,0,0,0,0,0,0,0,0,0,187101
1,1,1,1,1207,-1420,965,169,60,-93,-3,21,70,0,0,0,0,0,0,0,0,0,0,0,0,0,0,0,0,0,0,0,0,0,0,187111
1,1,1,1,1185,-1460,993,148,19,-54,-2,21,68,0,0,0,0,0,0,0,0,0,0,0,0,0,0,0,0,0,0,0,0,0,0,187121
1,1,1,1,1171,-1470,1039,95,-17,-13,-2,21,72,0,0,0,0,0,0,0,0,0,0,0,0,0,0,0,0,0,0,0,0,0,0,187131
1,1,1,1,1183,-1471,1052,50,-36,13,-5,22,74,0,0,0,0,0,0,0,0,0,0,0,0,0,0,0,0,0,0,0,0,0,0,187141
1,1,1,1,1193,-1425,1061,-7,-35,41,-8,25,73,0,0,0,0,0,0,0,0,0,0,0,0,0,0,0,0,0,0,0,0,0,0,187151
1,1,1,1,1191,-1373,1042,-10,-40,47,-4,22,73,0,0,0,0,0,0,0,0,0,0,0,0,0,0,0,0,0,0,0,0,0,0,187161
1,1,1,1,1195,-1317,1034,63,-44,40,-3,23,75,0,0,0,0,0,0,0,0,0,0,0,0,0,0,0,0,0,0,0,0,0,0,187171
1,1,1,1,1206,-1252,1053,134,-50,34,0,20,78,0,0,0,0,0,0,0,0,0,0,0,0,0,0,0,0,0,0,0,0,0,0,187181
1,1,1,1,1244,-1231,1086,242,-74,28,1,21,81,0,0,0,0,0,0,0,0,0,0,0,0,0,0,0,0,0,0,0,0,0,0,187191
1,1,1,1,1250,-1294,1073,326,-92,19,-2,23,85,0,0,0,0,0,0,0,0,0,0,0,0,0,0,0,0,0,0,0,0,0,0,187201
1,1,1,1,1218,-1390,1008,353,-90,2,-3,23,92,0,0,0,0,0,0,0,0,0,0,0,0,0,0,0,0,0,0,0,0,0,0,187211
1,1,1,1,1228,-1444,954,306,-67,-2,-6,24,93,0,0,0,0,0,0,0,0,0,0,0,0,0,0,0,0,0,0,0,0,0,0,187221
1,1,1,1,1265,-1446,972,175,-58,17,-8,24,93,0,0,0,0,0,0,0,0,0,0,0,0,0,0,0,0,0,0,0,0,0,0,187231
1,1,1,1,1265,-1446,972,62,-59,25,-5,24,94,0,0,0,0,0,0,0,0,0,0,0,0,0,0,0,0,0,0,0,0,0,0,187241
1,1,1,1,1261,-1343,1022,43,-70,21,-6,25,93,0,0,0,0,0,0,0,0,0,0,0,0,0,0,0,0,0,0,0,0,0,0,187251
1,1,1,1,1261,-1343,1022,38,-97,44,-6,27,94,0,0,0,0,0,0,0,0,0,0,0,0,0,0,0,0,0,0,0,0,0,0,187261
1,1,1,1,1271,-1246,1061,58,-123,56,-5,27,97,0,0,0,0,0,0,0,0,0,0,0,0,0,0,0,0,0,0,0,0,0,0,187271
1,1,1,1,1251,-1290,1049,138,-127,38,-7,28,100,0,0,0,0,0,0,0,0,0,0,0,0,0,0,0,0,0,0,0,0,0,0,187281
1,1,1,1,1190,-1357,988,186,-116,10,-7,27,103,0,0,0,0,0,0,0,0,0,0,0,0,0,0,0,0,0,0,0,0,0,0,187291
1,1,1,1,1168,-1375,964,187,-90,7,-10,29,107,0,0,0,0,0,0,0,0,0,0,0,0,0,0,0,0,0,0,0,0,0,0,187301
1,1,1,1,1179,-1416,995,182,-81,-1,-9,30,107,0,0,0,0,0,0,0,0,0,0,0,0,0,0,0,0,0,0,0,0,0,0,187311
1,1,1,1,1186,-1413,1014,154,-79,3,-11,31,105,0,0,0,0,0,0,0,0,0,0,0,0,0,0,0,0,0,0,0,0,0,0,187321
1,1,1,1,1206,-1370,1042,119,-86,15,-12,31,108,0,0,0,0,0,0,0,0,0,0,0,0,0,0,0,0,0,0,0,0,0,0,187331
1,1,1,1,1221,-1343,1047,92,-98,31,-12,32,106,0,0,0,0,0,0,0,0,0,0,0,0,0,0,0,0,0,0,0,0,0,0,187341
1,1,1,1,1212,-1349,1013,50,-101,41,-11,32,107,0,0,0,0,0,0,0,0,0,0,0,0,0,0,0,0,0,0,0,0,0,0,187351
1,1,1,1,1191,-1379,1014,12,-95,42,-11,31,109,0,0,0,0,0,0,0,0,0,0,0,0,0,0,0,0,0,0,0,0,0,0,187361
1,1,1,1,1214,-1318,1057,-8,-102,51,-13,32,109,0,0,0,0,0,0,0,0,0,0,0,0,0,0,0,0,0,0,0,0,0,0,187381
1,1,1,1,1183,-1293,1002,44,-88,46,-12,32,111,0,0,0,0,0,0,0,0,0,0,0,0,0,0,0,0,0,0,0,0,0,0,187391
1,1,1,1,1194,-1289,984,86,-76,45,-15,38,113,0,0,0,0,0,0,0,0,0,0,0,0,0,0,0,0,0,0,0,0,0,0,187401
1,1,1,1,1208,-1309,985,119,-79,41,-13,34,117,0,0,0,0,0,0,0,0,0,0,0,0,0,0,0,0,0,0,0,0,0,0,187411
1,1,1,1,1210,-1326,979,140,-70,31,-11,32,110,0,0,0,0,0,0,0,0,0,0,0,0,0,0,0,0,0,0,0,0,0,0,187421
1,1,1,1,1226,-1340,1012,109,-64,38,-11,33,107,0,0,0,0,0,0,0,0,0,0,0,0,0,0,0,0,0,0,0,0,0,0,187431
1,1,1,1,1241,-1368,1041,39,-67,50,-14,34,113,0,0,0,0,0,0,0,0,0,0,0,0,0,0,0,0,0,0,0,0,0,0,187441
1,1,1,1,1232,-1365,1032,-19,-48,64,-14,35,110,0,0,0,0,0,0,0,0,0,0,0,0,0,0,0,0,0,0,0,0,0,0,187451
1,1,1,1,1224,-1330,1044,-31,-46,59,-12,34,113,0,0,0,0,0,0,0,0,0,0,0,0,0,0,0,0,0,0,0,0,0,0,187461
1,1,1,1,1226,-1288,1049,-27,-51,51,-11,33,112,0,0,0,0,0,0,0,0,0,0,0,0,0,0,0,0,0,0,0,0,0,0,187471
1,1,1,1,1221,-1273,1018,3,-34,53,-11,33,113,0,0,0,0,0,0,0,0,0,0,0,0,0,0,0,0,0,0,0,0,0,0,187481
1,1,1,1,1197,-1301,985,29,-27,30,-10,34,116,0,0,0,0,0,0,0,0,0,0,0,0,0,0,0,0,0,0,0,0,0,0,187491
1,1,1,1,1191,-1351,979,43,-5,-1,-12,35,113,0,0,0,0,0,0,0,0,0,0,0,0,0,0,0,0,0,0,0,0,0,0,187501
1,1,1,1,1213,-1361,991,29,15,-2,-11,35,114,0,0,0,0,0,0,0,0,0,0,0,0,0,0,0,0,0,0,0,0,0,0,187511
1,1,1,1,1218,-1358,1003,-13,30,-7,-12,35,113,0,0,0,0,0,0,0,0,0,0,0,0,0,0,0,0,0,0,0,0,0,0,187521
1,1,1,1,1235,-1332,1050,-35,33,-9,-12,35,115,0,0,0,0,0,0,0,0,0,0,0,0,0,0,0,0,0,0,0,0,0,0,187531
1,1,1,1,1250,-1308,1048,-31,40,3,-11,34,114,0,0,0,0,0,0,0,0,0,0,0,0,0,0,0,0,0,0,0,0,0,0,187541
1,1,1,1,1234,-1321,1014,-32,39,4,-11,35,113,0,0,0,0,0,0,0,0,0,0,0,0,0,0,0,0,0,0,0,0,0,0,187551
1,1,1,1,1253,-1333,998,-61,30,19,-12,35,113,0,0,0,0,0,0,0,0,0,0,0,0,0,0,0,0,0,0,0,0,0,0,187561
1,1,1,1,1262,-1314,1023,-81,16,41,-9,35,114,0,0,0,0,0,0,0,0,0,0,0,0,0,0,0,0,0,0,0,0,0,0,187571
1,1,1,1,1253,-1328,1029,-52,5,18,-12,35,112,0,0,0,0,0,0,0,0,0,0,0,0,0,0,0,0,0,0,0,0,0,0,187581
1,1,1,1,1266,-1280,1016,-39,6,44,-11,35,114,0,0,0,0,0,0,0,0,0,0,0,0,0,0,0,0,0,0,0,0,0,0,187591
1,1,1,1,1279,-1249,1008,-41,-6,86,-10,36,116,0,0,0,0,0,0,0,0,0,0,0,0,0,0,0,0,0,0,0,0,0,0,187601
1,1,1,1,1236,-1339,970,44,-1,19,-12,36,116,0,0,0,0,0,0,0,0,0,0,0,0,0,0,0,0,0,0,0,0,0,0,187611
1,1,1,1,1225,-1372,953,85,-5,-14,-14,38,118,0,0,0,0,0,0,0,0,0,0,0,0,0,0,0,0,0,0,0,0,0,0,187621
1,1,1,1,1223,-1391,965,63,-10,-17,-12,37,116,0,0,0,0,0,0,0,0,0,0,0,0,0,0,0,0,0,0,0,0,0,0,187631
1,1,1,1,1255,-1354,1028,34,-19,13,-10,38,120,0,0,0,0,0,0,0,0,0,0,0,0,0,0,0,0,0,0,0,0,0,0,187641
1,1,1,1,1230,-1352,1038,33,-31,1,-9,38,119,0,0,0,0,0,0,0,0,0,0,0,0,0,0,0,0,0,0,0,0,0,0,187651
1,1,1,1,1197,-1356,1013,56,-40,-20,-9,38,119,0,0,0,0,0,0,0,0,0,0,0,0,0,0,0,0,0,0,0,0,0,0,187661
1,1,1,1,1208,-1344,1014,66,-39,-15,-9,38,120,0,0,0,0,0,0,0,0,0,0,0,0,0,0,0,0,0,0,0,0,0,0,187671
1,1,1,1,1219,-1371,1024,69,-32,-18,-11,38,121,0,0,0,0,0,0,0,0,0,0,0,0,0,0,0,0,0,0,0,0,0,0,187681
1,1,1,1,1224,-1379,1009,41,-30,-12,-11,36,121,0,0,0,0,0,0,0,0,0,0,0,0,0,0,0,0,0,0,0,0,0,0,187691
1,1,1,1,1227,-1360,1003,-1,-30,2,-10,37,120,0,0,0,0,0,0,0,0,0,0,0,0,0,0,0,0,0,0,0,0,0,0,187701
1,1,1,1,1209,-1322,1014,-5,-32,10,-11,42,118,0,0,0,0,0,0,0,0,0,0,0,0,0,0,0,0,0,0,0,0,0,0,187711
1,1,1,1,1197,-1289,1017,25,-32,11,-12,37,117,0,0,0,0,0,0,0,0,0,0,0,0,0,0,0,0,0,0,0,0,0,0,187721
1,1,1,1,1189,-1270,1017,54,-20,11,-11,40,116,0,0,0,0,0,0,0,0,0,0,0,0,0,0,0,0,0,0,0,0,0,0,187731
1,1,1,1,1202,-1287,1032,63,-3,16,-10,37,115,0,0,0,0,0,0,0,0,0,0,0,0,0,0,0,0,0,0,0,0,0,0,187741
1,1,1,1,1212,-1331,1036,67,0,20,-13,44,118,0,0,0,0,0,0,0,0,0,0,0,0,0,0,0,0,0,0,0,0,0,0,187751
1,1,1,1,1209,-1351,1038,26,10,31,-11,40,116,0,0,0,0,0,0,0,0,0,0,0,0,0,0,0,0,0,0,0,0,0,0,187761
1,1,1,1,1212,-1361,1042,-15,16,40,-9,36,114,0,0,0,0,0,0,0,0,0,0,0,0,0,0,0,0,0,0,0,0,0,0,187771
1,1,1,1,1211,-1353,1039,-43,25,44,-8,37,113,0,0,0,0,0,0,0,0,0,0,0,0,0,0,0,0,0,0,0,0,0,0,187781
1,1,1,1,1225,-1324,1062,-85,29,44,-6,35,115,0,0,0,0,0,0,0,0,0,0,0,0,0,0,0,0,0,0,0,0,0,0,187791
1,1,1,1,1226,-1316,1077,-98,39,37,-8,38,113,0,0,0,0,0,0,0,0,0,0,0,0,0,0,0,0,0,0,0,0,0,0,187801
1,1,1,1,1227,-1313,1046,-94,42,25,-9,35,113,0,0,0,0,0,0,0,0,0,0,0,0,0,0,0,0,0,0,0,0,0,0,187811
1,1,1,1,1229,-1311,1033,-97,48,14,-10,36,113,0,0,0,0,0,0,0,0,0,0,0,0,0,0,0,0,0,0,0,0,0,0,187821
1,1,1,1,1244,-1321,1028,-87,61,6,-9,35,113,0,0,0,0,0,0,0,0,0,0,0,0,0,0,0,0,0,0,0,0,0,0,187831
1,1,1,1,1240,-1324,1005,-80,64,-2,-11,36,112,0,0,0,0,0,0,0,0,0,0,0,0,0,0,0,0,0,0,0,0,0,0,187841
1,1,1,1,1224,-1323,988,-68,62,-6,-9,35,112,0,0,0,0,0,0,0,0,0,0,0,0,0,0,0,0,0,0,0,0,0,0,187851
1,1,1,1,1220,-1323,1007,-70,52,-8,-7,35,111,0,0,0,0,0,0,0,0,0,0,0,0,0,0,0,0,0,0,0,0,0,0,187861
1,1,1,1,1222,-1334,1033,-58,52,-9,-9,35,110,0,0,0,0,0,0,0,0,0,0,0,0,0,0,0,0,0,0,0,0,0,0,187871
1,1,1,1,1215,-1330,1029,-46,45,-10,-8,35,111,0,0,0,0,0,0,0,0,0,0,0,0,0,0,0,0,0,0,0,0,0,0,187881
1,1,1,1,1220,-1334,1007,-43,46,-13,-9,36,110,0,0,0,0,0,0,0,0,0,0,0,0,0,0,0,0,0,0,0,0,0,0,187891
1,1,1,1,1218,-1331,1010,-26,50,-19,-10,37,111,0,0,0,0,0,0,0,0,0,0,0,0,0,0,0,0,0,0,0,0,0,0,187901
1,1,1,1,1232,-1334,1023,-17,45,-26,-8,35,111,0,0,0,0,0,0,0,0,0,0,0,0,0,0,0,0,0,0,0,0,0,0,187911
1,1,1,1,1227,-1337,1020,-1,41,-28,-10,35,110,0,0,0,0,0,0,0,0,0,0,0,0,0,0,0,0,0,0,0,0,0,0,187921
1,1,1,1,1227,-1340,1017,5,45,-28,-8,35,112,0,0,0,0,0,0,0,0,0,0,0,0,0,0,0,0,0,0,0,0,0,0,187931
1,1,1,1,1232,-1352,1023,10,38,-33,-8,35,114,0,0,0,0,0,0,0,0,0,0,0,0,0,0,0,0,0,0,0,0,0,0,187941
1,1,1,1,1225,-1355,1017,8,40,-34,-8,36,113,0,0,0,0,0,0,0,0,0,0,0,0,0,0,0,0,0,0,0,0,0,0,187951
1,1,1,1,1228,-1332,1020,-5,38,-41,-9,36,111,0,0,0,0,0,0,0,0,0,0,0,0,0,0,0,0,0,0,0,0,0,0,187961
1,1,1,1,1221,-1309,1025,1,40,-52,-8,35,111,0,0,0,0,0,0,0,0,0,0,0,0,0,0,0,0,0,0,0,0,0,0,187971
1,1,1,1,1219,-1305,1029,19,48,-60,-10,37,112,0,0,0,0,0,0,0,0,0,0,0,0,0,0,0,0,0,0,0,0,0,0,187981
1,1,1,1,1209,-1322,1034,25,53,-59,-13,41,116,0,0,0,0,0,0,0,0,0,0,0,0,0,0,0,0,0,0,0,0,0,0,187991
1,1,1,1,1205,-1354,1033,21,47,-58,-10,37,113,0,0,0,0,0,0,0,0,0,0,0,0,0,0,0,0,0,0,0,0,0,0,188001
1,1,1,1,1201,-1359,1020,6,43,-57,-8,33,112,0,0,0,0,0,0,0,0,0,0,0,0,0,0,0,0,0,0,0,0,0,0,188011
1,1,1,1,1201,-1350,1035,-10,39,-52,-11,36,113,0,0,0,0,0,0,0,0,0,0,0,0,0,0,0,0,0,0,0,0,0,0,188021
1,1,1,1,1202,-1342,1041,-5,38,-49,-10,36,110,0,0,0,0,0,0,0,0,0,0,0,0,0,0,0,0,0,0,0,0,0,0,188031
1,1,1,1,1199,-1328,1039,12,34,-44,-13,36,113,0,0,0,0,0,0,0,0,0,0,0,0,0,0,0,0,0,0,0,0,0,0,188041
1,1,1,1,1198,-1319,1027,23,31,-43,-13,36,114,0,0,0,0,0,0,0,0,0,0,0,0,0,0,0,0,0,0,0,0,0,0,188051
1,1,1,1,1199,-1320,1030,30,12,-41,-13,36,113,0,0,0,0,0,0,0,0,0,0,0,0,0,0,0,0,0,0,0,0,0,0,188061
1,1,1,1,1194,-1327,1028,22,8,-35,-14,37,114,0,0,0,0,0,0,0,0,0,0,0,0,0,0,0,0,0,0,0,0,0,0,188071
1,1,1,1,1199,-1328,1030,22,10,-22,-9,35,110,0,0,0,0,0,0,0,0,0,0,0,0,0,0,0,0,0,0,0,0,0,0,188081
1,1,1,1,1195,-1341,1040,11,-1,-18,-8,35,109,0,0,0,0,0,0,0,0,0,0,0,0,0,0,0,0,0,0,0,0,0,0,188091
1,1,1,1,1200,-1334,1054,-2,-2,-11,-8,35,111,0,0,0,0,0,0,0,0,0,0,0,0,0,0,0,0,0,0,0,0,0,0,188101
1,1,1,1,1220,-1305,1067,12,1,-7,-9,34,110,0,0,0,0,0,0,0,0,0,0,0,0,0,0,0,0,0,0,0,0,0,0,188111
1,1,1,1,1207,-1318,1040,47,3,-11,-12,35,111,0,0,0,0,0,0,0,0,0,0,0,0,0,0,0,0,0,0,0,0,0,0,188121
1,1,1,1,1202,-1326,1010,40,8,-19,-8,34,109,0,0,0,0,0,0,0,0,0,0,0,0,0,0,0,0,0,0,0,0,0,0,188131
1,1,1,1,1234,-1337,1016,20,-1,-18,-10,34,113,0,0,0,0,0,0,0,0,0,0,0,0,0,0,0,0,0,0,0,0,0,0,188141
1,1,1,1,1234,-1350,1018,1,4,-22,-9,34,110,0,0,0,0,0,0,0,0,0,0,0,0,0,0,0,0,0,0,0,0,0,0,188151
1,1,1,1,1229,-1339,1008,-15,5,-23,-10,34,109,0,0,0,0,0,0,0,0,0,0,0,0,0,0,0,0,0,0,0,0,0,0,188161
1,1,1,1,1235,-1312,1027,-36,6,-19,-9,34,108,0,0,0,0,0,0,0,0,0,0,0,0,0,0,0,0,0,0,0,0,0,0,188171
1,1,1,1,1249,-1294,1058,-59,0,-19,-9,34,110,0,0,0,0,0,0,0,0,0,0,0,0,0,0,0,0,0,0,0,0,0,0,188181
1,1,1,1,1241,-1297,1053,-61,10,-20,-10,34,110,0,0,0,0,0,0,0,0,0,0,0,0,0,0,0,0,0,0,0,0,0,0,188191
1,1,1,1,1229,-1291,1030,-50,19,-22,-11,34,109,0,0,0,0,0,0,0,0,0,0,0,0,0,0,0,0,0,0,0,0,0,0,188201
1,1,1,1,1235,-1289,1019,-27,32,-25,-10,33,109,0,0,0,0,0,0,0,0,0,0,0,0,0,0,0,0,0,0,0,0,0,0,188211
1,1,1,1,1223,-1309,996,-4,40,-32,-9,35,111,0,0,0,0,0,0,0,0,0,0,0,0,0,0,0,0,0,0,0,0,0,0,188221
1,1,1,1,1219,-1322,997,5,42,-36,-10,34,110,0,0,0,0,0,0,0,0,0,0,0,0,0,0,0,0,0,0,0,0,0,0,188231
1,1,1,1,1220,-1332,1009,5,38,-37,-11,34,112,0,0,0,0,0,0,0,0,0,0,0,0,0,0,0,0,0,0,0,0,0,0,188241
1,1,1,1,1214,-1341,1018,4,34,-33,-8,35,112,0,0,0,0,0,0,0,0,0,0,0,0,0,0,0,0,0,0,0,0,0,0,188251
1,1,1,1,1216,-1340,1018,-9,23,-31,-9,35,113,0,0,0,0,0,0,0,0,0,0,0,0,0,0,0,0,0,0,0,0,0,0,188261
1,1,1,1,1217,-1344,1027,-18,10,-26,-8,36,111,0,0,0,0,0,0,0,0,0,0,0,0,0,0,0,0,0,0,0,0,0,0,188271
1,1,1,1,1214,-1347,1030,-26,13,-17,-9,35,109,0,0,0,0,0,0,0,0,0,0,0,0,0,0,0,0,0,0,0,0,0,0,188281
1,1,1,1,1209,-1342,1019,-42,14,-7,-10,34,112,0,0,0,0,0,0,0,0,0,0,0,0,0,0,0,0,0,0,0,0,0,0,188291
1,1,1,1,1210,-1325,1020,-46,22,-1,-12,34,113,0,0,0,0,0,0,0,0,0,0,0,0,0,0,0,0,0,0,0,0,0,0,188301
1,1,1,1,1218,-1316,1027,-29,22,0,-15,38,114,0,0,0,0,0,0,0,0,0,0,0,0,0,0,0,0,0,0,0,0,0,0,188311
1,1,1,1,1209,-1327,1008,0,18,-6,-10,32,110,0,0,0,0,0,0,0,0,0,0,0,0,0,0,0,0,0,0,0,0,0,0,188321
1,1,1,1,1212,-1335,1002,-4,16,-3,-10,34,113,0,0,0,0,0,0,0,0,0,0,0,0,0,0,0,0,0,0,0,0,0,0,188331
1,1,1,1,1222,-1343,1012,-2,11,0,-11,33,110,0,0,0,0,0,0,0,0,0,0,0,0,0,0,0,0,0,0,0,0,0,0,188341
1,1,1,1,1225,-1314,1025,5,3,-1,-10,36,114,0,0,0,0,0,0,0,0,0,0,0,0,0,0,0,0,0,0,0,0,0,0,188361
1,1,1,1,1229,-1313,1019,14,8,-4,-7,33,112,0,0,0,0,0,0,0,0,0,0,0,0,0,0,0,0,0,0,0,0,0,0,188371
1,1,1,1,1234,-1312,1028,4,-1,-8,-9,35,114,0,0,0,0,0,0,0,0,0,0,0,0,0,0,0,0,0,0,0,0,0,0,188381
1,1,1,1,1224,-1327,1039,5,-3,-6,-9,36,114,0,0,0,0,0,0,0,0,0,0,0,0,0,0,0,0,0,0,0,0,0,0,188391
1,1,1,1,1208,-1337,1016,17,11,-4,-8,35,115,0,0,0,0,0,0,0,0,0,0,0,0,0,0,0,0,0,0,0,0,0,0,188401
1,1,1,1,1200,-1333,1032,18,7,-5,-6,34,114,0,0,0,0,0,0,0,0,0,0,0,0,0,0,0,0,0,0,0,0,0,0,188411
1,1,1,1,1203,-1330,1031,16,2,-2,-8,36,112,0,0,0,0,0,0,0,0,0,0,0,0,0,0,0,0,0,0,0,0,0,0,188421
1,1,1,1,1203,-1331,1029,12,2,3,-9,35,115,0,0,0,0,0,0,0,0,0,0,0,0,0,0,0,0,0,0,0,0,0,0,188431
1,1,1,1,1206,-1325,1033,2,2,8,-10,35,113,0,0,0,0,0,0,0,0,0,0,0,0,0,0,0,0,0,0,0,0,0,0,188441
1,1,1,1,1214,-1329,1039,-1,-2,6,-8,34,113,0,0,0,0,0,0,0,0,0,0,0,0,0,0,0,0,0,0,0,0,0,0,188451
1,1,1,1,1213,-1329,1042,3,0,10,-6,34,113,0,0,0,0,0,0,0,0,0,0,0,0,0,0,0,0,0,0,0,0,0,0,188461
1,1,1,1,1204,-1327,1043,-6,-8,5,-7,35,111,0,0,0,0,0,0,0,0,0,0,0,0,0,0,0,0,0,0,0,0,0,0,188471
1,1,1,1,1203,-1326,1027,6,-8,-3,-9,35,114,0,0,0,0,0,0,0,0,0,0,0,0,0,0,0,0,0,0,0,0,0,0,188481
1,1,1,1,1208,-1325,1039,13,-11,-12,-9,35,112,0,0,0,0,0,0,0,0,0,0,0,0,0,0,0,0,0,0,0,0,0,0,188491
1,1,1,1,1207,-1329,1034,3,-12,-16,-9,37,114,0,0,0,0,0,0,0,0,0,0,0,0,0,0,0,0,0,0,0,0,0,0,188501
1,1,1,1,1209,-1330,1047,3,-14,-18,-8,35,112,0,0,0,0,0,0,0,0,0,0,0,0,0,0,0,0,0,0,0,0,0,0,188511
1,1,1,1,1215,-1327,1061,-7,-8,-10,-10,36,112,0,0,0,0,0,0,0,0,0,0,0,0,0,0,0,0,0,0,0,0,0,0,188521
1,1,1,1,1217,-1329,1059,-13,-4,0,-9,34,112,0,0,0,0,0,0,0,0,0,0,0,0,0,0,0,0,0,0,0,0,0,0,188531
1,1,1,1,1211,-1314,1042,-9,6,2,-10,34,113,0,0,0,0,0,0,0,0,0,0,0,0,0,0,0,0,0,0,0,0,0,0,188541
1,1,1,1,1211,-1318,1020,-2,3,3,-10,34,113,0,0,0,0,0,0,0,0,0,0,0,0,0,0,0,0,0,0,0,0,0,0,188551
1,1,1,1,1214,-1316,1003,-2,-3,5,-12,35,115,0,0,0,0,0,0,0,0,0,0,0,0,0,0,0,0,0,0,0,0,0,0,188561
1,1,1,1,1217,-1319,1002,4,-2,-2,-9,36,115,0,0,0,0,0,0,0,0,0,0,0,0,0,0,0,0,0,0,0,0,0,0,188571
1,1,1,1,1209,-1319,1003,15,-8,-7,-9,35,117,0,0,0,0,0,0,0,0,0,0,0,0,0,0,0,0,0,0,0,0,0,0,188581
1,1,1,1,1215,-1310,1019,16,-12,-4,-8,35,114,0,0,0,0,0,0,0,0,0,0,0,0,0,0,0,0,0,0,0,0,0,0,188591
1,1,1,1,1222,-1314,1033,33,-9,-2,-13,38,114,0,0,0,0,0,0,0,0,0,0,0,0,0,0,0,0,0,0,0,0,0,0,188601
1,1,1,1,1214,-1317,1039,39,-11,0,-11,39,112,0,0,0,0,0,0,0,0,0,0,0,0,0,0,0,0,0,0,0,0,0,0,188611
1,1,1,1,1220,-1309,1038,36,-15,-1,-11,38,115,0,0,0,0,0,0,0,0,0,0,0,0,0,0,0,0,0,0,0,0,0,0,188621
1,1,1,1,1218,-1320,1039,40,-10,-2,-14,39,114,0,0,0,0,0,0,0,0,0,0,0,0,0,0,0,0,0,0,0,0,0,0,188631
1,1,1,1,1221,-1322,1034,30,0,-1,-12,37,115,0,0,0,0,0,0,0,0,0,0,0,0,0,0,0,0,0,0,0,0,0,0,188641
1,1,1,1,1216,-1328,1026,14,2,0,-12,36,115,0,0,0,0,0,0,0,0,0,0,0,0,0,0,0,0,0,0,0,0,0,0,188651
1,1,1,1,1219,-1324,1027,2,0,2,-11,36,113,0,0,0,0,0,0,0,0,0,0,0,0,0,0,0,0,0,0,0,0,0,0,188661
1,1,1,1,1212,-1318,1031,4,-5,1,-11,36,113,0,0,0,0,0,0,0,0,0,0,0,0,0,0,0,0,0,0,0,0,0,0,188671
1,1,1,1,1203,-1300,1036,12,6,0,-10,37,115,0,0,0,0,0,0,0,0,0,0,0,0,0,0,0,0,0,0,0,0,0,0,188681
1,1,1,1,1214,-1296,1042,29,3,-1,-6,34,110,0,0,0,0,0,0,0,0,0,0,0,0,0,0,0,0,0,0,0,0,0,0,188691
1,1,1,1,1210,-1302,1042,40,2,-7,-9,36,115,0,0,0,0,0,0,0,0,0,0,0,0,0,0,0,0,0,0,0,0,0,0,188701
1,1,1,1,1206,-1313,1043,36,0,-8,-5,34,113,0,0,0,0,0,0,0,0,0,0,0,0,0,0,0,0,0,0,0,0,0,0,188711
1,1,1,1,1209,-1305,1045,31,-3,-4,-8,35,112,0,0,0,0,0,0,0,0,0,0,0,0,0,0,0,0,0,0,0,0,0,0,188721
1,1,1,1,1201,-1332,1037,32,3,-3,-9,35,111,0,0,0,0,0,0,0,0,0,0,0,0,0,0,0,0,0,0,0,0,0,0,188731
1,1,1,1,1196,-1333,1040,22,6,1,-9,35,112,0,0,0,0,0,0,0,0,0,0,0,0,0,0,0,0,0,0,0,0,0,0,188741
1,1,1,1,1203,-1334,1040,18,6,4,-10,34,113,0,0,0,0,0,0,0,0,0,0,0,0,0,0,0,0,0,0,0,0,0,0,188751
1,1,1,1,1197,-1327,1046,10,-3,5,-9,35,112,0,0,0,0,0,0,0,0,0,0,0,0,0,0,0,0,0,0,0,0,0,0,188761
1,1,1,1,1202,-1311,1033,-6,0,7,-8,35,111,0,0,0,0,0,0,0,0,0,0,0,0,0,0,0,0,0,0,0,0,0,0,188771
1,1,1,1,1212,-1294,1045,14,0,5,-9,35,113,0,0,0,0,0,0,0,0,0,0,0,0,0,0,0,0,0,0,0,0,0,0,188781
1,1,1,1,1218,-1287,1044,18,-4,4,-9,36,109,0,0,0,0,0,0,0,0,0,0,0,0,0,0,0,0,0,0,0,0,0,0,188791
1,1,1,1,1213,-1297,1038,24,-15,-3,-10,35,109,0,0,0,0,0,0,0,0,0,0,0,0,0,0,0,0,0,0,0,0,0,0,188801
1,1,1,1,1217,-1313,1051,24,-7,-5,-11,35,111,0,0,0,0,0,0,0,0,0,0,0,0,0,0,0,0,0,0,0,0,0,0,188811
1,1,1,1,1224,-1336,1058,10,-9,-5,-12,35,109,0,0,0,0,0,0,0,0,0,0,0,0,0,0,0,0,0,0,0,0,0,0,188821
1,1,1,1,1221,-1341,1061,-21,-8,2,-11,36,108,0,0,0,0,0,0,0,0,0,0,0,0,0,0,0,0,0,0,0,0,0,0,188831
1,1,1,1,1212,-1333,1041,-39,-5,6,-12,35,109,0,0,0,0,0,0,0,0,0,0,0,0,0,0,0,0,0,0,0,0,0,0,188841
1,1,1,1,1208,-1312,1032,-31,-1,7,-9,34,112,0,0,0,0,0,0,0,0,0,0,0,0,0,0,0,0,0,0,0,0,0,0,188851
1,1,1,1,1210,-1295,1029,-18,-4,3,-10,35,110,0,0,0,0,0,0,0,0,0,0,0,0,0,0,0,0,0,0,0,0,0,0,188861
1,1,1,1,1206,-1298,1022,-4,-2,1,-9,35,110,0,0,0,0,0,0,0,0,0,0,0,0,0,0,0,0,0,0,0,0,0,0,188871
1,1,1,1,1205,-1311,1033,10,-6,-4,-13,36,110,0,0,0,0,0,0,0,0,0,0,0,0,0,0,0,0,0,0,0,0,0,0,188881
1,1,1,1,1206,-1320,1052,-4,-20,-2,-10,35,109,0,0,0,0,0,0,0,0,0,0,0,0,0,0,0,0,0,0,0,0,0,0,188891
1,1,1,1,1210,-1331,1058,-7,-15,7,-11,38,108,0,0,0,0,0,0,0,0,0,0,0,0,0,0,0,0,0,0,0,0,0,0,188901
1,1,1,1,1204,-1324,1038,-1,-6,11,-11,35,108,0,0,0,0,0,0,0,0,0,0,0,0,0,0,0,0,0,0,0,0,0,0,188911
1,1,1,1,1206,-1309,1025,-7,-16,11,-10,34,108,0,0,0,0,0,0,0,0,0,0,0,0,0,0,0,0,0,0,0,0,0,0,188921
1,1,1,1,1214,-1306,1032,2,-12,13,-11,33,108,0,0,0,0,0,0,0,0,0,0,0,0,0,0,0,0,0,0,0,0,0,0,188931
1,1,1,1,1205,-1313,1030,2,-11,7,-12,37,108,0,0,0,0,0,0,0,0,0,0,0,0,0,0,0,0,0,0,0,0,0,0,188941
1,1,1,1,1201,-1314,1030,5,-11,4,-11,36,107,0,0,0,0,0,0,0,0,0,0,0,0,0,0,0,0,0,0,0,0,0,0,188951
1,1,1,1,1204,-1315,1051,8,-10,3,-11,34,109,0,0,0,0,0,0,0,0,0,0,0,0,0,0,0,0,0,0,0,0,0,0,188961
1,1,1,1,1205,-1316,1049,8,-22,0,-9,33,105,0,0,0,0,0,0,0,0,0,0,0,0,0,0,0,0,0,0,0,0,0,0,188971
1,1,1,1,1211,-1318,1057,8,-19,1,-7,32,106,0,0,0,0,0,0,0,0,0,0,0,0,0,0,0,0,0,0,0,0,0,0,188981
1,1,1,1,1217,-1321,1056,-3,-23,-3,-5,31,104,0,0,0,0,0,0,0,0,0,0,0,0,0,0,0,0,0,0,0,0,0,0,188991
1,1,1,1,1223,-1315,1047,5,-8,1,-7,32,107,0,0,0,0,0,0,0,0,0,0,0,0,0,0,0,0,0,0,0,0,0,0,189001
1,1,1,1,1222,-1309,1027,10,-12,1,-9,33,106,0,0,0,0,0,0,0,0,0,0,0,0,0,0,0,0,0,0,0,0,0,0,189011
1,1,1,1,1219,-1300,1029,9,-22,-3,-7,33,110,0,0,0,0,0,0,0,0,0,0,0,0,0,0,0,0,0,0,0,0,0,0,189021
1,1,1,1,1220,-1298,1032,13,-22,-5,-9,33,107,0,0,0,0,0,0,0,0,0,0,0,0,0,0,0,0,0,0,0,0,0,0,189031
1,1,1,1,1214,-1302,1031,21,-19,-2,-10,34,106,0,0,0,0,0,0,0,0,0,0,0,0,0,0,0,0,0,0,0,0,0,0,189041
1,1,1,1,1212,-1311,1032,16,-24,-3,-9,33,107,0,0,0,0,0,0,0,0,0,0,0,0,0,0,0,0,0,0,0,0,0,0,189051
1,1,1,1,1217,-1311,1043,12,-18,-1,-9,34,104,0,0,0,0,0,0,0,0,0,0,0,0,0,0,0,0,0,0,0,0,0,0,189061
1,1,1,1,1210,-1303,1051,18,-21,-3,-9,33,102,0,0,0,0,0,0,0,0,0,0,0,0,0,0,0,0,0,0,0,0,0,0,189071
1,1,1,1,1203,-1298,1051,31,-17,-3,-6,34,105,0,0,0,0,0,0,0,0,0,0,0,0,0,0,0,0,0,0,0,0,0,0,189081
1,1,1,1,1203,-1308,1049,33,-9,-1,-9,33,104,0,0,0,0,0,0,0,0,0,0,0,0,0,0,0,0,0,0,0,0,0,0,189091
1,1,1,1,1214,-1315,1054,27,-8,3,-9,34,104,0,0,0,0,0,0,0,0,0,0,0,0,0,0,0,0,0,0,0,0,0,0,189101
1,1,1,1,1214,-1323,1042,19,-3,5,-9,32,105,0,0,0,0,0,0,0,0,0,0,0,0,0,0,0,0,0,0,0,0,0,0,189111
1,1,1,1,1216,-1323,1029,2,-1,9,-11,33,104,0,0,0,0,0,0,0,0,0,0,0,0,0,0,0,0,0,0,0,0,0,0,189121
1,1,1,1,1214,-1321,1031,-11,-7,7,-12,33,107,0,0,0,0,0,0,0,0,0,0,0,0,0,0,0,0,0,0,0,0,0,0,189131
1,1,1,1,1216,-1302,1034,-14,-7,3,-10,34,103,0,0,0,0,0,0,0,0,0,0,0,0,0,0,0,0,0,0,0,0,0,0,189141
1,1,1,1,1220,-1290,1046,-8,-9,-5,-12,34,105,0,0,0,0,0,0,0,0,0,0,0,0,0,0,0,0,0,0,0,0,0,0,189151
1,1,1,1,1216,-1296,1043,24,-14,-15,-10,34,106,0,0,0,0,0,0,0,0,0,0,0,0,0,0,0,0,0,0,0,0,0,0,189171
1,1,1,1,1217,-1311,1041,26,-13,-12,-10,33,103,0,0,0,0,0,0,0,0,0,0,0,0,0,0,0,0,0,0,0,0,0,0,189181
1,1,1,1,1221,-1331,1044,18,-14,-10,-10,33,105,0,0,0,0,0,0,0,0,0,0,0,0,0,0,0,0,0,0,0,0,0,0,189191
1,1,1,1,1222,-1340,1031,5,-9,-3,-14,36,106,0,0,0,0,0,0,0,0,0,0,0,0,0,0,0,0,0,0,0,0,0,0,189201
1,1,1,1,1218,-1335,1031,-14,-15,3,-11,33,104,0,0,0,0,0,0,0,0,0,0,0,0,0,0,0,0,0,0,0,0,0,0,189211
1,1,1,1,1217,-1321,1037,-26,-18,4,-11,34,105,0,0,0,0,0,0,0,0,0,0,0,0,0,0,0,0,0,0,0,0,0,0,189221
1,1,1,1,1217,-1312,1040,-22,-21,4,-10,31,103,0,0,0,0,0,0,0,0,0,0,0,0,0,0,0,0,0,0,0,0,0,0,189231
1,1,1,1,1221,-1301,1031,-17,-24,3,-14,32,104,0,0,0,0,0,0,0,0,0,0,0,0,0,0,0,0,0,0,0,0,0,0,189241
1,1,1,1,1225,-1302,1024,-5,-13,4,-12,32,104,0,0,0,0,0,0,0,0,0,0,0,0,0,0,0,0,0,0,0,0,0,0,189251
1,1,1,1,1226,-1295,1024,-1,-24,0,-13,37,106,0,0,0,0,0,0,0,0,0,0,0,0,0,0,0,0,0,0,0,0,0,0,189261
1,1,1,1,1223,-1300,1035,9,-10,0,-9,33,104,0,0,0,0,0,0,0,0,0,0,0,0,0,0,0,0,0,0,0,0,0,0,189271
1,1,1,1,1225,-1300,1044,7,-21,-3,-10,33,103,0,0,0,0,0,0,0,0,0,0,0,0,0,0,0,0,0,0,0,0,0,0,189281
1,1,1,1,1224,-1305,1053,9,-29,-5,-10,34,102,0,0,0,0,0,0,0,0,0,0,0,0,0,0,0,0,0,0,0,0,0,0,189291
1,1,1,1,1221,-1306,1060,25,-26,-2,-7,32,103,0,0,0,0,0,0,0,0,0,0,0,0,0,0,0,0,0,0,0,0,0,0,189301
1,1,1,1,1220,-1305,1050,37,-33,-7,-8,33,103,0,0,0,0,0,0,0,0,0,0,0,0,0,0,0,0,0,0,0,0,0,0,189311
1,1,1,1,1220,-1297,1032,43,-37,-9,-12,33,105,0,0,0,0,0,0,0,0,0,0,0,0,0,0,0,0,0,0,0,0,0,0,189321
1,1,1,1,1228,-1306,1032,47,-40,-7,-10,32,106,0,0,0,0,0,0,0,0,0,0,0,0,0,0,0,0,0,0,0,0,0,0,189331
1,1,1,1,1235,-1317,1032,28,-44,-3,-9,32,106,0,0,0,0,0,0,0,0,0,0,0,0,0,0,0,0,0,0,0,0,0,0,189341
1,1,1,1,1237,-1313,1032,11,-38,6,-9,33,105,0,0,0,0,0,0,0,0,0,0,0,0,0,0,0,0,0,0,0,0,0,0,189351
1,1,1,1,1225,-1305,1025,2,-34,8,-9,34,106,0,0,0,0,0,0,0,0,0,0,0,0,0,0,0,0,0,0,0,0,0,0,189361
1,1,1,1,1223,-1287,1032,-2,-39,7,-9,33,103,0,0,0,0,0,0,0,0,0,0,0,0,0,0,0,0,0,0,0,0,0,0,189371
1,1,1,1,1207,-1291,1028,11,-33,8,-8,33,104,0,0,0,0,0,0,0,0,0,0,0,0,0,0,0,0,0,0,0,0,0,0,189381
1,1,1,1,1210,-1294,1053,31,-38,3,-9,33,104,0,0,0,0,0,0,0,0,0,0,0,0,0,0,0,0,0,0,0,0,0,0,189391
1,1,1,1,1217,-1290,1045,37,-37,5,-8,33,102,0,0,0,0,0,0,0,0,0,0,0,0,0,0,0,0,0,0,0,0,0,0,189401
1,1,1,1,1206,-1299,1044,31,-33,6,-10,33,101,0,0,0,0,0,0,0,0,0,0,0,0,0,0,0,0,0,0,0,0,0,0,189411
1,1,1,1,1214,-1305,1044,31,-42,4,-11,34,103,0,0,0,0,0,0,0,0,0,0,0,0,0,0,0,0,0,0,0,0,0,0,189421
1,1,1,1,1212,-1316,1037,28,-33,2,-10,33,101,0,0,0,0,0,0,0,0,0,0,0,0,0,0,0,0,0,0,0,0,0,0,189431
1,1,1,1,1219,-1319,1035,9,-32,4,-11,33,104,0,0,0,0,0,0,0,0,0,0,0,0,0,0,0,0,0,0,0,0,0,0,189441
1,1,1,1,1223,-1322,1043,-16,-27,6,-11,34,105,0,0,0,0,0,0,0,0,0,0,0,0,0,0,0,0,0,0,0,0,0,0,189451
1,1,1,1,1206,-1320,1032,-29,-23,4,-11,34,103,0,0,0,0,0,0,0,0,0,0,0,0,0,0,0,0,0,0,0,0,0,0,189461
1,1,1,1,1197,-1305,1029,-27,-22,-1,-9,33,103,0,0,0,0,0,0,0,0,0,0,0,0,0,0,0,0,0,0,0,0,0,0,189471
1,1,1,1,1204,-1292,1040,-15,-19,-5,-9,34,105,0,0,0,0,0,0,0,0,0,0,0,0,0,0,0,0,0,0,0,0,0,0,189481
1,1,1,1,1220,-1291,1046,-13,-16,-7,-9,33,104,0,0,0,0,0,0,0,0,0,0,0,0,0,0,0,0,0,0,0,0,0,0,189491
1,1,1,1,1224,-1295,1042,-16,-19,-9,-10,33,104,0,0,0,0,0,0,0,0,0,0,0,0,0,0,0,0,0,0,0,0,0,0,189501
1,1,1,1,1226,-1299,1035,-11,-15,-11,-8,31,104,0,0,0,0,0,0,0,0,0,0,0,0,0,0,0,0,0,0,0,0,0,0,189511
1,1,1,1,1230,-1300,1034,-14,-8,-6,-11,35,103,0,0,0,0,0,0,0,0,0,0,0,0,0,0,0,0,0,0,0,0,0,0,189521
1,1,1,1,1226,-1306,1018,-13,-6,1,-12,34,107,0,0,0,0,0,0,0,0,0,0,0,0,0,0,0,0,0,0,0,0,0,0,189531
1,1,1,1,1230,-1329,1008,-13,-5,4,-12,34,105,0,0,0,0,0,0,0,0,0,0,0,0,0,0,0,0,0,0,0,0,0,0,189541
1,1,1,1,1223,-1324,1012,-21,-7,9,-12,35,106,0,0,0,0,0,0,0,0,0,0,0,0,0,0,0,0,0,0,0,0,0,0,189551
1,1,1,1,1221,-1306,1018,-20,-14,7,-8,27,100,0,0,0,0,0,0,0,0,0,0,0,0,0,0,0,0,0,0,0,0,0,0,189561
1,1,1,1,1218,-1289,1032,-1,-16,6,-10,33,104,0,0,0,0,0,0,0,0,0,0,0,0,0,0,0,0,0,0,0,0,0,0,189571
1,1,1,1,1222,-1281,1037,26,-7,4,-11,34,102,0,0,0,0,0,0,0,0,0,0,0,0,0,0,0,0,0,0,0,0,0,0,189581
1,1,1,1,1225,-1282,1033,32,-7,0,-11,35,105,0,0,0,0,0,0,0,0,0,0,0,0,0,0,0,0,0,0,0,0,0,0,189591
1,1,1,1,1230,-1303,1038,29,-5,-1,-9,33,103,0,0,0,0,0,0,0,0,0,0,0,0,0,0,0,0,0,0,0,0,0,0,189601
1,1,1,1,1222,-1321,1032,19,-4,3,-7,32,102,0,0,0,0,0,0,0,0,0,0,0,0,0,0,0,0,0,0,0,0,0,0,189611
1,1,1,1,1217,-1334,1025,5,-8,7,-9,33,101,0,0,0,0,0,0,0,0,0,0,0,0,0,0,0,0,0,0,0,0,0,0,189621
1,1,1,1,1215,-1333,1022,3,-10,8,-9,33,105,0,0,0,0,0,0,0,0,0,0,0,0,0,0,0,0,0,0,0,0,0,0,189631
1,1,1,1,1210,-1320,1020,-7,-12,14,-9,32,103,0,0,0,0,0,0,0,0,0,0,0,0,0,0,0,0,0,0,0,0,0,0,189641
1,1,1,1,1219,-1314,1033,-22,-14,12,-10,32,102,0,0,0,0,0,0,0,0,0,0,0,0,0,0,0,0,0,0,0,0,0,0,189651
1,1,1,1,1221,-1294,1038,-12,-19,8,-9,32,102,0,0,0,0,0,0,0,0,0,0,0,0,0,0,0,0,0,0,0,0,0,0,189661
1,1,1,1,1227,-1283,1032,10,-15,5,-8,32,101,0,0,0,0,0,0,0,0,0,0,0,0,0,0,0,0,0,0,0,0,0,0,189671
1,1,1,1,1225,-1284,1029,25,-14,-1,-9,33,102,0,0,0,0,0,0,0,0,0,0,0,0,0,0,0,0,0,0,0,0,0,0,189681
1,1,1,1,1223,-1307,1032,43,-7,-4,-8,32,102,0,0,0,0,0,0,0,0,0,0,0,0,0,0,0,0,0,0,0,0,0,0,189691
1,1,1,1,1225,-1314,1026,29,-10,-1,-9,33,100,0,0,0,0,0,0,0,0,0,0,0,0,0,0,0,0,0,0,0,0,0,0,189701
1,1,1,1,1228,-1311,1034,7,-18,1,-6,32,102,0,0,0,0,0,0,0,0,0,0,0,0,0,0,0,0,0,0,0,0,0,0,189711
1,1,1,1,1229,-1302,1035,5,-5,8,-8,32,100,0,0,0,0,0,0,0,0,0,0,0,0,0,0,0,0,0,0,0,0,0,0,189721
1,1,1,1,1232,-1289,1037,13,-3,10,-11,33,101,0,0,0,0,0,0,0,0,0,0,0,0,0,0,0,0,0,0,0,0,0,0,189731
1,1,1,1,1230,-1280,1031,31,-1,10,-10,32,100,0,0,0,0,0,0,0,0,0,0,0,0,0,0,0,0,0,0,0,0,0,0,189741
1,1,1,1,1228,-1278,1020,53,-7,4,-7,33,102,0,0,0,0,0,0,0,0,0,0,0,0,0,0,0,0,0,0,0,0,0,0,189751
1,1,1,1,1218,-1286,1009,67,-6,1,-7,32,102,0,0,0,0,0,0,0,0,0,0,0,0,0,0,0,0,0,0,0,0,0,0,189761
1,1,1,1,1218,-1298,1021,75,1,0,-6,32,102,0,0,0,0,0,0,0,0,0,0,0,0,0,0,0,0,0,0,0,0,0,0,189771
1,1,1,1,1222,-1314,1039,58,3,2,-7,32,101,0,0,0,0,0,0,0,0,0,0,0,0,0,0,0,0,0,0,0,0,0,0,189781
1,1,1,1,1236,-1320,1060,18,-3,6,-9,32,98,0,0,0,0,0,0,0,0,0,0,0,0,0,0,0,0,0,0,0,0,0,0,189791
1,1,1,1,1241,-1307,1067,-13,4,12,-8,32,101,0,0,0,0,0,0,0,0,0,0,0,0,0,0,0,0,0,0,0,0,0,0,189801
1,1,1,1,1234,-1286,1056,-13,13,11,-7,32,99,0,0,0,0,0,0,0,0,0,0,0,0,0,0,0,0,0,0,0,0,0,0,189811
1,1,1,1,1238,-1274,1051,-10,1,7,-12,34,101,0,0,0,0,0,0,0,0,0,0,0,0,0,0,0,0,0,0,0,0,0,0,189821
1,1,1,1,1238,-1278,1047,-9,8,0,-9,30,101,0,0,0,0,0,0,0,0,0,0,0,0,0,0,0,0,0,0,0,0,0,0,189831
1,1,1,1,1234,-1290,1044,-1,13,-3,-9,29,101,0,0,0,0,0,0,0,0,0,0,0,0,0,0,0,0,0,0,0,0,0,0,189841
1,1,1,1,1229,-1303,1031,12,15,-10,-10,34,101,0,0,0,0,0,0,0,0,0,0,0,0,0,0,0,0,0,0,0,0,0,0,189851
1,1,1,1,1223,-1313,1019,11,9,-12,-9,32,103,0,0,0,0,0,0,0,0,0,0,0,0,0,0,0,0,0,0,0,0,0,0,189861
1,1,1,1,1225,-1317,1022,18,8,-9,-8,29,102,0,0,0,0,0,0,0,0,0,0,0,0,0,0,0,0,0,0,0,0,0,0,189871
1,1,1,1,1230,-1315,1025,24,-10,-7,-10,34,103,0,0,0,0,0,0,0,0,0,0,0,0,0,0,0,0,0,0,0,0,0,0,189881
1,1,1,1,1229,-1308,1024,23,-17,-1,-9,32,100,0,0,0,0,0,0,0,0,0,0,0,0,0,0,0,0,0,0,0,0,0,0,189891
1,1,1,1,1228,-1292,1036,18,-14,7,-8,32,100,0,0,0,0,0,0,0,0,0,0,0,0,0,0,0,0,0,0,0,0,0,0,189901
1,1,1,1,1239,-1278,1045,19,-12,9,-7,33,101,0,0,0,0,0,0,0,0,0,0,0,0,0,0,0,0,0,0,0,0,0,0,189911
1,1,1,1,1232,-1283,1038,20,-15,10,-8,32,102,0,0,0,0,0,0,0,0,0,0,0,0,0,0,0,0,0,0,0,0,0,0,189921
1,1,1,1,1228,-1288,1043,15,-17,8,-8,33,103,0,0,0,0,0,0,0,0,0,0,0,0,0,0,0,0,0,0,0,0,0,0,189931
1,1,1,1,1229,-1297,1031,12,-11,5,-10,32,101,0,0,0,0,0,0,0,0,0,0,0,0,0,0,0,0,0,0,0,0,0,0,189941
1,1,1,1,1222,-1305,1038,10,-15,1,-12,33,101,0,0,0,0,0,0,0,0,0,0,0,0,0,0,0,0,0,0,0,0,0,0,189951
1,1,1,1,1220,-1294,1047,16,-16,0,-10,32,103,0,0,0,0,0,0,0,0,0,0,0,0,0,0,0,0,0,0,0,0,0,0,189961
1,1,1,1,1217,-1292,1038,24,-19,-1,-11,33,100,0,0,0,0,0,0,0,0,0,0,0,0,0,0,0,0,0,0,0,0,0,0,189971
1,1,1,1,1223,-1294,1044,33,-25,-2,-11,33,98,0,0,0,0,0,0,0,0,0,0,0,0,0,0,0,0,0,0,0,0,0,0,189981
1,1,1,1,1229,-1292,1058,25,-14,2,-8,33,99,0,0,0,0,0,0,0,0,0,0,0,0,0,0,0,0,0,0,0,0,0,0,189991
1,1,1,1,1225,-1304,1058,-4,-15,4,-8,32,99,0,0,0,0,0,0,0,0,0,0,0,0,0,0,0,0,0,0,0,0,0,0,190001
1,1,1,1,1219,-1301,1047,-21,-3,4,-9,33,98,0,0,0,0,0,0,0,0,0,0,0,0,0,0,0,0,0,0,0,0,0,0,190011
1,1,1,1,1222,-1294,1051,-30,-3,1,-9,32,100,0,0,0,0,0,0,0,0,0,0,0,0,0,0,0,0,0,0,0,0,0,0,190021
1,1,1,1,1215,-1295,1034,-27,-6,-4,-9,32,103,0,0,0,0,0,0,0,0,0,0,0,0,0,0,0,0,0,0,0,0,0,0,190031
1,1,1,1,1215,-1298,1033,-15,-1,-7,-9,33,101,0,0,0,0,0,0,0,0,0,0,0,0,0,0,0,0,0,0,0,0,0,0,190041
1,1,1,1,1214,-1291,1032,-6,0,-6,-11,32,100,0,0,0,0,0,0,0,0,0,0,0,0,0,0,0,0,0,0,0,0,0,0,190051
1,1,1,1,1210,-1288,1029,3,-10,-7,-9,33,101,0,0,0,0,0,0,0,0,0,0,0,0,0,0,0,0,0,0,0,0,0,0,190061
1,1,1,1,1216,-1291,1035,6,-8,-8,-9,33,101,0,0,0,0,0,0,0,0,0,0,0,0,0,0,0,0,0,0,0,0,0,0,190071
1,1,1,1,1217,-1296,1038,8,-5,-5,-7,33,100,0,0,0,0,0,0,0,0,0,0,0,0,0,0,0,0,0,0,0,0,0,0,190081
1,1,1,1,1215,-1307,1037,9,-6,-3,-8,32,101,0,0,0,0,0,0,0,0,0,0,0,0,0,0,0,0,0,0,0,0,0,0,190091
1,1,1,1,1218,-1307,1036,4,-6,-3,-11,33,100,0,0,0,0,0,0,0,0,0,0,0,0,0,0,0,0,0,0,0,0,0,0,190101
1,1,1,1,1227,-1304,1047,-7,-4,-1,-10,33,102,0,0,0,0,0,0,0,0,0,0,0,0,0,0,0,0,0,0,0,0,0,0,190111
1,1,1,1,1228,-1297,1042,-2,-13,-2,-9,32,99,0,0,0,0,0,0,0,0,0,0,0,0,0,0,0,0,0,0,0,0,0,0,190121
1,1,1,1,1232,-1306,1040,11,-16,-6,-9,29,97,0,0,0,0,0,0,0,0,0,0,0,0,0,0,0,0,0,0,0,0,0,0,190131
1,1,1,1,1228,-1308,1030,-29,-25,1,-13,37,101,0,0,0,0,0,0,0,0,0,0,0,0,0,0,0,0,0,0,0,0,0,0,190141
1,1,1,1,1235,-1302,1036,-20,-21,2,-13,36,99,0,0,0,0,0,0,0,0,0,0,0,0,0,0,0,0,0,0,0,0,0,0,190151
1,1,1,1,1233,-1290,1035,-2,-28,2,-12,33,102,0,0,0,0,0,0,0,0,0,0,0,0,0,0,0,0,0,0,0,0,0,0,190161
1,1,1,1,1228,-1293,1027,-1,-26,5,-12,34,101,0,0,0,0,0,0,0,0,0,0,0,0,0,0,0,0,0,0,0,0,0,0,190171
1,1,1,1,1232,-1287,1041,7,-26,1,-12,35,102,0,0,0,0,0,0,0,0,0,0,0,0,0,0,0,0,0,0,0,0,0,0,190181
1,1,1,1,1228,-1280,1037,1,-34,0,-11,35,102,0,0,0,0,0,0,0,0,0,0,0,0,0,0,0,0,0,0,0,0,0,0,190191
1,1,1,1,1236,-1292,1049,2,-35,-3,-9,33,102,0,0,0,0,0,0,0,0,0,0,0,0,0,0,0,0,0,0,0,0,0,0,190201
1,1,1,1,1220,-1300,1040,27,-32,-4,-8,32,103,0,0,0,0,0,0,0,0,0,0,0,0,0,0,0,0,0,0,0,0,0,0,190211
1,1,1,1,1221,-1292,1046,-3,-41,-5,-7,33,99,0,0,0,0,0,0,0,0,0,0,0,0,0,0,0,0,0,0,0,0,0,0,190221
1,1,1,1,1234,-1281,1036,15,-35,-3,-9,34,98,0,0,0,0,0,0,0,0,0,0,0,0,0,0,0,0,0,0,0,0,0,0,190231
1,1,1,1,1219,-1288,1053,33,-31,-3,-10,33,102,0,0,0,0,0,0,0,0,0,0,0,0,0,0,0,0,0,0,0,0,0,0,190241
1,1,1,1,1229,-1266,1034,45,-30,-4,-10,34,102,0,0,0,0,0,0,0,0,0,0,0,0,0,0,0,0,0,0,0,0,0,0,190251
1,1,1,1,1230,-1311,1046,37,-36,-10,-10,33,100,0,0,0,0,0,0,0,0,0,0,0,0,0,0,0,0,0,0,0,0,0,0,190261
1,1,1,1,1235,-1312,1009,27,-31,-5,-10,32,103,0,0,0,0,0,0,0,0,0,0,0,0,0,0,0,0,0,0,0,0,0,0,190271
1,1,1,1,1236,-1319,1037,6,-31,-6,-9,33,101,0,0,0,0,0,0,0,0,0,0,0,0,0,0,0,0,0,0,0,0,0,0,190281
1,1,1,1,1235,-1306,1028,41,-30,-3,-8,33,101,0,0,0,0,0,0,0,0,0,0,0,0,0,0,0,0,0,0,0,0,0,0,190291
1,1,1,1,1235,-1294,1019,13,-37,-3,-7,33,100,0,0,0,0,0,0,0,0,0,0,0,0,0,0,0,0,0,0,0,0,0,0,190301
1,1,1,1,1232,-1281,1031,21,-47,-6,-8,34,102,0,0,0,0,0,0,0,0,0,0,0,0,0,0,0,0,0,0,0,0,0,0,190311
1,1,1,1,1228,-1275,1063,20,-54,-4,-8,33,101,0,0,0,0,0,0,0,0,0,0,0,0,0,0,0,0,0,0,0,0,0,0,190321
1,1,1,1,1246,-1285,1039,24,-50,1,-9,32,101,0,0,0,0,0,0,0,0,0,0,0,0,0,0,0,0,0,0,0,0,0,0,190331
1,1,1,1,1235,-1294,1034,22,-51,4,-9,33,100,0,0,0,0,0,0,0,0,0,0,0,0,0,0,0,0,0,0,0,0,0,0,190341
1,1,1,1,1235,-1286,1026,19,-48,5,-7,32,102,0,0,0,0,0,0,0,0,0,0,0,0,0,0,0,0,0,0,0,0,0,0,190351
1,1,1,1,1251,-1262,1019,74,-54,0,-7,33,101,0,0,0,0,0,0,0,0,0,0,0,0,0,0,0,0,0,0,0,0,0,0,190361
1,1,1,1,1233,-1269,1016,98,-60,-8,-8,33,99,0,0,0,0,0,0,0,0,0,0,0,0,0,0,0,0,0,0,0,0,0,0,190371
1,1,1,1,1238,-1273,993,100,-57,-10,-8,33,100,0,0,0,0,0,0,0,0,0,0,0,0,0,0,0,0,0,0,0,0,0,0,190381
1,1,1,1,1239,-1293,1020,135,-68,-15,-8,33,102,0,0,0,0,0,0,0,0,0,0,0,0,0,0,0,0,0,0,0,0,0,0,190391
1,1,1,1,1237,-1310,1028,120,-79,-17,-7,33,100,0,0,0,0,0,0,0,0,0,0,0,0,0,0,0,0,0,0,0,0,0,0,190401
1,1,1,1,1243,-1329,1044,79,-85,-11,-10,35,98,0,0,0,0,0,0,0,0,0,0,0,0,0,0,0,0,0,0,0,0,0,0,190411
1,1,1,1,1239,-1323,1029,97,-92,-20,-9,34,100,0,0,0,0,0,0,0,0,0,0,0,0,0,0,0,0,0,0,0,0,0,0,190421
1,1,1,1,1217,-1318,1051,133,-106,-34,-7,32,97,0,0,0,0,0,0,0,0,0,0,0,0,0,0,0,0,0,0,0,0,0,0,190431
1,1,1,1,1238,-1322,1019,129,-123,-54,-8,30,97,0,0,0,0,0,0,0,0,0,0,0,0,0,0,0,0,0,0,0,0,0,0,190441
1,1,1,1,1247,-1380,1022,-46,-165,-77,-23,32,97,0,0,0,0,0,0,0,0,0,0,0,0,0,0,0,0,0,0,0,0,0,0,190451
1,1,1,1,1147,-1468,572,-1648,-195,-27,-20,36,97,0,0,0,0,0,0,0,0,0,0,0,0,0,0,0,0,0,0,0,0,0,0,190461
1,1,1,1,1430,-1277,1120,-2007,-238,82,-5,32,89,0,0,0,0,0,0,0,0,0,0,0,0,0,0,0,0,0,0,0,0,0,0,190471
1,1,1,1,1326,-1202,1417,-1012,-246,217,-13,34,92,0,0,0,0,0,0,0,0,0,0,0,0,0,0,0,0,0,0,0,0,0,0,190481
1,1,1,1,1231,-1525,888,-1049,-298,61,-13,36,94,0,0,0,0,0,0,0,0,0,0,0,0,0,0,0,0,0,0,0,0,0,0,190491
1,1,1,1,1315,-1572,767,-1032,-364,-71,-11,32,86,0,0,0,0,0,0,0,0,0,0,0,0,0,0,0,0,0,0,0,0,0,0,190501
1,1,1,1,1182,-1462,791,-1097,-405,-50,-12,31,83,0,0,0,0,0,0,0,0,0,0,0,0,0,0,0,0,0,0,0,0,0,0,190511
1,1,1,1,1181,-1451,831,-1361,-445,4,-15,35,84,0,0,0,0,0,0,0,0,0,0,0,0,0,0,0,0,0,0,0,0,0,0,190521
1,1,1,1,1252,-1524,951,-1609,-497,34,-25,31,78,0,0,0,0,0,0,0,0,0,0,0,0,0,0,0,0,0,0,0,0,0,0,190531
1,1,1,1,1163,-1701,980,-2660,-612,26,-17,28,76,0,0,0,0,0,0,0,0,0,0,0,0,0,0,0,0,0,0,0,0,0,0,190541
1,1,1,1,1177,-1495,453,-2732,-545,41,-12,28,73,0,0,0,0,0,0,0,0,0,0,0,0,0,0,0,0,0,0,0,0,0,0,190551
1,1,1,1,936,-1617,600,-2238,-560,124,-9,27,63,0,0,0,0,0,0,0,0,0,0,0,0,0,0,0,0,0,0,0,0,0,0,190561
1,1,1,1,1110,-1920,636,-1873,-649,132,-15,28,52,0,0,0,0,0,0,0,0,0,0,0,0,0,0,0,0,0,0,0,0,0,0,190571
1,1,1,1,1619,-1839,781,-2297,-877,117,-18,24,46,0,0,0,0,0,0,0,0,0,0,0,0,0,0,0,0,0,0,0,0,0,0,190581
1,1,1,1,1774,-1802,627,-3075,-991,-44,-15,27,38,0,0,0,0,0,0,0,0,0,0,0,0,0,0,0,0,0,0,0,0,0,0,190591
1,1,1,1,1467,-1746,783,-3633,-1086,-203,-9,19,28,0,0,0,0,0,0,0,0,0,0,0,0,0,0,0,0,0,0,0,0,0,0,190601
1,1,1,1,1387,-1706,610,-3709,-1000,-286,-8,21,25,0,0,0,0,0,0,0,0,0,0,0,0,0,0,0,0,0,0,0,0,0,0,190611
1,1,1,1,1185,-1603,658,-3594,-889,-352,-10,20,22,0,0,0,0,0,0,0,0,0,0,0,0,0,0,0,0,0,0,0,0,0,0,190621
1,1,1,1,1306,-1486,616,-3649,-880,-369,-5,23,24,0,0,0,0,0,0,0,0,0,0,0,0,0,0,0,0,0,0,0,0,0,0,190631
1,1,1,1,1187,-1338,579,-3692,-674,-367,-2,35,34,0,0,0,0,0,0,0,0,0,0,0,0,0,0,0,0,0,0,0,0,0,0,190641
1,1,1,1,1400,-1298,560,-3757,-670,-290,7,42,40,0,0,0,0,0,0,0,0,0,0,0,0,0,0,0,0,0,0,0,0,0,0,190651
1,1,1,1,1445,-1376,537,-3550,-652,-234,10,36,37,0,0,0,0,0,0,0,0,0,0,0,0,0,0,0,0,0,0,0,0,0,0,190661
1,1,1,1,1594,-1609,183,-3113,-372,-258,9,40,33,0,0,0,0,0,0,0,0,0,0,0,0,0,0,0,0,0,0,0,0,0,0,190671
1,1,1,1,1406,-1715,406,-2778,-186,-179,4,37,34,0,0,0,0,0,0,0,0,0,0,0,0,0,0,0,0,0,0,0,0,0,0,190681
1,1,1,1,1532,-1955,313,-3024,-664,-67,1,40,41,0,0,0,0,0,0,0,0,0,0,0,0,0,0,0,0,0,0,0,0,0,0,190691
1,1,1,1,1770,-2116,144,-3554,-936,-175,-6,36,44,0,0,0,0,0,0,0,0,0,0,0,0,0,0,0,0,0,0,0,0,0,0,190701
1,1,1,1,1623,-2318,-40,-4194,-874,-337,-12,36,43,0,0,0,0,0,0,0,0,0,0,0,0,0,0,0,0,0,0,0,0,0,0,190711
1,1,1,1,1361,-2570,-135,-5265,-654,-456,-33,23,42,0,0,0,0,0,0,0,0,0,0,0,0,0,0,0,0,0,0,0,0,0,0,190721
1,1,1,1,1264,-2728,14,-7600,-348,-686,-36,28,43,0,0,0,0,0,0,0,0,0,0,0,0,0,0,0,0,0,0,0,0,0,0,190731
1,1,1,1,1525,-2418,-141,-9092,-336,-830,-23,28,45,0,0,0,0,0,0,0,0,0,0,0,0,0,0,0,0,0,0,0,0,0,0,190741
1,1,1,1,1721,-2276,-260,-9059,-645,-1091,-22,29,43,0,0,0,0,0,0,0,0,0,0,0,0,0,0,0,0,0,0,0,0,0,0,190751
1,1,1,1,1722,-2152,-307,-8998,-1009,-1451,-27,30,50,0,0,0,0,0,0,0,0,0,0,0,0,0,0,0,0,0,0,0,0,0,0,190761
1,1,1,1,1595,-1969,-404,-9406,-1174,-1706,-32,30,45,0,0,0,0,0,0,0,0,0,0,0,0,0,0,0,0,0,0,0,0,0,0,190771
1,1,1,1,1582,-1827,-485,-9886,-1207,-1894,-29,31,47,0,0,0,0,0,0,0,0,0,0,0,0,0,0,0,0,0,0,0,0,0,0,190781
1,1,1,1,1640,-1703,-640,-9780,-1158,-2067,-20,30,47,0,0,0,0,0,0,0,0,0,0,0,0,0,0,0,0,0,0,0,0,0,0,190791
1,1,1,1,1585,-1474,-860,-8991,-1045,-2172,-18,29,51,0,0,0,0,0,0,0,0,0,0,0,0,0,0,0,0,0,0,0,0,0,0,190801
1,1,1,1,1639,-1369,-1088,-8401,-912,-2188,-15,29,49,0,0,0,0,0,0,0,0,0,0,0,0,0,0,0,0,0,0,0,0,0,0,190811
1,1,1,1,1741,-1090,-1367,-7699,-771,-2098,-5,25,41,0,0,0,0,0,0,0,0,0,0,0,0,0,0,0,0,0,0,0,0,0,0,190821
1,1,1,1,1822,-473,-1620,-6072,-624,-1657,9,17,18,0,0,0,0,0,0,0,0,0,0,0,0,0,0,0,0,0,0,0,0,0,0,190831
1,1,1,1,1844,-4,-1675,-4368,-515,-1152,12,12,5,0,0,0,0,0,0,0,0,0,0,0,0,0,0,0,0,0,0,0,0,0,0,190841
1,1,1,1,1690,-170,-1547,-2501,-364,-622,0,10,8,0,0,0,0,0,0,0,0,0,0,0,0,0,0,0,0,0,0,0,0,0,0,190851
1,1,1,1,1426,-606,-1526,-2229,-298,-496,-3,11,15,0,0,0,0,0,0,0,0,0,0,0,0,0,0,0,0,0,0,0,0,0,0,190861
1,1,1,1,1602,-769,-1559,-2766,-354,-612,-4,14,17,0,0,0,0,0,0,0,0,0,0,0,0,0,0,0,0,0,0,0,0,0,0,190871
1,1,1,1,1822,-779,-1702,-2979,-483,-645,-3,18,22,0,0,0,0,0,0,0,0,0,0,0,0,0,0,0,0,0,0,0,0,0,0,190881
1,1,1,1,1822,-779,-1702,-3099,-741,-644,-5,20,33,0,0,0,0,0,0,0,0,0,0,0,0,0,0,0,0,0,0,0,0,0,0,190891
1,1,1,1,1868,-787,-1879,-3412,-878,-738,-8,22,36,0,0,0,0,0,0,0,0,0,0,0,0,0,0,0,0,0,0,0,0,0,0,190901
1,1,1,1,1430,-881,-1716,-3918,-797,-829,-9,23,37,0,0,0,0,0,0,0,0,0,0,0,0,0,0,0,0,0,0,0,0,0,0,190911
1,1,1,1,1451,-919,-1712,-4324,-758,-868,-12,22,34,0,0,0,0,0,0,0,0,0,0,0,0,0,0,0,0,0,0,0,0,0,0,190921
1,1,1,1,1532,-959,-1627,-4823,-769,-945,-12,21,36,0,0,0,0,0,0,0,0,0,0,0,0,0,0,0,0,0,0,0,0,0,0,190931
1,1,1,1,1570,-816,-1587,-5344,-783,-1131,-13,19,31,0,0,0,0,0,0,0,0,0,0,0,0,0,0,0,0,0,0,0,0,0,0,190941
1,1,1,1,1544,-501,-1577,-5557,-749,-1288,-6,14,19,0,0,0,0,0,0,0,0,0,0,0,0,0,0,0,0,0,0,0,0,0,0,190951
1,1,1,1,1432,-79,-1546,-5360,-711,-1288,-3,9,0,0,0,0,0,0,0,0,0,0,0,0,0,0,0,0,0,0,0,0,0,0,0,190961
1,1,1,1,1376,230,-1649,-4867,-724,-1154,-1,5,-5,0,0,0,0,0,0,0,0,0,0,0,0,0,0,0,0,0,0,0,0,0,0,190971
1,1,1,1,1474,291,-1770,-4252,-665,-1015,0,5,-5,0,0,0,0,0,0,0,0,0,0,0,0,0,0,0,0,0,0,0,0,0,0,190981
1,1,1,1,1399,236,-1898,-3979,-504,-926,2,6,-5,0,0,0,0,0,0,0,0,0,0,0,0,0,0,0,0,0,0,0,0,0,0,190991
1,1,1,1,1351,168,-1967,-3730,-296,-841,7,9,-5,0,0,0,0,0,0,0,0,0,0,0,0,0,0,0,0,0,0,0,0,0,0,191001
1,1,1,1,1329,139,-1829,-3597,-76,-762,9,12,-5,0,0,0,0,0,0,0,0,0,0,0,0,0,0,0,0,0,0,0,0,0,0,191011
1,1,1,1,1357,265,-1697,-3209,122,-689,13,13,0,0,0,0,0,0,0,0,0,0,0,0,0,0,0,0,0,0,0,0,0,0,0,191021
1,1,1,1,1510,252,-1602,-3005,254,-726,13,15,0,0,0,0,0,0,0,0,0,0,0,0,0,0,0,0,0,0,0,0,0,0,0,191031
1,1,1,1,1465,302,-1578,-2866,423,-780,21,22,0,0,0,0,0,0,0,0,0,0,0,0,0,0,0,0,0,0,0,0,0,0,0,191041
1,1,1,1,1375,375,-1331,-2409,384,-846,20,24,6,0,0,0,0,0,0,0,0,0,0,0,0,0,0,0,0,0,0,0,0,0,0,191051
1,1,1,1,1459,280,-1220,-2610,137,-910,16,20,-5,0,0,0,0,0,0,0,0,0,0,0,0,0,0,0,0,0,0,0,0,0,0,191061
1,1,1,1,1445,417,-1456,-2840,66,-906,15,18,-5,0,0,0,0,0,0,0,0,0,0,0,0,0,0,0,0,0,0,0,0,0,0,191071
1,1,1,1,1361,399,-1570,-2938,-24,-956,13,15,-5,0,0,0,0,0,0,0,0,0,0,0,0,0,0,0,0,0,0,0,0,0,0,191081
1,1,1,1,1361,502,-1711,-3251,22,-916,12,19,1,0,0,0,0,0,0,0,0,0,0,0,0,0,0,0,0,0,0,0,0,0,0,191091
1,1,1,1,1261,472,-1578,-3475,33,-1023,15,19,0,0,0,0,0,0,0,0,0,0,0,0,0,0,0,0,0,0,0,0,0,0,0,191101
1,1,1,1,1327,355,-1238,-3386,-9,-1108,21,18,-5,0,0,0,0,0,0,0,0,0,0,0,0,0,0,0,0,0,0,0,0,0,0,191111
1,1,1,1,1344,388,-912,-2815,27,-1085,27,15,-5,0,0,0,0,0,0,0,0,0,0,0,0,0,0,0,0,0,0,0,0,0,0,191121
1,1,1,1,1657,528,-801,-2209,34,-1038,22,9,-5,0,0,0,0,0,0,0,0,0,0,0,0,0,0,0,0,0,0,0,0,0,0,191131
1,1,1,1,1348,560,-1040,-1782,124,-1021,18,8,-5,0,0,0,0,0,0,0,0,0,0,0,0,0,0,0,0,0,0,0,0,0,0,191141
1,1,1,1,1083,772,-1426,-2061,288,-1013,17,7,-5,0,0,0,0,0,0,0,0,0,0,0,0,0,0,0,0,0,0,0,0,0,0,191151
1,1,1,1,1039,883,-1448,-2214,342,-937,17,6,-6,0,0,0,0,0,0,0,0,0,0,0,0,0,0,0,0,0,0,0,0,0,0,191161
1,1,1,1,1166,741,-1426,-2251,349,-876,18,2,-12,0,0,0,0,0,0,0,0,0,0,0,0,0,0,0,0,0,0,0,0,0,0,191171
1,1,1,1,1062,689,-1286,-2259,408,-768,20,0,-20,0,0,0,0,0,0,0,0,0,0,0,0,0,0,0,0,0,0,0,0,0,0,191181
1,1,1,1,1082,749,-1037,-2171,471,-776,21,-35,-77,0,0,0,0,0,0,0,0,0,0,0,0,0,0,0,0,0,0,0,0,0,0,191191
1,1,1,1,906,1642,-1336,-1447,869,-151,24,-2,-26,0,0,0,0,0,0,0,0,0,0,0,0,0,0,0,0,0,0,0,0,0,0,191201
1,1,1,1,1163,988,-1024,-817,782,-229,21,-15,-55,0,0,0,0,0,0,0,0,0,0,0,0,0,0,0,0,0,0,0,0,0,0,191211
1,1,1,1,1019,892,-1125,-1797,764,-238,27,-13,-48,0,0,0,0,0,0,0,0,0,0,0,0,0,0,0,0,0,0,0,0,0,0,191221
1,1,1,1,1421,1349,-1188,-1661,772,-276,5,-17,-60,0,0,0,0,0,0,0,0,0,0,0,0,0,0,0,0,0,0,0,0,0,0,191231
1,1,1,1,1207,1176,-902,-2666,661,-60,36,-9,-43,0,0,0,0,0,0,0,0,0,0,0,0,0,0,0,0,0,0,0,0,0,0,191241
1,1,1,1,1196,939,-828,-2048,595,-151,26,-7,-39,0,0,0,0,0,0,0,0,0,0,0,0,0,0,0,0,0,0,0,0,0,0,191251
1,1,1,1,1185,1185,-925,-1520,669,-103,17,-1,-30,0,0,0,0,0,0,0,0,0,0,0,0,0,0,0,0,0,0,0,0,0,0,191261
1,1,1,1,1135,1196,-833,-2824,666,-222,24,4,-19,0,0,0,0,0,0,0,0,0,0,0,0,0,0,0,0,0,0,0,0,0,0,191271
1,1,1,1,1131,1316,-932,-3193,647,-235,22,14,-8,0,0,0,0,0,0,0,0,0,0,0,0,0,0,0,0,0,0,0,0,0,0,191281
1,1,1,1,1242,1236,-877,-3337,613,-222,37,26,-4,0,0,0,0,0,0,0,0,0,0,0,0,0,0,0,0,0,0,0,0,0,0,191291
1,1,1,1,1331,1023,-891,-2803,583,-122,44,34,1,0,0,0,0,0,0,0,0,0,0,0,0,0,0,0,0,0,0,0,0,0,0,191301
1,1,1,1,1748,722,-944,-1257,644,137,39,39,13,0,0,0,0,0,0,0,0,0,0,0,0,0,0,0,0,0,0,0,0,0,0,191311
1,1,1,1,1719,834,-695,-856,570,264,41,36,11,0,0,0,0,0,0,0,0,0,0,0,0,0,0,0,0,0,0,0,0,0,0,191321
1,1,1,1,1410,978,-534,-882,385,185,44,32,0,0,0,0,0,0,0,0,0,0,0,0,0,0,0,0,0,0,0,0,0,0,0,191331
1,1,1,1,1243,1111,-602,-640,405,217,40,31,-4,0,0,0,0,0,0,0,0,0,0,0,0,0,0,0,0,0,0,0,0,0,0,191341
1,1,1,1,1250,1284,-426,-793,434,204,38,31,0,0,0,0,0,0,0,0,0,0,0,0,0,0,0,0,0,0,0,0,0,0,0,191351
1,1,1,1,1314,1245,-451,-1210,440,140,27,36,10,0,0,0,0,0,0,0,0,0,0,0,0,0,0,0,0,0,0,0,0,0,0,191361
1,1,1,1,1337,1244,-675,-2109,343,16,25,32,15,0,0,0,0,0,0,0,0,0,0,0,0,0,0,0,0,0,0,0,0,0,0,191371
1,1,1,1,1294,1244,-759,-2885,151,-110,25,34,24,0,0,0,0,0,0,0,0,0,0,0,0,0,0,0,0,0,0,0,0,0,0,191381
1,1,1,1,1449,1133,-752,-2807,117,-103,26,38,24,0,0,0,0,0,0,0,0,0,0,0,0,0,0,0,0,0,0,0,0,0,0,191391
1,1,1,1,1556,1120,-469,-2436,146,33,29,40,33,0,0,0,0,0,0,0,0,0,0,0,0,0,0,0,0,0,0,0,0,0,0,191401
1,1,1,1,1502,980,-276,-2277,190,24,33,41,35,0,0,0,0,0,0,0,0,0,0,0,0,0,0,0,0,0,0,0,0,0,0,191411
1,1,1,1,1504,982,-338,-1946,184,128,28,45,41,0,0,0,0,0,0,0,0,0,0,0,0,0,0,0,0,0,0,0,0,0,0,191421
1,1,1,1,1620,982,-146,-2054,194,214,29,49,50,0,0,0,0,0,0,0,0,0,0,0,0,0,0,0,0,0,0,0,0,0,0,191431
1,1,1,1,1416,908,9,-2328,166,168,33,48,51,0,0,0,0,0,0,0,0,0,0,0,0,0,0,0,0,0,0,0,0,0,0,191441
1,1,1,1,1311,1096,-127,-1875,118,158,23,48,58,0,0,0,0,0,0,0,0,0,0,0,0,0,0,0,0,0,0,0,0,0,0,191451
1,1,1,1,1348,1079,-336,-1869,116,113,10,47,59,0,0,0,0,0,0,0,0,0,0,0,0,0,0,0,0,0,0,0,0,0,0,191461
1,1,1,1,1426,1112,-286,-3081,4,63,3,45,62,0,0,0,0,0,0,0,0,0,0,0,0,0,0,0,0,0,0,0,0,0,0,191471
1,1,1,1,1336,1010,-209,-4412,-79,-82,6,44,62,0,0,0,0,0,0,0,0,0,0,0,0,0,0,0,0,0,0,0,0,0,0,191481
1,1,1,1,1213,953,-90,-4730,-167,-153,1,43,64,0,0,0,0,0,0,0,0,0,0,0,0,0,0,0,0,0,0,0,0,0,0,191491
1,1,1,1,1130,757,105,-5386,-178,-210,3,43,61,0,0,0,0,0,0,0,0,0,0,0,0,0,0,0,0,0,0,0,0,0,0,191501
1,1,1,1,1275,855,303,-5717,-224,-256,5,40,60,0,0,0,0,0,0,0,0,0,0,0,0,0,0,0,0,0,0,0,0,0,0,191511
1,1,1,1,1408,873,293,-5748,-299,-320,0,38,54,0,0,0,0,0,0,0,0,0,0,0,0,0,0,0,0,0,0,0,0,0,0,191521
1,1,1,1,1232,1030,319,-5964,-368,-380,-6,37,45,0,0,0,0,0,0,0,0,0,0,0,0,0,0,0,0,0,0,0,0,0,0,191531
1,1,1,1,1314,1131,503,-6042,-393,-430,13,35,49,0,0,0,0,0,0,0,0,0,0,0,0,0,0,0,0,0,0,0,0,0,0,191541
1,1,1,1,1468,1379,348,-4705,-422,-421,18,33,55,0,0,0,0,0,0,0,0,0,0,0,0,0,0,0,0,0,0,0,0,0,0,191551
1,1,1,1,1704,1305,348,-2981,-470,-357,9,33,59,0,0,0,0,0,0,0,0,0,0,0,0,0,0,0,0,0,0,0,0,0,0,191561
1,1,1,1,1676,911,381,-2216,-406,-363,4,34,61,0,0,0,0,0,0,0,0,0,0,0,0,0,0,0,0,0,0,0,0,0,0,191571
1,1,1,1,1507,814,354,-2332,-433,-346,0,33,69,0,0,0,0,0,0,0,0,0,0,0,0,0,0,0,0,0,0,0,0,0,0,191581
1,1,1,1,1403,820,265,-2415,-445,-383,0,33,64,0,0,0,0,0,0,0,0,0,0,0,0,0,0,0,0,0,0,0,0,0,0,191591
1,1,1,1,1461,732,430,-2646,-442,-502,-2,33,65,0,0,0,0,0,0,0,0,0,0,0,0,0,0,0,0,0,0,0,0,0,0,191601
1,1,1,1,1381,659,527,-2901,-523,-545,-7,32,64,0,0,0,0,0,0,0,0,0,0,0,0,0,0,0,0,0,0,0,0,0,0,191611
1,1,1,1,1252,712,754,-3244,-538,-634,-5,30,66,0,0,0,0,0,0,0,0,0,0,0,0,0,0,0,0,0,0,0,0,0,0,191621
1,1,1,1,1127,844,869,-3339,-555,-680,-7,29,67,0,0,0,0,0,0,0,0,0,0,0,0,0,0,0,0,0,0,0,0,0,0,191631
1,1,1,1,1191,644,844,-3258,-558,-672,-7,26,72,0,0,0,0,0,0,0,0,0,0,0,0,0,0,0,0,0,0,0,0,0,0,191641
1,1,1,1,1480,525,1030,-2913,-616,-753,-1,29,76,0,0,0,0,0,0,0,0,0,0,0,0,0,0,0,0,0,0,0,0,0,0,191651
1,1,1,1,1450,386,1050,-2237,-841,-840,-11,37,90,0,0,0,0,0,0,0,0,0,0,0,0,0,0,0,0,0,0,0,0,0,0,191661
1,1,1,1,1335,195,979,-1945,-947,-867,-21,34,88,0,0,0,0,0,0,0,0,0,0,0,0,0,0,0,0,0,0,0,0,0,0,191671
1,1,1,1,1406,340,832,-1691,-753,-673,-31,28,95,0,0,0,0,0,0,0,0,0,0,0,0,0,0,0,0,0,0,0,0,0,0,191681
1,1,1,1,1472,579,587,-1830,-516,-418,-32,20,96,0,0,0,0,0,0,0,0,0,0,0,0,0,0,0,0,0,0,0,0,0,0,191691
1,1,1,1,1358,864,549,-1789,-342,-365,-27,20,94,0,0,0,0,0,0,0,0,0,0,0,0,0,0,0,0,0,0,0,0,0,0,191701
1,1,1,1,1186,573,1103,-1278,-125,-254,-32,27,90,0,0,0,0,0,0,0,0,0,0,0,0,0,0,0,0,0,0,0,0,0,0,191711
1,1,1,1,1233,417,645,-1938,-443,-314,-39,25,100,0,0,0,0,0,0,0,0,0,0,0,0,0,0,0,0,0,0,0,0,0,0,191721
1,1,1,1,1378,408,697,-2511,-504,-479,-37,26,99,0,0,0,0,0,0,0,0,0,0,0,0,0,0,0,0,0,0,0,0,0,0,191731
1,1,1,1,1241,353,968,-2607,-536,-477,-35,27,99,0,0,0,0,0,0,0,0,0,0,0,0,0,0,0,0,0,0,0,0,0,0,191741
1,1,1,1,1350,-67,1097,-2348,-661,-466,-39,24,102,0,0,0,0,0,0,0,0,0,0,0,0,0,0,0,0,0,0,0,0,0,0,191751
1,1,1,1,1442,-153,1171,-1997,-774,-522,-41,11,86,0,0,0,0,0,0,0,0,0,0,0,0,0,0,0,0,0,0,0,0,0,0,191761
1,1,1,1,1367,309,1098,-1469,-834,-454,-41,9,77,0,0,0,0,0,0,0,0,0,0,0,0,0,0,0,0,0,0,0,0,0,0,191771
1,1,1,1,1432,522,741,-932,-462,-71,-28,14,81,0,0,0,0,0,0,0,0,0,0,0,0,0,0,0,0,0,0,0,0,0,0,191781
1,1,1,1,1559,593,690,-447,68,222,-27,19,81,0,0,0,0,0,0,0,0,0,0,0,0,0,0,0,0,0,0,0,0,0,0,191791
1,1,1,1,1104,359,1102,-698,-14,32,-30,21,81,0,0,0,0,0,0,0,0,0,0,0,0,0,0,0,0,0,0,0,0,0,0,191801
1,1,1,1,961,602,975,-1313,0,-60,-29,21,74,0,0,0,0,0,0,0,0,0,0,0,0,0,0,0,0,0,0,0,0,0,0,191811
1,1,1,1,1169,503,917,-1731,132,-76,-23,26,78,0,0,0,0,0,0,0,0,0,0,0,0,0,0,0,0,0,0,0,0,0,0,191821
1,1,1,1,1270,239,1022,-2009,97,-60,-20,32,85,0,0,0,0,0,0,0,0,0,0,0,0,0,0,0,0,0,0,0,0,0,0,191831
1,1,1,1,1308,35,1184,-2091,1,-88,-22,34,87,0,0,0,0,0,0,0,0,0,0,0,0,0,0,0,0,0,0,0,0,0,0,191841
1,1,1,1,1302,22,1145,-2227,-91,-102,-20,34,87,0,0,0,0,0,0,0,0,0,0,0,0,0,0,0,0,0,0,0,0,0,0,191851
1,1,1,1,1396,102,1153,-2044,-98,-75,-15,33,88,0,0,0,0,0,0,0,0,0,0,0,0,0,0,0,0,0,0,0,0,0,0,191861
1,1,1,1,1417,124,1171,-1545,-33,-38,-19,34,89,0,0,0,0,0,0,0,0,0,0,0,0,0,0,0,0,0,0,0,0,0,0,191871
1,1,1,1,1380,46,1086,-1572,11,27,-18,35,90,0,0,0,0,0,0,0,0,0,0,0,0,0,0,0,0,0,0,0,0,0,0,191881
1,1,1,1,1312,288,959,-1783,106,96,-23,36,90,0,0,0,0,0,0,0,0,0,0,0,0,0,0,0,0,0,0,0,0,0,0,191891
1,1,1,1,1241,203,847,-2358,227,182,-15,41,92,0,0,0,0,0,0,0,0,0,0,0,0,0,0,0,0,0,0,0,0,0,0,191901
1,1,1,1,1304,73,970,-2718,354,284,-7,45,94,0,0,0,0,0,0,0,0,0,0,0,0,0,0,0,0,0,0,0,0,0,0,191911
1,1,1,1,1317,-29,1091,-2596,380,381,-12,42,92,0,0,0,0,0,0,0,0,0,0,0,0,0,0,0,0,0,0,0,0,0,0,191921
1,1,1,1,1154,-27,1200,-2677,319,467,-9,47,86,0,0,0,0,0,0,0,0,0,0,0,0,0,0,0,0,0,0,0,0,0,0,191931
1,1,1,1,1263,186,1216,-2531,169,772,-4,41,82,0,0,0,0,0,0,0,0,0,0,0,0,0,0,0,0,0,0,0,0,0,0,191941
1,1,1,1,1374,-218,1282,-1981,152,938,-4,39,83,0,0,0,0,0,0,0,0,0,0,0,0,0,0,0,0,0,0,0,0,0,0,191951
1,1,1,1,1575,-296,1399,-1200,-114,987,-5,36,85,0,0,0,0,0,0,0,0,0,0,0,0,0,0,0,0,0,0,0,0,0,0,191961
1,1,1,1,1492,-183,1213,-493,-300,1147,-7,32,85,0,0,0,0,0,0,0,0,0,0,0,0,0,0,0,0,0,0,0,0,0,0,191971
1,1,1,1,1393,-510,1073,-553,-284,951,-16,28,81,0,0,0,0,0,0,0,0,0,0,0,0,0,0,0,0,0,0,0,0,0,0,191981
1,1,1,1,1422,-459,957,-941,-107,696,-11,33,80,0,0,0,0,0,0,0,0,0,0,0,0,0,0,0,0,0,0,0,0,0,0,191991
1,1,1,1,1538,-252,1238,-739,-260,521,-19,25,92,0,0,0,0,0,0,0,0,0,0,0,0,0,0,0,0,0,0,0,0,0,0,192001
1,1,1,1,1397,-728,869,-1104,-8,160,-28,25,101,0,0,0,0,0,0,0,0,0,0,0,0,0,0,0,0,0,0,0,0,0,0,192011
1,1,1,1,1588,-770,949,-1541,229,-261,-22,21,93,0,0,0,0,0,0,0,0,0,0,0,0,0,0,0,0,0,0,0,0,0,0,192021
1,1,1,1,1629,-456,1042,-1078,195,-238,-22,14,86,0,0,0,0,0,0,0,0,0,0,0,0,0,0,0,0,0,0,0,0,0,0,192031
1,1,1,1,1483,-636,1090,-957,154,-254,-31,-3,70,0,0,0,0,0,0,0,0,0,0,0,0,0,0,0,0,0,0,0,0,0,0,192041
1,1,1,1,1491,-546,1147,-699,56,-313,-31,-33,29,0,0,0,0,0,0,0,0,0,0,0,0,0,0,0,0,0,0,0,0,0,0,192051
1,1,1,1,1411,-410,1032,-261,51,-181,-30,-57,-2,0,0,0,0,0,0,0,0,0,0,0,0,0,0,0,0,0,0,0,0,0,0,192061
1,1,1,1,1359,-422,1022,-255,62,-113,-30,-70,-19,0,0,0,0,0,0,0,0,0,0,0,0,0,0,0,0,0,0,0,0,0,0,192071
1,1,1,1,1448,-326,1035,-252,33,-85,-28,-75,-32,0,0,0,0,0,0,0,0,0,0,0,0,0,0,0,0,0,0,0,0,0,0,192081
1,1,1,1,1301,-419,1052,-141,35,-32,-22,-72,-31,0,0,0,0,0,0,0,0,0,0,0,0,0,0,0,0,0,0,0,0,0,0,192091
1,1,1,1,1287,-557,1162,-146,10,-88,-20,-71,-38,0,0,0,0,0,0,0,0,0,0,0,0,0,0,0,0,0,0,0,0,0,0,192101
1,1,1,1,1435,-477,1121,-164,18,-89,-18,-69,-39,0,0,0,0,0,0,0,0,0,0,0,0,0,0,0,0,0,0,0,0,0,0,192111
1,1,1,1,1418,-381,1124,-133,20,-69,-17,-66,-36,0,0,0,0,0,0,0,0,0,0,0,0,0,0,0,0,0,0,0,0,0,0,192121
1,1,1,1,1412,-418,1143,-206,37,-134,-19,-64,-36,0,0,0,0,0,0,0,0,0,0,0,0,0,0,0,0,0,0,0,0,0,0,192131
1,1,1,1,1421,-446,1134,-283,97,-192,-19,-60,-34,0,0,0,0,0,0,0,0,0,0,0,0,0,0,0,0,0,0,0,0,0,0,192141
1,1,1,1,1456,-580,1167,-344,133,-178,-17,-57,-22,0,0,0,0,0,0,0,0,0,0,0,0,0,0,0,0,0,0,0,0,0,0,192151
1,1,1,1,1470,-626,1134,-287,233,-270,-14,-52,-22,0,0,0,0,0,0,0,0,0,0,0,0,0,0,0,0,0,0,0,0,0,0,192161
1,1,1,1,1489,-560,1136,-199,245,-301,-12,-48,-10,0,0,0,0,0,0,0,0,0,0,0,0,0,0,0,0,0,0,0,0,0,0,192171
1,1,1,1,1571,-483,1036,-55,277,-424,-5,-8,30,0,0,0,0,0,0,0,0,0,0,0,0,0,0,0,0,0,0,0,0,0,0,192181
1,1,1,1,1541,-1219,1149,-191,95,-1227,2,-13,5,0,0,0,0,0,0,0,0,0,0,0,0,0,0,0,0,0,0,0,0,0,0,192191
1,1,1,1,1182,-676,968,-130,274,-1161,11,-1,14,0,0,0,0,0,0,0,0,0,0,0,0,0,0,0,0,0,0,0,0,0,0,192201
1,1,1,1,1952,-145,871,371,439,-604,14,1,14,0,0,0,0,0,0,0,0,0,0,0,0,0,0,0,0,0,0,0,0,0,0,192211
1,1,1,1,1273,-229,1132,574,115,-375,17,8,11,0,0,0,0,0,0,0,0,0,0,0,0,0,0,0,0,0,0,0,0,0,0,192221
1,1,1,1,1215,-305,1094,311,198,-240,16,9,11,0,0,0,0,0,0,0,0,0,0,0,0,0,0,0,0,0,0,0,0,0,0,192231
1,1,1,1,1295,-308,1210,298,137,-135,21,13,8,0,0,0,0,0,0,0,0,0,0,0,0,0,0,0,0,0,0,0,0,0,0,192241
1,1,1,1,1211,-335,1265,352,59,69,21,13,8,0,0,0,0,0,0,0,0,0,0,0,0,0,0,0,0,0,0,0,0,0,0,192251
1,1,1,1,1250,-402,1305,326,3,192,13,13,16,0,0,0,0,0,0,0,0,0,0,0,0,0,0,0,0,0,0,0,0,0,0,192261
1,1,1,1,1034,-395,1383,43,-33,266,17,19,12,0,0,0,0,0,0,0,0,0,0,0,0,0,0,0,0,0,0,0,0,0,0,192271
1,1,1,1,1240,-210,1319,264,-91,326,17,16,11,0,0,0,0,0,0,0,0,0,0,0,0,0,0,0,0,0,0,0,0,0,0,192281
1,1,1,1,1214,-467,1278,162,-155,316,14,12,20,0,0,0,0,0,0,0,0,0,0,0,0,0,0,0,0,0,0,0,0,0,0,192291
1,1,1,1,1239,-560,1251,104,-140,154,12,9,13,0,0,0,0,0,0,0,0,0,0,0,0,0,0,0,0,0,0,0,0,0,0,192301
1,1,1,1,1359,-449,1188,137,-163,106,12,3,18,0,0,0,0,0,0,0,0,0,0,0,0,0,0,0,0,0,0,0,0,0,0,192311
1,1,1,1,1481,-420,1046,139,-56,153,11,1,14,0,0,0,0,0,0,0,0,0,0,0,0,0,0,0,0,0,0,0,0,0,0,192321
1,1,1,1,1546,-337,991,153,9,231,8,-2,13,0,0,0,0,0,0,0,0,0,0,0,0,0,0,0,0,0,0,0,0,0,0,192331
1,1,1,1,1519,-216,980,105,83,300,5,-3,11,0,0,0,0,0,0,0,0,0,0,0,0,0,0,0,0,0,0,0,0,0,0,192341
1,1,1,1,1406,-288,1052,44,80,277,6,-3,5,0,0,0,0,0,0,0,0,0,0,0,0,0,0,0,0,0,0,0,0,0,0,192351
1,1,1,1,1377,-409,1132,1,48,251,8,-5,10,0,0,0,0,0,0,0,0,0,0,0,0,0,0,0,0,0,0,0,0,0,0,192361
1,1,1,1,1361,-415,1192,153,55,296,6,-6,13,0,0,0,0,0,0,0,0,0,0,0,0,0,0,0,0,0,0,0,0,0,0,192371
1,1,1,1,1303,-460,1227,263,26,336,3,-7,6,0,0,0,0,0,0,0,0,0,0,0,0,0,0,0,0,0,0,0,0,0,0,192381
1,1,1,1,1234,-382,1226,240,-21,375,-3,-11,10,0,0,0,0,0,0,0,0,0,0,0,0,0,0,0,0,0,0,0,0,0,0,192391
1,1,1,1,1203,-310,1208,168,-47,377,-11,-17,18,0,0,0,0,0,0,0,0,0,0,0,0,0,0,0,0,0,0,0,0,0,0,192401
1,1,1,1,1307,-361,1138,43,-50,320,-23,-24,23,0,0,0,0,0,0,0,0,0,0,0,0,0,0,0,0,0,0,0,0,0,0,192421
1,1,1,1,1338,-421,1116,-11,-24,293,-25,-27,23,0,0,0,0,0,0,0,0,0,0,0,0,0,0,0,0,0,0,0,0,0,0,192431
1,1,1,1,1380,-399,1128,-28,-39,254,-29,-32,16,0,0,0,0,0,0,0,0,0,0,0,0,0,0,0,0,0,0,0,0,0,0,192441
1,1,1,1,1398,-336,1119,-44,-54,247,-31,-35,11,0,0,0,0,0,0,0,0,0,0,0,0,0,0,0,0,0,0,0,0,0,0,192451
1,1,1,1,1383,-316,1165,-6,-82,241,-32,-35,1,0,0,0,0,0,0,0,0,0,0,0,0,0,0,0,0,0,0,0,0,0,0,192461
1,1,1,1,1373,-385,1199,66,-89,250,-29,-35,5,0,0,0,0,0,0,0,0,0,0,0,0,0,0,0,0,0,0,0,0,0,0,192471
1,1,1,1,1339,-436,1222,134,-123,245,-33,-36,7,0,0,0,0,0,0,0,0,0,0,0,0,0,0,0,0,0,0,0,0,0,0,192481
1,1,1,1,1290,-468,1277,127,-143,205,-35,-40,10,0,0,0,0,0,0,0,0,0,0,0,0,0,0,0,0,0,0,0,0,0,0,192491
1,1,1,1,1262,-373,1294,116,-157,176,-39,-40,13,0,0,0,0,0,0,0,0,0,0,0,0,0,0,0,0,0,0,0,0,0,0,192501
1,1,1,1,1289,-375,1286,110,-206,164,-44,-40,28,0,0,0,0,0,0,0,0,0,0,0,0,0,0,0,0,0,0,0,0,0,0,192511
1,1,1,1,1329,-439,1237,141,-217,108,-46,-39,29,0,0,0,0,0,0,0,0,0,0,0,0,0,0,0,0,0,0,0,0,0,0,192521
1,1,1,1,1354,-341,1144,121,-130,95,-40,-37,33,0,0,0,0,0,0,0,0,0,0,0,0,0,0,0,0,0,0,0,0,0,0,192531
1,1,1,1,1485,-211,1066,107,-50,154,-42,-33,34,0,0,0,0,0,0,0,0,0,0,0,0,0,0,0,0,0,0,0,0,0,0,192541
1,1,1,1,1383,-316,1114,-23,-38,71,-37,-32,40,0,0,0,0,0,0,0,0,0,0,0,0,0,0,0,0,0,0,0,0,0,0,192551
1,1,1,1,1405,-348,1154,-68,-42,11,-38,-27,40,0,0,0,0,0,0,0,0,0,0,0,0,0,0,0,0,0,0,0,0,0,0,192561
1,1,1,1,1368,-365,1214,-85,-27,-8,-34,-33,38,0,0,0,0,0,0,0,0,0,0,0,0,0,0,0,0,0,0,0,0,0,0,192571
1,1,1,1,1330,-360,1262,-130,-56,-22,-37,-28,39,0,0,0,0,0,0,0,0,0,0,0,0,0,0,0,0,0,0,0,0,0,0,192581
1,1,1,1,1363,-424,1246,-128,-65,-39,-36,-27,47,0,0,0,0,0,0,0,0,0,0,0,0,0,0,0,0,0,0,0,0,0,0,192591
1,1,1,1,1399,-444,1201,-121,-60,-35,-36,-28,45,0,0,0,0,0,0,0,0,0,0,0,0,0,0,0,0,0,0,0,0,0,0,192601
1,1,1,1,1417,-367,1138,-123,-29,0,-31,-30,47,0,0,0,0,0,0,0,0,0,0,0,0,0,0,0,0,0,0,0,0,0,0,192611
1,1,1,1,1374,-337,1157,-152,20,5,-31,-26,51,0,0,0,0,0,0,0,0,0,0,0,0,0,0,0,0,0,0,0,0,0,0,192621
1,1,1,1,1304,-335,1175,-239,60,-59,-30,-25,53,0,0,0,0,0,0,0,0,0,0,0,0,0,0,0,0,0,0,0,0,0,0,192631
1,1,1,1,1368,-298,1133,-315,48,-90,-30,-23,53,0,0,0,0,0,0,0,0,0,0,0,0,0,0,0,0,0,0,0,0,0,0,192641
1,1,1,1,1390,-386,1140,-328,36,-94,-27,-22,57,0,0,0,0,0,0,0,0,0,0,0,0,0,0,0,0,0,0,0,0,0,0,192651
1,1,1,1,1412,-520,1159,-305,45,-106,-27,-21,55,0,0,0,0,0,0,0,0,0,0,0,0,0,0,0,0,0,0,0,0,0,0,192661
1,1,1,1,1423,-491,1152,-250,40,-88,-27,-22,56,0,0,0,0,0,0,0,0,0,0,0,0,0,0,0,0,0,0,0,0,0,0,192671
1,1,1,1,1418,-460,1160,-211,32,-58,-26,-20,54,0,0,0,0,0,0,0,0,0,0,0,0,0,0,0,0,0,0,0,0,0,0,192681
1,1,1,1,1407,-455,1176,-199,38,-40,-26,-19,55,0,0,0,0,0,0,0,0,0,0,0,0,0,0,0,0,0,0,0,0,0,0,192691
1,1,1,1,1377,-447,1172,-201,67,-27,-24,-20,54,0,0,0,0,0,0,0,0,0,0,0,0,0,0,0,0,0,0,0,0,0,0,192701
1,1,1,1,1385,-374,1161,-218,74,18,-22,-20,55,0,0,0,0,0,0,0,0,0,0,0,0,0,0,0,0,0,0,0,0,0,0,192711
1,1,1,1,1390,-346,1156,-208,76,90,-25,-19,58,0,0,0,0,0,0,0,0,0,0,0,0,0,0,0,0,0,0,0,0,0,0,192721
1,1,1,1,1353,-448,1136,-290,92,59,-24,-19,54,0,0,0,0,0,0,0,0,0,0,0,0,0,0,0,0,0,0,0,0,0,0,192731
1,1,1,1,1363,-487,1152,-330,70,27,-25,-19,57,0,0,0,0,0,0,0,0,0,0,0,0,0,0,0,0,0,0,0,0,0,0,192741
1,1,1,1,1332,-595,1176,-309,55,-24,-22,-19,55,0,0,0,0,0,0,0,0,0,0,0,0,0,0,0,0,0,0,0,0,0,0,192751
1,1,1,1,1369,-562,1153,-258,42,-28,-24,-20,56,0,0,0,0,0,0,0,0,0,0,0,0,0,0,0,0,0,0,0,0,0,0,192761
1,1,1,1,1387,-487,1104,-199,40,11,-25,-20,59,0,0,0,0,0,0,0,0,0,0,0,0,0,0,0,0,0,0,0,0,0,0,192771
1,1,1,1,1293,-499,1135,-261,55,-20,-26,-21,56,0,0,0,0,0,0,0,0,0,0,0,0,0,0,0,0,0,0,0,0,0,0,192781
1,1,1,1,1362,-436,1134,-229,57,-13,-26,-20,59,0,0,0,0,0,0,0,0,0,0,0,0,0,0,0,0,0,0,0,0,0,0,192791
1,1,1,1,1305,-519,1119,-245,71,-18,-26,-20,61,0,0,0,0,0,0,0,0,0,0,0,0,0,0,0,0,0,0,0,0,0,0,192801
1,1,1,1,1286,-574,1167,-253,67,-53,-25,-20,59,0,0,0,0,0,0,0,0,0,0,0,0,0,0,0,0,0,0,0,0,0,0,192811
1,1,1,1,1293,-602,1131,-300,67,-22,-23,-19,60,0,0,0,0,0,0,0,0,0,0,0,0,0,0,0,0,0,0,0,0,0,0,192821
1,1,1,1,1314,-597,1208,-117,27,-32,-22,-20,59,0,0,0,0,0,0,0,0,0,0,0,0,0,0,0,0,0,0,0,0,0,0,192831
1,1,1,1,1342,-613,1111,-70,23,-13,-23,-21,60,0,0,0,0,0,0,0,0,0,0,0,0,0,0,0,0,0,0,0,0,0,0,192841
1,1,1,1,1352,-558,1125,-31,14,7,-23,-21,61,0,0,0,0,0,0,0,0,0,0,0,0,0,0,0,0,0,0,0,0,0,0,192851
1,1,1,1,1350,-535,1126,-38,11,2,-26,-20,59,0,0,0,0,0,0,0,0,0,0,0,0,0,0,0,0,0,0,0,0,0,0,192861
1,1,1,1,1351,-532,1141,-46,9,0,-25,-22,61,0,0,0,0,0,0,0,0,0,0,0,0,0,0,0,0,0,0,0,0,0,0,192871
1,1,1,1,1343,-548,1173,-18,3,8,-28,-20,61,0,0,0,0,0,0,0,0,0,0,0,0,0,0,0,0,0,0,0,0,0,0,192881
1,1,1,1,1358,-564,1167,14,-15,18,-29,-20,63,0,0,0,0,0,0,0,0,0,0,0,0,0,0,0,0,0,0,0,0,0,0,192891
1,1,1,1,1363,-548,1170,47,-7,34,-28,-19,66,0,0,0,0,0,0,0,0,0,0,0,0,0,0,0,0,0,0,0,0,0,0,192901
1,1,1,1,1352,-508,1177,40,-16,38,-28,-20,63,0,0,0,0,0,0,0,0,0,0,0,0,0,0,0,0,0,0,0,0,0,0,192911
1,1,1,1,1344,-470,1179,6,-20,33,-28,-21,67,0,0,0,0,0,0,0,0,0,0,0,0,0,0,0,0,0,0,0,0,0,0,192921
1,1,1,1,1355,-502,1166,-62,-10,32,-31,-18,67,0,0,0,0,0,0,0,0,0,0,0,0,0,0,0,0,0,0,0,0,0,0,192931
1,1,1,1,1356,-567,1148,-157,-1,23,-27,-19,69,0,0,0,0,0,0,0,0,0,0,0,0,0,0,0,0,0,0,0,0,0,0,192941
1,1,1,1,1371,-531,1209,-27,-31,21,-28,-18,69,0,0,0,0,0,0,0,0,0,0,0,0,0,0,0,0,0,0,0,0,0,0,192951
1,1,1,1,1370,-555,1139,-21,-19,38,-30,-18,69,0,0,0,0,0,0,0,0,0,0,0,0,0,0,0,0,0,0,0,0,0,0,192961
1,1,1,1,1358,-546,1129,-49,-10,55,-27,-17,71,0,0,0,0,0,0,0,0,0,0,0,0,0,0,0,0,0,0,0,0,0,0,192971
1,1,1,1,1352,-567,1200,-29,-10,66,-31,-17,71,0,0,0,0,0,0,0,0,0,0,0,0,0,0,0,0,0,0,0,0,0,0,192981
1,1,1,1,1353,-568,1135,90,-25,90,-29,-18,70,0,0,0,0,0,0,0,0,0,0,0,0,0,0,0,0,0,0,0,0,0,0,192991
1,1,1,1,1334,-514,1151,69,-17,99,-27,-18,72,0,0,0,0,0,0,0,0,0,0,0,0,0,0,0,0,0,0,0,0,0,0,193001
1,1,1,1,1319,-490,1156,49,-14,96,-28,-17,69,0,0,0,0,0,0,0,0,0,0,0,0,0,0,0,0,0,0,0,0,0,0,193011
1,1,1,1,1332,-523,1155,20,-28,89,-30,-17,72,0,0,0,0,0,0,0,0,0,0,0,0,0,0,0,0,0,0,0,0,0,0,193021
1,1,1,1,1344,-555,1156,39,-28,86,-30,-16,72,0,0,0,0,0,0,0,0,0,0,0,0,0,0,0,0,0,0,0,0,0,0,193031
1,1,1,1,1332,-561,1158,67,-27,93,-31,-16,71,0,0,0,0,0,0,0,0,0,0,0,0,0,0,0,0,0,0,0,0,0,0,193041
1,1,1,1,1317,-560,1138,4,-18,111,-25,-16,71,0,0,0,0,0,0,0,0,0,0,0,0,0,0,0,0,0,0,0,0,0,0,193051
1,1,1,1,1317,-511,1209,4,-38,105,-33,-17,73,0,0,0,0,0,0,0,0,0,0,0,0,0,0,0,0,0,0,0,0,0,0,193061
1,1,1,1,1335,-530,1157,71,-44,107,-32,-16,75,0,0,0,0,0,0,0,0,0,0,0,0,0,0,0,0,0,0,0,0,0,0,193071
1,1,1,1,1332,-566,1140,-28,-21,102,-25,-16,79,0,0,0,0,0,0,0,0,0,0,0,0,0,0,0,0,0,0,0,0,0,0,193081
1,1,1,1,1337,-537,1206,-2,-33,106,-31,-17,77,0,0,0,0,0,0,0,0,0,0,0,0,0,0,0,0,0,0,0,0,0,0,193091
1,1,1,1,1355,-509,1164,68,-41,100,-30,-16,75,0,0,0,0,0,0,0,0,0,0,0,0,0,0,0,0,0,0,0,0,0,0,193101
1,1,1,1,1338,-469,1137,-42,-19,78,-30,-16,76,0,0,0,0,0,0,0,0,0,0,0,0,0,0,0,0,0,0,0,0,0,0,193111
1,1,1,1,1329,-529,1146,-214,10,78,-29,-16,75,0,0,0,0,0,0,0,0,0,0,0,0,0,0,0,0,0,0,0,0,0,0,193121
1,1,1,1,1372,-528,1238,8,-37,67,-30,-16,77,0,0,0,0,0,0,0,0,0,0,0,0,0,0,0,0,0,0,0,0,0,0,193131
1,1,1,1,1360,-562,1144,32,-19,75,-30,-15,76,0,0,0,0,0,0,0,0,0,0,0,0,0,0,0,0,0,0,0,0,0,0,193141
1,1,1,1,1354,-524,1166,59,-28,75,-31,-14,79,0,0,0,0,0,0,0,0,0,0,0,0,0,0,0,0,0,0,0,0,0,0,193151
1,1,1,1,1359,-522,1159,50,-29,69,-30,-15,79,0,0,0,0,0,0,0,0,0,0,0,0,0,0,0,0,0,0,0,0,0,0,193161
1,1,1,1,1374,-521,1163,56,-27,77,-30,-16,79,0,0,0,0,0,0,0,0,0,0,0,0,0,0,0,0,0,0,0,0,0,0,193171
1,1,1,1,1389,-541,1155,83,-32,84,-32,-12,81,0,0,0,0,0,0,0,0,0,0,0,0,0,0,0,0,0,0,0,0,0,0,193181
1,1,1,1,1392,-559,1165,110,-32,90,-32,-12,80,0,0,0,0,0,0,0,0,0,0,0,0,0,0,0,0,0,0,0,0,0,0,193191
1,1,1,1,1387,-518,1192,109,-50,96,-29,-15,79,0,0,0,0,0,0,0,0,0,0,0,0,0,0,0,0,0,0,0,0,0,0,193201
1,1,1,1,1391,-497,1181,79,-49,86,-29,-13,81,0,0,0,0,0,0,0,0,0,0,0,0,0,0,0,0,0,0,0,0,0,0,193211
1,1,1,1,1394,-511,1179,55,-41,64,-29,-14,81,0,0,0,0,0,0,0,0,0,0,0,0,0,0,0,0,0,0,0,0,0,0,193221
1,1,1,1,1387,-508,1190,50,-27,53,-27,-13,82,0,0,0,0,0,0,0,0,0,0,0,0,0,0,0,0,0,0,0,0,0,0,193231
1,1,1,1,1376,-506,1174,35,-20,42,-28,-11,81,0,0,0,0,0,0,0,0,0,0,0,0,0,0,0,0,0,0,0,0,0,0,193241
1,1,1,1,1376,-508,1163,25,-20,37,-26,-12,81,0,0,0,0,0,0,0,0,0,0,0,0,0,0,0,0,0,0,0,0,0,0,193251
1,1,1,1,1372,-544,1172,20,-24,34,-25,-13,79,0,0,0,0,0,0,0,0,0,0,0,0,0,0,0,0,0,0,0,0,0,0,193261
1,1,1,1,1370,-534,1169,27,-21,44,-24,-12,80,0,0,0,0,0,0,0,0,0,0,0,0,0,0,0,0,0,0,0,0,0,0,193271
1,1,1,1,1362,-511,1172,27,-14,52,-27,-11,80,0,0,0,0,0,0,0,0,0,0,0,0,0,0,0,0,0,0,0,0,0,0,193281
1,1,1,1,1367,-523,1178,14,-4,44,-26,-11,80,0,0,0,0,0,0,0,0,0,0,0,0,0,0,0,0,0,0,0,0,0,0,193291
1,1,1,1,1362,-516,1186,6,0,31,-25,-11,81,0,0,0,0,0,0,0,0,0,0,0,0,0,0,0,0,0,0,0,0,0,0,193301
1,1,1,1,1362,-521,1189,1,-9,26,-24,-11,80,0,0,0,0,0,0,0,0,0,0,0,0,0,0,0,0,0,0,0,0,0,0,193311
1,1,1,1,1363,-531,1180,10,-7,28,-27,-11,82,0,0,0,0,0,0,0,0,0,0,0,0,0,0,0,0,0,0,0,0,0,0,193321
1,1,1,1,1354,-526,1173,5,-2,24,-29,-10,82,0,0,0,0,0,0,0,0,0,0,0,0,0,0,0,0,0,0,0,0,0,0,193331
1,1,1,1,1355,-512,1160,-8,15,16,-29,-10,81,0,0,0,0,0,0,0,0,0,0,0,0,0,0,0,0,0,0,0,0,0,0,193341
1,1,1,1,1343,-506,1156,-35,18,-3,-26,-11,82,0,0,0,0,0,0,0,0,0,0,0,0,0,0,0,0,0,0,0,0,0,0,193351
1,1,1,1,1338,-532,1163,-39,20,-1,-27,-10,82,0,0,0,0,0,0,0,0,0,0,0,0,0,0,0,0,0,0,0,0,0,0,193361
1,1,1,1,1349,-558,1167,-20,12,3,-25,-10,82,0,0,0,0,0,0,0,0,0,0,0,0,0,0,0,0,0,0,0,0,0,0,193371
1,1,1,1,1356,-553,1169,-16,11,3,-25,-10,81,0,0,0,0,0,0,0,0,0,0,0,0,0,0,0,0,0,0,0,0,0,0,193381
1,1,1,1,1355,-531,1166,-9,21,14,-24,-11,80,0,0,0,0,0,0,0,0,0,0,0,0,0,0,0,0,0,0,0,0,0,0,193391
1,1,1,1,1351,-543,1166,-4,24,16,-26,-10,80,0,0,0,0,0,0,0,0,0,0,0,0,0,0,0,0,0,0,0,0,0,0,193401
1,1,1,1,1360,-546,1157,-1,19,27,-25,-11,79,0,0,0,0,0,0,0,0,0,0,0,0,0,0,0,0,0,0,0,0,0,0,193411
1,1,1,1,1346,-543,1166,14,15,37,-26,-11,83,0,0,0,0,0,0,0,0,0,0,0,0,0,0,0,0,0,0,0,0,0,0,193421
1,1,1,1,1345,-533,1166,22,13,40,-25,-12,82,0,0,0,0,0,0,0,0,0,0,0,0,0,0,0,0,0,0,0,0,0,0,193431
1,1,1,1,1358,-537,1157,14,4,33,-24,-12,81,0,0,0,0,0,0,0,0,0,0,0,0,0,0,0,0,0,0,0,0,0,0,193441
1,1,1,1,1354,-535,1163,6,-3,29,-24,-13,78,0,0,0,0,0,0,0,0,0,0,0,0,0,0,0,0,0,0,0,0,0,0,193451
1,1,1,1,1356,-541,1162,4,-1,34,-26,-14,81,0,0,0,0,0,0,0,0,0,0,0,0,0,0,0,0,0,0,0,0,0,0,193461
1,1,1,1,1363,-540,1154,-6,-7,28,-24,-15,81,0,0,0,0,0,0,0,0,0,0,0,0,0,0,0,0,0,0,0,0,0,0,193471
1,1,1,1,1364,-542,1157,-10,-12,21,-28,-12,80,0,0,0,0,0,0,0,0,0,0,0,0,0,0,0,0,0,0,0,0,0,0,193481
1,1,1,1,1355,-541,1165,4,-10,22,-26,-11,81,0,0,0,0,0,0,0,0,0,0,0,0,0,0,0,0,0,0,0,0,0,0,193491
1,1,1,1,1350,-548,1161,14,-6,28,-25,-15,82,0,0,0,0,0,0,0,0,0,0,0,0,0,0,0,0,0,0,0,0,0,0,193501
1,1,1,1,1346,-540,1153,-44,7,36,-30,-10,81,0,0,0,0,0,0,0,0,0,0,0,0,0,0,0,0,0,0,0,0,0,0,193511
1,1,1,1,1348,-553,1174,-64,-9,22,-26,-10,84,0,0,0,0,0,0,0,0,0,0,0,0,0,0,0,0,0,0,0,0,0,0,193521
1,1,1,1,1361,-529,1175,15,-8,14,-26,-10,85,0,0,0,0,0,0,0,0,0,0,0,0,0,0,0,0,0,0,0,0,0,0,193531
1,1,1,1,1359,-539,1148,-7,6,2,-24,-11,84,0,0,0,0,0,0,0,0,0,0,0,0,0,0,0,0,0,0,0,0,0,0,193541
1,1,1,1,1353,-538,1161,9,-4,1,-25,-10,83,0,0,0,0,0,0,0,0,0,0,0,0,0,0,0,0,0,0,0,0,0,0,193551
1,1,1,1,1339,-539,1171,20,-6,5,-26,-9,87,0,0,0,0,0,0,0,0,0,0,0,0,0,0,0,0,0,0,0,0,0,0,193561
1,1,1,1,1327,-520,1179,22,-3,4,-27,-11,83,0,0,0,0,0,0,0,0,0,0,0,0,0,0,0,0,0,0,0,0,0,0,193571
1,1,1,1,1340,-526,1179,5,-8,1,-26,-10,84,0,0,0,0,0,0,0,0,0,0,0,0,0,0,0,0,0,0,0,0,0,0,193581
1,1,1,1,1346,-538,1187,10,0,-3,-27,-11,84,0,0,0,0,0,0,0,0,0,0,0,0,0,0,0,0,0,0,0,0,0,0,193591
1,1,1,1,1347,-541,1191,10,14,-11,-27,-11,84,0,0,0,0,0,0,0,0,0,0,0,0,0,0,0,0,0,0,0,0,0,0,193601
1,1,1,1,1346,-537,1189,-13,13,-16,-26,-11,82,0,0,0,0,0,0,0,0,0,0,0,0,0,0,0,0,0,0,0,0,0,0,193611
1,1,1,1,1349,-543,1183,-37,23,-19,-24,-11,83,0,0,0,0,0,0,0,0,0,0,0,0,0,0,0,0,0,0,0,0,0,0,193621
1,1,1,1,1352,-542,1192,-21,27,-24,-30,-12,82,0,0,0,0,0,0,0,0,0,0,0,0,0,0,0,0,0,0,0,0,0,0,193631
1,1,1,1,1337,-568,1124,-174,54,-9,-24,-11,85,0,0,0,0,0,0,0,0,0,0,0,0,0,0,0,0,0,0,0,0,0,0,193641
1,1,1,1,1348,-518,1252,-23,18,-13,-28,-11,84,0,0,0,0,0,0,0,0,0,0,0,0,0,0,0,0,0,0,0,0,0,0,193651
1,1,1,1,1354,-540,1128,-40,32,-19,-29,-12,84,0,0,0,0,0,0,0,0,0,0,0,0,0,0,0,0,0,0,0,0,0,0,193661
1,1,1,1,1347,-525,1163,-58,36,-28,-27,-12,85,0,0,0,0,0,0,0,0,0,0,0,0,0,0,0,0,0,0,0,0,0,0,193671
1,1,1,1,1344,-539,1159,-50,39,-30,-29,-11,85,0,0,0,0,0,0,0,0,0,0,0,0,0,0,0,0,0,0,0,0,0,0,193681
1,1,1,1,1349,-571,1164,-47,47,-29,-29,-11,86,0,0,0,0,0,0,0,0,0,0,0,0,0,0,0,0,0,0,0,0,0,0,193691
1,1,1,1,1353,-575,1167,-38,40,-24,-29,-11,85,0,0,0,0,0,0,0,0,0,0,0,0,0,0,0,0,0,0,0,0,0,0,193701
1,1,1,1,1348,-568,1157,-41,33,-20,-28,-11,85,0,0,0,0,0,0,0,0,0,0,0,0,0,0,0,0,0,0,0,0,0,0,193711
1,1,1,1,1345,-566,1160,-36,22,-17,-30,-11,85,0,0,0,0,0,0,0,0,0,0,0,0,0,0,0,0,0,0,0,0,0,0,193721
1,1,1,1,1351,-579,1157,-57,26,-13,-23,-11,87,0,0,0,0,0,0,0,0,0,0,0,0,0,0,0,0,0,0,0,0,0,0,193731
1,1,1,1,1344,-579,1178,-103,35,-6,-28,-11,84,0,0,0,0,0,0,0,0,0,0,0,0,0,0,0,0,0,0,0,0,0,0,193741
1,1,1,1,1353,-545,1189,10,4,5,-28,-11,82,0,0,0,0,0,0,0,0,0,0,0,0,0,0,0,0,0,0,0,0,0,0,193751
1,1,1,1,1342,-551,1160,-16,9,10,-28,-10,83,0,0,0,0,0,0,0,0,0,0,0,0,0,0,0,0,0,0,0,0,0,0,193761
1,1,1,1,1337,-548,1166,-13,5,18,-29,-12,87,0,0,0,0,0,0,0,0,0,0,0,0,0,0,0,0,0,0,0,0,0,0,193771
1,1,1,1,1345,-566,1162,-2,-11,26,-32,-9,86,0,0,0,0,0,0,0,0,0,0,0,0,0,0,0,0,0,0,0,0,0,0,193781
1,1,1,1,1356,-568,1165,17,-8,32,-33,-8,88,0,0,0,0,0,0,0,0,0,0,0,0,0,0,0,0,0,0,0,0,0,0,193791
1,1,1,1,1366,-544,1167,16,-5,24,-34,-7,88,0,0,0,0,0,0,0,0,0,0,0,0,0,0,0,0,0,0,0,0,0,0,193801
1,1,1,1,1368,-538,1169,8,-2,13,-31,-10,86,0,0,0,0,0,0,0,0,0,0,0,0,0,0,0,0,0,0,0,0,0,0,193811
1,1,1,1,1364,-550,1178,1,-7,2,-28,-11,85,0,0,0,0,0,0,0,0,0,0,0,0,0,0,0,0,0,0,0,0,0,0,193821
1,1,1,1,1359,-556,1173,3,-11,5,-30,-7,87,0,0,0,0,0,0,0,0,0,0,0,0,0,0,0,0,0,0,0,0,0,0,193831
1,1,1,1,1353,-552,1170,8,-8,6,-29,-10,84,0,0,0,0,0,0,0,0,0,0,0,0,0,0,0,0,0,0,0,0,0,0,193841
1,1,1,1,1337,-546,1170,16,-16,5,-28,-10,86,0,0,0,0,0,0,0,0,0,0,0,0,0,0,0,0,0,0,0,0,0,0,193851
1,1,1,1,1337,-546,1172,16,-22,9,-30,-9,87,0,0,0,0,0,0,0,0,0,0,0,0,0,0,0,0,0,0,0,0,0,0,193861
1,1,1,1,1342,-552,1180,12,-23,11,-27,-9,88,0,0,0,0,0,0,0,0,0,0,0,0,0,0,0,0,0,0,0,0,0,0,193871
1,1,1,1,1344,-569,1176,27,-22,14,-29,-9,86,0,0,0,0,0,0,0,0,0,0,0,0,0,0,0,0,0,0,0,0,0,0,193881
1,1,1,1,1345,-566,1179,38,-25,7,-28,-8,87,0,0,0,0,0,0,0,0,0,0,0,0,0,0,0,0,0,0,0,0,0,0,193891
1,1,1,1,1340,-549,1180,30,-19,-2,-30,-8,88,0,0,0,0,0,0,0,0,0,0,0,0,0,0,0,0,0,0,0,0,0,0,193901
1,1,1,1,1344,-553,1176,6,-11,-13,-29,-8,87,0,0,0,0,0,0,0,0,0,0,0,0,0,0,0,0,0,0,0,0,0,0,193911
1,1,1,1,1349,-546,1170,-11,-6,-18,-30,-8,86,0,0,0,0,0,0,0,0,0,0,0,0,0,0,0,0,0,0,0,0,0,0,193921
1,1,1,1,1349,-547,1161,-14,7,-18,-28,-8,88,0,0,0,0,0,0,0,0,0,0,0,0,0,0,0,0,0,0,0,0,0,0,193931
1,1,1,1,1344,-555,1153,-1,11,-14,-30,-8,88,0,0,0,0,0,0,0,0,0,0,0,0,0,0,0,0,0,0,0,0,0,0,193941
1,1,1,1,1330,-555,1162,12,3,-11,-29,-8,87,0,0,0,0,0,0,0,0,0,0,0,0,0,0,0,0,0,0,0,0,0,0,193951
1,1,1,1,1329,-547,1170,11,4,-11,-30,-8,90,0,0,0,0,0,0,0,0,0,0,0,0,0,0,0,0,0,0,0,0,0,0,193961
1,1,1,1,1335,-537,1182,10,-5,-8,-30,-8,89,0,0,0,0,0,0,0,0,0,0,0,0,0,0,0,0,0,0,0,0,0,0,193971
1,1,1,1,1334,-544,1190,3,-4,-15,-32,-6,89,0,0,0,0,0,0,0,0,0,0,0,0,0,0,0,0,0,0,0,0,0,0,193981
1,1,1,1,1336,-554,1194,-8,-11,-16,-30,-7,89,0,0,0,0,0,0,0,0,0,0,0,0,0,0,0,0,0,0,0,0,0,0,193991
1,1,1,1,1342,-572,1184,-6,-6,-20,-31,-8,87,0,0,0,0,0,0,0,0,0,0,0,0,0,0,0,0,0,0,0,0,0,0,194001
1,1,1,1,1347,-574,1170,-7,-1,-22,-31,-7,86,0,0,0,0,0,0,0,0,0,0,0,0,0,0,0,0,0,0,0,0,0,0,194011
1,1,1,1,1347,-558,1154,-3,-1,-9,-30,-8,89,0,0,0,0,0,0,0,0,0,0,0,0,0,0,0,0,0,0,0,0,0,0,194021
1,1,1,1,1350,-557,1141,8,8,2,-31,-7,89,0,0,0,0,0,0,0,0,0,0,0,0,0,0,0,0,0,0,0,0,0,0,194031
1,1,1,1,1348,-552,1151,7,5,7,-31,-11,91,0,0,0,0,0,0,0,0,0,0,0,0,0,0,0,0,0,0,0,0,0,0,194041
1,1,1,1,1342,-545,1161,4,2,8,-29,-8,89,0,0,0,0,0,0,0,0,0,0,0,0,0,0,0,0,0,0,0,0,0,0,194051
1,1,1,1,1348,-547,1163,3,8,10,-30,-6,88,0,0,0,0,0,0,0,0,0,0,0,0,0,0,0,0,0,0,0,0,0,0,194061
1,1,1,1,1340,-557,1179,6,0,17,-29,-9,89,0,0,0,0,0,0,0,0,0,0,0,0,0,0,0,0,0,0,0,0,0,0,194081
1,1,1,1,1332,-551,1186,11,-1,21,-31,-8,87,0,0,0,0,0,0,0,0,0,0,0,0,0,0,0,0,0,0,0,0,0,0,194091
1,1,1,1,1336,-548,1177,12,-1,22,-29,-7,87,0,0,0,0,0,0,0,0,0,0,0,0,0,0,0,0,0,0,0,0,0,0,194101
1,1,1,1,1334,-547,1178,1,7,20,-28,-6,87,0,0,0,0,0,0,0,0,0,0,0,0,0,0,0,0,0,0,0,0,0,0,194111
1,1,1,1,1333,-548,1183,-8,-7,22,-27,-9,87,0,0,0,0,0,0,0,0,0,0,0,0,0,0,0,0,0,0,0,0,0,0,194121
1,1,1,1,1342,-559,1186,-2,-5,21,-27,-8,86,0,0,0,0,0,0,0,0,0,0,0,0,0,0,0,0,0,0,0,0,0,0,194131
1,1,1,1,1337,-544,1180,7,2,23,-28,-6,88,0,0,0,0,0,0,0,0,0,0,0,0,0,0,0,0,0,0,0,0,0,0,194141
1,1,1,1,1335,-533,1188,-5,-11,16,-27,-6,90,0,0,0,0,0,0,0,0,0,0,0,0,0,0,0,0,0,0,0,0,0,0,194151
1,1,1,1,1336,-528,1188,-7,-7,12,-29,-7,89,0,0,0,0,0,0,0,0,0,0,0,0,0,0,0,0,0,0,0,0,0,0,194161
1,1,1,1,1342,-543,1192,-12,3,8,-31,-6,87,0,0,0,0,0,0,0,0,0,0,0,0,0,0,0,0,0,0,0,0,0,0,194171
1,1,1,1,1346,-547,1192,-11,9,1,-31,-7,88,0,0,0,0,0,0,0,0,0,0,0,0,0,0,0,0,0,0,0,0,0,0,194181
1,1,1,1,1337,-541,1189,-9,6,-2,-31,-7,90,0,0,0,0,0,0,0,0,0,0,0,0,0,0,0,0,0,0,0,0,0,0,194191
1,1,1,1,1342,-536,1178,-26,8,-8,-31,-7,89,0,0,0,0,0,0,0,0,0,0,0,0,0,0,0,0,0,0,0,0,0,0,194201
1,1,1,1,1341,-531,1177,-44,13,-13,-29,-7,87,0,0,0,0,0,0,0,0,0,0,0,0,0,0,0,0,0,0,0,0,0,0,194211
1,1,1,1,1333,-570,1159,-96,27,-16,-27,-6,88,0,0,0,0,0,0,0,0,0,0,0,0,0,0,0,0,0,0,0,0,0,0,194221
1,1,1,1,1335,-544,1217,-61,16,-19,-27,-6,87,0,0,0,0,0,0,0,0,0,0,0,0,0,0,0,0,0,0,0,0,0,0,194231
1,1,1,1,1338,-544,1174,-34,11,-18,-28,-7,86,0,0,0,0,0,0,0,0,0,0,0,0,0,0,0,0,0,0,0,0,0,0,194241
1,1,1,1,1337,-553,1171,-35,18,-27,-30,-7,85,0,0,0,0,0,0,0,0,0,0,0,0,0,0,0,0,0,0,0,0,0,0,194251
1,1,1,1,1335,-559,1173,-30,23,-27,-30,-7,89,0,0,0,0,0,0,0,0,0,0,0,0,0,0,0,0,0,0,0,0,0,0,194261
1,1,1,1,1333,-575,1173,-29,17,-25,-29,-7,88,0,0,0,0,0,0,0,0,0,0,0,0,0,0,0,0,0,0,0,0,0,0,194271
1,1,1,1,1334,-577,1168,-20,10,-19,-29,-6,87,0,0,0,0,0,0,0,0,0,0,0,0,0,0,0,0,0,0,0,0,0,0,194281
1,1,1,1,1333,-563,1165,-9,6,-16,-29,-7,88,0,0,0,0,0,0,0,0,0,0,0,0,0,0,0,0,0,0,0,0,0,0,194291
1,1,1,1,1338,-564,1157,1,10,-13,-28,-7,90,0,0,0,0,0,0,0,0,0,0,0,0,0,0,0,0,0,0,0,0,0,0,194301
1,1,1,1,1340,-562,1158,3,7,-6,-28,-6,89,0,0,0,0,0,0,0,0,0,0,0,0,0,0,0,0,0,0,0,0,0,0,194311
1,1,1,1,1336,-571,1168,1,-3,-5,-30,-5,88,0,0,0,0,0,0,0,0,0,0,0,0,0,0,0,0,0,0,0,0,0,0,194321
1,1,1,1,1339,-567,1175,0,-4,-1,-30,-5,90,0,0,0,0,0,0,0,0,0,0,0,0,0,0,0,0,0,0,0,0,0,0,194331
1,1,1,1,1343,-574,1177,6,-13,1,-30,-6,89,0,0,0,0,0,0,0,0,0,0,0,0,0,0,0,0,0,0,0,0,0,0,194341
1,1,1,1,1348,-567,1173,17,-11,-2,-31,-6,87,0,0,0,0,0,0,0,0,0,0,0,0,0,0,0,0,0,0,0,0,0,0,194351
1,1,1,1,1347,-548,1171,15,-18,7,-30,-3,88,0,0,0,0,0,0,0,0,0,0,0,0,0,0,0,0,0,0,0,0,0,0,194361
1,1,1,1,1340,-544,1179,3,-18,4,-27,-8,85,0,0,0,0,0,0,0,0,0,0,0,0,0,0,0,0,0,0,0,0,0,0,194371
1,1,1,1,1343,-539,1174,3,-12,7,-30,-2,86,0,0,0,0,0,0,0,0,0,0,0,0,0,0,0,0,0,0,0,0,0,0,194381
1,1,1,1,1340,-539,1174,2,-6,10,-29,-7,86,0,0,0,0,0,0,0,0,0,0,0,0,0,0,0,0,0,0,0,0,0,0,194391
1,1,1,1,1342,-553,1180,2,-4,11,-29,-7,85,0,0,0,0,0,0,0,0,0,0,0,0,0,0,0,0,0,0,0,0,0,0,194401
1,1,1,1,1344,-561,1180,4,-7,13,-28,-8,86,0,0,0,0,0,0,0,0,0,0,0,0,0,0,0,0,0,0,0,0,0,0,194411
1,1,1,1,1346,-561,1181,3,-12,15,-28,-4,87,0,0,0,0,0,0,0,0,0,0,0,0,0,0,0,0,0,0,0,0,0,0,194421
1,1,1,1,1342,-545,1184,8,-1,16,-28,-5,88,0,0,0,0,0,0,0,0,0,0,0,0,0,0,0,0,0,0,0,0,0,0,194431
1,1,1,1,1342,-542,1192,12,-10,13,-26,-7,86,0,0,0,0,0,0,0,0,0,0,0,0,0,0,0,0,0,0,0,0,0,0,194441
1,1,1,1,1332,-526,1191,2,-9,11,-27,-6,85,0,0,0,0,0,0,0,0,0,0,0,0,0,0,0,0,0,0,0,0,0,0,194451
1,1,1,1,1326,-507,1196,-20,-9,3,-29,-5,87,0,0,0,0,0,0,0,0,0,0,0,0,0,0,0,0,0,0,0,0,0,0,194461
1,1,1,1,1336,-528,1193,-35,-9,-6,-27,-5,88,0,0,0,0,0,0,0,0,0,0,0,0,0,0,0,0,0,0,0,0,0,0,194471
1,1,1,1,1347,-557,1188,-35,-4,-11,-28,-5,87,0,0,0,0,0,0,0,0,0,0,0,0,0,0,0,0,0,0,0,0,0,0,194481
1,1,1,1,1339,-562,1185,-26,1,-13,-28,-5,89,0,0,0,0,0,0,0,0,0,0,0,0,0,0,0,0,0,0,0,0,0,0,194491
1,1,1,1,1342,-553,1179,-20,2,-17,-29,-5,89,0,0,0,0,0,0,0,0,0,0,0,0,0,0,0,0,0,0,0,0,0,0,194501
1,1,1,1,1343,-551,1170,-17,19,-24,-28,-5,89,0,0,0,0,0,0,0,0,0,0,0,0,0,0,0,0,0,0,0,0,0,0,194511
1,1,1,1,1343,-551,1170,-20,2,-27,-26,-5,85,0,0,0,0,0,0,0,0,0,0,0,0,0,0,0,0,0,0,0,0,0,0,194521
1,1,1,1,1334,-558,1182,-13,-4,-24,-27,-4,87,0,0,0,0,0,0,0,0,0,0,0,0,0,0,0,0,0,0,0,0,0,0,194531
1,1,1,1,1332,-556,1176,-6,-4,-12,-27,-5,85,0,0,0,0,0,0,0,0,0,0,0,0,0,0,0,0,0,0,0,0,0,0,194541
1,1,1,1,1334,-565,1176,-5,-7,-12,-27,-5,86,0,0,0,0,0,0,0,0,0,0,0,0,0,0,0,0,0,0,0,0,0,0,194551
1,1,1,1,1328,-566,1177,3,-4,-4,-28,-4,85,0,0,0,0,0,0,0,0,0,0,0,0,0,0,0,0,0,0,0,0,0,0,194561
1,1,1,1,1325,-568,1177,3,-3,0,-28,-5,87,0,0,0,0,0,0,0,0,0,0,0,0,0,0,0,0,0,0,0,0,0,0,194571
1,1,1,1,1327,-568,1178,4,-8,-6,-28,-4,86,0,0,0,0,0,0,0,0,0,0,0,0,0,0,0,0,0,0,0,0,0,0,194581
1,1,1,1,1340,-542,1177,-23,-2,-17,-25,-4,86,0,0,0,0,0,0,0,0,0,0,0,0,0,0,0,0,0,0,0,0,0,0,194601
1,1,1,1,1331,-543,1175,-41,7,-18,-26,-4,88,0,0,0,0,0,0,0,0,0,0,0,0,0,0,0,0,0,0,0,0,0,0,194611
1,1,1,1,1330,-546,1186,-47,4,-17,-26,-4,87,0,0,0,0,0,0,0,0,0,0,0,0,0,0,0,0,0,0,0,0,0,0,194621
1,1,1,1,1327,-566,1183,-33,-1,-10,-26,-4,86,0,0,0,0,0,0,0,0,0,0,0,0,0,0,0,0,0,0,0,0,0,0,194631
1,1,1,1,1330,-571,1180,-14,-2,-1,-28,-4,86,0,0,0,0,0,0,0,0,0,0,0,0,0,0,0,0,0,0,0,0,0,0,194641
1,1,1,1,1331,-570,1174,0,-5,4,-28,-3,89,0,0,0,0,0,0,0,0,0,0,0,0,0,0,0,0,0,0,0,0,0,0,194651
1,1,1,1,1334,-559,1176,4,-7,3,-29,-3,87,0,0,0,0,0,0,0,0,0,0,0,0,0,0,0,0,0,0,0,0,0,0,194661
1,1,1,1,1332,-558,1181,-5,-9,3,-24,-8,83,0,0,0,0,0,0,0,0,0,0,0,0,0,0,0,0,0,0,0,0,0,0,194671
1,1,1,1,1328,-555,1186,-16,-10,-1,-27,-4,88,0,0,0,0,0,0,0,0,0,0,0,0,0,0,0,0,0,0,0,0,0,0,194681
1,1,1,1,1334,-559,1185,-21,-2,-3,-28,-2,86,0,0,0,0,0,0,0,0,0,0,0,0,0,0,0,0,0,0,0,0,0,0,194691
1,1,1,1,1332,-552,1183,-26,5,-3,-29,0,86,0,0,0,0,0,0,0,0,0,0,0,0,0,0,0,0,0,0,0,0,0,0,194701
1,1,1,1,1328,-541,1186,-24,13,-4,-29,0,88,0,0,0,0,0,0,0,0,0,0,0,0,0,0,0,0,0,0,0,0,0,0,194711
1,1,1,1,1324,-539,1182,-30,6,-10,-28,-1,88,0,0,0,0,0,0,0,0,0,0,0,0,0,0,0,0,0,0,0,0,0,0,194721
1,1,1,1,1337,-566,1179,-28,7,-14,-28,-3,88,0,0,0,0,0,0,0,0,0,0,0,0,0,0,0,0,0,0,0,0,0,0,194731
1,1,1,1,1330,-565,1180,-16,2,-12,-25,-3,89,0,0,0,0,0,0,0,0,0,0,0,0,0,0,0,0,0,0,0,0,0,0,194741
1,1,1,1,1333,-564,1180,-23,-1,-13,-27,-4,90,0,0,0,0,0,0,0,0,0,0,0,0,0,0,0,0,0,0,0,0,0,0,194751
1,1,1,1,1331,-552,1186,-31,3,-19,-27,-4,87,0,0,0,0,0,0,0,0,0,0,0,0,0,0,0,0,0,0,0,0,0,0,194761
1,1,1,1,1331,-549,1183,-41,9,-17,-29,-3,87,0,0,0,0,0,0,0,0,0,0,0,0,0,0,0,0,0,0,0,0,0,0,194771
1,1,1,1,1331,-551,1187,-43,4,-14,-29,-4,89,0,0,0,0,0,0,0,0,0,0,0,0,0,0,0,0,0,0,0,0,0,0,194781
1,1,1,1,1336,-570,1172,-42,5,-20,-29,-4,87,0,0,0,0,0,0,0,0,0,0,0,0,0,0,0,0,0,0,0,0,0,0,194791
1,1,1,1,1337,-571,1167,-35,13,-15,-30,-3,87,0,0,0,0,0,0,0,0,0,0,0,0,0,0,0,0,0,0,0,0,0,0,194801
1,1,1,1,1325,-567,1174,-28,9,-7,-27,-4,86,0,0,0,0,0,0,0,0,0,0,0,0,0,0,0,0,0,0,0,0,0,0,194811
1,1,1,1,1323,-557,1180,-32,-3,-4,-26,-4,85,0,0,0,0,0,0,0,0,0,0,0,0,0,0,0,0,0,0,0,0,0,0,194821
1,1,1,1,1325,-563,1179,-27,1,3,-27,-3,86,0,0,0,0,0,0,0,0,0,0,0,0,0,0,0,0,0,0,0,0,0,0,194831
1,1,1,1,1326,-577,1184,-12,-3,10,-27,-3,86,0,0,0,0,0,0,0,0,0,0,0,0,0,0,0,0,0,0,0,0,0,0,194841
1,1,1,1,1330,-571,1181,-7,-9,7,-28,-4,85,0,0,0,0,0,0,0,0,0,0,0,0,0,0,0,0,0,0,0,0,0,0,194851
1,1,1,1,1342,-562,1183,-8,-1,1,-28,-4,86,0,0,0,0,0,0,0,0,0,0,0,0,0,0,0,0,0,0,0,0,0,0,194861
1,1,1,1,1344,-566,1175,-8,-2,-3,-28,-4,86,0,0,0,0,0,0,0,0,0,0,0,0,0,0,0,0,0,0,0,0,0,0,194871
1,1,1,1,1341,-553,1172,-12,1,-6,-29,-3,87,0,0,0,0,0,0,0,0,0,0,0,0,0,0,0,0,0,0,0,0,0,0,194881
1,1,1,1,1338,-548,1181,-20,4,-12,-27,-4,86,0,0,0,0,0,0,0,0,0,0,0,0,0,0,0,0,0,0,0,0,0,0,194891
1,1,1,1,1335,-547,1185,-27,4,-17,-27,-3,86,0,0,0,0,0,0,0,0,0,0,0,0,0,0,0,0,0,0,0,0,0,0,194901
1,1,1,1,1337,-550,1182,-31,3,-14,-25,-4,86,0,0,0,0,0,0,0,0,0,0,0,0,0,0,0,0,0,0,0,0,0,0,194911
1,1,1,1,1334,-549,1184,-42,6,-16,-24,-3,86,0,0,0,0,0,0,0,0,0,0,0,0,0,0,0,0,0,0,0,0,0,0,194921
1,1,1,1,1332,-556,1199,-53,12,-26,-25,-4,88,0,0,0,0,0,0,0,0,0,0,0,0,0,0,0,0,0,0,0,0,0,0,194931
1,1,1,1,1338,-571,1184,-43,7,-23,-27,-4,85,0,0,0,0,0,0,0,0,0,0,0,0,0,0,0,0,0,0,0,0,0,0,194941
1,1,1,1,1336,-580,1192,-45,-1,-24,-27,-2,85,0,0,0,0,0,0,0,0,0,0,0,0,0,0,0,0,0,0,0,0,0,0,194951
1,1,1,1,1337,-576,1182,-26,12,-17,-24,-6,87,0,0,0,0,0,0,0,0,0,0,0,0,0,0,0,0,0,0,0,0,0,0,194961
1,1,1,1,1338,-576,1170,-19,10,-17,-23,-4,86,0,0,0,0,0,0,0,0,0,0,0,0,0,0,0,0,0,0,0,0,0,0,194971
1,1,1,1,1333,-567,1174,-16,12,-17,-28,-1,85,0,0,0,0,0,0,0,0,0,0,0,0,0,0,0,0,0,0,0,0,0,0,194981
1,1,1,1,1335,-554,1173,-24,9,-21,-26,-4,85,0,0,0,0,0,0,0,0,0,0,0,0,0,0,0,0,0,0,0,0,0,0,194991
1,1,1,1,1323,-576,1172,-85,19,-21,-24,-5,85,0,0,0,0,0,0,0,0,0,0,0,0,0,0,0,0,0,0,0,0,0,0,195011
1,1,1,1,1331,-572,1201,-17,-4,-16,-25,-3,86,0,0,0,0,0,0,0,0,0,0,0,0,0,0,0,0,0,0,0,0,0,0,195021
1,1,1,1,1339,-576,1175,-28,9,-22,-25,-2,88,0,0,0,0,0,0,0,0,0,0,0,0,0,0,0,0,0,0,0,0,0,0,195031
1,1,1,1,1336,-551,1182,-31,12,-22,-22,-5,85,0,0,0,0,0,0,0,0,0,0,0,0,0,0,0,0,0,0,0,0,0,0,195041
1,1,1,1,1333,-563,1183,-36,11,-27,-22,-4,84,0,0,0,0,0,0,0,0,0,0,0,0,0,0,0,0,0,0,0,0,0,0,195051
1,1,1,1,1337,-574,1183,-30,15,-26,-23,-4,85,0,0,0,0,0,0,0,0,0,0,0,0,0,0,0,0,0,0,0,0,0,0,195061
1,1,1,1,1329,-570,1181,-20,17,-22,-23,-3,86,0,0,0,0,0,0,0,0,0,0,0,0,0,0,0,0,0,0,0,0,0,0,195071
1,1,1,1,1331,-570,1189,-24,12,-25,-24,-4,87,0,0,0,0,0,0,0,0,0,0,0,0,0,0,0,0,0,0,0,0,0,0,195081
1,1,1,1,1328,-566,1179,-25,18,-25,-23,-3,87,0,0,0,0,0,0,0,0,0,0,0,0,0,0,0,0,0,0,0,0,0,0,195091
1,1,1,1,1331,-562,1181,-24,17,-23,-24,-4,86,0,0,0,0,0,0,0,0,0,0,0,0,0,0,0,0,0,0,0,0,0,0,195101
1,1,1,1,1328,-556,1178,-35,11,-20,-24,-4,86,0,0,0,0,0,0,0,0,0,0,0,0,0,0,0,0,0,0,0,0,0,0,195111
1,1,1,1,1326,-578,1181,-35,7,-20,-23,-3,86,0,0,0,0,0,0,0,0,0,0,0,0,0,0,0,0,0,0,0,0,0,0,195121
1,1,1,1,1317,-587,1184,-22,6,-17,-23,-4,84,0,0,0,0,0,0,0,0,0,0,0,0,0,0,0,0,0,0,0,0,0,0,195131
1,1,1,1,1316,-573,1188,-12,4,-15,-24,-3,85,0,0,0,0,0,0,0,0,0,0,0,0,0,0,0,0,0,0,0,0,0,0,195141
1,1,1,1,1312,-558,1193,-11,3,-14,-23,-3,82,0,0,0,0,0,0,0,0,0,0,0,0,0,0,0,0,0,0,0,0,0,0,195151
1,1,1,1,1317,-557,1187,-16,11,-17,-22,-4,83,0,0,0,0,0,0,0,0,0,0,0,0,0,0,0,0,0,0,0,0,0,0,195161
1,1,1,1,1312,-553,1196,-19,16,-19,-23,-3,84,0,0,0,0,0,0,0,0,0,0,0,0,0,0,0,0,0,0,0,0,0,0,195171
1,1,1,1,1318,-572,1192,-23,19,-18,-21,-4,85,0,0,0,0,0,0,0,0,0,0,0,0,0,0,0,0,0,0,0,0,0,0,195181
1,1,1,1,1326,-563,1187,-30,9,-18,-23,-3,86,0,0,0,0,0,0,0,0,0,0,0,0,0,0,0,0,0,0,0,0,0,0,195191
1,1,1,1,1338,-566,1181,-30,8,-20,-23,-3,84,0,0,0,0,0,0,0,0,0,0,0,0,0,0,0,0,0,0,0,0,0,0,195201
1,1,1,1,1341,-568,1177,-21,18,-19,-23,-2,84,0,0,0,0,0,0,0,0,0,0,0,0,0,0,0,0,0,0,0,0,0,0,195211
1,1,1,1,1336,-559,1180,-22,21,-20,-21,-3,86,0,0,0,0,0,0,0,0,0,0,0,0,0,0,0,0,0,0,0,0,0,0,195221
1,1,1,1,1329,-546,1191,-34,26,-22,-21,-3,84,0,0,0,0,0,0,0,0,0,0,0,0,0,0,0,0,0,0,0,0,0,0,195231
1,1,1,1,1328,-560,1195,-37,25,-27,-22,-4,83,0,0,0,0,0,0,0,0,0,0,0,0,0,0,0,0,0,0,0,0,0,0,195241
1,1,1,1,1325,-579,1192,-28,19,-25,-22,-3,83,0,0,0,0,0,0,0,0,0,0,0,0,0,0,0,0,0,0,0,0,0,0,195251
1,1,1,1,1323,-580,1192,-25,8,-18,-25,-1,82,0,0,0,0,0,0,0,0,0,0,0,0,0,0,0,0,0,0,0,0,0,0,195261
1,1,1,1,1329,-577,1178,-17,6,-11,-22,-4,84,0,0,0,0,0,0,0,0,0,0,0,0,0,0,0,0,0,0,0,0,0,0,195271
1,1,1,1,1329,-589,1174,2,6,-2,-21,-4,82,0,0,0,0,0,0,0,0,0,0,0,0,0,0,0,0,0,0,0,0,0,0,195281
1,1,1,1,1324,-586,1173,6,6,0,-24,-2,83,0,0,0,0,0,0,0,0,0,0,0,0,0,0,0,0,0,0,0,0,0,0,195291
1,1,1,1,1317,-577,1183,8,15,2,-25,-3,82,0,0,0,0,0,0,0,0,0,0,0,0,0,0,0,0,0,0,0,0,0,0,195301
1,1,1,1,1320,-571,1188,-3,9,-2,-25,0,85,0,0,0,0,0,0,0,0,0,0,0,0,0,0,0,0,0,0,0,0,0,0,195311
1,1,1,1,1322,-557,1194,-1,13,-1,-26,2,84,0,0,0,0,0,0,0,0,0,0,0,0,0,0,0,0,0,0,0,0,0,0,195321
1,1,1,1,1320,-564,1192,2,13,-7,-25,-2,85,0,0,0,0,0,0,0,0,0,0,0,0,0,0,0,0,0,0,0,0,0,0,195331
1,1,1,1,1322,-561,1188,-5,15,-6,-25,-2,85,0,0,0,0,0,0,0,0,0,0,0,0,0,0,0,0,0,0,0,0,0,0,195341
1,1,1,1,1313,-559,1194,-12,25,-7,-25,-1,85,0,0,0,0,0,0,0,0,0,0,0,0,0,0,0,0,0,0,0,0,0,0,195351
1,1,1,1,1312,-544,1196,-28,28,-11,-24,-1,84,0,0,0,0,0,0,0,0,0,0,0,0,0,0,0,0,0,0,0,0,0,0,195361
1,1,1,1,1317,-563,1197,-35,24,-14,-25,-2,84,0,0,0,0,0,0,0,0,0,0,0,0,0,0,0,0,0,0,0,0,0,0,195371
1,1,1,1,1320,-580,1198,-31,17,-9,-26,-2,83,0,0,0,0,0,0,0,0,0,0,0,0,0,0,0,0,0,0,0,0,0,0,195381
1,1,1,1,1321,-569,1195,-24,20,-10,-25,-2,86,0,0,0,0,0,0,0,0,0,0,0,0,0,0,0,0,0,0,0,0,0,0,195391
1,1,1,1,1324,-559,1195,-29,21,-12,-24,-3,83,0,0,0,0,0,0,0,0,0,0,0,0,0,0,0,0,0,0,0,0,0,0,195401
1,1,1,1,1321,-563,1198,-38,18,-18,-24,-2,84,0,0,0,0,0,0,0,0,0,0,0,0,0,0,0,0,0,0,0,0,0,0,195411
1,1,1,1,1319,-564,1199,-42,24,-17,-24,-2,85,0,0,0,0,0,0,0,0,0,0,0,0,0,0,0,0,0,0,0,0,0,0,195421
1,1,1,1,1315,-573,1193,-39,26,-16,-23,-1,84,0,0,0,0,0,0,0,0,0,0,0,0,0,0,0,0,0,0,0,0,0,0,195431
1,1,1,1,1321,-575,1182,-31,30,-8,-24,-2,84,0,0,0,0,0,0,0,0,0,0,0,0,0,0,0,0,0,0,0,0,0,0,195441
1,1,1,1,1312,-577,1182,-20,32,-1,-24,-1,81,0,0,0,0,0,0,0,0,0,0,0,0,0,0,0,0,0,0,0,0,0,0,195451
1,1,1,1,1315,-583,1184,-3,18,6,-25,-1,84,0,0,0,0,0,0,0,0,0,0,0,0,0,0,0,0,0,0,0,0,0,0,195461
1,1,1,1,1311,-588,1184,14,18,13,-24,-1,83,0,0,0,0,0,0,0,0,0,0,0,0,0,0,0,0,0,0,0,0,0,0,195471
1,1,1,1,1309,-568,1190,8,13,10,-25,-2,85,0,0,0,0,0,0,0,0,0,0,0,0,0,0,0,0,0,0,0,0,0,0,195481
1,1,1,1,1323,-578,1188,1,9,7,-26,-1,85,0,0,0,0,0,0,0,0,0,0,0,0,0,0,0,0,0,0,0,0,0,0,195491
1,1,1,1,1324,-584,1195,6,-4,7,-24,-1,85,0,0,0,0,0,0,0,0,0,0,0,0,0,0,0,0,0,0,0,0,0,0,195501
1,1,1,1,1328,-590,1196,20,1,16,-24,-1,84,0,0,0,0,0,0,0,0,0,0,0,0,0,0,0,0,0,0,0,0,0,0,195511
1,1,1,1,1328,-575,1194,27,4,17,-23,-1,84,0,0,0,0,0,0,0,0,0,0,0,0,0,0,0,0,0,0,0,0,0,0,195521
1,1,1,1,1334,-551,1189,25,3,22,-24,0,82,0,0,0,0,0,0,0,0,0,0,0,0,0,0,0,0,0,0,0,0,0,0,195531
1,1,1,1,1330,-561,1188,28,7,29,-22,0,83,0,0,0,0,0,0,0,0,0,0,0,0,0,0,0,0,0,0,0,0,0,0,195541
1,1,1,1,1325,-575,1184,34,16,37,-21,-1,83,0,0,0,0,0,0,0,0,0,0,0,0,0,0,0,0,0,0,0,0,0,0,195551
1,1,1,1,1321,-556,1181,57,24,72,-23,1,80,0,0,0,0,0,0,0,0,0,0,0,0,0,0,0,0,0,0,0,0,0,0,195561
1,1,1,1,1326,-549,1182,60,29,104,-23,1,80,0,0,0,0,0,0,0,0,0,0,0,0,0,0,0,0,0,0,0,0,0,0,195571
1,1,1,1,1315,-585,1194,46,20,76,-22,-4,75,0,0,0,0,0,0,0,0,0,0,0,0,0,0,0,0,0,0,0,0,0,0,195581
1,1,1,1,1328,-584,1197,61,21,81,-20,-1,77,0,0,0,0,0,0,0,0,0,0,0,0,0,0,0,0,0,0,0,0,0,0,195591
1,1,1,1,1331,-580,1188,91,34,117,-22,-2,73,0,0,0,0,0,0,0,0,0,0,0,0,0,0,0,0,0,0,0,0,0,0,195601
1,1,1,1,1318,-565,1209,106,38,142,-23,-2,74,0,0,0,0,0,0,0,0,0,0,0,0,0,0,0,0,0,0,0,0,0,0,195611
1,1,1,1,1312,-578,1223,112,39,110,-23,0,74,0,0,0,0,0,0,0,0,0,0,0,0,0,0,0,0,0,0,0,0,0,0,195621
1,1,1,1,1319,-554,1211,122,49,109,-21,2,77,0,0,0,0,0,0,0,0,0,0,0,0,0,0,0,0,0,0,0,0,0,0,195631
1,1,1,1,1307,-522,1214,133,55,139,-18,-1,77,0,0,0,0,0,0,0,0,0,0,0,0,0,0,0,0,0,0,0,0,0,0,195641
1,1,1,1,1318,-535,1202,167,73,173,-17,1,80,0,0,0,0,0,0,0,0,0,0,0,0,0,0,0,0,0,0,0,0,0,0,195651
1,1,1,1,1327,-563,1191,218,114,234,-15,4,79,0,0,0,0,0,0,0,0,0,0,0,0,0,0,0,0,0,0,0,0,0,0,195661
1,1,1,1,1272,-496,1248,221,110,274,-18,5,77,0,0,0,0,0,0,0,0,0,0,0,0,0,0,0,0,0,0,0,0,0,0,195671
1,1,1,1,1231,-462,1276,136,70,261,-20,4,76,0,0,0,0,0,0,0,0,0,0,0,0,0,0,0,0,0,0,0,0,0,0,195681
1,1,1,1,1289,-495,1241,51,43,204,-19,3,78,0,0,0,0,0,0,0,0,0,0,0,0,0,0,0,0,0,0,0,0,0,0,195691
1,1,1,1,1342,-601,1200,0,57,97,-16,4,77,0,0,0,0,0,0,0,0,0,0,0,0,0,0,0,0,0,0,0,0,0,0,195701
1,1,1,1,1334,-597,1214,16,72,49,-18,3,72,0,0,0,0,0,0,0,0,0,0,0,0,0,0,0,0,0,0,0,0,0,0,195711
1,1,1,1,1331,-592,1220,27,73,23,-13,3,72,0,0,0,0,0,0,0,0,0,0,0,0,0,0,0,0,0,0,0,0,0,0,195721
1,1,1,1,1281,-615,1241,14,79,-32,-15,4,70,0,0,0,0,0,0,0,0,0,0,0,0,0,0,0,0,0,0,0,0,0,0,195731
1,1,1,1,1300,-612,1231,35,82,-39,-13,5,70,0,0,0,0,0,0,0,0,0,0,0,0,0,0,0,0,0,0,0,0,0,0,195741
1,1,1,1,1330,-609,1219,114,88,-3,-11,4,68,0,0,0,0,0,0,0,0,0,0,0,0,0,0,0,0,0,0,0,0,0,0,195751
1,1,1,1,1298,-630,1226,187,96,17,-13,5,68,0,0,0,0,0,0,0,0,0,0,0,0,0,0,0,0,0,0,0,0,0,0,195761
1,1,1,1,1270,-622,1225,241,96,19,-13,5,66,0,0,0,0,0,0,0,0,0,0,0,0,0,0,0,0,0,0,0,0,0,0,195771
1,1,1,1,1287,-605,1220,319,95,46,-11,5,68,0,0,0,0,0,0,0,0,0,0,0,0,0,0,0,0,0,0,0,0,0,0,195781
1,1,1,1,1293,-600,1203,418,98,89,-9,7,65,0,0,0,0,0,0,0,0,0,0,0,0,0,0,0,0,0,0,0,0,0,0,195791
1,1,1,1,1281,-602,1199,516,102,114,-7,8,61,0,0,0,0,0,0,0,0,0,0,0,0,0,0,0,0,0,0,0,0,0,0,195801
1,1,1,1,1311,-582,1195,632,118,133,-4,11,61,0,0,0,0,0,0,0,0,0,0,0,0,0,0,0,0,0,0,0,0,0,0,195811
1,1,1,1,1294,-564,1211,744,132,146,-4,15,61,0,0,0,0,0,0,0,0,0,0,0,0,0,0,0,0,0,0,0,0,0,0,195821
1,1,1,1,1260,-564,1257,814,141,142,-1,19,63,0,0,0,0,0,0,0,0,0,0,0,0,0,0,0,0,0,0,0,0,0,0,195831
1,1,1,1,1252,-544,1280,914,143,134,1,23,62,0,0,0,0,0,0,0,0,0,0,0,0,0,0,0,0,0,0,0,0,0,0,195841
1,1,1,1,1227,-557,1322,1040,126,114,2,25,62,0,0,0,0,0,0,0,0,0,0,0,0,0,0,0,0,0,0,0,0,0,0,195851
1,1,1,1,1243,-544,1296,1214,146,117,4,28,56,0,0,0,0,0,0,0,0,0,0,0,0,0,0,0,0,0,0,0,0,0,0,195861
1,1,1,1,1251,-531,1309,1372,181,101,13,28,52,0,0,0,0,0,0,0,0,0,0,0,0,0,0,0,0,0,0,0,0,0,0,195871
1,1,1,1,1180,-430,1339,1469,216,27,17,22,48,0,0,0,0,0,0,0,0,0,0,0,0,0,0,0,0,0,0,0,0,0,0,195881
1,1,1,1,1208,-333,1320,1591,205,-36,19,34,46,0,0,0,0,0,0,0,0,0,0,0,0,0,0,0,0,0,0,0,0,0,0,195891
1,1,1,1,1253,-188,1292,1761,227,29,20,39,43,0,0,0,0,0,0,0,0,0,0,0,0,0,0,0,0,0,0,0,0,0,0,195901
1,1,1,1,1267,-174,1309,1823,243,17,23,38,46,0,0,0,0,0,0,0,0,0,0,0,0,0,0,0,0,0,0,0,0,0,0,195911
1,1,1,1,1187,-196,1311,1846,320,-101,29,37,44,0,0,0,0,0,0,0,0,0,0,0,0,0,0,0,0,0,0,0,0,0,0,195921
1,1,1,1,1215,-166,1361,2102,341,-170,32,36,42,0,0,0,0,0,0,0,0,0,0,0,0,0,0,0,0,0,0,0,0,0,0,195931
1,1,1,1,1224,-233,1370,2431,332,-219,34,37,45,0,0,0,0,0,0,0,0,0,0,0,0,0,0,0,0,0,0,0,0,0,0,195941
1,1,1,1,1223,-289,1401,2747,311,-281,36,36,43,0,0,0,0,0,0,0,0,0,0,0,0,0,0,0,0,0,0,0,0,0,0,195951
1,1,1,1,1167,-245,1298,3054,316,-357,48,34,44,0,0,0,0,0,0,0,0,0,0,0,0,0,0,0,0,0,0,0,0,0,0,195961
1,1,1,1,1346,-253,1128,3915,276,-375,32,32,43,0,0,0,0,0,0,0,0,0,0,0,0,0,0,0,0,0,0,0,0,0,0,195971
1,1,1,1,1349,-261,949,3705,310,-315,34,31,44,0,0,0,0,0,0,0,0,0,0,0,0,0,0,0,0,0,0,0,0,0,0,195981
1,1,1,1,1125,421,978,3512,453,-401,35,32,46,0,0,0,0,0,0,0,0,0,0,0,0,0,0,0,0,0,0,0,0,0,0,195991
1,1,1,1,1063,375,991,3466,474,-725,36,38,53,0,0,0,0,0,0,0,0,0,0,0,0,0,0,0,0,0,0,0,0,0,0,196001
1,1,1,1,1082,25,945,3385,445,-982,35,39,49,0,0,0,0,0,0,0,0,0,0,0,0,0,0,0,0,0,0,0,0,0,0,196011
1,1,1,1,1207,39,911,3438,445,-920,42,39,37,0,0,0,0,0,0,0,0,0,0,0,0,0,0,0,0,0,0,0,0,0,0,196021
1,1,1,1,1310,406,924,3921,227,-456,46,39,25,0,0,0,0,0,0,0,0,0,0,0,0,0,0,0,0,0,0,0,0,0,0,196031
1,1,1,1,1175,395,956,4564,-106,69,42,39,30,0,0,0,0,0,0,0,0,0,0,0,0,0,0,0,0,0,0,0,0,0,0,196041
1,1,1,1,974,129,958,4607,-265,289,42,37,29,0,0,0,0,0,0,0,0,0,0,0,0,0,0,0,0,0,0,0,0,0,0,196051
1,1,1,1,911,168,923,4616,-353,201,44,36,27,0,0,0,0,0,0,0,0,0,0,0,0,0,0,0,0,0,0,0,0,0,0,196061
1,1,1,1,995,398,878,4913,-421,108,43,33,22,0,0,0,0,0,0,0,0,0,0,0,0,0,0,0,0,0,0,0,0,0,0,196071
1,1,1,1,1068,482,841,5105,-502,213,36,33,23,0,0,0,0,0,0,0,0,0,0,0,0,0,0,0,0,0,0,0,0,0,0,196081
1,1,1,1,1163,649,731,4730,-653,354,32,32,25,0,0,0,0,0,0,0,0,0,0,0,0,0,0,0,0,0,0,0,0,0,0,196091
1,1,1,1,1158,954,626,4150,-846,340,28,33,32,0,0,0,0,0,0,0,0,0,0,0,0,0,0,0,0,0,0,0,0,0,0,196101
1,1,1,1,1111,1046,757,3479,-1032,160,28,34,31,0,0,0,0,0,0,0,0,0,0,0,0,0,0,0,0,0,0,0,0,0,0,196111
1,1,1,1,1095,1046,718,2981,-1163,-19,29,34,35,0,0,0,0,0,0,0,0,0,0,0,0,0,0,0,0,0,0,0,0,0,0,196121
1,1,1,1,1170,1029,583,2796,-1160,-71,32,35,35,0,0,0,0,0,0,0,0,0,0,0,0,0,0,0,0,0,0,0,0,0,0,196131
1,1,1,1,1149,931,554,2937,-1082,22,33,37,35,0,0,0,0,0,0,0,0,0,0,0,0,0,0,0,0,0,0,0,0,0,0,196141
1,1,1,1,1214,945,473,3218,-1129,296,37,37,30,0,0,0,0,0,0,0,0,0,0,0,0,0,0,0,0,0,0,0,0,0,0,196151
1,1,1,1,1224,1189,405,3549,-1274,771,35,38,27,0,0,0,0,0,0,0,0,0,0,0,0,0,0,0,0,0,0,0,0,0,0,196161
1,1,1,1,1155,1426,217,4014,-1291,1278,40,35,26,0,0,0,0,0,0,0,0,0,0,0,0,0,0,0,0,0,0,0,0,0,0,196171
1,1,1,1,1096,1418,-19,4742,-1113,1590,45,32,26,0,0,0,0,0,0,0,0,0,0,0,0,0,0,0,0,0,0,0,0,0,0,196181
1,1,1,1,1183,1161,-191,5429,-782,1672,38,33,25,0,0,0,0,0,0,0,0,0,0,0,0,0,0,0,0,0,0,0,0,0,0,196191
1,1,1,1,1482,1035,-172,5284,-499,1780,32,34,22,0,0,0,0,0,0,0,0,0,0,0,0,0,0,0,0,0,0,0,0,0,0,196201
1,1,1,1,1571,1033,-214,4913,-253,1967,31,34,16,0,0,0,0,0,0,0,0,0,0,0,0,0,0,0,0,0,0,0,0,0,0,196211
1,1,1,1,1476,909,-189,4622,12,2158,33,30,16,0,0,0,0,0,0,0,0,0,0,0,0,0,0,0,0,0,0,0,0,0,0,196221
1,1,1,1,1345,927,-218,4556,111,2330,34,35,12,0,0,0,0,0,0,0,0,0,0,0,0,0,0,0,0,0,0,0,0,0,0,196231
1,1,1,1,1399,916,21,4922,-415,2145,70,95,91,0,0,0,0,0,0,0,0,0,0,0,0,0,0,0,0,0,0,0,0,0,0,196241
1,1,1,1,1546,703,844,5806,-1447,1276,38,61,71,0,0,0,0,0,0,0,0,0,0,0,0,0,0,0,0,0,0,0,0,0,0,196251
1,1,1,1,1559,604,-186,4951,-1116,1098,34,44,36,0,0,0,0,0,0,0,0,0,0,0,0,0,0,0,0,0,0,0,0,0,0,196261
1,1,1,1,1724,1039,-389,4258,-999,1479,37,44,34,0,0,0,0,0,0,0,0,0,0,0,0,0,0,0,0,0,0,0,0,0,0,196271
1,1,1,1,1703,1023,-496,4469,-855,1675,38,43,48,0,0,0,0,0,0,0,0,0,0,0,0,0,0,0,0,0,0,0,0,0,0,196281
1,1,1,1,1702,621,-517,5058,-699,1665,26,46,65,0,0,0,0,0,0,0,0,0,0,0,0,0,0,0,0,0,0,0,0,0,0,196291
1,1,1,1,1552,-237,-1266,4613,-305,1194,30,48,57,0,0,0,0,0,0,0,0,0,0,0,0,0,0,0,0,0,0,0,0,0,0,196301
1,1,1,1,2007,616,-1265,4308,52,1036,38,47,48,0,0,0,0,0,0,0,0,0,0,0,0,0,0,0,0,0,0,0,0,0,0,196311
1,1,1,1,2125,1220,-931,4500,-85,1770,26,46,43,0,0,0,0,0,0,0,0,0,0,0,0,0,0,0,0,0,0,0,0,0,0,196321
1,1,1,1,1868,834,-971,3727,-218,2075,34,43,41,0,0,0,0,0,0,0,0,0,0,0,0,0,0,0,0,0,0,0,0,0,0,196331
1,1,1,1,1752,566,-890,3279,-447,1841,20,42,70,0,0,0,0,0,0,0,0,0,0,0,0,0,0,0,0,0,0,0,0,0,0,196341
1,1,1,1,1566,-415,-1100,2154,-306,678,29,44,49,0,0,0,0,0,0,0,0,0,0,0,0,0,0,0,0,0,0,0,0,0,0,196351
1,1,1,1,1768,532,-869,2137,-568,200,34,43,41,0,0,0,0,0,0,0,0,0,0,0,0,0,0,0,0,0,0,0,0,0,0,196361
1,1,1,1,1456,810,-949,2847,-912,763,41,42,36,0,0,0,0,0,0,0,0,0,0,0,0,0,0,0,0,0,0,0,0,0,0,196371
1,1,1,1,1516,586,-1061,3787,-885,1170,38,40,36,0,0,0,0,0,0,0,0,0,0,0,0,0,0,0,0,0,0,0,0,0,0,196381
1,1,1,1,1749,448,-1135,4239,-816,1439,36,39,39,0,0,0,0,0,0,0,0,0,0,0,0,0,0,0,0,0,0,0,0,0,0,196391
1,1,1,1,1773,246,-1464,4286,-617,1362,32,38,42,0,0,0,0,0,0,0,0,0,0,0,0,0,0,0,0,0,0,0,0,0,0,196401
1,1,1,1,1826,97,-1643,4018,-371,1122,32,38,42,0,0,0,0,0,0,0,0,0,0,0,0,0,0,0,0,0,0,0,0,0,0,196411
1,1,1,1,1970,161,-1641,3653,-187,932,36,37,40,0,0,0,0,0,0,0,0,0,0,0,0,0,0,0,0,0,0,0,0,0,0,196421
1,1,1,1,1913,359,-1659,3545,19,929,37,36,36,0,0,0,0,0,0,0,0,0,0,0,0,0,0,0,0,0,0,0,0,0,0,196431
1,1,1,1,1994,376,-1780,3690,308,1052,38,36,39,0,0,0,0,0,0,0,0,0,0,0,0,0,0,0,0,0,0,0,0,0,0,196441
1,1,1,1,1825,110,-1714,3916,552,1058,46,36,37,0,0,0,0,0,0,0,0,0,0,0,0,0,0,0,0,0,0,0,0,0,0,196451
1,1,1,1,1773,-2,-1426,4539,752,1036,51,62,57,0,0,0,0,0,0,0,0,0,0,0,0,0,0,0,0,0,0,0,0,0,0,196461
1,1,1,1,1449,-224,-616,5325,282,891,44,64,53,0,0,0,0,0,0,0,0,0,0,0,0,0,0,0,0,0,0,0,0,0,0,196471
1,1,1,1,1527,178,-1041,5536,-53,1027,65,36,37,0,0,0,0,0,0,0,0,0,0,0,0,0,0,0,0,0,0,0,0,0,0,196481
1,1,1,1,1409,474,-1844,8158,1105,1684,73,40,36,0,0,0,0,0,0,0,0,0,0,0,0,0,0,0,0,0,0,0,0,0,0,196491
1,1,1,1,1816,-411,-1075,10371,1116,1666,60,43,45,0,0,0,0,0,0,0,0,0,0,0,0,0,0,0,0,0,0,0,0,0,0,196501
1,1,1,1,2216,-1212,-746,10583,707,1165,59,44,49,0,0,0,0,0,0,0,0,0,0,0,0,0,0,0,0,0,0,0,0,0,0,196511
1,1,1,1,2103,-933,-943,10965,291,460,56,40,52,0,0,0,0,0,0,0,0,0,0,0,0,0,0,0,0,0,0,0,0,0,0,196521
1,1,1,1,1831,-1185,-1360,10169,-62,-148,15,40,54,0,0,0,0,0,0,0,0,0,0,0,0,0,0,0,0,0,0,0,0,0,0,196531
1,1,1,1,1646,-1736,-1237,6046,-380,-363,16,38,47,0,0,0,0,0,0,0,0,0,0,0,0,0,0,0,0,0,0,0,0,0,0,196541
1,1,1,1,1708,-1050,-1261,3576,-346,-66,25,36,40,0,0,0,0,0,0,0,0,0,0,0,0,0,0,0,0,0,0,0,0,0,0,196551
1,1,1,1,1732,-784,-1157,2710,-42,410,32,37,42,0,0,0,0,0,0,0,0,0,0,0,0,0,0,0,0,0,0,0,0,0,0,196561
1,1,1,1,1624,-667,-1284,2433,117,673,34,38,41,0,0,0,0,0,0,0,0,0,0,0,0,0,0,0,0,0,0,0,0,0,0,196571
1,1,1,1,1726,-786,-1276,2543,72,721,30,38,43,0,0,0,0,0,0,0,0,0,0,0,0,0,0,0,0,0,0,0,0,0,0,196581
1,1,1,1,1808,-1020,-1159,2382,-18,688,34,37,44,0,0,0,0,0,0,0,0,0,0,0,0,0,0,0,0,0,0,0,0,0,0,196591
1,1,1,1,1818,-1050,-1139,2718,-42,661,34,38,40,0,0,0,0,0,0,0,0,0,0,0,0,0,0,0,0,0,0,0,0,0,0,196601
1,1,1,1,1833,-1248,-1124,3079,-43,733,41,35,41,0,0,0,0,0,0,0,0,0,0,0,0,0,0,0,0,0,0,0,0,0,0,196611
1,1,1,1,1807,-1374,-1064,3553,-18,766,38,36,44,0,0,0,0,0,0,0,0,0,0,0,0,0,0,0,0,0,0,0,0,0,0,196621
1,1,1,1,1732,-1389,-933,3774,-21,714,39,35,38,0,0,0,0,0,0,0,0,0,0,0,0,0,0,0,0,0,0,0,0,0,0,196631
1,1,1,1,1731,-1404,-689,3994,-29,638,37,36,40,0,0,0,0,0,0,0,0,0,0,0,0,0,0,0,0,0,0,0,0,0,0,196641
1,1,1,1,1853,-1291,-575,3721,-188,491,33,33,37,0,0,0,0,0,0,0,0,0,0,0,0,0,0,0,0,0,0,0,0,0,0,196651
1,1,1,1,1886,-1220,-650,3336,-409,349,31,34,36,0,0,0,0,0,0,0,0,0,0,0,0,0,0,0,0,0,0,0,0,0,0,196661
1,1,1,1,1735,-1255,-701,2875,-701,251,27,22,26,0,0,0,0,0,0,0,0,0,0,0,0,0,0,0,0,0,0,0,0,0,0,196671
1,1,1,1,1776,-1139,-1334,2765,-386,327,10,-7,10,0,0,0,0,0,0,0,0,0,0,0,0,0,0,0,0,0,0,0,0,0,0,196681
1,1,1,1,1439,-1122,-1663,2629,409,483,16,0,14,0,0,0,0,0,0,0,0,0,0,0,0,0,0,0,0,0,0,0,0,0,0,196691
1,1,1,1,1633,-1190,-1073,2983,275,461,12,2,18,0,0,0,0,0,0,0,0,0,0,0,0,0,0,0,0,0,0,0,0,0,0,196701
1,1,1,1,1261,-1297,-909,3076,82,433,21,3,16,0,0,0,0,0,0,0,0,0,0,0,0,0,0,0,0,0,0,0,0,0,0,196711
1,1,1,1,1222,-1061,-997,3376,248,538,20,11,24,0,0,0,0,0,0,0,0,0,0,0,0,0,0,0,0,0,0,0,0,0,0,196721
1,1,1,1,1692,-1340,-920,3501,319,620,23,15,24,0,0,0,0,0,0,0,0,0,0,0,0,0,0,0,0,0,0,0,0,0,0,196731
1,1,1,1,1778,-1540,-930,3267,297,678,24,15,24,0,0,0,0,0,0,0,0,0,0,0,0,0,0,0,0,0,0,0,0,0,0,196741
1,1,1,1,1854,-1759,-975,3207,246,570,26,15,22,0,0,0,0,0,0,0,0,0,0,0,0,0,0,0,0,0,0,0,0,0,0,196751
1,1,1,1,1975,-1913,-1012,3198,262,321,27,17,16,0,0,0,0,0,0,0,0,0,0,0,0,0,0,0,0,0,0,0,0,0,0,196761
1,1,1,1,1982,-1607,-877,3198,263,221,37,13,12,0,0,0,0,0,0,0,0,0,0,0,0,0,0,0,0,0,0,0,0,0,0,196771
1,1,1,1,1997,-1475,-800,3498,380,196,32,18,12,0,0,0,0,0,0,0,0,0,0,0,0,0,0,0,0,0,0,0,0,0,0,196781
1,1,1,1,1731,-1660,-440,3334,477,62,40,17,9,0,0,0,0,0,0,0,0,0,0,0,0,0,0,0,0,0,0,0,0,0,0,196791
1,1,1,1,1479,-1395,-267,3723,571,62,48,19,4,0,0,0,0,0,0,0,0,0,0,0,0,0,0,0,0,0,0,0,0,0,0,196801
1,1,1,1,1256,-1246,-32,4569,637,186,43,19,7,0,0,0,0,0,0,0,0,0,0,0,0,0,0,0,0,0,0,0,0,0,0,196811
1,1,1,1,1437,-1329,-56,4461,654,296,35,25,17,0,0,0,0,0,0,0,0,0,0,0,0,0,0,0,0,0,0,0,0,0,0,196821
1,1,1,1,1895,-1574,-223,3892,627,312,34,20,14,0,0,0,0,0,0,0,0,0,0,0,0,0,0,0,0,0,0,0,0,0,0,196831
1,1,1,1,2187,-1698,-268,3439,541,294,36,24,21,0,0,0,0,0,0,0,0,0,0,0,0,0,0,0,0,0,0,0,0,0,0,196841
1,1,1,1,2149,-1729,-344,3340,542,225,35,23,21,0,0,0,0,0,0,0,0,0,0,0,0,0,0,0,0,0,0,0,0,0,0,196851
1,1,1,1,2162,-1689,-311,3020,494,172,32,21,17,0,0,0,0,0,0,0,0,0,0,0,0,0,0,0,0,0,0,0,0,0,0,196861
1,1,1,1,2071,-1803,-233,2582,329,98,32,16,15,0,0,0,0,0,0,0,0,0,0,0,0,0,0,0,0,0,0,0,0,0,0,196871
1,1,1,1,1911,-1853,-180,2393,246,-7,30,13,12,0,0,0,0,0,0,0,0,0,0,0,0,0,0,0,0,0,0,0,0,0,0,196881
1,1,1,1,1781,-1616,63,2401,170,-73,35,7,9,0,0,0,0,0,0,0,0,0,0,0,0,0,0,0,0,0,0,0,0,0,0,196891
1,1,1,1,1586,-1480,91,2904,156,-86,20,-3,-5,0,0,0,0,0,0,0,0,0,0,0,0,0,0,0,0,0,0,0,0,0,0,196901
1,1,1,1,1188,-1502,43,2858,369,-73,27,-4,-6,0,0,0,0,0,0,0,0,0,0,0,0,0,0,0,0,0,0,0,0,0,0,196911
1,1,1,1,1585,-1482,44,2995,378,-54,21,-5,-1,0,0,0,0,0,0,0,0,0,0,0,0,0,0,0,0,0,0,0,0,0,0,196921
1,1,1,1,1649,-1662,-67,2870,392,-98,21,-3,9,0,0,0,0,0,0,0,0,0,0,0,0,0,0,0,0,0,0,0,0,0,0,196931
1,1,1,1,1885,-1693,-123,2632,460,-152,20,1,8,0,0,0,0,0,0,0,0,0,0,0,0,0,0,0,0,0,0,0,0,0,0,196941
1,1,1,1,1967,-1869,98,2526,282,-256,17,1,16,0,0,0,0,0,0,0,0,0,0,0,0,0,0,0,0,0,0,0,0,0,0,196951
1,1,1,1,1662,-1935,78,2149,210,-378,18,-1,11,0,0,0,0,0,0,0,0,0,0,0,0,0,0,0,0,0,0,0,0,0,0,196961
1,1,1,1,1425,-1514,166,1931,129,-315,9,-2,8,0,0,0,0,0,0,0,0,0,0,0,0,0,0,0,0,0,0,0,0,0,0,196971
1,1,1,1,1473,-1319,148,1621,160,-172,8,-3,14,0,0,0,0,0,0,0,0,0,0,0,0,0,0,0,0,0,0,0,0,0,0,196981
1,1,1,1,1423,-1307,144,1385,85,-79,13,-7,4,0,0,0,0,0,0,0,0,0,0,0,0,0,0,0,0,0,0,0,0,0,0,196991
1,1,1,1,2043,-1546,302,1132,-19,-103,17,-12,0,0,0,0,0,0,0,0,0,0,0,0,0,0,0,0,0,0,0,0,0,0,0,197001
1,1,1,1,1753,-1668,180,949,-25,-194,16,-14,-5,0,0,0,0,0,0,0,0,0,0,0,0,0,0,0,0,0,0,0,0,0,0,197011
1,1,1,1,1609,-1385,122,645,-13,-169,19,-16,-9,0,0,0,0,0,0,0,0,0,0,0,0,0,0,0,0,0,0,0,0,0,0,197021
1,1,1,1,1519,-1145,235,471,-9,-86,19,-14,-6,0,0,0,0,0,0,0,0,0,0,0,0,0,0,0,0,0,0,0,0,0,0,197031
1,1,1,1,1502,-1185,376,622,92,-31,20,-13,-5,0,0,0,0,0,0,0,0,0,0,0,0,0,0,0,0,0,0,0,0,0,0,197041
1,1,1,1,1640,-1199,481,764,137,-33,20,-11,-5,0,0,0,0,0,0,0,0,0,0,0,0,0,0,0,0,0,0,0,0,0,0,197051
1,1,1,1,1799,-1193,431,819,193,-71,18,-8,-5,0,0,0,0,0,0,0,0,0,0,0,0,0,0,0,0,0,0,0,0,0,0,197061
1,1,1,1,1685,-1136,413,775,236,-97,19,-2,12,0,0,0,0,0,0,0,0,0,0,0,0,0,0,0,0,0,0,0,0,0,0,197071
1,1,1,1,1691,-1097,326,790,312,-81,13,9,26,0,0,0,0,0,0,0,0,0,0,0,0,0,0,0,0,0,0,0,0,0,0,197081
1,1,1,1,1988,-1451,460,1006,378,-69,12,11,32,0,0,0,0,0,0,0,0,0,0,0,0,0,0,0,0,0,0,0,0,0,0,197091
1,1,1,1,1864,-1515,450,632,253,-17,-1,20,34,0,0,0,0,0,0,0,0,0,0,0,0,0,0,0,0,0,0,0,0,0,0,197101
1,1,1,1,1586,-1521,152,-53,168,74,11,19,42,0,0,0,0,0,0,0,0,0,0,0,0,0,0,0,0,0,0,0,0,0,0,197111
1,1,1,1,2103,-1549,333,-304,317,172,13,16,44,0,0,0,0,0,0,0,0,0,0,0,0,0,0,0,0,0,0,0,0,0,0,197121
1,1,1,1,1625,-1571,506,-310,233,172,17,24,43,0,0,0,0,0,0,0,0,0,0,0,0,0,0,0,0,0,0,0,0,0,0,197131
1,1,1,1,1369,-1405,572,47,206,125,12,23,42,0,0,0,0,0,0,0,0,0,0,0,0,0,0,0,0,0,0,0,0,0,0,197141
1,1,1,1,1647,-1372,693,-24,202,107,13,21,39,0,0,0,0,0,0,0,0,0,0,0,0,0,0,0,0,0,0,0,0,0,0,197151
1,1,1,1,1358,-1256,363,107,257,96,12,21,40,0,0,0,0,0,0,0,0,0,0,0,0,0,0,0,0,0,0,0,0,0,0,197161
1,1,1,1,1550,-1209,309,-96,345,154,13,27,42,0,0,0,0,0,0,0,0,0,0,0,0,0,0,0,0,0,0,0,0,0,0,197171
1,1,1,1,1582,-1331,390,-328,381,183,17,33,54,0,0,0,0,0,0,0,0,0,0,0,0,0,0,0,0,0,0,0,0,0,0,197181
1,1,1,1,1655,-1274,411,-186,423,178,21,40,61,0,0,0,0,0,0,0,0,0,0,0,0,0,0,0,0,0,0,0,0,0,0,197191
1,1,1,1,1672,-1363,606,164,303,50,12,39,60,0,0,0,0,0,0,0,0,0,0,0,0,0,0,0,0,0,0,0,0,0,0,197201
1,1,1,1,1950,-1620,716,-314,8,-33,14,29,65,0,0,0,0,0,0,0,0,0,0,0,0,0,0,0,0,0,0,0,0,0,0,197211
1,1,1,1,1658,-1440,423,-233,-175,-130,0,34,69,0,0,0,0,0,0,0,0,0,0,0,0,0,0,0,0,0,0,0,0,0,0,197221
1,1,1,1,1472,-1443,296,-414,-389,-192,-6,23,68,0,0,0,0,0,0,0,0,0,0,0,0,0,0,0,0,0,0,0,0,0,0,197231
1,1,1,1,1393,-1263,70,-576,-349,-131,-4,22,77,0,0,0,0,0,0,0,0,0,0,0,0,0,0,0,0,0,0,0,0,0,0,197241
1,1,1,1,1481,-1213,184,-215,-203,-87,-3,25,73,0,0,0,0,0,0,0,0,0,0,0,0,0,0,0,0,0,0,0,0,0,0,197251
1,1,1,1,1808,-1328,255,14,-229,-20,2,25,78,0,0,0,0,0,0,0,0,0,0,0,0,0,0,0,0,0,0,0,0,0,0,197261
1,1,1,1,1817,-1409,273,584,-287,100,18,25,81,0,0,0,0,0,0,0,0,0,0,0,0,0,0,0,0,0,0,0,0,0,0,197271
1,1,1,1,1820,-1244,277,2085,-232,272,10,30,81,0,0,0,0,0,0,0,0,0,0,0,0,0,0,0,0,0,0,0,0,0,0,197281
1,1,1,1,1686,-1255,106,3091,-138,218,1,31,86,0,0,0,0,0,0,0,0,0,0,0,0,0,0,0,0,0,0,0,0,0,0,197291
1,1,1,1,1700,-1561,101,2723,-315,328,8,32,86,0,0,0,0,0,0,0,0,0,0,0,0,0,0,0,0,0,0,0,0,0,0,197301
1,1,1,1,1629,-1329,56,2413,-393,241,11,31,80,0,0,0,0,0,0,0,0,0,0,0,0,0,0,0,0,0,0,0,0,0,0,197311
1,1,1,1,1582,-1044,-127,2543,-616,258,4,35,82,0,0,0,0,0,0,0,0,0,0,0,0,0,0,0,0,0,0,0,0,0,0,197321
1,1,1,1,1529,-1263,-3,1924,-845,202,7,32,80,0,0,0,0,0,0,0,0,0,0,0,0,0,0,0,0,0,0,0,0,0,0,197331
1,1,1,1,1609,-1460,210,1443,-964,239,4,33,82,0,0,0,0,0,0,0,0,0,0,0,0,0,0,0,0,0,0,0,0,0,0,197341
1,1,1,1,1727,-1446,494,1103,-954,387,3,36,83,0,0,0,0,0,0,0,0,0,0,0,0,0,0,0,0,0,0,0,0,0,0,197351
1,1,1,1,1926,-1491,746,759,-844,470,-4,38,82,0,0,0,0,0,0,0,0,0,0,0,0,0,0,0,0,0,0,0,0,0,0,197361
1,1,1,1,1907,-1630,1230,-1153,-195,818,-5,38,77,0,0,0,0,0,0,0,0,0,0,0,0,0,0,0,0,0,0,0,0,0,0,197391
1,1,1,1,1907,-1660,1036,-1393,25,875,-1,40,74,0,0,0,0,0,0,0,0,0,0,0,0,0,0,0,0,0,0,0,0,0,0,197401
1,1,1,1,1795,-1491,995,-1300,212,909,0,38,70,0,0,0,0,0,0,0,0,0,0,0,0,0,0,0,0,0,0,0,0,0,0,197411
1,1,1,1,1675,-1141,1079,-1267,465,842,6,37,66,0,0,0,0,0,0,0,0,0,0,0,0,0,0,0,0,0,0,0,0,0,0,197421
1,1,1,1,1638,-1018,885,-870,671,678,10,37,59,0,0,0,0,0,0,0,0,0,0,0,0,0,0,0,0,0,0,0,0,0,0,197431
1,1,1,1,1642,-1027,918,-389,824,509,14,35,55,0,0,0,0,0,0,0,0,0,0,0,0,0,0,0,0,0,0,0,0,0,0,197441
1,1,1,1,1730,-927,1065,194,1039,363,21,32,47,0,0,0,0,0,0,0,0,0,0,0,0,0,0,0,0,0,0,0,0,0,0,197451
1,1,1,1,1883,-850,1154,672,1277,178,28,31,39,0,0,0,0,0,0,0,0,0,0,0,0,0,0,0,0,0,0,0,0,0,0,197461
1,1,1,1,1940,-710,1122,1349,1509,-39,40,27,34,0,0,0,0,0,0,0,0,0,0,0,0,0,0,0,0,0,0,0,0,0,0,197471
1,1,1,1,1912,-663,1017,2574,1696,-279,43,26,31,0,0,0,0,0,0,0,0,0,0,0,0,0,0,0,0,0,0,0,0,0,0,197481
1,1,1,1,1721,-705,865,3776,1674,-516,63,24,35,0,0,0,0,0,0,0,0,0,0,0,0,0,0,0,0,0,0,0,0,0,0,197491
1,1,1,1,1232,-766,1007,6428,1458,-620,29,23,45,0,0,0,0,0,0,0,0,0,0,0,0,0,0,0,0,0,0,0,0,0,0,197501
1,1,1,1,1429,-1361,529,6548,1292,-479,-1,24,60,0,0,0,0,0,0,0,0,0,0,0,0,0,0,0,0,0,0,0,0,0,0,197511
1,1,1,1,1457,-1813,224,3343,1338,-413,6,33,68,0,0,0,0,0,0,0,0,0,0,0,0,0,0,0,0,0,0,0,0,0,0,197521
1,1,1,1,1620,-2134,-129,1819,749,-217,-4,32,75,0,0,0,0,0,0,0,0,0,0,0,0,0,0,0,0,0,0,0,0,0,0,197531
1,1,1,1,1821,-2438,45,-7,597,39,-9,33,66,0,0,0,0,0,0,0,0,0,0,0,0,0,0,0,0,0,0,0,0,0,0,197541
1,1,1,1,1362,-1896,667,-1909,492,251,6,30,61,0,0,0,0,0,0,0,0,0,0,0,0,0,0,0,0,0,0,0,0,0,0,197551
1,1,1,1,1336,-1166,898,-1772,451,347,12,30,59,0,0,0,0,0,0,0,0,0,0,0,0,0,0,0,0,0,0,0,0,0,0,197561
1,1,1,1,1656,-949,935,-986,488,364,3,28,54,0,0,0,0,0,0,0,0,0,0,0,0,0,0,0,0,0,0,0,0,0,0,197571
1,1,1,1,1774,-1372,824,-1410,367,395,-7,28,53,0,0,0,0,0,0,0,0,0,0,0,0,0,0,0,0,0,0,0,0,0,0,197581
1,1,1,1,1701,-1500,606,-2531,246,453,-1,27,49,0,0,0,0,0,0,0,0,0,0,0,0,0,0,0,0,0,0,0,0,0,0,197591
1,1,1,1,1548,-1035,926,-2689,190,462,10,27,53,0,0,0,0,0,0,0,0,0,0,0,0,0,0,0,0,0,0,0,0,0,0,197601
1,1,1,1,1423,-691,1065,-1685,163,354,10,27,54,0,0,0,0,0,0,0,0,0,0,0,0,0,0,0,0,0,0,0,0,0,0,197611
1,1,1,1,1285,-717,954,-822,129,368,9,29,70,0,0,0,0,0,0,0,0,0,0,0,0,0,0,0,0,0,0,0,0,0,0,197621
1,1,1,1,1119,-974,784,-312,156,315,8,31,74,0,0,0,0,0,0,0,0,0,0,0,0,0,0,0,0,0,0,0,0,0,0,197631
1,1,1,1,1244,-1305,455,-53,291,342,5,35,75,0,0,0,0,0,0,0,0,0,0,0,0,0,0,0,0,0,0,0,0,0,0,197641
1,1,1,1,1243,-1593,667,-287,338,479,4,39,70,0,0,0,0,0,0,0,0,0,0,0,0,0,0,0,0,0,0,0,0,0,0,197651
1,1,1,1,1294,-1633,652,-716,414,761,3,44,78,0,0,0,0,0,0,0,0,0,0,0,0,0,0,0,0,0,0,0,0,0,0,197661
1,1,1,1,1527,-1913,794,-1217,486,910,5,45,78,0,0,0,0,0,0,0,0,0,0,0,0,0,0,0,0,0,0,0,0,0,0,197671
1,1,1,1,1622,-1867,1045,-1728,393,891,9,50,84,0,0,0,0,0,0,0,0,0,0,0,0,0,0,0,0,0,0,0,0,0,0,197681
1,1,1,1,1535,-1754,1062,-1830,288,861,6,50,79,0,0,0,0,0,0,0,0,0,0,0,0,0,0,0,0,0,0,0,0,0,0,197691
1,1,1,1,1463,-1601,949,-1993,239,852,3,50,76,0,0,0,0,0,0,0,0,0,0,0,0,0,0,0,0,0,0,0,0,0,0,197701
1,1,1,1,1368,-1464,858,-1901,302,831,13,49,75,0,0,0,0,0,0,0,0,0,0,0,0,0,0,0,0,0,0,0,0,0,0,197711
1,1,1,1,1324,-1140,833,-894,389,754,29,46,71,0,0,0,0,0,0,0,0,0,0,0,0,0,0,0,0,0,0,0,0,0,0,197721
1,1,1,1,1300,-843,822,652,413,650,17,47,74,0,0,0,0,0,0,0,0,0,0,0,0,0,0,0,0,0,0,0,0,0,0,197731
1,1,1,1,1258,-1178,981,802,490,546,23,48,78,0,0,0,0,0,0,0,0,0,0,0,0,0,0,0,0,0,0,0,0,0,0,197741
1,1,1,1,1453,-944,1097,1710,576,335,30,49,87,0,0,0,0,0,0,0,0,0,0,0,0,0,0,0,0,0,0,0,0,0,0,197751
1,1,1,1,1422,-873,781,3190,648,249,27,51,93,0,0,0,0,0,0,0,0,0,0,0,0,0,0,0,0,0,0,0,0,0,0,197761
1,1,1,1,1179,-1140,639,3877,669,183,21,54,104,0,0,0,0,0,0,0,0,0,0,0,0,0,0,0,0,0,0,0,0,0,0,197771
1,1,1,1,1076,-1489,704,3403,617,113,6,58,112,0,0,0,0,0,0,0,0,0,0,0,0,0,0,0,0,0,0,0,0,0,0,197781
1,1,1,1,1060,-1517,828,2291,615,73,10,58,114,0,0,0,0,0,0,0,0,0,0,0,0,0,0,0,0,0,0,0,0,0,0,197791
1,1,1,1,1217,-1274,879,2029,594,15,8,61,115,0,0,0,0,0,0,0,0,0,0,0,0,0,0,0,0,0,0,0,0,0,0,197801
1,1,1,1,1291,-1429,1085,1646,541,-27,5,60,114,0,0,0,0,0,0,0,0,0,0,0,0,0,0,0,0,0,0,0,0,0,0,197811
1,1,1,1,1318,-1481,1138,918,506,-19,0,59,112,0,0,0,0,0,0,0,0,0,0,0,0,0,0,0,0,0,0,0,0,0,0,197821
1,1,1,1,1285,-1490,1169,203,475,8,2,57,111,0,0,0,0,0,0,0,0,0,0,0,0,0,0,0,0,0,0,0,0,0,0,197831
1,1,1,1,1283,-1342,1109,-235,460,14,-1,57,108,0,0,0,0,0,0,0,0,0,0,0,0,0,0,0,0,0,0,0,0,0,0,197841
1,1,1,1,1298,-1065,1059,-618,430,-83,4,55,109,0,0,0,0,0,0,0,0,0,0,0,0,0,0,0,0,0,0,0,0,0,0,197851
1,1,1,1,1286,-789,1093,-419,446,-240,6,55,110,0,0,0,0,0,0,0,0,0,0,0,0,0,0,0,0,0,0,0,0,0,0,197861
1,1,1,1,1277,-926,964,-13,441,-331,5,56,111,0,0,0,0,0,0,0,0,0,0,0,0,0,0,0,0,0,0,0,0,0,0,197871
1,1,1,1,1233,-1091,962,110,369,-392,6,56,113,0,0,0,0,0,0,0,0,0,0,0,0,0,0,0,0,0,0,0,0,0,0,197881
1,1,1,1,1230,-1164,1032,110,345,-421,4,57,116,0,0,0,0,0,0,0,0,0,0,0,0,0,0,0,0,0,0,0,0,0,0,197891
1,1,1,1,1220,-1303,1031,19,303,-422,3,57,118,0,0,0,0,0,0,0,0,0,0,0,0,0,0,0,0,0,0,0,0,0,0,197901
1,1,1,1,1134,-1465,981,16,248,-350,2,58,120,0,0,0,0,0,0,0,0,0,0,0,0,0,0,0,0,0,0,0,0,0,0,197911
1,1,1,1,1088,-1618,966,95,215,-194,3,57,123,0,0,0,0,0,0,0,0,0,0,0,0,0,0,0,0,0,0,0,0,0,0,197921
1,1,1,1,1238,-1662,1016,171,221,-61,-3,59,121,0,0,0,0,0,0,0,0,0,0,0,0,0,0,0,0,0,0,0,0,0,0,197931
1,1,1,1,1319,-1619,1010,-49,231,25,0,59,121,0,0,0,0,0,0,0,0,0,0,0,0,0,0,0,0,0,0,0,0,0,0,197941
1,1,1,1,1160,-1323,1053,-133,214,86,-2,56,123,0,0,0,0,0,0,0,0,0,0,0,0,0,0,0,0,0,0,0,0,0,0,197951
1,1,1,1,1202,-1311,1016,-129,209,111,-4,58,120,0,0,0,0,0,0,0,0,0,0,0,0,0,0,0,0,0,0,0,0,0,0,197961
1,1,1,1,1161,-1302,1012,-305,210,125,-7,62,123,0,0,0,0,0,0,0,0,0,0,0,0,0,0,0,0,0,0,0,0,0,0,197971
1,1,1,1,1175,-1291,1068,-376,224,120,-5,56,117,0,0,0,0,0,0,0,0,0,0,0,0,0,0,0,0,0,0,0,0,0,0,197981
1,1,1,1,1223,-1241,1094,-361,232,128,-3,57,119,0,0,0,0,0,0,0,0,0,0,0,0,0,0,0,0,0,0,0,0,0,0,197991
1,1,1,1,1143,-1155,1078,-188,247,129,-1,58,116,0,0,0,0,0,0,0,0,0,0,0,0,0,0,0,0,0,0,0,0,0,0,198001
1,1,1,1,1151,-1312,1066,-130,277,109,-7,58,120,0,0,0,0,0,0,0,0,0,0,0,0,0,0,0,0,0,0,0,0,0,0,198011
1,1,1,1,1154,-1387,1062,-353,323,109,-2,56,113,0,0,0,0,0,0,0,0,0,0,0,0,0,0,0,0,0,0,0,0,0,0,198021
1,1,1,1,1086,-1283,1172,-374,331,106,1,57,113,0,0,0,0,0,0,0,0,0,0,0,0,0,0,0,0,0,0,0,0,0,0,198031
1,1,1,1,1182,-1287,1151,-283,353,111,-5,56,110,0,0,0,0,0,0,0,0,0,0,0,0,0,0,0,0,0,0,0,0,0,0,198041
1,1,1,1,1132,-1425,1151,-593,400,115,-1,53,110,0,0,0,0,0,0,0,0,0,0,0,0,0,0,0,0,0,0,0,0,0,0,198051
1,1,1,1,1097,-1371,1195,-612,432,117,-1,57,110,0,0,0,0,0,0,0,0,0,0,0,0,0,0,0,0,0,0,0,0,0,0,198061
1,1,1,1,1068,-1395,1164,-671,481,124,1,54,110,0,0,0,0,0,0,0,0,0,0,0,0,0,0,0,0,0,0,0,0,0,0,198071
1,1,1,1,1069,-1308,1096,-622,519,118,4,54,110,0,0,0,0,0,0,0,0,0,0,0,0,0,0,0,0,0,0,0,0,0,0,198081
1,1,1,1,1067,-1195,1061,-299,519,99,1,54,108,0,0,0,0,0,0,0,0,0,0,0,0,0,0,0,0,0,0,0,0,0,0,198091
1,1,1,1,1090,-1218,1008,-209,497,80,1,54,110,0,0,0,0,0,0,0,0,0,0,0,0,0,0,0,0,0,0,0,0,0,0,198101
1,1,1,1,1116,-1261,1032,-56,472,46,0,54,111,0,0,0,0,0,0,0,0,0,0,0,0,0,0,0,0,0,0,0,0,0,0,198111
1,1,1,1,1093,-1291,1029,6,466,31,-2,54,109,0,0,0,0,0,0,0,0,0,0,0,0,0,0,0,0,0,0,0,0,0,0,198121
1,1,1,1,1048,-1339,1086,-24,455,11,4,53,109,0,0,0,0,0,0,0,0,0,0,0,0,0,0,0,0,0,0,0,0,0,0,198131
1,1,1,1,1062,-1331,1032,-14,454,-14,5,53,108,0,0,0,0,0,0,0,0,0,0,0,0,0,0,0,0,0,0,0,0,0,0,198141
1,1,1,1,1062,-1331,1032,9,433,-20,3,53,108,0,0,0,0,0,0,0,0,0,0,0,0,0,0,0,0,0,0,0,0,0,0,198151
1,1,1,1,1060,-1359,1103,-222,396,-10,3,54,107,0,0,0,0,0,0,0,0,0,0,0,0,0,0,0,0,0,0,0,0,0,0,198161
1,1,1,1,1142,-1426,1109,-260,333,-15,6,55,110,0,0,0,0,0,0,0,0,0,0,0,0,0,0,0,0,0,0,0,0,0,0,198171
1,1,1,1,1036,-1314,1064,6,255,-1,7,55,112,0,0,0,0,0,0,0,0,0,0,0,0,0,0,0,0,0,0,0,0,0,0,198181
1,1,1,1,917,-1353,933,398,233,-30,4,56,116,0,0,0,0,0,0,0,0,0,0,0,0,0,0,0,0,0,0,0,0,0,0,198191
1,1,1,1,927,-1374,936,559,221,-48,3,56,115,0,0,0,0,0,0,0,0,0,0,0,0,0,0,0,0,0,0,0,0,0,0,198201
1,1,1,1,1019,-1400,1038,605,164,-48,2,57,115,0,0,0,0,0,0,0,0,0,0,0,0,0,0,0,0,0,0,0,0,0,0,198211
1,1,1,1,1095,-1410,1112,602,130,-43,3,57,113,0,0,0,0,0,0,0,0,0,0,0,0,0,0,0,0,0,0,0,0,0,0,198221
1,1,1,1,986,-1482,1232,371,134,7,0,55,115,0,0,0,0,0,0,0,0,0,0,0,0,0,0,0,0,0,0,0,0,0,0,198231
1,1,1,1,1135,-1587,1291,-29,153,42,-1,54,111,0,0,0,0,0,0,0,0,0,0,0,0,0,0,0,0,0,0,0,0,0,0,198241
1,1,1,1,1055,-1604,1364,-418,164,83,3,55,111,0,0,0,0,0,0,0,0,0,0,0,0,0,0,0,0,0,0,0,0,0,0,198251
1,1,1,1,1024,-1452,1294,-557,175,104,1,53,111,0,0,0,0,0,0,0,0,0,0,0,0,0,0,0,0,0,0,0,0,0,0,198261
1,1,1,1,1008,-1293,1153,-486,183,90,3,55,110,0,0,0,0,0,0,0,0,0,0,0,0,0,0,0,0,0,0,0,0,0,0,198271
1,1,1,1,1041,-1197,1057,-257,162,57,2,51,111,0,0,0,0,0,0,0,0,0,0,0,0,0,0,0,0,0,0,0,0,0,0,198281
1,1,1,1,1048,-1200,1035,-37,124,19,1,54,112,0,0,0,0,0,0,0,0,0,0,0,0,0,0,0,0,0,0,0,0,0,0,198291
1,1,1,1,1027,-1273,1043,62,100,-1,0,53,111,0,0,0,0,0,0,0,0,0,0,0,0,0,0,0,0,0,0,0,0,0,0,198301
1,1,1,1,1023,-1368,1119,16,93,-5,-2,55,112,0,0,0,0,0,0,0,0,0,0,0,0,0,0,0,0,0,0,0,0,0,0,198311
1,1,1,1,1001,-1421,1153,-8,94,2,0,52,112,0,0,0,0,0,0,0,0,0,0,0,0,0,0,0,0,0,0,0,0,0,0,198321
1,1,1,1,1033,-1451,1197,-144,96,-2,1,53,112,0,0,0,0,0,0,0,0,0,0,0,0,0,0,0,0,0,0,0,0,0,0,198331
1,1,1,1,1027,-1394,1179,-206,97,1,4,54,109,0,0,0,0,0,0,0,0,0,0,0,0,0,0,0,0,0,0,0,0,0,0,198341
1,1,1,1,1006,-1291,1104,-30,92,-10,3,55,111,0,0,0,0,0,0,0,0,0,0,0,0,0,0,0,0,0,0,0,0,0,0,198351
1,1,1,1,1038,-1261,1086,90,87,-41,4,56,105,0,0,0,0,0,0,0,0,0,0,0,0,0,0,0,0,0,0,0,0,0,0,198361
1,1,1,1,1033,-1245,1073,243,77,-45,7,54,106,0,0,0,0,0,0,0,0,0,0,0,0,0,0,0,0,0,0,0,0,0,0,198371
1,1,1,1,1035,-1300,1105,406,73,-48,4,53,103,0,0,0,0,0,0,0,0,0,0,0,0,0,0,0,0,0,0,0,0,0,0,198381
1,1,1,1,1025,-1418,1241,288,61,-36,6,55,104,0,0,0,0,0,0,0,0,0,0,0,0,0,0,0,0,0,0,0,0,0,0,198391
1,1,1,1,1005,-1461,1209,27,63,-27,7,54,104,0,0,0,0,0,0,0,0,0,0,0,0,0,0,0,0,0,0,0,0,0,0,198401
1,1,1,1,1009,-1439,1188,-14,66,-18,7,54,103,0,0,0,0,0,0,0,0,0,0,0,0,0,0,0,0,0,0,0,0,0,0,198411
1,1,1,1,995,-1377,1132,-31,66,-16,7,53,101,0,0,0,0,0,0,0,0,0,0,0,0,0,0,0,0,0,0,0,0,0,0,198421
1,1,1,1,1005,-1319,1095,150,69,-28,10,54,99,0,0,0,0,0,0,0,0,0,0,0,0,0,0,0,0,0,0,0,0,0,0,198441
1,1,1,1,1043,-1323,1162,99,60,-26,11,55,97,0,0,0,0,0,0,0,0,0,0,0,0,0,0,0,0,0,0,0,0,0,0,198451
1,1,1,1,1037,-1373,1193,27,55,-20,9,54,99,0,0,0,0,0,0,0,0,0,0,0,0,0,0,0,0,0,0,0,0,0,0,198461
1,1,1,1,1031,-1381,1201,-21,58,-13,11,53,101,0,0,0,0,0,0,0,0,0,0,0,0,0,0,0,0,0,0,0,0,0,0,198471
1,1,1,1,1043,-1389,1193,-52,34,-21,10,56,102,0,0,0,0,0,0,0,0,0,0,0,0,0,0,0,0,0,0,0,0,0,0,198481
1,1,1,1,1017,-1361,1155,-44,19,-24,7,55,103,0,0,0,0,0,0,0,0,0,0,0,0,0,0,0,0,0,0,0,0,0,0,198491
1,1,1,1,984,-1361,1098,-21,18,-17,8,55,104,0,0,0,0,0,0,0,0,0,0,0,0,0,0,0,0,0,0,0,0,0,0,198501
1,1,1,1,957,-1352,1086,94,-4,-17,9,56,106,0,0,0,0,0,0,0,0,0,0,0,0,0,0,0,0,0,0,0,0,0,0,198511
1,1,1,1,961,-1330,1073,218,-29,-5,11,56,103,0,0,0,0,0,0,0,0,0,0,0,0,0,0,0,0,0,0,0,0,0,0,198521
1,1,1,1,1003,-1342,1120,253,-58,18,10,56,102,0,0,0,0,0,0,0,0,0,0,0,0,0,0,0,0,0,0,0,0,0,0,198531
1,1,1,1,1025,-1398,1184,236,-87,24,11,56,105,0,0,0,0,0,0,0,0,0,0,0,0,0,0,0,0,0,0,0,0,0,0,198541
1,1,1,1,1000,-1391,1173,250,-99,19,13,57,103,0,0,0,0,0,0,0,0,0,0,0,0,0,0,0,0,0,0,0,0,0,0,198551
1,1,1,1,1001,-1328,1146,286,-107,17,13,57,101,0,0,0,0,0,0,0,0,0,0,0,0,0,0,0,0,0,0,0,0,0,0,198561
1,1,1,1,1025,-1303,1164,297,-105,31,12,57,102,0,0,0,0,0,0,0,0,0,0,0,0,0,0,0,0,0,0,0,0,0,0,198571
1,1,1,1,1061,-1348,1215,235,-104,43,11,57,101,0,0,0,0,0,0,0,0,0,0,0,0,0,0,0,0,0,0,0,0,0,0,198581
1,1,1,1,1051,-1349,1225,198,-120,39,10,57,103,0,0,0,0,0,0,0,0,0,0,0,0,0,0,0,0,0,0,0,0,0,0,198591
1,1,1,1,1027,-1317,1191,181,-110,40,13,54,102,0,0,0,0,0,0,0,0,0,0,0,0,0,0,0,0,0,0,0,0,0,0,198601
1,1,1,1,1019,-1318,1189,147,-102,43,11,57,104,0,0,0,0,0,0,0,0,0,0,0,0,0,0,0,0,0,0,0,0,0,0,198611
1,1,1,1,1004,-1324,1208,144,-114,31,10,57,104,0,0,0,0,0,0,0,0,0,0,0,0,0,0,0,0,0,0,0,0,0,0,198621
1,1,1,1,992,-1274,1170,196,-127,22,8,57,106,0,0,0,0,0,0,0,0,0,0,0,0,0,0,0,0,0,0,0,0,0,0,198631
1,1,1,1,987,-1266,1146,260,-134,20,9,56,106,0,0,0,0,0,0,0,0,0,0,0,0,0,0,0,0,0,0,0,0,0,0,198641
1,1,1,1,995,-1322,1190,267,-149,21,8,58,108,0,0,0,0,0,0,0,0,0,0,0,0,0,0,0,0,0,0,0,0,0,0,198651
1,1,1,1,1008,-1363,1212,220,-158,33,8,60,109,0,0,0,0,0,0,0,0,0,0,0,0,0,0,0,0,0,0,0,0,0,0,198661
1,1,1,1,997,-1364,1182,192,-155,35,10,58,111,0,0,0,0,0,0,0,0,0,0,0,0,0,0,0,0,0,0,0,0,0,0,198671
1,1,1,1,1011,-1329,1186,188,-146,44,11,56,110,0,0,0,0,0,0,0,0,0,0,0,0,0,0,0,0,0,0,0,0,0,0,198681
1,1,1,1,1032,-1313,1196,161,-143,50,12,58,111,0,0,0,0,0,0,0,0,0,0,0,0,0,0,0,0,0,0,0,0,0,0,198691
1,1,1,1,1035,-1291,1201,163,-147,46,10,58,112,0,0,0,0,0,0,0,0,0,0,0,0,0,0,0,0,0,0,0,0,0,0,198701
1,1,1,1,1044,-1257,1176,181,-149,57,8,59,113,0,0,0,0,0,0,0,0,0,0,0,0,0,0,0,0,0,0,0,0,0,0,198711
1,1,1,1,1058,-1264,1187,192,-157,60,7,59,112,0,0,0,0,0,0,0,0,0,0,0,0,0,0,0,0,0,0,0,0,0,0,198721
1,1,1,1,1067,-1262,1197,174,-169,82,7,57,113,0,0,0,0,0,0,0,0,0,0,0,0,0,0,0,0,0,0,0,0,0,0,198731
1,1,1,1,1081,-1294,1190,141,-180,118,7,59,113,0,0,0,0,0,0,0,0,0,0,0,0,0,0,0,0,0,0,0,0,0,0,198741
1,1,1,1,1038,-1288,1142,166,-186,120,9,58,113,0,0,0,0,0,0,0,0,0,0,0,0,0,0,0,0,0,0,0,0,0,0,198751
1,1,1,1,1007,-1282,1101,219,-170,111,9,57,112,0,0,0,0,0,0,0,0,0,0,0,0,0,0,0,0,0,0,0,0,0,0,198761
1,1,1,1,1016,-1287,1112,229,-159,99,11,58,111,0,0,0,0,0,0,0,0,0,0,0,0,0,0,0,0,0,0,0,0,0,0,198771
1,1,1,1,1063,-1267,1187,218,-164,117,10,57,111,0,0,0,0,0,0,0,0,0,0,0,0,0,0,0,0,0,0,0,0,0,0,198781
1,1,1,1,1049,-1261,1196,217,-168,111,11,57,111,0,0,0,0,0,0,0,0,0,0,0,0,0,0,0,0,0,0,0,0,0,0,198791
1,1,1,1,1043,-1252,1200,204,-170,108,9,58,111,0,0,0,0,0,0,0,0,0,0,0,0,0,0,0,0,0,0,0,0,0,0,198801
1,1,1,1,1051,-1279,1233,150,-172,112,8,57,112,0,0,0,0,0,0,0,0,0,0,0,0,0,0,0,0,0,0,0,0,0,0,198811
1,1,1,1,1077,-1312,1250,88,-184,118,8,57,113,0,0,0,0,0,0,0,0,0,0,0,0,0,0,0,0,0,0,0,0,0,0,198821
1,1,1,1,1031,-1304,1197,67,-167,121,8,57,115,0,0,0,0,0,0,0,0,0,0,0,0,0,0,0,0,0,0,0,0,0,0,198831
1,1,1,1,1004,-1245,1158,126,-164,102,9,57,115,0,0,0,0,0,0,0,0,0,0,0,0,0,0,0,0,0,0,0,0,0,0,198841
1,1,1,1,1068,-1161,1149,181,-169,106,8,58,117,0,0,0,0,0,0,0,0,0,0,0,0,0,0,0,0,0,0,0,0,0,0,198851
1,1,1,1,1073,-1160,1173,247,-179,119,5,58,114,0,0,0,0,0,0,0,0,0,0,0,0,0,0,0,0,0,0,0,0,0,0,198861
1,1,1,1,1044,-1249,1186,221,-152,124,6,57,116,0,0,0,0,0,0,0,0,0,0,0,0,0,0,0,0,0,0,0,0,0,0,198871
1,1,1,1,1027,-1301,1231,164,-129,111,3,60,118,0,0,0,0,0,0,0,0,0,0,0,0,0,0,0,0,0,0,0,0,0,0,198881
1,1,1,1,1035,-1308,1248,104,-121,115,4,56,120,0,0,0,0,0,0,0,0,0,0,0,0,0,0,0,0,0,0,0,0,0,0,198891
1,1,1,1,1034,-1273,1196,107,-121,96,1,60,122,0,0,0,0,0,0,0,0,0,0,0,0,0,0,0,0,0,0,0,0,0,0,198901
1,1,1,1,1082,-1187,1193,181,-149,94,0,60,124,0,0,0,0,0,0,0,0,0,0,0,0,0,0,0,0,0,0,0,0,0,0,198911
1,1,1,1,1041,-1168,1104,241,-131,89,0,59,126,0,0,0,0,0,0,0,0,0,0,0,0,0,0,0,0,0,0,0,0,0,0,198921
1,1,1,1,1072,-1186,1143,274,-123,85,1,57,127,0,0,0,0,0,0,0,0,0,0,0,0,0,0,0,0,0,0,0,0,0,0,198931
1,1,1,1,1150,-1232,1214,237,-135,115,2,60,127,0,0,0,0,0,0,0,0,0,0,0,0,0,0,0,0,0,0,0,0,0,0,198941
1,1,1,1,1119,-1223,1220,201,-152,118,0,61,129,0,0,0,0,0,0,0,0,0,0,0,0,0,0,0,0,0,0,0,0,0,0,198951
1,1,1,1,1052,-1250,1176,163,-119,104,1,60,130,0,0,0,0,0,0,0,0,0,0,0,0,0,0,0,0,0,0,0,0,0,0,198961
1,1,1,1,1051,-1275,1212,133,-90,87,2,60,131,0,0,0,0,0,0,0,0,0,0,0,0,0,0,0,0,0,0,0,0,0,0,198971
1,1,1,1,1067,-1293,1253,61,-87,78,1,61,132,0,0,0,0,0,0,0,0,0,0,0,0,0,0,0,0,0,0,0,0,0,0,198981
1,1,1,1,1031,-1291,1248,7,-65,52,0,61,134,0,0,0,0,0,0,0,0,0,0,0,0,0,0,0,0,0,0,0,0,0,0,198991
1,1,1,1,1027,-1251,1227,-8,-51,37,-1,60,133,0,0,0,0,0,0,0,0,0,0,0,0,0,0,0,0,0,0,0,0,0,0,199001
1,1,1,1,1055,-1229,1214,-17,-48,27,-1,60,134,0,0,0,0,0,0,0,0,0,0,0,0,0,0,0,0,0,0,0,0,0,0,199011
1,1,1,1,1090,-1215,1213,-29,-42,30,-3,60,138,0,0,0,0,0,0,0,0,0,0,0,0,0,0,0,0,0,0,0,0,0,0,199021
1,1,1,1,1093,-1237,1209,-52,-49,31,-4,61,138,0,0,0,0,0,0,0,0,0,0,0,0,0,0,0,0,0,0,0,0,0,0,199031
1,1,1,1,1088,-1260,1193,-88,-47,37,-5,61,139,0,0,0,0,0,0,0,0,0,0,0,0,0,0,0,0,0,0,0,0,0,0,199041
1,1,1,1,1075,-1253,1192,-103,-34,40,-3,61,139,0,0,0,0,0,0,0,0,0,0,0,0,0,0,0,0,0,0,0,0,0,0,199051
1,1,1,1,1075,-1245,1161,-91,-48,39,-7,63,142,0,0,0,0,0,0,0,0,0,0,0,0,0,0,0,0,0,0,0,0,0,0,199061
1,1,1,1,1061,-1225,1162,-70,-49,48,-5,62,142,0,0,0,0,0,0,0,0,0,0,0,0,0,0,0,0,0,0,0,0,0,0,199071
1,1,1,1,1052,-1229,1178,-34,-54,53,-6,62,143,0,0,0,0,0,0,0,0,0,0,0,0,0,0,0,0,0,0,0,0,0,0,199081
1,1,1,1,1019,-1239,1158,30,-66,47,-6,62,143,0,0,0,0,0,0,0,0,0,0,0,0,0,0,0,0,0,0,0,0,0,0,199091
1,1,1,1,1024,-1229,1162,89,-73,47,-8,63,141,0,0,0,0,0,0,0,0,0,0,0,0,0,0,0,0,0,0,0,0,0,0,199101
1,1,1,1,1043,-1238,1200,97,-83,57,-6,61,141,0,0,0,0,0,0,0,0,0,0,0,0,0,0,0,0,0,0,0,0,0,0,199111
1,1,1,1,1064,-1276,1237,46,-79,62,-9,63,143,0,0,0,0,0,0,0,0,0,0,0,0,0,0,0,0,0,0,0,0,0,0,199121
1,1,1,1,1064,-1274,1233,6,-84,61,-7,63,144,0,0,0,0,0,0,0,0,0,0,0,0,0,0,0,0,0,0,0,0,0,0,199131
1,1,1,1,1070,-1230,1207,4,-71,63,-9,64,142,0,0,0,0,0,0,0,0,0,0,0,0,0,0,0,0,0,0,0,0,0,0,199141
1,1,1,1,1087,-1229,1209,-5,-63,63,-9,64,144,0,0,0,0,0,0,0,0,0,0,0,0,0,0,0,0,0,0,0,0,0,0,199151
1,1,1,1,1092,-1228,1194,-4,-58,57,-10,64,149,0,0,0,0,0,0,0,0,0,0,0,0,0,0,0,0,0,0,0,0,0,0,199161
1,1,1,1,1095,-1228,1160,0,-51,47,-10,63,149,0,0,0,0,0,0,0,0,0,0,0,0,0,0,0,0,0,0,0,0,0,0,199171
1,1,1,1,1093,-1227,1143,0,-47,34,-12,64,150,0,0,0,0,0,0,0,0,0,0,0,0,0,0,0,0,0,0,0,0,0,0,199181
1,1,1,1,1097,-1205,1125,35,-49,20,-10,64,150,0,0,0,0,0,0,0,0,0,0,0,0,0,0,0,0,0,0,0,0,0,0,199191
1,1,1,1,1109,-1226,1140,42,-48,16,-12,62,150,0,0,0,0,0,0,0,0,0,0,0,0,0,0,0,0,0,0,0,0,0,0,199201
1,1,1,1,1088,-1256,1160,27,-46,14,-13,67,153,0,0,0,0,0,0,0,0,0,0,0,0,0,0,0,0,0,0,0,0,0,0,199211
1,1,1,1,1082,-1269,1185,-38,-37,20,-15,64,151,0,0,0,0,0,0,0,0,0,0,0,0,0,0,0,0,0,0,0,0,0,0,199231
1,1,1,1,1079,-1278,1194,-73,-30,32,-19,68,153,0,0,0,0,0,0,0,0,0,0,0,0,0,0,0,0,0,0,0,0,0,0,199241
1,1,1,1,1070,-1274,1191,-105,-23,35,-16,64,155,0,0,0,0,0,0,0,0,0,0,0,0,0,0,0,0,0,0,0,0,0,0,199251
1,1,1,1,1059,-1263,1177,-111,-12,29,-18,66,158,0,0,0,0,0,0,0,0,0,0,0,0,0,0,0,0,0,0,0,0,0,0,199261
1,1,1,1,1056,-1243,1171,-82,-21,13,-16,65,156,0,0,0,0,0,0,0,0,0,0,0,0,0,0,0,0,0,0,0,0,0,0,199271
1,1,1,1,1053,-1217,1164,-29,-19,0,-12,66,155,0,0,0,0,0,0,0,0,0,0,0,0,0,0,0,0,0,0,0,0,0,0,199281
1,1,1,1,1058,-1215,1159,27,-19,-11,-14,65,157,0,0,0,0,0,0,0,0,0,0,0,0,0,0,0,0,0,0,0,0,0,0,199291
1,1,1,1,1071,-1225,1175,45,-25,-15,-14,66,157,0,0,0,0,0,0,0,0,0,0,0,0,0,0,0,0,0,0,0,0,0,0,199301
1,1,1,1,1081,-1251,1212,35,-25,-13,-15,66,157,0,0,0,0,0,0,0,0,0,0,0,0,0,0,0,0,0,0,0,0,0,0,199311
1,1,1,1,1078,-1266,1208,3,-19,-12,-17,66,157,0,0,0,0,0,0,0,0,0,0,0,0,0,0,0,0,0,0,0,0,0,0,199321
1,1,1,1,1087,-1269,1211,-44,-7,-3,-17,65,158,0,0,0,0,0,0,0,0,0,0,0,0,0,0,0,0,0,0,0,0,0,0,199331
1,1,1,1,1087,-1269,1202,-72,-1,5,-16,66,157,0,0,0,0,0,0,0,0,0,0,0,0,0,0,0,0,0,0,0,0,0,0,199341
1,1,1,1,1082,-1255,1181,-81,0,9,-17,66,160,0,0,0,0,0,0,0,0,0,0,0,0,0,0,0,0,0,0,0,0,0,0,199351
1,1,1,1,1090,-1258,1175,-76,-9,9,-17,66,159,0,0,0,0,0,0,0,0,0,0,0,0,0,0,0,0,0,0,0,0,0,0,199361
1,1,1,1,1086,-1257,1165,-73,-7,15,-15,66,159,0,0,0,0,0,0,0,0,0,0,0,0,0,0,0,0,0,0,0,0,0,0,199371
1,1,1,1,1085,-1253,1154,-57,-6,12,-16,66,158,0,0,0,0,0,0,0,0,0,0,0,0,0,0,0,0,0,0,0,0,0,0,199381
1,1,1,1,1089,-1235,1146,-30,-12,12,-16,67,161,0,0,0,0,0,0,0,0,0,0,0,0,0,0,0,0,0,0,0,0,0,0,199391
1,1,1,1,1096,-1248,1153,-20,-20,12,-16,67,161,0,0,0,0,0,0,0,0,0,0,0,0,0,0,0,0,0,0,0,0,0,0,199401
1,1,1,1,1100,-1250,1160,-18,-26,12,-17,67,162,0,0,0,0,0,0,0,0,0,0,0,0,0,0,0,0,0,0,0,0,0,0,199411
1,1,1,1,1108,-1240,1168,-8,-26,13,-15,67,161,0,0,0,0,0,0,0,0,0,0,0,0,0,0,0,0,0,0,0,0,0,0,199421
1,1,1,1,1102,-1245,1155,14,-30,6,-15,67,163,0,0,0,0,0,0,0,0,0,0,0,0,0,0,0,0,0,0,0,0,0,0,199431
1,1,1,1,1095,-1264,1158,0,-19,10,-17,68,164,0,0,0,0,0,0,0,0,0,0,0,0,0,0,0,0,0,0,0,0,0,0,199441
1,1,1,1,1093,-1284,1163,-22,-17,10,-14,68,166,0,0,0,0,0,0,0,0,0,0,0,0,0,0,0,0,0,0,0,0,0,0,199451
1,1,1,1,1089,-1283,1170,-47,-18,8,-13,68,163,0,0,0,0,0,0,0,0,0,0,0,0,0,0,0,0,0,0,0,0,0,0,199461
1,1,1,1,1083,-1270,1157,-33,-15,2,-16,68,165,0,0,0,0,0,0,0,0,0,0,0,0,0,0,0,0,0,0,0,0,0,0,199471
1,1,1,1,1082,-1252,1145,-9,-8,0,-17,69,165,0,0,0,0,0,0,0,0,0,0,0,0,0,0,0,0,0,0,0,0,0,0,199481
1,1,1,1,1087,-1252,1162,-8,-14,0,-15,68,165,0,0,0,0,0,0,0,0,0,0,0,0,0,0,0,0,0,0,0,0,0,0,199491
1,1,1,1,1098,-1283,1193,-52,-22,10,-15,66,162,0,0,0,0,0,0,0,0,0,0,0,0,0,0,0,0,0,0,0,0,0,0,199501
1,1,1,1,1080,-1295,1177,-84,-13,13,-16,68,166,0,0,0,0,0,0,0,0,0,0,0,0,0,0,0,0,0,0,0,0,0,0,199511
1,1,1,1,1081,-1281,1156,-84,-9,22,-17,66,162,0,0,0,0,0,0,0,0,0,0,0,0,0,0,0,0,0,0,0,0,0,0,199521
1,1,1,1,1088,-1254,1155,-70,-10,22,-19,69,165,0,0,0,0,0,0,0,0,0,0,0,0,0,0,0,0,0,0,0,0,0,0,199531
1,1,1,1,1086,-1225,1135,-9,-19,16,-18,70,164,0,0,0,0,0,0,0,0,0,0,0,0,0,0,0,0,0,0,0,0,0,0,199541
1,1,1,1,1077,-1222,1110,61,-24,8,-16,69,165,0,0,0,0,0,0,0,0,0,0,0,0,0,0,0,0,0,0,0,0,0,0,199551
1,1,1,1,1082,-1255,1126,93,-36,5,-16,71,168,0,0,0,0,0,0,0,0,0,0,0,0,0,0,0,0,0,0,0,0,0,0,199561
1,1,1,1,1087,-1274,1143,98,-35,7,-13,68,165,0,0,0,0,0,0,0,0,0,0,0,0,0,0,0,0,0,0,0,0,0,0,199571
1,1,1,1,1074,-1284,1157,94,-35,8,-15,70,166,0,0,0,0,0,0,0,0,0,0,0,0,0,0,0,0,0,0,0,0,0,0,199581
1,1,1,1,1072,-1282,1168,77,-24,13,-13,68,166,0,0,0,0,0,0,0,0,0,0,0,0,0,0,0,0,0,0,0,0,0,0,199591
1,1,1,1,1092,-1279,1190,24,-20,19,-13,69,167,0,0,0,0,0,0,0,0,0,0,0,0,0,0,0,0,0,0,0,0,0,0,199601
1,1,1,1,1104,-1275,1202,-17,-13,22,-14,69,169,0,0,0,0,0,0,0,0,0,0,0,0,0,0,0,0,0,0,0,0,0,0,199611
1,1,1,1,1110,-1261,1194,-59,-1,25,-16,70,167,0,0,0,0,0,0,0,0,0,0,0,0,0,0,0,0,0,0,0,0,0,0,199621
1,1,1,1,1104,-1254,1185,-77,7,20,-17,69,170,0,0,0,0,0,0,0,0,0,0,0,0,0,0,0,0,0,0,0,0,0,0,199631
1,1,1,1,1104,-1255,1174,-86,8,13,-17,69,169,0,0,0,0,0,0,0,0,0,0,0,0,0,0,0,0,0,0,0,0,0,0,199641
1,1,1,1,1098,-1261,1160,-70,-2,-1,-15,70,170,0,0,0,0,0,0,0,0,0,0,0,0,0,0,0,0,0,0,0,0,0,0,199651
1,1,1,1,1093,-1255,1136,-46,-13,-12,-18,70,169,0,0,0,0,0,0,0,0,0,0,0,0,0,0,0,0,0,0,0,0,0,0,199661
1,1,1,1,1094,-1260,1126,-11,-25,-20,-15,70,169,0,0,0,0,0,0,0,0,0,0,0,0,0,0,0,0,0,0,0,0,0,0,199671
1,1,1,1,1092,-1273,1123,14,-26,-16,-14,70,170,0,0,0,0,0,0,0,0,0,0,0,0,0,0,0,0,0,0,0,0,0,0,199681
1,1,1,1,1097,-1280,1138,24,-40,-10,-14,70,170,0,0,0,0,0,0,0,0,0,0,0,0,0,0,0,0,0,0,0,0,0,0,199691
1,1,1,1,1095,-1282,1142,25,-45,4,-16,71,168,0,0,0,0,0,0,0,0,0,0,0,0,0,0,0,0,0,0,0,0,0,0,199701
1,1,1,1,1094,-1276,1149,26,-42,15,-14,70,169,0,0,0,0,0,0,0,0,0,0,0,0,0,0,0,0,0,0,0,0,0,0,199711
1,1,1,1,1084,-1262,1142,46,-49,13,-14,71,169,0,0,0,0,0,0,0,0,0,0,0,0,0,0,0,0,0,0,0,0,0,0,199721
1,1,1,1,1085,-1243,1145,79,-44,15,-13,70,169,0,0,0,0,0,0,0,0,0,0,0,0,0,0,0,0,0,0,0,0,0,0,199731
1,1,1,1,1089,-1238,1145,107,-37,18,-15,71,168,0,0,0,0,0,0,0,0,0,0,0,0,0,0,0,0,0,0,0,0,0,0,199741
1,1,1,1,1092,-1261,1172,87,-41,19,-14,71,167,0,0,0,0,0,0,0,0,0,0,0,0,0,0,0,0,0,0,0,0,0,0,199751
1,1,1,1,1091,-1278,1182,74,-42,16,-12,71,167,0,0,0,0,0,0,0,0,0,0,0,0,0,0,0,0,0,0,0,0,0,0,199761
1,1,1,1,1082,-1259,1170,88,-40,12,-12,70,166,0,0,0,0,0,0,0,0,0,0,0,0,0,0,0,0,0,0,0,0,0,0,199771
1,1,1,1,1081,-1211,1149,150,-46,1,-13,71,167,0,0,0,0,0,0,0,0,0,0,0,0,0,0,0,0,0,0,0,0,0,0,199781
1,1,1,1,1090,-1191,1141,222,-52,-10,-13,71,168,0,0,0,0,0,0,0,0,0,0,0,0,0,0,0,0,0,0,0,0,0,0,199791
1,1,1,1,1100,-1221,1161,245,-49,-17,-15,71,167,0,0,0,0,0,0,0,0,0,0,0,0,0,0,0,0,0,0,0,0,0,0,199801
1,1,1,1,1096,-1256,1192,211,-50,-20,-15,71,165,0,0,0,0,0,0,0,0,0,0,0,0,0,0,0,0,0,0,0,0,0,0,199811
1,1,1,1,1093,-1281,1205,151,-25,-16,-15,71,165,0,0,0,0,0,0,0,0,0,0,0,0,0,0,0,0,0,0,0,0,0,0,199821
1,1,1,1,1101,-1273,1202,73,-3,-6,-14,72,163,0,0,0,0,0,0,0,0,0,0,0,0,0,0,0,0,0,0,0,0,0,0,199831
1,1,1,1,1097,-1261,1208,24,4,-3,-12,70,167,0,0,0,0,0,0,0,0,0,0,0,0,0,0,0,0,0,0,0,0,0,0,199841
1,1,1,1,1100,-1242,1197,-17,10,0,-13,70,163,0,0,0,0,0,0,0,0,0,0,0,0,0,0,0,0,0,0,0,0,0,0,199851
1,1,1,1,1101,-1255,1201,-66,19,6,-14,70,166,0,0,0,0,0,0,0,0,0,0,0,0,0,0,0,0,0,0,0,0,0,0,199861
1,1,1,1,1095,-1264,1192,-108,31,7,-14,71,165,0,0,0,0,0,0,0,0,0,0,0,0,0,0,0,0,0,0,0,0,0,0,199871
1,1,1,1,1087,-1253,1171,-125,33,7,-14,70,167,0,0,0,0,0,0,0,0,0,0,0,0,0,0,0,0,0,0,0,0,0,0,199881
1,1,1,1,1087,-1250,1155,-122,36,0,-15,70,166,0,0,0,0,0,0,0,0,0,0,0,0,0,0,0,0,0,0,0,0,0,0,199891
1,1,1,1,1088,-1239,1148,-98,32,-6,-15,70,166,0,0,0,0,0,0,0,0,0,0,0,0,0,0,0,0,0,0,0,0,0,0,199901
1,1,1,1,1097,-1239,1145,-80,18,-9,-13,70,166,0,0,0,0,0,0,0,0,0,0,0,0,0,0,0,0,0,0,0,0,0,0,199911
1,1,1,1,1100,-1253,1146,-64,13,-10,-15,70,167,0,0,0,0,0,0,0,0,0,0,0,0,0,0,0,0,0,0,0,0,0,0,199921
1,1,1,1,1108,-1263,1152,-61,10,-8,-15,70,170,0,0,0,0,0,0,0,0,0,0,0,0,0,0,0,0,0,0,0,0,0,0,199931
1,1,1,1,1112,-1255,1159,-77,-3,-3,-15,70,168,0,0,0,0,0,0,0,0,0,0,0,0,0,0,0,0,0,0,0,0,0,0,199941
1,1,1,1,1112,-1263,1166,-98,-13,3,-13,69,168,0,0,0,0,0,0,0,0,0,0,0,0,0,0,0,0,0,0,0,0,0,0,199951
1,1,1,1,1100,-1271,1168,-101,-3,6,-14,70,169,0,0,0,0,0,0,0,0,0,0,0,0,0,0,0,0,0,0,0,0,0,0,199961
1,1,1,1,1101,-1252,1150,-86,-15,7,-13,70,169,0,0,0,0,0,0,0,0,0,0,0,0,0,0,0,0,0,0,0,0,0,0,199971
1,1,1,1,1097,-1247,1146,-56,-28,5,-13,70,168,0,0,0,0,0,0,0,0,0,0,0,0,0,0,0,0,0,0,0,0,0,0,199981
1,1,1,1,1099,-1258,1144,-24,-40,3,-14,70,167,0,0,0,0,0,0,0,0,0,0,0,0,0,0,0,0,0,0,0,0,0,0,199991
1,1,1,1,1106,-1247,1144,4,-46,-1,-14,70,167,0,0,0,0,0,0,0,0,0,0,0,0,0,0,0,0,0,0,0,0,0,0,200001
1,1,1,1,1117,-1250,1152,8,-59,1,-13,70,168,0,0,0,0,0,0,0,0,0,0,0,0,0,0,0,0,0,0,0,0,0,0,200011
1,1,1,1,1112,-1260,1159,13,-61,2,-15,71,170,0,0,0,0,0,0,0,0,0,0,0,0,0,0,0,0,0,0,0,0,0,0,200021
1,1,1,1,1110,-1244,1151,18,-61,2,-13,69,168,0,0,0,0,0,0,0,0,0,0,0,0,0,0,0,0,0,0,0,0,0,0,200031
1,1,1,1,1111,-1230,1150,26,-63,4,-13,70,169,0,0,0,0,0,0,0,0,0,0,0,0,0,0,0,0,0,0,0,0,0,0,200041
1,1,1,1,1103,-1238,1150,26,-62,3,-13,71,167,0,0,0,0,0,0,0,0,0,0,0,0,0,0,0,0,0,0,0,0,0,0,200051
1,1,1,1,1097,-1251,1165,24,-58,0,-14,70,164,0,0,0,0,0,0,0,0,0,0,0,0,0,0,0,0,0,0,0,0,0,0,200061
1,1,1,1,1103,-1262,1172,9,-54,-5,-14,70,167,0,0,0,0,0,0,0,0,0,0,0,0,0,0,0,0,0,0,0,0,0,0,200071
1,1,1,1,1110,-1267,1191,-25,-54,2,-13,71,167,0,0,0,0,0,0,0,0,0,0,0,0,0,0,0,0,0,0,0,0,0,0,200081
1,1,1,1,1109,-1274,1180,-52,-47,1,-16,71,168,0,0,0,0,0,0,0,0,0,0,0,0,0,0,0,0,0,0,0,0,0,0,200091
1,1,1,1,1103,-1261,1158,-61,-34,-1,-17,71,167,0,0,0,0,0,0,0,0,0,0,0,0,0,0,0,0,0,0,0,0,0,0,200101
1,1,1,1,1108,-1246,1149,-68,-35,5,-16,69,167,0,0,0,0,0,0,0,0,0,0,0,0,0,0,0,0,0,0,0,0,0,0,200111
1,1,1,1,1103,-1256,1140,-66,-34,7,-17,72,168,0,0,0,0,0,0,0,0,0,0,0,0,0,0,0,0,0,0,0,0,0,0,200121
1,1,1,1,1103,-1248,1135,-44,-23,7,-18,71,164,0,0,0,0,0,0,0,0,0,0,0,0,0,0,0,0,0,0,0,0,0,0,200131
1,1,1,1,1104,-1222,1121,-7,-18,7,-17,71,167,0,0,0,0,0,0,0,0,0,0,0,0,0,0,0,0,0,0,0,0,0,0,200141
1,1,1,1,1100,-1222,1127,31,-16,2,-16,71,167,0,0,0,0,0,0,0,0,0,0,0,0,0,0,0,0,0,0,0,0,0,0,200151
1,1,1,1,1099,-1223,1131,60,-13,-3,-16,72,167,0,0,0,0,0,0,0,0,0,0,0,0,0,0,0,0,0,0,0,0,0,0,200161
1,1,1,1,1097,-1238,1141,63,-19,-4,-16,70,165,0,0,0,0,0,0,0,0,0,0,0,0,0,0,0,0,0,0,0,0,0,0,200171
1,1,1,1,1097,-1264,1165,36,-10,6,-14,71,162,0,0,0,0,0,0,0,0,0,0,0,0,0,0,0,0,0,0,0,0,0,0,200181
1,1,1,1,1097,-1293,1176,4,5,15,-14,71,165,0,0,0,0,0,0,0,0,0,0,0,0,0,0,0,0,0,0,0,0,0,0,200191
1,1,1,1,1090,-1292,1173,-18,13,18,-11,69,166,0,0,0,0,0,0,0,0,0,0,0,0,0,0,0,0,0,0,0,0,0,0,200201
1,1,1,1,1095,-1276,1169,-33,16,16,-14,70,166,0,0,0,0,0,0,0,0,0,0,0,0,0,0,0,0,0,0,0,0,0,0,200211
1,1,1,1,1094,-1261,1160,-33,24,6,-16,70,166,0,0,0,0,0,0,0,0,0,0,0,0,0,0,0,0,0,0,0,0,0,0,200221
1,1,1,1,1098,-1248,1146,-21,33,-1,-15,68,163,0,0,0,0,0,0,0,0,0,0,0,0,0,0,0,0,0,0,0,0,0,0,200231
1,1,1,1,1101,-1250,1147,-18,29,-7,-17,69,162,0,0,0,0,0,0,0,0,0,0,0,0,0,0,0,0,0,0,0,0,0,0,200241
1,1,1,1,1107,-1249,1149,-17,28,-12,-15,69,161,0,0,0,0,0,0,0,0,0,0,0,0,0,0,0,0,0,0,0,0,0,0,200251
1,1,1,1,1114,-1247,1159,-25,23,-9,-13,69,164,0,0,0,0,0,0,0,0,0,0,0,0,0,0,0,0,0,0,0,0,0,0,200261
1,1,1,1,1101,-1272,1140,-10,30,-11,-13,70,162,0,0,0,0,0,0,0,0,0,0,0,0,0,0,0,0,0,0,0,0,0,0,200271
1,1,1,1,1101,-1269,1140,-10,28,-13,-13,69,163,0,0,0,0,0,0,0,0,0,0,0,0,0,0,0,0,0,0,0,0,0,0,200281
1,1,1,1,1114,-1263,1152,-7,26,-10,-13,69,162,0,0,0,0,0,0,0,0,0,0,0,0,0,0,0,0,0,0,0,0,0,0,200291
1,1,1,1,1119,-1257,1153,-16,25,-8,-14,69,160,0,0,0,0,0,0,0,0,0,0,0,0,0,0,0,0,0,0,0,0,0,0,200301
1,1,1,1,1119,-1268,1159,-28,20,-2,-14,69,164,0,0,0,0,0,0,0,0,0,0,0,0,0,0,0,0,0,0,0,0,0,0,200311
1,1,1,1,1121,-1270,1128,-22,15,-2,-16,70,164,0,0,0,0,0,0,0,0,0,0,0,0,0,0,0,0,0,0,0,0,0,0,200321
1,1,1,1,1121,-1266,1134,-5,5,1,-14,69,164,0,0,0,0,0,0,0,0,0,0,0,0,0,0,0,0,0,0,0,0,0,0,200331
1,1,1,1,1114,-1266,1138,5,1,-4,-12,69,161,0,0,0,0,0,0,0,0,0,0,0,0,0,0,0,0,0,0,0,0,0,0,200341
1,1,1,1,1112,-1263,1158,0,-22,-5,-14,70,159,0,0,0,0,0,0,0,0,0,0,0,0,0,0,0,0,0,0,0,0,0,0,200351
1,1,1,1,1109,-1265,1161,-1,-26,-6,-13,70,158,0,0,0,0,0,0,0,0,0,0,0,0,0,0,0,0,0,0,0,0,0,0,200361
1,1,1,1,1113,-1247,1151,8,-24,-8,-15,69,157,0,0,0,0,0,0,0,0,0,0,0,0,0,0,0,0,0,0,0,0,0,0,200371
1,1,1,1,1125,-1251,1168,0,-30,-5,-14,70,157,0,0,0,0,0,0,0,0,0,0,0,0,0,0,0,0,0,0,0,0,0,0,200381
1,1,1,1,1120,-1270,1168,-17,-27,-1,-13,69,160,0,0,0,0,0,0,0,0,0,0,0,0,0,0,0,0,0,0,0,0,0,0,200391
1,1,1,1,1116,-1280,1152,-33,-30,0,-14,69,156,0,0,0,0,0,0,0,0,0,0,0,0,0,0,0,0,0,0,0,0,0,0,200401
1,1,1,1,1115,-1270,1143,-43,-31,2,-14,69,158,0,0,0,0,0,0,0,0,0,0,0,0,0,0,0,0,0,0,0,0,0,0,200411
1,1,1,1,1109,-1260,1139,-41,-32,3,-16,69,156,0,0,0,0,0,0,0,0,0,0,0,0,0,0,0,0,0,0,0,0,0,0,200421
1,1,1,1,1106,-1260,1141,-25,-34,0,-14,67,157,0,0,0,0,0,0,0,0,0,0,0,0,0,0,0,0,0,0,0,0,0,0,200431
1,1,1,1,1099,-1253,1128,2,-29,2,-15,69,156,0,0,0,0,0,0,0,0,0,0,0,0,0,0,0,0,0,0,0,0,0,0,200441
1,1,1,1,1106,-1264,1130,8,-36,5,-15,69,154,0,0,0,0,0,0,0,0,0,0,0,0,0,0,0,0,0,0,0,0,0,0,200451
1,1,1,1,1101,-1280,1143,-1,-41,11,-16,71,157,0,0,0,0,0,0,0,0,0,0,0,0,0,0,0,0,0,0,0,0,0,0,200461
1,1,1,1,1108,-1290,1141,-21,-47,13,-13,68,154,0,0,0,0,0,0,0,0,0,0,0,0,0,0,0,0,0,0,0,0,0,0,200471
1,1,1,1,1112,-1285,1138,-42,-54,13,-12,68,154,0,0,0,0,0,0,0,0,0,0,0,0,0,0,0,0,0,0,0,0,0,0,200481
1,1,1,1,1119,-1271,1132,-46,-50,17,-11,68,152,0,0,0,0,0,0,0,0,0,0,0,0,0,0,0,0,0,0,0,0,0,0,200491
1,1,1,1,1122,-1267,1124,-51,-59,19,-11,68,156,0,0,0,0,0,0,0,0,0,0,0,0,0,0,0,0,0,0,0,0,0,0,200501
1,1,1,1,1121,-1264,1133,-60,-72,19,-11,68,153,0,0,0,0,0,0,0,0,0,0,0,0,0,0,0,0,0,0,0,0,0,0,200511
1,1,1,1,1118,-1273,1129,-66,-77,21,-9,66,153,0,0,0,0,0,0,0,0,0,0,0,0,0,0,0,0,0,0,0,0,0,0,200521
1,1,1,1,1122,-1287,1144,-91,-82,28,-11,68,152,0,0,0,0,0,0,0,0,0,0,0,0,0,0,0,0,0,0,0,0,0,0,200531
1,1,1,1,1134,-1299,1145,-139,-80,31,-11,68,151,0,0,0,0,0,0,0,0,0,0,0,0,0,0,0,0,0,0,0,0,0,0,200541
1,1,1,1,1140,-1297,1128,-187,-94,29,-11,67,152,0,0,0,0,0,0,0,0,0,0,0,0,0,0,0,0,0,0,0,0,0,0,200551
1,1,1,1,1146,-1301,1111,-229,-113,24,-12,66,153,0,0,0,0,0,0,0,0,0,0,0,0,0,0,0,0,0,0,0,0,0,0,200561
1,1,1,1,1146,-1301,1111,-234,-122,12,-11,67,150,0,0,0,0,0,0,0,0,0,0,0,0,0,0,0,0,0,0,0,0,0,0,200571
1,1,1,1,1153,-1269,1035,-221,-148,-8,-12,67,149,0,0,0,0,0,0,0,0,0,0,0,0,0,0,0,0,0,0,0,0,0,0,200581
1,1,1,1,1164,-1271,1017,-222,-191,-31,-12,67,150,0,0,0,0,0,0,0,0,0,0,0,0,0,0,0,0,0,0,0,0,0,0,200591
1,1,1,1,1163,-1331,982,-466,-201,-57,-14,68,144,0,0,0,0,0,0,0,0,0,0,0,0,0,0,0,0,0,0,0,0,0,0,200601
1,1,1,1,1158,-1394,946,-985,-237,-64,-13,66,141,0,0,0,0,0,0,0,0,0,0,0,0,0,0,0,0,0,0,0,0,0,0,200611
1,1,1,1,1317,-1195,1255,-1035,-347,-55,-16,64,143,0,0,0,0,0,0,0,0,0,0,0,0,0,0,0,0,0,0,0,0,0,0,200621
1,1,1,1,1187,-1439,1098,-1341,-351,-90,-18,65,143,0,0,0,0,0,0,0,0,0,0,0,0,0,0,0,0,0,0,0,0,0,0,200631
1,1,1,1,1186,-1516,1062,-1675,-376,-104,-17,65,143,0,0,0,0,0,0,0,0,0,0,0,0,0,0,0,0,0,0,0,0,0,0,200641
1,1,1,1,1228,-1471,1028,-1928,-439,-140,-16,65,140,0,0,0,0,0,0,0,0,0,0,0,0,0,0,0,0,0,0,0,0,0,0,200651
1,1,1,1,1217,-1467,915,-2162,-502,-175,-20,65,138,0,0,0,0,0,0,0,0,0,0,0,0,0,0,0,0,0,0,0,0,0,0,200661
1,1,1,1,1267,-1499,776,-2523,-572,-225,-10,65,136,0,0,0,0,0,0,0,0,0,0,0,0,0,0,0,0,0,0,0,0,0,0,200671
1,1,1,1,1358,-1417,938,-2185,-662,-265,-14,62,134,0,0,0,0,0,0,0,0,0,0,0,0,0,0,0,0,0,0,0,0,0,0,200681
1,1,1,1,1297,-1447,822,-1766,-707,-257,-14,61,133,0,0,0,0,0,0,0,0,0,0,0,0,0,0,0,0,0,0,0,0,0,0,200691
1,1,1,1,1323,-1420,709,-1798,-789,-301,-14,61,131,0,0,0,0,0,0,0,0,0,0,0,0,0,0,0,0,0,0,0,0,0,0,200701
1,1,1,1,1363,-1325,705,-1645,-870,-372,-11,62,132,0,0,0,0,0,0,0,0,0,0,0,0,0,0,0,0,0,0,0,0,0,0,200711
1,1,1,1,1359,-1308,670,-1414,-913,-459,-11,57,125,0,0,0,0,0,0,0,0,0,0,0,0,0,0,0,0,0,0,0,0,0,0,200721
1,1,1,1,1331,-1357,714,-1239,-942,-532,-12,52,117,0,0,0,0,0,0,0,0,0,0,0,0,0,0,0,0,0,0,0,0,0,0,200731
1,1,1,1,1345,-1455,828,-1138,-969,-591,-14,54,117,0,0,0,0,0,0,0,0,0,0,0,0,0,0,0,0,0,0,0,0,0,0,200741
1,1,1,1,1398,-1366,904,-856,-921,-679,-17,50,114,0,0,0,0,0,0,0,0,0,0,0,0,0,0,0,0,0,0,0,0,0,0,200751
1,1,1,1,1428,-1294,958,-952,-843,-711,-12,45,109,0,0,0,0,0,0,0,0,0,0,0,0,0,0,0,0,0,0,0,0,0,0,200761
1,1,1,1,1330,-1750,846,-1088,-857,-716,-12,46,106,0,0,0,0,0,0,0,0,0,0,0,0,0,0,0,0,0,0,0,0,0,0,200771
1,1,1,1,1257,-1934,742,-970,-852,-629,-8,45,106,0,0,0,0,0,0,0,0,0,0,0,0,0,0,0,0,0,0,0,0,0,0,200781
1,1,1,1,1272,-1766,633,-514,-876,-582,-7,40,102,0,0,0,0,0,0,0,0,0,0,0,0,0,0,0,0,0,0,0,0,0,0,200791
1,1,1,1,1385,-1536,484,-376,-887,-592,-14,38,101,0,0,0,0,0,0,0,0,0,0,0,0,0,0,0,0,0,0,0,0,0,0,200801
1,1,1,1,1492,-1504,588,-925,-879,-651,-15,36,93,0,0,0,0,0,0,0,0,0,0,0,0,0,0,0,0,0,0,0,0,0,0,200811
1,1,1,1,1401,-1618,785,-1308,-841,-705,-7,32,85,0,0,0,0,0,0,0,0,0,0,0,0,0,0,0,0,0,0,0,0,0,0,200821
1,1,1,1,1195,-1748,665,-1192,-786,-690,-18,28,75,0,0,0,0,0,0,0,0,0,0,0,0,0,0,0,0,0,0,0,0,0,0,200831
1,1,1,1,1281,-2203,488,-1527,-837,-517,-10,28,68,0,0,0,0,0,0,0,0,0,0,0,0,0,0,0,0,0,0,0,0,0,0,200841
1,1,1,1,1322,-1874,435,-1746,-944,-486,-8,18,54,0,0,0,0,0,0,0,0,0,0,0,0,0,0,0,0,0,0,0,0,0,0,200851
1,1,1,1,1429,-1347,348,-1678,-937,-554,-10,5,25,0,0,0,0,0,0,0,0,0,0,0,0,0,0,0,0,0,0,0,0,0,0,200861
1,1,1,1,1558,-1502,326,-2063,-929,-579,-7,2,16,0,0,0,0,0,0,0,0,0,0,0,0,0,0,0,0,0,0,0,0,0,0,200871
1,1,1,1,1441,-1667,405,-2374,-960,-648,-3,0,5,0,0,0,0,0,0,0,0,0,0,0,0,0,0,0,0,0,0,0,0,0,0,200881
1,1,1,1,1333,-1641,646,-2599,-944,-662,3,-3,-6,0,0,0,0,0,0,0,0,0,0,0,0,0,0,0,0,0,0,0,0,0,0,200891
1,1,1,1,1324,-1228,514,-1965,-718,-742,2,-2,-5,0,0,0,0,0,0,0,0,0,0,0,0,0,0,0,0,0,0,0,0,0,0,200901
1,1,1,1,1461,-1310,406,-1656,-614,-741,-1,-2,-6,0,0,0,0,0,0,0,0,0,0,0,0,0,0,0,0,0,0,0,0,0,0,200911
1,1,1,1,1625,-1464,510,-1801,-553,-665,1,2,-4,0,0,0,0,0,0,0,0,0,0,0,0,0,0,0,0,0,0,0,0,0,0,200921
1,1,1,1,1675,-1477,502,-1861,-503,-571,2,3,5,0,0,0,0,0,0,0,0,0,0,0,0,0,0,0,0,0,0,0,0,0,0,200931
1,1,1,1,1615,-1503,408,-1674,-420,-557,2,6,6,0,0,0,0,0,0,0,0,0,0,0,0,0,0,0,0,0,0,0,0,0,0,200941
1,1,1,1,1547,-1584,328,-1412,-292,-547,8,7,13,0,0,0,0,0,0,0,0,0,0,0,0,0,0,0,0,0,0,0,0,0,0,200951
1,1,1,1,1529,-1669,160,-833,-259,-494,12,8,10,0,0,0,0,0,0,0,0,0,0,0,0,0,0,0,0,0,0,0,0,0,0,200961
1,1,1,1,1559,-1826,31,-419,-294,-428,10,8,5,0,0,0,0,0,0,0,0,0,0,0,0,0,0,0,0,0,0,0,0,0,0,200971
1,1,1,1,1549,-1983,-70,-218,-336,-343,8,10,4,0,0,0,0,0,0,0,0,0,0,0,0,0,0,0,0,0,0,0,0,0,0,200981
1,1,1,1,1691,-2001,-46,-288,-544,-201,0,7,10,0,0,0,0,0,0,0,0,0,0,0,0,0,0,0,0,0,0,0,0,0,0,200991
1,1,1,1,1781,-2023,-73,-779,-737,-163,-5,5,10,0,0,0,0,0,0,0,0,0,0,0,0,0,0,0,0,0,0,0,0,0,0,201001
1,1,1,1,1722,-1926,-36,-1848,-609,-126,-8,0,11,0,0,0,0,0,0,0,0,0,0,0,0,0,0,0,0,0,0,0,0,0,0,201011
1,1,1,1,1779,-1786,45,-2690,-604,-72,-9,6,14,0,0,0,0,0,0,0,0,0,0,0,0,0,0,0,0,0,0,0,0,0,0,201021
1,1,1,1,1817,-1813,-165,-3051,-524,-83,-16,12,22,0,0,0,0,0,0,0,0,0,0,0,0,0,0,0,0,0,0,0,0,0,0,201031
1,1,1,1,1671,-1809,21,-3807,-493,-3,-6,10,27,0,0,0,0,0,0,0,0,0,0,0,0,0,0,0,0,0,0,0,0,0,0,201041
1,1,1,1,1538,-1687,-260,-3739,-516,-12,2,18,33,0,0,0,0,0,0,0,0,0,0,0,0,0,0,0,0,0,0,0,0,0,0,201051
1,1,1,1,1583,-1605,-433,-2643,-744,-183,2,12,31,0,0,0,0,0,0,0,0,0,0,0,0,0,0,0,0,0,0,0,0,0,0,201061
1,1,1,1,1670,-1701,-615,-1987,-718,-317,-7,11,30,0,0,0,0,0,0,0,0,0,0,0,0,0,0,0,0,0,0,0,0,0,0,201071
1,1,1,1,1584,-1692,-303,-2302,-823,-401,-5,15,34,0,0,0,0,0,0,0,0,0,0,0,0,0,0,0,0,0,0,0,0,0,0,201081
1,1,1,1,1687,-1616,-346,-2441,-950,-566,-5,-1,12,0,0,0,0,0,0,0,0,0,0,0,0,0,0,0,0,0,0,0,0,0,0,201091
1,1,1,1,1740,-1584,-572,-2145,-613,-657,8,20,32,0,0,0,0,0,0,0,0,0,0,0,0,0,0,0,0,0,0,0,0,0,0,201101
1,1,1,1,1807,-1840,-133,-1802,-1083,-1174,1,15,30,0,0,0,0,0,0,0,0,0,0,0,0,0,0,0,0,0,0,0,0,0,0,201111
1,1,1,1,1792,-1602,-338,-2223,-948,-1150,10,15,25,0,0,0,0,0,0,0,0,0,0,0,0,0,0,0,0,0,0,0,0,0,0,201121
1,1,1,1,1723,-1448,-209,-2207,-596,-905,13,17,31,0,0,0,0,0,0,0,0,0,0,0,0,0,0,0,0,0,0,0,0,0,0,201131
1,1,1,1,1769,-1441,-362,-1505,-715,-1176,8,14,31,0,0,0,0,0,0,0,0,0,0,0,0,0,0,0,0,0,0,0,0,0,0,201141
1,1,1,1,1543,-1338,-385,-1559,-485,-1287,6,17,31,0,0,0,0,0,0,0,0,0,0,0,0,0,0,0,0,0,0,0,0,0,0,201151
1,1,1,1,1689,-1345,-151,-1979,-238,-1290,1,15,27,0,0,0,0,0,0,0,0,0,0,0,0,0,0,0,0,0,0,0,0,0,0,201161
1,1,1,1,1666,-1399,-232,-3010,172,-1057,0,22,29,0,0,0,0,0,0,0,0,0,0,0,0,0,0,0,0,0,0,0,0,0,0,201171
1,1,1,1,1681,-1569,-395,-3775,336,-1069,-5,24,33,0,0,0,0,0,0,0,0,0,0,0,0,0,0,0,0,0,0,0,0,0,0,201181
1,1,1,1,1844,-1631,-591,-4760,305,-1176,-13,26,34,0,0,0,0,0,0,0,0,0,0,0,0,0,0,0,0,0,0,0,0,0,0,201191
1,1,1,1,1820,-1781,-657,-6161,231,-1080,-8,27,35,0,0,0,0,0,0,0,0,0,0,0,0,0,0,0,0,0,0,0,0,0,0,201201
1,1,1,1,1672,-1711,-793,-7328,30,-943,-14,30,34,0,0,0,0,0,0,0,0,0,0,0,0,0,0,0,0,0,0,0,0,0,0,201211
1,1,1,1,1636,-1572,-920,-8210,-360,-921,-6,29,39,0,0,0,0,0,0,0,0,0,0,0,0,0,0,0,0,0,0,0,0,0,0,201221
1,1,1,1,2288,-1229,-885,-7685,-758,-1078,8,32,44,0,0,0,0,0,0,0,0,0,0,0,0,0,0,0,0,0,0,0,0,0,0,201231
1,1,1,1,2480,-828,-1090,-5866,-1141,-1336,10,31,42,0,0,0,0,0,0,0,0,0,0,0,0,0,0,0,0,0,0,0,0,0,0,201241
1,1,1,1,2184,-824,-1203,-4327,-1349,-1422,3,27,41,0,0,0,0,0,0,0,0,0,0,0,0,0,0,0,0,0,0,0,0,0,0,201251
1,1,1,1,1626,-1139,-1126,-4160,-1228,-1260,3,25,33,0,0,0,0,0,0,0,0,0,0,0,0,0,0,0,0,0,0,0,0,0,0,201261
1,1,1,1,1665,-987,-1130,-4115,-1096,-1014,17,23,33,0,0,0,0,0,0,0,0,0,0,0,0,0,0,0,0,0,0,0,0,0,0,201271
1,1,1,1,1736,-631,-1359,-2977,-899,-668,7,20,35,0,0,0,0,0,0,0,0,0,0,0,0,0,0,0,0,0,0,0,0,0,0,201281
1,1,1,1,1752,-823,-1371,-2031,-736,-555,1,18,37,0,0,0,0,0,0,0,0,0,0,0,0,0,0,0,0,0,0,0,0,0,0,201291
1,1,1,1,1677,-896,-1384,-2115,-744,-675,-3,15,38,0,0,0,0,0,0,0,0,0,0,0,0,0,0,0,0,0,0,0,0,0,0,201301
1,1,1,1,1765,-897,-1416,-2162,-939,-838,-5,10,35,0,0,0,0,0,0,0,0,0,0,0,0,0,0,0,0,0,0,0,0,0,0,201311
1,1,1,1,1730,-1013,-1532,-2114,-1026,-891,-10,-1,34,0,0,0,0,0,0,0,0,0,0,0,0,0,0,0,0,0,0,0,0,0,0,201321
1,1,1,1,1722,-965,-1637,-2053,-966,-997,-14,-1,30,0,0,0,0,0,0,0,0,0,0,0,0,0,0,0,0,0,0,0,0,0,0,201331
1,1,1,1,1456,-877,-1669,-2032,-935,-1081,-17,0,33,0,0,0,0,0,0,0,0,0,0,0,0,0,0,0,0,0,0,0,0,0,0,201341
1,1,1,1,1936,-788,-1685,-2076,-1134,-1159,-7,4,33,0,0,0,0,0,0,0,0,0,0,0,0,0,0,0,0,0,0,0,0,0,0,201351
1,1,1,1,2061,-648,-1742,-1770,-1451,-1248,-8,-4,16,0,0,0,0,0,0,0,0,0,0,0,0,0,0,0,0,0,0,0,0,0,0,201361
1,1,1,1,1508,-493,-1695,-1909,-1390,-975,-16,-2,20,0,0,0,0,0,0,0,0,0,0,0,0,0,0,0,0,0,0,0,0,0,0,201371
1,1,1,1,1483,-427,-1607,-2201,-1245,-829,-10,-2,20,0,0,0,0,0,0,0,0,0,0,0,0,0,0,0,0,0,0,0,0,0,0,201381
1,1,1,1,1540,-302,-1657,-2178,-1247,-647,-7,1,18,0,0,0,0,0,0,0,0,0,0,0,0,0,0,0,0,0,0,0,0,0,0,201391
1,1,1,1,1615,-316,-1552,-2091,-1365,-547,-9,6,26,0,0,0,0,0,0,0,0,0,0,0,0,0,0,0,0,0,0,0,0,0,0,201401
1,1,1,1,1714,-401,-1509,-2109,-1537,-617,-5,8,35,0,0,0,0,0,0,0,0,0,0,0,0,0,0,0,0,0,0,0,0,0,0,201411
1,1,1,1,1691,-565,-1563,-2181,-1682,-864,-7,8,40,0,0,0,0,0,0,0,0,0,0,0,0,0,0,0,0,0,0,0,0,0,0,201421
1,1,1,1,1930,-676,-1604,-2193,-1736,-1045,-4,10,43,0,0,0,0,0,0,0,0,0,0,0,0,0,0,0,0,0,0,0,0,0,0,201431
1,1,1,1,2023,-654,-1638,-1962,-1744,-1275,-2,12,38,0,0,0,0,0,0,0,0,0,0,0,0,0,0,0,0,0,0,0,0,0,0,201441
1,1,1,1,1844,-561,-1580,-1725,-1811,-1363,-5,12,41,0,0,0,0,0,0,0,0,0,0,0,0,0,0,0,0,0,0,0,0,0,0,201451
1,1,1,1,1691,-429,-1513,-1912,-1744,-1341,1,20,47,0,0,0,0,0,0,0,0,0,0,0,0,0,0,0,0,0,0,0,0,0,0,201461
1,1,1,1,1800,-141,-1559,-1731,-1720,-1404,9,25,26,0,0,0,0,0,0,0,0,0,0,0,0,0,0,0,0,0,0,0,0,0,0,201471
1,1,1,1,1551,136,-1545,-1461,-1870,-797,-2,20,21,0,0,0,0,0,0,0,0,0,0,0,0,0,0,0,0,0,0,0,0,0,0,201481
1,1,1,1,1065,-174,-1464,-2304,-1682,136,-1,21,24,0,0,0,0,0,0,0,0,0,0,0,0,0,0,0,0,0,0,0,0,0,0,201491
1,1,1,1,1287,101,-1638,-2914,-1336,390,2,26,53,0,0,0,0,0,0,0,0,0,0,0,0,0,0,0,0,0,0,0,0,0,0,201501
1,1,1,1,1594,-9,-2154,-2420,-1068,-136,11,33,50,0,0,0,0,0,0,0,0,0,0,0,0,0,0,0,0,0,0,0,0,0,0,201511
1,1,1,1,1763,-58,-1881,-2294,-1361,-384,5,36,57,0,0,0,0,0,0,0,0,0,0,0,0,0,0,0,0,0,0,0,0,0,0,201521
1,1,1,1,1467,-320,-1806,-2622,-1726,-406,5,33,53,0,0,0,0,0,0,0,0,0,0,0,0,0,0,0,0,0,0,0,0,0,0,201531
1,1,1,1,1299,-75,-1969,-2658,-1296,-420,14,37,57,0,0,0,0,0,0,0,0,0,0,0,0,0,0,0,0,0,0,0,0,0,0,201541
1,1,1,1,1132,99,-1823,-2081,-836,-304,18,49,64,0,0,0,0,0,0,0,0,0,0,0,0,0,0,0,0,0,0,0,0,0,0,201551
1,1,1,1,1247,178,-1539,-1852,-829,-413,6,53,75,0,0,0,0,0,0,0,0,0,0,0,0,0,0,0,0,0,0,0,0,0,0,201561
1,1,1,1,872,-65,-1524,-2480,-882,-551,14,53,70,0,0,0,0,0,0,0,0,0,0,0,0,0,0,0,0,0,0,0,0,0,0,201571
1,1,1,1,867,306,-1693,-3470,-879,-557,14,52,75,0,0,0,0,0,0,0,0,0,0,0,0,0,0,0,0,0,0,0,0,0,0,201581
1,1,1,1,1093,503,-1998,-2962,-945,-461,15,52,81,0,0,0,0,0,0,0,0,0,0,0,0,0,0,0,0,0,0,0,0,0,0,201591
1,1,1,1,1462,327,-1940,-2528,-1001,-388,15,50,80,0,0,0,0,0,0,0,0,0,0,0,0,0,0,0,0,0,0,0,0,0,0,201601
1,1,1,1,1518,184,-2036,-1913,-875,-238,13,53,79,0,0,0,0,0,0,0,0,0,0,0,0,0,0,0,0,0,0,0,0,0,0,201611
1,1,1,1,1245,194,-1985,-1505,-612,-93,11,53,79,0,0,0,0,0,0,0,0,0,0,0,0,0,0,0,0,0,0,0,0,0,0,201621
1,1,1,1,1210,375,-1850,-1538,-519,-176,17,44,69,0,0,0,0,0,0,0,0,0,0,0,0,0,0,0,0,0,0,0,0,0,0,201631
1,1,1,1,1328,486,-1767,-1459,-591,-197,15,45,63,0,0,0,0,0,0,0,0,0,0,0,0,0,0,0,0,0,0,0,0,0,0,201641
1,1,1,1,1321,514,-1664,-1368,-574,-105,14,47,52,0,0,0,0,0,0,0,0,0,0,0,0,0,0,0,0,0,0,0,0,0,0,201651
1,1,1,1,1162,644,-1506,-1140,-434,3,20,45,51,0,0,0,0,0,0,0,0,0,0,0,0,0,0,0,0,0,0,0,0,0,0,201661
1,1,1,1,1272,694,-1406,-903,-373,-43,23,43,49,0,0,0,0,0,0,0,0,0,0,0,0,0,0,0,0,0,0,0,0,0,0,201671
1,1,1,1,1278,652,-1479,-711,-278,-91,22,42,51,0,0,0,0,0,0,0,0,0,0,0,0,0,0,0,0,0,0,0,0,0,0,201681
1,1,1,1,1306,594,-1627,-537,-76,-122,26,41,47,0,0,0,0,0,0,0,0,0,0,0,0,0,0,0,0,0,0,0,0,0,0,201691
1,1,1,1,1323,564,-1650,-469,116,-144,29,42,47,0,0,0,0,0,0,0,0,0,0,0,0,0,0,0,0,0,0,0,0,0,0,201701
1,1,1,1,1354,577,-1607,-397,261,-185,28,46,48,0,0,0,0,0,0,0,0,0,0,0,0,0,0,0,0,0,0,0,0,0,0,201711
1,1,1,1,1312,589,-1483,-388,332,-251,34,43,43,0,0,0,0,0,0,0,0,0,0,0,0,0,0,0,0,0,0,0,0,0,0,201721
1,1,1,1,1262,620,-1473,-372,397,-243,31,43,40,0,0,0,0,0,0,0,0,0,0,0,0,0,0,0,0,0,0,0,0,0,0,201731
1,1,1,1,1194,661,-1505,-377,385,-228,33,44,43,0,0,0,0,0,0,0,0,0,0,0,0,0,0,0,0,0,0,0,0,0,0,201741
1,1,1,1,1178,727,-1595,-389,357,-297,32,42,45,0,0,0,0,0,0,0,0,0,0,0,0,0,0,0,0,0,0,0,0,0,0,201751
1,1,1,1,1242,692,-1635,-206,442,-348,34,44,48,0,0,0,0,0,0,0,0,0,0,0,0,0,0,0,0,0,0,0,0,0,0,201761
1,1,1,1,1242,692,-1635,28,546,-344,37,43,43,0,0,0,0,0,0,0,0,0,0,0,0,0,0,0,0,0,0,0,0,0,0,201771
1,1,1,1,1215,744,-1552,237,660,-317,35,45,45,0,0,0,0,0,0,0,0,0,0,0,0,0,0,0,0,0,0,0,0,0,0,201781
1,1,1,1,1155,747,-1526,328,653,-267,37,45,45,0,0,0,0,0,0,0,0,0,0,0,0,0,0,0,0,0,0,0,0,0,0,201791
1,1,1,1,1155,747,-1526,322,629,-273,36,45,46,0,0,0,0,0,0,0,0,0,0,0,0,0,0,0,0,0,0,0,0,0,0,201801
1,1,1,1,1151,704,-1596,354,645,-315,37,45,46,0,0,0,0,0,0,0,0,0,0,0,0,0,0,0,0,0,0,0,0,0,0,201811
1,1,1,1,1175,602,-1597,337,577,-303,39,45,46,0,0,0,0,0,0,0,0,0,0,0,0,0,0,0,0,0,0,0,0,0,0,201821
1,1,1,1,1201,638,-1620,408,565,-301,40,45,48,0,0,0,0,0,0,0,0,0,0,0,0,0,0,0,0,0,0,0,0,0,0,201831
1,1,1,1,1184,612,-1623,525,572,-332,38,46,50,0,0,0,0,0,0,0,0,0,0,0,0,0,0,0,0,0,0,0,0,0,0,201841
1,1,1,1,1204,570,-1630,623,577,-353,39,46,49,0,0,0,0,0,0,0,0,0,0,0,0,0,0,0,0,0,0,0,0,0,0,201851
1,1,1,1,1213,603,-1635,694,603,-340,41,45,50,0,0,0,0,0,0,0,0,0,0,0,0,0,0,0,0,0,0,0,0,0,0,201861
1,1,1,1,1200,674,-1632,836,570,-331,41,46,49,0,0,0,0,0,0,0,0,0,0,0,0,0,0,0,0,0,0,0,0,0,0,201871
1,1,1,1,1037,689,-1593,840,553,-267,46,46,53,0,0,0,0,0,0,0,0,0,0,0,0,0,0,0,0,0,0,0,0,0,0,201881
1,1,1,1,1200,724,-1708,1109,562,-299,42,44,53,0,0,0,0,0,0,0,0,0,0,0,0,0,0,0,0,0,0,0,0,0,0,201891
1,1,1,1,1131,654,-1670,1216,517,-361,41,45,54,0,0,0,0,0,0,0,0,0,0,0,0,0,0,0,0,0,0,0,0,0,0,201901
1,1,1,1,1123,624,-1763,1230,459,-403,41,45,51,0,0,0,0,0,0,0,0,0,0,0,0,0,0,0,0,0,0,0,0,0,0,201911
1,1,1,1,1141,516,-1813,1092,395,-431,40,45,55,0,0,0,0,0,0,0,0,0,0,0,0,0,0,0,0,0,0,0,0,0,0,201921
1,1,1,1,1117,439,-1825,886,341,-396,38,48,58,0,0,0,0,0,0,0,0,0,0,0,0,0,0,0,0,0,0,0,0,0,0,201931
1,1,1,1,1110,467,-1840,723,301,-366,37,44,56,0,0,0,0,0,0,0,0,0,0,0,0,0,0,0,0,0,0,0,0,0,0,201941
1,1,1,1,1156,517,-1817,699,306,-367,39,46,57,0,0,0,0,0,0,0,0,0,0,0,0,0,0,0,0,0,0,0,0,0,0,201951
1,1,1,1,1232,564,-1724,820,313,-355,39,44,55,0,0,0,0,0,0,0,0,0,0,0,0,0,0,0,0,0,0,0,0,0,0,201961
1,1,1,1,1262,573,-1597,940,346,-327,37,50,62,0,0,0,0,0,0,0,0,0,0,0,0,0,0,0,0,0,0,0,0,0,0,201971
1,1,1,1,1313,549,-1550,997,392,-316,39,50,62,0,0,0,0,0,0,0,0,0,0,0,0,0,0,0,0,0,0,0,0,0,0,201981
1,1,1,1,1349,516,-1651,1035,422,-313,41,52,66,0,0,0,0,0,0,0,0,0,0,0,0,0,0,0,0,0,0,0,0,0,0,201991
1,1,1,1,1363,454,-1729,1026,415,-291,40,55,67,0,0,0,0,0,0,0,0,0,0,0,0,0,0,0,0,0,0,0,0,0,0,202001
1,1,1,1,1387,407,-1792,941,400,-279,42,54,69,0,0,0,0,0,0,0,0,0,0,0,0,0,0,0,0,0,0,0,0,0,0,202011
1,1,1,1,1359,411,-1831,897,378,-262,41,56,72,0,0,0,0,0,0,0,0,0,0,0,0,0,0,0,0,0,0,0,0,0,0,202021
1,1,1,1,1314,429,-1807,858,362,-251,43,55,71,0,0,0,0,0,0,0,0,0,0,0,0,0,0,0,0,0,0,0,0,0,0,202031
1,1,1,1,1305,459,-1776,837,349,-248,45,56,69,0,0,0,0,0,0,0,0,0,0,0,0,0,0,0,0,0,0,0,0,0,0,202041
1,1,1,1,1279,483,-1761,887,349,-238,43,56,74,0,0,0,0,0,0,0,0,0,0,0,0,0,0,0,0,0,0,0,0,0,0,202051
1,1,1,1,1249,486,-1692,880,349,-227,43,58,77,0,0,0,0,0,0,0,0,0,0,0,0,0,0,0,0,0,0,0,0,0,0,202061
1,1,1,1,1284,456,-1763,820,336,-238,44,59,77,0,0,0,0,0,0,0,0,0,0,0,0,0,0,0,0,0,0,0,0,0,0,202071
1,1,1,1,1315,432,-1804,875,342,-204,43,61,75,0,0,0,0,0,0,0,0,0,0,0,0,0,0,0,0,0,0,0,0,0,0,202081
1,1,1,1,1306,413,-1778,914,355,-171,47,62,74,0,0,0,0,0,0,0,0,0,0,0,0,0,0,0,0,0,0,0,0,0,0,202091
1,1,1,1,1305,394,-1791,942,365,-154,43,64,75,0,0,0,0,0,0,0,0,0,0,0,0,0,0,0,0,0,0,0,0,0,0,202101
1,1,1,1,1302,360,-1805,810,341,-138,42,65,77,0,0,0,0,0,0,0,0,0,0,0,0,0,0,0,0,0,0,0,0,0,0,202111
1,1,1,1,1317,302,-1858,605,283,-157,41,65,79,0,0,0,0,0,0,0,0,0,0,0,0,0,0,0,0,0,0,0,0,0,0,202121
1,1,1,1,1331,232,-1877,429,243,-149,41,66,80,0,0,0,0,0,0,0,0,0,0,0,0,0,0,0,0,0,0,0,0,0,0,202131
1,1,1,1,1343,244,-1855,249,209,-129,41,67,81,0,0,0,0,0,0,0,0,0,0,0,0,0,0,0,0,0,0,0,0,0,0,202141
1,1,1,1,1342,283,-1843,197,189,-139,43,68,85,0,0,0,0,0,0,0,0,0,0,0,0,0,0,0,0,0,0,0,0,0,0,202151
1,1,1,1,1339,314,-1715,239,162,-190,44,69,83,0,0,0,0,0,0,0,0,0,0,0,0,0,0,0,0,0,0,0,0,0,0,202161
1,1,1,1,1347,395,-1649,387,177,-244,46,68,83,0,0,0,0,0,0,0,0,0,0,0,0,0,0,0,0,0,0,0,0,0,0,202171
1,1,1,1,1290,466,-1640,478,219,-256,45,70,85,0,0,0,0,0,0,0,0,0,0,0,0,0,0,0,0,0,0,0,0,0,0,202181
1,1,1,1,1287,459,-1618,496,264,-289,41,71,90,0,0,0,0,0,0,0,0,0,0,0,0,0,0,0,0,0,0,0,0,0,0,202191
1,1,1,1,1314,415,-1625,361,286,-334,41,72,95,0,0,0,0,0,0,0,0,0,0,0,0,0,0,0,0,0,0,0,0,0,0,202201
1,1,1,1,1361,445,-1795,496,293,-363,40,73,95,0,0,0,0,0,0,0,0,0,0,0,0,0,0,0,0,0,0,0,0,0,0,202211
1,1,1,1,1320,312,-1819,385,288,-355,39,76,97,0,0,0,0,0,0,0,0,0,0,0,0,0,0,0,0,0,0,0,0,0,0,202221
1,1,1,1,1321,333,-1826,313,283,-347,39,73,99,0,0,0,0,0,0,0,0,0,0,0,0,0,0,0,0,0,0,0,0,0,0,202231
1,1,1,1,1319,337,-1791,227,266,-332,37,73,99,0,0,0,0,0,0,0,0,0,0,0,0,0,0,0,0,0,0,0,0,0,0,202241
1,1,1,1,1318,402,-1729,204,281,-326,38,74,101,0,0,0,0,0,0,0,0,0,0,0,0,0,0,0,0,0,0,0,0,0,0,202251
1,1,1,1,1353,411,-1724,340,303,-326,37,77,101,0,0,0,0,0,0,0,0,0,0,0,0,0,0,0,0,0,0,0,0,0,0,202261
1,1,1,1,1334,391,-1683,310,316,-328,36,80,103,0,0,0,0,0,0,0,0,0,0,0,0,0,0,0,0,0,0,0,0,0,0,202271
1,1,1,1,1326,410,-1713,324,329,-325,35,77,105,0,0,0,0,0,0,0,0,0,0,0,0,0,0,0,0,0,0,0,0,0,0,202281
1,1,1,1,1293,367,-1730,193,325,-319,40,76,105,0,0,0,0,0,0,0,0,0,0,0,0,0,0,0,0,0,0,0,0,0,0,202291
1,1,1,1,1308,400,-1776,220,342,-290,36,78,108,0,0,0,0,0,0,0,0,0,0,0,0,0,0,0,0,0,0,0,0,0,0,202301
1,1,1,1,1330,338,-1744,156,340,-273,38,78,111,0,0,0,0,0,0,0,0,0,0,0,0,0,0,0,0,0,0,0,0,0,0,202311
1,1,1,1,1318,341,-1736,85,347,-258,37,80,112,0,0,0,0,0,0,0,0,0,0,0,0,0,0,0,0,0,0,0,0,0,0,202321
1,1,1,1,1322,388,-1765,112,338,-249,37,82,112,0,0,0,0,0,0,0,0,0,0,0,0,0,0,0,0,0,0,0,0,0,0,202331
1,1,1,1,1347,351,-1778,180,322,-244,34,81,112,0,0,0,0,0,0,0,0,0,0,0,0,0,0,0,0,0,0,0,0,0,0,202341
1,1,1,1,1363,331,-1769,92,294,-231,37,82,113,0,0,0,0,0,0,0,0,0,0,0,0,0,0,0,0,0,0,0,0,0,0,202351
1,1,1,1,1383,352,-1791,75,263,-220,36,83,112,0,0,0,0,0,0,0,0,0,0,0,0,0,0,0,0,0,0,0,0,0,0,202361
1,1,1,1,1361,352,-1786,2,229,-205,34,84,114,0,0,0,0,0,0,0,0,0,0,0,0,0,0,0,0,0,0,0,0,0,0,202371
1,1,1,1,1362,357,-1806,-91,203,-190,36,84,111,0,0,0,0,0,0,0,0,0,0,0,0,0,0,0,0,0,0,0,0,0,0,202381
1,1,1,1,1387,309,-1877,-115,159,-166,37,85,112,0,0,0,0,0,0,0,0,0,0,0,0,0,0,0,0,0,0,0,0,0,0,202391
1,1,1,1,1384,269,-1885,-219,121,-125,38,84,111,0,0,0,0,0,0,0,0,0,0,0,0,0,0,0,0,0,0,0,0,0,0,202401
1,1,1,1,1403,290,-1875,-260,85,-94,36,84,110,0,0,0,0,0,0,0,0,0,0,0,0,0,0,0,0,0,0,0,0,0,0,202411
1,1,1,1,1403,324,-1824,-300,52,-66,36,85,109,0,0,0,0,0,0,0,0,0,0,0,0,0,0,0,0,0,0,0,0,0,0,202421
1,1,1,1,1414,358,-1788,-342,27,-52,36,85,106,0,0,0,0,0,0,0,0,0,0,0,0,0,0,0,0,0,0,0,0,0,0,202431
1,1,1,1,1406,390,-1739,-362,-1,-39,38,84,107,0,0,0,0,0,0,0,0,0,0,0,0,0,0,0,0,0,0,0,0,0,0,202441
1,1,1,1,1398,447,-1691,-297,-3,-30,38,84,107,0,0,0,0,0,0,0,0,0,0,0,0,0,0,0,0,0,0,0,0,0,0,202451
1,1,1,1,1377,471,-1635,-170,8,-25,39,84,108,0,0,0,0,0,0,0,0,0,0,0,0,0,0,0,0,0,0,0,0,0,0,202461
1,1,1,1,1352,470,-1611,-67,21,-20,38,85,107,0,0,0,0,0,0,0,0,0,0,0,0,0,0,0,0,0,0,0,0,0,0,202471
1,1,1,1,1328,443,-1647,-7,25,-15,41,84,108,0,0,0,0,0,0,0,0,0,0,0,0,0,0,0,0,0,0,0,0,0,0,202481
1,1,1,1,1336,399,-1675,19,20,-3,39,84,109,0,0,0,0,0,0,0,0,0,0,0,0,0,0,0,0,0,0,0,0,0,0,202491
1,1,1,1,1333,379,-1709,8,8,11,36,85,107,0,0,0,0,0,0,0,0,0,0,0,0,0,0,0,0,0,0,0,0,0,0,202501
1,1,1,1,1333,375,-1735,-25,-12,29,35,84,109,0,0,0,0,0,0,0,0,0,0,0,0,0,0,0,0,0,0,0,0,0,0,202511
1,1,1,1,1352,371,-1727,-93,-40,45,36,83,106,0,0,0,0,0,0,0,0,0,0,0,0,0,0,0,0,0,0,0,0,0,0,202521
1,1,1,1,1354,397,-1706,-126,-55,64,37,84,106,0,0,0,0,0,0,0,0,0,0,0,0,0,0,0,0,0,0,0,0,0,0,202531
1,1,1,1,1355,417,-1664,-151,-72,67,37,83,105,0,0,0,0,0,0,0,0,0,0,0,0,0,0,0,0,0,0,0,0,0,0,202541
1,1,1,1,1353,427,-1650,-154,-65,74,35,84,107,0,0,0,0,0,0,0,0,0,0,0,0,0,0,0,0,0,0,0,0,0,0,202551
1,1,1,1,1337,455,-1652,-148,-66,73,39,78,104,0,0,0,0,0,0,0,0,0,0,0,0,0,0,0,0,0,0,0,0,0,0,202561
1,1,1,1,1337,455,-1659,-97,-48,72,34,85,110,0,0,0,0,0,0,0,0,0,0,0,0,0,0,0,0,0,0,0,0,0,0,202571
1,1,1,1,1340,453,-1641,-58,-34,61,36,83,106,0,0,0,0,0,0,0,0,0,0,0,0,0,0,0,0,0,0,0,0,0,0,202581
1,1,1,1,1352,452,-1651,6,-11,48,36,84,107,0,0,0,0,0,0,0,0,0,0,0,0,0,0,0,0,0,0,0,0,0,0,202591
1,1,1,1,1368,429,-1644,50,2,38,37,84,108,0,0,0,0,0,0,0,0,0,0,0,0,0,0,0,0,0,0,0,0,0,0,202601
1,1,1,1,1383,408,-1656,66,11,34,37,81,105,0,0,0,0,0,0,0,0,0,0,0,0,0,0,0,0,0,0,0,0,0,0,202611
1,1,1,1,1376,397,-1658,14,4,41,38,82,105,0,0,0,0,0,0,0,0,0,0,0,0,0,0,0,0,0,0,0,0,0,0,202621
1,1,1,1,1378,397,-1700,-15,-1,43,38,81,105,0,0,0,0,0,0,0,0,0,0,0,0,0,0,0,0,0,0,0,0,0,0,202631
1,1,1,1,1374,404,-1709,-46,-11,47,35,81,103,0,0,0,0,0,0,0,0,0,0,0,0,0,0,0,0,0,0,0,0,0,0,202641
1,1,1,1,1375,405,-1721,-88,-35,51,38,80,106,0,0,0,0,0,0,0,0,0,0,0,0,0,0,0,0,0,0,0,0,0,0,202651
1,1,1,1,1366,420,-1751,-115,-58,52,38,80,106,0,0,0,0,0,0,0,0,0,0,0,0,0,0,0,0,0,0,0,0,0,0,202661
1,1,1,1,1355,436,-1737,-122,-71,53,37,80,106,0,0,0,0,0,0,0,0,0,0,0,0,0,0,0,0,0,0,0,0,0,0,202671
1,1,1,1,1347,455,-1715,-91,-77,48,39,80,103,0,0,0,0,0,0,0,0,0,0,0,0,0,0,0,0,0,0,0,0,0,0,202681
1,1,1,1,1336,469,-1687,-40,-58,49,38,80,102,0,0,0,0,0,0,0,0,0,0,0,0,0,0,0,0,0,0,0,0,0,0,202691
1,1,1,1,1339,460,-1684,-21,-44,49,37,81,101,0,0,0,0,0,0,0,0,0,0,0,0,0,0,0,0,0,0,0,0,0,0,202701
1,1,1,1,1348,440,-1686,-20,-43,46,37,80,102,0,0,0,0,0,0,0,0,0,0,0,0,0,0,0,0,0,0,0,0,0,0,202711
1,1,1,1,1363,417,-1697,-14,-43,43,38,80,102,0,0,0,0,0,0,0,0,0,0,0,0,0,0,0,0,0,0,0,0,0,0,202721
1,1,1,1,1364,404,-1690,-15,-52,47,35,80,102,0,0,0,0,0,0,0,0,0,0,0,0,0,0,0,0,0,0,0,0,0,0,202731
1,1,1,1,1367,398,-1694,-49,-64,54,36,79,102,0,0,0,0,0,0,0,0,0,0,0,0,0,0,0,0,0,0,0,0,0,0,202741
1,1,1,1,1359,402,-1709,-71,-76,56,37,79,102,0,0,0,0,0,0,0,0,0,0,0,0,0,0,0,0,0,0,0,0,0,0,202751
1,1,1,1,1372,393,-1711,-94,-84,53,38,79,101,0,0,0,0,0,0,0,0,0,0,0,0,0,0,0,0,0,0,0,0,0,0,202761
1,1,1,1,1361,415,-1719,-115,-104,54,38,78,101,0,0,0,0,0,0,0,0,0,0,0,0,0,0,0,0,0,0,0,0,0,0,202771
1,1,1,1,1353,435,-1712,-115,-94,54,40,77,102,0,0,0,0,0,0,0,0,0,0,0,0,0,0,0,0,0,0,0,0,0,0,202781
1,1,1,1,1363,435,-1675,-121,-86,51,39,78,102,0,0,0,0,0,0,0,0,0,0,0,0,0,0,0,0,0,0,0,0,0,0,202791
1,1,1,1,1356,452,-1665,-99,-78,45,39,78,104,0,0,0,0,0,0,0,0,0,0,0,0,0,0,0,0,0,0,0,0,0,0,202801
1,1,1,1,1346,462,-1666,-61,-69,40,39,74,99,0,0,0,0,0,0,0,0,0,0,0,0,0,0,0,0,0,0,0,0,0,0,202811
1,1,1,1,1345,458,-1653,-24,-62,30,35,80,101,0,0,0,0,0,0,0,0,0,0,0,0,0,0,0,0,0,0,0,0,0,0,202821
1,1,1,1,1355,441,-1653,15,-49,17,36,81,102,0,0,0,0,0,0,0,0,0,0,0,0,0,0,0,0,0,0,0,0,0,0,202831
1,1,1,1,1357,423,-1656,34,-33,10,35,79,102,0,0,0,0,0,0,0,0,0,0,0,0,0,0,0,0,0,0,0,0,0,0,202841
1,1,1,1,1358,397,-1674,8,-22,2,34,78,102,0,0,0,0,0,0,0,0,0,0,0,0,0,0,0,0,0,0,0,0,0,0,202851
1,1,1,1,1359,402,-1705,-18,-24,1,33,80,99,0,0,0,0,0,0,0,0,0,0,0,0,0,0,0,0,0,0,0,0,0,0,202861
1,1,1,1,1358,420,-1711,-26,-27,1,35,77,99,0,0,0,0,0,0,0,0,0,0,0,0,0,0,0,0,0,0,0,0,0,0,202871
1,1,1,1,1350,425,-1699,-31,-25,0,36,76,100,0,0,0,0,0,0,0,0,0,0,0,0,0,0,0,0,0,0,0,0,0,0,202881
1,1,1,1,1352,425,-1695,-27,-15,3,35,78,101,0,0,0,0,0,0,0,0,0,0,0,0,0,0,0,0,0,0,0,0,0,0,202891
1,1,1,1,1357,431,-1687,-28,-12,6,36,76,101,0,0,0,0,0,0,0,0,0,0,0,0,0,0,0,0,0,0,0,0,0,0,202901
1,1,1,1,1362,445,-1688,-5,-7,13,38,74,100,0,0,0,0,0,0,0,0,0,0,0,0,0,0,0,0,0,0,0,0,0,0,202911
1,1,1,1,1359,453,-1678,19,-4,9,33,78,102,0,0,0,0,0,0,0,0,0,0,0,0,0,0,0,0,0,0,0,0,0,0,202921
1,1,1,1,1357,449,-1668,33,7,2,36,76,100,0,0,0,0,0,0,0,0,0,0,0,0,0,0,0,0,0,0,0,0,0,0,202931
1,1,1,1,1361,439,-1673,39,14,-5,35,76,102,0,0,0,0,0,0,0,0,0,0,0,0,0,0,0,0,0,0,0,0,0,0,202941
1,1,1,1,1361,423,-1691,41,22,-6,36,76,103,0,0,0,0,0,0,0,0,0,0,0,0,0,0,0,0,0,0,0,0,0,0,202951
1,1,1,1,1353,426,-1707,42,28,-11,35,76,104,0,0,0,0,0,0,0,0,0,0,0,0,0,0,0,0,0,0,0,0,0,0,202961
1,1,1,1,1355,421,-1701,36,31,-14,33,76,104,0,0,0,0,0,0,0,0,0,0,0,0,0,0,0,0,0,0,0,0,0,0,202971
1,1,1,1,1346,432,-1696,27,25,-21,34,75,101,0,0,0,0,0,0,0,0,0,0,0,0,0,0,0,0,0,0,0,0,0,0,202981
1,1,1,1,1342,439,-1705,35,18,-24,35,75,101,0,0,0,0,0,0,0,0,0,0,0,0,0,0,0,0,0,0,0,0,0,0,202991
1,1,1,1,1342,439,-1705,23,18,-28,34,76,101,0,0,0,0,0,0,0,0,0,0,0,0,0,0,0,0,0,0,0,0,0,0,203001
1,1,1,1,1342,423,-1719,-1,14,-29,33,77,102,0,0,0,0,0,0,0,0,0,0,0,0,0,0,0,0,0,0,0,0,0,0,203011
1,1,1,1,1343,432,-1736,-18,-5,-29,34,77,100,0,0,0,0,0,0,0,0,0,0,0,0,0,0,0,0,0,0,0,0,0,0,203021
1,1,1,1,1343,427,-1726,-22,-9,-27,35,76,103,0,0,0,0,0,0,0,0,0,0,0,0,0,0,0,0,0,0,0,0,0,0,203031
1,1,1,1,1347,416,-1704,-30,-21,-27,33,76,104,0,0,0,0,0,0,0,0,0,0,0,0,0,0,0,0,0,0,0,0,0,0,203041
1,1,1,1,1346,414,-1699,-26,-22,-21,33,76,101,0,0,0,0,0,0,0,0,0,0,0,0,0,0,0,0,0,0,0,0,0,0,203051
1,1,1,1,1349,421,-1700,-22,-29,-16,34,77,102,0,0,0,0,0,0,0,0,0,0,0,0,0,0,0,0,0,0,0,0,0,0,203061
1,1,1,1,1350,426,-1721,-27,-31,-11,35,76,101,0,0,0,0,0,0,0,0,0,0,0,0,0,0,0,0,0,0,0,0,0,0,203071
1,1,1,1,1352,410,-1725,-31,-36,-3,36,75,100,0,0,0,0,0,0,0,0,0,0,0,0,0,0,0,0,0,0,0,0,0,0,203081
1,1,1,1,1345,408,-1738,-46,-42,1,35,76,101,0,0,0,0,0,0,0,0,0,0,0,0,0,0,0,0,0,0,0,0,0,0,203091
1,1,1,1,1346,417,-1741,-55,-53,4,35,76,99,0,0,0,0,0,0,0,0,0,0,0,0,0,0,0,0,0,0,0,0,0,0,203101
1,1,1,1,1339,440,-1713,-61,-63,9,36,75,100,0,0,0,0,0,0,0,0,0,0,0,0,0,0,0,0,0,0,0,0,0,0,203111
1,1,1,1,1336,442,-1683,-54,-56,12,35,73,101,0,0,0,0,0,0,0,0,0,0,0,0,0,0,0,0,0,0,0,0,0,0,203121
1,1,1,1,1336,446,-1664,-40,-51,10,36,74,100,0,0,0,0,0,0,0,0,0,0,0,0,0,0,0,0,0,0,0,0,0,0,203131
1,1,1,1,1338,446,-1674,-18,-46,13,33,77,101,0,0,0,0,0,0,0,0,0,0,0,0,0,0,0,0,0,0,0,0,0,0,203141
1,1,1,1,1334,443,-1691,2,-42,9,35,76,99,0,0,0,0,0,0,0,0,0,0,0,0,0,0,0,0,0,0,0,0,0,0,203151
1,1,1,1,1338,437,-1694,13,-37,9,35,74,99,0,0,0,0,0,0,0,0,0,0,0,0,0,0,0,0,0,0,0,0,0,0,203161
1,1,1,1,1351,435,-1693,6,-46,8,32,78,102,0,0,0,0,0,0,0,0,0,0,0,0,0,0,0,0,0,0,0,0,0,0,203171
1,1,1,1,1351,425,-1703,5,-45,9,32,78,103,0,0,0,0,0,0,0,0,0,0,0,0,0,0,0,0,0,0,0,0,0,0,203181
1,1,1,1,1341,424,-1697,-18,-51,8,36,75,100,0,0,0,0,0,0,0,0,0,0,0,0,0,0,0,0,0,0,0,0,0,0,203191
1,1,1,1,1342,414,-1707,-44,-55,10,36,76,102,0,0,0,0,0,0,0,0,0,0,0,0,0,0,0,0,0,0,0,0,0,0,203201
1,1,1,1,1340,424,-1715,-59,-50,12,33,76,104,0,0,0,0,0,0,0,0,0,0,0,0,0,0,0,0,0,0,0,0,0,0,203211
1,1,1,1,1343,442,-1711,-45,-48,7,36,75,101,0,0,0,0,0,0,0,0,0,0,0,0,0,0,0,0,0,0,0,0,0,0,203221
1,1,1,1,1344,446,-1688,-33,-32,2,32,76,99,0,0,0,0,0,0,0,0,0,0,0,0,0,0,0,0,0,0,0,0,0,0,203231
1,1,1,1,1344,453,-1680,-30,-27,-2,32,75,100,0,0,0,0,0,0,0,0,0,0,0,0,0,0,0,0,0,0,0,0,0,0,203241
1,1,1,1,1347,454,-1683,-29,-16,-6,32,75,100,0,0,0,0,0,0,0,0,0,0,0,0,0,0,0,0,0,0,0,0,0,0,203251
1,1,1,1,1347,458,-1691,-21,-12,-11,32,75,98,0,0,0,0,0,0,0,0,0,0,0,0,0,0,0,0,0,0,0,0,0,0,203261
1,1,1,1,1341,453,-1687,-22,-18,-19,33,75,101,0,0,0,0,0,0,0,0,0,0,0,0,0,0,0,0,0,0,0,0,0,0,203271
1,1,1,1,1339,448,-1685,-20,-16,-23,33,75,99,0,0,0,0,0,0,0,0,0,0,0,0,0,0,0,0,0,0,0,0,0,0,203281
1,1,1,1,1334,445,-1692,-13,-9,-28,34,75,99,0,0,0,0,0,0,0,0,0,0,0,0,0,0,0,0,0,0,0,0,0,0,203291
1,1,1,1,1336,439,-1697,-12,-2,-29,35,75,102,0,0,0,0,0,0,0,0,0,0,0,0,0,0,0,0,0,0,0,0,0,0,203301
1,1,1,1,1338,426,-1697,-16,5,-27,35,75,101,0,0,0,0,0,0,0,0,0,0,0,0,0,0,0,0,0,0,0,0,0,0,203311
1,1,1,1,1337,447,-1709,-24,-9,-23,35,75,102,0,0,0,0,0,0,0,0,0,0,0,0,0,0,0,0,0,0,0,0,0,0,203321
1,1,1,1,1337,448,-1710,-32,-12,-22,34,74,100,0,0,0,0,0,0,0,0,0,0,0,0,0,0,0,0,0,0,0,0,0,0,203331
1,1,1,1,1343,438,-1704,-36,-18,-20,34,76,100,0,0,0,0,0,0,0,0,0,0,0,0,0,0,0,0,0,0,0,0,0,0,203341
1,1,1,1,1339,449,-1702,-33,-18,-17,33,75,100,0,0,0,0,0,0,0,0,0,0,0,0,0,0,0,0,0,0,0,0,0,0,203351
1,1,1,1,1329,464,-1703,-17,-14,-17,34,74,101,0,0,0,0,0,0,0,0,0,0,0,0,0,0,0,0,0,0,0,0,0,0,203361
1,1,1,1,1330,449,-1684,-13,-11,-22,33,75,100,0,0,0,0,0,0,0,0,0,0,0,0,0,0,0,0,0,0,0,0,0,0,203371
1,1,1,1,1329,449,-1687,-4,-5,-25,34,75,102,0,0,0,0,0,0,0,0,0,0,0,0,0,0,0,0,0,0,0,0,0,0,203381
1,1,1,1,1330,461,-1698,-2,-2,-24,34,75,101,0,0,0,0,0,0,0,0,0,0,0,0,0,0,0,0,0,0,0,0,0,0,203391
1,1,1,1,1332,440,-1692,-11,1,-16,33,76,101,0,0,0,0,0,0,0,0,0,0,0,0,0,0,0,0,0,0,0,0,0,0,203401
1,1,1,1,1340,445,-1698,-13,2,-14,33,75,101,0,0,0,0,0,0,0,0,0,0,0,0,0,0,0,0,0,0,0,0,0,0,203411
1,1,1,1,1343,440,-1695,-22,-13,-11,30,75,101,0,0,0,0,0,0,0,0,0,0,0,0,0,0,0,0,0,0,0,0,0,0,203421
1,1,1,1,1346,439,-1699,-39,-27,-6,28,78,100,0,0,0,0,0,0,0,0,0,0,0,0,0,0,0,0,0,0,0,0,0,0,203431
1,1,1,1,1345,444,-1702,-43,-31,-5,33,75,99,0,0,0,0,0,0,0,0,0,0,0,0,0,0,0,0,0,0,0,0,0,0,203441
1,1,1,1,1337,455,-1688,-42,-33,-5,32,72,98,0,0,0,0,0,0,0,0,0,0,0,0,0,0,0,0,0,0,0,0,0,0,203451
1,1,1,1,1327,460,-1686,-38,-28,-8,34,73,98,0,0,0,0,0,0,0,0,0,0,0,0,0,0,0,0,0,0,0,0,0,0,203461
1,1,1,1,1322,468,-1676,-14,-7,-7,28,77,102,0,0,0,0,0,0,0,0,0,0,0,0,0,0,0,0,0,0,0,0,0,0,203471
1,1,1,1,1316,469,-1674,6,-3,-7,30,77,101,0,0,0,0,0,0,0,0,0,0,0,0,0,0,0,0,0,0,0,0,0,0,203481
1,1,1,1,1314,460,-1677,10,6,-6,33,73,101,0,0,0,0,0,0,0,0,0,0,0,0,0,0,0,0,0,0,0,0,0,0,203491
1,1,1,1,1311,457,-1702,9,11,1,32,76,101,0,0,0,0,0,0,0,0,0,0,0,0,0,0,0,0,0,0,0,0,0,0,203501
1,1,1,1,1310,446,-1712,15,13,10,32,75,103,0,0,0,0,0,0,0,0,0,0,0,0,0,0,0,0,0,0,0,0,0,0,203511
1,1,1,1,1314,444,-1711,13,7,16,33,75,104,0,0,0,0,0,0,0,0,0,0,0,0,0,0,0,0,0,0,0,0,0,0,203521
1,1,1,1,1324,442,-1705,19,5,21,32,74,102,0,0,0,0,0,0,0,0,0,0,0,0,0,0,0,0,0,0,0,0,0,0,203531
1,1,1,1,1330,440,-1703,16,0,23,34,74,102,0,0,0,0,0,0,0,0,0,0,0,0,0,0,0,0,0,0,0,0,0,0,203541
1,1,1,1,1335,436,-1708,-2,-11,27,33,74,100,0,0,0,0,0,0,0,0,0,0,0,0,0,0,0,0,0,0,0,0,0,0,203551
1,1,1,1,1336,441,-1723,-16,-23,28,32,74,102,0,0,0,0,0,0,0,0,0,0,0,0,0,0,0,0,0,0,0,0,0,0,203561
1,1,1,1,1344,442,-1712,-20,-30,27,33,73,100,0,0,0,0,0,0,0,0,0,0,0,0,0,0,0,0,0,0,0,0,0,0,203571
1,1,1,1,1346,449,-1695,-19,-28,24,32,74,102,0,0,0,0,0,0,0,0,0,0,0,0,0,0,0,0,0,0,0,0,0,0,203581
1,1,1,1,1345,446,-1684,-17,-29,23,33,74,101,0,0,0,0,0,0,0,0,0,0,0,0,0,0,0,0,0,0,0,0,0,0,203591
1,1,1,1,1339,445,-1679,-26,-36,16,32,74,101,0,0,0,0,0,0,0,0,0,0,0,0,0,0,0,0,0,0,0,0,0,0,203601
1,1,1,1,1332,445,-1703,-24,-35,16,32,74,102,0,0,0,0,0,0,0,0,0,0,0,0,0,0,0,0,0,0,0,0,0,0,203611
1,1,1,1,1336,444,-1716,-17,-25,12,31,74,101,0,0,0,0,0,0,0,0,0,0,0,0,0,0,0,0,0,0,0,0,0,0,203621
1,1,1,1,1330,442,-1708,-22,-20,6,30,74,101,0,0,0,0,0,0,0,0,0,0,0,0,0,0,0,0,0,0,0,0,0,0,203631
1,1,1,1,1334,443,-1713,-19,-25,3,30,74,101,0,0,0,0,0,0,0,0,0,0,0,0,0,0,0,0,0,0,0,0,0,0,203641
1,1,1,1,1332,451,-1704,-20,-25,1,32,74,101,0,0,0,0,0,0,0,0,0,0,0,0,0,0,0,0,0,0,0,0,0,0,203651
1,1,1,1,1332,450,-1704,-21,-25,1,31,74,101,0,0,0,0,0,0,0,0,0,0,0,0,0,0,0,0,0,0,0,0,0,0,203661
1,1,1,1,1329,449,-1696,-23,-28,0,30,74,103,0,0,0,0,0,0,0,0,0,0,0,0,0,0,0,0,0,0,0,0,0,0,203671
1,1,1,1,1322,457,-1702,-15,-20,-2,31,74,102,0,0,0,0,0,0,0,0,0,0,0,0,0,0,0,0,0,0,0,0,0,0,203681
1,1,1,1,1318,455,-1688,-17,-17,-7,33,74,100,0,0,0,0,0,0,0,0,0,0,0,0,0,0,0,0,0,0,0,0,0,0,203691
1,1,1,1,1317,452,-1701,-12,-15,-10,34,74,101,0,0,0,0,0,0,0,0,0,0,0,0,0,0,0,0,0,0,0,0,0,0,203701
1,1,1,1,1320,452,-1705,-12,-9,-11,32,73,102,0,0,0,0,0,0,0,0,0,0,0,0,0,0,0,0,0,0,0,0,0,0,203711
1,1,1,1,1329,443,-1704,-23,-10,-9,30,76,99,0,0,0,0,0,0,0,0,0,0,0,0,0,0,0,0,0,0,0,0,0,0,203721
1,1,1,1,1325,444,-1713,-20,-9,-4,32,75,100,0,0,0,0,0,0,0,0,0,0,0,0,0,0,0,0,0,0,0,0,0,0,203731
1,1,1,1,1331,451,-1708,-21,-10,1,32,73,97,0,0,0,0,0,0,0,0,0,0,0,0,0,0,0,0,0,0,0,0,0,0,203741
1,1,1,1,1333,450,-1707,-13,-12,5,33,70,98,0,0,0,0,0,0,0,0,0,0,0,0,0,0,0,0,0,0,0,0,0,0,203751
1,1,1,1,1335,453,-1706,-1,-12,8,32,74,100,0,0,0,0,0,0,0,0,0,0,0,0,0,0,0,0,0,0,0,0,0,0,203761
1,1,1,1,1337,461,-1707,3,-13,10,32,73,100,0,0,0,0,0,0,0,0,0,0,0,0,0,0,0,0,0,0,0,0,0,0,203771
1,1,1,1,1331,455,-1697,2,-15,8,29,74,100,0,0,0,0,0,0,0,0,0,0,0,0,0,0,0,0,0,0,0,0,0,0,203781
1,1,1,1,1327,457,-1708,2,-8,8,30,74,99,0,0,0,0,0,0,0,0,0,0,0,0,0,0,0,0,0,0,0,0,0,0,203791
1,1,1,1,1331,453,-1705,7,-11,6,33,70,100,0,0,0,0,0,0,0,0,0,0,0,0,0,0,0,0,0,0,0,0,0,0,203801
1,1,1,1,1327,445,-1699,-2,-19,4,34,71,99,0,0,0,0,0,0,0,0,0,0,0,0,0,0,0,0,0,0,0,0,0,0,203811
1,1,1,1,1327,443,-1699,-10,-18,6,32,72,100,0,0,0,0,0,0,0,0,0,0,0,0,0,0,0,0,0,0,0,0,0,0,203821
1,1,1,1,1320,453,-1699,-4,-8,8,33,72,100,0,0,0,0,0,0,0,0,0,0,0,0,0,0,0,0,0,0,0,0,0,0,203831
1,1,1,1,1319,457,-1700,0,-7,8,34,72,104,0,0,0,0,0,0,0,0,0,0,0,0,0,0,0,0,0,0,0,0,0,0,203841
1,1,1,1,1321,459,-1696,4,-12,6,33,72,101,0,0,0,0,0,0,0,0,0,0,0,0,0,0,0,0,0,0,0,0,0,0,203851
1,1,1,1,1327,450,-1702,1,-15,9,31,73,103,0,0,0,0,0,0,0,0,0,0,0,0,0,0,0,0,0,0,0,0,0,0,203861
1,1,1,1,1329,449,-1707,-4,-17,11,30,73,102,0,0,0,0,0,0,0,0,0,0,0,0,0,0,0,0,0,0,0,0,0,0,203871
1,1,1,1,1327,454,-1708,-6,-16,7,31,72,101,0,0,0,0,0,0,0,0,0,0,0,0,0,0,0,0,0,0,0,0,0,0,203881
1,1,1,1,1326,455,-1697,-2,-8,4,32,72,102,0,0,0,0,0,0,0,0,0,0,0,0,0,0,0,0,0,0,0,0,0,0,203891
1,1,1,1,1335,438,-1703,-8,-13,1,32,73,100,0,0,0,0,0,0,0,0,0,0,0,0,0,0,0,0,0,0,0,0,0,0,203901
1,1,1,1,1336,434,-1699,-14,-11,1,31,72,99,0,0,0,0,0,0,0,0,0,0,0,0,0,0,0,0,0,0,0,0,0,0,203911
1,1,1,1,1328,442,-1703,-17,-12,0,30,72,99,0,0,0,0,0,0,0,0,0,0,0,0,0,0,0,0,0,0,0,0,0,0,203921
1,1,1,1,1325,447,-1707,-8,-10,-1,30,73,101,0,0,0,0,0,0,0,0,0,0,0,0,0,0,0,0,0,0,0,0,0,0,203931
1,1,1,1,1330,444,-1711,-13,-11,-1,30,73,102,0,0,0,0,0,0,0,0,0,0,0,0,0,0,0,0,0,0,0,0,0,0,203941
1,1,1,1,1336,445,-1711,-12,-12,-3,30,72,100,0,0,0,0,0,0,0,0,0,0,0,0,0,0,0,0,0,0,0,0,0,0,203951
1,1,1,1,1333,448,-1703,-9,-15,0,32,73,100,0,0,0,0,0,0,0,0,0,0,0,0,0,0,0,0,0,0,0,0,0,0,203961
1,1,1,1,1330,437,-1700,-11,-17,0,32,72,98,0,0,0,0,0,0,0,0,0,0,0,0,0,0,0,0,0,0,0,0,0,0,203971
1,1,1,1,1339,435,-1719,-22,-37,3,32,72,100,0,0,0,0,0,0,0,0,0,0,0,0,0,0,0,0,0,0,0,0,0,0,203981
1,1,1,1,1333,438,-1719,-28,-39,6,31,73,100,0,0,0,0,0,0,0,0,0,0,0,0,0,0,0,0,0,0,0,0,0,0,203991
1,1,1,1,1329,442,-1705,-23,-32,7,31,73,101,0,0,0,0,0,0,0,0,0,0,0,0,0,0,0,0,0,0,0,0,0,0,204001
1,1,1,1,1321,445,-1694,-7,-25,8,31,72,98,0,0,0,0,0,0,0,0,0,0,0,0,0,0,0,0,0,0,0,0,0,0,204011
1,1,1,1,1323,452,-1696,8,-14,8,30,73,99,0,0,0,0,0,0,0,0,0,0,0,0,0,0,0,0,0,0,0,0,0,0,204021
1,1,1,1,1326,447,-1699,20,-14,9,30,73,99,0,0,0,0,0,0,0,0,0,0,0,0,0,0,0,0,0,0,0,0,0,0,204031
1,1,1,1,1324,439,-1712,-11,-21,16,29,71,98,0,0,0,0,0,0,0,0,0,0,0,0,0,0,0,0,0,0,0,0,0,0,204041
1,1,1,1,1323,450,-1727,-15,-17,18,29,74,100,0,0,0,0,0,0,0,0,0,0,0,0,0,0,0,0,0,0,0,0,0,0,204051
1,1,1,1,1324,456,-1707,-12,-17,20,32,70,96,0,0,0,0,0,0,0,0,0,0,0,0,0,0,0,0,0,0,0,0,0,0,204061
1,1,1,1,1319,462,-1694,-5,-7,21,29,73,96,0,0,0,0,0,0,0,0,0,0,0,0,0,0,0,0,0,0,0,0,0,0,204071
1,1,1,1,1322,458,-1702,0,-12,21,30,70,97,0,0,0,0,0,0,0,0,0,0,0,0,0,0,0,0,0,0,0,0,0,0,204081
1,1,1,1,1328,437,-1718,-12,-21,21,28,73,97,0,0,0,0,0,0,0,0,0,0,0,0,0,0,0,0,0,0,0,0,0,0,204091
1,1,1,1,1325,436,-1725,-20,-22,23,28,72,97,0,0,0,0,0,0,0,0,0,0,0,0,0,0,0,0,0,0,0,0,0,0,204101
1,1,1,1,1322,437,-1722,-25,-26,21,30,73,97,0,0,0,0,0,0,0,0,0,0,0,0,0,0,0,0,0,0,0,0,0,0,204111
1,1,1,1,1321,439,-1708,-32,-18,23,32,71,96,0,0,0,0,0,0,0,0,0,0,0,0,0,0,0,0,0,0,0,0,0,0,204121
1,1,1,1,1317,444,-1713,-32,-10,24,33,71,97,0,0,0,0,0,0,0,0,0,0,0,0,0,0,0,0,0,0,0,0,0,0,204131
1,1,1,1,1316,455,-1716,-12,-4,21,33,71,95,0,0,0,0,0,0,0,0,0,0,0,0,0,0,0,0,0,0,0,0,0,0,204141
1,1,1,1,1318,460,-1715,-5,-7,19,32,71,99,0,0,0,0,0,0,0,0,0,0,0,0,0,0,0,0,0,0,0,0,0,0,204151
1,1,1,1,1312,460,-1713,3,-12,18,31,71,97,0,0,0,0,0,0,0,0,0,0,0,0,0,0,0,0,0,0,0,0,0,0,204161
1,1,1,1,1321,442,-1711,-7,-10,21,31,72,97,0,0,0,0,0,0,0,0,0,0,0,0,0,0,0,0,0,0,0,0,0,0,204171
1,1,1,1,1323,451,-1709,-13,-20,17,31,71,95,0,0,0,0,0,0,0,0,0,0,0,0,0,0,0,0,0,0,0,0,0,0,204181
1,1,1,1,1316,446,-1698,-15,-26,14,31,71,98,0,0,0,0,0,0,0,0,0,0,0,0,0,0,0,0,0,0,0,0,0,0,204191
1,1,1,1,1324,446,-1702,-14,-24,11,32,71,97,0,0,0,0,0,0,0,0,0,0,0,0,0,0,0,0,0,0,0,0,0,0,204201
1,1,1,1,1324,446,-1702,-12,-27,9,32,72,94,0,0,0,0,0,0,0,0,0,0,0,0,0,0,0,0,0,0,0,0,0,0,204211
1,1,1,1,1320,440,-1710,-25,-30,6,32,71,98,0,0,0,0,0,0,0,0,0,0,0,0,0,0,0,0,0,0,0,0,0,0,204221
1,1,1,1,1318,448,-1717,-21,-18,4,32,71,97,0,0,0,0,0,0,0,0,0,0,0,0,0,0,0,0,0,0,0,0,0,0,204231
1,1,1,1,1317,452,-1703,-21,-22,-1,30,71,95,0,0,0,0,0,0,0,0,0,0,0,0,0,0,0,0,0,0,0,0,0,0,204241
1,1,1,1,1319,451,-1695,-16,-15,-6,30,71,96,0,0,0,0,0,0,0,0,0,0,0,0,0,0,0,0,0,0,0,0,0,0,204251
1,1,1,1,1322,454,-1706,-23,-16,-1,32,71,97,0,0,0,0,0,0,0,0,0,0,0,0,0,0,0,0,0,0,0,0,0,0,204261
1,1,1,1,1314,462,-1729,-39,-23,-1,32,71,95,0,0,0,0,0,0,0,0,0,0,0,0,0,0,0,0,0,0,0,0,0,0,204271
1,1,1,1,1320,448,-1723,-36,-29,-2,33,71,98,0,0,0,0,0,0,0,0,0,0,0,0,0,0,0,0,0,0,0,0,0,0,204281
1,1,1,1,1317,461,-1704,-29,-23,2,32,71,97,0,0,0,0,0,0,0,0,0,0,0,0,0,0,0,0,0,0,0,0,0,0,204291
1,1,1,1,1322,453,-1700,-24,-20,3,32,72,95,0,0,0,0,0,0,0,0,0,0,0,0,0,0,0,0,0,0,0,0,0,0,204301
1,1,1,1,1322,451,-1710,-12,-22,7,33,71,94,0,0,0,0,0,0,0,0,0,0,0,0,0,0,0,0,0,0,0,0,0,0,204311
1,1,1,1,1317,448,-1708,-23,-21,9,32,71,95,0,0,0,0,0,0,0,0,0,0,0,0,0,0,0,0,0,0,0,0,0,0,204321
1,1,1,1,1318,453,-1706,-28,-26,10,34,72,98,0,0,0,0,0,0,0,0,0,0,0,0,0,0,0,0,0,0,0,0,0,0,204331
1,1,1,1,1319,457,-1704,-21,-21,11,34,71,95,0,0,0,0,0,0,0,0,0,0,0,0,0,0,0,0,0,0,0,0,0,0,204341
1,1,1,1,1314,455,-1701,-13,-14,10,33,72,94,0,0,0,0,0,0,0,0,0,0,0,0,0,0,0,0,0,0,0,0,0,0,204351
1,1,1,1,1314,449,-1695,-9,-18,9,33,70,96,0,0,0,0,0,0,0,0,0,0,0,0,0,0,0,0,0,0,0,0,0,0,204361
1,1,1,1,1322,448,-1707,-4,-15,13,32,70,95,0,0,0,0,0,0,0,0,0,0,0,0,0,0,0,0,0,0,0,0,0,0,204371
1,1,1,1,1324,460,-1715,-15,-36,14,31,71,96,0,0,0,0,0,0,0,0,0,0,0,0,0,0,0,0,0,0,0,0,0,0,204381
1,1,1,1,1337,449,-1708,-23,-41,13,29,73,96,0,0,0,0,0,0,0,0,0,0,0,0,0,0,0,0,0,0,0,0,0,0,204391
1,1,1,1,1338,448,-1697,-31,-38,12,30,72,95,0,0,0,0,0,0,0,0,0,0,0,0,0,0,0,0,0,0,0,0,0,0,204401
1,1,1,1,1337,459,-1703,-28,-31,13,33,71,93,0,0,0,0,0,0,0,0,0,0,0,0,0,0,0,0,0,0,0,0,0,0,204411
1,1,1,1,1337,454,-1704,-23,-16,12,34,71,93,0,0,0,0,0,0,0,0,0,0,0,0,0,0,0,0,0,0,0,0,0,0,204421
1,1,1,1,1333,454,-1708,-13,-11,12,34,70,97,0,0,0,0,0,0,0,0,0,0,0,0,0,0,0,0,0,0,0,0,0,0,204431
1,1,1,1,1329,464,-1708,-6,-11,11,34,69,91,0,0,0,0,0,0,0,0,0,0,0,0,0,0,0,0,0,0,0,0,0,0,204441
1,1,1,1,1327,452,-1711,-13,-12,10,34,71,93,0,0,0,0,0,0,0,0,0,0,0,0,0,0,0,0,0,0,0,0,0,0,204451
1,1,1,1,1322,452,-1712,-19,-12,13,33,70,94,0,0,0,0,0,0,0,0,0,0,0,0,0,0,0,0,0,0,0,0,0,0,204461
1,1,1,1,1319,460,-1704,-10,-11,14,34,70,94,0,0,0,0,0,0,0,0,0,0,0,0,0,0,0,0,0,0,0,0,0,0,204471
1,1,1,1,1316,446,-1705,14,-12,16,33,70,96,0,0,0,0,0,0,0,0,0,0,0,0,0,0,0,0,0,0,0,0,0,0,204481
1,1,1,1,1320,455,-1694,-32,-17,15,31,69,94,0,0,0,0,0,0,0,0,0,0,0,0,0,0,0,0,0,0,0,0,0,0,204491
1,1,1,1,1317,468,-1716,-4,-7,14,30,70,94,0,0,0,0,0,0,0,0,0,0,0,0,0,0,0,0,0,0,0,0,0,0,204501
1,1,1,1,1314,465,-1694,-7,-3,9,32,70,95,0,0,0,0,0,0,0,0,0,0,0,0,0,0,0,0,0,0,0,0,0,0,204511
1,1,1,1,1312,464,-1704,4,3,9,31,70,94,0,0,0,0,0,0,0,0,0,0,0,0,0,0,0,0,0,0,0,0,0,0,204521
1,1,1,1,1311,459,-1709,13,7,7,33,70,93,0,0,0,0,0,0,0,0,0,0,0,0,0,0,0,0,0,0,0,0,0,0,204531
1,1,1,1,1314,458,-1701,22,13,6,33,69,92,0,0,0,0,0,0,0,0,0,0,0,0,0,0,0,0,0,0,0,0,0,0,204541
1,1,1,1,1318,458,-1702,16,12,6,31,70,93,0,0,0,0,0,0,0,0,0,0,0,0,0,0,0,0,0,0,0,0,0,0,204551
1,1,1,1,1321,447,-1706,-5,10,6,32,71,93,0,0,0,0,0,0,0,0,0,0,0,0,0,0,0,0,0,0,0,0,0,0,204561
1,1,1,1,1337,430,-1712,-17,9,4,31,70,93,0,0,0,0,0,0,0,0,0,0,0,0,0,0,0,0,0,0,0,0,0,0,204571
1,1,1,1,1335,434,-1722,-11,2,7,33,70,95,0,0,0,0,0,0,0,0,0,0,0,0,0,0,0,0,0,0,0,0,0,0,204581
1,1,1,1,1330,440,-1718,-14,1,4,32,68,94,0,0,0,0,0,0,0,0,0,0,0,0,0,0,0,0,0,0,0,0,0,0,204591
1,1,1,1,1331,442,-1720,-18,1,1,34,69,94,0,0,0,0,0,0,0,0,0,0,0,0,0,0,0,0,0,0,0,0,0,0,204601
1,1,1,1,1328,450,-1717,-15,1,-1,32,70,94,0,0,0,0,0,0,0,0,0,0,0,0,0,0,0,0,0,0,0,0,0,0,204611
1,1,1,1,1329,449,-1716,-13,1,-4,32,69,92,0,0,0,0,0,0,0,0,0,0,0,0,0,0,0,0,0,0,0,0,0,0,204621
1,1,1,1,1327,445,-1711,-15,-1,-7,32,70,90,0,0,0,0,0,0,0,0,0,0,0,0,0,0,0,0,0,0,0,0,0,0,204631
1,1,1,1,1325,451,-1713,-12,-6,-4,31,69,94,0,0,0,0,0,0,0,0,0,0,0,0,0,0,0,0,0,0,0,0,0,0,204641
1,1,1,1,1326,455,-1701,-11,-7,-7,31,70,92,0,0,0,0,0,0,0,0,0,0,0,0,0,0,0,0,0,0,0,0,0,0,204651
1,1,1,1,1334,448,-1707,-8,-10,-8,30,71,95,0,0,0,0,0,0,0,0,0,0,0,0,0,0,0,0,0,0,0,0,0,0,204661
1,1,1,1,1327,444,-1714,-19,-20,-8,28,72,94,0,0,0,0,0,0,0,0,0,0,0,0,0,0,0,0,0,0,0,0,0,0,204671
1,1,1,1,1329,438,-1722,-27,-30,-6,28,70,94,0,0,0,0,0,0,0,0,0,0,0,0,0,0,0,0,0,0,0,0,0,0,204681
1,1,1,1,1325,443,-1728,-18,-29,-5,28,70,93,0,0,0,0,0,0,0,0,0,0,0,0,0,0,0,0,0,0,0,0,0,0,204691
1,1,1,1,1323,448,-1711,-19,-30,-5,29,68,94,0,0,0,0,0,0,0,0,0,0,0,0,0,0,0,0,0,0,0,0,0,0,204701
1,1,1,1,1319,458,-1707,-22,-28,-4,31,70,92,0,0,0,0,0,0,0,0,0,0,0,0,0,0,0,0,0,0,0,0,0,0,204711
1,1,1,1,1313,465,-1706,-26,-21,-1,33,69,93,0,0,0,0,0,0,0,0,0,0,0,0,0,0,0,0,0,0,0,0,0,0,204721
1,1,1,1,1314,465,-1703,-34,-19,-3,33,70,95,0,0,0,0,0,0,0,0,0,0,0,0,0,0,0,0,0,0,0,0,0,0,204731
1,1,1,1,1314,463,-1700,-37,-15,-1,34,69,94,0,0,0,0,0,0,0,0,0,0,0,0,0,0,0,0,0,0,0,0,0,0,204741
1,1,1,1,1310,468,-1702,-28,-7,3,32,70,96,0,0,0,0,0,0,0,0,0,0,0,0,0,0,0,0,0,0,0,0,0,0,204751
1,1,1,1,1308,462,-1701,-23,-9,3,32,71,97,0,0,0,0,0,0,0,0,0,0,0,0,0,0,0,0,0,0,0,0,0,0,204761
1,1,1,1,1309,457,-1701,-18,-10,4,32,68,93,0,0,0,0,0,0,0,0,0,0,0,0,0,0,0,0,0,0,0,0,0,0,204771
1,1,1,1,1313,456,-1700,-17,-10,7,33,69,93,0,0,0,0,0,0,0,0,0,0,0,0,0,0,0,0,0,0,0,0,0,0,204781
1,1,1,1,1314,453,-1706,-26,-14,7,34,68,93,0,0,0,0,0,0,0,0,0,0,0,0,0,0,0,0,0,0,0,0,0,0,204791
1,1,1,1,1315,458,-1712,-32,-13,7,30,69,95,0,0,0,0,0,0,0,0,0,0,0,0,0,0,0,0,0,0,0,0,0,0,204801
1,1,1,1,1313,459,-1707,-32,-15,4,33,69,92,0,0,0,0,0,0,0,0,0,0,0,0,0,0,0,0,0,0,0,0,0,0,204811
1,1,1,1,1315,462,-1707,-25,-12,4,31,70,94,0,0,0,0,0,0,0,0,0,0,0,0,0,0,0,0,0,0,0,0,0,0,204821
1,1,1,1,1314,456,-1713,-16,-8,6,32,69,91,0,0,0,0,0,0,0,0,0,0,0,0,0,0,0,0,0,0,0,0,0,0,204831
1,1,1,1,1316,458,-1709,-22,-17,6,34,69,93,0,0,0,0,0,0,0,0,0,0,0,0,0,0,0,0,0,0,0,0,0,0,204841
1,1,1,1,1317,458,-1709,-22,-11,6,30,68,93,0,0,0,0,0,0,0,0,0,0,0,0,0,0,0,0,0,0,0,0,0,0,204851
1,1,1,1,1317,452,-1706,-34,-20,7,31,69,93,0,0,0,0,0,0,0,0,0,0,0,0,0,0,0,0,0,0,0,0,0,0,204861
1,1,1,1,1317,453,-1702,-57,-16,6,31,68,93,0,0,0,0,0,0,0,0,0,0,0,0,0,0,0,0,0,0,0,0,0,0,204871
1,1,1,1,1321,453,-1708,-58,-11,6,30,69,92,0,0,0,0,0,0,0,0,0,0,0,0,0,0,0,0,0,0,0,0,0,0,204881
1,1,1,1,1316,467,-1710,-54,-14,6,32,68,92,0,0,0,0,0,0,0,0,0,0,0,0,0,0,0,0,0,0,0,0,0,0,204891
1,1,1,1,1311,468,-1704,-44,-9,5,32,68,93,0,0,0,0,0,0,0,0,0,0,0,0,0,0,0,0,0,0,0,0,0,0,204901
1,1,1,1,1318,474,-1699,-21,-12,3,32,68,91,0,0,0,0,0,0,0,0,0,0,0,0,0,0,0,0,0,0,0,0,0,0,204911
1,1,1,1,1320,468,-1697,-15,-14,4,31,68,92,0,0,0,0,0,0,0,0,0,0,0,0,0,0,0,0,0,0,0,0,0,0,204921
1,1,1,1,1326,464,-1691,-13,-11,1,31,68,92,0,0,0,0,0,0,0,0,0,0,0,0,0,0,0,0,0,0,0,0,0,0,204931
1,1,1,1,1319,466,-1694,-20,-8,1,31,69,94,0,0,0,0,0,0,0,0,0,0,0,0,0,0,0,0,0,0,0,0,0,0,204941
1,1,1,1,1321,465,-1693,-21,-5,-3,30,72,95,0,0,0,0,0,0,0,0,0,0,0,0,0,0,0,0,0,0,0,0,0,0,204951
1,1,1,1,1322,462,-1693,-35,-5,-3,30,70,92,0,0,0,0,0,0,0,0,0,0,0,0,0,0,0,0,0,0,0,0,0,0,204961
1,1,1,1,1318,466,-1708,-32,4,-4,33,66,89,0,0,0,0,0,0,0,0,0,0,0,0,0,0,0,0,0,0,0,0,0,0,204971
1,1,1,1,1317,471,-1709,-27,7,-2,31,68,93,0,0,0,0,0,0,0,0,0,0,0,0,0,0,0,0,0,0,0,0,0,0,204981
1,1,1,1,1320,471,-1710,-22,8,-1,31,69,92,0,0,0,0,0,0,0,0,0,0,0,0,0,0,0,0,0,0,0,0,0,0,204991
1,1,1,1,1325,471,-1713,-20,-3,0,31,68,92,0,0,0,0,0,0,0,0,0,0,0,0,0,0,0,0,0,0,0,0,0,0,205001
1,1,1,1,1320,476,-1708,-19,-7,-1,31,68,92,0,0,0,0,0,0,0,0,0,0,0,0,0,0,0,0,0,0,0,0,0,0,205011
1,1,1,1,1322,468,-1693,-5,2,-2,32,70,95,0,0,0,0,0,0,0,0,0,0,0,0,0,0,0,0,0,0,0,0,0,0,205021
1,1,1,1,1318,466,-1694,19,13,-5,31,70,97,0,0,0,0,0,0,0,0,0,0,0,0,0,0,0,0,0,0,0,0,0,0,205031
1,1,1,1,1320,454,-1686,18,12,-9,33,69,94,0,0,0,0,0,0,0,0,0,0,0,0,0,0,0,0,0,0,0,0,0,0,205041
1,1,1,1,1323,456,-1701,13,12,-9,30,68,91,0,0,0,0,0,0,0,0,0,0,0,0,0,0,0,0,0,0,0,0,0,0,205051
1,1,1,1,1324,463,-1701,5,11,-7,30,69,94,0,0,0,0,0,0,0,0,0,0,0,0,0,0,0,0,0,0,0,0,0,0,205061
1,1,1,1,1324,468,-1709,-1,11,-7,31,69,92,0,0,0,0,0,0,0,0,0,0,0,0,0,0,0,0,0,0,0,0,0,0,205071
1,1,1,1,1324,478,-1704,18,8,-1,31,68,91,0,0,0,0,0,0,0,0,0,0,0,0,0,0,0,0,0,0,0,0,0,0,205081
1,1,1,1,1324,476,-1694,32,11,2,31,67,91,0,0,0,0,0,0,0,0,0,0,0,0,0,0,0,0,0,0,0,0,0,0,205091
1,1,1,1,1326,466,-1694,51,25,11,33,67,95,0,0,0,0,0,0,0,0,0,0,0,0,0,0,0,0,0,0,0,0,0,0,205101
1,1,1,1,1325,462,-1704,72,37,15,32,67,92,0,0,0,0,0,0,0,0,0,0,0,0,0,0,0,0,0,0,0,0,0,0,205111
1,1,1,1,1320,460,-1709,96,58,22,31,67,91,0,0,0,0,0,0,0,0,0,0,0,0,0,0,0,0,0,0,0,0,0,0,205121
1,1,1,1,1318,463,-1719,130,76,35,31,67,87,0,0,0,0,0,0,0,0,0,0,0,0,0,0,0,0,0,0,0,0,0,0,205131
1,1,1,1,1312,462,-1720,180,89,46,32,65,90,0,0,0,0,0,0,0,0,0,0,0,0,0,0,0,0,0,0,0,0,0,0,205141
1,1,1,1,1308,450,-1708,203,98,60,34,65,86,0,0,0,0,0,0,0,0,0,0,0,0,0,0,0,0,0,0,0,0,0,0,205151
1,1,1,1,1298,434,-1728,264,112,78,30,64,83,0,0,0,0,0,0,0,0,0,0,0,0,0,0,0,0,0,0,0,0,0,0,205161
1,1,1,1,1305,431,-1741,282,127,97,31,63,84,0,0,0,0,0,0,0,0,0,0,0,0,0,0,0,0,0,0,0,0,0,0,205171
1,1,1,1,1286,421,-1780,323,140,120,32,62,82,0,0,0,0,0,0,0,0,0,0,0,0,0,0,0,0,0,0,0,0,0,0,205181
1,1,1,1,1251,439,-1794,347,149,142,32,61,82,0,0,0,0,0,0,0,0,0,0,0,0,0,0,0,0,0,0,0,0,0,0,205191
1,1,1,1,1227,434,-1806,365,142,167,31,60,80,0,0,0,0,0,0,0,0,0,0,0,0,0,0,0,0,0,0,0,0,0,0,205201
1,1,1,1,1253,380,-1840,325,96,198,32,59,76,0,0,0,0,0,0,0,0,0,0,0,0,0,0,0,0,0,0,0,0,0,0,205211
1,1,1,1,1276,330,-1906,309,54,233,30,57,71,0,0,0,0,0,0,0,0,0,0,0,0,0,0,0,0,0,0,0,0,0,0,205221
1,1,1,1,1254,305,-1867,267,15,292,31,57,67,0,0,0,0,0,0,0,0,0,0,0,0,0,0,0,0,0,0,0,0,0,0,205231
1,1,1,1,1296,299,-1835,301,18,338,29,57,71,0,0,0,0,0,0,0,0,0,0,0,0,0,0,0,0,0,0,0,0,0,0,205241
1,1,1,1,1314,318,-1786,384,28,385,30,57,64,0,0,0,0,0,0,0,0,0,0,0,0,0,0,0,0,0,0,0,0,0,0,205251
1,1,1,1,1309,363,-1705,377,-11,421,31,53,63,0,0,0,0,0,0,0,0,0,0,0,0,0,0,0,0,0,0,0,0,0,0,205261
1,1,1,1,1293,410,-1767,459,47,443,33,52,59,0,0,0,0,0,0,0,0,0,0,0,0,0,0,0,0,0,0,0,0,0,0,205271
1,1,1,1,1326,435,-1687,673,10,511,32,53,60,0,0,0,0,0,0,0,0,0,0,0,0,0,0,0,0,0,0,0,0,0,0,205281
1,1,1,1,1452,344,-1668,738,-40,454,33,51,57,0,0,0,0,0,0,0,0,0,0,0,0,0,0,0,0,0,0,0,0,0,0,205291
1,1,1,1,1433,289,-1691,771,-4,410,32,53,53,0,0,0,0,0,0,0,0,0,0,0,0,0,0,0,0,0,0,0,0,0,0,205301
1,1,1,1,1504,258,-1760,879,-8,469,35,48,54,0,0,0,0,0,0,0,0,0,0,0,0,0,0,0,0,0,0,0,0,0,0,205311
1,1,1,1,1476,181,-1765,986,15,484,34,50,55,0,0,0,0,0,0,0,0,0,0,0,0,0,0,0,0,0,0,0,0,0,0,205321
1,1,1,1,1352,250,-1768,1043,45,563,38,50,53,0,0,0,0,0,0,0,0,0,0,0,0,0,0,0,0,0,0,0,0,0,0,205331
1,1,1,1,1381,225,-1718,1269,114,683,37,49,52,0,0,0,0,0,0,0,0,0,0,0,0,0,0,0,0,0,0,0,0,0,0,205341
1,1,1,1,1471,275,-1550,1506,221,715,47,47,53,0,0,0,0,0,0,0,0,0,0,0,0,0,0,0,0,0,0,0,0,0,0,205351
1,1,1,1,1507,416,-1500,2195,398,744,37,48,49,0,0,0,0,0,0,0,0,0,0,0,0,0,0,0,0,0,0,0,0,0,0,205361
1,1,1,1,1360,-81,-1742,2105,460,798,41,44,46,0,0,0,0,0,0,0,0,0,0,0,0,0,0,0,0,0,0,0,0,0,0,205371
1,1,1,1,1358,-1,-1847,2065,511,910,42,44,46,0,0,0,0,0,0,0,0,0,0,0,0,0,0,0,0,0,0,0,0,0,0,205381
1,1,1,1,1416,-45,-1703,2274,695,972,44,44,40,0,0,0,0,0,0,0,0,0,0,0,0,0,0,0,0,0,0,0,0,0,0,205391
1,1,1,1,1491,-271,-1727,2331,834,1035,45,44,39,0,0,0,0,0,0,0,0,0,0,0,0,0,0,0,0,0,0,0,0,0,0,205401
1,1,1,1,1516,-369,-1748,2508,1080,1066,49,42,28,0,0,0,0,0,0,0,0,0,0,0,0,0,0,0,0,0,0,0,0,0,0,205411
1,1,1,1,1389,-120,-1681,2811,1254,1245,54,41,28,0,0,0,0,0,0,0,0,0,0,0,0,0,0,0,0,0,0,0,0,0,0,205421
1,1,1,1,1389,-120,-1681,3448,1349,1303,57,40,26,0,0,0,0,0,0,0,0,0,0,0,0,0,0,0,0,0,0,0,0,0,0,205431
1,1,1,1,1217,-91,-1585,4080,1410,1277,51,35,16,0,0,0,0,0,0,0,0,0,0,0,0,0,0,0,0,0,0,0,0,0,0,205441
1,1,1,1,1354,-100,-1528,4534,1438,1322,50,32,18,0,0,0,0,0,0,0,0,0,0,0,0,0,0,0,0,0,0,0,0,0,0,205451
1,1,1,1,1580,-311,-1498,4491,1251,1150,44,28,14,0,0,0,0,0,0,0,0,0,0,0,0,0,0,0,0,0,0,0,0,0,0,205461
1,1,1,1,1592,-410,-1508,4224,1129,923,49,22,2,0,0,0,0,0,0,0,0,0,0,0,0,0,0,0,0,0,0,0,0,0,0,205471
1,1,1,1,1546,-605,-1588,4343,1041,943,51,18,0,0,0,0,0,0,0,0,0,0,0,0,0,0,0,0,0,0,0,0,0,0,0,205481
1,1,1,1,1557,-729,-1542,4858,897,931,53,15,-2,0,0,0,0,0,0,0,0,0,0,0,0,0,0,0,0,0,0,0,0,0,0,205491
1,1,1,1,1718,-624,-1544,5641,714,976,74,11,-3,0,0,0,0,0,0,0,0,0,0,0,0,0,0,0,0,0,0,0,0,0,0,205501
1,1,1,1,1916,45,-1381,7071,652,1190,43,21,20,0,0,0,0,0,0,0,0,0,0,0,0,0,0,0,0,0,0,0,0,0,0,205511
1,1,1,1,1730,-938,-1262,7545,999,1272,44,22,21,0,0,0,0,0,0,0,0,0,0,0,0,0,0,0,0,0,0,0,0,0,0,205521
1,1,1,1,1751,-1884,-1555,6497,1181,620,22,15,13,0,0,0,0,0,0,0,0,0,0,0,0,0,0,0,0,0,0,0,0,0,0,205531
1,1,1,1,1929,-1220,-2271,5200,1230,716,13,17,18,0,0,0,0,0,0,0,0,0,0,0,0,0,0,0,0,0,0,0,0,0,0,205541
1,1,1,1,1418,-1532,-2125,2760,1154,724,19,13,11,0,0,0,0,0,0,0,0,0,0,0,0,0,0,0,0,0,0,0,0,0,0,205551
1,1,1,1,1659,-1255,-1774,1712,1167,839,26,11,9,0,0,0,0,0,0,0,0,0,0,0,0,0,0,0,0,0,0,0,0,0,0,205561
1,1,1,1,1748,-1289,-1359,1296,1189,932,26,23,16,0,0,0,0,0,0,0,0,0,0,0,0,0,0,0,0,0,0,0,0,0,0,205571
1,1,1,1,1978,-1542,-932,871,881,899,23,23,13,0,0,0,0,0,0,0,0,0,0,0,0,0,0,0,0,0,0,0,0,0,0,205581
1,1,1,1,1846,-1225,-1064,793,767,1024,29,22,18,0,0,0,0,0,0,0,0,0,0,0,0,0,0,0,0,0,0,0,0,0,0,205591
1,1,1,1,1836,-1571,-933,936,714,807,27,19,15,0,0,0,0,0,0,0,0,0,0,0,0,0,0,0,0,0,0,0,0,0,0,205601
1,1,1,1,1858,-1336,-1132,891,714,769,29,19,11,0,0,0,0,0,0,0,0,0,0,0,0,0,0,0,0,0,0,0,0,0,0,205611
1,1,1,1,1716,-1320,-1070,726,627,761,31,20,11,0,0,0,0,0,0,0,0,0,0,0,0,0,0,0,0,0,0,0,0,0,0,205621
1,1,1,1,1874,-1487,-1086,688,625,738,30,17,11,0,0,0,0,0,0,0,0,0,0,0,0,0,0,0,0,0,0,0,0,0,0,205631
1,1,1,1,1529,-1489,-1226,440,743,616,33,15,13,0,0,0,0,0,0,0,0,0,0,0,0,0,0,0,0,0,0,0,0,0,0,205641
1,1,1,1,1345,-1386,-1167,767,960,595,35,15,5,0,0,0,0,0,0,0,0,0,0,0,0,0,0,0,0,0,0,0,0,0,0,205651
1,1,1,1,1912,-1295,-1276,1192,1079,682,28,15,12,0,0,0,0,0,0,0,0,0,0,0,0,0,0,0,0,0,0,0,0,0,0,205661
1,1,1,1,1597,-1391,-1131,1009,1103,687,35,14,7,0,0,0,0,0,0,0,0,0,0,0,0,0,0,0,0,0,0,0,0,0,0,205671
1,1,1,1,1589,-1499,-946,1360,1122,632,32,14,5,0,0,0,0,0,0,0,0,0,0,0,0,0,0,0,0,0,0,0,0,0,0,205681
1,1,1,1,1686,-1557,-887,1724,1167,571,34,12,5,0,0,0,0,0,0,0,0,0,0,0,0,0,0,0,0,0,0,0,0,0,0,205691
1,1,1,1,1734,-1558,-964,1768,1177,550,33,11,5,0,0,0,0,0,0,0,0,0,0,0,0,0,0,0,0,0,0,0,0,0,0,205701
1,1,1,1,1588,-1531,-974,1741,1206,565,31,11,0,0,0,0,0,0,0,0,0,0,0,0,0,0,0,0,0,0,0,0,0,0,0,205711
1,1,1,1,1609,-1565,-818,1603,1165,614,31,10,-1,0,0,0,0,0,0,0,0,0,0,0,0,0,0,0,0,0,0,0,0,0,0,205721
1,1,1,1,1719,-1617,-799,1202,1064,730,30,9,-2,0,0,0,0,0,0,0,0,0,0,0,0,0,0,0,0,0,0,0,0,0,0,205731
1,1,1,1,1623,-1534,-857,1066,1067,843,27,10,-3,0,0,0,0,0,0,0,0,0,0,0,0,0,0,0,0,0,0,0,0,0,0,205741
1,1,1,1,1717,-1512,-796,1116,1102,924,30,10,1,0,0,0,0,0,0,0,0,0,0,0,0,0,0,0,0,0,0,0,0,0,0,205751
1,1,1,1,1791,-1650,-716,1194,1090,887,37,11,2,0,0,0,0,0,0,0,0,0,0,0,0,0,0,0,0,0,0,0,0,0,0,205761
1,1,1,1,1629,-1550,-571,1846,1132,855,35,11,8,0,0,0,0,0,0,0,0,0,0,0,0,0,0,0,0,0,0,0,0,0,0,205771
1,1,1,1,1699,-1423,-495,2575,1213,837,49,10,8,0,0,0,0,0,0,0,0,0,0,0,0,0,0,0,0,0,0,0,0,0,0,205781
1,1,1,1,1720,-1242,-412,4377,1267,725,63,8,0,0,0,0,0,0,0,0,0,0,0,0,0,0,0,0,0,0,0,0,0,0,0,205791
1,1,1,1,1717,-1098,-442,6843,1372,540,51,7,-4,0,0,0,0,0,0,0,0,0,0,0,0,0,0,0,0,0,0,0,0,0,0,205801
1,1,1,1,1549,-1252,-399,7659,1402,525,29,7,-4,0,0,0,0,0,0,0,0,0,0,0,0,0,0,0,0,0,0,0,0,0,0,205811
1,1,1,1,1493,-2068,-254,6332,1325,763,25,9,0,0,0,0,0,0,0,0,0,0,0,0,0,0,0,0,0,0,0,0,0,0,0,205821
1,1,1,1,1659,-2108,46,4012,1121,745,36,10,-4,0,0,0,0,0,0,0,0,0,0,0,0,0,0,0,0,0,0,0,0,0,0,205831
1,1,1,1,1736,-1943,152,3063,770,444,32,10,5,0,0,0,0,0,0,0,0,0,0,0,0,0,0,0,0,0,0,0,0,0,0,205841
1,1,1,1,1571,-1871,235,2719,727,234,37,7,5,0,0,0,0,0,0,0,0,0,0,0,0,0,0,0,0,0,0,0,0,0,0,205851
1,1,1,1,1504,-1673,98,2666,843,169,31,9,13,0,0,0,0,0,0,0,0,0,0,0,0,0,0,0,0,0,0,0,0,0,0,205861
1,1,1,1,1560,-1825,-114,2083,926,193,18,10,17,0,0,0,0,0,0,0,0,0,0,0,0,0,0,0,0,0,0,0,0,0,0,205871
1,1,1,1,1385,-1969,-143,946,850,337,20,6,14,0,0,0,0,0,0,0,0,0,0,0,0,0,0,0,0,0,0,0,0,0,0,205881
1,1,1,1,1315,-1828,-178,664,770,538,28,7,19,0,0,0,0,0,0,0,0,0,0,0,0,0,0,0,0,0,0,0,0,0,0,205891
1,1,1,1,1315,-1810,-161,1203,790,516,28,7,20,0,0,0,0,0,0,0,0,0,0,0,0,0,0,0,0,0,0,0,0,0,0,205901
1,1,1,1,1343,-1626,-86,1590,937,512,35,11,13,0,0,0,0,0,0,0,0,0,0,0,0,0,0,0,0,0,0,0,0,0,0,205911
1,1,1,1,1440,-1618,87,2327,834,786,39,11,11,0,0,0,0,0,0,0,0,0,0,0,0,0,0,0,0,0,0,0,0,0,0,205921
1,1,1,1,1335,-1727,149,3044,664,882,34,13,15,0,0,0,0,0,0,0,0,0,0,0,0,0,0,0,0,0,0,0,0,0,0,205931
1,1,1,1,1338,-1685,340,2774,592,685,32,13,14,0,0,0,0,0,0,0,0,0,0,0,0,0,0,0,0,0,0,0,0,0,0,205941
1,1,1,1,1414,-1548,406,2296,734,452,39,13,9,0,0,0,0,0,0,0,0,0,0,0,0,0,0,0,0,0,0,0,0,0,0,205951
1,1,1,1,1504,-1672,538,2129,835,393,22,12,13,0,0,0,0,0,0,0,0,0,0,0,0,0,0,0,0,0,0,0,0,0,0,205961
1,1,1,1,1640,-1909,636,842,1048,432,21,12,14,0,0,0,0,0,0,0,0,0,0,0,0,0,0,0,0,0,0,0,0,0,0,205971
1,1,1,1,1694,-1957,687,10,944,425,24,12,15,0,0,0,0,0,0,0,0,0,0,0,0,0,0,0,0,0,0,0,0,0,0,205981
1,1,1,1,1699,-1571,743,-36,764,333,23,12,15,0,0,0,0,0,0,0,0,0,0,0,0,0,0,0,0,0,0,0,0,0,0,205991
1,1,1,1,1583,-1404,533,-19,693,269,25,11,16,0,0,0,0,0,0,0,0,0,0,0,0,0,0,0,0,0,0,0,0,0,0,206001
1,1,1,1,1492,-1532,464,157,631,278,24,11,19,0,0,0,0,0,0,0,0,0,0,0,0,0,0,0,0,0,0,0,0,0,0,206011
1,1,1,1,1438,-1693,424,234,544,210,27,11,15,0,0,0,0,0,0,0,0,0,0,0,0,0,0,0,0,0,0,0,0,0,0,206021
1,1,1,1,1306,-1761,417,237,607,202,25,15,14,0,0,0,0,0,0,0,0,0,0,0,0,0,0,0,0,0,0,0,0,0,0,206031
1,1,1,1,1252,-1731,487,348,723,274,27,14,13,0,0,0,0,0,0,0,0,0,0,0,0,0,0,0,0,0,0,0,0,0,0,206041
1,1,1,1,1186,-1719,561,484,775,384,24,16,19,0,0,0,0,0,0,0,0,0,0,0,0,0,0,0,0,0,0,0,0,0,0,206051
1,1,1,1,1245,-1708,596,451,776,449,22,15,22,0,0,0,0,0,0,0,0,0,0,0,0,0,0,0,0,0,0,0,0,0,0,206061
1,1,1,1,1242,-1778,656,309,623,489,20,16,23,0,0,0,0,0,0,0,0,0,0,0,0,0,0,0,0,0,0,0,0,0,0,206071
1,1,1,1,1199,-1869,636,-16,553,486,14,18,28,0,0,0,0,0,0,0,0,0,0,0,0,0,0,0,0,0,0,0,0,0,0,206081
1,1,1,1,1224,-1897,540,-538,478,536,11,17,34,0,0,0,0,0,0,0,0,0,0,0,0,0,0,0,0,0,0,0,0,0,0,206091
1,1,1,1,1309,-2053,551,-1308,411,593,8,19,38,0,0,0,0,0,0,0,0,0,0,0,0,0,0,0,0,0,0,0,0,0,0,206101
1,1,1,1,1416,-2043,497,-1990,338,611,11,20,38,0,0,0,0,0,0,0,0,0,0,0,0,0,0,0,0,0,0,0,0,0,0,206111
1,1,1,1,1296,-1900,550,-1950,268,578,13,19,39,0,0,0,0,0,0,0,0,0,0,0,0,0,0,0,0,0,0,0,0,0,0,206121
1,1,1,1,1198,-1793,592,-1494,213,448,11,15,40,0,0,0,0,0,0,0,0,0,0,0,0,0,0,0,0,0,0,0,0,0,0,206131
1,1,1,1,1152,-1754,468,-1161,198,349,10,11,41,0,0,0,0,0,0,0,0,0,0,0,0,0,0,0,0,0,0,0,0,0,0,206141
1,1,1,1,1225,-1731,444,-786,168,300,5,14,41,0,0,0,0,0,0,0,0,0,0,0,0,0,0,0,0,0,0,0,0,0,0,206151
1,1,1,1,1232,-1889,322,-728,204,252,8,7,36,0,0,0,0,0,0,0,0,0,0,0,0,0,0,0,0,0,0,0,0,0,0,206161
1,1,1,1,1213,-1887,404,-821,176,271,5,6,33,0,0,0,0,0,0,0,0,0,0,0,0,0,0,0,0,0,0,0,0,0,0,206171
1,1,1,1,1319,-1860,519,-674,167,265,1,1,33,0,0,0,0,0,0,0,0,0,0,0,0,0,0,0,0,0,0,0,0,0,0,206181
1,1,1,1,1309,-1876,591,-662,185,271,4,-1,35,0,0,0,0,0,0,0,0,0,0,0,0,0,0,0,0,0,0,0,0,0,0,206191
1,1,1,1,1485,-1747,490,-54,226,189,5,-4,33,0,0,0,0,0,0,0,0,0,0,0,0,0,0,0,0,0,0,0,0,0,0,206201
1,1,1,1,1575,-1825,177,425,283,151,2,-3,26,0,0,0,0,0,0,0,0,0,0,0,0,0,0,0,0,0,0,0,0,0,0,206211
1,1,1,1,1157,-1895,224,126,294,133,4,-4,27,0,0,0,0,0,0,0,0,0,0,0,0,0,0,0,0,0,0,0,0,0,0,206221
1,1,1,1,1374,-1747,420,269,233,78,10,-4,25,0,0,0,0,0,0,0,0,0,0,0,0,0,0,0,0,0,0,0,0,0,0,206231
1,1,1,1,1543,-1654,517,600,134,-11,17,-4,21,0,0,0,0,0,0,0,0,0,0,0,0,0,0,0,0,0,0,0,0,0,0,206241
1,1,1,1,1325,-1497,537,1138,91,-53,19,-6,13,0,0,0,0,0,0,0,0,0,0,0,0,0,0,0,0,0,0,0,0,0,0,206251
1,1,1,1,1224,-1540,342,1678,207,-86,17,-5,16,0,0,0,0,0,0,0,0,0,0,0,0,0,0,0,0,0,0,0,0,0,0,206261
1,1,1,1,1333,-1740,497,1807,235,-100,16,-4,10,0,0,0,0,0,0,0,0,0,0,0,0,0,0,0,0,0,0,0,0,0,0,206271
1,1,1,1,1189,-1808,724,1534,201,-76,13,-3,15,0,0,0,0,0,0,0,0,0,0,0,0,0,0,0,0,0,0,0,0,0,0,206281
1,1,1,1,1409,-1822,713,1220,197,-74,15,-1,12,0,0,0,0,0,0,0,0,0,0,0,0,0,0,0,0,0,0,0,0,0,0,206291
1,1,1,1,1518,-1843,746,849,223,-22,14,-1,6,0,0,0,0,0,0,0,0,0,0,0,0,0,0,0,0,0,0,0,0,0,0,206301
1,1,1,1,1293,-1925,741,317,283,22,14,2,6,0,0,0,0,0,0,0,0,0,0,0,0,0,0,0,0,0,0,0,0,0,0,206311
1,1,1,1,1542,-1673,981,138,211,34,15,1,13,0,0,0,0,0,0,0,0,0,0,0,0,0,0,0,0,0,0,0,0,0,0,206321
1,1,1,1,1326,-1791,639,29,199,19,15,3,7,0,0,0,0,0,0,0,0,0,0,0,0,0,0,0,0,0,0,0,0,0,0,206331
1,1,1,1,1375,-1694,786,-21,153,58,13,4,13,0,0,0,0,0,0,0,0,0,0,0,0,0,0,0,0,0,0,0,0,0,0,206341
1,1,1,1,1178,-1797,640,-69,129,-11,14,4,14,0,0,0,0,0,0,0,0,0,0,0,0,0,0,0,0,0,0,0,0,0,0,206351
1,1,1,1,1007,-1762,649,111,115,-41,13,4,20,0,0,0,0,0,0,0,0,0,0,0,0,0,0,0,0,0,0,0,0,0,0,206361
1,1,1,1,1051,-1862,539,159,171,-115,11,4,22,0,0,0,0,0,0,0,0,0,0,0,0,0,0,0,0,0,0,0,0,0,0,206371
1,1,1,1,1046,-1831,646,74,110,-116,11,3,21,0,0,0,0,0,0,0,0,0,0,0,0,0,0,0,0,0,0,0,0,0,0,206381
1,1,1,1,1038,-1826,476,177,138,-114,9,3,23,0,0,0,0,0,0,0,0,0,0,0,0,0,0,0,0,0,0,0,0,0,0,206391
1,1,1,1,1086,-1821,556,199,130,-95,12,3,26,0,0,0,0,0,0,0,0,0,0,0,0,0,0,0,0,0,0,0,0,0,0,206401
1,1,1,1,1084,-1863,568,213,102,-96,7,2,26,0,0,0,0,0,0,0,0,0,0,0,0,0,0,0,0,0,0,0,0,0,0,206411
1,1,1,1,1113,-1891,659,234,28,-70,5,1,26,0,0,0,0,0,0,0,0,0,0,0,0,0,0,0,0,0,0,0,0,0,0,206421
1,1,1,1,1092,-1981,601,-1,-4,-26,3,-2,25,0,0,0,0,0,0,0,0,0,0,0,0,0,0,0,0,0,0,0,0,0,0,206431
1,1,1,1,1108,-2034,579,-181,-1,-25,3,-5,19,0,0,0,0,0,0,0,0,0,0,0,0,0,0,0,0,0,0,0,0,0,0,206441
1,1,1,1,1087,-1936,619,-298,-6,-21,1,-9,16,0,0,0,0,0,0,0,0,0,0,0,0,0,0,0,0,0,0,0,0,0,0,206451
1,1,1,1,1184,-1798,576,-377,-1,-19,1,-9,4,0,0,0,0,0,0,0,0,0,0,0,0,0,0,0,0,0,0,0,0,0,0,206461
1,1,1,1,1214,-1679,609,-293,6,-24,1,-13,6,0,0,0,0,0,0,0,0,0,0,0,0,0,0,0,0,0,0,0,0,0,0,206471
1,1,1,1,1269,-1553,643,-132,-47,-1,1,-13,2,0,0,0,0,0,0,0,0,0,0,0,0,0,0,0,0,0,0,0,0,0,0,206481
1,1,1,1,1242,-1592,581,13,-53,39,0,-12,4,0,0,0,0,0,0,0,0,0,0,0,0,0,0,0,0,0,0,0,0,0,0,206491
1,1,1,1,1247,-1621,610,88,-42,15,-2,-7,9,0,0,0,0,0,0,0,0,0,0,0,0,0,0,0,0,0,0,0,0,0,0,206501
1,1,1,1,1248,-1712,697,133,-91,56,0,-11,12,0,0,0,0,0,0,0,0,0,0,0,0,0,0,0,0,0,0,0,0,0,0,206511
1,1,1,1,1255,-1799,668,90,-108,13,-2,-10,14,0,0,0,0,0,0,0,0,0,0,0,0,0,0,0,0,0,0,0,0,0,0,206521
1,1,1,1,1158,-1818,657,73,-116,-33,-2,-8,23,0,0,0,0,0,0,0,0,0,0,0,0,0,0,0,0,0,0,0,0,0,0,206531
1,1,1,1,1128,-1843,608,10,-82,-20,-2,-6,25,0,0,0,0,0,0,0,0,0,0,0,0,0,0,0,0,0,0,0,0,0,0,206541
1,1,1,1,1103,-1880,625,-76,-62,5,-2,-7,24,0,0,0,0,0,0,0,0,0,0,0,0,0,0,0,0,0,0,0,0,0,0,206551
1,1,1,1,1096,-1843,592,-97,-34,-5,-2,-5,25,0,0,0,0,0,0,0,0,0,0,0,0,0,0,0,0,0,0,0,0,0,0,206561
1,1,1,1,1150,-1778,648,-107,-40,29,0,-3,28,0,0,0,0,0,0,0,0,0,0,0,0,0,0,0,0,0,0,0,0,0,0,206571
1,1,1,1,1198,-1816,668,-134,-66,72,0,-4,28,0,0,0,0,0,0,0,0,0,0,0,0,0,0,0,0,0,0,0,0,0,0,206581
1,1,1,1,1204,-1818,681,-145,-94,76,-5,-3,34,0,0,0,0,0,0,0,0,0,0,0,0,0,0,0,0,0,0,0,0,0,0,206591
1,1,1,1,1166,-1842,640,-151,-95,66,-5,-3,39,0,0,0,0,0,0,0,0,0,0,0,0,0,0,0,0,0,0,0,0,0,0,206601
1,1,1,1,1142,-1844,625,-164,-90,51,-6,-3,40,0,0,0,0,0,0,0,0,0,0,0,0,0,0,0,0,0,0,0,0,0,0,206611
1,1,1,1,1119,-1823,583,-112,-85,35,-8,-3,43,0,0,0,0,0,0,0,0,0,0,0,0,0,0,0,0,0,0,0,0,0,0,206621
1,1,1,1,1119,-1823,583,-64,-88,48,-10,-3,46,0,0,0,0,0,0,0,0,0,0,0,0,0,0,0,0,0,0,0,0,0,0,206631
1,1,1,1,1139,-1782,566,-7,-82,49,-12,-2,49,0,0,0,0,0,0,0,0,0,0,0,0,0,0,0,0,0,0,0,0,0,0,206641
1,1,1,1,1155,-1759,589,56,-97,42,-14,-1,53,0,0,0,0,0,0,0,0,0,0,0,0,0,0,0,0,0,0,0,0,0,0,206651
1,1,1,1,1184,-1759,605,66,-102,46,-15,-2,53,0,0,0,0,0,0,0,0,0,0,0,0,0,0,0,0,0,0,0,0,0,0,206661
1,1,1,1,1184,-1759,605,-6,-111,67,-16,-1,54,0,0,0,0,0,0,0,0,0,0,0,0,0,0,0,0,0,0,0,0,0,0,206671
1,1,1,1,1215,-1845,674,-106,-97,75,-17,0,53,0,0,0,0,0,0,0,0,0,0,0,0,0,0,0,0,0,0,0,0,0,0,206681
1,1,1,1,1199,-1846,672,-240,-75,84,-18,-1,51,0,0,0,0,0,0,0,0,0,0,0,0,0,0,0,0,0,0,0,0,0,0,206691
1,1,1,1,1221,-1828,688,-387,-72,120,-15,0,52,0,0,0,0,0,0,0,0,0,0,0,0,0,0,0,0,0,0,0,0,0,0,206701
1,1,1,1,1206,-1838,692,-434,-61,118,-14,0,54,0,0,0,0,0,0,0,0,0,0,0,0,0,0,0,0,0,0,0,0,0,0,206711
1,1,1,1,1138,-1822,614,-400,-48,78,-16,0,56,0,0,0,0,0,0,0,0,0,0,0,0,0,0,0,0,0,0,0,0,0,0,206721
1,1,1,1,1156,-1723,569,-226,-28,57,-19,1,61,0,0,0,0,0,0,0,0,0,0,0,0,0,0,0,0,0,0,0,0,0,0,206741
1,1,1,1,1208,-1750,601,-178,-51,83,-19,1,64,0,0,0,0,0,0,0,0,0,0,0,0,0,0,0,0,0,0,0,0,0,0,206751
1,1,1,1,1200,-1814,579,-109,-83,63,-18,-3,64,0,0,0,0,0,0,0,0,0,0,0,0,0,0,0,0,0,0,0,0,0,0,206761
1,1,1,1,1149,-1821,530,-35,-59,51,-20,3,69,0,0,0,0,0,0,0,0,0,0,0,0,0,0,0,0,0,0,0,0,0,0,206771
1,1,1,1,1138,-1842,530,-2,-28,46,-20,1,71,0,0,0,0,0,0,0,0,0,0,0,0,0,0,0,0,0,0,0,0,0,0,206781
1,1,1,1,1168,-1874,555,-13,-43,36,-19,-1,74,0,0,0,0,0,0,0,0,0,0,0,0,0,0,0,0,0,0,0,0,0,0,206791
1,1,1,1,1167,-1853,576,-67,-46,31,-21,3,76,0,0,0,0,0,0,0,0,0,0,0,0,0,0,0,0,0,0,0,0,0,0,206801
1,1,1,1,1180,-1799,570,-74,-52,39,-20,1,75,0,0,0,0,0,0,0,0,0,0,0,0,0,0,0,0,0,0,0,0,0,0,206811
1,1,1,1,1204,-1805,577,-68,-54,42,-21,5,78,0,0,0,0,0,0,0,0,0,0,0,0,0,0,0,0,0,0,0,0,0,0,206821
1,1,1,1,1212,-1815,589,-88,-53,45,-21,4,77,0,0,0,0,0,0,0,0,0,0,0,0,0,0,0,0,0,0,0,0,0,0,206831
1,1,1,1,1214,-1830,592,-116,-49,52,-19,3,78,0,0,0,0,0,0,0,0,0,0,0,0,0,0,0,0,0,0,0,0,0,0,206841
1,1,1,1,1217,-1801,601,-103,-71,45,-17,4,79,0,0,0,0,0,0,0,0,0,0,0,0,0,0,0,0,0,0,0,0,0,0,206851
1,1,1,1,1203,-1766,576,13,-83,17,-17,4,85,0,0,0,0,0,0,0,0,0,0,0,0,0,0,0,0,0,0,0,0,0,0,206861
1,1,1,1,1168,-1753,546,109,-76,-2,-19,4,86,0,0,0,0,0,0,0,0,0,0,0,0,0,0,0,0,0,0,0,0,0,0,206871
1,1,1,1,1165,-1769,524,196,-64,-21,-20,5,91,0,0,0,0,0,0,0,0,0,0,0,0,0,0,0,0,0,0,0,0,0,0,206881
1,1,1,1,1178,-1802,564,211,-51,-15,-22,5,91,0,0,0,0,0,0,0,0,0,0,0,0,0,0,0,0,0,0,0,0,0,0,206891
1,1,1,1,1203,-1850,575,168,-43,-10,-21,5,90,0,0,0,0,0,0,0,0,0,0,0,0,0,0,0,0,0,0,0,0,0,0,206901
1,1,1,1,1211,-1882,610,74,-28,5,-24,6,92,0,0,0,0,0,0,0,0,0,0,0,0,0,0,0,0,0,0,0,0,0,0,206911
1,1,1,1,1204,-1899,628,-52,-23,30,-24,7,92,0,0,0,0,0,0,0,0,0,0,0,0,0,0,0,0,0,0,0,0,0,0,206921
1,1,1,1,1194,-1899,637,-152,-11,50,-24,7,92,0,0,0,0,0,0,0,0,0,0,0,0,0,0,0,0,0,0,0,0,0,0,206931
1,1,1,1,1181,-1872,614,-211,0,47,-23,6,92,0,0,0,0,0,0,0,0,0,0,0,0,0,0,0,0,0,0,0,0,0,0,206941
1,1,1,1,1162,-1839,606,-205,5,46,-22,6,91,0,0,0,0,0,0,0,0,0,0,0,0,0,0,0,0,0,0,0,0,0,0,206951
1,1,1,1,1152,-1814,577,-136,15,31,-25,6,92,0,0,0,0,0,0,0,0,0,0,0,0,0,0,0,0,0,0,0,0,0,0,206961
1,1,1,1,1165,-1800,555,-72,21,23,-24,5,93,0,0,0,0,0,0,0,0,0,0,0,0,0,0,0,0,0,0,0,0,0,0,206971
1,1,1,1,1171,-1787,553,-5,22,17,-25,6,94,0,0,0,0,0,0,0,0,0,0,0,0,0,0,0,0,0,0,0,0,0,0,206981
1,1,1,1,1180,-1785,556,38,11,15,-24,6,93,0,0,0,0,0,0,0,0,0,0,0,0,0,0,0,0,0,0,0,0,0,0,206991
1,1,1,1,1185,-1804,553,53,-3,16,-24,7,93,0,0,0,0,0,0,0,0,0,0,0,0,0,0,0,0,0,0,0,0,0,0,207001
1,1,1,1,1181,-1843,568,23,-11,22,-25,8,94,0,0,0,0,0,0,0,0,0,0,0,0,0,0,0,0,0,0,0,0,0,0,207011
1,1,1,1,1183,-1900,582,-17,-21,32,-26,7,95,0,0,0,0,0,0,0,0,0,0,0,0,0,0,0,0,0,0,0,0,0,0,207021
1,1,1,1,1161,-1913,561,-64,-19,38,-21,7,97,0,0,0,0,0,0,0,0,0,0,0,0,0,0,0,0,0,0,0,0,0,0,207031
1,1,1,1,1156,-1874,568,-86,-15,44,-23,7,95,0,0,0,0,0,0,0,0,0,0,0,0,0,0,0,0,0,0,0,0,0,0,207041
1,1,1,1,1161,-1840,558,-71,-19,40,-25,8,95,0,0,0,0,0,0,0,0,0,0,0,0,0,0,0,0,0,0,0,0,0,0,207051
1,1,1,1,1165,-1816,567,-49,-24,36,-25,9,95,0,0,0,0,0,0,0,0,0,0,0,0,0,0,0,0,0,0,0,0,0,0,207061
1,1,1,1,1168,-1822,561,-21,-17,33,-25,12,93,0,0,0,0,0,0,0,0,0,0,0,0,0,0,0,0,0,0,0,0,0,0,207071
1,1,1,1,1179,-1832,576,-6,-27,31,-26,12,96,0,0,0,0,0,0,0,0,0,0,0,0,0,0,0,0,0,0,0,0,0,0,207081
1,1,1,1,1183,-1844,590,-20,-26,36,-25,8,91,0,0,0,0,0,0,0,0,0,0,0,0,0,0,0,0,0,0,0,0,0,0,207091
1,1,1,1,1182,-1857,589,-50,-23,41,-23,3,90,0,0,0,0,0,0,0,0,0,0,0,0,0,0,0,0,0,0,0,0,0,0,207101
1,1,1,1,1172,-1873,583,-70,-20,35,-27,8,94,0,0,0,0,0,0,0,0,0,0,0,0,0,0,0,0,0,0,0,0,0,0,207111
1,1,1,1,1168,-1850,567,-64,-16,36,-26,8,95,0,0,0,0,0,0,0,0,0,0,0,0,0,0,0,0,0,0,0,0,0,0,207121
1,1,1,1,1163,-1835,552,-39,-13,32,-25,8,96,0,0,0,0,0,0,0,0,0,0,0,0,0,0,0,0,0,0,0,0,0,0,207131
1,1,1,1,1167,-1845,545,-21,-13,24,-24,7,93,0,0,0,0,0,0,0,0,0,0,0,0,0,0,0,0,0,0,0,0,0,0,207141
1,1,1,1,1180,-1846,552,-5,-7,14,-24,9,93,0,0,0,0,0,0,0,0,0,0,0,0,0,0,0,0,0,0,0,0,0,0,207151
1,1,1,1,1181,-1834,578,-7,-15,5,-22,7,90,0,0,0,0,0,0,0,0,0,0,0,0,0,0,0,0,0,0,0,0,0,0,207161
1,1,1,1,1197,-1834,596,-10,-20,0,-23,8,94,0,0,0,0,0,0,0,0,0,0,0,0,0,0,0,0,0,0,0,0,0,0,207171
1,1,1,1,1187,-1834,585,-9,-13,-1,-23,8,91,0,0,0,0,0,0,0,0,0,0,0,0,0,0,0,0,0,0,0,0,0,0,207181
1,1,1,1,1172,-1839,569,-2,-12,0,-24,9,93,0,0,0,0,0,0,0,0,0,0,0,0,0,0,0,0,0,0,0,0,0,0,207191
1,1,1,1,1179,-1850,569,-6,-15,1,-24,9,96,0,0,0,0,0,0,0,0,0,0,0,0,0,0,0,0,0,0,0,0,0,0,207201
1,1,1,1,1176,-1871,561,-20,-17,5,-23,8,93,0,0,0,0,0,0,0,0,0,0,0,0,0,0,0,0,0,0,0,0,0,0,207211
1,1,1,1,1169,-1876,551,-42,-21,9,-22,8,95,0,0,0,0,0,0,0,0,0,0,0,0,0,0,0,0,0,0,0,0,0,0,207221
1,1,1,1,1170,-1874,555,-45,-15,20,-22,9,91,0,0,0,0,0,0,0,0,0,0,0,0,0,0,0,0,0,0,0,0,0,0,207231
1,1,1,1,1167,-1866,557,-44,-21,22,-22,9,91,0,0,0,0,0,0,0,0,0,0,0,0,0,0,0,0,0,0,0,0,0,0,207241
1,1,1,1,1170,-1858,551,-49,-24,23,-21,9,92,0,0,0,0,0,0,0,0,0,0,0,0,0,0,0,0,0,0,0,0,0,0,207251
1,1,1,1,1171,-1858,555,-46,-14,28,-22,9,92,0,0,0,0,0,0,0,0,0,0,0,0,0,0,0,0,0,0,0,0,0,0,207261
1,1,1,1,1164,-1859,556,-54,-12,22,-24,9,89,0,0,0,0,0,0,0,0,0,0,0,0,0,0,0,0,0,0,0,0,0,0,207271
1,1,1,1,1171,-1846,563,-54,-18,15,-22,9,91,0,0,0,0,0,0,0,0,0,0,0,0,0,0,0,0,0,0,0,0,0,0,207281
1,1,1,1,1178,-1832,564,-34,-14,10,-23,9,90,0,0,0,0,0,0,0,0,0,0,0,0,0,0,0,0,0,0,0,0,0,0,207291
1,1,1,1,1180,-1832,550,-4,-22,2,-21,8,91,0,0,0,0,0,0,0,0,0,0,0,0,0,0,0,0,0,0,0,0,0,0,207301
1,1,1,1,1184,-1833,542,23,-15,0,-21,9,91,0,0,0,0,0,0,0,0,0,0,0,0,0,0,0,0,0,0,0,0,0,0,207311
1,1,1,1,1203,-1834,577,5,-20,4,-21,9,90,0,0,0,0,0,0,0,0,0,0,0,0,0,0,0,0,0,0,0,0,0,0,207321
1,1,1,1,1202,-1874,575,-35,-22,13,-21,9,91,0,0,0,0,0,0,0,0,0,0,0,0,0,0,0,0,0,0,0,0,0,0,207331
1,1,1,1,1178,-1874,561,-66,-7,16,-21,9,91,0,0,0,0,0,0,0,0,0,0,0,0,0,0,0,0,0,0,0,0,0,0,207341
1,1,1,1,1179,-1862,571,-79,1,21,-22,9,90,0,0,0,0,0,0,0,0,0,0,0,0,0,0,0,0,0,0,0,0,0,0,207351
1,1,1,1,1169,-1869,560,-78,3,19,-21,10,93,0,0,0,0,0,0,0,0,0,0,0,0,0,0,0,0,0,0,0,0,0,0,207361
1,1,1,1,1159,-1861,547,-77,4,14,-20,7,92,0,0,0,0,0,0,0,0,0,0,0,0,0,0,0,0,0,0,0,0,0,0,207371
1,1,1,1,1163,-1854,542,-73,4,14,-22,10,92,0,0,0,0,0,0,0,0,0,0,0,0,0,0,0,0,0,0,0,0,0,0,207381
1,1,1,1,1176,-1867,558,-79,-4,13,-24,11,91,0,0,0,0,0,0,0,0,0,0,0,0,0,0,0,0,0,0,0,0,0,0,207391
1,1,1,1,1176,-1855,545,-77,-1,15,-23,12,91,0,0,0,0,0,0,0,0,0,0,0,0,0,0,0,0,0,0,0,0,0,0,207401
1,1,1,1,1174,-1846,539,-73,5,15,-20,7,91,0,0,0,0,0,0,0,0,0,0,0,0,0,0,0,0,0,0,0,0,0,0,207411
1,1,1,1,1177,-1838,539,-63,6,11,-22,11,92,0,0,0,0,0,0,0,0,0,0,0,0,0,0,0,0,0,0,0,0,0,0,207421
1,1,1,1,1183,-1829,543,-43,17,9,-20,10,91,0,0,0,0,0,0,0,0,0,0,0,0,0,0,0,0,0,0,0,0,0,0,207431
1,1,1,1,1176,-1834,535,-21,11,3,-21,10,94,0,0,0,0,0,0,0,0,0,0,0,0,0,0,0,0,0,0,0,0,0,0,207441
1,1,1,1,1177,-1852,538,-5,8,-4,-19,9,92,0,0,0,0,0,0,0,0,0,0,0,0,0,0,0,0,0,0,0,0,0,0,207451
1,1,1,1,1179,-1870,543,-11,7,0,-18,9,92,0,0,0,0,0,0,0,0,0,0,0,0,0,0,0,0,0,0,0,0,0,0,207461
1,1,1,1,1171,-1876,531,-26,1,3,-20,10,93,0,0,0,0,0,0,0,0,0,0,0,0,0,0,0,0,0,0,0,0,0,0,207471
1,1,1,1,1167,-1880,521,-29,-3,3,-18,9,96,0,0,0,0,0,0,0,0,0,0,0,0,0,0,0,0,0,0,0,0,0,0,207481
1,1,1,1,1176,-1861,511,-14,-6,7,-19,9,92,0,0,0,0,0,0,0,0,0,0,0,0,0,0,0,0,0,0,0,0,0,0,207491
1,1,1,1,1183,-1843,519,17,-8,13,-21,9,93,0,0,0,0,0,0,0,0,0,0,0,0,0,0,0,0,0,0,0,0,0,0,207501
1,1,1,1,1185,-1856,516,35,-15,11,-22,9,94,0,0,0,0,0,0,0,0,0,0,0,0,0,0,0,0,0,0,0,0,0,0,207511
1,1,1,1,1177,-1854,513,47,-17,12,-20,9,93,0,0,0,0,0,0,0,0,0,0,0,0,0,0,0,0,0,0,0,0,0,0,207521
1,1,1,1,1181,-1862,538,37,-20,13,-20,9,93,0,0,0,0,0,0,0,0,0,0,0,0,0,0,0,0,0,0,0,0,0,0,207531
1,1,1,1,1167,-1869,540,21,-21,10,-18,10,93,0,0,0,0,0,0,0,0,0,0,0,0,0,0,0,0,0,0,0,0,0,0,207541
1,1,1,1,1166,-1864,544,11,-27,10,-20,10,91,0,0,0,0,0,0,0,0,0,0,0,0,0,0,0,0,0,0,0,0,0,0,207551
1,1,1,1,1152,-1864,532,31,-22,3,-23,10,94,0,0,0,0,0,0,0,0,0,0,0,0,0,0,0,0,0,0,0,0,0,0,207561
1,1,1,1,1148,-1866,524,59,-18,-1,-21,10,95,0,0,0,0,0,0,0,0,0,0,0,0,0,0,0,0,0,0,0,0,0,0,207571
1,1,1,1,1157,-1871,532,65,-15,-6,-21,9,93,0,0,0,0,0,0,0,0,0,0,0,0,0,0,0,0,0,0,0,0,0,0,207581
1,1,1,1,1169,-1868,554,60,-5,-4,-22,10,95,0,0,0,0,0,0,0,0,0,0,0,0,0,0,0,0,0,0,0,0,0,0,207591
1,1,1,1,1173,-1868,558,54,3,1,-23,10,94,0,0,0,0,0,0,0,0,0,0,0,0,0,0,0,0,0,0,0,0,0,0,207601
1,1,1,1,1179,-1866,565,36,7,9,-22,10,95,0,0,0,0,0,0,0,0,0,0,0,0,0,0,0,0,0,0,0,0,0,0,207611
1,1,1,1,1165,-1862,561,30,13,6,-23,9,95,0,0,0,0,0,0,0,0,0,0,0,0,0,0,0,0,0,0,0,0,0,0,207621
1,1,1,1,1160,-1846,547,41,19,6,-23,11,93,0,0,0,0,0,0,0,0,0,0,0,0,0,0,0,0,0,0,0,0,0,0,207631
1,1,1,1,1164,-1848,547,58,12,0,-23,10,97,0,0,0,0,0,0,0,0,0,0,0,0,0,0,0,0,0,0,0,0,0,0,207641
1,1,1,1,1164,-1849,527,91,3,-10,-22,10,95,0,0,0,0,0,0,0,0,0,0,0,0,0,0,0,0,0,0,0,0,0,0,207651
1,1,1,1,1162,-1821,519,140,-1,-16,-24,12,95,0,0,0,0,0,0,0,0,0,0,0,0,0,0,0,0,0,0,0,0,0,0,207661
1,1,1,1,1171,-1831,534,171,-9,-13,-25,13,96,0,0,0,0,0,0,0,0,0,0,0,0,0,0,0,0,0,0,0,0,0,0,207671
1,1,1,1,1174,-1841,535,190,-17,-19,-20,11,93,0,0,0,0,0,0,0,0,0,0,0,0,0,0,0,0,0,0,0,0,0,0,207681
1,1,1,1,1177,-1848,553,189,-23,-13,-23,11,94,0,0,0,0,0,0,0,0,0,0,0,0,0,0,0,0,0,0,0,0,0,0,207691
1,1,1,1,1184,-1868,558,171,-19,-11,-19,8,91,0,0,0,0,0,0,0,0,0,0,0,0,0,0,0,0,0,0,0,0,0,0,207701
1,1,1,1,1187,-1868,569,135,-20,-9,-22,11,94,0,0,0,0,0,0,0,0,0,0,0,0,0,0,0,0,0,0,0,0,0,0,207711
1,1,1,1,1182,-1856,582,103,-19,-5,-20,10,92,0,0,0,0,0,0,0,0,0,0,0,0,0,0,0,0,0,0,0,0,0,0,207721
1,1,1,1,1179,-1839,579,95,-10,-6,-22,13,93,0,0,0,0,0,0,0,0,0,0,0,0,0,0,0,0,0,0,0,0,0,0,207731
1,1,1,1,1171,-1822,578,106,-13,-7,-22,12,95,0,0,0,0,0,0,0,0,0,0,0,0,0,0,0,0,0,0,0,0,0,0,207741
1,1,1,1,1169,-1827,595,123,-8,-8,-18,10,92,0,0,0,0,0,0,0,0,0,0,0,0,0,0,0,0,0,0,0,0,0,0,207751
1,1,1,1,1156,-1847,594,127,-9,-8,-16,10,93,0,0,0,0,0,0,0,0,0,0,0,0,0,0,0,0,0,0,0,0,0,0,207761
1,1,1,1,1156,-1858,585,127,-4,-7,-19,11,92,0,0,0,0,0,0,0,0,0,0,0,0,0,0,0,0,0,0,0,0,0,0,207771
1,1,1,1,1164,-1849,590,124,-1,-9,-21,12,92,0,0,0,0,0,0,0,0,0,0,0,0,0,0,0,0,0,0,0,0,0,0,207781
1,1,1,1,1173,-1855,592,118,0,-8,-21,11,90,0,0,0,0,0,0,0,0,0,0,0,0,0,0,0,0,0,0,0,0,0,0,207791
1,1,1,1,1190,-1878,600,75,9,1,-21,12,92,0,0,0,0,0,0,0,0,0,0,0,0,0,0,0,0,0,0,0,0,0,0,207801
1,1,1,1,1192,-1879,605,17,9,6,-22,11,90,0,0,0,0,0,0,0,0,0,0,0,0,0,0,0,0,0,0,0,0,0,0,207811
1,1,1,1,1187,-1863,599,-37,15,8,-20,11,90,0,0,0,0,0,0,0,0,0,0,0,0,0,0,0,0,0,0,0,0,0,0,207821
1,1,1,1,1187,-1863,599,-58,20,3,-21,11,89,0,0,0,0,0,0,0,0,0,0,0,0,0,0,0,0,0,0,0,0,0,0,207831
1,1,1,1,1183,-1808,593,-41,15,-3,-20,11,90,0,0,0,0,0,0,0,0,0,0,0,0,0,0,0,0,0,0,0,0,0,0,207841
1,1,1,1,1178,-1800,575,2,6,-16,-19,11,89,0,0,0,0,0,0,0,0,0,0,0,0,0,0,0,0,0,0,0,0,0,0,207851
1,1,1,1,1188,-1798,571,52,-1,-19,-21,11,90,0,0,0,0,0,0,0,0,0,0,0,0,0,0,0,0,0,0,0,0,0,0,207861
1,1,1,1,1192,-1824,575,76,-6,-22,-23,11,93,0,0,0,0,0,0,0,0,0,0,0,0,0,0,0,0,0,0,0,0,0,0,207871
1,1,1,1,1191,-1826,578,85,-12,-22,-22,11,89,0,0,0,0,0,0,0,0,0,0,0,0,0,0,0,0,0,0,0,0,0,0,207881
1,1,1,1,1189,-1825,579,75,-14,-14,-22,11,91,0,0,0,0,0,0,0,0,0,0,0,0,0,0,0,0,0,0,0,0,0,0,207891
1,1,1,1,1186,-1847,589,51,-11,-10,-21,11,90,0,0,0,0,0,0,0,0,0,0,0,0,0,0,0,0,0,0,0,0,0,0,207901
1,1,1,1,1182,-1849,598,27,-12,-7,-22,11,92,0,0,0,0,0,0,0,0,0,0,0,0,0,0,0,0,0,0,0,0,0,0,207911
1,1,1,1,1182,-1836,590,23,-9,-2,-21,12,90,0,0,0,0,0,0,0,0,0,0,0,0,0,0,0,0,0,0,0,0,0,0,207921
1,1,1,1,1178,-1830,585,24,-6,-4,-21,12,88,0,0,0,0,0,0,0,0,0,0,0,0,0,0,0,0,0,0,0,0,0,0,207931
1,1,1,1,1176,-1828,584,29,-10,-7,-21,12,89,0,0,0,0,0,0,0,0,0,0,0,0,0,0,0,0,0,0,0,0,0,0,207941
1,1,1,1,1179,-1816,587,51,-7,-6,-22,11,90,0,0,0,0,0,0,0,0,0,0,0,0,0,0,0,0,0,0,0,0,0,0,207951
1,1,1,1,1178,-1810,587,61,-14,-5,-22,9,91,0,0,0,0,0,0,0,0,0,0,0,0,0,0,0,0,0,0,0,0,0,0,207961
1,1,1,1,1175,-1821,589,62,-18,-10,-24,14,91,0,0,0,0,0,0,0,0,0,0,0,0,0,0,0,0,0,0,0,0,0,0,207971
1,1,1,1,1169,-1819,590,71,-13,-14,-20,11,89,0,0,0,0,0,0,0,0,0,0,0,0,0,0,0,0,0,0,0,0,0,0,207981
1,1,1,1,1174,-1807,591,94,-12,-19,-20,11,90,0,0,0,0,0,0,0,0,0,0,0,0,0,0,0,0,0,0,0,0,0,0,207991
1,1,1,1,1173,-1785,594,123,-10,-21,-19,9,90,0,0,0,0,0,0,0,0,0,0,0,0,0,0,0,0,0,0,0,0,0,0,208001
1,1,1,1,1172,-1801,608,125,-8,-17,-17,10,85,0,0,0,0,0,0,0,0,0,0,0,0,0,0,0,0,0,0,0,0,0,0,208011
1,1,1,1,1172,-1835,622,99,4,-12,-20,10,89,0,0,0,0,0,0,0,0,0,0,0,0,0,0,0,0,0,0,0,0,0,0,208021
1,1,1,1,1158,-1856,619,57,15,-6,-19,11,90,0,0,0,0,0,0,0,0,0,0,0,0,0,0,0,0,0,0,0,0,0,0,208031
1,1,1,1,1150,-1870,620,11,20,3,-17,12,89,0,0,0,0,0,0,0,0,0,0,0,0,0,0,0,0,0,0,0,0,0,0,208041
1,1,1,1,1150,-1879,637,-46,23,15,-17,11,90,0,0,0,0,0,0,0,0,0,0,0,0,0,0,0,0,0,0,0,0,0,0,208051
1,1,1,1,1167,-1842,621,-83,40,19,-17,11,88,0,0,0,0,0,0,0,0,0,0,0,0,0,0,0,0,0,0,0,0,0,0,208071
1,1,1,1,1175,-1821,619,-83,44,18,-17,10,89,0,0,0,0,0,0,0,0,0,0,0,0,0,0,0,0,0,0,0,0,0,0,208081
1,1,1,1,1180,-1822,612,-87,48,19,-18,11,88,0,0,0,0,0,0,0,0,0,0,0,0,0,0,0,0,0,0,0,0,0,0,208091
1,1,1,1,1187,-1827,608,-113,56,16,-18,11,89,0,0,0,0,0,0,0,0,0,0,0,0,0,0,0,0,0,0,0,0,0,0,208101
1,1,1,1,1184,-1818,607,-128,59,17,-19,11,88,0,0,0,0,0,0,0,0,0,0,0,0,0,0,0,0,0,0,0,0,0,0,208111
1,1,1,1,1178,-1808,589,-110,61,13,-16,11,86,0,0,0,0,0,0,0,0,0,0,0,0,0,0,0,0,0,0,0,0,0,0,208121
1,1,1,1,1170,-1807,577,-82,54,6,-16,11,85,0,0,0,0,0,0,0,0,0,0,0,0,0,0,0,0,0,0,0,0,0,0,208131
1,1,1,1,1161,-1808,573,-34,47,2,-16,11,84,0,0,0,0,0,0,0,0,0,0,0,0,0,0,0,0,0,0,0,0,0,0,208141
1,1,1,1,1172,-1799,577,-14,46,-8,-18,11,86,0,0,0,0,0,0,0,0,0,0,0,0,0,0,0,0,0,0,0,0,0,0,208151
1,1,1,1,1173,-1815,588,3,37,-10,-19,12,85,0,0,0,0,0,0,0,0,0,0,0,0,0,0,0,0,0,0,0,0,0,0,208161
1,1,1,1,1185,-1839,602,-9,32,-10,-20,12,85,0,0,0,0,0,0,0,0,0,0,0,0,0,0,0,0,0,0,0,0,0,0,208171
1,1,1,1,1184,-1851,604,-46,32,-4,-20,11,86,0,0,0,0,0,0,0,0,0,0,0,0,0,0,0,0,0,0,0,0,0,0,208181
1,1,1,1,1186,-1848,599,-70,33,2,-20,11,88,0,0,0,0,0,0,0,0,0,0,0,0,0,0,0,0,0,0,0,0,0,0,208191
1,1,1,1,1179,-1835,588,-68,32,7,-19,11,84,0,0,0,0,0,0,0,0,0,0,0,0,0,0,0,0,0,0,0,0,0,0,208201
1,1,1,1,1170,-1835,582,-67,31,7,-17,11,85,0,0,0,0,0,0,0,0,0,0,0,0,0,0,0,0,0,0,0,0,0,0,208211
1,1,1,1,1169,-1828,585,-55,28,4,-19,12,82,0,0,0,0,0,0,0,0,0,0,0,0,0,0,0,0,0,0,0,0,0,0,208221
1,1,1,1,1156,-1822,579,-23,21,5,-16,11,85,0,0,0,0,0,0,0,0,0,0,0,0,0,0,0,0,0,0,0,0,0,0,208231
1,1,1,1,1156,-1827,578,15,22,5,-17,12,83,0,0,0,0,0,0,0,0,0,0,0,0,0,0,0,0,0,0,0,0,0,0,208241
1,1,1,1,1163,-1836,603,-1,23,0,-17,12,84,0,0,0,0,0,0,0,0,0,0,0,0,0,0,0,0,0,0,0,0,0,0,208251
1,1,1,1,1161,-1863,611,-21,24,6,-19,11,83,0,0,0,0,0,0,0,0,0,0,0,0,0,0,0,0,0,0,0,0,0,0,208261
1,1,1,1,1168,-1840,601,-79,39,11,-18,12,82,0,0,0,0,0,0,0,0,0,0,0,0,0,0,0,0,0,0,0,0,0,0,208281
1,1,1,1,1174,-1820,590,-64,42,6,-23,14,84,0,0,0,0,0,0,0,0,0,0,0,0,0,0,0,0,0,0,0,0,0,0,208291
1,1,1,1,1169,-1801,576,-25,44,1,-20,9,82,0,0,0,0,0,0,0,0,0,0,0,0,0,0,0,0,0,0,0,0,0,0,208301
1,1,1,1,1167,-1796,574,12,30,-6,-18,12,84,0,0,0,0,0,0,0,0,0,0,0,0,0,0,0,0,0,0,0,0,0,0,208311
1,1,1,1,1169,-1816,585,41,25,-8,-18,11,83,0,0,0,0,0,0,0,0,0,0,0,0,0,0,0,0,0,0,0,0,0,0,208321
1,1,1,1,1164,-1847,587,31,17,-3,-19,12,82,0,0,0,0,0,0,0,0,0,0,0,0,0,0,0,0,0,0,0,0,0,0,208331
1,1,1,1,1167,-1863,592,10,12,-1,-18,12,84,0,0,0,0,0,0,0,0,0,0,0,0,0,0,0,0,0,0,0,0,0,0,208341
1,1,1,1,1168,-1859,593,-19,19,-1,-18,11,83,0,0,0,0,0,0,0,0,0,0,0,0,0,0,0,0,0,0,0,0,0,0,208351
1,1,1,1,1163,-1848,589,-30,26,1,-20,12,84,0,0,0,0,0,0,0,0,0,0,0,0,0,0,0,0,0,0,0,0,0,0,208361
1,1,1,1,1163,-1831,594,-29,34,2,-17,11,83,0,0,0,0,0,0,0,0,0,0,0,0,0,0,0,0,0,0,0,0,0,0,208371
1,1,1,1,1161,-1833,603,-22,30,7,-18,11,83,0,0,0,0,0,0,0,0,0,0,0,0,0,0,0,0,0,0,0,0,0,0,208381
1,1,1,1,1175,-1848,609,-35,31,-3,-16,11,83,0,0,0,0,0,0,0,0,0,0,0,0,0,0,0,0,0,0,0,0,0,0,208391
1,1,1,1,1177,-1829,622,-64,31,0,-17,11,83,0,0,0,0,0,0,0,0,0,0,0,0,0,0,0,0,0,0,0,0,0,0,208401
1,1,1,1,1163,-1835,616,-71,33,5,-17,11,82,0,0,0,0,0,0,0,0,0,0,0,0,0,0,0,0,0,0,0,0,0,0,208411
1,1,1,1,1155,-1826,609,-72,41,10,-18,11,79,0,0,0,0,0,0,0,0,0,0,0,0,0,0,0,0,0,0,0,0,0,0,208421
1,1,1,1,1157,-1850,602,-79,47,9,-18,11,80,0,0,0,0,0,0,0,0,0,0,0,0,0,0,0,0,0,0,0,0,0,0,208431
1,1,1,1,1159,-1860,600,-87,55,9,-14,11,80,0,0,0,0,0,0,0,0,0,0,0,0,0,0,0,0,0,0,0,0,0,0,208441
1,1,1,1,1161,-1839,607,-82,56,14,-16,10,80,0,0,0,0,0,0,0,0,0,0,0,0,0,0,0,0,0,0,0,0,0,0,208451
1,1,1,1,1167,-1828,590,-80,56,13,-16,10,79,0,0,0,0,0,0,0,0,0,0,0,0,0,0,0,0,0,0,0,0,0,0,208461
1,1,1,1,1168,-1836,586,-78,61,11,-17,11,82,0,0,0,0,0,0,0,0,0,0,0,0,0,0,0,0,0,0,0,0,0,0,208471
1,1,1,1,1158,-1853,587,-88,70,3,-18,10,80,0,0,0,0,0,0,0,0,0,0,0,0,0,0,0,0,0,0,0,0,0,0,208481
1,1,1,1,1157,-1847,588,-106,58,-1,-17,11,83,0,0,0,0,0,0,0,0,0,0,0,0,0,0,0,0,0,0,0,0,0,0,208491
1,1,1,1,1167,-1839,599,-114,50,7,-16,10,81,0,0,0,0,0,0,0,0,0,0,0,0,0,0,0,0,0,0,0,0,0,0,208501
1,1,1,1,1171,-1850,596,-117,37,3,-16,10,83,0,0,0,0,0,0,0,0,0,0,0,0,0,0,0,0,0,0,0,0,0,0,208511
1,1,1,1,1158,-1864,576,-107,31,-1,-15,10,81,0,0,0,0,0,0,0,0,0,0,0,0,0,0,0,0,0,0,0,0,0,0,208521
1,1,1,1,1155,-1862,573,-109,29,-3,-16,10,81,0,0,0,0,0,0,0,0,0,0,0,0,0,0,0,0,0,0,0,0,0,0,208531
1,1,1,1,1157,-1854,566,-98,29,-2,-16,10,82,0,0,0,0,0,0,0,0,0,0,0,0,0,0,0,0,0,0,0,0,0,0,208541
1,1,1,1,1155,-1839,561,-65,32,-4,-15,10,82,0,0,0,0,0,0,0,0,0,0,0,0,0,0,0,0,0,0,0,0,0,0,208551
1,1,1,1,1159,-1836,570,-46,18,-6,-16,9,83,0,0,0,0,0,0,0,0,0,0,0,0,0,0,0,0,0,0,0,0,0,0,208561
1,1,1,1,1154,-1836,565,-19,13,-7,-16,9,79,0,0,0,0,0,0,0,0,0,0,0,0,0,0,0,0,0,0,0,0,0,0,208571
1,1,1,1,1150,-1841,579,-9,13,-3,-17,11,82,0,0,0,0,0,0,0,0,0,0,0,0,0,0,0,0,0,0,0,0,0,0,208581
1,1,1,1,1150,-1861,587,-5,1,13,-18,12,80,0,0,0,0,0,0,0,0,0,0,0,0,0,0,0,0,0,0,0,0,0,0,208591
1,1,1,1,1164,-1876,579,-48,0,8,-16,8,81,0,0,0,0,0,0,0,0,0,0,0,0,0,0,0,0,0,0,0,0,0,0,208601
1,1,1,1,1160,-1845,588,-78,9,18,-16,9,81,0,0,0,0,0,0,0,0,0,0,0,0,0,0,0,0,0,0,0,0,0,0,208611
1,1,1,1,1159,-1849,596,-83,22,25,-15,8,82,0,0,0,0,0,0,0,0,0,0,0,0,0,0,0,0,0,0,0,0,0,0,208621
1,1,1,1,1157,-1858,579,-81,21,28,-15,9,81,0,0,0,0,0,0,0,0,0,0,0,0,0,0,0,0,0,0,0,0,0,0,208631
1,1,1,1,1146,-1860,573,-74,23,29,-13,10,81,0,0,0,0,0,0,0,0,0,0,0,0,0,0,0,0,0,0,0,0,0,0,208641
1,1,1,1,1145,-1849,558,-54,23,26,-16,11,84,0,0,0,0,0,0,0,0,0,0,0,0,0,0,0,0,0,0,0,0,0,0,208651
1,1,1,1,1138,-1854,565,-38,18,16,-12,10,82,0,0,0,0,0,0,0,0,0,0,0,0,0,0,0,0,0,0,0,0,0,0,208661
1,1,1,1,1134,-1840,558,-7,19,6,-12,9,85,0,0,0,0,0,0,0,0,0,0,0,0,0,0,0,0,0,0,0,0,0,0,208671
1,1,1,1,1132,-1838,570,14,16,-1,-13,10,84,0,0,0,0,0,0,0,0,0,0,0,0,0,0,0,0,0,0,0,0,0,0,208681
1,1,1,1,1143,-1851,579,34,12,-8,-12,11,83,0,0,0,0,0,0,0,0,0,0,0,0,0,0,0,0,0,0,0,0,0,0,208691
1,1,1,1,1153,-1866,588,25,13,-11,-14,10,82,0,0,0,0,0,0,0,0,0,0,0,0,0,0,0,0,0,0,0,0,0,0,208701
1,1,1,1,1158,-1882,596,0,21,-3,-12,11,81,0,0,0,0,0,0,0,0,0,0,0,0,0,0,0,0,0,0,0,0,0,0,208711
1,1,1,1,1150,-1877,598,-27,25,2,-15,11,79,0,0,0,0,0,0,0,0,0,0,0,0,0,0,0,0,0,0,0,0,0,0,208721
1,1,1,1,1146,-1866,597,-59,35,11,-14,11,78,0,0,0,0,0,0,0,0,0,0,0,0,0,0,0,0,0,0,0,0,0,0,208731
1,1,1,1,1148,-1866,604,-77,42,17,-13,10,78,0,0,0,0,0,0,0,0,0,0,0,0,0,0,0,0,0,0,0,0,0,0,208741
1,1,1,1,1145,-1871,605,-91,37,25,-11,11,76,0,0,0,0,0,0,0,0,0,0,0,0,0,0,0,0,0,0,0,0,0,0,208751
1,1,1,1,1128,-1887,587,-78,47,35,-10,10,78,0,0,0,0,0,0,0,0,0,0,0,0,0,0,0,0,0,0,0,0,0,0,208761
1,1,1,1,1142,-1856,578,-81,58,24,-13,11,76,0,0,0,0,0,0,0,0,0,0,0,0,0,0,0,0,0,0,0,0,0,0,208771
1,1,1,1,1145,-1866,582,-57,51,22,-12,11,75,0,0,0,0,0,0,0,0,0,0,0,0,0,0,0,0,0,0,0,0,0,0,208781
1,1,1,1,1141,-1867,581,-36,49,16,-13,11,77,0,0,0,0,0,0,0,0,0,0,0,0,0,0,0,0,0,0,0,0,0,0,208791
1,1,1,1,1135,-1796,546,124,48,1,-12,10,75,0,0,0,0,0,0,0,0,0,0,0,0,0,0,0,0,0,0,0,0,0,0,208801
1,1,1,1,1120,-1800,523,336,56,21,-12,11,78,0,0,0,0,0,0,0,0,0,0,0,0,0,0,0,0,0,0,0,0,0,0,208811
1,1,1,1,1171,-1939,614,276,59,-6,-11,12,75,0,0,0,0,0,0,0,0,0,0,0,0,0,0,0,0,0,0,0,0,0,0,208821
1,1,1,1,1152,-1883,611,327,59,22,-11,12,75,0,0,0,0,0,0,0,0,0,0,0,0,0,0,0,0,0,0,0,0,0,0,208831
1,1,1,1,1147,-1921,661,292,61,35,-11,11,72,0,0,0,0,0,0,0,0,0,0,0,0,0,0,0,0,0,0,0,0,0,0,208841
1,1,1,1,1130,-1860,671,114,60,18,-12,12,74,0,0,0,0,0,0,0,0,0,0,0,0,0,0,0,0,0,0,0,0,0,0,208851
1,1,1,1,1119,-1875,609,185,80,58,-12,11,73,0,0,0,0,0,0,0,0,0,0,0,0,0,0,0,0,0,0,0,0,0,0,208861
1,1,1,1,1150,-1796,628,35,78,7,-12,11,72,0,0,0,0,0,0,0,0,0,0,0,0,0,0,0,0,0,0,0,0,0,0,208871
1,1,1,1,1077,-1796,586,214,76,32,-13,11,74,0,0,0,0,0,0,0,0,0,0,0,0,0,0,0,0,0,0,0,0,0,0,208881
1,1,1,1,1134,-1810,572,185,79,-27,-10,11,68,0,0,0,0,0,0,0,0,0,0,0,0,0,0,0,0,0,0,0,0,0,0,208891
1,1,1,1,1086,-1773,550,253,63,-32,-7,13,72,0,0,0,0,0,0,0,0,0,0,0,0,0,0,0,0,0,0,0,0,0,0,208901
1,1,1,1,1071,-1664,554,746,53,-40,8,13,77,0,0,0,0,0,0,0,0,0,0,0,0,0,0,0,0,0,0,0,0,0,0,208911
1,1,1,1,1158,-1187,446,1675,27,-224,-7,15,72,0,0,0,0,0,0,0,0,0,0,0,0,0,0,0,0,0,0,0,0,0,0,208921
1,1,1,1,1067,-1750,450,1681,19,-167,0,13,69,0,0,0,0,0,0,0,0,0,0,0,0,0,0,0,0,0,0,0,0,0,0,208931
1,1,1,1,1049,-1952,828,1731,21,-142,-3,13,69,0,0,0,0,0,0,0,0,0,0,0,0,0,0,0,0,0,0,0,0,0,0,208941
1,1,1,1,1242,-1945,818,1271,41,-166,-3,11,66,0,0,0,0,0,0,0,0,0,0,0,0,0,0,0,0,0,0,0,0,0,0,208951
1,1,1,1,1120,-1704,683,1171,49,-201,3,11,62,0,0,0,0,0,0,0,0,0,0,0,0,0,0,0,0,0,0,0,0,0,0,208961
1,1,1,1,1042,-1543,648,1667,39,-173,7,13,58,0,0,0,0,0,0,0,0,0,0,0,0,0,0,0,0,0,0,0,0,0,0,208971
1,1,1,1,1098,-1681,668,1880,58,-111,2,13,57,0,0,0,0,0,0,0,0,0,0,0,0,0,0,0,0,0,0,0,0,0,0,208981
1,1,1,1,1217,-1760,819,1508,80,-124,3,14,50,0,0,0,0,0,0,0,0,0,0,0,0,0,0,0,0,0,0,0,0,0,0,208991
1,1,1,1,1062,-1715,846,1208,85,-67,8,13,47,0,0,0,0,0,0,0,0,0,0,0,0,0,0,0,0,0,0,0,0,0,0,209001
1,1,1,1,1077,-1569,822,1213,96,-52,11,14,47,0,0,0,0,0,0,0,0,0,0,0,0,0,0,0,0,0,0,0,0,0,0,209011
1,1,1,1,1149,-1501,832,1396,88,34,13,14,40,0,0,0,0,0,0,0,0,0,0,0,0,0,0,0,0,0,0,0,0,0,0,209021
1,1,1,1,1073,-1456,903,1575,121,76,13,16,43,0,0,0,0,0,0,0,0,0,0,0,0,0,0,0,0,0,0,0,0,0,0,209031
1,1,1,1,1054,-1401,979,1638,150,27,23,16,42,0,0,0,0,0,0,0,0,0,0,0,0,0,0,0,0,0,0,0,0,0,0,209041
1,1,1,1,1054,-1401,979,2223,77,-110,30,19,40,0,0,0,0,0,0,0,0,0,0,0,0,0,0,0,0,0,0,0,0,0,0,209051
1,1,1,1,1196,-1109,818,3301,-71,-281,32,21,44,0,0,0,0,0,0,0,0,0,0,0,0,0,0,0,0,0,0,0,0,0,0,209061
1,1,1,1,1123,-1084,1004,3880,-217,-380,42,23,42,0,0,0,0,0,0,0,0,0,0,0,0,0,0,0,0,0,0,0,0,0,0,209071
1,1,1,1,1193,-928,932,5222,-289,-479,30,25,43,0,0,0,0,0,0,0,0,0,0,0,0,0,0,0,0,0,0,0,0,0,0,209081
1,1,1,1,1200,-909,944,5313,-384,-541,25,24,36,0,0,0,0,0,0,0,0,0,0,0,0,0,0,0,0,0,0,0,0,0,0,209091
1,1,1,1,1153,-1291,1317,4286,-329,-506,32,25,34,0,0,0,0,0,0,0,0,0,0,0,0,0,0,0,0,0,0,0,0,0,0,209101
1,1,1,1,1200,-1181,1248,4000,-319,-348,36,28,37,0,0,0,0,0,0,0,0,0,0,0,0,0,0,0,0,0,0,0,0,0,0,209111
1,1,1,1,1232,-1176,1320,3935,-346,-307,35,27,33,0,0,0,0,0,0,0,0,0,0,0,0,0,0,0,0,0,0,0,0,0,0,209121
1,1,1,1,1215,-1198,1397,3667,-305,-250,35,26,28,0,0,0,0,0,0,0,0,0,0,0,0,0,0,0,0,0,0,0,0,0,0,209131
1,1,1,1,1227,-1100,1426,3544,-290,-141,34,24,24,0,0,0,0,0,0,0,0,0,0,0,0,0,0,0,0,0,0,0,0,0,0,209141
1,1,1,1,1258,-1031,1361,3486,-246,-19,35,24,21,0,0,0,0,0,0,0,0,0,0,0,0,0,0,0,0,0,0,0,0,0,0,209151
1,1,1,1,1272,-922,1415,3413,-94,96,32,23,17,0,0,0,0,0,0,0,0,0,0,0,0,0,0,0,0,0,0,0,0,0,0,209161
1,1,1,1,1309,-714,1628,3176,-136,264,36,21,14,0,0,0,0,0,0,0,0,0,0,0,0,0,0,0,0,0,0,0,0,0,0,209171
1,1,1,1,1276,-586,1564,3175,-268,359,35,23,19,0,0,0,0,0,0,0,0,0,0,0,0,0,0,0,0,0,0,0,0,0,0,209181
1,1,1,1,1183,-524,1359,3787,-455,417,42,21,19,0,0,0,0,0,0,0,0,0,0,0,0,0,0,0,0,0,0,0,0,0,0,209191
1,1,1,1,1182,-609,1199,4666,-582,265,47,18,19,0,0,0,0,0,0,0,0,0,0,0,0,0,0,0,0,0,0,0,0,0,0,209201
1,1,1,1,1086,-646,1096,5800,-499,-17,41,18,25,0,0,0,0,0,0,0,0,0,0,0,0,0,0,0,0,0,0,0,0,0,0,209211
1,1,1,1,995,-513,1093,6305,-318,-243,34,16,19,0,0,0,0,0,0,0,0,0,0,0,0,0,0,0,0,0,0,0,0,0,0,209221
1,1,1,1,1108,-318,1187,5755,-308,-275,28,19,16,0,0,0,0,0,0,0,0,0,0,0,0,0,0,0,0,0,0,0,0,0,0,209231
1,1,1,1,1151,-213,1207,5075,-264,-25,27,19,16,0,0,0,0,0,0,0,0,0,0,0,0,0,0,0,0,0,0,0,0,0,0,209241
1,1,1,1,1181,-186,1294,4391,-135,305,29,16,8,0,0,0,0,0,0,0,0,0,0,0,0,0,0,0,0,0,0,0,0,0,0,209251
1,1,1,1,1314,-200,1406,3571,-9,546,26,14,12,0,0,0,0,0,0,0,0,0,0,0,0,0,0,0,0,0,0,0,0,0,0,209261
1,1,1,1,1450,-268,1429,2757,142,681,27,19,8,0,0,0,0,0,0,0,0,0,0,0,0,0,0,0,0,0,0,0,0,0,0,209271
1,1,1,1,1579,-261,1553,2233,-72,720,30,16,10,0,0,0,0,0,0,0,0,0,0,0,0,0,0,0,0,0,0,0,0,0,0,209281
1,1,1,1,1581,-249,1521,2115,-291,623,34,16,5,0,0,0,0,0,0,0,0,0,0,0,0,0,0,0,0,0,0,0,0,0,0,209291
1,1,1,1,1462,-22,1473,2477,-578,443,34,16,10,0,0,0,0,0,0,0,0,0,0,0,0,0,0,0,0,0,0,0,0,0,0,209301
1,1,1,1,1376,119,1384,2824,-866,397,22,6,0,0,0,0,0,0,0,0,0,0,0,0,0,0,0,0,0,0,0,0,0,0,0,209311
1,1,1,1,1190,147,1036,2392,-595,644,19,-4,-2,0,0,0,0,0,0,0,0,0,0,0,0,0,0,0,0,0,0,0,0,0,0,209321
1,1,1,1,1056,223,682,2013,244,878,29,6,5,0,0,0,0,0,0,0,0,0,0,0,0,0,0,0,0,0,0,0,0,0,0,209331
1,1,1,1,1457,160,963,2723,54,745,33,2,6,0,0,0,0,0,0,0,0,0,0,0,0,0,0,0,0,0,0,0,0,0,0,209341
1,1,1,1,1415,200,984,3738,-89,568,37,-2,5,0,0,0,0,0,0,0,0,0,0,0,0,0,0,0,0,0,0,0,0,0,0,209351
1,1,1,1,1292,594,1126,5036,382,392,33,1,-1,0,0,0,0,0,0,0,0,0,0,0,0,0,0,0,0,0,0,0,0,0,0,209361
1,1,1,1,1424,557,1090,5368,364,170,21,2,-6,0,0,0,0,0,0,0,0,0,0,0,0,0,0,0,0,0,0,0,0,0,0,209371
1,1,1,1,1354,495,877,4379,100,128,19,-1,-5,0,0,0,0,0,0,0,0,0,0,0,0,0,0,0,0,0,0,0,0,0,0,209381
1,1,1,1,1232,465,834,3703,-4,298,26,-2,-4,0,0,0,0,0,0,0,0,0,0,0,0,0,0,0,0,0,0,0,0,0,0,209391
1,1,1,1,1315,608,1005,4108,36,502,26,0,5,0,0,0,0,0,0,0,0,0,0,0,0,0,0,0,0,0,0,0,0,0,0,209401
1,1,1,1,1342,577,987,4584,153,627,22,3,21,0,0,0,0,0,0,0,0,0,0,0,0,0,0,0,0,0,0,0,0,0,0,209411
1,1,1,1,1139,496,806,4437,307,492,25,5,21,0,0,0,0,0,0,0,0,0,0,0,0,0,0,0,0,0,0,0,0,0,0,209421
1,1,1,1,1096,619,556,4669,241,362,20,5,25,0,0,0,0,0,0,0,0,0,0,0,0,0,0,0,0,0,0,0,0,0,0,209431
1,1,1,1,1259,432,480,4581,53,387,8,3,31,0,0,0,0,0,0,0,0,0,0,0,0,0,0,0,0,0,0,0,0,0,0,209441
1,1,1,1,1200,396,620,3636,38,387,9,3,30,0,0,0,0,0,0,0,0,0,0,0,0,0,0,0,0,0,0,0,0,0,0,209451
1,1,1,1,1209,554,827,2659,189,400,9,3,32,0,0,0,0,0,0,0,0,0,0,0,0,0,0,0,0,0,0,0,0,0,0,209461
1,1,1,1,1317,717,820,2345,203,419,4,3,33,0,0,0,0,0,0,0,0,0,0,0,0,0,0,0,0,0,0,0,0,0,0,209471
1,1,1,1,1372,685,651,1778,176,414,3,5,31,0,0,0,0,0,0,0,0,0,0,0,0,0,0,0,0,0,0,0,0,0,0,209481
1,1,1,1,1319,718,561,1230,130,401,2,1,32,0,0,0,0,0,0,0,0,0,0,0,0,0,0,0,0,0,0,0,0,0,0,209491
1,1,1,1,1299,1001,561,1049,68,238,7,-3,32,0,0,0,0,0,0,0,0,0,0,0,0,0,0,0,0,0,0,0,0,0,0,209501
1,1,1,1,1344,1060,213,1248,-25,-115,2,-4,28,0,0,0,0,0,0,0,0,0,0,0,0,0,0,0,0,0,0,0,0,0,0,209511
1,1,1,1,1401,971,99,1298,-145,-187,-3,-9,27,0,0,0,0,0,0,0,0,0,0,0,0,0,0,0,0,0,0,0,0,0,0,209521
1,1,1,1,1444,993,74,1403,-88,-21,-8,-8,32,0,0,0,0,0,0,0,0,0,0,0,0,0,0,0,0,0,0,0,0,0,0,209531
1,1,1,1,1477,1106,77,1756,-42,28,-3,-6,39,0,0,0,0,0,0,0,0,0,0,0,0,0,0,0,0,0,0,0,0,0,0,209541
1,1,1,1,1437,1096,124,2095,-208,-15,-5,-5,45,0,0,0,0,0,0,0,0,0,0,0,0,0,0,0,0,0,0,0,0,0,0,209551
1,1,1,1,1427,864,62,2332,-186,54,5,-3,51,0,0,0,0,0,0,0,0,0,0,0,0,0,0,0,0,0,0,0,0,0,0,209561
1,1,1,1,1372,814,63,3111,-189,126,-6,-1,52,0,0,0,0,0,0,0,0,0,0,0,0,0,0,0,0,0,0,0,0,0,0,209571
1,1,1,1,1495,955,225,2713,-189,128,-6,-1,55,0,0,0,0,0,0,0,0,0,0,0,0,0,0,0,0,0,0,0,0,0,0,209581
1,1,1,1,1534,1149,198,2243,-118,90,-2,0,59,0,0,0,0,0,0,0,0,0,0,0,0,0,0,0,0,0,0,0,0,0,0,209591
1,1,1,1,1339,1037,294,2085,-54,62,-5,2,62,0,0,0,0,0,0,0,0,0,0,0,0,0,0,0,0,0,0,0,0,0,0,209601
1,1,1,1,1362,884,148,1908,-70,41,-4,2,58,0,0,0,0,0,0,0,0,0,0,0,0,0,0,0,0,0,0,0,0,0,0,209611
1,1,1,1,1395,933,108,1742,-87,12,-7,2,59,0,0,0,0,0,0,0,0,0,0,0,0,0,0,0,0,0,0,0,0,0,0,209621
1,1,1,1,1374,882,152,1405,-98,-10,-7,3,63,0,0,0,0,0,0,0,0,0,0,0,0,0,0,0,0,0,0,0,0,0,0,209631
1,1,1,1,1318,958,155,1160,-90,-27,-6,2,60,0,0,0,0,0,0,0,0,0,0,0,0,0,0,0,0,0,0,0,0,0,0,209641
1,1,1,1,1366,985,111,1041,-124,-51,-7,3,63,0,0,0,0,0,0,0,0,0,0,0,0,0,0,0,0,0,0,0,0,0,0,209651
1,1,1,1,1385,1005,25,992,-155,-80,-6,5,64,0,0,0,0,0,0,0,0,0,0,0,0,0,0,0,0,0,0,0,0,0,0,209661
1,1,1,1,1407,1074,-28,1131,-199,-91,-10,4,68,0,0,0,0,0,0,0,0,0,0,0,0,0,0,0,0,0,0,0,0,0,0,209671
1,1,1,1,1435,1026,-93,1169,-200,-81,-7,6,71,0,0,0,0,0,0,0,0,0,0,0,0,0,0,0,0,0,0,0,0,0,0,209681
1,1,1,1,1427,1049,-144,1282,-192,-59,-10,7,73,0,0,0,0,0,0,0,0,0,0,0,0,0,0,0,0,0,0,0,0,0,0,209691
1,1,1,1,1455,1017,-184,1422,-200,-38,-8,7,76,0,0,0,0,0,0,0,0,0,0,0,0,0,0,0,0,0,0,0,0,0,0,209701
1,1,1,1,1375,1015,-288,1547,-197,1,-8,10,75,0,0,0,0,0,0,0,0,0,0,0,0,0,0,0,0,0,0,0,0,0,0,209711
1,1,1,1,1388,989,-277,1699,-206,28,-4,11,75,0,0,0,0,0,0,0,0,0,0,0,0,0,0,0,0,0,0,0,0,0,0,209721
1,1,1,1,1405,997,-236,1721,-206,57,-3,11,76,0,0,0,0,0,0,0,0,0,0,0,0,0,0,0,0,0,0,0,0,0,0,209731
1,1,1,1,1429,1048,-187,1613,-185,64,-1,13,75,0,0,0,0,0,0,0,0,0,0,0,0,0,0,0,0,0,0,0,0,0,0,209741
1,1,1,1,1450,1077,-101,1500,-169,61,2,14,77,0,0,0,0,0,0,0,0,0,0,0,0,0,0,0,0,0,0,0,0,0,0,209751
1,1,1,1,1444,1105,-59,1533,-164,39,8,14,82,0,0,0,0,0,0,0,0,0,0,0,0,0,0,0,0,0,0,0,0,0,0,209761
1,1,1,1,1373,1124,-147,2475,-216,-23,3,15,79,0,0,0,0,0,0,0,0,0,0,0,0,0,0,0,0,0,0,0,0,0,0,209771
1,1,1,1,1385,1192,-492,2669,-190,40,-5,14,85,0,0,0,0,0,0,0,0,0,0,0,0,0,0,0,0,0,0,0,0,0,0,209781
1,1,1,1,1384,1073,-596,2083,-135,27,-1,18,85,0,0,0,0,0,0,0,0,0,0,0,0,0,0,0,0,0,0,0,0,0,0,209791
1,1,1,1,1305,1063,-471,2203,-202,37,1,23,89,0,0,0,0,0,0,0,0,0,0,0,0,0,0,0,0,0,0,0,0,0,0,209801
1,1,1,1,1327,1019,-505,2463,-225,46,2,21,86,0,0,0,0,0,0,0,0,0,0,0,0,0,0,0,0,0,0,0,0,0,0,209811
1,1,1,1,1366,1032,-554,2378,-230,58,2,24,88,0,0,0,0,0,0,0,0,0,0,0,0,0,0,0,0,0,0,0,0,0,0,209821
1,1,1,1,1422,1092,-505,2420,-234,64,0,24,87,0,0,0,0,0,0,0,0,0,0,0,0,0,0,0,0,0,0,0,0,0,0,209831
1,1,1,1,1415,1015,-552,2144,-190,53,4,24,85,0,0,0,0,0,0,0,0,0,0,0,0,0,0,0,0,0,0,0,0,0,0,209841
1,1,1,1,1451,1070,-472,1867,-182,48,3,27,88,0,0,0,0,0,0,0,0,0,0,0,0,0,0,0,0,0,0,0,0,0,0,209851
1,1,1,1,1457,1050,-483,1617,-144,44,6,27,89,0,0,0,0,0,0,0,0,0,0,0,0,0,0,0,0,0,0,0,0,0,0,209861
1,1,1,1,1372,1028,-570,1416,-135,48,8,28,92,0,0,0,0,0,0,0,0,0,0,0,0,0,0,0,0,0,0,0,0,0,0,209871
1,1,1,1,1340,970,-619,1232,-163,36,6,29,93,0,0,0,0,0,0,0,0,0,0,0,0,0,0,0,0,0,0,0,0,0,0,209881
1,1,1,1,1304,963,-649,1151,-174,32,5,31,93,0,0,0,0,0,0,0,0,0,0,0,0,0,0,0,0,0,0,0,0,0,0,209891
1,1,1,1,1356,967,-680,1093,-191,32,7,31,95,0,0,0,0,0,0,0,0,0,0,0,0,0,0,0,0,0,0,0,0,0,0,209901
1,1,1,1,1372,1034,-722,1033,-179,38,6,32,99,0,0,0,0,0,0,0,0,0,0,0,0,0,0,0,0,0,0,0,0,0,0,209911
1,1,1,1,1399,1115,-781,1249,-191,72,4,32,99,0,0,0,0,0,0,0,0,0,0,0,0,0,0,0,0,0,0,0,0,0,0,209921
1,1,1,1,1446,1082,-788,1379,-155,96,2,33,100,0,0,0,0,0,0,0,0,0,0,0,0,0,0,0,0,0,0,0,0,0,0,209931
1,1,1,1,1422,1007,-823,1270,-141,103,4,34,101,0,0,0,0,0,0,0,0,0,0,0,0,0,0,0,0,0,0,0,0,0,0,209941
1,1,1,1,1352,991,-837,1347,-119,82,3,35,102,0,0,0,0,0,0,0,0,0,0,0,0,0,0,0,0,0,0,0,0,0,0,209951
1,1,1,1,1339,953,-898,1261,-139,98,6,37,103,0,0,0,0,0,0,0,0,0,0,0,0,0,0,0,0,0,0,0,0,0,0,209961
1,1,1,1,1386,1011,-863,1454,-143,87,1,38,105,0,0,0,0,0,0,0,0,0,0,0,0,0,0,0,0,0,0,0,0,0,0,209971
1,1,1,1,1410,884,-960,1165,-142,72,1,38,107,0,0,0,0,0,0,0,0,0,0,0,0,0,0,0,0,0,0,0,0,0,0,209981
1,1,1,1,1380,1006,-897,892,-107,68,-2,41,108,0,0,0,0,0,0,0,0,0,0,0,0,0,0,0,0,0,0,0,0,0,0,209991
1,1,1,1,1452,988,-937,650,-123,55,2,40,109,0,0,0,0,0,0,0,0,0,0,0,0,0,0,0,0,0,0,0,0,0,0,210001
1,1,1,1,1390,1056,-955,703,-151,57,1,42,112,0,0,0,0,0,0,0,0,0,0,0,0,0,0,0,0,0,0,0,0,0,0,210011
1,1,1,1,1396,965,-1038,948,-191,85,0,42,116,0,0,0,0,0,0,0,0,0,0,0,0,0,0,0,0,0,0,0,0,0,0,210021
1,1,1,1,1416,928,-1113,865,-182,116,7,43,117,0,0,0,0,0,0,0,0,0,0,0,0,0,0,0,0,0,0,0,0,0,0,210031
1,1,1,1,1365,990,-1108,1076,-152,113,3,44,114,0,0,0,0,0,0,0,0,0,0,0,0,0,0,0,0,0,0,0,0,0,0,210041
1,1,1,1,1369,800,-1109,1127,-186,92,8,43,114,0,0,0,0,0,0,0,0,0,0,0,0,0,0,0,0,0,0,0,0,0,0,210051
1,1,1,1,1344,923,-1008,1272,-207,93,1,45,116,0,0,0,0,0,0,0,0,0,0,0,0,0,0,0,0,0,0,0,0,0,0,210061
1,1,1,1,1417,868,-1134,1445,-224,89,3,45,117,0,0,0,0,0,0,0,0,0,0,0,0,0,0,0,0,0,0,0,0,0,0,210071
1,1,1,1,1406,961,-1077,1164,-183,79,2,44,116,0,0,0,0,0,0,0,0,0,0,0,0,0,0,0,0,0,0,0,0,0,0,210081
1,1,1,1,1446,963,-1130,1078,-140,63,-3,47,117,0,0,0,0,0,0,0,0,0,0,0,0,0,0,0,0,0,0,0,0,0,0,210091
1,1,1,1,1403,967,-1078,918,-127,47,-1,48,117,0,0,0,0,0,0,0,0,0,0,0,0,0,0,0,0,0,0,0,0,0,0,210101
1,1,1,1,1333,859,-1172,849,-139,36,-2,48,118,0,0,0,0,0,0,0,0,0,0,0,0,0,0,0,0,0,0,0,0,0,0,210111
1,1,1,1,1281,792,-1158,665,-129,24,2,43,118,0,0,0,0,0,0,0,0,0,0,0,0,0,0,0,0,0,0,0,0,0,0,210121
1,1,1,1,1355,777,-1203,666,-148,30,-5,51,122,0,0,0,0,0,0,0,0,0,0,0,0,0,0,0,0,0,0,0,0,0,0,210131
1,1,1,1,1352,763,-1189,325,-161,13,-3,49,127,0,0,0,0,0,0,0,0,0,0,0,0,0,0,0,0,0,0,0,0,0,0,210141
1,1,1,1,1350,805,-1149,308,-165,-6,-1,54,131,0,0,0,0,0,0,0,0,0,0,0,0,0,0,0,0,0,0,0,0,0,0,210151
1,1,1,1,1344,854,-1190,430,-174,-6,0,54,133,0,0,0,0,0,0,0,0,0,0,0,0,0,0,0,0,0,0,0,0,0,0,210161
1,1,1,1,1424,821,-1233,352,-167,-24,-3,54,134,0,0,0,0,0,0,0,0,0,0,0,0,0,0,0,0,0,0,0,0,0,0,210171
1,1,1,1,1452,885,-1245,82,-136,-30,-1,56,135,0,0,0,0,0,0,0,0,0,0,0,0,0,0,0,0,0,0,0,0,0,0,210181
1,1,1,1,1466,970,-1273,128,-86,-12,-1,56,136,0,0,0,0,0,0,0,0,0,0,0,0,0,0,0,0,0,0,0,0,0,0,210191
1,1,1,1,1415,873,-1260,116,-58,-9,-2,56,134,0,0,0,0,0,0,0,0,0,0,0,0,0,0,0,0,0,0,0,0,0,0,210201
1,1,1,1,1391,834,-1243,64,-54,-11,0,57,134,0,0,0,0,0,0,0,0,0,0,0,0,0,0,0,0,0,0,0,0,0,0,210211
1,1,1,1,1324,779,-1183,26,-97,-17,-3,56,134,0,0,0,0,0,0,0,0,0,0,0,0,0,0,0,0,0,0,0,0,0,0,210221
1,1,1,1,1342,741,-1186,62,-140,-14,-3,57,134,0,0,0,0,0,0,0,0,0,0,0,0,0,0,0,0,0,0,0,0,0,0,210231
1,1,1,1,1387,775,-1222,20,-171,-12,-3,56,136,0,0,0,0,0,0,0,0,0,0,0,0,0,0,0,0,0,0,0,0,0,0,210241
1,1,1,1,1403,768,-1220,-38,-190,-27,-1,55,132,0,0,0,0,0,0,0,0,0,0,0,0,0,0,0,0,0,0,0,0,0,0,210251
1,1,1,1,1419,847,-1237,-111,-196,-27,-3,53,129,0,0,0,0,0,0,0,0,0,0,0,0,0,0,0,0,0,0,0,0,0,0,210261
1,1,1,1,1450,910,-1291,-157,-176,-13,-3,52,130,0,0,0,0,0,0,0,0,0,0,0,0,0,0,0,0,0,0,0,0,0,0,210271
1,1,1,1,1438,895,-1338,-237,-121,-21,-5,52,130,0,0,0,0,0,0,0,0,0,0,0,0,0,0,0,0,0,0,0,0,0,0,210281
1,1,1,1,1410,906,-1337,-269,-72,-23,-4,51,129,0,0,0,0,0,0,0,0,0,0,0,0,0,0,0,0,0,0,0,0,0,0,210291
1,1,1,1,1410,906,-1337,-185,-80,-15,-3,52,127,0,0,0,0,0,0,0,0,0,0,0,0,0,0,0,0,0,0,0,0,0,0,210301
1,1,1,1,1295,805,-1273,-91,-99,-19,-4,51,125,0,0,0,0,0,0,0,0,0,0,0,0,0,0,0,0,0,0,0,0,0,0,210311
1,1,1,1,1312,815,-1270,-39,-103,-16,-3,52,125,0,0,0,0,0,0,0,0,0,0,0,0,0,0,0,0,0,0,0,0,0,0,210321
1,1,1,1,1338,872,-1267,53,-103,2,-3,52,125,0,0,0,0,0,0,0,0,0,0,0,0,0,0,0,0,0,0,0,0,0,0,210331
1,1,1,1,1332,846,-1260,39,-99,-8,-3,51,126,0,0,0,0,0,0,0,0,0,0,0,0,0,0,0,0,0,0,0,0,0,0,210341
1,1,1,1,1353,870,-1249,-19,-92,-17,-4,52,125,0,0,0,0,0,0,0,0,0,0,0,0,0,0,0,0,0,0,0,0,0,0,210351
1,1,1,1,1367,853,-1180,-155,-126,-47,-6,51,122,0,0,0,0,0,0,0,0,0,0,0,0,0,0,0,0,0,0,0,0,0,0,210361
1,1,1,1,1325,854,-1092,-364,-160,-68,-6,51,124,0,0,0,0,0,0,0,0,0,0,0,0,0,0,0,0,0,0,0,0,0,0,210371
1,1,1,1,1372,898,-1234,-376,-166,-56,-6,51,127,0,0,0,0,0,0,0,0,0,0,0,0,0,0,0,0,0,0,0,0,0,0,210381
1,1,1,1,1351,798,-1251,-340,-186,-66,-5,51,123,0,0,0,0,0,0,0,0,0,0,0,0,0,0,0,0,0,0,0,0,0,0,210391
1,1,1,1,1328,780,-1285,-252,-186,-63,-3,51,123,0,0,0,0,0,0,0,0,0,0,0,0,0,0,0,0,0,0,0,0,0,0,210401
1,1,1,1,1331,829,-1266,-127,-205,-43,-4,51,121,0,0,0,0,0,0,0,0,0,0,0,0,0,0,0,0,0,0,0,0,0,0,210411
1,1,1,1,1335,858,-1250,-79,-196,-34,-3,45,118,0,0,0,0,0,0,0,0,0,0,0,0,0,0,0,0,0,0,0,0,0,0,210421
1,1,1,1,1354,926,-1227,-113,-187,-35,-7,48,118,0,0,0,0,0,0,0,0,0,0,0,0,0,0,0,0,0,0,0,0,0,0,210431
1,1,1,1,1346,946,-1179,-209,-180,-44,-8,52,118,0,0,0,0,0,0,0,0,0,0,0,0,0,0,0,0,0,0,0,0,0,0,210441
1,1,1,1,1342,946,-1186,-266,-165,-44,-5,49,117,0,0,0,0,0,0,0,0,0,0,0,0,0,0,0,0,0,0,0,0,0,0,210451
1,1,1,1,1326,907,-1218,-213,-152,-35,-4,48,121,0,0,0,0,0,0,0,0,0,0,0,0,0,0,0,0,0,0,0,0,0,0,210461
1,1,1,1,1299,841,-1263,-117,-140,-25,-3,47,120,0,0,0,0,0,0,0,0,0,0,0,0,0,0,0,0,0,0,0,0,0,0,210471
1,1,1,1,1311,821,-1282,-37,-121,-19,-2,48,121,0,0,0,0,0,0,0,0,0,0,0,0,0,0,0,0,0,0,0,0,0,0,210481
1,1,1,1,1340,861,-1274,-9,-95,-13,-4,49,120,0,0,0,0,0,0,0,0,0,0,0,0,0,0,0,0,0,0,0,0,0,0,210491
1,1,1,1,1362,935,-1254,-24,-78,-10,-5,49,121,0,0,0,0,0,0,0,0,0,0,0,0,0,0,0,0,0,0,0,0,0,0,210501
1,1,1,1,1386,948,-1272,-96,-52,-7,-6,51,123,0,0,0,0,0,0,0,0,0,0,0,0,0,0,0,0,0,0,0,0,0,0,210511
1,1,1,1,1368,949,-1268,-151,-36,3,-4,51,124,0,0,0,0,0,0,0,0,0,0,0,0,0,0,0,0,0,0,0,0,0,0,210521
1,1,1,1,1320,911,-1277,-68,-44,29,-3,53,125,0,0,0,0,0,0,0,0,0,0,0,0,0,0,0,0,0,0,0,0,0,0,210531
1,1,1,1,1293,863,-1299,47,-52,45,-1,53,128,0,0,0,0,0,0,0,0,0,0,0,0,0,0,0,0,0,0,0,0,0,0,210541
1,1,1,1,1302,856,-1303,149,-58,58,-2,52,128,0,0,0,0,0,0,0,0,0,0,0,0,0,0,0,0,0,0,0,0,0,0,210551
1,1,1,1,1329,876,-1270,190,-58,63,-3,54,125,0,0,0,0,0,0,0,0,0,0,0,0,0,0,0,0,0,0,0,0,0,0,210561
1,1,1,1,1361,897,-1242,78,-52,63,-3,55,124,0,0,0,0,0,0,0,0,0,0,0,0,0,0,0,0,0,0,0,0,0,0,210571
1,1,1,1,1373,931,-1235,-105,-32,49,-5,57,127,0,0,0,0,0,0,0,0,0,0,0,0,0,0,0,0,0,0,0,0,0,0,210581
1,1,1,1,1374,955,-1233,-208,-28,47,-5,57,127,0,0,0,0,0,0,0,0,0,0,0,0,0,0,0,0,0,0,0,0,0,0,210591
1,1,1,1,1361,920,-1255,-226,-13,47,-3,57,128,0,0,0,0,0,0,0,0,0,0,0,0,0,0,0,0,0,0,0,0,0,0,210601
1,1,1,1,1350,869,-1280,-186,-20,50,-3,59,133,0,0,0,0,0,0,0,0,0,0,0,0,0,0,0,0,0,0,0,0,0,0,210611
1,1,1,1,1348,849,-1283,-90,-15,67,0,61,131,0,0,0,0,0,0,0,0,0,0,0,0,0,0,0,0,0,0,0,0,0,0,210621
1,1,1,1,1319,811,-1266,113,-43,85,0,62,130,0,0,0,0,0,0,0,0,0,0,0,0,0,0,0,0,0,0,0,0,0,0,210631
1,1,1,1,1320,764,-1231,201,-60,81,2,62,130,0,0,0,0,0,0,0,0,0,0,0,0,0,0,0,0,0,0,0,0,0,0,210641
1,1,1,1,1351,835,-1218,254,-51,89,0,62,129,0,0,0,0,0,0,0,0,0,0,0,0,0,0,0,0,0,0,0,0,0,0,210651
1,1,1,1,1347,852,-1175,229,-44,85,1,61,128,0,0,0,0,0,0,0,0,0,0,0,0,0,0,0,0,0,0,0,0,0,0,210661
1,1,1,1,1341,879,-1137,150,-42,62,-1,61,130,0,0,0,0,0,0,0,0,0,0,0,0,0,0,0,0,0,0,0,0,0,0,210671
1,1,1,1,1369,866,-1183,-24,-37,37,-1,62,133,0,0,0,0,0,0,0,0,0,0,0,0,0,0,0,0,0,0,0,0,0,0,210681
1,1,1,1,1329,883,-1208,-43,-42,32,-1,61,132,0,0,0,0,0,0,0,0,0,0,0,0,0,0,0,0,0,0,0,0,0,0,210691
1,1,1,1,1323,848,-1259,-23,-35,24,0,61,134,0,0,0,0,0,0,0,0,0,0,0,0,0,0,0,0,0,0,0,0,0,0,210701
1,1,1,1,1325,864,-1275,41,-20,22,-2,64,135,0,0,0,0,0,0,0,0,0,0,0,0,0,0,0,0,0,0,0,0,0,0,210711
1,1,1,1,1326,828,-1263,59,-25,18,-2,65,135,0,0,0,0,0,0,0,0,0,0,0,0,0,0,0,0,0,0,0,0,0,0,210721
1,1,1,1,1301,857,-1243,98,-20,13,0,62,134,0,0,0,0,0,0,0,0,0,0,0,0,0,0,0,0,0,0,0,0,0,0,210731
1,1,1,1,1309,846,-1231,83,-26,3,0,63,135,0,0,0,0,0,0,0,0,0,0,0,0,0,0,0,0,0,0,0,0,0,0,210741
1,1,1,1,1302,881,-1227,63,-37,-6,1,64,137,0,0,0,0,0,0,0,0,0,0,0,0,0,0,0,0,0,0,0,0,0,0,210751
1,1,1,1,1316,891,-1232,45,-38,-9,-2,66,140,0,0,0,0,0,0,0,0,0,0,0,0,0,0,0,0,0,0,0,0,0,0,210761
1,1,1,1,1319,874,-1249,-10,-40,-18,1,64,139,0,0,0,0,0,0,0,0,0,0,0,0,0,0,0,0,0,0,0,0,0,0,210771
1,1,1,1,1327,861,-1257,-35,-62,-33,0,64,140,0,0,0,0,0,0,0,0,0,0,0,0,0,0,0,0,0,0,0,0,0,0,210781
1,1,1,1,1304,823,-1217,-108,-82,-47,0,65,143,0,0,0,0,0,0,0,0,0,0,0,0,0,0,0,0,0,0,0,0,0,0,210791
1,1,1,1,1345,891,-1259,-124,-87,-37,-1,64,145,0,0,0,0,0,0,0,0,0,0,0,0,0,0,0,0,0,0,0,0,0,0,210801
1,1,1,1,1344,874,-1281,-154,-85,-42,-2,64,143,0,0,0,0,0,0,0,0,0,0,0,0,0,0,0,0,0,0,0,0,0,0,210811
1,1,1,1,1320,874,-1285,-166,-80,-37,-2,65,144,0,0,0,0,0,0,0,0,0,0,0,0,0,0,0,0,0,0,0,0,0,0,210821
1,1,1,1,1317,885,-1285,-118,-85,-23,-1,65,146,0,0,0,0,0,0,0,0,0,0,0,0,0,0,0,0,0,0,0,0,0,0,210831
1,1,1,1,1316,880,-1276,-32,-87,-3,0,64,145,0,0,0,0,0,0,0,0,0,0,0,0,0,0,0,0,0,0,0,0,0,0,210841
1,1,1,1,1339,891,-1256,4,-81,5,-1,64,143,0,0,0,0,0,0,0,0,0,0,0,0,0,0,0,0,0,0,0,0,0,0,210851
1,1,1,1,1346,887,-1241,8,-71,-6,0,64,144,0,0,0,0,0,0,0,0,0,0,0,0,0,0,0,0,0,0,0,0,0,0,210861
1,1,1,1,1352,882,-1231,-33,-66,1,1,64,143,0,0,0,0,0,0,0,0,0,0,0,0,0,0,0,0,0,0,0,0,0,0,210871
1,1,1,1,1335,892,-1236,-23,-54,-1,0,65,142,0,0,0,0,0,0,0,0,0,0,0,0,0,0,0,0,0,0,0,0,0,0,210881
1,1,1,1,1333,869,-1264,14,-53,4,0,65,144,0,0,0,0,0,0,0,0,0,0,0,0,0,0,0,0,0,0,0,0,0,0,210891
1,1,1,1,1329,868,-1269,52,-42,12,-2,65,144,0,0,0,0,0,0,0,0,0,0,0,0,0,0,0,0,0,0,0,0,0,0,210901
1,1,1,1,1322,885,-1273,56,-39,18,-3,65,145,0,0,0,0,0,0,0,0,0,0,0,0,0,0,0,0,0,0,0,0,0,0,210911
1,1,1,1,1331,899,-1271,51,-31,23,-3,65,144,0,0,0,0,0,0,0,0,0,0,0,0,0,0,0,0,0,0,0,0,0,0,210921
1,1,1,1,1339,900,-1267,10,-28,14,-2,66,142,0,0,0,0,0,0,0,0,0,0,0,0,0,0,0,0,0,0,0,0,0,0,210931
1,1,1,1,1324,876,-1256,-33,-26,10,-1,67,143,0,0,0,0,0,0,0,0,0,0,0,0,0,0,0,0,0,0,0,0,0,0,210961
1,1,1,1,1313,847,-1276,21,-26,28,-1,67,144,0,0,0,0,0,0,0,0,0,0,0,0,0,0,0,0,0,0,0,0,0,0,210971
1,1,1,1,1306,853,-1282,64,-18,35,-1,66,145,0,0,0,0,0,0,0,0,0,0,0,0,0,0,0,0,0,0,0,0,0,0,210981
1,1,1,1,1300,861,-1264,61,-20,26,-1,67,143,0,0,0,0,0,0,0,0,0,0,0,0,0,0,0,0,0,0,0,0,0,0,210991
1,1,1,1,1303,887,-1227,18,-37,18,-2,65,143,0,0,0,0,0,0,0,0,0,0,0,0,0,0,0,0,0,0,0,0,0,0,211001
1,1,1,1,1322,886,-1242,-1,-43,13,-4,70,142,0,0,0,0,0,0,0,0,0,0,0,0,0,0,0,0,0,0,0,0,0,0,211011
1,1,1,1,1334,864,-1260,-14,-33,5,-3,68,144,0,0,0,0,0,0,0,0,0,0,0,0,0,0,0,0,0,0,0,0,0,0,211021
1,1,1,1,1344,866,-1265,-26,-23,-7,-2,67,146,0,0,0,0,0,0,0,0,0,0,0,0,0,0,0,0,0,0,0,0,0,0,211031
1,1,1,1,1328,872,-1239,-51,-9,-13,0,65,143,0,0,0,0,0,0,0,0,0,0,0,0,0,0,0,0,0,0,0,0,0,0,211041
1,1,1,1,1315,882,-1227,-51,-8,-10,-2,68,144,0,0,0,0,0,0,0,0,0,0,0,0,0,0,0,0,0,0,0,0,0,0,211051
1,1,1,1,1305,864,-1241,-32,-19,-15,0,68,143,0,0,0,0,0,0,0,0,0,0,0,0,0,0,0,0,0,0,0,0,0,0,211061
1,1,1,1,1307,852,-1264,1,-20,-10,0,66,144,0,0,0,0,0,0,0,0,0,0,0,0,0,0,0,0,0,0,0,0,0,0,211071
1,1,1,1,1322,850,-1290,45,-36,-5,2,67,147,0,0,0,0,0,0,0,0,0,0,0,0,0,0,0,0,0,0,0,0,0,0,211081
1,1,1,1,1325,843,-1302,71,-30,-2,1,68,145,0,0,0,0,0,0,0,0,0,0,0,0,0,0,0,0,0,0,0,0,0,0,211091
1,1,1,1,1340,864,-1288,77,-36,-1,1,68,147,0,0,0,0,0,0,0,0,0,0,0,0,0,0,0,0,0,0,0,0,0,0,211101
1,1,1,1,1325,839,-1243,35,-49,-18,-1,67,145,0,0,0,0,0,0,0,0,0,0,0,0,0,0,0,0,0,0,0,0,0,0,211111
1,1,1,1,1344,873,-1266,-12,-48,-22,-2,68,148,0,0,0,0,0,0,0,0,0,0,0,0,0,0,0,0,0,0,0,0,0,0,211121
1,1,1,1,1331,856,-1277,-9,-56,-19,-3,68,150,0,0,0,0,0,0,0,0,0,0,0,0,0,0,0,0,0,0,0,0,0,0,211131
1,1,1,1,1321,857,-1283,7,-53,-9,-3,68,150,0,0,0,0,0,0,0,0,0,0,0,0,0,0,0,0,0,0,0,0,0,0,211141
1,1,1,1,1322,884,-1286,28,-54,4,-1,68,148,0,0,0,0,0,0,0,0,0,0,0,0,0,0,0,0,0,0,0,0,0,0,211151
1,1,1,1,1313,876,-1279,39,-57,9,1,68,150,0,0,0,0,0,0,0,0,0,0,0,0,0,0,0,0,0,0,0,0,0,0,211161
1,1,1,1,1323,886,-1278,46,-66,11,-1,68,149,0,0,0,0,0,0,0,0,0,0,0,0,0,0,0,0,0,0,0,0,0,0,211171
1,1,1,1,1337,874,-1286,38,-71,8,1,67,152,0,0,0,0,0,0,0,0,0,0,0,0,0,0,0,0,0,0,0,0,0,0,211181
1,1,1,1,1341,862,-1295,5,-50,0,-1,68,149,0,0,0,0,0,0,0,0,0,0,0,0,0,0,0,0,0,0,0,0,0,0,211191
1,1,1,1,1340,875,-1287,-10,-38,-2,-3,67,150,0,0,0,0,0,0,0,0,0,0,0,0,0,0,0,0,0,0,0,0,0,0,211201
1,1,1,1,1322,869,-1281,-13,-21,1,-3,68,152,0,0,0,0,0,0,0,0,0,0,0,0,0,0,0,0,0,0,0,0,0,0,211211
1,1,1,1,1316,876,-1292,2,-3,3,-2,68,150,0,0,0,0,0,0,0,0,0,0,0,0,0,0,0,0,0,0,0,0,0,0,211221
1,1,1,1,1323,871,-1299,57,1,12,-2,68,149,0,0,0,0,0,0,0,0,0,0,0,0,0,0,0,0,0,0,0,0,0,0,211231
1,1,1,1,1326,857,-1297,100,-1,20,-1,68,152,0,0,0,0,0,0,0,0,0,0,0,0,0,0,0,0,0,0,0,0,0,0,211241
1,1,1,1,1336,853,-1280,99,9,20,-2,68,149,0,0,0,0,0,0,0,0,0,0,0,0,0,0,0,0,0,0,0,0,0,0,211251
1,1,1,1,1356,876,-1261,86,13,21,-3,69,151,0,0,0,0,0,0,0,0,0,0,0,0,0,0,0,0,0,0,0,0,0,0,211261
1,1,1,1,1350,861,-1271,63,9,20,-2,68,150,0,0,0,0,0,0,0,0,0,0,0,0,0,0,0,0,0,0,0,0,0,0,211271
1,1,1,1,1343,842,-1286,20,2,23,-3,66,151,0,0,0,0,0,0,0,0,0,0,0,0,0,0,0,0,0,0,0,0,0,0,211281
1,1,1,1,1337,849,-1282,12,4,22,-3,69,148,0,0,0,0,0,0,0,0,0,0,0,0,0,0,0,0,0,0,0,0,0,0,211291
1,1,1,1,1329,844,-1288,41,1,26,-2,70,149,0,0,0,0,0,0,0,0,0,0,0,0,0,0,0,0,0,0,0,0,0,0,211301
1,1,1,1,1315,840,-1281,102,1,34,-4,68,151,0,0,0,0,0,0,0,0,0,0,0,0,0,0,0,0,0,0,0,0,0,0,211311
1,1,1,1,1307,837,-1274,142,-10,41,-6,73,151,0,0,0,0,0,0,0,0,0,0,0,0,0,0,0,0,0,0,0,0,0,0,211321
1,1,1,1,1309,847,-1267,138,-6,31,-3,67,150,0,0,0,0,0,0,0,0,0,0,0,0,0,0,0,0,0,0,0,0,0,0,211331
1,1,1,1,1309,874,-1263,133,-9,27,-2,66,148,0,0,0,0,0,0,0,0,0,0,0,0,0,0,0,0,0,0,0,0,0,0,211341
1,1,1,1,1305,870,-1272,88,-11,15,-4,68,149,0,0,0,0,0,0,0,0,0,0,0,0,0,0,0,0,0,0,0,0,0,0,211351
1,1,1,1,1298,877,-1282,36,-3,4,-2,67,150,0,0,0,0,0,0,0,0,0,0,0,0,0,0,0,0,0,0,0,0,0,0,211361
1,1,1,1,1297,875,-1296,13,-3,-4,-2,68,151,0,0,0,0,0,0,0,0,0,0,0,0,0,0,0,0,0,0,0,0,0,0,211371
1,1,1,1,1296,854,-1320,42,-8,-3,-1,67,152,0,0,0,0,0,0,0,0,0,0,0,0,0,0,0,0,0,0,0,0,0,0,211381
1,1,1,1,1290,862,-1302,72,-16,4,0,67,155,0,0,0,0,0,0,0,0,0,0,0,0,0,0,0,0,0,0,0,0,0,0,211391
1,1,1,1,1299,858,-1297,103,-18,7,-2,69,152,0,0,0,0,0,0,0,0,0,0,0,0,0,0,0,0,0,0,0,0,0,0,211401
1,1,1,1,1301,848,-1297,105,-30,3,-4,68,153,0,0,0,0,0,0,0,0,0,0,0,0,0,0,0,0,0,0,0,0,0,0,211411
1,1,1,1,1310,835,-1306,112,-38,-6,-3,67,154,0,0,0,0,0,0,0,0,0,0,0,0,0,0,0,0,0,0,0,0,0,0,211421
1,1,1,1,1318,835,-1301,101,-37,-8,-3,68,157,0,0,0,0,0,0,0,0,0,0,0,0,0,0,0,0,0,0,0,0,0,0,211431
1,1,1,1,1326,845,-1301,61,-40,-15,-3,67,154,0,0,0,0,0,0,0,0,0,0,0,0,0,0,0,0,0,0,0,0,0,0,211441
1,1,1,1,1322,842,-1301,17,-35,-23,-4,68,154,0,0,0,0,0,0,0,0,0,0,0,0,0,0,0,0,0,0,0,0,0,0,211451
1,1,1,1,1333,861,-1301,-17,-42,-31,-2,68,156,0,0,0,0,0,0,0,0,0,0,0,0,0,0,0,0,0,0,0,0,0,0,211461
1,1,1,1,1335,844,-1304,-48,-43,-29,-3,69,153,0,0,0,0,0,0,0,0,0,0,0,0,0,0,0,0,0,0,0,0,0,0,211471
1,1,1,1,1323,837,-1317,-46,-46,-25,-1,69,156,0,0,0,0,0,0,0,0,0,0,0,0,0,0,0,0,0,0,0,0,0,0,211481
1,1,1,1,1324,829,-1332,16,-52,-12,-3,68,154,0,0,0,0,0,0,0,0,0,0,0,0,0,0,0,0,0,0,0,0,0,0,211491
1,1,1,1,1318,836,-1329,54,-57,-4,-2,67,157,0,0,0,0,0,0,0,0,0,0,0,0,0,0,0,0,0,0,0,0,0,0,211501
1,1,1,1,1321,855,-1318,62,-45,3,-2,68,158,0,0,0,0,0,0,0,0,0,0,0,0,0,0,0,0,0,0,0,0,0,0,211511
1,1,1,1,1318,860,-1318,46,-42,0,-4,69,161,0,0,0,0,0,0,0,0,0,0,0,0,0,0,0,0,0,0,0,0,0,0,211521
1,1,1,1,1323,858,-1323,42,-29,-4,-6,69,158,0,0,0,0,0,0,0,0,0,0,0,0,0,0,0,0,0,0,0,0,0,0,211531
1,1,1,1,1328,861,-1326,22,-23,-10,-5,69,158,0,0,0,0,0,0,0,0,0,0,0,0,0,0,0,0,0,0,0,0,0,0,211541
1,1,1,1,1327,857,-1326,-36,-22,-5,-4,68,158,0,0,0,0,0,0,0,0,0,0,0,0,0,0,0,0,0,0,0,0,0,0,211551
1,1,1,1,1321,871,-1319,-39,-23,-11,-3,69,156,0,0,0,0,0,0,0,0,0,0,0,0,0,0,0,0,0,0,0,0,0,0,211561
1,1,1,1,1319,852,-1332,-50,-27,-13,-3,69,158,0,0,0,0,0,0,0,0,0,0,0,0,0,0,0,0,0,0,0,0,0,0,211571
1,1,1,1,1321,844,-1324,-51,-22,-13,-4,68,157,0,0,0,0,0,0,0,0,0,0,0,0,0,0,0,0,0,0,0,0,0,0,211581
1,1,1,1,1324,841,-1327,-28,-32,-7,-5,68,158,0,0,0,0,0,0,0,0,0,0,0,0,0,0,0,0,0,0,0,0,0,0,211591
1,1,1,1,1313,825,-1334,15,-28,3,-5,69,157,0,0,0,0,0,0,0,0,0,0,0,0,0,0,0,0,0,0,0,0,0,0,211601
1,1,1,1,1314,839,-1333,40,-16,6,-5,71,158,0,0,0,0,0,0,0,0,0,0,0,0,0,0,0,0,0,0,0,0,0,0,211611
1,1,1,1,1308,858,-1306,31,-13,4,-6,70,154,0,0,0,0,0,0,0,0,0,0,0,0,0,0,0,0,0,0,0,0,0,0,211621
1,1,1,1,1297,863,-1300,10,-14,-3,-9,70,157,0,0,0,0,0,0,0,0,0,0,0,0,0,0,0,0,0,0,0,0,0,0,211631
1,1,1,1,1298,861,-1301,6,-19,-9,-10,72,155,0,0,0,0,0,0,0,0,0,0,0,0,0,0,0,0,0,0,0,0,0,0,211641
1,1,1,1,1304,848,-1304,-8,-21,-17,-7,69,155,0,0,0,0,0,0,0,0,0,0,0,0,0,0,0,0,0,0,0,0,0,0,211651
1,1,1,1,1312,845,-1299,-37,-19,-27,-5,69,156,0,0,0,0,0,0,0,0,0,0,0,0,0,0,0,0,0,0,0,0,0,0,211661
1,1,1,1,1323,861,-1302,-52,-24,-32,-6,69,155,0,0,0,0,0,0,0,0,0,0,0,0,0,0,0,0,0,0,0,0,0,0,211671
1,1,1,1,1323,859,-1295,-49,-24,-26,-4,69,157,0,0,0,0,0,0,0,0,0,0,0,0,0,0,0,0,0,0,0,0,0,0,211681
1,1,1,1,1313,850,-1310,-41,-26,-19,-3,69,158,0,0,0,0,0,0,0,0,0,0,0,0,0,0,0,0,0,0,0,0,0,0,211691
1,1,1,1,1316,850,-1322,-3,-21,-8,-3,69,156,0,0,0,0,0,0,0,0,0,0,0,0,0,0,0,0,0,0,0,0,0,0,211701
1,1,1,1,1304,846,-1326,40,-27,2,-4,69,159,0,0,0,0,0,0,0,0,0,0,0,0,0,0,0,0,0,0,0,0,0,0,211711
1,1,1,1,1307,838,-1335,78,-30,7,-4,68,159,0,0,0,0,0,0,0,0,0,0,0,0,0,0,0,0,0,0,0,0,0,0,211721
1,1,1,1,1311,859,-1320,60,-22,4,-6,69,159,0,0,0,0,0,0,0,0,0,0,0,0,0,0,0,0,0,0,0,0,0,0,211731
1,1,1,1,1321,869,-1295,-5,-24,-14,-5,69,159,0,0,0,0,0,0,0,0,0,0,0,0,0,0,0,0,0,0,0,0,0,0,211741
1,1,1,1,1321,861,-1297,-49,-28,-21,-5,68,157,0,0,0,0,0,0,0,0,0,0,0,0,0,0,0,0,0,0,0,0,0,0,211751
1,1,1,1,1316,853,-1303,-38,-30,-20,-4,69,155,0,0,0,0,0,0,0,0,0,0,0,0,0,0,0,0,0,0,0,0,0,0,211761
1,1,1,1,1316,837,-1320,-26,-26,-20,-4,68,154,0,0,0,0,0,0,0,0,0,0,0,0,0,0,0,0,0,0,0,0,0,0,211771
1,1,1,1,1312,853,-1314,-1,-17,-14,-2,68,156,0,0,0,0,0,0,0,0,0,0,0,0,0,0,0,0,0,0,0,0,0,0,211781
1,1,1,1,1308,844,-1317,21,-5,-9,-3,69,155,0,0,0,0,0,0,0,0,0,0,0,0,0,0,0,0,0,0,0,0,0,0,211791
1,1,1,1,1311,856,-1322,27,0,-7,-3,68,154,0,0,0,0,0,0,0,0,0,0,0,0,0,0,0,0,0,0,0,0,0,0,211801
1,1,1,1,1313,868,-1309,17,10,-6,-2,68,157,0,0,0,0,0,0,0,0,0,0,0,0,0,0,0,0,0,0,0,0,0,0,211811
1,1,1,1,1312,872,-1302,15,19,-4,-4,68,155,0,0,0,0,0,0,0,0,0,0,0,0,0,0,0,0,0,0,0,0,0,0,211821
1,1,1,1,1309,863,-1311,3,11,-7,-4,68,156,0,0,0,0,0,0,0,0,0,0,0,0,0,0,0,0,0,0,0,0,0,0,211831
1,1,1,1,1304,855,-1322,21,17,-5,-3,69,156,0,0,0,0,0,0,0,0,0,0,0,0,0,0,0,0,0,0,0,0,0,0,211841
1,1,1,1,1304,842,-1333,49,0,-2,-3,68,155,0,0,0,0,0,0,0,0,0,0,0,0,0,0,0,0,0,0,0,0,0,0,211851
1,1,1,1,1312,840,-1341,74,-9,1,-3,69,156,0,0,0,0,0,0,0,0,0,0,0,0,0,0,0,0,0,0,0,0,0,0,211861
1,1,1,1,1318,831,-1338,71,-11,2,-4,68,154,0,0,0,0,0,0,0,0,0,0,0,0,0,0,0,0,0,0,0,0,0,0,211871
1,1,1,1,1321,849,-1326,39,-17,-5,-4,68,155,0,0,0,0,0,0,0,0,0,0,0,0,0,0,0,0,0,0,0,0,0,0,211881
1,1,1,1,1314,856,-1308,-5,-20,-11,-7,68,156,0,0,0,0,0,0,0,0,0,0,0,0,0,0,0,0,0,0,0,0,0,0,211891
1,1,1,1,1304,858,-1299,-66,-21,-19,-9,73,155,0,0,0,0,0,0,0,0,0,0,0,0,0,0,0,0,0,0,0,0,0,0,211911
1,1,1,1,1306,858,-1303,-63,-22,-21,-8,70,153,0,0,0,0,0,0,0,0,0,0,0,0,0,0,0,0,0,0,0,0,0,0,211921
1,1,1,1,1302,844,-1300,-29,-24,-16,-4,66,155,0,0,0,0,0,0,0,0,0,0,0,0,0,0,0,0,0,0,0,0,0,0,211931
1,1,1,1,1299,840,-1313,2,-18,-9,-4,65,155,0,0,0,0,0,0,0,0,0,0,0,0,0,0,0,0,0,0,0,0,0,0,211941
1,1,1,1,1299,844,-1318,25,-18,-4,-7,68,156,0,0,0,0,0,0,0,0,0,0,0,0,0,0,0,0,0,0,0,0,0,0,211951
1,1,1,1,1297,855,-1316,28,-7,-4,-8,69,155,0,0,0,0,0,0,0,0,0,0,0,0,0,0,0,0,0,0,0,0,0,0,211961
1,1,1,1,1310,871,-1310,22,1,-4,-7,67,158,0,0,0,0,0,0,0,0,0,0,0,0,0,0,0,0,0,0,0,0,0,0,211971
1,1,1,1,1312,878,-1305,-10,-3,-10,-5,66,155,0,0,0,0,0,0,0,0,0,0,0,0,0,0,0,0,0,0,0,0,0,0,211981
1,1,1,1,1313,892,-1300,-68,5,-14,-7,69,157,0,0,0,0,0,0,0,0,0,0,0,0,0,0,0,0,0,0,0,0,0,0,211991
1,1,1,1,1314,906,-1293,-106,6,-16,-5,67,156,0,0,0,0,0,0,0,0,0,0,0,0,0,0,0,0,0,0,0,0,0,0,212001
1,1,1,1,1292,863,-1308,-113,-1,-16,-4,68,157,0,0,0,0,0,0,0,0,0,0,0,0,0,0,0,0,0,0,0,0,0,0,212011
1,1,1,1,1283,841,-1333,-72,1,-7,-4,68,158,0,0,0,0,0,0,0,0,0,0,0,0,0,0,0,0,0,0,0,0,0,0,212021
1,1,1,1,1292,843,-1325,-29,4,-3,-5,67,156,0,0,0,0,0,0,0,0,0,0,0,0,0,0,0,0,0,0,0,0,0,0,212031
1,1,1,1,1294,866,-1314,4,1,2,-5,67,157,0,0,0,0,0,0,0,0,0,0,0,0,0,0,0,0,0,0,0,0,0,0,212041
1,1,1,1,1293,865,-1313,44,2,5,-5,67,156,0,0,0,0,0,0,0,0,0,0,0,0,0,0,0,0,0,0,0,0,0,0,212051
1,1,1,1,1299,863,-1321,53,-2,5,-5,67,156,0,0,0,0,0,0,0,0,0,0,0,0,0,0,0,0,0,0,0,0,0,0,212061
1,1,1,1,1311,872,-1316,44,2,2,-5,67,155,0,0,0,0,0,0,0,0,0,0,0,0,0,0,0,0,0,0,0,0,0,0,212071
1,1,1,1,1316,866,-1312,2,4,-9,-5,67,156,0,0,0,0,0,0,0,0,0,0,0,0,0,0,0,0,0,0,0,0,0,0,212081
1,1,1,1,1314,864,-1309,-23,3,-12,-5,67,153,0,0,0,0,0,0,0,0,0,0,0,0,0,0,0,0,0,0,0,0,0,0,212091
1,1,1,1,1306,851,-1317,-23,-12,-5,-9,67,157,0,0,0,0,0,0,0,0,0,0,0,0,0,0,0,0,0,0,0,0,0,0,212101
1,1,1,1,1310,844,-1324,-24,-8,0,-7,67,155,0,0,0,0,0,0,0,0,0,0,0,0,0,0,0,0,0,0,0,0,0,0,212111
1,1,1,1,1304,856,-1325,-7,-16,10,-7,67,153,0,0,0,0,0,0,0,0,0,0,0,0,0,0,0,0,0,0,0,0,0,0,212121
1,1,1,1,1305,845,-1338,5,-15,10,-7,68,155,0,0,0,0,0,0,0,0,0,0,0,0,0,0,0,0,0,0,0,0,0,0,212131
1,1,1,1,1298,853,-1345,22,-10,12,-8,67,154,0,0,0,0,0,0,0,0,0,0,0,0,0,0,0,0,0,0,0,0,0,0,212141
1,1,1,1,1298,881,-1317,23,-14,12,-8,67,154,0,0,0,0,0,0,0,0,0,0,0,0,0,0,0,0,0,0,0,0,0,0,212151
1,1,1,1,1306,888,-1307,2,-16,5,-7,67,153,0,0,0,0,0,0,0,0,0,0,0,0,0,0,0,0,0,0,0,0,0,0,212161
1,1,1,1,1312,888,-1294,-62,-17,-8,-9,69,155,0,0,0,0,0,0,0,0,0,0,0,0,0,0,0,0,0,0,0,0,0,0,212171
1,1,1,1,1305,871,-1294,-127,-19,-25,-7,67,152,0,0,0,0,0,0,0,0,0,0,0,0,0,0,0,0,0,0,0,0,0,0,212181
1,1,1,1,1302,843,-1304,-119,-13,-27,-8,67,153,0,0,0,0,0,0,0,0,0,0,0,0,0,0,0,0,0,0,0,0,0,0,212191
1,1,1,1,1297,816,-1314,-79,-14,-23,-7,65,152,0,0,0,0,0,0,0,0,0,0,0,0,0,0,0,0,0,0,0,0,0,0,212201
1,1,1,1,1301,831,-1312,-27,-12,-13,-7,64,151,0,0,0,0,0,0,0,0,0,0,0,0,0,0,0,0,0,0,0,0,0,0,212211
1,1,1,1,1296,849,-1315,0,-12,-4,-11,71,153,0,0,0,0,0,0,0,0,0,0,0,0,0,0,0,0,0,0,0,0,0,0,212221
1,1,1,1,1296,877,-1308,-9,2,-4,-10,67,150,0,0,0,0,0,0,0,0,0,0,0,0,0,0,0,0,0,0,0,0,0,0,212231
1,1,1,1,1300,886,-1303,-21,-5,-4,-9,65,151,0,0,0,0,0,0,0,0,0,0,0,0,0,0,0,0,0,0,0,0,0,0,212241
1,1,1,1,1306,882,-1303,-49,-8,-8,-9,66,153,0,0,0,0,0,0,0,0,0,0,0,0,0,0,0,0,0,0,0,0,0,0,212251
1,1,1,1,1312,884,-1297,-51,-13,-9,-9,68,151,0,0,0,0,0,0,0,0,0,0,0,0,0,0,0,0,0,0,0,0,0,0,212261
1,1,1,1,1308,867,-1312,-57,-12,-11,-8,63,150,0,0,0,0,0,0,0,0,0,0,0,0,0,0,0,0,0,0,0,0,0,0,212271
1,1,1,1,1307,856,-1311,-53,-17,-14,-4,63,152,0,0,0,0,0,0,0,0,0,0,0,0,0,0,0,0,0,0,0,0,0,0,212281
1,1,1,1,1301,849,-1311,-40,-11,-7,-5,66,155,0,0,0,0,0,0,0,0,0,0,0,0,0,0,0,0,0,0,0,0,0,0,212291
1,1,1,1,1296,856,-1311,-31,-10,-6,-7,67,152,0,0,0,0,0,0,0,0,0,0,0,0,0,0,0,0,0,0,0,0,0,0,212301
1,1,1,1,1294,877,-1308,-20,-11,-1,-6,64,151,0,0,0,0,0,0,0,0,0,0,0,0,0,0,0,0,0,0,0,0,0,0,212311
1,1,1,1,1297,877,-1321,0,-7,4,-7,65,150,0,0,0,0,0,0,0,0,0,0,0,0,0,0,0,0,0,0,0,0,0,0,212321
1,1,1,1,1304,885,-1313,-2,-5,8,-10,65,152,0,0,0,0,0,0,0,0,0,0,0,0,0,0,0,0,0,0,0,0,0,0,212331
1,1,1,1,1308,891,-1303,-23,-6,10,-8,64,150,0,0,0,0,0,0,0,0,0,0,0,0,0,0,0,0,0,0,0,0,0,0,212341
1,1,1,1,1309,889,-1297,-44,-6,10,-9,65,150,0,0,0,0,0,0,0,0,0,0,0,0,0,0,0,0,0,0,0,0,0,0,212351
1,1,1,1,1307,873,-1306,-48,-9,10,-5,64,147,0,0,0,0,0,0,0,0,0,0,0,0,0,0,0,0,0,0,0,0,0,0,212361
1,1,1,1,1308,878,-1302,-30,-17,11,-7,65,148,0,0,0,0,0,0,0,0,0,0,0,0,0,0,0,0,0,0,0,0,0,0,212371
1,1,1,1,1305,856,-1313,-10,-13,11,-7,64,149,0,0,0,0,0,0,0,0,0,0,0,0,0,0,0,0,0,0,0,0,0,0,212381
1,1,1,1,1299,853,-1305,-13,-12,11,-6,64,150,0,0,0,0,0,0,0,0,0,0,0,0,0,0,0,0,0,0,0,0,0,0,212391
1,1,1,1,1291,862,-1301,-13,0,6,-6,63,148,0,0,0,0,0,0,0,0,0,0,0,0,0,0,0,0,0,0,0,0,0,0,212401
1,1,1,1,1284,873,-1299,-21,0,2,-10,64,147,0,0,0,0,0,0,0,0,0,0,0,0,0,0,0,0,0,0,0,0,0,0,212411
1,1,1,1,1293,886,-1293,-38,10,0,-10,64,149,0,0,0,0,0,0,0,0,0,0,0,0,0,0,0,0,0,0,0,0,0,0,212421
1,1,1,1,1302,919,-1280,-58,13,-4,-8,63,150,0,0,0,0,0,0,0,0,0,0,0,0,0,0,0,0,0,0,0,0,0,0,212431
1,1,1,1,1300,913,-1280,-50,13,1,-7,63,149,0,0,0,0,0,0,0,0,0,0,0,0,0,0,0,0,0,0,0,0,0,0,212441
1,1,1,1,1303,878,-1297,-36,7,0,-8,63,150,0,0,0,0,0,0,0,0,0,0,0,0,0,0,0,0,0,0,0,0,0,0,212451
1,1,1,1,1317,853,-1313,-20,5,1,-7,64,149,0,0,0,0,0,0,0,0,0,0,0,0,0,0,0,0,0,0,0,0,0,0,212461
1,1,1,1,1322,851,-1299,-15,10,-2,-8,63,148,0,0,0,0,0,0,0,0,0,0,0,0,0,0,0,0,0,0,0,0,0,0,212471
1,1,1,1,1310,849,-1286,-29,13,-3,-8,63,150,0,0,0,0,0,0,0,0,0,0,0,0,0,0,0,0,0,0,0,0,0,0,212481
1,1,1,1,1311,865,-1277,-57,8,-5,-8,64,148,0,0,0,0,0,0,0,0,0,0,0,0,0,0,0,0,0,0,0,0,0,0,212491
1,1,1,1,1310,882,-1281,-60,5,-4,-8,65,148,0,0,0,0,0,0,0,0,0,0,0,0,0,0,0,0,0,0,0,0,0,0,212501
1,1,1,1,1308,883,-1302,-33,13,-1,-11,68,150,0,0,0,0,0,0,0,0,0,0,0,0,0,0,0,0,0,0,0,0,0,0,212511
1,1,1,1,1308,882,-1302,-22,17,1,-9,65,147,0,0,0,0,0,0,0,0,0,0,0,0,0,0,0,0,0,0,0,0,0,0,212521
1,1,1,1,1300,882,-1293,-20,9,3,-10,65,150,0,0,0,0,0,0,0,0,0,0,0,0,0,0,0,0,0,0,0,0,0,0,212531
1,1,1,1,1301,874,-1279,-27,10,0,-10,67,150,0,0,0,0,0,0,0,0,0,0,0,0,0,0,0,0,0,0,0,0,0,0,212541
1,1,1,1,1298,860,-1272,-23,0,0,-12,64,153,0,0,0,0,0,0,0,0,0,0,0,0,0,0,0,0,0,0,0,0,0,0,212551
1,1,1,1,1299,865,-1281,-19,3,-1,-9,63,151,0,0,0,0,0,0,0,0,0,0,0,0,0,0,0,0,0,0,0,0,0,0,212561
1,1,1,1,1301,871,-1289,-26,-1,-2,-10,62,153,0,0,0,0,0,0,0,0,0,0,0,0,0,0,0,0,0,0,0,0,0,0,212571
1,1,1,1,1297,886,-1300,-33,8,-2,-10,64,152,0,0,0,0,0,0,0,0,0,0,0,0,0,0,0,0,0,0,0,0,0,0,212581
1,1,1,1,1300,903,-1304,-41,-1,-1,-7,63,155,0,0,0,0,0,0,0,0,0,0,0,0,0,0,0,0,0,0,0,0,0,0,212591
1,1,1,1,1299,901,-1312,-73,8,-9,-6,63,152,0,0,0,0,0,0,0,0,0,0,0,0,0,0,0,0,0,0,0,0,0,0,212601
1,1,1,1,1305,905,-1294,-91,6,-8,-8,64,152,0,0,0,0,0,0,0,0,0,0,0,0,0,0,0,0,0,0,0,0,0,0,212611
1,1,1,1,1304,884,-1287,-96,-1,-7,-7,63,153,0,0,0,0,0,0,0,0,0,0,0,0,0,0,0,0,0,0,0,0,0,0,212621
1,1,1,1,1315,868,-1276,-81,-5,-3,-8,64,153,0,0,0,0,0,0,0,0,0,0,0,0,0,0,0,0,0,0,0,0,0,0,212631
1,1,1,1,1317,858,-1276,-56,-13,4,-9,63,153,0,0,0,0,0,0,0,0,0,0,0,0,0,0,0,0,0,0,0,0,0,0,212641
1,1,1,1,1315,842,-1289,-22,-17,11,-8,64,153,0,0,0,0,0,0,0,0,0,0,0,0,0,0,0,0,0,0,0,0,0,0,212651
1,1,1,1,1327,862,-1293,-21,-9,16,-9,63,152,0,0,0,0,0,0,0,0,0,0,0,0,0,0,0,0,0,0,0,0,0,0,212661
1,1,1,1,1326,885,-1289,-30,-6,15,-10,63,154,0,0,0,0,0,0,0,0,0,0,0,0,0,0,0,0,0,0,0,0,0,0,212671
1,1,1,1,1312,892,-1271,-50,-4,16,-9,64,152,0,0,0,0,0,0,0,0,0,0,0,0,0,0,0,0,0,0,0,0,0,0,212681
1,1,1,1,1310,897,-1276,-65,-8,16,-10,64,154,0,0,0,0,0,0,0,0,0,0,0,0,0,0,0,0,0,0,0,0,0,0,212691
1,1,1,1,1305,895,-1285,-62,5,15,-10,62,152,0,0,0,0,0,0,0,0,0,0,0,0,0,0,0,0,0,0,0,0,0,0,212701
1,1,1,1,1306,897,-1287,-57,13,14,-8,64,151,0,0,0,0,0,0,0,0,0,0,0,0,0,0,0,0,0,0,0,0,0,0,212711
1,1,1,1,1301,904,-1268,-49,19,15,-10,64,151,0,0,0,0,0,0,0,0,0,0,0,0,0,0,0,0,0,0,0,0,0,0,212721
1,1,1,1,1300,888,-1264,-56,21,12,-10,63,152,0,0,0,0,0,0,0,0,0,0,0,0,0,0,0,0,0,0,0,0,0,0,212731
1,1,1,1,1310,894,-1261,-77,25,9,-9,64,152,0,0,0,0,0,0,0,0,0,0,0,0,0,0,0,0,0,0,0,0,0,0,212741
1,1,1,1,1317,887,-1269,-81,25,10,-10,66,154,0,0,0,0,0,0,0,0,0,0,0,0,0,0,0,0,0,0,0,0,0,0,212751
1,1,1,1,1311,873,-1265,-103,17,7,-7,65,151,0,0,0,0,0,0,0,0,0,0,0,0,0,0,0,0,0,0,0,0,0,0,212761
1,1,1,1,1325,896,-1276,-135,31,8,-9,66,152,0,0,0,0,0,0,0,0,0,0,0,0,0,0,0,0,0,0,0,0,0,0,212771
1,1,1,1,1332,916,-1266,-192,57,11,-10,65,151,0,0,0,0,0,0,0,0,0,0,0,0,0,0,0,0,0,0,0,0,0,0,212781
1,1,1,1,1322,918,-1241,-262,77,11,-11,66,149,0,0,0,0,0,0,0,0,0,0,0,0,0,0,0,0,0,0,0,0,0,0,212791
1,1,1,1,1330,917,-1228,-351,109,9,-11,65,150,0,0,0,0,0,0,0,0,0,0,0,0,0,0,0,0,0,0,0,0,0,0,212801
1,1,1,1,1349,930,-1210,-483,136,1,-14,68,150,0,0,0,0,0,0,0,0,0,0,0,0,0,0,0,0,0,0,0,0,0,0,212811
1,1,1,1,1354,940,-1195,-688,171,-16,-13,66,148,0,0,0,0,0,0,0,0,0,0,0,0,0,0,0,0,0,0,0,0,0,0,212821
1,1,1,1,1356,968,-1154,-967,204,-35,-18,69,147,0,0,0,0,0,0,0,0,0,0,0,0,0,0,0,0,0,0,0,0,0,0,212831
1,1,1,1,1371,1008,-1092,-1328,239,-59,-15,63,139,0,0,0,0,0,0,0,0,0,0,0,0,0,0,0,0,0,0,0,0,0,0,212841
1,1,1,1,1407,1081,-1021,-1678,283,-94,-16,64,138,0,0,0,0,0,0,0,0,0,0,0,0,0,0,0,0,0,0,0,0,0,0,212851
1,1,1,1,1452,1151,-1012,-2032,382,-101,-17,63,129,0,0,0,0,0,0,0,0,0,0,0,0,0,0,0,0,0,0,0,0,0,0,212861
1,1,1,1,1452,1110,-993,-2467,509,-116,-17,58,121,0,0,0,0,0,0,0,0,0,0,0,0,0,0,0,0,0,0,0,0,0,0,212871
1,1,1,1,1453,1056,-945,-2899,638,-119,-13,54,110,0,0,0,0,0,0,0,0,0,0,0,0,0,0,0,0,0,0,0,0,0,0,212881
1,1,1,1,1439,1052,-867,-3369,764,-87,-13,51,97,0,0,0,0,0,0,0,0,0,0,0,0,0,0,0,0,0,0,0,0,0,0,212891
1,1,1,1,1392,1075,-783,-3812,911,-16,-17,53,95,0,0,0,0,0,0,0,0,0,0,0,0,0,0,0,0,0,0,0,0,0,0,212901
1,1,1,1,1390,1177,-734,-4127,1055,104,-17,53,91,0,0,0,0,0,0,0,0,0,0,0,0,0,0,0,0,0,0,0,0,0,0,212911
1,1,1,1,1442,1236,-719,-4423,1170,201,-11,58,89,0,0,0,0,0,0,0,0,0,0,0,0,0,0,0,0,0,0,0,0,0,0,212921
1,1,1,1,1375,1374,-630,-4587,1326,367,-7,54,83,0,0,0,0,0,0,0,0,0,0,0,0,0,0,0,0,0,0,0,0,0,0,212931
1,1,1,1,1392,1468,-546,-4247,1483,577,-7,51,69,0,0,0,0,0,0,0,0,0,0,0,0,0,0,0,0,0,0,0,0,0,0,212941
1,1,1,1,1553,1392,-525,-4093,1510,921,-8,48,66,0,0,0,0,0,0,0,0,0,0,0,0,0,0,0,0,0,0,0,0,0,0,212951
1,1,1,1,1508,1238,-389,-4068,1466,1104,-4,45,70,0,0,0,0,0,0,0,0,0,0,0,0,0,0,0,0,0,0,0,0,0,0,212961
1,1,1,1,1524,1130,-321,-3813,1868,755,-1,46,57,0,0,0,0,0,0,0,0,0,0,0,0,0,0,0,0,0,0,0,0,0,0,212971
1,1,1,1,1339,931,-136,-3888,2049,756,-4,43,56,0,0,0,0,0,0,0,0,0,0,0,0,0,0,0,0,0,0,0,0,0,0,212981
1,1,1,1,1188,717,-101,-4299,1975,751,6,69,88,0,0,0,0,0,0,0,0,0,0,0,0,0,0,0,0,0,0,0,0,0,0,212991
1,1,1,1,1279,478,106,-4601,1487,0,7,56,64,0,0,0,0,0,0,0,0,0,0,0,0,0,0,0,0,0,0,0,0,0,0,213001
1,1,1,1,1132,1028,-115,-4399,1450,61,6,46,61,0,0,0,0,0,0,0,0,0,0,0,0,0,0,0,0,0,0,0,0,0,0,213011
1,1,1,1,1750,853,143,-3640,1664,323,9,47,60,0,0,0,0,0,0,0,0,0,0,0,0,0,0,0,0,0,0,0,0,0,0,213021
1,1,1,1,1577,999,46,-3056,1733,436,5,47,60,0,0,0,0,0,0,0,0,0,0,0,0,0,0,0,0,0,0,0,0,0,0,213031
1,1,1,1,1618,856,87,-2778,1708,398,4,47,58,0,0,0,0,0,0,0,0,0,0,0,0,0,0,0,0,0,0,0,0,0,0,213041
1,1,1,1,1615,829,16,-2731,1611,268,9,47,59,0,0,0,0,0,0,0,0,0,0,0,0,0,0,0,0,0,0,0,0,0,0,213051
1,1,1,1,1643,899,100,-2503,1477,291,10,47,58,0,0,0,0,0,0,0,0,0,0,0,0,0,0,0,0,0,0,0,0,0,0,213061
1,1,1,1,1727,877,213,-2275,1272,400,9,48,56,0,0,0,0,0,0,0,0,0,0,0,0,0,0,0,0,0,0,0,0,0,0,213071
1,1,1,1,1633,837,314,-2086,1102,477,10,49,61,0,0,0,0,0,0,0,0,0,0,0,0,0,0,0,0,0,0,0,0,0,0,213081
1,1,1,1,1529,704,417,-1939,840,502,4,50,59,0,0,0,0,0,0,0,0,0,0,0,0,0,0,0,0,0,0,0,0,0,0,213091
1,1,1,1,1382,474,517,-2200,605,453,5,49,58,0,0,0,0,0,0,0,0,0,0,0,0,0,0,0,0,0,0,0,0,0,0,213101
1,1,1,1,1212,421,632,-2577,486,418,5,46,57,0,0,0,0,0,0,0,0,0,0,0,0,0,0,0,0,0,0,0,0,0,0,213111
1,1,1,1,1261,474,747,-2720,516,419,7,48,57,0,0,0,0,0,0,0,0,0,0,0,0,0,0,0,0,0,0,0,0,0,0,213121
1,1,1,1,1298,610,722,-2794,676,484,4,45,53,0,0,0,0,0,0,0,0,0,0,0,0,0,0,0,0,0,0,0,0,0,0,213131
1,1,1,1,1415,637,605,-2947,935,560,5,43,53,0,0,0,0,0,0,0,0,0,0,0,0,0,0,0,0,0,0,0,0,0,0,213141
1,1,1,1,1488,679,622,-2909,1256,623,11,41,50,0,0,0,0,0,0,0,0,0,0,0,0,0,0,0,0,0,0,0,0,0,0,213151
1,1,1,1,1462,667,703,-2559,1436,694,4,45,53,0,0,0,0,0,0,0,0,0,0,0,0,0,0,0,0,0,0,0,0,0,0,213161
1,1,1,1,1417,457,786,-2578,1383,757,8,44,54,0,0,0,0,0,0,0,0,0,0,0,0,0,0,0,0,0,0,0,0,0,0,213171
1,1,1,1,1332,430,870,-2577,1228,828,6,47,55,0,0,0,0,0,0,0,0,0,0,0,0,0,0,0,0,0,0,0,0,0,0,213181
1,1,1,1,1300,367,997,-2690,1040,863,9,47,56,0,0,0,0,0,0,0,0,0,0,0,0,0,0,0,0,0,0,0,0,0,0,213191
1,1,1,1,1229,340,1069,-2597,825,793,10,48,59,0,0,0,0,0,0,0,0,0,0,0,0,0,0,0,0,0,0,0,0,0,0,213201
1,1,1,1,1201,221,1060,-2545,588,670,11,48,57,0,0,0,0,0,0,0,0,0,0,0,0,0,0,0,0,0,0,0,0,0,0,213211
1,1,1,1,1132,178,1011,-2435,434,566,9,48,59,0,0,0,0,0,0,0,0,0,0,0,0,0,0,0,0,0,0,0,0,0,0,213221
1,1,1,1,1198,176,885,-2403,361,535,7,46,56,0,0,0,0,0,0,0,0,0,0,0,0,0,0,0,0,0,0,0,0,0,0,213231
1,1,1,1,1302,66,900,-2526,421,624,8,47,56,0,0,0,0,0,0,0,0,0,0,0,0,0,0,0,0,0,0,0,0,0,0,213241
1,1,1,1,1312,5,953,-2668,503,731,12,48,56,0,0,0,0,0,0,0,0,0,0,0,0,0,0,0,0,0,0,0,0,0,0,213251
1,1,1,1,1278,26,899,-2283,496,812,14,49,56,0,0,0,0,0,0,0,0,0,0,0,0,0,0,0,0,0,0,0,0,0,0,213261
1,1,1,1,1276,-212,772,-1853,328,852,16,50,56,0,0,0,0,0,0,0,0,0,0,0,0,0,0,0,0,0,0,0,0,0,0,213271
1,1,1,1,1346,-287,1041,-1399,37,922,12,50,58,0,0,0,0,0,0,0,0,0,0,0,0,0,0,0,0,0,0,0,0,0,0,213281
1,1,1,1,1141,-25,1186,-1122,-1,1061,12,51,63,0,0,0,0,0,0,0,0,0,0,0,0,0,0,0,0,0,0,0,0,0,0,213291
1,1,1,1,957,-411,1135,-1290,-12,932,10,49,63,0,0,0,0,0,0,0,0,0,0,0,0,0,0,0,0,0,0,0,0,0,0,213301
1,1,1,1,1179,-231,1272,-1797,-50,827,12,48,64,0,0,0,0,0,0,0,0,0,0,0,0,0,0,0,0,0,0,0,0,0,0,213321
1,1,1,1,1227,-294,1135,-1817,-78,822,18,48,61,0,0,0,0,0,0,0,0,0,0,0,0,0,0,0,0,0,0,0,0,0,0,213331
1,1,1,1,1332,-284,831,-1338,-168,927,19,49,61,0,0,0,0,0,0,0,0,0,0,0,0,0,0,0,0,0,0,0,0,0,0,213341
1,1,1,1,1369,-433,856,-794,-335,1094,17,49,62,0,0,0,0,0,0,0,0,0,0,0,0,0,0,0,0,0,0,0,0,0,0,213351
1,1,1,1,1238,-553,1006,-768,-409,1204,16,50,66,0,0,0,0,0,0,0,0,0,0,0,0,0,0,0,0,0,0,0,0,0,0,213361
1,1,1,1,1216,-380,1155,-618,-434,1176,8,49,67,0,0,0,0,0,0,0,0,0,0,0,0,0,0,0,0,0,0,0,0,0,0,213371
1,1,1,1,1195,-504,1325,-899,-431,1061,14,48,64,0,0,0,0,0,0,0,0,0,0,0,0,0,0,0,0,0,0,0,0,0,0,213381
1,1,1,1,1162,-344,1457,-1529,-323,1063,12,49,68,0,0,0,0,0,0,0,0,0,0,0,0,0,0,0,0,0,0,0,0,0,0,213391
1,1,1,1,1424,-328,1359,-1499,-208,1062,13,49,66,0,0,0,0,0,0,0,0,0,0,0,0,0,0,0,0,0,0,0,0,0,0,213401
1,1,1,1,1327,-292,1252,-1859,-186,946,11,47,66,0,0,0,0,0,0,0,0,0,0,0,0,0,0,0,0,0,0,0,0,0,0,213411
1,1,1,1,1277,-336,1332,-1776,-248,749,8,50,68,0,0,0,0,0,0,0,0,0,0,0,0,0,0,0,0,0,0,0,0,0,0,213421
1,1,1,1,1312,-568,1175,-1846,-332,641,14,47,71,0,0,0,0,0,0,0,0,0,0,0,0,0,0,0,0,0,0,0,0,0,0,213431
1,1,1,1,1289,-417,1023,-1233,-351,636,16,48,69,0,0,0,0,0,0,0,0,0,0,0,0,0,0,0,0,0,0,0,0,0,0,213441
1,1,1,1,1524,-519,911,-482,-402,654,15,51,73,0,0,0,0,0,0,0,0,0,0,0,0,0,0,0,0,0,0,0,0,0,0,213451
1,1,1,1,1432,-436,1027,-187,-401,627,15,46,72,0,0,0,0,0,0,0,0,0,0,0,0,0,0,0,0,0,0,0,0,0,0,213461
1,1,1,1,1373,-469,1328,-100,-307,577,13,49,76,0,0,0,0,0,0,0,0,0,0,0,0,0,0,0,0,0,0,0,0,0,0,213471
1,1,1,1,1502,-427,1313,-123,-267,457,12,46,77,0,0,0,0,0,0,0,0,0,0,0,0,0,0,0,0,0,0,0,0,0,0,213481
1,1,1,1,1345,-441,1365,-225,-204,327,10,48,78,0,0,0,0,0,0,0,0,0,0,0,0,0,0,0,0,0,0,0,0,0,0,213491
1,1,1,1,1401,-432,1424,-488,-86,304,10,47,81,0,0,0,0,0,0,0,0,0,0,0,0,0,0,0,0,0,0,0,0,0,0,213501
1,1,1,1,1342,-462,1477,-922,43,222,7,48,85,0,0,0,0,0,0,0,0,0,0,0,0,0,0,0,0,0,0,0,0,0,0,213511
1,1,1,1,1298,-514,1449,-1231,114,125,6,48,86,0,0,0,0,0,0,0,0,0,0,0,0,0,0,0,0,0,0,0,0,0,0,213521
1,1,1,1,1307,-542,1257,-1465,201,32,8,49,87,0,0,0,0,0,0,0,0,0,0,0,0,0,0,0,0,0,0,0,0,0,0,213531
1,1,1,1,1381,-670,1126,-1457,239,37,10,50,88,0,0,0,0,0,0,0,0,0,0,0,0,0,0,0,0,0,0,0,0,0,0,213541
1,1,1,1,1336,-844,1052,-1215,231,48,11,50,89,0,0,0,0,0,0,0,0,0,0,0,0,0,0,0,0,0,0,0,0,0,0,213551
1,1,1,1,1329,-890,1011,-946,211,-6,11,49,90,0,0,0,0,0,0,0,0,0,0,0,0,0,0,0,0,0,0,0,0,0,0,213561
1,1,1,1,1401,-770,1067,-748,188,-15,9,49,88,0,0,0,0,0,0,0,0,0,0,0,0,0,0,0,0,0,0,0,0,0,0,213571
1,1,1,1,1393,-728,1161,-749,218,12,8,50,91,0,0,0,0,0,0,0,0,0,0,0,0,0,0,0,0,0,0,0,0,0,0,213581
1,1,1,1,1353,-763,1200,-861,233,-19,9,51,90,0,0,0,0,0,0,0,0,0,0,0,0,0,0,0,0,0,0,0,0,0,0,213591
1,1,1,1,1355,-830,1164,-959,232,-59,9,50,92,0,0,0,0,0,0,0,0,0,0,0,0,0,0,0,0,0,0,0,0,0,0,213601
1,1,1,1,1369,-877,1126,-983,220,-96,5,49,92,0,0,0,0,0,0,0,0,0,0,0,0,0,0,0,0,0,0,0,0,0,0,213611
1,1,1,1,1374,-896,1100,-950,210,-102,5,50,91,0,0,0,0,0,0,0,0,0,0,0,0,0,0,0,0,0,0,0,0,0,0,213621
1,1,1,1,1446,-818,1004,-840,186,-62,5,49,98,0,0,0,0,0,0,0,0,0,0,0,0,0,0,0,0,0,0,0,0,0,0,213631
1,1,1,1,1462,-803,1038,-793,172,6,5,50,99,0,0,0,0,0,0,0,0,0,0,0,0,0,0,0,0,0,0,0,0,0,0,213641
1,1,1,1,1372,-924,1075,-853,197,53,4,50,101,0,0,0,0,0,0,0,0,0,0,0,0,0,0,0,0,0,0,0,0,0,0,213651
1,1,1,1,1375,-987,1023,-871,220,74,7,51,98,0,0,0,0,0,0,0,0,0,0,0,0,0,0,0,0,0,0,0,0,0,0,213661
1,1,1,1,1391,-1018,985,-797,218,101,7,51,100,0,0,0,0,0,0,0,0,0,0,0,0,0,0,0,0,0,0,0,0,0,0,213671
1,1,1,1,1377,-1091,950,-631,182,136,8,50,96,0,0,0,0,0,0,0,0,0,0,0,0,0,0,0,0,0,0,0,0,0,0,213681
1,1,1,1,1342,-1122,953,-500,137,151,7,48,98,0,0,0,0,0,0,0,0,0,0,0,0,0,0,0,0,0,0,0,0,0,0,213691
1,1,1,1,1342,-1063,990,-359,120,170,7,48,98,0,0,0,0,0,0,0,0,0,0,0,0,0,0,0,0,0,0,0,0,0,0,213701
1,1,1,1,1362,-1009,992,-255,76,183,6,47,94,0,0,0,0,0,0,0,0,0,0,0,0,0,0,0,0,0,0,0,0,0,0,213711
1,1,1,1,1333,-1033,1077,-166,41,157,2,48,94,0,0,0,0,0,0,0,0,0,0,0,0,0,0,0,0,0,0,0,0,0,0,213731
1,1,1,1,1297,-1065,1113,-254,54,158,4,44,95,0,0,0,0,0,0,0,0,0,0,0,0,0,0,0,0,0,0,0,0,0,0,213741
1,1,1,1,1291,-1102,1108,-361,68,152,2,45,96,0,0,0,0,0,0,0,0,0,0,0,0,0,0,0,0,0,0,0,0,0,0,213751
1,1,1,1,1302,-1093,1063,-389,40,131,1,44,97,0,0,0,0,0,0,0,0,0,0,0,0,0,0,0,0,0,0,0,0,0,0,213761
1,1,1,1,1326,-1061,1036,-361,16,135,-1,44,97,0,0,0,0,0,0,0,0,0,0,0,0,0,0,0,0,0,0,0,0,0,0,213771
1,1,1,1,1353,-1031,1024,-343,-5,203,-4,41,99,0,0,0,0,0,0,0,0,0,0,0,0,0,0,0,0,0,0,0,0,0,0,213781
1,1,1,1,1334,-1071,1010,-463,69,255,-3,44,99,0,0,0,0,0,0,0,0,0,0,0,0,0,0,0,0,0,0,0,0,0,0,213791
1,1,1,1,1424,-961,1045,-474,77,397,-4,42,95,0,0,0,0,0,0,0,0,0,0,0,0,0,0,0,0,0,0,0,0,0,0,213801
1,1,1,1,1527,-898,1082,-491,6,669,-3,41,93,0,0,0,0,0,0,0,0,0,0,0,0,0,0,0,0,0,0,0,0,0,0,213811
1,1,1,1,1420,-1149,1059,-514,34,654,-6,39,99,0,0,0,0,0,0,0,0,0,0,0,0,0,0,0,0,0,0,0,0,0,0,213821
1,1,1,1,1184,-1263,1038,-640,128,436,-7,39,97,0,0,0,0,0,0,0,0,0,0,0,0,0,0,0,0,0,0,0,0,0,0,213831
1,1,1,1,1435,-1098,1087,-412,-47,524,-5,38,90,0,0,0,0,0,0,0,0,0,0,0,0,0,0,0,0,0,0,0,0,0,0,213841
1,1,1,1,1320,-1177,1121,-351,-109,530,-7,36,91,0,0,0,0,0,0,0,0,0,0,0,0,0,0,0,0,0,0,0,0,0,0,213851
1,1,1,1,1225,-1231,1181,-285,-144,467,-6,37,90,0,0,0,0,0,0,0,0,0,0,0,0,0,0,0,0,0,0,0,0,0,0,213861
1,1,1,1,1225,-1167,1114,-266,-229,342,-4,38,90,0,0,0,0,0,0,0,0,0,0,0,0,0,0,0,0,0,0,0,0,0,0,213871
1,1,1,1,1119,-1261,1154,-139,-272,224,-2,37,93,0,0,0,0,0,0,0,0,0,0,0,0,0,0,0,0,0,0,0,0,0,0,213881
1,1,1,1,1032,-1421,1087,-158,-188,109,-5,36,92,0,0,0,0,0,0,0,0,0,0,0,0,0,0,0,0,0,0,0,0,0,0,213891
1,1,1,1,997,-1457,1005,-251,-62,38,-5,36,90,0,0,0,0,0,0,0,0,0,0,0,0,0,0,0,0,0,0,0,0,0,0,213901
1,1,1,1,1044,-1375,999,-236,-22,25,-4,33,87,0,0,0,0,0,0,0,0,0,0,0,0,0,0,0,0,0,0,0,0,0,0,213911
1,1,1,1,1105,-1287,1021,-200,-34,50,-6,29,82,0,0,0,0,0,0,0,0,0,0,0,0,0,0,0,0,0,0,0,0,0,0,213921
1,1,1,1,1114,-1304,1046,-173,-75,24,-10,22,79,0,0,0,0,0,0,0,0,0,0,0,0,0,0,0,0,0,0,0,0,0,0,213931
1,1,1,1,1113,-1243,932,-36,-111,-101,-9,13,65,0,0,0,0,0,0,0,0,0,0,0,0,0,0,0,0,0,0,0,0,0,0,213941
1,1,1,1,1166,-1299,953,132,-115,-147,-10,3,53,0,0,0,0,0,0,0,0,0,0,0,0,0,0,0,0,0,0,0,0,0,0,213951
1,1,1,1,1224,-1222,946,174,-120,-133,-8,-6,40,0,0,0,0,0,0,0,0,0,0,0,0,0,0,0,0,0,0,0,0,0,0,213961
1,1,1,1,1296,-1093,1066,146,-149,-52,-18,-14,33,0,0,0,0,0,0,0,0,0,0,0,0,0,0,0,0,0,0,0,0,0,0,213971
1,1,1,1,1316,-1133,1128,51,-170,-5,-22,-22,29,0,0,0,0,0,0,0,0,0,0,0,0,0,0,0,0,0,0,0,0,0,0,213981
1,1,1,1,1336,-1123,1046,-10,-204,-17,-23,-25,24,0,0,0,0,0,0,0,0,0,0,0,0,0,0,0,0,0,0,0,0,0,0,213991
1,1,1,1,1355,-1169,1019,41,-186,-4,-24,-29,22,0,0,0,0,0,0,0,0,0,0,0,0,0,0,0,0,0,0,0,0,0,0,214001
1,1,1,1,1380,-1190,971,79,-180,-11,-26,-29,24,0,0,0,0,0,0,0,0,0,0,0,0,0,0,0,0,0,0,0,0,0,0,214011
1,1,1,1,1366,-1226,966,90,-164,-34,-23,-31,20,0,0,0,0,0,0,0,0,0,0,0,0,0,0,0,0,0,0,0,0,0,0,214021
1,1,1,1,1356,-1222,978,150,-167,-65,-25,-26,20,0,0,0,0,0,0,0,0,0,0,0,0,0,0,0,0,0,0,0,0,0,0,214031
1,1,1,1,1340,-1209,1007,221,-186,-73,-23,-34,13,0,0,0,0,0,0,0,0,0,0,0,0,0,0,0,0,0,0,0,0,0,0,214041
1,1,1,1,1347,-1180,1017,248,-206,-44,-25,-36,13,0,0,0,0,0,0,0,0,0,0,0,0,0,0,0,0,0,0,0,0,0,0,214051
1,1,1,1,1339,-1120,1065,218,-222,-26,-30,-36,16,0,0,0,0,0,0,0,0,0,0,0,0,0,0,0,0,0,0,0,0,0,0,214061
1,1,1,1,1360,-1129,1059,109,-210,34,-32,-33,17,0,0,0,0,0,0,0,0,0,0,0,0,0,0,0,0,0,0,0,0,0,0,214071
1,1,1,1,1362,-1150,1039,33,-207,55,-32,-34,21,0,0,0,0,0,0,0,0,0,0,0,0,0,0,0,0,0,0,0,0,0,0,214081
1,1,1,1,1363,-1168,1000,0,-159,70,-32,-36,26,0,0,0,0,0,0,0,0,0,0,0,0,0,0,0,0,0,0,0,0,0,0,214091
1,1,1,1,1348,-1188,984,9,-154,50,-32,-32,28,0,0,0,0,0,0,0,0,0,0,0,0,0,0,0,0,0,0,0,0,0,0,214101
1,1,1,1,1346,-1206,994,22,-160,43,-31,-33,30,0,0,0,0,0,0,0,0,0,0,0,0,0,0,0,0,0,0,0,0,0,0,214111
1,1,1,1,1338,-1225,995,19,-163,9,-32,-30,31,0,0,0,0,0,0,0,0,0,0,0,0,0,0,0,0,0,0,0,0,0,0,214121
1,1,1,1,1347,-1191,1029,12,-179,-7,-32,-32,31,0,0,0,0,0,0,0,0,0,0,0,0,0,0,0,0,0,0,0,0,0,0,214131
1,1,1,1,1306,-1184,1038,43,-156,-23,-33,-34,31,0,0,0,0,0,0,0,0,0,0,0,0,0,0,0,0,0,0,0,0,0,0,214141
1,1,1,1,1403,-1187,982,29,-156,4,-37,-34,34,0,0,0,0,0,0,0,0,0,0,0,0,0,0,0,0,0,0,0,0,0,0,214151
1,1,1,1,1426,-1077,944,89,-182,32,-40,-35,37,0,0,0,0,0,0,0,0,0,0,0,0,0,0,0,0,0,0,0,0,0,0,214161
1,1,1,1,1379,-1153,994,19,-153,68,-43,-35,40,0,0,0,0,0,0,0,0,0,0,0,0,0,0,0,0,0,0,0,0,0,0,214171
1,1,1,1,1344,-1157,980,-98,-109,43,-40,-34,43,0,0,0,0,0,0,0,0,0,0,0,0,0,0,0,0,0,0,0,0,0,0,214181
1,1,1,1,1401,-1119,969,-141,-104,42,-38,-32,43,0,0,0,0,0,0,0,0,0,0,0,0,0,0,0,0,0,0,0,0,0,0,214191
1,1,1,1,1378,-1168,967,-151,-85,38,-37,-32,43,0,0,0,0,0,0,0,0,0,0,0,0,0,0,0,0,0,0,0,0,0,0,214201
1,1,1,1,1352,-1192,961,-89,-92,24,-38,-31,44,0,0,0,0,0,0,0,0,0,0,0,0,0,0,0,0,0,0,0,0,0,0,214211
1,1,1,1,1367,-1180,948,-56,-116,25,-39,-32,43,0,0,0,0,0,0,0,0,0,0,0,0,0,0,0,0,0,0,0,0,0,0,214221
1,1,1,1,1333,-1185,1020,-84,-105,23,-41,-30,47,0,0,0,0,0,0,0,0,0,0,0,0,0,0,0,0,0,0,0,0,0,0,214231
1,1,1,1,1324,-1183,1061,-203,-80,24,-43,-30,47,0,0,0,0,0,0,0,0,0,0,0,0,0,0,0,0,0,0,0,0,0,0,214241
1,1,1,1,1299,-1177,1107,-340,-33,45,-43,-30,49,0,0,0,0,0,0,0,0,0,0,0,0,0,0,0,0,0,0,0,0,0,0,214251
1,1,1,1,1340,-1185,991,-469,-71,-13,-39,-30,51,0,0,0,0,0,0,0,0,0,0,0,0,0,0,0,0,0,0,0,0,0,0,214261
1,1,1,1,1355,-1195,934,-370,-51,-6,-40,-30,50,0,0,0,0,0,0,0,0,0,0,0,0,0,0,0,0,0,0,0,0,0,0,214271
1,1,1,1,1325,-1251,945,-323,-52,-20,-39,-29,53,0,0,0,0,0,0,0,0,0,0,0,0,0,0,0,0,0,0,0,0,0,0,214281
1,1,1,1,1339,-1280,955,-332,-75,-26,-38,-31,49,0,0,0,0,0,0,0,0,0,0,0,0,0,0,0,0,0,0,0,0,0,0,214291
1,1,1,1,1348,-1295,921,-317,-92,4,-36,-32,53,0,0,0,0,0,0,0,0,0,0,0,0,0,0,0,0,0,0,0,0,0,0,214301
1,1,1,1,1367,-1175,891,-53,-114,11,-41,-31,54,0,0,0,0,0,0,0,0,0,0,0,0,0,0,0,0,0,0,0,0,0,0,214311
1,1,1,1,1363,-1212,934,-35,-98,11,-41,-29,54,0,0,0,0,0,0,0,0,0,0,0,0,0,0,0,0,0,0,0,0,0,0,214321
1,1,1,1,1359,-1193,993,-98,-60,1,-41,-31,54,0,0,0,0,0,0,0,0,0,0,0,0,0,0,0,0,0,0,0,0,0,0,214331
1,1,1,1,1363,-1204,988,-157,-49,-12,-42,-29,57,0,0,0,0,0,0,0,0,0,0,0,0,0,0,0,0,0,0,0,0,0,0,214341
1,1,1,1,1362,-1232,976,-191,-49,-18,-41,-30,56,0,0,0,0,0,0,0,0,0,0,0,0,0,0,0,0,0,0,0,0,0,0,214351
1,1,1,1,1368,-1242,949,-165,-49,-21,-40,-34,55,0,0,0,0,0,0,0,0,0,0,0,0,0,0,0,0,0,0,0,0,0,0,214361
1,1,1,1,1368,-1254,947,-117,-48,-17,-40,-32,56,0,0,0,0,0,0,0,0,0,0,0,0,0,0,0,0,0,0,0,0,0,0,214371
1,1,1,1,1351,-1247,970,-28,-28,-4,-37,-32,53,0,0,0,0,0,0,0,0,0,0,0,0,0,0,0,0,0,0,0,0,0,0,214381
1,1,1,1,1393,-1234,961,-76,-40,7,-41,-34,54,0,0,0,0,0,0,0,0,0,0,0,0,0,0,0,0,0,0,0,0,0,0,214391
1,1,1,1,1354,-1244,976,-234,-20,9,-34,-32,55,0,0,0,0,0,0,0,0,0,0,0,0,0,0,0,0,0,0,0,0,0,0,214401
1,1,1,1,1344,-1157,1019,-146,0,-10,-37,-32,55,0,0,0,0,0,0,0,0,0,0,0,0,0,0,0,0,0,0,0,0,0,0,214411
1,1,1,1,1350,-1236,977,-205,17,-13,-36,-31,56,0,0,0,0,0,0,0,0,0,0,0,0,0,0,0,0,0,0,0,0,0,0,214421
1,1,1,1,1347,-1246,957,-191,12,-18,-37,-31,58,0,0,0,0,0,0,0,0,0,0,0,0,0,0,0,0,0,0,0,0,0,0,214431
1,1,1,1,1352,-1277,927,-149,4,-19,-37,-32,57,0,0,0,0,0,0,0,0,0,0,0,0,0,0,0,0,0,0,0,0,0,0,214441
1,1,1,1,1373,-1251,891,-81,1,-16,-35,-31,58,0,0,0,0,0,0,0,0,0,0,0,0,0,0,0,0,0,0,0,0,0,0,214451
1,1,1,1,1363,-1241,895,-32,-5,-14,-36,-31,57,0,0,0,0,0,0,0,0,0,0,0,0,0,0,0,0,0,0,0,0,0,0,214461
1,1,1,1,1348,-1248,925,-14,2,-10,-35,-31,55,0,0,0,0,0,0,0,0,0,0,0,0,0,0,0,0,0,0,0,0,0,0,214471
1,1,1,1,1340,-1246,933,-7,1,-8,-35,-30,54,0,0,0,0,0,0,0,0,0,0,0,0,0,0,0,0,0,0,0,0,0,0,214481
1,1,1,1,1329,-1281,924,2,-1,-11,-33,-30,58,0,0,0,0,0,0,0,0,0,0,0,0,0,0,0,0,0,0,0,0,0,0,214491
1,1,1,1,1331,-1309,910,22,-15,-8,-33,-30,55,0,0,0,0,0,0,0,0,0,0,0,0,0,0,0,0,0,0,0,0,0,0,214501
1,1,1,1,1345,-1278,923,50,-20,-3,-34,-30,54,0,0,0,0,0,0,0,0,0,0,0,0,0,0,0,0,0,0,0,0,0,0,214511
1,1,1,1,1356,-1225,961,31,-29,1,-35,-30,53,0,0,0,0,0,0,0,0,0,0,0,0,0,0,0,0,0,0,0,0,0,0,214521
1,1,1,1,1350,-1191,980,-45,-21,0,-36,-30,56,0,0,0,0,0,0,0,0,0,0,0,0,0,0,0,0,0,0,0,0,0,0,214531
1,1,1,1,1344,-1224,974,-118,-4,-10,-36,-31,56,0,0,0,0,0,0,0,0,0,0,0,0,0,0,0,0,0,0,0,0,0,0,214541
1,1,1,1,1355,-1259,949,-170,2,-12,-37,-29,56,0,0,0,0,0,0,0,0,0,0,0,0,0,0,0,0,0,0,0,0,0,0,214551
1,1,1,1,1369,-1270,922,-162,3,-11,-34,-31,56,0,0,0,0,0,0,0,0,0,0,0,0,0,0,0,0,0,0,0,0,0,0,214561
1,1,1,1,1388,-1265,900,-67,-7,-5,-34,-30,53,0,0,0,0,0,0,0,0,0,0,0,0,0,0,0,0,0,0,0,0,0,0,214581
1,1,1,1,1370,-1254,928,-33,-18,0,-34,-30,53,0,0,0,0,0,0,0,0,0,0,0,0,0,0,0,0,0,0,0,0,0,0,214591
1,1,1,1,1368,-1240,944,-20,-16,7,-33,-30,51,0,0,0,0,0,0,0,0,0,0,0,0,0,0,0,0,0,0,0,0,0,0,214601
1,1,1,1,1362,-1235,956,-30,-11,5,-35,-31,51,0,0,0,0,0,0,0,0,0,0,0,0,0,0,0,0,0,0,0,0,0,0,214611
1,1,1,1,1359,-1232,953,-63,-9,3,-35,-31,53,0,0,0,0,0,0,0,0,0,0,0,0,0,0,0,0,0,0,0,0,0,0,214621
1,1,1,1,1351,-1263,928,-66,-8,4,-34,-33,50,0,0,0,0,0,0,0,0,0,0,0,0,0,0,0,0,0,0,0,0,0,0,214631
1,1,1,1,1360,-1267,900,-60,-10,5,-34,-31,51,0,0,0,0,0,0,0,0,0,0,0,0,0,0,0,0,0,0,0,0,0,0,214641
1,1,1,1,1357,-1265,923,-68,-19,2,-36,-29,52,0,0,0,0,0,0,0,0,0,0,0,0,0,0,0,0,0,0,0,0,0,0,214651
1,1,1,1,1369,-1256,908,-63,-18,-4,-35,-30,50,0,0,0,0,0,0,0,0,0,0,0,0,0,0,0,0,0,0,0,0,0,0,214661
1,1,1,1,1385,-1253,912,-40,-37,3,-36,-31,53,0,0,0,0,0,0,0,0,0,0,0,0,0,0,0,0,0,0,0,0,0,0,214671
1,1,1,1,1369,-1266,921,-22,-33,8,-36,-27,52,0,0,0,0,0,0,0,0,0,0,0,0,0,0,0,0,0,0,0,0,0,0,214681
1,1,1,1,1372,-1252,924,7,-35,8,-35,-31,52,0,0,0,0,0,0,0,0,0,0,0,0,0,0,0,0,0,0,0,0,0,0,214691
1,1,1,1,1370,-1268,928,13,-34,5,-33,-31,53,0,0,0,0,0,0,0,0,0,0,0,0,0,0,0,0,0,0,0,0,0,0,214701
1,1,1,1,1373,-1265,911,29,-23,7,-33,-29,54,0,0,0,0,0,0,0,0,0,0,0,0,0,0,0,0,0,0,0,0,0,0,214711
1,1,1,1,1367,-1269,927,12,-29,10,-32,-30,54,0,0,0,0,0,0,0,0,0,0,0,0,0,0,0,0,0,0,0,0,0,0,214721
1,1,1,1,1372,-1245,947,-12,-32,7,-33,-29,55,0,0,0,0,0,0,0,0,0,0,0,0,0,0,0,0,0,0,0,0,0,0,214731
1,1,1,1,1383,-1247,926,-18,-31,9,-33,-28,56,0,0,0,0,0,0,0,0,0,0,0,0,0,0,0,0,0,0,0,0,0,0,214741
1,1,1,1,1389,-1249,909,-1,-34,13,-33,-29,57,0,0,0,0,0,0,0,0,0,0,0,0,0,0,0,0,0,0,0,0,0,0,214751
1,1,1,1,1388,-1250,921,11,-43,17,-34,-28,57,0,0,0,0,0,0,0,0,0,0,0,0,0,0,0,0,0,0,0,0,0,0,214761
1,1,1,1,1371,-1268,933,15,-49,20,-35,-28,57,0,0,0,0,0,0,0,0,0,0,0,0,0,0,0,0,0,0,0,0,0,0,214771
1,1,1,1,1362,-1279,931,15,-41,17,-33,-28,55,0,0,0,0,0,0,0,0,0,0,0,0,0,0,0,0,0,0,0,0,0,0,214781
1,1,1,1,1365,-1286,928,21,-39,12,-32,-28,55,0,0,0,0,0,0,0,0,0,0,0,0,0,0,0,0,0,0,0,0,0,0,214792
1,1,1,1,1365,-1281,934,28,-31,18,-31,-28,55,0,0,0,0,0,0,0,0,0,0,0,0,0,0,0,0,0,0,0,0,0,0,214801
1,1,1,1,1356,-1270,938,9,-24,14,-31,-28,55,0,0,0,0,0,0,0,0,0,0,0,0,0,0,0,0,0,0,0,0,0,0,214811
1,1,1,1,1355,-1266,958,-17,-16,12,-33,-27,53,0,0,0,0,0,0,0,0,0,0,0,0,0,0,0,0,0,0,0,0,0,0,214821
1,1,1,1,1359,-1254,948,-39,-18,13,-30,-28,55,0,0,0,0,0,0,0,0,0,0,0,0,0,0,0,0,0,0,0,0,0,0,214831
1,1,1,1,1354,-1273,941,-53,-7,16,-31,-28,56,0,0,0,0,0,0,0,0,0,0,0,0,0,0,0,0,0,0,0,0,0,0,214841
1,1,1,1,1346,-1266,940,-56,-7,13,-32,-28,53,0,0,0,0,0,0,0,0,0,0,0,0,0,0,0,0,0,0,0,0,0,0,214852
1,1,1,1,1344,-1267,938,-53,-12,3,-32,-27,56,0,0,0,0,0,0,0,0,0,0,0,0,0,0,0,0,0,0,0,0,0,0,214862
1,1,1,1,1348,-1270,927,-23,0,-1,-31,-28,55,0,0,0,0,0,0,0,0,0,0,0,0,0,0,0,0,0,0,0,0,0,0,214872
1,1,1,1,1343,-1281,917,-17,17,-6,-30,-27,55,0,0,0,0,0,0,0,0,0,0,0,0,0,0,0,0,0,0,0,0,0,0,214882
1,1,1,1,1352,-1278,930,-31,25,-7,-31,-28,54,0,0,0,0,0,0,0,0,0,0,0,0,0,0,0,0,0,0,0,0,0,0,214892
1,1,1,1,1359,-1265,930,-47,25,-9,-32,-28,55,0,0,0,0,0,0,0,0,0,0,0,0,0,0,0,0,0,0,0,0,0,0,214902
1,1,1,1,1361,-1270,937,-72,20,-7,-33,-28,54,0,0,0,0,0,0,0,0,0,0,0,0,0,0,0,0,0,0,0,0,0,0,214912
1,1,1,1,1374,-1257,923,-72,21,-2,-34,-27,54,0,0,0,0,0,0,0,0,0,0,0,0,0,0,0,0,0,0,0,0,0,0,214922
1,1,1,1,1371,-1242,910,-58,11,3,-34,-27,54,0,0,0,0,0,0,0,0,0,0,0,0,0,0,0,0,0,0,0,0,0,0,214932
1,1,1,1,1354,-1250,918,-43,12,5,-35,-24,56,0,0,0,0,0,0,0,0,0,0,0,0,0,0,0,0,0,0,0,0,0,0,214942
1,1,1,1,1350,-1252,929,-54,14,5,-30,-31,53,0,0,0,0,0,0,0,0,0,0,0,0,0,0,0,0,0,0,0,0,0,0,214952
1,1,1,1,1341,-1273,935,-68,2,7,-31,-28,56,0,0,0,0,0,0,0,0,0,0,0,0,0,0,0,0,0,0,0,0,0,0,214962
1,1,1,1,1336,-1275,923,-62,3,3,-33,-26,56,0,0,0,0,0,0,0,0,0,0,0,0,0,0,0,0,0,0,0,0,0,0,214972
1,1,1,1,1335,-1273,927,-39,6,-4,-31,-27,59,0,0,0,0,0,0,0,0,0,0,0,0,0,0,0,0,0,0,0,0,0,0,214982
1,1,1,1,1352,-1283,918,-41,6,-9,-31,-28,58,0,0,0,0,0,0,0,0,0,0,0,0,0,0,0,0,0,0,0,0,0,0,214992
1,1,1,1,1358,-1280,915,-19,4,-9,-27,-27,55,0,0,0,0,0,0,0,0,0,0,0,0,0,0,0,0,0,0,0,0,0,0,215002
1,1,1,1,1361,-1270,913,-8,-2,-14,-28,-26,58,0,0,0,0,0,0,0,0,0,0,0,0,0,0,0,0,0,0,0,0,0,0,215012
1,1,1,1,1359,-1256,919,18,-13,-10,-27,-29,55,0,0,0,0,0,0,0,0,0,0,0,0,0,0,0,0,0,0,0,0,0,0,215022
1,1,1,1,1344,-1274,925,34,-11,-2,-30,-28,58,0,0,0,0,0,0,0,0,0,0,0,0,0,0,0,0,0,0,0,0,0,0,215032
1,1,1,1,1336,-1281,919,32,-14,-5,-29,-27,57,0,0,0,0,0,0,0,0,0,0,0,0,0,0,0,0,0,0,0,0,0,0,215042
1,1,1,1,1345,-1272,924,27,-10,-13,-32,-28,58,0,0,0,0,0,0,0,0,0,0,0,0,0,0,0,0,0,0,0,0,0,0,215052
1,1,1,1,1339,-1291,940,-12,8,-19,-31,-27,55,0,0,0,0,0,0,0,0,0,0,0,0,0,0,0,0,0,0,0,0,0,0,215062
1,1,1,1,1351,-1285,947,-54,6,-24,-28,-28,52,0,0,0,0,0,0,0,0,0,0,0,0,0,0,0,0,0,0,0,0,0,0,215072
1,1,1,1,1365,-1284,935,-74,9,-22,-30,-29,52,0,0,0,0,0,0,0,0,0,0,0,0,0,0,0,0,0,0,0,0,0,0,215082
1,1,1,1,1374,-1278,927,-62,-5,-15,-31,-29,51,0,0,0,0,0,0,0,0,0,0,0,0,0,0,0,0,0,0,0,0,0,0,215092
1,1,1,1,1382,-1276,910,-32,-4,-9,-28,-30,51,0,0,0,0,0,0,0,0,0,0,0,0,0,0,0,0,0,0,0,0,0,0,215102
1,1,1,1,1385,-1262,899,-6,-15,-4,-29,-29,50,0,0,0,0,0,0,0,0,0,0,0,0,0,0,0,0,0,0,0,0,0,0,215112
1,1,1,1,1384,-1258,901,15,-18,4,-27,-29,50,0,0,0,0,0,0,0,0,0,0,0,0,0,0,0,0,0,0,0,0,0,0,215122
1,1,1,1,1361,-1282,923,40,-22,9,-30,-29,51,0,0,0,0,0,0,0,0,0,0,0,0,0,0,0,0,0,0,0,0,0,0,215132
1,1,1,1,1359,-1288,914,33,-3,7,-30,-29,49,0,0,0,0,0,0,0,0,0,0,0,0,0,0,0,0,0,0,0,0,0,0,215142
1,1,1,1,1344,-1297,953,-6,-10,5,-30,-29,52,0,0,0,0,0,0,0,0,0,0,0,0,0,0,0,0,0,0,0,0,0,0,215152
1,1,1,1,1343,-1298,961,-70,4,7,-31,-29,54,0,0,0,0,0,0,0,0,0,0,0,0,0,0,0,0,0,0,0,0,0,0,215162
1,1,1,1,1352,-1291,952,-113,6,6,-32,-28,50,0,0,0,0,0,0,0,0,0,0,0,0,0,0,0,0,0,0,0,0,0,0,215172
1,1,1,1,1354,-1290,926,-121,-2,3,-30,-28,52,0,0,0,0,0,0,0,0,0,0,0,0,0,0,0,0,0,0,0,0,0,0,215182
1,1,1,1,1363,-1277,916,-85,-5,6,-31,-29,53,0,0,0,0,0,0,0,0,0,0,0,0,0,0,0,0,0,0,0,0,0,0,215192
1,1,1,1,1360,-1293,913,-50,-6,6,-32,-29,53,0,0,0,0,0,0,0,0,0,0,0,0,0,0,0,0,0,0,0,0,0,0,215202
1,1,1,1,1360,-1282,913,-19,-11,3,-34,-28,51,0,0,0,0,0,0,0,0,0,0,0,0,0,0,0,0,0,0,0,0,0,0,215212
1,1,1,1,1365,-1276,910,-5,-12,7,-31,-29,54,0,0,0,0,0,0,0,0,0,0,0,0,0,0,0,0,0,0,0,0,0,0,215222
1,1,1,1,1354,-1278,917,-6,-12,8,-29,-34,49,0,0,0,0,0,0,0,0,0,0,0,0,0,0,0,0,0,0,0,0,0,0,215232
1,1,1,1,1348,-1271,926,-34,-12,7,-31,-33,50,0,0,0,0,0,0,0,0,0,0,0,0,0,0,0,0,0,0,0,0,0,0,215242
1,1,1,1,1342,-1270,941,-74,-4,0,-30,-30,52,0,0,0,0,0,0,0,0,0,0,0,0,0,0,0,0,0,0,0,0,0,0,215252
1,1,1,1,1340,-1279,926,-73,-3,-4,-32,-31,52,0,0,0,0,0,0,0,0,0,0,0,0,0,0,0,0,0,0,0,0,0,0,215262
1,1,1,1,1342,-1295,908,-61,-1,-6,-30,-30,51,0,0,0,0,0,0,0,0,0,0,0,0,0,0,0,0,0,0,0,0,0,0,215272
1,1,1,1,1336,-1300,925,-53,-1,-6,-30,-29,52,0,0,0,0,0,0,0,0,0,0,0,0,0,0,0,0,0,0,0,0,0,0,215282
1,1,1,1,1338,-1300,911,-47,-5,-7,-32,-28,54,0,0,0,0,0,0,0,0,0,0,0,0,0,0,0,0,0,0,0,0,0,0,215292
1,1,1,1,1346,-1291,905,-40,-10,-7,-31,-28,53,0,0,0,0,0,0,0,0,0,0,0,0,0,0,0,0,0,0,0,0,0,0,215302
1,1,1,1,1348,-1281,904,-53,-6,-14,-32,-29,55,0,0,0,0,0,0,0,0,0,0,0,0,0,0,0,0,0,0,0,0,0,0,215312
1,1,1,1,1350,-1288,904,-47,0,-18,-29,-28,54,0,0,0,0,0,0,0,0,0,0,0,0,0,0,0,0,0,0,0,0,0,0,215322
1,1,1,1,1347,-1296,903,-35,-7,-19,-30,-29,53,0,0,0,0,0,0,0,0,0,0,0,0,0,0,0,0,0,0,0,0,0,0,215332
1,1,1,1,1342,-1306,909,-29,-15,-22,-31,-29,52,0,0,0,0,0,0,0,0,0,0,0,0,0,0,0,0,0,0,0,0,0,0,215342
1,1,1,1,1345,-1295,914,-21,-15,-25,-29,-29,55,0,0,0,0,0,0,0,0,0,0,0,0,0,0,0,0,0,0,0,0,0,0,215352
1,1,1,1,1333,-1293,932,-21,-8,-19,-29,-30,50,0,0,0,0,0,0,0,0,0,0,0,0,0,0,0,0,0,0,0,0,0,0,215362
1,1,1,1,1333,-1278,928,-26,-12,-14,-33,-30,53,0,0,0,0,0,0,0,0,0,0,0,0,0,0,0,0,0,0,0,0,0,0,215372
1,1,1,1,1337,-1275,925,-26,-18,-12,-32,-30,50,0,0,0,0,0,0,0,0,0,0,0,0,0,0,0,0,0,0,0,0,0,0,215382
1,1,1,1,1337,-1278,924,-24,-25,-14,-31,-30,50,0,0,0,0,0,0,0,0,0,0,0,0,0,0,0,0,0,0,0,0,0,0,215392
1,1,1,1,1336,-1290,926,-28,-17,-16,-30,-30,50,0,0,0,0,0,0,0,0,0,0,0,0,0,0,0,0,0,0,0,0,0,0,215402
1,1,1,1,1342,-1290,928,-28,-21,-19,-30,-30,47,0,0,0,0,0,0,0,0,0,0,0,0,0,0,0,0,0,0,0,0,0,0,215412
1,1,1,1,1356,-1301,922,-36,-11,-20,-30,-30,51,0,0,0,0,0,0,0,0,0,0,0,0,0,0,0,0,0,0,0,0,0,0,215422
1,1,1,1,1371,-1298,922,-39,-2,-19,-31,-31,49,0,0,0,0,0,0,0,0,0,0,0,0,0,0,0,0,0,0,0,0,0,0,215432
1,1,1,1,1375,-1302,928,-35,-1,-16,-32,-30,49,0,0,0,0,0,0,0,0,0,0,0,0,0,0,0,0,0,0,0,0,0,0,215442
1,1,1,1,1376,-1286,924,-13,-10,-13,-32,-31,50,0,0,0,0,0,0,0,0,0,0,0,0,0,0,0,0,0,0,0,0,0,0,215452
1,1,1,1,1368,-1277,928,-14,5,-12,-31,-32,48,0,0,0,0,0,0,0,0,0,0,0,0,0,0,0,0,0,0,0,0,0,0,215462
1,1,1,1,1352,-1273,950,-15,16,-13,-33,-30,49,0,0,0,0,0,0,0,0,0,0,0,0,0,0,0,0,0,0,0,0,0,0,215472
1,1,1,1,1346,-1297,944,-43,11,-16,-33,-30,49,0,0,0,0,0,0,0,0,0,0,0,0,0,0,0,0,0,0,0,0,0,0,215482
1,1,1,1,1346,-1287,932,-51,7,-18,-33,-30,50,0,0,0,0,0,0,0,0,0,0,0,0,0,0,0,0,0,0,0,0,0,0,215492
1,1,1,1,1345,-1302,923,-65,12,-12,-31,-31,51,0,0,0,0,0,0,0,0,0,0,0,0,0,0,0,0,0,0,0,0,0,0,215502
1,1,1,1,1352,-1302,915,-68,1,-10,-33,-31,50,0,0,0,0,0,0,0,0,0,0,0,0,0,0,0,0,0,0,0,0,0,0,215512
1,1,1,1,1360,-1303,898,-49,-6,-5,-35,-28,48,0,0,0,0,0,0,0,0,0,0,0,0,0,0,0,0,0,0,0,0,0,0,215522
1,1,1,1,1355,-1315,899,-29,-5,0,-33,-32,51,0,0,0,0,0,0,0,0,0,0,0,0,0,0,0,0,0,0,0,0,0,0,215532
1,1,1,1,1351,-1313,899,-11,-11,1,-33,-29,48,0,0,0,0,0,0,0,0,0,0,0,0,0,0,0,0,0,0,0,0,0,0,215542
1,1,1,1,1357,-1302,902,12,-16,3,-37,-27,51,0,0,0,0,0,0,0,0,0,0,0,0,0,0,0,0,0,0,0,0,0,0,215552
1,1,1,1,1360,-1297,913,-5,-20,3,-35,-31,52,0,0,0,0,0,0,0,0,0,0,0,0,0,0,0,0,0,0,0,0,0,0,215562
1,1,1,1,1356,-1270,922,-26,-14,2,-33,-33,47,0,0,0,0,0,0,0,0,0,0,0,0,0,0,0,0,0,0,0,0,0,0,215572
1,1,1,1,1348,-1277,921,-24,-6,-2,-32,-32,51,0,0,0,0,0,0,0,0,0,0,0,0,0,0,0,0,0,0,0,0,0,0,215582
1,1,1,1,1341,-1289,913,-26,-15,-7,-36,-29,51,0,0,0,0,0,0,0,0,0,0,0,0,0,0,0,0,0,0,0,0,0,0,215592
1,1,1,1,1338,-1297,912,-21,-24,-5,-34,-31,47,0,0,0,0,0,0,0,0,0,0,0,0,0,0,0,0,0,0,0,0,0,0,215602
1,1,1,1,1341,-1305,914,-18,-30,-3,-32,-32,49,0,0,0,0,0,0,0,0,0,0,0,0,0,0,0,0,0,0,0,0,0,0,215612
1,1,1,1,1345,-1297,914,-10,-34,-4,-29,-31,50,0,0,0,0,0,0,0,0,0,0,0,0,0,0,0,0,0,0,0,0,0,0,215622
1,1,1,1,1357,-1298,909,11,-37,-5,-29,-31,51,0,0,0,0,0,0,0,0,0,0,0,0,0,0,0,0,0,0,0,0,0,0,215632
1,1,1,1,1363,-1301,904,13,-37,-6,-32,-30,50,0,0,0,0,0,0,0,0,0,0,0,0,0,0,0,0,0,0,0,0,0,0,215642
1,1,1,1,1362,-1277,912,12,-31,-9,-32,-31,50,0,0,0,0,0,0,0,0,0,0,0,0,0,0,0,0,0,0,0,0,0,0,215652
1,1,1,1,1363,-1273,916,-1,-16,-12,-32,-31,49,0,0,0,0,0,0,0,0,0,0,0,0,0,0,0,0,0,0,0,0,0,0,215662
1,1,1,1,1353,-1283,920,-15,-12,-15,-32,-31,50,0,0,0,0,0,0,0,0,0,0,0,0,0,0,0,0,0,0,0,0,0,0,215672
1,1,1,1,1350,-1285,920,-5,-15,-12,-32,-31,50,0,0,0,0,0,0,0,0,0,0,0,0,0,0,0,0,0,0,0,0,0,0,215682
1,1,1,1,1343,-1290,916,-4,-15,-16,-32,-30,49,0,0,0,0,0,0,0,0,0,0,0,0,0,0,0,0,0,0,0,0,0,0,215692
1,1,1,1,1341,-1300,921,-12,-13,-20,-30,-31,48,0,0,0,0,0,0,0,0,0,0,0,0,0,0,0,0,0,0,0,0,0,0,215702
1,1,1,1,1342,-1308,925,-16,-15,-23,-32,-31,50,0,0,0,0,0,0,0,0,0,0,0,0,0,0,0,0,0,0,0,0,0,0,215712
1,1,1,1,1348,-1308,926,-32,-9,-29,-30,-30,50,0,0,0,0,0,0,0,0,0,0,0,0,0,0,0,0,0,0,0,0,0,0,215722
1,1,1,1,1358,-1302,916,-26,-6,-27,-31,-30,49,0,0,0,0,0,0,0,0,0,0,0,0,0,0,0,0,0,0,0,0,0,0,215732
1,1,1,1,1359,-1300,909,-19,1,-25,-30,-30,50,0,0,0,0,0,0,0,0,0,0,0,0,0,0,0,0,0,0,0,0,0,0,215742
1,1,1,1,1356,-1292,924,-26,-5,-24,-32,-31,50,0,0,0,0,0,0,0,0,0,0,0,0,0,0,0,0,0,0,0,0,0,0,215752
1,1,1,1,1350,-1288,920,-37,1,-30,-32,-31,51,0,0,0,0,0,0,0,0,0,0,0,0,0,0,0,0,0,0,0,0,0,0,215762
1,1,1,1,1357,-1292,920,-37,1,-30,-31,-30,51,0,0,0,0,0,0,0,0,0,0,0,0,0,0,0,0,0,0,0,0,0,0,215772
1,1,1,1,1355,-1297,919,-30,-2,-23,-31,-30,50,0,0,0,0,0,0,0,0,0,0,0,0,0,0,0,0,0,0,0,0,0,0,215782
1,1,1,1,1352,-1306,915,-36,-3,-20,-31,-30,51,0,0,0,0,0,0,0,0,0,0,0,0,0,0,0,0,0,0,0,0,0,0,215792
1,1,1,1,1364,-1293,911,-45,-7,-14,-31,-31,53,0,0,0,0,0,0,0,0,0,0,0,0,0,0,0,0,0,0,0,0,0,0,215802
1,1,1,1,1368,-1282,897,-42,-3,-8,-31,-30,49,0,0,0,0,0,0,0,0,0,0,0,0,0,0,0,0,0,0,0,0,0,0,215812
1,1,1,1,1376,-1271,915,-26,-3,-5,-31,-30,52,0,0,0,0,0,0,0,0,0,0,0,0,0,0,0,0,0,0,0,0,0,0,215822
1,1,1,1,1365,-1297,910,-27,-5,-2,-33,-29,54,0,0,0,0,0,0,0,0,0,0,0,0,0,0,0,0,0,0,0,0,0,0,215832
1,1,1,1,1358,-1298,914,-28,-9,-5,-32,-30,49,0,0,0,0,0,0,0,0,0,0,0,0,0,0,0,0,0,0,0,0,0,0,215842
1,1,1,1,1354,-1308,925,-19,-10,-3,-30,-31,51,0,0,0,0,0,0,0,0,0,0,0,0,0,0,0,0,0,0,0,0,0,0,215852
1,1,1,1,1350,-1300,923,-23,-12,1,-28,-31,51,0,0,0,0,0,0,0,0,0,0,0,0,0,0,0,0,0,0,0,0,0,0,215862
1,1,1,1,1351,-1297,920,-23,-7,7,-31,-32,49,0,0,0,0,0,0,0,0,0,0,0,0,0,0,0,0,0,0,0,0,0,0,215872
1,1,1,1,1345,-1296,915,-33,0,6,-33,-32,51,0,0,0,0,0,0,0,0,0,0,0,0,0,0,0,0,0,0,0,0,0,0,215882
1,1,1,1,1357,-1287,910,-33,-5,10,-32,-31,49,0,0,0,0,0,0,0,0,0,0,0,0,0,0,0,0,0,0,0,0,0,0,215892
1,1,1,1,1355,-1273,924,-49,-3,13,-31,-32,51,0,0,0,0,0,0,0,0,0,0,0,0,0,0,0,0,0,0,0,0,0,0,215902
1,1,1,1,1350,-1288,943,-63,14,10,-29,-33,50,0,0,0,0,0,0,0,0,0,0,0,0,0,0,0,0,0,0,0,0,0,0,215912
1,1,1,1,1358,-1292,933,-88,12,8,-29,-32,51,0,0,0,0,0,0,0,0,0,0,0,0,0,0,0,0,0,0,0,0,0,0,215922
1,1,1,1,1352,-1312,923,-96,9,8,-29,-30,52,0,0,0,0,0,0,0,0,0,0,0,0,0,0,0,0,0,0,0,0,0,0,215932
1,1,1,1,1354,-1315,900,-67,7,16,-30,-31,51,0,0,0,0,0,0,0,0,0,0,0,0,0,0,0,0,0,0,0,0,0,0,215942
1,1,1,1,1353,-1312,889,-40,0,20,-28,-31,49,0,0,0,0,0,0,0,0,0,0,0,0,0,0,0,0,0,0,0,0,0,0,215952
1,1,1,1,1347,-1287,897,-15,1,24,-30,-31,50,0,0,0,0,0,0,0,0,0,0,0,0,0,0,0,0,0,0,0,0,0,0,215962
1,1,1,1,1340,-1281,923,-23,-3,21,-31,-32,50,0,0,0,0,0,0,0,0,0,0,0,0,0,0,0,0,0,0,0,0,0,0,215972
1,1,1,1,1337,-1291,932,-59,-6,16,-30,-31,49,0,0,0,0,0,0,0,0,0,0,0,0,0,0,0,0,0,0,0,0,0,0,215982
1,1,1,1,1333,-1318,924,-73,1,12,-29,-31,50,0,0,0,0,0,0,0,0,0,0,0,0,0,0,0,0,0,0,0,0,0,0,215992
1,1,1,1,1343,-1318,913,-73,0,6,-29,-32,50,0,0,0,0,0,0,0,0,0,0,0,0,0,0,0,0,0,0,0,0,0,0,216002
1,1,1,1,1353,-1319,901,-57,-1,3,-29,-31,49,0,0,0,0,0,0,0,0,0,0,0,0,0,0,0,0,0,0,0,0,0,0,216012
1,1,1,1,1361,-1320,885,-35,4,3,-28,-32,49,0,0,0,0,0,0,0,0,0,0,0,0,0,0,0,0,0,0,0,0,0,0,216022
1,1,1,1,1354,-1312,897,-12,-6,-4,-29,-32,48,0,0,0,0,0,0,0,0,0,0,0,0,0,0,0,0,0,0,0,0,0,0,216032
1,1,1,1,1345,-1289,925,-21,-4,-6,-27,-33,51,0,0,0,0,0,0,0,0,0,0,0,0,0,0,0,0,0,0,0,0,0,0,216042
1,1,1,1,1347,-1275,939,-47,13,-9,-30,-32,51,0,0,0,0,0,0,0,0,0,0,0,0,0,0,0,0,0,0,0,0,0,0,216052
1,1,1,1,1339,-1308,934,-79,24,-16,-27,-32,51,0,0,0,0,0,0,0,0,0,0,0,0,0,0,0,0,0,0,0,0,0,0,216062
1,1,1,1,1354,-1301,921,-56,9,-15,-28,-32,51,0,0,0,0,0,0,0,0,0,0,0,0,0,0,0,0,0,0,0,0,0,0,216072
1,1,1,1,1348,-1318,912,-27,10,-15,-29,-32,52,0,0,0,0,0,0,0,0,0,0,0,0,0,0,0,0,0,0,0,0,0,0,216082
1,1,1,1,1349,-1321,905,-25,6,-15,-30,-32,52,0,0,0,0,0,0,0,0,0,0,0,0,0,0,0,0,0,0,0,0,0,0,216092
1,1,1,1,1355,-1314,904,-20,14,-13,-31,-32,53,0,0,0,0,0,0,0,0,0,0,0,0,0,0,0,0,0,0,0,0,0,0,216102
1,1,1,1,1350,-1316,918,-10,24,-11,-31,-32,51,0,0,0,0,0,0,0,0,0,0,0,0,0,0,0,0,0,0,0,0,0,0,216112
1,1,1,1,1363,-1309,914,-8,15,-10,-31,-33,49,0,0,0,0,0,0,0,0,0,0,0,0,0,0,0,0,0,0,0,0,0,0,216122
1,1,1,1,1368,-1295,913,-24,9,-8,-31,-32,49,0,0,0,0,0,0,0,0,0,0,0,0,0,0,0,0,0,0,0,0,0,0,216132
1,1,1,1,1358,-1303,913,-38,14,-2,-30,-36,51,0,0,0,0,0,0,0,0,0,0,0,0,0,0,0,0,0,0,0,0,0,0,216142
1,1,1,1,1361,-1297,909,-44,19,1,-34,-29,52,0,0,0,0,0,0,0,0,0,0,0,0,0,0,0,0,0,0,0,0,0,0,216152
1,1,1,1,1347,-1310,912,-45,21,-2,-33,-32,52,0,0,0,0,0,0,0,0,0,0,0,0,0,0,0,0,0,0,0,0,0,0,216162
1,1,1,1,1342,-1326,909,-56,15,-8,-31,-33,52,0,0,0,0,0,0,0,0,0,0,0,0,0,0,0,0,0,0,0,0,0,0,216172
1,1,1,1,1343,-1335,895,-35,14,-8,-32,-35,51,0,0,0,0,0,0,0,0,0,0,0,0,0,0,0,0,0,0,0,0,0,0,216182
1,1,1,1,1338,-1341,879,1,-5,-3,-33,-32,54,0,0,0,0,0,0,0,0,0,0,0,0,0,0,0,0,0,0,0,0,0,0,216192
1,1,1,1,1340,-1335,876,40,-18,-2,-31,-31,51,0,0,0,0,0,0,0,0,0,0,0,0,0,0,0,0,0,0,0,0,0,0,216202
1,1,1,1,1346,-1317,877,66,-20,3,-29,-31,53,0,0,0,0,0,0,0,0,0,0,0,0,0,0,0,0,0,0,0,0,0,0,216212
1,1,1,1,1348,-1299,898,55,-19,5,-30,-32,53,0,0,0,0,0,0,0,0,0,0,0,0,0,0,0,0,0,0,0,0,0,0,216222
1,1,1,1,1343,-1307,912,54,-12,5,-28,-32,52,0,0,0,0,0,0,0,0,0,0,0,0,0,0,0,0,0,0,0,0,0,0,216232
1,1,1,1,1346,-1310,902,50,-20,3,-28,-32,53,0,0,0,0,0,0,0,0,0,0,0,0,0,0,0,0,0,0,0,0,0,0,216242
1,1,1,1,1343,-1330,903,49,-25,5,-30,-31,55,0,0,0,0,0,0,0,0,0,0,0,0,0,0,0,0,0,0,0,0,0,0,216252
1,1,1,1,1349,-1331,905,59,-36,15,-29,-32,53,0,0,0,0,0,0,0,0,0,0,0,0,0,0,0,0,0,0,0,0,0,0,216262
1,1,1,1,1337,-1336,901,88,-62,24,-28,-32,56,0,0,0,0,0,0,0,0,0,0,0,0,0,0,0,0,0,0,0,0,0,0,216272
1,1,1,1,1343,-1310,901,96,-63,30,-30,-33,56,0,0,0,0,0,0,0,0,0,0,0,0,0,0,0,0,0,0,0,0,0,0,216282
1,1,1,1,1346,-1291,921,74,-53,25,-29,-33,55,0,0,0,0,0,0,0,0,0,0,0,0,0,0,0,0,0,0,0,0,0,0,216292
1,1,1,1,1341,-1291,939,42,-43,20,-28,-31,55,0,0,0,0,0,0,0,0,0,0,0,0,0,0,0,0,0,0,0,0,0,0,216302
1,1,1,1,1343,-1303,937,27,-37,20,-27,-32,53,0,0,0,0,0,0,0,0,0,0,0,0,0,0,0,0,0,0,0,0,0,0,216312
1,1,1,1,1344,-1291,927,36,-46,17,-28,-32,53,0,0,0,0,0,0,0,0,0,0,0,0,0,0,0,0,0,0,0,0,0,0,216322
1,1,1,1,1337,-1285,942,35,-35,18,-31,-32,53,0,0,0,0,0,0,0,0,0,0,0,0,0,0,0,0,0,0,0,0,0,0,216332
1,1,1,1,1330,-1308,954,12,-23,14,-31,-31,54,0,0,0,0,0,0,0,0,0,0,0,0,0,0,0,0,0,0,0,0,0,0,216342
1,1,1,1,1342,-1299,921,21,-12,15,-31,-31,54,0,0,0,0,0,0,0,0,0,0,0,0,0,0,0,0,0,0,0,0,0,0,216352
1,1,1,1,1334,-1299,920,33,-10,12,-32,-31,55,0,0,0,0,0,0,0,0,0,0,0,0,0,0,0,0,0,0,0,0,0,0,216362
1,1,1,1,1321,-1308,931,15,-13,7,-30,-32,54,0,0,0,0,0,0,0,0,0,0,0,0,0,0,0,0,0,0,0,0,0,0,216372
1,1,1,1,1323,-1313,930,1,-8,2,-28,-32,54,0,0,0,0,0,0,0,0,0,0,0,0,0,0,0,0,0,0,0,0,0,0,216382
1,1,1,1,1323,-1312,928,-7,3,2,-30,-32,54,0,0,0,0,0,0,0,0,0,0,0,0,0,0,0,0,0,0,0,0,0,0,216392
1,1,1,1,1330,-1307,928,-4,8,3,-30,-32,53,0,0,0,0,0,0,0,0,0,0,0,0,0,0,0,0,0,0,0,0,0,0,216402
1,1,1,1,1335,-1300,925,-5,1,1,-29,-32,54,0,0,0,0,0,0,0,0,0,0,0,0,0,0,0,0,0,0,0,0,0,0,216412
1,1,1,1,1329,-1298,939,-12,7,-4,-28,-32,51,0,0,0,0,0,0,0,0,0,0,0,0,0,0,0,0,0,0,0,0,0,0,216422
1,1,1,1,1334,-1303,938,-24,14,-7,-31,-32,53,0,0,0,0,0,0,0,0,0,0,0,0,0,0,0,0,0,0,0,0,0,0,216432
1,1,1,1,1346,-1300,929,-26,18,-8,-30,-34,51,0,0,0,0,0,0,0,0,0,0,0,0,0,0,0,0,0,0,0,0,0,0,216442
1,1,1,1,1348,-1296,917,-20,15,-10,-29,-32,51,0,0,0,0,0,0,0,0,0,0,0,0,0,0,0,0,0,0,0,0,0,0,216452
1,1,1,1,1340,-1302,931,-28,18,-13,-27,-37,53,0,0,0,0,0,0,0,0,0,0,0,0,0,0,0,0,0,0,0,0,0,0,216462
1,1,1,1,1336,-1307,920,-42,17,-17,-30,-34,53,0,0,0,0,0,0,0,0,0,0,0,0,0,0,0,0,0,0,0,0,0,0,216472
1,1,1,1,1340,-1307,917,-43,20,-18,-32,-30,53,0,0,0,0,0,0,0,0,0,0,0,0,0,0,0,0,0,0,0,0,0,0,216482
1,1,1,1,1338,-1323,918,-51,24,-19,-29,-33,51,0,0,0,0,0,0,0,0,0,0,0,0,0,0,0,0,0,0,0,0,0,0,216492
1,1,1,1,1342,-1320,911,-28,6,-15,-28,-31,53,0,0,0,0,0,0,0,0,0,0,0,0,0,0,0,0,0,0,0,0,0,0,216502
1,1,1,1,1345,-1313,906,-4,11,-10,-28,-33,52,0,0,0,0,0,0,0,0,0,0,0,0,0,0,0,0,0,0,0,0,0,0,216512
1,1,1,1,1346,-1310,902,10,3,-11,-27,-33,53,0,0,0,0,0,0,0,0,0,0,0,0,0,0,0,0,0,0,0,0,0,0,216522
1,1,1,1,1352,-1304,912,17,-7,-6,-26,-34,50,0,0,0,0,0,0,0,0,0,0,0,0,0,0,0,0,0,0,0,0,0,0,216532
1,1,1,1,1346,-1292,917,7,-17,-11,-27,-34,52,0,0,0,0,0,0,0,0,0,0,0,0,0,0,0,0,0,0,0,0,0,0,216542
1,1,1,1,1344,-1307,902,9,-8,-8,-26,-33,52,0,0,0,0,0,0,0,0,0,0,0,0,0,0,0,0,0,0,0,0,0,0,216552
1,1,1,1,1346,-1305,900,16,-3,-7,-27,-33,53,0,0,0,0,0,0,0,0,0,0,0,0,0,0,0,0,0,0,0,0,0,0,216562
1,1,1,1,1339,-1320,922,5,-8,-10,-28,-33,53,0,0,0,0,0,0,0,0,0,0,0,0,0,0,0,0,0,0,0,0,0,0,216572
1,1,1,1,1337,-1316,925,9,0,-10,-29,-33,53,0,0,0,0,0,0,0,0,0,0,0,0,0,0,0,0,0,0,0,0,0,0,216582
1,1,1,1,1337,-1304,940,3,-2,-9,-31,-32,53,0,0,0,0,0,0,0,0,0,0,0,0,0,0,0,0,0,0,0,0,0,0,216592
1,1,1,1,1325,-1313,943,-17,5,-13,-27,-33,53,0,0,0,0,0,0,0,0,0,0,0,0,0,0,0,0,0,0,0,0,0,0,216602
1,1,1,1,1328,-1309,930,-16,6,-14,-28,-32,54,0,0,0,0,0,0,0,0,0,0,0,0,0,0,0,0,0,0,0,0,0,0,216612
1,1,1,1,1334,-1316,920,-3,-6,-10,-27,-32,52,0,0,0,0,0,0,0,0,0,0,0,0,0,0,0,0,0,0,0,0,0,0,216622
1,1,1,1,1335,-1309,914,15,-3,-6,-28,-33,52,0,0,0,0,0,0,0,0,0,0,0,0,0,0,0,0,0,0,0,0,0,0,216632
1,1,1,1,1337,-1294,921,21,-2,-2,-26,-33,52,0,0,0,0,0,0,0,0,0,0,0,0,0,0,0,0,0,0,0,0,0,0,216642
1,1,1,1,1332,-1302,930,2,-1,-5,-29,-32,54,0,0,0,0,0,0,0,0,0,0,0,0,0,0,0,0,0,0,0,0,0,0,216652
1,1,1,1,1335,-1298,950,-2,6,-3,-30,-32,54,0,0,0,0,0,0,0,0,0,0,0,0,0,0,0,0,0,0,0,0,0,0,216662
1,1,1,1,1337,-1300,947,-22,27,-7,-31,-32,53,0,0,0,0,0,0,0,0,0,0,0,0,0,0,0,0,0,0,0,0,0,0,216672
1,1,1,1,1343,-1306,950,-42,28,-14,-30,-32,52,0,0,0,0,0,0,0,0,0,0,0,0,0,0,0,0,0,0,0,0,0,0,216682
1,1,1,1,1346,-1315,936,-49,32,-14,-29,-32,52,0,0,0,0,0,0,0,0,0,0,0,0,0,0,0,0,0,0,0,0,0,0,216692
1,1,1,1,1343,-1312,926,-44,34,-13,-27,-33,52,0,0,0,0,0,0,0,0,0,0,0,0,0,0,0,0,0,0,0,0,0,0,216702
1,1,1,1,1346,-1305,914,-38,38,-12,-29,-33,54,0,0,0,0,0,0,0,0,0,0,0,0,0,0,0,0,0,0,0,0,0,0,216712
1,1,1,1,1340,-1292,928,-35,26,-11,-28,-33,55,0,0,0,0,0,0,0,0,0,0,0,0,0,0,0,0,0,0,0,0,0,0,216722
1,1,1,1,1325,-1306,936,-64,24,-13,-30,-32,56,0,0,0,0,0,0,0,0,0,0,0,0,0,0,0,0,0,0,0,0,0,0,216732
1,1,1,1,1337,-1290,920,-64,30,-16,-27,-34,53,0,0,0,0,0,0,0,0,0,0,0,0,0,0,0,0,0,0,0,0,0,0,216742
1,1,1,1,1331,-1306,931,-49,19,-17,-31,-33,52,0,0,0,0,0,0,0,0,0,0,0,0,0,0,0,0,0,0,0,0,0,0,216752
1,1,1,1,1327,-1322,917,-42,12,-15,-30,-32,53,0,0,0,0,0,0,0,0,0,0,0,0,0,0,0,0,0,0,0,0,0,0,216762
1,1,1,1,1327,-1329,902,-24,2,-10,-31,-33,52,0,0,0,0,0,0,0,0,0,0,0,0,0,0,0,0,0,0,0,0,0,0,216772
1,1,1,1,1340,-1314,892,-5,11,-7,-29,-38,52,0,0,0,0,0,0,0,0,0,0,0,0,0,0,0,0,0,0,0,0,0,0,216782
1,1,1,1,1340,-1300,898,13,0,-3,-30,-34,53,0,0,0,0,0,0,0,0,0,0,0,0,0,0,0,0,0,0,0,0,0,0,216792
1,1,1,1,1337,-1296,900,12,-4,-6,-30,-31,52,0,0,0,0,0,0,0,0,0,0,0,0,0,0,0,0,0,0,0,0,0,0,216802
1,1,1,1,1329,-1307,927,4,-4,-1,-29,-33,52,0,0,0,0,0,0,0,0,0,0,0,0,0,0,0,0,0,0,0,0,0,0,216812
1,1,1,1,1332,-1310,939,4,-22,1,-27,-35,51,0,0,0,0,0,0,0,0,0,0,0,0,0,0,0,0,0,0,0,0,0,0,216822
1,1,1,1,1340,-1299,927,2,-33,2,-28,-33,55,0,0,0,0,0,0,0,0,0,0,0,0,0,0,0,0,0,0,0,0,0,0,216832
1,1,1,1,1339,-1312,925,15,-15,0,-23,-37,55,0,0,0,0,0,0,0,0,0,0,0,0,0,0,0,0,0,0,0,0,0,0,216842
1,1,1,1,1342,-1310,924,22,-16,1,-26,-33,55,0,0,0,0,0,0,0,0,0,0,0,0,0,0,0,0,0,0,0,0,0,0,216852
1,1,1,1,1327,-1318,940,16,-17,2,-28,-33,56,0,0,0,0,0,0,0,0,0,0,0,0,0,0,0,0,0,0,0,0,0,0,216862
1,1,1,1,1321,-1316,939,6,-13,-1,-28,-33,55,0,0,0,0,0,0,0,0,0,0,0,0,0,0,0,0,0,0,0,0,0,0,216872
1,1,1,1,1330,-1317,928,0,-12,-5,-27,-34,53,0,0,0,0,0,0,0,0,0,0,0,0,0,0,0,0,0,0,0,0,0,0,216882
1,1,1,1,1330,-1310,926,1,-8,-7,-28,-33,55,0,0,0,0,0,0,0,0,0,0,0,0,0,0,0,0,0,0,0,0,0,0,216892
1,1,1,1,1325,-1307,922,-5,-16,-9,-27,-33,53,0,0,0,0,0,0,0,0,0,0,0,0,0,0,0,0,0,0,0,0,0,0,216902
1,1,1,1,1324,-1302,921,7,-6,-9,-26,-32,55,0,0,0,0,0,0,0,0,0,0,0,0,0,0,0,0,0,0,0,0,0,0,216912
1,1,1,1,1325,-1291,937,8,-5,-10,-27,-32,54,0,0,0,0,0,0,0,0,0,0,0,0,0,0,0,0,0,0,0,0,0,0,216922
1,1,1,1,1317,-1300,945,-6,1,-14,-28,-33,52,0,0,0,0,0,0,0,0,0,0,0,0,0,0,0,0,0,0,0,0,0,0,216932
1,1,1,1,1318,-1297,945,-18,10,-10,-29,-33,54,0,0,0,0,0,0,0,0,0,0,0,0,0,0,0,0,0,0,0,0,0,0,216942
1,1,1,1,1312,-1323,945,-39,2,-7,-28,-33,53,0,0,0,0,0,0,0,0,0,0,0,0,0,0,0,0,0,0,0,0,0,0,216952
1,1,1,1,1326,-1320,925,-27,1,-4,-29,-34,51,0,0,0,0,0,0,0,0,0,0,0,0,0,0,0,0,0,0,0,0,0,0,216962
1,1,1,1,1334,-1323,899,-5,-3,0,-29,-33,54,0,0,0,0,0,0,0,0,0,0,0,0,0,0,0,0,0,0,0,0,0,0,216972
1,1,1,1,1335,-1314,908,11,6,1,-28,-33,52,0,0,0,0,0,0,0,0,0,0,0,0,0,0,0,0,0,0,0,0,0,0,216982
1,1,1,1,1327,-1319,935,3,2,3,-29,-33,53,0,0,0,0,0,0,0,0,0,0,0,0,0,0,0,0,0,0,0,0,0,0,216992
1,1,1,1,1331,-1296,945,-12,-9,1,-29,-33,52,0,0,0,0,0,0,0,0,0,0,0,0,0,0,0,0,0,0,0,0,0,0,217002
1,1,1,1,1332,-1286,948,-22,-11,0,-30,-33,54,0,0,0,0,0,0,0,0,0,0,0,0,0,0,0,0,0,0,0,0,0,0,217012
1,1,1,1,1335,-1277,949,-21,-8,-3,-29,-33,52,0,0,0,0,0,0,0,0,0,0,0,0,0,0,0,0,0,0,0,0,0,0,217022
1,1,1,1,1335,-1297,950,-23,-3,-4,-29,-33,53,0,0,0,0,0,0,0,0,0,0,0,0,0,0,0,0,0,0,0,0,0,0,217032
1,1,1,1,1339,-1298,931,-27,-4,-3,-29,-35,52,0,0,0,0,0,0,0,0,0,0,0,0,0,0,0,0,0,0,0,0,0,0,217042
1,1,1,1,1333,-1311,927,-26,-1,-2,-31,-33,54,0,0,0,0,0,0,0,0,0,0,0,0,0,0,0,0,0,0,0,0,0,0,217052
1,1,1,1,1334,-1308,926,-26,2,-4,-29,-35,51,0,0,0,0,0,0,0,0,0,0,0,0,0,0,0,0,0,0,0,0,0,0,217062
1,1,1,1,1327,-1318,914,-10,-7,-3,-31,-30,51,0,0,0,0,0,0,0,0,0,0,0,0,0,0,0,0,0,0,0,0,0,0,217072
1,1,1,1,1323,-1321,915,6,-5,-2,-29,-35,51,0,0,0,0,0,0,0,0,0,0,0,0,0,0,0,0,0,0,0,0,0,0,217082
1,1,1,1,1316,-1311,939,6,-6,-3,-31,-32,52,0,0,0,0,0,0,0,0,0,0,0,0,0,0,0,0,0,0,0,0,0,0,217092
1,1,1,1,1317,-1308,958,-17,1,-6,-28,-37,51,0,0,0,0,0,0,0,0,0,0,0,0,0,0,0,0,0,0,0,0,0,0,217102
1,1,1,1,1328,-1290,945,-23,7,-8,-31,-29,53,0,0,0,0,0,0,0,0,0,0,0,0,0,0,0,0,0,0,0,0,0,0,217112
1,1,1,1,1325,-1311,944,-18,3,-8,-27,-35,53,0,0,0,0,0,0,0,0,0,0,0,0,0,0,0,0,0,0,0,0,0,0,217122
1,1,1,1,1331,-1308,926,-7,3,-7,-26,-35,50,0,0,0,0,0,0,0,0,0,0,0,0,0,0,0,0,0,0,0,0,0,0,217132
1,1,1,1,1331,-1305,930,-10,4,-7,-26,-35,53,0,0,0,0,0,0,0,0,0,0,0,0,0,0,0,0,0,0,0,0,0,0,217142
1,1,1,1,1334,-1308,936,-34,9,-6,-27,-33,53,0,0,0,0,0,0,0,0,0,0,0,0,0,0,0,0,0,0,0,0,0,0,217152
1,1,1,1,1337,-1319,927,-45,9,-6,-27,-33,54,0,0,0,0,0,0,0,0,0,0,0,0,0,0,0,0,0,0,0,0,0,0,217162
1,1,1,1,1338,-1325,914,-21,-4,-3,-28,-34,54,0,0,0,0,0,0,0,0,0,0,0,0,0,0,0,0,0,0,0,0,0,0,217172
1,1,1,1,1326,-1317,902,13,-13,-1,-27,-33,52,0,0,0,0,0,0,0,0,0,0,0,0,0,0,0,0,0,0,0,0,0,0,217182
1,1,1,1,1318,-1304,926,20,-12,3,-28,-33,52,0,0,0,0,0,0,0,0,0,0,0,0,0,0,0,0,0,0,0,0,0,0,217192
1,1,1,1,1313,-1300,959,-1,-1,2,-29,-33,51,0,0,0,0,0,0,0,0,0,0,0,0,0,0,0,0,0,0,0,0,0,0,217202
1,1,1,1,1319,-1308,952,-18,8,1,-28,-34,52,0,0,0,0,0,0,0,0,0,0,0,0,0,0,0,0,0,0,0,0,0,0,217212
1,1,1,1,1331,-1303,943,-16,2,-1,-28,-34,53,0,0,0,0,0,0,0,0,0,0,0,0,0,0,0,0,0,0,0,0,0,0,217222
1,1,1,1,1326,-1312,942,-31,0,-3,-29,-34,52,0,0,0,0,0,0,0,0,0,0,0,0,0,0,0,0,0,0,0,0,0,0,217232
1,1,1,1,1328,-1316,935,-41,3,0,-28,-34,52,0,0,0,0,0,0,0,0,0,0,0,0,0,0,0,0,0,0,0,0,0,0,217242
1,1,1,1,1335,-1315,917,-18,4,3,-29,-33,53,0,0,0,0,0,0,0,0,0,0,0,0,0,0,0,0,0,0,0,0,0,0,217252
1,1,1,1,1327,-1307,917,20,-5,9,-29,-34,52,0,0,0,0,0,0,0,0,0,0,0,0,0,0,0,0,0,0,0,0,0,0,217262
1,1,1,1,1323,-1318,920,16,-2,9,-29,-33,54,0,0,0,0,0,0,0,0,0,0,0,0,0,0,0,0,0,0,0,0,0,0,217272
1,1,1,1,1319,-1303,931,-5,0,4,-30,-34,54,0,0,0,0,0,0,0,0,0,0,0,0,0,0,0,0,0,0,0,0,0,0,217282
1,1,1,1,1318,-1316,934,-33,4,1,-28,-33,53,0,0,0,0,0,0,0,0,0,0,0,0,0,0,0,0,0,0,0,0,0,0,217292
1,1,1,1,1320,-1297,948,-37,7,-1,-29,-34,51,0,0,0,0,0,0,0,0,0,0,0,0,0,0,0,0,0,0,0,0,0,0,217302
1,1,1,1,1323,-1316,951,-34,13,-2,-29,-34,54,0,0,0,0,0,0,0,0,0,0,0,0,0,0,0,0,0,0,0,0,0,0,217312
1,1,1,1,1321,-1321,923,-27,8,-7,-28,-34,53,0,0,0,0,0,0,0,0,0,0,0,0,0,0,0,0,0,0,0,0,0,0,217322
1,1,1,1,1314,-1329,908,-7,1,-4,-29,-34,54,0,0,0,0,0,0,0,0,0,0,0,0,0,0,0,0,0,0,0,0,0,0,217332
1,1,1,1,1316,-1315,916,-2,2,-3,-28,-33,51,0,0,0,0,0,0,0,0,0,0,0,0,0,0,0,0,0,0,0,0,0,0,217342
1,1,1,1,1315,-1300,941,-18,-2,-7,-27,-35,50,0,0,0,0,0,0,0,0,0,0,0,0,0,0,0,0,0,0,0,0,0,0,217352
1,1,1,1,1311,-1310,943,-36,-1,-12,-28,-36,53,0,0,0,0,0,0,0,0,0,0,0,0,0,0,0,0,0,0,0,0,0,0,217362
1,1,1,1,1319,-1322,914,-17,1,-14,-29,-34,53,0,0,0,0,0,0,0,0,0,0,0,0,0,0,0,0,0,0,0,0,0,0,217372
1,1,1,1,1323,-1337,918,-1,-11,-12,-30,-32,53,0,0,0,0,0,0,0,0,0,0,0,0,0,0,0,0,0,0,0,0,0,0,217382
1,1,1,1,1325,-1317,929,-8,-4,-9,-27,-36,52,0,0,0,0,0,0,0,0,0,0,0,0,0,0,0,0,0,0,0,0,0,0,217392
1,1,1,1,1323,-1314,932,-7,-10,-12,-25,-39,51,0,0,0,0,0,0,0,0,0,0,0,0,0,0,0,0,0,0,0,0,0,0,217402
1,1,1,1,1321,-1308,928,1,-7,-12,-30,-31,52,0,0,0,0,0,0,0,0,0,0,0,0,0,0,0,0,0,0,0,0,0,0,217412
1,1,1,1,1318,-1290,950,10,-9,-13,-29,-31,56,0,0,0,0,0,0,0,0,0,0,0,0,0,0,0,0,0,0,0,0,0,0,217422
1,1,1,1,1312,-1302,968,-7,-9,-17,-28,-30,54,0,0,0,0,0,0,0,0,0,0,0,0,0,0,0,0,0,0,0,0,0,0,217432
1,1,1,1,1320,-1303,952,-21,-2,-20,-26,-34,54,0,0,0,0,0,0,0,0,0,0,0,0,0,0,0,0,0,0,0,0,0,0,217442
1,1,1,1,1332,-1306,945,-26,0,-21,-25,-34,56,0,0,0,0,0,0,0,0,0,0,0,0,0,0,0,0,0,0,0,0,0,0,217452
1,1,1,1,1332,-1310,934,-27,2,-20,-28,-33,54,0,0,0,0,0,0,0,0,0,0,0,0,0,0,0,0,0,0,0,0,0,0,217462
1,1,1,1,1334,-1317,910,-13,0,-19,-26,-33,53,0,0,0,0,0,0,0,0,0,0,0,0,0,0,0,0,0,0,0,0,0,0,217472
1,1,1,1,1331,-1329,917,5,-8,-18,-26,-33,53,0,0,0,0,0,0,0,0,0,0,0,0,0,0,0,0,0,0,0,0,0,0,217482
1,1,1,1,1336,-1319,930,14,-5,-14,-26,-33,51,0,0,0,0,0,0,0,0,0,0,0,0,0,0,0,0,0,0,0,0,0,0,217492
1,1,1,1,1324,-1310,938,24,-15,-16,-26,-33,54,0,0,0,0,0,0,0,0,0,0,0,0,0,0,0,0,0,0,0,0,0,0,217502
1,1,1,1,1315,-1293,958,22,-16,-14,-26,-33,54,0,0,0,0,0,0,0,0,0,0,0,0,0,0,0,0,0,0,0,0,0,0,217512
1,1,1,1,1305,-1297,997,-14,-11,-14,-25,-34,55,0,0,0,0,0,0,0,0,0,0,0,0,0,0,0,0,0,0,0,0,0,0,217522
1,1,1,1,1305,-1297,997,-50,8,-19,-25,-33,55,0,0,0,0,0,0,0,0,0,0,0,0,0,0,0,0,0,0,0,0,0,0,217532
1,1,1,1,1326,-1295,960,-34,25,-19,-26,-33,55,0,0,0,0,0,0,0,0,0,0,0,0,0,0,0,0,0,0,0,0,0,0,217542
1,1,1,1,1325,-1319,950,-47,27,-23,-27,-34,52,0,0,0,0,0,0,0,0,0,0,0,0,0,0,0,0,0,0,0,0,0,0,217552
1,1,1,1,1338,-1299,936,-46,37,-21,-29,-34,52,0,0,0,0,0,0,0,0,0,0,0,0,0,0,0,0,0,0,0,0,0,0,217562
1,1,1,1,1333,-1308,939,-58,38,-21,-32,-33,54,0,0,0,0,0,0,0,0,0,0,0,0,0,0,0,0,0,0,0,0,0,0,217572
1,1,1,1,1332,-1313,935,-47,31,-18,-29,-33,54,0,0,0,0,0,0,0,0,0,0,0,0,0,0,0,0,0,0,0,0,0,0,217582
1,1,1,1,1336,-1319,919,-19,26,-17,-28,-33,54,0,0,0,0,0,0,0,0,0,0,0,0,0,0,0,0,0,0,0,0,0,0,217592
1,1,1,1,1333,-1323,917,-4,14,-16,-25,-34,54,0,0,0,0,0,0,0,0,0,0,0,0,0,0,0,0,0,0,0,0,0,0,217602
1,1,1,1,1330,-1307,927,1,8,-14,-25,-33,54,0,0,0,0,0,0,0,0,0,0,0,0,0,0,0,0,0,0,0,0,0,0,217612
1,1,1,1,1322,-1308,932,4,4,-14,-24,-35,56,0,0,0,0,0,0,0,0,0,0,0,0,0,0,0,0,0,0,0,0,0,0,217622
1,1,1,1,1313,-1314,926,-1,-9,-12,-26,-33,55,0,0,0,0,0,0,0,0,0,0,0,0,0,0,0,0,0,0,0,0,0,0,217632
1,1,1,1,1309,-1324,918,-10,-14,-8,-29,-30,55,0,0,0,0,0,0,0,0,0,0,0,0,0,0,0,0,0,0,0,0,0,0,217642
1,1,1,1,1302,-1330,911,4,-22,-4,-28,-31,54,0,0,0,0,0,0,0,0,0,0,0,0,0,0,0,0,0,0,0,0,0,0,217652
1,1,1,1,1300,-1337,919,14,-34,1,-27,-33,52,0,0,0,0,0,0,0,0,0,0,0,0,0,0,0,0,0,0,0,0,0,0,217662
1,1,1,1,1299,-1323,920,23,-38,1,-26,-37,52,0,0,0,0,0,0,0,0,0,0,0,0,0,0,0,0,0,0,0,0,0,0,217672
1,1,1,1,1314,-1303,928,29,-32,2,-29,-32,55,0,0,0,0,0,0,0,0,0,0,0,0,0,0,0,0,0,0,0,0,0,0,217682
1,1,1,1,1314,-1297,942,19,-21,-3,-29,-32,56,0,0,0,0,0,0,0,0,0,0,0,0,0,0,0,0,0,0,0,0,0,0,217692
1,1,1,1,1308,-1310,944,10,-19,-5,-30,-31,56,0,0,0,0,0,0,0,0,0,0,0,0,0,0,0,0,0,0,0,0,0,0,217702
1,1,1,1,1303,-1318,950,10,-21,-4,-27,-36,58,0,0,0,0,0,0,0,0,0,0,0,0,0,0,0,0,0,0,0,0,0,0,217712
1,1,1,1,1299,-1337,950,11,-22,-2,-27,-31,59,0,0,0,0,0,0,0,0,0,0,0,0,0,0,0,0,0,0,0,0,0,0,217722
1,1,1,1,1310,-1325,924,16,-16,-4,-28,-33,55,0,0,0,0,0,0,0,0,0,0,0,0,0,0,0,0,0,0,0,0,0,0,217732
1,1,1,1,1314,-1312,924,28,-25,0,-25,-33,55,0,0,0,0,0,0,0,0,0,0,0,0,0,0,0,0,0,0,0,0,0,0,217742
1,1,1,1,1317,-1296,944,23,-36,0,-24,-34,56,0,0,0,0,0,0,0,0,0,0,0,0,0,0,0,0,0,0,0,0,0,0,217752
1,1,1,1,1309,-1296,955,29,-25,-2,-25,-34,57,0,0,0,0,0,0,0,0,0,0,0,0,0,0,0,0,0,0,0,0,0,0,217762
1,1,1,1,1327,-1287,931,30,-20,2,-27,-33,55,0,0,0,0,0,0,0,0,0,0,0,0,0,0,0,0,0,0,0,0,0,0,217772
1,1,1,1,1329,-1280,947,22,-21,-1,-28,-33,57,0,0,0,0,0,0,0,0,0,0,0,0,0,0,0,0,0,0,0,0,0,0,217782
1,1,1,1,1319,-1298,948,7,-1,-5,-27,-32,58,0,0,0,0,0,0,0,0,0,0,0,0,0,0,0,0,0,0,0,0,0,0,217792
1,1,1,1,1316,-1313,950,2,-6,-7,-23,-33,55,0,0,0,0,0,0,0,0,0,0,0,0,0,0,0,0,0,0,0,0,0,0,217802
1,1,1,1,1315,-1325,951,17,-1,-3,-24,-32,54,0,0,0,0,0,0,0,0,0,0,0,0,0,0,0,0,0,0,0,0,0,0,217812
1,1,1,1,1307,-1318,953,36,-2,-5,-25,-32,52,0,0,0,0,0,0,0,0,0,0,0,0,0,0,0,0,0,0,0,0,0,0,217822
1,1,1,1,1305,-1305,967,29,17,-7,-25,-32,54,0,0,0,0,0,0,0,0,0,0,0,0,0,0,0,0,0,0,0,0,0,0,217832
1,1,1,1,1303,-1269,996,-13,30,-16,-25,-32,55,0,0,0,0,0,0,0,0,0,0,0,0,0,0,0,0,0,0,0,0,0,0,217842
1,1,1,1,1303,-1273,1001,-51,41,-27,-29,-32,53,0,0,0,0,0,0,0,0,0,0,0,0,0,0,0,0,0,0,0,0,0,0,217852
1,1,1,1,1300,-1298,980,-61,53,-35,-28,-31,55,0,0,0,0,0,0,0,0,0,0,0,0,0,0,0,0,0,0,0,0,0,0,217862
1,1,1,1,1314,-1310,953,-59,48,-42,-29,-33,54,0,0,0,0,0,0,0,0,0,0,0,0,0,0,0,0,0,0,0,0,0,0,217872
1,1,1,1,1315,-1321,931,-42,53,-43,-28,-33,55,0,0,0,0,0,0,0,0,0,0,0,0,0,0,0,0,0,0,0,0,0,0,217882
1,1,1,1,1318,-1322,923,-19,53,-42,-29,-31,54,0,0,0,0,0,0,0,0,0,0,0,0,0,0,0,0,0,0,0,0,0,0,217892
1,1,1,1,1316,-1314,923,-1,36,-47,-27,-31,54,0,0,0,0,0,0,0,0,0,0,0,0,0,0,0,0,0,0,0,0,0,0,217902
1,1,1,1,1324,-1295,937,13,37,-47,-28,-31,55,0,0,0,0,0,0,0,0,0,0,0,0,0,0,0,0,0,0,0,0,0,0,217912
1,1,1,1,1326,-1278,956,34,48,-47,-29,-30,55,0,0,0,0,0,0,0,0,0,0,0,0,0,0,0,0,0,0,0,0,0,0,217922
1,1,1,1,1318,-1272,981,61,54,-53,-29,-30,56,0,0,0,0,0,0,0,0,0,0,0,0,0,0,0,0,0,0,0,0,0,0,217932
1,1,1,1,1320,-1274,992,41,63,-65,-31,-30,56,0,0,0,0,0,0,0,0,0,0,0,0,0,0,0,0,0,0,0,0,0,0,217942
1,1,1,1,1313,-1283,1015,-1,79,-71,-29,-31,57,0,0,0,0,0,0,0,0,0,0,0,0,0,0,0,0,0,0,0,0,0,0,217952
1,1,1,1,1327,-1292,997,-29,74,-74,-28,-30,56,0,0,0,0,0,0,0,0,0,0,0,0,0,0,0,0,0,0,0,0,0,0,217962
1,1,1,1,1323,-1294,969,-31,87,-71,-29,-29,57,0,0,0,0,0,0,0,0,0,0,0,0,0,0,0,0,0,0,0,0,0,0,217972
1,1,1,1,1328,-1282,975,-39,90,-72,-32,-26,57,0,0,0,0,0,0,0,0,0,0,0,0,0,0,0,0,0,0,0,0,0,0,217982
1,1,1,1,1318,-1279,983,-46,89,-75,-27,-34,56,0,0,0,0,0,0,0,0,0,0,0,0,0,0,0,0,0,0,0,0,0,0,217992
1,1,1,1,1311,-1290,962,-40,92,-73,-28,-34,55,0,0,0,0,0,0,0,0,0,0,0,0,0,0,0,0,0,0,0,0,0,0,218002
1,1,1,1,1314,-1295,938,-18,95,-73,-28,-31,58,0,0,0,0,0,0,0,0,0,0,0,0,0,0,0,0,0,0,0,0,0,0,218012
1,1,1,1,1310,-1299,941,9,90,-68,-26,-30,57,0,0,0,0,0,0,0,0,0,0,0,0,0,0,0,0,0,0,0,0,0,0,218022
1,1,1,1,1308,-1306,951,17,66,-64,-27,-30,58,0,0,0,0,0,0,0,0,0,0,0,0,0,0,0,0,0,0,0,0,0,0,218032
1,1,1,1,1307,-1301,961,34,62,-60,-26,-30,56,0,0,0,0,0,0,0,0,0,0,0,0,0,0,0,0,0,0,0,0,0,0,218042
1,1,1,1,1313,-1272,970,12,66,-56,-28,-29,58,0,0,0,0,0,0,0,0,0,0,0,0,0,0,0,0,0,0,0,0,0,0,218052
1,1,1,1,1314,-1264,996,-22,72,-57,-29,-29,58,0,0,0,0,0,0,0,0,0,0,0,0,0,0,0,0,0,0,0,0,0,0,218062
1,1,1,1,1313,-1275,966,-80,87,-60,-31,-29,59,0,0,0,0,0,0,0,0,0,0,0,0,0,0,0,0,0,0,0,0,0,0,218072
1,1,1,1,1321,-1294,933,-83,82,-51,-29,-29,56,0,0,0,0,0,0,0,0,0,0,0,0,0,0,0,0,0,0,0,0,0,0,218082
1,1,1,1,1311,-1319,922,-58,56,-37,-30,-28,58,0,0,0,0,0,0,0,0,0,0,0,0,0,0,0,0,0,0,0,0,0,0,218092
1,1,1,1,1308,-1303,913,-23,47,-28,-28,-30,56,0,0,0,0,0,0,0,0,0,0,0,0,0,0,0,0,0,0,0,0,0,0,218102
1,1,1,1,1303,-1281,978,19,28,-22,-32,-29,56,0,0,0,0,0,0,0,0,0,0,0,0,0,0,0,0,0,0,0,0,0,0,218112
1,1,1,1,1282,-1306,995,-5,35,-22,-28,-30,54,0,0,0,0,0,0,0,0,0,0,0,0,0,0,0,0,0,0,0,0,0,0,218122
1,1,1,1,1286,-1288,999,-30,44,-23,-28,-31,58,0,0,0,0,0,0,0,0,0,0,0,0,0,0,0,0,0,0,0,0,0,0,218132
1,1,1,1,1282,-1295,1008,-58,49,-28,-29,-31,56,0,0,0,0,0,0,0,0,0,0,0,0,0,0,0,0,0,0,0,0,0,0,218142
1,1,1,1,1291,-1289,997,-69,65,-25,-31,-31,56,0,0,0,0,0,0,0,0,0,0,0,0,0,0,0,0,0,0,0,0,0,0,218152
1,1,1,1,1296,-1277,973,-97,66,-29,-29,-32,58,0,0,0,0,0,0,0,0,0,0,0,0,0,0,0,0,0,0,0,0,0,0,218162
1,1,1,1,1317,-1261,976,-107,65,-22,-31,-33,57,0,0,0,0,0,0,0,0,0,0,0,0,0,0,0,0,0,0,0,0,0,0,218172
1,1,1,1,1310,-1278,959,-107,59,-21,-31,-32,57,0,0,0,0,0,0,0,0,0,0,0,0,0,0,0,0,0,0,0,0,0,0,218182
1,1,1,1,1322,-1288,908,-79,50,-23,-32,-31,55,0,0,0,0,0,0,0,0,0,0,0,0,0,0,0,0,0,0,0,0,0,0,218192
1,1,1,1,1316,-1294,905,-44,47,-15,-29,-32,56,0,0,0,0,0,0,0,0,0,0,0,0,0,0,0,0,0,0,0,0,0,0,218202
1,1,1,1,1306,-1301,917,-36,35,-15,-29,-32,57,0,0,0,0,0,0,0,0,0,0,0,0,0,0,0,0,0,0,0,0,0,0,218212
1,1,1,1,1299,-1306,924,-12,10,-14,-29,-31,54,0,0,0,0,0,0,0,0,0,0,0,0,0,0,0,0,0,0,0,0,0,0,218222
1,1,1,1,1287,-1315,931,29,-5,-11,-30,-30,55,0,0,0,0,0,0,0,0,0,0,0,0,0,0,0,0,0,0,0,0,0,0,218232
1,1,1,1,1274,-1317,956,55,-24,-8,-30,-31,56,0,0,0,0,0,0,0,0,0,0,0,0,0,0,0,0,0,0,0,0,0,0,218242
1,1,1,1,1272,-1317,972,54,-27,-6,-30,-27,56,0,0,0,0,0,0,0,0,0,0,0,0,0,0,0,0,0,0,0,0,0,0,218252
1,1,1,1,1279,-1306,982,59,-20,-7,-28,-29,52,0,0,0,0,0,0,0,0,0,0,0,0,0,0,0,0,0,0,0,0,0,0,218262
1,1,1,1,1289,-1297,980,67,-12,-10,-30,-26,56,0,0,0,0,0,0,0,0,0,0,0,0,0,0,0,0,0,0,0,0,0,0,218272
1,1,1,1,1299,-1277,998,57,-9,-16,-30,-27,56,0,0,0,0,0,0,0,0,0,0,0,0,0,0,0,0,0,0,0,0,0,0,218282
1,1,1,1,1294,-1280,994,41,7,-29,-27,-29,56,0,0,0,0,0,0,0,0,0,0,0,0,0,0,0,0,0,0,0,0,0,0,218292
1,1,1,1,1297,-1291,997,48,4,-39,-31,-22,58,0,0,0,0,0,0,0,0,0,0,0,0,0,0,0,0,0,0,0,0,0,0,218302
1,1,1,1,1295,-1299,986,52,4,-42,-28,-26,56,0,0,0,0,0,0,0,0,0,0,0,0,0,0,0,0,0,0,0,0,0,0,218312
1,1,1,1,1296,-1280,976,70,1,-43,-28,-23,57,0,0,0,0,0,0,0,0,0,0,0,0,0,0,0,0,0,0,0,0,0,0,218322
1,1,1,1,1295,-1282,984,82,-4,-45,-26,-26,57,0,0,0,0,0,0,0,0,0,0,0,0,0,0,0,0,0,0,0,0,0,0,218332
1,1,1,1,1300,-1281,986,92,-1,-51,-25,-24,58,0,0,0,0,0,0,0,0,0,0,0,0,0,0,0,0,0,0,0,0,0,0,218342
1,1,1,1,1304,-1274,981,117,17,-56,-26,-22,61,0,0,0,0,0,0,0,0,0,0,0,0,0,0,0,0,0,0,0,0,0,0,218352
1,1,1,1,1307,-1256,1004,133,30,-59,-26,-20,61,0,0,0,0,0,0,0,0,0,0,0,0,0,0,0,0,0,0,0,0,0,0,218362
1,1,1,1,1310,-1250,1042,110,43,-68,-26,-20,63,0,0,0,0,0,0,0,0,0,0,0,0,0,0,0,0,0,0,0,0,0,0,218372
1,1,1,1,1293,-1248,1052,85,70,-85,-25,-20,62,0,0,0,0,0,0,0,0,0,0,0,0,0,0,0,0,0,0,0,0,0,0,218382
1,1,1,1,1301,-1259,1055,43,104,-101,-25,-19,60,0,0,0,0,0,0,0,0,0,0,0,0,0,0,0,0,0,0,0,0,0,0,218392
1,1,1,1,1298,-1255,1038,15,128,-112,-26,-17,61,0,0,0,0,0,0,0,0,0,0,0,0,0,0,0,0,0,0,0,0,0,0,218402
1,1,1,1,1292,-1266,1010,18,143,-116,-25,-16,60,0,0,0,0,0,0,0,0,0,0,0,0,0,0,0,0,0,0,0,0,0,0,218412
1,1,1,1,1286,-1275,986,50,148,-118,-22,-15,60,0,0,0,0,0,0,0,0,0,0,0,0,0,0,0,0,0,0,0,0,0,0,218422
1,1,1,1,1279,-1263,986,113,159,-116,-21,-13,61,0,0,0,0,0,0,0,0,0,0,0,0,0,0,0,0,0,0,0,0,0,0,218432
1,1,1,1,1284,-1247,1033,173,165,-115,-22,-12,63,0,0,0,0,0,0,0,0,0,0,0,0,0,0,0,0,0,0,0,0,0,0,218442
1,1,1,1,1277,-1242,1041,159,179,-124,-20,-11,60,0,0,0,0,0,0,0,0,0,0,0,0,0,0,0,0,0,0,0,0,0,0,218452
1,1,1,1,1288,-1246,1041,155,189,-126,-20,-10,61,0,0,0,0,0,0,0,0,0,0,0,0,0,0,0,0,0,0,0,0,0,0,218462
1,1,1,1,1283,-1264,1036,124,168,-125,-23,-10,62,0,0,0,0,0,0,0,0,0,0,0,0,0,0,0,0,0,0,0,0,0,0,218472
1,1,1,1,1271,-1254,1051,91,186,-125,-22,-10,61,0,0,0,0,0,0,0,0,0,0,0,0,0,0,0,0,0,0,0,0,0,0,218482
1,1,1,1,1270,-1248,1028,95,190,-124,-20,-10,62,0,0,0,0,0,0,0,0,0,0,0,0,0,0,0,0,0,0,0,0,0,0,218492
1,1,1,1,1278,-1223,1004,156,183,-119,-19,-9,59,0,0,0,0,0,0,0,0,0,0,0,0,0,0,0,0,0,0,0,0,0,0,218502
1,1,1,1,1266,-1226,1014,178,161,-111,-20,-9,61,0,0,0,0,0,0,0,0,0,0,0,0,0,0,0,0,0,0,0,0,0,0,218512
1,1,1,1,1254,-1199,1047,169,163,-111,-19,-10,62,0,0,0,0,0,0,0,0,0,0,0,0,0,0,0,0,0,0,0,0,0,0,218522
1,1,1,1,1260,-1165,1083,96,176,-121,-21,-9,60,0,0,0,0,0,0,0,0,0,0,0,0,0,0,0,0,0,0,0,0,0,0,218532
1,1,1,1,1261,-1177,1111,9,177,-133,-21,-9,61,0,0,0,0,0,0,0,0,0,0,0,0,0,0,0,0,0,0,0,0,0,0,218542
1,1,1,1,1276,-1194,1061,-71,199,-147,-24,-4,63,0,0,0,0,0,0,0,0,0,0,0,0,0,0,0,0,0,0,0,0,0,0,218552
1,1,1,1,1286,-1215,1017,-104,204,-149,-20,-10,60,0,0,0,0,0,0,0,0,0,0,0,0,0,0,0,0,0,0,0,0,0,0,218562
1,1,1,1,1289,-1241,991,-80,186,-135,-20,-6,62,0,0,0,0,0,0,0,0,0,0,0,0,0,0,0,0,0,0,0,0,0,0,218572
1,1,1,1,1295,-1227,967,9,142,-111,-21,-7,61,0,0,0,0,0,0,0,0,0,0,0,0,0,0,0,0,0,0,0,0,0,0,218582
1,1,1,1,1267,-1250,991,21,104,-94,-24,-4,61,0,0,0,0,0,0,0,0,0,0,0,0,0,0,0,0,0,0,0,0,0,0,218592
1,1,1,1,1273,-1237,1046,-26,73,-74,-18,-13,57,0,0,0,0,0,0,0,0,0,0,0,0,0,0,0,0,0,0,0,0,0,0,218602
1,1,1,1,1278,-1210,1029,-85,66,-61,-20,-11,61,0,0,0,0,0,0,0,0,0,0,0,0,0,0,0,0,0,0,0,0,0,0,218612
1,1,1,1,1275,-1217,1006,-112,65,-61,-22,-7,62,0,0,0,0,0,0,0,0,0,0,0,0,0,0,0,0,0,0,0,0,0,0,218622
1,1,1,1,1277,-1243,969,-106,47,-52,-20,-9,61,0,0,0,0,0,0,0,0,0,0,0,0,0,0,0,0,0,0,0,0,0,0,218632
1,1,1,1,1267,-1262,950,-58,17,-34,-18,-10,59,0,0,0,0,0,0,0,0,0,0,0,0,0,0,0,0,0,0,0,0,0,0,218642
1,1,1,1,1247,-1285,940,20,-18,-13,-16,-9,60,0,0,0,0,0,0,0,0,0,0,0,0,0,0,0,0,0,0,0,0,0,0,218652
1,1,1,1,1234,-1270,941,105,-49,4,-17,-9,63,0,0,0,0,0,0,0,0,0,0,0,0,0,0,0,0,0,0,0,0,0,0,218662
1,1,1,1,1221,-1265,976,170,-58,9,-17,-7,61,0,0,0,0,0,0,0,0,0,0,0,0,0,0,0,0,0,0,0,0,0,0,218672
1,1,1,1,1223,-1236,1011,216,-65,15,-18,-7,61,0,0,0,0,0,0,0,0,0,0,0,0,0,0,0,0,0,0,0,0,0,0,218682
1,1,1,1,1238,-1194,1062,222,-80,21,-17,-7,62,0,0,0,0,0,0,0,0,0,0,0,0,0,0,0,0,0,0,0,0,0,0,218692
1,1,1,1,1244,-1178,1111,163,-64,18,-18,-6,61,0,0,0,0,0,0,0,0,0,0,0,0,0,0,0,0,0,0,0,0,0,0,218702
1,1,1,1,1231,-1176,1146,59,-39,4,-19,-6,60,0,0,0,0,0,0,0,0,0,0,0,0,0,0,0,0,0,0,0,0,0,0,218712
1,1,1,1,1252,-1192,1120,-21,-17,-19,-18,-6,62,0,0,0,0,0,0,0,0,0,0,0,0,0,0,0,0,0,0,0,0,0,0,218722
1,1,1,1,1260,-1205,1088,-39,-12,-17,-16,-5,59,0,0,0,0,0,0,0,0,0,0,0,0,0,0,0,0,0,0,0,0,0,0,218732
1,1,1,1,1239,-1219,1068,-4,3,-19,-15,-6,61,0,0,0,0,0,0,0,0,0,0,0,0,0,0,0,0,0,0,0,0,0,0,218742
1,1,1,1,1230,-1213,1068,21,10,-22,-15,-6,59,0,0,0,0,0,0,0,0,0,0,0,0,0,0,0,0,0,0,0,0,0,0,218752
1,1,1,1,1220,-1204,1089,37,26,-28,-17,-5,57,0,0,0,0,0,0,0,0,0,0,0,0,0,0,0,0,0,0,0,0,0,0,218762
1,1,1,1,1219,-1201,1100,26,47,-43,-17,-4,62,0,0,0,0,0,0,0,0,0,0,0,0,0,0,0,0,0,0,0,0,0,0,218772
1,1,1,1,1197,-1195,1135,50,65,-69,-15,-3,57,0,0,0,0,0,0,0,0,0,0,0,0,0,0,0,0,0,0,0,0,0,0,218782
1,1,1,1,1203,-1186,1123,131,92,-95,-12,-4,58,0,0,0,0,0,0,0,0,0,0,0,0,0,0,0,0,0,0,0,0,0,0,218792
1,1,1,1,1202,-1179,1079,217,168,-149,-9,-2,57,0,0,0,0,0,0,0,0,0,0,0,0,0,0,0,0,0,0,0,0,0,0,218802
1,1,1,1,1182,-1208,1066,381,233,-234,-2,1,56,0,0,0,0,0,0,0,0,0,0,0,0,0,0,0,0,0,0,0,0,0,0,218812
1,1,1,1,1176,-1247,1059,598,255,-353,3,4,55,0,0,0,0,0,0,0,0,0,0,0,0,0,0,0,0,0,0,0,0,0,0,218822
1,1,1,1,1142,-1268,1065,974,266,-535,8,5,51,0,0,0,0,0,0,0,0,0,0,0,0,0,0,0,0,0,0,0,0,0,0,218832
1,1,1,1,1141,-1226,1104,1419,270,-665,9,7,49,0,0,0,0,0,0,0,0,0,0,0,0,0,0,0,0,0,0,0,0,0,0,218842
1,1,1,1,1155,-1165,1099,1844,274,-734,17,9,50,0,0,0,0,0,0,0,0,0,0,0,0,0,0,0,0,0,0,0,0,0,0,218852
1,1,1,1,1159,-1086,1117,2345,268,-848,15,17,51,0,0,0,0,0,0,0,0,0,0,0,0,0,0,0,0,0,0,0,0,0,0,218862
1,1,1,1,1097,-1016,1120,2863,238,-1005,22,18,51,0,0,0,0,0,0,0,0,0,0,0,0,0,0,0,0,0,0,0,0,0,0,218872
1,1,1,1,1123,-892,1135,3250,195,-1151,28,20,49,0,0,0,0,0,0,0,0,0,0,0,0,0,0,0,0,0,0,0,0,0,0,218882
1,1,1,1,1154,-726,1153,3437,238,-1358,31,31,57,0,0,0,0,0,0,0,0,0,0,0,0,0,0,0,0,0,0,0,0,0,0,218892
1,1,1,1,1160,-581,1169,3651,270,-1649,24,46,59,0,0,0,0,0,0,0,0,0,0,0,0,0,0,0,0,0,0,0,0,0,0,218902
1,1,1,1,1303,-360,1049,4366,98,-1777,50,48,61,0,0,0,0,0,0,0,0,0,0,0,0,0,0,0,0,0,0,0,0,0,0,218912
1,1,1,1,1365,-243,1089,4592,-45,-1657,40,49,58,0,0,0,0,0,0,0,0,0,0,0,0,0,0,0,0,0,0,0,0,0,0,218922
1,1,1,1,1209,-330,1328,3518,203,-1561,55,48,59,0,0,0,0,0,0,0,0,0,0,0,0,0,0,0,0,0,0,0,0,0,0,218932
1,1,1,1,1691,65,1007,4206,209,-1369,56,49,54,0,0,0,0,0,0,0,0,0,0,0,0,0,0,0,0,0,0,0,0,0,0,218942
1,1,1,1,1510,-294,1076,4888,8,-1165,52,47,53,0,0,0,0,0,0,0,0,0,0,0,0,0,0,0,0,0,0,0,0,0,0,218952
1,1,1,1,1098,-349,1478,4883,-201,-1061,56,46,53,0,0,0,0,0,0,0,0,0,0,0,0,0,0,0,0,0,0,0,0,0,0,218962
1,1,1,1,1369,275,1638,5269,-223,-1049,47,43,55,0,0,0,0,0,0,0,0,0,0,0,0,0,0,0,0,0,0,0,0,0,0,218972
1,1,1,1,1431,462,1437,5264,159,-1226,35,42,58,0,0,0,0,0,0,0,0,0,0,0,0,0,0,0,0,0,0,0,0,0,0,218982
1,1,1,1,1171,63,1240,3789,523,-1469,35,40,58,0,0,0,0,0,0,0,0,0,0,0,0,0,0,0,0,0,0,0,0,0,0,218992
1,1,1,1,1242,13,1182,2472,801,-1671,33,41,57,0,0,0,0,0,0,0,0,0,0,0,0,0,0,0,0,0,0,0,0,0,0,219002
1,1,1,1,1341,126,1109,1771,980,-1725,38,40,56,0,0,0,0,0,0,0,0,0,0,0,0,0,0,0,0,0,0,0,0,0,0,219012
1,1,1,1,1385,210,1086,1691,1038,-1671,39,40,52,0,0,0,0,0,0,0,0,0,0,0,0,0,0,0,0,0,0,0,0,0,0,219022
1,1,1,1,1346,209,1075,1653,944,-1542,40,40,50,0,0,0,0,0,0,0,0,0,0,0,0,0,0,0,0,0,0,0,0,0,0,219032
1,1,1,1,1311,272,1104,1612,673,-1368,41,41,49,0,0,0,0,0,0,0,0,0,0,0,0,0,0,0,0,0,0,0,0,0,0,219042
1,1,1,1,1218,309,1109,1829,293,-1212,47,41,46,0,0,0,0,0,0,0,0,0,0,0,0,0,0,0,0,0,0,0,0,0,0,219052
1,1,1,1,1104,285,1067,2266,-133,-1117,42,41,50,0,0,0,0,0,0,0,0,0,0,0,0,0,0,0,0,0,0,0,0,0,0,219062
1,1,1,1,1041,209,941,2497,-516,-1068,40,40,45,0,0,0,0,0,0,0,0,0,0,0,0,0,0,0,0,0,0,0,0,0,0,219072
1,1,1,1,1069,353,853,2529,-804,-1020,43,39,47,0,0,0,0,0,0,0,0,0,0,0,0,0,0,0,0,0,0,0,0,0,0,219082
1,1,1,1,1161,556,933,2594,-938,-976,39,39,46,0,0,0,0,0,0,0,0,0,0,0,0,0,0,0,0,0,0,0,0,0,0,219092
1,1,1,1,1166,615,989,2432,-907,-904,38,38,44,0,0,0,0,0,0,0,0,0,0,0,0,0,0,0,0,0,0,0,0,0,0,219102
1,1,1,1,1185,659,1005,2123,-835,-773,39,38,41,0,0,0,0,0,0,0,0,0,0,0,0,0,0,0,0,0,0,0,0,0,0,219112
1,1,1,1,1185,747,1027,1947,-779,-632,37,38,41,0,0,0,0,0,0,0,0,0,0,0,0,0,0,0,0,0,0,0,0,0,0,219122
1,1,1,1,1127,796,984,1660,-741,-463,38,37,41,0,0,0,0,0,0,0,0,0,0,0,0,0,0,0,0,0,0,0,0,0,0,219132
1,1,1,1,1152,804,836,1408,-733,-385,37,38,42,0,0,0,0,0,0,0,0,0,0,0,0,0,0,0,0,0,0,0,0,0,0,219142
1,1,1,1,1161,782,754,1380,-738,-326,38,38,40,0,0,0,0,0,0,0,0,0,0,0,0,0,0,0,0,0,0,0,0,0,0,219152
1,1,1,1,1110,734,767,1494,-799,-295,35,40,42,0,0,0,0,0,0,0,0,0,0,0,0,0,0,0,0,0,0,0,0,0,0,219162
1,1,1,1,1071,612,759,1597,-841,-280,40,36,42,0,0,0,0,0,0,0,0,0,0,0,0,0,0,0,0,0,0,0,0,0,0,219172
1,1,1,1,1066,675,681,1836,-824,-255,39,36,38,0,0,0,0,0,0,0,0,0,0,0,0,0,0,0,0,0,0,0,0,0,0,219182
1,1,1,1,1108,729,722,1942,-734,-137,36,37,40,0,0,0,0,0,0,0,0,0,0,0,0,0,0,0,0,0,0,0,0,0,0,219192
1,1,1,1,1133,879,777,1908,-645,-22,35,37,41,0,0,0,0,0,0,0,0,0,0,0,0,0,0,0,0,0,0,0,0,0,0,219202
1,1,1,1,1129,1021,667,1900,-617,28,35,31,44,0,0,0,0,0,0,0,0,0,0,0,0,0,0,0,0,0,0,0,0,0,0,219212
1,1,1,1,1162,1149,555,1946,-536,95,30,31,45,0,0,0,0,0,0,0,0,0,0,0,0,0,0,0,0,0,0,0,0,0,0,219222
1,1,1,1,1119,1021,508,1928,-394,148,27,31,52,0,0,0,0,0,0,0,0,0,0,0,0,0,0,0,0,0,0,0,0,0,0,219232
1,1,1,1,1077,880,436,1971,-332,96,25,28,51,0,0,0,0,0,0,0,0,0,0,0,0,0,0,0,0,0,0,0,0,0,0,219242
1,1,1,1,1086,846,394,2046,-421,104,25,25,50,0,0,0,0,0,0,0,0,0,0,0,0,0,0,0,0,0,0,0,0,0,0,219252
1,1,1,1,1117,912,390,2214,-437,148,25,21,49,0,0,0,0,0,0,0,0,0,0,0,0,0,0,0,0,0,0,0,0,0,0,219262
1,1,1,1,1164,1007,349,2327,-442,169,19,20,50,0,0,0,0,0,0,0,0,0,0,0,0,0,0,0,0,0,0,0,0,0,0,219272
1,1,1,1,1167,1097,354,2321,-459,186,15,18,50,0,0,0,0,0,0,0,0,0,0,0,0,0,0,0,0,0,0,0,0,0,0,219282
1,1,1,1,1202,1154,433,2048,-434,158,15,17,49,0,0,0,0,0,0,0,0,0,0,0,0,0,0,0,0,0,0,0,0,0,0,219292
1,1,1,1,1152,1242,418,1731,-398,91,11,15,47,0,0,0,0,0,0,0,0,0,0,0,0,0,0,0,0,0,0,0,0,0,0,219302
1,1,1,1,1120,1248,406,1495,-377,14,12,14,50,0,0,0,0,0,0,0,0,0,0,0,0,0,0,0,0,0,0,0,0,0,0,219312
1,1,1,1,1073,1214,308,1450,-359,-37,16,13,49,0,0,0,0,0,0,0,0,0,0,0,0,0,0,0,0,0,0,0,0,0,0,219322
1,1,1,1,1075,1050,175,1778,-404,-54,13,7,40,0,0,0,0,0,0,0,0,0,0,0,0,0,0,0,0,0,0,0,0,0,0,219332
1,1,1,1,1130,1122,10,2082,-397,57,6,1,40,0,0,0,0,0,0,0,0,0,0,0,0,0,0,0,0,0,0,0,0,0,0,219352
1,1,1,1,1153,1081,0,2092,-408,36,1,0,37,0,0,0,0,0,0,0,0,0,0,0,0,0,0,0,0,0,0,0,0,0,0,219362
1,1,1,1,1202,1139,2,1922,-399,3,0,-1,36,0,0,0,0,0,0,0,0,0,0,0,0,0,0,0,0,0,0,0,0,0,0,219372
1,1,1,1,1238,1332,19,1661,-378,-71,-3,1,35,0,0,0,0,0,0,0,0,0,0,0,0,0,0,0,0,0,0,0,0,0,0,219382
1,1,1,1,1241,1450,52,1396,-311,-95,-1,1,38,0,0,0,0,0,0,0,0,0,0,0,0,0,0,0,0,0,0,0,0,0,0,219392
1,1,1,1,1192,1411,84,1147,-237,-125,6,4,41,0,0,0,0,0,0,0,0,0,0,0,0,0,0,0,0,0,0,0,0,0,0,219402
1,1,1,1,1152,1336,24,1149,-236,-165,2,4,44,0,0,0,0,0,0,0,0,0,0,0,0,0,0,0,0,0,0,0,0,0,0,219412
1,1,1,1,1187,1080,-19,966,-241,-140,5,5,45,0,0,0,0,0,0,0,0,0,0,0,0,0,0,0,0,0,0,0,0,0,0,219422
1,1,1,1,1094,1026,-35,979,-218,-117,3,5,48,0,0,0,0,0,0,0,0,0,0,0,0,0,0,0,0,0,0,0,0,0,0,219432
1,1,1,1,1127,1009,-95,1106,-237,-62,3,5,47,0,0,0,0,0,0,0,0,0,0,0,0,0,0,0,0,0,0,0,0,0,0,219442
1,1,1,1,1148,1083,-233,1151,-229,-16,1,8,49,0,0,0,0,0,0,0,0,0,0,0,0,0,0,0,0,0,0,0,0,0,0,219452
1,1,1,1,1239,1235,-309,1275,-228,-17,5,7,49,0,0,0,0,0,0,0,0,0,0,0,0,0,0,0,0,0,0,0,0,0,0,219462
1,1,1,1,1259,1351,-299,1497,-213,-11,7,7,46,0,0,0,0,0,0,0,0,0,0,0,0,0,0,0,0,0,0,0,0,0,0,219472
1,1,1,1,1289,1408,-296,1710,-172,61,3,12,49,0,0,0,0,0,0,0,0,0,0,0,0,0,0,0,0,0,0,0,0,0,0,219482
1,1,1,1,1296,1354,-204,1680,-114,145,4,12,50,0,0,0,0,0,0,0,0,0,0,0,0,0,0,0,0,0,0,0,0,0,0,219492
1,1,1,1,1208,1237,-116,1442,-61,108,4,11,49,0,0,0,0,0,0,0,0,0,0,0,0,0,0,0,0,0,0,0,0,0,0,219502
1,1,1,1,1180,1146,-148,1159,-72,74,4,14,51,0,0,0,0,0,0,0,0,0,0,0,0,0,0,0,0,0,0,0,0,0,0,219512
1,1,1,1,1145,1045,-293,1181,-95,88,2,14,53,0,0,0,0,0,0,0,0,0,0,0,0,0,0,0,0,0,0,0,0,0,0,219522
1,1,1,1,1209,938,-398,1207,-136,102,5,11,54,0,0,0,0,0,0,0,0,0,0,0,0,0,0,0,0,0,0,0,0,0,0,219532
1,1,1,1,1264,1032,-436,1246,-173,41,6,14,55,0,0,0,0,0,0,0,0,0,0,0,0,0,0,0,0,0,0,0,0,0,0,219542
1,1,1,1,1311,1355,-491,1332,-119,-17,8,11,46,0,0,0,0,0,0,0,0,0,0,0,0,0,0,0,0,0,0,0,0,0,0,219562
1,1,1,1,1387,1407,-466,1251,-63,17,7,14,47,0,0,0,0,0,0,0,0,0,0,0,0,0,0,0,0,0,0,0,0,0,0,219572
1,1,1,1,1347,1406,-503,1138,8,98,11,15,46,0,0,0,0,0,0,0,0,0,0,0,0,0,0,0,0,0,0,0,0,0,0,219582
1,1,1,1,1218,1345,-484,1411,33,142,11,15,48,0,0,0,0,0,0,0,0,0,0,0,0,0,0,0,0,0,0,0,0,0,0,219592
1,1,1,1,1093,1135,-572,1679,9,111,8,16,52,0,0,0,0,0,0,0,0,0,0,0,0,0,0,0,0,0,0,0,0,0,0,219602
1,1,1,1,1223,1012,-556,1592,-49,110,10,15,52,0,0,0,0,0,0,0,0,0,0,0,0,0,0,0,0,0,0,0,0,0,0,219612
1,1,1,1,1093,967,-702,1694,-31,64,14,16,49,0,0,0,0,0,0,0,0,0,0,0,0,0,0,0,0,0,0,0,0,0,0,219622
1,1,1,1,1211,966,-668,2161,-137,-82,16,17,50,0,0,0,0,0,0,0,0,0,0,0,0,0,0,0,0,0,0,0,0,0,0,219632
1,1,1,1,1190,907,-553,2398,-296,-301,16,18,41,0,0,0,0,0,0,0,0,0,0,0,0,0,0,0,0,0,0,0,0,0,0,219642
1,1,1,1,1227,1201,-598,2125,-286,-268,14,20,42,0,0,0,0,0,0,0,0,0,0,0,0,0,0,0,0,0,0,0,0,0,0,219652
1,1,1,1,1390,1398,-722,1551,-152,-67,17,20,44,0,0,0,0,0,0,0,0,0,0,0,0,0,0,0,0,0,0,0,0,0,0,219662
1,1,1,1,1118,1455,-898,1308,63,21,17,23,41,0,0,0,0,0,0,0,0,0,0,0,0,0,0,0,0,0,0,0,0,0,0,219672
1,1,1,1,1386,1270,-556,1108,-34,29,12,22,48,0,0,0,0,0,0,0,0,0,0,0,0,0,0,0,0,0,0,0,0,0,0,219682
1,1,1,1,1182,1017,-627,441,-60,-59,13,23,50,0,0,0,0,0,0,0,0,0,0,0,0,0,0,0,0,0,0,0,0,0,0,219692
1,1,1,1,1117,1134,-714,416,-118,-157,15,23,48,0,0,0,0,0,0,0,0,0,0,0,0,0,0,0,0,0,0,0,0,0,0,219702
1,1,1,1,1122,1110,-821,505,-149,-160,16,23,51,0,0,0,0,0,0,0,0,0,0,0,0,0,0,0,0,0,0,0,0,0,0,219712
1,1,1,1,1108,1095,-971,782,-111,-149,20,22,48,0,0,0,0,0,0,0,0,0,0,0,0,0,0,0,0,0,0,0,0,0,0,219722
1,1,1,1,1219,1205,-1043,1063,-67,-85,14,22,52,0,0,0,0,0,0,0,0,0,0,0,0,0,0,0,0,0,0,0,0,0,0,219732
1,1,1,1,1397,1182,-1002,1164,-58,-1,17,22,51,0,0,0,0,0,0,0,0,0,0,0,0,0,0,0,0,0,0,0,0,0,0,219742
1,1,1,1,1206,1307,-1077,1114,39,14,17,25,51,0,0,0,0,0,0,0,0,0,0,0,0,0,0,0,0,0,0,0,0,0,0,219752
1,1,1,1,1260,1408,-1061,1349,90,126,14,28,55,0,0,0,0,0,0,0,0,0,0,0,0,0,0,0,0,0,0,0,0,0,0,219762
1,1,1,1,1188,1151,-894,1128,52,99,12,33,64,0,0,0,0,0,0,0,0,0,0,0,0,0,0,0,0,0,0,0,0,0,0,219772
1,1,1,1,1031,1019,-777,765,-77,-20,13,31,65,0,0,0,0,0,0,0,0,0,0,0,0,0,0,0,0,0,0,0,0,0,0,219782
1,1,1,1,1061,990,-837,530,-218,-90,11,33,68,0,0,0,0,0,0,0,0,0,0,0,0,0,0,0,0,0,0,0,0,0,0,219792
1,1,1,1,1154,959,-891,308,-305,-194,9,31,67,0,0,0,0,0,0,0,0,0,0,0,0,0,0,0,0,0,0,0,0,0,0,219802
1,1,1,1,1162,1007,-937,199,-369,-293,9,31,65,0,0,0,0,0,0,0,0,0,0,0,0,0,0,0,0,0,0,0,0,0,0,219812
1,1,1,1,1161,1112,-943,210,-451,-302,12,29,60,0,0,0,0,0,0,0,0,0,0,0,0,0,0,0,0,0,0,0,0,0,0,219822
1,1,1,1,1200,1285,-990,178,-428,-242,12,29,61,0,0,0,0,0,0,0,0,0,0,0,0,0,0,0,0,0,0,0,0,0,0,219832
1,1,1,1,1248,1340,-1088,147,-345,-171,12,30,61,0,0,0,0,0,0,0,0,0,0,0,0,0,0,0,0,0,0,0,0,0,0,219842
1,1,1,1,1280,1391,-1141,59,-208,-133,17,30,60,0,0,0,0,0,0,0,0,0,0,0,0,0,0,0,0,0,0,0,0,0,0,219852
1,1,1,1,1240,1480,-1093,10,-106,-107,12,36,69,0,0,0,0,0,0,0,0,0,0,0,0,0,0,0,0,0,0,0,0,0,0,219862
1,1,1,1,1193,1397,-1050,-248,-23,-133,11,40,77,0,0,0,0,0,0,0,0,0,0,0,0,0,0,0,0,0,0,0,0,0,0,219872
1,1,1,1,1173,1281,-1032,-506,-36,-171,15,42,79,0,0,0,0,0,0,0,0,0,0,0,0,0,0,0,0,0,0,0,0,0,0,219882
1,1,1,1,1070,1196,-990,-434,-111,-92,16,49,80,0,0,0,0,0,0,0,0,0,0,0,0,0,0,0,0,0,0,0,0,0,0,219892
1,1,1,1,985,1026,-875,-101,-326,62,15,50,84,0,0,0,0,0,0,0,0,0,0,0,0,0,0,0,0,0,0,0,0,0,0,219902
1,1,1,1,1028,985,-882,24,-459,145,14,50,90,0,0,0,0,0,0,0,0,0,0,0,0,0,0,0,0,0,0,0,0,0,0,219912
1,1,1,1,1142,1121,-1218,52,-275,10,12,49,101,0,0,0,0,0,0,0,0,0,0,0,0,0,0,0,0,0,0,0,0,0,0,219922
1,1,1,1,1359,1193,-1462,250,-9,14,12,52,101,0,0,0,0,0,0,0,0,0,0,0,0,0,0,0,0,0,0,0,0,0,0,219932
1,1,1,1,1311,1129,-1253,139,-23,11,14,55,98,0,0,0,0,0,0,0,0,0,0,0,0,0,0,0,0,0,0,0,0,0,0,219942
1,1,1,1,1232,1245,-1053,-282,-21,-33,16,58,100,0,0,0,0,0,0,0,0,0,0,0,0,0,0,0,0,0,0,0,0,0,0,219952
1,1,1,1,1173,1343,-1133,-652,69,-47,20,66,110,0,0,0,0,0,0,0,0,0,0,0,0,0,0,0,0,0,0,0,0,0,0,219972
1,1,1,1,1173,1343,-1133,-743,96,-65,19,71,115,0,0,0,0,0,0,0,0,0,0,0,0,0,0,0,0,0,0,0,0,0,0,219982
1,1,1,1,1138,1233,-1054,-827,78,-39,22,79,125,0,0,0,0,0,0,0,0,0,0,0,0,0,0,0,0,0,0,0,0,0,0,219992
1,1,1,1,1069,1049,-917,-771,-43,-104,20,85,133,0,0,0,0,0,0,0,0,0,0,0,0,0,0,0,0,0,0,0,0,0,0,220002
1,1,1,1,1020,917,-791,-819,-161,-148,20,86,135,0,0,0,0,0,0,0,0,0,0,0,0,0,0,0,0,0,0,0,0,0,0,220012
1,1,1,1,1068,977,-881,-814,-192,-142,22,86,135,0,0,0,0,0,0,0,0,0,0,0,0,0,0,0,0,0,0,0,0,0,0,220022
1,1,1,1,1159,1114,-1008,-738,-166,-101,22,86,137,0,0,0,0,0,0,0,0,0,0,0,0,0,0,0,0,0,0,0,0,0,0,220032
1,1,1,1,1127,1142,-1011,-673,-121,-68,23,86,138,0,0,0,0,0,0,0,0,0,0,0,0,0,0,0,0,0,0,0,0,0,0,220042
1,1,1,1,1134,1222,-1011,-726,-58,-67,23,89,138,0,0,0,0,0,0,0,0,0,0,0,0,0,0,0,0,0,0,0,0,0,0,220052
1,1,1,1,1108,1321,-983,-759,22,-76,22,91,136,0,0,0,0,0,0,0,0,0,0,0,0,0,0,0,0,0,0,0,0,0,0,220062
1,1,1,1,1131,1304,-995,-820,105,-69,25,93,139,0,0,0,0,0,0,0,0,0,0,0,0,0,0,0,0,0,0,0,0,0,0,220072
1,1,1,1,1111,1253,-953,-768,184,-80,27,92,139,0,0,0,0,0,0,0,0,0,0,0,0,0,0,0,0,0,0,0,0,0,0,220082
1,1,1,1,1086,1149,-914,-669,228,-50,31,95,138,0,0,0,0,0,0,0,0,0,0,0,0,0,0,0,0,0,0,0,0,0,0,220092
1,1,1,1,1077,1059,-895,-389,239,-4,32,96,136,0,0,0,0,0,0,0,0,0,0,0,0,0,0,0,0,0,0,0,0,0,0,220102
1,1,1,1,1073,1041,-869,-124,236,77,36,92,130,0,0,0,0,0,0,0,0,0,0,0,0,0,0,0,0,0,0,0,0,0,0,220112
1,1,1,1,1107,1093,-933,254,313,181,37,92,123,0,0,0,0,0,0,0,0,0,0,0,0,0,0,0,0,0,0,0,0,0,0,220122
1,1,1,1,1160,1176,-1007,673,432,353,42,88,115,0,0,0,0,0,0,0,0,0,0,0,0,0,0,0,0,0,0,0,0,0,0,220132
1,1,1,1,1140,1150,-962,951,481,464,45,88,107,0,0,0,0,0,0,0,0,0,0,0,0,0,0,0,0,0,0,0,0,0,0,220142
1,1,1,1,1136,1287,-958,1106,559,580,42,86,103,0,0,0,0,0,0,0,0,0,0,0,0,0,0,0,0,0,0,0,0,0,0,220152
1,1,1,1,1161,1317,-894,811,485,459,29,97,127,0,0,0,0,0,0,0,0,0,0,0,0,0,0,0,0,0,0,0,0,0,0,220162
1,1,1,1,907,757,-84,-42,33,-39,39,92,117,0,0,0,0,0,0,0,0,0,0,0,0,0,0,0,0,0,0,0,0,0,0,220172
1,1,1,1,1087,1635,-575,12,-3,109,30,89,124,0,0,0,0,0,0,0,0,0,0,0,0,0,0,0,0,0,0,0,0,0,0,220182
1,1,1,1,1274,1176,-822,-111,28,61,33,90,124,0,0,0,0,0,0,0,0,0,0,0,0,0,0,0,0,0,0,0,0,0,0,220192
1,1,1,1,1237,1054,-899,-55,55,53,35,90,124,0,0,0,0,0,0,0,0,0,0,0,0,0,0,0,0,0,0,0,0,0,0,220202
1,1,1,1,1241,922,-951,346,53,174,34,88,126,0,0,0,0,0,0,0,0,0,0,0,0,0,0,0,0,0,0,0,0,0,0,220212
1,1,1,1,1226,940,-953,739,85,274,37,88,125,0,0,0,0,0,0,0,0,0,0,0,0,0,0,0,0,0,0,0,0,0,0,220222
1,1,1,1,1200,1049,-950,1268,63,381,37,87,123,0,0,0,0,0,0,0,0,0,0,0,0,0,0,0,0,0,0,0,0,0,0,220232
1,1,1,1,1124,1091,-924,1702,59,428,33,87,125,0,0,0,0,0,0,0,0,0,0,0,0,0,0,0,0,0,0,0,0,0,0,220242
1,1,1,1,1218,1090,-905,1494,36,377,28,87,130,0,0,0,0,0,0,0,0,0,0,0,0,0,0,0,0,0,0,0,0,0,0,220252
1,1,1,1,1203,1130,-842,940,-23,208,24,86,136,0,0,0,0,0,0,0,0,0,0,0,0,0,0,0,0,0,0,0,0,0,0,220262
1,1,1,1,1282,1259,-945,457,-28,125,21,86,139,0,0,0,0,0,0,0,0,0,0,0,0,0,0,0,0,0,0,0,0,0,0,220272
1,1,1,1,1259,1225,-1054,234,-13,81,20,86,140,0,0,0,0,0,0,0,0,0,0,0,0,0,0,0,0,0,0,0,0,0,0,220282
1,1,1,1,1226,1128,-1057,195,-26,68,23,86,141,0,0,0,0,0,0,0,0,0,0,0,0,0,0,0,0,0,0,0,0,0,0,220292
1,1,1,1,1197,1028,-1048,287,-45,79,22,84,139,0,0,0,0,0,0,0,0,0,0,0,0,0,0,0,0,0,0,0,0,0,0,220302
1,1,1,1,1201,952,-1028,336,-51,77,22,85,139,0,0,0,0,0,0,0,0,0,0,0,0,0,0,0,0,0,0,0,0,0,0,220312
1,1,1,1,1183,1016,-1061,438,-61,99,22,84,139,0,0,0,0,0,0,0,0,0,0,0,0,0,0,0,0,0,0,0,0,0,0,220322
1,1,1,1,1162,1074,-1056,553,-80,123,19,84,140,0,0,0,0,0,0,0,0,0,0,0,0,0,0,0,0,0,0,0,0,0,0,220332
1,1,1,1,1161,1120,-1020,651,-109,134,18,83,141,0,0,0,0,0,0,0,0,0,0,0,0,0,0,0,0,0,0,0,0,0,0,220342
1,1,1,1,1168,1198,-982,545,-132,105,16,82,143,0,0,0,0,0,0,0,0,0,0,0,0,0,0,0,0,0,0,0,0,0,0,220352
1,1,1,1,1201,1157,-1014,384,-139,63,15,81,145,0,0,0,0,0,0,0,0,0,0,0,0,0,0,0,0,0,0,0,0,0,0,220362
1,1,1,1,1205,1077,-1094,377,-131,57,14,82,146,0,0,0,0,0,0,0,0,0,0,0,0,0,0,0,0,0,0,0,0,0,0,220372
1,1,1,1,1218,1002,-1087,416,-124,65,14,81,144,0,0,0,0,0,0,0,0,0,0,0,0,0,0,0,0,0,0,0,0,0,0,220382
1,1,1,1,1199,942,-1086,465,-120,61,12,82,147,0,0,0,0,0,0,0,0,0,0,0,0,0,0,0,0,0,0,0,0,0,0,220392
1,1,1,1,1197,968,-1099,456,-137,40,9,81,148,0,0,0,0,0,0,0,0,0,0,0,0,0,0,0,0,0,0,0,0,0,0,220402
1,1,1,1,1180,1069,-1026,354,-141,-12,10,80,147,0,0,0,0,0,0,0,0,0,0,0,0,0,0,0,0,0,0,0,0,0,0,220412
1,1,1,1,1163,1164,-1049,372,-146,19,8,76,150,0,0,0,0,0,0,0,0,0,0,0,0,0,0,0,0,0,0,0,0,0,0,220422
1,1,1,1,1179,1150,-1025,264,-116,3,6,78,152,0,0,0,0,0,0,0,0,0,0,0,0,0,0,0,0,0,0,0,0,0,0,220432
1,1,1,1,1201,1133,-1057,95,-94,-27,7,75,150,0,0,0,0,0,0,0,0,0,0,0,0,0,0,0,0,0,0,0,0,0,0,220442
1,1,1,1,1195,1069,-1115,76,-87,-29,6,76,151,0,0,0,0,0,0,0,0,0,0,0,0,0,0,0,0,0,0,0,0,0,0,220452
1,1,1,1,1185,998,-1167,140,-80,-26,8,73,152,0,0,0,0,0,0,0,0,0,0,0,0,0,0,0,0,0,0,0,0,0,0,220462
1,1,1,1,1202,996,-1190,184,-82,-35,8,71,149,0,0,0,0,0,0,0,0,0,0,0,0,0,0,0,0,0,0,0,0,0,0,220472
1,1,1,1,1200,1021,-1181,183,-87,-47,7,71,147,0,0,0,0,0,0,0,0,0,0,0,0,0,0,0,0,0,0,0,0,0,0,220482
1,1,1,1,1207,1089,-1163,149,-88,-60,6,71,145,0,0,0,0,0,0,0,0,0,0,0,0,0,0,0,0,0,0,0,0,0,0,220492
1,1,1,1,1204,1109,-1140,120,-83,-57,5,71,144,0,0,0,0,0,0,0,0,0,0,0,0,0,0,0,0,0,0,0,0,0,0,220502
1,1,1,1,1219,1065,-1134,92,-71,-53,5,70,145,0,0,0,0,0,0,0,0,0,0,0,0,0,0,0,0,0,0,0,0,0,0,220512
1,1,1,1,1224,1054,-1155,90,-35,-42,7,70,144,0,0,0,0,0,0,0,0,0,0,0,0,0,0,0,0,0,0,0,0,0,0,220522
1,1,1,1,1223,1066,-1166,108,-16,-34,7,71,142,0,0,0,0,0,0,0,0,0,0,0,0,0,0,0,0,0,0,0,0,0,0,220532
1,1,1,1,1210,1058,-1161,130,18,-7,6,70,145,0,0,0,0,0,0,0,0,0,0,0,0,0,0,0,0,0,0,0,0,0,0,220542
1,1,1,1,1186,1056,-1178,143,39,22,6,70,144,0,0,0,0,0,0,0,0,0,0,0,0,0,0,0,0,0,0,0,0,0,0,220552
1,1,1,1,1188,1057,-1199,108,57,22,7,70,143,0,0,0,0,0,0,0,0,0,0,0,0,0,0,0,0,0,0,0,0,0,0,220562
1,1,1,1,1182,1068,-1210,64,60,18,6,70,143,0,0,0,0,0,0,0,0,0,0,0,0,0,0,0,0,0,0,0,0,0,0,220572
1,1,1,1,1191,1075,-1213,69,43,19,4,70,144,0,0,0,0,0,0,0,0,0,0,0,0,0,0,0,0,0,0,0,0,0,0,220582
1,1,1,1,1198,1073,-1201,80,24,27,3,70,144,0,0,0,0,0,0,0,0,0,0,0,0,0,0,0,0,0,0,0,0,0,0,220592
1,1,1,1,1220,1048,-1210,58,4,16,3,69,144,0,0,0,0,0,0,0,0,0,0,0,0,0,0,0,0,0,0,0,0,0,0,220602
1,1,1,1,1235,1030,-1217,41,-19,13,3,71,146,0,0,0,0,0,0,0,0,0,0,0,0,0,0,0,0,0,0,0,0,0,0,220612
1,1,1,1,1233,1004,-1221,51,-17,20,6,69,143,0,0,0,0,0,0,0,0,0,0,0,0,0,0,0,0,0,0,0,0,0,0,220622
1,1,1,1,1232,977,-1219,63,-19,26,6,69,145,0,0,0,0,0,0,0,0,0,0,0,0,0,0,0,0,0,0,0,0,0,0,220632
1,1,1,1,1235,976,-1214,57,-21,26,6,69,141,0,0,0,0,0,0,0,0,0,0,0,0,0,0,0,0,0,0,0,0,0,0,220642
1,1,1,1,1220,1004,-1195,15,-22,8,6,69,139,0,0,0,0,0,0,0,0,0,0,0,0,0,0,0,0,0,0,0,0,0,0,220652
1,1,1,1,1207,1054,-1190,9,-31,14,3,69,140,0,0,0,0,0,0,0,0,0,0,0,0,0,0,0,0,0,0,0,0,0,0,220662
1,1,1,1,1200,1061,-1174,7,-24,21,3,69,140,0,0,0,0,0,0,0,0,0,0,0,0,0,0,0,0,0,0,0,0,0,0,220672
1,1,1,1,1210,1087,-1176,-56,-21,6,3,70,140,0,0,0,0,0,0,0,0,0,0,0,0,0,0,0,0,0,0,0,0,0,0,220682
1,1,1,1,1200,1054,-1137,-103,-24,-13,2,73,140,0,0,0,0,0,0,0,0,0,0,0,0,0,0,0,0,0,0,0,0,0,0,220692
1,1,1,1,1201,1016,-1139,-86,-32,-14,3,71,145,0,0,0,0,0,0,0,0,0,0,0,0,0,0,0,0,0,0,0,0,0,0,220702
1,1,1,1,1221,965,-1168,-31,-29,-3,6,71,146,0,0,0,0,0,0,0,0,0,0,0,0,0,0,0,0,0,0,0,0,0,0,220712
1,1,1,1,1221,952,-1153,59,-25,22,3,74,147,0,0,0,0,0,0,0,0,0,0,0,0,0,0,0,0,0,0,0,0,0,0,220722
1,1,1,1,1230,964,-1149,153,-24,46,3,73,148,0,0,0,0,0,0,0,0,0,0,0,0,0,0,0,0,0,0,0,0,0,0,220732
1,1,1,1,1224,994,-1147,204,-22,59,3,73,150,0,0,0,0,0,0,0,0,0,0,0,0,0,0,0,0,0,0,0,0,0,0,220742
1,1,1,1,1216,1042,-1151,199,-25,61,4,71,151,0,0,0,0,0,0,0,0,0,0,0,0,0,0,0,0,0,0,0,0,0,0,220752
1,1,1,1,1207,1051,-1152,167,-19,55,3,70,153,0,0,0,0,0,0,0,0,0,0,0,0,0,0,0,0,0,0,0,0,0,0,220762
1,1,1,1,1212,1063,-1161,80,-20,29,2,72,155,0,0,0,0,0,0,0,0,0,0,0,0,0,0,0,0,0,0,0,0,0,0,220772
1,1,1,1,1197,1091,-1140,-126,-19,-29,3,72,155,0,0,0,0,0,0,0,0,0,0,0,0,0,0,0,0,0,0,0,0,0,0,220792
1,1,1,1,1187,1057,-1134,-133,-14,-30,2,74,157,0,0,0,0,0,0,0,0,0,0,0,0,0,0,0,0,0,0,0,0,0,0,220802
1,1,1,1,1198,1013,-1148,-76,5,-14,3,73,157,0,0,0,0,0,0,0,0,0,0,0,0,0,0,0,0,0,0,0,0,0,0,220812
1,1,1,1,1201,992,-1164,31,18,17,6,73,159,0,0,0,0,0,0,0,0,0,0,0,0,0,0,0,0,0,0,0,0,0,0,220822
1,1,1,1,1204,1016,-1175,119,39,51,5,74,162,0,0,0,0,0,0,0,0,0,0,0,0,0,0,0,0,0,0,0,0,0,0,220832
1,1,1,1,1207,1083,-1163,128,45,60,5,76,161,0,0,0,0,0,0,0,0,0,0,0,0,0,0,0,0,0,0,0,0,0,0,220842
1,1,1,1,1205,1112,-1171,33,37,43,3,77,166,0,0,0,0,0,0,0,0,0,0,0,0,0,0,0,0,0,0,0,0,0,0,220852
1,1,1,1,1221,1098,-1192,-81,35,10,3,77,165,0,0,0,0,0,0,0,0,0,0,0,0,0,0,0,0,0,0,0,0,0,0,220862
1,1,1,1,1220,1057,-1196,-146,27,-5,4,79,164,0,0,0,0,0,0,0,0,0,0,0,0,0,0,0,0,0,0,0,0,0,0,220872
1,1,1,1,1216,1022,-1192,-131,22,-1,0,81,168,0,0,0,0,0,0,0,0,0,0,0,0,0,0,0,0,0,0,0,0,0,0,220882
1,1,1,1,1207,1009,-1182,-70,9,22,0,83,170,0,0,0,0,0,0,0,0,0,0,0,0,0,0,0,0,0,0,0,0,0,0,220892
1,1,1,1,1216,1026,-1156,-63,-3,33,0,85,171,0,0,0,0,0,0,0,0,0,0,0,0,0,0,0,0,0,0,0,0,0,0,220902
1,1,1,1,1222,1058,-1134,-127,-20,24,1,85,172,0,0,0,0,0,0,0,0,0,0,0,0,0,0,0,0,0,0,0,0,0,0,220912
1,1,1,1,1214,1071,-1133,-194,-31,11,3,86,175,0,0,0,0,0,0,0,0,0,0,0,0,0,0,0,0,0,0,0,0,0,0,220922
1,1,1,1,1222,1017,-1153,-205,-42,-8,1,86,172,0,0,0,0,0,0,0,0,0,0,0,0,0,0,0,0,0,0,0,0,0,0,220932
1,1,1,1,1226,974,-1173,-182,-48,-8,2,86,176,0,0,0,0,0,0,0,0,0,0,0,0,0,0,0,0,0,0,0,0,0,0,220942
1,1,1,1,1233,965,-1200,-133,-43,0,3,86,176,0,0,0,0,0,0,0,0,0,0,0,0,0,0,0,0,0,0,0,0,0,0,220952
1,1,1,1,1216,1003,-1176,-108,-35,4,1,85,173,0,0,0,0,0,0,0,0,0,0,0,0,0,0,0,0,0,0,0,0,0,0,220962
1,1,1,1,1186,1046,-1126,-88,-36,15,3,84,173,0,0,0,0,0,0,0,0,0,0,0,0,0,0,0,0,0,0,0,0,0,0,220972
1,1,1,1,1177,1053,-1102,-65,-44,15,2,87,172,0,0,0,0,0,0,0,0,0,0,0,0,0,0,0,0,0,0,0,0,0,0,220982
1,1,1,1,1177,1055,-1099,-60,-46,10,2,88,170,0,0,0,0,0,0,0,0,0,0,0,0,0,0,0,0,0,0,0,0,0,0,220992
1,1,1,1,1193,1051,-1122,-41,-28,16,1,85,174,0,0,0,0,0,0,0,0,0,0,0,0,0,0,0,0,0,0,0,0,0,0,221002
1,1,1,1,1206,1046,-1128,-37,-26,18,0,87,172,0,0,0,0,0,0,0,0,0,0,0,0,0,0,0,0,0,0,0,0,0,0,221012
1,1,1,1,1214,1068,-1117,-84,-23,5,1,87,173,0,0,0,0,0,0,0,0,0,0,0,0,0,0,0,0,0,0,0,0,0,0,221022
1,1,1,1,1223,1067,-1117,-164,-26,-16,1,88,176,0,0,0,0,0,0,0,0,0,0,0,0,0,0,0,0,0,0,0,0,0,0,221032
1,1,1,1,1226,1031,-1161,-187,-22,-20,0,90,178,0,0,0,0,0,0,0,0,0,0,0,0,0,0,0,0,0,0,0,0,0,0,221042
1,1,1,1,1227,999,-1171,-119,-27,-5,3,86,176,0,0,0,0,0,0,0,0,0,0,0,0,0,0,0,0,0,0,0,0,0,0,221052
1,1,1,1,1216,957,-1145,-29,-35,13,6,87,175,0,0,0,0,0,0,0,0,0,0,0,0,0,0,0,0,0,0,0,0,0,0,221062
1,1,1,1,1222,969,-1122,28,-32,21,6,86,176,0,0,0,0,0,0,0,0,0,0,0,0,0,0,0,0,0,0,0,0,0,0,221072
1,1,1,1,1237,1029,-1126,8,-30,19,6,87,175,0,0,0,0,0,0,0,0,0,0,0,0,0,0,0,0,0,0,0,0,0,0,221082
1,1,1,1,1225,1056,-1118,-22,-28,15,3,88,174,0,0,0,0,0,0,0,0,0,0,0,0,0,0,0,0,0,0,0,0,0,0,221092
1,1,1,1,1215,1066,-1110,-70,-25,0,3,88,175,0,0,0,0,0,0,0,0,0,0,0,0,0,0,0,0,0,0,0,0,0,0,221102
1,1,1,1,1215,1077,-1121,-95,-23,-8,3,86,175,0,0,0,0,0,0,0,0,0,0,0,0,0,0,0,0,0,0,0,0,0,0,221112
1,1,1,1,1210,1032,-1128,-88,-13,-5,4,87,174,0,0,0,0,0,0,0,0,0,0,0,0,0,0,0,0,0,0,0,0,0,0,221122
1,1,1,1,1213,1014,-1137,-58,-12,-3,4,87,175,0,0,0,0,0,0,0,0,0,0,0,0,0,0,0,0,0,0,0,0,0,0,221132
1,1,1,1,1217,1018,-1136,-27,-6,-6,5,87,172,0,0,0,0,0,0,0,0,0,0,0,0,0,0,0,0,0,0,0,0,0,0,221142
1,1,1,1,1222,1023,-1153,-13,-6,-4,5,87,173,0,0,0,0,0,0,0,0,0,0,0,0,0,0,0,0,0,0,0,0,0,0,221152
1,1,1,1,1218,1038,-1150,16,-8,3,4,88,173,0,0,0,0,0,0,0,0,0,0,0,0,0,0,0,0,0,0,0,0,0,0,221162
1,1,1,1,1218,1038,-1150,20,-11,2,3,87,173,0,0,0,0,0,0,0,0,0,0,0,0,0,0,0,0,0,0,0,0,0,0,221172
1,1,1,1,1218,1033,-1157,51,-5,17,3,87,172,0,0,0,0,0,0,0,0,0,0,0,0,0,0,0,0,0,0,0,0,0,0,221182
1,1,1,1,1218,1033,-1157,53,-26,16,2,87,175,0,0,0,0,0,0,0,0,0,0,0,0,0,0,0,0,0,0,0,0,0,0,221192
1,1,1,1,1229,1026,-1159,45,-33,18,2,86,175,0,0,0,0,0,0,0,0,0,0,0,0,0,0,0,0,0,0,0,0,0,0,221202
1,1,1,1,1229,1026,-1168,50,-25,25,2,87,175,0,0,0,0,0,0,0,0,0,0,0,0,0,0,0,0,0,0,0,0,0,0,221212
1,1,1,1,1220,1038,-1162,34,-28,22,3,87,171,0,0,0,0,0,0,0,0,0,0,0,0,0,0,0,0,0,0,0,0,0,0,221222
1,1,1,1,1213,1066,-1157,8,-20,21,5,86,171,0,0,0,0,0,0,0,0,0,0,0,0,0,0,0,0,0,0,0,0,0,0,221232
1,1,1,1,1203,1102,-1136,-22,-22,19,6,86,172,0,0,0,0,0,0,0,0,0,0,0,0,0,0,0,0,0,0,0,0,0,0,221242
1,1,1,1,1200,1115,-1109,-94,-31,4,4,86,171,0,0,0,0,0,0,0,0,0,0,0,0,0,0,0,0,0,0,0,0,0,0,221252
1,1,1,1,1204,1075,-1118,-132,-29,-2,4,86,175,0,0,0,0,0,0,0,0,0,0,0,0,0,0,0,0,0,0,0,0,0,0,221262
1,1,1,1,1208,1012,-1137,-64,-30,11,2,87,175,0,0,0,0,0,0,0,0,0,0,0,0,0,0,0,0,0,0,0,0,0,0,221272
1,1,1,1,1226,961,-1146,39,-12,35,3,84,173,0,0,0,0,0,0,0,0,0,0,0,0,0,0,0,0,0,0,0,0,0,0,221282
1,1,1,1,1222,965,-1147,100,-9,45,2,87,175,0,0,0,0,0,0,0,0,0,0,0,0,0,0,0,0,0,0,0,0,0,0,221292
1,1,1,1,1214,1012,-1135,97,-9,42,0,89,175,0,0,0,0,0,0,0,0,0,0,0,0,0,0,0,0,0,0,0,0,0,0,221302
1,1,1,1,1198,1063,-1136,77,-9,32,4,83,177,0,0,0,0,0,0,0,0,0,0,0,0,0,0,0,0,0,0,0,0,0,0,221312
1,1,1,1,1188,1099,-1132,36,-2,22,1,85,176,0,0,0,0,0,0,0,0,0,0,0,0,0,0,0,0,0,0,0,0,0,0,221322
1,1,1,1,1190,1093,-1131,27,0,17,1,85,179,0,0,0,0,0,0,0,0,0,0,0,0,0,0,0,0,0,0,0,0,0,0,221332
1,1,1,1,1204,1054,-1133,31,1,11,1,86,175,0,0,0,0,0,0,0,0,0,0,0,0,0,0,0,0,0,0,0,0,0,0,221342
1,1,1,1,1213,1028,-1134,44,6,11,3,87,178,0,0,0,0,0,0,0,0,0,0,0,0,0,0,0,0,0,0,0,0,0,0,221352
1,1,1,1,1210,1006,-1142,69,3,11,3,86,178,0,0,0,0,0,0,0,0,0,0,0,0,0,0,0,0,0,0,0,0,0,0,221362
1,1,1,1,1204,1014,-1164,83,7,9,2,87,176,0,0,0,0,0,0,0,0,0,0,0,0,0,0,0,0,0,0,0,0,0,0,221372
1,1,1,1,1205,1055,-1163,62,7,11,0,86,177,0,0,0,0,0,0,0,0,0,0,0,0,0,0,0,0,0,0,0,0,0,0,221382
1,1,1,1,1191,1077,-1143,20,5,-2,0,87,180,0,0,0,0,0,0,0,0,0,0,0,0,0,0,0,0,0,0,0,0,0,0,221392
1,1,1,1,1195,1074,-1162,-12,7,-16,1,85,177,0,0,0,0,0,0,0,0,0,0,0,0,0,0,0,0,0,0,0,0,0,0,221402
1,1,1,1,1194,1044,-1169,7,8,-10,0,86,180,0,0,0,0,0,0,0,0,0,0,0,0,0,0,0,0,0,0,0,0,0,0,221412
1,1,1,1,1195,1027,-1156,32,6,-6,0,85,176,0,0,0,0,0,0,0,0,0,0,0,0,0,0,0,0,0,0,0,0,0,0,221422
1,1,1,1,1202,1028,-1139,29,0,-8,2,86,176,0,0,0,0,0,0,0,0,0,0,0,0,0,0,0,0,0,0,0,0,0,0,221432
1,1,1,1,1212,1006,-1148,21,-16,-21,2,86,176,0,0,0,0,0,0,0,0,0,0,0,0,0,0,0,0,0,0,0,0,0,0,221442
1,1,1,1,1204,1003,-1141,-6,-17,-33,1,85,176,0,0,0,0,0,0,0,0,0,0,0,0,0,0,0,0,0,0,0,0,0,0,221452
1,1,1,1,1208,1045,-1166,7,-18,-16,3,86,175,0,0,0,0,0,0,0,0,0,0,0,0,0,0,0,0,0,0,0,0,0,0,221462
1,1,1,1,1191,1037,-1157,25,-9,-6,2,85,175,0,0,0,0,0,0,0,0,0,0,0,0,0,0,0,0,0,0,0,0,0,0,221472
1,1,1,1,1193,1052,-1153,47,-13,6,1,85,178,0,0,0,0,0,0,0,0,0,0,0,0,0,0,0,0,0,0,0,0,0,0,221482
1,1,1,1,1198,1066,-1152,42,-3,11,-1,85,177,0,0,0,0,0,0,0,0,0,0,0,0,0,0,0,0,0,0,0,0,0,0,221492
1,1,1,1,1202,1082,-1146,29,2,16,-1,85,179,0,0,0,0,0,0,0,0,0,0,0,0,0,0,0,0,0,0,0,0,0,0,221502
1,1,1,1,1208,1084,-1156,-20,6,4,-2,86,178,0,0,0,0,0,0,0,0,0,0,0,0,0,0,0,0,0,0,0,0,0,0,221512
1,1,1,1,1212,1080,-1149,-57,9,-6,0,86,177,0,0,0,0,0,0,0,0,0,0,0,0,0,0,0,0,0,0,0,0,0,0,221522
1,1,1,1,1220,1046,-1159,-57,13,-7,1,86,175,0,0,0,0,0,0,0,0,0,0,0,0,0,0,0,0,0,0,0,0,0,0,221532
1,1,1,1,1229,992,-1167,21,3,14,1,86,177,0,0,0,0,0,0,0,0,0,0,0,0,0,0,0,0,0,0,0,0,0,0,221552
1,1,1,1,1225,1006,-1167,71,-1,30,1,85,178,0,0,0,0,0,0,0,0,0,0,0,0,0,0,0,0,0,0,0,0,0,0,221562
1,1,1,1,1227,1031,-1150,58,-4,33,0,86,177,0,0,0,0,0,0,0,0,0,0,0,0,0,0,0,0,0,0,0,0,0,0,221572
1,1,1,1,1213,1057,-1151,23,-8,31,1,87,178,0,0,0,0,0,0,0,0,0,0,0,0,0,0,0,0,0,0,0,0,0,0,221582
1,1,1,1,1214,1041,-1161,12,-17,28,-1,87,179,0,0,0,0,0,0,0,0,0,0,0,0,0,0,0,0,0,0,0,0,0,0,221592
1,1,1,1,1212,1011,-1171,18,-16,25,0,87,178,0,0,0,0,0,0,0,0,0,0,0,0,0,0,0,0,0,0,0,0,0,0,221602
1,1,1,1,1214,1038,-1158,24,-31,28,-3,91,178,0,0,0,0,0,0,0,0,0,0,0,0,0,0,0,0,0,0,0,0,0,0,221612
1,1,1,1,1210,1044,-1146,-3,-19,20,1,85,177,0,0,0,0,0,0,0,0,0,0,0,0,0,0,0,0,0,0,0,0,0,0,221622
1,1,1,1,1207,1035,-1144,-23,-24,10,-2,87,178,0,0,0,0,0,0,0,0,0,0,0,0,0,0,0,0,0,0,0,0,0,0,221632
1,1,1,1,1213,1029,-1166,-26,-12,4,-1,86,178,0,0,0,0,0,0,0,0,0,0,0,0,0,0,0,0,0,0,0,0,0,0,221642
1,1,1,1,1206,1038,-1170,-13,-11,6,1,86,179,0,0,0,0,0,0,0,0,0,0,0,0,0,0,0,0,0,0,0,0,0,0,221652
1,1,1,1,1202,1039,-1153,-6,-7,6,4,85,180,0,0,0,0,0,0,0,0,0,0,0,0,0,0,0,0,0,0,0,0,0,0,221662
1,1,1,1,1209,1040,-1146,-8,4,5,6,86,180,0,0,0,0,0,0,0,0,0,0,0,0,0,0,0,0,0,0,0,0,0,0,221672
1,1,1,1,1216,1046,-1152,-5,-3,5,7,85,177,0,0,0,0,0,0,0,0,0,0,0,0,0,0,0,0,0,0,0,0,0,0,221682
1,1,1,1,1218,1053,-1137,-5,0,6,3,86,177,0,0,0,0,0,0,0,0,0,0,0,0,0,0,0,0,0,0,0,0,0,0,221692
1,1,1,1,1223,1045,-1124,-35,0,-2,2,86,177,0,0,0,0,0,0,0,0,0,0,0,0,0,0,0,0,0,0,0,0,0,0,221702
1,1,1,1,1218,1063,-1134,-6,-3,10,3,86,178,0,0,0,0,0,0,0,0,0,0,0,0,0,0,0,0,0,0,0,0,0,0,221712
1,1,1,1,1227,1014,-1125,3,1,20,2,87,180,0,0,0,0,0,0,0,0,0,0,0,0,0,0,0,0,0,0,0,0,0,0,221722
1,1,1,1,1236,1015,-1145,-4,-3,15,1,89,181,0,0,0,0,0,0,0,0,0,0,0,0,0,0,0,0,0,0,0,0,0,0,221732
1,1,1,1,1235,999,-1156,-1,8,18,2,89,179,0,0,0,0,0,0,0,0,0,0,0,0,0,0,0,0,0,0,0,0,0,0,221742
1,1,1,1,1231,998,-1167,1,7,14,4,89,181,0,0,0,0,0,0,0,0,0,0,0,0,0,0,0,0,0,0,0,0,0,0,221752
1,1,1,1,1226,1011,-1162,26,13,14,3,89,178,0,0,0,0,0,0,0,0,0,0,0,0,0,0,0,0,0,0,0,0,0,0,221762
1,1,1,1,1218,1040,-1153,53,11,19,5,88,179,0,0,0,0,0,0,0,0,0,0,0,0,0,0,0,0,0,0,0,0,0,0,221772
1,1,1,1,1222,1031,-1146,60,8,24,3,88,176,0,0,0,0,0,0,0,0,0,0,0,0,0,0,0,0,0,0,0,0,0,0,221782
1,1,1,1,1221,1040,-1142,44,1,22,3,88,183,0,0,0,0,0,0,0,0,0,0,0,0,0,0,0,0,0,0,0,0,0,0,221792
1,1,1,1,1214,1043,-1154,25,3,19,3,88,181,0,0,0,0,0,0,0,0,0,0,0,0,0,0,0,0,0,0,0,0,0,0,221802
1,1,1,1,1214,1051,-1173,11,-2,18,4,88,181,0,0,0,0,0,0,0,0,0,0,0,0,0,0,0,0,0,0,0,0,0,0,221812
1,1,1,1,1210,1046,-1171,6,-2,19,3,89,178,0,0,0,0,0,0,0,0,0,0,0,0,0,0,0,0,0,0,0,0,0,0,221822
1,1,1,1,1208,1034,-1151,-6,-5,15,3,88,176,0,0,0,0,0,0,0,0,0,0,0,0,0,0,0,0,0,0,0,0,0,0,221832
1,1,1,1,1210,1033,-1153,-17,-14,9,2,88,179,0,0,0,0,0,0,0,0,0,0,0,0,0,0,0,0,0,0,0,0,0,0,221842
1,1,1,1,1210,1026,-1155,7,-19,12,4,88,177,0,0,0,0,0,0,0,0,0,0,0,0,0,0,0,0,0,0,0,0,0,0,221852
1,1,1,1,1218,1017,-1155,39,-17,18,4,88,178,0,0,0,0,0,0,0,0,0,0,0,0,0,0,0,0,0,0,0,0,0,0,221862
1,1,1,1,1213,1038,-1152,41,-21,14,4,89,181,0,0,0,0,0,0,0,0,0,0,0,0,0,0,0,0,0,0,0,0,0,0,221872
1,1,1,1,1207,1040,-1150,11,-19,10,3,89,177,0,0,0,0,0,0,0,0,0,0,0,0,0,0,0,0,0,0,0,0,0,0,221882
1,1,1,1,1204,1039,-1154,-5,-20,8,4,88,178,0,0,0,0,0,0,0,0,0,0,0,0,0,0,0,0,0,0,0,0,0,0,221892
1,1,1,1,1206,1032,-1151,14,-19,16,3,88,177,0,0,0,0,0,0,0,0,0,0,0,0,0,0,0,0,0,0,0,0,0,0,221902
1,1,1,1,1205,1014,-1136,31,-15,21,3,90,175,0,0,0,0,0,0,0,0,0,0,0,0,0,0,0,0,0,0,0,0,0,0,221912
1,1,1,1,1210,1023,-1139,50,-9,23,2,89,177,0,0,0,0,0,0,0,0,0,0,0,0,0,0,0,0,0,0,0,0,0,0,221922
1,1,1,1,1211,1035,-1132,31,-4,16,3,91,174,0,0,0,0,0,0,0,0,0,0,0,0,0,0,0,0,0,0,0,0,0,0,221932
1,1,1,1,1212,1051,-1136,30,5,20,4,88,178,0,0,0,0,0,0,0,0,0,0,0,0,0,0,0,0,0,0,0,0,0,0,221942
1,1,1,1,1214,1030,-1137,23,2,15,4,88,177,0,0,0,0,0,0,0,0,0,0,0,0,0,0,0,0,0,0,0,0,0,0,221952
1,1,1,1,1218,1018,-1153,37,7,15,3,88,180,0,0,0,0,0,0,0,0,0,0,0,0,0,0,0,0,0,0,0,0,0,0,221962
1,1,1,1,1226,1028,-1173,41,15,12,6,88,177,0,0,0,0,0,0,0,0,0,0,0,0,0,0,0,0,0,0,0,0,0,0,221972
1,1,1,1,1218,1043,-1170,23,14,10,3,91,179,0,0,0,0,0,0,0,0,0,0,0,0,0,0,0,0,0,0,0,0,0,0,221982
1,1,1,1,1217,1034,-1171,27,2,12,7,89,176,0,0,0,0,0,0,0,0,0,0,0,0,0,0,0,0,0,0,0,0,0,0,221992
1,1,1,1,1215,1019,-1167,41,1,12,6,89,181,0,0,0,0,0,0,0,0,0,0,0,0,0,0,0,0,0,0,0,0,0,0,222002
1,1,1,1,1222,1004,-1148,45,-3,8,5,90,176,0,0,0,0,0,0,0,0,0,0,0,0,0,0,0,0,0,0,0,0,0,0,222012
1,1,1,1,1215,992,-1132,11,-12,-19,4,89,177,0,0,0,0,0,0,0,0,0,0,0,0,0,0,0,0,0,0,0,0,0,0,222022
1,1,1,1,1225,1023,-1164,43,0,-3,7,88,179,0,0,0,0,0,0,0,0,0,0,0,0,0,0,0,0,0,0,0,0,0,0,222032
1,1,1,1,1213,1029,-1136,45,1,1,9,88,177,0,0,0,0,0,0,0,0,0,0,0,0,0,0,0,0,0,0,0,0,0,0,222042
1,1,1,1,1215,1032,-1160,27,2,-4,6,88,175,0,0,0,0,0,0,0,0,0,0,0,0,0,0,0,0,0,0,0,0,0,0,222052
1,1,1,1,1215,1038,-1163,7,6,-11,6,88,176,0,0,0,0,0,0,0,0,0,0,0,0,0,0,0,0,0,0,0,0,0,0,222062
1,1,1,1,1213,1033,-1165,10,-3,-10,6,89,175,0,0,0,0,0,0,0,0,0,0,0,0,0,0,0,0,0,0,0,0,0,0,222072
1,1,1,1,1220,1017,-1173,23,8,-8,7,88,175,0,0,0,0,0,0,0,0,0,0,0,0,0,0,0,0,0,0,0,0,0,0,222082
1,1,1,1,1222,1014,-1177,56,10,-2,5,88,176,0,0,0,0,0,0,0,0,0,0,0,0,0,0,0,0,0,0,0,0,0,0,222092
1,1,1,1,1222,1008,-1170,82,7,5,5,88,176,0,0,0,0,0,0,0,0,0,0,0,0,0,0,0,0,0,0,0,0,0,0,222102
1,1,1,1,1223,1021,-1170,91,19,8,5,88,176,0,0,0,0,0,0,0,0,0,0,0,0,0,0,0,0,0,0,0,0,0,0,222112
1,1,1,1,1214,1044,-1165,69,4,6,5,89,178,0,0,0,0,0,0,0,0,0,0,0,0,0,0,0,0,0,0,0,0,0,0,222122
1,1,1,1,1214,1052,-1161,37,5,2,4,89,175,0,0,0,0,0,0,0,0,0,0,0,0,0,0,0,0,0,0,0,0,0,0,222132
1,1,1,1,1214,1045,-1162,4,0,-2,5,88,176,0,0,0,0,0,0,0,0,0,0,0,0,0,0,0,0,0,0,0,0,0,0,222142
1,1,1,1,1217,1021,-1175,14,1,4,4,88,176,0,0,0,0,0,0,0,0,0,0,0,0,0,0,0,0,0,0,0,0,0,0,222152
1,1,1,1,1220,997,-1188,33,5,9,7,88,175,0,0,0,0,0,0,0,0,0,0,0,0,0,0,0,0,0,0,0,0,0,0,222162
1,1,1,1,1229,1005,-1186,38,-2,7,6,88,176,0,0,0,0,0,0,0,0,0,0,0,0,0,0,0,0,0,0,0,0,0,0,222172
1,1,1,1,1227,1017,-1170,26,-2,5,3,90,176,0,0,0,0,0,0,0,0,0,0,0,0,0,0,0,0,0,0,0,0,0,0,222182
1,1,1,1,1225,1014,-1163,13,2,-1,5,86,175,0,0,0,0,0,0,0,0,0,0,0,0,0,0,0,0,0,0,0,0,0,0,222192
1,1,1,1,1225,996,-1165,45,2,7,6,86,174,0,0,0,0,0,0,0,0,0,0,0,0,0,0,0,0,0,0,0,0,0,0,222202
1,1,1,1,1227,991,-1170,95,7,22,2,88,174,0,0,0,0,0,0,0,0,0,0,0,0,0,0,0,0,0,0,0,0,0,0,222212
1,1,1,1,1222,1003,-1168,101,17,22,5,85,173,0,0,0,0,0,0,0,0,0,0,0,0,0,0,0,0,0,0,0,0,0,0,222222
1,1,1,1,1213,1026,-1172,97,25,24,2,91,177,0,0,0,0,0,0,0,0,0,0,0,0,0,0,0,0,0,0,0,0,0,0,222232
1,1,1,1,1208,1036,-1164,91,22,20,3,88,179,0,0,0,0,0,0,0,0,0,0,0,0,0,0,0,0,0,0,0,0,0,0,222242
1,1,1,1,1209,1036,-1181,75,22,14,4,87,177,0,0,0,0,0,0,0,0,0,0,0,0,0,0,0,0,0,0,0,0,0,0,222252
1,1,1,1,1222,1032,-1196,51,9,3,5,88,178,0,0,0,0,0,0,0,0,0,0,0,0,0,0,0,0,0,0,0,0,0,0,222262
1,1,1,1,1221,1033,-1185,21,8,-5,7,87,177,0,0,0,0,0,0,0,0,0,0,0,0,0,0,0,0,0,0,0,0,0,0,222272
1,1,1,1,1222,1028,-1184,12,7,-4,6,88,178,0,0,0,0,0,0,0,0,0,0,0,0,0,0,0,0,0,0,0,0,0,0,222282
1,1,1,1,1220,1022,-1185,22,13,3,7,87,179,0,0,0,0,0,0,0,0,0,0,0,0,0,0,0,0,0,0,0,0,0,0,222292
1,1,1,1,1215,1014,-1185,26,9,8,6,87,177,0,0,0,0,0,0,0,0,0,0,0,0,0,0,0,0,0,0,0,0,0,0,222302
1,1,1,1,1218,1004,-1190,33,7,12,4,87,178,0,0,0,0,0,0,0,0,0,0,0,0,0,0,0,0,0,0,0,0,0,0,222312
1,1,1,1,1220,1014,-1193,23,9,8,7,87,179,0,0,0,0,0,0,0,0,0,0,0,0,0,0,0,0,0,0,0,0,0,0,222322
1,1,1,1,1218,1021,-1178,4,8,0,3,88,177,0,0,0,0,0,0,0,0,0,0,0,0,0,0,0,0,0,0,0,0,0,0,222332
1,1,1,1,1211,1021,-1179,16,2,7,7,87,175,0,0,0,0,0,0,0,0,0,0,0,0,0,0,0,0,0,0,0,0,0,0,222342
1,1,1,1,1224,999,-1179,37,-2,7,4,88,175,0,0,0,0,0,0,0,0,0,0,0,0,0,0,0,0,0,0,0,0,0,0,222352
1,1,1,1,1226,1011,-1179,41,1,5,7,87,176,0,0,0,0,0,0,0,0,0,0,0,0,0,0,0,0,0,0,0,0,0,0,222362
1,1,1,1,1220,1015,-1180,40,1,5,7,88,175,0,0,0,0,0,0,0,0,0,0,0,0,0,0,0,0,0,0,0,0,0,0,222372
1,1,1,1,1219,1020,-1176,45,2,9,5,88,177,0,0,0,0,0,0,0,0,0,0,0,0,0,0,0,0,0,0,0,0,0,0,222382
1,1,1,1,1219,1020,-1176,34,2,8,5,88,177,0,0,0,0,0,0,0,0,0,0,0,0,0,0,0,0,0,0,0,0,0,0,222392
1,1,1,1,1217,1031,-1165,13,5,1,5,88,176,0,0,0,0,0,0,0,0,0,0,0,0,0,0,0,0,0,0,0,0,0,0,222402
1,1,1,1,1219,1020,-1171,15,10,0,5,87,176,0,0,0,0,0,0,0,0,0,0,0,0,0,0,0,0,0,0,0,0,0,0,222412
1,1,1,1,1216,1007,-1181,16,10,-5,5,87,176,0,0,0,0,0,0,0,0,0,0,0,0,0,0,0,0,0,0,0,0,0,0,222422
1,1,1,1,1221,1011,-1187,2,11,-14,6,88,175,0,0,0,0,0,0,0,0,0,0,0,0,0,0,0,0,0,0,0,0,0,0,222432
1,1,1,1,1228,1015,-1178,-17,4,-22,8,88,176,0,0,0,0,0,0,0,0,0,0,0,0,0,0,0,0,0,0,0,0,0,0,222442
1,1,1,1,1233,1009,-1179,-37,5,-25,6,87,176,0,0,0,0,0,0,0,0,0,0,0,0,0,0,0,0,0,0,0,0,0,0,222452
1,1,1,1,1234,1004,-1186,-19,8,-16,7,88,175,0,0,0,0,0,0,0,0,0,0,0,0,0,0,0,0,0,0,0,0,0,0,222462
1,1,1,1,1228,1000,-1181,15,12,1,6,88,175,0,0,0,0,0,0,0,0,0,0,0,0,0,0,0,0,0,0,0,0,0,0,222472
1,1,1,1,1229,1014,-1178,20,13,10,7,86,173,0,0,0,0,0,0,0,0,0,0,0,0,0,0,0,0,0,0,0,0,0,0,222482
1,1,1,1,1225,1021,-1187,8,3,10,10,85,175,0,0,0,0,0,0,0,0,0,0,0,0,0,0,0,0,0,0,0,0,0,0,222492
1,1,1,1,1219,1024,-1190,7,0,13,5,92,176,0,0,0,0,0,0,0,0,0,0,0,0,0,0,0,0,0,0,0,0,0,0,222502
1,1,1,1,1224,1018,-1189,0,9,6,7,86,177,0,0,0,0,0,0,0,0,0,0,0,0,0,0,0,0,0,0,0,0,0,0,222512
1,1,1,1,1229,1009,-1187,-17,1,-2,6,86,172,0,0,0,0,0,0,0,0,0,0,0,0,0,0,0,0,0,0,0,0,0,0,222522
1,1,1,1,1222,998,-1183,20,-4,10,4,91,176,0,0,0,0,0,0,0,0,0,0,0,0,0,0,0,0,0,0,0,0,0,0,222532
1,1,1,1,1227,980,-1175,35,-17,11,5,88,177,0,0,0,0,0,0,0,0,0,0,0,0,0,0,0,0,0,0,0,0,0,0,222542
1,1,1,1,1222,987,-1169,42,-15,12,3,91,179,0,0,0,0,0,0,0,0,0,0,0,0,0,0,0,0,0,0,0,0,0,0,222552
1,1,1,1,1217,991,-1179,42,-11,17,4,89,175,0,0,0,0,0,0,0,0,0,0,0,0,0,0,0,0,0,0,0,0,0,0,222562
1,1,1,1,1209,1024,-1189,20,-8,13,4,91,177,0,0,0,0,0,0,0,0,0,0,0,0,0,0,0,0,0,0,0,0,0,0,222572
1,1,1,1,1210,1056,-1189,-3,-7,11,6,88,177,0,0,0,0,0,0,0,0,0,0,0,0,0,0,0,0,0,0,0,0,0,0,222582
1,1,1,1,1210,1038,-1195,-24,-7,-1,7,88,178,0,0,0,0,0,0,0,0,0,0,0,0,0,0,0,0,0,0,0,0,0,0,222592
1,1,1,1,1227,1011,-1200,-14,-6,-1,9,87,177,0,0,0,0,0,0,0,0,0,0,0,0,0,0,0,0,0,0,0,0,0,0,222602
1,1,1,1,1234,1002,-1200,28,-8,10,6,88,177,0,0,0,0,0,0,0,0,0,0,0,0,0,0,0,0,0,0,0,0,0,0,222612
1,1,1,1,1231,1001,-1176,23,-7,11,7,88,178,0,0,0,0,0,0,0,0,0,0,0,0,0,0,0,0,0,0,0,0,0,0,222622
1,1,1,1,1227,1022,-1168,2,-12,8,7,89,177,0,0,0,0,0,0,0,0,0,0,0,0,0,0,0,0,0,0,0,0,0,0,222632
1,1,1,1,1230,1016,-1171,-20,-2,9,5,88,176,0,0,0,0,0,0,0,0,0,0,0,0,0,0,0,0,0,0,0,0,0,0,222642
1,1,1,1,1230,1011,-1182,-18,8,13,5,88,175,0,0,0,0,0,0,0,0,0,0,0,0,0,0,0,0,0,0,0,0,0,0,222652
1,1,1,1,1233,995,-1177,-8,6,16,6,88,170,0,0,0,0,0,0,0,0,0,0,0,0,0,0,0,0,0,0,0,0,0,0,222662
1,1,1,1,1234,979,-1183,23,11,25,8,89,176,0,0,0,0,0,0,0,0,0,0,0,0,0,0,0,0,0,0,0,0,0,0,222672
1,1,1,1,1241,972,-1192,63,17,29,6,88,175,0,0,0,0,0,0,0,0,0,0,0,0,0,0,0,0,0,0,0,0,0,0,222682
1,1,1,1,1243,1008,-1186,74,18,30,7,88,176,0,0,0,0,0,0,0,0,0,0,0,0,0,0,0,0,0,0,0,0,0,0,222692
1,1,1,1,1233,1027,-1175,38,13,22,3,88,174,0,0,0,0,0,0,0,0,0,0,0,0,0,0,0,0,0,0,0,0,0,0,222702
1,1,1,1,1235,1042,-1173,4,13,12,4,88,176,0,0,0,0,0,0,0,0,0,0,0,0,0,0,0,0,0,0,0,0,0,0,222712
1,1,1,1,1240,1045,-1184,-6,14,11,5,88,177,0,0,0,0,0,0,0,0,0,0,0,0,0,0,0,0,0,0,0,0,0,0,222722
1,1,1,1,1239,1001,-1180,-23,18,1,4,89,177,0,0,0,0,0,0,0,0,0,0,0,0,0,0,0,0,0,0,0,0,0,0,222732
1,1,1,1,1234,992,-1185,0,10,6,4,88,177,0,0,0,0,0,0,0,0,0,0,0,0,0,0,0,0,0,0,0,0,0,0,222742
1,1,1,1,1220,986,-1176,20,18,10,4,88,176,0,0,0,0,0,0,0,0,0,0,0,0,0,0,0,0,0,0,0,0,0,0,222752
1,1,1,1,1219,992,-1171,17,16,9,4,88,176,0,0,0,0,0,0,0,0,0,0,0,0,0,0,0,0,0,0,0,0,0,0,222762
1,1,1,1,1220,1001,-1174,18,8,9,3,88,175,0,0,0,0,0,0,0,0,0,0,0,0,0,0,0,0,0,0,0,0,0,0,222772
1,1,1,1,1223,991,-1180,36,9,12,3,89,177,0,0,0,0,0,0,0,0,0,0,0,0,0,0,0,0,0,0,0,0,0,0,222782
1,1,1,1,1227,1016,-1202,58,9,15,3,84,175,0,0,0,0,0,0,0,0,0,0,0,0,0,0,0,0,0,0,0,0,0,0,222792
1,1,1,1,1231,1015,-1199,46,4,6,1,90,177,0,0,0,0,0,0,0,0,0,0,0,0,0,0,0,0,0,0,0,0,0,0,222802
1,1,1,1,1225,1034,-1193,20,15,-1,4,86,176,0,0,0,0,0,0,0,0,0,0,0,0,0,0,0,0,0,0,0,0,0,0,222812
1,1,1,1,1218,1042,-1178,-13,15,-5,-1,90,177,0,0,0,0,0,0,0,0,0,0,0,0,0,0,0,0,0,0,0,0,0,0,222822
1,1,1,1,1212,1024,-1179,-38,8,-13,0,87,175,0,0,0,0,0,0,0,0,0,0,0,0,0,0,0,0,0,0,0,0,0,0,222832
1,1,1,1,1213,1003,-1184,-9,12,-4,2,89,178,0,0,0,0,0,0,0,0,0,0,0,0,0,0,0,0,0,0,0,0,0,0,222842
1,1,1,1,1217,977,-1191,30,7,-1,3,89,178,0,0,0,0,0,0,0,0,0,0,0,0,0,0,0,0,0,0,0,0,0,0,222852
1,1,1,1,1225,980,-1185,56,16,8,1,89,176,0,0,0,0,0,0,0,0,0,0,0,0,0,0,0,0,0,0,0,0,0,0,222862
1,1,1,1,1228,982,-1182,68,14,11,5,86,176,0,0,0,0,0,0,0,0,0,0,0,0,0,0,0,0,0,0,0,0,0,0,222872
1,1,1,1,1233,995,-1177,71,3,10,5,87,176,0,0,0,0,0,0,0,0,0,0,0,0,0,0,0,0,0,0,0,0,0,0,222882
1,1,1,1,1241,1003,-1173,57,7,7,4,88,177,0,0,0,0,0,0,0,0,0,0,0,0,0,0,0,0,0,0,0,0,0,0,222892
1,1,1,1,1239,1023,-1174,54,10,11,3,88,176,0,0,0,0,0,0,0,0,0,0,0,0,0,0,0,0,0,0,0,0,0,0,222902
1,1,1,1,1240,1002,-1175,37,6,10,2,87,177,0,0,0,0,0,0,0,0,0,0,0,0,0,0,0,0,0,0,0,0,0,0,222912
1,1,1,1,1243,995,-1187,14,1,2,0,87,179,0,0,0,0,0,0,0,0,0,0,0,0,0,0,0,0,0,0,0,0,0,0,222922
1,1,1,1,1236,1002,-1187,17,-1,7,1,88,177,0,0,0,0,0,0,0,0,0,0,0,0,0,0,0,0,0,0,0,0,0,0,222932
1,1,1,1,1229,993,-1191,24,2,8,3,87,180,0,0,0,0,0,0,0,0,0,0,0,0,0,0,0,0,0,0,0,0,0,0,222942
1,1,1,1,1227,997,-1193,20,1,7,3,87,175,0,0,0,0,0,0,0,0,0,0,0,0,0,0,0,0,0,0,0,0,0,0,222952
1,1,1,1,1222,1017,-1192,17,2,9,5,88,176,0,0,0,0,0,0,0,0,0,0,0,0,0,0,0,0,0,0,0,0,0,0,222962
1,1,1,1,1219,1023,-1184,23,1,11,3,88,175,0,0,0,0,0,0,0,0,0,0,0,0,0,0,0,0,0,0,0,0,0,0,222972
1,1,1,1,1224,1014,-1195,-1,2,2,2,87,179,0,0,0,0,0,0,0,0,0,0,0,0,0,0,0,0,0,0,0,0,0,0,222982
1,1,1,1,1227,1022,-1196,-6,14,2,2,87,177,0,0,0,0,0,0,0,0,0,0,0,0,0,0,0,0,0,0,0,0,0,0,222992
1,1,1,1,1222,1012,-1184,-22,4,-4,0,87,177,0,0,0,0,0,0,0,0,0,0,0,0,0,0,0,0,0,0,0,0,0,0,223002
1,1,1,1,1219,1004,-1194,1,1,6,1,88,175,0,0,0,0,0,0,0,0,0,0,0,0,0,0,0,0,0,0,0,0,0,0,223012
1,1,1,1,1227,1000,-1188,12,20,7,1,87,177,0,0,0,0,0,0,0,0,0,0,0,0,0,0,0,0,0,0,0,0,0,0,223022
1,1,1,1,1229,1009,-1183,-10,10,0,1,87,176,0,0,0,0,0,0,0,0,0,0,0,0,0,0,0,0,0,0,0,0,0,0,223032
1,1,1,1,1229,1008,-1187,-8,10,2,4,87,175,0,0,0,0,0,0,0,0,0,0,0,0,0,0,0,0,0,0,0,0,0,0,223042
1,1,1,1,1227,1011,-1190,7,18,4,4,88,176,0,0,0,0,0,0,0,0,0,0,0,0,0,0,0,0,0,0,0,0,0,0,223052
1,1,1,1,1225,1018,-1178,-2,20,3,3,86,175,0,0,0,0,0,0,0,0,0,0,0,0,0,0,0,0,0,0,0,0,0,0,223062
1,1,1,1,1231,1004,-1181,-19,19,1,2,87,177,0,0,0,0,0,0,0,0,0,0,0,0,0,0,0,0,0,0,0,0,0,0,223072
1,1,1,1,1239,993,-1192,-10,20,-1,1,87,176,0,0,0,0,0,0,0,0,0,0,0,0,0,0,0,0,0,0,0,0,0,0,223082
1,1,1,1,1232,996,-1182,39,17,19,2,88,178,0,0,0,0,0,0,0,0,0,0,0,0,0,0,0,0,0,0,0,0,0,0,223092
1,1,1,1,1236,991,-1175,33,6,15,2,88,178,0,0,0,0,0,0,0,0,0,0,0,0,0,0,0,0,0,0,0,0,0,0,223102
1,1,1,1,1243,1014,-1176,-3,10,13,2,85,177,0,0,0,0,0,0,0,0,0,0,0,0,0,0,0,0,0,0,0,0,0,0,223112
1,1,1,1,1243,1019,-1177,-39,0,11,1,86,176,0,0,0,0,0,0,0,0,0,0,0,0,0,0,0,0,0,0,0,0,0,0,223122
1,1,1,1,1250,997,-1195,-49,2,13,3,84,176,0,0,0,0,0,0,0,0,0,0,0,0,0,0,0,0,0,0,0,0,0,0,223132
1,1,1,1,1253,977,-1191,-21,0,19,1,84,174,0,0,0,0,0,0,0,0,0,0,0,0,0,0,0,0,0,0,0,0,0,0,223142
1,1,1,1,1254,949,-1193,10,-9,22,0,88,176,0,0,0,0,0,0,0,0,0,0,0,0,0,0,0,0,0,0,0,0,0,0,223152
1,1,1,1,1255,955,-1196,63,-13,27,0,89,177,0,0,0,0,0,0,0,0,0,0,0,0,0,0,0,0,0,0,0,0,0,0,223162
1,1,1,1,1252,958,-1190,70,-15,26,3,86,176,0,0,0,0,0,0,0,0,0,0,0,0,0,0,0,0,0,0,0,0,0,0,223172
1,1,1,1,1246,977,-1192,70,-12,25,3,87,178,0,0,0,0,0,0,0,0,0,0,0,0,0,0,0,0,0,0,0,0,0,0,223182
1,1,1,1,1240,987,-1199,71,-24,24,4,86,177,0,0,0,0,0,0,0,0,0,0,0,0,0,0,0,0,0,0,0,0,0,0,223192
1,1,1,1,1235,1002,-1199,53,-26,17,6,85,177,0,0,0,0,0,0,0,0,0,0,0,0,0,0,0,0,0,0,0,0,0,0,223202
1,1,1,1,1222,1028,-1184,12,-22,10,5,85,177,0,0,0,0,0,0,0,0,0,0,0,0,0,0,0,0,0,0,0,0,0,0,223212
1,1,1,1,1213,1024,-1195,-8,-26,6,4,85,177,0,0,0,0,0,0,0,0,0,0,0,0,0,0,0,0,0,0,0,0,0,0,223222
1,1,1,1,1221,1018,-1188,-1,-20,4,4,86,177,0,0,0,0,0,0,0,0,0,0,0,0,0,0,0,0,0,0,0,0,0,0,223232
1,1,1,1,1229,1000,-1192,11,-18,10,3,86,175,0,0,0,0,0,0,0,0,0,0,0,0,0,0,0,0,0,0,0,0,0,0,223242
1,1,1,1,1235,976,-1195,17,-20,8,5,86,176,0,0,0,0,0,0,0,0,0,0,0,0,0,0,0,0,0,0,0,0,0,0,223252
1,1,1,1,1229,974,-1205,21,-16,3,4,86,175,0,0,0,0,0,0,0,0,0,0,0,0,0,0,0,0,0,0,0,0,0,0,223262
1,1,1,1,1231,992,-1210,26,-3,-1,4,86,176,0,0,0,0,0,0,0,0,0,0,0,0,0,0,0,0,0,0,0,0,0,0,223272
1,1,1,1,1232,1009,-1199,12,-9,-12,7,85,175,0,0,0,0,0,0,0,0,0,0,0,0,0,0,0,0,0,0,0,0,0,0,223282
1,1,1,1,1230,982,-1195,-15,-10,-31,5,85,176,0,0,0,0,0,0,0,0,0,0,0,0,0,0,0,0,0,0,0,0,0,0,223292
1,1,1,1,1240,992,-1205,6,-7,-14,2,86,177,0,0,0,0,0,0,0,0,0,0,0,0,0,0,0,0,0,0,0,0,0,0,223302
1,1,1,1,1241,995,-1200,18,-10,-1,4,85,175,0,0,0,0,0,0,0,0,0,0,0,0,0,0,0,0,0,0,0,0,0,0,223312
1,1,1,1,1250,1020,-1200,18,-15,12,2,85,177,0,0,0,0,0,0,0,0,0,0,0,0,0,0,0,0,0,0,0,0,0,0,223322
1,1,1,1,1260,1028,-1199,-8,-11,14,2,86,176,0,0,0,0,0,0,0,0,0,0,0,0,0,0,0,0,0,0,0,0,0,0,223332
1,1,1,1,1251,1012,-1191,-25,-9,12,2,86,176,0,0,0,0,0,0,0,0,0,0,0,0,0,0,0,0,0,0,0,0,0,0,223342
1,1,1,1,1250,993,-1197,-27,-10,14,3,85,175,0,0,0,0,0,0,0,0,0,0,0,0,0,0,0,0,0,0,0,0,0,0,223352
1,1,1,1,1243,991,-1193,-26,-7,17,3,86,175,0,0,0,0,0,0,0,0,0,0,0,0,0,0,0,0,0,0,0,0,0,0,223362
1,1,1,1,1229,994,-1175,-30,-7,18,3,86,176,0,0,0,0,0,0,0,0,0,0,0,0,0,0,0,0,0,0,0,0,0,0,223372
1,1,1,1,1224,984,-1171,-31,-2,14,1,85,175,0,0,0,0,0,0,0,0,0,0,0,0,0,0,0,0,0,0,0,0,0,0,223382
1,1,1,1,1235,971,-1175,53,20,22,1,85,173,0,0,0,0,0,0,0,0,0,0,0,0,0,0,0,0,0,0,0,0,0,0,223402
1,1,1,1,1235,1009,-1165,51,17,18,1,86,175,0,0,0,0,0,0,0,0,0,0,0,0,0,0,0,0,0,0,0,0,0,0,223412
1,1,1,1,1238,1026,-1172,39,29,16,0,89,177,0,0,0,0,0,0,0,0,0,0,0,0,0,0,0,0,0,0,0,0,0,0,223422
1,1,1,1,1236,1011,-1178,15,38,6,0,87,177,0,0,0,0,0,0,0,0,0,0,0,0,0,0,0,0,0,0,0,0,0,0,223432
1,1,1,1,1247,1005,-1176,-8,33,-1,1,84,178,0,0,0,0,0,0,0,0,0,0,0,0,0,0,0,0,0,0,0,0,0,0,223442
1,1,1,1,1250,989,-1180,-11,39,-7,0,87,176,0,0,0,0,0,0,0,0,0,0,0,0,0,0,0,0,0,0,0,0,0,0,223452
1,1,1,1,1248,970,-1190,11,32,-5,3,84,175,0,0,0,0,0,0,0,0,0,0,0,0,0,0,0,0,0,0,0,0,0,0,223462
1,1,1,1,1244,954,-1187,35,23,-4,3,84,176,0,0,0,0,0,0,0,0,0,0,0,0,0,0,0,0,0,0,0,0,0,0,223472
1,1,1,1,1243,969,-1188,45,23,-2,1,87,177,0,0,0,0,0,0,0,0,0,0,0,0,0,0,0,0,0,0,0,0,0,0,223482
1,1,1,1,1237,1000,-1188,35,28,0,2,85,176,0,0,0,0,0,0,0,0,0,0,0,0,0,0,0,0,0,0,0,0,0,0,223492
1,1,1,1,1232,1021,-1184,4,28,-3,1,86,177,0,0,0,0,0,0,0,0,0,0,0,0,0,0,0,0,0,0,0,0,0,0,223502
1,1,1,1,1222,1015,-1191,-25,30,-10,-1,86,178,0,0,0,0,0,0,0,0,0,0,0,0,0,0,0,0,0,0,0,0,0,0,223512
1,1,1,1,1220,997,-1211,-30,28,-13,2,84,178,0,0,0,0,0,0,0,0,0,0,0,0,0,0,0,0,0,0,0,0,0,0,223522
1,1,1,1,1223,999,-1200,-23,32,-13,2,85,177,0,0,0,0,0,0,0,0,0,0,0,0,0,0,0,0,0,0,0,0,0,0,223532
1,1,1,1,1221,990,-1180,-3,34,-9,3,85,177,0,0,0,0,0,0,0,0,0,0,0,0,0,0,0,0,0,0,0,0,0,0,223542
1,1,1,1,1230,978,-1181,10,31,-6,3,85,175,0,0,0,0,0,0,0,0,0,0,0,0,0,0,0,0,0,0,0,0,0,0,223552
1,1,1,1,1241,989,-1189,27,29,-4,2,86,178,0,0,0,0,0,0,0,0,0,0,0,0,0,0,0,0,0,0,0,0,0,0,223562
1,1,1,1,1247,993,-1196,25,31,-5,6,85,176,0,0,0,0,0,0,0,0,0,0,0,0,0,0,0,0,0,0,0,0,0,0,223572
1,1,1,1,1247,996,-1195,17,22,-6,4,85,177,0,0,0,0,0,0,0,0,0,0,0,0,0,0,0,0,0,0,0,0,0,0,223582
1,1,1,1,1247,999,-1192,-7,17,-8,4,86,176,0,0,0,0,0,0,0,0,0,0,0,0,0,0,0,0,0,0,0,0,0,0,223592
1,1,1,1,1247,1005,-1202,-55,18,-13,3,85,178,0,0,0,0,0,0,0,0,0,0,0,0,0,0,0,0,0,0,0,0,0,0,223612
1,1,1,1,1245,997,-1189,-68,10,-12,2,85,175,0,0,0,0,0,0,0,0,0,0,0,0,0,0,0,0,0,0,0,0,0,0,223622
1,1,1,1,1254,992,-1181,-71,16,-10,3,85,175,0,0,0,0,0,0,0,0,0,0,0,0,0,0,0,0,0,0,0,0,0,0,223632
1,1,1,1,1252,992,-1170,-71,4,-11,4,86,175,0,0,0,0,0,0,0,0,0,0,0,0,0,0,0,0,0,0,0,0,0,0,223642
1,1,1,1,1254,993,-1173,-63,15,-3,4,84,175,0,0,0,0,0,0,0,0,0,0,0,0,0,0,0,0,0,0,0,0,0,0,223652
1,1,1,1,1250,1002,-1183,-56,14,1,3,85,175,0,0,0,0,0,0,0,0,0,0,0,0,0,0,0,0,0,0,0,0,0,0,223662
1,1,1,1,1243,995,-1187,-55,9,0,3,85,175,0,0,0,0,0,0,0,0,0,0,0,0,0,0,0,0,0,0,0,0,0,0,223672
1,1,1,1,1232,1016,-1183,-25,14,15,1,86,175,0,0,0,0,0,0,0,0,0,0,0,0,0,0,0,0,0,0,0,0,0,0,223682
1,1,1,1,1227,994,-1179,-16,19,15,0,87,175,0,0,0,0,0,0,0,0,0,0,0,0,0,0,0,0,0,0,0,0,0,0,223692
1,1,1,1,1235,1018,-1174,-16,27,20,2,85,173,0,0,0,0,0,0,0,0,0,0,0,0,0,0,0,0,0,0,0,0,0,0,223702
1,1,1,1,1235,1020,-1171,-28,32,22,1,82,174,0,0,0,0,0,0,0,0,0,0,0,0,0,0,0,0,0,0,0,0,0,0,223712
1,1,1,1,1231,1026,-1151,-42,23,24,1,86,175,0,0,0,0,0,0,0,0,0,0,0,0,0,0,0,0,0,0,0,0,0,0,223722
1,1,1,1,1226,1015,-1162,-27,14,36,-1,85,175,0,0,0,0,0,0,0,0,0,0,0,0,0,0,0,0,0,0,0,0,0,0,223732
1,1,1,1,1238,1025,-1188,-23,27,39,-2,87,175,0,0,0,0,0,0,0,0,0,0,0,0,0,0,0,0,0,0,0,0,0,0,223742
1,1,1,1,1242,1074,-1175,-41,16,50,-4,86,177,0,0,0,0,0,0,0,0,0,0,0,0,0,0,0,0,0,0,0,0,0,0,223752
1,1,1,1,1228,1042,-1158,-95,20,44,0,86,175,0,0,0,0,0,0,0,0,0,0,0,0,0,0,0,0,0,0,0,0,0,0,223762
1,1,1,1,1222,1034,-1175,-67,23,67,-1,85,176,0,0,0,0,0,0,0,0,0,0,0,0,0,0,0,0,0,0,0,0,0,0,223772
1,1,1,1,1221,991,-1174,-33,25,80,-1,85,175,0,0,0,0,0,0,0,0,0,0,0,0,0,0,0,0,0,0,0,0,0,0,223782
1,1,1,1,1211,1000,-1170,-8,26,91,1,84,173,0,0,0,0,0,0,0,0,0,0,0,0,0,0,0,0,0,0,0,0,0,0,223792
1,1,1,1,1203,1007,-1158,9,20,95,0,86,174,0,0,0,0,0,0,0,0,0,0,0,0,0,0,0,0,0,0,0,0,0,0,223802
1,1,1,1,1190,1018,-1143,27,26,102,0,85,170,0,0,0,0,0,0,0,0,0,0,0,0,0,0,0,0,0,0,0,0,0,0,223812
1,1,1,1,1197,1014,-1143,28,27,100,1,84,173,0,0,0,0,0,0,0,0,0,0,0,0,0,0,0,0,0,0,0,0,0,0,223822
1,1,1,1,1173,1035,-1147,32,32,109,1,85,175,0,0,0,0,0,0,0,0,0,0,0,0,0,0,0,0,0,0,0,0,0,0,223832
1,1,1,1,1165,1055,-1149,35,33,126,-1,83,167,0,0,0,0,0,0,0,0,0,0,0,0,0,0,0,0,0,0,0,0,0,0,223842
1,1,1,1,1175,1049,-1130,-17,31,99,3,79,159,0,0,0,0,0,0,0,0,0,0,0,0,0,0,0,0,0,0,0,0,0,0,223852
1,1,1,1,1205,1059,-1154,-68,65,101,5,76,149,0,0,0,0,0,0,0,0,0,0,0,0,0,0,0,0,0,0,0,0,0,0,223862
1,1,1,1,1183,967,-1206,-173,159,73,5,75,145,0,0,0,0,0,0,0,0,0,0,0,0,0,0,0,0,0,0,0,0,0,0,223872
1,1,1,1,1160,946,-1227,-245,249,54,8,74,139,0,0,0,0,0,0,0,0,0,0,0,0,0,0,0,0,0,0,0,0,0,0,223882
1,1,1,1,1127,1012,-1160,-260,291,86,5,73,136,0,0,0,0,0,0,0,0,0,0,0,0,0,0,0,0,0,0,0,0,0,0,223892
1,1,1,1,1127,969,-1022,-322,328,-12,-2,73,130,0,0,0,0,0,0,0,0,0,0,0,0,0,0,0,0,0,0,0,0,0,0,223902
1,1,1,1,1073,1035,-958,-554,477,-61,1,70,120,0,0,0,0,0,0,0,0,0,0,0,0,0,0,0,0,0,0,0,0,0,0,223912
1,1,1,1,1094,1144,-904,-783,517,-19,0,66,106,0,0,0,0,0,0,0,0,0,0,0,0,0,0,0,0,0,0,0,0,0,0,223922
1,1,1,1,1093,1177,-871,-1088,610,-67,-1,60,94,0,0,0,0,0,0,0,0,0,0,0,0,0,0,0,0,0,0,0,0,0,0,223932
1,1,1,1,1125,1184,-827,-1576,719,-83,2,59,80,0,0,0,0,0,0,0,0,0,0,0,0,0,0,0,0,0,0,0,0,0,0,223942
1,1,1,1,1148,1259,-774,-1878,724,-29,3,53,71,0,0,0,0,0,0,0,0,0,0,0,0,0,0,0,0,0,0,0,0,0,0,223952
1,1,1,1,1145,1216,-829,-2047,807,-44,7,51,63,0,0,0,0,0,0,0,0,0,0,0,0,0,0,0,0,0,0,0,0,0,0,223962
1,1,1,1,1245,1186,-847,-2145,910,-25,13,48,53,0,0,0,0,0,0,0,0,0,0,0,0,0,0,0,0,0,0,0,0,0,0,223972
1,1,1,1,1199,1110,-868,-1886,880,27,16,46,48,0,0,0,0,0,0,0,0,0,0,0,0,0,0,0,0,0,0,0,0,0,0,223982
1,1,1,1,1260,1123,-892,-1387,936,148,16,43,42,0,0,0,0,0,0,0,0,0,0,0,0,0,0,0,0,0,0,0,0,0,0,223992
1,1,1,1,1437,1011,-938,-1133,1084,210,13,43,40,0,0,0,0,0,0,0,0,0,0,0,0,0,0,0,0,0,0,0,0,0,0,224002
1,1,1,1,1558,1033,-1010,-1041,1160,268,16,38,30,0,0,0,0,0,0,0,0,0,0,0,0,0,0,0,0,0,0,0,0,0,0,224012
1,1,1,1,1712,1216,-1032,-772,1142,413,17,36,29,0,0,0,0,0,0,0,0,0,0,0,0,0,0,0,0,0,0,0,0,0,0,224022
1,1,1,1,1800,1239,-965,-671,1230,435,14,36,30,0,0,0,0,0,0,0,0,0,0,0,0,0,0,0,0,0,0,0,0,0,0,224032
1,1,1,1,1701,1070,-941,-941,1343,305,19,35,28,0,0,0,0,0,0,0,0,0,0,0,0,0,0,0,0,0,0,0,0,0,0,224042
1,1,1,1,1712,840,-828,-949,1255,131,21,39,32,0,0,0,0,0,0,0,0,0,0,0,0,0,0,0,0,0,0,0,0,0,0,224052
1,1,1,1,1616,640,-727,-911,1041,-25,20,37,31,0,0,0,0,0,0,0,0,0,0,0,0,0,0,0,0,0,0,0,0,0,0,224062
1,1,1,1,1712,742,-754,-1116,948,-74,19,36,30,0,0,0,0,0,0,0,0,0,0,0,0,0,0,0,0,0,0,0,0,0,0,224072
1,1,1,1,1259,905,-1051,-940,1245,-400,31,30,18,0,0,0,0,0,0,0,0,0,0,0,0,0,0,0,0,0,0,0,0,0,0,224082
1,1,1,1,1812,744,-442,-915,953,-922,18,27,19,0,0,0,0,0,0,0,0,0,0,0,0,0,0,0,0,0,0,0,0,0,0,224092
1,1,1,1,1780,544,-933,-1966,1692,-1145,14,17,28,0,0,0,0,0,0,0,0,0,0,0,0,0,0,0,0,0,0,0,0,0,0,224102
1,1,1,1,1714,943,-1608,-2120,2467,-1138,6,21,12,0,0,0,0,0,0,0,0,0,0,0,0,0,0,0,0,0,0,0,0,0,0,224112
1,1,1,1,1132,996,-1386,-2539,2718,-684,28,19,8,0,0,0,0,0,0,0,0,0,0,0,0,0,0,0,0,0,0,0,0,0,0,224122
1,1,1,1,1798,1529,-1140,-1782,3346,-11,47,36,6,0,0,0,0,0,0,0,0,0,0,0,0,0,0,0,0,0,0,0,0,0,0,224132
1,1,1,1,2308,1157,744,-59,2682,216,45,50,5,0,0,0,0,0,0,0,0,0,0,0,0,0,0,0,0,0,0,0,0,0,0,224142
1,1,1,1,1980,837,1292,411,1518,403,44,52,15,0,0,0,0,0,0,0,0,0,0,0,0,0,0,0,0,0,0,0,0,0,0,224152
1,1,1,1,869,880,723,78,870,417,44,51,13,0,0,0,0,0,0,0,0,0,0,0,0,0,0,0,0,0,0,0,0,0,0,224162
1,1,1,1,917,727,387,110,490,235,43,47,15,0,0,0,0,0,0,0,0,0,0,0,0,0,0,0,0,0,0,0,0,0,0,224172
1,1,1,1,1312,439,-40,122,404,9,47,44,19,0,0,0,0,0,0,0,0,0,0,0,0,0,0,0,0,0,0,0,0,0,0,224182
1,1,1,1,1100,541,-337,671,509,-123,51,38,16,0,0,0,0,0,0,0,0,0,0,0,0,0,0,0,0,0,0,0,0,0,0,224192
1,1,1,1,1123,815,-516,1486,721,-173,50,34,12,0,0,0,0,0,0,0,0,0,0,0,0,0,0,0,0,0,0,0,0,0,0,224202
1,1,1,1,1159,930,-492,2140,1000,-208,52,33,8,0,0,0,0,0,0,0,0,0,0,0,0,0,0,0,0,0,0,0,0,0,0,224212
1,1,1,1,1214,1004,-446,2924,1107,-172,45,32,4,0,0,0,0,0,0,0,0,0,0,0,0,0,0,0,0,0,0,0,0,0,0,224222
1,1,1,1,1213,1353,90,2758,837,33,45,1,-47,0,0,0,0,0,0,0,0,0,0,0,0,0,0,0,0,0,0,0,0,0,0,224232
1,1,1,1,1118,2537,140,2280,665,778,31,22,-6,0,0,0,0,0,0,0,0,0,0,0,0,0,0,0,0,0,0,0,0,0,0,224242
1,1,1,1,1155,780,-796,1618,935,348,55,27,-5,0,0,0,0,0,0,0,0,0,0,0,0,0,0,0,0,0,0,0,0,0,0,224252
1,1,1,1,1118,1413,-279,2145,717,458,52,30,-5,0,0,0,0,0,0,0,0,0,0,0,0,0,0,0,0,0,0,0,0,0,0,224262
1,1,1,1,1178,1253,-577,2377,734,492,43,28,5,0,0,0,0,0,0,0,0,0,0,0,0,0,0,0,0,0,0,0,0,0,0,224272
1,1,1,1,1061,1242,-1015,2258,1112,471,43,36,4,0,0,0,0,0,0,0,0,0,0,0,0,0,0,0,0,0,0,0,0,0,0,224282
1,1,1,1,1332,1443,-315,2059,1063,451,47,39,0,0,0,0,0,0,0,0,0,0,0,0,0,0,0,0,0,0,0,0,0,0,0,224292
1,1,1,1,1097,1366,113,1442,646,578,43,41,0,0,0,0,0,0,0,0,0,0,0,0,0,0,0,0,0,0,0,0,0,0,0,224302
1,1,1,1,1630,1254,-208,1459,291,665,44,40,5,0,0,0,0,0,0,0,0,0,0,0,0,0,0,0,0,0,0,0,0,0,0,224312
1,1,1,1,1155,1071,-483,1309,305,661,46,42,5,0,0,0,0,0,0,0,0,0,0,0,0,0,0,0,0,0,0,0,0,0,0,224322
1,1,1,1,1406,1087,-525,1359,386,673,50,43,6,0,0,0,0,0,0,0,0,0,0,0,0,0,0,0,0,0,0,0,0,0,0,224332
1,1,1,1,1440,1210,-403,1329,388,701,49,43,1,0,0,0,0,0,0,0,0,0,0,0,0,0,0,0,0,0,0,0,0,0,0,224342
1,1,1,1,1292,1147,-505,1427,437,700,43,45,10,0,0,0,0,0,0,0,0,0,0,0,0,0,0,0,0,0,0,0,0,0,0,224352
1,1,1,1,1541,867,-626,1250,528,478,49,39,6,0,0,0,0,0,0,0,0,0,0,0,0,0,0,0,0,0,0,0,0,0,0,224362
1,1,1,1,1320,1085,-407,1301,482,346,54,45,10,0,0,0,0,0,0,0,0,0,0,0,0,0,0,0,0,0,0,0,0,0,0,224372
1,1,1,1,1334,1214,-448,1518,421,301,50,43,10,0,0,0,0,0,0,0,0,0,0,0,0,0,0,0,0,0,0,0,0,0,0,224382
1,1,1,1,1404,1212,-566,1223,442,160,51,43,9,0,0,0,0,0,0,0,0,0,0,0,0,0,0,0,0,0,0,0,0,0,0,224392
1,1,1,1,1328,1414,-577,1082,499,134,54,46,17,0,0,0,0,0,0,0,0,0,0,0,0,0,0,0,0,0,0,0,0,0,0,224402
1,1,1,1,1343,1224,-505,1203,531,112,54,48,20,0,0,0,0,0,0,0,0,0,0,0,0,0,0,0,0,0,0,0,0,0,0,224412
1,1,1,1,1365,1034,-427,1382,526,93,54,48,25,0,0,0,0,0,0,0,0,0,0,0,0,0,0,0,0,0,0,0,0,0,0,224422
1,1,1,1,1324,1045,-401,1640,519,57,50,50,31,0,0,0,0,0,0,0,0,0,0,0,0,0,0,0,0,0,0,0,0,0,0,224432
1,1,1,1,1317,1122,-447,1803,526,-10,72,50,35,0,0,0,0,0,0,0,0,0,0,0,0,0,0,0,0,0,0,0,0,0,0,224442
1,1,1,1,1237,1547,-421,3862,522,-43,96,49,49,0,0,0,0,0,0,0,0,0,0,0,0,0,0,0,0,0,0,0,0,0,0,224452
1,1,1,1,1504,2278,-380,8630,895,-192,88,47,46,0,0,0,0,0,0,0,0,0,0,0,0,0,0,0,0,0,0,0,0,0,0,224462
1,1,1,1,1974,1667,-176,11743,1097,-611,41,42,33,0,0,0,0,0,0,0,0,0,0,0,0,0,0,0,0,0,0,0,0,0,0,224472
1,1,1,1,1729,-124,-1137,8530,927,-848,52,38,19,0,0,0,0,0,0,0,0,0,0,0,0,0,0,0,0,0,0,0,0,0,0,224482
1,1,1,1,1359,313,-1592,7012,521,-616,55,34,8,0,0,0,0,0,0,0,0,0,0,0,0,0,0,0,0,0,0,0,0,0,0,224492
1,1,1,1,1440,511,-1582,6801,109,-223,50,33,14,0,0,0,0,0,0,0,0,0,0,0,0,0,0,0,0,0,0,0,0,0,0,224502
1,1,1,1,1469,393,-1562,6273,83,-197,42,29,10,0,0,0,0,0,0,0,0,0,0,0,0,0,0,0,0,0,0,0,0,0,0,224512
1,1,1,1,1379,223,-1475,4996,179,-105,33,28,5,0,0,0,0,0,0,0,0,0,0,0,0,0,0,0,0,0,0,0,0,0,0,224522
1,1,1,1,1252,246,-1707,3162,384,-1,32,33,16,0,0,0,0,0,0,0,0,0,0,0,0,0,0,0,0,0,0,0,0,0,0,224532
1,1,1,1,1393,466,-1700,1432,383,-154,35,38,16,0,0,0,0,0,0,0,0,0,0,0,0,0,0,0,0,0,0,0,0,0,0,224542
1,1,1,1,1474,616,-1766,437,126,-507,32,37,13,0,0,0,0,0,0,0,0,0,0,0,0,0,0,0,0,0,0,0,0,0,0,224552
1,1,1,1,1437,513,-1641,-62,61,-639,37,36,12,0,0,0,0,0,0,0,0,0,0,0,0,0,0,0,0,0,0,0,0,0,0,224562
1,1,1,1,1472,373,-1275,-332,117,-630,46,34,3,0,0,0,0,0,0,0,0,0,0,0,0,0,0,0,0,0,0,0,0,0,0,224572
1,1,1,1,1422,480,-1265,-182,237,-505,40,35,0,0,0,0,0,0,0,0,0,0,0,0,0,0,0,0,0,0,0,0,0,0,0,224582
1,1,1,1,1379,532,-1350,-129,334,-388,42,37,13,0,0,0,0,0,0,0,0,0,0,0,0,0,0,0,0,0,0,0,0,0,0,224592
1,1,1,1,1420,648,-1390,-260,345,-400,44,39,15,0,0,0,0,0,0,0,0,0,0,0,0,0,0,0,0,0,0,0,0,0,0,224602
1,1,1,1,1354,496,-1373,13,294,-457,36,41,5,0,0,0,0,0,0,0,0,0,0,0,0,0,0,0,0,0,0,0,0,0,0,224612
1,1,1,1,1422,307,-1267,-170,337,-324,44,39,5,0,0,0,0,0,0,0,0,0,0,0,0,0,0,0,0,0,0,0,0,0,0,224622
1,1,1,1,1361,435,-1283,350,500,-184,49,37,1,0,0,0,0,0,0,0,0,0,0,0,0,0,0,0,0,0,0,0,0,0,0,224632
1,1,1,1,1496,556,-1214,922,519,-44,55,43,7,0,0,0,0,0,0,0,0,0,0,0,0,0,0,0,0,0,0,0,0,0,0,224642
1,1,1,1,1377,511,-1073,1647,536,80,57,45,10,0,0,0,0,0,0,0,0,0,0,0,0,0,0,0,0,0,0,0,0,0,0,224652
1,1,1,1,1398,584,-897,2192,605,195,57,48,17,0,0,0,0,0,0,0,0,0,0,0,0,0,0,0,0,0,0,0,0,0,0,224662
1,1,1,1,1520,581,-1059,2645,706,146,58,49,19,0,0,0,0,0,0,0,0,0,0,0,0,0,0,0,0,0,0,0,0,0,0,224672
1,1,1,1,1594,579,-1114,3417,807,126,61,48,18,0,0,0,0,0,0,0,0,0,0,0,0,0,0,0,0,0,0,0,0,0,0,224682
1,1,1,1,1575,228,-1397,3516,956,199,53,48,22,0,0,0,0,0,0,0,0,0,0,0,0,0,0,0,0,0,0,0,0,0,0,224692
1,1,1,1,1538,188,-1912,2119,808,135,52,48,22,0,0,0,0,0,0,0,0,0,0,0,0,0,0,0,0,0,0,0,0,0,0,224702
1,1,1,1,1605,372,-1747,1603,588,-7,46,47,23,0,0,0,0,0,0,0,0,0,0,0,0,0,0,0,0,0,0,0,0,0,0,224712
1,1,1,1,1539,427,-1639,652,392,-133,48,44,22,0,0,0,0,0,0,0,0,0,0,0,0,0,0,0,0,0,0,0,0,0,0,224722
1,1,1,1,1488,436,-1620,311,274,-207,47,43,18,0,0,0,0,0,0,0,0,0,0,0,0,0,0,0,0,0,0,0,0,0,0,224732
1,1,1,1,1459,366,-1658,322,208,-183,42,41,21,0,0,0,0,0,0,0,0,0,0,0,0,0,0,0,0,0,0,0,0,0,0,224742
1,1,1,1,1489,325,-1721,174,154,-161,43,39,17,0,0,0,0,0,0,0,0,0,0,0,0,0,0,0,0,0,0,0,0,0,0,224752
1,1,1,1,1435,402,-1817,-29,48,-168,47,37,13,0,0,0,0,0,0,0,0,0,0,0,0,0,0,0,0,0,0,0,0,0,0,224762
1,1,1,1,1393,425,-1761,117,-46,-111,47,36,11,0,0,0,0,0,0,0,0,0,0,0,0,0,0,0,0,0,0,0,0,0,0,224772
1,1,1,1,1398,396,-1708,347,-31,-47,46,36,13,0,0,0,0,0,0,0,0,0,0,0,0,0,0,0,0,0,0,0,0,0,0,224782
1,1,1,1,1523,408,-1654,466,12,-20,47,36,6,0,0,0,0,0,0,0,0,0,0,0,0,0,0,0,0,0,0,0,0,0,0,224792
1,1,1,1,1507,430,-1637,439,44,-60,51,35,0,0,0,0,0,0,0,0,0,0,0,0,0,0,0,0,0,0,0,0,0,0,0,224802
1,1,1,1,1501,573,-1704,804,90,-34,58,36,-4,0,0,0,0,0,0,0,0,0,0,0,0,0,0,0,0,0,0,0,0,0,0,224812
1,1,1,1,1419,698,-1731,1634,155,42,52,36,2,0,0,0,0,0,0,0,0,0,0,0,0,0,0,0,0,0,0,0,0,0,0,224822
1,1,1,1,1507,428,-1580,1722,223,70,55,37,5,0,0,0,0,0,0,0,0,0,0,0,0,0,0,0,0,0,0,0,0,0,0,224832
1,1,1,1,1520,444,-1615,1839,246,66,57,39,-5,0,0,0,0,0,0,0,0,0,0,0,0,0,0,0,0,0,0,0,0,0,0,224842
1,1,1,1,1485,444,-1616,2158,234,136,49,40,1,0,0,0,0,0,0,0,0,0,0,0,0,0,0,0,0,0,0,0,0,0,0,224852
1,1,1,1,1571,200,-1506,1752,154,124,45,39,2,0,0,0,0,0,0,0,0,0,0,0,0,0,0,0,0,0,0,0,0,0,0,224862
1,1,1,1,1697,21,-1569,1036,65,46,43,36,3,0,0,0,0,0,0,0,0,0,0,0,0,0,0,0,0,0,0,0,0,0,0,224872
1,1,1,1,1615,156,-1723,333,-14,-30,40,34,-5,0,0,0,0,0,0,0,0,0,0,0,0,0,0,0,0,0,0,0,0,0,0,224882
1,1,1,1,1523,191,-1842,-101,-42,-61,39,32,-5,0,0,0,0,0,0,0,0,0,0,0,0,0,0,0,0,0,0,0,0,0,0,224892
1,1,1,1,1451,235,-1810,-529,-106,-57,36,30,-6,0,0,0,0,0,0,0,0,0,0,0,0,0,0,0,0,0,0,0,0,0,0,224902
1,1,1,1,1403,336,-1739,-927,-172,-72,40,28,-5,0,0,0,0,0,0,0,0,0,0,0,0,0,0,0,0,0,0,0,0,0,0,224912
1,1,1,1,1433,541,-1588,-813,-198,-23,39,32,-1,0,0,0,0,0,0,0,0,0,0,0,0,0,0,0,0,0,0,0,0,0,0,224922
1,1,1,1,1432,590,-1478,-353,-239,41,44,29,4,0,0,0,0,0,0,0,0,0,0,0,0,0,0,0,0,0,0,0,0,0,0,224932
1,1,1,1,1336,530,-1535,119,-244,59,39,35,13,0,0,0,0,0,0,0,0,0,0,0,0,0,0,0,0,0,0,0,0,0,0,224942
1,1,1,1,1339,373,-1593,101,-230,30,35,36,19,0,0,0,0,0,0,0,0,0,0,0,0,0,0,0,0,0,0,0,0,0,0,224952
1,1,1,1,1413,308,-1648,-40,-265,-22,34,38,24,0,0,0,0,0,0,0,0,0,0,0,0,0,0,0,0,0,0,0,0,0,0,224962
1,1,1,1,1400,248,-1673,-131,-286,-52,36,36,28,0,0,0,0,0,0,0,0,0,0,0,0,0,0,0,0,0,0,0,0,0,0,224972
1,1,1,1,1375,261,-1618,-139,-267,-42,37,40,27,0,0,0,0,0,0,0,0,0,0,0,0,0,0,0,0,0,0,0,0,0,0,224982
1,1,1,1,1360,405,-1667,31,-229,-10,39,42,30,0,0,0,0,0,0,0,0,0,0,0,0,0,0,0,0,0,0,0,0,0,0,224992
1,1,1,1,1349,428,-1720,162,-218,24,41,42,34,0,0,0,0,0,0,0,0,0,0,0,0,0,0,0,0,0,0,0,0,0,0,225002
1,1,1,1,1346,372,-1638,223,-238,35,45,46,38,0,0,0,0,0,0,0,0,0,0,0,0,0,0,0,0,0,0,0,0,0,0,225012
1,1,1,1,1349,585,-1583,551,-264,6,44,47,54,0,0,0,0,0,0,0,0,0,0,0,0,0,0,0,0,0,0,0,0,0,0,225022
1,1,1,1,1421,648,-1617,1162,-243,-145,40,49,60,0,0,0,0,0,0,0,0,0,0,0,0,0,0,0,0,0,0,0,0,0,0,225032
1,1,1,1,1402,482,-1466,1235,-128,-169,36,52,65,0,0,0,0,0,0,0,0,0,0,0,0,0,0,0,0,0,0,0,0,0,0,225042
1,1,1,1,1365,342,-1570,1279,-71,-149,31,55,70,0,0,0,0,0,0,0,0,0,0,0,0,0,0,0,0,0,0,0,0,0,0,225052
1,1,1,1,1427,99,-1587,812,-44,-173,29,57,75,0,0,0,0,0,0,0,0,0,0,0,0,0,0,0,0,0,0,0,0,0,0,225062
1,1,1,1,1448,-57,-1655,224,-27,-171,32,57,76,0,0,0,0,0,0,0,0,0,0,0,0,0,0,0,0,0,0,0,0,0,0,225072
1,1,1,1,1530,6,-1723,-74,-61,-135,33,58,75,0,0,0,0,0,0,0,0,0,0,0,0,0,0,0,0,0,0,0,0,0,0,225082
1,1,1,1,1500,71,-1823,-44,-63,-73,31,59,72,0,0,0,0,0,0,0,0,0,0,0,0,0,0,0,0,0,0,0,0,0,0,225092
1,1,1,1,1477,105,-1715,-237,-68,-35,32,60,71,0,0,0,0,0,0,0,0,0,0,0,0,0,0,0,0,0,0,0,0,0,0,225102
1,1,1,1,1502,225,-1625,-424,-64,-33,33,60,73,0,0,0,0,0,0,0,0,0,0,0,0,0,0,0,0,0,0,0,0,0,0,225112
1,1,1,1,1533,291,-1565,-563,-90,-65,31,62,81,0,0,0,0,0,0,0,0,0,0,0,0,0,0,0,0,0,0,0,0,0,0,225122
1,1,1,1,1519,327,-1554,-546,-47,-88,30,62,80,0,0,0,0,0,0,0,0,0,0,0,0,0,0,0,0,0,0,0,0,0,0,225132
1,1,1,1,1476,306,-1568,-502,-32,-105,31,63,83,0,0,0,0,0,0,0,0,0,0,0,0,0,0,0,0,0,0,0,0,0,0,225142
1,1,1,1,1492,306,-1560,-375,-14,-113,31,63,89,0,0,0,0,0,0,0,0,0,0,0,0,0,0,0,0,0,0,0,0,0,0,225152
1,1,1,1,1444,305,-1592,-277,35,-101,31,63,91,0,0,0,0,0,0,0,0,0,0,0,0,0,0,0,0,0,0,0,0,0,0,225162
1,1,1,1,1409,232,-1628,-364,67,-108,34,64,91,0,0,0,0,0,0,0,0,0,0,0,0,0,0,0,0,0,0,0,0,0,0,225172
1,1,1,1,1441,399,-1634,-500,42,-98,33,63,90,0,0,0,0,0,0,0,0,0,0,0,0,0,0,0,0,0,0,0,0,0,0,225182
1,1,1,1,1475,339,-1770,-66,13,-105,30,63,92,0,0,0,0,0,0,0,0,0,0,0,0,0,0,0,0,0,0,0,0,0,0,225192
1,1,1,1,1420,284,-1741,-97,23,-95,28,63,91,0,0,0,0,0,0,0,0,0,0,0,0,0,0,0,0,0,0,0,0,0,0,225202
1,1,1,1,1425,370,-1699,-139,-38,-101,27,65,93,0,0,0,0,0,0,0,0,0,0,0,0,0,0,0,0,0,0,0,0,0,0,225212
1,1,1,1,1415,316,-1660,-211,-46,-143,25,65,96,0,0,0,0,0,0,0,0,0,0,0,0,0,0,0,0,0,0,0,0,0,0,225222
1,1,1,1,1458,232,-1651,-220,-42,-125,29,63,97,0,0,0,0,0,0,0,0,0,0,0,0,0,0,0,0,0,0,0,0,0,0,225232
1,1,1,1,1461,227,-1657,-194,-52,-90,26,63,96,0,0,0,0,0,0,0,0,0,0,0,0,0,0,0,0,0,0,0,0,0,0,225242
1,1,1,1,1441,297,-1682,-93,-29,-57,24,67,101,0,0,0,0,0,0,0,0,0,0,0,0,0,0,0,0,0,0,0,0,0,0,225252
1,1,1,1,1475,332,-1618,-18,-23,-64,26,63,96,0,0,0,0,0,0,0,0,0,0,0,0,0,0,0,0,0,0,0,0,0,0,225262
1,1,1,1,1473,379,-1630,117,14,-63,27,63,97,0,0,0,0,0,0,0,0,0,0,0,0,0,0,0,0,0,0,0,0,0,0,225272
1,1,1,1,1456,401,-1633,159,28,-80,27,63,100,0,0,0,0,0,0,0,0,0,0,0,0,0,0,0,0,0,0,0,0,0,0,225282
1,1,1,1,1461,385,-1654,139,14,-114,28,63,100,0,0,0,0,0,0,0,0,0,0,0,0,0,0,0,0,0,0,0,0,0,0,225292
1,1,1,1,1471,329,-1650,84,-12,-124,28,63,100,0,0,0,0,0,0,0,0,0,0,0,0,0,0,0,0,0,0,0,0,0,0,225302
1,1,1,1,1463,300,-1662,45,-22,-112,27,62,98,0,0,0,0,0,0,0,0,0,0,0,0,0,0,0,0,0,0,0,0,0,0,225312
1,1,1,1,1448,302,-1643,15,-22,-94,26,63,101,0,0,0,0,0,0,0,0,0,0,0,0,0,0,0,0,0,0,0,0,0,0,225322
1,1,1,1,1425,340,-1672,46,10,-81,26,64,101,0,0,0,0,0,0,0,0,0,0,0,0,0,0,0,0,0,0,0,0,0,0,225332
1,1,1,1,1436,372,-1685,99,-3,-81,27,65,101,0,0,0,0,0,0,0,0,0,0,0,0,0,0,0,0,0,0,0,0,0,0,225342
1,1,1,1,1437,339,-1693,126,-17,-99,29,64,102,0,0,0,0,0,0,0,0,0,0,0,0,0,0,0,0,0,0,0,0,0,0,225352
1,1,1,1,1431,315,-1688,140,6,-90,27,66,103,0,0,0,0,0,0,0,0,0,0,0,0,0,0,0,0,0,0,0,0,0,0,225362
1,1,1,1,1461,275,-1662,113,-2,-96,26,66,102,0,0,0,0,0,0,0,0,0,0,0,0,0,0,0,0,0,0,0,0,0,0,225372
1,1,1,1,1427,179,-1647,-189,17,-110,33,66,102,0,0,0,0,0,0,0,0,0,0,0,0,0,0,0,0,0,0,0,0,0,0,225382
1,1,1,1,1502,409,-1666,-72,-5,-92,29,66,100,0,0,0,0,0,0,0,0,0,0,0,0,0,0,0,0,0,0,0,0,0,0,225392
1,1,1,1,1487,287,-1718,106,3,-100,30,67,100,0,0,0,0,0,0,0,0,0,0,0,0,0,0,0,0,0,0,0,0,0,0,225402
1,1,1,1,1402,387,-1698,-32,-6,-93,30,67,103,0,0,0,0,0,0,0,0,0,0,0,0,0,0,0,0,0,0,0,0,0,0,225412
1,1,1,1,1401,414,-1739,-22,-8,-122,29,68,102,0,0,0,0,0,0,0,0,0,0,0,0,0,0,0,0,0,0,0,0,0,0,225422
1,1,1,1,1398,405,-1681,17,-10,-120,30,69,107,0,0,0,0,0,0,0,0,0,0,0,0,0,0,0,0,0,0,0,0,0,0,225432
1,1,1,1,1372,424,-1643,4,-23,-112,30,70,110,0,0,0,0,0,0,0,0,0,0,0,0,0,0,0,0,0,0,0,0,0,0,225442
1,1,1,1,1388,396,-1646,6,-16,-122,31,70,112,0,0,0,0,0,0,0,0,0,0,0,0,0,0,0,0,0,0,0,0,0,0,225452
1,1,1,1,1383,361,-1677,66,4,-116,30,72,111,0,0,0,0,0,0,0,0,0,0,0,0,0,0,0,0,0,0,0,0,0,0,225462
1,1,1,1,1365,355,-1686,147,29,-100,29,73,114,0,0,0,0,0,0,0,0,0,0,0,0,0,0,0,0,0,0,0,0,0,0,225472
1,1,1,1,1373,333,-1699,176,48,-86,31,73,113,0,0,0,0,0,0,0,0,0,0,0,0,0,0,0,0,0,0,0,0,0,0,225482
1,1,1,1,1427,323,-1726,119,42,-90,30,73,114,0,0,0,0,0,0,0,0,0,0,0,0,0,0,0,0,0,0,0,0,0,0,225492
1,1,1,1,1447,334,-1726,8,24,-87,32,74,113,0,0,0,0,0,0,0,0,0,0,0,0,0,0,0,0,0,0,0,0,0,0,225502
1,1,1,1,1458,353,-1730,-5,14,-87,33,73,114,0,0,0,0,0,0,0,0,0,0,0,0,0,0,0,0,0,0,0,0,0,0,225512
1,1,1,1,1447,359,-1684,39,8,-82,30,77,116,0,0,0,0,0,0,0,0,0,0,0,0,0,0,0,0,0,0,0,0,0,0,225522
1,1,1,1,1409,393,-1627,45,7,-92,31,76,118,0,0,0,0,0,0,0,0,0,0,0,0,0,0,0,0,0,0,0,0,0,0,225532
1,1,1,1,1394,395,-1622,103,20,-92,32,80,120,0,0,0,0,0,0,0,0,0,0,0,0,0,0,0,0,0,0,0,0,0,0,225542
1,1,1,1,1401,369,-1618,137,28,-103,30,80,121,0,0,0,0,0,0,0,0,0,0,0,0,0,0,0,0,0,0,0,0,0,0,225552
1,1,1,1,1404,328,-1645,119,36,-106,28,82,122,0,0,0,0,0,0,0,0,0,0,0,0,0,0,0,0,0,0,0,0,0,0,225562
1,1,1,1,1405,287,-1657,59,29,-95,33,82,125,0,0,0,0,0,0,0,0,0,0,0,0,0,0,0,0,0,0,0,0,0,0,225572
1,1,1,1,1417,281,-1679,30,26,-62,30,84,130,0,0,0,0,0,0,0,0,0,0,0,0,0,0,0,0,0,0,0,0,0,0,225582
1,1,1,1,1399,292,-1693,15,32,-26,34,83,133,0,0,0,0,0,0,0,0,0,0,0,0,0,0,0,0,0,0,0,0,0,0,225592
1,1,1,1,1404,352,-1726,15,31,-24,34,86,133,0,0,0,0,0,0,0,0,0,0,0,0,0,0,0,0,0,0,0,0,0,0,225602
1,1,1,1,1412,394,-1724,-1,21,-41,36,87,137,0,0,0,0,0,0,0,0,0,0,0,0,0,0,0,0,0,0,0,0,0,0,225612
1,1,1,1,1421,398,-1710,23,16,-55,34,89,138,0,0,0,0,0,0,0,0,0,0,0,0,0,0,0,0,0,0,0,0,0,0,225622
1,1,1,1,1414,407,-1664,45,17,-66,32,89,140,0,0,0,0,0,0,0,0,0,0,0,0,0,0,0,0,0,0,0,0,0,0,225632
1,1,1,1,1384,319,-1642,-132,29,-82,37,90,140,0,0,0,0,0,0,0,0,0,0,0,0,0,0,0,0,0,0,0,0,0,0,225642
1,1,1,1,1443,422,-1674,-212,-1,-63,31,88,144,0,0,0,0,0,0,0,0,0,0,0,0,0,0,0,0,0,0,0,0,0,0,225652
1,1,1,1,1411,278,-1727,-49,-3,-15,33,90,141,0,0,0,0,0,0,0,0,0,0,0,0,0,0,0,0,0,0,0,0,0,0,225672
1,1,1,1,1406,323,-1735,-12,-24,-11,33,90,144,0,0,0,0,0,0,0,0,0,0,0,0,0,0,0,0,0,0,0,0,0,0,225682
1,1,1,1,1409,343,-1690,-36,-33,-7,33,91,144,0,0,0,0,0,0,0,0,0,0,0,0,0,0,0,0,0,0,0,0,0,0,225692
1,1,1,1,1418,354,-1697,-52,-37,-1,34,90,145,0,0,0,0,0,0,0,0,0,0,0,0,0,0,0,0,0,0,0,0,0,0,225702
1,1,1,1,1420,369,-1691,-32,-47,6,34,90,144,0,0,0,0,0,0,0,0,0,0,0,0,0,0,0,0,0,0,0,0,0,0,225712
1,1,1,1,1411,400,-1650,7,-42,4,34,90,143,0,0,0,0,0,0,0,0,0,0,0,0,0,0,0,0,0,0,0,0,0,0,225722
1,1,1,1,1417,397,-1633,39,-17,3,33,91,145,0,0,0,0,0,0,0,0,0,0,0,0,0,0,0,0,0,0,0,0,0,0,225732
1,1,1,1,1419,381,-1653,55,-5,2,32,92,145,0,0,0,0,0,0,0,0,0,0,0,0,0,0,0,0,0,0,0,0,0,0,225742
1,1,1,1,1422,366,-1662,25,-1,7,33,92,144,0,0,0,0,0,0,0,0,0,0,0,0,0,0,0,0,0,0,0,0,0,0,225752
1,1,1,1,1431,335,-1665,-18,-6,10,30,92,145,0,0,0,0,0,0,0,0,0,0,0,0,0,0,0,0,0,0,0,0,0,0,225762
1,1,1,1,1437,298,-1650,-48,-6,19,31,92,145,0,0,0,0,0,0,0,0,0,0,0,0,0,0,0,0,0,0,0,0,0,0,225772
1,1,1,1,1432,327,-1676,-77,-7,28,31,90,144,0,0,0,0,0,0,0,0,0,0,0,0,0,0,0,0,0,0,0,0,0,0,225782
1,1,1,1,1424,375,-1673,-130,-19,32,30,90,146,0,0,0,0,0,0,0,0,0,0,0,0,0,0,0,0,0,0,0,0,0,0,225792
1,1,1,1,1422,391,-1672,-94,-5,23,29,89,144,0,0,0,0,0,0,0,0,0,0,0,0,0,0,0,0,0,0,0,0,0,0,225802
1,1,1,1,1425,405,-1642,-44,3,16,28,90,144,0,0,0,0,0,0,0,0,0,0,0,0,0,0,0,0,0,0,0,0,0,0,225812
1,1,1,1,1420,390,-1655,2,23,11,28,90,145,0,0,0,0,0,0,0,0,0,0,0,0,0,0,0,0,0,0,0,0,0,0,225832
1,1,1,1,1412,382,-1663,0,18,18,28,89,144,0,0,0,0,0,0,0,0,0,0,0,0,0,0,0,0,0,0,0,0,0,0,225842
1,1,1,1,1417,362,-1675,-1,23,16,27,90,142,0,0,0,0,0,0,0,0,0,0,0,0,0,0,0,0,0,0,0,0,0,0,225852
1,1,1,1,1419,335,-1672,-29,5,19,26,90,145,0,0,0,0,0,0,0,0,0,0,0,0,0,0,0,0,0,0,0,0,0,0,225862
1,1,1,1,1421,347,-1675,-52,-7,22,27,87,141,0,0,0,0,0,0,0,0,0,0,0,0,0,0,0,0,0,0,0,0,0,0,225872
1,1,1,1,1412,358,-1674,-49,-9,21,27,85,142,0,0,0,0,0,0,0,0,0,0,0,0,0,0,0,0,0,0,0,0,0,0,225882
1,1,1,1,1408,388,-1660,-34,-8,21,28,87,143,0,0,0,0,0,0,0,0,0,0,0,0,0,0,0,0,0,0,0,0,0,0,225892
1,1,1,1,1414,396,-1660,-56,-11,12,26,88,144,0,0,0,0,0,0,0,0,0,0,0,0,0,0,0,0,0,0,0,0,0,0,225902
1,1,1,1,1422,360,-1669,-70,-14,5,29,86,141,0,0,0,0,0,0,0,0,0,0,0,0,0,0,0,0,0,0,0,0,0,0,225912
1,1,1,1,1420,365,-1661,-85,-16,9,26,88,142,0,0,0,0,0,0,0,0,0,0,0,0,0,0,0,0,0,0,0,0,0,0,225922
1,1,1,1,1406,390,-1671,-102,-18,6,24,87,141,0,0,0,0,0,0,0,0,0,0,0,0,0,0,0,0,0,0,0,0,0,0,225932
1,1,1,1,1399,398,-1672,-76,-27,4,23,88,139,0,0,0,0,0,0,0,0,0,0,0,0,0,0,0,0,0,0,0,0,0,0,225942
1,1,1,1,1401,399,-1662,-47,-35,-1,25,87,139,0,0,0,0,0,0,0,0,0,0,0,0,0,0,0,0,0,0,0,0,0,0,225952
1,1,1,1,1399,388,-1654,-23,-32,-7,26,88,136,0,0,0,0,0,0,0,0,0,0,0,0,0,0,0,0,0,0,0,0,0,0,225962
1,1,1,1,1400,372,-1645,-23,-34,-8,24,88,139,0,0,0,0,0,0,0,0,0,0,0,0,0,0,0,0,0,0,0,0,0,0,225972
1,1,1,1,1396,374,-1649,-67,-44,-6,27,88,137,0,0,0,0,0,0,0,0,0,0,0,0,0,0,0,0,0,0,0,0,0,0,225982
1,1,1,1,1400,379,-1655,-94,-49,-8,27,87,137,0,0,0,0,0,0,0,0,0,0,0,0,0,0,0,0,0,0,0,0,0,0,225992
1,1,1,1,1413,365,-1649,-75,-34,-11,26,87,133,0,0,0,0,0,0,0,0,0,0,0,0,0,0,0,0,0,0,0,0,0,0,226002
1,1,1,1,1410,375,-1647,-70,-37,-9,25,86,133,0,0,0,0,0,0,0,0,0,0,0,0,0,0,0,0,0,0,0,0,0,0,226012
1,1,1,1,1408,382,-1649,-72,-36,-20,25,86,133,0,0,0,0,0,0,0,0,0,0,0,0,0,0,0,0,0,0,0,0,0,0,226022
1,1,1,1,1402,402,-1662,-60,-29,-21,24,86,134,0,0,0,0,0,0,0,0,0,0,0,0,0,0,0,0,0,0,0,0,0,0,226042
1,1,1,1,1404,408,-1653,-54,-18,-18,24,87,132,0,0,0,0,0,0,0,0,0,0,0,0,0,0,0,0,0,0,0,0,0,0,226052
1,1,1,1,1403,397,-1664,-51,-22,-21,26,86,133,0,0,0,0,0,0,0,0,0,0,0,0,0,0,0,0,0,0,0,0,0,0,226062
1,1,1,1,1405,379,-1660,-47,-19,-22,25,86,132,0,0,0,0,0,0,0,0,0,0,0,0,0,0,0,0,0,0,0,0,0,0,226072
1,1,1,1,1401,384,-1646,-43,-15,-22,28,86,132,0,0,0,0,0,0,0,0,0,0,0,0,0,0,0,0,0,0,0,0,0,0,226082
1,1,1,1,1404,404,-1637,-23,-12,-21,26,85,133,0,0,0,0,0,0,0,0,0,0,0,0,0,0,0,0,0,0,0,0,0,0,226092
1,1,1,1,1405,392,-1638,6,-1,-24,26,86,130,0,0,0,0,0,0,0,0,0,0,0,0,0,0,0,0,0,0,0,0,0,0,226102
1,1,1,1,1402,395,-1650,-2,3,-22,27,85,133,0,0,0,0,0,0,0,0,0,0,0,0,0,0,0,0,0,0,0,0,0,0,226112
1,1,1,1,1403,391,-1673,-30,-7,-18,27,86,132,0,0,0,0,0,0,0,0,0,0,0,0,0,0,0,0,0,0,0,0,0,0,226122
1,1,1,1,1409,395,-1671,-25,-2,-16,25,86,133,0,0,0,0,0,0,0,0,0,0,0,0,0,0,0,0,0,0,0,0,0,0,226132
1,1,1,1,1417,402,-1655,-25,-18,-14,23,85,135,0,0,0,0,0,0,0,0,0,0,0,0,0,0,0,0,0,0,0,0,0,0,226142
1,1,1,1,1413,409,-1656,-25,-26,-15,26,82,133,0,0,0,0,0,0,0,0,0,0,0,0,0,0,0,0,0,0,0,0,0,0,226152
1,1,1,1,1407,410,-1669,-29,-24,-16,23,87,133,0,0,0,0,0,0,0,0,0,0,0,0,0,0,0,0,0,0,0,0,0,0,226162
1,1,1,1,1410,394,-1671,-17,-24,-21,24,86,132,0,0,0,0,0,0,0,0,0,0,0,0,0,0,0,0,0,0,0,0,0,0,226172
1,1,1,1,1411,387,-1652,-12,-14,-16,25,85,134,0,0,0,0,0,0,0,0,0,0,0,0,0,0,0,0,0,0,0,0,0,0,226182
1,1,1,1,1408,400,-1644,-12,-5,-13,26,87,134,0,0,0,0,0,0,0,0,0,0,0,0,0,0,0,0,0,0,0,0,0,0,226192
1,1,1,1,1413,390,-1641,-13,1,-6,25,85,130,0,0,0,0,0,0,0,0,0,0,0,0,0,0,0,0,0,0,0,0,0,0,226202
1,1,1,1,1407,391,-1654,-11,2,3,27,85,131,0,0,0,0,0,0,0,0,0,0,0,0,0,0,0,0,0,0,0,0,0,0,226212
1,1,1,1,1410,406,-1664,-9,-3,2,27,85,133,0,0,0,0,0,0,0,0,0,0,0,0,0,0,0,0,0,0,0,0,0,0,226222
1,1,1,1,1405,403,-1646,-10,-8,3,27,85,133,0,0,0,0,0,0,0,0,0,0,0,0,0,0,0,0,0,0,0,0,0,0,226232
1,1,1,1,1410,392,-1653,0,-6,7,25,85,132,0,0,0,0,0,0,0,0,0,0,0,0,0,0,0,0,0,0,0,0,0,0,226242
1,1,1,1,1407,400,-1667,-2,-9,4,23,85,134,0,0,0,0,0,0,0,0,0,0,0,0,0,0,0,0,0,0,0,0,0,0,226252
1,1,1,1,1401,401,-1666,-2,-17,2,24,86,132,0,0,0,0,0,0,0,0,0,0,0,0,0,0,0,0,0,0,0,0,0,0,226262
1,1,1,1,1403,391,-1634,1,-11,5,26,85,130,0,0,0,0,0,0,0,0,0,0,0,0,0,0,0,0,0,0,0,0,0,0,226272
1,1,1,1,1403,407,-1643,-10,-21,10,26,85,131,0,0,0,0,0,0,0,0,0,0,0,0,0,0,0,0,0,0,0,0,0,0,226282
1,1,1,1,1399,419,-1685,-15,-26,11,26,85,130,0,0,0,0,0,0,0,0,0,0,0,0,0,0,0,0,0,0,0,0,0,0,226292
1,1,1,1,1405,400,-1658,-3,-23,11,25,86,130,0,0,0,0,0,0,0,0,0,0,0,0,0,0,0,0,0,0,0,0,0,0,226302
1,1,1,1,1415,390,-1624,6,-18,11,24,86,130,0,0,0,0,0,0,0,0,0,0,0,0,0,0,0,0,0,0,0,0,0,0,226312
1,1,1,1,1415,396,-1626,29,-13,15,23,85,131,0,0,0,0,0,0,0,0,0,0,0,0,0,0,0,0,0,0,0,0,0,0,226322
1,1,1,1,1408,404,-1643,39,-6,14,25,85,130,0,0,0,0,0,0,0,0,0,0,0,0,0,0,0,0,0,0,0,0,0,0,226332
1,1,1,1,1413,402,-1659,17,-9,10,23,86,133,0,0,0,0,0,0,0,0,0,0,0,0,0,0,0,0,0,0,0,0,0,0,226342
1,1,1,1,1416,383,-1648,2,-6,3,24,86,132,0,0,0,0,0,0,0,0,0,0,0,0,0,0,0,0,0,0,0,0,0,0,226352
1,1,1,1,1413,380,-1635,-3,5,1,25,86,131,0,0,0,0,0,0,0,0,0,0,0,0,0,0,0,0,0,0,0,0,0,0,226362
1,1,1,1,1408,393,-1648,5,14,-4,24,86,132,0,0,0,0,0,0,0,0,0,0,0,0,0,0,0,0,0,0,0,0,0,0,226372
1,1,1,1,1405,406,-1650,23,26,-6,27,86,132,0,0,0,0,0,0,0,0,0,0,0,0,0,0,0,0,0,0,0,0,0,0,226382
1,1,1,1,1407,410,-1645,49,34,-11,27,86,133,0,0,0,0,0,0,0,0,0,0,0,0,0,0,0,0,0,0,0,0,0,0,226392
1,1,1,1,1412,400,-1645,43,28,-8,24,86,136,0,0,0,0,0,0,0,0,0,0,0,0,0,0,0,0,0,0,0,0,0,0,226402
1,1,1,1,1414,392,-1668,19,18,-10,23,87,135,0,0,0,0,0,0,0,0,0,0,0,0,0,0,0,0,0,0,0,0,0,0,226412
1,1,1,1,1415,386,-1665,-1,6,-11,22,86,135,0,0,0,0,0,0,0,0,0,0,0,0,0,0,0,0,0,0,0,0,0,0,226422
1,1,1,1,1410,382,-1663,16,2,-5,25,81,134,0,0,0,0,0,0,0,0,0,0,0,0,0,0,0,0,0,0,0,0,0,0,226432
1,1,1,1,1400,402,-1683,12,-7,-3,19,87,135,0,0,0,0,0,0,0,0,0,0,0,0,0,0,0,0,0,0,0,0,0,0,226442
1,1,1,1,1399,407,-1678,12,-1,-4,22,87,135,0,0,0,0,0,0,0,0,0,0,0,0,0,0,0,0,0,0,0,0,0,0,226452
1,1,1,1,1402,389,-1657,20,1,-3,24,83,133,0,0,0,0,0,0,0,0,0,0,0,0,0,0,0,0,0,0,0,0,0,0,226462
1,1,1,1,1408,380,-1650,15,7,5,21,84,134,0,0,0,0,0,0,0,0,0,0,0,0,0,0,0,0,0,0,0,0,0,0,226472
1,1,1,1,1405,404,-1668,-6,-2,10,22,87,135,0,0,0,0,0,0,0,0,0,0,0,0,0,0,0,0,0,0,0,0,0,0,226482
1,1,1,1,1412,408,-1667,-3,-8,6,22,87,134,0,0,0,0,0,0,0,0,0,0,0,0,0,0,0,0,0,0,0,0,0,0,226492
1,1,1,1,1415,402,-1647,-4,-3,8,24,84,133,0,0,0,0,0,0,0,0,0,0,0,0,0,0,0,0,0,0,0,0,0,0,226502
1,1,1,1,1414,393,-1642,-6,-9,10,24,86,138,0,0,0,0,0,0,0,0,0,0,0,0,0,0,0,0,0,0,0,0,0,0,226512
1,1,1,1,1417,390,-1654,-7,-7,8,25,85,134,0,0,0,0,0,0,0,0,0,0,0,0,0,0,0,0,0,0,0,0,0,0,226522
1,1,1,1,1412,389,-1663,-6,-5,7,25,85,136,0,0,0,0,0,0,0,0,0,0,0,0,0,0,0,0,0,0,0,0,0,0,226532
1,1,1,1,1409,382,-1651,10,1,6,25,85,135,0,0,0,0,0,0,0,0,0,0,0,0,0,0,0,0,0,0,0,0,0,0,226542
1,1,1,1,1412,381,-1641,26,10,4,24,86,135,0,0,0,0,0,0,0,0,0,0,0,0,0,0,0,0,0,0,0,0,0,0,226552
1,1,1,1,1406,390,-1650,24,9,6,21,86,136,0,0,0,0,0,0,0,0,0,0,0,0,0,0,0,0,0,0,0,0,0,0,226562
1,1,1,1,1401,402,-1666,12,4,5,23,85,136,0,0,0,0,0,0,0,0,0,0,0,0,0,0,0,0,0,0,0,0,0,0,226572
1,1,1,1,1401,395,-1661,-5,-7,6,24,85,134,0,0,0,0,0,0,0,0,0,0,0,0,0,0,0,0,0,0,0,0,0,0,226582
1,1,1,1,1399,397,-1671,-17,-8,7,25,85,134,0,0,0,0,0,0,0,0,0,0,0,0,0,0,0,0,0,0,0,0,0,0,226592
1,1,1,1,1396,405,-1673,8,-4,10,25,86,134,0,0,0,0,0,0,0,0,0,0,0,0,0,0,0,0,0,0,0,0,0,0,226602
1,1,1,1,1391,405,-1664,12,-5,9,24,86,133,0,0,0,0,0,0,0,0,0,0,0,0,0,0,0,0,0,0,0,0,0,0,226612
1,1,1,1,1388,394,-1661,10,1,13,25,86,134,0,0,0,0,0,0,0,0,0,0,0,0,0,0,0,0,0,0,0,0,0,0,226622
1,1,1,1,1394,382,-1658,17,2,19,26,85,135,0,0,0,0,0,0,0,0,0,0,0,0,0,0,0,0,0,0,0,0,0,0,226632
1,1,1,1,1394,395,-1644,18,1,14,25,85,134,0,0,0,0,0,0,0,0,0,0,0,0,0,0,0,0,0,0,0,0,0,0,226642
1,1,1,1,1405,386,-1637,19,1,11,24,85,134,0,0,0,0,0,0,0,0,0,0,0,0,0,0,0,0,0,0,0,0,0,0,226652
1,1,1,1,1410,391,-1642,16,-3,11,27,85,133,0,0,0,0,0,0,0,0,0,0,0,0,0,0,0,0,0,0,0,0,0,0,226662
1,1,1,1,1409,398,-1643,18,-3,9,25,86,136,0,0,0,0,0,0,0,0,0,0,0,0,0,0,0,0,0,0,0,0,0,0,226672
1,1,1,1,1409,399,-1653,30,8,9,27,84,136,0,0,0,0,0,0,0,0,0,0,0,0,0,0,0,0,0,0,0,0,0,0,226682
1,1,1,1,1412,390,-1657,20,10,7,25,85,136,0,0,0,0,0,0,0,0,0,0,0,0,0,0,0,0,0,0,0,0,0,0,226692
1,1,1,1,1417,385,-1670,26,1,13,26,84,136,0,0,0,0,0,0,0,0,0,0,0,0,0,0,0,0,0,0,0,0,0,0,226702
1,1,1,1,1420,395,-1673,3,-6,10,25,85,137,0,0,0,0,0,0,0,0,0,0,0,0,0,0,0,0,0,0,0,0,0,0,226712
1,1,1,1,1427,370,-1665,-17,-10,5,26,86,132,0,0,0,0,0,0,0,0,0,0,0,0,0,0,0,0,0,0,0,0,0,0,226722
1,1,1,1,1435,358,-1655,-28,-12,6,28,83,135,0,0,0,0,0,0,0,0,0,0,0,0,0,0,0,0,0,0,0,0,0,0,226732
1,1,1,1,1432,384,-1659,-21,-22,6,25,85,136,0,0,0,0,0,0,0,0,0,0,0,0,0,0,0,0,0,0,0,0,0,0,226742
1,1,1,1,1431,410,-1652,-11,-18,0,26,83,133,0,0,0,0,0,0,0,0,0,0,0,0,0,0,0,0,0,0,0,0,0,0,226752
1,1,1,1,1429,409,-1643,9,-2,0,25,85,136,0,0,0,0,0,0,0,0,0,0,0,0,0,0,0,0,0,0,0,0,0,0,226762
1,1,1,1,1419,403,-1646,20,3,-3,22,88,139,0,0,0,0,0,0,0,0,0,0,0,0,0,0,0,0,0,0,0,0,0,0,226772
1,1,1,1,1408,408,-1651,13,6,-1,23,86,136,0,0,0,0,0,0,0,0,0,0,0,0,0,0,0,0,0,0,0,0,0,0,226782
1,1,1,1,1407,396,-1650,9,8,0,25,84,135,0,0,0,0,0,0,0,0,0,0,0,0,0,0,0,0,0,0,0,0,0,0,226792
1,1,1,1,1412,375,-1638,9,4,-2,25,87,137,0,0,0,0,0,0,0,0,0,0,0,0,0,0,0,0,0,0,0,0,0,0,226802
1,1,1,1,1411,369,-1636,6,8,4,24,86,137,0,0,0,0,0,0,0,0,0,0,0,0,0,0,0,0,0,0,0,0,0,0,226812
1,1,1,1,1407,386,-1664,15,-9,7,26,86,138,0,0,0,0,0,0,0,0,0,0,0,0,0,0,0,0,0,0,0,0,0,0,226822
1,1,1,1,1403,398,-1661,1,-9,6,24,85,139,0,0,0,0,0,0,0,0,0,0,0,0,0,0,0,0,0,0,0,0,0,0,226832
1,1,1,1,1411,397,-1659,-4,-10,7,24,86,140,0,0,0,0,0,0,0,0,0,0,0,0,0,0,0,0,0,0,0,0,0,0,226842
1,1,1,1,1413,399,-1653,1,-12,7,26,85,135,0,0,0,0,0,0,0,0,0,0,0,0,0,0,0,0,0,0,0,0,0,0,226852
1,1,1,1,1406,399,-1652,2,-20,5,26,86,136,0,0,0,0,0,0,0,0,0,0,0,0,0,0,0,0,0,0,0,0,0,0,226862
1,1,1,1,1409,392,-1642,7,-17,5,25,85,137,0,0,0,0,0,0,0,0,0,0,0,0,0,0,0,0,0,0,0,0,0,0,226872
1,1,1,1,1411,373,-1645,17,-14,1,24,86,134,0,0,0,0,0,0,0,0,0,0,0,0,0,0,0,0,0,0,0,0,0,0,226882
1,1,1,1,1417,370,-1646,-5,-9,4,25,85,137,0,0,0,0,0,0,0,0,0,0,0,0,0,0,0,0,0,0,0,0,0,0,226892
1,1,1,1,1414,386,-1667,-19,-5,2,25,86,135,0,0,0,0,0,0,0,0,0,0,0,0,0,0,0,0,0,0,0,0,0,0,226902
1,1,1,1,1422,386,-1666,-5,0,1,25,86,135,0,0,0,0,0,0,0,0,0,0,0,0,0,0,0,0,0,0,0,0,0,0,226912
1,1,1,1,1426,374,-1652,-6,2,0,24,85,137,0,0,0,0,0,0,0,0,0,0,0,0,0,0,0,0,0,0,0,0,0,0,226922
1,1,1,1,1426,378,-1655,-7,0,3,24,85,138,0,0,0,0,0,0,0,0,0,0,0,0,0,0,0,0,0,0,0,0,0,0,226932
1,1,1,1,1426,393,-1648,6,5,14,23,85,136,0,0,0,0,0,0,0,0,0,0,0,0,0,0,0,0,0,0,0,0,0,0,226942
1,1,1,1,1415,404,-1657,1,-10,12,21,85,136,0,0,0,0,0,0,0,0,0,0,0,0,0,0,0,0,0,0,0,0,0,0,226952
1,1,1,1,1417,402,-1667,-7,-19,7,22,86,137,0,0,0,0,0,0,0,0,0,0,0,0,0,0,0,0,0,0,0,0,0,0,226962
1,1,1,1,1424,370,-1668,-22,-26,7,24,85,137,0,0,0,0,0,0,0,0,0,0,0,0,0,0,0,0,0,0,0,0,0,0,226972
1,1,1,1,1419,367,-1677,-20,-24,12,24,85,137,0,0,0,0,0,0,0,0,0,0,0,0,0,0,0,0,0,0,0,0,0,0,226982
1,1,1,1,1407,397,-1671,-17,-29,12,24,85,138,0,0,0,0,0,0,0,0,0,0,0,0,0,0,0,0,0,0,0,0,0,0,226992
1,1,1,1,1403,400,-1655,-8,-33,12,25,84,135,0,0,0,0,0,0,0,0,0,0,0,0,0,0,0,0,0,0,0,0,0,0,227002
1,1,1,1,1399,393,-1660,0,-33,13,24,85,136,0,0,0,0,0,0,0,0,0,0,0,0,0,0,0,0,0,0,0,0,0,0,227012
1,1,1,1,1400,398,-1662,5,-34,12,22,85,137,0,0,0,0,0,0,0,0,0,0,0,0,0,0,0,0,0,0,0,0,0,0,227022
1,1,1,1,1396,402,-1657,4,-36,16,24,86,139,0,0,0,0,0,0,0,0,0,0,0,0,0,0,0,0,0,0,0,0,0,0,227032
1,1,1,1,1406,392,-1654,-22,-54,11,22,84,137,0,0,0,0,0,0,0,0,0,0,0,0,0,0,0,0,0,0,0,0,0,0,227042
1,1,1,1,1416,350,-1646,-28,-41,10,24,85,136,0,0,0,0,0,0,0,0,0,0,0,0,0,0,0,0,0,0,0,0,0,0,227052
1,1,1,1,1418,346,-1649,-42,-40,13,21,85,134,0,0,0,0,0,0,0,0,0,0,0,0,0,0,0,0,0,0,0,0,0,0,227062
1,1,1,1,1409,380,-1665,-55,-39,15,23,82,134,0,0,0,0,0,0,0,0,0,0,0,0,0,0,0,0,0,0,0,0,0,0,227072
1,1,1,1,1401,406,-1664,-52,-42,13,22,86,137,0,0,0,0,0,0,0,0,0,0,0,0,0,0,0,0,0,0,0,0,0,0,227082
1,1,1,1,1399,418,-1650,-21,-31,6,22,84,137,0,0,0,0,0,0,0,0,0,0,0,0,0,0,0,0,0,0,0,0,0,0,227092
1,1,1,1,1398,429,-1649,16,-19,-1,23,84,136,0,0,0,0,0,0,0,0,0,0,0,0,0,0,0,0,0,0,0,0,0,0,227102
1,1,1,1,1396,415,-1649,13,-22,-4,24,85,137,0,0,0,0,0,0,0,0,0,0,0,0,0,0,0,0,0,0,0,0,0,0,227112
1,1,1,1,1400,392,-1663,8,-24,-8,24,85,137,0,0,0,0,0,0,0,0,0,0,0,0,0,0,0,0,0,0,0,0,0,0,227122
1,1,1,1,1402,355,-1652,-5,-25,-7,25,85,138,0,0,0,0,0,0,0,0,0,0,0,0,0,0,0,0,0,0,0,0,0,0,227132
1,1,1,1,1401,361,-1661,-24,-24,3,22,86,139,0,0,0,0,0,0,0,0,0,0,0,0,0,0,0,0,0,0,0,0,0,0,227142
1,1,1,1,1395,378,-1685,-43,-29,8,24,85,138,0,0,0,0,0,0,0,0,0,0,0,0,0,0,0,0,0,0,0,0,0,0,227152
1,1,1,1,1404,377,-1685,-46,-35,11,24,86,137,0,0,0,0,0,0,0,0,0,0,0,0,0,0,0,0,0,0,0,0,0,0,227162
1,1,1,1,1408,381,-1667,-43,-38,14,26,85,140,0,0,0,0,0,0,0,0,0,0,0,0,0,0,0,0,0,0,0,0,0,0,227172
1,1,1,1,1407,397,-1671,-50,-44,19,24,85,138,0,0,0,0,0,0,0,0,0,0,0,0,0,0,0,0,0,0,0,0,0,0,227182
1,1,1,1,1402,417,-1672,-55,-47,20,26,86,134,0,0,0,0,0,0,0,0,0,0,0,0,0,0,0,0,0,0,0,0,0,0,227192
1,1,1,1,1422,364,-1656,-52,-43,20,24,86,135,0,0,0,0,0,0,0,0,0,0,0,0,0,0,0,0,0,0,0,0,0,0,227222
1,1,1,1,1426,369,-1665,-54,-40,27,24,86,136,0,0,0,0,0,0,0,0,0,0,0,0,0,0,0,0,0,0,0,0,0,0,227232
1,1,1,1,1416,383,-1664,-47,-49,35,23,86,135,0,0,0,0,0,0,0,0,0,0,0,0,0,0,0,0,0,0,0,0,0,0,227242
1,1,1,1,1411,389,-1661,-63,-69,42,24,86,135,0,0,0,0,0,0,0,0,0,0,0,0,0,0,0,0,0,0,0,0,0,0,227252
1,1,1,1,1402,400,-1665,-62,-64,44,25,85,134,0,0,0,0,0,0,0,0,0,0,0,0,0,0,0,0,0,0,0,0,0,0,227272
1,1,1,1,1414,384,-1667,-70,-61,43,25,86,138,0,0,0,0,0,0,0,0,0,0,0,0,0,0,0,0,0,0,0,0,0,0,227282
1,1,1,1,1416,376,-1680,-68,-67,41,25,85,135,0,0,0,0,0,0,0,0,0,0,0,0,0,0,0,0,0,0,0,0,0,0,227292
1,1,1,1,1414,389,-1661,-69,-73,38,23,85,136,0,0,0,0,0,0,0,0,0,0,0,0,0,0,0,0,0,0,0,0,0,0,227302
1,1,1,1,1409,405,-1655,-50,-62,38,24,85,136,0,0,0,0,0,0,0,0,0,0,0,0,0,0,0,0,0,0,0,0,0,0,227312
1,1,1,1,1401,413,-1648,-43,-66,39,23,86,137,0,0,0,0,0,0,0,0,0,0,0,0,0,0,0,0,0,0,0,0,0,0,227322
1,1,1,1,1400,406,-1649,-51,-56,42,24,83,135,0,0,0,0,0,0,0,0,0,0,0,0,0,0,0,0,0,0,0,0,0,0,227332
1,1,1,1,1399,397,-1668,-54,-60,41,20,86,136,0,0,0,0,0,0,0,0,0,0,0,0,0,0,0,0,0,0,0,0,0,0,227342
1,1,1,1,1410,371,-1657,-75,-75,39,23,84,134,0,0,0,0,0,0,0,0,0,0,0,0,0,0,0,0,0,0,0,0,0,0,227352
1,1,1,1,1407,360,-1660,-84,-77,44,21,87,138,0,0,0,0,0,0,0,0,0,0,0,0,0,0,0,0,0,0,0,0,0,0,227362
1,1,1,1,1405,375,-1670,-75,-72,45,21,86,137,0,0,0,0,0,0,0,0,0,0,0,0,0,0,0,0,0,0,0,0,0,0,227372
1,1,1,1,1398,389,-1666,-65,-74,46,22,84,136,0,0,0,0,0,0,0,0,0,0,0,0,0,0,0,0,0,0,0,0,0,0,227382
1,1,1,1,1386,413,-1681,-78,-78,46,20,87,136,0,0,0,0,0,0,0,0,0,0,0,0,0,0,0,0,0,0,0,0,0,0,227392
1,1,1,1,1381,425,-1682,-64,-74,47,22,85,137,0,0,0,0,0,0,0,0,0,0,0,0,0,0,0,0,0,0,0,0,0,0,227402
1,1,1,1,1396,419,-1669,-50,-79,40,23,85,135,0,0,0,0,0,0,0,0,0,0,0,0,0,0,0,0,0,0,0,0,0,0,227412
1,1,1,1,1391,431,-1657,-69,-88,38,23,84,135,0,0,0,0,0,0,0,0,0,0,0,0,0,0,0,0,0,0,0,0,0,0,227422
1,1,1,1,1394,429,-1666,-71,-92,34,23,85,138,0,0,0,0,0,0,0,0,0,0,0,0,0,0,0,0,0,0,0,0,0,0,227432
1,1,1,1,1400,393,-1654,-74,-89,31,23,86,138,0,0,0,0,0,0,0,0,0,0,0,0,0,0,0,0,0,0,0,0,0,0,227442
1,1,1,1,1407,356,-1637,-88,-85,36,21,86,136,0,0,0,0,0,0,0,0,0,0,0,0,0,0,0,0,0,0,0,0,0,0,227452
1,1,1,1,1405,381,-1662,-103,-94,38,22,84,138,0,0,0,0,0,0,0,0,0,0,0,0,0,0,0,0,0,0,0,0,0,0,227462
1,1,1,1,1387,421,-1650,-87,-80,33,21,84,136,0,0,0,0,0,0,0,0,0,0,0,0,0,0,0,0,0,0,0,0,0,0,227482
1,1,1,1,1391,427,-1640,-55,-61,23,23,84,137,0,0,0,0,0,0,0,0,0,0,0,0,0,0,0,0,0,0,0,0,0,0,227492
1,1,1,1,1389,425,-1633,-20,-39,17,22,85,136,0,0,0,0,0,0,0,0,0,0,0,0,0,0,0,0,0,0,0,0,0,0,227502
1,1,1,1,1393,411,-1629,-13,-25,12,22,84,137,0,0,0,0,0,0,0,0,0,0,0,0,0,0,0,0,0,0,0,0,0,0,227512
1,1,1,1,1400,400,-1638,-7,-22,9,22,85,136,0,0,0,0,0,0,0,0,0,0,0,0,0,0,0,0,0,0,0,0,0,0,227522
1,1,1,1,1400,399,-1652,-17,-21,5,21,85,136,0,0,0,0,0,0,0,0,0,0,0,0,0,0,0,0,0,0,0,0,0,0,227532
1,1,1,1,1393,404,-1675,-15,-17,4,21,84,140,0,0,0,0,0,0,0,0,0,0,0,0,0,0,0,0,0,0,0,0,0,0,227542
1,1,1,1,1391,409,-1667,-24,-17,1,24,84,138,0,0,0,0,0,0,0,0,0,0,0,0,0,0,0,0,0,0,0,0,0,0,227552
1,1,1,1,1399,388,-1671,-49,-25,1,21,86,139,0,0,0,0,0,0,0,0,0,0,0,0,0,0,0,0,0,0,0,0,0,0,227562
1,1,1,1,1389,396,-1689,-32,-19,7,21,85,138,0,0,0,0,0,0,0,0,0,0,0,0,0,0,0,0,0,0,0,0,0,0,227572
1,1,1,1,1377,412,-1679,-24,-22,4,20,85,138,0,0,0,0,0,0,0,0,0,0,0,0,0,0,0,0,0,0,0,0,0,0,227582
1,1,1,1,1378,411,-1668,-23,-28,6,20,86,140,0,0,0,0,0,0,0,0,0,0,0,0,0,0,0,0,0,0,0,0,0,0,227592
1,1,1,1,1378,417,-1681,-4,-33,10,18,87,139,0,0,0,0,0,0,0,0,0,0,0,0,0,0,0,0,0,0,0,0,0,0,227602
1,1,1,1,1386,398,-1664,-2,-40,8,21,86,137,0,0,0,0,0,0,0,0,0,0,0,0,0,0,0,0,0,0,0,0,0,0,227612
1,1,1,1,1401,381,-1663,-9,-36,16,21,84,136,0,0,0,0,0,0,0,0,0,0,0,0,0,0,0,0,0,0,0,0,0,0,227622
1,1,1,1,1399,383,-1681,-20,-40,21,19,85,141,0,0,0,0,0,0,0,0,0,0,0,0,0,0,0,0,0,0,0,0,0,0,227632
1,1,1,1,1397,399,-1688,-25,-43,23,21,84,136,0,0,0,0,0,0,0,0,0,0,0,0,0,0,0,0,0,0,0,0,0,0,227642
1,1,1,1,1383,413,-1670,-33,-51,26,19,86,139,0,0,0,0,0,0,0,0,0,0,0,0,0,0,0,0,0,0,0,0,0,0,227652
1,1,1,1,1387,415,-1669,-42,-50,29,19,85,138,0,0,0,0,0,0,0,0,0,0,0,0,0,0,0,0,0,0,0,0,0,0,227662
1,1,1,1,1386,412,-1668,-48,-45,27,17,88,140,0,0,0,0,0,0,0,0,0,0,0,0,0,0,0,0,0,0,0,0,0,0,227672
1,1,1,1,1389,403,-1693,-40,-52,20,18,87,141,0,0,0,0,0,0,0,0,0,0,0,0,0,0,0,0,0,0,0,0,0,0,227692
1,1,1,1,1376,413,-1693,-22,-55,18,20,85,139,0,0,0,0,0,0,0,0,0,0,0,0,0,0,0,0,0,0,0,0,0,0,227702
1,1,1,1,1376,420,-1694,-3,-41,14,20,85,136,0,0,0,0,0,0,0,0,0,0,0,0,0,0,0,0,0,0,0,0,0,0,227712
1,1,1,1,1378,412,-1684,17,-33,13,21,85,138,0,0,0,0,0,0,0,0,0,0,0,0,0,0,0,0,0,0,0,0,0,0,227722
1,1,1,1,1380,409,-1677,-9,-47,11,21,85,137,0,0,0,0,0,0,0,0,0,0,0,0,0,0,0,0,0,0,0,0,0,0,227732
1,1,1,1,1388,402,-1679,-31,-51,7,21,86,140,0,0,0,0,0,0,0,0,0,0,0,0,0,0,0,0,0,0,0,0,0,0,227742
1,1,1,1,1388,397,-1657,-58,-52,11,19,85,139,0,0,0,0,0,0,0,0,0,0,0,0,0,0,0,0,0,0,0,0,0,0,227752
1,1,1,1,1383,405,-1660,-45,-43,6,21,85,136,0,0,0,0,0,0,0,0,0,0,0,0,0,0,0,0,0,0,0,0,0,0,227762
1,1,1,1,1382,403,-1650,-35,-34,1,20,85,137,0,0,0,0,0,0,0,0,0,0,0,0,0,0,0,0,0,0,0,0,0,0,227772
1,1,1,1,1384,410,-1666,-29,-34,0,18,85,137,0,0,0,0,0,0,0,0,0,0,0,0,0,0,0,0,0,0,0,0,0,0,227782
1,1,1,1,1383,395,-1674,-30,-34,-4,21,85,136,0,0,0,0,0,0,0,0,0,0,0,0,0,0,0,0,0,0,0,0,0,0,227792
1,1,1,1,1378,399,-1669,-27,-33,1,21,85,133,0,0,0,0,0,0,0,0,0,0,0,0,0,0,0,0,0,0,0,0,0,0,227802
1,1,1,1,1373,425,-1673,-21,-34,-4,19,85,134,0,0,0,0,0,0,0,0,0,0,0,0,0,0,0,0,0,0,0,0,0,0,227812
1,1,1,1,1370,427,-1661,-16,-36,-6,22,84,133,0,0,0,0,0,0,0,0,0,0,0,0,0,0,0,0,0,0,0,0,0,0,227822
1,1,1,1,1373,419,-1671,-10,-36,-6,21,85,132,0,0,0,0,0,0,0,0,0,0,0,0,0,0,0,0,0,0,0,0,0,0,227832
1,1,1,1,1373,404,-1675,-17,-37,-8,19,85,137,0,0,0,0,0,0,0,0,0,0,0,0,0,0,0,0,0,0,0,0,0,0,227842
1,1,1,1,1371,401,-1677,-20,-36,-11,19,86,137,0,0,0,0,0,0,0,0,0,0,0,0,0,0,0,0,0,0,0,0,0,0,227852
1,1,1,1,1373,410,-1684,-19,-21,-10,18,86,137,0,0,0,0,0,0,0,0,0,0,0,0,0,0,0,0,0,0,0,0,0,0,227862
1,1,1,1,1373,400,-1679,-30,-34,-11,20,86,136,0,0,0,0,0,0,0,0,0,0,0,0,0,0,0,0,0,0,0,0,0,0,227872
1,1,1,1,1376,400,-1676,-21,-33,-10,20,87,133,0,0,0,0,0,0,0,0,0,0,0,0,0,0,0,0,0,0,0,0,0,0,227882
1,1,1,1,1375,415,-1674,-8,-28,-11,22,86,133,0,0,0,0,0,0,0,0,0,0,0,0,0,0,0,0,0,0,0,0,0,0,227892
1,1,1,1,1376,416,-1674,3,-26,-8,22,85,133,0,0,0,0,0,0,0,0,0,0,0,0,0,0,0,0,0,0,0,0,0,0,227902
1,1,1,1,1382,421,-1664,0,-27,-8,21,86,132,0,0,0,0,0,0,0,0,0,0,0,0,0,0,0,0,0,0,0,0,0,0,227912
1,1,1,1,1385,420,-1669,-2,-21,-10,20,87,131,0,0,0,0,0,0,0,0,0,0,0,0,0,0,0,0,0,0,0,0,0,0,227922
1,1,1,1,1383,414,-1663,-1,-17,-8,21,87,131,0,0,0,0,0,0,0,0,0,0,0,0,0,0,0,0,0,0,0,0,0,0,227932
1,1,1,1,1379,421,-1648,-17,-14,-9,24,83,133,0,0,0,0,0,0,0,0,0,0,0,0,0,0,0,0,0,0,0,0,0,0,227942
1,1,1,1,1379,420,-1666,-21,-11,-14,19,88,136,0,0,0,0,0,0,0,0,0,0,0,0,0,0,0,0,0,0,0,0,0,0,227952
1,1,1,1,1380,417,-1671,-10,-8,-14,18,86,135,0,0,0,0,0,0,0,0,0,0,0,0,0,0,0,0,0,0,0,0,0,0,227962
1,1,1,1,1379,422,-1665,6,-2,-8,22,85,133,0,0,0,0,0,0,0,0,0,0,0,0,0,0,0,0,0,0,0,0,0,0,227972
1,1,1,1,1382,418,-1675,-1,-3,-8,21,83,132,0,0,0,0,0,0,0,0,0,0,0,0,0,0,0,0,0,0,0,0,0,0,227982
1,1,1,1,1388,405,-1677,0,-5,-9,19,89,137,0,0,0,0,0,0,0,0,0,0,0,0,0,0,0,0,0,0,0,0,0,0,227992
1,1,1,1,1387,411,-1670,2,-1,-5,21,86,134,0,0,0,0,0,0,0,0,0,0,0,0,0,0,0,0,0,0,0,0,0,0,228002
1,1,1,1,1384,409,-1680,-2,-2,-4,22,85,133,0,0,0,0,0,0,0,0,0,0,0,0,0,0,0,0,0,0,0,0,0,0,228012
1,1,1,1,1384,413,-1680,-15,-9,-5,22,85,133,0,0,0,0,0,0,0,0,0,0,0,0,0,0,0,0,0,0,0,0,0,0,228022
1,1,1,1,1379,414,-1692,-16,-13,-5,22,84,128,0,0,0,0,0,0,0,0,0,0,0,0,0,0,0,0,0,0,0,0,0,0,228032
1,1,1,1,1379,407,-1691,-11,-11,-1,19,85,132,0,0,0,0,0,0,0,0,0,0,0,0,0,0,0,0,0,0,0,0,0,0,228042
1,1,1,1,1375,414,-1700,-23,-18,4,20,84,132,0,0,0,0,0,0,0,0,0,0,0,0,0,0,0,0,0,0,0,0,0,0,228052
1,1,1,1,1372,429,-1708,-47,-32,7,21,84,130,0,0,0,0,0,0,0,0,0,0,0,0,0,0,0,0,0,0,0,0,0,0,228062
1,1,1,1,1368,422,-1694,-53,-37,5,20,84,128,0,0,0,0,0,0,0,0,0,0,0,0,0,0,0,0,0,0,0,0,0,0,228072
1,1,1,1,1374,425,-1679,-56,-41,11,19,83,127,0,0,0,0,0,0,0,0,0,0,0,0,0,0,0,0,0,0,0,0,0,0,228082
1,1,1,1,1376,429,-1680,-41,-46,9,22,82,125,0,0,0,0,0,0,0,0,0,0,0,0,0,0,0,0,0,0,0,0,0,0,228092
1,1,1,1,1374,429,-1667,-25,-42,9,23,83,124,0,0,0,0,0,0,0,0,0,0,0,0,0,0,0,0,0,0,0,0,0,0,228102
1,1,1,1,1370,407,-1652,-22,-31,8,24,83,125,0,0,0,0,0,0,0,0,0,0,0,0,0,0,0,0,0,0,0,0,0,0,228112
1,1,1,1,1371,403,-1667,-34,-35,8,23,82,124,0,0,0,0,0,0,0,0,0,0,0,0,0,0,0,0,0,0,0,0,0,0,228122
1,1,1,1,1366,409,-1698,-73,-39,7,22,82,124,0,0,0,0,0,0,0,0,0,0,0,0,0,0,0,0,0,0,0,0,0,0,228132
1,1,1,1,1367,399,-1709,-98,-54,13,23,82,123,0,0,0,0,0,0,0,0,0,0,0,0,0,0,0,0,0,0,0,0,0,0,228142
1,1,1,1,1371,410,-1701,-132,-68,15,24,81,122,0,0,0,0,0,0,0,0,0,0,0,0,0,0,0,0,0,0,0,0,0,0,228152
1,1,1,1,1387,421,-1706,-142,-84,15,24,81,120,0,0,0,0,0,0,0,0,0,0,0,0,0,0,0,0,0,0,0,0,0,0,228162
1,1,1,1,1390,422,-1687,-147,-98,13,25,80,119,0,0,0,0,0,0,0,0,0,0,0,0,0,0,0,0,0,0,0,0,0,0,228172
1,1,1,1,1380,429,-1669,-168,-106,15,24,82,119,0,0,0,0,0,0,0,0,0,0,0,0,0,0,0,0,0,0,0,0,0,0,228182
1,1,1,1,1381,436,-1678,-184,-108,13,25,80,121,0,0,0,0,0,0,0,0,0,0,0,0,0,0,0,0,0,0,0,0,0,0,228192
1,1,1,1,1373,423,-1679,-183,-111,11,24,80,119,0,0,0,0,0,0,0,0,0,0,0,0,0,0,0,0,0,0,0,0,0,0,228202
1,1,1,1,1370,422,-1672,-181,-118,24,24,80,121,0,0,0,0,0,0,0,0,0,0,0,0,0,0,0,0,0,0,0,0,0,0,228212
1,1,1,1,1359,419,-1685,-200,-110,25,24,80,119,0,0,0,0,0,0,0,0,0,0,0,0,0,0,0,0,0,0,0,0,0,0,228222
1,1,1,1,1367,420,-1679,-153,-106,32,25,81,116,0,0,0,0,0,0,0,0,0,0,0,0,0,0,0,0,0,0,0,0,0,0,228232
1,1,1,1,1366,434,-1651,-117,-102,37,22,83,119,0,0,0,0,0,0,0,0,0,0,0,0,0,0,0,0,0,0,0,0,0,0,228242
1,1,1,1,1371,468,-1638,-74,-89,35,26,78,114,0,0,0,0,0,0,0,0,0,0,0,0,0,0,0,0,0,0,0,0,0,0,228252
1,1,1,1,1364,485,-1614,-13,-61,21,24,82,114,0,0,0,0,0,0,0,0,0,0,0,0,0,0,0,0,0,0,0,0,0,0,228262
1,1,1,1,1369,456,-1609,3,-40,16,23,79,114,0,0,0,0,0,0,0,0,0,0,0,0,0,0,0,0,0,0,0,0,0,0,228272
1,1,1,1,1367,452,-1627,-11,-26,15,19,82,118,0,0,0,0,0,0,0,0,0,0,0,0,0,0,0,0,0,0,0,0,0,0,228282
1,1,1,1,1360,453,-1652,-7,-14,6,24,80,118,0,0,0,0,0,0,0,0,0,0,0,0,0,0,0,0,0,0,0,0,0,0,228292
1,1,1,1,1350,452,-1645,25,5,5,20,82,117,0,0,0,0,0,0,0,0,0,0,0,0,0,0,0,0,0,0,0,0,0,0,228302
1,1,1,1,1352,448,-1639,15,3,-3,23,80,117,0,0,0,0,0,0,0,0,0,0,0,0,0,0,0,0,0,0,0,0,0,0,228312
1,1,1,1,1366,435,-1670,8,8,-1,24,81,117,0,0,0,0,0,0,0,0,0,0,0,0,0,0,0,0,0,0,0,0,0,0,228322
1,1,1,1,1365,435,-1673,1,12,-3,25,80,118,0,0,0,0,0,0,0,0,0,0,0,0,0,0,0,0,0,0,0,0,0,0,228332
1,1,1,1,1358,462,-1660,-1,13,-8,25,80,115,0,0,0,0,0,0,0,0,0,0,0,0,0,0,0,0,0,0,0,0,0,0,228342
1,1,1,1,1359,462,-1654,-3,8,-16,23,80,119,0,0,0,0,0,0,0,0,0,0,0,0,0,0,0,0,0,0,0,0,0,0,228352
1,1,1,1,1358,443,-1658,2,11,-14,25,80,118,0,0,0,0,0,0,0,0,0,0,0,0,0,0,0,0,0,0,0,0,0,0,228362
1,1,1,1,1361,442,-1680,9,18,-10,24,80,118,0,0,0,0,0,0,0,0,0,0,0,0,0,0,0,0,0,0,0,0,0,0,228372
1,1,1,1,1365,429,-1685,2,19,-7,24,80,118,0,0,0,0,0,0,0,0,0,0,0,0,0,0,0,0,0,0,0,0,0,0,228382
1,1,1,1,1367,433,-1684,5,19,-2,23,80,120,0,0,0,0,0,0,0,0,0,0,0,0,0,0,0,0,0,0,0,0,0,0,228392
1,1,1,1,1368,425,-1687,1,20,3,22,79,120,0,0,0,0,0,0,0,0,0,0,0,0,0,0,0,0,0,0,0,0,0,0,228402
1,1,1,1,1368,425,-1687,-14,10,9,22,80,118,0,0,0,0,0,0,0,0,0,0,0,0,0,0,0,0,0,0,0,0,0,0,228412
1,1,1,1,1369,429,-1705,-33,-13,7,21,80,116,0,0,0,0,0,0,0,0,0,0,0,0,0,0,0,0,0,0,0,0,0,0,228422
1,1,1,1,1364,427,-1702,-51,-29,12,23,79,115,0,0,0,0,0,0,0,0,0,0,0,0,0,0,0,0,0,0,0,0,0,0,228432
1,1,1,1,1360,425,-1708,-63,-29,17,21,79,114,0,0,0,0,0,0,0,0,0,0,0,0,0,0,0,0,0,0,0,0,0,0,228442
1,1,1,1,1361,421,-1710,-80,-36,19,21,78,114,0,0,0,0,0,0,0,0,0,0,0,0,0,0,0,0,0,0,0,0,0,0,228452
1,1,1,1,1363,406,-1727,-109,-50,24,21,78,111,0,0,0,0,0,0,0,0,0,0,0,0,0,0,0,0,0,0,0,0,0,0,228462
1,1,1,1,1366,397,-1729,-170,-68,32,21,77,114,0,0,0,0,0,0,0,0,0,0,0,0,0,0,0,0,0,0,0,0,0,0,228472
1,1,1,1,1369,391,-1747,-223,-78,42,21,76,108,0,0,0,0,0,0,0,0,0,0,0,0,0,0,0,0,0,0,0,0,0,0,228482
1,1,1,1,1356,377,-1762,-315,-94,55,21,76,107,0,0,0,0,0,0,0,0,0,0,0,0,0,0,0,0,0,0,0,0,0,0,228492
1,1,1,1,1353,370,-1788,-419,-106,65,19,76,106,0,0,0,0,0,0,0,0,0,0,0,0,0,0,0,0,0,0,0,0,0,0,228502
1,1,1,1,1368,372,-1809,-629,-131,67,19,74,100,0,0,0,0,0,0,0,0,0,0,0,0,0,0,0,0,0,0,0,0,0,0,228512
1,1,1,1,1348,373,-1798,-831,-144,70,20,74,97,0,0,0,0,0,0,0,0,0,0,0,0,0,0,0,0,0,0,0,0,0,0,228522
1,1,1,1,1363,372,-1756,-1025,-155,85,18,74,92,0,0,0,0,0,0,0,0,0,0,0,0,0,0,0,0,0,0,0,0,0,0,228532
1,1,1,1,1346,421,-1712,-1331,-192,70,16,72,89,0,0,0,0,0,0,0,0,0,0,0,0,0,0,0,0,0,0,0,0,0,0,228542
1,1,1,1,1336,552,-1668,-1724,-208,12,15,70,85,0,0,0,0,0,0,0,0,0,0,0,0,0,0,0,0,0,0,0,0,0,0,228552
1,1,1,1,1323,596,-1648,-2059,-223,-62,17,65,76,0,0,0,0,0,0,0,0,0,0,0,0,0,0,0,0,0,0,0,0,0,0,228562
1,1,1,1,1339,551,-1620,-2340,-254,-131,11,68,70,0,0,0,0,0,0,0,0,0,0,0,0,0,0,0,0,0,0,0,0,0,0,228572
1,1,1,1,1343,477,-1515,-2587,-258,-134,15,59,66,0,0,0,0,0,0,0,0,0,0,0,0,0,0,0,0,0,0,0,0,0,0,228582
1,1,1,1,1384,562,-1459,-2267,-213,-72,22,55,58,0,0,0,0,0,0,0,0,0,0,0,0,0,0,0,0,0,0,0,0,0,0,228592
1,1,1,1,1352,610,-1485,-1690,-152,35,23,57,54,0,0,0,0,0,0,0,0,0,0,0,0,0,0,0,0,0,0,0,0,0,0,228602
1,1,1,1,1327,694,-1469,-1212,-126,106,26,52,50,0,0,0,0,0,0,0,0,0,0,0,0,0,0,0,0,0,0,0,0,0,0,228612
1,1,1,1,1318,699,-1480,-1035,-130,92,27,49,45,0,0,0,0,0,0,0,0,0,0,0,0,0,0,0,0,0,0,0,0,0,0,228622
1,1,1,1,1328,725,-1460,-1026,-160,65,26,47,39,0,0,0,0,0,0,0,0,0,0,0,0,0,0,0,0,0,0,0,0,0,0,228632
1,1,1,1,1326,763,-1481,-1020,-195,27,28,45,34,0,0,0,0,0,0,0,0,0,0,0,0,0,0,0,0,0,0,0,0,0,0,228642
1,1,1,1,1306,776,-1487,-1006,-216,3,20,43,32,0,0,0,0,0,0,0,0,0,0,0,0,0,0,0,0,0,0,0,0,0,0,228652
1,1,1,1,1205,567,-1568,-1816,-369,-28,18,41,37,0,0,0,0,0,0,0,0,0,0,0,0,0,0,0,0,0,0,0,0,0,0,228662
1,1,1,1,1502,652,-1458,-2914,-405,-239,32,39,16,0,0,0,0,0,0,0,0,0,0,0,0,0,0,0,0,0,0,0,0,0,0,228672
1,1,1,1,1334,876,-1158,-2283,-344,-174,7,38,15,0,0,0,0,0,0,0,0,0,0,0,0,0,0,0,0,0,0,0,0,0,0,228682
1,1,1,1,1252,405,-1605,-3802,-489,-200,19,34,3,0,0,0,0,0,0,0,0,0,0,0,0,0,0,0,0,0,0,0,0,0,0,228692
1,1,1,1,1538,806,-968,-4234,-538,-420,31,29,-6,0,0,0,0,0,0,0,0,0,0,0,0,0,0,0,0,0,0,0,0,0,0,228702
1,1,1,1,1396,966,-931,-3314,-577,-310,29,24,-6,0,0,0,0,0,0,0,0,0,0,0,0,0,0,0,0,0,0,0,0,0,0,228712
1,1,1,1,1339,1018,-1308,-2795,-636,-304,28,18,-20,0,0,0,0,0,0,0,0,0,0,0,0,0,0,0,0,0,0,0,0,0,0,228722
1,1,1,1,1334,1030,-1251,-2831,-630,-291,33,13,-36,0,0,0,0,0,0,0,0,0,0,0,0,0,0,0,0,0,0,0,0,0,0,228732
1,1,1,1,1237,1079,-1026,-2693,-576,-224,35,11,-40,0,0,0,0,0,0,0,0,0,0,0,0,0,0,0,0,0,0,0,0,0,0,228742
1,1,1,1,1218,1080,-1007,-2312,-581,-155,36,10,-47,0,0,0,0,0,0,0,0,0,0,0,0,0,0,0,0,0,0,0,0,0,0,228752
1,1,1,1,1252,1020,-1027,-2024,-669,-99,41,7,-52,0,0,0,0,0,0,0,0,0,0,0,0,0,0,0,0,0,0,0,0,0,0,228762
1,1,1,1,1246,1013,-992,-1646,-739,-41,41,3,-55,0,0,0,0,0,0,0,0,0,0,0,0,0,0,0,0,0,0,0,0,0,0,228772
1,1,1,1,1222,1112,-959,-1240,-766,26,37,-1,-56,0,0,0,0,0,0,0,0,0,0,0,0,0,0,0,0,0,0,0,0,0,0,228782
1,1,1,1,1136,1158,-1010,-1194,-662,73,34,-1,-51,0,0,0,0,0,0,0,0,0,0,0,0,0,0,0,0,0,0,0,0,0,0,228792
1,1,1,1,1170,1219,-1087,-1254,-554,90,31,2,-43,0,0,0,0,0,0,0,0,0,0,0,0,0,0,0,0,0,0,0,0,0,0,228802
1,1,1,1,1509,1304,-1128,-1450,-418,109,35,6,-32,0,0,0,0,0,0,0,0,0,0,0,0,0,0,0,0,0,0,0,0,0,0,228812
1,1,1,1,1175,1241,-1053,-1414,-442,21,29,6,-25,0,0,0,0,0,0,0,0,0,0,0,0,0,0,0,0,0,0,0,0,0,0,228822
1,1,1,1,1046,1201,-967,-1534,-444,-58,27,7,-21,0,0,0,0,0,0,0,0,0,0,0,0,0,0,0,0,0,0,0,0,0,0,228832
1,1,1,1,1248,1215,-1024,-1934,-390,-209,27,9,-24,0,0,0,0,0,0,0,0,0,0,0,0,0,0,0,0,0,0,0,0,0,0,228842
1,1,1,1,1243,1194,-1023,-2255,-535,-315,28,8,-27,0,0,0,0,0,0,0,0,0,0,0,0,0,0,0,0,0,0,0,0,0,0,228852
1,1,1,1,1136,1155,-1135,-2542,-747,-407,30,10,-17,0,0,0,0,0,0,0,0,0,0,0,0,0,0,0,0,0,0,0,0,0,0,228862
1,1,1,1,1021,1161,-933,-2492,-902,-461,23,16,-10,0,0,0,0,0,0,0,0,0,0,0,0,0,0,0,0,0,0,0,0,0,0,228872
1,1,1,1,1017,1200,-788,-2511,-970,-461,25,17,-9,0,0,0,0,0,0,0,0,0,0,0,0,0,0,0,0,0,0,0,0,0,0,228882
1,1,1,1,996,1201,-766,-2288,-996,-416,29,18,-4,0,0,0,0,0,0,0,0,0,0,0,0,0,0,0,0,0,0,0,0,0,0,228892
1,1,1,1,1025,1269,-706,-1868,-1084,-377,25,22,-4,0,0,0,0,0,0,0,0,0,0,0,0,0,0,0,0,0,0,0,0,0,0,228902
1,1,1,1,1007,1202,-810,-1775,-1157,-454,27,21,-4,0,0,0,0,0,0,0,0,0,0,0,0,0,0,0,0,0,0,0,0,0,0,228912
1,1,1,1,1102,1300,-773,-1646,-1248,-432,32,22,-4,0,0,0,0,0,0,0,0,0,0,0,0,0,0,0,0,0,0,0,0,0,0,228922
1,1,1,1,1134,1410,-921,-1188,-1239,-421,33,20,0,0,0,0,0,0,0,0,0,0,0,0,0,0,0,0,0,0,0,0,0,0,0,228932
1,1,1,1,1080,1385,-914,-995,-1202,-268,28,22,2,0,0,0,0,0,0,0,0,0,0,0,0,0,0,0,0,0,0,0,0,0,0,228942
1,1,1,1,1109,1275,-780,-1083,-1231,-191,23,21,-4,0,0,0,0,0,0,0,0,0,0,0,0,0,0,0,0,0,0,0,0,0,0,228952
1,1,1,1,1073,1352,-764,-1263,-1371,-282,19,20,11,0,0,0,0,0,0,0,0,0,0,0,0,0,0,0,0,0,0,0,0,0,0,228962
1,1,1,1,976,1347,-730,-1400,-1583,-481,23,19,12,0,0,0,0,0,0,0,0,0,0,0,0,0,0,0,0,0,0,0,0,0,0,228972
1,1,1,1,923,1240,-634,-1327,-1835,-586,19,18,3,0,0,0,0,0,0,0,0,0,0,0,0,0,0,0,0,0,0,0,0,0,0,228982
1,1,1,1,1059,1175,-647,-1318,-1958,-505,21,18,9,0,0,0,0,0,0,0,0,0,0,0,0,0,0,0,0,0,0,0,0,0,0,228992
1,1,1,1,1215,1273,-858,-1210,-1989,-345,17,16,3,0,0,0,0,0,0,0,0,0,0,0,0,0,0,0,0,0,0,0,0,0,0,229002
1,1,1,1,1126,1304,-898,-1102,-2007,-215,17,14,6,0,0,0,0,0,0,0,0,0,0,0,0,0,0,0,0,0,0,0,0,0,0,229012
1,1,1,1,1105,1329,-867,-1246,-2022,-166,15,16,1,0,0,0,0,0,0,0,0,0,0,0,0,0,0,0,0,0,0,0,0,0,0,229022
1,1,1,1,1094,1338,-918,-1382,-2016,-109,20,15,6,0,0,0,0,0,0,0,0,0,0,0,0,0,0,0,0,0,0,0,0,0,0,229032
1,1,1,1,1264,1130,-802,-1105,-1993,-150,17,14,10,0,0,0,0,0,0,0,0,0,0,0,0,0,0,0,0,0,0,0,0,0,0,229042
1,1,1,1,1297,1061,-736,-1048,-1896,-255,17,13,3,0,0,0,0,0,0,0,0,0,0,0,0,0,0,0,0,0,0,0,0,0,0,229052
1,1,1,1,1243,1249,-792,-1046,-1809,-293,17,14,2,0,0,0,0,0,0,0,0,0,0,0,0,0,0,0,0,0,0,0,0,0,0,229062
1,1,1,1,1167,1244,-719,-1063,-1825,-248,18,14,0,0,0,0,0,0,0,0,0,0,0,0,0,0,0,0,0,0,0,0,0,0,0,229072
1,1,1,1,1085,1252,-567,-874,-1893,-186,17,15,3,0,0,0,0,0,0,0,0,0,0,0,0,0,0,0,0,0,0,0,0,0,0,229082
1,1,1,1,892,1350,-258,-771,-2228,-151,18,15,3,0,0,0,0,0,0,0,0,0,0,0,0,0,0,0,0,0,0,0,0,0,0,229102
1,1,1,1,818,1295,-396,-645,-2290,-159,18,13,3,0,0,0,0,0,0,0,0,0,0,0,0,0,0,0,0,0,0,0,0,0,0,229112
1,1,1,1,1004,1188,-650,-577,-2209,-133,16,13,0,0,0,0,0,0,0,0,0,0,0,0,0,0,0,0,0,0,0,0,0,0,0,229122
1,1,1,1,1084,1313,-878,-630,-1955,-34,17,11,-1,0,0,0,0,0,0,0,0,0,0,0,0,0,0,0,0,0,0,0,0,0,0,229132
1,1,1,1,1071,1404,-1014,-674,-1510,192,11,14,-1,0,0,0,0,0,0,0,0,0,0,0,0,0,0,0,0,0,0,0,0,0,0,229142
1,1,1,1,1017,1465,-968,-912,-1080,502,13,10,-6,0,0,0,0,0,0,0,0,0,0,0,0,0,0,0,0,0,0,0,0,0,0,229152
1,1,1,1,979,1427,-800,-1256,-846,683,13,13,-4,0,0,0,0,0,0,0,0,0,0,0,0,0,0,0,0,0,0,0,0,0,0,229162
1,1,1,1,987,1462,-713,-1234,-725,768,17,9,-1,0,0,0,0,0,0,0,0,0,0,0,0,0,0,0,0,0,0,0,0,0,0,229172
1,1,1,1,967,1368,-376,-1247,-724,825,13,15,0,0,0,0,0,0,0,0,0,0,0,0,0,0,0,0,0,0,0,0,0,0,0,229182
1,1,1,1,838,1123,-112,-1262,-922,831,12,14,18,0,0,0,0,0,0,0,0,0,0,0,0,0,0,0,0,0,0,0,0,0,0,229192
1,1,1,1,950,730,-541,-825,-398,121,8,18,35,0,0,0,0,0,0,0,0,0,0,0,0,0,0,0,0,0,0,0,0,0,0,229202
1,1,1,1,1703,1006,-428,-457,-112,-142,11,18,27,0,0,0,0,0,0,0,0,0,0,0,0,0,0,0,0,0,0,0,0,0,0,229212
1,1,1,1,1042,916,-865,-448,-367,245,7,20,33,0,0,0,0,0,0,0,0,0,0,0,0,0,0,0,0,0,0,0,0,0,0,229222
1,1,1,1,1073,1361,-816,-516,-248,285,8,18,32,0,0,0,0,0,0,0,0,0,0,0,0,0,0,0,0,0,0,0,0,0,0,229232
1,1,1,1,1101,1483,-956,-652,-319,370,7,19,30,0,0,0,0,0,0,0,0,0,0,0,0,0,0,0,0,0,0,0,0,0,0,229242
1,1,1,1,979,1412,-886,-827,-461,319,9,19,35,0,0,0,0,0,0,0,0,0,0,0,0,0,0,0,0,0,0,0,0,0,0,229252
1,1,1,1,985,1407,-687,-842,-562,182,9,19,35,0,0,0,0,0,0,0,0,0,0,0,0,0,0,0,0,0,0,0,0,0,0,229262
1,1,1,1,916,1355,-575,-800,-641,-22,8,18,35,0,0,0,0,0,0,0,0,0,0,0,0,0,0,0,0,0,0,0,0,0,0,229272
1,1,1,1,868,1368,-451,-722,-662,-104,3,18,41,0,0,0,0,0,0,0,0,0,0,0,0,0,0,0,0,0,0,0,0,0,0,229282
1,1,1,1,813,1373,-441,-824,-583,-110,5,14,34,0,0,0,0,0,0,0,0,0,0,0,0,0,0,0,0,0,0,0,0,0,0,229292
1,1,1,1,815,1527,-659,-368,-489,-263,-1,12,29,0,0,0,0,0,0,0,0,0,0,0,0,0,0,0,0,0,0,0,0,0,0,229312
1,1,1,1,761,1506,-646,-429,-480,-265,4,10,29,0,0,0,0,0,0,0,0,0,0,0,0,0,0,0,0,0,0,0,0,0,0,229322
1,1,1,1,833,1544,-590,-381,-450,-286,6,10,30,0,0,0,0,0,0,0,0,0,0,0,0,0,0,0,0,0,0,0,0,0,0,229332
1,1,1,1,778,1565,-631,-291,-342,-268,7,11,26,0,0,0,0,0,0,0,0,0,0,0,0,0,0,0,0,0,0,0,0,0,0,229342
1,1,1,1,788,1548,-515,-178,-320,-212,4,12,35,0,0,0,0,0,0,0,0,0,0,0,0,0,0,0,0,0,0,0,0,0,0,229352
1,1,1,1,796,1446,-412,-285,-254,-242,6,13,35,0,0,0,0,0,0,0,0,0,0,0,0,0,0,0,0,0,0,0,0,0,0,229362
1,1,1,1,823,1389,-491,-325,-309,-341,5,13,34,0,0,0,0,0,0,0,0,0,0,0,0,0,0,0,0,0,0,0,0,0,0,229372
1,1,1,1,867,1335,-503,-255,-341,-339,5,13,36,0,0,0,0,0,0,0,0,0,0,0,0,0,0,0,0,0,0,0,0,0,0,229382
1,1,1,1,919,1305,-475,-209,-291,-310,8,13,37,0,0,0,0,0,0,0,0,0,0,0,0,0,0,0,0,0,0,0,0,0,0,229392
1,1,1,1,930,1346,-507,-88,-232,-269,4,13,40,0,0,0,0,0,0,0,0,0,0,0,0,0,0,0,0,0,0,0,0,0,0,229402
1,1,1,1,906,1346,-515,-3,-204,-248,7,13,34,0,0,0,0,0,0,0,0,0,0,0,0,0,0,0,0,0,0,0,0,0,0,229412
1,1,1,1,891,1420,-543,-9,-171,-222,7,13,39,0,0,0,0,0,0,0,0,0,0,0,0,0,0,0,0,0,0,0,0,0,0,229422
1,1,1,1,862,1458,-545,4,-133,-170,4,15,42,0,0,0,0,0,0,0,0,0,0,0,0,0,0,0,0,0,0,0,0,0,0,229432
1,1,1,1,900,1374,-524,-97,-99,-135,4,18,45,0,0,0,0,0,0,0,0,0,0,0,0,0,0,0,0,0,0,0,0,0,0,229442
1,1,1,1,921,1362,-522,-58,-78,-111,0,20,45,0,0,0,0,0,0,0,0,0,0,0,0,0,0,0,0,0,0,0,0,0,0,229452
1,1,1,1,906,1285,-478,21,-107,-76,0,21,48,0,0,0,0,0,0,0,0,0,0,0,0,0,0,0,0,0,0,0,0,0,0,229462
1,1,1,1,971,1260,-443,14,-132,-93,0,18,48,0,0,0,0,0,0,0,0,0,0,0,0,0,0,0,0,0,0,0,0,0,0,229472
1,1,1,1,934,1335,-441,21,-118,-128,2,11,39,0,0,0,0,0,0,0,0,0,0,0,0,0,0,0,0,0,0,0,0,0,0,229482
1,1,1,1,916,1373,-492,137,-58,-125,3,7,34,0,0,0,0,0,0,0,0,0,0,0,0,0,0,0,0,0,0,0,0,0,0,229492
1,1,1,1,891,1436,-535,193,-21,-87,-2,12,37,0,0,0,0,0,0,0,0,0,0,0,0,0,0,0,0,0,0,0,0,0,0,229502
1,1,1,1,858,1483,-579,241,8,-33,-2,12,37,0,0,0,0,0,0,0,0,0,0,0,0,0,0,0,0,0,0,0,0,0,0,229512
1,1,1,1,845,1496,-569,209,45,25,1,9,38,0,0,0,0,0,0,0,0,0,0,0,0,0,0,0,0,0,0,0,0,0,0,229522
1,1,1,1,861,1412,-580,139,31,36,2,11,38,0,0,0,0,0,0,0,0,0,0,0,0,0,0,0,0,0,0,0,0,0,0,229532
1,1,1,1,950,1352,-594,36,-4,-9,3,10,39,0,0,0,0,0,0,0,0,0,0,0,0,0,0,0,0,0,0,0,0,0,0,229542
1,1,1,1,947,1381,-623,-19,-32,-28,2,12,38,0,0,0,0,0,0,0,0,0,0,0,0,0,0,0,0,0,0,0,0,0,0,229552
1,1,1,1,918,1361,-538,-42,-73,-42,0,12,38,0,0,0,0,0,0,0,0,0,0,0,0,0,0,0,0,0,0,0,0,0,0,229562
1,1,1,1,923,1353,-501,-27,-108,-77,3,11,41,0,0,0,0,0,0,0,0,0,0,0,0,0,0,0,0,0,0,0,0,0,0,229572
1,1,1,1,929,1371,-519,60,-79,-86,2,11,40,0,0,0,0,0,0,0,0,0,0,0,0,0,0,0,0,0,0,0,0,0,0,229582
1,1,1,1,919,1339,-502,228,-39,-71,3,9,42,0,0,0,0,0,0,0,0,0,0,0,0,0,0,0,0,0,0,0,0,0,0,229592
1,1,1,1,923,1325,-533,384,10,-28,3,10,40,0,0,0,0,0,0,0,0,0,0,0,0,0,0,0,0,0,0,0,0,0,0,229602
1,1,1,1,947,1326,-607,482,77,-21,4,10,41,0,0,0,0,0,0,0,0,0,0,0,0,0,0,0,0,0,0,0,0,0,0,229612
1,1,1,1,962,1351,-652,435,119,-45,5,11,38,0,0,0,0,0,0,0,0,0,0,0,0,0,0,0,0,0,0,0,0,0,0,229622
1,1,1,1,913,1458,-641,399,173,-18,5,11,33,0,0,0,0,0,0,0,0,0,0,0,0,0,0,0,0,0,0,0,0,0,0,229632
1,1,1,1,913,1458,-641,349,154,21,6,12,36,0,0,0,0,0,0,0,0,0,0,0,0,0,0,0,0,0,0,0,0,0,0,229642
1,1,1,1,854,1430,-566,221,114,-10,5,12,39,0,0,0,0,0,0,0,0,0,0,0,0,0,0,0,0,0,0,0,0,0,0,229652
1,1,1,1,838,1403,-487,194,86,-49,6,13,42,0,0,0,0,0,0,0,0,0,0,0,0,0,0,0,0,0,0,0,0,0,0,229662
1,1,1,1,813,1373,-474,324,95,-6,5,14,46,0,0,0,0,0,0,0,0,0,0,0,0,0,0,0,0,0,0,0,0,0,0,229672
1,1,1,1,818,1279,-424,513,104,-5,4,13,48,0,0,0,0,0,0,0,0,0,0,0,0,0,0,0,0,0,0,0,0,0,0,229682
1,1,1,1,854,1267,-494,628,123,-26,0,13,52,0,0,0,0,0,0,0,0,0,0,0,0,0,0,0,0,0,0,0,0,0,0,229692
1,1,1,1,908,1276,-613,611,119,-109,-2,12,54,0,0,0,0,0,0,0,0,0,0,0,0,0,0,0,0,0,0,0,0,0,0,229702
1,1,1,1,984,1338,-718,555,113,-185,-5,12,52,0,0,0,0,0,0,0,0,0,0,0,0,0,0,0,0,0,0,0,0,0,0,229712
1,1,1,1,943,1428,-748,430,93,-227,-3,12,51,0,0,0,0,0,0,0,0,0,0,0,0,0,0,0,0,0,0,0,0,0,0,229722
1,1,1,1,876,1498,-771,323,118,-137,-2,12,46,0,0,0,0,0,0,0,0,0,0,0,0,0,0,0,0,0,0,0,0,0,0,229732
1,1,1,1,823,1568,-802,324,194,19,0,14,50,0,0,0,0,0,0,0,0,0,0,0,0,0,0,0,0,0,0,0,0,0,0,229742
1,1,1,1,864,1528,-767,308,261,46,-1,15,51,0,0,0,0,0,0,0,0,0,0,0,0,0,0,0,0,0,0,0,0,0,0,229752
1,1,1,1,816,1461,-705,148,160,26,-1,15,53,0,0,0,0,0,0,0,0,0,0,0,0,0,0,0,0,0,0,0,0,0,0,229762
1,1,1,1,832,1454,-666,-5,70,-23,-4,18,60,0,0,0,0,0,0,0,0,0,0,0,0,0,0,0,0,0,0,0,0,0,0,229772
1,1,1,1,884,1359,-593,-27,40,-35,-7,21,63,0,0,0,0,0,0,0,0,0,0,0,0,0,0,0,0,0,0,0,0,0,0,229782
1,1,1,1,872,1240,-542,89,1,-44,-4,17,65,0,0,0,0,0,0,0,0,0,0,0,0,0,0,0,0,0,0,0,0,0,0,229792
1,1,1,1,944,1251,-659,178,3,-60,-6,18,68,0,0,0,0,0,0,0,0,0,0,0,0,0,0,0,0,0,0,0,0,0,0,229802
1,1,1,1,935,1390,-813,194,102,-31,-8,21,76,0,0,0,0,0,0,0,0,0,0,0,0,0,0,0,0,0,0,0,0,0,0,229812
1,1,1,1,920,1442,-853,166,118,-18,-5,22,74,0,0,0,0,0,0,0,0,0,0,0,0,0,0,0,0,0,0,0,0,0,0,229822
1,1,1,1,858,1472,-776,123,103,-12,-1,21,73,0,0,0,0,0,0,0,0,0,0,0,0,0,0,0,0,0,0,0,0,0,0,229832
1,1,1,1,846,1471,-731,94,101,-11,-3,21,72,0,0,0,0,0,0,0,0,0,0,0,0,0,0,0,0,0,0,0,0,0,0,229842
1,1,1,1,817,1431,-681,16,51,-13,-4,23,74,0,0,0,0,0,0,0,0,0,0,0,0,0,0,0,0,0,0,0,0,0,0,229852
1,1,1,1,875,1417,-671,-24,32,-40,-4,23,76,0,0,0,0,0,0,0,0,0,0,0,0,0,0,0,0,0,0,0,0,0,0,229862
1,1,1,1,867,1340,-626,-35,18,-63,-2,24,76,0,0,0,0,0,0,0,0,0,0,0,0,0,0,0,0,0,0,0,0,0,0,229872
1,1,1,1,885,1264,-575,-8,-24,-84,-1,22,76,0,0,0,0,0,0,0,0,0,0,0,0,0,0,0,0,0,0,0,0,0,0,229882
1,1,1,1,944,1318,-662,53,-38,-119,1,21,75,0,0,0,0,0,0,0,0,0,0,0,0,0,0,0,0,0,0,0,0,0,0,229892
1,1,1,1,930,1343,-726,62,-49,-146,3,19,72,0,0,0,0,0,0,0,0,0,0,0,0,0,0,0,0,0,0,0,0,0,0,229902
1,1,1,1,873,1413,-747,92,-8,-113,5,20,72,0,0,0,0,0,0,0,0,0,0,0,0,0,0,0,0,0,0,0,0,0,0,229912
1,1,1,1,852,1447,-771,127,60,-54,3,22,73,0,0,0,0,0,0,0,0,0,0,0,0,0,0,0,0,0,0,0,0,0,0,229922
1,1,1,1,823,1463,-770,147,105,6,4,23,74,0,0,0,0,0,0,0,0,0,0,0,0,0,0,0,0,0,0,0,0,0,0,229932
1,1,1,1,812,1465,-712,101,116,12,1,24,77,0,0,0,0,0,0,0,0,0,0,0,0,0,0,0,0,0,0,0,0,0,0,229942
1,1,1,1,779,1464,-680,0,85,-2,0,25,78,0,0,0,0,0,0,0,0,0,0,0,0,0,0,0,0,0,0,0,0,0,0,229952
1,1,1,1,795,1455,-677,-50,73,-16,0,25,80,0,0,0,0,0,0,0,0,0,0,0,0,0,0,0,0,0,0,0,0,0,0,229962
1,1,1,1,805,1388,-626,-116,37,-52,1,26,83,0,0,0,0,0,0,0,0,0,0,0,0,0,0,0,0,0,0,0,0,0,0,229972
1,1,1,1,818,1360,-637,-107,-4,-69,2,26,84,0,0,0,0,0,0,0,0,0,0,0,0,0,0,0,0,0,0,0,0,0,0,229982
1,1,1,1,867,1337,-643,-72,-12,-67,2,27,87,0,0,0,0,0,0,0,0,0,0,0,0,0,0,0,0,0,0,0,0,0,0,229992
1,1,1,1,855,1341,-655,42,-3,-43,4,28,90,0,0,0,0,0,0,0,0,0,0,0,0,0,0,0,0,0,0,0,0,0,0,230002
1,1,1,1,885,1354,-696,111,20,-17,4,29,92,0,0,0,0,0,0,0,0,0,0,0,0,0,0,0,0,0,0,0,0,0,0,230012
1,1,1,1,883,1355,-741,158,35,7,3,30,91,0,0,0,0,0,0,0,0,0,0,0,0,0,0,0,0,0,0,0,0,0,0,230022
1,1,1,1,876,1410,-761,172,41,37,3,31,92,0,0,0,0,0,0,0,0,0,0,0,0,0,0,0,0,0,0,0,0,0,0,230032
1,1,1,1,879,1415,-724,178,35,44,3,31,93,0,0,0,0,0,0,0,0,0,0,0,0,0,0,0,0,0,0,0,0,0,0,230042
1,1,1,1,872,1393,-692,127,13,32,3,32,93,0,0,0,0,0,0,0,0,0,0,0,0,0,0,0,0,0,0,0,0,0,0,230052
1,1,1,1,878,1400,-695,84,-3,21,4,33,91,0,0,0,0,0,0,0,0,0,0,0,0,0,0,0,0,0,0,0,0,0,0,230062
1,1,1,1,886,1380,-689,78,-12,11,2,33,95,0,0,0,0,0,0,0,0,0,0,0,0,0,0,0,0,0,0,0,0,0,0,230072
1,1,1,1,887,1357,-662,91,-42,7,4,32,96,0,0,0,0,0,0,0,0,0,0,0,0,0,0,0,0,0,0,0,0,0,0,230082
1,1,1,1,867,1322,-674,121,-78,11,2,34,100,0,0,0,0,0,0,0,0,0,0,0,0,0,0,0,0,0,0,0,0,0,0,230092
1,1,1,1,910,1339,-739,138,-68,9,2,32,99,0,0,0,0,0,0,0,0,0,0,0,0,0,0,0,0,0,0,0,0,0,0,230102
1,1,1,1,965,1400,-826,129,-33,-2,2,36,101,0,0,0,0,0,0,0,0,0,0,0,0,0,0,0,0,0,0,0,0,0,0,230122
1,1,1,1,939,1418,-812,135,-20,14,1,35,98,0,0,0,0,0,0,0,0,0,0,0,0,0,0,0,0,0,0,0,0,0,0,230132
1,1,1,1,863,1411,-727,76,-66,16,2,35,101,0,0,0,0,0,0,0,0,0,0,0,0,0,0,0,0,0,0,0,0,0,0,230142
1,1,1,1,933,1407,-726,18,-83,-32,0,36,102,0,0,0,0,0,0,0,0,0,0,0,0,0,0,0,0,0,0,0,0,0,0,230152
1,1,1,1,931,1380,-760,16,-54,-41,-1,37,104,0,0,0,0,0,0,0,0,0,0,0,0,0,0,0,0,0,0,0,0,0,0,230162
1,1,1,1,939,1343,-676,5,-51,-55,-1,38,103,0,0,0,0,0,0,0,0,0,0,0,0,0,0,0,0,0,0,0,0,0,0,230172
1,1,1,1,894,1283,-604,-17,-93,-93,1,35,103,0,0,0,0,0,0,0,0,0,0,0,0,0,0,0,0,0,0,0,0,0,0,230182
1,1,1,1,800,1347,-613,80,-100,-34,4,33,97,0,0,0,0,0,0,0,0,0,0,0,0,0,0,0,0,0,0,0,0,0,0,230192
1,1,1,1,652,1430,-641,238,-43,80,6,32,96,0,0,0,0,0,0,0,0,0,0,0,0,0,0,0,0,0,0,0,0,0,0,230202
1,1,1,1,623,1484,-662,368,34,145,5,32,96,0,0,0,0,0,0,0,0,0,0,0,0,0,0,0,0,0,0,0,0,0,0,230212
1,1,1,1,664,1483,-715,402,74,97,3,33,97,0,0,0,0,0,0,0,0,0,0,0,0,0,0,0,0,0,0,0,0,0,0,230222
1,1,1,1,666,1488,-805,334,51,64,3,34,99,0,0,0,0,0,0,0,0,0,0,0,0,0,0,0,0,0,0,0,0,0,0,230232
1,1,1,1,757,1526,-840,222,42,10,3,36,103,0,0,0,0,0,0,0,0,0,0,0,0,0,0,0,0,0,0,0,0,0,0,230242
1,1,1,1,790,1489,-840,146,29,-21,0,39,106,0,0,0,0,0,0,0,0,0,0,0,0,0,0,0,0,0,0,0,0,0,0,230252
1,1,1,1,813,1460,-781,47,-4,-64,-3,42,110,0,0,0,0,0,0,0,0,0,0,0,0,0,0,0,0,0,0,0,0,0,0,230262
1,1,1,1,833,1434,-755,-114,-66,-117,-3,43,112,0,0,0,0,0,0,0,0,0,0,0,0,0,0,0,0,0,0,0,0,0,0,230272
1,1,1,1,858,1388,-794,-190,-102,-128,-3,43,113,0,0,0,0,0,0,0,0,0,0,0,0,0,0,0,0,0,0,0,0,0,0,230282
1,1,1,1,885,1348,-787,-140,-83,-95,-2,43,117,0,0,0,0,0,0,0,0,0,0,0,0,0,0,0,0,0,0,0,0,0,0,230292
1,1,1,1,883,1294,-727,-35,-59,-78,-2,45,117,0,0,0,0,0,0,0,0,0,0,0,0,0,0,0,0,0,0,0,0,0,0,230302
1,1,1,1,868,1314,-704,41,-46,-59,-1,45,117,0,0,0,0,0,0,0,0,0,0,0,0,0,0,0,0,0,0,0,0,0,0,230312
1,1,1,1,862,1315,-705,139,-30,-15,0,46,121,0,0,0,0,0,0,0,0,0,0,0,0,0,0,0,0,0,0,0,0,0,0,230322
1,1,1,1,861,1354,-708,241,-20,-13,0,45,121,0,0,0,0,0,0,0,0,0,0,0,0,0,0,0,0,0,0,0,0,0,0,230332
1,1,1,1,855,1344,-724,299,2,30,0,48,125,0,0,0,0,0,0,0,0,0,0,0,0,0,0,0,0,0,0,0,0,0,0,230342
1,1,1,1,842,1400,-719,384,7,36,-2,48,130,0,0,0,0,0,0,0,0,0,0,0,0,0,0,0,0,0,0,0,0,0,0,230352
1,1,1,1,826,1395,-687,363,7,51,-5,52,133,0,0,0,0,0,0,0,0,0,0,0,0,0,0,0,0,0,0,0,0,0,0,230362
1,1,1,1,841,1411,-714,437,-7,32,0,49,137,0,0,0,0,0,0,0,0,0,0,0,0,0,0,0,0,0,0,0,0,0,0,230372
1,1,1,1,838,1498,-757,540,10,-19,-4,52,141,0,0,0,0,0,0,0,0,0,0,0,0,0,0,0,0,0,0,0,0,0,0,230382
1,1,1,1,862,1302,-810,519,17,40,-8,56,151,0,0,0,0,0,0,0,0,0,0,0,0,0,0,0,0,0,0,0,0,0,0,230402
1,1,1,1,877,1337,-861,551,70,59,-8,58,155,0,0,0,0,0,0,0,0,0,0,0,0,0,0,0,0,0,0,0,0,0,0,230412
1,1,1,1,877,1316,-877,580,77,99,-7,59,158,0,0,0,0,0,0,0,0,0,0,0,0,0,0,0,0,0,0,0,0,0,0,230422
1,1,1,1,864,1326,-820,562,58,105,-8,63,163,0,0,0,0,0,0,0,0,0,0,0,0,0,0,0,0,0,0,0,0,0,0,230432
1,1,1,1,870,1277,-821,554,53,147,-8,66,172,0,0,0,0,0,0,0,0,0,0,0,0,0,0,0,0,0,0,0,0,0,0,230442
1,1,1,1,912,1250,-878,594,78,147,-9,68,174,0,0,0,0,0,0,0,0,0,0,0,0,0,0,0,0,0,0,0,0,0,0,230452
1,1,1,1,911,1271,-954,610,116,172,-11,70,179,0,0,0,0,0,0,0,0,0,0,0,0,0,0,0,0,0,0,0,0,0,0,230462
1,1,1,1,880,1338,-970,596,142,181,-10,72,184,0,0,0,0,0,0,0,0,0,0,0,0,0,0,0,0,0,0,0,0,0,0,230472
1,1,1,1,849,1392,-973,516,136,158,-12,73,184,0,0,0,0,0,0,0,0,0,0,0,0,0,0,0,0,0,0,0,0,0,0,230482
1,1,1,1,853,1428,-994,418,104,134,-15,76,190,0,0,0,0,0,0,0,0,0,0,0,0,0,0,0,0,0,0,0,0,0,0,230492
1,1,1,1,881,1393,-954,320,56,108,-15,78,196,0,0,0,0,0,0,0,0,0,0,0,0,0,0,0,0,0,0,0,0,0,0,230502
1,1,1,1,906,1339,-923,269,36,85,-13,80,199,0,0,0,0,0,0,0,0,0,0,0,0,0,0,0,0,0,0,0,0,0,0,230512
1,1,1,1,933,1299,-927,310,53,82,-12,82,202,0,0,0,0,0,0,0,0,0,0,0,0,0,0,0,0,0,0,0,0,0,0,230522
1,1,1,1,929,1290,-951,310,58,84,0,86,198,0,0,0,0,0,0,0,0,0,0,0,0,0,0,0,0,0,0,0,0,0,0,230532
1,1,1,1,915,1305,-978,333,67,102,-15,88,196,0,0,0,0,0,0,0,0,0,0,0,0,0,0,0,0,0,0,0,0,0,0,230542
1,1,1,1,899,1277,-921,361,42,105,-15,82,201,0,0,0,0,0,0,0,0,0,0,0,0,0,0,0,0,0,0,0,0,0,0,230552
1,1,1,1,890,1286,-903,413,67,120,-12,83,205,0,0,0,0,0,0,0,0,0,0,0,0,0,0,0,0,0,0,0,0,0,0,230562
1,1,1,1,900,1285,-940,460,99,122,-12,86,206,0,0,0,0,0,0,0,0,0,0,0,0,0,0,0,0,0,0,0,0,0,0,230572
1,1,1,1,892,1317,-971,438,94,120,-15,87,208,0,0,0,0,0,0,0,0,0,0,0,0,0,0,0,0,0,0,0,0,0,0,230582
1,1,1,1,883,1344,-989,380,70,106,-16,88,208,0,0,0,0,0,0,0,0,0,0,0,0,0,0,0,0,0,0,0,0,0,0,230592
1,1,1,1,903,1311,-1019,314,63,82,-14,88,212,0,0,0,0,0,0,0,0,0,0,0,0,0,0,0,0,0,0,0,0,0,0,230602
1,1,1,1,919,1313,-1030,270,53,65,-15,90,213,0,0,0,0,0,0,0,0,0,0,0,0,0,0,0,0,0,0,0,0,0,0,230612
1,1,1,1,911,1302,-1034,255,48,63,-16,90,214,0,0,0,0,0,0,0,0,0,0,0,0,0,0,0,0,0,0,0,0,0,0,230622
1,1,1,1,904,1295,-1028,270,38,61,-17,90,217,0,0,0,0,0,0,0,0,0,0,0,0,0,0,0,0,0,0,0,0,0,0,230632
1,1,1,1,892,1305,-1026,277,37,53,-19,90,219,0,0,0,0,0,0,0,0,0,0,0,0,0,0,0,0,0,0,0,0,0,0,230642
1,1,1,1,896,1303,-1034,277,36,54,-19,91,221,0,0,0,0,0,0,0,0,0,0,0,0,0,0,0,0,0,0,0,0,0,0,230652
1,1,1,1,895,1309,-1029,239,19,41,-19,95,229,0,0,0,0,0,0,0,0,0,0,0,0,0,0,0,0,0,0,0,0,0,0,230662
1,1,1,1,903,1289,-1036,184,-16,35,-19,93,226,0,0,0,0,0,0,0,0,0,0,0,0,0,0,0,0,0,0,0,0,0,0,230672
1,1,1,1,897,1304,-1030,176,-24,31,-23,94,230,0,0,0,0,0,0,0,0,0,0,0,0,0,0,0,0,0,0,0,0,0,0,230682
1,1,1,1,896,1309,-1045,146,-22,21,-22,95,231,0,0,0,0,0,0,0,0,0,0,0,0,0,0,0,0,0,0,0,0,0,0,230692
1,1,1,1,907,1309,-1059,117,-34,15,-24,96,236,0,0,0,0,0,0,0,0,0,0,0,0,0,0,0,0,0,0,0,0,0,0,230702
1,1,1,1,900,1310,-1060,84,-39,-2,-25,99,235,0,0,0,0,0,0,0,0,0,0,0,0,0,0,0,0,0,0,0,0,0,0,230712
1,1,1,1,886,1312,-1046,36,-52,-14,-24,100,237,0,0,0,0,0,0,0,0,0,0,0,0,0,0,0,0,0,0,0,0,0,0,230722
1,1,1,1,871,1325,-1049,4,-63,-25,-22,100,239,0,0,0,0,0,0,0,0,0,0,0,0,0,0,0,0,0,0,0,0,0,0,230732
1,1,1,1,850,1305,-1017,-27,-73,-16,-22,100,238,0,0,0,0,0,0,0,0,0,0,0,0,0,0,0,0,0,0,0,0,0,0,230742
1,1,1,1,875,1274,-975,7,-85,-4,-19,99,239,0,0,0,0,0,0,0,0,0,0,0,0,0,0,0,0,0,0,0,0,0,0,230752
1,1,1,1,902,1232,-982,80,-67,15,-22,102,243,0,0,0,0,0,0,0,0,0,0,0,0,0,0,0,0,0,0,0,0,0,0,230762
1,1,1,1,926,1246,-1004,123,-51,21,-21,102,242,0,0,0,0,0,0,0,0,0,0,0,0,0,0,0,0,0,0,0,0,0,0,230772
1,1,1,1,920,1258,-1041,154,-44,28,-22,103,244,0,0,0,0,0,0,0,0,0,0,0,0,0,0,0,0,0,0,0,0,0,0,230782
1,1,1,1,903,1278,-1046,159,-47,36,-24,104,247,0,0,0,0,0,0,0,0,0,0,0,0,0,0,0,0,0,0,0,0,0,0,230792
1,1,1,1,899,1301,-1060,137,-49,26,-24,104,246,0,0,0,0,0,0,0,0,0,0,0,0,0,0,0,0,0,0,0,0,0,0,230802
1,1,1,1,900,1317,-1055,94,-38,13,-24,105,246,0,0,0,0,0,0,0,0,0,0,0,0,0,0,0,0,0,0,0,0,0,0,230812
1,1,1,1,889,1345,-1054,12,-51,-5,-23,107,246,0,0,0,0,0,0,0,0,0,0,0,0,0,0,0,0,0,0,0,0,0,0,230822
1,1,1,1,905,1308,-1042,-60,-68,-21,-22,106,250,0,0,0,0,0,0,0,0,0,0,0,0,0,0,0,0,0,0,0,0,0,0,230832
1,1,1,1,911,1265,-1010,-75,-60,-33,-21,107,248,0,0,0,0,0,0,0,0,0,0,0,0,0,0,0,0,0,0,0,0,0,0,230842
1,1,1,1,911,1265,-1010,-18,-35,-20,-21,107,250,0,0,0,0,0,0,0,0,0,0,0,0,0,0,0,0,0,0,0,0,0,0,230852
1,1,1,1,928,1236,-980,90,-5,-4,-22,108,252,0,0,0,0,0,0,0,0,0,0,0,0,0,0,0,0,0,0,0,0,0,0,230862
1,1,1,1,943,1223,-994,175,20,18,-25,108,254,0,0,0,0,0,0,0,0,0,0,0,0,0,0,0,0,0,0,0,0,0,0,230872
1,1,1,1,949,1226,-1018,222,28,26,-25,108,255,0,0,0,0,0,0,0,0,0,0,0,0,0,0,0,0,0,0,0,0,0,0,230882
1,1,1,1,946,1236,-1062,226,31,38,-26,109,256,0,0,0,0,0,0,0,0,0,0,0,0,0,0,0,0,0,0,0,0,0,0,230892
1,1,1,1,952,1242,-1095,223,23,48,-26,110,260,0,0,0,0,0,0,0,0,0,0,0,0,0,0,0,0,0,0,0,0,0,0,230902
1,1,1,1,933,1250,-1085,229,15,63,-25,111,261,0,0,0,0,0,0,0,0,0,0,0,0,0,0,0,0,0,0,0,0,0,0,230912
1,1,1,1,933,1263,-1082,199,13,54,-25,111,261,0,0,0,0,0,0,0,0,0,0,0,0,0,0,0,0,0,0,0,0,0,0,230922
1,1,1,1,926,1295,-1099,160,2,42,-26,112,262,0,0,0,0,0,0,0,0,0,0,0,0,0,0,0,0,0,0,0,0,0,0,230932
1,1,1,1,916,1308,-1124,75,-21,19,-27,114,258,0,0,0,0,0,0,0,0,0,0,0,0,0,0,0,0,0,0,0,0,0,0,230942
1,1,1,1,898,1301,-1111,33,-42,10,-28,114,262,0,0,0,0,0,0,0,0,0,0,0,0,0,0,0,0,0,0,0,0,0,0,230952
1,1,1,1,892,1298,-1082,22,-44,-5,-28,113,259,0,0,0,0,0,0,0,0,0,0,0,0,0,0,0,0,0,0,0,0,0,0,230962
1,1,1,1,894,1288,-1072,19,-59,-11,-30,116,259,0,0,0,0,0,0,0,0,0,0,0,0,0,0,0,0,0,0,0,0,0,0,230972
1,1,1,1,894,1261,-1054,17,-63,-18,-26,112,259,0,0,0,0,0,0,0,0,0,0,0,0,0,0,0,0,0,0,0,0,0,0,230982
1,1,1,1,889,1257,-1076,28,-49,-12,-30,117,265,0,0,0,0,0,0,0,0,0,0,0,0,0,0,0,0,0,0,0,0,0,0,230992
1,1,1,1,882,1266,-1074,39,-57,-3,-27,113,261,0,0,0,0,0,0,0,0,0,0,0,0,0,0,0,0,0,0,0,0,0,0,231002
1,1,1,1,889,1243,-1058,71,-48,1,-28,115,261,0,0,0,0,0,0,0,0,0,0,0,0,0,0,0,0,0,0,0,0,0,0,231012
1,1,1,1,905,1223,-1055,132,-31,16,-27,116,263,0,0,0,0,0,0,0,0,0,0,0,0,0,0,0,0,0,0,0,0,0,0,231022
1,1,1,1,908,1252,-1064,150,-23,11,-27,119,266,0,0,0,0,0,0,0,0,0,0,0,0,0,0,0,0,0,0,0,0,0,0,231032
1,1,1,1,921,1274,-1103,122,-29,8,-28,119,264,0,0,0,0,0,0,0,0,0,0,0,0,0,0,0,0,0,0,0,0,0,0,231042
1,1,1,1,921,1279,-1116,97,-37,0,-24,119,265,0,0,0,0,0,0,0,0,0,0,0,0,0,0,0,0,0,0,0,0,0,0,231052
1,1,1,1,924,1288,-1101,78,-41,-5,-26,120,266,0,0,0,0,0,0,0,0,0,0,0,0,0,0,0,0,0,0,0,0,0,0,231062
1,1,1,1,929,1264,-1074,59,-46,-12,-25,121,268,0,0,0,0,0,0,0,0,0,0,0,0,0,0,0,0,0,0,0,0,0,0,231072
1,1,1,1,915,1244,-1061,65,-45,-13,-26,121,267,0,0,0,0,0,0,0,0,0,0,0,0,0,0,0,0,0,0,0,0,0,0,231082
1,1,1,1,903,1243,-1060,85,-41,-3,-28,122,268,0,0,0,0,0,0,0,0,0,0,0,0,0,0,0,0,0,0,0,0,0,0,231092
1,1,1,1,896,1247,-1079,123,-30,7,-28,122,269,0,0,0,0,0,0,0,0,0,0,0,0,0,0,0,0,0,0,0,0,0,0,231102
1,1,1,1,893,1259,-1100,149,-12,14,-29,123,267,0,0,0,0,0,0,0,0,0,0,0,0,0,0,0,0,0,0,0,0,0,0,231112
1,1,1,1,893,1269,-1105,155,-19,17,-26,124,269,0,0,0,0,0,0,0,0,0,0,0,0,0,0,0,0,0,0,0,0,0,0,231122
1,1,1,1,905,1264,-1112,128,-30,15,-25,126,268,0,0,0,0,0,0,0,0,0,0,0,0,0,0,0,0,0,0,0,0,0,0,231132
1,1,1,1,918,1260,-1112,88,-39,9,-27,126,273,0,0,0,0,0,0,0,0,0,0,0,0,0,0,0,0,0,0,0,0,0,0,231142
1,1,1,1,926,1254,-1115,64,-54,-6,-26,127,275,0,0,0,0,0,0,0,0,0,0,0,0,0,0,0,0,0,0,0,0,0,0,231152
1,1,1,1,911,1257,-1132,37,-55,-15,-27,127,273,0,0,0,0,0,0,0,0,0,0,0,0,0,0,0,0,0,0,0,0,0,0,231162
1,1,1,1,874,1271,-1122,15,-66,-17,-26,127,275,0,0,0,0,0,0,0,0,0,0,0,0,0,0,0,0,0,0,0,0,0,0,231172
1,1,1,1,854,1275,-1102,20,-65,-15,-26,129,273,0,0,0,0,0,0,0,0,0,0,0,0,0,0,0,0,0,0,0,0,0,0,231182
1,1,1,1,854,1257,-1099,56,-53,11,-25,129,279,0,0,0,0,0,0,0,0,0,0,0,0,0,0,0,0,0,0,0,0,0,0,231192
1,1,1,1,867,1252,-1102,87,-48,17,-25,131,281,0,0,0,0,0,0,0,0,0,0,0,0,0,0,0,0,0,0,0,0,0,0,231202
1,1,1,1,898,1244,-1117,116,-32,7,-26,132,285,0,0,0,0,0,0,0,0,0,0,0,0,0,0,0,0,0,0,0,0,0,0,231212
1,1,1,1,939,1190,-1092,103,-43,-31,-27,132,283,0,0,0,0,0,0,0,0,0,0,0,0,0,0,0,0,0,0,0,0,0,0,231222
1,1,1,1,933,1228,-1118,118,-35,-12,-29,131,282,0,0,0,0,0,0,0,0,0,0,0,0,0,0,0,0,0,0,0,0,0,0,231232
1,1,1,1,920,1239,-1113,127,-20,6,-29,132,284,0,0,0,0,0,0,0,0,0,0,0,0,0,0,0,0,0,0,0,0,0,0,231242
1,1,1,1,895,1269,-1112,125,-13,28,-31,132,285,0,0,0,0,0,0,0,0,0,0,0,0,0,0,0,0,0,0,0,0,0,0,231252
1,1,1,1,884,1282,-1116,107,-11,57,-32,134,285,0,0,0,0,0,0,0,0,0,0,0,0,0,0,0,0,0,0,0,0,0,0,231262
1,1,1,1,903,1278,-1109,110,9,80,-35,136,288,0,0,0,0,0,0,0,0,0,0,0,0,0,0,0,0,0,0,0,0,0,0,231272
1,1,1,1,904,1279,-1114,132,10,96,-32,133,290,0,0,0,0,0,0,0,0,0,0,0,0,0,0,0,0,0,0,0,0,0,0,231282
1,1,1,1,891,1291,-1124,100,-1,93,-33,137,289,0,0,0,0,0,0,0,0,0,0,0,0,0,0,0,0,0,0,0,0,0,0,231292
1,1,1,1,907,1281,-1162,77,0,83,-33,139,291,0,0,0,0,0,0,0,0,0,0,0,0,0,0,0,0,0,0,0,0,0,0,231302
1,1,1,1,911,1270,-1170,48,-9,67,-31,134,291,0,0,0,0,0,0,0,0,0,0,0,0,0,0,0,0,0,0,0,0,0,0,231312
1,1,1,1,918,1255,-1155,6,-20,43,-33,140,291,0,0,0,0,0,0,0,0,0,0,0,0,0,0,0,0,0,0,0,0,0,0,231322
1,1,1,1,915,1238,-1150,-40,-35,27,-29,141,294,0,0,0,0,0,0,0,0,0,0,0,0,0,0,0,0,0,0,0,0,0,0,231342
1,1,1,1,921,1211,-1141,-9,-26,42,-32,142,293,0,0,0,0,0,0,0,0,0,0,0,0,0,0,0,0,0,0,0,0,0,0,231352
1,1,1,1,936,1195,-1113,12,-12,41,-31,142,295,0,0,0,0,0,0,0,0,0,0,0,0,0,0,0,0,0,0,0,0,0,0,231362
1,1,1,1,950,1186,-1132,35,-6,42,-29,144,297,0,0,0,0,0,0,0,0,0,0,0,0,0,0,0,0,0,0,0,0,0,0,231372
1,1,1,1,931,1203,-1127,80,-2,56,-32,144,299,0,0,0,0,0,0,0,0,0,0,0,0,0,0,0,0,0,0,0,0,0,0,231382
1,1,1,1,920,1230,-1146,121,1,67,-31,145,301,0,0,0,0,0,0,0,0,0,0,0,0,0,0,0,0,0,0,0,0,0,0,231392
1,1,1,1,939,1227,-1176,147,1,76,-29,145,299,0,0,0,0,0,0,0,0,0,0,0,0,0,0,0,0,0,0,0,0,0,0,231402
1,1,1,1,946,1240,-1196,142,-8,75,-30,147,300,0,0,0,0,0,0,0,0,0,0,0,0,0,0,0,0,0,0,0,0,0,0,231412
1,1,1,1,950,1247,-1186,90,-30,60,-30,148,298,0,0,0,0,0,0,0,0,0,0,0,0,0,0,0,0,0,0,0,0,0,0,231422
1,1,1,1,955,1218,-1180,98,-40,53,-29,149,296,0,0,0,0,0,0,0,0,0,0,0,0,0,0,0,0,0,0,0,0,0,0,231432
1,1,1,1,946,1193,-1128,97,-39,62,-27,150,298,0,0,0,0,0,0,0,0,0,0,0,0,0,0,0,0,0,0,0,0,0,0,231442
1,1,1,1,932,1203,-1092,77,-41,62,-27,151,298,0,0,0,0,0,0,0,0,0,0,0,0,0,0,0,0,0,0,0,0,0,0,231452
1,1,1,1,931,1201,-1120,113,-30,70,-27,151,297,0,0,0,0,0,0,0,0,0,0,0,0,0,0,0,0,0,0,0,0,0,0,231462
1,1,1,1,926,1184,-1106,163,-21,92,-26,152,298,0,0,0,0,0,0,0,0,0,0,0,0,0,0,0,0,0,0,0,0,0,0,231472
1,1,1,1,923,1183,-1114,199,-11,96,-28,152,304,0,0,0,0,0,0,0,0,0,0,0,0,0,0,0,0,0,0,0,0,0,0,231482
1,1,1,1,933,1194,-1164,218,6,88,-29,154,301,0,0,0,0,0,0,0,0,0,0,0,0,0,0,0,0,0,0,0,0,0,0,231492
1,1,1,1,931,1221,-1188,219,-6,70,-28,154,300,0,0,0,0,0,0,0,0,0,0,0,0,0,0,0,0,0,0,0,0,0,0,231502
1,1,1,1,926,1231,-1191,232,-5,59,-29,155,300,0,0,0,0,0,0,0,0,0,0,0,0,0,0,0,0,0,0,0,0,0,0,231512
1,1,1,1,910,1241,-1196,239,-5,64,-28,156,300,0,0,0,0,0,0,0,0,0,0,0,0,0,0,0,0,0,0,0,0,0,0,231522
1,1,1,1,900,1229,-1153,241,-12,81,-27,156,302,0,0,0,0,0,0,0,0,0,0,0,0,0,0,0,0,0,0,0,0,0,0,231532
1,1,1,1,914,1203,-1132,242,-18,86,-28,158,300,0,0,0,0,0,0,0,0,0,0,0,0,0,0,0,0,0,0,0,0,0,0,231542
1,1,1,1,926,1192,-1153,242,-27,100,-29,159,303,0,0,0,0,0,0,0,0,0,0,0,0,0,0,0,0,0,0,0,0,0,0,231552
1,1,1,1,939,1159,-1149,289,-29,116,-29,159,303,0,0,0,0,0,0,0,0,0,0,0,0,0,0,0,0,0,0,0,0,0,0,231562
1,1,1,1,958,1159,-1154,267,-10,111,-27,158,303,0,0,0,0,0,0,0,0,0,0,0,0,0,0,0,0,0,0,0,0,0,0,231572
1,1,1,1,924,1204,-1206,246,-7,99,-32,159,308,0,0,0,0,0,0,0,0,0,0,0,0,0,0,0,0,0,0,0,0,0,0,231582
1,1,1,1,926,1201,-1235,246,-1,88,-33,161,311,0,0,0,0,0,0,0,0,0,0,0,0,0,0,0,0,0,0,0,0,0,0,231592
1,1,1,1,923,1196,-1228,276,25,76,-30,158,309,0,0,0,0,0,0,0,0,0,0,0,0,0,0,0,0,0,0,0,0,0,0,231602
1,1,1,1,916,1190,-1208,340,29,82,-31,159,313,0,0,0,0,0,0,0,0,0,0,0,0,0,0,0,0,0,0,0,0,0,0,231612
1,1,1,1,917,1196,-1193,384,40,76,-33,162,315,0,0,0,0,0,0,0,0,0,0,0,0,0,0,0,0,0,0,0,0,0,0,231622
1,1,1,1,914,1195,-1188,413,40,89,-34,166,314,0,0,0,0,0,0,0,0,0,0,0,0,0,0,0,0,0,0,0,0,0,0,231632
1,1,1,1,919,1158,-1163,462,43,107,-32,164,316,0,0,0,0,0,0,0,0,0,0,0,0,0,0,0,0,0,0,0,0,0,0,231642
1,1,1,1,934,1116,-1179,532,69,130,-30,163,317,0,0,0,0,0,0,0,0,0,0,0,0,0,0,0,0,0,0,0,0,0,0,231652
1,1,1,1,944,1121,-1199,605,85,152,-33,164,321,0,0,0,0,0,0,0,0,0,0,0,0,0,0,0,0,0,0,0,0,0,0,231662
1,1,1,1,958,1112,-1222,638,95,155,-35,165,327,0,0,0,0,0,0,0,0,0,0,0,0,0,0,0,0,0,0,0,0,0,0,231672
1,1,1,1,973,1121,-1279,667,103,157,-35,165,327,0,0,0,0,0,0,0,0,0,0,0,0,0,0,0,0,0,0,0,0,0,0,231682
1,1,1,1,977,1154,-1324,642,99,143,-38,166,327,0,0,0,0,0,0,0,0,0,0,0,0,0,0,0,0,0,0,0,0,0,0,231692
1,1,1,1,960,1150,-1333,631,92,140,-38,167,326,0,0,0,0,0,0,0,0,0,0,0,0,0,0,0,0,0,0,0,0,0,0,231702
1,1,1,1,941,1130,-1294,657,80,147,-37,167,325,0,0,0,0,0,0,0,0,0,0,0,0,0,0,0,0,0,0,0,0,0,0,231712
1,1,1,1,926,1147,-1281,657,58,151,-36,167,324,0,0,0,0,0,0,0,0,0,0,0,0,0,0,0,0,0,0,0,0,0,0,231722
1,1,1,1,935,1168,-1326,599,30,146,-37,168,322,0,0,0,0,0,0,0,0,0,0,0,0,0,0,0,0,0,0,0,0,0,0,231732
1,1,1,1,957,1133,-1361,535,16,148,-37,168,327,0,0,0,0,0,0,0,0,0,0,0,0,0,0,0,0,0,0,0,0,0,0,231742
1,1,1,1,982,1096,-1362,500,25,145,-37,168,327,0,0,0,0,0,0,0,0,0,0,0,0,0,0,0,0,0,0,0,0,0,0,231752
1,1,1,1,984,1081,-1365,484,26,130,-39,170,330,0,0,0,0,0,0,0,0,0,0,0,0,0,0,0,0,0,0,0,0,0,0,231762
1,1,1,1,974,1052,-1349,528,33,143,-37,170,332,0,0,0,0,0,0,0,0,0,0,0,0,0,0,0,0,0,0,0,0,0,0,231772
1,1,1,1,976,1020,-1340,657,59,175,-39,171,332,0,0,0,0,0,0,0,0,0,0,0,0,0,0,0,0,0,0,0,0,0,0,231782
1,1,1,1,982,1014,-1323,774,86,195,-39,172,331,0,0,0,0,0,0,0,0,0,0,0,0,0,0,0,0,0,0,0,0,0,0,231792
1,1,1,1,976,1063,-1339,769,81,206,-40,173,334,0,0,0,0,0,0,0,0,0,0,0,0,0,0,0,0,0,0,0,0,0,0,231802
1,1,1,1,998,1147,-1417,575,20,176,-40,173,338,0,0,0,0,0,0,0,0,0,0,0,0,0,0,0,0,0,0,0,0,0,0,231812
1,1,1,1,1047,1128,-1520,364,-21,130,-42,174,335,0,0,0,0,0,0,0,0,0,0,0,0,0,0,0,0,0,0,0,0,0,0,231822
1,1,1,1,1035,1077,-1507,270,-28,109,-40,174,341,0,0,0,0,0,0,0,0,0,0,0,0,0,0,0,0,0,0,0,0,0,0,231832
1,1,1,1,1009,1038,-1438,255,-29,110,-41,175,341,0,0,0,0,0,0,0,0,0,0,0,0,0,0,0,0,0,0,0,0,0,0,231842
1,1,1,1,999,996,-1406,314,-20,111,-39,173,342,0,0,0,0,0,0,0,0,0,0,0,0,0,0,0,0,0,0,0,0,0,0,231852
1,1,1,1,998,984,-1418,385,0,118,-39,175,341,0,0,0,0,0,0,0,0,0,0,0,0,0,0,0,0,0,0,0,0,0,0,231862
1,1,1,1,984,987,-1398,453,16,136,-42,180,338,0,0,0,0,0,0,0,0,0,0,0,0,0,0,0,0,0,0,0,0,0,0,231872
1,1,1,1,983,1000,-1386,512,24,148,-41,172,334,0,0,0,0,0,0,0,0,0,0,0,0,0,0,0,0,0,0,0,0,0,0,231882
1,1,1,1,991,998,-1386,519,16,152,-42,179,339,0,0,0,0,0,0,0,0,0,0,0,0,0,0,0,0,0,0,0,0,0,0,231892
1,1,1,1,1031,996,-1429,520,23,149,-44,179,340,0,0,0,0,0,0,0,0,0,0,0,0,0,0,0,0,0,0,0,0,0,0,231902
1,1,1,1,1050,1012,-1484,464,25,139,-44,177,341,0,0,0,0,0,0,0,0,0,0,0,0,0,0,0,0,0,0,0,0,0,0,231912
1,1,1,1,1052,1028,-1542,367,7,115,-45,179,343,0,0,0,0,0,0,0,0,0,0,0,0,0,0,0,0,0,0,0,0,0,0,231922
1,1,1,1,1033,1030,-1534,287,3,93,-43,179,347,0,0,0,0,0,0,0,0,0,0,0,0,0,0,0,0,0,0,0,0,0,0,231932
1,1,1,1,1024,959,-1459,281,25,83,-40,179,339,0,0,0,0,0,0,0,0,0,0,0,0,0,0,0,0,0,0,0,0,0,0,231952
1,1,1,1,1023,939,-1429,312,39,83,-38,177,338,0,0,0,0,0,0,0,0,0,0,0,0,0,0,0,0,0,0,0,0,0,0,231962
1,1,1,1,1019,927,-1431,360,36,107,-38,178,341,0,0,0,0,0,0,0,0,0,0,0,0,0,0,0,0,0,0,0,0,0,0,231972
1,1,1,1,1015,931,-1425,400,38,123,-38,179,341,0,0,0,0,0,0,0,0,0,0,0,0,0,0,0,0,0,0,0,0,0,0,231982
1,1,1,1,1049,944,-1484,412,46,127,-41,179,343,0,0,0,0,0,0,0,0,0,0,0,0,0,0,0,0,0,0,0,0,0,0,231992
1,1,1,1,1084,961,-1546,373,47,118,-42,179,344,0,0,0,0,0,0,0,0,0,0,0,0,0,0,0,0,0,0,0,0,0,0,232002
1,1,1,1,1070,969,-1561,296,28,102,-42,179,343,0,0,0,0,0,0,0,0,0,0,0,0,0,0,0,0,0,0,0,0,0,0,232012
1,1,1,1,1053,982,-1581,196,-8,74,-43,179,340,0,0,0,0,0,0,0,0,0,0,0,0,0,0,0,0,0,0,0,0,0,0,232022
1,1,1,1,1041,961,-1574,145,-22,70,-42,180,342,0,0,0,0,0,0,0,0,0,0,0,0,0,0,0,0,0,0,0,0,0,0,232032
1,1,1,1,1041,961,-1574,129,-30,63,-40,180,342,0,0,0,0,0,0,0,0,0,0,0,0,0,0,0,0,0,0,0,0,0,0,232042
1,1,1,1,1034,953,-1539,105,-31,48,-39,180,337,0,0,0,0,0,0,0,0,0,0,0,0,0,0,0,0,0,0,0,0,0,0,232052
1,1,1,1,1034,953,-1539,84,-40,47,-38,179,333,0,0,0,0,0,0,0,0,0,0,0,0,0,0,0,0,0,0,0,0,0,0,232062
1,1,1,1,1029,927,-1511,112,-30,57,-36,179,334,0,0,0,0,0,0,0,0,0,0,0,0,0,0,0,0,0,0,0,0,0,0,232072
1,1,1,1,1022,903,-1499,173,-27,68,-37,180,334,0,0,0,0,0,0,0,0,0,0,0,0,0,0,0,0,0,0,0,0,0,0,232082
1,1,1,1,1006,887,-1479,275,-22,91,-37,180,333,0,0,0,0,0,0,0,0,0,0,0,0,0,0,0,0,0,0,0,0,0,0,232092
1,1,1,1,1027,877,-1479,313,-12,103,-36,179,333,0,0,0,0,0,0,0,0,0,0,0,0,0,0,0,0,0,0,0,0,0,0,232102
1,1,1,1,1044,905,-1512,290,-7,103,-37,180,335,0,0,0,0,0,0,0,0,0,0,0,0,0,0,0,0,0,0,0,0,0,0,232112
1,1,1,1,1049,930,-1561,224,-12,84,-37,180,336,0,0,0,0,0,0,0,0,0,0,0,0,0,0,0,0,0,0,0,0,0,0,232122
1,1,1,1,1054,957,-1572,164,-19,71,-38,180,335,0,0,0,0,0,0,0,0,0,0,0,0,0,0,0,0,0,0,0,0,0,0,232132
1,1,1,1,1050,917,-1566,124,-28,52,-37,180,333,0,0,0,0,0,0,0,0,0,0,0,0,0,0,0,0,0,0,0,0,0,0,232142
1,1,1,1,1055,910,-1580,84,-36,18,-37,180,335,0,0,0,0,0,0,0,0,0,0,0,0,0,0,0,0,0,0,0,0,0,0,232152
1,1,1,1,1024,938,-1576,75,-35,12,-37,185,337,0,0,0,0,0,0,0,0,0,0,0,0,0,0,0,0,0,0,0,0,0,0,232162
1,1,1,1,1005,906,-1537,117,-41,29,-34,181,334,0,0,0,0,0,0,0,0,0,0,0,0,0,0,0,0,0,0,0,0,0,0,232172
1,1,1,1,1034,865,-1531,173,-21,27,-36,185,336,0,0,0,0,0,0,0,0,0,0,0,0,0,0,0,0,0,0,0,0,0,0,232182
1,1,1,1,1038,889,-1561,194,-7,26,-34,180,331,0,0,0,0,0,0,0,0,0,0,0,0,0,0,0,0,0,0,0,0,0,0,232192
1,1,1,1,1021,912,-1558,172,-35,28,-34,182,333,0,0,0,0,0,0,0,0,0,0,0,0,0,0,0,0,0,0,0,0,0,0,232202
1,1,1,1,1026,906,-1549,152,-45,34,-34,184,334,0,0,0,0,0,0,0,0,0,0,0,0,0,0,0,0,0,0,0,0,0,0,232212
1,1,1,1,1055,900,-1571,118,-54,31,-35,186,334,0,0,0,0,0,0,0,0,0,0,0,0,0,0,0,0,0,0,0,0,0,0,232222
1,1,1,1,1054,932,-1577,31,-73,27,-33,185,335,0,0,0,0,0,0,0,0,0,0,0,0,0,0,0,0,0,0,0,0,0,0,232232
1,1,1,1,1054,924,-1574,-49,-90,21,-31,186,334,0,0,0,0,0,0,0,0,0,0,0,0,0,0,0,0,0,0,0,0,0,0,232242
1,1,1,1,1068,906,-1578,-54,-90,11,-29,186,332,0,0,0,0,0,0,0,0,0,0,0,0,0,0,0,0,0,0,0,0,0,0,232252
1,1,1,1,1057,881,-1571,11,-70,25,-30,187,333,0,0,0,0,0,0,0,0,0,0,0,0,0,0,0,0,0,0,0,0,0,0,232262
1,1,1,1,1069,872,-1526,-32,-52,8,-29,188,334,0,0,0,0,0,0,0,0,0,0,0,0,0,0,0,0,0,0,0,0,0,0,232272
1,1,1,1,1061,898,-1555,-28,-49,1,-28,190,331,0,0,0,0,0,0,0,0,0,0,0,0,0,0,0,0,0,0,0,0,0,0,232282
1,1,1,1,1039,899,-1537,0,-43,14,-27,187,328,0,0,0,0,0,0,0,0,0,0,0,0,0,0,0,0,0,0,0,0,0,0,232292
1,1,1,1,1036,860,-1501,64,-31,34,-27,189,331,0,0,0,0,0,0,0,0,0,0,0,0,0,0,0,0,0,0,0,0,0,0,232302
1,1,1,1,1055,841,-1522,164,15,54,-26,190,330,0,0,0,0,0,0,0,0,0,0,0,0,0,0,0,0,0,0,0,0,0,0,232312
1,1,1,1,1064,869,-1555,193,32,53,-25,191,329,0,0,0,0,0,0,0,0,0,0,0,0,0,0,0,0,0,0,0,0,0,0,232322
1,1,1,1,1048,918,-1584,163,23,43,-25,193,332,0,0,0,0,0,0,0,0,0,0,0,0,0,0,0,0,0,0,0,0,0,0,232332
1,1,1,1,1035,923,-1564,147,24,36,-24,194,332,0,0,0,0,0,0,0,0,0,0,0,0,0,0,0,0,0,0,0,0,0,0,232342
1,1,1,1,1035,903,-1558,161,21,34,-22,195,333,0,0,0,0,0,0,0,0,0,0,0,0,0,0,0,0,0,0,0,0,0,0,232352
1,1,1,1,1032,876,-1539,240,26,52,-24,196,336,0,0,0,0,0,0,0,0,0,0,0,0,0,0,0,0,0,0,0,0,0,0,232362
1,1,1,1,1056,863,-1531,217,32,53,-24,197,334,0,0,0,0,0,0,0,0,0,0,0,0,0,0,0,0,0,0,0,0,0,0,232372
1,1,1,1,1067,842,-1557,174,40,44,-24,198,339,0,0,0,0,0,0,0,0,0,0,0,0,0,0,0,0,0,0,0,0,0,0,232382
1,1,1,1,1062,840,-1602,210,44,56,-23,199,339,0,0,0,0,0,0,0,0,0,0,0,0,0,0,0,0,0,0,0,0,0,0,232392
1,1,1,1,1066,828,-1591,236,47,57,-25,200,341,0,0,0,0,0,0,0,0,0,0,0,0,0,0,0,0,0,0,0,0,0,0,232402
1,1,1,1,1064,835,-1595,249,46,54,-22,201,340,0,0,0,0,0,0,0,0,0,0,0,0,0,0,0,0,0,0,0,0,0,0,232412
1,1,1,1,1053,844,-1590,263,40,59,-21,201,340,0,0,0,0,0,0,0,0,0,0,0,0,0,0,0,0,0,0,0,0,0,0,232422
1,1,1,1,1048,822,-1573,308,41,73,-21,202,340,0,0,0,0,0,0,0,0,0,0,0,0,0,0,0,0,0,0,0,0,0,0,232432
1,1,1,1,1075,815,-1578,362,63,78,-21,203,338,0,0,0,0,0,0,0,0,0,0,0,0,0,0,0,0,0,0,0,0,0,0,232442
1,1,1,1,1070,855,-1603,345,60,64,-22,203,339,0,0,0,0,0,0,0,0,0,0,0,0,0,0,0,0,0,0,0,0,0,0,232452
1,1,1,1,1061,885,-1611,269,15,53,-22,205,341,0,0,0,0,0,0,0,0,0,0,0,0,0,0,0,0,0,0,0,0,0,0,232462
1,1,1,1,1068,862,-1619,221,6,45,-23,206,343,0,0,0,0,0,0,0,0,0,0,0,0,0,0,0,0,0,0,0,0,0,0,232472
1,1,1,1,1074,790,-1620,289,8,47,-17,203,342,0,0,0,0,0,0,0,0,0,0,0,0,0,0,0,0,0,0,0,0,0,0,232482
1,1,1,1,1086,739,-1571,389,30,70,-20,205,344,0,0,0,0,0,0,0,0,0,0,0,0,0,0,0,0,0,0,0,0,0,0,232492
1,1,1,1,1090,730,-1529,424,61,79,-23,208,342,0,0,0,0,0,0,0,0,0,0,0,0,0,0,0,0,0,0,0,0,0,0,232502
1,1,1,1,1072,722,-1564,570,82,107,-22,207,344,0,0,0,0,0,0,0,0,0,0,0,0,0,0,0,0,0,0,0,0,0,0,232512
1,1,1,1,1078,740,-1609,625,110,100,-23,210,345,0,0,0,0,0,0,0,0,0,0,0,0,0,0,0,0,0,0,0,0,0,0,232522
1,1,1,1,1035,850,-1657,566,93,92,-21,206,345,0,0,0,0,0,0,0,0,0,0,0,0,0,0,0,0,0,0,0,0,0,0,232532
1,1,1,1,1010,913,-1680,396,50,68,-24,210,346,0,0,0,0,0,0,0,0,0,0,0,0,0,0,0,0,0,0,0,0,0,0,232542
1,1,1,1,1007,890,-1692,268,11,60,-21,206,348,0,0,0,0,0,0,0,0,0,0,0,0,0,0,0,0,0,0,0,0,0,0,232552
1,1,1,1,1050,830,-1708,201,6,34,-24,209,351,0,0,0,0,0,0,0,0,0,0,0,0,0,0,0,0,0,0,0,0,0,0,232562
1,1,1,1,1073,806,-1724,145,2,10,-23,209,348,0,0,0,0,0,0,0,0,0,0,0,0,0,0,0,0,0,0,0,0,0,0,232572
1,1,1,1,1059,815,-1732,100,-15,-2,-23,209,351,0,0,0,0,0,0,0,0,0,0,0,0,0,0,0,0,0,0,0,0,0,0,232582
1,1,1,1,1060,798,-1721,61,-26,-11,-23,210,351,0,0,0,0,0,0,0,0,0,0,0,0,0,0,0,0,0,0,0,0,0,0,232592
1,1,1,1,1064,772,-1700,56,-27,-10,-23,209,348,0,0,0,0,0,0,0,0,0,0,0,0,0,0,0,0,0,0,0,0,0,0,232602
1,1,1,1,1060,736,-1657,119,-25,19,-21,210,345,0,0,0,0,0,0,0,0,0,0,0,0,0,0,0,0,0,0,0,0,0,0,232612
1,1,1,1,1083,715,-1618,187,-17,34,-21,211,345,0,0,0,0,0,0,0,0,0,0,0,0,0,0,0,0,0,0,0,0,0,0,232622
1,1,1,1,1101,735,-1636,170,-18,24,-22,210,345,0,0,0,0,0,0,0,0,0,0,0,0,0,0,0,0,0,0,0,0,0,0,232632
1,1,1,1,1090,795,-1692,117,-14,26,-22,210,346,0,0,0,0,0,0,0,0,0,0,0,0,0,0,0,0,0,0,0,0,0,0,232642
1,1,1,1,1085,806,-1699,39,-28,14,-21,209,345,0,0,0,0,0,0,0,0,0,0,0,0,0,0,0,0,0,0,0,0,0,0,232652
1,1,1,1,1086,805,-1713,-20,-27,3,-21,208,343,0,0,0,0,0,0,0,0,0,0,0,0,0,0,0,0,0,0,0,0,0,0,232662
1,1,1,1,1076,802,-1695,-36,-26,0,-20,207,344,0,0,0,0,0,0,0,0,0,0,0,0,0,0,0,0,0,0,0,0,0,0,232672
1,1,1,1,1075,802,-1681,-34,-21,0,-21,207,342,0,0,0,0,0,0,0,0,0,0,0,0,0,0,0,0,0,0,0,0,0,0,232682
1,1,1,1,1079,802,-1681,-38,-12,9,-21,208,341,0,0,0,0,0,0,0,0,0,0,0,0,0,0,0,0,0,0,0,0,0,0,232692
1,1,1,1,1084,753,-1653,4,4,30,-19,209,340,0,0,0,0,0,0,0,0,0,0,0,0,0,0,0,0,0,0,0,0,0,0,232702
1,1,1,1,1087,724,-1640,71,23,52,-19,209,342,0,0,0,0,0,0,0,0,0,0,0,0,0,0,0,0,0,0,0,0,0,0,232712
1,1,1,1,1105,708,-1647,96,27,42,-18,210,340,0,0,0,0,0,0,0,0,0,0,0,0,0,0,0,0,0,0,0,0,0,0,232722
1,1,1,1,1101,734,-1665,84,10,28,-18,209,339,0,0,0,0,0,0,0,0,0,0,0,0,0,0,0,0,0,0,0,0,0,0,232732
1,1,1,1,1084,796,-1696,36,2,23,-17,209,339,0,0,0,0,0,0,0,0,0,0,0,0,0,0,0,0,0,0,0,0,0,0,232742
1,1,1,1,1068,804,-1701,-22,-8,16,-16,209,340,0,0,0,0,0,0,0,0,0,0,0,0,0,0,0,0,0,0,0,0,0,0,232752
1,1,1,1,1051,760,-1669,-11,-11,35,-18,209,341,0,0,0,0,0,0,0,0,0,0,0,0,0,0,0,0,0,0,0,0,0,0,232762
1,1,1,1,1073,713,-1642,44,7,37,-17,210,341,0,0,0,0,0,0,0,0,0,0,0,0,0,0,0,0,0,0,0,0,0,0,232772
1,1,1,1,1083,731,-1658,46,13,27,-16,207,336,0,0,0,0,0,0,0,0,0,0,0,0,0,0,0,0,0,0,0,0,0,0,232782
1,1,1,1,1084,763,-1679,13,4,11,-17,207,336,0,0,0,0,0,0,0,0,0,0,0,0,0,0,0,0,0,0,0,0,0,0,232792
1,1,1,1,1080,762,-1700,-9,1,-3,-19,211,340,0,0,0,0,0,0,0,0,0,0,0,0,0,0,0,0,0,0,0,0,0,0,232802
1,1,1,1,1083,767,-1707,-30,4,-16,-19,211,337,0,0,0,0,0,0,0,0,0,0,0,0,0,0,0,0,0,0,0,0,0,0,232812
1,1,1,1,1067,786,-1709,-50,-1,-19,-17,208,337,0,0,0,0,0,0,0,0,0,0,0,0,0,0,0,0,0,0,0,0,0,0,232822
1,1,1,1,1072,770,-1668,-69,-22,-16,-15,209,334,0,0,0,0,0,0,0,0,0,0,0,0,0,0,0,0,0,0,0,0,0,0,232832
1,1,1,1,1087,741,-1664,-73,-33,-11,-14,208,336,0,0,0,0,0,0,0,0,0,0,0,0,0,0,0,0,0,0,0,0,0,0,232842
1,1,1,1,1089,726,-1654,-60,-27,-4,-14,210,333,0,0,0,0,0,0,0,0,0,0,0,0,0,0,0,0,0,0,0,0,0,0,232852
1,1,1,1,1093,720,-1653,-35,-18,2,-11,207,333,0,0,0,0,0,0,0,0,0,0,0,0,0,0,0,0,0,0,0,0,0,0,232862
1,1,1,1,1091,733,-1669,-4,-16,13,-12,209,335,0,0,0,0,0,0,0,0,0,0,0,0,0,0,0,0,0,0,0,0,0,0,232872
1,1,1,1,1086,739,-1666,11,-22,12,-11,209,332,0,0,0,0,0,0,0,0,0,0,0,0,0,0,0,0,0,0,0,0,0,0,232882
1,1,1,1,1081,752,-1668,32,-22,15,-10,209,329,0,0,0,0,0,0,0,0,0,0,0,0,0,0,0,0,0,0,0,0,0,0,232892
1,1,1,1,1085,771,-1676,37,-21,19,-11,209,331,0,0,0,0,0,0,0,0,0,0,0,0,0,0,0,0,0,0,0,0,0,0,232902
1,1,1,1,1087,772,-1670,6,-33,10,-12,208,331,0,0,0,0,0,0,0,0,0,0,0,0,0,0,0,0,0,0,0,0,0,0,232912
1,1,1,1,1089,774,-1679,-27,-35,1,-11,209,332,0,0,0,0,0,0,0,0,0,0,0,0,0,0,0,0,0,0,0,0,0,0,232922
1,1,1,1,1076,771,-1675,-35,-38,2,-12,207,329,0,0,0,0,0,0,0,0,0,0,0,0,0,0,0,0,0,0,0,0,0,0,232932
1,1,1,1,1073,759,-1645,-7,-34,14,-10,207,328,0,0,0,0,0,0,0,0,0,0,0,0,0,0,0,0,0,0,0,0,0,0,232942
1,1,1,1,1072,745,-1651,41,-20,24,-11,208,328,0,0,0,0,0,0,0,0,0,0,0,0,0,0,0,0,0,0,0,0,0,0,232952
1,1,1,1,1074,758,-1657,66,-2,28,-12,208,330,0,0,0,0,0,0,0,0,0,0,0,0,0,0,0,0,0,0,0,0,0,0,232962
1,1,1,1,1061,780,-1663,61,-2,28,-12,208,329,0,0,0,0,0,0,0,0,0,0,0,0,0,0,0,0,0,0,0,0,0,0,232972
1,1,1,1,1063,781,-1665,49,-2,26,-14,208,328,0,0,0,0,0,0,0,0,0,0,0,0,0,0,0,0,0,0,0,0,0,0,232982
1,1,1,1,1073,785,-1688,17,-5,18,-12,207,329,0,0,0,0,0,0,0,0,0,0,0,0,0,0,0,0,0,0,0,0,0,0,232992
1,1,1,1,1081,792,-1700,-15,-9,8,-12,207,330,0,0,0,0,0,0,0,0,0,0,0,0,0,0,0,0,0,0,0,0,0,0,233002
1,1,1,1,1083,771,-1684,-20,-13,3,-13,207,329,0,0,0,0,0,0,0,0,0,0,0,0,0,0,0,0,0,0,0,0,0,0,233012
1,1,1,1,1093,763,-1693,-19,-17,-5,-13,206,328,0,0,0,0,0,0,0,0,0,0,0,0,0,0,0,0,0,0,0,0,0,0,233022
1,1,1,1,1074,761,-1667,-12,-17,0,-10,206,328,0,0,0,0,0,0,0,0,0,0,0,0,0,0,0,0,0,0,0,0,0,0,233032
1,1,1,1,1066,726,-1624,41,-6,16,-10,206,326,0,0,0,0,0,0,0,0,0,0,0,0,0,0,0,0,0,0,0,0,0,0,233042
1,1,1,1,1073,735,-1647,98,12,23,-12,206,329,0,0,0,0,0,0,0,0,0,0,0,0,0,0,0,0,0,0,0,0,0,0,233052
1,1,1,1,1064,773,-1662,109,22,31,-14,206,331,0,0,0,0,0,0,0,0,0,0,0,0,0,0,0,0,0,0,0,0,0,0,233062
1,1,1,1,1070,767,-1674,98,26,20,-13,207,330,0,0,0,0,0,0,0,0,0,0,0,0,0,0,0,0,0,0,0,0,0,0,233072
1,1,1,1,1058,774,-1669,97,24,25,-13,206,328,0,0,0,0,0,0,0,0,0,0,0,0,0,0,0,0,0,0,0,0,0,0,233082
1,1,1,1,1071,768,-1670,98,22,22,-12,206,327,0,0,0,0,0,0,0,0,0,0,0,0,0,0,0,0,0,0,0,0,0,0,233092
1,1,1,1,1075,777,-1679,82,16,16,-14,205,324,0,0,0,0,0,0,0,0,0,0,0,0,0,0,0,0,0,0,0,0,0,0,233102
1,1,1,1,1079,771,-1691,37,2,14,-15,205,326,0,0,0,0,0,0,0,0,0,0,0,0,0,0,0,0,0,0,0,0,0,0,233112
1,1,1,1,1088,745,-1689,9,-1,5,-16,206,327,0,0,0,0,0,0,0,0,0,0,0,0,0,0,0,0,0,0,0,0,0,0,233122
1,1,1,1,1091,739,-1684,16,2,3,-13,205,328,0,0,0,0,0,0,0,0,0,0,0,0,0,0,0,0,0,0,0,0,0,0,233132
1,1,1,1,1088,724,-1664,39,7,6,-12,204,327,0,0,0,0,0,0,0,0,0,0,0,0,0,0,0,0,0,0,0,0,0,0,233142
1,1,1,1,1088,738,-1669,65,9,5,-12,204,325,0,0,0,0,0,0,0,0,0,0,0,0,0,0,0,0,0,0,0,0,0,0,233152
1,1,1,1,1082,730,-1667,88,3,4,-12,205,323,0,0,0,0,0,0,0,0,0,0,0,0,0,0,0,0,0,0,0,0,0,0,233162
1,1,1,1,1080,742,-1684,107,9,-1,-13,205,323,0,0,0,0,0,0,0,0,0,0,0,0,0,0,0,0,0,0,0,0,0,0,233172
1,1,1,1,1073,772,-1693,97,-3,-2,-14,205,325,0,0,0,0,0,0,0,0,0,0,0,0,0,0,0,0,0,0,0,0,0,0,233182
1,1,1,1,1055,783,-1675,86,-7,4,-12,204,323,0,0,0,0,0,0,0,0,0,0,0,0,0,0,0,0,0,0,0,0,0,0,233192
1,1,1,1,1079,749,-1662,59,-10,7,-14,206,325,0,0,0,0,0,0,0,0,0,0,0,0,0,0,0,0,0,0,0,0,0,0,233202
1,1,1,1,1090,722,-1672,68,0,12,-12,205,325,0,0,0,0,0,0,0,0,0,0,0,0,0,0,0,0,0,0,0,0,0,0,233212
1,1,1,1,1099,713,-1678,87,11,15,-10,205,325,0,0,0,0,0,0,0,0,0,0,0,0,0,0,0,0,0,0,0,0,0,0,233222
1,1,1,1,1096,731,-1698,92,11,14,-13,205,324,0,0,0,0,0,0,0,0,0,0,0,0,0,0,0,0,0,0,0,0,0,0,233232
1,1,1,1,1093,755,-1718,59,12,8,-12,205,323,0,0,0,0,0,0,0,0,0,0,0,0,0,0,0,0,0,0,0,0,0,0,233242
1,1,1,1,1094,756,-1733,12,-2,-6,-13,204,320,0,0,0,0,0,0,0,0,0,0,0,0,0,0,0,0,0,0,0,0,0,0,233252
1,1,1,1,1081,741,-1721,-9,-13,-11,-11,204,319,0,0,0,0,0,0,0,0,0,0,0,0,0,0,0,0,0,0,0,0,0,0,233262
1,1,1,1,1063,743,-1700,7,-6,4,-11,204,318,0,0,0,0,0,0,0,0,0,0,0,0,0,0,0,0,0,0,0,0,0,0,233272
1,1,1,1,1072,735,-1688,8,-12,2,-11,204,315,0,0,0,0,0,0,0,0,0,0,0,0,0,0,0,0,0,0,0,0,0,0,233282
1,1,1,1,1077,754,-1712,-12,-13,-5,-12,204,319,0,0,0,0,0,0,0,0,0,0,0,0,0,0,0,0,0,0,0,0,0,0,233292
1,1,1,1,1060,754,-1695,-9,-13,1,-11,205,318,0,0,0,0,0,0,0,0,0,0,0,0,0,0,0,0,0,0,0,0,0,0,233302
1,1,1,1,1060,724,-1668,20,-9,5,-9,205,317,0,0,0,0,0,0,0,0,0,0,0,0,0,0,0,0,0,0,0,0,0,0,233312
1,1,1,1,1081,716,-1679,55,-7,5,-7,205,317,0,0,0,0,0,0,0,0,0,0,0,0,0,0,0,0,0,0,0,0,0,0,233322
1,1,1,1,1092,750,-1704,53,11,9,-9,206,318,0,0,0,0,0,0,0,0,0,0,0,0,0,0,0,0,0,0,0,0,0,0,233332
1,1,1,1,1092,762,-1695,8,9,4,-10,206,320,0,0,0,0,0,0,0,0,0,0,0,0,0,0,0,0,0,0,0,0,0,0,233342
1,1,1,1,1106,742,-1703,-27,-1,-4,-10,205,320,0,0,0,0,0,0,0,0,0,0,0,0,0,0,0,0,0,0,0,0,0,0,233352
1,1,1,1,1107,733,-1704,-36,-4,-7,-10,205,317,0,0,0,0,0,0,0,0,0,0,0,0,0,0,0,0,0,0,0,0,0,0,233362
1,1,1,1,1100,744,-1702,-58,-4,-8,-10,207,316,0,0,0,0,0,0,0,0,0,0,0,0,0,0,0,0,0,0,0,0,0,0,233372
1,1,1,1,1095,749,-1699,-77,-8,-9,-8,207,315,0,0,0,0,0,0,0,0,0,0,0,0,0,0,0,0,0,0,0,0,0,0,233382
1,1,1,1,1088,737,-1683,-75,-14,1,-8,202,309,0,0,0,0,0,0,0,0,0,0,0,0,0,0,0,0,0,0,0,0,0,0,233392
1,1,1,1,1091,732,-1675,-46,0,15,-10,205,308,0,0,0,0,0,0,0,0,0,0,0,0,0,0,0,0,0,0,0,0,0,0,233402
1,1,1,1,1092,725,-1662,-13,7,24,-10,205,310,0,0,0,0,0,0,0,0,0,0,0,0,0,0,0,0,0,0,0,0,0,0,233412
1,1,1,1,1084,727,-1655,25,10,38,-9,202,307,0,0,0,0,0,0,0,0,0,0,0,0,0,0,0,0,0,0,0,0,0,0,233422
1,1,1,1,1083,727,-1659,56,16,46,-8,204,309,0,0,0,0,0,0,0,0,0,0,0,0,0,0,0,0,0,0,0,0,0,0,233432
1,1,1,1,1096,727,-1665,61,14,37,-8,204,311,0,0,0,0,0,0,0,0,0,0,0,0,0,0,0,0,0,0,0,0,0,0,233442
1,1,1,1,1092,751,-1685,40,23,23,-8,205,310,0,0,0,0,0,0,0,0,0,0,0,0,0,0,0,0,0,0,0,0,0,0,233452
1,1,1,1,1076,781,-1701,-4,5,8,-7,203,310,0,0,0,0,0,0,0,0,0,0,0,0,0,0,0,0,0,0,0,0,0,0,233462
1,1,1,1,1066,784,-1701,-39,5,-1,-7,204,311,0,0,0,0,0,0,0,0,0,0,0,0,0,0,0,0,0,0,0,0,0,0,233472
1,1,1,1,1068,768,-1686,-42,-4,1,-6,204,310,0,0,0,0,0,0,0,0,0,0,0,0,0,0,0,0,0,0,0,0,0,0,233482
1,1,1,1,1075,744,-1668,-29,-3,-1,-6,204,309,0,0,0,0,0,0,0,0,0,0,0,0,0,0,0,0,0,0,0,0,0,0,233492
1,1,1,1,1083,738,-1658,-16,5,1,-6,205,310,0,0,0,0,0,0,0,0,0,0,0,0,0,0,0,0,0,0,0,0,0,0,233502
1,1,1,1,1079,724,-1647,14,7,5,-6,204,311,0,0,0,0,0,0,0,0,0,0,0,0,0,0,0,0,0,0,0,0,0,0,233512
1,1,1,1,1079,702,-1633,85,16,24,-6,205,310,0,0,0,0,0,0,0,0,0,0,0,0,0,0,0,0,0,0,0,0,0,0,233522
1,1,1,1,1099,704,-1673,122,25,23,-7,204,312,0,0,0,0,0,0,0,0,0,0,0,0,0,0,0,0,0,0,0,0,0,0,233532
1,1,1,1,1084,747,-1701,110,21,25,-8,205,310,0,0,0,0,0,0,0,0,0,0,0,0,0,0,0,0,0,0,0,0,0,0,233542
1,1,1,1,1076,751,-1701,91,18,21,-7,205,311,0,0,0,0,0,0,0,0,0,0,0,0,0,0,0,0,0,0,0,0,0,0,233552
1,1,1,1,1077,757,-1717,62,8,21,-8,205,312,0,0,0,0,0,0,0,0,0,0,0,0,0,0,0,0,0,0,0,0,0,0,233562
1,1,1,1,1072,758,-1706,37,-11,19,-7,206,310,0,0,0,0,0,0,0,0,0,0,0,0,0,0,0,0,0,0,0,0,0,0,233572
1,1,1,1,1087,743,-1699,3,-21,7,-7,205,310,0,0,0,0,0,0,0,0,0,0,0,0,0,0,0,0,0,0,0,0,0,0,233582
1,1,1,1,1095,746,-1702,-34,-31,-5,-7,206,309,0,0,0,0,0,0,0,0,0,0,0,0,0,0,0,0,0,0,0,0,0,0,233592
1,1,1,1,1088,749,-1686,-36,-26,-9,-5,205,308,0,0,0,0,0,0,0,0,0,0,0,0,0,0,0,0,0,0,0,0,0,0,233602
1,1,1,1,1080,735,-1668,-28,-17,-3,-5,205,306,0,0,0,0,0,0,0,0,0,0,0,0,0,0,0,0,0,0,0,0,0,0,233612
1,1,1,1,1081,726,-1649,11,-20,8,-3,205,308,0,0,0,0,0,0,0,0,0,0,0,0,0,0,0,0,0,0,0,0,0,0,233622
1,1,1,1,1094,703,-1640,48,-5,9,-2,205,306,0,0,0,0,0,0,0,0,0,0,0,0,0,0,0,0,0,0,0,0,0,0,233632
1,1,1,1,1096,723,-1672,55,-1,5,-5,205,307,0,0,0,0,0,0,0,0,0,0,0,0,0,0,0,0,0,0,0,0,0,0,233642
1,1,1,1,1073,760,-1685,40,-2,11,-2,205,306,0,0,0,0,0,0,0,0,0,0,0,0,0,0,0,0,0,0,0,0,0,0,233652
1,1,1,1,1057,748,-1670,62,5,29,-5,206,308,0,0,0,0,0,0,0,0,0,0,0,0,0,0,0,0,0,0,0,0,0,0,233662
1,1,1,1,1082,731,-1676,66,3,21,-3,203,305,0,0,0,0,0,0,0,0,0,0,0,0,0,0,0,0,0,0,0,0,0,0,233672
1,1,1,1,1091,755,-1706,50,4,15,-5,205,307,0,0,0,0,0,0,0,0,0,0,0,0,0,0,0,0,0,0,0,0,0,0,233682
1,1,1,1,1093,765,-1715,19,-5,1,-6,206,308,0,0,0,0,0,0,0,0,0,0,0,0,0,0,0,0,0,0,0,0,0,0,233692
1,1,1,1,1097,762,-1721,-14,-18,-10,-5,205,305,0,0,0,0,0,0,0,0,0,0,0,0,0,0,0,0,0,0,0,0,0,0,233702
1,1,1,1,1082,754,-1702,-18,-15,-3,-4,205,306,0,0,0,0,0,0,0,0,0,0,0,0,0,0,0,0,0,0,0,0,0,0,233712
1,1,1,1,1089,715,-1671,17,-8,9,-3,205,307,0,0,0,0,0,0,0,0,0,0,0,0,0,0,0,0,0,0,0,0,0,0,233722
1,1,1,1,1106,693,-1669,43,-6,8,-3,205,308,0,0,0,0,0,0,0,0,0,0,0,0,0,0,0,0,0,0,0,0,0,0,233732
1,1,1,1,1096,724,-1691,32,-1,6,-3,205,306,0,0,0,0,0,0,0,0,0,0,0,0,0,0,0,0,0,0,0,0,0,0,233742
1,1,1,1,1080,755,-1699,-9,-13,0,-3,203,304,0,0,0,0,0,0,0,0,0,0,0,0,0,0,0,0,0,0,0,0,0,0,233752
1,1,1,1,1078,765,-1700,-42,-21,-5,-1,205,305,0,0,0,0,0,0,0,0,0,0,0,0,0,0,0,0,0,0,0,0,0,0,233762
1,1,1,1,1081,736,-1714,1,-22,1,0,204,304,0,0,0,0,0,0,0,0,0,0,0,0,0,0,0,0,0,0,0,0,0,0,233772
1,1,1,1,1093,706,-1671,14,-5,10,-2,205,306,0,0,0,0,0,0,0,0,0,0,0,0,0,0,0,0,0,0,0,0,0,0,233782
1,1,1,1,1101,717,-1667,12,2,5,0,205,307,0,0,0,0,0,0,0,0,0,0,0,0,0,0,0,0,0,0,0,0,0,0,233792
1,1,1,1,1097,732,-1698,16,-6,4,-2,205,307,0,0,0,0,0,0,0,0,0,0,0,0,0,0,0,0,0,0,0,0,0,0,233802
1,1,1,1,1097,752,-1693,-10,-6,-8,-1,204,301,0,0,0,0,0,0,0,0,0,0,0,0,0,0,0,0,0,0,0,0,0,0,233812
1,1,1,1,1093,754,-1707,-37,-8,-12,-1,204,302,0,0,0,0,0,0,0,0,0,0,0,0,0,0,0,0,0,0,0,0,0,0,233822
1,1,1,1,1090,776,-1714,-95,-20,-22,1,204,300,0,0,0,0,0,0,0,0,0,0,0,0,0,0,0,0,0,0,0,0,0,0,233832
1,1,1,1,1096,760,-1709,-149,-26,-34,1,204,298,0,0,0,0,0,0,0,0,0,0,0,0,0,0,0,0,0,0,0,0,0,0,233842
1,1,1,1,1079,732,-1670,-120,-27,-19,4,203,296,0,0,0,0,0,0,0,0,0,0,0,0,0,0,0,0,0,0,0,0,0,0,233852
1,1,1,1,1088,695,-1644,-67,-17,-13,2,203,295,0,0,0,0,0,0,0,0,0,0,0,0,0,0,0,0,0,0,0,0,0,0,233862
1,1,1,1,1095,722,-1674,-27,-5,-2,3,203,296,0,0,0,0,0,0,0,0,0,0,0,0,0,0,0,0,0,0,0,0,0,0,233872
1,1,1,1,1082,743,-1663,-15,13,7,3,202,294,0,0,0,0,0,0,0,0,0,0,0,0,0,0,0,0,0,0,0,0,0,0,233882
1,1,1,1,1102,734,-1677,-20,5,3,2,202,297,0,0,0,0,0,0,0,0,0,0,0,0,0,0,0,0,0,0,0,0,0,0,233892
1,1,1,1,1103,736,-1691,-14,8,4,2,203,293,0,0,0,0,0,0,0,0,0,0,0,0,0,0,0,0,0,0,0,0,0,0,233902
1,1,1,1,1084,740,-1670,-12,2,9,2,203,296,0,0,0,0,0,0,0,0,0,0,0,0,0,0,0,0,0,0,0,0,0,0,233912
1,1,1,1,1089,756,-1685,-22,-3,3,1,202,295,0,0,0,0,0,0,0,0,0,0,0,0,0,0,0,0,0,0,0,0,0,0,233922
1,1,1,1,1092,768,-1700,-46,-5,-7,4,203,296,0,0,0,0,0,0,0,0,0,0,0,0,0,0,0,0,0,0,0,0,0,0,233932
1,1,1,1,1087,758,-1692,-69,-7,-17,4,203,297,0,0,0,0,0,0,0,0,0,0,0,0,0,0,0,0,0,0,0,0,0,0,233942
1,1,1,1,1076,756,-1689,-110,-8,-30,3,201,291,0,0,0,0,0,0,0,0,0,0,0,0,0,0,0,0,0,0,0,0,0,0,233962
1,1,1,1,1074,757,-1676,-125,-8,-29,4,200,292,0,0,0,0,0,0,0,0,0,0,0,0,0,0,0,0,0,0,0,0,0,0,233972
1,1,1,1,1085,751,-1681,-121,-9,-25,3,200,290,0,0,0,0,0,0,0,0,0,0,0,0,0,0,0,0,0,0,0,0,0,0,233982
1,1,1,1,1091,761,-1696,-107,1,-20,3,201,289,0,0,0,0,0,0,0,0,0,0,0,0,0,0,0,0,0,0,0,0,0,0,233992
1,1,1,1,1088,780,-1689,-155,-13,-30,2,198,284,0,0,0,0,0,0,0,0,0,0,0,0,0,0,0,0,0,0,0,0,0,0,234012
1,1,1,1,1080,790,-1679,-193,-22,-38,1,197,282,0,0,0,0,0,0,0,0,0,0,0,0,0,0,0,0,0,0,0,0,0,0,234022
1,1,1,1,1083,799,-1671,-260,-39,-57,5,192,283,0,0,0,0,0,0,0,0,0,0,0,0,0,0,0,0,0,0,0,0,0,0,234032
1,1,1,1,1087,809,-1675,-330,-29,-78,0,199,284,0,0,0,0,0,0,0,0,0,0,0,0,0,0,0,0,0,0,0,0,0,0,234042
1,1,1,1,1098,811,-1688,-409,-20,-117,1,193,278,0,0,0,0,0,0,0,0,0,0,0,0,0,0,0,0,0,0,0,0,0,0,234052
1,1,1,1,1076,825,-1674,-475,-11,-139,3,190,273,0,0,0,0,0,0,0,0,0,0,0,0,0,0,0,0,0,0,0,0,0,0,234062
1,1,1,1,1078,807,-1656,-500,-15,-155,3,188,269,0,0,0,0,0,0,0,0,0,0,0,0,0,0,0,0,0,0,0,0,0,0,234072
1,1,1,1,1075,808,-1661,-546,3,-182,6,185,265,0,0,0,0,0,0,0,0,0,0,0,0,0,0,0,0,0,0,0,0,0,0,234082
1,1,1,1,1053,822,-1643,-560,13,-180,4,181,265,0,0,0,0,0,0,0,0,0,0,0,0,0,0,0,0,0,0,0,0,0,0,234092
1,1,1,1,1036,846,-1582,-551,24,-195,3,178,259,0,0,0,0,0,0,0,0,0,0,0,0,0,0,0,0,0,0,0,0,0,0,234102
1,1,1,1,1013,871,-1570,-506,41,-171,4,176,254,0,0,0,0,0,0,0,0,0,0,0,0,0,0,0,0,0,0,0,0,0,0,234112
1,1,1,1,971,905,-1547,-347,53,-63,2,179,262,0,0,0,0,0,0,0,0,0,0,0,0,0,0,0,0,0,0,0,0,0,0,234122
1,1,1,1,1031,753,-1459,-252,45,-36,3,177,262,0,0,0,0,0,0,0,0,0,0,0,0,0,0,0,0,0,0,0,0,0,0,234132
1,1,1,1,1142,750,-1593,-148,65,-15,4,177,259,0,0,0,0,0,0,0,0,0,0,0,0,0,0,0,0,0,0,0,0,0,0,234142
1,1,1,1,1174,757,-1638,-81,110,-4,6,177,258,0,0,0,0,0,0,0,0,0,0,0,0,0,0,0,0,0,0,0,0,0,0,234152
1,1,1,1,1138,800,-1628,-88,95,-10,2,176,257,0,0,0,0,0,0,0,0,0,0,0,0,0,0,0,0,0,0,0,0,0,0,234162
1,1,1,1,1105,869,-1625,-285,22,-38,-2,174,253,0,0,0,0,0,0,0,0,0,0,0,0,0,0,0,0,0,0,0,0,0,0,234182
1,1,1,1,1105,857,-1630,-362,4,-58,-1,171,252,0,0,0,0,0,0,0,0,0,0,0,0,0,0,0,0,0,0,0,0,0,0,234192
1,1,1,1,1089,866,-1609,-407,-5,-76,-1,171,246,0,0,0,0,0,0,0,0,0,0,0,0,0,0,0,0,0,0,0,0,0,0,234202
1,1,1,1,1032,875,-1588,-367,-27,-43,1,170,249,0,0,0,0,0,0,0,0,0,0,0,0,0,0,0,0,0,0,0,0,0,0,234212
1,1,1,1,1026,846,-1545,-297,-33,-27,2,169,245,0,0,0,0,0,0,0,0,0,0,0,0,0,0,0,0,0,0,0,0,0,0,234222
1,1,1,1,1063,832,-1569,-247,-19,-31,1,169,245,0,0,0,0,0,0,0,0,0,0,0,0,0,0,0,0,0,0,0,0,0,0,234232
1,1,1,1,1056,866,-1556,-211,-16,-25,3,168,243,0,0,0,0,0,0,0,0,0,0,0,0,0,0,0,0,0,0,0,0,0,0,234242
1,1,1,1,1031,873,-1523,-172,-16,-19,1,168,245,0,0,0,0,0,0,0,0,0,0,0,0,0,0,0,0,0,0,0,0,0,0,234252
1,1,1,1,1037,881,-1518,-141,-12,-17,1,168,245,0,0,0,0,0,0,0,0,0,0,0,0,0,0,0,0,0,0,0,0,0,0,234262
1,1,1,1,1069,907,-1556,-159,-13,-26,3,168,243,0,0,0,0,0,0,0,0,0,0,0,0,0,0,0,0,0,0,0,0,0,0,234272
1,1,1,1,1053,914,-1544,-176,-5,-24,3,169,245,0,0,0,0,0,0,0,0,0,0,0,0,0,0,0,0,0,0,0,0,0,0,234282
1,1,1,1,1049,910,-1516,-213,-34,-29,4,168,247,0,0,0,0,0,0,0,0,0,0,0,0,0,0,0,0,0,0,0,0,0,0,234292
1,1,1,1,1057,919,-1516,-261,-57,-32,3,169,244,0,0,0,0,0,0,0,0,0,0,0,0,0,0,0,0,0,0,0,0,0,0,234302
1,1,1,1,1060,879,-1498,-276,-67,-28,3,169,246,0,0,0,0,0,0,0,0,0,0,0,0,0,0,0,0,0,0,0,0,0,0,234312
1,1,1,1,1068,871,-1514,-246,-58,-24,0,171,244,0,0,0,0,0,0,0,0,0,0,0,0,0,0,0,0,0,0,0,0,0,0,234322
1,1,1,1,1074,890,-1531,-245,-52,-30,0,171,247,0,0,0,0,0,0,0,0,0,0,0,0,0,0,0,0,0,0,0,0,0,0,234332
1,1,1,1,1059,906,-1534,-226,-48,-30,1,168,246,0,0,0,0,0,0,0,0,0,0,0,0,0,0,0,0,0,0,0,0,0,0,234342
1,1,1,1,1043,886,-1503,-176,-43,-12,1,166,247,0,0,0,0,0,0,0,0,0,0,0,0,0,0,0,0,0,0,0,0,0,0,234352
1,1,1,1,1058,877,-1517,-122,-20,-8,3,166,247,0,0,0,0,0,0,0,0,0,0,0,0,0,0,0,0,0,0,0,0,0,0,234362
1,1,1,1,1067,910,-1568,-67,-12,4,3,166,246,0,0,0,0,0,0,0,0,0,0,0,0,0,0,0,0,0,0,0,0,0,0,234372
1,1,1,1,1049,936,-1539,-59,-2,9,4,167,246,0,0,0,0,0,0,0,0,0,0,0,0,0,0,0,0,0,0,0,0,0,0,234382
1,1,1,1,1041,965,-1528,-93,-7,-1,3,168,245,0,0,0,0,0,0,0,0,0,0,0,0,0,0,0,0,0,0,0,0,0,0,234392
1,1,1,1,1053,960,-1519,-128,-19,-9,3,168,248,0,0,0,0,0,0,0,0,0,0,0,0,0,0,0,0,0,0,0,0,0,0,234402
1,1,1,1,1057,938,-1490,-172,-33,-19,3,167,245,0,0,0,0,0,0,0,0,0,0,0,0,0,0,0,0,0,0,0,0,0,0,234412
1,1,1,1,1064,919,-1488,-186,-26,-24,1,167,249,0,0,0,0,0,0,0,0,0,0,0,0,0,0,0,0,0,0,0,0,0,0,234422
1,1,1,1,1060,926,-1479,-200,-23,-28,1,167,250,0,0,0,0,0,0,0,0,0,0,0,0,0,0,0,0,0,0,0,0,0,0,234432
1,1,1,1,1043,926,-1476,-198,-13,-28,2,166,247,0,0,0,0,0,0,0,0,0,0,0,0,0,0,0,0,0,0,0,0,0,0,234442
1,1,1,1,1047,919,-1480,-177,-1,-26,2,165,248,0,0,0,0,0,0,0,0,0,0,0,0,0,0,0,0,0,0,0,0,0,0,234452
1,1,1,1,1049,933,-1497,-164,7,-29,4,165,246,0,0,0,0,0,0,0,0,0,0,0,0,0,0,0,0,0,0,0,0,0,0,234462
1,1,1,1,1047,930,-1483,-147,17,-22,5,163,245,0,0,0,0,0,0,0,0,0,0,0,0,0,0,0,0,0,0,0,0,0,0,234472
1,1,1,1,1048,916,-1475,-141,25,-19,-1,163,244,0,0,0,0,0,0,0,0,0,0,0,0,0,0,0,0,0,0,0,0,0,0,234482
1,1,1,1,1064,943,-1509,-193,26,-33,-3,162,244,0,0,0,0,0,0,0,0,0,0,0,0,0,0,0,0,0,0,0,0,0,0,234492
1,1,1,1,1062,956,-1517,-261,17,-38,-3,161,245,0,0,0,0,0,0,0,0,0,0,0,0,0,0,0,0,0,0,0,0,0,0,234502
1,1,1,1,1032,983,-1510,-340,1,-52,-5,159,245,0,0,0,0,0,0,0,0,0,0,0,0,0,0,0,0,0,0,0,0,0,0,234512
1,1,1,1,1036,1002,-1544,-448,-16,-78,-7,159,240,0,0,0,0,0,0,0,0,0,0,0,0,0,0,0,0,0,0,0,0,0,0,234522
1,1,1,1,1022,1017,-1528,-506,-26,-83,-6,158,239,0,0,0,0,0,0,0,0,0,0,0,0,0,0,0,0,0,0,0,0,0,0,234532
1,1,1,1,1014,991,-1481,-581,-49,-101,-7,156,236,0,0,0,0,0,0,0,0,0,0,0,0,0,0,0,0,0,0,0,0,0,0,234542
1,1,1,1,1011,997,-1476,-605,-45,-112,-8,155,239,0,0,0,0,0,0,0,0,0,0,0,0,0,0,0,0,0,0,0,0,0,0,234552
1,1,1,1,1037,990,-1465,-656,-32,-134,-7,153,237,0,0,0,0,0,0,0,0,0,0,0,0,0,0,0,0,0,0,0,0,0,0,234562
1,1,1,1,1039,1024,-1464,-736,-26,-168,-12,155,236,0,0,0,0,0,0,0,0,0,0,0,0,0,0,0,0,0,0,0,0,0,0,234572
1,1,1,1,1039,1065,-1461,-866,-45,-227,-12,151,233,0,0,0,0,0,0,0,0,0,0,0,0,0,0,0,0,0,0,0,0,0,0,234582
1,1,1,1,1047,1111,-1477,-1064,-56,-307,-15,152,233,0,0,0,0,0,0,0,0,0,0,0,0,0,0,0,0,0,0,0,0,0,0,234592
1,1,1,1,1058,1121,-1479,-1311,-67,-396,-15,144,225,0,0,0,0,0,0,0,0,0,0,0,0,0,0,0,0,0,0,0,0,0,0,234602
1,1,1,1,1043,1121,-1486,-1524,-55,-474,-18,143,221,0,0,0,0,0,0,0,0,0,0,0,0,0,0,0,0,0,0,0,0,0,0,234612
1,1,1,1,1019,1113,-1454,-1662,-49,-527,-18,134,206,0,0,0,0,0,0,0,0,0,0,0,0,0,0,0,0,0,0,0,0,0,0,234622
1,1,1,1,964,1141,-1387,-1746,-28,-532,-17,129,196,0,0,0,0,0,0,0,0,0,0,0,0,0,0,0,0,0,0,0,0,0,0,234632
1,1,1,1,881,1190,-1270,-1743,-8,-496,-12,119,184,0,0,0,0,0,0,0,0,0,0,0,0,0,0,0,0,0,0,0,0,0,0,234642
1,1,1,1,904,1162,-1180,-1753,-22,-498,-14,114,174,0,0,0,0,0,0,0,0,0,0,0,0,0,0,0,0,0,0,0,0,0,0,234652
1,1,1,1,936,1193,-1181,-1797,-55,-502,-10,108,164,0,0,0,0,0,0,0,0,0,0,0,0,0,0,0,0,0,0,0,0,0,0,234662
1,1,1,1,952,1236,-1176,-1914,-105,-492,-14,105,158,0,0,0,0,0,0,0,0,0,0,0,0,0,0,0,0,0,0,0,0,0,0,234672
1,1,1,1,964,1228,-1156,-2082,-150,-511,-14,100,155,0,0,0,0,0,0,0,0,0,0,0,0,0,0,0,0,0,0,0,0,0,0,234682
1,1,1,1,1047,1200,-1210,-2183,-170,-537,-12,93,146,0,0,0,0,0,0,0,0,0,0,0,0,0,0,0,0,0,0,0,0,0,0,234692
1,1,1,1,1108,1224,-1243,-2274,-177,-539,-16,88,138,0,0,0,0,0,0,0,0,0,0,0,0,0,0,0,0,0,0,0,0,0,0,234702
1,1,1,1,1069,1216,-1203,-2404,-183,-557,-14,81,128,0,0,0,0,0,0,0,0,0,0,0,0,0,0,0,0,0,0,0,0,0,0,234712
1,1,1,1,1048,1161,-1143,-2385,-204,-575,-15,75,118,0,0,0,0,0,0,0,0,0,0,0,0,0,0,0,0,0,0,0,0,0,0,234722
1,1,1,1,986,1124,-987,-2286,-254,-603,-12,69,111,0,0,0,0,0,0,0,0,0,0,0,0,0,0,0,0,0,0,0,0,0,0,234732
1,1,1,1,930,1099,-799,-2147,-328,-697,-10,65,104,0,0,0,0,0,0,0,0,0,0,0,0,0,0,0,0,0,0,0,0,0,0,234742
1,1,1,1,892,1015,-622,-1954,-464,-845,-7,62,92,0,0,0,0,0,0,0,0,0,0,0,0,0,0,0,0,0,0,0,0,0,0,234752
1,1,1,1,796,1087,-491,-1756,-711,-881,-3,37,55,0,0,0,0,0,0,0,0,0,0,0,0,0,0,0,0,0,0,0,0,0,0,234762
1,1,1,1,460,1671,-703,-1186,-506,-254,-19,23,56,0,0,0,0,0,0,0,0,0,0,0,0,0,0,0,0,0,0,0,0,0,0,234772
1,1,1,1,972,1357,-852,-1065,-285,-45,-10,22,41,0,0,0,0,0,0,0,0,0,0,0,0,0,0,0,0,0,0,0,0,0,0,234782
1,1,1,1,728,1286,-733,-1251,-539,-410,-10,25,35,0,0,0,0,0,0,0,0,0,0,0,0,0,0,0,0,0,0,0,0,0,0,234792
1,1,1,1,749,1388,-612,-1350,-652,-511,-6,20,23,0,0,0,0,0,0,0,0,0,0,0,0,0,0,0,0,0,0,0,0,0,0,234802
1,1,1,1,751,1381,-568,-1563,-789,-716,-6,15,14,0,0,0,0,0,0,0,0,0,0,0,0,0,0,0,0,0,0,0,0,0,0,234812
1,1,1,1,711,1463,-757,-1390,-641,-534,-5,13,16,0,0,0,0,0,0,0,0,0,0,0,0,0,0,0,0,0,0,0,0,0,0,234822
1,1,1,1,913,1435,-896,-1073,-342,-332,-4,11,12,0,0,0,0,0,0,0,0,0,0,0,0,0,0,0,0,0,0,0,0,0,0,234832
1,1,1,1,891,1479,-995,-724,68,-82,-3,11,13,0,0,0,0,0,0,0,0,0,0,0,0,0,0,0,0,0,0,0,0,0,0,234842
1,1,1,1,896,1595,-1021,-522,353,111,-3,11,6,0,0,0,0,0,0,0,0,0,0,0,0,0,0,0,0,0,0,0,0,0,0,234852
1,1,1,1,815,1676,-949,-429,543,338,-4,13,11,0,0,0,0,0,0,0,0,0,0,0,0,0,0,0,0,0,0,0,0,0,0,234862
1,1,1,1,719,1623,-821,-585,472,443,-6,17,15,0,0,0,0,0,0,0,0,0,0,0,0,0,0,0,0,0,0,0,0,0,0,234872
1,1,1,1,713,1553,-711,-839,302,419,-3,16,15,0,0,0,0,0,0,0,0,0,0,0,0,0,0,0,0,0,0,0,0,0,0,234882
1,1,1,1,762,1441,-684,-1071,132,257,-5,22,27,0,0,0,0,0,0,0,0,0,0,0,0,0,0,0,0,0,0,0,0,0,0,234892
1,1,1,1,864,1265,-574,-1376,35,-216,-5,23,21,0,0,0,0,0,0,0,0,0,0,0,0,0,0,0,0,0,0,0,0,0,0,234902
1,1,1,1,831,1308,-594,-1552,-143,-220,4,22,20,0,0,0,0,0,0,0,0,0,0,0,0,0,0,0,0,0,0,0,0,0,0,234912
1,1,1,1,933,1288,-575,-1129,-76,-101,2,21,20,0,0,0,0,0,0,0,0,0,0,0,0,0,0,0,0,0,0,0,0,0,0,234922
1,1,1,1,882,1431,-524,-965,12,-71,-1,25,22,0,0,0,0,0,0,0,0,0,0,0,0,0,0,0,0,0,0,0,0,0,0,234932
1,1,1,1,781,1476,-489,-928,125,38,0,29,29,0,0,0,0,0,0,0,0,0,0,0,0,0,0,0,0,0,0,0,0,0,0,234942
1,1,1,1,835,1452,-432,-815,184,35,4,29,28,0,0,0,0,0,0,0,0,0,0,0,0,0,0,0,0,0,0,0,0,0,0,234952
1,1,1,1,787,1380,-379,-755,172,43,5,34,38,0,0,0,0,0,0,0,0,0,0,0,0,0,0,0,0,0,0,0,0,0,0,234962
1,1,1,1,798,1366,-358,-674,245,50,8,37,44,0,0,0,0,0,0,0,0,0,0,0,0,0,0,0,0,0,0,0,0,0,0,234972
1,1,1,1,811,1470,-362,-438,290,184,7,37,49,0,0,0,0,0,0,0,0,0,0,0,0,0,0,0,0,0,0,0,0,0,0,234982
1,1,1,1,728,1389,-320,-330,254,272,9,39,48,0,0,0,0,0,0,0,0,0,0,0,0,0,0,0,0,0,0,0,0,0,0,234992
1,1,1,1,770,1328,-288,-309,187,281,6,40,49,0,0,0,0,0,0,0,0,0,0,0,0,0,0,0,0,0,0,0,0,0,0,235002
1,1,1,1,810,1307,-280,-302,133,213,7,39,54,0,0,0,0,0,0,0,0,0,0,0,0,0,0,0,0,0,0,0,0,0,0,235012
1,1,1,1,854,1313,-269,-262,86,94,7,39,51,0,0,0,0,0,0,0,0,0,0,0,0,0,0,0,0,0,0,0,0,0,0,235022
1,1,1,1,803,1372,-277,-209,48,72,7,40,52,0,0,0,0,0,0,0,0,0,0,0,0,0,0,0,0,0,0,0,0,0,0,235032
1,1,1,1,779,1450,-333,-138,65,111,7,40,53,0,0,0,0,0,0,0,0,0,0,0,0,0,0,0,0,0,0,0,0,0,0,235042
1,1,1,1,777,1504,-371,-137,96,158,8,40,53,0,0,0,0,0,0,0,0,0,0,0,0,0,0,0,0,0,0,0,0,0,0,235052
1,1,1,1,755,1495,-389,-141,111,200,7,42,61,0,0,0,0,0,0,0,0,0,0,0,0,0,0,0,0,0,0,0,0,0,0,235062
1,1,1,1,814,1406,-377,-123,101,193,6,43,66,0,0,0,0,0,0,0,0,0,0,0,0,0,0,0,0,0,0,0,0,0,0,235072
1,1,1,1,849,1360,-342,-152,82,137,4,45,68,0,0,0,0,0,0,0,0,0,0,0,0,0,0,0,0,0,0,0,0,0,0,235082
1,1,1,1,901,1330,-367,-118,80,121,3,45,73,0,0,0,0,0,0,0,0,0,0,0,0,0,0,0,0,0,0,0,0,0,0,235092
1,1,1,1,951,1340,-436,-89,101,82,2,47,69,0,0,0,0,0,0,0,0,0,0,0,0,0,0,0,0,0,0,0,0,0,0,235102
1,1,1,1,907,1464,-468,-181,96,101,1,47,73,0,0,0,0,0,0,0,0,0,0,0,0,0,0,0,0,0,0,0,0,0,0,235112
1,1,1,1,850,1485,-450,-299,47,99,1,48,77,0,0,0,0,0,0,0,0,0,0,0,0,0,0,0,0,0,0,0,0,0,0,235122
1,1,1,1,887,1455,-373,-422,-20,22,1,49,80,0,0,0,0,0,0,0,0,0,0,0,0,0,0,0,0,0,0,0,0,0,0,235132
1,1,1,1,852,1424,-313,-484,-130,-41,0,51,86,0,0,0,0,0,0,0,0,0,0,0,0,0,0,0,0,0,0,0,0,0,0,235142
1,1,1,1,859,1358,-229,-495,-240,-140,0,53,90,0,0,0,0,0,0,0,0,0,0,0,0,0,0,0,0,0,0,0,0,0,0,235152
1,1,1,1,803,1373,-171,-480,-327,-181,-3,55,91,0,0,0,0,0,0,0,0,0,0,0,0,0,0,0,0,0,0,0,0,0,0,235162
1,1,1,1,763,1356,-151,-429,-446,-196,-4,55,96,0,0,0,0,0,0,0,0,0,0,0,0,0,0,0,0,0,0,0,0,0,0,235172
1,1,1,1,679,1379,-203,-202,-626,-90,-8,57,100,0,0,0,0,0,0,0,0,0,0,0,0,0,0,0,0,0,0,0,0,0,0,235192
1,1,1,1,915,1410,-338,-152,-427,-90,-4,55,97,0,0,0,0,0,0,0,0,0,0,0,0,0,0,0,0,0,0,0,0,0,0,235202
1,1,1,1,918,1482,-656,117,-60,99,-5,53,99,0,0,0,0,0,0,0,0,0,0,0,0,0,0,0,0,0,0,0,0,0,0,235212
1,1,1,1,962,1472,-602,237,215,164,-5,58,101,0,0,0,0,0,0,0,0,0,0,0,0,0,0,0,0,0,0,0,0,0,0,235222
1,1,1,1,816,1474,-407,229,250,170,-4,57,103,0,0,0,0,0,0,0,0,0,0,0,0,0,0,0,0,0,0,0,0,0,0,235232
1,1,1,1,821,1530,-372,220,289,175,-4,61,108,0,0,0,0,0,0,0,0,0,0,0,0,0,0,0,0,0,0,0,0,0,0,235242
1,1,1,1,893,1437,-419,188,358,155,0,62,107,0,0,0,0,0,0,0,0,0,0,0,0,0,0,0,0,0,0,0,0,0,0,235252
1,1,1,1,955,1456,-519,246,491,199,2,63,106,0,0,0,0,0,0,0,0,0,0,0,0,0,0,0,0,0,0,0,0,0,0,235262
1,1,1,1,965,1484,-484,227,589,235,4,63,102,0,0,0,0,0,0,0,0,0,0,0,0,0,0,0,0,0,0,0,0,0,0,235272
1,1,1,1,892,1488,-445,162,487,262,6,64,98,0,0,0,0,0,0,0,0,0,0,0,0,0,0,0,0,0,0,0,0,0,0,235282
1,1,1,1,880,1474,-374,19,394,177,8,62,95,0,0,0,0,0,0,0,0,0,0,0,0,0,0,0,0,0,0,0,0,0,0,235292
1,1,1,1,887,1478,-404,8,350,166,12,62,89,0,0,0,0,0,0,0,0,0,0,0,0,0,0,0,0,0,0,0,0,0,0,235302
1,1,1,1,828,1481,-365,105,284,227,13,61,84,0,0,0,0,0,0,0,0,0,0,0,0,0,0,0,0,0,0,0,0,0,0,235312
1,1,1,1,729,1532,-267,112,233,243,14,60,82,0,0,0,0,0,0,0,0,0,0,0,0,0,0,0,0,0,0,0,0,0,0,235322
1,1,1,1,678,1555,-237,112,175,300,13,62,84,0,0,0,0,0,0,0,0,0,0,0,0,0,0,0,0,0,0,0,0,0,0,235332
1,1,1,1,706,1466,-160,-24,61,201,13,62,87,0,0,0,0,0,0,0,0,0,0,0,0,0,0,0,0,0,0,0,0,0,0,235342
1,1,1,1,747,1378,-126,-121,-48,59,13,61,91,0,0,0,0,0,0,0,0,0,0,0,0,0,0,0,0,0,0,0,0,0,0,235352
1,1,1,1,790,1357,-170,-104,-117,9,8,61,97,0,0,0,0,0,0,0,0,0,0,0,0,0,0,0,0,0,0,0,0,0,0,235362
1,1,1,1,891,1312,-277,-106,-88,-62,9,62,101,0,0,0,0,0,0,0,0,0,0,0,0,0,0,0,0,0,0,0,0,0,0,235372
1,1,1,1,940,1300,-379,-120,-52,-93,6,63,103,0,0,0,0,0,0,0,0,0,0,0,0,0,0,0,0,0,0,0,0,0,0,235382
1,1,1,1,894,1371,-315,-103,-17,-77,5,63,106,0,0,0,0,0,0,0,0,0,0,0,0,0,0,0,0,0,0,0,0,0,0,235402
1,1,1,1,877,1397,-283,-52,0,-52,5,63,105,0,0,0,0,0,0,0,0,0,0,0,0,0,0,0,0,0,0,0,0,0,0,235412
1,1,1,1,863,1409,-265,21,29,-16,5,63,108,0,0,0,0,0,0,0,0,0,0,0,0,0,0,0,0,0,0,0,0,0,0,235422
1,1,1,1,899,1388,-260,41,48,-30,2,65,111,0,0,0,0,0,0,0,0,0,0,0,0,0,0,0,0,0,0,0,0,0,0,235432
1,1,1,1,876,1402,-286,-1,35,-46,1,65,115,0,0,0,0,0,0,0,0,0,0,0,0,0,0,0,0,0,0,0,0,0,0,235442
1,1,1,1,847,1405,-275,-84,-2,-65,-3,66,118,0,0,0,0,0,0,0,0,0,0,0,0,0,0,0,0,0,0,0,0,0,0,235452
1,1,1,1,866,1377,-304,-257,-90,-104,-1,65,121,0,0,0,0,0,0,0,0,0,0,0,0,0,0,0,0,0,0,0,0,0,0,235462
1,1,1,1,903,1401,-393,-296,-72,-114,0,66,123,0,0,0,0,0,0,0,0,0,0,0,0,0,0,0,0,0,0,0,0,0,0,235472
1,1,1,1,953,1327,-359,-167,-18,-71,-2,66,121,0,0,0,0,0,0,0,0,0,0,0,0,0,0,0,0,0,0,0,0,0,0,235482
1,1,1,1,872,1407,-336,-72,-27,-46,-4,67,122,0,0,0,0,0,0,0,0,0,0,0,0,0,0,0,0,0,0,0,0,0,0,235492
1,1,1,1,822,1451,-316,-46,-27,-36,-1,67,117,0,0,0,0,0,0,0,0,0,0,0,0,0,0,0,0,0,0,0,0,0,0,235502
1,1,1,1,803,1467,-278,-64,-51,-37,-1,67,118,0,0,0,0,0,0,0,0,0,0,0,0,0,0,0,0,0,0,0,0,0,0,235512
1,1,1,1,806,1427,-227,-108,-65,-57,0,66,116,0,0,0,0,0,0,0,0,0,0,0,0,0,0,0,0,0,0,0,0,0,0,235522
1,1,1,1,839,1413,-224,-66,-62,-50,-3,71,120,0,0,0,0,0,0,0,0,0,0,0,0,0,0,0,0,0,0,0,0,0,0,235532
1,1,1,1,850,1392,-215,3,-54,-35,-1,64,120,0,0,0,0,0,0,0,0,0,0,0,0,0,0,0,0,0,0,0,0,0,0,235542
1,1,1,1,873,1390,-283,34,-28,-32,-3,69,122,0,0,0,0,0,0,0,0,0,0,0,0,0,0,0,0,0,0,0,0,0,0,235552
1,1,1,1,886,1422,-349,32,-32,-24,-1,63,119,0,0,0,0,0,0,0,0,0,0,0,0,0,0,0,0,0,0,0,0,0,0,235562
1,1,1,1,869,1452,-338,8,-44,-11,-3,66,121,0,0,0,0,0,0,0,0,0,0,0,0,0,0,0,0,0,0,0,0,0,0,235572
1,1,1,1,879,1433,-339,0,-48,-1,-2,67,119,0,0,0,0,0,0,0,0,0,0,0,0,0,0,0,0,0,0,0,0,0,0,235582
1,1,1,1,887,1410,-325,-59,-64,-20,-3,68,121,0,0,0,0,0,0,0,0,0,0,0,0,0,0,0,0,0,0,0,0,0,0,235592
1,1,1,1,874,1424,-275,-257,-105,-96,-4,67,124,0,0,0,0,0,0,0,0,0,0,0,0,0,0,0,0,0,0,0,0,0,0,235612
1,1,1,1,901,1419,-302,-259,-100,-96,-5,67,128,0,0,0,0,0,0,0,0,0,0,0,0,0,0,0,0,0,0,0,0,0,0,235622
1,1,1,1,891,1411,-290,-204,-91,-79,-6,67,129,0,0,0,0,0,0,0,0,0,0,0,0,0,0,0,0,0,0,0,0,0,0,235632
1,1,1,1,870,1430,-280,-141,-92,-52,-3,66,128,0,0,0,0,0,0,0,0,0,0,0,0,0,0,0,0,0,0,0,0,0,0,235642
1,1,1,1,853,1427,-275,-111,-88,-41,-4,68,126,0,0,0,0,0,0,0,0,0,0,0,0,0,0,0,0,0,0,0,0,0,0,235652
1,1,1,1,859,1416,-298,-59,-93,-6,-4,67,127,0,0,0,0,0,0,0,0,0,0,0,0,0,0,0,0,0,0,0,0,0,0,235662
1,1,1,1,830,1441,-299,-19,-95,35,-4,68,128,0,0,0,0,0,0,0,0,0,0,0,0,0,0,0,0,0,0,0,0,0,0,235672
1,1,1,1,829,1445,-290,-69,-105,5,-3,68,127,0,0,0,0,0,0,0,0,0,0,0,0,0,0,0,0,0,0,0,0,0,0,235682
1,1,1,1,873,1381,-264,-96,-104,-13,-2,68,128,0,0,0,0,0,0,0,0,0,0,0,0,0,0,0,0,0,0,0,0,0,0,235692
1,1,1,1,872,1403,-268,-109,-92,-13,-4,69,128,0,0,0,0,0,0,0,0,0,0,0,0,0,0,0,0,0,0,0,0,0,0,235702
1,1,1,1,822,1421,-218,-111,-88,-7,-3,68,127,0,0,0,0,0,0,0,0,0,0,0,0,0,0,0,0,0,0,0,0,0,0,235712
1,1,1,1,823,1407,-197,-75,-74,-13,-2,68,132,0,0,0,0,0,0,0,0,0,0,0,0,0,0,0,0,0,0,0,0,0,0,235722
1,1,1,1,855,1396,-208,-35,-64,-16,-5,69,131,0,0,0,0,0,0,0,0,0,0,0,0,0,0,0,0,0,0,0,0,0,0,235732
1,1,1,1,822,1417,-236,-13,-49,-10,-5,70,134,0,0,0,0,0,0,0,0,0,0,0,0,0,0,0,0,0,0,0,0,0,0,235742
1,1,1,1,832,1438,-246,-23,-43,-14,-3,69,133,0,0,0,0,0,0,0,0,0,0,0,0,0,0,0,0,0,0,0,0,0,0,235752
1,1,1,1,850,1406,-285,-25,-36,-17,-3,69,134,0,0,0,0,0,0,0,0,0,0,0,0,0,0,0,0,0,0,0,0,0,0,235762
1,1,1,1,873,1412,-309,-44,-37,-19,-3,70,133,0,0,0,0,0,0,0,0,0,0,0,0,0,0,0,0,0,0,0,0,0,0,235772
1,1,1,1,823,1457,-272,-86,-61,-14,-4,69,133,0,0,0,0,0,0,0,0,0,0,0,0,0,0,0,0,0,0,0,0,0,0,235782
1,1,1,1,855,1403,-246,-159,-83,-47,-5,70,134,0,0,0,0,0,0,0,0,0,0,0,0,0,0,0,0,0,0,0,0,0,0,235792
1,1,1,1,910,1397,-261,-151,-72,-47,-2,67,135,0,0,0,0,0,0,0,0,0,0,0,0,0,0,0,0,0,0,0,0,0,0,235802
1,1,1,1,889,1362,-203,-93,-71,-63,-5,69,135,0,0,0,0,0,0,0,0,0,0,0,0,0,0,0,0,0,0,0,0,0,0,235822
1,1,1,1,867,1390,-235,-1,-55,-28,-1,67,135,0,0,0,0,0,0,0,0,0,0,0,0,0,0,0,0,0,0,0,0,0,0,235832
1,1,1,1,872,1380,-238,75,-39,-4,-4,71,136,0,0,0,0,0,0,0,0,0,0,0,0,0,0,0,0,0,0,0,0,0,0,235842
1,1,1,1,840,1377,-263,93,-37,-7,-6,73,137,0,0,0,0,0,0,0,0,0,0,0,0,0,0,0,0,0,0,0,0,0,0,235852
1,1,1,1,832,1433,-296,61,-29,0,-6,71,136,0,0,0,0,0,0,0,0,0,0,0,0,0,0,0,0,0,0,0,0,0,0,235862
1,1,1,1,808,1473,-296,15,-24,12,-6,72,136,0,0,0,0,0,0,0,0,0,0,0,0,0,0,0,0,0,0,0,0,0,0,235872
1,1,1,1,777,1468,-264,-26,-12,9,-4,73,136,0,0,0,0,0,0,0,0,0,0,0,0,0,0,0,0,0,0,0,0,0,0,235882
1,1,1,1,801,1452,-238,-52,-11,0,-2,72,133,0,0,0,0,0,0,0,0,0,0,0,0,0,0,0,0,0,0,0,0,0,0,235892
1,1,1,1,778,1454,-210,-133,-25,-36,-4,72,136,0,0,0,0,0,0,0,0,0,0,0,0,0,0,0,0,0,0,0,0,0,0,235902
1,1,1,1,816,1426,-225,-209,-38,-63,-3,73,138,0,0,0,0,0,0,0,0,0,0,0,0,0,0,0,0,0,0,0,0,0,0,235912
1,1,1,1,861,1387,-246,-202,-25,-58,-4,72,141,0,0,0,0,0,0,0,0,0,0,0,0,0,0,0,0,0,0,0,0,0,0,235922
1,1,1,1,844,1386,-207,-129,-12,-38,-4,73,145,0,0,0,0,0,0,0,0,0,0,0,0,0,0,0,0,0,0,0,0,0,0,235932
1,1,1,1,891,1370,-212,-69,5,-29,-6,74,143,0,0,0,0,0,0,0,0,0,0,0,0,0,0,0,0,0,0,0,0,0,0,235942
1,1,1,1,885,1369,-273,-31,4,-25,-7,75,144,0,0,0,0,0,0,0,0,0,0,0,0,0,0,0,0,0,0,0,0,0,0,235952
1,1,1,1,881,1429,-292,-33,-8,-16,-5,75,143,0,0,0,0,0,0,0,0,0,0,0,0,0,0,0,0,0,0,0,0,0,0,235962
1,1,1,1,839,1443,-263,-50,-10,-4,-4,74,143,0,0,0,0,0,0,0,0,0,0,0,0,0,0,0,0,0,0,0,0,0,0,235972
1,1,1,1,844,1418,-247,-39,-16,13,-4,76,142,0,0,0,0,0,0,0,0,0,0,0,0,0,0,0,0,0,0,0,0,0,0,235982
1,1,1,1,820,1430,-211,-59,-26,3,-3,76,143,0,0,0,0,0,0,0,0,0,0,0,0,0,0,0,0,0,0,0,0,0,0,235992
1,1,1,1,818,1426,-219,-119,-43,-14,-5,75,147,0,0,0,0,0,0,0,0,0,0,0,0,0,0,0,0,0,0,0,0,0,0,236002
1,1,1,1,860,1379,-230,-113,-45,-1,-5,75,149,0,0,0,0,0,0,0,0,0,0,0,0,0,0,0,0,0,0,0,0,0,0,236012
1,1,1,1,866,1376,-226,-64,-29,8,-6,76,151,0,0,0,0,0,0,0,0,0,0,0,0,0,0,0,0,0,0,0,0,0,0,236022
1,1,1,1,846,1390,-204,-47,-56,-5,-7,77,153,0,0,0,0,0,0,0,0,0,0,0,0,0,0,0,0,0,0,0,0,0,0,236032
1,1,1,1,858,1410,-230,-21,-62,-14,-6,77,154,0,0,0,0,0,0,0,0,0,0,0,0,0,0,0,0,0,0,0,0,0,0,236042
1,1,1,1,852,1416,-270,15,-39,-6,-4,77,154,0,0,0,0,0,0,0,0,0,0,0,0,0,0,0,0,0,0,0,0,0,0,236052
1,1,1,1,809,1444,-259,11,-40,-8,-5,77,151,0,0,0,0,0,0,0,0,0,0,0,0,0,0,0,0,0,0,0,0,0,0,236062
1,1,1,1,791,1468,-240,-18,-47,-14,-4,77,149,0,0,0,0,0,0,0,0,0,0,0,0,0,0,0,0,0,0,0,0,0,0,236072
1,1,1,1,787,1461,-202,-59,-55,-8,-5,77,148,0,0,0,0,0,0,0,0,0,0,0,0,0,0,0,0,0,0,0,0,0,0,236082
1,1,1,1,837,1407,-200,-107,-79,-30,-6,77,150,0,0,0,0,0,0,0,0,0,0,0,0,0,0,0,0,0,0,0,0,0,0,236092
1,1,1,1,852,1397,-193,-95,-72,-30,-3,76,148,0,0,0,0,0,0,0,0,0,0,0,0,0,0,0,0,0,0,0,0,0,0,236102
1,1,1,1,852,1374,-164,-93,-78,-41,-5,74,151,0,0,0,0,0,0,0,0,0,0,0,0,0,0,0,0,0,0,0,0,0,0,236112
1,1,1,1,869,1377,-191,-51,-74,-35,-11,81,153,0,0,0,0,0,0,0,0,0,0,0,0,0,0,0,0,0,0,0,0,0,0,236122
1,1,1,1,870,1387,-220,26,-46,-14,-8,76,153,0,0,0,0,0,0,0,0,0,0,0,0,0,0,0,0,0,0,0,0,0,0,236132
1,1,1,1,854,1402,-253,42,-24,-2,-11,76,154,0,0,0,0,0,0,0,0,0,0,0,0,0,0,0,0,0,0,0,0,0,0,236142
1,1,1,1,832,1436,-294,17,-8,9,-10,77,150,0,0,0,0,0,0,0,0,0,0,0,0,0,0,0,0,0,0,0,0,0,0,236152
1,1,1,1,787,1466,-243,-51,-14,11,-9,77,149,0,0,0,0,0,0,0,0,0,0,0,0,0,0,0,0,0,0,0,0,0,0,236162
1,1,1,1,815,1429,-217,-90,2,10,-5,75,147,0,0,0,0,0,0,0,0,0,0,0,0,0,0,0,0,0,0,0,0,0,0,236172
1,1,1,1,834,1416,-188,-76,18,19,-6,75,146,0,0,0,0,0,0,0,0,0,0,0,0,0,0,0,0,0,0,0,0,0,0,236182
1,1,1,1,831,1438,-158,-64,22,18,-7,76,147,0,0,0,0,0,0,0,0,0,0,0,0,0,0,0,0,0,0,0,0,0,0,236192
1,1,1,1,855,1433,-201,-48,33,17,-7,74,144,0,0,0,0,0,0,0,0,0,0,0,0,0,0,0,0,0,0,0,0,0,0,236202
1,1,1,1,870,1403,-241,-38,28,20,-7,74,145,0,0,0,0,0,0,0,0,0,0,0,0,0,0,0,0,0,0,0,0,0,0,236212
1,1,1,1,875,1417,-250,-69,6,5,-8,73,143,0,0,0,0,0,0,0,0,0,0,0,0,0,0,0,0,0,0,0,0,0,0,236222
1,1,1,1,887,1400,-278,-89,0,-19,-9,71,139,0,0,0,0,0,0,0,0,0,0,0,0,0,0,0,0,0,0,0,0,0,0,236232
1,1,1,1,911,1396,-291,-115,-13,-49,-9,69,133,0,0,0,0,0,0,0,0,0,0,0,0,0,0,0,0,0,0,0,0,0,0,236242
1,1,1,1,868,1465,-262,-157,-40,-62,-8,67,130,0,0,0,0,0,0,0,0,0,0,0,0,0,0,0,0,0,0,0,0,0,0,236252
1,1,1,1,868,1464,-255,-177,-55,-68,-6,66,126,0,0,0,0,0,0,0,0,0,0,0,0,0,0,0,0,0,0,0,0,0,0,236262
1,1,1,1,863,1432,-247,-159,-54,-48,-5,66,122,0,0,0,0,0,0,0,0,0,0,0,0,0,0,0,0,0,0,0,0,0,0,236272
1,1,1,1,844,1415,-184,-131,-49,-36,-4,65,121,0,0,0,0,0,0,0,0,0,0,0,0,0,0,0,0,0,0,0,0,0,0,236282
1,1,1,1,823,1381,-133,-73,-53,-30,-4,64,120,0,0,0,0,0,0,0,0,0,0,0,0,0,0,0,0,0,0,0,0,0,0,236292
1,1,1,1,830,1381,-152,33,-26,-14,-5,64,117,0,0,0,0,0,0,0,0,0,0,0,0,0,0,0,0,0,0,0,0,0,0,236302
1,1,1,1,796,1420,-177,77,-1,11,-7,63,120,0,0,0,0,0,0,0,0,0,0,0,0,0,0,0,0,0,0,0,0,0,0,236312
1,1,1,1,809,1426,-225,24,-13,-3,-8,64,120,0,0,0,0,0,0,0,0,0,0,0,0,0,0,0,0,0,0,0,0,0,0,236322
1,1,1,1,851,1398,-286,-34,-13,-31,-6,63,122,0,0,0,0,0,0,0,0,0,0,0,0,0,0,0,0,0,0,0,0,0,0,236332
1,1,1,1,838,1432,-273,-70,-8,-42,-5,63,118,0,0,0,0,0,0,0,0,0,0,0,0,0,0,0,0,0,0,0,0,0,0,236342
1,1,1,1,807,1441,-212,-67,-8,-49,-4,63,117,0,0,0,0,0,0,0,0,0,0,0,0,0,0,0,0,0,0,0,0,0,0,236352
1,1,1,1,784,1416,-175,-41,-6,-47,-4,64,119,0,0,0,0,0,0,0,0,0,0,0,0,0,0,0,0,0,0,0,0,0,0,236362
1,1,1,1,778,1408,-158,-29,1,-58,-6,63,121,0,0,0,0,0,0,0,0,0,0,0,0,0,0,0,0,0,0,0,0,0,0,236372
1,1,1,1,797,1404,-182,-11,5,-52,-9,64,124,0,0,0,0,0,0,0,0,0,0,0,0,0,0,0,0,0,0,0,0,0,0,236382
1,1,1,1,813,1375,-181,13,1,-55,-10,65,126,0,0,0,0,0,0,0,0,0,0,0,0,0,0,0,0,0,0,0,0,0,0,236392
1,1,1,1,819,1392,-209,71,26,-39,-12,64,129,0,0,0,0,0,0,0,0,0,0,0,0,0,0,0,0,0,0,0,0,0,0,236402
1,1,1,1,820,1428,-245,85,20,-32,-10,66,128,0,0,0,0,0,0,0,0,0,0,0,0,0,0,0,0,0,0,0,0,0,0,236412
1,1,1,1,805,1456,-263,66,-3,-26,-9,66,126,0,0,0,0,0,0,0,0,0,0,0,0,0,0,0,0,0,0,0,0,0,0,236422
1,1,1,1,819,1464,-250,62,-7,-18,-11,69,125,0,0,0,0,0,0,0,0,0,0,0,0,0,0,0,0,0,0,0,0,0,0,236432
1,1,1,1,830,1453,-217,59,-28,-25,-7,64,123,0,0,0,0,0,0,0,0,0,0,0,0,0,0,0,0,0,0,0,0,0,0,236442
1,1,1,1,834,1456,-205,-4,-42,-46,-9,64,127,0,0,0,0,0,0,0,0,0,0,0,0,0,0,0,0,0,0,0,0,0,0,236452
1,1,1,1,829,1437,-210,-107,-61,-81,-11,66,127,0,0,0,0,0,0,0,0,0,0,0,0,0,0,0,0,0,0,0,0,0,0,236462
1,1,1,1,839,1416,-209,-132,-65,-90,-8,61,126,0,0,0,0,0,0,0,0,0,0,0,0,0,0,0,0,0,0,0,0,0,0,236472
1,1,1,1,840,1390,-185,-115,-63,-94,-9,63,131,0,0,0,0,0,0,0,0,0,0,0,0,0,0,0,0,0,0,0,0,0,0,236482
1,1,1,1,852,1397,-212,-79,-22,-83,-8,64,132,0,0,0,0,0,0,0,0,0,0,0,0,0,0,0,0,0,0,0,0,0,0,236492
1,1,1,1,849,1405,-217,-53,-8,-74,-9,65,131,0,0,0,0,0,0,0,0,0,0,0,0,0,0,0,0,0,0,0,0,0,0,236502
1,1,1,1,830,1418,-205,-19,-4,-69,-10,65,133,0,0,0,0,0,0,0,0,0,0,0,0,0,0,0,0,0,0,0,0,0,0,236512
1,1,1,1,816,1440,-211,6,11,-61,-10,65,132,0,0,0,0,0,0,0,0,0,0,0,0,0,0,0,0,0,0,0,0,0,0,236522
1,1,1,1,800,1450,-187,8,20,-54,-9,66,135,0,0,0,0,0,0,0,0,0,0,0,0,0,0,0,0,0,0,0,0,0,0,236532
1,1,1,1,809,1431,-187,-28,13,-64,-11,66,132,0,0,0,0,0,0,0,0,0,0,0,0,0,0,0,0,0,0,0,0,0,0,236542
1,1,1,1,808,1419,-180,-108,-18,-96,-10,66,136,0,0,0,0,0,0,0,0,0,0,0,0,0,0,0,0,0,0,0,0,0,0,236552
1,1,1,1,807,1428,-187,-120,-31,-97,-8,66,138,0,0,0,0,0,0,0,0,0,0,0,0,0,0,0,0,0,0,0,0,0,0,236562
1,1,1,1,825,1407,-196,-75,-22,-80,-9,66,141,0,0,0,0,0,0,0,0,0,0,0,0,0,0,0,0,0,0,0,0,0,0,236572
1,1,1,1,814,1414,-202,-39,-22,-74,-9,67,141,0,0,0,0,0,0,0,0,0,0,0,0,0,0,0,0,0,0,0,0,0,0,236582
1,1,1,1,778,1435,-211,-26,-22,-68,-9,66,141,0,0,0,0,0,0,0,0,0,0,0,0,0,0,0,0,0,0,0,0,0,0,236592
1,1,1,1,767,1452,-230,-21,-27,-65,-9,68,140,0,0,0,0,0,0,0,0,0,0,0,0,0,0,0,0,0,0,0,0,0,0,236602
1,1,1,1,746,1464,-203,-18,-42,-60,-7,67,137,0,0,0,0,0,0,0,0,0,0,0,0,0,0,0,0,0,0,0,0,0,0,236612
1,1,1,1,718,1476,-161,-10,-54,-33,-8,67,136,0,0,0,0,0,0,0,0,0,0,0,0,0,0,0,0,0,0,0,0,0,0,236632
1,1,1,1,756,1414,-126,-49,-85,-57,-7,66,137,0,0,0,0,0,0,0,0,0,0,0,0,0,0,0,0,0,0,0,0,0,0,236642
1,1,1,1,799,1410,-170,-6,-65,-41,-7,67,139,0,0,0,0,0,0,0,0,0,0,0,0,0,0,0,0,0,0,0,0,0,0,236652
1,1,1,1,807,1401,-185,16,-53,-27,-8,67,135,0,0,0,0,0,0,0,0,0,0,0,0,0,0,0,0,0,0,0,0,0,0,236662
1,1,1,1,817,1397,-204,29,-41,-20,-5,66,133,0,0,0,0,0,0,0,0,0,0,0,0,0,0,0,0,0,0,0,0,0,0,236672
1,1,1,1,839,1390,-223,55,-22,-17,-5,65,129,0,0,0,0,0,0,0,0,0,0,0,0,0,0,0,0,0,0,0,0,0,0,236682
1,1,1,1,819,1441,-196,81,-12,-1,-5,65,126,0,0,0,0,0,0,0,0,0,0,0,0,0,0,0,0,0,0,0,0,0,0,236692
1,1,1,1,808,1455,-177,94,-1,25,-6,65,127,0,0,0,0,0,0,0,0,0,0,0,0,0,0,0,0,0,0,0,0,0,0,236702
1,1,1,1,848,1423,-194,87,8,29,-3,63,124,0,0,0,0,0,0,0,0,0,0,0,0,0,0,0,0,0,0,0,0,0,0,236712
1,1,1,1,860,1405,-191,68,10,31,-4,64,125,0,0,0,0,0,0,0,0,0,0,0,0,0,0,0,0,0,0,0,0,0,0,236722
1,1,1,1,850,1395,-167,53,1,15,-3,61,120,0,0,0,0,0,0,0,0,0,0,0,0,0,0,0,0,0,0,0,0,0,0,236732
1,1,1,1,864,1390,-204,72,5,3,-6,61,121,0,0,0,0,0,0,0,0,0,0,0,0,0,0,0,0,0,0,0,0,0,0,236742
1,1,1,1,869,1357,-208,53,1,-29,-5,61,116,0,0,0,0,0,0,0,0,0,0,0,0,0,0,0,0,0,0,0,0,0,0,236752
1,1,1,1,857,1377,-224,71,-9,-55,-6,56,113,0,0,0,0,0,0,0,0,0,0,0,0,0,0,0,0,0,0,0,0,0,0,236762
1,1,1,1,839,1441,-267,41,-20,-68,-5,56,107,0,0,0,0,0,0,0,0,0,0,0,0,0,0,0,0,0,0,0,0,0,0,236772
1,1,1,1,804,1511,-271,-6,-30,-59,-5,54,105,0,0,0,0,0,0,0,0,0,0,0,0,0,0,0,0,0,0,0,0,0,0,236782
1,1,1,1,803,1503,-285,-7,-12,-26,-3,55,101,0,0,0,0,0,0,0,0,0,0,0,0,0,0,0,0,0,0,0,0,0,0,236792
1,1,1,1,758,1520,-247,21,21,32,-2,54,101,0,0,0,0,0,0,0,0,0,0,0,0,0,0,0,0,0,0,0,0,0,0,236802
1,1,1,1,713,1512,-186,11,15,51,-2,54,100,0,0,0,0,0,0,0,0,0,0,0,0,0,0,0,0,0,0,0,0,0,0,236812
1,1,1,1,735,1455,-167,-33,-10,22,-3,54,100,0,0,0,0,0,0,0,0,0,0,0,0,0,0,0,0,0,0,0,0,0,0,236822
1,1,1,1,801,1357,-183,-1,-35,-32,-5,53,104,0,0,0,0,0,0,0,0,0,0,0,0,0,0,0,0,0,0,0,0,0,0,236842
1,1,1,1,844,1340,-259,-5,-68,-112,-4,51,101,0,0,0,0,0,0,0,0,0,0,0,0,0,0,0,0,0,0,0,0,0,0,236852
1,1,1,1,857,1387,-339,-55,-99,-166,-4,50,97,0,0,0,0,0,0,0,0,0,0,0,0,0,0,0,0,0,0,0,0,0,0,236862
1,1,1,1,857,1387,-339,-106,-114,-175,-2,49,89,0,0,0,0,0,0,0,0,0,0,0,0,0,0,0,0,0,0,0,0,0,0,236872
1,1,1,1,770,1530,-301,-128,-105,-152,-1,47,85,0,0,0,0,0,0,0,0,0,0,0,0,0,0,0,0,0,0,0,0,0,0,236882
1,1,1,1,732,1578,-271,-92,-76,-51,2,47,82,0,0,0,0,0,0,0,0,0,0,0,0,0,0,0,0,0,0,0,0,0,0,236892
1,1,1,1,720,1556,-237,-58,-35,4,2,47,81,0,0,0,0,0,0,0,0,0,0,0,0,0,0,0,0,0,0,0,0,0,0,236902
1,1,1,1,741,1450,-137,-103,-34,-42,2,47,81,0,0,0,0,0,0,0,0,0,0,0,0,0,0,0,0,0,0,0,0,0,0,236912
1,1,1,1,741,1428,-125,-132,-61,-63,3,46,81,0,0,0,0,0,0,0,0,0,0,0,0,0,0,0,0,0,0,0,0,0,0,236922
1,1,1,1,751,1407,-139,-86,-47,-50,2,47,85,0,0,0,0,0,0,0,0,0,0,0,0,0,0,0,0,0,0,0,0,0,0,236932
1,1,1,1,773,1397,-150,-9,-11,-20,1,47,87,0,0,0,0,0,0,0,0,0,0,0,0,0,0,0,0,0,0,0,0,0,0,236942
1,1,1,1,788,1396,-173,40,10,-9,1,48,90,0,0,0,0,0,0,0,0,0,0,0,0,0,0,0,0,0,0,0,0,0,0,236952
1,1,1,1,782,1419,-224,36,21,-5,0,48,88,0,0,0,0,0,0,0,0,0,0,0,0,0,0,0,0,0,0,0,0,0,0,236962
1,1,1,1,765,1472,-252,15,21,3,2,48,92,0,0,0,0,0,0,0,0,0,0,0,0,0,0,0,0,0,0,0,0,0,0,236972
1,1,1,1,740,1484,-220,-25,11,-2,1,49,91,0,0,0,0,0,0,0,0,0,0,0,0,0,0,0,0,0,0,0,0,0,0,236982
1,1,1,1,752,1468,-199,-41,7,-5,3,48,91,0,0,0,0,0,0,0,0,0,0,0,0,0,0,0,0,0,0,0,0,0,0,236992
1,1,1,1,758,1461,-193,-28,17,6,2,50,94,0,0,0,0,0,0,0,0,0,0,0,0,0,0,0,0,0,0,0,0,0,0,237002
1,1,1,1,782,1413,-170,-25,4,-13,1,51,97,0,0,0,0,0,0,0,0,0,0,0,0,0,0,0,0,0,0,0,0,0,0,237012
1,1,1,1,806,1403,-168,6,-11,-16,2,48,98,0,0,0,0,0,0,0,0,0,0,0,0,0,0,0,0,0,0,0,0,0,0,237022
1,1,1,1,823,1407,-197,56,-1,7,-4,52,103,0,0,0,0,0,0,0,0,0,0,0,0,0,0,0,0,0,0,0,0,0,0,237032
1,1,1,1,836,1392,-242,91,21,22,-4,50,107,0,0,0,0,0,0,0,0,0,0,0,0,0,0,0,0,0,0,0,0,0,0,237052
1,1,1,1,804,1445,-239,86,18,33,-4,52,108,0,0,0,0,0,0,0,0,0,0,0,0,0,0,0,0,0,0,0,0,0,0,237062
1,1,1,1,775,1441,-208,63,15,21,0,48,106,0,0,0,0,0,0,0,0,0,0,0,0,0,0,0,0,0,0,0,0,0,0,237072
1,1,1,1,789,1442,-239,54,29,21,-4,52,108,0,0,0,0,0,0,0,0,0,0,0,0,0,0,0,0,0,0,0,0,0,0,237082
1,1,1,1,760,1467,-207,30,38,23,-1,53,109,0,0,0,0,0,0,0,0,0,0,0,0,0,0,0,0,0,0,0,0,0,0,237092
1,1,1,1,736,1490,-192,25,44,32,0,52,107,0,0,0,0,0,0,0,0,0,0,0,0,0,0,0,0,0,0,0,0,0,0,237102
1,1,1,1,750,1463,-202,36,55,38,1,53,109,0,0,0,0,0,0,0,0,0,0,0,0,0,0,0,0,0,0,0,0,0,0,237112
1,1,1,1,747,1437,-180,60,58,41,-2,53,110,0,0,0,0,0,0,0,0,0,0,0,0,0,0,0,0,0,0,0,0,0,0,237122
1,1,1,1,758,1445,-184,78,62,40,-4,53,111,0,0,0,0,0,0,0,0,0,0,0,0,0,0,0,0,0,0,0,0,0,0,237132
1,1,1,1,764,1444,-215,80,60,39,-6,53,113,0,0,0,0,0,0,0,0,0,0,0,0,0,0,0,0,0,0,0,0,0,0,237142
1,1,1,1,781,1438,-222,29,42,25,-6,54,114,0,0,0,0,0,0,0,0,0,0,0,0,0,0,0,0,0,0,0,0,0,0,237152
1,1,1,1,762,1445,-222,-2,34,15,-5,53,116,0,0,0,0,0,0,0,0,0,0,0,0,0,0,0,0,0,0,0,0,0,0,237162
1,1,1,1,786,1443,-213,-12,35,14,-5,54,117,0,0,0,0,0,0,0,0,0,0,0,0,0,0,0,0,0,0,0,0,0,0,237172
1,1,1,1,788,1427,-232,4,46,20,-4,54,118,0,0,0,0,0,0,0,0,0,0,0,0,0,0,0,0,0,0,0,0,0,0,237182
1,1,1,1,813,1434,-246,3,39,23,-3,54,117,0,0,0,0,0,0,0,0,0,0,0,0,0,0,0,0,0,0,0,0,0,0,237192
1,1,1,1,809,1461,-254,-6,32,23,-2,54,117,0,0,0,0,0,0,0,0,0,0,0,0,0,0,0,0,0,0,0,0,0,0,237202
1,1,1,1,803,1465,-248,-17,42,32,-1,55,117,0,0,0,0,0,0,0,0,0,0,0,0,0,0,0,0,0,0,0,0,0,0,237212
1,1,1,1,790,1481,-241,-44,31,47,-3,57,117,0,0,0,0,0,0,0,0,0,0,0,0,0,0,0,0,0,0,0,0,0,0,237222
1,1,1,1,774,1487,-213,-86,26,56,-2,57,120,0,0,0,0,0,0,0,0,0,0,0,0,0,0,0,0,0,0,0,0,0,0,237232
1,1,1,1,791,1426,-210,-99,16,42,0,56,121,0,0,0,0,0,0,0,0,0,0,0,0,0,0,0,0,0,0,0,0,0,0,237242
1,1,1,1,790,1410,-165,-99,4,23,-1,58,122,0,0,0,0,0,0,0,0,0,0,0,0,0,0,0,0,0,0,0,0,0,0,237252
1,1,1,1,799,1415,-191,-50,22,44,-1,58,122,0,0,0,0,0,0,0,0,0,0,0,0,0,0,0,0,0,0,0,0,0,0,237262
1,1,1,1,774,1421,-177,-43,22,43,-2,57,126,0,0,0,0,0,0,0,0,0,0,0,0,0,0,0,0,0,0,0,0,0,0,237272
1,1,1,1,787,1418,-169,-36,33,42,-4,59,126,0,0,0,0,0,0,0,0,0,0,0,0,0,0,0,0,0,0,0,0,0,0,237282
1,1,1,1,799,1406,-187,-10,45,51,-3,60,130,0,0,0,0,0,0,0,0,0,0,0,0,0,0,0,0,0,0,0,0,0,0,237292
1,1,1,1,782,1416,-175,-9,38,42,-5,61,131,0,0,0,0,0,0,0,0,0,0,0,0,0,0,0,0,0,0,0,0,0,0,237302
1,1,1,1,800,1417,-199,1,39,42,-4,61,130,0,0,0,0,0,0,0,0,0,0,0,0,0,0,0,0,0,0,0,0,0,0,237312
1,1,1,1,811,1415,-232,8,46,45,-5,63,131,0,0,0,0,0,0,0,0,0,0,0,0,0,0,0,0,0,0,0,0,0,0,237322
1,1,1,1,806,1433,-244,-28,37,46,-5,64,133,0,0,0,0,0,0,0,0,0,0,0,0,0,0,0,0,0,0,0,0,0,0,237332
1,1,1,1,794,1461,-221,-87,13,39,-2,60,132,0,0,0,0,0,0,0,0,0,0,0,0,0,0,0,0,0,0,0,0,0,0,237342
1,1,1,1,823,1442,-230,-85,15,37,-4,64,133,0,0,0,0,0,0,0,0,0,0,0,0,0,0,0,0,0,0,0,0,0,0,237352
1,1,1,1,839,1423,-208,-63,34,37,-4,65,135,0,0,0,0,0,0,0,0,0,0,0,0,0,0,0,0,0,0,0,0,0,0,237362
1,1,1,1,824,1439,-207,-52,27,39,-2,66,136,0,0,0,0,0,0,0,0,0,0,0,0,0,0,0,0,0,0,0,0,0,0,237372
1,1,1,1,799,1445,-200,-45,26,51,0,65,139,0,0,0,0,0,0,0,0,0,0,0,0,0,0,0,0,0,0,0,0,0,0,237382
1,1,1,1,788,1434,-187,-47,16,54,1,65,141,0,0,0,0,0,0,0,0,0,0,0,0,0,0,0,0,0,0,0,0,0,0,237392
1,1,1,1,803,1421,-183,-54,0,52,2,69,141,0,0,0,0,0,0,0,0,0,0,0,0,0,0,0,0,0,0,0,0,0,0,237402
1,1,1,1,807,1396,-163,-44,2,42,2,67,146,0,0,0,0,0,0,0,0,0,0,0,0,0,0,0,0,0,0,0,0,0,0,237412
1,1,1,1,808,1396,-143,-26,7,39,-1,68,146,0,0,0,0,0,0,0,0,0,0,0,0,0,0,0,0,0,0,0,0,0,0,237422
1,1,1,1,812,1403,-169,8,28,52,-2,69,149,0,0,0,0,0,0,0,0,0,0,0,0,0,0,0,0,0,0,0,0,0,0,237432
1,1,1,1,807,1403,-167,24,42,54,-4,69,149,0,0,0,0,0,0,0,0,0,0,0,0,0,0,0,0,0,0,0,0,0,0,237442
1,1,1,1,827,1410,-190,44,55,53,-2,68,149,0,0,0,0,0,0,0,0,0,0,0,0,0,0,0,0,0,0,0,0,0,0,237452
1,1,1,1,821,1418,-195,72,73,65,-1,69,148,0,0,0,0,0,0,0,0,0,0,0,0,0,0,0,0,0,0,0,0,0,0,237462
1,1,1,1,793,1433,-174,60,65,59,-3,69,145,0,0,0,0,0,0,0,0,0,0,0,0,0,0,0,0,0,0,0,0,0,0,237472
1,1,1,1,779,1441,-177,18,62,49,3,69,146,0,0,0,0,0,0,0,0,0,0,0,0,0,0,0,0,0,0,0,0,0,0,237482
1,1,1,1,772,1449,-184,11,73,49,0,69,147,0,0,0,0,0,0,0,0,0,0,0,0,0,0,0,0,0,0,0,0,0,0,237492
1,1,1,1,774,1446,-181,6,74,40,0,68,144,0,0,0,0,0,0,0,0,0,0,0,0,0,0,0,0,0,0,0,0,0,0,237502
1,1,1,1,785,1446,-186,1,56,28,-2,68,147,0,0,0,0,0,0,0,0,0,0,0,0,0,0,0,0,0,0,0,0,0,0,237512
1,1,1,1,798,1452,-220,-5,63,15,-3,68,143,0,0,0,0,0,0,0,0,0,0,0,0,0,0,0,0,0,0,0,0,0,0,237522
1,1,1,1,799,1472,-250,-35,44,4,-4,68,146,0,0,0,0,0,0,0,0,0,0,0,0,0,0,0,0,0,0,0,0,0,0,237532
1,1,1,1,791,1484,-239,-73,23,-7,-5,68,147,0,0,0,0,0,0,0,0,0,0,0,0,0,0,0,0,0,0,0,0,0,0,237542
1,1,1,1,797,1465,-233,-70,12,-12,-2,70,149,0,0,0,0,0,0,0,0,0,0,0,0,0,0,0,0,0,0,0,0,0,0,237552
1,1,1,1,781,1462,-216,-59,-5,-11,-3,70,151,0,0,0,0,0,0,0,0,0,0,0,0,0,0,0,0,0,0,0,0,0,0,237562
1,1,1,1,773,1432,-183,-87,-16,-14,-2,69,147,0,0,0,0,0,0,0,0,0,0,0,0,0,0,0,0,0,0,0,0,0,0,237572
1,1,1,1,790,1440,-181,-74,-16,-2,-1,70,150,0,0,0,0,0,0,0,0,0,0,0,0,0,0,0,0,0,0,0,0,0,0,237582
1,1,1,1,798,1410,-148,-50,-19,-1,-3,72,152,0,0,0,0,0,0,0,0,0,0,0,0,0,0,0,0,0,0,0,0,0,0,237592
1,1,1,1,829,1403,-170,-17,-25,-3,-3,72,150,0,0,0,0,0,0,0,0,0,0,0,0,0,0,0,0,0,0,0,0,0,0,237602
1,1,1,1,831,1396,-184,11,-22,-4,-4,73,153,0,0,0,0,0,0,0,0,0,0,0,0,0,0,0,0,0,0,0,0,0,0,237612
1,1,1,1,824,1390,-192,2,-22,-17,-3,73,153,0,0,0,0,0,0,0,0,0,0,0,0,0,0,0,0,0,0,0,0,0,0,237622
1,1,1,1,803,1425,-188,-19,-17,-22,-3,71,148,0,0,0,0,0,0,0,0,0,0,0,0,0,0,0,0,0,0,0,0,0,0,237632
1,1,1,1,771,1444,-161,-8,-25,-15,-2,70,147,0,0,0,0,0,0,0,0,0,0,0,0,0,0,0,0,0,0,0,0,0,0,237642
1,1,1,1,766,1442,-143,20,-10,-1,-3,73,150,0,0,0,0,0,0,0,0,0,0,0,0,0,0,0,0,0,0,0,0,0,0,237652
1,1,1,1,784,1421,-149,31,4,5,-6,75,151,0,0,0,0,0,0,0,0,0,0,0,0,0,0,0,0,0,0,0,0,0,0,237662
1,1,1,1,790,1417,-163,21,10,2,-3,71,151,0,0,0,0,0,0,0,0,0,0,0,0,0,0,0,0,0,0,0,0,0,0,237672
1,1,1,1,808,1416,-163,28,15,8,-2,71,152,0,0,0,0,0,0,0,0,0,0,0,0,0,0,0,0,0,0,0,0,0,0,237682
1,1,1,1,819,1418,-174,38,24,17,-2,72,150,0,0,0,0,0,0,0,0,0,0,0,0,0,0,0,0,0,0,0,0,0,0,237692
1,1,1,1,821,1419,-170,24,21,8,-1,70,151,0,0,0,0,0,0,0,0,0,0,0,0,0,0,0,0,0,0,0,0,0,0,237702
1,1,1,1,829,1412,-177,29,19,7,-1,72,152,0,0,0,0,0,0,0,0,0,0,0,0,0,0,0,0,0,0,0,0,0,0,237712
1,1,1,1,818,1412,-169,29,11,7,-1,71,152,0,0,0,0,0,0,0,0,0,0,0,0,0,0,0,0,0,0,0,0,0,0,237722
1,1,1,1,825,1415,-193,31,13,4,-2,73,154,0,0,0,0,0,0,0,0,0,0,0,0,0,0,0,0,0,0,0,0,0,0,237732
1,1,1,1,819,1418,-213,45,24,15,-1,72,157,0,0,0,0,0,0,0,0,0,0,0,0,0,0,0,0,0,0,0,0,0,0,237742
1,1,1,1,794,1443,-199,40,22,15,-3,72,155,0,0,0,0,0,0,0,0,0,0,0,0,0,0,0,0,0,0,0,0,0,0,237752
1,1,1,1,780,1462,-210,18,12,20,-4,72,151,0,0,0,0,0,0,0,0,0,0,0,0,0,0,0,0,0,0,0,0,0,0,237762
1,1,1,1,771,1461,-196,0,7,20,-3,73,152,0,0,0,0,0,0,0,0,0,0,0,0,0,0,0,0,0,0,0,0,0,0,237772
1,1,1,1,781,1457,-185,-7,3,18,-2,72,151,0,0,0,0,0,0,0,0,0,0,0,0,0,0,0,0,0,0,0,0,0,0,237782
1,1,1,1,803,1440,-190,-15,0,7,-3,72,151,0,0,0,0,0,0,0,0,0,0,0,0,0,0,0,0,0,0,0,0,0,0,237792
1,1,1,1,816,1432,-195,-11,12,7,-5,73,154,0,0,0,0,0,0,0,0,0,0,0,0,0,0,0,0,0,0,0,0,0,0,237802
1,1,1,1,815,1427,-190,-14,7,2,-4,72,153,0,0,0,0,0,0,0,0,0,0,0,0,0,0,0,0,0,0,0,0,0,0,237812
1,1,1,1,811,1422,-191,-15,7,0,-4,73,152,0,0,0,0,0,0,0,0,0,0,0,0,0,0,0,0,0,0,0,0,0,0,237822
1,1,1,1,806,1420,-186,-11,19,1,-5,73,153,0,0,0,0,0,0,0,0,0,0,0,0,0,0,0,0,0,0,0,0,0,0,237832
1,1,1,1,799,1418,-178,2,23,6,-3,72,152,0,0,0,0,0,0,0,0,0,0,0,0,0,0,0,0,0,0,0,0,0,0,237842
1,1,1,1,789,1413,-167,8,27,12,-3,72,152,0,0,0,0,0,0,0,0,0,0,0,0,0,0,0,0,0,0,0,0,0,0,237852
1,1,1,1,779,1442,-164,10,29,16,-5,73,151,0,0,0,0,0,0,0,0,0,0,0,0,0,0,0,0,0,0,0,0,0,0,237862
1,1,1,1,791,1439,-183,-18,22,13,-3,72,152,0,0,0,0,0,0,0,0,0,0,0,0,0,0,0,0,0,0,0,0,0,0,237872
1,1,1,1,816,1413,-182,-3,30,23,-3,71,152,0,0,0,0,0,0,0,0,0,0,0,0,0,0,0,0,0,0,0,0,0,0,237882
1,1,1,1,813,1411,-167,26,36,34,-4,73,154,0,0,0,0,0,0,0,0,0,0,0,0,0,0,0,0,0,0,0,0,0,0,237892
1,1,1,1,828,1409,-180,22,36,36,-5,72,152,0,0,0,0,0,0,0,0,0,0,0,0,0,0,0,0,0,0,0,0,0,0,237902
1,1,1,1,833,1407,-182,31,43,39,-7,75,151,0,0,0,0,0,0,0,0,0,0,0,0,0,0,0,0,0,0,0,0,0,0,237912
1,1,1,1,823,1422,-180,35,48,36,-7,74,154,0,0,0,0,0,0,0,0,0,0,0,0,0,0,0,0,0,0,0,0,0,0,237922
1,1,1,1,808,1454,-210,16,40,29,-7,74,153,0,0,0,0,0,0,0,0,0,0,0,0,0,0,0,0,0,0,0,0,0,0,237932
1,1,1,1,803,1458,-212,3,32,24,-7,74,157,0,0,0,0,0,0,0,0,0,0,0,0,0,0,0,0,0,0,0,0,0,0,237942
1,1,1,1,808,1448,-211,-5,30,16,-10,76,156,0,0,0,0,0,0,0,0,0,0,0,0,0,0,0,0,0,0,0,0,0,0,237952
1,1,1,1,812,1444,-206,-18,14,3,-8,72,154,0,0,0,0,0,0,0,0,0,0,0,0,0,0,0,0,0,0,0,0,0,0,237962
1,1,1,1,810,1431,-203,-29,6,0,-7,72,157,0,0,0,0,0,0,0,0,0,0,0,0,0,0,0,0,0,0,0,0,0,0,237972
1,1,1,1,812,1428,-189,-18,2,2,-6,71,156,0,0,0,0,0,0,0,0,0,0,0,0,0,0,0,0,0,0,0,0,0,0,237982
1,1,1,1,810,1426,-173,-8,3,-2,-6,73,157,0,0,0,0,0,0,0,0,0,0,0,0,0,0,0,0,0,0,0,0,0,0,237992
1,1,1,1,807,1421,-173,-3,6,-3,-5,73,156,0,0,0,0,0,0,0,0,0,0,0,0,0,0,0,0,0,0,0,0,0,0,238002
1,1,1,1,801,1434,-188,12,5,4,-5,72,157,0,0,0,0,0,0,0,0,0,0,0,0,0,0,0,0,0,0,0,0,0,0,238012
1,1,1,1,803,1438,-196,12,0,1,-7,74,156,0,0,0,0,0,0,0,0,0,0,0,0,0,0,0,0,0,0,0,0,0,0,238022
1,1,1,1,809,1452,-218,-9,-4,-4,-7,74,155,0,0,0,0,0,0,0,0,0,0,0,0,0,0,0,0,0,0,0,0,0,0,238032
1,1,1,1,811,1447,-217,-18,-7,-7,-8,75,157,0,0,0,0,0,0,0,0,0,0,0,0,0,0,0,0,0,0,0,0,0,0,238042
1,1,1,1,804,1430,-189,-16,-8,-11,-7,73,157,0,0,0,0,0,0,0,0,0,0,0,0,0,0,0,0,0,0,0,0,0,0,238052
1,1,1,1,805,1424,-183,-15,-8,-11,-7,74,155,0,0,0,0,0,0,0,0,0,0,0,0,0,0,0,0,0,0,0,0,0,0,238062
1,1,1,1,803,1442,-195,-37,-9,-15,-6,74,157,0,0,0,0,0,0,0,0,0,0,0,0,0,0,0,0,0,0,0,0,0,0,238072
1,1,1,1,804,1432,-186,-45,-7,-12,-7,74,156,0,0,0,0,0,0,0,0,0,0,0,0,0,0,0,0,0,0,0,0,0,0,238082
1,1,1,1,803,1414,-169,-32,-10,-12,-6,75,152,0,0,0,0,0,0,0,0,0,0,0,0,0,0,0,0,0,0,0,0,0,0,238092
1,1,1,1,796,1424,-144,-25,-12,-14,-5,74,154,0,0,0,0,0,0,0,0,0,0,0,0,0,0,0,0,0,0,0,0,0,0,238102
1,1,1,1,802,1422,-159,-16,-8,-10,-6,73,155,0,0,0,0,0,0,0,0,0,0,0,0,0,0,0,0,0,0,0,0,0,0,238112
1,1,1,1,805,1410,-166,-2,-10,-6,-6,74,154,0,0,0,0,0,0,0,0,0,0,0,0,0,0,0,0,0,0,0,0,0,0,238122
1,1,1,1,809,1413,-167,12,-2,-2,-7,73,153,0,0,0,0,0,0,0,0,0,0,0,0,0,0,0,0,0,0,0,0,0,0,238132
1,1,1,1,807,1427,-188,5,2,1,-6,73,154,0,0,0,0,0,0,0,0,0,0,0,0,0,0,0,0,0,0,0,0,0,0,238142
1,1,1,1,806,1437,-192,-18,1,-5,-4,73,155,0,0,0,0,0,0,0,0,0,0,0,0,0,0,0,0,0,0,0,0,0,0,238152
1,1,1,1,813,1422,-182,-18,6,-7,-6,74,155,0,0,0,0,0,0,0,0,0,0,0,0,0,0,0,0,0,0,0,0,0,0,238162
1,1,1,1,819,1426,-181,-16,7,-8,-5,73,154,0,0,0,0,0,0,0,0,0,0,0,0,0,0,0,0,0,0,0,0,0,0,238172
1,1,1,1,816,1431,-175,-39,-1,-12,-4,74,153,0,0,0,0,0,0,0,0,0,0,0,0,0,0,0,0,0,0,0,0,0,0,238182
1,1,1,1,815,1415,-171,-39,-1,-8,-4,73,155,0,0,0,0,0,0,0,0,0,0,0,0,0,0,0,0,0,0,0,0,0,0,238192
1,1,1,1,810,1422,-166,-20,9,-3,-5,73,153,0,0,0,0,0,0,0,0,0,0,0,0,0,0,0,0,0,0,0,0,0,0,238202
1,1,1,1,805,1426,-168,-3,9,0,-3,73,154,0,0,0,0,0,0,0,0,0,0,0,0,0,0,0,0,0,0,0,0,0,0,238212
1,1,1,1,798,1433,-174,4,3,1,-6,75,153,0,0,0,0,0,0,0,0,0,0,0,0,0,0,0,0,0,0,0,0,0,0,238222
1,1,1,1,799,1434,-183,15,1,4,-4,73,152,0,0,0,0,0,0,0,0,0,0,0,0,0,0,0,0,0,0,0,0,0,0,238232
1,1,1,1,797,1435,-175,23,-2,3,-5,74,153,0,0,0,0,0,0,0,0,0,0,0,0,0,0,0,0,0,0,0,0,0,0,238242
1,1,1,1,796,1441,-189,-2,-5,-1,-7,74,152,0,0,0,0,0,0,0,0,0,0,0,0,0,0,0,0,0,0,0,0,0,0,238252
1,1,1,1,798,1452,-200,-35,-5,-8,-5,74,152,0,0,0,0,0,0,0,0,0,0,0,0,0,0,0,0,0,0,0,0,0,0,238262
1,1,1,1,804,1438,-177,-43,-2,-13,-2,72,152,0,0,0,0,0,0,0,0,0,0,0,0,0,0,0,0,0,0,0,0,0,0,238272
1,1,1,1,809,1418,-150,-25,-8,-12,-2,72,151,0,0,0,0,0,0,0,0,0,0,0,0,0,0,0,0,0,0,0,0,0,0,238282
1,1,1,1,812,1418,-138,2,-6,-8,-1,73,150,0,0,0,0,0,0,0,0,0,0,0,0,0,0,0,0,0,0,0,0,0,0,238292
1,1,1,1,804,1414,-157,17,-4,-5,-1,73,152,0,0,0,0,0,0,0,0,0,0,0,0,0,0,0,0,0,0,0,0,0,0,238302
1,1,1,1,800,1420,-171,20,-7,-2,-1,73,149,0,0,0,0,0,0,0,0,0,0,0,0,0,0,0,0,0,0,0,0,0,0,238312
1,1,1,1,791,1436,-177,-6,-11,0,-2,74,153,0,0,0,0,0,0,0,0,0,0,0,0,0,0,0,0,0,0,0,0,0,0,238322
1,1,1,1,806,1443,-185,-24,-11,-3,-3,73,153,0,0,0,0,0,0,0,0,0,0,0,0,0,0,0,0,0,0,0,0,0,0,238332
1,1,1,1,814,1421,-181,-26,-14,-4,-4,73,148,0,0,0,0,0,0,0,0,0,0,0,0,0,0,0,0,0,0,0,0,0,0,238342
1,1,1,1,813,1419,-169,-20,-10,-2,-5,73,152,0,0,0,0,0,0,0,0,0,0,0,0,0,0,0,0,0,0,0,0,0,0,238352
1,1,1,1,818,1417,-174,-17,-2,-7,-3,73,152,0,0,0,0,0,0,0,0,0,0,0,0,0,0,0,0,0,0,0,0,0,0,238362
1,1,1,1,802,1416,-158,5,-2,-8,-3,74,151,0,0,0,0,0,0,0,0,0,0,0,0,0,0,0,0,0,0,0,0,0,0,238382
1,1,1,1,798,1416,-160,3,-4,-10,-2,73,151,0,0,0,0,0,0,0,0,0,0,0,0,0,0,0,0,0,0,0,0,0,0,238392
1,1,1,1,796,1422,-168,7,15,-8,-1,74,149,0,0,0,0,0,0,0,0,0,0,0,0,0,0,0,0,0,0,0,0,0,0,238402
1,1,1,1,789,1434,-168,2,7,-2,-2,73,148,0,0,0,0,0,0,0,0,0,0,0,0,0,0,0,0,0,0,0,0,0,0,238412
1,1,1,1,786,1441,-159,-21,-8,-5,-4,74,149,0,0,0,0,0,0,0,0,0,0,0,0,0,0,0,0,0,0,0,0,0,0,238422
1,1,1,1,817,1422,-182,-13,-7,-4,-6,74,151,0,0,0,0,0,0,0,0,0,0,0,0,0,0,0,0,0,0,0,0,0,0,238432
1,1,1,1,829,1418,-179,-4,-9,-5,-7,73,151,0,0,0,0,0,0,0,0,0,0,0,0,0,0,0,0,0,0,0,0,0,0,238442
1,1,1,1,824,1425,-182,-7,-8,-10,-5,74,151,0,0,0,0,0,0,0,0,0,0,0,0,0,0,0,0,0,0,0,0,0,0,238452
1,1,1,1,817,1437,-192,-7,-11,-15,-5,74,149,0,0,0,0,0,0,0,0,0,0,0,0,0,0,0,0,0,0,0,0,0,0,238462
1,1,1,1,795,1444,-187,-15,-19,-14,-5,74,154,0,0,0,0,0,0,0,0,0,0,0,0,0,0,0,0,0,0,0,0,0,0,238472
1,1,1,1,772,1458,-174,-32,-25,-14,-5,74,152,0,0,0,0,0,0,0,0,0,0,0,0,0,0,0,0,0,0,0,0,0,0,238482
1,1,1,1,780,1445,-172,-33,-23,-10,-4,73,150,0,0,0,0,0,0,0,0,0,0,0,0,0,0,0,0,0,0,0,0,0,0,238492
1,1,1,1,782,1431,-164,-23,-19,-6,-3,74,148,0,0,0,0,0,0,0,0,0,0,0,0,0,0,0,0,0,0,0,0,0,0,238502
1,1,1,1,787,1428,-157,-14,-13,-2,-5,73,150,0,0,0,0,0,0,0,0,0,0,0,0,0,0,0,0,0,0,0,0,0,0,238512
1,1,1,1,793,1420,-161,-8,0,-4,-5,75,151,0,0,0,0,0,0,0,0,0,0,0,0,0,0,0,0,0,0,0,0,0,0,238522
1,1,1,1,794,1412,-166,-22,-6,-12,-5,74,151,0,0,0,0,0,0,0,0,0,0,0,0,0,0,0,0,0,0,0,0,0,0,238532
1,1,1,1,784,1435,-160,-29,-4,-17,-7,76,147,0,0,0,0,0,0,0,0,0,0,0,0,0,0,0,0,0,0,0,0,0,0,238542
1,1,1,1,766,1442,-155,-33,0,-9,-4,73,148,0,0,0,0,0,0,0,0,0,0,0,0,0,0,0,0,0,0,0,0,0,0,238552
1,1,1,1,772,1438,-154,-34,5,-4,-7,75,150,0,0,0,0,0,0,0,0,0,0,0,0,0,0,0,0,0,0,0,0,0,0,238562
1,1,1,1,776,1442,-168,-33,6,-3,-8,74,152,0,0,0,0,0,0,0,0,0,0,0,0,0,0,0,0,0,0,0,0,0,0,238572
1,1,1,1,790,1448,-181,-42,5,2,-6,73,148,0,0,0,0,0,0,0,0,0,0,0,0,0,0,0,0,0,0,0,0,0,0,238582
1,1,1,1,820,1434,-189,-45,2,0,-4,73,147,0,0,0,0,0,0,0,0,0,0,0,0,0,0,0,0,0,0,0,0,0,0,238592
1,1,1,1,819,1428,-183,-64,-16,-7,-4,73,152,0,0,0,0,0,0,0,0,0,0,0,0,0,0,0,0,0,0,0,0,0,0,238602
1,1,1,1,833,1428,-186,-66,-15,-7,-5,74,150,0,0,0,0,0,0,0,0,0,0,0,0,0,0,0,0,0,0,0,0,0,0,238612
1,1,1,1,829,1413,-164,-55,-14,-6,-6,74,152,0,0,0,0,0,0,0,0,0,0,0,0,0,0,0,0,0,0,0,0,0,0,238622
1,1,1,1,821,1402,-149,-46,-16,-7,-4,73,151,0,0,0,0,0,0,0,0,0,0,0,0,0,0,0,0,0,0,0,0,0,0,238632
1,1,1,1,819,1411,-154,-18,-11,1,-5,74,150,0,0,0,0,0,0,0,0,0,0,0,0,0,0,0,0,0,0,0,0,0,0,238642
1,1,1,1,802,1416,-143,-29,-10,-6,-5,74,151,0,0,0,0,0,0,0,0,0,0,0,0,0,0,0,0,0,0,0,0,0,0,238652
1,1,1,1,806,1411,-149,-34,-9,-12,-5,74,149,0,0,0,0,0,0,0,0,0,0,0,0,0,0,0,0,0,0,0,0,0,0,238662
1,1,1,1,810,1406,-145,-19,-9,-10,-5,74,150,0,0,0,0,0,0,0,0,0,0,0,0,0,0,0,0,0,0,0,0,0,0,238672
1,1,1,1,800,1411,-128,-5,3,-6,-4,73,149,0,0,0,0,0,0,0,0,0,0,0,0,0,0,0,0,0,0,0,0,0,0,238682
1,1,1,1,792,1428,-131,7,8,-3,-4,73,148,0,0,0,0,0,0,0,0,0,0,0,0,0,0,0,0,0,0,0,0,0,0,238692
1,1,1,1,785,1426,-134,-1,6,-2,-6,74,150,0,0,0,0,0,0,0,0,0,0,0,0,0,0,0,0,0,0,0,0,0,0,238702
1,1,1,1,786,1433,-150,6,11,13,-5,73,150,0,0,0,0,0,0,0,0,0,0,0,0,0,0,0,0,0,0,0,0,0,0,238712
1,1,1,1,801,1418,-158,21,13,15,-6,74,150,0,0,0,0,0,0,0,0,0,0,0,0,0,0,0,0,0,0,0,0,0,0,238722
1,1,1,1,811,1408,-166,29,11,9,-5,73,155,0,0,0,0,0,0,0,0,0,0,0,0,0,0,0,0,0,0,0,0,0,0,238732
1,1,1,1,806,1426,-172,25,8,7,-5,72,154,0,0,0,0,0,0,0,0,0,0,0,0,0,0,0,0,0,0,0,0,0,0,238742
1,1,1,1,804,1434,-164,10,6,1,-7,73,153,0,0,0,0,0,0,0,0,0,0,0,0,0,0,0,0,0,0,0,0,0,0,238752
1,1,1,1,801,1436,-169,14,13,3,-6,73,152,0,0,0,0,0,0,0,0,0,0,0,0,0,0,0,0,0,0,0,0,0,0,238762
1,1,1,1,796,1437,-160,2,5,-4,-4,72,155,0,0,0,0,0,0,0,0,0,0,0,0,0,0,0,0,0,0,0,0,0,0,238772
1,1,1,1,792,1441,-156,9,0,-3,-4,73,153,0,0,0,0,0,0,0,0,0,0,0,0,0,0,0,0,0,0,0,0,0,0,238782
1,1,1,1,794,1426,-141,30,4,4,-5,73,155,0,0,0,0,0,0,0,0,0,0,0,0,0,0,0,0,0,0,0,0,0,0,238792
1,1,1,1,794,1431,-143,50,11,14,-7,73,155,0,0,0,0,0,0,0,0,0,0,0,0,0,0,0,0,0,0,0,0,0,0,238802
1,1,1,1,800,1421,-170,63,11,22,-6,73,154,0,0,0,0,0,0,0,0,0,0,0,0,0,0,0,0,0,0,0,0,0,0,238812
1,1,1,1,809,1428,-183,50,6,20,-8,76,156,0,0,0,0,0,0,0,0,0,0,0,0,0,0,0,0,0,0,0,0,0,0,238822
1,1,1,1,804,1429,-182,23,0,13,-7,75,155,0,0,0,0,0,0,0,0,0,0,0,0,0,0,0,0,0,0,0,0,0,0,238832
1,1,1,1,800,1435,-189,4,-6,8,-6,75,156,0,0,0,0,0,0,0,0,0,0,0,0,0,0,0,0,0,0,0,0,0,0,238842
1,1,1,1,792,1437,-171,-9,-3,2,-6,73,159,0,0,0,0,0,0,0,0,0,0,0,0,0,0,0,0,0,0,0,0,0,0,238852
1,1,1,1,793,1440,-153,-4,2,4,-11,76,158,0,0,0,0,0,0,0,0,0,0,0,0,0,0,0,0,0,0,0,0,0,0,238862
1,1,1,1,794,1425,-147,3,-1,4,-7,71,156,0,0,0,0,0,0,0,0,0,0,0,0,0,0,0,0,0,0,0,0,0,0,238872
1,1,1,1,792,1426,-148,9,8,12,-8,74,158,0,0,0,0,0,0,0,0,0,0,0,0,0,0,0,0,0,0,0,0,0,0,238882
1,1,1,1,797,1432,-153,11,12,21,-7,73,159,0,0,0,0,0,0,0,0,0,0,0,0,0,0,0,0,0,0,0,0,0,0,238892
1,1,1,1,811,1419,-158,32,11,28,-4,73,156,0,0,0,0,0,0,0,0,0,0,0,0,0,0,0,0,0,0,0,0,0,0,238902
1,1,1,1,813,1419,-159,44,10,28,-6,75,162,0,0,0,0,0,0,0,0,0,0,0,0,0,0,0,0,0,0,0,0,0,0,238912
1,1,1,1,815,1417,-165,35,12,22,-5,73,158,0,0,0,0,0,0,0,0,0,0,0,0,0,0,0,0,0,0,0,0,0,0,238922
1,1,1,1,814,1420,-170,26,6,22,-5,73,157,0,0,0,0,0,0,0,0,0,0,0,0,0,0,0,0,0,0,0,0,0,0,238932
1,1,1,1,811,1417,-172,28,1,23,-5,73,159,0,0,0,0,0,0,0,0,0,0,0,0,0,0,0,0,0,0,0,0,0,0,238942
1,1,1,1,799,1419,-169,21,0,16,-5,72,159,0,0,0,0,0,0,0,0,0,0,0,0,0,0,0,0,0,0,0,0,0,0,238952
1,1,1,1,790,1443,-191,6,-5,12,-7,73,159,0,0,0,0,0,0,0,0,0,0,0,0,0,0,0,0,0,0,0,0,0,0,238962
1,1,1,1,770,1471,-187,-16,-3,13,-8,75,160,0,0,0,0,0,0,0,0,0,0,0,0,0,0,0,0,0,0,0,0,0,0,238972
1,1,1,1,780,1452,-175,-29,-11,2,-6,74,159,0,0,0,0,0,0,0,0,0,0,0,0,0,0,0,0,0,0,0,0,0,0,238982
1,1,1,1,791,1443,-165,-34,-17,-8,-5,74,159,0,0,0,0,0,0,0,0,0,0,0,0,0,0,0,0,0,0,0,0,0,0,238992
1,1,1,1,792,1441,-164,-30,-20,-8,-5,74,157,0,0,0,0,0,0,0,0,0,0,0,0,0,0,0,0,0,0,0,0,0,0,239002
1,1,1,1,800,1431,-160,-20,-28,-9,-6,74,157,0,0,0,0,0,0,0,0,0,0,0,0,0,0,0,0,0,0,0,0,0,0,239012
1,1,1,1,803,1425,-163,-13,-21,-10,-7,73,157,0,0,0,0,0,0,0,0,0,0,0,0,0,0,0,0,0,0,0,0,0,0,239022
1,1,1,1,798,1431,-161,-10,-22,-8,-7,74,158,0,0,0,0,0,0,0,0,0,0,0,0,0,0,0,0,0,0,0,0,0,0,239032
1,1,1,1,793,1429,-162,-10,-18,-8,-7,74,160,0,0,0,0,0,0,0,0,0,0,0,0,0,0,0,0,0,0,0,0,0,0,239042
1,1,1,1,793,1423,-166,-18,-17,-9,-9,74,159,0,0,0,0,0,0,0,0,0,0,0,0,0,0,0,0,0,0,0,0,0,0,239052
1,1,1,1,805,1425,-179,-45,-29,-20,-6,74,157,0,0,0,0,0,0,0,0,0,0,0,0,0,0,0,0,0,0,0,0,0,0,239062
1,1,1,1,809,1427,-180,-57,-29,-25,-6,73,157,0,0,0,0,0,0,0,0,0,0,0,0,0,0,0,0,0,0,0,0,0,0,239072
1,1,1,1,802,1427,-159,-58,-29,-25,-6,74,158,0,0,0,0,0,0,0,0,0,0,0,0,0,0,0,0,0,0,0,0,0,0,239082
1,1,1,1,802,1423,-142,-47,-26,-26,-7,74,157,0,0,0,0,0,0,0,0,0,0,0,0,0,0,0,0,0,0,0,0,0,0,239092
1,1,1,1,791,1422,-136,-38,-23,-25,-7,73,159,0,0,0,0,0,0,0,0,0,0,0,0,0,0,0,0,0,0,0,0,0,0,239102
1,1,1,1,790,1426,-150,-13,-19,-17,-8,74,160,0,0,0,0,0,0,0,0,0,0,0,0,0,0,0,0,0,0,0,0,0,0,239112
1,1,1,1,793,1422,-142,4,-8,-10,-8,75,161,0,0,0,0,0,0,0,0,0,0,0,0,0,0,0,0,0,0,0,0,0,0,239122
1,1,1,1,799,1417,-153,4,-9,-10,-7,74,157,0,0,0,0,0,0,0,0,0,0,0,0,0,0,0,0,0,0,0,0,0,0,239132
1,1,1,1,802,1420,-166,-13,-7,-10,-9,75,159,0,0,0,0,0,0,0,0,0,0,0,0,0,0,0,0,0,0,0,0,0,0,239142
1,1,1,1,805,1420,-162,-36,-14,-14,-4,71,157,0,0,0,0,0,0,0,0,0,0,0,0,0,0,0,0,0,0,0,0,0,0,239152
1,1,1,1,803,1422,-155,-24,-3,-11,-8,76,158,0,0,0,0,0,0,0,0,0,0,0,0,0,0,0,0,0,0,0,0,0,0,239162
1,1,1,1,801,1423,-141,-14,6,-9,-10,75,158,0,0,0,0,0,0,0,0,0,0,0,0,0,0,0,0,0,0,0,0,0,0,239172
1,1,1,1,792,1419,-145,-15,-5,-11,-9,74,158,0,0,0,0,0,0,0,0,0,0,0,0,0,0,0,0,0,0,0,0,0,0,239182
1,1,1,1,793,1426,-148,0,4,-3,-9,75,159,0,0,0,0,0,0,0,0,0,0,0,0,0,0,0,0,0,0,0,0,0,0,239192
1,1,1,1,800,1427,-158,13,5,4,-7,74,160,0,0,0,0,0,0,0,0,0,0,0,0,0,0,0,0,0,0,0,0,0,0,239202
1,1,1,1,798,1437,-164,17,18,8,-6,74,159,0,0,0,0,0,0,0,0,0,0,0,0,0,0,0,0,0,0,0,0,0,0,239212
1,1,1,1,796,1440,-178,12,11,6,-7,74,157,0,0,0,0,0,0,0,0,0,0,0,0,0,0,0,0,0,0,0,0,0,0,239222
1,1,1,1,792,1446,-180,-5,-3,-2,-6,73,159,0,0,0,0,0,0,0,0,0,0,0,0,0,0,0,0,0,0,0,0,0,0,239232
1,1,1,1,797,1431,-172,-10,-3,-6,-7,74,161,0,0,0,0,0,0,0,0,0,0,0,0,0,0,0,0,0,0,0,0,0,0,239242
1,1,1,1,794,1430,-162,-15,-1,-9,-8,74,159,0,0,0,0,0,0,0,0,0,0,0,0,0,0,0,0,0,0,0,0,0,0,239252
1,1,1,1,783,1441,-161,-56,-21,-27,-9,74,160,0,0,0,0,0,0,0,0,0,0,0,0,0,0,0,0,0,0,0,0,0,0,239272
1,1,1,1,780,1437,-150,-55,-26,-28,-9,73,154,0,0,0,0,0,0,0,0,0,0,0,0,0,0,0,0,0,0,0,0,0,0,239282
1,1,1,1,779,1426,-142,-35,-20,-24,-6,74,157,0,0,0,0,0,0,0,0,0,0,0,0,0,0,0,0,0,0,0,0,0,0,239292
1,1,1,1,779,1426,-142,-22,-7,-16,-6,74,157,0,0,0,0,0,0,0,0,0,0,0,0,0,0,0,0,0,0,0,0,0,0,239302
1,1,1,1,769,1428,-140,-17,-5,-8,-7,73,156,0,0,0,0,0,0,0,0,0,0,0,0,0,0,0,0,0,0,0,0,0,0,239312
1,1,1,1,769,1422,-133,-17,-10,-8,-7,73,158,0,0,0,0,0,0,0,0,0,0,0,0,0,0,0,0,0,0,0,0,0,0,239322
1,1,1,1,779,1423,-145,-4,4,-1,-9,73,159,0,0,0,0,0,0,0,0,0,0,0,0,0,0,0,0,0,0,0,0,0,0,239332
1,1,1,1,786,1431,-154,2,7,5,-8,73,157,0,0,0,0,0,0,0,0,0,0,0,0,0,0,0,0,0,0,0,0,0,0,239342
1,1,1,1,781,1421,-140,-13,4,1,-8,73,156,0,0,0,0,0,0,0,0,0,0,0,0,0,0,0,0,0,0,0,0,0,0,239352
1,1,1,1,788,1427,-146,-16,0,3,-9,73,157,0,0,0,0,0,0,0,0,0,0,0,0,0,0,0,0,0,0,0,0,0,0,239362
1,1,1,1,785,1433,-138,-26,5,5,-9,74,156,0,0,0,0,0,0,0,0,0,0,0,0,0,0,0,0,0,0,0,0,0,0,239372
1,1,1,1,774,1434,-132,-18,9,13,-8,74,157,0,0,0,0,0,0,0,0,0,0,0,0,0,0,0,0,0,0,0,0,0,0,239382
1,1,1,1,788,1414,-131,-2,15,17,-8,73,158,0,0,0,0,0,0,0,0,0,0,0,0,0,0,0,0,0,0,0,0,0,0,239392
1,1,1,1,781,1421,-129,17,20,23,-9,73,159,0,0,0,0,0,0,0,0,0,0,0,0,0,0,0,0,0,0,0,0,0,0,239402
1,1,1,1,790,1425,-134,49,22,30,-10,74,162,0,0,0,0,0,0,0,0,0,0,0,0,0,0,0,0,0,0,0,0,0,0,239412
1,1,1,1,797,1409,-134,53,22,25,-10,73,159,0,0,0,0,0,0,0,0,0,0,0,0,0,0,0,0,0,0,0,0,0,0,239422
1,1,1,1,802,1422,-170,60,29,25,-10,76,158,0,0,0,0,0,0,0,0,0,0,0,0,0,0,0,0,0,0,0,0,0,0,239432
1,1,1,1,807,1439,-171,32,16,12,-11,75,162,0,0,0,0,0,0,0,0,0,0,0,0,0,0,0,0,0,0,0,0,0,0,239442
1,1,1,1,799,1439,-170,-5,9,-2,-9,72,160,0,0,0,0,0,0,0,0,0,0,0,0,0,0,0,0,0,0,0,0,0,0,239452
1,1,1,1,802,1447,-164,-22,4,-2,-10,73,159,0,0,0,0,0,0,0,0,0,0,0,0,0,0,0,0,0,0,0,0,0,0,239462
1,1,1,1,800,1441,-166,-22,6,4,-9,71,158,0,0,0,0,0,0,0,0,0,0,0,0,0,0,0,0,0,0,0,0,0,0,239472
1,1,1,1,813,1427,-168,-24,6,3,-12,75,160,0,0,0,0,0,0,0,0,0,0,0,0,0,0,0,0,0,0,0,0,0,0,239482
1,1,1,1,819,1417,-163,-32,3,2,-9,73,158,0,0,0,0,0,0,0,0,0,0,0,0,0,0,0,0,0,0,0,0,0,0,239492
1,1,1,1,811,1440,-179,-15,3,12,-8,74,162,0,0,0,0,0,0,0,0,0,0,0,0,0,0,0,0,0,0,0,0,0,0,239502
1,1,1,1,815,1431,-180,-15,8,14,-7,73,163,0,0,0,0,0,0,0,0,0,0,0,0,0,0,0,0,0,0,0,0,0,0,239512
1,1,1,1,818,1434,-180,-12,1,10,-9,73,162,0,0,0,0,0,0,0,0,0,0,0,0,0,0,0,0,0,0,0,0,0,0,239522
1,1,1,1,808,1433,-171,-11,-1,4,-6,72,162,0,0,0,0,0,0,0,0,0,0,0,0,0,0,0,0,0,0,0,0,0,0,239532
1,1,1,1,801,1437,-173,-11,0,-3,-6,73,159,0,0,0,0,0,0,0,0,0,0,0,0,0,0,0,0,0,0,0,0,0,0,239542
1,1,1,1,791,1435,-165,-27,-13,-16,-4,72,161,0,0,0,0,0,0,0,0,0,0,0,0,0,0,0,0,0,0,0,0,0,0,239552
1,1,1,1,777,1440,-158,-38,-14,-21,-7,74,162,0,0,0,0,0,0,0,0,0,0,0,0,0,0,0,0,0,0,0,0,0,0,239562
1,1,1,1,767,1444,-138,-49,-17,-21,-6,73,159,0,0,0,0,0,0,0,0,0,0,0,0,0,0,0,0,0,0,0,0,0,0,239572
1,1,1,1,774,1428,-138,-32,-15,-20,-6,73,159,0,0,0,0,0,0,0,0,0,0,0,0,0,0,0,0,0,0,0,0,0,0,239582
1,1,1,1,787,1424,-147,-23,-6,-19,-4,73,161,0,0,0,0,0,0,0,0,0,0,0,0,0,0,0,0,0,0,0,0,0,0,239592
1,1,1,1,787,1433,-149,-26,-8,-16,-5,73,159,0,0,0,0,0,0,0,0,0,0,0,0,0,0,0,0,0,0,0,0,0,0,239602
1,1,1,1,786,1423,-135,-20,-8,-14,-6,73,160,0,0,0,0,0,0,0,0,0,0,0,0,0,0,0,0,0,0,0,0,0,0,239612
1,1,1,1,790,1414,-123,-19,-8,-13,-5,74,160,0,0,0,0,0,0,0,0,0,0,0,0,0,0,0,0,0,0,0,0,0,0,239622
1,1,1,1,787,1426,-128,-36,-9,-10,-5,72,160,0,0,0,0,0,0,0,0,0,0,0,0,0,0,0,0,0,0,0,0,0,0,239632
1,1,1,1,795,1406,-128,-28,1,-1,-6,72,158,0,0,0,0,0,0,0,0,0,0,0,0,0,0,0,0,0,0,0,0,0,0,239642
1,1,1,1,796,1414,-120,-8,6,-1,-5,73,160,0,0,0,0,0,0,0,0,0,0,0,0,0,0,0,0,0,0,0,0,0,0,239652
1,1,1,1,797,1422,-145,-3,18,3,-5,72,160,0,0,0,0,0,0,0,0,0,0,0,0,0,0,0,0,0,0,0,0,0,0,239662
1,1,1,1,797,1427,-152,-11,22,0,-5,72,160,0,0,0,0,0,0,0,0,0,0,0,0,0,0,0,0,0,0,0,0,0,0,239672
1,1,1,1,788,1429,-143,-16,22,-4,-4,74,160,0,0,0,0,0,0,0,0,0,0,0,0,0,0,0,0,0,0,0,0,0,0,239682
1,1,1,1,786,1427,-146,-9,27,-3,-4,73,154,0,0,0,0,0,0,0,0,0,0,0,0,0,0,0,0,0,0,0,0,0,0,239692
1,1,1,1,780,1426,-123,-13,25,-2,-5,74,157,0,0,0,0,0,0,0,0,0,0,0,0,0,0,0,0,0,0,0,0,0,0,239702
1,1,1,1,788,1418,-125,-27,32,-9,-5,74,158,0,0,0,0,0,0,0,0,0,0,0,0,0,0,0,0,0,0,0,0,0,0,239712
1,1,1,1,793,1417,-182,-26,45,-5,-6,77,155,0,0,0,0,0,0,0,0,0,0,0,0,0,0,0,0,0,0,0,0,0,0,239722
1,1,1,1,787,1420,-178,-57,33,-12,-4,75,155,0,0,0,0,0,0,0,0,0,0,0,0,0,0,0,0,0,0,0,0,0,0,239732
1,1,1,1,754,1433,-187,-84,31,-24,-5,78,150,0,0,0,0,0,0,0,0,0,0,0,0,0,0,0,0,0,0,0,0,0,0,239742
1,1,1,1,707,1452,-162,-111,19,-32,-2,74,145,0,0,0,0,0,0,0,0,0,0,0,0,0,0,0,0,0,0,0,0,0,0,239752
1,1,1,1,650,1475,-101,-129,7,-40,-1,74,142,0,0,0,0,0,0,0,0,0,0,0,0,0,0,0,0,0,0,0,0,0,0,239762
1,1,1,1,644,1456,-81,-138,18,-62,0,73,137,0,0,0,0,0,0,0,0,0,0,0,0,0,0,0,0,0,0,0,0,0,0,239772
1,1,1,1,646,1413,-98,-118,69,-83,0,72,124,0,0,0,0,0,0,0,0,0,0,0,0,0,0,0,0,0,0,0,0,0,0,239782
1,1,1,1,619,1378,-120,-62,109,-104,6,66,109,0,0,0,0,0,0,0,0,0,0,0,0,0,0,0,0,0,0,0,0,0,0,239792
1,1,1,1,581,1374,-111,-96,150,-165,8,65,92,0,0,0,0,0,0,0,0,0,0,0,0,0,0,0,0,0,0,0,0,0,0,239802
1,1,1,1,434,1473,12,-96,179,-160,13,60,79,0,0,0,0,0,0,0,0,0,0,0,0,0,0,0,0,0,0,0,0,0,0,239812
1,1,1,1,347,1476,99,-154,353,-253,16,55,66,0,0,0,0,0,0,0,0,0,0,0,0,0,0,0,0,0,0,0,0,0,0,239822
1,1,1,1,350,1596,50,-77,646,-265,20,53,51,0,0,0,0,0,0,0,0,0,0,0,0,0,0,0,0,0,0,0,0,0,0,239832
1,1,1,1,362,1622,5,37,827,-121,21,50,43,0,0,0,0,0,0,0,0,0,0,0,0,0,0,0,0,0,0,0,0,0,0,239842
1,1,1,1,365,1545,-53,84,976,75,22,47,38,0,0,0,0,0,0,0,0,0,0,0,0,0,0,0,0,0,0,0,0,0,0,239852
1,1,1,1,498,1543,-247,91,1189,231,24,44,32,0,0,0,0,0,0,0,0,0,0,0,0,0,0,0,0,0,0,0,0,0,0,239862
1,1,1,1,549,1652,-298,236,1461,490,24,41,31,0,0,0,0,0,0,0,0,0,0,0,0,0,0,0,0,0,0,0,0,0,0,239872
1,1,1,1,557,1555,-225,360,1644,709,27,40,28,0,0,0,0,0,0,0,0,0,0,0,0,0,0,0,0,0,0,0,0,0,0,239882
1,1,1,1,690,1469,-159,506,1711,819,28,40,27,0,0,0,0,0,0,0,0,0,0,0,0,0,0,0,0,0,0,0,0,0,0,239892
1,1,1,1,761,1534,-68,696,1711,961,26,41,25,0,0,0,0,0,0,0,0,0,0,0,0,0,0,0,0,0,0,0,0,0,0,239902
1,1,1,1,808,1509,-36,812,1652,1088,27,41,24,0,0,0,0,0,0,0,0,0,0,0,0,0,0,0,0,0,0,0,0,0,0,239912
1,1,1,1,904,1553,-29,832,1504,1185,26,41,26,0,0,0,0,0,0,0,0,0,0,0,0,0,0,0,0,0,0,0,0,0,0,239922
1,1,1,1,973,1433,-55,703,1263,1181,25,40,22,0,0,0,0,0,0,0,0,0,0,0,0,0,0,0,0,0,0,0,0,0,0,239932
1,1,1,1,1211,1152,-228,593,1122,1017,25,39,26,0,0,0,0,0,0,0,0,0,0,0,0,0,0,0,0,0,0,0,0,0,0,239942
1,1,1,1,1499,1146,-358,652,1233,824,23,38,25,0,0,0,0,0,0,0,0,0,0,0,0,0,0,0,0,0,0,0,0,0,0,239952
1,1,1,1,1578,1211,-346,720,1435,729,25,38,24,0,0,0,0,0,0,0,0,0,0,0,0,0,0,0,0,0,0,0,0,0,0,239962
1,1,1,1,1581,1300,-316,716,1521,721,26,38,24,0,0,0,0,0,0,0,0,0,0,0,0,0,0,0,0,0,0,0,0,0,0,239972
1,1,1,1,1539,1359,-203,678,1414,728,29,42,23,0,0,0,0,0,0,0,0,0,0,0,0,0,0,0,0,0,0,0,0,0,0,239982
1,1,1,1,1455,1197,20,471,1181,574,28,44,26,0,0,0,0,0,0,0,0,0,0,0,0,0,0,0,0,0,0,0,0,0,0,239992
1,1,1,1,1449,1185,-35,169,999,336,27,46,31,0,0,0,0,0,0,0,0,0,0,0,0,0,0,0,0,0,0,0,0,0,0,240002
1,1,1,1,1494,1128,-146,72,858,212,29,46,29,0,0,0,0,0,0,0,0,0,0,0,0,0,0,0,0,0,0,0,0,0,0,240012
1,1,1,1,1319,1104,8,-207,571,16,30,46,26,0,0,0,0,0,0,0,0,0,0,0,0,0,0,0,0,0,0,0,0,0,0,240022
1,1,1,1,1192,1251,13,-277,435,-16,28,47,30,0,0,0,0,0,0,0,0,0,0,0,0,0,0,0,0,0,0,0,0,0,0,240032
1,1,1,1,1184,1204,-8,-266,518,-61,27,43,26,0,0,0,0,0,0,0,0,0,0,0,0,0,0,0,0,0,0,0,0,0,0,240042
1,1,1,1,1112,1344,-42,-129,680,114,27,42,22,0,0,0,0,0,0,0,0,0,0,0,0,0,0,0,0,0,0,0,0,0,0,240052
1,1,1,1,942,1363,28,6,729,309,24,45,23,0,0,0,0,0,0,0,0,0,0,0,0,0,0,0,0,0,0,0,0,0,0,240062
1,1,1,1,865,1347,21,-97,756,371,27,43,23,0,0,0,0,0,0,0,0,0,0,0,0,0,0,0,0,0,0,0,0,0,0,240072
1,1,1,1,838,1321,-27,-253,842,305,29,40,19,0,0,0,0,0,0,0,0,0,0,0,0,0,0,0,0,0,0,0,0,0,0,240082
1,1,1,1,875,1289,-31,-249,947,333,31,42,17,0,0,0,0,0,0,0,0,0,0,0,0,0,0,0,0,0,0,0,0,0,0,240092
1,1,1,1,814,1322,76,-205,974,427,31,47,26,0,0,0,0,0,0,0,0,0,0,0,0,0,0,0,0,0,0,0,0,0,0,240102
1,1,1,1,727,1333,189,-254,967,456,34,48,22,0,0,0,0,0,0,0,0,0,0,0,0,0,0,0,0,0,0,0,0,0,0,240112
1,1,1,1,783,1287,207,-360,931,411,33,53,24,0,0,0,0,0,0,0,0,0,0,0,0,0,0,0,0,0,0,0,0,0,0,240122
1,1,1,1,802,1253,196,-379,875,468,36,51,20,0,0,0,0,0,0,0,0,0,0,0,0,0,0,0,0,0,0,0,0,0,0,240132
1,1,1,1,769,1235,207,-337,826,498,37,51,24,0,0,0,0,0,0,0,0,0,0,0,0,0,0,0,0,0,0,0,0,0,0,240142
1,1,1,1,771,1288,241,-396,790,425,37,51,22,0,0,0,0,0,0,0,0,0,0,0,0,0,0,0,0,0,0,0,0,0,0,240152
1,1,1,1,759,1286,185,-443,710,382,37,51,19,0,0,0,0,0,0,0,0,0,0,0,0,0,0,0,0,0,0,0,0,0,0,240162
1,1,1,1,790,1321,186,-401,629,408,36,50,19,0,0,0,0,0,0,0,0,0,0,0,0,0,0,0,0,0,0,0,0,0,0,240172
1,1,1,1,799,1350,170,-396,598,438,33,51,22,0,0,0,0,0,0,0,0,0,0,0,0,0,0,0,0,0,0,0,0,0,0,240182
1,1,1,1,838,1385,89,-505,578,480,33,52,23,0,0,0,0,0,0,0,0,0,0,0,0,0,0,0,0,0,0,0,0,0,0,240192
1,1,1,1,862,1344,53,-683,546,485,36,54,30,0,0,0,0,0,0,0,0,0,0,0,0,0,0,0,0,0,0,0,0,0,0,240202
1,1,1,1,893,1271,78,-807,520,431,37,55,27,0,0,0,0,0,0,0,0,0,0,0,0,0,0,0,0,0,0,0,0,0,0,240212
1,1,1,1,899,1273,182,-746,519,406,38,58,29,0,0,0,0,0,0,0,0,0,0,0,0,0,0,0,0,0,0,0,0,0,0,240222
1,1,1,1,870,1258,306,-597,481,436,40,61,32,0,0,0,0,0,0,0,0,0,0,0,0,0,0,0,0,0,0,0,0,0,0,240232
1,1,1,1,852,1251,406,-412,407,480,39,62,39,0,0,0,0,0,0,0,0,0,0,0,0,0,0,0,0,0,0,0,0,0,0,240242
1,1,1,1,879,1216,436,-264,348,478,39,61,42,0,0,0,0,0,0,0,0,0,0,0,0,0,0,0,0,0,0,0,0,0,0,240252
1,1,1,1,941,1163,426,-99,354,470,39,62,50,0,0,0,0,0,0,0,0,0,0,0,0,0,0,0,0,0,0,0,0,0,0,240262
1,1,1,1,946,1101,449,142,369,428,39,62,53,0,0,0,0,0,0,0,0,0,0,0,0,0,0,0,0,0,0,0,0,0,0,240272
1,1,1,1,930,1069,503,414,328,419,38,62,59,0,0,0,0,0,0,0,0,0,0,0,0,0,0,0,0,0,0,0,0,0,0,240282
1,1,1,1,917,1102,503,740,340,405,36,63,64,0,0,0,0,0,0,0,0,0,0,0,0,0,0,0,0,0,0,0,0,0,0,240292
1,1,1,1,942,1118,324,875,337,369,32,63,70,0,0,0,0,0,0,0,0,0,0,0,0,0,0,0,0,0,0,0,0,0,0,240302
1,1,1,1,979,1205,92,869,303,345,27,64,77,0,0,0,0,0,0,0,0,0,0,0,0,0,0,0,0,0,0,0,0,0,0,240312
1,1,1,1,935,1304,37,714,261,317,27,63,77,0,0,0,0,0,0,0,0,0,0,0,0,0,0,0,0,0,0,0,0,0,0,240322
1,1,1,1,930,1347,65,572,275,326,25,65,80,0,0,0,0,0,0,0,0,0,0,0,0,0,0,0,0,0,0,0,0,0,0,240332
1,1,1,1,916,1332,115,562,294,369,24,66,83,0,0,0,0,0,0,0,0,0,0,0,0,0,0,0,0,0,0,0,0,0,0,240342
1,1,1,1,936,1314,181,514,308,340,23,68,85,0,0,0,0,0,0,0,0,0,0,0,0,0,0,0,0,0,0,0,0,0,0,240352
1,1,1,1,931,1304,148,447,253,291,20,68,89,0,0,0,0,0,0,0,0,0,0,0,0,0,0,0,0,0,0,0,0,0,0,240362
1,1,1,1,966,1341,118,351,158,256,20,65,93,0,0,0,0,0,0,0,0,0,0,0,0,0,0,0,0,0,0,0,0,0,0,240372
1,1,1,1,1001,1338,89,293,126,210,20,69,93,0,0,0,0,0,0,0,0,0,0,0,0,0,0,0,0,0,0,0,0,0,0,240382
1,1,1,1,1024,1356,106,251,80,178,18,68,101,0,0,0,0,0,0,0,0,0,0,0,0,0,0,0,0,0,0,0,0,0,0,240392
1,1,1,1,1085,1329,73,212,84,153,18,70,106,0,0,0,0,0,0,0,0,0,0,0,0,0,0,0,0,0,0,0,0,0,0,240402
1,1,1,1,1094,1328,19,128,55,119,15,70,109,0,0,0,0,0,0,0,0,0,0,0,0,0,0,0,0,0,0,0,0,0,0,240412
1,1,1,1,1103,1338,-20,-30,0,59,13,71,115,0,0,0,0,0,0,0,0,0,0,0,0,0,0,0,0,0,0,0,0,0,0,240422
1,1,1,1,1114,1351,-9,-176,-51,25,14,72,116,0,0,0,0,0,0,0,0,0,0,0,0,0,0,0,0,0,0,0,0,0,0,240432
1,1,1,1,1126,1334,22,-222,-69,35,11,73,119,0,0,0,0,0,0,0,0,0,0,0,0,0,0,0,0,0,0,0,0,0,0,240442
1,1,1,1,1123,1296,90,-172,-76,88,10,74,119,0,0,0,0,0,0,0,0,0,0,0,0,0,0,0,0,0,0,0,0,0,0,240452
1,1,1,1,1140,1237,114,-160,-29,80,10,75,121,0,0,0,0,0,0,0,0,0,0,0,0,0,0,0,0,0,0,0,0,0,0,240462
1,1,1,1,1087,1243,76,-228,-63,81,10,74,120,0,0,0,0,0,0,0,0,0,0,0,0,0,0,0,0,0,0,0,0,0,0,240472
1,1,1,1,1068,1257,83,-363,-142,76,10,75,123,0,0,0,0,0,0,0,0,0,0,0,0,0,0,0,0,0,0,0,0,0,0,240482
1,1,1,1,1123,1166,143,-435,-143,56,11,76,128,0,0,0,0,0,0,0,0,0,0,0,0,0,0,0,0,0,0,0,0,0,0,240492
1,1,1,1,1112,1100,249,-401,-153,18,13,76,127,0,0,0,0,0,0,0,0,0,0,0,0,0,0,0,0,0,0,0,0,0,0,240502
1,1,1,1,1119,1082,326,-245,-157,-1,12,75,129,0,0,0,0,0,0,0,0,0,0,0,0,0,0,0,0,0,0,0,0,0,0,240512
1,1,1,1,1101,1101,366,-51,-146,-7,10,76,135,0,0,0,0,0,0,0,0,0,0,0,0,0,0,0,0,0,0,0,0,0,0,240522
1,1,1,1,1075,1125,362,88,-113,-14,6,78,143,0,0,0,0,0,0,0,0,0,0,0,0,0,0,0,0,0,0,0,0,0,0,240532
1,1,1,1,1084,1152,273,137,-107,-25,3,79,151,0,0,0,0,0,0,0,0,0,0,0,0,0,0,0,0,0,0,0,0,0,0,240542
1,1,1,1,1058,1188,232,177,-92,-32,0,79,154,0,0,0,0,0,0,0,0,0,0,0,0,0,0,0,0,0,0,0,0,0,0,240552
1,1,1,1,1049,1188,200,203,-91,-45,-2,79,159,0,0,0,0,0,0,0,0,0,0,0,0,0,0,0,0,0,0,0,0,0,0,240562
1,1,1,1,1030,1172,143,136,-137,-115,-7,79,161,0,0,0,0,0,0,0,0,0,0,0,0,0,0,0,0,0,0,0,0,0,0,240572
1,1,1,1,981,1199,134,-45,-259,-230,-7,80,162,0,0,0,0,0,0,0,0,0,0,0,0,0,0,0,0,0,0,0,0,0,0,240582
1,1,1,1,964,1271,87,-235,-368,-296,-8,79,163,0,0,0,0,0,0,0,0,0,0,0,0,0,0,0,0,0,0,0,0,0,0,240592
1,1,1,1,1009,1287,39,-302,-400,-300,-9,79,163,0,0,0,0,0,0,0,0,0,0,0,0,0,0,0,0,0,0,0,0,0,0,240602
1,1,1,1,1034,1288,105,-295,-383,-277,-9,78,164,0,0,0,0,0,0,0,0,0,0,0,0,0,0,0,0,0,0,0,0,0,0,240612
1,1,1,1,1049,1244,172,-248,-385,-263,-13,79,166,0,0,0,0,0,0,0,0,0,0,0,0,0,0,0,0,0,0,0,0,0,0,240622
1,1,1,1,1073,1215,205,-223,-388,-275,-13,80,166,0,0,0,0,0,0,0,0,0,0,0,0,0,0,0,0,0,0,0,0,0,0,240632
1,1,1,1,1099,1220,200,-190,-394,-278,-10,78,166,0,0,0,0,0,0,0,0,0,0,0,0,0,0,0,0,0,0,0,0,0,0,240642
1,1,1,1,1113,1207,233,-173,-441,-296,-11,75,166,0,0,0,0,0,0,0,0,0,0,0,0,0,0,0,0,0,0,0,0,0,0,240652
1,1,1,1,1149,1180,190,-149,-455,-309,-17,81,172,0,0,0,0,0,0,0,0,0,0,0,0,0,0,0,0,0,0,0,0,0,0,240662
1,1,1,1,1155,1250,63,-4,-273,-156,-18,81,168,0,0,0,0,0,0,0,0,0,0,0,0,0,0,0,0,0,0,0,0,0,0,240682
1,1,1,1,1113,1242,72,-9,-218,-114,-16,81,169,0,0,0,0,0,0,0,0,0,0,0,0,0,0,0,0,0,0,0,0,0,0,240692
1,1,1,1,1060,1255,124,-57,-214,-113,-12,80,167,0,0,0,0,0,0,0,0,0,0,0,0,0,0,0,0,0,0,0,0,0,0,240702
1,1,1,1,1059,1245,137,-85,-201,-103,-10,80,166,0,0,0,0,0,0,0,0,0,0,0,0,0,0,0,0,0,0,0,0,0,0,240712
1,1,1,1,1059,1256,138,-58,-139,-65,-9,80,166,0,0,0,0,0,0,0,0,0,0,0,0,0,0,0,0,0,0,0,0,0,0,240722
1,1,1,1,1026,1248,168,-68,-108,-50,-7,81,163,0,0,0,0,0,0,0,0,0,0,0,0,0,0,0,0,0,0,0,0,0,0,240732
1,1,1,1,1003,1247,178,-81,-86,-43,-7,80,164,0,0,0,0,0,0,0,0,0,0,0,0,0,0,0,0,0,0,0,0,0,0,240742
1,1,1,1,989,1248,179,-83,-69,-41,-7,81,165,0,0,0,0,0,0,0,0,0,0,0,0,0,0,0,0,0,0,0,0,0,0,240752
1,1,1,1,965,1271,142,-104,-52,-29,-8,81,162,0,0,0,0,0,0,0,0,0,0,0,0,0,0,0,0,0,0,0,0,0,0,240762
1,1,1,1,940,1325,125,-175,-34,-24,-7,80,161,0,0,0,0,0,0,0,0,0,0,0,0,0,0,0,0,0,0,0,0,0,0,240772
1,1,1,1,959,1316,130,-246,-46,-26,-8,81,163,0,0,0,0,0,0,0,0,0,0,0,0,0,0,0,0,0,0,0,0,0,0,240782
1,1,1,1,1017,1288,139,-289,-46,-30,-6,81,162,0,0,0,0,0,0,0,0,0,0,0,0,0,0,0,0,0,0,0,0,0,0,240792
1,1,1,1,1057,1276,154,-289,-34,-21,-4,81,162,0,0,0,0,0,0,0,0,0,0,0,0,0,0,0,0,0,0,0,0,0,0,240802
1,1,1,1,1067,1274,178,-224,2,4,-7,82,160,0,0,0,0,0,0,0,0,0,0,0,0,0,0,0,0,0,0,0,0,0,0,240812
1,1,1,1,1074,1263,177,-173,41,21,-4,82,158,0,0,0,0,0,0,0,0,0,0,0,0,0,0,0,0,0,0,0,0,0,0,240822
1,1,1,1,1065,1276,150,-201,45,16,-5,83,160,0,0,0,0,0,0,0,0,0,0,0,0,0,0,0,0,0,0,0,0,0,0,240832
1,1,1,1,1055,1279,127,-263,32,2,-2,84,160,0,0,0,0,0,0,0,0,0,0,0,0,0,0,0,0,0,0,0,0,0,0,240842
1,1,1,1,1064,1276,115,-319,28,-5,-1,86,163,0,0,0,0,0,0,0,0,0,0,0,0,0,0,0,0,0,0,0,0,0,0,240852
1,1,1,1,1045,1259,150,-365,17,-9,-1,88,164,0,0,0,0,0,0,0,0,0,0,0,0,0,0,0,0,0,0,0,0,0,0,240862
1,1,1,1,1045,1211,219,-336,3,-18,0,88,164,0,0,0,0,0,0,0,0,0,0,0,0,0,0,0,0,0,0,0,0,0,0,240872
1,1,1,1,1018,1156,347,-115,3,-10,4,90,167,0,0,0,0,0,0,0,0,0,0,0,0,0,0,0,0,0,0,0,0,0,0,240892
1,1,1,1,1012,1146,355,-41,5,-4,5,90,170,0,0,0,0,0,0,0,0,0,0,0,0,0,0,0,0,0,0,0,0,0,0,240902
1,1,1,1,1000,1128,330,22,10,-9,3,92,168,0,0,0,0,0,0,0,0,0,0,0,0,0,0,0,0,0,0,0,0,0,0,240912
1,1,1,1,991,1152,297,65,8,-2,3,91,170,0,0,0,0,0,0,0,0,0,0,0,0,0,0,0,0,0,0,0,0,0,0,240922
1,1,1,1,1004,1171,229,86,30,25,2,91,170,0,0,0,0,0,0,0,0,0,0,0,0,0,0,0,0,0,0,0,0,0,0,240932
1,1,1,1,1016,1190,177,47,31,45,1,93,170,0,0,0,0,0,0,0,0,0,0,0,0,0,0,0,0,0,0,0,0,0,0,240942
1,1,1,1,1017,1205,186,-22,16,45,1,95,172,0,0,0,0,0,0,0,0,0,0,0,0,0,0,0,0,0,0,0,0,0,0,240952
1,1,1,1,1033,1185,225,-90,0,37,6,87,170,0,0,0,0,0,0,0,0,0,0,0,0,0,0,0,0,0,0,0,0,0,0,240962
1,1,1,1,1052,1165,252,-102,-2,32,3,94,174,0,0,0,0,0,0,0,0,0,0,0,0,0,0,0,0,0,0,0,0,0,0,240972
1,1,1,1,1041,1159,290,-75,-1,25,5,96,174,0,0,0,0,0,0,0,0,0,0,0,0,0,0,0,0,0,0,0,0,0,0,240982
1,1,1,1,1037,1174,315,-13,-5,24,4,97,176,0,0,0,0,0,0,0,0,0,0,0,0,0,0,0,0,0,0,0,0,0,0,240992
1,1,1,1,1041,1177,294,82,5,44,5,92,174,0,0,0,0,0,0,0,0,0,0,0,0,0,0,0,0,0,0,0,0,0,0,241002
1,1,1,1,1034,1176,282,140,20,51,4,97,176,0,0,0,0,0,0,0,0,0,0,0,0,0,0,0,0,0,0,0,0,0,0,241012
1,1,1,1,1024,1184,261,133,11,49,4,97,175,0,0,0,0,0,0,0,0,0,0,0,0,0,0,0,0,0,0,0,0,0,0,241022
1,1,1,1,1012,1212,221,112,9,53,4,95,177,0,0,0,0,0,0,0,0,0,0,0,0,0,0,0,0,0,0,0,0,0,0,241032
1,1,1,1,1007,1230,208,75,10,48,4,94,177,0,0,0,0,0,0,0,0,0,0,0,0,0,0,0,0,0,0,0,0,0,0,241042
1,1,1,1,1023,1231,205,59,5,47,3,95,177,0,0,0,0,0,0,0,0,0,0,0,0,0,0,0,0,0,0,0,0,0,0,241052
1,1,1,1,1046,1220,214,47,-3,45,3,95,177,0,0,0,0,0,0,0,0,0,0,0,0,0,0,0,0,0,0,0,0,0,0,241062
1,1,1,1,1070,1215,219,63,1,50,2,95,179,0,0,0,0,0,0,0,0,0,0,0,0,0,0,0,0,0,0,0,0,0,0,241072
1,1,1,1,1080,1213,224,70,7,50,3,94,177,0,0,0,0,0,0,0,0,0,0,0,0,0,0,0,0,0,0,0,0,0,0,241082
1,1,1,1,1082,1218,220,82,3,42,4,94,175,0,0,0,0,0,0,0,0,0,0,0,0,0,0,0,0,0,0,0,0,0,0,241092
1,1,1,1,1085,1228,207,101,8,39,3,94,177,0,0,0,0,0,0,0,0,0,0,0,0,0,0,0,0,0,0,0,0,0,0,241102
1,1,1,1,1072,1244,200,112,-1,35,3,94,175,0,0,0,0,0,0,0,0,0,0,0,0,0,0,0,0,0,0,0,0,0,0,241112
1,1,1,1,1060,1235,204,121,-2,35,3,95,177,0,0,0,0,0,0,0,0,0,0,0,0,0,0,0,0,0,0,0,0,0,0,241122
1,1,1,1,1057,1221,207,135,7,36,3,93,175,0,0,0,0,0,0,0,0,0,0,0,0,0,0,0,0,0,0,0,0,0,0,241132
1,1,1,1,1040,1222,189,127,-5,36,0,94,178,0,0,0,0,0,0,0,0,0,0,0,0,0,0,0,0,0,0,0,0,0,0,241142
1,1,1,1,1025,1252,173,63,-28,33,1,94,178,0,0,0,0,0,0,0,0,0,0,0,0,0,0,0,0,0,0,0,0,0,0,241152
1,1,1,1,1052,1252,160,28,-37,28,0,94,175,0,0,0,0,0,0,0,0,0,0,0,0,0,0,0,0,0,0,0,0,0,0,241162
1,1,1,1,1058,1226,181,20,-48,19,1,95,176,0,0,0,0,0,0,0,0,0,0,0,0,0,0,0,0,0,0,0,0,0,0,241172
1,1,1,1,1056,1239,200,4,-57,8,2,94,176,0,0,0,0,0,0,0,0,0,0,0,0,0,0,0,0,0,0,0,0,0,0,241182
1,1,1,1,1051,1247,185,-11,-64,0,-1,95,175,0,0,0,0,0,0,0,0,0,0,0,0,0,0,0,0,0,0,0,0,0,0,241192
1,1,1,1,1060,1220,193,-20,-66,-8,3,94,176,0,0,0,0,0,0,0,0,0,0,0,0,0,0,0,0,0,0,0,0,0,0,241202
1,1,1,1,1059,1204,217,-4,-68,-5,2,95,175,0,0,0,0,0,0,0,0,0,0,0,0,0,0,0,0,0,0,0,0,0,0,241212
1,1,1,1,1044,1195,246,33,-58,-1,2,94,178,0,0,0,0,0,0,0,0,0,0,0,0,0,0,0,0,0,0,0,0,0,0,241222
1,1,1,1,1034,1202,233,73,-34,9,0,94,178,0,0,0,0,0,0,0,0,0,0,0,0,0,0,0,0,0,0,0,0,0,0,241232
1,1,1,1,1035,1201,206,91,-24,9,3,91,177,0,0,0,0,0,0,0,0,0,0,0,0,0,0,0,0,0,0,0,0,0,0,241242
1,1,1,1,1023,1220,185,56,-30,-4,1,92,177,0,0,0,0,0,0,0,0,0,0,0,0,0,0,0,0,0,0,0,0,0,0,241252
1,1,1,1,1020,1226,173,23,-38,-7,1,92,176,0,0,0,0,0,0,0,0,0,0,0,0,0,0,0,0,0,0,0,0,0,0,241262
1,1,1,1,1029,1227,154,-7,-38,-12,0,92,180,0,0,0,0,0,0,0,0,0,0,0,0,0,0,0,0,0,0,0,0,0,0,241272
1,1,1,1,1036,1234,162,-35,-30,-21,-1,96,177,0,0,0,0,0,0,0,0,0,0,0,0,0,0,0,0,0,0,0,0,0,0,241282
1,1,1,1,1039,1222,195,-50,-26,-33,-2,94,183,0,0,0,0,0,0,0,0,0,0,0,0,0,0,0,0,0,0,0,0,0,0,241292
1,1,1,1,1039,1217,212,-33,-18,-33,-2,95,183,0,0,0,0,0,0,0,0,0,0,0,0,0,0,0,0,0,0,0,0,0,0,241302
1,1,1,1,1026,1210,229,6,-9,-17,1,93,179,0,0,0,0,0,0,0,0,0,0,0,0,0,0,0,0,0,0,0,0,0,0,241312
1,1,1,1,1034,1209,228,47,-2,0,-1,96,181,0,0,0,0,0,0,0,0,0,0,0,0,0,0,0,0,0,0,0,0,0,0,241322
1,1,1,1,1033,1219,218,54,3,6,2,93,180,0,0,0,0,0,0,0,0,0,0,0,0,0,0,0,0,0,0,0,0,0,0,241332
1,1,1,1,1042,1228,190,61,17,15,2,94,180,0,0,0,0,0,0,0,0,0,0,0,0,0,0,0,0,0,0,0,0,0,0,241342
1,1,1,1,1047,1232,152,59,13,13,1,94,180,0,0,0,0,0,0,0,0,0,0,0,0,0,0,0,0,0,0,0,0,0,0,241352
1,1,1,1,1035,1257,150,10,-5,1,1,94,183,0,0,0,0,0,0,0,0,0,0,0,0,0,0,0,0,0,0,0,0,0,0,241362
1,1,1,1,1041,1251,153,-42,-18,-13,-1,95,182,0,0,0,0,0,0,0,0,0,0,0,0,0,0,0,0,0,0,0,0,0,0,241372
1,1,1,1,1047,1250,172,-47,-19,-14,-1,95,182,0,0,0,0,0,0,0,0,0,0,0,0,0,0,0,0,0,0,0,0,0,0,241382
1,1,1,1,1039,1229,209,-45,-25,-10,-1,94,181,0,0,0,0,0,0,0,0,0,0,0,0,0,0,0,0,0,0,0,0,0,0,241392
1,1,1,1,1046,1221,205,-26,-20,-6,1,94,182,0,0,0,0,0,0,0,0,0,0,0,0,0,0,0,0,0,0,0,0,0,0,241402
1,1,1,1,1054,1220,207,-11,-13,-3,-1,95,180,0,0,0,0,0,0,0,0,0,0,0,0,0,0,0,0,0,0,0,0,0,0,241412
1,1,1,1,1062,1228,200,-6,-24,-8,0,95,182,0,0,0,0,0,0,0,0,0,0,0,0,0,0,0,0,0,0,0,0,0,0,241422
1,1,1,1,1074,1223,180,2,-20,-15,-2,95,183,0,0,0,0,0,0,0,0,0,0,0,0,0,0,0,0,0,0,0,0,0,0,241432
1,1,1,1,1085,1219,159,7,-13,-9,-2,95,181,0,0,0,0,0,0,0,0,0,0,0,0,0,0,0,0,0,0,0,0,0,0,241442
1,1,1,1,1075,1214,170,-3,-9,-11,-2,95,182,0,0,0,0,0,0,0,0,0,0,0,0,0,0,0,0,0,0,0,0,0,0,241452
1,1,1,1,1059,1216,175,-26,-15,-15,-2,96,181,0,0,0,0,0,0,0,0,0,0,0,0,0,0,0,0,0,0,0,0,0,0,241462
1,1,1,1,1048,1224,172,-56,-24,-13,-3,95,180,0,0,0,0,0,0,0,0,0,0,0,0,0,0,0,0,0,0,0,0,0,0,241472
1,1,1,1,1045,1216,185,-70,-16,-10,-1,96,182,0,0,0,0,0,0,0,0,0,0,0,0,0,0,0,0,0,0,0,0,0,0,241482
1,1,1,1,1039,1216,207,-60,-14,-8,1,95,182,0,0,0,0,0,0,0,0,0,0,0,0,0,0,0,0,0,0,0,0,0,0,241492
1,1,1,1,1042,1205,217,-30,-13,2,2,94,181,0,0,0,0,0,0,0,0,0,0,0,0,0,0,0,0,0,0,0,0,0,0,241502
1,1,1,1,1046,1210,214,-11,-6,3,2,95,180,0,0,0,0,0,0,0,0,0,0,0,0,0,0,0,0,0,0,0,0,0,0,241512
1,1,1,1,1051,1216,198,-7,-3,1,2,94,180,0,0,0,0,0,0,0,0,0,0,0,0,0,0,0,0,0,0,0,0,0,0,241522
1,1,1,1,1037,1228,202,-33,-13,-3,0,95,181,0,0,0,0,0,0,0,0,0,0,0,0,0,0,0,0,0,0,0,0,0,0,241532
1,1,1,1,1036,1234,207,-53,-17,-3,1,96,182,0,0,0,0,0,0,0,0,0,0,0,0,0,0,0,0,0,0,0,0,0,0,241542
1,1,1,1,1041,1218,201,-35,-10,6,-1,94,184,0,0,0,0,0,0,0,0,0,0,0,0,0,0,0,0,0,0,0,0,0,0,241552
1,1,1,1,1032,1215,210,-27,-20,8,-1,97,182,0,0,0,0,0,0,0,0,0,0,0,0,0,0,0,0,0,0,0,0,0,0,241562
1,1,1,1,1038,1226,200,-22,-13,10,-2,98,183,0,0,0,0,0,0,0,0,0,0,0,0,0,0,0,0,0,0,0,0,0,0,241572
1,1,1,1,1033,1224,194,-25,-20,11,-2,95,184,0,0,0,0,0,0,0,0,0,0,0,0,0,0,0,0,0,0,0,0,0,0,241582
1,1,1,1,1032,1218,199,-37,-32,10,0,95,183,0,0,0,0,0,0,0,0,0,0,0,0,0,0,0,0,0,0,0,0,0,0,241592
1,1,1,1,1031,1236,201,-45,-31,11,-1,95,183,0,0,0,0,0,0,0,0,0,0,0,0,0,0,0,0,0,0,0,0,0,0,241602
1,1,1,1,1026,1235,211,-59,-40,15,1,94,183,0,0,0,0,0,0,0,0,0,0,0,0,0,0,0,0,0,0,0,0,0,0,241612
1,1,1,1,1041,1220,214,-51,-37,22,3,94,182,0,0,0,0,0,0,0,0,0,0,0,0,0,0,0,0,0,0,0,0,0,0,241622
1,1,1,1,1041,1212,224,-31,-40,29,6,93,178,0,0,0,0,0,0,0,0,0,0,0,0,0,0,0,0,0,0,0,0,0,0,241632
1,1,1,1,1023,1230,222,1,-35,45,6,92,182,0,0,0,0,0,0,0,0,0,0,0,0,0,0,0,0,0,0,0,0,0,0,241642
1,1,1,1,1019,1228,225,6,-41,48,0,96,183,0,0,0,0,0,0,0,0,0,0,0,0,0,0,0,0,0,0,0,0,0,0,241652
1,1,1,1,1027,1235,213,5,-42,51,1,95,184,0,0,0,0,0,0,0,0,0,0,0,0,0,0,0,0,0,0,0,0,0,0,241662
1,1,1,1,1059,1222,184,15,-28,58,1,96,183,0,0,0,0,0,0,0,0,0,0,0,0,0,0,0,0,0,0,0,0,0,0,241672
1,1,1,1,1089,1213,159,13,-23,57,2,96,185,0,0,0,0,0,0,0,0,0,0,0,0,0,0,0,0,0,0,0,0,0,0,241682
1,1,1,1,1101,1210,170,-21,-37,37,2,95,184,0,0,0,0,0,0,0,0,0,0,0,0,0,0,0,0,0,0,0,0,0,0,241692
1,1,1,1,1104,1211,172,-41,-42,19,0,97,182,0,0,0,0,0,0,0,0,0,0,0,0,0,0,0,0,0,0,0,0,0,0,241702
1,1,1,1,1083,1214,194,-64,-43,10,2,96,178,0,0,0,0,0,0,0,0,0,0,0,0,0,0,0,0,0,0,0,0,0,0,241712
1,1,1,1,1065,1228,202,-63,-38,5,5,96,179,0,0,0,0,0,0,0,0,0,0,0,0,0,0,0,0,0,0,0,0,0,0,241722
1,1,1,1,1058,1220,214,-43,-27,4,3,96,179,0,0,0,0,0,0,0,0,0,0,0,0,0,0,0,0,0,0,0,0,0,0,241732
1,1,1,1,1046,1201,222,-10,-32,5,4,95,176,0,0,0,0,0,0,0,0,0,0,0,0,0,0,0,0,0,0,0,0,0,0,241742
1,1,1,1,1038,1203,226,3,-24,2,2,96,179,0,0,0,0,0,0,0,0,0,0,0,0,0,0,0,0,0,0,0,0,0,0,241752
1,1,1,1,1039,1213,206,-15,-26,-3,2,96,182,0,0,0,0,0,0,0,0,0,0,0,0,0,0,0,0,0,0,0,0,0,0,241762
1,1,1,1,1047,1217,183,-48,-34,-12,4,95,181,0,0,0,0,0,0,0,0,0,0,0,0,0,0,0,0,0,0,0,0,0,0,241772
1,1,1,1,1052,1208,179,-60,-29,-14,6,95,182,0,0,0,0,0,0,0,0,0,0,0,0,0,0,0,0,0,0,0,0,0,0,241782
1,1,1,1,1041,1203,214,-57,-34,-21,4,96,180,0,0,0,0,0,0,0,0,0,0,0,0,0,0,0,0,0,0,0,0,0,0,241792
1,1,1,1,1035,1197,224,-42,-32,-20,4,96,179,0,0,0,0,0,0,0,0,0,0,0,0,0,0,0,0,0,0,0,0,0,0,241802
1,1,1,1,1032,1203,220,-27,-22,-12,5,95,181,0,0,0,0,0,0,0,0,0,0,0,0,0,0,0,0,0,0,0,0,0,0,241812
1,1,1,1,1030,1202,223,-25,-19,-9,3,96,179,0,0,0,0,0,0,0,0,0,0,0,0,0,0,0,0,0,0,0,0,0,0,241822
1,1,1,1,1042,1196,224,-25,-17,-17,1,98,181,0,0,0,0,0,0,0,0,0,0,0,0,0,0,0,0,0,0,0,0,0,0,241832
1,1,1,1,1039,1200,225,-35,-19,-17,2,96,179,0,0,0,0,0,0,0,0,0,0,0,0,0,0,0,0,0,0,0,0,0,0,241842
1,1,1,1,1051,1206,222,-31,-19,-14,4,96,179,0,0,0,0,0,0,0,0,0,0,0,0,0,0,0,0,0,0,0,0,0,0,241852
1,1,1,1,1059,1200,217,-19,-12,-11,4,95,179,0,0,0,0,0,0,0,0,0,0,0,0,0,0,0,0,0,0,0,0,0,0,241862
1,1,1,1,1051,1201,218,-22,-15,-11,4,95,181,0,0,0,0,0,0,0,0,0,0,0,0,0,0,0,0,0,0,0,0,0,0,241872
1,1,1,1,1058,1214,216,-12,-10,-2,0,99,182,0,0,0,0,0,0,0,0,0,0,0,0,0,0,0,0,0,0,0,0,0,0,241882
1,1,1,1,1043,1209,209,-3,-16,12,1,98,184,0,0,0,0,0,0,0,0,0,0,0,0,0,0,0,0,0,0,0,0,0,0,241892
1,1,1,1,1029,1208,220,-5,-12,15,2,97,181,0,0,0,0,0,0,0,0,0,0,0,0,0,0,0,0,0,0,0,0,0,0,241902
1,1,1,1,1026,1202,235,-15,-18,18,3,98,182,0,0,0,0,0,0,0,0,0,0,0,0,0,0,0,0,0,0,0,0,0,0,241912
1,1,1,1,1027,1203,235,-12,-11,21,2,97,184,0,0,0,0,0,0,0,0,0,0,0,0,0,0,0,0,0,0,0,0,0,0,241922
1,1,1,1,1035,1202,226,0,-11,27,5,96,183,0,0,0,0,0,0,0,0,0,0,0,0,0,0,0,0,0,0,0,0,0,0,241932
1,1,1,1,1043,1210,218,13,-10,35,3,97,184,0,0,0,0,0,0,0,0,0,0,0,0,0,0,0,0,0,0,0,0,0,0,241942
1,1,1,1,1049,1216,225,27,-2,39,4,97,184,0,0,0,0,0,0,0,0,0,0,0,0,0,0,0,0,0,0,0,0,0,0,241952
1,1,1,1,1063,1201,221,22,-7,35,3,96,183,0,0,0,0,0,0,0,0,0,0,0,0,0,0,0,0,0,0,0,0,0,0,241962
1,1,1,1,1075,1201,204,26,-8,36,1,98,181,0,0,0,0,0,0,0,0,0,0,0,0,0,0,0,0,0,0,0,0,0,0,241972
1,1,1,1,1070,1210,205,27,-5,34,2,97,183,0,0,0,0,0,0,0,0,0,0,0,0,0,0,0,0,0,0,0,0,0,0,241982
1,1,1,1,1065,1218,192,29,-6,36,3,97,183,0,0,0,0,0,0,0,0,0,0,0,0,0,0,0,0,0,0,0,0,0,0,241992
1,1,1,1,1055,1211,204,8,-23,20,0,98,182,0,0,0,0,0,0,0,0,0,0,0,0,0,0,0,0,0,0,0,0,0,0,242002
1,1,1,1,1061,1211,203,3,-26,8,1,98,181,0,0,0,0,0,0,0,0,0,0,0,0,0,0,0,0,0,0,0,0,0,0,242012
1,1,1,1,1062,1217,202,0,-24,4,3,98,184,0,0,0,0,0,0,0,0,0,0,0,0,0,0,0,0,0,0,0,0,0,0,242022
1,1,1,1,1075,1205,191,-19,-27,-12,4,97,179,0,0,0,0,0,0,0,0,0,0,0,0,0,0,0,0,0,0,0,0,0,0,242032
1,1,1,1,1070,1197,202,-19,-27,-17,3,97,181,0,0,0,0,0,0,0,0,0,0,0,0,0,0,0,0,0,0,0,0,0,0,242042
1,1,1,1,1051,1198,220,-11,-24,-16,3,97,181,0,0,0,0,0,0,0,0,0,0,0,0,0,0,0,0,0,0,0,0,0,0,242052
1,1,1,1,1048,1192,224,12,-21,-5,3,97,182,0,0,0,0,0,0,0,0,0,0,0,0,0,0,0,0,0,0,0,0,0,0,242062
1,1,1,1,1046,1196,220,27,-21,3,3,97,179,0,0,0,0,0,0,0,0,0,0,0,0,0,0,0,0,0,0,0,0,0,0,242072
1,1,1,1,1041,1210,207,28,-16,8,2,97,179,0,0,0,0,0,0,0,0,0,0,0,0,0,0,0,0,0,0,0,0,0,0,242082
1,1,1,1,1044,1220,189,20,-22,14,2,97,179,0,0,0,0,0,0,0,0,0,0,0,0,0,0,0,0,0,0,0,0,0,0,242092
1,1,1,1,1051,1223,184,-7,-26,5,4,97,179,0,0,0,0,0,0,0,0,0,0,0,0,0,0,0,0,0,0,0,0,0,0,242102
1,1,1,1,1060,1220,189,-15,-31,2,5,97,177,0,0,0,0,0,0,0,0,0,0,0,0,0,0,0,0,0,0,0,0,0,0,242112
1,1,1,1,1063,1216,197,-13,-31,4,3,97,180,0,0,0,0,0,0,0,0,0,0,0,0,0,0,0,0,0,0,0,0,0,0,242122
1,1,1,1,1058,1218,198,-5,-27,6,2,98,178,0,0,0,0,0,0,0,0,0,0,0,0,0,0,0,0,0,0,0,0,0,0,242132
1,1,1,1,1049,1222,206,-6,-29,9,3,98,179,0,0,0,0,0,0,0,0,0,0,0,0,0,0,0,0,0,0,0,0,0,0,242142
1,1,1,1,1058,1213,191,3,-25,16,2,99,177,0,0,0,0,0,0,0,0,0,0,0,0,0,0,0,0,0,0,0,0,0,0,242152
1,1,1,1,1067,1212,192,12,-31,18,1,100,181,0,0,0,0,0,0,0,0,0,0,0,0,0,0,0,0,0,0,0,0,0,0,242162
1,1,1,1,1069,1225,188,14,-31,18,3,97,177,0,0,0,0,0,0,0,0,0,0,0,0,0,0,0,0,0,0,0,0,0,0,242172
1,1,1,1,1069,1231,184,16,-30,18,1,98,181,0,0,0,0,0,0,0,0,0,0,0,0,0,0,0,0,0,0,0,0,0,0,242182
1,1,1,1,1069,1235,177,9,-28,12,1,98,183,0,0,0,0,0,0,0,0,0,0,0,0,0,0,0,0,0,0,0,0,0,0,242192
1,1,1,1,1068,1228,165,-24,-31,2,2,97,180,0,0,0,0,0,0,0,0,0,0,0,0,0,0,0,0,0,0,0,0,0,0,242202
1,1,1,1,1057,1231,173,-51,-42,-2,3,98,182,0,0,0,0,0,0,0,0,0,0,0,0,0,0,0,0,0,0,0,0,0,0,242212
1,1,1,1,1056,1231,182,-58,-54,-1,3,99,183,0,0,0,0,0,0,0,0,0,0,0,0,0,0,0,0,0,0,0,0,0,0,242222
1,1,1,1,1053,1239,182,-78,-61,-5,4,98,182,0,0,0,0,0,0,0,0,0,0,0,0,0,0,0,0,0,0,0,0,0,0,242232
1,1,1,1,1066,1240,175,-87,-70,-8,4,98,183,0,0,0,0,0,0,0,0,0,0,0,0,0,0,0,0,0,0,0,0,0,0,242242
1,1,1,1,1085,1230,186,-94,-74,-16,5,98,179,0,0,0,0,0,0,0,0,0,0,0,0,0,0,0,0,0,0,0,0,0,0,242252
1,1,1,1,1094,1224,192,-83,-70,-17,3,97,178,0,0,0,0,0,0,0,0,0,0,0,0,0,0,0,0,0,0,0,0,0,0,242262
1,1,1,1,1087,1212,185,-66,-65,-16,2,98,180,0,0,0,0,0,0,0,0,0,0,0,0,0,0,0,0,0,0,0,0,0,0,242272
1,1,1,1,1084,1212,191,-78,-75,-31,1,98,180,0,0,0,0,0,0,0,0,0,0,0,0,0,0,0,0,0,0,0,0,0,0,242282
1,1,1,1,1075,1227,180,-121,-87,-52,2,97,181,0,0,0,0,0,0,0,0,0,0,0,0,0,0,0,0,0,0,0,0,0,0,242292
1,1,1,1,1083,1216,168,-175,-98,-69,3,97,181,0,0,0,0,0,0,0,0,0,0,0,0,0,0,0,0,0,0,0,0,0,0,242302
1,1,1,1,1084,1199,190,-171,-90,-72,4,98,179,0,0,0,0,0,0,0,0,0,0,0,0,0,0,0,0,0,0,0,0,0,0,242312
1,1,1,1,1055,1193,241,-130,-85,-72,6,96,178,0,0,0,0,0,0,0,0,0,0,0,0,0,0,0,0,0,0,0,0,0,0,242322
1,1,1,1,1049,1187,256,-79,-64,-59,4,97,176,0,0,0,0,0,0,0,0,0,0,0,0,0,0,0,0,0,0,0,0,0,0,242332
1,1,1,1,1047,1167,247,-39,-48,-52,4,97,178,0,0,0,0,0,0,0,0,0,0,0,0,0,0,0,0,0,0,0,0,0,0,242342
1,1,1,1,1035,1189,240,-18,-23,-35,2,98,175,0,0,0,0,0,0,0,0,0,0,0,0,0,0,0,0,0,0,0,0,0,0,242352
1,1,1,1,1033,1200,235,-10,-10,-20,0,98,175,0,0,0,0,0,0,0,0,0,0,0,0,0,0,0,0,0,0,0,0,0,0,242362
1,1,1,1,1038,1200,213,-23,-18,-6,-1,97,177,0,0,0,0,0,0,0,0,0,0,0,0,0,0,0,0,0,0,0,0,0,0,242372
1,1,1,1,1052,1196,203,-38,-10,-5,0,97,179,0,0,0,0,0,0,0,0,0,0,0,0,0,0,0,0,0,0,0,0,0,0,242382
1,1,1,1,1060,1195,201,-31,-9,-4,1,97,177,0,0,0,0,0,0,0,0,0,0,0,0,0,0,0,0,0,0,0,0,0,0,242392
1,1,1,1,1048,1206,208,-27,-7,-7,5,97,178,0,0,0,0,0,0,0,0,0,0,0,0,0,0,0,0,0,0,0,0,0,0,242402
1,1,1,1,1040,1220,220,-41,-5,-12,5,98,176,0,0,0,0,0,0,0,0,0,0,0,0,0,0,0,0,0,0,0,0,0,0,242412
1,1,1,1,1041,1214,220,-40,-7,-15,2,97,177,0,0,0,0,0,0,0,0,0,0,0,0,0,0,0,0,0,0,0,0,0,0,242422
1,1,1,1,1042,1212,227,-32,-2,-16,7,97,176,0,0,0,0,0,0,0,0,0,0,0,0,0,0,0,0,0,0,0,0,0,0,242432
1,1,1,1,1042,1209,226,-20,0,-16,7,95,174,0,0,0,0,0,0,0,0,0,0,0,0,0,0,0,0,0,0,0,0,0,0,242442
1,1,1,1,1039,1205,231,-6,2,-14,7,98,179,0,0,0,0,0,0,0,0,0,0,0,0,0,0,0,0,0,0,0,0,0,0,242452
1,1,1,1,1040,1200,230,-3,-9,-14,5,95,179,0,0,0,0,0,0,0,0,0,0,0,0,0,0,0,0,0,0,0,0,0,0,242462
1,1,1,1,1038,1211,218,-5,-6,-13,6,95,177,0,0,0,0,0,0,0,0,0,0,0,0,0,0,0,0,0,0,0,0,0,0,242472
1,1,1,1,1040,1223,197,-18,-3,-7,4,97,176,0,0,0,0,0,0,0,0,0,0,0,0,0,0,0,0,0,0,0,0,0,0,242482
1,1,1,1,1041,1215,206,-26,-9,-13,5,95,173,0,0,0,0,0,0,0,0,0,0,0,0,0,0,0,0,0,0,0,0,0,0,242492
1,1,1,1,1043,1200,226,-30,-15,-24,4,96,177,0,0,0,0,0,0,0,0,0,0,0,0,0,0,0,0,0,0,0,0,0,0,242502
1,1,1,1,1043,1207,228,-27,-21,-22,1,100,178,0,0,0,0,0,0,0,0,0,0,0,0,0,0,0,0,0,0,0,0,0,0,242512
1,1,1,1,1045,1211,227,-23,-21,-21,3,98,177,0,0,0,0,0,0,0,0,0,0,0,0,0,0,0,0,0,0,0,0,0,0,242522
1,1,1,1,1052,1211,217,-22,-26,-26,6,96,180,0,0,0,0,0,0,0,0,0,0,0,0,0,0,0,0,0,0,0,0,0,0,242532
1,1,1,1,1057,1215,215,-44,-19,-26,5,97,178,0,0,0,0,0,0,0,0,0,0,0,0,0,0,0,0,0,0,0,0,0,0,242542
1,1,1,1,1054,1228,199,-75,-33,-30,6,96,180,0,0,0,0,0,0,0,0,0,0,0,0,0,0,0,0,0,0,0,0,0,0,242552
1,1,1,1,1060,1219,198,-91,-32,-32,4,97,181,0,0,0,0,0,0,0,0,0,0,0,0,0,0,0,0,0,0,0,0,0,0,242562
1,1,1,1,1062,1227,199,-122,-33,-40,3,97,179,0,0,0,0,0,0,0,0,0,0,0,0,0,0,0,0,0,0,0,0,0,0,242572
1,1,1,1,1062,1237,197,-160,-44,-48,2,97,182,0,0,0,0,0,0,0,0,0,0,0,0,0,0,0,0,0,0,0,0,0,0,242582
1,1,1,1,1064,1219,221,-167,-44,-54,2,97,179,0,0,0,0,0,0,0,0,0,0,0,0,0,0,0,0,0,0,0,0,0,0,242592
1,1,1,1,1059,1209,241,-137,-44,-48,4,97,179,0,0,0,0,0,0,0,0,0,0,0,0,0,0,0,0,0,0,0,0,0,0,242602
1,1,1,1,1051,1200,261,-95,-28,-40,6,97,178,0,0,0,0,0,0,0,0,0,0,0,0,0,0,0,0,0,0,0,0,0,0,242612
1,1,1,1,1060,1195,255,-82,-18,-40,7,97,179,0,0,0,0,0,0,0,0,0,0,0,0,0,0,0,0,0,0,0,0,0,0,242622
1,1,1,1,1049,1215,237,-70,-20,-29,5,97,177,0,0,0,0,0,0,0,0,0,0,0,0,0,0,0,0,0,0,0,0,0,0,242632
1,1,1,1,1030,1217,256,-59,-6,-17,7,97,179,0,0,0,0,0,0,0,0,0,0,0,0,0,0,0,0,0,0,0,0,0,0,242642
1,1,1,1,1031,1195,248,-61,-23,-17,5,97,178,0,0,0,0,0,0,0,0,0,0,0,0,0,0,0,0,0,0,0,0,0,0,242652
1,1,1,1,1031,1191,245,-53,-18,-17,2,98,181,0,0,0,0,0,0,0,0,0,0,0,0,0,0,0,0,0,0,0,0,0,0,242662
1,1,1,1,1025,1193,252,-70,-28,-22,4,97,179,0,0,0,0,0,0,0,0,0,0,0,0,0,0,0,0,0,0,0,0,0,0,242672
1,1,1,1,1027,1196,256,-84,-29,-27,4,98,180,0,0,0,0,0,0,0,0,0,0,0,0,0,0,0,0,0,0,0,0,0,0,242682
1,1,1,1,1032,1192,262,-59,-19,-18,5,97,179,0,0,0,0,0,0,0,0,0,0,0,0,0,0,0,0,0,0,0,0,0,0,242692
1,1,1,1,1043,1183,286,-25,-22,-14,5,98,177,0,0,0,0,0,0,0,0,0,0,0,0,0,0,0,0,0,0,0,0,0,0,242702
1,1,1,1,1041,1169,281,-9,-15,-14,5,98,180,0,0,0,0,0,0,0,0,0,0,0,0,0,0,0,0,0,0,0,0,0,0,242712
1,1,1,1,1035,1179,278,0,-12,-4,3,98,177,0,0,0,0,0,0,0,0,0,0,0,0,0,0,0,0,0,0,0,0,0,0,242722
1,1,1,1,1040,1186,267,5,-9,5,3,99,176,0,0,0,0,0,0,0,0,0,0,0,0,0,0,0,0,0,0,0,0,0,0,242732
1,1,1,1,1043,1185,252,-5,-7,6,2,99,177,0,0,0,0,0,0,0,0,0,0,0,0,0,0,0,0,0,0,0,0,0,0,242742
1,1,1,1,1042,1186,254,-4,-5,10,4,99,177,0,0,0,0,0,0,0,0,0,0,0,0,0,0,0,0,0,0,0,0,0,0,242752
1,1,1,1,1045,1197,261,4,-3,13,1,101,180,0,0,0,0,0,0,0,0,0,0,0,0,0,0,0,0,0,0,0,0,0,0,242762
1,1,1,1,1040,1203,257,7,-5,9,2,100,180,0,0,0,0,0,0,0,0,0,0,0,0,0,0,0,0,0,0,0,0,0,0,242772
1,1,1,1,1038,1204,252,6,-14,9,0,100,177,0,0,0,0,0,0,0,0,0,0,0,0,0,0,0,0,0,0,0,0,0,0,242782
1,1,1,1,1034,1199,251,-8,-7,2,1,97,179,0,0,0,0,0,0,0,0,0,0,0,0,0,0,0,0,0,0,0,0,0,0,242792
1,1,1,1,1034,1201,251,-2,-10,9,1,100,181,0,0,0,0,0,0,0,0,0,0,0,0,0,0,0,0,0,0,0,0,0,0,242802
1,1,1,1,1038,1202,273,5,1,19,2,99,180,0,0,0,0,0,0,0,0,0,0,0,0,0,0,0,0,0,0,0,0,0,0,242812
1,1,1,1,1043,1199,264,16,-6,23,4,99,179,0,0,0,0,0,0,0,0,0,0,0,0,0,0,0,0,0,0,0,0,0,0,242822
1,1,1,1,1049,1199,248,20,-5,22,3,97,181,0,0,0,0,0,0,0,0,0,0,0,0,0,0,0,0,0,0,0,0,0,0,242832
1,1,1,1,1049,1210,240,16,-3,22,5,96,180,0,0,0,0,0,0,0,0,0,0,0,0,0,0,0,0,0,0,0,0,0,0,242842
1,1,1,1,1046,1208,235,-1,-10,18,5,99,183,0,0,0,0,0,0,0,0,0,0,0,0,0,0,0,0,0,0,0,0,0,0,242852
1,1,1,1,1045,1209,228,-11,-15,13,4,99,180,0,0,0,0,0,0,0,0,0,0,0,0,0,0,0,0,0,0,0,0,0,0,242862
1,1,1,1,1040,1218,230,-21,-12,9,4,98,181,0,0,0,0,0,0,0,0,0,0,0,0,0,0,0,0,0,0,0,0,0,0,242872
1,1,1,1,1037,1222,230,-29,-10,5,4,98,180,0,0,0,0,0,0,0,0,0,0,0,0,0,0,0,0,0,0,0,0,0,0,242882
1,1,1,1,1038,1221,234,-33,-15,-4,3,99,180,0,0,0,0,0,0,0,0,0,0,0,0,0,0,0,0,0,0,0,0,0,0,242892
1,1,1,1,1030,1214,250,-34,-17,-9,3,99,181,0,0,0,0,0,0,0,0,0,0,0,0,0,0,0,0,0,0,0,0,0,0,242902
1,1,1,1,1031,1209,253,-32,-15,-8,2,99,181,0,0,0,0,0,0,0,0,0,0,0,0,0,0,0,0,0,0,0,0,0,0,242912
1,1,1,1,1035,1206,256,-28,-20,-5,2,99,178,0,0,0,0,0,0,0,0,0,0,0,0,0,0,0,0,0,0,0,0,0,0,242922
1,1,1,1,1041,1203,250,-20,-22,-3,3,99,177,0,0,0,0,0,0,0,0,0,0,0,0,0,0,0,0,0,0,0,0,0,0,242932
1,1,1,1,1043,1202,241,-10,-21,0,3,99,179,0,0,0,0,0,0,0,0,0,0,0,0,0,0,0,0,0,0,0,0,0,0,242942
1,1,1,1,1045,1204,234,-13,-28,-3,2,99,181,0,0,0,0,0,0,0,0,0,0,0,0,0,0,0,0,0,0,0,0,0,0,242952
1,1,1,1,1042,1202,234,-17,-37,-7,5,99,180,0,0,0,0,0,0,0,0,0,0,0,0,0,0,0,0,0,0,0,0,0,0,242962
1,1,1,1,1041,1207,250,-9,-31,-9,2,99,176,0,0,0,0,0,0,0,0,0,0,0,0,0,0,0,0,0,0,0,0,0,0,242973
1,1,1,1,1033,1203,250,-18,-33,-10,2,99,180,0,0,0,0,0,0,0,0,0,0,0,0,0,0,0,0,0,0,0,0,0,0,242983
1,1,1,1,1037,1214,240,-36,-45,-9,4,99,177,0,0,0,0,0,0,0,0,0,0,0,0,0,0,0,0,0,0,0,0,0,0,242993
1,1,1,1,1042,1202,243,-37,-42,-10,6,99,179,0,0,0,0,0,0,0,0,0,0,0,0,0,0,0,0,0,0,0,0,0,0,243003
1,1,1,1,1034,1203,257,-35,-41,-12,8,98,177,0,0,0,0,0,0,0,0,0,0,0,0,0,0,0,0,0,0,0,0,0,0,243013
1,1,1,1,1023,1211,261,-31,-38,-12,8,99,178,0,0,0,0,0,0,0,0,0,0,0,0,0,0,0,0,0,0,0,0,0,0,243023
1,1,1,1,1029,1211,263,-28,-33,-15,5,100,177,0,0,0,0,0,0,0,0,0,0,0,0,0,0,0,0,0,0,0,0,0,0,243033
1,1,1,1,1036,1210,260,-28,-34,-9,4,103,177,0,0,0,0,0,0,0,0,0,0,0,0,0,0,0,0,0,0,0,0,0,0,243043
1,1,1,1,1040,1204,256,-18,-26,-5,5,99,181,0,0,0,0,0,0,0,0,0,0,0,0,0,0,0,0,0,0,0,0,0,0,243053
1,1,1,1,1041,1201,254,-13,-30,-8,7,96,179,0,0,0,0,0,0,0,0,0,0,0,0,0,0,0,0,0,0,0,0,0,0,243063
1,1,1,1,1043,1203,243,-20,-31,-12,5,99,177,0,0,0,0,0,0,0,0,0,0,0,0,0,0,0,0,0,0,0,0,0,0,243073
1,1,1,1,1045,1203,233,-27,-39,-15,-1,103,182,0,0,0,0,0,0,0,0,0,0,0,0,0,0,0,0,0,0,0,0,0,0,243083
1,1,1,1,1034,1209,238,-24,-29,-15,2,100,179,0,0,0,0,0,0,0,0,0,0,0,0,0,0,0,0,0,0,0,0,0,0,243093
1,1,1,1,1035,1209,242,-27,-43,-8,3,96,181,0,0,0,0,0,0,0,0,0,0,0,0,0,0,0,0,0,0,0,0,0,0,243103
1,1,1,1,1038,1209,247,-16,-33,-2,3,100,180,0,0,0,0,0,0,0,0,0,0,0,0,0,0,0,0,0,0,0,0,0,0,243113
1,1,1,1,1036,1214,243,-31,-39,-7,2,100,181,0,0,0,0,0,0,0,0,0,0,0,0,0,0,0,0,0,0,0,0,0,0,243123
1,1,1,1,1048,1212,238,-47,-51,-13,5,97,182,0,0,0,0,0,0,0,0,0,0,0,0,0,0,0,0,0,0,0,0,0,0,243133
1,1,1,1,1041,1221,238,-43,-40,-15,5,98,179,0,0,0,0,0,0,0,0,0,0,0,0,0,0,0,0,0,0,0,0,0,0,243143
1,1,1,1,1039,1202,262,-49,-38,-16,7,98,179,0,0,0,0,0,0,0,0,0,0,0,0,0,0,0,0,0,0,0,0,0,0,243153
1,1,1,1,1034,1200,260,-38,-40,-13,6,98,181,0,0,0,0,0,0,0,0,0,0,0,0,0,0,0,0,0,0,0,0,0,0,243163
1,1,1,1,1040,1193,259,-35,-35,-16,7,98,182,0,0,0,0,0,0,0,0,0,0,0,0,0,0,0,0,0,0,0,0,0,0,243173
1,1,1,1,1043,1188,247,-31,-28,-16,4,98,182,0,0,0,0,0,0,0,0,0,0,0,0,0,0,0,0,0,0,0,0,0,0,243183
1,1,1,1,1045,1195,245,-42,-25,-20,4,98,183,0,0,0,0,0,0,0,0,0,0,0,0,0,0,0,0,0,0,0,0,0,0,243193
1,1,1,1,1048,1205,236,-60,-20,-17,4,98,179,0,0,0,0,0,0,0,0,0,0,0,0,0,0,0,0,0,0,0,0,0,0,243203
1,1,1,1,1040,1210,247,-62,-17,-10,5,99,182,0,0,0,0,0,0,0,0,0,0,0,0,0,0,0,0,0,0,0,0,0,0,243213
1,1,1,1,1040,1214,258,-57,-18,-10,4,98,179,0,0,0,0,0,0,0,0,0,0,0,0,0,0,0,0,0,0,0,0,0,0,243223
1,1,1,1,1044,1198,260,-45,-18,-7,5,98,179,0,0,0,0,0,0,0,0,0,0,0,0,0,0,0,0,0,0,0,0,0,0,243233
1,1,1,1,1043,1207,256,-42,-15,-3,6,98,180,0,0,0,0,0,0,0,0,0,0,0,0,0,0,0,0,0,0,0,0,0,0,243243
1,1,1,1,1048,1197,253,-43,-12,-3,4,98,180,0,0,0,0,0,0,0,0,0,0,0,0,0,0,0,0,0,0,0,0,0,0,243253
1,1,1,1,1054,1198,261,-40,-15,-9,4,98,181,0,0,0,0,0,0,0,0,0,0,0,0,0,0,0,0,0,0,0,0,0,0,243263
1,1,1,1,1039,1199,261,-40,-12,-7,2,98,180,0,0,0,0,0,0,0,0,0,0,0,0,0,0,0,0,0,0,0,0,0,0,243273
1,1,1,1,1043,1204,245,-46,-19,-8,2,99,179,0,0,0,0,0,0,0,0,0,0,0,0,0,0,0,0,0,0,0,0,0,0,243283
1,1,1,1,1036,1205,248,-49,-18,-8,3,99,179,0,0,0,0,0,0,0,0,0,0,0,0,0,0,0,0,0,0,0,0,0,0,243293
1,1,1,1,1032,1203,260,-43,-20,-6,5,99,182,0,0,0,0,0,0,0,0,0,0,0,0,0,0,0,0,0,0,0,0,0,0,243303
1,1,1,1,1036,1197,270,-17,-7,-5,5,99,180,0,0,0,0,0,0,0,0,0,0,0,0,0,0,0,0,0,0,0,0,0,0,243313
1,1,1,1,1033,1204,274,1,-4,-1,4,99,179,0,0,0,0,0,0,0,0,0,0,0,0,0,0,0,0,0,0,0,0,0,0,243323
1,1,1,1,1033,1207,264,-3,-9,2,4,100,181,0,0,0,0,0,0,0,0,0,0,0,0,0,0,0,0,0,0,0,0,0,0,243333
1,1,1,1,1038,1211,260,-12,-14,4,5,99,179,0,0,0,0,0,0,0,0,0,0,0,0,0,0,0,0,0,0,0,0,0,0,243343
1,1,1,1,1034,1207,253,-18,-4,1,3,99,180,0,0,0,0,0,0,0,0,0,0,0,0,0,0,0,0,0,0,0,0,0,0,243353
1,1,1,1,1031,1204,252,-22,-6,-1,4,98,179,0,0,0,0,0,0,0,0,0,0,0,0,0,0,0,0,0,0,0,0,0,0,243363
1,1,1,1,1035,1198,262,-27,-12,-7,3,101,180,0,0,0,0,0,0,0,0,0,0,0,0,0,0,0,0,0,0,0,0,0,0,243373
1,1,1,1,1029,1207,267,-14,-15,-6,5,100,178,0,0,0,0,0,0,0,0,0,0,0,0,0,0,0,0,0,0,0,0,0,0,243383
1,1,1,1,1029,1204,269,-8,-6,-2,2,104,180,0,0,0,0,0,0,0,0,0,0,0,0,0,0,0,0,0,0,0,0,0,0,243393
1,1,1,1,1031,1198,278,-13,-4,-4,2,102,179,0,0,0,0,0,0,0,0,0,0,0,0,0,0,0,0,0,0,0,0,0,0,243403
1,1,1,1,1027,1202,279,-17,-2,-2,7,98,181,0,0,0,0,0,0,0,0,0,0,0,0,0,0,0,0,0,0,0,0,0,0,243413
1,1,1,1,1025,1194,276,-18,-4,-2,4,102,183,0,0,0,0,0,0,0,0,0,0,0,0,0,0,0,0,0,0,0,0,0,0,243423
1,1,1,1,1034,1188,265,-10,4,0,6,97,178,0,0,0,0,0,0,0,0,0,0,0,0,0,0,0,0,0,0,0,0,0,0,243433
1,1,1,1,1036,1190,260,-8,4,3,5,99,182,0,0,0,0,0,0,0,0,0,0,0,0,0,0,0,0,0,0,0,0,0,0,243443
1,1,1,1,1031,1193,259,-1,-3,3,6,100,181,0,0,0,0,0,0,0,0,0,0,0,0,0,0,0,0,0,0,0,0,0,0,243453
1,1,1,1,1022,1201,270,5,6,6,6,99,178,0,0,0,0,0,0,0,0,0,0,0,0,0,0,0,0,0,0,0,0,0,0,243463
1,1,1,1,1021,1199,275,8,7,11,6,99,180,0,0,0,0,0,0,0,0,0,0,0,0,0,0,0,0,0,0,0,0,0,0,243473
1,1,1,1,1021,1193,278,2,5,6,5,100,183,0,0,0,0,0,0,0,0,0,0,0,0,0,0,0,0,0,0,0,0,0,0,243483
1,1,1,1,1029,1193,278,-2,6,2,5,99,183,0,0,0,0,0,0,0,0,0,0,0,0,0,0,0,0,0,0,0,0,0,0,243493
1,1,1,1,1035,1204,279,-4,-2,2,4,100,183,0,0,0,0,0,0,0,0,0,0,0,0,0,0,0,0,0,0,0,0,0,0,243503
1,1,1,1,1039,1191,278,7,7,9,5,100,182,0,0,0,0,0,0,0,0,0,0,0,0,0,0,0,0,0,0,0,0,0,0,243513
1,1,1,1,1042,1189,272,25,15,15,7,100,180,0,0,0,0,0,0,0,0,0,0,0,0,0,0,0,0,0,0,0,0,0,0,243523
1,1,1,1,1036,1198,272,25,9,12,5,100,177,0,0,0,0,0,0,0,0,0,0,0,0,0,0,0,0,0,0,0,0,0,0,243533
1,1,1,1,1031,1214,255,23,11,19,4,100,179,0,0,0,0,0,0,0,0,0,0,0,0,0,0,0,0,0,0,0,0,0,0,243543
1,1,1,1,1033,1210,249,2,2,17,5,100,177,0,0,0,0,0,0,0,0,0,0,0,0,0,0,0,0,0,0,0,0,0,0,243553
1,1,1,1,1035,1217,249,-15,-5,9,5,100,177,0,0,0,0,0,0,0,0,0,0,0,0,0,0,0,0,0,0,0,0,0,0,243563
1,1,1,1,1039,1206,264,-14,-2,2,5,100,175,0,0,0,0,0,0,0,0,0,0,0,0,0,0,0,0,0,0,0,0,0,0,243573
1,1,1,1,1038,1201,267,-2,-4,-2,5,100,179,0,0,0,0,0,0,0,0,0,0,0,0,0,0,0,0,0,0,0,0,0,0,243583
1,1,1,1,1038,1218,271,14,1,3,5,101,180,0,0,0,0,0,0,0,0,0,0,0,0,0,0,0,0,0,0,0,0,0,0,243593
1,1,1,1,1026,1202,276,11,-3,1,5,100,180,0,0,0,0,0,0,0,0,0,0,0,0,0,0,0,0,0,0,0,0,0,0,243603
1,1,1,1,1029,1199,276,-7,-5,-5,6,99,175,0,0,0,0,0,0,0,0,0,0,0,0,0,0,0,0,0,0,0,0,0,0,243613
1,1,1,1,1029,1210,262,-7,2,-2,6,100,179,0,0,0,0,0,0,0,0,0,0,0,0,0,0,0,0,0,0,0,0,0,0,243623
1,1,1,1,1032,1203,262,5,4,5,5,100,179,0,0,0,0,0,0,0,0,0,0,0,0,0,0,0,0,0,0,0,0,0,0,243633
1,1,1,1,1036,1190,255,22,13,8,5,100,175,0,0,0,0,0,0,0,0,0,0,0,0,0,0,0,0,0,0,0,0,0,0,243643
1,1,1,1,1030,1196,272,29,14,12,5,100,177,0,0,0,0,0,0,0,0,0,0,0,0,0,0,0,0,0,0,0,0,0,0,243653
1,1,1,1,1031,1193,268,40,17,20,4,101,177,0,0,0,0,0,0,0,0,0,0,0,0,0,0,0,0,0,0,0,0,0,0,243663
1,1,1,1,1034,1196,284,41,15,25,5,98,177,0,0,0,0,0,0,0,0,0,0,0,0,0,0,0,0,0,0,0,0,0,0,243673
1,1,1,1,1042,1195,279,31,6,25,4,100,178,0,0,0,0,0,0,0,0,0,0,0,0,0,0,0,0,0,0,0,0,0,0,243683
1,1,1,1,1049,1201,260,38,5,30,0,101,181,0,0,0,0,0,0,0,0,0,0,0,0,0,0,0,0,0,0,0,0,0,0,243693
1,1,1,1,1047,1205,260,44,10,32,3,99,175,0,0,0,0,0,0,0,0,0,0,0,0,0,0,0,0,0,0,0,0,0,0,243703
1,1,1,1,1047,1195,249,50,10,29,2,102,182,0,0,0,0,0,0,0,0,0,0,0,0,0,0,0,0,0,0,0,0,0,0,243713
1,1,1,1,1034,1203,253,63,17,26,3,100,179,0,0,0,0,0,0,0,0,0,0,0,0,0,0,0,0,0,0,0,0,0,0,243723
1,1,1,1,1028,1206,263,78,17,25,7,100,179,0,0,0,0,0,0,0,0,0,0,0,0,0,0,0,0,0,0,0,0,0,0,243733
1,1,1,1,1019,1198,287,70,26,22,5,99,176,0,0,0,0,0,0,0,0,0,0,0,0,0,0,0,0,0,0,0,0,0,0,243743
1,1,1,1,1021,1212,285,78,31,27,6,100,179,0,0,0,0,0,0,0,0,0,0,0,0,0,0,0,0,0,0,0,0,0,0,243753
1,1,1,1,1037,1203,261,86,33,26,7,101,180,0,0,0,0,0,0,0,0,0,0,0,0,0,0,0,0,0,0,0,0,0,0,243763
1,1,1,1,1045,1196,246,77,34,21,5,101,179,0,0,0,0,0,0,0,0,0,0,0,0,0,0,0,0,0,0,0,0,0,0,243773
1,1,1,1,1044,1206,242,67,32,14,7,100,178,0,0,0,0,0,0,0,0,0,0,0,0,0,0,0,0,0,0,0,0,0,0,243783
1,1,1,1,1043,1213,251,82,36,14,6,101,177,0,0,0,0,0,0,0,0,0,0,0,0,0,0,0,0,0,0,0,0,0,0,243793
1,1,1,1,1036,1198,250,111,39,20,7,101,178,0,0,0,0,0,0,0,0,0,0,0,0,0,0,0,0,0,0,0,0,0,0,243803
1,1,1,1,1029,1194,262,122,49,18,6,100,176,0,0,0,0,0,0,0,0,0,0,0,0,0,0,0,0,0,0,0,0,0,0,243813
1,1,1,1,1030,1204,246,136,58,19,6,101,177,0,0,0,0,0,0,0,0,0,0,0,0,0,0,0,0,0,0,0,0,0,0,243823
1,1,1,1,1029,1214,251,113,58,13,8,101,175,0,0,0,0,0,0,0,0,0,0,0,0,0,0,0,0,0,0,0,0,0,0,243833
1,1,1,1,1021,1220,243,131,71,18,8,101,173,0,0,0,0,0,0,0,0,0,0,0,0,0,0,0,0,0,0,0,0,0,0,243843
1,1,1,1,1020,1214,254,164,77,27,8,100,172,0,0,0,0,0,0,0,0,0,0,0,0,0,0,0,0,0,0,0,0,0,0,243853
1,1,1,1,1016,1210,275,190,84,32,7,101,172,0,0,0,0,0,0,0,0,0,0,0,0,0,0,0,0,0,0,0,0,0,0,243863
1,1,1,1,1017,1206,244,196,84,33,9,101,172,0,0,0,0,0,0,0,0,0,0,0,0,0,0,0,0,0,0,0,0,0,0,243873
1,1,1,1,1036,1210,218,224,98,35,10,100,175,0,0,0,0,0,0,0,0,0,0,0,0,0,0,0,0,0,0,0,0,0,0,243883
1,1,1,1,1040,1203,217,275,114,39,10,101,171,0,0,0,0,0,0,0,0,0,0,0,0,0,0,0,0,0,0,0,0,0,0,243893
1,1,1,1,1025,1223,216,320,124,56,12,101,171,0,0,0,0,0,0,0,0,0,0,0,0,0,0,0,0,0,0,0,0,0,0,243903
1,1,1,1,1016,1241,221,343,135,65,12,102,171,0,0,0,0,0,0,0,0,0,0,0,0,0,0,0,0,0,0,0,0,0,0,243913
1,1,1,1,1033,1231,223,346,141,68,15,102,170,0,0,0,0,0,0,0,0,0,0,0,0,0,0,0,0,0,0,0,0,0,0,243923
1,1,1,1,1015,1243,237,280,138,61,12,102,169,0,0,0,0,0,0,0,0,0,0,0,0,0,0,0,0,0,0,0,0,0,0,243933
1,1,1,1,1035,1230,217,237,124,44,13,101,167,0,0,0,0,0,0,0,0,0,0,0,0,0,0,0,0,0,0,0,0,0,0,243943
1,1,1,1,1054,1226,204,250,128,43,11,102,164,0,0,0,0,0,0,0,0,0,0,0,0,0,0,0,0,0,0,0,0,0,0,243953
1,1,1,1,1049,1215,220,279,138,57,11,102,165,0,0,0,0,0,0,0,0,0,0,0,0,0,0,0,0,0,0,0,0,0,0,243963
1,1,1,1,1066,1225,199,328,141,73,14,96,162,0,0,0,0,0,0,0,0,0,0,0,0,0,0,0,0,0,0,0,0,0,0,243973
1,1,1,1,1054,1230,198,367,142,74,9,106,164,0,0,0,0,0,0,0,0,0,0,0,0,0,0,0,0,0,0,0,0,0,0,243983
1,1,1,1,1030,1245,190,332,140,75,12,103,160,0,0,0,0,0,0,0,0,0,0,0,0,0,0,0,0,0,0,0,0,0,0,243993
1,1,1,1,1019,1263,136,264,105,95,13,98,159,0,0,0,0,0,0,0,0,0,0,0,0,0,0,0,0,0,0,0,0,0,0,244003
1,1,1,1,1045,1252,117,160,73,80,10,103,162,0,0,0,0,0,0,0,0,0,0,0,0,0,0,0,0,0,0,0,0,0,0,244013
1,1,1,1,1061,1241,124,88,40,52,9,102,163,0,0,0,0,0,0,0,0,0,0,0,0,0,0,0,0,0,0,0,0,0,0,244023
1,1,1,1,1065,1240,136,40,16,29,12,102,161,0,0,0,0,0,0,0,0,0,0,0,0,0,0,0,0,0,0,0,0,0,0,244033
1,1,1,1,1040,1254,162,-19,-14,2,9,103,163,0,0,0,0,0,0,0,0,0,0,0,0,0,0,0,0,0,0,0,0,0,0,244043
1,1,1,1,1025,1257,189,-28,-21,-11,11,103,163,0,0,0,0,0,0,0,0,0,0,0,0,0,0,0,0,0,0,0,0,0,0,244053
1,1,1,1,1019,1240,215,-5,-15,-13,12,101,160,0,0,0,0,0,0,0,0,0,0,0,0,0,0,0,0,0,0,0,0,0,0,244063
1,1,1,1,1013,1235,217,16,-8,-9,12,102,161,0,0,0,0,0,0,0,0,0,0,0,0,0,0,0,0,0,0,0,0,0,0,244073
1,1,1,1,1031,1227,186,40,3,-4,12,102,161,0,0,0,0,0,0,0,0,0,0,0,0,0,0,0,0,0,0,0,0,0,0,244083
1,1,1,1,1044,1220,163,45,10,2,11,102,158,0,0,0,0,0,0,0,0,0,0,0,0,0,0,0,0,0,0,0,0,0,0,244093
1,1,1,1,1040,1213,157,31,6,0,10,101,159,0,0,0,0,0,0,0,0,0,0,0,0,0,0,0,0,0,0,0,0,0,0,244103
1,1,1,1,1053,1207,157,41,9,3,15,101,157,0,0,0,0,0,0,0,0,0,0,0,0,0,0,0,0,0,0,0,0,0,0,244113
1,1,1,1,1048,1202,183,92,31,17,14,101,152,0,0,0,0,0,0,0,0,0,0,0,0,0,0,0,0,0,0,0,0,0,0,244123
1,1,1,1,1048,1200,194,187,65,31,16,101,151,0,0,0,0,0,0,0,0,0,0,0,0,0,0,0,0,0,0,0,0,0,0,244133
1,1,1,1,1043,1185,264,391,113,55,18,100,148,0,0,0,0,0,0,0,0,0,0,0,0,0,0,0,0,0,0,0,0,0,0,244143
1,1,1,1,1040,1149,363,645,191,93,20,100,148,0,0,0,0,0,0,0,0,0,0,0,0,0,0,0,0,0,0,0,0,0,0,244153
1,1,1,1,1037,1142,401,958,260,136,21,100,147,0,0,0,0,0,0,0,0,0,0,0,0,0,0,0,0,0,0,0,0,0,0,244163
1,1,1,1,1056,1123,327,1266,345,167,23,99,142,0,0,0,0,0,0,0,0,0,0,0,0,0,0,0,0,0,0,0,0,0,0,244173
1,1,1,1,1073,1118,199,1569,412,180,25,98,141,0,0,0,0,0,0,0,0,0,0,0,0,0,0,0,0,0,0,0,0,0,0,244183
1,1,1,1,1066,1167,109,1907,477,195,28,97,132,0,0,0,0,0,0,0,0,0,0,0,0,0,0,0,0,0,0,0,0,0,0,244193
1,1,1,1,1049,1176,146,2290,522,211,32,95,125,0,0,0,0,0,0,0,0,0,0,0,0,0,0,0,0,0,0,0,0,0,0,244203
1,1,1,1,1015,1155,277,3120,604,251,42,94,119,0,0,0,0,0,0,0,0,0,0,0,0,0,0,0,0,0,0,0,0,0,0,244213
1,1,1,1,1028,1298,378,4153,700,267,37,91,115,0,0,0,0,0,0,0,0,0,0,0,0,0,0,0,0,0,0,0,0,0,0,244223
1,1,1,1,882,1124,529,4943,871,390,37,90,114,0,0,0,0,0,0,0,0,0,0,0,0,0,0,0,0,0,0,0,0,0,0,244233
1,1,1,1,959,1006,327,5502,1032,526,34,88,115,0,0,0,0,0,0,0,0,0,0,0,0,0,0,0,0,0,0,0,0,0,0,244243
1,1,1,1,1085,972,-58,5880,1127,572,40,88,115,0,0,0,0,0,0,0,0,0,0,0,0,0,0,0,0,0,0,0,0,0,0,244253
1,1,1,1,1278,1178,-472,7332,1260,568,42,86,108,0,0,0,0,0,0,0,0,0,0,0,0,0,0,0,0,0,0,0,0,0,0,244263
1,1,1,1,1175,964,-658,8354,1214,634,30,87,102,0,0,0,0,0,0,0,0,0,0,0,0,0,0,0,0,0,0,0,0,0,0,244273
1,1,1,1,1071,763,-853,7623,1074,825,26,88,110,0,0,0,0,0,0,0,0,0,0,0,0,0,0,0,0,0,0,0,0,0,0,244283
1,1,1,1,1136,1214,-846,7280,1182,594,43,82,111,0,0,0,0,0,0,0,0,0,0,0,0,0,0,0,0,0,0,0,0,0,0,244293
1,1,1,1,1040,1688,-787,7428,1369,202,21,75,86,0,0,0,0,0,0,0,0,0,0,0,0,0,0,0,0,0,0,0,0,0,0,244303
1,1,1,1,866,112,-874,5691,1271,633,26,72,79,0,0,0,0,0,0,0,0,0,0,0,0,0,0,0,0,0,0,0,0,0,0,244313
1,1,1,1,1370,370,-948,5253,1262,918,22,74,86,0,0,0,0,0,0,0,0,0,0,0,0,0,0,0,0,0,0,0,0,0,0,244323
1,1,1,1,1264,707,-1012,4655,1355,883,23,67,79,0,0,0,0,0,0,0,0,0,0,0,0,0,0,0,0,0,0,0,0,0,0,244333
1,1,1,1,1180,865,-1285,3964,1424,919,27,69,77,0,0,0,0,0,0,0,0,0,0,0,0,0,0,0,0,0,0,0,0,0,0,244343
1,1,1,1,1473,1065,-1683,3847,1376,804,29,72,76,0,0,0,0,0,0,0,0,0,0,0,0,0,0,0,0,0,0,0,0,0,0,244353
1,1,1,1,1612,889,-1689,3719,1193,754,20,71,73,0,0,0,0,0,0,0,0,0,0,0,0,0,0,0,0,0,0,0,0,0,0,244363
1,1,1,1,1423,632,-1583,3109,1064,887,23,70,75,0,0,0,0,0,0,0,0,0,0,0,0,0,0,0,0,0,0,0,0,0,0,244373
1,1,1,1,1413,600,-1638,2619,965,935,20,71,74,0,0,0,0,0,0,0,0,0,0,0,0,0,0,0,0,0,0,0,0,0,0,244383
1,1,1,1,1447,566,-1799,1754,772,1022,13,75,72,0,0,0,0,0,0,0,0,0,0,0,0,0,0,0,0,0,0,0,0,0,0,244393
1,1,1,1,1376,285,-2129,742,383,1360,7,80,75,0,0,0,0,0,0,0,0,0,0,0,0,0,0,0,0,0,0,0,0,0,0,244403
1,1,1,1,1617,-202,-2427,-433,-156,1892,-6,87,94,0,0,0,0,0,0,0,0,0,0,0,0,0,0,0,0,0,0,0,0,0,0,244413
1,1,1,1,1856,-250,-2485,-2311,-763,2020,-2,90,104,0,0,0,0,0,0,0,0,0,0,0,0,0,0,0,0,0,0,0,0,0,0,244423
1,1,1,1,1425,288,-2759,-2728,-1115,1725,101,82,102,0,0,0,0,0,0,0,0,0,0,0,0,0,0,0,0,0,0,0,0,0,0,244433
1,1,1,1,719,2787,-2027,4713,-356,1080,34,84,98,0,0,0,0,0,0,0,0,0,0,0,0,0,0,0,0,0,0,0,0,0,0,244443
1,1,1,1,1681,2301,1671,5650,436,787,44,78,75,0,0,0,0,0,0,0,0,0,0,0,0,0,0,0,0,0,0,0,0,0,0,244453
1,1,1,1,1085,738,-992,4149,372,590,23,81,88,0,0,0,0,0,0,0,0,0,0,0,0,0,0,0,0,0,0,0,0,0,0,244463
1,1,1,1,1921,87,-1433,4029,221,857,39,77,86,0,0,0,0,0,0,0,0,0,0,0,0,0,0,0,0,0,0,0,0,0,0,244473
1,1,1,1,1390,706,-1477,4793,194,591,31,73,85,0,0,0,0,0,0,0,0,0,0,0,0,0,0,0,0,0,0,0,0,0,0,244483
1,1,1,1,1376,670,-1820,6192,294,660,41,71,88,0,0,0,0,0,0,0,0,0,0,0,0,0,0,0,0,0,0,0,0,0,0,244493
1,1,1,1,1189,288,-1778,6757,279,338,38,57,63,0,0,0,0,0,0,0,0,0,0,0,0,0,0,0,0,0,0,0,0,0,0,244503
1,1,1,1,910,409,-1692,7577,155,303,24,38,36,0,0,0,0,0,0,0,0,0,0,0,0,0,0,0,0,0,0,0,0,0,0,244513
1,1,1,1,1046,292,-1597,6684,-143,131,16,-4,-9,0,0,0,0,0,0,0,0,0,0,0,0,0,0,0,0,0,0,0,0,0,0,244523
1,1,1,1,1161,396,-1545,5862,-491,155,15,-37,-60,0,0,0,0,0,0,0,0,0,0,0,0,0,0,0,0,0,0,0,0,0,0,244533
1,1,1,1,1110,654,-1748,6240,-681,792,0,-44,-59,0,0,0,0,0,0,0,0,0,0,0,0,0,0,0,0,0,0,0,0,0,0,244543
1,1,1,1,1008,-142,-2186,5592,-305,968,-5,-43,-54,0,0,0,0,0,0,0,0,0,0,0,0,0,0,0,0,0,0,0,0,0,0,244553
1,1,1,1,1311,-682,-2089,4439,-65,502,0,-41,-47,0,0,0,0,0,0,0,0,0,0,0,0,0,0,0,0,0,0,0,0,0,0,244563
1,1,1,1,1547,-583,-1865,3870,17,143,2,-32,-39,0,0,0,0,0,0,0,0,0,0,0,0,0,0,0,0,0,0,0,0,0,0,244573
1,1,1,1,1628,-606,-1691,3700,60,-116,2,-29,-32,0,0,0,0,0,0,0,0,0,0,0,0,0,0,0,0,0,0,0,0,0,0,244583
1,1,1,1,1708,-490,-1766,3791,106,-247,2,-27,-27,0,0,0,0,0,0,0,0,0,0,0,0,0,0,0,0,0,0,0,0,0,0,244593
1,1,1,1,1875,-401,-2045,3561,187,-254,-2,-28,-26,0,0,0,0,0,0,0,0,0,0,0,0,0,0,0,0,0,0,0,0,0,0,244603
1,1,1,1,2136,-501,-2286,2781,281,-203,-3,-22,-25,0,0,0,0,0,0,0,0,0,0,0,0,0,0,0,0,0,0,0,0,0,0,244613
1,1,1,1,2141,-636,-2328,1946,380,-161,-1,-22,-20,0,0,0,0,0,0,0,0,0,0,0,0,0,0,0,0,0,0,0,0,0,0,244623
1,1,1,1,1634,-718,-2020,1370,420,-175,5,-17,-12,0,0,0,0,0,0,0,0,0,0,0,0,0,0,0,0,0,0,0,0,0,0,244633
1,1,1,1,1376,-926,-1445,1510,176,-254,9,-14,-13,0,0,0,0,0,0,0,0,0,0,0,0,0,0,0,0,0,0,0,0,0,0,244643
1,1,1,1,1830,-697,-1456,1745,-316,-206,6,-16,-10,0,0,0,0,0,0,0,0,0,0,0,0,0,0,0,0,0,0,0,0,0,0,244653
1,1,1,1,1711,-671,-1806,1738,-505,-47,7,-16,-10,0,0,0,0,0,0,0,0,0,0,0,0,0,0,0,0,0,0,0,0,0,0,244663
1,1,1,1,1586,-793,-2024,1950,-435,4,7,-16,-4,0,0,0,0,0,0,0,0,0,0,0,0,0,0,0,0,0,0,0,0,0,0,244673
1,1,1,1,1517,-891,-1995,2068,-319,-51,4,-15,-5,0,0,0,0,0,0,0,0,0,0,0,0,0,0,0,0,0,0,0,0,0,0,244683
1,1,1,1,1490,-890,-1940,2209,-156,-151,6,-17,-5,0,0,0,0,0,0,0,0,0,0,0,0,0,0,0,0,0,0,0,0,0,0,244693
1,1,1,1,1435,-816,-1943,2489,-75,-187,9,-16,-4,0,0,0,0,0,0,0,0,0,0,0,0,0,0,0,0,0,0,0,0,0,0,244703
1,1,1,1,1335,-694,-1825,2933,-194,-105,7,-15,-5,0,0,0,0,0,0,0,0,0,0,0,0,0,0,0,0,0,0,0,0,0,0,244713
1,1,1,1,1429,-823,-1771,3282,-398,57,-1,-16,-5,0,0,0,0,0,0,0,0,0,0,0,0,0,0,0,0,0,0,0,0,0,0,244723
1,1,1,1,1437,-1237,-1931,3053,-429,63,-8,-19,-6,0,0,0,0,0,0,0,0,0,0,0,0,0,0,0,0,0,0,0,0,0,0,244733
1,1,1,1,1403,-1404,-1815,2033,-468,69,-9,-21,-5,0,0,0,0,0,0,0,0,0,0,0,0,0,0,0,0,0,0,0,0,0,0,244743
1,1,1,1,1412,-1395,-1967,1127,-519,89,-3,-22,-5,0,0,0,0,0,0,0,0,0,0,0,0,0,0,0,0,0,0,0,0,0,0,244753
1,1,1,1,1407,-1294,-2013,881,-610,128,-3,-23,-5,0,0,0,0,0,0,0,0,0,0,0,0,0,0,0,0,0,0,0,0,0,0,244763
1,1,1,1,1401,-1120,-1937,859,-642,223,2,-24,-4,0,0,0,0,0,0,0,0,0,0,0,0,0,0,0,0,0,0,0,0,0,0,244773
1,1,1,1,1458,-979,-2000,1176,-595,256,5,-21,-5,0,0,0,0,0,0,0,0,0,0,0,0,0,0,0,0,0,0,0,0,0,0,244783
1,1,1,1,1430,-1069,-2000,1716,-536,301,2,-20,-5,0,0,0,0,0,0,0,0,0,0,0,0,0,0,0,0,0,0,0,0,0,0,244793
1,1,1,1,1310,-1277,-1744,1835,-457,295,-1,-20,-5,0,0,0,0,0,0,0,0,0,0,0,0,0,0,0,0,0,0,0,0,0,0,244803
1,1,1,1,1242,-1270,-1594,1434,-393,277,6,-18,-5,0,0,0,0,0,0,0,0,0,0,0,0,0,0,0,0,0,0,0,0,0,0,244813
1,1,1,1,1369,-1026,-1796,1593,-427,248,11,-18,-6,0,0,0,0,0,0,0,0,0,0,0,0,0,0,0,0,0,0,0,0,0,0,244823
1,1,1,1,1488,-1070,-1928,1917,-496,281,15,-17,-5,0,0,0,0,0,0,0,0,0,0,0,0,0,0,0,0,0,0,0,0,0,0,244833
1,1,1,1,1468,-1010,-1831,2599,-543,355,18,-13,-5,0,0,0,0,0,0,0,0,0,0,0,0,0,0,0,0,0,0,0,0,0,0,244843
1,1,1,1,1443,-1025,-1660,3454,-491,357,20,-12,-5,0,0,0,0,0,0,0,0,0,0,0,0,0,0,0,0,0,0,0,0,0,0,244853
1,1,1,1,1365,-1037,-1575,4146,-324,282,9,-10,-5,0,0,0,0,0,0,0,0,0,0,0,0,0,0,0,0,0,0,0,0,0,0,244863
1,1,1,1,1326,-1169,-1528,4409,-209,169,3,-10,-5,0,0,0,0,0,0,0,0,0,0,0,0,0,0,0,0,0,0,0,0,0,0,244873
1,1,1,1,1231,-1740,-1493,2983,-368,255,-2,-6,1,0,0,0,0,0,0,0,0,0,0,0,0,0,0,0,0,0,0,0,0,0,0,244883
1,1,1,1,1271,-1874,-1536,1736,-616,266,-3,-4,4,0,0,0,0,0,0,0,0,0,0,0,0,0,0,0,0,0,0,0,0,0,0,244893
1,1,1,1,1389,-1800,-1529,1205,-675,297,-4,-3,13,0,0,0,0,0,0,0,0,0,0,0,0,0,0,0,0,0,0,0,0,0,0,244903
1,1,1,1,1219,-1709,-1327,795,-584,323,-7,-2,14,0,0,0,0,0,0,0,0,0,0,0,0,0,0,0,0,0,0,0,0,0,0,244913
1,1,1,1,1081,-1548,-1272,554,-410,270,-7,-3,10,0,0,0,0,0,0,0,0,0,0,0,0,0,0,0,0,0,0,0,0,0,0,244923
1,1,1,1,1100,-1449,-1432,357,-258,221,-3,-6,7,0,0,0,0,0,0,0,0,0,0,0,0,0,0,0,0,0,0,0,0,0,0,244933
1,1,1,1,1178,-1503,-1540,258,-287,194,-1,-7,9,0,0,0,0,0,0,0,0,0,0,0,0,0,0,0,0,0,0,0,0,0,0,244943
1,1,1,1,1321,-1509,-1504,210,-417,210,-2,-3,15,0,0,0,0,0,0,0,0,0,0,0,0,0,0,0,0,0,0,0,0,0,0,244953
1,1,1,1,1350,-1513,-1481,360,-449,137,1,-6,12,0,0,0,0,0,0,0,0,0,0,0,0,0,0,0,0,0,0,0,0,0,0,244963
1,1,1,1,1318,-1420,-1396,603,-403,92,-1,-7,9,0,0,0,0,0,0,0,0,0,0,0,0,0,0,0,0,0,0,0,0,0,0,244973
1,1,1,1,1177,-1413,-1366,507,-312,51,3,-10,11,0,0,0,0,0,0,0,0,0,0,0,0,0,0,0,0,0,0,0,0,0,0,244983
1,1,1,1,1203,-1304,-1411,633,-155,-46,3,-8,11,0,0,0,0,0,0,0,0,0,0,0,0,0,0,0,0,0,0,0,0,0,0,244993
1,1,1,1,1321,-1371,-1441,899,-75,-202,2,-8,4,0,0,0,0,0,0,0,0,0,0,0,0,0,0,0,0,0,0,0,0,0,0,245003
1,1,1,1,1303,-1561,-1357,792,-84,-271,3,-8,6,0,0,0,0,0,0,0,0,0,0,0,0,0,0,0,0,0,0,0,0,0,0,245013
1,1,1,1,1393,-1604,-1380,800,-61,-243,3,-8,10,0,0,0,0,0,0,0,0,0,0,0,0,0,0,0,0,0,0,0,0,0,0,245023
1,1,1,1,1301,-1614,-1435,922,-37,-281,2,-8,3,0,0,0,0,0,0,0,0,0,0,0,0,0,0,0,0,0,0,0,0,0,0,245033
1,1,1,1,1285,-1456,-1400,988,-63,-275,7,-8,6,0,0,0,0,0,0,0,0,0,0,0,0,0,0,0,0,0,0,0,0,0,0,245043
1,1,1,1,1268,-1442,-1389,1179,17,-352,5,-8,6,0,0,0,0,0,0,0,0,0,0,0,0,0,0,0,0,0,0,0,0,0,0,245053
1,1,1,1,1286,-1612,-1383,1075,22,-431,-1,-7,5,0,0,0,0,0,0,0,0,0,0,0,0,0,0,0,0,0,0,0,0,0,0,245063
1,1,1,1,1283,-1748,-1412,695,44,-398,2,-8,6,0,0,0,0,0,0,0,0,0,0,0,0,0,0,0,0,0,0,0,0,0,0,245073
1,1,1,1,1398,-1718,-1504,668,107,-272,4,-6,12,0,0,0,0,0,0,0,0,0,0,0,0,0,0,0,0,0,0,0,0,0,0,245083
1,1,1,1,1313,-1892,-1352,520,126,-253,-1,-5,15,0,0,0,0,0,0,0,0,0,0,0,0,0,0,0,0,0,0,0,0,0,0,245093
1,1,1,1,1230,-1888,-1342,379,174,-247,4,-5,16,0,0,0,0,0,0,0,0,0,0,0,0,0,0,0,0,0,0,0,0,0,0,245103
1,1,1,1,1158,-1753,-1376,588,256,-246,6,-3,15,0,0,0,0,0,0,0,0,0,0,0,0,0,0,0,0,0,0,0,0,0,0,245113
1,1,1,1,1093,-1628,-1445,756,307,-224,6,-2,17,0,0,0,0,0,0,0,0,0,0,0,0,0,0,0,0,0,0,0,0,0,0,245123
1,1,1,1,1070,-1676,-1465,867,319,-198,5,2,20,0,0,0,0,0,0,0,0,0,0,0,0,0,0,0,0,0,0,0,0,0,0,245133
1,1,1,1,1169,-1708,-1478,897,341,-134,6,8,30,0,0,0,0,0,0,0,0,0,0,0,0,0,0,0,0,0,0,0,0,0,0,245143
1,1,1,1,1236,-1820,-1511,887,297,-76,1,16,37,0,0,0,0,0,0,0,0,0,0,0,0,0,0,0,0,0,0,0,0,0,0,245153
1,1,1,1,1284,-1888,-1549,486,289,46,7,21,44,0,0,0,0,0,0,0,0,0,0,0,0,0,0,0,0,0,0,0,0,0,0,245163
1,1,1,1,1057,-1847,-1213,727,178,97,12,27,50,0,0,0,0,0,0,0,0,0,0,0,0,0,0,0,0,0,0,0,0,0,0,245173
1,1,1,1,897,-1814,-1004,1322,3,234,10,24,48,0,0,0,0,0,0,0,0,0,0,0,0,0,0,0,0,0,0,0,0,0,0,245183
1,1,1,1,1298,-1804,-1323,1311,28,305,8,25,55,0,0,0,0,0,0,0,0,0,0,0,0,0,0,0,0,0,0,0,0,0,0,245193
1,1,1,1,1483,-1923,-1503,1214,114,247,9,26,59,0,0,0,0,0,0,0,0,0,0,0,0,0,0,0,0,0,0,0,0,0,0,245203
1,1,1,1,1544,-1973,-1572,1052,177,198,7,30,57,0,0,0,0,0,0,0,0,0,0,0,0,0,0,0,0,0,0,0,0,0,0,245213
1,1,1,1,1461,-1942,-1500,831,202,235,7,34,57,0,0,0,0,0,0,0,0,0,0,0,0,0,0,0,0,0,0,0,0,0,0,245223
1,1,1,1,1372,-2029,-1393,438,137,345,6,40,64,0,0,0,0,0,0,0,0,0,0,0,0,0,0,0,0,0,0,0,0,0,0,245233
1,1,1,1,974,-2023,-1291,-75,125,339,9,39,65,0,0,0,0,0,0,0,0,0,0,0,0,0,0,0,0,0,0,0,0,0,0,245243
1,1,1,1,1028,-1897,-1204,-316,149,418,11,41,58,0,0,0,0,0,0,0,0,0,0,0,0,0,0,0,0,0,0,0,0,0,0,245253
1,1,1,1,1321,-1867,-1300,-306,139,548,10,48,67,0,0,0,0,0,0,0,0,0,0,0,0,0,0,0,0,0,0,0,0,0,0,245263
1,1,1,1,1357,-1901,-1234,-535,71,459,13,50,70,0,0,0,0,0,0,0,0,0,0,0,0,0,0,0,0,0,0,0,0,0,0,245273
1,1,1,1,1518,-1857,-1241,-592,49,382,13,52,72,0,0,0,0,0,0,0,0,0,0,0,0,0,0,0,0,0,0,0,0,0,0,245283
1,1,1,1,1646,-1804,-1449,-493,25,355,12,52,74,0,0,0,0,0,0,0,0,0,0,0,0,0,0,0,0,0,0,0,0,0,0,245293
1,1,1,1,1349,-1762,-1410,-671,46,256,13,53,68,0,0,0,0,0,0,0,0,0,0,0,0,0,0,0,0,0,0,0,0,0,0,245303
1,1,1,1,1263,-1584,-1260,-738,89,214,18,52,68,0,0,0,0,0,0,0,0,0,0,0,0,0,0,0,0,0,0,0,0,0,0,245313
1,1,1,1,1263,-1584,-1260,-293,93,200,19,54,69,0,0,0,0,0,0,0,0,0,0,0,0,0,0,0,0,0,0,0,0,0,0,245323
1,1,1,1,1293,-1654,-1101,-227,32,162,20,56,69,0,0,0,0,0,0,0,0,0,0,0,0,0,0,0,0,0,0,0,0,0,0,245333
1,1,1,1,1292,-1707,-1164,18,-31,159,16,57,72,0,0,0,0,0,0,0,0,0,0,0,0,0,0,0,0,0,0,0,0,0,0,245343
1,1,1,1,1310,-1847,-1164,4,-98,179,18,60,77,0,0,0,0,0,0,0,0,0,0,0,0,0,0,0,0,0,0,0,0,0,0,245353
1,1,1,1,1194,-1830,-1337,-34,-118,196,17,63,82,0,0,0,0,0,0,0,0,0,0,0,0,0,0,0,0,0,0,0,0,0,0,245363
1,1,1,1,1036,-1798,-1177,-11,-141,166,19,63,87,0,0,0,0,0,0,0,0,0,0,0,0,0,0,0,0,0,0,0,0,0,0,245373
1,1,1,1,1411,-1586,-1152,442,-268,273,17,64,100,0,0,0,0,0,0,0,0,0,0,0,0,0,0,0,0,0,0,0,0,0,0,245383
1,1,1,1,1254,-1727,-1241,816,-191,109,12,67,101,0,0,0,0,0,0,0,0,0,0,0,0,0,0,0,0,0,0,0,0,0,0,245393
1,1,1,1,1354,-1746,-1332,675,-177,207,12,68,104,0,0,0,0,0,0,0,0,0,0,0,0,0,0,0,0,0,0,0,0,0,0,245403
1,1,1,1,1240,-1985,-1342,312,-230,188,7,68,111,0,0,0,0,0,0,0,0,0,0,0,0,0,0,0,0,0,0,0,0,0,0,245413
1,1,1,1,1026,-1984,-1357,154,-162,164,12,69,110,0,0,0,0,0,0,0,0,0,0,0,0,0,0,0,0,0,0,0,0,0,0,245423
1,1,1,1,1216,-1918,-1352,63,-163,241,11,69,112,0,0,0,0,0,0,0,0,0,0,0,0,0,0,0,0,0,0,0,0,0,0,245433
1,1,1,1,1334,-1964,-1464,178,-97,261,5,72,116,0,0,0,0,0,0,0,0,0,0,0,0,0,0,0,0,0,0,0,0,0,0,245443
1,1,1,1,1223,-2056,-1396,-134,-39,191,11,73,115,0,0,0,0,0,0,0,0,0,0,0,0,0,0,0,0,0,0,0,0,0,0,245453
1,1,1,1,1177,-1861,-1394,-127,-25,227,10,74,114,0,0,0,0,0,0,0,0,0,0,0,0,0,0,0,0,0,0,0,0,0,0,245463
1,1,1,1,1235,-1910,-1301,-123,-11,193,13,74,110,0,0,0,0,0,0,0,0,0,0,0,0,0,0,0,0,0,0,0,0,0,0,245473
1,1,1,1,1202,-1933,-1352,-244,8,178,13,76,110,0,0,0,0,0,0,0,0,0,0,0,0,0,0,0,0,0,0,0,0,0,0,245483
1,1,1,1,1256,-2016,-1368,-439,65,196,13,76,108,0,0,0,0,0,0,0,0,0,0,0,0,0,0,0,0,0,0,0,0,0,0,245493
1,1,1,1,1163,-2010,-1378,-633,132,183,16,80,109,0,0,0,0,0,0,0,0,0,0,0,0,0,0,0,0,0,0,0,0,0,0,245503
1,1,1,1,1157,-1967,-1343,-779,148,198,17,79,106,0,0,0,0,0,0,0,0,0,0,0,0,0,0,0,0,0,0,0,0,0,0,245513
1,1,1,1,1137,-1873,-1303,-841,165,235,19,80,104,0,0,0,0,0,0,0,0,0,0,0,0,0,0,0,0,0,0,0,0,0,0,245523
1,1,1,1,1166,-1802,-1256,-666,141,236,20,83,104,0,0,0,0,0,0,0,0,0,0,0,0,0,0,0,0,0,0,0,0,0,0,245533
1,1,1,1,1216,-1808,-1254,-625,105,184,22,82,105,0,0,0,0,0,0,0,0,0,0,0,0,0,0,0,0,0,0,0,0,0,0,245543
1,1,1,1,1211,-1718,-1330,-496,151,152,26,79,101,0,0,0,0,0,0,0,0,0,0,0,0,0,0,0,0,0,0,0,0,0,0,245553
1,1,1,1,1142,-1650,-1325,-322,184,152,25,79,102,0,0,0,0,0,0,0,0,0,0,0,0,0,0,0,0,0,0,0,0,0,0,245563
1,1,1,1,1170,-1736,-1375,-229,232,128,25,80,105,0,0,0,0,0,0,0,0,0,0,0,0,0,0,0,0,0,0,0,0,0,0,245573
1,1,1,1,1124,-1772,-1393,-200,254,128,26,79,103,0,0,0,0,0,0,0,0,0,0,0,0,0,0,0,0,0,0,0,0,0,0,245583
1,1,1,1,1100,-1800,-1414,-188,293,149,24,78,101,0,0,0,0,0,0,0,0,0,0,0,0,0,0,0,0,0,0,0,0,0,0,245593
1,1,1,1,1034,-1850,-1462,-285,418,214,20,76,102,0,0,0,0,0,0,0,0,0,0,0,0,0,0,0,0,0,0,0,0,0,0,245603
1,1,1,1,998,-1788,-1410,-480,546,415,18,75,97,0,0,0,0,0,0,0,0,0,0,0,0,0,0,0,0,0,0,0,0,0,0,245613
1,1,1,1,1010,-1659,-1364,-607,659,739,14,72,95,0,0,0,0,0,0,0,0,0,0,0,0,0,0,0,0,0,0,0,0,0,0,245623
1,1,1,1,965,-1504,-1491,-636,798,1187,12,68,92,0,0,0,0,0,0,0,0,0,0,0,0,0,0,0,0,0,0,0,0,0,0,245633
1,1,1,1,1105,-1487,-1427,-568,765,1516,16,68,96,0,0,0,0,0,0,0,0,0,0,0,0,0,0,0,0,0,0,0,0,0,0,245643
1,1,1,1,1422,-1666,-1095,-344,435,1352,19,68,104,0,0,0,0,0,0,0,0,0,0,0,0,0,0,0,0,0,0,0,0,0,0,245653
1,1,1,1,1543,-1876,-1054,39,343,675,18,70,101,0,0,0,0,0,0,0,0,0,0,0,0,0,0,0,0,0,0,0,0,0,0,245663
1,1,1,1,1637,-1959,-936,399,-56,105,13,68,115,0,0,0,0,0,0,0,0,0,0,0,0,0,0,0,0,0,0,0,0,0,0,245673
1,1,1,1,1497,-2083,-1088,433,-183,-321,5,66,120,0,0,0,0,0,0,0,0,0,0,0,0,0,0,0,0,0,0,0,0,0,0,245683
1,1,1,1,1265,-2003,-1354,336,-194,-306,-6,63,125,0,0,0,0,0,0,0,0,0,0,0,0,0,0,0,0,0,0,0,0,0,0,245693
1,1,1,1,1124,-1997,-1450,250,-191,-274,-9,59,126,0,0,0,0,0,0,0,0,0,0,0,0,0,0,0,0,0,0,0,0,0,0,245703
1,1,1,1,1134,-1950,-1380,223,-194,-277,-8,56,124,0,0,0,0,0,0,0,0,0,0,0,0,0,0,0,0,0,0,0,0,0,0,245713
1,1,1,1,1161,-1904,-1306,281,-227,-337,-6,49,122,0,0,0,0,0,0,0,0,0,0,0,0,0,0,0,0,0,0,0,0,0,0,245723
1,1,1,1,1168,-1905,-1257,404,-259,-451,-8,43,117,0,0,0,0,0,0,0,0,0,0,0,0,0,0,0,0,0,0,0,0,0,0,245733
1,1,1,1,1116,-1946,-1327,546,-295,-604,-9,37,111,0,0,0,0,0,0,0,0,0,0,0,0,0,0,0,0,0,0,0,0,0,0,245743
1,1,1,1,1017,-1956,-1351,566,-298,-620,-12,34,106,0,0,0,0,0,0,0,0,0,0,0,0,0,0,0,0,0,0,0,0,0,0,245753
1,1,1,1,1017,-2021,-1395,533,-271,-647,-13,34,104,0,0,0,0,0,0,0,0,0,0,0,0,0,0,0,0,0,0,0,0,0,0,245763
1,1,1,1,1053,-2028,-1323,455,-296,-619,-12,34,98,0,0,0,0,0,0,0,0,0,0,0,0,0,0,0,0,0,0,0,0,0,0,245773
1,1,1,1,1113,-1991,-1245,308,-314,-505,-12,33,94,0,0,0,0,0,0,0,0,0,0,0,0,0,0,0,0,0,0,0,0,0,0,245783
1,1,1,1,1185,-2069,-1227,64,-294,-364,-12,37,96,0,0,0,0,0,0,0,0,0,0,0,0,0,0,0,0,0,0,0,0,0,0,245793
1,1,1,1,1192,-2114,-1287,-86,-297,-327,-9,33,90,0,0,0,0,0,0,0,0,0,0,0,0,0,0,0,0,0,0,0,0,0,0,245803
1,1,1,1,1244,-2034,-1212,-106,-293,-331,-7,38,91,0,0,0,0,0,0,0,0,0,0,0,0,0,0,0,0,0,0,0,0,0,0,245813
1,1,1,1,1348,-2023,-1126,-10,-357,-438,-2,37,89,0,0,0,0,0,0,0,0,0,0,0,0,0,0,0,0,0,0,0,0,0,0,245823
1,1,1,1,1444,-2105,-1084,126,-520,-656,-1,42,82,0,0,0,0,0,0,0,0,0,0,0,0,0,0,0,0,0,0,0,0,0,0,245833
1,1,1,1,1603,-2096,-928,292,-900,-835,6,41,62,0,0,0,0,0,0,0,0,0,0,0,0,0,0,0,0,0,0,0,0,0,0,245843
1,1,1,1,1633,-1854,-1060,75,-1049,-532,3,31,46,0,0,0,0,0,0,0,0,0,0,0,0,0,0,0,0,0,0,0,0,0,0,245853
1,1,1,1,1031,-1526,-1685,-191,-308,-19,8,25,33,0,0,0,0,0,0,0,0,0,0,0,0,0,0,0,0,0,0,0,0,0,0,245863
1,1,1,1,1029,-1524,-1632,-304,103,455,6,32,48,0,0,0,0,0,0,0,0,0,0,0,0,0,0,0,0,0,0,0,0,0,0,245873
1,1,1,1,1207,-1823,-1451,-343,301,394,7,36,52,0,0,0,0,0,0,0,0,0,0,0,0,0,0,0,0,0,0,0,0,0,0,245883
1,1,1,1,1271,-1848,-1306,-259,259,269,11,37,56,0,0,0,0,0,0,0,0,0,0,0,0,0,0,0,0,0,0,0,0,0,0,245893
1,1,1,1,1157,-1811,-1309,-115,156,160,10,36,56,0,0,0,0,0,0,0,0,0,0,0,0,0,0,0,0,0,0,0,0,0,0,245903
1,1,1,1,1031,-1805,-1390,-91,157,135,10,37,53,0,0,0,0,0,0,0,0,0,0,0,0,0,0,0,0,0,0,0,0,0,0,245913
1,1,1,1,1098,-1839,-1296,-96,94,88,13,38,58,0,0,0,0,0,0,0,0,0,0,0,0,0,0,0,0,0,0,0,0,0,0,245933
1,1,1,1,1085,-1828,-1357,-108,37,54,14,39,56,0,0,0,0,0,0,0,0,0,0,0,0,0,0,0,0,0,0,0,0,0,0,245943
1,1,1,1,1055,-1789,-1426,-110,51,85,13,39,60,0,0,0,0,0,0,0,0,0,0,0,0,0,0,0,0,0,0,0,0,0,0,245953
1,1,1,1,1114,-1818,-1427,-91,61,82,14,40,59,0,0,0,0,0,0,0,0,0,0,0,0,0,0,0,0,0,0,0,0,0,0,245963
1,1,1,1,1179,-1819,-1409,-55,62,40,16,40,58,0,0,0,0,0,0,0,0,0,0,0,0,0,0,0,0,0,0,0,0,0,0,245973
1,1,1,1,1205,-1786,-1379,-24,59,24,14,40,59,0,0,0,0,0,0,0,0,0,0,0,0,0,0,0,0,0,0,0,0,0,0,245983
1,1,1,1,1230,-1782,-1392,-35,82,35,13,41,57,0,0,0,0,0,0,0,0,0,0,0,0,0,0,0,0,0,0,0,0,0,0,245993
1,1,1,1,1230,-1796,-1393,-89,118,66,16,41,54,0,0,0,0,0,0,0,0,0,0,0,0,0,0,0,0,0,0,0,0,0,0,246003
1,1,1,1,1247,-1785,-1383,-132,147,80,17,42,55,0,0,0,0,0,0,0,0,0,0,0,0,0,0,0,0,0,0,0,0,0,0,246013
1,1,1,1,1276,-1729,-1300,-103,124,87,18,44,59,0,0,0,0,0,0,0,0,0,0,0,0,0,0,0,0,0,0,0,0,0,0,246023
1,1,1,1,1320,-1738,-1240,-17,50,55,18,44,61,0,0,0,0,0,0,0,0,0,0,0,0,0,0,0,0,0,0,0,0,0,0,246033
1,1,1,1,1290,-1774,-1292,37,16,-2,19,44,62,0,0,0,0,0,0,0,0,0,0,0,0,0,0,0,0,0,0,0,0,0,0,246043
1,1,1,1,1244,-1767,-1334,99,-8,-30,16,43,65,0,0,0,0,0,0,0,0,0,0,0,0,0,0,0,0,0,0,0,0,0,0,246053
1,1,1,1,1229,-1766,-1354,130,-4,-31,16,44,65,0,0,0,0,0,0,0,0,0,0,0,0,0,0,0,0,0,0,0,0,0,0,246063
1,1,1,1,1224,-1794,-1364,142,-8,-24,17,43,65,0,0,0,0,0,0,0,0,0,0,0,0,0,0,0,0,0,0,0,0,0,0,246073
1,1,1,1,1208,-1820,-1399,106,5,-21,16,44,65,0,0,0,0,0,0,0,0,0,0,0,0,0,0,0,0,0,0,0,0,0,0,246083
1,1,1,1,1162,-1798,-1408,116,67,-1,13,46,63,0,0,0,0,0,0,0,0,0,0,0,0,0,0,0,0,0,0,0,0,0,0,246093
1,1,1,1,1184,-1869,-1310,39,86,69,17,46,65,0,0,0,0,0,0,0,0,0,0,0,0,0,0,0,0,0,0,0,0,0,0,246113
1,1,1,1,1254,-1894,-1166,63,18,61,15,52,68,0,0,0,0,0,0,0,0,0,0,0,0,0,0,0,0,0,0,0,0,0,0,246123
1,1,1,1,1232,-1967,-1219,91,-87,13,15,51,71,0,0,0,0,0,0,0,0,0,0,0,0,0,0,0,0,0,0,0,0,0,0,246133
1,1,1,1,1153,-1967,-1266,112,-140,-8,15,50,72,0,0,0,0,0,0,0,0,0,0,0,0,0,0,0,0,0,0,0,0,0,0,246143
1,1,1,1,1085,-1977,-1346,120,-132,-2,14,52,74,0,0,0,0,0,0,0,0,0,0,0,0,0,0,0,0,0,0,0,0,0,0,246153
1,1,1,1,1062,-2000,-1383,57,-83,31,16,50,75,0,0,0,0,0,0,0,0,0,0,0,0,0,0,0,0,0,0,0,0,0,0,246163
1,1,1,1,1028,-1989,-1392,-4,-28,65,14,52,75,0,0,0,0,0,0,0,0,0,0,0,0,0,0,0,0,0,0,0,0,0,0,246173
1,1,1,1,1038,-1958,-1386,-26,18,78,14,52,75,0,0,0,0,0,0,0,0,0,0,0,0,0,0,0,0,0,0,0,0,0,0,246183
1,1,1,1,1068,-1933,-1398,-35,52,81,15,51,71,0,0,0,0,0,0,0,0,0,0,0,0,0,0,0,0,0,0,0,0,0,0,246193
1,1,1,1,1130,-1877,-1355,-51,91,102,16,53,71,0,0,0,0,0,0,0,0,0,0,0,0,0,0,0,0,0,0,0,0,0,0,246203
1,1,1,1,1186,-1864,-1305,-59,113,110,17,54,70,0,0,0,0,0,0,0,0,0,0,0,0,0,0,0,0,0,0,0,0,0,0,246213
1,1,1,1,1234,-1869,-1262,-73,103,104,17,56,74,0,0,0,0,0,0,0,0,0,0,0,0,0,0,0,0,0,0,0,0,0,0,246223
1,1,1,1,1255,-1894,-1236,-146,75,128,18,56,73,0,0,0,0,0,0,0,0,0,0,0,0,0,0,0,0,0,0,0,0,0,0,246233
1,1,1,1,1229,-1898,-1251,-165,55,121,19,57,77,0,0,0,0,0,0,0,0,0,0,0,0,0,0,0,0,0,0,0,0,0,0,246243
1,1,1,1,1216,-1871,-1284,-139,45,117,18,57,80,0,0,0,0,0,0,0,0,0,0,0,0,0,0,0,0,0,0,0,0,0,0,246253
1,1,1,1,1185,-1868,-1335,-107,40,101,18,57,80,0,0,0,0,0,0,0,0,0,0,0,0,0,0,0,0,0,0,0,0,0,0,246263
1,1,1,1,1170,-1880,-1359,-113,42,106,18,57,78,0,0,0,0,0,0,0,0,0,0,0,0,0,0,0,0,0,0,0,0,0,0,246273
1,1,1,1,1146,-1892,-1383,-155,72,131,19,57,76,0,0,0,0,0,0,0,0,0,0,0,0,0,0,0,0,0,0,0,0,0,0,246283
1,1,1,1,1180,-1867,-1372,-180,99,146,21,57,75,0,0,0,0,0,0,0,0,0,0,0,0,0,0,0,0,0,0,0,0,0,0,246293
1,1,1,1,1217,-1806,-1335,-163,119,150,22,58,73,0,0,0,0,0,0,0,0,0,0,0,0,0,0,0,0,0,0,0,0,0,0,246303
1,1,1,1,1199,-1811,-1354,-136,130,152,21,60,77,0,0,0,0,0,0,0,0,0,0,0,0,0,0,0,0,0,0,0,0,0,0,246313
1,1,1,1,1191,-1821,-1363,-129,141,155,24,61,77,0,0,0,0,0,0,0,0,0,0,0,0,0,0,0,0,0,0,0,0,0,0,246323
1,1,1,1,1155,-1831,-1370,-97,136,127,25,61,77,0,0,0,0,0,0,0,0,0,0,0,0,0,0,0,0,0,0,0,0,0,0,246333
1,1,1,1,1196,-1802,-1317,-109,134,126,27,62,78,0,0,0,0,0,0,0,0,0,0,0,0,0,0,0,0,0,0,0,0,0,0,246343
1,1,1,1,1171,-1823,-1274,-111,85,125,26,62,78,0,0,0,0,0,0,0,0,0,0,0,0,0,0,0,0,0,0,0,0,0,0,246353
1,1,1,1,1150,-1829,-1310,-87,29,95,26,62,80,0,0,0,0,0,0,0,0,0,0,0,0,0,0,0,0,0,0,0,0,0,0,246363
1,1,1,1,1104,-1833,-1333,-62,14,81,27,61,82,0,0,0,0,0,0,0,0,0,0,0,0,0,0,0,0,0,0,0,0,0,0,246373
1,1,1,1,1102,-1864,-1370,-35,14,69,23,64,83,0,0,0,0,0,0,0,0,0,0,0,0,0,0,0,0,0,0,0,0,0,0,246383
1,1,1,1,1126,-1888,-1380,-58,13,71,25,65,82,0,0,0,0,0,0,0,0,0,0,0,0,0,0,0,0,0,0,0,0,0,0,246393
1,1,1,1,1146,-1866,-1351,-34,6,42,25,64,84,0,0,0,0,0,0,0,0,0,0,0,0,0,0,0,0,0,0,0,0,0,0,246403
1,1,1,1,1181,-1836,-1332,3,-1,24,22,64,85,0,0,0,0,0,0,0,0,0,0,0,0,0,0,0,0,0,0,0,0,0,0,246413
1,1,1,1,1184,-1842,-1329,5,-12,18,21,62,88,0,0,0,0,0,0,0,0,0,0,0,0,0,0,0,0,0,0,0,0,0,0,246423
1,1,1,1,1213,-1844,-1289,-19,-31,45,22,59,90,0,0,0,0,0,0,0,0,0,0,0,0,0,0,0,0,0,0,0,0,0,0,246433
1,1,1,1,1224,-1885,-1282,-34,-52,37,18,61,95,0,0,0,0,0,0,0,0,0,0,0,0,0,0,0,0,0,0,0,0,0,0,246443
1,1,1,1,1207,-1905,-1310,-58,-77,17,16,63,101,0,0,0,0,0,0,0,0,0,0,0,0,0,0,0,0,0,0,0,0,0,0,246453
1,1,1,1,1231,-1909,-1340,-91,-86,20,15,63,106,0,0,0,0,0,0,0,0,0,0,0,0,0,0,0,0,0,0,0,0,0,0,246463
1,1,1,1,1154,-1900,-1381,-91,-75,6,16,64,107,0,0,0,0,0,0,0,0,0,0,0,0,0,0,0,0,0,0,0,0,0,0,246473
1,1,1,1,1136,-1862,-1382,-89,-46,39,14,64,110,0,0,0,0,0,0,0,0,0,0,0,0,0,0,0,0,0,0,0,0,0,0,246483
1,1,1,1,1150,-1889,-1357,-119,-29,66,13,65,111,0,0,0,0,0,0,0,0,0,0,0,0,0,0,0,0,0,0,0,0,0,0,246493
1,1,1,1,1179,-1907,-1319,-139,-36,68,13,65,112,0,0,0,0,0,0,0,0,0,0,0,0,0,0,0,0,0,0,0,0,0,0,246503
1,1,1,1,1172,-1898,-1328,-142,-43,46,11,66,115,0,0,0,0,0,0,0,0,0,0,0,0,0,0,0,0,0,0,0,0,0,0,246513
1,1,1,1,1158,-1843,-1335,-99,-52,33,11,67,115,0,0,0,0,0,0,0,0,0,0,0,0,0,0,0,0,0,0,0,0,0,0,246523
1,1,1,1,1166,-1843,-1361,-63,-39,26,9,66,120,0,0,0,0,0,0,0,0,0,0,0,0,0,0,0,0,0,0,0,0,0,0,246533
1,1,1,1,1130,-1862,-1397,-58,-26,12,10,66,118,0,0,0,0,0,0,0,0,0,0,0,0,0,0,0,0,0,0,0,0,0,0,246543
1,1,1,1,1124,-1864,-1399,-49,7,17,9,68,120,0,0,0,0,0,0,0,0,0,0,0,0,0,0,0,0,0,0,0,0,0,0,246553
1,1,1,1,1164,-1865,-1342,-87,1,51,9,68,121,0,0,0,0,0,0,0,0,0,0,0,0,0,0,0,0,0,0,0,0,0,0,246563
1,1,1,1,1176,-1875,-1329,-147,0,75,8,68,120,0,0,0,0,0,0,0,0,0,0,0,0,0,0,0,0,0,0,0,0,0,0,246573
1,1,1,1,1127,-1916,-1407,-184,14,100,10,68,125,0,0,0,0,0,0,0,0,0,0,0,0,0,0,0,0,0,0,0,0,0,0,246583
1,1,1,1,1119,-1892,-1402,-156,33,99,12,68,124,0,0,0,0,0,0,0,0,0,0,0,0,0,0,0,0,0,0,0,0,0,0,246593
1,1,1,1,1136,-1854,-1393,-113,37,87,13,68,122,0,0,0,0,0,0,0,0,0,0,0,0,0,0,0,0,0,0,0,0,0,0,246603
1,1,1,1,1131,-1828,-1399,-63,44,77,13,68,123,0,0,0,0,0,0,0,0,0,0,0,0,0,0,0,0,0,0,0,0,0,0,246613
1,1,1,1,1137,-1812,-1356,-45,34,73,14,68,123,0,0,0,0,0,0,0,0,0,0,0,0,0,0,0,0,0,0,0,0,0,0,246623
1,1,1,1,1140,-1832,-1348,-51,16,55,13,68,121,0,0,0,0,0,0,0,0,0,0,0,0,0,0,0,0,0,0,0,0,0,0,246633
1,1,1,1,1111,-1820,-1369,-49,7,56,14,68,120,0,0,0,0,0,0,0,0,0,0,0,0,0,0,0,0,0,0,0,0,0,0,246643
1,1,1,1,1159,-1827,-1371,-50,0,93,16,68,123,0,0,0,0,0,0,0,0,0,0,0,0,0,0,0,0,0,0,0,0,0,0,246653
1,1,1,1,1123,-1864,-1390,-47,-6,59,13,69,125,0,0,0,0,0,0,0,0,0,0,0,0,0,0,0,0,0,0,0,0,0,0,246663
1,1,1,1,1133,-1828,-1406,-39,-10,58,13,70,124,0,0,0,0,0,0,0,0,0,0,0,0,0,0,0,0,0,0,0,0,0,0,246673
1,1,1,1,1139,-1836,-1402,-28,-19,43,17,65,125,0,0,0,0,0,0,0,0,0,0,0,0,0,0,0,0,0,0,0,0,0,0,246683
1,1,1,1,1144,-1826,-1384,-4,-17,22,11,71,123,0,0,0,0,0,0,0,0,0,0,0,0,0,0,0,0,0,0,0,0,0,0,246693
1,1,1,1,1155,-1821,-1344,-7,-36,18,16,66,122,0,0,0,0,0,0,0,0,0,0,0,0,0,0,0,0,0,0,0,0,0,0,246703
1,1,1,1,1162,-1839,-1340,14,-61,0,14,68,122,0,0,0,0,0,0,0,0,0,0,0,0,0,0,0,0,0,0,0,0,0,0,246713
1,1,1,1,1139,-1837,-1378,29,-58,-2,11,70,124,0,0,0,0,0,0,0,0,0,0,0,0,0,0,0,0,0,0,0,0,0,0,246723
1,1,1,1,1116,-1849,-1399,20,-51,16,13,68,126,0,0,0,0,0,0,0,0,0,0,0,0,0,0,0,0,0,0,0,0,0,0,246733
1,1,1,1,1071,-1876,-1401,27,-32,-5,13,71,128,0,0,0,0,0,0,0,0,0,0,0,0,0,0,0,0,0,0,0,0,0,0,246743
1,1,1,1,1143,-1865,-1414,42,-13,14,15,70,128,0,0,0,0,0,0,0,0,0,0,0,0,0,0,0,0,0,0,0,0,0,0,246753
1,1,1,1,1119,-1901,-1405,28,-18,1,19,69,123,0,0,0,0,0,0,0,0,0,0,0,0,0,0,0,0,0,0,0,0,0,0,246763
1,1,1,1,1105,-1858,-1379,51,-6,-5,20,69,125,0,0,0,0,0,0,0,0,0,0,0,0,0,0,0,0,0,0,0,0,0,0,246773
1,1,1,1,1142,-1829,-1346,74,-2,-4,17,70,123,0,0,0,0,0,0,0,0,0,0,0,0,0,0,0,0,0,0,0,0,0,0,246783
1,1,1,1,1154,-1859,-1352,82,-5,-18,18,71,120,0,0,0,0,0,0,0,0,0,0,0,0,0,0,0,0,0,0,0,0,0,0,246793
1,1,1,1,1158,-1870,-1343,47,-11,-4,16,71,121,0,0,0,0,0,0,0,0,0,0,0,0,0,0,0,0,0,0,0,0,0,0,246803
1,1,1,1,1175,-1909,-1343,-31,-17,36,16,71,125,0,0,0,0,0,0,0,0,0,0,0,0,0,0,0,0,0,0,0,0,0,0,246813
1,1,1,1,1159,-1926,-1357,-61,-13,33,15,70,123,0,0,0,0,0,0,0,0,0,0,0,0,0,0,0,0,0,0,0,0,0,0,246823
1,1,1,1,1158,-1902,-1361,-82,-16,47,13,71,125,0,0,0,0,0,0,0,0,0,0,0,0,0,0,0,0,0,0,0,0,0,0,246833
1,1,1,1,1145,-1916,-1380,-89,-8,55,15,71,125,0,0,0,0,0,0,0,0,0,0,0,0,0,0,0,0,0,0,0,0,0,0,246843
1,1,1,1,1150,-1880,-1369,-68,-12,53,16,71,124,0,0,0,0,0,0,0,0,0,0,0,0,0,0,0,0,0,0,0,0,0,0,246853
1,1,1,1,1163,-1854,-1354,-36,-9,50,16,71,124,0,0,0,0,0,0,0,0,0,0,0,0,0,0,0,0,0,0,0,0,0,0,246863
1,1,1,1,1150,-1843,-1368,-2,-6,47,14,71,122,0,0,0,0,0,0,0,0,0,0,0,0,0,0,0,0,0,0,0,0,0,0,246873
1,1,1,1,1144,-1833,-1358,13,3,54,14,70,124,0,0,0,0,0,0,0,0,0,0,0,0,0,0,0,0,0,0,0,0,0,0,246883
1,1,1,1,1151,-1847,-1351,12,-7,52,13,71,127,0,0,0,0,0,0,0,0,0,0,0,0,0,0,0,0,0,0,0,0,0,0,246893
1,1,1,1,1146,-1871,-1359,-5,-8,45,12,71,130,0,0,0,0,0,0,0,0,0,0,0,0,0,0,0,0,0,0,0,0,0,0,246903
1,1,1,1,1130,-1879,-1376,-43,-16,50,10,72,131,0,0,0,0,0,0,0,0,0,0,0,0,0,0,0,0,0,0,0,0,0,0,246913
1,1,1,1,1130,-1876,-1398,-64,-17,56,12,72,129,0,0,0,0,0,0,0,0,0,0,0,0,0,0,0,0,0,0,0,0,0,0,246923
1,1,1,1,1146,-1850,-1392,-58,-15,67,10,71,128,0,0,0,0,0,0,0,0,0,0,0,0,0,0,0,0,0,0,0,0,0,0,246933
1,1,1,1,1153,-1837,-1379,-45,-11,71,12,70,130,0,0,0,0,0,0,0,0,0,0,0,0,0,0,0,0,0,0,0,0,0,0,246943
1,1,1,1,1156,-1841,-1380,-27,-4,67,11,71,133,0,0,0,0,0,0,0,0,0,0,0,0,0,0,0,0,0,0,0,0,0,0,246953
1,1,1,1,1135,-1846,-1371,-2,1,55,9,71,131,0,0,0,0,0,0,0,0,0,0,0,0,0,0,0,0,0,0,0,0,0,0,246963
1,1,1,1,1125,-1849,-1367,2,-1,64,10,72,132,0,0,0,0,0,0,0,0,0,0,0,0,0,0,0,0,0,0,0,0,0,0,246973
1,1,1,1,1112,-1896,-1386,-18,2,66,9,71,129,0,0,0,0,0,0,0,0,0,0,0,0,0,0,0,0,0,0,0,0,0,0,246983
1,1,1,1,1116,-1910,-1380,-41,-5,61,10,70,130,0,0,0,0,0,0,0,0,0,0,0,0,0,0,0,0,0,0,0,0,0,0,246993
1,1,1,1,1112,-1891,-1392,-45,-9,58,11,68,129,0,0,0,0,0,0,0,0,0,0,0,0,0,0,0,0,0,0,0,0,0,0,247003
1,1,1,1,1100,-1874,-1396,-28,-15,58,7,73,132,0,0,0,0,0,0,0,0,0,0,0,0,0,0,0,0,0,0,0,0,0,0,247013
1,1,1,1,1102,-1883,-1393,-26,-13,49,7,72,132,0,0,0,0,0,0,0,0,0,0,0,0,0,0,0,0,0,0,0,0,0,0,247023
1,1,1,1,1106,-1902,-1399,-48,-14,45,6,73,132,0,0,0,0,0,0,0,0,0,0,0,0,0,0,0,0,0,0,0,0,0,0,247033
1,1,1,1,1110,-1889,-1392,-49,-11,29,9,70,132,0,0,0,0,0,0,0,0,0,0,0,0,0,0,0,0,0,0,0,0,0,0,247043
1,1,1,1,1123,-1860,-1370,-23,-10,19,11,68,131,0,0,0,0,0,0,0,0,0,0,0,0,0,0,0,0,0,0,0,0,0,0,247053
1,1,1,1,1135,-1850,-1373,-6,-1,23,13,68,131,0,0,0,0,0,0,0,0,0,0,0,0,0,0,0,0,0,0,0,0,0,0,247063
1,1,1,1,1140,-1861,-1375,6,-10,14,12,70,130,0,0,0,0,0,0,0,0,0,0,0,0,0,0,0,0,0,0,0,0,0,0,247073
1,1,1,1,1147,-1857,-1393,24,1,10,12,71,132,0,0,0,0,0,0,0,0,0,0,0,0,0,0,0,0,0,0,0,0,0,0,247083
1,1,1,1,1143,-1844,-1376,37,1,10,11,71,132,0,0,0,0,0,0,0,0,0,0,0,0,0,0,0,0,0,0,0,0,0,0,247093
1,1,1,1,1141,-1859,-1382,47,-5,5,11,72,132,0,0,0,0,0,0,0,0,0,0,0,0,0,0,0,0,0,0,0,0,0,0,247103
1,1,1,1,1118,-1874,-1390,47,-6,-4,11,71,133,0,0,0,0,0,0,0,0,0,0,0,0,0,0,0,0,0,0,0,0,0,0,247113
1,1,1,1,1106,-1885,-1381,36,-10,-17,7,72,133,0,0,0,0,0,0,0,0,0,0,0,0,0,0,0,0,0,0,0,0,0,0,247123
1,1,1,1,1099,-1885,-1383,21,-17,-19,7,72,129,0,0,0,0,0,0,0,0,0,0,0,0,0,0,0,0,0,0,0,0,0,0,247133
1,1,1,1,1093,-1881,-1385,-9,-22,-5,9,72,131,0,0,0,0,0,0,0,0,0,0,0,0,0,0,0,0,0,0,0,0,0,0,247143
1,1,1,1,1098,-1880,-1385,5,-20,-12,9,73,127,0,0,0,0,0,0,0,0,0,0,0,0,0,0,0,0,0,0,0,0,0,0,247153
1,1,1,1,1105,-1873,-1392,32,-13,-26,9,73,131,0,0,0,0,0,0,0,0,0,0,0,0,0,0,0,0,0,0,0,0,0,0,247163
1,1,1,1,1121,-1870,-1382,28,-11,-16,10,72,130,0,0,0,0,0,0,0,0,0,0,0,0,0,0,0,0,0,0,0,0,0,0,247173
1,1,1,1,1134,-1883,-1377,16,-8,-6,9,72,130,0,0,0,0,0,0,0,0,0,0,0,0,0,0,0,0,0,0,0,0,0,0,247183
1,1,1,1,1138,-1880,-1367,10,-4,-2,7,73,131,0,0,0,0,0,0,0,0,0,0,0,0,0,0,0,0,0,0,0,0,0,0,247193
1,1,1,1,1132,-1888,-1372,7,2,-4,9,72,131,0,0,0,0,0,0,0,0,0,0,0,0,0,0,0,0,0,0,0,0,0,0,247203
1,1,1,1,1125,-1890,-1368,4,0,-9,9,72,128,0,0,0,0,0,0,0,0,0,0,0,0,0,0,0,0,0,0,0,0,0,0,247213
1,1,1,1,1124,-1904,-1380,6,7,-26,11,72,127,0,0,0,0,0,0,0,0,0,0,0,0,0,0,0,0,0,0,0,0,0,0,247223
1,1,1,1,1133,-1886,-1383,-17,5,-26,10,72,126,0,0,0,0,0,0,0,0,0,0,0,0,0,0,0,0,0,0,0,0,0,0,247233
1,1,1,1,1110,-1841,-1372,-9,3,-15,11,72,125,0,0,0,0,0,0,0,0,0,0,0,0,0,0,0,0,0,0,0,0,0,0,247243
1,1,1,1,1137,-1850,-1387,4,14,-5,12,73,124,0,0,0,0,0,0,0,0,0,0,0,0,0,0,0,0,0,0,0,0,0,0,247253
1,1,1,1,1127,-1872,-1362,0,-2,-32,14,71,125,0,0,0,0,0,0,0,0,0,0,0,0,0,0,0,0,0,0,0,0,0,0,247263
1,1,1,1,1116,-1845,-1356,7,-11,-28,12,73,122,0,0,0,0,0,0,0,0,0,0,0,0,0,0,0,0,0,0,0,0,0,0,247273
1,1,1,1,1094,-1872,-1385,18,-2,-15,10,72,125,0,0,0,0,0,0,0,0,0,0,0,0,0,0,0,0,0,0,0,0,0,0,247283
1,1,1,1,1114,-1895,-1379,4,-8,-12,9,73,128,0,0,0,0,0,0,0,0,0,0,0,0,0,0,0,0,0,0,0,0,0,0,247293
1,1,1,1,1133,-1903,-1389,-17,-12,-24,11,69,126,0,0,0,0,0,0,0,0,0,0,0,0,0,0,0,0,0,0,0,0,0,0,247303
1,1,1,1,1141,-1892,-1390,-13,-9,-29,7,75,129,0,0,0,0,0,0,0,0,0,0,0,0,0,0,0,0,0,0,0,0,0,0,247313
1,1,1,1,1139,-1875,-1389,0,-4,-34,10,69,128,0,0,0,0,0,0,0,0,0,0,0,0,0,0,0,0,0,0,0,0,0,0,247323
1,1,1,1,1143,-1866,-1390,20,-2,-35,8,70,125,0,0,0,0,0,0,0,0,0,0,0,0,0,0,0,0,0,0,0,0,0,0,247333
1,1,1,1,1130,-1854,-1407,29,-4,-29,10,72,126,0,0,0,0,0,0,0,0,0,0,0,0,0,0,0,0,0,0,0,0,0,0,247343
1,1,1,1,1116,-1844,-1379,35,-11,-22,10,73,127,0,0,0,0,0,0,0,0,0,0,0,0,0,0,0,0,0,0,0,0,0,0,247353
1,1,1,1,1111,-1857,-1381,34,-17,-24,12,72,128,0,0,0,0,0,0,0,0,0,0,0,0,0,0,0,0,0,0,0,0,0,0,247363
1,1,1,1,1093,-1875,-1380,19,-13,-30,13,71,127,0,0,0,0,0,0,0,0,0,0,0,0,0,0,0,0,0,0,0,0,0,0,247373
1,1,1,1,1097,-1878,-1375,-4,-16,-22,15,72,126,0,0,0,0,0,0,0,0,0,0,0,0,0,0,0,0,0,0,0,0,0,0,247383
1,1,1,1,1124,-1878,-1361,-32,-24,-19,10,73,128,0,0,0,0,0,0,0,0,0,0,0,0,0,0,0,0,0,0,0,0,0,0,247393
1,1,1,1,1138,-1871,-1354,-36,-29,-22,12,72,129,0,0,0,0,0,0,0,0,0,0,0,0,0,0,0,0,0,0,0,0,0,0,247403
1,1,1,1,1152,-1872,-1378,-30,-22,-11,12,73,132,0,0,0,0,0,0,0,0,0,0,0,0,0,0,0,0,0,0,0,0,0,0,247413
1,1,1,1,1139,-1891,-1384,-31,-13,-12,11,72,130,0,0,0,0,0,0,0,0,0,0,0,0,0,0,0,0,0,0,0,0,0,0,247423
1,1,1,1,1138,-1876,-1374,-23,-7,-11,11,72,130,0,0,0,0,0,0,0,0,0,0,0,0,0,0,0,0,0,0,0,0,0,0,247433
1,1,1,1,1130,-1849,-1382,1,1,-7,10,73,132,0,0,0,0,0,0,0,0,0,0,0,0,0,0,0,0,0,0,0,0,0,0,247443
1,1,1,1,1127,-1839,-1382,35,4,-6,12,72,129,0,0,0,0,0,0,0,0,0,0,0,0,0,0,0,0,0,0,0,0,0,0,247453
1,1,1,1,1122,-1843,-1370,48,-4,-8,12,73,128,0,0,0,0,0,0,0,0,0,0,0,0,0,0,0,0,0,0,0,0,0,0,247463
1,1,1,1,1113,-1867,-1360,45,-12,-7,12,73,129,0,0,0,0,0,0,0,0,0,0,0,0,0,0,0,0,0,0,0,0,0,0,247473
1,1,1,1,1108,-1882,-1367,45,-17,-11,10,73,129,0,0,0,0,0,0,0,0,0,0,0,0,0,0,0,0,0,0,0,0,0,0,247483
1,1,1,1,1105,-1895,-1378,36,-19,-16,12,72,129,0,0,0,0,0,0,0,0,0,0,0,0,0,0,0,0,0,0,0,0,0,0,247493
1,1,1,1,1110,-1891,-1374,25,-17,-16,12,72,129,0,0,0,0,0,0,0,0,0,0,0,0,0,0,0,0,0,0,0,0,0,0,247503
1,1,1,1,1125,-1900,-1371,-1,-11,-5,10,72,131,0,0,0,0,0,0,0,0,0,0,0,0,0,0,0,0,0,0,0,0,0,0,247513
1,1,1,1,1126,-1904,-1378,-19,-7,-2,10,72,131,0,0,0,0,0,0,0,0,0,0,0,0,0,0,0,0,0,0,0,0,0,0,247523
1,1,1,1,1141,-1874,-1365,-19,-5,12,10,73,132,0,0,0,0,0,0,0,0,0,0,0,0,0,0,0,0,0,0,0,0,0,0,247533
1,1,1,1,1142,-1876,-1362,-14,4,17,10,73,133,0,0,0,0,0,0,0,0,0,0,0,0,0,0,0,0,0,0,0,0,0,0,247543
1,1,1,1,1140,-1871,-1377,-8,5,17,8,72,133,0,0,0,0,0,0,0,0,0,0,0,0,0,0,0,0,0,0,0,0,0,0,247553
1,1,1,1,1137,-1875,-1381,-12,-3,22,9,74,132,0,0,0,0,0,0,0,0,0,0,0,0,0,0,0,0,0,0,0,0,0,0,247563
1,1,1,1,1144,-1885,-1366,-26,-5,24,7,73,134,0,0,0,0,0,0,0,0,0,0,0,0,0,0,0,0,0,0,0,0,0,0,247573
1,1,1,1,1151,-1887,-1361,-37,-8,15,6,75,133,0,0,0,0,0,0,0,0,0,0,0,0,0,0,0,0,0,0,0,0,0,0,247583
1,1,1,1,1143,-1882,-1367,-44,-8,14,5,75,136,0,0,0,0,0,0,0,0,0,0,0,0,0,0,0,0,0,0,0,0,0,0,247593
1,1,1,1,1137,-1866,-1371,-29,-16,11,6,74,134,0,0,0,0,0,0,0,0,0,0,0,0,0,0,0,0,0,0,0,0,0,0,247603
1,1,1,1,1129,-1862,-1390,-11,-11,4,8,71,133,0,0,0,0,0,0,0,0,0,0,0,0,0,0,0,0,0,0,0,0,0,0,247613
1,1,1,1,1134,-1857,-1380,-18,1,14,4,76,134,0,0,0,0,0,0,0,0,0,0,0,0,0,0,0,0,0,0,0,0,0,0,247623
1,1,1,1,1141,-1872,-1376,-29,0,10,5,74,136,0,0,0,0,0,0,0,0,0,0,0,0,0,0,0,0,0,0,0,0,0,0,247633
1,1,1,1,1135,-1867,-1375,-30,-3,2,6,76,136,0,0,0,0,0,0,0,0,0,0,0,0,0,0,0,0,0,0,0,0,0,0,247643
1,1,1,1,1139,-1849,-1355,-17,-2,4,7,76,136,0,0,0,0,0,0,0,0,0,0,0,0,0,0,0,0,0,0,0,0,0,0,247653
1,1,1,1,1139,-1880,-1375,-5,-1,-3,7,74,134,0,0,0,0,0,0,0,0,0,0,0,0,0,0,0,0,0,0,0,0,0,0,247663
1,1,1,1,1129,-1886,-1376,-9,-4,-9,6,74,136,0,0,0,0,0,0,0,0,0,0,0,0,0,0,0,0,0,0,0,0,0,0,247673
1,1,1,1,1139,-1886,-1369,-20,-5,0,9,73,137,0,0,0,0,0,0,0,0,0,0,0,0,0,0,0,0,0,0,0,0,0,0,247683
1,1,1,1,1137,-1906,-1393,-48,-11,-4,8,73,140,0,0,0,0,0,0,0,0,0,0,0,0,0,0,0,0,0,0,0,0,0,0,247693
1,1,1,1,1136,-1870,-1381,-51,-3,1,8,73,138,0,0,0,0,0,0,0,0,0,0,0,0,0,0,0,0,0,0,0,0,0,0,247703
1,1,1,1,1132,-1850,-1379,-37,7,14,7,73,139,0,0,0,0,0,0,0,0,0,0,0,0,0,0,0,0,0,0,0,0,0,0,247713
1,1,1,1,1126,-1856,-1383,-17,2,6,8,73,140,0,0,0,0,0,0,0,0,0,0,0,0,0,0,0,0,0,0,0,0,0,0,247723
1,1,1,1,1126,-1856,-1383,-14,-2,3,6,73,138,0,0,0,0,0,0,0,0,0,0,0,0,0,0,0,0,0,0,0,0,0,0,247733
1,1,1,1,1127,-1864,-1360,-27,-13,7,6,73,137,0,0,0,0,0,0,0,0,0,0,0,0,0,0,0,0,0,0,0,0,0,0,247743
1,1,1,1,1117,-1884,-1394,-32,-16,-4,5,73,138,0,0,0,0,0,0,0,0,0,0,0,0,0,0,0,0,0,0,0,0,0,0,247753
1,1,1,1,1117,-1865,-1394,-23,-20,-10,8,73,138,0,0,0,0,0,0,0,0,0,0,0,0,0,0,0,0,0,0,0,0,0,0,247763
1,1,1,1,1131,-1854,-1392,-22,-10,-5,8,72,139,0,0,0,0,0,0,0,0,0,0,0,0,0,0,0,0,0,0,0,0,0,0,247773
1,1,1,1,1137,-1846,-1380,-14,-7,-1,7,72,139,0,0,0,0,0,0,0,0,0,0,0,0,0,0,0,0,0,0,0,0,0,0,247783
1,1,1,1,1136,-1841,-1376,7,-6,2,5,73,136,0,0,0,0,0,0,0,0,0,0,0,0,0,0,0,0,0,0,0,0,0,0,247793
1,1,1,1,1138,-1846,-1371,11,1,10,6,73,136,0,0,0,0,0,0,0,0,0,0,0,0,0,0,0,0,0,0,0,0,0,0,247803
1,1,1,1,1131,-1877,-1394,8,4,6,5,73,134,0,0,0,0,0,0,0,0,0,0,0,0,0,0,0,0,0,0,0,0,0,0,247813
1,1,1,1,1126,-1863,-1386,6,0,1,7,73,137,0,0,0,0,0,0,0,0,0,0,0,0,0,0,0,0,0,0,0,0,0,0,247823
1,1,1,1,1137,-1855,-1361,-7,-7,1,5,72,137,0,0,0,0,0,0,0,0,0,0,0,0,0,0,0,0,0,0,0,0,0,0,247833
1,1,1,1,1135,-1863,-1397,-5,-15,-5,7,73,137,0,0,0,0,0,0,0,0,0,0,0,0,0,0,0,0,0,0,0,0,0,0,247843
1,1,1,1,1125,-1854,-1391,1,-5,-1,7,73,138,0,0,0,0,0,0,0,0,0,0,0,0,0,0,0,0,0,0,0,0,0,0,247853
1,1,1,1,1138,-1854,-1377,-9,-4,5,6,72,138,0,0,0,0,0,0,0,0,0,0,0,0,0,0,0,0,0,0,0,0,0,0,247863
1,1,1,1,1139,-1874,-1360,-37,-10,21,5,73,136,0,0,0,0,0,0,0,0,0,0,0,0,0,0,0,0,0,0,0,0,0,0,247873
1,1,1,1,1136,-1894,-1376,-45,-12,16,5,73,139,0,0,0,0,0,0,0,0,0,0,0,0,0,0,0,0,0,0,0,0,0,0,247883
1,1,1,1,1126,-1869,-1384,-24,-8,10,6,71,134,0,0,0,0,0,0,0,0,0,0,0,0,0,0,0,0,0,0,0,0,0,0,247893
1,1,1,1,1120,-1864,-1385,-8,-4,6,6,72,138,0,0,0,0,0,0,0,0,0,0,0,0,0,0,0,0,0,0,0,0,0,0,247903
1,1,1,1,1123,-1865,-1379,12,1,-2,5,72,139,0,0,0,0,0,0,0,0,0,0,0,0,0,0,0,0,0,0,0,0,0,0,247913
1,1,1,1,1126,-1866,-1375,22,3,-11,5,71,139,0,0,0,0,0,0,0,0,0,0,0,0,0,0,0,0,0,0,0,0,0,0,247923
1,1,1,1,1127,-1863,-1375,10,-5,-8,7,72,136,0,0,0,0,0,0,0,0,0,0,0,0,0,0,0,0,0,0,0,0,0,0,247933
1,1,1,1,1137,-1871,-1362,2,3,-3,2,74,138,0,0,0,0,0,0,0,0,0,0,0,0,0,0,0,0,0,0,0,0,0,0,247943
1,1,1,1,1151,-1878,-1355,-22,-15,0,7,72,135,0,0,0,0,0,0,0,0,0,0,0,0,0,0,0,0,0,0,0,0,0,0,247953
1,1,1,1,1143,-1884,-1386,-36,-4,7,6,73,140,0,0,0,0,0,0,0,0,0,0,0,0,0,0,0,0,0,0,0,0,0,0,247963
1,1,1,1,1146,-1868,-1380,-38,-11,5,6,72,138,0,0,0,0,0,0,0,0,0,0,0,0,0,0,0,0,0,0,0,0,0,0,247973
1,1,1,1,1154,-1844,-1359,-12,-7,6,6,72,138,0,0,0,0,0,0,0,0,0,0,0,0,0,0,0,0,0,0,0,0,0,0,247983
1,1,1,1,1142,-1857,-1386,12,4,-3,6,72,139,0,0,0,0,0,0,0,0,0,0,0,0,0,0,0,0,0,0,0,0,0,0,247993
1,1,1,1,1128,-1857,-1379,18,4,-10,6,73,140,0,0,0,0,0,0,0,0,0,0,0,0,0,0,0,0,0,0,0,0,0,0,248003
1,1,1,1,1127,-1873,-1386,18,-2,-16,5,72,139,0,0,0,0,0,0,0,0,0,0,0,0,0,0,0,0,0,0,0,0,0,0,248013
1,1,1,1,1132,-1877,-1386,-1,-5,-21,2,73,141,0,0,0,0,0,0,0,0,0,0,0,0,0,0,0,0,0,0,0,0,0,0,248023
1,1,1,1,1138,-1870,-1387,-2,-2,-22,2,73,141,0,0,0,0,0,0,0,0,0,0,0,0,0,0,0,0,0,0,0,0,0,0,248033
1,1,1,1,1138,-1857,-1383,-15,-10,-18,4,71,142,0,0,0,0,0,0,0,0,0,0,0,0,0,0,0,0,0,0,0,0,0,0,248043
1,1,1,1,1140,-1856,-1375,-23,-20,1,4,72,142,0,0,0,0,0,0,0,0,0,0,0,0,0,0,0,0,0,0,0,0,0,0,248053
1,1,1,1,1137,-1877,-1378,-18,-9,-2,4,73,140,0,0,0,0,0,0,0,0,0,0,0,0,0,0,0,0,0,0,0,0,0,0,248063
1,1,1,1,1131,-1875,-1379,-10,-7,-2,5,72,140,0,0,0,0,0,0,0,0,0,0,0,0,0,0,0,0,0,0,0,0,0,0,248073
1,1,1,1,1141,-1869,-1368,-7,-1,5,3,73,141,0,0,0,0,0,0,0,0,0,0,0,0,0,0,0,0,0,0,0,0,0,0,248083
1,1,1,1,1144,-1874,-1368,-14,-10,7,4,72,140,0,0,0,0,0,0,0,0,0,0,0,0,0,0,0,0,0,0,0,0,0,0,248093
1,1,1,1,1132,-1863,-1381,-9,3,3,3,72,142,0,0,0,0,0,0,0,0,0,0,0,0,0,0,0,0,0,0,0,0,0,0,248103
1,1,1,1,1132,-1855,-1375,-4,2,10,2,73,139,0,0,0,0,0,0,0,0,0,0,0,0,0,0,0,0,0,0,0,0,0,0,248113
1,1,1,1,1131,-1846,-1379,-5,-1,8,4,72,140,0,0,0,0,0,0,0,0,0,0,0,0,0,0,0,0,0,0,0,0,0,0,248123
1,1,1,1,1130,-1858,-1387,7,-10,-7,4,73,142,0,0,0,0,0,0,0,0,0,0,0,0,0,0,0,0,0,0,0,0,0,0,248133
1,1,1,1,1128,-1852,-1375,19,-9,-12,5,73,140,0,0,0,0,0,0,0,0,0,0,0,0,0,0,0,0,0,0,0,0,0,0,248143
1,1,1,1,1137,-1856,-1368,21,-6,-12,4,73,137,0,0,0,0,0,0,0,0,0,0,0,0,0,0,0,0,0,0,0,0,0,0,248153
1,1,1,1,1147,-1866,-1361,22,-7,-14,3,73,138,0,0,0,0,0,0,0,0,0,0,0,0,0,0,0,0,0,0,0,0,0,0,248163
1,1,1,1,1145,-1881,-1365,6,-10,-7,6,72,138,0,0,0,0,0,0,0,0,0,0,0,0,0,0,0,0,0,0,0,0,0,0,248173
1,1,1,1,1145,-1887,-1371,-8,-12,0,3,76,139,0,0,0,0,0,0,0,0,0,0,0,0,0,0,0,0,0,0,0,0,0,0,248183
1,1,1,1,1140,-1874,-1385,-4,-14,10,2,74,137,0,0,0,0,0,0,0,0,0,0,0,0,0,0,0,0,0,0,0,0,0,0,248193
1,1,1,1,1141,-1879,-1371,1,-13,13,3,74,140,0,0,0,0,0,0,0,0,0,0,0,0,0,0,0,0,0,0,0,0,0,0,248203
1,1,1,1,1135,-1877,-1373,7,-9,10,4,73,139,0,0,0,0,0,0,0,0,0,0,0,0,0,0,0,0,0,0,0,0,0,0,248213
1,1,1,1,1135,-1871,-1366,-5,-10,15,2,75,139,0,0,0,0,0,0,0,0,0,0,0,0,0,0,0,0,0,0,0,0,0,0,248223
1,1,1,1,1141,-1874,-1367,-1,-10,10,3,73,139,0,0,0,0,0,0,0,0,0,0,0,0,0,0,0,0,0,0,0,0,0,0,248233
1,1,1,1,1142,-1867,-1365,6,-3,2,3,72,137,0,0,0,0,0,0,0,0,0,0,0,0,0,0,0,0,0,0,0,0,0,0,248243
1,1,1,1,1139,-1874,-1363,-10,-16,0,2,73,138,0,0,0,0,0,0,0,0,0,0,0,0,0,0,0,0,0,0,0,0,0,0,248253
1,1,1,1,1145,-1887,-1363,-33,-11,8,3,72,138,0,0,0,0,0,0,0,0,0,0,0,0,0,0,0,0,0,0,0,0,0,0,248263
1,1,1,1,1139,-1881,-1373,-42,-10,7,2,74,137,0,0,0,0,0,0,0,0,0,0,0,0,0,0,0,0,0,0,0,0,0,0,248273
1,1,1,1,1135,-1873,-1382,-37,-9,6,4,73,138,0,0,0,0,0,0,0,0,0,0,0,0,0,0,0,0,0,0,0,0,0,0,248283
1,1,1,1,1142,-1851,-1383,-21,-7,11,3,73,138,0,0,0,0,0,0,0,0,0,0,0,0,0,0,0,0,0,0,0,0,0,0,248293
1,1,1,1,1145,-1853,-1373,-7,-3,4,5,72,139,0,0,0,0,0,0,0,0,0,0,0,0,0,0,0,0,0,0,0,0,0,0,248303
1,1,1,1,1138,-1856,-1379,-10,-2,6,3,73,141,0,0,0,0,0,0,0,0,0,0,0,0,0,0,0,0,0,0,0,0,0,0,248313
1,1,1,1,1140,-1865,-1380,-29,-1,9,3,73,140,0,0,0,0,0,0,0,0,0,0,0,0,0,0,0,0,0,0,0,0,0,0,248323
1,1,1,1,1135,-1860,-1379,-34,0,10,4,73,141,0,0,0,0,0,0,0,0,0,0,0,0,0,0,0,0,0,0,0,0,0,0,248333
1,1,1,1,1137,-1855,-1375,-23,-4,-1,4,72,139,0,0,0,0,0,0,0,0,0,0,0,0,0,0,0,0,0,0,0,0,0,0,248343
1,1,1,1,1137,-1865,-1381,-31,-13,3,5,73,138,0,0,0,0,0,0,0,0,0,0,0,0,0,0,0,0,0,0,0,0,0,0,248353
1,1,1,1,1146,-1877,-1380,-46,-16,11,4,71,140,0,0,0,0,0,0,0,0,0,0,0,0,0,0,0,0,0,0,0,0,0,0,248363
1,1,1,1,1148,-1850,-1366,-22,-16,6,4,72,140,0,0,0,0,0,0,0,0,0,0,0,0,0,0,0,0,0,0,0,0,0,0,248373
1,1,1,1,1149,-1850,-1376,7,-7,2,3,72,141,0,0,0,0,0,0,0,0,0,0,0,0,0,0,0,0,0,0,0,0,0,0,248383
1,1,1,1,1139,-1870,-1391,9,-8,-4,2,72,141,0,0,0,0,0,0,0,0,0,0,0,0,0,0,0,0,0,0,0,0,0,0,248393
1,1,1,1,1139,-1868,-1388,-1,-7,-3,2,73,140,0,0,0,0,0,0,0,0,0,0,0,0,0,0,0,0,0,0,0,0,0,0,248403
1,1,1,1,1142,-1873,-1382,-16,-1,4,2,72,141,0,0,0,0,0,0,0,0,0,0,0,0,0,0,0,0,0,0,0,0,0,0,248413
1,1,1,1,1140,-1894,-1374,-49,-13,1,3,71,141,0,0,0,0,0,0,0,0,0,0,0,0,0,0,0,0,0,0,0,0,0,0,248423
1,1,1,1,1126,-1885,-1382,-61,-18,4,1,72,139,0,0,0,0,0,0,0,0,0,0,0,0,0,0,0,0,0,0,0,0,0,0,248433
1,1,1,1,1129,-1840,-1382,-26,-14,8,4,71,140,0,0,0,0,0,0,0,0,0,0,0,0,0,0,0,0,0,0,0,0,0,0,248443
1,1,1,1,1127,-1852,-1387,-2,-5,6,4,72,142,0,0,0,0,0,0,0,0,0,0,0,0,0,0,0,0,0,0,0,0,0,0,248453
1,1,1,1,1135,-1859,-1388,-2,-1,13,6,72,142,0,0,0,0,0,0,0,0,0,0,0,0,0,0,0,0,0,0,0,0,0,0,248463
1,1,1,1,1139,-1861,-1385,-11,-1,18,2,72,141,0,0,0,0,0,0,0,0,0,0,0,0,0,0,0,0,0,0,0,0,0,0,248473
1,1,1,1,1134,-1853,-1382,-9,1,16,3,72,142,0,0,0,0,0,0,0,0,0,0,0,0,0,0,0,0,0,0,0,0,0,0,248483
1,1,1,1,1126,-1853,-1386,-11,4,16,4,72,142,0,0,0,0,0,0,0,0,0,0,0,0,0,0,0,0,0,0,0,0,0,0,248493
1,1,1,1,1124,-1856,-1390,-11,3,9,2,72,141,0,0,0,0,0,0,0,0,0,0,0,0,0,0,0,0,0,0,0,0,0,0,248503
1,1,1,1,1124,-1838,-1403,20,8,1,4,70,137,0,0,0,0,0,0,0,0,0,0,0,0,0,0,0,0,0,0,0,0,0,0,248513
1,1,1,1,1135,-1832,-1384,49,17,3,6,69,137,0,0,0,0,0,0,0,0,0,0,0,0,0,0,0,0,0,0,0,0,0,0,248523
1,1,1,1,1147,-1856,-1381,42,8,6,-1,78,140,0,0,0,0,0,0,0,0,0,0,0,0,0,0,0,0,0,0,0,0,0,0,248533
1,1,1,1,1153,-1889,-1370,-22,-6,24,0,74,141,0,0,0,0,0,0,0,0,0,0,0,0,0,0,0,0,0,0,0,0,0,0,248543
1,1,1,1,1153,-1895,-1376,-50,-3,32,2,72,140,0,0,0,0,0,0,0,0,0,0,0,0,0,0,0,0,0,0,0,0,0,0,248553
1,1,1,1,1155,-1861,-1374,-33,-6,22,3,72,142,0,0,0,0,0,0,0,0,0,0,0,0,0,0,0,0,0,0,0,0,0,0,248563
1,1,1,1,1149,-1858,-1385,-23,-1,23,2,73,142,0,0,0,0,0,0,0,0,0,0,0,0,0,0,0,0,0,0,0,0,0,0,248573
1,1,1,1,1138,-1868,-1396,-22,-10,14,4,73,144,0,0,0,0,0,0,0,0,0,0,0,0,0,0,0,0,0,0,0,0,0,0,248583
1,1,1,1,1133,-1851,-1392,-4,-7,5,4,72,144,0,0,0,0,0,0,0,0,0,0,0,0,0,0,0,0,0,0,0,0,0,0,248593
1,1,1,1,1134,-1833,-1383,9,-11,5,4,72,143,0,0,0,0,0,0,0,0,0,0,0,0,0,0,0,0,0,0,0,0,0,0,248603
1,1,1,1,1139,-1862,-1373,12,-9,0,3,73,144,0,0,0,0,0,0,0,0,0,0,0,0,0,0,0,0,0,0,0,0,0,0,248613
1,1,1,1,1129,-1870,-1383,-4,-6,4,2,73,143,0,0,0,0,0,0,0,0,0,0,0,0,0,0,0,0,0,0,0,0,0,0,248623
1,1,1,1,1127,-1879,-1381,-28,-19,10,1,73,143,0,0,0,0,0,0,0,0,0,0,0,0,0,0,0,0,0,0,0,0,0,0,248633
1,1,1,1,1124,-1881,-1376,-38,-18,6,1,72,141,0,0,0,0,0,0,0,0,0,0,0,0,0,0,0,0,0,0,0,0,0,0,248643
1,1,1,1,1123,-1872,-1393,-35,-10,9,1,72,141,0,0,0,0,0,0,0,0,0,0,0,0,0,0,0,0,0,0,0,0,0,0,248653
1,1,1,1,1118,-1869,-1401,-34,-12,7,3,73,142,0,0,0,0,0,0,0,0,0,0,0,0,0,0,0,0,0,0,0,0,0,0,248663
1,1,1,1,1117,-1860,-1398,-26,-9,7,1,73,142,0,0,0,0,0,0,0,0,0,0,0,0,0,0,0,0,0,0,0,0,0,0,248673
1,1,1,1,1124,-1851,-1386,-6,2,1,2,72,141,0,0,0,0,0,0,0,0,0,0,0,0,0,0,0,0,0,0,0,0,0,0,248683
1,1,1,1,1141,-1849,-1369,-4,-2,2,4,72,141,0,0,0,0,0,0,0,0,0,0,0,0,0,0,0,0,0,0,0,0,0,0,248693
1,1,1,1,1145,-1857,-1383,-15,-9,6,0,73,139,0,0,0,0,0,0,0,0,0,0,0,0,0,0,0,0,0,0,0,0,0,0,248703
1,1,1,1,1145,-1864,-1379,-31,-8,13,-1,72,141,0,0,0,0,0,0,0,0,0,0,0,0,0,0,0,0,0,0,0,0,0,0,248713
1,1,1,1,1150,-1859,-1379,-41,-7,21,0,73,142,0,0,0,0,0,0,0,0,0,0,0,0,0,0,0,0,0,0,0,0,0,0,248723
1,1,1,1,1146,-1859,-1393,-49,-9,22,1,72,144,0,0,0,0,0,0,0,0,0,0,0,0,0,0,0,0,0,0,0,0,0,0,248733
1,1,1,1,1140,-1852,-1396,-42,1,19,3,72,142,0,0,0,0,0,0,0,0,0,0,0,0,0,0,0,0,0,0,0,0,0,0,248743
1,1,1,1,1137,-1845,-1403,-19,-7,6,3,72,141,0,0,0,0,0,0,0,0,0,0,0,0,0,0,0,0,0,0,0,0,0,0,248753
1,1,1,1,1134,-1842,-1399,-4,-6,-3,1,72,140,0,0,0,0,0,0,0,0,0,0,0,0,0,0,0,0,0,0,0,0,0,0,248763
1,1,1,1,1122,-1843,-1406,16,-1,-15,1,72,142,0,0,0,0,0,0,0,0,0,0,0,0,0,0,0,0,0,0,0,0,0,0,248773
1,1,1,1,1135,-1825,-1368,28,-8,-17,1,73,142,0,0,0,0,0,0,0,0,0,0,0,0,0,0,0,0,0,0,0,0,0,0,248783
1,1,1,1,1142,-1868,-1389,15,-19,-10,-2,74,141,0,0,0,0,0,0,0,0,0,0,0,0,0,0,0,0,0,0,0,0,0,0,248793
1,1,1,1,1134,-1879,-1392,-9,-23,-8,-2,75,142,0,0,0,0,0,0,0,0,0,0,0,0,0,0,0,0,0,0,0,0,0,0,248803
1,1,1,1,1144,-1869,-1394,-27,-26,7,-3,73,141,0,0,0,0,0,0,0,0,0,0,0,0,0,0,0,0,0,0,0,0,0,0,248813
1,1,1,1,1131,-1873,-1394,-31,-24,8,-1,71,143,0,0,0,0,0,0,0,0,0,0,0,0,0,0,0,0,0,0,0,0,0,0,248823
1,1,1,1,1132,-1862,-1392,-25,-27,6,-2,70,141,0,0,0,0,0,0,0,0,0,0,0,0,0,0,0,0,0,0,0,0,0,0,248833
1,1,1,1,1129,-1862,-1397,-12,-9,4,-1,70,143,0,0,0,0,0,0,0,0,0,0,0,0,0,0,0,0,0,0,0,0,0,0,248843
1,1,1,1,1127,-1849,-1405,1,-12,-1,-1,70,140,0,0,0,0,0,0,0,0,0,0,0,0,0,0,0,0,0,0,0,0,0,0,248853
1,1,1,1,1129,-1850,-1391,20,-7,-3,-2,72,145,0,0,0,0,0,0,0,0,0,0,0,0,0,0,0,0,0,0,0,0,0,0,248863
1,1,1,1,1137,-1863,-1376,7,-12,-4,-2,73,145,0,0,0,0,0,0,0,0,0,0,0,0,0,0,0,0,0,0,0,0,0,0,248873
1,1,1,1,1139,-1874,-1388,-6,-7,-6,1,73,145,0,0,0,0,0,0,0,0,0,0,0,0,0,0,0,0,0,0,0,0,0,0,248883
1,1,1,1,1135,-1860,-1381,-8,-16,-7,2,72,146,0,0,0,0,0,0,0,0,0,0,0,0,0,0,0,0,0,0,0,0,0,0,248893
1,1,1,1,1137,-1852,-1381,1,-10,-3,1,73,146,0,0,0,0,0,0,0,0,0,0,0,0,0,0,0,0,0,0,0,0,0,0,248903
1,1,1,1,1131,-1862,-1395,1,-5,0,-1,72,144,0,0,0,0,0,0,0,0,0,0,0,0,0,0,0,0,0,0,0,0,0,0,248913
1,1,1,1,1130,-1865,-1393,-2,-1,6,1,72,146,0,0,0,0,0,0,0,0,0,0,0,0,0,0,0,0,0,0,0,0,0,0,248923
1,1,1,1,1128,-1861,-1396,-12,-1,11,0,73,145,0,0,0,0,0,0,0,0,0,0,0,0,0,0,0,0,0,0,0,0,0,0,248933
1,1,1,1,1128,-1861,-1396,-6,-2,8,1,72,144,0,0,0,0,0,0,0,0,0,0,0,0,0,0,0,0,0,0,0,0,0,0,248943
1,1,1,1,1120,-1858,-1388,9,3,4,-1,73,145,0,0,0,0,0,0,0,0,0,0,0,0,0,0,0,0,0,0,0,0,0,0,248953
1,1,1,1,1125,-1861,-1375,0,3,12,-1,72,143,0,0,0,0,0,0,0,0,0,0,0,0,0,0,0,0,0,0,0,0,0,0,248963
1,1,1,1,1125,-1861,-1375,-6,-3,10,-1,73,144,0,0,0,0,0,0,0,0,0,0,0,0,0,0,0,0,0,0,0,0,0,0,248973
1,1,1,1,1139,-1869,-1382,-19,2,20,-1,73,143,0,0,0,0,0,0,0,0,0,0,0,0,0,0,0,0,0,0,0,0,0,0,248983
1,1,1,1,1145,-1866,-1388,-35,-1,27,0,73,144,0,0,0,0,0,0,0,0,0,0,0,0,0,0,0,0,0,0,0,0,0,0,248993
1,1,1,1,1139,-1861,-1393,-31,-1,20,-1,73,145,0,0,0,0,0,0,0,0,0,0,0,0,0,0,0,0,0,0,0,0,0,0,249003
1,1,1,1,1139,-1854,-1396,-20,-3,15,-4,73,142,0,0,0,0,0,0,0,0,0,0,0,0,0,0,0,0,0,0,0,0,0,0,249013
1,1,1,1,1131,-1849,-1390,-11,-5,12,-1,73,143,0,0,0,0,0,0,0,0,0,0,0,0,0,0,0,0,0,0,0,0,0,0,249023
1,1,1,1,1131,-1846,-1397,1,-1,6,-1,72,145,0,0,0,0,0,0,0,0,0,0,0,0,0,0,0,0,0,0,0,0,0,0,249033
1,1,1,1,1119,-1844,-1402,14,-2,-4,0,72,145,0,0,0,0,0,0,0,0,0,0,0,0,0,0,0,0,0,0,0,0,0,0,249043
1,1,1,1,1122,-1847,-1387,6,-2,2,0,73,143,0,0,0,0,0,0,0,0,0,0,0,0,0,0,0,0,0,0,0,0,0,0,249053
1,1,1,1,1134,-1872,-1391,-2,-9,-2,0,73,141,0,0,0,0,0,0,0,0,0,0,0,0,0,0,0,0,0,0,0,0,0,0,249063
1,1,1,1,1139,-1856,-1389,-8,-11,-1,0,72,144,0,0,0,0,0,0,0,0,0,0,0,0,0,0,0,0,0,0,0,0,0,0,249073
1,1,1,1,1143,-1846,-1390,-5,-12,2,0,72,145,0,0,0,0,0,0,0,0,0,0,0,0,0,0,0,0,0,0,0,0,0,0,249083
1,1,1,1,1132,-1861,-1394,8,-3,-1,-1,73,144,0,0,0,0,0,0,0,0,0,0,0,0,0,0,0,0,0,0,0,0,0,0,249093
1,1,1,1,1126,-1867,-1401,13,5,-2,-1,73,145,0,0,0,0,0,0,0,0,0,0,0,0,0,0,0,0,0,0,0,0,0,0,249103
1,1,1,1,1120,-1868,-1390,21,8,-6,-2,74,146,0,0,0,0,0,0,0,0,0,0,0,0,0,0,0,0,0,0,0,0,0,0,249113
1,1,1,1,1123,-1878,-1382,8,8,-2,0,72,145,0,0,0,0,0,0,0,0,0,0,0,0,0,0,0,0,0,0,0,0,0,0,249123
1,1,1,1,1114,-1894,-1388,-15,4,5,-4,76,144,0,0,0,0,0,0,0,0,0,0,0,0,0,0,0,0,0,0,0,0,0,0,249133
1,1,1,1,1100,-1901,-1391,-29,10,9,-3,73,144,0,0,0,0,0,0,0,0,0,0,0,0,0,0,0,0,0,0,0,0,0,0,249143
1,1,1,1,1102,-1910,-1393,-38,19,18,-5,74,144,0,0,0,0,0,0,0,0,0,0,0,0,0,0,0,0,0,0,0,0,0,0,249153
1,1,1,1,1098,-1918,-1381,-60,10,29,-4,73,145,0,0,0,0,0,0,0,0,0,0,0,0,0,0,0,0,0,0,0,0,0,0,249163
1,1,1,1,1093,-1929,-1382,-75,26,41,-4,73,145,0,0,0,0,0,0,0,0,0,0,0,0,0,0,0,0,0,0,0,0,0,0,249173
1,1,1,1,1063,-1933,-1400,-86,48,56,0,72,141,0,0,0,0,0,0,0,0,0,0,0,0,0,0,0,0,0,0,0,0,0,0,249183
1,1,1,1,1033,-1941,-1425,-87,77,77,1,72,142,0,0,0,0,0,0,0,0,0,0,0,0,0,0,0,0,0,0,0,0,0,0,249193
1,1,1,1,1007,-1955,-1416,-103,108,101,0,72,139,0,0,0,0,0,0,0,0,0,0,0,0,0,0,0,0,0,0,0,0,0,0,249203
1,1,1,1,969,-1979,-1426,-124,132,122,-2,73,137,0,0,0,0,0,0,0,0,0,0,0,0,0,0,0,0,0,0,0,0,0,0,249213
1,1,1,1,942,-1979,-1450,-143,170,141,-3,73,133,0,0,0,0,0,0,0,0,0,0,0,0,0,0,0,0,0,0,0,0,0,0,249223
1,1,1,1,902,-2009,-1473,-167,225,159,-3,71,121,0,0,0,0,0,0,0,0,0,0,0,0,0,0,0,0,0,0,0,0,0,0,249233
1,1,1,1,871,-2003,-1529,-193,272,192,3,68,109,0,0,0,0,0,0,0,0,0,0,0,0,0,0,0,0,0,0,0,0,0,0,249243
1,1,1,1,818,-1954,-1565,-202,354,230,4,65,98,0,0,0,0,0,0,0,0,0,0,0,0,0,0,0,0,0,0,0,0,0,0,249253
1,1,1,1,875,-1950,-1596,-239,480,216,8,63,88,0,0,0,0,0,0,0,0,0,0,0,0,0,0,0,0,0,0,0,0,0,0,249263
1,1,1,1,883,-1928,-1552,-295,657,159,11,60,73,0,0,0,0,0,0,0,0,0,0,0,0,0,0,0,0,0,0,0,0,0,0,249273
1,1,1,1,833,-1836,-1574,-312,893,185,14,55,63,0,0,0,0,0,0,0,0,0,0,0,0,0,0,0,0,0,0,0,0,0,0,249283
1,1,1,1,824,-1759,-1556,-366,1169,301,12,53,49,0,0,0,0,0,0,0,0,0,0,0,0,0,0,0,0,0,0,0,0,0,0,249293
1,1,1,1,891,-1712,-1504,-493,1320,546,13,46,44,0,0,0,0,0,0,0,0,0,0,0,0,0,0,0,0,0,0,0,0,0,0,249303
1,1,1,1,1015,-1737,-1479,-664,1455,706,11,42,41,0,0,0,0,0,0,0,0,0,0,0,0,0,0,0,0,0,0,0,0,0,0,249313
1,1,1,1,1074,-1737,-1449,-720,1607,710,13,34,25,0,0,0,0,0,0,0,0,0,0,0,0,0,0,0,0,0,0,0,0,0,0,249323
1,1,1,1,1200,-1726,-1321,-610,1517,661,13,31,25,0,0,0,0,0,0,0,0,0,0,0,0,0,0,0,0,0,0,0,0,0,0,249333
1,1,1,1,1348,-1804,-1219,-419,1489,385,14,31,23,0,0,0,0,0,0,0,0,0,0,0,0,0,0,0,0,0,0,0,0,0,0,249343
1,1,1,1,1415,-1853,-1192,-222,1390,96,17,30,27,0,0,0,0,0,0,0,0,0,0,0,0,0,0,0,0,0,0,0,0,0,0,249353
1,1,1,1,1444,-1842,-1218,-80,1323,-122,16,28,25,0,0,0,0,0,0,0,0,0,0,0,0,0,0,0,0,0,0,0,0,0,0,249363
1,1,1,1,1431,-1767,-1216,99,1317,-325,13,20,-21,0,0,0,0,0,0,0,0,0,0,0,0,0,0,0,0,0,0,0,0,0,0,249373
1,1,1,1,1550,-1485,-1032,-49,1010,56,13,5,-10,0,0,0,0,0,0,0,0,0,0,0,0,0,0,0,0,0,0,0,0,0,0,249383
1,1,1,1,1375,-1477,-1261,-126,892,565,14,7,1,0,0,0,0,0,0,0,0,0,0,0,0,0,0,0,0,0,0,0,0,0,0,249393
1,1,1,1,1302,-1805,-1378,1,1784,167,10,13,-6,0,0,0,0,0,0,0,0,0,0,0,0,0,0,0,0,0,0,0,0,0,0,249403
1,1,1,1,1420,-1738,-1248,-124,1608,339,12,12,0,0,0,0,0,0,0,0,0,0,0,0,0,0,0,0,0,0,0,0,0,0,0,249413
1,1,1,1,1411,-1608,-1045,-84,1317,557,10,13,-6,0,0,0,0,0,0,0,0,0,0,0,0,0,0,0,0,0,0,0,0,0,0,249423
1,1,1,1,1484,-1638,-966,-60,1264,665,10,14,-4,0,0,0,0,0,0,0,0,0,0,0,0,0,0,0,0,0,0,0,0,0,0,249433
1,1,1,1,1547,-1734,-918,-102,1000,788,10,16,-6,0,0,0,0,0,0,0,0,0,0,0,0,0,0,0,0,0,0,0,0,0,0,249443
1,1,1,1,1588,-1785,-890,-90,703,800,13,15,-5,0,0,0,0,0,0,0,0,0,0,0,0,0,0,0,0,0,0,0,0,0,0,249453
1,1,1,1,1547,-1808,-960,-29,505,734,12,17,-5,0,0,0,0,0,0,0,0,0,0,0,0,0,0,0,0,0,0,0,0,0,0,249463
1,1,1,1,1458,-1843,-1055,71,450,600,15,13,-5,0,0,0,0,0,0,0,0,0,0,0,0,0,0,0,0,0,0,0,0,0,0,249473
1,1,1,1,1382,-1895,-1132,149,493,437,15,14,0,0,0,0,0,0,0,0,0,0,0,0,0,0,0,0,0,0,0,0,0,0,0,249483
1,1,1,1,1322,-1923,-1161,175,559,343,13,15,2,0,0,0,0,0,0,0,0,0,0,0,0,0,0,0,0,0,0,0,0,0,0,249493
1,1,1,1,1293,-1920,-1137,165,572,325,16,15,1,0,0,0,0,0,0,0,0,0,0,0,0,0,0,0,0,0,0,0,0,0,0,249503
1,1,1,1,1287,-1935,-1080,156,567,338,12,16,0,0,0,0,0,0,0,0,0,0,0,0,0,0,0,0,0,0,0,0,0,0,0,249513
1,1,1,1,1312,-1979,-1017,123,512,349,14,17,1,0,0,0,0,0,0,0,0,0,0,0,0,0,0,0,0,0,0,0,0,0,0,249523
1,1,1,1,1333,-2025,-995,112,391,306,14,16,0,0,0,0,0,0,0,0,0,0,0,0,0,0,0,0,0,0,0,0,0,0,0,249533
1,1,1,1,1326,-2024,-983,174,286,192,13,16,6,0,0,0,0,0,0,0,0,0,0,0,0,0,0,0,0,0,0,0,0,0,0,249543
1,1,1,1,1307,-1999,-980,301,211,41,16,16,9,0,0,0,0,0,0,0,0,0,0,0,0,0,0,0,0,0,0,0,0,0,0,249553
1,1,1,1,1293,-1998,-993,449,143,-118,17,17,6,0,0,0,0,0,0,0,0,0,0,0,0,0,0,0,0,0,0,0,0,0,0,249563
1,1,1,1,1259,-2007,-1030,550,111,-250,15,17,10,0,0,0,0,0,0,0,0,0,0,0,0,0,0,0,0,0,0,0,0,0,0,249573
1,1,1,1,1228,-1984,-1027,573,107,-275,15,16,1,0,0,0,0,0,0,0,0,0,0,0,0,0,0,0,0,0,0,0,0,0,0,249583
1,1,1,1,1210,-1982,-1032,499,95,-173,14,17,3,0,0,0,0,0,0,0,0,0,0,0,0,0,0,0,0,0,0,0,0,0,0,249593
1,1,1,1,1183,-1996,-1035,337,101,6,13,17,3,0,0,0,0,0,0,0,0,0,0,0,0,0,0,0,0,0,0,0,0,0,0,249603
1,1,1,1,1211,-2015,-997,158,74,196,13,18,-3,0,0,0,0,0,0,0,0,0,0,0,0,0,0,0,0,0,0,0,0,0,0,249613
1,1,1,1,1240,-2061,-989,41,-1,282,13,18,-3,0,0,0,0,0,0,0,0,0,0,0,0,0,0,0,0,0,0,0,0,0,0,249623
1,1,1,1,1282,-2095,-948,69,-65,195,15,19,4,0,0,0,0,0,0,0,0,0,0,0,0,0,0,0,0,0,0,0,0,0,0,249633
1,1,1,1,1292,-2102,-926,169,-133,20,16,19,5,0,0,0,0,0,0,0,0,0,0,0,0,0,0,0,0,0,0,0,0,0,0,249643
1,1,1,1,1261,-2095,-943,291,-184,-147,15,19,11,0,0,0,0,0,0,0,0,0,0,0,0,0,0,0,0,0,0,0,0,0,0,249653
1,1,1,1,1203,-2078,-978,372,-187,-242,16,18,13,0,0,0,0,0,0,0,0,0,0,0,0,0,0,0,0,0,0,0,0,0,0,249663
1,1,1,1,1159,-2052,-1007,437,-152,-303,15,18,10,0,0,0,0,0,0,0,0,0,0,0,0,0,0,0,0,0,0,0,0,0,0,249673
1,1,1,1,1115,-2020,-1029,463,-85,-275,13,18,13,0,0,0,0,0,0,0,0,0,0,0,0,0,0,0,0,0,0,0,0,0,0,249683
1,1,1,1,1118,-2006,-1043,393,-21,-138,10,20,9,0,0,0,0,0,0,0,0,0,0,0,0,0,0,0,0,0,0,0,0,0,0,249693
1,1,1,1,1134,-2054,-1020,294,32,-35,10,20,15,0,0,0,0,0,0,0,0,0,0,0,0,0,0,0,0,0,0,0,0,0,0,249703
1,1,1,1,1192,-2091,-976,231,36,7,11,22,19,0,0,0,0,0,0,0,0,0,0,0,0,0,0,0,0,0,0,0,0,0,0,249713
1,1,1,1,1209,-2137,-963,192,8,-15,10,24,21,0,0,0,0,0,0,0,0,0,0,0,0,0,0,0,0,0,0,0,0,0,0,249723
1,1,1,1,1212,-2146,-967,158,-32,-58,10,22,23,0,0,0,0,0,0,0,0,0,0,0,0,0,0,0,0,0,0,0,0,0,0,249733
1,1,1,1,1209,-2144,-983,136,-58,-103,12,22,21,0,0,0,0,0,0,0,0,0,0,0,0,0,0,0,0,0,0,0,0,0,0,249743
1,1,1,1,1178,-2099,-996,119,-66,-121,9,22,21,0,0,0,0,0,0,0,0,0,0,0,0,0,0,0,0,0,0,0,0,0,0,249753
1,1,1,1,1178,-2042,-1011,128,-28,-130,11,21,17,0,0,0,0,0,0,0,0,0,0,0,0,0,0,0,0,0,0,0,0,0,0,249763
1,1,1,1,1191,-1989,-997,101,-10,-80,9,20,20,0,0,0,0,0,0,0,0,0,0,0,0,0,0,0,0,0,0,0,0,0,0,249773
1,1,1,1,1211,-1982,-1010,65,41,-46,13,20,14,0,0,0,0,0,0,0,0,0,0,0,0,0,0,0,0,0,0,0,0,0,0,249783
1,1,1,1,1242,-1965,-983,15,53,-13,10,22,17,0,0,0,0,0,0,0,0,0,0,0,0,0,0,0,0,0,0,0,0,0,0,249793
1,1,1,1,1267,-1945,-954,-9,40,8,13,20,21,0,0,0,0,0,0,0,0,0,0,0,0,0,0,0,0,0,0,0,0,0,0,249803
1,1,1,1,1283,-1960,-948,3,24,-5,12,23,27,0,0,0,0,0,0,0,0,0,0,0,0,0,0,0,0,0,0,0,0,0,0,249813
1,1,1,1,1271,-1965,-962,38,14,-52,11,23,29,0,0,0,0,0,0,0,0,0,0,0,0,0,0,0,0,0,0,0,0,0,0,249823
1,1,1,1,1262,-1965,-974,89,6,-89,9,24,29,0,0,0,0,0,0,0,0,0,0,0,0,0,0,0,0,0,0,0,0,0,0,249833
1,1,1,1,1258,-1954,-980,128,-14,-102,7,24,31,0,0,0,0,0,0,0,0,0,0,0,0,0,0,0,0,0,0,0,0,0,0,249843
1,1,1,1,1274,-1966,-990,133,-33,-120,9,23,27,0,0,0,0,0,0,0,0,0,0,0,0,0,0,0,0,0,0,0,0,0,0,249853
1,1,1,1,1295,-1965,-974,141,-37,-157,11,22,29,0,0,0,0,0,0,0,0,0,0,0,0,0,0,0,0,0,0,0,0,0,0,249863
1,1,1,1,1320,-1964,-959,152,-50,-197,7,23,27,0,0,0,0,0,0,0,0,0,0,0,0,0,0,0,0,0,0,0,0,0,0,249873
1,1,1,1,1326,-1982,-956,167,-72,-271,6,23,30,0,0,0,0,0,0,0,0,0,0,0,0,0,0,0,0,0,0,0,0,0,0,249883
1,1,1,1,1336,-1995,-940,182,-99,-327,7,21,33,0,0,0,0,0,0,0,0,0,0,0,0,0,0,0,0,0,0,0,0,0,0,249893
1,1,1,1,1339,-1988,-915,157,-134,-355,6,22,29,0,0,0,0,0,0,0,0,0,0,0,0,0,0,0,0,0,0,0,0,0,0,249903
1,1,1,1,1335,-1949,-924,116,-159,-298,5,23,30,0,0,0,0,0,0,0,0,0,0,0,0,0,0,0,0,0,0,0,0,0,0,249913
1,1,1,1,1336,-1972,-914,44,-158,-248,3,21,30,0,0,0,0,0,0,0,0,0,0,0,0,0,0,0,0,0,0,0,0,0,0,249923
1,1,1,1,1322,-1985,-942,-56,-158,-160,3,22,29,0,0,0,0,0,0,0,0,0,0,0,0,0,0,0,0,0,0,0,0,0,0,249933
1,1,1,1,1302,-1985,-951,-118,-135,-129,5,22,28,0,0,0,0,0,0,0,0,0,0,0,0,0,0,0,0,0,0,0,0,0,0,249943
1,1,1,1,1300,-1958,-977,-144,-120,-120,4,22,31,0,0,0,0,0,0,0,0,0,0,0,0,0,0,0,0,0,0,0,0,0,0,249953
1,1,1,1,1276,-1916,-974,-117,-110,-117,4,23,29,0,0,0,0,0,0,0,0,0,0,0,0,0,0,0,0,0,0,0,0,0,0,249963
1,1,1,1,1236,-1892,-999,-103,-84,-101,5,23,31,0,0,0,0,0,0,0,0,0,0,0,0,0,0,0,0,0,0,0,0,0,0,249973
1,1,1,1,1173,-1883,-1073,-112,-5,-21,2,23,31,0,0,0,0,0,0,0,0,0,0,0,0,0,0,0,0,0,0,0,0,0,0,249983
1,1,1,1,1171,-1904,-1072,-152,74,75,5,25,31,0,0,0,0,0,0,0,0,0,0,0,0,0,0,0,0,0,0,0,0,0,0,249993
1,1,1,1,1235,-1966,-1019,-203,90,129,6,27,37,0,0,0,0,0,0,0,0,0,0,0,0,0,0,0,0,0,0,0,0,0,0,250003
1,1,1,1,1271,-2004,-983,-214,61,99,8,31,36,0,0,0,0,0,0,0,0,0,0,0,0,0,0,0,0,0,0,0,0,0,0,250013
1,1,1,1,1276,-2002,-978,-203,13,63,10,26,36,0,0,0,0,0,0,0,0,0,0,0,0,0,0,0,0,0,0,0,0,0,0,250023
1,1,1,1,1281,-1997,-990,-206,-12,44,10,28,36,0,0,0,0,0,0,0,0,0,0,0,0,0,0,0,0,0,0,0,0,0,0,250033
1,1,1,1,1288,-2001,-1012,-227,-36,26,9,30,38,0,0,0,0,0,0,0,0,0,0,0,0,0,0,0,0,0,0,0,0,0,0,250043
1,1,1,1,1282,-1960,-1003,-236,-55,10,8,30,39,0,0,0,0,0,0,0,0,0,0,0,0,0,0,0,0,0,0,0,0,0,0,250053
1,1,1,1,1273,-1901,-1001,-205,-50,22,7,32,45,0,0,0,0,0,0,0,0,0,0,0,0,0,0,0,0,0,0,0,0,0,0,250063
1,1,1,1,1267,-1898,-1008,-177,-40,50,6,32,41,0,0,0,0,0,0,0,0,0,0,0,0,0,0,0,0,0,0,0,0,0,0,250073
1,1,1,1,1256,-1922,-1042,-190,-5,95,8,31,45,0,0,0,0,0,0,0,0,0,0,0,0,0,0,0,0,0,0,0,0,0,0,250083
1,1,1,1,1262,-1933,-1022,-204,13,136,10,32,46,0,0,0,0,0,0,0,0,0,0,0,0,0,0,0,0,0,0,0,0,0,0,250093
1,1,1,1,1271,-1968,-1013,-209,40,127,11,35,51,0,0,0,0,0,0,0,0,0,0,0,0,0,0,0,0,0,0,0,0,0,0,250103
1,1,1,1,1278,-1935,-1001,-204,35,133,11,37,54,0,0,0,0,0,0,0,0,0,0,0,0,0,0,0,0,0,0,0,0,0,0,250113
1,1,1,1,1296,-1934,-968,-182,36,152,13,38,62,0,0,0,0,0,0,0,0,0,0,0,0,0,0,0,0,0,0,0,0,0,0,250123
1,1,1,1,1301,-2019,-995,-181,22,119,11,38,66,0,0,0,0,0,0,0,0,0,0,0,0,0,0,0,0,0,0,0,0,0,0,250133
1,1,1,1,1254,-2030,-1036,-214,-6,77,9,39,70,0,0,0,0,0,0,0,0,0,0,0,0,0,0,0,0,0,0,0,0,0,0,250143
1,1,1,1,1241,-2014,-1045,-234,7,58,6,40,68,0,0,0,0,0,0,0,0,0,0,0,0,0,0,0,0,0,0,0,0,0,0,250153
1,1,1,1,1229,-1987,-1060,-282,26,79,6,39,68,0,0,0,0,0,0,0,0,0,0,0,0,0,0,0,0,0,0,0,0,0,0,250163
1,1,1,1,1255,-1969,-1061,-361,41,125,6,41,68,0,0,0,0,0,0,0,0,0,0,0,0,0,0,0,0,0,0,0,0,0,0,250173
1,1,1,1,1274,-1957,-1054,-416,46,155,8,41,69,0,0,0,0,0,0,0,0,0,0,0,0,0,0,0,0,0,0,0,0,0,0,250183
1,1,1,1,1286,-1957,-1050,-457,46,164,8,41,71,0,0,0,0,0,0,0,0,0,0,0,0,0,0,0,0,0,0,0,0,0,0,250193
1,1,1,1,1299,-1957,-1043,-496,44,171,7,41,72,0,0,0,0,0,0,0,0,0,0,0,0,0,0,0,0,0,0,0,0,0,0,250203
1,1,1,1,1285,-1978,-1061,-511,36,143,6,42,72,0,0,0,0,0,0,0,0,0,0,0,0,0,0,0,0,0,0,0,0,0,0,250213
1,1,1,1,1259,-1965,-1089,-508,27,118,7,42,73,0,0,0,0,0,0,0,0,0,0,0,0,0,0,0,0,0,0,0,0,0,0,250223
1,1,1,1,1248,-1926,-1106,-491,25,101,7,42,73,0,0,0,0,0,0,0,0,0,0,0,0,0,0,0,0,0,0,0,0,0,0,250233
1,1,1,1,1252,-1909,-1112,-470,33,90,8,41,73,0,0,0,0,0,0,0,0,0,0,0,0,0,0,0,0,0,0,0,0,0,0,250243
1,1,1,1,1242,-1928,-1119,-456,44,66,8,42,68,0,0,0,0,0,0,0,0,0,0,0,0,0,0,0,0,0,0,0,0,0,0,250253
1,1,1,1,1243,-1943,-1146,-453,46,40,10,41,66,0,0,0,0,0,0,0,0,0,0,0,0,0,0,0,0,0,0,0,0,0,0,250263
1,1,1,1,1255,-1905,-1132,-451,40,28,13,39,61,0,0,0,0,0,0,0,0,0,0,0,0,0,0,0,0,0,0,0,0,0,0,250273
1,1,1,1,1269,-1853,-1117,-438,41,16,11,39,60,0,0,0,0,0,0,0,0,0,0,0,0,0,0,0,0,0,0,0,0,0,0,250283
1,1,1,1,1280,-1802,-1088,-396,45,26,11,39,60,0,0,0,0,0,0,0,0,0,0,0,0,0,0,0,0,0,0,0,0,0,0,250293
1,1,1,1,1306,-1846,-1084,-362,29,-2,9,41,63,0,0,0,0,0,0,0,0,0,0,0,0,0,0,0,0,0,0,0,0,0,0,250303
1,1,1,1,1281,-1902,-1128,-356,2,-49,6,41,61,0,0,0,0,0,0,0,0,0,0,0,0,0,0,0,0,0,0,0,0,0,0,250313
1,1,1,1,1235,-1930,-1186,-366,-3,-75,8,38,61,0,0,0,0,0,0,0,0,0,0,0,0,0,0,0,0,0,0,0,0,0,0,250323
1,1,1,1,1215,-1987,-1207,-406,-5,-101,9,39,58,0,0,0,0,0,0,0,0,0,0,0,0,0,0,0,0,0,0,0,0,0,0,250333
1,1,1,1,1242,-1983,-1198,-445,-8,-137,5,41,56,0,0,0,0,0,0,0,0,0,0,0,0,0,0,0,0,0,0,0,0,0,0,250343
1,1,1,1,1279,-1944,-1146,-462,-6,-169,7,39,51,0,0,0,0,0,0,0,0,0,0,0,0,0,0,0,0,0,0,0,0,0,0,250353
1,1,1,1,1284,-1929,-1149,-503,0,-172,7,36,45,0,0,0,0,0,0,0,0,0,0,0,0,0,0,0,0,0,0,0,0,0,0,250363
1,1,1,1,1277,-1892,-1167,-577,24,-140,6,35,44,0,0,0,0,0,0,0,0,0,0,0,0,0,0,0,0,0,0,0,0,0,0,250373
1,1,1,1,1276,-1803,-1132,-584,45,-55,14,32,40,0,0,0,0,0,0,0,0,0,0,0,0,0,0,0,0,0,0,0,0,0,0,250383
1,1,1,1,1293,-1750,-1109,-477,51,-7,16,32,39,0,0,0,0,0,0,0,0,0,0,0,0,0,0,0,0,0,0,0,0,0,0,250393
1,1,1,1,1269,-1760,-1143,-312,64,-32,16,32,37,0,0,0,0,0,0,0,0,0,0,0,0,0,0,0,0,0,0,0,0,0,0,250403
1,1,1,1,1269,-1756,-1173,-176,65,-61,18,31,37,0,0,0,0,0,0,0,0,0,0,0,0,0,0,0,0,0,0,0,0,0,0,250413
1,1,1,1,1260,-1827,-1211,-119,66,-110,17,31,37,0,0,0,0,0,0,0,0,0,0,0,0,0,0,0,0,0,0,0,0,0,0,250423
1,1,1,1,1229,-1881,-1239,-68,108,-180,16,31,35,0,0,0,0,0,0,0,0,0,0,0,0,0,0,0,0,0,0,0,0,0,0,250433
1,1,1,1,1227,-1881,-1227,-65,129,-220,15,30,33,0,0,0,0,0,0,0,0,0,0,0,0,0,0,0,0,0,0,0,0,0,0,250443
1,1,1,1,1251,-1846,-1205,-75,112,-197,15,29,31,0,0,0,0,0,0,0,0,0,0,0,0,0,0,0,0,0,0,0,0,0,0,250453
1,1,1,1,1253,-1840,-1220,-87,115,-180,17,27,21,0,0,0,0,0,0,0,0,0,0,0,0,0,0,0,0,0,0,0,0,0,0,250463
1,1,1,1,1270,-1763,-1182,-134,71,-45,17,27,19,0,0,0,0,0,0,0,0,0,0,0,0,0,0,0,0,0,0,0,0,0,0,250473
1,1,1,1,1297,-1776,-1171,-187,56,30,20,28,20,0,0,0,0,0,0,0,0,0,0,0,0,0,0,0,0,0,0,0,0,0,0,250483
1,1,1,1,1344,-1797,-1125,-133,29,-10,19,28,21,0,0,0,0,0,0,0,0,0,0,0,0,0,0,0,0,0,0,0,0,0,0,250493
1,1,1,1,1338,-1784,-1121,-57,-5,-30,19,28,29,0,0,0,0,0,0,0,0,0,0,0,0,0,0,0,0,0,0,0,0,0,0,250503
1,1,1,1,1300,-1796,-1186,-2,-9,-23,15,29,33,0,0,0,0,0,0,0,0,0,0,0,0,0,0,0,0,0,0,0,0,0,0,250513
1,1,1,1,1277,-1825,-1227,35,-17,-34,14,29,36,0,0,0,0,0,0,0,0,0,0,0,0,0,0,0,0,0,0,0,0,0,0,250523
1,1,1,1,1271,-1850,-1231,60,-31,-59,14,30,42,0,0,0,0,0,0,0,0,0,0,0,0,0,0,0,0,0,0,0,0,0,0,250533
1,1,1,1,1271,-1845,-1224,62,-32,-53,10,30,43,0,0,0,0,0,0,0,0,0,0,0,0,0,0,0,0,0,0,0,0,0,0,250543
1,1,1,1,1280,-1818,-1217,44,-21,-22,10,32,49,0,0,0,0,0,0,0,0,0,0,0,0,0,0,0,0,0,0,0,0,0,0,250553
1,1,1,1,1307,-1794,-1196,17,-17,15,10,33,49,0,0,0,0,0,0,0,0,0,0,0,0,0,0,0,0,0,0,0,0,0,0,250563
1,1,1,1,1323,-1798,-1180,-8,-35,45,9,34,57,0,0,0,0,0,0,0,0,0,0,0,0,0,0,0,0,0,0,0,0,0,0,250573
1,1,1,1,1316,-1807,-1169,-31,-53,85,8,37,68,0,0,0,0,0,0,0,0,0,0,0,0,0,0,0,0,0,0,0,0,0,0,250583
1,1,1,1,1325,-1868,-1140,-41,-87,89,3,38,76,0,0,0,0,0,0,0,0,0,0,0,0,0,0,0,0,0,0,0,0,0,0,250593
1,1,1,1,1285,-1912,-1181,-35,-116,37,0,40,84,0,0,0,0,0,0,0,0,0,0,0,0,0,0,0,0,0,0,0,0,0,0,250603
1,1,1,1,1250,-1863,-1190,35,-142,30,-2,40,88,0,0,0,0,0,0,0,0,0,0,0,0,0,0,0,0,0,0,0,0,0,0,250613
1,1,1,1,1212,-1832,-1216,142,-114,14,-4,44,94,0,0,0,0,0,0,0,0,0,0,0,0,0,0,0,0,0,0,0,0,0,0,250623
1,1,1,1,1202,-1805,-1224,277,-75,9,-4,44,98,0,0,0,0,0,0,0,0,0,0,0,0,0,0,0,0,0,0,0,0,0,0,250633
1,1,1,1,1256,-1824,-1213,371,-106,35,-7,44,107,0,0,0,0,0,0,0,0,0,0,0,0,0,0,0,0,0,0,0,0,0,0,250643
1,1,1,1,1245,-1904,-1197,337,-66,27,-9,48,116,0,0,0,0,0,0,0,0,0,0,0,0,0,0,0,0,0,0,0,0,0,0,250653
1,1,1,1,1250,-1991,-1202,206,-64,75,-15,48,119,0,0,0,0,0,0,0,0,0,0,0,0,0,0,0,0,0,0,0,0,0,0,250663
1,1,1,1,1188,-2027,-1250,-35,-36,188,-17,50,125,0,0,0,0,0,0,0,0,0,0,0,0,0,0,0,0,0,0,0,0,0,0,250673
1,1,1,1,1192,-2013,-1197,-229,-20,334,-15,51,120,0,0,0,0,0,0,0,0,0,0,0,0,0,0,0,0,0,0,0,0,0,0,250683
1,1,1,1,1243,-2010,-1148,-344,-88,399,-14,51,127,0,0,0,0,0,0,0,0,0,0,0,0,0,0,0,0,0,0,0,0,0,0,250693
1,1,1,1,1285,-2023,-1205,-268,-21,217,-9,52,132,0,0,0,0,0,0,0,0,0,0,0,0,0,0,0,0,0,0,0,0,0,0,250703
1,1,1,1,1240,-1898,-1148,-169,-55,158,-12,52,136,0,0,0,0,0,0,0,0,0,0,0,0,0,0,0,0,0,0,0,0,0,0,250713
1,1,1,1,1235,-1818,-1195,-99,-42,172,-14,53,140,0,0,0,0,0,0,0,0,0,0,0,0,0,0,0,0,0,0,0,0,0,0,250723
1,1,1,1,1240,-1875,-1200,-51,-12,181,-15,54,143,0,0,0,0,0,0,0,0,0,0,0,0,0,0,0,0,0,0,0,0,0,0,250733
1,1,1,1,1250,-1888,-1161,-51,-6,200,-17,57,146,0,0,0,0,0,0,0,0,0,0,0,0,0,0,0,0,0,0,0,0,0,0,250743
1,1,1,1,1259,-1900,-1181,-53,-1,212,-17,57,146,0,0,0,0,0,0,0,0,0,0,0,0,0,0,0,0,0,0,0,0,0,0,250753
1,1,1,1,1236,-1917,-1198,-37,10,188,-18,57,147,0,0,0,0,0,0,0,0,0,0,0,0,0,0,0,0,0,0,0,0,0,0,250763
1,1,1,1,1213,-1923,-1248,-124,23,221,-18,58,146,0,0,0,0,0,0,0,0,0,0,0,0,0,0,0,0,0,0,0,0,0,0,250773
1,1,1,1,1185,-1946,-1256,-228,50,276,-17,57,147,0,0,0,0,0,0,0,0,0,0,0,0,0,0,0,0,0,0,0,0,0,0,250783
1,1,1,1,1222,-1924,-1229,-295,46,288,-15,58,148,0,0,0,0,0,0,0,0,0,0,0,0,0,0,0,0,0,0,0,0,0,0,250793
1,1,1,1,1266,-1900,-1180,-304,7,261,-16,58,145,0,0,0,0,0,0,0,0,0,0,0,0,0,0,0,0,0,0,0,0,0,0,250803
1,1,1,1,1269,-1865,-1186,-252,-36,209,-18,57,148,0,0,0,0,0,0,0,0,0,0,0,0,0,0,0,0,0,0,0,0,0,0,250813
1,1,1,1,1226,-1834,-1218,-177,-36,184,-15,57,147,0,0,0,0,0,0,0,0,0,0,0,0,0,0,0,0,0,0,0,0,0,0,250823
1,1,1,1,1189,-1819,-1242,-97,-24,181,-15,58,146,0,0,0,0,0,0,0,0,0,0,0,0,0,0,0,0,0,0,0,0,0,0,250833
1,1,1,1,1180,-1826,-1252,-42,-14,185,-14,58,146,0,0,0,0,0,0,0,0,0,0,0,0,0,0,0,0,0,0,0,0,0,0,250843
1,1,1,1,1237,-1841,-1232,-26,-17,214,-12,58,147,0,0,0,0,0,0,0,0,0,0,0,0,0,0,0,0,0,0,0,0,0,0,250853
1,1,1,1,1255,-1912,-1204,-70,-27,190,-11,58,145,0,0,0,0,0,0,0,0,0,0,0,0,0,0,0,0,0,0,0,0,0,0,250863
1,1,1,1,1267,-1944,-1200,-107,-51,169,-12,58,144,0,0,0,0,0,0,0,0,0,0,0,0,0,0,0,0,0,0,0,0,0,0,250873
1,1,1,1,1245,-1940,-1206,-146,-56,134,-13,59,146,0,0,0,0,0,0,0,0,0,0,0,0,0,0,0,0,0,0,0,0,0,0,250883
1,1,1,1,1227,-1939,-1230,-151,-55,95,-12,58,148,0,0,0,0,0,0,0,0,0,0,0,0,0,0,0,0,0,0,0,0,0,0,250893
1,1,1,1,1203,-1913,-1256,-141,-54,53,-14,57,146,0,0,0,0,0,0,0,0,0,0,0,0,0,0,0,0,0,0,0,0,0,0,250903
1,1,1,1,1224,-1846,-1236,-125,-44,60,-15,62,150,0,0,0,0,0,0,0,0,0,0,0,0,0,0,0,0,0,0,0,0,0,0,250913
1,1,1,1,1235,-1820,-1243,-138,-23,97,-12,55,145,0,0,0,0,0,0,0,0,0,0,0,0,0,0,0,0,0,0,0,0,0,0,250923
1,1,1,1,1248,-1818,-1226,-121,-17,106,-13,60,144,0,0,0,0,0,0,0,0,0,0,0,0,0,0,0,0,0,0,0,0,0,0,250933
1,1,1,1,1237,-1847,-1247,-104,-16,114,-16,59,146,0,0,0,0,0,0,0,0,0,0,0,0,0,0,0,0,0,0,0,0,0,0,250943
1,1,1,1,1209,-1885,-1246,-88,-8,109,-16,61,145,0,0,0,0,0,0,0,0,0,0,0,0,0,0,0,0,0,0,0,0,0,0,250953
1,1,1,1,1228,-1915,-1221,-126,-40,101,-17,61,143,0,0,0,0,0,0,0,0,0,0,0,0,0,0,0,0,0,0,0,0,0,0,250963
1,1,1,1,1196,-1969,-1253,-179,-59,84,-17,59,148,0,0,0,0,0,0,0,0,0,0,0,0,0,0,0,0,0,0,0,0,0,0,250973
1,1,1,1,1145,-1933,-1297,-184,-65,73,-15,59,151,0,0,0,0,0,0,0,0,0,0,0,0,0,0,0,0,0,0,0,0,0,0,250983
1,1,1,1,1194,-1883,-1284,-151,-25,135,-13,58,149,0,0,0,0,0,0,0,0,0,0,0,0,0,0,0,0,0,0,0,0,0,0,251013
1,1,1,1,1146,-1853,-1304,-145,4,161,-11,60,147,0,0,0,0,0,0,0,0,0,0,0,0,0,0,0,0,0,0,0,0,0,0,251023
1,1,1,1,1207,-1861,-1258,-133,11,201,-12,60,146,0,0,0,0,0,0,0,0,0,0,0,0,0,0,0,0,0,0,0,0,0,0,251033
1,1,1,1,1268,-1920,-1214,-141,-16,156,-12,59,145,0,0,0,0,0,0,0,0,0,0,0,0,0,0,0,0,0,0,0,0,0,0,251043
1,1,1,1,1221,-1891,-1251,-128,-14,104,-13,59,144,0,0,0,0,0,0,0,0,0,0,0,0,0,0,0,0,0,0,0,0,0,0,251053
1,1,1,1,1178,-1831,-1281,-112,-9,137,-14,60,144,0,0,0,0,0,0,0,0,0,0,0,0,0,0,0,0,0,0,0,0,0,0,251063
1,1,1,1,1189,-1876,-1290,-125,-4,151,-11,60,143,0,0,0,0,0,0,0,0,0,0,0,0,0,0,0,0,0,0,0,0,0,0,251073
1,1,1,1,1217,-1904,-1264,-112,-16,107,-10,59,142,0,0,0,0,0,0,0,0,0,0,0,0,0,0,0,0,0,0,0,0,0,0,251083
1,1,1,1,1190,-1887,-1280,-100,-26,78,-12,60,143,0,0,0,0,0,0,0,0,0,0,0,0,0,0,0,0,0,0,0,0,0,0,251093
1,1,1,1,1174,-1884,-1301,-79,-18,75,-11,59,141,0,0,0,0,0,0,0,0,0,0,0,0,0,0,0,0,0,0,0,0,0,0,251103
1,1,1,1,1177,-1890,-1306,-53,-23,42,-10,59,142,0,0,0,0,0,0,0,0,0,0,0,0,0,0,0,0,0,0,0,0,0,0,251113
1,1,1,1,1164,-1876,-1302,-17,-13,14,-9,60,142,0,0,0,0,0,0,0,0,0,0,0,0,0,0,0,0,0,0,0,0,0,0,251123
1,1,1,1,1156,-1867,-1300,-8,-3,12,-9,60,142,0,0,0,0,0,0,0,0,0,0,0,0,0,0,0,0,0,0,0,0,0,0,251133
1,1,1,1,1148,-1866,-1310,-25,-10,26,-8,60,139,0,0,0,0,0,0,0,0,0,0,0,0,0,0,0,0,0,0,0,0,0,0,251143
1,1,1,1,1166,-1888,-1280,-60,-14,39,-9,61,141,0,0,0,0,0,0,0,0,0,0,0,0,0,0,0,0,0,0,0,0,0,0,251153
1,1,1,1,1162,-1936,-1288,-119,-30,44,-7,61,141,0,0,0,0,0,0,0,0,0,0,0,0,0,0,0,0,0,0,0,0,0,0,251163
1,1,1,1,1124,-1929,-1312,-129,-31,44,-5,60,138,0,0,0,0,0,0,0,0,0,0,0,0,0,0,0,0,0,0,0,0,0,0,251173
1,1,1,1,1139,-1911,-1309,-105,-35,49,-5,60,138,0,0,0,0,0,0,0,0,0,0,0,0,0,0,0,0,0,0,0,0,0,0,251183
1,1,1,1,1151,-1934,-1302,-114,-52,47,-6,61,136,0,0,0,0,0,0,0,0,0,0,0,0,0,0,0,0,0,0,0,0,0,0,251193
1,1,1,1,1146,-1933,-1304,-115,-51,38,-7,61,136,0,0,0,0,0,0,0,0,0,0,0,0,0,0,0,0,0,0,0,0,0,0,251203
1,1,1,1,1145,-1903,-1307,-88,-35,31,-8,62,136,0,0,0,0,0,0,0,0,0,0,0,0,0,0,0,0,0,0,0,0,0,0,251213
1,1,1,1,1160,-1872,-1305,-71,-17,37,-9,64,136,0,0,0,0,0,0,0,0,0,0,0,0,0,0,0,0,0,0,0,0,0,0,251223
1,1,1,1,1183,-1875,-1288,-79,-2,55,-5,61,134,0,0,0,0,0,0,0,0,0,0,0,0,0,0,0,0,0,0,0,0,0,0,251233
1,1,1,1,1191,-1913,-1284,-114,7,59,-7,63,137,0,0,0,0,0,0,0,0,0,0,0,0,0,0,0,0,0,0,0,0,0,0,251243
1,1,1,1,1181,-1920,-1286,-144,5,56,-9,63,135,0,0,0,0,0,0,0,0,0,0,0,0,0,0,0,0,0,0,0,0,0,0,251253
1,1,1,1,1185,-1915,-1283,-163,2,53,-8,62,136,0,0,0,0,0,0,0,0,0,0,0,0,0,0,0,0,0,0,0,0,0,0,251263
1,1,1,1,1177,-1929,-1292,-191,-6,42,-9,61,139,0,0,0,0,0,0,0,0,0,0,0,0,0,0,0,0,0,0,0,0,0,0,251273
1,1,1,1,1146,-1922,-1331,-216,-5,46,-8,60,137,0,0,0,0,0,0,0,0,0,0,0,0,0,0,0,0,0,0,0,0,0,0,251283
1,1,1,1,1148,-1879,-1342,-210,-5,62,-7,60,137,0,0,0,0,0,0,0,0,0,0,0,0,0,0,0,0,0,0,0,0,0,0,251293
1,1,1,1,1157,-1834,-1328,-162,2,65,-6,59,137,0,0,0,0,0,0,0,0,0,0,0,0,0,0,0,0,0,0,0,0,0,0,251303
1,1,1,1,1155,-1826,-1332,-122,8,63,-7,60,136,0,0,0,0,0,0,0,0,0,0,0,0,0,0,0,0,0,0,0,0,0,0,251313
1,1,1,1,1160,-1847,-1319,-99,11,51,-5,60,139,0,0,0,0,0,0,0,0,0,0,0,0,0,0,0,0,0,0,0,0,0,0,251323
1,1,1,1,1162,-1869,-1325,-87,7,32,-4,61,136,0,0,0,0,0,0,0,0,0,0,0,0,0,0,0,0,0,0,0,0,0,0,251333
1,1,1,1,1155,-1866,-1322,-71,0,13,-7,60,135,0,0,0,0,0,0,0,0,0,0,0,0,0,0,0,0,0,0,0,0,0,0,251343
1,1,1,1,1155,-1866,-1322,-64,-12,-1,-7,60,137,0,0,0,0,0,0,0,0,0,0,0,0,0,0,0,0,0,0,0,0,0,0,251353
1,1,1,1,1152,-1897,-1337,-78,-18,-18,-8,60,136,0,0,0,0,0,0,0,0,0,0,0,0,0,0,0,0,0,0,0,0,0,0,251363
1,1,1,1,1150,-1879,-1335,-92,-14,-13,-6,60,136,0,0,0,0,0,0,0,0,0,0,0,0,0,0,0,0,0,0,0,0,0,0,251373
1,1,1,1,1148,-1864,-1331,-84,-9,-8,-5,59,136,0,0,0,0,0,0,0,0,0,0,0,0,0,0,0,0,0,0,0,0,0,0,251383
1,1,1,1,1161,-1854,-1324,-66,-2,-7,-6,61,135,0,0,0,0,0,0,0,0,0,0,0,0,0,0,0,0,0,0,0,0,0,0,251393
1,1,1,1,1174,-1871,-1311,-71,0,-6,-7,60,133,0,0,0,0,0,0,0,0,0,0,0,0,0,0,0,0,0,0,0,0,0,0,251403
1,1,1,1,1173,-1887,-1306,-90,-12,3,-5,59,134,0,0,0,0,0,0,0,0,0,0,0,0,0,0,0,0,0,0,0,0,0,0,251413
1,1,1,1,1163,-1896,-1313,-99,-16,10,-7,59,136,0,0,0,0,0,0,0,0,0,0,0,0,0,0,0,0,0,0,0,0,0,0,251423
1,1,1,1,1151,-1919,-1331,-112,-19,2,-10,57,135,0,0,0,0,0,0,0,0,0,0,0,0,0,0,0,0,0,0,0,0,0,0,251433
1,1,1,1,1143,-1923,-1351,-129,-22,5,-9,60,136,0,0,0,0,0,0,0,0,0,0,0,0,0,0,0,0,0,0,0,0,0,0,251443
1,1,1,1,1147,-1900,-1353,-130,-22,13,-10,59,135,0,0,0,0,0,0,0,0,0,0,0,0,0,0,0,0,0,0,0,0,0,0,251453
1,1,1,1,1159,-1880,-1349,-133,-11,20,-9,58,137,0,0,0,0,0,0,0,0,0,0,0,0,0,0,0,0,0,0,0,0,0,0,251463
1,1,1,1,1165,-1857,-1330,-103,8,23,-10,60,138,0,0,0,0,0,0,0,0,0,0,0,0,0,0,0,0,0,0,0,0,0,0,251473
1,1,1,1,1166,-1846,-1331,-75,14,17,-10,60,136,0,0,0,0,0,0,0,0,0,0,0,0,0,0,0,0,0,0,0,0,0,0,251483
1,1,1,1,1162,-1847,-1313,-61,9,21,-9,59,136,0,0,0,0,0,0,0,0,0,0,0,0,0,0,0,0,0,0,0,0,0,0,251493
1,1,1,1,1159,-1873,-1324,-62,-3,12,-9,59,136,0,0,0,0,0,0,0,0,0,0,0,0,0,0,0,0,0,0,0,0,0,0,251503
1,1,1,1,1150,-1884,-1333,-62,-16,3,-9,57,133,0,0,0,0,0,0,0,0,0,0,0,0,0,0,0,0,0,0,0,0,0,0,251513
1,1,1,1,1133,-1891,-1360,-72,-20,-1,-9,60,138,0,0,0,0,0,0,0,0,0,0,0,0,0,0,0,0,0,0,0,0,0,0,251523
1,1,1,1,1126,-1873,-1369,-62,-20,-3,-10,60,137,0,0,0,0,0,0,0,0,0,0,0,0,0,0,0,0,0,0,0,0,0,0,251543
1,1,1,1,1134,-1868,-1372,-53,-17,-5,-9,57,137,0,0,0,0,0,0,0,0,0,0,0,0,0,0,0,0,0,0,0,0,0,0,251553
1,1,1,1,1139,-1862,-1356,-47,-15,2,-9,59,136,0,0,0,0,0,0,0,0,0,0,0,0,0,0,0,0,0,0,0,0,0,0,251563
1,1,1,1,1151,-1883,-1347,-54,-6,7,-12,60,137,0,0,0,0,0,0,0,0,0,0,0,0,0,0,0,0,0,0,0,0,0,0,251573
1,1,1,1,1152,-1887,-1350,-64,2,21,-8,61,134,0,0,0,0,0,0,0,0,0,0,0,0,0,0,0,0,0,0,0,0,0,0,251583
1,1,1,1,1163,-1879,-1338,-70,-6,23,-6,59,138,0,0,0,0,0,0,0,0,0,0,0,0,0,0,0,0,0,0,0,0,0,0,251593
1,1,1,1,1164,-1878,-1334,-61,-5,12,-9,60,138,0,0,0,0,0,0,0,0,0,0,0,0,0,0,0,0,0,0,0,0,0,0,251603
1,1,1,1,1144,-1862,-1351,-38,-3,8,-6,59,136,0,0,0,0,0,0,0,0,0,0,0,0,0,0,0,0,0,0,0,0,0,0,251613
1,1,1,1,1151,-1865,-1344,-46,-13,15,-5,59,137,0,0,0,0,0,0,0,0,0,0,0,0,0,0,0,0,0,0,0,0,0,0,251623
1,1,1,1,1140,-1889,-1364,-67,-13,14,-9,59,136,0,0,0,0,0,0,0,0,0,0,0,0,0,0,0,0,0,0,0,0,0,0,251633
1,1,1,1,1135,-1866,-1383,-81,-7,28,-9,59,137,0,0,0,0,0,0,0,0,0,0,0,0,0,0,0,0,0,0,0,0,0,0,251643
1,1,1,1,1147,-1860,-1385,-74,-9,30,-9,58,140,0,0,0,0,0,0,0,0,0,0,0,0,0,0,0,0,0,0,0,0,0,0,251653
1,1,1,1,1156,-1851,-1367,-53,-11,12,-9,58,140,0,0,0,0,0,0,0,0,0,0,0,0,0,0,0,0,0,0,0,0,0,0,251663
1,1,1,1,1146,-1849,-1375,-26,-10,4,-7,58,140,0,0,0,0,0,0,0,0,0,0,0,0,0,0,0,0,0,0,0,0,0,0,251673
1,1,1,1,1137,-1840,-1372,-3,-9,-1,-6,57,137,0,0,0,0,0,0,0,0,0,0,0,0,0,0,0,0,0,0,0,0,0,0,251683
1,1,1,1,1148,-1834,-1358,16,-11,0,-8,61,139,0,0,0,0,0,0,0,0,0,0,0,0,0,0,0,0,0,0,0,0,0,0,251693
1,1,1,1,1155,-1863,-1357,11,-26,-2,-7,58,139,0,0,0,0,0,0,0,0,0,0,0,0,0,0,0,0,0,0,0,0,0,0,251703
1,1,1,1,1143,-1883,-1375,-19,-31,3,-9,60,137,0,0,0,0,0,0,0,0,0,0,0,0,0,0,0,0,0,0,0,0,0,0,251713
1,1,1,1,1135,-1872,-1383,-28,-27,8,-7,58,136,0,0,0,0,0,0,0,0,0,0,0,0,0,0,0,0,0,0,0,0,0,0,251723
1,1,1,1,1137,-1847,-1366,-8,-19,10,-5,60,136,0,0,0,0,0,0,0,0,0,0,0,0,0,0,0,0,0,0,0,0,0,0,251733
1,1,1,1,1139,-1869,-1365,8,-35,3,-6,60,135,0,0,0,0,0,0,0,0,0,0,0,0,0,0,0,0,0,0,0,0,0,0,251753
1,1,1,1,1136,-1863,-1365,10,-22,19,-3,60,137,0,0,0,0,0,0,0,0,0,0,0,0,0,0,0,0,0,0,0,0,0,0,251763
1,1,1,1,1143,-1863,-1355,21,-17,22,-3,60,136,0,0,0,0,0,0,0,0,0,0,0,0,0,0,0,0,0,0,0,0,0,0,251773
1,1,1,1,1161,-1870,-1343,37,-9,13,-3,61,134,0,0,0,0,0,0,0,0,0,0,0,0,0,0,0,0,0,0,0,0,0,0,251783
1,1,1,1,1166,-1877,-1339,36,-14,10,-3,59,135,0,0,0,0,0,0,0,0,0,0,0,0,0,0,0,0,0,0,0,0,0,0,251793
1,1,1,1,1150,-1876,-1349,32,-17,10,-4,62,134,0,0,0,0,0,0,0,0,0,0,0,0,0,0,0,0,0,0,0,0,0,0,251803
1,1,1,1,1134,-1881,-1360,31,-9,18,-6,62,133,0,0,0,0,0,0,0,0,0,0,0,0,0,0,0,0,0,0,0,0,0,0,251813
1,1,1,1,1133,-1894,-1362,2,-8,39,-4,63,131,0,0,0,0,0,0,0,0,0,0,0,0,0,0,0,0,0,0,0,0,0,0,251823
1,1,1,1,1133,-1907,-1370,-22,-2,51,-3,62,132,0,0,0,0,0,0,0,0,0,0,0,0,0,0,0,0,0,0,0,0,0,0,251833
1,1,1,1,1135,-1884,-1367,-27,3,63,-2,61,132,0,0,0,0,0,0,0,0,0,0,0,0,0,0,0,0,0,0,0,0,0,0,251843
1,1,1,1,1149,-1865,-1350,5,11,57,-2,62,133,0,0,0,0,0,0,0,0,0,0,0,0,0,0,0,0,0,0,0,0,0,0,251853
1,1,1,1,1157,-1868,-1347,31,13,45,-3,60,131,0,0,0,0,0,0,0,0,0,0,0,0,0,0,0,0,0,0,0,0,0,0,251863
1,1,1,1,1153,-1856,-1351,46,23,43,-3,63,133,0,0,0,0,0,0,0,0,0,0,0,0,0,0,0,0,0,0,0,0,0,0,251873
1,1,1,1,1156,-1856,-1342,41,28,49,-3,60,133,0,0,0,0,0,0,0,0,0,0,0,0,0,0,0,0,0,0,0,0,0,0,251883
1,1,1,1,1168,-1877,-1337,19,24,49,-1,61,132,0,0,0,0,0,0,0,0,0,0,0,0,0,0,0,0,0,0,0,0,0,0,251893
1,1,1,1,1153,-1886,-1356,12,24,44,0,61,131,0,0,0,0,0,0,0,0,0,0,0,0,0,0,0,0,0,0,0,0,0,0,251903
1,1,1,1,1134,-1877,-1371,10,23,39,2,61,132,0,0,0,0,0,0,0,0,0,0,0,0,0,0,0,0,0,0,0,0,0,0,251913
1,1,1,1,1121,-1870,-1376,11,27,35,4,61,133,0,0,0,0,0,0,0,0,0,0,0,0,0,0,0,0,0,0,0,0,0,0,251923
1,1,1,1,1118,-1867,-1382,36,29,23,0,61,130,0,0,0,0,0,0,0,0,0,0,0,0,0,0,0,0,0,0,0,0,0,0,251933
1,1,1,1,1122,-1851,-1371,60,33,15,-1,63,134,0,0,0,0,0,0,0,0,0,0,0,0,0,0,0,0,0,0,0,0,0,0,251943
1,1,1,1,1147,-1844,-1360,80,28,12,2,62,130,0,0,0,0,0,0,0,0,0,0,0,0,0,0,0,0,0,0,0,0,0,0,251953
1,1,1,1,1152,-1857,-1348,76,29,10,-1,61,127,0,0,0,0,0,0,0,0,0,0,0,0,0,0,0,0,0,0,0,0,0,0,251963
1,1,1,1,1164,-1869,-1343,55,22,16,1,62,129,0,0,0,0,0,0,0,0,0,0,0,0,0,0,0,0,0,0,0,0,0,0,251973
1,1,1,1,1160,-1905,-1347,9,15,22,1,62,127,0,0,0,0,0,0,0,0,0,0,0,0,0,0,0,0,0,0,0,0,0,0,251983
1,1,1,1,1136,-1907,-1359,0,13,14,1,63,127,0,0,0,0,0,0,0,0,0,0,0,0,0,0,0,0,0,0,0,0,0,0,251993
1,1,1,1,1130,-1889,-1356,20,6,-3,1,62,124,0,0,0,0,0,0,0,0,0,0,0,0,0,0,0,0,0,0,0,0,0,0,252003
1,1,1,1,1123,-1879,-1366,46,-1,-12,1,62,128,0,0,0,0,0,0,0,0,0,0,0,0,0,0,0,0,0,0,0,0,0,0,252013
1,1,1,1,1125,-1877,-1369,56,-2,-17,2,62,124,0,0,0,0,0,0,0,0,0,0,0,0,0,0,0,0,0,0,0,0,0,0,252023
1,1,1,1,1132,-1876,-1352,42,10,-5,0,62,124,0,0,0,0,0,0,0,0,0,0,0,0,0,0,0,0,0,0,0,0,0,0,252033
1,1,1,1,1147,-1888,-1339,12,8,6,0,63,125,0,0,0,0,0,0,0,0,0,0,0,0,0,0,0,0,0,0,0,0,0,0,252043
1,1,1,1,1157,-1905,-1319,-16,-8,5,-3,64,126,0,0,0,0,0,0,0,0,0,0,0,0,0,0,0,0,0,0,0,0,0,0,252053
1,1,1,1,1152,-1927,-1348,-55,-14,10,-3,62,125,0,0,0,0,0,0,0,0,0,0,0,0,0,0,0,0,0,0,0,0,0,0,252063
1,1,1,1,1124,-1918,-1357,-69,-11,17,-2,63,128,0,0,0,0,0,0,0,0,0,0,0,0,0,0,0,0,0,0,0,0,0,0,252073
1,1,1,1,1130,-1897,-1359,-57,-7,19,0,62,128,0,0,0,0,0,0,0,0,0,0,0,0,0,0,0,0,0,0,0,0,0,0,252083
1,1,1,1,1135,-1876,-1348,-37,-7,17,-1,63,127,0,0,0,0,0,0,0,0,0,0,0,0,0,0,0,0,0,0,0,0,0,0,252093
1,1,1,1,1145,-1856,-1344,-1,0,14,0,62,128,0,0,0,0,0,0,0,0,0,0,0,0,0,0,0,0,0,0,0,0,0,0,252103
1,1,1,1,1146,-1850,-1347,17,11,20,-1,62,126,0,0,0,0,0,0,0,0,0,0,0,0,0,0,0,0,0,0,0,0,0,0,252113
1,1,1,1,1153,-1866,-1349,0,16,38,-3,63,125,0,0,0,0,0,0,0,0,0,0,0,0,0,0,0,0,0,0,0,0,0,0,252123
1,1,1,1,1150,-1875,-1339,-24,15,41,-2,61,122,0,0,0,0,0,0,0,0,0,0,0,0,0,0,0,0,0,0,0,0,0,0,252133
1,1,1,1,1157,-1879,-1321,-68,-7,39,-1,62,125,0,0,0,0,0,0,0,0,0,0,0,0,0,0,0,0,0,0,0,0,0,0,252143
1,1,1,1,1151,-1911,-1340,-102,-22,35,-5,62,127,0,0,0,0,0,0,0,0,0,0,0,0,0,0,0,0,0,0,0,0,0,0,252153
1,1,1,1,1116,-1893,-1377,-109,-18,33,-4,61,128,0,0,0,0,0,0,0,0,0,0,0,0,0,0,0,0,0,0,0,0,0,0,252163
1,1,1,1,1117,-1866,-1376,-85,-17,37,-5,65,131,0,0,0,0,0,0,0,0,0,0,0,0,0,0,0,0,0,0,0,0,0,0,252173
1,1,1,1,1133,-1860,-1366,-40,-14,30,-3,63,131,0,0,0,0,0,0,0,0,0,0,0,0,0,0,0,0,0,0,0,0,0,0,252183
1,1,1,1,1145,-1856,-1362,-5,-10,17,-2,62,128,0,0,0,0,0,0,0,0,0,0,0,0,0,0,0,0,0,0,0,0,0,0,252193
1,1,1,1,1145,-1848,-1355,7,-5,17,-1,60,131,0,0,0,0,0,0,0,0,0,0,0,0,0,0,0,0,0,0,0,0,0,0,252203
1,1,1,1,1149,-1850,-1356,5,-7,19,-1,63,131,0,0,0,0,0,0,0,0,0,0,0,0,0,0,0,0,0,0,0,0,0,0,252213
1,1,1,1,1141,-1863,-1358,-6,-1,16,0,62,132,0,0,0,0,0,0,0,0,0,0,0,0,0,0,0,0,0,0,0,0,0,0,252223
1,1,1,1,1130,-1877,-1360,-22,-3,17,1,61,129,0,0,0,0,0,0,0,0,0,0,0,0,0,0,0,0,0,0,0,0,0,0,252233
1,1,1,1,1134,-1883,-1354,-41,-8,10,1,61,131,0,0,0,0,0,0,0,0,0,0,0,0,0,0,0,0,0,0,0,0,0,0,252243
1,1,1,1,1137,-1878,-1357,-48,-9,7,0,62,132,0,0,0,0,0,0,0,0,0,0,0,0,0,0,0,0,0,0,0,0,0,0,252253
1,1,1,1,1142,-1869,-1359,-38,-12,1,-2,61,131,0,0,0,0,0,0,0,0,0,0,0,0,0,0,0,0,0,0,0,0,0,0,252263
1,1,1,1,1134,-1863,-1367,-4,-4,0,-2,62,131,0,0,0,0,0,0,0,0,0,0,0,0,0,0,0,0,0,0,0,0,0,0,252273
1,1,1,1,1136,-1867,-1353,25,2,2,-2,62,131,0,0,0,0,0,0,0,0,0,0,0,0,0,0,0,0,0,0,0,0,0,0,252283
1,1,1,1,1142,-1878,-1356,25,6,8,-3,62,131,0,0,0,0,0,0,0,0,0,0,0,0,0,0,0,0,0,0,0,0,0,0,252293
1,1,1,1,1143,-1886,-1355,18,5,20,-2,62,131,0,0,0,0,0,0,0,0,0,0,0,0,0,0,0,0,0,0,0,0,0,0,252303
1,1,1,1,1142,-1885,-1344,23,-3,11,-1,63,130,0,0,0,0,0,0,0,0,0,0,0,0,0,0,0,0,0,0,0,0,0,0,252313
1,1,1,1,1134,-1877,-1351,27,-3,8,-3,62,132,0,0,0,0,0,0,0,0,0,0,0,0,0,0,0,0,0,0,0,0,0,0,252323
1,1,1,1,1132,-1894,-1355,3,-17,11,-2,62,128,0,0,0,0,0,0,0,0,0,0,0,0,0,0,0,0,0,0,0,0,0,0,252333
1,1,1,1,1121,-1893,-1369,-15,-14,8,-1,61,130,0,0,0,0,0,0,0,0,0,0,0,0,0,0,0,0,0,0,0,0,0,0,252343
1,1,1,1,1125,-1883,-1359,-24,-7,14,-5,62,131,0,0,0,0,0,0,0,0,0,0,0,0,0,0,0,0,0,0,0,0,0,0,252353
1,1,1,1,1131,-1882,-1366,-11,1,8,-3,62,133,0,0,0,0,0,0,0,0,0,0,0,0,0,0,0,0,0,0,0,0,0,0,252363
1,1,1,1,1131,-1868,-1369,2,-10,5,-4,62,132,0,0,0,0,0,0,0,0,0,0,0,0,0,0,0,0,0,0,0,0,0,0,252373
1,1,1,1,1137,-1873,-1356,15,-7,7,-2,62,129,0,0,0,0,0,0,0,0,0,0,0,0,0,0,0,0,0,0,0,0,0,0,252383
1,1,1,1,1139,-1880,-1356,21,-13,3,-2,62,131,0,0,0,0,0,0,0,0,0,0,0,0,0,0,0,0,0,0,0,0,0,0,252393
1,1,1,1,1131,-1876,-1367,23,-19,-5,-4,62,133,0,0,0,0,0,0,0,0,0,0,0,0,0,0,0,0,0,0,0,0,0,0,252403
1,1,1,1,1128,-1871,-1366,21,-12,8,-5,62,133,0,0,0,0,0,0,0,0,0,0,0,0,0,0,0,0,0,0,0,0,0,0,252413
1,1,1,1,1130,-1885,-1360,20,-15,2,-3,61,132,0,0,0,0,0,0,0,0,0,0,0,0,0,0,0,0,0,0,0,0,0,0,252423
1,1,1,1,1123,-1883,-1359,27,-22,-9,-3,62,130,0,0,0,0,0,0,0,0,0,0,0,0,0,0,0,0,0,0,0,0,0,0,252433
1,1,1,1,1135,-1891,-1362,-10,-37,6,-6,68,131,0,0,0,0,0,0,0,0,0,0,0,0,0,0,0,0,0,0,0,0,0,0,252443
1,1,1,1,1134,-1909,-1351,-21,-33,12,-4,64,132,0,0,0,0,0,0,0,0,0,0,0,0,0,0,0,0,0,0,0,0,0,0,252453
1,1,1,1,1141,-1881,-1358,0,-28,5,-3,62,132,0,0,0,0,0,0,0,0,0,0,0,0,0,0,0,0,0,0,0,0,0,0,252463
1,1,1,1,1137,-1875,-1356,15,-28,8,-5,64,132,0,0,0,0,0,0,0,0,0,0,0,0,0,0,0,0,0,0,0,0,0,0,252473
1,1,1,1,1145,-1884,-1358,19,-25,13,-3,63,131,0,0,0,0,0,0,0,0,0,0,0,0,0,0,0,0,0,0,0,0,0,0,252483
1,1,1,1,1143,-1882,-1342,31,-15,12,-3,63,130,0,0,0,0,0,0,0,0,0,0,0,0,0,0,0,0,0,0,0,0,0,0,252493
1,1,1,1,1145,-1878,-1329,41,-14,6,-2,63,128,0,0,0,0,0,0,0,0,0,0,0,0,0,0,0,0,0,0,0,0,0,0,252503
1,1,1,1,1130,-1896,-1350,23,-18,4,-2,61,130,0,0,0,0,0,0,0,0,0,0,0,0,0,0,0,0,0,0,0,0,0,0,252513
1,1,1,1,1120,-1892,-1357,-2,-20,11,-3,62,130,0,0,0,0,0,0,0,0,0,0,0,0,0,0,0,0,0,0,0,0,0,0,252523
1,1,1,1,1130,-1885,-1351,-7,-26,13,-4,63,129,0,0,0,0,0,0,0,0,0,0,0,0,0,0,0,0,0,0,0,0,0,0,252533
1,1,1,1,1127,-1886,-1361,-11,-19,13,-1,62,132,0,0,0,0,0,0,0,0,0,0,0,0,0,0,0,0,0,0,0,0,0,0,252543
1,1,1,1,1128,-1886,-1360,-11,-6,21,-3,62,131,0,0,0,0,0,0,0,0,0,0,0,0,0,0,0,0,0,0,0,0,0,0,252553
1,1,1,1,1143,-1901,-1323,-7,-2,24,-2,61,131,0,0,0,0,0,0,0,0,0,0,0,0,0,0,0,0,0,0,0,0,0,0,252563
1,1,1,1,1141,-1915,-1329,-20,-12,26,-4,62,128,0,0,0,0,0,0,0,0,0,0,0,0,0,0,0,0,0,0,0,0,0,0,252573
1,1,1,1,1130,-1920,-1347,-35,-12,31,-2,61,131,0,0,0,0,0,0,0,0,0,0,0,0,0,0,0,0,0,0,0,0,0,0,252583
1,1,1,1,1127,-1918,-1350,-33,-6,33,-2,62,130,0,0,0,0,0,0,0,0,0,0,0,0,0,0,0,0,0,0,0,0,0,0,252593
1,1,1,1,1126,-1887,-1358,-18,-3,27,-2,62,128,0,0,0,0,0,0,0,0,0,0,0,0,0,0,0,0,0,0,0,0,0,0,252603
1,1,1,1,1121,-1867,-1357,-9,1,28,-2,62,128,0,0,0,0,0,0,0,0,0,0,0,0,0,0,0,0,0,0,0,0,0,0,252613
1,1,1,1,1113,-1864,-1371,-6,-1,25,-2,62,128,0,0,0,0,0,0,0,0,0,0,0,0,0,0,0,0,0,0,0,0,0,0,252623
1,1,1,1,1115,-1870,-1364,-8,-3,17,-1,62,126,0,0,0,0,0,0,0,0,0,0,0,0,0,0,0,0,0,0,0,0,0,0,252633
1,1,1,1,1123,-1884,-1353,-26,-10,14,-1,60,128,0,0,0,0,0,0,0,0,0,0,0,0,0,0,0,0,0,0,0,0,0,0,252643
1,1,1,1,1122,-1896,-1363,-39,-11,11,-5,62,128,0,0,0,0,0,0,0,0,0,0,0,0,0,0,0,0,0,0,0,0,0,0,252653
1,1,1,1,1130,-1883,-1357,-35,-15,12,-4,62,130,0,0,0,0,0,0,0,0,0,0,0,0,0,0,0,0,0,0,0,0,0,0,252663
1,1,1,1,1137,-1876,-1347,-15,-10,10,-4,62,132,0,0,0,0,0,0,0,0,0,0,0,0,0,0,0,0,0,0,0,0,0,0,252673
1,1,1,1,1140,-1878,-1338,-9,-9,12,-4,62,130,0,0,0,0,0,0,0,0,0,0,0,0,0,0,0,0,0,0,0,0,0,0,252683
1,1,1,1,1129,-1895,-1349,-15,-11,12,-5,62,131,0,0,0,0,0,0,0,0,0,0,0,0,0,0,0,0,0,0,0,0,0,0,252693
1,1,1,1,1121,-1903,-1357,-18,-10,11,-5,62,132,0,0,0,0,0,0,0,0,0,0,0,0,0,0,0,0,0,0,0,0,0,0,252703
1,1,1,1,1126,-1898,-1359,-13,-7,10,-7,62,131,0,0,0,0,0,0,0,0,0,0,0,0,0,0,0,0,0,0,0,0,0,0,252713
1,1,1,1,1127,-1892,-1361,-17,-4,13,-5,61,132,0,0,0,0,0,0,0,0,0,0,0,0,0,0,0,0,0,0,0,0,0,0,252723
1,1,1,1,1127,-1886,-1373,-17,-3,16,-6,62,131,0,0,0,0,0,0,0,0,0,0,0,0,0,0,0,0,0,0,0,0,0,0,252733
1,1,1,1,1128,-1880,-1371,-13,-1,14,-6,61,129,0,0,0,0,0,0,0,0,0,0,0,0,0,0,0,0,0,0,0,0,0,0,252743
1,1,1,1,1131,-1881,-1355,-13,3,11,-9,64,131,0,0,0,0,0,0,0,0,0,0,0,0,0,0,0,0,0,0,0,0,0,0,252753
1,1,1,1,1137,-1884,-1353,-9,17,11,-9,62,130,0,0,0,0,0,0,0,0,0,0,0,0,0,0,0,0,0,0,0,0,0,0,252763
1,1,1,1,1133,-1884,-1357,-16,8,5,-6,62,130,0,0,0,0,0,0,0,0,0,0,0,0,0,0,0,0,0,0,0,0,0,0,252773
1,1,1,1,1142,-1873,-1352,-5,-6,-1,-5,61,130,0,0,0,0,0,0,0,0,0,0,0,0,0,0,0,0,0,0,0,0,0,0,252783
1,1,1,1,1139,-1861,-1350,20,-4,-8,-5,63,131,0,0,0,0,0,0,0,0,0,0,0,0,0,0,0,0,0,0,0,0,0,0,252793
1,1,1,1,1139,-1857,-1358,23,-5,-7,-4,63,132,0,0,0,0,0,0,0,0,0,0,0,0,0,0,0,0,0,0,0,0,0,0,252803
1,1,1,1,1127,-1870,-1345,35,-4,-5,-4,62,133,0,0,0,0,0,0,0,0,0,0,0,0,0,0,0,0,0,0,0,0,0,0,252813
1,1,1,1,1122,-1873,-1365,28,-5,-4,-5,64,133,0,0,0,0,0,0,0,0,0,0,0,0,0,0,0,0,0,0,0,0,0,0,252823
1,1,1,1,1123,-1871,-1361,42,-3,-6,-4,63,131,0,0,0,0,0,0,0,0,0,0,0,0,0,0,0,0,0,0,0,0,0,0,252833
1,1,1,1,1117,-1886,-1371,39,-4,-5,-5,62,132,0,0,0,0,0,0,0,0,0,0,0,0,0,0,0,0,0,0,0,0,0,0,252843
1,1,1,1,1108,-1901,-1375,22,0,2,-7,63,131,0,0,0,0,0,0,0,0,0,0,0,0,0,0,0,0,0,0,0,0,0,0,252853
1,1,1,1,1121,-1906,-1358,6,-5,2,-6,63,131,0,0,0,0,0,0,0,0,0,0,0,0,0,0,0,0,0,0,0,0,0,0,252863
1,1,1,1,1123,-1915,-1353,-7,-14,2,-6,63,131,0,0,0,0,0,0,0,0,0,0,0,0,0,0,0,0,0,0,0,0,0,0,252873
1,1,1,1,1123,-1908,-1364,-7,-10,2,-5,62,132,0,0,0,0,0,0,0,0,0,0,0,0,0,0,0,0,0,0,0,0,0,0,252883
1,1,1,1,1129,-1890,-1355,1,-19,5,-3,63,127,0,0,0,0,0,0,0,0,0,0,0,0,0,0,0,0,0,0,0,0,0,0,252893
1,1,1,1,1137,-1881,-1352,9,-18,11,-3,62,130,0,0,0,0,0,0,0,0,0,0,0,0,0,0,0,0,0,0,0,0,0,0,252903
1,1,1,1,1132,-1886,-1348,22,-3,9,-2,62,127,0,0,0,0,0,0,0,0,0,0,0,0,0,0,0,0,0,0,0,0,0,0,252913
1,1,1,1,1135,-1885,-1344,21,0,18,-3,63,132,0,0,0,0,0,0,0,0,0,0,0,0,0,0,0,0,0,0,0,0,0,0,252923
1,1,1,1,1134,-1898,-1353,0,-6,20,-5,64,129,0,0,0,0,0,0,0,0,0,0,0,0,0,0,0,0,0,0,0,0,0,0,252933
1,1,1,1,1132,-1900,-1346,-8,-4,15,-5,62,130,0,0,0,0,0,0,0,0,0,0,0,0,0,0,0,0,0,0,0,0,0,0,252943
1,1,1,1,1120,-1886,-1361,2,-5,11,-6,62,129,0,0,0,0,0,0,0,0,0,0,0,0,0,0,0,0,0,0,0,0,0,0,252953
1,1,1,1,1122,-1881,-1364,10,-1,5,-5,62,129,0,0,0,0,0,0,0,0,0,0,0,0,0,0,0,0,0,0,0,0,0,0,252963
1,1,1,1,1119,-1880,-1361,27,-4,-1,-6,63,128,0,0,0,0,0,0,0,0,0,0,0,0,0,0,0,0,0,0,0,0,0,0,252973
1,1,1,1,1126,-1874,-1360,50,0,-7,-4,63,128,0,0,0,0,0,0,0,0,0,0,0,0,0,0,0,0,0,0,0,0,0,0,252983
1,1,1,1,1129,-1874,-1349,52,-7,-6,-4,63,126,0,0,0,0,0,0,0,0,0,0,0,0,0,0,0,0,0,0,0,0,0,0,252993
1,1,1,1,1128,-1889,-1348,40,-13,-2,-4,63,127,0,0,0,0,0,0,0,0,0,0,0,0,0,0,0,0,0,0,0,0,0,0,253003
1,1,1,1,1125,-1895,-1346,24,-8,5,-3,62,127,0,0,0,0,0,0,0,0,0,0,0,0,0,0,0,0,0,0,0,0,0,0,253013
1,1,1,1,1124,-1905,-1349,7,-9,15,-3,63,125,0,0,0,0,0,0,0,0,0,0,0,0,0,0,0,0,0,0,0,0,0,0,253023
1,1,1,1,1117,-1910,-1352,5,-9,12,-4,62,125,0,0,0,0,0,0,0,0,0,0,0,0,0,0,0,0,0,0,0,0,0,0,253033
1,1,1,1,1129,-1901,-1356,-1,-12,17,-4,61,124,0,0,0,0,0,0,0,0,0,0,0,0,0,0,0,0,0,0,0,0,0,0,253043
1,1,1,1,1133,-1894,-1347,1,-14,16,-6,64,125,0,0,0,0,0,0,0,0,0,0,0,0,0,0,0,0,0,0,0,0,0,0,253053
1,1,1,1,1141,-1883,-1346,9,-4,12,-6,63,124,0,0,0,0,0,0,0,0,0,0,0,0,0,0,0,0,0,0,0,0,0,0,253063
1,1,1,1,1136,-1880,-1335,11,6,17,-6,64,127,0,0,0,0,0,0,0,0,0,0,0,0,0,0,0,0,0,0,0,0,0,0,253073
1,1,1,1,1129,-1891,-1343,12,-1,9,-4,60,126,0,0,0,0,0,0,0,0,0,0,0,0,0,0,0,0,0,0,0,0,0,0,253083
1,1,1,1,1122,-1887,-1354,25,12,4,-3,61,128,0,0,0,0,0,0,0,0,0,0,0,0,0,0,0,0,0,0,0,0,0,0,253093
1,1,1,1,1124,-1887,-1353,16,1,10,-5,64,128,0,0,0,0,0,0,0,0,0,0,0,0,0,0,0,0,0,0,0,0,0,0,253103
1,1,1,1,1123,-1900,-1365,2,-7,-2,-2,62,131,0,0,0,0,0,0,0,0,0,0,0,0,0,0,0,0,0,0,0,0,0,0,253113
1,1,1,1,1117,-1883,-1367,13,-4,-10,-2,61,127,0,0,0,0,0,0,0,0,0,0,0,0,0,0,0,0,0,0,0,0,0,0,253123
1,1,1,1,1120,-1887,-1364,12,-7,-13,-4,62,131,0,0,0,0,0,0,0,0,0,0,0,0,0,0,0,0,0,0,0,0,0,0,253133
1,1,1,1,1126,-1888,-1362,10,-14,-16,-4,63,129,0,0,0,0,0,0,0,0,0,0,0,0,0,0,0,0,0,0,0,0,0,0,253143
1,1,1,1,1132,-1871,-1344,25,-19,-19,-5,63,130,0,0,0,0,0,0,0,0,0,0,0,0,0,0,0,0,0,0,0,0,0,0,253153
1,1,1,1,1138,-1865,-1344,43,-19,-16,-6,62,130,0,0,0,0,0,0,0,0,0,0,0,0,0,0,0,0,0,0,0,0,0,0,253163
1,1,1,1,1138,-1882,-1346,48,-12,-14,-3,62,129,0,0,0,0,0,0,0,0,0,0,0,0,0,0,0,0,0,0,0,0,0,0,253173
1,1,1,1,1134,-1900,-1352,26,-11,-3,-3,62,129,0,0,0,0,0,0,0,0,0,0,0,0,0,0,0,0,0,0,0,0,0,0,253183
1,1,1,1,1124,-1908,-1347,12,-16,-2,-2,62,128,0,0,0,0,0,0,0,0,0,0,0,0,0,0,0,0,0,0,0,0,0,0,253193
1,1,1,1,1128,-1905,-1343,-3,-14,2,-3,63,127,0,0,0,0,0,0,0,0,0,0,0,0,0,0,0,0,0,0,0,0,0,0,253203
1,1,1,1,1127,-1901,-1352,-15,-14,4,-5,62,128,0,0,0,0,0,0,0,0,0,0,0,0,0,0,0,0,0,0,0,0,0,0,253213
1,1,1,1,1122,-1892,-1346,-8,-14,2,-3,62,127,0,0,0,0,0,0,0,0,0,0,0,0,0,0,0,0,0,0,0,0,0,0,253223
1,1,1,1,1126,-1876,-1352,-4,-15,1,-2,62,125,0,0,0,0,0,0,0,0,0,0,0,0,0,0,0,0,0,0,0,0,0,0,253233
1,1,1,1,1132,-1872,-1352,16,2,4,-4,63,130,0,0,0,0,0,0,0,0,0,0,0,0,0,0,0,0,0,0,0,0,0,0,253243
1,1,1,1,1136,-1876,-1338,27,7,5,-4,63,128,0,0,0,0,0,0,0,0,0,0,0,0,0,0,0,0,0,0,0,0,0,0,253253
1,1,1,1,1134,-1888,-1337,26,6,10,-5,63,129,0,0,0,0,0,0,0,0,0,0,0,0,0,0,0,0,0,0,0,0,0,0,253263
1,1,1,1,1133,-1897,-1327,28,0,9,-5,62,127,0,0,0,0,0,0,0,0,0,0,0,0,0,0,0,0,0,0,0,0,0,0,253273
1,1,1,1,1135,-1915,-1334,10,1,13,-3,63,128,0,0,0,0,0,0,0,0,0,0,0,0,0,0,0,0,0,0,0,0,0,0,253283
1,1,1,1,1118,-1908,-1338,1,-3,17,-2,63,127,0,0,0,0,0,0,0,0,0,0,0,0,0,0,0,0,0,0,0,0,0,0,253293
1,1,1,1,1120,-1899,-1342,8,-1,14,0,62,126,0,0,0,0,0,0,0,0,0,0,0,0,0,0,0,0,0,0,0,0,0,0,253303
1,1,1,1,1117,-1897,-1356,8,4,18,-2,62,126,0,0,0,0,0,0,0,0,0,0,0,0,0,0,0,0,0,0,0,0,0,0,253313
1,1,1,1,1114,-1896,-1360,-4,6,23,-2,62,126,0,0,0,0,0,0,0,0,0,0,0,0,0,0,0,0,0,0,0,0,0,0,253323
1,1,1,1,1111,-1887,-1358,-5,5,21,0,60,124,0,0,0,0,0,0,0,0,0,0,0,0,0,0,0,0,0,0,0,0,0,0,253333
1,1,1,1,1116,-1882,-1359,-1,0,22,-3,62,127,0,0,0,0,0,0,0,0,0,0,0,0,0,0,0,0,0,0,0,0,0,0,253343
1,1,1,1,1127,-1884,-1355,-2,-1,25,-3,61,125,0,0,0,0,0,0,0,0,0,0,0,0,0,0,0,0,0,0,0,0,0,0,253353
1,1,1,1,1139,-1881,-1343,-6,-10,22,-4,63,129,0,0,0,0,0,0,0,0,0,0,0,0,0,0,0,0,0,0,0,0,0,0,253363
1,1,1,1,1140,-1887,-1330,-1,-2,13,-7,66,128,0,0,0,0,0,0,0,0,0,0,0,0,0,0,0,0,0,0,0,0,0,0,253373
1,1,1,1,1134,-1887,-1348,-1,0,3,-5,64,125,0,0,0,0,0,0,0,0,0,0,0,0,0,0,0,0,0,0,0,0,0,0,253383
1,1,1,1,1120,-1880,-1350,11,4,0,-3,63,128,0,0,0,0,0,0,0,0,0,0,0,0,0,0,0,0,0,0,0,0,0,0,253393
1,1,1,1,1133,-1877,-1350,28,4,-11,-4,61,128,0,0,0,0,0,0,0,0,0,0,0,0,0,0,0,0,0,0,0,0,0,0,253403
1,1,1,1,1129,-1878,-1353,38,-1,-14,-5,64,133,0,0,0,0,0,0,0,0,0,0,0,0,0,0,0,0,0,0,0,0,0,0,253413
1,1,1,1,1123,-1881,-1353,30,0,-8,-2,64,130,0,0,0,0,0,0,0,0,0,0,0,0,0,0,0,0,0,0,0,0,0,0,253423
1,1,1,1,1136,-1893,-1339,20,6,1,-2,62,127,0,0,0,0,0,0,0,0,0,0,0,0,0,0,0,0,0,0,0,0,0,0,253433
1,1,1,1,1144,-1900,-1336,16,-5,-1,-2,62,129,0,0,0,0,0,0,0,0,0,0,0,0,0,0,0,0,0,0,0,0,0,0,253443
1,1,1,1,1139,-1911,-1328,7,-15,-2,-4,62,130,0,0,0,0,0,0,0,0,0,0,0,0,0,0,0,0,0,0,0,0,0,0,253453
1,1,1,1,1131,-1921,-1334,-17,-15,4,-5,62,131,0,0,0,0,0,0,0,0,0,0,0,0,0,0,0,0,0,0,0,0,0,0,253463
1,1,1,1,1122,-1915,-1348,-24,-19,4,-6,61,131,0,0,0,0,0,0,0,0,0,0,0,0,0,0,0,0,0,0,0,0,0,0,253473
1,1,1,1,1111,-1900,-1354,-11,-17,0,-6,62,135,0,0,0,0,0,0,0,0,0,0,0,0,0,0,0,0,0,0,0,0,0,0,253483
1,1,1,1,1103,-1893,-1375,10,-12,-6,-6,63,133,0,0,0,0,0,0,0,0,0,0,0,0,0,0,0,0,0,0,0,0,0,0,253493
1,1,1,1,1107,-1876,-1356,33,-8,-14,-6,62,131,0,0,0,0,0,0,0,0,0,0,0,0,0,0,0,0,0,0,0,0,0,0,253503
1,1,1,1,1124,-1869,-1344,46,2,-6,-6,62,130,0,0,0,0,0,0,0,0,0,0,0,0,0,0,0,0,0,0,0,0,0,0,253513
1,1,1,1,1141,-1880,-1334,42,-3,-5,-5,62,130,0,0,0,0,0,0,0,0,0,0,0,0,0,0,0,0,0,0,0,0,0,0,253523
1,1,1,1,1138,-1885,-1333,39,2,-8,-5,62,132,0,0,0,0,0,0,0,0,0,0,0,0,0,0,0,0,0,0,0,0,0,0,253533
1,1,1,1,1137,-1888,-1331,28,-7,-6,-3,61,131,0,0,0,0,0,0,0,0,0,0,0,0,0,0,0,0,0,0,0,0,0,0,253543
1,1,1,1,1128,-1900,-1336,31,-11,-12,-5,61,129,0,0,0,0,0,0,0,0,0,0,0,0,0,0,0,0,0,0,0,0,0,0,253553
1,1,1,1,1127,-1905,-1329,16,-18,-10,-5,62,132,0,0,0,0,0,0,0,0,0,0,0,0,0,0,0,0,0,0,0,0,0,0,253563
1,1,1,1,1123,-1912,-1348,7,-16,-7,-4,62,133,0,0,0,0,0,0,0,0,0,0,0,0,0,0,0,0,0,0,0,0,0,0,253573
1,1,1,1,1118,-1902,-1348,2,-12,4,-4,62,134,0,0,0,0,0,0,0,0,0,0,0,0,0,0,0,0,0,0,0,0,0,0,253583
1,1,1,1,1122,-1905,-1353,-9,-9,14,-5,63,133,0,0,0,0,0,0,0,0,0,0,0,0,0,0,0,0,0,0,0,0,0,0,253593
1,1,1,1,1128,-1907,-1345,-3,-10,13,-4,62,131,0,0,0,0,0,0,0,0,0,0,0,0,0,0,0,0,0,0,0,0,0,0,253603
1,1,1,1,1139,-1887,-1335,10,-9,23,-3,61,133,0,0,0,0,0,0,0,0,0,0,0,0,0,0,0,0,0,0,0,0,0,0,253613
1,1,1,1,1147,-1897,-1328,23,-4,25,-4,62,132,0,0,0,0,0,0,0,0,0,0,0,0,0,0,0,0,0,0,0,0,0,0,253623
1,1,1,1,1144,-1903,-1323,25,2,22,-4,61,128,0,0,0,0,0,0,0,0,0,0,0,0,0,0,0,0,0,0,0,0,0,0,253633
1,1,1,1,1135,-1913,-1321,2,-5,27,-7,64,132,0,0,0,0,0,0,0,0,0,0,0,0,0,0,0,0,0,0,0,0,0,0,253643
1,1,1,1,1121,-1911,-1333,-16,-5,27,-5,62,127,0,0,0,0,0,0,0,0,0,0,0,0,0,0,0,0,0,0,0,0,0,0,253653
1,1,1,1,1117,-1908,-1337,-22,-6,29,-5,62,130,0,0,0,0,0,0,0,0,0,0,0,0,0,0,0,0,0,0,0,0,0,0,253663
1,1,1,1,1113,-1911,-1346,-19,-6,20,-5,62,127,0,0,0,0,0,0,0,0,0,0,0,0,0,0,0,0,0,0,0,0,0,0,253673
1,1,1,1,1112,-1901,-1345,-10,2,23,-7,62,130,0,0,0,0,0,0,0,0,0,0,0,0,0,0,0,0,0,0,0,0,0,0,253683
1,1,1,1,1125,-1903,-1342,-7,10,24,-4,61,129,0,0,0,0,0,0,0,0,0,0,0,0,0,0,0,0,0,0,0,0,0,0,253693
1,1,1,1,1133,-1890,-1340,0,5,18,-2,59,129,0,0,0,0,0,0,0,0,0,0,0,0,0,0,0,0,0,0,0,0,0,0,253703
1,1,1,1,1140,-1876,-1334,13,8,22,-5,61,130,0,0,0,0,0,0,0,0,0,0,0,0,0,0,0,0,0,0,0,0,0,0,253713
1,1,1,1,1133,-1897,-1332,12,5,18,-5,63,130,0,0,0,0,0,0,0,0,0,0,0,0,0,0,0,0,0,0,0,0,0,0,253723
1,1,1,1,1130,-1898,-1344,-1,3,21,-3,60,130,0,0,0,0,0,0,0,0,0,0,0,0,0,0,0,0,0,0,0,0,0,0,253733
1,1,1,1,1127,-1904,-1329,-18,-11,24,-1,61,130,0,0,0,0,0,0,0,0,0,0,0,0,0,0,0,0,0,0,0,0,0,0,253743
1,1,1,1,1127,-1904,-1329,-28,-15,21,-3,62,133,0,0,0,0,0,0,0,0,0,0,0,0,0,0,0,0,0,0,0,0,0,0,253753
1,1,1,1,1119,-1917,-1341,-38,-18,25,-3,61,133,0,0,0,0,0,0,0,0,0,0,0,0,0,0,0,0,0,0,0,0,0,0,253763
1,1,1,1,1114,-1907,-1341,-31,-21,23,-3,60,132,0,0,0,0,0,0,0,0,0,0,0,0,0,0,0,0,0,0,0,0,0,0,253773
1,1,1,1,1112,-1900,-1347,-11,-4,16,-2,61,132,0,0,0,0,0,0,0,0,0,0,0,0,0,0,0,0,0,0,0,0,0,0,253783
1,1,1,1,1116,-1895,-1342,-1,0,12,-4,61,130,0,0,0,0,0,0,0,0,0,0,0,0,0,0,0,0,0,0,0,0,0,0,253793
1,1,1,1,1123,-1888,-1346,4,3,10,-2,61,128,0,0,0,0,0,0,0,0,0,0,0,0,0,0,0,0,0,0,0,0,0,0,253803
1,1,1,1,1117,-1883,-1347,11,5,5,-2,61,130,0,0,0,0,0,0,0,0,0,0,0,0,0,0,0,0,0,0,0,0,0,0,253813
1,1,1,1,1120,-1880,-1332,31,6,-12,-3,62,130,0,0,0,0,0,0,0,0,0,0,0,0,0,0,0,0,0,0,0,0,0,0,253823
1,1,1,1,1123,-1886,-1334,30,5,-20,-2,60,129,0,0,0,0,0,0,0,0,0,0,0,0,0,0,0,0,0,0,0,0,0,0,253833
1,1,1,1,1123,-1909,-1349,20,-5,-21,-3,62,132,0,0,0,0,0,0,0,0,0,0,0,0,0,0,0,0,0,0,0,0,0,0,253843
1,1,1,1,1121,-1913,-1338,9,-13,-17,-4,62,135,0,0,0,0,0,0,0,0,0,0,0,0,0,0,0,0,0,0,0,0,0,0,253853
1,1,1,1,1126,-1931,-1342,-26,-21,-8,-5,62,130,0,0,0,0,0,0,0,0,0,0,0,0,0,0,0,0,0,0,0,0,0,0,253863
1,1,1,1,1115,-1940,-1342,-42,-24,-1,-5,62,133,0,0,0,0,0,0,0,0,0,0,0,0,0,0,0,0,0,0,0,0,0,0,253873
1,1,1,1,1118,-1919,-1340,-34,-19,8,-5,62,133,0,0,0,0,0,0,0,0,0,0,0,0,0,0,0,0,0,0,0,0,0,0,253883
1,1,1,1,1121,-1902,-1339,-18,-14,10,-5,61,132,0,0,0,0,0,0,0,0,0,0,0,0,0,0,0,0,0,0,0,0,0,0,253893
1,1,1,1,1126,-1897,-1330,-6,-13,9,-2,60,130,0,0,0,0,0,0,0,0,0,0,0,0,0,0,0,0,0,0,0,0,0,0,253903
1,1,1,1,1119,-1890,-1340,-3,-9,11,-4,60,133,0,0,0,0,0,0,0,0,0,0,0,0,0,0,0,0,0,0,0,0,0,0,253913
1,1,1,1,1118,-1893,-1337,-1,-5,10,-5,61,133,0,0,0,0,0,0,0,0,0,0,0,0,0,0,0,0,0,0,0,0,0,0,253923
1,1,1,1,1125,-1898,-1329,-7,-5,11,-5,61,130,0,0,0,0,0,0,0,0,0,0,0,0,0,0,0,0,0,0,0,0,0,0,253933
1,1,1,1,1128,-1901,-1333,-30,-10,7,-6,61,133,0,0,0,0,0,0,0,0,0,0,0,0,0,0,0,0,0,0,0,0,0,0,253943
1,1,1,1,1126,-1893,-1332,-35,-14,5,-3,60,130,0,0,0,0,0,0,0,0,0,0,0,0,0,0,0,0,0,0,0,0,0,0,253953
1,1,1,1,1127,-1900,-1338,-41,-10,7,-4,59,130,0,0,0,0,0,0,0,0,0,0,0,0,0,0,0,0,0,0,0,0,0,0,253963
1,1,1,1,1123,-1903,-1347,-37,-4,4,-7,62,132,0,0,0,0,0,0,0,0,0,0,0,0,0,0,0,0,0,0,0,0,0,0,253973
1,1,1,1,1119,-1898,-1349,-30,4,3,-7,62,129,0,0,0,0,0,0,0,0,0,0,0,0,0,0,0,0,0,0,0,0,0,0,253983
1,1,1,1,1119,-1897,-1341,-25,6,6,-4,61,133,0,0,0,0,0,0,0,0,0,0,0,0,0,0,0,0,0,0,0,0,0,0,253993
1,1,1,1,1122,-1901,-1340,-22,7,3,-5,59,133,0,0,0,0,0,0,0,0,0,0,0,0,0,0,0,0,0,0,0,0,0,0,254003
1,1,1,1,1118,-1901,-1347,-39,6,9,-6,59,131,0,0,0,0,0,0,0,0,0,0,0,0,0,0,0,0,0,0,0,0,0,0,254013
1,1,1,1,1123,-1900,-1336,-58,4,14,-3,59,129,0,0,0,0,0,0,0,0,0,0,0,0,0,0,0,0,0,0,0,0,0,0,254023
1,1,1,1,1127,-1907,-1350,-67,0,9,-5,60,132,0,0,0,0,0,0,0,0,0,0,0,0,0,0,0,0,0,0,0,0,0,0,254033
1,1,1,1,1121,-1883,-1348,-57,2,9,-2,60,133,0,0,0,0,0,0,0,0,0,0,0,0,0,0,0,0,0,0,0,0,0,0,254043
1,1,1,1,1115,-1868,-1354,-51,1,15,-2,60,134,0,0,0,0,0,0,0,0,0,0,0,0,0,0,0,0,0,0,0,0,0,0,254053
1,1,1,1,1127,-1865,-1350,-32,-4,22,-6,60,131,0,0,0,0,0,0,0,0,0,0,0,0,0,0,0,0,0,0,0,0,0,0,254063
1,1,1,1,1131,-1877,-1327,-6,2,9,-8,61,133,0,0,0,0,0,0,0,0,0,0,0,0,0,0,0,0,0,0,0,0,0,0,254073
1,1,1,1,1138,-1876,-1333,7,-8,-1,-8,61,132,0,0,0,0,0,0,0,0,0,0,0,0,0,0,0,0,0,0,0,0,0,0,254083
1,1,1,1,1129,-1883,-1332,18,-7,-10,-7,60,131,0,0,0,0,0,0,0,0,0,0,0,0,0,0,0,0,0,0,0,0,0,0,254093
1,1,1,1,1123,-1886,-1351,22,-3,-14,-4,58,134,0,0,0,0,0,0,0,0,0,0,0,0,0,0,0,0,0,0,0,0,0,0,254103
1,1,1,1,1125,-1886,-1350,27,-1,-13,-4,58,133,0,0,0,0,0,0,0,0,0,0,0,0,0,0,0,0,0,0,0,0,0,0,254113
1,1,1,1,1122,-1893,-1357,17,-2,-8,-6,60,132,0,0,0,0,0,0,0,0,0,0,0,0,0,0,0,0,0,0,0,0,0,0,254123
1,1,1,1,1114,-1884,-1358,5,-3,4,-3,61,130,0,0,0,0,0,0,0,0,0,0,0,0,0,0,0,0,0,0,0,0,0,0,254133
1,1,1,1,1118,-1891,-1348,18,-2,7,-5,61,132,0,0,0,0,0,0,0,0,0,0,0,0,0,0,0,0,0,0,0,0,0,0,254143
1,1,1,1,1123,-1916,-1347,-6,-15,6,-4,61,131,0,0,0,0,0,0,0,0,0,0,0,0,0,0,0,0,0,0,0,0,0,0,254153
1,1,1,1,1114,-1922,-1328,8,-11,-1,-6,60,131,0,0,0,0,0,0,0,0,0,0,0,0,0,0,0,0,0,0,0,0,0,0,254163
1,1,1,1,1124,-1897,-1337,11,-16,-3,-5,60,132,0,0,0,0,0,0,0,0,0,0,0,0,0,0,0,0,0,0,0,0,0,0,254173
1,1,1,1,1122,-1904,-1350,3,-22,2,-3,59,131,0,0,0,0,0,0,0,0,0,0,0,0,0,0,0,0,0,0,0,0,0,0,254183
1,1,1,1,1117,-1913,-1364,-4,-13,6,-3,61,130,0,0,0,0,0,0,0,0,0,0,0,0,0,0,0,0,0,0,0,0,0,0,254193
1,1,1,1,1113,-1890,-1361,-4,-14,8,-5,61,132,0,0,0,0,0,0,0,0,0,0,0,0,0,0,0,0,0,0,0,0,0,0,254203
1,1,1,1,1110,-1891,-1361,10,-10,4,-3,61,128,0,0,0,0,0,0,0,0,0,0,0,0,0,0,0,0,0,0,0,0,0,0,254213
1,1,1,1,1111,-1894,-1349,30,-3,0,-2,60,129,0,0,0,0,0,0,0,0,0,0,0,0,0,0,0,0,0,0,0,0,0,0,254223
1,1,1,1,1113,-1905,-1353,29,-4,-7,-5,61,130,0,0,0,0,0,0,0,0,0,0,0,0,0,0,0,0,0,0,0,0,0,0,254233
1,1,1,1,1110,-1905,-1352,29,-13,-10,-5,62,128,0,0,0,0,0,0,0,0,0,0,0,0,0,0,0,0,0,0,0,0,0,0,254243
1,1,1,1,1113,-1890,-1359,35,-26,-23,-2,60,131,0,0,0,0,0,0,0,0,0,0,0,0,0,0,0,0,0,0,0,0,0,0,254253
1,1,1,1,1108,-1881,-1368,53,-14,-31,-2,57,127,0,0,0,0,0,0,0,0,0,0,0,0,0,0,0,0,0,0,0,0,0,0,254263
1,1,1,1,1108,-1869,-1370,76,-11,-34,-4,61,129,0,0,0,0,0,0,0,0,0,0,0,0,0,0,0,0,0,0,0,0,0,0,254273
1,1,1,1,1107,-1873,-1368,95,-16,-46,-2,57,128,0,0,0,0,0,0,0,0,0,0,0,0,0,0,0,0,0,0,0,0,0,0,254283
1,1,1,1,1093,-1875,-1375,114,-7,-61,-3,61,130,0,0,0,0,0,0,0,0,0,0,0,0,0,0,0,0,0,0,0,0,0,0,254293
1,1,1,1,1073,-1864,-1387,128,-1,-65,-1,60,130,0,0,0,0,0,0,0,0,0,0,0,0,0,0,0,0,0,0,0,0,0,0,254303
1,1,1,1,1070,-1867,-1392,144,4,-65,0,61,129,0,0,0,0,0,0,0,0,0,0,0,0,0,0,0,0,0,0,0,0,0,0,254313
1,1,1,1,1063,-1885,-1392,163,-1,-89,0,61,125,0,0,0,0,0,0,0,0,0,0,0,0,0,0,0,0,0,0,0,0,0,0,254323
1,1,1,1,1042,-1885,-1408,206,-4,-112,2,59,126,0,0,0,0,0,0,0,0,0,0,0,0,0,0,0,0,0,0,0,0,0,0,254333
1,1,1,1,1007,-1883,-1419,268,0,-127,5,59,122,0,0,0,0,0,0,0,0,0,0,0,0,0,0,0,0,0,0,0,0,0,0,254343
1,1,1,1,971,-1897,-1447,320,8,-146,6,61,121,0,0,0,0,0,0,0,0,0,0,0,0,0,0,0,0,0,0,0,0,0,0,254353
1,1,1,1,950,-1882,-1454,413,21,-169,8,59,117,0,0,0,0,0,0,0,0,0,0,0,0,0,0,0,0,0,0,0,0,0,0,254363
1,1,1,1,886,-1851,-1472,538,47,-196,13,59,107,0,0,0,0,0,0,0,0,0,0,0,0,0,0,0,0,0,0,0,0,0,0,254373
1,1,1,1,860,-1776,-1476,727,52,-212,15,60,101,0,0,0,0,0,0,0,0,0,0,0,0,0,0,0,0,0,0,0,0,0,0,254383
1,1,1,1,905,-1717,-1489,1008,60,-291,16,59,95,0,0,0,0,0,0,0,0,0,0,0,0,0,0,0,0,0,0,0,0,0,0,254393
1,1,1,1,855,-1663,-1470,1268,100,-397,18,58,87,0,0,0,0,0,0,0,0,0,0,0,0,0,0,0,0,0,0,0,0,0,0,254403
1,1,1,1,957,-1634,-1375,1496,93,-419,20,57,79,0,0,0,0,0,0,0,0,0,0,0,0,0,0,0,0,0,0,0,0,0,0,254413
1,1,1,1,1027,-1747,-1233,1612,103,-538,20,55,76,0,0,0,0,0,0,0,0,0,0,0,0,0,0,0,0,0,0,0,0,0,0,254423
1,1,1,1,1217,-1897,-1200,1549,77,-653,19,53,69,0,0,0,0,0,0,0,0,0,0,0,0,0,0,0,0,0,0,0,0,0,0,254433
1,1,1,1,1219,-1996,-1217,1364,119,-747,19,51,61,0,0,0,0,0,0,0,0,0,0,0,0,0,0,0,0,0,0,0,0,0,0,254443
1,1,1,1,1270,-2000,-1133,1156,160,-760,18,47,53,0,0,0,0,0,0,0,0,0,0,0,0,0,0,0,0,0,0,0,0,0,0,254453
1,1,1,1,1338,-2028,-1132,1028,205,-761,19,46,49,0,0,0,0,0,0,0,0,0,0,0,0,0,0,0,0,0,0,0,0,0,0,254463
1,1,1,1,1353,-1982,-1048,920,216,-780,25,43,43,0,0,0,0,0,0,0,0,0,0,0,0,0,0,0,0,0,0,0,0,0,0,254473
1,1,1,1,1405,-1899,-1056,1015,281,-845,25,45,41,0,0,0,0,0,0,0,0,0,0,0,0,0,0,0,0,0,0,0,0,0,0,254483
1,1,1,1,1452,-1933,-980,1145,278,-1003,29,43,41,0,0,0,0,0,0,0,0,0,0,0,0,0,0,0,0,0,0,0,0,0,0,254493
1,1,1,1,1504,-1945,-851,1251,258,-1125,29,41,36,0,0,0,0,0,0,0,0,0,0,0,0,0,0,0,0,0,0,0,0,0,0,254503
1,1,1,1,1562,-1996,-779,1376,164,-1255,28,40,37,0,0,0,0,0,0,0,0,0,0,0,0,0,0,0,0,0,0,0,0,0,0,254513
1,1,1,1,1566,-2010,-817,1399,47,-1337,28,38,34,0,0,0,0,0,0,0,0,0,0,0,0,0,0,0,0,0,0,0,0,0,0,254523
1,1,1,1,1532,-1983,-837,1376,17,-1365,27,37,35,0,0,0,0,0,0,0,0,0,0,0,0,0,0,0,0,0,0,0,0,0,0,254533
1,1,1,1,1500,-1970,-895,1331,65,-1362,27,36,37,0,0,0,0,0,0,0,0,0,0,0,0,0,0,0,0,0,0,0,0,0,0,254543
1,1,1,1,1453,-1960,-920,1193,168,-1328,24,35,35,0,0,0,0,0,0,0,0,0,0,0,0,0,0,0,0,0,0,0,0,0,0,254553
1,1,1,1,1440,-1892,-924,1005,306,-1193,24,34,33,0,0,0,0,0,0,0,0,0,0,0,0,0,0,0,0,0,0,0,0,0,0,254563
1,1,1,1,1451,-1843,-915,805,406,-979,20,33,30,0,0,0,0,0,0,0,0,0,0,0,0,0,0,0,0,0,0,0,0,0,0,254573
1,1,1,1,1458,-1817,-908,616,479,-796,15,38,31,0,0,0,0,0,0,0,0,0,0,0,0,0,0,0,0,0,0,0,0,0,0,254583
1,1,1,1,1491,-1752,-846,537,555,-688,18,34,34,0,0,0,0,0,0,0,0,0,0,0,0,0,0,0,0,0,0,0,0,0,0,254593
1,1,1,1,1517,-1701,-746,614,534,-685,22,33,34,0,0,0,0,0,0,0,0,0,0,0,0,0,0,0,0,0,0,0,0,0,0,254603
1,1,1,1,1534,-1672,-716,831,510,-779,21,33,34,0,0,0,0,0,0,0,0,0,0,0,0,0,0,0,0,0,0,0,0,0,0,254613
1,1,1,1,1514,-1658,-728,1084,572,-931,25,30,35,0,0,0,0,0,0,0,0,0,0,0,0,0,0,0,0,0,0,0,0,0,0,254623
1,1,1,1,1460,-1667,-711,1351,676,-1053,26,31,34,0,0,0,0,0,0,0,0,0,0,0,0,0,0,0,0,0,0,0,0,0,0,254633
1,1,1,1,1431,-1646,-723,1588,816,-1118,27,30,33,0,0,0,0,0,0,0,0,0,0,0,0,0,0,0,0,0,0,0,0,0,0,254643
1,1,1,1,1415,-1649,-713,1772,997,-1098,27,29,28,0,0,0,0,0,0,0,0,0,0,0,0,0,0,0,0,0,0,0,0,0,0,254653
1,1,1,1,1443,-1678,-597,1828,1128,-1021,24,30,28,0,0,0,0,0,0,0,0,0,0,0,0,0,0,0,0,0,0,0,0,0,0,254663
1,1,1,1,1621,-1734,-349,1770,1171,-798,21,32,29,0,0,0,0,0,0,0,0,0,0,0,0,0,0,0,0,0,0,0,0,0,0,254673
1,1,1,1,1802,-1850,-133,1630,936,-499,21,32,29,0,0,0,0,0,0,0,0,0,0,0,0,0,0,0,0,0,0,0,0,0,0,254683
1,1,1,1,1895,-2011,-94,1354,582,-297,19,32,30,0,0,0,0,0,0,0,0,0,0,0,0,0,0,0,0,0,0,0,0,0,0,254693
1,1,1,1,1923,-2083,-168,1043,354,-309,22,32,32,0,0,0,0,0,0,0,0,0,0,0,0,0,0,0,0,0,0,0,0,0,0,254703
1,1,1,1,1904,-2038,-245,847,246,-468,21,32,30,0,0,0,0,0,0,0,0,0,0,0,0,0,0,0,0,0,0,0,0,0,0,254713
1,1,1,1,1839,-1913,-278,743,202,-589,20,32,30,0,0,0,0,0,0,0,0,0,0,0,0,0,0,0,0,0,0,0,0,0,0,254723
1,1,1,1,1763,-1770,-349,687,183,-578,19,32,27,0,0,0,0,0,0,0,0,0,0,0,0,0,0,0,0,0,0,0,0,0,0,254733
1,1,1,1,1703,-1672,-409,609,183,-461,17,32,26,0,0,0,0,0,0,0,0,0,0,0,0,0,0,0,0,0,0,0,0,0,0,254743
1,1,1,1,1631,-1640,-447,523,176,-334,20,31,27,0,0,0,0,0,0,0,0,0,0,0,0,0,0,0,0,0,0,0,0,0,0,254753
1,1,1,1,1559,-1604,-456,500,228,-220,18,31,26,0,0,0,0,0,0,0,0,0,0,0,0,0,0,0,0,0,0,0,0,0,0,254763
1,1,1,1,1490,-1586,-475,562,333,-123,19,29,25,0,0,0,0,0,0,0,0,0,0,0,0,0,0,0,0,0,0,0,0,0,0,254773
1,1,1,1,1462,-1589,-478,628,458,-30,18,30,28,0,0,0,0,0,0,0,0,0,0,0,0,0,0,0,0,0,0,0,0,0,0,254783
1,1,1,1,1484,-1632,-460,664,564,72,20,30,26,0,0,0,0,0,0,0,0,0,0,0,0,0,0,0,0,0,0,0,0,0,0,254793
1,1,1,1,1565,-1691,-428,663,589,167,20,31,25,0,0,0,0,0,0,0,0,0,0,0,0,0,0,0,0,0,0,0,0,0,0,254803
1,1,1,1,1605,-1726,-375,650,562,219,20,30,23,0,0,0,0,0,0,0,0,0,0,0,0,0,0,0,0,0,0,0,0,0,0,254813
1,1,1,1,1607,-1710,-343,645,541,249,21,30,25,0,0,0,0,0,0,0,0,0,0,0,0,0,0,0,0,0,0,0,0,0,0,254823
1,1,1,1,1636,-1703,-301,685,521,257,19,29,26,0,0,0,0,0,0,0,0,0,0,0,0,0,0,0,0,0,0,0,0,0,0,254833
1,1,1,1,1649,-1741,-274,655,477,288,18,31,23,0,0,0,0,0,0,0,0,0,0,0,0,0,0,0,0,0,0,0,0,0,0,254843
1,1,1,1,1669,-1761,-275,562,391,354,18,29,21,0,0,0,0,0,0,0,0,0,0,0,0,0,0,0,0,0,0,0,0,0,0,254853
1,1,1,1,1634,-1811,-277,473,320,368,23,25,20,0,0,0,0,0,0,0,0,0,0,0,0,0,0,0,0,0,0,0,0,0,0,254863
1,1,1,1,1624,-1791,-291,440,292,331,17,32,26,0,0,0,0,0,0,0,0,0,0,0,0,0,0,0,0,0,0,0,0,0,0,254873
1,1,1,1,1586,-1779,-274,437,298,293,18,28,26,0,0,0,0,0,0,0,0,0,0,0,0,0,0,0,0,0,0,0,0,0,0,254883
1,1,1,1,1554,-1771,-269,411,288,297,16,28,25,0,0,0,0,0,0,0,0,0,0,0,0,0,0,0,0,0,0,0,0,0,0,254893
1,1,1,1,1519,-1785,-272,411,308,299,11,33,30,0,0,0,0,0,0,0,0,0,0,0,0,0,0,0,0,0,0,0,0,0,0,254903
1,1,1,1,1500,-1797,-290,358,335,303,15,31,30,0,0,0,0,0,0,0,0,0,0,0,0,0,0,0,0,0,0,0,0,0,0,254913
1,1,1,1,1448,-1821,-344,287,404,321,15,28,27,0,0,0,0,0,0,0,0,0,0,0,0,0,0,0,0,0,0,0,0,0,0,254923
1,1,1,1,1391,-1851,-373,207,500,327,13,26,26,0,0,0,0,0,0,0,0,0,0,0,0,0,0,0,0,0,0,0,0,0,0,254933
1,1,1,1,1369,-1828,-356,174,559,323,18,26,27,0,0,0,0,0,0,0,0,0,0,0,0,0,0,0,0,0,0,0,0,0,0,254943
1,1,1,1,1369,-1828,-356,271,661,299,17,27,28,0,0,0,0,0,0,0,0,0,0,0,0,0,0,0,0,0,0,0,0,0,0,254953
1,1,1,1,1359,-1743,-226,454,711,300,18,27,21,0,0,0,0,0,0,0,0,0,0,0,0,0,0,0,0,0,0,0,0,0,0,254963
1,1,1,1,1489,-1775,-117,578,718,350,15,28,28,0,0,0,0,0,0,0,0,0,0,0,0,0,0,0,0,0,0,0,0,0,0,254973
1,1,1,1,1546,-1865,-60,661,617,319,15,27,32,0,0,0,0,0,0,0,0,0,0,0,0,0,0,0,0,0,0,0,0,0,0,254983
1,1,1,1,1549,-1992,20,679,551,165,12,27,33,0,0,0,0,0,0,0,0,0,0,0,0,0,0,0,0,0,0,0,0,0,0,254993
1,1,1,1,1516,-1957,25,616,502,174,11,26,35,0,0,0,0,0,0,0,0,0,0,0,0,0,0,0,0,0,0,0,0,0,0,255003
1,1,1,1,1499,-1954,18,490,472,160,9,21,24,0,0,0,0,0,0,0,0,0,0,0,0,0,0,0,0,0,0,0,0,0,0,255013
1,1,1,1,1490,-1872,12,418,490,164,11,15,15,0,0,0,0,0,0,0,0,0,0,0,0,0,0,0,0,0,0,0,0,0,0,255023
1,1,1,1,1467,-1766,4,484,599,126,13,15,11,0,0,0,0,0,0,0,0,0,0,0,0,0,0,0,0,0,0,0,0,0,0,255033
1,1,1,1,1460,-1648,42,674,736,15,15,14,11,0,0,0,0,0,0,0,0,0,0,0,0,0,0,0,0,0,0,0,0,0,0,255043
1,1,1,1,1523,-1536,134,843,779,-10,15,13,5,0,0,0,0,0,0,0,0,0,0,0,0,0,0,0,0,0,0,0,0,0,0,255053
1,1,1,1,1649,-1490,228,902,768,128,12,13,7,0,0,0,0,0,0,0,0,0,0,0,0,0,0,0,0,0,0,0,0,0,0,255063
1,1,1,1,1775,-1636,292,833,739,238,9,16,15,0,0,0,0,0,0,0,0,0,0,0,0,0,0,0,0,0,0,0,0,0,0,255073
1,1,1,1,1796,-1821,332,737,623,166,6,14,30,0,0,0,0,0,0,0,0,0,0,0,0,0,0,0,0,0,0,0,0,0,0,255083
1,1,1,1,1719,-1888,240,621,616,45,0,15,31,0,0,0,0,0,0,0,0,0,0,0,0,0,0,0,0,0,0,0,0,0,0,255093
1,1,1,1,1652,-1870,167,419,584,37,0,11,30,0,0,0,0,0,0,0,0,0,0,0,0,0,0,0,0,0,0,0,0,0,0,255103
1,1,1,1,1482,-1865,89,254,602,58,-1,8,27,0,0,0,0,0,0,0,0,0,0,0,0,0,0,0,0,0,0,0,0,0,0,255113
1,1,1,1,1342,-1767,-27,236,710,75,-1,6,24,0,0,0,0,0,0,0,0,0,0,0,0,0,0,0,0,0,0,0,0,0,0,255123
1,1,1,1,1212,-1648,-57,251,842,51,0,6,22,0,0,0,0,0,0,0,0,0,0,0,0,0,0,0,0,0,0,0,0,0,0,255133
1,1,1,1,1290,-1560,-36,433,920,43,0,1,18,0,0,0,0,0,0,0,0,0,0,0,0,0,0,0,0,0,0,0,0,0,0,255143
1,1,1,1,1352,-1599,87,378,924,62,6,3,18,0,0,0,0,0,0,0,0,0,0,0,0,0,0,0,0,0,0,0,0,0,0,255153
1,1,1,1,1435,-1670,276,733,906,34,3,12,23,0,0,0,0,0,0,0,0,0,0,0,0,0,0,0,0,0,0,0,0,0,0,255163
1,1,1,1,1474,-1718,277,891,865,-47,2,9,24,0,0,0,0,0,0,0,0,0,0,0,0,0,0,0,0,0,0,0,0,0,0,255173
1,1,1,1,1359,-1694,353,799,802,-110,4,11,26,0,0,0,0,0,0,0,0,0,0,0,0,0,0,0,0,0,0,0,0,0,0,255183
1,1,1,1,1505,-1701,268,939,775,-69,5,9,26,0,0,0,0,0,0,0,0,0,0,0,0,0,0,0,0,0,0,0,0,0,0,255193
1,1,1,1,1420,-1763,275,1156,799,-93,0,12,33,0,0,0,0,0,0,0,0,0,0,0,0,0,0,0,0,0,0,0,0,0,0,255203
1,1,1,1,1420,-1778,357,1079,788,-166,0,9,32,0,0,0,0,0,0,0,0,0,0,0,0,0,0,0,0,0,0,0,0,0,0,255213
1,1,1,1,1439,-1791,375,924,772,-129,4,5,31,0,0,0,0,0,0,0,0,0,0,0,0,0,0,0,0,0,0,0,0,0,0,255223
1,1,1,1,1408,-1780,405,985,773,-116,5,8,37,0,0,0,0,0,0,0,0,0,0,0,0,0,0,0,0,0,0,0,0,0,0,255233
1,1,1,1,1487,-1749,400,1065,766,-120,-1,11,42,0,0,0,0,0,0,0,0,0,0,0,0,0,0,0,0,0,0,0,0,0,0,255243
1,1,1,1,1483,-1782,444,1013,738,-130,-2,11,45,0,0,0,0,0,0,0,0,0,0,0,0,0,0,0,0,0,0,0,0,0,0,255253
1,1,1,1,1465,-1812,487,966,702,-141,-7,10,45,0,0,0,0,0,0,0,0,0,0,0,0,0,0,0,0,0,0,0,0,0,0,255263
1,1,1,1,1460,-1802,466,798,686,-118,-11,11,51,0,0,0,0,0,0,0,0,0,0,0,0,0,0,0,0,0,0,0,0,0,0,255273
1,1,1,1,1355,-1776,506,512,686,-121,-8,10,48,0,0,0,0,0,0,0,0,0,0,0,0,0,0,0,0,0,0,0,0,0,0,255283
1,1,1,1,1400,-1644,498,431,676,-61,-11,10,51,0,0,0,0,0,0,0,0,0,0,0,0,0,0,0,0,0,0,0,0,0,0,255293
1,1,1,1,1496,-1662,534,395,674,-26,-9,11,51,0,0,0,0,0,0,0,0,0,0,0,0,0,0,0,0,0,0,0,0,0,0,255303
1,1,1,1,1399,-1596,552,185,638,-62,-8,13,54,0,0,0,0,0,0,0,0,0,0,0,0,0,0,0,0,0,0,0,0,0,0,255313
1,1,1,1,1425,-1602,534,229,628,-118,-9,14,55,0,0,0,0,0,0,0,0,0,0,0,0,0,0,0,0,0,0,0,0,0,0,255323
1,1,1,1,1403,-1616,539,251,624,-122,-9,15,54,0,0,0,0,0,0,0,0,0,0,0,0,0,0,0,0,0,0,0,0,0,0,255333
1,1,1,1,1398,-1673,561,216,612,-137,-5,16,55,0,0,0,0,0,0,0,0,0,0,0,0,0,0,0,0,0,0,0,0,0,0,255343
1,1,1,1,1310,-1639,634,191,632,-189,-4,17,50,0,0,0,0,0,0,0,0,0,0,0,0,0,0,0,0,0,0,0,0,0,0,255353
1,1,1,1,1205,-1514,754,16,634,-224,-1,18,51,0,0,0,0,0,0,0,0,0,0,0,0,0,0,0,0,0,0,0,0,0,0,255363
1,1,1,1,1476,-1528,709,265,670,-209,0,19,50,0,0,0,0,0,0,0,0,0,0,0,0,0,0,0,0,0,0,0,0,0,0,255373
1,1,1,1,1442,-1530,720,536,688,-193,-1,20,55,0,0,0,0,0,0,0,0,0,0,0,0,0,0,0,0,0,0,0,0,0,0,255383
1,1,1,1,1378,-1648,806,423,688,-189,-2,21,53,0,0,0,0,0,0,0,0,0,0,0,0,0,0,0,0,0,0,0,0,0,0,255393
1,1,1,1,1288,-1683,826,190,700,-201,-2,22,57,0,0,0,0,0,0,0,0,0,0,0,0,0,0,0,0,0,0,0,0,0,0,255403
1,1,1,1,1273,-1698,863,75,702,-198,-5,23,62,0,0,0,0,0,0,0,0,0,0,0,0,0,0,0,0,0,0,0,0,0,0,255413
1,1,1,1,1115,-1658,980,-339,706,-269,1,24,62,0,0,0,0,0,0,0,0,0,0,0,0,0,0,0,0,0,0,0,0,0,0,255423
1,1,1,1,1410,-1613,841,-182,665,-217,-3,26,69,0,0,0,0,0,0,0,0,0,0,0,0,0,0,0,0,0,0,0,0,0,0,255433
1,1,1,1,1346,-1640,722,136,689,-164,-9,27,70,0,0,0,0,0,0,0,0,0,0,0,0,0,0,0,0,0,0,0,0,0,0,255443
1,1,1,1,1226,-1695,792,-49,656,-142,-9,26,73,0,0,0,0,0,0,0,0,0,0,0,0,0,0,0,0,0,0,0,0,0,0,255453
1,1,1,1,1258,-1689,747,-105,663,-81,-9,26,74,0,0,0,0,0,0,0,0,0,0,0,0,0,0,0,0,0,0,0,0,0,0,255463
1,1,1,1,1260,-1652,785,-145,650,-59,-10,28,74,0,0,0,0,0,0,0,0,0,0,0,0,0,0,0,0,0,0,0,0,0,0,255473
1,1,1,1,1358,-1596,776,-207,611,0,-14,28,75,0,0,0,0,0,0,0,0,0,0,0,0,0,0,0,0,0,0,0,0,0,0,255483
1,1,1,1,1451,-1605,750,-278,569,14,-15,29,79,0,0,0,0,0,0,0,0,0,0,0,0,0,0,0,0,0,0,0,0,0,0,255493
1,1,1,1,1426,-1585,731,-304,525,-21,-15,26,81,0,0,0,0,0,0,0,0,0,0,0,0,0,0,0,0,0,0,0,0,0,0,255503
1,1,1,1,1445,-1483,658,-326,505,-19,-16,27,82,0,0,0,0,0,0,0,0,0,0,0,0,0,0,0,0,0,0,0,0,0,0,255513
1,1,1,1,1459,-1405,603,-350,516,1,-15,25,82,0,0,0,0,0,0,0,0,0,0,0,0,0,0,0,0,0,0,0,0,0,0,255523
1,1,1,1,1413,-1364,566,-327,525,-8,-14,27,81,0,0,0,0,0,0,0,0,0,0,0,0,0,0,0,0,0,0,0,0,0,0,255533
1,1,1,1,1353,-1339,555,-349,515,-45,-12,26,82,0,0,0,0,0,0,0,0,0,0,0,0,0,0,0,0,0,0,0,0,0,0,255543
1,1,1,1,1410,-1328,590,-295,484,-50,-11,27,80,0,0,0,0,0,0,0,0,0,0,0,0,0,0,0,0,0,0,0,0,0,0,255553
1,1,1,1,1529,-1462,577,-177,461,-19,-9,29,80,0,0,0,0,0,0,0,0,0,0,0,0,0,0,0,0,0,0,0,0,0,0,255563
1,1,1,1,1371,-1589,655,-252,406,-43,-10,29,81,0,0,0,0,0,0,0,0,0,0,0,0,0,0,0,0,0,0,0,0,0,0,255573
1,1,1,1,1333,-1645,650,-339,356,-20,-9,28,78,0,0,0,0,0,0,0,0,0,0,0,0,0,0,0,0,0,0,0,0,0,0,255583
1,1,1,1,1271,-1654,666,-401,319,9,-8,28,75,0,0,0,0,0,0,0,0,0,0,0,0,0,0,0,0,0,0,0,0,0,0,255593
1,1,1,1,1228,-1636,647,-402,293,21,-7,28,72,0,0,0,0,0,0,0,0,0,0,0,0,0,0,0,0,0,0,0,0,0,0,255603
1,1,1,1,1192,-1617,660,-414,269,50,-8,28,71,0,0,0,0,0,0,0,0,0,0,0,0,0,0,0,0,0,0,0,0,0,0,255613
1,1,1,1,1179,-1582,703,-457,224,51,1,27,68,0,0,0,0,0,0,0,0,0,0,0,0,0,0,0,0,0,0,0,0,0,0,255623
1,1,1,1,1347,-1610,660,-165,175,94,-1,28,68,0,0,0,0,0,0,0,0,0,0,0,0,0,0,0,0,0,0,0,0,0,0,255633
1,1,1,1,1194,-1603,678,-47,129,77,-1,27,67,0,0,0,0,0,0,0,0,0,0,0,0,0,0,0,0,0,0,0,0,0,0,255643
1,1,1,1,1192,-1628,647,55,101,105,-3,28,67,0,0,0,0,0,0,0,0,0,0,0,0,0,0,0,0,0,0,0,0,0,0,255653
1,1,1,1,1216,-1692,656,86,86,106,-3,28,66,0,0,0,0,0,0,0,0,0,0,0,0,0,0,0,0,0,0,0,0,0,0,255663
1,1,1,1,1253,-1718,680,86,64,104,-4,27,65,0,0,0,0,0,0,0,0,0,0,0,0,0,0,0,0,0,0,0,0,0,0,255673
1,1,1,1,1239,-1720,703,46,44,114,-6,28,68,0,0,0,0,0,0,0,0,0,0,0,0,0,0,0,0,0,0,0,0,0,0,255683
1,1,1,1,1233,-1716,717,-18,34,122,-7,28,68,0,0,0,0,0,0,0,0,0,0,0,0,0,0,0,0,0,0,0,0,0,0,255693
1,1,1,1,1229,-1712,729,-46,32,122,-5,28,68,0,0,0,0,0,0,0,0,0,0,0,0,0,0,0,0,0,0,0,0,0,0,255703
1,1,1,1,1214,-1681,728,-53,24,124,-5,27,65,0,0,0,0,0,0,0,0,0,0,0,0,0,0,0,0,0,0,0,0,0,0,255713
1,1,1,1,1198,-1650,723,-49,22,144,-4,27,66,0,0,0,0,0,0,0,0,0,0,0,0,0,0,0,0,0,0,0,0,0,0,255723
1,1,1,1,1210,-1638,738,-33,11,150,-1,27,64,0,0,0,0,0,0,0,0,0,0,0,0,0,0,0,0,0,0,0,0,0,0,255733
1,1,1,1,1209,-1625,749,13,-13,133,-3,26,65,0,0,0,0,0,0,0,0,0,0,0,0,0,0,0,0,0,0,0,0,0,0,255743
1,1,1,1,1215,-1623,733,66,-13,139,-3,28,64,0,0,0,0,0,0,0,0,0,0,0,0,0,0,0,0,0,0,0,0,0,0,255753
1,1,1,1,1217,-1671,733,79,-17,138,-1,26,65,0,0,0,0,0,0,0,0,0,0,0,0,0,0,0,0,0,0,0,0,0,0,255763
1,1,1,1,1226,-1695,757,62,-22,142,-2,26,61,0,0,0,0,0,0,0,0,0,0,0,0,0,0,0,0,0,0,0,0,0,0,255773
1,1,1,1,1215,-1722,770,48,-23,146,-2,27,60,0,0,0,0,0,0,0,0,0,0,0,0,0,0,0,0,0,0,0,0,0,0,255783
1,1,1,1,1216,-1704,769,4,-35,138,-3,29,59,0,0,0,0,0,0,0,0,0,0,0,0,0,0,0,0,0,0,0,0,0,0,255793
1,1,1,1,1218,-1684,781,9,-47,152,-2,26,61,0,0,0,0,0,0,0,0,0,0,0,0,0,0,0,0,0,0,0,0,0,0,255803
1,1,1,1,1225,-1689,766,24,-48,147,-3,29,63,0,0,0,0,0,0,0,0,0,0,0,0,0,0,0,0,0,0,0,0,0,0,255813
1,1,1,1,1205,-1664,770,54,-57,143,0,27,64,0,0,0,0,0,0,0,0,0,0,0,0,0,0,0,0,0,0,0,0,0,0,255823
1,1,1,1,1190,-1672,760,74,-68,153,0,28,64,0,0,0,0,0,0,0,0,0,0,0,0,0,0,0,0,0,0,0,0,0,0,255833
1,1,1,1,1180,-1681,741,95,-73,146,3,27,63,0,0,0,0,0,0,0,0,0,0,0,0,0,0,0,0,0,0,0,0,0,0,255843
1,1,1,1,1146,-1683,756,135,-94,153,2,27,63,0,0,0,0,0,0,0,0,0,0,0,0,0,0,0,0,0,0,0,0,0,0,255853
1,1,1,1,1199,-1711,739,127,-100,138,-3,29,65,0,0,0,0,0,0,0,0,0,0,0,0,0,0,0,0,0,0,0,0,0,0,255863
1,1,1,1,1226,-1734,736,113,-108,125,-5,28,69,0,0,0,0,0,0,0,0,0,0,0,0,0,0,0,0,0,0,0,0,0,0,255873
1,1,1,1,1220,-1739,743,74,-153,126,-3,28,68,0,0,0,0,0,0,0,0,0,0,0,0,0,0,0,0,0,0,0,0,0,0,255883
1,1,1,1,1141,-1713,725,38,-180,127,-1,28,67,0,0,0,0,0,0,0,0,0,0,0,0,0,0,0,0,0,0,0,0,0,0,255893
1,1,1,1,1154,-1658,694,96,-148,119,-2,28,66,0,0,0,0,0,0,0,0,0,0,0,0,0,0,0,0,0,0,0,0,0,0,255903
1,1,1,1,1190,-1642,738,173,-109,94,0,28,63,0,0,0,0,0,0,0,0,0,0,0,0,0,0,0,0,0,0,0,0,0,0,255913
1,1,1,1,1245,-1641,832,199,-143,83,0,28,66,0,0,0,0,0,0,0,0,0,0,0,0,0,0,0,0,0,0,0,0,0,0,255923
1,1,1,1,1231,-1679,875,210,-165,68,-1,28,64,0,0,0,0,0,0,0,0,0,0,0,0,0,0,0,0,0,0,0,0,0,0,255933
1,1,1,1,1146,-1704,855,186,-183,49,0,27,65,0,0,0,0,0,0,0,0,0,0,0,0,0,0,0,0,0,0,0,0,0,0,255943
1,1,1,1,1148,-1721,816,156,-129,18,-3,28,65,0,0,0,0,0,0,0,0,0,0,0,0,0,0,0,0,0,0,0,0,0,0,255953
1,1,1,1,1163,-1726,854,52,-120,16,-3,28,67,0,0,0,0,0,0,0,0,0,0,0,0,0,0,0,0,0,0,0,0,0,0,255963
1,1,1,1,1210,-1703,863,-18,-107,1,-4,28,65,0,0,0,0,0,0,0,0,0,0,0,0,0,0,0,0,0,0,0,0,0,0,255973
1,1,1,1,1213,-1662,881,-106,-133,-8,-4,27,66,0,0,0,0,0,0,0,0,0,0,0,0,0,0,0,0,0,0,0,0,0,0,255983
1,1,1,1,1188,-1610,860,-194,-145,49,-6,28,67,0,0,0,0,0,0,0,0,0,0,0,0,0,0,0,0,0,0,0,0,0,0,255993
1,1,1,1,1128,-1589,818,-142,-123,49,-2,27,66,0,0,0,0,0,0,0,0,0,0,0,0,0,0,0,0,0,0,0,0,0,0,256003
1,1,1,1,1047,-1556,786,-5,-74,25,-4,27,69,0,0,0,0,0,0,0,0,0,0,0,0,0,0,0,0,0,0,0,0,0,0,256013
1,1,1,1,1049,-1562,783,88,-47,16,-2,27,66,0,0,0,0,0,0,0,0,0,0,0,0,0,0,0,0,0,0,0,0,0,0,256023
1,1,1,1,1052,-1599,803,147,-33,51,-3,28,68,0,0,0,0,0,0,0,0,0,0,0,0,0,0,0,0,0,0,0,0,0,0,256033
1,1,1,1,1084,-1665,815,168,0,60,-3,28,66,0,0,0,0,0,0,0,0,0,0,0,0,0,0,0,0,0,0,0,0,0,0,256043
1,1,1,1,1142,-1703,854,148,16,54,-8,33,67,0,0,0,0,0,0,0,0,0,0,0,0,0,0,0,0,0,0,0,0,0,0,256053
1,1,1,1,1176,-1722,850,93,10,53,-3,28,67,0,0,0,0,0,0,0,0,0,0,0,0,0,0,0,0,0,0,0,0,0,0,256063
1,1,1,1,1151,-1706,838,21,36,51,-5,28,67,0,0,0,0,0,0,0,0,0,0,0,0,0,0,0,0,0,0,0,0,0,0,256073
1,1,1,1,1174,-1652,829,-32,58,61,-4,26,65,0,0,0,0,0,0,0,0,0,0,0,0,0,0,0,0,0,0,0,0,0,0,256083
1,1,1,1,1198,-1602,827,-51,71,65,-6,29,67,0,0,0,0,0,0,0,0,0,0,0,0,0,0,0,0,0,0,0,0,0,0,256093
1,1,1,1,1215,-1570,834,-26,72,58,-4,25,65,0,0,0,0,0,0,0,0,0,0,0,0,0,0,0,0,0,0,0,0,0,0,256103
1,1,1,1,1231,-1581,833,-1,76,54,-4,27,70,0,0,0,0,0,0,0,0,0,0,0,0,0,0,0,0,0,0,0,0,0,0,256113
1,1,1,1,1221,-1638,809,16,82,43,-5,26,71,0,0,0,0,0,0,0,0,0,0,0,0,0,0,0,0,0,0,0,0,0,0,256123
1,1,1,1,1197,-1678,806,-1,69,33,-6,27,73,0,0,0,0,0,0,0,0,0,0,0,0,0,0,0,0,0,0,0,0,0,0,256133
1,1,1,1,1177,-1703,789,-21,74,24,-7,26,74,0,0,0,0,0,0,0,0,0,0,0,0,0,0,0,0,0,0,0,0,0,0,256143
1,1,1,1,1177,-1703,789,-38,70,8,-7,27,76,0,0,0,0,0,0,0,0,0,0,0,0,0,0,0,0,0,0,0,0,0,0,256153
1,1,1,1,1160,-1640,794,-23,69,-1,-7,26,76,0,0,0,0,0,0,0,0,0,0,0,0,0,0,0,0,0,0,0,0,0,0,256163
1,1,1,1,1164,-1593,789,-3,71,-4,-7,27,76,0,0,0,0,0,0,0,0,0,0,0,0,0,0,0,0,0,0,0,0,0,0,256173
1,1,1,1,1172,-1575,793,39,76,-12,-9,28,76,0,0,0,0,0,0,0,0,0,0,0,0,0,0,0,0,0,0,0,0,0,0,256183
1,1,1,1,1177,-1576,797,71,74,-20,-8,27,77,0,0,0,0,0,0,0,0,0,0,0,0,0,0,0,0,0,0,0,0,0,0,256193
1,1,1,1,1213,-1639,829,57,57,-23,-9,28,76,0,0,0,0,0,0,0,0,0,0,0,0,0,0,0,0,0,0,0,0,0,0,256203
1,1,1,1,1213,-1696,834,23,34,-13,-10,28,77,0,0,0,0,0,0,0,0,0,0,0,0,0,0,0,0,0,0,0,0,0,0,256213
1,1,1,1,1200,-1752,837,-19,23,2,-10,28,77,0,0,0,0,0,0,0,0,0,0,0,0,0,0,0,0,0,0,0,0,0,0,256223
1,1,1,1,1174,-1753,821,-45,15,9,-8,28,75,0,0,0,0,0,0,0,0,0,0,0,0,0,0,0,0,0,0,0,0,0,0,256233
1,1,1,1,1132,-1711,809,-40,0,-2,-10,27,77,0,0,0,0,0,0,0,0,0,0,0,0,0,0,0,0,0,0,0,0,0,0,256243
1,1,1,1,1111,-1660,795,-4,2,-7,-10,27,77,0,0,0,0,0,0,0,0,0,0,0,0,0,0,0,0,0,0,0,0,0,0,256253
1,1,1,1,1126,-1622,794,42,12,-7,-11,27,78,0,0,0,0,0,0,0,0,0,0,0,0,0,0,0,0,0,0,0,0,0,0,256263
1,1,1,1,1159,-1609,795,68,9,-4,-10,26,79,0,0,0,0,0,0,0,0,0,0,0,0,0,0,0,0,0,0,0,0,0,0,256273
1,1,1,1,1179,-1617,799,80,9,-3,-9,27,78,0,0,0,0,0,0,0,0,0,0,0,0,0,0,0,0,0,0,0,0,0,0,256283
1,1,1,1,1192,-1627,800,82,9,-4,-9,27,79,0,0,0,0,0,0,0,0,0,0,0,0,0,0,0,0,0,0,0,0,0,0,256293
1,1,1,1,1194,-1648,798,55,2,-5,-7,28,76,0,0,0,0,0,0,0,0,0,0,0,0,0,0,0,0,0,0,0,0,0,0,256303
1,1,1,1,1206,-1675,815,5,-2,11,-8,29,78,0,0,0,0,0,0,0,0,0,0,0,0,0,0,0,0,0,0,0,0,0,0,256313
1,1,1,1,1231,-1715,836,-36,-11,18,-7,29,78,0,0,0,0,0,0,0,0,0,0,0,0,0,0,0,0,0,0,0,0,0,0,256323
1,1,1,1,1212,-1715,823,-80,-18,14,-8,29,80,0,0,0,0,0,0,0,0,0,0,0,0,0,0,0,0,0,0,0,0,0,0,256333
1,1,1,1,1193,-1661,817,-75,-10,19,-9,28,79,0,0,0,0,0,0,0,0,0,0,0,0,0,0,0,0,0,0,0,0,0,0,256343
1,1,1,1,1172,-1621,803,-29,-11,15,-9,28,78,0,0,0,0,0,0,0,0,0,0,0,0,0,0,0,0,0,0,0,0,0,0,256353
1,1,1,1,1156,-1606,791,34,-16,-6,-5,24,78,0,0,0,0,0,0,0,0,0,0,0,0,0,0,0,0,0,0,0,0,0,0,256363
1,1,1,1,1139,-1597,777,97,-2,-23,-11,29,79,0,0,0,0,0,0,0,0,0,0,0,0,0,0,0,0,0,0,0,0,0,0,256373
1,1,1,1,1148,-1605,777,121,22,-31,-10,29,77,0,0,0,0,0,0,0,0,0,0,0,0,0,0,0,0,0,0,0,0,0,0,256383
1,1,1,1,1166,-1636,799,98,42,-31,-14,30,80,0,0,0,0,0,0,0,0,0,0,0,0,0,0,0,0,0,0,0,0,0,0,256393
1,1,1,1,1201,-1679,837,53,53,-33,-11,29,81,0,0,0,0,0,0,0,0,0,0,0,0,0,0,0,0,0,0,0,0,0,0,256403
1,1,1,1,1212,-1709,858,-18,41,-43,-12,26,81,0,0,0,0,0,0,0,0,0,0,0,0,0,0,0,0,0,0,0,0,0,0,256413
1,1,1,1,1201,-1726,857,-84,32,-46,-10,28,82,0,0,0,0,0,0,0,0,0,0,0,0,0,0,0,0,0,0,0,0,0,0,256423
1,1,1,1,1165,-1723,832,-131,36,-50,-10,26,83,0,0,0,0,0,0,0,0,0,0,0,0,0,0,0,0,0,0,0,0,0,0,256433
1,1,1,1,1144,-1706,806,-175,23,-51,-9,25,82,0,0,0,0,0,0,0,0,0,0,0,0,0,0,0,0,0,0,0,0,0,0,256443
1,1,1,1,1148,-1685,803,-177,14,-52,-10,28,84,0,0,0,0,0,0,0,0,0,0,0,0,0,0,0,0,0,0,0,0,0,0,256453
1,1,1,1,1160,-1669,797,-144,-1,-58,-5,28,83,0,0,0,0,0,0,0,0,0,0,0,0,0,0,0,0,0,0,0,0,0,0,256463
1,1,1,1,1147,-1649,795,-111,-2,-58,-8,28,85,0,0,0,0,0,0,0,0,0,0,0,0,0,0,0,0,0,0,0,0,0,0,256473
1,1,1,1,1130,-1644,785,-63,3,-54,-8,27,83,0,0,0,0,0,0,0,0,0,0,0,0,0,0,0,0,0,0,0,0,0,0,256483
1,1,1,1,1126,-1650,774,-42,2,-43,-9,27,83,0,0,0,0,0,0,0,0,0,0,0,0,0,0,0,0,0,0,0,0,0,0,256493
1,1,1,1,1136,-1665,785,-32,1,-33,-8,28,84,0,0,0,0,0,0,0,0,0,0,0,0,0,0,0,0,0,0,0,0,0,0,256503
1,1,1,1,1156,-1681,780,-39,10,-27,-10,29,85,0,0,0,0,0,0,0,0,0,0,0,0,0,0,0,0,0,0,0,0,0,0,256513
1,1,1,1,1164,-1675,787,-62,11,-23,-9,29,84,0,0,0,0,0,0,0,0,0,0,0,0,0,0,0,0,0,0,0,0,0,0,256523
1,1,1,1,1183,-1661,781,-78,19,-14,-10,29,82,0,0,0,0,0,0,0,0,0,0,0,0,0,0,0,0,0,0,0,0,0,0,256533
1,1,1,1,1208,-1648,782,-87,33,-11,-11,30,85,0,0,0,0,0,0,0,0,0,0,0,0,0,0,0,0,0,0,0,0,0,0,256543
1,1,1,1,1202,-1644,765,-87,35,-23,-11,29,85,0,0,0,0,0,0,0,0,0,0,0,0,0,0,0,0,0,0,0,0,0,0,256553
1,1,1,1,1188,-1616,754,-46,42,-26,-11,29,86,0,0,0,0,0,0,0,0,0,0,0,0,0,0,0,0,0,0,0,0,0,0,256563
1,1,1,1,1180,-1625,744,-37,51,-23,-12,30,84,0,0,0,0,0,0,0,0,0,0,0,0,0,0,0,0,0,0,0,0,0,0,256573
1,1,1,1,1206,-1652,755,-31,44,-20,-10,30,85,0,0,0,0,0,0,0,0,0,0,0,0,0,0,0,0,0,0,0,0,0,0,256583
1,1,1,1,1211,-1682,765,-25,32,-28,-11,30,85,0,0,0,0,0,0,0,0,0,0,0,0,0,0,0,0,0,0,0,0,0,0,256593
1,1,1,1,1208,-1700,759,-54,16,-30,-10,30,85,0,0,0,0,0,0,0,0,0,0,0,0,0,0,0,0,0,0,0,0,0,0,256603
1,1,1,1,1207,-1699,768,-67,11,-26,-9,30,85,0,0,0,0,0,0,0,0,0,0,0,0,0,0,0,0,0,0,0,0,0,0,256613
1,1,1,1,1203,-1682,759,-75,1,-29,-9,31,85,0,0,0,0,0,0,0,0,0,0,0,0,0,0,0,0,0,0,0,0,0,0,256623
1,1,1,1,1194,-1654,752,-57,0,-36,-8,30,83,0,0,0,0,0,0,0,0,0,0,0,0,0,0,0,0,0,0,0,0,0,0,256633
1,1,1,1,1197,-1633,762,-9,5,-40,-6,31,81,0,0,0,0,0,0,0,0,0,0,0,0,0,0,0,0,0,0,0,0,0,0,256643
1,1,1,1,1184,-1619,765,29,8,-38,-6,30,81,0,0,0,0,0,0,0,0,0,0,0,0,0,0,0,0,0,0,0,0,0,0,256653
1,1,1,1,1176,-1618,778,59,18,-29,-6,32,80,0,0,0,0,0,0,0,0,0,0,0,0,0,0,0,0,0,0,0,0,0,0,256663
1,1,1,1,1151,-1652,794,76,23,-27,-4,31,77,0,0,0,0,0,0,0,0,0,0,0,0,0,0,0,0,0,0,0,0,0,0,256673
1,1,1,1,1150,-1669,813,68,28,-18,-5,32,79,0,0,0,0,0,0,0,0,0,0,0,0,0,0,0,0,0,0,0,0,0,0,256683
1,1,1,1,1156,-1689,825,36,20,-2,-7,35,79,0,0,0,0,0,0,0,0,0,0,0,0,0,0,0,0,0,0,0,0,0,0,256693
1,1,1,1,1159,-1710,835,-1,15,-3,-3,29,77,0,0,0,0,0,0,0,0,0,0,0,0,0,0,0,0,0,0,0,0,0,0,256703
1,1,1,1,1164,-1703,844,-29,9,-7,-7,32,78,0,0,0,0,0,0,0,0,0,0,0,0,0,0,0,0,0,0,0,0,0,0,256713
1,1,1,1,1162,-1671,836,-31,4,-16,-4,31,77,0,0,0,0,0,0,0,0,0,0,0,0,0,0,0,0,0,0,0,0,0,0,256723
1,1,1,1,1164,-1629,832,-15,12,-14,-3,31,78,0,0,0,0,0,0,0,0,0,0,0,0,0,0,0,0,0,0,0,0,0,0,256733
1,1,1,1,1167,-1599,817,7,9,-16,-5,32,78,0,0,0,0,0,0,0,0,0,0,0,0,0,0,0,0,0,0,0,0,0,0,256743
1,1,1,1,1168,-1598,810,39,16,-15,-3,31,78,0,0,0,0,0,0,0,0,0,0,0,0,0,0,0,0,0,0,0,0,0,0,256753
1,1,1,1,1163,-1614,795,57,13,-12,-3,31,77,0,0,0,0,0,0,0,0,0,0,0,0,0,0,0,0,0,0,0,0,0,0,256763
1,1,1,1,1172,-1644,803,53,16,-3,-5,32,78,0,0,0,0,0,0,0,0,0,0,0,0,0,0,0,0,0,0,0,0,0,0,256773
1,1,1,1,1189,-1681,811,29,19,11,-4,30,77,0,0,0,0,0,0,0,0,0,0,0,0,0,0,0,0,0,0,0,0,0,0,256783
1,1,1,1,1197,-1701,810,-1,12,14,-5,31,78,0,0,0,0,0,0,0,0,0,0,0,0,0,0,0,0,0,0,0,0,0,0,256793
1,1,1,1,1187,-1699,808,-15,4,14,-3,30,77,0,0,0,0,0,0,0,0,0,0,0,0,0,0,0,0,0,0,0,0,0,0,256803
1,1,1,1,1181,-1671,792,-22,5,15,-2,31,78,0,0,0,0,0,0,0,0,0,0,0,0,0,0,0,0,0,0,0,0,0,0,256813
1,1,1,1,1168,-1652,779,-24,10,14,-1,31,78,0,0,0,0,0,0,0,0,0,0,0,0,0,0,0,0,0,0,0,0,0,0,256823
1,1,1,1,1168,-1646,763,-18,9,13,1,30,77,0,0,0,0,0,0,0,0,0,0,0,0,0,0,0,0,0,0,0,0,0,0,256833
1,1,1,1,1151,-1627,751,2,20,6,-1,32,78,0,0,0,0,0,0,0,0,0,0,0,0,0,0,0,0,0,0,0,0,0,0,256843
1,1,1,1,1160,-1629,752,24,30,22,-1,32,73,0,0,0,0,0,0,0,0,0,0,0,0,0,0,0,0,0,0,0,0,0,0,256853
1,1,1,1,1172,-1646,770,32,22,25,0,32,72,0,0,0,0,0,0,0,0,0,0,0,0,0,0,0,0,0,0,0,0,0,0,256863
1,1,1,1,1184,-1643,789,28,7,34,-1,32,74,0,0,0,0,0,0,0,0,0,0,0,0,0,0,0,0,0,0,0,0,0,0,256873
1,1,1,1,1172,-1631,809,73,6,35,-2,32,71,0,0,0,0,0,0,0,0,0,0,0,0,0,0,0,0,0,0,0,0,0,0,256883
1,1,1,1,1185,-1637,819,76,-7,43,0,32,71,0,0,0,0,0,0,0,0,0,0,0,0,0,0,0,0,0,0,0,0,0,0,256893
1,1,1,1,1199,-1649,830,93,-18,55,0,32,71,0,0,0,0,0,0,0,0,0,0,0,0,0,0,0,0,0,0,0,0,0,0,256903
1,1,1,1,1178,-1668,819,102,-33,58,0,32,70,0,0,0,0,0,0,0,0,0,0,0,0,0,0,0,0,0,0,0,0,0,0,256913
1,1,1,1,1170,-1688,809,103,-53,57,2,31,69,0,0,0,0,0,0,0,0,0,0,0,0,0,0,0,0,0,0,0,0,0,0,256923
1,1,1,1,1151,-1692,787,83,-62,69,1,33,70,0,0,0,0,0,0,0,0,0,0,0,0,0,0,0,0,0,0,0,0,0,0,256933
1,1,1,1,1129,-1681,774,57,-57,87,1,32,68,0,0,0,0,0,0,0,0,0,0,0,0,0,0,0,0,0,0,0,0,0,0,256943
1,1,1,1,1103,-1635,775,92,-45,106,1,31,68,0,0,0,0,0,0,0,0,0,0,0,0,0,0,0,0,0,0,0,0,0,0,256953
1,1,1,1,1152,-1612,815,160,-51,99,1,34,67,0,0,0,0,0,0,0,0,0,0,0,0,0,0,0,0,0,0,0,0,0,0,256963
1,1,1,1,1185,-1626,842,196,-56,85,0,32,64,0,0,0,0,0,0,0,0,0,0,0,0,0,0,0,0,0,0,0,0,0,0,256973
1,1,1,1,1181,-1668,854,224,-72,55,0,35,66,0,0,0,0,0,0,0,0,0,0,0,0,0,0,0,0,0,0,0,0,0,0,256983
1,1,1,1,1170,-1698,850,196,-71,38,-1,30,68,0,0,0,0,0,0,0,0,0,0,0,0,0,0,0,0,0,0,0,0,0,0,256993
1,1,1,1,1167,-1705,842,139,-68,39,-4,35,68,0,0,0,0,0,0,0,0,0,0,0,0,0,0,0,0,0,0,0,0,0,0,257003
1,1,1,1,1170,-1695,844,79,-55,33,-2,31,65,0,0,0,0,0,0,0,0,0,0,0,0,0,0,0,0,0,0,0,0,0,0,257013
1,1,1,1,1164,-1673,838,41,-52,21,0,32,67,0,0,0,0,0,0,0,0,0,0,0,0,0,0,0,0,0,0,0,0,0,0,257023
1,1,1,1,1164,-1638,841,23,-49,14,0,30,67,0,0,0,0,0,0,0,0,0,0,0,0,0,0,0,0,0,0,0,0,0,0,257033
1,1,1,1,1170,-1612,838,28,-46,15,1,30,67,0,0,0,0,0,0,0,0,0,0,0,0,0,0,0,0,0,0,0,0,0,0,257043
1,1,1,1,1164,-1616,838,49,-36,10,2,30,70,0,0,0,0,0,0,0,0,0,0,0,0,0,0,0,0,0,0,0,0,0,0,257053
1,1,1,1,1158,-1629,830,47,-34,-2,1,30,69,0,0,0,0,0,0,0,0,0,0,0,0,0,0,0,0,0,0,0,0,0,0,257063
1,1,1,1,1161,-1642,827,37,-27,0,-1,30,69,0,0,0,0,0,0,0,0,0,0,0,0,0,0,0,0,0,0,0,0,0,0,257073
1,1,1,1,1153,-1652,813,29,-17,4,0,30,70,0,0,0,0,0,0,0,0,0,0,0,0,0,0,0,0,0,0,0,0,0,0,257083
1,1,1,1,1141,-1644,809,16,-14,0,-2,31,70,0,0,0,0,0,0,0,0,0,0,0,0,0,0,0,0,0,0,0,0,0,0,257093
1,1,1,1,1146,-1638,805,14,-1,2,-1,30,68,0,0,0,0,0,0,0,0,0,0,0,0,0,0,0,0,0,0,0,0,0,0,257103
1,1,1,1,1161,-1640,814,18,5,6,-3,31,68,0,0,0,0,0,0,0,0,0,0,0,0,0,0,0,0,0,0,0,0,0,0,257113
1,1,1,1,1172,-1649,829,16,5,7,-2,31,65,0,0,0,0,0,0,0,0,0,0,0,0,0,0,0,0,0,0,0,0,0,0,257123
1,1,1,1,1168,-1660,819,21,-4,-4,-2,31,66,0,0,0,0,0,0,0,0,0,0,0,0,0,0,0,0,0,0,0,0,0,0,257133
1,1,1,1,1151,-1662,826,11,3,-8,-1,31,65,0,0,0,0,0,0,0,0,0,0,0,0,0,0,0,0,0,0,0,0,0,0,257143
1,1,1,1,1135,-1655,833,0,11,-6,0,30,66,0,0,0,0,0,0,0,0,0,0,0,0,0,0,0,0,0,0,0,0,0,0,257153
1,1,1,1,1135,-1640,845,2,10,-9,0,30,66,0,0,0,0,0,0,0,0,0,0,0,0,0,0,0,0,0,0,0,0,0,0,257163
1,1,1,1,1137,-1624,840,11,24,-6,0,30,66,0,0,0,0,0,0,0,0,0,0,0,0,0,0,0,0,0,0,0,0,0,0,257173
1,1,1,1,1145,-1617,840,13,46,-1,-1,30,69,0,0,0,0,0,0,0,0,0,0,0,0,0,0,0,0,0,0,0,0,0,0,257183
1,1,1,1,1170,-1622,840,5,45,-2,0,30,70,0,0,0,0,0,0,0,0,0,0,0,0,0,0,0,0,0,0,0,0,0,0,257193
1,1,1,1,1189,-1631,846,-7,52,-6,-1,30,68,0,0,0,0,0,0,0,0,0,0,0,0,0,0,0,0,0,0,0,0,0,0,257203
1,1,1,1,1205,-1646,852,-41,33,-14,-1,30,69,0,0,0,0,0,0,0,0,0,0,0,0,0,0,0,0,0,0,0,0,0,0,257213
1,1,1,1,1198,-1647,838,-61,34,-17,-3,30,68,0,0,0,0,0,0,0,0,0,0,0,0,0,0,0,0,0,0,0,0,0,0,257223
1,1,1,1,1172,-1644,827,-75,37,-22,-2,30,68,0,0,0,0,0,0,0,0,0,0,0,0,0,0,0,0,0,0,0,0,0,0,257233
1,1,1,1,1154,-1634,793,-98,42,-20,-2,30,71,0,0,0,0,0,0,0,0,0,0,0,0,0,0,0,0,0,0,0,0,0,0,257243
1,1,1,1,1157,-1641,802,-77,47,-14,-2,31,70,0,0,0,0,0,0,0,0,0,0,0,0,0,0,0,0,0,0,0,0,0,0,257253
1,1,1,1,1166,-1648,805,-43,34,-29,-2,29,69,0,0,0,0,0,0,0,0,0,0,0,0,0,0,0,0,0,0,0,0,0,0,257263
1,1,1,1,1162,-1649,808,-17,24,-41,-1,30,71,0,0,0,0,0,0,0,0,0,0,0,0,0,0,0,0,0,0,0,0,0,0,257273
1,1,1,1,1173,-1635,811,-16,11,-33,-2,32,70,0,0,0,0,0,0,0,0,0,0,0,0,0,0,0,0,0,0,0,0,0,0,257283
1,1,1,1,1192,-1626,828,-22,6,-23,-3,33,72,0,0,0,0,0,0,0,0,0,0,0,0,0,0,0,0,0,0,0,0,0,0,257293
1,1,1,1,1206,-1614,833,-36,5,-17,-3,32,74,0,0,0,0,0,0,0,0,0,0,0,0,0,0,0,0,0,0,0,0,0,0,257303
1,1,1,1,1212,-1622,823,-38,-1,-31,-4,33,76,0,0,0,0,0,0,0,0,0,0,0,0,0,0,0,0,0,0,0,0,0,0,257313
1,1,1,1,1189,-1625,814,-38,-22,-36,-3,32,77,0,0,0,0,0,0,0,0,0,0,0,0,0,0,0,0,0,0,0,0,0,0,257323
1,1,1,1,1183,-1619,807,-17,-34,-26,-2,32,77,0,0,0,0,0,0,0,0,0,0,0,0,0,0,0,0,0,0,0,0,0,0,257333
1,1,1,1,1169,-1636,797,-5,-30,-22,-4,33,79,0,0,0,0,0,0,0,0,0,0,0,0,0,0,0,0,0,0,0,0,0,0,257343
1,1,1,1,1169,-1636,797,5,-28,-17,-4,34,80,0,0,0,0,0,0,0,0,0,0,0,0,0,0,0,0,0,0,0,0,0,0,257353
1,1,1,1,1172,-1657,797,10,-14,-9,-4,33,78,0,0,0,0,0,0,0,0,0,0,0,0,0,0,0,0,0,0,0,0,0,0,257363
1,1,1,1,1150,-1667,807,1,-24,-9,-4,32,77,0,0,0,0,0,0,0,0,0,0,0,0,0,0,0,0,0,0,0,0,0,0,257373
1,1,1,1,1143,-1659,816,-8,-21,-6,-4,33,79,0,0,0,0,0,0,0,0,0,0,0,0,0,0,0,0,0,0,0,0,0,0,257383
1,1,1,1,1143,-1655,816,-13,-9,-3,-5,33,79,0,0,0,0,0,0,0,0,0,0,0,0,0,0,0,0,0,0,0,0,0,0,257393
1,1,1,1,1129,-1632,834,-17,-18,-2,-2,33,77,0,0,0,0,0,0,0,0,0,0,0,0,0,0,0,0,0,0,0,0,0,0,257403
1,1,1,1,1121,-1634,832,-16,-2,0,-1,33,77,0,0,0,0,0,0,0,0,0,0,0,0,0,0,0,0,0,0,0,0,0,0,257413
1,1,1,1,1114,-1644,841,-20,0,8,-2,32,76,0,0,0,0,0,0,0,0,0,0,0,0,0,0,0,0,0,0,0,0,0,0,257423
1,1,1,1,1125,-1655,852,-9,-3,2,-1,33,76,0,0,0,0,0,0,0,0,0,0,0,0,0,0,0,0,0,0,0,0,0,0,257433
1,1,1,1,1118,-1663,865,-2,3,0,-1,33,77,0,0,0,0,0,0,0,0,0,0,0,0,0,0,0,0,0,0,0,0,0,0,257443
1,1,1,1,1120,-1667,863,-10,-3,0,0,33,74,0,0,0,0,0,0,0,0,0,0,0,0,0,0,0,0,0,0,0,0,0,0,257453
1,1,1,1,1125,-1672,867,-41,11,14,-1,33,75,0,0,0,0,0,0,0,0,0,0,0,0,0,0,0,0,0,0,0,0,0,0,257463
1,1,1,1,1153,-1683,871,-68,13,16,-4,33,77,0,0,0,0,0,0,0,0,0,0,0,0,0,0,0,0,0,0,0,0,0,0,257473
1,1,1,1,1156,-1675,866,-90,6,12,-5,33,77,0,0,0,0,0,0,0,0,0,0,0,0,0,0,0,0,0,0,0,0,0,0,257483
1,1,1,1,1146,-1643,852,-91,21,16,-4,33,78,0,0,0,0,0,0,0,0,0,0,0,0,0,0,0,0,0,0,0,0,0,0,257493
1,1,1,1,1136,-1605,824,-75,39,23,-4,33,78,0,0,0,0,0,0,0,0,0,0,0,0,0,0,0,0,0,0,0,0,0,0,257503
1,1,1,1,1141,-1592,807,-54,51,25,-4,33,78,0,0,0,0,0,0,0,0,0,0,0,0,0,0,0,0,0,0,0,0,0,0,257513
1,1,1,1,1159,-1599,812,-40,49,25,-4,34,78,0,0,0,0,0,0,0,0,0,0,0,0,0,0,0,0,0,0,0,0,0,0,257523
1,1,1,1,1177,-1626,809,-32,54,23,-2,33,81,0,0,0,0,0,0,0,0,0,0,0,0,0,0,0,0,0,0,0,0,0,0,257533
1,1,1,1,1190,-1654,812,-37,44,14,-6,34,84,0,0,0,0,0,0,0,0,0,0,0,0,0,0,0,0,0,0,0,0,0,0,257543
1,1,1,1,1184,-1656,802,-33,34,2,-6,33,85,0,0,0,0,0,0,0,0,0,0,0,0,0,0,0,0,0,0,0,0,0,0,257553
1,1,1,1,1168,-1644,787,-26,37,1,-5,34,85,0,0,0,0,0,0,0,0,0,0,0,0,0,0,0,0,0,0,0,0,0,0,257563
1,1,1,1,1170,-1627,786,-20,51,9,-4,32,82,0,0,0,0,0,0,0,0,0,0,0,0,0,0,0,0,0,0,0,0,0,0,257573
1,1,1,1,1194,-1632,798,-23,40,9,-6,33,85,0,0,0,0,0,0,0,0,0,0,0,0,0,0,0,0,0,0,0,0,0,0,257583
1,1,1,1,1190,-1639,819,-3,32,-4,-7,34,87,0,0,0,0,0,0,0,0,0,0,0,0,0,0,0,0,0,0,0,0,0,0,257593
1,1,1,1,1178,-1639,794,9,40,-13,-9,36,86,0,0,0,0,0,0,0,0,0,0,0,0,0,0,0,0,0,0,0,0,0,0,257603
1,1,1,1,1163,-1652,801,-5,41,-11,-9,34,86,0,0,0,0,0,0,0,0,0,0,0,0,0,0,0,0,0,0,0,0,0,0,257613
1,1,1,1,1170,-1657,807,-9,49,-10,-9,33,86,0,0,0,0,0,0,0,0,0,0,0,0,0,0,0,0,0,0,0,0,0,0,257623
1,1,1,1,1175,-1660,813,-21,44,-14,-9,36,87,0,0,0,0,0,0,0,0,0,0,0,0,0,0,0,0,0,0,0,0,0,0,257633
1,1,1,1,1174,-1668,819,-43,44,-13,-9,34,84,0,0,0,0,0,0,0,0,0,0,0,0,0,0,0,0,0,0,0,0,0,0,257643
1,1,1,1,1166,-1673,826,-61,39,-12,-8,33,88,0,0,0,0,0,0,0,0,0,0,0,0,0,0,0,0,0,0,0,0,0,0,257653
1,1,1,1,1149,-1667,821,-65,31,-12,-8,34,87,0,0,0,0,0,0,0,0,0,0,0,0,0,0,0,0,0,0,0,0,0,0,257663
1,1,1,1,1122,-1658,811,-54,36,-11,-7,34,87,0,0,0,0,0,0,0,0,0,0,0,0,0,0,0,0,0,0,0,0,0,0,257673
1,1,1,1,1104,-1638,796,-27,45,-10,-8,34,86,0,0,0,0,0,0,0,0,0,0,0,0,0,0,0,0,0,0,0,0,0,0,257683
1,1,1,1,1119,-1644,809,-12,58,-6,-6,34,87,0,0,0,0,0,0,0,0,0,0,0,0,0,0,0,0,0,0,0,0,0,0,257693
1,1,1,1,1145,-1661,829,-14,54,-5,-7,32,85,0,0,0,0,0,0,0,0,0,0,0,0,0,0,0,0,0,0,0,0,0,0,257703
1,1,1,1,1156,-1682,835,-34,52,-4,-5,34,85,0,0,0,0,0,0,0,0,0,0,0,0,0,0,0,0,0,0,0,0,0,0,257713
1,1,1,1,1123,-1693,841,-42,54,-12,-8,34,84,0,0,0,0,0,0,0,0,0,0,0,0,0,0,0,0,0,0,0,0,0,0,257723
1,1,1,1,1134,-1678,834,-53,58,-9,-8,34,84,0,0,0,0,0,0,0,0,0,0,0,0,0,0,0,0,0,0,0,0,0,0,257733
1,1,1,1,1126,-1666,834,-52,52,-6,-6,34,84,0,0,0,0,0,0,0,0,0,0,0,0,0,0,0,0,0,0,0,0,0,0,257743
1,1,1,1,1140,-1664,844,-50,49,-8,-7,34,84,0,0,0,0,0,0,0,0,0,0,0,0,0,0,0,0,0,0,0,0,0,0,257753
1,1,1,1,1152,-1663,842,-50,41,-5,-7,35,84,0,0,0,0,0,0,0,0,0,0,0,0,0,0,0,0,0,0,0,0,0,0,257763
1,1,1,1,1155,-1680,828,-54,31,-9,-8,35,84,0,0,0,0,0,0,0,0,0,0,0,0,0,0,0,0,0,0,0,0,0,0,257773
1,1,1,1,1140,-1683,812,-46,28,-8,-9,34,85,0,0,0,0,0,0,0,0,0,0,0,0,0,0,0,0,0,0,0,0,0,0,257783
1,1,1,1,1126,-1667,795,-23,29,-3,-11,35,87,0,0,0,0,0,0,0,0,0,0,0,0,0,0,0,0,0,0,0,0,0,0,257793
1,1,1,1,1133,-1659,791,2,30,-1,-10,35,87,0,0,0,0,0,0,0,0,0,0,0,0,0,0,0,0,0,0,0,0,0,0,257803
1,1,1,1,1145,-1654,798,21,25,-3,-9,34,89,0,0,0,0,0,0,0,0,0,0,0,0,0,0,0,0,0,0,0,0,0,0,257813
1,1,1,1,1149,-1656,801,31,12,-9,-10,35,87,0,0,0,0,0,0,0,0,0,0,0,0,0,0,0,0,0,0,0,0,0,0,257823
1,1,1,1,1150,-1661,805,24,14,-7,-8,34,87,0,0,0,0,0,0,0,0,0,0,0,0,0,0,0,0,0,0,0,0,0,0,257833
1,1,1,1,1152,-1667,815,9,11,-4,-8,35,88,0,0,0,0,0,0,0,0,0,0,0,0,0,0,0,0,0,0,0,0,0,0,257843
1,1,1,1,1153,-1674,825,-6,8,-3,-7,35,88,0,0,0,0,0,0,0,0,0,0,0,0,0,0,0,0,0,0,0,0,0,0,257853
1,1,1,1,1153,-1671,836,-27,5,-5,-11,38,89,0,0,0,0,0,0,0,0,0,0,0,0,0,0,0,0,0,0,0,0,0,0,257863
1,1,1,1,1161,-1668,840,-37,-2,-5,-10,37,87,0,0,0,0,0,0,0,0,0,0,0,0,0,0,0,0,0,0,0,0,0,0,257873
1,1,1,1,1150,-1658,833,-32,16,2,-8,36,88,0,0,0,0,0,0,0,0,0,0,0,0,0,0,0,0,0,0,0,0,0,0,257883
1,1,1,1,1130,-1657,827,-16,-5,-16,-8,34,86,0,0,0,0,0,0,0,0,0,0,0,0,0,0,0,0,0,0,0,0,0,0,257893
1,1,1,1,1138,-1648,814,0,6,-7,-10,36,88,0,0,0,0,0,0,0,0,0,0,0,0,0,0,0,0,0,0,0,0,0,0,257903
1,1,1,1,1131,-1643,820,27,5,-5,-10,37,88,0,0,0,0,0,0,0,0,0,0,0,0,0,0,0,0,0,0,0,0,0,0,257913
1,1,1,1,1138,-1638,819,36,9,-3,-7,35,86,0,0,0,0,0,0,0,0,0,0,0,0,0,0,0,0,0,0,0,0,0,0,257923
1,1,1,1,1142,-1641,822,45,10,0,-8,36,86,0,0,0,0,0,0,0,0,0,0,0,0,0,0,0,0,0,0,0,0,0,0,257933
1,1,1,1,1146,-1649,827,46,19,3,-7,36,85,0,0,0,0,0,0,0,0,0,0,0,0,0,0,0,0,0,0,0,0,0,0,257943
1,1,1,1,1158,-1656,839,18,14,5,-7,37,88,0,0,0,0,0,0,0,0,0,0,0,0,0,0,0,0,0,0,0,0,0,0,257953
1,1,1,1,1174,-1661,845,-10,11,10,-5,36,87,0,0,0,0,0,0,0,0,0,0,0,0,0,0,0,0,0,0,0,0,0,0,257963
1,1,1,1,1166,-1648,841,-12,13,6,-6,35,86,0,0,0,0,0,0,0,0,0,0,0,0,0,0,0,0,0,0,0,0,0,0,257973
1,1,1,1,1175,-1601,816,3,22,23,-5,35,88,0,0,0,0,0,0,0,0,0,0,0,0,0,0,0,0,0,0,0,0,0,0,257983
1,1,1,1,1121,-1637,836,13,3,-6,-5,36,89,0,0,0,0,0,0,0,0,0,0,0,0,0,0,0,0,0,0,0,0,0,0,257993
1,1,1,1,1150,-1643,814,34,11,-9,-8,36,86,0,0,0,0,0,0,0,0,0,0,0,0,0,0,0,0,0,0,0,0,0,0,258003
1,1,1,1,1129,-1667,830,32,2,0,-6,35,85,0,0,0,0,0,0,0,0,0,0,0,0,0,0,0,0,0,0,0,0,0,0,258013
1,1,1,1,1138,-1674,833,15,7,2,-5,35,88,0,0,0,0,0,0,0,0,0,0,0,0,0,0,0,0,0,0,0,0,0,0,258023
1,1,1,1,1136,-1675,847,9,5,8,-4,35,85,0,0,0,0,0,0,0,0,0,0,0,0,0,0,0,0,0,0,0,0,0,0,258033
1,1,1,1,1139,-1665,848,2,3,10,-3,35,86,0,0,0,0,0,0,0,0,0,0,0,0,0,0,0,0,0,0,0,0,0,0,258043
1,1,1,1,1128,-1654,842,1,9,12,-3,35,86,0,0,0,0,0,0,0,0,0,0,0,0,0,0,0,0,0,0,0,0,0,0,258053
1,1,1,1,1129,-1655,861,-2,11,7,-5,35,85,0,0,0,0,0,0,0,0,0,0,0,0,0,0,0,0,0,0,0,0,0,0,258063
1,1,1,1,1142,-1656,858,-7,16,16,-5,35,87,0,0,0,0,0,0,0,0,0,0,0,0,0,0,0,0,0,0,0,0,0,0,258073
1,1,1,1,1137,-1661,853,-21,17,20,-5,35,87,0,0,0,0,0,0,0,0,0,0,0,0,0,0,0,0,0,0,0,0,0,0,258083
1,1,1,1,1129,-1648,845,-31,24,23,-5,34,88,0,0,0,0,0,0,0,0,0,0,0,0,0,0,0,0,0,0,0,0,0,0,258093
1,1,1,1,1134,-1637,832,-30,16,22,-3,34,85,0,0,0,0,0,0,0,0,0,0,0,0,0,0,0,0,0,0,0,0,0,0,258103
1,1,1,1,1142,-1641,834,-20,21,22,-5,34,87,0,0,0,0,0,0,0,0,0,0,0,0,0,0,0,0,0,0,0,0,0,0,258113
1,1,1,1,1141,-1665,823,-11,16,15,-6,34,89,0,0,0,0,0,0,0,0,0,0,0,0,0,0,0,0,0,0,0,0,0,0,258123
1,1,1,1,1133,-1677,817,-11,12,10,-4,34,86,0,0,0,0,0,0,0,0,0,0,0,0,0,0,0,0,0,0,0,0,0,0,258133
1,1,1,1,1137,-1670,820,-11,10,12,-5,34,89,0,0,0,0,0,0,0,0,0,0,0,0,0,0,0,0,0,0,0,0,0,0,258143
1,1,1,1,1142,-1657,819,-9,5,11,-4,34,87,0,0,0,0,0,0,0,0,0,0,0,0,0,0,0,0,0,0,0,0,0,0,258153
1,1,1,1,1146,-1649,834,-12,7,12,-6,34,87,0,0,0,0,0,0,0,0,0,0,0,0,0,0,0,0,0,0,0,0,0,0,258163
1,1,1,1,1150,-1651,830,-13,6,14,-8,34,86,0,0,0,0,0,0,0,0,0,0,0,0,0,0,0,0,0,0,0,0,0,0,258173
1,1,1,1,1146,-1654,832,-16,7,13,-6,36,89,0,0,0,0,0,0,0,0,0,0,0,0,0,0,0,0,0,0,0,0,0,0,258183
1,1,1,1,1144,-1662,830,-18,8,14,-8,35,88,0,0,0,0,0,0,0,0,0,0,0,0,0,0,0,0,0,0,0,0,0,0,258193
1,1,1,1,1140,-1670,819,-20,5,12,-6,32,88,0,0,0,0,0,0,0,0,0,0,0,0,0,0,0,0,0,0,0,0,0,0,258203
1,1,1,1,1136,-1661,824,-13,13,12,-7,34,88,0,0,0,0,0,0,0,0,0,0,0,0,0,0,0,0,0,0,0,0,0,0,258213
1,1,1,1,1139,-1649,815,-3,10,10,-10,35,87,0,0,0,0,0,0,0,0,0,0,0,0,0,0,0,0,0,0,0,0,0,0,258223
1,1,1,1,1144,-1648,810,5,6,9,-9,34,88,0,0,0,0,0,0,0,0,0,0,0,0,0,0,0,0,0,0,0,0,0,0,258233
1,1,1,1,1132,-1646,821,7,6,8,-10,35,89,0,0,0,0,0,0,0,0,0,0,0,0,0,0,0,0,0,0,0,0,0,0,258243
1,1,1,1,1136,-1651,827,9,10,7,-7,36,89,0,0,0,0,0,0,0,0,0,0,0,0,0,0,0,0,0,0,0,0,0,0,258253
1,1,1,1,1139,-1662,838,-2,4,2,-6,35,91,0,0,0,0,0,0,0,0,0,0,0,0,0,0,0,0,0,0,0,0,0,0,258263
1,1,1,1,1152,-1676,856,-4,2,12,-6,35,89,0,0,0,0,0,0,0,0,0,0,0,0,0,0,0,0,0,0,0,0,0,0,258273
1,1,1,1,1137,-1690,841,1,-4,7,-8,36,90,0,0,0,0,0,0,0,0,0,0,0,0,0,0,0,0,0,0,0,0,0,0,258283
1,1,1,1,1120,-1684,835,-12,-6,2,-9,35,90,0,0,0,0,0,0,0,0,0,0,0,0,0,0,0,0,0,0,0,0,0,0,258293
1,1,1,1,1132,-1671,836,-18,-2,11,-9,35,89,0,0,0,0,0,0,0,0,0,0,0,0,0,0,0,0,0,0,0,0,0,0,258303
1,1,1,1,1132,-1664,835,-9,-4,9,-8,35,89,0,0,0,0,0,0,0,0,0,0,0,0,0,0,0,0,0,0,0,0,0,0,258313
1,1,1,1,1122,-1648,821,8,1,7,-9,35,86,0,0,0,0,0,0,0,0,0,0,0,0,0,0,0,0,0,0,0,0,0,0,258323
1,1,1,1,1123,-1643,820,12,6,10,-7,35,90,0,0,0,0,0,0,0,0,0,0,0,0,0,0,0,0,0,0,0,0,0,0,258333
1,1,1,1,1126,-1654,825,17,-2,7,-6,35,91,0,0,0,0,0,0,0,0,0,0,0,0,0,0,0,0,0,0,0,0,0,0,258343
1,1,1,1,1124,-1658,827,20,-2,5,-4,35,91,0,0,0,0,0,0,0,0,0,0,0,0,0,0,0,0,0,0,0,0,0,0,258353
1,1,1,1,1120,-1664,821,18,-7,7,-5,34,91,0,0,0,0,0,0,0,0,0,0,0,0,0,0,0,0,0,0,0,0,0,0,258363
1,1,1,1,1121,-1668,820,20,-15,3,-6,35,88,0,0,0,0,0,0,0,0,0,0,0,0,0,0,0,0,0,0,0,0,0,0,258373
1,1,1,1,1123,-1661,824,39,-6,3,-6,35,88,0,0,0,0,0,0,0,0,0,0,0,0,0,0,0,0,0,0,0,0,0,0,258383
1,1,1,1,1124,-1657,828,57,-7,11,-8,36,90,0,0,0,0,0,0,0,0,0,0,0,0,0,0,0,0,0,0,0,0,0,0,258393
1,1,1,1,1123,-1650,820,88,-13,10,-5,36,89,0,0,0,0,0,0,0,0,0,0,0,0,0,0,0,0,0,0,0,0,0,0,258403
1,1,1,1,1105,-1616,809,148,-8,4,-4,36,88,0,0,0,0,0,0,0,0,0,0,0,0,0,0,0,0,0,0,0,0,0,0,258413
1,1,1,1,1091,-1576,810,251,-9,5,-2,35,89,0,0,0,0,0,0,0,0,0,0,0,0,0,0,0,0,0,0,0,0,0,0,258423
1,1,1,1,1109,-1592,810,321,-2,12,-2,35,86,0,0,0,0,0,0,0,0,0,0,0,0,0,0,0,0,0,0,0,0,0,0,258433
1,1,1,1,1135,-1619,800,366,6,22,-2,36,86,0,0,0,0,0,0,0,0,0,0,0,0,0,0,0,0,0,0,0,0,0,0,258443
1,1,1,1,1117,-1650,817,363,5,24,-2,36,86,0,0,0,0,0,0,0,0,0,0,0,0,0,0,0,0,0,0,0,0,0,0,258453
1,1,1,1,1124,-1642,817,387,-1,10,-3,36,84,0,0,0,0,0,0,0,0,0,0,0,0,0,0,0,0,0,0,0,0,0,0,258463
1,1,1,1,1127,-1606,799,412,12,37,-2,37,83,0,0,0,0,0,0,0,0,0,0,0,0,0,0,0,0,0,0,0,0,0,0,258473
1,1,1,1,1116,-1620,828,448,-13,20,-1,36,82,0,0,0,0,0,0,0,0,0,0,0,0,0,0,0,0,0,0,0,0,0,0,258483
1,1,1,1,1153,-1628,863,434,-3,25,-2,36,82,0,0,0,0,0,0,0,0,0,0,0,0,0,0,0,0,0,0,0,0,0,0,258493
1,1,1,1,1164,-1654,917,398,-28,40,-1,36,79,0,0,0,0,0,0,0,0,0,0,0,0,0,0,0,0,0,0,0,0,0,0,258503
1,1,1,1,1182,-1701,914,331,-44,14,-3,36,79,0,0,0,0,0,0,0,0,0,0,0,0,0,0,0,0,0,0,0,0,0,0,258513
1,1,1,1,1169,-1691,934,232,-45,25,0,37,75,0,0,0,0,0,0,0,0,0,0,0,0,0,0,0,0,0,0,0,0,0,0,258523
1,1,1,1,1141,-1660,925,262,-56,1,-1,35,74,0,0,0,0,0,0,0,0,0,0,0,0,0,0,0,0,0,0,0,0,0,0,258533
1,1,1,1,1112,-1627,880,245,-56,4,0,37,76,0,0,0,0,0,0,0,0,0,0,0,0,0,0,0,0,0,0,0,0,0,0,258543
1,1,1,1,1116,-1580,893,300,-62,14,2,37,76,0,0,0,0,0,0,0,0,0,0,0,0,0,0,0,0,0,0,0,0,0,0,258553
1,1,1,1,1126,-1563,864,411,-77,2,3,37,74,0,0,0,0,0,0,0,0,0,0,0,0,0,0,0,0,0,0,0,0,0,0,258563
1,1,1,1,1148,-1576,834,493,-106,-12,3,37,73,0,0,0,0,0,0,0,0,0,0,0,0,0,0,0,0,0,0,0,0,0,0,258573
1,1,1,1,1146,-1572,822,571,-130,-21,2,37,73,0,0,0,0,0,0,0,0,0,0,0,0,0,0,0,0,0,0,0,0,0,0,258583
1,1,1,1,1165,-1588,782,687,-168,-35,2,36,69,0,0,0,0,0,0,0,0,0,0,0,0,0,0,0,0,0,0,0,0,0,0,258593
1,1,1,1,1151,-1560,796,757,-212,-50,4,35,67,0,0,0,0,0,0,0,0,0,0,0,0,0,0,0,0,0,0,0,0,0,0,258603
1,1,1,1,1106,-1506,814,859,-229,-51,5,34,66,0,0,0,0,0,0,0,0,0,0,0,0,0,0,0,0,0,0,0,0,0,0,258613
1,1,1,1,1096,-1422,810,985,-244,-57,7,33,59,0,0,0,0,0,0,0,0,0,0,0,0,0,0,0,0,0,0,0,0,0,0,258623
1,1,1,1,1087,-1354,824,1152,-241,-54,10,33,55,0,0,0,0,0,0,0,0,0,0,0,0,0,0,0,0,0,0,0,0,0,0,258633
1,1,1,1,1057,-1317,812,1319,-190,-34,10,31,49,0,0,0,0,0,0,0,0,0,0,0,0,0,0,0,0,0,0,0,0,0,0,258643
1,1,1,1,1070,-1277,880,1537,-127,7,28,29,44,0,0,0,0,0,0,0,0,0,0,0,0,0,0,0,0,0,0,0,0,0,0,258653
1,1,1,1,1018,-715,810,2664,58,73,9,31,41,0,0,0,0,0,0,0,0,0,0,0,0,0,0,0,0,0,0,0,0,0,0,258663
1,1,1,1,787,-1465,737,1933,262,194,12,33,43,0,0,0,0,0,0,0,0,0,0,0,0,0,0,0,0,0,0,0,0,0,0,258673
1,1,1,1,1060,-1821,1058,1203,269,366,14,32,37,0,0,0,0,0,0,0,0,0,0,0,0,0,0,0,0,0,0,0,0,0,0,258683
1,1,1,1,1003,-1609,1040,803,450,612,16,31,34,0,0,0,0,0,0,0,0,0,0,0,0,0,0,0,0,0,0,0,0,0,0,258693
1,1,1,1,1139,-1256,990,511,598,819,14,32,34,0,0,0,0,0,0,0,0,0,0,0,0,0,0,0,0,0,0,0,0,0,0,258703
1,1,1,1,1212,-1251,1146,419,549,895,18,32,33,0,0,0,0,0,0,0,0,0,0,0,0,0,0,0,0,0,0,0,0,0,0,258713
1,1,1,1,1262,-1400,1314,495,375,874,23,31,33,0,0,0,0,0,0,0,0,0,0,0,0,0,0,0,0,0,0,0,0,0,0,258723
1,1,1,1,1220,-1511,1284,1026,290,622,26,32,30,0,0,0,0,0,0,0,0,0,0,0,0,0,0,0,0,0,0,0,0,0,0,258733
1,1,1,1,1337,-1145,1342,1528,109,418,22,32,27,0,0,0,0,0,0,0,0,0,0,0,0,0,0,0,0,0,0,0,0,0,0,258743
1,1,1,1,1372,-1183,1438,1648,-190,342,20,30,29,0,0,0,0,0,0,0,0,0,0,0,0,0,0,0,0,0,0,0,0,0,0,258753
1,1,1,1,1169,-1466,1245,1662,-181,300,17,30,33,0,0,0,0,0,0,0,0,0,0,0,0,0,0,0,0,0,0,0,0,0,0,258763
1,1,1,1,1070,-1614,1268,1484,-181,235,18,26,31,0,0,0,0,0,0,0,0,0,0,0,0,0,0,0,0,0,0,0,0,0,0,258773
1,1,1,1,1078,-1579,1304,1186,-193,143,16,31,35,0,0,0,0,0,0,0,0,0,0,0,0,0,0,0,0,0,0,0,0,0,0,258783
1,1,1,1,1002,-1337,1336,995,-232,112,16,29,29,0,0,0,0,0,0,0,0,0,0,0,0,0,0,0,0,0,0,0,0,0,0,258793
1,1,1,1,950,-1208,1314,798,-376,160,17,31,28,0,0,0,0,0,0,0,0,0,0,0,0,0,0,0,0,0,0,0,0,0,0,258803
1,1,1,1,962,-1301,1139,680,-322,102,15,29,29,0,0,0,0,0,0,0,0,0,0,0,0,0,0,0,0,0,0,0,0,0,0,258813
1,1,1,1,1002,-1287,1037,803,-115,61,17,29,26,0,0,0,0,0,0,0,0,0,0,0,0,0,0,0,0,0,0,0,0,0,0,258823
1,1,1,1,1087,-1298,1289,765,-171,88,20,27,25,0,0,0,0,0,0,0,0,0,0,0,0,0,0,0,0,0,0,0,0,0,0,258833
1,1,1,1,1098,-1246,1217,769,-193,67,19,28,31,0,0,0,0,0,0,0,0,0,0,0,0,0,0,0,0,0,0,0,0,0,0,258843
1,1,1,1,1084,-1193,1177,986,-214,62,20,30,29,0,0,0,0,0,0,0,0,0,0,0,0,0,0,0,0,0,0,0,0,0,0,258853
1,1,1,1,1161,-1125,1217,1273,-310,110,24,31,25,0,0,0,0,0,0,0,0,0,0,0,0,0,0,0,0,0,0,0,0,0,0,258863
1,1,1,1,1277,-1061,1339,1584,-536,194,28,29,22,0,0,0,0,0,0,0,0,0,0,0,0,0,0,0,0,0,0,0,0,0,0,258873
1,1,1,1,1243,-1109,1286,1978,-681,228,28,29,24,0,0,0,0,0,0,0,0,0,0,0,0,0,0,0,0,0,0,0,0,0,0,258883
1,1,1,1,1259,-1228,1379,2136,-776,218,27,28,25,0,0,0,0,0,0,0,0,0,0,0,0,0,0,0,0,0,0,0,0,0,0,258893
1,1,1,1,1184,-1137,1414,2262,-944,215,24,29,27,0,0,0,0,0,0,0,0,0,0,0,0,0,0,0,0,0,0,0,0,0,0,258903
1,1,1,1,1070,-1196,1249,2278,-914,165,20,25,32,0,0,0,0,0,0,0,0,0,0,0,0,0,0,0,0,0,0,0,0,0,0,258913
1,1,1,1,911,-1157,913,2174,-512,171,17,26,31,0,0,0,0,0,0,0,0,0,0,0,0,0,0,0,0,0,0,0,0,0,0,258923
1,1,1,1,823,-1094,895,2011,-223,337,24,29,30,0,0,0,0,0,0,0,0,0,0,0,0,0,0,0,0,0,0,0,0,0,0,258933
1,1,1,1,845,-943,890,2656,-438,435,37,28,28,0,0,0,0,0,0,0,0,0,0,0,0,0,0,0,0,0,0,0,0,0,0,258943
1,1,1,1,1045,-712,708,4086,-541,554,49,30,22,0,0,0,0,0,0,0,0,0,0,0,0,0,0,0,0,0,0,0,0,0,0,258953
1,1,1,1,1338,-866,1188,5595,-518,860,33,29,20,0,0,0,0,0,0,0,0,0,0,0,0,0,0,0,0,0,0,0,0,0,0,258963
1,1,1,1,1355,-820,1465,6108,-320,1195,40,32,29,0,0,0,0,0,0,0,0,0,0,0,0,0,0,0,0,0,0,0,0,0,0,258973
1,1,1,1,1199,-284,1400,5920,-467,1005,46,32,26,0,0,0,0,0,0,0,0,0,0,0,0,0,0,0,0,0,0,0,0,0,0,258983
1,1,1,1,1126,-92,1096,7052,-742,714,34,29,26,0,0,0,0,0,0,0,0,0,0,0,0,0,0,0,0,0,0,0,0,0,0,258993
1,1,1,1,1184,-369,1224,6837,-671,883,34,29,29,0,0,0,0,0,0,0,0,0,0,0,0,0,0,0,0,0,0,0,0,0,0,259003
1,1,1,1,1220,-396,1575,6519,-564,968,28,29,29,0,0,0,0,0,0,0,0,0,0,0,0,0,0,0,0,0,0,0,0,0,0,259013
1,1,1,1,1254,-419,1581,5846,-386,981,20,29,25,0,0,0,0,0,0,0,0,0,0,0,0,0,0,0,0,0,0,0,0,0,0,259023
1,1,1,1,1256,-535,1585,4889,-299,991,21,27,26,0,0,0,0,0,0,0,0,0,0,0,0,0,0,0,0,0,0,0,0,0,0,259033
1,1,1,1,1229,-439,1392,3899,-161,952,22,26,25,0,0,0,0,0,0,0,0,0,0,0,0,0,0,0,0,0,0,0,0,0,0,259043
1,1,1,1,1326,-146,1274,3355,-20,991,21,27,21,0,0,0,0,0,0,0,0,0,0,0,0,0,0,0,0,0,0,0,0,0,0,259053
1,1,1,1,1517,150,1187,2951,-40,1123,22,28,22,0,0,0,0,0,0,0,0,0,0,0,0,0,0,0,0,0,0,0,0,0,0,259063
1,1,1,1,1605,314,1081,2586,-145,1249,21,27,24,0,0,0,0,0,0,0,0,0,0,0,0,0,0,0,0,0,0,0,0,0,0,259073
1,1,1,1,1463,342,1050,2242,-159,1182,17,31,29,0,0,0,0,0,0,0,0,0,0,0,0,0,0,0,0,0,0,0,0,0,0,259083
1,1,1,1,1364,384,1147,1941,-183,1044,25,25,25,0,0,0,0,0,0,0,0,0,0,0,0,0,0,0,0,0,0,0,0,0,0,259093
1,1,1,1,1328,399,1166,2146,-208,865,26,26,26,0,0,0,0,0,0,0,0,0,0,0,0,0,0,0,0,0,0,0,0,0,0,259103
1,1,1,1,1260,380,1128,2516,-166,704,19,27,27,0,0,0,0,0,0,0,0,0,0,0,0,0,0,0,0,0,0,0,0,0,0,259113
1,1,1,1,1245,337,1073,2331,-106,624,18,27,30,0,0,0,0,0,0,0,0,0,0,0,0,0,0,0,0,0,0,0,0,0,0,259123
1,1,1,1,1334,360,976,1978,-163,551,17,26,28,0,0,0,0,0,0,0,0,0,0,0,0,0,0,0,0,0,0,0,0,0,0,259133
1,1,1,1,1364,405,851,1821,-255,459,17,25,28,0,0,0,0,0,0,0,0,0,0,0,0,0,0,0,0,0,0,0,0,0,0,259143
1,1,1,1,1305,403,884,1672,-265,409,20,25,31,0,0,0,0,0,0,0,0,0,0,0,0,0,0,0,0,0,0,0,0,0,0,259153
1,1,1,1,1282,480,882,1710,-207,409,22,26,29,0,0,0,0,0,0,0,0,0,0,0,0,0,0,0,0,0,0,0,0,0,0,259163
1,1,1,1,1350,500,768,1760,-148,414,21,25,26,0,0,0,0,0,0,0,0,0,0,0,0,0,0,0,0,0,0,0,0,0,0,259173
1,1,1,1,1340,440,766,1621,-131,440,22,26,26,0,0,0,0,0,0,0,0,0,0,0,0,0,0,0,0,0,0,0,0,0,0,259183
1,1,1,1,1391,418,847,1537,-147,480,26,25,24,0,0,0,0,0,0,0,0,0,0,0,0,0,0,0,0,0,0,0,0,0,0,259193
1,1,1,1,1425,485,941,1614,-147,497,28,26,24,0,0,0,0,0,0,0,0,0,0,0,0,0,0,0,0,0,0,0,0,0,0,259203
1,1,1,1,1432,538,1074,1869,-151,515,25,25,25,0,0,0,0,0,0,0,0,0,0,0,0,0,0,0,0,0,0,0,0,0,0,259213
1,1,1,1,1482,496,1142,1977,-121,513,27,25,21,0,0,0,0,0,0,0,0,0,0,0,0,0,0,0,0,0,0,0,0,0,0,259223
1,1,1,1,1437,507,1179,2102,-90,491,26,25,23,0,0,0,0,0,0,0,0,0,0,0,0,0,0,0,0,0,0,0,0,0,0,259233
1,1,1,1,1298,428,1087,2256,-84,448,24,26,23,0,0,0,0,0,0,0,0,0,0,0,0,0,0,0,0,0,0,0,0,0,0,259243
1,1,1,1,1218,253,911,2224,-123,475,21,26,21,0,0,0,0,0,0,0,0,0,0,0,0,0,0,0,0,0,0,0,0,0,0,259253
1,1,1,1,1191,84,749,1986,-170,579,19,24,28,0,0,0,0,0,0,0,0,0,0,0,0,0,0,0,0,0,0,0,0,0,0,259263
1,1,1,1,1147,107,608,1596,-73,692,20,25,26,0,0,0,0,0,0,0,0,0,0,0,0,0,0,0,0,0,0,0,0,0,0,259273
1,1,1,1,1221,300,601,1485,-20,775,21,24,26,0,0,0,0,0,0,0,0,0,0,0,0,0,0,0,0,0,0,0,0,0,0,259283
1,1,1,1,1396,405,597,1489,-6,850,22,23,21,0,0,0,0,0,0,0,0,0,0,0,0,0,0,0,0,0,0,0,0,0,0,259293
1,1,1,1,1505,480,672,1458,0,887,20,23,19,0,0,0,0,0,0,0,0,0,0,0,0,0,0,0,0,0,0,0,0,0,0,259303
1,1,1,1,1534,500,768,1403,-8,899,19,24,19,0,0,0,0,0,0,0,0,0,0,0,0,0,0,0,0,0,0,0,0,0,0,259313
1,1,1,1,1575,469,863,1215,38,957,18,23,24,0,0,0,0,0,0,0,0,0,0,0,0,0,0,0,0,0,0,0,0,0,0,259323
1,1,1,1,1666,410,948,953,128,990,17,24,23,0,0,0,0,0,0,0,0,0,0,0,0,0,0,0,0,0,0,0,0,0,0,259333
1,1,1,1,1778,365,940,720,145,1023,18,26,25,0,0,0,0,0,0,0,0,0,0,0,0,0,0,0,0,0,0,0,0,0,0,259343
1,1,1,1,1657,415,858,518,119,1076,15,26,28,0,0,0,0,0,0,0,0,0,0,0,0,0,0,0,0,0,0,0,0,0,0,259353
1,1,1,1,1547,387,714,443,116,1081,13,26,29,0,0,0,0,0,0,0,0,0,0,0,0,0,0,0,0,0,0,0,0,0,0,259363
1,1,1,1,1477,317,565,402,145,1079,12,26,31,0,0,0,0,0,0,0,0,0,0,0,0,0,0,0,0,0,0,0,0,0,0,259373
1,1,1,1,1420,379,531,391,67,1111,13,27,32,0,0,0,0,0,0,0,0,0,0,0,0,0,0,0,0,0,0,0,0,0,0,259393
1,1,1,1,1499,414,591,481,-8,1071,12,25,32,0,0,0,0,0,0,0,0,0,0,0,0,0,0,0,0,0,0,0,0,0,0,259403
1,1,1,1,1586,399,690,435,-43,1062,8,29,35,0,0,0,0,0,0,0,0,0,0,0,0,0,0,0,0,0,0,0,0,0,0,259413
1,1,1,1,1698,347,709,368,-14,1094,7,28,39,0,0,0,0,0,0,0,0,0,0,0,0,0,0,0,0,0,0,0,0,0,0,259423
1,1,1,1,1768,248,712,247,-9,1126,5,27,41,0,0,0,0,0,0,0,0,0,0,0,0,0,0,0,0,0,0,0,0,0,0,259433
1,1,1,1,1740,133,732,64,-32,1132,4,28,41,0,0,0,0,0,0,0,0,0,0,0,0,0,0,0,0,0,0,0,0,0,0,259443
1,1,1,1,1704,161,671,-23,-39,1192,4,28,45,0,0,0,0,0,0,0,0,0,0,0,0,0,0,0,0,0,0,0,0,0,0,259453
1,1,1,1,1740,196,570,49,-26,1248,7,28,50,0,0,0,0,0,0,0,0,0,0,0,0,0,0,0,0,0,0,0,0,0,0,259463
1,1,1,1,1677,213,550,352,-125,1212,9,30,53,0,0,0,0,0,0,0,0,0,0,0,0,0,0,0,0,0,0,0,0,0,0,259473
1,1,1,1,1588,222,526,612,-235,1146,3,31,52,0,0,0,0,0,0,0,0,0,0,0,0,0,0,0,0,0,0,0,0,0,0,259483
1,1,1,1,1645,194,587,596,-312,1113,3,32,57,0,0,0,0,0,0,0,0,0,0,0,0,0,0,0,0,0,0,0,0,0,0,259493
1,1,1,1,1729,162,653,520,-398,1087,2,30,58,0,0,0,0,0,0,0,0,0,0,0,0,0,0,0,0,0,0,0,0,0,0,259503
1,1,1,1,1756,116,725,402,-451,1102,-1,29,59,0,0,0,0,0,0,0,0,0,0,0,0,0,0,0,0,0,0,0,0,0,0,259513
1,1,1,1,1718,76,685,396,-422,1101,-6,28,58,0,0,0,0,0,0,0,0,0,0,0,0,0,0,0,0,0,0,0,0,0,0,259523
1,1,1,1,1672,46,590,211,-308,1202,-8,24,57,0,0,0,0,0,0,0,0,0,0,0,0,0,0,0,0,0,0,0,0,0,0,259533
1,1,1,1,1646,22,570,-204,-181,1252,-3,22,57,0,0,0,0,0,0,0,0,0,0,0,0,0,0,0,0,0,0,0,0,0,0,259543
1,1,1,1,1594,201,454,-165,-112,1227,-6,20,52,0,0,0,0,0,0,0,0,0,0,0,0,0,0,0,0,0,0,0,0,0,0,259553
1,1,1,1,1653,169,422,187,-136,1148,-6,18,48,0,0,0,0,0,0,0,0,0,0,0,0,0,0,0,0,0,0,0,0,0,0,259563
1,1,1,1,1604,321,477,493,-145,1025,-10,14,43,0,0,0,0,0,0,0,0,0,0,0,0,0,0,0,0,0,0,0,0,0,0,259573
1,1,1,1,1737,428,590,296,-209,904,-11,13,46,0,0,0,0,0,0,0,0,0,0,0,0,0,0,0,0,0,0,0,0,0,0,259583
1,1,1,1,1778,503,578,279,-251,703,-10,12,46,0,0,0,0,0,0,0,0,0,0,0,0,0,0,0,0,0,0,0,0,0,0,259593
1,1,1,1,1765,477,553,559,-295,563,-12,11,51,0,0,0,0,0,0,0,0,0,0,0,0,0,0,0,0,0,0,0,0,0,0,259603
1,1,1,1,1672,379,445,811,-314,434,-15,13,55,0,0,0,0,0,0,0,0,0,0,0,0,0,0,0,0,0,0,0,0,0,0,259613
1,1,1,1,1637,312,406,862,-367,311,-12,13,56,0,0,0,0,0,0,0,0,0,0,0,0,0,0,0,0,0,0,0,0,0,0,259623
1,1,1,1,1581,314,328,1067,-364,159,-15,13,52,0,0,0,0,0,0,0,0,0,0,0,0,0,0,0,0,0,0,0,0,0,0,259633
1,1,1,1,1649,271,439,976,-353,130,-13,14,59,0,0,0,0,0,0,0,0,0,0,0,0,0,0,0,0,0,0,0,0,0,0,259643
1,1,1,1,1703,220,500,749,-306,83,-15,18,60,0,0,0,0,0,0,0,0,0,0,0,0,0,0,0,0,0,0,0,0,0,0,259653
1,1,1,1,1791,250,603,534,-246,70,-11,19,60,0,0,0,0,0,0,0,0,0,0,0,0,0,0,0,0,0,0,0,0,0,0,259663
1,1,1,1,1816,369,570,425,-198,75,-12,22,61,0,0,0,0,0,0,0,0,0,0,0,0,0,0,0,0,0,0,0,0,0,0,259673
1,1,1,1,1696,378,410,497,-152,27,-4,22,65,0,0,0,0,0,0,0,0,0,0,0,0,0,0,0,0,0,0,0,0,0,0,259683
1,1,1,1,1546,264,248,764,-165,-49,-3,25,68,0,0,0,0,0,0,0,0,0,0,0,0,0,0,0,0,0,0,0,0,0,0,259693
1,1,1,1,1585,232,267,877,-214,-95,2,24,63,0,0,0,0,0,0,0,0,0,0,0,0,0,0,0,0,0,0,0,0,0,0,259703
1,1,1,1,1709,253,381,918,-264,-109,-2,29,65,0,0,0,0,0,0,0,0,0,0,0,0,0,0,0,0,0,0,0,0,0,0,259713
1,1,1,1,1754,343,498,831,-208,-91,3,27,63,0,0,0,0,0,0,0,0,0,0,0,0,0,0,0,0,0,0,0,0,0,0,259723
1,1,1,1,1774,432,508,918,-28,-76,7,34,69,0,0,0,0,0,0,0,0,0,0,0,0,0,0,0,0,0,0,0,0,0,0,259733
1,1,1,1,1745,390,491,1193,79,-59,2,36,75,0,0,0,0,0,0,0,0,0,0,0,0,0,0,0,0,0,0,0,0,0,0,259743
1,1,1,1,1695,266,532,1014,63,-70,9,42,75,0,0,0,0,0,0,0,0,0,0,0,0,0,0,0,0,0,0,0,0,0,0,259753
1,1,1,1,1614,190,523,1043,-2,-117,11,44,79,0,0,0,0,0,0,0,0,0,0,0,0,0,0,0,0,0,0,0,0,0,0,259763
1,1,1,1,1682,186,543,1001,-14,-95,12,44,80,0,0,0,0,0,0,0,0,0,0,0,0,0,0,0,0,0,0,0,0,0,0,259773
1,1,1,1,1682,186,543,1019,54,-79,14,41,80,0,0,0,0,0,0,0,0,0,0,0,0,0,0,0,0,0,0,0,0,0,0,259783
1,1,1,1,1683,228,504,1037,75,-53,14,44,78,0,0,0,0,0,0,0,0,0,0,0,0,0,0,0,0,0,0,0,0,0,0,259793
1,1,1,1,1692,286,350,1087,52,-63,11,43,76,0,0,0,0,0,0,0,0,0,0,0,0,0,0,0,0,0,0,0,0,0,0,259803
1,1,1,1,1673,343,291,1003,66,-51,14,44,75,0,0,0,0,0,0,0,0,0,0,0,0,0,0,0,0,0,0,0,0,0,0,259813
1,1,1,1,1748,440,340,1065,96,-29,12,45,71,0,0,0,0,0,0,0,0,0,0,0,0,0,0,0,0,0,0,0,0,0,0,259823
1,1,1,1,1726,400,349,1075,105,-35,14,45,71,0,0,0,0,0,0,0,0,0,0,0,0,0,0,0,0,0,0,0,0,0,0,259833
1,1,1,1,1701,384,353,1099,127,-32,17,45,68,0,0,0,0,0,0,0,0,0,0,0,0,0,0,0,0,0,0,0,0,0,0,259843
1,1,1,1,1739,374,374,1097,124,-27,15,44,67,0,0,0,0,0,0,0,0,0,0,0,0,0,0,0,0,0,0,0,0,0,0,259853
1,1,1,1,1736,423,388,1151,117,-39,17,44,65,0,0,0,0,0,0,0,0,0,0,0,0,0,0,0,0,0,0,0,0,0,0,259863
1,1,1,1,1808,448,427,1190,103,-20,17,45,68,0,0,0,0,0,0,0,0,0,0,0,0,0,0,0,0,0,0,0,0,0,0,259873
1,1,1,1,1782,395,451,1117,57,-46,16,45,69,0,0,0,0,0,0,0,0,0,0,0,0,0,0,0,0,0,0,0,0,0,0,259883
1,1,1,1,1737,294,486,923,9,-64,12,45,68,0,0,0,0,0,0,0,0,0,0,0,0,0,0,0,0,0,0,0,0,0,0,259893
1,1,1,1,1767,270,478,623,46,-62,15,43,70,0,0,0,0,0,0,0,0,0,0,0,0,0,0,0,0,0,0,0,0,0,0,259903
1,1,1,1,1661,355,420,458,145,-67,12,44,68,0,0,0,0,0,0,0,0,0,0,0,0,0,0,0,0,0,0,0,0,0,0,259913
1,1,1,1,1643,397,320,334,220,-61,16,45,68,0,0,0,0,0,0,0,0,0,0,0,0,0,0,0,0,0,0,0,0,0,0,259923
1,1,1,1,1681,438,335,352,214,-52,16,45,68,0,0,0,0,0,0,0,0,0,0,0,0,0,0,0,0,0,0,0,0,0,0,259933
1,1,1,1,1683,451,283,406,200,-78,25,44,66,0,0,0,0,0,0,0,0,0,0,0,0,0,0,0,0,0,0,0,0,0,0,259943
1,1,1,1,1753,535,122,874,185,-134,14,45,69,0,0,0,0,0,0,0,0,0,0,0,0,0,0,0,0,0,0,0,0,0,0,259953
1,1,1,1,1628,429,589,278,72,-245,11,44,70,0,0,0,0,0,0,0,0,0,0,0,0,0,0,0,0,0,0,0,0,0,0,259973
1,1,1,1,1802,348,430,64,157,-213,8,45,68,0,0,0,0,0,0,0,0,0,0,0,0,0,0,0,0,0,0,0,0,0,0,259983
1,1,1,1,1713,334,357,-62,155,-138,6,47,73,0,0,0,0,0,0,0,0,0,0,0,0,0,0,0,0,0,0,0,0,0,0,259993
1,1,1,1,1600,279,355,-173,116,-235,5,48,74,0,0,0,0,0,0,0,0,0,0,0,0,0,0,0,0,0,0,0,0,0,0,260003
1,1,1,1,1665,358,346,-257,22,-324,10,45,73,0,0,0,0,0,0,0,0,0,0,0,0,0,0,0,0,0,0,0,0,0,0,260013
1,1,1,1,1671,431,320,-200,-43,-394,9,41,68,0,0,0,0,0,0,0,0,0,0,0,0,0,0,0,0,0,0,0,0,0,0,260023
1,1,1,1,1679,529,299,-150,-77,-447,7,48,73,0,0,0,0,0,0,0,0,0,0,0,0,0,0,0,0,0,0,0,0,0,0,260033
1,1,1,1,1742,608,304,-96,-69,-482,8,46,74,0,0,0,0,0,0,0,0,0,0,0,0,0,0,0,0,0,0,0,0,0,0,260043
1,1,1,1,1792,655,338,-29,-49,-512,8,43,71,0,0,0,0,0,0,0,0,0,0,0,0,0,0,0,0,0,0,0,0,0,0,260053
1,1,1,1,1818,647,283,-10,-19,-515,12,44,74,0,0,0,0,0,0,0,0,0,0,0,0,0,0,0,0,0,0,0,0,0,0,260063
1,1,1,1,1803,549,317,34,-14,-475,9,44,73,0,0,0,0,0,0,0,0,0,0,0,0,0,0,0,0,0,0,0,0,0,0,260073
1,1,1,1,1747,473,342,-98,-27,-489,12,44,72,0,0,0,0,0,0,0,0,0,0,0,0,0,0,0,0,0,0,0,0,0,0,260083
1,1,1,1,1686,405,313,-74,-83,-553,13,44,78,0,0,0,0,0,0,0,0,0,0,0,0,0,0,0,0,0,0,0,0,0,0,260093
1,1,1,1,1682,391,323,21,-164,-627,15,45,77,0,0,0,0,0,0,0,0,0,0,0,0,0,0,0,0,0,0,0,0,0,0,260103
1,1,1,1,1702,437,357,238,-297,-791,10,43,83,0,0,0,0,0,0,0,0,0,0,0,0,0,0,0,0,0,0,0,0,0,0,260113
1,1,1,1,1650,482,347,219,-408,-960,10,44,83,0,0,0,0,0,0,0,0,0,0,0,0,0,0,0,0,0,0,0,0,0,0,260123
1,1,1,1,1604,577,215,250,-477,-1151,10,44,83,0,0,0,0,0,0,0,0,0,0,0,0,0,0,0,0,0,0,0,0,0,0,260133
1,1,1,1,1711,786,200,453,-559,-1232,7,43,86,0,0,0,0,0,0,0,0,0,0,0,0,0,0,0,0,0,0,0,0,0,0,260143
1,1,1,1,1749,936,183,397,-554,-1240,8,43,83,0,0,0,0,0,0,0,0,0,0,0,0,0,0,0,0,0,0,0,0,0,0,260153
1,1,1,1,1775,949,104,460,-477,-1190,10,43,83,0,0,0,0,0,0,0,0,0,0,0,0,0,0,0,0,0,0,0,0,0,0,260163
1,1,1,1,1675,860,-1,805,-485,-1178,10,46,91,0,0,0,0,0,0,0,0,0,0,0,0,0,0,0,0,0,0,0,0,0,0,260183
1,1,1,1,1585,792,21,1027,-588,-1282,10,45,94,0,0,0,0,0,0,0,0,0,0,0,0,0,0,0,0,0,0,0,0,0,0,260193
1,1,1,1,1552,797,-43,1356,-722,-1403,8,45,90,0,0,0,0,0,0,0,0,0,0,0,0,0,0,0,0,0,0,0,0,0,0,260203
1,1,1,1,1606,924,-53,1525,-810,-1395,12,44,88,0,0,0,0,0,0,0,0,0,0,0,0,0,0,0,0,0,0,0,0,0,0,260213
1,1,1,1,1666,1070,-67,1586,-776,-1352,10,44,89,0,0,0,0,0,0,0,0,0,0,0,0,0,0,0,0,0,0,0,0,0,0,260223
1,1,1,1,1666,1123,-169,1840,-736,-1298,8,44,93,0,0,0,0,0,0,0,0,0,0,0,0,0,0,0,0,0,0,0,0,0,0,260233
1,1,1,1,1637,1011,-289,1776,-643,-1202,11,44,88,0,0,0,0,0,0,0,0,0,0,0,0,0,0,0,0,0,0,0,0,0,0,260243
1,1,1,1,1633,917,-207,1634,-601,-1119,11,44,86,0,0,0,0,0,0,0,0,0,0,0,0,0,0,0,0,0,0,0,0,0,0,260253
1,1,1,1,1657,831,-173,1301,-610,-1034,13,45,83,0,0,0,0,0,0,0,0,0,0,0,0,0,0,0,0,0,0,0,0,0,0,260263
1,1,1,1,1572,799,-126,1107,-655,-996,10,44,79,0,0,0,0,0,0,0,0,0,0,0,0,0,0,0,0,0,0,0,0,0,0,260273
1,1,1,1,1548,704,-77,674,-713,-975,8,45,78,0,0,0,0,0,0,0,0,0,0,0,0,0,0,0,0,0,0,0,0,0,0,260283
1,1,1,1,1568,700,77,189,-827,-994,11,43,74,0,0,0,0,0,0,0,0,0,0,0,0,0,0,0,0,0,0,0,0,0,0,260293
1,1,1,1,1447,705,163,-232,-947,-1096,9,45,77,0,0,0,0,0,0,0,0,0,0,0,0,0,0,0,0,0,0,0,0,0,0,260303
1,1,1,1,1397,766,145,-500,-996,-1185,7,42,78,0,0,0,0,0,0,0,0,0,0,0,0,0,0,0,0,0,0,0,0,0,0,260313
1,1,1,1,1376,843,35,-855,-978,-1203,8,40,77,0,0,0,0,0,0,0,0,0,0,0,0,0,0,0,0,0,0,0,0,0,0,260323
1,1,1,1,1319,923,-93,-826,-968,-1192,6,45,80,0,0,0,0,0,0,0,0,0,0,0,0,0,0,0,0,0,0,0,0,0,0,260333
1,1,1,1,1276,907,-186,-606,-1017,-1191,3,45,85,0,0,0,0,0,0,0,0,0,0,0,0,0,0,0,0,0,0,0,0,0,0,260343
1,1,1,1,1334,942,-200,-450,-1009,-1112,5,45,86,0,0,0,0,0,0,0,0,0,0,0,0,0,0,0,0,0,0,0,0,0,0,260353
1,1,1,1,1343,965,-144,-268,-996,-1010,5,46,89,0,0,0,0,0,0,0,0,0,0,0,0,0,0,0,0,0,0,0,0,0,0,260363
1,1,1,1,1305,996,-88,-106,-939,-892,6,43,88,0,0,0,0,0,0,0,0,0,0,0,0,0,0,0,0,0,0,0,0,0,0,260373
1,1,1,1,1284,972,-8,-24,-895,-788,5,45,91,0,0,0,0,0,0,0,0,0,0,0,0,0,0,0,0,0,0,0,0,0,0,260383
1,1,1,1,1290,978,42,88,-865,-704,3,45,91,0,0,0,0,0,0,0,0,0,0,0,0,0,0,0,0,0,0,0,0,0,0,260393
1,1,1,1,1295,925,31,85,-851,-655,-2,44,93,0,0,0,0,0,0,0,0,0,0,0,0,0,0,0,0,0,0,0,0,0,0,260403
1,1,1,1,1405,999,82,-180,-747,-569,-5,44,96,0,0,0,0,0,0,0,0,0,0,0,0,0,0,0,0,0,0,0,0,0,0,260413
1,1,1,1,1401,1117,50,-337,-628,-454,-3,45,101,0,0,0,0,0,0,0,0,0,0,0,0,0,0,0,0,0,0,0,0,0,0,260423
1,1,1,1,1460,1148,-28,-59,-501,-370,-8,45,103,0,0,0,0,0,0,0,0,0,0,0,0,0,0,0,0,0,0,0,0,0,0,260433
1,1,1,1,1375,1143,-62,51,-482,-263,-8,46,109,0,0,0,0,0,0,0,0,0,0,0,0,0,0,0,0,0,0,0,0,0,0,260443
1,1,1,1,1328,1004,-169,-15,-476,-213,-6,46,110,0,0,0,0,0,0,0,0,0,0,0,0,0,0,0,0,0,0,0,0,0,0,260453
1,1,1,1,1218,982,-251,175,-487,-192,-3,46,110,0,0,0,0,0,0,0,0,0,0,0,0,0,0,0,0,0,0,0,0,0,0,260463
1,1,1,1,1374,1054,-251,481,-494,-146,-10,46,112,0,0,0,0,0,0,0,0,0,0,0,0,0,0,0,0,0,0,0,0,0,0,260473
1,1,1,1,1406,1060,-177,301,-434,-101,-11,45,113,0,0,0,0,0,0,0,0,0,0,0,0,0,0,0,0,0,0,0,0,0,0,260483
1,1,1,1,1475,1161,-145,236,-391,-78,-14,45,113,0,0,0,0,0,0,0,0,0,0,0,0,0,0,0,0,0,0,0,0,0,0,260493
1,1,1,1,1437,1121,-156,122,-383,-72,-15,44,115,0,0,0,0,0,0,0,0,0,0,0,0,0,0,0,0,0,0,0,0,0,0,260503
1,1,1,1,1414,1122,-177,22,-423,-68,-15,44,116,0,0,0,0,0,0,0,0,0,0,0,0,0,0,0,0,0,0,0,0,0,0,260513
1,1,1,1,1349,1073,-130,187,-488,-73,-20,44,116,0,0,0,0,0,0,0,0,0,0,0,0,0,0,0,0,0,0,0,0,0,0,260523
1,1,1,1,1308,1026,-140,3,-574,-92,-17,43,110,0,0,0,0,0,0,0,0,0,0,0,0,0,0,0,0,0,0,0,0,0,0,260533
1,1,1,1,1416,1182,-255,-306,-614,-76,-19,43,113,0,0,0,0,0,0,0,0,0,0,0,0,0,0,0,0,0,0,0,0,0,0,260543
1,1,1,1,1299,1164,-278,-342,-600,-44,-14,54,125,0,0,0,0,0,0,0,0,0,0,0,0,0,0,0,0,0,0,0,0,0,0,260553
1,1,1,1,1254,1247,-503,-419,-472,-27,-4,54,125,0,0,0,0,0,0,0,0,0,0,0,0,0,0,0,0,0,0,0,0,0,0,260563
1,1,1,1,1266,1290,-563,-130,-385,17,-6,50,125,0,0,0,0,0,0,0,0,0,0,0,0,0,0,0,0,0,0,0,0,0,0,260573
1,1,1,1,1225,1223,-380,309,-286,103,-3,54,126,0,0,0,0,0,0,0,0,0,0,0,0,0,0,0,0,0,0,0,0,0,0,260593
1,1,1,1,1191,1170,-303,351,-251,99,-8,57,122,0,0,0,0,0,0,0,0,0,0,0,0,0,0,0,0,0,0,0,0,0,0,260603
1,1,1,1,1322,1226,-206,-4,-216,86,-5,55,120,0,0,0,0,0,0,0,0,0,0,0,0,0,0,0,0,0,0,0,0,0,0,260613
1,1,1,1,1245,1242,-167,-63,-206,98,-5,53,123,0,0,0,0,0,0,0,0,0,0,0,0,0,0,0,0,0,0,0,0,0,0,260623
1,1,1,1,1185,1146,-241,-190,-169,53,-9,54,124,0,0,0,0,0,0,0,0,0,0,0,0,0,0,0,0,0,0,0,0,0,0,260633
1,1,1,1,1200,1159,-337,-306,-121,26,-7,56,123,0,0,0,0,0,0,0,0,0,0,0,0,0,0,0,0,0,0,0,0,0,0,260643
1,1,1,1,1303,1243,-444,-245,-83,64,-6,57,128,0,0,0,0,0,0,0,0,0,0,0,0,0,0,0,0,0,0,0,0,0,0,260653
1,1,1,1,1358,1231,-496,-60,-58,97,-3,55,124,0,0,0,0,0,0,0,0,0,0,0,0,0,0,0,0,0,0,0,0,0,0,260663
1,1,1,1,1274,1144,-466,103,-55,107,-3,56,121,0,0,0,0,0,0,0,0,0,0,0,0,0,0,0,0,0,0,0,0,0,0,260673
1,1,1,1,1267,1036,-409,227,-44,90,-2,56,119,0,0,0,0,0,0,0,0,0,0,0,0,0,0,0,0,0,0,0,0,0,0,260683
1,1,1,1,1287,1055,-394,201,-37,69,1,54,117,0,0,0,0,0,0,0,0,0,0,0,0,0,0,0,0,0,0,0,0,0,0,260693
1,1,1,1,1331,1103,-324,148,-46,61,-2,56,115,0,0,0,0,0,0,0,0,0,0,0,0,0,0,0,0,0,0,0,0,0,0,260703
1,1,1,1,1331,1127,-326,52,-39,63,-2,54,114,0,0,0,0,0,0,0,0,0,0,0,0,0,0,0,0,0,0,0,0,0,0,260713
1,1,1,1,1373,1148,-400,-4,-17,65,-3,54,114,0,0,0,0,0,0,0,0,0,0,0,0,0,0,0,0,0,0,0,0,0,0,260723
1,1,1,1,1416,1205,-471,25,10,96,-1,52,108,0,0,0,0,0,0,0,0,0,0,0,0,0,0,0,0,0,0,0,0,0,0,260733
1,1,1,1,1448,1197,-509,151,29,145,4,54,107,0,0,0,0,0,0,0,0,0,0,0,0,0,0,0,0,0,0,0,0,0,0,260743
1,1,1,1,1394,1111,-475,283,35,168,3,54,104,0,0,0,0,0,0,0,0,0,0,0,0,0,0,0,0,0,0,0,0,0,0,260753
1,1,1,1,1360,1038,-426,368,22,163,4,55,103,0,0,0,0,0,0,0,0,0,0,0,0,0,0,0,0,0,0,0,0,0,0,260763
1,1,1,1,1333,1056,-389,416,12,155,7,54,101,0,0,0,0,0,0,0,0,0,0,0,0,0,0,0,0,0,0,0,0,0,0,260773
1,1,1,1,1325,1062,-371,420,-21,142,7,56,100,0,0,0,0,0,0,0,0,0,0,0,0,0,0,0,0,0,0,0,0,0,0,260783
1,1,1,1,1303,1104,-356,379,-32,129,5,55,97,0,0,0,0,0,0,0,0,0,0,0,0,0,0,0,0,0,0,0,0,0,0,260793
1,1,1,1,1313,1142,-343,342,-24,127,3,54,97,0,0,0,0,0,0,0,0,0,0,0,0,0,0,0,0,0,0,0,0,0,0,260803
1,1,1,1,1331,1144,-351,146,-22,106,3,54,96,0,0,0,0,0,0,0,0,0,0,0,0,0,0,0,0,0,0,0,0,0,0,260813
1,1,1,1,1328,1163,-359,24,-7,101,4,55,97,0,0,0,0,0,0,0,0,0,0,0,0,0,0,0,0,0,0,0,0,0,0,260823
1,1,1,1,1344,1159,-417,-37,12,97,6,54,95,0,0,0,0,0,0,0,0,0,0,0,0,0,0,0,0,0,0,0,0,0,0,260833
1,1,1,1,1312,1179,-456,23,28,99,8,53,96,0,0,0,0,0,0,0,0,0,0,0,0,0,0,0,0,0,0,0,0,0,0,260843
1,1,1,1,1299,1127,-474,126,23,95,10,55,96,0,0,0,0,0,0,0,0,0,0,0,0,0,0,0,0,0,0,0,0,0,0,260853
1,1,1,1,1243,1113,-469,294,2,86,10,56,93,0,0,0,0,0,0,0,0,0,0,0,0,0,0,0,0,0,0,0,0,0,0,260863
1,1,1,1,1293,1077,-425,393,13,79,10,55,97,0,0,0,0,0,0,0,0,0,0,0,0,0,0,0,0,0,0,0,0,0,0,260873
1,1,1,1,1341,1115,-353,428,19,97,10,55,97,0,0,0,0,0,0,0,0,0,0,0,0,0,0,0,0,0,0,0,0,0,0,260883
1,1,1,1,1317,1111,-370,462,28,119,9,55,100,0,0,0,0,0,0,0,0,0,0,0,0,0,0,0,0,0,0,0,0,0,0,260893
1,1,1,1,1372,1103,-443,393,80,129,11,54,99,0,0,0,0,0,0,0,0,0,0,0,0,0,0,0,0,0,0,0,0,0,0,260903
1,1,1,1,1406,1129,-488,424,125,170,10,59,101,0,0,0,0,0,0,0,0,0,0,0,0,0,0,0,0,0,0,0,0,0,0,260913
1,1,1,1,1401,1126,-503,489,177,210,12,58,104,0,0,0,0,0,0,0,0,0,0,0,0,0,0,0,0,0,0,0,0,0,0,260923
1,1,1,1,1399,1142,-475,557,200,250,11,62,104,0,0,0,0,0,0,0,0,0,0,0,0,0,0,0,0,0,0,0,0,0,0,260933
1,1,1,1,1418,1140,-466,652,183,288,14,57,107,0,0,0,0,0,0,0,0,0,0,0,0,0,0,0,0,0,0,0,0,0,0,260943
1,1,1,1,1382,1106,-464,748,135,310,13,62,106,0,0,0,0,0,0,0,0,0,0,0,0,0,0,0,0,0,0,0,0,0,0,260953
1,1,1,1,1353,1092,-477,791,151,328,16,58,102,0,0,0,0,0,0,0,0,0,0,0,0,0,0,0,0,0,0,0,0,0,0,260963
1,1,1,1,1367,1123,-474,867,164,357,18,60,99,0,0,0,0,0,0,0,0,0,0,0,0,0,0,0,0,0,0,0,0,0,0,260973
1,1,1,1,1346,1101,-434,970,156,370,14,60,101,0,0,0,0,0,0,0,0,0,0,0,0,0,0,0,0,0,0,0,0,0,0,260983
1,1,1,1,1333,1080,-417,861,122,327,16,58,97,0,0,0,0,0,0,0,0,0,0,0,0,0,0,0,0,0,0,0,0,0,0,260993
1,1,1,1,1315,1013,-255,757,116,298,15,58,98,0,0,0,0,0,0,0,0,0,0,0,0,0,0,0,0,0,0,0,0,0,0,261003
1,1,1,1,1320,994,-204,610,87,243,13,58,102,0,0,0,0,0,0,0,0,0,0,0,0,0,0,0,0,0,0,0,0,0,0,261013
1,1,1,1,1291,933,-269,478,39,163,7,59,109,0,0,0,0,0,0,0,0,0,0,0,0,0,0,0,0,0,0,0,0,0,0,261023
1,1,1,1,1287,926,-395,450,36,118,4,57,115,0,0,0,0,0,0,0,0,0,0,0,0,0,0,0,0,0,0,0,0,0,0,261033
1,1,1,1,1331,999,-524,459,36,103,1,57,119,0,0,0,0,0,0,0,0,0,0,0,0,0,0,0,0,0,0,0,0,0,0,261043
1,1,1,1,1367,1054,-543,474,34,111,0,57,121,0,0,0,0,0,0,0,0,0,0,0,0,0,0,0,0,0,0,0,0,0,0,261053
1,1,1,1,1403,1083,-542,533,13,112,-1,58,124,0,0,0,0,0,0,0,0,0,0,0,0,0,0,0,0,0,0,0,0,0,0,261063
1,1,1,1,1363,1052,-519,520,9,102,-5,58,130,0,0,0,0,0,0,0,0,0,0,0,0,0,0,0,0,0,0,0,0,0,0,261073
1,1,1,1,1384,1075,-559,435,18,92,-9,58,131,0,0,0,0,0,0,0,0,0,0,0,0,0,0,0,0,0,0,0,0,0,0,261083
1,1,1,1,1429,1099,-576,341,11,90,-11,57,134,0,0,0,0,0,0,0,0,0,0,0,0,0,0,0,0,0,0,0,0,0,0,261093
1,1,1,1,1423,1062,-586,261,-7,77,-12,57,139,0,0,0,0,0,0,0,0,0,0,0,0,0,0,0,0,0,0,0,0,0,0,261103
1,1,1,1,1374,1031,-630,187,2,53,-11,57,139,0,0,0,0,0,0,0,0,0,0,0,0,0,0,0,0,0,0,0,0,0,0,261113
1,1,1,1,1412,1055,-642,288,-19,43,-12,57,139,0,0,0,0,0,0,0,0,0,0,0,0,0,0,0,0,0,0,0,0,0,0,261123
1,1,1,1,1446,1074,-636,406,-30,61,-14,59,141,0,0,0,0,0,0,0,0,0,0,0,0,0,0,0,0,0,0,0,0,0,0,261133
1,1,1,1,1458,1025,-666,322,-34,58,-12,57,140,0,0,0,0,0,0,0,0,0,0,0,0,0,0,0,0,0,0,0,0,0,0,261143
1,1,1,1,1451,1121,-644,374,-16,76,-14,58,143,0,0,0,0,0,0,0,0,0,0,0,0,0,0,0,0,0,0,0,0,0,0,261153
1,1,1,1,1442,1041,-647,323,18,88,-14,58,144,0,0,0,0,0,0,0,0,0,0,0,0,0,0,0,0,0,0,0,0,0,0,261163
1,1,1,1,1421,1044,-650,338,32,86,-15,57,144,0,0,0,0,0,0,0,0,0,0,0,0,0,0,0,0,0,0,0,0,0,0,261173
1,1,1,1,1402,1008,-635,374,5,82,-16,58,146,0,0,0,0,0,0,0,0,0,0,0,0,0,0,0,0,0,0,0,0,0,0,261183
1,1,1,1,1393,975,-600,434,-47,62,-14,57,147,0,0,0,0,0,0,0,0,0,0,0,0,0,0,0,0,0,0,0,0,0,0,261193
1,1,1,1,1385,929,-605,450,-74,34,-17,59,149,0,0,0,0,0,0,0,0,0,0,0,0,0,0,0,0,0,0,0,0,0,0,261203
1,1,1,1,1407,983,-533,27,-74,18,-20,59,149,0,0,0,0,0,0,0,0,0,0,0,0,0,0,0,0,0,0,0,0,0,0,261253
1,1,1,1,1400,968,-519,17,-186,-15,-19,59,148,0,0,0,0,0,0,0,0,0,0,0,0,0,0,0,0,0,0,0,0,0,0,261263
1,1,1,1,1382,927,-528,4,-250,-35,-18,63,151,0,0,0,0,0,0,0,0,0,0,0,0,0,0,0,0,0,0,0,0,0,0,261273
1,1,1,1,1424,1041,-641,23,-209,-14,-15,65,157,0,0,0,0,0,0,0,0,0,0,0,0,0,0,0,0,0,0,0,0,0,0,261283
1,1,1,1,1434,1053,-743,72,-184,11,-13,68,164,0,0,0,0,0,0,0,0,0,0,0,0,0,0,0,0,0,0,0,0,0,0,261293
1,1,1,1,1423,1084,-741,158,-184,31,-14,68,163,0,0,0,0,0,0,0,0,0,0,0,0,0,0,0,0,0,0,0,0,0,0,261303
1,1,1,1,1403,1000,-650,200,-245,44,-12,71,168,0,0,0,0,0,0,0,0,0,0,0,0,0,0,0,0,0,0,0,0,0,0,261313
1,1,1,1,1405,1053,-812,72,-88,44,-13,72,169,0,0,0,0,0,0,0,0,0,0,0,0,0,0,0,0,0,0,0,0,0,0,261323
1,1,1,1,1430,1080,-968,144,-8,52,-11,73,173,0,0,0,0,0,0,0,0,0,0,0,0,0,0,0,0,0,0,0,0,0,0,261333
1,1,1,1,1414,1062,-1018,285,47,50,-11,74,170,0,0,0,0,0,0,0,0,0,0,0,0,0,0,0,0,0,0,0,0,0,0,261343
1,1,1,1,1442,1033,-1004,393,108,45,-10,75,161,0,0,0,0,0,0,0,0,0,0,0,0,0,0,0,0,0,0,0,0,0,0,261353
1,1,1,1,1443,1000,-836,402,87,35,-8,73,156,0,0,0,0,0,0,0,0,0,0,0,0,0,0,0,0,0,0,0,0,0,0,261363
1,1,1,1,1442,986,-713,306,42,21,-7,73,150,0,0,0,0,0,0,0,0,0,0,0,0,0,0,0,0,0,0,0,0,0,0,261373
1,1,1,1,1424,993,-692,162,7,1,-8,73,150,0,0,0,0,0,0,0,0,0,0,0,0,0,0,0,0,0,0,0,0,0,0,261383
1,1,1,1,1424,1037,-729,44,-25,-15,-8,72,147,0,0,0,0,0,0,0,0,0,0,0,0,0,0,0,0,0,0,0,0,0,0,261393
1,1,1,1,1418,1072,-761,-37,-33,-21,-9,72,149,0,0,0,0,0,0,0,0,0,0,0,0,0,0,0,0,0,0,0,0,0,0,261403
1,1,1,1,1386,1069,-730,-82,-55,-33,-6,71,145,0,0,0,0,0,0,0,0,0,0,0,0,0,0,0,0,0,0,0,0,0,0,261413
1,1,1,1,1377,1037,-741,-137,-51,-48,-5,71,143,0,0,0,0,0,0,0,0,0,0,0,0,0,0,0,0,0,0,0,0,0,0,261423
1,1,1,1,1396,1068,-752,-123,-48,-50,-5,71,144,0,0,0,0,0,0,0,0,0,0,0,0,0,0,0,0,0,0,0,0,0,0,261433
1,1,1,1,1386,1020,-750,-106,-27,-52,-5,72,145,0,0,0,0,0,0,0,0,0,0,0,0,0,0,0,0,0,0,0,0,0,0,261443
1,1,1,1,1389,993,-720,-129,-10,-60,-2,71,141,0,0,0,0,0,0,0,0,0,0,0,0,0,0,0,0,0,0,0,0,0,0,261453
1,1,1,1,1416,1018,-668,-136,-6,-54,-1,71,138,0,0,0,0,0,0,0,0,0,0,0,0,0,0,0,0,0,0,0,0,0,0,261463
1,1,1,1,1434,1031,-655,-139,-10,-35,0,71,139,0,0,0,0,0,0,0,0,0,0,0,0,0,0,0,0,0,0,0,0,0,0,261473
1,1,1,1,1422,1041,-673,-110,-16,-18,-1,71,136,0,0,0,0,0,0,0,0,0,0,0,0,0,0,0,0,0,0,0,0,0,0,261483
1,1,1,1,1419,1005,-685,-96,-18,-16,0,70,136,0,0,0,0,0,0,0,0,0,0,0,0,0,0,0,0,0,0,0,0,0,0,261493
1,1,1,1,1422,1009,-695,-55,-22,-12,-2,73,136,0,0,0,0,0,0,0,0,0,0,0,0,0,0,0,0,0,0,0,0,0,0,261503
1,1,1,1,1433,1002,-693,-19,-23,-8,-1,69,136,0,0,0,0,0,0,0,0,0,0,0,0,0,0,0,0,0,0,0,0,0,0,261513
1,1,1,1,1438,1007,-690,-40,-2,-5,-1,68,138,0,0,0,0,0,0,0,0,0,0,0,0,0,0,0,0,0,0,0,0,0,0,261523
1,1,1,1,1434,1019,-704,-57,11,-6,-6,74,140,0,0,0,0,0,0,0,0,0,0,0,0,0,0,0,0,0,0,0,0,0,0,261533
1,1,1,1,1428,1008,-719,-55,21,-5,-2,68,133,0,0,0,0,0,0,0,0,0,0,0,0,0,0,0,0,0,0,0,0,0,0,261543
1,1,1,1,1432,1007,-719,-62,36,-1,-2,72,137,0,0,0,0,0,0,0,0,0,0,0,0,0,0,0,0,0,0,0,0,0,0,261553
1,1,1,1,1429,1002,-707,-70,33,2,1,69,136,0,0,0,0,0,0,0,0,0,0,0,0,0,0,0,0,0,0,0,0,0,0,261563
1,1,1,1,1421,1005,-742,-48,31,5,2,69,134,0,0,0,0,0,0,0,0,0,0,0,0,0,0,0,0,0,0,0,0,0,0,261573
1,1,1,1,1413,1010,-760,15,35,7,2,71,134,0,0,0,0,0,0,0,0,0,0,0,0,0,0,0,0,0,0,0,0,0,0,261583
1,1,1,1,1409,1017,-739,36,42,3,6,70,130,0,0,0,0,0,0,0,0,0,0,0,0,0,0,0,0,0,0,0,0,0,0,261593
1,1,1,1,1408,1025,-705,35,37,4,4,70,129,0,0,0,0,0,0,0,0,0,0,0,0,0,0,0,0,0,0,0,0,0,0,261603
1,1,1,1,1404,1031,-671,12,34,3,4,69,127,0,0,0,0,0,0,0,0,0,0,0,0,0,0,0,0,0,0,0,0,0,0,261613
1,1,1,1,1405,1036,-664,-44,31,-4,2,71,126,0,0,0,0,0,0,0,0,0,0,0,0,0,0,0,0,0,0,0,0,0,0,261623
1,1,1,1,1390,1019,-667,-92,12,-16,5,69,125,0,0,0,0,0,0,0,0,0,0,0,0,0,0,0,0,0,0,0,0,0,0,261633
1,1,1,1,1383,1018,-675,-115,-6,-21,3,70,127,0,0,0,0,0,0,0,0,0,0,0,0,0,0,0,0,0,0,0,0,0,0,261643
1,1,1,1,1373,1007,-684,-134,-25,-37,2,70,128,0,0,0,0,0,0,0,0,0,0,0,0,0,0,0,0,0,0,0,0,0,0,261653
1,1,1,1,1385,1019,-676,-139,-30,-41,0,71,131,0,0,0,0,0,0,0,0,0,0,0,0,0,0,0,0,0,0,0,0,0,0,261663
1,1,1,1,1394,1029,-664,-153,-35,-39,2,70,132,0,0,0,0,0,0,0,0,0,0,0,0,0,0,0,0,0,0,0,0,0,0,261673
1,1,1,1,1400,1055,-680,-173,-35,-35,0,71,130,0,0,0,0,0,0,0,0,0,0,0,0,0,0,0,0,0,0,0,0,0,0,261683
1,1,1,1,1407,1068,-729,-130,-30,-21,2,70,130,0,0,0,0,0,0,0,0,0,0,0,0,0,0,0,0,0,0,0,0,0,0,261693
1,1,1,1,1401,1045,-760,-50,-23,-10,3,69,130,0,0,0,0,0,0,0,0,0,0,0,0,0,0,0,0,0,0,0,0,0,0,261703
1,1,1,1,1416,1017,-722,-6,-16,-4,2,71,130,0,0,0,0,0,0,0,0,0,0,0,0,0,0,0,0,0,0,0,0,0,0,261713
1,1,1,1,1408,984,-683,-20,-22,-6,0,72,131,0,0,0,0,0,0,0,0,0,0,0,0,0,0,0,0,0,0,0,0,0,0,261723
1,1,1,1,1405,983,-670,-50,-10,-6,1,70,131,0,0,0,0,0,0,0,0,0,0,0,0,0,0,0,0,0,0,0,0,0,0,261733
1,1,1,1,1416,1032,-679,-69,-11,4,1,71,129,0,0,0,0,0,0,0,0,0,0,0,0,0,0,0,0,0,0,0,0,0,0,261743
1,1,1,1,1399,1045,-689,-65,-13,6,2,70,131,0,0,0,0,0,0,0,0,0,0,0,0,0,0,0,0,0,0,0,0,0,0,261753
1,1,1,1,1388,1037,-718,-53,-8,2,2,71,130,0,0,0,0,0,0,0,0,0,0,0,0,0,0,0,0,0,0,0,0,0,0,261763
1,1,1,1,1405,1059,-723,-21,-2,8,-1,71,129,0,0,0,0,0,0,0,0,0,0,0,0,0,0,0,0,0,0,0,0,0,0,261773
1,1,1,1,1406,1046,-704,3,-1,9,1,70,128,0,0,0,0,0,0,0,0,0,0,0,0,0,0,0,0,0,0,0,0,0,0,261783
1,1,1,1,1421,1050,-694,-1,1,9,2,70,126,0,0,0,0,0,0,0,0,0,0,0,0,0,0,0,0,0,0,0,0,0,0,261793
1,1,1,1,1441,1044,-675,-19,-5,15,1,71,127,0,0,0,0,0,0,0,0,0,0,0,0,0,0,0,0,0,0,0,0,0,0,261803
1,1,1,1,1420,1006,-686,-66,0,6,0,72,128,0,0,0,0,0,0,0,0,0,0,0,0,0,0,0,0,0,0,0,0,0,0,261813
1,1,1,1,1424,1029,-700,-105,6,3,2,69,127,0,0,0,0,0,0,0,0,0,0,0,0,0,0,0,0,0,0,0,0,0,0,261823
1,1,1,1,1430,1063,-729,-68,7,24,-1,73,128,0,0,0,0,0,0,0,0,0,0,0,0,0,0,0,0,0,0,0,0,0,0,261833
1,1,1,1,1385,1010,-722,-4,9,28,3,72,127,0,0,0,0,0,0,0,0,0,0,0,0,0,0,0,0,0,0,0,0,0,0,261843
1,1,1,1,1372,1012,-685,26,21,23,7,71,127,0,0,0,0,0,0,0,0,0,0,0,0,0,0,0,0,0,0,0,0,0,0,261853
1,1,1,1,1393,1018,-648,49,29,22,6,71,127,0,0,0,0,0,0,0,0,0,0,0,0,0,0,0,0,0,0,0,0,0,0,261863
1,1,1,1,1401,1017,-601,67,10,21,8,71,128,0,0,0,0,0,0,0,0,0,0,0,0,0,0,0,0,0,0,0,0,0,0,261873
1,1,1,1,1415,1010,-595,18,4,14,5,72,130,0,0,0,0,0,0,0,0,0,0,0,0,0,0,0,0,0,0,0,0,0,0,261883
1,1,1,1,1430,1024,-619,-45,15,11,5,72,133,0,0,0,0,0,0,0,0,0,0,0,0,0,0,0,0,0,0,0,0,0,0,261893
1,1,1,1,1425,1020,-662,-64,14,9,5,73,134,0,0,0,0,0,0,0,0,0,0,0,0,0,0,0,0,0,0,0,0,0,0,261903
1,1,1,1,1400,991,-697,-59,16,2,2,73,134,0,0,0,0,0,0,0,0,0,0,0,0,0,0,0,0,0,0,0,0,0,0,261913
1,1,1,1,1410,1007,-712,-44,16,-3,2,74,138,0,0,0,0,0,0,0,0,0,0,0,0,0,0,0,0,0,0,0,0,0,0,261923
1,1,1,1,1418,1025,-713,-20,11,-3,1,74,137,0,0,0,0,0,0,0,0,0,0,0,0,0,0,0,0,0,0,0,0,0,0,261933
1,1,1,1,1414,1028,-688,-8,15,-5,2,74,137,0,0,0,0,0,0,0,0,0,0,0,0,0,0,0,0,0,0,0,0,0,0,261943
1,1,1,1,1418,1025,-679,-2,9,-11,4,74,133,0,0,0,0,0,0,0,0,0,0,0,0,0,0,0,0,0,0,0,0,0,0,261953
1,1,1,1,1420,1018,-660,-23,13,-16,4,73,136,0,0,0,0,0,0,0,0,0,0,0,0,0,0,0,0,0,0,0,0,0,0,261963
1,1,1,1,1413,1014,-650,-40,8,-19,4,73,134,0,0,0,0,0,0,0,0,0,0,0,0,0,0,0,0,0,0,0,0,0,0,261973
1,1,1,1,1405,998,-659,-32,9,-17,2,73,134,0,0,0,0,0,0,0,0,0,0,0,0,0,0,0,0,0,0,0,0,0,0,261983
1,1,1,1,1409,1006,-669,-22,-3,-16,1,75,132,0,0,0,0,0,0,0,0,0,0,0,0,0,0,0,0,0,0,0,0,0,0,261993
1,1,1,1,1417,1011,-679,-17,-12,-17,3,74,134,0,0,0,0,0,0,0,0,0,0,0,0,0,0,0,0,0,0,0,0,0,0,262003
1,1,1,1,1409,1015,-690,-24,-16,-21,4,72,134,0,0,0,0,0,0,0,0,0,0,0,0,0,0,0,0,0,0,0,0,0,0,262013
1,1,1,1,1400,1031,-698,-9,1,-18,5,73,133,0,0,0,0,0,0,0,0,0,0,0,0,0,0,0,0,0,0,0,0,0,0,262023
1,1,1,1,1400,1040,-691,18,9,-18,7,72,131,0,0,0,0,0,0,0,0,0,0,0,0,0,0,0,0,0,0,0,0,0,0,262033
1,1,1,1,1404,1043,-667,10,0,-23,6,72,129,0,0,0,0,0,0,0,0,0,0,0,0,0,0,0,0,0,0,0,0,0,0,262043
1,1,1,1,1416,1048,-647,-18,8,-17,8,71,128,0,0,0,0,0,0,0,0,0,0,0,0,0,0,0,0,0,0,0,0,0,0,262053
1,1,1,1,1413,1039,-644,-32,4,-17,8,72,127,0,0,0,0,0,0,0,0,0,0,0,0,0,0,0,0,0,0,0,0,0,0,262063
1,1,1,1,1423,1038,-650,-50,-2,-19,8,72,124,0,0,0,0,0,0,0,0,0,0,0,0,0,0,0,0,0,0,0,0,0,0,262073
1,1,1,1,1430,1036,-657,-59,-2,-14,4,72,128,0,0,0,0,0,0,0,0,0,0,0,0,0,0,0,0,0,0,0,0,0,0,262083
1,1,1,1,1419,1020,-656,-60,-11,-15,5,73,128,0,0,0,0,0,0,0,0,0,0,0,0,0,0,0,0,0,0,0,0,0,0,262093
1,1,1,1,1419,1024,-664,-58,-17,-14,6,71,127,0,0,0,0,0,0,0,0,0,0,0,0,0,0,0,0,0,0,0,0,0,0,262103
1,1,1,1,1414,1041,-668,-38,-14,-10,5,73,128,0,0,0,0,0,0,0,0,0,0,0,0,0,0,0,0,0,0,0,0,0,0,262113
1,1,1,1,1407,1030,-676,-7,-16,-5,7,73,126,0,0,0,0,0,0,0,0,0,0,0,0,0,0,0,0,0,0,0,0,0,0,262123
1,1,1,1,1418,1019,-663,12,-18,-1,8,73,124,0,0,0,0,0,0,0,0,0,0,0,0,0,0,0,0,0,0,0,0,0,0,262133
1,1,1,1,1427,1007,-649,26,-22,6,6,73,128,0,0,0,0,0,0,0,0,0,0,0,0,0,0,0,0,0,0,0,0,0,0,262143
1,1,1,1,1431,1012,-673,25,-27,12,6,74,126,0,0,0,0,0,0,0,0,0,0,0,0,0,0,0,0,0,0,0,0,0,0,262153
1,1,1,1,1446,1026,-693,35,-31,19,10,72,123,0,0,0,0,0,0,0,0,0,0,0,0,0,0,0,0,0,0,0,0,0,0,262163
1,1,1,1,1429,1019,-689,32,-13,19,11,71,122,0,0,0,0,0,0,0,0,0,0,0,0,0,0,0,0,0,0,0,0,0,0,262173
1,1,1,1,1429,1019,-689,8,-5,19,10,71,124,0,0,0,0,0,0,0,0,0,0,0,0,0,0,0,0,0,0,0,0,0,0,262183
1,1,1,1,1411,1035,-673,-16,4,13,11,72,123,0,0,0,0,0,0,0,0,0,0,0,0,0,0,0,0,0,0,0,0,0,0,262193
1,1,1,1,1411,1035,-673,-4,6,10,13,72,123,0,0,0,0,0,0,0,0,0,0,0,0,0,0,0,0,0,0,0,0,0,0,262203
1,1,1,1,1390,1041,-661,33,-4,7,12,72,121,0,0,0,0,0,0,0,0,0,0,0,0,0,0,0,0,0,0,0,0,0,0,262213
1,1,1,1,1390,1034,-670,71,-6,4,12,71,122,0,0,0,0,0,0,0,0,0,0,0,0,0,0,0,0,0,0,0,0,0,0,262223
1,1,1,1,1408,1035,-666,97,6,10,11,71,122,0,0,0,0,0,0,0,0,0,0,0,0,0,0,0,0,0,0,0,0,0,0,262233
1,1,1,1,1409,1011,-668,117,17,13,11,71,123,0,0,0,0,0,0,0,0,0,0,0,0,0,0,0,0,0,0,0,0,0,0,262243
1,1,1,1,1419,998,-640,112,26,16,13,71,123,0,0,0,0,0,0,0,0,0,0,0,0,0,0,0,0,0,0,0,0,0,0,262253
1,1,1,1,1419,984,-623,86,17,12,11,71,122,0,0,0,0,0,0,0,0,0,0,0,0,0,0,0,0,0,0,0,0,0,0,262263
1,1,1,1,1414,977,-638,65,6,3,13,72,122,0,0,0,0,0,0,0,0,0,0,0,0,0,0,0,0,0,0,0,0,0,0,262273
1,1,1,1,1416,998,-656,61,-2,1,14,71,123,0,0,0,0,0,0,0,0,0,0,0,0,0,0,0,0,0,0,0,0,0,0,262283
1,1,1,1,1409,1006,-668,59,-14,-3,14,71,122,0,0,0,0,0,0,0,0,0,0,0,0,0,0,0,0,0,0,0,0,0,0,262293
1,1,1,1,1405,1019,-667,54,-22,-5,11,71,121,0,0,0,0,0,0,0,0,0,0,0,0,0,0,0,0,0,0,0,0,0,0,262303
1,1,1,1,1416,1038,-681,64,-10,2,11,72,121,0,0,0,0,0,0,0,0,0,0,0,0,0,0,0,0,0,0,0,0,0,0,262313
1,1,1,1,1414,1047,-705,105,-2,16,10,72,124,0,0,0,0,0,0,0,0,0,0,0,0,0,0,0,0,0,0,0,0,0,0,262323
1,1,1,1,1416,1054,-715,173,5,31,12,71,119,0,0,0,0,0,0,0,0,0,0,0,0,0,0,0,0,0,0,0,0,0,0,262333
1,1,1,1,1401,1036,-705,222,15,36,13,71,122,0,0,0,0,0,0,0,0,0,0,0,0,0,0,0,0,0,0,0,0,0,0,262343
1,1,1,1,1393,1009,-674,232,24,30,12,71,122,0,0,0,0,0,0,0,0,0,0,0,0,0,0,0,0,0,0,0,0,0,0,262353
1,1,1,1,1407,1021,-640,215,20,31,12,72,122,0,0,0,0,0,0,0,0,0,0,0,0,0,0,0,0,0,0,0,0,0,0,262363
1,1,1,1,1446,1035,-647,179,15,38,14,72,122,0,0,0,0,0,0,0,0,0,0,0,0,0,0,0,0,0,0,0,0,0,0,262373
1,1,1,1,1441,1027,-675,162,10,45,11,72,123,0,0,0,0,0,0,0,0,0,0,0,0,0,0,0,0,0,0,0,0,0,0,262383
1,1,1,1,1447,1005,-708,171,2,55,9,72,124,0,0,0,0,0,0,0,0,0,0,0,0,0,0,0,0,0,0,0,0,0,0,262393
1,1,1,1,1449,992,-728,196,0,62,10,75,123,0,0,0,0,0,0,0,0,0,0,0,0,0,0,0,0,0,0,0,0,0,0,262403
1,1,1,1,1436,975,-730,201,-8,62,10,71,125,0,0,0,0,0,0,0,0,0,0,0,0,0,0,0,0,0,0,0,0,0,0,262413
1,1,1,1,1408,979,-735,197,-11,51,6,78,125,0,0,0,0,0,0,0,0,0,0,0,0,0,0,0,0,0,0,0,0,0,0,262423
1,1,1,1,1396,1004,-735,192,-16,37,8,74,126,0,0,0,0,0,0,0,0,0,0,0,0,0,0,0,0,0,0,0,0,0,0,262433
1,1,1,1,1406,1045,-731,189,-5,39,8,75,123,0,0,0,0,0,0,0,0,0,0,0,0,0,0,0,0,0,0,0,0,0,0,262443
1,1,1,1,1410,1063,-718,190,16,49,7,76,123,0,0,0,0,0,0,0,0,0,0,0,0,0,0,0,0,0,0,0,0,0,0,262453
1,1,1,1,1389,1030,-678,146,14,40,7,74,123,0,0,0,0,0,0,0,0,0,0,0,0,0,0,0,0,0,0,0,0,0,0,262463
1,1,1,1,1385,1010,-652,88,-4,25,6,73,121,0,0,0,0,0,0,0,0,0,0,0,0,0,0,0,0,0,0,0,0,0,0,262473
1,1,1,1,1394,1026,-668,31,-14,17,9,74,127,0,0,0,0,0,0,0,0,0,0,0,0,0,0,0,0,0,0,0,0,0,0,262483
1,1,1,1,1401,1030,-698,-7,-19,12,6,74,129,0,0,0,0,0,0,0,0,0,0,0,0,0,0,0,0,0,0,0,0,0,0,262493
1,1,1,1,1396,1029,-740,-3,-16,12,6,73,131,0,0,0,0,0,0,0,0,0,0,0,0,0,0,0,0,0,0,0,0,0,0,262503
1,1,1,1,1386,1020,-769,5,-18,4,6,75,133,0,0,0,0,0,0,0,0,0,0,0,0,0,0,0,0,0,0,0,0,0,0,262513
1,1,1,1,1398,1022,-763,9,-23,-8,5,75,131,0,0,0,0,0,0,0,0,0,0,0,0,0,0,0,0,0,0,0,0,0,0,262523
1,1,1,1,1414,1030,-753,11,-12,-6,6,75,132,0,0,0,0,0,0,0,0,0,0,0,0,0,0,0,0,0,0,0,0,0,0,262533
1,1,1,1,1409,1036,-759,20,-4,-5,5,74,130,0,0,0,0,0,0,0,0,0,0,0,0,0,0,0,0,0,0,0,0,0,0,262543
1,1,1,1,1408,1030,-758,32,-11,-9,5,75,129,0,0,0,0,0,0,0,0,0,0,0,0,0,0,0,0,0,0,0,0,0,0,262553
1,1,1,1,1409,1027,-758,60,-5,-6,6,75,129,0,0,0,0,0,0,0,0,0,0,0,0,0,0,0,0,0,0,0,0,0,0,262563
1,1,1,1,1413,1011,-747,68,-4,-4,7,75,124,0,0,0,0,0,0,0,0,0,0,0,0,0,0,0,0,0,0,0,0,0,0,262573
1,1,1,1,1417,1006,-720,48,-18,-1,9,74,125,0,0,0,0,0,0,0,0,0,0,0,0,0,0,0,0,0,0,0,0,0,0,262583
1,1,1,1,1425,1006,-726,25,-23,0,5,75,126,0,0,0,0,0,0,0,0,0,0,0,0,0,0,0,0,0,0,0,0,0,0,262593
1,1,1,1,1428,1014,-741,20,-26,5,8,74,127,0,0,0,0,0,0,0,0,0,0,0,0,0,0,0,0,0,0,0,0,0,0,262603
1,1,1,1,1429,1021,-740,28,-22,10,9,74,127,0,0,0,0,0,0,0,0,0,0,0,0,0,0,0,0,0,0,0,0,0,0,262613
1,1,1,1,1423,1010,-709,14,-22,10,7,74,124,0,0,0,0,0,0,0,0,0,0,0,0,0,0,0,0,0,0,0,0,0,0,262623
1,1,1,1,1429,1021,-688,-27,-26,9,7,73,127,0,0,0,0,0,0,0,0,0,0,0,0,0,0,0,0,0,0,0,0,0,0,262633
1,1,1,1,1414,1006,-708,-68,-17,3,7,75,126,0,0,0,0,0,0,0,0,0,0,0,0,0,0,0,0,0,0,0,0,0,0,262643
1,1,1,1,1409,1001,-752,-56,-12,1,7,73,128,0,0,0,0,0,0,0,0,0,0,0,0,0,0,0,0,0,0,0,0,0,0,262653
1,1,1,1,1408,1017,-797,8,-3,8,11,73,127,0,0,0,0,0,0,0,0,0,0,0,0,0,0,0,0,0,0,0,0,0,0,262663
1,1,1,1,1405,994,-772,78,5,15,11,74,123,0,0,0,0,0,0,0,0,0,0,0,0,0,0,0,0,0,0,0,0,0,0,262673
1,1,1,1,1411,996,-717,115,4,23,8,74,125,0,0,0,0,0,0,0,0,0,0,0,0,0,0,0,0,0,0,0,0,0,0,262683
1,1,1,1,1415,1005,-679,103,0,26,7,75,127,0,0,0,0,0,0,0,0,0,0,0,0,0,0,0,0,0,0,0,0,0,0,262693
1,1,1,1,1425,1019,-661,43,-3,24,7,75,129,0,0,0,0,0,0,0,0,0,0,0,0,0,0,0,0,0,0,0,0,0,0,262703
1,1,1,1,1430,1033,-679,2,-18,23,6,74,132,0,0,0,0,0,0,0,0,0,0,0,0,0,0,0,0,0,0,0,0,0,0,262713
1,1,1,1,1424,1013,-734,-30,-18,19,3,77,131,0,0,0,0,0,0,0,0,0,0,0,0,0,0,0,0,0,0,0,0,0,0,262723
1,1,1,1,1421,1007,-769,-30,-14,17,0,76,134,0,0,0,0,0,0,0,0,0,0,0,0,0,0,0,0,0,0,0,0,0,0,262733
1,1,1,1,1429,993,-789,-30,-20,10,-1,77,134,0,0,0,0,0,0,0,0,0,0,0,0,0,0,0,0,0,0,0,0,0,0,262743
1,1,1,1,1434,999,-787,-42,-13,1,-1,76,132,0,0,0,0,0,0,0,0,0,0,0,0,0,0,0,0,0,0,0,0,0,0,262753
1,1,1,1,1428,1000,-774,-52,0,-4,1,76,135,0,0,0,0,0,0,0,0,0,0,0,0,0,0,0,0,0,0,0,0,0,0,262763
1,1,1,1,1424,997,-747,-63,2,-10,2,76,137,0,0,0,0,0,0,0,0,0,0,0,0,0,0,0,0,0,0,0,0,0,0,262773
1,1,1,1,1415,998,-735,-74,10,-13,4,75,134,0,0,0,0,0,0,0,0,0,0,0,0,0,0,0,0,0,0,0,0,0,0,262783
1,1,1,1,1433,1024,-726,-67,-4,-10,5,75,136,0,0,0,0,0,0,0,0,0,0,0,0,0,0,0,0,0,0,0,0,0,0,262793
1,1,1,1,1427,998,-726,-79,-12,-12,6,75,135,0,0,0,0,0,0,0,0,0,0,0,0,0,0,0,0,0,0,0,0,0,0,262803
1,1,1,1,1419,995,-725,-91,-20,-16,5,74,134,0,0,0,0,0,0,0,0,0,0,0,0,0,0,0,0,0,0,0,0,0,0,262813
1,1,1,1,1425,1005,-724,-93,-25,-14,3,75,140,0,0,0,0,0,0,0,0,0,0,0,0,0,0,0,0,0,0,0,0,0,0,262823
1,1,1,1,1414,1005,-738,-79,-31,-20,4,75,138,0,0,0,0,0,0,0,0,0,0,0,0,0,0,0,0,0,0,0,0,0,0,262833
1,1,1,1,1417,1011,-742,-67,-29,-24,4,75,139,0,0,0,0,0,0,0,0,0,0,0,0,0,0,0,0,0,0,0,0,0,0,262843
1,1,1,1,1433,1016,-728,-80,-16,-17,3,75,140,0,0,0,0,0,0,0,0,0,0,0,0,0,0,0,0,0,0,0,0,0,0,262853
1,1,1,1,1416,996,-706,-101,-17,-22,4,76,137,0,0,0,0,0,0,0,0,0,0,0,0,0,0,0,0,0,0,0,0,0,0,262863
1,1,1,1,1418,1005,-698,-134,-16,-25,5,75,137,0,0,0,0,0,0,0,0,0,0,0,0,0,0,0,0,0,0,0,0,0,0,262873
1,1,1,1,1433,1030,-691,-137,-19,-21,4,75,137,0,0,0,0,0,0,0,0,0,0,0,0,0,0,0,0,0,0,0,0,0,0,262883
1,1,1,1,1431,1022,-730,-110,-13,-15,3,76,139,0,0,0,0,0,0,0,0,0,0,0,0,0,0,0,0,0,0,0,0,0,0,262893
1,1,1,1,1426,1014,-739,-70,-14,-13,3,76,138,0,0,0,0,0,0,0,0,0,0,0,0,0,0,0,0,0,0,0,0,0,0,262903
1,1,1,1,1430,1008,-721,-45,-10,-9,1,76,135,0,0,0,0,0,0,0,0,0,0,0,0,0,0,0,0,0,0,0,0,0,0,262913
1,1,1,1,1431,1000,-689,-66,-4,-6,1,76,139,0,0,0,0,0,0,0,0,0,0,0,0,0,0,0,0,0,0,0,0,0,0,262923
1,1,1,1,1424,1005,-676,-90,-1,-8,0,75,140,0,0,0,0,0,0,0,0,0,0,0,0,0,0,0,0,0,0,0,0,0,0,262933
1,1,1,1,1420,1008,-681,-96,-21,-9,-1,75,141,0,0,0,0,0,0,0,0,0,0,0,0,0,0,0,0,0,0,0,0,0,0,262943
1,1,1,1,1419,1001,-683,-95,-28,-9,-1,76,139,0,0,0,0,0,0,0,0,0,0,0,0,0,0,0,0,0,0,0,0,0,0,262953
1,1,1,1,1424,1000,-679,-102,-26,-4,2,75,140,0,0,0,0,0,0,0,0,0,0,0,0,0,0,0,0,0,0,0,0,0,0,262963
1,1,1,1,1420,1010,-688,-104,-28,-3,1,76,141,0,0,0,0,0,0,0,0,0,0,0,0,0,0,0,0,0,0,0,0,0,0,262973
1,1,1,1,1426,1026,-714,-97,-19,2,-1,76,141,0,0,0,0,0,0,0,0,0,0,0,0,0,0,0,0,0,0,0,0,0,0,262983
1,1,1,1,1427,1024,-711,-85,-15,5,-3,76,144,0,0,0,0,0,0,0,0,0,0,0,0,0,0,0,0,0,0,0,0,0,0,262993
1,1,1,1,1415,1007,-698,-88,-17,-1,-2,77,143,0,0,0,0,0,0,0,0,0,0,0,0,0,0,0,0,0,0,0,0,0,0,263003
1,1,1,1,1412,993,-699,-94,-21,-10,-3,75,144,0,0,0,0,0,0,0,0,0,0,0,0,0,0,0,0,0,0,0,0,0,0,263013
1,1,1,1,1421,1003,-706,-93,-29,-14,-2,77,144,0,0,0,0,0,0,0,0,0,0,0,0,0,0,0,0,0,0,0,0,0,0,263023
1,1,1,1,1416,1009,-716,-89,-25,-15,0,77,145,0,0,0,0,0,0,0,0,0,0,0,0,0,0,0,0,0,0,0,0,0,0,263033
1,1,1,1,1411,1027,-719,-69,-18,-15,-3,75,145,0,0,0,0,0,0,0,0,0,0,0,0,0,0,0,0,0,0,0,0,0,0,263043
1,1,1,1,1425,1032,-731,-48,-9,-12,-4,79,146,0,0,0,0,0,0,0,0,0,0,0,0,0,0,0,0,0,0,0,0,0,0,263053
1,1,1,1,1434,1025,-714,-16,-1,-2,-3,77,145,0,0,0,0,0,0,0,0,0,0,0,0,0,0,0,0,0,0,0,0,0,0,263063
1,1,1,1,1431,1006,-673,-30,-7,0,0,76,144,0,0,0,0,0,0,0,0,0,0,0,0,0,0,0,0,0,0,0,0,0,0,263073
1,1,1,1,1430,1003,-649,-55,-15,2,1,76,142,0,0,0,0,0,0,0,0,0,0,0,0,0,0,0,0,0,0,0,0,0,0,263083
1,1,1,1,1426,1006,-666,-64,-9,4,-1,76,143,0,0,0,0,0,0,0,0,0,0,0,0,0,0,0,0,0,0,0,0,0,0,263093
1,1,1,1,1415,1002,-688,-60,-5,5,2,75,142,0,0,0,0,0,0,0,0,0,0,0,0,0,0,0,0,0,0,0,0,0,0,263103
1,1,1,1,1399,1007,-686,-47,-6,3,1,75,143,0,0,0,0,0,0,0,0,0,0,0,0,0,0,0,0,0,0,0,0,0,0,263113
1,1,1,1,1396,1008,-675,-39,-2,3,-1,76,145,0,0,0,0,0,0,0,0,0,0,0,0,0,0,0,0,0,0,0,0,0,0,263123
1,1,1,1,1398,1019,-684,-29,6,-2,-2,77,147,0,0,0,0,0,0,0,0,0,0,0,0,0,0,0,0,0,0,0,0,0,0,263133
1,1,1,1,1404,1027,-682,-14,3,-2,-1,76,148,0,0,0,0,0,0,0,0,0,0,0,0,0,0,0,0,0,0,0,0,0,0,263143
1,1,1,1,1412,1021,-678,-18,16,-5,0,76,146,0,0,0,0,0,0,0,0,0,0,0,0,0,0,0,0,0,0,0,0,0,0,263153
1,1,1,1,1413,1014,-680,-32,20,-10,-1,76,147,0,0,0,0,0,0,0,0,0,0,0,0,0,0,0,0,0,0,0,0,0,0,263163
1,1,1,1,1411,1015,-684,-33,14,-16,-1,76,142,0,0,0,0,0,0,0,0,0,0,0,0,0,0,0,0,0,0,0,0,0,0,263173
1,1,1,1,1413,1016,-686,-21,3,-15,-1,77,142,0,0,0,0,0,0,0,0,0,0,0,0,0,0,0,0,0,0,0,0,0,0,263183
1,1,1,1,1422,1019,-704,-8,-3,-15,0,77,144,0,0,0,0,0,0,0,0,0,0,0,0,0,0,0,0,0,0,0,0,0,0,263193
1,1,1,1,1424,1027,-698,-9,-6,-13,-2,77,143,0,0,0,0,0,0,0,0,0,0,0,0,0,0,0,0,0,0,0,0,0,0,263203
1,1,1,1,1419,1021,-686,-16,-1,-11,-2,77,144,0,0,0,0,0,0,0,0,0,0,0,0,0,0,0,0,0,0,0,0,0,0,263213
1,1,1,1,1413,1004,-692,-39,-10,-15,-1,76,145,0,0,0,0,0,0,0,0,0,0,0,0,0,0,0,0,0,0,0,0,0,0,263223
1,1,1,1,1417,1019,-697,-53,-12,-21,-1,77,146,0,0,0,0,0,0,0,0,0,0,0,0,0,0,0,0,0,0,0,0,0,0,263233
1,1,1,1,1421,1040,-696,-49,-12,-17,-2,77,143,0,0,0,0,0,0,0,0,0,0,0,0,0,0,0,0,0,0,0,0,0,0,263243
1,1,1,1,1411,1028,-697,-50,-11,-17,-2,76,144,0,0,0,0,0,0,0,0,0,0,0,0,0,0,0,0,0,0,0,0,0,0,263253
1,1,1,1,1409,1031,-685,-67,-6,-20,-2,76,140,0,0,0,0,0,0,0,0,0,0,0,0,0,0,0,0,0,0,0,0,0,0,263263
1,1,1,1,1410,1032,-676,-85,0,-19,0,77,138,0,0,0,0,0,0,0,0,0,0,0,0,0,0,0,0,0,0,0,0,0,0,263273
1,1,1,1,1403,1028,-665,-100,5,-21,-2,76,138,0,0,0,0,0,0,0,0,0,0,0,0,0,0,0,0,0,0,0,0,0,0,263283
1,1,1,1,1403,1021,-645,-127,11,-25,-2,75,135,0,0,0,0,0,0,0,0,0,0,0,0,0,0,0,0,0,0,0,0,0,0,263293
1,1,1,1,1406,1026,-627,-172,20,-28,-3,78,135,0,0,0,0,0,0,0,0,0,0,0,0,0,0,0,0,0,0,0,0,0,0,263303
1,1,1,1,1412,1034,-623,-237,24,-35,-1,73,129,0,0,0,0,0,0,0,0,0,0,0,0,0,0,0,0,0,0,0,0,0,0,263313
1,1,1,1,1415,1039,-620,-292,31,-40,-2,78,132,0,0,0,0,0,0,0,0,0,0,0,0,0,0,0,0,0,0,0,0,0,0,263323
1,1,1,1,1428,1039,-629,-308,41,-34,0,72,132,0,0,0,0,0,0,0,0,0,0,0,0,0,0,0,0,0,0,0,0,0,0,263333
1,1,1,1,1428,1020,-650,-311,26,-33,0,71,131,0,0,0,0,0,0,0,0,0,0,0,0,0,0,0,0,0,0,0,0,0,0,263343
1,1,1,1,1425,1013,-671,-313,20,-33,-1,74,132,0,0,0,0,0,0,0,0,0,0,0,0,0,0,0,0,0,0,0,0,0,0,263353
1,1,1,1,1435,1016,-666,-310,23,-31,-1,70,132,0,0,0,0,0,0,0,0,0,0,0,0,0,0,0,0,0,0,0,0,0,0,263363
1,1,1,1,1435,1019,-657,-336,23,-31,-4,76,134,0,0,0,0,0,0,0,0,0,0,0,0,0,0,0,0,0,0,0,0,0,0,263373
1,1,1,1,1435,1019,-657,-348,23,-28,-1,72,131,0,0,0,0,0,0,0,0,0,0,0,0,0,0,0,0,0,0,0,0,0,0,263383
1,1,1,1,1430,1024,-659,-343,18,-30,1,73,130,0,0,0,0,0,0,0,0,0,0,0,0,0,0,0,0,0,0,0,0,0,0,263393
1,1,1,1,1409,1045,-676,-302,19,-21,2,73,130,0,0,0,0,0,0,0,0,0,0,0,0,0,0,0,0,0,0,0,0,0,0,263403
1,1,1,1,1404,1042,-660,-275,23,-13,3,72,126,0,0,0,0,0,0,0,0,0,0,0,0,0,0,0,0,0,0,0,0,0,0,263413
1,1,1,1,1399,1044,-631,-230,12,-12,1,73,126,0,0,0,0,0,0,0,0,0,0,0,0,0,0,0,0,0,0,0,0,0,0,263423
1,1,1,1,1389,1037,-623,-193,5,-15,1,72,127,0,0,0,0,0,0,0,0,0,0,0,0,0,0,0,0,0,0,0,0,0,0,263433
1,1,1,1,1397,1058,-585,-215,17,-12,-1,73,125,0,0,0,0,0,0,0,0,0,0,0,0,0,0,0,0,0,0,0,0,0,0,263443
1,1,1,1,1400,1075,-559,-213,6,-10,-1,73,126,0,0,0,0,0,0,0,0,0,0,0,0,0,0,0,0,0,0,0,0,0,0,263453
1,1,1,1,1386,1042,-574,-240,7,-17,0,71,126,0,0,0,0,0,0,0,0,0,0,0,0,0,0,0,0,0,0,0,0,0,0,263463
1,1,1,1,1393,1045,-568,-299,24,-23,0,72,124,0,0,0,0,0,0,0,0,0,0,0,0,0,0,0,0,0,0,0,0,0,0,263473
1,1,1,1,1396,1046,-559,-360,37,-29,0,72,124,0,0,0,0,0,0,0,0,0,0,0,0,0,0,0,0,0,0,0,0,0,0,263483
1,1,1,1,1390,1038,-551,-428,37,-38,-1,71,126,0,0,0,0,0,0,0,0,0,0,0,0,0,0,0,0,0,0,0,0,0,0,263493
1,1,1,1,1399,1040,-557,-513,35,-46,-1,72,127,0,0,0,0,0,0,0,0,0,0,0,0,0,0,0,0,0,0,0,0,0,0,263503
1,1,1,1,1415,1080,-566,-545,41,-38,-1,72,126,0,0,0,0,0,0,0,0,0,0,0,0,0,0,0,0,0,0,0,0,0,0,263513
1,1,1,1,1430,1090,-591,-508,32,-38,-2,72,125,0,0,0,0,0,0,0,0,0,0,0,0,0,0,0,0,0,0,0,0,0,0,263523
1,1,1,1,1394,1049,-586,-514,28,-43,-1,71,128,0,0,0,0,0,0,0,0,0,0,0,0,0,0,0,0,0,0,0,0,0,0,263533
1,1,1,1,1394,1048,-560,-495,50,-39,1,71,121,0,0,0,0,0,0,0,0,0,0,0,0,0,0,0,0,0,0,0,0,0,0,263543
1,1,1,1,1386,1051,-537,-475,60,-40,1,71,125,0,0,0,0,0,0,0,0,0,0,0,0,0,0,0,0,0,0,0,0,0,0,263553
1,1,1,1,1384,1011,-511,-527,66,-45,1,71,119,0,0,0,0,0,0,0,0,0,0,0,0,0,0,0,0,0,0,0,0,0,0,263563
1,1,1,1,1377,1020,-486,-578,80,-46,1,70,120,0,0,0,0,0,0,0,0,0,0,0,0,0,0,0,0,0,0,0,0,0,0,263573
1,1,1,1,1393,1003,-462,-706,98,-51,2,69,115,0,0,0,0,0,0,0,0,0,0,0,0,0,0,0,0,0,0,0,0,0,0,263583
1,1,1,1,1384,1053,-451,-796,97,-55,1,69,115,0,0,0,0,0,0,0,0,0,0,0,0,0,0,0,0,0,0,0,0,0,0,263593
1,1,1,1,1382,1070,-432,-888,121,-62,0,69,113,0,0,0,0,0,0,0,0,0,0,0,0,0,0,0,0,0,0,0,0,0,0,263603
1,1,1,1,1405,1134,-386,-909,134,-55,1,69,111,0,0,0,0,0,0,0,0,0,0,0,0,0,0,0,0,0,0,0,0,0,0,263613
1,1,1,1,1406,1097,-413,-944,143,-63,-1,68,111,0,0,0,0,0,0,0,0,0,0,0,0,0,0,0,0,0,0,0,0,0,0,263623
1,1,1,1,1383,1059,-402,-1031,131,-71,0,68,110,0,0,0,0,0,0,0,0,0,0,0,0,0,0,0,0,0,0,0,0,0,0,263633
1,1,1,1,1367,1043,-395,-1105,139,-75,-2,70,110,0,0,0,0,0,0,0,0,0,0,0,0,0,0,0,0,0,0,0,0,0,0,263643
1,1,1,1,1382,1032,-373,-1238,157,-74,-3,69,110,0,0,0,0,0,0,0,0,0,0,0,0,0,0,0,0,0,0,0,0,0,0,263653
1,1,1,1,1384,1029,-329,-1422,166,-71,-5,70,105,0,0,0,0,0,0,0,0,0,0,0,0,0,0,0,0,0,0,0,0,0,0,263663
1,1,1,1,1385,1013,-284,-1756,192,-66,-7,69,105,0,0,0,0,0,0,0,0,0,0,0,0,0,0,0,0,0,0,0,0,0,0,263673
1,1,1,1,1376,987,-203,-2177,210,-58,-6,69,103,0,0,0,0,0,0,0,0,0,0,0,0,0,0,0,0,0,0,0,0,0,0,263683
1,1,1,1,1377,1000,-126,-2512,254,-49,-6,67,99,0,0,0,0,0,0,0,0,0,0,0,0,0,0,0,0,0,0,0,0,0,0,263693
1,1,1,1,1348,988,-95,-2872,278,-48,-8,66,99,0,0,0,0,0,0,0,0,0,0,0,0,0,0,0,0,0,0,0,0,0,0,263703
1,1,1,1,1306,951,-58,-3189,286,-23,-5,65,94,0,0,0,0,0,0,0,0,0,0,0,0,0,0,0,0,0,0,0,0,0,0,263713
1,1,1,1,1302,987,-48,-3322,298,-10,-3,64,91,0,0,0,0,0,0,0,0,0,0,0,0,0,0,0,0,0,0,0,0,0,0,263723
1,1,1,1,1275,1054,2,-3276,283,7,-1,62,90,0,0,0,0,0,0,0,0,0,0,0,0,0,0,0,0,0,0,0,0,0,0,263733
1,1,1,1,1338,1044,55,-3219,248,31,-6,61,86,0,0,0,0,0,0,0,0,0,0,0,0,0,0,0,0,0,0,0,0,0,0,263743
1,1,1,1,1399,992,106,-3479,254,73,-9,60,83,0,0,0,0,0,0,0,0,0,0,0,0,0,0,0,0,0,0,0,0,0,0,263753
1,1,1,1,1374,937,228,-3898,285,116,-12,60,79,0,0,0,0,0,0,0,0,0,0,0,0,0,0,0,0,0,0,0,0,0,0,263763
1,1,1,1,1346,848,386,-4442,299,166,-3,59,78,0,0,0,0,0,0,0,0,0,0,0,0,0,0,0,0,0,0,0,0,0,0,263773
1,1,1,1,1581,797,276,-4283,257,195,-6,57,74,0,0,0,0,0,0,0,0,0,0,0,0,0,0,0,0,0,0,0,0,0,0,263783
1,1,1,1,1585,579,408,-4436,122,159,-7,55,69,0,0,0,0,0,0,0,0,0,0,0,0,0,0,0,0,0,0,0,0,0,0,263793
1,1,1,1,1271,717,525,-4480,76,216,-6,53,64,0,0,0,0,0,0,0,0,0,0,0,0,0,0,0,0,0,0,0,0,0,0,263803
1,1,1,1,1176,932,694,-4367,167,297,-26,50,64,0,0,0,0,0,0,0,0,0,0,0,0,0,0,0,0,0,0,0,0,0,0,263813
1,1,1,1,1292,866,807,-5650,28,205,-18,49,67,0,0,0,0,0,0,0,0,0,0,0,0,0,0,0,0,0,0,0,0,0,0,263823
1,1,1,1,1394,753,482,-6183,-37,124,-15,44,59,0,0,0,0,0,0,0,0,0,0,0,0,0,0,0,0,0,0,0,0,0,0,263833
1,1,1,1,1508,633,372,-5672,-60,262,-11,38,53,0,0,0,0,0,0,0,0,0,0,0,0,0,0,0,0,0,0,0,0,0,0,263843
1,1,1,1,1483,788,563,-5104,-71,238,-9,36,54,0,0,0,0,0,0,0,0,0,0,0,0,0,0,0,0,0,0,0,0,0,0,263853
1,1,1,1,1392,876,671,-4526,-72,112,-7,35,49,0,0,0,0,0,0,0,0,0,0,0,0,0,0,0,0,0,0,0,0,0,0,263863
1,1,1,1,1428,810,681,-4153,-79,53,-4,34,47,0,0,0,0,0,0,0,0,0,0,0,0,0,0,0,0,0,0,0,0,0,0,263873
1,1,1,1,1537,770,710,-3541,-112,-16,1,34,44,0,0,0,0,0,0,0,0,0,0,0,0,0,0,0,0,0,0,0,0,0,0,263883
1,1,1,1,1560,686,822,-2936,-126,-71,3,33,45,0,0,0,0,0,0,0,0,0,0,0,0,0,0,0,0,0,0,0,0,0,0,263893
1,1,1,1,1443,542,1010,-2441,-165,-199,2,33,45,0,0,0,0,0,0,0,0,0,0,0,0,0,0,0,0,0,0,0,0,0,0,263903
1,1,1,1,1264,255,1085,-2064,-140,-389,0,32,48,0,0,0,0,0,0,0,0,0,0,0,0,0,0,0,0,0,0,0,0,0,0,263913
1,1,1,1,1167,8,1047,-2205,-43,-576,-10,29,45,0,0,0,0,0,0,0,0,0,0,0,0,0,0,0,0,0,0,0,0,0,0,263923
1,1,1,1,1113,-248,1197,-3108,31,-720,-6,36,48,0,0,0,0,0,0,0,0,0,0,0,0,0,0,0,0,0,0,0,0,0,0,263933
1,1,1,1,1400,9,1030,-3198,21,-805,-3,32,41,0,0,0,0,0,0,0,0,0,0,0,0,0,0,0,0,0,0,0,0,0,0,263943
1,1,1,1,1319,-62,1093,-3151,83,-766,-5,34,39,0,0,0,0,0,0,0,0,0,0,0,0,0,0,0,0,0,0,0,0,0,0,263953
1,1,1,1,1235,-199,1224,-3390,263,-710,-10,34,39,0,0,0,0,0,0,0,0,0,0,0,0,0,0,0,0,0,0,0,0,0,0,263963
1,1,1,1,1372,-84,1318,-4066,433,-553,-11,33,35,0,0,0,0,0,0,0,0,0,0,0,0,0,0,0,0,0,0,0,0,0,0,263973
1,1,1,1,1441,60,1327,-4632,511,-334,-7,30,33,0,0,0,0,0,0,0,0,0,0,0,0,0,0,0,0,0,0,0,0,0,0,263983
1,1,1,1,1430,162,1296,-4838,457,-167,-4,31,34,0,0,0,0,0,0,0,0,0,0,0,0,0,0,0,0,0,0,0,0,0,0,263993
1,1,1,1,1471,311,1293,-4619,320,-112,4,31,32,0,0,0,0,0,0,0,0,0,0,0,0,0,0,0,0,0,0,0,0,0,0,264003
1,1,1,1,1563,404,1259,-3775,215,-255,6,30,37,0,0,0,0,0,0,0,0,0,0,0,0,0,0,0,0,0,0,0,0,0,0,264013
1,1,1,1,1632,-27,1266,-3243,263,-346,6,29,36,0,0,0,0,0,0,0,0,0,0,0,0,0,0,0,0,0,0,0,0,0,0,264023
1,1,1,1,1461,-249,1233,-2961,495,-282,1,29,33,0,0,0,0,0,0,0,0,0,0,0,0,0,0,0,0,0,0,0,0,0,0,264033
1,1,1,1,1318,-336,1252,-3026,779,-89,1,29,31,0,0,0,0,0,0,0,0,0,0,0,0,0,0,0,0,0,0,0,0,0,0,264043
1,1,1,1,1328,-314,1128,-3157,1062,184,0,29,30,0,0,0,0,0,0,0,0,0,0,0,0,0,0,0,0,0,0,0,0,0,0,264053
1,1,1,1,1249,-372,1165,-3224,1259,448,1,30,28,0,0,0,0,0,0,0,0,0,0,0,0,0,0,0,0,0,0,0,0,0,0,264063
1,1,1,1,1238,-348,1244,-3063,1318,589,0,29,29,0,0,0,0,0,0,0,0,0,0,0,0,0,0,0,0,0,0,0,0,0,0,264073
1,1,1,1,1295,-446,1305,-3026,1305,626,2,31,29,0,0,0,0,0,0,0,0,0,0,0,0,0,0,0,0,0,0,0,0,0,0,264083
1,1,1,1,1399,-590,1362,-3061,1214,663,3,34,29,0,0,0,0,0,0,0,0,0,0,0,0,0,0,0,0,0,0,0,0,0,0,264093
1,1,1,1,1420,-776,1363,-3140,1044,656,5,37,32,0,0,0,0,0,0,0,0,0,0,0,0,0,0,0,0,0,0,0,0,0,0,264103
1,1,1,1,1258,-819,1402,-3242,967,573,7,46,41,0,0,0,0,0,0,0,0,0,0,0,0,0,0,0,0,0,0,0,0,0,0,264113
1,1,1,1,1112,-828,1362,-3400,1006,469,10,48,39,0,0,0,0,0,0,0,0,0,0,0,0,0,0,0,0,0,0,0,0,0,0,264123
1,1,1,1,1158,-797,1441,-3133,873,301,15,45,43,0,0,0,0,0,0,0,0,0,0,0,0,0,0,0,0,0,0,0,0,0,0,264133
1,1,1,1,1240,-737,1287,-2634,622,14,16,45,43,0,0,0,0,0,0,0,0,0,0,0,0,0,0,0,0,0,0,0,0,0,0,264143
1,1,1,1,1205,-674,1234,-2081,321,-170,19,45,40,0,0,0,0,0,0,0,0,0,0,0,0,0,0,0,0,0,0,0,0,0,0,264153
1,1,1,1,1280,-733,1287,-1477,63,-194,17,45,41,0,0,0,0,0,0,0,0,0,0,0,0,0,0,0,0,0,0,0,0,0,0,264163
1,1,1,1,1248,-877,1317,-1290,-95,-119,15,44,41,0,0,0,0,0,0,0,0,0,0,0,0,0,0,0,0,0,0,0,0,0,0,264173
1,1,1,1,1197,-1059,1249,-1260,-156,-52,13,44,42,0,0,0,0,0,0,0,0,0,0,0,0,0,0,0,0,0,0,0,0,0,0,264183
1,1,1,1,1092,-1190,1149,-1316,-142,1,13,43,42,0,0,0,0,0,0,0,0,0,0,0,0,0,0,0,0,0,0,0,0,0,0,264193
1,1,1,1,978,-1236,1135,-1479,-12,24,10,43,42,0,0,0,0,0,0,0,0,0,0,0,0,0,0,0,0,0,0,0,0,0,0,264203
1,1,1,1,931,-1230,1184,-1659,244,49,10,41,41,0,0,0,0,0,0,0,0,0,0,0,0,0,0,0,0,0,0,0,0,0,0,264213
1,1,1,1,942,-1222,1162,-1874,507,89,8,44,42,0,0,0,0,0,0,0,0,0,0,0,0,0,0,0,0,0,0,0,0,0,0,264223
1,1,1,1,1023,-1134,1202,-1982,651,154,10,43,40,0,0,0,0,0,0,0,0,0,0,0,0,0,0,0,0,0,0,0,0,0,0,264233
1,1,1,1,1131,-1071,1278,-1887,650,163,12,45,41,0,0,0,0,0,0,0,0,0,0,0,0,0,0,0,0,0,0,0,0,0,0,264243
1,1,1,1,1253,-1092,1331,-1696,489,93,14,40,40,0,0,0,0,0,0,0,0,0,0,0,0,0,0,0,0,0,0,0,0,0,0,264253
1,1,1,1,1278,-1076,1315,-1379,208,26,13,43,42,0,0,0,0,0,0,0,0,0,0,0,0,0,0,0,0,0,0,0,0,0,0,264263
1,1,1,1,1266,-1025,1231,-1020,-58,21,14,45,45,0,0,0,0,0,0,0,0,0,0,0,0,0,0,0,0,0,0,0,0,0,0,264273
1,1,1,1,1212,-1047,1099,-745,-228,55,12,43,40,0,0,0,0,0,0,0,0,0,0,0,0,0,0,0,0,0,0,0,0,0,0,264283
1,1,1,1,1053,-1122,908,-669,-165,98,8,39,54,0,0,0,0,0,0,0,0,0,0,0,0,0,0,0,0,0,0,0,0,0,0,264293
1,1,1,1,617,-1308,708,-662,452,-352,11,41,61,0,0,0,0,0,0,0,0,0,0,0,0,0,0,0,0,0,0,0,0,0,0,264303
1,1,1,1,591,-1266,814,-487,706,-422,12,41,55,0,0,0,0,0,0,0,0,0,0,0,0,0,0,0,0,0,0,0,0,0,0,264313
1,1,1,1,935,-1531,677,-556,648,-162,10,43,57,0,0,0,0,0,0,0,0,0,0,0,0,0,0,0,0,0,0,0,0,0,0,264323
1,1,1,1,1109,-1379,1036,-610,664,-95,12,44,58,0,0,0,0,0,0,0,0,0,0,0,0,0,0,0,0,0,0,0,0,0,0,264333
1,1,1,1,1198,-1344,1171,-444,547,-107,14,45,64,0,0,0,0,0,0,0,0,0,0,0,0,0,0,0,0,0,0,0,0,0,0,264343
1,1,1,1,1180,-1348,1176,-130,362,-251,14,45,64,0,0,0,0,0,0,0,0,0,0,0,0,0,0,0,0,0,0,0,0,0,0,264353
1,1,1,1,1121,-1298,1167,206,220,-393,8,46,71,0,0,0,0,0,0,0,0,0,0,0,0,0,0,0,0,0,0,0,0,0,0,264363
1,1,1,1,1029,-1300,1052,367,174,-422,7,46,74,0,0,0,0,0,0,0,0,0,0,0,0,0,0,0,0,0,0,0,0,0,0,264373
1,1,1,1,930,-1363,960,292,207,-387,8,46,73,0,0,0,0,0,0,0,0,0,0,0,0,0,0,0,0,0,0,0,0,0,0,264383
1,1,1,1,862,-1487,943,178,279,-315,9,46,76,0,0,0,0,0,0,0,0,0,0,0,0,0,0,0,0,0,0,0,0,0,0,264393
1,1,1,1,912,-1506,1026,147,334,-245,9,47,73,0,0,0,0,0,0,0,0,0,0,0,0,0,0,0,0,0,0,0,0,0,0,264403
1,1,1,1,1032,-1485,1128,101,344,-205,7,47,72,0,0,0,0,0,0,0,0,0,0,0,0,0,0,0,0,0,0,0,0,0,0,264413
1,1,1,1,1065,-1433,1182,52,324,-198,8,48,75,0,0,0,0,0,0,0,0,0,0,0,0,0,0,0,0,0,0,0,0,0,0,264423
1,1,1,1,1060,-1349,1217,108,297,-231,8,47,76,0,0,0,0,0,0,0,0,0,0,0,0,0,0,0,0,0,0,0,0,0,0,264433
1,1,1,1,1063,-1302,1257,216,282,-262,5,49,79,0,0,0,0,0,0,0,0,0,0,0,0,0,0,0,0,0,0,0,0,0,0,264443
1,1,1,1,1062,-1345,1242,314,271,-284,5,49,83,0,0,0,0,0,0,0,0,0,0,0,0,0,0,0,0,0,0,0,0,0,0,264453
1,1,1,1,1015,-1372,1231,347,241,-313,5,50,89,0,0,0,0,0,0,0,0,0,0,0,0,0,0,0,0,0,0,0,0,0,0,264463
1,1,1,1,970,-1363,1215,415,187,-338,4,51,91,0,0,0,0,0,0,0,0,0,0,0,0,0,0,0,0,0,0,0,0,0,0,264473
1,1,1,1,955,-1378,1178,434,130,-362,0,51,94,0,0,0,0,0,0,0,0,0,0,0,0,0,0,0,0,0,0,0,0,0,0,264483
1,1,1,1,950,-1443,1141,410,71,-412,-2,50,95,0,0,0,0,0,0,0,0,0,0,0,0,0,0,0,0,0,0,0,0,0,0,264493
1,1,1,1,958,-1448,1177,254,32,-401,-4,48,94,0,0,0,0,0,0,0,0,0,0,0,0,0,0,0,0,0,0,0,0,0,0,264503
1,1,1,1,1054,-1404,1198,29,70,-323,-5,47,92,0,0,0,0,0,0,0,0,0,0,0,0,0,0,0,0,0,0,0,0,0,0,264513
1,1,1,1,1108,-1355,1234,-174,127,-238,-7,51,95,0,0,0,0,0,0,0,0,0,0,0,0,0,0,0,0,0,0,0,0,0,0,264523
1,1,1,1,1096,-1314,1233,-216,117,-220,-5,47,94,0,0,0,0,0,0,0,0,0,0,0,0,0,0,0,0,0,0,0,0,0,0,264533
1,1,1,1,1044,-1247,1198,-82,83,-244,-8,50,100,0,0,0,0,0,0,0,0,0,0,0,0,0,0,0,0,0,0,0,0,0,0,264543
1,1,1,1,1016,-1208,1131,43,65,-245,-11,47,99,0,0,0,0,0,0,0,0,0,0,0,0,0,0,0,0,0,0,0,0,0,0,264553
1,1,1,1,1027,-1160,1043,107,91,-191,-14,43,95,0,0,0,0,0,0,0,0,0,0,0,0,0,0,0,0,0,0,0,0,0,0,264563
1,1,1,1,1017,-1133,1022,146,158,-132,-13,46,97,0,0,0,0,0,0,0,0,0,0,0,0,0,0,0,0,0,0,0,0,0,0,264573
1,1,1,1,1038,-1103,1038,217,197,-131,-12,42,97,0,0,0,0,0,0,0,0,0,0,0,0,0,0,0,0,0,0,0,0,0,0,264583
1,1,1,1,1113,-1082,1051,354,200,-114,-13,46,104,0,0,0,0,0,0,0,0,0,0,0,0,0,0,0,0,0,0,0,0,0,0,264593
1,1,1,1,1082,-1134,1087,436,175,-132,-10,45,104,0,0,0,0,0,0,0,0,0,0,0,0,0,0,0,0,0,0,0,0,0,0,264603
1,1,1,1,1090,-1172,1096,554,164,-160,-10,48,109,0,0,0,0,0,0,0,0,0,0,0,0,0,0,0,0,0,0,0,0,0,0,264613
1,1,1,1,1024,-1216,1143,638,142,-184,-9,48,111,0,0,0,0,0,0,0,0,0,0,0,0,0,0,0,0,0,0,0,0,0,0,264623
1,1,1,1,1002,-1238,1161,649,137,-173,-12,49,112,0,0,0,0,0,0,0,0,0,0,0,0,0,0,0,0,0,0,0,0,0,0,264633
1,1,1,1,1062,-1273,1213,604,122,-134,-15,49,111,0,0,0,0,0,0,0,0,0,0,0,0,0,0,0,0,0,0,0,0,0,0,264643
1,1,1,1,1036,-1311,1254,549,87,-86,-18,50,116,0,0,0,0,0,0,0,0,0,0,0,0,0,0,0,0,0,0,0,0,0,0,264653
1,1,1,1,1000,-1379,1262,304,76,-75,-15,51,115,0,0,0,0,0,0,0,0,0,0,0,0,0,0,0,0,0,0,0,0,0,0,264663
1,1,1,1,1041,-1333,1333,115,58,-24,-13,51,114,0,0,0,0,0,0,0,0,0,0,0,0,0,0,0,0,0,0,0,0,0,0,264673
1,1,1,1,1009,-1295,1385,156,54,-1,-16,51,118,0,0,0,0,0,0,0,0,0,0,0,0,0,0,0,0,0,0,0,0,0,0,264683
1,1,1,1,968,-1296,1383,116,2,13,-17,50,117,0,0,0,0,0,0,0,0,0,0,0,0,0,0,0,0,0,0,0,0,0,0,264693
1,1,1,1,956,-1276,1337,33,8,37,-18,52,124,0,0,0,0,0,0,0,0,0,0,0,0,0,0,0,0,0,0,0,0,0,0,264703
1,1,1,1,905,-1226,1260,-103,80,106,-16,54,129,0,0,0,0,0,0,0,0,0,0,0,0,0,0,0,0,0,0,0,0,0,0,264713
1,1,1,1,911,-1132,1255,-14,100,106,-14,57,132,0,0,0,0,0,0,0,0,0,0,0,0,0,0,0,0,0,0,0,0,0,0,264723
1,1,1,1,965,-1071,1273,137,61,58,-13,60,137,0,0,0,0,0,0,0,0,0,0,0,0,0,0,0,0,0,0,0,0,0,0,264733
1,1,1,1,943,-1075,1311,273,6,-9,-12,62,141,0,0,0,0,0,0,0,0,0,0,0,0,0,0,0,0,0,0,0,0,0,0,264743
1,1,1,1,987,-1093,1296,341,6,-24,-12,64,146,0,0,0,0,0,0,0,0,0,0,0,0,0,0,0,0,0,0,0,0,0,0,264753
1,1,1,1,988,-1140,1287,303,10,-31,-12,65,148,0,0,0,0,0,0,0,0,0,0,0,0,0,0,0,0,0,0,0,0,0,0,264763
1,1,1,1,991,-1177,1287,287,-2,-45,-12,66,150,0,0,0,0,0,0,0,0,0,0,0,0,0,0,0,0,0,0,0,0,0,0,264773
1,1,1,1,990,-1184,1266,242,20,-43,-11,66,149,0,0,0,0,0,0,0,0,0,0,0,0,0,0,0,0,0,0,0,0,0,0,264783
1,1,1,1,986,-1162,1226,175,82,-28,-12,66,150,0,0,0,0,0,0,0,0,0,0,0,0,0,0,0,0,0,0,0,0,0,0,264793
1,1,1,1,994,-1134,1254,126,106,-19,-14,67,152,0,0,0,0,0,0,0,0,0,0,0,0,0,0,0,0,0,0,0,0,0,0,264803
1,1,1,1,1031,-1165,1285,23,82,-29,-14,67,153,0,0,0,0,0,0,0,0,0,0,0,0,0,0,0,0,0,0,0,0,0,0,264813
1,1,1,1,1039,-1175,1299,-14,71,-15,-13,66,151,0,0,0,0,0,0,0,0,0,0,0,0,0,0,0,0,0,0,0,0,0,0,264823
1,1,1,1,1015,-1192,1289,-85,53,2,-14,66,151,0,0,0,0,0,0,0,0,0,0,0,0,0,0,0,0,0,0,0,0,0,0,264833
1,1,1,1,1023,-1201,1284,-95,45,19,-16,69,153,0,0,0,0,0,0,0,0,0,0,0,0,0,0,0,0,0,0,0,0,0,0,264843
1,1,1,1,1008,-1185,1280,-60,37,32,-14,66,153,0,0,0,0,0,0,0,0,0,0,0,0,0,0,0,0,0,0,0,0,0,0,264853
1,1,1,1,989,-1131,1258,12,32,45,-14,66,155,0,0,0,0,0,0,0,0,0,0,0,0,0,0,0,0,0,0,0,0,0,0,264863
1,1,1,1,978,-1110,1238,104,31,34,-15,68,160,0,0,0,0,0,0,0,0,0,0,0,0,0,0,0,0,0,0,0,0,0,0,264873
1,1,1,1,988,-1120,1245,191,29,1,-16,70,158,0,0,0,0,0,0,0,0,0,0,0,0,0,0,0,0,0,0,0,0,0,0,264883
1,1,1,1,1001,-1130,1249,198,35,-9,-17,72,161,0,0,0,0,0,0,0,0,0,0,0,0,0,0,0,0,0,0,0,0,0,0,264893
1,1,1,1,1023,-1148,1270,112,27,-4,-15,69,161,0,0,0,0,0,0,0,0,0,0,0,0,0,0,0,0,0,0,0,0,0,0,264903
1,1,1,1,1040,-1152,1290,15,21,8,-15,71,161,0,0,0,0,0,0,0,0,0,0,0,0,0,0,0,0,0,0,0,0,0,0,264913
1,1,1,1,1038,-1134,1299,-2,17,19,-14,71,162,0,0,0,0,0,0,0,0,0,0,0,0,0,0,0,0,0,0,0,0,0,0,264923
1,1,1,1,1029,-1132,1277,6,14,23,-14,70,161,0,0,0,0,0,0,0,0,0,0,0,0,0,0,0,0,0,0,0,0,0,0,264933
1,1,1,1,995,-1127,1264,-12,5,23,-14,72,162,0,0,0,0,0,0,0,0,0,0,0,0,0,0,0,0,0,0,0,0,0,0,264943
1,1,1,1,1012,-1136,1262,50,-21,39,-16,71,163,0,0,0,0,0,0,0,0,0,0,0,0,0,0,0,0,0,0,0,0,0,0,264953
1,1,1,1,1010,-1168,1295,92,-50,41,-17,71,165,0,0,0,0,0,0,0,0,0,0,0,0,0,0,0,0,0,0,0,0,0,0,264963
1,1,1,1,976,-1185,1287,84,-46,50,-17,71,165,0,0,0,0,0,0,0,0,0,0,0,0,0,0,0,0,0,0,0,0,0,0,264973
1,1,1,1,967,-1188,1283,47,-43,56,-16,72,168,0,0,0,0,0,0,0,0,0,0,0,0,0,0,0,0,0,0,0,0,0,0,264983
1,1,1,1,983,-1169,1277,23,-26,58,-15,72,167,0,0,0,0,0,0,0,0,0,0,0,0,0,0,0,0,0,0,0,0,0,0,264993
1,1,1,1,994,-1107,1273,36,-22,58,-16,73,167,0,0,0,0,0,0,0,0,0,0,0,0,0,0,0,0,0,0,0,0,0,0,265003
1,1,1,1,993,-1046,1247,94,-17,48,-16,74,170,0,0,0,0,0,0,0,0,0,0,0,0,0,0,0,0,0,0,0,0,0,0,265013
1,1,1,1,989,-1038,1248,149,-27,32,-17,74,169,0,0,0,0,0,0,0,0,0,0,0,0,0,0,0,0,0,0,0,0,0,0,265023
1,1,1,1,1000,-1094,1283,168,-35,17,-17,73,170,0,0,0,0,0,0,0,0,0,0,0,0,0,0,0,0,0,0,0,0,0,0,265033
1,1,1,1,1004,-1157,1311,102,-23,27,-17,74,171,0,0,0,0,0,0,0,0,0,0,0,0,0,0,0,0,0,0,0,0,0,0,265043
1,1,1,1,1014,-1180,1347,-10,-30,31,-17,74,167,0,0,0,0,0,0,0,0,0,0,0,0,0,0,0,0,0,0,0,0,0,0,265053
1,1,1,1,1007,-1185,1363,-103,-17,31,-16,73,167,0,0,0,0,0,0,0,0,0,0,0,0,0,0,0,0,0,0,0,0,0,0,265063
1,1,1,1,982,-1175,1337,-144,-7,25,-17,73,170,0,0,0,0,0,0,0,0,0,0,0,0,0,0,0,0,0,0,0,0,0,0,265073
1,1,1,1,978,-1120,1305,-161,6,21,-16,74,173,0,0,0,0,0,0,0,0,0,0,0,0,0,0,0,0,0,0,0,0,0,0,265083
1,1,1,1,987,-1079,1300,-141,17,12,-17,74,174,0,0,0,0,0,0,0,0,0,0,0,0,0,0,0,0,0,0,0,0,0,0,265093
1,1,1,1,977,-1095,1272,-56,-3,-1,-19,75,175,0,0,0,0,0,0,0,0,0,0,0,0,0,0,0,0,0,0,0,0,0,0,265103
1,1,1,1,996,-1106,1264,-15,-3,5,-20,74,172,0,0,0,0,0,0,0,0,0,0,0,0,0,0,0,0,0,0,0,0,0,0,265113
1,1,1,1,1037,-1126,1294,-19,-8,22,-20,78,174,0,0,0,0,0,0,0,0,0,0,0,0,0,0,0,0,0,0,0,0,0,0,265123
1,1,1,1,1016,-1159,1310,-30,-25,26,-21,79,177,0,0,0,0,0,0,0,0,0,0,0,0,0,0,0,0,0,0,0,0,0,0,265133
1,1,1,1,995,-1160,1268,-83,-16,31,-20,78,179,0,0,0,0,0,0,0,0,0,0,0,0,0,0,0,0,0,0,0,0,0,0,265143
1,1,1,1,990,-1139,1239,-73,-2,25,-19,76,179,0,0,0,0,0,0,0,0,0,0,0,0,0,0,0,0,0,0,0,0,0,0,265153
1,1,1,1,977,-1113,1211,-27,-9,-1,-20,77,179,0,0,0,0,0,0,0,0,0,0,0,0,0,0,0,0,0,0,0,0,0,0,265163
1,1,1,1,972,-1086,1199,64,-17,-24,-18,76,179,0,0,0,0,0,0,0,0,0,0,0,0,0,0,0,0,0,0,0,0,0,0,265173
1,1,1,1,973,-1093,1211,152,-37,-40,-16,77,178,0,0,0,0,0,0,0,0,0,0,0,0,0,0,0,0,0,0,0,0,0,0,265183
1,1,1,1,971,-1130,1256,200,-56,-38,-15,78,177,0,0,0,0,0,0,0,0,0,0,0,0,0,0,0,0,0,0,0,0,0,0,265193
1,1,1,1,974,-1196,1310,176,-62,-24,-16,79,174,0,0,0,0,0,0,0,0,0,0,0,0,0,0,0,0,0,0,0,0,0,0,265203
1,1,1,1,961,-1256,1360,81,-65,7,-15,78,176,0,0,0,0,0,0,0,0,0,0,0,0,0,0,0,0,0,0,0,0,0,0,265213
1,1,1,1,940,-1284,1382,-32,-43,45,-14,76,174,0,0,0,0,0,0,0,0,0,0,0,0,0,0,0,0,0,0,0,0,0,0,265223
1,1,1,1,941,-1242,1380,-102,-31,63,-14,78,174,0,0,0,0,0,0,0,0,0,0,0,0,0,0,0,0,0,0,0,0,0,0,265233
1,1,1,1,935,-1173,1353,-139,-17,71,-15,78,173,0,0,0,0,0,0,0,0,0,0,0,0,0,0,0,0,0,0,0,0,0,0,265243
1,1,1,1,931,-1113,1320,-132,-5,65,-17,79,175,0,0,0,0,0,0,0,0,0,0,0,0,0,0,0,0,0,0,0,0,0,0,265253
1,1,1,1,937,-1071,1290,-87,8,51,-16,78,175,0,0,0,0,0,0,0,0,0,0,0,0,0,0,0,0,0,0,0,0,0,0,265263
1,1,1,1,967,-1054,1284,-45,12,40,-14,78,175,0,0,0,0,0,0,0,0,0,0,0,0,0,0,0,0,0,0,0,0,0,0,265273
1,1,1,1,971,-1073,1297,-30,19,42,-14,79,176,0,0,0,0,0,0,0,0,0,0,0,0,0,0,0,0,0,0,0,0,0,0,265283
1,1,1,1,955,-1115,1280,-33,30,47,-15,78,175,0,0,0,0,0,0,0,0,0,0,0,0,0,0,0,0,0,0,0,0,0,0,265293
1,1,1,1,945,-1135,1271,-41,31,51,-12,79,171,0,0,0,0,0,0,0,0,0,0,0,0,0,0,0,0,0,0,0,0,0,0,265303
1,1,1,1,964,-1128,1283,-34,38,63,-11,78,174,0,0,0,0,0,0,0,0,0,0,0,0,0,0,0,0,0,0,0,0,0,0,265313
1,1,1,1,973,-1146,1279,-28,31,71,-12,79,169,0,0,0,0,0,0,0,0,0,0,0,0,0,0,0,0,0,0,0,0,0,0,265323
1,1,1,1,1008,-1142,1304,-26,18,93,-12,79,167,0,0,0,0,0,0,0,0,0,0,0,0,0,0,0,0,0,0,0,0,0,0,265333
1,1,1,1,1034,-1150,1314,-40,-4,122,-13,80,168,0,0,0,0,0,0,0,0,0,0,0,0,0,0,0,0,0,0,0,0,0,0,265343
1,1,1,1,1018,-1170,1321,-65,-21,136,-15,79,170,0,0,0,0,0,0,0,0,0,0,0,0,0,0,0,0,0,0,0,0,0,0,265353
1,1,1,1,962,-1216,1300,-92,-17,126,-16,79,170,0,0,0,0,0,0,0,0,0,0,0,0,0,0,0,0,0,0,0,0,0,0,265363
1,1,1,1,948,-1228,1289,-117,-2,111,-13,78,169,0,0,0,0,0,0,0,0,0,0,0,0,0,0,0,0,0,0,0,0,0,0,265373
1,1,1,1,991,-1181,1303,-116,6,93,-15,79,171,0,0,0,0,0,0,0,0,0,0,0,0,0,0,0,0,0,0,0,0,0,0,265383
1,1,1,1,1048,-1091,1289,-104,9,75,-15,78,170,0,0,0,0,0,0,0,0,0,0,0,0,0,0,0,0,0,0,0,0,0,0,265393
1,1,1,1,1101,-1032,1285,-111,-6,70,-16,78,172,0,0,0,0,0,0,0,0,0,0,0,0,0,0,0,0,0,0,0,0,0,0,265403
1,1,1,1,1080,-1080,1247,-71,-26,67,-16,78,173,0,0,0,0,0,0,0,0,0,0,0,0,0,0,0,0,0,0,0,0,0,0,265413
1,1,1,1,1061,-1141,1216,-72,-19,61,-19,81,172,0,0,0,0,0,0,0,0,0,0,0,0,0,0,0,0,0,0,0,0,0,0,265423
1,1,1,1,1056,-1177,1223,-110,-21,49,-18,78,173,0,0,0,0,0,0,0,0,0,0,0,0,0,0,0,0,0,0,0,0,0,0,265433
1,1,1,1,1056,-1176,1222,-123,-21,41,-17,77,172,0,0,0,0,0,0,0,0,0,0,0,0,0,0,0,0,0,0,0,0,0,0,265443
1,1,1,1,1043,-1174,1214,-114,-24,27,-20,79,174,0,0,0,0,0,0,0,0,0,0,0,0,0,0,0,0,0,0,0,0,0,0,265453
1,1,1,1,1003,-1154,1214,-60,-24,3,-19,78,173,0,0,0,0,0,0,0,0,0,0,0,0,0,0,0,0,0,0,0,0,0,0,265473
1,1,1,1,999,-1156,1248,-51,-18,4,-19,79,173,0,0,0,0,0,0,0,0,0,0,0,0,0,0,0,0,0,0,0,0,0,0,265483
1,1,1,1,993,-1179,1270,-29,-32,16,-19,79,172,0,0,0,0,0,0,0,0,0,0,0,0,0,0,0,0,0,0,0,0,0,0,265493
1,1,1,1,966,-1213,1254,-20,-29,26,-18,78,174,0,0,0,0,0,0,0,0,0,0,0,0,0,0,0,0,0,0,0,0,0,0,265503
1,1,1,1,963,-1220,1269,-39,-15,29,-18,78,170,0,0,0,0,0,0,0,0,0,0,0,0,0,0,0,0,0,0,0,0,0,0,265513
1,1,1,1,944,-1216,1286,-63,-4,28,-16,78,170,0,0,0,0,0,0,0,0,0,0,0,0,0,0,0,0,0,0,0,0,0,0,265523
1,1,1,1,937,-1209,1299,-81,-10,19,-15,77,170,0,0,0,0,0,0,0,0,0,0,0,0,0,0,0,0,0,0,0,0,0,0,265533
1,1,1,1,943,-1191,1308,-91,5,23,-16,78,173,0,0,0,0,0,0,0,0,0,0,0,0,0,0,0,0,0,0,0,0,0,0,265543
1,1,1,1,961,-1182,1313,-127,27,37,-17,77,174,0,0,0,0,0,0,0,0,0,0,0,0,0,0,0,0,0,0,0,0,0,0,265553
1,1,1,1,965,-1177,1327,-177,35,54,-18,76,173,0,0,0,0,0,0,0,0,0,0,0,0,0,0,0,0,0,0,0,0,0,0,265563
1,1,1,1,958,-1179,1292,-200,60,74,-18,76,173,0,0,0,0,0,0,0,0,0,0,0,0,0,0,0,0,0,0,0,0,0,0,265573
1,1,1,1,960,-1178,1250,-173,78,63,-18,78,171,0,0,0,0,0,0,0,0,0,0,0,0,0,0,0,0,0,0,0,0,0,0,265583
1,1,1,1,947,-1180,1266,-163,66,28,-17,77,173,0,0,0,0,0,0,0,0,0,0,0,0,0,0,0,0,0,0,0,0,0,0,265593
1,1,1,1,966,-1192,1255,-138,58,4,-17,77,171,0,0,0,0,0,0,0,0,0,0,0,0,0,0,0,0,0,0,0,0,0,0,265603
1,1,1,1,973,-1213,1262,-89,50,-16,-14,77,175,0,0,0,0,0,0,0,0,0,0,0,0,0,0,0,0,0,0,0,0,0,0,265613
1,1,1,1,980,-1228,1259,-56,58,-13,-15,75,175,0,0,0,0,0,0,0,0,0,0,0,0,0,0,0,0,0,0,0,0,0,0,265623
1,1,1,1,968,-1227,1279,-69,43,-9,-17,76,174,0,0,0,0,0,0,0,0,0,0,0,0,0,0,0,0,0,0,0,0,0,0,265633
1,1,1,1,979,-1208,1249,-29,33,-19,-17,77,175,0,0,0,0,0,0,0,0,0,0,0,0,0,0,0,0,0,0,0,0,0,0,265643
1,1,1,1,986,-1202,1241,-4,35,-18,-19,77,176,0,0,0,0,0,0,0,0,0,0,0,0,0,0,0,0,0,0,0,0,0,0,265653
1,1,1,1,1000,-1215,1255,1,25,-21,-19,78,176,0,0,0,0,0,0,0,0,0,0,0,0,0,0,0,0,0,0,0,0,0,0,265663
1,1,1,1,1005,-1223,1265,-21,19,-20,-15,77,174,0,0,0,0,0,0,0,0,0,0,0,0,0,0,0,0,0,0,0,0,0,0,265673
1,1,1,1,997,-1230,1276,-55,14,-10,-17,77,172,0,0,0,0,0,0,0,0,0,0,0,0,0,0,0,0,0,0,0,0,0,0,265683
1,1,1,1,981,-1224,1274,-56,8,-17,-17,76,171,0,0,0,0,0,0,0,0,0,0,0,0,0,0,0,0,0,0,0,0,0,0,265693
1,1,1,1,965,-1212,1274,-53,8,-24,-16,77,175,0,0,0,0,0,0,0,0,0,0,0,0,0,0,0,0,0,0,0,0,0,0,265703
1,1,1,1,966,-1191,1275,-48,6,-15,-18,77,176,0,0,0,0,0,0,0,0,0,0,0,0,0,0,0,0,0,0,0,0,0,0,265713
1,1,1,1,968,-1175,1272,-44,9,-7,-20,77,170,0,0,0,0,0,0,0,0,0,0,0,0,0,0,0,0,0,0,0,0,0,0,265723
1,1,1,1,969,-1186,1291,-61,6,8,-18,76,170,0,0,0,0,0,0,0,0,0,0,0,0,0,0,0,0,0,0,0,0,0,0,265733
1,1,1,1,973,-1204,1301,-54,5,6,-20,77,176,0,0,0,0,0,0,0,0,0,0,0,0,0,0,0,0,0,0,0,0,0,0,265743
1,1,1,1,939,-1238,1295,-88,5,12,-19,77,174,0,0,0,0,0,0,0,0,0,0,0,0,0,0,0,0,0,0,0,0,0,0,265753
1,1,1,1,931,-1246,1277,-117,22,23,-17,74,173,0,0,0,0,0,0,0,0,0,0,0,0,0,0,0,0,0,0,0,0,0,0,265763
1,1,1,1,936,-1227,1274,-120,22,24,-20,78,171,0,0,0,0,0,0,0,0,0,0,0,0,0,0,0,0,0,0,0,0,0,0,265773
1,1,1,1,952,-1203,1260,-119,23,34,-19,77,172,0,0,0,0,0,0,0,0,0,0,0,0,0,0,0,0,0,0,0,0,0,0,265783
1,1,1,1,946,-1200,1242,-92,41,42,-16,76,172,0,0,0,0,0,0,0,0,0,0,0,0,0,0,0,0,0,0,0,0,0,0,265793
1,1,1,1,946,-1200,1242,-75,47,54,-17,76,170,0,0,0,0,0,0,0,0,0,0,0,0,0,0,0,0,0,0,0,0,0,0,265803
1,1,1,1,951,-1190,1274,-89,41,66,-17,77,174,0,0,0,0,0,0,0,0,0,0,0,0,0,0,0,0,0,0,0,0,0,0,265813
1,1,1,1,946,-1233,1259,-56,47,72,-16,77,173,0,0,0,0,0,0,0,0,0,0,0,0,0,0,0,0,0,0,0,0,0,0,265823
1,1,1,1,932,-1246,1244,-47,50,71,-14,75,174,0,0,0,0,0,0,0,0,0,0,0,0,0,0,0,0,0,0,0,0,0,0,265833
1,1,1,1,961,-1229,1249,-3,53,58,-17,77,173,0,0,0,0,0,0,0,0,0,0,0,0,0,0,0,0,0,0,0,0,0,0,265843
1,1,1,1,941,-1221,1256,31,47,43,-18,77,173,0,0,0,0,0,0,0,0,0,0,0,0,0,0,0,0,0,0,0,0,0,0,265853
1,1,1,1,949,-1216,1231,31,52,37,-17,76,172,0,0,0,0,0,0,0,0,0,0,0,0,0,0,0,0,0,0,0,0,0,0,265863
1,1,1,1,976,-1228,1270,25,46,43,-19,77,175,0,0,0,0,0,0,0,0,0,0,0,0,0,0,0,0,0,0,0,0,0,0,265873
1,1,1,1,969,-1263,1267,-7,40,50,-19,77,173,0,0,0,0,0,0,0,0,0,0,0,0,0,0,0,0,0,0,0,0,0,0,265883
1,1,1,1,965,-1254,1259,-21,48,50,-19,76,175,0,0,0,0,0,0,0,0,0,0,0,0,0,0,0,0,0,0,0,0,0,0,265893
1,1,1,1,978,-1225,1250,13,48,44,-19,78,174,0,0,0,0,0,0,0,0,0,0,0,0,0,0,0,0,0,0,0,0,0,0,265903
1,1,1,1,962,-1203,1240,84,47,28,-17,76,175,0,0,0,0,0,0,0,0,0,0,0,0,0,0,0,0,0,0,0,0,0,0,265913
1,1,1,1,939,-1220,1251,48,23,5,-19,77,175,0,0,0,0,0,0,0,0,0,0,0,0,0,0,0,0,0,0,0,0,0,0,265923
1,1,1,1,950,-1249,1234,71,29,-6,-18,77,175,0,0,0,0,0,0,0,0,0,0,0,0,0,0,0,0,0,0,0,0,0,0,265933
1,1,1,1,952,-1248,1257,74,23,-13,-19,78,173,0,0,0,0,0,0,0,0,0,0,0,0,0,0,0,0,0,0,0,0,0,0,265943
1,1,1,1,966,-1236,1274,61,10,-20,-19,77,176,0,0,0,0,0,0,0,0,0,0,0,0,0,0,0,0,0,0,0,0,0,0,265953
1,1,1,1,958,-1227,1289,63,9,-28,-20,78,175,0,0,0,0,0,0,0,0,0,0,0,0,0,0,0,0,0,0,0,0,0,0,265963
1,1,1,1,961,-1202,1293,61,9,-27,-17,78,175,0,0,0,0,0,0,0,0,0,0,0,0,0,0,0,0,0,0,0,0,0,0,265973
1,1,1,1,964,-1199,1306,52,14,-15,-16,78,174,0,0,0,0,0,0,0,0,0,0,0,0,0,0,0,0,0,0,0,0,0,0,265983
1,1,1,1,960,-1228,1321,34,11,-11,-15,78,173,0,0,0,0,0,0,0,0,0,0,0,0,0,0,0,0,0,0,0,0,0,0,265993
1,1,1,1,931,-1236,1300,22,8,-21,-16,78,176,0,0,0,0,0,0,0,0,0,0,0,0,0,0,0,0,0,0,0,0,0,0,266003
1,1,1,1,930,-1213,1298,16,16,-18,-16,77,176,0,0,0,0,0,0,0,0,0,0,0,0,0,0,0,0,0,0,0,0,0,0,266013
1,1,1,1,944,-1184,1305,17,19,-17,-19,78,175,0,0,0,0,0,0,0,0,0,0,0,0,0,0,0,0,0,0,0,0,0,0,266023
1,1,1,1,936,-1192,1293,35,16,-35,-17,77,175,0,0,0,0,0,0,0,0,0,0,0,0,0,0,0,0,0,0,0,0,0,0,266033
1,1,1,1,933,-1199,1267,61,29,-57,-16,79,177,0,0,0,0,0,0,0,0,0,0,0,0,0,0,0,0,0,0,0,0,0,0,266053
1,1,1,1,939,-1206,1276,69,34,-60,-15,77,175,0,0,0,0,0,0,0,0,0,0,0,0,0,0,0,0,0,0,0,0,0,0,266063
1,1,1,1,943,-1209,1292,66,27,-64,-17,79,177,0,0,0,0,0,0,0,0,0,0,0,0,0,0,0,0,0,0,0,0,0,0,266073
1,1,1,1,935,-1215,1274,63,26,-64,-19,79,176,0,0,0,0,0,0,0,0,0,0,0,0,0,0,0,0,0,0,0,0,0,0,266083
1,1,1,1,927,-1222,1276,53,37,-58,-19,80,176,0,0,0,0,0,0,0,0,0,0,0,0,0,0,0,0,0,0,0,0,0,0,266093
1,1,1,1,934,-1217,1291,16,24,-48,-17,80,175,0,0,0,0,0,0,0,0,0,0,0,0,0,0,0,0,0,0,0,0,0,0,266103
1,1,1,1,942,-1230,1304,-5,30,-33,-17,78,174,0,0,0,0,0,0,0,0,0,0,0,0,0,0,0,0,0,0,0,0,0,0,266113
1,1,1,1,928,-1233,1297,-12,38,-23,-15,76,176,0,0,0,0,0,0,0,0,0,0,0,0,0,0,0,0,0,0,0,0,0,0,266123
1,1,1,1,912,-1226,1285,-5,46,-25,-13,78,173,0,0,0,0,0,0,0,0,0,0,0,0,0,0,0,0,0,0,0,0,0,0,266133
1,1,1,1,912,-1209,1280,14,50,-30,-15,77,175,0,0,0,0,0,0,0,0,0,0,0,0,0,0,0,0,0,0,0,0,0,0,266143
1,1,1,1,922,-1187,1260,57,46,-32,-15,77,175,0,0,0,0,0,0,0,0,0,0,0,0,0,0,0,0,0,0,0,0,0,0,266153
1,1,1,1,921,-1179,1248,118,38,-33,-17,77,175,0,0,0,0,0,0,0,0,0,0,0,0,0,0,0,0,0,0,0,0,0,0,266163
1,1,1,1,935,-1187,1252,159,44,-28,-15,78,174,0,0,0,0,0,0,0,0,0,0,0,0,0,0,0,0,0,0,0,0,0,0,266173
1,1,1,1,939,-1201,1279,163,35,-21,-16,78,174,0,0,0,0,0,0,0,0,0,0,0,0,0,0,0,0,0,0,0,0,0,0,266183
1,1,1,1,953,-1200,1309,135,24,-15,-13,78,170,0,0,0,0,0,0,0,0,0,0,0,0,0,0,0,0,0,0,0,0,0,0,266193
1,1,1,1,974,-1222,1335,99,15,-7,-14,78,173,0,0,0,0,0,0,0,0,0,0,0,0,0,0,0,0,0,0,0,0,0,0,266203
1,1,1,1,961,-1225,1321,73,15,-1,-15,79,174,0,0,0,0,0,0,0,0,0,0,0,0,0,0,0,0,0,0,0,0,0,0,266213
1,1,1,1,945,-1197,1292,70,19,3,-15,78,172,0,0,0,0,0,0,0,0,0,0,0,0,0,0,0,0,0,0,0,0,0,0,266223
1,1,1,1,911,-1166,1270,98,21,-9,-15,78,174,0,0,0,0,0,0,0,0,0,0,0,0,0,0,0,0,0,0,0,0,0,0,266233
1,1,1,1,905,-1130,1256,159,18,-21,-17,79,174,0,0,0,0,0,0,0,0,0,0,0,0,0,0,0,0,0,0,0,0,0,0,266243
1,1,1,1,959,-1105,1267,437,33,-37,-16,79,172,0,0,0,0,0,0,0,0,0,0,0,0,0,0,0,0,0,0,0,0,0,0,266263
1,1,1,1,895,-1134,1346,328,8,-32,-16,79,176,0,0,0,0,0,0,0,0,0,0,0,0,0,0,0,0,0,0,0,0,0,0,266273
1,1,1,1,929,-1213,1317,219,34,-15,-16,78,174,0,0,0,0,0,0,0,0,0,0,0,0,0,0,0,0,0,0,0,0,0,0,266283
1,1,1,1,951,-1230,1355,161,45,-4,-16,78,173,0,0,0,0,0,0,0,0,0,0,0,0,0,0,0,0,0,0,0,0,0,0,266293
1,1,1,1,958,-1221,1349,72,45,11,-15,78,175,0,0,0,0,0,0,0,0,0,0,0,0,0,0,0,0,0,0,0,0,0,0,266303
1,1,1,1,948,-1201,1325,17,43,23,-17,78,175,0,0,0,0,0,0,0,0,0,0,0,0,0,0,0,0,0,0,0,0,0,0,266313
1,1,1,1,904,-1157,1282,25,45,24,-16,78,173,0,0,0,0,0,0,0,0,0,0,0,0,0,0,0,0,0,0,0,0,0,0,266323
1,1,1,1,897,-1122,1259,86,47,12,-16,79,171,0,0,0,0,0,0,0,0,0,0,0,0,0,0,0,0,0,0,0,0,0,0,266333
1,1,1,1,953,-1117,1280,133,33,-1,-16,79,171,0,0,0,0,0,0,0,0,0,0,0,0,0,0,0,0,0,0,0,0,0,0,266343
1,1,1,1,942,-1156,1307,141,27,-12,-16,81,170,0,0,0,0,0,0,0,0,0,0,0,0,0,0,0,0,0,0,0,0,0,0,266353
1,1,1,1,917,-1195,1338,105,28,-7,-19,83,171,0,0,0,0,0,0,0,0,0,0,0,0,0,0,0,0,0,0,0,0,0,0,266363
1,1,1,1,915,-1227,1362,33,32,5,-18,80,168,0,0,0,0,0,0,0,0,0,0,0,0,0,0,0,0,0,0,0,0,0,0,266373
1,1,1,1,899,-1224,1364,-29,32,23,-15,76,168,0,0,0,0,0,0,0,0,0,0,0,0,0,0,0,0,0,0,0,0,0,0,266383
1,1,1,1,890,-1186,1348,-62,37,34,-15,79,166,0,0,0,0,0,0,0,0,0,0,0,0,0,0,0,0,0,0,0,0,0,0,266393
1,1,1,1,897,-1143,1334,-55,36,47,-13,78,166,0,0,0,0,0,0,0,0,0,0,0,0,0,0,0,0,0,0,0,0,0,0,266403
1,1,1,1,895,-1127,1324,-19,20,45,-12,78,166,0,0,0,0,0,0,0,0,0,0,0,0,0,0,0,0,0,0,0,0,0,0,266413
1,1,1,1,890,-1117,1327,6,26,44,-15,79,166,0,0,0,0,0,0,0,0,0,0,0,0,0,0,0,0,0,0,0,0,0,0,266423
1,1,1,1,898,-1132,1343,16,31,45,-15,78,169,0,0,0,0,0,0,0,0,0,0,0,0,0,0,0,0,0,0,0,0,0,0,266433
1,1,1,1,912,-1153,1347,17,27,43,-17,79,166,0,0,0,0,0,0,0,0,0,0,0,0,0,0,0,0,0,0,0,0,0,0,266443
1,1,1,1,913,-1150,1352,-8,35,47,-16,79,166,0,0,0,0,0,0,0,0,0,0,0,0,0,0,0,0,0,0,0,0,0,0,266453
1,1,1,1,917,-1147,1347,-45,40,56,-17,78,166,0,0,0,0,0,0,0,0,0,0,0,0,0,0,0,0,0,0,0,0,0,0,266463
1,1,1,1,920,-1148,1327,-59,31,53,-16,78,166,0,0,0,0,0,0,0,0,0,0,0,0,0,0,0,0,0,0,0,0,0,0,266473
1,1,1,1,912,-1142,1322,-55,29,48,-15,78,168,0,0,0,0,0,0,0,0,0,0,0,0,0,0,0,0,0,0,0,0,0,0,266483
1,1,1,1,921,-1156,1322,-38,28,48,-15,78,166,0,0,0,0,0,0,0,0,0,0,0,0,0,0,0,0,0,0,0,0,0,0,266493
1,1,1,1,914,-1159,1320,-29,19,41,-16,78,166,0,0,0,0,0,0,0,0,0,0,0,0,0,0,0,0,0,0,0,0,0,0,266503
1,1,1,1,911,-1162,1324,-37,17,42,-15,78,164,0,0,0,0,0,0,0,0,0,0,0,0,0,0,0,0,0,0,0,0,0,0,266513
1,1,1,1,925,-1144,1340,-51,22,38,-16,79,162,0,0,0,0,0,0,0,0,0,0,0,0,0,0,0,0,0,0,0,0,0,0,266523
1,1,1,1,953,-1130,1344,-71,16,33,-17,79,165,0,0,0,0,0,0,0,0,0,0,0,0,0,0,0,0,0,0,0,0,0,0,266533
1,1,1,1,986,-1126,1350,-86,12,29,-17,79,165,0,0,0,0,0,0,0,0,0,0,0,0,0,0,0,0,0,0,0,0,0,0,266543
1,1,1,1,987,-1152,1322,-102,7,25,-17,78,167,0,0,0,0,0,0,0,0,0,0,0,0,0,0,0,0,0,0,0,0,0,0,266553
1,1,1,1,958,-1170,1284,-102,4,21,-17,79,165,0,0,0,0,0,0,0,0,0,0,0,0,0,0,0,0,0,0,0,0,0,0,266563
1,1,1,1,949,-1164,1269,-75,-2,20,-16,78,164,0,0,0,0,0,0,0,0,0,0,0,0,0,0,0,0,0,0,0,0,0,0,266573
1,1,1,1,954,-1157,1264,-29,-23,20,-18,79,165,0,0,0,0,0,0,0,0,0,0,0,0,0,0,0,0,0,0,0,0,0,0,266583
1,1,1,1,949,-1158,1266,8,-47,18,-16,78,167,0,0,0,0,0,0,0,0,0,0,0,0,0,0,0,0,0,0,0,0,0,0,266593
1,1,1,1,950,-1184,1291,26,-64,20,-15,78,166,0,0,0,0,0,0,0,0,0,0,0,0,0,0,0,0,0,0,0,0,0,0,266603
1,1,1,1,931,-1214,1308,27,-72,21,-13,78,166,0,0,0,0,0,0,0,0,0,0,0,0,0,0,0,0,0,0,0,0,0,0,266613
1,1,1,1,931,-1223,1327,-3,-75,27,-15,75,165,0,0,0,0,0,0,0,0,0,0,0,0,0,0,0,0,0,0,0,0,0,0,266623
1,1,1,1,931,-1215,1333,-42,-78,34,-16,79,165,0,0,0,0,0,0,0,0,0,0,0,0,0,0,0,0,0,0,0,0,0,0,266633
1,1,1,1,923,-1190,1316,-54,-79,40,-15,78,164,0,0,0,0,0,0,0,0,0,0,0,0,0,0,0,0,0,0,0,0,0,0,266643
1,1,1,1,911,-1179,1304,-54,-77,39,-16,79,164,0,0,0,0,0,0,0,0,0,0,0,0,0,0,0,0,0,0,0,0,0,0,266653
1,1,1,1,897,-1171,1298,-30,-77,28,-15,76,161,0,0,0,0,0,0,0,0,0,0,0,0,0,0,0,0,0,0,0,0,0,0,266663
1,1,1,1,908,-1168,1300,-18,-73,15,-17,80,164,0,0,0,0,0,0,0,0,0,0,0,0,0,0,0,0,0,0,0,0,0,0,266673
1,1,1,1,916,-1186,1311,-5,-68,8,-17,79,163,0,0,0,0,0,0,0,0,0,0,0,0,0,0,0,0,0,0,0,0,0,0,266683
1,1,1,1,909,-1186,1307,-10,-78,2,-16,78,164,0,0,0,0,0,0,0,0,0,0,0,0,0,0,0,0,0,0,0,0,0,0,266693
1,1,1,1,909,-1171,1316,-20,-65,6,-14,79,165,0,0,0,0,0,0,0,0,0,0,0,0,0,0,0,0,0,0,0,0,0,0,266703
1,1,1,1,922,-1159,1317,-33,-61,11,-12,77,164,0,0,0,0,0,0,0,0,0,0,0,0,0,0,0,0,0,0,0,0,0,0,266713
1,1,1,1,915,-1154,1318,-42,-55,14,-13,78,163,0,0,0,0,0,0,0,0,0,0,0,0,0,0,0,0,0,0,0,0,0,0,266723
1,1,1,1,914,-1147,1315,-43,-45,14,-13,77,161,0,0,0,0,0,0,0,0,0,0,0,0,0,0,0,0,0,0,0,0,0,0,266733
1,1,1,1,915,-1143,1310,-40,-42,14,-13,76,163,0,0,0,0,0,0,0,0,0,0,0,0,0,0,0,0,0,0,0,0,0,0,266743
1,1,1,1,915,-1151,1309,-29,-30,10,-14,77,165,0,0,0,0,0,0,0,0,0,0,0,0,0,0,0,0,0,0,0,0,0,0,266753
1,1,1,1,917,-1165,1306,-27,-17,10,-14,77,165,0,0,0,0,0,0,0,0,0,0,0,0,0,0,0,0,0,0,0,0,0,0,266763
1,1,1,1,921,-1169,1318,-31,-24,10,-14,78,164,0,0,0,0,0,0,0,0,0,0,0,0,0,0,0,0,0,0,0,0,0,0,266773
1,1,1,1,914,-1180,1303,-34,-12,19,-16,77,162,0,0,0,0,0,0,0,0,0,0,0,0,0,0,0,0,0,0,0,0,0,0,266783
1,1,1,1,912,-1179,1287,-37,1,29,-15,76,162,0,0,0,0,0,0,0,0,0,0,0,0,0,0,0,0,0,0,0,0,0,0,266793
1,1,1,1,921,-1173,1282,-44,11,41,-14,78,164,0,0,0,0,0,0,0,0,0,0,0,0,0,0,0,0,0,0,0,0,0,0,266803
1,1,1,1,918,-1175,1280,-59,17,58,-14,77,161,0,0,0,0,0,0,0,0,0,0,0,0,0,0,0,0,0,0,0,0,0,0,266813
1,1,1,1,913,-1167,1273,-60,27,68,-14,77,163,0,0,0,0,0,0,0,0,0,0,0,0,0,0,0,0,0,0,0,0,0,0,266823
1,1,1,1,906,-1162,1274,-14,34,53,-14,78,161,0,0,0,0,0,0,0,0,0,0,0,0,0,0,0,0,0,0,0,0,0,0,266833
1,1,1,1,908,-1168,1290,35,32,22,-13,77,159,0,0,0,0,0,0,0,0,0,0,0,0,0,0,0,0,0,0,0,0,0,0,266843
1,1,1,1,909,-1205,1316,33,20,8,-12,76,158,0,0,0,0,0,0,0,0,0,0,0,0,0,0,0,0,0,0,0,0,0,0,266853
1,1,1,1,921,-1246,1349,1,9,7,-15,77,159,0,0,0,0,0,0,0,0,0,0,0,0,0,0,0,0,0,0,0,0,0,0,266863
1,1,1,1,924,-1262,1351,-57,13,13,-17,77,158,0,0,0,0,0,0,0,0,0,0,0,0,0,0,0,0,0,0,0,0,0,0,266873
1,1,1,1,916,-1240,1331,-97,14,20,-15,77,161,0,0,0,0,0,0,0,0,0,0,0,0,0,0,0,0,0,0,0,0,0,0,266883
1,1,1,1,907,-1199,1297,-107,22,19,-13,77,163,0,0,0,0,0,0,0,0,0,0,0,0,0,0,0,0,0,0,0,0,0,0,266893
1,1,1,1,913,-1156,1272,-83,18,12,-14,77,161,0,0,0,0,0,0,0,0,0,0,0,0,0,0,0,0,0,0,0,0,0,0,266903
1,1,1,1,906,-1143,1256,-10,14,2,-15,77,162,0,0,0,0,0,0,0,0,0,0,0,0,0,0,0,0,0,0,0,0,0,0,266913
1,1,1,1,899,-1171,1258,66,9,-14,-14,77,160,0,0,0,0,0,0,0,0,0,0,0,0,0,0,0,0,0,0,0,0,0,0,266923
1,1,1,1,898,-1196,1295,89,5,-26,-15,79,160,0,0,0,0,0,0,0,0,0,0,0,0,0,0,0,0,0,0,0,0,0,0,266933
1,1,1,1,914,-1215,1341,63,-1,-25,-12,74,158,0,0,0,0,0,0,0,0,0,0,0,0,0,0,0,0,0,0,0,0,0,0,266943
1,1,1,1,919,-1234,1367,8,6,-14,-13,77,159,0,0,0,0,0,0,0,0,0,0,0,0,0,0,0,0,0,0,0,0,0,0,266953
1,1,1,1,909,-1225,1365,-49,7,-6,-16,78,162,0,0,0,0,0,0,0,0,0,0,0,0,0,0,0,0,0,0,0,0,0,0,266963
1,1,1,1,912,-1202,1344,-83,7,0,-13,76,161,0,0,0,0,0,0,0,0,0,0,0,0,0,0,0,0,0,0,0,0,0,0,266973
1,1,1,1,912,-1202,1344,-78,24,3,-16,77,159,0,0,0,0,0,0,0,0,0,0,0,0,0,0,0,0,0,0,0,0,0,0,266983
1,1,1,1,923,-1152,1313,-70,17,-5,-16,77,161,0,0,0,0,0,0,0,0,0,0,0,0,0,0,0,0,0,0,0,0,0,0,266993
1,1,1,1,931,-1156,1308,-44,17,-13,-16,77,163,0,0,0,0,0,0,0,0,0,0,0,0,0,0,0,0,0,0,0,0,0,0,267003
1,1,1,1,936,-1156,1298,-31,17,-13,-15,78,163,0,0,0,0,0,0,0,0,0,0,0,0,0,0,0,0,0,0,0,0,0,0,267013
1,1,1,1,947,-1169,1300,-35,8,-4,-16,78,164,0,0,0,0,0,0,0,0,0,0,0,0,0,0,0,0,0,0,0,0,0,0,267023
1,1,1,1,946,-1204,1301,-44,-3,4,-15,78,166,0,0,0,0,0,0,0,0,0,0,0,0,0,0,0,0,0,0,0,0,0,0,267033
1,1,1,1,927,-1213,1289,-51,-4,11,-18,78,165,0,0,0,0,0,0,0,0,0,0,0,0,0,0,0,0,0,0,0,0,0,0,267043
1,1,1,1,922,-1206,1284,-44,-7,9,-15,77,165,0,0,0,0,0,0,0,0,0,0,0,0,0,0,0,0,0,0,0,0,0,0,267053
1,1,1,1,912,-1206,1279,-33,-5,2,-16,77,165,0,0,0,0,0,0,0,0,0,0,0,0,0,0,0,0,0,0,0,0,0,0,267063
1,1,1,1,918,-1190,1290,-14,-7,-2,-16,77,164,0,0,0,0,0,0,0,0,0,0,0,0,0,0,0,0,0,0,0,0,0,0,267073
1,1,1,1,912,-1172,1289,22,-9,-6,-16,77,165,0,0,0,0,0,0,0,0,0,0,0,0,0,0,0,0,0,0,0,0,0,0,267083
1,1,1,1,920,-1170,1291,43,-8,0,-15,77,164,0,0,0,0,0,0,0,0,0,0,0,0,0,0,0,0,0,0,0,0,0,0,267093
1,1,1,1,926,-1180,1310,49,-17,9,-14,76,162,0,0,0,0,0,0,0,0,0,0,0,0,0,0,0,0,0,0,0,0,0,0,267103
1,1,1,1,918,-1199,1305,30,-21,17,-15,77,161,0,0,0,0,0,0,0,0,0,0,0,0,0,0,0,0,0,0,0,0,0,0,267113
1,1,1,1,916,-1207,1313,18,-22,25,-14,77,161,0,0,0,0,0,0,0,0,0,0,0,0,0,0,0,0,0,0,0,0,0,0,267123
1,1,1,1,919,-1199,1310,6,-18,26,-12,76,162,0,0,0,0,0,0,0,0,0,0,0,0,0,0,0,0,0,0,0,0,0,0,267133
1,1,1,1,923,-1178,1318,3,-5,20,-14,77,161,0,0,0,0,0,0,0,0,0,0,0,0,0,0,0,0,0,0,0,0,0,0,267143
1,1,1,1,930,-1143,1328,-4,-3,13,-13,76,161,0,0,0,0,0,0,0,0,0,0,0,0,0,0,0,0,0,0,0,0,0,0,267153
1,1,1,1,922,-1157,1323,-3,8,1,-16,77,161,0,0,0,0,0,0,0,0,0,0,0,0,0,0,0,0,0,0,0,0,0,0,267163
1,1,1,1,910,-1179,1323,-26,5,-8,-15,77,163,0,0,0,0,0,0,0,0,0,0,0,0,0,0,0,0,0,0,0,0,0,0,267173
1,1,1,1,918,-1202,1325,-43,10,-4,-14,77,163,0,0,0,0,0,0,0,0,0,0,0,0,0,0,0,0,0,0,0,0,0,0,267183
1,1,1,1,897,-1209,1305,-44,7,0,-15,77,164,0,0,0,0,0,0,0,0,0,0,0,0,0,0,0,0,0,0,0,0,0,0,267193
1,1,1,1,892,-1203,1285,-45,0,11,-14,76,163,0,0,0,0,0,0,0,0,0,0,0,0,0,0,0,0,0,0,0,0,0,0,267203
1,1,1,1,884,-1208,1272,-19,0,18,-13,76,166,0,0,0,0,0,0,0,0,0,0,0,0,0,0,0,0,0,0,0,0,0,0,267213
1,1,1,1,886,-1207,1269,20,10,20,-15,76,163,0,0,0,0,0,0,0,0,0,0,0,0,0,0,0,0,0,0,0,0,0,0,267223
1,1,1,1,890,-1189,1281,47,5,14,-13,76,162,0,0,0,0,0,0,0,0,0,0,0,0,0,0,0,0,0,0,0,0,0,0,267233
1,1,1,1,902,-1187,1305,61,4,10,-14,76,163,0,0,0,0,0,0,0,0,0,0,0,0,0,0,0,0,0,0,0,0,0,0,267243
1,1,1,1,929,-1198,1338,31,-3,16,-15,76,161,0,0,0,0,0,0,0,0,0,0,0,0,0,0,0,0,0,0,0,0,0,0,267253
1,1,1,1,925,-1213,1352,-13,2,23,-18,77,160,0,0,0,0,0,0,0,0,0,0,0,0,0,0,0,0,0,0,0,0,0,0,267263
1,1,1,1,917,-1206,1352,-56,7,23,-16,75,161,0,0,0,0,0,0,0,0,0,0,0,0,0,0,0,0,0,0,0,0,0,0,267273
1,1,1,1,937,-1183,1344,-84,3,25,-17,78,163,0,0,0,0,0,0,0,0,0,0,0,0,0,0,0,0,0,0,0,0,0,0,267283
1,1,1,1,919,-1199,1319,-85,-4,13,-17,76,166,0,0,0,0,0,0,0,0,0,0,0,0,0,0,0,0,0,0,0,0,0,0,267293
1,1,1,1,908,-1205,1290,-55,1,-1,-17,76,165,0,0,0,0,0,0,0,0,0,0,0,0,0,0,0,0,0,0,0,0,0,0,267303
1,1,1,1,918,-1188,1279,-27,-5,-2,-17,78,163,0,0,0,0,0,0,0,0,0,0,0,0,0,0,0,0,0,0,0,0,0,0,267313
1,1,1,1,934,-1178,1286,29,-7,2,-13,75,164,0,0,0,0,0,0,0,0,0,0,0,0,0,0,0,0,0,0,0,0,0,0,267323
1,1,1,1,942,-1184,1274,83,-4,7,-13,75,165,0,0,0,0,0,0,0,0,0,0,0,0,0,0,0,0,0,0,0,0,0,0,267333
1,1,1,1,888,-1194,1303,22,-29,19,-15,77,164,0,0,0,0,0,0,0,0,0,0,0,0,0,0,0,0,0,0,0,0,0,0,267343
1,1,1,1,900,-1212,1268,22,-25,27,-14,76,170,0,0,0,0,0,0,0,0,0,0,0,0,0,0,0,0,0,0,0,0,0,0,267353
1,1,1,1,907,-1210,1289,32,-27,32,-16,76,166,0,0,0,0,0,0,0,0,0,0,0,0,0,0,0,0,0,0,0,0,0,0,267363
1,1,1,1,909,-1225,1312,16,-36,41,-15,76,168,0,0,0,0,0,0,0,0,0,0,0,0,0,0,0,0,0,0,0,0,0,0,267373
1,1,1,1,900,-1230,1318,9,-37,47,-15,77,168,0,0,0,0,0,0,0,0,0,0,0,0,0,0,0,0,0,0,0,0,0,0,267383
1,1,1,1,901,-1203,1324,7,-43,49,-15,76,166,0,0,0,0,0,0,0,0,0,0,0,0,0,0,0,0,0,0,0,0,0,0,267393
1,1,1,1,911,-1191,1315,14,-44,54,-17,76,166,0,0,0,0,0,0,0,0,0,0,0,0,0,0,0,0,0,0,0,0,0,0,267403
1,1,1,1,918,-1201,1314,6,-39,57,-14,77,168,0,0,0,0,0,0,0,0,0,0,0,0,0,0,0,0,0,0,0,0,0,0,267413
1,1,1,1,924,-1202,1326,-17,-32,69,-15,77,168,0,0,0,0,0,0,0,0,0,0,0,0,0,0,0,0,0,0,0,0,0,0,267423
1,1,1,1,928,-1221,1326,-68,-36,77,-15,77,169,0,0,0,0,0,0,0,0,0,0,0,0,0,0,0,0,0,0,0,0,0,0,267433
1,1,1,1,921,-1236,1314,-100,-34,79,-16,76,169,0,0,0,0,0,0,0,0,0,0,0,0,0,0,0,0,0,0,0,0,0,0,267443
1,1,1,1,907,-1225,1283,-96,-26,77,-16,76,169,0,0,0,0,0,0,0,0,0,0,0,0,0,0,0,0,0,0,0,0,0,0,267453
1,1,1,1,910,-1199,1270,-71,-37,72,-16,76,167,0,0,0,0,0,0,0,0,0,0,0,0,0,0,0,0,0,0,0,0,0,0,267463
1,1,1,1,912,-1198,1267,-46,-49,58,-16,75,170,0,0,0,0,0,0,0,0,0,0,0,0,0,0,0,0,0,0,0,0,0,0,267473
1,1,1,1,915,-1221,1261,-35,-63,55,-16,76,167,0,0,0,0,0,0,0,0,0,0,0,0,0,0,0,0,0,0,0,0,0,0,267483
1,1,1,1,916,-1220,1275,-22,-66,61,-14,76,170,0,0,0,0,0,0,0,0,0,0,0,0,0,0,0,0,0,0,0,0,0,0,267493
1,1,1,1,919,-1217,1264,-7,-71,67,-13,75,169,0,0,0,0,0,0,0,0,0,0,0,0,0,0,0,0,0,0,0,0,0,0,267503
1,1,1,1,920,-1205,1247,24,-76,81,-14,76,166,0,0,0,0,0,0,0,0,0,0,0,0,0,0,0,0,0,0,0,0,0,0,267513
1,1,1,1,935,-1212,1245,44,-82,106,-15,75,167,0,0,0,0,0,0,0,0,0,0,0,0,0,0,0,0,0,0,0,0,0,0,267523
1,1,1,1,937,-1211,1249,55,-104,131,-17,76,165,0,0,0,0,0,0,0,0,0,0,0,0,0,0,0,0,0,0,0,0,0,0,267533
1,1,1,1,942,-1228,1251,71,-125,150,-15,74,163,0,0,0,0,0,0,0,0,0,0,0,0,0,0,0,0,0,0,0,0,0,0,267543
1,1,1,1,911,-1243,1246,77,-138,174,-16,76,167,0,0,0,0,0,0,0,0,0,0,0,0,0,0,0,0,0,0,0,0,0,0,267553
1,1,1,1,885,-1288,1226,56,-151,218,-16,75,163,0,0,0,0,0,0,0,0,0,0,0,0,0,0,0,0,0,0,0,0,0,0,267563
1,1,1,1,868,-1342,1187,-3,-147,291,-18,78,158,0,0,0,0,0,0,0,0,0,0,0,0,0,0,0,0,0,0,0,0,0,0,267573
1,1,1,1,865,-1404,1113,-152,-149,380,-19,77,157,0,0,0,0,0,0,0,0,0,0,0,0,0,0,0,0,0,0,0,0,0,0,267583
1,1,1,1,939,-1485,1059,-517,-184,467,-19,74,150,0,0,0,0,0,0,0,0,0,0,0,0,0,0,0,0,0,0,0,0,0,0,267593
1,1,1,1,1038,-1517,1114,-975,-276,559,-18,78,142,0,0,0,0,0,0,0,0,0,0,0,0,0,0,0,0,0,0,0,0,0,0,267603
1,1,1,1,988,-1409,1265,-1100,-409,682,-16,76,139,0,0,0,0,0,0,0,0,0,0,0,0,0,0,0,0,0,0,0,0,0,0,267613
1,1,1,1,950,-1480,1288,-1264,-483,712,-18,74,130,0,0,0,0,0,0,0,0,0,0,0,0,0,0,0,0,0,0,0,0,0,0,267623
1,1,1,1,898,-1620,1325,-1563,-539,737,-16,69,120,0,0,0,0,0,0,0,0,0,0,0,0,0,0,0,0,0,0,0,0,0,0,267633
1,1,1,1,907,-1776,1339,-2023,-594,768,-18,64,109,0,0,0,0,0,0,0,0,0,0,0,0,0,0,0,0,0,0,0,0,0,0,267643
1,1,1,1,886,-1913,1321,-2451,-622,803,-22,59,99,0,0,0,0,0,0,0,0,0,0,0,0,0,0,0,0,0,0,0,0,0,0,267653
1,1,1,1,894,-1966,1275,-3089,-644,895,-22,57,86,0,0,0,0,0,0,0,0,0,0,0,0,0,0,0,0,0,0,0,0,0,0,267663
1,1,1,1,997,-1963,1252,-3794,-711,982,-25,53,78,0,0,0,0,0,0,0,0,0,0,0,0,0,0,0,0,0,0,0,0,0,0,267673
1,1,1,1,1135,-1891,1229,-4538,-809,1034,-26,51,71,0,0,0,0,0,0,0,0,0,0,0,0,0,0,0,0,0,0,0,0,0,0,267683
1,1,1,1,1184,-1864,1224,-5108,-908,1091,-25,48,68,0,0,0,0,0,0,0,0,0,0,0,0,0,0,0,0,0,0,0,0,0,0,267693
1,1,1,1,1159,-1858,1216,-5498,-948,1109,-20,48,64,0,0,0,0,0,0,0,0,0,0,0,0,0,0,0,0,0,0,0,0,0,0,267703
1,1,1,1,1109,-1844,1212,-5610,-955,1097,-15,46,59,0,0,0,0,0,0,0,0,0,0,0,0,0,0,0,0,0,0,0,0,0,0,267713
1,1,1,1,908,-1771,1206,-5249,-897,1030,-11,44,58,0,0,0,0,0,0,0,0,0,0,0,0,0,0,0,0,0,0,0,0,0,0,267723
1,1,1,1,643,-1615,1181,-4492,-735,950,-13,42,58,0,0,0,0,0,0,0,0,0,0,0,0,0,0,0,0,0,0,0,0,0,0,267733
1,1,1,1,628,-1730,984,-4156,-566,820,-17,42,59,0,0,0,0,0,0,0,0,0,0,0,0,0,0,0,0,0,0,0,0,0,0,267743
1,1,1,1,697,-1935,686,-4343,-517,548,-13,41,58,0,0,0,0,0,0,0,0,0,0,0,0,0,0,0,0,0,0,0,0,0,0,267753
1,1,1,1,796,-1990,462,-4211,-502,283,-11,39,52,0,0,0,0,0,0,0,0,0,0,0,0,0,0,0,0,0,0,0,0,0,0,267763
1,1,1,1,1020,-2057,401,-3783,-435,144,-6,38,49,0,0,0,0,0,0,0,0,0,0,0,0,0,0,0,0,0,0,0,0,0,0,267773
1,1,1,1,1135,-2192,466,-3325,-393,38,-5,37,46,0,0,0,0,0,0,0,0,0,0,0,0,0,0,0,0,0,0,0,0,0,0,267783
1,1,1,1,1209,-2268,467,-3014,-352,-84,-3,36,49,0,0,0,0,0,0,0,0,0,0,0,0,0,0,0,0,0,0,0,0,0,0,267793
1,1,1,1,1205,-2306,429,-2747,-361,-253,0,38,49,0,0,0,0,0,0,0,0,0,0,0,0,0,0,0,0,0,0,0,0,0,0,267803
1,1,1,1,1219,-2345,442,-2481,-458,-409,6,42,47,0,0,0,0,0,0,0,0,0,0,0,0,0,0,0,0,0,0,0,0,0,0,267813
1,1,1,1,1235,-2357,485,-1998,-836,-617,2,39,40,0,0,0,0,0,0,0,0,0,0,0,0,0,0,0,0,0,0,0,0,0,0,267823
1,1,1,1,1164,-2301,380,-1948,-1079,-697,4,40,39,0,0,0,0,0,0,0,0,0,0,0,0,0,0,0,0,0,0,0,0,0,0,267833
1,1,1,1,1038,-2241,254,-1913,-972,-702,3,36,33,0,0,0,0,0,0,0,0,0,0,0,0,0,0,0,0,0,0,0,0,0,0,267843
1,1,1,1,858,-2235,-24,-1889,-764,-622,1,36,32,0,0,0,0,0,0,0,0,0,0,0,0,0,0,0,0,0,0,0,0,0,0,267853
1,1,1,1,772,-2258,-257,-2167,-520,-397,-3,37,26,0,0,0,0,0,0,0,0,0,0,0,0,0,0,0,0,0,0,0,0,0,0,267863
1,1,1,1,715,-2243,-325,-2727,-247,22,-7,33,19,0,0,0,0,0,0,0,0,0,0,0,0,0,0,0,0,0,0,0,0,0,0,267873
1,1,1,1,744,-2212,-381,-3333,-31,599,-11,35,17,0,0,0,0,0,0,0,0,0,0,0,0,0,0,0,0,0,0,0,0,0,0,267883
1,1,1,1,834,-2198,-423,-3826,39,1140,-10,36,21,0,0,0,0,0,0,0,0,0,0,0,0,0,0,0,0,0,0,0,0,0,0,267893
1,1,1,1,935,-2185,-491,-4185,-30,1502,-10,35,19,0,0,0,0,0,0,0,0,0,0,0,0,0,0,0,0,0,0,0,0,0,0,267903
1,1,1,1,1022,-2173,-504,-4417,-192,1733,-7,35,18,0,0,0,0,0,0,0,0,0,0,0,0,0,0,0,0,0,0,0,0,0,0,267913
1,1,1,1,1057,-2282,-515,-4592,-452,1805,-6,34,16,0,0,0,0,0,0,0,0,0,0,0,0,0,0,0,0,0,0,0,0,0,0,267923
1,1,1,1,984,-2397,-699,-4906,-709,1761,-5,33,12,0,0,0,0,0,0,0,0,0,0,0,0,0,0,0,0,0,0,0,0,0,0,267933
1,1,1,1,822,-2302,-952,-4995,-789,1785,1,30,14,0,0,0,0,0,0,0,0,0,0,0,0,0,0,0,0,0,0,0,0,0,0,267943
1,1,1,1,697,-2159,-924,-4656,-723,1883,5,31,11,0,0,0,0,0,0,0,0,0,0,0,0,0,0,0,0,0,0,0,0,0,0,267953
1,1,1,1,633,-2013,-902,-3929,-542,2026,2,31,9,0,0,0,0,0,0,0,0,0,0,0,0,0,0,0,0,0,0,0,0,0,0,267963
1,1,1,1,664,-1928,-880,-3589,-364,2032,1,32,10,0,0,0,0,0,0,0,0,0,0,0,0,0,0,0,0,0,0,0,0,0,0,267973
1,1,1,1,676,-2090,-945,-3292,-244,1632,15,41,60,0,0,0,0,0,0,0,0,0,0,0,0,0,0,0,0,0,0,0,0,0,0,267983
1,1,1,1,804,-2166,-989,-2102,-32,315,2,38,29,0,0,0,0,0,0,0,0,0,0,0,0,0,0,0,0,0,0,0,0,0,0,267993
1,1,1,1,941,-1990,-840,-2218,-492,302,5,38,33,0,0,0,0,0,0,0,0,0,0,0,0,0,0,0,0,0,0,0,0,0,0,268003
1,1,1,1,738,-2081,-1215,-2332,-928,314,5,37,33,0,0,0,0,0,0,0,0,0,0,0,0,0,0,0,0,0,0,0,0,0,0,268013
1,1,1,1,613,-2084,-1395,-2095,-985,209,6,35,37,0,0,0,0,0,0,0,0,0,0,0,0,0,0,0,0,0,0,0,0,0,0,268023
1,1,1,1,374,-2062,-1465,-1914,-829,230,4,35,36,0,0,0,0,0,0,0,0,0,0,0,0,0,0,0,0,0,0,0,0,0,0,268033
1,1,1,1,336,-2044,-1448,-1734,-603,220,5,36,32,0,0,0,0,0,0,0,0,0,0,0,0,0,0,0,0,0,0,0,0,0,0,268043
1,1,1,1,466,-2101,-1478,-1711,-592,341,7,37,32,0,0,0,0,0,0,0,0,0,0,0,0,0,0,0,0,0,0,0,0,0,0,268053
1,1,1,1,532,-2121,-1489,-1694,-733,520,3,37,38,0,0,0,0,0,0,0,0,0,0,0,0,0,0,0,0,0,0,0,0,0,0,268073
1,1,1,1,454,-2107,-1498,-1730,-695,564,4,38,38,0,0,0,0,0,0,0,0,0,0,0,0,0,0,0,0,0,0,0,0,0,0,268083
1,1,1,1,347,-2027,-1607,-1693,-558,603,7,36,36,0,0,0,0,0,0,0,0,0,0,0,0,0,0,0,0,0,0,0,0,0,0,268093
1,1,1,1,258,-1976,-1683,-1603,-401,620,6,37,39,0,0,0,0,0,0,0,0,0,0,0,0,0,0,0,0,0,0,0,0,0,0,268103
1,1,1,1,216,-1918,-1745,-1532,-160,655,6,40,42,0,0,0,0,0,0,0,0,0,0,0,0,0,0,0,0,0,0,0,0,0,0,268113
1,1,1,1,203,-1948,-1802,-1409,40,687,8,43,44,0,0,0,0,0,0,0,0,0,0,0,0,0,0,0,0,0,0,0,0,0,0,268123
1,1,1,1,299,-1978,-1748,-1359,71,671,7,44,47,0,0,0,0,0,0,0,0,0,0,0,0,0,0,0,0,0,0,0,0,0,0,268133
1,1,1,1,379,-1934,-1712,-1333,23,608,9,47,48,0,0,0,0,0,0,0,0,0,0,0,0,0,0,0,0,0,0,0,0,0,0,268143
1,1,1,1,405,-1915,-1682,-1293,-60,525,10,45,50,0,0,0,0,0,0,0,0,0,0,0,0,0,0,0,0,0,0,0,0,0,0,268153
1,1,1,1,460,-1947,-1678,-1288,-179,437,9,49,52,0,0,0,0,0,0,0,0,0,0,0,0,0,0,0,0,0,0,0,0,0,0,268163
1,1,1,1,424,-1998,-1737,-1335,-253,370,6,50,50,0,0,0,0,0,0,0,0,0,0,0,0,0,0,0,0,0,0,0,0,0,0,268173
1,1,1,1,424,-1998,-1737,-1455,-260,356,3,47,57,0,0,0,0,0,0,0,0,0,0,0,0,0,0,0,0,0,0,0,0,0,0,268183
1,1,1,1,292,-1979,-1897,-1562,-237,380,9,46,53,0,0,0,0,0,0,0,0,0,0,0,0,0,0,0,0,0,0,0,0,0,0,268193
1,1,1,1,299,-1944,-1869,-1588,-183,434,5,51,57,0,0,0,0,0,0,0,0,0,0,0,0,0,0,0,0,0,0,0,0,0,0,268203
1,1,1,1,297,-1897,-1836,-1580,-121,494,8,46,55,0,0,0,0,0,0,0,0,0,0,0,0,0,0,0,0,0,0,0,0,0,0,268213
1,1,1,1,292,-1772,-1773,-1481,-41,534,11,49,58,0,0,0,0,0,0,0,0,0,0,0,0,0,0,0,0,0,0,0,0,0,0,268223
1,1,1,1,289,-1651,-1761,-1312,5,533,13,48,57,0,0,0,0,0,0,0,0,0,0,0,0,0,0,0,0,0,0,0,0,0,0,268233
1,1,1,1,292,-1620,-1848,-1128,32,511,10,47,57,0,0,0,0,0,0,0,0,0,0,0,0,0,0,0,0,0,0,0,0,0,0,268243
1,1,1,1,216,-1614,-1934,-1114,14,536,14,48,62,0,0,0,0,0,0,0,0,0,0,0,0,0,0,0,0,0,0,0,0,0,0,268253
1,1,1,1,224,-1691,-1997,-1043,-23,448,11,50,61,0,0,0,0,0,0,0,0,0,0,0,0,0,0,0,0,0,0,0,0,0,0,268263
1,1,1,1,241,-1734,-1952,-1013,-68,426,10,48,63,0,0,0,0,0,0,0,0,0,0,0,0,0,0,0,0,0,0,0,0,0,0,268273
1,1,1,1,168,-1759,-1999,-1064,-36,483,9,47,64,0,0,0,0,0,0,0,0,0,0,0,0,0,0,0,0,0,0,0,0,0,0,268283
1,1,1,1,105,-1694,-2039,-1150,79,597,9,48,60,0,0,0,0,0,0,0,0,0,0,0,0,0,0,0,0,0,0,0,0,0,0,268293
1,1,1,1,141,-1690,-2064,-1087,167,778,14,47,64,0,0,0,0,0,0,0,0,0,0,0,0,0,0,0,0,0,0,0,0,0,0,268303
1,1,1,1,269,-1767,-2070,-963,217,652,13,54,68,0,0,0,0,0,0,0,0,0,0,0,0,0,0,0,0,0,0,0,0,0,0,268313
1,1,1,1,474,-1743,-1964,-962,48,411,17,55,70,0,0,0,0,0,0,0,0,0,0,0,0,0,0,0,0,0,0,0,0,0,0,268323
1,1,1,1,452,-1667,-1935,-750,-88,327,16,54,67,0,0,0,0,0,0,0,0,0,0,0,0,0,0,0,0,0,0,0,0,0,0,268333
1,1,1,1,383,-1581,-1946,-674,-49,290,14,53,63,0,0,0,0,0,0,0,0,0,0,0,0,0,0,0,0,0,0,0,0,0,0,268343
1,1,1,1,296,-1529,-1979,-600,78,345,16,52,64,0,0,0,0,0,0,0,0,0,0,0,0,0,0,0,0,0,0,0,0,0,0,268353
1,1,1,1,335,-1574,-2019,-423,181,339,15,52,65,0,0,0,0,0,0,0,0,0,0,0,0,0,0,0,0,0,0,0,0,0,0,268363
1,1,1,1,401,-1561,-2033,-326,196,284,15,52,65,0,0,0,0,0,0,0,0,0,0,0,0,0,0,0,0,0,0,0,0,0,0,268373
1,1,1,1,456,-1567,-2008,-362,155,269,12,51,67,0,0,0,0,0,0,0,0,0,0,0,0,0,0,0,0,0,0,0,0,0,0,268383
1,1,1,1,457,-1636,-2001,-460,124,261,12,51,69,0,0,0,0,0,0,0,0,0,0,0,0,0,0,0,0,0,0,0,0,0,0,268393
1,1,1,1,445,-1715,-2028,-584,128,283,11,51,72,0,0,0,0,0,0,0,0,0,0,0,0,0,0,0,0,0,0,0,0,0,0,268403
1,1,1,1,373,-1705,-2041,-664,142,317,10,51,75,0,0,0,0,0,0,0,0,0,0,0,0,0,0,0,0,0,0,0,0,0,0,268413
1,1,1,1,345,-1659,-2074,-673,157,325,8,51,76,0,0,0,0,0,0,0,0,0,0,0,0,0,0,0,0,0,0,0,0,0,0,268423
1,1,1,1,300,-1586,-2117,-633,170,323,7,51,76,0,0,0,0,0,0,0,0,0,0,0,0,0,0,0,0,0,0,0,0,0,0,268433
1,1,1,1,236,-1481,-2174,-555,181,320,10,47,76,0,0,0,0,0,0,0,0,0,0,0,0,0,0,0,0,0,0,0,0,0,0,268443
1,1,1,1,192,-1377,-2223,-428,192,311,8,50,75,0,0,0,0,0,0,0,0,0,0,0,0,0,0,0,0,0,0,0,0,0,0,268453
1,1,1,1,143,-1290,-2249,-266,234,297,11,51,71,0,0,0,0,0,0,0,0,0,0,0,0,0,0,0,0,0,0,0,0,0,0,268463
1,1,1,1,114,-1264,-2237,-161,273,300,9,52,77,0,0,0,0,0,0,0,0,0,0,0,0,0,0,0,0,0,0,0,0,0,0,268473
1,1,1,1,190,-1384,-2149,-133,310,276,8,52,75,0,0,0,0,0,0,0,0,0,0,0,0,0,0,0,0,0,0,0,0,0,0,268483
1,1,1,1,250,-1505,-2099,-211,322,283,6,53,76,0,0,0,0,0,0,0,0,0,0,0,0,0,0,0,0,0,0,0,0,0,0,268493
1,1,1,1,285,-1607,-2079,-310,306,285,8,53,75,0,0,0,0,0,0,0,0,0,0,0,0,0,0,0,0,0,0,0,0,0,0,268503
1,1,1,1,340,-1628,-2094,-354,258,273,9,55,75,0,0,0,0,0,0,0,0,0,0,0,0,0,0,0,0,0,0,0,0,0,0,268513
1,1,1,1,327,-1558,-2108,-353,205,249,9,53,76,0,0,0,0,0,0,0,0,0,0,0,0,0,0,0,0,0,0,0,0,0,0,268523
1,1,1,1,274,-1425,-2125,-339,166,242,11,53,78,0,0,0,0,0,0,0,0,0,0,0,0,0,0,0,0,0,0,0,0,0,0,268533
1,1,1,1,241,-1338,-2152,-208,207,234,11,53,81,0,0,0,0,0,0,0,0,0,0,0,0,0,0,0,0,0,0,0,0,0,0,268543
1,1,1,1,255,-1336,-2160,-14,249,230,12,54,84,0,0,0,0,0,0,0,0,0,0,0,0,0,0,0,0,0,0,0,0,0,0,268553
1,1,1,1,299,-1368,-2147,121,274,207,9,54,85,0,0,0,0,0,0,0,0,0,0,0,0,0,0,0,0,0,0,0,0,0,0,268563
1,1,1,1,289,-1425,-2157,233,304,191,12,53,85,0,0,0,0,0,0,0,0,0,0,0,0,0,0,0,0,0,0,0,0,0,0,268573
1,1,1,1,305,-1484,-2153,279,330,206,9,54,85,0,0,0,0,0,0,0,0,0,0,0,0,0,0,0,0,0,0,0,0,0,0,268583
1,1,1,1,325,-1564,-2127,107,337,254,9,56,87,0,0,0,0,0,0,0,0,0,0,0,0,0,0,0,0,0,0,0,0,0,0,268593
1,1,1,1,362,-1635,-2085,-76,304,274,8,54,88,0,0,0,0,0,0,0,0,0,0,0,0,0,0,0,0,0,0,0,0,0,0,268603
1,1,1,1,383,-1601,-2063,-126,273,270,7,57,87,0,0,0,0,0,0,0,0,0,0,0,0,0,0,0,0,0,0,0,0,0,0,268613
1,1,1,1,334,-1461,-2067,-136,239,270,7,57,91,0,0,0,0,0,0,0,0,0,0,0,0,0,0,0,0,0,0,0,0,0,0,268623
1,1,1,1,313,-1391,-2128,-29,233,243,8,57,95,0,0,0,0,0,0,0,0,0,0,0,0,0,0,0,0,0,0,0,0,0,0,268633
1,1,1,1,298,-1407,-2175,69,190,233,4,56,99,0,0,0,0,0,0,0,0,0,0,0,0,0,0,0,0,0,0,0,0,0,0,268643
1,1,1,1,276,-1465,-2199,10,160,241,2,56,104,0,0,0,0,0,0,0,0,0,0,0,0,0,0,0,0,0,0,0,0,0,0,268653
1,1,1,1,289,-1534,-2194,-7,158,253,0,58,104,0,0,0,0,0,0,0,0,0,0,0,0,0,0,0,0,0,0,0,0,0,0,268663
1,1,1,1,323,-1560,-2196,-11,142,259,0,57,107,0,0,0,0,0,0,0,0,0,0,0,0,0,0,0,0,0,0,0,0,0,0,268673
1,1,1,1,315,-1533,-2226,-23,107,264,-1,57,107,0,0,0,0,0,0,0,0,0,0,0,0,0,0,0,0,0,0,0,0,0,0,268683
1,1,1,1,293,-1478,-2207,8,96,264,0,59,107,0,0,0,0,0,0,0,0,0,0,0,0,0,0,0,0,0,0,0,0,0,0,268693
1,1,1,1,280,-1420,-2171,16,99,253,1,58,110,0,0,0,0,0,0,0,0,0,0,0,0,0,0,0,0,0,0,0,0,0,0,268703
1,1,1,1,214,-1357,-2171,27,108,250,1,58,111,0,0,0,0,0,0,0,0,0,0,0,0,0,0,0,0,0,0,0,0,0,0,268713
1,1,1,1,221,-1373,-2148,12,112,239,-2,59,112,0,0,0,0,0,0,0,0,0,0,0,0,0,0,0,0,0,0,0,0,0,0,268723
1,1,1,1,254,-1475,-2140,-32,110,204,-2,60,115,0,0,0,0,0,0,0,0,0,0,0,0,0,0,0,0,0,0,0,0,0,0,268733
1,1,1,1,249,-1504,-2137,-108,110,189,-4,57,115,0,0,0,0,0,0,0,0,0,0,0,0,0,0,0,0,0,0,0,0,0,0,268743
1,1,1,1,216,-1482,-2161,-168,143,197,-3,61,114,0,0,0,0,0,0,0,0,0,0,0,0,0,0,0,0,0,0,0,0,0,0,268753
1,1,1,1,281,-1475,-2192,-133,131,182,-3,58,115,0,0,0,0,0,0,0,0,0,0,0,0,0,0,0,0,0,0,0,0,0,0,268763
1,1,1,1,313,-1450,-2157,-95,124,160,-2,58,115,0,0,0,0,0,0,0,0,0,0,0,0,0,0,0,0,0,0,0,0,0,0,268773
1,1,1,1,313,-1420,-2166,13,121,132,-4,61,120,0,0,0,0,0,0,0,0,0,0,0,0,0,0,0,0,0,0,0,0,0,0,268783
1,1,1,1,285,-1433,-2167,25,123,121,-5,61,122,0,0,0,0,0,0,0,0,0,0,0,0,0,0,0,0,0,0,0,0,0,0,268793
1,1,1,1,297,-1473,-2098,22,165,116,-2,59,121,0,0,0,0,0,0,0,0,0,0,0,0,0,0,0,0,0,0,0,0,0,0,268803
1,1,1,1,363,-1567,-2141,44,134,115,-5,61,120,0,0,0,0,0,0,0,0,0,0,0,0,0,0,0,0,0,0,0,0,0,0,268813
1,1,1,1,335,-1625,-2176,-70,85,115,-7,65,121,0,0,0,0,0,0,0,0,0,0,0,0,0,0,0,0,0,0,0,0,0,0,268823
1,1,1,1,296,-1623,-2131,-151,122,147,-4,63,120,0,0,0,0,0,0,0,0,0,0,0,0,0,0,0,0,0,0,0,0,0,0,268833
1,1,1,1,337,-1596,-2136,-181,112,193,-4,62,122,0,0,0,0,0,0,0,0,0,0,0,0,0,0,0,0,0,0,0,0,0,0,268843
1,1,1,1,277,-1558,-2159,-217,107,164,-2,62,118,0,0,0,0,0,0,0,0,0,0,0,0,0,0,0,0,0,0,0,0,0,0,268853
1,1,1,1,278,-1454,-2103,-219,122,183,-1,61,121,0,0,0,0,0,0,0,0,0,0,0,0,0,0,0,0,0,0,0,0,0,0,268863
1,1,1,1,304,-1412,-2103,-145,163,168,-2,62,119,0,0,0,0,0,0,0,0,0,0,0,0,0,0,0,0,0,0,0,0,0,0,268873
1,1,1,1,284,-1442,-2188,-130,129,185,-1,62,121,0,0,0,0,0,0,0,0,0,0,0,0,0,0,0,0,0,0,0,0,0,0,268883
1,1,1,1,277,-1501,-2208,-52,117,157,0,62,120,0,0,0,0,0,0,0,0,0,0,0,0,0,0,0,0,0,0,0,0,0,0,268893
1,1,1,1,287,-1533,-2158,31,108,139,3,61,121,0,0,0,0,0,0,0,0,0,0,0,0,0,0,0,0,0,0,0,0,0,0,268903
1,1,1,1,285,-1519,-2109,91,107,102,1,62,116,0,0,0,0,0,0,0,0,0,0,0,0,0,0,0,0,0,0,0,0,0,0,268913
1,1,1,1,259,-1517,-2122,38,85,93,0,62,117,0,0,0,0,0,0,0,0,0,0,0,0,0,0,0,0,0,0,0,0,0,0,268923
1,1,1,1,183,-1502,-2199,-35,64,81,-2,61,118,0,0,0,0,0,0,0,0,0,0,0,0,0,0,0,0,0,0,0,0,0,0,268933
1,1,1,1,127,-1479,-2237,-163,67,140,0,62,123,0,0,0,0,0,0,0,0,0,0,0,0,0,0,0,0,0,0,0,0,0,0,268943
1,1,1,1,194,-1517,-2235,-216,62,153,1,62,120,0,0,0,0,0,0,0,0,0,0,0,0,0,0,0,0,0,0,0,0,0,0,268953
1,1,1,1,245,-1534,-2187,-175,90,163,0,62,118,0,0,0,0,0,0,0,0,0,0,0,0,0,0,0,0,0,0,0,0,0,0,268963
1,1,1,1,229,-1503,-2193,-132,115,179,2,63,117,0,0,0,0,0,0,0,0,0,0,0,0,0,0,0,0,0,0,0,0,0,0,268973
1,1,1,1,251,-1478,-2162,-42,152,198,4,62,114,0,0,0,0,0,0,0,0,0,0,0,0,0,0,0,0,0,0,0,0,0,0,268983
1,1,1,1,275,-1441,-2109,5,152,204,4,62,113,0,0,0,0,0,0,0,0,0,0,0,0,0,0,0,0,0,0,0,0,0,0,268993
1,1,1,1,293,-1430,-2096,-10,127,183,6,61,115,0,0,0,0,0,0,0,0,0,0,0,0,0,0,0,0,0,0,0,0,0,0,269003
1,1,1,1,322,-1473,-2090,9,94,121,4,62,119,0,0,0,0,0,0,0,0,0,0,0,0,0,0,0,0,0,0,0,0,0,0,269013
1,1,1,1,393,-1526,-2065,118,44,-15,3,62,120,0,0,0,0,0,0,0,0,0,0,0,0,0,0,0,0,0,0,0,0,0,0,269023
1,1,1,1,302,-1509,-2121,155,31,-79,-1,63,121,0,0,0,0,0,0,0,0,0,0,0,0,0,0,0,0,0,0,0,0,0,0,269033
1,1,1,1,249,-1519,-2230,78,58,-14,-2,64,121,0,0,0,0,0,0,0,0,0,0,0,0,0,0,0,0,0,0,0,0,0,0,269043
1,1,1,1,251,-1547,-2247,-63,35,62,-2,63,120,0,0,0,0,0,0,0,0,0,0,0,0,0,0,0,0,0,0,0,0,0,0,269053
1,1,1,1,269,-1545,-2193,-181,63,130,-3,64,120,0,0,0,0,0,0,0,0,0,0,0,0,0,0,0,0,0,0,0,0,0,0,269063
1,1,1,1,252,-1527,-2176,-319,84,212,1,63,117,0,0,0,0,0,0,0,0,0,0,0,0,0,0,0,0,0,0,0,0,0,0,269073
1,1,1,1,262,-1496,-2150,-215,119,235,-1,66,121,0,0,0,0,0,0,0,0,0,0,0,0,0,0,0,0,0,0,0,0,0,0,269083
1,1,1,1,265,-1467,-2152,-93,114,216,3,63,122,0,0,0,0,0,0,0,0,0,0,0,0,0,0,0,0,0,0,0,0,0,0,269093
1,1,1,1,302,-1441,-2142,99,118,148,1,63,123,0,0,0,0,0,0,0,0,0,0,0,0,0,0,0,0,0,0,0,0,0,0,269103
1,1,1,1,296,-1361,-2083,210,77,67,3,63,126,0,0,0,0,0,0,0,0,0,0,0,0,0,0,0,0,0,0,0,0,0,0,269113
1,1,1,1,309,-1397,-2136,257,2,-66,0,64,128,0,0,0,0,0,0,0,0,0,0,0,0,0,0,0,0,0,0,0,0,0,0,269123
1,1,1,1,282,-1426,-2170,226,-15,-68,2,63,127,0,0,0,0,0,0,0,0,0,0,0,0,0,0,0,0,0,0,0,0,0,0,269133
1,1,1,1,248,-1437,-2194,168,10,3,-2,64,124,0,0,0,0,0,0,0,0,0,0,0,0,0,0,0,0,0,0,0,0,0,0,269143
1,1,1,1,276,-1509,-2166,4,58,114,0,63,124,0,0,0,0,0,0,0,0,0,0,0,0,0,0,0,0,0,0,0,0,0,0,269153
1,1,1,1,291,-1494,-2181,1,99,209,1,64,125,0,0,0,0,0,0,0,0,0,0,0,0,0,0,0,0,0,0,0,0,0,0,269163
1,1,1,1,280,-1481,-2206,103,68,289,1,64,127,0,0,0,0,0,0,0,0,0,0,0,0,0,0,0,0,0,0,0,0,0,0,269173
1,1,1,1,317,-1434,-2121,198,53,261,4,63,128,0,0,0,0,0,0,0,0,0,0,0,0,0,0,0,0,0,0,0,0,0,0,269183
1,1,1,1,406,-1440,-2103,382,40,137,2,64,129,0,0,0,0,0,0,0,0,0,0,0,0,0,0,0,0,0,0,0,0,0,0,269193
1,1,1,1,355,-1439,-2103,400,-4,-9,2,64,126,0,0,0,0,0,0,0,0,0,0,0,0,0,0,0,0,0,0,0,0,0,0,269203
1,1,1,1,328,-1469,-2160,292,-27,24,1,64,124,0,0,0,0,0,0,0,0,0,0,0,0,0,0,0,0,0,0,0,0,0,0,269213
1,1,1,1,313,-1497,-2140,276,-14,95,3,64,123,0,0,0,0,0,0,0,0,0,0,0,0,0,0,0,0,0,0,0,0,0,0,269223
1,1,1,1,358,-1538,-2108,273,-2,102,1,65,128,0,0,0,0,0,0,0,0,0,0,0,0,0,0,0,0,0,0,0,0,0,0,269233
1,1,1,1,358,-1573,-2052,313,1,-1,1,65,130,0,0,0,0,0,0,0,0,0,0,0,0,0,0,0,0,0,0,0,0,0,0,269243
1,1,1,1,331,-1624,-2048,333,-35,-113,-2,65,136,0,0,0,0,0,0,0,0,0,0,0,0,0,0,0,0,0,0,0,0,0,0,269253
1,1,1,1,275,-1637,-2119,397,-28,-190,-4,65,140,0,0,0,0,0,0,0,0,0,0,0,0,0,0,0,0,0,0,0,0,0,0,269263
1,1,1,1,263,-1650,-2151,415,-48,-249,-5,65,142,0,0,0,0,0,0,0,0,0,0,0,0,0,0,0,0,0,0,0,0,0,0,269273
1,1,1,1,256,-1613,-2169,431,-61,-271,-9,65,136,0,0,0,0,0,0,0,0,0,0,0,0,0,0,0,0,0,0,0,0,0,0,269283
1,1,1,1,234,-1522,-2175,289,-37,-127,-10,64,137,0,0,0,0,0,0,0,0,0,0,0,0,0,0,0,0,0,0,0,0,0,0,269293
1,1,1,1,224,-1499,-2147,139,7,100,-7,64,135,0,0,0,0,0,0,0,0,0,0,0,0,0,0,0,0,0,0,0,0,0,0,269303
1,1,1,1,381,-1628,-2088,149,9,62,-6,63,135,0,0,0,0,0,0,0,0,0,0,0,0,0,0,0,0,0,0,0,0,0,0,269313
1,1,1,1,401,-1653,-2043,143,-7,-6,-6,63,139,0,0,0,0,0,0,0,0,0,0,0,0,0,0,0,0,0,0,0,0,0,0,269323
1,1,1,1,351,-1606,-2071,142,-15,-4,-10,63,139,0,0,0,0,0,0,0,0,0,0,0,0,0,0,0,0,0,0,0,0,0,0,269333
1,1,1,1,356,-1640,-2042,131,-32,-3,-9,63,139,0,0,0,0,0,0,0,0,0,0,0,0,0,0,0,0,0,0,0,0,0,0,269343
1,1,1,1,393,-1667,-2044,183,-80,-170,-8,59,138,0,0,0,0,0,0,0,0,0,0,0,0,0,0,0,0,0,0,0,0,0,0,269363
1,1,1,1,417,-1662,-2032,211,-117,-264,-13,62,140,0,0,0,0,0,0,0,0,0,0,0,0,0,0,0,0,0,0,0,0,0,0,269373
1,1,1,1,417,-1662,-2032,86,-132,-197,-12,54,135,0,0,0,0,0,0,0,0,0,0,0,0,0,0,0,0,0,0,0,0,0,0,269383
1,1,1,1,259,-1558,-2140,-17,-79,19,-12,57,134,0,0,0,0,0,0,0,0,0,0,0,0,0,0,0,0,0,0,0,0,0,0,269393
1,1,1,1,297,-1539,-2107,-63,-33,162,-15,61,136,0,0,0,0,0,0,0,0,0,0,0,0,0,0,0,0,0,0,0,0,0,0,269403
1,1,1,1,350,-1580,-2083,-100,-65,114,-15,63,139,0,0,0,0,0,0,0,0,0,0,0,0,0,0,0,0,0,0,0,0,0,0,269413
1,1,1,1,369,-1640,-2047,-100,-69,55,-14,58,141,0,0,0,0,0,0,0,0,0,0,0,0,0,0,0,0,0,0,0,0,0,0,269423
1,1,1,1,309,-1622,-2140,-131,-94,39,-15,58,140,0,0,0,0,0,0,0,0,0,0,0,0,0,0,0,0,0,0,0,0,0,0,269433
1,1,1,1,265,-1572,-2149,-152,-108,14,-12,58,139,0,0,0,0,0,0,0,0,0,0,0,0,0,0,0,0,0,0,0,0,0,0,269443
1,1,1,1,270,-1508,-2137,-107,-103,-18,-12,58,140,0,0,0,0,0,0,0,0,0,0,0,0,0,0,0,0,0,0,0,0,0,0,269453
1,1,1,1,251,-1434,-2127,-68,-89,-4,-13,58,139,0,0,0,0,0,0,0,0,0,0,0,0,0,0,0,0,0,0,0,0,0,0,269463
1,1,1,1,250,-1417,-2121,4,-48,28,-12,57,138,0,0,0,0,0,0,0,0,0,0,0,0,0,0,0,0,0,0,0,0,0,0,269473
1,1,1,1,264,-1459,-2098,44,-32,19,-13,57,138,0,0,0,0,0,0,0,0,0,0,0,0,0,0,0,0,0,0,0,0,0,0,269483
1,1,1,1,290,-1565,-2072,31,-43,-14,-12,57,137,0,0,0,0,0,0,0,0,0,0,0,0,0,0,0,0,0,0,0,0,0,0,269493
1,1,1,1,294,-1677,-2104,-29,-62,-49,-13,57,137,0,0,0,0,0,0,0,0,0,0,0,0,0,0,0,0,0,0,0,0,0,0,269503
1,1,1,1,257,-1670,-2138,-61,-63,-48,-11,57,138,0,0,0,0,0,0,0,0,0,0,0,0,0,0,0,0,0,0,0,0,0,0,269513
1,1,1,1,255,-1599,-2125,-27,-62,-51,-10,57,137,0,0,0,0,0,0,0,0,0,0,0,0,0,0,0,0,0,0,0,0,0,0,269523
1,1,1,1,277,-1527,-2076,34,-59,-70,-10,57,133,0,0,0,0,0,0,0,0,0,0,0,0,0,0,0,0,0,0,0,0,0,0,269533
1,1,1,1,277,-1512,-2103,40,-40,-50,-8,57,135,0,0,0,0,0,0,0,0,0,0,0,0,0,0,0,0,0,0,0,0,0,0,269543
1,1,1,1,250,-1534,-2132,18,-18,9,-8,57,132,0,0,0,0,0,0,0,0,0,0,0,0,0,0,0,0,0,0,0,0,0,0,269553
1,1,1,1,289,-1577,-2085,64,9,26,-8,57,129,0,0,0,0,0,0,0,0,0,0,0,0,0,0,0,0,0,0,0,0,0,0,269563
1,1,1,1,380,-1676,-2023,50,-7,9,-8,57,131,0,0,0,0,0,0,0,0,0,0,0,0,0,0,0,0,0,0,0,0,0,0,269573
1,1,1,1,411,-1776,-2013,13,-30,-29,-9,56,134,0,0,0,0,0,0,0,0,0,0,0,0,0,0,0,0,0,0,0,0,0,0,269583
1,1,1,1,384,-1807,-2017,-33,-48,-32,-7,54,132,0,0,0,0,0,0,0,0,0,0,0,0,0,0,0,0,0,0,0,0,0,0,269593
1,1,1,1,329,-1730,-2074,-52,-49,5,-10,56,130,0,0,0,0,0,0,0,0,0,0,0,0,0,0,0,0,0,0,0,0,0,0,269603
1,1,1,1,313,-1648,-2083,-67,-43,32,-10,54,130,0,0,0,0,0,0,0,0,0,0,0,0,0,0,0,0,0,0,0,0,0,0,269613
1,1,1,1,289,-1582,-2071,-122,-47,50,-8,56,129,0,0,0,0,0,0,0,0,0,0,0,0,0,0,0,0,0,0,0,0,0,0,269623
1,1,1,1,280,-1535,-2088,-106,-26,55,-11,55,129,0,0,0,0,0,0,0,0,0,0,0,0,0,0,0,0,0,0,0,0,0,0,269633
1,1,1,1,254,-1511,-2105,-105,-5,67,-10,56,129,0,0,0,0,0,0,0,0,0,0,0,0,0,0,0,0,0,0,0,0,0,0,269643
1,1,1,1,238,-1501,-2149,-88,9,78,-10,52,129,0,0,0,0,0,0,0,0,0,0,0,0,0,0,0,0,0,0,0,0,0,0,269653
1,1,1,1,273,-1513,-2093,-70,-1,61,-11,55,131,0,0,0,0,0,0,0,0,0,0,0,0,0,0,0,0,0,0,0,0,0,0,269663
1,1,1,1,302,-1562,-2104,-33,-8,18,-10,54,130,0,0,0,0,0,0,0,0,0,0,0,0,0,0,0,0,0,0,0,0,0,0,269673
1,1,1,1,303,-1581,-2099,-15,-34,-10,-9,52,131,0,0,0,0,0,0,0,0,0,0,0,0,0,0,0,0,0,0,0,0,0,0,269693
1,1,1,1,314,-1579,-2092,-11,-41,-15,-13,55,134,0,0,0,0,0,0,0,0,0,0,0,0,0,0,0,0,0,0,0,0,0,0,269703
1,1,1,1,295,-1576,-2107,-40,-46,-13,-12,55,133,0,0,0,0,0,0,0,0,0,0,0,0,0,0,0,0,0,0,0,0,0,0,269713
1,1,1,1,260,-1560,-2104,-104,-41,26,-12,56,132,0,0,0,0,0,0,0,0,0,0,0,0,0,0,0,0,0,0,0,0,0,0,269723
1,1,1,1,285,-1606,-2098,-115,-43,30,-10,54,133,0,0,0,0,0,0,0,0,0,0,0,0,0,0,0,0,0,0,0,0,0,0,269733
1,1,1,1,300,-1621,-2074,-108,-48,18,-8,54,130,0,0,0,0,0,0,0,0,0,0,0,0,0,0,0,0,0,0,0,0,0,0,269743
1,1,1,1,284,-1599,-2088,-80,-52,22,-7,53,132,0,0,0,0,0,0,0,0,0,0,0,0,0,0,0,0,0,0,0,0,0,0,269753
1,1,1,1,288,-1587,-2075,-52,-64,15,-8,54,135,0,0,0,0,0,0,0,0,0,0,0,0,0,0,0,0,0,0,0,0,0,0,269763
1,1,1,1,302,-1586,-2076,-48,-75,-1,-10,55,134,0,0,0,0,0,0,0,0,0,0,0,0,0,0,0,0,0,0,0,0,0,0,269773
1,1,1,1,285,-1581,-2105,-52,-89,-7,-10,57,132,0,0,0,0,0,0,0,0,0,0,0,0,0,0,0,0,0,0,0,0,0,0,269783
1,1,1,1,272,-1552,-2117,-84,-103,18,-10,55,134,0,0,0,0,0,0,0,0,0,0,0,0,0,0,0,0,0,0,0,0,0,0,269793
1,1,1,1,288,-1544,-2110,-66,-116,10,-9,57,133,0,0,0,0,0,0,0,0,0,0,0,0,0,0,0,0,0,0,0,0,0,0,269803
1,1,1,1,296,-1534,-2091,-47,-130,-8,-9,55,131,0,0,0,0,0,0,0,0,0,0,0,0,0,0,0,0,0,0,0,0,0,0,269813
1,1,1,1,308,-1541,-2095,-11,-149,-26,-7,55,126,0,0,0,0,0,0,0,0,0,0,0,0,0,0,0,0,0,0,0,0,0,0,269823
1,1,1,1,318,-1544,-2067,-20,-181,-30,-5,57,127,0,0,0,0,0,0,0,0,0,0,0,0,0,0,0,0,0,0,0,0,0,0,269833
1,1,1,1,330,-1600,-2060,-39,-217,-47,-5,57,126,0,0,0,0,0,0,0,0,0,0,0,0,0,0,0,0,0,0,0,0,0,0,269843
1,1,1,1,341,-1643,-2079,-68,-260,-52,-3,57,124,0,0,0,0,0,0,0,0,0,0,0,0,0,0,0,0,0,0,0,0,0,0,269853
1,1,1,1,322,-1622,-2093,-80,-277,-35,-5,57,122,0,0,0,0,0,0,0,0,0,0,0,0,0,0,0,0,0,0,0,0,0,0,269863
1,1,1,1,277,-1567,-2110,-102,-258,14,-6,57,122,0,0,0,0,0,0,0,0,0,0,0,0,0,0,0,0,0,0,0,0,0,0,269873
1,1,1,1,235,-1535,-2144,-133,-217,79,-5,55,122,0,0,0,0,0,0,0,0,0,0,0,0,0,0,0,0,0,0,0,0,0,0,269883
1,1,1,1,219,-1524,-2148,-158,-166,138,-6,56,119,0,0,0,0,0,0,0,0,0,0,0,0,0,0,0,0,0,0,0,0,0,0,269893
1,1,1,1,209,-1517,-2124,-176,-128,162,-4,57,121,0,0,0,0,0,0,0,0,0,0,0,0,0,0,0,0,0,0,0,0,0,0,269903
1,1,1,1,209,-1504,-2134,-123,-94,140,-2,55,125,0,0,0,0,0,0,0,0,0,0,0,0,0,0,0,0,0,0,0,0,0,0,269913
1,1,1,1,196,-1486,-2135,-46,-57,110,-2,55,121,0,0,0,0,0,0,0,0,0,0,0,0,0,0,0,0,0,0,0,0,0,0,269923
1,1,1,1,195,-1497,-2170,-54,-42,119,-6,53,122,0,0,0,0,0,0,0,0,0,0,0,0,0,0,0,0,0,0,0,0,0,0,269933
1,1,1,1,215,-1521,-2163,-56,-31,115,-5,53,123,0,0,0,0,0,0,0,0,0,0,0,0,0,0,0,0,0,0,0,0,0,0,269943
1,1,1,1,226,-1510,-2145,-93,-41,86,-6,52,124,0,0,0,0,0,0,0,0,0,0,0,0,0,0,0,0,0,0,0,0,0,0,269953
1,1,1,1,212,-1492,-2165,-96,-51,67,-8,54,126,0,0,0,0,0,0,0,0,0,0,0,0,0,0,0,0,0,0,0,0,0,0,269963
1,1,1,1,221,-1498,-2182,-95,-50,64,-9,53,126,0,0,0,0,0,0,0,0,0,0,0,0,0,0,0,0,0,0,0,0,0,0,269973
1,1,1,1,231,-1499,-2159,-49,-45,32,-12,54,128,0,0,0,0,0,0,0,0,0,0,0,0,0,0,0,0,0,0,0,0,0,0,269983
1,1,1,1,226,-1459,-2139,21,-24,6,-12,55,127,0,0,0,0,0,0,0,0,0,0,0,0,0,0,0,0,0,0,0,0,0,0,269993
1,1,1,1,213,-1454,-2142,89,7,0,-12,57,130,0,0,0,0,0,0,0,0,0,0,0,0,0,0,0,0,0,0,0,0,0,0,270003
1,1,1,1,217,-1510,-2121,75,14,-4,-10,52,127,0,0,0,0,0,0,0,0,0,0,0,0,0,0,0,0,0,0,0,0,0,0,270013
1,1,1,1,216,-1584,-2131,46,-11,-29,-8,50,127,0,0,0,0,0,0,0,0,0,0,0,0,0,0,0,0,0,0,0,0,0,0,270023
1,1,1,1,200,-1606,-2135,58,-16,-52,-5,51,129,0,0,0,0,0,0,0,0,0,0,0,0,0,0,0,0,0,0,0,0,0,0,270033
1,1,1,1,196,-1599,-2127,54,-28,-47,-7,53,131,0,0,0,0,0,0,0,0,0,0,0,0,0,0,0,0,0,0,0,0,0,0,270043
1,1,1,1,212,-1619,-2126,60,-23,-36,-8,53,131,0,0,0,0,0,0,0,0,0,0,0,0,0,0,0,0,0,0,0,0,0,0,270053
1,1,1,1,211,-1616,-2127,2,-21,0,-7,53,133,0,0,0,0,0,0,0,0,0,0,0,0,0,0,0,0,0,0,0,0,0,0,270063
1,1,1,1,227,-1607,-2104,-29,-19,27,-6,52,129,0,0,0,0,0,0,0,0,0,0,0,0,0,0,0,0,0,0,0,0,0,0,270073
1,1,1,1,216,-1591,-2087,-50,-14,32,-9,52,126,0,0,0,0,0,0,0,0,0,0,0,0,0,0,0,0,0,0,0,0,0,0,270083
1,1,1,1,194,-1596,-2112,-73,-14,47,-8,51,130,0,0,0,0,0,0,0,0,0,0,0,0,0,0,0,0,0,0,0,0,0,0,270093
1,1,1,1,182,-1630,-2132,-119,-30,67,-9,50,131,0,0,0,0,0,0,0,0,0,0,0,0,0,0,0,0,0,0,0,0,0,0,270103
1,1,1,1,193,-1624,-2137,-130,-41,61,-8,50,129,0,0,0,0,0,0,0,0,0,0,0,0,0,0,0,0,0,0,0,0,0,0,270113
1,1,1,1,191,-1569,-2143,-115,-33,75,-7,51,127,0,0,0,0,0,0,0,0,0,0,0,0,0,0,0,0,0,0,0,0,0,0,270123
1,1,1,1,210,-1525,-2116,-53,-20,79,-9,52,128,0,0,0,0,0,0,0,0,0,0,0,0,0,0,0,0,0,0,0,0,0,0,270133
1,1,1,1,191,-1485,-2125,-79,-27,96,-6,52,126,0,0,0,0,0,0,0,0,0,0,0,0,0,0,0,0,0,0,0,0,0,0,270143
1,1,1,1,168,-1500,-2174,-96,-13,110,-5,51,125,0,0,0,0,0,0,0,0,0,0,0,0,0,0,0,0,0,0,0,0,0,0,270153
1,1,1,1,177,-1475,-2146,-85,-5,119,-7,52,127,0,0,0,0,0,0,0,0,0,0,0,0,0,0,0,0,0,0,0,0,0,0,270163
1,1,1,1,202,-1489,-2127,-47,-9,89,-8,52,127,0,0,0,0,0,0,0,0,0,0,0,0,0,0,0,0,0,0,0,0,0,0,270173
1,1,1,1,205,-1520,-2138,-12,-13,51,-9,52,127,0,0,0,0,0,0,0,0,0,0,0,0,0,0,0,0,0,0,0,0,0,0,270183
1,1,1,1,202,-1525,-2155,15,-22,25,-8,52,128,0,0,0,0,0,0,0,0,0,0,0,0,0,0,0,0,0,0,0,0,0,0,270193
1,1,1,1,201,-1499,-2150,18,-49,13,-8,51,128,0,0,0,0,0,0,0,0,0,0,0,0,0,0,0,0,0,0,0,0,0,0,270203
1,1,1,1,198,-1496,-2144,-4,-48,13,-9,52,128,0,0,0,0,0,0,0,0,0,0,0,0,0,0,0,0,0,0,0,0,0,0,270213
1,1,1,1,203,-1500,-2159,2,-39,29,-8,51,131,0,0,0,0,0,0,0,0,0,0,0,0,0,0,0,0,0,0,0,0,0,0,270223
1,1,1,1,220,-1496,-2126,11,-39,39,-8,52,131,0,0,0,0,0,0,0,0,0,0,0,0,0,0,0,0,0,0,0,0,0,0,270233
1,1,1,1,220,-1509,-2126,70,-19,15,-7,51,129,0,0,0,0,0,0,0,0,0,0,0,0,0,0,0,0,0,0,0,0,0,0,270243
1,1,1,1,208,-1523,-2141,104,-11,16,-8,51,130,0,0,0,0,0,0,0,0,0,0,0,0,0,0,0,0,0,0,0,0,0,0,270253
1,1,1,1,217,-1563,-2135,90,-1,29,-6,50,127,0,0,0,0,0,0,0,0,0,0,0,0,0,0,0,0,0,0,0,0,0,0,270263
1,1,1,1,228,-1595,-2119,68,1,13,-10,53,130,0,0,0,0,0,0,0,0,0,0,0,0,0,0,0,0,0,0,0,0,0,0,270273
1,1,1,1,210,-1582,-2116,24,-13,3,-8,49,129,0,0,0,0,0,0,0,0,0,0,0,0,0,0,0,0,0,0,0,0,0,0,270283
1,1,1,1,200,-1566,-2135,22,-18,-6,-11,55,131,0,0,0,0,0,0,0,0,0,0,0,0,0,0,0,0,0,0,0,0,0,0,270293
1,1,1,1,194,-1527,-2125,8,-14,4,-7,45,126,0,0,0,0,0,0,0,0,0,0,0,0,0,0,0,0,0,0,0,0,0,0,270303
1,1,1,1,176,-1528,-2149,13,-1,4,-10,50,131,0,0,0,0,0,0,0,0,0,0,0,0,0,0,0,0,0,0,0,0,0,0,270313
1,1,1,1,169,-1530,-2153,9,-4,22,-9,50,129,0,0,0,0,0,0,0,0,0,0,0,0,0,0,0,0,0,0,0,0,0,0,270323
1,1,1,1,189,-1557,-2139,-13,3,35,-5,51,129,0,0,0,0,0,0,0,0,0,0,0,0,0,0,0,0,0,0,0,0,0,0,270333
1,1,1,1,185,-1574,-2144,-19,10,35,-8,50,129,0,0,0,0,0,0,0,0,0,0,0,0,0,0,0,0,0,0,0,0,0,0,270343
1,1,1,1,178,-1573,-2126,-65,8,59,-7,50,131,0,0,0,0,0,0,0,0,0,0,0,0,0,0,0,0,0,0,0,0,0,0,270353
1,1,1,1,198,-1599,-2124,-70,9,41,-4,50,130,0,0,0,0,0,0,0,0,0,0,0,0,0,0,0,0,0,0,0,0,0,0,270363
1,1,1,1,185,-1561,-2122,-57,12,33,-4,50,132,0,0,0,0,0,0,0,0,0,0,0,0,0,0,0,0,0,0,0,0,0,0,270373
1,1,1,1,172,-1532,-2131,-52,13,37,-8,50,132,0,0,0,0,0,0,0,0,0,0,0,0,0,0,0,0,0,0,0,0,0,0,270383
1,1,1,1,169,-1541,-2140,-66,3,33,-10,50,130,0,0,0,0,0,0,0,0,0,0,0,0,0,0,0,0,0,0,0,0,0,0,270393
1,1,1,1,173,-1539,-2144,-68,-3,26,-9,49,128,0,0,0,0,0,0,0,0,0,0,0,0,0,0,0,0,0,0,0,0,0,0,270403
1,1,1,1,161,-1535,-2170,-69,-10,27,-7,49,129,0,0,0,0,0,0,0,0,0,0,0,0,0,0,0,0,0,0,0,0,0,0,270413
1,1,1,1,177,-1505,-2156,-26,6,40,-6,49,129,0,0,0,0,0,0,0,0,0,0,0,0,0,0,0,0,0,0,0,0,0,0,270423
1,1,1,1,205,-1484,-2130,37,18,24,-6,50,129,0,0,0,0,0,0,0,0,0,0,0,0,0,0,0,0,0,0,0,0,0,0,270433
1,1,1,1,199,-1467,-2119,103,36,-5,-7,50,128,0,0,0,0,0,0,0,0,0,0,0,0,0,0,0,0,0,0,0,0,0,0,270443
1,1,1,1,194,-1483,-2119,125,44,-13,-7,51,126,0,0,0,0,0,0,0,0,0,0,0,0,0,0,0,0,0,0,0,0,0,0,270453
1,1,1,1,193,-1548,-2122,59,19,-17,-9,51,129,0,0,0,0,0,0,0,0,0,0,0,0,0,0,0,0,0,0,0,0,0,0,270463
1,1,1,1,184,-1596,-2171,11,12,-16,-9,50,129,0,0,0,0,0,0,0,0,0,0,0,0,0,0,0,0,0,0,0,0,0,0,270473
1,1,1,1,181,-1561,-2157,-29,4,14,-9,50,130,0,0,0,0,0,0,0,0,0,0,0,0,0,0,0,0,0,0,0,0,0,0,270483
1,1,1,1,215,-1550,-2130,-7,20,15,-7,50,130,0,0,0,0,0,0,0,0,0,0,0,0,0,0,0,0,0,0,0,0,0,0,270493
1,1,1,1,222,-1559,-2135,-17,18,20,-5,50,128,0,0,0,0,0,0,0,0,0,0,0,0,0,0,0,0,0,0,0,0,0,0,270503
1,1,1,1,228,-1579,-2123,-47,8,39,-6,50,130,0,0,0,0,0,0,0,0,0,0,0,0,0,0,0,0,0,0,0,0,0,0,270513
1,1,1,1,225,-1594,-2126,-74,6,41,-5,50,130,0,0,0,0,0,0,0,0,0,0,0,0,0,0,0,0,0,0,0,0,0,0,270523
1,1,1,1,227,-1582,-2121,-64,1,32,-3,50,128,0,0,0,0,0,0,0,0,0,0,0,0,0,0,0,0,0,0,0,0,0,0,270533
1,1,1,1,217,-1548,-2126,-43,2,29,-4,50,127,0,0,0,0,0,0,0,0,0,0,0,0,0,0,0,0,0,0,0,0,0,0,270543
1,1,1,1,216,-1505,-2118,3,21,16,-6,50,127,0,0,0,0,0,0,0,0,0,0,0,0,0,0,0,0,0,0,0,0,0,0,270553
1,1,1,1,217,-1466,-2126,51,22,-2,-5,52,126,0,0,0,0,0,0,0,0,0,0,0,0,0,0,0,0,0,0,0,0,0,0,270563
1,1,1,1,195,-1468,-2151,39,16,-1,-5,49,127,0,0,0,0,0,0,0,0,0,0,0,0,0,0,0,0,0,0,0,0,0,0,270573
1,1,1,1,197,-1501,-2162,-15,-14,-1,-8,51,129,0,0,0,0,0,0,0,0,0,0,0,0,0,0,0,0,0,0,0,0,0,0,270583
1,1,1,1,215,-1537,-2164,-34,-28,-16,-7,51,128,0,0,0,0,0,0,0,0,0,0,0,0,0,0,0,0,0,0,0,0,0,0,270593
1,1,1,1,206,-1508,-2160,-27,-26,-19,-6,49,127,0,0,0,0,0,0,0,0,0,0,0,0,0,0,0,0,0,0,0,0,0,0,270603
1,1,1,1,213,-1491,-2135,9,-24,-21,-7,53,129,0,0,0,0,0,0,0,0,0,0,0,0,0,0,0,0,0,0,0,0,0,0,270613
1,1,1,1,235,-1511,-2113,68,-8,-40,-7,52,128,0,0,0,0,0,0,0,0,0,0,0,0,0,0,0,0,0,0,0,0,0,0,270623
1,1,1,1,222,-1543,-2113,102,3,-41,-4,51,127,0,0,0,0,0,0,0,0,0,0,0,0,0,0,0,0,0,0,0,0,0,0,270633
1,1,1,1,224,-1563,-2114,112,8,-31,-3,52,128,0,0,0,0,0,0,0,0,0,0,0,0,0,0,0,0,0,0,0,0,0,0,270643
1,1,1,1,218,-1578,-2121,56,-17,-20,-5,52,128,0,0,0,0,0,0,0,0,0,0,0,0,0,0,0,0,0,0,0,0,0,0,270653
1,1,1,1,209,-1578,-2130,-11,-34,-4,-4,52,128,0,0,0,0,0,0,0,0,0,0,0,0,0,0,0,0,0,0,0,0,0,0,270663
1,1,1,1,225,-1576,-2129,-20,-34,-2,-5,52,128,0,0,0,0,0,0,0,0,0,0,0,0,0,0,0,0,0,0,0,0,0,0,270673
1,1,1,1,231,-1549,-2112,-21,-35,-1,-4,51,128,0,0,0,0,0,0,0,0,0,0,0,0,0,0,0,0,0,0,0,0,0,0,270683
1,1,1,1,230,-1545,-2119,-40,-43,1,-5,51,128,0,0,0,0,0,0,0,0,0,0,0,0,0,0,0,0,0,0,0,0,0,0,270693
1,1,1,1,222,-1534,-2119,-8,-30,-15,-7,51,128,0,0,0,0,0,0,0,0,0,0,0,0,0,0,0,0,0,0,0,0,0,0,270703
1,1,1,1,203,-1513,-2125,18,-15,-14,-7,51,129,0,0,0,0,0,0,0,0,0,0,0,0,0,0,0,0,0,0,0,0,0,0,270713
1,1,1,1,195,-1532,-2130,41,-3,-21,-5,51,127,0,0,0,0,0,0,0,0,0,0,0,0,0,0,0,0,0,0,0,0,0,0,270723
1,1,1,1,186,-1560,-2157,11,-8,-14,-3,50,127,0,0,0,0,0,0,0,0,0,0,0,0,0,0,0,0,0,0,0,0,0,0,270733
1,1,1,1,190,-1570,-2148,-13,-25,-14,-3,51,128,0,0,0,0,0,0,0,0,0,0,0,0,0,0,0,0,0,0,0,0,0,0,270743
1,1,1,1,191,-1549,-2143,-12,-22,-5,-5,52,128,0,0,0,0,0,0,0,0,0,0,0,0,0,0,0,0,0,0,0,0,0,0,270753
1,1,1,1,196,-1530,-2138,3,-8,8,-5,52,125,0,0,0,0,0,0,0,0,0,0,0,0,0,0,0,0,0,0,0,0,0,0,270763
1,1,1,1,209,-1522,-2118,6,-11,-4,-7,51,125,0,0,0,0,0,0,0,0,0,0,0,0,0,0,0,0,0,0,0,0,0,0,270773
1,1,1,1,212,-1535,-2121,13,-21,-11,-8,51,129,0,0,0,0,0,0,0,0,0,0,0,0,0,0,0,0,0,0,0,0,0,0,270783
1,1,1,1,201,-1544,-2122,16,-22,-5,-8,52,126,0,0,0,0,0,0,0,0,0,0,0,0,0,0,0,0,0,0,0,0,0,0,270793
1,1,1,1,197,-1570,-2147,11,-25,-4,-9,51,129,0,0,0,0,0,0,0,0,0,0,0,0,0,0,0,0,0,0,0,0,0,0,270803
1,1,1,1,190,-1548,-2149,6,-26,5,-8,52,127,0,0,0,0,0,0,0,0,0,0,0,0,0,0,0,0,0,0,0,0,0,0,270813
1,1,1,1,190,-1526,-2125,12,-13,10,-6,52,128,0,0,0,0,0,0,0,0,0,0,0,0,0,0,0,0,0,0,0,0,0,0,270823
1,1,1,1,202,-1534,-2115,20,-10,14,-6,51,127,0,0,0,0,0,0,0,0,0,0,0,0,0,0,0,0,0,0,0,0,0,0,270833
1,1,1,1,204,-1560,-2128,-12,-26,10,-7,52,130,0,0,0,0,0,0,0,0,0,0,0,0,0,0,0,0,0,0,0,0,0,0,270843
1,1,1,1,220,-1566,-2133,-20,-17,9,-8,49,126,0,0,0,0,0,0,0,0,0,0,0,0,0,0,0,0,0,0,0,0,0,0,270853
1,1,1,1,221,-1545,-2134,-23,-13,9,-8,51,126,0,0,0,0,0,0,0,0,0,0,0,0,0,0,0,0,0,0,0,0,0,0,270863
1,1,1,1,228,-1541,-2125,-25,-19,16,-11,55,128,0,0,0,0,0,0,0,0,0,0,0,0,0,0,0,0,0,0,0,0,0,0,270873
1,1,1,1,223,-1538,-2124,-14,-9,5,-8,51,126,0,0,0,0,0,0,0,0,0,0,0,0,0,0,0,0,0,0,0,0,0,0,270883
1,1,1,1,194,-1512,-2150,5,-8,-6,-10,51,128,0,0,0,0,0,0,0,0,0,0,0,0,0,0,0,0,0,0,0,0,0,0,270893
1,1,1,1,185,-1493,-2149,30,-7,0,-10,51,129,0,0,0,0,0,0,0,0,0,0,0,0,0,0,0,0,0,0,0,0,0,0,270903
1,1,1,1,191,-1506,-2157,58,12,-4,-10,52,127,0,0,0,0,0,0,0,0,0,0,0,0,0,0,0,0,0,0,0,0,0,0,270913
1,1,1,1,203,-1527,-2156,66,10,-4,-8,51,128,0,0,0,0,0,0,0,0,0,0,0,0,0,0,0,0,0,0,0,0,0,0,270923
1,1,1,1,224,-1551,-2133,68,0,-20,-8,52,130,0,0,0,0,0,0,0,0,0,0,0,0,0,0,0,0,0,0,0,0,0,0,270933
1,1,1,1,221,-1548,-2125,51,-12,-32,-9,53,131,0,0,0,0,0,0,0,0,0,0,0,0,0,0,0,0,0,0,0,0,0,0,270943
1,1,1,1,214,-1533,-2108,50,-25,-41,-6,50,129,0,0,0,0,0,0,0,0,0,0,0,0,0,0,0,0,0,0,0,0,0,0,270953
1,1,1,1,204,-1540,-2120,35,-31,-38,-7,52,130,0,0,0,0,0,0,0,0,0,0,0,0,0,0,0,0,0,0,0,0,0,0,270963
1,1,1,1,197,-1553,-2128,11,-26,-14,-6,52,130,0,0,0,0,0,0,0,0,0,0,0,0,0,0,0,0,0,0,0,0,0,0,270973
1,1,1,1,215,-1572,-2117,5,-26,-2,-8,52,130,0,0,0,0,0,0,0,0,0,0,0,0,0,0,0,0,0,0,0,0,0,0,270983
1,1,1,1,225,-1564,-2104,23,-13,-9,-10,52,128,0,0,0,0,0,0,0,0,0,0,0,0,0,0,0,0,0,0,0,0,0,0,270993
1,1,1,1,206,-1529,-2124,40,0,-2,-9,52,129,0,0,0,0,0,0,0,0,0,0,0,0,0,0,0,0,0,0,0,0,0,0,271003
1,1,1,1,196,-1566,-2136,45,-5,-6,-8,51,128,0,0,0,0,0,0,0,0,0,0,0,0,0,0,0,0,0,0,0,0,0,0,271013
1,1,1,1,205,-1581,-2122,25,-15,-5,-7,50,129,0,0,0,0,0,0,0,0,0,0,0,0,0,0,0,0,0,0,0,0,0,0,271023
1,1,1,1,207,-1580,-2118,26,-23,-10,-6,50,129,0,0,0,0,0,0,0,0,0,0,0,0,0,0,0,0,0,0,0,0,0,0,271033
1,1,1,1,188,-1564,-2135,16,-32,-11,-7,52,128,0,0,0,0,0,0,0,0,0,0,0,0,0,0,0,0,0,0,0,0,0,0,271043
1,1,1,1,178,-1549,-2136,1,-32,0,-6,51,127,0,0,0,0,0,0,0,0,0,0,0,0,0,0,0,0,0,0,0,0,0,0,271053
1,1,1,1,180,-1543,-2140,-16,-27,16,-7,51,129,0,0,0,0,0,0,0,0,0,0,0,0,0,0,0,0,0,0,0,0,0,0,271063
1,1,1,1,192,-1535,-2127,-3,-21,21,-7,51,129,0,0,0,0,0,0,0,0,0,0,0,0,0,0,0,0,0,0,0,0,0,0,271073
1,1,1,1,195,-1528,-2114,19,-10,28,-5,51,129,0,0,0,0,0,0,0,0,0,0,0,0,0,0,0,0,0,0,0,0,0,0,271083
1,1,1,1,203,-1540,-2099,31,-7,33,-8,52,128,0,0,0,0,0,0,0,0,0,0,0,0,0,0,0,0,0,0,0,0,0,0,271093
1,1,1,1,195,-1580,-2111,31,-8,31,-6,51,128,0,0,0,0,0,0,0,0,0,0,0,0,0,0,0,0,0,0,0,0,0,0,271104
1,1,1,1,200,-1606,-2115,21,-7,25,-7,51,132,0,0,0,0,0,0,0,0,0,0,0,0,0,0,0,0,0,0,0,0,0,0,271114
1,1,1,1,200,-1586,-2110,19,-3,24,-7,52,129,0,0,0,0,0,0,0,0,0,0,0,0,0,0,0,0,0,0,0,0,0,0,271124
1,1,1,1,185,-1576,-2129,-11,-20,28,-8,51,127,0,0,0,0,0,0,0,0,0,0,0,0,0,0,0,0,0,0,0,0,0,0,271134
1,1,1,1,178,-1575,-2148,-34,-30,28,-6,50,129,0,0,0,0,0,0,0,0,0,0,0,0,0,0,0,0,0,0,0,0,0,0,271144
1,1,1,1,193,-1547,-2130,-4,-23,23,-8,52,130,0,0,0,0,0,0,0,0,0,0,0,0,0,0,0,0,0,0,0,0,0,0,271154
1,1,1,1,202,-1533,-2114,42,-9,11,-8,52,130,0,0,0,0,0,0,0,0,0,0,0,0,0,0,0,0,0,0,0,0,0,0,271164
1,1,1,1,196,-1520,-2113,80,10,5,-5,48,128,0,0,0,0,0,0,0,0,0,0,0,0,0,0,0,0,0,0,0,0,0,0,271174
1,1,1,1,187,-1535,-2124,43,2,15,-6,49,129,0,0,0,0,0,0,0,0,0,0,0,0,0,0,0,0,0,0,0,0,0,0,271184
1,1,1,1,198,-1580,-2124,6,-15,14,-7,52,128,0,0,0,0,0,0,0,0,0,0,0,0,0,0,0,0,0,0,0,0,0,0,271194
1,1,1,1,202,-1596,-2119,-4,-25,-3,-7,52,131,0,0,0,0,0,0,0,0,0,0,0,0,0,0,0,0,0,0,0,0,0,0,271204
1,1,1,1,185,-1577,-2126,-4,-13,-2,-9,54,131,0,0,0,0,0,0,0,0,0,0,0,0,0,0,0,0,0,0,0,0,0,0,271214
1,1,1,1,188,-1567,-2110,25,-14,-17,-9,54,130,0,0,0,0,0,0,0,0,0,0,0,0,0,0,0,0,0,0,0,0,0,0,271224
1,1,1,1,176,-1552,-2120,46,-4,-29,-5,50,129,0,0,0,0,0,0,0,0,0,0,0,0,0,0,0,0,0,0,0,0,0,0,271234
1,1,1,1,159,-1547,-2143,19,-3,0,-6,52,131,0,0,0,0,0,0,0,0,0,0,0,0,0,0,0,0,0,0,0,0,0,0,271244
1,1,1,1,185,-1579,-2146,-4,-15,-1,-4,50,129,0,0,0,0,0,0,0,0,0,0,0,0,0,0,0,0,0,0,0,0,0,0,271254
1,1,1,1,197,-1563,-2118,16,-5,-8,-3,50,130,0,0,0,0,0,0,0,0,0,0,0,0,0,0,0,0,0,0,0,0,0,0,271264
1,1,1,1,196,-1542,-2124,37,7,3,-6,51,133,0,0,0,0,0,0,0,0,0,0,0,0,0,0,0,0,0,0,0,0,0,0,271274
1,1,1,1,209,-1552,-2110,36,3,-5,-6,51,129,0,0,0,0,0,0,0,0,0,0,0,0,0,0,0,0,0,0,0,0,0,0,271284
1,1,1,1,195,-1551,-2124,9,-19,-12,-6,51,130,0,0,0,0,0,0,0,0,0,0,0,0,0,0,0,0,0,0,0,0,0,0,271294
1,1,1,1,192,-1562,-2118,26,-15,-24,-8,51,130,0,0,0,0,0,0,0,0,0,0,0,0,0,0,0,0,0,0,0,0,0,0,271304
1,1,1,1,174,-1566,-2137,6,-15,-23,-8,51,129,0,0,0,0,0,0,0,0,0,0,0,0,0,0,0,0,0,0,0,0,0,0,271314
1,1,1,1,178,-1583,-2121,7,-5,-16,-6,51,129,0,0,0,0,0,0,0,0,0,0,0,0,0,0,0,0,0,0,0,0,0,0,271324
1,1,1,1,197,-1592,-2119,13,1,-16,-5,53,131,0,0,0,0,0,0,0,0,0,0,0,0,0,0,0,0,0,0,0,0,0,0,271334
1,1,1,1,199,-1570,-2106,35,18,-15,-5,52,128,0,0,0,0,0,0,0,0,0,0,0,0,0,0,0,0,0,0,0,0,0,0,271344
1,1,1,1,201,-1554,-2106,32,4,-5,-5,53,130,0,0,0,0,0,0,0,0,0,0,0,0,0,0,0,0,0,0,0,0,0,0,271354
1,1,1,1,197,-1570,-2125,11,-12,-1,-5,52,127,0,0,0,0,0,0,0,0,0,0,0,0,0,0,0,0,0,0,0,0,0,0,271364
1,1,1,1,205,-1571,-2112,-9,-14,10,-3,52,129,0,0,0,0,0,0,0,0,0,0,0,0,0,0,0,0,0,0,0,0,0,0,271374
1,1,1,1,212,-1577,-2115,-13,-21,12,-4,52,129,0,0,0,0,0,0,0,0,0,0,0,0,0,0,0,0,0,0,0,0,0,0,271384
1,1,1,1,211,-1571,-2106,-21,-32,15,-4,52,129,0,0,0,0,0,0,0,0,0,0,0,0,0,0,0,0,0,0,0,0,0,0,271394
1,1,1,1,212,-1578,-2089,-11,-26,9,-5,52,130,0,0,0,0,0,0,0,0,0,0,0,0,0,0,0,0,0,0,0,0,0,0,271404
1,1,1,1,198,-1579,-2095,1,-12,8,-3,51,130,0,0,0,0,0,0,0,0,0,0,0,0,0,0,0,0,0,0,0,0,0,0,271414
1,1,1,1,181,-1581,-2131,7,-8,-2,-4,52,130,0,0,0,0,0,0,0,0,0,0,0,0,0,0,0,0,0,0,0,0,0,0,271424
1,1,1,1,184,-1557,-2131,-5,-7,5,-4,52,128,0,0,0,0,0,0,0,0,0,0,0,0,0,0,0,0,0,0,0,0,0,0,271434
1,1,1,1,191,-1548,-2127,-9,-8,6,-4,52,128,0,0,0,0,0,0,0,0,0,0,0,0,0,0,0,0,0,0,0,0,0,0,271444
1,1,1,1,192,-1537,-2132,20,-5,-10,-5,53,129,0,0,0,0,0,0,0,0,0,0,0,0,0,0,0,0,0,0,0,0,0,0,271454
1,1,1,1,187,-1542,-2127,10,-4,-2,-8,54,131,0,0,0,0,0,0,0,0,0,0,0,0,0,0,0,0,0,0,0,0,0,0,271464
1,1,1,1,198,-1573,-2129,22,1,-10,-8,55,130,0,0,0,0,0,0,0,0,0,0,0,0,0,0,0,0,0,0,0,0,0,0,271474
1,1,1,1,191,-1563,-2110,29,-6,-16,-6,53,128,0,0,0,0,0,0,0,0,0,0,0,0,0,0,0,0,0,0,0,0,0,0,271484
1,1,1,1,193,-1571,-2117,37,2,-17,-6,53,129,0,0,0,0,0,0,0,0,0,0,0,0,0,0,0,0,0,0,0,0,0,0,271494
1,1,1,1,189,-1587,-2125,37,-6,-16,-6,53,129,0,0,0,0,0,0,0,0,0,0,0,0,0,0,0,0,0,0,0,0,0,0,271504
1,1,1,1,201,-1575,-2107,58,-5,-34,-7,53,128,0,0,0,0,0,0,0,0,0,0,0,0,0,0,0,0,0,0,0,0,0,0,271514
1,1,1,1,190,-1570,-2116,22,-8,-17,-5,51,127,0,0,0,0,0,0,0,0,0,0,0,0,0,0,0,0,0,0,0,0,0,0,271524
1,1,1,1,188,-1598,-2135,-29,-4,4,-5,51,127,0,0,0,0,0,0,0,0,0,0,0,0,0,0,0,0,0,0,0,0,0,0,271534
1,1,1,1,197,-1588,-2113,-41,2,18,-5,55,127,0,0,0,0,0,0,0,0,0,0,0,0,0,0,0,0,0,0,0,0,0,0,271544
1,1,1,1,215,-1599,-2089,-50,-3,32,-4,54,130,0,0,0,0,0,0,0,0,0,0,0,0,0,0,0,0,0,0,0,0,0,0,271554
1,1,1,1,220,-1630,-2087,-46,-11,22,-4,55,129,0,0,0,0,0,0,0,0,0,0,0,0,0,0,0,0,0,0,0,0,0,0,271564
1,1,1,1,209,-1598,-2091,-46,-3,29,-3,53,127,0,0,0,0,0,0,0,0,0,0,0,0,0,0,0,0,0,0,0,0,0,0,271574
1,1,1,1,200,-1578,-2106,-52,-4,33,-3,52,128,0,0,0,0,0,0,0,0,0,0,0,0,0,0,0,0,0,0,0,0,0,0,271584
1,1,1,1,189,-1554,-2112,-8,-2,16,-4,52,129,0,0,0,0,0,0,0,0,0,0,0,0,0,0,0,0,0,0,0,0,0,0,271594
1,1,1,1,180,-1525,-2142,15,0,17,-5,53,128,0,0,0,0,0,0,0,0,0,0,0,0,0,0,0,0,0,0,0,0,0,0,271604
1,1,1,1,186,-1517,-2158,9,4,20,-5,53,128,0,0,0,0,0,0,0,0,0,0,0,0,0,0,0,0,0,0,0,0,0,0,271614
1,1,1,1,197,-1525,-2141,-19,-15,14,-4,52,129,0,0,0,0,0,0,0,0,0,0,0,0,0,0,0,0,0,0,0,0,0,0,271624
1,1,1,1,198,-1542,-2131,-13,-11,-8,-4,53,128,0,0,0,0,0,0,0,0,0,0,0,0,0,0,0,0,0,0,0,0,0,0,271634
1,1,1,1,189,-1531,-2137,7,-10,-18,-4,53,128,0,0,0,0,0,0,0,0,0,0,0,0,0,0,0,0,0,0,0,0,0,0,271644
1,1,1,1,195,-1541,-2113,21,-4,-17,-3,54,127,0,0,0,0,0,0,0,0,0,0,0,0,0,0,0,0,0,0,0,0,0,0,271654
1,1,1,1,207,-1553,-2112,52,-2,-27,-2,54,126,0,0,0,0,0,0,0,0,0,0,0,0,0,0,0,0,0,0,0,0,0,0,271664
1,1,1,1,206,-1548,-2122,70,1,-19,-4,53,129,0,0,0,0,0,0,0,0,0,0,0,0,0,0,0,0,0,0,0,0,0,0,271674
1,1,1,1,211,-1553,-2119,73,0,-19,-6,54,129,0,0,0,0,0,0,0,0,0,0,0,0,0,0,0,0,0,0,0,0,0,0,271684
1,1,1,1,211,-1534,-2122,64,-17,-23,-5,55,128,0,0,0,0,0,0,0,0,0,0,0,0,0,0,0,0,0,0,0,0,0,0,271694
1,1,1,1,210,-1513,-2106,63,-21,-31,-5,55,127,0,0,0,0,0,0,0,0,0,0,0,0,0,0,0,0,0,0,0,0,0,0,271704
1,1,1,1,205,-1523,-2115,91,-25,-50,-4,53,129,0,0,0,0,0,0,0,0,0,0,0,0,0,0,0,0,0,0,0,0,0,0,271714
1,1,1,1,206,-1552,-2118,99,-25,-62,-2,53,128,0,0,0,0,0,0,0,0,0,0,0,0,0,0,0,0,0,0,0,0,0,0,271724
1,1,1,1,213,-1576,-2108,96,-34,-72,-5,54,128,0,0,0,0,0,0,0,0,0,0,0,0,0,0,0,0,0,0,0,0,0,0,271734
1,1,1,1,210,-1566,-2100,90,-43,-79,-4,55,128,0,0,0,0,0,0,0,0,0,0,0,0,0,0,0,0,0,0,0,0,0,0,271744
1,1,1,1,209,-1577,-2100,113,-29,-78,-6,56,129,0,0,0,0,0,0,0,0,0,0,0,0,0,0,0,0,0,0,0,0,0,0,271754
1,1,1,1,208,-1617,-2114,114,-20,-61,-4,55,129,0,0,0,0,0,0,0,0,0,0,0,0,0,0,0,0,0,0,0,0,0,0,271764
1,1,1,1,213,-1644,-2109,84,-11,-33,-5,57,127,0,0,0,0,0,0,0,0,0,0,0,0,0,0,0,0,0,0,0,0,0,0,271774
1,1,1,1,213,-1644,-2109,27,-17,-5,-5,56,129,0,0,0,0,0,0,0,0,0,0,0,0,0,0,0,0,0,0,0,0,0,0,271784
1,1,1,1,189,-1661,-2095,-17,-21,8,-6,55,126,0,0,0,0,0,0,0,0,0,0,0,0,0,0,0,0,0,0,0,0,0,0,271794
1,1,1,1,173,-1639,-2100,-19,-16,18,-4,52,126,0,0,0,0,0,0,0,0,0,0,0,0,0,0,0,0,0,0,0,0,0,0,271804
1,1,1,1,178,-1635,-2100,-22,-15,18,-3,54,126,0,0,0,0,0,0,0,0,0,0,0,0,0,0,0,0,0,0,0,0,0,0,271814
1,1,1,1,183,-1614,-2103,-18,-9,15,-7,55,126,0,0,0,0,0,0,0,0,0,0,0,0,0,0,0,0,0,0,0,0,0,0,271824
1,1,1,1,186,-1589,-2097,-51,-18,33,-8,57,126,0,0,0,0,0,0,0,0,0,0,0,0,0,0,0,0,0,0,0,0,0,0,271834
1,1,1,1,195,-1596,-2114,-44,-10,23,-3,55,125,0,0,0,0,0,0,0,0,0,0,0,0,0,0,0,0,0,0,0,0,0,0,271844
1,1,1,1,199,-1571,-2107,-25,2,21,-1,54,125,0,0,0,0,0,0,0,0,0,0,0,0,0,0,0,0,0,0,0,0,0,0,271854
1,1,1,1,198,-1553,-2118,9,12,18,-2,54,126,0,0,0,0,0,0,0,0,0,0,0,0,0,0,0,0,0,0,0,0,0,0,271864
1,1,1,1,193,-1554,-2118,40,17,0,0,55,126,0,0,0,0,0,0,0,0,0,0,0,0,0,0,0,0,0,0,0,0,0,0,271874
1,1,1,1,188,-1536,-2124,75,30,-12,-2,54,125,0,0,0,0,0,0,0,0,0,0,0,0,0,0,0,0,0,0,0,0,0,0,271884
1,1,1,1,176,-1529,-2124,133,48,-26,-3,57,126,0,0,0,0,0,0,0,0,0,0,0,0,0,0,0,0,0,0,0,0,0,0,271894
1,1,1,1,168,-1550,-2116,75,28,-15,-4,58,127,0,0,0,0,0,0,0,0,0,0,0,0,0,0,0,0,0,0,0,0,0,0,271904
1,1,1,1,194,-1608,-2114,54,19,-32,-4,57,126,0,0,0,0,0,0,0,0,0,0,0,0,0,0,0,0,0,0,0,0,0,0,271914
1,1,1,1,211,-1632,-2096,52,20,-41,-2,57,125,0,0,0,0,0,0,0,0,0,0,0,0,0,0,0,0,0,0,0,0,0,0,271924
1,1,1,1,214,-1645,-2114,30,5,-42,-2,58,126,0,0,0,0,0,0,0,0,0,0,0,0,0,0,0,0,0,0,0,0,0,0,271934
1,1,1,1,206,-1621,-2114,52,18,-60,-2,58,125,0,0,0,0,0,0,0,0,0,0,0,0,0,0,0,0,0,0,0,0,0,0,271944
1,1,1,1,215,-1600,-2109,103,32,-90,0,60,126,0,0,0,0,0,0,0,0,0,0,0,0,0,0,0,0,0,0,0,0,0,0,271954
1,1,1,1,196,-1590,-2133,175,58,-134,-1,60,123,0,0,0,0,0,0,0,0,0,0,0,0,0,0,0,0,0,0,0,0,0,0,271964
1,1,1,1,179,-1569,-2156,177,70,-163,-2,61,123,0,0,0,0,0,0,0,0,0,0,0,0,0,0,0,0,0,0,0,0,0,0,271974
1,1,1,1,198,-1579,-2143,205,98,-217,-1,61,123,0,0,0,0,0,0,0,0,0,0,0,0,0,0,0,0,0,0,0,0,0,0,271984
1,1,1,1,222,-1602,-2143,274,103,-330,-2,60,120,0,0,0,0,0,0,0,0,0,0,0,0,0,0,0,0,0,0,0,0,0,0,271994
1,1,1,1,248,-1602,-2133,304,92,-457,0,57,116,0,0,0,0,0,0,0,0,0,0,0,0,0,0,0,0,0,0,0,0,0,0,272004
1,1,1,1,212,-1542,-2128,365,95,-536,0,57,106,0,0,0,0,0,0,0,0,0,0,0,0,0,0,0,0,0,0,0,0,0,0,272014
1,1,1,1,193,-1502,-2141,427,88,-597,2,57,96,0,0,0,0,0,0,0,0,0,0,0,0,0,0,0,0,0,0,0,0,0,0,272024
1,1,1,1,198,-1450,-2136,438,88,-618,5,54,88,0,0,0,0,0,0,0,0,0,0,0,0,0,0,0,0,0,0,0,0,0,0,272034
1,1,1,1,177,-1369,-2125,422,97,-597,7,53,82,0,0,0,0,0,0,0,0,0,0,0,0,0,0,0,0,0,0,0,0,0,0,272044
1,1,1,1,145,-1365,-2185,535,149,-603,11,51,75,0,0,0,0,0,0,0,0,0,0,0,0,0,0,0,0,0,0,0,0,0,0,272054
1,1,1,1,147,-1396,-2232,699,193,-652,12,49,68,0,0,0,0,0,0,0,0,0,0,0,0,0,0,0,0,0,0,0,0,0,0,272064
1,1,1,1,177,-1421,-2226,794,213,-681,15,49,64,0,0,0,0,0,0,0,0,0,0,0,0,0,0,0,0,0,0,0,0,0,0,272074
1,1,1,1,177,-1455,-2147,900,251,-695,18,48,55,0,0,0,0,0,0,0,0,0,0,0,0,0,0,0,0,0,0,0,0,0,0,272084
1,1,1,1,255,-1548,-2070,1043,291,-751,20,44,49,0,0,0,0,0,0,0,0,0,0,0,0,0,0,0,0,0,0,0,0,0,0,272094
1,1,1,1,337,-1634,-2042,1099,299,-816,23,41,43,0,0,0,0,0,0,0,0,0,0,0,0,0,0,0,0,0,0,0,0,0,0,272104
1,1,1,1,334,-1696,-2020,1119,315,-870,24,41,39,0,0,0,0,0,0,0,0,0,0,0,0,0,0,0,0,0,0,0,0,0,0,272114
1,1,1,1,339,-1783,-1996,1045,369,-935,24,39,33,0,0,0,0,0,0,0,0,0,0,0,0,0,0,0,0,0,0,0,0,0,0,272124
1,1,1,1,395,-1841,-1955,999,421,-990,24,41,33,0,0,0,0,0,0,0,0,0,0,0,0,0,0,0,0,0,0,0,0,0,0,272134
1,1,1,1,429,-1835,-1977,998,452,-1023,27,40,30,0,0,0,0,0,0,0,0,0,0,0,0,0,0,0,0,0,0,0,0,0,0,272144
1,1,1,1,427,-1802,-1947,995,386,-1028,31,39,31,0,0,0,0,0,0,0,0,0,0,0,0,0,0,0,0,0,0,0,0,0,0,272154
1,1,1,1,445,-1751,-1941,1129,340,-1163,32,38,31,0,0,0,0,0,0,0,0,0,0,0,0,0,0,0,0,0,0,0,0,0,0,272164
1,1,1,1,425,-1693,-1880,1280,355,-1355,32,38,31,0,0,0,0,0,0,0,0,0,0,0,0,0,0,0,0,0,0,0,0,0,0,272174
1,1,1,1,422,-1674,-1829,1353,361,-1445,31,38,31,0,0,0,0,0,0,0,0,0,0,0,0,0,0,0,0,0,0,0,0,0,0,272184
1,1,1,1,444,-1663,-1838,1579,380,-1588,31,36,29,0,0,0,0,0,0,0,0,0,0,0,0,0,0,0,0,0,0,0,0,0,0,272194
1,1,1,1,489,-1686,-1793,1752,364,-1636,33,34,26,0,0,0,0,0,0,0,0,0,0,0,0,0,0,0,0,0,0,0,0,0,0,272204
1,1,1,1,496,-1712,-1804,1866,351,-1616,35,32,28,0,0,0,0,0,0,0,0,0,0,0,0,0,0,0,0,0,0,0,0,0,0,272214
1,1,1,1,457,-1770,-1844,2084,472,-1726,35,32,30,0,0,0,0,0,0,0,0,0,0,0,0,0,0,0,0,0,0,0,0,0,0,272224
1,1,1,1,452,-1775,-1800,2408,671,-1926,36,30,27,0,0,0,0,0,0,0,0,0,0,0,0,0,0,0,0,0,0,0,0,0,0,272234
1,1,1,1,530,-1788,-1710,2611,835,-2143,35,31,30,0,0,0,0,0,0,0,0,0,0,0,0,0,0,0,0,0,0,0,0,0,0,272244
1,1,1,1,667,-1787,-1683,2679,848,-2296,37,31,28,0,0,0,0,0,0,0,0,0,0,0,0,0,0,0,0,0,0,0,0,0,0,272254
1,1,1,1,778,-1765,-1681,2736,726,-2371,36,32,27,0,0,0,0,0,0,0,0,0,0,0,0,0,0,0,0,0,0,0,0,0,0,272264
1,1,1,1,831,-1720,-1684,2828,524,-2415,42,36,13,0,0,0,0,0,0,0,0,0,0,0,0,0,0,0,0,0,0,0,0,0,0,272274
1,1,1,1,1076,-1546,-1325,2755,-310,-2118,26,29,30,0,0,0,0,0,0,0,0,0,0,0,0,0,0,0,0,0,0,0,0,0,0,272284
1,1,1,1,976,-1687,-1742,2006,-605,-1851,36,30,21,0,0,0,0,0,0,0,0,0,0,0,0,0,0,0,0,0,0,0,0,0,0,272294
1,1,1,1,726,-1688,-1431,2326,112,-2138,37,27,26,0,0,0,0,0,0,0,0,0,0,0,0,0,0,0,0,0,0,0,0,0,0,272304
1,1,1,1,684,-1778,-1567,2763,631,-2325,36,28,30,0,0,0,0,0,0,0,0,0,0,0,0,0,0,0,0,0,0,0,0,0,0,272314
1,1,1,1,692,-1788,-1570,3194,981,-2469,37,29,29,0,0,0,0,0,0,0,0,0,0,0,0,0,0,0,0,0,0,0,0,0,0,272324
1,1,1,1,835,-1780,-1496,3343,1083,-2450,36,28,26,0,0,0,0,0,0,0,0,0,0,0,0,0,0,0,0,0,0,0,0,0,0,272334
1,1,1,1,981,-1767,-1402,3299,1121,-2344,34,28,24,0,0,0,0,0,0,0,0,0,0,0,0,0,0,0,0,0,0,0,0,0,0,272344
1,1,1,1,1125,-1739,-1271,3140,1102,-2084,30,29,16,0,0,0,0,0,0,0,0,0,0,0,0,0,0,0,0,0,0,0,0,0,0,272354
1,1,1,1,1290,-1747,-1107,2715,980,-1682,26,30,12,0,0,0,0,0,0,0,0,0,0,0,0,0,0,0,0,0,0,0,0,0,0,272364
1,1,1,1,1396,-1801,-945,2022,756,-1131,25,30,11,0,0,0,0,0,0,0,0,0,0,0,0,0,0,0,0,0,0,0,0,0,0,272374
1,1,1,1,1455,-1887,-854,1406,470,-530,23,30,7,0,0,0,0,0,0,0,0,0,0,0,0,0,0,0,0,0,0,0,0,0,0,272384
1,1,1,1,1388,-1960,-845,957,260,-30,26,29,7,0,0,0,0,0,0,0,0,0,0,0,0,0,0,0,0,0,0,0,0,0,0,272394
1,1,1,1,1249,-1999,-816,696,257,150,25,30,14,0,0,0,0,0,0,0,0,0,0,0,0,0,0,0,0,0,0,0,0,0,0,272404
1,1,1,1,1160,-1994,-759,787,482,-91,31,30,24,0,0,0,0,0,0,0,0,0,0,0,0,0,0,0,0,0,0,0,0,0,0,272414
1,1,1,1,1163,-1948,-758,1383,822,-727,35,27,24,0,0,0,0,0,0,0,0,0,0,0,0,0,0,0,0,0,0,0,0,0,0,272424
1,1,1,1,1305,-1876,-787,2322,1114,-1523,37,31,37,0,0,0,0,0,0,0,0,0,0,0,0,0,0,0,0,0,0,0,0,0,0,272434
1,1,1,1,1417,-1817,-713,3174,1162,-2246,39,27,34,0,0,0,0,0,0,0,0,0,0,0,0,0,0,0,0,0,0,0,0,0,0,272444
1,1,1,1,1560,-1889,-590,3651,957,-2716,41,29,32,0,0,0,0,0,0,0,0,0,0,0,0,0,0,0,0,0,0,0,0,0,0,272454
1,1,1,1,1781,-1992,-546,3831,620,-2888,39,30,32,0,0,0,0,0,0,0,0,0,0,0,0,0,0,0,0,0,0,0,0,0,0,272464
1,1,1,1,1812,-2014,-533,3859,205,-2917,38,31,31,0,0,0,0,0,0,0,0,0,0,0,0,0,0,0,0,0,0,0,0,0,0,272474
1,1,1,1,1724,-2054,-457,3650,-117,-2887,34,30,32,0,0,0,0,0,0,0,0,0,0,0,0,0,0,0,0,0,0,0,0,0,0,272484
1,1,1,1,1483,-1860,-408,3239,-231,-3039,35,29,35,0,0,0,0,0,0,0,0,0,0,0,0,0,0,0,0,0,0,0,0,0,0,272504
1,1,1,1,1494,-1719,-347,3317,-144,-3330,38,28,38,0,0,0,0,0,0,0,0,0,0,0,0,0,0,0,0,0,0,0,0,0,0,272514
1,1,1,1,1483,-1626,-252,3571,8,-3651,37,27,39,0,0,0,0,0,0,0,0,0,0,0,0,0,0,0,0,0,0,0,0,0,0,272524
1,1,1,1,1504,-1631,-160,3768,228,-3936,39,27,39,0,0,0,0,0,0,0,0,0,0,0,0,0,0,0,0,0,0,0,0,0,0,272534
1,1,1,1,1607,-1574,-125,4029,426,-4210,42,29,41,0,0,0,0,0,0,0,0,0,0,0,0,0,0,0,0,0,0,0,0,0,0,272544
1,1,1,1,1846,-1488,-58,4331,471,-4442,41,29,42,0,0,0,0,0,0,0,0,0,0,0,0,0,0,0,0,0,0,0,0,0,0,272554
1,1,1,1,2044,-1411,20,4455,348,-4539,37,30,40,0,0,0,0,0,0,0,0,0,0,0,0,0,0,0,0,0,0,0,0,0,0,272564
1,1,1,1,2117,-1273,33,4374,80,-4502,38,30,41,0,0,0,0,0,0,0,0,0,0,0,0,0,0,0,0,0,0,0,0,0,0,272574
1,1,1,1,2119,-1119,57,4085,-216,-4349,36,30,39,0,0,0,0,0,0,0,0,0,0,0,0,0,0,0,0,0,0,0,0,0,0,272584
1,1,1,1,2035,-989,91,3710,-402,-4141,33,29,40,0,0,0,0,0,0,0,0,0,0,0,0,0,0,0,0,0,0,0,0,0,0,272594
1,1,1,1,1963,-863,141,3274,-410,-3976,32,29,38,0,0,0,0,0,0,0,0,0,0,0,0,0,0,0,0,0,0,0,0,0,0,272604
1,1,1,1,1907,-735,217,3017,-284,-3884,34,27,36,0,0,0,0,0,0,0,0,0,0,0,0,0,0,0,0,0,0,0,0,0,0,272614
1,1,1,1,1909,-630,233,2891,-132,-3813,35,28,37,0,0,0,0,0,0,0,0,0,0,0,0,0,0,0,0,0,0,0,0,0,0,272624
1,1,1,1,2014,-505,224,2867,-38,-3760,37,27,35,0,0,0,0,0,0,0,0,0,0,0,0,0,0,0,0,0,0,0,0,0,0,272634
1,1,1,1,2081,-410,185,2860,47,-3641,33,28,31,0,0,0,0,0,0,0,0,0,0,0,0,0,0,0,0,0,0,0,0,0,0,272644
1,1,1,1,2095,-347,123,2755,46,-3427,32,28,29,0,0,0,0,0,0,0,0,0,0,0,0,0,0,0,0,0,0,0,0,0,0,272654
1,1,1,1,2113,-262,105,2494,-6,-3161,31,29,25,0,0,0,0,0,0,0,0,0,0,0,0,0,0,0,0,0,0,0,0,0,0,272664
1,1,1,1,2141,-139,72,2245,-50,-2870,29,30,27,0,0,0,0,0,0,0,0,0,0,0,0,0,0,0,0,0,0,0,0,0,0,272674
1,1,1,1,2133,-55,58,2107,-52,-2588,31,26,24,0,0,0,0,0,0,0,0,0,0,0,0,0,0,0,0,0,0,0,0,0,0,272684
1,1,1,1,2052,19,57,1941,-43,-2318,30,28,23,0,0,0,0,0,0,0,0,0,0,0,0,0,0,0,0,0,0,0,0,0,0,272694
1,1,1,1,2043,42,20,1734,-18,-2026,27,28,20,0,0,0,0,0,0,0,0,0,0,0,0,0,0,0,0,0,0,0,0,0,0,272704
1,1,1,1,2085,75,-11,1453,-41,-1697,28,27,17,0,0,0,0,0,0,0,0,0,0,0,0,0,0,0,0,0,0,0,0,0,0,272714
1,1,1,1,2060,107,-17,1122,-100,-1408,29,24,13,0,0,0,0,0,0,0,0,0,0,0,0,0,0,0,0,0,0,0,0,0,0,272724
1,1,1,1,2022,141,-35,945,-149,-1225,27,28,16,0,0,0,0,0,0,0,0,0,0,0,0,0,0,0,0,0,0,0,0,0,0,272734
1,1,1,1,2005,165,-15,949,-143,-1120,28,27,14,0,0,0,0,0,0,0,0,0,0,0,0,0,0,0,0,0,0,0,0,0,0,272744
1,1,1,1,1979,185,-26,1022,-101,-1053,30,27,13,0,0,0,0,0,0,0,0,0,0,0,0,0,0,0,0,0,0,0,0,0,0,272754
1,1,1,1,1930,164,-66,1082,-42,-1005,31,26,15,0,0,0,0,0,0,0,0,0,0,0,0,0,0,0,0,0,0,0,0,0,0,272764
1,1,1,1,1888,137,-98,1098,20,-979,32,24,12,0,0,0,0,0,0,0,0,0,0,0,0,0,0,0,0,0,0,0,0,0,0,272774
1,1,1,1,1894,130,-116,1010,65,-972,28,26,16,0,0,0,0,0,0,0,0,0,0,0,0,0,0,0,0,0,0,0,0,0,0,272784
1,1,1,1,1956,191,-90,961,79,-971,31,26,18,0,0,0,0,0,0,0,0,0,0,0,0,0,0,0,0,0,0,0,0,0,0,272794
1,1,1,1,2016,214,-68,1026,41,-962,28,26,13,0,0,0,0,0,0,0,0,0,0,0,0,0,0,0,0,0,0,0,0,0,0,272804
1,1,1,1,2044,231,-52,1018,-31,-962,29,27,14,0,0,0,0,0,0,0,0,0,0,0,0,0,0,0,0,0,0,0,0,0,0,272814
1,1,1,1,2038,230,-73,1046,-105,-942,28,26,14,0,0,0,0,0,0,0,0,0,0,0,0,0,0,0,0,0,0,0,0,0,0,272824
1,1,1,1,1987,261,-83,1042,-143,-916,29,26,16,0,0,0,0,0,0,0,0,0,0,0,0,0,0,0,0,0,0,0,0,0,0,272834
1,1,1,1,1944,299,-128,1016,-118,-873,28,25,13,0,0,0,0,0,0,0,0,0,0,0,0,0,0,0,0,0,0,0,0,0,0,272844
1,1,1,1,1945,304,-169,976,-105,-786,27,26,14,0,0,0,0,0,0,0,0,0,0,0,0,0,0,0,0,0,0,0,0,0,0,272854
1,1,1,1,1873,355,-161,825,-79,-711,25,26,6,0,0,0,0,0,0,0,0,0,0,0,0,0,0,0,0,0,0,0,0,0,0,272864
1,1,1,1,1833,389,-173,684,-42,-663,28,25,11,0,0,0,0,0,0,0,0,0,0,0,0,0,0,0,0,0,0,0,0,0,0,272874
1,1,1,1,1820,421,-182,606,35,-616,25,25,6,0,0,0,0,0,0,0,0,0,0,0,0,0,0,0,0,0,0,0,0,0,0,272884
1,1,1,1,1828,460,-189,546,123,-526,24,25,6,0,0,0,0,0,0,0,0,0,0,0,0,0,0,0,0,0,0,0,0,0,0,272894
1,1,1,1,1859,534,-219,422,179,-409,24,26,2,0,0,0,0,0,0,0,0,0,0,0,0,0,0,0,0,0,0,0,0,0,0,272904
1,1,1,1,1900,593,-219,315,202,-263,24,26,8,0,0,0,0,0,0,0,0,0,0,0,0,0,0,0,0,0,0,0,0,0,0,272914
1,1,1,1,1929,634,-219,238,220,-110,23,25,2,0,0,0,0,0,0,0,0,0,0,0,0,0,0,0,0,0,0,0,0,0,0,272924
1,1,1,1,1897,649,-209,131,229,13,24,25,0,0,0,0,0,0,0,0,0,0,0,0,0,0,0,0,0,0,0,0,0,0,0,272934
1,1,1,1,1867,633,-213,75,248,58,24,25,5,0,0,0,0,0,0,0,0,0,0,0,0,0,0,0,0,0,0,0,0,0,0,272944
1,1,1,1,1862,637,-201,72,298,56,24,25,4,0,0,0,0,0,0,0,0,0,0,0,0,0,0,0,0,0,0,0,0,0,0,272954
1,1,1,1,1878,694,-186,111,333,2,25,24,7,0,0,0,0,0,0,0,0,0,0,0,0,0,0,0,0,0,0,0,0,0,0,272964
1,1,1,1,1911,753,-195,165,349,-52,25,24,8,0,0,0,0,0,0,0,0,0,0,0,0,0,0,0,0,0,0,0,0,0,0,272974
1,1,1,1,1911,753,-195,176,375,-23,22,27,5,0,0,0,0,0,0,0,0,0,0,0,0,0,0,0,0,0,0,0,0,0,0,272984
1,1,1,1,1957,795,-268,190,390,81,26,24,4,0,0,0,0,0,0,0,0,0,0,0,0,0,0,0,0,0,0,0,0,0,0,272994
1,1,1,1,1931,779,-286,194,407,213,20,26,5,0,0,0,0,0,0,0,0,0,0,0,0,0,0,0,0,0,0,0,0,0,0,273004
1,1,1,1,1859,749,-294,140,448,319,22,25,2,0,0,0,0,0,0,0,0,0,0,0,0,0,0,0,0,0,0,0,0,0,0,273014
1,1,1,1,1786,700,-266,80,525,375,20,25,10,0,0,0,0,0,0,0,0,0,0,0,0,0,0,0,0,0,0,0,0,0,0,273024
1,1,1,1,1724,620,-259,12,651,386,20,24,0,0,0,0,0,0,0,0,0,0,0,0,0,0,0,0,0,0,0,0,0,0,0,273034
1,1,1,1,1706,536,-251,-65,794,374,21,25,10,0,0,0,0,0,0,0,0,0,0,0,0,0,0,0,0,0,0,0,0,0,0,273044
1,1,1,1,1756,496,-220,-148,924,374,20,25,1,0,0,0,0,0,0,0,0,0,0,0,0,0,0,0,0,0,0,0,0,0,0,273054
1,1,1,1,1858,438,-214,-318,989,414,17,25,3,0,0,0,0,0,0,0,0,0,0,0,0,0,0,0,0,0,0,0,0,0,0,273064
1,1,1,1,1917,414,-205,-494,1012,514,18,24,0,0,0,0,0,0,0,0,0,0,0,0,0,0,0,0,0,0,0,0,0,0,0,273074
1,1,1,1,1887,411,-148,-735,977,646,17,24,-1,0,0,0,0,0,0,0,0,0,0,0,0,0,0,0,0,0,0,0,0,0,0,273084
1,1,1,1,1845,388,-146,-959,949,744,16,24,0,0,0,0,0,0,0,0,0,0,0,0,0,0,0,0,0,0,0,0,0,0,0,273094
1,1,1,1,1760,427,-15,-1274,970,941,19,23,-2,0,0,0,0,0,0,0,0,0,0,0,0,0,0,0,0,0,0,0,0,0,0,273114
1,1,1,1,1749,461,60,-1214,987,999,18,24,-1,0,0,0,0,0,0,0,0,0,0,0,0,0,0,0,0,0,0,0,0,0,0,273124
1,1,1,1,1649,465,182,-1120,916,1042,19,24,0,0,0,0,0,0,0,0,0,0,0,0,0,0,0,0,0,0,0,0,0,0,0,273134
1,1,1,1,1601,376,198,-1027,847,1053,20,24,-1,0,0,0,0,0,0,0,0,0,0,0,0,0,0,0,0,0,0,0,0,0,0,273144
1,1,1,1,1608,302,206,-828,840,987,22,24,1,0,0,0,0,0,0,0,0,0,0,0,0,0,0,0,0,0,0,0,0,0,0,273154
1,1,1,1,1616,237,234,-630,846,848,23,24,2,0,0,0,0,0,0,0,0,0,0,0,0,0,0,0,0,0,0,0,0,0,0,273164
1,1,1,1,1658,175,265,-490,782,697,22,24,1,0,0,0,0,0,0,0,0,0,0,0,0,0,0,0,0,0,0,0,0,0,0,273174
1,1,1,1,1746,120,310,-407,632,526,22,25,7,0,0,0,0,0,0,0,0,0,0,0,0,0,0,0,0,0,0,0,0,0,0,273184
1,1,1,1,1768,52,321,-298,492,309,23,24,2,0,0,0,0,0,0,0,0,0,0,0,0,0,0,0,0,0,0,0,0,0,0,273194
1,1,1,1,1697,-28,341,-85,434,60,22,25,12,0,0,0,0,0,0,0,0,0,0,0,0,0,0,0,0,0,0,0,0,0,0,273204
1,1,1,1,1656,-55,315,145,471,-169,23,25,12,0,0,0,0,0,0,0,0,0,0,0,0,0,0,0,0,0,0,0,0,0,0,273214
1,1,1,1,1661,-43,287,223,525,-307,25,24,9,0,0,0,0,0,0,0,0,0,0,0,0,0,0,0,0,0,0,0,0,0,0,273224
1,1,1,1,1690,5,319,246,527,-346,25,24,10,0,0,0,0,0,0,0,0,0,0,0,0,0,0,0,0,0,0,0,0,0,0,273234
1,1,1,1,1719,59,389,297,520,-338,28,24,9,0,0,0,0,0,0,0,0,0,0,0,0,0,0,0,0,0,0,0,0,0,0,273244
1,1,1,1,1734,92,478,399,528,-336,32,23,13,0,0,0,0,0,0,0,0,0,0,0,0,0,0,0,0,0,0,0,0,0,0,273254
1,1,1,1,1825,85,515,558,514,-392,30,23,13,0,0,0,0,0,0,0,0,0,0,0,0,0,0,0,0,0,0,0,0,0,0,273264
1,1,1,1,1872,25,495,732,465,-491,29,23,11,0,0,0,0,0,0,0,0,0,0,0,0,0,0,0,0,0,0,0,0,0,0,273274
1,1,1,1,1863,-41,452,769,403,-585,26,27,15,0,0,0,0,0,0,0,0,0,0,0,0,0,0,0,0,0,0,0,0,0,0,273284
1,1,1,1,1829,-106,395,695,331,-676,29,24,16,0,0,0,0,0,0,0,0,0,0,0,0,0,0,0,0,0,0,0,0,0,0,273294
1,1,1,1,1781,-164,319,555,314,-748,26,22,11,0,0,0,0,0,0,0,0,0,0,0,0,0,0,0,0,0,0,0,0,0,0,273304
1,1,1,1,1764,-125,309,412,316,-785,22,27,11,0,0,0,0,0,0,0,0,0,0,0,0,0,0,0,0,0,0,0,0,0,0,273314
1,1,1,1,1768,-47,330,223,292,-776,23,25,8,0,0,0,0,0,0,0,0,0,0,0,0,0,0,0,0,0,0,0,0,0,0,273324
1,1,1,1,1781,37,381,85,250,-724,25,23,10,0,0,0,0,0,0,0,0,0,0,0,0,0,0,0,0,0,0,0,0,0,0,273334
1,1,1,1,1769,113,396,25,223,-658,24,23,8,0,0,0,0,0,0,0,0,0,0,0,0,0,0,0,0,0,0,0,0,0,0,273344
1,1,1,1,1731,171,394,-23,202,-611,24,25,14,0,0,0,0,0,0,0,0,0,0,0,0,0,0,0,0,0,0,0,0,0,0,273354
1,1,1,1,1708,218,387,-37,193,-583,26,24,12,0,0,0,0,0,0,0,0,0,0,0,0,0,0,0,0,0,0,0,0,0,0,273364
1,1,1,1,1687,221,347,-92,182,-610,26,22,10,0,0,0,0,0,0,0,0,0,0,0,0,0,0,0,0,0,0,0,0,0,0,273374
1,1,1,1,1642,211,334,-112,182,-682,25,23,11,0,0,0,0,0,0,0,0,0,0,0,0,0,0,0,0,0,0,0,0,0,0,273384
1,1,1,1,1613,231,342,-71,206,-784,26,24,17,0,0,0,0,0,0,0,0,0,0,0,0,0,0,0,0,0,0,0,0,0,0,273394
1,1,1,1,1616,302,352,-9,238,-851,25,24,11,0,0,0,0,0,0,0,0,0,0,0,0,0,0,0,0,0,0,0,0,0,0,273404
1,1,1,1,1623,367,328,5,266,-898,25,24,14,0,0,0,0,0,0,0,0,0,0,0,0,0,0,0,0,0,0,0,0,0,0,273414
1,1,1,1,1626,444,310,-78,254,-909,23,24,13,0,0,0,0,0,0,0,0,0,0,0,0,0,0,0,0,0,0,0,0,0,0,273424
1,1,1,1,1598,535,354,-88,252,-922,23,24,13,0,0,0,0,0,0,0,0,0,0,0,0,0,0,0,0,0,0,0,0,0,0,273434
1,1,1,1,1597,601,337,-117,250,-979,24,24,11,0,0,0,0,0,0,0,0,0,0,0,0,0,0,0,0,0,0,0,0,0,0,273444
1,1,1,1,1577,666,300,-113,233,-1063,26,24,12,0,0,0,0,0,0,0,0,0,0,0,0,0,0,0,0,0,0,0,0,0,0,273454
1,1,1,1,1532,704,339,21,240,-1096,26,24,11,0,0,0,0,0,0,0,0,0,0,0,0,0,0,0,0,0,0,0,0,0,0,273464
1,1,1,1,1504,685,360,108,308,-1041,25,23,11,0,0,0,0,0,0,0,0,0,0,0,0,0,0,0,0,0,0,0,0,0,0,273474
1,1,1,1,1489,658,390,75,431,-916,24,23,5,0,0,0,0,0,0,0,0,0,0,0,0,0,0,0,0,0,0,0,0,0,0,273484
1,1,1,1,1552,662,458,95,542,-800,26,22,4,0,0,0,0,0,0,0,0,0,0,0,0,0,0,0,0,0,0,0,0,0,0,273494
1,1,1,1,1589,664,551,230,553,-760,27,24,14,0,0,0,0,0,0,0,0,0,0,0,0,0,0,0,0,0,0,0,0,0,0,273504
1,1,1,1,1593,646,601,414,530,-806,27,24,8,0,0,0,0,0,0,0,0,0,0,0,0,0,0,0,0,0,0,0,0,0,0,273514
1,1,1,1,1594,610,573,608,502,-916,26,24,15,0,0,0,0,0,0,0,0,0,0,0,0,0,0,0,0,0,0,0,0,0,0,273524
1,1,1,1,1606,559,483,682,505,-1025,25,24,11,0,0,0,0,0,0,0,0,0,0,0,0,0,0,0,0,0,0,0,0,0,0,273534
1,1,1,1,1615,512,449,602,496,-1077,26,23,9,0,0,0,0,0,0,0,0,0,0,0,0,0,0,0,0,0,0,0,0,0,0,273544
1,1,1,1,1602,508,469,557,489,-1074,26,23,13,0,0,0,0,0,0,0,0,0,0,0,0,0,0,0,0,0,0,0,0,0,0,273554
1,1,1,1,1617,513,452,527,538,-980,24,23,7,0,0,0,0,0,0,0,0,0,0,0,0,0,0,0,0,0,0,0,0,0,0,273564
1,1,1,1,1586,539,457,390,635,-818,25,22,11,0,0,0,0,0,0,0,0,0,0,0,0,0,0,0,0,0,0,0,0,0,0,273574
1,1,1,1,1507,533,508,209,752,-625,21,24,4,0,0,0,0,0,0,0,0,0,0,0,0,0,0,0,0,0,0,0,0,0,0,273584
1,1,1,1,1579,504,533,-58,843,-496,22,26,10,0,0,0,0,0,0,0,0,0,0,0,0,0,0,0,0,0,0,0,0,0,0,273594
1,1,1,1,1647,527,604,-102,903,-554,24,22,16,0,0,0,0,0,0,0,0,0,0,0,0,0,0,0,0,0,0,0,0,0,0,273604
1,1,1,1,1296,462,585,106,903,-664,18,28,12,0,0,0,0,0,0,0,0,0,0,0,0,0,0,0,0,0,0,0,0,0,0,273614
1,1,1,1,1409,493,637,18,916,-738,21,24,14,0,0,0,0,0,0,0,0,0,0,0,0,0,0,0,0,0,0,0,0,0,0,273624
1,1,1,1,1522,672,767,88,938,-812,23,21,14,0,0,0,0,0,0,0,0,0,0,0,0,0,0,0,0,0,0,0,0,0,0,273634
1,1,1,1,1522,660,791,466,943,-814,26,22,1,0,0,0,0,0,0,0,0,0,0,0,0,0,0,0,0,0,0,0,0,0,0,273644
1,1,1,1,1476,681,858,778,907,-741,32,21,10,0,0,0,0,0,0,0,0,0,0,0,0,0,0,0,0,0,0,0,0,0,0,273654
1,1,1,1,1432,782,928,1207,877,-657,30,22,8,0,0,0,0,0,0,0,0,0,0,0,0,0,0,0,0,0,0,0,0,0,0,273664
1,1,1,1,1374,656,860,1352,864,-536,24,24,11,0,0,0,0,0,0,0,0,0,0,0,0,0,0,0,0,0,0,0,0,0,0,273674
1,1,1,1,1374,520,743,968,838,-433,25,23,7,0,0,0,0,0,0,0,0,0,0,0,0,0,0,0,0,0,0,0,0,0,0,273684
1,1,1,1,1361,559,789,565,864,-375,26,21,11,0,0,0,0,0,0,0,0,0,0,0,0,0,0,0,0,0,0,0,0,0,0,273694
1,1,1,1,1410,604,870,418,897,-334,23,24,9,0,0,0,0,0,0,0,0,0,0,0,0,0,0,0,0,0,0,0,0,0,0,273704
1,1,1,1,1436,561,944,353,859,-241,25,23,11,0,0,0,0,0,0,0,0,0,0,0,0,0,0,0,0,0,0,0,0,0,0,273714
1,1,1,1,1434,565,956,341,715,-117,23,24,6,0,0,0,0,0,0,0,0,0,0,0,0,0,0,0,0,0,0,0,0,0,0,273724
1,1,1,1,1520,582,913,233,495,-44,25,23,10,0,0,0,0,0,0,0,0,0,0,0,0,0,0,0,0,0,0,0,0,0,0,273744
1,1,1,1,1491,538,853,227,391,-148,26,23,11,0,0,0,0,0,0,0,0,0,0,0,0,0,0,0,0,0,0,0,0,0,0,273754
1,1,1,1,1435,495,819,235,272,-305,25,24,8,0,0,0,0,0,0,0,0,0,0,0,0,0,0,0,0,0,0,0,0,0,0,273764
1,1,1,1,1427,484,780,325,200,-463,25,24,10,0,0,0,0,0,0,0,0,0,0,0,0,0,0,0,0,0,0,0,0,0,0,273774
1,1,1,1,1386,506,753,290,222,-617,25,23,5,0,0,0,0,0,0,0,0,0,0,0,0,0,0,0,0,0,0,0,0,0,0,273784
1,1,1,1,1368,576,770,400,258,-709,23,24,11,0,0,0,0,0,0,0,0,0,0,0,0,0,0,0,0,0,0,0,0,0,0,273794
1,1,1,1,1411,705,751,493,229,-707,23,23,11,0,0,0,0,0,0,0,0,0,0,0,0,0,0,0,0,0,0,0,0,0,0,273804
1,1,1,1,1523,800,736,391,158,-603,26,23,0,0,0,0,0,0,0,0,0,0,0,0,0,0,0,0,0,0,0,0,0,0,0,273814
1,1,1,1,1516,923,739,582,80,-468,28,24,4,0,0,0,0,0,0,0,0,0,0,0,0,0,0,0,0,0,0,0,0,0,0,273824
1,1,1,1,1465,981,720,906,25,-381,31,23,10,0,0,0,0,0,0,0,0,0,0,0,0,0,0,0,0,0,0,0,0,0,0,273834
1,1,1,1,1411,1024,682,1268,-36,-439,35,24,12,0,0,0,0,0,0,0,0,0,0,0,0,0,0,0,0,0,0,0,0,0,0,273844
1,1,1,1,1436,1108,629,1552,-88,-545,28,23,9,0,0,0,0,0,0,0,0,0,0,0,0,0,0,0,0,0,0,0,0,0,0,273854
1,1,1,1,1326,983,587,1497,-159,-686,31,23,6,0,0,0,0,0,0,0,0,0,0,0,0,0,0,0,0,0,0,0,0,0,0,273864
1,1,1,1,1251,1012,536,1326,-195,-766,30,23,11,0,0,0,0,0,0,0,0,0,0,0,0,0,0,0,0,0,0,0,0,0,0,273874
1,1,1,1,1344,1057,512,1396,-240,-781,28,23,12,0,0,0,0,0,0,0,0,0,0,0,0,0,0,0,0,0,0,0,0,0,0,273884
1,1,1,1,1281,951,449,1307,-291,-887,27,24,6,0,0,0,0,0,0,0,0,0,0,0,0,0,0,0,0,0,0,0,0,0,0,273894
1,1,1,1,1206,884,363,1119,-314,-1081,21,25,10,0,0,0,0,0,0,0,0,0,0,0,0,0,0,0,0,0,0,0,0,0,0,273904
1,1,1,1,1204,804,388,435,-244,-1308,20,24,21,0,0,0,0,0,0,0,0,0,0,0,0,0,0,0,0,0,0,0,0,0,0,273914
1,1,1,1,1168,850,351,-71,-102,-1486,26,23,16,0,0,0,0,0,0,0,0,0,0,0,0,0,0,0,0,0,0,0,0,0,0,273924
1,1,1,1,1106,955,334,137,21,-1466,26,21,13,0,0,0,0,0,0,0,0,0,0,0,0,0,0,0,0,0,0,0,0,0,0,273934
1,1,1,1,1051,953,338,170,69,-1308,26,20,12,0,0,0,0,0,0,0,0,0,0,0,0,0,0,0,0,0,0,0,0,0,0,273944
1,1,1,1,1070,925,287,5,79,-1110,21,23,5,0,0,0,0,0,0,0,0,0,0,0,0,0,0,0,0,0,0,0,0,0,0,273954
1,1,1,1,1117,851,277,-393,75,-969,20,22,5,0,0,0,0,0,0,0,0,0,0,0,0,0,0,0,0,0,0,0,0,0,0,273964
1,1,1,1,1240,861,306,-826,36,-955,18,22,7,0,0,0,0,0,0,0,0,0,0,0,0,0,0,0,0,0,0,0,0,0,0,273974
1,1,1,1,1231,868,406,-1216,41,-1092,24,21,16,0,0,0,0,0,0,0,0,0,0,0,0,0,0,0,0,0,0,0,0,0,0,273984
1,1,1,1,926,1155,422,-778,140,-1347,33,21,17,0,0,0,0,0,0,0,0,0,0,0,0,0,0,0,0,0,0,0,0,0,0,273994
1,1,1,1,853,1195,337,-98,224,-1497,28,22,17,0,0,0,0,0,0,0,0,0,0,0,0,0,0,0,0,0,0,0,0,0,0,274004
1,1,1,1,968,940,364,204,224,-1531,29,22,15,0,0,0,0,0,0,0,0,0,0,0,0,0,0,0,0,0,0,0,0,0,0,274014
1,1,1,1,1015,916,370,334,149,-1484,27,22,12,0,0,0,0,0,0,0,0,0,0,0,0,0,0,0,0,0,0,0,0,0,0,274024
1,1,1,1,994,1025,372,352,51,-1427,27,22,2,0,0,0,0,0,0,0,0,0,0,0,0,0,0,0,0,0,0,0,0,0,0,274034
1,1,1,1,948,1067,326,335,-42,-1312,28,22,9,0,0,0,0,0,0,0,0,0,0,0,0,0,0,0,0,0,0,0,0,0,0,274044
1,1,1,1,932,1077,320,302,-133,-1114,25,22,4,0,0,0,0,0,0,0,0,0,0,0,0,0,0,0,0,0,0,0,0,0,0,274054
1,1,1,1,953,1114,337,209,-219,-836,28,23,-1,0,0,0,0,0,0,0,0,0,0,0,0,0,0,0,0,0,0,0,0,0,0,274064
1,1,1,1,982,1147,328,182,-281,-541,28,22,1,0,0,0,0,0,0,0,0,0,0,0,0,0,0,0,0,0,0,0,0,0,0,274074
1,1,1,1,940,1187,282,137,-317,-369,23,23,6,0,0,0,0,0,0,0,0,0,0,0,0,0,0,0,0,0,0,0,0,0,0,274084
1,1,1,1,875,1213,278,-141,-360,-461,23,22,0,0,0,0,0,0,0,0,0,0,0,0,0,0,0,0,0,0,0,0,0,0,0,274094
1,1,1,1,852,1280,373,-363,-437,-681,22,22,5,0,0,0,0,0,0,0,0,0,0,0,0,0,0,0,0,0,0,0,0,0,0,274104
1,1,1,1,894,1206,445,-371,-422,-918,24,22,7,0,0,0,0,0,0,0,0,0,0,0,0,0,0,0,0,0,0,0,0,0,0,274114
1,1,1,1,783,1355,296,-104,-378,-1156,27,21,-5,0,0,0,0,0,0,0,0,0,0,0,0,0,0,0,0,0,0,0,0,0,0,274134
1,1,1,1,761,1487,179,242,-288,-1036,38,19,-5,0,0,0,0,0,0,0,0,0,0,0,0,0,0,0,0,0,0,0,0,0,0,274144
1,1,1,1,875,1557,37,869,-76,-849,28,19,-5,0,0,0,0,0,0,0,0,0,0,0,0,0,0,0,0,0,0,0,0,0,0,274154
1,1,1,1,803,1550,349,1009,338,-461,24,19,-5,0,0,0,0,0,0,0,0,0,0,0,0,0,0,0,0,0,0,0,0,0,0,274164
1,1,1,1,607,1511,355,504,617,39,27,20,-4,0,0,0,0,0,0,0,0,0,0,0,0,0,0,0,0,0,0,0,0,0,0,274174
1,1,1,1,526,1416,234,333,832,473,26,18,-5,0,0,0,0,0,0,0,0,0,0,0,0,0,0,0,0,0,0,0,0,0,0,274184
1,1,1,1,474,1406,180,303,932,739,23,21,-5,0,0,0,0,0,0,0,0,0,0,0,0,0,0,0,0,0,0,0,0,0,0,274194
1,1,1,1,469,1313,172,-104,717,712,16,22,-1,0,0,0,0,0,0,0,0,0,0,0,0,0,0,0,0,0,0,0,0,0,0,274204
1,1,1,1,559,1283,301,-839,355,541,19,21,0,0,0,0,0,0,0,0,0,0,0,0,0,0,0,0,0,0,0,0,0,0,0,274214
1,1,1,1,710,1411,398,-814,147,354,25,17,0,0,0,0,0,0,0,0,0,0,0,0,0,0,0,0,0,0,0,0,0,0,0,274224
1,1,1,1,799,1374,444,-598,197,116,23,22,8,0,0,0,0,0,0,0,0,0,0,0,0,0,0,0,0,0,0,0,0,0,0,274234
1,1,1,1,787,1286,443,-398,347,-75,21,21,2,0,0,0,0,0,0,0,0,0,0,0,0,0,0,0,0,0,0,0,0,0,0,274244
1,1,1,1,738,1159,507,-582,418,-60,13,23,5,0,0,0,0,0,0,0,0,0,0,0,0,0,0,0,0,0,0,0,0,0,0,274254
1,1,1,1,712,1099,579,-1344,417,205,12,20,-1,0,0,0,0,0,0,0,0,0,0,0,0,0,0,0,0,0,0,0,0,0,0,274264
1,1,1,1,719,1052,533,-2084,484,632,9,22,-5,0,0,0,0,0,0,0,0,0,0,0,0,0,0,0,0,0,0,0,0,0,0,274274
1,1,1,1,766,1060,587,-2653,574,1115,11,20,-5,0,0,0,0,0,0,0,0,0,0,0,0,0,0,0,0,0,0,0,0,0,0,274284
1,1,1,1,868,1133,739,-3035,658,1481,13,21,-5,0,0,0,0,0,0,0,0,0,0,0,0,0,0,0,0,0,0,0,0,0,0,274294
1,1,1,1,942,1160,772,-3069,740,1676,9,21,-5,0,0,0,0,0,0,0,0,0,0,0,0,0,0,0,0,0,0,0,0,0,0,274304
1,1,1,1,994,1116,804,-3189,891,1966,12,20,-5,0,0,0,0,0,0,0,0,0,0,0,0,0,0,0,0,0,0,0,0,0,0,274314
1,1,1,1,1003,1057,892,-3191,1008,2276,10,21,-4,0,0,0,0,0,0,0,0,0,0,0,0,0,0,0,0,0,0,0,0,0,0,274324
1,1,1,1,1020,868,953,-3024,1240,2559,14,20,-6,0,0,0,0,0,0,0,0,0,0,0,0,0,0,0,0,0,0,0,0,0,0,274344
1,1,1,1,1020,843,1012,-2800,1339,2422,16,20,-6,0,0,0,0,0,0,0,0,0,0,0,0,0,0,0,0,0,0,0,0,0,0,274354
1,1,1,1,1029,775,1087,-2452,1428,2074,17,21,-2,0,0,0,0,0,0,0,0,0,0,0,0,0,0,0,0,0,0,0,0,0,0,274364
1,1,1,1,998,751,1171,-2072,1492,1611,20,20,-1,0,0,0,0,0,0,0,0,0,0,0,0,0,0,0,0,0,0,0,0,0,0,274374
1,1,1,1,1026,790,1203,-1555,1520,1164,29,20,0,0,0,0,0,0,0,0,0,0,0,0,0,0,0,0,0,0,0,0,0,0,0,274384
1,1,1,1,1224,925,1044,-521,1570,874,30,20,-1,0,0,0,0,0,0,0,0,0,0,0,0,0,0,0,0,0,0,0,0,0,0,274394
1,1,1,1,1291,972,1038,502,1656,834,38,20,-4,0,0,0,0,0,0,0,0,0,0,0,0,0,0,0,0,0,0,0,0,0,0,274404
1,1,1,1,1185,980,1137,1552,1647,940,38,20,-5,0,0,0,0,0,0,0,0,0,0,0,0,0,0,0,0,0,0,0,0,0,0,274414
1,1,1,1,1064,850,1220,2273,1560,1072,33,21,-5,0,0,0,0,0,0,0,0,0,0,0,0,0,0,0,0,0,0,0,0,0,0,274424
1,1,1,1,929,687,1360,2175,1483,1214,24,21,-5,0,0,0,0,0,0,0,0,0,0,0,0,0,0,0,0,0,0,0,0,0,0,274434
1,1,1,1,802,622,1435,1344,1432,1291,20,19,-1,0,0,0,0,0,0,0,0,0,0,0,0,0,0,0,0,0,0,0,0,0,0,274444
1,1,1,1,743,629,1430,455,1402,1292,15,20,-3,0,0,0,0,0,0,0,0,0,0,0,0,0,0,0,0,0,0,0,0,0,0,274454
1,1,1,1,805,693,1321,-713,1384,1251,15,20,0,0,0,0,0,0,0,0,0,0,0,0,0,0,0,0,0,0,0,0,0,0,0,274464
1,1,1,1,877,708,1199,-1556,1382,1161,21,19,3,0,0,0,0,0,0,0,0,0,0,0,0,0,0,0,0,0,0,0,0,0,0,274474
1,1,1,1,883,805,1039,-1358,1352,1025,21,21,-2,0,0,0,0,0,0,0,0,0,0,0,0,0,0,0,0,0,0,0,0,0,0,274484
1,1,1,1,887,713,995,-848,1285,906,20,22,4,0,0,0,0,0,0,0,0,0,0,0,0,0,0,0,0,0,0,0,0,0,0,274494
1,1,1,1,888,646,1051,-563,1202,789,21,21,7,0,0,0,0,0,0,0,0,0,0,0,0,0,0,0,0,0,0,0,0,0,0,274504
1,1,1,1,956,640,1158,-492,1115,671,21,18,3,0,0,0,0,0,0,0,0,0,0,0,0,0,0,0,0,0,0,0,0,0,0,274514
1,1,1,1,1063,660,1391,-825,978,547,19,22,0,0,0,0,0,0,0,0,0,0,0,0,0,0,0,0,0,0,0,0,0,0,0,274524
1,1,1,1,1135,824,1408,-839,772,366,24,22,0,0,0,0,0,0,0,0,0,0,0,0,0,0,0,0,0,0,0,0,0,0,0,274534
1,1,1,1,1064,726,1209,-344,506,188,25,22,1,0,0,0,0,0,0,0,0,0,0,0,0,0,0,0,0,0,0,0,0,0,0,274544
1,1,1,1,934,617,1208,54,242,71,27,22,11,0,0,0,0,0,0,0,0,0,0,0,0,0,0,0,0,0,0,0,0,0,0,274554
1,1,1,1,802,637,1112,499,31,-110,36,25,8,0,0,0,0,0,0,0,0,0,0,0,0,0,0,0,0,0,0,0,0,0,0,274564
1,1,1,1,798,745,958,1417,-46,-255,34,19,8,0,0,0,0,0,0,0,0,0,0,0,0,0,0,0,0,0,0,0,0,0,0,274574
1,1,1,1,759,628,890,1801,-2,-319,29,24,7,0,0,0,0,0,0,0,0,0,0,0,0,0,0,0,0,0,0,0,0,0,0,274584
1,1,1,1,748,514,948,1417,40,-300,30,21,6,0,0,0,0,0,0,0,0,0,0,0,0,0,0,0,0,0,0,0,0,0,0,274594
1,1,1,1,732,487,962,1080,5,-285,27,22,5,0,0,0,0,0,0,0,0,0,0,0,0,0,0,0,0,0,0,0,0,0,0,274604
1,1,1,1,758,455,1013,733,-139,-269,31,23,9,0,0,0,0,0,0,0,0,0,0,0,0,0,0,0,0,0,0,0,0,0,0,274614
1,1,1,1,860,466,1067,841,-200,-320,35,22,11,0,0,0,0,0,0,0,0,0,0,0,0,0,0,0,0,0,0,0,0,0,0,274624
1,1,1,1,882,471,973,1417,-246,-433,34,23,8,0,0,0,0,0,0,0,0,0,0,0,0,0,0,0,0,0,0,0,0,0,0,274634
1,1,1,1,825,446,864,1812,-357,-571,27,23,7,0,0,0,0,0,0,0,0,0,0,0,0,0,0,0,0,0,0,0,0,0,0,274644
1,1,1,1,650,346,905,1445,-569,-565,26,24,4,0,0,0,0,0,0,0,0,0,0,0,0,0,0,0,0,0,0,0,0,0,0,274654
1,1,1,1,573,425,1081,838,-846,-429,23,23,-5,0,0,0,0,0,0,0,0,0,0,0,0,0,0,0,0,0,0,0,0,0,0,274664
1,1,1,1,596,548,1298,212,-954,-326,23,22,1,0,0,0,0,0,0,0,0,0,0,0,0,0,0,0,0,0,0,0,0,0,0,274674
1,1,1,1,589,573,1360,-215,-810,-315,27,20,2,0,0,0,0,0,0,0,0,0,0,0,0,0,0,0,0,0,0,0,0,0,0,274684
1,1,1,1,495,776,1312,-113,-486,-445,23,21,9,0,0,0,0,0,0,0,0,0,0,0,0,0,0,0,0,0,0,0,0,0,0,274694
1,1,1,1,488,779,1122,-188,-193,-616,21,20,6,0,0,0,0,0,0,0,0,0,0,0,0,0,0,0,0,0,0,0,0,0,0,274704
1,1,1,1,514,725,973,-483,74,-736,17,20,0,0,0,0,0,0,0,0,0,0,0,0,0,0,0,0,0,0,0,0,0,0,0,274714
1,1,1,1,415,598,835,-1112,295,-741,18,20,1,0,0,0,0,0,0,0,0,0,0,0,0,0,0,0,0,0,0,0,0,0,0,274724
1,1,1,1,376,636,789,-1506,438,-629,20,20,2,0,0,0,0,0,0,0,0,0,0,0,0,0,0,0,0,0,0,0,0,0,0,274734
1,1,1,1,402,752,820,-1380,512,-422,22,21,0,0,0,0,0,0,0,0,0,0,0,0,0,0,0,0,0,0,0,0,0,0,0,274744
1,1,1,1,385,739,931,-1158,558,-254,26,20,8,0,0,0,0,0,0,0,0,0,0,0,0,0,0,0,0,0,0,0,0,0,0,274754
1,1,1,1,185,788,1069,-874,627,-316,31,18,14,0,0,0,0,0,0,0,0,0,0,0,0,0,0,0,0,0,0,0,0,0,0,274764
1,1,1,1,-7,861,939,-76,733,-743,30,18,17,0,0,0,0,0,0,0,0,0,0,0,0,0,0,0,0,0,0,0,0,0,0,274774
1,1,1,1,-112,837,860,593,987,-1432,21,20,23,0,0,0,0,0,0,0,0,0,0,0,0,0,0,0,0,0,0,0,0,0,0,274784
1,1,1,1,-223,814,1022,140,1337,-2104,15,17,25,0,0,0,0,0,0,0,0,0,0,0,0,0,0,0,0,0,0,0,0,0,0,274794
1,1,1,1,-182,802,1075,-940,1592,-2573,17,19,26,0,0,0,0,0,0,0,0,0,0,0,0,0,0,0,0,0,0,0,0,0,0,274804
1,1,1,1,-13,1086,927,-856,1733,-2811,41,20,29,0,0,0,0,0,0,0,0,0,0,0,0,0,0,0,0,0,0,0,0,0,0,274814
1,1,1,1,199,1614,698,1524,1521,-2999,43,25,32,0,0,0,0,0,0,0,0,0,0,0,0,0,0,0,0,0,0,0,0,0,0,274824
1,1,1,1,293,1446,930,3291,973,-3270,35,27,33,0,0,0,0,0,0,0,0,0,0,0,0,0,0,0,0,0,0,0,0,0,0,274834
1,1,1,1,238,1125,1263,3476,223,-3516,31,25,32,0,0,0,0,0,0,0,0,0,0,0,0,0,0,0,0,0,0,0,0,0,0,274844
1,1,1,1,43,832,1391,2968,-607,-3711,30,25,33,0,0,0,0,0,0,0,0,0,0,0,0,0,0,0,0,0,0,0,0,0,0,274854
1,1,1,1,-158,717,1422,2319,-1479,-3793,28,27,33,0,0,0,0,0,0,0,0,0,0,0,0,0,0,0,0,0,0,0,0,0,0,274864
1,1,1,1,-291,887,1386,1705,-2288,-3782,28,28,31,0,0,0,0,0,0,0,0,0,0,0,0,0,0,0,0,0,0,0,0,0,0,274874
1,1,1,1,-239,1167,1117,1299,-2917,-3653,27,27,26,0,0,0,0,0,0,0,0,0,0,0,0,0,0,0,0,0,0,0,0,0,0,274884
1,1,1,1,-60,1443,794,1148,-3287,-3331,25,26,18,0,0,0,0,0,0,0,0,0,0,0,0,0,0,0,0,0,0,0,0,0,0,274894
1,1,1,1,18,1723,403,1002,-3345,-2763,18,25,7,0,0,0,0,0,0,0,0,0,0,0,0,0,0,0,0,0,0,0,0,0,0,274904
1,1,1,1,-25,1383,614,347,-3199,-1733,16,24,0,0,0,0,0,0,0,0,0,0,0,0,0,0,0,0,0,0,0,0,0,0,0,274914
1,1,1,1,-186,1207,760,-513,-2957,-921,15,24,3,0,0,0,0,0,0,0,0,0,0,0,0,0,0,0,0,0,0,0,0,0,0,274924
1,1,1,1,-246,1149,856,-1088,-2541,-507,17,22,6,0,0,0,0,0,0,0,0,0,0,0,0,0,0,0,0,0,0,0,0,0,0,274934
1,1,1,1,-370,1242,797,-1318,-2062,-480,14,21,10,0,0,0,0,0,0,0,0,0,0,0,0,0,0,0,0,0,0,0,0,0,0,274944
1,1,1,1,-302,1188,633,-1284,-1500,-720,17,21,11,0,0,0,0,0,0,0,0,0,0,0,0,0,0,0,0,0,0,0,0,0,0,274954
1,1,1,1,-230,1071,600,-1360,-958,-1134,18,21,19,0,0,0,0,0,0,0,0,0,0,0,0,0,0,0,0,0,0,0,0,0,0,274964
1,1,1,1,-250,960,728,-1352,-601,-1589,18,22,19,0,0,0,0,0,0,0,0,0,0,0,0,0,0,0,0,0,0,0,0,0,0,274974
1,1,1,1,-208,926,831,-1359,-479,-1852,20,23,15,0,0,0,0,0,0,0,0,0,0,0,0,0,0,0,0,0,0,0,0,0,0,274984
1,1,1,1,20,1066,887,-1162,-584,-1843,24,24,11,0,0,0,0,0,0,0,0,0,0,0,0,0,0,0,0,0,0,0,0,0,0,274994
1,1,1,1,246,1332,938,-701,-804,-1610,25,24,5,0,0,0,0,0,0,0,0,0,0,0,0,0,0,0,0,0,0,0,0,0,0,275004
1,1,1,1,380,1443,1002,-295,-941,-1275,25,20,5,0,0,0,0,0,0,0,0,0,0,0,0,0,0,0,0,0,0,0,0,0,0,275014
1,1,1,1,493,1361,935,-74,-723,-942,28,20,-5,0,0,0,0,0,0,0,0,0,0,0,0,0,0,0,0,0,0,0,0,0,0,275024
1,1,1,1,458,1135,1059,252,-336,-636,24,20,1,0,0,0,0,0,0,0,0,0,0,0,0,0,0,0,0,0,0,0,0,0,0,275034
1,1,1,1,178,793,1285,15,-165,-398,19,21,0,0,0,0,0,0,0,0,0,0,0,0,0,0,0,0,0,0,0,0,0,0,0,275044
1,1,1,1,41,759,1353,-611,-233,-259,24,21,1,0,0,0,0,0,0,0,0,0,0,0,0,0,0,0,0,0,0,0,0,0,0,275054
1,1,1,1,25,855,1329,-685,-318,-286,28,23,9,0,0,0,0,0,0,0,0,0,0,0,0,0,0,0,0,0,0,0,0,0,0,275064
1,1,1,1,91,825,1298,-190,-434,-498,26,22,8,0,0,0,0,0,0,0,0,0,0,0,0,0,0,0,0,0,0,0,0,0,0,275074
1,1,1,1,52,874,1248,128,-570,-757,23,23,13,0,0,0,0,0,0,0,0,0,0,0,0,0,0,0,0,0,0,0,0,0,0,275084
1,1,1,1,9,987,1203,225,-717,-956,24,21,6,0,0,0,0,0,0,0,0,0,0,0,0,0,0,0,0,0,0,0,0,0,0,275094
1,1,1,1,27,1120,1251,190,-822,-1046,27,20,6,0,0,0,0,0,0,0,0,0,0,0,0,0,0,0,0,0,0,0,0,0,0,275104
1,1,1,1,195,1240,1286,100,-850,-949,20,21,0,0,0,0,0,0,0,0,0,0,0,0,0,0,0,0,0,0,0,0,0,0,0,275114
1,1,1,1,290,1456,1478,-459,-788,-724,20,22,0,0,0,0,0,0,0,0,0,0,0,0,0,0,0,0,0,0,0,0,0,0,0,275124
1,1,1,1,235,1468,1426,-629,-711,-489,24,21,1,0,0,0,0,0,0,0,0,0,0,0,0,0,0,0,0,0,0,0,0,0,0,275134
1,1,1,1,41,1131,1338,-213,-893,-102,17,28,1,0,0,0,0,0,0,0,0,0,0,0,0,0,0,0,0,0,0,0,0,0,0,275144
1,1,1,1,-36,1126,1244,-276,-1024,71,22,20,6,0,0,0,0,0,0,0,0,0,0,0,0,0,0,0,0,0,0,0,0,0,0,275154
1,1,1,1,-182,1082,1066,-316,-901,31,20,23,2,0,0,0,0,0,0,0,0,0,0,0,0,0,0,0,0,0,0,0,0,0,0,275164
1,1,1,1,-274,1013,982,-237,-668,-24,21,21,5,0,0,0,0,0,0,0,0,0,0,0,0,0,0,0,0,0,0,0,0,0,0,275174
1,1,1,1,-227,926,968,-291,-466,-79,23,19,4,0,0,0,0,0,0,0,0,0,0,0,0,0,0,0,0,0,0,0,0,0,0,275184
1,1,1,1,-182,898,1001,-376,-271,-148,25,19,5,0,0,0,0,0,0,0,0,0,0,0,0,0,0,0,0,0,0,0,0,0,0,275194
1,1,1,1,-101,912,1028,-438,-124,-230,24,20,6,0,0,0,0,0,0,0,0,0,0,0,0,0,0,0,0,0,0,0,0,0,0,275204
1,1,1,1,9,974,974,-455,-52,-277,24,21,9,0,0,0,0,0,0,0,0,0,0,0,0,0,0,0,0,0,0,0,0,0,0,275214
1,1,1,1,116,1015,933,-258,-42,-287,24,21,8,0,0,0,0,0,0,0,0,0,0,0,0,0,0,0,0,0,0,0,0,0,0,275224
1,1,1,1,205,1050,979,-19,-112,-238,24,21,6,0,0,0,0,0,0,0,0,0,0,0,0,0,0,0,0,0,0,0,0,0,0,275234
1,1,1,1,301,1054,1100,7,-137,-148,23,21,4,0,0,0,0,0,0,0,0,0,0,0,0,0,0,0,0,0,0,0,0,0,0,275244
1,1,1,1,359,1008,1162,-87,-181,-62,24,22,5,0,0,0,0,0,0,0,0,0,0,0,0,0,0,0,0,0,0,0,0,0,0,275254
1,1,1,1,186,896,1191,-126,-286,-2,26,22,7,0,0,0,0,0,0,0,0,0,0,0,0,0,0,0,0,0,0,0,0,0,0,275264
1,1,1,1,86,854,1122,-103,-380,-23,28,22,6,0,0,0,0,0,0,0,0,0,0,0,0,0,0,0,0,0,0,0,0,0,0,275274
1,1,1,1,20,877,1032,10,-391,-124,25,20,5,0,0,0,0,0,0,0,0,0,0,0,0,0,0,0,0,0,0,0,0,0,0,275284
1,1,1,1,-4,914,1013,-7,-272,-269,24,21,3,0,0,0,0,0,0,0,0,0,0,0,0,0,0,0,0,0,0,0,0,0,0,275294
1,1,1,1,26,896,954,-45,-96,-346,24,20,1,0,0,0,0,0,0,0,0,0,0,0,0,0,0,0,0,0,0,0,0,0,0,275304
1,1,1,1,28,921,956,75,0,-279,24,21,2,0,0,0,0,0,0,0,0,0,0,0,0,0,0,0,0,0,0,0,0,0,0,275314
1,1,1,1,53,904,1099,186,128,-283,20,21,8,0,0,0,0,0,0,0,0,0,0,0,0,0,0,0,0,0,0,0,0,0,0,275324
1,1,1,1,84,754,1232,-168,370,-407,19,21,9,0,0,0,0,0,0,0,0,0,0,0,0,0,0,0,0,0,0,0,0,0,0,275334
1,1,1,1,159,855,1131,-514,430,-342,22,20,3,0,0,0,0,0,0,0,0,0,0,0,0,0,0,0,0,0,0,0,0,0,0,275344
1,1,1,1,227,961,1155,-488,478,-289,23,21,0,0,0,0,0,0,0,0,0,0,0,0,0,0,0,0,0,0,0,0,0,0,0,275354
1,1,1,1,283,1016,1210,-588,468,-215,22,20,-2,0,0,0,0,0,0,0,0,0,0,0,0,0,0,0,0,0,0,0,0,0,0,275364
1,1,1,1,312,1105,1295,-759,354,-82,28,21,0,0,0,0,0,0,0,0,0,0,0,0,0,0,0,0,0,0,0,0,0,0,0,275374
1,1,1,1,312,1105,1295,-294,226,16,25,20,0,0,0,0,0,0,0,0,0,0,0,0,0,0,0,0,0,0,0,0,0,0,0,275384
1,1,1,1,85,843,1205,-54,155,-13,22,23,5,0,0,0,0,0,0,0,0,0,0,0,0,0,0,0,0,0,0,0,0,0,0,275394
1,1,1,1,85,843,1205,-126,141,-77,24,19,1,0,0,0,0,0,0,0,0,0,0,0,0,0,0,0,0,0,0,0,0,0,0,275404
1,1,1,1,66,856,1121,51,202,-86,21,21,0,0,0,0,0,0,0,0,0,0,0,0,0,0,0,0,0,0,0,0,0,0,0,275414
1,1,1,1,80,877,1100,52,248,-91,24,17,0,0,0,0,0,0,0,0,0,0,0,0,0,0,0,0,0,0,0,0,0,0,0,275424
1,1,1,1,218,894,1101,102,283,-112,24,22,5,0,0,0,0,0,0,0,0,0,0,0,0,0,0,0,0,0,0,0,0,0,0,275434
1,1,1,1,78,886,1151,210,283,-139,21,22,8,0,0,0,0,0,0,0,0,0,0,0,0,0,0,0,0,0,0,0,0,0,0,275444
1,1,1,1,15,849,1153,130,280,-179,21,22,5,0,0,0,0,0,0,0,0,0,0,0,0,0,0,0,0,0,0,0,0,0,0,275454
1,1,1,1,27,916,1140,159,283,-181,23,21,1,0,0,0,0,0,0,0,0,0,0,0,0,0,0,0,0,0,0,0,0,0,0,275464
1,1,1,1,-36,955,1211,169,304,-123,27,20,4,0,0,0,0,0,0,0,0,0,0,0,0,0,0,0,0,0,0,0,0,0,0,275474
1,1,1,1,99,1059,1233,297,243,-15,29,19,1,0,0,0,0,0,0,0,0,0,0,0,0,0,0,0,0,0,0,0,0,0,0,275484
1,1,1,1,153,1008,1277,455,88,86,25,21,1,0,0,0,0,0,0,0,0,0,0,0,0,0,0,0,0,0,0,0,0,0,0,275494
1,1,1,1,98,857,1251,489,6,96,24,21,3,0,0,0,0,0,0,0,0,0,0,0,0,0,0,0,0,0,0,0,0,0,0,275504
1,1,1,1,-12,757,1254,255,-44,50,24,21,5,0,0,0,0,0,0,0,0,0,0,0,0,0,0,0,0,0,0,0,0,0,0,275514
1,1,1,1,-69,790,1156,88,-13,-29,23,19,4,0,0,0,0,0,0,0,0,0,0,0,0,0,0,0,0,0,0,0,0,0,0,275524
1,1,1,1,-145,866,1086,181,84,-95,26,21,0,0,0,0,0,0,0,0,0,0,0,0,0,0,0,0,0,0,0,0,0,0,0,275534
1,1,1,1,-149,1055,1189,479,45,1,25,19,7,0,0,0,0,0,0,0,0,0,0,0,0,0,0,0,0,0,0,0,0,0,0,275544
1,1,1,1,-4,936,1099,468,39,51,23,20,5,0,0,0,0,0,0,0,0,0,0,0,0,0,0,0,0,0,0,0,0,0,0,275554
1,1,1,1,-117,949,1085,326,48,43,25,20,5,0,0,0,0,0,0,0,0,0,0,0,0,0,0,0,0,0,0,0,0,0,0,275564
1,1,1,1,-71,927,1130,346,35,41,26,21,-1,0,0,0,0,0,0,0,0,0,0,0,0,0,0,0,0,0,0,0,0,0,0,275574
1,1,1,1,16,931,1130,431,14,14,24,20,3,0,0,0,0,0,0,0,0,0,0,0,0,0,0,0,0,0,0,0,0,0,0,275584
1,1,1,1,-6,961,1090,380,-4,-5,25,20,6,0,0,0,0,0,0,0,0,0,0,0,0,0,0,0,0,0,0,0,0,0,0,275594
1,1,1,1,1,973,1070,270,-2,-1,25,20,1,0,0,0,0,0,0,0,0,0,0,0,0,0,0,0,0,0,0,0,0,0,0,275604
1,1,1,1,7,951,1109,379,6,0,24,20,2,0,0,0,0,0,0,0,0,0,0,0,0,0,0,0,0,0,0,0,0,0,0,275614
1,1,1,1,18,959,1100,429,-30,-27,24,20,5,0,0,0,0,0,0,0,0,0,0,0,0,0,0,0,0,0,0,0,0,0,0,275624
1,1,1,1,58,963,1095,371,-99,-101,23,20,7,0,0,0,0,0,0,0,0,0,0,0,0,0,0,0,0,0,0,0,0,0,0,275634
1,1,1,1,15,970,1082,352,-155,-159,23,20,4,0,0,0,0,0,0,0,0,0,0,0,0,0,0,0,0,0,0,0,0,0,0,275644
1,1,1,1,-31,990,1064,337,-177,-180,26,20,5,0,0,0,0,0,0,0,0,0,0,0,0,0,0,0,0,0,0,0,0,0,0,275654
1,1,1,1,-47,1007,1037,283,-172,-172,26,19,3,0,0,0,0,0,0,0,0,0,0,0,0,0,0,0,0,0,0,0,0,0,0,275664
1,1,1,1,-2,1016,1024,181,-132,-134,27,19,4,0,0,0,0,0,0,0,0,0,0,0,0,0,0,0,0,0,0,0,0,0,0,275674
1,1,1,1,-9,1018,1030,128,-67,-71,26,19,0,0,0,0,0,0,0,0,0,0,0,0,0,0,0,0,0,0,0,0,0,0,0,275684
1,1,1,1,-10,1019,1031,103,-8,-4,25,20,6,0,0,0,0,0,0,0,0,0,0,0,0,0,0,0,0,0,0,0,0,0,0,275694
1,1,1,1,-2,1012,1032,64,25,25,26,19,4,0,0,0,0,0,0,0,0,0,0,0,0,0,0,0,0,0,0,0,0,0,0,275704
1,1,1,1,0,1005,1057,98,23,20,25,21,4,0,0,0,0,0,0,0,0,0,0,0,0,0,0,0,0,0,0,0,0,0,0,275714
1,1,1,1,1,994,1074,200,12,7,24,20,2,0,0,0,0,0,0,0,0,0,0,0,0,0,0,0,0,0,0,0,0,0,0,275724
1,1,1,1,-3,1006,1057,263,-4,-4,24,17,2,0,0,0,0,0,0,0,0,0,0,0,0,0,0,0,0,0,0,0,0,0,0,275734
1,1,1,1,-2,1014,1037,257,-4,2,25,18,-2,0,0,0,0,0,0,0,0,0,0,0,0,0,0,0,0,0,0,0,0,0,0,275744
1,1,1,1,-4,1020,1041,287,-4,9,25,22,5,0,0,0,0,0,0,0,0,0,0,0,0,0,0,0,0,0,0,0,0,0,0,275754
1,1,1,1,1,1022,1033,330,12,8,25,20,4,0,0,0,0,0,0,0,0,0,0,0,0,0,0,0,0,0,0,0,0,0,0,275764
1,1,1,1,0,1031,1012,290,-3,5,26,17,0,0,0,0,0,0,0,0,0,0,0,0,0,0,0,0,0,0,0,0,0,0,0,275774
1,1,1,1,5,1031,1017,265,-10,0,27,20,-1,0,0,0,0,0,0,0,0,0,0,0,0,0,0,0,0,0,0,0,0,0,0,275784
1,1,1,1,1,1038,1009,227,-1,-1,24,20,7,0,0,0,0,0,0,0,0,0,0,0,0,0,0,0,0,0,0,0,0,0,0,275794
1,1,1,1,1,1045,994,160,3,-1,23,20,5,0,0,0,0,0,0,0,0,0,0,0,0,0,0,0,0,0,0,0,0,0,0,275804
1,1,1,1,-2,1050,989,98,0,-1,24,20,4,0,0,0,0,0,0,0,0,0,0,0,0,0,0,0,0,0,0,0,0,0,0,275814
1,1,1,1,-1,1048,992,15,-4,-2,23,20,2,0,0,0,0,0,0,0,0,0,0,0,0,0,0,0,0,0,0,0,0,0,0,275824
1,1,1,1,0,1044,991,-54,-8,-4,21,20,5,0,0,0,0,0,0,0,0,0,0,0,0,0,0,0,0,0,0,0,0,0,0,275834
1,1,1,1,2,1046,1000,-106,-11,-5,20,20,1,0,0,0,0,0,0,0,0,0,0,0,0,0,0,0,0,0,0,0,0,0,0,275844
1,1,1,1,-2,1043,1000,-145,-9,-5,24,19,4,0,0,0,0,0,0,0,0,0,0,0,0,0,0,0,0,0,0,0,0,0,0,275854
1,1,1,1,-1,1040,1009,-183,-5,-7,24,20,1,0,0,0,0,0,0,0,0,0,0,0,0,0,0,0,0,0,0,0,0,0,0,275864
1,1,1,1,4,1039,1012,-207,-7,-6,23,20,0,0,0,0,0,0,0,0,0,0,0,0,0,0,0,0,0,0,0,0,0,0,0,275874
1,1,1,1,-3,1033,1023,-206,1,-4,22,20,2,0,0,0,0,0,0,0,0,0,0,0,0,0,0,0,0,0,0,0,0,0,0,275884
1,1,1,1,-4,1029,1022,-208,-4,-6,22,20,1,0,0,0,0,0,0,0,0,0,0,0,0,0,0,0,0,0,0,0,0,0,0,275894
1,1,1,1,-1,1024,1024,-212,-10,-5,22,20,5,0,0,0,0,0,0,0,0,0,0,0,0,0,0,0,0,0,0,0,0,0,0,275904
1,1,1,1,3,1019,1030,-202,0,-3,21,20,2,0,0,0,0,0,0,0,0,0,0,0,0,0,0,0,0,0,0,0,0,0,0,275914
1,1,1,1,2,1019,1037,-173,-3,-4,21,19,1,0,0,0,0,0,0,0,0,0,0,0,0,0,0,0,0,0,0,0,0,0,0,275924
1,1,1,1,-2,1013,1049,-119,-2,-3,22,20,3,0,0,0,0,0,0,0,0,0,0,0,0,0,0,0,0,0,0,0,0,0,0,275934
1,1,1,1,-1,1013,1051,-59,-12,-5,26,20,2,0,0,0,0,0,0,0,0,0,0,0,0,0,0,0,0,0,0,0,0,0,0,275944
1,1,1,1,-1,1017,1045,1,-1,-4,24,20,3,0,0,0,0,0,0,0,0,0,0,0,0,0,0,0,0,0,0,0,0,0,0,275954
1,1,1,1,0,1013,1052,48,1,-4,26,20,3,0,0,0,0,0,0,0,0,0,0,0,0,0,0,0,0,0,0,0,0,0,0,275964
1,1,1,1,1,1014,1053,107,-5,-2,26,20,2,0,0,0,0,0,0,0,0,0,0,0,0,0,0,0,0,0,0,0,0,0,0,275974
1,1,1,1,0,1016,1043,157,-6,-1,26,19,5,0,0,0,0,0,0,0,0,0,0,0,0,0,0,0,0,0,0,0,0,0,0,275984
1,1,1,1,-2,1025,1037,180,-5,-1,26,19,3,0,0,0,0,0,0,0,0,0,0,0,0,0,0,0,0,0,0,0,0,0,0,275994
1,1,1,1,-3,1024,1029,188,-7,0,26,21,3,0,0,0,0,0,0,0,0,0,0,0,0,0,0,0,0,0,0,0,0,0,0,276004
1,1,1,1,2,1031,1023,183,-5,1,25,19,5,0,0,0,0,0,0,0,0,0,0,0,0,0,0,0,0,0,0,0,0,0,0,276014
1,1,1,1,-1,1033,1025,168,-5,4,27,18,2,0,0,0,0,0,0,0,0,0,0,0,0,0,0,0,0,0,0,0,0,0,0,276024
1,1,1,1,-1,1031,1010,142,0,1,24,22,1,0,0,0,0,0,0,0,0,0,0,0,0,0,0,0,0,0,0,0,0,0,0,276034
1,1,1,1,-1,1036,1011,107,-2,0,24,19,3,0,0,0,0,0,0,0,0,0,0,0,0,0,0,0,0,0,0,0,0,0,0,276044
1,1,1,1,1,1040,1008,67,-8,0,22,19,6,0,0,0,0,0,0,0,0,0,0,0,0,0,0,0,0,0,0,0,0,0,0,276054
1,1,1,1,0,1042,1008,37,-3,0,23,21,3,0,0,0,0,0,0,0,0,0,0,0,0,0,0,0,0,0,0,0,0,0,0,276064
1,1,1,1,1,1039,1010,5,0,-1,24,20,-2,0,0,0,0,0,0,0,0,0,0,0,0,0,0,0,0,0,0,0,0,0,0,276074
1,1,1,1,3,1037,1009,-28,0,-3,24,19,5,0,0,0,0,0,0,0,0,0,0,0,0,0,0,0,0,0,0,0,0,0,0,276084
1,1,1,1,4,1036,1012,-57,0,-4,24,21,0,0,0,0,0,0,0,0,0,0,0,0,0,0,0,0,0,0,0,0,0,0,0,276094
1,1,1,1,2,1035,1013,-77,-3,-3,23,20,2,0,0,0,0,0,0,0,0,0,0,0,0,0,0,0,0,0,0,0,0,0,0,276104
1,1,1,1,4,1034,1018,-88,-1,-3,24,20,0,0,0,0,0,0,0,0,0,0,0,0,0,0,0,0,0,0,0,0,0,0,0,276114
1,1,1,1,1,1033,1019,-95,0,-3,25,19,4,0,0,0,0,0,0,0,0,0,0,0,0,0,0,0,0,0,0,0,0,0,0,276124
1,1,1,1,2,1033,1019,-90,-3,-4,25,19,5,0,0,0,0,0,0,0,0,0,0,0,0,0,0,0,0,0,0,0,0,0,0,276134
1,1,1,1,1,1030,1025,-78,-1,-3,25,19,4,0,0,0,0,0,0,0,0,0,0,0,0,0,0,0,0,0,0,0,0,0,0,276144
1,1,1,1,0,1030,1028,-58,-4,-4,23,20,3,0,0,0,0,0,0,0,0,0,0,0,0,0,0,0,0,0,0,0,0,0,0,276154
1,1,1,1,-5,1030,1029,-28,-3,-2,25,20,-2,0,0,0,0,0,0,0,0,0,0,0,0,0,0,0,0,0,0,0,0,0,0,276164
1,1,1,1,1,1030,1030,2,2,1,26,20,4,0,0,0,0,0,0,0,0,0,0,0,0,0,0,0,0,0,0,0,0,0,0,276174
1,1,1,1,2,1026,1032,26,-8,-3,23,20,4,0,0,0,0,0,0,0,0,0,0,0,0,0,0,0,0,0,0,0,0,0,0,276184
1,1,1,1,0,1028,1025,45,-7,-2,24,20,3,0,0,0,0,0,0,0,0,0,0,0,0,0,0,0,0,0,0,0,0,0,0,276194
1,1,1,1,4,1031,1021,61,4,0,24,20,4,0,0,0,0,0,0,0,0,0,0,0,0,0,0,0,0,0,0,0,0,0,0,276204
1,1,1,1,-4,1031,1018,61,-2,0,24,20,0,0,0,0,0,0,0,0,0,0,0,0,0,0,0,0,0,0,0,0,0,0,0,276214
1,1,1,1,-2,1035,1018,48,-8,0,21,20,2,0,0,0,0,0,0,0,0,0,0,0,0,0,0,0,0,0,0,0,0,0,0,276224
1,1,1,1,4,1040,1015,24,-5,-3,22,20,3,0,0,0,0,0,0,0,0,0,0,0,0,0,0,0,0,0,0,0,0,0,0,276234
1,1,1,1,0,1038,1012,-1,-6,-2,24,19,6,0,0,0,0,0,0,0,0,0,0,0,0,0,0,0,0,0,0,0,0,0,0,276244
1,1,1,1,4,1033,1010,-20,-6,-2,23,20,2,0,0,0,0,0,0,0,0,0,0,0,0,0,0,0,0,0,0,0,0,0,0,276254
1,1,1,1,1,1036,1015,-32,-6,-3,25,20,2,0,0,0,0,0,0,0,0,0,0,0,0,0,0,0,0,0,0,0,0,0,0,276264
1,1,1,1,-1,1037,1021,-39,-4,-2,24,20,9,0,0,0,0,0,0,0,0,0,0,0,0,0,0,0,0,0,0,0,0,0,0,276274
1,1,1,1,-1,1033,1020,-40,-3,-2,23,20,-1,0,0,0,0,0,0,0,0,0,0,0,0,0,0,0,0,0,0,0,0,0,0,276284
1,1,1,1,1,1032,1022,-30,-3,-2,24,20,6,0,0,0,0,0,0,0,0,0,0,0,0,0,0,0,0,0,0,0,0,0,0,276294
1,1,1,1,0,1030,1028,-5,-2,-1,25,16,5,0,0,0,0,0,0,0,0,0,0,0,0,0,0,0,0,0,0,0,0,0,0,276304
1,1,1,1,3,1028,1027,23,-6,-2,22,20,5,0,0,0,0,0,0,0,0,0,0,0,0,0,0,0,0,0,0,0,0,0,0,276314
1,1,1,1,0,1034,1021,53,-6,-2,23,22,5,0,0,0,0,0,0,0,0,0,0,0,0,0,0,0,0,0,0,0,0,0,0,276324
1,1,1,1,0,1034,1018,74,1,-2,20,24,4,0,0,0,0,0,0,0,0,0,0,0,0,0,0,0,0,0,0,0,0,0,0,276334
1,1,1,1,1,1037,1021,89,-9,-1,22,19,7,0,0,0,0,0,0,0,0,0,0,0,0,0,0,0,0,0,0,0,0,0,0,276354
1,1,1,1,1,1039,1010,81,-3,1,21,22,6,0,0,0,0,0,0,0,0,0,0,0,0,0,0,0,0,0,0,0,0,0,0,276364
1,1,1,1,0,1037,1013,54,1,-1,23,18,5,0,0,0,0,0,0,0,0,0,0,0,0,0,0,0,0,0,0,0,0,0,0,276374
1,1,1,1,0,1044,1007,24,-5,0,24,21,8,0,0,0,0,0,0,0,0,0,0,0,0,0,0,0,0,0,0,0,0,0,0,276384
1,1,1,1,3,1041,1002,-9,-6,-1,25,19,5,0,0,0,0,0,0,0,0,0,0,0,0,0,0,0,0,0,0,0,0,0,0,276394
1,1,1,1,4,1040,1006,-40,0,-2,24,20,8,0,0,0,0,0,0,0,0,0,0,0,0,0,0,0,0,0,0,0,0,0,0,276404
1,1,1,1,2,1040,1007,-71,2,-2,24,19,6,0,0,0,0,0,0,0,0,0,0,0,0,0,0,0,0,0,0,0,0,0,0,276414
1,1,1,1,0,1038,1010,-94,1,-3,24,19,1,0,0,0,0,0,0,0,0,0,0,0,0,0,0,0,0,0,0,0,0,0,0,276424
1,1,1,1,1,1037,1016,-113,-2,-4,23,20,4,0,0,0,0,0,0,0,0,0,0,0,0,0,0,0,0,0,0,0,0,0,0,276434
1,1,1,1,1,1034,1019,-120,-5,-4,21,21,6,0,0,0,0,0,0,0,0,0,0,0,0,0,0,0,0,0,0,0,0,0,0,276444
1,1,1,1,0,1031,1023,-115,-3,-3,21,20,6,0,0,0,0,0,0,0,0,0,0,0,0,0,0,0,0,0,0,0,0,0,0,276454
1,1,1,1,-2,1030,1022,-99,-1,-3,21,21,6,0,0,0,0,0,0,0,0,0,0,0,0,0,0,0,0,0,0,0,0,0,0,276464
1,1,1,1,1,1029,1028,-78,-1,-4,23,20,2,0,0,0,0,0,0,0,0,0,0,0,0,0,0,0,0,0,0,0,0,0,0,276474
1,1,1,1,3,1028,1031,-55,-3,-3,23,20,4,0,0,0,0,0,0,0,0,0,0,0,0,0,0,0,0,0,0,0,0,0,0,276484
1,1,1,1,0,1029,1030,-27,-7,-3,22,20,-2,0,0,0,0,0,0,0,0,0,0,0,0,0,0,0,0,0,0,0,0,0,0,276494
1,1,1,1,0,1030,1034,2,-1,0,21,20,2,0,0,0,0,0,0,0,0,0,0,0,0,0,0,0,0,0,0,0,0,0,0,276504
1,1,1,1,1,1027,1031,20,-1,-2,21,20,2,0,0,0,0,0,0,0,0,0,0,0,0,0,0,0,0,0,0,0,0,0,0,276514
1,1,1,1,3,1026,1028,33,-2,0,22,20,1,0,0,0,0,0,0,0,0,0,0,0,0,0,0,0,0,0,0,0,0,0,0,276524
1,1,1,1,2,1029,1026,42,1,2,22,20,1,0,0,0,0,0,0,0,0,0,0,0,0,0,0,0,0,0,0,0,0,0,0,276534
1,1,1,1,1,1032,1022,37,-6,0,20,20,6,0,0,0,0,0,0,0,0,0,0,0,0,0,0,0,0,0,0,0,0,0,0,276544
1,1,1,1,-1,1027,1025,20,-6,1,22,20,8,0,0,0,0,0,0,0,0,0,0,0,0,0,0,0,0,0,0,0,0,0,0,276554
1,1,1,1,-1,1032,1016,3,-6,-3,23,20,4,0,0,0,0,0,0,0,0,0,0,0,0,0,0,0,0,0,0,0,0,0,0,276564
1,1,1,1,0,1027,1023,-14,-9,-4,22,20,0,0,0,0,0,0,0,0,0,0,0,0,0,0,0,0,0,0,0,0,0,0,0,276574
1,1,1,1,0,1027,1023,-32,-6,-3,22,20,4,0,0,0,0,0,0,0,0,0,0,0,0,0,0,0,0,0,0,0,0,0,0,276584
1,1,1,1,0,1031,1023,-48,-2,-3,24,19,3,0,0,0,0,0,0,0,0,0,0,0,0,0,0,0,0,0,0,0,0,0,0,276594
1,1,1,1,-1,1034,1023,-61,-4,-4,22,20,1,0,0,0,0,0,0,0,0,0,0,0,0,0,0,0,0,0,0,0,0,0,0,276604
1,1,1,1,0,1034,1024,-64,-6,-2,23,21,5,0,0,0,0,0,0,0,0,0,0,0,0,0,0,0,0,0,0,0,0,0,0,276614
1,1,1,1,0,1028,1028,-56,-3,-1,22,23,1,0,0,0,0,0,0,0,0,0,0,0,0,0,0,0,0,0,0,0,0,0,0,276624
1,1,1,1,2,1027,1028,-37,0,-3,21,21,4,0,0,0,0,0,0,0,0,0,0,0,0,0,0,0,0,0,0,0,0,0,0,276634
1,1,1,1,-2,1025,1031,-15,-5,-1,20,22,5,0,0,0,0,0,0,0,0,0,0,0,0,0,0,0,0,0,0,0,0,0,0,276644
1,1,1,1,0,1026,1036,17,2,1,20,23,2,0,0,0,0,0,0,0,0,0,0,0,0,0,0,0,0,0,0,0,0,0,0,276654
1,1,1,1,-1,1026,1035,48,-2,0,20,20,3,0,0,0,0,0,0,0,0,0,0,0,0,0,0,0,0,0,0,0,0,0,0,276664
1,1,1,1,-1,1026,1031,77,-7,-1,24,19,3,0,0,0,0,0,0,0,0,0,0,0,0,0,0,0,0,0,0,0,0,0,0,276674
1,1,1,1,0,1028,1028,106,1,2,22,21,2,0,0,0,0,0,0,0,0,0,0,0,0,0,0,0,0,0,0,0,0,0,0,276684
1,1,1,1,-1,1027,1027,126,0,0,22,21,5,0,0,0,0,0,0,0,0,0,0,0,0,0,0,0,0,0,0,0,0,0,0,276694
1,1,1,1,-4,1028,1027,134,-8,0,21,21,5,0,0,0,0,0,0,0,0,0,0,0,0,0,0,0,0,0,0,0,0,0,0,276704
1,1,1,1,-1,1032,1018,128,-9,0,24,20,6,0,0,0,0,0,0,0,0,0,0,0,0,0,0,0,0,0,0,0,0,0,0,276714
1,1,1,1,0,1034,1012,114,-1,0,23,20,6,0,0,0,0,0,0,0,0,0,0,0,0,0,0,0,0,0,0,0,0,0,0,276724
1,1,1,1,-3,1036,1012,83,-5,0,22,21,6,0,0,0,0,0,0,0,0,0,0,0,0,0,0,0,0,0,0,0,0,0,0,276734
1,1,1,1,-2,1038,1014,45,-4,-2,23,19,4,0,0,0,0,0,0,0,0,0,0,0,0,0,0,0,0,0,0,0,0,0,0,276744
1,1,1,1,0,1038,1009,10,-1,-1,20,20,4,0,0,0,0,0,0,0,0,0,0,0,0,0,0,0,0,0,0,0,0,0,0,276754
1,1,1,1,-2,1040,1009,-25,-3,0,19,21,1,0,0,0,0,0,0,0,0,0,0,0,0,0,0,0,0,0,0,0,0,0,0,276764
1,1,1,1,4,1043,1003,-50,-1,-1,21,22,5,0,0,0,0,0,0,0,0,0,0,0,0,0,0,0,0,0,0,0,0,0,0,276774
1,1,1,1,1,1042,1009,-66,-6,-1,21,20,1,0,0,0,0,0,0,0,0,0,0,0,0,0,0,0,0,0,0,0,0,0,0,276784
1,1,1,1,2,1038,1012,-71,0,-2,21,21,1,0,0,0,0,0,0,0,0,0,0,0,0,0,0,0,0,0,0,0,0,0,0,276794
1,1,1,1,2,1041,1011,-71,-2,-3,21,21,1,0,0,0,0,0,0,0,0,0,0,0,0,0,0,0,0,0,0,0,0,0,0,276804
1,1,1,1,-1,1039,1017,-58,-4,-3,21,20,1,0,0,0,0,0,0,0,0,0,0,0,0,0,0,0,0,0,0,0,0,0,0,276814
1,1,1,1,2,1036,1020,-40,-3,-4,23,20,1,0,0,0,0,0,0,0,0,0,0,0,0,0,0,0,0,0,0,0,0,0,0,276824
1,1,1,1,1,1034,1019,-16,-3,-2,23,20,7,0,0,0,0,0,0,0,0,0,0,0,0,0,0,0,0,0,0,0,0,0,0,276834
1,1,1,1,1,1031,1026,3,-3,-2,22,20,-4,0,0,0,0,0,0,0,0,0,0,0,0,0,0,0,0,0,0,0,0,0,0,276844
1,1,1,1,2,1031,1023,17,-1,-2,23,21,-2,0,0,0,0,0,0,0,0,0,0,0,0,0,0,0,0,0,0,0,0,0,0,276854
1,1,1,1,3,1033,1020,23,-4,-2,23,20,1,0,0,0,0,0,0,0,0,0,0,0,0,0,0,0,0,0,0,0,0,0,0,276864
1,1,1,1,-1,1034,1019,22,-6,-2,23,21,-1,0,0,0,0,0,0,0,0,0,0,0,0,0,0,0,0,0,0,0,0,0,0,276874
1,1,1,1,1,1035,1017,14,-3,-1,22,20,4,0,0,0,0,0,0,0,0,0,0,0,0,0,0,0,0,0,0,0,0,0,0,276884
1,1,1,1,-3,1033,1020,-2,2,0,23,20,5,0,0,0,0,0,0,0,0,0,0,0,0,0,0,0,0,0,0,0,0,0,0,276894
1,1,1,1,-1,1035,1011,-25,0,-1,23,18,4,0,0,0,0,0,0,0,0,0,0,0,0,0,0,0,0,0,0,0,0,0,0,276904
1,1,1,1,-3,1038,1014,-47,-7,-3,23,18,3,0,0,0,0,0,0,0,0,0,0,0,0,0,0,0,0,0,0,0,0,0,0,276914
1,1,1,1,2,1035,1017,-65,-1,-1,21,23,3,0,0,0,0,0,0,0,0,0,0,0,0,0,0,0,0,0,0,0,0,0,0,276924
1,1,1,1,5,1032,1020,-75,-5,-2,20,21,7,0,0,0,0,0,0,0,0,0,0,0,0,0,0,0,0,0,0,0,0,0,0,276934
1,1,1,1,1,1033,1023,-78,-3,-4,19,22,3,0,0,0,0,0,0,0,0,0,0,0,0,0,0,0,0,0,0,0,0,0,0,276944
1,1,1,1,1,1030,1028,-67,-1,-3,19,22,4,0,0,0,0,0,0,0,0,0,0,0,0,0,0,0,0,0,0,0,0,0,0,276954
1,1,1,1,3,1029,1026,-48,1,-3,19,20,6,0,0,0,0,0,0,0,0,0,0,0,0,0,0,0,0,0,0,0,0,0,0,276964
1,1,1,1,1,1029,1025,-27,-2,-3,22,19,6,0,0,0,0,0,0,0,0,0,0,0,0,0,0,0,0,0,0,0,0,0,0,276974
1,1,1,1,-2,1029,1023,1,-7,-3,21,20,4,0,0,0,0,0,0,0,0,0,0,0,0,0,0,0,0,0,0,0,0,0,0,276984
1,1,1,1,-1,1030,1027,34,0,-1,22,21,3,0,0,0,0,0,0,0,0,0,0,0,0,0,0,0,0,0,0,0,0,0,0,276994
1,1,1,1,0,1029,1029,60,-9,-3,25,22,4,0,0,0,0,0,0,0,0,0,0,0,0,0,0,0,0,0,0,0,0,0,0,277004
1,1,1,1,3,1026,1021,87,-6,0,24,20,7,0,0,0,0,0,0,0,0,0,0,0,0,0,0,0,0,0,0,0,0,0,0,277014
1,1,1,1,1,1031,1026,101,-3,2,25,19,5,0,0,0,0,0,0,0,0,0,0,0,0,0,0,0,0,0,0,0,0,0,0,277024
1,1,1,1,2,1033,1023,113,-2,0,23,21,7,0,0,0,0,0,0,0,0,0,0,0,0,0,0,0,0,0,0,0,0,0,0,277034
1,1,1,1,-2,1036,1020,114,-2,1,22,20,6,0,0,0,0,0,0,0,0,0,0,0,0,0,0,0,0,0,0,0,0,0,0,277044
1,1,1,1,-3,1035,1011,101,-8,-2,21,20,4,0,0,0,0,0,0,0,0,0,0,0,0,0,0,0,0,0,0,0,0,0,0,277054
1,1,1,1,4,1035,1011,79,-7,-1,22,20,3,0,0,0,0,0,0,0,0,0,0,0,0,0,0,0,0,0,0,0,0,0,0,277064
1,1,1,1,-1,1040,1005,53,-4,-1,22,19,1,0,0,0,0,0,0,0,0,0,0,0,0,0,0,0,0,0,0,0,0,0,0,277074
1,1,1,1,2,1041,1005,19,2,-2,23,21,-2,0,0,0,0,0,0,0,0,0,0,0,0,0,0,0,0,0,0,0,0,0,0,277084
1,1,1,1,2,1041,1003,-23,-5,-4,22,20,-3,0,0,0,0,0,0,0,0,0,0,0,0,0,0,0,0,0,0,0,0,0,0,277094
1,1,1,1,0,1037,1004,-59,-1,-3,23,20,-4,0,0,0,0,0,0,0,0,0,0,0,0,0,0,0,0,0,0,0,0,0,0,277104
1,1,1,1,6,1042,1003,-93,1,-1,23,20,2,0,0,0,0,0,0,0,0,0,0,0,0,0,0,0,0,0,0,0,0,0,0,277114
1,1,1,1,0,1040,1006,-129,-2,-2,21,20,2,0,0,0,0,0,0,0,0,0,0,0,0,0,0,0,0,0,0,0,0,0,0,277124
1,1,1,1,-1,1037,1013,-155,-5,-4,21,21,2,0,0,0,0,0,0,0,0,0,0,0,0,0,0,0,0,0,0,0,0,0,0,277134
1,1,1,1,4,1037,1014,-163,-4,-5,22,20,2,0,0,0,0,0,0,0,0,0,0,0,0,0,0,0,0,0,0,0,0,0,0,277144
1,1,1,1,-1,1029,1022,-161,-2,-4,21,20,1,0,0,0,0,0,0,0,0,0,0,0,0,0,0,0,0,0,0,0,0,0,0,277154
1,1,1,1,-1,1032,1033,-145,-2,-4,21,20,4,0,0,0,0,0,0,0,0,0,0,0,0,0,0,0,0,0,0,0,0,0,0,277164
1,1,1,1,3,1024,1029,-125,-3,-4,23,20,6,0,0,0,0,0,0,0,0,0,0,0,0,0,0,0,0,0,0,0,0,0,0,277174
1,1,1,1,3,1027,1035,-89,-3,-4,22,21,0,0,0,0,0,0,0,0,0,0,0,0,0,0,0,0,0,0,0,0,0,0,0,277184
1,1,1,1,1,1020,1036,-47,-3,-2,21,20,4,0,0,0,0,0,0,0,0,0,0,0,0,0,0,0,0,0,0,0,0,0,0,277194
1,1,1,1,-4,1022,1039,-4,-5,-2,20,21,1,0,0,0,0,0,0,0,0,0,0,0,0,0,0,0,0,0,0,0,0,0,0,277204
1,1,1,1,-4,1024,1043,39,-7,-3,21,18,-1,0,0,0,0,0,0,0,0,0,0,0,0,0,0,0,0,0,0,0,0,0,0,277214
1,1,1,1,-1,1022,1035,75,-4,1,21,22,-1,0,0,0,0,0,0,0,0,0,0,0,0,0,0,0,0,0,0,0,0,0,0,277224
1,1,1,1,0,1025,1031,96,-4,-2,22,19,3,0,0,0,0,0,0,0,0,0,0,0,0,0,0,0,0,0,0,0,0,0,0,277234
1,1,1,1,-3,1025,1035,128,0,2,20,22,3,0,0,0,0,0,0,0,0,0,0,0,0,0,0,0,0,0,0,0,0,0,0,277244
1,1,1,1,1,1021,1038,185,-11,0,21,22,5,0,0,0,0,0,0,0,0,0,0,0,0,0,0,0,0,0,0,0,0,0,0,277254
1,1,1,1,-1,1031,1017,195,-9,1,23,18,7,0,0,0,0,0,0,0,0,0,0,0,0,0,0,0,0,0,0,0,0,0,0,277264
1,1,1,1,-1,1036,1016,185,0,3,21,21,3,0,0,0,0,0,0,0,0,0,0,0,0,0,0,0,0,0,0,0,0,0,0,277274
1,1,1,1,2,1041,1008,156,0,1,21,21,8,0,0,0,0,0,0,0,0,0,0,0,0,0,0,0,0,0,0,0,0,0,0,277284
1,1,1,1,4,1045,1009,126,-6,-1,25,19,6,0,0,0,0,0,0,0,0,0,0,0,0,0,0,0,0,0,0,0,0,0,0,277294
1,1,1,1,2,1047,1004,95,-1,0,23,20,8,0,0,0,0,0,0,0,0,0,0,0,0,0,0,0,0,0,0,0,0,0,0,277304
1,1,1,1,-2,1046,1002,53,-2,0,23,20,8,0,0,0,0,0,0,0,0,0,0,0,0,0,0,0,0,0,0,0,0,0,0,277314
1,1,1,1,4,1044,997,24,-5,-2,24,19,9,0,0,0,0,0,0,0,0,0,0,0,0,0,0,0,0,0,0,0,0,0,0,277324
1,1,1,1,1,1047,995,-20,-1,-2,24,20,6,0,0,0,0,0,0,0,0,0,0,0,0,0,0,0,0,0,0,0,0,0,0,277334
1,1,1,1,-2,1046,1008,-42,-3,-3,21,20,6,0,0,0,0,0,0,0,0,0,0,0,0,0,0,0,0,0,0,0,0,0,0,277344
1,1,1,1,2,1045,1004,-65,-9,-4,21,20,5,0,0,0,0,0,0,0,0,0,0,0,0,0,0,0,0,0,0,0,0,0,0,277354
1,1,1,1,3,1047,1008,-88,1,-1,21,20,-2,0,0,0,0,0,0,0,0,0,0,0,0,0,0,0,0,0,0,0,0,0,0,277364
1,1,1,1,0,1039,1010,-95,-1,-1,23,20,5,0,0,0,0,0,0,0,0,0,0,0,0,0,0,0,0,0,0,0,0,0,0,277374
1,1,1,1,-1,1038,1017,-89,-5,-2,24,20,-3,0,0,0,0,0,0,0,0,0,0,0,0,0,0,0,0,0,0,0,0,0,0,277384
1,1,1,1,0,1036,1017,-89,-8,-4,24,20,3,0,0,0,0,0,0,0,0,0,0,0,0,0,0,0,0,0,0,0,0,0,0,277394
1,1,1,1,0,1040,1018,-93,-8,-4,24,20,4,0,0,0,0,0,0,0,0,0,0,0,0,0,0,0,0,0,0,0,0,0,0,277404
1,1,1,1,1,1032,1020,-83,-5,-3,23,20,1,0,0,0,0,0,0,0,0,0,0,0,0,0,0,0,0,0,0,0,0,0,0,277414
1,1,1,1,-3,1035,1018,-71,-3,-4,24,20,2,0,0,0,0,0,0,0,0,0,0,0,0,0,0,0,0,0,0,0,0,0,0,277424
1,1,1,1,1,1033,1027,-50,-3,-3,22,20,1,0,0,0,0,0,0,0,0,0,0,0,0,0,0,0,0,0,0,0,0,0,0,277434
1,1,1,1,0,1028,1022,-32,0,-2,22,21,4,0,0,0,0,0,0,0,0,0,0,0,0,0,0,0,0,0,0,0,0,0,0,277444
1,1,1,1,-1,1027,1024,-27,-9,-2,21,20,4,0,0,0,0,0,0,0,0,0,0,0,0,0,0,0,0,0,0,0,0,0,0,277454
1,1,1,1,1,1031,1022,-23,-8,-3,23,21,0,0,0,0,0,0,0,0,0,0,0,0,0,0,0,0,0,0,0,0,0,0,0,277464
1,1,1,1,-3,1028,1022,-18,-4,-2,21,21,3,0,0,0,0,0,0,0,0,0,0,0,0,0,0,0,0,0,0,0,0,0,0,277474
1,1,1,1,-2,1030,1023,-16,-9,-4,23,20,4,0,0,0,0,0,0,0,0,0,0,0,0,0,0,0,0,0,0,0,0,0,0,277484
1,1,1,1,4,1031,1022,-20,-8,-3,24,20,0,0,0,0,0,0,0,0,0,0,0,0,0,0,0,0,0,0,0,0,0,0,0,277494
1,1,1,1,-1,1029,1020,-19,-1,-3,21,21,5,0,0,0,0,0,0,0,0,0,0,0,0,0,0,0,0,0,0,0,0,0,0,277504
1,1,1,1,-3,1029,1023,-17,-3,-3,22,18,1,0,0,0,0,0,0,0,0,0,0,0,0,0,0,0,0,0,0,0,0,0,0,277514
1,1,1,1,-1,1030,1019,-26,-7,-2,22,21,5,0,0,0,0,0,0,0,0,0,0,0,0,0,0,0,0,0,0,0,0,0,0,277524
1,1,1,1,2,1029,1017,-29,2,-1,20,22,1,0,0,0,0,0,0,0,0,0,0,0,0,0,0,0,0,0,0,0,0,0,0,277534
1,1,1,1,-1,1026,1024,-27,2,-1,20,21,2,0,0,0,0,0,0,0,0,0,0,0,0,0,0,0,0,0,0,0,0,0,0,277544
1,1,1,1,2,1028,1025,-30,-9,-3,20,20,5,0,0,0,0,0,0,0,0,0,0,0,0,0,0,0,0,0,0,0,0,0,0,277554
1,1,1,1,1,1028,1027,-16,-6,-1,19,23,6,0,0,0,0,0,0,0,0,0,0,0,0,0,0,0,0,0,0,0,0,0,0,277564
1,1,1,1,4,1028,1029,-4,2,-1,21,23,2,0,0,0,0,0,0,0,0,0,0,0,0,0,0,0,0,0,0,0,0,0,0,277574
1,1,1,1,1,1026,1026,7,-4,-1,24,19,9,0,0,0,0,0,0,0,0,0,0,0,0,0,0,0,0,0,0,0,0,0,0,277584
1,1,1,1,1,1030,1022,20,-6,-2,23,20,2,0,0,0,0,0,0,0,0,0,0,0,0,0,0,0,0,0,0,0,0,0,0,277594
1,1,1,1,-2,1027,1028,49,2,-2,23,21,7,0,0,0,0,0,0,0,0,0,0,0,0,0,0,0,0,0,0,0,0,0,0,277604
1,1,1,1,2,1028,1023,74,-6,0,24,20,6,0,0,0,0,0,0,0,0,0,0,0,0,0,0,0,0,0,0,0,0,0,0,277614
1,1,1,1,-1,1027,1026,87,-8,-3,24,20,6,0,0,0,0,0,0,0,0,0,0,0,0,0,0,0,0,0,0,0,0,0,0,277624
1,1,1,1,1,1030,1034,137,-7,-1,24,20,5,0,0,0,0,0,0,0,0,0,0,0,0,0,0,0,0,0,0,0,0,0,0,277634
1,1,1,1,1,1039,1017,169,-6,-1,22,21,5,0,0,0,0,0,0,0,0,0,0,0,0,0,0,0,0,0,0,0,0,0,0,277644
1,1,1,1,-2,1037,1018,174,-7,-2,22,20,6,0,0,0,0,0,0,0,0,0,0,0,0,0,0,0,0,0,0,0,0,0,0,277654
1,1,1,1,-2,1043,1012,163,-4,2,21,21,3,0,0,0,0,0,0,0,0,0,0,0,0,0,0,0,0,0,0,0,0,0,0,277664
1,1,1,1,2,1043,1008,142,1,-3,23,20,3,0,0,0,0,0,0,0,0,0,0,0,0,0,0,0,0,0,0,0,0,0,0,277674
1,1,1,1,-1,1045,1003,115,-6,-1,23,20,1,0,0,0,0,0,0,0,0,0,0,0,0,0,0,0,0,0,0,0,0,0,0,277684
1,1,1,1,0,1044,997,80,-2,0,24,20,4,0,0,0,0,0,0,0,0,0,0,0,0,0,0,0,0,0,0,0,0,0,0,277694
1,1,1,1,2,1050,998,46,-1,0,24,20,2,0,0,0,0,0,0,0,0,0,0,0,0,0,0,0,0,0,0,0,0,0,0,277704
1,1,1,1,1,1050,991,0,-3,1,23,20,2,0,0,0,0,0,0,0,0,0,0,0,0,0,0,0,0,0,0,0,0,0,0,277714
1,1,1,1,0,1049,992,-39,-1,1,20,19,2,0,0,0,0,0,0,0,0,0,0,0,0,0,0,0,0,0,0,0,0,0,0,277724
1,1,1,1,0,1050,992,-81,-8,-3,20,20,2,0,0,0,0,0,0,0,0,0,0,0,0,0,0,0,0,0,0,0,0,0,0,277734
1,1,1,1,-3,1044,995,-112,-2,-1,20,20,4,0,0,0,0,0,0,0,0,0,0,0,0,0,0,0,0,0,0,0,0,0,0,277744
1,1,1,1,0,1047,1007,-129,1,-2,23,19,3,0,0,0,0,0,0,0,0,0,0,0,0,0,0,0,0,0,0,0,0,0,0,277754
1,1,1,1,0,1043,1004,-131,0,-3,23,21,4,0,0,0,0,0,0,0,0,0,0,0,0,0,0,0,0,0,0,0,0,0,0,277764
1,1,1,1,-1,1043,1007,-126,-1,-3,23,20,5,0,0,0,0,0,0,0,0,0,0,0,0,0,0,0,0,0,0,0,0,0,0,277774
1,1,1,1,3,1041,1011,-135,-4,-3,23,19,-3,0,0,0,0,0,0,0,0,0,0,0,0,0,0,0,0,0,0,0,0,0,0,277784
1,1,1,1,-2,1031,1010,-142,-8,-4,23,20,2,0,0,0,0,0,0,0,0,0,0,0,0,0,0,0,0,0,0,0,0,0,0,277794
1,1,1,1,-1,1034,1020,-143,-4,-3,22,20,5,0,0,0,0,0,0,0,0,0,0,0,0,0,0,0,0,0,0,0,0,0,0,277804
1,1,1,1,-3,1029,1019,-131,-5,-6,21,20,5,0,0,0,0,0,0,0,0,0,0,0,0,0,0,0,0,0,0,0,0,0,0,277814
1,1,1,1,3,1033,1024,-113,-5,-2,21,22,6,0,0,0,0,0,0,0,0,0,0,0,0,0,0,0,0,0,0,0,0,0,0,277824
1,1,1,1,1,1028,1027,-96,-1,-3,22,19,0,0,0,0,0,0,0,0,0,0,0,0,0,0,0,0,0,0,0,0,0,0,0,277834
1,1,1,1,6,1031,1028,-77,0,-2,20,21,4,0,0,0,0,0,0,0,0,0,0,0,0,0,0,0,0,0,0,0,0,0,0,277844
1,1,1,1,0,1022,1033,-62,-6,-2,21,22,7,0,0,0,0,0,0,0,0,0,0,0,0,0,0,0,0,0,0,0,0,0,0,277854
1,1,1,1,-1,1031,1032,-37,-4,-3,22,19,3,0,0,0,0,0,0,0,0,0,0,0,0,0,0,0,0,0,0,0,0,0,0,277864
1,1,1,1,0,1026,1033,-15,-1,-2,22,20,7,0,0,0,0,0,0,0,0,0,0,0,0,0,0,0,0,0,0,0,0,0,0,277874
1,1,1,1,-2,1024,1033,1,-6,0,24,19,9,0,0,0,0,0,0,0,0,0,0,0,0,0,0,0,0,0,0,0,0,0,0,277884
1,1,1,1,-1,1021,1030,19,-7,-3,26,18,7,0,0,0,0,0,0,0,0,0,0,0,0,0,0,0,0,0,0,0,0,0,0,277894
1,1,1,1,1,1023,1026,33,-7,-2,26,20,5,0,0,0,0,0,0,0,0,0,0,0,0,0,0,0,0,0,0,0,0,0,0,277904
1,1,1,1,2,1024,1029,37,-3,-3,27,20,5,0,0,0,0,0,0,0,0,0,0,0,0,0,0,0,0,0,0,0,0,0,0,277914
1,1,1,1,3,1031,1028,36,-2,-1,26,19,10,0,0,0,0,0,0,0,0,0,0,0,0,0,0,0,0,0,0,0,0,0,0,277924
1,1,1,1,-1,1030,1025,41,1,0,25,20,3,0,0,0,0,0,0,0,0,0,0,0,0,0,0,0,0,0,0,0,0,0,0,277934
1,1,1,1,1,1029,1027,44,-1,-3,25,20,6,0,0,0,0,0,0,0,0,0,0,0,0,0,0,0,0,0,0,0,0,0,0,277944
1,1,1,1,3,1029,1022,63,-2,-1,23,20,2,0,0,0,0,0,0,0,0,0,0,0,0,0,0,0,0,0,0,0,0,0,0,277964
1,1,1,1,-3,1031,1026,68,2,-1,23,20,4,0,0,0,0,0,0,0,0,0,0,0,0,0,0,0,0,0,0,0,0,0,0,277974
1,1,1,1,-1,1034,1023,72,1,0,24,20,8,0,0,0,0,0,0,0,0,0,0,0,0,0,0,0,0,0,0,0,0,0,0,277984
1,1,1,1,-3,1034,1022,82,1,1,24,20,5,0,0,0,0,0,0,0,0,0,0,0,0,0,0,0,0,0,0,0,0,0,0,277994
1,1,1,1,5,1035,1018,92,1,0,24,21,4,0,0,0,0,0,0,0,0,0,0,0,0,0,0,0,0,0,0,0,0,0,0,278004
1,1,1,1,-1,1039,1020,92,-10,0,24,20,5,0,0,0,0,0,0,0,0,0,0,0,0,0,0,0,0,0,0,0,0,0,0,278014
1,1,1,1,-2,1042,1013,90,-10,-2,24,19,0,0,0,0,0,0,0,0,0,0,0,0,0,0,0,0,0,0,0,0,0,0,0,278024
1,1,1,1,-2,1039,1009,83,-4,-2,24,20,5,0,0,0,0,0,0,0,0,0,0,0,0,0,0,0,0,0,0,0,0,0,0,278034
1,1,1,1,2,1041,1004,69,-4,-1,22,20,4,0,0,0,0,0,0,0,0,0,0,0,0,0,0,0,0,0,0,0,0,0,0,278044
1,1,1,1,-2,1041,1004,42,-4,0,23,19,5,0,0,0,0,0,0,0,0,0,0,0,0,0,0,0,0,0,0,0,0,0,0,278054
1,1,1,1,3,1042,1002,11,-10,-3,24,20,5,0,0,0,0,0,0,0,0,0,0,0,0,0,0,0,0,0,0,0,0,0,0,278064
1,1,1,1,4,1045,1003,-8,-6,-2,24,19,5,0,0,0,0,0,0,0,0,0,0,0,0,0,0,0,0,0,0,0,0,0,0,278074
1,1,1,1,2,1043,1004,-34,-1,-2,24,19,4,0,0,0,0,0,0,0,0,0,0,0,0,0,0,0,0,0,0,0,0,0,0,278084
1,1,1,1,0,1039,1012,-52,-9,-4,24,20,1,0,0,0,0,0,0,0,0,0,0,0,0,0,0,0,0,0,0,0,0,0,0,278094
1,1,1,1,0,1042,1006,-64,-11,-4,25,20,2,0,0,0,0,0,0,0,0,0,0,0,0,0,0,0,0,0,0,0,0,0,0,278104
1,1,1,1,-1,1039,1009,-75,-5,-3,23,20,7,0,0,0,0,0,0,0,0,0,0,0,0,0,0,0,0,0,0,0,0,0,0,278114
1,1,1,1,0,1040,1009,-76,-7,-2,25,18,7,0,0,0,0,0,0,0,0,0,0,0,0,0,0,0,0,0,0,0,0,0,0,278124
1,1,1,1,2,1037,1013,-68,-5,-4,23,20,9,0,0,0,0,0,0,0,0,0,0,0,0,0,0,0,0,0,0,0,0,0,0,278134
1,1,1,1,1,1037,1016,-60,-7,-1,22,21,8,0,0,0,0,0,0,0,0,0,0,0,0,0,0,0,0,0,0,0,0,0,0,278144
1,1,1,1,-5,1034,1017,-61,1,-1,21,20,3,0,0,0,0,0,0,0,0,0,0,0,0,0,0,0,0,0,0,0,0,0,0,278154
1,1,1,1,0,1031,1018,-64,-1,-4,23,19,5,0,0,0,0,0,0,0,0,0,0,0,0,0,0,0,0,0,0,0,0,0,0,278164
1,1,1,1,-2,1033,1014,-66,-11,-4,24,20,3,0,0,0,0,0,0,0,0,0,0,0,0,0,0,0,0,0,0,0,0,0,0,278174
1,1,1,1,1,1036,1021,-63,-7,-3,24,19,0,0,0,0,0,0,0,0,0,0,0,0,0,0,0,0,0,0,0,0,0,0,0,278184
1,1,1,1,1,1034,1018,-60,-3,-4,26,20,7,0,0,0,0,0,0,0,0,0,0,0,0,0,0,0,0,0,0,0,0,0,0,278194
1,1,1,1,-3,1031,1019,-62,-2,-2,27,19,7,0,0,0,0,0,0,0,0,0,0,0,0,0,0,0,0,0,0,0,0,0,0,278204
1,1,1,1,0,1027,1023,-57,-2,-1,28,17,2,0,0,0,0,0,0,0,0,0,0,0,0,0,0,0,0,0,0,0,0,0,0,278214
1,1,1,1,1,1031,1022,-56,-5,-3,25,19,7,0,0,0,0,0,0,0,0,0,0,0,0,0,0,0,0,0,0,0,0,0,0,278224
1,1,1,1,-3,1028,1029,-47,-3,-3,24,20,4,0,0,0,0,0,0,0,0,0,0,0,0,0,0,0,0,0,0,0,0,0,0,278234
1,1,1,1,1,1026,1022,-41,-2,-3,24,20,6,0,0,0,0,0,0,0,0,0,0,0,0,0,0,0,0,0,0,0,0,0,0,278244
1,1,1,1,4,1027,1026,-24,-8,-2,22,20,4,0,0,0,0,0,0,0,0,0,0,0,0,0,0,0,0,0,0,0,0,0,0,278254
1,1,1,1,-1,1026,1031,3,-6,-2,24,19,5,0,0,0,0,0,0,0,0,0,0,0,0,0,0,0,0,0,0,0,0,0,0,278264
1,1,1,1,1,1030,1031,27,0,-1,23,20,5,0,0,0,0,0,0,0,0,0,0,0,0,0,0,0,0,0,0,0,0,0,0,278274
1,1,1,1,4,1030,1029,42,1,-1,24,19,3,0,0,0,0,0,0,0,0,0,0,0,0,0,0,0,0,0,0,0,0,0,0,278284
1,1,1,1,-2,1027,1022,56,-4,-1,24,20,1,0,0,0,0,0,0,0,0,0,0,0,0,0,0,0,0,0,0,0,0,0,0,278294
1,1,1,1,-1,1032,1025,71,-5,0,25,20,2,0,0,0,0,0,0,0,0,0,0,0,0,0,0,0,0,0,0,0,0,0,0,278304
1,1,1,1,2,1033,1020,77,-7,-1,24,20,7,0,0,0,0,0,0,0,0,0,0,0,0,0,0,0,0,0,0,0,0,0,0,278314
1,1,1,1,1,1037,1022,79,-4,-1,23,20,7,0,0,0,0,0,0,0,0,0,0,0,0,0,0,0,0,0,0,0,0,0,0,278324
1,1,1,1,0,1036,1016,80,-2,0,24,19,4,0,0,0,0,0,0,0,0,0,0,0,0,0,0,0,0,0,0,0,0,0,0,278334
1,1,1,1,-1,1033,1019,77,-6,-2,23,20,3,0,0,0,0,0,0,0,0,0,0,0,0,0,0,0,0,0,0,0,0,0,0,278344
1,1,1,1,0,1037,1016,73,-2,0,23,19,3,0,0,0,0,0,0,0,0,0,0,0,0,0,0,0,0,0,0,0,0,0,0,278354
1,1,1,1,1,1039,1012,60,-4,0,26,19,4,0,0,0,0,0,0,0,0,0,0,0,0,0,0,0,0,0,0,0,0,0,0,278364
1,1,1,1,0,1038,1012,49,-5,0,25,20,6,0,0,0,0,0,0,0,0,0,0,0,0,0,0,0,0,0,0,0,0,0,0,278374
1,1,1,1,2,1039,1009,38,-2,-1,24,20,4,0,0,0,0,0,0,0,0,0,0,0,0,0,0,0,0,0,0,0,0,0,0,278384
1,1,1,1,-2,1042,1006,22,-5,-2,24,19,4,0,0,0,0,0,0,0,0,0,0,0,0,0,0,0,0,0,0,0,0,0,0,278394
1,1,1,1,-1,1045,1011,-1,-1,-1,23,20,5,0,0,0,0,0,0,0,0,0,0,0,0,0,0,0,0,0,0,0,0,0,0,278404
1,1,1,1,2,1044,1008,-23,0,-2,22,20,6,0,0,0,0,0,0,0,0,0,0,0,0,0,0,0,0,0,0,0,0,0,0,278414
1,1,1,1,1,1040,1003,-45,-8,-4,24,18,9,0,0,0,0,0,0,0,0,0,0,0,0,0,0,0,0,0,0,0,0,0,0,278424
1,1,1,1,1,1040,1006,-62,-3,-2,22,19,6,0,0,0,0,0,0,0,0,0,0,0,0,0,0,0,0,0,0,0,0,0,0,278434
1,1,1,1,1,1040,1010,-78,-7,-3,22,20,7,0,0,0,0,0,0,0,0,0,0,0,0,0,0,0,0,0,0,0,0,0,0,278444
1,1,1,1,1,1039,1014,-91,-6,-5,22,22,10,0,0,0,0,0,0,0,0,0,0,0,0,0,0,0,0,0,0,0,0,0,0,278454
1,1,1,1,0,1040,1018,-94,-2,-5,22,20,5,0,0,0,0,0,0,0,0,0,0,0,0,0,0,0,0,0,0,0,0,0,0,278464
1,1,1,1,-2,1033,1021,-88,1,-1,20,19,5,0,0,0,0,0,0,0,0,0,0,0,0,0,0,0,0,0,0,0,0,0,0,278474
1,1,1,1,-1,1037,1021,-81,-7,-3,22,20,6,0,0,0,0,0,0,0,0,0,0,0,0,0,0,0,0,0,0,0,0,0,0,278484
1,1,1,1,-1,1030,1024,-64,-3,-3,22,20,5,0,0,0,0,0,0,0,0,0,0,0,0,0,0,0,0,0,0,0,0,0,0,278494
1,1,1,1,-2,1032,1025,-41,-1,-4,22,23,6,0,0,0,0,0,0,0,0,0,0,0,0,0,0,0,0,0,0,0,0,0,0,278504
1,1,1,1,1,1028,1028,-14,-5,-1,25,20,7,0,0,0,0,0,0,0,0,0,0,0,0,0,0,0,0,0,0,0,0,0,0,278514
1,1,1,1,-2,1030,1026,8,0,-1,25,20,5,0,0,0,0,0,0,0,0,0,0,0,0,0,0,0,0,0,0,0,0,0,0,278524
1,1,1,1,-1,1031,1024,19,-2,0,24,20,4,0,0,0,0,0,0,0,0,0,0,0,0,0,0,0,0,0,0,0,0,0,0,278534
1,1,1,1,-1,1030,1026,35,-4,1,24,19,4,0,0,0,0,0,0,0,0,0,0,0,0,0,0,0,0,0,0,0,0,0,0,278544
1,1,1,1,-4,1029,1023,42,-5,0,23,20,7,0,0,0,0,0,0,0,0,0,0,0,0,0,0,0,0,0,0,0,0,0,0,278554
1,1,1,1,-1,1031,1019,48,-5,-2,22,20,5,0,0,0,0,0,0,0,0,0,0,0,0,0,0,0,0,0,0,0,0,0,0,278564
1,1,1,1,1,1030,1015,49,-2,-1,25,19,4,0,0,0,0,0,0,0,0,0,0,0,0,0,0,0,0,0,0,0,0,0,0,278574
1,1,1,1,-1,1036,1021,45,-2,-1,25,19,8,0,0,0,0,0,0,0,0,0,0,0,0,0,0,0,0,0,0,0,0,0,0,278584
1,1,1,1,0,1038,1012,39,-8,-4,24,20,3,0,0,0,0,0,0,0,0,0,0,0,0,0,0,0,0,0,0,0,0,0,0,278594
1,1,1,1,1,1032,1016,37,-7,-2,24,20,3,0,0,0,0,0,0,0,0,0,0,0,0,0,0,0,0,0,0,0,0,0,0,278604
1,1,1,1,1,1038,1016,29,0,-1,23,20,2,0,0,0,0,0,0,0,0,0,0,0,0,0,0,0,0,0,0,0,0,0,0,278614
1,1,1,1,4,1037,1015,20,-2,-2,23,20,5,0,0,0,0,0,0,0,0,0,0,0,0,0,0,0,0,0,0,0,0,0,0,278624
1,1,1,1,1,1032,1005,11,1,-1,22,19,6,0,0,0,0,0,0,0,0,0,0,0,0,0,0,0,0,0,0,0,0,0,0,278634
1,1,1,1,-2,1036,1015,2,-3,-2,22,20,7,0,0,0,0,0,0,0,0,0,0,0,0,0,0,0,0,0,0,0,0,0,0,278644
1,1,1,1,2,1036,1016,-10,-8,-3,23,20,8,0,0,0,0,0,0,0,0,0,0,0,0,0,0,0,0,0,0,0,0,0,0,278654
1,1,1,1,2,1040,1016,-22,-10,-4,23,20,3,0,0,0,0,0,0,0,0,0,0,0,0,0,0,0,0,0,0,0,0,0,0,278664
1,1,1,1,1,1039,1019,-25,-5,-1,21,20,9,0,0,0,0,0,0,0,0,0,0,0,0,0,0,0,0,0,0,0,0,0,0,278674
1,1,1,1,2,1036,1018,-30,-2,-2,24,19,6,0,0,0,0,0,0,0,0,0,0,0,0,0,0,0,0,0,0,0,0,0,0,278684
1,1,1,1,0,1035,1018,-34,-4,-3,23,19,5,0,0,0,0,0,0,0,0,0,0,0,0,0,0,0,0,0,0,0,0,0,0,278694
1,1,1,1,-2,1035,1014,-38,-7,-3,23,20,3,0,0,0,0,0,0,0,0,0,0,0,0,0,0,0,0,0,0,0,0,0,0,278704
1,1,1,1,1,1034,1016,-40,-8,-6,24,21,7,0,0,0,0,0,0,0,0,0,0,0,0,0,0,0,0,0,0,0,0,0,0,278714
1,1,1,1,-3,1033,1022,-35,-4,-2,21,23,6,0,0,0,0,0,0,0,0,0,0,0,0,0,0,0,0,0,0,0,0,0,0,278724
1,1,1,1,-2,1032,1021,-31,-4,-2,23,20,7,0,0,0,0,0,0,0,0,0,0,0,0,0,0,0,0,0,0,0,0,0,0,278734
1,1,1,1,-2,1032,1022,-29,-14,-5,23,19,2,0,0,0,0,0,0,0,0,0,0,0,0,0,0,0,0,0,0,0,0,0,0,278744
1,1,1,1,2,1033,1023,-18,-7,-2,23,18,5,0,0,0,0,0,0,0,0,0,0,0,0,0,0,0,0,0,0,0,0,0,0,278754
1,1,1,1,1,1032,1023,-5,-2,0,19,21,8,0,0,0,0,0,0,0,0,0,0,0,0,0,0,0,0,0,0,0,0,0,0,278764
1,1,1,1,3,1033,1019,-1,-4,-2,20,19,7,0,0,0,0,0,0,0,0,0,0,0,0,0,0,0,0,0,0,0,0,0,0,278774
1,1,1,1,1,1035,1021,-1,-4,-1,23,20,13,0,0,0,0,0,0,0,0,0,0,0,0,0,0,0,0,0,0,0,0,0,0,278784
1,1,1,1,-1,1033,1021,1,-3,-3,20,21,1,0,0,0,0,0,0,0,0,0,0,0,0,0,0,0,0,0,0,0,0,0,0,278794
1,1,1,1,-2,1031,1017,1,3,-1,22,21,4,0,0,0,0,0,0,0,0,0,0,0,0,0,0,0,0,0,0,0,0,0,0,278804
1,1,1,1,2,1030,1020,-1,-5,-1,24,19,8,0,0,0,0,0,0,0,0,0,0,0,0,0,0,0,0,0,0,0,0,0,0,278814
1,1,1,1,0,1030,1021,-6,-11,-3,23,19,8,0,0,0,0,0,0,0,0,0,0,0,0,0,0,0,0,0,0,0,0,0,0,278824
1,1,1,1,0,1033,1023,-4,-6,-3,23,20,6,0,0,0,0,0,0,0,0,0,0,0,0,0,0,0,0,0,0,0,0,0,0,278834
1,1,1,1,-2,1034,1025,1,-4,-2,23,20,6,0,0,0,0,0,0,0,0,0,0,0,0,0,0,0,0,0,0,0,0,0,0,278844
1,1,1,1,-1,1032,1024,5,-5,-2,24,19,9,0,0,0,0,0,0,0,0,0,0,0,0,0,0,0,0,0,0,0,0,0,0,278854
1,1,1,1,0,1031,1015,10,-6,-3,25,20,4,0,0,0,0,0,0,0,0,0,0,0,0,0,0,0,0,0,0,0,0,0,0,278864
1,1,1,1,-2,1036,1024,13,-11,-3,23,19,5,0,0,0,0,0,0,0,0,0,0,0,0,0,0,0,0,0,0,0,0,0,0,278874
1,1,1,1,-4,1033,1022,21,0,-1,23,19,2,0,0,0,0,0,0,0,0,0,0,0,0,0,0,0,0,0,0,0,0,0,0,278884
1,1,1,1,-4,1036,1021,21,-5,-3,24,20,6,0,0,0,0,0,0,0,0,0,0,0,0,0,0,0,0,0,0,0,0,0,0,278894
1,1,1,1,1,1035,1013,20,-3,-2,26,19,5,0,0,0,0,0,0,0,0,0,0,0,0,0,0,0,0,0,0,0,0,0,0,278904
1,1,1,1,2,1035,1015,14,-4,-2,24,20,6,0,0,0,0,0,0,0,0,0,0,0,0,0,0,0,0,0,0,0,0,0,0,278914
1,1,1,1,-1,1039,1014,12,2,-1,24,20,5,0,0,0,0,0,0,0,0,0,0,0,0,0,0,0,0,0,0,0,0,0,0,278924
1,1,1,1,1,1038,1018,3,-8,-2,24,20,-3,0,0,0,0,0,0,0,0,0,0,0,0,0,0,0,0,0,0,0,0,0,0,278934
1,1,1,1,5,1035,1015,-6,-5,-2,23,20,4,0,0,0,0,0,0,0,0,0,0,0,0,0,0,0,0,0,0,0,0,0,0,278944
1,1,1,1,-2,1038,1017,-14,-1,-4,22,21,8,0,0,0,0,0,0,0,0,0,0,0,0,0,0,0,0,0,0,0,0,0,0,278954
1,1,1,1,-2,1037,1014,-21,-11,-3,21,21,5,0,0,0,0,0,0,0,0,0,0,0,0,0,0,0,0,0,0,0,0,0,0,278964
1,1,1,1,-1,1035,1016,-22,-1,-1,22,20,9,0,0,0,0,0,0,0,0,0,0,0,0,0,0,0,0,0,0,0,0,0,0,278974
1,1,1,1,-1,1035,1016,-22,-3,-3,23,20,7,0,0,0,0,0,0,0,0,0,0,0,0,0,0,0,0,0,0,0,0,0,0,278984
1,1,1,1,-1,1035,1016,-15,-5,-3,20,21,9,0,0,0,0,0,0,0,0,0,0,0,0,0,0,0,0,0,0,0,0,0,0,278994
1,1,1,1,2,1030,1020,-3,1,-1,22,20,8,0,0,0,0,0,0,0,0,0,0,0,0,0,0,0,0,0,0,0,0,0,0,279004
1,1,1,1,1,1034,1017,-1,-3,-3,21,22,9,0,0,0,0,0,0,0,0,0,0,0,0,0,0,0,0,0,0,0,0,0,0,279014
1,1,1,1,-2,1035,1017,4,-5,-2,21,21,9,0,0,0,0,0,0,0,0,0,0,0,0,0,0,0,0,0,0,0,0,0,0,279024
1,1,1,1,2,1037,1021,11,-1,-2,21,21,5,0,0,0,0,0,0,0,0,0,0,0,0,0,0,0,0,0,0,0,0,0,0,279034
1,1,1,1,3,1034,1021,8,-5,-2,23,18,5,0,0,0,0,0,0,0,0,0,0,0,0,0,0,0,0,0,0,0,0,0,0,279044
1,1,1,1,0,1038,1016,8,3,-1,20,20,3,0,0,0,0,0,0,0,0,0,0,0,0,0,0,0,0,0,0,0,0,0,0,279054
1,1,1,1,-1,1037,1016,4,-3,-1,21,21,4,0,0,0,0,0,0,0,0,0,0,0,0,0,0,0,0,0,0,0,0,0,0,279064
1,1,1,1,-2,1034,1018,0,-2,-2,21,20,5,0,0,0,0,0,0,0,0,0,0,0,0,0,0,0,0,0,0,0,0,0,0,279074
1,1,1,1,-1,1038,1017,-4,-4,0,22,19,4,0,0,0,0,0,0,0,0,0,0,0,0,0,0,0,0,0,0,0,0,0,0,279084
1,1,1,1,-4,1037,1012,-9,1,-1,22,20,4,0,0,0,0,0,0,0,0,0,0,0,0,0,0,0,0,0,0,0,0,0,0,279094
1,1,1,1,3,1038,1019,-17,-8,-2,20,21,9,0,0,0,0,0,0,0,0,0,0,0,0,0,0,0,0,0,0,0,0,0,0,279104
1,1,1,1,4,1037,1019,-16,-2,-2,23,21,8,0,0,0,0,0,0,0,0,0,0,0,0,0,0,0,0,0,0,0,0,0,0,279114
1,1,1,1,-3,1034,1017,-20,-5,-3,25,19,8,0,0,0,0,0,0,0,0,0,0,0,0,0,0,0,0,0,0,0,0,0,0,279124
1,1,1,1,1,1034,1017,-20,-2,-2,23,19,9,0,0,0,0,0,0,0,0,0,0,0,0,0,0,0,0,0,0,0,0,0,0,279134
1,1,1,1,-2,1033,1017,-18,-4,-2,22,20,8,0,0,0,0,0,0,0,0,0,0,0,0,0,0,0,0,0,0,0,0,0,0,279144
1,1,1,1,-1,1032,1020,-12,-3,-2,23,19,6,0,0,0,0,0,0,0,0,0,0,0,0,0,0,0,0,0,0,0,0,0,0,279154
1,1,1,1,2,1033,1017,-6,2,-2,21,20,5,0,0,0,0,0,0,0,0,0,0,0,0,0,0,0,0,0,0,0,0,0,0,279164
1,1,1,1,-1,1033,1017,-3,-3,-1,20,20,5,0,0,0,0,0,0,0,0,0,0,0,0,0,0,0,0,0,0,0,0,0,0,279174
1,1,1,1,-1,1034,1022,3,-2,-3,21,20,7,0,0,0,0,0,0,0,0,0,0,0,0,0,0,0,0,0,0,0,0,0,0,279184
1,1,1,1,-2,1037,1023,8,1,-2,22,21,2,0,0,0,0,0,0,0,0,0,0,0,0,0,0,0,0,0,0,0,0,0,0,279194
1,1,1,1,3,1035,1023,14,-3,-1,23,20,5,0,0,0,0,0,0,0,0,0,0,0,0,0,0,0,0,0,0,0,0,0,0,279204
1,1,1,1,2,1037,1020,12,-9,-5,22,20,6,0,0,0,0,0,0,0,0,0,0,0,0,0,0,0,0,0,0,0,0,0,0,279214
1,1,1,1,0,1031,1016,17,-7,-3,23,20,7,0,0,0,0,0,0,0,0,0,0,0,0,0,0,0,0,0,0,0,0,0,0,279224
1,1,1,1,3,1035,1018,19,-3,-2,23,19,6,0,0,0,0,0,0,0,0,0,0,0,0,0,0,0,0,0,0,0,0,0,0,279234
1,1,1,1,3,1033,1014,19,-5,-2,24,20,2,0,0,0,0,0,0,0,0,0,0,0,0,0,0,0,0,0,0,0,0,0,0,279244
1,1,1,1,-3,1034,1017,13,-7,-1,22,20,5,0,0,0,0,0,0,0,0,0,0,0,0,0,0,0,0,0,0,0,0,0,0,279254
1,1,1,1,-1,1037,1019,4,-1,0,22,20,7,0,0,0,0,0,0,0,0,0,0,0,0,0,0,0,0,0,0,0,0,0,0,279264
1,1,1,1,1,1038,1015,-7,-1,-2,23,21,6,0,0,0,0,0,0,0,0,0,0,0,0,0,0,0,0,0,0,0,0,0,0,279274
1,1,1,1,-1,1037,1016,-14,-1,-1,24,20,5,0,0,0,0,0,0,0,0,0,0,0,0,0,0,0,0,0,0,0,0,0,0,279284
1,1,1,1,-1,1038,1014,-26,-4,-1,24,19,4,0,0,0,0,0,0,0,0,0,0,0,0,0,0,0,0,0,0,0,0,0,0,279294
1,1,1,1,1,1032,1015,-33,-3,-2,25,20,0,0,0,0,0,0,0,0,0,0,0,0,0,0,0,0,0,0,0,0,0,0,0,279304
1,1,1,1,-1,1031,1015,-39,-5,-4,24,19,5,0,0,0,0,0,0,0,0,0,0,0,0,0,0,0,0,0,0,0,0,0,0,279314
1,1,1,1,4,1033,1025,-35,1,-1,23,19,0,0,0,0,0,0,0,0,0,0,0,0,0,0,0,0,0,0,0,0,0,0,0,279324
1,1,1,1,3,1030,1019,-35,-2,-3,24,17,1,0,0,0,0,0,0,0,0,0,0,0,0,0,0,0,0,0,0,0,0,0,0,279334
1,1,1,1,2,1030,1017,-27,-6,-1,22,20,6,0,0,0,0,0,0,0,0,0,0,0,0,0,0,0,0,0,0,0,0,0,0,279344
1,1,1,1,-1,1031,1025,-19,-5,-2,20,22,4,0,0,0,0,0,0,0,0,0,0,0,0,0,0,0,0,0,0,0,0,0,0,279354
1,1,1,1,2,1031,1020,-10,-6,-4,22,17,6,0,0,0,0,0,0,0,0,0,0,0,0,0,0,0,0,0,0,0,0,0,0,279364
1,1,1,1,0,1033,1025,-1,-5,-1,20,18,3,0,0,0,0,0,0,0,0,0,0,0,0,0,0,0,0,0,0,0,0,0,0,279374
1,1,1,1,1,1033,1023,10,-3,0,22,19,8,0,0,0,0,0,0,0,0,0,0,0,0,0,0,0,0,0,0,0,0,0,0,279384
1,1,1,1,1,1030,1023,16,-4,-1,26,18,8,0,0,0,0,0,0,0,0,0,0,0,0,0,0,0,0,0,0,0,0,0,0,279394
1,1,1,1,4,1033,1014,22,-2,-1,22,22,10,0,0,0,0,0,0,0,0,0,0,0,0,0,0,0,0,0,0,0,0,0,0,279404
1,1,1,1,0,1030,1019,21,-2,-3,23,19,5,0,0,0,0,0,0,0,0,0,0,0,0,0,0,0,0,0,0,0,0,0,0,279414
1,1,1,1,2,1036,1017,16,-1,0,25,20,4,0,0,0,0,0,0,0,0,0,0,0,0,0,0,0,0,0,0,0,0,0,0,279424
1,1,1,1,1,1036,1015,12,-2,-1,23,19,7,0,0,0,0,0,0,0,0,0,0,0,0,0,0,0,0,0,0,0,0,0,0,279434
1,1,1,1,-2,1035,1015,8,-2,-2,23,19,9,0,0,0,0,0,0,0,0,0,0,0,0,0,0,0,0,0,0,0,0,0,0,279444
1,1,1,1,0,1037,1016,3,0,-2,22,20,6,0,0,0,0,0,0,0,0,0,0,0,0,0,0,0,0,0,0,0,0,0,0,279454
1,1,1,1,-1,1033,1016,0,-5,-2,22,20,7,0,0,0,0,0,0,0,0,0,0,0,0,0,0,0,0,0,0,0,0,0,0,279464
1,1,1,1,-1,1028,1017,-2,-5,-1,23,20,5,0,0,0,0,0,0,0,0,0,0,0,0,0,0,0,0,0,0,0,0,0,0,279474
1,1,1,1,-1,1033,1014,-3,-2,-2,23,20,5,0,0,0,0,0,0,0,0,0,0,0,0,0,0,0,0,0,0,0,0,0,0,279484
1,1,1,1,0,1035,1018,-6,-10,-4,23,20,1,0,0,0,0,0,0,0,0,0,0,0,0,0,0,0,0,0,0,0,0,0,0,279494
1,1,1,1,1,1035,1024,-3,-5,-2,23,20,3,0,0,0,0,0,0,0,0,0,0,0,0,0,0,0,0,0,0,0,0,0,0,279504
1,1,1,1,-1,1034,1019,-2,-5,-2,25,20,5,0,0,0,0,0,0,0,0,0,0,0,0,0,0,0,0,0,0,0,0,0,0,279514
1,1,1,1,1,1033,1016,-3,-2,-2,23,19,6,0,0,0,0,0,0,0,0,0,0,0,0,0,0,0,0,0,0,0,0,0,0,279524
1,1,1,1,2,1030,1017,3,-2,0,21,20,7,0,0,0,0,0,0,0,0,0,0,0,0,0,0,0,0,0,0,0,0,0,0,279534
1,1,1,1,-1,1034,1020,-1,-7,-2,24,19,6,0,0,0,0,0,0,0,0,0,0,0,0,0,0,0,0,0,0,0,0,0,0,279544
